timestamp,year,month,day,hour,province,location,lat,lon,aqi,pollution_level,pollution_class,temp,humidity,rain,wind_speed,wind_dir,pressure,cloud,pm2_5,pm10,co,no2,o3,so2
2026-01-14 20:00:00,2026,1,14,20,Thanh Hóa,Xã Tượng Lĩnh,19.5671309,105.7072205,140,Unhealthy for Sensitive Groups,2,19.1,93,0.0,6.0,81,1015.0,23,44.4,46.7,445.0,17.6,89.0,8.7
2026-01-14 21:00:00,2026,1,14,21,Thanh Hóa,Xã Tượng Lĩnh,19.5671309,105.7072205,140,Unhealthy for Sensitive Groups,2,18.7,93,0.0,4.4,69,1015.8,16,50.6,53.1,467.0,20.5,81.0,10.7
2026-01-14 22:00:00,2026,1,14,22,Thanh Hóa,Xã Tượng Lĩnh,19.5671309,105.7072205,141,Unhealthy for Sensitive Groups,2,18.6,92,0.0,2.3,23,1016.5,13,58.2,60.8,490.0,23.0,71.0,11.9
2026-01-14 23:00:00,2026,1,14,23,Thanh Hóa,Xã Tượng Lĩnh,19.5671309,105.7072205,142,Unhealthy for Sensitive Groups,2,17.8,94,0.0,3.5,336,1016.7,15,64.0,66.1,515.0,24.9,57.0,11.5
2026-01-15 00:00:00,2026,1,15,0,Thanh Hóa,Xã Tượng Lĩnh,19.5671309,105.7072205,143,Unhealthy for Sensitive Groups,2,17.2,96,0.0,4.0,321,1016.8,65,66.8,68.5,540.0,26.5,41.0,10.4
2026-01-15 01:00:00,2026,1,15,1,Thanh Hóa,Xã Tượng Lĩnh,19.5671309,105.7072205,145,Unhealthy for Sensitive Groups,2,17.3,97,0.0,4.6,321,1016.6,37,67.5,68.9,558.0,27.2,30.0,9.6
2026-01-15 02:00:00,2026,1,15,2,Thanh Hóa,Xã Tượng Lĩnh,19.5671309,105.7072205,145,Unhealthy for Sensitive Groups,2,17.5,98,0.0,5.9,315,1016.2,85,68.0,69.4,560.0,26.3,27.0,9.5
2026-01-15 03:00:00,2026,1,15,3,Thanh Hóa,Xã Tượng Lĩnh,19.5671309,105.7072205,146,Unhealthy for Sensitive Groups,2,17.5,98,0.0,5.5,319,1015.9,100,68.2,69.4,555.0,24.4,29.0,9.8
2026-01-15 04:00:00,2026,1,15,4,Thanh Hóa,Xã Tượng Lĩnh,19.5671309,105.7072205,146,Unhealthy for Sensitive Groups,2,17.4,99,0.0,6.8,320,1015.9,100,66.8,67.8,561.0,23.0,31.0,10.4
2026-01-15 05:00:00,2026,1,15,5,Thanh Hóa,Xã Tượng Lĩnh,19.5671309,105.7072205,146,Unhealthy for Sensitive Groups,2,17.6,98,0.0,7.7,321,1015.8,100,65.7,66.8,600.0,22.8,32.0,11.0
2026-01-15 06:00:00,2026,1,15,6,Thanh Hóa,Xã Tượng Lĩnh,19.5671309,105.7072205,146,Unhealthy for Sensitive Groups,2,17.8,97,0.0,7.0,325,1016.5,100,62.9,64.0,649.0,23.0,33.0,11.9
2026-01-15 07:00:00,2026,1,15,7,Thanh Hóa,Xã Tượng Lĩnh,19.5671309,105.7072205,145,Unhealthy for Sensitive Groups,2,17.5,98,0.0,6.2,334,1016.8,100,62.4,64.3,666.0,22.2,38.0,11.7
2026-01-15 08:00:00,2026,1,15,8,Thanh Hóa,Xã Tượng Lĩnh,19.5671309,105.7072205,142,Unhealthy for Sensitive Groups,2,18.6,93,0.0,6.6,343,1017.5,98,59.4,61.2,620.0,20.4,53.0,12.7
2026-01-15 09:00:00,2026,1,15,9,Thanh Hóa,Xã Tượng Lĩnh,19.5671309,105.7072205,139,Unhealthy for Sensitive Groups,2,20.2,88,0.0,7.3,9,1017.8,100,50.9,54.0,541.0,17.7,73.0,14.1
2026-01-15 10:00:00,2026,1,15,10,Thanh Hóa,Xã Tượng Lĩnh,19.5671309,105.7072205,137,Unhealthy for Sensitive Groups,2,21.6,82,0.0,5.2,31,1017.8,99,46.0,49.6,471.0,15.2,90.0,14.2
2026-01-15 11:00:00,2026,1,15,11,Thanh Hóa,Xã Tượng Lĩnh,19.5671309,105.7072205,137,Unhealthy for Sensitive Groups,2,22.6,76,0.2,4.0,82,1017.0,99,41.3,44.5,424.0,12.8,100.0,12.1
2026-01-15 12:00:00,2026,1,15,12,Thanh Hóa,Xã Tượng Lĩnh,19.5671309,105.7072205,137,Unhealthy for Sensitive Groups,2,23.2,74,0.1,7.1,106,1015.8,88,43.4,46.6,385.0,10.4,107.0,8.7
2026-01-15 13:00:00,2026,1,15,13,Thanh Hóa,Xã Tượng Lĩnh,19.5671309,105.7072205,138,Unhealthy for Sensitive Groups,2,22.6,76,0.3,9.0,113,1014.7,100,47.6,50.8,354.0,8.8,113.0,6.2
2026-01-15 14:00:00,2026,1,15,14,Thanh Hóa,Xã Tượng Lĩnh,19.5671309,105.7072205,139,Unhealthy for Sensitive Groups,2,22.5,79,0.1,9.3,114,1013.8,99,41.7,44.2,329.0,8.0,119.0,5.2
2026-01-15 15:00:00,2026,1,15,15,Thanh Hóa,Xã Tượng Lĩnh,19.5671309,105.7072205,140,Unhealthy for Sensitive Groups,2,22.4,78,0.0,11.2,106,1013.0,86,41.9,44.2,311.0,7.9,123.0,5.0
2026-01-15 16:00:00,2026,1,15,16,Thanh Hóa,Xã Tượng Lĩnh,19.5671309,105.7072205,141,Unhealthy for Sensitive Groups,2,21.7,83,0.0,11.9,100,1013.0,100,42.1,44.5,303.0,8.8,123.0,5.1
2026-01-15 17:00:00,2026,1,15,17,Thanh Hóa,Xã Tượng Lĩnh,19.5671309,105.7072205,143,Unhealthy for Sensitive Groups,2,20.9,88,0.0,13.3,91,1012.9,77,41.7,44.0,310.0,11.4,115.0,5.6
2026-01-15 18:00:00,2026,1,15,18,Thanh Hóa,Xã Tượng Lĩnh,19.5671309,105.7072205,144,Unhealthy for Sensitive Groups,2,19.9,95,0.0,11.2,93,1012.8,10,40.9,42.7,327.0,14.9,104.0,6.4
2026-01-15 19:00:00,2026,1,15,19,Thanh Hóa,Xã Tượng Lĩnh,19.5671309,105.7072205,145,Unhealthy for Sensitive Groups,2,19.8,97,0.0,9.2,94,1013.3,11,39.9,42.4,344.0,18.5,90.0,7.3
2026-01-15 20:00:00,2026,1,15,20,Thanh Hóa,Xã Tượng Lĩnh,19.5671309,105.7072205,145,Unhealthy for Sensitive Groups,2,19.6,97,0.0,7.3,97,1013.7,8,40.2,42.7,357.0,19.1,86.0,7.9
2026-01-15 21:00:00,2026,1,15,21,Thanh Hóa,Xã Tượng Lĩnh,19.5671309,105.7072205,144,Unhealthy for Sensitive Groups,2,19.2,97,0.0,5.0,128,1013.8,4,41.4,44.2,370.0,19.9,79.0,8.6
2026-01-15 22:00:00,2026,1,15,22,Thanh Hóa,Xã Tượng Lĩnh,19.5671309,105.7072205,143,Unhealthy for Sensitive Groups,2,18.9,97,0.0,4.0,150,1014.0,19,45.4,48.5,383.0,20.8,71.0,9.0
2026-01-15 23:00:00,2026,1,15,23,Thanh Hóa,Xã Tượng Lĩnh,19.5671309,105.7072205,142,Unhealthy for Sensitive Groups,2,18.8,97,0.0,3.2,196,1013.8,95,54.2,57.4,399.0,22.0,60.0,8.5
2026-01-16 00:00:00,2026,1,16,0,Thanh Hóa,Xã Tượng Lĩnh,19.5671309,105.7072205,141,Unhealthy for Sensitive Groups,2,18.7,97,0.0,3.8,229,1013.6,100,62.4,65.7,415.0,23.3,48.0,7.7
2026-01-16 01:00:00,2026,1,16,1,Thanh Hóa,Xã Tượng Lĩnh,19.5671309,105.7072205,141,Unhealthy for Sensitive Groups,2,18.9,98,0.0,5.1,253,1013.4,99,66.1,69.2,425.0,23.8,39.0,7.0
2026-01-16 02:00:00,2026,1,16,2,Thanh Hóa,Xã Tượng Lĩnh,19.5671309,105.7072205,140,Unhealthy for Sensitive Groups,2,18.9,99,0.0,4.7,270,1012.8,100,68.0,71.0,426.0,22.7,36.0,6.7
2026-01-16 03:00:00,2026,1,16,3,Thanh Hóa,Xã Tượng Lĩnh,19.5671309,105.7072205,140,Unhealthy for Sensitive Groups,2,19.0,100,0.0,4.3,255,1012.5,100,69.6,71.7,421.0,20.7,37.0,6.6
2026-01-16 04:00:00,2026,1,16,4,Thanh Hóa,Xã Tượng Lĩnh,19.5671309,105.7072205,141,Unhealthy for Sensitive Groups,2,19.0,100,0.0,3.8,245,1012.3,100,71.0,72.9,416.0,19.2,38.0,6.7
2026-01-16 05:00:00,2026,1,16,5,Thanh Hóa,Xã Tượng Lĩnh,19.5671309,105.7072205,141,Unhealthy for Sensitive Groups,2,19.2,99,0.0,3.7,256,1012.4,100,72.6,74.5,417.0,19.5,35.0,7.1
2026-01-16 06:00:00,2026,1,16,6,Thanh Hóa,Xã Tượng Lĩnh,19.5671309,105.7072205,142,Unhealthy for Sensitive Groups,2,19.1,99,0.0,3.6,267,1012.9,100,74.3,75.9,418.0,20.3,33.0,7.7
2026-01-16 07:00:00,2026,1,16,7,Thanh Hóa,Xã Tượng Lĩnh,19.5671309,105.7072205,143,Unhealthy for Sensitive Groups,2,19.3,98,0.0,4.5,196,1013.4,88,94.5,95.9,404.0,25.6,15.0,6.7
2026-01-16 08:00:00,2026,1,16,8,Thanh Hóa,Xã Tượng Lĩnh,19.5671309,105.7072205,146,Unhealthy for Sensitive Groups,2,20.5,92,0.0,9.0,202,1013.8,63,82.7,83.6,358.0,19.3,42.0,5.7
2026-01-16 09:00:00,2026,1,16,9,Thanh Hóa,Xã Tượng Lĩnh,19.5671309,105.7072205,149,Unhealthy for Sensitive Groups,2,22.0,81,0.0,11.2,195,1014.6,35,34.0,35.3,296.0,10.6,80.0,4.4
2026-01-16 10:00:00,2026,1,16,10,Thanh Hóa,Xã Tượng Lĩnh,19.5671309,105.7072205,147,Unhealthy for Sensitive Groups,2,23.6,70,0.0,11.3,187,1014.5,26,26.3,27.5,256.0,4.2,109.0,3.4
2026-01-16 11:00:00,2026,1,16,11,Thanh Hóa,Xã Tượng Lĩnh,19.5671309,105.7072205,145,Unhealthy for Sensitive Groups,2,24.8,62,0.0,11.6,172,1013.8,100,25.6,26.8,261.0,2.2,122.0,3.0
2026-01-16 12:00:00,2026,1,16,12,Thanh Hóa,Xã Tượng Lĩnh,19.5671309,105.7072205,143,Unhealthy for Sensitive Groups,2,25.4,62,0.0,12.3,153,1012.5,100,27.2,28.3,288.0,2.4,127.0,2.8
2026-01-16 13:00:00,2026,1,16,13,Thanh Hóa,Xã Tượng Lĩnh,19.5671309,105.7072205,142,Unhealthy for Sensitive Groups,2,24.8,66,0.0,14.1,140,1011.4,88,30.0,31.1,303.0,3.1,130.0,2.9
2026-01-16 14:00:00,2026,1,16,14,Thanh Hóa,Xã Tượng Lĩnh,19.5671309,105.7072205,140,Unhealthy for Sensitive Groups,2,24.3,68,0.0,19.1,131,1010.2,1,32.6,33.6,289.0,3.7,135.0,3.2
2026-01-16 15:00:00,2026,1,16,15,Thanh Hóa,Xã Tượng Lĩnh,19.5671309,105.7072205,139,Unhealthy for Sensitive Groups,2,23.2,73,0.0,20.1,126,1009.4,2,33.9,34.9,263.0,4.7,138.0,3.7
2026-01-16 16:00:00,2026,1,16,16,Thanh Hóa,Xã Tượng Lĩnh,19.5671309,105.7072205,138,Unhealthy for Sensitive Groups,2,22.8,75,0.0,18.1,134,1009.3,1,32.1,33.3,250.0,6.3,135.0,4.1
2026-01-16 17:00:00,2026,1,16,17,Thanh Hóa,Xã Tượng Lĩnh,19.5671309,105.7072205,137,Unhealthy for Sensitive Groups,2,21.6,82,0.0,17.3,134,1009.5,1,28.3,29.6,257.0,8.7,122.0,4.3
2026-01-16 18:00:00,2026,1,16,18,Thanh Hóa,Xã Tượng Lĩnh,19.5671309,105.7072205,136,Unhealthy for Sensitive Groups,2,20.5,90,0.0,12.6,137,1010.0,3,26.5,27.8,275.0,11.8,102.0,4.6
2026-01-16 19:00:00,2026,1,16,19,Thanh Hóa,Xã Tượng Lĩnh,19.5671309,105.7072205,134,Unhealthy for Sensitive Groups,2,20.2,93,0.0,10.4,136,1010.8,6,18.6,20.1,307.0,12.7,91.0,4.7
2026-01-16 20:00:00,2026,1,16,20,Thanh Hóa,Xã Tượng Lĩnh,19.5671309,105.7072205,132,Unhealthy for Sensitive Groups,2,20.3,93,0.0,8.4,138,1011.5,9,18.5,20.4,362.0,14.3,87.0,5.9
2026-01-16 21:00:00,2026,1,16,21,Thanh Hóa,Xã Tượng Lĩnh,19.5671309,105.7072205,130,Unhealthy for Sensitive Groups,2,20.0,95,0.0,5.8,150,1011.9,6,21.5,25.1,430.0,16.6,80.0,7.5
2026-01-16 22:00:00,2026,1,16,22,Thanh Hóa,Xã Tượng Lĩnh,19.5671309,105.7072205,127,Unhealthy for Sensitive Groups,2,19.6,94,0.0,1.5,194,1012.0,6,28.8,32.9,481.0,18.9,71.0,8.4
2026-01-16 23:00:00,2026,1,16,23,Thanh Hóa,Xã Tượng Lĩnh,19.5671309,105.7072205,126,Unhealthy for Sensitive Groups,2,19.1,95,0.0,1.7,252,1011.9,9,41.8,44.9,500.0,21.6,56.0,8.0
2026-01-17 00:00:00,2026,1,17,0,Thanh Hóa,Xã Tượng Lĩnh,19.5671309,105.7072205,124,Unhealthy for Sensitive Groups,2,18.5,97,0.0,2.0,280,1011.8,5,51.6,54.2,502.0,24.4,37.0,7.0
2026-01-17 01:00:00,2026,1,17,1,Thanh Hóa,Xã Tượng Lĩnh,19.5671309,105.7072205,123,Unhealthy for Sensitive Groups,2,18.1,98,0.0,1.8,294,1011.8,25,60.8,62.4,502.0,25.8,25.0,6.1
2026-01-17 02:00:00,2026,1,17,2,Thanh Hóa,Xã Tượng Lĩnh,19.5671309,105.7072205,123,Unhealthy for Sensitive Groups,2,18.0,99,0.0,1.7,311,1011.3,77,65.9,67.5,497.0,24.7,24.0,5.6
2026-01-17 03:00:00,2026,1,17,3,Thanh Hóa,Xã Tượng Lĩnh,19.5671309,105.7072205,123,Unhealthy for Sensitive Groups,2,18.4,98,0.0,2.4,312,1011.1,99,67.1,68.7,490.0,22.2,29.0,5.4
2026-01-17 04:00:00,2026,1,17,4,Thanh Hóa,Xã Tượng Lĩnh,19.5671309,105.7072205,122,Unhealthy for Sensitive Groups,2,18.6,98,0.0,1.7,311,1011.0,100,64.5,66.1,501.0,20.2,34.0,5.5
2026-01-17 05:00:00,2026,1,17,5,Thanh Hóa,Xã Tượng Lĩnh,19.5671309,105.7072205,122,Unhealthy for Sensitive Groups,2,18.9,98,0.0,1.4,310,1011.1,100,55.1,56.7,555.0,19.4,36.0,6.2
2026-01-17 06:00:00,2026,1,17,6,Thanh Hóa,Xã Tượng Lĩnh,19.5671309,105.7072205,120,Unhealthy for Sensitive Groups,2,19.2,97,0.0,4.1,315,1011.5,100,47.0,48.4,627.0,19.1,37.0,7.3
2026-01-17 07:00:00,2026,1,17,7,Thanh Hóa,Xã Tượng Lĩnh,19.5671309,105.7072205,117,Unhealthy for Sensitive Groups,2,19.5,97,0.0,1.3,286,1011.6,100,65.0,66.6,661.0,23.6,29.0,6.7
2026-01-17 08:00:00,2026,1,17,8,Thanh Hóa,Xã Tượng Lĩnh,19.5671309,105.7072205,114,Unhealthy for Sensitive Groups,2,20.3,94,0.0,2.6,295,1012.8,100,54.1,55.8,627.0,21.9,37.0,8.8
2026-01-17 09:00:00,2026,1,17,9,Thanh Hóa,Xã Tượng Lĩnh,19.5671309,105.7072205,111,Unhealthy for Sensitive Groups,2,21.2,91,0.0,4.5,313,1013.7,100,42.7,44.6,555.0,19.5,48.0,11.6
2026-01-17 10:00:00,2026,1,17,10,Thanh Hóa,Xã Tượng Lĩnh,19.5671309,105.7072205,112,Unhealthy for Sensitive Groups,2,22.0,89,0.6,4.1,299,1013.6,100,37.0,39.2,482.0,17.1,59.0,12.9
2026-01-17 11:00:00,2026,1,17,11,Thanh Hóa,Xã Tượng Lĩnh,19.5671309,105.7072205,113,Unhealthy for Sensitive Groups,2,23.0,86,0.2,2.7,312,1013.3,95,32.2,34.7,416.0,14.6,71.0,11.4
2026-01-17 12:00:00,2026,1,17,12,Thanh Hóa,Xã Tượng Lĩnh,19.5671309,105.7072205,114,Unhealthy for Sensitive Groups,2,23.9,80,0.1,5.6,105,1011.9,73,30.2,32.5,349.0,12.0,83.0,8.4
2026-01-17 13:00:00,2026,1,17,13,Thanh Hóa,Xã Tượng Lĩnh,19.5671309,105.7072205,114,Unhealthy for Sensitive Groups,2,23.9,76,0.0,11.5,110,1011.0,41,31.0,33.3,296.0,10.1,93.0,5.9
2026-01-17 14:00:00,2026,1,17,14,Thanh Hóa,Xã Tượng Lĩnh,19.5671309,105.7072205,114,Unhealthy for Sensitive Groups,2,23.1,79,0.0,12.6,109,1010.1,59,27.2,29.3,261.0,8.8,99.0,4.5
2026-01-17 15:00:00,2026,1,17,15,Thanh Hóa,Xã Tượng Lĩnh,19.5671309,105.7072205,113,Unhealthy for Sensitive Groups,2,22.6,81,0.0,13.4,107,1009.3,44,26.3,28.6,240.0,8.2,103.0,3.6
2026-01-17 16:00:00,2026,1,17,16,Thanh Hóa,Xã Tượng Lĩnh,19.5671309,105.7072205,113,Unhealthy for Sensitive Groups,2,22.4,82,0.0,13.4,114,1009.3,45,24.7,27.5,231.0,8.8,103.0,3.3
2026-01-17 17:00:00,2026,1,17,17,Thanh Hóa,Xã Tượng Lĩnh,19.5671309,105.7072205,112,Unhealthy for Sensitive Groups,2,21.6,87,0.0,10.8,111,1009.4,22,22.3,25.1,242.0,11.4,96.0,3.8
2026-01-17 18:00:00,2026,1,17,18,Thanh Hóa,Xã Tượng Lĩnh,19.5671309,105.7072205,111,Unhealthy for Sensitive Groups,2,20.6,94,0.0,7.5,107,1010.3,14,22.7,25.1,266.0,15.2,85.0,4.8
2026-01-17 19:00:00,2026,1,17,19,Thanh Hóa,Xã Tượng Lĩnh,19.5671309,105.7072205,111,Unhealthy for Sensitive Groups,2,20.5,97,0.0,9.4,85,1010.6,30,17.7,20.8,283.0,18.3,69.0,6.0
2026-01-17 20:00:00,2026,1,17,20,Thanh Hóa,Xã Tượng Lĩnh,19.5671309,105.7072205,111,Unhealthy for Sensitive Groups,2,20.5,96,0.0,8.8,86,1011.0,39,19.2,22.9,282.0,17.8,68.0,6.2
2026-01-17 21:00:00,2026,1,17,21,Thanh Hóa,Xã Tượng Lĩnh,19.5671309,105.7072205,111,Unhealthy for Sensitive Groups,2,20.8,95,0.0,8.0,100,1011.4,100,21.4,25.7,274.0,17.2,66.0,6.4
2026-01-17 22:00:00,2026,1,17,22,Thanh Hóa,Xã Tượng Lĩnh,19.5671309,105.7072205,111,Unhealthy for Sensitive Groups,2,20.9,95,0.0,7.2,109,1011.4,100,22.8,27.5,272.0,16.6,65.0,6.5
2026-01-17 23:00:00,2026,1,17,23,Thanh Hóa,Xã Tượng Lĩnh,19.5671309,105.7072205,110,Unhealthy for Sensitive Groups,2,20.8,96,0.0,5.7,131,1011.4,100,22.4,27.4,283.0,16.1,64.0,6.3
2026-01-18 00:00:00,2026,1,18,0,Thanh Hóa,Xã Tượng Lĩnh,19.5671309,105.7072205,108,Unhealthy for Sensitive Groups,2,20.5,97,0.1,4.0,159,1011.2,100,23.1,28.3,300.0,15.6,63.0,6.1
2026-01-18 01:00:00,2026,1,18,1,Thanh Hóa,Xã Tượng Lĩnh,19.5671309,105.7072205,105,Unhealthy for Sensitive Groups,2,19.6,96,0.0,3.4,186,1010.9,57,24.6,30.0,318.0,15.6,61.0,5.9
2026-01-18 02:00:00,2026,1,18,2,Thanh Hóa,Xã Tượng Lĩnh,19.5671309,105.7072205,101,Unhealthy for Sensitive Groups,2,19.5,97,0.0,3.2,196,1010.5,96,26.9,32.6,334.0,16.4,58.0,5.9
2026-01-18 03:00:00,2026,1,18,3,Thanh Hóa,Xã Tượng Lĩnh,19.5671309,105.7072205,98,Moderate,1,19.6,97,0.0,2.2,222,1010.3,98,28.3,34.0,350.0,17.7,54.0,6.1
2026-01-18 04:00:00,2026,1,18,4,Thanh Hóa,Xã Tượng Lĩnh,19.5671309,105.7072205,94,Moderate,1,19.6,98,0.0,1.6,243,1010.1,97,29.9,35.7,368.0,19.0,51.0,6.5
2026-01-18 05:00:00,2026,1,18,5,Thanh Hóa,Xã Tượng Lĩnh,19.5671309,105.7072205,91,Moderate,1,19.3,98,0.0,2.9,223,1010.2,77,32.9,39.0,398.0,20.9,46.0,7.5
2026-01-18 06:00:00,2026,1,18,6,Thanh Hóa,Xã Tượng Lĩnh,19.5671309,105.7072205,89,Moderate,1,19.1,99,0.0,3.0,256,1011.0,78,36.6,43.1,431.0,22.9,40.0,8.8
2026-01-18 07:00:00,2026,1,18,7,Thanh Hóa,Xã Tượng Lĩnh,19.5671309,105.7072205,88,Moderate,1,19.5,96,0.0,3.7,223,1011.5,67,45.5,49.4,437.0,21.6,40.0,7.1
2026-01-18 08:00:00,2026,1,18,8,Thanh Hóa,Xã Tượng Lĩnh,19.5671309,105.7072205,87,Moderate,1,20.8,97,0.0,2.2,228,1012.2,14,26.8,29.9,394.0,17.5,52.0,6.3
2026-01-18 09:00:00,2026,1,18,9,Thanh Hóa,Xã Tượng Lĩnh,19.5671309,105.7072205,84,Moderate,1,22.5,84,0.1,5.8,180,1012.8,37,21.4,23.3,325.0,11.9,69.0,5.2
2026-01-18 10:00:00,2026,1,18,10,Thanh Hóa,Xã Tượng Lĩnh,19.5671309,105.7072205,82,Moderate,1,23.8,75,0.2,7.6,161,1013.0,32,19.2,20.6,273.0,7.5,84.0,4.2
2026-01-18 11:00:00,2026,1,18,11,Thanh Hóa,Xã Tượng Lĩnh,19.5671309,105.7072205,81,Moderate,1,24.5,71,0.2,9.3,130,1012.5,39,19.1,20.4,260.0,5.7,95.0,3.6
2026-01-18 12:00:00,2026,1,18,12,Thanh Hóa,Xã Tượng Lĩnh,19.5671309,105.7072205,80,Moderate,1,24.1,77,0.0,12.9,127,1011.5,29,17.4,18.5,264.0,5.2,104.0,3.1
2026-01-18 13:00:00,2026,1,18,13,Thanh Hóa,Xã Tượng Lĩnh,19.5671309,105.7072205,78,Moderate,1,23.5,80,0.1,14.8,123,1010.5,32,18.1,19.2,265.0,5.0,110.0,2.8
2026-01-18 14:00:00,2026,1,18,14,Thanh Hóa,Xã Tượng Lĩnh,19.5671309,105.7072205,77,Moderate,1,23.5,78,0.0,16.2,128,1009.6,52,18.1,19.4,251.0,4.7,112.0,2.8
2026-01-18 15:00:00,2026,1,18,15,Thanh Hóa,Xã Tượng Lĩnh,19.5671309,105.7072205,77,Moderate,1,23.4,79,0.0,16.7,125,1009.1,20,17.5,19.0,234.0,4.6,111.0,3.0
2026-01-18 16:00:00,2026,1,18,16,Thanh Hóa,Xã Tượng Lĩnh,19.5671309,105.7072205,76,Moderate,1,22.7,81,0.0,15.9,124,1008.9,24,15.7,17.2,225.0,5.4,107.0,3.3
2026-01-18 17:00:00,2026,1,18,17,Thanh Hóa,Xã Tượng Lĩnh,19.5671309,105.7072205,75,Moderate,1,21.9,83,0.0,14.4,128,1009.2,2,14.7,16.2,231.0,7.5,100.0,3.7
2026-01-18 18:00:00,2026,1,18,18,Thanh Hóa,Xã Tượng Lĩnh,19.5671309,105.7072205,74,Moderate,1,20.9,89,0.0,10.7,134,1009.6,12,15.9,17.4,247.0,10.5,90.0,4.2
2026-01-18 19:00:00,2026,1,18,19,Thanh Hóa,Xã Tượng Lĩnh,19.5671309,105.7072205,74,Moderate,1,21.0,91,0.0,9.7,149,1010.2,45,23.1,25.3,266.0,12.5,81.0,4.7
2026-01-18 20:00:00,2026,1,18,20,Thanh Hóa,Xã Tượng Lĩnh,19.5671309,105.7072205,74,Moderate,1,20.9,91,0.0,10.9,153,1010.8,54,24.6,26.9,291.0,13.2,78.0,5.3
2026-01-18 21:00:00,2026,1,18,21,Thanh Hóa,Xã Tượng Lĩnh,19.5671309,105.7072205,75,Moderate,1,20.6,91,0.0,11.0,165,1011.0,55,27.2,29.9,319.0,14.2,73.0,6.2
2026-01-18 22:00:00,2026,1,18,22,Thanh Hóa,Xã Tượng Lĩnh,19.5671309,105.7072205,75,Moderate,1,20.1,93,0.0,6.7,182,1011.6,63,30.3,33.5,343.0,15.1,67.0,6.7
2026-01-18 23:00:00,2026,1,18,23,Thanh Hóa,Xã Tượng Lĩnh,19.5671309,105.7072205,76,Moderate,1,19.3,94,0.0,4.6,216,1011.6,67,33.3,37.0,358.0,16.0,61.0,6.5
2026-01-19 00:00:00,2026,1,19,0,Thanh Hóa,Xã Tượng Lĩnh,19.5671309,105.7072205,77,Moderate,1,18.8,95,0.0,3.6,237,1011.4,66,37.3,40.9,367.0,16.8,54.0,5.9
2026-01-19 01:00:00,2026,1,19,1,Thanh Hóa,Xã Tượng Lĩnh,19.5671309,105.7072205,78,Moderate,1,18.5,96,0.0,4.3,237,1011.0,67,41.1,44.6,376.0,17.5,47.0,5.3
2026-01-19 02:00:00,2026,1,19,2,Thanh Hóa,Xã Tượng Lĩnh,19.5671309,105.7072205,80,Moderate,1,18.2,97,0.0,4.0,238,1010.3,64,43.9,47.4,383.0,17.9,40.0,4.8
2026-01-19 03:00:00,2026,1,19,3,Thanh Hóa,Xã Tượng Lĩnh,19.5671309,105.7072205,81,Moderate,1,17.9,97,0.0,4.1,241,1010.2,63,47.0,50.5,388.0,18.1,34.0,4.3
2026-01-19 04:00:00,2026,1,19,4,Thanh Hóa,Xã Tượng Lĩnh,19.5671309,105.7072205,83,Moderate,1,17.6,98,0.0,3.5,235,1010.0,6,51.7,54.2,398.0,18.6,28.0,3.9
2026-01-19 05:00:00,2026,1,19,5,Thanh Hóa,Xã Tượng Lĩnh,19.5671309,105.7072205,85,Moderate,1,17.4,98,0.0,3.2,232,1010.1,2,57.7,60.1,422.0,20.0,19.0,3.5
2026-01-19 06:00:00,2026,1,19,6,Thanh Hóa,Xã Tượng Lĩnh,19.5671309,105.7072205,87,Moderate,1,17.2,97,0.0,2.7,217,1010.9,1,64.3,66.6,450.0,21.7,11.0,3.2
2026-01-19 07:00:00,2026,1,19,7,Thanh Hóa,Xã Tượng Lĩnh,19.5671309,105.7072205,89,Moderate,1,17.2,99,0.0,3.2,207,1012.2,95,63.8,66.1,455.0,21.1,19.0,5.1
2026-01-19 08:00:00,2026,1,19,8,Thanh Hóa,Xã Tượng Lĩnh,19.5671309,105.7072205,91,Moderate,1,19.1,96,0.0,4.4,215,1013.2,9,44.2,46.2,415.0,17.0,41.0,4.4
2026-01-19 09:00:00,2026,1,19,9,Thanh Hóa,Xã Tượng Lĩnh,19.5671309,105.7072205,92,Moderate,1,21.9,83,0.0,4.9,178,1013.6,41,34.0,36.3,353.0,11.3,71.0,3.4
2026-01-19 10:00:00,2026,1,19,10,Thanh Hóa,Xã Tượng Lĩnh,19.5671309,105.7072205,94,Moderate,1,23.8,71,0.0,13.0,161,1013.9,71,31.4,33.8,303.0,6.9,95.0,2.7
2026-01-19 11:00:00,2026,1,19,11,Thanh Hóa,Xã Tượng Lĩnh,19.5671309,105.7072205,95,Moderate,1,24.5,67,0.0,13.8,154,1013.3,47,26.5,28.4,282.0,4.9,108.0,2.5
2026-01-19 12:00:00,2026,1,19,12,Thanh Hóa,Xã Tượng Lĩnh,19.5671309,105.7072205,95,Moderate,1,25.0,64,0.0,15.7,152,1012.4,56,25.1,26.9,275.0,4.2,114.0,2.7
2026-01-19 13:00:00,2026,1,19,13,Thanh Hóa,Xã Tượng Lĩnh,19.5671309,105.7072205,96,Moderate,1,24.6,64,0.0,15.9,149,1011.6,56,25.2,26.8,270.0,3.8,119.0,2.8
2026-01-19 14:00:00,2026,1,19,14,Thanh Hóa,Xã Tượng Lĩnh,19.5671309,105.7072205,97,Moderate,1,24.8,63,0.0,15.6,150,1010.9,59,25.1,26.8,263.0,3.3,123.0,2.7
2026-01-19 15:00:00,2026,1,19,15,Thanh Hóa,Xã Tượng Lĩnh,19.5671309,105.7072205,97,Moderate,1,24.0,68,0.0,13.9,142,1010.2,3,24.9,26.5,260.0,3.1,125.0,2.7
2026-01-19 16:00:00,2026,1,19,16,Thanh Hóa,Xã Tượng Lĩnh,19.5671309,105.7072205,98,Moderate,1,23.4,74,0.0,13.5,126,1010.0,2,25.3,27.1,264.0,3.9,123.0,2.9
2026-01-19 17:00:00,2026,1,19,17,Thanh Hóa,Xã Tượng Lĩnh,19.5671309,105.7072205,99,Moderate,1,22.1,83,0.0,11.3,123,1010.3,1,25.3,27.1,281.0,6.5,116.0,3.6
2026-01-19 18:00:00,2026,1,19,18,Thanh Hóa,Xã Tượng Lĩnh,19.5671309,105.7072205,100,Moderate,1,20.5,93,0.0,6.1,122,1010.8,2,26.8,28.6,307.0,10.0,107.0,4.5
2026-01-19 19:00:00,2026,1,19,19,Thanh Hóa,Xã Tượng Lĩnh,19.5671309,105.7072205,101,Unhealthy for Sensitive Groups,2,21.1,94,0.0,9.8,126,1011.2,2,29.7,32.1,328.0,13.7,89.0,5.3
2026-01-19 20:00:00,2026,1,19,20,Thanh Hóa,Xã Tượng Lĩnh,19.5671309,105.7072205,101,Unhealthy for Sensitive Groups,2,21.0,94,0.0,9.6,137,1011.6,0,28.9,32.2,342.0,14.5,83.0,5.9
2026-01-19 21:00:00,2026,1,19,21,Thanh Hóa,Xã Tượng Lĩnh,19.5671309,105.7072205,102,Unhealthy for Sensitive Groups,2,20.9,94,0.0,9.4,160,1012.0,1,29.3,33.9,353.0,15.6,75.0,6.8
2026-01-19 22:00:00,2026,1,19,22,Thanh Hóa,Xã Tượng Lĩnh,19.5671309,105.7072205,102,Unhealthy for Sensitive Groups,2,20.6,94,0.0,7.8,172,1012.5,11,32.1,37.0,358.0,16.7,66.0,7.2
2026-01-19 23:00:00,2026,1,19,23,Thanh Hóa,Xã Tượng Lĩnh,19.5671309,105.7072205,102,Unhealthy for Sensitive Groups,2,20.2,95,0.0,6.5,188,1012.4,38,36.6,41.6,354.0,17.8,57.0,6.7
2026-01-20 00:00:00,2026,1,20,0,Thanh Hóa,Xã Tượng Lĩnh,19.5671309,105.7072205,103,Unhealthy for Sensitive Groups,2,19.6,95,0.0,5.5,203,1012.3,38,42.1,45.9,345.0,18.8,47.0,5.8
2026-01-20 01:00:00,2026,1,20,1,Thanh Hóa,Xã Tượng Lĩnh,19.5671309,105.7072205,103,Unhealthy for Sensitive Groups,2,19.8,97,0.0,5.0,206,1012.0,13,45.9,49.5,339.0,19.7,39.0,5.1
2026-01-20 02:00:00,2026,1,20,2,Thanh Hóa,Xã Tượng Lĩnh,19.5671309,105.7072205,104,Unhealthy for Sensitive Groups,2,19.0,98,0.0,3.1,234,1011.3,34,47.8,51.3,337.0,20.1,34.0,4.8
2026-01-20 03:00:00,2026,1,20,3,Thanh Hóa,Xã Tượng Lĩnh,19.5671309,105.7072205,104,Unhealthy for Sensitive Groups,2,18.7,99,0.0,2.8,255,1011.3,98,48.8,52.2,338.0,20.2,31.0,4.7
2026-01-20 04:00:00,2026,1,20,4,Thanh Hóa,Xã Tượng Lĩnh,19.5671309,105.7072205,104,Unhealthy for Sensitive Groups,2,18.9,99,0.0,3.5,255,1011.4,100,48.7,51.9,346.0,20.7,28.0,5.0
2026-01-20 05:00:00,2026,1,20,5,Thanh Hóa,Xã Tượng Lĩnh,19.5671309,105.7072205,104,Unhealthy for Sensitive Groups,2,19.0,99,0.0,4.2,265,1011.7,100,49.7,53.0,374.0,22.8,22.0,6.2
2026-01-20 06:00:00,2026,1,20,6,Thanh Hóa,Xã Tượng Lĩnh,19.5671309,105.7072205,103,Unhealthy for Sensitive Groups,2,19.0,99,0.0,4.5,263,1012.3,100,51.6,54.9,408.0,25.2,16.0,7.7
2026-01-20 07:00:00,2026,1,20,7,Thanh Hóa,Xã Tượng Lĩnh,19.5671309,105.7072205,102,Unhealthy for Sensitive Groups,2,19.0,98,0.0,1.8,246,1013.6,100,56.5,59.4,420.0,23.7,20.0,7.7
2026-01-20 08:00:00,2026,1,20,8,Thanh Hóa,Xã Tượng Lĩnh,19.5671309,105.7072205,101,Unhealthy for Sensitive Groups,2,19.9,98,0.0,2.1,285,1014.5,100,44.6,47.4,386.0,18.8,39.0,6.4
2026-01-20 09:00:00,2026,1,20,9,Thanh Hóa,Xã Tượng Lĩnh,19.5671309,105.7072205,101,Unhealthy for Sensitive Groups,2,21.2,92,0.0,2.5,291,1015.4,100,24.1,27.2,329.0,11.9,65.0,4.7
2026-01-20 10:00:00,2026,1,20,10,Thanh Hóa,Xã Tượng Lĩnh,19.5671309,105.7072205,100,Moderate,1,22.5,85,0.2,3.8,131,1015.8,45,19.2,21.8,283.0,6.7,86.0,3.4
2026-01-20 11:00:00,2026,1,20,11,Thanh Hóa,Xã Tượng Lĩnh,19.5671309,105.7072205,99,Moderate,1,23.6,82,0.0,9.3,119,1015.7,48,17.6,20.0,262.0,4.7,96.0,3.0
2026-01-20 12:00:00,2026,1,20,12,Thanh Hóa,Xã Tượng Lĩnh,19.5671309,105.7072205,98,Moderate,1,23.6,81,0.0,12.5,122,1014.9,63,17.9,20.3,253.0,4.3,100.0,3.0
2026-01-20 13:00:00,2026,1,20,13,Thanh Hóa,Xã Tượng Lĩnh,19.5671309,105.7072205,97,Moderate,1,23.8,80,0.0,14.2,123,1014.2,50,18.3,20.8,247.0,4.3,103.0,3.0
2026-01-20 14:00:00,2026,1,20,14,Thanh Hóa,Xã Tượng Lĩnh,19.5671309,105.7072205,97,Moderate,1,23.7,80,0.0,17.0,126,1013.3,47,23.0,25.7,243.0,4.0,105.0,2.8
2026-01-20 15:00:00,2026,1,20,15,Thanh Hóa,Xã Tượng Lĩnh,19.5671309,105.7072205,97,Moderate,1,23.1,81,0.0,17.1,132,1012.8,53,20.4,22.9,244.0,4.0,105.0,2.6
2026-01-20 16:00:00,2026,1,20,16,Thanh Hóa,Xã Tượng Lĩnh,19.5671309,105.7072205,96,Moderate,1,23.0,81,0.0,17.4,133,1013.0,55,19.0,21.5,247.0,4.8,102.0,2.6
2026-01-20 17:00:00,2026,1,20,17,Thanh Hóa,Xã Tượng Lĩnh,19.5671309,105.7072205,96,Moderate,1,22.1,84,0.0,14.3,129,1013.2,42,18.6,22.0,251.0,6.9,94.0,3.0
2026-01-20 18:00:00,2026,1,20,18,Thanh Hóa,Xã Tượng Lĩnh,19.5671309,105.7072205,95,Moderate,1,21.4,89,0.0,11.4,121,1013.5,13,18.4,21.7,257.0,9.8,83.0,3.5
2026-01-20 19:00:00,2026,1,20,19,Thanh Hóa,Xã Tượng Lĩnh,19.5671309,105.7072205,94,Moderate,1,21.2,91,0.0,9.1,126,1013.9,20,17.9,21.9,273.0,11.5,69.0,4.0
2026-01-20 20:00:00,2026,1,20,20,Thanh Hóa,Xã Tượng Lĩnh,19.5671309,105.7072205,93,Moderate,1,21.2,92,0.0,9.5,117,1014.6,12,19.3,23.5,310.0,12.8,68.0,4.9
2026-01-20 21:00:00,2026,1,20,21,Thanh Hóa,Xã Tượng Lĩnh,19.5671309,105.7072205,92,Moderate,1,21.0,93,0.0,6.4,130,1015.0,10,22.4,27.3,357.0,14.5,66.0,6.1
2026-01-20 22:00:00,2026,1,20,22,Thanh Hóa,Xã Tượng Lĩnh,19.5671309,105.7072205,92,Moderate,1,20.3,94,0.0,3.1,144,1015.4,14,26.4,32.0,386.0,15.4,65.0,6.9
2026-01-20 23:00:00,2026,1,20,23,Thanh Hóa,Xã Tượng Lĩnh,19.5671309,105.7072205,91,Moderate,1,20.1,94,0.1,1.3,124,1015.5,27,28.5,34.5,382.0,14.9,66.0,7.0
2026-01-21 00:00:00,2026,1,21,0,Thanh Hóa,Xã Tượng Lĩnh,19.5671309,105.7072205,91,Moderate,1,19.6,95,0.2,1.2,39,1015.7,75,27.5,33.8,361.0,13.6,69.0,6.8
2026-01-21 01:00:00,2026,1,21,1,Thanh Hóa,Xã Tượng Lĩnh,19.5671309,105.7072205,89,Moderate,1,20.0,94,0.3,5.0,142,1015.5,23,27.9,33.9,337.0,12.5,71.0,6.6
2026-01-21 02:00:00,2026,1,21,2,Thanh Hóa,Xã Tượng Lĩnh,19.5671309,105.7072205,88,Moderate,1,19.5,95,0.0,4.4,145,1014.9,18,27.7,33.3,305.0,11.9,73.0,6.6
2026-01-21 03:00:00,2026,1,21,3,Thanh Hóa,Xã Tượng Lĩnh,19.5671309,105.7072205,86,Moderate,1,19.1,95,0.0,4.5,124,1014.8,19,24.9,29.4,271.0,11.4,74.0,6.8
2026-01-21 04:00:00,2026,1,21,4,Thanh Hóa,Xã Tượng Lĩnh,19.5671309,105.7072205,84,Moderate,1,19.0,95,0.0,3.8,98,1015.0,27,22.5,26.2,271.0,11.3,73.0,7.2
2026-01-21 05:00:00,2026,1,21,5,Thanh Hóa,Xã Tượng Lĩnh,19.5671309,105.7072205,82,Moderate,1,19.2,95,0.3,5.0,75,1015.2,58,23.3,25.1,338.0,11.6,66.0,8.0
2026-01-21 06:00:00,2026,1,21,6,Thanh Hóa,Xã Tượng Lĩnh,19.5671309,105.7072205,79,Moderate,1,19.2,94,0.2,6.4,54,1016.2,98,25.0,26.7,439.0,12.1,56.0,9.0
2026-01-21 07:00:00,2026,1,21,7,Thanh Hóa,Xã Tượng Lĩnh,19.5671309,105.7072205,77,Moderate,1,19.7,94,0.8,12.5,74,1016.9,100,24.3,26.2,506.0,11.7,66.0,6.3
2026-01-21 08:00:00,2026,1,21,8,Thanh Hóa,Xã Tượng Lĩnh,19.5671309,105.7072205,74,Moderate,1,20.4,88,0.1,14.2,88,1017.8,78,22.7,24.3,500.0,11.2,63.0,7.1
2026-01-21 09:00:00,2026,1,21,9,Thanh Hóa,Xã Tượng Lĩnh,19.5671309,105.7072205,72,Moderate,1,21.0,81,0.1,13.3,103,1019.2,76,25.1,26.8,461.0,10.5,59.0,8.2
2026-01-21 10:00:00,2026,1,21,10,Thanh Hóa,Xã Tượng Lĩnh,19.5671309,105.7072205,72,Moderate,1,20.5,89,1.5,15.3,74,1019.6,100,26.3,28.6,440.0,10.2,57.0,9.2
2026-01-21 11:00:00,2026,1,21,11,Thanh Hóa,Xã Tượng Lĩnh,19.5671309,105.7072205,73,Moderate,1,19.9,96,3.9,17.0,63,1019.5,100,29.0,31.9,464.0,10.4,57.0,9.8
2026-01-21 12:00:00,2026,1,21,12,Thanh Hóa,Xã Tượng Lĩnh,19.5671309,105.7072205,74,Moderate,1,20.1,95,2.2,22.8,69,1018.3,100,30.0,32.4,507.0,10.9,58.0,10.4
2026-01-21 13:00:00,2026,1,21,13,Thanh Hóa,Xã Tượng Lĩnh,19.5671309,105.7072205,75,Moderate,1,20.0,90,0.5,26.2,74,1017.3,100,31.8,33.8,541.0,11.8,60.0,11.6
2026-01-21 14:00:00,2026,1,21,14,Thanh Hóa,Xã Tượng Lĩnh,19.5671309,105.7072205,76,Moderate,1,20.5,86,0.4,28.4,77,1016.7,100,32.0,33.5,552.0,13.0,65.0,13.7
2026-01-21 15:00:00,2026,1,21,15,Thanh Hóa,Xã Tượng Lĩnh,19.5671309,105.7072205,77,Moderate,1,20.0,86,0.3,26.7,72,1016.4,100,35.2,36.3,554.0,14.6,70.0,16.4
2026-01-21 16:00:00,2026,1,21,16,Thanh Hóa,Xã Tượng Lĩnh,19.5671309,105.7072205,78,Moderate,1,19.6,87,0.4,23.8,62,1016.9,100,36.9,38.0,558.0,17.2,72.0,19.9
2026-01-21 17:00:00,2026,1,21,17,Thanh Hóa,Xã Tượng Lĩnh,19.5671309,105.7072205,80,Moderate,1,19.2,86,0.1,23.2,54,1017.2,100,37.7,38.5,567.0,21.6,67.0,24.6
2026-01-21 18:00:00,2026,1,21,18,Thanh Hóa,Xã Tượng Lĩnh,19.5671309,105.7072205,81,Moderate,1,18.6,88,0.3,21.4,43,1017.6,100,39.6,40.2,577.0,27.0,58.0,30.1
2026-01-21 19:00:00,2026,1,21,19,Thanh Hóa,Xã Tượng Lĩnh,19.5671309,105.7072205,83,Moderate,1,19.0,85,1.0,21.4,52,1017.8,100,33.1,33.3,592.0,41.3,15.0,40.0
2026-01-21 20:00:00,2026,1,21,20,Thanh Hóa,Xã Tượng Lĩnh,19.5671309,105.7072205,85,Moderate,1,19.0,85,0.1,19.4,49,1018.5,100,33.5,33.8,616.0,42.5,12.0,41.6
2026-01-21 21:00:00,2026,1,21,21,Thanh Hóa,Xã Tượng Lĩnh,19.5671309,105.7072205,86,Moderate,1,18.6,87,0.2,17.4,38,1019.0,100,32.6,32.7,644.0,44.1,7.0,43.8
2026-01-21 22:00:00,2026,1,21,22,Thanh Hóa,Xã Tượng Lĩnh,19.5671309,105.7072205,87,Moderate,1,17.9,94,1.0,15.2,31,1019.3,100,31.4,31.5,663.0,45.2,4.0,45.2
2026-01-21 23:00:00,2026,1,21,23,Thanh Hóa,Xã Tượng Lĩnh,19.5671309,105.7072205,87,Moderate,1,17.4,96,1.7,14.6,16,1019.5,100,29.7,29.8,664.0,45.4,3.0,45.3
2026-01-22 00:00:00,2026,1,22,0,Thanh Hóa,Xã Tượng Lĩnh,19.5671309,105.7072205,87,Moderate,1,16.5,97,2.0,15.7,359,1019.9,100,28.2,28.3,656.0,45.2,3.0,44.7
2026-01-22 01:00:00,2026,1,22,1,Thanh Hóa,Xã Tượng Lĩnh,19.5671309,105.7072205,87,Moderate,1,15.9,95,1.4,16.9,345,1019.5,100,28.5,28.6,648.0,44.5,4.0,43.9
2026-01-22 02:00:00,2026,1,22,2,Thanh Hóa,Xã Tượng Lĩnh,19.5671309,105.7072205,88,Moderate,1,15.4,95,0.6,17.8,347,1019.2,100,28.3,28.5,644.0,43.5,5.0,43.1
2026-01-22 03:00:00,2026,1,22,3,Thanh Hóa,Xã Tượng Lĩnh,19.5671309,105.7072205,88,Moderate,1,14.9,93,0.4,18.5,342,1019.4,100,27.9,28.0,640.0,42.2,7.0,42.1
2026-01-22 04:00:00,2026,1,22,4,Thanh Hóa,Xã Tượng Lĩnh,19.5671309,105.7072205,88,Moderate,1,14.6,90,0.2,19.3,342,1019.8,100,27.1,27.2,640.0,40.4,9.0,40.9
2026-01-22 05:00:00,2026,1,22,5,Thanh Hóa,Xã Tượng Lĩnh,19.5671309,105.7072205,88,Moderate,1,14.1,87,0.1,20.3,345,1020.3,100,26.0,26.1,650.0,38.1,11.0,39.5
2026-01-22 06:00:00,2026,1,22,6,Thanh Hóa,Xã Tượng Lĩnh,19.5671309,105.7072205,88,Moderate,1,14.1,82,0.0,20.7,349,1021.1,100,24.5,24.6,663.0,35.5,14.0,37.9
2026-01-22 07:00:00,2026,1,22,7,Thanh Hóa,Xã Tượng Lĩnh,19.5671309,105.7072205,88,Moderate,1,14.2,78,0.0,19.4,350,1022.1,100,26.3,26.4,663.0,39.4,13.0,40.9
2026-01-22 08:00:00,2026,1,22,8,Thanh Hóa,Xã Tượng Lĩnh,19.5671309,105.7072205,89,Moderate,1,14.1,77,0.0,19.8,350,1023.1,100,24.8,25.0,635.0,35.6,17.0,40.0
2026-01-22 09:00:00,2026,1,22,9,Thanh Hóa,Xã Tượng Lĩnh,19.5671309,105.7072205,89,Moderate,1,14.4,74,0.0,20.0,355,1024.2,100,23.3,23.4,593.0,30.4,23.0,38.7
2026-01-22 10:00:00,2026,1,22,10,Thanh Hóa,Xã Tượng Lĩnh,19.5671309,105.7072205,89,Moderate,1,14.6,72,0.0,21.3,358,1024.9,100,21.2,21.2,562.0,26.0,28.0,37.5
2026-01-22 11:00:00,2026,1,22,11,Thanh Hóa,Xã Tượng Lĩnh,19.5671309,105.7072205,88,Moderate,1,14.9,69,0.0,22.2,357,1024.9,100,19.2,19.2,553.0,23.4,33.0,36.6
2026-01-22 12:00:00,2026,1,22,12,Thanh Hóa,Xã Tượng Lĩnh,19.5671309,105.7072205,87,Moderate,1,14.9,68,0.0,22.2,352,1024.0,100,17.5,17.6,554.0,21.6,37.0,35.9
2026-01-22 13:00:00,2026,1,22,13,Thanh Hóa,Xã Tượng Lĩnh,19.5671309,105.7072205,86,Moderate,1,15.3,68,0.0,22.2,356,1023.0,100,16.6,16.6,556.0,20.7,41.0,35.5
2026-01-22 14:00:00,2026,1,22,14,Thanh Hóa,Xã Tượng Lĩnh,19.5671309,105.7072205,85,Moderate,1,15.6,66,0.0,20.0,358,1022.2,100,16.5,16.5,555.0,20.6,44.0,35.6
2026-01-22 15:00:00,2026,1,22,15,Thanh Hóa,Xã Tượng Lĩnh,19.5671309,105.7072205,83,Moderate,1,15.3,65,0.0,17.5,2,1021.8,100,15.5,15.5,554.0,21.4,46.0,36.1
2026-01-22 16:00:00,2026,1,22,16,Thanh Hóa,Xã Tượng Lĩnh,19.5671309,105.7072205,82,Moderate,1,14.9,64,0.0,16.6,12,1021.8,100,15.9,15.9,559.0,22.8,46.0,36.9
2026-01-22 17:00:00,2026,1,22,17,Thanh Hóa,Xã Tượng Lĩnh,19.5671309,105.7072205,80,Moderate,1,14.6,63,0.0,14.4,12,1022.1,100,16.8,16.9,573.0,25.3,43.0,38.1
2026-01-22 18:00:00,2026,1,22,18,Thanh Hóa,Xã Tượng Lĩnh,19.5671309,105.7072205,78,Moderate,1,14.1,64,0.0,13.9,10,1022.3,100,18.0,18.0,593.0,28.4,39.0,39.6
2026-01-22 19:00:00,2026,1,22,19,Thanh Hóa,Xã Tượng Lĩnh,19.5671309,105.7072205,76,Moderate,1,13.4,68,0.0,14.4,2,1022.9,100,23.2,23.2,609.0,35.1,28.0,47.8
2026-01-22 20:00:00,2026,1,22,20,Thanh Hóa,Xã Tượng Lĩnh,19.5671309,105.7072205,75,Moderate,1,13.1,69,0.0,14.0,360,1023.7,100,25.5,25.5,618.0,36.6,26.0,49.2
2026-01-22 21:00:00,2026,1,22,21,Thanh Hóa,Xã Tượng Lĩnh,19.5671309,105.7072205,75,Moderate,1,12.9,70,0.0,13.5,355,1023.8,100,27.8,27.8,623.0,38.6,22.0,51.1
2026-01-22 22:00:00,2026,1,22,22,Thanh Hóa,Xã Tượng Lĩnh,19.5671309,105.7072205,74,Moderate,1,12.8,71,0.0,14.1,341,1023.9,100,29.7,29.7,624.0,39.7,20.0,51.9
2026-01-22 23:00:00,2026,1,22,23,Thanh Hóa,Xã Tượng Lĩnh,19.5671309,105.7072205,74,Moderate,1,12.4,73,0.0,14.0,336,1023.7,100,31.0,31.0,618.0,39.0,19.0,50.6
2026-01-23 00:00:00,2026,1,23,0,Thanh Hóa,Xã Tượng Lĩnh,19.5671309,105.7072205,74,Moderate,1,12.4,74,0.0,14.6,338,1023.8,100,31.3,31.3,608.0,37.4,20.0,48.2
2026-01-23 01:00:00,2026,1,23,1,Thanh Hóa,Xã Tượng Lĩnh,19.5671309,105.7072205,74,Moderate,1,12.1,77,0.0,15.0,337,1023.8,100,32.4,32.4,601.0,35.8,20.0,45.8
2026-01-23 02:00:00,2026,1,23,2,Thanh Hóa,Xã Tượng Lĩnh,19.5671309,105.7072205,75,Moderate,1,12.0,78,0.0,14.8,339,1023.3,100,33.1,33.2,601.0,34.3,20.0,43.5
2026-01-23 03:00:00,2026,1,23,3,Thanh Hóa,Xã Tượng Lĩnh,19.5671309,105.7072205,75,Moderate,1,11.9,79,0.0,15.3,341,1023.1,100,33.3,33.3,604.0,32.8,21.0,41.1
2026-01-23 04:00:00,2026,1,23,4,Thanh Hóa,Xã Tượng Lĩnh,19.5671309,105.7072205,76,Moderate,1,11.6,80,0.0,15.0,341,1023.1,100,33.3,33.3,606.0,31.5,21.0,39.2
2026-01-23 05:00:00,2026,1,23,5,Thanh Hóa,Xã Tượng Lĩnh,19.5671309,105.7072205,76,Moderate,1,11.4,80,0.0,15.3,342,1023.5,100,33.1,33.1,607.0,31.0,21.0,37.7
2026-01-23 06:00:00,2026,1,23,6,Thanh Hóa,Xã Tượng Lĩnh,19.5671309,105.7072205,77,Moderate,1,11.3,80,0.0,14.2,344,1023.9,100,32.6,32.6,607.0,30.8,20.0,36.7
2026-01-23 07:00:00,2026,1,23,7,Thanh Hóa,Xã Tượng Lĩnh,19.5671309,105.7072205,77,Moderate,1,11.1,83,0.0,12.8,345,1024.4,100,27.5,27.5,601.0,31.9,20.0,40.2
2026-01-23 08:00:00,2026,1,23,8,Thanh Hóa,Xã Tượng Lĩnh,19.5671309,105.7072205,78,Moderate,1,11.8,80,0.0,13.4,342,1025.2,99,27.0,27.0,587.0,28.2,26.0,40.6
2026-01-23 09:00:00,2026,1,23,9,Thanh Hóa,Xã Tượng Lĩnh,19.5671309,105.7072205,78,Moderate,1,13.1,74,0.0,12.0,348,1025.9,96,25.2,25.2,567.0,23.1,35.0,41.1
2026-01-23 10:00:00,2026,1,23,10,Thanh Hóa,Xã Tượng Lĩnh,19.5671309,105.7072205,78,Moderate,1,14.9,68,0.0,11.5,349,1025.9,98,22.5,22.5,547.0,18.8,45.0,40.6
2026-01-23 11:00:00,2026,1,23,11,Thanh Hóa,Xã Tượng Lĩnh,19.5671309,105.7072205,78,Moderate,1,16.1,66,0.0,10.1,360,1025.2,100,21.0,21.1,527.0,16.3,55.0,38.4
2026-01-23 12:00:00,2026,1,23,12,Thanh Hóa,Xã Tượng Lĩnh,19.5671309,105.7072205,78,Moderate,1,17.2,64,0.0,7.6,22,1024.1,100,19.2,19.3,506.0,14.6,66.0,35.3
2026-01-23 13:00:00,2026,1,23,13,Thanh Hóa,Xã Tượng Lĩnh,19.5671309,105.7072205,78,Moderate,1,17.5,66,0.0,8.2,54,1023.1,100,19.6,19.7,491.0,13.5,75.0,32.1
2026-01-23 14:00:00,2026,1,23,14,Thanh Hóa,Xã Tượng Lĩnh,19.5671309,105.7072205,79,Moderate,1,17.8,65,0.0,8.3,66,1022.2,100,21.0,21.1,485.0,12.8,82.0,29.2
2026-01-23 15:00:00,2026,1,23,15,Thanh Hóa,Xã Tượng Lĩnh,19.5671309,105.7072205,79,Moderate,1,18.0,66,0.0,6.5,84,1021.4,98,21.8,22.1,484.0,12.8,87.0,26.2
2026-01-23 16:00:00,2026,1,23,16,Thanh Hóa,Xã Tượng Lĩnh,19.5671309,105.7072205,80,Moderate,1,18.0,66,0.0,7.0,108,1021.2,83,22.4,22.6,483.0,13.3,88.0,23.2
2026-01-23 17:00:00,2026,1,23,17,Thanh Hóa,Xã Tượng Lĩnh,19.5671309,105.7072205,80,Moderate,1,17.6,69,0.0,9.3,114,1021.0,100,22.2,22.7,477.0,14.9,82.0,20.1
2026-01-23 18:00:00,2026,1,23,18,Thanh Hóa,Xã Tượng Lĩnh,19.5671309,105.7072205,81,Moderate,1,17.0,74,0.0,9.2,110,1021.0,100,23.7,24.2,470.0,17.1,72.0,16.9
2026-01-23 19:00:00,2026,1,23,19,Thanh Hóa,Xã Tượng Lĩnh,19.5671309,105.7072205,81,Moderate,1,16.9,78,0.0,7.8,86,1021.4,100,25.9,26.4,473.0,17.3,57.0,11.5
2026-01-23 20:00:00,2026,1,23,20,Thanh Hóa,Xã Tượng Lĩnh,19.5671309,105.7072205,81,Moderate,1,16.8,81,0.0,7.1,83,1021.6,100,28.6,29.2,493.0,19.2,52.0,12.1
2026-01-23 21:00:00,2026,1,23,21,Thanh Hóa,Xã Tượng Lĩnh,19.5671309,105.7072205,82,Moderate,1,16.9,82,0.0,7.1,80,1021.8,100,32.6,33.3,523.0,21.7,44.0,13.0
2026-01-23 22:00:00,2026,1,23,22,Thanh Hóa,Xã Tượng Lĩnh,19.5671309,105.7072205,82,Moderate,1,16.9,84,0.0,6.0,73,1022.1,100,35.6,36.3,543.0,23.2,39.0,13.9
2026-01-23 23:00:00,2026,1,23,23,Thanh Hóa,Xã Tượng Lĩnh,19.5671309,105.7072205,83,Moderate,1,16.9,85,0.1,6.2,49,1022.2,100,36.0,36.7,544.0,22.5,39.0,14.4
2026-01-24 00:00:00,2026,1,24,0,Thanh Hóa,Xã Tượng Lĩnh,19.5671309,105.7072205,83,Moderate,1,16.9,87,0.1,8.3,27,1021.9,100,34.3,34.9,537.0,20.8,41.0,15.0
2026-01-24 01:00:00,2026,1,24,1,Thanh Hóa,Xã Tượng Lĩnh,19.5671309,105.7072205,83,Moderate,1,15.9,90,0.1,13.0,11,1021.8,100,34.3,34.9,531.0,20.2,42.0,16.4
2026-01-24 02:00:00,2026,1,24,2,Thanh Hóa,Xã Tượng Lĩnh,19.5671309,105.7072205,83,Moderate,1,15.0,88,0.1,13.9,357,1021.4,100,35.5,35.9,529.0,21.6,40.0,19.2
2026-01-24 03:00:00,2026,1,24,3,Thanh Hóa,Xã Tượng Lĩnh,19.5671309,105.7072205,84,Moderate,1,14.5,88,0.1,13.2,350,1021.3,100,37.1,37.5,529.0,24.1,35.0,22.9
2026-01-24 04:00:00,2026,1,24,4,Thanh Hóa,Xã Tượng Lĩnh,19.5671309,105.7072205,84,Moderate,1,14.1,89,0.0,12.6,336,1021.1,100,39.1,39.3,535.0,27.3,31.0,26.6
2026-01-24 05:00:00,2026,1,24,5,Thanh Hóa,Xã Tượng Lĩnh,19.5671309,105.7072205,85,Moderate,1,14.0,88,0.0,13.2,338,1021.4,100,41.1,41.3,552.0,32.0,25.0,30.2
2026-01-24 06:00:00,2026,1,24,6,Thanh Hóa,Xã Tượng Lĩnh,19.5671309,105.7072205,85,Moderate,1,13.9,87,0.0,12.8,338,1022.0,100,43.5,43.7,576.0,37.4,19.0,33.8
2026-01-24 07:00:00,2026,1,24,7,Thanh Hóa,Xã Tượng Lĩnh,19.5671309,105.7072205,86,Moderate,1,14.1,88,0.0,12.5,340,1022.4,100,46.7,46.9,593.0,40.8,16.0,38.5
2026-01-24 08:00:00,2026,1,24,8,Thanh Hóa,Xã Tượng Lĩnh,19.5671309,105.7072205,88,Moderate,1,14.5,84,0.0,12.6,336,1023.0,100,48.0,48.1,600.0,37.9,20.0,41.0
2026-01-24 09:00:00,2026,1,24,9,Thanh Hóa,Xã Tượng Lĩnh,19.5671309,105.7072205,90,Moderate,1,15.4,80,0.0,13.3,339,1023.6,100,47.7,47.8,602.0,33.9,25.0,44.4
2026-01-24 10:00:00,2026,1,24,10,Thanh Hóa,Xã Tượng Lĩnh,19.5671309,105.7072205,92,Moderate,1,16.2,76,0.0,13.2,340,1024.1,100,43.3,43.4,596.0,30.1,32.0,46.0
2026-01-24 11:00:00,2026,1,24,11,Thanh Hóa,Xã Tượng Lĩnh,19.5671309,105.7072205,94,Moderate,1,17.5,72,0.0,11.8,347,1023.4,100,36.2,36.4,579.0,26.8,41.0,44.3
2026-01-24 12:00:00,2026,1,24,12,Thanh Hóa,Xã Tượng Lĩnh,19.5671309,105.7072205,95,Moderate,1,18.6,69,0.0,9.8,8,1022.2,100,32.7,32.9,555.0,23.8,52.0,40.9
2026-01-24 13:00:00,2026,1,24,13,Thanh Hóa,Xã Tượng Lĩnh,19.5671309,105.7072205,96,Moderate,1,18.5,71,0.0,9.5,27,1021.2,100,31.2,31.4,537.0,21.7,60.0,37.4
2026-01-24 14:00:00,2026,1,24,14,Thanh Hóa,Xã Tượng Lĩnh,19.5671309,105.7072205,97,Moderate,1,18.6,72,0.1,7.3,44,1019.9,100,31.7,31.8,531.0,20.8,65.0,34.6
2026-01-24 15:00:00,2026,1,24,15,Thanh Hóa,Xã Tượng Lĩnh,19.5671309,105.7072205,98,Moderate,1,18.5,72,0.0,6.8,65,1019.2,100,29.8,30.2,532.0,20.9,68.0,31.8
2026-01-24 16:00:00,2026,1,24,16,Thanh Hóa,Xã Tượng Lĩnh,19.5671309,105.7072205,99,Moderate,1,18.6,72,0.0,7.9,74,1018.7,100,27.6,27.9,537.0,21.6,67.0,28.9
2026-01-24 17:00:00,2026,1,24,17,Thanh Hóa,Xã Tượng Lĩnh,19.5671309,105.7072205,99,Moderate,1,18.3,74,0.0,7.9,74,1018.8,72,25.8,26.2,545.0,23.4,61.0,25.6
2026-01-24 18:00:00,2026,1,24,18,Thanh Hóa,Xã Tượng Lĩnh,19.5671309,105.7072205,100,Moderate,1,17.8,77,0.0,6.1,71,1018.6,98,26.5,27.0,557.0,25.9,51.0,22.3
2026-01-24 19:00:00,2026,1,24,19,Thanh Hóa,Xã Tượng Lĩnh,19.5671309,105.7072205,100,Moderate,1,18.0,82,0.0,10.7,76,1018.6,100,32.4,32.9,572.0,24.7,40.0,18.9
2026-01-24 20:00:00,2026,1,24,20,Thanh Hóa,Xã Tượng Lĩnh,19.5671309,105.7072205,101,Unhealthy for Sensitive Groups,2,17.8,85,0.0,7.3,80,1019.1,100,33.9,34.5,595.0,25.5,37.0,19.0
2026-01-24 21:00:00,2026,1,24,21,Thanh Hóa,Xã Tượng Lĩnh,19.5671309,105.7072205,101,Unhealthy for Sensitive Groups,2,17.8,86,0.0,4.5,88,1019.1,100,36.0,36.7,621.0,26.6,32.0,19.2
2026-01-24 22:00:00,2026,1,24,22,Thanh Hóa,Xã Tượng Lĩnh,19.5671309,105.7072205,101,Unhealthy for Sensitive Groups,2,17.8,88,0.0,2.4,99,1018.7,100,39.3,40.2,637.0,27.8,27.0,19.0
2026-01-24 23:00:00,2026,1,24,23,Thanh Hóa,Xã Tượng Lĩnh,19.5671309,105.7072205,102,Unhealthy for Sensitive Groups,2,17.9,89,0.0,0.5,135,1018.5,100,44.0,44.9,636.0,29.3,21.0,18.1
2026-01-25 00:00:00,2026,1,25,0,Thanh Hóa,Xã Tượng Lĩnh,19.5671309,105.7072205,103,Unhealthy for Sensitive Groups,2,17.6,90,0.0,0.9,281,1017.9,66,47.4,48.2,625.0,30.9,15.0,16.9
2026-01-25 01:00:00,2026,1,25,1,Thanh Hóa,Xã Tượng Lĩnh,19.5671309,105.7072205,104,Unhealthy for Sensitive Groups,2,15.7,94,0.0,2.5,291,1017.3,12,48.7,49.4,610.0,31.5,11.0,16.0
2026-01-25 02:00:00,2026,1,25,2,Thanh Hóa,Xã Tượng Lĩnh,19.5671309,105.7072205,106,Unhealthy for Sensitive Groups,2,14.6,97,0.0,3.9,286,1016.5,12,49.2,49.8,587.0,30.1,12.0,15.7
2026-01-25 03:00:00,2026,1,25,3,Thanh Hóa,Xã Tượng Lĩnh,19.5671309,105.7072205,107,Unhealthy for Sensitive Groups,2,14.4,97,0.0,3.4,270,1016.0,44,49.5,50.1,560.0,27.7,15.0,15.8
2026-01-25 04:00:00,2026,1,25,4,Thanh Hóa,Xã Tượng Lĩnh,19.5671309,105.7072205,108,Unhealthy for Sensitive Groups,2,14.5,96,0.0,4.0,267,1015.9,86,48.7,49.1,553.0,25.8,18.0,16.1
2026-01-25 05:00:00,2026,1,25,5,Thanh Hóa,Xã Tượng Lĩnh,19.5671309,105.7072205,109,Unhealthy for Sensitive Groups,2,14.4,96,0.0,4.1,257,1015.9,74,48.2,48.8,587.0,25.6,17.0,17.3
2026-01-25 06:00:00,2026,1,25,6,Thanh Hóa,Xã Tượng Lĩnh,19.5671309,105.7072205,110,Unhealthy for Sensitive Groups,2,14.3,98,0.0,5.2,258,1016.4,91,48.8,49.4,640.0,25.8,16.0,18.9
2026-01-25 07:00:00,2026,1,25,7,Thanh Hóa,Xã Tượng Lĩnh,19.5671309,105.7072205,111,Unhealthy for Sensitive Groups,2,13.9,97,0.0,5.6,264,1017.4,100,48.0,48.3,670.0,24.4,17.0,15.7
2026-01-25 08:00:00,2026,1,25,8,Thanh Hóa,Xã Tượng Lĩnh,19.5671309,105.7072205,111,Unhealthy for Sensitive Groups,2,14.9,97,0.0,5.1,274,1018.2,100,35.3,35.6,658.0,18.9,36.0,13.6
2026-01-25 09:00:00,2026,1,25,9,Thanh Hóa,Xã Tượng Lĩnh,19.5671309,105.7072205,109,Unhealthy for Sensitive Groups,2,17.4,88,0.0,3.4,288,1018.8,88,29.1,29.4,623.0,11.4,61.0,10.7
2026-01-25 10:00:00,2026,1,25,10,Thanh Hóa,Xã Tượng Lĩnh,19.5671309,105.7072205,107,Unhealthy for Sensitive Groups,2,19.9,80,0.0,4.2,230,1018.7,63,24.3,24.8,575.0,5.6,84.0,8.2
2026-01-25 11:00:00,2026,1,25,11,Thanh Hóa,Xã Tượng Lĩnh,19.5671309,105.7072205,105,Unhealthy for Sensitive Groups,2,22.1,71,0.0,9.5,169,1018.0,99,23.3,23.9,507.0,3.3,99.0,6.6
2026-01-25 12:00:00,2026,1,25,12,Thanh Hóa,Xã Tượng Lĩnh,19.5671309,105.7072205,104,Unhealthy for Sensitive Groups,2,22.9,69,0.0,12.1,139,1016.9,75,23.1,23.8,426.0,2.8,111.0,5.5
2026-01-25 13:00:00,2026,1,25,13,Thanh Hóa,Xã Tượng Lĩnh,19.5671309,105.7072205,103,Unhealthy for Sensitive Groups,2,23.0,70,0.0,15.7,126,1016.0,43,21.8,22.6,366.0,2.7,120.0,4.7
2026-01-25 14:00:00,2026,1,25,14,Thanh Hóa,Xã Tượng Lĩnh,19.5671309,105.7072205,102,Unhealthy for Sensitive Groups,2,23.0,71,0.0,16.8,132,1015.3,9,20.6,21.5,345.0,2.5,126.0,4.1
2026-01-25 15:00:00,2026,1,25,15,Thanh Hóa,Xã Tượng Lĩnh,19.5671309,105.7072205,101,Unhealthy for Sensitive Groups,2,22.5,73,0.0,16.6,126,1014.8,2,20.2,21.2,345.0,2.8,129.0,3.8
2026-01-25 16:00:00,2026,1,25,16,Thanh Hóa,Xã Tượng Lĩnh,19.5671309,105.7072205,100,Moderate,1,21.6,78,0.0,15.7,120,1014.9,2,19.1,20.3,351.0,3.6,127.0,3.6
2026-01-25 17:00:00,2026,1,25,17,Thanh Hóa,Xã Tượng Lĩnh,19.5671309,105.7072205,99,Moderate,1,20.6,83,0.0,14.1,111,1015.3,2,16.6,18.3,361.0,5.3,115.0,3.3
2026-01-25 18:00:00,2026,1,25,18,Thanh Hóa,Xã Tượng Lĩnh,19.5671309,105.7072205,98,Moderate,1,19.5,90,0.0,12.2,117,1015.7,2,14.0,15.6,376.0,7.5,98.0,3.1
2026-01-25 19:00:00,2026,1,25,19,Thanh Hóa,Xã Tượng Lĩnh,19.5671309,105.7072205,97,Moderate,1,19.5,93,0.0,12.4,138,1016.1,8,15.0,17.6,388.0,10.7,89.0,3.5
2026-01-25 20:00:00,2026,1,25,20,Thanh Hóa,Xã Tượng Lĩnh,19.5671309,105.7072205,96,Moderate,1,19.7,92,0.0,9.2,159,1016.8,13,16.3,19.6,390.0,12.4,84.0,4.6
2026-01-25 21:00:00,2026,1,25,21,Thanh Hóa,Xã Tượng Lĩnh,19.5671309,105.7072205,94,Moderate,1,19.1,93,0.0,6.0,177,1017.3,11,19.6,23.4,387.0,14.7,76.0,6.1
2026-01-25 22:00:00,2026,1,25,22,Thanh Hóa,Xã Tượng Lĩnh,19.5671309,105.7072205,93,Moderate,1,18.2,94,0.0,4.9,208,1017.4,8,26.0,30.4,392.0,17.0,66.0,7.0
2026-01-25 23:00:00,2026,1,25,23,Thanh Hóa,Xã Tượng Lĩnh,19.5671309,105.7072205,92,Moderate,1,17.6,96,0.0,3.9,233,1017.5,20,32.0,36.4,414.0,19.2,53.0,6.9
2026-01-26 00:00:00,2026,1,26,0,Thanh Hóa,Xã Tượng Lĩnh,19.5671309,105.7072205,90,Moderate,1,17.1,97,0.0,2.9,274,1017.2,23,36.7,40.4,442.0,21.2,38.0,6.2
2026-01-26 01:00:00,2026,1,26,1,Thanh Hóa,Xã Tượng Lĩnh,19.5671309,105.7072205,90,Moderate,1,17.7,97,0.0,2.6,295,1017.1,95,41.9,45.1,456.0,22.6,26.0,5.6
2026-01-26 02:00:00,2026,1,26,2,Thanh Hóa,Xã Tượng Lĩnh,19.5671309,105.7072205,89,Moderate,1,17.5,98,0.0,5.4,300,1016.9,100,45.4,48.5,437.0,22.7,20.0,5.1
2026-01-26 03:00:00,2026,1,26,3,Thanh Hóa,Xã Tượng Lĩnh,19.5671309,105.7072205,89,Moderate,1,17.6,98,0.0,6.2,308,1016.8,100,48.1,50.5,404.0,22.1,18.0,4.6
2026-01-26 04:00:00,2026,1,26,4,Thanh Hóa,Xã Tượng Lĩnh,19.5671309,105.7072205,88,Moderate,1,17.8,99,0.0,4.1,326,1016.8,100,47.8,49.5,395.0,21.6,17.0,4.8
2026-01-26 05:00:00,2026,1,26,5,Thanh Hóa,Xã Tượng Lĩnh,19.5671309,105.7072205,88,Moderate,1,17.9,98,0.0,3.2,357,1017.0,100,46.0,47.4,444.0,21.9,16.0,6.0
2026-01-26 06:00:00,2026,1,26,6,Thanh Hóa,Xã Tượng Lĩnh,19.5671309,105.7072205,88,Moderate,1,17.9,98,0.1,4.5,360,1017.8,100,41.8,43.0,518.0,22.4,17.0,7.8
2026-01-26 07:00:00,2026,1,26,7,Thanh Hóa,Xã Tượng Lĩnh,19.5671309,105.7072205,88,Moderate,1,18.0,98,0.1,3.6,27,1018.8,79,39.8,41.1,550.0,20.5,31.0,10.4
2026-01-26 08:00:00,2026,1,26,8,Thanh Hóa,Xã Tượng Lĩnh,19.5671309,105.7072205,87,Moderate,1,18.9,97,0.1,4.0,350,1019.8,52,30.9,32.5,503.0,18.9,40.0,12.8
2026-01-26 09:00:00,2026,1,26,9,Thanh Hóa,Xã Tượng Lĩnh,19.5671309,105.7072205,86,Moderate,1,20.4,91,0.0,5.3,342,1020.5,41,25.1,27.1,416.0,16.5,52.0,16.0
2026-01-26 10:00:00,2026,1,26,10,Thanh Hóa,Xã Tượng Lĩnh,19.5671309,105.7072205,86,Moderate,1,21.9,82,0.0,4.5,40,1020.6,99,20.5,22.5,338.0,13.8,65.0,17.1
2026-01-26 11:00:00,2026,1,26,11,Thanh Hóa,Xã Tượng Lĩnh,19.5671309,105.7072205,86,Moderate,1,21.6,83,0.1,9.2,94,1020.0,55,18.2,20.8,286.0,10.5,78.0,14.1
2026-01-26 12:00:00,2026,1,26,12,Thanh Hóa,Xã Tượng Lĩnh,19.5671309,105.7072205,85,Moderate,1,21.9,82,0.1,10.2,113,1019.2,63,17.3,21.6,244.0,6.9,92.0,9.0
2026-01-26 13:00:00,2026,1,26,13,Thanh Hóa,Xã Tượng Lĩnh,19.5671309,105.7072205,85,Moderate,1,22.0,82,0.0,10.0,118,1018.4,61,16.2,21.1,215.0,4.4,101.0,5.0
2026-01-26 14:00:00,2026,1,26,14,Thanh Hóa,Xã Tượng Lĩnh,19.5671309,105.7072205,84,Moderate,1,22.3,80,0.0,11.2,114,1017.6,70,15.7,20.4,202.0,3.3,105.0,3.5
2026-01-26 15:00:00,2026,1,26,15,Thanh Hóa,Xã Tượng Lĩnh,19.5671309,105.7072205,84,Moderate,1,22.0,80,0.0,13.5,113,1017.0,34,14.2,18.7,203.0,3.1,106.0,3.2
2026-01-26 16:00:00,2026,1,26,16,Thanh Hóa,Xã Tượng Lĩnh,19.5671309,105.7072205,83,Moderate,1,21.6,81,0.0,13.6,113,1016.9,39,13.0,17.1,212.0,4.3,102.0,3.3
2026-01-26 17:00:00,2026,1,26,17,Thanh Hóa,Xã Tượng Lĩnh,19.5671309,105.7072205,83,Moderate,1,21.2,82,0.0,13.2,112,1017.1,50,12.5,16.4,231.0,7.4,92.0,3.7
2026-01-26 18:00:00,2026,1,26,18,Thanh Hóa,Xã Tượng Lĩnh,19.5671309,105.7072205,82,Moderate,1,20.2,87,0.0,9.8,104,1017.4,44,13.8,17.2,260.0,11.8,77.0,4.5
2026-01-26 19:00:00,2026,1,26,19,Thanh Hóa,Xã Tượng Lĩnh,19.5671309,105.7072205,82,Moderate,1,19.9,94,0.0,7.8,95,1018.0,47,17.3,21.0,289.0,15.0,66.0,5.2
2026-01-26 20:00:00,2026,1,26,20,Thanh Hóa,Xã Tượng Lĩnh,19.5671309,105.7072205,83,Moderate,1,19.9,94,0.0,8.1,91,1018.6,20,19.6,23.3,318.0,16.6,63.0,6.3
2026-01-26 21:00:00,2026,1,26,21,Thanh Hóa,Xã Tượng Lĩnh,19.5671309,105.7072205,83,Moderate,1,19.6,95,0.0,6.5,92,1018.8,14,22.3,26.3,348.0,18.9,59.0,7.8
2026-01-26 22:00:00,2026,1,26,22,Thanh Hóa,Xã Tượng Lĩnh,19.5671309,105.7072205,83,Moderate,1,19.0,95,0.0,2.0,80,1019.0,13,26.4,30.6,377.0,21.4,53.0,8.7
2026-01-26 23:00:00,2026,1,26,23,Thanh Hóa,Xã Tượng Lĩnh,19.5671309,105.7072205,83,Moderate,1,18.4,97,0.0,1.5,306,1018.8,11,32.6,37.1,408.0,24.4,43.0,8.4
2026-01-27 00:00:00,2026,1,27,0,Thanh Hóa,Xã Tượng Lĩnh,19.5671309,105.7072205,83,Moderate,1,17.4,99,0.0,4.6,296,1018.4,100,42.1,47.6,438.0,27.6,30.0,7.5
2026-01-27 01:00:00,2026,1,27,1,Thanh Hóa,Xã Tượng Lĩnh,19.5671309,105.7072205,84,Moderate,1,17.1,98,0.0,3.1,277,1018.4,100,56.2,61.5,456.0,29.6,20.0,6.8
2026-01-27 02:00:00,2026,1,27,2,Thanh Hóa,Xã Tượng Lĩnh,19.5671309,105.7072205,85,Moderate,1,17.5,98,0.0,5.2,286,1018.2,100,60.3,65.7,449.0,29.6,14.0,6.5
2026-01-27 03:00:00,2026,1,27,3,Thanh Hóa,Xã Tượng Lĩnh,19.5671309,105.7072205,86,Moderate,1,17.6,99,0.0,6.8,297,1018.0,100,61.9,67.3,430.0,28.4,11.0,6.5
2026-01-27 04:00:00,2026,1,27,4,Thanh Hóa,Xã Tượng Lĩnh,19.5671309,105.7072205,88,Moderate,1,17.9,100,0.0,5.7,305,1017.9,100,61.0,65.0,431.0,27.1,10.0,7.0
2026-01-27 05:00:00,2026,1,27,5,Thanh Hóa,Xã Tượng Lĩnh,19.5671309,105.7072205,89,Moderate,1,18.1,99,0.0,4.5,317,1018.1,100,60.3,62.9,487.0,26.3,10.0,8.1
2026-01-27 06:00:00,2026,1,27,6,Thanh Hóa,Xã Tượng Lĩnh,19.5671309,105.7072205,90,Moderate,1,18.4,98,0.0,5.1,337,1018.8,100,59.8,62.2,564.0,25.3,12.0,9.8
2026-01-27 07:00:00,2026,1,27,7,Thanh Hóa,Xã Tượng Lĩnh,19.5671309,105.7072205,92,Moderate,1,18.7,98,0.0,4.7,360,1019.6,100,65.2,68.0,587.0,23.8,25.0,10.0
2026-01-27 08:00:00,2026,1,27,8,Thanh Hóa,Xã Tượng Lĩnh,19.5671309,105.7072205,94,Moderate,1,20.0,89,0.0,5.7,9,1020.4,28,44.4,48.0,503.0,20.4,39.0,13.9
2026-01-27 09:00:00,2026,1,27,9,Thanh Hóa,Xã Tượng Lĩnh,19.5671309,105.7072205,95,Moderate,1,21.2,78,0.0,4.8,29,1021.0,76,33.1,36.7,366.0,15.7,58.0,19.1
2026-01-27 10:00:00,2026,1,27,10,Thanh Hóa,Xã Tượng Lĩnh,19.5671309,105.7072205,96,Moderate,1,22.2,73,0.2,7.8,56,1021.1,92,26.0,28.5,265.0,11.6,75.0,21.8
2026-01-27 11:00:00,2026,1,27,11,Thanh Hóa,Xã Tượng Lĩnh,19.5671309,105.7072205,96,Moderate,1,22.5,75,0.1,12.2,76,1020.6,66,24.7,27.1,235.0,8.8,88.0,19.8
2026-01-27 12:00:00,2026,1,27,12,Thanh Hóa,Xã Tượng Lĩnh,19.5671309,105.7072205,97,Moderate,1,22.8,74,0.3,12.8,79,1019.5,49,24.1,26.2,241.0,6.6,99.0,15.3
2026-01-27 13:00:00,2026,1,27,13,Thanh Hóa,Xã Tượng Lĩnh,19.5671309,105.7072205,97,Moderate,1,22.6,75,0.1,14.5,83,1018.4,41,23.9,25.8,274.0,5.1,109.0,11.4
2026-01-27 14:00:00,2026,1,27,14,Thanh Hóa,Xã Tượng Lĩnh,19.5671309,105.7072205,98,Moderate,1,22.4,75,0.0,15.7,90,1017.7,60,23.8,25.5,345.0,4.2,117.0,9.2
2026-01-27 15:00:00,2026,1,27,15,Thanh Hóa,Xã Tượng Lĩnh,19.5671309,105.7072205,99,Moderate,1,21.8,77,0.0,16.1,94,1017.5,10,24.7,26.3,444.0,3.9,124.0,7.6
2026-01-27 16:00:00,2026,1,27,16,Thanh Hóa,Xã Tượng Lĩnh,19.5671309,105.7072205,100,Moderate,1,21.4,78,0.0,16.4,91,1017.5,5,25.9,27.4,524.0,4.5,127.0,6.7
2026-01-27 17:00:00,2026,1,27,17,Thanh Hóa,Xã Tượng Lĩnh,19.5671309,105.7072205,101,Unhealthy for Sensitive Groups,2,20.5,81,0.0,15.1,87,1018.0,3,27.4,28.8,563.0,6.2,124.0,6.5
2026-01-27 18:00:00,2026,1,27,18,Thanh Hóa,Xã Tượng Lĩnh,19.5671309,105.7072205,103,Unhealthy for Sensitive Groups,2,19.4,89,0.0,11.1,77,1018.4,1,29.8,31.1,584.0,8.8,118.0,6.8
2026-01-27 19:00:00,2026,1,27,19,Thanh Hóa,Xã Tượng Lĩnh,19.5671309,105.7072205,104,Unhealthy for Sensitive Groups,2,19.1,93,0.0,9.3,80,1018.9,2,24.9,26.1,615.0,10.9,95.0,7.8
2026-01-27 20:00:00,2026,1,27,20,Thanh Hóa,Xã Tượng Lĩnh,19.5671309,105.7072205,105,Unhealthy for Sensitive Groups,2,19.0,94,0.0,6.9,75,1019.6,0,26.6,28.0,681.0,12.8,91.0,9.0
2026-01-27 21:00:00,2026,1,27,21,Thanh Hóa,Xã Tượng Lĩnh,19.5671309,105.7072205,106,Unhealthy for Sensitive Groups,2,18.4,95,0.0,4.8,59,1020.1,0,30.7,32.8,758.0,15.4,84.0,10.6
2026-01-27 22:00:00,2026,1,27,22,Thanh Hóa,Xã Tượng Lĩnh,19.5671309,105.7072205,107,Unhealthy for Sensitive Groups,2,17.6,97,0.0,3.2,360,1020.3,1,38.2,40.3,801.0,17.8,75.0,11.7
2026-01-27 23:00:00,2026,1,27,23,Thanh Hóa,Xã Tượng Lĩnh,19.5671309,105.7072205,108,Unhealthy for Sensitive Groups,2,17.0,98,0.0,4.3,312,1020.2,9,47.3,48.5,779.0,19.8,62.0,11.7
2026-01-28 00:00:00,2026,1,28,0,Thanh Hóa,Xã Tượng Lĩnh,19.5671309,105.7072205,109,Unhealthy for Sensitive Groups,2,16.8,98,0.0,6.5,300,1020.0,47,52.0,53.1,723.0,21.5,48.0,11.0
2026-01-28 01:00:00,2026,1,28,1,Thanh Hóa,Xã Tượng Lĩnh,19.5671309,105.7072205,110,Unhealthy for Sensitive Groups,2,16.9,98,0.0,4.6,301,1019.5,100,52.2,53.1,680.0,22.6,36.0,10.5
2026-01-28 02:00:00,2026,1,28,2,Thanh Hóa,Xã Tượng Lĩnh,19.5671309,105.7072205,110,Unhealthy for Sensitive Groups,2,16.9,99,0.0,4.2,335,1019.1,100,53.9,54.7,669.0,22.6,30.0,10.1
2026-01-28 03:00:00,2026,1,28,3,Thanh Hóa,Xã Tượng Lĩnh,19.5671309,105.7072205,109,Unhealthy for Sensitive Groups,2,16.8,99,0.0,6.5,347,1019.1,100,58.0,58.8,672.0,22.0,27.0,9.7
2026-01-28 04:00:00,2026,1,28,4,Thanh Hóa,Xã Tượng Lĩnh,19.5671309,105.7072205,109,Unhealthy for Sensitive Groups,2,16.5,99,0.0,7.9,333,1019.2,100,62.2,62.9,680.0,21.6,26.0,10.0
2026-01-28 05:00:00,2026,1,28,5,Thanh Hóa,Xã Tượng Lĩnh,19.5671309,105.7072205,109,Unhealthy for Sensitive Groups,2,16.4,98,0.0,8.0,326,1019.4,100,65.4,66.1,701.0,22.3,23.0,11.1
2026-01-28 06:00:00,2026,1,28,6,Thanh Hóa,Xã Tượng Lĩnh,19.5671309,105.7072205,110,Unhealthy for Sensitive Groups,2,16.2,97,0.0,8.3,326,1020.1,99,68.5,69.2,728.0,23.3,20.0,12.8
2026-01-28 07:00:00,2026,1,28,7,Thanh Hóa,Xã Tượng Lĩnh,19.5671309,105.7072205,111,Unhealthy for Sensitive Groups,2,16.3,98,0.0,8.0,333,1020.7,100,54.7,54.9,734.0,20.7,30.0,15.9
2026-01-28 08:00:00,2026,1,28,8,Thanh Hóa,Xã Tượng Lĩnh,19.5671309,105.7072205,109,Unhealthy for Sensitive Groups,2,17.5,95,0.0,8.5,335,1021.4,56,48.0,48.1,700.0,18.6,51.0,21.0
2026-01-28 09:00:00,2026,1,28,9,Thanh Hóa,Xã Tượng Lĩnh,19.5671309,105.7072205,110,Unhealthy for Sensitive Groups,2,19.8,83,0.0,8.6,1,1021.9,2,34.1,34.3,644.0,15.7,81.0,27.7
2026-01-28 10:00:00,2026,1,28,10,Thanh Hóa,Xã Tượng Lĩnh,19.5671309,105.7072205,110,Unhealthy for Sensitive Groups,2,21.6,71,0.0,13.7,55,1021.8,9,32.7,33.1,595.0,12.7,106.0,31.0
2026-01-28 11:00:00,2026,1,28,11,Thanh Hóa,Xã Tượng Lĩnh,19.5671309,105.7072205,111,Unhealthy for Sensitive Groups,2,22.2,65,0.0,14.2,61,1021.2,4,35.4,35.9,559.0,9.6,123.0,27.4
2026-01-28 12:00:00,2026,1,28,12,Thanh Hóa,Xã Tượng Lĩnh,19.5671309,105.7072205,112,Unhealthy for Sensitive Groups,2,22.4,64,0.0,14.5,73,1020.2,12,36.8,37.3,531.0,6.4,136.0,20.3
2026-01-28 13:00:00,2026,1,28,13,Thanh Hóa,Xã Tượng Lĩnh,19.5671309,105.7072205,113,Unhealthy for Sensitive Groups,2,21.8,69,0.0,12.8,80,1019.4,24,36.3,36.9,520.0,4.2,145.0,14.5
2026-01-28 14:00:00,2026,1,28,14,Thanh Hóa,Xã Tượng Lĩnh,19.5671309,105.7072205,114,Unhealthy for Sensitive Groups,2,21.5,71,0.0,12.5,94,1018.3,23,36.3,37.0,538.0,3.2,151.0,12.0
2026-01-28 15:00:00,2026,1,28,15,Thanh Hóa,Xã Tượng Lĩnh,19.5671309,105.7072205,116,Unhealthy for Sensitive Groups,2,20.9,74,0.0,12.3,95,1017.6,30,36.3,37.3,573.0,3.2,153.0,10.8
2026-01-28 16:00:00,2026,1,28,16,Thanh Hóa,Xã Tượng Lĩnh,19.5671309,105.7072205,117,Unhealthy for Sensitive Groups,2,20.5,76,0.0,10.7,98,1017.4,96,36.2,37.3,607.0,4.0,150.0,10.0
2026-01-28 17:00:00,2026,1,28,17,Thanh Hóa,Xã Tượng Lĩnh,19.5671309,105.7072205,118,Unhealthy for Sensitive Groups,2,20.0,78,0.0,8.9,99,1017.5,13,36.0,37.4,634.0,6.2,140.0,9.4
2026-01-28 18:00:00,2026,1,28,18,Thanh Hóa,Xã Tượng Lĩnh,19.5671309,105.7072205,119,Unhealthy for Sensitive Groups,2,18.5,86,0.0,7.2,96,1017.4,4,36.3,37.7,658.0,9.3,126.0,9.3
2026-01-28 19:00:00,2026,1,28,19,Thanh Hóa,Xã Tượng Lĩnh,19.5671309,105.7072205,119,Unhealthy for Sensitive Groups,2,18.4,92,0.0,6.9,105,1017.9,5,35.2,36.9,676.0,12.1,95.0,9.2
2026-01-28 20:00:00,2026,1,28,20,Thanh Hóa,Xã Tượng Lĩnh,19.5671309,105.7072205,121,Unhealthy for Sensitive Groups,2,18.5,92,0.0,7.5,111,1018.1,0,37.0,39.0,683.0,13.1,91.0,9.6
2026-01-28 21:00:00,2026,1,28,21,Thanh Hóa,Xã Tượng Lĩnh,19.5671309,105.7072205,122,Unhealthy for Sensitive Groups,2,18.5,92,0.0,7.5,120,1018.2,2,39.3,41.8,683.0,14.6,85.0,10.1
2026-01-28 22:00:00,2026,1,28,22,Thanh Hóa,Xã Tượng Lĩnh,19.5671309,105.7072205,123,Unhealthy for Sensitive Groups,2,17.6,93,0.0,4.5,157,1018.2,0,42.7,45.3,682.0,16.0,78.0,10.3
2026-01-28 23:00:00,2026,1,28,23,Thanh Hóa,Xã Tượng Lĩnh,19.5671309,105.7072205,123,Unhealthy for Sensitive Groups,2,17.0,95,0.0,3.0,205,1018.1,20,47.8,50.3,682.0,17.6,68.0,10.0
2026-01-29 00:00:00,2026,1,29,0,Thanh Hóa,Xã Tượng Lĩnh,19.5671309,105.7072205,123,Unhealthy for Sensitive Groups,2,16.2,97,0.0,4.8,248,1017.8,21,52.4,54.7,681.0,19.3,57.0,9.5
2026-01-29 01:00:00,2026,1,29,1,Thanh Hóa,Xã Tượng Lĩnh,19.5671309,105.7072205,123,Unhealthy for Sensitive Groups,2,16.5,97,0.0,6.6,259,1017.6,22,54.9,56.9,678.0,19.9,49.0,9.1
2026-01-29 02:00:00,2026,1,29,2,Thanh Hóa,Xã Tượng Lĩnh,19.5671309,105.7072205,123,Unhealthy for Sensitive Groups,2,16.9,98,0.0,7.4,263,1016.8,14,54.6,56.5,671.0,18.7,49.0,8.9
2026-01-29 03:00:00,2026,1,29,3,Thanh Hóa,Xã Tượng Lĩnh,19.5671309,105.7072205,123,Unhealthy for Sensitive Groups,2,17.4,97,0.0,5.9,259,1016.3,96,52.7,54.4,663.0,16.4,53.0,8.9
2026-01-29 04:00:00,2026,1,29,4,Thanh Hóa,Xã Tượng Lĩnh,19.5671309,105.7072205,123,Unhealthy for Sensitive Groups,2,18.0,94,0.0,6.2,255,1015.9,100,50.1,51.6,661.0,14.8,55.0,8.8
2026-01-29 05:00:00,2026,1,29,5,Thanh Hóa,Xã Tượng Lĩnh,19.5671309,105.7072205,122,Unhealthy for Sensitive Groups,2,18.4,93,0.0,5.7,242,1016.0,100,50.1,51.5,681.0,14.9,52.0,8.7
2026-01-29 06:00:00,2026,1,29,6,Thanh Hóa,Xã Tượng Lĩnh,19.5671309,105.7072205,120,Unhealthy for Sensitive Groups,2,18.8,92,0.0,6.3,235,1016.6,100,49.6,50.9,706.0,15.6,47.0,8.6
2026-01-29 07:00:00,2026,1,29,7,Thanh Hóa,Xã Tượng Lĩnh,19.5671309,105.7072205,118,Unhealthy for Sensitive Groups,2,18.2,93,0.0,7.1,249,1017.2,63,53.3,54.5,695.0,15.1,50.0,7.6
2026-01-29 08:00:00,2026,1,29,8,Thanh Hóa,Xã Tượng Lĩnh,19.5671309,105.7072205,118,Unhealthy for Sensitive Groups,2,19.5,88,0.0,8.6,240,1017.9,14,45.6,46.7,612.0,12.5,65.0,6.8
2026-01-29 09:00:00,2026,1,29,9,Thanh Hóa,Xã Tượng Lĩnh,19.5671309,105.7072205,118,Unhealthy for Sensitive Groups,2,21.1,80,0.0,10.5,202,1018.5,87,38.8,39.7,493.0,8.8,87.0,5.7
2026-01-29 10:00:00,2026,1,29,10,Thanh Hóa,Xã Tượng Lĩnh,19.5671309,105.7072205,118,Unhealthy for Sensitive Groups,2,22.6,72,0.0,12.6,182,1018.5,89,34.2,35.3,399.0,5.8,103.0,4.7
2026-01-29 11:00:00,2026,1,29,11,Thanh Hóa,Xã Tượng Lĩnh,19.5671309,105.7072205,118,Unhealthy for Sensitive Groups,2,23.6,68,0.0,13.7,163,1018.0,98,27.9,29.3,359.0,4.1,109.0,3.8
2026-01-29 12:00:00,2026,1,29,12,Thanh Hóa,Xã Tượng Lĩnh,19.5671309,105.7072205,118,Unhealthy for Sensitive Groups,2,23.9,70,0.0,16.1,140,1016.8,64,23.6,25.2,345.0,3.0,109.0,3.0
2026-01-29 13:00:00,2026,1,29,13,Thanh Hóa,Xã Tượng Lĩnh,19.5671309,105.7072205,116,Unhealthy for Sensitive Groups,2,23.9,70,0.0,16.9,144,1015.5,45,21.5,23.1,336.0,2.4,110.0,2.5
2026-01-29 14:00:00,2026,1,29,14,Thanh Hóa,Xã Tượng Lĩnh,19.5671309,105.7072205,115,Unhealthy for Sensitive Groups,2,24.2,67,0.0,17.5,148,1014.6,50,20.1,21.7,325.0,2.2,115.0,2.5
2026-01-29 15:00:00,2026,1,29,15,Thanh Hóa,Xã Tượng Lĩnh,19.5671309,105.7072205,113,Unhealthy for Sensitive Groups,2,23.4,73,0.0,18.0,139,1014.3,8,19.3,20.9,319.0,2.5,120.0,2.8
2026-01-29 16:00:00,2026,1,29,16,Thanh Hóa,Xã Tượng Lĩnh,19.5671309,105.7072205,111,Unhealthy for Sensitive Groups,2,22.0,81,0.0,18.1,128,1014.3,8,19.7,21.1,312.0,3.5,122.0,3.2
2026-01-29 17:00:00,2026,1,29,17,Thanh Hóa,Xã Tượng Lĩnh,19.5671309,105.7072205,109,Unhealthy for Sensitive Groups,2,21.2,86,0.0,17.6,133,1014.3,2,20.8,22.1,299.0,5.6,117.0,3.5
2026-01-29 18:00:00,2026,1,29,18,Thanh Hóa,Xã Tượng Lĩnh,19.5671309,105.7072205,108,Unhealthy for Sensitive Groups,2,20.5,89,0.0,15.6,141,1014.4,38,22.4,23.7,286.0,8.3,108.0,3.9
2026-01-29 19:00:00,2026,1,29,19,Thanh Hóa,Xã Tượng Lĩnh,19.5671309,105.7072205,106,Unhealthy for Sensitive Groups,2,20.4,92,0.0,13.2,148,1015.0,4,25.4,27.5,280.0,11.9,96.0,4.4
2026-01-29 20:00:00,2026,1,29,20,Thanh Hóa,Xã Tượng Lĩnh,19.5671309,105.7072205,105,Unhealthy for Sensitive Groups,2,20.6,91,0.0,14.3,155,1015.6,12,21.8,24.6,291.0,11.5,90.0,4.5
2026-01-29 21:00:00,2026,1,29,21,Thanh Hóa,Xã Tượng Lĩnh,19.5671309,105.7072205,104,Unhealthy for Sensitive Groups,2,20.5,91,0.0,12.8,164,1016.3,2,19.3,22.9,310.0,10.9,82.0,4.6
2026-01-29 22:00:00,2026,1,29,22,Thanh Hóa,Xã Tượng Lĩnh,19.5671309,105.7072205,102,Unhealthy for Sensitive Groups,2,20.1,92,0.0,10.3,181,1016.6,16,19.6,23.5,321.0,10.8,74.0,4.6
2026-01-29 23:00:00,2026,1,29,23,Thanh Hóa,Xã Tượng Lĩnh,19.5671309,105.7072205,99,Moderate,1,19.9,94,0.0,9.7,190,1016.4,8,22.3,26.7,314.0,11.4,67.0,4.5
2026-01-30 00:00:00,2026,1,30,0,Thanh Hóa,Xã Tượng Lĩnh,19.5671309,105.7072205,97,Moderate,1,19.7,95,0.0,7.7,201,1016.2,9,25.7,30.4,300.0,12.5,60.0,4.4
2026-01-30 01:00:00,2026,1,30,1,Thanh Hóa,Xã Tượng Lĩnh,19.5671309,105.7072205,95,Moderate,1,18.9,96,0.0,5.3,215,1015.8,18,31.1,34.6,292.0,13.6,53.0,4.2
2026-01-30 02:00:00,2026,1,30,2,Thanh Hóa,Xã Tượng Lĩnh,19.5671309,105.7072205,93,Moderate,1,18.4,96,0.0,4.7,223,1015.2,20,36.1,39.0,294.0,14.6,46.0,3.9
2026-01-30 03:00:00,2026,1,30,3,Thanh Hóa,Xã Tượng Lĩnh,19.5671309,105.7072205,91,Moderate,1,18.4,97,0.0,5.0,218,1015.0,36,39.3,42.3,303.0,15.7,38.0,3.6
2026-01-30 04:00:00,2026,1,30,4,Thanh Hóa,Xã Tượng Lĩnh,19.5671309,105.7072205,90,Moderate,1,18.4,98,0.0,5.3,218,1015.3,98,41.2,44.2,323.0,16.9,32.0,3.4
2026-01-30 05:00:00,2026,1,30,5,Thanh Hóa,Xã Tượng Lĩnh,19.5671309,105.7072205,89,Moderate,1,18.3,98,0.0,5.1,222,1015.6,100,42.7,45.6,369.0,18.9,26.0,3.6
2026-01-30 06:00:00,2026,1,30,6,Thanh Hóa,Xã Tượng Lĩnh,19.5671309,105.7072205,88,Moderate,1,18.4,98,0.0,4.7,238,1016.2,100,43.9,46.6,426.0,21.1,21.0,3.9
2026-01-30 07:00:00,2026,1,30,7,Thanh Hóa,Xã Tượng Lĩnh,19.5671309,105.7072205,88,Moderate,1,19.0,98,0.0,5.4,200,1017.0,100,50.3,52.9,450.0,25.6,22.0,5.6
2026-01-30 08:00:00,2026,1,30,8,Thanh Hóa,Xã Tượng Lĩnh,19.5671309,105.7072205,88,Moderate,1,20.4,93,0.0,4.2,216,1018.0,62,31.9,34.1,413.0,20.0,42.0,4.9
2026-01-30 09:00:00,2026,1,30,9,Thanh Hóa,Xã Tượng Lĩnh,19.5671309,105.7072205,86,Moderate,1,22.2,84,0.1,7.9,183,1018.8,85,21.5,23.6,343.0,12.2,70.0,4.0
2026-01-30 10:00:00,2026,1,30,10,Thanh Hóa,Xã Tượng Lĩnh,19.5671309,105.7072205,85,Moderate,1,23.7,74,0.1,12.3,159,1019.2,77,19.1,21.3,288.0,6.2,92.0,3.3
2026-01-30 11:00:00,2026,1,30,11,Thanh Hóa,Xã Tượng Lĩnh,19.5671309,105.7072205,84,Moderate,1,24.1,73,0.3,14.2,150,1018.6,66,17.3,19.6,268.0,3.8,104.0,2.9
2026-01-30 12:00:00,2026,1,30,12,Thanh Hóa,Xã Tượng Lĩnh,19.5671309,105.7072205,83,Moderate,1,24.4,71,0.2,15.1,144,1017.6,66,17.6,20.1,262.0,3.2,110.0,2.8
2026-01-30 13:00:00,2026,1,30,13,Thanh Hóa,Xã Tượng Lĩnh,19.5671309,105.7072205,82,Moderate,1,24.1,72,0.2,16.7,144,1016.6,63,16.1,18.5,258.0,3.0,114.0,2.7
2026-01-30 14:00:00,2026,1,30,14,Thanh Hóa,Xã Tượng Lĩnh,19.5671309,105.7072205,82,Moderate,1,24.3,71,0.0,16.8,145,1015.6,82,15.4,17.7,249.0,2.7,118.0,2.7
2026-01-30 15:00:00,2026,1,30,15,Thanh Hóa,Xã Tượng Lĩnh,19.5671309,105.7072205,81,Moderate,1,23.8,73,0.0,14.8,140,1015.0,80,14.8,17.1,242.0,2.8,120.0,2.8
2026-01-30 16:00:00,2026,1,30,16,Thanh Hóa,Xã Tượng Lĩnh,19.5671309,105.7072205,81,Moderate,1,23.3,77,0.0,14.5,131,1014.8,9,14.2,16.5,244.0,4.0,117.0,3.1
2026-01-30 17:00:00,2026,1,30,17,Thanh Hóa,Xã Tượng Lĩnh,19.5671309,105.7072205,80,Moderate,1,22.1,84,0.0,12.8,122,1015.1,73,13.4,15.7,259.0,6.8,107.0,3.4
2026-01-30 18:00:00,2026,1,30,18,Thanh Hóa,Xã Tượng Lĩnh,19.5671309,105.7072205,80,Moderate,1,20.5,93,0.0,8.7,128,1015.5,7,14.6,17.6,282.0,10.7,92.0,3.9
2026-01-30 19:00:00,2026,1,30,19,Thanh Hóa,Xã Tượng Lĩnh,19.5671309,105.7072205,79,Moderate,1,20.2,96,0.0,6.7,126,1016.1,24,20.0,23.9,308.0,15.9,73.0,5.2
2026-01-30 20:00:00,2026,1,30,20,Thanh Hóa,Xã Tượng Lĩnh,19.5671309,105.7072205,78,Moderate,1,20.2,95,0.0,6.7,136,1017.0,1,22.6,26.9,338.0,18.3,69.0,6.8
2026-01-30 21:00:00,2026,1,30,21,Thanh Hóa,Xã Tượng Lĩnh,19.5671309,105.7072205,79,Moderate,1,20.1,95,0.0,6.1,137,1017.4,23,25.9,30.5,372.0,21.7,63.0,8.9
2026-01-30 22:00:00,2026,1,30,22,Thanh Hóa,Xã Tượng Lĩnh,19.5671309,105.7072205,79,Moderate,1,19.4,95,0.0,2.7,157,1017.9,0,29.9,34.8,398.0,24.5,55.0,9.9
2026-01-30 23:00:00,2026,1,30,23,Thanh Hóa,Xã Tượng Lĩnh,19.5671309,105.7072205,80,Moderate,1,18.6,97,0.0,2.4,253,1017.9,0,35.9,41.2,413.0,26.7,44.0,8.4
2026-01-31 00:00:00,2026,1,31,0,Thanh Hóa,Xã Tượng Lĩnh,19.5671309,105.7072205,81,Moderate,1,17.5,99,0.0,3.9,283,1018.2,10,59.5,63.6,422.0,28.3,31.0,5.8
2026-01-31 01:00:00,2026,1,31,1,Thanh Hóa,Xã Tượng Lĩnh,19.5671309,105.7072205,84,Moderate,1,17.6,100,0.0,2.9,270,1017.8,100,68.5,71.5,426.0,28.1,25.0,4.2
2026-01-31 02:00:00,2026,1,31,2,Thanh Hóa,Xã Tượng Lĩnh,19.5671309,105.7072205,88,Moderate,1,17.9,99,0.0,2.3,270,1017.6,100,56.2,59.6,418.0,24.7,30.0,4.6
2026-01-31 03:00:00,2026,1,31,3,Thanh Hóa,Xã Tượng Lĩnh,19.5671309,105.7072205,89,Moderate,1,18.6,99,0.0,1.3,278,1017.4,100,48.8,52.4,406.0,19.5,41.0,6.0
2026-01-31 04:00:00,2026,1,31,4,Thanh Hóa,Xã Tượng Lĩnh,19.5671309,105.7072205,90,Moderate,1,19.0,98,0.0,2.7,337,1017.8,100,38.9,44.4,414.0,15.8,49.0,7.4
2026-01-31 05:00:00,2026,1,31,5,Thanh Hóa,Xã Tượng Lĩnh,19.5671309,105.7072205,90,Moderate,1,19.1,99,0.0,5.4,345,1018.3,100,38.0,41.1,473.0,15.3,48.0,8.5
2026-01-31 06:00:00,2026,1,31,6,Thanh Hóa,Xã Tượng Lĩnh,19.5671309,105.7072205,90,Moderate,1,19.2,100,0.0,5.6,4,1019.1,100,37.0,39.2,551.0,16.3,45.0,9.6
2026-01-31 07:00:00,2026,1,31,7,Thanh Hóa,Xã Tượng Lĩnh,19.5671309,105.7072205,89,Moderate,1,19.5,97,0.1,4.5,34,1019.7,68,34.2,35.7,580.0,15.4,43.0,8.7
2026-01-31 08:00:00,2026,1,31,8,Thanh Hóa,Xã Tượng Lĩnh,19.5671309,105.7072205,88,Moderate,1,20.6,91,0.1,8.9,40,1020.6,63,27.5,28.6,502.0,13.7,55.0,9.3
2026-01-31 09:00:00,2026,1,31,9,Thanh Hóa,Xã Tượng Lĩnh,19.5671309,105.7072205,87,Moderate,1,21.5,87,0.1,15.2,53,1021.5,28,19.1,20.6,375.0,11.2,72.0,10.2
2026-01-31 10:00:00,2026,1,31,10,Thanh Hóa,Xã Tượng Lĩnh,19.5671309,105.7072205,87,Moderate,1,22.2,79,0.1,20.0,60,1022.1,61,17.8,19.6,301.0,9.1,87.0,10.8
2026-01-31 11:00:00,2026,1,31,11,Thanh Hóa,Xã Tượng Lĩnh,19.5671309,105.7072205,87,Moderate,1,22.1,74,0.0,23.0,59,1021.9,99,17.2,19.0,340.0,7.6,97.0,10.8
2026-01-31 12:00:00,2026,1,31,12,Thanh Hóa,Xã Tượng Lĩnh,19.5671309,105.7072205,87,Moderate,1,21.4,74,0.0,24.2,65,1021.1,98,20.8,22.5,432.0,6.3,105.0,10.5
2026-01-31 13:00:00,2026,1,31,13,Thanh Hóa,Xã Tượng Lĩnh,19.5671309,105.7072205,87,Moderate,1,21.8,73,0.0,24.0,75,1020.1,84,23.7,25.4,501.0,5.5,113.0,10.6
2026-01-31 14:00:00,2026,1,31,14,Thanh Hóa,Xã Tượng Lĩnh,19.5671309,105.7072205,88,Moderate,1,21.5,73,0.0,22.5,74,1019.2,41,25.7,27.4,510.0,4.9,123.0,11.5
2026-01-31 15:00:00,2026,1,31,15,Thanh Hóa,Xã Tượng Lĩnh,19.5671309,105.7072205,89,Moderate,1,21.0,73,0.0,20.7,71,1018.8,34,32.0,34.2,495.0,4.7,132.0,12.7
2026-01-31 16:00:00,2026,1,31,16,Thanh Hóa,Xã Tượng Lĩnh,19.5671309,105.7072205,90,Moderate,1,20.5,74,0.0,19.1,70,1018.9,30,28.2,29.7,491.0,5.6,135.0,13.7
2026-01-31 17:00:00,2026,1,31,17,Thanh Hóa,Xã Tượng Lĩnh,19.5671309,105.7072205,91,Moderate,1,20.0,76,0.0,16.6,73,1019.4,45,28.5,30.2,513.0,8.3,127.0,14.1
2026-01-31 18:00:00,2026,1,31,18,Thanh Hóa,Xã Tượng Lĩnh,19.5671309,105.7072205,93,Moderate,1,19.1,81,0.0,12.7,75,1019.4,13,30.0,31.4,546.0,12.2,114.0,14.2
2026-01-31 19:00:00,2026,1,31,19,Thanh Hóa,Xã Tượng Lĩnh,19.5671309,105.7072205,94,Moderate,1,18.9,84,0.0,11.7,79,1019.7,2,25.1,26.4,578.0,12.0,93.0,11.7
2026-01-31 20:00:00,2026,1,31,20,Thanh Hóa,Xã Tượng Lĩnh,19.5671309,105.7072205,95,Moderate,1,18.9,85,0.0,10.8,79,1020.4,4,24.9,26.3,606.0,12.9,88.0,11.5
2026-01-31 21:00:00,2026,1,31,21,Thanh Hóa,Xã Tượng Lĩnh,19.5671309,105.7072205,95,Moderate,1,18.6,85,0.0,9.2,83,1020.6,7,25.4,27.1,633.0,14.0,81.0,11.1
2026-01-31 22:00:00,2026,1,31,22,Thanh Hóa,Xã Tượng Lĩnh,19.5671309,105.7072205,95,Moderate,1,18.1,89,0.0,6.2,82,1021.0,16,27.6,30.7,653.0,15.1,75.0,11.0
2026-01-31 23:00:00,2026,1,31,23,Thanh Hóa,Xã Tượng Lĩnh,19.5671309,105.7072205,95,Moderate,1,17.5,90,0.0,4.2,50,1021.0,27,29.3,32.6,660.0,15.7,71.0,10.8
2026-02-01 00:00:00,2026,2,1,0,Thanh Hóa,Xã Tượng Lĩnh,19.5671309,105.7072205,94,Moderate,1,17.0,93,0.0,4.4,12,1020.7,82,29.8,33.4,660.0,16.2,67.0,10.8
2026-02-01 01:00:00,2026,2,1,1,Thanh Hóa,Xã Tượng Lĩnh,19.5671309,105.7072205,91,Moderate,1,17.0,94,0.0,4.5,346,1020.4,100,28.9,32.5,667.0,16.9,64.0,11.8
2026-02-01 02:00:00,2026,2,1,2,Thanh Hóa,Xã Tượng Lĩnh,19.5671309,105.7072205,88,Moderate,1,17.8,91,0.0,6.4,350,1019.7,100,28.3,31.3,688.0,17.9,61.0,14.3
2026-02-01 03:00:00,2026,2,1,3,Thanh Hóa,Xã Tượng Lĩnh,19.5671309,105.7072205,85,Moderate,1,18.1,90,0.0,8.3,13,1019.6,100,29.9,31.3,717.0,19.0,57.0,17.7
2026-02-01 04:00:00,2026,2,1,4,Thanh Hóa,Xã Tượng Lĩnh,19.5671309,105.7072205,84,Moderate,1,18.4,89,0.0,10.3,25,1019.8,100,31.3,32.2,741.0,20.7,53.0,21.1
2026-02-01 05:00:00,2026,2,1,5,Thanh Hóa,Xã Tượng Lĩnh,19.5671309,105.7072205,83,Moderate,1,18.4,86,0.0,12.2,37,1020.2,100,32.6,33.4,765.0,23.8,46.0,24.5
2026-02-01 06:00:00,2026,2,1,6,Thanh Hóa,Xã Tượng Lĩnh,19.5671309,105.7072205,83,Moderate,1,18.5,83,0.0,12.5,43,1021.3,100,32.5,33.1,786.0,27.4,38.0,27.9
2026-02-01 07:00:00,2026,2,1,7,Thanh Hóa,Xã Tượng Lĩnh,19.5671309,105.7072205,82,Moderate,1,18.2,87,0.0,12.1,27,1021.8,100,24.3,25.1,781.0,21.6,47.0,20.0
2026-02-01 08:00:00,2026,2,1,8,Thanh Hóa,Xã Tượng Lĩnh,19.5671309,105.7072205,81,Moderate,1,18.9,82,0.0,14.7,31,1022.5,65,22.1,22.8,730.0,19.4,51.0,20.5
2026-02-01 09:00:00,2026,2,1,9,Thanh Hóa,Xã Tượng Lĩnh,19.5671309,105.7072205,81,Moderate,1,19.8,75,0.0,18.0,44,1023.4,70,21.4,22.1,655.0,16.4,58.0,21.2
2026-02-01 10:00:00,2026,2,1,10,Thanh Hóa,Xã Tượng Lĩnh,19.5671309,105.7072205,81,Moderate,1,20.5,71,0.1,18.5,47,1023.8,88,22.0,22.9,594.0,13.7,66.0,21.6
2026-02-01 11:00:00,2026,2,1,11,Thanh Hóa,Xã Tượng Lĩnh,19.5671309,105.7072205,81,Moderate,1,21.0,68,0.0,19.0,50,1023.3,92,24.7,25.8,565.0,11.9,77.0,21.7
2026-02-01 12:00:00,2026,2,1,12,Thanh Hóa,Xã Tượng Lĩnh,19.5671309,105.7072205,82,Moderate,1,21.1,66,0.0,18.3,53,1022.4,52,27.8,28.9,551.0,10.5,89.0,21.6
2026-02-01 13:00:00,2026,2,1,13,Thanh Hóa,Xã Tượng Lĩnh,19.5671309,105.7072205,83,Moderate,1,21.0,67,0.0,17.6,58,1021.1,26,30.2,31.2,544.0,9.4,99.0,21.1
2026-02-01 14:00:00,2026,2,1,14,Thanh Hóa,Xã Tượng Lĩnh,19.5671309,105.7072205,83,Moderate,1,20.9,67,0.0,17.4,72,1020.4,9,32.2,33.3,542.0,8.3,107.0,20.0
2026-02-01 15:00:00,2026,2,1,15,Thanh Hóa,Xã Tượng Lĩnh,19.5671309,105.7072205,84,Moderate,1,20.2,70,0.0,17.4,77,1020.0,10,32.8,33.9,547.0,7.4,114.0,18.5
2026-02-01 16:00:00,2026,2,1,16,Thanh Hóa,Xã Tượng Lĩnh,19.5671309,105.7072205,84,Moderate,1,19.9,73,0.0,15.9,76,1020.0,0,32.7,33.9,554.0,7.5,116.0,17.0
2026-02-01 17:00:00,2026,2,1,17,Thanh Hóa,Xã Tượng Lĩnh,19.5671309,105.7072205,84,Moderate,1,19.3,75,0.0,15.0,74,1020.1,2,32.4,33.5,563.0,9.1,110.0,15.4
2026-02-01 18:00:00,2026,2,1,18,Thanh Hóa,Xã Tượng Lĩnh,19.5671309,105.7072205,85,Moderate,1,18.1,82,0.0,12.4,71,1020.4,3,32.4,33.4,574.0,11.7,100.0,13.9
2026-02-01 19:00:00,2026,2,1,19,Thanh Hóa,Xã Tượng Lĩnh,19.5671309,105.7072205,85,Moderate,1,17.8,86,0.0,10.5,68,1020.8,4,24.5,25.6,589.0,10.7,84.0,9.7
2026-02-01 20:00:00,2026,2,1,20,Thanh Hóa,Xã Tượng Lĩnh,19.5671309,105.7072205,85,Moderate,1,17.7,87,0.0,9.1,68,1021.4,2,23.2,24.3,610.0,11.3,81.0,9.5
2026-02-01 21:00:00,2026,2,1,21,Thanh Hóa,Xã Tượng Lĩnh,19.5671309,105.7072205,85,Moderate,1,17.4,89,0.0,6.9,59,1021.7,0,23.0,24.3,634.0,12.3,77.0,9.1
2026-02-01 22:00:00,2026,2,1,22,Thanh Hóa,Xã Tượng Lĩnh,19.5671309,105.7072205,84,Moderate,1,16.8,92,0.0,5.0,38,1021.6,2,26.4,27.9,656.0,13.6,71.0,9.0
2026-02-01 23:00:00,2026,2,1,23,Thanh Hóa,Xã Tượng Lĩnh,19.5671309,105.7072205,84,Moderate,1,16.2,93,0.0,4.2,355,1021.8,20,32.1,33.6,674.0,15.7,61.0,9.0
2026-02-02 00:00:00,2026,2,2,0,Thanh Hóa,Xã Tượng Lĩnh,19.5671309,105.7072205,85,Moderate,1,15.9,93,0.0,5.4,340,1021.6,47,36.6,38.1,690.0,18.2,50.0,9.1
2026-02-02 01:00:00,2026,2,2,1,Thanh Hóa,Xã Tượng Lĩnh,19.5671309,105.7072205,85,Moderate,1,15.9,94,0.0,6.2,338,1021.0,45,39.1,40.4,706.0,19.7,43.0,9.8
2026-02-02 02:00:00,2026,2,2,2,Thanh Hóa,Xã Tượng Lĩnh,19.5671309,105.7072205,86,Moderate,1,16.1,93,0.0,9.0,337,1021.0,65,38.8,39.7,724.0,19.0,44.0,11.1
2026-02-02 03:00:00,2026,2,2,3,Thanh Hóa,Xã Tượng Lĩnh,19.5671309,105.7072205,87,Moderate,1,16.1,91,0.0,10.2,342,1021.0,100,37.7,38.6,741.0,17.3,50.0,13.0
2026-02-02 04:00:00,2026,2,2,4,Thanh Hóa,Xã Tượng Lĩnh,19.5671309,105.7072205,88,Moderate,1,16.5,90,0.1,10.4,343,1021.2,100,36.0,36.8,750.0,16.4,54.0,15.3
2026-02-02 05:00:00,2026,2,2,5,Thanh Hóa,Xã Tượng Lĩnh,19.5671309,105.7072205,88,Moderate,1,16.9,90,0.3,12.8,9,1021.7,100,34.1,34.9,752.0,17.6,54.0,18.2
2026-02-02 06:00:00,2026,2,2,6,Thanh Hóa,Xã Tượng Lĩnh,19.5671309,105.7072205,88,Moderate,1,17.2,94,0.6,15.5,22,1022.4,100,34.8,35.6,747.0,19.7,52.0,21.5
2026-02-02 07:00:00,2026,2,2,7,Thanh Hóa,Xã Tượng Lĩnh,19.5671309,105.7072205,88,Moderate,1,17.6,91,0.1,16.8,26,1023.1,100,34.6,35.4,723.0,19.8,55.0,21.8
2026-02-02 08:00:00,2026,2,2,8,Thanh Hóa,Xã Tượng Lĩnh,19.5671309,105.7072205,89,Moderate,1,18.3,85,0.0,19.8,33,1024.1,94,36.2,36.8,665.0,19.9,55.0,24.6
2026-02-02 09:00:00,2026,2,2,9,Thanh Hóa,Xã Tượng Lĩnh,19.5671309,105.7072205,91,Moderate,1,19.5,72,0.0,20.3,40,1025.0,100,38.1,38.6,590.0,19.9,55.0,28.5
2026-02-02 10:00:00,2026,2,2,10,Thanh Hóa,Xã Tượng Lĩnh,19.5671309,105.7072205,92,Moderate,1,20.3,67,0.1,22.9,44,1025.1,100,39.9,40.6,533.0,19.1,60.0,30.9
2026-02-02 11:00:00,2026,2,2,11,Thanh Hóa,Xã Tượng Lĩnh,19.5671309,105.7072205,94,Moderate,1,20.2,68,0.1,22.0,45,1024.7,100,43.4,44.2,512.0,16.5,74.0,30.6
2026-02-02 12:00:00,2026,2,2,12,Thanh Hóa,Xã Tượng Lĩnh,19.5671309,105.7072205,95,Moderate,1,20.3,68,0.0,19.6,48,1023.8,100,45.6,46.4,511.0,13.1,92.0,28.8
2026-02-02 13:00:00,2026,2,2,13,Thanh Hóa,Xã Tượng Lĩnh,19.5671309,105.7072205,97,Moderate,1,20.3,68,0.0,17.4,54,1022.9,100,46.8,47.7,514.0,10.7,106.0,27.4
2026-02-02 14:00:00,2026,2,2,14,Thanh Hóa,Xã Tượng Lĩnh,19.5671309,105.7072205,98,Moderate,1,20.7,64,0.0,17.3,62,1021.8,98,46.1,46.9,518.0,9.9,114.0,26.5
2026-02-02 15:00:00,2026,2,2,15,Thanh Hóa,Xã Tượng Lĩnh,19.5671309,105.7072205,100,Moderate,1,20.8,63,0.0,18.4,65,1021.1,30,47.1,48.1,527.0,10.3,117.0,25.9
2026-02-02 16:00:00,2026,2,2,16,Thanh Hóa,Xã Tượng Lĩnh,19.5671309,105.7072205,101,Unhealthy for Sensitive Groups,2,20.3,67,0.0,17.6,72,1021.1,45,48.9,49.8,536.0,12.1,115.0,26.5
2026-02-02 17:00:00,2026,2,2,17,Thanh Hóa,Xã Tượng Lĩnh,19.5671309,105.7072205,103,Unhealthy for Sensitive Groups,2,19.1,73,0.0,16.8,73,1021.5,29,51.0,51.8,535.0,16.3,105.0,29.1
2026-02-02 18:00:00,2026,2,2,18,Thanh Hóa,Xã Tượng Lĩnh,19.5671309,105.7072205,105,Unhealthy for Sensitive Groups,2,18.1,79,0.0,15.2,66,1021.6,4,54.2,54.9,534.0,21.9,89.0,32.8
2026-02-02 19:00:00,2026,2,2,19,Thanh Hóa,Xã Tượng Lĩnh,19.5671309,105.7072205,107,Unhealthy for Sensitive Groups,2,18.4,78,0.0,13.3,57,1022.3,34,49.0,49.4,560.0,20.6,81.0,29.8
2026-02-02 20:00:00,2026,2,2,20,Thanh Hóa,Xã Tượng Lĩnh,19.5671309,105.7072205,109,Unhealthy for Sensitive Groups,2,18.0,80,0.0,11.8,33,1022.9,2,53.8,54.1,642.0,24.1,70.0,34.3
2026-02-02 21:00:00,2026,2,2,21,Thanh Hóa,Xã Tượng Lĩnh,19.5671309,105.7072205,113,Unhealthy for Sensitive Groups,2,16.9,81,0.0,11.2,1,1023.2,2,58.6,58.9,752.0,29.0,55.0,40.5
2026-02-02 22:00:00,2026,2,2,22,Thanh Hóa,Xã Tượng Lĩnh,19.5671309,105.7072205,116,Unhealthy for Sensitive Groups,2,15.9,79,0.0,8.1,3,1023.7,16,63.1,63.6,832.0,33.0,42.0,44.8
2026-02-02 23:00:00,2026,2,2,23,Thanh Hóa,Xã Tượng Lĩnh,19.5671309,105.7072205,120,Unhealthy for Sensitive Groups,2,15.8,78,0.0,8.8,17,1023.7,61,66.6,67.1,854.0,35.1,33.0,45.6
2026-02-03 00:00:00,2026,2,3,0,Thanh Hóa,Xã Tượng Lĩnh,19.5671309,105.7072205,124,Unhealthy for Sensitive Groups,2,15.9,76,0.0,10.7,7,1023.2,100,69.4,70.1,846.0,36.3,27.0,44.5
2026-02-03 01:00:00,2026,2,3,1,Thanh Hóa,Xã Tượng Lĩnh,19.5671309,105.7072205,127,Unhealthy for Sensitive Groups,2,15.9,75,0.0,9.6,9,1022.8,14,72.6,73.3,832.0,36.8,22.0,42.8
2026-02-03 02:00:00,2026,2,3,2,Thanh Hóa,Xã Tượng Lĩnh,19.5671309,105.7072205,131,Unhealthy for Sensitive Groups,2,15.0,80,0.0,6.1,341,1022.4,15,76.6,77.3,812.0,36.5,18.0,40.4
2026-02-03 03:00:00,2026,2,3,3,Thanh Hóa,Xã Tượng Lĩnh,19.5671309,105.7072205,135,Unhealthy for Sensitive Groups,2,14.4,83,0.0,7.3,314,1022.1,10,79.4,80.1,787.0,35.6,16.0,37.4
2026-02-03 04:00:00,2026,2,3,4,Thanh Hóa,Xã Tượng Lĩnh,19.5671309,105.7072205,139,Unhealthy for Sensitive Groups,2,13.9,85,0.0,6.1,310,1022.3,2,79.4,80.1,778.0,34.1,15.0,34.7
2026-02-03 05:00:00,2026,2,3,5,Thanh Hóa,Xã Tượng Lĩnh,19.5671309,105.7072205,143,Unhealthy for Sensitive Groups,2,13.6,87,0.0,5.8,321,1022.3,1,79.2,79.9,810.0,32.1,13.0,31.9
2026-02-03 06:00:00,2026,2,3,6,Thanh Hóa,Xã Tượng Lĩnh,19.5671309,105.7072205,148,Unhealthy for Sensitive Groups,2,13.2,89,0.0,5.6,329,1023.1,4,80.1,80.8,858.0,29.7,11.0,29.5
2026-02-03 07:00:00,2026,2,3,7,Thanh Hóa,Xã Tượng Lĩnh,19.5671309,105.7072205,151,Unhealthy,3,13.9,86,0.0,6.3,347,1023.7,37,92.2,93.1,876.0,31.0,14.0,31.9
2026-02-03 08:00:00,2026,2,3,8,Thanh Hóa,Xã Tượng Lĩnh,19.5671309,105.7072205,152,Unhealthy,3,15.9,79,0.0,8.7,339,1024.1,94,87.5,88.2,836.0,28.9,26.0,39.6
2026-02-03 09:00:00,2026,2,3,9,Thanh Hóa,Xã Tượng Lĩnh,19.5671309,105.7072205,153,Unhealthy,3,18.2,69,0.0,10.5,343,1024.8,94,67.5,68.2,765.0,25.9,44.0,49.7
2026-02-03 10:00:00,2026,2,3,10,Thanh Hóa,Xã Tượng Lĩnh,19.5671309,105.7072205,154,Unhealthy,3,19.6,67,0.0,11.2,2,1025.0,99,56.7,57.6,694.0,22.4,61.0,53.7
2026-02-03 11:00:00,2026,2,3,11,Thanh Hóa,Xã Tượng Lĩnh,19.5671309,105.7072205,154,Unhealthy,3,20.8,64,0.0,10.8,38,1024.1,98,50.8,51.9,625.0,18.0,78.0,45.9
2026-02-03 12:00:00,2026,2,3,12,Thanh Hóa,Xã Tượng Lĩnh,19.5671309,105.7072205,154,Unhealthy,3,21.3,63,0.0,9.6,50,1023.1,95,47.4,48.7,556.0,13.1,94.0,32.0
2026-02-03 13:00:00,2026,2,3,13,Thanh Hóa,Xã Tượng Lĩnh,19.5671309,105.7072205,154,Unhealthy,3,21.1,63,0.0,10.9,66,1022.1,100,45.8,47.1,506.0,9.4,107.0,20.6
2026-02-03 14:00:00,2026,2,3,14,Thanh Hóa,Xã Tượng Lĩnh,19.5671309,105.7072205,154,Unhealthy,3,20.9,66,0.0,12.6,86,1021.0,100,46.1,47.5,484.0,7.3,115.0,15.2
2026-02-03 15:00:00,2026,2,3,15,Thanh Hóa,Xã Tượng Lĩnh,19.5671309,105.7072205,154,Unhealthy,3,20.5,69,0.0,13.2,92,1020.4,98,46.6,48.2,482.0,6.3,119.0,12.3
2026-02-03 16:00:00,2026,2,3,16,Thanh Hóa,Xã Tượng Lĩnh,19.5671309,105.7072205,154,Unhealthy,3,20.1,70,0.0,12.3,93,1020.2,48,45.3,47.0,492.0,6.8,118.0,10.4
2026-02-03 17:00:00,2026,2,3,17,Thanh Hóa,Xã Tượng Lĩnh,19.5671309,105.7072205,154,Unhealthy,3,19.6,72,0.0,9.6,98,1020.0,53,44.8,46.8,516.0,9.6,111.0,9.2
2026-02-03 18:00:00,2026,2,3,18,Thanh Hóa,Xã Tượng Lĩnh,19.5671309,105.7072205,154,Unhealthy,3,18.5,81,0.0,6.6,103,1019.9,10,46.9,48.8,552.0,13.8,99.0,9.0
2026-02-03 19:00:00,2026,2,3,19,Thanh Hóa,Xã Tượng Lĩnh,19.5671309,105.7072205,154,Unhealthy,3,18.5,86,0.0,8.4,97,1020.1,10,49.1,50.8,586.0,18.0,73.0,12.2
2026-02-03 20:00:00,2026,2,3,20,Thanh Hóa,Xã Tượng Lĩnh,19.5671309,105.7072205,154,Unhealthy,3,17.9,90,0.0,6.2,102,1020.5,2,50.4,52.2,618.0,18.5,73.0,12.2
2026-02-03 21:00:00,2026,2,3,21,Thanh Hóa,Xã Tượng Lĩnh,19.5671309,105.7072205,154,Unhealthy,3,17.4,90,0.0,5.2,119,1020.9,2,52.4,54.2,648.0,19.3,73.0,12.1
2026-02-03 22:00:00,2026,2,3,22,Thanh Hóa,Xã Tượng Lĩnh,19.5671309,105.7072205,154,Unhealthy,3,17.0,90,0.0,4.4,142,1020.8,0,54.9,56.9,663.0,20.3,70.0,11.9
2026-02-03 23:00:00,2026,2,3,23,Thanh Hóa,Xã Tượng Lĩnh,19.5671309,105.7072205,153,Unhealthy,3,16.8,91,0.0,2.9,169,1020.4,1,59.8,61.7,650.0,22.1,61.0,11.6
2026-02-04 00:00:00,2026,2,4,0,Thanh Hóa,Xã Tượng Lĩnh,19.5671309,105.7072205,153,Unhealthy,3,16.2,93,0.0,1.4,220,1020.0,10,63.3,65.2,622.0,24.2,50.0,11.2
2026-02-04 01:00:00,2026,2,4,1,Thanh Hóa,Xã Tượng Lĩnh,19.5671309,105.7072205,153,Unhealthy,3,15.6,97,0.0,2.1,250,1019.2,2,65.9,67.5,600.0,25.1,41.0,10.8
2026-02-04 02:00:00,2026,2,4,2,Thanh Hóa,Xã Tượng Lĩnh,19.5671309,105.7072205,153,Unhealthy,3,15.2,99,0.0,3.6,252,1018.5,43,68.2,69.6,591.0,23.8,38.0,10.6
2026-02-04 03:00:00,2026,2,4,3,Thanh Hóa,Xã Tượng Lĩnh,19.5671309,105.7072205,153,Unhealthy,3,15.6,98,0.0,5.0,226,1018.2,67,67.3,68.5,589.0,21.4,37.0,10.4
2026-02-04 04:00:00,2026,2,4,4,Thanh Hóa,Xã Tượng Lĩnh,19.5671309,105.7072205,153,Unhealthy,3,15.6,98,0.0,5.6,222,1018.0,83,62.6,63.8,593.0,19.2,38.0,10.2
2026-02-04 05:00:00,2026,2,4,5,Thanh Hóa,Xã Tượng Lĩnh,19.5671309,105.7072205,152,Unhealthy,3,15.4,98,0.0,5.4,230,1018.2,88,60.8,61.9,615.0,18.1,37.0,10.2
2026-02-04 06:00:00,2026,2,4,6,Thanh Hóa,Xã Tượng Lĩnh,19.5671309,105.7072205,152,Unhealthy,3,15.4,98,0.0,5.1,234,1018.6,95,60.3,61.2,642.0,17.2,37.0,10.1
2026-02-04 07:00:00,2026,2,4,7,Thanh Hóa,Xã Tượng Lĩnh,19.5671309,105.7072205,151,Unhealthy,3,15.9,96,0.0,5.5,229,1018.8,69,75.4,76.6,642.0,19.1,31.0,10.2
2026-02-04 08:00:00,2026,2,4,8,Thanh Hóa,Xã Tượng Lĩnh,19.5671309,105.7072205,151,Unhealthy,3,18.0,91,0.0,5.3,242,1019.5,25,64.3,65.4,585.0,15.5,51.0,9.3
2026-02-04 09:00:00,2026,2,4,9,Thanh Hóa,Xã Tượng Lĩnh,19.5671309,105.7072205,150,Unhealthy for Sensitive Groups,2,20.3,81,0.0,6.8,215,1020.0,14,55.2,56.6,500.0,10.6,79.0,8.0
2026-02-04 10:00:00,2026,2,4,10,Thanh Hóa,Xã Tượng Lĩnh,19.5671309,105.7072205,150,Unhealthy for Sensitive Groups,2,22.2,69,0.0,9.4,188,1019.8,94,42.8,44.7,437.0,6.6,102.0,6.7
2026-02-04 11:00:00,2026,2,4,11,Thanh Hóa,Xã Tượng Lĩnh,19.5671309,105.7072205,149,Unhealthy for Sensitive Groups,2,23.2,66,0.0,9.8,163,1018.9,100,35.9,37.5,422.0,4.6,114.0,5.2
2026-02-04 12:00:00,2026,2,4,12,Thanh Hóa,Xã Tượng Lĩnh,19.5671309,105.7072205,148,Unhealthy for Sensitive Groups,2,23.2,68,0.0,12.0,125,1017.4,98,31.9,33.3,429.0,3.6,120.0,3.6
2026-02-04 13:00:00,2026,2,4,13,Thanh Hóa,Xã Tượng Lĩnh,19.5671309,105.7072205,146,Unhealthy for Sensitive Groups,2,22.5,73,0.0,17.0,111,1016.4,100,30.3,31.5,431.0,3.1,125.0,2.5
2026-02-04 14:00:00,2026,2,4,14,Thanh Hóa,Xã Tượng Lĩnh,19.5671309,105.7072205,145,Unhealthy for Sensitive Groups,2,22.5,73,0.0,18.7,118,1015.2,48,29.0,30.2,413.0,2.7,131.0,2.3
2026-02-04 15:00:00,2026,2,4,15,Thanh Hóa,Xã Tượng Lĩnh,19.5671309,105.7072205,143,Unhealthy for Sensitive Groups,2,22.2,73,0.0,19.6,120,1014.6,3,28.1,29.2,391.0,2.8,136.0,2.6
2026-02-04 16:00:00,2026,2,4,16,Thanh Hóa,Xã Tượng Lĩnh,19.5671309,105.7072205,141,Unhealthy for Sensitive Groups,2,21.6,76,0.0,18.1,120,1014.2,1,27.9,29.2,383.0,3.8,138.0,3.1
2026-02-04 17:00:00,2026,2,4,17,Thanh Hóa,Xã Tượng Lĩnh,19.5671309,105.7072205,139,Unhealthy for Sensitive Groups,2,20.8,80,0.0,15.7,118,1014.1,3,28.3,29.7,402.0,6.3,134.0,3.9
2026-02-04 18:00:00,2026,2,4,18,Thanh Hóa,Xã Tượng Lĩnh,19.5671309,105.7072205,137,Unhealthy for Sensitive Groups,2,19.6,88,0.0,11.1,121,1014.4,7,32.5,33.8,435.0,9.6,126.0,4.9
2026-02-04 19:00:00,2026,2,4,19,Thanh Hóa,Xã Tượng Lĩnh,19.5671309,105.7072205,136,Unhealthy for Sensitive Groups,2,19.7,89,0.0,11.1,134,1015.3,3,26.7,27.6,462.0,12.9,113.0,5.7
2026-02-04 20:00:00,2026,2,4,20,Thanh Hóa,Xã Tượng Lĩnh,19.5671309,105.7072205,134,Unhealthy for Sensitive Groups,2,19.6,91,0.0,9.4,142,1015.7,0,30.7,32.0,474.0,14.8,106.0,6.9
2026-02-04 21:00:00,2026,2,4,21,Thanh Hóa,Xã Tượng Lĩnh,19.5671309,105.7072205,132,Unhealthy for Sensitive Groups,2,19.4,92,0.0,7.8,158,1016.1,2,36.3,38.0,479.0,17.3,96.0,8.4
2026-02-04 22:00:00,2026,2,4,22,Thanh Hóa,Xã Tượng Lĩnh,19.5671309,105.7072205,130,Unhealthy for Sensitive Groups,2,19.1,93,0.0,6.7,186,1016.1,1,42.4,44.1,480.0,19.0,86.0,9.3
2026-02-04 23:00:00,2026,2,4,23,Thanh Hóa,Xã Tượng Lĩnh,19.5671309,105.7072205,129,Unhealthy for Sensitive Groups,2,18.4,94,0.0,5.3,218,1016.2,5,47.0,48.8,478.0,19.3,75.0,8.8
2026-02-05 00:00:00,2026,2,5,0,Thanh Hóa,Xã Tượng Lĩnh,19.5671309,105.7072205,127,Unhealthy for Sensitive Groups,2,17.9,96,0.0,4.1,255,1015.9,6,48.2,50.1,472.0,18.7,65.0,7.7
2026-02-05 01:00:00,2026,2,5,1,Thanh Hóa,Xã Tượng Lĩnh,19.5671309,105.7072205,126,Unhealthy for Sensitive Groups,2,17.6,97,0.0,4.3,248,1015.6,5,46.0,47.6,463.0,17.6,58.0,6.7
2026-02-05 02:00:00,2026,2,5,2,Thanh Hóa,Xã Tượng Lĩnh,19.5671309,105.7072205,124,Unhealthy for Sensitive Groups,2,17.8,98,0.0,4.5,236,1015.0,33,42.6,44.0,445.0,15.8,58.0,6.3
2026-02-05 03:00:00,2026,2,5,3,Thanh Hóa,Xã Tượng Lĩnh,19.5671309,105.7072205,121,Unhealthy for Sensitive Groups,2,18.1,98,0.0,4.6,231,1014.2,89,38.6,40.0,424.0,13.6,62.0,6.0
2026-02-05 04:00:00,2026,2,5,4,Thanh Hóa,Xã Tượng Lĩnh,19.5671309,105.7072205,118,Unhealthy for Sensitive Groups,2,18.6,98,0.0,5.5,226,1013.9,80,35.6,37.0,416.0,11.7,66.0,5.7
2026-02-05 05:00:00,2026,2,5,5,Thanh Hóa,Xã Tượng Lĩnh,19.5671309,105.7072205,115,Unhealthy for Sensitive Groups,2,19.0,96,0.0,7.0,206,1013.9,88,33.9,35.3,437.0,10.7,69.0,5.3
2026-02-05 06:00:00,2026,2,5,6,Thanh Hóa,Xã Tượng Lĩnh,19.5671309,105.7072205,112,Unhealthy for Sensitive Groups,2,19.5,95,0.0,8.7,202,1014.3,82,33.9,35.2,470.0,10.0,73.0,4.8
2026-02-05 07:00:00,2026,2,5,7,Thanh Hóa,Xã Tượng Lĩnh,19.5671309,105.7072205,110,Unhealthy for Sensitive Groups,2,19.5,94,0.0,8.9,207,1014.9,100,43.9,45.6,481.0,11.5,67.0,5.1
2026-02-05 08:00:00,2026,2,5,8,Thanh Hóa,Xã Tượng Lĩnh,19.5671309,105.7072205,106,Unhealthy for Sensitive Groups,2,20.6,88,0.0,11.6,201,1015.5,100,40.2,41.8,447.0,9.8,72.0,4.4
2026-02-05 09:00:00,2026,2,5,9,Thanh Hóa,Xã Tượng Lĩnh,19.5671309,105.7072205,104,Unhealthy for Sensitive Groups,2,22.1,81,0.0,12.8,189,1016.0,100,33.9,35.5,391.0,7.4,79.0,3.4
2026-02-05 10:00:00,2026,2,5,10,Thanh Hóa,Xã Tượng Lĩnh,19.5671309,105.7072205,102,Unhealthy for Sensitive Groups,2,23.3,75,0.1,11.4,183,1016.1,100,28.0,29.7,349.0,5.4,88.0,2.6
2026-02-05 11:00:00,2026,2,5,11,Thanh Hóa,Xã Tượng Lĩnh,19.5671309,105.7072205,100,Moderate,1,24.5,70,0.0,9.6,167,1015.0,98,27.6,29.0,335.0,4.0,100.0,2.3
2026-02-05 12:00:00,2026,2,5,12,Thanh Hóa,Xã Tượng Lĩnh,19.5671309,105.7072205,99,Moderate,1,25.7,66,0.0,9.8,133,1013.7,93,27.8,29.0,335.0,3.0,113.0,2.1
2026-02-05 13:00:00,2026,2,5,13,Thanh Hóa,Xã Tượng Lĩnh,19.5671309,105.7072205,99,Moderate,1,25.1,70,0.0,17.5,117,1012.4,1,27.8,28.9,336.0,2.5,123.0,2.2
2026-02-05 14:00:00,2026,2,5,14,Thanh Hóa,Xã Tượng Lĩnh,19.5671309,105.7072205,99,Moderate,1,24.1,76,0.0,21.4,123,1011.6,7,27.8,28.9,334.0,2.5,128.0,2.5
2026-02-05 15:00:00,2026,2,5,15,Thanh Hóa,Xã Tượng Lĩnh,19.5671309,105.7072205,99,Moderate,1,23.4,80,0.0,18.0,130,1011.4,2,26.4,27.7,334.0,3.1,130.0,2.9
2026-02-05 16:00:00,2026,2,5,16,Thanh Hóa,Xã Tượng Lĩnh,19.5671309,105.7072205,98,Moderate,1,23.0,83,0.0,15.4,126,1011.5,10,23.9,25.9,338.0,4.2,127.0,3.3
2026-02-05 17:00:00,2026,2,5,17,Thanh Hóa,Xã Tượng Lĩnh,19.5671309,105.7072205,98,Moderate,1,22.0,88,0.0,14.2,116,1011.5,5,19.8,22.1,352.0,6.1,115.0,3.4
2026-02-05 18:00:00,2026,2,5,18,Thanh Hóa,Xã Tượng Lĩnh,19.5671309,105.7072205,97,Moderate,1,21.0,95,0.0,10.2,121,1012.0,16,16.8,18.9,371.0,8.5,97.0,3.4
2026-02-05 19:00:00,2026,2,5,19,Thanh Hóa,Xã Tượng Lĩnh,19.5671309,105.7072205,96,Moderate,1,20.9,97,0.0,9.8,131,1012.7,67,14.4,17.5,383.0,11.7,86.0,3.8
2026-02-05 20:00:00,2026,2,5,20,Thanh Hóa,Xã Tượng Lĩnh,19.5671309,105.7072205,95,Moderate,1,21.0,97,0.0,9.7,151,1013.5,73,15.3,18.9,384.0,12.8,81.0,4.6
2026-02-05 21:00:00,2026,2,5,21,Thanh Hóa,Xã Tượng Lĩnh,19.5671309,105.7072205,93,Moderate,1,21.2,96,0.0,9.3,165,1013.9,100,18.0,22.2,379.0,14.4,73.0,5.8
2026-02-05 22:00:00,2026,2,5,22,Thanh Hóa,Xã Tượng Lĩnh,19.5671309,105.7072205,92,Moderate,1,21.0,96,0.0,7.1,170,1014.2,96,22.9,27.8,372.0,15.6,66.0,6.4
2026-02-05 23:00:00,2026,2,5,23,Thanh Hóa,Xã Tượng Lĩnh,19.5671309,105.7072205,90,Moderate,1,20.9,97,0.0,5.2,166,1013.9,95,28.8,34.5,363.0,16.2,59.0,6.0
2026-02-06 00:00:00,2026,2,6,0,Thanh Hóa,Xã Tượng Lĩnh,19.5671309,105.7072205,88,Moderate,1,20.8,97,0.0,4.4,161,1013.6,98,33.2,38.9,352.0,16.5,52.0,5.1
2026-02-06 01:00:00,2026,2,6,1,Thanh Hóa,Xã Tượng Lĩnh,19.5671309,105.7072205,87,Moderate,1,21.0,97,0.0,6.6,151,1013.3,100,36.1,40.0,344.0,16.6,46.0,4.4
2026-02-06 02:00:00,2026,2,6,2,Thanh Hóa,Xã Tượng Lĩnh,19.5671309,105.7072205,86,Moderate,1,21.1,96,0.0,8.0,155,1012.8,100,37.7,41.3,338.0,16.5,42.0,4.1
2026-02-06 03:00:00,2026,2,6,3,Thanh Hóa,Xã Tượng Lĩnh,19.5671309,105.7072205,86,Moderate,1,20.9,98,0.0,5.9,157,1012.1,100,39.2,42.8,335.0,16.2,40.0,3.9
2026-02-06 04:00:00,2026,2,6,4,Thanh Hóa,Xã Tượng Lĩnh,19.5671309,105.7072205,86,Moderate,1,20.8,98,0.0,4.8,160,1012.1,100,40.9,44.5,338.0,16.1,37.0,3.9
2026-02-06 05:00:00,2026,2,6,5,Thanh Hóa,Xã Tượng Lĩnh,19.5671309,105.7072205,86,Moderate,1,20.7,99,0.0,5.0,150,1012.2,100,40.6,44.0,354.0,17.0,31.0,4.2
2026-02-06 06:00:00,2026,2,6,6,Thanh Hóa,Xã Tượng Lĩnh,19.5671309,105.7072205,87,Moderate,1,20.9,98,0.0,5.1,148,1012.5,100,40.7,44.1,377.0,18.2,26.0,4.6
2026-02-06 07:00:00,2026,2,6,7,Thanh Hóa,Xã Tượng Lĩnh,19.5671309,105.7072205,88,Moderate,1,20.9,99,0.0,2.9,169,1013.1,100,43.2,46.7,390.0,17.8,34.0,5.0
2026-02-06 08:00:00,2026,2,6,8,Thanh Hóa,Xã Tượng Lĩnh,19.5671309,105.7072205,88,Moderate,1,21.4,93,0.0,1.3,270,1013.7,100,28.4,31.0,384.0,14.1,54.0,4.6
2026-02-06 09:00:00,2026,2,6,9,Thanh Hóa,Xã Tượng Lĩnh,19.5671309,105.7072205,86,Moderate,1,22.0,90,0.1,2.3,23,1014.3,100,27.0,28.6,367.0,9.0,82.0,4.1
2026-02-06 10:00:00,2026,2,6,10,Thanh Hóa,Xã Tượng Lĩnh,19.5671309,105.7072205,86,Moderate,1,22.8,86,0.2,5.9,72,1014.5,100,26.3,27.7,350.0,5.4,103.0,3.6
2026-02-06 11:00:00,2026,2,6,11,Thanh Hóa,Xã Tượng Lĩnh,19.5671309,105.7072205,86,Moderate,1,23.0,86,0.1,11.2,91,1014.1,100,26.5,28.0,336.0,4.9,110.0,3.3
2026-02-06 12:00:00,2026,2,6,12,Thanh Hóa,Xã Tượng Lĩnh,19.5671309,105.7072205,86,Moderate,1,23.0,84,0.0,13.1,106,1013.7,100,26.4,27.8,322.0,5.9,111.0,3.1
2026-02-06 13:00:00,2026,2,6,13,Thanh Hóa,Xã Tượng Lĩnh,19.5671309,105.7072205,85,Moderate,1,23.1,81,0.0,12.4,116,1012.6,100,25.8,27.4,305.0,6.6,110.0,2.8
2026-02-06 14:00:00,2026,2,6,14,Thanh Hóa,Xã Tượng Lĩnh,19.5671309,105.7072205,85,Moderate,1,23.2,81,0.0,13.9,115,1011.8,99,22.2,24.2,281.0,5.7,111.0,2.4
2026-02-06 15:00:00,2026,2,6,15,Thanh Hóa,Xã Tượng Lĩnh,19.5671309,105.7072205,85,Moderate,1,23.0,82,0.0,14.1,115,1011.4,47,19.9,22.1,253.0,4.5,110.0,2.0
2026-02-06 16:00:00,2026,2,6,16,Thanh Hóa,Xã Tượng Lĩnh,19.5671309,105.7072205,84,Moderate,1,22.9,84,0.0,13.6,119,1011.4,15,17.5,19.7,235.0,4.7,106.0,1.9
2026-02-06 17:00:00,2026,2,6,17,Thanh Hóa,Xã Tượng Lĩnh,19.5671309,105.7072205,84,Moderate,1,22.3,88,0.0,12.2,112,1011.7,11,15.4,17.6,228.0,7.4,95.0,2.4
2026-02-06 18:00:00,2026,2,6,18,Thanh Hóa,Xã Tượng Lĩnh,19.5671309,105.7072205,83,Moderate,1,21.1,95,0.0,8.7,107,1012.3,4,16.1,18.0,230.0,11.6,80.0,3.2
2026-02-06 19:00:00,2026,2,6,19,Thanh Hóa,Xã Tượng Lĩnh,19.5671309,105.7072205,83,Moderate,1,21.0,99,0.0,6.8,122,1013.0,5,23.2,27.2,244.0,15.3,66.0,4.6
2026-02-06 20:00:00,2026,2,6,20,Thanh Hóa,Xã Tượng Lĩnh,19.5671309,105.7072205,84,Moderate,1,21.0,98,0.0,7.0,140,1013.9,49,26.0,30.5,281.0,17.0,62.0,5.6
2026-02-06 21:00:00,2026,2,6,21,Thanh Hóa,Xã Tượng Lĩnh,19.5671309,105.7072205,85,Moderate,1,21.2,97,0.0,8.4,138,1014.4,100,29.8,34.8,330.0,19.3,56.0,7.1
2026-02-06 22:00:00,2026,2,6,22,Thanh Hóa,Xã Tượng Lĩnh,19.5671309,105.7072205,86,Moderate,1,21.4,94,0.0,8.8,139,1014.6,100,29.7,35.0,357.0,20.6,51.0,8.0
2026-02-06 23:00:00,2026,2,6,23,Thanh Hóa,Xã Tượng Lĩnh,19.5671309,105.7072205,87,Moderate,1,21.6,92,0.0,7.1,135,1014.7,100,27.1,32.9,341.0,19.9,50.0,8.0
2026-02-07 00:00:00,2026,2,7,0,Thanh Hóa,Xã Tượng Lĩnh,19.5671309,105.7072205,86,Moderate,1,21.5,93,0.0,5.2,131,1014.6,100,27.3,33.4,304.0,18.1,50.0,7.5
2026-02-07 01:00:00,2026,2,7,1,Thanh Hóa,Xã Tượng Lĩnh,19.5671309,105.7072205,86,Moderate,1,21.5,95,0.0,6.4,119,1014.0,100,27.4,33.8,273.0,16.8,50.0,7.2
2026-02-07 02:00:00,2026,2,7,2,Thanh Hóa,Xã Tượng Lĩnh,19.5671309,105.7072205,85,Moderate,1,21.2,96,0.0,5.9,121,1013.8,97,27.5,33.9,253.0,16.4,48.0,7.1
2026-02-07 03:00:00,2026,2,7,3,Thanh Hóa,Xã Tượng Lĩnh,19.5671309,105.7072205,84,Moderate,1,21.0,98,0.0,4.1,124,1013.6,100,27.8,34.1,240.0,16.3,45.0,7.2
2026-02-07 04:00:00,2026,2,7,4,Thanh Hóa,Xã Tượng Lĩnh,19.5671309,105.7072205,83,Moderate,1,20.9,98,0.0,5.0,128,1013.8,100,27.7,33.9,250.0,16.7,43.0,7.4
2026-02-07 05:00:00,2026,2,7,5,Thanh Hóa,Xã Tượng Lĩnh,19.5671309,105.7072205,82,Moderate,1,20.9,98,0.0,6.7,124,1014.1,100,27.6,33.4,308.0,17.9,42.0,7.9
2026-02-07 06:00:00,2026,2,7,6,Thanh Hóa,Xã Tượng Lĩnh,19.5671309,105.7072205,81,Moderate,1,21.0,98,0.0,8.1,122,1014.8,100,27.4,32.9,388.0,19.5,43.0,8.5
2026-02-07 07:00:00,2026,2,7,7,Thanh Hóa,Xã Tượng Lĩnh,19.5671309,105.7072205,80,Moderate,1,20.6,98,0.0,4.5,104,1015.5,82,31.1,37.5,430.0,22.5,42.0,9.7
2026-02-07 08:00:00,2026,2,7,8,Thanh Hóa,Xã Tượng Lĩnh,19.5671309,105.7072205,79,Moderate,1,21.9,91,0.0,8.6,112,1016.4,52,21.5,27.2,393.0,18.8,52.0,8.0
2026-02-07 09:00:00,2026,2,7,9,Thanh Hóa,Xã Tượng Lĩnh,19.5671309,105.7072205,78,Moderate,1,22.5,86,0.1,10.7,115,1017.2,70,16.9,21.3,317.0,13.6,65.0,5.6
2026-02-07 10:00:00,2026,2,7,10,Thanh Hóa,Xã Tượng Lĩnh,19.5671309,105.7072205,77,Moderate,1,23.1,82,0.2,10.7,127,1017.5,98,13.2,16.8,259.0,9.4,77.0,3.8
2026-02-07 11:00:00,2026,2,7,11,Thanh Hóa,Xã Tượng Lĩnh,19.5671309,105.7072205,76,Moderate,1,23.5,80,0.2,12.4,121,1017.0,53,11.8,15.1,245.0,7.2,84.0,3.2
2026-02-07 12:00:00,2026,2,7,12,Thanh Hóa,Xã Tượng Lĩnh,19.5671309,105.7072205,75,Moderate,1,23.5,81,0.3,15.7,110,1016.2,55,11.5,14.8,249.0,6.1,89.0,3.2
2026-02-07 13:00:00,2026,2,7,13,Thanh Hóa,Xã Tượng Lĩnh,19.5671309,105.7072205,73,Moderate,1,23.0,82,0.3,17.5,104,1015.2,50,11.1,14.5,255.0,5.2,93.0,3.2
2026-02-07 14:00:00,2026,2,7,14,Thanh Hóa,Xã Tượng Lĩnh,19.5671309,105.7072205,72,Moderate,1,23.1,80,0.0,18.0,102,1014.2,23,10.4,13.3,256.0,4.2,97.0,2.9
2026-02-07 15:00:00,2026,2,7,15,Thanh Hóa,Xã Tượng Lĩnh,19.5671309,105.7072205,71,Moderate,1,22.6,82,0.0,18.3,97,1013.7,30,11.8,14.2,258.0,3.5,101.0,2.6
2026-02-07 16:00:00,2026,2,7,16,Thanh Hóa,Xã Tượng Lĩnh,19.5671309,105.7072205,70,Moderate,1,22.0,86,0.0,17.7,94,1013.5,25,12.3,14.9,261.0,3.8,103.0,2.6
2026-02-07 17:00:00,2026,2,7,17,Thanh Hóa,Xã Tượng Lĩnh,19.5671309,105.7072205,70,Moderate,1,21.5,88,0.0,14.6,91,1014.0,31,14.1,16.8,263.0,5.7,102.0,3.2
2026-02-07 18:00:00,2026,2,7,18,Thanh Hóa,Xã Tượng Lĩnh,19.5671309,105.7072205,70,Moderate,1,20.6,93,0.0,10.7,96,1014.5,29,17.1,19.7,267.0,8.5,100.0,4.1
2026-02-07 19:00:00,2026,2,7,19,Thanh Hóa,Xã Tượng Lĩnh,19.5671309,105.7072205,70,Moderate,1,20.7,98,0.0,11.2,84,1014.9,34,20.2,23.6,278.0,11.2,89.0,4.8
2026-02-07 20:00:00,2026,2,7,20,Thanh Hóa,Xã Tượng Lĩnh,19.5671309,105.7072205,70,Moderate,1,20.8,98,0.0,10.9,73,1015.8,86,22.2,25.4,309.0,11.3,89.0,5.0
2026-02-07 21:00:00,2026,2,7,21,Thanh Hóa,Xã Tượng Lĩnh,19.5671309,105.7072205,69,Moderate,1,20.8,97,0.0,11.4,69,1016.6,88,24.7,28.2,347.0,11.3,88.0,5.2
2026-02-07 22:00:00,2026,2,7,22,Thanh Hóa,Xã Tượng Lĩnh,19.5671309,105.7072205,69,Moderate,1,20.6,97,0.0,11.0,71,1016.8,93,27.4,31.0,364.0,11.0,89.0,5.2
2026-02-07 23:00:00,2026,2,7,23,Thanh Hóa,Xã Tượng Lĩnh,19.5671309,105.7072205,69,Moderate,1,20.5,97,0.0,14.0,75,1016.7,98,29.0,32.5,335.0,10.1,92.0,4.8
2026-02-08 00:00:00,2026,2,8,0,Thanh Hóa,Xã Tượng Lĩnh,19.5671309,105.7072205,69,Moderate,1,20.7,93,0.1,17.2,77,1016.9,95,29.2,31.9,284.0,8.9,96.0,4.3
2026-02-08 01:00:00,2026,2,8,1,Thanh Hóa,Xã Tượng Lĩnh,19.5671309,105.7072205,69,Moderate,1,20.8,95,0.1,14.4,81,1016.8,100,30.3,32.5,253.0,7.9,99.0,4.2
2026-02-08 02:00:00,2026,2,8,2,Thanh Hóa,Xã Tượng Lĩnh,19.5671309,105.7072205,69,Moderate,1,21.0,94,0.0,14.3,72,1016.4,100,27.6,29.4,251.0,7.3,100.0,4.8
2026-02-08 03:00:00,2026,2,8,3,Thanh Hóa,Xã Tượng Lĩnh,19.5671309,105.7072205,69,Moderate,1,21.0,92,0.2,17.8,70,1016.3,100,26.1,27.6,268.0,6.8,100.0,5.8
2026-02-08 04:00:00,2026,2,8,4,Thanh Hóa,Xã Tượng Lĩnh,19.5671309,105.7072205,69,Moderate,1,20.7,94,0.2,21.5,65,1016.2,100,26.3,27.7,319.0,6.6,100.0,7.1
2026-02-08 05:00:00,2026,2,8,5,Thanh Hóa,Xã Tượng Lĩnh,19.5671309,105.7072205,69,Moderate,1,20.5,93,0.1,20.8,65,1016.8,100,28.2,29.7,429.0,6.2,104.0,8.1
2026-02-08 06:00:00,2026,2,8,6,Thanh Hóa,Xã Tượng Lĩnh,19.5671309,105.7072205,69,Moderate,1,20.2,94,0.3,22.6,65,1017.6,100,31.2,32.7,572.0,6.0,108.0,9.4
2026-02-08 07:00:00,2026,2,8,7,Thanh Hóa,Xã Tượng Lĩnh,19.5671309,105.7072205,69,Moderate,1,20.3,93,0.4,23.1,58,1018.4,100,31.2,32.8,683.0,7.8,105.0,10.1
2026-02-08 08:00:00,2026,2,8,8,Thanh Hóa,Xã Tượng Lĩnh,19.5671309,105.7072205,69,Moderate,1,20.0,94,0.6,27.9,50,1019.4,100,32.5,33.9,731.0,9.0,92.0,12.1
2026-02-08 09:00:00,2026,2,8,9,Thanh Hóa,Xã Tượng Lĩnh,19.5671309,105.7072205,70,Moderate,1,20.3,87,0.2,29.0,49,1020.7,100,33.2,34.3,747.0,10.8,75.0,15.1
2026-02-08 10:00:00,2026,2,8,10,Thanh Hóa,Xã Tượng Lĩnh,19.5671309,105.7072205,72,Moderate,1,20.1,83,0.0,33.1,46,1021.4,100,30.3,31.1,758.0,12.9,59.0,18.8
2026-02-08 11:00:00,2026,2,8,11,Thanh Hóa,Xã Tượng Lĩnh,19.5671309,105.7072205,73,Moderate,1,19.7,81,0.0,31.0,41,1021.6,100,27.2,27.6,774.0,15.8,47.0,24.1
2026-02-08 12:00:00,2026,2,8,12,Thanh Hóa,Xã Tượng Lĩnh,19.5671309,105.7072205,75,Moderate,1,18.6,85,0.5,29.1,26,1021.3,100,24.6,24.7,784.0,19.1,38.0,30.2
2026-02-08 13:00:00,2026,2,8,13,Thanh Hóa,Xã Tượng Lĩnh,19.5671309,105.7072205,76,Moderate,1,18.0,92,1.6,25.2,17,1020.6,100,18.1,18.1,783.0,20.9,33.0,33.9
2026-02-08 14:00:00,2026,2,8,14,Thanh Hóa,Xã Tượng Lĩnh,19.5671309,105.7072205,76,Moderate,1,16.9,94,1.9,22.5,357,1020.5,100,13.6,13.6,761.0,19.9,35.0,33.4
2026-02-08 15:00:00,2026,2,8,15,Thanh Hóa,Xã Tượng Lĩnh,19.5671309,105.7072205,77,Moderate,1,15.8,92,1.0,22.3,350,1020.2,100,11.6,11.6,729.0,17.5,41.0,30.6
2026-02-08 16:00:00,2026,2,8,16,Thanh Hóa,Xã Tượng Lĩnh,19.5671309,105.7072205,77,Moderate,1,15.7,85,0.1,23.6,358,1020.4,100,10.9,10.9,707.0,16.0,45.0,28.3
2026-02-08 17:00:00,2026,2,8,17,Thanh Hóa,Xã Tượng Lĩnh,19.5671309,105.7072205,76,Moderate,1,15.5,79,0.0,22.5,352,1020.9,100,11.3,11.3,709.0,16.6,45.0,27.4
2026-02-08 18:00:00,2026,2,8,18,Thanh Hóa,Xã Tượng Lĩnh,19.5671309,105.7072205,76,Moderate,1,14.8,79,0.1,20.6,348,1021.5,100,14.3,14.5,721.0,18.1,43.0,26.9
2026-02-08 19:00:00,2026,2,8,19,Thanh Hóa,Xã Tượng Lĩnh,19.5671309,105.7072205,76,Moderate,1,15.1,77,0.0,22.1,1,1021.5,100,21.3,21.3,730.0,19.9,41.0,28.2
2026-02-08 20:00:00,2026,2,8,20,Thanh Hóa,Xã Tượng Lĩnh,19.5671309,105.7072205,76,Moderate,1,14.8,75,0.0,20.9,3,1022.1,100,21.0,21.0,728.0,20.0,41.0,28.0
2026-02-08 21:00:00,2026,2,8,21,Thanh Hóa,Xã Tượng Lĩnh,19.5671309,105.7072205,76,Moderate,1,14.6,76,0.0,19.1,352,1022.6,100,20.6,20.7,721.0,20.0,40.0,27.6
2026-02-08 22:00:00,2026,2,8,22,Thanh Hóa,Xã Tượng Lĩnh,19.5671309,105.7072205,76,Moderate,1,14.4,76,0.0,19.3,346,1022.8,100,21.1,21.1,716.0,19.8,40.0,27.1
2026-02-08 23:00:00,2026,2,8,23,Thanh Hóa,Xã Tượng Lĩnh,19.5671309,105.7072205,75,Moderate,1,14.1,79,0.0,17.4,344,1022.3,100,20.5,20.5,716.0,19.2,40.0,26.5
2026-02-09 00:00:00,2026,2,9,0,Thanh Hóa,Xã Tượng Lĩnh,19.5671309,105.7072205,74,Moderate,1,13.9,80,0.0,18.3,339,1022.0,100,19.9,20.0,718.0,18.3,41.0,25.8
2026-02-09 01:00:00,2026,2,9,1,Thanh Hóa,Xã Tượng Lĩnh,19.5671309,105.7072205,73,Moderate,1,14.1,83,0.0,18.3,340,1021.7,100,20.4,20.5,711.0,17.5,41.0,25.0
2026-02-09 02:00:00,2026,2,9,2,Thanh Hóa,Xã Tượng Lĩnh,19.5671309,105.7072205,73,Moderate,1,13.9,83,0.0,17.8,342,1020.7,100,19.9,20.0,686.0,16.7,41.0,24.1
2026-02-09 03:00:00,2026,2,9,3,Thanh Hóa,Xã Tượng Lĩnh,19.5671309,105.7072205,72,Moderate,1,13.8,84,0.0,18.1,345,1020.3,100,19.3,19.4,652.0,16.0,42.0,23.1
2026-02-09 04:00:00,2026,2,9,4,Thanh Hóa,Xã Tượng Lĩnh,19.5671309,105.7072205,71,Moderate,1,13.6,84,0.0,17.7,345,1020.2,100,19.1,19.2,631.0,15.5,42.0,22.5
2026-02-09 05:00:00,2026,2,9,5,Thanh Hóa,Xã Tượng Lĩnh,19.5671309,105.7072205,71,Moderate,1,13.6,85,0.0,16.8,351,1019.7,100,19.1,19.3,635.0,15.6,41.0,22.3
2026-02-09 06:00:00,2026,2,9,6,Thanh Hóa,Xã Tượng Lĩnh,19.5671309,105.7072205,70,Moderate,1,13.4,84,0.1,17.2,342,1020.2,100,19.3,19.5,651.0,16.1,40.0,22.4
2026-02-09 07:00:00,2026,2,9,7,Thanh Hóa,Xã Tượng Lĩnh,19.5671309,105.7072205,69,Moderate,1,13.8,84,0.0,13.2,338,1020.9,100,18.7,18.8,661.0,18.8,36.0,24.6
2026-02-09 08:00:00,2026,2,9,8,Thanh Hóa,Xã Tượng Lĩnh,19.5671309,105.7072205,68,Moderate,1,14.2,82,0.0,14.1,347,1021.6,100,19.6,19.8,659.0,17.9,38.0,25.4
2026-02-09 09:00:00,2026,2,9,9,Thanh Hóa,Xã Tượng Lĩnh,19.5671309,105.7072205,67,Moderate,1,14.6,80,0.0,14.7,348,1022.3,100,20.5,20.8,651.0,16.6,41.0,26.5
2026-02-09 10:00:00,2026,2,9,10,Thanh Hóa,Xã Tượng Lĩnh,19.5671309,105.7072205,65,Moderate,1,15.4,79,0.2,14.1,341,1022.5,100,21.7,22.1,637.0,15.3,45.0,27.4
2026-02-09 11:00:00,2026,2,9,11,Thanh Hóa,Xã Tượng Lĩnh,19.5671309,105.7072205,65,Moderate,1,15.9,76,0.0,15.0,336,1021.6,100,22.5,22.9,610.0,13.9,53.0,27.8
2026-02-09 12:00:00,2026,2,9,12,Thanh Hóa,Xã Tượng Lĩnh,19.5671309,105.7072205,64,Moderate,1,16.8,73,0.0,16.0,341,1020.1,100,22.7,23.2,576.0,12.5,62.0,28.1
2026-02-09 13:00:00,2026,2,9,13,Thanh Hóa,Xã Tượng Lĩnh,19.5671309,105.7072205,64,Moderate,1,17.2,72,0.0,15.4,353,1018.9,100,22.7,23.3,553.0,12.1,69.0,28.6
2026-02-09 14:00:00,2026,2,9,14,Thanh Hóa,Xã Tượng Lĩnh,19.5671309,105.7072205,65,Moderate,1,18.2,70,0.0,14.4,356,1018.0,100,23.5,24.1,543.0,12.8,73.0,29.5
2026-02-09 15:00:00,2026,2,9,15,Thanh Hóa,Xã Tượng Lĩnh,19.5671309,105.7072205,65,Moderate,1,18.5,69,0.0,12.1,11,1017.3,100,25.6,26.2,543.0,14.4,74.0,30.7
2026-02-09 16:00:00,2026,2,9,16,Thanh Hóa,Xã Tượng Lĩnh,19.5671309,105.7072205,67,Moderate,1,18.5,70,0.0,9.8,18,1017.1,43,28.3,28.9,562.0,17.3,71.0,32.4
2026-02-09 17:00:00,2026,2,9,17,Thanh Hóa,Xã Tượng Lĩnh,19.5671309,105.7072205,68,Moderate,1,18.2,70,0.0,8.1,32,1017.0,9,30.9,31.5,605.0,22.0,63.0,34.8
2026-02-09 18:00:00,2026,2,9,18,Thanh Hóa,Xã Tượng Lĩnh,19.5671309,105.7072205,70,Moderate,1,17.0,76,0.0,7.1,49,1017.3,6,33.6,34.3,666.0,28.0,50.0,37.6
2026-02-09 19:00:00,2026,2,9,19,Thanh Hóa,Xã Tượng Lĩnh,19.5671309,105.7072205,72,Moderate,1,16.4,80,0.0,7.6,38,1017.6,76,40.4,41.0,737.0,32.3,41.0,39.4
2026-02-09 20:00:00,2026,2,9,20,Thanh Hóa,Xã Tượng Lĩnh,19.5671309,105.7072205,73,Moderate,1,15.9,83,0.0,6.5,30,1018.4,59,44.5,45.2,836.0,36.0,33.0,41.0
2026-02-09 21:00:00,2026,2,9,21,Thanh Hóa,Xã Tượng Lĩnh,19.5671309,105.7072205,75,Moderate,1,15.5,86,0.0,3.5,28,1018.4,6,49.1,49.8,944.0,41.1,23.0,43.2
2026-02-09 22:00:00,2026,2,9,22,Thanh Hóa,Xã Tượng Lĩnh,19.5671309,105.7072205,78,Moderate,1,15.1,88,0.0,1.4,23,1018.4,34,54.6,55.3,1004.0,44.9,14.0,44.3
2026-02-09 23:00:00,2026,2,9,23,Thanh Hóa,Xã Tượng Lĩnh,19.5671309,105.7072205,81,Moderate,1,14.9,89,0.0,2.2,325,1018.4,100,61.0,61.7,976.0,46.3,10.0,43.2
2026-02-10 00:00:00,2026,2,10,0,Thanh Hóa,Xã Tượng Lĩnh,19.5671309,105.7072205,84,Moderate,1,15.7,82,0.0,6.2,316,1018.1,100,63.8,64.5,898.0,46.5,8.0,41.0
2026-02-10 01:00:00,2026,2,10,1,Thanh Hóa,Xã Tượng Lĩnh,19.5671309,105.7072205,88,Moderate,1,15.4,84,0.0,6.4,317,1017.6,100,60.8,61.5,829.0,45.8,7.0,39.1
2026-02-10 02:00:00,2026,2,10,2,Thanh Hóa,Xã Tượng Lĩnh,19.5671309,105.7072205,92,Moderate,1,15.2,86,0.0,6.9,313,1017.2,100,59.5,60.1,783.0,44.4,6.0,38.4
2026-02-10 03:00:00,2026,2,10,3,Thanh Hóa,Xã Tượng Lĩnh,19.5671309,105.7072205,95,Moderate,1,15.3,86,0.0,6.9,311,1016.7,100,58.3,58.7,745.0,42.3,6.0,38.0
2026-02-10 04:00:00,2026,2,10,4,Thanh Hóa,Xã Tượng Lĩnh,19.5671309,105.7072205,99,Moderate,1,15.3,86,0.0,7.0,318,1016.8,100,57.3,57.9,727.0,39.7,7.0,37.3
2026-02-10 05:00:00,2026,2,10,5,Thanh Hóa,Xã Tượng Lĩnh,19.5671309,105.7072205,103,Unhealthy for Sensitive Groups,2,15.4,86,0.0,7.2,323,1017.2,100,56.6,56.9,745.0,36.9,6.0,35.7
2026-02-10 06:00:00,2026,2,10,6,Thanh Hóa,Xã Tượng Lĩnh,19.5671309,105.7072205,107,Unhealthy for Sensitive Groups,2,15.4,86,0.0,7.8,323,1017.8,100,56.0,56.5,783.0,33.8,6.0,33.6
2026-02-10 07:00:00,2026,2,10,7,Thanh Hóa,Xã Tượng Lĩnh,19.5671309,105.7072205,110,Unhealthy for Sensitive Groups,2,15.6,84,0.0,6.9,327,1018.4,100,52.2,52.6,801.0,31.7,17.0,36.5
2026-02-10 08:00:00,2026,2,10,8,Thanh Hóa,Xã Tượng Lĩnh,19.5671309,105.7072205,114,Unhealthy for Sensitive Groups,2,16.2,82,0.0,6.9,330,1019.2,100,47.5,48.0,785.0,27.1,31.0,35.8
2026-02-10 09:00:00,2026,2,10,9,Thanh Hóa,Xã Tượng Lĩnh,19.5671309,105.7072205,117,Unhealthy for Sensitive Groups,2,17.2,79,0.0,7.3,324,1019.8,100,42.4,43.1,748.0,20.6,50.0,34.4
2026-02-10 10:00:00,2026,2,10,10,Thanh Hóa,Xã Tượng Lĩnh,19.5671309,105.7072205,119,Unhealthy for Sensitive Groups,2,18.7,76,0.0,6.7,324,1019.7,100,35.9,36.8,698.0,14.8,68.0,30.9
2026-02-10 11:00:00,2026,2,10,11,Thanh Hóa,Xã Tượng Lĩnh,19.5671309,105.7072205,121,Unhealthy for Sensitive Groups,2,20.2,73,0.0,5.9,325,1018.9,100,30.5,31.5,620.0,10.4,81.0,23.1
2026-02-10 12:00:00,2026,2,10,12,Thanh Hóa,Xã Tượng Lĩnh,19.5671309,105.7072205,121,Unhealthy for Sensitive Groups,2,22.0,70,0.0,0.8,243,1017.9,100,22.6,23.9,528.0,6.6,93.0,13.2
2026-02-10 13:00:00,2026,2,10,13,Thanh Hóa,Xã Tượng Lĩnh,19.5671309,105.7072205,121,Unhealthy for Sensitive Groups,2,22.5,70,0.0,5.2,151,1016.6,94,22.2,23.6,466.0,4.2,102.0,6.1
2026-02-10 14:00:00,2026,2,10,14,Thanh Hóa,Xã Tượng Lĩnh,19.5671309,105.7072205,121,Unhealthy for Sensitive Groups,2,22.8,71,0.0,9.0,110,1015.5,100,22.4,23.8,460.0,3.2,108.0,3.9
2026-02-10 15:00:00,2026,2,10,15,Thanh Hóa,Xã Tượng Lĩnh,19.5671309,105.7072205,121,Unhealthy for Sensitive Groups,2,21.9,75,0.0,13.5,100,1015.1,95,22.9,24.3,485.0,3.6,112.0,4.4
2026-02-10 16:00:00,2026,2,10,16,Thanh Hóa,Xã Tượng Lĩnh,19.5671309,105.7072205,121,Unhealthy for Sensitive Groups,2,21.0,79,0.0,11.4,109,1015.1,77,24.4,25.8,508.0,5.7,113.0,6.1
2026-02-10 17:00:00,2026,2,10,17,Thanh Hóa,Xã Tượng Lĩnh,19.5671309,105.7072205,121,Unhealthy for Sensitive Groups,2,20.7,80,0.0,10.5,114,1015.3,63,27.2,28.5,517.0,10.6,109.0,9.1
2026-02-10 18:00:00,2026,2,10,18,Thanh Hóa,Xã Tượng Lĩnh,19.5671309,105.7072205,120,Unhealthy for Sensitive Groups,2,19.5,87,0.0,8.9,111,1016.0,11,35.2,36.1,523.0,17.1,103.0,13.3
2026-02-10 19:00:00,2026,2,10,19,Thanh Hóa,Xã Tượng Lĩnh,19.5671309,105.7072205,120,Unhealthy for Sensitive Groups,2,19.2,91,0.0,8.5,111,1016.6,5,48.5,49.9,532.0,18.0,92.0,15.5
2026-02-10 20:00:00,2026,2,10,20,Thanh Hóa,Xã Tượng Lĩnh,19.5671309,105.7072205,121,Unhealthy for Sensitive Groups,2,19.0,93,0.0,6.8,122,1017.6,24,56.5,58.1,546.0,19.4,88.0,16.9
2026-02-10 21:00:00,2026,2,10,21,Thanh Hóa,Xã Tượng Lĩnh,19.5671309,105.7072205,122,Unhealthy for Sensitive Groups,2,18.9,93,0.0,5.7,125,1018.4,15,64.5,66.4,563.0,21.3,81.0,18.8
2026-02-10 22:00:00,2026,2,10,22,Thanh Hóa,Xã Tượng Lĩnh,19.5671309,105.7072205,124,Unhealthy for Sensitive Groups,2,18.8,94,0.0,5.0,109,1018.7,21,71.5,73.3,576.0,23.2,74.0,20.0
2026-02-10 23:00:00,2026,2,10,23,Thanh Hóa,Xã Tượng Lĩnh,19.5671309,105.7072205,126,Unhealthy for Sensitive Groups,2,18.5,95,0.0,4.8,103,1018.5,23,76.8,78.9,583.0,24.9,66.0,20.2
2026-02-11 00:00:00,2026,2,11,0,Thanh Hóa,Xã Tượng Lĩnh,19.5671309,105.7072205,127,Unhealthy for Sensitive Groups,2,18.7,95,0.0,2.5,82,1018.6,88,81.3,83.4,587.0,26.4,56.0,19.7
2026-02-11 01:00:00,2026,2,11,1,Thanh Hóa,Xã Tượng Lĩnh,19.5671309,105.7072205,129,Unhealthy for Sensitive Groups,2,18.1,98,0.0,3.3,13,1018.8,77,84.3,86.4,589.0,27.5,47.0,18.8
2026-02-11 02:00:00,2026,2,11,2,Thanh Hóa,Xã Tượng Lĩnh,19.5671309,105.7072205,132,Unhealthy for Sensitive Groups,2,18.5,98,0.0,4.6,18,1018.7,100,85.9,87.8,588.0,27.8,38.0,17.0
2026-02-11 03:00:00,2026,2,11,3,Thanh Hóa,Xã Tượng Lĩnh,19.5671309,105.7072205,134,Unhealthy for Sensitive Groups,2,18.9,97,0.0,4.5,7,1018.4,100,87.1,88.7,586.0,27.6,29.0,14.7
2026-02-11 04:00:00,2026,2,11,4,Thanh Hóa,Xã Tượng Lĩnh,19.5671309,105.7072205,137,Unhealthy for Sensitive Groups,2,18.9,96,0.0,4.0,342,1018.7,100,88.2,89.9,591.0,27.3,23.0,13.4
2026-02-11 05:00:00,2026,2,11,5,Thanh Hóa,Xã Tượng Lĩnh,19.5671309,105.7072205,141,Unhealthy for Sensitive Groups,2,18.5,97,0.0,5.1,324,1018.7,98,86.1,87.8,623.0,27.0,22.0,13.7
2026-02-11 06:00:00,2026,2,11,6,Thanh Hóa,Xã Tượng Lĩnh,19.5671309,105.7072205,144,Unhealthy for Sensitive Groups,2,17.9,98,0.0,4.4,328,1019.6,100,82.0,83.4,662.0,26.6,23.0,15.1
2026-02-11 07:00:00,2026,2,11,7,Thanh Hóa,Xã Tượng Lĩnh,19.5671309,105.7072205,146,Unhealthy for Sensitive Groups,2,18.2,98,0.0,7.6,355,1020.4,38,82.9,84.5,657.0,28.0,23.0,17.2
2026-02-11 08:00:00,2026,2,11,8,Thanh Hóa,Xã Tượng Lĩnh,19.5671309,105.7072205,150,Unhealthy for Sensitive Groups,2,19.9,93,0.0,8.5,12,1021.0,100,81.3,82.7,568.0,25.7,36.0,19.4
2026-02-11 09:00:00,2026,2,11,9,Thanh Hóa,Xã Tượng Lĩnh,19.5671309,105.7072205,151,Unhealthy,3,21.2,88,0.0,10.3,40,1021.7,97,72.9,74.7,435.0,22.6,54.0,22.3
2026-02-11 10:00:00,2026,2,11,10,Thanh Hóa,Xã Tượng Lĩnh,19.5671309,105.7072205,151,Unhealthy,3,21.5,87,0.4,12.2,59,1022.0,98,55.8,58.1,327.0,19.9,69.0,24.3
2026-02-11 11:00:00,2026,2,11,11,Thanh Hóa,Xã Tượng Lĩnh,19.5671309,105.7072205,152,Unhealthy,3,21.2,89,0.1,14.3,62,1021.3,100,53.3,56.2,269.0,18.4,79.0,24.6
2026-02-11 12:00:00,2026,2,11,12,Thanh Hóa,Xã Tượng Lĩnh,19.5671309,105.7072205,152,Unhealthy,3,21.9,83,0.0,13.6,62,1019.9,100,40.2,42.1,236.0,17.3,87.0,24.0
2026-02-11 13:00:00,2026,2,11,13,Thanh Hóa,Xã Tượng Lĩnh,19.5671309,105.7072205,153,Unhealthy,3,21.8,83,0.0,14.5,67,1018.9,96,34.9,36.8,217.0,16.3,93.0,22.8
2026-02-11 14:00:00,2026,2,11,14,Thanh Hóa,Xã Tượng Lĩnh,19.5671309,105.7072205,153,Unhealthy,3,21.9,82,0.0,14.9,75,1018.0,91,31.2,32.8,214.0,14.8,98.0,20.9
2026-02-11 15:00:00,2026,2,11,15,Thanh Hóa,Xã Tượng Lĩnh,19.5671309,105.7072205,153,Unhealthy,3,21.8,82,0.0,15.8,79,1017.3,82,25.6,27.0,225.0,13.2,102.0,18.5
2026-02-11 16:00:00,2026,2,11,16,Thanh Hóa,Xã Tượng Lĩnh,19.5671309,105.7072205,153,Unhealthy,3,21.0,85,0.0,14.4,77,1017.2,89,21.5,22.9,241.0,12.5,103.0,15.9
2026-02-11 17:00:00,2026,2,11,17,Thanh Hóa,Xã Tượng Lĩnh,19.5671309,105.7072205,153,Unhealthy,3,20.5,87,0.0,13.1,72,1017.3,100,17.9,19.6,259.0,13.2,98.0,13.2
2026-02-11 18:00:00,2026,2,11,18,Thanh Hóa,Xã Tượng Lĩnh,19.5671309,105.7072205,153,Unhealthy,3,19.8,91,0.0,12.3,76,1017.4,88,16.5,18.1,282.0,14.7,90.0,10.3
2026-02-11 19:00:00,2026,2,11,19,Thanh Hóa,Xã Tượng Lĩnh,19.5671309,105.7072205,153,Unhealthy,3,19.4,94,0.0,11.8,71,1017.6,18,15.1,17.3,305.0,16.4,68.0,9.0
2026-02-11 20:00:00,2026,2,11,20,Thanh Hóa,Xã Tượng Lĩnh,19.5671309,105.7072205,152,Unhealthy,3,19.2,95,0.0,10.3,75,1018.0,29,15.9,18.2,329.0,16.7,63.0,8.6
2026-02-11 21:00:00,2026,2,11,21,Thanh Hóa,Xã Tượng Lĩnh,19.5671309,105.7072205,151,Unhealthy,3,18.9,96,0.0,5.7,72,1018.4,35,17.0,19.4,354.0,17.1,57.0,8.1
2026-02-11 22:00:00,2026,2,11,22,Thanh Hóa,Xã Tượng Lĩnh,19.5671309,105.7072205,149,Unhealthy for Sensitive Groups,2,19.0,95,0.0,6.1,85,1018.4,91,18.7,21.3,373.0,17.3,52.0,7.6
2026-02-11 23:00:00,2026,2,11,23,Thanh Hóa,Xã Tượng Lĩnh,19.5671309,105.7072205,144,Unhealthy for Sensitive Groups,2,19.4,95,0.0,7.3,97,1017.9,39,20.9,23.7,381.0,17.1,50.0,7.3
2026-02-12 00:00:00,2026,2,12,0,Thanh Hóa,Xã Tượng Lĩnh,19.5671309,105.7072205,138,Unhealthy for Sensitive Groups,2,19.6,95,0.0,3.3,54,1017.9,100,22.2,25.1,382.0,16.7,49.0,7.0
2026-02-12 01:00:00,2026,2,12,1,Thanh Hóa,Xã Tượng Lĩnh,19.5671309,105.7072205,132,Unhealthy for Sensitive Groups,2,19.5,96,0.0,5.5,23,1017.7,100,22.9,26.8,385.0,16.4,48.0,6.9
2026-02-12 02:00:00,2026,2,12,2,Thanh Hóa,Xã Tượng Lĩnh,19.5671309,105.7072205,125,Unhealthy for Sensitive Groups,2,19.5,95,0.1,6.7,16,1017.3,100,24.4,28.6,389.0,16.2,45.0,7.0
2026-02-12 03:00:00,2026,2,12,3,Thanh Hóa,Xã Tượng Lĩnh,19.5671309,105.7072205,119,Unhealthy for Sensitive Groups,2,19.4,95,0.2,4.9,8,1016.7,100,25.7,30.0,395.0,16.2,41.0,7.3
2026-02-12 04:00:00,2026,2,12,4,Thanh Hóa,Xã Tượng Lĩnh,19.5671309,105.7072205,113,Unhealthy for Sensitive Groups,2,19.4,98,0.3,2.8,18,1016.6,100,27.1,31.3,412.0,16.6,37.0,7.8
2026-02-12 05:00:00,2026,2,12,5,Thanh Hóa,Xã Tượng Lĩnh,19.5671309,105.7072205,106,Unhealthy for Sensitive Groups,2,19.1,98,0.1,2.8,333,1016.6,100,27.4,31.2,460.0,18.4,31.0,8.8
2026-02-12 06:00:00,2026,2,12,6,Thanh Hóa,Xã Tượng Lĩnh,19.5671309,105.7072205,100,Moderate,1,18.8,98,0.0,4.3,327,1017.3,100,29.4,33.1,520.0,20.8,25.0,10.0
2026-02-12 07:00:00,2026,2,12,7,Thanh Hóa,Xã Tượng Lĩnh,19.5671309,105.7072205,95,Moderate,1,19.0,97,0.0,3.5,339,1018.0,100,28.2,32.1,539.0,21.0,33.0,8.5
2026-02-12 08:00:00,2026,2,12,8,Thanh Hóa,Xã Tượng Lĩnh,19.5671309,105.7072205,91,Moderate,1,19.9,94,0.0,0.9,349,1018.8,100,19.8,23.9,479.0,17.1,46.0,7.0
2026-02-12 09:00:00,2026,2,12,9,Thanh Hóa,Xã Tượng Lĩnh,19.5671309,105.7072205,85,Moderate,1,21.2,87,0.2,3.2,133,1019.2,99,15.6,19.2,378.0,11.6,64.0,4.9
2026-02-12 10:00:00,2026,2,12,10,Thanh Hóa,Xã Tượng Lĩnh,19.5671309,105.7072205,80,Moderate,1,22.5,83,0.2,11.0,115,1019.5,89,14.9,18.3,301.0,7.3,79.0,3.4
2026-02-12 11:00:00,2026,2,12,11,Thanh Hóa,Xã Tượng Lĩnh,19.5671309,105.7072205,76,Moderate,1,22.9,80,0.1,16.0,119,1018.6,82,15.4,19.1,275.0,5.3,89.0,2.9
2026-02-12 12:00:00,2026,2,12,12,Thanh Hóa,Xã Tượng Lĩnh,19.5671309,105.7072205,73,Moderate,1,23.0,79,0.0,15.5,112,1017.4,84,17.0,21.2,273.0,4.4,96.0,3.0
2026-02-12 13:00:00,2026,2,12,13,Thanh Hóa,Xã Tượng Lĩnh,19.5671309,105.7072205,71,Moderate,1,22.4,83,0.0,15.5,103,1016.3,96,16.6,21.0,276.0,3.9,101.0,3.0
2026-02-12 14:00:00,2026,2,12,14,Thanh Hóa,Xã Tượng Lĩnh,19.5671309,105.7072205,69,Moderate,1,22.6,81,0.0,16.3,101,1015.5,99,15.7,19.7,277.0,3.2,105.0,2.8
2026-02-12 15:00:00,2026,2,12,15,Thanh Hóa,Xã Tượng Lĩnh,19.5671309,105.7072205,68,Moderate,1,22.2,83,0.0,15.5,98,1014.9,91,14.4,18.2,283.0,2.9,107.0,2.6
2026-02-12 16:00:00,2026,2,12,16,Thanh Hóa,Xã Tượng Lĩnh,19.5671309,105.7072205,67,Moderate,1,22.0,84,0.0,13.7,99,1014.4,80,13.4,16.7,293.0,3.6,105.0,2.6
2026-02-12 17:00:00,2026,2,12,17,Thanh Hóa,Xã Tượng Lĩnh,19.5671309,105.7072205,66,Moderate,1,21.3,88,0.0,12.6,95,1014.4,62,13.2,16.4,309.0,6.0,97.0,3.0
2026-02-12 18:00:00,2026,2,12,18,Thanh Hóa,Xã Tượng Lĩnh,19.5671309,105.7072205,66,Moderate,1,20.2,94,0.0,11.2,96,1014.8,52,13.8,16.4,329.0,9.5,84.0,3.7
2026-02-12 19:00:00,2026,2,12,19,Thanh Hóa,Xã Tượng Lĩnh,19.5671309,105.7072205,66,Moderate,1,20.3,97,0.0,10.6,101,1014.8,72,14.4,17.0,349.0,12.5,76.0,4.2
2026-02-12 20:00:00,2026,2,12,20,Thanh Hóa,Xã Tượng Lĩnh,19.5671309,105.7072205,66,Moderate,1,20.4,96,0.0,7.9,117,1015.4,35,14.8,17.4,373.0,13.2,72.0,4.6
2026-02-12 21:00:00,2026,2,12,21,Thanh Hóa,Xã Tượng Lĩnh,19.5671309,105.7072205,66,Moderate,1,20.2,97,0.0,6.5,122,1015.9,20,15.4,18.4,396.0,14.1,66.0,5.1
2026-02-12 22:00:00,2026,2,12,22,Thanh Hóa,Xã Tượng Lĩnh,19.5671309,105.7072205,65,Moderate,1,19.8,97,0.0,4.7,157,1016.0,30,17.6,21.2,399.0,14.8,61.0,5.5
2026-02-12 23:00:00,2026,2,12,23,Thanh Hóa,Xã Tượng Lĩnh,19.5671309,105.7072205,65,Moderate,1,19.5,98,0.0,4.3,195,1015.7,20,20.0,24.0,365.0,15.2,57.0,5.5
2026-02-13 00:00:00,2026,2,13,0,Thanh Hóa,Xã Tượng Lĩnh,19.5671309,105.7072205,65,Moderate,1,19.2,98,0.0,4.8,193,1015.2,30,20.5,25.0,312.0,15.5,54.0,5.4
2026-02-13 01:00:00,2026,2,13,1,Thanh Hóa,Xã Tượng Lĩnh,19.5671309,105.7072205,65,Moderate,1,20.1,98,0.0,8.0,172,1014.6,93,21.8,26.8,271.0,15.5,51.0,5.1
2026-02-13 02:00:00,2026,2,13,2,Thanh Hóa,Xã Tượng Lĩnh,19.5671309,105.7072205,65,Moderate,1,20.4,97,0.0,9.4,172,1014.4,53,23.7,29.2,252.0,14.9,49.0,4.7
2026-02-13 03:00:00,2026,2,13,3,Thanh Hóa,Xã Tượng Lĩnh,19.5671309,105.7072205,65,Moderate,1,20.5,97,0.0,10.3,168,1013.8,22,25.2,31.1,246.0,14.0,49.0,4.3
2026-02-13 04:00:00,2026,2,13,4,Thanh Hóa,Xã Tượng Lĩnh,19.5671309,105.7072205,65,Moderate,1,20.3,97,0.0,8.0,174,1014.0,54,26.3,31.9,255.0,13.8,47.0,3.9
2026-02-13 05:00:00,2026,2,13,5,Thanh Hóa,Xã Tượng Lĩnh,19.5671309,105.7072205,65,Moderate,1,19.8,97,0.0,5.2,184,1014.1,99,30.4,34.8,295.0,15.5,41.0,3.7
2026-02-13 06:00:00,2026,2,13,6,Thanh Hóa,Xã Tượng Lĩnh,19.5671309,105.7072205,65,Moderate,1,19.3,98,0.0,4.9,180,1014.7,100,35.0,38.8,351.0,17.9,35.0,3.6
2026-02-13 07:00:00,2026,2,13,7,Thanh Hóa,Xã Tượng Lĩnh,19.5671309,105.7072205,66,Moderate,1,20.0,98,0.0,3.6,180,1015.3,100,46.1,51.0,378.0,18.4,43.0,5.1
2026-02-13 08:00:00,2026,2,13,8,Thanh Hóa,Xã Tượng Lĩnh,19.5671309,105.7072205,67,Moderate,1,21.2,95,0.1,4.7,180,1015.8,94,31.5,35.9,348.0,14.7,56.0,4.4
2026-02-13 09:00:00,2026,2,13,9,Thanh Hóa,Xã Tượng Lĩnh,19.5671309,105.7072205,68,Moderate,1,22.5,87,0.2,10.8,152,1016.6,61,18.9,23.8,289.0,9.5,73.0,3.4
2026-02-13 10:00:00,2026,2,13,10,Thanh Hóa,Xã Tượng Lĩnh,19.5671309,105.7072205,68,Moderate,1,23.4,80,0.1,13.6,141,1017.2,97,17.2,22.1,244.0,5.4,88.0,2.6
2026-02-13 11:00:00,2026,2,13,11,Thanh Hóa,Xã Tượng Lĩnh,19.5671309,105.7072205,69,Moderate,1,23.9,76,0.1,15.5,137,1016.5,98,16.1,20.7,230.0,3.6,97.0,2.3
2026-02-13 12:00:00,2026,2,13,12,Thanh Hóa,Xã Tượng Lĩnh,19.5671309,105.7072205,69,Moderate,1,24.2,74,0.1,16.7,139,1015.2,57,15.5,20.1,230.0,2.9,103.0,2.2
2026-02-13 13:00:00,2026,2,13,13,Thanh Hóa,Xã Tượng Lĩnh,19.5671309,105.7072205,69,Moderate,1,24.0,75,0.0,17.1,132,1014.6,96,15.1,19.6,231.0,2.6,107.0,2.2
2026-02-13 14:00:00,2026,2,13,14,Thanh Hóa,Xã Tượng Lĩnh,19.5671309,105.7072205,68,Moderate,1,24.0,74,0.0,18.4,130,1013.8,70,15.0,19.7,230.0,2.2,109.0,2.1
2026-02-13 15:00:00,2026,2,13,15,Thanh Hóa,Xã Tượng Lĩnh,19.5671309,105.7072205,68,Moderate,1,23.5,77,0.0,16.9,130,1013.1,43,14.3,18.9,230.0,2.1,109.0,2.0
2026-02-13 16:00:00,2026,2,13,16,Thanh Hóa,Xã Tượng Lĩnh,19.5671309,105.7072205,68,Moderate,1,23.2,78,0.0,15.2,130,1012.8,16,13.2,17.3,233.0,2.9,106.0,2.1
2026-02-13 17:00:00,2026,2,13,17,Thanh Hóa,Xã Tượng Lĩnh,19.5671309,105.7072205,68,Moderate,1,22.5,83,0.0,14.1,129,1012.9,5,13.0,16.9,241.0,5.4,99.0,2.6
2026-02-13 18:00:00,2026,2,13,18,Thanh Hóa,Xã Tượng Lĩnh,19.5671309,105.7072205,68,Moderate,1,21.2,90,0.0,12.5,134,1013.5,3,13.6,16.9,251.0,8.8,89.0,3.2
2026-02-13 19:00:00,2026,2,13,19,Thanh Hóa,Xã Tượng Lĩnh,19.5671309,105.7072205,68,Moderate,1,21.1,94,0.0,12.2,136,1013.9,8,14.1,17.8,260.0,10.9,80.0,3.7
2026-02-13 20:00:00,2026,2,13,20,Thanh Hóa,Xã Tượng Lĩnh,19.5671309,105.7072205,68,Moderate,1,21.1,93,0.0,13.6,144,1014.7,2,14.8,18.5,264.0,10.9,77.0,3.8
2026-02-13 21:00:00,2026,2,13,21,Thanh Hóa,Xã Tượng Lĩnh,19.5671309,105.7072205,68,Moderate,1,21.0,93,0.0,13.0,152,1015.3,1,14.8,18.6,267.0,11.0,73.0,4.0
2026-02-13 22:00:00,2026,2,13,22,Thanh Hóa,Xã Tượng Lĩnh,19.5671309,105.7072205,68,Moderate,1,20.8,93,0.0,12.6,163,1015.6,1,15.5,19.3,270.0,11.4,68.0,4.2
2026-02-13 23:00:00,2026,2,13,23,Thanh Hóa,Xã Tượng Lĩnh,19.5671309,105.7072205,68,Moderate,1,20.6,93,0.0,11.2,170,1015.5,2,16.8,20.9,275.0,12.3,64.0,4.6
2026-02-14 00:00:00,2026,2,14,0,Thanh Hóa,Xã Tượng Lĩnh,19.5671309,105.7072205,68,Moderate,1,19.8,95,0.0,5.2,186,1015.3,2,18.3,22.6,281.0,13.6,59.0,5.1
2026-02-14 01:00:00,2026,2,14,1,Thanh Hóa,Xã Tượng Lĩnh,19.5671309,105.7072205,68,Moderate,1,19.5,96,0.0,2.7,208,1015.1,4,20.8,25.3,289.0,15.0,53.0,5.2
2026-02-14 02:00:00,2026,2,14,2,Thanh Hóa,Xã Tượng Lĩnh,19.5671309,105.7072205,67,Moderate,1,19.1,98,0.0,1.3,278,1014.6,4,25.4,30.5,297.0,16.8,43.0,4.4
2026-02-14 03:00:00,2026,2,14,3,Thanh Hóa,Xã Tượng Lĩnh,19.5671309,105.7072205,68,Moderate,1,18.6,100,0.0,1.5,300,1014.3,100,34.6,39.7,307.0,18.7,31.0,3.3
2026-02-14 04:00:00,2026,2,14,4,Thanh Hóa,Xã Tượng Lĩnh,19.5671309,105.7072205,68,Moderate,1,18.3,100,0.0,1.0,292,1014.2,100,44.6,49.4,322.0,20.2,22.0,2.5
2026-02-14 05:00:00,2026,2,14,5,Thanh Hóa,Xã Tượng Lĩnh,19.5671309,105.7072205,70,Moderate,1,18.0,99,0.0,0.9,281,1014.2,100,53.9,57.5,355.0,21.5,15.0,2.5
2026-02-14 06:00:00,2026,2,14,6,Thanh Hóa,Xã Tượng Lĩnh,19.5671309,105.7072205,72,Moderate,1,18.1,98,0.0,0.9,259,1014.7,100,58.9,61.7,393.0,22.5,11.0,2.8
2026-02-14 07:00:00,2026,2,14,7,Thanh Hóa,Xã Tượng Lĩnh,19.5671309,105.7072205,74,Moderate,1,18.5,98,0.0,1.8,174,1015.6,100,65.4,68.2,406.0,19.7,25.0,2.8
2026-02-14 08:00:00,2026,2,14,8,Thanh Hóa,Xã Tượng Lĩnh,19.5671309,105.7072205,76,Moderate,1,20.0,99,0.0,1.5,159,1016.1,100,50.5,53.2,371.0,16.7,41.0,3.4
2026-02-14 09:00:00,2026,2,14,9,Thanh Hóa,Xã Tượng Lĩnh,19.5671309,105.7072205,78,Moderate,1,21.5,92,0.0,4.0,150,1016.7,54,30.2,34.9,310.0,12.6,62.0,4.3
2026-02-14 10:00:00,2026,2,14,10,Thanh Hóa,Xã Tượng Lĩnh,19.5671309,105.7072205,79,Moderate,1,23.0,82,0.1,9.7,135,1016.7,50,24.3,28.8,264.0,9.0,81.0,4.6
2026-02-14 11:00:00,2026,2,14,11,Thanh Hóa,Xã Tượng Lĩnh,19.5671309,105.7072205,79,Moderate,1,23.6,76,0.0,12.0,131,1016.1,57,19.4,23.7,250.0,6.6,94.0,3.9
2026-02-14 12:00:00,2026,2,14,12,Thanh Hóa,Xã Tượng Lĩnh,19.5671309,105.7072205,80,Moderate,1,24.0,75,0.0,13.6,119,1014.9,58,17.4,20.5,251.0,4.8,104.0,2.8
2026-02-14 13:00:00,2026,2,14,13,Thanh Hóa,Xã Tượng Lĩnh,19.5671309,105.7072205,80,Moderate,1,23.9,76,0.0,13.9,115,1014.1,78,17.2,20.1,253.0,3.6,110.0,1.9
2026-02-14 14:00:00,2026,2,14,14,Thanh Hóa,Xã Tượng Lĩnh,19.5671309,105.7072205,80,Moderate,1,23.5,79,0.0,15.6,113,1013.2,58,16.5,19.3,250.0,3.0,113.0,1.7
2026-02-14 15:00:00,2026,2,14,15,Thanh Hóa,Xã Tượng Lĩnh,19.5671309,105.7072205,80,Moderate,1,23.2,81,0.0,16.5,114,1012.2,28,15.5,18.0,247.0,3.1,113.0,1.8
2026-02-14 16:00:00,2026,2,14,16,Thanh Hóa,Xã Tượng Lĩnh,19.5671309,105.7072205,80,Moderate,1,22.2,87,0.0,14.9,107,1012.3,27,14.4,16.9,250.0,4.0,109.0,1.9
2026-02-14 17:00:00,2026,2,14,17,Thanh Hóa,Xã Tượng Lĩnh,19.5671309,105.7072205,80,Moderate,1,21.5,93,0.0,11.9,108,1012.9,51,13.9,16.4,262.0,6.4,99.0,2.0
2026-02-14 18:00:00,2026,2,14,18,Thanh Hóa,Xã Tượng Lĩnh,19.5671309,105.7072205,80,Moderate,1,20.4,98,0.0,9.9,115,1013.1,88,16.4,18.5,280.0,9.6,85.0,2.2
2026-02-14 19:00:00,2026,2,14,19,Thanh Hóa,Xã Tượng Lĩnh,19.5671309,105.7072205,81,Moderate,1,20.8,98,0.0,9.9,119,1013.5,3,17.4,20.8,295.0,12.2,74.0,3.5
2026-02-14 20:00:00,2026,2,14,20,Thanh Hóa,Xã Tượng Lĩnh,19.5671309,105.7072205,81,Moderate,1,20.8,97,0.0,9.2,135,1014.0,2,18.3,22.1,306.0,12.5,70.0,3.9
2026-02-14 21:00:00,2026,2,14,21,Thanh Hóa,Xã Tượng Lĩnh,19.5671309,105.7072205,81,Moderate,1,20.4,96,0.0,5.3,156,1014.6,11,19.2,23.6,314.0,12.9,64.0,4.4
2026-02-14 22:00:00,2026,2,14,22,Thanh Hóa,Xã Tượng Lĩnh,19.5671309,105.7072205,82,Moderate,1,20.4,95,0.0,7.7,164,1014.8,12,19.9,24.6,315.0,13.3,59.0,4.8
2026-02-14 23:00:00,2026,2,14,23,Thanh Hóa,Xã Tượng Lĩnh,19.5671309,105.7072205,82,Moderate,1,20.3,96,0.0,8.0,172,1014.8,13,20.1,24.9,302.0,13.7,55.0,4.9
2026-02-15 00:00:00,2026,2,15,0,Thanh Hóa,Xã Tượng Lĩnh,19.5671309,105.7072205,82,Moderate,1,19.9,97,0.0,5.7,189,1014.4,10,20.7,25.7,281.0,14.2,52.0,4.8
2026-02-15 01:00:00,2026,2,15,1,Thanh Hóa,Xã Tượng Lĩnh,19.5671309,105.7072205,83,Moderate,1,20.4,98,0.0,6.5,183,1014.2,96,22.5,27.8,265.0,14.7,48.0,4.7
2026-02-15 02:00:00,2026,2,15,2,Thanh Hóa,Xã Tượng Lĩnh,19.5671309,105.7072205,83,Moderate,1,20.6,98,0.0,4.6,198,1013.7,100,24.6,30.2,256.0,15.3,42.0,4.7
2026-02-15 03:00:00,2026,2,15,3,Thanh Hóa,Xã Tượng Lĩnh,19.5671309,105.7072205,83,Moderate,1,20.9,98,0.0,4.8,211,1013.2,100,26.0,31.7,253.0,16.0,37.0,4.7
2026-02-15 04:00:00,2026,2,15,4,Thanh Hóa,Xã Tượng Lĩnh,19.5671309,105.7072205,82,Moderate,1,20.6,98,0.0,3.9,227,1013.0,99,26.7,32.2,261.0,16.2,34.0,4.7
2026-02-15 05:00:00,2026,2,15,5,Thanh Hóa,Xã Tượng Lĩnh,19.5671309,105.7072205,80,Moderate,1,20.5,95,0.0,5.3,235,1013.0,44,26.4,31.5,295.0,15.9,36.0,4.9
2026-02-15 06:00:00,2026,2,15,6,Thanh Hóa,Xã Tượng Lĩnh,19.5671309,105.7072205,78,Moderate,1,20.6,92,0.0,5.6,225,1013.6,58,26.7,30.9,341.0,15.1,42.0,5.2
2026-02-15 07:00:00,2026,2,15,7,Thanh Hóa,Xã Tượng Lĩnh,19.5671309,105.7072205,75,Moderate,1,20.9,93,0.0,5.0,229,1014.2,100,38.8,42.6,363.0,19.8,34.0,5.6
2026-02-15 08:00:00,2026,2,15,8,Thanh Hóa,Xã Tượng Lĩnh,19.5671309,105.7072205,73,Moderate,1,21.3,89,0.1,6.3,200,1015.0,100,19.9,23.3,338.0,15.4,49.0,4.5
2026-02-15 09:00:00,2026,2,15,9,Thanh Hóa,Xã Tượng Lĩnh,19.5671309,105.7072205,70,Moderate,1,22.5,82,0.1,8.4,165,1015.6,100,19.0,22.2,289.0,9.3,70.0,2.9
2026-02-15 10:00:00,2026,2,15,10,Thanh Hóa,Xã Tượng Lĩnh,19.5671309,105.7072205,69,Moderate,1,23.9,76,0.1,10.2,149,1015.7,90,18.5,21.5,250.0,4.6,87.0,1.8
2026-02-15 11:00:00,2026,2,15,11,Thanh Hóa,Xã Tượng Lĩnh,19.5671309,105.7072205,68,Moderate,1,25.1,68,0.0,12.6,138,1015.2,47,18.3,21.2,234.0,2.8,98.0,1.6
2026-02-15 12:00:00,2026,2,15,12,Thanh Hóa,Xã Tượng Lĩnh,19.5671309,105.7072205,68,Moderate,1,25.0,72,0.0,15.8,126,1013.9,20,18.4,21.1,228.0,2.5,106.0,1.9
2026-02-15 13:00:00,2026,2,15,13,Thanh Hóa,Xã Tượng Lĩnh,19.5671309,105.7072205,68,Moderate,1,24.0,76,0.0,18.0,119,1013.2,2,17.9,20.4,224.0,2.5,110.0,2.1
2026-02-15 14:00:00,2026,2,15,14,Thanh Hóa,Xã Tượng Lĩnh,19.5671309,105.7072205,68,Moderate,1,24.0,76,0.0,17.3,123,1012.3,3,16.6,19.2,217.0,2.2,111.0,2.1
2026-02-15 15:00:00,2026,2,15,15,Thanh Hóa,Xã Tượng Lĩnh,19.5671309,105.7072205,68,Moderate,1,23.5,78,0.0,16.6,127,1011.7,8,14.9,17.5,211.0,2.1,108.0,2.0
2026-02-15 16:00:00,2026,2,15,16,Thanh Hóa,Xã Tượng Lĩnh,19.5671309,105.7072205,68,Moderate,1,23.1,78,0.0,15.8,132,1011.5,22,13.3,16.2,213.0,2.9,102.0,2.1
2026-02-15 17:00:00,2026,2,15,17,Thanh Hóa,Xã Tượng Lĩnh,19.5671309,105.7072205,68,Moderate,1,22.5,83,0.0,12.4,131,1011.6,6,12.8,16.5,225.0,5.2,91.0,2.4
2026-02-15 18:00:00,2026,2,15,18,Thanh Hóa,Xã Tượng Lĩnh,19.5671309,105.7072205,68,Moderate,1,21.1,91,0.0,7.8,130,1012.0,9,12.3,15.7,244.0,8.5,78.0,2.9
2026-02-15 19:00:00,2026,2,15,19,Thanh Hóa,Xã Tượng Lĩnh,19.5671309,105.7072205,68,Moderate,1,21.0,95,0.0,7.3,147,1012.3,13,15.2,18.8,266.0,11.0,67.0,3.5
2026-02-15 20:00:00,2026,2,15,20,Thanh Hóa,Xã Tượng Lĩnh,19.5671309,105.7072205,68,Moderate,1,21.0,94,0.0,8.0,164,1012.9,8,17.3,21.4,295.0,12.6,64.0,4.5
2026-02-15 21:00:00,2026,2,15,21,Thanh Hóa,Xã Tượng Lĩnh,19.5671309,105.7072205,68,Moderate,1,20.5,95,0.0,5.6,182,1013.3,23,20.9,25.6,327.0,14.9,60.0,5.8
2026-02-15 22:00:00,2026,2,15,22,Thanh Hóa,Xã Tượng Lĩnh,19.5671309,105.7072205,68,Moderate,1,19.8,96,0.0,5.1,203,1013.6,53,24.9,29.9,348.0,17.0,56.0,6.9
2026-02-15 23:00:00,2026,2,15,23,Thanh Hóa,Xã Tượng Lĩnh,19.5671309,105.7072205,68,Moderate,1,19.4,97,0.0,3.5,231,1013.3,49,27.8,32.9,349.0,18.8,52.0,7.5
2026-02-16 00:00:00,2026,2,16,0,Thanh Hóa,Xã Tượng Lĩnh,19.5671309,105.7072205,69,Moderate,1,18.9,98,0.0,3.0,256,1013.1,83,28.9,34.0,338.0,20.4,47.0,7.7
2026-02-16 01:00:00,2026,2,16,1,Thanh Hóa,Xã Tượng Lĩnh,19.5671309,105.7072205,70,Moderate,1,18.7,100,0.0,2.5,249,1013.0,100,29.8,35.2,328.0,21.7,43.0,7.8
2026-02-16 02:00:00,2026,2,16,2,Thanh Hóa,Xã Tượng Lĩnh,19.5671309,105.7072205,70,Moderate,1,18.5,99,0.0,2.3,270,1012.8,100,31.2,36.8,317.0,22.4,39.0,7.6
2026-02-16 03:00:00,2026,2,16,3,Thanh Hóa,Xã Tượng Lĩnh,19.5671309,105.7072205,71,Moderate,1,18.5,100,0.0,2.1,285,1012.4,100,32.6,38.4,307.0,22.8,36.0,7.2
2026-02-16 04:00:00,2026,2,16,4,Thanh Hóa,Xã Tượng Lĩnh,19.5671309,105.7072205,71,Moderate,1,18.7,99,0.0,2.3,274,1012.6,100,33.5,39.6,311.0,23.1,33.0,6.9
2026-02-16 05:00:00,2026,2,16,5,Thanh Hóa,Xã Tượng Lĩnh,19.5671309,105.7072205,72,Moderate,1,18.7,99,0.0,2.9,281,1012.8,100,34.5,40.5,349.0,24.2,28.0,7.1
2026-02-16 06:00:00,2026,2,16,6,Thanh Hóa,Xã Tượng Lĩnh,19.5671309,105.7072205,73,Moderate,1,18.9,99,0.0,2.2,312,1013.2,100,35.2,41.2,402.0,25.3,23.0,7.4
2026-02-16 07:00:00,2026,2,16,7,Thanh Hóa,Xã Tượng Lĩnh,19.5671309,105.7072205,73,Moderate,1,19.3,98,0.0,1.7,257,1014.2,100,30.9,37.6,421.0,15.2,59.0,6.0
2026-02-16 08:00:00,2026,2,16,8,Thanh Hóa,Xã Tượng Lĩnh,19.5671309,105.7072205,73,Moderate,1,20.6,97,0.0,1.3,254,1015.0,95,22.7,27.2,375.0,12.1,66.0,4.8
2026-02-16 09:00:00,2026,2,16,9,Thanh Hóa,Xã Tượng Lĩnh,19.5671309,105.7072205,73,Moderate,1,22.5,86,0.1,3.8,149,1015.6,51,19.1,23.2,295.0,7.8,76.0,3.3
2026-02-16 10:00:00,2026,2,16,10,Thanh Hóa,Xã Tượng Lĩnh,19.5671309,105.7072205,73,Moderate,1,23.7,77,0.1,8.4,127,1015.7,75,15.5,19.1,233.0,4.5,85.0,2.1
2026-02-16 11:00:00,2026,2,16,11,Thanh Hóa,Xã Tượng Lĩnh,19.5671309,105.7072205,73,Moderate,1,24.4,74,0.1,10.1,114,1015.4,67,14.5,17.8,209.0,3.0,93.0,1.8
2026-02-16 12:00:00,2026,2,16,12,Thanh Hóa,Xã Tượng Lĩnh,19.5671309,105.7072205,72,Moderate,1,24.5,78,0.0,12.7,103,1014.4,100,14.0,17.1,202.0,2.5,101.0,1.9
2026-02-16 13:00:00,2026,2,16,13,Thanh Hóa,Xã Tượng Lĩnh,19.5671309,105.7072205,72,Moderate,1,24.0,79,0.0,15.6,101,1013.3,100,13.7,16.7,198.0,2.3,105.0,2.0
2026-02-16 14:00:00,2026,2,16,14,Thanh Hóa,Xã Tượng Lĩnh,19.5671309,105.7072205,72,Moderate,1,24.0,79,0.0,16.5,108,1012.5,98,13.4,16.2,191.0,2.0,105.0,2.0
2026-02-16 15:00:00,2026,2,16,15,Thanh Hóa,Xã Tượng Lĩnh,19.5671309,105.7072205,71,Moderate,1,24.0,78,0.0,17.3,113,1011.9,11,13.2,16.2,188.0,2.1,102.0,2.1
2026-02-16 16:00:00,2026,2,16,16,Thanh Hóa,Xã Tượng Lĩnh,19.5671309,105.7072205,71,Moderate,1,23.5,80,0.0,16.3,116,1011.9,12,13.4,17.2,190.0,3.2,97.0,2.3
2026-02-16 17:00:00,2026,2,16,17,Thanh Hóa,Xã Tượng Lĩnh,19.5671309,105.7072205,71,Moderate,1,22.5,86,0.0,13.5,111,1012.0,13,13.2,17.2,198.0,6.2,88.0,2.8
2026-02-16 18:00:00,2026,2,16,18,Thanh Hóa,Xã Tượng Lĩnh,19.5671309,105.7072205,71,Moderate,1,21.2,93,0.0,9.4,102,1012.3,12,14.0,17.3,212.0,10.3,77.0,3.4
2026-02-16 19:00:00,2026,2,16,19,Thanh Hóa,Xã Tượng Lĩnh,19.5671309,105.7072205,71,Moderate,1,21.2,96,0.0,8.8,102,1012.6,4,16.0,20.0,236.0,13.0,67.0,4.2
2026-02-16 20:00:00,2026,2,16,20,Thanh Hóa,Xã Tượng Lĩnh,19.5671309,105.7072205,71,Moderate,1,21.1,97,0.0,7.6,97,1013.1,1,20.0,24.6,280.0,16.2,63.0,6.1
2026-02-16 21:00:00,2026,2,16,21,Thanh Hóa,Xã Tượng Lĩnh,19.5671309,105.7072205,72,Moderate,1,20.6,98,0.0,4.5,92,1013.4,5,25.1,30.0,333.0,20.6,57.0,8.7
2026-02-16 22:00:00,2026,2,16,22,Thanh Hóa,Xã Tượng Lĩnh,19.5671309,105.7072205,72,Moderate,1,20.2,98,0.0,2.3,94,1013.9,16,30.9,36.0,371.0,24.3,51.0,10.2
2026-02-16 23:00:00,2026,2,16,23,Thanh Hóa,Xã Tượng Lĩnh,19.5671309,105.7072205,73,Moderate,1,20.0,99,0.0,1.0,31,1014.0,23,43.7,48.3,381.0,27.1,43.0,9.6
2026-02-17 00:00:00,2026,2,17,0,Thanh Hóa,Xã Tượng Lĩnh,19.5671309,105.7072205,74,Moderate,1,20.0,100,0.0,2.2,336,1014.1,100,51.7,56.3,375.0,29.3,34.0,8.0
2026-02-17 01:00:00,2026,2,17,1,Thanh Hóa,Xã Tượng Lĩnh,19.5671309,105.7072205,76,Moderate,1,21.5,100,0.0,4.4,348,1013.7,100,53.7,58.3,367.0,29.3,30.0,6.7
2026-02-17 02:00:00,2026,2,17,2,Thanh Hóa,Xã Tượng Lĩnh,19.5671309,105.7072205,78,Moderate,1,21.5,100,0.0,5.9,349,1013.2,100,48.5,52.6,361.0,25.5,35.0,6.1
2026-02-17 03:00:00,2026,2,17,3,Thanh Hóa,Xã Tượng Lĩnh,19.5671309,105.7072205,80,Moderate,1,21.6,100,0.1,6.2,353,1012.9,100,42.7,46.9,352.0,19.5,46.0,5.7
2026-02-17 04:00:00,2026,2,17,4,Thanh Hóa,Xã Tượng Lĩnh,19.5671309,105.7072205,81,Moderate,1,21.5,100,1.4,6.6,57,1013.2,100,39.8,44.1,340.0,15.2,53.0,5.7
2026-02-17 05:00:00,2026,2,17,5,Thanh Hóa,Xã Tượng Lĩnh,19.5671309,105.7072205,81,Moderate,1,21.5,99,1.4,10.2,72,1013.5,100,42.4,44.8,320.0,14.3,53.0,6.1
2026-02-17 06:00:00,2026,2,17,6,Thanh Hóa,Xã Tượng Lĩnh,19.5671309,105.7072205,82,Moderate,1,21.4,98,0.8,13.8,70,1014.5,100,41.4,43.3,298.0,15.0,51.0,6.8
2026-02-17 07:00:00,2026,2,17,7,Thanh Hóa,Xã Tượng Lĩnh,19.5671309,105.7072205,82,Moderate,1,21.4,96,0.3,14.4,61,1015.5,97,42.8,44.8,290.0,14.7,46.0,6.0
2026-02-17 08:00:00,2026,2,17,8,Thanh Hóa,Xã Tượng Lĩnh,19.5671309,105.7072205,83,Moderate,1,22.2,93,0.0,15.0,61,1016.6,50,34.7,36.1,307.0,14.7,52.0,7.2
2026-02-17 09:00:00,2026,2,17,9,Thanh Hóa,Xã Tượng Lĩnh,19.5671309,105.7072205,85,Moderate,1,22.9,89,0.0,16.5,62,1017.6,45,28.7,29.7,338.0,14.5,60.0,8.9
2026-02-17 10:00:00,2026,2,17,10,Thanh Hóa,Xã Tượng Lĩnh,19.5671309,105.7072205,85,Moderate,1,23.6,84,0.0,18.4,62,1018.0,56,20.7,21.4,363.0,13.6,68.0,9.7
2026-02-17 11:00:00,2026,2,17,11,Thanh Hóa,Xã Tượng Lĩnh,19.5671309,105.7072205,86,Moderate,1,24.0,79,0.0,18.6,67,1017.7,95,17.5,18.2,372.0,11.1,77.0,8.9
2026-02-17 12:00:00,2026,2,17,12,Thanh Hóa,Xã Tượng Lĩnh,19.5671309,105.7072205,86,Moderate,1,23.8,79,0.0,18.2,67,1017.0,100,16.6,17.6,374.0,7.8,86.0,7.3
2026-02-17 13:00:00,2026,2,17,13,Thanh Hóa,Xã Tượng Lĩnh,19.5671309,105.7072205,86,Moderate,1,23.9,78,0.1,22.3,71,1016.1,52,17.5,18.5,377.0,5.4,94.0,6.0
2026-02-17 14:00:00,2026,2,17,14,Thanh Hóa,Xã Tượng Lĩnh,19.5671309,105.7072205,87,Moderate,1,23.9,76,0.0,21.6,73,1015.4,37,19.7,20.8,383.0,4.7,99.0,5.4
2026-02-17 15:00:00,2026,2,17,15,Thanh Hóa,Xã Tượng Lĩnh,19.5671309,105.7072205,87,Moderate,1,23.0,77,0.0,20.2,68,1014.9,31,23.1,24.3,390.0,5.0,103.0,5.0
2026-02-17 16:00:00,2026,2,17,16,Thanh Hóa,Xã Tượng Lĩnh,19.5671309,105.7072205,88,Moderate,1,22.2,80,0.0,17.7,65,1015.1,30,23.9,25.0,395.0,5.6,105.0,5.2
2026-02-17 17:00:00,2026,2,17,17,Thanh Hóa,Xã Tượng Lĩnh,19.5671309,105.7072205,89,Moderate,1,21.5,83,0.0,15.9,62,1015.4,19,25.4,26.4,397.0,6.6,104.0,6.1
2026-02-17 18:00:00,2026,2,17,18,Thanh Hóa,Xã Tượng Lĩnh,19.5671309,105.7072205,90,Moderate,1,20.6,87,0.0,13.3,55,1016.0,27,26.3,27.2,398.0,8.0,101.0,7.4
2026-02-17 19:00:00,2026,2,17,19,Thanh Hóa,Xã Tượng Lĩnh,19.5671309,105.7072205,91,Moderate,1,20.4,89,0.0,14.5,52,1016.3,17,34.3,36.0,402.0,8.9,86.0,5.7
2026-02-17 20:00:00,2026,2,17,20,Thanh Hóa,Xã Tượng Lĩnh,19.5671309,105.7072205,93,Moderate,1,20.5,88,0.0,12.5,50,1016.9,34,35.7,37.3,414.0,9.2,83.0,6.3
2026-02-17 21:00:00,2026,2,17,21,Thanh Hóa,Xã Tượng Lĩnh,19.5671309,105.7072205,94,Moderate,1,20.2,89,0.0,8.4,40,1017.7,84,36.8,38.4,429.0,9.5,79.0,7.2
2026-02-17 22:00:00,2026,2,17,22,Thanh Hóa,Xã Tượng Lĩnh,19.5671309,105.7072205,95,Moderate,1,20.1,88,0.0,6.9,20,1017.9,98,37.6,39.2,439.0,9.8,76.0,8.2
2026-02-17 23:00:00,2026,2,17,23,Thanh Hóa,Xã Tượng Lĩnh,19.5671309,105.7072205,96,Moderate,1,20.5,85,0.0,8.9,6,1017.9,100,37.1,38.8,439.0,9.7,75.0,9.1
2026-02-18 00:00:00,2026,2,18,0,Thanh Hóa,Xã Tượng Lĩnh,19.5671309,105.7072205,95,Moderate,1,20.5,84,0.1,10.1,11,1018.0,100,36.7,38.2,433.0,9.6,75.0,10.0
2026-02-18 01:00:00,2026,2,18,1,Thanh Hóa,Xã Tượng Lĩnh,19.5671309,105.7072205,94,Moderate,1,20.5,89,0.2,9.8,13,1017.7,100,36.8,38.1,430.0,9.7,73.0,11.1
2026-02-18 02:00:00,2026,2,18,2,Thanh Hóa,Xã Tượng Lĩnh,19.5671309,105.7072205,92,Moderate,1,20.5,91,0.3,11.8,13,1017.5,100,38.0,39.0,428.0,10.2,69.0,12.3
2026-02-18 03:00:00,2026,2,18,3,Thanh Hóa,Xã Tượng Lĩnh,19.5671309,105.7072205,92,Moderate,1,20.0,95,0.2,13.1,23,1017.3,100,40.7,41.7,428.0,11.0,63.0,13.6
2026-02-18 04:00:00,2026,2,18,4,Thanh Hóa,Xã Tượng Lĩnh,19.5671309,105.7072205,91,Moderate,1,19.9,92,0.1,14.5,21,1017.5,100,42.8,43.5,440.0,12.2,57.0,15.1
2026-02-18 05:00:00,2026,2,18,5,Thanh Hóa,Xã Tượng Lĩnh,19.5671309,105.7072205,92,Moderate,1,19.7,91,0.1,13.9,13,1017.7,100,44.8,45.4,475.0,14.1,52.0,16.8
2026-02-18 06:00:00,2026,2,18,6,Thanh Hóa,Xã Tượng Lĩnh,19.5671309,105.7072205,92,Moderate,1,19.4,94,0.3,13.2,11,1018.5,100,45.5,46.1,523.0,16.3,47.0,18.6
2026-02-18 07:00:00,2026,2,18,7,Thanh Hóa,Xã Tượng Lĩnh,19.5671309,105.7072205,92,Moderate,1,19.2,92,0.5,14.7,6,1019.5,100,45.9,46.6,562.0,15.2,47.0,16.3
2026-02-18 08:00:00,2026,2,18,8,Thanh Hóa,Xã Tượng Lĩnh,19.5671309,105.7072205,92,Moderate,1,19.4,95,0.3,15.1,15,1020.1,100,45.8,46.4,587.0,15.9,47.0,17.7
2026-02-18 09:00:00,2026,2,18,9,Thanh Hóa,Xã Tượng Lĩnh,19.5671309,105.7072205,93,Moderate,1,19.5,95,0.4,14.6,358,1020.9,100,45.6,46.2,603.0,16.8,47.0,19.6
2026-02-18 10:00:00,2026,2,18,10,Thanh Hóa,Xã Tượng Lĩnh,19.5671309,105.7072205,95,Moderate,1,20.0,91,0.3,13.2,353,1021.4,100,42.5,43.2,600.0,16.9,50.0,20.4
2026-02-18 11:00:00,2026,2,18,11,Thanh Hóa,Xã Tượng Lĩnh,19.5671309,105.7072205,97,Moderate,1,20.7,84,0.2,19.3,22,1020.9,100,38.5,39.3,561.0,15.3,59.0,19.2
2026-02-18 12:00:00,2026,2,18,12,Thanh Hóa,Xã Tượng Lĩnh,19.5671309,105.7072205,99,Moderate,1,21.0,81,0.4,19.9,35,1020.2,100,36.4,37.3,503.0,12.9,70.0,17.0
2026-02-18 13:00:00,2026,2,18,13,Thanh Hóa,Xã Tượng Lĩnh,19.5671309,105.7072205,101,Unhealthy for Sensitive Groups,2,19.6,94,0.4,19.6,34,1019.8,100,35.0,36.0,463.0,10.9,82.0,15.1
2026-02-18 14:00:00,2026,2,18,14,Thanh Hóa,Xã Tượng Lĩnh,19.5671309,105.7072205,102,Unhealthy for Sensitive Groups,2,19.5,95,0.8,19.1,38,1019.1,100,34.3,35.3,461.0,9.5,94.0,14.0
2026-02-18 15:00:00,2026,2,18,15,Thanh Hóa,Xã Tượng Lĩnh,19.5671309,105.7072205,104,Unhealthy for Sensitive Groups,2,19.5,92,0.5,17.3,33,1018.5,100,33.2,34.3,477.0,8.5,106.0,13.3
2026-02-18 16:00:00,2026,2,18,16,Thanh Hóa,Xã Tượng Lĩnh,19.5671309,105.7072205,105,Unhealthy for Sensitive Groups,2,19.6,90,0.2,19.0,37,1018.3,100,32.0,33.2,491.0,8.3,113.0,13.2
2026-02-18 17:00:00,2026,2,18,17,Thanh Hóa,Xã Tượng Lĩnh,19.5671309,105.7072205,106,Unhealthy for Sensitive Groups,2,19.3,88,0.0,19.5,45,1018.3,100,31.5,32.7,495.0,9.3,112.0,13.8
2026-02-18 18:00:00,2026,2,18,18,Thanh Hóa,Xã Tượng Lĩnh,19.5671309,105.7072205,106,Unhealthy for Sensitive Groups,2,19.2,87,0.0,17.7,44,1018.5,100,31.8,32.8,498.0,11.1,106.0,15.0
2026-02-18 19:00:00,2026,2,18,19,Thanh Hóa,Xã Tượng Lĩnh,19.5671309,105.7072205,107,Unhealthy for Sensitive Groups,2,18.8,90,0.0,15.1,25,1018.8,100,33.1,33.6,506.0,16.5,76.0,19.2
2026-02-18 20:00:00,2026,2,18,20,Thanh Hóa,Xã Tượng Lĩnh,19.5671309,105.7072205,107,Unhealthy for Sensitive Groups,2,18.9,88,0.0,13.3,36,1019.4,100,37.0,37.6,522.0,17.0,73.0,20.7
2026-02-18 21:00:00,2026,2,18,21,Thanh Hóa,Xã Tượng Lĩnh,19.5671309,105.7072205,107,Unhealthy for Sensitive Groups,2,18.9,87,0.0,12.8,34,1019.8,100,40.7,41.3,543.0,17.8,69.0,22.8
2026-02-18 22:00:00,2026,2,18,22,Thanh Hóa,Xã Tượng Lĩnh,19.5671309,105.7072205,107,Unhealthy for Sensitive Groups,2,18.9,86,0.0,12.3,25,1020.0,100,43.9,44.5,562.0,18.2,66.0,24.5
2026-02-18 23:00:00,2026,2,18,23,Thanh Hóa,Xã Tượng Lĩnh,19.5671309,105.7072205,108,Unhealthy for Sensitive Groups,2,18.8,85,0.0,11.4,15,1019.9,100,46.3,46.9,578.0,18.1,64.0,25.2
2026-02-19 00:00:00,2026,2,19,0,Thanh Hóa,Xã Tượng Lĩnh,19.5671309,105.7072205,109,Unhealthy for Sensitive Groups,2,18.6,85,0.0,9.5,11,1019.7,100,48.2,48.7,592.0,17.6,63.0,25.5
2026-02-19 01:00:00,2026,2,19,1,Thanh Hóa,Xã Tượng Lĩnh,19.5671309,105.7072205,110,Unhealthy for Sensitive Groups,2,18.3,86,0.0,11.4,344,1019.6,100,50.2,50.6,596.0,17.4,61.0,25.9
2026-02-19 02:00:00,2026,2,19,2,Thanh Hóa,Xã Tượng Lĩnh,19.5671309,105.7072205,112,Unhealthy for Sensitive Groups,2,18.1,86,0.0,12.9,342,1019.5,100,52.0,52.6,582.0,17.5,58.0,26.6
2026-02-19 03:00:00,2026,2,19,3,Thanh Hóa,Xã Tượng Lĩnh,19.5671309,105.7072205,113,Unhealthy for Sensitive Groups,2,18.1,86,0.1,13.6,343,1019.3,100,53.2,53.8,558.0,17.8,55.0,27.3
2026-02-19 04:00:00,2026,2,19,4,Thanh Hóa,Xã Tượng Lĩnh,19.5671309,105.7072205,114,Unhealthy for Sensitive Groups,2,18.0,88,0.2,12.9,341,1019.0,100,53.0,53.4,546.0,18.3,53.0,27.7
2026-02-19 05:00:00,2026,2,19,5,Thanh Hóa,Xã Tượng Lĩnh,19.5671309,105.7072205,115,Unhealthy for Sensitive Groups,2,18.0,90,0.2,13.1,347,1019.3,100,51.8,52.3,558.0,19.1,52.0,27.2
2026-02-19 06:00:00,2026,2,19,6,Thanh Hóa,Xã Tượng Lĩnh,19.5671309,105.7072205,116,Unhealthy for Sensitive Groups,2,17.6,94,0.3,12.9,344,1019.9,100,51.0,51.6,582.0,20.1,51.0,26.4
2026-02-19 07:00:00,2026,2,19,7,Thanh Hóa,Xã Tượng Lĩnh,19.5671309,105.7072205,117,Unhealthy for Sensitive Groups,2,18.2,90,0.1,13.3,342,1020.7,100,47.6,48.3,600.0,17.7,56.0,20.9
2026-02-19 08:00:00,2026,2,19,8,Thanh Hóa,Xã Tượng Lĩnh,19.5671309,105.7072205,117,Unhealthy for Sensitive Groups,2,18.6,88,0.0,14.9,342,1021.4,100,48.1,48.9,608.0,18.6,54.0,22.6
2026-02-19 09:00:00,2026,2,19,9,Thanh Hóa,Xã Tượng Lĩnh,19.5671309,105.7072205,117,Unhealthy for Sensitive Groups,2,19.1,87,0.1,14.4,340,1022.1,100,48.0,48.8,610.0,19.9,53.0,24.9
2026-02-19 10:00:00,2026,2,19,10,Thanh Hóa,Xã Tượng Lĩnh,19.5671309,105.7072205,117,Unhealthy for Sensitive Groups,2,19.5,86,0.1,15.2,336,1022.4,100,47.3,48.1,596.0,20.6,53.0,26.4
2026-02-19 11:00:00,2026,2,19,11,Thanh Hóa,Xã Tượng Lĩnh,19.5671309,105.7072205,118,Unhealthy for Sensitive Groups,2,20.2,84,0.1,14.7,352,1022.0,100,42.7,43.7,553.0,20.2,57.0,26.6
2026-02-19 12:00:00,2026,2,19,12,Thanh Hóa,Xã Tượng Lĩnh,19.5671309,105.7072205,118,Unhealthy for Sensitive Groups,2,20.8,83,0.2,17.4,28,1021.1,100,40.7,41.7,495.0,19.2,64.0,26.0
2026-02-19 13:00:00,2026,2,19,13,Thanh Hóa,Xã Tượng Lĩnh,19.5671309,105.7072205,119,Unhealthy for Sensitive Groups,2,20.5,84,0.5,17.1,36,1020.6,100,38.9,40.0,452.0,18.3,71.0,25.2
2026-02-19 14:00:00,2026,2,19,14,Thanh Hóa,Xã Tượng Lĩnh,19.5671309,105.7072205,119,Unhealthy for Sensitive Groups,2,21.1,82,0.2,17.4,41,1019.8,100,37.6,38.9,438.0,17.5,78.0,24.3
2026-02-19 15:00:00,2026,2,19,15,Thanh Hóa,Xã Tượng Lĩnh,19.5671309,105.7072205,120,Unhealthy for Sensitive Groups,2,21.4,80,0.0,16.7,45,1019.4,100,41.4,43.3,438.0,16.6,86.0,23.3
2026-02-19 16:00:00,2026,2,19,16,Thanh Hóa,Xã Tượng Lĩnh,19.5671309,105.7072205,120,Unhealthy for Sensitive Groups,2,20.9,82,0.1,15.0,51,1019.1,100,37.1,38.6,446.0,16.2,91.0,22.1
2026-02-19 17:00:00,2026,2,19,17,Thanh Hóa,Xã Tượng Lĩnh,19.5671309,105.7072205,121,Unhealthy for Sensitive Groups,2,20.2,88,0.3,13.4,57,1019.1,100,36.9,38.4,461.0,16.5,92.0,20.6
2026-02-19 18:00:00,2026,2,19,18,Thanh Hóa,Xã Tượng Lĩnh,19.5671309,105.7072205,122,Unhealthy for Sensitive Groups,2,19.9,90,0.2,11.7,54,1019.4,100,37.6,39.0,482.0,17.3,91.0,19.1
2026-02-19 19:00:00,2026,2,19,19,Thanh Hóa,Xã Tượng Lĩnh,19.5671309,105.7072205,122,Unhealthy for Sensitive Groups,2,19.6,93,0.1,14.6,50,1019.8,100,30.5,32.0,501.0,14.0,93.0,12.6
2026-02-19 20:00:00,2026,2,19,20,Thanh Hóa,Xã Tượng Lĩnh,19.5671309,105.7072205,122,Unhealthy for Sensitive Groups,2,19.8,92,0.0,15.3,49,1020.3,100,32.1,33.8,514.0,13.6,95.0,12.8
2026-02-19 21:00:00,2026,2,19,21,Thanh Hóa,Xã Tượng Lĩnh,19.5671309,105.7072205,121,Unhealthy for Sensitive Groups,2,19.7,92,0.0,13.8,47,1020.8,100,33.9,35.5,524.0,13.1,98.0,13.1
2026-02-19 22:00:00,2026,2,19,22,Thanh Hóa,Xã Tượng Lĩnh,19.5671309,105.7072205,121,Unhealthy for Sensitive Groups,2,19.7,91,0.0,9.9,29,1021.1,100,36.1,37.4,537.0,12.8,99.0,13.5
2026-02-19 23:00:00,2026,2,19,23,Thanh Hóa,Xã Tượng Lĩnh,19.5671309,105.7072205,120,Unhealthy for Sensitive Groups,2,19.5,92,0.1,7.4,1,1021.0,100,38.3,39.3,555.0,12.8,97.0,13.9
2026-02-20 00:00:00,2026,2,20,0,Thanh Hóa,Xã Tượng Lĩnh,19.5671309,105.7072205,119,Unhealthy for Sensitive Groups,2,19.3,92,0.1,8.6,358,1021.4,100,40.2,41.2,576.0,13.0,93.0,14.5
2026-02-20 01:00:00,2026,2,20,1,Thanh Hóa,Xã Tượng Lĩnh,19.5671309,105.7072205,118,Unhealthy for Sensitive Groups,2,19.1,94,0.1,10.7,348,1021.4,100,42.1,43.0,592.0,13.4,89.0,15.5
2026-02-20 02:00:00,2026,2,20,2,Thanh Hóa,Xã Tượng Lĩnh,19.5671309,105.7072205,117,Unhealthy for Sensitive Groups,2,19.1,92,0.0,12.3,356,1021.0,100,44.1,44.9,597.0,13.7,86.0,17.3
2026-02-20 03:00:00,2026,2,20,3,Thanh Hóa,Xã Tượng Lĩnh,19.5671309,105.7072205,116,Unhealthy for Sensitive Groups,2,19.0,90,0.0,13.5,10,1021.0,100,45.8,46.4,598.0,14.1,83.0,19.6
2026-02-20 04:00:00,2026,2,20,4,Thanh Hóa,Xã Tượng Lĩnh,19.5671309,105.7072205,116,Unhealthy for Sensitive Groups,2,19.0,88,0.0,13.5,23,1020.6,100,46.6,47.1,606.0,15.4,78.0,22.1
2026-02-20 05:00:00,2026,2,20,5,Thanh Hóa,Xã Tượng Lĩnh,19.5671309,105.7072205,115,Unhealthy for Sensitive Groups,2,18.9,87,0.0,13.7,30,1020.6,43,46.9,47.3,635.0,18.7,68.0,24.8
2026-02-20 06:00:00,2026,2,20,6,Thanh Hóa,Xã Tượng Lĩnh,19.5671309,105.7072205,115,Unhealthy for Sensitive Groups,2,18.6,87,0.0,11.7,27,1020.8,30,47.8,48.2,671.0,22.8,56.0,27.7
2026-02-20 07:00:00,2026,2,20,7,Thanh Hóa,Xã Tượng Lĩnh,19.5671309,105.7072205,114,Unhealthy for Sensitive Groups,2,18.9,87,0.0,12.1,15,1021.2,55,37.8,38.2,682.0,20.1,60.0,21.5
2026-02-20 08:00:00,2026,2,20,8,Thanh Hóa,Xã Tượng Lĩnh,19.5671309,105.7072205,113,Unhealthy for Sensitive Groups,2,19.2,86,0.0,12.4,347,1021.6,77,37.7,38.0,647.0,20.0,59.0,24.9
2026-02-20 09:00:00,2026,2,20,9,Thanh Hóa,Xã Tượng Lĩnh,19.5671309,105.7072205,112,Unhealthy for Sensitive Groups,2,19.8,82,0.0,12.0,343,1022.1,42,36.0,36.3,588.0,19.6,58.0,29.3
2026-02-20 10:00:00,2026,2,20,10,Thanh Hóa,Xã Tượng Lĩnh,19.5671309,105.7072205,111,Unhealthy for Sensitive Groups,2,21.2,72,0.0,9.5,25,1022.0,54,34.5,34.8,533.0,18.3,63.0,31.1
2026-02-20 11:00:00,2026,2,20,11,Thanh Hóa,Xã Tượng Lĩnh,19.5671309,105.7072205,110,Unhealthy for Sensitive Groups,2,22.6,65,0.0,8.7,47,1021.2,61,33.6,34.0,493.0,15.1,78.0,28.0
2026-02-20 12:00:00,2026,2,20,12,Thanh Hóa,Xã Tượng Lĩnh,19.5671309,105.7072205,109,Unhealthy for Sensitive Groups,2,23.2,64,0.0,8.4,70,1019.8,8,33.4,33.9,458.0,10.9,98.0,22.3
2026-02-20 13:00:00,2026,2,20,13,Thanh Hóa,Xã Tượng Lĩnh,19.5671309,105.7072205,108,Unhealthy for Sensitive Groups,2,23.2,63,0.0,9.2,79,1018.9,4,32.8,33.3,431.0,7.6,114.0,17.2
2026-02-20 14:00:00,2026,2,20,14,Thanh Hóa,Xã Tượng Lĩnh,19.5671309,105.7072205,107,Unhealthy for Sensitive Groups,2,22.7,64,0.0,11.9,101,1017.7,19,33.2,33.6,414.0,5.9,123.0,13.6
2026-02-20 15:00:00,2026,2,20,15,Thanh Hóa,Xã Tượng Lĩnh,19.5671309,105.7072205,107,Unhealthy for Sensitive Groups,2,21.8,69,0.0,13.5,113,1016.6,20,32.5,33.1,406.0,5.1,128.0,10.6
2026-02-20 16:00:00,2026,2,20,16,Thanh Hóa,Xã Tượng Lĩnh,19.5671309,105.7072205,106,Unhealthy for Sensitive Groups,2,21.2,72,0.0,13.4,122,1015.7,3,30.9,31.7,405.0,5.3,128.0,8.4
2026-02-20 17:00:00,2026,2,20,17,Thanh Hóa,Xã Tượng Lĩnh,19.5671309,105.7072205,105,Unhealthy for Sensitive Groups,2,20.5,79,0.0,13.7,130,1015.2,5,28.8,29.7,415.0,7.1,122.0,7.2
2026-02-20 18:00:00,2026,2,20,18,Thanh Hóa,Xã Tượng Lĩnh,19.5671309,105.7072205,104,Unhealthy for Sensitive Groups,2,19.5,86,0.0,9.4,142,1015.1,7,27.1,28.1,432.0,9.9,113.0,6.9
2026-02-20 19:00:00,2026,2,20,19,Thanh Hóa,Xã Tượng Lĩnh,19.5671309,105.7072205,103,Unhealthy for Sensitive Groups,2,19.3,89,0.0,10.5,151,1015.2,1,27.4,28.7,450.0,11.1,94.0,5.5
2026-02-20 20:00:00,2026,2,20,20,Thanh Hóa,Xã Tượng Lĩnh,19.5671309,105.7072205,103,Unhealthy for Sensitive Groups,2,19.2,90,0.0,10.2,157,1015.2,2,26.4,27.8,469.0,11.6,90.0,5.7
2026-02-20 21:00:00,2026,2,20,21,Thanh Hóa,Xã Tượng Lĩnh,19.5671309,105.7072205,102,Unhealthy for Sensitive Groups,2,19.0,93,0.0,8.9,166,1015.3,1,25.8,27.3,489.0,12.3,83.0,6.0
2026-02-20 22:00:00,2026,2,20,22,Thanh Hóa,Xã Tượng Lĩnh,19.5671309,105.7072205,101,Unhealthy for Sensitive Groups,2,18.8,94,0.0,8.3,176,1015.3,0,26.8,28.3,497.0,12.8,77.0,6.2
2026-02-20 23:00:00,2026,2,20,23,Thanh Hóa,Xã Tượng Lĩnh,19.5671309,105.7072205,100,Moderate,1,18.7,94,0.0,9.4,184,1014.8,1,29.9,31.5,484.0,13.1,71.0,6.3
2026-02-21 00:00:00,2026,2,21,0,Thanh Hóa,Xã Tượng Lĩnh,19.5671309,105.7072205,100,Moderate,1,18.6,94,0.0,8.4,196,1014.5,5,32.0,33.4,459.0,13.1,65.0,6.3
2026-02-21 01:00:00,2026,2,21,1,Thanh Hóa,Xã Tượng Lĩnh,19.5671309,105.7072205,99,Moderate,1,18.5,96,0.0,8.1,211,1014.0,1,33.6,35.0,444.0,12.9,61.0,6.3
2026-02-21 02:00:00,2026,2,21,2,Thanh Hóa,Xã Tượng Lĩnh,19.5671309,105.7072205,98,Moderate,1,18.4,96,0.0,6.9,225,1013.4,21,34.3,35.6,445.0,12.1,61.0,6.3
2026-02-21 03:00:00,2026,2,21,3,Thanh Hóa,Xã Tượng Lĩnh,19.5671309,105.7072205,97,Moderate,1,18.3,96,0.0,6.1,225,1012.7,67,34.3,35.7,455.0,10.9,62.0,6.4
2026-02-21 04:00:00,2026,2,21,4,Thanh Hóa,Xã Tượng Lĩnh,19.5671309,105.7072205,96,Moderate,1,18.2,95,0.0,5.7,217,1011.9,73,35.4,36.8,472.0,10.2,62.0,6.3
2026-02-21 05:00:00,2026,2,21,5,Thanh Hóa,Xã Tượng Lĩnh,19.5671309,105.7072205,95,Moderate,1,18.0,95,0.0,6.6,217,1011.8,68,36.8,38.1,509.0,10.6,56.0,6.2
2026-02-21 06:00:00,2026,2,21,6,Thanh Hóa,Xã Tượng Lĩnh,19.5671309,105.7072205,94,Moderate,1,18.2,95,0.0,6.5,222,1011.8,53,37.6,38.8,554.0,11.5,49.0,6.0
2026-02-21 07:00:00,2026,2,21,7,Thanh Hóa,Xã Tượng Lĩnh,19.5671309,105.7072205,93,Moderate,1,18.2,94,0.0,7.1,210,1012.2,97,51.6,53.3,567.0,13.8,37.0,5.9
2026-02-21 08:00:00,2026,2,21,8,Thanh Hóa,Xã Tượng Lĩnh,19.5671309,105.7072205,95,Moderate,1,20.0,90,0.0,7.3,203,1012.7,59,42.6,44.4,520.0,11.0,52.0,5.2
2026-02-21 09:00:00,2026,2,21,9,Thanh Hóa,Xã Tượng Lĩnh,19.5671309,105.7072205,95,Moderate,1,22.1,80,0.0,12.5,187,1012.6,98,38.2,40.0,441.0,7.2,74.0,4.2
2026-02-21 10:00:00,2026,2,21,10,Thanh Hóa,Xã Tượng Lĩnh,19.5671309,105.7072205,95,Moderate,1,23.6,73,0.0,14.8,179,1012.5,62,34.5,36.2,377.0,4.2,93.0,3.5
2026-02-21 11:00:00,2026,2,21,11,Thanh Hóa,Xã Tượng Lĩnh,19.5671309,105.7072205,95,Moderate,1,25.4,66,0.0,14.2,165,1011.2,100,32.9,34.6,347.0,2.9,109.0,3.2
2026-02-21 12:00:00,2026,2,21,12,Thanh Hóa,Xã Tượng Lĩnh,19.5671309,105.7072205,95,Moderate,1,26.2,63,0.0,16.1,148,1009.6,75,32.0,33.4,332.0,2.3,123.0,3.2
2026-02-21 13:00:00,2026,2,21,13,Thanh Hóa,Xã Tượng Lĩnh,19.5671309,105.7072205,95,Moderate,1,25.0,71,0.0,18.7,137,1008.6,22,29.6,31.1,322.0,2.2,132.0,3.2
2026-02-21 14:00:00,2026,2,21,14,Thanh Hóa,Xã Tượng Lĩnh,19.5671309,105.7072205,95,Moderate,1,24.7,73,0.0,16.8,133,1007.6,29,26.3,28.4,315.0,2.1,133.0,3.2
2026-02-21 15:00:00,2026,2,21,15,Thanh Hóa,Xã Tượng Lĩnh,19.5671309,105.7072205,94,Moderate,1,23.9,78,0.0,17.4,130,1006.7,10,21.5,23.7,313.0,2.4,128.0,3.2
2026-02-21 16:00:00,2026,2,21,16,Thanh Hóa,Xã Tượng Lĩnh,19.5671309,105.7072205,93,Moderate,1,23.4,80,0.0,16.7,133,1006.2,4,17.3,19.6,315.0,3.4,120.0,3.2
2026-02-21 17:00:00,2026,2,21,17,Thanh Hóa,Xã Tượng Lĩnh,19.5671309,105.7072205,92,Moderate,1,22.8,82,0.0,15.2,137,1006.0,2,14.2,16.6,320.0,5.5,108.0,3.3
2026-02-21 18:00:00,2026,2,21,18,Thanh Hóa,Xã Tượng Lĩnh,19.5671309,105.7072205,91,Moderate,1,21.8,88,0.0,12.3,143,1006.3,2,13.5,16.5,329.0,8.2,92.0,3.4
2026-02-21 19:00:00,2026,2,21,19,Thanh Hóa,Xã Tượng Lĩnh,19.5671309,105.7072205,90,Moderate,1,21.3,92,0.0,11.3,149,1006.7,1,12.7,15.6,336.0,10.3,83.0,3.5
2026-02-21 20:00:00,2026,2,21,20,Thanh Hóa,Xã Tượng Lĩnh,19.5671309,105.7072205,88,Moderate,1,21.2,93,0.0,9.6,167,1007.4,1,13.2,16.3,342.0,10.9,78.0,3.9
2026-02-21 21:00:00,2026,2,21,21,Thanh Hóa,Xã Tượng Lĩnh,19.5671309,105.7072205,87,Moderate,1,21.0,94,0.0,10.1,180,1007.9,1,14.2,17.3,346.0,11.8,70.0,4.5
2026-02-21 22:00:00,2026,2,21,22,Thanh Hóa,Xã Tượng Lĩnh,19.5671309,105.7072205,86,Moderate,1,20.9,94,0.0,10.4,179,1008.2,0,17.1,20.5,343.0,12.7,63.0,4.7
2026-02-21 23:00:00,2026,2,21,23,Thanh Hóa,Xã Tượng Lĩnh,19.5671309,105.7072205,85,Moderate,1,20.9,95,0.0,9.9,181,1008.1,0,21.6,25.4,326.0,13.9,56.0,4.4
2026-02-22 00:00:00,2026,2,22,0,Thanh Hóa,Xã Tượng Lĩnh,19.5671309,105.7072205,84,Moderate,1,20.7,95,0.0,5.8,187,1008.1,2,26.4,29.0,301.0,15.3,50.0,3.7
2026-02-22 01:00:00,2026,2,22,1,Thanh Hóa,Xã Tượng Lĩnh,19.5671309,105.7072205,84,Moderate,1,21.2,96,0.0,10.8,162,1007.8,13,29.3,31.4,284.0,15.9,47.0,3.2
2026-02-22 02:00:00,2026,2,22,2,Thanh Hóa,Xã Tượng Lĩnh,19.5671309,105.7072205,84,Moderate,1,21.2,96,0.0,9.3,156,1007.2,85,31.1,33.3,278.0,15.2,49.0,3.0
2026-02-22 03:00:00,2026,2,22,3,Thanh Hóa,Xã Tượng Lĩnh,19.5671309,105.7072205,83,Moderate,1,21.2,97,0.0,10.1,147,1006.9,100,33.1,35.5,280.0,13.8,53.0,3.0
2026-02-22 04:00:00,2026,2,22,4,Thanh Hóa,Xã Tượng Lĩnh,19.5671309,105.7072205,83,Moderate,1,21.2,98,0.0,9.4,145,1007.1,100,35.5,38.1,295.0,12.9,55.0,3.0
2026-02-22 05:00:00,2026,2,22,5,Thanh Hóa,Xã Tượng Lĩnh,19.5671309,105.7072205,83,Moderate,1,21.4,98,0.0,8.1,141,1007.3,100,37.4,40.0,340.0,13.5,50.0,3.2
2026-02-22 06:00:00,2026,2,22,6,Thanh Hóa,Xã Tượng Lĩnh,19.5671309,105.7072205,83,Moderate,1,21.4,98,0.0,7.4,137,1008.0,100,38.0,40.6,397.0,14.7,41.0,3.4
2026-02-22 07:00:00,2026,2,22,7,Thanh Hóa,Xã Tượng Lĩnh,19.5671309,105.7072205,83,Moderate,1,21.4,98,0.0,6.2,111,1009.0,100,34.5,37.5,422.0,15.9,44.0,5.9
2026-02-22 08:00:00,2026,2,22,8,Thanh Hóa,Xã Tượng Lĩnh,19.5671309,105.7072205,82,Moderate,1,21.9,97,0.0,6.5,120,1009.9,100,29.8,33.3,384.0,14.5,50.0,5.5
2026-02-22 09:00:00,2026,2,22,9,Thanh Hóa,Xã Tượng Lĩnh,19.5671309,105.7072205,81,Moderate,1,22.2,96,0.0,7.7,121,1010.4,100,22.8,28.4,313.0,12.5,59.0,4.9
2026-02-22 10:00:00,2026,2,22,10,Thanh Hóa,Xã Tượng Lĩnh,19.5671309,105.7072205,79,Moderate,1,22.8,94,0.1,9.1,120,1010.7,100,18.2,23.3,257.0,10.5,68.0,4.2
2026-02-22 11:00:00,2026,2,22,11,Thanh Hóa,Xã Tượng Lĩnh,19.5671309,105.7072205,78,Moderate,1,23.0,93,0.1,8.2,112,1010.5,100,17.1,22.2,235.0,8.4,78.0,3.2
2026-02-22 12:00:00,2026,2,22,12,Thanh Hóa,Xã Tượng Lĩnh,19.5671309,105.7072205,76,Moderate,1,23.2,92,0.0,10.5,97,1009.5,100,18.3,23.6,227.0,6.3,88.0,2.0
2026-02-22 13:00:00,2026,2,22,13,Thanh Hóa,Xã Tượng Lĩnh,19.5671309,105.7072205,75,Moderate,1,22.9,92,0.0,12.6,100,1008.6,100,16.7,21.8,222.0,5.0,95.0,1.3
2026-02-22 14:00:00,2026,2,22,14,Thanh Hóa,Xã Tượng Lĩnh,19.5671309,105.7072205,74,Moderate,1,23.0,91,0.0,12.5,105,1007.9,98,17.1,22.6,215.0,4.7,97.0,1.3
2026-02-22 15:00:00,2026,2,22,15,Thanh Hóa,Xã Tượng Lĩnh,19.5671309,105.7072205,73,Moderate,1,23.1,90,0.0,11.5,98,1007.6,100,14.6,19.6,209.0,5.2,96.0,1.7
2026-02-22 16:00:00,2026,2,22,16,Thanh Hóa,Xã Tượng Lĩnh,19.5671309,105.7072205,73,Moderate,1,23.0,90,0.0,9.9,95,1008.1,100,13.3,17.8,209.0,6.1,93.0,2.1
2026-02-22 17:00:00,2026,2,22,17,Thanh Hóa,Xã Tượng Lĩnh,19.5671309,105.7072205,72,Moderate,1,22.3,93,0.0,13.0,91,1007.7,100,13.9,18.5,216.0,7.8,88.0,2.6
2026-02-22 18:00:00,2026,2,22,18,Thanh Hóa,Xã Tượng Lĩnh,19.5671309,105.7072205,72,Moderate,1,22.1,94,0.0,9.9,87,1008.1,100,14.5,18.9,227.0,10.0,81.0,3.1
2026-02-22 19:00:00,2026,2,22,19,Thanh Hóa,Xã Tượng Lĩnh,19.5671309,105.7072205,72,Moderate,1,22.4,96,0.0,11.3,92,1008.5,100,16.1,21.1,237.0,10.0,78.0,3.5
2026-02-22 20:00:00,2026,2,22,20,Thanh Hóa,Xã Tượng Lĩnh,19.5671309,105.7072205,73,Moderate,1,22.4,95,0.0,13.3,103,1009.2,84,16.9,22.4,246.0,9.7,75.0,3.4
2026-02-22 21:00:00,2026,2,22,21,Thanh Hóa,Xã Tượng Lĩnh,19.5671309,105.7072205,73,Moderate,1,22.0,97,0.0,13.2,107,1009.6,27,17.9,23.9,253.0,9.4,71.0,3.2
2026-02-22 22:00:00,2026,2,22,22,Thanh Hóa,Xã Tượng Lĩnh,19.5671309,105.7072205,73,Moderate,1,21.7,97,0.0,10.8,111,1010.3,64,18.5,24.3,253.0,9.2,67.0,3.0
2026-02-22 23:00:00,2026,2,22,23,Thanh Hóa,Xã Tượng Lĩnh,19.5671309,105.7072205,73,Moderate,1,21.7,97,0.0,9.4,125,1010.7,100,19.0,24.9,239.0,9.4,63.0,2.9
2026-02-23 00:00:00,2026,2,23,0,Thanh Hóa,Xã Tượng Lĩnh,19.5671309,105.7072205,73,Moderate,1,21.9,96,0.0,9.4,128,1010.4,100,18.0,23.5,218.0,9.9,59.0,2.9
2026-02-23 01:00:00,2026,2,23,1,Thanh Hóa,Xã Tượng Lĩnh,19.5671309,105.7072205,72,Moderate,1,22.3,97,0.0,11.4,129,1009.5,100,18.0,23.7,202.0,10.2,55.0,2.9
2026-02-23 02:00:00,2026,2,23,2,Thanh Hóa,Xã Tượng Lĩnh,19.5671309,105.7072205,71,Moderate,1,22.2,97,0.1,11.6,134,1009.2,100,17.9,23.6,195.0,10.3,52.0,2.8
2026-02-23 03:00:00,2026,2,23,3,Thanh Hóa,Xã Tượng Lĩnh,19.5671309,105.7072205,70,Moderate,1,22.1,97,0.0,12.5,137,1008.7,100,17.5,23.1,192.0,10.2,50.0,2.7
2026-02-23 04:00:00,2026,2,23,4,Thanh Hóa,Xã Tượng Lĩnh,19.5671309,105.7072205,69,Moderate,1,22.1,97,0.0,14.9,145,1008.5,100,17.1,22.6,196.0,10.2,50.0,2.7
2026-02-23 05:00:00,2026,2,23,5,Thanh Hóa,Xã Tượng Lĩnh,19.5671309,105.7072205,67,Moderate,1,22.1,96,0.0,17.4,148,1008.5,99,16.6,22.1,213.0,10.5,51.0,2.8
2026-02-23 06:00:00,2026,2,23,6,Thanh Hóa,Xã Tượng Lĩnh,19.5671309,105.7072205,65,Moderate,1,22.0,96,0.0,17.3,151,1009.1,44,16.1,21.2,236.0,10.8,54.0,3.0
2026-02-23 07:00:00,2026,2,23,7,Thanh Hóa,Xã Tượng Lĩnh,19.5671309,105.7072205,64,Moderate,1,22.3,96,0.0,12.7,153,1010.2,100,17.8,22.9,248.0,9.8,61.0,3.0
2026-02-23 08:00:00,2026,2,23,8,Thanh Hóa,Xã Tượng Lĩnh,19.5671309,105.7072205,62,Moderate,1,23.0,91,0.0,16.8,154,1010.9,100,16.6,21.4,239.0,8.7,67.0,2.8
2026-02-23 09:00:00,2026,2,23,9,Thanh Hóa,Xã Tượng Lĩnh,19.5671309,105.7072205,61,Moderate,1,23.6,88,0.0,17.1,155,1011.5,45,15.4,19.5,220.0,7.2,75.0,2.6
2026-02-23 10:00:00,2026,2,23,10,Thanh Hóa,Xã Tượng Lĩnh,19.5671309,105.7072205,60,Moderate,1,25.1,79,0.1,18.3,151,1011.9,100,16.1,20.5,205.0,5.9,83.0,2.4
2026-02-23 11:00:00,2026,2,23,11,Thanh Hóa,Xã Tượng Lĩnh,19.5671309,105.7072205,60,Moderate,1,25.1,78,0.0,18.2,147,1011.4,100,16.4,21.1,201.0,4.8,89.0,2.4
2026-02-23 12:00:00,2026,2,23,12,Thanh Hóa,Xã Tượng Lĩnh,19.5671309,105.7072205,60,Moderate,1,25.1,79,0.0,17.8,142,1010.5,64,16.0,20.8,202.0,3.9,95.0,2.5
2026-02-23 13:00:00,2026,2,23,13,Thanh Hóa,Xã Tượng Lĩnh,19.5671309,105.7072205,60,Moderate,1,24.4,81,0.0,16.2,135,1009.9,49,15.8,20.6,203.0,3.3,99.0,2.6
2026-02-23 14:00:00,2026,2,23,14,Thanh Hóa,Xã Tượng Lĩnh,19.5671309,105.7072205,60,Moderate,1,25.0,79,0.0,17.1,129,1008.7,84,15.3,20.1,202.0,2.9,102.0,2.5
2026-02-23 15:00:00,2026,2,23,15,Thanh Hóa,Xã Tượng Lĩnh,19.5671309,105.7072205,60,Moderate,1,24.4,83,0.0,16.9,119,1008.1,55,14.5,19.1,202.0,2.9,104.0,2.4
2026-02-23 16:00:00,2026,2,23,16,Thanh Hóa,Xã Tượng Lĩnh,19.5671309,105.7072205,60,Moderate,1,23.8,85,0.0,15.9,123,1008.1,85,13.9,18.3,206.0,3.5,102.0,2.4
2026-02-23 17:00:00,2026,2,23,17,Thanh Hóa,Xã Tượng Lĩnh,19.5671309,105.7072205,60,Moderate,1,23.3,87,0.0,14.2,128,1008.1,34,13.6,18.0,218.0,5.4,95.0,2.7
2026-02-23 18:00:00,2026,2,23,18,Thanh Hóa,Xã Tượng Lĩnh,19.5671309,105.7072205,60,Moderate,1,22.5,90,0.0,11.2,138,1008.3,95,13.4,17.2,236.0,8.0,85.0,3.2
2026-02-23 19:00:00,2026,2,23,19,Thanh Hóa,Xã Tượng Lĩnh,19.5671309,105.7072205,59,Moderate,1,22.6,91,0.0,10.6,130,1008.8,83,15.1,19.4,253.0,10.8,76.0,3.7
2026-02-23 20:00:00,2026,2,23,20,Thanh Hóa,Xã Tượng Lĩnh,19.5671309,105.7072205,59,Moderate,1,22.5,92,0.0,11.0,139,1009.7,48,16.6,21.2,272.0,11.2,73.0,3.9
2026-02-23 21:00:00,2026,2,23,21,Thanh Hóa,Xã Tượng Lĩnh,19.5671309,105.7072205,59,Moderate,1,22.5,91,0.0,10.7,153,1010.3,84,16.5,21.0,292.0,11.6,69.0,4.3
2026-02-23 22:00:00,2026,2,23,22,Thanh Hóa,Xã Tượng Lĩnh,19.5671309,105.7072205,59,Moderate,1,22.5,91,0.0,7.9,167,1010.6,100,15.7,19.9,299.0,11.9,66.0,4.5
2026-02-23 23:00:00,2026,2,23,23,Thanh Hóa,Xã Tượng Lĩnh,19.5671309,105.7072205,59,Moderate,1,22.4,91,0.0,7.8,173,1010.2,100,15.0,18.9,284.0,11.7,64.0,4.6
2026-02-24 00:00:00,2026,2,24,0,Thanh Hóa,Xã Tượng Lĩnh,19.5671309,105.7072205,59,Moderate,1,22.3,92,0.0,9.5,179,1010.1,96,14.6,18.5,258.0,11.3,62.0,4.5
2026-02-24 01:00:00,2026,2,24,1,Thanh Hóa,Xã Tượng Lĩnh,19.5671309,105.7072205,58,Moderate,1,22.5,94,0.0,11.0,175,1009.5,100,15.4,19.5,237.0,11.0,60.0,4.4
2026-02-24 02:00:00,2026,2,24,2,Thanh Hóa,Xã Tượng Lĩnh,19.5671309,105.7072205,58,Moderate,1,22.8,92,0.0,12.0,166,1009.0,100,16.9,21.2,225.0,11.0,56.0,4.2
2026-02-24 03:00:00,2026,2,24,3,Thanh Hóa,Xã Tượng Lĩnh,19.5671309,105.7072205,58,Moderate,1,22.7,93,0.0,13.0,161,1008.6,100,18.5,22.8,219.0,11.1,52.0,3.9
2026-02-24 04:00:00,2026,2,24,4,Thanh Hóa,Xã Tượng Lĩnh,19.5671309,105.7072205,58,Moderate,1,22.5,95,0.0,10.7,158,1008.5,99,21.0,24.3,229.0,11.4,49.0,3.7
2026-02-24 05:00:00,2026,2,24,5,Thanh Hóa,Xã Tượng Lĩnh,19.5671309,105.7072205,58,Moderate,1,22.5,95,0.0,10.4,160,1009.1,96,23.2,26.0,272.0,12.4,46.0,3.9
2026-02-24 06:00:00,2026,2,24,6,Thanh Hóa,Xã Tượng Lĩnh,19.5671309,105.7072205,59,Moderate,1,22.4,96,0.0,10.1,163,1010.2,100,23.6,26.3,332.0,13.6,43.0,4.3
2026-02-24 07:00:00,2026,2,24,7,Thanh Hóa,Xã Tượng Lĩnh,19.5671309,105.7072205,60,Moderate,1,22.1,96,0.0,8.9,148,1010.8,100,22.4,25.7,362.0,12.5,57.0,4.0
2026-02-24 08:00:00,2026,2,24,8,Thanh Hóa,Xã Tượng Lĩnh,19.5671309,105.7072205,60,Moderate,1,22.8,93,0.0,13.3,148,1011.8,88,19.4,22.8,335.0,11.1,62.0,3.5
2026-02-24 09:00:00,2026,2,24,9,Thanh Hóa,Xã Tượng Lĩnh,19.5671309,105.7072205,60,Moderate,1,24.0,86,0.1,15.7,142,1012.5,100,12.4,14.6,280.0,9.2,70.0,2.9
2026-02-24 10:00:00,2026,2,24,10,Thanh Hóa,Xã Tượng Lĩnh,19.5671309,105.7072205,60,Moderate,1,24.4,85,0.0,15.4,137,1013.1,98,9.2,10.9,237.0,7.4,78.0,2.5
2026-02-24 11:00:00,2026,2,24,11,Thanh Hóa,Xã Tượng Lĩnh,19.5671309,105.7072205,59,Moderate,1,25.0,83,0.0,16.0,126,1012.6,100,8.5,10.3,224.0,6.0,86.0,2.5
2026-02-24 12:00:00,2026,2,24,12,Thanh Hóa,Xã Tượng Lĩnh,19.5671309,105.7072205,59,Moderate,1,24.4,86,0.0,14.9,120,1011.7,100,8.5,10.2,224.0,4.8,95.0,2.7
2026-02-24 13:00:00,2026,2,24,13,Thanh Hóa,Xã Tượng Lĩnh,19.5671309,105.7072205,58,Moderate,1,24.0,85,0.0,15.4,114,1011.5,100,9.1,11.1,224.0,4.0,101.0,2.9
2026-02-24 14:00:00,2026,2,24,14,Thanh Hóa,Xã Tượng Lĩnh,19.5671309,105.7072205,57,Moderate,1,24.4,83,0.0,15.0,117,1010.5,100,11.8,15.2,221.0,3.5,105.0,2.9
2026-02-24 15:00:00,2026,2,24,15,Thanh Hóa,Xã Tượng Lĩnh,19.5671309,105.7072205,57,Moderate,1,24.0,86,0.0,13.9,121,1010.2,98,12.8,16.6,219.0,3.3,107.0,2.8
2026-02-24 16:00:00,2026,2,24,16,Thanh Hóa,Xã Tượng Lĩnh,19.5671309,105.7072205,57,Moderate,1,23.8,86,0.0,13.5,115,1010.1,100,12.9,16.5,220.0,4.0,105.0,2.9
2026-02-24 17:00:00,2026,2,24,17,Thanh Hóa,Xã Tượng Lĩnh,19.5671309,105.7072205,57,Moderate,1,23.3,89,0.0,13.2,121,1010.1,100,13.4,17.0,224.0,6.1,96.0,3.1
2026-02-24 18:00:00,2026,2,24,18,Thanh Hóa,Xã Tượng Lĩnh,19.5671309,105.7072205,57,Moderate,1,22.5,92,0.0,11.5,121,1010.6,29,13.6,17.1,231.0,9.0,84.0,3.5
2026-02-24 19:00:00,2026,2,24,19,Thanh Hóa,Xã Tượng Lĩnh,19.5671309,105.7072205,57,Moderate,1,22.9,94,0.0,13.9,128,1010.6,23,16.6,20.4,246.0,11.9,72.0,4.0
2026-02-24 20:00:00,2026,2,24,20,Thanh Hóa,Xã Tượng Lĩnh,19.5671309,105.7072205,57,Moderate,1,22.5,95,0.0,12.1,134,1011.5,13,18.0,22.0,279.0,12.5,68.0,4.4
2026-02-24 21:00:00,2026,2,24,21,Thanh Hóa,Xã Tượng Lĩnh,19.5671309,105.7072205,57,Moderate,1,22.2,94,0.0,10.7,153,1012.2,9,19.6,23.9,320.0,13.4,63.0,4.9
2026-02-24 22:00:00,2026,2,24,22,Thanh Hóa,Xã Tượng Lĩnh,19.5671309,105.7072205,57,Moderate,1,21.9,95,0.0,8.4,164,1012.7,19,21.4,26.1,348.0,14.3,58.0,5.3
2026-02-24 23:00:00,2026,2,24,23,Thanh Hóa,Xã Tượng Lĩnh,19.5671309,105.7072205,58,Moderate,1,21.3,96,0.0,3.5,189,1012.6,29,23.7,29.0,351.0,15.3,55.0,5.7
2026-02-25 00:00:00,2026,2,25,0,Thanh Hóa,Xã Tượng Lĩnh,19.5671309,105.7072205,59,Moderate,1,20.9,97,0.0,3.4,227,1012.4,98,24.9,30.5,340.0,16.4,52.0,6.0
2026-02-25 01:00:00,2026,2,25,1,Thanh Hóa,Xã Tượng Lĩnh,19.5671309,105.7072205,60,Moderate,1,21.0,98,0.0,3.6,217,1011.4,100,25.7,31.7,329.0,17.3,49.0,5.8
2026-02-25 02:00:00,2026,2,25,2,Thanh Hóa,Xã Tượng Lĩnh,19.5671309,105.7072205,61,Moderate,1,21.1,98,0.0,3.7,231,1011.4,100,26.8,32.9,318.0,18.1,46.0,4.6
2026-02-25 03:00:00,2026,2,25,3,Thanh Hóa,Xã Tượng Lĩnh,19.5671309,105.7072205,61,Moderate,1,21.0,98,0.0,3.4,186,1011.2,100,34.1,41.3,307.0,18.7,43.0,3.0
2026-02-25 04:00:00,2026,2,25,4,Thanh Hóa,Xã Tượng Lĩnh,19.5671309,105.7072205,63,Moderate,1,20.9,99,0.0,3.2,164,1011.3,100,44.4,51.3,309.0,18.7,42.0,2.0
2026-02-25 05:00:00,2026,2,25,5,Thanh Hóa,Xã Tượng Lĩnh,19.5671309,105.7072205,65,Moderate,1,21.2,98,0.0,4.3,138,1011.5,100,48.5,53.8,345.0,18.0,42.0,2.3
2026-02-25 06:00:00,2026,2,25,6,Thanh Hóa,Xã Tượng Lĩnh,19.5671309,105.7072205,67,Moderate,1,21.3,98,0.2,5.5,136,1012.1,100,44.2,48.9,396.0,16.7,42.0,3.3
2026-02-25 07:00:00,2026,2,25,7,Thanh Hóa,Xã Tượng Lĩnh,19.5671309,105.7072205,69,Moderate,1,20.9,99,0.2,7.1,161,1013.1,100,26.7,30.4,413.0,14.1,56.0,4.5
2026-02-25 08:00:00,2026,2,25,8,Thanh Hóa,Xã Tượng Lĩnh,19.5671309,105.7072205,69,Moderate,1,22.3,93,0.0,8.9,132,1013.3,99,20.3,23.2,365.0,12.7,60.0,4.5
2026-02-25 09:00:00,2026,2,25,9,Thanh Hóa,Xã Tượng Lĩnh,19.5671309,105.7072205,69,Moderate,1,23.2,89,0.2,11.7,122,1013.3,100,15.2,17.8,284.0,10.7,66.0,4.5
2026-02-25 10:00:00,2026,2,25,10,Thanh Hóa,Xã Tượng Lĩnh,19.5671309,105.7072205,70,Moderate,1,22.8,93,0.4,12.5,133,1013.6,100,14.9,17.3,223.0,8.6,73.0,4.3
2026-02-25 11:00:00,2026,2,25,11,Thanh Hóa,Xã Tượng Lĩnh,19.5671309,105.7072205,70,Moderate,1,23.2,89,0.0,14.0,135,1013.2,100,14.2,16.4,203.0,6.3,84.0,3.8
2026-02-25 12:00:00,2026,2,25,12,Thanh Hóa,Xã Tượng Lĩnh,19.5671309,105.7072205,71,Moderate,1,24.4,82,0.0,15.1,135,1012.3,95,14.3,16.4,203.0,3.8,98.0,3.0
2026-02-25 13:00:00,2026,2,25,13,Thanh Hóa,Xã Tượng Lĩnh,19.5671309,105.7072205,71,Moderate,1,24.0,81,0.0,14.8,129,1012.3,100,14.7,16.8,205.0,2.2,106.0,2.5
2026-02-25 14:00:00,2026,2,25,14,Thanh Hóa,Xã Tượng Lĩnh,19.5671309,105.7072205,72,Moderate,1,23.9,80,0.0,15.7,131,1010.9,100,14.5,16.6,204.0,1.7,106.0,2.3
2026-02-25 15:00:00,2026,2,25,15,Thanh Hóa,Xã Tượng Lĩnh,19.5671309,105.7072205,72,Moderate,1,24.1,76,0.0,17.2,133,1010.0,72,12.9,15.1,205.0,2.0,101.0,2.2
2026-02-25 16:00:00,2026,2,25,16,Thanh Hóa,Xã Tượng Lĩnh,19.5671309,105.7072205,72,Moderate,1,23.8,77,0.1,15.8,137,1009.9,36,11.6,13.8,211.0,3.1,95.0,2.4
2026-02-25 17:00:00,2026,2,25,17,Thanh Hóa,Xã Tượng Lĩnh,19.5671309,105.7072205,72,Moderate,1,23.0,84,0.0,12.9,139,1010.0,7,12.0,15.1,220.0,5.4,87.0,2.8
2026-02-25 18:00:00,2026,2,25,18,Thanh Hóa,Xã Tượng Lĩnh,19.5671309,105.7072205,72,Moderate,1,22.0,91,0.0,8.3,141,1010.6,19,13.0,16.0,233.0,8.6,77.0,3.3
2026-02-25 19:00:00,2026,2,25,19,Thanh Hóa,Xã Tượng Lĩnh,19.5671309,105.7072205,72,Moderate,1,21.9,96,0.0,7.1,131,1010.9,30,15.3,18.0,258.0,12.2,64.0,4.2
2026-02-25 20:00:00,2026,2,25,20,Thanh Hóa,Xã Tượng Lĩnh,19.5671309,105.7072205,72,Moderate,1,21.9,97,0.0,6.8,130,1011.5,13,19.7,23.1,308.0,15.0,59.0,5.7
2026-02-25 21:00:00,2026,2,25,21,Thanh Hóa,Xã Tượng Lĩnh,19.5671309,105.7072205,72,Moderate,1,21.5,97,0.0,4.3,152,1012.2,26,23.6,27.4,371.0,18.8,53.0,7.7
2026-02-25 22:00:00,2026,2,25,22,Thanh Hóa,Xã Tượng Lĩnh,19.5671309,105.7072205,72,Moderate,1,21.2,98,0.0,3.8,163,1012.4,20,27.8,32.0,413.0,21.9,47.0,9.0
2026-02-25 23:00:00,2026,2,25,23,Thanh Hóa,Xã Tượng Lĩnh,19.5671309,105.7072205,73,Moderate,1,20.8,99,0.0,2.0,175,1011.9,32,31.4,35.9,417.0,23.8,41.0,8.9
2026-02-26 00:00:00,2026,2,26,0,Thanh Hóa,Xã Tượng Lĩnh,19.5671309,105.7072205,73,Moderate,1,20.5,99,0.0,3.1,208,1011.6,93,34.1,38.6,401.0,24.9,36.0,8.0
2026-02-26 01:00:00,2026,2,26,1,Thanh Hóa,Xã Tượng Lĩnh,19.5671309,105.7072205,74,Moderate,1,21.5,100,0.0,0.6,252,1011.3,100,37.0,41.1,388.0,24.8,33.0,7.2
2026-02-26 02:00:00,2026,2,26,2,Thanh Hóa,Xã Tượng Lĩnh,19.5671309,105.7072205,75,Moderate,1,21.5,100,0.0,2.3,203,1010.5,100,32.9,36.9,387.0,22.6,34.0,6.7
2026-02-26 03:00:00,2026,2,26,3,Thanh Hóa,Xã Tượng Lĩnh,19.5671309,105.7072205,76,Moderate,1,21.4,100,0.0,3.8,199,1010.3,100,28.0,31.4,388.0,19.2,38.0,6.2
2026-02-26 04:00:00,2026,2,26,4,Thanh Hóa,Xã Tượng Lĩnh,19.5671309,105.7072205,75,Moderate,1,21.2,100,0.0,3.8,169,1010.1,100,23.6,26.8,392.0,16.6,40.0,6.0
2026-02-26 05:00:00,2026,2,26,5,Thanh Hóa,Xã Tượng Lĩnh,19.5671309,105.7072205,73,Moderate,1,21.0,100,0.0,4.6,159,1010.2,100,20.7,23.9,405.0,16.1,38.0,6.4
2026-02-26 06:00:00,2026,2,26,6,Thanh Hóa,Xã Tượng Lĩnh,19.5671309,105.7072205,71,Moderate,1,20.9,100,0.0,5.1,162,1010.7,100,19.2,22.7,420.0,16.5,35.0,7.0
2026-02-26 07:00:00,2026,2,26,7,Thanh Hóa,Xã Tượng Lĩnh,19.5671309,105.7072205,69,Moderate,1,21.5,99,0.0,6.1,122,1011.3,100,32.0,37.3,411.0,17.2,44.0,7.5
2026-02-26 08:00:00,2026,2,26,8,Thanh Hóa,Xã Tượng Lĩnh,19.5671309,105.7072205,69,Moderate,1,22.1,95,0.1,7.9,131,1011.7,90,18.0,22.9,353.0,13.7,56.0,6.5
2026-02-26 09:00:00,2026,2,26,9,Thanh Hóa,Xã Tượng Lĩnh,19.5671309,105.7072205,69,Moderate,1,23.4,85,0.0,11.0,138,1011.9,100,15.7,19.6,271.0,8.8,73.0,5.2
2026-02-26 10:00:00,2026,2,26,10,Thanh Hóa,Xã Tượng Lĩnh,19.5671309,105.7072205,69,Moderate,1,23.7,82,0.0,9.3,151,1012.1,100,14.7,17.5,211.0,4.9,87.0,4.1
2026-02-26 11:00:00,2026,2,26,11,Thanh Hóa,Xã Tượng Lĩnh,19.5671309,105.7072205,69,Moderate,1,24.9,76,0.0,9.3,144,1011.4,88,15.3,18.4,195.0,3.1,97.0,3.5
2026-02-26 12:00:00,2026,2,26,12,Thanh Hóa,Xã Tượng Lĩnh,19.5671309,105.7072205,69,Moderate,1,25.2,75,0.0,13.1,124,1010.1,100,14.2,16.9,200.0,2.4,105.0,3.1
2026-02-26 13:00:00,2026,2,26,13,Thanh Hóa,Xã Tượng Lĩnh,19.5671309,105.7072205,69,Moderate,1,24.5,77,0.0,11.8,121,1009.2,100,14.3,16.9,204.0,2.1,110.0,2.8
2026-02-26 14:00:00,2026,2,26,14,Thanh Hóa,Xã Tượng Lĩnh,19.5671309,105.7072205,69,Moderate,1,24.1,79,0.0,11.4,116,1007.9,100,14.2,16.7,195.0,1.9,113.0,2.6
2026-02-26 15:00:00,2026,2,26,15,Thanh Hóa,Xã Tượng Lĩnh,19.5671309,105.7072205,69,Moderate,1,23.0,85,0.0,12.2,118,1007.0,100,14.2,16.6,185.0,2.1,113.0,2.6
2026-02-26 16:00:00,2026,2,26,16,Thanh Hóa,Xã Tượng Lĩnh,19.5671309,105.7072205,69,Moderate,1,23.2,83,0.0,11.8,130,1006.6,98,13.5,16.0,181.0,3.2,109.0,2.7
2026-02-26 17:00:00,2026,2,26,17,Thanh Hóa,Xã Tượng Lĩnh,19.5671309,105.7072205,69,Moderate,1,23.0,84,0.0,10.7,131,1006.3,80,11.9,14.4,189.0,6.0,98.0,3.1
2026-02-26 18:00:00,2026,2,26,18,Thanh Hóa,Xã Tượng Lĩnh,19.5671309,105.7072205,69,Moderate,1,22.0,88,0.0,9.4,135,1006.6,87,12.8,16.0,204.0,9.7,84.0,3.8
2026-02-26 19:00:00,2026,2,26,19,Thanh Hóa,Xã Tượng Lĩnh,19.5671309,105.7072205,69,Moderate,1,22.5,82,0.0,10.7,151,1006.7,88,18.5,21.2,220.0,13.3,77.0,4.7
2026-02-26 20:00:00,2026,2,26,20,Thanh Hóa,Xã Tượng Lĩnh,19.5671309,105.7072205,69,Moderate,1,22.5,77,0.0,10.4,159,1007.1,76,18.7,21.9,239.0,14.4,70.0,5.1
2026-02-26 21:00:00,2026,2,26,21,Thanh Hóa,Xã Tượng Lĩnh,19.5671309,105.7072205,69,Moderate,1,22.1,81,0.0,9.4,169,1007.5,87,19.3,22.9,259.0,15.9,61.0,5.7
2026-02-26 22:00:00,2026,2,26,22,Thanh Hóa,Xã Tượng Lĩnh,19.5671309,105.7072205,69,Moderate,1,21.9,87,0.0,9.7,190,1008.1,80,20.1,23.9,269.0,16.9,54.0,6.2
2026-02-26 23:00:00,2026,2,26,23,Thanh Hóa,Xã Tượng Lĩnh,19.5671309,105.7072205,68,Moderate,1,21.5,89,0.0,7.8,202,1007.9,84,20.6,24.3,258.0,17.0,51.0,6.3
2026-02-27 00:00:00,2026,2,27,0,Thanh Hóa,Xã Tượng Lĩnh,19.5671309,105.7072205,67,Moderate,1,21.2,93,0.0,8.6,200,1007.9,88,20.7,24.5,237.0,16.6,49.0,6.3
2026-02-27 01:00:00,2026,2,27,1,Thanh Hóa,Xã Tượng Lĩnh,19.5671309,105.7072205,66,Moderate,1,21.7,95,0.0,7.4,203,1007.0,93,21.5,25.2,223.0,16.1,48.0,6.3
2026-02-27 02:00:00,2026,2,27,2,Thanh Hóa,Xã Tượng Lĩnh,19.5671309,105.7072205,65,Moderate,1,21.6,96,0.0,7.7,217,1007.1,83,23.7,26.4,220.0,15.4,47.0,6.2
2026-02-27 03:00:00,2026,2,27,3,Thanh Hóa,Xã Tượng Lĩnh,19.5671309,105.7072205,64,Moderate,1,21.5,96,0.0,6.2,213,1006.6,80,25.4,27.7,225.0,14.5,45.0,6.1
2026-02-27 04:00:00,2026,2,27,4,Thanh Hóa,Xã Tượng Lĩnh,19.5671309,105.7072205,64,Moderate,1,21.3,97,0.0,5.6,201,1006.6,86,26.8,29.0,247.0,14.2,43.0,6.1
2026-02-27 05:00:00,2026,2,27,5,Thanh Hóa,Xã Tượng Lĩnh,19.5671309,105.7072205,64,Moderate,1,21.0,98,0.0,4.6,206,1006.9,91,28.6,30.9,307.0,15.1,37.0,6.5
2026-02-27 06:00:00,2026,2,27,6,Thanh Hóa,Xã Tượng Lĩnh,19.5671309,105.7072205,65,Moderate,1,21.3,98,0.0,5.5,203,1007.6,100,31.0,33.3,384.0,16.4,31.0,7.2
2026-02-27 07:00:00,2026,2,27,7,Thanh Hóa,Xã Tượng Lĩnh,19.5671309,105.7072205,66,Moderate,1,21.0,98,0.0,3.8,161,1007.8,100,42.7,45.4,426.0,19.2,26.0,8.4
2026-02-27 08:00:00,2026,2,27,8,Thanh Hóa,Xã Tượng Lĩnh,19.5671309,105.7072205,67,Moderate,1,22.4,93,0.0,4.6,159,1008.4,99,31.7,33.4,401.0,15.9,43.0,8.0
2026-02-27 09:00:00,2026,2,27,9,Thanh Hóa,Xã Tượng Lĩnh,19.5671309,105.7072205,68,Moderate,1,23.5,90,0.0,6.2,150,1008.7,100,23.5,25.4,340.0,11.4,67.0,7.3
2026-02-27 10:00:00,2026,2,27,10,Thanh Hóa,Xã Tượng Lĩnh,19.5671309,105.7072205,69,Moderate,1,24.5,85,0.0,9.8,150,1009.2,100,20.0,21.6,292.0,7.6,87.0,6.5
2026-02-27 11:00:00,2026,2,27,11,Thanh Hóa,Xã Tượng Lĩnh,19.5671309,105.7072205,69,Moderate,1,25.0,84,0.0,9.7,156,1008.6,100,19.3,20.6,275.0,5.3,99.0,5.4
2026-02-27 12:00:00,2026,2,27,12,Thanh Hóa,Xã Tượng Lĩnh,19.5671309,105.7072205,69,Moderate,1,25.3,84,0.0,10.1,145,1007.5,100,19.7,20.8,270.0,3.7,106.0,4.0
2026-02-27 13:00:00,2026,2,27,13,Thanh Hóa,Xã Tượng Lĩnh,19.5671309,105.7072205,70,Moderate,1,25.8,82,0.0,13.7,122,1006.6,71,19.3,20.2,265.0,2.8,112.0,3.1
2026-02-27 14:00:00,2026,2,27,14,Thanh Hóa,Xã Tượng Lĩnh,19.5671309,105.7072205,70,Moderate,1,25.6,84,0.0,16.3,112,1005.1,80,18.9,19.7,256.0,2.6,117.0,2.8
2026-02-27 15:00:00,2026,2,27,15,Thanh Hóa,Xã Tượng Lĩnh,19.5671309,105.7072205,71,Moderate,1,24.6,89,0.0,16.5,110,1004.1,25,18.2,18.9,247.0,3.1,120.0,2.8
2026-02-27 16:00:00,2026,2,27,16,Thanh Hóa,Xã Tượng Lĩnh,19.5671309,105.7072205,71,Moderate,1,24.4,88,0.0,15.9,118,1004.0,38,17.9,18.6,241.0,4.3,119.0,3.0
2026-02-27 17:00:00,2026,2,27,17,Thanh Hóa,Xã Tượng Lĩnh,19.5671309,105.7072205,72,Moderate,1,23.8,91,0.0,15.0,117,1003.9,4,17.7,18.4,239.0,6.7,111.0,3.4
2026-02-27 18:00:00,2026,2,27,18,Thanh Hóa,Xã Tượng Lĩnh,19.5671309,105.7072205,72,Moderate,1,22.9,96,0.0,11.8,124,1004.5,11,16.2,16.9,240.0,9.7,98.0,3.9
2026-02-27 19:00:00,2026,2,27,19,Thanh Hóa,Xã Tượng Lĩnh,19.5671309,105.7072205,72,Moderate,1,23.0,98,0.0,12.0,141,1004.8,100,20.5,21.3,244.0,15.3,81.0,6.1
2026-02-27 20:00:00,2026,2,27,20,Thanh Hóa,Xã Tượng Lĩnh,19.5671309,105.7072205,73,Moderate,1,23.1,98,0.0,11.0,154,1005.5,100,19.9,20.7,252.0,15.5,77.0,6.4
2026-02-27 21:00:00,2026,2,27,21,Thanh Hóa,Xã Tượng Lĩnh,19.5671309,105.7072205,73,Moderate,1,23.1,99,0.0,9.7,164,1006.2,100,21.5,22.3,264.0,15.8,71.0,6.9
2026-02-27 22:00:00,2026,2,27,22,Thanh Hóa,Xã Tượng Lĩnh,19.5671309,105.7072205,73,Moderate,1,23.0,100,0.0,9.7,170,1006.2,100,22.2,23.1,275.0,16.1,65.0,7.1
2026-02-27 23:00:00,2026,2,27,23,Thanh Hóa,Xã Tượng Lĩnh,19.5671309,105.7072205,73,Moderate,1,23.0,100,0.0,7.2,176,1006.1,100,22.9,24.0,285.0,16.5,61.0,7.0
2026-02-28 00:00:00,2026,2,28,0,Thanh Hóa,Xã Tượng Lĩnh,19.5671309,105.7072205,73,Moderate,1,23.0,99,0.0,5.1,186,1005.7,100,24.0,25.2,295.0,16.8,57.0,6.7
2026-02-28 01:00:00,2026,2,28,1,Thanh Hóa,Xã Tượng Lĩnh,19.5671309,105.7072205,74,Moderate,1,22.9,99,0.0,2.4,216,1005.3,100,27.4,28.7,303.0,16.8,54.0,6.3
2026-02-28 02:00:00,2026,2,28,2,Thanh Hóa,Xã Tượng Lĩnh,19.5671309,105.7072205,74,Moderate,1,23.0,99,0.0,2.8,225,1004.9,100,31.8,33.3,308.0,16.2,52.0,5.8
2026-02-28 03:00:00,2026,2,28,3,Thanh Hóa,Xã Tượng Lĩnh,19.5671309,105.7072205,75,Moderate,1,22.8,100,0.0,2.9,169,1004.5,100,33.8,35.4,312.0,15.3,50.0,5.3
2026-02-28 04:00:00,2026,2,28,4,Thanh Hóa,Xã Tượng Lĩnh,19.5671309,105.7072205,75,Moderate,1,22.6,99,0.0,5.4,165,1004.3,100,35.0,36.3,321.0,14.5,49.0,5.1
2026-02-28 05:00:00,2026,2,28,5,Thanh Hóa,Xã Tượng Lĩnh,19.5671309,105.7072205,76,Moderate,1,22.5,100,0.0,5.9,169,1004.9,100,35.9,36.9,343.0,14.1,47.0,5.4
2026-02-28 06:00:00,2026,2,28,6,Thanh Hóa,Xã Tượng Lĩnh,19.5671309,105.7072205,77,Moderate,1,22.5,99,0.0,6.2,173,1005.5,100,35.7,36.4,369.0,13.8,45.0,5.9
2026-02-28 07:00:00,2026,2,28,7,Thanh Hóa,Xã Tượng Lĩnh,19.5671309,105.7072205,77,Moderate,1,22.9,100,0.0,6.8,153,1005.9,100,26.7,27.2,387.0,12.0,54.0,6.0
2026-02-28 08:00:00,2026,2,28,8,Thanh Hóa,Xã Tượng Lĩnh,19.5671309,105.7072205,76,Moderate,1,23.1,99,0.0,10.1,176,1006.9,100,24.3,24.7,387.0,10.5,67.0,5.7
2026-02-28 09:00:00,2026,2,28,9,Thanh Hóa,Xã Tượng Lĩnh,19.5671309,105.7072205,75,Moderate,1,24.9,90,0.0,11.7,181,1007.4,99,22.8,23.1,377.0,8.3,86.0,5.2
2026-02-28 10:00:00,2026,2,28,10,Thanh Hóa,Xã Tượng Lĩnh,19.5671309,105.7072205,75,Moderate,1,27.4,76,0.0,14.6,176,1007.6,45,20.1,20.4,369.0,6.3,104.0,4.6
2026-02-28 11:00:00,2026,2,28,11,Thanh Hóa,Xã Tượng Lĩnh,19.5671309,105.7072205,75,Moderate,1,27.8,79,0.0,14.2,154,1006.7,16,20.4,20.7,370.0,4.6,120.0,3.9
2026-02-28 12:00:00,2026,2,28,12,Thanh Hóa,Xã Tượng Lĩnh,19.5671309,105.7072205,75,Moderate,1,28.0,78,0.0,16.9,141,1005.5,9,16.7,16.9,373.0,3.2,135.0,3.1
2026-02-28 13:00:00,2026,2,28,13,Thanh Hóa,Xã Tượng Lĩnh,19.5671309,105.7072205,75,Moderate,1,27.4,79,0.0,17.4,137,1004.8,29,15.9,16.2,369.0,2.4,147.0,2.7
2026-02-28 14:00:00,2026,2,28,14,Thanh Hóa,Xã Tượng Lĩnh,19.5671309,105.7072205,75,Moderate,1,27.0,80,0.0,16.9,137,1003.6,16,17.4,17.9,351.0,2.5,155.0,2.9
2026-02-28 15:00:00,2026,2,28,15,Thanh Hóa,Xã Tượng Lĩnh,19.5671309,105.7072205,75,Moderate,1,26.9,81,0.0,17.7,140,1002.8,17,19.7,20.4,327.0,3.3,160.0,3.5
2026-02-28 16:00:00,2026,2,28,16,Thanh Hóa,Xã Tượng Lĩnh,19.5671309,105.7072205,75,Moderate,1,26.1,84,0.0,15.6,142,1002.4,22,20.9,21.8,307.0,4.5,159.0,4.1
2026-02-28 17:00:00,2026,2,28,17,Thanh Hóa,Xã Tượng Lĩnh,19.5671309,105.7072205,93,Moderate,1,25.2,87,0.0,14.9,143,1002.7,6,21.0,22.2,295.0,6.4,150.0,4.5
2026-02-28 18:00:00,2026,2,28,18,Thanh Hóa,Xã Tượng Lĩnh,19.5671309,105.7072205,107,Unhealthy for Sensitive Groups,2,24.4,89,0.0,15.1,148,1002.9,1,20.2,21.3,289.0,8.8,135.0,4.9
2026-02-28 19:00:00,2026,2,28,19,Thanh Hóa,Xã Tượng Lĩnh,19.5671309,105.7072205,113,Unhealthy for Sensitive Groups,2,24.0,92,0.0,10.4,157,1003.7,6,26.0,27.6,291.0,10.9,119.0,4.2
2026-02-28 20:00:00,2026,2,28,20,Thanh Hóa,Xã Tượng Lĩnh,19.5671309,105.7072205,113,Unhealthy for Sensitive Groups,2,23.9,91,0.0,11.2,161,1004.2,0,29.5,31.1,308.0,10.2,116.0,4.2
2026-02-28 21:00:00,2026,2,28,21,Thanh Hóa,Xã Tượng Lĩnh,19.5671309,105.7072205,109,Unhealthy for Sensitive Groups,2,24.0,89,0.0,10.5,177,1004.8,1,28.5,30.2,334.0,9.3,111.0,4.3
2026-02-28 22:00:00,2026,2,28,22,Thanh Hóa,Xã Tượng Lĩnh,19.5671309,105.7072205,102,Unhealthy for Sensitive Groups,2,24.0,88,0.0,12.5,175,1004.9,4,25.7,27.2,354.0,9.0,105.0,4.5
2026-02-28 23:00:00,2026,2,28,23,Thanh Hóa,Xã Tượng Lĩnh,19.5671309,105.7072205,91,Moderate,1,23.8,89,0.0,13.7,176,1004.8,50,22.2,23.6,361.0,9.7,98.0,5.0
2026-03-01 00:00:00,2026,3,1,0,Thanh Hóa,Xã Tượng Lĩnh,19.5671309,105.7072205,78,Moderate,1,23.4,92,0.0,12.2,181,1004.5,45,20.5,21.7,362.0,10.9,91.0,5.7
2026-03-01 01:00:00,2026,3,1,1,Thanh Hóa,Xã Tượng Lĩnh,19.5671309,105.7072205,77,Moderate,1,23.3,95,0.0,10.4,181,1004.1,70,21.3,22.3,366.0,12.2,82.0,6.2
2026-03-01 02:00:00,2026,3,1,2,Thanh Hóa,Xã Tượng Lĩnh,19.5671309,105.7072205,77,Moderate,1,23.1,95,0.0,7.0,192,1003.7,83,23.1,24.0,374.0,13.6,70.0,6.4
2026-03-01 03:00:00,2026,3,1,3,Thanh Hóa,Xã Tượng Lĩnh,19.5671309,105.7072205,76,Moderate,1,22.7,96,0.0,5.3,192,1003.7,94,24.3,25.1,386.0,15.1,57.0,6.3
2026-03-01 04:00:00,2026,3,1,4,Thanh Hóa,Xã Tượng Lĩnh,19.5671309,105.7072205,75,Moderate,1,22.9,96,0.0,5.6,174,1003.8,100,25.4,26.1,403.0,16.2,46.0,6.3
2026-03-01 05:00:00,2026,3,1,5,Thanh Hóa,Xã Tượng Lĩnh,19.5671309,105.7072205,74,Moderate,1,23.2,95,0.0,4.9,182,1004.1,25,26.2,26.8,441.0,17.1,35.0,6.3
2026-03-01 06:00:00,2026,3,1,6,Thanh Hóa,Xã Tượng Lĩnh,19.5671309,105.7072205,74,Moderate,1,22.8,96,0.0,4.5,182,1004.8,55,26.4,26.7,484.0,17.6,27.0,6.2
2026-03-01 07:00:00,2026,3,1,7,Thanh Hóa,Xã Tượng Lĩnh,19.5671309,105.7072205,73,Moderate,1,23.3,95,0.0,11.3,193,1005.5,100,53.6,54.2,495.0,15.5,42.0,2.4
2026-03-01 08:00:00,2026,3,1,8,Thanh Hóa,Xã Tượng Lĩnh,19.5671309,105.7072205,75,Moderate,1,23.4,93,0.7,21.8,206,1006.7,100,48.1,48.5,440.0,13.1,66.0,4.4
2026-03-01 09:00:00,2026,3,1,9,Thanh Hóa,Xã Tượng Lĩnh,19.5671309,105.7072205,77,Moderate,1,24.5,89,1.5,16.0,209,1006.9,64,36.0,36.2,353.0,9.7,99.0,7.0
2026-03-01 10:00:00,2026,3,1,10,Thanh Hóa,Xã Tượng Lĩnh,19.5671309,105.7072205,78,Moderate,1,29.1,76,0.0,12.7,230,1006.8,5,29.9,30.0,289.0,6.8,127.0,8.5
2026-03-01 11:00:00,2026,3,1,11,Thanh Hóa,Xã Tượng Lĩnh,19.5671309,105.7072205,79,Moderate,1,30.4,67,0.0,12.1,153,1006.4,3,25.2,25.4,277.0,5.0,146.0,7.6
2026-03-01 12:00:00,2026,3,1,12,Thanh Hóa,Xã Tượng Lĩnh,19.5671309,105.7072205,80,Moderate,1,28.9,78,0.0,15.2,126,1005.5,13,22.8,23.1,289.0,3.7,159.0,5.4
2026-03-01 13:00:00,2026,3,1,13,Thanh Hóa,Xã Tượng Lĩnh,19.5671309,105.7072205,80,Moderate,1,28.0,82,0.0,15.7,120,1004.7,13,21.7,21.9,301.0,3.0,167.0,3.7
2026-03-01 14:00:00,2026,3,1,14,Thanh Hóa,Xã Tượng Lĩnh,19.5671309,105.7072205,81,Moderate,1,27.7,83,0.0,16.2,125,1003.8,17,21.3,21.7,306.0,2.7,168.0,3.0
2026-03-01 15:00:00,2026,3,1,15,Thanh Hóa,Xã Tượng Lĩnh,19.5671309,105.7072205,81,Moderate,1,27.3,83,0.0,16.7,130,1003.2,25,20.8,21.2,311.0,3.0,163.0,2.7
2026-03-01 16:00:00,2026,3,1,16,Thanh Hóa,Xã Tượng Lĩnh,19.5671309,105.7072205,99,Moderate,1,26.9,83,0.0,16.9,137,1002.8,38,19.8,20.4,311.0,3.9,157.0,2.7
2026-03-01 17:00:00,2026,3,1,17,Thanh Hóa,Xã Tượng Lĩnh,19.5671309,105.7072205,119,Unhealthy for Sensitive Groups,2,26.0,85,0.0,16.4,142,1003.1,70,21.3,21.9,301.0,6.2,150.0,3.0
2026-03-01 18:00:00,2026,3,1,18,Thanh Hóa,Xã Tượng Lĩnh,19.5671309,105.7072205,130,Unhealthy for Sensitive Groups,2,25.0,88,0.0,17.0,152,1003.4,70,23.3,24.4,286.0,9.2,142.0,3.5
2026-03-01 19:00:00,2026,3,1,19,Thanh Hóa,Xã Tượng Lĩnh,19.5671309,105.7072205,133,Unhealthy for Sensitive Groups,2,25.1,91,0.0,16.5,156,1003.5,9,34.2,35.6,277.0,12.3,136.0,3.7
2026-03-01 20:00:00,2026,3,1,20,Thanh Hóa,Xã Tượng Lĩnh,19.5671309,105.7072205,131,Unhealthy for Sensitive Groups,2,24.9,91,0.0,14.6,164,1004.3,8,32.7,34.6,282.0,11.0,133.0,3.9
2026-03-01 21:00:00,2026,3,1,21,Thanh Hóa,Xã Tượng Lĩnh,19.5671309,105.7072205,125,Unhealthy for Sensitive Groups,2,25.0,88,0.0,14.1,178,1005.2,9,30.4,32.1,293.0,9.3,128.0,4.2
2026-03-01 22:00:00,2026,3,1,22,Thanh Hóa,Xã Tượng Lĩnh,19.5671309,105.7072205,117,Unhealthy for Sensitive Groups,2,24.7,89,0.0,12.7,173,1005.6,81,27.6,29.6,303.0,8.2,122.0,4.5
2026-03-01 23:00:00,2026,3,1,23,Thanh Hóa,Xã Tượng Lĩnh,19.5671309,105.7072205,107,Unhealthy for Sensitive Groups,2,24.1,92,0.0,12.5,174,1005.8,16,25.9,27.8,306.0,8.3,114.0,4.7
2026-03-02 00:00:00,2026,3,2,0,Thanh Hóa,Xã Tượng Lĩnh,19.5671309,105.7072205,97,Moderate,1,23.9,94,0.0,12.6,182,1005.6,20,25.1,26.8,307.0,9.1,104.0,5.0
2026-03-02 01:00:00,2026,3,2,1,Thanh Hóa,Xã Tượng Lĩnh,19.5671309,105.7072205,85,Moderate,1,24.0,96,0.0,11.9,174,1005.2,5,26.9,28.4,314.0,10.3,93.0,5.2
2026-03-02 02:00:00,2026,3,2,2,Thanh Hóa,Xã Tượng Lĩnh,19.5671309,105.7072205,84,Moderate,1,23.5,96,0.0,4.9,186,1004.9,0,29.8,31.1,327.0,12.2,80.0,5.5
2026-03-02 03:00:00,2026,3,2,3,Thanh Hóa,Xã Tượng Lĩnh,19.5671309,105.7072205,85,Moderate,1,23.0,98,0.0,1.3,188,1004.7,4,32.8,34.1,347.0,14.6,67.0,5.9
2026-03-02 04:00:00,2026,3,2,4,Thanh Hóa,Xã Tượng Lĩnh,19.5671309,105.7072205,85,Moderate,1,22.7,98,0.0,0.9,180,1004.9,7,36.4,37.8,377.0,16.5,55.0,5.8
2026-03-02 05:00:00,2026,3,2,5,Thanh Hóa,Xã Tượng Lĩnh,19.5671309,105.7072205,86,Moderate,1,22.5,98,0.0,2.2,194,1005.6,18,40.6,42.3,436.0,18.1,42.0,4.7
2026-03-02 06:00:00,2026,3,2,6,Thanh Hóa,Xã Tượng Lĩnh,19.5671309,105.7072205,88,Moderate,1,22.3,99,0.0,2.4,253,1006.2,24,50.8,51.5,507.0,19.2,30.0,3.2
2026-03-02 07:00:00,2026,3,2,7,Thanh Hóa,Xã Tượng Lĩnh,19.5671309,105.7072205,90,Moderate,1,23.1,100,0.0,3.8,315,1007.0,100,71.5,72.6,541.0,14.9,41.0,1.9
2026-03-02 08:00:00,2026,3,2,8,Thanh Hóa,Xã Tượng Lĩnh,19.5671309,105.7072205,91,Moderate,1,23.9,99,0.0,4.8,329,1007.8,100,67.5,68.5,505.0,13.2,64.0,5.1
2026-03-02 09:00:00,2026,3,2,9,Thanh Hóa,Xã Tượng Lĩnh,19.5671309,105.7072205,93,Moderate,1,25.5,92,0.0,2.3,342,1008.5,98,61.9,62.9,434.0,10.8,97.0,9.4
2026-03-02 10:00:00,2026,3,2,10,Thanh Hóa,Xã Tượng Lĩnh,19.5671309,105.7072205,95,Moderate,1,27.3,85,0.0,5.2,20,1008.6,5,51.7,52.7,381.0,8.6,128.0,12.2
2026-03-02 11:00:00,2026,3,2,11,Thanh Hóa,Xã Tượng Lĩnh,19.5671309,105.7072205,97,Moderate,1,28.5,84,0.0,6.0,63,1008.2,11,47.7,48.8,373.0,6.9,154.0,12.2
2026-03-02 12:00:00,2026,3,2,12,Thanh Hóa,Xã Tượng Lĩnh,19.5671309,105.7072205,99,Moderate,1,28.6,86,0.0,9.6,86,1007.3,29,47.7,48.7,385.0,5.4,179.0,10.8
2026-03-02 13:00:00,2026,3,2,13,Thanh Hóa,Xã Tượng Lĩnh,19.5671309,105.7072205,102,Unhealthy for Sensitive Groups,2,27.7,89,0.0,11.4,106,1006.7,63,47.8,48.9,392.0,4.6,197.0,9.3
2026-03-02 14:00:00,2026,3,2,14,Thanh Hóa,Xã Tượng Lĩnh,19.5671309,105.7072205,105,Unhealthy for Sensitive Groups,2,26.8,96,0.6,9.4,93,1005.6,48,47.6,48.8,386.0,4.7,210.0,8.0
2026-03-02 15:00:00,2026,3,2,15,Thanh Hóa,Xã Tượng Lĩnh,19.5671309,105.7072205,107,Unhealthy for Sensitive Groups,2,26.9,91,0.0,8.8,92,1005.0,42,41.7,42.8,375.0,5.6,216.0,6.6
2026-03-02 16:00:00,2026,3,2,16,Thanh Hóa,Xã Tượng Lĩnh,19.5671309,105.7072205,131,Unhealthy for Sensitive Groups,2,26.3,91,0.0,10.3,115,1004.6,55,41.7,42.7,363.0,6.7,213.0,5.4
2026-03-02 17:00:00,2026,3,2,17,Thanh Hóa,Xã Tượng Lĩnh,19.5671309,105.7072205,160,Unhealthy,3,25.2,93,0.0,11.1,120,1004.6,59,39.2,40.2,348.0,8.4,195.0,4.6
2026-03-02 18:00:00,2026,3,2,18,Thanh Hóa,Xã Tượng Lĩnh,19.5671309,105.7072205,175,Unhealthy,3,23.8,97,0.0,11.4,119,1004.9,88,38.2,39.2,331.0,10.5,167.0,3.9
2026-03-02 19:00:00,2026,3,2,19,Thanh Hóa,Xã Tượng Lĩnh,19.5671309,105.7072205,182,Unhealthy,3,24.1,97,0.0,10.4,118,1005.2,5,55.5,57.3,319.0,12.4,147.0,1.9
2026-03-02 20:00:00,2026,3,2,20,Thanh Hóa,Xã Tượng Lĩnh,19.5671309,105.7072205,180,Unhealthy,3,23.9,98,0.0,6.0,136,1006.2,2,51.9,53.2,317.0,11.5,132.0,1.6
2026-03-02 21:00:00,2026,3,2,21,Thanh Hóa,Xã Tượng Lĩnh,19.5671309,105.7072205,173,Unhealthy,3,23.5,98,0.0,3.7,166,1007.1,2,45.5,47.0,321.0,10.2,112.0,1.2
2026-03-02 22:00:00,2026,3,2,22,Thanh Hóa,Xã Tượng Lĩnh,19.5671309,105.7072205,159,Unhealthy,3,23.3,98,0.0,1.7,148,1007.6,0,40.3,42.6,320.0,9.2,95.0,1.0
2026-03-02 23:00:00,2026,3,2,23,Thanh Hóa,Xã Tượng Lĩnh,19.5671309,105.7072205,138,Unhealthy for Sensitive Groups,2,23.0,98,0.0,2.9,133,1007.8,0,36.2,39.2,313.0,8.7,87.0,1.0
2026-03-03 00:00:00,2026,3,3,0,Thanh Hóa,Xã Tượng Lĩnh,19.5671309,105.7072205,123,Unhealthy for Sensitive Groups,2,22.9,98,0.0,1.7,108,1007.8,0,35.6,39.0,301.0,8.5,83.0,1.1
2026-03-03 01:00:00,2026,3,3,1,Thanh Hóa,Xã Tượng Lĩnh,19.5671309,105.7072205,124,Unhealthy for Sensitive Groups,2,23.1,99,0.0,2.9,94,1007.2,0,35.7,39.2,281.0,8.5,79.0,1.4
2026-03-03 02:00:00,2026,3,3,2,Thanh Hóa,Xã Tượng Lĩnh,19.5671309,105.7072205,125,Unhealthy for Sensitive Groups,2,22.6,100,0.0,2.5,8,1006.9,100,33.6,36.9,233.0,8.5,72.0,1.6
2026-03-03 03:00:00,2026,3,3,3,Thanh Hóa,Xã Tượng Lĩnh,19.5671309,105.7072205,126,Unhealthy for Sensitive Groups,2,22.7,100,0.0,6.9,6,1007.2,100,30.4,33.3,176.0,8.8,65.0,2.0
2026-03-03 04:00:00,2026,3,3,4,Thanh Hóa,Xã Tượng Lĩnh,19.5671309,105.7072205,125,Unhealthy for Sensitive Groups,2,22.9,100,0.0,9.0,20,1007.6,100,24.9,27.4,165.0,10.0,58.0,3.7
2026-03-03 05:00:00,2026,3,3,5,Thanh Hóa,Xã Tượng Lĩnh,19.5671309,105.7072205,124,Unhealthy for Sensitive Groups,2,23.2,100,0.0,14.1,31,1008.3,100,17.5,19.0,242.0,13.2,50.0,7.8
2026-03-03 06:00:00,2026,3,3,6,Thanh Hóa,Xã Tượng Lĩnh,19.5671309,105.7072205,122,Unhealthy for Sensitive Groups,2,22.9,97,0.3,24.0,25,1009.4,100,11.6,12.4,365.0,17.4,41.0,13.3
2026-03-03 07:00:00,2026,3,3,7,Thanh Hóa,Xã Tượng Lĩnh,19.5671309,105.7072205,118,Unhealthy for Sensitive Groups,2,21.8,96,0.1,16.7,37,1009.5,100,10.4,10.6,457.0,16.2,46.0,13.5
2026-03-03 08:00:00,2026,3,3,8,Thanh Hóa,Xã Tượng Lĩnh,19.5671309,105.7072205,111,Unhealthy for Sensitive Groups,2,21.8,94,11.8,14.9,20,1011.8,99,16.0,16.1,486.0,18.3,46.0,17.9
2026-03-03 09:00:00,2026,3,3,9,Thanh Hóa,Xã Tượng Lĩnh,19.5671309,105.7072205,106,Unhealthy for Sensitive Groups,2,22.4,89,2.1,14.0,35,1012.7,100,21.8,21.9,484.0,21.2,47.0,24.0
2026-03-03 10:00:00,2026,3,3,10,Thanh Hóa,Xã Tượng Lĩnh,19.5671309,105.7072205,102,Unhealthy for Sensitive Groups,2,23.7,81,0.2,20.0,35,1013.2,100,25.6,25.6,473.0,22.9,50.0,28.8
2026-03-03 11:00:00,2026,3,3,11,Thanh Hóa,Xã Tượng Lĩnh,19.5671309,105.7072205,99,Moderate,1,23.5,81,0.1,20.2,37,1013.2,100,28.2,28.3,453.0,22.3,57.0,31.1
2026-03-03 12:00:00,2026,3,3,12,Thanh Hóa,Xã Tượng Lĩnh,19.5671309,105.7072205,98,Moderate,1,24.2,76,0.0,18.8,47,1012.6,100,29.2,29.2,423.0,20.5,66.0,32.1
2026-03-03 13:00:00,2026,3,3,13,Thanh Hóa,Xã Tượng Lĩnh,19.5671309,105.7072205,96,Moderate,1,23.2,75,0.0,22.3,69,1012.0,100,31.9,32.0,402.0,19.4,73.0,32.9
2026-03-03 14:00:00,2026,3,3,14,Thanh Hóa,Xã Tượng Lĩnh,19.5671309,105.7072205,95,Moderate,1,22.0,77,0.0,25.1,63,1011.6,100,33.6,33.6,399.0,19.6,76.0,33.8
2026-03-03 15:00:00,2026,3,3,15,Thanh Hóa,Xã Tượng Lĩnh,19.5671309,105.7072205,93,Moderate,1,21.9,77,0.0,25.2,65,1011.0,100,35.9,36.0,404.0,20.4,77.0,34.5
2026-03-03 16:00:00,2026,3,3,16,Thanh Hóa,Xã Tượng Lĩnh,19.5671309,105.7072205,93,Moderate,1,21.7,77,0.0,24.0,60,1011.3,100,37.3,37.4,406.0,21.8,75.0,34.8
2026-03-03 17:00:00,2026,3,3,17,Thanh Hóa,Xã Tượng Lĩnh,19.5671309,105.7072205,92,Moderate,1,21.0,81,0.0,19.7,59,1011.8,100,38.1,38.2,398.0,24.2,69.0,34.7
2026-03-03 18:00:00,2026,3,3,18,Thanh Hóa,Xã Tượng Lĩnh,19.5671309,105.7072205,92,Moderate,1,21.0,81,0.0,20.5,61,1012.6,100,41.4,41.7,388.0,27.2,61.0,34.2
2026-03-03 19:00:00,2026,3,3,19,Thanh Hóa,Xã Tượng Lĩnh,19.5671309,105.7072205,93,Moderate,1,21.5,80,0.0,22.5,62,1012.2,100,47.1,47.5,382.0,18.5,81.0,21.9
2026-03-03 20:00:00,2026,3,3,20,Thanh Hóa,Xã Tượng Lĩnh,19.5671309,105.7072205,92,Moderate,1,21.6,80,0.0,21.9,59,1013.4,100,46.7,47.0,386.0,20.0,74.0,22.6
2026-03-03 21:00:00,2026,3,3,21,Thanh Hóa,Xã Tượng Lĩnh,19.5671309,105.7072205,91,Moderate,1,21.5,82,0.1,18.6,60,1014.6,100,47.8,48.2,394.0,22.0,63.0,23.7
2026-03-03 22:00:00,2026,3,3,22,Thanh Hóa,Xã Tượng Lĩnh,19.5671309,105.7072205,92,Moderate,1,20.9,86,0.5,18.8,54,1015.4,100,51.7,51.9,404.0,23.8,54.0,25.5
2026-03-03 23:00:00,2026,3,3,23,Thanh Hóa,Xã Tượng Lĩnh,19.5671309,105.7072205,93,Moderate,1,20.5,85,0.1,19.9,46,1015.7,100,55.5,55.8,415.0,25.4,46.0,29.2
2026-03-04 00:00:00,2026,3,4,0,Thanh Hóa,Xã Tượng Lĩnh,19.5671309,105.7072205,94,Moderate,1,20.5,82,0.0,17.8,33,1016.0,100,56.2,56.3,428.0,26.7,40.0,33.6
2026-03-04 01:00:00,2026,3,4,1,Thanh Hóa,Xã Tượng Lĩnh,19.5671309,105.7072205,96,Moderate,1,20.2,84,0.0,14.2,21,1016.0,100,51.5,51.6,434.0,26.6,37.0,35.5
2026-03-04 02:00:00,2026,3,4,2,Thanh Hóa,Xã Tượng Lĩnh,19.5671309,105.7072205,98,Moderate,1,20.0,82,0.1,15.0,26,1015.6,100,42.5,42.6,428.0,23.6,41.0,32.3
2026-03-04 03:00:00,2026,3,4,3,Thanh Hóa,Xã Tượng Lĩnh,19.5671309,105.7072205,98,Moderate,1,19.6,85,0.2,14.7,23,1015.5,100,34.1,34.2,416.0,19.2,48.0,26.6
2026-03-04 04:00:00,2026,3,4,4,Thanh Hóa,Xã Tượng Lĩnh,19.5671309,105.7072205,99,Moderate,1,18.9,88,0.1,17.8,1,1015.8,100,28.9,28.9,411.0,16.1,53.0,22.3
2026-03-04 05:00:00,2026,3,4,5,Thanh Hóa,Xã Tượng Lĩnh,19.5671309,105.7072205,99,Moderate,1,18.2,83,0.0,16.9,360,1016.2,100,26.9,27.0,419.0,16.0,53.0,21.2
2026-03-04 06:00:00,2026,3,4,6,Thanh Hóa,Xã Tượng Lĩnh,19.5671309,105.7072205,100,Moderate,1,18.0,82,0.0,15.7,347,1016.6,100,26.3,26.5,434.0,17.3,51.0,21.6
2026-03-04 07:00:00,2026,3,4,7,Thanh Hóa,Xã Tượng Lĩnh,19.5671309,105.7072205,101,Unhealthy for Sensitive Groups,2,17.9,79,0.0,16.9,358,1016.6,100,38.0,38.2,454.0,22.5,42.0,27.8
2026-03-04 08:00:00,2026,3,4,8,Thanh Hóa,Xã Tượng Lĩnh,19.5671309,105.7072205,104,Unhealthy for Sensitive Groups,2,18.6,71,0.0,15.7,358,1017.4,100,35.6,35.9,482.0,21.1,44.0,27.3
2026-03-04 09:00:00,2026,3,4,9,Thanh Hóa,Xã Tượng Lĩnh,19.5671309,105.7072205,106,Unhealthy for Sensitive Groups,2,19.5,68,0.0,14.8,3,1017.9,100,32.9,33.2,515.0,19.1,48.0,26.6
2026-03-04 10:00:00,2026,3,4,10,Thanh Hóa,Xã Tượng Lĩnh,19.5671309,105.7072205,107,Unhealthy for Sensitive Groups,2,20.4,64,0.0,15.1,12,1018.2,100,31.5,31.9,535.0,17.4,53.0,26.3
2026-03-04 11:00:00,2026,3,4,11,Thanh Hóa,Xã Tượng Lĩnh,19.5671309,105.7072205,108,Unhealthy for Sensitive Groups,2,21.2,62,0.0,12.2,24,1018.0,100,30.0,30.5,533.0,16.1,60.0,26.7
2026-03-04 12:00:00,2026,3,4,12,Thanh Hóa,Xã Tượng Lĩnh,19.5671309,105.7072205,108,Unhealthy for Sensitive Groups,2,21.7,62,0.0,11.6,42,1017.2,100,29.2,29.6,518.0,14.9,69.0,27.6
2026-03-04 13:00:00,2026,3,4,13,Thanh Hóa,Xã Tượng Lĩnh,19.5671309,105.7072205,108,Unhealthy for Sensitive Groups,2,21.0,65,0.0,12.0,45,1016.0,100,29.0,29.5,501.0,14.5,76.0,28.7
2026-03-04 14:00:00,2026,3,4,14,Thanh Hóa,Xã Tượng Lĩnh,19.5671309,105.7072205,108,Unhealthy for Sensitive Groups,2,21.1,66,0.0,10.1,61,1014.7,100,30.2,30.5,484.0,14.7,83.0,30.4
2026-03-04 15:00:00,2026,3,4,15,Thanh Hóa,Xã Tượng Lĩnh,19.5671309,105.7072205,108,Unhealthy for Sensitive Groups,2,21.1,67,0.0,10.1,78,1013.7,100,31.0,31.4,464.0,15.6,88.0,32.3
2026-03-04 16:00:00,2026,3,4,16,Thanh Hóa,Xã Tượng Lĩnh,19.5671309,105.7072205,107,Unhealthy for Sensitive Groups,2,20.4,72,0.0,12.1,87,1013.3,99,32.0,32.4,450.0,17.5,89.0,33.3
2026-03-04 17:00:00,2026,3,4,17,Thanh Hóa,Xã Tượng Lĩnh,19.5671309,105.7072205,106,Unhealthy for Sensitive Groups,2,19.8,74,0.0,10.1,87,1013.5,100,32.7,33.1,441.0,21.4,81.0,32.7
2026-03-04 18:00:00,2026,3,4,18,Thanh Hóa,Xã Tượng Lĩnh,19.5671309,105.7072205,106,Unhealthy for Sensitive Groups,2,19.7,74,0.0,8.2,82,1013.6,66,36.2,36.6,437.0,26.4,67.0,31.2
2026-03-04 19:00:00,2026,3,4,19,Thanh Hóa,Xã Tượng Lĩnh,19.5671309,105.7072205,105,Unhealthy for Sensitive Groups,2,19.1,81,0.0,9.0,84,1013.5,8,36.4,36.8,443.0,20.7,70.0,24.4
2026-03-04 20:00:00,2026,3,4,20,Thanh Hóa,Xã Tượng Lĩnh,19.5671309,105.7072205,104,Unhealthy for Sensitive Groups,2,19.0,82,0.0,8.7,84,1014.2,5,36.3,36.7,466.0,20.6,66.0,22.5
2026-03-04 21:00:00,2026,3,4,21,Thanh Hóa,Xã Tượng Lĩnh,19.5671309,105.7072205,103,Unhealthy for Sensitive Groups,2,18.6,84,0.0,6.2,83,1015.0,10,36.6,37.0,498.0,20.5,60.0,19.7
2026-03-04 22:00:00,2026,3,4,22,Thanh Hóa,Xã Tượng Lĩnh,19.5671309,105.7072205,102,Unhealthy for Sensitive Groups,2,18.4,86,0.0,5.1,73,1015.5,8,37.4,38.0,526.0,20.3,55.0,17.5
2026-03-04 23:00:00,2026,3,4,23,Thanh Hóa,Xã Tượng Lĩnh,19.5671309,105.7072205,101,Unhealthy for Sensitive Groups,2,18.0,90,0.0,4.8,48,1015.3,4,38.9,39.6,546.0,20.1,52.0,16.1
2026-03-05 00:00:00,2026,3,5,0,Thanh Hóa,Xã Tượng Lĩnh,19.5671309,105.7072205,99,Moderate,1,17.5,92,0.0,4.4,30,1015.3,32,39.8,40.6,562.0,19.8,49.0,15.2
2026-03-05 01:00:00,2026,3,5,1,Thanh Hóa,Xã Tượng Lĩnh,19.5671309,105.7072205,98,Moderate,1,17.8,92,0.0,3.6,18,1015.1,37,42.1,42.8,564.0,19.7,47.0,14.8
2026-03-05 02:00:00,2026,3,5,2,Thanh Hóa,Xã Tượng Lĩnh,19.5671309,105.7072205,97,Moderate,1,18.4,90,0.0,6.6,339,1014.4,69,43.0,43.8,539.0,19.6,45.0,14.9
2026-03-05 03:00:00,2026,3,5,3,Thanh Hóa,Xã Tượng Lĩnh,19.5671309,105.7072205,97,Moderate,1,17.9,90,0.0,9.1,330,1014.1,84,44.4,45.1,502.0,19.6,43.0,15.5
2026-03-05 04:00:00,2026,3,5,4,Thanh Hóa,Xã Tượng Lĩnh,19.5671309,105.7072205,98,Moderate,1,17.5,91,0.0,9.2,320,1014.0,100,46.6,47.3,487.0,19.9,41.0,16.8
2026-03-05 05:00:00,2026,3,5,5,Thanh Hóa,Xã Tượng Lĩnh,19.5671309,105.7072205,99,Moderate,1,17.3,91,0.0,9.4,318,1014.1,100,50.2,50.9,523.0,21.2,38.0,19.0
2026-03-05 06:00:00,2026,3,5,6,Thanh Hóa,Xã Tượng Lĩnh,19.5671309,105.7072205,101,Unhealthy for Sensitive Groups,2,17.5,90,0.0,9.8,319,1014.8,100,53.0,53.7,583.0,22.8,34.0,21.8
2026-03-05 07:00:00,2026,3,5,7,Thanh Hóa,Xã Tượng Lĩnh,19.5671309,105.7072205,104,Unhealthy for Sensitive Groups,2,17.8,90,0.0,8.0,326,1015.1,100,54.9,56.2,617.0,20.7,47.0,18.6
2026-03-05 08:00:00,2026,3,5,8,Thanh Hóa,Xã Tượng Lĩnh,19.5671309,105.7072205,106,Unhealthy for Sensitive Groups,2,18.6,87,0.0,9.0,325,1015.7,100,48.1,49.5,599.0,19.6,51.0,21.0
2026-03-05 09:00:00,2026,3,5,9,Thanh Hóa,Xã Tượng Lĩnh,19.5671309,105.7072205,107,Unhealthy for Sensitive Groups,2,19.4,84,0.0,10.8,323,1016.3,100,41.9,43.2,556.0,18.0,56.0,24.2
2026-03-05 10:00:00,2026,3,5,10,Thanh Hóa,Xã Tượng Lĩnh,19.5671309,105.7072205,108,Unhealthy for Sensitive Groups,2,20.4,82,0.0,9.7,335,1016.7,100,36.3,37.4,519.0,16.7,61.0,26.6
2026-03-05 11:00:00,2026,3,5,11,Thanh Hóa,Xã Tượng Lĩnh,19.5671309,105.7072205,109,Unhealthy for Sensitive Groups,2,21.6,78,0.0,8.0,10,1016.4,100,32.9,33.9,501.0,16.0,64.0,27.3
2026-03-05 12:00:00,2026,3,5,12,Thanh Hóa,Xã Tượng Lĩnh,19.5671309,105.7072205,109,Unhealthy for Sensitive Groups,2,22.0,77,0.2,9.1,49,1015.5,100,31.4,32.2,488.0,15.7,67.0,27.2
2026-03-05 13:00:00,2026,3,5,13,Thanh Hóa,Xã Tượng Lĩnh,19.5671309,105.7072205,109,Unhealthy for Sensitive Groups,2,20.0,90,0.3,11.0,50,1015.4,100,30.7,31.4,475.0,15.6,69.0,26.8
2026-03-05 14:00:00,2026,3,5,14,Thanh Hóa,Xã Tượng Lĩnh,19.5671309,105.7072205,109,Unhealthy for Sensitive Groups,2,20.5,87,0.6,11.9,55,1014.2,100,30.0,30.6,453.0,15.5,71.0,26.2
2026-03-05 15:00:00,2026,3,5,15,Thanh Hóa,Xã Tượng Lĩnh,19.5671309,105.7072205,109,Unhealthy for Sensitive Groups,2,20.5,86,0.2,11.4,59,1013.3,100,30.2,30.7,430.0,15.5,73.0,25.4
2026-03-05 16:00:00,2026,3,5,16,Thanh Hóa,Xã Tượng Lĩnh,19.5671309,105.7072205,109,Unhealthy for Sensitive Groups,2,20.6,87,1.3,9.0,55,1013.3,98,29.6,30.2,425.0,16.4,73.0,24.6
2026-03-05 17:00:00,2026,3,5,17,Thanh Hóa,Xã Tượng Lĩnh,19.5671309,105.7072205,109,Unhealthy for Sensitive Groups,2,20.8,84,0.0,9.7,50,1013.5,88,33.1,33.6,453.0,18.9,68.0,24.1
2026-03-05 18:00:00,2026,3,5,18,Thanh Hóa,Xã Tượng Lĩnh,19.5671309,105.7072205,109,Unhealthy for Sensitive Groups,2,20.2,88,0.0,5.6,48,1013.9,91,38.0,38.5,498.0,22.1,61.0,23.6
2026-03-05 19:00:00,2026,3,5,19,Thanh Hóa,Xã Tượng Lĩnh,19.5671309,105.7072205,109,Unhealthy for Sensitive Groups,2,20.0,92,0.0,7.1,41,1014.6,100,38.3,39.0,532.0,19.7,61.0,22.0
2026-03-05 20:00:00,2026,3,5,20,Thanh Hóa,Xã Tượng Lĩnh,19.5671309,105.7072205,110,Unhealthy for Sensitive Groups,2,20.1,91,0.0,8.6,37,1015.3,100,39.7,40.3,539.0,19.8,59.0,21.4
2026-03-05 21:00:00,2026,3,5,21,Thanh Hóa,Xã Tượng Lĩnh,19.5671309,105.7072205,110,Unhealthy for Sensitive Groups,2,20.1,91,0.0,7.3,40,1015.9,100,41.4,42.1,535.0,20.0,56.0,20.7
2026-03-05 22:00:00,2026,3,5,22,Thanh Hóa,Xã Tượng Lĩnh,19.5671309,105.7072205,110,Unhealthy for Sensitive Groups,2,20.2,90,0.0,7.6,34,1016.3,100,42.6,43.3,532.0,20.5,53.0,20.8
2026-03-05 23:00:00,2026,3,5,23,Thanh Hóa,Xã Tượng Lĩnh,19.5671309,105.7072205,111,Unhealthy for Sensitive Groups,2,20.1,91,0.0,9.0,35,1016.4,100,44.7,45.4,535.0,21.2,50.0,22.2
2026-03-06 00:00:00,2026,3,6,0,Thanh Hóa,Xã Tượng Lĩnh,19.5671309,105.7072205,112,Unhealthy for Sensitive Groups,2,20.0,91,0.1,9.6,30,1016.6,100,47.0,47.7,539.0,22.2,46.0,24.4
2026-03-06 01:00:00,2026,3,6,1,Thanh Hóa,Xã Tượng Lĩnh,19.5671309,105.7072205,112,Unhealthy for Sensitive Groups,2,20.0,91,0.1,9.4,23,1016.6,100,50.3,50.9,546.0,23.4,43.0,27.2
2026-03-06 02:00:00,2026,3,6,2,Thanh Hóa,Xã Tượng Lĩnh,19.5671309,105.7072205,113,Unhealthy for Sensitive Groups,2,19.8,91,0.0,7.8,351,1016.3,100,53.4,53.9,555.0,25.1,40.0,31.1
2026-03-06 03:00:00,2026,3,6,3,Thanh Hóa,Xã Tượng Lĩnh,19.5671309,105.7072205,114,Unhealthy for Sensitive Groups,2,19.5,91,0.1,9.9,338,1015.7,100,55.2,55.8,567.0,27.0,37.0,35.6
2026-03-06 04:00:00,2026,3,6,4,Thanh Hóa,Xã Tượng Lĩnh,19.5671309,105.7072205,115,Unhealthy for Sensitive Groups,2,19.3,91,0.1,12.0,341,1015.6,100,55.6,56.2,581.0,28.5,34.0,38.5
2026-03-06 05:00:00,2026,3,6,5,Thanh Hóa,Xã Tượng Lĩnh,19.5671309,105.7072205,116,Unhealthy for Sensitive Groups,2,19.2,91,0.0,11.0,345,1015.4,100,56.2,56.8,603.0,29.3,30.0,38.4
2026-03-06 06:00:00,2026,3,6,6,Thanh Hóa,Xã Tượng Lĩnh,19.5671309,105.7072205,117,Unhealthy for Sensitive Groups,2,19.2,91,0.1,11.0,342,1015.7,100,57.0,57.6,628.0,29.5,26.0,36.8
2026-03-06 07:00:00,2026,3,6,7,Thanh Hóa,Xã Tượng Lĩnh,19.5671309,105.7072205,117,Unhealthy for Sensitive Groups,2,19.1,93,0.0,11.4,341,1016.7,100,52.4,53.0,636.0,24.0,38.0,28.0
2026-03-06 08:00:00,2026,3,6,8,Thanh Hóa,Xã Tượng Lĩnh,19.5671309,105.7072205,117,Unhealthy for Sensitive Groups,2,20.1,91,0.0,11.1,337,1018.0,100,54.9,55.5,617.0,23.8,40.0,32.2
2026-03-06 09:00:00,2026,3,6,9,Thanh Hóa,Xã Tượng Lĩnh,19.5671309,105.7072205,118,Unhealthy for Sensitive Groups,2,20.8,86,0.0,12.7,348,1018.7,100,56.5,57.0,581.0,23.3,43.0,37.7
2026-03-06 10:00:00,2026,3,6,10,Thanh Hóa,Xã Tượng Lĩnh,19.5671309,105.7072205,119,Unhealthy for Sensitive Groups,2,21.3,81,0.1,13.7,355,1019.0,100,58.8,59.6,546.0,21.7,52.0,39.5
2026-03-06 11:00:00,2026,3,6,11,Thanh Hóa,Xã Tượng Lĩnh,19.5671309,105.7072205,122,Unhealthy for Sensitive Groups,2,22.0,76,0.1,14.1,13,1018.6,100,51.7,52.9,515.0,18.0,72.0,34.1
2026-03-06 12:00:00,2026,3,6,12,Thanh Hóa,Xã Tượng Lĩnh,19.5671309,105.7072205,124,Unhealthy for Sensitive Groups,2,22.6,72,0.0,11.2,28,1017.4,100,47.5,48.8,485.0,13.2,97.0,25.0
2026-03-06 13:00:00,2026,3,6,13,Thanh Hóa,Xã Tượng Lĩnh,19.5671309,105.7072205,125,Unhealthy for Sensitive Groups,2,22.9,71,0.0,8.3,66,1016.3,99,47.7,49.0,459.0,9.4,118.0,17.3
2026-03-06 14:00:00,2026,3,6,14,Thanh Hóa,Xã Tượng Lĩnh,19.5671309,105.7072205,127,Unhealthy for Sensitive Groups,2,23.4,69,0.0,11.2,85,1015.0,46,48.9,50.3,438.0,7.2,130.0,13.0
2026-03-06 15:00:00,2026,3,6,15,Thanh Hóa,Xã Tượng Lĩnh,19.5671309,105.7072205,129,Unhealthy for Sensitive Groups,2,22.9,72,0.0,11.2,96,1014.2,15,49.1,50.8,421.0,5.9,138.0,10.0
2026-03-06 16:00:00,2026,3,6,16,Thanh Hóa,Xã Tượng Lĩnh,19.5671309,105.7072205,131,Unhealthy for Sensitive Groups,2,22.5,75,0.0,8.3,88,1013.9,9,45.6,47.5,416.0,5.5,140.0,7.9
2026-03-06 17:00:00,2026,3,6,17,Thanh Hóa,Xã Tượng Lĩnh,19.5671309,105.7072205,133,Unhealthy for Sensitive Groups,2,21.9,78,0.0,8.4,75,1013.7,13,40.6,42.7,431.0,6.2,136.0,6.4
2026-03-06 18:00:00,2026,3,6,18,Thanh Hóa,Xã Tượng Lĩnh,19.5671309,105.7072205,133,Unhealthy for Sensitive Groups,2,20.8,83,0.0,6.0,74,1014.1,100,38.4,40.4,457.0,7.9,127.0,5.6
2026-03-06 19:00:00,2026,3,6,19,Thanh Hóa,Xã Tượng Lĩnh,19.5671309,105.7072205,133,Unhealthy for Sensitive Groups,2,21.4,83,0.0,10.5,73,1014.6,100,35.9,37.8,477.0,8.7,127.0,5.3
2026-03-06 20:00:00,2026,3,6,20,Thanh Hóa,Xã Tượng Lĩnh,19.5671309,105.7072205,133,Unhealthy for Sensitive Groups,2,21.3,87,0.0,11.7,73,1015.4,100,35.2,37.3,485.0,9.3,120.0,5.5
2026-03-06 21:00:00,2026,3,6,21,Thanh Hóa,Xã Tượng Lĩnh,19.5671309,105.7072205,133,Unhealthy for Sensitive Groups,2,21.2,88,0.0,12.7,78,1016.0,100,36.6,38.9,486.0,10.1,110.0,5.9
2026-03-06 22:00:00,2026,3,6,22,Thanh Hóa,Xã Tượng Lĩnh,19.5671309,105.7072205,132,Unhealthy for Sensitive Groups,2,21.3,89,0.0,12.5,79,1016.3,100,38.8,41.3,487.0,11.1,101.0,6.1
2026-03-06 23:00:00,2026,3,6,23,Thanh Hóa,Xã Tượng Lĩnh,19.5671309,105.7072205,132,Unhealthy for Sensitive Groups,2,21.2,89,0.0,9.4,88,1016.0,100,38.3,40.7,485.0,12.3,93.0,6.1
2026-03-07 00:00:00,2026,3,7,0,Thanh Hóa,Xã Tượng Lĩnh,19.5671309,105.7072205,131,Unhealthy for Sensitive Groups,2,21.4,89,0.0,7.2,109,1016.3,100,40.9,43.7,481.0,13.6,85.0,5.9
2026-03-07 01:00:00,2026,3,7,1,Thanh Hóa,Xã Tượng Lĩnh,19.5671309,105.7072205,131,Unhealthy for Sensitive Groups,2,21.2,91,0.0,5.5,99,1016.2,100,44.2,47.3,486.0,14.6,78.0,6.0
2026-03-07 02:00:00,2026,3,7,2,Thanh Hóa,Xã Tượng Lĩnh,19.5671309,105.7072205,130,Unhealthy for Sensitive Groups,2,21.2,92,0.0,5.8,74,1015.9,100,46.0,48.8,501.0,15.0,72.0,6.3
2026-03-07 03:00:00,2026,3,7,3,Thanh Hóa,Xã Tượng Lĩnh,19.5671309,105.7072205,129,Unhealthy for Sensitive Groups,2,21.0,92,0.0,6.2,46,1015.6,98,47.1,49.8,525.0,15.2,67.0,6.8
2026-03-07 04:00:00,2026,3,7,4,Thanh Hóa,Xã Tượng Lĩnh,19.5671309,105.7072205,128,Unhealthy for Sensitive Groups,2,20.5,94,0.0,6.5,355,1015.9,100,47.8,50.3,565.0,15.6,64.0,7.6
2026-03-07 05:00:00,2026,3,7,5,Thanh Hóa,Xã Tượng Lĩnh,19.5671309,105.7072205,128,Unhealthy for Sensitive Groups,2,20.1,95,0.0,6.7,340,1016.1,96,49.5,51.7,652.0,17.2,60.0,9.3
2026-03-07 06:00:00,2026,3,7,6,Thanh Hóa,Xã Tượng Lĩnh,19.5671309,105.7072205,127,Unhealthy for Sensitive Groups,2,19.1,97,0.0,3.6,342,1016.6,14,51.8,54.0,756.0,19.1,58.0,11.4
2026-03-07 07:00:00,2026,3,7,7,Thanh Hóa,Xã Tượng Lĩnh,19.5671309,105.7072205,126,Unhealthy for Sensitive Groups,2,20.5,92,0.0,7.3,17,1017.4,8,37.8,40.4,791.0,12.6,90.0,6.9
2026-03-07 08:00:00,2026,3,7,8,Thanh Hóa,Xã Tượng Lĩnh,19.5671309,105.7072205,125,Unhealthy for Sensitive Groups,2,21.8,86,0.0,8.1,45,1018.0,35,33.1,36.1,693.0,10.5,98.0,6.6
2026-03-07 09:00:00,2026,3,7,9,Thanh Hóa,Xã Tượng Lĩnh,19.5671309,105.7072205,122,Unhealthy for Sensitive Groups,2,23.2,77,0.1,12.0,72,1018.4,74,29.9,33.1,527.0,7.6,110.0,6.1
2026-03-07 10:00:00,2026,3,7,10,Thanh Hóa,Xã Tượng Lĩnh,19.5671309,105.7072205,120,Unhealthy for Sensitive Groups,2,23.9,73,0.0,11.5,76,1018.5,95,29.5,32.7,402.0,5.2,121.0,5.5
2026-03-07 11:00:00,2026,3,7,11,Thanh Hóa,Xã Tượng Lĩnh,19.5671309,105.7072205,117,Unhealthy for Sensitive Groups,2,24.1,70,0.0,12.7,84,1017.8,1,29.9,32.9,366.0,3.7,130.0,4.8
2026-03-07 12:00:00,2026,3,7,12,Thanh Hóa,Xã Tượng Lĩnh,19.5671309,105.7072205,114,Unhealthy for Sensitive Groups,2,24.1,69,0.0,15.7,93,1016.8,5,28.9,31.7,370.0,2.8,137.0,4.0
2026-03-07 13:00:00,2026,3,7,13,Thanh Hóa,Xã Tượng Lĩnh,19.5671309,105.7072205,112,Unhealthy for Sensitive Groups,2,23.7,71,0.0,15.5,89,1016.1,23,28.0,30.7,377.0,2.2,142.0,3.5
2026-03-07 14:00:00,2026,3,7,14,Thanh Hóa,Xã Tượng Lĩnh,19.5671309,105.7072205,110,Unhealthy for Sensitive Groups,2,23.5,74,0.0,14.4,89,1015.1,11,27.4,30.0,373.0,1.9,144.0,3.3
2026-03-07 15:00:00,2026,3,7,15,Thanh Hóa,Xã Tượng Lĩnh,19.5671309,105.7072205,108,Unhealthy for Sensitive Groups,2,23.4,75,0.0,13.7,89,1014.3,13,26.5,29.3,371.0,2.0,143.0,3.4
2026-03-07 16:00:00,2026,3,7,16,Thanh Hóa,Xã Tượng Lĩnh,19.5671309,105.7072205,106,Unhealthy for Sensitive Groups,2,23.1,77,0.0,13.9,94,1014.2,43,26.8,29.7,373.0,2.9,139.0,3.7
2026-03-07 17:00:00,2026,3,7,17,Thanh Hóa,Xã Tượng Lĩnh,19.5671309,105.7072205,104,Unhealthy for Sensitive Groups,2,22.7,78,0.0,13.9,93,1014.2,100,26.7,29.7,382.0,5.0,131.0,4.2
2026-03-07 18:00:00,2026,3,7,18,Thanh Hóa,Xã Tượng Lĩnh,19.5671309,105.7072205,102,Unhealthy for Sensitive Groups,2,21.8,87,0.0,10.9,82,1014.2,95,26.5,29.2,395.0,7.8,121.0,4.8
2026-03-07 19:00:00,2026,3,7,19,Thanh Hóa,Xã Tượng Lĩnh,19.5671309,105.7072205,101,Unhealthy for Sensitive Groups,2,21.4,90,0.0,11.7,73,1015.0,13,34.0,37.3,405.0,10.1,115.0,6.0
2026-03-07 20:00:00,2026,3,7,20,Thanh Hóa,Xã Tượng Lĩnh,19.5671309,105.7072205,101,Unhealthy for Sensitive Groups,2,21.5,90,0.0,13.2,86,1015.9,5,35.3,38.5,409.0,11.8,108.0,6.9
2026-03-07 21:00:00,2026,3,7,21,Thanh Hóa,Xã Tượng Lĩnh,19.5671309,105.7072205,101,Unhealthy for Sensitive Groups,2,21.5,92,0.0,13.3,93,1016.3,2,39.5,43.0,410.0,14.3,98.0,8.1
2026-03-07 22:00:00,2026,3,7,22,Thanh Hóa,Xã Tượng Lĩnh,19.5671309,105.7072205,101,Unhealthy for Sensitive Groups,2,20.9,95,0.0,4.4,97,1017.0,69,44.9,48.8,410.0,16.6,88.0,9.1
2026-03-07 23:00:00,2026,3,7,23,Thanh Hóa,Xã Tượng Lĩnh,19.5671309,105.7072205,102,Unhealthy for Sensitive Groups,2,21.0,95,0.1,1.9,61,1017.1,99,49.8,53.7,411.0,18.9,78.0,9.6
2026-03-08 00:00:00,2026,3,8,0,Thanh Hóa,Xã Tượng Lĩnh,19.5671309,105.7072205,103,Unhealthy for Sensitive Groups,2,21.3,95,0.3,4.0,85,1017.3,90,53.9,57.7,412.0,21.1,67.0,10.0
2026-03-08 01:00:00,2026,3,8,1,Thanh Hóa,Xã Tượng Lĩnh,19.5671309,105.7072205,104,Unhealthy for Sensitive Groups,2,20.5,96,0.1,3.3,151,1016.8,31,56.7,60.1,410.0,22.3,58.0,10.1
2026-03-08 02:00:00,2026,3,8,2,Thanh Hóa,Xã Tượng Lĩnh,19.5671309,105.7072205,106,Unhealthy for Sensitive Groups,2,20.8,95,0.0,1.4,130,1016.2,41,59.0,62.4,399.0,21.6,51.0,9.9
2026-03-08 03:00:00,2026,3,8,3,Thanh Hóa,Xã Tượng Lĩnh,19.5671309,105.7072205,107,Unhealthy for Sensitive Groups,2,20.5,96,0.1,0.6,162,1015.9,34,60.1,63.6,385.0,19.9,46.0,9.5
2026-03-08 04:00:00,2026,3,8,4,Thanh Hóa,Xã Tượng Lĩnh,19.5671309,105.7072205,108,Unhealthy for Sensitive Groups,2,20.4,97,0.1,0.6,108,1015.7,100,60.1,63.1,382.0,18.5,44.0,9.5
2026-03-08 05:00:00,2026,3,8,5,Thanh Hóa,Xã Tượng Lĩnh,19.5671309,105.7072205,110,Unhealthy for Sensitive Groups,2,20.6,97,0.0,1.9,68,1015.8,84,59.5,62.6,408.0,18.3,44.0,10.5
2026-03-08 06:00:00,2026,3,8,6,Thanh Hóa,Xã Tượng Lĩnh,19.5671309,105.7072205,111,Unhealthy for Sensitive Groups,2,20.4,98,0.1,2.2,66,1016.5,96,60.5,63.8,445.0,18.3,47.0,12.0
2026-03-08 07:00:00,2026,3,8,7,Thanh Hóa,Xã Tượng Lĩnh,19.5671309,105.7072205,112,Unhealthy for Sensitive Groups,2,21.2,97,0.4,3.2,106,1016.8,15,54.9,61.2,454.0,17.0,56.0,7.4
2026-03-08 08:00:00,2026,3,8,8,Thanh Hóa,Xã Tượng Lĩnh,19.5671309,105.7072205,113,Unhealthy for Sensitive Groups,2,22.5,91,0.3,8.1,114,1017.3,38,38.6,45.2,404.0,13.4,69.0,6.3
2026-03-08 09:00:00,2026,3,8,9,Thanh Hóa,Xã Tượng Lĩnh,19.5671309,105.7072205,114,Unhealthy for Sensitive Groups,2,23.1,88,0.4,9.6,111,1017.8,47,26.5,33.2,325.0,8.5,87.0,4.8
2026-03-08 10:00:00,2026,3,8,10,Thanh Hóa,Xã Tượng Lĩnh,19.5671309,105.7072205,114,Unhealthy for Sensitive Groups,2,24.1,81,0.2,12.1,127,1018.0,16,23.3,29.5,268.0,4.6,102.0,3.6
2026-03-08 11:00:00,2026,3,8,11,Thanh Hóa,Xã Tượng Lĩnh,19.5671309,105.7072205,113,Unhealthy for Sensitive Groups,2,24.8,76,0.2,14.9,133,1017.2,48,21.9,27.8,256.0,2.9,110.0,2.9
2026-03-08 12:00:00,2026,3,8,12,Thanh Hóa,Xã Tượng Lĩnh,19.5671309,105.7072205,112,Unhealthy for Sensitive Groups,2,25.4,72,0.0,15.7,131,1016.1,47,21.1,26.7,266.0,2.3,115.0,2.6
2026-03-08 13:00:00,2026,3,8,13,Thanh Hóa,Xã Tượng Lĩnh,19.5671309,105.7072205,111,Unhealthy for Sensitive Groups,2,25.0,72,0.0,16.6,132,1015.2,18,19.5,24.2,275.0,2.0,118.0,2.3
2026-03-08 14:00:00,2026,3,8,14,Thanh Hóa,Xã Tượng Lĩnh,19.5671309,105.7072205,111,Unhealthy for Sensitive Groups,2,25.2,70,0.0,15.9,128,1014.3,8,17.9,22.1,276.0,1.6,119.0,2.0
2026-03-08 15:00:00,2026,3,8,15,Thanh Hóa,Xã Tượng Lĩnh,19.5671309,105.7072205,110,Unhealthy for Sensitive Groups,2,25.0,71,0.0,15.6,125,1013.7,12,16.8,20.6,276.0,1.6,119.0,1.9
2026-03-08 16:00:00,2026,3,8,16,Thanh Hóa,Xã Tượng Lĩnh,19.5671309,105.7072205,109,Unhealthy for Sensitive Groups,2,24.3,76,0.0,16.7,124,1013.4,23,16.6,20.7,280.0,2.5,115.0,2.0
2026-03-08 17:00:00,2026,3,8,17,Thanh Hóa,Xã Tượng Lĩnh,19.5671309,105.7072205,107,Unhealthy for Sensitive Groups,2,23.5,79,0.0,16.5,126,1013.6,8,17.6,22.4,290.0,4.8,107.0,2.5
2026-03-08 18:00:00,2026,3,8,18,Thanh Hóa,Xã Tượng Lĩnh,19.5671309,105.7072205,107,Unhealthy for Sensitive Groups,2,22.6,85,0.0,14.3,125,1014.0,20,18.4,22.6,304.0,8.0,96.0,3.3
2026-03-08 19:00:00,2026,3,8,19,Thanh Hóa,Xã Tượng Lĩnh,19.5671309,105.7072205,106,Unhealthy for Sensitive Groups,2,22.4,89,0.0,13.9,100,1014.9,27,21.0,25.0,314.0,9.4,91.0,3.7
2026-03-08 20:00:00,2026,3,8,20,Thanh Hóa,Xã Tượng Lĩnh,19.5671309,105.7072205,104,Unhealthy for Sensitive Groups,2,21.9,93,0.0,14.6,93,1015.8,39,23.0,27.0,319.0,9.9,87.0,4.0
2026-03-08 21:00:00,2026,3,8,21,Thanh Hóa,Xã Tượng Lĩnh,19.5671309,105.7072205,103,Unhealthy for Sensitive Groups,2,21.8,92,0.0,12.5,97,1016.6,45,24.9,28.9,320.0,10.6,82.0,4.5
2026-03-08 22:00:00,2026,3,8,22,Thanh Hóa,Xã Tượng Lĩnh,19.5671309,105.7072205,102,Unhealthy for Sensitive Groups,2,21.8,91,0.0,11.7,93,1017.3,21,27.5,31.9,319.0,11.5,77.0,5.0
2026-03-08 23:00:00,2026,3,8,23,Thanh Hóa,Xã Tượng Lĩnh,19.5671309,105.7072205,100,Moderate,1,21.3,92,0.0,9.8,85,1017.7,20,30.5,35.4,314.0,12.9,72.0,5.4
2026-03-09 00:00:00,2026,3,9,0,Thanh Hóa,Xã Tượng Lĩnh,19.5671309,105.7072205,98,Moderate,1,20.9,94,0.0,6.5,56,1018.0,28,32.5,37.7,306.0,14.4,67.0,5.8
2026-03-09 01:00:00,2026,3,9,1,Thanh Hóa,Xã Tượng Lĩnh,19.5671309,105.7072205,96,Moderate,1,21.0,94,0.0,7.6,85,1017.2,13,34.0,39.1,301.0,15.4,63.0,6.1
2026-03-09 02:00:00,2026,3,9,2,Thanh Hóa,Xã Tượng Lĩnh,19.5671309,105.7072205,94,Moderate,1,20.9,94,0.0,5.3,66,1016.8,9,37.4,40.6,301.0,15.4,59.0,5.9
2026-03-09 03:00:00,2026,3,9,3,Thanh Hóa,Xã Tượng Lĩnh,19.5671309,105.7072205,92,Moderate,1,20.2,96,0.0,4.3,22,1016.6,20,41.1,44.1,304.0,14.7,55.0,5.6
2026-03-09 04:00:00,2026,3,9,4,Thanh Hóa,Xã Tượng Lĩnh,19.5671309,105.7072205,91,Moderate,1,20.1,97,0.0,4.3,15,1016.5,23,45.3,48.0,311.0,14.1,54.0,6.1
2026-03-09 05:00:00,2026,3,9,5,Thanh Hóa,Xã Tượng Lĩnh,19.5671309,105.7072205,89,Moderate,1,20.2,97,0.0,4.4,27,1017.0,20,48.9,51.7,327.0,13.8,57.0,8.1
2026-03-09 06:00:00,2026,3,9,6,Thanh Hóa,Xã Tượng Lĩnh,19.5671309,105.7072205,88,Moderate,1,20.3,97,0.1,5.2,12,1017.7,88,49.2,52.2,346.0,13.5,63.0,10.8
2026-03-09 07:00:00,2026,3,9,7,Thanh Hóa,Xã Tượng Lĩnh,19.5671309,105.7072205,87,Moderate,1,21.1,97,0.2,6.5,358,1018.1,50,45.2,49.8,351.0,16.3,59.0,7.3
2026-03-09 08:00:00,2026,3,9,8,Thanh Hóa,Xã Tượng Lĩnh,19.5671309,105.7072205,86,Moderate,1,21.8,94,0.1,8.8,33,1018.8,84,32.5,36.1,330.0,14.0,70.0,8.9
2026-03-09 09:00:00,2026,3,9,9,Thanh Hóa,Xã Tượng Lĩnh,19.5671309,105.7072205,86,Moderate,1,23.1,87,0.1,12.2,45,1019.6,98,24.4,27.8,296.0,10.7,84.0,11.0
2026-03-09 10:00:00,2026,3,9,10,Thanh Hóa,Xã Tượng Lĩnh,19.5671309,105.7072205,86,Moderate,1,24.0,79,0.3,17.0,57,1020.3,86,20.5,23.8,266.0,8.0,97.0,12.5
2026-03-09 11:00:00,2026,3,9,11,Thanh Hóa,Xã Tượng Lĩnh,19.5671309,105.7072205,85,Moderate,1,23.8,78,0.4,19.5,61,1019.9,98,17.2,20.0,247.0,6.2,105.0,13.0
2026-03-09 12:00:00,2026,3,9,12,Thanh Hóa,Xã Tượng Lĩnh,19.5671309,105.7072205,85,Moderate,1,24.0,81,0.3,18.4,70,1019.3,79,16.4,18.5,233.0,4.9,111.0,12.8
2026-03-09 13:00:00,2026,3,9,13,Thanh Hóa,Xã Tượng Lĩnh,19.5671309,105.7072205,85,Moderate,1,23.6,81,0.0,20.3,69,1018.6,87,16.1,18.0,227.0,4.3,114.0,12.1
2026-03-09 14:00:00,2026,3,9,14,Thanh Hóa,Xã Tượng Lĩnh,19.5671309,105.7072205,84,Moderate,1,23.4,82,0.0,23.6,70,1017.9,52,15.4,17.5,217.0,4.1,116.0,9.6
2026-03-09 15:00:00,2026,3,9,15,Thanh Hóa,Xã Tượng Lĩnh,19.5671309,105.7072205,84,Moderate,1,22.8,84,0.1,24.4,62,1017.9,76,14.8,16.9,214.0,4.5,115.0,6.6
2026-03-09 16:00:00,2026,3,9,16,Thanh Hóa,Xã Tượng Lĩnh,19.5671309,105.7072205,84,Moderate,1,22.4,82,0.0,24.5,56,1018.3,100,16.0,18.0,259.0,6.7,109.0,6.7
2026-03-09 17:00:00,2026,3,9,17,Thanh Hóa,Xã Tượng Lĩnh,19.5671309,105.7072205,84,Moderate,1,21.9,82,0.0,26.1,55,1018.7,100,22.1,23.5,400.0,12.3,95.0,13.2
2026-03-09 18:00:00,2026,3,9,18,Thanh Hóa,Xã Tượng Lĩnh,19.5671309,105.7072205,84,Moderate,1,19.5,95,2.5,24.1,10,1019.6,100,26.0,26.5,589.0,19.5,76.0,22.8
2026-03-09 19:00:00,2026,3,9,19,Thanh Hóa,Xã Tượng Lĩnh,19.5671309,105.7072205,85,Moderate,1,18.8,90,1.5,24.8,5,1020.1,100,19.7,19.9,715.0,24.5,55.0,32.2
2026-03-09 20:00:00,2026,3,9,20,Thanh Hóa,Xã Tượng Lĩnh,19.5671309,105.7072205,85,Moderate,1,18.6,83,0.0,22.9,3,1021.4,100,17.0,17.1,720.0,23.4,56.0,31.4
2026-03-09 21:00:00,2026,3,9,21,Thanh Hóa,Xã Tượng Lĩnh,19.5671309,105.7072205,84,Moderate,1,18.6,78,0.0,21.1,357,1022.3,100,15.4,15.4,664.0,21.9,57.0,30.2
2026-03-09 22:00:00,2026,3,9,22,Thanh Hóa,Xã Tượng Lĩnh,19.5671309,105.7072205,83,Moderate,1,18.5,75,0.0,19.5,357,1023.0,98,15.5,15.6,611.0,20.3,59.0,28.7
2026-03-09 23:00:00,2026,3,9,23,Thanh Hóa,Xã Tượng Lĩnh,19.5671309,105.7072205,82,Moderate,1,18.5,72,0.0,19.7,350,1023.3,100,16.0,16.1,585.0,18.8,61.0,26.8
2026-03-10 00:00:00,2026,3,10,0,Thanh Hóa,Xã Tượng Lĩnh,19.5671309,105.7072205,81,Moderate,1,18.5,69,0.0,21.1,352,1023.5,100,16.0,16.1,563.0,17.2,63.0,24.7
2026-03-10 01:00:00,2026,3,10,1,Thanh Hóa,Xã Tượng Lĩnh,19.5671309,105.7072205,80,Moderate,1,18.6,69,0.0,21.4,357,1022.8,100,15.9,16.0,545.0,16.0,64.0,23.0
2026-03-10 02:00:00,2026,3,10,2,Thanh Hóa,Xã Tượng Lĩnh,19.5671309,105.7072205,78,Moderate,1,17.9,75,0.0,20.5,360,1022.8,100,16.1,16.2,528.0,15.2,65.0,22.0
2026-03-10 03:00:00,2026,3,10,3,Thanh Hóa,Xã Tượng Lĩnh,19.5671309,105.7072205,76,Moderate,1,17.4,77,0.1,21.8,1,1022.6,100,16.5,16.6,516.0,14.7,65.0,21.5
2026-03-10 04:00:00,2026,3,10,4,Thanh Hóa,Xã Tượng Lĩnh,19.5671309,105.7072205,74,Moderate,1,17.0,76,0.0,19.1,3,1022.1,100,15.4,15.6,516.0,14.5,65.0,21.1
2026-03-10 05:00:00,2026,3,10,5,Thanh Hóa,Xã Tượng Lĩnh,19.5671309,105.7072205,71,Moderate,1,16.9,73,0.0,19.3,359,1022.6,100,14.6,14.7,536.0,14.9,64.0,20.8
2026-03-10 06:00:00,2026,3,10,6,Thanh Hóa,Xã Tượng Lĩnh,19.5671309,105.7072205,68,Moderate,1,16.9,70,0.0,17.0,356,1022.8,100,13.8,13.9,569.0,15.5,63.0,20.7
2026-03-10 07:00:00,2026,3,10,7,Thanh Hóa,Xã Tượng Lĩnh,19.5671309,105.7072205,65,Moderate,1,16.8,75,0.0,15.3,357,1023.8,100,2.5,2.5,599.0,18.2,63.0,24.0
2026-03-10 08:00:00,2026,3,10,8,Thanh Hóa,Xã Tượng Lĩnh,19.5671309,105.7072205,61,Moderate,1,17.4,69,0.0,17.1,2,1024.5,100,3.6,3.8,624.0,16.9,65.0,24.7
2026-03-10 09:00:00,2026,3,10,9,Thanh Hóa,Xã Tượng Lĩnh,19.5671309,105.7072205,59,Moderate,1,17.9,64,0.0,19.1,4,1024.5,100,4.0,4.2,647.0,15.0,69.0,25.6
2026-03-10 10:00:00,2026,3,10,10,Thanh Hóa,Xã Tượng Lĩnh,19.5671309,105.7072205,57,Moderate,1,19.0,61,0.0,18.0,4,1024.6,89,4.8,4.8,655.0,13.0,77.0,26.1
2026-03-10 11:00:00,2026,3,10,11,Thanh Hóa,Xã Tượng Lĩnh,19.5671309,105.7072205,56,Moderate,1,19.8,59,0.0,15.1,9,1023.8,98,6.3,6.3,639.0,10.7,94.0,26.0
2026-03-10 12:00:00,2026,3,10,12,Thanh Hóa,Xã Tượng Lĩnh,19.5671309,105.7072205,55,Moderate,1,20.5,58,0.0,12.3,15,1022.3,100,8.8,8.8,608.0,8.3,116.0,25.5
2026-03-10 13:00:00,2026,3,10,13,Thanh Hóa,Xã Tượng Lĩnh,19.5671309,105.7072205,54,Moderate,1,21.0,58,0.0,8.5,44,1021.3,100,11.2,11.3,583.0,6.5,134.0,25.1
2026-03-10 14:00:00,2026,3,10,14,Thanh Hóa,Xã Tượng Lĩnh,19.5671309,105.7072205,53,Moderate,1,21.3,56,0.0,11.5,60,1020.2,97,13.4,13.4,573.0,5.6,148.0,25.1
2026-03-10 15:00:00,2026,3,10,15,Thanh Hóa,Xã Tượng Lĩnh,19.5671309,105.7072205,53,Moderate,1,21.2,58,0.0,12.4,77,1019.3,23,15.5,15.5,569.0,5.3,159.0,25.2
2026-03-10 16:00:00,2026,3,10,16,Thanh Hóa,Xã Tượng Lĩnh,19.5671309,105.7072205,53,Moderate,1,20.2,64,0.0,14.9,97,1019.1,29,17.3,17.3,560.0,5.8,162.0,24.5
2026-03-10 17:00:00,2026,3,10,17,Thanh Hóa,Xã Tượng Lĩnh,19.5671309,105.7072205,71,Moderate,1,19.3,69,0.0,14.4,103,1019.0,17,18.2,18.2,538.0,7.6,152.0,22.2
2026-03-10 18:00:00,2026,3,10,18,Thanh Hóa,Xã Tượng Lĩnh,19.5671309,105.7072205,88,Moderate,1,18.8,73,0.0,13.5,109,1019.0,15,19.3,19.5,512.0,10.2,135.0,19.2
2026-03-10 19:00:00,2026,3,10,19,Thanh Hóa,Xã Tượng Lĩnh,19.5671309,105.7072205,101,Unhealthy for Sensitive Groups,2,18.5,75,0.0,13.3,98,1019.9,23,21.8,22.0,501.0,13.0,118.0,22.8
2026-03-10 20:00:00,2026,3,10,20,Thanh Hóa,Xã Tượng Lĩnh,19.5671309,105.7072205,106,Unhealthy for Sensitive Groups,2,18.3,77,0.0,12.6,92,1020.2,15,20.1,20.3,518.0,12.7,111.0,20.3
2026-03-10 21:00:00,2026,3,10,21,Thanh Hóa,Xã Tượng Lĩnh,19.5671309,105.7072205,105,Unhealthy for Sensitive Groups,2,18.4,77,0.0,11.5,88,1020.4,6,18.2,18.8,550.0,12.4,100.0,16.8
2026-03-10 22:00:00,2026,3,10,22,Thanh Hóa,Xã Tượng Lĩnh,19.5671309,105.7072205,97,Moderate,1,18.0,79,0.0,7.1,75,1020.8,6,18.9,19.6,576.0,12.8,89.0,14.2
2026-03-10 23:00:00,2026,3,10,23,Thanh Hóa,Xã Tượng Lĩnh,19.5671309,105.7072205,85,Moderate,1,17.2,86,0.0,4.8,63,1020.6,18,21.8,22.6,591.0,14.6,78.0,13.4
2026-03-11 00:00:00,2026,3,11,0,Thanh Hóa,Xã Tượng Lĩnh,19.5671309,105.7072205,68,Moderate,1,16.9,88,0.0,3.5,21,1020.3,27,26.4,27.3,601.0,17.1,67.0,13.5
2026-03-11 01:00:00,2026,3,11,1,Thanh Hóa,Xã Tượng Lĩnh,19.5671309,105.7072205,55,Moderate,1,16.6,91,0.0,3.3,351,1019.8,50,31.2,32.1,601.0,19.0,58.0,13.9
2026-03-11 02:00:00,2026,3,11,2,Thanh Hóa,Xã Tượng Lĩnh,19.5671309,105.7072205,56,Moderate,1,16.9,88,0.0,8.6,321,1019.4,67,34.3,35.3,581.0,19.6,52.0,14.5
2026-03-11 03:00:00,2026,3,11,3,Thanh Hóa,Xã Tượng Lĩnh,19.5671309,105.7072205,58,Moderate,1,16.6,87,0.0,10.3,313,1019.3,100,35.3,36.1,552.0,19.5,48.0,15.5
2026-03-11 04:00:00,2026,3,11,4,Thanh Hóa,Xã Tượng Lĩnh,19.5671309,105.7072205,60,Moderate,1,16.8,87,0.0,7.5,327,1018.9,100,34.5,35.3,542.0,19.2,45.0,16.5
2026-03-11 05:00:00,2026,3,11,5,Thanh Hóa,Xã Tượng Lĩnh,19.5671309,105.7072205,61,Moderate,1,16.5,87,0.0,8.1,325,1019.0,100,34.2,35.2,577.0,19.1,42.0,17.4
2026-03-11 06:00:00,2026,3,11,6,Thanh Hóa,Xã Tượng Lĩnh,19.5671309,105.7072205,63,Moderate,1,16.4,88,0.0,9.3,317,1019.1,100,34.5,35.5,631.0,18.9,41.0,18.4
2026-03-11 07:00:00,2026,3,11,7,Thanh Hóa,Xã Tượng Lĩnh,19.5671309,105.7072205,65,Moderate,1,16.7,88,0.0,9.7,310,1019.4,100,37.7,38.6,660.0,18.3,47.0,21.1
2026-03-11 08:00:00,2026,3,11,8,Thanh Hóa,Xã Tượng Lĩnh,19.5671309,105.7072205,68,Moderate,1,18.2,84,0.0,9.7,326,1020.0,98,35.2,36.4,637.0,16.2,62.0,23.6
2026-03-11 09:00:00,2026,3,11,9,Thanh Hóa,Xã Tượng Lĩnh,19.5671309,105.7072205,71,Moderate,1,20.0,77,0.0,10.2,350,1020.3,91,25.6,26.4,587.0,13.4,82.0,27.1
2026-03-11 10:00:00,2026,3,11,10,Thanh Hóa,Xã Tượng Lĩnh,19.5671309,105.7072205,73,Moderate,1,21.1,73,0.0,10.1,17,1020.1,100,22.4,23.3,546.0,11.2,97.0,28.9
2026-03-11 11:00:00,2026,3,11,11,Thanh Hóa,Xã Tượng Lĩnh,19.5671309,105.7072205,74,Moderate,1,21.6,72,0.0,9.4,32,1019.3,100,22.5,23.4,527.0,10.4,102.0,27.8
2026-03-11 12:00:00,2026,3,11,12,Thanh Hóa,Xã Tượng Lĩnh,19.5671309,105.7072205,76,Moderate,1,22.1,71,0.1,9.6,53,1018.0,100,25.1,26.1,515.0,10.2,102.0,25.2
2026-03-11 13:00:00,2026,3,11,13,Thanh Hóa,Xã Tượng Lĩnh,19.5671309,105.7072205,77,Moderate,1,21.4,73,0.1,8.9,58,1017.4,100,28.6,29.5,502.0,10.0,103.0,22.5
2026-03-11 14:00:00,2026,3,11,14,Thanh Hóa,Xã Tượng Lĩnh,19.5671309,105.7072205,79,Moderate,1,21.7,72,0.1,10.4,80,1016.2,100,30.5,31.4,480.0,9.2,109.0,20.2
2026-03-11 15:00:00,2026,3,11,15,Thanh Hóa,Xã Tượng Lĩnh,19.5671309,105.7072205,80,Moderate,1,21.2,74,0.0,12.3,83,1015.6,100,31.8,32.7,457.0,8.4,116.0,17.9
2026-03-11 16:00:00,2026,3,11,16,Thanh Hóa,Xã Tượng Lĩnh,19.5671309,105.7072205,82,Moderate,1,21.0,74,0.0,12.7,82,1015.2,98,31.7,32.6,445.0,8.3,119.0,15.8
2026-03-11 17:00:00,2026,3,11,17,Thanh Hóa,Xã Tượng Lĩnh,19.5671309,105.7072205,83,Moderate,1,20.7,75,0.0,13.4,78,1015.2,29,31.5,32.5,447.0,9.4,116.0,13.7
2026-03-11 18:00:00,2026,3,11,18,Thanh Hóa,Xã Tượng Lĩnh,19.5671309,105.7072205,84,Moderate,1,20.0,79,0.0,9.4,82,1015.4,30,32.1,32.9,459.0,11.3,108.0,11.7
2026-03-11 19:00:00,2026,3,11,19,Thanh Hóa,Xã Tượng Lĩnh,19.5671309,105.7072205,85,Moderate,1,19.8,81,0.0,9.0,87,1016.2,24,34.3,34.9,483.0,15.1,97.0,13.2
2026-03-11 20:00:00,2026,3,11,20,Thanh Hóa,Xã Tượng Lĩnh,19.5671309,105.7072205,86,Moderate,1,19.6,82,0.0,7.9,86,1017.0,21,35.4,36.1,527.0,17.5,89.0,14.5
2026-03-11 21:00:00,2026,3,11,21,Thanh Hóa,Xã Tượng Lĩnh,19.5671309,105.7072205,88,Moderate,1,19.4,85,0.0,5.7,77,1017.5,9,41.7,42.4,582.0,20.9,79.0,16.3
2026-03-11 22:00:00,2026,3,11,22,Thanh Hóa,Xã Tượng Lĩnh,19.5671309,105.7072205,90,Moderate,1,18.6,88,0.0,4.5,61,1018.2,25,52.0,52.7,622.0,24.1,67.0,17.8
2026-03-11 23:00:00,2026,3,11,23,Thanh Hóa,Xã Tượng Lĩnh,19.5671309,105.7072205,93,Moderate,1,18.5,89,0.0,3.6,60,1017.8,17,60.3,61.0,635.0,27.0,54.0,18.7
2026-03-12 00:00:00,2026,3,12,0,Thanh Hóa,Xã Tượng Lĩnh,19.5671309,105.7072205,96,Moderate,1,18.2,89,0.0,2.1,31,1017.5,42,64.0,64.7,633.0,29.6,40.0,19.4
2026-03-12 01:00:00,2026,3,12,1,Thanh Hóa,Xã Tượng Lĩnh,19.5671309,105.7072205,100,Moderate,1,18.4,89,0.0,2.7,352,1017.6,97,66.8,67.3,630.0,30.9,30.0,19.9
2026-03-12 02:00:00,2026,3,12,2,Thanh Hóa,Xã Tượng Lĩnh,19.5671309,105.7072205,103,Unhealthy for Sensitive Groups,2,18.2,92,0.0,5.4,345,1016.8,98,66.6,67.1,624.0,29.9,26.0,20.0
2026-03-12 03:00:00,2026,3,12,3,Thanh Hóa,Xã Tượng Lĩnh,19.5671309,105.7072205,106,Unhealthy for Sensitive Groups,2,17.9,93,0.0,6.9,337,1016.7,100,66.1,66.6,616.0,27.7,25.0,20.0
2026-03-12 04:00:00,2026,3,12,4,Thanh Hóa,Xã Tượng Lĩnh,19.5671309,105.7072205,110,Unhealthy for Sensitive Groups,2,18.0,92,0.0,8.0,332,1016.8,100,65.9,66.4,624.0,25.8,25.0,21.1
2026-03-12 05:00:00,2026,3,12,5,Thanh Hóa,Xã Tượng Lĩnh,19.5671309,105.7072205,113,Unhealthy for Sensitive Groups,2,18.1,91,0.0,8.0,322,1017.4,100,65.0,65.4,670.0,25.0,24.0,23.3
2026-03-12 06:00:00,2026,3,12,6,Thanh Hóa,Xã Tượng Lĩnh,19.5671309,105.7072205,116,Unhealthy for Sensitive Groups,2,18.2,90,0.0,6.9,337,1017.9,100,65.4,65.9,732.0,24.6,25.0,26.7
2026-03-12 07:00:00,2026,3,12,7,Thanh Hóa,Xã Tượng Lĩnh,19.5671309,105.7072205,119,Unhealthy for Sensitive Groups,2,19.1,86,0.0,8.8,1,1018.6,99,61.0,61.5,763.0,26.7,38.0,46.5
2026-03-12 08:00:00,2026,3,12,8,Thanh Hóa,Xã Tượng Lĩnh,19.5671309,105.7072205,122,Unhealthy for Sensitive Groups,2,20.0,81,0.0,10.9,9,1019.3,100,61.5,61.7,738.0,27.6,48.0,51.3
2026-03-12 09:00:00,2026,3,12,9,Thanh Hóa,Xã Tượng Lĩnh,19.5671309,105.7072205,125,Unhealthy for Sensitive Groups,2,21.1,73,0.0,12.9,12,1019.9,100,56.1,56.5,682.0,28.6,62.0,57.5
2026-03-12 10:00:00,2026,3,12,10,Thanh Hóa,Xã Tượng Lĩnh,19.5671309,105.7072205,128,Unhealthy for Sensitive Groups,2,21.9,66,0.0,14.3,33,1019.8,100,49.8,50.2,626.0,27.9,78.0,59.6
2026-03-12 11:00:00,2026,3,12,11,Thanh Hóa,Xã Tượng Lĩnh,19.5671309,105.7072205,131,Unhealthy for Sensitive Groups,2,23.2,61,0.0,18.1,46,1019.2,100,43.3,43.8,577.0,23.8,98.0,54.1
2026-03-12 12:00:00,2026,3,12,12,Thanh Hóa,Xã Tượng Lĩnh,19.5671309,105.7072205,133,Unhealthy for Sensitive Groups,2,23.4,59,0.0,18.3,51,1018.2,100,41.8,42.3,527.0,17.9,120.0,44.6
2026-03-12 13:00:00,2026,3,12,13,Thanh Hóa,Xã Tượng Lĩnh,19.5671309,105.7072205,135,Unhealthy for Sensitive Groups,2,22.8,59,0.0,17.2,55,1017.4,100,43.4,43.8,490.0,13.2,138.0,36.0
2026-03-12 14:00:00,2026,3,12,14,Thanh Hóa,Xã Tượng Lĩnh,19.5671309,105.7072205,136,Unhealthy for Sensitive Groups,2,23.0,58,0.0,17.8,59,1016.5,14,43.7,44.1,469.0,10.7,149.0,30.4
2026-03-12 15:00:00,2026,3,12,15,Thanh Hóa,Xã Tượng Lĩnh,19.5671309,105.7072205,137,Unhealthy for Sensitive Groups,2,22.9,57,0.0,20.3,64,1015.7,25,42.3,42.8,459.0,9.4,155.0,25.8
2026-03-12 16:00:00,2026,3,12,16,Thanh Hóa,Xã Tượng Lĩnh,19.5671309,105.7072205,139,Unhealthy for Sensitive Groups,2,22.0,60,0.0,18.6,64,1015.6,53,40.3,40.9,461.0,8.9,155.0,21.5
2026-03-12 17:00:00,2026,3,12,17,Thanh Hóa,Xã Tượng Lĩnh,19.5671309,105.7072205,139,Unhealthy for Sensitive Groups,2,21.2,67,0.0,18.7,70,1015.5,63,37.3,38.0,475.0,9.3,146.0,16.8
2026-03-12 18:00:00,2026,3,12,18,Thanh Hóa,Xã Tượng Lĩnh,19.5671309,105.7072205,140,Unhealthy for Sensitive Groups,2,20.2,72,0.0,14.4,75,1016.0,58,34.2,34.9,500.0,10.4,132.0,12.5
2026-03-12 19:00:00,2026,3,12,19,Thanh Hóa,Xã Tượng Lĩnh,19.5671309,105.7072205,140,Unhealthy for Sensitive Groups,2,20.4,70,0.0,12.8,71,1016.8,30,38.2,39.0,532.0,12.7,115.0,12.1
2026-03-12 20:00:00,2026,3,12,20,Thanh Hóa,Xã Tượng Lĩnh,19.5671309,105.7072205,141,Unhealthy for Sensitive Groups,2,19.9,74,0.0,8.5,72,1017.5,19,34.8,35.7,576.0,13.1,111.0,11.1
2026-03-12 21:00:00,2026,3,12,21,Thanh Hóa,Xã Tượng Lĩnh,19.5671309,105.7072205,141,Unhealthy for Sensitive Groups,2,19.6,78,0.0,8.8,64,1017.7,2,33.4,34.8,628.0,13.8,104.0,9.9
2026-03-12 22:00:00,2026,3,12,22,Thanh Hóa,Xã Tượng Lĩnh,19.5671309,105.7072205,140,Unhealthy for Sensitive Groups,2,18.8,85,0.0,5.6,75,1018.6,13,38.3,40.0,665.0,15.2,95.0,9.4
2026-03-12 23:00:00,2026,3,12,23,Thanh Hóa,Xã Tượng Lĩnh,19.5671309,105.7072205,138,Unhealthy for Sensitive Groups,2,18.5,88,0.0,4.9,51,1018.6,10,46.6,48.3,679.0,18.1,81.0,10.3
2026-03-13 00:00:00,2026,3,13,0,Thanh Hóa,Xã Tượng Lĩnh,19.5671309,105.7072205,137,Unhealthy for Sensitive Groups,2,17.6,92,0.0,4.5,346,1018.6,17,54.2,55.8,679.0,21.7,65.0,12.1
2026-03-13 01:00:00,2026,3,13,1,Thanh Hóa,Xã Tượng Lĩnh,19.5671309,105.7072205,136,Unhealthy for Sensitive Groups,2,17.0,92,0.0,5.6,320,1018.7,20,58.4,59.6,674.0,23.7,53.0,13.9
2026-03-13 02:00:00,2026,3,13,2,Thanh Hóa,Xã Tượng Lĩnh,19.5671309,105.7072205,135,Unhealthy for Sensitive Groups,2,16.8,90,0.0,6.2,314,1018.3,99,58.9,59.8,662.0,22.7,50.0,15.6
2026-03-13 03:00:00,2026,3,13,3,Thanh Hóa,Xã Tượng Lĩnh,19.5671309,105.7072205,134,Unhealthy for Sensitive Groups,2,17.1,88,0.0,6.3,329,1017.9,100,58.8,59.6,645.0,20.1,52.0,17.3
2026-03-13 04:00:00,2026,3,13,4,Thanh Hóa,Xã Tượng Lĩnh,19.5671309,105.7072205,133,Unhealthy for Sensitive Groups,2,17.2,87,0.0,4.5,344,1018.0,100,58.7,59.6,641.0,18.3,53.0,19.2
2026-03-13 05:00:00,2026,3,13,5,Thanh Hóa,Xã Tượng Lĩnh,19.5671309,105.7072205,133,Unhealthy for Sensitive Groups,2,17.4,86,0.0,4.1,347,1018.3,86,59.0,59.8,664.0,18.4,49.0,21.2
2026-03-13 06:00:00,2026,3,13,6,Thanh Hóa,Xã Tượng Lĩnh,19.5671309,105.7072205,132,Unhealthy for Sensitive Groups,2,17.9,84,0.0,3.9,344,1019.3,99,60.3,61.2,701.0,19.1,45.0,23.3
2026-03-13 07:00:00,2026,3,13,7,Thanh Hóa,Xã Tượng Lĩnh,19.5671309,105.7072205,131,Unhealthy for Sensitive Groups,2,18.4,84,0.0,8.4,16,1019.8,100,60.1,61.2,722.0,20.6,52.0,25.6
2026-03-13 08:00:00,2026,3,13,8,Thanh Hóa,Xã Tượng Lĩnh,19.5671309,105.7072205,131,Unhealthy for Sensitive Groups,2,19.0,85,0.2,8.6,358,1020.5,100,54.4,55.5,725.0,19.3,70.0,28.3
2026-03-13 09:00:00,2026,3,13,9,Thanh Hóa,Xã Tượng Lĩnh,19.5671309,105.7072205,131,Unhealthy for Sensitive Groups,2,19.8,82,0.0,8.4,335,1021.0,100,44.0,45.5,714.0,17.3,96.0,31.8
2026-03-13 10:00:00,2026,3,13,10,Thanh Hóa,Xã Tượng Lĩnh,19.5671309,105.7072205,129,Unhealthy for Sensitive Groups,2,21.3,76,0.0,10.3,338,1021.0,100,40.3,41.9,671.0,14.8,119.0,32.3
2026-03-13 11:00:00,2026,3,13,11,Thanh Hóa,Xã Tượng Lĩnh,19.5671309,105.7072205,128,Unhealthy for Sensitive Groups,2,23.1,66,0.0,11.3,18,1020.3,100,34.2,35.7,568.0,11.1,136.0,27.2
2026-03-13 12:00:00,2026,3,13,12,Thanh Hóa,Xã Tượng Lĩnh,19.5671309,105.7072205,127,Unhealthy for Sensitive Groups,2,23.9,55,0.0,15.0,51,1019.2,78,29.6,31.3,433.0,6.8,150.0,19.1
2026-03-13 13:00:00,2026,3,13,13,Thanh Hóa,Xã Tượng Lĩnh,19.5671309,105.7072205,126,Unhealthy for Sensitive Groups,2,23.7,55,0.0,17.8,72,1018.6,23,26.3,28.3,335.0,3.7,159.0,12.5
2026-03-13 14:00:00,2026,3,13,14,Thanh Hóa,Xã Tượng Lĩnh,19.5671309,105.7072205,124,Unhealthy for Sensitive Groups,2,23.0,64,0.0,21.0,80,1017.5,20,23.7,26.1,309.0,2.6,160.0,8.9
2026-03-13 15:00:00,2026,3,13,15,Thanh Hóa,Xã Tượng Lĩnh,19.5671309,105.7072205,122,Unhealthy for Sensitive Groups,2,22.0,70,0.0,20.8,69,1016.9,23,20.8,23.9,320.0,2.7,154.0,6.6
2026-03-13 16:00:00,2026,3,13,16,Thanh Hóa,Xã Tượng Lĩnh,19.5671309,105.7072205,120,Unhealthy for Sensitive Groups,2,21.5,74,0.0,17.0,62,1017.0,34,18.4,22.4,330.0,3.5,148.0,5.3
2026-03-13 17:00:00,2026,3,13,17,Thanh Hóa,Xã Tượng Lĩnh,19.5671309,105.7072205,118,Unhealthy for Sensitive Groups,2,21.0,78,0.0,16.6,63,1016.8,41,16.4,20.3,325.0,5.0,141.0,4.9
2026-03-13 18:00:00,2026,3,13,18,Thanh Hóa,Xã Tượng Lĩnh,19.5671309,105.7072205,116,Unhealthy for Sensitive Groups,2,20.2,82,0.0,14.8,59,1017.0,25,15.9,19.4,320.0,7.2,133.0,5.4
2026-03-13 19:00:00,2026,3,13,19,Thanh Hóa,Xã Tượng Lĩnh,19.5671309,105.7072205,118,Unhealthy for Sensitive Groups,2,20.5,82,0.0,12.0,41,1017.9,98,19.6,23.3,322.0,9.0,118.0,7.7
2026-03-13 20:00:00,2026,3,13,20,Thanh Hóa,Xã Tượng Lĩnh,19.5671309,105.7072205,114,Unhealthy for Sensitive Groups,2,20.3,83,0.0,14.1,51,1018.5,100,19.7,23.2,335.0,9.5,115.0,8.2
2026-03-13 21:00:00,2026,3,13,21,Thanh Hóa,Xã Tượng Lĩnh,19.5671309,105.7072205,110,Unhealthy for Sensitive Groups,2,20.0,86,0.0,13.1,41,1019.3,100,21.3,25.1,354.0,10.2,111.0,9.0
2026-03-13 22:00:00,2026,3,13,22,Thanh Hóa,Xã Tượng Lĩnh,19.5671309,105.7072205,109,Unhealthy for Sensitive Groups,2,20.0,86,0.1,11.1,34,1019.7,100,24.0,28.1,372.0,11.1,105.0,10.1
2026-03-13 23:00:00,2026,3,13,23,Thanh Hóa,Xã Tượng Lĩnh,19.5671309,105.7072205,107,Unhealthy for Sensitive Groups,2,19.6,91,0.3,10.7,27,1019.6,100,27.4,31.7,388.0,12.2,97.0,11.6
2026-03-14 00:00:00,2026,3,14,0,Thanh Hóa,Xã Tượng Lĩnh,19.5671309,105.7072205,105,Unhealthy for Sensitive Groups,2,19.5,95,0.5,9.3,13,1019.1,100,29.8,34.3,403.0,13.5,87.0,13.3
2026-03-14 01:00:00,2026,3,14,1,Thanh Hóa,Xã Tượng Lĩnh,19.5671309,105.7072205,103,Unhealthy for Sensitive Groups,2,19.1,96,0.3,7.3,10,1019.0,100,32.2,36.9,411.0,14.6,78.0,15.3
2026-03-14 02:00:00,2026,3,14,2,Thanh Hóa,Xã Tượng Lĩnh,19.5671309,105.7072205,100,Moderate,1,19.3,96,0.4,5.5,11,1018.5,100,34.5,39.5,408.0,15.2,71.0,17.6
2026-03-14 03:00:00,2026,3,14,3,Thanh Hóa,Xã Tượng Lĩnh,19.5671309,105.7072205,98,Moderate,1,19.3,96,0.3,6.1,12,1018.1,100,35.5,39.6,399.0,15.6,66.0,20.0
2026-03-14 04:00:00,2026,3,14,4,Thanh Hóa,Xã Tượng Lĩnh,19.5671309,105.7072205,96,Moderate,1,19.4,96,0.4,5.5,19,1018.1,100,37.4,40.7,392.0,15.9,63.0,22.2
2026-03-14 05:00:00,2026,3,14,5,Thanh Hóa,Xã Tượng Lĩnh,19.5671309,105.7072205,94,Moderate,1,19.5,96,0.6,6.2,22,1018.3,100,38.6,41.8,397.0,16.4,61.0,24.1
2026-03-14 06:00:00,2026,3,14,6,Thanh Hóa,Xã Tượng Lĩnh,19.5671309,105.7072205,92,Moderate,1,19.5,97,0.1,6.2,22,1019.0,100,39.1,42.3,404.0,16.7,62.0,25.8
2026-03-14 07:00:00,2026,3,14,7,Thanh Hóa,Xã Tượng Lĩnh,19.5671309,105.7072205,90,Moderate,1,19.1,95,0.1,8.2,337,1019.4,100,37.5,40.5,397.0,17.7,70.0,30.4
2026-03-14 08:00:00,2026,3,14,8,Thanh Hóa,Xã Tượng Lĩnh,19.5671309,105.7072205,88,Moderate,1,20.5,90,0.3,10.3,15,1020.2,99,30.3,33.5,362.0,15.6,80.0,27.5
2026-03-14 09:00:00,2026,3,14,9,Thanh Hóa,Xã Tượng Lĩnh,19.5671309,105.7072205,86,Moderate,1,21.4,87,0.1,11.9,35,1020.8,84,26.7,29.4,313.0,12.6,93.0,23.3
2026-03-14 10:00:00,2026,3,14,10,Thanh Hóa,Xã Tượng Lĩnh,19.5671309,105.7072205,85,Moderate,1,22.0,83,0.1,14.4,56,1021.0,99,21.4,24.0,275.0,9.8,106.0,19.0
2026-03-14 11:00:00,2026,3,14,11,Thanh Hóa,Xã Tượng Lĩnh,19.5671309,105.7072205,83,Moderate,1,22.0,83,0.3,15.4,64,1020.5,100,18.5,20.8,256.0,7.4,117.0,14.8
2026-03-14 12:00:00,2026,3,14,12,Thanh Hóa,Xã Tượng Lĩnh,19.5671309,105.7072205,82,Moderate,1,23.2,76,0.1,16.3,72,1019.5,100,17.2,19.7,248.0,5.1,128.0,10.6
2026-03-14 13:00:00,2026,3,14,13,Thanh Hóa,Xã Tượng Lĩnh,19.5671309,105.7072205,81,Moderate,1,22.9,75,0.0,16.6,78,1019.0,95,16.4,19.3,246.0,3.6,135.0,7.2
2026-03-14 14:00:00,2026,3,14,14,Thanh Hóa,Xã Tượng Lĩnh,19.5671309,105.7072205,80,Moderate,1,22.8,75,0.1,15.6,79,1018.1,100,15.9,18.8,250.0,2.8,137.0,4.9
2026-03-14 15:00:00,2026,3,14,15,Thanh Hóa,Xã Tượng Lĩnh,19.5671309,105.7072205,79,Moderate,1,22.8,75,0.1,15.5,77,1017.4,99,15.3,18.2,261.0,2.7,135.0,3.3
2026-03-14 16:00:00,2026,3,14,16,Thanh Hóa,Xã Tượng Lĩnh,19.5671309,105.7072205,78,Moderate,1,22.3,78,0.1,15.0,80,1017.0,95,15.0,17.6,278.0,3.6,130.0,2.6
2026-03-14 17:00:00,2026,3,14,17,Thanh Hóa,Xã Tượng Lĩnh,19.5671309,105.7072205,78,Moderate,1,22.0,80,0.3,13.3,89,1016.7,99,15.9,18.5,306.0,6.2,120.0,3.0
2026-03-14 18:00:00,2026,3,14,18,Thanh Hóa,Xã Tượng Lĩnh,19.5671309,105.7072205,81,Moderate,1,21.2,89,0.0,9.4,85,1017.3,55,17.8,20.0,341.0,9.7,108.0,4.2
2026-03-14 19:00:00,2026,3,14,19,Thanh Hóa,Xã Tượng Lĩnh,19.5671309,105.7072205,81,Moderate,1,20.6,95,0.0,4.3,42,1018.1,95,20.7,23.7,368.0,11.6,101.0,5.2
2026-03-14 20:00:00,2026,3,14,20,Thanh Hóa,Xã Tượng Lĩnh,19.5671309,105.7072205,78,Moderate,1,20.5,96,0.0,5.3,52,1018.7,98,21.7,25.1,384.0,12.4,94.0,5.6
2026-03-14 21:00:00,2026,3,14,21,Thanh Hóa,Xã Tượng Lĩnh,19.5671309,105.7072205,79,Moderate,1,20.5,95,0.0,8.0,72,1019.2,91,22.8,26.5,392.0,13.5,85.0,6.3
2026-03-14 22:00:00,2026,3,14,22,Thanh Hóa,Xã Tượng Lĩnh,19.5671309,105.7072205,79,Moderate,1,20.2,95,0.0,6.1,67,1019.9,100,26.5,31.1,388.0,14.8,76.0,6.9
2026-03-14 23:00:00,2026,3,14,23,Thanh Hóa,Xã Tượng Lĩnh,19.5671309,105.7072205,79,Moderate,1,20.1,97,0.2,4.5,67,1019.9,100,30.0,35.2,363.0,16.4,68.0,7.3
2026-03-15 00:00:00,2026,3,15,0,Thanh Hóa,Xã Tượng Lĩnh,19.5671309,105.7072205,79,Moderate,1,20.0,97,0.2,4.9,66,1019.4,100,32.8,38.5,327.0,18.3,60.0,7.7
2026-03-15 01:00:00,2026,3,15,1,Thanh Hóa,Xã Tượng Lĩnh,19.5671309,105.7072205,79,Moderate,1,19.5,96,0.0,4.0,58,1018.7,11,36.0,41.9,299.0,19.5,54.0,8.4
2026-03-15 02:00:00,2026,3,15,2,Thanh Hóa,Xã Tượng Lĩnh,19.5671309,105.7072205,80,Moderate,1,19.6,95,0.0,3.1,69,1018.1,8,38.3,44.6,288.0,19.6,51.0,9.4
2026-03-15 03:00:00,2026,3,15,3,Thanh Hóa,Xã Tượng Lĩnh,19.5671309,105.7072205,80,Moderate,1,19.4,96,0.0,2.0,355,1017.8,34,38.8,45.5,287.0,19.2,49.0,10.7
2026-03-15 04:00:00,2026,3,15,4,Thanh Hóa,Xã Tượng Lĩnh,19.5671309,105.7072205,80,Moderate,1,18.8,98,0.1,3.6,319,1018.0,95,38.1,44.8,293.0,19.1,48.0,12.2
2026-03-15 05:00:00,2026,3,15,5,Thanh Hóa,Xã Tượng Lĩnh,19.5671309,105.7072205,80,Moderate,1,18.5,98,0.0,3.6,303,1018.4,22,37.5,44.0,314.0,19.8,44.0,13.4
2026-03-15 06:00:00,2026,3,15,6,Thanh Hóa,Xã Tượng Lĩnh,19.5671309,105.7072205,80,Moderate,1,18.3,98,0.0,3.4,288,1018.7,13,38.4,45.1,344.0,20.8,40.0,14.7
2026-03-15 07:00:00,2026,3,15,7,Thanh Hóa,Xã Tượng Lĩnh,19.5671309,105.7072205,80,Moderate,1,19.0,98,0.0,6.7,316,1019.1,10,58.8,64.0,360.0,21.7,39.0,13.2
2026-03-15 08:00:00,2026,3,15,8,Thanh Hóa,Xã Tượng Lĩnh,19.5671309,105.7072205,82,Moderate,1,20.5,95,0.0,3.6,307,1019.7,27,44.7,49.5,350.0,17.7,60.0,13.9
2026-03-15 09:00:00,2026,3,15,9,Thanh Hóa,Xã Tượng Lĩnh,19.5671309,105.7072205,83,Moderate,1,22.0,88,0.0,3.9,338,1020.5,45,33.4,38.3,327.0,12.2,88.0,14.6
2026-03-15 10:00:00,2026,3,15,10,Thanh Hóa,Xã Tượng Lĩnh,19.5671309,105.7072205,84,Moderate,1,23.0,81,0.0,3.8,31,1020.7,43,19.0,23.9,305.0,7.8,110.0,14.0
2026-03-15 11:00:00,2026,3,15,11,Thanh Hóa,Xã Tượng Lĩnh,19.5671309,105.7072205,84,Moderate,1,24.0,77,0.1,4.3,85,1019.9,40,14.8,18.2,291.0,5.7,119.0,10.7
2026-03-15 12:00:00,2026,3,15,12,Thanh Hóa,Xã Tượng Lĩnh,19.5671309,105.7072205,83,Moderate,1,24.4,74,0.0,7.9,101,1018.6,25,13.8,15.5,278.0,4.8,121.0,6.1
2026-03-15 13:00:00,2026,3,15,13,Thanh Hóa,Xã Tượng Lĩnh,19.5671309,105.7072205,83,Moderate,1,24.2,72,0.0,11.6,94,1018.0,34,12.9,14.5,266.0,4.2,122.0,2.8
2026-03-15 14:00:00,2026,3,15,14,Thanh Hóa,Xã Tượng Lĩnh,19.5671309,105.7072205,83,Moderate,1,23.8,73,0.0,12.3,100,1016.8,47,15.3,16.9,247.0,3.5,126.0,2.0
2026-03-15 15:00:00,2026,3,15,15,Thanh Hóa,Xã Tượng Lĩnh,19.5671309,105.7072205,83,Moderate,1,23.5,75,0.0,11.9,96,1015.9,67,16.2,18.7,227.0,3.3,130.0,2.4
2026-03-15 16:00:00,2026,3,15,16,Thanh Hóa,Xã Tượng Lĩnh,19.5671309,105.7072205,83,Moderate,1,23.0,77,0.0,11.8,99,1015.5,100,15.4,18.6,226.0,4.2,129.0,3.1
2026-03-15 17:00:00,2026,3,15,17,Thanh Hóa,Xã Tượng Lĩnh,19.5671309,105.7072205,83,Moderate,1,22.3,82,0.0,10.3,112,1015.6,98,15.5,19.2,256.0,7.0,118.0,3.7
2026-03-15 18:00:00,2026,3,15,18,Thanh Hóa,Xã Tượng Lĩnh,19.5671309,105.7072205,83,Moderate,1,21.5,90,0.0,5.0,120,1016.1,100,16.7,19.9,304.0,10.9,102.0,4.5
2026-03-15 19:00:00,2026,3,15,19,Thanh Hóa,Xã Tượng Lĩnh,19.5671309,105.7072205,83,Moderate,1,21.1,93,0.0,4.0,95,1016.4,89,26.7,31.3,347.0,16.6,84.0,6.8
2026-03-15 20:00:00,2026,3,15,20,Thanh Hóa,Xã Tượng Lĩnh,19.5671309,105.7072205,83,Moderate,1,20.9,94,0.0,3.5,129,1017.2,16,31.8,37.0,383.0,19.2,78.0,8.5
2026-03-15 21:00:00,2026,3,15,21,Thanh Hóa,Xã Tượng Lĩnh,19.5671309,105.7072205,84,Moderate,1,20.5,94,0.0,3.0,166,1017.6,3,36.8,42.5,415.0,22.9,68.0,10.9
2026-03-15 22:00:00,2026,3,15,22,Thanh Hóa,Xã Tượng Lĩnh,19.5671309,105.7072205,85,Moderate,1,20.0,95,0.0,2.5,210,1017.8,12,44.4,50.1,430.0,26.6,59.0,13.0
2026-03-15 23:00:00,2026,3,15,23,Thanh Hóa,Xã Tượng Lĩnh,19.5671309,105.7072205,87,Moderate,1,19.6,94,0.0,2.3,238,1017.7,8,50.3,56.1,415.0,30.6,50.0,14.6
2026-03-16 00:00:00,2026,3,16,0,Thanh Hóa,Xã Tượng Lĩnh,19.5671309,105.7072205,89,Moderate,1,19.0,95,0.0,1.8,276,1017.5,31,53.0,58.9,382.0,34.5,40.0,15.9
2026-03-16 01:00:00,2026,3,16,1,Thanh Hóa,Xã Tượng Lĩnh,19.5671309,105.7072205,91,Moderate,1,19.5,93,0.0,2.2,185,1016.4,17,55.4,61.5,357.0,36.8,32.0,15.9
2026-03-16 02:00:00,2026,3,16,2,Thanh Hóa,Xã Tượng Lĩnh,19.5671309,105.7072205,92,Moderate,1,19.5,94,0.0,2.3,180,1015.8,11,71.5,76.4,346.0,36.3,25.0,13.4
2026-03-16 03:00:00,2026,3,16,3,Thanh Hóa,Xã Tượng Lĩnh,19.5671309,105.7072205,95,Moderate,1,19.2,95,0.0,3.1,204,1015.2,16,71.9,76.6,343.0,34.1,18.0,9.7
2026-03-16 04:00:00,2026,3,16,4,Thanh Hóa,Xã Tượng Lĩnh,19.5671309,105.7072205,98,Moderate,1,18.8,96,0.0,3.6,221,1015.0,21,64.0,68.5,348.0,31.7,15.0,7.2
2026-03-16 05:00:00,2026,3,16,5,Thanh Hóa,Xã Tượng Lĩnh,19.5671309,105.7072205,101,Unhealthy for Sensitive Groups,2,18.6,96,0.0,3.1,211,1014.9,16,54.1,58.8,377.0,30.0,13.0,7.3
2026-03-16 06:00:00,2026,3,16,6,Thanh Hóa,Xã Tượng Lĩnh,19.5671309,105.7072205,102,Unhealthy for Sensitive Groups,2,18.5,96,0.0,4.5,227,1015.5,26,53.6,58.1,414.0,28.2,15.0,8.6
2026-03-16 07:00:00,2026,3,16,7,Thanh Hóa,Xã Tượng Lĩnh,19.5671309,105.7072205,104,Unhealthy for Sensitive Groups,2,18.5,99,0.0,0.4,270,1016.5,60,51.9,57.3,420.0,24.2,41.0,10.1
2026-03-16 08:00:00,2026,3,16,8,Thanh Hóa,Xã Tượng Lĩnh,19.5671309,105.7072205,103,Unhealthy for Sensitive Groups,2,21.0,95,0.0,1.0,329,1017.1,20,25.7,31.8,363.0,19.0,57.0,8.4
2026-03-16 09:00:00,2026,3,16,9,Thanh Hóa,Xã Tượng Lĩnh,19.5671309,105.7072205,101,Unhealthy for Sensitive Groups,2,22.7,86,0.2,5.8,175,1018.0,33,18.7,23.7,274.0,11.7,80.0,6.1
2026-03-16 10:00:00,2026,3,16,10,Thanh Hóa,Xã Tượng Lĩnh,19.5671309,105.7072205,100,Moderate,1,23.6,79,0.3,13.6,156,1017.8,53,13.4,17.8,206.0,6.0,99.0,4.3
2026-03-16 11:00:00,2026,3,16,11,Thanh Hóa,Xã Tượng Lĩnh,19.5671309,105.7072205,99,Moderate,1,24.1,75,0.2,16.5,151,1017.1,91,12.9,17.2,184.0,3.5,109.0,3.4
2026-03-16 12:00:00,2026,3,16,12,Thanh Hóa,Xã Tượng Lĩnh,19.5671309,105.7072205,99,Moderate,1,24.9,70,0.0,16.2,149,1016.0,42,13.0,17.5,184.0,2.6,116.0,2.9
2026-03-16 13:00:00,2026,3,16,13,Thanh Hóa,Xã Tượng Lĩnh,19.5671309,105.7072205,99,Moderate,1,24.6,70,0.0,15.8,133,1015.4,46,12.5,17.0,186.0,2.1,119.0,2.6
2026-03-16 14:00:00,2026,3,16,14,Thanh Hóa,Xã Tượng Lĩnh,19.5671309,105.7072205,99,Moderate,1,24.5,71,0.0,16.5,129,1014.5,52,11.8,16.1,182.0,1.6,120.0,2.2
2026-03-16 15:00:00,2026,3,16,15,Thanh Hóa,Xã Tượng Lĩnh,19.5671309,105.7072205,99,Moderate,1,23.9,74,0.0,18.2,129,1013.2,37,11.7,16.3,179.0,1.6,119.0,1.9
2026-03-16 16:00:00,2026,3,16,16,Thanh Hóa,Xã Tượng Lĩnh,19.5671309,105.7072205,98,Moderate,1,23.6,75,0.0,17.1,133,1012.7,4,10.7,15.0,180.0,2.3,115.0,1.9
2026-03-16 17:00:00,2026,3,16,17,Thanh Hóa,Xã Tượng Lĩnh,19.5671309,105.7072205,98,Moderate,1,22.8,79,0.0,14.0,139,1012.6,2,10.7,15.0,187.0,4.1,108.0,2.2
2026-03-16 18:00:00,2026,3,16,18,Thanh Hóa,Xã Tượng Lĩnh,19.5671309,105.7072205,97,Moderate,1,21.8,85,0.0,12.6,144,1012.6,6,10.7,14.5,197.0,6.6,100.0,2.7
2026-03-16 19:00:00,2026,3,16,19,Thanh Hóa,Xã Tượng Lĩnh,19.5671309,105.7072205,97,Moderate,1,22.2,82,0.0,16.7,144,1012.6,10,12.9,17.1,206.0,9.2,93.0,3.4
2026-03-16 20:00:00,2026,3,16,20,Thanh Hóa,Xã Tượng Lĩnh,19.5671309,105.7072205,96,Moderate,1,22.0,84,0.0,15.8,143,1013.3,5,13.0,17.1,210.0,9.5,89.0,3.6
2026-03-16 21:00:00,2026,3,16,21,Thanh Hóa,Xã Tượng Lĩnh,19.5671309,105.7072205,94,Moderate,1,21.8,86,0.0,13.9,149,1014.3,1,13.4,17.6,213.0,10.0,84.0,3.9
2026-03-16 22:00:00,2026,3,16,22,Thanh Hóa,Xã Tượng Lĩnh,19.5671309,105.7072205,92,Moderate,1,21.5,88,0.0,11.7,157,1014.7,2,14.6,19.0,217.0,10.6,78.0,4.1
2026-03-16 23:00:00,2026,3,16,23,Thanh Hóa,Xã Tượng Lĩnh,19.5671309,105.7072205,89,Moderate,1,21.0,91,0.0,7.6,168,1014.9,8,16.0,20.6,227.0,11.4,72.0,4.2
2026-03-17 00:00:00,2026,3,17,0,Thanh Hóa,Xã Tượng Lĩnh,19.5671309,105.7072205,86,Moderate,1,20.6,92,0.0,6.5,177,1014.3,13,16.6,21.4,238.0,12.3,65.0,4.3
2026-03-17 01:00:00,2026,3,17,1,Thanh Hóa,Xã Tượng Lĩnh,19.5671309,105.7072205,83,Moderate,1,20.9,93,0.0,8.6,170,1013.6,0,17.3,22.0,246.0,13.0,59.0,4.4
2026-03-17 02:00:00,2026,3,17,2,Thanh Hóa,Xã Tượng Lĩnh,19.5671309,105.7072205,80,Moderate,1,20.5,95,0.0,6.1,182,1013.2,2,18.0,22.7,244.0,13.4,54.0,4.6
2026-03-17 03:00:00,2026,3,17,3,Thanh Hóa,Xã Tượng Lĩnh,19.5671309,105.7072205,75,Moderate,1,19.9,95,0.0,5.2,200,1012.5,8,17.8,22.1,238.0,13.6,51.0,4.8
2026-03-17 04:00:00,2026,3,17,4,Thanh Hóa,Xã Tượng Lĩnh,19.5671309,105.7072205,70,Moderate,1,19.6,96,0.0,5.7,215,1012.6,18,17.8,22.0,241.0,13.7,48.0,5.1
2026-03-17 05:00:00,2026,3,17,5,Thanh Hóa,Xã Tượng Lĩnh,19.5671309,105.7072205,66,Moderate,1,19.6,96,0.0,6.7,211,1012.8,13,18.2,22.5,266.0,14.2,45.0,5.8
2026-03-17 06:00:00,2026,3,17,6,Thanh Hóa,Xã Tượng Lĩnh,19.5671309,105.7072205,63,Moderate,1,19.5,96,0.0,5.2,207,1013.5,10,19.1,23.4,299.0,14.6,43.0,6.5
2026-03-17 07:00:00,2026,3,17,7,Thanh Hóa,Xã Tượng Lĩnh,19.5671309,105.7072205,60,Moderate,1,20.2,96,0.0,7.5,200,1014.1,17,20.8,25.5,312.0,14.8,52.0,7.3
2026-03-17 08:00:00,2026,3,17,8,Thanh Hóa,Xã Tượng Lĩnh,19.5671309,105.7072205,57,Moderate,1,22.5,90,0.0,6.0,190,1014.8,24,15.7,20.9,284.0,11.7,65.0,6.3
2026-03-17 09:00:00,2026,3,17,9,Thanh Hóa,Xã Tượng Lĩnh,19.5671309,105.7072205,56,Moderate,1,24.0,79,0.1,15.1,171,1015.5,41,14.0,18.7,236.0,7.5,82.0,4.9
2026-03-17 10:00:00,2026,3,17,10,Thanh Hóa,Xã Tượng Lĩnh,19.5671309,105.7072205,56,Moderate,1,24.9,74,0.2,17.3,160,1015.2,81,14.2,19.2,197.0,4.3,96.0,3.8
2026-03-17 11:00:00,2026,3,17,11,Thanh Hóa,Xã Tượng Lĩnh,19.5671309,105.7072205,56,Moderate,1,25.2,74,0.0,17.7,150,1014.6,100,14.6,19.6,182.0,3.1,103.0,3.4
2026-03-17 12:00:00,2026,3,17,12,Thanh Hóa,Xã Tượng Lĩnh,19.5671309,105.7072205,56,Moderate,1,25.2,73,0.0,18.4,145,1013.7,100,15.1,20.3,176.0,2.9,108.0,3.2
2026-03-17 13:00:00,2026,3,17,13,Thanh Hóa,Xã Tượng Lĩnh,19.5671309,105.7072205,56,Moderate,1,24.9,74,0.0,19.1,139,1013.1,100,15.3,20.3,172.0,2.9,110.0,3.1
2026-03-17 14:00:00,2026,3,17,14,Thanh Hóa,Xã Tượng Lĩnh,19.5671309,105.7072205,56,Moderate,1,24.9,73,0.0,19.3,138,1012.2,56,14.1,18.7,164.0,2.6,112.0,2.9
2026-03-17 15:00:00,2026,3,17,15,Thanh Hóa,Xã Tượng Lĩnh,19.5671309,105.7072205,57,Moderate,1,24.5,73,0.0,19.3,138,1011.4,48,12.8,17.1,158.0,2.5,112.0,2.7
2026-03-17 16:00:00,2026,3,17,16,Thanh Hóa,Xã Tượng Lĩnh,19.5671309,105.7072205,57,Moderate,1,24.1,74,0.0,19.9,136,1010.4,23,11.7,15.7,155.0,3.0,109.0,2.6
2026-03-17 17:00:00,2026,3,17,17,Thanh Hóa,Xã Tượng Lĩnh,19.5671309,105.7072205,57,Moderate,1,23.4,80,0.0,15.7,140,1010.7,9,10.6,14.4,158.0,4.7,101.0,2.7
2026-03-17 18:00:00,2026,3,17,18,Thanh Hóa,Xã Tượng Lĩnh,19.5671309,105.7072205,57,Moderate,1,22.5,85,0.0,13.3,140,1011.2,3,9.7,12.7,166.0,7.1,90.0,3.0
2026-03-17 19:00:00,2026,3,17,19,Thanh Hóa,Xã Tượng Lĩnh,19.5671309,105.7072205,57,Moderate,1,22.7,84,0.0,16.0,142,1011.4,6,13.7,18.2,176.0,9.6,79.0,3.4
2026-03-17 20:00:00,2026,3,17,20,Thanh Hóa,Xã Tượng Lĩnh,19.5671309,105.7072205,57,Moderate,1,22.6,82,0.0,16.0,151,1012.2,3,13.6,18.0,191.0,9.7,76.0,3.5
2026-03-17 21:00:00,2026,3,17,21,Thanh Hóa,Xã Tượng Lĩnh,19.5671309,105.7072205,57,Moderate,1,22.5,83,0.0,12.8,158,1013.0,9,13.7,18.0,208.0,9.9,72.0,3.7
2026-03-17 22:00:00,2026,3,17,22,Thanh Hóa,Xã Tượng Lĩnh,19.5671309,105.7072205,57,Moderate,1,22.0,85,0.0,8.3,174,1013.7,5,14.5,19.0,219.0,10.2,68.0,3.8
2026-03-17 23:00:00,2026,3,17,23,Thanh Hóa,Xã Tượng Lĩnh,19.5671309,105.7072205,57,Moderate,1,21.9,85,0.0,10.5,173,1013.3,2,15.4,19.9,217.0,10.9,63.0,3.9
2026-03-18 00:00:00,2026,3,18,0,Thanh Hóa,Xã Tượng Lĩnh,19.5671309,105.7072205,57,Moderate,1,21.4,87,0.0,6.8,197,1013.1,9,16.0,20.4,208.0,11.8,58.0,3.9
2026-03-18 01:00:00,2026,3,18,1,Thanh Hóa,Xã Tượng Lĩnh,19.5671309,105.7072205,57,Moderate,1,20.6,92,0.0,5.1,212,1012.3,5,17.8,22.5,202.0,12.5,53.0,3.8
2026-03-18 02:00:00,2026,3,18,2,Thanh Hóa,Xã Tượng Lĩnh,19.5671309,105.7072205,57,Moderate,1,20.6,93,0.0,4.9,208,1011.8,4,19.4,24.3,197.0,12.9,49.0,3.5
2026-03-18 03:00:00,2026,3,18,3,Thanh Hóa,Xã Tượng Lĩnh,19.5671309,105.7072205,57,Moderate,1,20.4,94,0.0,5.0,206,1011.5,5,21.1,26.2,194.0,13.0,45.0,3.1
2026-03-18 04:00:00,2026,3,18,4,Thanh Hóa,Xã Tượng Lĩnh,19.5671309,105.7072205,57,Moderate,1,20.2,95,0.0,2.8,230,1011.7,9,24.1,29.5,206.0,13.1,42.0,2.9
2026-03-18 05:00:00,2026,3,18,5,Thanh Hóa,Xã Tượng Lĩnh,19.5671309,105.7072205,58,Moderate,1,19.7,96,0.0,4.2,216,1011.9,2,27.4,33.2,254.0,13.4,38.0,3.2
2026-03-18 06:00:00,2026,3,18,6,Thanh Hóa,Xã Tượng Lĩnh,19.5671309,105.7072205,59,Moderate,1,19.4,97,0.0,3.4,212,1012.4,3,32.7,37.4,316.0,13.7,35.0,3.6
2026-03-18 07:00:00,2026,3,18,7,Thanh Hóa,Xã Tượng Lĩnh,19.5671309,105.7072205,60,Moderate,1,20.1,97,0.0,4.6,193,1013.5,1,48.1,53.3,348.0,17.4,39.0,4.5
2026-03-18 08:00:00,2026,3,18,8,Thanh Hóa,Xã Tượng Lĩnh,19.5671309,105.7072205,62,Moderate,1,22.6,89,0.0,2.2,138,1014.4,2,26.6,32.6,319.0,14.4,52.0,4.2
2026-03-18 09:00:00,2026,3,18,9,Thanh Hóa,Xã Tượng Lĩnh,19.5671309,105.7072205,63,Moderate,1,24.3,79,0.0,7.5,143,1015.1,82,21.4,28.0,258.0,10.2,71.0,3.7
2026-03-18 10:00:00,2026,3,18,10,Thanh Hóa,Xã Tượng Lĩnh,19.5671309,105.7072205,64,Moderate,1,25.4,75,0.0,10.7,130,1015.5,79,19.6,25.8,208.0,6.8,86.0,3.3
2026-03-18 11:00:00,2026,3,18,11,Thanh Hóa,Xã Tượng Lĩnh,19.5671309,105.7072205,64,Moderate,1,25.6,77,0.0,14.3,118,1014.6,84,18.6,24.4,185.0,5.2,95.0,3.1
2026-03-18 12:00:00,2026,3,18,12,Thanh Hóa,Xã Tượng Lĩnh,19.5671309,105.7072205,65,Moderate,1,25.5,78,0.0,16.8,116,1013.6,77,18.9,24.6,172.0,4.4,100.0,3.1
2026-03-18 13:00:00,2026,3,18,13,Thanh Hóa,Xã Tượng Lĩnh,19.5671309,105.7072205,65,Moderate,1,25.2,80,0.0,16.6,120,1012.9,70,19.5,25.0,164.0,3.9,104.0,3.0
2026-03-18 14:00:00,2026,3,18,14,Thanh Hóa,Xã Tượng Lĩnh,19.5671309,105.7072205,65,Moderate,1,25.0,81,0.0,18.3,124,1011.9,94,17.8,23.1,157.0,3.2,107.0,2.7
2026-03-18 15:00:00,2026,3,18,15,Thanh Hóa,Xã Tượng Lĩnh,19.5671309,105.7072205,66,Moderate,1,24.6,83,0.0,16.8,131,1011.5,88,16.3,21.4,153.0,2.8,109.0,2.4
2026-03-18 16:00:00,2026,3,18,16,Thanh Hóa,Xã Tượng Lĩnh,19.5671309,105.7072205,66,Moderate,1,24.3,84,0.0,18.3,133,1011.1,46,15.1,20.0,157.0,3.3,107.0,2.3
2026-03-18 17:00:00,2026,3,18,17,Thanh Hóa,Xã Tượng Lĩnh,19.5671309,105.7072205,66,Moderate,1,23.8,87,0.0,16.5,130,1011.3,30,13.2,17.9,172.0,5.5,99.0,2.7
2026-03-18 18:00:00,2026,3,18,18,Thanh Hóa,Xã Tượng Lĩnh,19.5671309,105.7072205,67,Moderate,1,23.0,90,0.0,11.6,132,1011.7,18,12.5,16.4,193.0,8.6,86.0,3.3
2026-03-18 19:00:00,2026,3,18,19,Thanh Hóa,Xã Tượng Lĩnh,19.5671309,105.7072205,67,Moderate,1,23.1,93,0.0,12.6,124,1011.8,52,16.9,22.2,211.0,11.1,77.0,3.9
2026-03-18 20:00:00,2026,3,18,20,Thanh Hóa,Xã Tượng Lĩnh,19.5671309,105.7072205,67,Moderate,1,23.0,92,0.0,9.8,130,1012.6,25,16.4,21.4,221.0,11.7,72.0,4.2
2026-03-18 21:00:00,2026,3,18,21,Thanh Hóa,Xã Tượng Lĩnh,19.5671309,105.7072205,67,Moderate,1,22.5,94,0.0,6.4,148,1013.7,80,16.6,21.5,228.0,12.5,66.0,4.6
2026-03-18 22:00:00,2026,3,18,22,Thanh Hóa,Xã Tượng Lĩnh,19.5671309,105.7072205,68,Moderate,1,22.0,94,0.0,2.9,173,1014.2,30,17.6,22.5,234.0,13.4,60.0,4.9
2026-03-18 23:00:00,2026,3,18,23,Thanh Hóa,Xã Tượng Lĩnh,19.5671309,105.7072205,68,Moderate,1,21.9,95,0.0,5.1,198,1013.9,19,18.5,23.3,238.0,14.2,55.0,5.1
2026-03-19 00:00:00,2026,3,19,0,Thanh Hóa,Xã Tượng Lĩnh,19.5671309,105.7072205,68,Moderate,1,21.7,95,0.0,5.8,196,1013.2,74,18.9,24.0,241.0,15.0,50.0,5.1
2026-03-19 01:00:00,2026,3,19,1,Thanh Hóa,Xã Tượng Lĩnh,19.5671309,105.7072205,68,Moderate,1,21.6,96,0.0,5.5,191,1012.0,21,21.2,26.9,245.0,15.7,46.0,4.9
2026-03-19 02:00:00,2026,3,19,2,Thanh Hóa,Xã Tượng Lĩnh,19.5671309,105.7072205,69,Moderate,1,21.4,97,0.0,4.6,189,1011.4,28,26.1,33.1,250.0,16.4,43.0,4.0
2026-03-19 03:00:00,2026,3,19,3,Thanh Hóa,Xã Tượng Lĩnh,19.5671309,105.7072205,69,Moderate,1,21.1,98,0.0,5.4,184,1011.2,11,32.1,39.9,255.0,17.0,41.0,2.8
2026-03-19 04:00:00,2026,3,19,4,Thanh Hóa,Xã Tượng Lĩnh,19.5671309,105.7072205,70,Moderate,1,21.0,98,0.0,4.8,167,1011.1,7,41.4,48.9,261.0,16.9,41.0,2.1
2026-03-19 05:00:00,2026,3,19,5,Thanh Hóa,Xã Tượng Lĩnh,19.5671309,105.7072205,72,Moderate,1,20.7,98,0.0,3.8,163,1011.5,86,46.3,52.7,274.0,15.6,42.0,2.2
2026-03-19 06:00:00,2026,3,19,6,Thanh Hóa,Xã Tượng Lĩnh,19.5671309,105.7072205,73,Moderate,1,21.0,98,0.0,3.9,156,1012.5,100,46.9,53.1,289.0,13.7,45.0,2.8
2026-03-19 07:00:00,2026,3,19,7,Thanh Hóa,Xã Tượng Lĩnh,19.5671309,105.7072205,75,Moderate,1,22.1,98,0.0,9.8,137,1013.4,32,55.5,61.5,288.0,18.4,39.0,2.1
2026-03-19 08:00:00,2026,3,19,8,Thanh Hóa,Xã Tượng Lĩnh,19.5671309,105.7072205,75,Moderate,1,23.5,91,0.0,13.5,142,1014.0,41,26.0,31.2,258.0,14.5,52.0,2.4
2026-03-19 09:00:00,2026,3,19,9,Thanh Hóa,Xã Tượng Lĩnh,19.5671309,105.7072205,75,Moderate,1,24.8,84,0.0,14.0,149,1014.6,38,16.6,21.8,212.0,9.2,71.0,2.7
2026-03-19 10:00:00,2026,3,19,10,Thanh Hóa,Xã Tượng Lĩnh,19.5671309,105.7072205,75,Moderate,1,25.7,78,0.0,14.6,150,1014.5,33,15.3,19.7,179.0,5.1,86.0,3.0
2026-03-19 11:00:00,2026,3,19,11,Thanh Hóa,Xã Tượng Lĩnh,19.5671309,105.7072205,74,Moderate,1,26.4,75,0.0,15.7,143,1013.9,45,15.7,19.9,171.0,3.5,95.0,3.0
2026-03-19 12:00:00,2026,3,19,12,Thanh Hóa,Xã Tượng Lĩnh,19.5671309,105.7072205,74,Moderate,1,26.2,76,0.0,16.4,138,1012.6,37,16.6,20.6,175.0,3.2,101.0,2.9
2026-03-19 13:00:00,2026,3,19,13,Thanh Hóa,Xã Tượng Lĩnh,19.5671309,105.7072205,74,Moderate,1,26.0,76,0.0,18.8,133,1011.4,59,16.5,20.3,178.0,3.1,105.0,2.8
2026-03-19 14:00:00,2026,3,19,14,Thanh Hóa,Xã Tượng Lĩnh,19.5671309,105.7072205,74,Moderate,1,25.8,77,0.0,19.2,135,1010.7,44,15.3,18.6,173.0,2.9,107.0,2.9
2026-03-19 15:00:00,2026,3,19,15,Thanh Hóa,Xã Tượng Lĩnh,19.5671309,105.7072205,74,Moderate,1,25.0,81,0.0,21.4,134,1009.8,26,12.7,15.7,167.0,3.0,107.0,3.0
2026-03-19 16:00:00,2026,3,19,16,Thanh Hóa,Xã Tượng Lĩnh,19.5671309,105.7072205,73,Moderate,1,24.5,83,0.0,22.3,133,1008.8,20,11.1,14.5,164.0,3.6,104.0,3.1
2026-03-19 17:00:00,2026,3,19,17,Thanh Hóa,Xã Tượng Lĩnh,19.5671309,105.7072205,73,Moderate,1,23.9,85,0.0,19.9,139,1009.0,12,9.7,13.1,166.0,5.2,96.0,3.2
2026-03-19 18:00:00,2026,3,19,18,Thanh Hóa,Xã Tượng Lĩnh,19.5671309,105.7072205,73,Moderate,1,23.1,88,0.0,19.5,147,1008.7,13,9.3,12.4,172.0,7.4,85.0,3.4
2026-03-19 19:00:00,2026,3,19,19,Thanh Hóa,Xã Tượng Lĩnh,19.5671309,105.7072205,72,Moderate,1,23.0,90,0.0,17.8,145,1009.2,23,11.8,15.7,179.0,9.6,79.0,3.8
2026-03-19 20:00:00,2026,3,19,20,Thanh Hóa,Xã Tượng Lĩnh,19.5671309,105.7072205,72,Moderate,1,22.9,90,0.0,13.1,153,1010.4,26,12.6,16.4,191.0,9.9,75.0,3.9
2026-03-19 21:00:00,2026,3,19,21,Thanh Hóa,Xã Tượng Lĩnh,19.5671309,105.7072205,71,Moderate,1,22.7,91,0.0,12.4,161,1010.9,11,13.5,17.3,204.0,10.3,71.0,4.1
2026-03-19 22:00:00,2026,3,19,22,Thanh Hóa,Xã Tượng Lĩnh,19.5671309,105.7072205,71,Moderate,1,22.5,92,0.0,9.0,167,1011.3,7,13.8,17.6,213.0,10.7,66.0,4.2
2026-03-19 23:00:00,2026,3,19,23,Thanh Hóa,Xã Tượng Lĩnh,19.5671309,105.7072205,71,Moderate,1,22.4,92,0.0,9.3,164,1011.4,4,13.8,17.6,213.0,10.9,63.0,4.2
2026-03-20 00:00:00,2026,3,20,0,Thanh Hóa,Xã Tượng Lĩnh,19.5671309,105.7072205,70,Moderate,1,22.2,93,0.0,9.6,168,1011.2,5,13.6,17.3,208.0,10.9,60.0,4.1
2026-03-20 01:00:00,2026,3,20,1,Thanh Hóa,Xã Tượng Lĩnh,19.5671309,105.7072205,70,Moderate,1,22.1,95,0.0,9.9,165,1010.4,1,14.0,17.9,204.0,11.1,57.0,4.0
2026-03-20 02:00:00,2026,3,20,2,Thanh Hóa,Xã Tượng Lĩnh,19.5671309,105.7072205,69,Moderate,1,22.1,95,0.0,11.0,162,1009.9,2,15.5,19.7,198.0,11.5,53.0,3.7
2026-03-20 03:00:00,2026,3,20,3,Thanh Hóa,Xã Tượng Lĩnh,19.5671309,105.7072205,68,Moderate,1,22.0,96,0.0,10.8,159,1009.4,1,17.5,22.0,193.0,12.1,48.0,3.4
2026-03-20 04:00:00,2026,3,20,4,Thanh Hóa,Xã Tượng Lĩnh,19.5671309,105.7072205,67,Moderate,1,21.9,96,0.0,10.1,163,1009.7,5,20.2,24.4,203.0,12.2,46.0,3.2
2026-03-20 05:00:00,2026,3,20,5,Thanh Hóa,Xã Tượng Lĩnh,19.5671309,105.7072205,65,Moderate,1,21.8,96,0.0,8.7,159,1010.0,13,25.2,27.9,246.0,11.7,49.0,3.5
2026-03-20 06:00:00,2026,3,20,6,Thanh Hóa,Xã Tượng Lĩnh,19.5671309,105.7072205,63,Moderate,1,21.7,97,0.0,9.7,164,1010.7,13,27.5,30.2,305.0,10.7,54.0,4.0
2026-03-20 07:00:00,2026,3,20,7,Thanh Hóa,Xã Tượng Lĩnh,19.5671309,105.7072205,62,Moderate,1,22.4,96,0.0,12.2,156,1011.5,38,36.8,41.6,333.0,12.2,54.0,4.1
2026-03-20 08:00:00,2026,3,20,8,Thanh Hóa,Xã Tượng Lĩnh,19.5671309,105.7072205,60,Moderate,1,24.2,86,0.0,16.4,157,1012.3,95,27.6,32.4,303.0,10.7,61.0,3.7
2026-03-20 09:00:00,2026,3,20,9,Thanh Hóa,Xã Tượng Lĩnh,19.5671309,105.7072205,60,Moderate,1,25.4,82,0.1,14.2,148,1013.3,95,21.6,26.1,242.0,8.7,70.0,3.2
2026-03-20 10:00:00,2026,3,20,10,Thanh Hóa,Xã Tượng Lĩnh,19.5671309,105.7072205,61,Moderate,1,25.6,83,0.0,15.2,129,1013.4,100,21.8,26.2,197.0,6.9,79.0,2.8
2026-03-20 11:00:00,2026,3,20,11,Thanh Hóa,Xã Tượng Lĩnh,19.5671309,105.7072205,61,Moderate,1,25.7,84,0.1,17.7,123,1013.1,98,23.2,28.0,186.0,5.6,88.0,2.5
2026-03-20 12:00:00,2026,3,20,12,Thanh Hóa,Xã Tượng Lĩnh,19.5671309,105.7072205,62,Moderate,1,26.0,82,0.1,17.4,130,1012.4,95,22.7,27.5,190.0,4.5,97.0,2.3
2026-03-20 13:00:00,2026,3,20,13,Thanh Hóa,Xã Tượng Lĩnh,19.5671309,105.7072205,62,Moderate,1,25.1,85,0.0,18.4,125,1011.8,97,20.7,25.0,192.0,3.8,103.0,2.1
2026-03-20 14:00:00,2026,3,20,14,Thanh Hóa,Xã Tượng Lĩnh,19.5671309,105.7072205,63,Moderate,1,25.3,84,0.0,18.9,126,1010.6,73,19.8,24.2,183.0,3.4,107.0,2.0
2026-03-20 15:00:00,2026,3,20,15,Thanh Hóa,Xã Tượng Lĩnh,19.5671309,105.7072205,63,Moderate,1,25.5,82,0.1,15.8,132,1010.4,94,18.5,22.8,171.0,3.3,108.0,1.9
2026-03-20 16:00:00,2026,3,20,16,Thanh Hóa,Xã Tượng Lĩnh,19.5671309,105.7072205,64,Moderate,1,24.9,86,0.0,18.1,122,1009.9,53,17.1,21.4,165.0,3.9,106.0,2.0
2026-03-20 17:00:00,2026,3,20,17,Thanh Hóa,Xã Tượng Lĩnh,19.5671309,105.7072205,64,Moderate,1,24.2,88,0.0,14.5,115,1009.8,27,16.6,21.9,169.0,5.7,98.0,2.5
2026-03-20 18:00:00,2026,3,20,18,Thanh Hóa,Xã Tượng Lĩnh,19.5671309,105.7072205,65,Moderate,1,23.5,92,0.0,12.4,121,1010.3,29,14.8,19.7,180.0,8.3,87.0,3.2
2026-03-20 19:00:00,2026,3,20,19,Thanh Hóa,Xã Tượng Lĩnh,19.5671309,105.7072205,65,Moderate,1,23.4,95,0.0,11.8,116,1010.8,55,19.2,25.2,192.0,9.6,82.0,3.7
2026-03-20 20:00:00,2026,3,20,20,Thanh Hóa,Xã Tượng Lĩnh,19.5671309,105.7072205,66,Moderate,1,23.4,94,0.0,10.6,124,1012.1,39,19.6,25.5,209.0,10.3,77.0,3.9
2026-03-20 21:00:00,2026,3,20,21,Thanh Hóa,Xã Tượng Lĩnh,19.5671309,105.7072205,67,Moderate,1,23.2,95,0.0,9.3,130,1013.3,38,20.8,26.8,227.0,11.2,69.0,4.3
2026-03-20 22:00:00,2026,3,20,22,Thanh Hóa,Xã Tượng Lĩnh,19.5671309,105.7072205,67,Moderate,1,22.9,96,0.0,6.8,125,1013.7,39,21.9,28.1,238.0,12.0,63.0,4.5
2026-03-20 23:00:00,2026,3,20,23,Thanh Hóa,Xã Tượng Lĩnh,19.5671309,105.7072205,68,Moderate,1,22.5,97,0.0,4.5,113,1014.0,42,21.8,27.9,235.0,12.5,59.0,4.4
2026-03-21 00:00:00,2026,3,21,0,Thanh Hóa,Xã Tượng Lĩnh,19.5671309,105.7072205,69,Moderate,1,22.6,97,0.0,5.1,98,1013.6,38,21.2,27.5,223.0,12.8,56.0,4.2
2026-03-21 01:00:00,2026,3,21,1,Thanh Hóa,Xã Tượng Lĩnh,19.5671309,105.7072205,69,Moderate,1,22.8,97,0.0,6.9,104,1012.8,44,22.2,28.8,211.0,13.0,54.0,4.2
2026-03-21 02:00:00,2026,3,21,2,Thanh Hóa,Xã Tượng Lĩnh,19.5671309,105.7072205,70,Moderate,1,22.7,97,0.0,7.8,105,1012.2,15,23.3,30.3,197.0,13.2,53.0,4.6
2026-03-21 03:00:00,2026,3,21,3,Thanh Hóa,Xã Tượng Lĩnh,19.5671309,105.7072205,71,Moderate,1,22.7,97,0.0,8.4,110,1011.9,88,23.8,30.6,183.0,13.2,53.0,5.1
2026-03-21 04:00:00,2026,3,21,4,Thanh Hóa,Xã Tượng Lĩnh,19.5671309,105.7072205,71,Moderate,1,22.8,96,0.0,9.9,112,1012.0,87,21.8,28.7,177.0,13.2,54.0,5.4
2026-03-21 05:00:00,2026,3,21,5,Thanh Hóa,Xã Tượng Lĩnh,19.5671309,105.7072205,71,Moderate,1,22.9,95,0.0,10.2,116,1012.4,96,19.6,26.1,190.0,13.2,55.0,5.3
2026-03-21 06:00:00,2026,3,21,6,Thanh Hóa,Xã Tượng Lĩnh,19.5671309,105.7072205,71,Moderate,1,23.0,94,0.0,11.5,113,1013.1,98,18.0,23.6,211.0,13.0,57.0,4.9
2026-03-21 07:00:00,2026,3,21,7,Thanh Hóa,Xã Tượng Lĩnh,19.5671309,105.7072205,70,Moderate,1,23.2,94,0.0,12.8,116,1014.3,97,18.1,24.6,222.0,11.8,60.0,4.4
2026-03-21 08:00:00,2026,3,21,8,Thanh Hóa,Xã Tượng Lĩnh,19.5671309,105.7072205,68,Moderate,1,23.9,90,0.1,17.7,121,1014.8,98,15.2,21.2,211.0,10.1,66.0,4.1
2026-03-21 09:00:00,2026,3,21,9,Thanh Hóa,Xã Tượng Lĩnh,19.5671309,105.7072205,67,Moderate,1,24.5,85,0.2,19.9,125,1015.4,100,14.4,19.4,189.0,7.8,74.0,3.7
2026-03-21 10:00:00,2026,3,21,10,Thanh Hóa,Xã Tượng Lĩnh,19.5671309,105.7072205,67,Moderate,1,24.5,88,0.8,21.6,129,1015.8,100,16.6,21.8,172.0,5.8,83.0,3.4
2026-03-21 11:00:00,2026,3,21,11,Thanh Hóa,Xã Tượng Lĩnh,19.5671309,105.7072205,66,Moderate,1,24.6,89,0.4,21.7,126,1015.8,100,17.1,22.7,166.0,4.4,92.0,3.2
2026-03-21 12:00:00,2026,3,21,12,Thanh Hóa,Xã Tượng Lĩnh,19.5671309,105.7072205,66,Moderate,1,25.1,85,0.3,23.5,120,1014.8,100,18.3,24.3,165.0,3.4,100.0,2.9
2026-03-21 13:00:00,2026,3,21,13,Thanh Hóa,Xã Tượng Lĩnh,19.5671309,105.7072205,65,Moderate,1,25.1,82,0.1,21.1,115,1014.2,100,20.5,27.2,164.0,2.8,106.0,2.8
2026-03-21 14:00:00,2026,3,21,14,Thanh Hóa,Xã Tượng Lĩnh,19.5671309,105.7072205,65,Moderate,1,25.0,82,0.1,21.7,116,1013.1,97,16.8,22.7,161.0,2.6,107.0,2.7
2026-03-21 15:00:00,2026,3,21,15,Thanh Hóa,Xã Tượng Lĩnh,19.5671309,105.7072205,65,Moderate,1,24.8,82,0.0,20.3,123,1012.3,91,15.7,21.2,159.0,2.9,105.0,2.6
2026-03-21 16:00:00,2026,3,21,16,Thanh Hóa,Xã Tượng Lĩnh,19.5671309,105.7072205,65,Moderate,1,24.6,82,0.0,18.2,123,1011.8,70,15.4,20.7,160.0,3.7,101.0,2.7
2026-03-21 17:00:00,2026,3,21,17,Thanh Hóa,Xã Tượng Lĩnh,19.5671309,105.7072205,65,Moderate,1,24.3,83,0.0,15.7,127,1011.5,55,15.7,20.7,165.0,5.3,96.0,3.0
2026-03-21 18:00:00,2026,3,21,18,Thanh Hóa,Xã Tượng Lĩnh,19.5671309,105.7072205,65,Moderate,1,23.6,88,0.0,11.8,130,1011.5,31,15.7,20.3,173.0,7.4,89.0,3.3
2026-03-21 19:00:00,2026,3,21,19,Thanh Hóa,Xã Tượng Lĩnh,19.5671309,105.7072205,65,Moderate,1,23.6,89,0.0,13.2,128,1011.5,56,14.9,19.0,180.0,8.9,78.0,3.4
2026-03-21 20:00:00,2026,3,21,20,Thanh Hóa,Xã Tượng Lĩnh,19.5671309,105.7072205,64,Moderate,1,23.2,92,0.0,9.4,132,1012.7,53,14.3,18.3,187.0,9.4,72.0,3.8
2026-03-21 21:00:00,2026,3,21,21,Thanh Hóa,Xã Tượng Lĩnh,19.5671309,105.7072205,64,Moderate,1,23.0,94,0.0,8.8,147,1013.3,23,14.1,18.0,193.0,10.1,63.0,4.2
2026-03-21 22:00:00,2026,3,21,22,Thanh Hóa,Xã Tượng Lĩnh,19.5671309,105.7072205,63,Moderate,1,22.9,95,0.0,7.3,147,1013.3,20,14.7,18.6,195.0,11.2,55.0,4.6
2026-03-21 23:00:00,2026,3,21,23,Thanh Hóa,Xã Tượng Lĩnh,19.5671309,105.7072205,63,Moderate,1,22.7,96,0.0,6.2,159,1013.2,96,16.2,20.3,190.0,13.0,48.0,4.8
2026-03-22 00:00:00,2026,3,22,0,Thanh Hóa,Xã Tượng Lĩnh,19.5671309,105.7072205,62,Moderate,1,22.2,97,0.0,4.6,162,1012.9,58,18.0,22.5,181.0,15.1,42.0,4.8
2026-03-22 01:00:00,2026,3,22,1,Thanh Hóa,Xã Tượng Lĩnh,19.5671309,105.7072205,62,Moderate,1,22.2,97,0.0,5.1,144,1011.9,18,21.4,26.2,175.0,16.4,38.0,4.6
2026-03-22 02:00:00,2026,3,22,2,Thanh Hóa,Xã Tượng Lĩnh,19.5671309,105.7072205,62,Moderate,1,22.5,97,0.0,4.5,137,1011.2,24,29.7,33.5,172.0,16.4,36.0,4.1
2026-03-22 03:00:00,2026,3,22,3,Thanh Hóa,Xã Tượng Lĩnh,19.5671309,105.7072205,62,Moderate,1,22.1,98,0.0,4.1,142,1011.0,83,31.3,35.0,172.0,15.5,35.0,3.4
2026-03-22 04:00:00,2026,3,22,4,Thanh Hóa,Xã Tượng Lĩnh,19.5671309,105.7072205,63,Moderate,1,22.5,97,0.0,7.0,138,1010.8,91,31.0,34.6,176.0,14.4,36.0,2.9
2026-03-22 05:00:00,2026,3,22,5,Thanh Hóa,Xã Tượng Lĩnh,19.5671309,105.7072205,64,Moderate,1,22.6,97,0.0,7.2,143,1011.2,100,28.8,32.1,191.0,13.1,40.0,2.9
2026-03-22 06:00:00,2026,3,22,6,Thanh Hóa,Xã Tượng Lĩnh,19.5671309,105.7072205,65,Moderate,1,22.5,97,0.1,7.7,147,1012.0,100,26.2,29.3,212.0,11.6,46.0,3.2
2026-03-22 07:00:00,2026,3,22,7,Thanh Hóa,Xã Tượng Lĩnh,19.5671309,105.7072205,65,Moderate,1,23.4,95,0.1,12.6,147,1012.9,100,15.7,20.3,221.0,10.1,50.0,3.4
2026-03-22 08:00:00,2026,3,22,8,Thanh Hóa,Xã Tượng Lĩnh,19.5671309,105.7072205,65,Moderate,1,24.1,90,0.1,15.0,150,1013.6,56,14.5,18.9,209.0,8.4,58.0,3.3
2026-03-22 09:00:00,2026,3,22,9,Thanh Hóa,Xã Tượng Lĩnh,19.5671309,105.7072205,65,Moderate,1,24.9,85,0.1,16.8,147,1014.4,57,13.4,17.6,186.0,6.1,69.0,3.2
2026-03-22 10:00:00,2026,3,22,10,Thanh Hóa,Xã Tượng Lĩnh,19.5671309,105.7072205,65,Moderate,1,25.9,79,0.2,18.0,146,1014.2,50,18.3,23.9,168.0,4.2,79.0,3.1
2026-03-22 11:00:00,2026,3,22,11,Thanh Hóa,Xã Tượng Lĩnh,19.5671309,105.7072205,65,Moderate,1,26.2,77,0.0,17.7,141,1013.8,51,13.1,17.5,162.0,3.3,86.0,2.9
2026-03-22 12:00:00,2026,3,22,12,Thanh Hóa,Xã Tượng Lĩnh,19.5671309,105.7072205,65,Moderate,1,26.4,77,0.0,19.3,134,1013.2,71,16.0,20.6,161.0,2.8,91.0,2.7
2026-03-22 13:00:00,2026,3,22,13,Thanh Hóa,Xã Tượng Lĩnh,19.5671309,105.7072205,64,Moderate,1,25.9,78,0.1,20.2,136,1012.4,67,12.1,16.0,161.0,2.6,94.0,2.5
2026-03-22 14:00:00,2026,3,22,14,Thanh Hóa,Xã Tượng Lĩnh,19.5671309,105.7072205,64,Moderate,1,25.6,80,0.1,19.6,131,1011.6,52,12.2,16.2,160.0,2.3,96.0,2.1
2026-03-22 15:00:00,2026,3,22,15,Thanh Hóa,Xã Tượng Lĩnh,19.5671309,105.7072205,63,Moderate,1,25.2,80,0.0,17.3,125,1011.2,73,10.6,14.3,159.0,2.2,96.0,1.7
2026-03-22 16:00:00,2026,3,22,16,Thanh Hóa,Xã Tượng Lĩnh,19.5671309,105.7072205,63,Moderate,1,24.9,82,0.0,18.2,120,1010.8,73,10.4,14.1,161.0,2.7,93.0,1.6
2026-03-22 17:00:00,2026,3,22,17,Thanh Hóa,Xã Tượng Lĩnh,19.5671309,105.7072205,62,Moderate,1,24.4,83,0.0,18.3,130,1010.6,48,9.9,13.4,167.0,4.5,86.0,1.9
2026-03-22 18:00:00,2026,3,22,18,Thanh Hóa,Xã Tượng Lĩnh,19.5671309,105.7072205,62,Moderate,1,23.7,87,0.0,14.6,141,1010.8,20,10.6,14.1,177.0,6.9,77.0,2.6
2026-03-22 19:00:00,2026,3,22,19,Thanh Hóa,Xã Tượng Lĩnh,19.5671309,105.7072205,61,Moderate,1,23.9,89,0.0,14.3,137,1011.1,63,10.5,14.0,185.0,9.5,68.0,3.2
2026-03-22 20:00:00,2026,3,22,20,Thanh Hóa,Xã Tượng Lĩnh,19.5671309,105.7072205,61,Moderate,1,23.8,90,0.0,9.8,139,1012.0,98,10.4,13.8,193.0,9.4,66.0,3.3
2026-03-22 21:00:00,2026,3,22,21,Thanh Hóa,Xã Tượng Lĩnh,19.5671309,105.7072205,61,Moderate,1,23.6,90,0.0,11.7,143,1012.8,6,10.6,14.0,200.0,9.2,64.0,3.4
2026-03-22 22:00:00,2026,3,22,22,Thanh Hóa,Xã Tượng Lĩnh,19.5671309,105.7072205,60,Moderate,1,23.4,92,0.0,10.3,136,1013.1,27,11.2,14.7,203.0,9.3,61.0,3.5
2026-03-22 23:00:00,2026,3,22,23,Thanh Hóa,Xã Tượng Lĩnh,19.5671309,105.7072205,60,Moderate,1,23.2,93,0.0,7.8,143,1013.1,81,12.1,15.7,196.0,9.7,58.0,3.6
2026-03-23 00:00:00,2026,3,23,0,Thanh Hóa,Xã Tượng Lĩnh,19.5671309,105.7072205,60,Moderate,1,23.1,93,0.0,6.2,154,1012.7,100,12.5,16.2,185.0,10.4,54.0,3.8
2026-03-23 01:00:00,2026,3,23,1,Thanh Hóa,Xã Tượng Lĩnh,19.5671309,105.7072205,59,Moderate,1,23.1,95,0.0,10.1,178,1012.2,93,13.0,16.6,177.0,11.1,50.0,3.9
2026-03-23 02:00:00,2026,3,23,2,Thanh Hóa,Xã Tượng Lĩnh,19.5671309,105.7072205,59,Moderate,1,23.2,94,0.0,10.6,161,1011.2,50,13.6,17.2,175.0,11.9,45.0,3.9
2026-03-23 03:00:00,2026,3,23,3,Thanh Hóa,Xã Tượng Lĩnh,19.5671309,105.7072205,57,Moderate,1,23.2,93,0.0,10.5,151,1010.8,83,14.5,18.2,176.0,12.7,40.0,3.8
2026-03-23 04:00:00,2026,3,23,4,Thanh Hóa,Xã Tượng Lĩnh,19.5671309,105.7072205,56,Moderate,1,23.1,93,0.0,11.9,151,1010.6,41,15.4,19.2,181.0,13.0,38.0,3.8
2026-03-23 05:00:00,2026,3,23,5,Thanh Hóa,Xã Tượng Lĩnh,19.5671309,105.7072205,54,Moderate,1,23.1,93,0.0,12.4,154,1010.8,27,15.9,19.7,196.0,12.4,42.0,4.1
2026-03-23 06:00:00,2026,3,23,6,Thanh Hóa,Xã Tượng Lĩnh,19.5671309,105.7072205,53,Moderate,1,23.0,93,0.0,12.2,156,1011.5,45,16.2,20.0,216.0,11.3,49.0,4.4
2026-03-23 07:00:00,2026,3,23,7,Thanh Hóa,Xã Tượng Lĩnh,19.5671309,105.7072205,52,Moderate,1,23.5,93,0.0,13.7,158,1012.6,30,12.0,15.7,226.0,9.1,58.0,3.4
2026-03-23 08:00:00,2026,3,23,8,Thanh Hóa,Xã Tượng Lĩnh,19.5671309,105.7072205,52,Moderate,1,24.6,86,0.0,17.2,155,1013.0,63,10.1,13.5,215.0,8.0,63.0,3.2
2026-03-23 09:00:00,2026,3,23,9,Thanh Hóa,Xã Tượng Lĩnh,19.5671309,105.7072205,51,Moderate,1,25.6,80,0.0,20.0,154,1013.1,66,10.4,13.9,193.0,6.4,70.0,3.0
2026-03-23 10:00:00,2026,3,23,10,Thanh Hóa,Xã Tượng Lĩnh,19.5671309,105.7072205,51,Moderate,1,26.0,79,0.0,20.4,154,1013.0,79,11.4,15.1,178.0,5.0,77.0,2.8
2026-03-23 11:00:00,2026,3,23,11,Thanh Hóa,Xã Tượng Lĩnh,19.5671309,105.7072205,51,Moderate,1,26.5,75,0.1,18.9,153,1012.4,100,12.0,15.9,179.0,4.1,84.0,2.8
2026-03-23 12:00:00,2026,3,23,12,Thanh Hóa,Xã Tượng Lĩnh,19.5671309,105.7072205,50,Good,0,26.8,75,0.1,18.8,150,1011.3,100,12.3,16.2,186.0,3.4,91.0,2.8
2026-03-23 13:00:00,2026,3,23,13,Thanh Hóa,Xã Tượng Lĩnh,19.5671309,105.7072205,50,Good,0,26.2,79,0.1,18.0,132,1010.7,100,13.8,17.9,190.0,3.0,96.0,2.8
2026-03-23 14:00:00,2026,3,23,14,Thanh Hóa,Xã Tượng Lĩnh,19.5671309,105.7072205,50,Good,0,26.2,78,0.0,18.0,131,1010.0,100,13.4,17.5,185.0,2.9,97.0,2.7
2026-03-23 15:00:00,2026,3,23,15,Thanh Hóa,Xã Tượng Lĩnh,19.5671309,105.7072205,50,Good,0,25.7,81,0.0,19.8,122,1009.0,100,13.2,17.2,176.0,3.2,96.0,2.6
2026-03-23 16:00:00,2026,3,23,16,Thanh Hóa,Xã Tượng Lĩnh,19.5671309,105.7072205,51,Moderate,1,25.3,82,0.0,17.8,126,1009.0,73,15.1,20.4,170.0,3.9,93.0,2.6
2026-03-23 17:00:00,2026,3,23,17,Thanh Hóa,Xã Tượng Lĩnh,19.5671309,105.7072205,51,Moderate,1,24.8,84,0.0,16.7,128,1008.5,17,14.4,18.9,171.0,5.5,86.0,2.9
2026-03-23 18:00:00,2026,3,23,18,Thanh Hóa,Xã Tượng Lĩnh,19.5671309,105.7072205,51,Moderate,1,24.0,88,0.0,14.7,130,1008.6,9,12.7,16.8,175.0,7.5,76.0,3.2
2026-03-23 19:00:00,2026,3,23,19,Thanh Hóa,Xã Tượng Lĩnh,19.5671309,105.7072205,52,Moderate,1,23.7,91,0.0,15.5,144,1009.3,7,15.2,19.7,181.0,9.6,69.0,3.6
2026-03-23 20:00:00,2026,3,23,20,Thanh Hóa,Xã Tượng Lĩnh,19.5671309,105.7072205,52,Moderate,1,23.6,92,0.0,13.5,155,1010.3,15,15.0,19.6,189.0,10.4,64.0,3.9
2026-03-23 21:00:00,2026,3,23,21,Thanh Hóa,Xã Tượng Lĩnh,19.5671309,105.7072205,52,Moderate,1,23.5,92,0.0,11.9,160,1010.6,37,15.8,20.4,198.0,11.6,58.0,4.3
2026-03-23 22:00:00,2026,3,23,22,Thanh Hóa,Xã Tượng Lĩnh,19.5671309,105.7072205,53,Moderate,1,23.2,93,0.0,9.3,153,1010.7,13,16.4,20.9,204.0,12.5,53.0,4.6
2026-03-23 23:00:00,2026,3,23,23,Thanh Hóa,Xã Tượng Lĩnh,19.5671309,105.7072205,53,Moderate,1,23.1,93,0.0,8.1,155,1010.7,19,15.9,20.4,202.0,12.9,50.0,4.7
2026-03-24 00:00:00,2026,3,24,0,Thanh Hóa,Xã Tượng Lĩnh,19.5671309,105.7072205,54,Moderate,1,23.0,94,0.0,8.0,166,1010.5,14,15.1,19.4,197.0,13.1,49.0,4.6
2026-03-24 01:00:00,2026,3,24,1,Thanh Hóa,Xã Tượng Lĩnh,19.5671309,105.7072205,54,Moderate,1,23.1,96,0.0,5.2,139,1009.8,23,15.3,19.5,193.0,13.4,47.0,4.6
2026-03-24 02:00:00,2026,3,24,2,Thanh Hóa,Xã Tượng Lĩnh,19.5671309,105.7072205,54,Moderate,1,23.2,95,0.0,5.7,162,1009.3,100,15.8,20.0,189.0,14.0,43.0,4.6
2026-03-24 03:00:00,2026,3,24,3,Thanh Hóa,Xã Tượng Lĩnh,19.5671309,105.7072205,54,Moderate,1,23.4,94,0.0,7.6,158,1009.2,99,16.1,20.4,188.0,14.7,39.0,4.6
2026-03-24 04:00:00,2026,3,24,4,Thanh Hóa,Xã Tượng Lĩnh,19.5671309,105.7072205,55,Moderate,1,23.5,93,0.0,9.8,150,1009.1,91,17.0,21.4,200.0,15.0,38.0,4.8
2026-03-24 05:00:00,2026,3,24,5,Thanh Hóa,Xã Tượng Lĩnh,19.5671309,105.7072205,55,Moderate,1,23.4,93,0.0,10.4,150,1009.3,86,17.9,22.4,246.0,14.9,40.0,5.7
2026-03-24 06:00:00,2026,3,24,6,Thanh Hóa,Xã Tượng Lĩnh,19.5671309,105.7072205,55,Moderate,1,23.2,94,0.0,9.8,142,1010.0,38,19.2,23.9,306.0,14.4,46.0,6.8
2026-03-24 07:00:00,2026,3,24,7,Thanh Hóa,Xã Tượng Lĩnh,19.5671309,105.7072205,55,Moderate,1,23.9,93,0.0,13.0,136,1010.4,34,28.2,33.8,334.0,13.5,58.0,5.7
2026-03-24 08:00:00,2026,3,24,8,Thanh Hóa,Xã Tượng Lĩnh,19.5671309,105.7072205,57,Moderate,1,25.0,85,0.0,16.2,144,1011.0,69,22.1,26.8,298.0,11.9,64.0,4.9
2026-03-24 09:00:00,2026,3,24,9,Thanh Hóa,Xã Tượng Lĩnh,19.5671309,105.7072205,58,Moderate,1,26.1,79,0.0,17.4,148,1011.9,56,16.1,20.5,229.0,9.8,72.0,3.8
2026-03-24 10:00:00,2026,3,24,10,Thanh Hóa,Xã Tượng Lĩnh,19.5671309,105.7072205,58,Moderate,1,26.7,77,0.1,16.6,139,1012.0,63,14.8,19.7,178.0,7.8,79.0,2.9
2026-03-24 11:00:00,2026,3,24,11,Thanh Hóa,Xã Tượng Lĩnh,19.5671309,105.7072205,58,Moderate,1,26.8,78,0.0,17.2,131,1011.3,52,14.5,20.0,166.0,6.3,85.0,2.6
2026-03-24 12:00:00,2026,3,24,12,Thanh Hóa,Xã Tượng Lĩnh,19.5671309,105.7072205,59,Moderate,1,26.9,78,0.0,18.7,131,1010.3,52,15.0,20.5,171.0,5.0,92.0,2.5
2026-03-24 13:00:00,2026,3,24,13,Thanh Hóa,Xã Tượng Lĩnh,19.5671309,105.7072205,59,Moderate,1,26.5,79,0.0,16.8,125,1009.8,64,14.3,19.4,177.0,4.1,96.0,2.5
2026-03-24 14:00:00,2026,3,24,14,Thanh Hóa,Xã Tượng Lĩnh,19.5671309,105.7072205,59,Moderate,1,26.4,80,0.0,16.6,124,1008.9,18,16.1,21.4,177.0,3.7,99.0,2.6
2026-03-24 15:00:00,2026,3,24,15,Thanh Hóa,Xã Tượng Lĩnh,19.5671309,105.7072205,59,Moderate,1,26.2,80,0.0,16.0,128,1008.3,37,15.9,21.5,178.0,3.8,101.0,2.8
2026-03-24 16:00:00,2026,3,24,16,Thanh Hóa,Xã Tượng Lĩnh,19.5671309,105.7072205,59,Moderate,1,25.8,81,0.0,16.0,135,1008.0,38,14.7,19.9,180.0,4.5,99.0,3.1
2026-03-24 17:00:00,2026,3,24,17,Thanh Hóa,Xã Tượng Lĩnh,19.5671309,105.7072205,59,Moderate,1,25.1,84,0.0,14.8,131,1007.7,20,13.4,17.9,182.0,6.2,92.0,3.3
2026-03-24 18:00:00,2026,3,24,18,Thanh Hóa,Xã Tượng Lĩnh,19.5671309,105.7072205,59,Moderate,1,24.2,89,0.0,11.8,137,1007.9,5,12.7,17.0,185.0,8.6,82.0,3.6
2026-03-24 19:00:00,2026,3,24,19,Thanh Hóa,Xã Tượng Lĩnh,19.5671309,105.7072205,59,Moderate,1,23.9,93,0.0,12.7,133,1008.4,25,15.3,19.4,190.0,10.2,76.0,3.8
2026-03-24 20:00:00,2026,3,24,20,Thanh Hóa,Xã Tượng Lĩnh,19.5671309,105.7072205,59,Moderate,1,24.0,92,0.0,13.3,145,1009.6,17,14.8,19.3,198.0,10.2,74.0,4.0
2026-03-24 21:00:00,2026,3,24,21,Thanh Hóa,Xã Tượng Lĩnh,19.5671309,105.7072205,59,Moderate,1,23.8,93,0.0,12.0,148,1010.1,99,14.5,18.9,208.0,10.2,71.0,4.4
2026-03-24 22:00:00,2026,3,24,22,Thanh Hóa,Xã Tượng Lĩnh,19.5671309,105.7072205,59,Moderate,1,23.6,94,0.0,7.8,143,1010.3,29,13.9,18.3,215.0,10.2,69.0,4.6
2026-03-24 23:00:00,2026,3,24,23,Thanh Hóa,Xã Tượng Lĩnh,19.5671309,105.7072205,59,Moderate,1,23.3,96,0.0,6.1,148,1010.4,30,12.7,16.9,218.0,10.0,68.0,4.5
2026-03-25 00:00:00,2026,3,25,0,Thanh Hóa,Xã Tượng Lĩnh,19.5671309,105.7072205,59,Moderate,1,23.1,96,0.0,5.1,157,1010.4,27,11.8,15.7,219.0,9.8,67.0,4.4
2026-03-25 01:00:00,2026,3,25,1,Thanh Hóa,Xã Tượng Lĩnh,19.5671309,105.7072205,58,Moderate,1,23.7,96,0.0,6.8,127,1010.0,76,11.1,14.6,216.0,10.0,65.0,4.3
2026-03-25 02:00:00,2026,3,25,2,Thanh Hóa,Xã Tượng Lĩnh,19.5671309,105.7072205,58,Moderate,1,23.6,97,0.0,8.9,133,1009.7,25,11.1,14.4,205.0,10.8,60.0,4.4
2026-03-25 03:00:00,2026,3,25,3,Thanh Hóa,Xã Tượng Lĩnh,19.5671309,105.7072205,58,Moderate,1,23.4,96,0.0,7.5,136,1009.4,81,11.8,15.1,190.0,12.0,54.0,4.7
2026-03-25 04:00:00,2026,3,25,4,Thanh Hóa,Xã Tượng Lĩnh,19.5671309,105.7072205,57,Moderate,1,23.4,96,0.0,8.4,137,1009.2,80,13.4,16.8,188.0,12.9,51.0,5.1
2026-03-25 05:00:00,2026,3,25,5,Thanh Hóa,Xã Tượng Lĩnh,19.5671309,105.7072205,57,Moderate,1,23.2,96,0.0,8.3,141,1009.6,68,14.1,17.6,215.0,13.5,52.0,5.9
2026-03-25 06:00:00,2026,3,25,6,Thanh Hóa,Xã Tượng Lĩnh,19.5671309,105.7072205,57,Moderate,1,23.1,96,0.0,7.1,142,1010.2,95,14.6,18.2,254.0,13.9,57.0,6.8
2026-03-25 07:00:00,2026,3,25,7,Thanh Hóa,Xã Tượng Lĩnh,19.5671309,105.7072205,56,Moderate,1,24.1,93,0.0,13.8,132,1011.5,88,12.8,17.6,273.0,13.1,59.0,6.2
2026-03-25 08:00:00,2026,3,25,8,Thanh Hóa,Xã Tượng Lĩnh,19.5671309,105.7072205,55,Moderate,1,24.8,88,0.0,16.0,133,1012.2,66,11.7,16.4,249.0,10.4,68.0,5.3
2026-03-25 09:00:00,2026,3,25,9,Thanh Hóa,Xã Tượng Lĩnh,19.5671309,105.7072205,54,Moderate,1,25.5,84,0.0,16.7,136,1012.7,60,11.1,15.8,203.0,6.7,79.0,4.1
2026-03-25 10:00:00,2026,3,25,10,Thanh Hóa,Xã Tượng Lĩnh,19.5671309,105.7072205,53,Moderate,1,26.4,78,0.0,17.7,138,1012.7,82,11.9,16.9,171.0,3.8,89.0,3.2
2026-03-25 11:00:00,2026,3,25,11,Thanh Hóa,Xã Tượng Lĩnh,19.5671309,105.7072205,53,Moderate,1,27.0,75,0.0,18.6,138,1012.1,79,12.4,17.6,167.0,2.7,94.0,2.8
2026-03-25 12:00:00,2026,3,25,12,Thanh Hóa,Xã Tượng Lĩnh,19.5671309,105.7072205,53,Moderate,1,27.3,73,0.1,17.3,138,1011.3,100,12.6,17.9,176.0,2.5,97.0,2.7
2026-03-25 13:00:00,2026,3,25,13,Thanh Hóa,Xã Tượng Lĩnh,19.5671309,105.7072205,53,Moderate,1,26.5,75,0.1,18.0,137,1011.1,70,12.7,18.2,183.0,2.5,99.0,2.6
2026-03-25 14:00:00,2026,3,25,14,Thanh Hóa,Xã Tượng Lĩnh,19.5671309,105.7072205,53,Moderate,1,26.5,76,0.0,19.5,127,1010.2,96,13.0,18.5,180.0,2.4,100.0,2.4
2026-03-25 15:00:00,2026,3,25,15,Thanh Hóa,Xã Tượng Lĩnh,19.5671309,105.7072205,52,Moderate,1,26.0,80,0.1,20.7,130,1009.7,41,12.4,17.8,174.0,2.5,99.0,2.3
2026-03-25 16:00:00,2026,3,25,16,Thanh Hóa,Xã Tượng Lĩnh,19.5671309,105.7072205,52,Moderate,1,25.4,82,0.0,17.2,122,1009.6,72,12.0,17.5,172.0,3.3,96.0,2.3
2026-03-25 17:00:00,2026,3,25,17,Thanh Hóa,Xã Tượng Lĩnh,19.5671309,105.7072205,52,Moderate,1,24.8,83,0.0,17.4,128,1009.3,40,12.2,17.8,175.0,5.2,88.0,2.6
2026-03-25 18:00:00,2026,3,25,18,Thanh Hóa,Xã Tượng Lĩnh,19.5671309,105.7072205,52,Moderate,1,24.2,86,0.0,13.0,134,1009.4,16,11.8,17.2,181.0,7.8,78.0,3.1
2026-03-25 19:00:00,2026,3,25,19,Thanh Hóa,Xã Tượng Lĩnh,19.5671309,105.7072205,52,Moderate,1,24.5,91,0.0,14.8,143,1009.3,56,18.3,24.5,189.0,11.1,66.0,4.0
2026-03-25 20:00:00,2026,3,25,20,Thanh Hóa,Xã Tượng Lĩnh,19.5671309,105.7072205,52,Moderate,1,24.4,92,0.0,13.0,158,1009.9,49,18.5,25.2,202.0,12.1,61.0,4.4
2026-03-25 21:00:00,2026,3,25,21,Thanh Hóa,Xã Tượng Lĩnh,19.5671309,105.7072205,52,Moderate,1,24.1,94,0.0,11.4,164,1010.3,13,18.7,25.2,217.0,13.4,55.0,4.9
2026-03-25 22:00:00,2026,3,25,22,Thanh Hóa,Xã Tượng Lĩnh,19.5671309,105.7072205,53,Moderate,1,23.9,94,0.0,9.3,171,1010.7,12,19.9,26.2,225.0,14.3,50.0,5.2
2026-03-25 23:00:00,2026,3,25,23,Thanh Hóa,Xã Tượng Lĩnh,19.5671309,105.7072205,53,Moderate,1,23.8,95,0.0,12.0,171,1010.2,6,19.2,25.1,218.0,14.1,49.0,5.2
2026-03-26 00:00:00,2026,3,26,0,Thanh Hóa,Xã Tượng Lĩnh,19.5671309,105.7072205,54,Moderate,1,23.8,94,0.0,12.1,179,1010.1,42,17.7,23.2,204.0,13.4,50.0,5.0
2026-03-26 01:00:00,2026,3,26,1,Thanh Hóa,Xã Tượng Lĩnh,19.5671309,105.7072205,54,Moderate,1,24.0,96,0.0,11.7,176,1009.7,98,17.8,23.2,193.0,13.0,49.0,4.6
2026-03-26 02:00:00,2026,3,26,2,Thanh Hóa,Xã Tượng Lĩnh,19.5671309,105.7072205,55,Moderate,1,24.0,96,0.0,11.8,174,1009.4,100,23.7,27.8,185.0,13.2,45.0,3.9
2026-03-26 03:00:00,2026,3,26,3,Thanh Hóa,Xã Tượng Lĩnh,19.5671309,105.7072205,56,Moderate,1,24.1,95,0.0,12.5,174,1008.7,100,27.5,31.2,179.0,13.7,41.0,3.0
2026-03-26 04:00:00,2026,3,26,4,Thanh Hóa,Xã Tượng Lĩnh,19.5671309,105.7072205,57,Moderate,1,24.1,95,0.0,11.6,172,1008.6,100,31.4,35.0,186.0,13.8,38.0,2.4
2026-03-26 05:00:00,2026,3,26,5,Thanh Hóa,Xã Tượng Lĩnh,19.5671309,105.7072205,59,Moderate,1,24.0,96,0.0,9.7,176,1008.6,100,37.0,41.1,217.0,13.5,38.0,2.6
2026-03-26 06:00:00,2026,3,26,6,Thanh Hóa,Xã Tượng Lĩnh,19.5671309,105.7072205,61,Moderate,1,23.9,96,0.0,8.6,170,1009.3,100,40.2,44.4,260.0,12.9,40.0,3.1
2026-03-26 07:00:00,2026,3,26,7,Thanh Hóa,Xã Tượng Lĩnh,19.5671309,105.7072205,63,Moderate,1,24.4,93,0.0,10.7,160,1010.2,100,45.5,52.5,287.0,13.5,44.0,3.3
2026-03-26 08:00:00,2026,3,26,8,Thanh Hóa,Xã Tượng Lĩnh,19.5671309,105.7072205,66,Moderate,1,25.4,88,0.0,14.1,161,1010.8,100,40.3,47.3,281.0,11.4,57.0,3.0
2026-03-26 09:00:00,2026,3,26,9,Thanh Hóa,Xã Tượng Lĩnh,19.5671309,105.7072205,69,Moderate,1,25.9,86,0.1,14.9,157,1011.1,100,27.9,34.6,260.0,8.4,75.0,2.5
2026-03-26 10:00:00,2026,3,26,10,Thanh Hóa,Xã Tượng Lĩnh,19.5671309,105.7072205,70,Moderate,1,26.9,82,0.1,14.3,149,1011.0,100,29.5,36.2,240.0,6.0,91.0,2.2
2026-03-26 11:00:00,2026,3,26,11,Thanh Hóa,Xã Tượng Lĩnh,19.5671309,105.7072205,72,Moderate,1,27.4,79,0.0,16.0,139,1010.4,84,26.8,32.8,230.0,4.8,102.0,2.2
2026-03-26 12:00:00,2026,3,26,12,Thanh Hóa,Xã Tượng Lĩnh,19.5671309,105.7072205,73,Moderate,1,27.9,77,0.0,17.8,133,1009.4,98,26.6,32.4,223.0,4.1,110.0,2.3
2026-03-26 13:00:00,2026,3,26,13,Thanh Hóa,Xã Tượng Lĩnh,19.5671309,105.7072205,74,Moderate,1,27.3,79,0.0,23.7,128,1008.2,20,25.3,31.0,215.0,3.7,117.0,2.5
2026-03-26 14:00:00,2026,3,26,14,Thanh Hóa,Xã Tượng Lĩnh,19.5671309,105.7072205,75,Moderate,1,26.6,79,0.0,23.9,130,1007.3,19,23.9,29.3,204.0,3.3,123.0,2.7
2026-03-26 15:00:00,2026,3,26,15,Thanh Hóa,Xã Tượng Lĩnh,19.5671309,105.7072205,76,Moderate,1,26.2,80,0.0,22.2,129,1006.5,19,21.5,27.0,194.0,3.2,128.0,2.9
2026-03-26 16:00:00,2026,3,26,16,Thanh Hóa,Xã Tượng Lĩnh,19.5671309,105.7072205,77,Moderate,1,25.8,82,0.0,18.4,129,1006.2,9,18.7,24.2,188.0,3.9,127.0,3.2
2026-03-26 17:00:00,2026,3,26,17,Thanh Hóa,Xã Tượng Lĩnh,19.5671309,105.7072205,78,Moderate,1,25.1,85,0.0,16.0,131,1006.1,10,17.1,22.6,189.0,5.9,118.0,3.5
2026-03-26 18:00:00,2026,3,26,18,Thanh Hóa,Xã Tượng Lĩnh,19.5671309,105.7072205,78,Moderate,1,24.4,88,0.0,12.3,136,1006.6,5,15.7,21.3,196.0,8.7,103.0,3.8
2026-03-26 19:00:00,2026,3,26,19,Thanh Hóa,Xã Tượng Lĩnh,19.5671309,105.7072205,78,Moderate,1,24.0,92,0.0,12.0,147,1006.9,2,17.3,23.2,209.0,11.5,88.0,4.3
2026-03-26 20:00:00,2026,3,26,20,Thanh Hóa,Xã Tượng Lĩnh,19.5671309,105.7072205,78,Moderate,1,23.9,93,0.0,11.2,156,1007.6,6,17.8,23.9,234.0,13.0,80.0,4.9
2026-03-26 21:00:00,2026,3,26,21,Thanh Hóa,Xã Tượng Lĩnh,19.5671309,105.7072205,78,Moderate,1,23.8,93,0.0,9.3,165,1008.3,4,18.8,25.1,265.0,15.1,69.0,5.6
2026-03-26 22:00:00,2026,3,26,22,Thanh Hóa,Xã Tượng Lĩnh,19.5671309,105.7072205,78,Moderate,1,23.5,95,0.0,5.6,176,1008.7,11,21.9,28.5,292.0,16.7,60.0,6.0
2026-03-26 23:00:00,2026,3,26,23,Thanh Hóa,Xã Tượng Lĩnh,19.5671309,105.7072205,78,Moderate,1,23.1,96,0.0,3.8,183,1008.7,7,25.0,31.8,311.0,17.5,56.0,5.7
2026-03-27 00:00:00,2026,3,27,0,Thanh Hóa,Xã Tượng Lĩnh,19.5671309,105.7072205,79,Moderate,1,23.0,96,0.0,3.5,168,1008.3,5,24.0,31.0,325.0,17.9,55.0,5.0
2026-03-27 01:00:00,2026,3,27,1,Thanh Hóa,Xã Tượng Lĩnh,19.5671309,105.7072205,80,Moderate,1,23.6,96,0.0,6.5,156,1008.0,100,30.6,37.0,332.0,17.7,55.0,4.3
2026-03-27 02:00:00,2026,3,27,2,Thanh Hóa,Xã Tượng Lĩnh,19.5671309,105.7072205,81,Moderate,1,23.9,94,0.0,8.4,164,1007.5,100,36.6,42.3,325.0,16.8,54.0,3.7
2026-03-27 03:00:00,2026,3,27,3,Thanh Hóa,Xã Tượng Lĩnh,19.5671309,105.7072205,82,Moderate,1,24.0,93,0.0,10.5,161,1007.1,100,40.9,46.3,310.0,15.4,54.0,3.1
2026-03-27 04:00:00,2026,3,27,4,Thanh Hóa,Xã Tượng Lĩnh,19.5671309,105.7072205,83,Moderate,1,24.0,94,0.0,9.6,154,1007.0,100,42.6,47.8,305.0,14.2,55.0,2.9
2026-03-27 05:00:00,2026,3,27,5,Thanh Hóa,Xã Tượng Lĩnh,19.5671309,105.7072205,84,Moderate,1,23.9,95,0.0,9.6,152,1007.1,99,44.8,49.9,322.0,13.9,56.0,3.5
2026-03-27 06:00:00,2026,3,27,6,Thanh Hóa,Xã Tượng Lĩnh,19.5671309,105.7072205,85,Moderate,1,23.9,95,0.0,9.1,150,1007.5,100,47.1,52.2,347.0,13.8,58.0,4.6
2026-03-27 07:00:00,2026,3,27,7,Thanh Hóa,Xã Tượng Lĩnh,19.5671309,105.7072205,85,Moderate,1,24.0,94,0.0,9.7,132,1008.6,100,52.4,61.0,360.0,13.6,60.0,4.4
2026-03-27 08:00:00,2026,3,27,8,Thanh Hóa,Xã Tượng Lĩnh,19.5671309,105.7072205,86,Moderate,1,24.9,90,0.0,10.9,147,1009.5,100,44.5,52.3,347.0,12.1,70.0,4.0
2026-03-27 09:00:00,2026,3,27,9,Thanh Hóa,Xã Tượng Lĩnh,19.5671309,105.7072205,86,Moderate,1,25.9,87,0.0,9.7,141,1009.9,100,38.2,45.2,321.0,9.9,85.0,3.5
2026-03-27 10:00:00,2026,3,27,10,Thanh Hóa,Xã Tượng Lĩnh,19.5671309,105.7072205,87,Moderate,1,26.8,85,0.0,10.0,129,1009.7,100,37.6,43.7,299.0,7.9,101.0,3.1
2026-03-27 11:00:00,2026,3,27,11,Thanh Hóa,Xã Tượng Lĩnh,19.5671309,105.7072205,88,Moderate,1,27.5,83,0.0,12.2,118,1009.1,98,38.4,44.1,287.0,6.2,119.0,2.9
2026-03-27 12:00:00,2026,3,27,12,Thanh Hóa,Xã Tượng Lĩnh,19.5671309,105.7072205,89,Moderate,1,27.3,85,0.0,15.8,102,1008.0,52,39.0,44.4,278.0,4.6,137.0,2.8
2026-03-27 13:00:00,2026,3,27,13,Thanh Hóa,Xã Tượng Lĩnh,19.5671309,105.7072205,90,Moderate,1,26.2,87,0.0,15.3,98,1007.4,99,37.3,42.4,268.0,3.6,148.0,2.7
2026-03-27 14:00:00,2026,3,27,14,Thanh Hóa,Xã Tượng Lĩnh,19.5671309,105.7072205,91,Moderate,1,26.8,84,0.0,15.2,113,1006.6,90,33.8,38.4,253.0,3.5,148.0,2.6
2026-03-27 15:00:00,2026,3,27,15,Thanh Hóa,Xã Tượng Lĩnh,19.5671309,105.7072205,92,Moderate,1,26.8,84,0.0,17.6,116,1005.8,46,29.4,34.0,238.0,4.0,141.0,2.6
2026-03-27 16:00:00,2026,3,27,16,Thanh Hóa,Xã Tượng Lĩnh,19.5671309,105.7072205,93,Moderate,1,26.0,87,0.0,17.5,114,1005.4,92,25.0,29.6,227.0,4.9,132.0,2.6
2026-03-27 17:00:00,2026,3,27,17,Thanh Hóa,Xã Tượng Lĩnh,19.5671309,105.7072205,93,Moderate,1,25.5,88,0.0,16.2,114,1005.2,79,20.8,25.1,221.0,6.4,120.0,2.7
2026-03-27 18:00:00,2026,3,27,18,Thanh Hóa,Xã Tượng Lĩnh,19.5671309,105.7072205,94,Moderate,1,25.0,91,0.0,12.4,103,1005.5,25,19.0,23.3,220.0,8.4,106.0,2.9
2026-03-27 19:00:00,2026,3,27,19,Thanh Hóa,Xã Tượng Lĩnh,19.5671309,105.7072205,94,Moderate,1,24.8,93,0.0,10.4,105,1006.1,10,17.9,21.7,232.0,10.5,94.0,2.2
2026-03-27 20:00:00,2026,3,27,20,Thanh Hóa,Xã Tượng Lĩnh,19.5671309,105.7072205,94,Moderate,1,24.5,94,0.0,8.5,119,1006.8,7,19.0,22.9,265.0,11.5,87.0,3.0
2026-03-27 21:00:00,2026,3,27,21,Thanh Hóa,Xã Tượng Lĩnh,19.5671309,105.7072205,94,Moderate,1,24.1,96,0.0,3.2,137,1007.7,5,19.5,24.9,310.0,13.0,77.0,4.1
2026-03-27 22:00:00,2026,3,27,22,Thanh Hóa,Xã Tượng Lĩnh,19.5671309,105.7072205,94,Moderate,1,23.8,96,0.0,0.2,360,1008.3,5,22.5,28.3,347.0,14.4,71.0,5.0
2026-03-27 23:00:00,2026,3,27,23,Thanh Hóa,Xã Tượng Lĩnh,19.5671309,105.7072205,94,Moderate,1,23.2,98,0.0,0.9,11,1008.0,0,25.6,31.9,367.0,15.6,71.0,5.5
2026-03-28 00:00:00,2026,3,28,0,Thanh Hóa,Xã Tượng Lĩnh,19.5671309,105.7072205,94,Moderate,1,22.9,99,0.0,1.8,6,1007.9,6,28.2,35.5,378.0,16.6,75.0,5.8
2026-03-28 01:00:00,2026,3,28,1,Thanh Hóa,Xã Tượng Lĩnh,19.5671309,105.7072205,95,Moderate,1,23.5,100,0.0,3.6,60,1007.6,96,35.4,42.5,384.0,17.3,76.0,5.7
2026-03-28 02:00:00,2026,3,28,2,Thanh Hóa,Xã Tượng Lĩnh,19.5671309,105.7072205,95,Moderate,1,23.7,99,0.0,3.5,69,1007.2,100,48.5,54.6,383.0,17.5,72.0,4.8
2026-03-28 03:00:00,2026,3,28,3,Thanh Hóa,Xã Tượng Lĩnh,19.5671309,105.7072205,96,Moderate,1,23.8,98,0.0,4.3,85,1007.0,100,53.6,58.7,378.0,17.3,65.0,3.6
2026-03-28 04:00:00,2026,3,28,4,Thanh Hóa,Xã Tượng Lĩnh,19.5671309,105.7072205,97,Moderate,1,23.9,98,0.0,5.8,106,1006.8,100,52.4,58.3,373.0,17.0,60.0,2.8
2026-03-28 05:00:00,2026,3,28,5,Thanh Hóa,Xã Tượng Lĩnh,19.5671309,105.7072205,98,Moderate,1,24.0,96,0.0,6.4,122,1007.2,100,53.7,60.3,378.0,17.0,57.0,3.0
2026-03-28 06:00:00,2026,3,28,6,Thanh Hóa,Xã Tượng Lĩnh,19.5671309,105.7072205,99,Moderate,1,23.9,96,0.0,6.6,125,1008.0,100,55.3,61.9,384.0,16.9,57.0,3.7
2026-03-28 07:00:00,2026,3,28,7,Thanh Hóa,Xã Tượng Lĩnh,19.5671309,105.7072205,100,Moderate,1,24.4,95,0.0,7.5,123,1009.0,100,37.4,43.2,374.0,13.7,72.0,4.3
2026-03-28 08:00:00,2026,3,28,8,Thanh Hóa,Xã Tượng Lĩnh,19.5671309,105.7072205,98,Moderate,1,25.5,86,0.1,10.8,132,1009.8,100,31.7,36.9,334.0,12.4,79.0,3.7
2026-03-28 09:00:00,2026,3,28,9,Thanh Hóa,Xã Tượng Lĩnh,19.5671309,105.7072205,97,Moderate,1,26.0,85,0.1,11.4,131,1010.2,100,26.5,31.4,279.0,10.6,89.0,2.8
2026-03-28 10:00:00,2026,3,28,10,Thanh Hóa,Xã Tượng Lĩnh,19.5671309,105.7072205,96,Moderate,1,26.6,83,0.2,12.1,132,1010.1,100,25.4,30.0,236.0,8.9,98.0,2.2
2026-03-28 11:00:00,2026,3,28,11,Thanh Hóa,Xã Tượng Lĩnh,19.5671309,105.7072205,95,Moderate,1,27.1,82,0.2,12.5,127,1009.7,100,25.4,29.9,217.0,7.3,107.0,2.1
2026-03-28 12:00:00,2026,3,28,12,Thanh Hóa,Xã Tượng Lĩnh,19.5671309,105.7072205,94,Moderate,1,27.5,82,0.1,12.2,118,1008.7,95,30.2,35.0,210.0,5.8,115.0,2.2
2026-03-28 13:00:00,2026,3,28,13,Thanh Hóa,Xã Tượng Lĩnh,19.5671309,105.7072205,93,Moderate,1,26.8,81,0.0,12.4,104,1007.9,38,25.2,29.6,206.0,4.8,121.0,2.3
2026-03-28 14:00:00,2026,3,28,14,Thanh Hóa,Xã Tượng Lĩnh,19.5671309,105.7072205,92,Moderate,1,27.0,79,0.0,12.7,105,1007.0,54,23.7,27.8,204.0,4.2,126.0,2.3
2026-03-28 15:00:00,2026,3,28,15,Thanh Hóa,Xã Tượng Lĩnh,19.5671309,105.7072205,91,Moderate,1,27.0,79,0.0,14.3,110,1006.1,63,22.8,26.7,205.0,4.0,129.0,2.3
2026-03-28 16:00:00,2026,3,28,16,Thanh Hóa,Xã Tượng Lĩnh,19.5671309,105.7072205,90,Moderate,1,26.2,83,0.0,16.5,117,1005.6,45,22.1,25.7,207.0,4.7,127.0,2.5
2026-03-28 17:00:00,2026,3,28,17,Thanh Hóa,Xã Tượng Lĩnh,19.5671309,105.7072205,90,Moderate,1,25.6,86,0.0,17.6,123,1005.6,45,20.7,24.3,208.0,7.0,117.0,3.0
2026-03-28 18:00:00,2026,3,28,18,Thanh Hóa,Xã Tượng Lĩnh,19.5671309,105.7072205,90,Moderate,1,25.0,91,0.0,15.3,129,1006.1,39,19.7,23.0,210.0,10.1,102.0,3.7
2026-03-28 19:00:00,2026,3,28,19,Thanh Hóa,Xã Tượng Lĩnh,19.5671309,105.7072205,90,Moderate,1,24.9,94,0.0,9.9,143,1006.4,10,23.2,26.5,217.0,12.2,91.0,3.9
2026-03-28 20:00:00,2026,3,28,20,Thanh Hóa,Xã Tượng Lĩnh,19.5671309,105.7072205,91,Moderate,1,24.8,95,0.0,6.2,147,1007.2,38,26.2,29.6,236.0,12.0,90.0,4.0
2026-03-28 21:00:00,2026,3,28,21,Thanh Hóa,Xã Tượng Lĩnh,19.5671309,105.7072205,91,Moderate,1,24.5,96,0.0,8.7,153,1007.6,13,27.5,31.0,260.0,11.9,88.0,4.2
2026-03-28 22:00:00,2026,3,28,22,Thanh Hóa,Xã Tượng Lĩnh,19.5671309,105.7072205,92,Moderate,1,24.3,97,0.0,5.0,167,1008.0,17,28.3,31.3,277.0,12.2,85.0,4.4
2026-03-28 23:00:00,2026,3,28,23,Thanh Hóa,Xã Tượng Lĩnh,19.5671309,105.7072205,93,Moderate,1,24.2,97,0.0,5.9,142,1007.7,9,29.3,32.2,281.0,13.7,79.0,4.8
2026-03-29 00:00:00,2026,3,29,0,Thanh Hóa,Xã Tượng Lĩnh,19.5671309,105.7072205,93,Moderate,1,23.9,96,0.0,2.7,138,1007.2,11,30.9,34.1,279.0,15.8,72.0,5.3
2026-03-29 01:00:00,2026,3,29,1,Thanh Hóa,Xã Tượng Lĩnh,19.5671309,105.7072205,93,Moderate,1,24.0,98,0.0,3.6,117,1006.7,9,32.5,36.1,275.0,16.9,67.0,5.3
2026-03-29 02:00:00,2026,3,29,2,Thanh Hóa,Xã Tượng Lĩnh,19.5671309,105.7072205,93,Moderate,1,24.1,97,0.0,5.9,140,1006.5,12,37.4,41.2,271.0,16.3,65.0,4.4
2026-03-29 03:00:00,2026,3,29,3,Thanh Hóa,Xã Tượng Lĩnh,19.5671309,105.7072205,92,Moderate,1,24.2,96,0.0,6.7,144,1006.1,100,41.2,45.1,266.0,14.9,64.0,3.1
2026-03-29 04:00:00,2026,3,29,4,Thanh Hóa,Xã Tượng Lĩnh,19.5671309,105.7072205,91,Moderate,1,24.5,96,0.0,6.8,151,1006.3,100,40.5,44.5,263.0,13.6,65.0,2.2
2026-03-29 05:00:00,2026,3,29,5,Thanh Hóa,Xã Tượng Lĩnh,19.5671309,105.7072205,90,Moderate,1,24.5,96,0.0,8.8,147,1006.4,100,39.1,42.8,266.0,13.0,65.0,2.2
2026-03-29 06:00:00,2026,3,29,6,Thanh Hóa,Xã Tượng Lĩnh,19.5671309,105.7072205,88,Moderate,1,24.5,96,0.0,11.2,147,1007.1,100,38.6,42.3,272.0,12.5,67.0,2.7
2026-03-29 07:00:00,2026,3,29,7,Thanh Hóa,Xã Tượng Lĩnh,19.5671309,105.7072205,87,Moderate,1,25.1,93,0.0,17.0,149,1008.1,100,35.9,39.8,272.0,11.8,70.0,3.3
2026-03-29 08:00:00,2026,3,29,8,Thanh Hóa,Xã Tượng Lĩnh,19.5671309,105.7072205,87,Moderate,1,25.8,89,0.0,18.4,154,1008.7,100,29.6,32.8,262.0,10.4,80.0,2.7
2026-03-29 09:00:00,2026,3,29,9,Thanh Hóa,Xã Tượng Lĩnh,19.5671309,105.7072205,87,Moderate,1,26.6,86,0.0,15.1,154,1009.6,100,32.2,35.3,246.0,8.4,95.0,1.9
2026-03-29 10:00:00,2026,3,29,10,Thanh Hóa,Xã Tượng Lĩnh,19.5671309,105.7072205,87,Moderate,1,27.1,85,0.1,9.6,128,1010.1,100,34.3,37.3,232.0,6.7,110.0,1.6
2026-03-29 11:00:00,2026,3,29,11,Thanh Hóa,Xã Tượng Lĩnh,19.5671309,105.7072205,88,Moderate,1,27.0,86,0.1,11.3,98,1010.3,92,36.1,39.1,219.0,5.5,125.0,2.2
2026-03-29 12:00:00,2026,3,29,12,Thanh Hóa,Xã Tượng Lĩnh,19.5671309,105.7072205,89,Moderate,1,26.5,89,0.1,14.5,107,1009.3,100,36.2,39.3,207.0,4.6,139.0,3.3
2026-03-29 13:00:00,2026,3,29,13,Thanh Hóa,Xã Tượng Lĩnh,19.5671309,105.7072205,89,Moderate,1,26.9,84,0.0,11.3,115,1007.7,100,33.2,35.6,201.0,4.0,148.0,4.0
2026-03-29 14:00:00,2026,3,29,14,Thanh Hóa,Xã Tượng Lĩnh,19.5671309,105.7072205,90,Moderate,1,27.2,82,0.0,14.5,112,1006.5,38,27.7,29.9,203.0,3.8,149.0,3.8
2026-03-29 15:00:00,2026,3,29,15,Thanh Hóa,Xã Tượng Lĩnh,19.5671309,105.7072205,91,Moderate,1,26.5,84,0.0,15.2,112,1005.7,9,24.7,27.2,210.0,4.0,146.0,3.3
2026-03-29 16:00:00,2026,3,29,16,Thanh Hóa,Xã Tượng Lĩnh,19.5671309,105.7072205,91,Moderate,1,26.1,85,0.0,16.6,122,1005.1,34,23.3,25.9,219.0,4.8,139.0,3.0
2026-03-29 17:00:00,2026,3,29,17,Thanh Hóa,Xã Tượng Lĩnh,19.5671309,105.7072205,91,Moderate,1,25.8,87,0.0,15.3,132,1005.2,72,21.9,24.4,228.0,6.6,129.0,3.2
2026-03-29 18:00:00,2026,3,29,18,Thanh Hóa,Xã Tượng Lĩnh,19.5671309,105.7072205,97,Moderate,1,25.0,91,0.0,15.2,137,1005.1,4,20.0,22.2,239.0,9.0,116.0,3.7
2026-03-29 19:00:00,2026,3,29,19,Thanh Hóa,Xã Tượng Lĩnh,19.5671309,105.7072205,99,Moderate,1,25.1,95,0.0,11.4,288,1007.6,98,17.1,19.3,254.0,11.0,96.0,3.6
2026-03-29 20:00:00,2026,3,29,20,Thanh Hóa,Xã Tượng Lĩnh,19.5671309,105.7072205,92,Moderate,1,25.3,95,0.0,7.1,170,1006.8,11,20.2,22.5,278.0,10.8,93.0,3.1
2026-03-29 21:00:00,2026,3,29,21,Thanh Hóa,Xã Tượng Lĩnh,19.5671309,105.7072205,90,Moderate,1,24.9,94,0.0,6.8,169,1006.8,13,25.2,27.6,306.0,10.7,89.0,2.4
2026-03-29 22:00:00,2026,3,29,22,Thanh Hóa,Xã Tượng Lĩnh,19.5671309,105.7072205,90,Moderate,1,24.5,96,0.0,5.5,189,1007.0,5,30.2,32.6,322.0,10.6,85.0,1.9
2026-03-29 23:00:00,2026,3,29,23,Thanh Hóa,Xã Tượng Lĩnh,19.5671309,105.7072205,90,Moderate,1,24.5,97,0.0,10.8,177,1006.8,2,34.8,37.3,312.0,10.9,81.0,1.6
2026-03-30 00:00:00,2026,3,30,0,Thanh Hóa,Xã Tượng Lĩnh,19.5671309,105.7072205,90,Moderate,1,24.3,97,0.0,10.3,182,1006.6,1,38.8,41.2,290.0,11.3,76.0,1.4
2026-03-30 01:00:00,2026,3,30,1,Thanh Hóa,Xã Tượng Lĩnh,19.5671309,105.7072205,91,Moderate,1,25.1,97,0.0,16.2,179,1005.7,4,42.0,44.4,277.0,11.5,73.0,1.3
2026-03-30 02:00:00,2026,3,30,2,Thanh Hóa,Xã Tượng Lĩnh,19.5671309,105.7072205,92,Moderate,1,24.9,97,0.0,13.3,189,1005.4,19,43.7,46.0,277.0,11.4,71.0,1.3
2026-03-30 03:00:00,2026,3,30,3,Thanh Hóa,Xã Tượng Lĩnh,19.5671309,105.7072205,92,Moderate,1,24.8,98,0.0,9.5,194,1005.2,98,43.7,45.9,285.0,11.1,71.0,1.4
2026-03-30 04:00:00,2026,3,30,4,Thanh Hóa,Xã Tượng Lĩnh,19.5671309,105.7072205,93,Moderate,1,24.8,99,0.0,7.2,177,1005.0,100,44.5,46.6,311.0,11.0,70.0,1.7
2026-03-30 05:00:00,2026,3,30,5,Thanh Hóa,Xã Tượng Lĩnh,19.5671309,105.7072205,93,Moderate,1,24.9,99,0.0,7.3,160,1005.5,100,45.8,47.4,371.0,11.5,66.0,2.1
2026-03-30 06:00:00,2026,3,30,6,Thanh Hóa,Xã Tượng Lĩnh,19.5671309,105.7072205,94,Moderate,1,24.9,100,0.0,7.6,166,1006.3,100,49.6,51.0,449.0,12.2,62.0,2.7
2026-03-30 07:00:00,2026,3,30,7,Thanh Hóa,Xã Tượng Lĩnh,19.5671309,105.7072205,95,Moderate,1,24.6,99,0.0,8.0,198,1007.0,100,44.5,46.0,499.0,11.9,68.0,5.8
2026-03-30 08:00:00,2026,3,30,8,Thanh Hóa,Xã Tượng Lĩnh,19.5671309,105.7072205,95,Moderate,1,25.3,94,0.0,9.4,200,1008.1,100,37.6,39.0,499.0,10.1,85.0,5.2
2026-03-30 09:00:00,2026,3,30,9,Thanh Hóa,Xã Tượng Lĩnh,19.5671309,105.7072205,96,Moderate,1,27.2,86,0.0,5.6,174,1008.7,25,39.3,41.0,472.0,7.6,110.0,4.4
2026-03-30 10:00:00,2026,3,30,10,Thanh Hóa,Xã Tượng Lĩnh,19.5671309,105.7072205,97,Moderate,1,28.9,81,0.0,7.1,131,1008.4,5,41.6,43.4,445.0,5.5,132.0,3.8
2026-03-30 11:00:00,2026,3,30,11,Thanh Hóa,Xã Tượng Lĩnh,19.5671309,105.7072205,97,Moderate,1,30.0,78,0.0,10.7,120,1007.6,14,44.2,46.2,426.0,4.2,150.0,3.6
2026-03-30 12:00:00,2026,3,30,12,Thanh Hóa,Xã Tượng Lĩnh,19.5671309,105.7072205,98,Moderate,1,30.0,79,0.0,13.6,118,1006.4,12,43.9,45.8,406.0,3.3,165.0,3.5
2026-03-30 13:00:00,2026,3,30,13,Thanh Hóa,Xã Tượng Lĩnh,19.5671309,105.7072205,99,Moderate,1,29.0,78,0.0,13.7,108,1005.5,15,40.7,42.6,389.0,2.9,175.0,3.5
2026-03-30 14:00:00,2026,3,30,14,Thanh Hóa,Xã Tượng Lĩnh,19.5671309,105.7072205,99,Moderate,1,29.2,76,0.0,15.7,109,1004.2,22,38.2,40.2,376.0,2.9,177.0,3.4
2026-03-30 15:00:00,2026,3,30,15,Thanh Hóa,Xã Tượng Lĩnh,19.5671309,105.7072205,100,Moderate,1,30.0,73,0.0,14.0,123,1003.3,28,35.6,37.4,366.0,3.3,173.0,3.3
2026-03-30 16:00:00,2026,3,30,16,Thanh Hóa,Xã Tượng Lĩnh,19.5671309,105.7072205,115,Unhealthy for Sensitive Groups,2,30.0,73,0.0,15.9,137,1002.9,34,33.5,34.9,354.0,4.4,166.0,3.5
2026-03-30 17:00:00,2026,3,30,17,Thanh Hóa,Xã Tượng Lĩnh,19.5671309,105.7072205,132,Unhealthy for Sensitive Groups,2,28.4,74,0.0,18.5,156,1002.9,8,33.5,34.8,338.0,6.8,157.0,4.1
2026-03-30 18:00:00,2026,3,30,18,Thanh Hóa,Xã Tượng Lĩnh,19.5671309,105.7072205,142,Unhealthy for Sensitive Groups,2,27.4,77,0.0,18.0,160,1003.4,1,33.3,34.5,321.0,9.8,145.0,4.9
2026-03-30 19:00:00,2026,3,30,19,Thanh Hóa,Xã Tượng Lĩnh,19.5671309,105.7072205,145,Unhealthy for Sensitive Groups,2,27.8,78,0.0,16.2,165,1003.5,9,26.1,26.8,304.0,12.6,158.0,6.2
2026-03-30 20:00:00,2026,3,30,20,Thanh Hóa,Xã Tượng Lĩnh,19.5671309,105.7072205,146,Unhealthy for Sensitive Groups,2,27.4,77,0.0,19.3,168,1004.4,27,22.1,23.2,287.0,12.0,150.0,6.1
2026-03-30 21:00:00,2026,3,30,21,Thanh Hóa,Xã Tượng Lĩnh,19.5671309,105.7072205,143,Unhealthy for Sensitive Groups,2,26.8,80,0.0,22.0,172,1005.6,13,18.9,20.1,270.0,11.2,139.0,5.9
2026-03-30 22:00:00,2026,3,30,22,Thanh Hóa,Xã Tượng Lĩnh,19.5671309,105.7072205,136,Unhealthy for Sensitive Groups,2,26.2,82,0.0,21.5,170,1006.1,9,18.1,19.6,259.0,10.7,128.0,5.8
2026-03-30 23:00:00,2026,3,30,23,Thanh Hóa,Xã Tượng Lĩnh,19.5671309,105.7072205,125,Unhealthy for Sensitive Groups,2,26.0,82,0.0,21.7,169,1006.2,0,18.5,20.1,254.0,10.9,120.0,5.7
2026-03-31 00:00:00,2026,3,31,0,Thanh Hóa,Xã Tượng Lĩnh,19.5671309,105.7072205,114,Unhealthy for Sensitive Groups,2,25.8,82,0.0,19.9,174,1005.9,0,19.2,20.8,254.0,11.4,114.0,5.6
2026-03-31 01:00:00,2026,3,31,1,Thanh Hóa,Xã Tượng Lĩnh,19.5671309,105.7072205,103,Unhealthy for Sensitive Groups,2,25.7,84,0.0,18.5,179,1005.1,0,20.3,22.2,260.0,12.1,106.0,5.6
2026-03-31 02:00:00,2026,3,31,2,Thanh Hóa,Xã Tượng Lĩnh,19.5671309,105.7072205,99,Moderate,1,25.5,84,0.0,17.9,186,1004.8,49,23.4,25.4,272.0,13.2,96.0,5.8
2026-03-31 03:00:00,2026,3,31,3,Thanh Hóa,Xã Tượng Lĩnh,19.5671309,105.7072205,97,Moderate,1,25.2,85,0.0,14.7,186,1004.5,38,27.1,28.9,289.0,14.5,86.0,6.2
2026-03-31 04:00:00,2026,3,31,4,Thanh Hóa,Xã Tượng Lĩnh,19.5671309,105.7072205,95,Moderate,1,25.0,85,0.0,12.6,185,1004.5,6,30.7,32.0,311.0,15.4,77.0,6.6
2026-03-31 05:00:00,2026,3,31,5,Thanh Hóa,Xã Tượng Lĩnh,19.5671309,105.7072205,94,Moderate,1,25.5,80,0.0,12.4,190,1004.8,2,34.5,35.3,342.0,16.0,67.0,7.1
2026-03-31 06:00:00,2026,3,31,6,Thanh Hóa,Xã Tượng Lĩnh,19.5671309,105.7072205,93,Moderate,1,26.1,73,0.0,12.7,195,1005.5,0,37.5,38.3,378.0,16.1,59.0,7.7
2026-03-31 07:00:00,2026,3,31,7,Thanh Hóa,Xã Tượng Lĩnh,19.5671309,105.7072205,92,Moderate,1,26.5,75,0.0,13.0,194,1006.5,41,58.3,59.4,398.0,18.0,54.0,7.1
2026-03-31 08:00:00,2026,3,31,8,Thanh Hóa,Xã Tượng Lĩnh,19.5671309,105.7072205,93,Moderate,1,29.0,71,0.0,13.3,196,1007.1,0,61.7,62.9,390.0,14.5,88.0,7.5
2026-03-31 09:00:00,2026,3,31,9,Thanh Hóa,Xã Tượng Lĩnh,19.5671309,105.7072205,95,Moderate,1,31.5,60,0.0,13.6,195,1007.5,0,61.5,63.3,367.0,9.7,135.0,8.0
2026-03-31 10:00:00,2026,3,31,10,Thanh Hóa,Xã Tượng Lĩnh,19.5671309,105.7072205,97,Moderate,1,33.6,48,0.0,16.7,197,1007.3,0,53.3,54.9,346.0,5.9,170.0,8.0
2026-03-31 11:00:00,2026,3,31,11,Thanh Hóa,Xã Tượng Lĩnh,19.5671309,105.7072205,98,Moderate,1,34.8,42,0.0,17.8,201,1006.5,3,41.8,43.2,332.0,4.2,180.0,6.9
2026-03-31 12:00:00,2026,3,31,12,Thanh Hóa,Xã Tượng Lĩnh,19.5671309,105.7072205,98,Moderate,1,35.7,41,0.0,18.2,207,1005.5,75,37.8,39.1,320.0,3.5,177.0,5.2
2026-03-31 13:00:00,2026,3,31,13,Thanh Hóa,Xã Tượng Lĩnh,19.5671309,105.7072205,98,Moderate,1,36.5,36,0.0,18.5,215,1004.2,19,38.1,40.0,315.0,3.5,173.0,4.0
2026-03-31 14:00:00,2026,3,31,14,Thanh Hóa,Xã Tượng Lĩnh,19.5671309,105.7072205,97,Moderate,1,36.5,41,0.0,17.6,215,1003.2,29,40.0,43.3,321.0,3.8,172.0,3.6
2026-03-31 15:00:00,2026,3,31,15,Thanh Hóa,Xã Tượng Lĩnh,19.5671309,105.7072205,111,Unhealthy for Sensitive Groups,2,36.3,39,0.0,16.5,226,1002.6,63,41.2,45.5,334.0,4.7,169.0,3.7
2026-03-31 16:00:00,2026,3,31,16,Thanh Hóa,Xã Tượng Lĩnh,19.5671309,105.7072205,135,Unhealthy for Sensitive Groups,2,35.3,41,0.0,13.5,211,1002.2,97,45.4,49.4,352.0,7.1,162.0,4.3
2026-03-31 17:00:00,2026,3,31,17,Thanh Hóa,Xã Tượng Lĩnh,19.5671309,105.7072205,151,Unhealthy,3,34.1,41,0.0,15.8,204,1002.2,62,51.2,55.1,380.0,12.1,146.0,5.5
2026-03-31 18:00:00,2026,3,31,18,Thanh Hóa,Xã Tượng Lĩnh,19.5671309,105.7072205,153,Unhealthy,3,33.2,38,0.0,14.3,208,1002.6,23,55.3,59.5,414.0,18.6,125.0,7.2
2026-03-31 19:00:00,2026,3,31,19,Thanh Hóa,Xã Tượng Lĩnh,19.5671309,105.7072205,144,Unhealthy for Sensitive Groups,2,32.3,43,0.0,15.2,204,1003.7,23,65.9,71.9,431.0,12.3,117.0,6.7
2026-03-31 20:00:00,2026,3,31,20,Thanh Hóa,Xã Tượng Lĩnh,19.5671309,105.7072205,130,Unhealthy for Sensitive Groups,2,32.1,41,0.0,13.6,221,1004.0,42,64.3,69.8,420.0,13.5,107.0,7.2
2026-03-31 21:00:00,2026,3,31,21,Thanh Hóa,Xã Tượng Lĩnh,19.5671309,105.7072205,116,Unhealthy for Sensitive Groups,2,31.5,44,0.0,13.8,234,1004.8,28,64.5,70.5,393.0,15.2,93.0,7.8
2026-03-31 22:00:00,2026,3,31,22,Thanh Hóa,Xã Tượng Lĩnh,19.5671309,105.7072205,116,Unhealthy for Sensitive Groups,2,29.7,51,0.0,8.1,198,1005.4,41,70.1,76.4,368.0,16.3,84.0,8.8
2026-03-31 23:00:00,2026,3,31,23,Thanh Hóa,Xã Tượng Lĩnh,19.5671309,105.7072205,122,Unhealthy for Sensitive Groups,2,27.5,63,0.0,8.0,144,1006.0,70,68.7,74.7,347.0,16.1,87.0,10.1
2026-04-01 00:00:00,2026,4,1,0,Thanh Hóa,Xã Tượng Lĩnh,19.5671309,105.7072205,127,Unhealthy for Sensitive Groups,2,25.8,86,0.0,26.9,75,1007.6,96,60.1,63.3,327.0,15.4,96.0,11.6
2026-04-01 01:00:00,2026,4,1,1,Thanh Hóa,Xã Tượng Lĩnh,19.5671309,105.7072205,131,Unhealthy for Sensitive Groups,2,25.9,87,0.0,18.5,77,1007.4,80,43.4,45.1,316.0,14.9,100.0,13.3
2026-04-01 02:00:00,2026,4,1,2,Thanh Hóa,Xã Tượng Lĩnh,19.5671309,105.7072205,134,Unhealthy for Sensitive Groups,2,25.5,88,0.0,23.5,52,1007.5,10,39.1,40.6,317.0,14.9,96.0,14.9
2026-04-01 03:00:00,2026,4,1,3,Thanh Hóa,Xã Tượng Lĩnh,19.5671309,105.7072205,135,Unhealthy for Sensitive Groups,2,25.1,83,0.0,12.5,32,1008.7,38,40.7,42.3,327.0,15.3,87.0,16.6
2026-04-01 04:00:00,2026,4,1,4,Thanh Hóa,Xã Tượng Lĩnh,19.5671309,105.7072205,137,Unhealthy for Sensitive Groups,2,24.9,79,0.0,18.3,22,1009.0,78,41.9,43.5,350.0,16.1,80.0,18.8
2026-04-01 05:00:00,2026,4,1,5,Thanh Hóa,Xã Tượng Lĩnh,19.5671309,105.7072205,138,Unhealthy for Sensitive Groups,2,24.6,77,0.0,17.5,22,1010.0,30,43.9,46.0,399.0,18.0,75.0,22.0
2026-04-01 06:00:00,2026,4,1,6,Thanh Hóa,Xã Tượng Lĩnh,19.5671309,105.7072205,139,Unhealthy for Sensitive Groups,2,24.0,76,0.0,14.5,17,1011.1,39,46.2,48.5,461.0,20.5,72.0,25.6
2026-04-01 07:00:00,2026,4,1,7,Thanh Hóa,Xã Tượng Lĩnh,19.5671309,105.7072205,140,Unhealthy for Sensitive Groups,2,24.5,79,0.0,8.1,12,1011.8,98,45.8,48.2,497.0,21.6,74.0,26.9
2026-04-01 08:00:00,2026,4,1,8,Thanh Hóa,Xã Tượng Lĩnh,19.5671309,105.7072205,139,Unhealthy for Sensitive Groups,2,25.5,74,0.0,10.4,44,1012.8,100,46.4,49.8,485.0,21.4,77.0,28.2
2026-04-01 09:00:00,2026,4,1,9,Thanh Hóa,Xã Tượng Lĩnh,19.5671309,105.7072205,137,Unhealthy for Sensitive Groups,2,26.1,70,0.0,13.5,54,1013.4,100,45.9,49.7,447.0,21.0,81.0,30.0
2026-04-01 10:00:00,2026,4,1,10,Thanh Hóa,Xã Tượng Lĩnh,19.5671309,105.7072205,135,Unhealthy for Sensitive Groups,2,26.4,69,0.0,14.7,65,1013.4,99,45.9,49.8,412.0,20.0,88.0,30.8
2026-04-01 11:00:00,2026,4,1,11,Thanh Hóa,Xã Tượng Lĩnh,19.5671309,105.7072205,135,Unhealthy for Sensitive Groups,2,26.4,69,0.0,16.7,72,1013.1,100,45.5,49.4,389.0,18.0,99.0,30.1
2026-04-01 12:00:00,2026,4,1,12,Thanh Hóa,Xã Tượng Lĩnh,19.5671309,105.7072205,135,Unhealthy for Sensitive Groups,2,26.2,71,0.0,19.3,75,1012.0,54,44.6,48.3,370.0,15.5,112.0,28.6
2026-04-01 13:00:00,2026,4,1,13,Thanh Hóa,Xã Tượng Lĩnh,19.5671309,105.7072205,136,Unhealthy for Sensitive Groups,2,25.7,74,0.0,14.8,87,1011.4,95,45.3,48.8,357.0,13.3,124.0,26.6
2026-04-01 14:00:00,2026,4,1,14,Thanh Hóa,Xã Tượng Lĩnh,19.5671309,105.7072205,136,Unhealthy for Sensitive Groups,2,25.5,76,0.0,14.3,96,1010.4,100,46.9,50.3,352.0,11.6,135.0,24.2
2026-04-01 15:00:00,2026,4,1,15,Thanh Hóa,Xã Tượng Lĩnh,19.5671309,105.7072205,137,Unhealthy for Sensitive Groups,2,25.2,77,0.0,13.4,98,1009.6,100,46.6,49.6,352.0,10.3,144.0,21.3
2026-04-01 16:00:00,2026,4,1,16,Thanh Hóa,Xã Tượng Lĩnh,19.5671309,105.7072205,138,Unhealthy for Sensitive Groups,2,24.7,80,0.0,13.5,93,1008.8,55,44.8,47.7,356.0,9.7,148.0,18.4
2026-04-01 17:00:00,2026,4,1,17,Thanh Hóa,Xã Tượng Lĩnh,19.5671309,105.7072205,138,Unhealthy for Sensitive Groups,2,24.3,81,0.0,12.1,97,1008.3,47,42.7,45.4,362.0,10.2,145.0,15.3
2026-04-01 18:00:00,2026,4,1,18,Thanh Hóa,Xã Tượng Lĩnh,19.5671309,105.7072205,137,Unhealthy for Sensitive Groups,2,23.9,83,0.0,10.1,101,1008.6,100,39.0,41.2,371.0,11.4,137.0,12.3
2026-04-01 19:00:00,2026,4,1,19,Thanh Hóa,Xã Tượng Lĩnh,19.5671309,105.7072205,135,Unhealthy for Sensitive Groups,2,23.8,85,0.0,10.3,94,1009.7,49,45.5,48.5,383.0,12.0,124.0,8.4
2026-04-01 20:00:00,2026,4,1,20,Thanh Hóa,Xã Tượng Lĩnh,19.5671309,105.7072205,133,Unhealthy for Sensitive Groups,2,23.6,87,0.0,9.9,106,1010.4,59,45.1,48.7,403.0,12.7,118.0,8.0
2026-04-01 21:00:00,2026,4,1,21,Thanh Hóa,Xã Tượng Lĩnh,19.5671309,105.7072205,131,Unhealthy for Sensitive Groups,2,23.6,88,0.0,9.3,117,1011.0,93,46.7,51.0,426.0,13.8,109.0,7.5
2026-04-01 22:00:00,2026,4,1,22,Thanh Hóa,Xã Tượng Lĩnh,19.5671309,105.7072205,129,Unhealthy for Sensitive Groups,2,23.8,88,0.0,5.8,126,1011.5,95,52.5,57.5,441.0,15.4,100.0,7.5
2026-04-01 23:00:00,2026,4,1,23,Thanh Hóa,Xã Tượng Lĩnh,19.5671309,105.7072205,127,Unhealthy for Sensitive Groups,2,24.0,88,0.0,5.2,136,1011.5,100,59.0,64.5,440.0,18.4,92.0,8.4
2026-04-02 00:00:00,2026,4,2,0,Thanh Hóa,Xã Tượng Lĩnh,19.5671309,105.7072205,126,Unhealthy for Sensitive Groups,2,23.9,89,0.0,4.6,162,1011.2,100,64.3,69.8,430.0,21.9,85.0,9.7
2026-04-02 01:00:00,2026,4,2,1,Thanh Hóa,Xã Tượng Lĩnh,19.5671309,105.7072205,127,Unhealthy for Sensitive Groups,2,24.0,90,0.0,2.2,180,1010.7,100,70.3,75.9,421.0,23.9,80.0,10.6
2026-04-02 02:00:00,2026,4,2,2,Thanh Hóa,Xã Tượng Lĩnh,19.5671309,105.7072205,129,Unhealthy for Sensitive Groups,2,24.1,89,0.0,3.1,159,1010.4,100,72.6,78.0,414.0,23.1,78.0,10.7
2026-04-02 03:00:00,2026,4,2,3,Thanh Hóa,Xã Tượng Lĩnh,19.5671309,105.7072205,133,Unhealthy for Sensitive Groups,2,24.2,89,0.0,3.6,162,1010.0,100,72.2,77.8,408.0,20.7,77.0,10.3
2026-04-02 04:00:00,2026,4,2,4,Thanh Hóa,Xã Tượng Lĩnh,19.5671309,105.7072205,136,Unhealthy for Sensitive Groups,2,24.3,89,0.0,4.7,162,1009.9,100,71.5,76.8,412.0,18.3,78.0,9.8
2026-04-02 05:00:00,2026,4,2,5,Thanh Hóa,Xã Tượng Lĩnh,19.5671309,105.7072205,139,Unhealthy for Sensitive Groups,2,24.4,89,0.0,4.3,156,1010.0,96,71.2,76.4,438.0,16.3,79.0,9.4
2026-04-02 06:00:00,2026,4,2,6,Thanh Hóa,Xã Tượng Lĩnh,19.5671309,105.7072205,142,Unhealthy for Sensitive Groups,2,24.2,91,0.0,5.2,168,1010.4,100,67.8,72.2,472.0,14.3,81.0,9.0
2026-04-02 07:00:00,2026,4,2,7,Thanh Hóa,Xã Tượng Lĩnh,19.5671309,105.7072205,144,Unhealthy for Sensitive Groups,2,24.8,88,0.0,8.3,178,1010.7,100,65.0,70.5,487.0,16.7,88.0,10.9
2026-04-02 08:00:00,2026,4,2,8,Thanh Hóa,Xã Tượng Lĩnh,19.5671309,105.7072205,146,Unhealthy for Sensitive Groups,2,25.8,84,0.0,9.5,181,1011.4,94,60.3,65.4,462.0,14.0,96.0,8.8
2026-04-02 09:00:00,2026,4,2,9,Thanh Hóa,Xã Tượng Lĩnh,19.5671309,105.7072205,148,Unhealthy for Sensitive Groups,2,27.2,77,0.1,11.5,172,1011.4,100,52.9,57.0,417.0,10.3,106.0,5.9
2026-04-02 10:00:00,2026,4,2,10,Thanh Hóa,Xã Tượng Lĩnh,19.5671309,105.7072205,149,Unhealthy for Sensitive Groups,2,28.1,76,0.0,12.7,151,1011.1,100,49.0,52.7,379.0,7.2,118.0,3.7
2026-04-02 11:00:00,2026,4,2,11,Thanh Hóa,Xã Tượng Lĩnh,19.5671309,105.7072205,149,Unhealthy for Sensitive Groups,2,29.1,73,0.0,15.9,141,1010.2,40,51.3,55.4,363.0,5.4,131.0,2.8
2026-04-02 12:00:00,2026,4,2,12,Thanh Hóa,Xã Tượng Lĩnh,19.5671309,105.7072205,149,Unhealthy for Sensitive Groups,2,29.5,72,0.0,19.7,131,1008.9,9,47.6,51.1,354.0,4.2,144.0,2.5
2026-04-02 13:00:00,2026,4,2,13,Thanh Hóa,Xã Tượng Lĩnh,19.5671309,105.7072205,150,Unhealthy for Sensitive Groups,2,28.1,77,0.0,20.4,118,1008.1,27,47.8,51.2,342.0,3.5,154.0,2.5
2026-04-02 14:00:00,2026,4,2,14,Thanh Hóa,Xã Tượng Lĩnh,19.5671309,105.7072205,150,Unhealthy for Sensitive Groups,2,27.5,77,0.0,22.6,127,1006.8,2,47.5,50.9,317.0,3.2,162.0,2.6
2026-04-02 15:00:00,2026,4,2,15,Thanh Hóa,Xã Tượng Lĩnh,19.5671309,105.7072205,150,Unhealthy for Sensitive Groups,2,27.5,78,0.0,22.3,134,1005.9,13,46.0,49.4,288.0,3.4,166.0,2.8
2026-04-02 16:00:00,2026,4,2,16,Thanh Hóa,Xã Tượng Lĩnh,19.5671309,105.7072205,150,Unhealthy for Sensitive Groups,2,26.8,81,0.0,19.5,133,1005.5,7,40.4,43.4,269.0,4.1,164.0,3.1
2026-04-02 17:00:00,2026,4,2,17,Thanh Hóa,Xã Tượng Lĩnh,19.5671309,105.7072205,150,Unhealthy for Sensitive Groups,2,26.0,85,0.0,17.5,131,1005.3,55,30.2,32.6,270.0,5.6,150.0,3.3
2026-04-02 18:00:00,2026,4,2,18,Thanh Hóa,Xã Tượng Lĩnh,19.5671309,105.7072205,148,Unhealthy for Sensitive Groups,2,25.5,88,0.0,15.3,142,1005.8,78,22.4,25.0,281.0,7.5,129.0,3.4
2026-04-02 19:00:00,2026,4,2,19,Thanh Hóa,Xã Tượng Lĩnh,19.5671309,105.7072205,147,Unhealthy for Sensitive Groups,2,25.0,93,0.0,14.0,152,1006.6,33,32.1,36.9,292.0,9.9,114.0,4.0
2026-04-02 20:00:00,2026,4,2,20,Thanh Hóa,Xã Tượng Lĩnh,19.5671309,105.7072205,145,Unhealthy for Sensitive Groups,2,25.0,93,0.0,11.4,156,1007.2,4,31.7,35.6,298.0,10.4,108.0,4.1
2026-04-02 21:00:00,2026,4,2,21,Thanh Hóa,Xã Tượng Lĩnh,19.5671309,105.7072205,144,Unhealthy for Sensitive Groups,2,24.8,94,0.0,9.3,171,1007.7,3,32.5,36.3,303.0,11.2,100.0,4.2
2026-04-02 22:00:00,2026,4,2,22,Thanh Hóa,Xã Tượng Lĩnh,19.5671309,105.7072205,142,Unhealthy for Sensitive Groups,2,24.9,92,0.0,11.5,166,1007.7,0,34.5,38.3,306.0,12.2,93.0,4.2
2026-04-02 23:00:00,2026,4,2,23,Thanh Hóa,Xã Tượng Lĩnh,19.5671309,105.7072205,140,Unhealthy for Sensitive Groups,2,24.3,94,0.0,4.2,216,1007.7,2,36.2,40.2,303.0,13.9,87.0,3.9
2026-04-03 00:00:00,2026,4,3,0,Thanh Hóa,Xã Tượng Lĩnh,19.5671309,105.7072205,138,Unhealthy for Sensitive Groups,2,24.4,94,0.0,6.1,180,1007.1,2,38.3,42.3,297.0,15.7,81.0,3.4
2026-04-03 01:00:00,2026,4,3,1,Thanh Hóa,Xã Tượng Lĩnh,19.5671309,105.7072205,135,Unhealthy for Sensitive Groups,2,24.6,94,0.0,8.4,170,1006.9,3,43.1,47.1,296.0,16.6,78.0,3.0
2026-04-03 02:00:00,2026,4,3,2,Thanh Hóa,Xã Tượng Lĩnh,19.5671309,105.7072205,133,Unhealthy for Sensitive Groups,2,24.9,93,0.0,9.2,180,1006.5,1,49.6,53.8,301.0,15.6,79.0,2.7
2026-04-03 03:00:00,2026,4,3,3,Thanh Hóa,Xã Tượng Lĩnh,19.5671309,105.7072205,130,Unhealthy for Sensitive Groups,2,25.0,92,0.0,11.5,177,1005.9,0,51.5,55.3,312.0,13.5,83.0,2.4
2026-04-03 04:00:00,2026,4,3,4,Thanh Hóa,Xã Tượng Lĩnh,19.5671309,105.7072205,128,Unhealthy for Sensitive Groups,2,25.0,91,0.0,13.9,179,1005.5,1,51.8,55.1,333.0,11.7,86.0,2.3
2026-04-03 05:00:00,2026,4,3,5,Thanh Hóa,Xã Tượng Lĩnh,19.5671309,105.7072205,126,Unhealthy for Sensitive Groups,2,25.0,93,0.0,15.3,182,1005.5,0,54.0,56.5,377.0,10.7,86.0,2.2
2026-04-03 06:00:00,2026,4,3,6,Thanh Hóa,Xã Tượng Lĩnh,19.5671309,105.7072205,124,Unhealthy for Sensitive Groups,2,24.7,94,0.0,12.9,189,1005.5,0,57.5,59.6,432.0,9.8,86.0,2.3
2026-04-03 07:00:00,2026,4,3,7,Thanh Hóa,Xã Tượng Lĩnh,19.5671309,105.7072205,123,Unhealthy for Sensitive Groups,2,25.2,97,0.0,13.4,197,1006.0,100,58.4,60.8,468.0,9.3,93.0,2.6
2026-04-03 08:00:00,2026,4,3,8,Thanh Hóa,Xã Tượng Lĩnh,19.5671309,105.7072205,122,Unhealthy for Sensitive Groups,2,26.7,91,0.0,13.7,201,1006.4,4,61.9,65.0,468.0,8.1,107.0,3.0
2026-04-03 09:00:00,2026,4,3,9,Thanh Hóa,Xã Tượng Lĩnh,19.5671309,105.7072205,123,Unhealthy for Sensitive Groups,2,29.0,83,0.0,10.6,195,1006.4,1,58.6,61.7,448.0,6.3,127.0,3.5
2026-04-03 10:00:00,2026,4,3,10,Thanh Hóa,Xã Tượng Lĩnh,19.5671309,105.7072205,123,Unhealthy for Sensitive Groups,2,31.5,71,0.0,11.4,185,1006.2,0,61.5,64.7,426.0,4.9,145.0,3.9
2026-04-03 11:00:00,2026,4,3,11,Thanh Hóa,Xã Tượng Lĩnh,19.5671309,105.7072205,124,Unhealthy for Sensitive Groups,2,33.6,57,0.0,13.5,183,1005.1,0,60.5,63.6,403.0,3.9,161.0,3.9
2026-04-03 12:00:00,2026,4,3,12,Thanh Hóa,Xã Tượng Lĩnh,19.5671309,105.7072205,125,Unhealthy for Sensitive Groups,2,34.5,54,0.0,13.0,180,1003.8,5,56.0,58.6,377.0,3.2,175.0,3.7
2026-04-03 13:00:00,2026,4,3,13,Thanh Hóa,Xã Tượng Lĩnh,19.5671309,105.7072205,126,Unhealthy for Sensitive Groups,2,35.0,54,0.0,13.1,178,1002.2,13,52.7,55.6,358.0,3.0,184.0,3.5
2026-04-03 14:00:00,2026,4,3,14,Thanh Hóa,Xã Tượng Lĩnh,19.5671309,105.7072205,127,Unhealthy for Sensitive Groups,2,34.8,57,0.0,13.8,168,1000.9,18,51.5,55.8,350.0,3.2,185.0,3.4
2026-04-03 15:00:00,2026,4,3,15,Thanh Hóa,Xã Tượng Lĩnh,19.5671309,105.7072205,127,Unhealthy for Sensitive Groups,2,35.0,55,0.0,14.7,173,1000.0,12,51.8,57.7,350.0,3.9,180.0,3.4
2026-04-03 16:00:00,2026,4,3,16,Thanh Hóa,Xã Tượng Lĩnh,19.5671309,105.7072205,135,Unhealthy for Sensitive Groups,2,32.7,65,0.0,18.6,160,999.8,5,51.5,57.9,355.0,5.1,172.0,3.6
2026-04-03 17:00:00,2026,4,3,17,Thanh Hóa,Xã Tượng Lĩnh,19.5671309,105.7072205,149,Unhealthy for Sensitive Groups,2,30.6,85,0.0,18.2,152,999.7,6,48.5,52.9,365.0,7.3,159.0,4.3
2026-04-03 18:00:00,2026,4,3,18,Thanh Hóa,Xã Tượng Lĩnh,19.5671309,105.7072205,154,Unhealthy,3,29.6,88,0.0,17.6,156,1000.3,3,46.1,49.9,381.0,10.1,143.0,5.2
2026-04-03 19:00:00,2026,4,3,19,Thanh Hóa,Xã Tượng Lĩnh,19.5671309,105.7072205,154,Unhealthy,3,30.0,75,0.0,12.5,162,1001.1,0,67.5,75.2,402.0,12.1,119.0,5.9
2026-04-03 20:00:00,2026,4,3,20,Thanh Hóa,Xã Tượng Lĩnh,19.5671309,105.7072205,147,Unhealthy for Sensitive Groups,2,28.9,72,0.0,14.8,153,1001.8,0,66.8,76.1,436.0,13.7,113.0,6.9
2026-04-03 21:00:00,2026,4,3,21,Thanh Hóa,Xã Tượng Lĩnh,19.5671309,105.7072205,141,Unhealthy for Sensitive Groups,2,28.1,72,0.0,10.7,160,1002.7,33,68.9,78.9,474.0,15.9,105.0,8.3
2026-04-03 22:00:00,2026,4,3,22,Thanh Hóa,Xã Tượng Lĩnh,19.5671309,105.7072205,144,Unhealthy for Sensitive Groups,2,27.4,72,0.0,7.3,157,1003.5,78,71.0,80.8,492.0,18.3,94.0,9.4
2026-04-03 23:00:00,2026,4,3,23,Thanh Hóa,Xã Tượng Lĩnh,19.5671309,105.7072205,148,Unhealthy for Sensitive Groups,2,27.1,73,0.0,10.5,161,1003.3,87,73.6,82.2,463.0,21.0,78.0,10.2
2026-04-04 00:00:00,2026,4,4,0,Thanh Hóa,Xã Tượng Lĩnh,19.5671309,105.7072205,150,Unhealthy for Sensitive Groups,2,26.5,74,0.0,6.8,180,1002.9,66,72.9,80.1,413.0,23.9,60.0,10.7
2026-04-04 01:00:00,2026,4,4,1,Thanh Hóa,Xã Tượng Lĩnh,19.5671309,105.7072205,151,Unhealthy,3,25.5,78,0.0,5.6,264,1002.5,27,72.6,78.2,395.0,25.7,46.0,10.9
2026-04-04 02:00:00,2026,4,4,2,Thanh Hóa,Xã Tượng Lĩnh,19.5671309,105.7072205,152,Unhealthy,3,24.5,87,0.0,4.1,304,1002.2,16,78.2,82.9,449.0,25.8,39.0,10.1
2026-04-04 03:00:00,2026,4,4,3,Thanh Hóa,Xã Tượng Lĩnh,19.5671309,105.7072205,152,Unhealthy,3,23.8,95,0.0,4.6,324,1001.9,52,87.1,91.3,535.0,24.8,37.0,8.9
2026-04-04 04:00:00,2026,4,4,4,Thanh Hóa,Xã Tượng Lĩnh,19.5671309,105.7072205,153,Unhealthy,3,23.6,99,0.0,5.8,321,1002.2,13,93.1,97.3,584.0,24.0,38.0,8.9
2026-04-04 05:00:00,2026,4,4,5,Thanh Hóa,Xã Tượng Lĩnh,19.5671309,105.7072205,154,Unhealthy,3,23.7,99,0.0,8.6,331,1002.8,65,92.4,96.4,561.0,24.1,41.0,11.2
2026-04-04 06:00:00,2026,4,4,6,Thanh Hóa,Xã Tượng Lĩnh,19.5671309,105.7072205,155,Unhealthy,3,24.3,97,0.0,16.9,358,1004.2,98,85.0,87.3,502.0,24.3,47.0,14.7
2026-04-04 07:00:00,2026,4,4,7,Thanh Hóa,Xã Tượng Lĩnh,19.5671309,105.7072205,156,Unhealthy,3,24.9,96,0.0,18.3,11,1005.5,92,67.1,69.8,444.0,27.1,58.0,28.2
2026-04-04 08:00:00,2026,4,4,8,Thanh Hóa,Xã Tượng Lĩnh,19.5671309,105.7072205,156,Unhealthy,3,26.8,85,0.0,18.2,20,1006.8,100,63.3,65.7,397.0,24.4,74.0,29.3
2026-04-04 09:00:00,2026,4,4,9,Thanh Hóa,Xã Tượng Lĩnh,19.5671309,105.7072205,156,Unhealthy,3,27.6,81,0.1,21.0,41,1007.5,100,61.2,64.3,351.0,20.6,96.0,30.9
2026-04-04 10:00:00,2026,4,4,10,Thanh Hóa,Xã Tượng Lĩnh,19.5671309,105.7072205,156,Unhealthy,3,27.8,81,0.1,19.5,48,1007.6,100,61.5,65.2,314.0,16.9,119.0,31.4
2026-04-04 11:00:00,2026,4,4,11,Thanh Hóa,Xã Tượng Lĩnh,19.5671309,105.7072205,156,Unhealthy,3,28.5,78,0.0,18.3,58,1007.1,95,65.2,69.4,287.0,13.6,144.0,30.5
2026-04-04 12:00:00,2026,4,4,12,Thanh Hóa,Xã Tượng Lĩnh,19.5671309,105.7072205,156,Unhealthy,3,28.1,80,0.0,17.8,70,1006.5,100,71.9,77.1,269.0,10.4,170.0,28.7
2026-04-04 13:00:00,2026,4,4,13,Thanh Hóa,Xã Tượng Lĩnh,19.5671309,105.7072205,156,Unhealthy,3,28.0,79,0.0,18.3,68,1005.3,84,75.4,81.3,260.0,8.1,186.0,26.0
2026-04-04 14:00:00,2026,4,4,14,Thanh Hóa,Xã Tượng Lĩnh,19.5671309,105.7072205,157,Unhealthy,3,27.4,81,0.0,17.1,89,1004.5,70,72.9,78.7,264.0,6.8,187.0,21.9
2026-04-04 15:00:00,2026,4,4,15,Thanh Hóa,Xã Tượng Lĩnh,19.5671309,105.7072205,157,Unhealthy,3,26.6,83,0.0,13.9,94,1004.0,68,68.2,73.8,278.0,6.3,179.0,17.0
2026-04-04 16:00:00,2026,4,4,16,Thanh Hóa,Xã Tượng Lĩnh,19.5671309,105.7072205,158,Unhealthy,3,26.5,81,0.0,12.5,110,1003.8,72,53.6,58.1,294.0,6.6,167.0,12.8
2026-04-04 17:00:00,2026,4,4,17,Thanh Hóa,Xã Tượng Lĩnh,19.5671309,105.7072205,158,Unhealthy,3,26.0,82,0.0,12.0,120,1003.3,8,42.6,46.4,311.0,8.1,151.0,9.9
2026-04-04 18:00:00,2026,4,4,18,Thanh Hóa,Xã Tượng Lĩnh,19.5671309,105.7072205,158,Unhealthy,3,25.4,85,0.0,10.9,134,1003.4,3,36.0,39.3,331.0,10.5,131.0,7.8
2026-04-04 19:00:00,2026,4,4,19,Thanh Hóa,Xã Tượng Lĩnh,19.5671309,105.7072205,157,Unhealthy,3,24.7,91,0.0,5.6,117,1004.2,9,41.6,45.6,353.0,13.3,114.0,6.5
2026-04-04 20:00:00,2026,4,4,20,Thanh Hóa,Xã Tượng Lĩnh,19.5671309,105.7072205,157,Unhealthy,3,24.6,91,0.0,3.5,111,1004.7,5,40.7,44.9,381.0,14.7,105.0,6.8
2026-04-04 21:00:00,2026,4,4,21,Thanh Hóa,Xã Tượng Lĩnh,19.5671309,105.7072205,156,Unhealthy,3,24.4,92,0.0,4.1,131,1005.0,4,43.4,48.1,412.0,16.7,92.0,7.3
2026-04-04 22:00:00,2026,4,4,22,Thanh Hóa,Xã Tượng Lĩnh,19.5671309,105.7072205,156,Unhealthy,3,24.1,94,0.0,4.2,155,1005.2,4,47.5,52.4,433.0,18.1,81.0,7.6
2026-04-04 23:00:00,2026,4,4,23,Thanh Hóa,Xã Tượng Lĩnh,19.5671309,105.7072205,155,Unhealthy,3,23.9,96,0.0,5.3,162,1005.0,24,49.2,54.1,440.0,18.4,76.0,7.8
2026-04-05 00:00:00,2026,4,5,0,Thanh Hóa,Xã Tượng Lĩnh,19.5671309,105.7072205,155,Unhealthy,3,23.8,97,0.0,4.6,169,1004.3,27,50.4,55.3,438.0,18.1,74.0,8.0
2026-04-05 01:00:00,2026,4,5,1,Thanh Hóa,Xã Tượng Lĩnh,19.5671309,105.7072205,154,Unhealthy,3,23.6,97,0.0,4.7,162,1004.0,70,53.3,58.0,432.0,17.7,71.0,7.9
2026-04-05 02:00:00,2026,4,5,2,Thanh Hóa,Xã Tượng Lĩnh,19.5671309,105.7072205,154,Unhealthy,3,23.7,98,0.0,5.9,178,1003.5,96,58.0,62.4,417.0,17.5,65.0,7.4
2026-04-05 03:00:00,2026,4,5,3,Thanh Hóa,Xã Tượng Lĩnh,19.5671309,105.7072205,153,Unhealthy,3,23.9,97,0.0,6.9,195,1002.9,99,63.8,68.2,399.0,17.3,59.0,6.7
2026-04-05 04:00:00,2026,4,5,4,Thanh Hóa,Xã Tượng Lĩnh,19.5671309,105.7072205,153,Unhealthy,3,24.1,96,0.0,7.2,198,1002.9,100,70.1,74.3,393.0,16.8,55.0,6.3
2026-04-05 05:00:00,2026,4,5,5,Thanh Hóa,Xã Tượng Lĩnh,19.5671309,105.7072205,152,Unhealthy,3,24.4,96,0.0,7.8,193,1003.3,100,76.1,80.6,414.0,15.9,53.0,6.3
2026-04-05 06:00:00,2026,4,5,6,Thanh Hóa,Xã Tượng Lĩnh,19.5671309,105.7072205,152,Unhealthy,3,24.5,95,0.0,7.9,193,1003.5,100,82.7,87.1,447.0,14.7,54.0,6.4
2026-04-05 07:00:00,2026,4,5,7,Thanh Hóa,Xã Tượng Lĩnh,19.5671309,105.7072205,152,Unhealthy,3,24.5,94,0.0,7.2,192,1004.3,100,97.6,102.7,471.0,11.8,70.0,6.0
2026-04-05 08:00:00,2026,4,5,8,Thanh Hóa,Xã Tượng Lĩnh,19.5671309,105.7072205,153,Unhealthy,3,26.1,88,0.0,8.1,179,1004.9,90,98.7,105.2,475.0,10.2,93.0,7.2
2026-04-05 09:00:00,2026,4,5,9,Thanh Hóa,Xã Tượng Lĩnh,19.5671309,105.7072205,153,Unhealthy,3,27.8,83,0.0,6.2,144,1005.0,76,95.7,102.7,469.0,8.0,126.0,8.8
2026-04-05 10:00:00,2026,4,5,10,Thanh Hóa,Xã Tượng Lĩnh,19.5671309,105.7072205,154,Unhealthy,3,29.0,81,0.0,6.8,117,1004.7,42,92.7,99.2,461.0,6.1,155.0,9.5
2026-04-05 11:00:00,2026,4,5,11,Thanh Hóa,Xã Tượng Lĩnh,19.5671309,105.7072205,155,Unhealthy,3,30.0,80,0.0,8.4,109,1004.1,20,85.2,90.8,452.0,4.9,176.0,8.5
2026-04-05 12:00:00,2026,4,5,12,Thanh Hóa,Xã Tượng Lĩnh,19.5671309,105.7072205,155,Unhealthy,3,30.9,79,0.0,10.9,114,1002.8,66,74.7,79.4,441.0,4.1,192.0,6.7
2026-04-05 13:00:00,2026,4,5,13,Thanh Hóa,Xã Tượng Lĩnh,19.5671309,105.7072205,155,Unhealthy,3,28.9,80,0.0,14.4,89,1002.2,25,65.7,69.6,433.0,3.7,201.0,5.2
2026-04-05 14:00:00,2026,4,5,14,Thanh Hóa,Xã Tượng Lĩnh,19.5671309,105.7072205,155,Unhealthy,3,29.0,78,0.0,15.9,93,1001.1,48,60.5,64.3,430.0,3.9,199.0,4.5
2026-04-05 15:00:00,2026,4,5,15,Thanh Hóa,Xã Tượng Lĩnh,19.5671309,105.7072205,155,Unhealthy,3,28.5,80,0.0,15.8,97,1000.4,58,58.6,62.9,429.0,4.5,188.0,4.2
2026-04-05 16:00:00,2026,4,5,16,Thanh Hóa,Xã Tượng Lĩnh,19.5671309,105.7072205,155,Unhealthy,3,28.8,78,0.0,13.1,103,999.9,40,57.5,61.5,429.0,5.5,177.0,4.2
2026-04-05 17:00:00,2026,4,5,17,Thanh Hóa,Xã Tượng Lĩnh,19.5671309,105.7072205,163,Unhealthy,3,28.7,77,0.0,12.6,127,999.8,21,56.2,59.5,422.0,7.4,165.0,4.8
2026-04-05 18:00:00,2026,4,5,18,Thanh Hóa,Xã Tượng Lĩnh,19.5671309,105.7072205,169,Unhealthy,3,28.3,78,0.0,12.5,159,1000.2,23,54.4,57.4,416.0,9.7,151.0,5.9
2026-04-05 19:00:00,2026,4,5,19,Thanh Hóa,Xã Tượng Lĩnh,19.5671309,105.7072205,169,Unhealthy,3,28.3,79,0.0,13.9,169,1000.8,2,87.5,89.6,429.0,16.4,156.0,7.9
2026-04-05 20:00:00,2026,4,5,20,Thanh Hóa,Xã Tượng Lĩnh,19.5671309,105.7072205,165,Unhealthy,3,28.1,79,0.0,14.3,174,1001.2,0,78.7,81.7,484.0,14.8,148.0,8.1
2026-04-05 21:00:00,2026,4,5,21,Thanh Hóa,Xã Tượng Lĩnh,19.5671309,105.7072205,158,Unhealthy,3,28.5,77,0.0,14.4,179,1001.9,1,75.7,80.1,557.0,12.5,136.0,8.3
2026-04-05 22:00:00,2026,4,5,22,Thanh Hóa,Xã Tượng Lĩnh,19.5671309,105.7072205,158,Unhealthy,3,29.0,72,0.0,14.0,193,1002.3,0,76.1,81.5,599.0,10.9,124.0,8.3
2026-04-05 23:00:00,2026,4,5,23,Thanh Hóa,Xã Tượng Lĩnh,19.5671309,105.7072205,158,Unhealthy,3,29.5,64,0.0,13.4,200,1002.3,0,76.8,83.1,583.0,10.5,113.0,7.8
2026-04-06 00:00:00,2026,4,6,0,Thanh Hóa,Xã Tượng Lĩnh,19.5671309,105.7072205,159,Unhealthy,3,29.4,60,0.0,12.4,201,1002.0,0,76.6,83.1,535.0,10.7,101.0,7.1
2026-04-06 01:00:00,2026,4,6,1,Thanh Hóa,Xã Tượng Lĩnh,19.5671309,105.7072205,160,Unhealthy,3,28.6,64,0.0,13.4,197,1001.9,0,76.1,82.4,485.0,11.0,91.0,6.5
2026-04-06 02:00:00,2026,4,6,2,Thanh Hóa,Xã Tượng Lĩnh,19.5671309,105.7072205,160,Unhealthy,3,27.9,66,0.0,12.1,182,1001.8,15,75.0,80.8,434.0,11.3,82.0,6.2
2026-04-06 03:00:00,2026,4,6,3,Thanh Hóa,Xã Tượng Lĩnh,19.5671309,105.7072205,161,Unhealthy,3,27.2,69,0.0,12.3,191,1001.7,21,73.6,78.7,382.0,11.7,74.0,6.0
2026-04-06 04:00:00,2026,4,6,4,Thanh Hóa,Xã Tượng Lĩnh,19.5671309,105.7072205,161,Unhealthy,3,27.0,71,0.0,12.2,199,1001.9,50,71.7,76.4,354.0,12.0,68.0,5.9
2026-04-06 05:00:00,2026,4,6,5,Thanh Hóa,Xã Tượng Lĩnh,19.5671309,105.7072205,161,Unhealthy,3,27.0,71,0.0,11.7,207,1002.4,93,69.4,73.6,374.0,12.2,62.0,5.9
2026-04-06 06:00:00,2026,4,6,6,Thanh Hóa,Xã Tượng Lĩnh,19.5671309,105.7072205,161,Unhealthy,3,27.1,69,0.0,11.4,213,1002.8,87,66.6,70.3,418.0,12.3,58.0,5.9
2026-04-06 07:00:00,2026,4,6,7,Thanh Hóa,Xã Tượng Lĩnh,19.5671309,105.7072205,160,Unhealthy,3,28.5,67,0.0,11.3,214,1003.3,79,96.4,100.6,449.0,13.2,52.0,5.8
2026-04-06 08:00:00,2026,4,6,8,Thanh Hóa,Xã Tượng Lĩnh,19.5671309,105.7072205,160,Unhealthy,3,31.0,65,0.0,12.2,211,1004.2,27,96.4,101.5,449.0,11.1,83.0,6.3
2026-04-06 09:00:00,2026,4,6,9,Thanh Hóa,Xã Tượng Lĩnh,19.5671309,105.7072205,160,Unhealthy,3,33.5,59,0.0,12.2,204,1004.6,4,93.8,99.7,435.0,8.2,125.0,6.9
2026-04-06 10:00:00,2026,4,6,10,Thanh Hóa,Xã Tượng Lĩnh,19.5671309,105.7072205,160,Unhealthy,3,35.0,48,0.0,16.9,210,1004.4,40,82.4,89.2,419.0,5.8,157.0,7.0
2026-04-06 11:00:00,2026,4,6,11,Thanh Hóa,Xã Tượng Lĩnh,19.5671309,105.7072205,160,Unhealthy,3,36.0,45,0.0,19.1,218,1003.9,0,66.4,73.3,401.0,4.4,169.0,6.2
2026-04-06 12:00:00,2026,4,6,12,Thanh Hóa,Xã Tượng Lĩnh,19.5671309,105.7072205,160,Unhealthy,3,37.1,42,0.0,23.6,231,1003.1,4,61.2,68.5,381.0,3.5,171.0,4.9
2026-04-06 13:00:00,2026,4,6,13,Thanh Hóa,Xã Tượng Lĩnh,19.5671309,105.7072205,159,Unhealthy,3,37.9,37,0.0,24.2,237,1002.2,20,58.1,65.7,365.0,3.1,169.0,4.0
2026-04-06 14:00:00,2026,4,6,14,Thanh Hóa,Xã Tượng Lĩnh,19.5671309,105.7072205,159,Unhealthy,3,37.5,40,0.0,21.6,230,1001.6,17,55.9,63.1,352.0,3.4,164.0,3.7
2026-04-06 15:00:00,2026,4,6,15,Thanh Hóa,Xã Tượng Lĩnh,19.5671309,105.7072205,159,Unhealthy,3,37.7,39,0.0,19.1,219,1000.7,5,54.6,61.2,344.0,4.2,156.0,3.7
2026-04-06 16:00:00,2026,4,6,16,Thanh Hóa,Xã Tượng Lĩnh,19.5671309,105.7072205,159,Unhealthy,3,36.0,44,0.0,16.1,211,1000.6,5,53.4,58.8,351.0,5.2,148.0,3.9
2026-04-06 17:00:00,2026,4,6,17,Thanh Hóa,Xã Tượng Lĩnh,19.5671309,105.7072205,159,Unhealthy,3,34.7,48,0.0,12.8,202,1000.5,2,54.0,59.3,388.0,6.5,142.0,4.5
2026-04-06 18:00:00,2026,4,6,18,Thanh Hóa,Xã Tượng Lĩnh,19.5671309,105.7072205,159,Unhealthy,3,33.0,51,0.0,14.1,201,1000.9,2,55.1,59.8,440.0,7.9,138.0,5.4
2026-04-06 19:00:00,2026,4,6,19,Thanh Hóa,Xã Tượng Lĩnh,19.5671309,105.7072205,159,Unhealthy,3,34.2,41,0.0,19.9,217,1001.1,2,69.4,77.1,473.0,11.4,113.0,6.3
2026-04-06 20:00:00,2026,4,6,20,Thanh Hóa,Xã Tượng Lĩnh,19.5671309,105.7072205,158,Unhealthy,3,34.4,39,0.0,23.5,226,1001.6,2,68.5,75.4,471.0,10.4,115.0,6.3
2026-04-06 21:00:00,2026,4,6,21,Thanh Hóa,Xã Tượng Lĩnh,19.5671309,105.7072205,158,Unhealthy,3,33.8,39,0.0,22.6,228,1002.4,0,70.1,77.5,450.0,9.1,118.0,6.3
2026-04-06 22:00:00,2026,4,6,22,Thanh Hóa,Xã Tượng Lĩnh,19.5671309,105.7072205,158,Unhealthy,3,33.1,41,0.0,19.8,229,1002.9,0,72.4,80.8,428.0,8.5,117.0,6.3
2026-04-06 23:00:00,2026,4,6,23,Thanh Hóa,Xã Tượng Lĩnh,19.5671309,105.7072205,158,Unhealthy,3,32.1,44,0.0,17.5,230,1002.9,0,74.0,82.9,409.0,9.3,108.0,6.1
2026-04-07 00:00:00,2026,4,7,0,Thanh Hóa,Xã Tượng Lĩnh,19.5671309,105.7072205,158,Unhealthy,3,31.2,47,0.0,15.5,228,1002.6,0,74.3,82.9,388.0,10.9,95.0,5.9
2026-04-07 01:00:00,2026,4,7,1,Thanh Hóa,Xã Tượng Lĩnh,19.5671309,105.7072205,158,Unhealthy,3,30.5,52,0.0,13.6,228,1002.3,0,74.3,82.2,371.0,12.3,82.0,5.7
2026-04-07 02:00:00,2026,4,7,2,Thanh Hóa,Xã Tượng Lĩnh,19.5671309,105.7072205,158,Unhealthy,3,30.0,54,0.0,13.2,219,1001.9,5,73.8,80.6,356.0,13.3,71.0,5.6
2026-04-07 03:00:00,2026,4,7,3,Thanh Hóa,Xã Tượng Lĩnh,19.5671309,105.7072205,158,Unhealthy,3,29.8,54,0.0,12.7,216,1001.8,6,73.1,79.2,346.0,14.1,61.0,5.4
2026-04-07 04:00:00,2026,4,7,4,Thanh Hóa,Xã Tượng Lĩnh,19.5671309,105.7072205,158,Unhealthy,3,29.7,53,0.0,13.4,217,1002.2,19,72.2,77.8,348.0,14.3,55.0,5.4
2026-04-07 05:00:00,2026,4,7,5,Thanh Hóa,Xã Tượng Lĩnh,19.5671309,105.7072205,158,Unhealthy,3,29.9,51,0.0,14.1,220,1002.8,3,71.5,76.8,376.0,13.7,53.0,5.4
2026-04-07 06:00:00,2026,4,7,6,Thanh Hóa,Xã Tượng Lĩnh,19.5671309,105.7072205,158,Unhealthy,3,29.8,52,0.0,14.7,223,1003.3,0,70.3,75.4,417.0,12.6,55.0,5.5
2026-04-07 07:00:00,2026,4,7,7,Thanh Hóa,Xã Tượng Lĩnh,19.5671309,105.7072205,158,Unhealthy,3,31.0,50,0.0,18.3,231,1004.1,0,100.4,107.6,442.0,13.7,55.0,6.0
2026-04-07 08:00:00,2026,4,7,8,Thanh Hóa,Xã Tượng Lĩnh,19.5671309,105.7072205,158,Unhealthy,3,32.2,52,0.0,18.0,228,1004.8,6,99.2,106.2,436.0,11.6,86.0,6.5
2026-04-07 09:00:00,2026,4,7,9,Thanh Hóa,Xã Tượng Lĩnh,19.5671309,105.7072205,158,Unhealthy,3,33.9,51,0.0,17.2,224,1005.1,2,97.1,104.8,415.0,8.6,130.0,7.1
2026-04-07 10:00:00,2026,4,7,10,Thanh Hóa,Xã Tượng Lĩnh,19.5671309,105.7072205,158,Unhealthy,3,35.4,45,0.0,20.0,225,1005.2,0,89.9,99.4,396.0,6.3,164.0,7.4
2026-04-07 11:00:00,2026,4,7,11,Thanh Hóa,Xã Tượng Lĩnh,19.5671309,105.7072205,158,Unhealthy,3,36.5,42,0.0,20.5,227,1004.7,0,79.2,88.5,384.0,5.1,182.0,7.0
2026-04-07 12:00:00,2026,4,7,12,Thanh Hóa,Xã Tượng Lĩnh,19.5671309,105.7072205,159,Unhealthy,3,37.4,39,0.0,19.7,229,1004.1,0,75.7,84.8,375.0,4.5,190.0,6.1
2026-04-07 13:00:00,2026,4,7,13,Thanh Hóa,Xã Tượng Lĩnh,19.5671309,105.7072205,159,Unhealthy,3,38.2,36,0.0,19.9,228,1003.0,0,73.8,82.2,367.0,4.5,192.0,5.5
2026-04-07 14:00:00,2026,4,7,14,Thanh Hóa,Xã Tượng Lĩnh,19.5671309,105.7072205,159,Unhealthy,3,38.0,38,0.0,21.3,222,1002.1,0,71.5,79.6,359.0,5.1,186.0,5.2
2026-04-07 15:00:00,2026,4,7,15,Thanh Hóa,Xã Tượng Lĩnh,19.5671309,105.7072205,160,Unhealthy,3,37.8,37,0.0,17.9,214,1001.3,2,69.8,77.8,353.0,6.3,174.0,5.0
2026-04-07 16:00:00,2026,4,7,16,Thanh Hóa,Xã Tượng Lĩnh,19.5671309,105.7072205,160,Unhealthy,3,36.0,44,0.0,16.1,185,1001.0,2,71.2,77.8,357.0,7.7,161.0,5.1
2026-04-07 17:00:00,2026,4,7,17,Thanh Hóa,Xã Tượng Lĩnh,19.5671309,105.7072205,160,Unhealthy,3,33.5,61,0.0,15.0,174,1001.4,4,72.4,77.8,381.0,9.7,147.0,5.7
2026-04-07 18:00:00,2026,4,7,18,Thanh Hóa,Xã Tượng Lĩnh,19.5671309,105.7072205,161,Unhealthy,3,31.3,76,0.0,12.0,171,1001.9,3,69.6,74.5,414.0,12.0,131.0,6.5
2026-04-07 19:00:00,2026,4,7,19,Thanh Hóa,Xã Tượng Lĩnh,19.5671309,105.7072205,161,Unhealthy,3,30.8,73,0.0,12.2,172,1002.0,14,59.5,62.6,434.0,15.2,116.0,6.9
2026-04-07 20:00:00,2026,4,7,20,Thanh Hóa,Xã Tượng Lĩnh,19.5671309,105.7072205,161,Unhealthy,3,32.4,59,0.0,14.7,200,1002.4,47,59.3,63.1,426.0,14.1,112.0,7.0
2026-04-07 21:00:00,2026,4,7,21,Thanh Hóa,Xã Tượng Lĩnh,19.5671309,105.7072205,161,Unhealthy,3,31.8,51,0.0,13.1,216,1003.3,35,59.8,64.3,405.0,12.6,107.0,7.2
2026-04-07 22:00:00,2026,4,7,22,Thanh Hóa,Xã Tượng Lĩnh,19.5671309,105.7072205,160,Unhealthy,3,30.4,53,0.0,11.3,200,1004.1,18,61.7,66.6,388.0,11.9,99.0,7.2
2026-04-07 23:00:00,2026,4,7,23,Thanh Hóa,Xã Tượng Lĩnh,19.5671309,105.7072205,160,Unhealthy,3,29.4,55,0.0,9.5,199,1004.1,52,64.0,69.4,382.0,12.7,87.0,6.8
2026-04-08 00:00:00,2026,4,8,0,Thanh Hóa,Xã Tượng Lĩnh,19.5671309,105.7072205,160,Unhealthy,3,28.1,59,0.0,7.3,211,1004.0,13,65.4,71.0,381.0,14.2,73.0,6.2
2026-04-08 01:00:00,2026,4,8,1,Thanh Hóa,Xã Tượng Lĩnh,19.5671309,105.7072205,160,Unhealthy,3,28.3,58,0.0,6.8,228,1003.1,12,66.4,71.9,380.0,15.6,61.0,5.7
2026-04-08 02:00:00,2026,4,8,2,Thanh Hóa,Xã Tượng Lĩnh,19.5671309,105.7072205,160,Unhealthy,3,28.0,59,0.0,4.7,227,1003.0,0,66.4,71.2,374.0,16.8,51.0,5.2
2026-04-08 03:00:00,2026,4,8,3,Thanh Hóa,Xã Tượng Lĩnh,19.5671309,105.7072205,159,Unhealthy,3,27.1,64,0.0,8.5,145,1002.9,0,65.9,70.5,368.0,17.9,42.0,4.8
2026-04-08 04:00:00,2026,4,8,4,Thanh Hóa,Xã Tượng Lĩnh,19.5671309,105.7072205,159,Unhealthy,3,26.2,71,0.0,7.2,183,1003.3,0,65.9,70.1,378.0,18.3,38.0,4.6
2026-04-08 05:00:00,2026,4,8,5,Thanh Hóa,Xã Tượng Lĩnh,19.5671309,105.7072205,159,Unhealthy,3,25.8,70,0.0,8.4,199,1004.0,0,66.4,70.5,421.0,17.9,37.0,4.7
2026-04-08 06:00:00,2026,4,8,6,Thanh Hóa,Xã Tượng Lĩnh,19.5671309,105.7072205,159,Unhealthy,3,25.8,70,0.0,10.0,197,1004.4,0,67.5,71.9,480.0,16.8,40.0,5.1
2026-04-08 07:00:00,2026,4,8,7,Thanh Hóa,Xã Tượng Lĩnh,19.5671309,105.7072205,159,Unhealthy,3,27.1,71,0.0,9.0,211,1005.4,0,80.8,85.4,513.0,15.2,56.0,5.8
2026-04-08 08:00:00,2026,4,8,8,Thanh Hóa,Xã Tượng Lĩnh,19.5671309,105.7072205,158,Unhealthy,3,29.7,70,0.0,8.5,207,1006.2,0,81.3,85.9,498.0,12.5,93.0,6.5
2026-04-08 09:00:00,2026,4,8,9,Thanh Hóa,Xã Tượng Lĩnh,19.5671309,105.7072205,158,Unhealthy,3,32.8,63,0.0,8.3,186,1006.7,0,78.5,83.8,457.0,8.8,145.0,7.3
2026-04-08 10:00:00,2026,4,8,10,Thanh Hóa,Xã Tượng Lĩnh,19.5671309,105.7072205,158,Unhealthy,3,34.3,58,0.0,11.8,174,1006.6,0,69.2,74.5,421.0,5.9,185.0,7.6
2026-04-08 11:00:00,2026,4,8,11,Thanh Hóa,Xã Tượng Lĩnh,19.5671309,105.7072205,157,Unhealthy,3,34.7,56,0.0,12.7,167,1006.3,0,56.6,60.8,401.0,4.5,202.0,6.8
2026-04-08 12:00:00,2026,4,8,12,Thanh Hóa,Xã Tượng Lĩnh,19.5671309,105.7072205,157,Unhealthy,3,35.0,57,0.0,13.7,163,1005.4,0,52.4,56.2,385.0,3.9,207.0,5.4
2026-04-08 13:00:00,2026,4,8,13,Thanh Hóa,Xã Tượng Lĩnh,19.5671309,105.7072205,156,Unhealthy,3,34.8,60,0.0,14.3,159,1004.3,9,48.5,52.3,373.0,3.7,205.0,4.3
2026-04-08 14:00:00,2026,4,8,14,Thanh Hóa,Xã Tượng Lĩnh,19.5671309,105.7072205,156,Unhealthy,3,34.2,65,0.0,16.8,154,1003.5,27,43.8,47.4,366.0,3.8,196.0,3.7
2026-04-08 15:00:00,2026,4,8,15,Thanh Hóa,Xã Tượng Lĩnh,19.5671309,105.7072205,155,Unhealthy,3,33.0,66,0.0,17.0,152,1003.0,42,40.4,43.7,362.0,4.4,181.0,3.3
2026-04-08 16:00:00,2026,4,8,16,Thanh Hóa,Xã Tượng Lĩnh,19.5671309,105.7072205,163,Unhealthy,3,32.8,67,0.0,16.9,152,1002.4,16,38.9,41.6,358.0,5.4,164.0,3.3
2026-04-08 17:00:00,2026,4,8,17,Thanh Hóa,Xã Tượng Lĩnh,19.5671309,105.7072205,174,Unhealthy,3,30.5,73,0.0,19.2,148,1002.5,16,38.0,40.0,349.0,7.3,147.0,3.9
2026-04-08 18:00:00,2026,4,8,18,Thanh Hóa,Xã Tượng Lĩnh,19.5671309,105.7072205,175,Unhealthy,3,29.3,69,0.0,18.0,153,1002.8,16,38.0,40.0,338.0,9.6,129.0,4.9
2026-04-08 19:00:00,2026,4,8,19,Thanh Hóa,Xã Tượng Lĩnh,19.5671309,105.7072205,166,Unhealthy,3,28.9,73,0.0,20.1,156,1002.9,17,45.9,48.4,337.0,13.5,123.0,6.6
2026-04-08 20:00:00,2026,4,8,20,Thanh Hóa,Xã Tượng Lĩnh,19.5671309,105.7072205,153,Unhealthy,3,29.0,72,0.0,17.6,166,1003.6,13,45.8,48.5,357.0,13.3,113.0,6.7
2026-04-08 21:00:00,2026,4,8,21,Thanh Hóa,Xã Tượng Lĩnh,19.5671309,105.7072205,152,Unhealthy,3,28.2,76,0.0,16.1,160,1004.6,0,46.9,50.1,386.0,13.0,99.0,6.8
2026-04-08 22:00:00,2026,4,8,22,Thanh Hóa,Xã Tượng Lĩnh,19.5671309,105.7072205,151,Unhealthy,3,27.6,80,0.0,16.6,161,1005.1,0,49.7,53.3,395.0,12.9,90.0,6.8
2026-04-08 23:00:00,2026,4,8,23,Thanh Hóa,Xã Tượng Lĩnh,19.5671309,105.7072205,151,Unhealthy,3,27.3,82,0.0,19.1,160,1005.5,0,51.9,56.0,362.0,13.1,90.0,6.7
2026-04-09 00:00:00,2026,4,9,0,Thanh Hóa,Xã Tượng Lĩnh,19.5671309,105.7072205,151,Unhealthy,3,26.9,85,0.0,20.7,165,1005.3,0,48.3,52.3,310.0,13.5,93.0,6.5
2026-04-09 01:00:00,2026,4,9,1,Thanh Hóa,Xã Tượng Lĩnh,19.5671309,105.7072205,150,Unhealthy for Sensitive Groups,2,26.6,87,0.0,18.9,166,1004.7,0,41.9,45.2,274.0,14.0,95.0,6.3
2026-04-09 02:00:00,2026,4,9,2,Thanh Hóa,Xã Tượng Lĩnh,19.5671309,105.7072205,150,Unhealthy for Sensitive Groups,2,26.5,87,0.0,17.7,168,1004.4,0,38.9,41.6,267.0,14.6,92.0,6.3
2026-04-09 03:00:00,2026,4,9,3,Thanh Hóa,Xã Tượng Lĩnh,19.5671309,105.7072205,147,Unhealthy for Sensitive Groups,2,26.3,88,0.0,15.7,170,1004.0,2,39.2,41.8,276.0,15.3,87.0,6.3
2026-04-09 04:00:00,2026,4,9,4,Thanh Hóa,Xã Tượng Lĩnh,19.5671309,105.7072205,144,Unhealthy for Sensitive Groups,2,26.0,90,0.0,14.2,173,1004.2,8,42.8,45.3,300.0,15.7,82.0,6.3
2026-04-09 05:00:00,2026,4,9,5,Thanh Hóa,Xã Tượng Lĩnh,19.5671309,105.7072205,142,Unhealthy for Sensitive Groups,2,25.8,91,0.0,12.8,177,1004.9,17,46.2,48.7,351.0,16.1,74.0,6.2
2026-04-09 06:00:00,2026,4,9,6,Thanh Hóa,Xã Tượng Lĩnh,19.5671309,105.7072205,140,Unhealthy for Sensitive Groups,2,25.5,93,0.0,10.4,182,1005.4,33,49.6,52.2,417.0,16.3,67.0,6.0
2026-04-09 07:00:00,2026,4,9,7,Thanh Hóa,Xã Tượng Lĩnh,19.5671309,105.7072205,138,Unhealthy for Sensitive Groups,2,26.5,93,0.0,10.3,187,1006.2,7,67.5,70.3,462.0,19.7,71.0,5.6
2026-04-09 08:00:00,2026,4,9,8,Thanh Hóa,Xã Tượng Lĩnh,19.5671309,105.7072205,136,Unhealthy for Sensitive Groups,2,28.5,85,0.0,7.8,176,1006.8,3,69.4,73.3,470.0,15.9,111.0,7.2
2026-04-09 09:00:00,2026,4,9,9,Thanh Hóa,Xã Tượng Lĩnh,19.5671309,105.7072205,135,Unhealthy for Sensitive Groups,2,30.4,77,0.0,8.0,164,1007.2,0,71.2,76.1,458.0,10.6,167.0,9.4
2026-04-09 10:00:00,2026,4,9,10,Thanh Hóa,Xã Tượng Lĩnh,19.5671309,105.7072205,134,Unhealthy for Sensitive Groups,2,32.1,68,0.0,10.9,160,1006.9,0,69.4,73.8,439.0,6.5,208.0,10.3
2026-04-09 11:00:00,2026,4,9,11,Thanh Hóa,Xã Tượng Lĩnh,19.5671309,105.7072205,134,Unhealthy for Sensitive Groups,2,33.2,64,0.0,13.8,158,1006.3,0,60.8,64.0,413.0,4.6,220.0,8.9
2026-04-09 12:00:00,2026,4,9,12,Thanh Hóa,Xã Tượng Lĩnh,19.5671309,105.7072205,135,Unhealthy for Sensitive Groups,2,33.8,63,0.0,15.0,157,1005.5,3,51.9,54.6,381.0,3.9,218.0,6.2
2026-04-09 13:00:00,2026,4,9,13,Thanh Hóa,Xã Tượng Lĩnh,19.5671309,105.7072205,135,Unhealthy for Sensitive Groups,2,33.7,68,0.0,13.7,141,1004.7,17,43.8,46.3,358.0,3.7,211.0,4.1
2026-04-09 14:00:00,2026,4,9,14,Thanh Hóa,Xã Tượng Lĩnh,19.5671309,105.7072205,137,Unhealthy for Sensitive Groups,2,33.3,72,0.0,15.3,138,1003.7,2,38.4,40.5,353.0,3.8,202.0,3.2
2026-04-09 15:00:00,2026,4,9,15,Thanh Hóa,Xã Tượng Lĩnh,19.5671309,105.7072205,162,Unhealthy,3,32.8,75,0.0,17.4,143,1002.7,12,35.0,36.9,357.0,4.4,188.0,2.8
2026-04-09 16:00:00,2026,4,9,16,Thanh Hóa,Xã Tượng Lĩnh,19.5671309,105.7072205,181,Unhealthy,3,32.3,80,0.0,19.2,156,1002.1,13,34.1,35.5,357.0,5.3,174.0,2.9
2026-04-09 17:00:00,2026,4,9,17,Thanh Hóa,Xã Tượng Lĩnh,19.5671309,105.7072205,191,Unhealthy,3,31.1,67,0.0,20.9,165,1002.2,0,34.2,35.3,345.0,6.7,160.0,3.5
2026-04-09 18:00:00,2026,4,9,18,Thanh Hóa,Xã Tượng Lĩnh,19.5671309,105.7072205,190,Unhealthy,3,29.1,71,0.0,21.0,166,1002.7,2,33.6,34.7,329.0,8.5,145.0,4.5
2026-04-09 19:00:00,2026,4,9,19,Thanh Hóa,Xã Tượng Lĩnh,19.5671309,105.7072205,180,Unhealthy,3,28.9,73,0.0,20.8,164,1003.2,2,41.8,44.0,318.0,13.3,152.0,6.3
2026-04-09 20:00:00,2026,4,9,20,Thanh Hóa,Xã Tượng Lĩnh,19.5671309,105.7072205,169,Unhealthy,3,28.8,72,0.0,18.9,169,1003.8,16,40.5,42.7,319.0,12.7,140.0,6.5
2026-04-09 21:00:00,2026,4,9,21,Thanh Hóa,Xã Tượng Lĩnh,19.5671309,105.7072205,156,Unhealthy,3,28.5,70,0.0,15.9,165,1004.5,27,42.6,44.7,326.0,12.0,123.0,6.8
2026-04-09 22:00:00,2026,4,9,22,Thanh Hóa,Xã Tượng Lĩnh,19.5671309,105.7072205,140,Unhealthy for Sensitive Groups,2,28.8,60,0.0,12.3,168,1005.3,0,46.1,48.2,327.0,11.7,107.0,6.8
2026-04-09 23:00:00,2026,4,9,23,Thanh Hóa,Xã Tượng Lĩnh,19.5671309,105.7072205,130,Unhealthy for Sensitive Groups,2,28.3,59,0.0,13.9,170,1005.4,0,48.2,50.3,318.0,12.2,95.0,6.4
2026-04-10 00:00:00,2026,4,10,0,Thanh Hóa,Xã Tượng Lĩnh,19.5671309,105.7072205,130,Unhealthy for Sensitive Groups,2,27.4,68,0.0,13.2,170,1005.0,0,48.7,50.8,303.0,13.2,84.0,5.7
2026-04-10 01:00:00,2026,4,10,1,Thanh Hóa,Xã Tượng Lĩnh,19.5671309,105.7072205,130,Unhealthy for Sensitive Groups,2,26.9,79,0.0,13.0,175,1004.4,1,49.4,51.7,291.0,14.4,73.0,5.1
2026-04-10 02:00:00,2026,4,10,2,Thanh Hóa,Xã Tượng Lĩnh,19.5671309,105.7072205,130,Unhealthy for Sensitive Groups,2,26.7,81,0.0,11.9,179,1003.9,0,50.5,52.6,280.0,16.3,59.0,4.5
2026-04-10 03:00:00,2026,4,10,3,Thanh Hóa,Xã Tượng Lĩnh,19.5671309,105.7072205,132,Unhealthy for Sensitive Groups,2,26.4,79,0.0,11.9,182,1003.6,0,51.5,53.3,272.0,18.4,44.0,4.0
2026-04-10 04:00:00,2026,4,10,4,Thanh Hóa,Xã Tượng Lĩnh,19.5671309,105.7072205,133,Unhealthy for Sensitive Groups,2,26.0,80,0.0,11.0,182,1003.7,0,52.4,53.9,275.0,19.5,36.0,3.8
2026-04-10 05:00:00,2026,4,10,5,Thanh Hóa,Xã Tượng Lĩnh,19.5671309,105.7072205,134,Unhealthy for Sensitive Groups,2,25.5,82,0.0,10.4,189,1004.2,0,53.9,55.2,299.0,19.0,34.0,4.1
2026-04-10 06:00:00,2026,4,10,6,Thanh Hóa,Xã Tượng Lĩnh,19.5671309,105.7072205,135,Unhealthy for Sensitive Groups,2,25.5,79,0.0,11.4,195,1005.0,0,56.3,57.6,336.0,17.5,39.0,4.8
2026-04-10 07:00:00,2026,4,10,7,Thanh Hóa,Xã Tượng Lĩnh,19.5671309,105.7072205,135,Unhealthy for Sensitive Groups,2,26.1,85,0.0,8.5,222,1005.6,0,80.6,82.4,366.0,15.4,56.0,5.7
2026-04-10 08:00:00,2026,4,10,8,Thanh Hóa,Xã Tượng Lĩnh,19.5671309,105.7072205,137,Unhealthy for Sensitive Groups,2,28.6,76,0.0,5.1,222,1006.1,0,80.3,82.0,388.0,12.8,94.0,6.4
2026-04-10 09:00:00,2026,4,10,9,Thanh Hóa,Xã Tượng Lĩnh,19.5671309,105.7072205,138,Unhealthy for Sensitive Groups,2,31.9,64,0.0,5.8,196,1006.3,0,79.6,81.7,404.0,9.1,146.0,7.3
2026-04-10 10:00:00,2026,4,10,10,Thanh Hóa,Xã Tượng Lĩnh,19.5671309,105.7072205,139,Unhealthy for Sensitive Groups,2,34.3,53,0.0,9.1,197,1006.4,0,74.0,76.4,403.0,6.2,184.0,7.5
2026-04-10 11:00:00,2026,4,10,11,Thanh Hóa,Xã Tượng Lĩnh,19.5671309,105.7072205,139,Unhealthy for Sensitive Groups,2,35.7,44,0.0,13.7,196,1005.9,0,58.7,61.0,371.0,4.6,193.0,6.4
2026-04-10 12:00:00,2026,4,10,12,Thanh Hóa,Xã Tượng Lĩnh,19.5671309,105.7072205,139,Unhealthy for Sensitive Groups,2,36.2,46,0.0,15.2,194,1005.0,0,49.0,51.0,322.0,3.7,187.0,4.7
2026-04-10 13:00:00,2026,4,10,13,Thanh Hóa,Xã Tượng Lĩnh,19.5671309,105.7072205,139,Unhealthy for Sensitive Groups,2,36.6,43,0.0,15.2,196,1003.8,4,44.1,45.8,288.0,3.3,182.0,3.4
2026-04-10 14:00:00,2026,4,10,14,Thanh Hóa,Xã Tượng Lĩnh,19.5671309,105.7072205,139,Unhealthy for Sensitive Groups,2,36.8,42,0.0,17.5,206,1002.6,0,40.7,42.1,287.0,3.5,182.0,2.9
2026-04-10 15:00:00,2026,4,10,15,Thanh Hóa,Xã Tượng Lĩnh,19.5671309,105.7072205,139,Unhealthy for Sensitive Groups,2,36.7,38,0.0,16.6,201,1001.8,2,38.2,39.3,301.0,4.3,182.0,2.9
2026-04-10 16:00:00,2026,4,10,16,Thanh Hóa,Xã Tượng Lĩnh,19.5671309,105.7072205,153,Unhealthy,3,34.3,55,0.0,19.2,174,1001.3,1,36.8,37.6,314.0,5.4,180.0,3.2
2026-04-10 17:00:00,2026,4,10,17,Thanh Hóa,Xã Tượng Lĩnh,19.5671309,105.7072205,166,Unhealthy,3,32.2,65,0.0,18.2,168,1001.0,1,36.4,37.3,320.0,6.9,174.0,3.9
2026-04-10 18:00:00,2026,4,10,18,Thanh Hóa,Xã Tượng Lĩnh,19.5671309,105.7072205,171,Unhealthy,3,30.8,66,0.0,16.4,177,1001.6,0,38.0,38.6,324.0,8.7,165.0,4.9
2026-04-10 19:00:00,2026,4,10,19,Thanh Hóa,Xã Tượng Lĩnh,19.5671309,105.7072205,168,Unhealthy,3,30.5,74,0.0,15.5,180,1002.0,0,51.2,52.9,328.0,11.7,156.0,6.4
2026-04-10 20:00:00,2026,4,10,20,Thanh Hóa,Xã Tượng Lĩnh,19.5671309,105.7072205,162,Unhealthy,3,32.0,43,0.0,20.9,201,1002.6,0,51.6,53.1,336.0,11.1,148.0,6.4
2026-04-10 21:00:00,2026,4,10,21,Thanh Hóa,Xã Tượng Lĩnh,19.5671309,105.7072205,156,Unhealthy,3,31.6,38,0.0,19.4,199,1003.1,1,51.9,53.3,343.0,10.3,136.0,6.5
2026-04-10 22:00:00,2026,4,10,22,Thanh Hóa,Xã Tượng Lĩnh,19.5671309,105.7072205,148,Unhealthy for Sensitive Groups,2,30.9,39,0.0,17.6,207,1003.5,0,52.0,53.4,343.0,9.8,124.0,6.4
2026-04-10 23:00:00,2026,4,10,23,Thanh Hóa,Xã Tượng Lĩnh,19.5671309,105.7072205,144,Unhealthy for Sensitive Groups,2,30.1,42,0.0,17.9,214,1003.4,0,51.1,52.5,326.0,9.9,113.0,6.1
2026-04-11 00:00:00,2026,4,11,0,Thanh Hóa,Xã Tượng Lĩnh,19.5671309,105.7072205,144,Unhealthy for Sensitive Groups,2,29.5,44,0.0,18.5,215,1003.1,0,49.2,50.6,301.0,10.3,102.0,5.7
2026-04-11 01:00:00,2026,4,11,1,Thanh Hóa,Xã Tượng Lĩnh,19.5671309,105.7072205,144,Unhealthy for Sensitive Groups,2,28.8,48,0.0,13.7,213,1002.9,0,47.3,48.5,285.0,10.7,92.0,5.4
2026-04-11 02:00:00,2026,4,11,2,Thanh Hóa,Xã Tượng Lĩnh,19.5671309,105.7072205,144,Unhealthy for Sensitive Groups,2,28.2,51,0.0,13.4,213,1002.4,0,45.5,46.7,283.0,11.1,83.0,5.1
2026-04-11 03:00:00,2026,4,11,3,Thanh Hóa,Xã Tượng Lĩnh,19.5671309,105.7072205,144,Unhealthy for Sensitive Groups,2,27.6,54,0.0,12.2,196,1002.1,0,43.7,44.7,289.0,11.6,75.0,4.8
2026-04-11 04:00:00,2026,4,11,4,Thanh Hóa,Xã Tượng Lĩnh,19.5671309,105.7072205,143,Unhealthy for Sensitive Groups,2,27.5,55,0.0,12.3,205,1002.5,0,41.8,42.7,305.0,11.7,70.0,4.7
2026-04-11 05:00:00,2026,4,11,5,Thanh Hóa,Xã Tượng Lĩnh,19.5671309,105.7072205,142,Unhealthy for Sensitive Groups,2,27.8,54,0.0,13.8,209,1003.0,0,39.9,40.7,340.0,11.4,67.0,4.8
2026-04-11 06:00:00,2026,4,11,6,Thanh Hóa,Xã Tượng Lĩnh,19.5671309,105.7072205,140,Unhealthy for Sensitive Groups,2,27.9,55,0.0,16.7,210,1003.7,0,38.1,38.8,384.0,10.7,66.0,5.0
2026-04-11 07:00:00,2026,4,11,7,Thanh Hóa,Xã Tượng Lĩnh,19.5671309,105.7072205,138,Unhealthy for Sensitive Groups,2,28.2,58,0.0,18.1,205,1004.3,0,46.0,46.7,413.0,10.1,71.0,5.4
2026-04-11 08:00:00,2026,4,11,8,Thanh Hóa,Xã Tượng Lĩnh,19.5671309,105.7072205,135,Unhealthy for Sensitive Groups,2,30.5,57,0.0,19.2,206,1004.9,0,47.1,47.8,412.0,8.6,96.0,5.8
2026-04-11 09:00:00,2026,4,11,9,Thanh Hóa,Xã Tượng Lĩnh,19.5671309,105.7072205,131,Unhealthy for Sensitive Groups,2,32.2,56,0.0,17.9,208,1005.1,0,48.7,49.6,395.0,6.4,130.0,6.2
2026-04-11 10:00:00,2026,4,11,10,Thanh Hóa,Xã Tượng Lĩnh,19.5671309,105.7072205,128,Unhealthy for Sensitive Groups,2,33.8,49,0.0,19.0,215,1005.0,0,47.0,48.1,379.0,4.7,157.0,6.3
2026-04-11 11:00:00,2026,4,11,11,Thanh Hóa,Xã Tượng Lĩnh,19.5671309,105.7072205,125,Unhealthy for Sensitive Groups,2,35.3,41,0.0,19.6,215,1004.2,0,43.9,45.3,369.0,3.7,171.0,5.7
2026-04-11 12:00:00,2026,4,11,12,Thanh Hóa,Xã Tượng Lĩnh,19.5671309,105.7072205,124,Unhealthy for Sensitive Groups,2,36.3,40,0.0,19.8,214,1003.3,0,40.5,42.1,360.0,3.1,177.0,4.8
2026-04-11 13:00:00,2026,4,11,13,Thanh Hóa,Xã Tượng Lĩnh,19.5671309,105.7072205,123,Unhealthy for Sensitive Groups,2,36.9,36,0.0,19.7,207,1002.0,1,38.4,40.0,348.0,3.0,181.0,4.0
2026-04-11 14:00:00,2026,4,11,14,Thanh Hóa,Xã Tượng Lĩnh,19.5671309,105.7072205,122,Unhealthy for Sensitive Groups,2,37.0,36,0.0,23.6,213,1000.7,0,36.9,38.2,333.0,3.4,183.0,3.6
2026-04-11 15:00:00,2026,4,11,15,Thanh Hóa,Xã Tượng Lĩnh,19.5671309,105.7072205,122,Unhealthy for Sensitive Groups,2,37.5,30,0.0,20.5,209,999.8,1,35.6,36.8,315.0,4.4,183.0,3.3
2026-04-11 16:00:00,2026,4,11,16,Thanh Hóa,Xã Tượng Lĩnh,19.5671309,105.7072205,138,Unhealthy for Sensitive Groups,2,35.4,34,0.0,18.4,195,999.0,1,36.3,37.1,299.0,5.5,180.0,3.4
2026-04-11 17:00:00,2026,4,11,17,Thanh Hóa,Xã Tượng Lĩnh,19.5671309,105.7072205,155,Unhealthy,3,34.6,30,0.0,21.3,206,999.1,2,38.8,39.7,283.0,7.1,175.0,4.1
2026-04-11 18:00:00,2026,4,11,18,Thanh Hóa,Xã Tượng Lĩnh,19.5671309,105.7072205,162,Unhealthy,3,33.8,27,0.0,21.4,211,999.3,1,41.7,42.5,268.0,8.9,168.0,5.2
2026-04-11 19:00:00,2026,4,11,19,Thanh Hóa,Xã Tượng Lĩnh,19.5671309,105.7072205,164,Unhealthy,3,34.0,27,0.0,21.3,212,1000.1,3,62.9,64.7,261.0,9.7,164.0,6.2
2026-04-11 20:00:00,2026,4,11,20,Thanh Hóa,Xã Tượng Lĩnh,19.5671309,105.7072205,162,Unhealthy,3,33.4,28,0.0,21.7,213,1001.0,1,60.3,61.5,269.0,9.1,162.0,6.4
2026-04-11 21:00:00,2026,4,11,21,Thanh Hóa,Xã Tượng Lĩnh,19.5671309,105.7072205,160,Unhealthy,3,32.4,32,0.0,20.6,216,1001.9,2,58.8,60.1,286.0,8.4,158.0,6.6
2026-04-11 22:00:00,2026,4,11,22,Thanh Hóa,Xã Tượng Lĩnh,19.5671309,105.7072205,156,Unhealthy,3,31.1,37,0.0,18.6,223,1002.4,1,59.3,60.8,300.0,8.1,152.0,6.7
2026-04-11 23:00:00,2026,4,11,23,Thanh Hóa,Xã Tượng Lĩnh,19.5671309,105.7072205,151,Unhealthy,3,30.5,39,0.0,18.1,223,1002.4,1,60.5,62.2,306.0,8.6,144.0,6.7
2026-04-12 00:00:00,2026,4,12,0,Thanh Hóa,Xã Tượng Lĩnh,19.5671309,105.7072205,144,Unhealthy for Sensitive Groups,2,29.9,42,0.0,15.0,222,1001.9,0,61.5,63.3,309.0,9.5,134.0,6.7
2026-04-12 01:00:00,2026,4,12,1,Thanh Hóa,Xã Tượng Lĩnh,19.5671309,105.7072205,134,Unhealthy for Sensitive Groups,2,28.9,46,0.0,12.8,215,1001.6,0,62.4,64.5,311.0,10.6,122.0,6.5
2026-04-12 02:00:00,2026,4,12,2,Thanh Hóa,Xã Tượng Lĩnh,19.5671309,105.7072205,130,Unhealthy for Sensitive Groups,2,28.2,49,0.0,12.1,213,1001.2,0,62.9,65.0,308.0,12.1,105.0,6.2
2026-04-12 03:00:00,2026,4,12,3,Thanh Hóa,Xã Tượng Lĩnh,19.5671309,105.7072205,131,Unhealthy for Sensitive Groups,2,27.5,52,0.0,11.1,205,1001.1,0,63.3,65.4,305.0,13.8,86.0,5.7
2026-04-12 04:00:00,2026,4,12,4,Thanh Hóa,Xã Tượng Lĩnh,19.5671309,105.7072205,133,Unhealthy for Sensitive Groups,2,26.7,56,0.0,9.3,198,1001.4,0,63.8,65.9,313.0,14.9,72.0,5.5
2026-04-12 05:00:00,2026,4,12,5,Thanh Hóa,Xã Tượng Lĩnh,19.5671309,105.7072205,136,Unhealthy for Sensitive Groups,2,26.5,57,0.0,10.7,209,1001.9,0,64.7,66.6,346.0,15.2,63.0,5.6
2026-04-12 06:00:00,2026,4,12,6,Thanh Hóa,Xã Tượng Lĩnh,19.5671309,105.7072205,138,Unhealthy for Sensitive Groups,2,26.8,56,0.0,13.4,211,1002.5,0,65.9,67.8,390.0,14.9,59.0,5.8
2026-04-12 07:00:00,2026,4,12,7,Thanh Hóa,Xã Tượng Lĩnh,19.5671309,105.7072205,141,Unhealthy for Sensitive Groups,2,28.5,56,0.0,16.6,206,1003.0,0,79.6,81.5,420.0,13.8,67.0,6.2
2026-04-12 08:00:00,2026,4,12,8,Thanh Hóa,Xã Tượng Lĩnh,19.5671309,105.7072205,145,Unhealthy for Sensitive Groups,2,30.9,55,0.0,18.4,208,1003.5,0,78.5,80.3,424.0,11.6,102.0,7.0
2026-04-12 09:00:00,2026,4,12,9,Thanh Hóa,Xã Tượng Lĩnh,19.5671309,105.7072205,148,Unhealthy for Sensitive Groups,2,33.2,55,0.0,17.5,212,1003.9,0,76.8,79.2,413.0,8.5,150.0,8.0
2026-04-12 10:00:00,2026,4,12,10,Thanh Hóa,Xã Tượng Lĩnh,19.5671309,105.7072205,150,Unhealthy for Sensitive Groups,2,35.0,45,0.0,17.5,207,1003.9,0,71.0,74.0,400.0,6.0,186.0,8.3
2026-04-12 11:00:00,2026,4,12,11,Thanh Hóa,Xã Tượng Lĩnh,19.5671309,105.7072205,151,Unhealthy,3,35.8,42,0.0,17.6,207,1003.3,0,60.1,65.0,387.0,4.5,199.0,7.3
2026-04-12 12:00:00,2026,4,12,12,Thanh Hóa,Xã Tượng Lĩnh,19.5671309,105.7072205,151,Unhealthy,3,36.5,40,0.0,16.7,201,1002.5,0,54.5,60.8,372.0,3.6,199.0,5.7
2026-04-12 13:00:00,2026,4,12,13,Thanh Hóa,Xã Tượng Lĩnh,19.5671309,105.7072205,151,Unhealthy,3,36.7,43,0.0,14.8,194,1001.4,0,52.3,59.4,358.0,3.3,197.0,4.5
2026-04-12 14:00:00,2026,4,12,14,Thanh Hóa,Xã Tượng Lĩnh,19.5671309,105.7072205,152,Unhealthy,3,36.0,50,0.0,15.7,179,1000.3,0,51.3,58.1,345.0,3.7,196.0,4.0
2026-04-12 15:00:00,2026,4,12,15,Thanh Hóa,Xã Tượng Lĩnh,19.5671309,105.7072205,152,Unhealthy,3,35.3,55,0.0,17.7,165,999.7,1,50.4,56.7,334.0,4.6,192.0,3.9
2026-04-12 16:00:00,2026,4,12,16,Thanh Hóa,Xã Tượng Lĩnh,19.5671309,105.7072205,164,Unhealthy,3,33.4,61,0.0,22.8,163,999.3,5,48.8,53.4,331.0,5.9,185.0,4.1
2026-04-12 17:00:00,2026,4,12,17,Thanh Hóa,Xã Tượng Lĩnh,19.5671309,105.7072205,177,Unhealthy,3,31.6,57,0.0,22.9,165,999.4,3,46.8,50.5,340.0,7.7,172.0,4.7
2026-04-12 18:00:00,2026,4,12,18,Thanh Hóa,Xã Tượng Lĩnh,19.5671309,105.7072205,181,Unhealthy,3,30.3,61,0.0,25.0,168,1000.1,1,45.9,49.2,357.0,9.9,155.0,5.6
2026-04-12 19:00:00,2026,4,12,19,Thanh Hóa,Xã Tượng Lĩnh,19.5671309,105.7072205,176,Unhealthy,3,30.0,64,0.0,21.2,170,1000.9,2,67.5,71.5,378.0,13.2,152.0,6.8
2026-04-12 20:00:00,2026,4,12,20,Thanh Hóa,Xã Tượng Lĩnh,19.5671309,105.7072205,168,Unhealthy,3,30.2,62,0.0,20.0,173,1001.8,0,64.5,68.5,407.0,12.5,148.0,6.9
2026-04-12 21:00:00,2026,4,12,21,Thanh Hóa,Xã Tượng Lĩnh,19.5671309,105.7072205,160,Unhealthy,3,29.5,66,0.0,16.2,171,1002.8,0,65.7,69.8,438.0,11.5,141.0,7.1
2026-04-12 22:00:00,2026,4,12,22,Thanh Hóa,Xã Tượng Lĩnh,19.5671309,105.7072205,153,Unhealthy,3,28.6,71,0.0,12.3,172,1003.3,1,67.5,71.9,454.0,11.1,133.0,7.2
2026-04-12 23:00:00,2026,4,12,23,Thanh Hóa,Xã Tượng Lĩnh,19.5671309,105.7072205,153,Unhealthy,3,27.9,76,0.0,14.0,168,1003.2,0,68.2,72.6,439.0,11.5,123.0,7.1
2026-04-13 00:00:00,2026,4,13,0,Thanh Hóa,Xã Tượng Lĩnh,19.5671309,105.7072205,154,Unhealthy,3,27.5,79,0.0,14.3,173,1002.7,0,68.7,72.9,408.0,12.5,111.0,6.8
2026-04-13 01:00:00,2026,4,13,1,Thanh Hóa,Xã Tượng Lĩnh,19.5671309,105.7072205,154,Unhealthy,3,27.1,82,0.0,13.4,175,1002.5,0,69.4,73.3,384.0,13.5,99.0,6.5
2026-04-13 02:00:00,2026,4,13,2,Thanh Hóa,Xã Tượng Lĩnh,19.5671309,105.7072205,154,Unhealthy,3,26.8,84,0.0,11.4,173,1002.1,0,70.5,74.5,373.0,14.6,86.0,6.1
2026-04-13 03:00:00,2026,4,13,3,Thanh Hóa,Xã Tượng Lĩnh,19.5671309,105.7072205,154,Unhealthy,3,26.1,88,0.0,8.3,174,1002.1,0,71.9,75.7,369.0,15.8,73.0,5.7
2026-04-13 04:00:00,2026,4,13,4,Thanh Hóa,Xã Tượng Lĩnh,19.5671309,105.7072205,154,Unhealthy,3,25.5,90,0.0,6.5,177,1002.3,0,74.3,78.0,378.0,16.5,64.0,5.5
2026-04-13 05:00:00,2026,4,13,5,Thanh Hóa,Xã Tượng Lĩnh,19.5671309,105.7072205,154,Unhealthy,3,25.0,91,0.0,4.0,185,1003.3,0,77.3,81.0,412.0,16.8,57.0,5.6
2026-04-13 06:00:00,2026,4,13,6,Thanh Hóa,Xã Tượng Lĩnh,19.5671309,105.7072205,155,Unhealthy,3,24.9,90,0.0,1.4,220,1004.5,0,80.8,84.5,459.0,16.7,54.0,5.8
2026-04-13 07:00:00,2026,4,13,7,Thanh Hóa,Xã Tượng Lĩnh,19.5671309,105.7072205,155,Unhealthy,3,26.4,90,0.0,7.5,188,1005.6,0,105.0,109.4,490.0,17.6,59.0,6.4
2026-04-13 08:00:00,2026,4,13,8,Thanh Hóa,Xã Tượng Lĩnh,19.5671309,105.7072205,156,Unhealthy,3,28.8,83,0.0,6.3,173,1006.3,0,109.9,114.6,493.0,14.6,105.0,7.7
2026-04-13 09:00:00,2026,4,13,9,Thanh Hóa,Xã Tượng Lĩnh,19.5671309,105.7072205,156,Unhealthy,3,30.9,76,0.0,7.9,164,1006.9,0,115.0,122.0,481.0,10.4,169.0,9.3
2026-04-13 10:00:00,2026,4,13,10,Thanh Hóa,Xã Tượng Lĩnh,19.5671309,105.7072205,157,Unhealthy,3,32.3,72,0.0,11.8,152,1006.9,0,110.4,117.6,458.0,7.1,218.0,10.1
2026-04-13 11:00:00,2026,4,13,11,Thanh Hóa,Xã Tượng Lĩnh,19.5671309,105.7072205,158,Unhealthy,3,32.8,71,0.0,15.0,150,1006.3,0,95.2,100.6,420.0,5.5,237.0,9.0
2026-04-13 12:00:00,2026,4,13,12,Thanh Hóa,Xã Tượng Lĩnh,19.5671309,105.7072205,159,Unhealthy,3,33.0,69,0.0,16.4,147,1005.6,10,81.0,85.2,373.0,4.8,241.0,7.1
2026-04-13 13:00:00,2026,4,13,13,Thanh Hóa,Xã Tượng Lĩnh,19.5671309,105.7072205,159,Unhealthy,3,33.2,67,0.0,16.8,147,1004.7,17,75.2,79.6,337.0,4.6,238.0,5.5
2026-04-13 14:00:00,2026,4,13,14,Thanh Hóa,Xã Tượng Lĩnh,19.5671309,105.7072205,160,Unhealthy,3,33.1,66,0.0,17.7,145,1003.4,27,69.4,74.3,324.0,5.0,230.0,4.9
2026-04-13 15:00:00,2026,4,13,15,Thanh Hóa,Xã Tượng Lĩnh,19.5671309,105.7072205,176,Unhealthy,3,32.2,68,0.0,19.6,142,1002.6,10,62.2,68.2,323.0,5.9,216.0,4.7
2026-04-13 16:00:00,2026,4,13,16,Thanh Hóa,Xã Tượng Lĩnh,19.5671309,105.7072205,201,Very Unhealthy,4,31.0,71,0.0,19.3,150,1002.3,13,57.9,62.2,322.0,7.3,200.0,4.8
2026-04-13 17:00:00,2026,4,13,17,Thanh Hóa,Xã Tượng Lĩnh,19.5671309,105.7072205,207,Very Unhealthy,4,30.1,74,0.0,19.7,152,1002.3,10,55.2,58.6,319.0,9.5,183.0,5.5
2026-04-13 18:00:00,2026,4,13,18,Thanh Hóa,Xã Tượng Lĩnh,19.5671309,105.7072205,208,Very Unhealthy,4,29.4,67,0.0,19.2,158,1002.8,5,51.0,54.2,316.0,12.1,164.0,6.5
2026-04-13 19:00:00,2026,4,13,19,Thanh Hóa,Xã Tượng Lĩnh,19.5671309,105.7072205,204,Very Unhealthy,4,28.9,74,0.0,21.7,162,1003.6,5,59.3,62.4,313.0,12.7,163.0,7.4
2026-04-13 20:00:00,2026,4,13,20,Thanh Hóa,Xã Tượng Lĩnh,19.5671309,105.7072205,198,Unhealthy,3,28.8,73,0.0,21.3,169,1004.1,1,49.7,52.4,307.0,12.0,153.0,7.2
2026-04-13 21:00:00,2026,4,13,21,Thanh Hóa,Xã Tượng Lĩnh,19.5671309,105.7072205,184,Unhealthy,3,28.6,75,0.0,20.7,173,1005.1,0,43.8,46.3,301.0,11.1,138.0,6.9
2026-04-13 22:00:00,2026,4,13,22,Thanh Hóa,Xã Tượng Lĩnh,19.5671309,105.7072205,168,Unhealthy,3,28.1,79,0.0,19.9,173,1006.1,0,40.7,43.2,296.0,10.6,124.0,6.7
2026-04-13 23:00:00,2026,4,13,23,Thanh Hóa,Xã Tượng Lĩnh,19.5671309,105.7072205,159,Unhealthy,3,27.9,80,0.0,21.4,167,1005.9,0,39.9,42.4,292.0,10.8,114.0,6.6
2026-04-14 00:00:00,2026,4,14,0,Thanh Hóa,Xã Tượng Lĩnh,19.5671309,105.7072205,159,Unhealthy,3,27.5,83,0.0,20.3,167,1005.4,0,40.4,43.0,289.0,11.3,104.0,6.5
2026-04-14 01:00:00,2026,4,14,1,Thanh Hóa,Xã Tượng Lĩnh,19.5671309,105.7072205,158,Unhealthy,3,27.2,87,0.0,17.4,166,1004.8,2,45.4,48.5,291.0,12.3,95.0,6.3
2026-04-14 02:00:00,2026,4,14,2,Thanh Hóa,Xã Tượng Lĩnh,19.5671309,105.7072205,158,Unhealthy,3,27.0,88,0.0,15.0,166,1004.6,0,51.2,54.8,294.0,13.9,84.0,6.0
2026-04-14 03:00:00,2026,4,14,3,Thanh Hóa,Xã Tượng Lĩnh,19.5671309,105.7072205,157,Unhealthy,3,26.6,89,0.0,11.7,167,1004.3,0,57.4,61.5,302.0,15.9,72.0,5.6
2026-04-14 04:00:00,2026,4,14,4,Thanh Hóa,Xã Tượng Lĩnh,19.5671309,105.7072205,157,Unhealthy,3,26.0,92,0.0,8.0,172,1004.5,0,63.1,67.8,329.0,17.3,64.0,5.4
2026-04-14 05:00:00,2026,4,14,5,Thanh Hóa,Xã Tượng Lĩnh,19.5671309,105.7072205,157,Unhealthy,3,25.5,94,0.0,6.7,177,1005.1,0,68.0,72.9,395.0,17.8,57.0,5.4
2026-04-14 06:00:00,2026,4,14,6,Thanh Hóa,Xã Tượng Lĩnh,19.5671309,105.7072205,156,Unhealthy,3,25.4,95,0.0,6.1,177,1005.5,0,72.9,77.8,479.0,17.8,54.0,5.7
2026-04-14 07:00:00,2026,4,14,7,Thanh Hóa,Xã Tượng Lĩnh,19.5671309,105.7072205,156,Unhealthy,3,26.4,93,0.0,7.0,183,1006.2,0,113.9,121.5,536.0,19.5,56.0,5.8
2026-04-14 08:00:00,2026,4,14,8,Thanh Hóa,Xã Tượng Lĩnh,19.5671309,105.7072205,156,Unhealthy,3,28.2,88,0.0,6.5,167,1006.9,0,118.7,126.7,542.0,16.3,98.0,7.2
2026-04-14 09:00:00,2026,4,14,9,Thanh Hóa,Xã Tượng Lĩnh,19.5671309,105.7072205,157,Unhealthy,3,30.0,81,0.0,8.4,149,1007.2,0,128.5,140.2,521.0,11.7,157.0,9.2
2026-04-14 10:00:00,2026,4,14,10,Thanh Hóa,Xã Tượng Lĩnh,19.5671309,105.7072205,157,Unhealthy,3,31.5,77,0.0,11.4,139,1007.3,0,133.6,148.1,494.0,8.2,207.0,10.3
2026-04-14 11:00:00,2026,4,14,11,Thanh Hóa,Xã Tượng Lĩnh,19.5671309,105.7072205,157,Unhealthy,3,32.3,76,0.0,14.0,136,1006.8,2,130.4,145.3,468.0,6.5,239.0,9.8
2026-04-14 12:00:00,2026,4,14,12,Thanh Hóa,Xã Tượng Lĩnh,19.5671309,105.7072205,158,Unhealthy,3,32.8,75,0.0,14.1,138,1005.9,13,119.0,133.2,436.0,5.7,263.0,8.6
2026-04-14 13:00:00,2026,4,14,13,Thanh Hóa,Xã Tượng Lĩnh,19.5671309,105.7072205,159,Unhealthy,3,33.1,72,0.0,13.6,144,1004.8,13,105.7,118.5,407.0,5.5,276.0,7.6
2026-04-14 14:00:00,2026,4,14,14,Thanh Hóa,Xã Tượng Lĩnh,19.5671309,105.7072205,160,Unhealthy,3,32.5,73,0.0,19.1,141,1003.4,23,95.7,107.1,382.0,6.0,278.0,7.4
2026-04-14 15:00:00,2026,4,14,15,Thanh Hóa,Xã Tượng Lĩnh,19.5671309,105.7072205,188,Unhealthy,3,31.3,73,0.0,22.7,146,1002.6,19,88.5,97.1,360.0,7.2,270.0,7.4
2026-04-14 16:00:00,2026,4,14,16,Thanh Hóa,Xã Tượng Lĩnh,19.5671309,105.7072205,210,Very Unhealthy,4,30.0,77,0.0,21.1,146,1002.1,6,80.6,85.9,338.0,8.5,254.0,7.5
2026-04-14 17:00:00,2026,4,14,17,Thanh Hóa,Xã Tượng Lĩnh,19.5671309,105.7072205,220,Very Unhealthy,4,29.0,81,0.0,21.7,151,1002.0,18,70.3,73.3,317.0,9.9,227.0,7.5
2026-04-14 18:00:00,2026,4,14,18,Thanh Hóa,Xã Tượng Lĩnh,19.5671309,105.7072205,225,Very Unhealthy,4,28.4,81,0.0,23.1,159,1002.5,14,58.7,61.2,296.0,11.5,192.0,7.4
2026-04-14 19:00:00,2026,4,14,19,Thanh Hóa,Xã Tượng Lĩnh,19.5671309,105.7072205,224,Very Unhealthy,4,28.1,84,0.0,17.5,161,1002.9,9,43.1,46.2,280.0,11.0,160.0,6.5
2026-04-14 20:00:00,2026,4,14,20,Thanh Hóa,Xã Tượng Lĩnh,19.5671309,105.7072205,218,Very Unhealthy,4,27.9,85,0.0,21.5,166,1003.8,6,38.1,40.9,268.0,10.4,151.0,6.3
