timestamp,year,month,day,hour,province,location,lat,lon,aqi,pollution_level,pollution_class,temp,humidity,rain,wind_speed,wind_dir,pressure,cloud,pm2_5,pm10,co,no2,o3,so2
2026-01-14 20:00:00,2026,1,14,20,Hồ Chí Minh,Phường Vũng Tàu,10.3537998,107.0743549,91,Moderate,1,25.0,79,0.0,20.6,96,1011.9,0,12.5,17.2,233.0,8.9,111.0,2.5
2026-01-14 21:00:00,2026,1,14,21,Hồ Chí Minh,Phường Vũng Tàu,10.3537998,107.0743549,85,Moderate,1,24.7,84,0.0,21.3,92,1012.1,2,12.5,17.3,218.0,8.4,107.0,2.2
2026-01-14 22:00:00,2026,1,14,22,Hồ Chí Minh,Phường Vũng Tàu,10.3537998,107.0743549,76,Moderate,1,24.5,83,0.0,19.8,91,1011.9,0,12.5,17.3,205.0,7.9,104.0,2.0
2026-01-14 23:00:00,2026,1,14,23,Hồ Chí Minh,Phường Vũng Tàu,10.3537998,107.0743549,68,Moderate,1,24.4,84,0.0,20.1,96,1012.4,7,12.3,17.2,197.0,7.6,101.0,1.9
2026-01-15 00:00:00,2026,1,15,0,Hồ Chí Minh,Phường Vũng Tàu,10.3537998,107.0743549,60,Moderate,1,24.2,85,0.0,21.5,100,1012.3,95,12.1,16.9,191.0,7.3,98.0,1.8
2026-01-15 01:00:00,2026,1,15,1,Hồ Chí Minh,Phường Vũng Tàu,10.3537998,107.0743549,54,Moderate,1,24.2,85,0.0,22.2,101,1011.9,100,12.1,17.1,187.0,7.2,95.0,1.8
2026-01-15 02:00:00,2026,1,15,2,Hồ Chí Minh,Phường Vũng Tàu,10.3537998,107.0743549,54,Moderate,1,24.1,84,0.0,20.2,99,1011.4,99,12.0,16.7,182.0,7.1,93.0,1.8
2026-01-15 03:00:00,2026,1,15,3,Hồ Chí Minh,Phường Vũng Tàu,10.3537998,107.0743549,54,Moderate,1,24.1,83,0.0,18.0,93,1011.1,74,11.8,16.1,178.0,7.1,92.0,1.8
2026-01-15 04:00:00,2026,1,15,4,Hồ Chí Minh,Phường Vũng Tàu,10.3537998,107.0743549,54,Moderate,1,24.0,83,0.0,16.9,90,1011.1,20,11.7,15.8,183.0,7.4,90.0,2.0
2026-01-15 05:00:00,2026,1,15,5,Hồ Chí Minh,Phường Vũng Tàu,10.3537998,107.0743549,54,Moderate,1,23.9,82,0.0,16.2,90,1011.3,38,11.7,15.7,203.0,8.4,86.0,2.4
2026-01-15 06:00:00,2026,1,15,6,Hồ Chí Minh,Phường Vũng Tàu,10.3537998,107.0743549,54,Moderate,1,23.7,83,0.0,15.9,80,1011.7,0,12.0,15.8,231.0,9.6,81.0,2.9
2026-01-15 07:00:00,2026,1,15,7,Hồ Chí Minh,Phường Vũng Tàu,10.3537998,107.0743549,54,Moderate,1,24.2,81,0.0,14.3,72,1012.3,0,13.4,17.2,255.0,10.1,81.0,3.3
2026-01-15 08:00:00,2026,1,15,8,Hồ Chí Minh,Phường Vũng Tàu,10.3537998,107.0743549,54,Moderate,1,25.3,74,0.0,12.7,67,1013.0,0,14.2,18.0,273.0,9.1,88.0,3.8
2026-01-15 09:00:00,2026,1,15,9,Hồ Chí Minh,Phường Vũng Tàu,10.3537998,107.0743549,54,Moderate,1,26.9,65,0.0,9.7,66,1013.2,0,15.4,19.5,288.0,7.8,97.0,4.6
2026-01-15 10:00:00,2026,1,15,10,Hồ Chí Minh,Phường Vũng Tàu,10.3537998,107.0743549,54,Moderate,1,28.1,59,0.0,5.5,81,1012.9,1,17.1,21.6,293.0,6.6,109.0,5.1
2026-01-15 11:00:00,2026,1,15,11,Hồ Chí Minh,Phường Vũng Tàu,10.3537998,107.0743549,54,Moderate,1,29.0,56,0.0,3.6,162,1012.3,52,19.8,24.7,281.0,5.8,126.0,5.3
2026-01-15 12:00:00,2026,1,15,12,Hồ Chí Minh,Phường Vũng Tàu,10.3537998,107.0743549,55,Moderate,1,28.0,65,0.0,13.2,156,1011.3,27,21.9,27.3,260.0,5.1,144.0,5.4
2026-01-15 13:00:00,2026,1,15,13,Hồ Chí Minh,Phường Vũng Tàu,10.3537998,107.0743549,55,Moderate,1,27.6,63,0.0,19.1,134,1010.3,70,22.2,27.7,242.0,4.8,155.0,5.2
2026-01-15 14:00:00,2026,1,15,14,Hồ Chí Minh,Phường Vũng Tàu,10.3537998,107.0743549,55,Moderate,1,27.5,66,0.0,20.0,123,1009.2,51,21.0,26.7,233.0,5.0,152.0,4.7
2026-01-15 15:00:00,2026,1,15,15,Hồ Chí Minh,Phường Vũng Tàu,10.3537998,107.0743549,69,Moderate,1,27.2,64,0.0,20.1,114,1008.8,82,19.3,25.0,228.0,5.5,141.0,3.9
2026-01-15 16:00:00,2026,1,15,16,Hồ Chí Minh,Phường Vũng Tàu,10.3537998,107.0743549,82,Moderate,1,26.6,65,0.0,20.9,109,1008.8,13,17.9,23.5,226.0,6.0,131.0,3.2
2026-01-15 17:00:00,2026,1,15,17,Hồ Chí Minh,Phường Vũng Tàu,10.3537998,107.0743549,91,Moderate,1,25.6,73,0.0,20.8,105,1008.9,8,16.6,22.1,228.0,6.5,126.0,2.7
2026-01-15 18:00:00,2026,1,15,18,Hồ Chí Minh,Phường Vũng Tàu,10.3537998,107.0743549,97,Moderate,1,24.7,81,0.0,20.4,104,1009.1,5,15.4,20.7,232.0,7.0,122.0,2.4
2026-01-15 19:00:00,2026,1,15,19,Hồ Chí Minh,Phường Vũng Tàu,10.3537998,107.0743549,100,Moderate,1,24.6,84,0.0,21.9,99,1009.6,2,15.2,20.1,232.0,7.6,120.0,2.2
2026-01-15 20:00:00,2026,1,15,20,Hồ Chí Minh,Phường Vũng Tàu,10.3537998,107.0743549,99,Moderate,1,24.5,82,0.0,23.8,97,1010.6,0,13.2,17.8,224.0,7.4,117.0,2.1
2026-01-15 21:00:00,2026,1,15,21,Hồ Chí Minh,Phường Vũng Tàu,10.3537998,107.0743549,93,Moderate,1,24.4,83,0.0,25.3,96,1010.9,0,11.6,16.0,211.0,7.1,113.0,1.9
2026-01-15 22:00:00,2026,1,15,22,Hồ Chí Minh,Phường Vũng Tàu,10.3537998,107.0743549,84,Moderate,1,24.2,85,0.0,23.2,98,1010.7,9,10.9,15.4,202.0,6.9,109.0,1.8
2026-01-15 23:00:00,2026,1,15,23,Hồ Chí Minh,Phường Vũng Tàu,10.3537998,107.0743549,75,Moderate,1,24.1,84,0.0,21.2,100,1010.7,17,10.9,15.3,199.0,7.0,105.0,1.8
2026-01-16 00:00:00,2026,1,16,0,Hồ Chí Minh,Phường Vũng Tàu,10.3537998,107.0743549,67,Moderate,1,24.0,85,0.0,19.9,99,1010.5,21,11.1,15.4,200.0,7.3,101.0,1.9
2026-01-16 01:00:00,2026,1,16,1,Hồ Chí Minh,Phường Vũng Tàu,10.3537998,107.0743549,61,Moderate,1,24.0,85,0.0,18.5,97,1010.0,9,11.4,15.5,201.0,7.6,97.0,2.0
2026-01-16 02:00:00,2026,1,16,2,Hồ Chí Minh,Phường Vũng Tàu,10.3537998,107.0743549,56,Moderate,1,24.0,84,0.0,17.8,97,1009.5,9,11.7,15.7,200.0,8.0,94.0,2.1
2026-01-16 03:00:00,2026,1,16,3,Hồ Chí Minh,Phường Vũng Tàu,10.3537998,107.0743549,56,Moderate,1,23.9,84,0.0,14.6,93,1009.2,12,12.0,15.9,199.0,8.4,91.0,2.3
2026-01-16 04:00:00,2026,1,16,4,Hồ Chí Minh,Phường Vũng Tàu,10.3537998,107.0743549,56,Moderate,1,23.8,85,0.0,13.7,94,1009.2,42,12.3,16.2,206.0,9.0,88.0,2.5
2026-01-16 05:00:00,2026,1,16,5,Hồ Chí Minh,Phường Vũng Tàu,10.3537998,107.0743549,56,Moderate,1,23.6,85,0.0,13.0,96,1009.3,95,12.6,16.4,230.0,10.2,84.0,2.8
2026-01-16 06:00:00,2026,1,16,6,Hồ Chí Minh,Phường Vũng Tàu,10.3537998,107.0743549,56,Moderate,1,23.5,86,0.0,12.2,92,1010.0,99,13.0,16.8,261.0,11.5,79.0,3.2
2026-01-16 07:00:00,2026,1,16,7,Hồ Chí Minh,Phường Vũng Tàu,10.3537998,107.0743549,56,Moderate,1,24.2,82,0.0,13.9,89,1010.8,100,16.6,21.1,281.0,13.2,77.0,4.1
2026-01-16 08:00:00,2026,1,16,8,Hồ Chí Minh,Phường Vũng Tàu,10.3537998,107.0743549,57,Moderate,1,25.2,77,0.0,14.1,86,1012.0,99,15.9,20.3,278.0,11.7,85.0,4.1
2026-01-16 09:00:00,2026,1,16,9,Hồ Chí Minh,Phường Vũng Tàu,10.3537998,107.0743549,57,Moderate,1,26.2,70,0.0,15.2,95,1012.6,98,16.7,21.4,264.0,9.6,96.0,4.1
2026-01-16 10:00:00,2026,1,16,10,Hồ Chí Minh,Phường Vũng Tàu,10.3537998,107.0743549,57,Moderate,1,27.1,65,0.0,17.4,98,1012.6,100,18.0,23.0,251.0,7.8,107.0,4.0
2026-01-16 11:00:00,2026,1,16,11,Hồ Chí Minh,Phường Vũng Tàu,10.3537998,107.0743549,57,Moderate,1,27.8,61,0.0,18.2,110,1012.2,100,19.8,25.2,243.0,6.6,120.0,3.9
2026-01-16 12:00:00,2026,1,16,12,Hồ Chí Minh,Phường Vũng Tàu,10.3537998,107.0743549,57,Moderate,1,26.9,62,0.0,21.2,120,1011.1,100,20.6,26.3,235.0,5.8,133.0,3.7
2026-01-16 13:00:00,2026,1,16,13,Hồ Chí Minh,Phường Vũng Tàu,10.3537998,107.0743549,57,Moderate,1,27.0,62,0.0,21.1,120,1009.9,100,20.3,26.0,229.0,5.4,141.0,3.5
2026-01-16 14:00:00,2026,1,16,14,Hồ Chí Minh,Phường Vũng Tàu,10.3537998,107.0743549,57,Moderate,1,27.0,63,0.0,20.4,121,1008.8,100,19.8,25.4,224.0,5.6,142.0,3.4
2026-01-16 15:00:00,2026,1,16,15,Hồ Chí Minh,Phường Vũng Tàu,10.3537998,107.0743549,58,Moderate,1,27.0,62,0.0,19.6,117,1008.1,99,18.6,24.0,221.0,6.2,138.0,3.3
2026-01-16 16:00:00,2026,1,16,16,Hồ Chí Minh,Phường Vũng Tàu,10.3537998,107.0743549,71,Moderate,1,26.6,62,0.0,17.9,114,1007.8,98,18.0,23.3,218.0,7.1,132.0,3.2
2026-01-16 17:00:00,2026,1,16,17,Hồ Chí Minh,Phường Vũng Tàu,10.3537998,107.0743549,81,Moderate,1,26.0,64,0.0,15.4,113,1007.9,99,17.6,22.8,217.0,8.6,124.0,3.1
2026-01-16 18:00:00,2026,1,16,18,Hồ Chí Minh,Phường Vũng Tàu,10.3537998,107.0743549,87,Moderate,1,25.1,75,0.0,15.3,111,1008.5,98,17.2,22.3,217.0,10.4,115.0,3.1
2026-01-16 19:00:00,2026,1,16,19,Hồ Chí Minh,Phường Vũng Tàu,10.3537998,107.0743549,89,Moderate,1,24.9,80,0.0,16.4,102,1008.8,99,16.9,22.2,216.0,11.2,108.0,2.9
2026-01-16 20:00:00,2026,1,16,20,Hồ Chí Minh,Phường Vũng Tàu,10.3537998,107.0743549,86,Moderate,1,24.9,77,0.0,17.0,96,1010.0,98,16.5,21.8,212.0,10.7,109.0,2.7
2026-01-16 21:00:00,2026,1,16,21,Hồ Chí Minh,Phường Vũng Tàu,10.3537998,107.0743549,81,Moderate,1,24.6,83,0.0,17.8,98,1010.3,98,16.2,21.4,205.0,10.0,109.0,2.5
2026-01-16 22:00:00,2026,1,16,22,Hồ Chí Minh,Phường Vũng Tàu,10.3537998,107.0743549,74,Moderate,1,24.4,83,0.0,19.2,95,1010.3,88,15.9,21.2,199.0,9.3,109.0,2.3
2026-01-16 23:00:00,2026,1,16,23,Hồ Chí Minh,Phường Vũng Tàu,10.3537998,107.0743549,67,Moderate,1,24.0,86,0.0,18.9,98,1010.2,99,15.8,21.1,193.0,8.7,107.0,2.1
2026-01-17 00:00:00,2026,1,17,0,Hồ Chí Minh,Phường Vũng Tàu,10.3537998,107.0743549,61,Moderate,1,24.0,86,0.0,19.9,99,1009.9,97,15.6,20.9,186.0,8.1,104.0,2.0
2026-01-17 01:00:00,2026,1,17,1,Hồ Chí Minh,Phường Vũng Tàu,10.3537998,107.0743549,59,Moderate,1,24.0,83,0.0,21.1,94,1009.5,97,15.8,21.1,180.0,7.7,101.0,1.9
2026-01-17 02:00:00,2026,1,17,2,Hồ Chí Minh,Phường Vũng Tàu,10.3537998,107.0743549,59,Moderate,1,24.0,81,0.0,22.0,98,1009.0,89,15.9,21.4,172.0,7.4,99.0,1.9
2026-01-17 03:00:00,2026,1,17,3,Hồ Chí Minh,Phường Vũng Tàu,10.3537998,107.0743549,60,Moderate,1,23.8,83,0.0,21.5,98,1008.2,100,16.0,21.5,165.0,7.3,96.0,1.9
2026-01-17 04:00:00,2026,1,17,4,Hồ Chí Minh,Phường Vũng Tàu,10.3537998,107.0743549,60,Moderate,1,23.8,83,0.0,20.0,97,1008.3,100,15.9,21.3,167.0,7.5,94.0,2.1
2026-01-17 05:00:00,2026,1,17,5,Hồ Chí Minh,Phường Vũng Tàu,10.3537998,107.0743549,60,Moderate,1,23.9,83,0.0,18.3,97,1008.5,100,15.9,21.4,187.0,8.5,91.0,2.5
2026-01-17 06:00:00,2026,1,17,6,Hồ Chí Minh,Phường Vũng Tàu,10.3537998,107.0743549,61,Moderate,1,23.8,82,0.0,16.2,92,1008.7,100,15.9,21.3,217.0,9.8,88.0,2.9
2026-01-17 07:00:00,2026,1,17,7,Hồ Chí Minh,Phường Vũng Tàu,10.3537998,107.0743549,61,Moderate,1,24.3,83,0.0,15.7,87,1009.4,27,17.8,23.5,241.0,10.5,88.0,3.1
2026-01-17 08:00:00,2026,1,17,8,Hồ Chí Minh,Phường Vũng Tàu,10.3537998,107.0743549,61,Moderate,1,25.4,76,0.0,14.8,86,1010.5,55,18.0,23.8,253.0,9.5,93.0,3.4
2026-01-17 09:00:00,2026,1,17,9,Hồ Chí Minh,Phường Vũng Tàu,10.3537998,107.0743549,61,Moderate,1,26.4,70,0.0,14.1,92,1010.9,65,18.8,24.7,259.0,8.1,100.0,3.9
2026-01-17 10:00:00,2026,1,17,10,Hồ Chí Minh,Phường Vũng Tàu,10.3537998,107.0743549,61,Moderate,1,27.0,68,0.1,14.1,113,1010.6,94,19.6,25.8,261.0,6.8,109.0,4.2
2026-01-17 11:00:00,2026,1,17,11,Hồ Chí Minh,Phường Vũng Tàu,10.3537998,107.0743549,62,Moderate,1,26.8,70,0.0,16.3,128,1009.9,98,21.2,28.1,258.0,5.7,122.0,4.2
2026-01-17 12:00:00,2026,1,17,12,Hồ Chí Minh,Phường Vũng Tàu,10.3537998,107.0743549,62,Moderate,1,26.6,70,0.0,17.5,140,1009.0,45,22.4,29.5,251.0,4.8,136.0,4.0
2026-01-17 13:00:00,2026,1,17,13,Hồ Chí Minh,Phường Vũng Tàu,10.3537998,107.0743549,62,Moderate,1,26.4,70,0.0,18.3,141,1008.1,19,22.2,29.3,244.0,4.3,146.0,3.8
2026-01-17 14:00:00,2026,1,17,14,Hồ Chí Minh,Phường Vũng Tàu,10.3537998,107.0743549,62,Moderate,1,27.1,69,0.0,16.2,137,1006.9,34,21.7,28.8,239.0,4.5,147.0,3.4
2026-01-17 15:00:00,2026,1,17,15,Hồ Chí Minh,Phường Vũng Tàu,10.3537998,107.0743549,67,Moderate,1,26.9,68,0.0,17.2,132,1006.7,51,20.7,27.7,236.0,5.1,143.0,3.0
2026-01-17 16:00:00,2026,1,17,16,Hồ Chí Minh,Phường Vũng Tàu,10.3537998,107.0743549,78,Moderate,1,25.9,73,0.0,17.5,126,1006.4,38,19.5,26.4,233.0,5.7,138.0,2.6
2026-01-17 17:00:00,2026,1,17,17,Hồ Chí Minh,Phường Vũng Tàu,10.3537998,107.0743549,88,Moderate,1,25.3,77,0.0,17.8,114,1006.5,26,18.3,25.0,233.0,6.4,133.0,2.4
2026-01-17 18:00:00,2026,1,17,18,Hồ Chí Minh,Phường Vũng Tàu,10.3537998,107.0743549,95,Moderate,1,24.5,79,0.0,19.8,107,1006.9,14,17.6,24.0,234.0,7.1,127.0,2.3
2026-01-17 19:00:00,2026,1,17,19,Hồ Chí Minh,Phường Vũng Tàu,10.3537998,107.0743549,99,Moderate,1,24.6,82,0.0,18.9,100,1007.4,50,17.9,24.7,234.0,7.4,122.0,2.2
2026-01-17 20:00:00,2026,1,17,20,Hồ Chí Minh,Phường Vũng Tàu,10.3537998,107.0743549,99,Moderate,1,24.5,83,0.0,18.7,101,1008.2,27,17.4,23.9,232.0,6.9,121.0,2.1
2026-01-17 21:00:00,2026,1,17,21,Hồ Chí Minh,Phường Vũng Tàu,10.3537998,107.0743549,96,Moderate,1,24.4,83,0.0,19.8,106,1008.5,21,17.1,23.3,228.0,6.2,120.0,1.9
2026-01-17 22:00:00,2026,1,17,22,Hồ Chí Minh,Phường Vũng Tàu,10.3537998,107.0743549,90,Moderate,1,24.4,83,0.0,19.8,109,1008.5,59,16.9,22.9,225.0,5.7,119.0,1.8
2026-01-17 23:00:00,2026,1,17,23,Hồ Chí Minh,Phường Vũng Tàu,10.3537998,107.0743549,84,Moderate,1,24.2,84,0.0,19.6,115,1008.4,90,16.8,22.7,223.0,5.4,118.0,1.7
2026-01-18 00:00:00,2026,1,18,0,Hồ Chí Minh,Phường Vũng Tàu,10.3537998,107.0743549,79,Moderate,1,24.0,84,0.0,19.2,112,1008.2,18,16.8,22.6,222.0,5.4,116.0,1.7
2026-01-18 01:00:00,2026,1,18,1,Hồ Chí Minh,Phường Vũng Tàu,10.3537998,107.0743549,74,Moderate,1,23.9,84,0.0,15.9,105,1007.9,100,17.2,23.2,222.0,5.4,115.0,1.7
2026-01-18 02:00:00,2026,1,18,2,Hồ Chí Minh,Phường Vũng Tàu,10.3537998,107.0743549,70,Moderate,1,23.9,83,0.0,16.3,109,1007.5,29,17.5,23.6,218.0,5.5,114.0,1.7
2026-01-18 03:00:00,2026,1,18,3,Hồ Chí Minh,Phường Vũng Tàu,10.3537998,107.0743549,68,Moderate,1,23.8,83,0.0,18.0,110,1006.8,8,17.9,24.2,214.0,5.7,113.0,1.8
2026-01-18 04:00:00,2026,1,18,4,Hồ Chí Minh,Phường Vũng Tàu,10.3537998,107.0743549,66,Moderate,1,23.8,83,0.0,18.1,103,1006.8,55,18.4,24.6,223.0,6.4,112.0,2.0
2026-01-18 05:00:00,2026,1,18,5,Hồ Chí Minh,Phường Vũng Tàu,10.3537998,107.0743549,64,Moderate,1,23.8,82,0.0,15.8,102,1007.1,92,18.7,24.9,258.0,8.1,109.0,2.5
2026-01-18 06:00:00,2026,1,18,6,Hồ Chí Minh,Phường Vũng Tàu,10.3537998,107.0743549,64,Moderate,1,23.7,82,0.0,14.6,106,1007.7,94,19.2,25.3,306.0,10.1,106.0,3.1
2026-01-18 07:00:00,2026,1,18,7,Hồ Chí Minh,Phường Vũng Tàu,10.3537998,107.0743549,64,Moderate,1,24.4,81,0.0,15.4,101,1008.7,91,21.8,28.2,336.0,11.0,106.0,3.3
2026-01-18 08:00:00,2026,1,18,8,Hồ Chí Minh,Phường Vũng Tàu,10.3537998,107.0743549,65,Moderate,1,25.4,75,0.0,12.9,102,1009.7,98,21.8,28.1,334.0,10.0,109.0,3.5
2026-01-18 09:00:00,2026,1,18,9,Hồ Chí Minh,Phường Vũng Tàu,10.3537998,107.0743549,65,Moderate,1,26.4,68,0.0,11.3,107,1010.3,95,22.1,28.1,314.0,8.5,115.0,3.9
2026-01-18 10:00:00,2026,1,18,10,Hồ Chí Minh,Phường Vũng Tàu,10.3537998,107.0743549,65,Moderate,1,27.0,66,0.1,10.9,126,1010.1,100,21.2,25.1,296.0,7.2,122.0,4.1
2026-01-18 11:00:00,2026,1,18,11,Hồ Chí Minh,Phường Vũng Tàu,10.3537998,107.0743549,65,Moderate,1,27.1,67,0.1,14.1,142,1009.5,100,21.7,24.9,285.0,6.1,134.0,4.1
2026-01-18 12:00:00,2026,1,18,12,Hồ Chí Minh,Phường Vũng Tàu,10.3537998,107.0743549,65,Moderate,1,26.9,68,0.0,15.4,145,1008.6,100,22.9,26.2,275.0,5.2,148.0,4.1
2026-01-18 13:00:00,2026,1,18,13,Hồ Chí Minh,Phường Vũng Tàu,10.3537998,107.0743549,68,Moderate,1,26.1,70,0.0,14.6,141,1007.7,95,24.7,28.5,269.0,4.7,157.0,4.0
2026-01-18 14:00:00,2026,1,18,14,Hồ Chí Minh,Phường Vũng Tàu,10.3537998,107.0743549,79,Moderate,1,26.6,66,0.0,15.2,137,1006.7,66,25.3,31.0,269.0,4.9,159.0,3.9
2026-01-18 15:00:00,2026,1,18,15,Hồ Chí Minh,Phường Vũng Tàu,10.3537998,107.0743549,90,Moderate,1,26.5,65,0.0,15.6,130,1006.1,21,25.0,31.3,273.0,5.6,156.0,3.7
2026-01-18 16:00:00,2026,1,18,16,Hồ Chí Minh,Phường Vũng Tàu,10.3537998,107.0743549,101,Unhealthy for Sensitive Groups,2,26.0,67,0.0,16.4,129,1006.2,13,22.7,28.5,276.0,6.3,151.0,3.5
2026-01-18 17:00:00,2026,1,18,17,Hồ Chí Minh,Phường Vũng Tàu,10.3537998,107.0743549,109,Unhealthy for Sensitive Groups,2,25.2,72,0.0,16.9,115,1006.6,4,20.9,26.3,275.0,6.8,144.0,3.2
2026-01-18 18:00:00,2026,1,18,18,Hồ Chí Minh,Phường Vũng Tàu,10.3537998,107.0743549,116,Unhealthy for Sensitive Groups,2,24.5,78,0.0,19.4,113,1007.1,10,19.4,24.5,273.0,7.3,134.0,2.8
2026-01-18 19:00:00,2026,1,18,19,Hồ Chí Minh,Phường Vũng Tàu,10.3537998,107.0743549,118,Unhealthy for Sensitive Groups,2,24.6,80,0.0,17.2,105,1007.5,18,23.1,28.8,270.0,7.4,125.0,2.5
2026-01-18 20:00:00,2026,1,18,20,Hồ Chí Minh,Phường Vũng Tàu,10.3537998,107.0743549,116,Unhealthy for Sensitive Groups,2,24.6,77,0.0,17.8,99,1008.3,2,20.1,25.4,268.0,7.3,124.0,2.4
2026-01-18 21:00:00,2026,1,18,21,Hồ Chí Minh,Phường Vũng Tàu,10.3537998,107.0743549,111,Unhealthy for Sensitive Groups,2,24.5,77,0.0,20.7,101,1008.4,1,18.2,23.3,266.0,7.2,123.0,2.2
2026-01-18 22:00:00,2026,1,18,22,Hồ Chí Minh,Phường Vũng Tàu,10.3537998,107.0743549,104,Unhealthy for Sensitive Groups,2,24.5,78,0.0,19.9,100,1008.7,1,17.5,22.5,262.0,7.1,122.0,2.1
2026-01-18 23:00:00,2026,1,18,23,Hồ Chí Minh,Phường Vũng Tàu,10.3537998,107.0743549,96,Moderate,1,24.4,80,0.0,18.8,107,1008.8,4,17.6,22.8,255.0,7.0,121.0,2.1
2026-01-19 00:00:00,2026,1,19,0,Hồ Chí Minh,Phường Vũng Tàu,10.3537998,107.0743549,89,Moderate,1,24.2,81,0.0,18.4,108,1008.9,18,17.9,23.2,246.0,6.9,120.0,2.1
2026-01-19 01:00:00,2026,1,19,1,Hồ Chí Minh,Phường Vũng Tàu,10.3537998,107.0743549,82,Moderate,1,24.1,83,0.0,19.9,105,1008.3,80,18.1,23.3,238.0,6.9,118.0,2.2
2026-01-19 02:00:00,2026,1,19,2,Hồ Chí Minh,Phường Vũng Tàu,10.3537998,107.0743549,76,Moderate,1,24.0,84,0.0,19.3,104,1007.8,92,18.4,23.6,231.0,7.0,115.0,2.4
2026-01-19 03:00:00,2026,1,19,3,Hồ Chí Minh,Phường Vũng Tàu,10.3537998,107.0743549,72,Moderate,1,24.0,83,0.0,18.7,104,1007.3,99,18.9,24.2,225.0,7.3,112.0,2.6
2026-01-19 04:00:00,2026,1,19,4,Hồ Chí Minh,Phường Vũng Tàu,10.3537998,107.0743549,70,Moderate,1,24.0,83,0.0,18.8,104,1007.2,48,18.9,23.9,227.0,8.0,108.0,2.9
2026-01-19 05:00:00,2026,1,19,5,Hồ Chí Minh,Phường Vũng Tàu,10.3537998,107.0743549,68,Moderate,1,24.0,82,0.0,18.9,99,1007.7,76,19.7,24.5,243.0,9.6,102.0,3.3
2026-01-19 06:00:00,2026,1,19,6,Hồ Chí Minh,Phường Vũng Tàu,10.3537998,107.0743549,69,Moderate,1,24.0,81,0.0,18.5,97,1008.2,98,20.8,25.6,267.0,11.7,96.0,3.7
2026-01-19 07:00:00,2026,1,19,7,Hồ Chí Minh,Phường Vũng Tàu,10.3537998,107.0743549,69,Moderate,1,24.5,81,0.0,17.1,102,1009.4,42,22.9,27.8,285.0,11.8,94.0,4.3
2026-01-19 08:00:00,2026,1,19,8,Hồ Chí Minh,Phường Vũng Tàu,10.3537998,107.0743549,69,Moderate,1,25.4,77,0.0,19.4,101,1010.5,61,22.2,27.1,291.0,10.6,101.0,4.5
2026-01-19 09:00:00,2026,1,19,9,Hồ Chí Minh,Phường Vũng Tàu,10.3537998,107.0743549,69,Moderate,1,26.0,73,0.0,19.4,101,1011.3,30,22.4,27.4,292.0,8.9,112.0,4.7
2026-01-19 10:00:00,2026,1,19,10,Hồ Chí Minh,Phường Vũng Tàu,10.3537998,107.0743549,69,Moderate,1,26.8,67,0.0,17.6,106,1011.0,13,23.1,28.7,291.0,7.3,122.0,4.7
2026-01-19 11:00:00,2026,1,19,11,Hồ Chí Minh,Phường Vũng Tàu,10.3537998,107.0743549,69,Moderate,1,27.1,64,0.2,16.0,111,1010.6,52,23.2,29.1,290.0,6.0,133.0,4.2
2026-01-19 12:00:00,2026,1,19,12,Hồ Chí Minh,Phường Vũng Tàu,10.3537998,107.0743549,69,Moderate,1,27.3,61,0.4,16.0,113,1009.9,98,22.0,27.7,287.0,4.9,143.0,3.5
2026-01-19 13:00:00,2026,1,19,13,Hồ Chí Minh,Phường Vũng Tàu,10.3537998,107.0743549,69,Moderate,1,26.8,64,0.2,17.5,114,1008.7,100,20.7,26.1,283.0,4.3,149.0,3.0
2026-01-19 14:00:00,2026,1,19,14,Hồ Chí Minh,Phường Vũng Tàu,10.3537998,107.0743549,69,Moderate,1,27.0,62,0.0,17.1,116,1007.7,100,19.1,24.4,275.0,4.6,147.0,2.8
2026-01-19 15:00:00,2026,1,19,15,Hồ Chí Minh,Phường Vũng Tàu,10.3537998,107.0743549,79,Moderate,1,26.9,64,0.0,18.3,105,1007.3,100,18.0,23.1,266.0,5.5,140.0,2.7
2026-01-19 16:00:00,2026,1,19,16,Hồ Chí Minh,Phường Vũng Tàu,10.3537998,107.0743549,89,Moderate,1,26.5,67,0.0,16.3,106,1007.3,99,17.0,22.0,258.0,6.5,132.0,2.7
2026-01-19 17:00:00,2026,1,19,17,Hồ Chí Minh,Phường Vũng Tàu,10.3537998,107.0743549,96,Moderate,1,25.9,68,0.0,17.8,106,1007.9,100,16.2,21.1,255.0,7.6,125.0,2.7
2026-01-19 18:00:00,2026,1,19,18,Hồ Chí Minh,Phường Vũng Tàu,10.3537998,107.0743549,99,Moderate,1,25.1,74,0.0,17.7,105,1008.5,90,15.9,21.0,254.0,8.7,118.0,2.6
2026-01-19 19:00:00,2026,1,19,19,Hồ Chí Minh,Phường Vũng Tàu,10.3537998,107.0743549,98,Moderate,1,25.1,74,0.0,18.2,98,1009.1,84,17.9,23.1,249.0,9.7,113.0,2.8
2026-01-19 20:00:00,2026,1,19,20,Hồ Chí Minh,Phường Vũng Tàu,10.3537998,107.0743549,93,Moderate,1,25.0,73,0.0,19.6,98,1009.9,73,16.0,21.1,239.0,9.6,109.0,2.7
2026-01-19 21:00:00,2026,1,19,21,Hồ Chí Minh,Phường Vũng Tàu,10.3537998,107.0743549,86,Moderate,1,24.8,78,0.0,19.8,98,1010.3,57,14.6,19.4,225.0,9.4,103.0,2.6
2026-01-19 22:00:00,2026,1,19,22,Hồ Chí Minh,Phường Vũng Tàu,10.3537998,107.0743549,76,Moderate,1,24.6,81,0.0,20.3,100,1009.8,34,13.7,18.3,211.0,9.5,97.0,2.6
2026-01-19 23:00:00,2026,1,19,23,Hồ Chí Minh,Phường Vũng Tàu,10.3537998,107.0743549,66,Moderate,1,24.5,81,0.0,19.7,95,1009.9,16,13.3,17.9,195.0,9.9,93.0,2.6
2026-01-20 00:00:00,2026,1,20,0,Hồ Chí Minh,Phường Vũng Tàu,10.3537998,107.0743549,64,Moderate,1,24.2,83,0.0,18.7,97,1009.7,4,13.0,17.6,179.0,10.6,89.0,2.8
2026-01-20 01:00:00,2026,1,20,1,Hồ Chí Minh,Phường Vũng Tàu,10.3537998,107.0743549,64,Moderate,1,24.2,84,0.0,17.8,93,1009.1,20,13.0,17.5,168.0,11.3,85.0,2.9
2026-01-20 02:00:00,2026,1,20,2,Hồ Chí Minh,Phường Vũng Tàu,10.3537998,107.0743549,64,Moderate,1,24.0,84,0.0,17.0,95,1008.6,16,13.1,17.5,163.0,12.0,82.0,3.1
2026-01-20 03:00:00,2026,1,20,3,Hồ Chí Minh,Phường Vũng Tàu,10.3537998,107.0743549,63,Moderate,1,24.0,84,0.0,17.4,96,1008.2,30,13.5,17.9,163.0,12.7,79.0,3.3
2026-01-20 04:00:00,2026,1,20,4,Hồ Chí Minh,Phường Vũng Tàu,10.3537998,107.0743549,63,Moderate,1,23.9,84,0.0,15.5,95,1008.6,9,14.7,19.0,173.0,13.4,76.0,3.6
2026-01-20 05:00:00,2026,1,20,5,Hồ Chí Minh,Phường Vũng Tàu,10.3537998,107.0743549,62,Moderate,1,23.7,85,0.0,14.6,94,1008.8,85,16.2,20.6,200.0,14.6,71.0,3.8
2026-01-20 06:00:00,2026,1,20,6,Hồ Chí Minh,Phường Vũng Tàu,10.3537998,107.0743549,62,Moderate,1,23.4,87,0.0,13.0,87,1009.3,96,19.2,23.3,237.0,15.8,67.0,4.0
2026-01-20 07:00:00,2026,1,20,7,Hồ Chí Minh,Phường Vũng Tàu,10.3537998,107.0743549,62,Moderate,1,23.5,87,0.0,10.6,48,1010.6,100,18.0,22.2,265.0,14.9,71.0,5.0
2026-01-20 08:00:00,2026,1,20,8,Hồ Chí Minh,Phường Vũng Tàu,10.3537998,107.0743549,61,Moderate,1,24.6,77,0.0,12.3,58,1011.6,100,17.4,21.6,275.0,13.0,82.0,5.3
2026-01-20 09:00:00,2026,1,20,9,Hồ Chí Minh,Phường Vũng Tàu,10.3537998,107.0743549,61,Moderate,1,26.0,69,0.0,14.1,69,1012.5,7,18.1,22.5,276.0,10.3,98.0,5.8
2026-01-20 10:00:00,2026,1,20,10,Hồ Chí Minh,Phường Vũng Tàu,10.3537998,107.0743549,61,Moderate,1,27.1,62,0.4,13.1,82,1012.3,51,18.3,21.3,271.0,7.9,114.0,5.9
2026-01-20 11:00:00,2026,1,20,11,Hồ Chí Minh,Phường Vũng Tàu,10.3537998,107.0743549,60,Moderate,1,27.0,63,0.4,13.6,101,1012.2,36,19.2,21.4,257.0,6.2,132.0,5.5
2026-01-20 12:00:00,2026,1,20,12,Hồ Chí Minh,Phường Vũng Tàu,10.3537998,107.0743549,60,Moderate,1,27.2,62,0.2,15.3,107,1011.6,34,19.2,21.5,238.0,4.9,150.0,4.8
2026-01-20 13:00:00,2026,1,20,13,Hồ Chí Minh,Phường Vũng Tàu,10.3537998,107.0743549,60,Moderate,1,26.7,60,0.0,18.6,105,1010.6,27,19.5,23.4,223.0,4.1,160.0,4.1
2026-01-20 14:00:00,2026,1,20,14,Hồ Chí Minh,Phường Vũng Tàu,10.3537998,107.0743549,59,Moderate,1,27.1,57,0.1,18.6,105,1009.5,69,18.8,23.9,218.0,4.0,158.0,3.5
2026-01-20 15:00:00,2026,1,20,15,Hồ Chí Minh,Phường Vũng Tàu,10.3537998,107.0743549,72,Moderate,1,27.0,56,0.0,20.5,101,1008.9,34,17.5,22.9,218.0,4.5,147.0,3.0
2026-01-20 16:00:00,2026,1,20,16,Hồ Chí Minh,Phường Vũng Tàu,10.3537998,107.0743549,88,Moderate,1,26.3,65,0.0,22.8,106,1008.8,9,16.4,21.7,220.0,5.2,138.0,2.6
2026-01-20 17:00:00,2026,1,20,17,Hồ Chí Minh,Phường Vũng Tàu,10.3537998,107.0743549,100,Moderate,1,25.4,68,0.0,23.0,107,1008.8,73,16.2,21.4,226.0,6.3,132.0,2.4
2026-01-20 18:00:00,2026,1,20,18,Hồ Chí Minh,Phường Vũng Tàu,10.3537998,107.0743549,107,Unhealthy for Sensitive Groups,2,24.6,76,0.0,19.8,102,1008.9,48,15.5,20.3,235.0,7.7,126.0,2.3
2026-01-20 19:00:00,2026,1,20,19,Hồ Chí Minh,Phường Vũng Tàu,10.3537998,107.0743549,110,Unhealthy for Sensitive Groups,2,24.9,74,0.0,24.0,100,1009.4,79,15.0,19.8,239.0,8.3,122.0,2.3
2026-01-20 20:00:00,2026,1,20,20,Hồ Chí Minh,Phường Vũng Tàu,10.3537998,107.0743549,108,Unhealthy for Sensitive Groups,2,24.9,77,0.0,23.8,103,1010.3,67,14.1,18.6,234.0,7.9,119.0,2.2
2026-01-20 21:00:00,2026,1,20,21,Hồ Chí Minh,Phường Vũng Tàu,10.3537998,107.0743549,101,Unhealthy for Sensitive Groups,2,24.7,76,0.0,28.5,98,1010.8,85,13.4,17.7,225.0,7.4,115.0,2.0
2026-01-20 22:00:00,2026,1,20,22,Hồ Chí Minh,Phường Vũng Tàu,10.3537998,107.0743549,91,Moderate,1,24.5,80,0.0,29.0,94,1010.7,86,12.7,16.8,217.0,7.0,111.0,1.9
2026-01-20 23:00:00,2026,1,20,23,Hồ Chí Minh,Phường Vũng Tàu,10.3537998,107.0743549,81,Moderate,1,24.4,81,0.0,28.3,93,1010.6,48,12.0,15.9,214.0,6.9,108.0,1.9
2026-01-21 00:00:00,2026,1,21,0,Hồ Chí Minh,Phường Vũng Tàu,10.3537998,107.0743549,73,Moderate,1,24.3,80,0.0,25.6,89,1010.6,20,11.4,15.3,213.0,6.9,104.0,2.0
2026-01-21 01:00:00,2026,1,21,1,Hồ Chí Minh,Phường Vũng Tàu,10.3537998,107.0743549,66,Moderate,1,24.1,81,0.0,23.0,89,1010.0,3,11.0,14.5,213.0,7.0,101.0,2.1
2026-01-21 02:00:00,2026,1,21,2,Hồ Chí Minh,Phường Vũng Tàu,10.3537998,107.0743549,59,Moderate,1,24.1,78,0.0,21.9,84,1009.9,2,11.0,14.2,209.0,7.2,98.0,2.3
2026-01-21 03:00:00,2026,1,21,3,Hồ Chí Minh,Phường Vũng Tàu,10.3537998,107.0743549,58,Moderate,1,23.8,80,0.0,19.6,73,1009.5,14,11.3,14.3,206.0,7.5,95.0,2.6
2026-01-21 04:00:00,2026,1,21,4,Hồ Chí Minh,Phường Vũng Tàu,10.3537998,107.0743549,58,Moderate,1,23.5,80,0.0,17.8,70,1009.8,21,12.2,15.0,215.0,8.0,92.0,2.9
2026-01-21 05:00:00,2026,1,21,5,Hồ Chí Minh,Phường Vũng Tàu,10.3537998,107.0743549,58,Moderate,1,23.2,81,0.0,15.5,68,1010.4,12,13.2,15.9,251.0,8.9,87.0,3.2
2026-01-21 06:00:00,2026,1,21,6,Hồ Chí Minh,Phường Vũng Tàu,10.3537998,107.0743549,57,Moderate,1,22.8,80,0.0,13.6,58,1010.7,89,14.2,16.9,300.0,9.9,81.0,3.6
2026-01-21 07:00:00,2026,1,21,7,Hồ Chí Minh,Phường Vũng Tàu,10.3537998,107.0743549,57,Moderate,1,23.0,77,0.0,11.2,41,1011.2,51,20.8,24.2,333.0,10.2,80.0,4.2
2026-01-21 08:00:00,2026,1,21,8,Hồ Chí Minh,Phường Vũng Tàu,10.3537998,107.0743549,57,Moderate,1,24.8,63,0.0,10.0,57,1012.5,95,21.3,24.6,336.0,8.9,92.0,4.6
2026-01-21 09:00:00,2026,1,21,9,Hồ Chí Minh,Phường Vũng Tàu,10.3537998,107.0743549,57,Moderate,1,26.6,52,0.0,9.7,62,1013.3,95,20.3,24.1,322.0,7.1,109.0,5.1
2026-01-21 10:00:00,2026,1,21,10,Hồ Chí Minh,Phường Vũng Tàu,10.3537998,107.0743549,58,Moderate,1,27.9,47,0.0,4.9,80,1013.4,91,19.0,23.1,301.0,5.6,123.0,5.3
2026-01-21 11:00:00,2026,1,21,11,Hồ Chí Minh,Phường Vũng Tàu,10.3537998,107.0743549,58,Moderate,1,28.6,46,0.0,7.7,147,1013.1,98,16.9,21.1,270.0,4.6,131.0,4.8
2026-01-21 12:00:00,2026,1,21,12,Hồ Chí Minh,Phường Vũng Tàu,10.3537998,107.0743549,58,Moderate,1,27.9,54,0.0,15.0,143,1012.3,99,15.3,19.5,233.0,4.0,135.0,4.0
2026-01-21 13:00:00,2026,1,21,13,Hồ Chí Minh,Phường Vũng Tàu,10.3537998,107.0743549,57,Moderate,1,27.0,59,0.0,19.7,122,1011.2,98,14.8,19.2,208.0,3.7,137.0,3.4
2026-01-21 14:00:00,2026,1,21,14,Hồ Chí Minh,Phường Vũng Tàu,10.3537998,107.0743549,57,Moderate,1,27.2,61,0.0,22.6,112,1010.1,98,15.4,20.3,207.0,4.0,137.0,3.1
2026-01-21 15:00:00,2026,1,21,15,Hồ Chí Minh,Phường Vũng Tàu,10.3537998,107.0743549,67,Moderate,1,26.9,64,0.0,21.1,109,1009.4,96,16.2,21.5,218.0,4.6,135.0,2.9
2026-01-21 16:00:00,2026,1,21,16,Hồ Chí Minh,Phường Vũng Tàu,10.3537998,107.0743549,79,Moderate,1,27.1,58,0.0,19.7,102,1009.6,95,16.4,21.7,229.0,5.4,131.0,2.8
2026-01-21 17:00:00,2026,1,21,17,Hồ Chí Minh,Phường Vũng Tàu,10.3537998,107.0743549,87,Moderate,1,26.1,69,0.0,18.0,104,1009.7,9,16.4,21.5,238.0,6.4,126.0,2.7
2026-01-21 18:00:00,2026,1,21,18,Hồ Chí Minh,Phường Vũng Tàu,10.3537998,107.0743549,91,Moderate,1,25.1,78,0.0,17.3,102,1010.0,57,15.5,20.2,248.0,7.6,119.0,2.6
2026-01-21 19:00:00,2026,1,21,19,Hồ Chí Minh,Phường Vũng Tàu,10.3537998,107.0743549,90,Moderate,1,24.5,82,0.0,16.6,87,1010.9,49,14.4,18.5,251.0,10.5,113.0,3.0
2026-01-21 20:00:00,2026,1,21,20,Hồ Chí Minh,Phường Vũng Tàu,10.3537998,107.0743549,86,Moderate,1,24.6,83,0.0,19.0,102,1011.7,99,13.4,17.3,241.0,9.6,110.0,2.8
2026-01-21 21:00:00,2026,1,21,21,Hồ Chí Minh,Phường Vũng Tàu,10.3537998,107.0743549,81,Moderate,1,25.0,78,0.0,21.6,97,1012.3,98,12.5,16.2,225.0,8.4,107.0,2.5
2026-01-21 22:00:00,2026,1,21,22,Hồ Chí Minh,Phường Vũng Tàu,10.3537998,107.0743549,75,Moderate,1,24.8,78,0.0,22.4,93,1012.2,9,11.8,15.2,214.0,7.6,103.0,2.3
2026-01-21 23:00:00,2026,1,21,23,Hồ Chí Minh,Phường Vũng Tàu,10.3537998,107.0743549,67,Moderate,1,24.5,81,0.0,22.0,87,1012.1,33,11.2,14.3,214.0,7.4,99.0,2.3
2026-01-22 00:00:00,2026,1,22,0,Hồ Chí Minh,Phường Vũng Tàu,10.3537998,107.0743549,60,Moderate,1,24.2,81,0.0,20.6,84,1011.9,96,10.7,13.4,220.0,7.6,95.0,2.3
2026-01-22 01:00:00,2026,1,22,1,Hồ Chí Minh,Phường Vũng Tàu,10.3537998,107.0743549,56,Moderate,1,24.0,83,0.0,17.4,72,1011.1,55,10.7,13.2,225.0,7.9,91.0,2.5
2026-01-22 02:00:00,2026,1,22,2,Hồ Chí Minh,Phường Vũng Tàu,10.3537998,107.0743549,56,Moderate,1,23.6,82,0.0,13.8,41,1010.9,90,10.9,13.2,224.0,8.1,88.0,2.7
2026-01-22 03:00:00,2026,1,22,3,Hồ Chí Minh,Phường Vũng Tàu,10.3537998,107.0743549,56,Moderate,1,23.1,81,0.0,8.8,39,1010.7,99,11.1,13.4,223.0,8.4,84.0,3.1
2026-01-22 04:00:00,2026,1,22,4,Hồ Chí Minh,Phường Vũng Tàu,10.3537998,107.0743549,56,Moderate,1,23.0,80,0.0,7.5,53,1010.8,98,11.4,13.7,231.0,8.7,82.0,3.4
2026-01-22 05:00:00,2026,1,22,5,Hồ Chí Minh,Phường Vũng Tàu,10.3537998,107.0743549,56,Moderate,1,23.0,80,0.0,6.5,44,1011.4,93,11.8,14.1,260.0,9.3,79.0,3.8
2026-01-22 06:00:00,2026,1,22,6,Hồ Chí Minh,Phường Vũng Tàu,10.3537998,107.0743549,56,Moderate,1,22.8,82,0.0,5.5,38,1011.9,9,12.4,14.8,299.0,9.9,77.0,4.3
2026-01-22 07:00:00,2026,1,22,7,Hồ Chí Minh,Phường Vũng Tàu,10.3537998,107.0743549,56,Moderate,1,24.2,77,0.0,10.2,69,1012.7,95,18.1,20.9,326.0,11.3,76.0,5.0
2026-01-22 08:00:00,2026,1,22,8,Hồ Chí Minh,Phường Vũng Tàu,10.3537998,107.0743549,55,Moderate,1,25.4,66,0.0,7.9,41,1013.7,90,17.7,20.5,330.0,9.6,88.0,4.9
2026-01-22 09:00:00,2026,1,22,9,Hồ Chí Minh,Phường Vũng Tàu,10.3537998,107.0743549,55,Moderate,1,26.6,57,0.0,4.8,15,1014.6,92,16.7,19.7,322.0,7.2,104.0,4.7
2026-01-22 10:00:00,2026,1,22,10,Hồ Chí Minh,Phường Vũng Tàu,10.3537998,107.0743549,55,Moderate,1,27.9,51,0.0,0.6,288,1014.4,0,14.4,17.3,310.0,5.2,116.0,4.4
2026-01-22 11:00:00,2026,1,22,11,Hồ Chí Minh,Phường Vũng Tàu,10.3537998,107.0743549,54,Moderate,1,28.6,49,0.0,5.1,186,1014.1,1,11.9,14.8,293.0,4.0,121.0,3.7
2026-01-22 12:00:00,2026,1,22,12,Hồ Chí Minh,Phường Vũng Tàu,10.3537998,107.0743549,54,Moderate,1,28.4,53,0.0,11.6,185,1013.0,0,10.6,13.3,271.0,3.3,122.0,2.9
2026-01-22 13:00:00,2026,1,22,13,Hồ Chí Minh,Phường Vũng Tàu,10.3537998,107.0743549,53,Moderate,1,27.2,61,0.0,12.9,162,1012.1,83,9.5,12.0,256.0,3.1,122.0,2.3
2026-01-22 14:00:00,2026,1,22,14,Hồ Chí Minh,Phường Vũng Tàu,10.3537998,107.0743549,53,Moderate,1,28.0,54,0.0,14.2,125,1011.0,84,9.4,12.1,252.0,3.5,122.0,2.2
2026-01-22 15:00:00,2026,1,22,15,Hồ Chí Minh,Phường Vũng Tàu,10.3537998,107.0743549,52,Moderate,1,28.1,59,0.0,18.3,113,1010.5,86,10.4,13.8,255.0,4.5,121.0,2.3
2026-01-22 16:00:00,2026,1,22,16,Hồ Chí Minh,Phường Vũng Tàu,10.3537998,107.0743549,61,Moderate,1,27.1,67,0.0,23.2,107,1010.4,79,12.0,15.8,261.0,5.7,118.0,2.4
2026-01-22 17:00:00,2026,1,22,17,Hồ Chí Minh,Phường Vũng Tàu,10.3537998,107.0743549,68,Moderate,1,26.0,70,0.0,23.3,99,1010.8,88,12.7,16.5,271.0,7.6,113.0,2.6
2026-01-22 18:00:00,2026,1,22,18,Hồ Chí Minh,Phường Vũng Tàu,10.3537998,107.0743549,70,Moderate,1,25.5,74,0.0,21.5,95,1011.2,92,12.2,15.4,285.0,9.8,107.0,2.8
2026-01-22 19:00:00,2026,1,22,19,Hồ Chí Minh,Phường Vũng Tàu,10.3537998,107.0743549,68,Moderate,1,25.2,78,0.0,20.5,92,1011.8,45,13.3,16.8,294.0,13.3,102.0,3.3
2026-01-22 20:00:00,2026,1,22,20,Hồ Chí Minh,Phường Vũng Tàu,10.3537998,107.0743549,64,Moderate,1,25.2,78,0.0,21.5,81,1012.4,96,12.0,15.0,296.0,12.0,99.0,3.1
2026-01-22 21:00:00,2026,1,22,21,Hồ Chí Minh,Phường Vũng Tàu,10.3537998,107.0743549,59,Moderate,1,25.2,76,0.0,22.3,74,1013.0,81,10.7,13.4,293.0,10.2,95.0,2.7
2026-01-22 22:00:00,2026,1,22,22,Hồ Chí Minh,Phường Vũng Tàu,10.3537998,107.0743549,53,Moderate,1,25.0,75,0.0,20.7,69,1012.8,100,9.7,12.0,292.0,8.7,92.0,2.5
2026-01-22 23:00:00,2026,1,22,23,Hồ Chí Minh,Phường Vũng Tàu,10.3537998,107.0743549,50,Good,0,24.9,74,0.0,17.8,63,1012.9,100,9.2,11.1,295.0,8.0,90.0,2.5
2026-01-23 00:00:00,2026,1,23,0,Hồ Chí Minh,Phường Vũng Tàu,10.3537998,107.0743549,50,Good,0,24.7,72,0.0,14.3,62,1012.9,100,8.6,10.3,298.0,7.6,89.0,2.5
2026-01-23 01:00:00,2026,1,23,1,Hồ Chí Minh,Phường Vũng Tàu,10.3537998,107.0743549,50,Good,0,24.5,73,0.0,15.4,66,1012.6,100,8.4,10.2,299.0,7.3,88.0,2.6
2026-01-23 02:00:00,2026,1,23,2,Hồ Chí Minh,Phường Vũng Tàu,10.3537998,107.0743549,49,Good,0,24.1,78,0.0,16.6,77,1012.4,100,8.6,10.7,290.0,7.0,87.0,2.7
2026-01-23 03:00:00,2026,1,23,3,Hồ Chí Minh,Phường Vũng Tàu,10.3537998,107.0743549,49,Good,0,24.0,78,0.0,14.2,72,1012.0,99,8.9,11.0,277.0,6.9,87.0,2.8
2026-01-23 04:00:00,2026,1,23,4,Hồ Chí Minh,Phường Vũng Tàu,10.3537998,107.0743549,49,Good,0,23.5,77,0.0,10.6,62,1012.2,100,9.1,11.3,280.0,7.1,86.0,3.1
2026-01-23 05:00:00,2026,1,23,5,Hồ Chí Minh,Phường Vũng Tàu,10.3537998,107.0743549,48,Good,0,23.1,78,0.0,7.9,45,1012.6,99,9.4,11.6,315.0,8.2,82.0,3.7
2026-01-23 06:00:00,2026,1,23,6,Hồ Chí Minh,Phường Vũng Tàu,10.3537998,107.0743549,48,Good,0,22.6,81,0.0,5.9,23,1013.3,99,10.0,12.0,366.0,9.7,77.0,4.4
2026-01-23 07:00:00,2026,1,23,7,Hồ Chí Minh,Phường Vũng Tàu,10.3537998,107.0743549,47,Good,0,23.4,79,0.0,8.3,27,1014.4,0,13.3,15.9,395.0,9.4,80.0,4.4
2026-01-23 08:00:00,2026,1,23,8,Hồ Chí Minh,Phường Vũng Tàu,10.3537998,107.0743549,47,Good,0,25.0,62,0.0,7.9,41,1015.4,0,12.7,15.3,382.0,8.2,89.0,4.4
2026-01-23 09:00:00,2026,1,23,9,Hồ Chí Minh,Phường Vũng Tàu,10.3537998,107.0743549,46,Good,0,26.5,55,0.0,9.0,70,1015.8,0,11.8,14.6,347.0,6.5,101.0,4.4
2026-01-23 10:00:00,2026,1,23,10,Hồ Chí Minh,Phường Vũng Tàu,10.3537998,107.0743549,45,Good,0,28.0,48,0.0,10.2,83,1015.5,23,10.9,13.6,319.0,5.1,112.0,4.3
2026-01-23 11:00:00,2026,1,23,11,Hồ Chí Minh,Phường Vũng Tàu,10.3537998,107.0743549,44,Good,0,29.0,46,0.0,8.7,97,1014.8,17,10.1,12.7,308.0,4.3,119.0,3.9
2026-01-23 12:00:00,2026,1,23,12,Hồ Chí Minh,Phường Vũng Tàu,10.3537998,107.0743549,44,Good,0,29.4,48,0.0,8.1,121,1013.9,8,9.8,12.4,303.0,3.8,123.0,3.5
2026-01-23 13:00:00,2026,1,23,13,Hồ Chí Minh,Phường Vũng Tàu,10.3537998,107.0743549,45,Good,0,27.9,60,0.0,17.7,135,1013.0,7,9.9,12.7,301.0,3.8,126.0,3.1
2026-01-23 14:00:00,2026,1,23,14,Hồ Chí Minh,Phường Vũng Tàu,10.3537998,107.0743549,48,Good,0,27.9,56,0.0,19.9,127,1012.2,9,10.5,13.5,301.0,4.2,127.0,3.0
2026-01-23 15:00:00,2026,1,23,15,Hồ Chí Minh,Phường Vũng Tàu,10.3537998,107.0743549,53,Moderate,1,27.7,58,0.0,20.6,117,1011.5,7,11.4,15.0,303.0,5.1,126.0,2.9
2026-01-23 16:00:00,2026,1,23,16,Hồ Chí Minh,Phường Vũng Tàu,10.3537998,107.0743549,63,Moderate,1,27.2,63,0.0,20.5,111,1011.3,75,12.3,16.1,304.0,6.2,122.0,2.9
2026-01-23 17:00:00,2026,1,23,17,Hồ Chí Minh,Phường Vũng Tàu,10.3537998,107.0743549,70,Moderate,1,26.4,72,0.0,19.1,106,1011.6,84,12.3,16.2,304.0,7.9,115.0,2.9
2026-01-23 18:00:00,2026,1,23,18,Hồ Chí Minh,Phường Vũng Tàu,10.3537998,107.0743549,73,Moderate,1,25.3,78,0.0,19.7,102,1012.0,88,12.0,15.7,303.0,9.9,105.0,2.9
2026-01-23 19:00:00,2026,1,23,19,Hồ Chí Minh,Phường Vũng Tàu,10.3537998,107.0743549,71,Moderate,1,24.6,83,0.0,19.8,97,1012.8,15,13.8,17.9,300.0,12.1,99.0,3.0
2026-01-23 20:00:00,2026,1,23,20,Hồ Chí Minh,Phường Vũng Tàu,10.3537998,107.0743549,67,Moderate,1,24.8,83,0.0,20.1,96,1013.5,0,10.8,14.2,292.0,10.7,96.0,2.7
2026-01-23 21:00:00,2026,1,23,21,Hồ Chí Minh,Phường Vũng Tàu,10.3537998,107.0743549,61,Moderate,1,24.6,81,0.0,22.9,91,1013.8,95,8.4,11.1,282.0,8.7,92.0,2.3
2026-01-23 22:00:00,2026,1,23,22,Hồ Chí Minh,Phường Vũng Tàu,10.3537998,107.0743549,54,Moderate,1,24.5,81,0.0,23.8,86,1013.6,40,7.3,9.6,274.0,7.2,88.0,2.0
2026-01-23 23:00:00,2026,1,23,23,Hồ Chí Minh,Phường Vũng Tàu,10.3537998,107.0743549,49,Good,0,24.5,79,0.0,18.6,72,1013.8,20,6.9,8.9,271.0,6.7,86.0,1.9
2026-01-24 00:00:00,2026,1,24,0,Hồ Chí Minh,Phường Vũng Tàu,10.3537998,107.0743549,47,Good,0,24.0,81,0.0,15.5,72,1013.8,2,6.8,8.7,271.0,6.7,85.0,1.9
2026-01-24 01:00:00,2026,1,24,1,Hồ Chí Minh,Phường Vũng Tàu,10.3537998,107.0743549,44,Good,0,24.0,80,0.0,15.2,68,1013.7,2,6.8,8.7,271.0,6.7,84.0,1.9
2026-01-24 02:00:00,2026,1,24,2,Hồ Chí Minh,Phường Vũng Tàu,10.3537998,107.0743549,43,Good,0,23.9,80,0.0,15.8,73,1013.4,11,6.9,8.8,267.0,6.6,84.0,2.0
2026-01-24 03:00:00,2026,1,24,3,Hồ Chí Minh,Phường Vũng Tàu,10.3537998,107.0743549,42,Good,0,23.6,80,0.0,15.4,69,1012.9,19,7.2,9.2,264.0,6.5,84.0,2.1
2026-01-24 04:00:00,2026,1,24,4,Hồ Chí Minh,Phường Vũng Tàu,10.3537998,107.0743549,42,Good,0,23.4,81,0.0,14.5,68,1012.9,7,7.5,9.5,267.0,6.6,83.0,2.3
2026-01-24 05:00:00,2026,1,24,5,Hồ Chí Minh,Phường Vũng Tàu,10.3537998,107.0743549,41,Good,0,23.1,82,0.0,13.1,67,1013.1,0,7.9,9.8,283.0,7.2,80.0,2.7
2026-01-24 06:00:00,2026,1,24,6,Hồ Chí Minh,Phường Vũng Tàu,10.3537998,107.0743549,41,Good,0,22.9,81,0.0,11.1,67,1013.4,2,8.9,10.8,307.0,8.1,76.0,3.3
2026-01-24 07:00:00,2026,1,24,7,Hồ Chí Minh,Phường Vũng Tàu,10.3537998,107.0743549,41,Good,0,23.6,76,0.0,13.0,66,1014.4,77,14.8,17.8,324.0,9.3,77.0,3.9
2026-01-24 08:00:00,2026,1,24,8,Hồ Chí Minh,Phường Vũng Tàu,10.3537998,107.0743549,41,Good,0,25.0,64,0.0,13.2,55,1015.2,95,14.3,17.2,333.0,8.1,87.0,4.1
2026-01-24 09:00:00,2026,1,24,9,Hồ Chí Minh,Phường Vũng Tàu,10.3537998,107.0743549,42,Good,0,26.7,53,0.0,11.7,56,1015.9,95,14.1,17.1,335.0,6.5,100.0,4.3
2026-01-24 10:00:00,2026,1,24,10,Hồ Chí Minh,Phường Vũng Tàu,10.3537998,107.0743549,42,Good,0,28.1,47,0.0,9.6,73,1015.8,39,13.5,16.7,330.0,5.2,112.0,4.4
2026-01-24 11:00:00,2026,1,24,11,Hồ Chí Minh,Phường Vũng Tàu,10.3537998,107.0743549,42,Good,0,29.0,46,0.0,7.1,97,1015.2,1,13.0,16.4,310.0,4.4,120.0,4.1
2026-01-24 12:00:00,2026,1,24,12,Hồ Chí Minh,Phường Vũng Tàu,10.3537998,107.0743549,43,Good,0,29.2,51,0.0,10.6,133,1014.1,2,12.8,16.4,282.0,3.8,126.0,3.7
2026-01-24 13:00:00,2026,1,24,13,Hồ Chí Minh,Phường Vũng Tàu,10.3537998,107.0743549,45,Good,0,27.5,59,0.1,22.0,129,1013.5,14,13.2,17.1,261.0,3.6,130.0,3.3
2026-01-24 14:00:00,2026,1,24,14,Hồ Chí Minh,Phường Vũng Tàu,10.3537998,107.0743549,48,Good,0,28.0,54,0.0,20.5,114,1012.8,4,14.3,18.9,254.0,3.9,132.0,3.1
2026-01-24 15:00:00,2026,1,24,15,Hồ Chí Minh,Phường Vũng Tàu,10.3537998,107.0743549,55,Moderate,1,27.8,60,0.0,18.0,109,1012.4,19,15.1,20.0,254.0,4.6,132.0,3.0
2026-01-24 16:00:00,2026,1,24,16,Hồ Chí Minh,Phường Vũng Tàu,10.3537998,107.0743549,66,Moderate,1,27.1,64,0.0,20.6,108,1012.3,7,14.7,19.6,255.0,5.3,130.0,2.8
2026-01-24 17:00:00,2026,1,24,17,Hồ Chí Minh,Phường Vũng Tàu,10.3537998,107.0743549,75,Moderate,1,26.1,68,0.0,19.8,103,1012.5,9,13.7,18.7,257.0,6.2,123.0,2.6
2026-01-24 18:00:00,2026,1,24,18,Hồ Chí Minh,Phường Vũng Tàu,10.3537998,107.0743549,80,Moderate,1,24.8,79,0.0,18.8,102,1012.7,21,12.4,16.9,261.0,7.2,114.0,2.4
2026-01-24 19:00:00,2026,1,24,19,Hồ Chí Minh,Phường Vũng Tàu,10.3537998,107.0743549,81,Moderate,1,24.6,83,0.0,17.7,96,1012.7,3,12.9,17.4,260.0,7.9,107.0,2.2
2026-01-24 20:00:00,2026,1,24,20,Hồ Chí Minh,Phường Vũng Tàu,10.3537998,107.0743549,78,Moderate,1,24.5,81,0.0,22.4,94,1013.5,0,10.8,14.9,250.0,7.6,104.0,2.1
2026-01-24 21:00:00,2026,1,24,21,Hồ Chí Minh,Phường Vũng Tàu,10.3537998,107.0743549,73,Moderate,1,24.5,79,0.0,24.5,93,1013.5,0,9.7,13.6,235.0,7.1,101.0,1.9
2026-01-24 22:00:00,2026,1,24,22,Hồ Chí Minh,Phường Vũng Tàu,10.3537998,107.0743549,67,Moderate,1,24.3,78,0.0,27.2,92,1013.2,0,9.5,13.4,225.0,6.7,98.0,1.8
2026-01-24 23:00:00,2026,1,24,23,Hồ Chí Minh,Phường Vũng Tàu,10.3537998,107.0743549,60,Moderate,1,24.2,77,0.0,27.5,90,1013.1,49,9.3,12.8,223.0,6.4,96.0,1.8
2026-01-25 00:00:00,2026,1,25,0,Hồ Chí Minh,Phường Vũng Tàu,10.3537998,107.0743549,52,Moderate,1,24.0,77,0.0,25.3,85,1012.6,97,8.6,11.9,225.0,6.1,95.0,1.8
2026-01-25 01:00:00,2026,1,25,1,Hồ Chí Minh,Phường Vũng Tàu,10.3537998,107.0743549,49,Good,0,24.0,77,0.0,24.3,82,1012.4,77,8.3,11.3,226.0,5.9,94.0,1.8
2026-01-25 02:00:00,2026,1,25,2,Hồ Chí Minh,Phường Vũng Tàu,10.3537998,107.0743549,47,Good,0,23.9,75,0.0,23.1,85,1012.0,84,8.3,11.1,223.0,5.8,93.0,1.8
2026-01-25 03:00:00,2026,1,25,3,Hồ Chí Minh,Phường Vũng Tàu,10.3537998,107.0743549,48,Good,0,23.8,74,0.0,22.4,81,1011.5,80,8.5,11.4,219.0,5.8,91.0,1.9
2026-01-25 04:00:00,2026,1,25,4,Hồ Chí Minh,Phường Vũng Tàu,10.3537998,107.0743549,48,Good,0,23.5,72,0.0,20.6,72,1011.5,91,8.8,11.7,223.0,6.0,90.0,2.0
2026-01-25 05:00:00,2026,1,25,5,Hồ Chí Minh,Phường Vũng Tàu,10.3537998,107.0743549,48,Good,0,23.3,72,0.0,19.1,72,1012.1,87,9.1,11.9,244.0,6.6,87.0,2.2
2026-01-25 06:00:00,2026,1,25,6,Hồ Chí Minh,Phường Vũng Tàu,10.3537998,107.0743549,48,Good,0,23.1,71,0.0,16.8,65,1012.5,77,9.6,12.4,273.0,7.4,84.0,2.5
2026-01-25 07:00:00,2026,1,25,7,Hồ Chí Minh,Phường Vũng Tàu,10.3537998,107.0743549,48,Good,0,23.0,72,0.0,10.9,40,1013.2,96,11.7,14.8,294.0,7.8,84.0,2.9
2026-01-25 08:00:00,2026,1,25,8,Hồ Chí Minh,Phường Vũng Tàu,10.3537998,107.0743549,48,Good,0,24.8,62,0.0,11.7,63,1014.1,94,11.8,14.9,302.0,7.0,92.0,3.0
2026-01-25 09:00:00,2026,1,25,9,Hồ Chí Minh,Phường Vũng Tàu,10.3537998,107.0743549,48,Good,0,26.5,55,0.0,13.1,82,1014.8,99,12.1,15.4,301.0,5.9,103.0,3.2
2026-01-25 10:00:00,2026,1,25,10,Hồ Chí Minh,Phường Vũng Tàu,10.3537998,107.0743549,47,Good,0,27.9,48,0.0,15.0,96,1014.9,99,12.3,15.7,292.0,4.9,113.0,3.2
2026-01-25 11:00:00,2026,1,25,11,Hồ Chí Minh,Phường Vũng Tàu,10.3537998,107.0743549,47,Good,0,28.5,48,0.0,18.6,104,1014.6,100,12.5,16.1,268.0,4.1,123.0,3.1
2026-01-25 12:00:00,2026,1,25,12,Hồ Chí Minh,Phường Vũng Tàu,10.3537998,107.0743549,47,Good,0,28.6,48,0.0,21.5,107,1013.9,99,13.0,16.8,236.0,3.5,132.0,2.8
2026-01-25 13:00:00,2026,1,25,13,Hồ Chí Minh,Phường Vũng Tàu,10.3537998,107.0743549,47,Good,0,28.2,51,0.0,21.0,104,1013.0,80,13.7,17.8,215.0,3.3,138.0,2.6
2026-01-25 14:00:00,2026,1,25,14,Hồ Chí Minh,Phường Vũng Tàu,10.3537998,107.0743549,51,Moderate,1,28.2,52,0.0,21.3,107,1012.2,78,14.3,18.8,217.0,3.7,140.0,2.5
2026-01-25 15:00:00,2026,1,25,15,Hồ Chí Minh,Phường Vũng Tàu,10.3537998,107.0743549,63,Moderate,1,27.5,58,0.0,20.9,109,1011.9,34,14.5,19.2,230.0,4.4,138.0,2.4
2026-01-25 16:00:00,2026,1,25,16,Hồ Chí Minh,Phường Vũng Tàu,10.3537998,107.0743549,75,Moderate,1,26.8,63,0.0,20.6,106,1011.8,28,14.3,19.0,242.0,5.4,135.0,2.4
2026-01-25 17:00:00,2026,1,25,17,Hồ Chí Minh,Phường Vũng Tàu,10.3537998,107.0743549,84,Moderate,1,25.9,71,0.0,21.4,105,1011.9,38,14.0,18.6,250.0,6.8,129.0,2.4
2026-01-25 18:00:00,2026,1,25,18,Hồ Chí Minh,Phường Vũng Tàu,10.3537998,107.0743549,89,Moderate,1,24.7,78,0.0,22.5,101,1012.1,6,13.5,17.9,258.0,8.4,121.0,2.4
2026-01-25 19:00:00,2026,1,25,19,Hồ Chí Minh,Phường Vũng Tàu,10.3537998,107.0743549,91,Moderate,1,24.5,83,0.0,23.0,100,1012.2,26,12.7,16.8,259.0,9.8,113.0,2.5
2026-01-25 20:00:00,2026,1,25,20,Hồ Chí Minh,Phường Vũng Tàu,10.3537998,107.0743549,89,Moderate,1,24.5,82,0.0,23.2,88,1012.9,5,11.3,15.0,250.0,9.1,109.0,2.4
2026-01-25 21:00:00,2026,1,25,21,Hồ Chí Minh,Phường Vũng Tàu,10.3537998,107.0743549,84,Moderate,1,24.3,85,0.0,22.3,84,1013.2,1,10.2,13.8,235.0,8.2,104.0,2.2
2026-01-25 22:00:00,2026,1,25,22,Hồ Chí Minh,Phường Vũng Tàu,10.3537998,107.0743549,77,Moderate,1,24.1,84,0.0,20.8,86,1013.4,0,9.6,13.0,223.0,7.5,100.0,2.0
2026-01-25 23:00:00,2026,1,25,23,Hồ Chí Minh,Phường Vũng Tàu,10.3537998,107.0743549,68,Moderate,1,24.0,84,0.0,21.4,88,1013.6,3,9.1,12.3,216.0,7.1,97.0,1.9
2026-01-26 00:00:00,2026,1,26,0,Hồ Chí Minh,Phường Vũng Tàu,10.3537998,107.0743549,60,Moderate,1,23.8,84,0.0,22.0,90,1013.1,0,8.5,11.6,212.0,6.8,94.0,1.9
2026-01-26 01:00:00,2026,1,26,1,Hồ Chí Minh,Phường Vũng Tàu,10.3537998,107.0743549,51,Moderate,1,23.9,86,0.0,22.8,96,1013.0,1,8.3,11.4,210.0,6.7,92.0,1.9
2026-01-26 02:00:00,2026,1,26,2,Hồ Chí Minh,Phường Vũng Tàu,10.3537998,107.0743549,48,Good,0,24.0,82,0.0,23.9,91,1012.5,0,8.3,11.4,208.0,6.7,90.0,1.9
2026-01-26 03:00:00,2026,1,26,3,Hồ Chí Minh,Phường Vũng Tàu,10.3537998,107.0743549,47,Good,0,23.8,81,0.0,23.0,83,1012.0,1,8.4,11.4,207.0,6.8,88.0,2.0
2026-01-26 04:00:00,2026,1,26,4,Hồ Chí Minh,Phường Vũng Tàu,10.3537998,107.0743549,47,Good,0,23.5,80,0.0,22.0,80,1012.0,41,8.6,11.5,213.0,7.1,86.0,2.2
2026-01-26 05:00:00,2026,1,26,5,Hồ Chí Minh,Phường Vũng Tàu,10.3537998,107.0743549,47,Good,0,23.4,81,0.0,21.2,77,1012.5,90,8.8,11.6,233.0,7.8,83.0,2.5
2026-01-26 06:00:00,2026,1,26,6,Hồ Chí Minh,Phường Vũng Tàu,10.3537998,107.0743549,47,Good,0,23.1,81,0.0,18.6,74,1012.9,0,9.3,12.1,260.0,8.6,80.0,2.9
2026-01-26 07:00:00,2026,1,26,7,Hồ Chí Minh,Phường Vũng Tàu,10.3537998,107.0743549,47,Good,0,23.4,81,0.0,17.7,73,1013.7,0,12.4,16.1,276.0,8.9,80.0,3.1
2026-01-26 08:00:00,2026,1,26,8,Hồ Chí Minh,Phường Vũng Tàu,10.3537998,107.0743549,47,Good,0,24.7,73,0.0,19.3,81,1014.7,0,12.5,16.2,272.0,7.8,87.0,3.1
2026-01-26 09:00:00,2026,1,26,9,Hồ Chí Minh,Phường Vũng Tàu,10.3537998,107.0743549,47,Good,0,26.0,66,0.0,20.2,87,1015.3,0,12.9,16.8,258.0,6.1,97.0,3.1
2026-01-26 10:00:00,2026,1,26,10,Hồ Chí Minh,Phường Vũng Tàu,10.3537998,107.0743549,47,Good,0,27.0,61,0.0,22.6,94,1015.1,0,13.2,17.4,245.0,4.8,106.0,3.0
2026-01-26 11:00:00,2026,1,26,11,Hồ Chí Minh,Phường Vũng Tàu,10.3537998,107.0743549,48,Good,0,27.6,58,0.0,24.3,96,1014.6,0,13.4,17.9,237.0,3.9,115.0,2.7
2026-01-26 12:00:00,2026,1,26,12,Hồ Chí Minh,Phường Vũng Tàu,10.3537998,107.0743549,48,Good,0,27.9,56,0.0,26.0,100,1013.5,9,13.6,18.1,230.0,3.3,124.0,2.4
2026-01-26 13:00:00,2026,1,26,13,Hồ Chí Minh,Phường Vũng Tàu,10.3537998,107.0743549,48,Good,0,27.0,60,0.0,29.2,106,1012.6,28,13.4,17.9,225.0,3.0,129.0,2.1
2026-01-26 14:00:00,2026,1,26,14,Hồ Chí Minh,Phường Vũng Tàu,10.3537998,107.0743549,48,Good,0,27.2,61,0.0,28.5,106,1011.7,1,13.0,17.3,223.0,3.1,130.0,1.9
2026-01-26 15:00:00,2026,1,26,15,Hồ Chí Minh,Phường Vũng Tàu,10.3537998,107.0743549,51,Moderate,1,26.8,65,0.0,27.4,109,1011.4,2,12.3,16.6,224.0,3.6,127.0,1.8
2026-01-26 16:00:00,2026,1,26,16,Hồ Chí Minh,Phường Vũng Tàu,10.3537998,107.0743549,61,Moderate,1,26.2,64,0.0,26.3,107,1011.4,9,11.6,15.7,226.0,4.2,123.0,1.8
2026-01-26 17:00:00,2026,1,26,17,Hồ Chí Minh,Phường Vũng Tàu,10.3537998,107.0743549,69,Moderate,1,25.6,68,0.0,22.4,96,1011.5,1,10.7,14.6,232.0,5.2,118.0,1.8
2026-01-26 18:00:00,2026,1,26,18,Hồ Chí Minh,Phường Vũng Tàu,10.3537998,107.0743549,73,Moderate,1,24.9,72,0.0,22.1,96,1011.8,1,10.1,13.6,240.0,6.3,111.0,1.9
2026-01-26 19:00:00,2026,1,26,19,Hồ Chí Minh,Phường Vũng Tàu,10.3537998,107.0743549,74,Moderate,1,24.8,75,0.0,24.1,89,1012.3,1,9.3,12.9,242.0,7.7,109.0,2.1
2026-01-26 20:00:00,2026,1,26,20,Hồ Chí Minh,Phường Vũng Tàu,10.3537998,107.0743549,73,Moderate,1,24.6,77,0.0,26.4,95,1013.2,23,9.3,12.9,230.0,7.3,107.0,2.0
2026-01-26 21:00:00,2026,1,26,21,Hồ Chí Minh,Phường Vũng Tàu,10.3537998,107.0743549,69,Moderate,1,24.5,75,0.0,28.7,94,1013.5,2,9.2,12.7,212.0,6.7,105.0,1.9
2026-01-26 22:00:00,2026,1,26,22,Hồ Chí Minh,Phường Vũng Tàu,10.3537998,107.0743549,64,Moderate,1,24.2,78,0.0,30.2,91,1013.8,16,9.2,12.6,199.0,6.2,102.0,1.8
2026-01-26 23:00:00,2026,1,26,23,Hồ Chí Minh,Phường Vũng Tàu,10.3537998,107.0743549,58,Moderate,1,24.1,77,0.0,30.8,92,1013.5,1,9.3,12.6,195.0,6.0,100.0,1.7
2026-01-27 00:00:00,2026,1,27,0,Hồ Chí Minh,Phường Vũng Tàu,10.3537998,107.0743549,53,Moderate,1,24.0,77,0.0,30.1,88,1013.2,0,9.1,12.3,197.0,6.0,98.0,1.7
2026-01-27 01:00:00,2026,1,27,1,Hồ Chí Minh,Phường Vũng Tàu,10.3537998,107.0743549,49,Good,0,23.9,78,0.0,29.3,85,1012.9,0,8.9,11.9,198.0,6.0,95.0,1.7
2026-01-27 02:00:00,2026,1,27,2,Hồ Chí Minh,Phường Vũng Tàu,10.3537998,107.0743549,48,Good,0,23.8,77,0.0,26.2,84,1012.7,16,8.5,11.3,195.0,6.0,92.0,1.7
2026-01-27 03:00:00,2026,1,27,3,Hồ Chí Minh,Phường Vũng Tàu,10.3537998,107.0743549,47,Good,0,23.7,76,0.0,24.2,85,1012.4,3,8.1,10.8,193.0,6.1,88.0,1.7
2026-01-27 04:00:00,2026,1,27,4,Hồ Chí Minh,Phường Vũng Tàu,10.3537998,107.0743549,46,Good,0,23.6,76,0.0,23.5,86,1012.6,6,8.1,10.7,199.0,6.4,85.0,1.8
2026-01-27 05:00:00,2026,1,27,5,Hồ Chí Minh,Phường Vũng Tàu,10.3537998,107.0743549,44,Good,0,23.5,75,0.0,22.4,84,1012.9,38,8.2,10.9,223.0,7.1,81.0,2.0
2026-01-27 06:00:00,2026,1,27,6,Hồ Chí Minh,Phường Vũng Tàu,10.3537998,107.0743549,44,Good,0,23.5,74,0.0,19.6,77,1013.5,26,8.4,11.1,256.0,8.1,76.0,2.4
2026-01-27 07:00:00,2026,1,27,7,Hồ Chí Minh,Phường Vũng Tàu,10.3537998,107.0743549,44,Good,0,23.9,76,0.0,16.5,63,1014.3,14,12.3,15.7,279.0,9.9,75.0,2.9
2026-01-27 08:00:00,2026,1,27,8,Hồ Chí Minh,Phường Vũng Tàu,10.3537998,107.0743549,44,Good,0,25.0,67,0.0,14.7,59,1015.3,98,12.1,15.5,283.0,8.7,82.0,3.2
2026-01-27 09:00:00,2026,1,27,9,Hồ Chí Minh,Phường Vũng Tàu,10.3537998,107.0743549,44,Good,0,26.5,56,0.0,12.6,63,1015.8,100,12.5,16.1,276.0,6.9,92.0,3.6
2026-01-27 10:00:00,2026,1,27,10,Hồ Chí Minh,Phường Vũng Tàu,10.3537998,107.0743549,44,Good,0,28.0,47,0.0,9.6,77,1015.6,41,13.1,17.1,265.0,5.5,103.0,3.8
2026-01-27 11:00:00,2026,1,27,11,Hồ Chí Minh,Phường Vũng Tàu,10.3537998,107.0743549,44,Good,0,28.8,46,0.0,8.8,116,1015.0,23,13.6,17.6,249.0,4.6,115.0,3.7
2026-01-27 12:00:00,2026,1,27,12,Hồ Chí Minh,Phường Vũng Tàu,10.3537998,107.0743549,44,Good,0,28.2,54,0.0,16.1,140,1014.1,30,14.0,18.3,228.0,4.0,127.0,3.4
2026-01-27 13:00:00,2026,1,27,13,Hồ Chí Minh,Phường Vũng Tàu,10.3537998,107.0743549,44,Good,0,27.5,48,0.0,22.3,121,1013.3,8,14.7,19.3,214.0,3.7,134.0,3.1
2026-01-27 14:00:00,2026,1,27,14,Hồ Chí Minh,Phường Vũng Tàu,10.3537998,107.0743549,47,Good,0,27.8,52,0.0,20.6,120,1012.5,1,15.0,20.0,212.0,3.9,134.0,2.9
2026-01-27 15:00:00,2026,1,27,15,Hồ Chí Minh,Phường Vũng Tàu,10.3537998,107.0743549,50,Good,0,27.2,57,0.0,21.1,112,1012.1,0,14.7,19.7,216.0,4.4,128.0,2.8
2026-01-27 16:00:00,2026,1,27,16,Hồ Chí Minh,Phường Vũng Tàu,10.3537998,107.0743549,61,Moderate,1,26.6,60,0.0,21.7,105,1012.0,0,14.1,19.0,220.0,5.2,123.0,2.6
2026-01-27 17:00:00,2026,1,27,17,Hồ Chí Minh,Phường Vũng Tàu,10.3537998,107.0743549,70,Moderate,1,25.4,71,0.0,24.3,102,1012.4,0,13.8,18.6,223.0,6.3,118.0,2.5
2026-01-27 18:00:00,2026,1,27,18,Hồ Chí Minh,Phường Vũng Tàu,10.3537998,107.0743549,75,Moderate,1,24.8,77,0.0,24.9,97,1012.7,0,13.2,17.8,227.0,7.6,113.0,2.3
2026-01-27 19:00:00,2026,1,27,19,Hồ Chí Minh,Phường Vũng Tàu,10.3537998,107.0743549,78,Moderate,1,24.5,82,0.0,24.5,93,1013.0,0,12.7,17.1,225.0,8.4,111.0,2.2
2026-01-27 20:00:00,2026,1,27,20,Hồ Chí Minh,Phường Vũng Tàu,10.3537998,107.0743549,77,Moderate,1,24.5,83,0.0,26.1,92,1013.8,1,11.0,14.9,214.0,8.1,109.0,2.1
2026-01-27 21:00:00,2026,1,27,21,Hồ Chí Minh,Phường Vũng Tàu,10.3537998,107.0743549,73,Moderate,1,24.5,82,0.0,26.0,94,1013.9,0,9.7,13.3,197.0,7.7,107.0,2.0
2026-01-27 22:00:00,2026,1,27,22,Hồ Chí Minh,Phường Vũng Tàu,10.3537998,107.0743549,67,Moderate,1,24.2,83,0.0,24.9,93,1014.0,2,9.5,13.0,184.0,7.4,104.0,1.9
2026-01-27 23:00:00,2026,1,27,23,Hồ Chí Minh,Phường Vũng Tàu,10.3537998,107.0743549,61,Moderate,1,24.0,83,0.0,25.4,89,1013.7,5,9.5,13.2,178.0,7.4,101.0,1.9
2026-01-28 00:00:00,2026,1,28,0,Hồ Chí Minh,Phường Vũng Tàu,10.3537998,107.0743549,55,Moderate,1,23.9,85,0.0,24.1,89,1013.0,10,9.5,13.2,175.0,7.5,98.0,1.8
2026-01-28 01:00:00,2026,1,28,1,Hồ Chí Minh,Phường Vũng Tàu,10.3537998,107.0743549,50,Good,0,23.8,86,0.0,23.9,90,1012.4,12,9.3,12.8,174.0,7.6,94.0,1.9
2026-01-28 02:00:00,2026,1,28,2,Hồ Chí Minh,Phường Vũng Tàu,10.3537998,107.0743549,49,Good,0,23.8,84,0.0,22.9,94,1011.8,6,8.9,12.2,171.0,7.8,89.0,2.1
2026-01-28 03:00:00,2026,1,28,3,Hồ Chí Minh,Phường Vũng Tàu,10.3537998,107.0743549,48,Good,0,23.6,84,0.0,19.6,84,1011.3,3,8.7,11.7,170.0,8.0,84.0,2.3
2026-01-28 04:00:00,2026,1,28,4,Hồ Chí Minh,Phường Vũng Tàu,10.3537998,107.0743549,48,Good,0,23.5,84,0.0,16.2,82,1011.2,0,8.7,11.5,181.0,8.3,79.0,2.6
2026-01-28 05:00:00,2026,1,28,5,Hồ Chí Minh,Phường Vũng Tàu,10.3537998,107.0743549,48,Good,0,23.1,85,0.0,13.0,66,1011.8,0,8.9,11.6,219.0,9.0,74.0,3.1
2026-01-28 06:00:00,2026,1,28,6,Hồ Chí Minh,Phường Vũng Tàu,10.3537998,107.0743549,48,Good,0,22.6,87,0.0,9.8,44,1012.7,0,9.5,12.0,270.0,9.7,69.0,3.6
2026-01-28 07:00:00,2026,1,28,7,Hồ Chí Minh,Phường Vũng Tàu,10.3537998,107.0743549,48,Good,0,23.5,86,0.0,12.6,62,1013.4,1,12.7,15.6,298.0,10.7,70.0,3.9
2026-01-28 08:00:00,2026,1,28,8,Hồ Chí Minh,Phường Vũng Tàu,10.3537998,107.0743549,49,Good,0,24.8,77,0.0,15.4,69,1014.5,1,11.6,14.5,284.0,9.1,79.0,3.8
2026-01-28 09:00:00,2026,1,28,9,Hồ Chí Minh,Phường Vũng Tàu,10.3537998,107.0743549,48,Good,0,26.5,66,0.0,17.7,81,1015.0,1,11.4,14.4,249.0,6.8,91.0,3.6
2026-01-28 10:00:00,2026,1,28,10,Hồ Chí Minh,Phường Vũng Tàu,10.3537998,107.0743549,48,Good,0,27.6,58,0.0,20.2,86,1014.8,1,10.9,14.0,218.0,5.0,102.0,3.3
2026-01-28 11:00:00,2026,1,28,11,Hồ Chí Minh,Phường Vũng Tàu,10.3537998,107.0743549,48,Good,0,28.1,57,0.0,21.6,93,1014.6,12,10.0,13.1,202.0,4.0,109.0,2.9
2026-01-28 12:00:00,2026,1,28,12,Hồ Chí Minh,Phường Vũng Tàu,10.3537998,107.0743549,47,Good,0,28.3,56,0.0,23.2,102,1013.5,52,9.6,12.7,191.0,3.5,114.0,2.4
2026-01-28 13:00:00,2026,1,28,13,Hồ Chí Minh,Phường Vũng Tàu,10.3537998,107.0743549,46,Good,0,27.7,58,0.0,25.6,102,1012.5,48,10.2,13.5,184.0,3.4,117.0,2.1
2026-01-28 14:00:00,2026,1,28,14,Hồ Chí Minh,Phường Vũng Tàu,10.3537998,107.0743549,46,Good,0,27.0,62,0.0,25.7,105,1011.6,36,11.1,14.8,182.0,3.7,118.0,2.0
2026-01-28 15:00:00,2026,1,28,15,Hồ Chí Minh,Phường Vũng Tàu,10.3537998,107.0743549,46,Good,0,27.2,64,0.0,22.3,107,1011.1,34,11.6,15.7,185.0,4.4,116.0,1.9
2026-01-28 16:00:00,2026,1,28,16,Hồ Chí Minh,Phường Vũng Tàu,10.3537998,107.0743549,49,Good,0,26.8,64,0.0,22.3,106,1011.2,62,11.7,15.8,187.0,5.1,113.0,1.9
2026-01-28 17:00:00,2026,1,28,17,Hồ Chí Minh,Phường Vũng Tàu,10.3537998,107.0743549,54,Moderate,1,25.8,71,0.0,21.9,100,1011.7,12,11.1,15.1,189.0,5.8,108.0,1.9
2026-01-28 18:00:00,2026,1,28,18,Hồ Chí Minh,Phường Vũng Tàu,10.3537998,107.0743549,57,Moderate,1,24.9,78,0.0,22.4,103,1011.8,5,10.2,14.2,190.0,6.6,101.0,1.8
2026-01-28 19:00:00,2026,1,28,19,Hồ Chí Minh,Phường Vũng Tàu,10.3537998,107.0743549,57,Moderate,1,24.9,81,0.0,21.7,94,1012.4,4,12.4,16.9,191.0,7.2,95.0,1.8
2026-01-28 20:00:00,2026,1,28,20,Hồ Chí Minh,Phường Vũng Tàu,10.3537998,107.0743549,54,Moderate,1,24.9,78,0.0,25.7,100,1013.4,11,10.9,15.3,190.0,7.0,94.0,1.8
2026-01-28 21:00:00,2026,1,28,21,Hồ Chí Minh,Phường Vũng Tàu,10.3537998,107.0743549,50,Good,0,24.7,79,0.0,27.2,97,1013.7,0,10.1,14.3,189.0,6.8,92.0,1.8
2026-01-28 22:00:00,2026,1,28,22,Hồ Chí Minh,Phường Vũng Tàu,10.3537998,107.0743549,49,Good,0,24.7,75,0.0,28.4,97,1013.6,0,9.8,13.7,188.0,6.6,90.0,1.8
2026-01-28 23:00:00,2026,1,28,23,Hồ Chí Minh,Phường Vũng Tàu,10.3537998,107.0743549,47,Good,0,24.5,76,0.0,27.4,91,1013.4,0,9.3,12.7,188.0,6.5,88.0,1.8
2026-01-29 00:00:00,2026,1,29,0,Hồ Chí Minh,Phường Vũng Tàu,10.3537998,107.0743549,45,Good,0,24.3,76,0.0,25.1,85,1013.0,9,8.6,11.6,189.0,6.3,86.0,1.8
2026-01-29 01:00:00,2026,1,29,1,Hồ Chí Minh,Phường Vũng Tàu,10.3537998,107.0743549,44,Good,0,24.0,80,0.0,22.5,87,1012.6,67,8.3,11.1,190.0,6.4,84.0,1.8
2026-01-29 02:00:00,2026,1,29,2,Hồ Chí Minh,Phường Vũng Tàu,10.3537998,107.0743549,43,Good,0,24.0,78,0.0,20.9,83,1011.8,10,8.2,10.9,189.0,6.7,82.0,1.9
2026-01-29 03:00:00,2026,1,29,3,Hồ Chí Minh,Phường Vũng Tàu,10.3537998,107.0743549,43,Good,0,23.9,77,0.0,16.9,69,1011.6,81,8.4,11.0,188.0,7.1,80.0,2.1
2026-01-29 04:00:00,2026,1,29,4,Hồ Chí Minh,Phường Vũng Tàu,10.3537998,107.0743549,43,Good,0,23.5,77,0.0,14.3,62,1011.8,94,8.8,11.4,194.0,7.6,78.0,2.4
2026-01-29 05:00:00,2026,1,29,5,Hồ Chí Minh,Phường Vũng Tàu,10.3537998,107.0743549,43,Good,0,23.2,78,0.0,11.2,49,1012.2,41,9.4,12.0,214.0,8.4,75.0,2.8
2026-01-29 06:00:00,2026,1,29,6,Hồ Chí Minh,Phường Vũng Tàu,10.3537998,107.0743549,43,Good,0,22.9,78,0.0,10.2,56,1012.5,98,10.4,13.1,241.0,9.3,73.0,3.4
2026-01-29 07:00:00,2026,1,29,7,Hồ Chí Minh,Phường Vũng Tàu,10.3537998,107.0743549,43,Good,0,23.6,74,0.0,11.4,64,1013.4,97,16.2,19.8,258.0,9.9,69.0,4.6
2026-01-29 08:00:00,2026,1,29,8,Hồ Chí Minh,Phường Vũng Tàu,10.3537998,107.0743549,43,Good,0,25.2,67,0.0,12.0,62,1014.3,100,15.9,19.7,255.0,8.7,80.0,4.7
2026-01-29 09:00:00,2026,1,29,9,Hồ Chí Minh,Phường Vũng Tàu,10.3537998,107.0743549,44,Good,0,26.8,61,0.0,12.2,74,1014.6,100,15.6,19.7,242.0,7.0,95.0,4.8
2026-01-29 10:00:00,2026,1,29,10,Hồ Chí Minh,Phường Vũng Tàu,10.3537998,107.0743549,45,Good,0,27.9,55,0.0,14.2,94,1014.6,98,15.3,19.7,227.0,5.6,108.0,4.7
2026-01-29 11:00:00,2026,1,29,11,Hồ Chí Minh,Phường Vũng Tàu,10.3537998,107.0743549,46,Good,0,28.4,54,0.0,16.2,102,1014.2,38,15.1,19.7,210.0,4.6,119.0,4.3
2026-01-29 12:00:00,2026,1,29,12,Hồ Chí Minh,Phường Vũng Tàu,10.3537998,107.0743549,47,Good,0,28.5,53,0.0,20.2,115,1013.2,41,15.0,19.5,192.0,3.9,128.0,3.7
2026-01-29 13:00:00,2026,1,29,13,Hồ Chí Minh,Phường Vũng Tàu,10.3537998,107.0743549,47,Good,0,28.0,50,0.0,20.9,117,1012.0,5,15.1,19.8,184.0,3.7,133.0,3.3
2026-01-29 14:00:00,2026,1,29,14,Hồ Chí Minh,Phường Vũng Tàu,10.3537998,107.0743549,48,Good,0,28.2,51,0.0,20.0,116,1011.4,5,15.6,20.7,193.0,4.2,133.0,3.1
2026-01-29 15:00:00,2026,1,29,15,Hồ Chí Minh,Phường Vũng Tàu,10.3537998,107.0743549,51,Moderate,1,28.0,53,0.0,19.8,112,1010.9,45,15.5,20.6,212.0,5.2,129.0,3.0
2026-01-29 16:00:00,2026,1,29,16,Hồ Chí Minh,Phường Vũng Tàu,10.3537998,107.0743549,63,Moderate,1,27.1,58,0.0,20.8,104,1011.1,99,15.3,20.3,226.0,6.3,125.0,2.9
2026-01-29 17:00:00,2026,1,29,17,Hồ Chí Minh,Phường Vũng Tàu,10.3537998,107.0743549,73,Moderate,1,26.1,65,0.0,20.7,97,1011.5,100,14.9,19.7,231.0,7.4,121.0,2.8
2026-01-29 18:00:00,2026,1,29,18,Hồ Chí Minh,Phường Vũng Tàu,10.3537998,107.0743549,78,Moderate,1,25.1,74,0.0,20.0,99,1012.0,94,14.1,18.5,232.0,8.5,116.0,2.6
2026-01-29 19:00:00,2026,1,29,19,Hồ Chí Minh,Phường Vũng Tàu,10.3537998,107.0743549,80,Moderate,1,24.8,77,0.0,24.2,94,1012.3,1,14.1,18.7,230.0,9.9,113.0,2.8
2026-01-29 20:00:00,2026,1,29,20,Hồ Chí Minh,Phường Vũng Tàu,10.3537998,107.0743549,79,Moderate,1,24.6,83,0.0,23.2,97,1013.3,0,12.0,16.1,225.0,9.4,110.0,2.6
2026-01-29 21:00:00,2026,1,29,21,Hồ Chí Minh,Phường Vũng Tàu,10.3537998,107.0743549,75,Moderate,1,24.6,78,0.0,25.1,93,1013.5,0,10.7,14.6,217.0,8.7,105.0,2.3
2026-01-29 22:00:00,2026,1,29,22,Hồ Chí Minh,Phường Vũng Tàu,10.3537998,107.0743549,69,Moderate,1,24.5,80,0.0,25.8,93,1013.7,0,10.2,13.9,210.0,8.1,101.0,2.1
2026-01-29 23:00:00,2026,1,29,23,Hồ Chí Minh,Phường Vũng Tàu,10.3537998,107.0743549,62,Moderate,1,24.3,82,0.0,26.0,95,1013.9,0,10.0,13.7,206.0,7.8,98.0,1.9
2026-01-30 00:00:00,2026,1,30,0,Hồ Chí Minh,Phường Vũng Tàu,10.3537998,107.0743549,56,Moderate,1,24.1,82,0.0,24.5,92,1013.6,0,9.8,13.6,203.0,7.6,96.0,1.8
2026-01-30 01:00:00,2026,1,30,1,Hồ Chí Minh,Phường Vũng Tàu,10.3537998,107.0743549,51,Moderate,1,24.0,82,0.0,24.9,93,1013.2,0,9.7,13.2,202.0,7.4,94.0,1.7
2026-01-30 02:00:00,2026,1,30,2,Hồ Chí Minh,Phường Vũng Tàu,10.3537998,107.0743549,52,Moderate,1,24.0,80,0.0,26.0,94,1012.5,32,9.3,12.7,200.0,7.1,92.0,1.7
2026-01-30 03:00:00,2026,1,30,3,Hồ Chí Minh,Phường Vũng Tàu,10.3537998,107.0743549,52,Moderate,1,24.0,81,0.0,24.5,93,1012.2,90,9.1,12.3,200.0,6.9,89.0,1.7
2026-01-30 04:00:00,2026,1,30,4,Hồ Chí Minh,Phường Vũng Tàu,10.3537998,107.0743549,52,Moderate,1,23.9,81,0.0,23.4,90,1012.5,100,9.0,12.1,207.0,7.0,87.0,1.8
2026-01-30 05:00:00,2026,1,30,5,Hồ Chí Minh,Phường Vũng Tàu,10.3537998,107.0743549,52,Moderate,1,23.9,79,0.0,23.4,91,1013.0,100,9.2,12.3,229.0,7.8,84.0,2.1
2026-01-30 06:00:00,2026,1,30,6,Hồ Chí Minh,Phường Vũng Tàu,10.3537998,107.0743549,52,Moderate,1,23.8,81,0.0,21.3,81,1013.5,100,9.5,12.6,259.0,8.8,80.0,2.6
2026-01-30 07:00:00,2026,1,30,7,Hồ Chí Minh,Phường Vũng Tàu,10.3537998,107.0743549,52,Moderate,1,24.2,78,0.0,19.5,69,1013.9,100,9.4,12.0,278.0,8.8,78.0,2.8
2026-01-30 08:00:00,2026,1,30,8,Hồ Chí Minh,Phường Vũng Tàu,10.3537998,107.0743549,51,Moderate,1,25.2,69,0.0,17.8,67,1014.9,100,10.0,12.7,277.0,8.4,81.0,3.1
2026-01-30 09:00:00,2026,1,30,9,Hồ Chí Minh,Phường Vũng Tàu,10.3537998,107.0743549,50,Good,0,26.1,63,0.0,17.2,80,1015.4,100,10.5,13.4,266.0,7.8,86.0,3.4
2026-01-30 10:00:00,2026,1,30,10,Hồ Chí Minh,Phường Vũng Tàu,10.3537998,107.0743549,50,Good,0,27.1,58,0.0,18.5,90,1015.4,100,11.2,14.4,255.0,7.0,94.0,3.6
2026-01-30 11:00:00,2026,1,30,11,Hồ Chí Minh,Phường Vũng Tàu,10.3537998,107.0743549,49,Good,0,28.3,56,0.0,20.2,95,1014.7,86,11.8,15.3,246.0,5.9,107.0,3.5
2026-01-30 12:00:00,2026,1,30,12,Hồ Chí Minh,Phường Vũng Tàu,10.3537998,107.0743549,49,Good,0,28.5,56,0.0,23.3,103,1013.9,73,13.0,16.8,237.0,4.7,122.0,3.2
2026-01-30 13:00:00,2026,1,30,13,Hồ Chí Minh,Phường Vũng Tàu,10.3537998,107.0743549,48,Good,0,27.2,63,0.0,26.7,108,1013.1,70,14.3,18.8,233.0,4.0,133.0,3.0
2026-01-30 14:00:00,2026,1,30,14,Hồ Chí Minh,Phường Vũng Tàu,10.3537998,107.0743549,48,Good,0,27.2,67,0.0,23.0,110,1012.4,100,15.1,20.0,235.0,4.2,136.0,2.8
2026-01-30 15:00:00,2026,1,30,15,Hồ Chí Minh,Phường Vũng Tàu,10.3537998,107.0743549,49,Good,0,27.0,68,0.0,24.0,104,1011.9,25,15.0,20.0,241.0,4.9,134.0,2.7
2026-01-30 16:00:00,2026,1,30,16,Hồ Chí Minh,Phường Vũng Tàu,10.3537998,107.0743549,57,Moderate,1,26.2,69,0.0,23.8,101,1011.8,38,14.7,19.6,249.0,5.8,131.0,2.6
2026-01-30 17:00:00,2026,1,30,17,Hồ Chí Minh,Phường Vũng Tàu,10.3537998,107.0743549,67,Moderate,1,25.7,76,0.0,21.2,100,1011.9,100,14.2,18.9,260.0,7.0,126.0,2.5
2026-01-30 18:00:00,2026,1,30,18,Hồ Chí Minh,Phường Vũng Tàu,10.3537998,107.0743549,76,Moderate,1,24.8,81,0.0,22.1,96,1012.1,100,13.6,18.3,273.0,8.5,118.0,2.5
2026-01-30 19:00:00,2026,1,30,19,Hồ Chí Minh,Phường Vũng Tàu,10.3537998,107.0743549,81,Moderate,1,24.5,84,0.0,21.4,97,1012.7,100,13.2,17.8,279.0,8.7,110.0,2.2
2026-01-30 20:00:00,2026,1,30,20,Hồ Chí Minh,Phường Vũng Tàu,10.3537998,107.0743549,81,Moderate,1,24.7,84,0.0,21.8,94,1013.5,100,12.2,16.5,272.0,8.3,108.0,2.1
2026-01-30 21:00:00,2026,1,30,21,Hồ Chí Minh,Phường Vũng Tàu,10.3537998,107.0743549,78,Moderate,1,24.6,83,0.0,19.6,92,1014.0,100,11.1,15.3,257.0,7.6,106.0,2.0
2026-01-30 22:00:00,2026,1,30,22,Hồ Chí Minh,Phường Vũng Tàu,10.3537998,107.0743549,73,Moderate,1,24.5,83,0.0,19.9,99,1014.0,100,10.7,14.6,244.0,7.2,103.0,1.9
2026-01-30 23:00:00,2026,1,30,23,Hồ Chí Minh,Phường Vũng Tàu,10.3537998,107.0743549,66,Moderate,1,24.4,82,0.0,21.8,101,1014.1,91,10.4,14.3,236.0,7.1,101.0,1.8
2026-01-31 00:00:00,2026,1,31,0,Hồ Chí Minh,Phường Vũng Tàu,10.3537998,107.0743549,59,Moderate,1,24.1,84,0.0,23.7,102,1013.6,100,10.3,14.2,231.0,7.2,99.0,1.7
2026-01-31 01:00:00,2026,1,31,1,Hồ Chí Minh,Phường Vũng Tàu,10.3537998,107.0743549,52,Moderate,1,24.2,85,0.0,23.0,102,1013.1,100,10.3,14.2,226.0,7.3,97.0,1.7
2026-01-31 02:00:00,2026,1,31,2,Hồ Chí Minh,Phường Vũng Tàu,10.3537998,107.0743549,49,Good,0,24.2,82,0.0,21.6,97,1012.6,100,10.3,14.1,220.0,7.3,95.0,1.8
2026-01-31 03:00:00,2026,1,31,3,Hồ Chí Minh,Phường Vũng Tàu,10.3537998,107.0743549,48,Good,0,24.1,82,0.0,20.0,95,1012.1,95,10.2,13.8,214.0,7.4,93.0,2.0
2026-01-31 04:00:00,2026,1,31,4,Hồ Chí Minh,Phường Vũng Tàu,10.3537998,107.0743549,48,Good,0,24.0,81,0.0,20.2,92,1012.0,89,10.0,13.5,216.0,7.6,90.0,2.2
2026-01-31 05:00:00,2026,1,31,5,Hồ Chí Minh,Phường Vũng Tàu,10.3537998,107.0743549,49,Good,0,23.9,82,0.0,19.8,91,1012.3,91,9.8,13.1,232.0,8.1,86.0,2.4
2026-01-31 06:00:00,2026,1,31,6,Hồ Chí Minh,Phường Vũng Tàu,10.3537998,107.0743549,49,Good,0,23.8,83,0.0,19.7,85,1013.0,100,9.7,12.8,256.0,8.8,81.0,2.7
2026-01-31 07:00:00,2026,1,31,7,Hồ Chí Minh,Phường Vũng Tàu,10.3537998,107.0743549,49,Good,0,24.2,81,0.0,20.1,78,1013.6,100,13.6,17.8,271.0,9.3,82.0,2.9
2026-01-31 08:00:00,2026,1,31,8,Hồ Chí Minh,Phường Vũng Tàu,10.3537998,107.0743549,50,Good,0,25.5,73,0.0,20.9,79,1014.4,100,13.9,18.1,269.0,8.3,88.0,3.0
2026-01-31 09:00:00,2026,1,31,9,Hồ Chí Minh,Phường Vũng Tàu,10.3537998,107.0743549,50,Good,0,26.9,64,0.0,21.5,82,1015.1,98,14.5,18.9,259.0,6.9,96.0,3.2
2026-01-31 10:00:00,2026,1,31,10,Hồ Chí Minh,Phường Vũng Tàu,10.3537998,107.0743549,50,Good,0,28.0,58,0.0,22.7,89,1015.0,100,15.1,20.1,246.0,5.6,105.0,3.3
2026-01-31 11:00:00,2026,1,31,11,Hồ Chí Minh,Phường Vũng Tàu,10.3537998,107.0743549,51,Moderate,1,28.7,54,0.0,23.8,98,1014.8,100,15.8,21.4,230.0,4.6,117.0,3.1
2026-01-31 12:00:00,2026,1,31,12,Hồ Chí Minh,Phường Vũng Tàu,10.3537998,107.0743549,51,Moderate,1,29.1,50,0.0,25.8,104,1013.8,100,16.8,22.8,212.0,3.8,130.0,2.8
2026-01-31 13:00:00,2026,1,31,13,Hồ Chí Minh,Phường Vũng Tàu,10.3537998,107.0743549,51,Moderate,1,28.4,49,0.0,29.9,106,1013.0,100,17.5,24.2,203.0,3.5,139.0,2.6
2026-01-31 14:00:00,2026,1,31,14,Hồ Chí Minh,Phường Vũng Tàu,10.3537998,107.0743549,52,Moderate,1,28.1,54,0.0,26.8,104,1012.3,99,17.8,24.9,209.0,3.8,141.0,2.5
2026-01-31 15:00:00,2026,1,31,15,Hồ Chí Minh,Phường Vũng Tàu,10.3537998,107.0743549,58,Moderate,1,28.4,54,0.0,26.2,104,1011.7,63,17.6,24.7,223.0,4.6,138.0,2.4
2026-01-31 16:00:00,2026,1,31,16,Hồ Chí Minh,Phường Vũng Tàu,10.3537998,107.0743549,69,Moderate,1,27.2,60,0.0,27.5,106,1011.6,68,17.2,24.0,235.0,5.5,134.0,2.3
2026-01-31 17:00:00,2026,1,31,17,Hồ Chí Minh,Phường Vũng Tàu,10.3537998,107.0743549,79,Moderate,1,26.0,66,0.0,23.3,101,1011.7,40,16.6,22.8,242.0,6.8,129.0,2.3
2026-01-31 18:00:00,2026,1,31,18,Hồ Chí Minh,Phường Vũng Tàu,10.3537998,107.0743549,86,Moderate,1,25.2,75,0.0,19.8,105,1012.3,1,15.4,21.1,247.0,8.2,122.0,2.2
2026-01-31 19:00:00,2026,1,31,19,Hồ Chí Minh,Phường Vũng Tàu,10.3537998,107.0743549,90,Moderate,1,24.9,80,0.0,18.4,104,1012.5,31,13.1,17.9,247.0,8.2,117.0,2.1
2026-01-31 20:00:00,2026,1,31,20,Hồ Chí Minh,Phường Vũng Tàu,10.3537998,107.0743549,90,Moderate,1,25.0,74,0.0,20.9,97,1013.4,63,11.5,16.0,241.0,8.1,114.0,2.0
2026-01-31 21:00:00,2026,1,31,21,Hồ Chí Minh,Phường Vũng Tàu,10.3537998,107.0743549,86,Moderate,1,24.8,75,0.0,22.2,94,1013.5,26,10.1,14.6,230.0,7.9,109.0,2.0
2026-01-31 22:00:00,2026,1,31,22,Hồ Chí Minh,Phường Vũng Tàu,10.3537998,107.0743549,80,Moderate,1,24.3,82,0.0,23.8,94,1013.7,83,9.6,14.1,221.0,7.8,104.0,1.9
2026-01-31 23:00:00,2026,1,31,23,Hồ Chí Minh,Phường Vũng Tàu,10.3537998,107.0743549,72,Moderate,1,24.0,83,0.0,24.4,96,1013.5,77,9.7,14.1,215.0,7.7,99.0,1.9
2026-02-01 00:00:00,2026,2,1,0,Hồ Chí Minh,Phường Vũng Tàu,10.3537998,107.0743549,64,Moderate,1,24.0,83,0.0,23.1,88,1013.1,65,9.7,13.9,210.0,7.6,94.0,1.9
2026-02-01 01:00:00,2026,2,1,1,Hồ Chí Minh,Phường Vũng Tàu,10.3537998,107.0743549,55,Moderate,1,23.8,87,0.0,19.2,82,1012.4,85,9.5,13.4,208.0,7.5,89.0,2.0
2026-02-01 02:00:00,2026,2,1,2,Hồ Chí Minh,Phường Vũng Tàu,10.3537998,107.0743549,52,Moderate,1,23.7,85,0.0,17.8,79,1011.6,71,9.2,12.7,205.0,7.3,85.0,2.1
2026-02-01 03:00:00,2026,2,1,3,Hồ Chí Minh,Phường Vũng Tàu,10.3537998,107.0743549,52,Moderate,1,23.6,82,0.0,16.3,71,1011.5,86,8.8,12.0,203.0,7.2,81.0,2.3
2026-02-01 04:00:00,2026,2,1,4,Hồ Chí Minh,Phường Vũng Tàu,10.3537998,107.0743549,52,Moderate,1,23.4,82,0.0,15.5,65,1011.4,98,8.7,11.7,214.0,7.2,78.0,2.5
2026-02-01 05:00:00,2026,2,1,5,Hồ Chí Minh,Phường Vũng Tàu,10.3537998,107.0743549,52,Moderate,1,23.2,82,0.0,15.9,70,1012.0,97,8.9,11.8,252.0,7.8,74.0,2.8
2026-02-01 06:00:00,2026,2,1,6,Hồ Chí Minh,Phường Vũng Tàu,10.3537998,107.0743549,52,Moderate,1,23.1,82,0.0,17.5,71,1012.5,96,9.6,12.5,303.0,8.6,70.0,3.2
2026-02-01 07:00:00,2026,2,1,7,Hồ Chí Minh,Phường Vũng Tàu,10.3537998,107.0743549,52,Moderate,1,23.9,79,0.0,18.6,67,1013.7,97,15.6,19.6,329.0,9.8,69.0,4.1
2026-02-01 08:00:00,2026,2,1,8,Hồ Chí Minh,Phường Vũng Tàu,10.3537998,107.0743549,52,Moderate,1,25.4,66,0.0,18.5,66,1014.6,96,15.0,19.2,308.0,8.5,82.0,4.3
2026-02-01 09:00:00,2026,2,1,9,Hồ Chí Minh,Phường Vũng Tàu,10.3537998,107.0743549,52,Moderate,1,27.1,53,0.0,18.0,70,1015.1,99,14.6,19.1,263.0,6.7,99.0,4.5
2026-02-01 10:00:00,2026,2,1,10,Hồ Chí Minh,Phường Vũng Tàu,10.3537998,107.0743549,52,Moderate,1,28.8,43,0.0,16.6,72,1014.9,100,13.7,18.2,229.0,5.2,114.0,4.5
2026-02-01 11:00:00,2026,2,1,11,Hồ Chí Minh,Phường Vũng Tàu,10.3537998,107.0743549,52,Moderate,1,30.0,38,0.0,14.2,87,1014.5,100,12.6,16.9,221.0,4.4,124.0,4.1
2026-02-01 12:00:00,2026,2,1,12,Hồ Chí Minh,Phường Vũng Tàu,10.3537998,107.0743549,52,Moderate,1,29.9,48,0.0,16.4,117,1013.5,100,11.7,16.0,223.0,3.9,130.0,3.5
2026-02-01 13:00:00,2026,2,1,13,Hồ Chí Minh,Phường Vũng Tàu,10.3537998,107.0743549,51,Moderate,1,28.8,49,0.0,21.6,128,1012.9,95,11.8,16.2,225.0,3.8,134.0,3.0
2026-02-01 14:00:00,2026,2,1,14,Hồ Chí Minh,Phường Vũng Tàu,10.3537998,107.0743549,51,Moderate,1,28.7,46,0.0,23.0,126,1012.2,98,12.8,17.7,222.0,4.2,134.0,2.8
2026-02-01 15:00:00,2026,2,1,15,Hồ Chí Minh,Phường Vũng Tàu,10.3537998,107.0743549,55,Moderate,1,28.1,52,0.0,20.1,127,1011.6,88,13.8,19.2,218.0,5.1,132.0,2.8
2026-02-01 16:00:00,2026,2,1,16,Hồ Chí Minh,Phường Vũng Tàu,10.3537998,107.0743549,68,Moderate,1,27.3,58,0.0,17.6,124,1011.4,99,14.0,19.4,216.0,6.0,127.0,2.8
2026-02-01 17:00:00,2026,2,1,17,Hồ Chí Minh,Phường Vũng Tàu,10.3537998,107.0743549,78,Moderate,1,25.9,67,0.0,19.3,117,1011.8,94,14.1,19.3,217.0,7.1,120.0,2.7
2026-02-01 18:00:00,2026,2,1,18,Hồ Chí Minh,Phường Vũng Tàu,10.3537998,107.0743549,82,Moderate,1,24.8,81,0.0,17.7,105,1012.2,12,13.1,18.0,218.0,8.3,111.0,2.6
2026-02-01 19:00:00,2026,2,1,19,Hồ Chí Minh,Phường Vũng Tàu,10.3537998,107.0743549,82,Moderate,1,24.7,83,0.0,18.4,98,1012.8,57,12.9,17.3,219.0,9.7,110.0,2.8
2026-02-01 20:00:00,2026,2,1,20,Hồ Chí Minh,Phường Vũng Tàu,10.3537998,107.0743549,79,Moderate,1,25.0,79,0.0,20.5,92,1013.4,0,12.0,16.6,217.0,9.3,105.0,2.6
2026-02-01 21:00:00,2026,2,1,21,Hồ Chí Minh,Phường Vũng Tàu,10.3537998,107.0743549,74,Moderate,1,24.8,80,0.0,24.1,97,1013.4,4,11.6,15.9,213.0,8.7,98.0,2.3
2026-02-01 22:00:00,2026,2,1,22,Hồ Chí Minh,Phường Vũng Tàu,10.3537998,107.0743549,66,Moderate,1,24.6,81,0.0,25.0,97,1013.0,56,11.4,15.7,211.0,8.2,92.0,2.1
2026-02-01 23:00:00,2026,2,1,23,Hồ Chí Minh,Phường Vũng Tàu,10.3537998,107.0743549,57,Moderate,1,24.4,82,0.0,22.8,81,1013.1,93,11.4,15.3,211.0,7.9,88.0,2.0
2026-02-02 00:00:00,2026,2,2,0,Hồ Chí Minh,Phường Vũng Tàu,10.3537998,107.0743549,50,Good,0,24.2,82,0.0,22.3,83,1013.0,86,11.0,14.6,212.0,7.7,85.0,2.0
2026-02-02 01:00:00,2026,2,2,1,Hồ Chí Minh,Phường Vũng Tàu,10.3537998,107.0743549,50,Good,0,24.1,82,0.0,24.3,81,1012.7,84,10.6,13.9,213.0,7.5,82.0,2.0
2026-02-02 02:00:00,2026,2,2,2,Hồ Chí Minh,Phường Vũng Tàu,10.3537998,107.0743549,50,Good,0,24.1,81,0.0,23.3,79,1012.6,100,10.1,13.2,212.0,7.2,80.0,2.0
2026-02-02 03:00:00,2026,2,2,3,Hồ Chí Minh,Phường Vũng Tàu,10.3537998,107.0743549,50,Good,0,24.0,81,0.0,22.9,77,1012.1,99,9.5,12.5,211.0,6.9,78.0,2.1
2026-02-02 04:00:00,2026,2,2,4,Hồ Chí Minh,Phường Vũng Tàu,10.3537998,107.0743549,50,Good,0,23.8,82,0.0,21.3,74,1012.0,100,9.0,11.7,221.0,6.8,77.0,2.2
2026-02-02 05:00:00,2026,2,2,5,Hồ Chí Minh,Phường Vũng Tàu,10.3537998,107.0743549,50,Good,0,23.5,82,0.0,16.8,61,1012.8,94,8.8,11.4,254.0,7.2,75.0,2.5
2026-02-02 06:00:00,2026,2,2,6,Hồ Chí Minh,Phường Vũng Tàu,10.3537998,107.0743549,50,Good,0,22.9,82,0.0,11.5,27,1013.2,98,9.1,11.7,297.0,7.7,72.0,2.8
2026-02-02 07:00:00,2026,2,2,7,Hồ Chí Minh,Phường Vũng Tàu,10.3537998,107.0743549,50,Good,0,23.4,79,0.0,11.0,5,1014.4,92,11.3,14.3,323.0,7.9,75.0,3.0
2026-02-02 08:00:00,2026,2,2,8,Hồ Chí Minh,Phường Vũng Tàu,10.3537998,107.0743549,50,Good,0,24.9,67,0.0,8.6,22,1014.9,100,10.9,13.7,317.0,6.9,84.0,3.1
2026-02-02 09:00:00,2026,2,2,9,Hồ Chí Minh,Phường Vũng Tàu,10.3537998,107.0743549,49,Good,0,26.4,62,0.0,9.7,66,1015.3,93,10.2,12.9,293.0,5.4,96.0,3.2
2026-02-02 10:00:00,2026,2,2,10,Hồ Chí Minh,Phường Vũng Tàu,10.3537998,107.0743549,48,Good,0,27.8,58,0.0,11.0,91,1014.8,89,9.5,12.1,272.0,4.3,107.0,3.2
2026-02-02 11:00:00,2026,2,2,11,Hồ Chí Minh,Phường Vũng Tàu,10.3537998,107.0743549,47,Good,0,29.0,54,0.0,10.9,109,1014.2,96,8.8,11.3,259.0,3.7,115.0,3.0
2026-02-02 12:00:00,2026,2,2,12,Hồ Chí Minh,Phường Vũng Tàu,10.3537998,107.0743549,47,Good,0,29.0,58,0.0,15.2,132,1013.2,95,9.0,11.5,249.0,3.4,121.0,2.7
2026-02-02 13:00:00,2026,2,2,13,Hồ Chí Minh,Phường Vũng Tàu,10.3537998,107.0743549,46,Good,0,27.9,56,0.0,20.4,131,1012.8,96,10.2,13.2,239.0,3.5,125.0,2.4
2026-02-02 14:00:00,2026,2,2,14,Hồ Chí Minh,Phường Vũng Tàu,10.3537998,107.0743549,46,Good,0,27.9,59,0.0,24.3,114,1011.7,95,12.3,16.0,229.0,4.1,127.0,2.3
2026-02-02 15:00:00,2026,2,2,15,Hồ Chí Minh,Phường Vũng Tàu,10.3537998,107.0743549,49,Good,0,27.4,64,0.0,27.5,109,1011.1,95,13.9,18.2,221.0,5.0,126.0,2.2
2026-02-02 16:00:00,2026,2,2,16,Hồ Chí Minh,Phường Vũng Tàu,10.3537998,107.0743549,58,Moderate,1,26.8,65,0.0,24.4,101,1010.6,91,14.2,18.5,216.0,6.0,123.0,2.2
2026-02-02 17:00:00,2026,2,2,17,Hồ Chí Minh,Phường Vũng Tàu,10.3537998,107.0743549,66,Moderate,1,26.5,70,0.0,23.2,103,1010.9,81,13.7,17.8,218.0,7.3,116.0,2.2
2026-02-02 18:00:00,2026,2,2,18,Hồ Chí Minh,Phường Vũng Tàu,10.3537998,107.0743549,71,Moderate,1,25.9,71,0.0,20.5,101,1011.3,2,12.7,16.7,225.0,8.7,107.0,2.2
2026-02-02 19:00:00,2026,2,2,19,Hồ Chí Minh,Phường Vũng Tàu,10.3537998,107.0743549,71,Moderate,1,25.5,79,0.0,18.6,99,1012.2,41,13.6,18.3,227.0,11.4,100.0,2.6
2026-02-02 20:00:00,2026,2,2,20,Hồ Chí Minh,Phường Vũng Tàu,10.3537998,107.0743549,68,Moderate,1,25.3,80,0.0,22.3,89,1012.8,70,11.6,16.0,221.0,10.0,96.0,2.4
2026-02-02 21:00:00,2026,2,2,21,Hồ Chí Minh,Phường Vũng Tàu,10.3537998,107.0743549,62,Moderate,1,25.1,83,0.0,20.9,98,1012.8,5,9.8,13.5,212.0,8.0,90.0,2.1
2026-02-02 22:00:00,2026,2,2,22,Hồ Chí Minh,Phường Vũng Tàu,10.3537998,107.0743549,55,Moderate,1,25.0,81,0.0,23.4,86,1012.8,9,8.5,11.4,205.0,6.7,85.0,1.9
2026-02-02 23:00:00,2026,2,2,23,Hồ Chí Minh,Phường Vũng Tàu,10.3537998,107.0743549,49,Good,0,25.0,79,0.0,23.6,86,1013.1,32,7.8,10.2,205.0,6.6,81.0,1.9
2026-02-03 00:00:00,2026,2,3,0,Hồ Chí Minh,Phường Vũng Tàu,10.3537998,107.0743549,46,Good,0,25.1,76,0.0,24.2,77,1013.0,77,7.4,9.4,207.0,7.1,77.0,2.1
2026-02-03 01:00:00,2026,2,3,1,Hồ Chí Minh,Phường Vũng Tàu,10.3537998,107.0743549,44,Good,0,25.0,76,0.0,24.2,72,1013.1,98,7.3,9.2,209.0,7.6,74.0,2.3
2026-02-03 02:00:00,2026,2,3,2,Hồ Chí Minh,Phường Vũng Tàu,10.3537998,107.0743549,43,Good,0,25.0,75,0.0,19.6,66,1012.6,100,7.4,9.2,206.0,8.0,72.0,2.6
2026-02-03 03:00:00,2026,2,3,3,Hồ Chí Minh,Phường Vũng Tàu,10.3537998,107.0743549,43,Good,0,25.1,74,0.0,16.1,61,1012.6,100,7.7,9.5,202.0,8.4,71.0,2.9
2026-02-03 04:00:00,2026,2,3,4,Hồ Chí Minh,Phường Vũng Tàu,10.3537998,107.0743549,42,Good,0,24.9,72,0.0,11.2,48,1012.5,95,8.1,10.0,208.0,9.0,70.0,3.4
2026-02-03 05:00:00,2026,2,3,5,Hồ Chí Minh,Phường Vũng Tàu,10.3537998,107.0743549,42,Good,0,24.9,72,0.0,8.5,62,1012.9,74,8.4,10.4,234.0,10.0,68.0,4.1
2026-02-03 06:00:00,2026,2,3,6,Hồ Chí Minh,Phường Vũng Tàu,10.3537998,107.0743549,42,Good,0,24.8,72,0.0,7.7,72,1013.1,23,9.0,10.9,269.0,11.3,67.0,4.8
2026-02-03 07:00:00,2026,2,3,7,Hồ Chí Minh,Phường Vũng Tàu,10.3537998,107.0743549,42,Good,0,24.7,82,0.0,11.9,88,1014.2,22,13.0,14.6,289.0,12.6,60.0,5.6
2026-02-03 08:00:00,2026,2,3,8,Hồ Chí Minh,Phường Vũng Tàu,10.3537998,107.0743549,43,Good,0,26.0,75,0.0,15.0,96,1015.0,26,11.0,12.8,279.0,10.7,71.0,5.2
2026-02-03 09:00:00,2026,2,3,9,Hồ Chí Minh,Phường Vũng Tàu,10.3537998,107.0743549,43,Good,0,27.4,64,0.0,17.5,95,1015.5,51,10.2,12.5,255.0,8.1,86.0,4.6
2026-02-03 10:00:00,2026,2,3,10,Hồ Chí Minh,Phường Vũng Tàu,10.3537998,107.0743549,43,Good,0,28.6,59,0.0,18.4,92,1015.1,54,10.2,12.9,236.0,6.0,99.0,4.0
2026-02-03 11:00:00,2026,2,3,11,Hồ Chí Minh,Phường Vũng Tàu,10.3537998,107.0743549,43,Good,0,29.1,59,0.0,22.2,102,1014.6,31,10.3,13.2,231.0,4.8,107.0,3.4
2026-02-03 12:00:00,2026,2,3,12,Hồ Chí Minh,Phường Vũng Tàu,10.3537998,107.0743549,43,Good,0,28.9,60,0.0,24.8,106,1013.4,21,10.9,13.9,231.0,4.1,114.0,2.8
2026-02-03 13:00:00,2026,2,3,13,Hồ Chí Minh,Phường Vũng Tàu,10.3537998,107.0743549,43,Good,0,28.3,62,0.0,29.9,99,1012.8,40,11.8,15.0,232.0,3.9,117.0,2.4
2026-02-03 14:00:00,2026,2,3,14,Hồ Chí Minh,Phường Vũng Tàu,10.3537998,107.0743549,44,Good,0,28.8,62,0.0,30.8,91,1011.8,3,13.3,16.8,231.0,4.3,117.0,2.2
2026-02-03 15:00:00,2026,2,3,15,Hồ Chí Minh,Phường Vũng Tàu,10.3537998,107.0743549,45,Good,0,28.3,64,0.0,31.2,94,1011.1,34,13.9,17.5,231.0,5.2,114.0,2.1
2026-02-03 16:00:00,2026,2,3,16,Hồ Chí Minh,Phường Vũng Tàu,10.3537998,107.0743549,48,Good,0,27.7,66,0.0,31.0,89,1010.8,100,13.4,16.8,236.0,6.5,110.0,2.1
2026-02-03 17:00:00,2026,2,3,17,Hồ Chí Minh,Phường Vũng Tàu,10.3537998,107.0743549,50,Good,0,26.6,72,0.0,27.6,87,1010.9,100,12.3,15.3,254.0,8.7,103.0,2.2
2026-02-03 18:00:00,2026,2,3,18,Hồ Chí Minh,Phường Vũng Tàu,10.3537998,107.0743549,54,Moderate,1,26.0,76,0.0,22.3,89,1011.5,100,11.6,14.1,277.0,11.3,94.0,2.5
2026-02-03 19:00:00,2026,2,3,19,Hồ Chí Minh,Phường Vũng Tàu,10.3537998,107.0743549,53,Moderate,1,26.1,75,0.0,23.2,80,1011.6,100,10.9,13.5,291.0,8.7,88.0,2.3
2026-02-03 20:00:00,2026,2,3,20,Hồ Chí Minh,Phường Vũng Tàu,10.3537998,107.0743549,50,Good,0,26.2,74,0.0,23.4,76,1012.7,99,9.3,11.4,287.0,8.8,85.0,2.3
2026-02-03 21:00:00,2026,2,3,21,Hồ Chí Minh,Phường Vũng Tàu,10.3537998,107.0743549,48,Good,0,26.1,73,0.0,21.9,74,1013.0,98,8.4,10.4,274.0,8.9,82.0,2.3
2026-02-03 22:00:00,2026,2,3,22,Hồ Chí Minh,Phường Vũng Tàu,10.3537998,107.0743549,46,Good,0,25.8,73,0.0,20.3,71,1012.9,100,8.0,9.9,264.0,8.9,79.0,2.3
2026-02-03 23:00:00,2026,2,3,23,Hồ Chí Minh,Phường Vũng Tàu,10.3537998,107.0743549,44,Good,0,25.4,74,0.0,18.2,69,1013.2,100,7.8,9.7,261.0,8.6,78.0,2.2
2026-02-04 00:00:00,2026,2,4,0,Hồ Chí Minh,Phường Vũng Tàu,10.3537998,107.0743549,42,Good,0,25.1,75,0.0,15.3,65,1013.0,99,7.7,9.7,261.0,8.1,78.0,2.0
2026-02-04 01:00:00,2026,2,4,1,Hồ Chí Minh,Phường Vũng Tàu,10.3537998,107.0743549,42,Good,0,25.1,75,0.0,15.3,73,1012.9,95,7.7,9.8,260.0,8.0,77.0,1.9
2026-02-04 02:00:00,2026,2,4,2,Hồ Chí Minh,Phường Vũng Tàu,10.3537998,107.0743549,42,Good,0,25.0,78,0.0,17.4,80,1012.4,95,7.8,9.9,255.0,8.4,76.0,1.9
2026-02-04 03:00:00,2026,2,4,3,Hồ Chí Minh,Phường Vũng Tàu,10.3537998,107.0743549,42,Good,0,24.8,78,0.0,15.8,82,1012.3,87,8.2,10.4,249.0,9.1,75.0,2.0
2026-02-04 04:00:00,2026,2,4,4,Hồ Chí Minh,Phường Vũng Tàu,10.3537998,107.0743549,42,Good,0,24.5,80,0.0,13.8,74,1012.0,77,8.2,10.4,254.0,10.0,73.0,2.3
2026-02-04 05:00:00,2026,2,4,5,Hồ Chí Minh,Phường Vũng Tàu,10.3537998,107.0743549,42,Good,0,24.3,81,0.0,12.6,71,1012.3,100,8.2,10.4,280.0,11.4,69.0,2.9
2026-02-04 06:00:00,2026,2,4,6,Hồ Chí Minh,Phường Vũng Tàu,10.3537998,107.0743549,42,Good,0,24.1,82,0.0,12.2,66,1012.7,16,8.5,10.6,317.0,13.0,64.0,3.7
2026-02-04 07:00:00,2026,2,4,7,Hồ Chí Minh,Phường Vũng Tàu,10.3537998,107.0743549,42,Good,0,24.9,74,0.0,9.4,61,1013.3,45,8.4,10.0,340.0,11.3,68.0,3.6
2026-02-04 08:00:00,2026,2,4,8,Hồ Chí Minh,Phường Vũng Tàu,10.3537998,107.0743549,41,Good,0,26.1,67,0.0,9.1,76,1014.3,10,8.1,9.8,339.0,9.9,76.0,3.7
2026-02-04 09:00:00,2026,2,4,9,Hồ Chí Minh,Phường Vũng Tàu,10.3537998,107.0743549,41,Good,0,27.5,60,0.0,10.1,95,1014.8,26,8.8,10.8,325.0,8.0,89.0,3.8
2026-02-04 10:00:00,2026,2,4,10,Hồ Chí Minh,Phường Vũng Tàu,10.3537998,107.0743549,41,Good,0,28.4,57,0.0,13.2,107,1014.7,60,9.9,12.5,310.0,6.5,101.0,3.9
2026-02-04 11:00:00,2026,2,4,11,Hồ Chí Minh,Phường Vũng Tàu,10.3537998,107.0743549,41,Good,0,28.6,60,0.0,16.1,112,1013.8,52,11.2,14.3,294.0,5.8,114.0,3.9
2026-02-04 12:00:00,2026,2,4,12,Hồ Chí Minh,Phường Vũng Tàu,10.3537998,107.0743549,41,Good,0,28.7,58,0.0,18.8,118,1013.0,78,12.6,16.1,276.0,5.4,128.0,3.8
2026-02-04 13:00:00,2026,2,4,13,Hồ Chí Minh,Phường Vũng Tàu,10.3537998,107.0743549,41,Good,0,28.5,57,0.0,19.6,120,1012.3,100,14.2,18.3,266.0,5.5,137.0,3.7
2026-02-04 14:00:00,2026,2,4,14,Hồ Chí Minh,Phường Vũng Tàu,10.3537998,107.0743549,45,Good,0,28.4,60,0.0,21.8,117,1011.3,99,15.4,20.0,269.0,6.0,138.0,3.5
2026-02-04 15:00:00,2026,2,4,15,Hồ Chí Minh,Phường Vũng Tàu,10.3537998,107.0743549,49,Good,0,27.8,61,0.0,24.2,106,1010.8,100,16.0,20.8,279.0,6.9,135.0,3.4
2026-02-04 16:00:00,2026,2,4,16,Hồ Chí Minh,Phường Vũng Tàu,10.3537998,107.0743549,62,Moderate,1,27.3,66,0.0,25.3,94,1010.7,78,16.4,21.1,290.0,8.0,130.0,3.2
2026-02-04 17:00:00,2026,2,4,17,Hồ Chí Minh,Phường Vũng Tàu,10.3537998,107.0743549,73,Moderate,1,26.5,69,0.0,26.3,90,1011.0,55,15.8,20.1,300.0,9.5,123.0,3.1
2026-02-04 18:00:00,2026,2,4,18,Hồ Chí Minh,Phường Vũng Tàu,10.3537998,107.0743549,81,Moderate,1,25.6,73,0.0,23.6,89,1011.6,13,15.4,19.6,311.0,11.1,115.0,3.1
2026-02-04 19:00:00,2026,2,4,19,Hồ Chí Minh,Phường Vũng Tàu,10.3537998,107.0743549,84,Moderate,1,26.0,73,0.0,20.2,93,1012.4,96,15.1,19.4,314.0,9.6,109.0,2.3
2026-02-04 20:00:00,2026,2,4,20,Hồ Chí Minh,Phường Vũng Tàu,10.3537998,107.0743549,82,Moderate,1,25.6,77,0.0,19.9,95,1013.0,99,12.3,16.4,304.0,9.1,107.0,2.2
2026-02-04 21:00:00,2026,2,4,21,Hồ Chí Minh,Phường Vũng Tàu,10.3537998,107.0743549,78,Moderate,1,25.5,76,0.0,23.7,96,1013.1,100,10.6,14.4,287.0,8.5,103.0,2.0
2026-02-04 22:00:00,2026,2,4,22,Hồ Chí Minh,Phường Vũng Tàu,10.3537998,107.0743549,71,Moderate,1,25.0,81,0.0,22.0,93,1013.3,100,9.8,13.5,274.0,8.0,100.0,1.9
2026-02-04 23:00:00,2026,2,4,23,Hồ Chí Minh,Phường Vũng Tàu,10.3537998,107.0743549,63,Moderate,1,24.9,81,0.0,21.4,90,1013.2,100,9.6,13.2,270.0,7.9,97.0,1.9
2026-02-05 00:00:00,2026,2,5,0,Hồ Chí Minh,Phường Vũng Tàu,10.3537998,107.0743549,55,Moderate,1,24.8,82,0.0,22.2,87,1012.9,100,9.5,13.0,269.0,8.1,93.0,1.9
2026-02-05 01:00:00,2026,2,5,1,Hồ Chí Minh,Phường Vũng Tàu,10.3537998,107.0743549,49,Good,0,24.6,84,0.0,23.0,89,1012.1,98,9.4,12.8,269.0,8.3,90.0,1.9
2026-02-05 02:00:00,2026,2,5,2,Hồ Chí Minh,Phường Vũng Tàu,10.3537998,107.0743549,47,Good,0,24.5,85,0.0,22.5,86,1011.9,100,9.3,12.5,266.0,8.4,87.0,2.0
2026-02-05 03:00:00,2026,2,5,3,Hồ Chí Minh,Phường Vũng Tàu,10.3537998,107.0743549,47,Good,0,24.5,83,0.0,22.2,85,1011.4,100,9.2,12.3,263.0,8.5,84.0,2.1
2026-02-05 04:00:00,2026,2,5,4,Hồ Chí Minh,Phường Vũng Tàu,10.3537998,107.0743549,47,Good,0,24.4,83,0.0,21.4,84,1011.3,95,9.3,12.3,269.0,8.9,81.0,2.3
2026-02-05 05:00:00,2026,2,5,5,Hồ Chí Minh,Phường Vũng Tàu,10.3537998,107.0743549,47,Good,0,24.2,84,0.0,20.3,83,1011.6,100,9.5,12.4,292.0,9.8,77.0,2.7
2026-02-05 06:00:00,2026,2,5,6,Hồ Chí Minh,Phường Vũng Tàu,10.3537998,107.0743549,48,Good,0,24.1,85,0.0,18.3,79,1012.0,99,9.9,12.8,324.0,11.0,73.0,3.1
2026-02-05 07:00:00,2026,2,5,7,Hồ Chí Minh,Phường Vũng Tàu,10.3537998,107.0743549,48,Good,0,24.6,84,0.0,19.2,80,1012.5,100,14.7,18.6,343.0,11.6,75.0,3.2
2026-02-05 08:00:00,2026,2,5,8,Hồ Chí Minh,Phường Vũng Tàu,10.3537998,107.0743549,49,Good,0,25.8,77,0.0,19.1,82,1013.5,24,14.6,18.7,338.0,10.2,82.0,3.3
2026-02-05 09:00:00,2026,2,5,9,Hồ Chí Minh,Phường Vũng Tàu,10.3537998,107.0743549,50,Good,0,27.2,70,0.0,18.8,86,1014.1,8,15.4,19.8,321.0,8.3,93.0,3.6
2026-02-05 10:00:00,2026,2,5,10,Hồ Chí Minh,Phường Vũng Tàu,10.3537998,107.0743549,51,Moderate,1,28.1,66,0.0,20.6,95,1014.1,88,16.9,22.0,305.0,6.7,105.0,3.7
2026-02-05 11:00:00,2026,2,5,11,Hồ Chí Minh,Phường Vũng Tàu,10.3537998,107.0743549,51,Moderate,1,28.7,62,0.0,21.5,94,1013.5,18,18.6,24.2,293.0,5.5,120.0,3.8
2026-02-05 12:00:00,2026,2,5,12,Hồ Chí Minh,Phường Vũng Tàu,10.3537998,107.0743549,52,Moderate,1,29.2,59,0.2,20.4,98,1012.5,100,20.0,26.0,282.0,4.6,137.0,3.8
2026-02-05 13:00:00,2026,2,5,13,Hồ Chí Minh,Phường Vũng Tàu,10.3537998,107.0743549,53,Moderate,1,27.6,66,0.1,23.3,107,1011.7,97,20.0,26.1,275.0,4.1,147.0,3.7
2026-02-05 14:00:00,2026,2,5,14,Hồ Chí Minh,Phường Vũng Tàu,10.3537998,107.0743549,53,Moderate,1,27.8,66,0.0,22.7,106,1011.0,98,19.2,25.2,276.0,4.3,147.0,3.4
2026-02-05 15:00:00,2026,2,5,15,Hồ Chí Minh,Phường Vũng Tàu,10.3537998,107.0743549,59,Moderate,1,27.1,71,0.0,24.3,110,1010.6,98,17.9,23.9,282.0,5.0,140.0,3.0
2026-02-05 16:00:00,2026,2,5,16,Hồ Chí Minh,Phường Vũng Tàu,10.3537998,107.0743549,73,Moderate,1,26.0,78,0.0,22.4,105,1010.4,96,16.9,22.6,285.0,5.8,133.0,2.7
2026-02-05 17:00:00,2026,2,5,17,Hồ Chí Minh,Phường Vũng Tàu,10.3537998,107.0743549,84,Moderate,1,25.9,78,0.0,20.9,100,1010.6,100,15.8,21.5,285.0,6.7,126.0,2.5
2026-02-05 18:00:00,2026,2,5,18,Hồ Chí Minh,Phường Vũng Tàu,10.3537998,107.0743549,91,Moderate,1,24.9,82,0.0,21.5,102,1011.2,100,14.8,20.1,282.0,7.6,117.0,2.3
2026-02-05 19:00:00,2026,2,5,19,Hồ Chí Minh,Phường Vũng Tàu,10.3537998,107.0743549,93,Moderate,1,25.1,82,0.0,17.9,100,1011.6,100,12.4,16.9,277.0,7.8,109.0,2.0
2026-02-05 20:00:00,2026,2,5,20,Hồ Chí Minh,Phường Vũng Tàu,10.3537998,107.0743549,91,Moderate,1,25.0,81,0.0,19.9,100,1012.4,100,12.1,16.5,267.0,7.6,105.0,1.9
2026-02-05 21:00:00,2026,2,5,21,Hồ Chí Minh,Phường Vũng Tàu,10.3537998,107.0743549,84,Moderate,1,24.9,83,0.0,18.4,101,1012.6,99,11.7,15.8,254.0,7.3,100.0,1.9
2026-02-05 22:00:00,2026,2,5,22,Hồ Chí Minh,Phường Vũng Tàu,10.3537998,107.0743549,74,Moderate,1,24.7,85,0.0,17.3,101,1012.6,100,11.2,15.3,242.0,7.1,95.0,1.8
2026-02-05 23:00:00,2026,2,5,23,Hồ Chí Minh,Phường Vũng Tàu,10.3537998,107.0743549,63,Moderate,1,24.5,87,0.0,19.2,97,1012.5,100,10.9,14.9,233.0,7.1,91.0,1.7
2026-02-06 00:00:00,2026,2,6,0,Hồ Chí Minh,Phường Vũng Tàu,10.3537998,107.0743549,54,Moderate,1,24.5,86,0.0,21.3,92,1012.2,80,10.5,14.5,225.0,7.3,88.0,1.7
2026-02-06 01:00:00,2026,2,6,1,Hồ Chí Minh,Phường Vũng Tàu,10.3537998,107.0743549,54,Moderate,1,24.2,87,0.0,21.1,94,1011.6,91,10.3,14.3,219.0,7.4,85.0,1.7
2026-02-06 02:00:00,2026,2,6,2,Hồ Chí Minh,Phường Vũng Tàu,10.3537998,107.0743549,54,Moderate,1,24.2,87,0.0,19.5,92,1011.0,97,10.3,14.2,214.0,7.5,83.0,1.7
2026-02-06 03:00:00,2026,2,6,3,Hồ Chí Minh,Phường Vũng Tàu,10.3537998,107.0743549,54,Moderate,1,24.2,85,0.0,18.7,90,1010.7,100,10.4,14.3,211.0,7.5,83.0,1.8
2026-02-06 04:00:00,2026,2,6,4,Hồ Chí Minh,Phường Vũng Tàu,10.3537998,107.0743549,54,Moderate,1,24.1,86,0.0,16.8,94,1010.8,70,10.7,14.9,212.0,7.7,82.0,1.9
2026-02-06 05:00:00,2026,2,6,5,Hồ Chí Minh,Phường Vũng Tàu,10.3537998,107.0743549,54,Moderate,1,24.1,86,0.0,16.0,93,1011.1,48,11.0,15.3,222.0,8.3,81.0,2.1
2026-02-06 06:00:00,2026,2,6,6,Hồ Chí Minh,Phường Vũng Tàu,10.3537998,107.0743549,54,Moderate,1,24.1,86,0.0,13.9,89,1011.6,97,11.3,15.6,236.0,9.0,79.0,2.3
2026-02-06 07:00:00,2026,2,6,7,Hồ Chí Minh,Phường Vũng Tàu,10.3537998,107.0743549,54,Moderate,1,24.7,84,0.0,13.7,89,1012.6,100,11.9,16.2,246.0,9.3,79.0,2.5
2026-02-06 08:00:00,2026,2,6,8,Hồ Chí Minh,Phường Vũng Tàu,10.3537998,107.0743549,54,Moderate,1,25.7,76,0.0,17.1,92,1013.4,100,12.5,16.9,246.0,8.1,84.0,2.4
2026-02-06 09:00:00,2026,2,6,9,Hồ Chí Minh,Phường Vũng Tàu,10.3537998,107.0743549,54,Moderate,1,26.5,71,0.0,19.5,99,1014.1,100,13.1,17.8,242.0,6.5,92.0,2.4
2026-02-06 10:00:00,2026,2,6,10,Hồ Chí Minh,Phường Vũng Tàu,10.3537998,107.0743549,54,Moderate,1,27.0,69,0.0,21.9,104,1013.9,100,14.3,19.4,237.0,5.1,100.0,2.3
2026-02-06 11:00:00,2026,2,6,11,Hồ Chí Minh,Phường Vũng Tàu,10.3537998,107.0743549,54,Moderate,1,27.0,68,0.0,21.3,110,1013.3,100,15.4,20.7,234.0,4.2,110.0,2.3
2026-02-06 12:00:00,2026,2,6,12,Hồ Chí Minh,Phường Vũng Tàu,10.3537998,107.0743549,53,Moderate,1,27.1,68,0.0,21.3,115,1012.5,100,15.7,21.2,231.0,3.6,120.0,2.2
2026-02-06 13:00:00,2026,2,6,13,Hồ Chí Minh,Phường Vũng Tàu,10.3537998,107.0743549,53,Moderate,1,27.0,66,0.0,18.8,122,1011.6,69,15.2,20.7,229.0,3.4,126.0,2.2
2026-02-06 14:00:00,2026,2,6,14,Hồ Chí Minh,Phường Vũng Tàu,10.3537998,107.0743549,52,Moderate,1,27.2,66,0.0,17.6,133,1010.7,73,14.6,20.2,227.0,3.6,126.0,2.2
2026-02-06 15:00:00,2026,2,6,15,Hồ Chí Minh,Phường Vũng Tàu,10.3537998,107.0743549,52,Moderate,1,26.7,67,0.0,16.3,127,1010.1,58,14.1,19.6,226.0,4.2,122.0,2.2
2026-02-06 16:00:00,2026,2,6,16,Hồ Chí Minh,Phường Vũng Tàu,10.3537998,107.0743549,54,Moderate,1,26.4,69,0.0,15.6,129,1009.7,60,14.0,19.4,225.0,4.9,117.0,2.2
2026-02-06 17:00:00,2026,2,6,17,Hồ Chí Minh,Phường Vũng Tàu,10.3537998,107.0743549,61,Moderate,1,25.5,73,0.0,15.2,133,1010.0,100,13.0,18.2,224.0,5.8,112.0,2.2
2026-02-06 18:00:00,2026,2,6,18,Hồ Chí Minh,Phường Vũng Tàu,10.3537998,107.0743549,65,Moderate,1,24.9,77,0.0,14.7,125,1010.3,100,12.4,17.3,223.0,6.8,106.0,2.2
2026-02-06 19:00:00,2026,2,6,19,Hồ Chí Minh,Phường Vũng Tàu,10.3537998,107.0743549,66,Moderate,1,25.2,79,0.0,13.3,131,1010.7,52,13.2,18.6,220.0,7.7,99.0,2.3
2026-02-06 20:00:00,2026,2,6,20,Hồ Chí Minh,Phường Vũng Tàu,10.3537998,107.0743549,64,Moderate,1,25.1,79,0.0,14.1,118,1011.8,27,12.6,17.6,213.0,7.5,97.0,2.3
2026-02-06 21:00:00,2026,2,6,21,Hồ Chí Minh,Phường Vũng Tàu,10.3537998,107.0743549,59,Moderate,1,24.8,81,0.0,13.1,106,1012.2,24,12.1,16.9,204.0,7.3,95.0,2.3
2026-02-06 22:00:00,2026,2,6,22,Hồ Chí Minh,Phường Vũng Tàu,10.3537998,107.0743549,52,Moderate,1,24.7,81,0.0,12.6,103,1012.3,91,11.9,16.6,196.0,7.1,92.0,2.3
2026-02-06 23:00:00,2026,2,6,23,Hồ Chí Minh,Phường Vũng Tàu,10.3537998,107.0743549,51,Moderate,1,24.5,83,0.0,13.0,109,1012.4,100,11.6,16.2,189.0,6.9,90.0,2.2
2026-02-07 00:00:00,2026,2,7,0,Hồ Chí Minh,Phường Vũng Tàu,10.3537998,107.0743549,51,Moderate,1,24.4,84,0.0,13.8,105,1012.3,100,11.0,15.4,184.0,6.7,87.0,2.0
2026-02-07 01:00:00,2026,2,7,1,Hồ Chí Minh,Phường Vũng Tàu,10.3537998,107.0743549,51,Moderate,1,24.4,86,0.0,12.8,107,1011.7,100,10.7,15.0,179.0,6.6,85.0,1.9
2026-02-07 02:00:00,2026,2,7,2,Hồ Chí Minh,Phường Vũng Tàu,10.3537998,107.0743549,51,Moderate,1,24.3,86,0.0,12.6,104,1011.3,100,10.4,14.7,174.0,6.6,83.0,1.9
2026-02-07 03:00:00,2026,2,7,3,Hồ Chí Minh,Phường Vũng Tàu,10.3537998,107.0743549,51,Moderate,1,24.1,87,0.0,11.4,106,1011.1,100,10.2,14.4,170.0,6.6,81.0,1.9
2026-02-07 04:00:00,2026,2,7,4,Hồ Chí Minh,Phường Vũng Tàu,10.3537998,107.0743549,51,Moderate,1,24.1,86,0.0,12.1,100,1010.9,100,10.3,14.6,173.0,6.9,79.0,2.0
2026-02-07 05:00:00,2026,2,7,5,Hồ Chí Minh,Phường Vũng Tàu,10.3537998,107.0743549,51,Moderate,1,24.0,87,0.0,11.7,100,1011.1,100,10.4,14.6,190.0,7.6,77.0,2.2
2026-02-07 06:00:00,2026,2,7,6,Hồ Chí Minh,Phường Vũng Tàu,10.3537998,107.0743549,51,Moderate,1,24.1,86,0.0,13.9,103,1011.8,100,12.4,16.9,214.0,8.6,75.0,2.4
2026-02-07 07:00:00,2026,2,7,7,Hồ Chí Minh,Phường Vũng Tàu,10.3537998,107.0743549,51,Moderate,1,24.5,85,0.0,15.7,96,1012.6,100,10.0,13.5,232.0,9.3,74.0,2.6
2026-02-07 08:00:00,2026,2,7,8,Hồ Chí Minh,Phường Vũng Tàu,10.3537998,107.0743549,51,Moderate,1,25.4,78,0.0,15.6,97,1013.5,100,10.2,13.9,237.0,8.5,77.0,2.7
2026-02-07 09:00:00,2026,2,7,9,Hồ Chí Minh,Phường Vũng Tàu,10.3537998,107.0743549,51,Moderate,1,26.4,74,0.0,15.9,100,1014.2,100,10.7,14.4,237.0,7.3,81.0,2.7
2026-02-07 10:00:00,2026,2,7,10,Hồ Chí Minh,Phường Vũng Tàu,10.3537998,107.0743549,51,Moderate,1,27.2,68,0.0,17.0,103,1013.9,75,11.8,15.9,235.0,6.3,88.0,2.8
2026-02-07 11:00:00,2026,2,7,11,Hồ Chí Minh,Phường Vũng Tàu,10.3537998,107.0743549,51,Moderate,1,28.0,64,0.0,16.8,108,1013.0,39,13.6,18.1,233.0,5.5,100.0,2.8
2026-02-07 12:00:00,2026,2,7,12,Hồ Chí Minh,Phường Vũng Tàu,10.3537998,107.0743549,50,Good,0,28.1,61,0.0,16.5,114,1012.0,48,15.5,20.4,230.0,4.8,115.0,2.7
2026-02-07 13:00:00,2026,2,7,13,Hồ Chí Minh,Phường Vũng Tàu,10.3537998,107.0743549,50,Good,0,27.8,64,0.0,17.6,123,1011.1,50,15.4,20.3,230.0,4.5,125.0,2.7
2026-02-07 14:00:00,2026,2,7,14,Hồ Chí Minh,Phường Vũng Tàu,10.3537998,107.0743549,50,Good,0,27.4,66,0.0,19.0,125,1009.9,98,14.6,19.3,235.0,4.8,128.0,2.7
2026-02-07 15:00:00,2026,2,7,15,Hồ Chí Minh,Phường Vũng Tàu,10.3537998,107.0743549,50,Good,0,27.1,67,0.0,17.9,131,1009.0,89,13.8,18.5,243.0,5.5,126.0,2.6
2026-02-07 16:00:00,2026,2,7,16,Hồ Chí Minh,Phường Vũng Tàu,10.3537998,107.0743549,50,Good,0,26.5,70,0.0,18.5,130,1008.7,88,13.5,18.0,248.0,6.2,123.0,2.6
2026-02-07 17:00:00,2026,2,7,17,Hồ Chí Minh,Phường Vũng Tàu,10.3537998,107.0743549,55,Moderate,1,25.5,77,0.0,19.6,116,1008.7,14,12.9,17.3,250.0,6.8,121.0,2.5
2026-02-07 18:00:00,2026,2,7,18,Hồ Chí Minh,Phường Vũng Tàu,10.3537998,107.0743549,64,Moderate,1,24.8,80,0.0,21.9,107,1009.1,2,12.3,16.7,251.0,7.5,117.0,2.4
2026-02-07 19:00:00,2026,2,7,19,Hồ Chí Minh,Phường Vũng Tàu,10.3537998,107.0743549,70,Moderate,1,24.6,81,0.0,21.6,101,1010.0,2,14.3,19.7,245.0,7.9,112.0,2.3
2026-02-07 20:00:00,2026,2,7,20,Hồ Chí Minh,Phường Vũng Tàu,10.3537998,107.0743549,72,Moderate,1,24.5,82,0.0,23.0,99,1010.7,0,12.2,17.1,229.0,7.1,108.0,2.0
2026-02-07 21:00:00,2026,2,7,21,Hồ Chí Minh,Phường Vũng Tàu,10.3537998,107.0743549,71,Moderate,1,24.7,77,0.0,25.6,101,1011.2,0,10.4,14.6,208.0,6.0,103.0,1.7
2026-02-07 22:00:00,2026,2,7,22,Hồ Chí Minh,Phường Vũng Tàu,10.3537998,107.0743549,66,Moderate,1,24.5,80,0.0,27.1,101,1011.3,3,9.6,13.6,191.0,5.2,98.0,1.4
2026-02-07 23:00:00,2026,2,7,23,Hồ Chí Minh,Phường Vũng Tàu,10.3537998,107.0743549,60,Moderate,1,24.6,80,0.0,28.5,97,1011.1,91,9.0,12.8,183.0,5.0,95.0,1.3
2026-02-08 00:00:00,2026,2,8,0,Hồ Chí Minh,Phường Vũng Tàu,10.3537998,107.0743549,53,Moderate,1,24.5,81,0.0,29.0,97,1011.0,76,8.5,12.3,179.0,5.1,94.0,1.3
2026-02-08 01:00:00,2026,2,8,1,Hồ Chí Minh,Phường Vũng Tàu,10.3537998,107.0743549,49,Good,0,24.5,82,0.0,27.3,96,1010.3,72,8.3,11.9,175.0,5.2,92.0,1.3
2026-02-08 02:00:00,2026,2,8,2,Hồ Chí Minh,Phường Vũng Tàu,10.3537998,107.0743549,49,Good,0,24.4,82,0.0,25.7,96,1009.6,11,8.4,11.9,165.0,5.3,90.0,1.4
2026-02-08 03:00:00,2026,2,8,3,Hồ Chí Minh,Phường Vũng Tàu,10.3537998,107.0743549,48,Good,0,24.3,81,0.0,26.0,95,1009.5,8,8.8,12.3,155.0,5.4,88.0,1.5
2026-02-08 04:00:00,2026,2,8,4,Hồ Chí Minh,Phường Vũng Tàu,10.3537998,107.0743549,48,Good,0,24.2,79,0.0,27.7,91,1009.5,12,9.1,12.6,152.0,5.7,86.0,1.6
2026-02-08 05:00:00,2026,2,8,5,Hồ Chí Minh,Phường Vũng Tàu,10.3537998,107.0743549,48,Good,0,24.0,79,0.0,26.5,88,1010.0,58,9.4,12.7,162.0,6.3,83.0,1.8
2026-02-08 06:00:00,2026,2,8,6,Hồ Chí Minh,Phường Vũng Tàu,10.3537998,107.0743549,48,Good,0,24.0,80,0.0,23.4,86,1010.8,1,9.3,12.4,179.0,6.9,81.0,2.1
2026-02-08 07:00:00,2026,2,8,7,Hồ Chí Minh,Phường Vũng Tàu,10.3537998,107.0743549,47,Good,0,24.7,78,0.0,21.6,83,1012.1,5,11.4,15.1,196.0,7.1,82.0,2.2
2026-02-08 08:00:00,2026,2,8,8,Hồ Chí Minh,Phường Vũng Tàu,10.3537998,107.0743549,47,Good,0,25.6,72,0.0,20.6,78,1012.9,4,11.7,15.3,213.0,6.4,88.0,2.3
2026-02-08 09:00:00,2026,2,8,9,Hồ Chí Minh,Phường Vũng Tàu,10.3537998,107.0743549,48,Good,0,26.9,65,0.0,17.2,76,1013.8,10,12.3,15.8,229.0,5.3,95.0,2.4
2026-02-08 10:00:00,2026,2,8,10,Hồ Chí Minh,Phường Vũng Tàu,10.3537998,107.0743549,48,Good,0,28.5,58,0.0,12.2,81,1013.7,73,13.2,16.9,238.0,4.4,104.0,2.5
2026-02-08 11:00:00,2026,2,8,11,Hồ Chí Minh,Phường Vũng Tàu,10.3537998,107.0743549,48,Good,0,29.4,53,0.0,10.8,101,1012.8,47,13.6,17.4,233.0,3.7,114.0,2.5
2026-02-08 12:00:00,2026,2,8,12,Hồ Chí Minh,Phường Vũng Tàu,10.3537998,107.0743549,48,Good,0,28.4,61,0.0,21.3,120,1012.1,25,13.6,17.6,220.0,3.2,125.0,2.5
2026-02-08 13:00:00,2026,2,8,13,Hồ Chí Minh,Phường Vũng Tàu,10.3537998,107.0743549,48,Good,0,27.5,60,0.0,23.1,116,1011.5,14,13.5,17.9,211.0,3.0,131.0,2.4
2026-02-08 14:00:00,2026,2,8,14,Hồ Chí Minh,Phường Vũng Tàu,10.3537998,107.0743549,48,Good,0,27.8,60,0.0,23.6,120,1010.7,12,13.2,17.7,209.0,3.1,130.0,2.2
2026-02-08 15:00:00,2026,2,8,15,Hồ Chí Minh,Phường Vũng Tàu,10.3537998,107.0743549,51,Moderate,1,27.4,63,0.0,25.2,111,1010.2,20,12.7,17.2,211.0,3.5,125.0,2.0
2026-02-08 16:00:00,2026,2,8,16,Hồ Chí Minh,Phường Vũng Tàu,10.3537998,107.0743549,61,Moderate,1,27.1,63,0.0,23.1,103,1010.1,9,12.0,16.4,213.0,4.2,119.0,1.8
2026-02-08 17:00:00,2026,2,8,17,Hồ Chí Minh,Phường Vũng Tàu,10.3537998,107.0743549,67,Moderate,1,26.6,68,0.0,22.0,103,1010.3,4,11.3,15.7,216.0,5.4,114.0,1.8
2026-02-08 18:00:00,2026,2,8,18,Hồ Chí Minh,Phường Vũng Tàu,10.3537998,107.0743549,71,Moderate,1,25.5,76,0.0,22.3,100,1010.7,2,10.9,15.0,220.0,6.8,109.0,1.8
2026-02-08 19:00:00,2026,2,8,19,Hồ Chí Minh,Phường Vũng Tàu,10.3537998,107.0743549,72,Moderate,1,25.8,78,0.0,23.6,92,1010.9,2,13.6,17.8,223.0,7.1,108.0,1.9
2026-02-08 20:00:00,2026,2,8,20,Hồ Chí Minh,Phường Vũng Tàu,10.3537998,107.0743549,71,Moderate,1,25.6,75,0.0,28.0,94,1011.5,1,12.4,15.9,225.0,7.3,104.0,2.0
2026-02-08 21:00:00,2026,2,8,21,Hồ Chí Minh,Phường Vũng Tàu,10.3537998,107.0743549,66,Moderate,1,25.4,76,0.0,26.7,92,1011.8,4,11.6,14.6,226.0,7.5,98.0,2.2
2026-02-08 22:00:00,2026,2,8,22,Hồ Chí Minh,Phường Vũng Tàu,10.3537998,107.0743549,59,Moderate,1,25.3,76,0.0,24.8,89,1011.6,1,11.0,13.6,227.0,7.6,93.0,2.3
2026-02-08 23:00:00,2026,2,8,23,Hồ Chí Minh,Phường Vũng Tàu,10.3537998,107.0743549,52,Moderate,1,25.4,70,0.0,21.7,81,1011.6,80,10.5,12.7,230.0,7.6,88.0,2.3
2026-02-09 00:00:00,2026,2,9,0,Hồ Chí Minh,Phường Vũng Tàu,10.3537998,107.0743549,48,Good,0,25.2,65,0.0,15.6,64,1011.3,99,9.8,11.7,234.0,7.4,84.0,2.3
2026-02-09 01:00:00,2026,2,9,1,Hồ Chí Minh,Phường Vũng Tàu,10.3537998,107.0743549,47,Good,0,25.2,61,0.0,16.6,61,1010.8,87,9.2,10.8,235.0,7.2,82.0,2.3
2026-02-09 02:00:00,2026,2,9,2,Hồ Chí Minh,Phường Vũng Tàu,10.3537998,107.0743549,47,Good,0,25.0,62,0.0,16.9,71,1010.1,100,8.8,10.5,225.0,6.7,83.0,2.3
2026-02-09 03:00:00,2026,2,9,3,Hồ Chí Minh,Phường Vũng Tàu,10.3537998,107.0743549,47,Good,0,24.5,67,0.0,14.6,72,1009.9,99,8.4,10.2,213.0,6.0,86.0,2.2
2026-02-09 04:00:00,2026,2,9,4,Hồ Chí Minh,Phường Vũng Tàu,10.3537998,107.0743549,47,Good,0,24.0,73,0.0,11.7,70,1009.9,98,8.1,9.9,222.0,5.9,87.0,2.4
2026-02-09 05:00:00,2026,2,9,5,Hồ Chí Minh,Phường Vũng Tàu,10.3537998,107.0743549,47,Good,0,23.5,76,0.0,8.8,59,1009.9,95,8.7,10.4,278.0,7.0,84.0,3.0
2026-02-09 06:00:00,2026,2,9,6,Hồ Chí Minh,Phường Vũng Tàu,10.3537998,107.0743549,47,Good,0,23.0,77,0.0,6.8,58,1010.5,96,9.9,11.7,355.0,8.5,80.0,3.8
2026-02-09 07:00:00,2026,2,9,7,Hồ Chí Minh,Phường Vũng Tàu,10.3537998,107.0743549,47,Good,0,23.6,75,0.0,6.3,18,1011.2,93,12.1,14.1,400.0,9.4,80.0,3.9
2026-02-09 08:00:00,2026,2,9,8,Hồ Chí Minh,Phường Vũng Tàu,10.3537998,107.0743549,47,Good,0,25.5,57,0.0,5.8,36,1011.7,79,10.7,12.8,379.0,8.1,88.0,3.7
2026-02-09 09:00:00,2026,2,9,9,Hồ Chí Minh,Phường Vũng Tàu,10.3537998,107.0743549,47,Good,0,26.9,53,0.0,8.6,67,1012.0,80,10.2,12.6,326.0,6.4,99.0,3.5
2026-02-09 10:00:00,2026,2,9,10,Hồ Chí Minh,Phường Vũng Tàu,10.3537998,107.0743549,47,Good,0,28.4,50,0.0,11.0,80,1011.9,70,10.2,12.8,284.0,5.0,110.0,3.3
2026-02-09 11:00:00,2026,2,9,11,Hồ Chí Minh,Phường Vũng Tàu,10.3537998,107.0743549,46,Good,0,29.6,47,0.0,10.1,85,1011.5,86,10.4,13.2,271.0,4.2,120.0,3.2
2026-02-09 12:00:00,2026,2,9,12,Hồ Chí Minh,Phường Vũng Tàu,10.3537998,107.0743549,46,Good,0,29.9,52,0.0,12.1,107,1010.2,91,11.2,14.1,268.0,3.9,130.0,3.1
2026-02-09 13:00:00,2026,2,9,13,Hồ Chí Minh,Phường Vũng Tàu,10.3537998,107.0743549,46,Good,0,28.9,60,0.0,20.0,116,1009.6,95,12.5,15.8,270.0,3.9,137.0,3.1
2026-02-09 14:00:00,2026,2,9,14,Hồ Chí Minh,Phường Vũng Tàu,10.3537998,107.0743549,49,Good,0,29.1,56,0.0,22.8,113,1008.9,94,14.6,18.5,275.0,4.5,143.0,3.1
2026-02-09 15:00:00,2026,2,9,15,Hồ Chí Minh,Phường Vũng Tàu,10.3537998,107.0743549,59,Moderate,1,28.6,59,0.0,22.2,113,1008.7,87,16.3,20.8,283.0,5.5,146.0,3.1
2026-02-09 16:00:00,2026,2,9,16,Hồ Chí Minh,Phường Vũng Tàu,10.3537998,107.0743549,74,Moderate,1,28.0,64,0.0,19.6,110,1008.7,66,17.2,21.8,290.0,6.7,145.0,3.1
2026-02-09 17:00:00,2026,2,9,17,Hồ Chí Minh,Phường Vũng Tàu,10.3537998,107.0743549,86,Moderate,1,27.5,68,0.0,19.0,100,1008.9,21,17.1,21.4,294.0,8.4,136.0,3.0
2026-02-09 18:00:00,2026,2,9,18,Hồ Chí Minh,Phường Vũng Tàu,10.3537998,107.0743549,93,Moderate,1,26.2,72,0.0,19.2,98,1009.4,28,16.1,20.0,297.0,10.3,122.0,3.0
2026-02-09 19:00:00,2026,2,9,19,Hồ Chí Minh,Phường Vũng Tàu,10.3537998,107.0743549,96,Moderate,1,26.0,74,0.0,16.8,95,1010.3,2,20.0,24.6,296.0,12.1,119.0,3.3
2026-02-09 20:00:00,2026,2,9,20,Hồ Chí Minh,Phường Vũng Tàu,10.3537998,107.0743549,96,Moderate,1,25.6,78,0.0,17.4,97,1011.1,1,16.1,20.4,288.0,10.9,111.0,2.9
2026-02-09 21:00:00,2026,2,9,21,Hồ Chí Minh,Phường Vũng Tàu,10.3537998,107.0743549,92,Moderate,1,25.6,79,0.0,20.9,92,1011.3,22,12.8,16.6,275.0,9.3,101.0,2.4
2026-02-09 22:00:00,2026,2,9,22,Hồ Chí Minh,Phường Vũng Tàu,10.3537998,107.0743549,84,Moderate,1,25.3,80,0.0,21.2,91,1010.8,24,11.4,14.7,266.0,8.2,92.0,2.0
2026-02-09 23:00:00,2026,2,9,23,Hồ Chí Minh,Phường Vũng Tàu,10.3537998,107.0743549,73,Moderate,1,25.0,83,0.0,20.4,94,1010.8,39,11.2,14.3,263.0,8.1,88.0,2.0
2026-02-10 00:00:00,2026,2,10,0,Hồ Chí Minh,Phường Vũng Tàu,10.3537998,107.0743549,61,Moderate,1,24.7,85,0.0,20.7,89,1010.4,10,11.4,14.5,263.0,8.5,85.0,2.1
2026-02-10 01:00:00,2026,2,10,1,Hồ Chí Minh,Phường Vũng Tàu,10.3537998,107.0743549,51,Moderate,1,24.5,86,0.0,17.1,69,1010.3,5,11.6,14.9,267.0,8.8,83.0,2.3
2026-02-10 02:00:00,2026,2,10,2,Hồ Chí Minh,Phường Vũng Tàu,10.3537998,107.0743549,51,Moderate,1,24.3,84,0.0,13.8,53,1010.1,5,12.0,15.3,271.0,8.8,81.0,2.4
2026-02-10 03:00:00,2026,2,10,3,Hồ Chí Minh,Phường Vũng Tàu,10.3537998,107.0743549,51,Moderate,1,24.1,81,0.0,10.2,56,1009.9,5,12.1,15.3,278.0,8.8,80.0,2.6
2026-02-10 04:00:00,2026,2,10,4,Hồ Chí Minh,Phường Vũng Tàu,10.3537998,107.0743549,51,Moderate,1,24.1,79,0.0,11.8,83,1010.0,7,12.2,15.1,296.0,8.9,78.0,2.9
2026-02-10 05:00:00,2026,2,10,5,Hồ Chí Minh,Phường Vũng Tàu,10.3537998,107.0743549,52,Moderate,1,24.0,81,0.0,10.3,59,1010.4,6,12.3,15.0,337.0,9.4,74.0,3.3
2026-02-10 06:00:00,2026,2,10,6,Hồ Chí Minh,Phường Vũng Tàu,10.3537998,107.0743549,52,Moderate,1,23.5,82,0.0,8.4,11,1010.7,13,12.5,15.2,389.0,10.0,70.0,3.8
2026-02-10 07:00:00,2026,2,10,7,Hồ Chí Minh,Phường Vũng Tàu,10.3537998,107.0743549,52,Moderate,1,24.2,78,0.0,7.4,14,1011.8,87,23.4,26.5,418.0,16.2,58.0,5.7
2026-02-10 08:00:00,2026,2,10,8,Hồ Chí Minh,Phường Vũng Tàu,10.3537998,107.0743549,53,Moderate,1,25.7,70,0.0,5.5,44,1012.4,78,24.3,27.6,406.0,13.8,76.0,6.1
2026-02-10 09:00:00,2026,2,10,9,Hồ Chí Minh,Phường Vũng Tàu,10.3537998,107.0743549,55,Moderate,1,27.0,66,0.0,8.5,94,1013.1,45,23.7,28.0,373.0,10.5,101.0,6.7
2026-02-10 10:00:00,2026,2,10,10,Hồ Chí Minh,Phường Vũng Tàu,10.3537998,107.0743549,56,Moderate,1,28.2,61,0.0,9.9,89,1013.1,94,22.9,27.6,340.0,7.6,119.0,6.7
2026-02-10 11:00:00,2026,2,10,11,Hồ Chí Minh,Phường Vũng Tàu,10.3537998,107.0743549,57,Moderate,1,28.8,58,0.0,6.2,98,1012.1,67,20.7,25.1,315.0,5.6,125.0,5.5
2026-02-10 12:00:00,2026,2,10,12,Hồ Chí Minh,Phường Vũng Tàu,10.3537998,107.0743549,58,Moderate,1,29.8,56,0.0,9.6,131,1011.1,71,17.3,21.5,290.0,4.0,126.0,3.8
2026-02-10 13:00:00,2026,2,10,13,Hồ Chí Minh,Phường Vũng Tàu,10.3537998,107.0743549,58,Moderate,1,29.5,55,0.0,13.9,130,1010.6,98,13.3,17.0,271.0,3.3,124.0,2.6
2026-02-10 14:00:00,2026,2,10,14,Hồ Chí Minh,Phường Vũng Tàu,10.3537998,107.0743549,58,Moderate,1,28.8,59,0.0,19.9,130,1009.9,99,11.4,14.9,257.0,3.9,121.0,2.4
2026-02-10 15:00:00,2026,2,10,15,Hồ Chí Minh,Phường Vũng Tàu,10.3537998,107.0743549,58,Moderate,1,28.7,59,0.0,19.6,116,1009.5,17,12.0,15.7,249.0,5.3,117.0,2.7
2026-02-10 16:00:00,2026,2,10,16,Hồ Chí Minh,Phường Vũng Tàu,10.3537998,107.0743549,60,Moderate,1,28.2,65,0.0,19.5,112,1009.4,63,13.9,17.7,245.0,6.8,112.0,2.9
2026-02-10 17:00:00,2026,2,10,17,Hồ Chí Minh,Phường Vũng Tàu,10.3537998,107.0743549,68,Moderate,1,27.1,70,0.0,20.5,98,1009.7,15,15.3,19.0,251.0,8.2,107.0,2.8
2026-02-10 18:00:00,2026,2,10,18,Hồ Chí Minh,Phường Vũng Tàu,10.3537998,107.0743549,69,Moderate,1,26.9,72,0.0,19.3,92,1010.4,86,14.9,17.8,261.0,9.6,101.0,2.6
2026-02-10 19:00:00,2026,2,10,19,Hồ Chí Minh,Phường Vũng Tàu,10.3537998,107.0743549,65,Moderate,1,26.5,75,0.0,17.1,88,1011.0,77,10.1,12.0,264.0,12.8,87.0,2.6
2026-02-10 20:00:00,2026,2,10,20,Hồ Chí Minh,Phường Vũng Tàu,10.3537998,107.0743549,57,Moderate,1,26.4,76,0.0,20.9,87,1012.0,41,7.6,9.3,251.0,10.5,85.0,2.2
2026-02-10 21:00:00,2026,2,10,21,Hồ Chí Minh,Phường Vũng Tàu,10.3537998,107.0743549,56,Moderate,1,25.9,78,0.0,21.8,91,1012.5,41,6.3,7.8,230.0,7.3,83.0,1.7
2026-02-10 22:00:00,2026,2,10,22,Hồ Chí Minh,Phường Vũng Tàu,10.3537998,107.0743549,55,Moderate,1,24.9,86,0.0,27.8,98,1012.6,78,4.6,5.8,213.0,5.1,81.0,1.3
2026-02-10 23:00:00,2026,2,10,23,Hồ Chí Minh,Phường Vũng Tàu,10.3537998,107.0743549,54,Moderate,1,24.4,88,0.2,27.4,91,1012.7,98,4.1,5.1,203.0,4.6,79.0,1.2
2026-02-11 00:00:00,2026,2,11,0,Hồ Chí Minh,Phường Vũng Tàu,10.3537998,107.0743549,54,Moderate,1,23.9,89,0.5,29.3,71,1012.4,100,4.0,5.1,196.0,5.0,78.0,1.2
2026-02-11 01:00:00,2026,2,11,1,Hồ Chí Minh,Phường Vũng Tàu,10.3537998,107.0743549,53,Moderate,1,23.5,94,0.6,17.8,59,1012.6,100,4.1,5.3,192.0,5.6,77.0,1.3
2026-02-11 02:00:00,2026,2,11,2,Hồ Chí Minh,Phường Vũng Tàu,10.3537998,107.0743549,52,Moderate,1,24.2,91,2.0,12.6,77,1012.2,100,4.6,6.1,192.0,6.1,76.0,1.4
2026-02-11 03:00:00,2026,2,11,3,Hồ Chí Minh,Phường Vũng Tàu,10.3537998,107.0743549,52,Moderate,1,24.5,89,0.0,13.3,81,1011.8,100,5.6,7.6,195.0,6.7,76.0,1.5
2026-02-11 04:00:00,2026,2,11,4,Hồ Chí Minh,Phường Vũng Tàu,10.3537998,107.0743549,51,Moderate,1,24.8,85,0.0,14.3,84,1011.6,100,6.7,9.1,201.0,7.3,76.0,1.7
2026-02-11 05:00:00,2026,2,11,5,Hồ Chí Minh,Phường Vũng Tàu,10.3537998,107.0743549,51,Moderate,1,25.0,83,0.0,18.2,85,1012.2,100,7.3,9.9,212.0,8.0,75.0,1.9
2026-02-11 06:00:00,2026,2,11,6,Hồ Chí Minh,Phường Vũng Tàu,10.3537998,107.0743549,50,Good,0,25.1,81,0.0,19.8,83,1012.7,100,7.4,10.0,225.0,8.7,73.0,2.1
2026-02-11 07:00:00,2026,2,11,7,Hồ Chí Minh,Phường Vũng Tàu,10.3537998,107.0743549,50,Good,0,25.5,79,0.0,18.2,67,1013.4,94,9.8,12.5,235.0,9.4,72.0,2.9
2026-02-11 08:00:00,2026,2,11,8,Hồ Chí Minh,Phường Vũng Tàu,10.3537998,107.0743549,47,Good,0,26.8,72,0.0,17.4,66,1014.5,100,9.3,11.8,238.0,8.0,79.0,2.7
2026-02-11 09:00:00,2026,2,11,9,Hồ Chí Minh,Phường Vũng Tàu,10.3537998,107.0743549,45,Good,0,28.0,65,0.0,17.0,63,1015.0,100,9.3,12.1,236.0,6.0,90.0,2.5
2026-02-11 10:00:00,2026,2,11,10,Hồ Chí Minh,Phường Vũng Tàu,10.3537998,107.0743549,42,Good,0,29.5,58,0.0,18.4,72,1015.0,100,9.1,12.1,232.0,4.4,99.0,2.3
2026-02-11 11:00:00,2026,2,11,11,Hồ Chí Minh,Phường Vũng Tàu,10.3537998,107.0743549,40,Good,0,31.0,53,0.0,18.9,76,1014.0,100,9.3,12.4,224.0,3.5,106.0,2.1
2026-02-11 12:00:00,2026,2,11,12,Hồ Chí Minh,Phường Vũng Tàu,10.3537998,107.0743549,39,Good,0,30.9,56,0.0,22.4,95,1012.7,100,9.6,13.0,214.0,3.1,112.0,1.9
2026-02-11 13:00:00,2026,2,11,13,Hồ Chí Minh,Phường Vũng Tàu,10.3537998,107.0743549,41,Good,0,28.7,64,0.0,28.0,102,1012.3,100,9.3,12.7,206.0,2.9,115.0,1.8
2026-02-11 14:00:00,2026,2,11,14,Hồ Chí Minh,Phường Vũng Tàu,10.3537998,107.0743549,43,Good,0,29.0,63,0.0,26.9,94,1011.6,100,9.7,13.2,202.0,2.9,114.0,1.7
2026-02-11 15:00:00,2026,2,11,15,Hồ Chí Minh,Phường Vũng Tàu,10.3537998,107.0743549,46,Good,0,28.5,65,0.0,27.2,89,1010.8,25,9.7,13.1,200.0,3.2,110.0,1.6
2026-02-11 16:00:00,2026,2,11,16,Hồ Chí Minh,Phường Vũng Tàu,10.3537998,107.0743549,48,Good,0,28.0,69,0.1,22.3,80,1010.8,41,8.7,11.8,201.0,4.1,106.0,1.6
2026-02-11 17:00:00,2026,2,11,17,Hồ Chí Minh,Phường Vũng Tàu,10.3537998,107.0743549,49,Good,0,27.1,73,0.0,23.6,88,1011.0,40,9.5,12.6,209.0,6.1,102.0,1.8
2026-02-11 18:00:00,2026,2,11,18,Hồ Chí Minh,Phường Vũng Tàu,10.3537998,107.0743549,50,Good,0,26.1,77,0.0,22.6,84,1011.3,9,10.7,14.0,221.0,8.8,99.0,2.2
2026-02-11 19:00:00,2026,2,11,19,Hồ Chí Minh,Phường Vũng Tàu,10.3537998,107.0743549,50,Good,0,26.4,78,0.0,22.9,80,1011.6,98,11.3,14.5,228.0,10.7,94.0,2.8
2026-02-11 20:00:00,2026,2,11,20,Hồ Chí Minh,Phường Vũng Tàu,10.3537998,107.0743549,49,Good,0,26.1,79,0.0,21.3,78,1012.4,100,11.7,14.8,225.0,10.5,89.0,2.8
2026-02-11 21:00:00,2026,2,11,21,Hồ Chí Minh,Phường Vũng Tàu,10.3537998,107.0743549,48,Good,0,26.0,79,0.0,17.9,77,1012.2,70,11.1,14.1,217.0,10.2,82.0,2.8
2026-02-11 22:00:00,2026,2,11,22,Hồ Chí Minh,Phường Vũng Tàu,10.3537998,107.0743549,46,Good,0,25.8,80,0.0,15.9,78,1012.1,45,10.3,13.2,207.0,9.9,76.0,2.7
2026-02-11 23:00:00,2026,2,11,23,Hồ Chí Minh,Phường Vũng Tàu,10.3537998,107.0743549,44,Good,0,25.5,80,0.0,14.2,86,1011.9,39,9.5,12.2,195.0,9.6,72.0,2.6
2026-02-12 00:00:00,2026,2,12,0,Hồ Chí Minh,Phường Vũng Tàu,10.3537998,107.0743549,42,Good,0,25.4,81,0.0,15.1,87,1012.1,96,8.6,11.3,182.0,9.3,69.0,2.4
2026-02-12 01:00:00,2026,2,12,1,Hồ Chí Minh,Phường Vũng Tàu,10.3537998,107.0743549,40,Good,0,25.2,83,0.0,18.8,81,1011.2,99,8.3,10.9,173.0,9.0,67.0,2.2
2026-02-12 02:00:00,2026,2,12,2,Hồ Chí Minh,Phường Vũng Tàu,10.3537998,107.0743549,38,Good,0,25.0,83,0.0,16.9,78,1010.4,98,8.2,10.9,169.0,8.7,66.0,2.1
2026-02-12 03:00:00,2026,2,12,3,Hồ Chí Minh,Phường Vũng Tàu,10.3537998,107.0743549,38,Good,0,24.9,83,0.0,15.7,85,1010.5,71,8.1,10.9,170.0,8.5,67.0,2.0
2026-02-12 04:00:00,2026,2,12,4,Hồ Chí Minh,Phường Vũng Tàu,10.3537998,107.0743549,39,Good,0,24.8,84,0.0,15.0,83,1010.5,95,8.1,11.0,179.0,8.4,67.0,2.0
2026-02-12 05:00:00,2026,2,12,5,Hồ Chí Minh,Phường Vũng Tàu,10.3537998,107.0743549,39,Good,0,24.7,84,0.0,13.7,76,1010.7,98,8.2,11.1,206.0,8.6,66.0,2.1
2026-02-12 06:00:00,2026,2,12,6,Hồ Chí Minh,Phường Vũng Tàu,10.3537998,107.0743549,39,Good,0,24.6,84,0.0,12.2,74,1011.1,52,8.4,11.4,242.0,8.9,64.0,2.2
2026-02-12 07:00:00,2026,2,12,7,Hồ Chí Minh,Phường Vũng Tàu,10.3537998,107.0743549,39,Good,0,25.3,83,0.0,15.0,79,1012.5,97,8.9,12.0,264.0,8.9,67.0,2.2
2026-02-12 08:00:00,2026,2,12,8,Hồ Chí Minh,Phường Vũng Tàu,10.3537998,107.0743549,39,Good,0,26.5,74,0.0,17.6,76,1013.2,100,8.6,11.7,260.0,8.0,72.0,2.4
2026-02-12 09:00:00,2026,2,12,9,Hồ Chí Minh,Phường Vũng Tàu,10.3537998,107.0743549,39,Good,0,27.6,68,0.0,16.3,76,1013.9,100,9.2,12.3,242.0,6.7,80.0,2.7
2026-02-12 10:00:00,2026,2,12,10,Hồ Chí Minh,Phường Vũng Tàu,10.3537998,107.0743549,39,Good,0,28.8,63,0.0,13.6,82,1013.6,100,10.3,13.7,225.0,5.6,89.0,2.9
2026-02-12 11:00:00,2026,2,12,11,Hồ Chí Minh,Phường Vũng Tàu,10.3537998,107.0743549,39,Good,0,29.9,58,0.1,13.8,97,1012.8,88,11.3,15.0,214.0,4.9,99.0,2.9
2026-02-12 12:00:00,2026,2,12,12,Hồ Chí Minh,Phường Vũng Tàu,10.3537998,107.0743549,39,Good,0,28.8,68,0.3,20.1,121,1011.8,99,12.5,16.6,205.0,4.5,110.0,2.7
2026-02-12 13:00:00,2026,2,12,13,Hồ Chí Minh,Phường Vũng Tàu,10.3537998,107.0743549,40,Good,0,28.5,64,0.1,19.3,122,1011.0,100,13.8,18.5,198.0,4.5,117.0,2.6
2026-02-12 14:00:00,2026,2,12,14,Hồ Chí Minh,Phường Vũng Tàu,10.3537998,107.0743549,41,Good,0,28.9,63,0.0,18.4,119,1009.8,100,14.8,19.8,194.0,5.0,119.0,2.7
2026-02-12 15:00:00,2026,2,12,15,Hồ Chí Minh,Phường Vũng Tàu,10.3537998,107.0743549,44,Good,0,28.5,66,0.0,20.3,114,1009.4,100,15.2,20.3,193.0,5.9,118.0,2.8
2026-02-12 16:00:00,2026,2,12,16,Hồ Chí Minh,Phường Vũng Tàu,10.3537998,107.0743549,47,Good,0,27.5,68,0.0,22.5,111,1009.1,100,14.6,19.4,196.0,7.0,115.0,2.9
2026-02-12 17:00:00,2026,2,12,17,Hồ Chí Minh,Phường Vũng Tàu,10.3537998,107.0743549,49,Good,0,26.9,70,0.0,21.5,96,1009.6,100,13.6,18.0,208.0,8.3,111.0,2.9
2026-02-12 18:00:00,2026,2,12,18,Hồ Chí Minh,Phường Vũng Tàu,10.3537998,107.0743549,53,Moderate,1,26.0,72,0.0,20.9,86,1010.2,100,13.3,17.7,225.0,9.8,105.0,2.8
2026-02-12 19:00:00,2026,2,12,19,Hồ Chí Minh,Phường Vũng Tàu,10.3537998,107.0743549,57,Moderate,1,26.1,74,0.0,20.2,87,1010.4,100,15.9,20.6,234.0,10.9,101.0,2.7
2026-02-12 20:00:00,2026,2,12,20,Hồ Chí Minh,Phường Vũng Tàu,10.3537998,107.0743549,57,Moderate,1,26.0,75,0.0,21.5,87,1011.0,100,14.7,19.1,226.0,10.9,99.0,2.7
2026-02-12 21:00:00,2026,2,12,21,Hồ Chí Minh,Phường Vũng Tàu,10.3537998,107.0743549,55,Moderate,1,25.8,75,0.0,21.1,88,1011.7,100,13.7,17.8,210.0,10.8,97.0,2.8
2026-02-12 22:00:00,2026,2,12,22,Hồ Chí Minh,Phường Vũng Tàu,10.3537998,107.0743549,51,Moderate,1,25.5,78,0.0,22.4,94,1012.0,100,12.7,16.7,197.0,10.5,94.0,2.7
2026-02-12 23:00:00,2026,2,12,23,Hồ Chí Minh,Phường Vũng Tàu,10.3537998,107.0743549,49,Good,0,25.2,81,0.0,23.5,96,1011.9,100,11.5,15.4,192.0,9.7,92.0,2.5
2026-02-13 00:00:00,2026,2,13,0,Hồ Chí Minh,Phường Vũng Tàu,10.3537998,107.0743549,47,Good,0,25.0,82,0.0,23.8,91,1011.5,100,10.4,13.9,190.0,8.8,90.0,2.1
2026-02-13 01:00:00,2026,2,13,1,Hồ Chí Minh,Phường Vũng Tàu,10.3537998,107.0743549,48,Good,0,25.0,81,0.0,22.2,81,1010.6,100,9.6,12.9,190.0,8.0,87.0,1.9
2026-02-13 02:00:00,2026,2,13,2,Hồ Chí Minh,Phường Vũng Tàu,10.3537998,107.0743549,48,Good,0,24.9,82,0.0,20.2,81,1009.5,100,9.1,12.2,189.0,7.6,84.0,1.8
2026-02-13 03:00:00,2026,2,13,3,Hồ Chí Minh,Phường Vũng Tàu,10.3537998,107.0743549,48,Good,0,24.8,82,0.0,17.1,78,1009.1,100,8.8,11.6,189.0,7.4,80.0,1.8
2026-02-13 04:00:00,2026,2,13,4,Hồ Chí Minh,Phường Vũng Tàu,10.3537998,107.0743549,48,Good,0,24.5,83,0.0,15.2,80,1009.0,60,8.6,11.3,197.0,7.6,77.0,2.0
2026-02-13 05:00:00,2026,2,13,5,Hồ Chí Minh,Phường Vũng Tàu,10.3537998,107.0743549,48,Good,0,24.5,84,0.0,15.1,82,1009.2,76,8.9,11.6,221.0,8.5,74.0,2.4
2026-02-13 06:00:00,2026,2,13,6,Hồ Chí Minh,Phường Vũng Tàu,10.3537998,107.0743549,48,Good,0,24.3,84,0.0,14.5,76,1009.2,100,9.5,12.3,253.0,9.6,71.0,2.9
2026-02-13 07:00:00,2026,2,13,7,Hồ Chí Minh,Phường Vũng Tàu,10.3537998,107.0743549,49,Good,0,25.0,82,0.0,16.5,77,1010.0,91,13.2,16.6,275.0,10.9,72.0,3.9
2026-02-13 08:00:00,2026,2,13,8,Hồ Chí Minh,Phường Vũng Tàu,10.3537998,107.0743549,49,Good,0,26.0,75,0.0,15.4,69,1010.7,79,13.7,17.3,277.0,9.5,82.0,3.9
2026-02-13 09:00:00,2026,2,13,9,Hồ Chí Minh,Phường Vũng Tàu,10.3537998,107.0743549,50,Good,0,27.5,67,0.0,14.8,80,1011.6,92,14.3,18.3,269.0,7.5,95.0,3.8
2026-02-13 10:00:00,2026,2,13,10,Hồ Chí Minh,Phường Vũng Tàu,10.3537998,107.0743549,51,Moderate,1,28.5,61,0.0,15.3,94,1011.5,99,14.7,19.0,258.0,5.8,107.0,3.6
2026-02-13 11:00:00,2026,2,13,11,Hồ Chí Minh,Phường Vũng Tàu,10.3537998,107.0743549,51,Moderate,1,28.9,62,0.0,16.8,107,1010.8,95,15.1,19.8,244.0,4.6,116.0,3.2
2026-02-13 12:00:00,2026,2,13,12,Hồ Chí Minh,Phường Vũng Tàu,10.3537998,107.0743549,51,Moderate,1,29.1,57,0.0,20.2,117,1009.7,94,15.3,20.5,228.0,3.8,124.0,2.6
2026-02-13 13:00:00,2026,2,13,13,Hồ Chí Minh,Phường Vũng Tàu,10.3537998,107.0743549,52,Moderate,1,29.0,56,0.0,24.6,115,1008.7,87,15.0,20.4,216.0,3.3,129.0,2.2
2026-02-13 14:00:00,2026,2,13,14,Hồ Chí Minh,Phường Vũng Tàu,10.3537998,107.0743549,52,Moderate,1,29.2,56,0.0,25.2,108,1007.9,100,14.6,20.1,214.0,3.3,132.0,1.9
2026-02-13 15:00:00,2026,2,13,15,Hồ Chí Minh,Phường Vũng Tàu,10.3537998,107.0743549,52,Moderate,1,28.6,60,0.0,26.8,103,1007.8,99,14.4,20.0,216.0,3.6,132.0,1.8
2026-02-13 16:00:00,2026,2,13,16,Hồ Chí Minh,Phường Vũng Tàu,10.3537998,107.0743549,62,Moderate,1,27.8,62,0.0,26.9,98,1007.9,95,14.2,19.7,218.0,4.2,131.0,1.7
2026-02-13 17:00:00,2026,2,13,17,Hồ Chí Minh,Phường Vũng Tàu,10.3537998,107.0743549,72,Moderate,1,27.0,66,0.0,22.9,95,1008.5,99,14.0,19.2,218.0,5.3,127.0,1.8
2026-02-13 18:00:00,2026,2,13,18,Hồ Chí Minh,Phường Vũng Tàu,10.3537998,107.0743549,79,Moderate,1,26.0,74,0.0,20.9,93,1009.3,98,13.8,18.8,216.0,6.7,122.0,1.9
2026-02-13 19:00:00,2026,2,13,19,Hồ Chí Minh,Phường Vũng Tàu,10.3537998,107.0743549,82,Moderate,1,26.0,76,0.0,21.6,89,1009.6,100,14.7,20.0,213.0,9.2,114.0,2.4
2026-02-13 20:00:00,2026,2,13,20,Hồ Chí Minh,Phường Vũng Tàu,10.3537998,107.0743549,82,Moderate,1,25.8,76,0.0,23.4,90,1010.5,98,14.2,19.3,205.0,8.8,112.0,2.3
2026-02-13 21:00:00,2026,2,13,21,Hồ Chí Minh,Phường Vũng Tàu,10.3537998,107.0743549,79,Moderate,1,25.5,77,0.0,23.9,89,1011.0,60,13.9,19.0,195.0,8.2,109.0,2.1
2026-02-13 22:00:00,2026,2,13,22,Hồ Chí Minh,Phường Vũng Tàu,10.3537998,107.0743549,75,Moderate,1,25.2,80,0.0,25.0,88,1010.9,88,13.6,18.6,187.0,7.7,106.0,2.0
2026-02-13 23:00:00,2026,2,13,23,Hồ Chí Minh,Phường Vũng Tàu,10.3537998,107.0743549,69,Moderate,1,25.0,80,0.0,24.9,87,1010.4,97,13.2,18.0,184.0,7.5,103.0,1.9
2026-02-14 00:00:00,2026,2,14,0,Hồ Chí Minh,Phường Vũng Tàu,10.3537998,107.0743549,63,Moderate,1,25.0,80,0.0,24.1,90,1010.0,99,12.7,17.3,183.0,7.5,100.0,1.9
2026-02-14 01:00:00,2026,2,14,1,Hồ Chí Minh,Phường Vũng Tàu,10.3537998,107.0743549,57,Moderate,1,25.2,80,0.0,24.7,91,1009.3,99,12.5,16.9,183.0,7.6,97.0,1.9
2026-02-14 02:00:00,2026,2,14,2,Hồ Chí Minh,Phường Vũng Tàu,10.3537998,107.0743549,52,Moderate,1,25.1,80,0.0,21.7,86,1008.5,93,12.4,16.7,183.0,7.7,94.0,2.0
2026-02-14 03:00:00,2026,2,14,3,Hồ Chí Minh,Phường Vũng Tàu,10.3537998,107.0743549,52,Moderate,1,25.0,80,0.0,17.6,76,1008.2,96,12.3,16.4,184.0,7.8,90.0,2.1
2026-02-14 04:00:00,2026,2,14,4,Hồ Chí Minh,Phường Vũng Tàu,10.3537998,107.0743549,53,Moderate,1,24.6,82,0.0,15.2,73,1008.0,100,12.1,16.1,190.0,8.0,87.0,2.3
2026-02-14 05:00:00,2026,2,14,5,Hồ Chí Minh,Phường Vũng Tàu,10.3537998,107.0743549,53,Moderate,1,24.5,83,0.0,13.7,80,1008.3,100,11.9,15.7,206.0,8.5,83.0,2.6
2026-02-14 06:00:00,2026,2,14,6,Hồ Chí Minh,Phường Vũng Tàu,10.3537998,107.0743549,53,Moderate,1,24.5,84,0.0,14.1,75,1009.1,99,11.9,15.7,227.0,9.0,79.0,2.9
2026-02-14 07:00:00,2026,2,14,7,Hồ Chí Minh,Phường Vũng Tàu,10.3537998,107.0743549,54,Moderate,1,25.0,83,0.0,19.0,81,1009.9,93,13.7,17.6,241.0,9.6,79.0,3.2
2026-02-14 08:00:00,2026,2,14,8,Hồ Chí Minh,Phường Vũng Tàu,10.3537998,107.0743549,54,Moderate,1,26.4,74,0.0,20.5,82,1011.0,99,13.8,17.8,240.0,8.4,88.0,3.3
2026-02-14 09:00:00,2026,2,14,9,Hồ Chí Minh,Phường Vũng Tàu,10.3537998,107.0743549,54,Moderate,1,27.5,67,0.0,23.0,83,1011.7,100,14.0,18.2,231.0,6.7,100.0,3.5
2026-02-14 10:00:00,2026,2,14,10,Hồ Chí Minh,Phường Vũng Tàu,10.3537998,107.0743549,54,Moderate,1,28.2,61,0.0,24.5,87,1011.6,100,14.3,18.6,223.0,5.3,112.0,3.6
2026-02-14 11:00:00,2026,2,14,11,Hồ Chí Minh,Phường Vũng Tàu,10.3537998,107.0743549,54,Moderate,1,28.8,58,0.0,23.6,94,1011.0,100,14.7,19.0,219.0,4.4,123.0,3.5
2026-02-14 12:00:00,2026,2,14,12,Hồ Chí Minh,Phường Vũng Tàu,10.3537998,107.0743549,53,Moderate,1,29.8,54,0.0,21.1,97,1009.8,100,15.5,20.1,216.0,3.8,134.0,3.2
2026-02-14 13:00:00,2026,2,14,13,Hồ Chí Minh,Phường Vũng Tàu,10.3537998,107.0743549,53,Moderate,1,29.5,52,0.0,25.8,97,1009.4,100,16.6,21.9,213.0,3.6,140.0,3.0
2026-02-14 14:00:00,2026,2,14,14,Hồ Chí Minh,Phường Vũng Tàu,10.3537998,107.0743549,54,Moderate,1,29.6,52,0.0,26.0,98,1008.0,100,17.6,23.2,211.0,4.0,141.0,2.8
2026-02-14 15:00:00,2026,2,14,15,Hồ Chí Minh,Phường Vũng Tàu,10.3537998,107.0743549,62,Moderate,1,29.1,57,0.0,25.1,101,1007.3,100,17.2,22.8,209.0,4.7,137.0,2.6
2026-02-14 16:00:00,2026,2,14,16,Hồ Chí Minh,Phường Vũng Tàu,10.3537998,107.0743549,74,Moderate,1,28.4,61,0.0,24.6,101,1007.1,100,16.1,21.5,209.0,5.7,132.0,2.4
2026-02-14 17:00:00,2026,2,14,17,Hồ Chí Minh,Phường Vũng Tàu,10.3537998,107.0743549,83,Moderate,1,27.3,67,0.0,23.1,98,1007.6,100,14.8,19.9,214.0,7.0,124.0,2.3
2026-02-14 18:00:00,2026,2,14,18,Hồ Chí Minh,Phường Vũng Tàu,10.3537998,107.0743549,88,Moderate,1,26.7,71,0.0,19.1,91,1008.2,100,13.4,18.0,221.0,8.6,115.0,2.3
2026-02-14 19:00:00,2026,2,14,19,Hồ Chí Minh,Phường Vũng Tàu,10.3537998,107.0743549,89,Moderate,1,26.5,73,0.0,19.5,85,1008.2,100,13.8,18.5,223.0,10.4,106.0,2.4
2026-02-14 20:00:00,2026,2,14,20,Hồ Chí Minh,Phường Vũng Tàu,10.3537998,107.0743549,85,Moderate,1,26.2,76,0.0,18.4,78,1008.8,100,12.3,16.5,217.0,9.8,103.0,2.4
2026-02-14 21:00:00,2026,2,14,21,Hồ Chí Minh,Phường Vũng Tàu,10.3537998,107.0743549,79,Moderate,1,25.9,78,0.0,19.6,80,1009.5,100,11.2,15.1,207.0,9.0,99.0,2.3
2026-02-14 22:00:00,2026,2,14,22,Hồ Chí Minh,Phường Vũng Tàu,10.3537998,107.0743549,70,Moderate,1,25.6,78,0.0,17.2,72,1009.6,100,10.6,14.3,197.0,8.4,95.0,2.3
2026-02-14 23:00:00,2026,2,14,23,Hồ Chí Minh,Phường Vũng Tàu,10.3537998,107.0743549,60,Moderate,1,25.1,85,0.0,17.6,83,1009.5,100,10.4,13.8,189.0,8.4,91.0,2.3
2026-02-15 00:00:00,2026,2,15,0,Hồ Chí Minh,Phường Vũng Tàu,10.3537998,107.0743549,53,Moderate,1,24.9,87,0.0,14.7,83,1009.1,100,10.2,13.6,182.0,8.6,88.0,2.2
2026-02-15 01:00:00,2026,2,15,1,Hồ Chí Minh,Phường Vũng Tàu,10.3537998,107.0743549,53,Moderate,1,24.7,89,0.0,17.5,81,1008.7,100,10.4,13.8,177.0,8.9,84.0,2.2
2026-02-15 02:00:00,2026,2,15,2,Hồ Chí Minh,Phường Vũng Tàu,10.3537998,107.0743549,53,Moderate,1,24.6,88,0.0,15.7,80,1008.1,100,10.5,14.0,174.0,9.1,81.0,2.3
2026-02-15 03:00:00,2026,2,15,3,Hồ Chí Minh,Phường Vũng Tàu,10.3537998,107.0743549,53,Moderate,1,24.5,88,0.0,16.3,85,1007.9,99,10.5,13.9,174.0,9.3,78.0,2.3
2026-02-15 04:00:00,2026,2,15,4,Hồ Chí Minh,Phường Vũng Tàu,10.3537998,107.0743549,53,Moderate,1,24.5,87,0.0,14.6,81,1008.0,77,10.7,14.1,180.0,9.6,75.0,2.5
2026-02-15 05:00:00,2026,2,15,5,Hồ Chí Minh,Phường Vũng Tàu,10.3537998,107.0743549,52,Moderate,1,24.5,87,0.0,14.7,84,1008.7,53,11.2,14.8,197.0,10.1,72.0,2.7
2026-02-15 06:00:00,2026,2,15,6,Hồ Chí Minh,Phường Vũng Tàu,10.3537998,107.0743549,52,Moderate,1,24.5,87,0.0,17.5,80,1009.4,6,11.8,15.5,219.0,10.7,70.0,3.0
2026-02-15 07:00:00,2026,2,15,7,Hồ Chí Minh,Phường Vũng Tàu,10.3537998,107.0743549,52,Moderate,1,25.1,82,0.0,22.3,83,1010.4,96,13.7,18.6,233.0,12.3,71.0,2.8
2026-02-15 08:00:00,2026,2,15,8,Hồ Chí Minh,Phường Vũng Tàu,10.3537998,107.0743549,52,Moderate,1,26.4,72,0.0,23.1,73,1011.1,78,13.8,18.4,230.0,10.4,77.0,3.0
2026-02-15 09:00:00,2026,2,15,9,Hồ Chí Minh,Phường Vũng Tàu,10.3537998,107.0743549,52,Moderate,1,27.7,64,0.0,20.6,67,1011.2,34,14.1,18.7,218.0,7.7,86.0,3.4
2026-02-15 10:00:00,2026,2,15,10,Hồ Chí Minh,Phường Vũng Tàu,10.3537998,107.0743549,52,Moderate,1,29.6,54,0.0,18.1,71,1011.3,8,15.3,20.1,207.0,5.6,96.0,3.6
2026-02-15 11:00:00,2026,2,15,11,Hồ Chí Minh,Phường Vũng Tàu,10.3537998,107.0743549,53,Moderate,1,31.1,49,0.0,15.3,78,1010.6,35,16.5,21.2,198.0,4.7,108.0,3.6
2026-02-15 12:00:00,2026,2,15,12,Hồ Chí Minh,Phường Vũng Tàu,10.3537998,107.0743549,53,Moderate,1,31.6,50,0.0,15.1,102,1009.4,2,17.3,22.1,190.0,4.4,121.0,3.5
2026-02-15 13:00:00,2026,2,15,13,Hồ Chí Minh,Phường Vũng Tàu,10.3537998,107.0743549,53,Moderate,1,30.6,55,0.0,26.6,113,1008.8,7,17.8,22.8,184.0,4.4,128.0,3.3
2026-02-15 14:00:00,2026,2,15,14,Hồ Chí Minh,Phường Vũng Tàu,10.3537998,107.0743549,53,Moderate,1,30.0,55,0.0,31.3,104,1007.6,10,17.4,22.5,181.0,4.7,124.0,2.9
2026-02-15 15:00:00,2026,2,15,15,Hồ Chí Minh,Phường Vũng Tàu,10.3537998,107.0743549,53,Moderate,1,29.9,57,0.0,28.2,101,1007.0,5,15.5,19.9,181.0,5.4,113.0,2.4
2026-02-15 16:00:00,2026,2,15,16,Hồ Chí Minh,Phường Vũng Tàu,10.3537998,107.0743549,53,Moderate,1,28.9,62,0.0,26.6,103,1006.8,27,13.7,17.9,182.0,6.4,102.0,2.1
2026-02-15 17:00:00,2026,2,15,17,Hồ Chí Minh,Phường Vũng Tàu,10.3537998,107.0743549,53,Moderate,1,28.1,66,0.0,26.5,97,1007.1,88,12.2,16.0,187.0,8.2,94.0,2.1
2026-02-15 18:00:00,2026,2,15,18,Hồ Chí Minh,Phường Vũng Tàu,10.3537998,107.0743549,55,Moderate,1,27.2,68,0.0,25.0,91,1007.5,98,11.4,14.7,193.0,10.3,86.0,2.2
2026-02-15 19:00:00,2026,2,15,19,Hồ Chí Minh,Phường Vũng Tàu,10.3537998,107.0743549,53,Moderate,1,26.9,70,0.0,30.1,92,1007.9,100,8.7,11.1,195.0,10.4,83.0,2.2
2026-02-15 20:00:00,2026,2,15,20,Hồ Chí Minh,Phường Vũng Tàu,10.3537998,107.0743549,52,Moderate,1,26.9,69,0.0,32.0,89,1008.6,98,7.6,9.7,189.0,9.1,79.0,2.0
2026-02-15 21:00:00,2026,2,15,21,Hồ Chí Minh,Phường Vũng Tàu,10.3537998,107.0743549,51,Moderate,1,26.7,69,0.0,31.7,90,1008.9,100,6.7,8.7,180.0,7.3,74.0,1.8
2026-02-15 22:00:00,2026,2,15,22,Hồ Chí Minh,Phường Vũng Tàu,10.3537998,107.0743549,51,Moderate,1,26.5,69,0.0,29.9,87,1008.9,92,6.6,8.6,171.0,6.1,69.0,1.6
2026-02-15 23:00:00,2026,2,15,23,Hồ Chí Minh,Phường Vũng Tàu,10.3537998,107.0743549,51,Moderate,1,26.1,73,0.0,26.5,87,1008.8,70,6.9,9.2,165.0,6.1,67.0,1.5
2026-02-16 00:00:00,2026,2,16,0,Hồ Chí Minh,Phường Vũng Tàu,10.3537998,107.0743549,50,Good,0,26.0,74,0.0,23.6,86,1008.6,52,7.0,9.4,160.0,6.8,65.0,1.5
2026-02-16 01:00:00,2026,2,16,1,Hồ Chí Minh,Phường Vũng Tàu,10.3537998,107.0743549,50,Good,0,26.1,72,0.0,25.9,83,1008.4,82,7.1,9.5,156.0,7.3,64.0,1.5
2026-02-16 02:00:00,2026,2,16,2,Hồ Chí Minh,Phường Vũng Tàu,10.3537998,107.0743549,49,Good,0,26.0,71,0.0,24.6,82,1008.0,97,7.1,9.7,152.0,7.3,63.0,1.5
2026-02-16 03:00:00,2026,2,16,3,Hồ Chí Minh,Phường Vũng Tàu,10.3537998,107.0743549,49,Good,0,26.2,65,0.0,25.3,79,1007.5,98,7.3,9.9,150.0,7.1,62.0,1.5
2026-02-16 04:00:00,2026,2,16,4,Hồ Chí Minh,Phường Vũng Tàu,10.3537998,107.0743549,48,Good,0,25.7,70,0.0,21.8,77,1007.5,98,7.5,10.0,153.0,7.1,61.0,1.6
2026-02-16 05:00:00,2026,2,16,5,Hồ Chí Minh,Phường Vũng Tàu,10.3537998,107.0743549,48,Good,0,25.7,69,0.0,19.9,76,1007.7,100,7.6,10.1,168.0,7.4,59.0,1.8
2026-02-16 06:00:00,2026,2,16,6,Hồ Chí Minh,Phường Vũng Tàu,10.3537998,107.0743549,47,Good,0,25.4,72,0.0,19.4,77,1008.2,100,7.7,10.2,189.0,7.8,56.0,2.0
2026-02-16 07:00:00,2026,2,16,7,Hồ Chí Minh,Phường Vũng Tàu,10.3537998,107.0743549,46,Good,0,25.8,74,0.0,20.7,77,1009.1,40,11.7,14.6,202.0,8.5,57.0,2.3
2026-02-16 08:00:00,2026,2,16,8,Hồ Chí Minh,Phường Vũng Tàu,10.3537998,107.0743549,46,Good,0,27.1,69,0.0,20.9,83,1010.1,99,11.9,14.9,199.0,8.2,63.0,2.6
2026-02-16 09:00:00,2026,2,16,9,Hồ Chí Minh,Phường Vũng Tàu,10.3537998,107.0743549,46,Good,0,28.2,63,0.0,25.6,88,1010.7,100,12.6,15.9,187.0,7.7,71.0,3.0
2026-02-16 10:00:00,2026,2,16,10,Hồ Chí Minh,Phường Vũng Tàu,10.3537998,107.0743549,45,Good,0,29.5,56,0.0,27.2,88,1010.9,96,13.8,17.8,178.0,7.0,80.0,3.1
2026-02-16 11:00:00,2026,2,16,11,Hồ Chí Minh,Phường Vũng Tàu,10.3537998,107.0743549,45,Good,0,30.3,53,0.0,26.5,89,1010.3,81,14.3,18.8,174.0,5.7,90.0,2.8
2026-02-16 12:00:00,2026,2,16,12,Hồ Chí Minh,Phường Vũng Tàu,10.3537998,107.0743549,45,Good,0,30.7,53,0.0,26.1,96,1009.4,66,14.4,19.0,172.0,4.2,99.0,2.2
2026-02-16 13:00:00,2026,2,16,13,Hồ Chí Minh,Phường Vũng Tàu,10.3537998,107.0743549,44,Good,0,30.4,54,0.0,29.2,101,1008.9,73,11.7,15.8,171.0,3.2,105.0,1.8
2026-02-16 14:00:00,2026,2,16,14,Hồ Chí Minh,Phường Vũng Tàu,10.3537998,107.0743549,43,Good,0,30.1,57,0.0,31.1,98,1007.7,20,11.5,15.5,169.0,3.3,104.0,1.6
2026-02-16 15:00:00,2026,2,16,15,Hồ Chí Minh,Phường Vũng Tàu,10.3537998,107.0743549,42,Good,0,29.4,60,0.0,31.1,99,1006.8,11,10.7,14.5,168.0,3.9,99.0,1.6
2026-02-16 16:00:00,2026,2,16,16,Hồ Chí Minh,Phường Vũng Tàu,10.3537998,107.0743549,41,Good,0,29.1,61,0.0,29.0,91,1006.8,7,9.7,13.1,171.0,4.8,94.0,1.6
2026-02-16 17:00:00,2026,2,16,17,Hồ Chí Minh,Phường Vũng Tàu,10.3537998,107.0743549,43,Good,0,28.1,66,0.0,29.7,88,1006.6,2,9.4,12.5,183.0,6.0,89.0,1.7
2026-02-16 18:00:00,2026,2,16,18,Hồ Chí Minh,Phường Vũng Tàu,10.3537998,107.0743549,44,Good,0,26.9,69,0.0,28.4,84,1006.6,0,9.3,12.1,199.0,7.5,83.0,1.8
2026-02-16 19:00:00,2026,2,16,19,Hồ Chí Minh,Phường Vũng Tàu,10.3537998,107.0743549,44,Good,0,26.9,71,0.0,26.6,85,1007.0,21,8.4,11.0,206.0,9.7,77.0,2.1
2026-02-16 20:00:00,2026,2,16,20,Hồ Chí Minh,Phường Vũng Tàu,10.3537998,107.0743549,43,Good,0,26.7,73,0.0,27.8,86,1007.7,35,8.3,11.0,198.0,9.1,75.0,2.0
2026-02-16 21:00:00,2026,2,16,21,Hồ Chí Minh,Phường Vũng Tàu,10.3537998,107.0743549,42,Good,0,26.5,73,0.0,28.6,85,1007.7,1,8.4,11.1,181.0,8.2,71.0,1.9
2026-02-16 22:00:00,2026,2,16,22,Hồ Chí Minh,Phường Vũng Tàu,10.3537998,107.0743549,40,Good,0,26.4,73,0.0,29.4,86,1008.0,44,8.6,11.4,167.0,7.6,68.0,1.8
2026-02-16 23:00:00,2026,2,16,23,Hồ Chí Minh,Phường Vũng Tàu,10.3537998,107.0743549,40,Good,0,26.1,75,0.0,28.7,85,1008.3,7,8.5,11.3,159.0,7.4,66.0,1.7
2026-02-17 00:00:00,2026,2,17,0,Hồ Chí Minh,Phường Vũng Tàu,10.3537998,107.0743549,41,Good,0,26.1,74,0.0,29.3,84,1008.2,61,8.3,11.0,153.0,7.4,64.0,1.6
2026-02-17 01:00:00,2026,2,17,1,Hồ Chí Minh,Phường Vũng Tàu,10.3537998,107.0743549,41,Good,0,26.1,75,0.0,29.4,86,1007.7,100,8.4,11.2,149.0,7.4,62.0,1.6
2026-02-17 02:00:00,2026,2,17,2,Hồ Chí Minh,Phường Vũng Tàu,10.3537998,107.0743549,41,Good,0,25.9,76,0.0,27.7,90,1007.4,100,8.7,11.6,145.0,7.1,60.0,1.6
2026-02-17 03:00:00,2026,2,17,3,Hồ Chí Minh,Phường Vũng Tàu,10.3537998,107.0743549,41,Good,0,26.0,71,0.0,27.9,87,1007.0,99,8.8,12.0,143.0,6.7,59.0,1.5
2026-02-17 04:00:00,2026,2,17,4,Hồ Chí Minh,Phường Vũng Tàu,10.3537998,107.0743549,42,Good,0,25.6,77,0.0,25.7,90,1007.0,100,9.2,12.4,146.0,6.6,58.0,1.6
2026-02-17 05:00:00,2026,2,17,5,Hồ Chí Minh,Phường Vũng Tàu,10.3537998,107.0743549,42,Good,0,25.4,79,0.0,25.9,90,1007.4,100,9.3,12.5,161.0,7.0,56.0,1.8
2026-02-17 06:00:00,2026,2,17,6,Hồ Chí Minh,Phường Vũng Tàu,10.3537998,107.0743549,42,Good,0,25.5,77,0.0,25.0,89,1008.0,99,9.4,12.6,182.0,7.6,55.0,2.0
2026-02-17 07:00:00,2026,2,17,7,Hồ Chí Minh,Phường Vũng Tàu,10.3537998,107.0743549,43,Good,0,25.8,76,0.0,26.7,86,1009.2,100,10.5,13.9,196.0,6.6,58.0,2.1
2026-02-17 08:00:00,2026,2,17,8,Hồ Chí Minh,Phường Vũng Tàu,10.3537998,107.0743549,42,Good,0,26.9,69,0.0,27.8,86,1010.1,99,10.8,14.3,195.0,6.0,64.0,2.2
2026-02-17 09:00:00,2026,2,17,9,Hồ Chí Minh,Phường Vũng Tàu,10.3537998,107.0743549,42,Good,0,28.0,62,0.0,28.5,87,1010.8,98,11.1,14.7,185.0,5.1,72.0,2.4
2026-02-17 10:00:00,2026,2,17,10,Hồ Chí Minh,Phường Vũng Tàu,10.3537998,107.0743549,42,Good,0,29.2,56,0.0,28.3,88,1011.1,100,11.7,15.7,177.0,4.3,79.0,2.4
2026-02-17 11:00:00,2026,2,17,11,Hồ Chí Minh,Phường Vũng Tàu,10.3537998,107.0743549,42,Good,0,30.1,52,0.0,27.4,92,1010.7,100,12.9,17.2,172.0,3.5,86.0,2.2
2026-02-17 12:00:00,2026,2,17,12,Hồ Chí Minh,Phường Vũng Tàu,10.3537998,107.0743549,41,Good,0,30.0,55,0.0,27.8,102,1010.0,100,12.0,16.2,167.0,2.9,92.0,1.9
2026-02-17 13:00:00,2026,2,17,13,Hồ Chí Minh,Phường Vũng Tàu,10.3537998,107.0743549,41,Good,0,29.5,55,0.0,31.3,103,1009.6,100,11.6,15.4,164.0,2.6,96.0,1.7
2026-02-17 14:00:00,2026,2,17,14,Hồ Chí Minh,Phường Vũng Tàu,10.3537998,107.0743549,41,Good,0,29.5,56,0.0,31.6,102,1008.4,99,10.8,14.3,161.0,3.1,97.0,1.6
2026-02-17 15:00:00,2026,2,17,15,Hồ Chí Minh,Phường Vũng Tàu,10.3537998,107.0743549,41,Good,0,29.1,57,0.0,32.2,98,1007.8,100,11.0,14.4,160.0,4.0,95.0,1.7
2026-02-17 16:00:00,2026,2,17,16,Hồ Chí Minh,Phường Vũng Tàu,10.3537998,107.0743549,41,Good,0,28.8,58,0.0,31.5,96,1007.5,100,10.6,13.9,160.0,4.8,92.0,1.7
2026-02-17 17:00:00,2026,2,17,17,Hồ Chí Minh,Phường Vũng Tàu,10.3537998,107.0743549,41,Good,0,27.8,63,0.0,32.4,92,1007.6,100,9.9,12.8,163.0,5.5,86.0,1.7
2026-02-17 18:00:00,2026,2,17,18,Hồ Chí Minh,Phường Vũng Tàu,10.3537998,107.0743549,42,Good,0,27.1,65,0.0,31.0,89,1007.8,100,9.3,11.9,168.0,6.0,78.0,1.7
2026-02-17 19:00:00,2026,2,17,19,Hồ Chí Minh,Phường Vũng Tàu,10.3537998,107.0743549,42,Good,0,27.1,65,0.0,36.7,91,1008.3,99,8.7,11.1,171.0,8.2,73.0,2.1
2026-02-17 20:00:00,2026,2,17,20,Hồ Chí Minh,Phường Vũng Tàu,10.3537998,107.0743549,41,Good,0,26.8,66,0.0,32.6,90,1009.1,100,8.8,11.2,172.0,8.2,70.0,2.0
2026-02-17 21:00:00,2026,2,17,21,Hồ Chí Minh,Phường Vũng Tàu,10.3537998,107.0743549,41,Good,0,26.6,68,0.0,29.8,85,1009.8,90,8.7,11.1,171.0,8.3,66.0,1.9
2026-02-17 22:00:00,2026,2,17,22,Hồ Chí Minh,Phường Vũng Tàu,10.3537998,107.0743549,41,Good,0,26.3,69,0.0,26.9,85,1010.2,84,8.6,10.9,169.0,8.0,62.0,1.8
2026-02-17 23:00:00,2026,2,17,23,Hồ Chí Minh,Phường Vũng Tàu,10.3537998,107.0743549,41,Good,0,26.0,71,0.0,24.4,85,1010.6,91,8.3,10.8,165.0,7.2,59.0,1.7
2026-02-18 00:00:00,2026,2,18,0,Hồ Chí Minh,Phường Vũng Tàu,10.3537998,107.0743549,41,Good,0,25.8,73,0.0,24.7,80,1010.5,14,8.0,10.4,159.0,6.0,57.0,1.6
2026-02-18 01:00:00,2026,2,18,1,Hồ Chí Minh,Phường Vũng Tàu,10.3537998,107.0743549,41,Good,0,25.8,73,0.0,25.4,78,1010.1,70,7.8,10.2,155.0,5.3,55.0,1.5
2026-02-18 02:00:00,2026,2,18,2,Hồ Chí Minh,Phường Vũng Tàu,10.3537998,107.0743549,41,Good,0,25.4,77,0.0,22.9,75,1009.7,80,7.9,10.4,152.0,5.3,53.0,1.5
2026-02-18 03:00:00,2026,2,18,3,Hồ Chí Minh,Phường Vũng Tàu,10.3537998,107.0743549,41,Good,0,25.3,75,0.0,18.6,68,1009.1,74,7.2,9.6,150.0,5.7,51.0,1.6
2026-02-18 04:00:00,2026,2,18,4,Hồ Chí Minh,Phường Vũng Tàu,10.3537998,107.0743549,41,Good,0,25.0,75,0.0,15.7,70,1009.0,59,7.1,9.1,158.0,6.1,50.0,1.8
2026-02-18 05:00:00,2026,2,18,5,Hồ Chí Minh,Phường Vũng Tàu,10.3537998,107.0743549,40,Good,0,24.9,75,0.0,12.9,67,1009.0,20,7.3,9.1,187.0,6.6,48.0,2.2
2026-02-18 06:00:00,2026,2,18,6,Hồ Chí Minh,Phường Vũng Tàu,10.3537998,107.0743549,40,Good,0,24.7,73,0.0,12.8,64,1009.9,23,7.7,9.3,225.0,7.0,47.0,2.7
2026-02-18 07:00:00,2026,2,18,7,Hồ Chí Minh,Phường Vũng Tàu,10.3537998,107.0743549,40,Good,0,25.2,78,0.0,15.0,72,1011.0,99,13.1,16.1,247.0,8.4,46.0,2.8
2026-02-18 08:00:00,2026,2,18,8,Hồ Chí Minh,Phường Vũng Tàu,10.3537998,107.0743549,40,Good,0,26.7,71,0.0,16.7,79,1011.6,100,13.9,17.3,236.0,7.4,54.0,2.9
2026-02-18 09:00:00,2026,2,18,9,Hồ Chí Minh,Phường Vũng Tàu,10.3537998,107.0743549,41,Good,0,28.2,62,0.0,19.3,81,1011.9,100,14.3,18.3,209.0,6.1,64.0,2.9
2026-02-18 10:00:00,2026,2,18,10,Hồ Chí Minh,Phường Vũng Tàu,10.3537998,107.0743549,41,Good,0,29.7,55,0.0,20.9,87,1011.9,99,14.6,19.0,187.0,5.0,75.0,2.9
2026-02-18 11:00:00,2026,2,18,11,Hồ Chí Minh,Phường Vũng Tàu,10.3537998,107.0743549,42,Good,0,31.1,48,0.0,21.8,90,1011.4,100,15.0,19.7,180.0,4.4,85.0,2.7
2026-02-18 12:00:00,2026,2,18,12,Hồ Chí Minh,Phường Vũng Tàu,10.3537998,107.0743549,42,Good,0,31.2,51,0.0,23.6,100,1010.1,100,15.0,19.7,178.0,4.0,95.0,2.3
2026-02-18 13:00:00,2026,2,18,13,Hồ Chí Minh,Phường Vũng Tàu,10.3537998,107.0743549,43,Good,0,30.0,56,0.0,30.6,101,1010.2,100,15.2,19.8,178.0,4.0,101.0,2.0
2026-02-18 14:00:00,2026,2,18,14,Hồ Chí Minh,Phường Vũng Tàu,10.3537998,107.0743549,43,Good,0,29.9,57,0.0,32.8,96,1009.1,98,14.8,19.3,179.0,4.4,103.0,1.8
2026-02-18 15:00:00,2026,2,18,15,Hồ Chí Minh,Phường Vũng Tàu,10.3537998,107.0743549,44,Good,0,29.0,61,0.0,35.7,92,1008.6,100,14.2,18.4,183.0,5.1,101.0,1.7
2026-02-18 16:00:00,2026,2,18,16,Hồ Chí Minh,Phường Vũng Tàu,10.3537998,107.0743549,44,Good,0,28.7,61,0.0,35.5,87,1008.1,100,13.6,17.5,188.0,5.7,98.0,1.7
2026-02-18 17:00:00,2026,2,18,17,Hồ Chí Minh,Phường Vũng Tàu,10.3537998,107.0743549,45,Good,0,27.8,64,0.0,35.6,85,1008.1,91,12.7,16.0,197.0,6.3,92.0,1.7
2026-02-18 18:00:00,2026,2,18,18,Hồ Chí Minh,Phường Vũng Tàu,10.3537998,107.0743549,45,Good,0,26.9,70,0.0,35.0,86,1008.3,60,12.0,14.6,208.0,6.8,85.0,1.8
2026-02-18 19:00:00,2026,2,18,19,Hồ Chí Minh,Phường Vũng Tàu,10.3537998,107.0743549,46,Good,0,26.7,74,0.0,34.0,89,1008.8,9,12.9,16.3,217.0,6.5,81.0,1.7
2026-02-18 20:00:00,2026,2,18,20,Hồ Chí Minh,Phường Vũng Tàu,10.3537998,107.0743549,47,Good,0,26.4,74,0.0,34.0,82,1009.7,59,12.2,15.4,222.0,6.4,79.0,1.7
2026-02-18 21:00:00,2026,2,18,21,Hồ Chí Minh,Phường Vũng Tàu,10.3537998,107.0743549,47,Good,0,26.1,76,0.0,30.9,77,1010.5,98,11.6,14.7,224.0,6.3,77.0,1.6
2026-02-18 22:00:00,2026,2,18,22,Hồ Chí Minh,Phường Vũng Tàu,10.3537998,107.0743549,48,Good,0,25.9,76,0.0,30.8,81,1010.6,98,10.7,13.5,224.0,6.2,75.0,1.6
2026-02-18 23:00:00,2026,2,18,23,Hồ Chí Minh,Phường Vũng Tàu,10.3537998,107.0743549,48,Good,0,25.9,75,0.0,32.0,82,1010.8,100,9.9,12.5,222.0,6.2,73.0,1.6
2026-02-19 00:00:00,2026,2,19,0,Hồ Chí Minh,Phường Vũng Tàu,10.3537998,107.0743549,48,Good,0,25.9,74,0.0,31.4,83,1010.9,99,9.3,11.8,217.0,6.3,71.0,1.6
2026-02-19 01:00:00,2026,2,19,1,Hồ Chí Minh,Phường Vũng Tàu,10.3537998,107.0743549,49,Good,0,25.7,77,0.0,28.3,86,1010.7,100,8.8,11.4,213.0,6.4,70.0,1.6
2026-02-19 02:00:00,2026,2,19,2,Hồ Chí Minh,Phường Vũng Tàu,10.3537998,107.0743549,49,Good,0,25.6,76,0.0,25.4,83,1010.1,100,8.6,11.1,207.0,6.5,69.0,1.6
2026-02-19 03:00:00,2026,2,19,3,Hồ Chí Minh,Phường Vũng Tàu,10.3537998,107.0743549,49,Good,0,25.5,76,0.0,23.2,80,1009.8,84,8.7,11.2,202.0,6.7,69.0,1.7
2026-02-19 04:00:00,2026,2,19,4,Hồ Chí Minh,Phường Vũng Tàu,10.3537998,107.0743549,49,Good,0,25.4,74,0.0,19.6,79,1009.9,67,8.7,11.2,205.0,7.0,68.0,1.8
2026-02-19 05:00:00,2026,2,19,5,Hồ Chí Minh,Phường Vũng Tàu,10.3537998,107.0743549,49,Good,0,25.2,73,0.0,18.3,76,1010.3,95,8.7,11.1,224.0,7.7,66.0,2.1
2026-02-19 06:00:00,2026,2,19,6,Hồ Chí Minh,Phường Vũng Tàu,10.3537998,107.0743549,50,Good,0,25.2,74,0.0,17.3,73,1010.8,95,8.9,11.3,251.0,8.5,65.0,2.5
2026-02-19 07:00:00,2026,2,19,7,Hồ Chí Minh,Phường Vũng Tàu,10.3537998,107.0743549,50,Good,0,25.5,80,0.0,17.0,84,1011.9,20,8.9,11.3,268.0,7.6,69.0,2.3
2026-02-19 08:00:00,2026,2,19,8,Hồ Chí Minh,Phường Vũng Tàu,10.3537998,107.0743549,49,Good,0,26.6,73,0.0,18.1,81,1012.6,97,9.1,11.5,264.0,6.7,75.0,2.4
2026-02-19 09:00:00,2026,2,19,9,Hồ Chí Minh,Phường Vũng Tàu,10.3537998,107.0743549,48,Good,0,28.1,63,0.0,20.2,85,1013.2,98,9.6,12.3,248.0,5.5,84.0,2.5
2026-02-19 10:00:00,2026,2,19,10,Hồ Chí Minh,Phường Vũng Tàu,10.3537998,107.0743549,48,Good,0,29.4,56,0.0,21.6,89,1013.2,100,10.1,13.3,236.0,4.5,93.0,2.5
2026-02-19 11:00:00,2026,2,19,11,Hồ Chí Minh,Phường Vũng Tàu,10.3537998,107.0743549,47,Good,0,29.9,56,0.0,25.2,97,1012.9,100,10.7,14.2,231.0,4.0,103.0,2.4
2026-02-19 12:00:00,2026,2,19,12,Hồ Chí Minh,Phường Vũng Tàu,10.3537998,107.0743549,46,Good,0,29.8,54,0.0,28.0,101,1012.1,100,11.5,15.4,229.0,3.8,113.0,2.2
2026-02-19 13:00:00,2026,2,19,13,Hồ Chí Minh,Phường Vũng Tàu,10.3537998,107.0743549,45,Good,0,29.6,55,0.0,28.0,98,1011.7,100,12.7,17.1,227.0,4.0,120.0,2.0
2026-02-19 14:00:00,2026,2,19,14,Hồ Chí Minh,Phường Vũng Tàu,10.3537998,107.0743549,45,Good,0,29.7,57,0.0,27.6,98,1010.6,100,12.9,17.1,224.0,4.6,120.0,1.9
2026-02-19 15:00:00,2026,2,19,15,Hồ Chí Minh,Phường Vũng Tàu,10.3537998,107.0743549,45,Good,0,29.3,56,0.0,29.7,97,1010.2,100,12.1,15.9,221.0,5.5,117.0,1.8
2026-02-19 16:00:00,2026,2,19,16,Hồ Chí Minh,Phường Vũng Tàu,10.3537998,107.0743549,48,Good,0,28.8,59,0.0,29.7,93,1009.8,98,10.9,14.2,223.0,6.5,113.0,1.8
2026-02-19 17:00:00,2026,2,19,17,Hồ Chí Minh,Phường Vũng Tàu,10.3537998,107.0743549,50,Good,0,28.0,63,0.0,28.5,93,1009.8,72,10.3,13.2,235.0,7.7,109.0,1.9
2026-02-19 18:00:00,2026,2,19,18,Hồ Chí Minh,Phường Vũng Tàu,10.3537998,107.0743549,55,Moderate,1,26.5,73,0.0,25.8,88,1010.3,83,10.9,14.0,252.0,8.9,103.0,2.0
2026-02-19 19:00:00,2026,2,19,19,Hồ Chí Minh,Phường Vũng Tàu,10.3537998,107.0743549,58,Moderate,1,27.1,70,0.0,26.5,80,1010.5,75,12.0,15.4,261.0,10.4,96.0,2.2
2026-02-19 20:00:00,2026,2,19,20,Hồ Chí Minh,Phường Vũng Tàu,10.3537998,107.0743549,56,Moderate,1,27.0,70,0.0,29.7,83,1011.6,93,11.4,15.0,256.0,9.3,95.0,2.0
2026-02-19 21:00:00,2026,2,19,21,Hồ Chí Minh,Phường Vũng Tàu,10.3537998,107.0743549,52,Moderate,1,26.6,72,0.0,28.9,85,1012.1,95,11.0,14.4,244.0,7.9,94.0,1.8
2026-02-19 22:00:00,2026,2,19,22,Hồ Chí Minh,Phường Vũng Tàu,10.3537998,107.0743549,49,Good,0,26.4,71,0.0,28.7,87,1012.2,70,10.7,13.9,235.0,7.0,92.0,1.7
2026-02-19 23:00:00,2026,2,19,23,Hồ Chí Minh,Phường Vũng Tàu,10.3537998,107.0743549,47,Good,0,25.9,75,0.0,27.4,89,1012.0,54,10.6,13.6,235.0,7.1,88.0,1.7
2026-02-20 00:00:00,2026,2,20,0,Hồ Chí Minh,Phường Vũng Tàu,10.3537998,107.0743549,46,Good,0,25.8,75,0.0,25.2,89,1011.9,92,10.4,13.3,239.0,7.8,84.0,1.9
2026-02-20 01:00:00,2026,2,20,1,Hồ Chí Minh,Phường Vũng Tàu,10.3537998,107.0743549,44,Good,0,25.9,76,0.0,22.8,81,1011.6,98,10.8,13.8,241.0,8.2,80.0,2.0
2026-02-20 02:00:00,2026,2,20,2,Hồ Chí Minh,Phường Vũng Tàu,10.3537998,107.0743549,43,Good,0,25.5,79,0.0,20.3,71,1011.2,76,11.2,14.3,237.0,8.0,78.0,2.0
2026-02-20 03:00:00,2026,2,20,3,Hồ Chí Minh,Phường Vũng Tàu,10.3537998,107.0743549,44,Good,0,25.2,79,0.0,19.3,69,1010.9,98,11.1,14.1,232.0,7.5,76.0,2.1
2026-02-20 04:00:00,2026,2,20,4,Hồ Chí Minh,Phường Vũng Tàu,10.3537998,107.0743549,44,Good,0,25.0,79,0.0,17.1,69,1010.7,99,10.8,13.6,232.0,7.5,74.0,2.3
2026-02-20 05:00:00,2026,2,20,5,Hồ Chí Minh,Phường Vũng Tàu,10.3537998,107.0743549,45,Good,0,24.8,79,0.0,15.8,71,1011.1,100,10.8,13.4,245.0,8.5,70.0,2.9
2026-02-20 06:00:00,2026,2,20,6,Hồ Chí Minh,Phường Vũng Tàu,10.3537998,107.0743549,45,Good,0,24.7,80,0.0,15.8,75,1011.9,100,11.5,13.9,264.0,9.9,66.0,3.7
2026-02-20 07:00:00,2026,2,20,7,Hồ Chí Minh,Phường Vũng Tàu,10.3537998,107.0743549,45,Good,0,25.2,78,0.0,11.3,63,1012.4,100,17.0,20.1,274.0,11.0,65.0,4.1
2026-02-20 08:00:00,2026,2,20,8,Hồ Chí Minh,Phường Vũng Tàu,10.3537998,107.0743549,47,Good,0,26.6,70,0.0,10.9,71,1013.2,100,16.9,20.3,268.0,9.8,77.0,4.3
2026-02-20 09:00:00,2026,2,20,9,Hồ Chí Minh,Phường Vũng Tàu,10.3537998,107.0743549,48,Good,0,28.0,65,0.0,13.2,87,1013.9,99,17.2,21.1,254.0,8.1,94.0,4.6
2026-02-20 10:00:00,2026,2,20,10,Hồ Chí Minh,Phường Vũng Tàu,10.3537998,107.0743549,50,Good,0,29.0,59,0.0,15.2,95,1013.7,54,17.2,21.8,243.0,6.7,109.0,4.7
2026-02-20 11:00:00,2026,2,20,11,Hồ Chí Minh,Phường Vũng Tàu,10.3537998,107.0743549,50,Good,0,29.9,56,0.0,16.2,105,1013.1,94,17.0,21.8,238.0,5.7,120.0,4.3
2026-02-20 12:00:00,2026,2,20,12,Hồ Chí Minh,Phường Vũng Tàu,10.3537998,107.0743549,51,Moderate,1,30.2,54,0.0,19.0,115,1012.2,9,17.4,22.7,235.0,4.9,129.0,3.7
2026-02-20 13:00:00,2026,2,20,13,Hồ Chí Minh,Phường Vũng Tàu,10.3537998,107.0743549,51,Moderate,1,29.6,55,0.0,23.2,111,1011.5,7,18.4,24.2,235.0,4.4,134.0,3.2
2026-02-20 14:00:00,2026,2,20,14,Hồ Chí Minh,Phường Vũng Tàu,10.3537998,107.0743549,52,Moderate,1,29.3,60,0.0,23.0,109,1010.6,8,18.9,24.8,237.0,4.2,135.0,2.8
2026-02-20 15:00:00,2026,2,20,15,Hồ Chí Minh,Phường Vũng Tàu,10.3537998,107.0743549,53,Moderate,1,28.9,62,0.0,24.4,104,1009.8,3,17.9,23.2,241.0,4.2,132.0,2.5
2026-02-20 16:00:00,2026,2,20,16,Hồ Chí Minh,Phường Vũng Tàu,10.3537998,107.0743549,64,Moderate,1,28.2,65,0.0,25.9,97,1009.1,1,16.5,21.5,246.0,4.7,128.0,2.2
2026-02-20 17:00:00,2026,2,20,17,Hồ Chí Minh,Phường Vũng Tàu,10.3537998,107.0743549,75,Moderate,1,27.2,70,0.0,26.0,93,1009.1,2,14.8,19.3,254.0,5.9,122.0,2.1
2026-02-20 18:00:00,2026,2,20,18,Hồ Chí Minh,Phường Vũng Tàu,10.3537998,107.0743549,81,Moderate,1,26.0,77,0.0,26.5,89,1009.6,55,14.5,18.7,263.0,7.5,114.0,2.0
2026-02-20 19:00:00,2026,2,20,19,Hồ Chí Minh,Phường Vũng Tàu,10.3537998,107.0743549,82,Moderate,1,26.0,79,0.0,21.4,93,1009.9,74,13.0,17.0,266.0,7.3,109.0,1.8
2026-02-20 20:00:00,2026,2,20,20,Hồ Chí Minh,Phường Vũng Tàu,10.3537998,107.0743549,80,Moderate,1,25.7,80,0.0,24.0,92,1010.5,59,11.9,15.5,259.0,7.1,105.0,1.8
2026-02-20 21:00:00,2026,2,20,21,Hồ Chí Minh,Phường Vũng Tàu,10.3537998,107.0743549,75,Moderate,1,25.4,81,0.0,27.2,86,1010.9,85,10.9,14.1,247.0,6.8,100.0,1.8
2026-02-20 22:00:00,2026,2,20,22,Hồ Chí Minh,Phường Vũng Tàu,10.3537998,107.0743549,68,Moderate,1,25.1,82,0.0,26.4,82,1010.7,48,10.5,13.5,238.0,6.5,95.0,1.8
2026-02-20 23:00:00,2026,2,20,23,Hồ Chí Minh,Phường Vũng Tàu,10.3537998,107.0743549,59,Moderate,1,25.0,82,0.0,27.1,85,1010.1,23,10.4,13.3,235.0,6.3,91.0,1.7
2026-02-21 00:00:00,2026,2,21,0,Hồ Chí Minh,Phường Vũng Tàu,10.3537998,107.0743549,54,Moderate,1,24.9,83,0.0,27.2,90,1009.9,68,10.2,13.2,235.0,6.0,88.0,1.6
2026-02-21 01:00:00,2026,2,21,1,Hồ Chí Minh,Phường Vũng Tàu,10.3537998,107.0743549,54,Moderate,1,24.8,83,0.0,26.4,84,1009.1,62,10.1,13.1,235.0,5.9,85.0,1.5
2026-02-21 02:00:00,2026,2,21,2,Hồ Chí Minh,Phường Vũng Tàu,10.3537998,107.0743549,54,Moderate,1,24.8,81,0.0,25.6,80,1008.9,16,10.1,13.0,232.0,5.8,83.0,1.4
2026-02-21 03:00:00,2026,2,21,3,Hồ Chí Minh,Phường Vũng Tàu,10.3537998,107.0743549,54,Moderate,1,24.7,79,0.0,23.5,77,1008.5,82,10.2,13.2,229.0,5.7,82.0,1.4
2026-02-21 04:00:00,2026,2,21,4,Hồ Chí Minh,Phường Vũng Tàu,10.3537998,107.0743549,54,Moderate,1,24.5,79,0.0,19.2,75,1008.6,74,10.3,13.4,232.0,6.0,81.0,1.5
2026-02-21 05:00:00,2026,2,21,5,Hồ Chí Minh,Phường Vũng Tàu,10.3537998,107.0743549,54,Moderate,1,24.4,79,0.0,16.6,68,1009.1,100,10.6,13.6,248.0,7.0,78.0,1.9
2026-02-21 06:00:00,2026,2,21,6,Hồ Chí Minh,Phường Vũng Tàu,10.3537998,107.0743549,54,Moderate,1,24.2,79,0.0,14.4,66,1009.4,38,11.2,14.2,271.0,8.3,74.0,2.5
2026-02-21 07:00:00,2026,2,21,7,Hồ Chí Minh,Phường Vũng Tàu,10.3537998,107.0743549,54,Moderate,1,24.6,77,0.0,11.0,56,1010.5,4,17.2,21.1,287.0,9.5,75.0,3.2
2026-02-21 08:00:00,2026,2,21,8,Hồ Chí Minh,Phường Vũng Tàu,10.3537998,107.0743549,54,Moderate,1,26.0,71,0.0,12.6,63,1011.2,9,16.7,20.7,291.0,8.6,84.0,3.7
2026-02-21 09:00:00,2026,2,21,9,Hồ Chí Minh,Phường Vũng Tàu,10.3537998,107.0743549,54,Moderate,1,27.5,64,0.0,12.0,73,1011.7,5,17.1,21.4,287.0,7.3,97.0,4.3
2026-02-21 10:00:00,2026,2,21,10,Hồ Chí Minh,Phường Vũng Tàu,10.3537998,107.0743549,54,Moderate,1,28.8,58,0.0,11.9,94,1011.5,1,17.8,22.6,279.0,6.1,109.0,4.7
2026-02-21 11:00:00,2026,2,21,11,Hồ Chí Minh,Phường Vũng Tàu,10.3537998,107.0743549,54,Moderate,1,29.5,57,0.0,12.0,107,1010.5,5,18.2,23.3,261.0,5.1,121.0,4.5
2026-02-21 12:00:00,2026,2,21,12,Hồ Chí Minh,Phường Vũng Tàu,10.3537998,107.0743549,54,Moderate,1,29.8,55,0.0,15.0,123,1009.1,35,18.6,24.0,239.0,4.2,133.0,4.0
2026-02-21 13:00:00,2026,2,21,13,Hồ Chí Minh,Phường Vũng Tàu,10.3537998,107.0743549,54,Moderate,1,29.5,52,0.0,20.9,119,1008.2,38,18.7,24.3,224.0,3.7,141.0,3.6
2026-02-21 14:00:00,2026,2,21,14,Hồ Chí Minh,Phường Vũng Tàu,10.3537998,107.0743549,54,Moderate,1,29.5,52,0.0,20.3,117,1007.3,23,19.3,24.7,225.0,3.9,145.0,3.3
2026-02-21 15:00:00,2026,2,21,15,Hồ Chí Minh,Phường Vũng Tàu,10.3537998,107.0743549,59,Moderate,1,29.4,53,0.0,18.4,117,1006.5,62,19.7,25.1,233.0,4.4,145.0,3.1
2026-02-21 16:00:00,2026,2,21,16,Hồ Chí Minh,Phường Vũng Tàu,10.3537998,107.0743549,74,Moderate,1,28.2,62,0.0,19.7,114,1006.1,66,19.3,24.6,242.0,5.2,142.0,2.8
2026-02-21 17:00:00,2026,2,21,17,Hồ Chí Minh,Phường Vũng Tàu,10.3537998,107.0743549,86,Moderate,1,27.4,66,0.0,20.2,109,1006.5,91,17.7,22.9,250.0,6.2,134.0,2.5
2026-02-21 18:00:00,2026,2,21,18,Hồ Chí Minh,Phường Vũng Tàu,10.3537998,107.0743549,94,Moderate,1,26.1,75,0.0,19.3,105,1006.8,88,16.0,21.2,257.0,7.4,122.0,2.2
2026-02-21 19:00:00,2026,2,21,19,Hồ Chí Minh,Phường Vũng Tàu,10.3537998,107.0743549,97,Moderate,1,25.4,85,0.0,17.0,106,1007.3,99,11.1,15.2,259.0,7.9,116.0,2.0
2026-02-21 20:00:00,2026,2,21,20,Hồ Chí Minh,Phường Vũng Tàu,10.3537998,107.0743549,96,Moderate,1,25.3,85,0.0,19.6,98,1008.0,100,11.3,15.1,251.0,7.7,112.0,1.9
2026-02-21 21:00:00,2026,2,21,21,Hồ Chí Minh,Phường Vũng Tàu,10.3537998,107.0743549,91,Moderate,1,25.0,86,0.0,21.4,93,1008.4,100,11.4,15.0,238.0,7.4,106.0,1.9
2026-02-21 22:00:00,2026,2,21,22,Hồ Chí Minh,Phường Vũng Tàu,10.3537998,107.0743549,84,Moderate,1,25.0,84,0.0,22.9,89,1008.7,100,11.5,15.0,226.0,7.2,100.0,1.8
2026-02-21 23:00:00,2026,2,21,23,Hồ Chí Minh,Phường Vũng Tàu,10.3537998,107.0743549,74,Moderate,1,24.5,88,0.0,22.6,85,1008.5,100,11.3,14.8,219.0,7.0,95.0,1.7
2026-02-22 00:00:00,2026,2,22,0,Hồ Chí Minh,Phường Vũng Tàu,10.3537998,107.0743549,64,Moderate,1,24.5,87,0.0,23.0,85,1008.5,100,10.8,14.1,213.0,6.8,91.0,1.7
2026-02-22 01:00:00,2026,2,22,1,Hồ Chí Minh,Phường Vũng Tàu,10.3537998,107.0743549,55,Moderate,1,24.6,87,0.0,22.7,91,1007.5,100,10.3,13.4,209.0,6.8,87.0,1.7
2026-02-22 02:00:00,2026,2,22,2,Hồ Chí Minh,Phường Vũng Tàu,10.3537998,107.0743549,55,Moderate,1,24.5,86,0.0,22.9,92,1006.9,98,10.0,12.9,203.0,6.9,84.0,1.7
2026-02-22 03:00:00,2026,2,22,3,Hồ Chí Minh,Phường Vũng Tàu,10.3537998,107.0743549,55,Moderate,1,24.5,87,0.0,21.1,87,1006.4,99,9.9,12.8,198.0,7.0,82.0,1.8
2026-02-22 04:00:00,2026,2,22,4,Hồ Chí Minh,Phường Vũng Tàu,10.3537998,107.0743549,55,Moderate,1,24.4,85,0.0,18.2,81,1006.4,100,10.0,12.9,200.0,7.4,80.0,2.0
2026-02-22 05:00:00,2026,2,22,5,Hồ Chí Minh,Phường Vũng Tàu,10.3537998,107.0743549,55,Moderate,1,24.4,84,0.0,16.6,77,1006.8,100,10.2,13.1,218.0,8.3,77.0,2.3
2026-02-22 06:00:00,2026,2,22,6,Hồ Chí Minh,Phường Vũng Tàu,10.3537998,107.0743549,55,Moderate,1,24.2,84,0.0,14.7,73,1007.4,99,10.5,13.4,244.0,9.5,75.0,2.6
2026-02-22 07:00:00,2026,2,22,7,Hồ Chí Minh,Phường Vũng Tàu,10.3537998,107.0743549,55,Moderate,1,24.8,84,0.0,15.6,83,1008.4,100,14.9,18.6,259.0,10.4,75.0,3.0
2026-02-22 08:00:00,2026,2,22,8,Hồ Chí Minh,Phường Vũng Tàu,10.3537998,107.0743549,55,Moderate,1,25.9,79,0.0,15.7,86,1009.2,100,15.3,19.2,252.0,9.2,82.0,3.1
2026-02-22 09:00:00,2026,2,22,9,Hồ Chí Minh,Phường Vũng Tàu,10.3537998,107.0743549,55,Moderate,1,27.2,72,0.0,14.9,92,1009.7,34,16.4,20.7,233.0,7.6,91.0,3.3
2026-02-22 10:00:00,2026,2,22,10,Hồ Chí Minh,Phường Vũng Tàu,10.3537998,107.0743549,55,Moderate,1,28.3,66,0.0,16.9,102,1009.8,0,18.0,23.2,219.0,6.2,102.0,3.3
2026-02-22 11:00:00,2026,2,22,11,Hồ Chí Minh,Phường Vũng Tàu,10.3537998,107.0743549,55,Moderate,1,28.7,64,0.0,18.7,112,1009.1,2,19.7,25.8,215.0,5.1,115.0,3.2
2026-02-22 12:00:00,2026,2,22,12,Hồ Chí Minh,Phường Vũng Tàu,10.3537998,107.0743549,55,Moderate,1,28.5,65,0.0,20.4,119,1008.2,21,20.8,27.6,215.0,4.2,128.0,2.9
2026-02-22 13:00:00,2026,2,22,13,Hồ Chí Minh,Phường Vũng Tàu,10.3537998,107.0743549,55,Moderate,1,28.0,68,0.0,20.5,119,1007.3,18,20.4,27.0,216.0,3.7,136.0,2.7
2026-02-22 14:00:00,2026,2,22,14,Hồ Chí Minh,Phường Vũng Tàu,10.3537998,107.0743549,55,Moderate,1,27.8,70,0.0,19.6,126,1006.4,20,18.8,24.9,218.0,3.7,134.0,2.4
2026-02-22 15:00:00,2026,2,22,15,Hồ Chí Minh,Phường Vũng Tàu,10.3537998,107.0743549,55,Moderate,1,27.4,69,0.0,17.2,123,1005.8,16,16.8,22.8,222.0,4.2,125.0,2.2
2026-02-22 16:00:00,2026,2,22,16,Hồ Chí Minh,Phường Vũng Tàu,10.3537998,107.0743549,61,Moderate,1,27.1,72,0.0,15.9,119,1005.3,57,15.6,21.7,225.0,4.9,117.0,2.0
2026-02-22 17:00:00,2026,2,22,17,Hồ Chí Minh,Phường Vũng Tàu,10.3537998,107.0743549,68,Moderate,1,26.4,79,0.0,19.3,119,1005.5,33,14.6,20.4,228.0,6.0,111.0,2.0
2026-02-22 18:00:00,2026,2,22,18,Hồ Chí Minh,Phường Vũng Tàu,10.3537998,107.0743549,72,Moderate,1,25.3,84,0.0,20.7,108,1006.0,9,14.0,19.6,231.0,7.4,104.0,2.1
2026-02-22 19:00:00,2026,2,22,19,Hồ Chí Minh,Phường Vũng Tàu,10.3537998,107.0743549,73,Moderate,1,25.6,84,0.0,18.7,104,1006.2,53,12.9,18.2,232.0,8.8,95.0,2.3
2026-02-22 20:00:00,2026,2,22,20,Hồ Chí Minh,Phường Vũng Tàu,10.3537998,107.0743549,69,Moderate,1,25.6,84,0.0,19.3,94,1007.1,17,12.0,16.8,230.0,8.5,93.0,2.2
2026-02-22 21:00:00,2026,2,22,21,Hồ Chí Minh,Phường Vũng Tàu,10.3537998,107.0743549,61,Moderate,1,25.4,86,0.0,17.3,82,1007.5,4,11.4,15.8,226.0,8.0,91.0,2.0
2026-02-22 22:00:00,2026,2,22,22,Hồ Chí Minh,Phường Vũng Tàu,10.3537998,107.0743549,54,Moderate,1,25.1,87,0.0,15.7,84,1007.7,77,11.0,15.3,220.0,7.7,88.0,1.9
2026-02-22 23:00:00,2026,2,22,23,Hồ Chí Minh,Phường Vũng Tàu,10.3537998,107.0743549,54,Moderate,1,25.0,87,0.0,17.1,89,1008.1,99,10.9,15.1,210.0,7.7,85.0,1.8
2026-02-23 00:00:00,2026,2,23,0,Hồ Chí Minh,Phường Vũng Tàu,10.3537998,107.0743549,54,Moderate,1,25.0,87,0.0,17.5,91,1007.9,100,10.9,15.1,197.0,7.8,81.0,1.8
2026-02-23 01:00:00,2026,2,23,1,Hồ Chí Minh,Phường Vũng Tàu,10.3537998,107.0743549,54,Moderate,1,25.0,88,0.0,18.4,93,1007.7,99,11.1,15.4,187.0,7.9,78.0,1.8
2026-02-23 02:00:00,2026,2,23,2,Hồ Chí Minh,Phường Vũng Tàu,10.3537998,107.0743549,54,Moderate,1,25.0,87,0.0,19.9,96,1007.3,91,11.4,15.8,181.0,7.8,75.0,1.8
2026-02-23 03:00:00,2026,2,23,3,Hồ Chí Minh,Phường Vũng Tàu,10.3537998,107.0743549,54,Moderate,1,24.9,88,0.0,19.1,91,1006.8,38,11.5,16.0,179.0,7.7,73.0,1.7
2026-02-23 04:00:00,2026,2,23,4,Hồ Chí Minh,Phường Vũng Tàu,10.3537998,107.0743549,55,Moderate,1,24.9,86,0.0,19.7,86,1006.7,87,11.3,15.7,181.0,7.6,71.0,1.7
2026-02-23 05:00:00,2026,2,23,5,Hồ Chí Minh,Phường Vũng Tàu,10.3537998,107.0743549,55,Moderate,1,24.8,84,0.0,20.6,85,1007.0,100,11.1,15.3,192.0,7.7,69.0,1.8
2026-02-23 06:00:00,2026,2,23,6,Hồ Chí Minh,Phường Vũng Tàu,10.3537998,107.0743549,55,Moderate,1,24.9,82,0.0,22.5,87,1008.0,100,10.8,14.8,207.0,7.9,67.0,1.9
2026-02-23 07:00:00,2026,2,23,7,Hồ Chí Minh,Phường Vũng Tàu,10.3537998,107.0743549,55,Moderate,1,25.5,80,0.0,23.8,87,1008.3,79,15.5,20.4,217.0,7.5,69.0,1.9
2026-02-23 08:00:00,2026,2,23,8,Hồ Chí Minh,Phường Vũng Tàu,10.3537998,107.0743549,55,Moderate,1,26.7,70,0.0,25.2,87,1009.0,54,16.1,20.8,215.0,6.8,74.0,2.0
2026-02-23 09:00:00,2026,2,23,9,Hồ Chí Minh,Phường Vũng Tàu,10.3537998,107.0743549,55,Moderate,1,28.0,60,0.0,25.1,87,1010.0,84,16.9,21.7,206.0,5.7,81.0,2.2
2026-02-23 10:00:00,2026,2,23,10,Hồ Chí Minh,Phường Vũng Tàu,10.3537998,107.0743549,55,Moderate,1,28.9,55,0.0,26.3,91,1010.2,48,17.9,22.9,199.0,4.8,89.0,2.3
2026-02-23 11:00:00,2026,2,23,11,Hồ Chí Minh,Phường Vũng Tàu,10.3537998,107.0743549,55,Moderate,1,29.5,53,0.0,26.0,95,1009.4,1,18.8,24.2,195.0,4.1,100.0,2.2
2026-02-23 12:00:00,2026,2,23,12,Hồ Chí Minh,Phường Vũng Tàu,10.3537998,107.0743549,55,Moderate,1,29.8,51,0.0,25.3,98,1008.5,1,19.3,24.9,192.0,3.5,112.0,2.1
2026-02-23 13:00:00,2026,2,23,13,Hồ Chí Minh,Phường Vũng Tàu,10.3537998,107.0743549,55,Moderate,1,29.1,53,0.0,25.7,103,1007.9,4,19.0,24.7,192.0,3.2,120.0,2.0
2026-02-23 14:00:00,2026,2,23,14,Hồ Chí Minh,Phường Vũng Tàu,10.3537998,107.0743549,55,Moderate,1,29.4,53,0.0,22.9,108,1006.8,84,18.2,23.7,195.0,3.3,121.0,1.9
2026-02-23 15:00:00,2026,2,23,15,Hồ Chí Minh,Phường Vũng Tàu,10.3537998,107.0743549,55,Moderate,1,28.8,57,0.0,21.8,115,1006.3,23,17.1,22.6,200.0,3.8,119.0,1.9
2026-02-23 16:00:00,2026,2,23,16,Hồ Chí Minh,Phường Vũng Tàu,10.3537998,107.0743549,55,Moderate,1,27.7,65,0.0,19.7,115,1006.2,4,15.9,21.4,206.0,4.5,115.0,1.9
2026-02-23 17:00:00,2026,2,23,17,Hồ Chí Minh,Phường Vũng Tàu,10.3537998,107.0743549,55,Moderate,1,26.8,70,0.0,19.3,114,1006.1,3,14.9,20.3,213.0,5.6,110.0,1.9
2026-02-23 18:00:00,2026,2,23,18,Hồ Chí Minh,Phường Vũng Tàu,10.3537998,107.0743549,55,Moderate,1,25.8,77,0.0,19.5,112,1006.4,10,14.3,19.4,221.0,7.0,104.0,2.0
2026-02-23 19:00:00,2026,2,23,19,Hồ Chí Minh,Phường Vũng Tàu,10.3537998,107.0743549,58,Moderate,1,25.6,83,0.0,17.2,103,1007.4,97,14.1,19.3,224.0,7.9,97.0,2.1
2026-02-23 20:00:00,2026,2,23,20,Hồ Chí Minh,Phường Vũng Tàu,10.3537998,107.0743549,58,Moderate,1,25.5,84,0.0,18.3,97,1007.9,95,13.1,18.0,218.0,7.8,95.0,2.0
2026-02-23 21:00:00,2026,2,23,21,Hồ Chí Minh,Phường Vũng Tàu,10.3537998,107.0743549,55,Moderate,1,25.4,83,0.0,21.6,92,1008.3,98,12.3,16.9,207.0,7.7,92.0,1.9
2026-02-23 22:00:00,2026,2,23,22,Hồ Chí Minh,Phường Vũng Tàu,10.3537998,107.0743549,55,Moderate,1,25.2,83,0.0,21.6,91,1008.6,99,11.7,16.1,197.0,7.7,89.0,1.8
2026-02-23 23:00:00,2026,2,23,23,Hồ Chí Minh,Phường Vũng Tàu,10.3537998,107.0743549,55,Moderate,1,25.0,84,0.0,21.8,86,1008.5,100,11.3,15.6,192.0,7.8,85.0,1.7
2026-02-24 00:00:00,2026,2,24,0,Hồ Chí Minh,Phường Vũng Tàu,10.3537998,107.0743549,55,Moderate,1,24.9,84,0.0,22.1,83,1008.0,100,10.9,15.1,188.0,8.0,81.0,1.7
2026-02-24 01:00:00,2026,2,24,1,Hồ Chí Minh,Phường Vũng Tàu,10.3537998,107.0743549,55,Moderate,1,25.0,84,0.0,21.3,87,1007.2,98,10.7,14.9,185.0,8.1,78.0,1.7
2026-02-24 02:00:00,2026,2,24,2,Hồ Chí Minh,Phường Vũng Tàu,10.3537998,107.0743549,55,Moderate,1,25.0,83,0.0,21.8,93,1006.8,100,10.7,14.9,180.0,7.8,76.0,1.7
2026-02-24 03:00:00,2026,2,24,3,Hồ Chí Minh,Phường Vũng Tàu,10.3537998,107.0743549,55,Moderate,1,24.9,84,0.0,23.5,95,1006.8,100,10.9,15.2,176.0,7.4,75.0,1.7
2026-02-24 04:00:00,2026,2,24,4,Hồ Chí Minh,Phường Vũng Tàu,10.3537998,107.0743549,55,Moderate,1,24.9,83,0.0,23.4,90,1007.1,100,11.0,15.3,177.0,7.1,74.0,1.7
2026-02-24 05:00:00,2026,2,24,5,Hồ Chí Minh,Phường Vũng Tàu,10.3537998,107.0743549,55,Moderate,1,24.8,82,0.0,22.5,88,1007.6,98,10.9,15.2,189.0,7.3,72.0,1.8
2026-02-24 06:00:00,2026,2,24,6,Hồ Chí Minh,Phường Vũng Tàu,10.3537998,107.0743549,55,Moderate,1,24.8,81,0.0,22.3,88,1008.5,100,11.0,15.1,207.0,7.7,71.0,2.0
2026-02-24 07:00:00,2026,2,24,7,Hồ Chí Minh,Phường Vũng Tàu,10.3537998,107.0743549,55,Moderate,1,25.2,81,0.0,24.5,93,1009.1,100,11.8,16.0,218.0,7.1,73.0,1.9
2026-02-24 08:00:00,2026,2,24,8,Hồ Chí Minh,Phường Vũng Tàu,10.3537998,107.0743549,55,Moderate,1,26.2,74,0.0,26.0,93,1009.9,100,12.4,16.8,217.0,6.3,79.0,2.0
2026-02-24 09:00:00,2026,2,24,9,Hồ Chí Minh,Phường Vũng Tàu,10.3537998,107.0743549,54,Moderate,1,27.2,68,0.0,26.6,95,1010.5,100,13.1,17.8,209.0,5.1,87.0,2.1
2026-02-24 10:00:00,2026,2,24,10,Hồ Chí Minh,Phường Vũng Tàu,10.3537998,107.0743549,54,Moderate,1,28.1,63,0.0,26.2,96,1010.8,78,14.1,19.2,201.0,4.1,95.0,2.2
2026-02-24 11:00:00,2026,2,24,11,Hồ Chí Minh,Phường Vũng Tàu,10.3537998,107.0743549,54,Moderate,1,28.8,59,0.0,25.9,97,1010.3,97,14.8,20.2,194.0,3.4,104.0,2.1
2026-02-24 12:00:00,2026,2,24,12,Hồ Chí Minh,Phường Vũng Tàu,10.3537998,107.0743549,53,Moderate,1,29.0,58,0.0,25.4,99,1009.5,76,15.3,21.0,188.0,2.9,114.0,1.9
2026-02-24 13:00:00,2026,2,24,13,Hồ Chí Minh,Phường Vũng Tàu,10.3537998,107.0743549,53,Moderate,1,28.6,61,0.0,22.3,109,1008.9,27,15.5,21.4,185.0,2.8,119.0,1.8
2026-02-24 14:00:00,2026,2,24,14,Hồ Chí Minh,Phường Vũng Tàu,10.3537998,107.0743549,52,Moderate,1,28.5,62,0.0,20.5,114,1007.6,100,15.4,21.2,188.0,3.3,117.0,1.8
2026-02-24 15:00:00,2026,2,24,15,Hồ Chí Minh,Phường Vũng Tàu,10.3537998,107.0743549,52,Moderate,1,28.2,63,0.0,19.4,125,1007.0,95,14.9,20.5,196.0,4.3,112.0,1.7
2026-02-24 16:00:00,2026,2,24,16,Hồ Chí Minh,Phường Vũng Tàu,10.3537998,107.0743549,52,Moderate,1,27.4,67,0.0,19.4,133,1007.0,98,14.3,19.7,202.0,5.4,107.0,1.8
2026-02-24 17:00:00,2026,2,24,17,Hồ Chí Minh,Phường Vũng Tàu,10.3537998,107.0743549,52,Moderate,1,26.5,74,0.0,17.3,123,1007.3,100,14.1,19.2,207.0,6.7,104.0,2.0
2026-02-24 18:00:00,2026,2,24,18,Hồ Chí Minh,Phường Vũng Tàu,10.3537998,107.0743549,52,Moderate,1,25.8,79,0.0,16.9,114,1007.5,98,14.1,19.0,212.0,8.1,102.0,2.2
2026-02-24 19:00:00,2026,2,24,19,Hồ Chí Minh,Phường Vũng Tàu,10.3537998,107.0743549,54,Moderate,1,25.5,85,0.0,16.0,113,1007.9,94,16.7,22.8,212.0,9.7,95.0,2.4
2026-02-24 20:00:00,2026,2,24,20,Hồ Chí Minh,Phường Vũng Tàu,10.3537998,107.0743549,52,Moderate,1,25.5,85,0.0,20.9,103,1008.9,99,15.6,21.1,204.0,9.2,96.0,2.2
2026-02-24 21:00:00,2026,2,24,21,Hồ Chí Minh,Phường Vũng Tàu,10.3537998,107.0743549,52,Moderate,1,25.4,85,0.0,23.0,96,1009.4,98,15.0,20.2,191.0,8.5,96.0,2.0
2026-02-24 22:00:00,2026,2,24,22,Hồ Chí Minh,Phường Vũng Tàu,10.3537998,107.0743549,53,Moderate,1,25.2,86,0.0,23.5,96,1010.0,100,14.3,19.4,180.0,7.8,95.0,1.8
2026-02-24 23:00:00,2026,2,24,23,Hồ Chí Minh,Phường Vũng Tàu,10.3537998,107.0743549,53,Moderate,1,25.3,85,0.0,22.3,97,1010.1,100,13.6,18.7,174.0,7.2,90.0,1.6
2026-02-25 00:00:00,2026,2,25,0,Hồ Chí Minh,Phường Vũng Tàu,10.3537998,107.0743549,53,Moderate,1,25.0,86,0.0,21.0,95,1009.6,80,12.6,17.4,171.0,6.7,84.0,1.5
2026-02-25 01:00:00,2026,2,25,1,Hồ Chí Minh,Phường Vũng Tàu,10.3537998,107.0743549,53,Moderate,1,25.1,87,0.0,20.4,94,1008.9,48,12.2,16.9,169.0,6.4,79.0,1.4
2026-02-25 02:00:00,2026,2,25,2,Hồ Chí Minh,Phường Vũng Tàu,10.3537998,107.0743549,53,Moderate,1,25.1,87,0.0,19.8,97,1008.9,100,12.0,16.6,165.0,6.2,76.0,1.4
2026-02-25 03:00:00,2026,2,25,3,Hồ Chí Minh,Phường Vũng Tàu,10.3537998,107.0743549,53,Moderate,1,25.0,88,0.0,18.0,92,1008.4,100,12.0,16.7,162.0,6.2,75.0,1.4
2026-02-25 04:00:00,2026,2,25,4,Hồ Chí Minh,Phường Vũng Tàu,10.3537998,107.0743549,53,Moderate,1,25.0,88,0.0,16.9,90,1008.6,98,11.9,16.5,166.0,6.4,74.0,1.5
2026-02-25 05:00:00,2026,2,25,5,Hồ Chí Minh,Phường Vũng Tàu,10.3537998,107.0743549,54,Moderate,1,24.8,89,0.0,13.9,94,1008.9,95,11.6,16.1,183.0,7.3,72.0,1.7
2026-02-25 06:00:00,2026,2,25,6,Hồ Chí Minh,Phường Vũng Tàu,10.3537998,107.0743549,54,Moderate,1,24.8,88,0.0,12.3,95,1009.5,86,11.9,16.3,207.0,8.4,69.0,2.0
2026-02-25 07:00:00,2026,2,25,7,Hồ Chí Minh,Phường Vũng Tàu,10.3537998,107.0743549,54,Moderate,1,25.2,86,0.0,10.0,97,1009.9,13,13.6,18.3,221.0,8.6,70.0,2.3
2026-02-25 08:00:00,2026,2,25,8,Hồ Chí Minh,Phường Vũng Tàu,10.3537998,107.0743549,54,Moderate,1,26.5,77,0.0,11.4,96,1010.6,77,14.3,19.2,215.0,7.7,75.0,2.5
2026-02-25 09:00:00,2026,2,25,9,Hồ Chí Minh,Phường Vũng Tàu,10.3537998,107.0743549,54,Moderate,1,28.0,66,0.0,12.0,103,1011.1,11,15.2,20.4,199.0,6.5,83.0,2.7
2026-02-25 10:00:00,2026,2,25,10,Hồ Chí Minh,Phường Vũng Tàu,10.3537998,107.0743549,54,Moderate,1,29.0,60,0.0,16.1,108,1011.0,72,16.4,22.2,186.0,5.6,91.0,2.9
2026-02-25 11:00:00,2026,2,25,11,Hồ Chí Minh,Phường Vũng Tàu,10.3537998,107.0743549,54,Moderate,1,29.5,56,0.0,19.5,110,1010.2,100,17.8,24.0,179.0,5.3,100.0,3.0
2026-02-25 12:00:00,2026,2,25,12,Hồ Chí Minh,Phường Vũng Tàu,10.3537998,107.0743549,55,Moderate,1,29.1,57,0.0,20.0,116,1009.0,100,18.3,24.6,174.0,5.4,108.0,3.0
2026-02-25 13:00:00,2026,2,25,13,Hồ Chí Minh,Phường Vũng Tàu,10.3537998,107.0743549,55,Moderate,1,28.2,59,0.0,20.4,106,1008.4,100,18.0,24.0,173.0,5.7,114.0,2.9
2026-02-25 14:00:00,2026,2,25,14,Hồ Chí Minh,Phường Vũng Tàu,10.3537998,107.0743549,55,Moderate,1,28.3,63,0.0,18.4,108,1007.3,100,17.5,23.0,179.0,6.2,114.0,2.7
2026-02-25 15:00:00,2026,2,25,15,Hồ Chí Minh,Phường Vũng Tàu,10.3537998,107.0743549,55,Moderate,1,27.4,71,0.0,15.1,128,1007.0,100,17.2,22.6,190.0,6.9,111.0,2.5
2026-02-25 16:00:00,2026,2,25,16,Hồ Chí Minh,Phường Vũng Tàu,10.3537998,107.0743549,56,Moderate,1,26.9,70,0.0,14.9,132,1006.7,100,16.9,22.2,197.0,7.6,107.0,2.3
2026-02-25 17:00:00,2026,2,25,17,Hồ Chí Minh,Phường Vũng Tàu,10.3537998,107.0743549,56,Moderate,1,26.4,78,0.0,15.3,142,1007.1,100,16.6,22.1,198.0,8.3,102.0,2.3
2026-02-25 18:00:00,2026,2,25,18,Hồ Chí Minh,Phường Vũng Tàu,10.3537998,107.0743549,56,Moderate,1,25.7,80,0.0,17.9,129,1007.6,100,16.3,21.8,196.0,8.9,97.0,2.4
2026-02-25 19:00:00,2026,2,25,19,Hồ Chí Minh,Phường Vũng Tàu,10.3537998,107.0743549,56,Moderate,1,25.8,81,0.1,18.2,116,1007.9,100,14.4,18.3,192.0,10.3,79.0,2.5
2026-02-25 20:00:00,2026,2,25,20,Hồ Chí Minh,Phường Vũng Tàu,10.3537998,107.0743549,56,Moderate,1,26.0,76,0.0,16.1,100,1008.4,100,13.2,16.7,187.0,10.3,77.0,2.6
2026-02-25 21:00:00,2026,2,25,21,Hồ Chí Minh,Phường Vũng Tàu,10.3537998,107.0743549,56,Moderate,1,25.7,84,0.0,16.7,97,1008.6,100,13.2,16.6,180.0,10.4,75.0,2.6
2026-02-25 22:00:00,2026,2,25,22,Hồ Chí Minh,Phường Vũng Tàu,10.3537998,107.0743549,56,Moderate,1,25.8,83,0.0,17.8,96,1008.4,100,13.2,16.8,174.0,10.2,74.0,2.6
2026-02-25 23:00:00,2026,2,25,23,Hồ Chí Minh,Phường Vũng Tàu,10.3537998,107.0743549,55,Moderate,1,25.8,83,0.0,18.4,95,1008.5,100,13.0,16.8,169.0,9.6,74.0,2.4
2026-02-26 00:00:00,2026,2,26,0,Hồ Chí Minh,Phường Vũng Tàu,10.3537998,107.0743549,55,Moderate,1,25.4,87,0.4,16.7,97,1008.5,100,12.5,16.4,165.0,8.8,75.0,2.1
2026-02-26 01:00:00,2026,2,26,1,Hồ Chí Minh,Phường Vũng Tàu,10.3537998,107.0743549,55,Moderate,1,25.3,91,0.9,16.3,110,1008.2,100,12.5,16.3,161.0,8.4,75.0,2.0
2026-02-26 02:00:00,2026,2,26,2,Hồ Chí Minh,Phường Vũng Tàu,10.3537998,107.0743549,55,Moderate,1,25.0,93,0.8,19.1,108,1007.7,100,12.5,16.4,155.0,8.6,75.0,2.2
2026-02-26 03:00:00,2026,2,26,3,Hồ Chí Minh,Phường Vũng Tàu,10.3537998,107.0743549,55,Moderate,1,24.9,90,0.4,19.2,100,1007.2,100,12.6,16.2,150.0,9.2,74.0,2.5
2026-02-26 04:00:00,2026,2,26,4,Hồ Chí Minh,Phường Vũng Tàu,10.3537998,107.0743549,56,Moderate,1,24.4,93,0.6,13.7,108,1007.5,100,12.5,15.9,153.0,9.9,72.0,2.7
2026-02-26 05:00:00,2026,2,26,5,Hồ Chí Minh,Phường Vũng Tàu,10.3537998,107.0743549,56,Moderate,1,24.0,94,1.7,7.9,107,1008.0,100,12.3,15.5,168.0,10.8,67.0,2.8
2026-02-26 06:00:00,2026,2,26,6,Hồ Chí Minh,Phường Vũng Tàu,10.3537998,107.0743549,56,Moderate,1,24.5,90,0.2,7.1,75,1008.2,99,11.9,15.0,191.0,11.8,62.0,2.9
2026-02-26 07:00:00,2026,2,26,7,Hồ Chí Minh,Phường Vũng Tàu,10.3537998,107.0743549,56,Moderate,1,24.0,94,0.0,11.6,69,1008.6,100,12.1,14.3,216.0,13.8,57.0,3.9
2026-02-26 08:00:00,2026,2,26,8,Hồ Chí Minh,Phường Vũng Tàu,10.3537998,107.0743549,56,Moderate,1,23.7,95,3.6,10.2,37,1009.5,100,11.1,13.1,250.0,12.2,59.0,3.5
2026-02-26 09:00:00,2026,2,26,9,Hồ Chí Minh,Phường Vũng Tàu,10.3537998,107.0743549,55,Moderate,1,24.1,94,3.1,5.7,79,1009.2,100,8.5,10.1,286.0,9.9,63.0,2.8
2026-02-26 10:00:00,2026,2,26,10,Hồ Chí Minh,Phường Vũng Tàu,10.3537998,107.0743549,55,Moderate,1,25.2,89,1.8,10.6,71,1009.8,100,8.4,10.4,299.0,8.1,67.0,2.4
2026-02-26 11:00:00,2026,2,26,11,Hồ Chí Minh,Phường Vũng Tàu,10.3537998,107.0743549,54,Moderate,1,25.4,87,0.4,19.7,74,1009.1,100,8.6,10.9,268.0,7.1,73.0,2.3
2026-02-26 12:00:00,2026,2,26,12,Hồ Chí Minh,Phường Vũng Tàu,10.3537998,107.0743549,53,Moderate,1,26.4,84,0.2,19.2,83,1008.1,100,9.1,11.4,215.0,6.5,80.0,2.4
2026-02-26 13:00:00,2026,2,26,13,Hồ Chí Minh,Phường Vũng Tàu,10.3537998,107.0743549,52,Moderate,1,26.3,79,0.4,28.3,83,1006.9,98,10.3,12.7,175.0,6.1,85.0,2.5
2026-02-26 14:00:00,2026,2,26,14,Hồ Chí Minh,Phường Vũng Tàu,10.3537998,107.0743549,52,Moderate,1,26.5,80,0.0,24.4,81,1005.8,100,10.0,12.5,166.0,5.7,89.0,2.5
2026-02-26 15:00:00,2026,2,26,15,Hồ Chí Minh,Phường Vũng Tàu,10.3537998,107.0743549,51,Moderate,1,26.7,81,0.0,25.8,87,1005.1,86,9.6,12.2,171.0,5.4,92.0,2.4
2026-02-26 16:00:00,2026,2,26,16,Hồ Chí Minh,Phường Vũng Tàu,10.3537998,107.0743549,50,Good,0,26.5,82,0.0,23.8,89,1004.7,55,9.6,12.4,178.0,5.6,92.0,2.4
2026-02-26 17:00:00,2026,2,26,17,Hồ Chí Minh,Phường Vũng Tàu,10.3537998,107.0743549,49,Good,0,25.9,85,0.2,22.3,91,1005.0,100,10.2,13.1,186.0,6.8,89.0,2.4
2026-02-26 18:00:00,2026,2,26,18,Hồ Chí Minh,Phường Vũng Tàu,10.3537998,107.0743549,48,Good,0,25.4,88,0.0,20.4,87,1005.7,99,10.1,12.9,197.0,8.5,83.0,2.4
2026-02-26 19:00:00,2026,2,26,19,Hồ Chí Minh,Phường Vũng Tàu,10.3537998,107.0743549,47,Good,0,25.5,89,0.0,23.6,86,1006.1,100,11.4,14.1,200.0,10.6,70.0,2.6
2026-02-26 20:00:00,2026,2,26,20,Hồ Chí Minh,Phường Vũng Tàu,10.3537998,107.0743549,47,Good,0,25.5,88,0.6,20.7,88,1006.7,98,9.8,12.3,191.0,9.8,69.0,2.4
2026-02-26 21:00:00,2026,2,26,21,Hồ Chí Minh,Phường Vũng Tàu,10.3537998,107.0743549,46,Good,0,25.4,89,0.2,22.7,88,1007.1,95,9.5,12.1,174.0,8.6,68.0,2.2
2026-02-26 22:00:00,2026,2,26,22,Hồ Chí Minh,Phường Vũng Tàu,10.3537998,107.0743549,45,Good,0,25.1,89,0.3,21.3,86,1007.4,96,9.3,12.0,160.0,7.7,67.0,2.0
2026-02-26 23:00:00,2026,2,26,23,Hồ Chí Minh,Phường Vũng Tàu,10.3537998,107.0743549,45,Good,0,25.4,88,0.1,20.9,90,1007.4,100,8.7,11.4,150.0,7.4,65.0,1.9
2026-02-27 00:00:00,2026,2,27,0,Hồ Chí Minh,Phường Vũng Tàu,10.3537998,107.0743549,44,Good,0,25.4,88,0.0,20.9,93,1007.2,100,8.0,10.6,142.0,7.4,62.0,1.8
2026-02-27 01:00:00,2026,2,27,1,Hồ Chí Minh,Phường Vũng Tàu,10.3537998,107.0743549,43,Good,0,25.2,89,0.0,22.5,86,1006.2,97,7.6,10.1,136.0,7.4,60.0,1.7
2026-02-27 02:00:00,2026,2,27,2,Hồ Chí Minh,Phường Vũng Tàu,10.3537998,107.0743549,42,Good,0,25.1,88,0.0,21.3,86,1005.8,95,7.3,9.8,130.0,7.1,58.0,1.6
2026-02-27 03:00:00,2026,2,27,3,Hồ Chí Minh,Phường Vũng Tàu,10.3537998,107.0743549,41,Good,0,25.2,88,0.0,20.2,85,1005.5,100,7.0,9.4,125.0,6.8,56.0,1.6
2026-02-27 04:00:00,2026,2,27,4,Hồ Chí Minh,Phường Vũng Tàu,10.3537998,107.0743549,40,Good,0,25.1,89,0.0,21.0,85,1005.5,27,7.1,9.7,130.0,6.8,54.0,1.6
2026-02-27 05:00:00,2026,2,27,5,Hồ Chí Minh,Phường Vũng Tàu,10.3537998,107.0743549,39,Good,0,24.9,91,0.0,20.4,82,1005.8,30,7.2,9.7,153.0,7.4,52.0,1.7
2026-02-27 06:00:00,2026,2,27,6,Hồ Chí Minh,Phường Vũng Tàu,10.3537998,107.0743549,39,Good,0,24.5,90,1.6,19.6,89,1006.9,88,7.2,9.8,186.0,8.2,49.0,1.9
2026-02-27 07:00:00,2026,2,27,7,Hồ Chí Minh,Phường Vũng Tàu,10.3537998,107.0743549,38,Good,0,24.4,95,1.0,16.2,88,1007.9,94,9.5,12.3,207.0,8.8,51.0,2.2
2026-02-27 08:00:00,2026,2,27,8,Hồ Chí Minh,Phường Vũng Tàu,10.3537998,107.0743549,37,Good,0,25.7,86,0.7,19.1,92,1008.2,71,9.0,11.6,204.0,7.8,54.0,2.2
2026-02-27 09:00:00,2026,2,27,9,Hồ Chí Minh,Phường Vũng Tàu,10.3537998,107.0743549,37,Good,0,26.0,84,0.3,21.2,96,1008.7,60,9.9,13.1,190.0,6.5,59.0,2.2
2026-02-27 10:00:00,2026,2,27,10,Hồ Chí Minh,Phường Vũng Tàu,10.3537998,107.0743549,37,Good,0,26.6,83,0.1,19.1,98,1009.1,88,10.7,14.5,177.0,5.3,65.0,2.2
2026-02-27 11:00:00,2026,2,27,11,Hồ Chí Minh,Phường Vũng Tàu,10.3537998,107.0743549,38,Good,0,27.1,81,0.1,19.9,100,1008.6,97,11.8,16.2,171.0,4.3,75.0,2.1
2026-02-27 12:00:00,2026,2,27,12,Hồ Chí Minh,Phường Vũng Tàu,10.3537998,107.0743549,38,Good,0,27.2,82,0.1,21.3,107,1007.3,21,11.9,16.5,168.0,3.5,87.0,2.0
2026-02-27 13:00:00,2026,2,27,13,Hồ Chí Minh,Phường Vũng Tàu,10.3537998,107.0743549,39,Good,0,27.3,80,0.0,20.4,108,1006.5,41,12.2,16.9,166.0,3.0,94.0,1.9
2026-02-27 14:00:00,2026,2,27,14,Hồ Chí Minh,Phường Vũng Tàu,10.3537998,107.0743549,39,Good,0,26.8,83,0.0,20.4,116,1005.4,28,10.8,15.0,165.0,3.0,92.0,1.9
2026-02-27 15:00:00,2026,2,27,15,Hồ Chí Minh,Phường Vũng Tàu,10.3537998,107.0743549,39,Good,0,26.5,84,0.0,20.9,113,1004.8,26,10.6,14.6,166.0,3.4,86.0,1.9
2026-02-27 16:00:00,2026,2,27,16,Hồ Chí Minh,Phường Vũng Tàu,10.3537998,107.0743549,39,Good,0,26.1,85,0.0,18.1,114,1004.6,27,9.9,13.7,172.0,4.1,80.0,2.0
2026-02-27 17:00:00,2026,2,27,17,Hồ Chí Minh,Phường Vũng Tàu,10.3537998,107.0743549,39,Good,0,25.9,85,0.1,18.0,111,1005.1,38,9.3,12.8,189.0,5.2,75.0,2.1
2026-02-27 18:00:00,2026,2,27,18,Hồ Chí Minh,Phường Vũng Tàu,10.3537998,107.0743549,39,Good,0,25.5,87,0.0,15.9,103,1005.9,66,8.9,12.2,211.0,6.5,71.0,2.2
2026-02-27 19:00:00,2026,2,27,19,Hồ Chí Minh,Phường Vũng Tàu,10.3537998,107.0743549,39,Good,0,25.5,86,0.0,12.9,102,1006.0,100,10.2,13.4,222.0,10.8,66.0,2.8
2026-02-27 20:00:00,2026,2,27,20,Hồ Chí Minh,Phường Vũng Tàu,10.3537998,107.0743549,39,Good,0,25.4,89,0.1,13.4,96,1006.8,100,9.8,13.0,213.0,10.1,65.0,2.7
2026-02-27 21:00:00,2026,2,27,21,Hồ Chí Minh,Phường Vũng Tàu,10.3537998,107.0743549,39,Good,0,25.1,91,0.0,14.4,91,1007.1,89,9.1,12.1,194.0,9.2,64.0,2.5
2026-02-27 22:00:00,2026,2,27,22,Hồ Chí Minh,Phường Vũng Tàu,10.3537998,107.0743549,39,Good,0,25.1,90,0.0,14.4,89,1007.4,83,8.8,11.6,177.0,8.4,63.0,2.3
2026-02-27 23:00:00,2026,2,27,23,Hồ Chí Minh,Phường Vũng Tàu,10.3537998,107.0743549,39,Good,0,24.8,91,0.1,14.3,97,1007.9,83,8.4,11.2,166.0,8.0,62.0,2.1
2026-02-28 00:00:00,2026,2,28,0,Hồ Chí Minh,Phường Vũng Tàu,10.3537998,107.0743549,39,Good,0,24.8,91,0.1,15.7,107,1007.5,39,7.9,10.5,157.0,7.8,61.0,1.9
2026-02-28 01:00:00,2026,2,28,1,Hồ Chí Minh,Phường Vũng Tàu,10.3537998,107.0743549,39,Good,0,24.8,91,0.0,14.5,105,1007.0,53,7.9,10.6,150.0,7.8,60.0,1.8
2026-02-28 02:00:00,2026,2,28,2,Hồ Chí Minh,Phường Vũng Tàu,10.3537998,107.0743549,39,Good,0,24.7,91,0.0,13.2,105,1006.0,29,8.1,10.8,143.0,8.0,58.0,1.8
2026-02-28 03:00:00,2026,2,28,3,Hồ Chí Minh,Phường Vũng Tàu,10.3537998,107.0743549,39,Good,0,24.8,91,0.0,13.1,106,1005.3,33,8.1,10.9,137.0,8.4,56.0,2.0
2026-02-28 04:00:00,2026,2,28,4,Hồ Chí Minh,Phường Vũng Tàu,10.3537998,107.0743549,39,Good,0,24.8,90,0.0,14.1,107,1005.1,39,7.8,10.5,140.0,8.6,55.0,2.1
2026-02-28 05:00:00,2026,2,28,5,Hồ Chí Minh,Phường Vũng Tàu,10.3537998,107.0743549,39,Good,0,24.8,89,0.0,14.5,102,1005.8,46,7.4,9.9,160.0,8.5,54.0,2.2
2026-02-28 06:00:00,2026,2,28,6,Hồ Chí Minh,Phường Vũng Tàu,10.3537998,107.0743549,39,Good,0,24.8,90,0.0,15.7,103,1006.5,52,6.8,9.1,189.0,8.2,54.0,2.2
2026-02-28 07:00:00,2026,2,28,7,Hồ Chí Minh,Phường Vũng Tàu,10.3537998,107.0743549,39,Good,0,25.5,89,0.0,14.3,101,1007.4,27,7.4,9.8,207.0,7.8,58.0,2.4
2026-02-28 08:00:00,2026,2,28,8,Hồ Chí Minh,Phường Vũng Tàu,10.3537998,107.0743549,39,Good,0,26.2,85,0.1,15.6,107,1008.4,22,7.1,9.4,203.0,6.8,62.0,2.3
2026-02-28 09:00:00,2026,2,28,9,Hồ Chí Minh,Phường Vũng Tàu,10.3537998,107.0743549,38,Good,0,26.8,83,0.1,16.9,113,1009.0,30,7.2,9.7,187.0,5.3,69.0,2.3
2026-02-28 10:00:00,2026,2,28,10,Hồ Chí Minh,Phường Vũng Tàu,10.3537998,107.0743549,38,Good,0,27.1,83,0.2,16.0,119,1009.5,23,8.0,11.0,175.0,4.1,76.0,2.2
2026-02-28 11:00:00,2026,2,28,11,Hồ Chí Minh,Phường Vũng Tàu,10.3537998,107.0743549,37,Good,0,27.4,83,0.0,14.9,121,1008.9,20,9.2,12.7,172.0,3.3,85.0,2.2
2026-02-28 12:00:00,2026,2,28,12,Hồ Chí Minh,Phường Vũng Tàu,10.3537998,107.0743549,37,Good,0,27.5,82,0.0,15.0,128,1007.8,13,9.8,13.6,171.0,2.8,95.0,2.2
2026-02-28 13:00:00,2026,2,28,13,Hồ Chí Minh,Phường Vũng Tàu,10.3537998,107.0743549,37,Good,0,27.8,80,0.0,15.8,130,1007.1,2,10.4,14.4,172.0,2.6,101.0,2.2
2026-02-28 14:00:00,2026,2,28,14,Hồ Chí Minh,Phường Vũng Tàu,10.3537998,107.0743549,36,Good,0,27.5,82,0.0,15.0,130,1005.9,9,10.6,14.6,171.0,2.7,102.0,2.2
2026-02-28 15:00:00,2026,2,28,15,Hồ Chí Minh,Phường Vũng Tàu,10.3537998,107.0743549,38,Good,0,27.4,81,0.1,15.4,135,1005.0,29,10.2,14.1,171.0,3.0,98.0,2.2
2026-02-28 16:00:00,2026,2,28,16,Hồ Chí Minh,Phường Vũng Tàu,10.3537998,107.0743549,40,Good,0,27.1,80,0.0,14.4,137,1004.8,37,10.0,13.6,177.0,3.8,94.0,2.2
2026-02-28 17:00:00,2026,2,28,17,Hồ Chí Minh,Phường Vũng Tàu,10.3537998,107.0743549,42,Good,0,26.3,84,0.0,14.9,128,1005.4,25,9.7,13.2,197.0,5.3,88.0,2.3
2026-02-28 18:00:00,2026,2,28,18,Hồ Chí Minh,Phường Vũng Tàu,10.3537998,107.0743549,43,Good,0,26.0,85,0.0,11.8,124,1005.9,31,9.6,12.9,223.0,7.1,80.0,2.4
2026-02-28 19:00:00,2026,2,28,19,Hồ Chí Minh,Phường Vũng Tàu,10.3537998,107.0743549,43,Good,0,26.4,90,0.0,12.1,128,1006.2,6,10.2,13.8,237.0,9.8,74.0,2.9
2026-02-28 20:00:00,2026,2,28,20,Hồ Chí Minh,Phường Vũng Tàu,10.3537998,107.0743549,42,Good,0,26.1,91,0.0,10.7,119,1007.3,16,10.2,13.7,227.0,9.9,73.0,3.0
2026-02-28 21:00:00,2026,2,28,21,Hồ Chí Minh,Phường Vũng Tàu,10.3537998,107.0743549,41,Good,0,26.0,91,0.0,12.4,120,1007.5,5,10.4,13.9,205.0,10.1,73.0,3.1
2026-02-28 22:00:00,2026,2,28,22,Hồ Chí Minh,Phường Vũng Tàu,10.3537998,107.0743549,40,Good,0,25.9,91,0.0,11.4,115,1007.7,8,10.6,14.2,185.0,10.0,72.0,3.1
2026-02-28 23:00:00,2026,2,28,23,Hồ Chí Minh,Phường Vũng Tàu,10.3537998,107.0743549,38,Good,0,25.8,91,0.0,12.3,119,1007.6,8,10.4,14.1,174.0,9.3,72.0,2.9
2026-03-01 00:00:00,2026,3,1,0,Hồ Chí Minh,Phường Vũng Tàu,10.3537998,107.0743549,37,Good,0,25.7,90,0.0,12.3,121,1007.3,10,10.1,13.9,165.0,8.4,73.0,2.6
2026-03-01 01:00:00,2026,3,1,1,Hồ Chí Minh,Phường Vũng Tàu,10.3537998,107.0743549,38,Good,0,25.5,92,0.0,14.5,124,1006.6,22,10.1,13.9,159.0,7.7,73.0,2.4
2026-03-01 02:00:00,2026,3,1,2,Hồ Chí Minh,Phường Vũng Tàu,10.3537998,107.0743549,38,Good,0,25.4,92,0.0,14.7,126,1006.3,21,10.2,14.2,152.0,7.6,72.0,2.4
2026-03-01 03:00:00,2026,3,1,3,Hồ Chí Minh,Phường Vũng Tàu,10.3537998,107.0743549,38,Good,0,25.2,93,0.0,13.4,122,1006.0,22,10.4,14.5,147.0,7.9,72.0,2.5
2026-03-01 04:00:00,2026,3,1,4,Hồ Chí Minh,Phường Vũng Tàu,10.3537998,107.0743549,39,Good,0,25.1,93,0.0,11.9,125,1006.2,24,10.8,14.9,152.0,8.1,71.0,2.6
2026-03-01 05:00:00,2026,3,1,5,Hồ Chí Minh,Phường Vũng Tàu,10.3537998,107.0743549,39,Good,0,25.0,93,0.0,10.7,125,1006.5,20,11.0,15.3,178.0,8.4,70.0,2.8
2026-03-01 06:00:00,2026,3,1,6,Hồ Chí Minh,Phường Vũng Tàu,10.3537998,107.0743549,40,Good,0,25.0,93,0.0,11.2,122,1007.2,14,11.3,15.5,214.0,8.7,70.0,2.9
2026-03-01 07:00:00,2026,3,1,7,Hồ Chí Minh,Phường Vũng Tàu,10.3537998,107.0743549,41,Good,0,25.9,89,0.0,12.0,118,1007.9,8,11.4,15.4,235.0,8.9,72.0,3.2
2026-03-01 08:00:00,2026,3,1,8,Hồ Chí Minh,Phường Vũng Tàu,10.3537998,107.0743549,41,Good,0,26.5,86,0.0,12.2,117,1008.9,18,11.4,15.5,224.0,7.7,77.0,3.2
2026-03-01 09:00:00,2026,3,1,9,Hồ Chí Minh,Phường Vũng Tàu,10.3537998,107.0743549,42,Good,0,27.2,82,0.0,12.1,117,1009.3,27,11.7,16.1,198.0,6.1,84.0,3.2
2026-03-01 10:00:00,2026,3,1,10,Hồ Chí Minh,Phường Vũng Tàu,10.3537998,107.0743549,43,Good,0,27.8,78,0.0,11.6,118,1009.2,31,12.9,17.7,178.0,4.8,91.0,3.2
2026-03-01 11:00:00,2026,3,1,11,Hồ Chí Minh,Phường Vũng Tàu,10.3537998,107.0743549,44,Good,0,28.0,78,0.0,11.4,121,1008.8,39,14.1,19.3,172.0,3.9,100.0,3.1
2026-03-01 12:00:00,2026,3,1,12,Hồ Chí Minh,Phường Vũng Tàu,10.3537998,107.0743549,45,Good,0,28.1,77,0.0,12.0,133,1008.0,4,14.3,19.5,173.0,3.3,110.0,3.0
2026-03-01 13:00:00,2026,3,1,13,Hồ Chí Minh,Phường Vũng Tàu,10.3537998,107.0743549,45,Good,0,28.4,74,0.0,13.4,133,1007.1,9,13.9,18.7,174.0,3.1,116.0,2.9
2026-03-01 14:00:00,2026,3,1,14,Hồ Chí Minh,Phường Vũng Tàu,10.3537998,107.0743549,46,Good,0,28.1,76,0.0,13.2,129,1006.2,6,13.3,17.7,172.0,3.3,115.0,2.8
2026-03-01 15:00:00,2026,3,1,15,Hồ Chí Minh,Phường Vũng Tàu,10.3537998,107.0743549,47,Good,0,28.0,78,0.0,14.0,137,1005.2,34,12.7,16.8,171.0,4.0,110.0,2.6
2026-03-01 16:00:00,2026,3,1,16,Hồ Chí Minh,Phường Vũng Tàu,10.3537998,107.0743549,47,Good,0,27.3,82,0.0,13.6,131,1004.8,3,12.1,16.0,179.0,5.0,104.0,2.6
2026-03-01 17:00:00,2026,3,1,17,Hồ Chí Minh,Phường Vũng Tàu,10.3537998,107.0743549,48,Good,0,27.0,82,0.0,12.2,121,1005.6,2,11.3,14.8,208.0,6.7,95.0,2.7
2026-03-01 18:00:00,2026,3,1,18,Hồ Chí Minh,Phường Vũng Tàu,10.3537998,107.0743549,49,Good,0,26.2,86,0.0,11.3,132,1006.2,0,10.9,14.2,245.0,8.7,85.0,2.9
2026-03-01 19:00:00,2026,3,1,19,Hồ Chí Minh,Phường Vũng Tàu,10.3537998,107.0743549,48,Good,0,26.5,88,0.0,11.1,124,1006.5,0,14.4,18.7,265.0,11.4,81.0,3.4
2026-03-01 20:00:00,2026,3,1,20,Hồ Chí Minh,Phường Vũng Tàu,10.3537998,107.0743549,49,Good,0,26.2,89,0.0,10.4,116,1007.5,0,13.2,17.1,250.0,10.7,80.0,3.2
2026-03-01 21:00:00,2026,3,1,21,Hồ Chí Minh,Phường Vũng Tàu,10.3537998,107.0743549,49,Good,0,26.1,89,0.0,9.2,106,1008.4,2,12.0,15.7,217.0,9.8,79.0,3.0
2026-03-01 22:00:00,2026,3,1,22,Hồ Chí Minh,Phường Vũng Tàu,10.3537998,107.0743549,49,Good,0,25.9,90,0.0,10.2,100,1008.3,14,10.8,14.4,189.0,9.0,77.0,2.8
2026-03-01 23:00:00,2026,3,1,23,Hồ Chí Minh,Phường Vũng Tàu,10.3537998,107.0743549,49,Good,0,25.8,91,0.0,10.0,104,1008.6,48,9.7,13.1,174.0,8.3,75.0,2.6
2026-03-02 00:00:00,2026,3,2,0,Hồ Chí Minh,Phường Vũng Tàu,10.3537998,107.0743549,49,Good,0,25.6,93,0.0,9.0,110,1008.5,38,9.0,12.3,164.0,7.7,73.0,2.5
2026-03-02 01:00:00,2026,3,2,1,Hồ Chí Minh,Phường Vũng Tàu,10.3537998,107.0743549,49,Good,0,25.9,92,0.0,11.2,118,1007.9,94,8.6,12.0,156.0,7.4,71.0,2.4
2026-03-02 02:00:00,2026,3,2,2,Hồ Chí Minh,Phường Vũng Tàu,10.3537998,107.0743549,49,Good,0,25.9,92,0.0,11.0,116,1007.4,98,8.4,11.7,148.0,7.7,68.0,2.5
2026-03-02 03:00:00,2026,3,2,3,Hồ Chí Minh,Phường Vũng Tàu,10.3537998,107.0743549,49,Good,0,25.7,92,0.0,10.6,114,1007.1,73,8.3,11.6,142.0,8.3,64.0,2.6
2026-03-02 04:00:00,2026,3,2,4,Hồ Chí Minh,Phường Vũng Tàu,10.3537998,107.0743549,48,Good,0,25.5,93,0.0,9.9,112,1006.9,19,8.4,11.7,146.0,9.0,61.0,2.8
2026-03-02 05:00:00,2026,3,2,5,Hồ Chí Minh,Phường Vũng Tàu,10.3537998,107.0743549,48,Good,0,25.4,93,0.0,10.5,115,1007.6,48,8.7,11.9,172.0,10.0,58.0,3.1
2026-03-02 06:00:00,2026,3,2,6,Hồ Chí Minh,Phường Vũng Tàu,10.3537998,107.0743549,47,Good,0,25.4,93,0.0,9.8,114,1008.3,77,9.0,12.3,209.0,11.0,56.0,3.4
2026-03-02 07:00:00,2026,3,2,7,Hồ Chí Minh,Phường Vũng Tàu,10.3537998,107.0743549,47,Good,0,26.1,92,0.0,9.9,119,1009.1,87,10.0,13.8,229.0,10.4,57.0,3.8
2026-03-02 08:00:00,2026,3,2,8,Hồ Chí Minh,Phường Vũng Tàu,10.3537998,107.0743549,47,Good,0,27.0,86,0.0,10.7,120,1010.0,20,9.8,13.5,214.0,9.0,61.0,3.8
2026-03-02 09:00:00,2026,3,2,9,Hồ Chí Minh,Phường Vũng Tàu,10.3537998,107.0743549,46,Good,0,27.7,81,0.0,12.5,122,1010.7,14,10.0,13.9,183.0,7.1,67.0,3.7
2026-03-02 10:00:00,2026,3,2,10,Hồ Chí Minh,Phường Vũng Tàu,10.3537998,107.0743549,46,Good,0,28.1,78,0.1,13.6,124,1010.8,12,11.0,15.4,158.0,5.5,74.0,3.6
2026-03-02 11:00:00,2026,3,2,11,Hồ Chí Minh,Phường Vũng Tàu,10.3537998,107.0743549,46,Good,0,28.4,78,0.0,14.1,127,1010.4,3,12.2,17.1,150.0,4.4,83.0,3.4
2026-03-02 12:00:00,2026,3,2,12,Hồ Chí Minh,Phường Vũng Tàu,10.3537998,107.0743549,45,Good,0,28.5,76,0.0,13.6,129,1009.7,5,12.3,17.1,149.0,3.7,94.0,3.2
2026-03-02 13:00:00,2026,3,2,13,Hồ Chí Minh,Phường Vũng Tàu,10.3537998,107.0743549,45,Good,0,28.9,75,0.0,13.8,139,1008.7,4,11.8,16.2,151.0,3.3,100.0,3.0
2026-03-02 14:00:00,2026,3,2,14,Hồ Chí Minh,Phường Vũng Tàu,10.3537998,107.0743549,45,Good,0,28.7,76,0.0,13.4,138,1007.5,3,10.9,15.0,153.0,3.4,99.0,2.9
2026-03-02 15:00:00,2026,3,2,15,Hồ Chí Minh,Phường Vũng Tàu,10.3537998,107.0743549,44,Good,0,28.3,77,0.0,13.4,129,1006.6,2,10.4,14.2,158.0,4.0,94.0,2.8
2026-03-02 16:00:00,2026,3,2,16,Hồ Chí Minh,Phường Vũng Tàu,10.3537998,107.0743549,44,Good,0,28.1,77,0.0,13.8,125,1006.4,1,9.9,13.4,170.0,4.9,88.0,2.8
2026-03-02 17:00:00,2026,3,2,17,Hồ Chí Minh,Phường Vũng Tàu,10.3537998,107.0743549,44,Good,0,27.5,81,0.0,12.6,132,1006.7,3,9.3,12.5,200.0,6.5,80.0,2.9
2026-03-02 18:00:00,2026,3,2,18,Hồ Chí Minh,Phường Vũng Tàu,10.3537998,107.0743549,43,Good,0,26.6,86,0.0,10.8,136,1007.6,8,9.1,12.0,237.0,8.5,71.0,2.9
2026-03-02 19:00:00,2026,3,2,19,Hồ Chí Minh,Phường Vũng Tàu,10.3537998,107.0743549,43,Good,0,26.9,86,0.0,10.9,136,1007.2,0,12.3,16.1,255.0,11.8,65.0,3.6
2026-03-02 20:00:00,2026,3,2,20,Hồ Chí Minh,Phường Vũng Tàu,10.3537998,107.0743549,43,Good,0,26.6,87,0.0,10.6,118,1008.3,0,11.6,15.3,235.0,11.4,65.0,3.5
2026-03-02 21:00:00,2026,3,2,21,Hồ Chí Minh,Phường Vũng Tàu,10.3537998,107.0743549,42,Good,0,26.4,87,0.0,11.3,103,1009.1,0,11.1,14.7,196.0,10.7,66.0,3.4
2026-03-02 22:00:00,2026,3,2,22,Hồ Chí Minh,Phường Vũng Tàu,10.3537998,107.0743549,42,Good,0,26.2,89,0.0,12.3,101,1009.1,0,10.5,13.9,167.0,10.1,66.0,3.2
2026-03-02 23:00:00,2026,3,2,23,Hồ Chí Minh,Phường Vũng Tàu,10.3537998,107.0743549,42,Good,0,26.0,90,0.0,9.0,95,1009.3,50,9.8,13.2,162.0,9.4,65.0,3.0
2026-03-03 00:00:00,2026,3,3,0,Hồ Chí Minh,Phường Vũng Tàu,10.3537998,107.0743549,42,Good,0,25.8,91,0.0,8.8,101,1009.1,88,9.0,12.3,166.0,8.7,64.0,2.7
2026-03-03 01:00:00,2026,3,3,1,Hồ Chí Minh,Phường Vũng Tàu,10.3537998,107.0743549,42,Good,0,25.9,91,0.0,9.9,106,1008.1,62,8.5,11.6,167.0,8.4,62.0,2.5
2026-03-03 02:00:00,2026,3,3,2,Hồ Chí Minh,Phường Vũng Tàu,10.3537998,107.0743549,42,Good,0,26.0,88,0.0,10.1,109,1007.6,8,8.2,11.3,153.0,8.6,59.0,2.5
2026-03-03 03:00:00,2026,3,3,3,Hồ Chí Minh,Phường Vũng Tàu,10.3537998,107.0743549,42,Good,0,25.9,89,0.0,8.9,126,1007.7,13,8.1,11.1,135.0,9.2,57.0,2.6
2026-03-03 04:00:00,2026,3,3,4,Hồ Chí Minh,Phường Vũng Tàu,10.3537998,107.0743549,42,Good,0,25.7,91,0.0,9.4,128,1007.9,25,8.1,11.1,131.0,9.8,54.0,2.8
2026-03-03 05:00:00,2026,3,3,5,Hồ Chí Minh,Phường Vũng Tàu,10.3537998,107.0743549,42,Good,0,25.5,90,0.0,7.9,131,1008.6,28,8.2,11.2,157.0,10.4,52.0,3.1
2026-03-03 06:00:00,2026,3,3,6,Hồ Chí Minh,Phường Vũng Tàu,10.3537998,107.0743549,42,Good,0,25.2,89,0.2,7.6,144,1009.2,45,8.4,11.2,197.0,11.0,50.0,3.4
2026-03-03 07:00:00,2026,3,3,7,Hồ Chí Minh,Phường Vũng Tàu,10.3537998,107.0743549,42,Good,0,25.8,89,0.0,3.9,133,1009.9,40,9.7,13.2,222.0,10.2,50.0,3.5
2026-03-03 08:00:00,2026,3,3,8,Hồ Chí Minh,Phường Vũng Tàu,10.3537998,107.0743549,42,Good,0,27.0,82,0.0,6.3,149,1010.8,40,9.8,13.4,214.0,9.0,53.0,3.5
2026-03-03 09:00:00,2026,3,3,9,Hồ Chí Minh,Phường Vũng Tàu,10.3537998,107.0743549,42,Good,0,27.5,79,0.0,9.7,141,1011.1,27,10.1,13.9,190.0,7.3,57.0,3.6
2026-03-03 10:00:00,2026,3,3,10,Hồ Chí Minh,Phường Vũng Tàu,10.3537998,107.0743549,42,Good,0,28.0,76,0.1,9.9,132,1011.7,70,10.9,15.1,171.0,5.8,62.0,3.6
2026-03-03 11:00:00,2026,3,3,11,Hồ Chí Minh,Phường Vũng Tàu,10.3537998,107.0743549,42,Good,0,28.5,75,0.2,11.0,132,1011.0,22,12.0,16.6,163.0,4.7,71.0,3.5
2026-03-03 12:00:00,2026,3,3,12,Hồ Chí Minh,Phường Vũng Tàu,10.3537998,107.0743549,42,Good,0,29.2,70,0.0,11.8,137,1010.0,27,12.5,17.3,161.0,3.7,81.0,3.2
2026-03-03 13:00:00,2026,3,3,13,Hồ Chí Minh,Phường Vũng Tàu,10.3537998,107.0743549,42,Good,0,29.4,69,0.0,11.1,149,1008.7,38,12.6,17.3,162.0,3.4,88.0,3.1
2026-03-03 14:00:00,2026,3,3,14,Hồ Chí Minh,Phường Vũng Tàu,10.3537998,107.0743549,42,Good,0,29.3,70,0.0,11.9,149,1007.5,76,12.3,16.7,168.0,3.8,88.0,3.1
2026-03-03 15:00:00,2026,3,3,15,Hồ Chí Minh,Phường Vũng Tàu,10.3537998,107.0743549,42,Good,0,28.8,72,0.0,11.8,149,1006.4,9,11.8,15.9,179.0,4.7,84.0,3.1
2026-03-03 16:00:00,2026,3,3,16,Hồ Chí Minh,Phường Vũng Tàu,10.3537998,107.0743549,42,Good,0,28.7,72,0.0,11.4,151,1006.2,16,11.4,15.3,191.0,6.1,78.0,3.2
2026-03-03 17:00:00,2026,3,3,17,Hồ Chí Minh,Phường Vũng Tàu,10.3537998,107.0743549,43,Good,0,28.0,76,0.0,13.2,154,1006.8,99,10.9,14.5,206.0,8.5,69.0,3.3
2026-03-03 18:00:00,2026,3,3,18,Hồ Chí Minh,Phường Vũng Tàu,10.3537998,107.0743549,43,Good,0,27.0,82,0.0,10.9,153,1007.4,87,10.6,13.8,221.0,11.4,58.0,3.5
2026-03-03 19:00:00,2026,3,3,19,Hồ Chí Minh,Phường Vũng Tàu,10.3537998,107.0743549,43,Good,0,27.1,84,0.0,11.1,146,1007.8,20,16.7,21.1,231.0,16.5,42.0,4.3
2026-03-03 20:00:00,2026,3,3,20,Hồ Chí Minh,Phường Vũng Tàu,10.3537998,107.0743549,44,Good,0,27.0,86,0.0,11.5,135,1008.6,91,14.6,18.7,232.0,15.5,42.0,4.0
2026-03-03 21:00:00,2026,3,3,21,Hồ Chí Minh,Phường Vũng Tàu,10.3537998,107.0743549,44,Good,0,26.9,84,0.0,12.8,125,1009.1,100,13.1,17.1,227.0,14.0,43.0,3.6
2026-03-03 22:00:00,2026,3,3,22,Hồ Chí Minh,Phường Vũng Tàu,10.3537998,107.0743549,45,Good,0,26.6,87,0.0,13.9,113,1009.4,100,12.1,16.0,216.0,12.5,45.0,3.2
2026-03-03 23:00:00,2026,3,3,23,Hồ Chí Minh,Phường Vũng Tàu,10.3537998,107.0743549,45,Good,0,26.5,86,0.0,16.5,110,1009.6,100,11.6,15.5,197.0,10.9,49.0,2.9
2026-03-04 00:00:00,2026,3,4,0,Hồ Chí Minh,Phường Vũng Tàu,10.3537998,107.0743549,45,Good,0,26.4,86,0.0,16.6,107,1009.5,100,11.2,15.3,173.0,9.3,54.0,2.6
2026-03-04 01:00:00,2026,3,4,1,Hồ Chí Minh,Phường Vũng Tàu,10.3537998,107.0743549,46,Good,0,26.5,88,0.0,17.3,109,1009.5,98,11.2,15.6,153.0,8.1,58.0,2.4
2026-03-04 02:00:00,2026,3,4,2,Hồ Chí Minh,Phường Vũng Tàu,10.3537998,107.0743549,46,Good,0,26.4,88,0.0,17.2,115,1009.1,99,11.1,15.4,138.0,7.5,59.0,2.3
2026-03-04 03:00:00,2026,3,4,3,Hồ Chí Minh,Phường Vũng Tàu,10.3537998,107.0743549,47,Good,0,26.1,89,0.0,16.4,113,1008.6,75,10.7,14.8,126.0,7.4,57.0,2.2
2026-03-04 04:00:00,2026,3,4,4,Hồ Chí Minh,Phường Vũng Tàu,10.3537998,107.0743549,47,Good,0,26.0,89,0.0,15.0,111,1008.4,29,10.4,14.4,128.0,7.5,56.0,2.2
2026-03-04 05:00:00,2026,3,4,5,Hồ Chí Minh,Phường Vũng Tàu,10.3537998,107.0743549,48,Good,0,25.8,90,0.0,14.1,103,1008.9,36,10.5,14.5,155.0,8.0,54.0,2.4
2026-03-04 06:00:00,2026,3,4,6,Hồ Chí Minh,Phường Vũng Tàu,10.3537998,107.0743549,48,Good,0,25.5,92,0.0,15.0,97,1009.2,17,10.7,14.6,195.0,8.8,52.0,2.7
2026-03-04 07:00:00,2026,3,4,7,Hồ Chí Minh,Phường Vũng Tàu,10.3537998,107.0743549,48,Good,0,26.8,84,0.0,9.9,117,1010.0,20,12.1,16.8,220.0,8.0,52.0,2.5
2026-03-04 08:00:00,2026,3,4,8,Hồ Chí Minh,Phường Vũng Tàu,10.3537998,107.0743549,49,Good,0,27.6,78,0.1,11.0,113,1010.4,37,12.7,17.3,213.0,7.4,56.0,2.7
2026-03-04 09:00:00,2026,3,4,9,Hồ Chí Minh,Phường Vũng Tàu,10.3537998,107.0743549,49,Good,0,28.5,74,0.5,13.7,112,1010.9,27,13.4,18.4,191.0,6.6,61.0,2.9
2026-03-04 10:00:00,2026,3,4,10,Hồ Chí Minh,Phường Vũng Tàu,10.3537998,107.0743549,50,Good,0,29.0,71,0.4,16.3,115,1011.2,27,14.7,20.1,173.0,5.7,68.0,3.0
2026-03-04 11:00:00,2026,3,4,11,Hồ Chí Minh,Phường Vũng Tàu,10.3537998,107.0743549,50,Good,0,29.3,70,0.3,17.6,121,1011.0,27,16.5,22.5,167.0,4.8,78.0,3.0
2026-03-04 12:00:00,2026,3,4,12,Hồ Chí Minh,Phường Vũng Tàu,10.3537998,107.0743549,51,Moderate,1,29.2,70,0.3,17.0,123,1010.1,38,17.3,23.7,167.0,3.9,91.0,2.8
2026-03-04 13:00:00,2026,3,4,13,Hồ Chí Minh,Phường Vũng Tàu,10.3537998,107.0743549,51,Moderate,1,29.1,70,0.2,17.1,132,1009.2,33,17.5,23.9,167.0,3.4,99.0,2.7
2026-03-04 14:00:00,2026,3,4,14,Hồ Chí Minh,Phường Vũng Tàu,10.3537998,107.0743549,52,Moderate,1,28.7,69,0.0,16.8,128,1008.0,13,17.3,23.5,167.0,3.5,101.0,2.6
2026-03-04 15:00:00,2026,3,4,15,Hồ Chí Minh,Phường Vũng Tàu,10.3537998,107.0743549,52,Moderate,1,29.0,63,0.0,16.9,121,1006.7,4,16.7,22.5,169.0,4.0,100.0,2.6
2026-03-04 16:00:00,2026,3,4,16,Hồ Chí Minh,Phường Vũng Tàu,10.3537998,107.0743549,52,Moderate,1,28.2,63,0.0,16.8,121,1006.3,4,15.8,21.2,174.0,4.8,96.0,2.6
2026-03-04 17:00:00,2026,3,4,17,Hồ Chí Minh,Phường Vũng Tàu,10.3537998,107.0743549,53,Moderate,1,27.5,69,0.0,15.1,121,1006.5,6,15.2,20.4,187.0,6.2,89.0,2.6
2026-03-04 18:00:00,2026,3,4,18,Hồ Chí Minh,Phường Vũng Tàu,10.3537998,107.0743549,53,Moderate,1,26.6,78,0.0,13.7,123,1006.8,20,14.8,19.7,203.0,7.9,80.0,2.6
2026-03-04 19:00:00,2026,3,4,19,Hồ Chí Minh,Phường Vũng Tàu,10.3537998,107.0743549,54,Moderate,1,26.9,80,0.0,11.2,134,1007.3,23,14.9,20.3,210.0,9.0,72.0,2.6
2026-03-04 20:00:00,2026,3,4,20,Hồ Chí Minh,Phường Vũng Tàu,10.3537998,107.0743549,53,Moderate,1,26.8,79,0.0,15.8,122,1008.1,8,14.6,19.7,200.0,8.3,71.0,2.4
2026-03-04 21:00:00,2026,3,4,21,Hồ Chí Minh,Phường Vũng Tàu,10.3537998,107.0743549,53,Moderate,1,26.6,81,0.0,15.0,116,1009.0,5,13.8,18.7,182.0,7.5,69.0,2.1
2026-03-04 22:00:00,2026,3,4,22,Hồ Chí Minh,Phường Vũng Tàu,10.3537998,107.0743549,53,Moderate,1,26.5,82,0.0,15.8,111,1009.2,16,13.0,17.5,166.0,6.8,67.0,1.8
2026-03-04 23:00:00,2026,3,4,23,Hồ Chí Minh,Phường Vũng Tàu,10.3537998,107.0743549,54,Moderate,1,26.4,83,0.0,14.6,109,1009.6,26,12.4,16.7,158.0,6.6,65.0,1.6
2026-03-05 00:00:00,2026,3,5,0,Hồ Chí Minh,Phường Vũng Tàu,10.3537998,107.0743549,54,Moderate,1,26.4,83,0.0,16.5,103,1009.2,41,12.1,16.4,152.0,6.6,63.0,1.4
2026-03-05 01:00:00,2026,3,5,1,Hồ Chí Minh,Phường Vũng Tàu,10.3537998,107.0743549,54,Moderate,1,26.3,86,0.0,16.9,106,1008.7,13,12.1,16.4,148.0,6.8,61.0,1.3
2026-03-05 02:00:00,2026,3,5,2,Hồ Chí Minh,Phường Vũng Tàu,10.3537998,107.0743549,54,Moderate,1,26.4,85,0.0,17.4,110,1008.3,28,12.1,16.3,143.0,7.0,60.0,1.3
2026-03-05 03:00:00,2026,3,5,3,Hồ Chí Minh,Phường Vũng Tàu,10.3537998,107.0743549,54,Moderate,1,26.4,85,0.0,15.7,115,1007.9,31,12.0,16.2,140.0,7.3,58.0,1.4
2026-03-05 04:00:00,2026,3,5,4,Hồ Chí Minh,Phường Vũng Tàu,10.3537998,107.0743549,54,Moderate,1,26.4,84,0.0,15.7,112,1007.6,27,12.0,16.1,143.0,7.9,57.0,1.7
2026-03-05 05:00:00,2026,3,5,5,Hồ Chí Minh,Phường Vũng Tàu,10.3537998,107.0743549,54,Moderate,1,26.1,84,0.0,17.4,101,1007.9,20,12.1,16.1,159.0,9.1,54.0,2.2
2026-03-05 06:00:00,2026,3,5,6,Hồ Chí Minh,Phường Vũng Tàu,10.3537998,107.0743549,54,Moderate,1,26.0,86,0.0,19.8,93,1008.3,78,12.8,16.7,183.0,10.5,51.0,2.9
2026-03-05 07:00:00,2026,3,5,7,Hồ Chí Minh,Phường Vũng Tàu,10.3537998,107.0743549,54,Moderate,1,26.9,82,0.0,19.7,94,1008.9,6,16.1,20.9,198.0,9.5,56.0,2.7
2026-03-05 08:00:00,2026,3,5,8,Hồ Chí Minh,Phường Vũng Tàu,10.3537998,107.0743549,55,Moderate,1,28.0,74,0.0,20.7,93,1009.6,45,16.5,21.2,198.0,8.2,63.0,2.8
2026-03-05 09:00:00,2026,3,5,9,Hồ Chí Minh,Phường Vũng Tàu,10.3537998,107.0743549,55,Moderate,1,29.0,69,0.1,23.1,92,1010.2,89,16.9,21.8,191.0,6.3,74.0,2.8
2026-03-05 10:00:00,2026,3,5,10,Hồ Chí Minh,Phường Vũng Tàu,10.3537998,107.0743549,55,Moderate,1,29.5,66,0.1,24.8,95,1010.6,99,17.1,22.3,183.0,4.8,84.0,2.8
2026-03-05 11:00:00,2026,3,5,11,Hồ Chí Minh,Phường Vũng Tàu,10.3537998,107.0743549,56,Moderate,1,29.9,65,0.1,24.6,101,1010.6,24,17.0,22.4,176.0,3.8,95.0,2.6
2026-03-05 12:00:00,2026,3,5,12,Hồ Chí Minh,Phường Vũng Tàu,10.3537998,107.0743549,56,Moderate,1,30.1,63,0.0,23.9,102,1009.6,10,16.8,22.3,169.0,3.1,106.0,2.2
2026-03-05 13:00:00,2026,3,5,13,Hồ Chí Minh,Phường Vũng Tàu,10.3537998,107.0743549,56,Moderate,1,30.0,61,0.0,22.8,102,1008.7,50,16.6,22.2,164.0,2.8,113.0,2.0
2026-03-05 14:00:00,2026,3,5,14,Hồ Chí Minh,Phường Vũng Tàu,10.3537998,107.0743549,56,Moderate,1,29.6,62,0.1,25.6,106,1007.7,28,16.1,21.7,162.0,3.0,114.0,1.9
2026-03-05 15:00:00,2026,3,5,15,Hồ Chí Minh,Phường Vũng Tàu,10.3537998,107.0743549,55,Moderate,1,29.4,64,0.0,25.0,109,1006.7,7,15.4,20.7,162.0,3.5,111.0,1.9
2026-03-05 16:00:00,2026,3,5,16,Hồ Chí Minh,Phường Vũng Tàu,10.3537998,107.0743549,55,Moderate,1,28.4,66,0.0,24.8,102,1006.7,11,14.7,19.7,163.0,4.4,106.0,1.9
2026-03-05 17:00:00,2026,3,5,17,Hồ Chí Minh,Phường Vũng Tàu,10.3537998,107.0743549,55,Moderate,1,27.4,76,0.0,24.8,99,1006.7,7,14.0,18.8,165.0,5.8,100.0,1.9
2026-03-05 18:00:00,2026,3,5,18,Hồ Chí Minh,Phường Vũng Tàu,10.3537998,107.0743549,55,Moderate,1,26.7,79,0.0,23.8,92,1007.3,16,13.6,18.0,169.0,7.5,93.0,2.0
2026-03-05 19:00:00,2026,3,5,19,Hồ Chí Minh,Phường Vũng Tàu,10.3537998,107.0743549,55,Moderate,1,27.2,80,0.0,23.1,94,1007.7,90,15.6,20.5,169.0,8.6,86.0,2.1
2026-03-05 20:00:00,2026,3,5,20,Hồ Chí Minh,Phường Vũng Tàu,10.3537998,107.0743549,55,Moderate,1,27.0,81,0.0,23.1,94,1008.5,63,13.9,18.5,164.0,8.2,83.0,2.0
2026-03-05 21:00:00,2026,3,5,21,Hồ Chí Minh,Phường Vũng Tàu,10.3537998,107.0743549,55,Moderate,1,26.9,81,0.0,22.4,93,1008.8,93,12.5,16.6,157.0,7.6,79.0,1.9
2026-03-05 22:00:00,2026,3,5,22,Hồ Chí Minh,Phường Vũng Tàu,10.3537998,107.0743549,55,Moderate,1,26.6,82,0.0,21.8,90,1009.1,34,11.5,15.3,151.0,7.2,75.0,1.8
2026-03-05 23:00:00,2026,3,5,23,Hồ Chí Minh,Phường Vũng Tàu,10.3537998,107.0743549,55,Moderate,1,26.5,83,0.0,22.4,85,1009.3,45,10.9,14.5,147.0,7.3,73.0,1.8
2026-03-06 00:00:00,2026,3,6,0,Hồ Chí Minh,Phường Vũng Tàu,10.3537998,107.0743549,55,Moderate,1,26.4,84,0.0,20.5,82,1008.9,90,10.4,13.9,143.0,7.6,71.0,1.8
2026-03-06 01:00:00,2026,3,6,1,Hồ Chí Minh,Phường Vũng Tàu,10.3537998,107.0743549,54,Moderate,1,26.5,84,0.0,15.7,66,1008.5,100,10.2,13.6,143.0,8.0,69.0,1.9
2026-03-06 02:00:00,2026,3,6,2,Hồ Chí Minh,Phường Vũng Tàu,10.3537998,107.0743549,54,Moderate,1,26.2,85,0.0,13.8,55,1008.3,100,10.2,13.5,143.0,8.6,67.0,2.0
2026-03-06 03:00:00,2026,3,6,3,Hồ Chí Minh,Phường Vũng Tàu,10.3537998,107.0743549,54,Moderate,1,25.8,88,0.0,9.8,32,1007.9,87,10.3,13.5,145.0,9.2,66.0,2.2
2026-03-06 04:00:00,2026,3,6,4,Hồ Chí Minh,Phường Vũng Tàu,10.3537998,107.0743549,54,Moderate,1,25.6,90,0.0,7.9,33,1007.6,34,10.3,13.4,161.0,9.8,64.0,2.5
2026-03-06 05:00:00,2026,3,6,5,Hồ Chí Minh,Phường Vũng Tàu,10.3537998,107.0743549,54,Moderate,1,25.2,93,0.0,8.3,27,1008.1,40,10.7,13.7,203.0,10.4,59.0,3.0
2026-03-06 06:00:00,2026,3,6,6,Hồ Chí Minh,Phường Vũng Tàu,10.3537998,107.0743549,54,Moderate,1,25.0,93,0.0,6.8,3,1008.8,49,11.6,14.5,258.0,10.9,55.0,3.6
2026-03-06 07:00:00,2026,3,6,7,Hồ Chí Minh,Phường Vũng Tàu,10.3537998,107.0743549,54,Moderate,1,25.8,85,0.0,8.7,347,1009.8,24,11.2,13.0,296.0,10.9,58.0,5.5
2026-03-06 08:00:00,2026,3,6,8,Hồ Chí Minh,Phường Vũng Tàu,10.3537998,107.0743549,53,Moderate,1,27.2,73,0.0,8.1,357,1010.6,36,13.3,15.5,300.0,9.6,75.0,6.1
2026-03-06 09:00:00,2026,3,6,9,Hồ Chí Minh,Phường Vũng Tàu,10.3537998,107.0743549,53,Moderate,1,28.6,64,0.0,7.1,353,1011.3,17,13.5,14.3,286.0,7.8,100.0,7.0
2026-03-06 10:00:00,2026,3,6,10,Hồ Chí Minh,Phường Vũng Tàu,10.3537998,107.0743549,53,Moderate,1,29.6,61,0.0,5.0,314,1011.5,34,15.4,16.1,274.0,6.2,122.0,7.4
2026-03-06 11:00:00,2026,3,6,11,Hồ Chí Minh,Phường Vũng Tàu,10.3537998,107.0743549,52,Moderate,1,30.0,58,0.3,1.6,207,1011.1,31,16.8,17.5,274.0,5.0,141.0,7.0
2026-03-06 12:00:00,2026,3,6,12,Hồ Chí Minh,Phường Vũng Tàu,10.3537998,107.0743549,52,Moderate,1,29.9,58,0.1,8.1,175,1010.2,37,16.9,17.6,276.0,4.0,157.0,6.1
2026-03-06 13:00:00,2026,3,6,13,Hồ Chí Minh,Phường Vũng Tàu,10.3537998,107.0743549,52,Moderate,1,29.8,62,0.1,11.5,158,1009.4,13,15.5,16.5,270.0,3.5,164.0,5.1
2026-03-06 14:00:00,2026,3,6,14,Hồ Chí Minh,Phường Vũng Tàu,10.3537998,107.0743549,52,Moderate,1,29.2,66,0.1,14.3,140,1008.3,26,13.5,15.9,245.0,3.6,154.0,4.1
2026-03-06 15:00:00,2026,3,6,15,Hồ Chí Minh,Phường Vũng Tàu,10.3537998,107.0743549,73,Moderate,1,28.9,69,0.1,20.1,115,1007.6,17,12.1,15.3,211.0,4.2,134.0,3.0
2026-03-06 16:00:00,2026,3,6,16,Hồ Chí Minh,Phường Vũng Tàu,10.3537998,107.0743549,89,Moderate,1,28.2,72,0.1,19.3,99,1007.8,40,10.9,14.2,193.0,5.3,117.0,2.3
2026-03-06 17:00:00,2026,3,6,17,Hồ Chí Minh,Phường Vũng Tàu,10.3537998,107.0743549,98,Moderate,1,28.0,70,0.1,16.0,71,1008.0,21,10.2,13.5,202.0,7.3,106.0,2.3
2026-03-06 18:00:00,2026,3,6,18,Hồ Chí Minh,Phường Vũng Tàu,10.3537998,107.0743549,99,Moderate,1,25.1,80,0.0,16.9,3,1008.8,51,9.7,12.7,226.0,9.9,97.0,2.7
2026-03-06 19:00:00,2026,3,6,19,Hồ Chí Minh,Phường Vũng Tàu,10.3537998,107.0743549,94,Moderate,1,25.5,82,0.2,9.5,36,1008.6,44,11.4,14.5,253.0,9.6,90.0,3.1
2026-03-06 20:00:00,2026,3,6,20,Hồ Chí Minh,Phường Vũng Tàu,10.3537998,107.0743549,83,Moderate,1,25.5,84,0.0,8.0,80,1009.8,6,12.4,15.1,277.0,10.3,88.0,3.9
2026-03-06 21:00:00,2026,3,6,21,Hồ Chí Minh,Phường Vũng Tàu,10.3537998,107.0743549,69,Moderate,1,25.5,85,0.0,8.1,69,1010.5,2,13.8,16.3,304.0,11.3,84.0,5.0
2026-03-06 22:00:00,2026,3,6,22,Hồ Chí Minh,Phường Vũng Tàu,10.3537998,107.0743549,52,Moderate,1,25.5,85,0.0,8.7,72,1010.8,5,15.0,17.5,338.0,12.1,81.0,5.7
2026-03-06 23:00:00,2026,3,6,23,Hồ Chí Minh,Phường Vũng Tàu,10.3537998,107.0743549,51,Moderate,1,25.5,85,0.0,8.3,63,1011.1,10,15.7,18.2,390.0,12.4,79.0,5.8
2026-03-07 00:00:00,2026,3,7,0,Hồ Chí Minh,Phường Vũng Tàu,10.3537998,107.0743549,51,Moderate,1,25.4,88,0.0,9.0,37,1010.7,26,15.4,18.0,450.0,12.5,77.0,5.5
2026-03-07 01:00:00,2026,3,7,1,Hồ Chí Minh,Phường Vũng Tàu,10.3537998,107.0743549,52,Moderate,1,25.3,92,0.0,5.6,358,1009.9,55,15.6,18.5,488.0,12.4,76.0,5.2
2026-03-07 02:00:00,2026,3,7,2,Hồ Chí Minh,Phường Vũng Tàu,10.3537998,107.0743549,52,Moderate,1,25.0,95,0.0,4.0,333,1009.2,89,15.8,18.6,486.0,12.2,75.0,5.1
2026-03-07 03:00:00,2026,3,7,3,Hồ Chí Minh,Phường Vũng Tàu,10.3537998,107.0743549,53,Moderate,1,24.6,96,0.0,1.7,328,1009.0,62,16.0,18.8,462.0,11.8,74.0,4.9
2026-03-07 04:00:00,2026,3,7,4,Hồ Chí Minh,Phường Vũng Tàu,10.3537998,107.0743549,53,Moderate,1,24.7,96,0.0,4.2,7,1009.0,75,16.2,18.9,442.0,11.4,73.0,4.9
2026-03-07 05:00:00,2026,3,7,5,Hồ Chí Minh,Phường Vũng Tàu,10.3537998,107.0743549,54,Moderate,1,24.5,97,0.0,7.6,18,1009.4,91,16.5,19.3,442.0,11.2,71.0,5.1
2026-03-07 06:00:00,2026,3,7,6,Hồ Chí Minh,Phường Vũng Tàu,10.3537998,107.0743549,54,Moderate,1,24.2,97,0.0,7.4,26,1009.8,80,17.3,19.9,447.0,10.9,69.0,5.4
2026-03-07 07:00:00,2026,3,7,7,Hồ Chí Minh,Phường Vũng Tàu,10.3537998,107.0743549,55,Moderate,1,25.0,90,0.0,7.7,33,1010.8,53,16.4,19.4,436.0,10.1,75.0,3.7
2026-03-07 08:00:00,2026,3,7,8,Hồ Chí Minh,Phường Vũng Tàu,10.3537998,107.0743549,55,Moderate,1,26.5,79,0.0,9.3,58,1011.5,63,15.4,18.6,394.0,8.5,87.0,3.6
2026-03-07 09:00:00,2026,3,7,9,Hồ Chí Minh,Phường Vũng Tàu,10.3537998,107.0743549,55,Moderate,1,27.5,74,0.0,11.8,79,1012.1,95,14.1,17.5,335.0,6.3,105.0,3.4
2026-03-07 10:00:00,2026,3,7,10,Hồ Chí Minh,Phường Vũng Tàu,10.3537998,107.0743549,55,Moderate,1,28.8,66,0.1,15.3,88,1012.2,98,13.6,17.1,288.0,4.5,119.0,3.2
2026-03-07 11:00:00,2026,3,7,11,Hồ Chí Minh,Phường Vũng Tàu,10.3537998,107.0743549,55,Moderate,1,29.1,64,0.2,19.4,97,1011.8,100,13.4,17.0,262.0,3.5,127.0,2.9
2026-03-07 12:00:00,2026,3,7,12,Hồ Chí Minh,Phường Vũng Tàu,10.3537998,107.0743549,55,Moderate,1,28.7,67,0.2,23.1,103,1010.7,95,13.6,17.5,247.0,3.0,132.0,2.6
2026-03-07 13:00:00,2026,3,7,13,Hồ Chí Minh,Phường Vũng Tàu,10.3537998,107.0743549,55,Moderate,1,28.9,65,0.0,26.6,96,1010.0,67,14.5,18.9,238.0,2.9,135.0,2.4
2026-03-07 14:00:00,2026,3,7,14,Hồ Chí Minh,Phường Vũng Tàu,10.3537998,107.0743549,54,Moderate,1,29.0,65,0.0,26.5,93,1008.9,66,15.9,20.8,236.0,3.2,137.0,2.3
2026-03-07 15:00:00,2026,3,7,15,Hồ Chí Minh,Phường Vũng Tàu,10.3537998,107.0743549,62,Moderate,1,29.0,64,0.0,26.3,91,1008.6,13,17.1,22.5,240.0,3.9,137.0,2.4
2026-03-07 16:00:00,2026,3,7,16,Hồ Chí Minh,Phường Vũng Tàu,10.3537998,107.0743549,75,Moderate,1,28.0,69,0.0,26.6,98,1008.2,15,17.5,22.8,247.0,4.8,134.0,2.4
2026-03-07 17:00:00,2026,3,7,17,Hồ Chí Minh,Phường Vũng Tàu,10.3537998,107.0743549,85,Moderate,1,27.8,65,0.0,24.9,85,1008.3,27,17.6,22.8,258.0,6.3,128.0,2.5
2026-03-07 18:00:00,2026,3,7,18,Hồ Chí Minh,Phường Vũng Tàu,10.3537998,107.0743549,90,Moderate,1,26.9,74,0.0,22.5,83,1008.9,20,18.2,23.1,272.0,8.1,119.0,2.5
2026-03-07 19:00:00,2026,3,7,19,Hồ Chí Minh,Phường Vũng Tàu,10.3537998,107.0743549,90,Moderate,1,27.0,76,0.0,18.7,68,1009.8,16,20.9,26.3,280.0,7.7,110.0,2.1
2026-03-07 20:00:00,2026,3,7,20,Hồ Chí Minh,Phường Vũng Tàu,10.3537998,107.0743549,86,Moderate,1,26.7,78,0.0,16.2,78,1010.2,15,20.0,24.7,278.0,7.6,108.0,2.2
2026-03-07 21:00:00,2026,3,7,21,Hồ Chí Minh,Phường Vũng Tàu,10.3537998,107.0743549,81,Moderate,1,26.5,79,0.0,20.8,85,1010.6,23,19.5,23.9,270.0,7.4,104.0,2.3
2026-03-07 22:00:00,2026,3,7,22,Hồ Chí Minh,Phường Vũng Tàu,10.3537998,107.0743549,74,Moderate,1,26.3,78,0.0,21.1,83,1011.0,10,19.2,23.5,262.0,7.2,101.0,2.4
2026-03-07 23:00:00,2026,3,7,23,Hồ Chí Minh,Phường Vũng Tàu,10.3537998,107.0743549,67,Moderate,1,26.1,78,0.0,19.4,80,1011.1,0,19.0,23.3,253.0,7.0,99.0,2.3
2026-03-08 00:00:00,2026,3,8,0,Hồ Chí Minh,Phường Vũng Tàu,10.3537998,107.0743549,60,Moderate,1,25.9,78,0.0,20.9,79,1010.6,0,18.6,23.1,243.0,6.8,98.0,2.0
2026-03-08 01:00:00,2026,3,8,1,Hồ Chí Minh,Phường Vũng Tàu,10.3537998,107.0743549,60,Moderate,1,25.8,79,0.0,22.8,80,1010.1,42,18.5,23.1,237.0,6.7,96.0,1.9
2026-03-08 02:00:00,2026,3,8,2,Hồ Chí Minh,Phường Vũng Tàu,10.3537998,107.0743549,60,Moderate,1,25.6,77,0.0,23.2,80,1009.7,40,18.2,22.9,233.0,6.8,94.0,1.9
2026-03-08 03:00:00,2026,3,8,3,Hồ Chí Minh,Phường Vũng Tàu,10.3537998,107.0743549,61,Moderate,1,25.5,77,0.0,21.7,76,1009.5,14,18.2,22.9,233.0,6.9,93.0,2.0
2026-03-08 04:00:00,2026,3,8,4,Hồ Chí Minh,Phường Vũng Tàu,10.3537998,107.0743549,61,Moderate,1,25.1,77,0.0,18.4,68,1009.5,5,18.5,23.3,243.0,7.3,91.0,2.3
2026-03-08 05:00:00,2026,3,8,5,Hồ Chí Minh,Phường Vũng Tàu,10.3537998,107.0743549,61,Moderate,1,24.8,79,0.0,14.8,54,1009.7,12,19.3,24.2,273.0,8.2,87.0,2.9
2026-03-08 06:00:00,2026,3,8,6,Hồ Chí Minh,Phường Vũng Tàu,10.3537998,107.0743549,61,Moderate,1,24.0,81,0.0,12.6,31,1010.4,2,20.5,25.4,314.0,9.3,84.0,3.7
2026-03-08 07:00:00,2026,3,8,7,Hồ Chí Minh,Phường Vũng Tàu,10.3537998,107.0743549,61,Moderate,1,25.0,74,0.0,10.5,25,1011.5,0,20.5,25.4,343.0,9.3,87.0,3.5
2026-03-08 08:00:00,2026,3,8,8,Hồ Chí Minh,Phường Vũng Tàu,10.3537998,107.0743549,62,Moderate,1,26.4,67,0.0,9.3,41,1012.1,2,19.2,24.2,350.0,8.0,97.0,3.6
2026-03-08 09:00:00,2026,3,8,9,Hồ Chí Minh,Phường Vũng Tàu,10.3537998,107.0743549,62,Moderate,1,27.5,63,0.0,8.9,72,1012.6,2,18.3,23.6,345.0,6.2,112.0,3.8
2026-03-08 10:00:00,2026,3,8,10,Hồ Chí Minh,Phường Vũng Tàu,10.3537998,107.0743549,63,Moderate,1,28.6,60,0.0,9.9,95,1012.3,2,17.5,22.9,334.0,4.8,125.0,3.8
2026-03-08 11:00:00,2026,3,8,11,Hồ Chí Minh,Phường Vũng Tàu,10.3537998,107.0743549,63,Moderate,1,29.5,57,0.0,10.5,117,1011.8,4,16.5,22.2,314.0,4.0,135.0,3.6
2026-03-08 12:00:00,2026,3,8,12,Hồ Chí Minh,Phường Vũng Tàu,10.3537998,107.0743549,63,Moderate,1,29.9,57,0.0,13.9,130,1010.7,1,15.8,21.7,288.0,3.6,142.0,3.2
2026-03-08 13:00:00,2026,3,8,13,Hồ Chí Minh,Phường Vũng Tàu,10.3537998,107.0743549,63,Moderate,1,29.2,57,0.0,17.3,135,1009.9,12,16.0,22.0,270.0,3.5,147.0,2.9
2026-03-08 14:00:00,2026,3,8,14,Hồ Chí Minh,Phường Vũng Tàu,10.3537998,107.0743549,64,Moderate,1,29.2,50,0.0,16.4,135,1009.0,1,16.4,22.3,267.0,3.6,147.0,2.7
2026-03-08 15:00:00,2026,3,8,15,Hồ Chí Minh,Phường Vũng Tàu,10.3537998,107.0743549,78,Moderate,1,28.7,57,0.0,15.9,124,1008.2,5,16.0,21.5,272.0,4.0,145.0,2.6
2026-03-08 16:00:00,2026,3,8,16,Hồ Chí Minh,Phường Vũng Tàu,10.3537998,107.0743549,90,Moderate,1,28.0,65,0.0,14.6,124,1008.2,9,15.3,20.3,276.0,4.8,140.0,2.5
2026-03-08 17:00:00,2026,3,8,17,Hồ Chí Minh,Phường Vũng Tàu,10.3537998,107.0743549,99,Moderate,1,27.6,66,0.0,13.2,114,1008.2,0,14.5,19.4,278.0,6.4,133.0,2.5
2026-03-08 18:00:00,2026,3,8,18,Hồ Chí Minh,Phường Vũng Tàu,10.3537998,107.0743549,103,Unhealthy for Sensitive Groups,2,27.0,76,0.0,14.5,104,1008.6,0,13.9,18.6,278.0,8.4,124.0,2.5
2026-03-08 19:00:00,2026,3,8,19,Hồ Chí Minh,Phường Vũng Tàu,10.3537998,107.0743549,103,Unhealthy for Sensitive Groups,2,26.9,80,0.0,15.4,107,1008.9,4,14.4,19.0,276.0,9.9,116.0,2.6
2026-03-08 20:00:00,2026,3,8,20,Hồ Chí Minh,Phường Vũng Tàu,10.3537998,107.0743549,99,Moderate,1,26.6,82,0.0,18.8,95,1009.5,3,12.8,17.2,268.0,9.6,114.0,2.4
2026-03-08 21:00:00,2026,3,8,21,Hồ Chí Minh,Phường Vũng Tàu,10.3537998,107.0743549,93,Moderate,1,26.2,85,0.0,18.9,94,1010.0,2,11.8,16.2,257.0,9.2,112.0,2.2
2026-03-08 22:00:00,2026,3,8,22,Hồ Chí Minh,Phường Vũng Tàu,10.3537998,107.0743549,86,Moderate,1,26.0,86,0.0,16.8,94,1010.0,0,11.3,15.8,247.0,8.9,108.0,2.0
2026-03-08 23:00:00,2026,3,8,23,Hồ Chí Minh,Phường Vũng Tàu,10.3537998,107.0743549,78,Moderate,1,26.0,87,0.0,16.3,97,1010.4,0,10.8,15.0,237.0,8.9,102.0,2.0
2026-03-09 00:00:00,2026,3,9,0,Hồ Chí Minh,Phường Vũng Tàu,10.3537998,107.0743549,68,Moderate,1,26.0,88,0.0,15.5,99,1010.1,0,10.1,13.8,227.0,9.0,95.0,2.0
2026-03-09 01:00:00,2026,3,9,1,Hồ Chí Minh,Phường Vũng Tàu,10.3537998,107.0743549,59,Moderate,1,26.0,88,0.0,13.3,93,1009.9,6,9.7,12.9,225.0,9.4,89.0,2.2
2026-03-09 02:00:00,2026,3,9,2,Hồ Chí Minh,Phường Vũng Tàu,10.3537998,107.0743549,58,Moderate,1,26.0,87,0.0,13.2,79,1009.5,3,9.8,12.5,232.0,10.3,83.0,2.6
2026-03-09 03:00:00,2026,3,9,3,Hồ Chí Minh,Phường Vũng Tàu,10.3537998,107.0743549,57,Moderate,1,25.5,89,0.0,12.7,59,1009.1,1,10.4,12.9,245.0,11.5,78.0,3.2
2026-03-09 04:00:00,2026,3,9,4,Hồ Chí Minh,Phường Vũng Tàu,10.3537998,107.0743549,56,Moderate,1,25.2,89,0.0,14.1,53,1009.4,12,11.3,13.8,266.0,12.1,74.0,3.8
2026-03-09 05:00:00,2026,3,9,5,Hồ Chí Minh,Phường Vũng Tàu,10.3537998,107.0743549,56,Moderate,1,25.2,88,0.0,13.7,57,1009.9,0,12.0,14.4,305.0,11.9,71.0,4.4
2026-03-09 06:00:00,2026,3,9,6,Hồ Chí Minh,Phường Vũng Tàu,10.3537998,107.0743549,55,Moderate,1,25.2,88,0.0,12.9,58,1010.6,0,12.8,15.3,351.0,11.3,70.0,5.0
2026-03-09 07:00:00,2026,3,9,7,Hồ Chí Minh,Phường Vũng Tàu,10.3537998,107.0743549,54,Moderate,1,26.1,83,0.0,13.6,60,1011.4,10,14.6,17.5,372.0,11.4,72.0,5.1
2026-03-09 08:00:00,2026,3,9,8,Hồ Chí Minh,Phường Vũng Tàu,10.3537998,107.0743549,54,Moderate,1,27.5,76,0.0,15.6,64,1012.1,6,13.1,15.8,347.0,9.7,87.0,4.7
2026-03-09 09:00:00,2026,3,9,9,Hồ Chí Minh,Phường Vũng Tàu,10.3537998,107.0743549,53,Moderate,1,28.8,68,0.0,15.0,76,1012.5,9,12.1,14.9,296.0,7.3,107.0,4.2
2026-03-09 10:00:00,2026,3,9,10,Hồ Chí Minh,Phường Vũng Tàu,10.3537998,107.0743549,53,Moderate,1,29.4,63,0.2,16.9,89,1012.6,21,11.1,13.8,253.0,5.4,122.0,3.7
2026-03-09 11:00:00,2026,3,9,11,Hồ Chí Minh,Phường Vũng Tàu,10.3537998,107.0743549,52,Moderate,1,29.8,61,0.1,19.4,98,1012.1,22,9.8,12.3,228.0,4.3,127.0,3.1
2026-03-09 12:00:00,2026,3,9,12,Hồ Chí Minh,Phường Vũng Tàu,10.3537998,107.0743549,52,Moderate,1,29.8,60,0.1,22.3,103,1011.0,13,9.2,11.7,210.0,3.6,128.0,2.5
2026-03-09 13:00:00,2026,3,9,13,Hồ Chí Minh,Phường Vũng Tàu,10.3537998,107.0743549,51,Moderate,1,29.8,60,0.0,17.8,106,1010.0,61,9.2,12.0,197.0,3.3,126.0,2.1
2026-03-09 14:00:00,2026,3,9,14,Hồ Chí Minh,Phường Vũng Tàu,10.3537998,107.0743549,50,Good,0,29.5,62,0.0,20.9,103,1009.5,20,11.2,14.9,190.0,3.5,123.0,2.0
2026-03-09 15:00:00,2026,3,9,15,Hồ Chí Minh,Phường Vũng Tàu,10.3537998,107.0743549,56,Moderate,1,29.2,64,0.0,23.3,94,1009.3,30,11.5,15.7,189.0,4.1,118.0,2.0
2026-03-09 16:00:00,2026,3,9,16,Hồ Chí Minh,Phường Vũng Tàu,10.3537998,107.0743549,66,Moderate,1,28.5,68,0.0,23.9,100,1009.3,48,11.6,16.2,189.0,5.0,113.0,2.1
2026-03-09 17:00:00,2026,3,9,17,Hồ Chí Minh,Phường Vũng Tàu,10.3537998,107.0743549,72,Moderate,1,27.7,73,0.0,23.3,94,1009.3,45,11.6,16.1,192.0,6.3,107.0,2.1
2026-03-09 18:00:00,2026,3,9,18,Hồ Chí Minh,Phường Vũng Tàu,10.3537998,107.0743549,72,Moderate,1,27.2,76,0.0,21.6,90,1009.5,34,11.3,15.5,197.0,7.9,101.0,2.1
2026-03-09 19:00:00,2026,3,9,19,Hồ Chí Minh,Phường Vũng Tàu,10.3537998,107.0743549,67,Moderate,1,26.8,85,0.0,20.9,91,1010.1,20,15.4,20.6,199.0,10.6,96.0,2.4
2026-03-09 20:00:00,2026,3,9,20,Hồ Chí Minh,Phường Vũng Tàu,10.3537998,107.0743549,61,Moderate,1,26.5,85,0.0,20.6,96,1011.1,26,13.7,18.5,194.0,10.9,94.0,2.5
2026-03-09 21:00:00,2026,3,9,21,Hồ Chí Minh,Phường Vũng Tàu,10.3537998,107.0743549,53,Moderate,1,26.6,82,0.0,22.9,98,1011.3,73,12.7,16.9,185.0,11.4,90.0,2.6
2026-03-09 22:00:00,2026,3,9,22,Hồ Chí Minh,Phường Vũng Tàu,10.3537998,107.0743549,49,Good,0,26.5,83,0.0,21.6,93,1011.6,97,13.0,17.2,177.0,11.8,86.0,2.7
2026-03-09 23:00:00,2026,3,9,23,Hồ Chí Minh,Phường Vũng Tàu,10.3537998,107.0743549,48,Good,0,26.6,82,0.0,20.7,87,1011.7,88,12.8,16.8,171.0,11.9,82.0,2.8
2026-03-10 00:00:00,2026,3,10,0,Hồ Chí Minh,Phường Vũng Tàu,10.3537998,107.0743549,49,Good,0,26.4,83,0.0,19.1,81,1011.6,28,12.0,15.6,167.0,12.0,77.0,3.0
2026-03-10 01:00:00,2026,3,10,1,Hồ Chí Minh,Phường Vũng Tàu,10.3537998,107.0743549,49,Good,0,26.4,84,0.0,20.4,85,1010.8,37,11.7,14.9,165.0,12.0,73.0,3.2
2026-03-10 02:00:00,2026,3,10,2,Hồ Chí Minh,Phường Vũng Tàu,10.3537998,107.0743549,49,Good,0,26.2,83,0.0,19.0,75,1010.4,20,11.9,14.8,163.0,12.1,70.0,3.5
2026-03-10 03:00:00,2026,3,10,3,Hồ Chí Minh,Phường Vũng Tàu,10.3537998,107.0743549,50,Good,0,25.9,85,0.0,16.1,68,1009.8,3,12.5,15.4,164.0,12.2,68.0,3.8
2026-03-10 04:00:00,2026,3,10,4,Hồ Chí Minh,Phường Vũng Tàu,10.3537998,107.0743549,50,Good,0,25.5,87,0.0,13.5,56,1010.0,3,13.4,16.2,178.0,12.3,66.0,4.3
2026-03-10 05:00:00,2026,3,10,5,Hồ Chí Minh,Phường Vũng Tàu,10.3537998,107.0743549,50,Good,0,25.1,89,0.0,10.3,43,1010.4,98,13.8,16.5,222.0,12.6,62.0,5.3
2026-03-10 06:00:00,2026,3,10,6,Hồ Chí Minh,Phường Vũng Tàu,10.3537998,107.0743549,50,Good,0,24.9,89,0.0,10.4,32,1010.9,91,14.9,17.6,279.0,12.8,59.0,6.6
2026-03-10 07:00:00,2026,3,10,7,Hồ Chí Minh,Phường Vũng Tàu,10.3537998,107.0743549,51,Moderate,1,26.2,79,0.0,11.2,49,1011.8,4,11.3,13.3,314.0,9.9,67.0,4.9
2026-03-10 08:00:00,2026,3,10,8,Hồ Chí Minh,Phường Vũng Tàu,10.3537998,107.0743549,50,Good,0,27.9,68,0.0,10.0,54,1012.6,1,11.1,13.4,307.0,8.5,79.0,4.3
2026-03-10 09:00:00,2026,3,10,9,Hồ Chí Minh,Phường Vũng Tàu,10.3537998,107.0743549,50,Good,0,29.5,60,0.0,8.4,65,1012.8,1,9.5,11.6,278.0,6.4,95.0,3.6
2026-03-10 10:00:00,2026,3,10,10,Hồ Chí Minh,Phường Vũng Tàu,10.3537998,107.0743549,50,Good,0,30.8,54,0.0,10.1,95,1013.1,9,7.9,9.8,251.0,4.8,108.0,2.9
2026-03-10 11:00:00,2026,3,10,11,Hồ Chí Minh,Phường Vũng Tàu,10.3537998,107.0743549,49,Good,0,30.5,61,0.1,17.3,115,1012.4,88,7.5,9.6,233.0,3.8,113.0,2.4
2026-03-10 12:00:00,2026,3,10,12,Hồ Chí Minh,Phường Vũng Tàu,10.3537998,107.0743549,49,Good,0,29.8,62,0.2,23.0,114,1011.5,68,8.1,10.5,218.0,3.2,114.0,2.1
2026-03-10 13:00:00,2026,3,10,13,Hồ Chí Minh,Phường Vũng Tàu,10.3537998,107.0743549,49,Good,0,29.9,61,0.0,26.1,101,1010.8,28,9.9,13.2,207.0,3.0,114.0,1.8
2026-03-10 14:00:00,2026,3,10,14,Hồ Chí Minh,Phường Vũng Tàu,10.3537998,107.0743549,49,Good,0,30.0,60,0.1,27.0,97,1009.9,20,11.6,15.6,202.0,3.4,115.0,1.7
2026-03-10 15:00:00,2026,3,10,15,Hồ Chí Minh,Phường Vũng Tàu,10.3537998,107.0743549,49,Good,0,29.1,65,0.1,27.8,100,1009.5,46,12.2,16.5,201.0,4.2,114.0,1.7
2026-03-10 16:00:00,2026,3,10,16,Hồ Chí Minh,Phường Vũng Tàu,10.3537998,107.0743549,49,Good,0,28.2,68,0.0,31.0,97,1009.4,39,11.7,15.7,202.0,5.2,112.0,1.8
2026-03-10 17:00:00,2026,3,10,17,Hồ Chí Minh,Phường Vũng Tàu,10.3537998,107.0743549,55,Moderate,1,27.5,73,0.0,31.2,93,1009.5,26,10.5,14.0,207.0,6.6,106.0,1.9
2026-03-10 18:00:00,2026,3,10,18,Hồ Chí Minh,Phường Vũng Tàu,10.3537998,107.0743549,57,Moderate,1,26.9,78,0.0,26.5,82,1009.9,25,10.3,13.6,213.0,8.3,97.0,2.1
2026-03-10 19:00:00,2026,3,10,19,Hồ Chí Minh,Phường Vũng Tàu,10.3537998,107.0743549,55,Moderate,1,26.5,79,0.0,26.3,74,1010.7,49,11.1,14.5,216.0,10.3,90.0,2.5
2026-03-10 20:00:00,2026,3,10,20,Hồ Chí Minh,Phường Vũng Tàu,10.3537998,107.0743549,50,Good,0,26.2,81,0.1,16.6,40,1011.8,55,11.8,15.2,210.0,10.1,87.0,2.6
2026-03-10 21:00:00,2026,3,10,21,Hồ Chí Minh,Phường Vũng Tàu,10.3537998,107.0743549,48,Good,0,26.4,81,0.2,12.9,78,1011.5,6,12.0,15.4,200.0,9.9,84.0,2.6
2026-03-10 22:00:00,2026,3,10,22,Hồ Chí Minh,Phường Vũng Tàu,10.3537998,107.0743549,47,Good,0,26.3,81,0.1,18.3,77,1011.8,42,11.4,14.5,193.0,9.5,81.0,2.6
2026-03-10 23:00:00,2026,3,10,23,Hồ Chí Minh,Phường Vũng Tàu,10.3537998,107.0743549,47,Good,0,26.1,80,0.0,23.2,76,1011.6,23,10.2,13.2,191.0,8.9,80.0,2.4
2026-03-11 00:00:00,2026,3,11,0,Hồ Chí Minh,Phường Vũng Tàu,10.3537998,107.0743549,47,Good,0,26.0,80,0.0,22.3,71,1011.1,47,9.4,12.2,193.0,8.2,80.0,2.1
2026-03-11 01:00:00,2026,3,11,1,Hồ Chí Minh,Phường Vũng Tàu,10.3537998,107.0743549,46,Good,0,26.2,78,0.0,18.5,71,1010.9,92,9.3,11.9,195.0,7.9,80.0,2.0
2026-03-11 02:00:00,2026,3,11,2,Hồ Chí Minh,Phường Vũng Tàu,10.3537998,107.0743549,46,Good,0,26.0,78,0.0,17.5,73,1010.5,65,9.7,12.3,195.0,8.3,79.0,2.3
2026-03-11 03:00:00,2026,3,11,3,Hồ Chí Minh,Phường Vũng Tàu,10.3537998,107.0743549,45,Good,0,25.8,78,0.0,16.9,70,1010.0,32,10.7,13.3,197.0,9.0,77.0,2.9
2026-03-11 04:00:00,2026,3,11,4,Hồ Chí Minh,Phường Vũng Tàu,10.3537998,107.0743549,45,Good,0,25.5,80,0.0,16.2,67,1009.8,96,11.7,14.4,206.0,9.7,76.0,3.4
2026-03-11 05:00:00,2026,3,11,5,Hồ Chí Minh,Phường Vũng Tàu,10.3537998,107.0743549,45,Good,0,25.2,80,0.0,16.3,68,1009.9,93,12.7,15.4,231.0,10.3,74.0,3.8
2026-03-11 06:00:00,2026,3,11,6,Hồ Chí Minh,Phường Vũng Tàu,10.3537998,107.0743549,45,Good,0,25.2,80,0.0,14.4,68,1010.3,99,13.4,16.2,264.0,10.8,74.0,4.1
2026-03-11 07:00:00,2026,3,11,7,Hồ Chí Minh,Phường Vũng Tàu,10.3537998,107.0743549,44,Good,0,25.9,76,0.0,15.6,64,1011.1,98,11.6,13.6,285.0,10.6,79.0,3.3
2026-03-11 08:00:00,2026,3,11,8,Hồ Chí Minh,Phường Vũng Tàu,10.3537998,107.0743549,44,Good,0,27.1,68,0.0,14.9,71,1011.9,93,10.0,12.0,286.0,9.2,88.0,3.3
2026-03-11 09:00:00,2026,3,11,9,Hồ Chí Minh,Phường Vũng Tàu,10.3537998,107.0743549,44,Good,0,28.6,58,0.0,13.7,71,1012.5,80,9.5,11.8,275.0,7.3,102.0,3.4
2026-03-11 10:00:00,2026,3,11,10,Hồ Chí Minh,Phường Vũng Tàu,10.3537998,107.0743549,44,Good,0,30.0,52,0.0,8.7,76,1012.5,24,10.1,12.8,263.0,5.7,115.0,3.4
2026-03-11 11:00:00,2026,3,11,11,Hồ Chí Minh,Phường Vũng Tàu,10.3537998,107.0743549,45,Good,0,30.6,51,0.0,11.2,118,1011.6,78,11.2,14.5,252.0,4.7,127.0,3.4
2026-03-11 12:00:00,2026,3,11,12,Hồ Chí Minh,Phường Vũng Tàu,10.3537998,107.0743549,45,Good,0,29.9,57,0.0,18.6,122,1010.6,91,12.6,16.5,240.0,4.0,139.0,3.4
2026-03-11 13:00:00,2026,3,11,13,Hồ Chí Minh,Phường Vũng Tàu,10.3537998,107.0743549,46,Good,0,29.6,54,0.0,22.7,121,1009.9,71,14.1,18.5,231.0,3.7,147.0,3.3
2026-03-11 14:00:00,2026,3,11,14,Hồ Chí Minh,Phường Vũng Tàu,10.3537998,107.0743549,52,Moderate,1,29.6,58,0.0,23.9,114,1009.1,86,15.1,19.8,228.0,3.8,149.0,3.2
2026-03-11 15:00:00,2026,3,11,15,Hồ Chí Minh,Phường Vũng Tàu,10.3537998,107.0743549,68,Moderate,1,29.0,63,0.0,24.0,109,1008.6,84,15.7,20.5,229.0,4.3,148.0,3.1
2026-03-11 16:00:00,2026,3,11,16,Hồ Chí Minh,Phường Vũng Tàu,10.3537998,107.0743549,82,Moderate,1,28.6,64,0.0,23.9,101,1008.5,70,15.5,20.5,231.0,5.0,143.0,2.9
2026-03-11 17:00:00,2026,3,11,17,Hồ Chí Minh,Phường Vũng Tàu,10.3537998,107.0743549,94,Moderate,1,27.5,68,0.0,24.6,97,1008.6,45,14.8,19.4,234.0,6.1,134.0,2.7
2026-03-11 18:00:00,2026,3,11,18,Hồ Chí Minh,Phường Vũng Tàu,10.3537998,107.0743549,101,Unhealthy for Sensitive Groups,2,26.8,74,0.0,22.8,95,1008.8,58,13.3,17.6,237.0,7.5,123.0,2.4
2026-03-11 19:00:00,2026,3,11,19,Hồ Chí Minh,Phường Vũng Tàu,10.3537998,107.0743549,103,Unhealthy for Sensitive Groups,2,26.6,77,0.0,24.2,93,1009.3,36,11.8,15.9,237.0,7.7,112.0,1.9
2026-03-11 20:00:00,2026,3,11,20,Hồ Chí Minh,Phường Vũng Tàu,10.3537998,107.0743549,99,Moderate,1,26.6,74,0.0,25.9,96,1010.2,17,10.8,14.6,229.0,7.3,109.0,1.8
2026-03-11 21:00:00,2026,3,11,21,Hồ Chí Minh,Phường Vũng Tàu,10.3537998,107.0743549,93,Moderate,1,26.3,77,0.0,26.0,95,1010.2,42,10.1,13.8,216.0,6.7,104.0,1.6
2026-03-11 22:00:00,2026,3,11,22,Hồ Chí Minh,Phường Vũng Tàu,10.3537998,107.0743549,84,Moderate,1,26.2,76,0.0,28.1,91,1010.6,66,9.6,13.1,207.0,6.3,100.0,1.5
2026-03-11 23:00:00,2026,3,11,23,Hồ Chí Minh,Phường Vũng Tàu,10.3537998,107.0743549,74,Moderate,1,26.1,77,0.0,27.0,87,1010.6,89,9.0,12.0,204.0,6.2,97.0,1.5
2026-03-12 00:00:00,2026,3,12,0,Hồ Chí Minh,Phường Vũng Tàu,10.3537998,107.0743549,63,Moderate,1,25.9,79,0.0,27.3,85,1010.3,81,8.3,11.0,203.0,6.1,94.0,1.5
2026-03-12 01:00:00,2026,3,12,1,Hồ Chí Minh,Phường Vũng Tàu,10.3537998,107.0743549,52,Moderate,1,26.0,78,0.0,25.6,86,1009.6,75,7.9,10.4,204.0,6.2,91.0,1.6
2026-03-12 02:00:00,2026,3,12,2,Hồ Chí Minh,Phường Vũng Tàu,10.3537998,107.0743549,48,Good,0,26.0,77,0.0,24.9,82,1009.2,12,7.8,10.1,203.0,6.3,89.0,1.7
2026-03-12 03:00:00,2026,3,12,3,Hồ Chí Minh,Phường Vũng Tàu,10.3537998,107.0743549,48,Good,0,25.8,78,0.0,23.7,79,1008.9,63,7.8,10.0,203.0,6.4,87.0,1.8
2026-03-12 04:00:00,2026,3,12,4,Hồ Chí Minh,Phường Vũng Tàu,10.3537998,107.0743549,48,Good,0,25.8,77,0.0,24.1,81,1009.2,50,7.9,10.1,212.0,6.6,85.0,2.0
2026-03-12 05:00:00,2026,3,12,5,Hồ Chí Minh,Phường Vũng Tàu,10.3537998,107.0743549,47,Good,0,25.8,75,0.0,26.2,80,1009.5,75,8.2,10.4,239.0,7.0,82.0,2.3
2026-03-12 06:00:00,2026,3,12,6,Hồ Chí Minh,Phường Vũng Tàu,10.3537998,107.0743549,46,Good,0,25.6,75,0.0,24.1,73,1009.8,5,8.6,10.7,273.0,7.6,80.0,2.7
2026-03-12 07:00:00,2026,3,12,7,Hồ Chí Minh,Phường Vũng Tàu,10.3537998,107.0743549,45,Good,0,26.1,74,0.0,23.8,80,1010.9,87,10.5,13.2,294.0,7.8,83.0,2.4
2026-03-12 08:00:00,2026,3,12,8,Hồ Chí Minh,Phường Vũng Tàu,10.3537998,107.0743549,45,Good,0,27.1,69,0.0,24.7,82,1011.4,7,9.8,12.5,287.0,6.7,91.0,2.5
2026-03-12 09:00:00,2026,3,12,9,Hồ Chí Minh,Phường Vũng Tàu,10.3537998,107.0743549,45,Good,0,28.5,62,0.0,24.5,86,1011.5,0,9.5,12.3,266.0,5.3,102.0,2.5
2026-03-12 10:00:00,2026,3,12,10,Hồ Chí Minh,Phường Vũng Tàu,10.3537998,107.0743549,45,Good,0,29.2,58,0.0,25.7,91,1011.7,2,9.5,12.5,249.0,4.1,112.0,2.5
2026-03-12 11:00:00,2026,3,12,11,Hồ Chí Minh,Phường Vũng Tàu,10.3537998,107.0743549,45,Good,0,29.5,56,0.0,27.5,98,1011.2,17,9.6,12.7,242.0,3.5,119.0,2.3
2026-03-12 12:00:00,2026,3,12,12,Hồ Chí Minh,Phường Vũng Tàu,10.3537998,107.0743549,45,Good,0,29.1,57,0.0,31.3,99,1010.1,20,9.8,13.2,238.0,3.1,124.0,2.1
2026-03-12 13:00:00,2026,3,12,13,Hồ Chí Minh,Phường Vũng Tàu,10.3537998,107.0743549,46,Good,0,29.1,58,0.0,32.3,100,1009.3,15,10.5,14.2,236.0,3.0,128.0,1.9
2026-03-12 14:00:00,2026,3,12,14,Hồ Chí Minh,Phường Vũng Tàu,10.3537998,107.0743549,49,Good,0,28.9,62,0.0,33.1,106,1008.3,8,11.4,15.5,237.0,3.2,130.0,1.7
2026-03-12 15:00:00,2026,3,12,15,Hồ Chí Minh,Phường Vũng Tàu,10.3537998,107.0743549,56,Moderate,1,28.0,64,0.0,34.7,103,1007.5,15,12.0,16.4,239.0,3.7,129.0,1.6
2026-03-12 16:00:00,2026,3,12,16,Hồ Chí Minh,Phường Vũng Tàu,10.3537998,107.0743549,65,Moderate,1,27.7,64,0.0,34.9,95,1007.4,12,12.2,16.6,242.0,4.3,127.0,1.5
2026-03-12 17:00:00,2026,3,12,17,Hồ Chí Minh,Phường Vũng Tàu,10.3537998,107.0743549,73,Moderate,1,27.0,69,0.0,32.7,94,1007.6,10,11.8,16.2,244.0,5.2,121.0,1.5
2026-03-12 18:00:00,2026,3,12,18,Hồ Chí Minh,Phường Vũng Tàu,10.3537998,107.0743549,77,Moderate,1,26.1,77,0.0,31.9,91,1007.8,5,11.5,15.8,246.0,6.2,113.0,1.6
2026-03-12 19:00:00,2026,3,12,19,Hồ Chí Minh,Phường Vũng Tàu,10.3537998,107.0743549,77,Moderate,1,26.5,74,0.0,32.4,90,1008.7,14,11.6,16.1,246.0,6.3,106.0,1.5
2026-03-12 20:00:00,2026,3,12,20,Hồ Chí Minh,Phường Vũng Tàu,10.3537998,107.0743549,75,Moderate,1,26.4,73,0.0,35.7,91,1009.4,11,10.8,15.2,243.0,6.0,103.0,1.4
2026-03-12 21:00:00,2026,3,12,21,Hồ Chí Minh,Phường Vũng Tàu,10.3537998,107.0743549,70,Moderate,1,26.2,73,0.0,36.4,87,1010.0,5,10.2,14.4,237.0,5.7,100.0,1.3
2026-03-12 22:00:00,2026,3,12,22,Hồ Chí Minh,Phường Vũng Tàu,10.3537998,107.0743549,64,Moderate,1,26.1,72,0.0,36.6,87,1010.3,7,10.0,13.9,233.0,5.4,97.0,1.3
2026-03-12 23:00:00,2026,3,12,23,Hồ Chí Minh,Phường Vũng Tàu,10.3537998,107.0743549,57,Moderate,1,26.0,72,0.0,35.5,86,1010.3,66,9.7,13.3,230.0,5.4,95.0,1.3
2026-03-13 00:00:00,2026,3,13,0,Hồ Chí Minh,Phường Vũng Tàu,10.3537998,107.0743549,50,Good,0,25.8,73,0.0,34.1,85,1010.2,13,9.4,12.5,229.0,5.4,95.0,1.4
2026-03-13 01:00:00,2026,3,13,1,Hồ Chí Minh,Phường Vũng Tàu,10.3537998,107.0743549,48,Good,0,25.9,73,0.0,34.2,85,1009.5,1,9.2,12.3,228.0,5.5,94.0,1.5
2026-03-13 02:00:00,2026,3,13,2,Hồ Chí Minh,Phường Vũng Tàu,10.3537998,107.0743549,47,Good,0,25.8,72,0.0,33.4,83,1009.0,2,9.3,12.2,226.0,5.4,94.0,1.5
2026-03-13 03:00:00,2026,3,13,3,Hồ Chí Minh,Phường Vũng Tàu,10.3537998,107.0743549,45,Good,0,25.5,73,0.0,33.0,82,1008.7,2,9.3,12.2,224.0,5.4,93.0,1.5
2026-03-13 04:00:00,2026,3,13,4,Hồ Chí Minh,Phường Vũng Tàu,10.3537998,107.0743549,45,Good,0,25.3,75,0.0,31.1,82,1009.1,9,9.3,12.1,231.0,5.5,93.0,1.6
2026-03-13 05:00:00,2026,3,13,5,Hồ Chí Minh,Phường Vũng Tàu,10.3537998,107.0743549,44,Good,0,25.2,75,0.0,30.7,80,1009.3,16,9.2,12.0,254.0,6.1,91.0,1.8
2026-03-13 06:00:00,2026,3,13,6,Hồ Chí Minh,Phường Vũng Tàu,10.3537998,107.0743549,44,Good,0,25.1,76,0.0,31.0,79,1010.0,15,9.5,12.1,284.0,6.9,89.0,2.2
2026-03-13 07:00:00,2026,3,13,7,Hồ Chí Minh,Phường Vũng Tàu,10.3537998,107.0743549,43,Good,0,26.0,73,0.0,29.6,81,1010.9,5,10.7,13.7,307.0,6.6,91.0,2.0
2026-03-13 08:00:00,2026,3,13,8,Hồ Chí Minh,Phường Vũng Tàu,10.3537998,107.0743549,43,Good,0,27.0,66,0.0,30.9,83,1011.7,29,10.0,13.0,314.0,5.7,98.0,1.9
2026-03-13 09:00:00,2026,3,13,9,Hồ Chí Minh,Phường Vũng Tàu,10.3537998,107.0743549,43,Good,0,27.9,62,0.0,30.5,86,1012.0,32,9.7,12.7,313.0,4.5,108.0,1.9
2026-03-13 10:00:00,2026,3,13,10,Hồ Chí Minh,Phường Vũng Tàu,10.3537998,107.0743549,44,Good,0,28.8,57,0.0,31.1,89,1012.0,23,9.6,12.7,312.0,3.5,117.0,1.8
2026-03-13 11:00:00,2026,3,13,11,Hồ Chí Minh,Phường Vũng Tàu,10.3537998,107.0743549,45,Good,0,29.4,55,0.0,31.6,94,1011.4,1,9.6,12.8,314.0,2.9,124.0,1.7
2026-03-13 12:00:00,2026,3,13,12,Hồ Chí Minh,Phường Vũng Tàu,10.3537998,107.0743549,47,Good,0,29.2,56,0.0,31.4,98,1010.5,8,10.2,13.7,316.0,2.6,131.0,1.7
2026-03-13 13:00:00,2026,3,13,13,Hồ Chí Minh,Phường Vũng Tàu,10.3537998,107.0743549,49,Good,0,29.3,54,0.0,32.4,96,1009.7,10,11.2,15.3,317.0,2.6,135.0,1.6
2026-03-13 14:00:00,2026,3,13,14,Hồ Chí Minh,Phường Vũng Tàu,10.3537998,107.0743549,57,Moderate,1,29.3,54,0.0,32.6,96,1008.9,16,12.3,16.8,316.0,2.9,137.0,1.5
2026-03-13 15:00:00,2026,3,13,15,Hồ Chí Minh,Phường Vũng Tàu,10.3537998,107.0743549,67,Moderate,1,29.0,56,0.0,31.0,97,1008.1,24,13.0,17.8,315.0,3.4,138.0,1.5
2026-03-13 16:00:00,2026,3,13,16,Hồ Chí Minh,Phường Vũng Tàu,10.3537998,107.0743549,77,Moderate,1,28.4,59,0.0,30.8,97,1008.0,19,13.3,18.2,315.0,4.1,136.0,1.5
2026-03-13 17:00:00,2026,3,13,17,Hồ Chí Minh,Phường Vũng Tàu,10.3537998,107.0743549,85,Moderate,1,27.4,60,0.0,31.7,93,1008.1,19,14.1,18.9,321.0,5.2,131.0,1.6
2026-03-13 18:00:00,2026,3,13,18,Hồ Chí Minh,Phường Vũng Tàu,10.3537998,107.0743549,90,Moderate,1,26.8,67,0.0,27.2,88,1008.7,18,13.7,18.2,329.0,6.5,124.0,1.8
2026-03-13 19:00:00,2026,3,13,19,Hồ Chí Minh,Phường Vũng Tàu,10.3537998,107.0743549,91,Moderate,1,26.7,74,0.0,23.8,83,1009.3,26,15.8,21.0,332.0,7.9,117.0,1.9
2026-03-13 20:00:00,2026,3,13,20,Hồ Chí Minh,Phường Vũng Tàu,10.3537998,107.0743549,90,Moderate,1,26.5,72,0.0,25.4,83,1010.6,55,14.7,19.5,327.0,7.5,114.0,1.9
2026-03-13 21:00:00,2026,3,13,21,Hồ Chí Minh,Phường Vũng Tàu,10.3537998,107.0743549,86,Moderate,1,26.5,72,0.0,20.0,66,1011.3,34,13.6,18.0,316.0,7.0,110.0,1.9
2026-03-13 22:00:00,2026,3,13,22,Hồ Chí Minh,Phường Vũng Tàu,10.3537998,107.0743549,81,Moderate,1,26.3,74,0.0,20.0,77,1011.2,18,12.9,16.8,304.0,6.7,106.0,1.9
2026-03-13 23:00:00,2026,3,13,23,Hồ Chí Minh,Phường Vũng Tàu,10.3537998,107.0743549,74,Moderate,1,25.9,78,0.0,21.9,78,1011.0,63,12.3,15.9,289.0,6.8,103.0,1.9
2026-03-14 00:00:00,2026,3,14,0,Hồ Chí Minh,Phường Vũng Tàu,10.3537998,107.0743549,67,Moderate,1,25.8,78,0.0,19.0,70,1011.1,99,12.0,15.4,273.0,7.0,100.0,1.9
2026-03-14 01:00:00,2026,3,14,1,Hồ Chí Minh,Phường Vũng Tàu,10.3537998,107.0743549,59,Moderate,1,25.9,79,0.0,19.2,75,1010.2,98,11.8,15.1,262.0,7.1,97.0,1.9
2026-03-14 02:00:00,2026,3,14,2,Hồ Chí Minh,Phường Vũng Tàu,10.3537998,107.0743549,52,Moderate,1,25.8,80,0.0,19.4,77,1010.0,57,11.0,14.0,258.0,6.8,95.0,1.9
2026-03-14 03:00:00,2026,3,14,3,Hồ Chí Minh,Phường Vũng Tàu,10.3537998,107.0743549,49,Good,0,25.5,81,0.0,17.9,75,1010.0,69,9.5,12.1,260.0,6.4,94.0,1.8
2026-03-14 04:00:00,2026,3,14,4,Hồ Chí Minh,Phường Vũng Tàu,10.3537998,107.0743549,48,Good,0,25.1,83,0.0,18.8,75,1009.8,97,8.2,10.3,273.0,6.3,92.0,1.9
2026-03-14 05:00:00,2026,3,14,5,Hồ Chí Minh,Phường Vũng Tàu,10.3537998,107.0743549,48,Good,0,25.1,81,0.0,17.5,71,1010.2,71,7.5,9.3,309.0,6.8,89.0,2.2
2026-03-14 06:00:00,2026,3,14,6,Hồ Chí Minh,Phường Vũng Tàu,10.3537998,107.0743549,48,Good,0,25.1,80,0.0,16.5,70,1010.9,100,7.4,9.1,356.0,7.5,86.0,2.5
2026-03-14 07:00:00,2026,3,14,7,Hồ Chí Minh,Phường Vũng Tàu,10.3537998,107.0743549,48,Good,0,25.9,78,0.0,18.4,76,1012.0,100,7.1,8.9,377.0,8.3,87.0,2.7
2026-03-14 08:00:00,2026,3,14,8,Hồ Chí Minh,Phường Vũng Tàu,10.3537998,107.0743549,47,Good,0,26.9,73,0.0,17.7,75,1013.0,65,7.7,9.7,348.0,7.2,94.0,2.6
2026-03-14 09:00:00,2026,3,14,9,Hồ Chí Minh,Phường Vũng Tàu,10.3537998,107.0743549,47,Good,0,28.5,61,0.0,19.3,86,1013.3,21,8.1,10.4,292.0,5.6,104.0,2.4
2026-03-14 10:00:00,2026,3,14,10,Hồ Chí Minh,Phường Vũng Tàu,10.3537998,107.0743549,46,Good,0,29.3,58,0.1,23.8,94,1013.1,50,8.2,10.9,250.0,4.3,114.0,2.3
2026-03-14 11:00:00,2026,3,14,11,Hồ Chí Minh,Phường Vũng Tàu,10.3537998,107.0743549,46,Good,0,29.1,61,0.2,24.8,99,1012.7,100,8.6,11.4,237.0,3.5,123.0,2.2
2026-03-14 12:00:00,2026,3,14,12,Hồ Chí Minh,Phường Vũng Tàu,10.3537998,107.0743549,46,Good,0,28.9,61,0.0,24.3,104,1011.6,93,9.3,12.5,236.0,2.9,131.0,2.0
2026-03-14 13:00:00,2026,3,14,13,Hồ Chí Minh,Phường Vũng Tàu,10.3537998,107.0743549,48,Good,0,28.6,64,0.0,26.0,98,1011.4,91,10.5,14.3,237.0,2.7,136.0,1.9
2026-03-14 14:00:00,2026,3,14,14,Hồ Chí Minh,Phường Vũng Tàu,10.3537998,107.0743549,53,Moderate,1,28.8,64,0.0,27.0,88,1010.5,72,11.2,15.4,235.0,2.9,136.0,1.8
2026-03-14 15:00:00,2026,3,14,15,Hồ Chí Minh,Phường Vũng Tàu,10.3537998,107.0743549,63,Moderate,1,28.3,67,0.0,26.9,93,1009.6,52,11.1,15.3,235.0,3.5,132.0,1.7
2026-03-14 16:00:00,2026,3,14,16,Hồ Chí Minh,Phường Vũng Tàu,10.3537998,107.0743549,73,Moderate,1,27.9,69,0.0,28.7,95,1009.5,38,10.4,14.2,235.0,4.2,128.0,1.6
2026-03-14 17:00:00,2026,3,14,17,Hồ Chí Minh,Phường Vũng Tàu,10.3537998,107.0743549,80,Moderate,1,26.8,75,0.0,29.2,90,1009.8,9,9.6,13.1,236.0,5.2,124.0,1.6
2026-03-14 18:00:00,2026,3,14,18,Hồ Chí Minh,Phường Vũng Tàu,10.3537998,107.0743549,84,Moderate,1,26.0,80,0.0,28.1,91,1010.2,15,9.8,13.1,238.0,6.4,119.0,1.7
2026-03-14 19:00:00,2026,3,14,19,Hồ Chí Minh,Phường Vũng Tàu,10.3537998,107.0743549,85,Moderate,1,26.6,76,0.0,26.5,80,1010.9,4,11.4,14.6,237.0,7.6,113.0,1.9
2026-03-14 20:00:00,2026,3,14,20,Hồ Chí Minh,Phường Vũng Tàu,10.3537998,107.0743549,83,Moderate,1,26.3,79,0.0,24.6,76,1011.7,3,10.8,13.6,232.0,7.5,110.0,2.2
2026-03-14 21:00:00,2026,3,14,21,Hồ Chí Minh,Phường Vũng Tàu,10.3537998,107.0743549,79,Moderate,1,26.1,79,0.0,24.9,78,1012.0,12,11.4,14.4,224.0,7.5,106.0,2.5
2026-03-14 22:00:00,2026,3,14,22,Hồ Chí Minh,Phường Vũng Tàu,10.3537998,107.0743549,72,Moderate,1,26.0,78,0.0,21.5,71,1012.5,4,12.8,16.2,218.0,7.5,102.0,2.8
2026-03-14 23:00:00,2026,3,14,23,Hồ Chí Minh,Phường Vũng Tàu,10.3537998,107.0743549,65,Moderate,1,25.8,78,0.0,19.3,74,1012.5,0,14.0,17.8,215.0,7.7,99.0,2.8
2026-03-15 00:00:00,2026,3,15,0,Hồ Chí Minh,Phường Vũng Tàu,10.3537998,107.0743549,58,Moderate,1,25.4,79,0.0,17.8,72,1012.2,2,14.6,18.7,212.0,8.1,97.0,2.7
2026-03-15 01:00:00,2026,3,15,1,Hồ Chí Minh,Phường Vũng Tàu,10.3537998,107.0743549,52,Moderate,1,25.4,80,0.0,17.3,74,1011.5,3,14.6,18.8,212.0,8.4,95.0,2.7
2026-03-15 02:00:00,2026,3,15,2,Hồ Chí Minh,Phường Vũng Tàu,10.3537998,107.0743549,49,Good,0,25.2,81,0.0,16.3,74,1010.9,1,14.2,18.2,210.0,8.7,93.0,2.7
2026-03-15 03:00:00,2026,3,15,3,Hồ Chí Minh,Phường Vũng Tàu,10.3537998,107.0743549,47,Good,0,25.0,81,0.0,14.9,75,1010.8,3,13.9,17.8,211.0,8.9,90.0,2.7
2026-03-15 04:00:00,2026,3,15,4,Hồ Chí Minh,Phường Vũng Tàu,10.3537998,107.0743549,46,Good,0,24.8,81,0.0,14.0,74,1011.0,8,13.9,17.6,220.0,9.1,88.0,2.9
2026-03-15 05:00:00,2026,3,15,5,Hồ Chí Minh,Phường Vũng Tàu,10.3537998,107.0743549,45,Good,0,24.6,82,0.0,13.4,70,1011.6,20,14.0,17.5,251.0,9.4,85.0,3.3
2026-03-15 06:00:00,2026,3,15,6,Hồ Chí Minh,Phường Vũng Tàu,10.3537998,107.0743549,46,Good,0,24.6,81,0.0,13.6,68,1012.2,5,14.3,17.6,292.0,9.7,82.0,3.8
2026-03-15 07:00:00,2026,3,15,7,Hồ Chí Minh,Phường Vũng Tàu,10.3537998,107.0743549,47,Good,0,25.9,74,0.0,14.5,73,1012.6,0,12.0,15.4,313.0,8.3,87.0,2.7
2026-03-15 08:00:00,2026,3,15,8,Hồ Chí Minh,Phường Vũng Tàu,10.3537998,107.0743549,48,Good,0,27.3,67,0.0,15.9,76,1013.4,1,11.4,14.7,297.0,7.1,95.0,2.6
2026-03-15 09:00:00,2026,3,15,9,Hồ Chí Minh,Phường Vũng Tàu,10.3537998,107.0743549,49,Good,0,28.6,60,0.0,15.9,84,1013.8,1,11.3,14.9,263.0,5.4,107.0,2.6
2026-03-15 10:00:00,2026,3,15,10,Hồ Chí Minh,Phường Vũng Tàu,10.3537998,107.0743549,49,Good,0,29.5,57,0.0,17.5,94,1013.9,2,11.1,14.8,234.0,4.0,117.0,2.4
2026-03-15 11:00:00,2026,3,15,11,Hồ Chí Minh,Phường Vũng Tàu,10.3537998,107.0743549,50,Good,0,29.8,58,0.2,21.6,100,1013.2,22,10.8,14.6,221.0,3.2,123.0,2.1
2026-03-15 12:00:00,2026,3,15,12,Hồ Chí Minh,Phường Vũng Tàu,10.3537998,107.0743549,50,Good,0,29.9,56,0.3,26.3,105,1012.1,16,11.1,15.2,214.0,2.7,128.0,1.8
2026-03-15 13:00:00,2026,3,15,13,Hồ Chí Minh,Phường Vũng Tàu,10.3537998,107.0743549,50,Good,0,29.2,58,0.1,29.0,97,1011.4,13,11.8,16.4,210.0,2.6,130.0,1.5
2026-03-15 14:00:00,2026,3,15,14,Hồ Chí Minh,Phường Vũng Tàu,10.3537998,107.0743549,51,Moderate,1,29.1,61,0.0,31.7,92,1010.5,34,11.9,16.5,209.0,2.9,130.0,1.4
2026-03-15 15:00:00,2026,3,15,15,Hồ Chí Minh,Phường Vũng Tàu,10.3537998,107.0743549,62,Moderate,1,28.5,66,0.0,30.6,92,1009.8,8,11.6,16.1,212.0,3.5,128.0,1.4
2026-03-15 16:00:00,2026,3,15,16,Hồ Chí Minh,Phường Vũng Tàu,10.3537998,107.0743549,70,Moderate,1,27.3,68,0.1,33.3,88,1009.6,16,11.3,15.6,215.0,4.2,125.0,1.4
2026-03-15 17:00:00,2026,3,15,17,Hồ Chí Minh,Phường Vũng Tàu,10.3537998,107.0743549,77,Moderate,1,26.6,72,0.0,32.9,90,1009.9,34,10.3,14.0,219.0,5.1,119.0,1.5
2026-03-15 18:00:00,2026,3,15,18,Hồ Chí Minh,Phường Vũng Tàu,10.3537998,107.0743549,79,Moderate,1,26.5,75,0.0,28.6,87,1010.4,52,10.0,13.4,224.0,6.2,112.0,1.7
2026-03-15 19:00:00,2026,3,15,19,Hồ Chí Minh,Phường Vũng Tàu,10.3537998,107.0743549,78,Moderate,1,26.5,77,0.0,28.6,91,1010.8,16,10.3,13.7,226.0,7.2,108.0,1.9
2026-03-15 20:00:00,2026,3,15,20,Hồ Chí Minh,Phường Vũng Tàu,10.3537998,107.0743549,75,Moderate,1,26.4,77,0.0,28.3,91,1011.6,29,9.8,13.1,221.0,7.0,105.0,1.9
2026-03-15 21:00:00,2026,3,15,21,Hồ Chí Minh,Phường Vũng Tàu,10.3537998,107.0743549,70,Moderate,1,26.1,77,0.0,31.3,89,1011.9,16,9.4,12.5,213.0,6.7,101.0,1.9
2026-03-15 22:00:00,2026,3,15,22,Hồ Chí Minh,Phường Vũng Tàu,10.3537998,107.0743549,64,Moderate,1,25.6,80,0.0,32.4,84,1012.2,2,8.9,11.8,205.0,6.4,98.0,1.8
2026-03-15 23:00:00,2026,3,15,23,Hồ Chí Minh,Phường Vũng Tàu,10.3537998,107.0743549,57,Moderate,1,25.6,78,0.0,32.4,84,1012.2,16,8.4,11.2,199.0,6.2,96.0,1.7
2026-03-16 00:00:00,2026,3,16,0,Hồ Chí Minh,Phường Vũng Tàu,10.3537998,107.0743549,50,Good,0,25.5,78,0.0,32.4,87,1011.7,3,7.7,10.4,195.0,6.0,95.0,1.6
2026-03-16 01:00:00,2026,3,16,1,Hồ Chí Minh,Phường Vũng Tàu,10.3537998,107.0743549,48,Good,0,25.4,78,0.0,33.3,88,1011.2,5,7.3,10.0,191.0,5.8,94.0,1.5
2026-03-16 02:00:00,2026,3,16,2,Hồ Chí Minh,Phường Vũng Tàu,10.3537998,107.0743549,47,Good,0,25.1,79,0.0,31.5,83,1010.6,8,7.3,10.0,187.0,5.6,94.0,1.5
2026-03-16 03:00:00,2026,3,16,3,Hồ Chí Minh,Phường Vũng Tàu,10.3537998,107.0743549,46,Good,0,25.0,78,0.0,30.5,85,1009.8,2,7.4,10.4,185.0,5.4,94.0,1.5
2026-03-16 04:00:00,2026,3,16,4,Hồ Chí Minh,Phường Vũng Tàu,10.3537998,107.0743549,45,Good,0,25.0,77,0.0,30.2,85,1009.8,2,7.6,10.7,187.0,5.4,95.0,1.5
2026-03-16 05:00:00,2026,3,16,5,Hồ Chí Minh,Phường Vũng Tàu,10.3537998,107.0743549,44,Good,0,25.0,78,0.0,29.5,84,1010.0,10,7.6,10.9,200.0,5.7,95.0,1.5
2026-03-16 06:00:00,2026,3,16,6,Hồ Chí Minh,Phường Vũng Tàu,10.3537998,107.0743549,44,Good,0,24.9,79,0.0,28.1,83,1010.6,9,7.8,11.2,218.0,6.1,94.0,1.6
2026-03-16 07:00:00,2026,3,16,7,Hồ Chí Minh,Phường Vũng Tàu,10.3537998,107.0743549,44,Good,0,26.0,73,0.0,27.1,85,1011.2,1,8.0,11.4,229.0,6.2,96.0,1.7
2026-03-16 08:00:00,2026,3,16,8,Hồ Chí Minh,Phường Vũng Tàu,10.3537998,107.0743549,44,Good,0,27.1,67,0.0,28.7,86,1011.8,0,8.7,12.3,228.0,5.3,102.0,1.7
2026-03-16 09:00:00,2026,3,16,9,Hồ Chí Minh,Phường Vũng Tàu,10.3537998,107.0743549,44,Good,0,28.1,61,0.0,29.9,89,1012.3,0,9.5,13.4,221.0,4.1,110.0,1.7
2026-03-16 10:00:00,2026,3,16,10,Hồ Chí Minh,Phường Vũng Tàu,10.3537998,107.0743549,45,Good,0,28.7,59,0.0,30.3,92,1012.3,0,10.5,14.8,213.0,3.2,117.0,1.7
2026-03-16 11:00:00,2026,3,16,11,Hồ Chí Minh,Phường Vũng Tàu,10.3537998,107.0743549,47,Good,0,29.3,54,0.0,32.4,93,1012.0,5,11.1,15.7,206.0,2.7,122.0,1.6
2026-03-16 12:00:00,2026,3,16,12,Hồ Chí Minh,Phường Vũng Tàu,10.3537998,107.0743549,48,Good,0,29.1,57,0.0,31.9,101,1011.1,11,11.5,16.2,198.0,2.4,127.0,1.6
2026-03-16 13:00:00,2026,3,16,13,Hồ Chí Minh,Phường Vũng Tàu,10.3537998,107.0743549,50,Good,0,28.8,58,0.0,30.2,100,1010.3,16,12.3,17.3,192.0,2.4,129.0,1.5
2026-03-16 14:00:00,2026,3,16,14,Hồ Chí Minh,Phường Vũng Tàu,10.3537998,107.0743549,57,Moderate,1,28.9,59,0.0,28.9,99,1009.4,16,13.1,18.6,190.0,2.8,129.0,1.5
2026-03-16 15:00:00,2026,3,16,15,Hồ Chí Minh,Phường Vũng Tàu,10.3537998,107.0743549,65,Moderate,1,28.2,65,0.0,29.1,101,1008.6,20,13.5,19.3,191.0,3.4,127.0,1.5
2026-03-16 16:00:00,2026,3,16,16,Hồ Chí Minh,Phường Vũng Tàu,10.3537998,107.0743549,71,Moderate,1,27.2,69,0.0,29.7,100,1008.4,19,13.3,19.1,192.0,4.1,124.0,1.5
2026-03-16 17:00:00,2026,3,16,17,Hồ Chí Minh,Phường Vũng Tàu,10.3537998,107.0743549,76,Moderate,1,26.5,72,0.0,29.7,96,1008.7,14,12.8,18.5,195.0,5.0,120.0,1.5
2026-03-16 18:00:00,2026,3,16,18,Hồ Chí Minh,Phường Vũng Tàu,10.3537998,107.0743549,78,Moderate,1,25.8,77,0.0,29.2,92,1009.3,11,12.1,17.4,199.0,6.0,114.0,1.5
2026-03-16 19:00:00,2026,3,16,19,Hồ Chí Minh,Phường Vũng Tàu,10.3537998,107.0743549,78,Moderate,1,26.1,77,0.0,26.5,90,1009.5,29,11.2,16.1,200.0,6.5,108.0,1.5
2026-03-16 20:00:00,2026,3,16,20,Hồ Chí Minh,Phường Vũng Tàu,10.3537998,107.0743549,75,Moderate,1,26.0,78,0.0,27.7,92,1010.2,22,10.1,14.6,195.0,6.1,105.0,1.4
2026-03-16 21:00:00,2026,3,16,21,Hồ Chí Minh,Phường Vũng Tàu,10.3537998,107.0743549,70,Moderate,1,25.9,78,0.0,29.4,94,1010.7,1,9.3,13.6,188.0,5.6,102.0,1.4
2026-03-16 22:00:00,2026,3,16,22,Hồ Chí Minh,Phường Vũng Tàu,10.3537998,107.0743549,64,Moderate,1,25.7,78,0.0,30.5,94,1011.1,1,9.1,13.4,181.0,5.3,99.0,1.3
2026-03-16 23:00:00,2026,3,16,23,Hồ Chí Minh,Phường Vũng Tàu,10.3537998,107.0743549,58,Moderate,1,25.8,77,0.0,32.1,94,1011.2,6,9.0,13.3,176.0,5.2,97.0,1.2
2026-03-17 00:00:00,2026,3,17,0,Hồ Chí Minh,Phường Vũng Tàu,10.3537998,107.0743549,51,Moderate,1,25.7,76,0.0,32.8,94,1011.1,9,8.7,13.0,171.0,5.3,96.0,1.1
2026-03-17 01:00:00,2026,3,17,1,Hồ Chí Minh,Phường Vũng Tàu,10.3537998,107.0743549,49,Good,0,25.5,80,0.0,29.6,95,1010.3,2,8.4,12.5,168.0,5.4,95.0,1.1
2026-03-17 02:00:00,2026,3,17,2,Hồ Chí Minh,Phường Vũng Tàu,10.3537998,107.0743549,47,Good,0,25.4,80,0.0,29.5,95,1010.0,0,8.2,12.1,164.0,5.4,94.0,1.1
2026-03-17 03:00:00,2026,3,17,3,Hồ Chí Minh,Phường Vũng Tàu,10.3537998,107.0743549,46,Good,0,25.2,80,0.0,29.6,93,1009.6,0,8.1,11.8,162.0,5.3,94.0,1.1
2026-03-17 04:00:00,2026,3,17,4,Hồ Chí Minh,Phường Vũng Tàu,10.3537998,107.0743549,45,Good,0,25.1,79,0.0,28.1,89,1009.8,2,7.9,11.6,165.0,5.4,93.0,1.2
2026-03-17 05:00:00,2026,3,17,5,Hồ Chí Minh,Phường Vũng Tàu,10.3537998,107.0743549,45,Good,0,25.1,77,0.0,27.9,89,1010.0,2,7.8,11.4,179.0,5.8,91.0,1.3
2026-03-17 06:00:00,2026,3,17,6,Hồ Chí Minh,Phường Vũng Tàu,10.3537998,107.0743549,44,Good,0,25.0,76,0.0,27.4,87,1010.4,1,7.8,11.3,197.0,6.3,89.0,1.5
2026-03-17 07:00:00,2026,3,17,7,Hồ Chí Minh,Phường Vũng Tàu,10.3537998,107.0743549,43,Good,0,25.8,74,0.0,28.0,86,1011.5,1,10.0,14.1,210.0,6.4,91.0,1.7
2026-03-17 08:00:00,2026,3,17,8,Hồ Chí Minh,Phường Vũng Tàu,10.3537998,107.0743549,43,Good,0,26.8,68,0.0,27.8,87,1012.3,0,10.0,14.0,210.0,5.5,97.0,1.7
2026-03-17 09:00:00,2026,3,17,9,Hồ Chí Minh,Phường Vũng Tàu,10.3537998,107.0743549,43,Good,0,27.7,63,0.0,28.6,91,1012.7,0,10.5,14.6,204.0,4.4,105.0,1.8
2026-03-17 10:00:00,2026,3,17,10,Hồ Chí Minh,Phường Vũng Tàu,10.3537998,107.0743549,44,Good,0,28.2,61,0.0,29.3,95,1012.5,7,11.2,15.5,198.0,3.4,113.0,1.8
2026-03-17 11:00:00,2026,3,17,11,Hồ Chí Minh,Phường Vũng Tàu,10.3537998,107.0743549,45,Good,0,28.8,58,0.0,29.2,99,1012.0,0,11.7,16.3,193.0,2.9,120.0,1.8
2026-03-17 12:00:00,2026,3,17,12,Hồ Chí Minh,Phường Vũng Tàu,10.3537998,107.0743549,46,Good,0,29.0,57,0.0,29.8,102,1011.0,8,12.4,17.2,187.0,2.6,126.0,1.7
2026-03-17 13:00:00,2026,3,17,13,Hồ Chí Minh,Phường Vũng Tàu,10.3537998,107.0743549,48,Good,0,28.5,60,0.0,27.8,107,1010.7,10,13.2,18.4,183.0,2.5,130.0,1.7
2026-03-17 14:00:00,2026,3,17,14,Hồ Chí Minh,Phường Vũng Tàu,10.3537998,107.0743549,52,Moderate,1,28.1,62,0.0,27.6,115,1009.8,39,13.8,19.2,180.0,2.7,130.0,1.6
2026-03-17 15:00:00,2026,3,17,15,Hồ Chí Minh,Phường Vũng Tàu,10.3537998,107.0743549,61,Moderate,1,27.4,65,0.0,26.7,113,1009.0,45,13.6,19.0,179.0,3.1,128.0,1.6
2026-03-17 16:00:00,2026,3,17,16,Hồ Chí Minh,Phường Vũng Tàu,10.3537998,107.0743549,68,Moderate,1,27.0,68,0.0,24.0,110,1008.7,63,12.6,17.8,180.0,3.6,124.0,1.5
2026-03-17 17:00:00,2026,3,17,17,Hồ Chí Minh,Phường Vũng Tàu,10.3537998,107.0743549,74,Moderate,1,26.4,74,0.0,22.4,107,1009.0,86,11.6,16.6,186.0,4.4,118.0,1.5
2026-03-17 18:00:00,2026,3,17,18,Hồ Chí Minh,Phường Vũng Tàu,10.3537998,107.0743549,77,Moderate,1,25.5,78,0.0,21.4,103,1009.2,72,11.0,15.9,195.0,5.3,111.0,1.4
2026-03-17 19:00:00,2026,3,17,19,Hồ Chí Minh,Phường Vũng Tàu,10.3537998,107.0743549,76,Moderate,1,25.9,76,0.0,24.8,105,1009.8,85,10.3,15.1,198.0,6.0,102.0,1.4
2026-03-17 20:00:00,2026,3,17,20,Hồ Chí Minh,Phường Vũng Tàu,10.3537998,107.0743549,73,Moderate,1,25.9,75,0.0,25.1,98,1010.7,90,10.1,14.9,191.0,5.7,99.0,1.3
2026-03-17 21:00:00,2026,3,17,21,Hồ Chí Minh,Phường Vũng Tàu,10.3537998,107.0743549,67,Moderate,1,25.9,74,0.0,26.7,93,1011.0,64,9.6,14.2,179.0,5.2,96.0,1.2
2026-03-17 22:00:00,2026,3,17,22,Hồ Chí Minh,Phường Vũng Tàu,10.3537998,107.0743549,60,Moderate,1,25.8,75,0.0,26.6,91,1012.0,91,9.2,13.6,169.0,4.8,93.0,1.1
2026-03-17 23:00:00,2026,3,17,23,Hồ Chí Minh,Phường Vũng Tàu,10.3537998,107.0743549,52,Moderate,1,25.7,74,0.0,27.1,95,1011.9,77,9.1,13.6,164.0,4.6,92.0,1.0
2026-03-18 00:00:00,2026,3,18,0,Hồ Chí Minh,Phường Vũng Tàu,10.3537998,107.0743549,48,Good,0,25.6,74,0.0,26.9,95,1011.6,84,9.1,13.6,160.0,4.6,91.0,1.0
2026-03-18 01:00:00,2026,3,18,1,Hồ Chí Minh,Phường Vũng Tàu,10.3537998,107.0743549,46,Good,0,25.5,75,0.0,27.7,93,1010.7,80,9.2,13.8,158.0,4.6,90.0,1.0
2026-03-18 02:00:00,2026,3,18,2,Hồ Chí Minh,Phường Vũng Tàu,10.3537998,107.0743549,45,Good,0,25.3,76,0.0,28.5,92,1010.4,77,9.3,13.8,154.0,4.8,89.0,1.0
2026-03-18 03:00:00,2026,3,18,3,Hồ Chí Minh,Phường Vũng Tàu,10.3537998,107.0743549,44,Good,0,25.1,76,0.0,28.3,91,1010.2,86,9.4,13.9,151.0,5.1,88.0,1.1
2026-03-18 04:00:00,2026,3,18,4,Hồ Chí Minh,Phường Vũng Tàu,10.3537998,107.0743549,43,Good,0,25.0,77,0.0,27.5,89,1010.2,86,9.5,14.0,155.0,5.4,87.0,1.2
2026-03-18 05:00:00,2026,3,18,5,Hồ Chí Minh,Phường Vũng Tàu,10.3537998,107.0743549,44,Good,0,24.9,78,0.0,26.7,85,1010.5,84,9.5,14.0,173.0,6.0,85.0,1.4
2026-03-18 06:00:00,2026,3,18,6,Hồ Chí Minh,Phường Vũng Tàu,10.3537998,107.0743549,44,Good,0,24.7,78,0.0,27.2,83,1011.0,4,9.7,14.1,199.0,6.6,84.0,1.6
2026-03-18 07:00:00,2026,3,18,7,Hồ Chí Minh,Phường Vũng Tàu,10.3537998,107.0743549,44,Good,0,25.5,74,0.0,25.3,82,1011.7,96,10.4,14.7,215.0,6.6,85.0,1.7
2026-03-18 08:00:00,2026,3,18,8,Hồ Chí Minh,Phường Vũng Tàu,10.3537998,107.0743549,44,Good,0,26.7,68,0.0,25.3,86,1012.7,96,10.7,14.9,213.0,5.7,91.0,1.7
2026-03-18 09:00:00,2026,3,18,9,Hồ Chí Minh,Phường Vũng Tàu,10.3537998,107.0743549,45,Good,0,27.8,63,0.0,25.0,92,1013.3,90,11.2,15.5,203.0,4.4,99.0,1.6
2026-03-18 10:00:00,2026,3,18,10,Hồ Chí Minh,Phường Vũng Tàu,10.3537998,107.0743549,45,Good,0,28.5,59,0.0,26.0,98,1013.4,73,11.8,16.6,193.0,3.3,106.0,1.6
2026-03-18 11:00:00,2026,3,18,11,Hồ Chí Minh,Phường Vũng Tàu,10.3537998,107.0743549,45,Good,0,28.6,59,0.0,26.0,102,1013.2,1,12.5,17.6,188.0,2.7,113.0,1.6
2026-03-18 12:00:00,2026,3,18,12,Hồ Chí Minh,Phường Vũng Tàu,10.3537998,107.0743549,45,Good,0,28.8,58,0.0,25.1,105,1012.1,12,13.1,18.5,184.0,2.4,119.0,1.5
2026-03-18 13:00:00,2026,3,18,13,Hồ Chí Minh,Phường Vũng Tàu,10.3537998,107.0743549,45,Good,0,28.5,61,0.0,23.7,111,1011.2,20,13.4,19.0,182.0,2.3,123.0,1.5
2026-03-18 14:00:00,2026,3,18,14,Hồ Chí Minh,Phường Vũng Tàu,10.3537998,107.0743549,48,Good,0,28.5,62,0.0,22.6,116,1010.1,23,13.5,19.2,181.0,2.4,123.0,1.5
2026-03-18 15:00:00,2026,3,18,15,Hồ Chí Minh,Phường Vũng Tàu,10.3537998,107.0743549,50,Good,0,27.6,66,0.0,23.2,117,1009.4,5,13.5,19.2,182.0,2.8,120.0,1.4
2026-03-18 16:00:00,2026,3,18,16,Hồ Chí Minh,Phường Vũng Tàu,10.3537998,107.0743549,57,Moderate,1,27.2,69,0.0,22.3,112,1009.0,5,13.3,18.8,184.0,3.4,116.0,1.4
2026-03-18 17:00:00,2026,3,18,17,Hồ Chí Minh,Phường Vũng Tàu,10.3537998,107.0743549,62,Moderate,1,26.4,75,0.0,20.3,110,1009.2,0,13.1,18.4,188.0,4.4,112.0,1.5
2026-03-18 18:00:00,2026,3,18,18,Hồ Chí Minh,Phường Vũng Tàu,10.3537998,107.0743549,65,Moderate,1,25.7,78,0.0,21.2,107,1009.5,5,12.9,18.0,192.0,5.7,106.0,1.6
2026-03-18 19:00:00,2026,3,18,19,Hồ Chí Minh,Phường Vũng Tàu,10.3537998,107.0743549,65,Moderate,1,26.2,73,0.0,21.1,108,1009.6,2,12.7,17.8,193.0,6.2,100.0,1.6
2026-03-18 20:00:00,2026,3,18,20,Hồ Chí Minh,Phường Vũng Tàu,10.3537998,107.0743549,62,Moderate,1,26.0,75,0.0,22.5,105,1010.6,2,12.5,17.5,188.0,6.0,99.0,1.5
2026-03-18 21:00:00,2026,3,18,21,Hồ Chí Minh,Phường Vũng Tàu,10.3537998,107.0743549,58,Moderate,1,25.9,77,0.0,21.2,95,1011.6,2,12.3,17.2,180.0,5.8,98.0,1.5
2026-03-18 22:00:00,2026,3,18,22,Hồ Chí Minh,Phường Vũng Tàu,10.3537998,107.0743549,52,Moderate,1,25.8,77,0.0,21.4,100,1011.8,0,12.1,17.0,172.0,5.6,96.0,1.4
2026-03-18 23:00:00,2026,3,18,23,Hồ Chí Minh,Phường Vũng Tàu,10.3537998,107.0743549,49,Good,0,25.8,76,0.0,22.7,103,1011.8,1,11.7,16.4,167.0,5.5,94.0,1.3
2026-03-19 00:00:00,2026,3,19,0,Hồ Chí Minh,Phường Vũng Tàu,10.3537998,107.0743549,48,Good,0,25.6,77,0.0,21.4,100,1011.4,3,11.2,15.8,162.0,5.4,93.0,1.3
2026-03-19 01:00:00,2026,3,19,1,Hồ Chí Minh,Phường Vũng Tàu,10.3537998,107.0743549,48,Good,0,25.5,81,0.0,21.8,94,1010.7,12,10.9,15.5,159.0,5.4,91.0,1.3
2026-03-19 02:00:00,2026,3,19,2,Hồ Chí Minh,Phường Vũng Tàu,10.3537998,107.0743549,49,Good,0,25.4,82,0.0,20.2,94,1010.3,4,10.7,15.1,156.0,5.6,89.0,1.3
2026-03-19 03:00:00,2026,3,19,3,Hồ Chí Minh,Phường Vũng Tàu,10.3537998,107.0743549,49,Good,0,25.4,80,0.0,19.8,92,1010.2,17,10.5,14.9,155.0,5.9,87.0,1.4
2026-03-19 04:00:00,2026,3,19,4,Hồ Chí Minh,Phường Vũng Tàu,10.3537998,107.0743549,49,Good,0,25.2,80,0.0,20.2,93,1010.2,9,10.4,14.7,159.0,6.2,86.0,1.5
2026-03-19 05:00:00,2026,3,19,5,Hồ Chí Minh,Phường Vũng Tàu,10.3537998,107.0743549,49,Good,0,25.2,79,0.0,20.7,97,1010.4,6,10.4,14.5,174.0,6.6,85.0,1.6
2026-03-19 06:00:00,2026,3,19,6,Hồ Chí Minh,Phường Vũng Tàu,10.3537998,107.0743549,49,Good,0,25.1,79,0.0,22.1,97,1011.1,9,10.4,14.4,195.0,7.1,84.0,1.8
2026-03-19 07:00:00,2026,3,19,7,Hồ Chí Minh,Phường Vũng Tàu,10.3537998,107.0743549,50,Good,0,26.0,74,0.0,23.8,94,1012.0,8,10.3,14.0,208.0,7.2,86.0,1.9
2026-03-19 08:00:00,2026,3,19,8,Hồ Chí Minh,Phường Vũng Tàu,10.3537998,107.0743549,49,Good,0,27.0,68,0.0,24.8,97,1012.8,3,10.9,14.9,205.0,6.1,93.0,1.9
2026-03-19 09:00:00,2026,3,19,9,Hồ Chí Minh,Phường Vũng Tàu,10.3537998,107.0743549,50,Good,0,27.8,64,0.0,25.3,98,1013.1,1,11.6,16.0,193.0,4.6,102.0,1.8
2026-03-19 10:00:00,2026,3,19,10,Hồ Chí Minh,Phường Vũng Tàu,10.3537998,107.0743549,50,Good,0,28.5,61,0.0,24.4,98,1013.1,0,12.6,17.5,184.0,3.4,110.0,1.8
2026-03-19 11:00:00,2026,3,19,11,Hồ Chí Minh,Phường Vũng Tàu,10.3537998,107.0743549,50,Good,0,29.2,58,0.0,23.6,100,1012.9,0,13.2,18.5,182.0,2.7,117.0,1.7
2026-03-19 12:00:00,2026,3,19,12,Hồ Chí Minh,Phường Vũng Tàu,10.3537998,107.0743549,50,Good,0,29.5,54,0.0,22.5,98,1011.9,11,13.7,19.2,183.0,2.4,122.0,1.6
2026-03-19 13:00:00,2026,3,19,13,Hồ Chí Minh,Phường Vũng Tàu,10.3537998,107.0743549,50,Good,0,29.0,56,0.0,23.1,109,1010.6,26,14.1,19.8,184.0,2.3,126.0,1.6
2026-03-19 14:00:00,2026,3,19,14,Hồ Chí Minh,Phường Vũng Tàu,10.3537998,107.0743549,50,Good,0,29.0,59,0.0,20.9,119,1009.8,2,14.5,20.4,185.0,2.6,127.0,1.6
2026-03-19 15:00:00,2026,3,19,15,Hồ Chí Minh,Phường Vũng Tàu,10.3537998,107.0743549,54,Moderate,1,28.3,60,0.0,20.8,124,1008.9,4,14.6,20.5,187.0,3.1,125.0,1.7
2026-03-19 16:00:00,2026,3,19,16,Hồ Chí Minh,Phường Vũng Tàu,10.3537998,107.0743549,63,Moderate,1,28.0,60,0.0,19.4,115,1008.5,2,14.4,20.3,190.0,3.8,123.0,1.8
2026-03-19 17:00:00,2026,3,19,17,Hồ Chí Minh,Phường Vũng Tàu,10.3537998,107.0743549,69,Moderate,1,27.2,66,0.0,16.8,116,1008.6,5,14.1,19.7,198.0,4.8,119.0,1.9
2026-03-19 18:00:00,2026,3,19,18,Hồ Chí Minh,Phường Vũng Tàu,10.3537998,107.0743549,73,Moderate,1,26.1,73,0.0,16.2,107,1008.8,1,14.0,19.3,207.0,6.0,114.0,1.9
2026-03-19 19:00:00,2026,3,19,19,Hồ Chí Minh,Phường Vũng Tàu,10.3537998,107.0743549,74,Moderate,1,26.2,80,0.0,15.8,101,1009.3,1,13.9,19.5,212.0,7.5,109.0,2.0
2026-03-19 20:00:00,2026,3,19,20,Hồ Chí Minh,Phường Vũng Tàu,10.3537998,107.0743549,72,Moderate,1,26.0,83,0.0,16.7,92,1009.6,1,13.7,19.1,209.0,7.4,110.0,2.0
2026-03-19 21:00:00,2026,3,19,21,Hồ Chí Minh,Phường Vũng Tàu,10.3537998,107.0743549,69,Moderate,1,25.9,84,0.0,17.8,90,1010.2,1,13.6,18.9,201.0,7.2,110.0,1.9
2026-03-19 22:00:00,2026,3,19,22,Hồ Chí Minh,Phường Vũng Tàu,10.3537998,107.0743549,66,Moderate,1,25.7,84,0.0,18.4,93,1010.6,1,13.0,17.8,193.0,7.1,110.0,1.8
2026-03-19 23:00:00,2026,3,19,23,Hồ Chí Minh,Phường Vũng Tàu,10.3537998,107.0743549,62,Moderate,1,25.6,84,0.0,18.9,98,1010.8,0,12.6,17.2,184.0,7.0,108.0,1.7
2026-03-20 00:00:00,2026,3,20,0,Hồ Chí Minh,Phường Vũng Tàu,10.3537998,107.0743549,59,Moderate,1,25.5,84,0.0,19.2,102,1010.7,0,12.4,16.9,175.0,7.0,105.0,1.6
2026-03-20 01:00:00,2026,3,20,1,Hồ Chí Minh,Phường Vũng Tàu,10.3537998,107.0743549,55,Moderate,1,25.3,87,0.0,17.0,107,1010.1,64,12.3,17.1,168.0,6.9,101.0,1.5
2026-03-20 02:00:00,2026,3,20,2,Hồ Chí Minh,Phường Vũng Tàu,10.3537998,107.0743549,51,Moderate,1,25.4,84,0.0,16.4,107,1009.7,2,11.9,16.7,162.0,6.7,96.0,1.4
2026-03-20 03:00:00,2026,3,20,3,Hồ Chí Minh,Phường Vũng Tàu,10.3537998,107.0743549,51,Moderate,1,25.4,82,0.0,16.2,109,1009.6,3,11.6,16.3,158.0,6.4,91.0,1.4
2026-03-20 04:00:00,2026,3,20,4,Hồ Chí Minh,Phường Vũng Tàu,10.3537998,107.0743549,51,Moderate,1,25.2,83,0.0,17.7,107,1009.4,6,11.3,16.0,160.0,6.2,87.0,1.4
2026-03-20 05:00:00,2026,3,20,5,Hồ Chí Minh,Phường Vũng Tàu,10.3537998,107.0743549,52,Moderate,1,25.1,83,0.0,18.3,101,1009.8,20,11.1,15.7,174.0,6.4,83.0,1.5
2026-03-20 06:00:00,2026,3,20,6,Hồ Chí Minh,Phường Vũng Tàu,10.3537998,107.0743549,52,Moderate,1,24.9,85,0.1,19.5,95,1010.4,22,10.9,15.4,193.0,6.8,81.0,1.7
2026-03-20 07:00:00,2026,3,20,7,Hồ Chí Minh,Phường Vũng Tàu,10.3537998,107.0743549,52,Moderate,1,26.0,77,0.0,18.2,93,1011.5,16,12.3,17.3,205.0,6.3,82.0,1.6
2026-03-20 08:00:00,2026,3,20,8,Hồ Chí Minh,Phường Vũng Tàu,10.3537998,107.0743549,52,Moderate,1,27.1,71,0.0,20.6,99,1012.3,16,12.3,17.4,201.0,5.4,87.0,1.6
2026-03-20 09:00:00,2026,3,20,9,Hồ Chí Minh,Phường Vũng Tàu,10.3537998,107.0743549,52,Moderate,1,28.0,65,0.0,20.8,102,1013.0,83,12.7,17.9,190.0,4.2,94.0,1.6
2026-03-20 10:00:00,2026,3,20,10,Hồ Chí Minh,Phường Vũng Tàu,10.3537998,107.0743549,52,Moderate,1,28.6,62,0.0,21.1,106,1013.1,74,13.4,19.1,182.0,3.2,100.0,1.6
2026-03-20 11:00:00,2026,3,20,11,Hồ Chí Minh,Phường Vũng Tàu,10.3537998,107.0743549,52,Moderate,1,29.1,60,0.0,19.4,107,1012.5,95,13.8,19.7,181.0,2.7,106.0,1.6
2026-03-20 12:00:00,2026,3,20,12,Hồ Chí Minh,Phường Vũng Tàu,10.3537998,107.0743549,52,Moderate,1,29.4,59,0.0,18.7,112,1011.7,91,14.0,20.0,182.0,2.4,112.0,1.5
2026-03-20 13:00:00,2026,3,20,13,Hồ Chí Minh,Phường Vũng Tàu,10.3537998,107.0743549,52,Moderate,1,28.5,62,0.0,20.2,116,1011.0,84,13.9,19.8,184.0,2.4,115.0,1.5
2026-03-20 14:00:00,2026,3,20,14,Hồ Chí Minh,Phường Vũng Tàu,10.3537998,107.0743549,52,Moderate,1,28.5,61,0.0,20.4,117,1009.9,67,13.6,19.4,184.0,2.7,115.0,1.5
2026-03-20 15:00:00,2026,3,20,15,Hồ Chí Minh,Phường Vũng Tàu,10.3537998,107.0743549,52,Moderate,1,28.4,61,0.0,19.8,123,1009.3,66,13.4,19.1,184.0,3.2,113.0,1.5
2026-03-20 16:00:00,2026,3,20,16,Hồ Chí Minh,Phường Vũng Tàu,10.3537998,107.0743549,52,Moderate,1,27.9,63,0.0,17.9,120,1008.7,59,12.9,18.3,186.0,3.9,110.0,1.6
2026-03-20 17:00:00,2026,3,20,17,Hồ Chí Minh,Phường Vũng Tàu,10.3537998,107.0743549,52,Moderate,1,27.0,70,0.0,16.7,115,1008.7,98,12.5,17.6,192.0,5.0,106.0,1.7
2026-03-20 18:00:00,2026,3,20,18,Hồ Chí Minh,Phường Vũng Tàu,10.3537998,107.0743549,53,Moderate,1,26.0,76,0.0,16.3,103,1009.0,95,12.3,17.1,201.0,6.2,101.0,1.8
2026-03-20 19:00:00,2026,3,20,19,Hồ Chí Minh,Phường Vũng Tàu,10.3537998,107.0743549,53,Moderate,1,26.2,80,0.0,16.8,100,1009.8,3,12.7,18.2,205.0,7.4,95.0,1.9
2026-03-20 20:00:00,2026,3,20,20,Hồ Chí Minh,Phường Vũng Tàu,10.3537998,107.0743549,51,Moderate,1,26.0,81,0.0,16.2,100,1010.8,5,13.3,18.6,203.0,7.5,96.0,1.9
2026-03-20 21:00:00,2026,3,20,21,Hồ Chí Minh,Phường Vũng Tàu,10.3537998,107.0743549,51,Moderate,1,25.9,82,0.0,16.9,97,1011.8,3,13.9,19.3,196.0,7.7,97.0,2.0
2026-03-20 22:00:00,2026,3,20,22,Hồ Chí Minh,Phường Vũng Tàu,10.3537998,107.0743549,51,Moderate,1,25.9,80,0.0,18.2,98,1012.2,57,14.5,19.9,189.0,7.7,98.0,2.0
2026-03-20 23:00:00,2026,3,20,23,Hồ Chí Minh,Phường Vũng Tàu,10.3537998,107.0743549,52,Moderate,1,25.6,82,0.0,17.4,104,1012.4,73,14.7,20.3,180.0,7.5,99.0,1.9
2026-03-21 00:00:00,2026,3,21,0,Hồ Chí Minh,Phường Vũng Tàu,10.3537998,107.0743549,52,Moderate,1,25.5,83,0.0,17.0,103,1012.2,99,14.6,20.0,171.0,7.2,99.0,1.8
2026-03-21 01:00:00,2026,3,21,1,Hồ Chí Minh,Phường Vũng Tàu,10.3537998,107.0743549,52,Moderate,1,25.5,82,0.0,17.7,102,1011.4,78,14.4,19.8,163.0,6.9,98.0,1.7
2026-03-21 02:00:00,2026,3,21,2,Hồ Chí Minh,Phường Vũng Tàu,10.3537998,107.0743549,52,Moderate,1,25.5,83,0.0,18.7,101,1010.6,80,13.6,18.9,156.0,6.8,96.0,1.7
2026-03-21 03:00:00,2026,3,21,3,Hồ Chí Minh,Phường Vũng Tàu,10.3537998,107.0743549,52,Moderate,1,25.3,83,0.0,18.1,103,1010.1,43,12.7,17.6,151.0,6.7,93.0,1.7
2026-03-21 04:00:00,2026,3,21,4,Hồ Chí Minh,Phường Vũng Tàu,10.3537998,107.0743549,52,Moderate,1,25.3,81,0.0,17.1,98,1010.1,63,11.7,16.2,153.0,6.8,89.0,1.7
2026-03-21 05:00:00,2026,3,21,5,Hồ Chí Minh,Phường Vũng Tàu,10.3537998,107.0743549,52,Moderate,1,25.4,80,0.0,17.7,99,1010.5,56,10.8,14.9,167.0,7.3,84.0,1.8
2026-03-21 06:00:00,2026,3,21,6,Hồ Chí Minh,Phường Vũng Tàu,10.3537998,107.0743549,52,Moderate,1,25.3,80,0.0,19.4,100,1010.8,50,10.2,14.1,189.0,7.9,79.0,2.0
2026-03-21 07:00:00,2026,3,21,7,Hồ Chí Minh,Phường Vũng Tàu,10.3537998,107.0743549,52,Moderate,1,26.0,82,0.0,19.8,91,1011.5,20,12.8,17.6,202.0,8.6,78.0,2.3
2026-03-21 08:00:00,2026,3,21,8,Hồ Chí Minh,Phường Vũng Tàu,10.3537998,107.0743549,52,Moderate,1,27.0,75,0.0,21.8,92,1012.4,41,12.7,17.4,200.0,7.4,83.0,2.3
2026-03-21 09:00:00,2026,3,21,9,Hồ Chí Minh,Phường Vũng Tàu,10.3537998,107.0743549,52,Moderate,1,27.9,70,0.0,22.0,98,1012.9,95,13.1,17.9,191.0,5.7,91.0,2.3
2026-03-21 10:00:00,2026,3,21,10,Hồ Chí Minh,Phường Vũng Tàu,10.3537998,107.0743549,52,Moderate,1,28.5,66,0.0,22.5,102,1013.0,65,13.9,19.2,183.0,4.3,99.0,2.3
2026-03-21 11:00:00,2026,3,21,11,Hồ Chí Minh,Phường Vũng Tàu,10.3537998,107.0743549,52,Moderate,1,29.0,64,0.0,22.0,108,1012.8,35,14.8,20.4,180.0,3.4,108.0,2.2
2026-03-21 12:00:00,2026,3,21,12,Hồ Chí Minh,Phường Vũng Tàu,10.3537998,107.0743549,53,Moderate,1,29.2,62,0.0,21.6,111,1012.0,1,14.8,20.4,179.0,2.8,117.0,2.0
2026-03-21 13:00:00,2026,3,21,13,Hồ Chí Minh,Phường Vũng Tàu,10.3537998,107.0743549,53,Moderate,1,28.8,64,0.0,22.6,111,1011.4,2,14.6,20.1,179.0,2.5,122.0,1.9
2026-03-21 14:00:00,2026,3,21,14,Hồ Chí Minh,Phường Vũng Tàu,10.3537998,107.0743549,53,Moderate,1,28.7,65,0.0,23.3,113,1010.5,9,14.3,19.7,180.0,2.7,122.0,1.9
2026-03-21 15:00:00,2026,3,21,15,Hồ Chí Minh,Phường Vũng Tàu,10.3537998,107.0743549,53,Moderate,1,28.4,65,0.0,22.0,113,1009.5,5,13.7,19.0,182.0,3.3,118.0,1.9
2026-03-21 16:00:00,2026,3,21,16,Hồ Chí Minh,Phường Vũng Tàu,10.3537998,107.0743549,53,Moderate,1,27.9,69,0.0,21.7,117,1008.6,13,13.1,18.2,184.0,4.1,114.0,1.9
2026-03-21 17:00:00,2026,3,21,17,Hồ Chí Minh,Phường Vũng Tàu,10.3537998,107.0743549,56,Moderate,1,26.9,76,0.0,20.9,105,1008.7,4,12.6,17.3,186.0,5.4,110.0,2.0
2026-03-21 18:00:00,2026,3,21,18,Hồ Chí Minh,Phường Vũng Tàu,10.3537998,107.0743549,60,Moderate,1,26.1,83,0.0,22.5,101,1009.1,8,12.0,16.4,188.0,6.9,106.0,2.0
2026-03-21 19:00:00,2026,3,21,19,Hồ Chí Minh,Phường Vũng Tàu,10.3537998,107.0743549,62,Moderate,1,26.1,85,0.0,21.9,101,1009.4,11,11.8,16.3,188.0,7.9,99.0,2.0
2026-03-21 20:00:00,2026,3,21,20,Hồ Chí Minh,Phường Vũng Tàu,10.3537998,107.0743549,60,Moderate,1,26.0,86,0.0,21.4,98,1010.4,15,10.5,14.5,183.0,7.3,95.0,1.8
2026-03-21 21:00:00,2026,3,21,21,Hồ Chí Minh,Phường Vũng Tàu,10.3537998,107.0743549,55,Moderate,1,25.9,86,0.0,21.3,95,1011.2,7,9.2,12.7,176.0,6.4,91.0,1.5
2026-03-21 22:00:00,2026,3,21,22,Hồ Chí Minh,Phường Vũng Tàu,10.3537998,107.0743549,52,Moderate,1,25.8,87,0.0,22.5,97,1011.1,16,8.4,11.6,168.0,5.8,86.0,1.3
2026-03-21 23:00:00,2026,3,21,23,Hồ Chí Minh,Phường Vũng Tàu,10.3537998,107.0743549,52,Moderate,1,25.6,87,0.0,23.2,96,1010.7,9,7.6,10.6,160.0,5.6,83.0,1.2
2026-03-22 00:00:00,2026,3,22,0,Hồ Chí Minh,Phường Vũng Tàu,10.3537998,107.0743549,51,Moderate,1,25.5,88,0.0,24.5,97,1010.5,9,7.2,10.1,152.0,5.6,79.0,1.2
2026-03-22 01:00:00,2026,3,22,1,Hồ Chí Minh,Phường Vũng Tàu,10.3537998,107.0743549,50,Good,0,25.5,88,0.0,24.5,97,1009.7,13,7.2,10.2,146.0,5.7,77.0,1.2
2026-03-22 02:00:00,2026,3,22,2,Hồ Chí Minh,Phường Vũng Tàu,10.3537998,107.0743549,49,Good,0,25.6,84,0.0,26.2,94,1009.2,5,7.2,10.3,142.0,5.9,75.0,1.2
2026-03-22 03:00:00,2026,3,22,3,Hồ Chí Minh,Phường Vũng Tàu,10.3537998,107.0743549,48,Good,0,25.5,84,0.0,26.3,92,1008.9,7,7.3,10.3,140.0,6.2,74.0,1.3
2026-03-22 04:00:00,2026,3,22,4,Hồ Chí Minh,Phường Vũng Tàu,10.3537998,107.0743549,47,Good,0,25.5,83,0.0,25.6,93,1009.0,1,7.3,10.2,144.0,6.5,73.0,1.4
2026-03-22 05:00:00,2026,3,22,5,Hồ Chí Minh,Phường Vũng Tàu,10.3537998,107.0743549,46,Good,0,25.4,82,0.0,24.8,91,1009.2,0,7.5,10.4,160.0,6.9,71.0,1.6
2026-03-22 06:00:00,2026,3,22,6,Hồ Chí Minh,Phường Vũng Tàu,10.3537998,107.0743549,46,Good,0,25.3,82,0.0,23.8,92,1009.7,0,7.7,10.6,182.0,7.3,70.0,1.9
2026-03-22 07:00:00,2026,3,22,7,Hồ Chí Minh,Phường Vũng Tàu,10.3537998,107.0743549,45,Good,0,26.1,78,0.0,26.5,92,1010.5,25,8.3,11.2,196.0,7.4,73.0,2.0
2026-03-22 08:00:00,2026,3,22,8,Hồ Chí Minh,Phường Vũng Tàu,10.3537998,107.0743549,45,Good,0,27.1,72,0.0,27.2,92,1011.5,0,8.3,11.1,193.0,6.3,80.0,2.0
2026-03-22 09:00:00,2026,3,22,9,Hồ Chí Minh,Phường Vũng Tàu,10.3537998,107.0743549,44,Good,0,28.1,66,0.0,26.5,91,1012.2,69,8.8,11.9,183.0,4.8,89.0,1.9
2026-03-22 10:00:00,2026,3,22,10,Hồ Chí Minh,Phường Vũng Tàu,10.3537998,107.0743549,43,Good,0,28.9,62,0.0,27.0,93,1012.3,82,9.5,13.0,174.0,3.6,98.0,1.9
2026-03-22 11:00:00,2026,3,22,11,Hồ Chí Minh,Phường Vũng Tàu,10.3537998,107.0743549,42,Good,0,29.3,60,0.0,27.2,96,1012.0,0,9.9,13.6,171.0,2.9,106.0,1.8
2026-03-22 12:00:00,2026,3,22,12,Hồ Chí Minh,Phường Vũng Tàu,10.3537998,107.0743549,41,Good,0,29.6,60,0.0,26.6,99,1011.4,16,10.5,14.5,171.0,2.6,113.0,1.7
2026-03-22 13:00:00,2026,3,22,13,Hồ Chí Minh,Phường Vũng Tàu,10.3537998,107.0743549,41,Good,0,29.4,60,0.0,26.9,100,1010.7,2,11.1,15.4,171.0,2.5,117.0,1.7
2026-03-22 14:00:00,2026,3,22,14,Hồ Chí Minh,Phường Vũng Tàu,10.3537998,107.0743549,43,Good,0,29.3,61,0.0,27.2,103,1010.1,4,11.6,16.1,173.0,2.8,118.0,1.7
2026-03-22 15:00:00,2026,3,22,15,Hồ Chí Minh,Phường Vũng Tàu,10.3537998,107.0743549,46,Good,0,28.8,64,0.0,26.5,107,1009.3,1,11.8,16.4,175.0,3.3,116.0,1.8
2026-03-22 16:00:00,2026,3,22,16,Hồ Chí Minh,Phường Vũng Tàu,10.3537998,107.0743549,49,Good,0,28.2,68,0.0,24.5,112,1008.8,2,11.7,16.2,178.0,4.1,113.0,1.8
2026-03-22 17:00:00,2026,3,22,17,Hồ Chí Minh,Phường Vũng Tàu,10.3537998,107.0743549,52,Moderate,1,27.0,75,0.0,22.7,114,1008.6,2,11.6,15.9,182.0,5.3,109.0,1.8
2026-03-22 18:00:00,2026,3,22,18,Hồ Chí Minh,Phường Vũng Tàu,10.3537998,107.0743549,56,Moderate,1,26.0,81,0.0,22.5,102,1009.0,0,11.6,15.8,187.0,6.7,104.0,1.9
2026-03-22 19:00:00,2026,3,22,19,Hồ Chí Minh,Phường Vũng Tàu,10.3537998,107.0743549,57,Moderate,1,26.1,84,0.0,20.6,100,1009.6,2,11.5,15.9,187.0,7.5,98.0,1.9
2026-03-22 20:00:00,2026,3,22,20,Hồ Chí Minh,Phường Vũng Tàu,10.3537998,107.0743549,55,Moderate,1,26.1,84,0.0,21.9,97,1010.3,9,11.4,15.6,180.0,7.5,95.0,1.9
2026-03-22 21:00:00,2026,3,22,21,Hồ Chí Minh,Phường Vũng Tàu,10.3537998,107.0743549,52,Moderate,1,26.1,83,0.0,23.6,98,1010.7,5,11.2,15.4,170.0,7.5,90.0,1.8
2026-03-22 22:00:00,2026,3,22,22,Hồ Chí Minh,Phường Vũng Tàu,10.3537998,107.0743549,49,Good,0,26.0,83,0.0,23.5,94,1011.0,5,11.2,15.5,161.0,7.4,86.0,1.7
2026-03-22 23:00:00,2026,3,22,23,Hồ Chí Minh,Phường Vũng Tàu,10.3537998,107.0743549,47,Good,0,25.9,83,0.0,24.1,100,1010.8,4,11.1,15.4,155.0,7.2,83.0,1.6
2026-03-23 00:00:00,2026,3,23,0,Hồ Chí Minh,Phường Vũng Tàu,10.3537998,107.0743549,45,Good,0,25.8,82,0.0,24.9,102,1010.4,5,10.6,14.9,151.0,6.9,81.0,1.5
2026-03-23 01:00:00,2026,3,23,1,Hồ Chí Minh,Phường Vũng Tàu,10.3537998,107.0743549,43,Good,0,25.8,81,0.0,24.1,100,1010.0,85,10.4,14.6,148.0,6.8,79.0,1.4
2026-03-23 02:00:00,2026,3,23,2,Hồ Chí Minh,Phường Vũng Tàu,10.3537998,107.0743549,42,Good,0,25.8,81,0.0,22.9,98,1009.4,75,10.4,14.5,145.0,6.9,77.0,1.4
2026-03-23 03:00:00,2026,3,23,3,Hồ Chí Minh,Phường Vũng Tàu,10.3537998,107.0743549,42,Good,0,25.6,81,0.0,21.3,94,1009.4,67,10.4,14.4,142.0,7.1,75.0,1.5
2026-03-23 04:00:00,2026,3,23,4,Hồ Chí Minh,Phường Vũng Tàu,10.3537998,107.0743549,43,Good,0,25.4,83,0.0,20.5,91,1009.6,7,10.5,14.4,146.0,7.3,74.0,1.7
2026-03-23 05:00:00,2026,3,23,5,Hồ Chí Minh,Phường Vũng Tàu,10.3537998,107.0743549,43,Good,0,25.4,83,0.0,21.8,90,1009.9,2,10.6,14.6,162.0,7.7,72.0,1.9
2026-03-23 06:00:00,2026,3,23,6,Hồ Chí Minh,Phường Vũng Tàu,10.3537998,107.0743549,44,Good,0,25.4,82,0.0,22.7,90,1010.4,73,10.8,14.7,184.0,8.2,69.0,2.2
2026-03-23 07:00:00,2026,3,23,7,Hồ Chí Minh,Phường Vũng Tàu,10.3537998,107.0743549,44,Good,0,26.2,78,0.0,23.6,88,1011.2,41,12.7,17.0,197.0,8.3,71.0,2.4
2026-03-23 08:00:00,2026,3,23,8,Hồ Chí Minh,Phường Vũng Tàu,10.3537998,107.0743549,45,Good,0,27.4,70,0.0,24.5,89,1011.6,33,12.2,16.2,194.0,7.1,79.0,2.4
2026-03-23 09:00:00,2026,3,23,9,Hồ Chí Minh,Phường Vũng Tàu,10.3537998,107.0743549,46,Good,0,28.5,63,0.0,25.0,89,1012.1,2,12.5,16.7,183.0,5.3,90.0,2.3
2026-03-23 10:00:00,2026,3,23,10,Hồ Chí Minh,Phường Vũng Tàu,10.3537998,107.0743549,46,Good,0,29.2,59,0.0,25.6,94,1012.2,0,13.0,17.6,174.0,3.9,100.0,2.2
2026-03-23 11:00:00,2026,3,23,11,Hồ Chí Minh,Phường Vũng Tàu,10.3537998,107.0743549,47,Good,0,29.6,57,0.0,27.2,100,1011.3,0,13.2,18.2,171.0,3.1,108.0,2.0
2026-03-23 12:00:00,2026,3,23,12,Hồ Chí Minh,Phường Vũng Tàu,10.3537998,107.0743549,48,Good,0,29.7,56,0.0,26.8,102,1010.5,16,13.4,18.6,170.0,2.6,116.0,1.8
2026-03-23 13:00:00,2026,3,23,13,Hồ Chí Minh,Phường Vũng Tàu,10.3537998,107.0743549,48,Good,0,29.0,60,0.0,26.5,107,1009.4,5,13.2,18.3,170.0,2.4,120.0,1.7
2026-03-23 14:00:00,2026,3,23,14,Hồ Chí Minh,Phường Vũng Tàu,10.3537998,107.0743549,48,Good,0,29.2,61,0.0,25.8,112,1008.4,16,12.8,17.9,173.0,2.6,120.0,1.6
2026-03-23 15:00:00,2026,3,23,15,Hồ Chí Minh,Phường Vũng Tàu,10.3537998,107.0743549,49,Good,0,28.8,60,0.0,25.7,114,1007.8,20,12.5,17.5,177.0,3.0,117.0,1.6
2026-03-23 16:00:00,2026,3,23,16,Hồ Chí Minh,Phường Vũng Tàu,10.3537998,107.0743549,49,Good,0,27.8,65,0.0,23.8,117,1007.5,5,12.2,17.0,180.0,3.7,113.0,1.6
2026-03-23 17:00:00,2026,3,23,17,Hồ Chí Minh,Phường Vũng Tàu,10.3537998,107.0743549,55,Moderate,1,26.9,74,0.0,21.5,111,1007.7,50,11.7,16.3,179.0,4.8,107.0,1.6
2026-03-23 18:00:00,2026,3,23,18,Hồ Chí Minh,Phường Vũng Tàu,10.3537998,107.0743549,58,Moderate,1,26.0,83,0.0,19.5,112,1008.1,92,11.1,15.5,176.0,6.0,100.0,1.7
2026-03-23 19:00:00,2026,3,23,19,Hồ Chí Minh,Phường Vũng Tàu,10.3537998,107.0743549,58,Moderate,1,26.1,80,0.0,19.6,103,1008.8,0,13.2,18.6,172.0,7.1,94.0,1.7
2026-03-23 20:00:00,2026,3,23,20,Hồ Chí Minh,Phường Vũng Tàu,10.3537998,107.0743549,55,Moderate,1,26.0,82,0.0,23.1,101,1009.4,13,11.9,16.7,168.0,6.8,91.0,1.6
2026-03-23 21:00:00,2026,3,23,21,Hồ Chí Minh,Phường Vũng Tàu,10.3537998,107.0743549,50,Good,0,25.9,82,0.0,22.5,97,1009.8,13,10.7,15.2,165.0,6.5,87.0,1.5
2026-03-23 22:00:00,2026,3,23,22,Hồ Chí Minh,Phường Vũng Tàu,10.3537998,107.0743549,49,Good,0,25.8,81,0.0,24.4,98,1009.9,8,10.1,14.5,160.0,6.1,83.0,1.4
2026-03-23 23:00:00,2026,3,23,23,Hồ Chí Minh,Phường Vũng Tàu,10.3537998,107.0743549,49,Good,0,25.8,81,0.0,25.9,100,1009.9,4,9.9,14.2,154.0,5.7,81.0,1.3
2026-03-24 00:00:00,2026,3,24,0,Hồ Chí Minh,Phường Vũng Tàu,10.3537998,107.0743549,49,Good,0,25.5,82,0.0,24.7,101,1009.6,8,9.6,13.9,148.0,5.4,79.0,1.2
2026-03-24 01:00:00,2026,3,24,1,Hồ Chí Minh,Phường Vũng Tàu,10.3537998,107.0743549,48,Good,0,25.5,83,0.0,25.4,102,1008.9,23,9.9,14.3,143.0,5.2,78.0,1.1
2026-03-24 02:00:00,2026,3,24,2,Hồ Chí Minh,Phường Vũng Tàu,10.3537998,107.0743549,48,Good,0,25.5,81,0.0,26.5,102,1008.4,22,10.0,14.5,139.0,5.2,77.0,1.1
2026-03-24 03:00:00,2026,3,24,3,Hồ Chí Minh,Phường Vũng Tàu,10.3537998,107.0743549,48,Good,0,25.3,81,0.0,25.6,103,1008.0,12,10.1,14.5,137.0,5.4,76.0,1.2
2026-03-24 04:00:00,2026,3,24,4,Hồ Chí Minh,Phường Vũng Tàu,10.3537998,107.0743549,48,Good,0,25.2,81,0.0,23.2,98,1008.2,26,10.6,15.2,140.0,5.6,75.0,1.3
2026-03-24 05:00:00,2026,3,24,5,Hồ Chí Minh,Phường Vũng Tàu,10.3537998,107.0743549,48,Good,0,25.0,81,0.0,22.2,92,1008.4,31,10.9,15.5,152.0,5.9,74.0,1.4
2026-03-24 06:00:00,2026,3,24,6,Hồ Chí Minh,Phường Vũng Tàu,10.3537998,107.0743549,48,Good,0,25.0,82,0.0,21.1,89,1009.2,19,10.9,15.5,168.0,6.2,73.0,1.5
2026-03-24 07:00:00,2026,3,24,7,Hồ Chí Minh,Phường Vũng Tàu,10.3537998,107.0743549,48,Good,0,26.2,76,0.0,22.2,95,1009.9,19,9.1,12.9,178.0,6.6,74.0,1.8
2026-03-24 08:00:00,2026,3,24,8,Hồ Chí Minh,Phường Vũng Tàu,10.3537998,107.0743549,48,Good,0,27.2,70,0.0,22.2,95,1010.6,6,9.5,13.3,176.0,5.6,80.0,1.8
2026-03-24 09:00:00,2026,3,24,9,Hồ Chí Minh,Phường Vũng Tàu,10.3537998,107.0743549,47,Good,0,28.1,66,0.0,20.9,94,1011.1,6,9.9,13.9,169.0,4.3,88.0,1.7
2026-03-24 10:00:00,2026,3,24,10,Hồ Chí Minh,Phường Vũng Tàu,10.3537998,107.0743549,47,Good,0,29.0,62,0.0,19.5,99,1011.1,0,10.5,14.8,163.0,3.2,95.0,1.7
2026-03-24 11:00:00,2026,3,24,11,Hồ Chí Minh,Phường Vũng Tàu,10.3537998,107.0743549,46,Good,0,29.5,59,0.0,19.6,103,1010.5,0,11.0,15.5,161.0,2.6,101.0,1.7
2026-03-24 12:00:00,2026,3,24,12,Hồ Chí Minh,Phường Vũng Tàu,10.3537998,107.0743549,46,Good,0,29.7,57,0.0,20.9,110,1009.2,8,11.4,16.1,160.0,2.3,107.0,1.6
2026-03-24 13:00:00,2026,3,24,13,Hồ Chí Minh,Phường Vũng Tàu,10.3537998,107.0743549,46,Good,0,29.0,59,0.0,20.6,116,1008.6,86,11.8,16.7,161.0,2.3,110.0,1.6
2026-03-24 14:00:00,2026,3,24,14,Hồ Chí Minh,Phường Vũng Tàu,10.3537998,107.0743549,45,Good,0,28.9,60,0.0,20.9,119,1007.8,86,12.3,17.3,164.0,2.5,110.0,1.6
2026-03-24 15:00:00,2026,3,24,15,Hồ Chí Minh,Phường Vũng Tàu,10.3537998,107.0743549,45,Good,0,28.4,63,0.0,19.9,117,1007.3,32,12.5,17.6,167.0,2.9,109.0,1.6
2026-03-24 16:00:00,2026,3,24,16,Hồ Chí Minh,Phường Vũng Tàu,10.3537998,107.0743549,46,Good,0,27.9,67,0.0,17.6,116,1007.2,2,12.6,17.7,171.0,3.6,106.0,1.6
2026-03-24 17:00:00,2026,3,24,17,Hồ Chí Minh,Phường Vũng Tàu,10.3537998,107.0743549,48,Good,0,27.1,71,0.0,16.6,120,1007.2,18,12.6,17.5,175.0,4.7,102.0,1.7
2026-03-24 18:00:00,2026,3,24,18,Hồ Chí Minh,Phường Vũng Tàu,10.3537998,107.0743549,49,Good,0,26.0,77,0.0,16.8,116,1007.7,1,12.7,17.5,178.0,6.1,98.0,1.8
2026-03-24 19:00:00,2026,3,24,19,Hồ Chí Minh,Phường Vũng Tàu,10.3537998,107.0743549,49,Good,0,26.0,81,0.0,18.5,109,1008.4,12,12.2,17.0,178.0,7.4,92.0,1.9
2026-03-24 20:00:00,2026,3,24,20,Hồ Chí Minh,Phường Vũng Tàu,10.3537998,107.0743549,48,Good,0,25.9,83,0.0,21.7,109,1009.1,3,11.6,16.1,172.0,7.2,91.0,1.8
2026-03-24 21:00:00,2026,3,24,21,Hồ Chí Minh,Phường Vũng Tàu,10.3537998,107.0743549,47,Good,0,25.8,82,0.0,23.1,104,1009.2,10,11.4,15.7,162.0,7.0,89.0,1.8
2026-03-24 22:00:00,2026,3,24,22,Hồ Chí Minh,Phường Vũng Tàu,10.3537998,107.0743549,46,Good,0,25.7,82,0.0,20.8,96,1009.6,9,11.4,15.6,154.0,6.9,88.0,1.7
2026-03-24 23:00:00,2026,3,24,23,Hồ Chí Minh,Phường Vũng Tàu,10.3537998,107.0743549,46,Good,0,25.7,81,0.0,19.3,95,1009.7,5,11.4,15.6,148.0,6.9,87.0,1.6
2026-03-25 00:00:00,2026,3,25,0,Hồ Chí Minh,Phường Vũng Tàu,10.3537998,107.0743549,46,Good,0,25.5,81,0.0,19.5,95,1009.2,4,11.2,15.4,144.0,7.0,86.0,1.6
2026-03-25 01:00:00,2026,3,25,1,Hồ Chí Minh,Phường Vũng Tàu,10.3537998,107.0743549,46,Good,0,25.5,82,0.0,19.1,98,1008.7,6,11.2,15.5,140.0,7.1,85.0,1.5
2026-03-25 02:00:00,2026,3,25,2,Hồ Chí Minh,Phường Vũng Tàu,10.3537998,107.0743549,47,Good,0,25.5,81,0.0,18.6,103,1008.2,9,11.4,15.8,135.0,7.0,84.0,1.5
2026-03-25 03:00:00,2026,3,25,3,Hồ Chí Minh,Phường Vũng Tàu,10.3537998,107.0743549,47,Good,0,25.4,80,0.0,16.8,103,1007.8,3,11.7,16.1,131.0,6.9,83.0,1.5
2026-03-25 04:00:00,2026,3,25,4,Hồ Chí Minh,Phường Vũng Tàu,10.3537998,107.0743549,47,Good,0,25.3,80,0.0,16.9,99,1007.8,2,12.0,16.5,133.0,6.8,82.0,1.5
2026-03-25 05:00:00,2026,3,25,5,Hồ Chí Minh,Phường Vũng Tàu,10.3537998,107.0743549,47,Good,0,25.2,80,0.0,16.3,97,1008.0,1,12.5,17.2,147.0,7.1,80.0,1.6
2026-03-25 06:00:00,2026,3,25,6,Hồ Chí Minh,Phường Vũng Tàu,10.3537998,107.0743549,48,Good,0,25.1,81,0.0,14.8,94,1008.7,1,12.8,17.6,167.0,7.4,79.0,1.8
2026-03-25 07:00:00,2026,3,25,7,Hồ Chí Minh,Phường Vũng Tàu,10.3537998,107.0743549,48,Good,0,26.0,78,0.0,18.8,95,1009.9,10,16.4,22.5,180.0,7.2,81.0,1.9
2026-03-25 08:00:00,2026,3,25,8,Hồ Chí Minh,Phường Vũng Tàu,10.3537998,107.0743549,49,Good,0,27.2,71,0.0,20.4,96,1010.5,1,16.2,22.3,179.0,6.1,87.0,1.8
2026-03-25 09:00:00,2026,3,25,9,Hồ Chí Minh,Phường Vũng Tàu,10.3537998,107.0743549,50,Good,0,28.0,67,0.0,21.2,97,1010.9,4,16.5,22.6,172.0,4.5,95.0,1.8
2026-03-25 10:00:00,2026,3,25,10,Hồ Chí Minh,Phường Vũng Tàu,10.3537998,107.0743549,51,Moderate,1,29.0,61,0.0,21.3,98,1010.9,0,16.8,23.2,165.0,3.3,103.0,1.7
2026-03-25 11:00:00,2026,3,25,11,Hồ Chí Minh,Phường Vũng Tàu,10.3537998,107.0743549,51,Moderate,1,29.8,57,0.0,22.1,102,1010.5,0,16.9,23.4,160.0,2.7,110.0,1.7
2026-03-25 12:00:00,2026,3,25,12,Hồ Chí Minh,Phường Vũng Tàu,10.3537998,107.0743549,52,Moderate,1,30.2,54,0.0,22.7,106,1009.6,2,16.8,23.2,155.0,2.4,116.0,1.6
2026-03-25 13:00:00,2026,3,25,13,Hồ Chí Minh,Phường Vũng Tàu,10.3537998,107.0743549,52,Moderate,1,29.6,57,0.0,22.3,109,1008.9,4,16.5,22.9,153.0,2.3,120.0,1.6
2026-03-25 14:00:00,2026,3,25,14,Hồ Chí Minh,Phường Vũng Tàu,10.3537998,107.0743549,53,Moderate,1,29.2,63,0.0,23.0,111,1008.2,2,16.0,22.2,157.0,2.5,120.0,1.6
2026-03-25 15:00:00,2026,3,25,15,Hồ Chí Minh,Phường Vũng Tàu,10.3537998,107.0743549,53,Moderate,1,28.8,67,0.0,20.3,117,1007.7,87,15.3,21.2,164.0,2.9,117.0,1.6
2026-03-25 16:00:00,2026,3,25,16,Hồ Chí Minh,Phường Vũng Tàu,10.3537998,107.0743549,53,Moderate,1,28.0,69,0.0,18.2,123,1007.4,0,14.5,20.3,170.0,3.6,113.0,1.6
2026-03-25 17:00:00,2026,3,25,17,Hồ Chí Minh,Phường Vũng Tàu,10.3537998,107.0743549,57,Moderate,1,27.0,75,0.0,17.9,129,1007.5,41,13.8,19.2,172.0,4.7,108.0,1.6
2026-03-25 18:00:00,2026,3,25,18,Hồ Chí Minh,Phường Vũng Tàu,10.3537998,107.0743549,59,Moderate,1,26.2,81,0.0,16.6,124,1007.9,2,13.0,17.9,173.0,6.0,101.0,1.7
2026-03-25 19:00:00,2026,3,25,19,Hồ Chí Minh,Phường Vũng Tàu,10.3537998,107.0743549,59,Moderate,1,26.3,83,0.0,19.0,118,1008.5,13,10.9,15.2,173.0,7.2,96.0,1.8
2026-03-25 20:00:00,2026,3,25,20,Hồ Chí Minh,Phường Vũng Tàu,10.3537998,107.0743549,56,Moderate,1,26.2,82,0.0,19.8,117,1009.2,47,10.1,14.1,172.0,6.7,93.0,1.7
2026-03-25 21:00:00,2026,3,25,21,Hồ Chí Minh,Phường Vũng Tàu,10.3537998,107.0743549,53,Moderate,1,26.1,83,0.0,20.5,109,1009.9,39,9.1,12.7,169.0,6.1,89.0,1.5
2026-03-25 22:00:00,2026,3,25,22,Hồ Chí Minh,Phường Vũng Tàu,10.3537998,107.0743549,53,Moderate,1,26.0,84,0.0,19.8,107,1010.3,19,8.6,12.0,166.0,5.6,86.0,1.4
2026-03-25 23:00:00,2026,3,25,23,Hồ Chí Minh,Phường Vũng Tàu,10.3537998,107.0743549,53,Moderate,1,25.9,84,0.0,19.2,107,1010.4,25,8.5,11.9,161.0,5.3,83.0,1.3
2026-03-26 00:00:00,2026,3,26,0,Hồ Chí Minh,Phường Vũng Tàu,10.3537998,107.0743549,53,Moderate,1,25.8,83,0.0,21.1,101,1009.9,41,8.4,11.9,155.0,5.1,81.0,1.2
2026-03-26 01:00:00,2026,3,26,1,Hồ Chí Minh,Phường Vũng Tàu,10.3537998,107.0743549,52,Moderate,1,25.9,80,0.0,22.5,101,1009.4,13,8.7,12.5,150.0,5.0,79.0,1.1
2026-03-26 02:00:00,2026,3,26,2,Hồ Chí Minh,Phường Vũng Tàu,10.3537998,107.0743549,52,Moderate,1,25.5,82,0.0,22.8,101,1008.8,30,8.9,12.9,146.0,5.0,78.0,1.1
2026-03-26 03:00:00,2026,3,26,3,Hồ Chí Minh,Phường Vũng Tàu,10.3537998,107.0743549,52,Moderate,1,25.5,81,0.0,22.7,103,1008.4,66,9.4,13.8,144.0,5.0,77.0,1.1
2026-03-26 04:00:00,2026,3,26,4,Hồ Chí Minh,Phường Vũng Tàu,10.3537998,107.0743549,52,Moderate,1,25.4,80,0.0,22.6,106,1008.2,62,9.7,14.4,147.0,5.1,76.0,1.1
2026-03-26 05:00:00,2026,3,26,5,Hồ Chí Minh,Phường Vũng Tàu,10.3537998,107.0743549,52,Moderate,1,25.3,80,0.0,23.6,104,1008.7,47,9.9,14.7,159.0,5.4,75.0,1.2
2026-03-26 06:00:00,2026,3,26,6,Hồ Chí Minh,Phường Vũng Tàu,10.3537998,107.0743549,51,Moderate,1,25.4,79,0.0,23.6,100,1009.4,15,10.2,15.2,177.0,5.7,75.0,1.4
2026-03-26 07:00:00,2026,3,26,7,Hồ Chí Minh,Phường Vũng Tàu,10.3537998,107.0743549,51,Moderate,1,26.5,71,0.0,23.4,96,1010.1,11,12.2,18.3,189.0,5.9,77.0,1.6
2026-03-26 08:00:00,2026,3,26,8,Hồ Chí Minh,Phường Vũng Tàu,10.3537998,107.0743549,51,Moderate,1,27.3,67,0.0,23.0,97,1010.7,19,12.5,18.9,192.0,5.1,83.0,1.5
2026-03-26 09:00:00,2026,3,26,9,Hồ Chí Minh,Phường Vũng Tàu,10.3537998,107.0743549,50,Good,0,28.1,63,0.0,22.5,98,1011.2,2,12.8,19.4,189.0,3.9,91.0,1.5
2026-03-26 10:00:00,2026,3,26,10,Hồ Chí Minh,Phường Vũng Tàu,10.3537998,107.0743549,50,Good,0,29.0,58,0.0,21.5,100,1011.3,2,13.2,19.9,186.0,3.0,98.0,1.4
2026-03-26 11:00:00,2026,3,26,11,Hồ Chí Minh,Phường Vũng Tàu,10.3537998,107.0743549,50,Good,0,29.6,56,0.0,19.6,101,1010.7,6,13.3,20.0,181.0,2.6,104.0,1.4
2026-03-26 12:00:00,2026,3,26,12,Hồ Chí Minh,Phường Vũng Tàu,10.3537998,107.0743549,49,Good,0,29.8,55,0.0,19.5,108,1009.7,2,13.3,19.8,176.0,2.5,109.0,1.5
2026-03-26 13:00:00,2026,3,26,13,Hồ Chí Minh,Phường Vũng Tàu,10.3537998,107.0743549,48,Good,0,29.2,59,0.0,22.5,114,1008.5,1,13.2,19.5,173.0,2.6,112.0,1.5
2026-03-26 14:00:00,2026,3,26,14,Hồ Chí Minh,Phường Vũng Tàu,10.3537998,107.0743549,48,Good,0,29.0,64,0.0,22.7,119,1007.7,0,12.9,19.0,176.0,2.8,111.0,1.5
2026-03-26 15:00:00,2026,3,26,15,Hồ Chí Minh,Phường Vũng Tàu,10.3537998,107.0743549,47,Good,0,28.6,67,0.0,22.6,118,1006.9,0,12.3,18.1,183.0,3.1,109.0,1.5
2026-03-26 16:00:00,2026,3,26,16,Hồ Chí Minh,Phường Vũng Tàu,10.3537998,107.0743549,47,Good,0,27.9,68,0.0,22.1,116,1006.6,1,11.7,17.2,188.0,3.7,105.0,1.5
2026-03-26 17:00:00,2026,3,26,17,Hồ Chí Minh,Phường Vũng Tàu,10.3537998,107.0743549,49,Good,0,27.3,71,0.0,21.6,110,1006.9,0,11.2,16.4,190.0,4.8,101.0,1.6
2026-03-26 18:00:00,2026,3,26,18,Hồ Chí Minh,Phường Vũng Tàu,10.3537998,107.0743549,49,Good,0,26.2,78,0.0,22.0,108,1007.3,0,11.1,16.2,191.0,6.2,95.0,1.7
2026-03-26 19:00:00,2026,3,26,19,Hồ Chí Minh,Phường Vũng Tàu,10.3537998,107.0743549,49,Good,0,26.1,80,0.0,22.0,107,1008.3,0,11.2,16.0,189.0,7.6,89.0,1.9
2026-03-26 20:00:00,2026,3,26,20,Hồ Chí Minh,Phường Vũng Tàu,10.3537998,107.0743549,48,Good,0,26.1,78,0.0,22.9,105,1008.9,0,11.0,15.7,184.0,7.1,88.0,1.8
2026-03-26 21:00:00,2026,3,26,21,Hồ Chí Minh,Phường Vũng Tàu,10.3537998,107.0743549,47,Good,0,25.9,81,0.0,22.3,103,1009.3,2,11.0,15.7,177.0,6.4,86.0,1.6
2026-03-26 22:00:00,2026,3,26,22,Hồ Chí Minh,Phường Vũng Tàu,10.3537998,107.0743549,46,Good,0,25.8,80,0.0,22.3,101,1009.9,10,10.9,15.5,170.0,5.9,85.0,1.5
2026-03-26 23:00:00,2026,3,26,23,Hồ Chí Minh,Phường Vũng Tàu,10.3537998,107.0743549,46,Good,0,25.6,81,0.0,22.1,100,1009.8,19,10.5,14.9,163.0,5.7,84.0,1.4
2026-03-27 00:00:00,2026,3,27,0,Hồ Chí Minh,Phường Vũng Tàu,10.3537998,107.0743549,47,Good,0,25.5,81,0.0,22.8,102,1009.5,36,10.1,14.3,155.0,5.7,83.0,1.3
2026-03-27 01:00:00,2026,3,27,1,Hồ Chí Minh,Phường Vũng Tàu,10.3537998,107.0743549,47,Good,0,25.4,82,0.0,20.7,103,1009.0,16,10.3,14.4,150.0,5.7,82.0,1.2
2026-03-27 02:00:00,2026,3,27,2,Hồ Chí Minh,Phường Vũng Tàu,10.3537998,107.0743549,47,Good,0,25.4,80,0.0,19.7,106,1008.4,43,10.9,15.3,147.0,5.6,82.0,1.2
2026-03-27 03:00:00,2026,3,27,3,Hồ Chí Minh,Phường Vũng Tàu,10.3537998,107.0743549,48,Good,0,25.5,77,0.0,20.6,107,1008.2,12,11.4,15.8,146.0,5.5,82.0,1.3
2026-03-27 04:00:00,2026,3,27,4,Hồ Chí Minh,Phường Vũng Tàu,10.3537998,107.0743549,48,Good,0,25.4,77,0.0,20.9,109,1008.0,28,11.9,16.6,151.0,5.4,82.0,1.3
2026-03-27 05:00:00,2026,3,27,5,Hồ Chí Minh,Phường Vũng Tàu,10.3537998,107.0743549,48,Good,0,25.4,78,0.0,19.3,111,1008.4,15,12.2,16.9,168.0,5.2,83.0,1.3
2026-03-27 06:00:00,2026,3,27,6,Hồ Chí Minh,Phường Vũng Tàu,10.3537998,107.0743549,49,Good,0,25.4,77,0.0,17.2,111,1009.0,38,12.3,17.2,190.0,5.0,84.0,1.3
2026-03-27 07:00:00,2026,3,27,7,Hồ Chí Minh,Phường Vũng Tàu,10.3537998,107.0743549,49,Good,0,26.0,76,0.0,16.7,117,1009.9,36,13.8,19.4,204.0,4.9,86.0,1.4
2026-03-27 08:00:00,2026,3,27,8,Hồ Chí Minh,Phường Vũng Tàu,10.3537998,107.0743549,49,Good,0,26.9,71,0.2,18.7,122,1010.7,55,14.1,19.7,200.0,4.2,91.0,1.4
2026-03-27 09:00:00,2026,3,27,9,Hồ Chí Minh,Phường Vũng Tàu,10.3537998,107.0743549,50,Good,0,28.0,65,0.2,18.2,122,1011.1,38,14.4,20.3,188.0,3.2,97.0,1.3
2026-03-27 10:00:00,2026,3,27,10,Hồ Chí Minh,Phường Vũng Tàu,10.3537998,107.0743549,50,Good,0,28.5,62,0.1,17.6,124,1010.9,45,14.6,20.5,178.0,2.4,103.0,1.3
2026-03-27 11:00:00,2026,3,27,11,Hồ Chí Minh,Phường Vũng Tàu,10.3537998,107.0743549,50,Good,0,28.9,61,0.1,16.1,129,1010.7,34,14.6,20.6,175.0,2.1,107.0,1.3
2026-03-27 12:00:00,2026,3,27,12,Hồ Chí Minh,Phường Vũng Tàu,10.3537998,107.0743549,50,Good,0,29.5,58,0.0,15.6,128,1010.2,34,14.5,20.5,175.0,2.0,109.0,1.3
2026-03-27 13:00:00,2026,3,27,13,Hồ Chí Minh,Phường Vũng Tàu,10.3537998,107.0743549,50,Good,0,28.5,60,0.0,13.5,137,1009.5,23,14.4,20.3,175.0,2.1,110.0,1.4
2026-03-27 14:00:00,2026,3,27,14,Hồ Chí Minh,Phường Vũng Tàu,10.3537998,107.0743549,50,Good,0,28.8,60,0.0,13.4,138,1008.6,40,14.2,20.1,176.0,2.4,109.0,1.5
2026-03-27 15:00:00,2026,3,27,15,Hồ Chí Minh,Phường Vũng Tàu,10.3537998,107.0743549,51,Moderate,1,28.5,62,0.0,13.6,136,1007.6,31,14.1,19.8,177.0,2.8,107.0,1.6
2026-03-27 16:00:00,2026,3,27,16,Hồ Chí Minh,Phường Vũng Tàu,10.3537998,107.0743549,51,Moderate,1,28.0,65,0.0,14.5,138,1006.9,57,13.9,19.4,180.0,3.6,103.0,1.7
2026-03-27 17:00:00,2026,3,27,17,Hồ Chí Minh,Phường Vũng Tàu,10.3537998,107.0743549,51,Moderate,1,27.2,68,0.0,14.0,134,1006.9,45,13.6,18.9,187.0,5.0,97.0,1.9
2026-03-27 18:00:00,2026,3,27,18,Hồ Chí Minh,Phường Vũng Tàu,10.3537998,107.0743549,51,Moderate,1,26.5,71,0.0,14.4,128,1007.2,12,13.2,18.2,195.0,6.8,90.0,2.1
2026-03-27 19:00:00,2026,3,27,19,Hồ Chí Minh,Phường Vũng Tàu,10.3537998,107.0743549,51,Moderate,1,26.6,73,0.0,12.4,118,1008.0,0,13.5,18.9,200.0,8.3,84.0,2.3
2026-03-27 20:00:00,2026,3,27,20,Hồ Chí Minh,Phường Vũng Tàu,10.3537998,107.0743549,52,Moderate,1,26.3,78,0.0,14.2,108,1008.5,0,13.1,18.2,198.0,8.0,84.0,2.3
2026-03-27 21:00:00,2026,3,27,21,Hồ Chí Minh,Phường Vũng Tàu,10.3537998,107.0743549,52,Moderate,1,26.0,79,0.0,15.2,106,1009.1,0,13.1,18.1,192.0,7.5,83.0,2.2
2026-03-27 22:00:00,2026,3,27,22,Hồ Chí Minh,Phường Vũng Tàu,10.3537998,107.0743549,52,Moderate,1,25.9,81,0.0,16.3,103,1009.2,0,13.3,18.2,185.0,7.2,83.0,2.1
2026-03-27 23:00:00,2026,3,27,23,Hồ Chí Minh,Phường Vũng Tàu,10.3537998,107.0743549,52,Moderate,1,25.9,80,0.0,17.2,104,1009.2,0,13.4,18.4,176.0,7.0,82.0,2.0
2026-03-28 00:00:00,2026,3,28,0,Hồ Chí Minh,Phường Vũng Tàu,10.3537998,107.0743549,52,Moderate,1,25.9,79,0.0,18.5,103,1008.5,7,13.5,18.6,165.0,6.8,82.0,1.9
2026-03-28 01:00:00,2026,3,28,1,Hồ Chí Minh,Phường Vũng Tàu,10.3537998,107.0743549,53,Moderate,1,25.7,82,0.0,17.5,94,1007.8,0,13.9,18.9,157.0,6.9,81.0,1.8
2026-03-28 02:00:00,2026,3,28,2,Hồ Chí Minh,Phường Vũng Tàu,10.3537998,107.0743549,53,Moderate,1,25.7,81,0.0,17.0,97,1007.1,1,14.3,19.2,151.0,7.3,80.0,1.9
2026-03-28 03:00:00,2026,3,28,3,Hồ Chí Minh,Phường Vũng Tàu,10.3537998,107.0743549,53,Moderate,1,25.6,81,0.0,17.2,95,1006.8,9,14.6,19.3,146.0,7.9,78.0,2.0
2026-03-28 04:00:00,2026,3,28,4,Hồ Chí Minh,Phường Vũng Tàu,10.3537998,107.0743549,54,Moderate,1,25.5,82,0.0,15.5,95,1006.6,16,14.7,19.3,149.0,8.4,77.0,2.1
2026-03-28 05:00:00,2026,3,28,5,Hồ Chí Minh,Phường Vũng Tàu,10.3537998,107.0743549,54,Moderate,1,25.4,82,0.0,14.3,100,1007.6,14,14.7,19.2,164.0,8.9,75.0,2.3
2026-03-28 06:00:00,2026,3,28,6,Hồ Chí Minh,Phường Vũng Tàu,10.3537998,107.0743549,54,Moderate,1,25.5,80,0.0,15.7,99,1008.1,27,14.8,19.2,187.0,9.3,73.0,2.4
2026-03-28 07:00:00,2026,3,28,7,Hồ Chí Minh,Phường Vũng Tàu,10.3537998,107.0743549,54,Moderate,1,26.4,77,0.0,17.3,104,1009.0,27,16.2,20.9,201.0,9.9,74.0,2.8
2026-03-28 08:00:00,2026,3,28,8,Hồ Chí Minh,Phường Vũng Tàu,10.3537998,107.0743549,54,Moderate,1,27.5,71,0.0,20.3,103,1009.5,37,16.2,21.3,200.0,8.1,81.0,2.6
2026-03-28 09:00:00,2026,3,28,9,Hồ Chí Minh,Phường Vũng Tàu,10.3537998,107.0743549,55,Moderate,1,28.5,67,0.0,21.0,104,1010.2,43,16.4,21.8,191.0,5.6,90.0,2.3
2026-03-28 10:00:00,2026,3,28,10,Hồ Chí Minh,Phường Vũng Tàu,10.3537998,107.0743549,55,Moderate,1,29.0,64,0.0,20.8,108,1010.1,68,16.6,22.5,184.0,3.6,98.0,2.0
2026-03-28 11:00:00,2026,3,28,11,Hồ Chí Minh,Phường Vũng Tàu,10.3537998,107.0743549,55,Moderate,1,29.4,62,0.0,20.6,114,1009.9,85,16.8,22.8,181.0,2.7,105.0,1.9
2026-03-28 12:00:00,2026,3,28,12,Hồ Chí Minh,Phường Vũng Tàu,10.3537998,107.0743549,55,Moderate,1,29.5,64,0.0,21.7,119,1009.0,91,16.6,22.7,179.0,2.3,111.0,1.8
2026-03-28 13:00:00,2026,3,28,13,Hồ Chí Minh,Phường Vũng Tàu,10.3537998,107.0743549,55,Moderate,1,28.8,61,0.0,21.7,119,1008.2,98,16.9,23.1,178.0,2.2,114.0,1.7
2026-03-28 14:00:00,2026,3,28,14,Hồ Chí Minh,Phường Vũng Tàu,10.3537998,107.0743549,56,Moderate,1,29.0,62,0.0,22.1,122,1007.7,100,16.8,23.0,178.0,2.3,113.0,1.6
2026-03-28 15:00:00,2026,3,28,15,Hồ Chí Minh,Phường Vũng Tàu,10.3537998,107.0743549,56,Moderate,1,28.9,63,0.0,22.6,127,1007.3,99,16.2,22.1,179.0,2.7,109.0,1.6
2026-03-28 16:00:00,2026,3,28,16,Hồ Chí Minh,Phường Vũng Tàu,10.3537998,107.0743549,56,Moderate,1,28.5,63,0.0,21.3,131,1007.0,95,15.7,21.4,180.0,3.3,104.0,1.6
2026-03-28 17:00:00,2026,3,28,17,Hồ Chí Minh,Phường Vũng Tàu,10.3537998,107.0743549,56,Moderate,1,27.9,66,0.0,19.4,131,1007.3,98,14.8,20.2,183.0,4.1,97.0,1.6
2026-03-28 18:00:00,2026,3,28,18,Hồ Chí Minh,Phường Vũng Tàu,10.3537998,107.0743549,56,Moderate,1,27.4,69,0.0,17.8,129,1007.8,52,13.9,18.9,186.0,5.1,88.0,1.6
2026-03-28 19:00:00,2026,3,28,19,Hồ Chí Minh,Phường Vũng Tàu,10.3537998,107.0743549,56,Moderate,1,27.0,76,0.0,17.7,115,1007.9,29,15.3,20.8,189.0,6.5,85.0,1.9
2026-03-28 20:00:00,2026,3,28,20,Hồ Chí Minh,Phường Vũng Tàu,10.3537998,107.0743549,57,Moderate,1,26.6,81,0.0,15.5,110,1008.3,7,15.0,20.3,191.0,6.7,82.0,2.0
2026-03-28 21:00:00,2026,3,28,21,Hồ Chí Minh,Phường Vũng Tàu,10.3537998,107.0743549,57,Moderate,1,26.3,84,0.0,14.8,106,1008.4,0,14.7,19.7,192.0,7.0,78.0,2.0
2026-03-28 22:00:00,2026,3,28,22,Hồ Chí Minh,Phường Vũng Tàu,10.3537998,107.0743549,57,Moderate,1,26.2,85,0.0,13.7,103,1008.5,0,14.6,19.5,191.0,7.4,74.0,2.1
2026-03-28 23:00:00,2026,3,28,23,Hồ Chí Minh,Phường Vũng Tàu,10.3537998,107.0743549,57,Moderate,1,26.1,86,0.0,13.5,102,1008.4,13,14.8,19.6,187.0,8.1,71.0,2.1
2026-03-29 00:00:00,2026,3,29,0,Hồ Chí Minh,Phường Vũng Tàu,10.3537998,107.0743549,57,Moderate,1,26.0,87,0.0,13.2,97,1008.4,96,14.9,19.6,180.0,8.9,69.0,2.1
2026-03-29 01:00:00,2026,3,29,1,Hồ Chí Minh,Phường Vũng Tàu,10.3537998,107.0743549,57,Moderate,1,26.4,82,0.0,15.8,102,1007.8,96,15.0,19.7,174.0,9.5,67.0,2.1
2026-03-29 02:00:00,2026,3,29,2,Hồ Chí Minh,Phường Vũng Tàu,10.3537998,107.0743549,57,Moderate,1,26.4,81,0.0,17.0,103,1007.3,100,15.1,19.8,165.0,9.7,66.0,2.0
2026-03-29 03:00:00,2026,3,29,3,Hồ Chí Minh,Phường Vũng Tàu,10.3537998,107.0743549,57,Moderate,1,26.4,81,0.0,17.3,104,1007.3,100,15.1,19.8,157.0,9.7,65.0,2.0
2026-03-29 04:00:00,2026,3,29,4,Hồ Chí Minh,Phường Vũng Tàu,10.3537998,107.0743549,57,Moderate,1,26.0,85,0.0,16.3,101,1007.2,96,15.1,19.8,159.0,9.7,64.0,2.0
2026-03-29 05:00:00,2026,3,29,5,Hồ Chí Minh,Phường Vũng Tàu,10.3537998,107.0743549,57,Moderate,1,25.9,86,0.0,16.0,102,1007.9,100,15.5,20.4,183.0,10.0,62.0,2.2
2026-03-29 06:00:00,2026,3,29,6,Hồ Chí Minh,Phường Vũng Tàu,10.3537998,107.0743549,58,Moderate,1,25.6,88,0.0,12.9,99,1008.7,99,15.7,20.5,218.0,10.4,61.0,2.4
2026-03-29 07:00:00,2026,3,29,7,Hồ Chí Minh,Phường Vũng Tàu,10.3537998,107.0743549,58,Moderate,1,26.9,83,0.0,14.7,101,1009.5,92,14.6,18.6,236.0,11.3,60.0,2.9
2026-03-29 08:00:00,2026,3,29,8,Hồ Chí Minh,Phường Vũng Tàu,10.3537998,107.0743549,57,Moderate,1,28.1,75,0.0,15.6,102,1010.3,27,14.4,18.6,221.0,9.4,66.0,2.7
2026-03-29 09:00:00,2026,3,29,9,Hồ Chí Minh,Phường Vũng Tàu,10.3537998,107.0743549,57,Moderate,1,29.2,67,0.0,16.4,105,1010.8,2,14.1,18.4,189.0,6.7,75.0,2.5
2026-03-29 10:00:00,2026,3,29,10,Hồ Chí Minh,Phường Vũng Tàu,10.3537998,107.0743549,57,Moderate,1,29.8,65,0.0,18.0,110,1010.9,3,13.9,18.5,165.0,4.6,83.0,2.3
2026-03-29 11:00:00,2026,3,29,11,Hồ Chí Minh,Phường Vũng Tàu,10.3537998,107.0743549,57,Moderate,1,30.2,62,0.0,18.6,110,1010.4,0,13.8,18.6,158.0,3.5,91.0,2.2
2026-03-29 12:00:00,2026,3,29,12,Hồ Chí Minh,Phường Vũng Tàu,10.3537998,107.0743549,57,Moderate,1,30.6,60,0.0,17.4,117,1009.9,91,13.6,18.5,158.0,3.0,99.0,2.1
2026-03-29 13:00:00,2026,3,29,13,Hồ Chí Minh,Phường Vũng Tàu,10.3537998,107.0743549,56,Moderate,1,30.0,61,0.0,17.2,128,1009.0,95,14.0,19.1,160.0,2.8,104.0,2.0
2026-03-29 14:00:00,2026,3,29,14,Hồ Chí Minh,Phường Vũng Tàu,10.3537998,107.0743549,56,Moderate,1,30.0,62,0.0,17.6,124,1008.0,100,14.3,19.4,164.0,2.9,105.0,2.0
2026-03-29 15:00:00,2026,3,29,15,Hồ Chí Minh,Phường Vũng Tàu,10.3537998,107.0743549,56,Moderate,1,29.6,64,0.0,17.6,118,1007.4,99,13.9,18.9,171.0,3.4,104.0,2.1
2026-03-29 16:00:00,2026,3,29,16,Hồ Chí Minh,Phường Vũng Tàu,10.3537998,107.0743549,56,Moderate,1,28.9,69,0.0,17.6,117,1007.1,59,13.0,17.8,177.0,4.2,100.0,2.1
2026-03-29 17:00:00,2026,3,29,17,Hồ Chí Minh,Phường Vũng Tàu,10.3537998,107.0743549,55,Moderate,1,27.9,75,0.0,17.1,115,1007.0,0,12.3,16.8,182.0,5.4,93.0,2.1
2026-03-29 18:00:00,2026,3,29,18,Hồ Chí Minh,Phường Vũng Tàu,10.3537998,107.0743549,55,Moderate,1,27.0,81,0.0,17.3,111,1007.1,0,11.4,15.5,186.0,7.0,83.0,2.1
2026-03-29 19:00:00,2026,3,29,19,Hồ Chí Minh,Phường Vũng Tàu,10.3537998,107.0743549,55,Moderate,1,26.8,87,0.0,17.3,105,1007.7,0,12.5,17.0,185.0,8.8,77.0,2.4
2026-03-29 20:00:00,2026,3,29,20,Hồ Chí Minh,Phường Vũng Tàu,10.3537998,107.0743549,55,Moderate,1,26.6,88,0.0,17.2,106,1008.3,8,11.9,16.3,177.0,8.3,74.0,2.3
2026-03-29 21:00:00,2026,3,29,21,Hồ Chí Minh,Phường Vũng Tàu,10.3537998,107.0743549,54,Moderate,1,26.5,89,0.0,16.2,107,1008.8,13,11.2,15.5,164.0,7.7,70.0,2.1
2026-03-29 22:00:00,2026,3,29,22,Hồ Chí Minh,Phường Vũng Tàu,10.3537998,107.0743549,54,Moderate,1,26.3,89,0.0,15.3,110,1009.6,23,10.7,15.0,154.0,7.2,66.0,1.9
2026-03-29 23:00:00,2026,3,29,23,Hồ Chí Minh,Phường Vũng Tàu,10.3537998,107.0743549,54,Moderate,1,26.1,89,0.0,15.8,107,1009.7,28,10.6,14.9,149.0,7.1,63.0,1.8
2026-03-30 00:00:00,2026,3,30,0,Hồ Chí Minh,Phường Vũng Tàu,10.3537998,107.0743549,53,Moderate,1,26.0,89,0.0,16.1,108,1009.6,25,10.5,14.8,146.0,7.1,60.0,1.6
2026-03-30 01:00:00,2026,3,30,1,Hồ Chí Minh,Phường Vũng Tàu,10.3537998,107.0743549,53,Moderate,1,26.1,93,0.0,14.8,100,1009.2,17,10.6,15.1,143.0,7.3,58.0,1.6
2026-03-30 02:00:00,2026,3,30,2,Hồ Chí Minh,Phường Vũng Tàu,10.3537998,107.0743549,53,Moderate,1,26.0,93,0.0,13.4,95,1008.8,17,10.9,15.4,139.0,7.6,56.0,1.7
2026-03-30 03:00:00,2026,3,30,3,Hồ Chí Minh,Phường Vũng Tàu,10.3537998,107.0743549,52,Moderate,1,25.9,92,0.0,12.4,92,1008.6,16,11.2,15.8,135.0,8.1,55.0,1.8
2026-03-30 04:00:00,2026,3,30,4,Hồ Chí Minh,Phường Vũng Tàu,10.3537998,107.0743549,52,Moderate,1,26.0,90,0.0,13.7,92,1008.4,25,11.6,16.3,136.0,8.3,54.0,1.9
2026-03-30 05:00:00,2026,3,30,5,Hồ Chí Minh,Phường Vũng Tàu,10.3537998,107.0743549,52,Moderate,1,26.0,88,0.0,15.0,93,1008.5,12,11.9,16.6,148.0,8.3,53.0,2.0
2026-03-30 06:00:00,2026,3,30,6,Hồ Chí Minh,Phường Vũng Tàu,10.3537998,107.0743549,51,Moderate,1,25.9,88,0.0,16.4,91,1009.1,21,12.3,17.1,165.0,8.0,52.0,2.1
2026-03-30 07:00:00,2026,3,30,7,Hồ Chí Minh,Phường Vũng Tàu,10.3537998,107.0743549,51,Moderate,1,26.9,79,0.0,18.8,102,1009.7,5,13.8,19.5,176.0,7.6,54.0,2.3
2026-03-30 08:00:00,2026,3,30,8,Hồ Chí Minh,Phường Vũng Tàu,10.3537998,107.0743549,51,Moderate,1,28.0,69,0.0,19.7,105,1010.6,7,14.1,20.4,173.0,6.5,60.0,2.2
2026-03-30 09:00:00,2026,3,30,9,Hồ Chí Minh,Phường Vũng Tàu,10.3537998,107.0743549,51,Moderate,1,28.8,65,0.0,18.7,111,1011.4,19,14.6,21.5,164.0,4.9,68.0,2.1
2026-03-30 10:00:00,2026,3,30,10,Hồ Chí Minh,Phường Vũng Tàu,10.3537998,107.0743549,51,Moderate,1,29.4,63,0.0,17.4,117,1011.5,5,15.1,22.4,157.0,3.6,76.0,2.0
2026-03-30 11:00:00,2026,3,30,11,Hồ Chí Minh,Phường Vũng Tàu,10.3537998,107.0743549,51,Moderate,1,29.9,59,0.0,16.5,120,1011.2,1,15.4,23.2,154.0,2.9,84.0,1.9
2026-03-30 12:00:00,2026,3,30,12,Hồ Chí Minh,Phường Vũng Tàu,10.3537998,107.0743549,51,Moderate,1,30.0,57,0.0,17.6,126,1010.4,9,15.8,23.9,153.0,2.6,91.0,1.8
2026-03-30 13:00:00,2026,3,30,13,Hồ Chí Minh,Phường Vũng Tàu,10.3537998,107.0743549,51,Moderate,1,29.5,60,0.0,16.7,126,1009.6,21,15.8,23.9,154.0,2.5,95.0,1.7
2026-03-30 14:00:00,2026,3,30,14,Hồ Chí Minh,Phường Vũng Tàu,10.3537998,107.0743549,52,Moderate,1,29.6,60,0.0,15.8,128,1008.7,95,15.8,23.8,157.0,2.6,95.0,1.7
2026-03-30 15:00:00,2026,3,30,15,Hồ Chí Minh,Phường Vũng Tàu,10.3537998,107.0743549,52,Moderate,1,29.5,63,0.0,15.2,131,1008.1,87,15.7,23.7,161.0,3.0,91.0,1.7
2026-03-30 16:00:00,2026,3,30,16,Hồ Chí Minh,Phường Vũng Tàu,10.3537998,107.0743549,52,Moderate,1,28.9,65,0.0,17.2,136,1007.7,1,15.2,23.3,164.0,3.6,87.0,1.7
2026-03-30 17:00:00,2026,3,30,17,Hồ Chí Minh,Phường Vũng Tàu,10.3537998,107.0743549,52,Moderate,1,28.0,69,0.0,16.8,135,1007.8,0,14.8,22.9,166.0,4.6,82.0,1.7
2026-03-30 18:00:00,2026,3,30,18,Hồ Chí Minh,Phường Vũng Tàu,10.3537998,107.0743549,52,Moderate,1,27.0,76,0.0,15.2,127,1008.0,0,14.5,22.4,166.0,5.9,76.0,1.8
2026-03-30 19:00:00,2026,3,30,19,Hồ Chí Minh,Phường Vũng Tàu,10.3537998,107.0743549,53,Moderate,1,27.1,80,0.0,16.8,116,1008.3,2,15.3,24.3,166.0,7.5,65.0,2.0
2026-03-30 20:00:00,2026,3,30,20,Hồ Chí Minh,Phường Vũng Tàu,10.3537998,107.0743549,53,Moderate,1,27.0,81,0.0,17.8,108,1009.1,16,14.9,23.4,164.0,7.1,66.0,2.0
2026-03-30 21:00:00,2026,3,30,21,Hồ Chí Minh,Phường Vũng Tàu,10.3537998,107.0743549,53,Moderate,1,26.8,82,0.0,18.2,104,1009.9,13,14.3,22.3,162.0,6.6,67.0,1.9
2026-03-30 22:00:00,2026,3,30,22,Hồ Chí Minh,Phường Vũng Tàu,10.3537998,107.0743549,53,Moderate,1,26.7,82,0.0,17.7,103,1010.6,9,13.6,21.4,159.0,6.2,67.0,1.8
2026-03-30 23:00:00,2026,3,30,23,Hồ Chí Minh,Phường Vũng Tàu,10.3537998,107.0743549,54,Moderate,1,26.5,84,0.0,17.7,103,1010.6,10,13.0,20.5,156.0,5.9,67.0,1.7
2026-03-31 00:00:00,2026,3,31,0,Hồ Chí Minh,Phường Vũng Tàu,10.3537998,107.0743549,54,Moderate,1,26.2,85,0.0,17.5,104,1010.4,8,12.6,19.8,152.0,5.6,66.0,1.6
2026-03-31 01:00:00,2026,3,31,1,Hồ Chí Minh,Phường Vũng Tàu,10.3537998,107.0743549,54,Moderate,1,26.1,85,0.0,16.9,105,1010.3,34,12.5,19.5,150.0,5.5,65.0,1.5
2026-03-31 02:00:00,2026,3,31,2,Hồ Chí Minh,Phường Vũng Tàu,10.3537998,107.0743549,54,Moderate,1,26.0,83,0.0,16.8,106,1009.4,16,12.5,19.3,147.0,5.7,65.0,1.5
2026-03-31 03:00:00,2026,3,31,3,Hồ Chí Minh,Phường Vũng Tàu,10.3537998,107.0743549,54,Moderate,1,25.8,84,0.0,17.1,110,1009.2,10,12.5,19.2,146.0,6.1,64.0,1.6
2026-03-31 04:00:00,2026,3,31,4,Hồ Chí Minh,Phường Vũng Tàu,10.3537998,107.0743549,54,Moderate,1,25.7,82,0.0,16.0,114,1009.0,2,12.7,19.2,151.0,6.4,64.0,1.7
2026-03-31 05:00:00,2026,3,31,5,Hồ Chí Minh,Phường Vũng Tàu,10.3537998,107.0743549,54,Moderate,1,25.5,82,0.0,14.9,111,1008.9,5,12.8,19.3,169.0,6.7,63.0,1.8
2026-03-31 06:00:00,2026,3,31,6,Hồ Chí Minh,Phường Vũng Tàu,10.3537998,107.0743549,55,Moderate,1,25.5,82,0.0,13.3,109,1010.0,13,13.0,19.4,194.0,6.9,62.0,2.0
2026-03-31 07:00:00,2026,3,31,7,Hồ Chí Minh,Phường Vũng Tàu,10.3537998,107.0743549,55,Moderate,1,26.6,77,0.0,13.2,101,1010.8,16,14.7,22.1,209.0,7.2,64.0,2.2
2026-03-31 08:00:00,2026,3,31,8,Hồ Chí Minh,Phường Vũng Tàu,10.3537998,107.0743549,55,Moderate,1,27.7,70,0.0,14.0,108,1011.7,12,15.0,22.7,204.0,6.3,70.0,2.2
2026-03-31 09:00:00,2026,3,31,9,Hồ Chí Minh,Phường Vũng Tàu,10.3537998,107.0743549,55,Moderate,1,28.6,66,0.0,14.3,113,1012.3,10,15.8,23.9,190.0,5.0,78.0,2.2
2026-03-31 10:00:00,2026,3,31,10,Hồ Chí Minh,Phường Vũng Tàu,10.3537998,107.0743549,55,Moderate,1,29.1,62,0.0,13.5,119,1012.0,1,16.7,25.4,178.0,3.9,85.0,2.2
2026-03-31 11:00:00,2026,3,31,11,Hồ Chí Minh,Phường Vũng Tàu,10.3537998,107.0743549,55,Moderate,1,29.7,59,0.0,13.4,130,1011.8,0,17.1,26.3,175.0,3.3,91.0,2.1
2026-03-31 12:00:00,2026,3,31,12,Hồ Chí Minh,Phường Vũng Tàu,10.3537998,107.0743549,55,Moderate,1,30.0,57,0.0,14.2,139,1011.1,51,16.8,25.8,174.0,2.9,97.0,2.0
2026-03-31 13:00:00,2026,3,31,13,Hồ Chí Minh,Phường Vũng Tàu,10.3537998,107.0743549,55,Moderate,1,29.4,61,0.0,13.6,145,1010.4,66,16.3,25.1,175.0,2.8,100.0,1.9
2026-03-31 14:00:00,2026,3,31,14,Hồ Chí Minh,Phường Vũng Tàu,10.3537998,107.0743549,55,Moderate,1,29.5,60,0.0,13.3,152,1009.2,34,15.9,24.5,177.0,3.0,98.0,1.9
2026-03-31 15:00:00,2026,3,31,15,Hồ Chí Minh,Phường Vũng Tàu,10.3537998,107.0743549,55,Moderate,1,29.4,60,0.0,13.6,150,1008.1,45,15.4,23.7,180.0,3.5,93.0,1.9
2026-03-31 16:00:00,2026,3,31,16,Hồ Chí Minh,Phường Vũng Tàu,10.3537998,107.0743549,55,Moderate,1,28.9,61,0.0,14.6,153,1007.6,62,14.8,22.8,182.0,4.3,87.0,1.9
2026-03-31 17:00:00,2026,3,31,17,Hồ Chí Minh,Phường Vũng Tàu,10.3537998,107.0743549,55,Moderate,1,28.0,65,0.0,13.5,147,1007.5,47,14.6,22.2,183.0,5.7,80.0,2.0
2026-03-31 18:00:00,2026,3,31,18,Hồ Chí Minh,Phường Vũng Tàu,10.3537998,107.0743549,55,Moderate,1,27.0,73,0.0,12.1,145,1008.0,60,14.6,21.9,184.0,7.5,73.0,2.2
2026-03-31 19:00:00,2026,3,31,19,Hồ Chí Minh,Phường Vũng Tàu,10.3537998,107.0743549,55,Moderate,1,26.9,79,0.0,14.0,143,1008.1,63,13.5,21.1,185.0,9.5,61.0,2.3
2026-03-31 20:00:00,2026,3,31,20,Hồ Chí Minh,Phường Vũng Tàu,10.3537998,107.0743549,55,Moderate,1,26.5,81,0.0,12.9,139,1008.5,66,13.3,20.5,187.0,9.4,62.0,2.3
2026-03-31 21:00:00,2026,3,31,21,Hồ Chí Minh,Phường Vũng Tàu,10.3537998,107.0743549,55,Moderate,1,26.4,82,0.0,12.9,125,1009.0,66,13.4,19.9,189.0,9.1,63.0,2.4
2026-03-31 22:00:00,2026,3,31,22,Hồ Chí Minh,Phường Vũng Tàu,10.3537998,107.0743549,55,Moderate,1,26.1,84,0.0,12.7,125,1009.8,71,13.3,19.4,187.0,8.8,65.0,2.4
2026-03-31 23:00:00,2026,3,31,23,Hồ Chí Minh,Phường Vũng Tàu,10.3537998,107.0743549,55,Moderate,1,26.0,85,0.0,12.8,122,1009.9,69,13.1,18.7,179.0,8.2,67.0,2.3
2026-04-01 00:00:00,2026,4,1,0,Hồ Chí Minh,Phường Vũng Tàu,10.3537998,107.0743549,55,Moderate,1,25.8,86,0.0,13.2,121,1009.4,98,12.6,17.9,168.0,7.6,69.0,2.1
2026-04-01 01:00:00,2026,4,1,1,Hồ Chí Minh,Phường Vũng Tàu,10.3537998,107.0743549,55,Moderate,1,25.6,88,0.0,14.2,117,1009.2,87,12.5,17.6,160.0,7.0,71.0,1.9
2026-04-01 02:00:00,2026,4,1,2,Hồ Chí Minh,Phường Vũng Tàu,10.3537998,107.0743549,55,Moderate,1,25.7,87,0.0,13.9,115,1008.8,89,12.5,17.5,157.0,6.6,72.0,1.8
2026-04-01 03:00:00,2026,4,1,3,Hồ Chí Minh,Phường Vũng Tàu,10.3537998,107.0743549,55,Moderate,1,25.6,85,0.0,13.2,119,1008.6,76,12.5,17.5,158.0,6.4,73.0,1.7
2026-04-01 04:00:00,2026,4,1,4,Hồ Chí Minh,Phường Vũng Tàu,10.3537998,107.0743549,55,Moderate,1,25.5,85,0.0,12.3,119,1008.7,37,12.8,17.9,167.0,6.2,74.0,1.7
2026-04-01 05:00:00,2026,4,1,5,Hồ Chí Minh,Phường Vũng Tàu,10.3537998,107.0743549,55,Moderate,1,25.5,84,0.0,12.3,115,1009.1,38,13.3,18.6,191.0,6.2,75.0,1.8
2026-04-01 06:00:00,2026,4,1,6,Hồ Chí Minh,Phường Vũng Tàu,10.3537998,107.0743549,55,Moderate,1,25.5,84,0.0,12.1,108,1009.7,23,14.1,19.6,223.0,6.3,77.0,1.9
2026-04-01 07:00:00,2026,4,1,7,Hồ Chí Minh,Phường Vũng Tàu,10.3537998,107.0743549,55,Moderate,1,26.4,82,0.0,11.5,110,1010.4,95,20.2,28.3,244.0,6.5,78.0,2.1
2026-04-01 08:00:00,2026,4,1,8,Hồ Chí Minh,Phường Vũng Tàu,10.3537998,107.0743549,56,Moderate,1,27.5,75,0.0,12.1,111,1011.5,96,21.4,30.3,243.0,5.6,85.0,2.1
2026-04-01 09:00:00,2026,4,1,9,Hồ Chí Minh,Phường Vũng Tàu,10.3537998,107.0743549,56,Moderate,1,28.5,67,0.0,13.0,116,1012.2,94,22.7,32.2,231.0,4.4,94.0,2.0
2026-04-01 10:00:00,2026,4,1,10,Hồ Chí Minh,Phường Vũng Tàu,10.3537998,107.0743549,57,Moderate,1,29.2,65,0.0,14.4,128,1012.0,14,24.0,34.1,222.0,3.4,102.0,2.0
2026-04-01 11:00:00,2026,4,1,11,Hồ Chí Minh,Phường Vũng Tàu,10.3537998,107.0743549,57,Moderate,1,29.5,64,0.0,15.8,131,1011.4,5,24.9,35.2,221.0,2.9,108.0,1.9
2026-04-01 12:00:00,2026,4,1,12,Hồ Chí Minh,Phường Vũng Tàu,10.3537998,107.0743549,58,Moderate,1,29.9,61,0.0,16.7,132,1010.6,0,25.1,35.5,224.0,2.5,113.0,1.9
2026-04-01 13:00:00,2026,4,1,13,Hồ Chí Minh,Phường Vũng Tàu,10.3537998,107.0743549,59,Moderate,1,29.3,63,0.0,16.0,139,1009.8,1,24.9,35.0,227.0,2.5,116.0,1.8
2026-04-01 14:00:00,2026,4,1,14,Hồ Chí Minh,Phường Vũng Tàu,10.3537998,107.0743549,60,Moderate,1,29.5,63,0.0,15.0,143,1008.5,3,24.2,33.9,232.0,2.7,115.0,1.8
2026-04-01 15:00:00,2026,4,1,15,Hồ Chí Minh,Phường Vũng Tàu,10.3537998,107.0743549,60,Moderate,1,29.3,65,0.0,15.3,146,1007.9,4,23.2,32.5,238.0,3.2,111.0,1.8
2026-04-01 16:00:00,2026,4,1,16,Hồ Chí Minh,Phường Vũng Tàu,10.3537998,107.0743549,61,Moderate,1,28.9,67,0.0,16.8,147,1007.5,2,22.5,31.2,242.0,3.9,106.0,1.8
2026-04-01 17:00:00,2026,4,1,17,Hồ Chí Minh,Phường Vũng Tàu,10.3537998,107.0743549,62,Moderate,1,27.6,70,0.0,16.2,144,1007.2,0,21.9,30.2,244.0,5.0,101.0,1.9
2026-04-01 18:00:00,2026,4,1,18,Hồ Chí Minh,Phường Vũng Tàu,10.3537998,107.0743549,62,Moderate,1,27.1,76,0.0,18.0,144,1007.4,0,21.4,29.3,244.0,6.3,95.0,2.0
2026-04-01 19:00:00,2026,4,1,19,Hồ Chí Minh,Phường Vũng Tàu,10.3537998,107.0743549,63,Moderate,1,27.2,76,0.0,15.3,130,1008.3,2,21.2,28.9,242.0,7.6,83.0,2.2
2026-04-01 20:00:00,2026,4,1,20,Hồ Chí Minh,Phường Vũng Tàu,10.3537998,107.0743549,64,Moderate,1,27.3,76,0.0,15.1,125,1009.2,18,21.1,28.3,239.0,7.2,84.0,2.1
2026-04-01 21:00:00,2026,4,1,21,Hồ Chí Minh,Phường Vũng Tàu,10.3537998,107.0743549,64,Moderate,1,27.2,77,0.0,16.2,121,1009.7,15,20.8,27.8,235.0,6.6,85.0,1.9
2026-04-01 22:00:00,2026,4,1,22,Hồ Chí Minh,Phường Vũng Tàu,10.3537998,107.0743549,65,Moderate,1,27.0,78,0.0,15.1,117,1010.3,14,20.2,26.7,229.0,6.1,86.0,1.8
2026-04-01 23:00:00,2026,4,1,23,Hồ Chí Minh,Phường Vũng Tàu,10.3537998,107.0743549,66,Moderate,1,26.9,79,0.0,14.9,118,1010.5,1,19.7,25.9,220.0,5.8,85.0,1.7
2026-04-02 00:00:00,2026,4,2,0,Hồ Chí Minh,Phường Vũng Tàu,10.3537998,107.0743549,66,Moderate,1,26.8,79,0.0,16.1,123,1010.1,14,19.1,25.1,209.0,5.6,84.0,1.6
2026-04-02 01:00:00,2026,4,2,1,Hồ Chí Minh,Phường Vũng Tàu,10.3537998,107.0743549,67,Moderate,1,26.5,80,0.0,15.4,125,1009.8,38,18.6,24.6,202.0,5.4,83.0,1.5
2026-04-02 02:00:00,2026,4,2,2,Hồ Chí Minh,Phường Vũng Tàu,10.3537998,107.0743549,67,Moderate,1,26.4,80,0.0,15.5,123,1009.4,18,18.3,24.2,198.0,5.2,82.0,1.4
2026-04-02 03:00:00,2026,4,2,3,Hồ Chí Minh,Phường Vũng Tàu,10.3537998,107.0743549,68,Moderate,1,26.2,82,0.0,14.5,125,1009.3,18,18.0,23.9,198.0,4.9,80.0,1.4
2026-04-02 04:00:00,2026,4,2,4,Hồ Chí Minh,Phường Vũng Tàu,10.3537998,107.0743549,68,Moderate,1,26.3,80,0.0,12.7,125,1009.1,17,18.0,24.1,204.0,4.8,79.0,1.4
2026-04-02 05:00:00,2026,4,2,5,Hồ Chí Minh,Phường Vũng Tàu,10.3537998,107.0743549,69,Moderate,1,26.5,76,0.0,13.0,119,1009.5,31,18.1,24.2,223.0,4.9,78.0,1.5
2026-04-02 06:00:00,2026,4,2,6,Hồ Chí Minh,Phường Vũng Tàu,10.3537998,107.0743549,69,Moderate,1,26.5,75,0.0,13.2,110,1010.1,20,18.0,24.2,249.0,5.0,77.0,1.6
2026-04-02 07:00:00,2026,4,2,7,Hồ Chí Minh,Phường Vũng Tàu,10.3537998,107.0743549,69,Moderate,1,27.4,74,0.0,12.8,119,1010.8,6,18.2,24.3,267.0,6.0,77.0,1.9
2026-04-02 08:00:00,2026,4,2,8,Hồ Chí Minh,Phường Vũng Tàu,10.3537998,107.0743549,69,Moderate,1,28.4,69,0.0,13.3,120,1011.6,13,18.4,25.0,268.0,5.1,83.0,1.8
2026-04-02 09:00:00,2026,4,2,9,Hồ Chí Minh,Phường Vũng Tàu,10.3537998,107.0743549,69,Moderate,1,29.4,63,0.0,14.7,117,1012.3,22,18.5,25.4,261.0,3.9,91.0,1.7
2026-04-02 10:00:00,2026,4,2,10,Hồ Chí Minh,Phường Vũng Tàu,10.3537998,107.0743549,69,Moderate,1,30.1,60,0.0,16.3,116,1012.2,19,19.6,27.1,254.0,2.9,98.0,1.6
2026-04-02 11:00:00,2026,4,2,11,Hồ Chí Minh,Phường Vũng Tàu,10.3537998,107.0743549,68,Moderate,1,30.5,59,0.0,18.3,122,1012.0,8,19.3,26.8,251.0,2.3,104.0,1.5
2026-04-02 12:00:00,2026,4,2,12,Hồ Chí Minh,Phường Vũng Tàu,10.3537998,107.0743549,68,Moderate,1,30.5,59,0.0,18.0,126,1011.3,8,19.3,26.9,248.0,2.0,109.0,1.4
2026-04-02 13:00:00,2026,4,2,13,Hồ Chí Minh,Phường Vũng Tàu,10.3537998,107.0743549,67,Moderate,1,30.1,59,0.0,18.1,122,1010.2,12,18.8,26.1,245.0,1.9,112.0,1.3
2026-04-02 14:00:00,2026,4,2,14,Hồ Chí Minh,Phường Vũng Tàu,10.3537998,107.0743549,67,Moderate,1,30.0,59,0.0,18.4,126,1009.4,13,18.1,25.1,242.0,2.1,111.0,1.3
2026-04-02 15:00:00,2026,4,2,15,Hồ Chí Minh,Phường Vũng Tàu,10.3537998,107.0743549,66,Moderate,1,29.8,59,0.0,18.3,121,1008.4,2,17.3,24.0,240.0,2.6,108.0,1.3
2026-04-02 16:00:00,2026,4,2,16,Hồ Chí Minh,Phường Vũng Tàu,10.3537998,107.0743549,66,Moderate,1,29.1,61,0.0,19.0,127,1008.0,1,16.2,22.5,237.0,3.2,104.0,1.3
2026-04-02 17:00:00,2026,4,2,17,Hồ Chí Minh,Phường Vũng Tàu,10.3537998,107.0743549,65,Moderate,1,28.4,67,0.0,19.1,131,1007.9,0,15.1,21.3,234.0,4.2,99.0,1.4
2026-04-02 18:00:00,2026,4,2,18,Hồ Chí Minh,Phường Vũng Tàu,10.3537998,107.0743549,64,Moderate,1,27.4,75,0.0,15.4,122,1008.5,0,14.3,20.3,232.0,5.3,93.0,1.5
2026-04-02 19:00:00,2026,4,2,19,Hồ Chí Minh,Phường Vũng Tàu,10.3537998,107.0743549,64,Moderate,1,27.5,80,0.0,18.5,106,1008.9,12,14.0,20.0,228.0,6.6,87.0,1.8
2026-04-02 20:00:00,2026,4,2,20,Hồ Chí Minh,Phường Vũng Tàu,10.3537998,107.0743549,63,Moderate,1,27.6,75,0.0,21.4,110,1009.6,9,13.0,18.5,222.0,6.2,86.0,1.7
2026-04-02 21:00:00,2026,4,2,21,Hồ Chí Minh,Phường Vũng Tàu,10.3537998,107.0743549,62,Moderate,1,27.5,75,0.0,22.7,105,1010.4,15,11.8,16.9,214.0,5.6,84.0,1.6
2026-04-02 22:00:00,2026,4,2,22,Hồ Chí Minh,Phường Vũng Tàu,10.3537998,107.0743549,62,Moderate,1,27.4,71,0.0,22.4,104,1010.8,2,10.7,15.5,208.0,5.1,83.0,1.5
2026-04-02 23:00:00,2026,4,2,23,Hồ Chí Minh,Phường Vũng Tàu,10.3537998,107.0743549,61,Moderate,1,27.2,71,0.0,22.2,105,1010.6,4,9.8,14.5,204.0,4.7,83.0,1.4
2026-04-03 00:00:00,2026,4,3,0,Hồ Chí Minh,Phường Vũng Tàu,10.3537998,107.0743549,60,Moderate,1,27.0,73,0.0,22.1,109,1010.2,4,9.1,13.4,200.0,4.5,84.0,1.3
2026-04-03 01:00:00,2026,4,3,1,Hồ Chí Minh,Phường Vũng Tàu,10.3537998,107.0743549,59,Moderate,1,27.2,67,0.0,22.8,107,1009.3,48,8.5,12.6,198.0,4.3,84.0,1.3
2026-04-03 02:00:00,2026,4,3,2,Hồ Chí Minh,Phường Vũng Tàu,10.3537998,107.0743549,58,Moderate,1,27.0,68,0.0,21.8,110,1008.9,51,8.3,12.2,195.0,4.3,84.0,1.3
2026-04-03 03:00:00,2026,4,3,3,Hồ Chí Minh,Phường Vũng Tàu,10.3537998,107.0743549,57,Moderate,1,26.9,68,0.0,19.5,109,1008.6,38,8.2,12.0,193.0,4.4,84.0,1.4
2026-04-03 04:00:00,2026,4,3,4,Hồ Chí Minh,Phường Vũng Tàu,10.3537998,107.0743549,56,Moderate,1,26.5,70,0.0,17.1,107,1008.7,17,8.3,12.2,195.0,4.6,84.0,1.5
2026-04-03 05:00:00,2026,4,3,5,Hồ Chí Minh,Phường Vũng Tàu,10.3537998,107.0743549,56,Moderate,1,26.5,70,0.0,15.6,105,1009.1,10,8.4,12.3,207.0,5.0,83.0,1.6
2026-04-03 06:00:00,2026,4,3,6,Hồ Chí Minh,Phường Vũng Tàu,10.3537998,107.0743549,55,Moderate,1,26.5,69,0.0,14.7,107,1009.6,5,8.6,12.5,223.0,5.5,82.0,1.7
2026-04-03 07:00:00,2026,4,3,7,Hồ Chí Minh,Phường Vũng Tàu,10.3537998,107.0743549,54,Moderate,1,27.6,65,0.0,18.6,110,1010.3,27,7.5,10.7,232.0,5.7,82.0,1.9
2026-04-03 08:00:00,2026,4,3,8,Hồ Chí Minh,Phường Vũng Tàu,10.3537998,107.0743549,53,Moderate,1,28.6,60,0.0,18.9,114,1011.0,7,7.8,11.0,227.0,4.9,87.0,1.9
2026-04-03 09:00:00,2026,4,3,9,Hồ Chí Minh,Phường Vũng Tàu,10.3537998,107.0743549,52,Moderate,1,29.4,56,0.0,18.0,116,1011.5,4,8.4,11.8,214.0,3.7,94.0,1.8
2026-04-03 10:00:00,2026,4,3,10,Hồ Chí Minh,Phường Vũng Tàu,10.3537998,107.0743549,51,Moderate,1,30.0,54,0.0,17.1,116,1011.2,1,9.1,12.9,205.0,2.8,99.0,1.7
2026-04-03 11:00:00,2026,4,3,11,Hồ Chí Minh,Phường Vũng Tàu,10.3537998,107.0743549,50,Good,0,30.6,51,0.0,16.9,118,1010.6,2,9.5,13.6,204.0,2.3,102.0,1.6
2026-04-03 12:00:00,2026,4,3,12,Hồ Chí Minh,Phường Vũng Tàu,10.3537998,107.0743549,49,Good,0,30.9,50,0.0,16.5,124,1009.6,2,9.7,13.8,206.0,2.1,104.0,1.5
2026-04-03 13:00:00,2026,4,3,13,Hồ Chí Minh,Phường Vũng Tàu,10.3537998,107.0743549,47,Good,0,29.9,52,0.0,14.1,132,1009.1,45,9.7,13.9,209.0,2.1,105.0,1.4
2026-04-03 14:00:00,2026,4,3,14,Hồ Chí Minh,Phường Vũng Tàu,10.3537998,107.0743549,45,Good,0,30.2,50,0.0,14.1,146,1008.5,49,9.6,13.8,211.0,2.2,104.0,1.4
2026-04-03 15:00:00,2026,4,3,15,Hồ Chí Minh,Phường Vũng Tàu,10.3537998,107.0743549,45,Good,0,29.8,52,0.0,15.2,156,1007.8,1,9.7,13.8,212.0,2.6,101.0,1.4
2026-04-03 16:00:00,2026,4,3,16,Hồ Chí Minh,Phường Vũng Tàu,10.3537998,107.0743549,46,Good,0,29.5,53,0.0,15.4,159,1007.3,27,9.4,13.4,214.0,3.2,97.0,1.5
2026-04-03 17:00:00,2026,4,3,17,Hồ Chí Minh,Phường Vũng Tàu,10.3537998,107.0743549,47,Good,0,28.2,59,0.0,16.6,162,1007.3,28,9.2,13.1,217.0,4.4,91.0,1.6
2026-04-03 18:00:00,2026,4,3,18,Hồ Chí Minh,Phường Vũng Tàu,10.3537998,107.0743549,47,Good,0,27.6,62,0.0,15.4,159,1007.6,42,9.1,12.8,220.0,6.0,84.0,1.8
2026-04-03 19:00:00,2026,4,3,19,Hồ Chí Minh,Phường Vũng Tàu,10.3537998,107.0743549,46,Good,0,27.8,65,0.0,15.7,167,1008.2,12,10.6,15.2,221.0,7.2,74.0,1.9
2026-04-03 20:00:00,2026,4,3,20,Hồ Chí Minh,Phường Vũng Tàu,10.3537998,107.0743549,44,Good,0,27.7,66,0.0,15.3,168,1009.1,8,10.3,14.6,219.0,6.9,74.0,1.8
2026-04-03 21:00:00,2026,4,3,21,Hồ Chí Minh,Phường Vũng Tàu,10.3537998,107.0743549,42,Good,0,27.5,68,0.0,15.7,164,1009.5,0,10.2,14.4,215.0,6.5,73.0,1.8
2026-04-03 22:00:00,2026,4,3,22,Hồ Chí Minh,Phường Vũng Tàu,10.3537998,107.0743549,40,Good,0,27.3,70,0.0,14.7,161,1009.6,0,10.2,14.3,210.0,6.2,73.0,1.7
2026-04-03 23:00:00,2026,4,3,23,Hồ Chí Minh,Phường Vũng Tàu,10.3537998,107.0743549,39,Good,0,27.0,71,0.0,13.2,160,1009.4,0,10.1,14.1,202.0,6.1,73.0,1.6
2026-04-04 00:00:00,2026,4,4,0,Hồ Chí Minh,Phường Vũng Tàu,10.3537998,107.0743549,38,Good,0,26.8,72,0.0,10.7,157,1009.0,27,9.8,13.8,192.0,6.2,73.0,1.6
2026-04-04 01:00:00,2026,4,4,1,Hồ Chí Minh,Phường Vũng Tàu,10.3537998,107.0743549,38,Good,0,26.4,76,0.0,10.0,152,1008.5,70,9.8,13.7,184.0,6.3,73.0,1.5
2026-04-04 02:00:00,2026,4,4,2,Hồ Chí Minh,Phường Vũng Tàu,10.3537998,107.0743549,38,Good,0,26.2,77,0.0,8.1,156,1008.0,99,9.9,13.8,175.0,6.4,73.0,1.5
2026-04-04 03:00:00,2026,4,4,3,Hồ Chí Minh,Phường Vũng Tàu,10.3537998,107.0743549,39,Good,0,26.0,78,0.0,6.6,163,1007.5,98,9.9,13.8,168.0,6.6,73.0,1.4
2026-04-04 04:00:00,2026,4,4,4,Hồ Chí Minh,Phường Vũng Tàu,10.3537998,107.0743549,39,Good,0,25.7,80,0.0,6.3,156,1007.4,91,10.0,13.8,175.0,6.8,72.0,1.5
2026-04-04 05:00:00,2026,4,4,5,Hồ Chí Minh,Phường Vũng Tàu,10.3537998,107.0743549,39,Good,0,25.5,81,0.0,5.4,146,1007.6,59,10.1,13.9,211.0,7.0,70.0,1.7
2026-04-04 06:00:00,2026,4,4,6,Hồ Chí Minh,Phường Vũng Tàu,10.3537998,107.0743549,40,Good,0,24.8,84,0.0,4.1,128,1008.1,49,10.5,14.3,261.0,7.3,68.0,1.9
2026-04-04 07:00:00,2026,4,4,7,Hồ Chí Minh,Phường Vũng Tàu,10.3537998,107.0743549,40,Good,0,26.9,79,0.0,6.2,116,1008.5,75,12.9,17.0,289.0,13.5,62.0,3.4
2026-04-04 08:00:00,2026,4,4,8,Hồ Chí Minh,Phường Vũng Tàu,10.3537998,107.0743549,41,Good,0,28.2,71,0.0,7.4,135,1009.3,81,12.7,17.4,274.0,11.4,69.0,3.3
2026-04-04 09:00:00,2026,4,4,9,Hồ Chí Minh,Phường Vũng Tàu,10.3537998,107.0743549,42,Good,0,29.4,63,0.0,6.2,154,1010.0,98,13.5,18.8,238.0,8.5,78.0,3.3
2026-04-04 10:00:00,2026,4,4,10,Hồ Chí Minh,Phường Vũng Tàu,10.3537998,107.0743549,43,Good,0,30.1,59,0.0,5.6,184,1010.0,94,14.9,21.0,210.0,6.1,87.0,3.1
2026-04-04 11:00:00,2026,4,4,11,Hồ Chí Minh,Phường Vũng Tàu,10.3537998,107.0743549,44,Good,0,30.9,56,0.0,8.8,203,1009.6,100,16.3,23.2,203.0,4.7,95.0,2.8
2026-04-04 12:00:00,2026,4,4,12,Hồ Chí Minh,Phường Vũng Tàu,10.3537998,107.0743549,45,Good,0,31.3,54,0.0,11.1,197,1008.7,98,16.4,23.3,204.0,3.7,102.0,2.5
2026-04-04 13:00:00,2026,4,4,13,Hồ Chí Minh,Phường Vũng Tàu,10.3537998,107.0743549,46,Good,0,30.9,57,0.0,13.7,181,1007.9,81,15.3,21.8,205.0,3.2,105.0,2.2
2026-04-04 14:00:00,2026,4,4,14,Hồ Chí Minh,Phường Vũng Tàu,10.3537998,107.0743549,47,Good,0,30.8,58,0.0,16.9,173,1006.7,68,13.5,19.3,203.0,3.0,100.0,2.0
2026-04-04 15:00:00,2026,4,4,15,Hồ Chí Minh,Phường Vũng Tàu,10.3537998,107.0743549,48,Good,0,30.1,60,0.0,18.6,178,1006.0,18,11.9,16.9,201.0,3.3,90.0,1.8
2026-04-04 16:00:00,2026,4,4,16,Hồ Chí Minh,Phường Vũng Tàu,10.3537998,107.0743549,48,Good,0,29.5,63,0.0,19.7,176,1005.9,38,10.8,15.4,200.0,3.8,82.0,1.7
2026-04-04 17:00:00,2026,4,4,17,Hồ Chí Minh,Phường Vũng Tàu,10.3537998,107.0743549,48,Good,0,29.0,65,0.0,18.1,175,1005.6,15,10.2,14.5,201.0,4.9,77.0,1.7
2026-04-04 18:00:00,2026,4,4,18,Hồ Chí Minh,Phường Vũng Tàu,10.3537998,107.0743549,48,Good,0,28.1,74,0.0,17.3,167,1005.8,12,10.0,14.2,203.0,6.2,73.0,1.7
2026-04-04 19:00:00,2026,4,4,19,Hồ Chí Minh,Phường Vũng Tàu,10.3537998,107.0743549,49,Good,0,28.0,74,0.0,16.9,172,1005.8,67,10.7,15.0,203.0,7.7,69.0,1.8
2026-04-04 20:00:00,2026,4,4,20,Hồ Chí Minh,Phường Vũng Tàu,10.3537998,107.0743549,49,Good,0,27.9,77,0.0,16.9,173,1006.6,55,10.9,15.4,197.0,7.5,70.0,1.8
2026-04-04 21:00:00,2026,4,4,21,Hồ Chí Minh,Phường Vũng Tàu,10.3537998,107.0743549,49,Good,0,27.8,78,0.0,15.9,174,1007.1,20,11.3,15.8,189.0,7.2,70.0,1.8
2026-04-04 22:00:00,2026,4,4,22,Hồ Chí Minh,Phường Vũng Tàu,10.3537998,107.0743549,49,Good,0,27.5,81,0.0,13.4,175,1007.7,32,11.6,16.2,182.0,6.9,71.0,1.8
2026-04-04 23:00:00,2026,4,4,23,Hồ Chí Minh,Phường Vũng Tàu,10.3537998,107.0743549,49,Good,0,27.3,82,0.0,12.3,176,1007.9,16,11.8,16.5,179.0,6.8,71.0,1.7
2026-04-05 00:00:00,2026,4,5,0,Hồ Chí Minh,Phường Vũng Tàu,10.3537998,107.0743549,49,Good,0,27.1,83,0.0,11.2,169,1007.6,55,11.6,16.4,178.0,6.7,71.0,1.6
2026-04-05 01:00:00,2026,4,5,1,Hồ Chí Minh,Phường Vũng Tàu,10.3537998,107.0743549,50,Good,0,26.9,87,0.0,11.2,162,1007.2,96,11.7,16.4,176.0,6.7,71.0,1.5
2026-04-05 02:00:00,2026,4,5,2,Hồ Chí Minh,Phường Vũng Tàu,10.3537998,107.0743549,50,Good,0,26.8,89,0.0,11.5,160,1006.4,62,11.8,16.5,171.0,6.6,71.0,1.4
2026-04-05 03:00:00,2026,4,5,3,Hồ Chí Minh,Phường Vũng Tàu,10.3537998,107.0743549,50,Good,0,26.5,89,0.0,10.2,162,1005.7,21,12.0,16.6,166.0,6.6,72.0,1.4
2026-04-05 04:00:00,2026,4,5,4,Hồ Chí Minh,Phường Vũng Tàu,10.3537998,107.0743549,50,Good,0,26.4,90,0.0,8.7,166,1005.8,22,12.2,17.0,168.0,6.7,72.0,1.5
2026-04-05 05:00:00,2026,4,5,5,Hồ Chí Minh,Phường Vũng Tàu,10.3537998,107.0743549,51,Moderate,1,26.4,90,0.0,8.4,170,1006.6,30,12.7,17.5,186.0,7.4,71.0,1.9
2026-04-05 06:00:00,2026,4,5,6,Hồ Chí Minh,Phường Vũng Tàu,10.3537998,107.0743549,51,Moderate,1,26.4,90,0.0,7.8,165,1007.0,27,13.3,18.2,213.0,8.3,70.0,2.6
2026-04-05 07:00:00,2026,4,5,7,Hồ Chí Minh,Phường Vũng Tàu,10.3537998,107.0743549,51,Moderate,1,27.4,84,0.0,9.1,162,1007.9,15,13.9,18.4,229.0,12.3,66.0,3.7
2026-04-05 08:00:00,2026,4,5,8,Hồ Chí Minh,Phường Vũng Tàu,10.3537998,107.0743549,51,Moderate,1,28.5,77,0.0,9.7,164,1008.6,20,13.0,18.0,226.0,10.3,73.0,3.5
2026-04-05 09:00:00,2026,4,5,9,Hồ Chí Minh,Phường Vũng Tàu,10.3537998,107.0743549,51,Moderate,1,29.5,70,0.0,10.3,173,1009.1,16,13.7,19.3,213.0,7.6,82.0,3.3
2026-04-05 10:00:00,2026,4,5,10,Hồ Chí Minh,Phường Vũng Tàu,10.3537998,107.0743549,51,Moderate,1,30.4,63,0.0,10.5,185,1009.1,45,14.4,20.3,202.0,5.3,90.0,3.0
2026-04-05 11:00:00,2026,4,5,11,Hồ Chí Minh,Phường Vũng Tàu,10.3537998,107.0743549,51,Moderate,1,31.0,60,0.0,12.3,194,1009.2,73,14.3,20.3,198.0,4.0,96.0,2.6
2026-04-05 12:00:00,2026,4,5,12,Hồ Chí Minh,Phường Vũng Tàu,10.3537998,107.0743549,51,Moderate,1,31.0,62,0.0,14.2,193,1008.7,78,13.8,19.4,196.0,3.1,101.0,2.2
2026-04-05 13:00:00,2026,4,5,13,Hồ Chí Minh,Phường Vũng Tàu,10.3537998,107.0743549,51,Moderate,1,30.7,62,0.0,13.7,184,1007.7,5,12.7,17.9,195.0,2.7,103.0,1.9
2026-04-05 14:00:00,2026,4,5,14,Hồ Chí Minh,Phường Vũng Tàu,10.3537998,107.0743549,51,Moderate,1,31.0,62,0.0,17.2,175,1006.8,13,12.0,16.7,195.0,2.7,100.0,1.7
2026-04-05 15:00:00,2026,4,5,15,Hồ Chí Minh,Phường Vũng Tàu,10.3537998,107.0743549,50,Good,0,30.3,64,0.0,19.3,171,1006.3,1,11.5,16.1,195.0,3.0,93.0,1.6
2026-04-05 16:00:00,2026,4,5,16,Hồ Chí Minh,Phường Vũng Tàu,10.3537998,107.0743549,50,Good,0,29.6,67,0.0,18.4,171,1005.9,2,11.4,15.9,196.0,3.6,87.0,1.5
2026-04-05 17:00:00,2026,4,5,17,Hồ Chí Minh,Phường Vũng Tàu,10.3537998,107.0743549,50,Good,0,29.0,71,0.0,17.9,171,1005.8,2,11.5,16.0,197.0,4.6,82.0,1.5
2026-04-05 18:00:00,2026,4,5,18,Hồ Chí Minh,Phường Vũng Tàu,10.3537998,107.0743549,51,Moderate,1,27.9,77,0.0,16.0,168,1006.0,2,11.5,15.9,197.0,5.9,78.0,1.6
2026-04-05 19:00:00,2026,4,5,19,Hồ Chí Minh,Phường Vũng Tàu,10.3537998,107.0743549,51,Moderate,1,27.6,79,0.0,15.6,165,1006.5,2,11.0,15.1,196.0,6.5,71.0,1.7
2026-04-05 20:00:00,2026,4,5,20,Hồ Chí Minh,Phường Vũng Tàu,10.3537998,107.0743549,51,Moderate,1,27.5,79,0.0,15.4,163,1007.3,0,11.3,15.7,191.0,6.4,71.0,1.7
2026-04-05 21:00:00,2026,4,5,21,Hồ Chí Minh,Phường Vũng Tàu,10.3537998,107.0743549,51,Moderate,1,27.4,79,0.0,15.1,158,1008.0,0,11.7,16.2,184.0,6.3,72.0,1.8
2026-04-05 22:00:00,2026,4,5,22,Hồ Chí Minh,Phường Vũng Tàu,10.3537998,107.0743549,51,Moderate,1,27.1,81,0.0,15.9,157,1008.9,2,12.0,16.6,178.0,6.1,73.0,1.8
2026-04-05 23:00:00,2026,4,5,23,Hồ Chí Minh,Phường Vũng Tàu,10.3537998,107.0743549,51,Moderate,1,27.0,81,0.0,16.2,161,1009.1,2,12.1,16.8,172.0,5.7,75.0,1.7
2026-04-06 00:00:00,2026,4,6,0,Hồ Chí Minh,Phường Vũng Tàu,10.3537998,107.0743549,51,Moderate,1,26.8,82,0.0,15.6,169,1008.7,9,12.1,16.9,166.0,5.1,78.0,1.4
2026-04-06 01:00:00,2026,4,6,1,Hồ Chí Minh,Phường Vũng Tàu,10.3537998,107.0743549,51,Moderate,1,26.6,84,0.0,13.8,173,1008.2,7,12.4,17.2,163.0,4.8,80.0,1.3
2026-04-06 02:00:00,2026,4,6,2,Hồ Chí Minh,Phường Vũng Tàu,10.3537998,107.0743549,51,Moderate,1,26.6,83,0.0,13.5,171,1007.8,12,12.8,17.8,161.0,4.7,81.0,1.3
2026-04-06 03:00:00,2026,4,6,3,Hồ Chí Minh,Phường Vũng Tàu,10.3537998,107.0743549,51,Moderate,1,26.5,83,0.0,12.1,173,1007.6,20,13.2,18.2,160.0,4.9,82.0,1.3
2026-04-06 04:00:00,2026,4,6,4,Hồ Chí Minh,Phường Vũng Tàu,10.3537998,107.0743549,51,Moderate,1,26.5,82,0.0,11.4,173,1007.8,19,13.5,18.6,167.0,5.1,83.0,1.4
2026-04-06 05:00:00,2026,4,6,5,Hồ Chí Minh,Phường Vũng Tàu,10.3537998,107.0743549,51,Moderate,1,26.5,82,0.0,11.7,170,1008.5,10,13.9,18.9,188.0,5.7,84.0,1.6
2026-04-06 06:00:00,2026,4,6,6,Hồ Chí Minh,Phường Vũng Tàu,10.3537998,107.0743549,51,Moderate,1,26.4,82,0.0,10.1,160,1008.9,7,14.3,19.4,216.0,6.3,85.0,1.9
2026-04-06 07:00:00,2026,4,6,7,Hồ Chí Minh,Phường Vũng Tàu,10.3537998,107.0743549,51,Moderate,1,27.6,76,0.0,10.3,161,1009.6,9,14.6,20.0,233.0,5.5,89.0,1.8
2026-04-06 08:00:00,2026,4,6,8,Hồ Chí Minh,Phường Vũng Tàu,10.3537998,107.0743549,51,Moderate,1,28.8,69,0.0,11.5,163,1010.3,41,14.5,20.1,226.0,4.8,94.0,1.8
2026-04-06 09:00:00,2026,4,6,9,Hồ Chí Minh,Phường Vũng Tàu,10.3537998,107.0743549,52,Moderate,1,29.8,63,0.0,12.5,164,1010.6,43,15.0,20.8,208.0,3.7,101.0,1.7
2026-04-06 10:00:00,2026,4,6,10,Hồ Chí Minh,Phường Vũng Tàu,10.3537998,107.0743549,52,Moderate,1,30.3,62,0.0,13.0,170,1010.3,15,15.6,21.8,194.0,2.9,106.0,1.7
2026-04-06 11:00:00,2026,4,6,11,Hồ Chí Minh,Phường Vũng Tàu,10.3537998,107.0743549,52,Moderate,1,30.8,61,0.0,13.5,176,1010.2,10,16.1,22.4,191.0,2.5,109.0,1.6
2026-04-06 12:00:00,2026,4,6,12,Hồ Chí Minh,Phường Vũng Tàu,10.3537998,107.0743549,52,Moderate,1,31.0,59,0.0,13.9,182,1009.5,10,16.2,22.6,192.0,2.3,110.0,1.6
2026-04-06 13:00:00,2026,4,6,13,Hồ Chí Minh,Phường Vũng Tàu,10.3537998,107.0743549,52,Moderate,1,30.7,58,0.0,13.8,191,1009.2,11,15.9,22.1,193.0,2.3,110.0,1.5
2026-04-06 14:00:00,2026,4,6,14,Hồ Chí Minh,Phường Vũng Tàu,10.3537998,107.0743549,52,Moderate,1,31.0,57,0.0,14.5,186,1008.3,0,15.5,21.4,193.0,2.5,107.0,1.5
2026-04-06 15:00:00,2026,4,6,15,Hồ Chí Minh,Phường Vũng Tàu,10.3537998,107.0743549,53,Moderate,1,30.6,59,0.0,16.6,178,1007.6,0,15.0,20.7,194.0,2.9,103.0,1.5
2026-04-06 16:00:00,2026,4,6,16,Hồ Chí Minh,Phường Vũng Tàu,10.3537998,107.0743549,53,Moderate,1,30.0,61,0.0,17.5,175,1007.3,0,14.7,20.0,194.0,3.5,98.0,1.5
2026-04-06 17:00:00,2026,4,6,17,Hồ Chí Minh,Phường Vũng Tàu,10.3537998,107.0743549,53,Moderate,1,29.4,64,0.0,17.2,175,1007.2,0,14.2,19.3,195.0,4.5,93.0,1.5
2026-04-06 18:00:00,2026,4,6,18,Hồ Chí Minh,Phường Vũng Tàu,10.3537998,107.0743549,54,Moderate,1,28.5,69,0.0,15.4,174,1007.5,0,13.9,18.6,196.0,5.8,89.0,1.6
2026-04-06 19:00:00,2026,4,6,19,Hồ Chí Minh,Phường Vũng Tàu,10.3537998,107.0743549,54,Moderate,1,28.2,75,0.0,16.3,173,1007.7,0,15.2,20.0,195.0,6.4,81.0,1.6
2026-04-06 20:00:00,2026,4,6,20,Hồ Chí Minh,Phường Vũng Tàu,10.3537998,107.0743549,54,Moderate,1,28.2,76,0.0,17.4,170,1008.3,0,15.4,20.3,191.0,6.2,83.0,1.6
2026-04-06 21:00:00,2026,4,6,21,Hồ Chí Minh,Phường Vũng Tàu,10.3537998,107.0743549,55,Moderate,1,28.1,75,0.0,17.9,174,1009.0,0,15.7,20.6,185.0,5.9,85.0,1.6
2026-04-06 22:00:00,2026,4,6,22,Hồ Chí Minh,Phường Vũng Tàu,10.3537998,107.0743549,55,Moderate,1,28.0,77,0.0,18.6,177,1009.5,0,15.8,20.8,179.0,5.5,87.0,1.5
2026-04-06 23:00:00,2026,4,6,23,Hồ Chí Minh,Phường Vũng Tàu,10.3537998,107.0743549,55,Moderate,1,27.9,79,0.0,20.2,181,1009.9,0,15.7,20.6,173.0,5.0,88.0,1.4
2026-04-07 00:00:00,2026,4,7,0,Hồ Chí Minh,Phường Vũng Tàu,10.3537998,107.0743549,56,Moderate,1,27.8,80,0.0,21.1,189,1009.7,4,15.4,20.3,166.0,4.3,89.0,1.2
2026-04-07 01:00:00,2026,4,7,1,Hồ Chí Minh,Phường Vũng Tàu,10.3537998,107.0743549,56,Moderate,1,27.6,82,0.0,20.7,191,1009.3,13,15.4,20.3,162.0,3.9,90.0,1.1
2026-04-07 02:00:00,2026,4,7,2,Hồ Chí Minh,Phường Vũng Tàu,10.3537998,107.0743549,56,Moderate,1,27.5,81,0.0,19.3,192,1008.7,12,15.7,20.5,158.0,3.7,90.0,1.1
2026-04-07 03:00:00,2026,4,7,3,Hồ Chí Minh,Phường Vũng Tàu,10.3537998,107.0743549,56,Moderate,1,27.5,81,0.0,17.5,200,1008.5,16,16.1,21.0,156.0,3.7,90.0,1.1
2026-04-07 04:00:00,2026,4,7,4,Hồ Chí Minh,Phường Vũng Tàu,10.3537998,107.0743549,57,Moderate,1,27.5,81,0.1,16.1,214,1008.5,17,16.9,21.7,162.0,4.0,89.0,1.3
2026-04-07 05:00:00,2026,4,7,5,Hồ Chí Minh,Phường Vũng Tàu,10.3537998,107.0743549,57,Moderate,1,27.5,79,0.0,15.1,225,1009.0,34,17.3,22.1,182.0,4.9,87.0,1.7
2026-04-07 06:00:00,2026,4,7,6,Hồ Chí Minh,Phường Vũng Tàu,10.3537998,107.0743549,57,Moderate,1,27.5,79,0.0,13.4,237,1009.4,31,18.2,22.8,209.0,6.1,85.0,2.3
2026-04-07 07:00:00,2026,4,7,7,Hồ Chí Minh,Phường Vũng Tàu,10.3537998,107.0743549,58,Moderate,1,27.9,77,0.0,12.2,245,1010.3,51,19.2,23.3,228.0,6.8,85.0,2.6
2026-04-07 08:00:00,2026,4,7,8,Hồ Chí Minh,Phường Vũng Tàu,10.3537998,107.0743549,58,Moderate,1,28.8,72,0.1,11.4,254,1011.1,36,19.0,23.3,229.0,6.1,91.0,2.7
2026-04-07 09:00:00,2026,4,7,9,Hồ Chí Minh,Phường Vũng Tàu,10.3537998,107.0743549,58,Moderate,1,29.5,67,0.0,10.9,258,1011.4,35,20.2,25.0,222.0,5.1,100.0,2.7
2026-04-07 10:00:00,2026,4,7,10,Hồ Chí Minh,Phường Vũng Tàu,10.3537998,107.0743549,59,Moderate,1,30.4,61,0.0,10.4,247,1011.4,12,20.9,25.9,216.0,4.2,109.0,2.7
2026-04-07 11:00:00,2026,4,7,11,Hồ Chí Minh,Phường Vũng Tàu,10.3537998,107.0743549,59,Moderate,1,30.9,58,0.0,11.2,226,1011.2,1,21.4,26.2,216.0,3.5,117.0,2.5
2026-04-07 12:00:00,2026,4,7,12,Hồ Chí Minh,Phường Vũng Tàu,10.3537998,107.0743549,60,Moderate,1,31.6,52,0.0,11.4,206,1010.3,52,20.8,25.0,218.0,2.9,125.0,2.3
2026-04-07 13:00:00,2026,4,7,13,Hồ Chí Minh,Phường Vũng Tàu,10.3537998,107.0743549,60,Moderate,1,32.0,52,0.0,12.2,200,1009.2,89,20.0,24.0,221.0,2.6,128.0,2.1
2026-04-07 14:00:00,2026,4,7,14,Hồ Chí Minh,Phường Vũng Tàu,10.3537998,107.0743549,61,Moderate,1,32.2,54,0.0,16.7,181,1008.2,96,19.2,23.1,224.0,2.7,124.0,1.9
2026-04-07 15:00:00,2026,4,7,15,Hồ Chí Minh,Phường Vũng Tàu,10.3537998,107.0743549,61,Moderate,1,31.0,60,0.0,20.1,174,1007.4,98,17.9,21.8,228.0,3.1,115.0,1.7
2026-04-07 16:00:00,2026,4,7,16,Hồ Chí Minh,Phường Vũng Tàu,10.3537998,107.0743549,61,Moderate,1,30.3,63,0.0,19.5,178,1007.1,95,16.6,20.4,230.0,3.7,106.0,1.6
2026-04-07 17:00:00,2026,4,7,17,Hồ Chí Minh,Phường Vũng Tàu,10.3537998,107.0743549,63,Moderate,1,29.6,66,0.0,18.2,183,1007.2,95,15.6,19.4,230.0,4.8,98.0,1.5
2026-04-07 18:00:00,2026,4,7,18,Hồ Chí Minh,Phường Vũng Tàu,10.3537998,107.0743549,63,Moderate,1,28.9,71,0.0,17.9,185,1007.4,100,15.0,18.7,229.0,6.1,90.0,1.5
2026-04-07 19:00:00,2026,4,7,19,Hồ Chí Minh,Phường Vũng Tàu,10.3537998,107.0743549,62,Moderate,1,28.6,78,0.0,15.3,180,1007.5,95,18.6,23.2,225.0,7.6,82.0,1.7
2026-04-07 20:00:00,2026,4,7,20,Hồ Chí Minh,Phường Vũng Tàu,10.3537998,107.0743549,62,Moderate,1,28.4,79,0.0,16.7,182,1008.1,87,17.9,22.5,218.0,7.2,82.0,1.7
2026-04-07 21:00:00,2026,4,7,21,Hồ Chí Minh,Phường Vũng Tàu,10.3537998,107.0743549,62,Moderate,1,28.1,82,0.0,17.3,181,1008.1,99,17.5,22.2,209.0,6.7,83.0,1.7
2026-04-07 22:00:00,2026,4,7,22,Hồ Chí Minh,Phường Vũng Tàu,10.3537998,107.0743549,62,Moderate,1,28.0,84,0.0,17.0,184,1008.6,32,17.2,22.0,201.0,6.2,83.0,1.7
2026-04-07 23:00:00,2026,4,7,23,Hồ Chí Minh,Phường Vũng Tàu,10.3537998,107.0743549,62,Moderate,1,27.9,85,0.0,17.1,189,1008.8,13,16.9,21.7,194.0,5.6,83.0,1.6
2026-04-08 00:00:00,2026,4,8,0,Hồ Chí Minh,Phường Vũng Tàu,10.3537998,107.0743549,62,Moderate,1,27.7,88,0.0,16.7,191,1008.6,23,16.5,21.2,188.0,5.1,82.0,1.4
2026-04-08 01:00:00,2026,4,8,1,Hồ Chí Minh,Phường Vũng Tàu,10.3537998,107.0743549,63,Moderate,1,27.7,89,0.0,15.5,192,1008.2,87,16.2,21.0,184.0,4.6,82.0,1.3
2026-04-08 02:00:00,2026,4,8,2,Hồ Chí Minh,Phường Vũng Tàu,10.3537998,107.0743549,63,Moderate,1,27.6,89,0.1,15.2,193,1008.1,24,16.1,20.9,179.0,4.2,82.0,1.2
2026-04-08 03:00:00,2026,4,8,3,Hồ Chí Minh,Phường Vũng Tàu,10.3537998,107.0743549,63,Moderate,1,27.4,90,0.1,16.3,191,1008.1,21,15.9,20.5,176.0,4.0,83.0,1.2
2026-04-08 04:00:00,2026,4,8,4,Hồ Chí Minh,Phường Vũng Tàu,10.3537998,107.0743549,63,Moderate,1,27.4,89,0.1,16.0,188,1008.3,25,15.5,19.9,187.0,4.1,83.0,1.3
2026-04-08 05:00:00,2026,4,8,5,Hồ Chí Minh,Phường Vũng Tàu,10.3537998,107.0743549,63,Moderate,1,27.2,87,0.3,11.8,193,1008.9,26,15.7,19.8,225.0,4.8,82.0,1.6
2026-04-08 06:00:00,2026,4,8,6,Hồ Chí Minh,Phường Vũng Tàu,10.3537998,107.0743549,62,Moderate,1,27.1,88,0.1,10.5,207,1009.3,22,16.1,20.2,276.0,5.8,81.0,2.0
2026-04-08 07:00:00,2026,4,8,7,Hồ Chí Minh,Phường Vũng Tàu,10.3537998,107.0743549,62,Moderate,1,27.0,88,0.6,10.0,232,1009.9,81,18.9,23.5,312.0,6.4,83.0,2.3
2026-04-08 08:00:00,2026,4,8,8,Hồ Chí Minh,Phường Vũng Tàu,10.3537998,107.0743549,62,Moderate,1,28.5,80,0.1,6.7,196,1010.8,86,19.4,24.2,319.0,5.9,88.0,2.5
2026-04-08 09:00:00,2026,4,8,9,Hồ Chí Minh,Phường Vũng Tàu,10.3537998,107.0743549,62,Moderate,1,29.4,74,0.4,9.0,193,1011.4,30,19.9,25.1,310.0,5.3,95.0,2.6
2026-04-08 10:00:00,2026,4,8,10,Hồ Chí Minh,Phường Vũng Tàu,10.3537998,107.0743549,62,Moderate,1,30.1,71,0.3,10.0,195,1011.1,31,20.5,25.9,296.0,4.6,101.0,2.7
2026-04-08 11:00:00,2026,4,8,11,Hồ Chí Minh,Phường Vũng Tàu,10.3537998,107.0743549,62,Moderate,1,30.8,67,0.2,10.8,191,1011.1,29,19.9,25.1,278.0,3.8,105.0,2.5
2026-04-08 12:00:00,2026,4,8,12,Hồ Chí Minh,Phường Vũng Tàu,10.3537998,107.0743549,62,Moderate,1,31.1,66,0.2,12.6,185,1010.4,37,19.0,24.0,255.0,3.0,107.0,2.1
2026-04-08 13:00:00,2026,4,8,13,Hồ Chí Minh,Phường Vũng Tàu,10.3537998,107.0743549,62,Moderate,1,30.7,69,0.3,13.2,191,1009.5,29,18.0,22.8,237.0,2.5,107.0,1.8
2026-04-08 14:00:00,2026,4,8,14,Hồ Chí Minh,Phường Vũng Tàu,10.3537998,107.0743549,62,Moderate,1,30.4,72,0.0,15.1,181,1008.6,13,17.5,21.9,228.0,2.6,103.0,1.6
2026-04-08 15:00:00,2026,4,8,15,Hồ Chí Minh,Phường Vũng Tàu,10.3537998,107.0743549,62,Moderate,1,30.1,72,0.0,17.6,172,1007.8,12,17.4,21.8,224.0,3.1,96.0,1.5
2026-04-08 16:00:00,2026,4,8,16,Hồ Chí Minh,Phường Vũng Tàu,10.3537998,107.0743549,62,Moderate,1,29.9,73,0.0,20.1,171,1007.5,6,17.8,22.1,221.0,3.7,91.0,1.5
2026-04-08 17:00:00,2026,4,8,17,Hồ Chí Minh,Phường Vũng Tàu,10.3537998,107.0743549,62,Moderate,1,29.0,77,0.0,20.7,169,1007.8,6,18.5,22.8,218.0,4.6,88.0,1.6
2026-04-08 18:00:00,2026,4,8,18,Hồ Chí Minh,Phường Vũng Tàu,10.3537998,107.0743549,62,Moderate,1,28.4,79,0.0,19.0,170,1008.4,2,19.4,23.7,217.0,5.6,86.0,1.8
2026-04-08 19:00:00,2026,4,8,19,Hồ Chí Minh,Phường Vũng Tàu,10.3537998,107.0743549,62,Moderate,1,28.6,80,0.0,16.4,171,1008.7,15,19.3,23.6,214.0,6.5,78.0,1.9
2026-04-08 20:00:00,2026,4,8,20,Hồ Chí Minh,Phường Vũng Tàu,10.3537998,107.0743549,62,Moderate,1,28.4,82,0.0,16.2,163,1009.2,8,19.0,23.5,209.0,6.2,81.0,1.9
2026-04-08 21:00:00,2026,4,8,21,Hồ Chí Minh,Phường Vũng Tàu,10.3537998,107.0743549,62,Moderate,1,28.2,81,0.0,15.9,153,1009.6,12,18.9,23.5,203.0,5.8,85.0,1.9
2026-04-08 22:00:00,2026,4,8,22,Hồ Chí Minh,Phường Vũng Tàu,10.3537998,107.0743549,63,Moderate,1,28.0,82,0.0,16.5,146,1010.0,9,18.6,23.3,196.0,5.4,89.0,1.8
2026-04-08 23:00:00,2026,4,8,23,Hồ Chí Minh,Phường Vũng Tàu,10.3537998,107.0743549,63,Moderate,1,27.8,84,0.0,16.9,145,1010.3,13,18.3,23.1,187.0,5.1,92.0,1.7
2026-04-09 00:00:00,2026,4,9,0,Hồ Chí Minh,Phường Vũng Tàu,10.3537998,107.0743549,63,Moderate,1,27.5,85,0.0,15.7,142,1009.8,17,17.8,22.6,176.0,4.9,95.0,1.6
2026-04-09 01:00:00,2026,4,9,1,Hồ Chí Minh,Phường Vũng Tàu,10.3537998,107.0743549,63,Moderate,1,27.1,89,0.0,14.4,138,1009.1,31,17.3,22.2,168.0,4.8,97.0,1.5
2026-04-09 02:00:00,2026,4,9,2,Hồ Chí Minh,Phường Vũng Tàu,10.3537998,107.0743549,63,Moderate,1,27.0,89,0.0,14.8,138,1008.7,27,16.9,21.9,162.0,4.8,97.0,1.5
2026-04-09 03:00:00,2026,4,9,3,Hồ Chí Minh,Phường Vũng Tàu,10.3537998,107.0743549,63,Moderate,1,26.9,89,0.0,15.3,136,1008.7,33,16.5,21.4,159.0,5.0,97.0,1.5
2026-04-09 04:00:00,2026,4,9,4,Hồ Chí Minh,Phường Vũng Tàu,10.3537998,107.0743549,63,Moderate,1,26.8,88,0.0,15.4,132,1008.7,20,16.0,20.8,162.0,5.1,96.0,1.6
2026-04-09 05:00:00,2026,4,9,5,Hồ Chí Minh,Phường Vũng Tàu,10.3537998,107.0743549,63,Moderate,1,26.7,86,0.0,14.9,133,1009.3,13,15.8,20.5,177.0,5.3,95.0,1.7
2026-04-09 06:00:00,2026,4,9,6,Hồ Chí Minh,Phường Vũng Tàu,10.3537998,107.0743549,63,Moderate,1,26.8,84,0.0,14.1,128,1010.0,20,15.8,20.4,197.0,5.6,95.0,1.7
2026-04-09 07:00:00,2026,4,9,7,Hồ Chí Minh,Phường Vũng Tàu,10.3537998,107.0743549,63,Moderate,1,27.9,79,0.0,15.5,118,1010.5,18,16.2,21.0,209.0,5.3,96.0,1.7
2026-04-09 08:00:00,2026,4,9,8,Hồ Chí Minh,Phường Vũng Tàu,10.3537998,107.0743549,63,Moderate,1,28.5,75,0.0,15.1,118,1011.6,41,16.5,21.4,203.0,4.6,101.0,1.7
2026-04-09 09:00:00,2026,4,9,9,Hồ Chí Minh,Phường Vũng Tàu,10.3537998,107.0743549,63,Moderate,1,29.3,69,0.0,15.7,122,1012.2,53,16.8,21.8,189.0,3.7,108.0,1.7
2026-04-09 10:00:00,2026,4,9,10,Hồ Chí Minh,Phường Vũng Tàu,10.3537998,107.0743549,62,Moderate,1,29.9,65,0.0,15.0,130,1012.2,8,17.0,22.1,177.0,2.9,114.0,1.7
2026-04-09 11:00:00,2026,4,9,11,Hồ Chí Minh,Phường Vũng Tàu,10.3537998,107.0743549,62,Moderate,1,30.4,61,0.0,14.8,141,1011.9,0,17.0,22.1,173.0,2.5,117.0,1.6
2026-04-09 12:00:00,2026,4,9,12,Hồ Chí Minh,Phường Vũng Tàu,10.3537998,107.0743549,62,Moderate,1,30.6,60,0.0,15.8,148,1011.2,2,16.9,21.9,172.0,2.3,119.0,1.6
2026-04-09 13:00:00,2026,4,9,13,Hồ Chí Minh,Phường Vũng Tàu,10.3537998,107.0743549,62,Moderate,1,30.2,63,0.0,15.2,151,1010.5,0,16.3,20.9,173.0,2.3,118.0,1.5
2026-04-09 14:00:00,2026,4,9,14,Hồ Chí Minh,Phường Vũng Tàu,10.3537998,107.0743549,61,Moderate,1,29.9,62,0.0,14.0,162,1009.7,0,15.5,20.0,175.0,2.4,114.0,1.4
2026-04-09 15:00:00,2026,4,9,15,Hồ Chí Minh,Phường Vũng Tàu,10.3537998,107.0743549,61,Moderate,1,29.8,61,0.0,13.8,167,1009.1,0,14.7,19.0,177.0,2.7,108.0,1.4
2026-04-09 16:00:00,2026,4,9,16,Hồ Chí Minh,Phường Vũng Tàu,10.3537998,107.0743549,61,Moderate,1,29.2,63,0.0,15.1,172,1008.7,0,14.0,18.0,180.0,3.3,102.0,1.4
2026-04-09 17:00:00,2026,4,9,17,Hồ Chí Minh,Phường Vũng Tàu,10.3537998,107.0743549,61,Moderate,1,28.7,65,0.0,14.6,171,1008.5,0,13.4,17.3,182.0,4.3,96.0,1.5
2026-04-09 18:00:00,2026,4,9,18,Hồ Chí Minh,Phường Vũng Tàu,10.3537998,107.0743549,60,Moderate,1,27.8,68,0.0,12.6,166,1008.8,0,13.0,16.8,183.0,5.5,89.0,1.6
2026-04-09 19:00:00,2026,4,9,19,Hồ Chí Minh,Phường Vũng Tàu,10.3537998,107.0743549,60,Moderate,1,27.9,73,0.0,13.2,163,1009.4,0,12.9,16.4,184.0,6.5,80.0,1.7
2026-04-09 20:00:00,2026,4,9,20,Hồ Chí Minh,Phường Vũng Tàu,10.3537998,107.0743549,59,Moderate,1,27.8,75,0.0,14.2,164,1009.9,0,12.6,16.1,185.0,6.7,80.0,1.8
2026-04-09 21:00:00,2026,4,9,21,Hồ Chí Minh,Phường Vũng Tàu,10.3537998,107.0743549,59,Moderate,1,27.5,76,0.0,14.9,161,1010.5,0,12.5,16.0,185.0,7.0,80.0,1.9
2026-04-09 22:00:00,2026,4,9,22,Hồ Chí Minh,Phường Vũng Tàu,10.3537998,107.0743549,58,Moderate,1,27.4,78,0.0,13.9,156,1010.8,2,12.5,16.0,181.0,7.0,80.0,1.9
2026-04-09 23:00:00,2026,4,9,23,Hồ Chí Minh,Phường Vũng Tàu,10.3537998,107.0743549,57,Moderate,1,27.2,78,0.0,13.9,149,1010.9,2,12.0,15.5,170.0,6.6,80.0,1.8
2026-04-10 00:00:00,2026,4,10,0,Hồ Chí Minh,Phường Vũng Tàu,10.3537998,107.0743549,57,Moderate,1,27.1,79,0.0,12.4,150,1010.9,5,11.2,14.8,156.0,6.0,81.0,1.6
2026-04-10 01:00:00,2026,4,10,1,Hồ Chí Minh,Phường Vũng Tàu,10.3537998,107.0743549,56,Moderate,1,26.9,77,0.0,9.8,157,1010.3,2,10.7,14.3,146.0,5.6,81.0,1.4
2026-04-10 02:00:00,2026,4,10,2,Hồ Chí Minh,Phường Vũng Tàu,10.3537998,107.0743549,56,Moderate,1,26.9,76,0.0,10.1,161,1010.1,4,10.3,13.8,142.0,5.5,80.0,1.3
2026-04-10 03:00:00,2026,4,10,3,Hồ Chí Minh,Phường Vũng Tàu,10.3537998,107.0743549,55,Moderate,1,26.7,76,0.0,9.6,164,1009.5,2,9.9,13.4,142.0,5.6,79.0,1.3
2026-04-10 04:00:00,2026,4,10,4,Hồ Chí Minh,Phường Vũng Tàu,10.3537998,107.0743549,55,Moderate,1,26.5,76,0.0,8.6,169,1009.7,2,9.6,13.0,148.0,5.8,78.0,1.4
2026-04-10 05:00:00,2026,4,10,5,Hồ Chí Minh,Phường Vũng Tàu,10.3537998,107.0743549,54,Moderate,1,26.4,77,0.0,8.9,174,1010.2,4,9.5,12.9,167.0,6.2,76.0,1.6
2026-04-10 06:00:00,2026,4,10,6,Hồ Chí Minh,Phường Vũng Tàu,10.3537998,107.0743549,53,Moderate,1,26.4,77,0.0,9.0,175,1010.9,4,9.4,12.7,192.0,6.7,75.0,1.9
2026-04-10 07:00:00,2026,4,10,7,Hồ Chí Minh,Phường Vũng Tàu,10.3537998,107.0743549,53,Moderate,1,27.8,73,0.0,9.6,163,1011.3,5,10.0,13.5,208.0,6.9,79.0,2.1
2026-04-10 08:00:00,2026,4,10,8,Hồ Chí Minh,Phường Vũng Tàu,10.3537998,107.0743549,52,Moderate,1,28.9,66,0.0,10.5,156,1012.1,6,9.7,13.4,204.0,6.0,83.0,2.1
2026-04-10 09:00:00,2026,4,10,9,Hồ Chí Minh,Phường Vũng Tàu,10.3537998,107.0743549,52,Moderate,1,29.8,61,0.0,10.4,160,1012.7,4,10.2,14.2,191.0,4.8,89.0,2.1
2026-04-10 10:00:00,2026,4,10,10,Hồ Chí Minh,Phường Vũng Tàu,10.3537998,107.0743549,51,Moderate,1,30.5,59,0.0,10.7,168,1012.5,9,10.6,14.8,180.0,3.9,94.0,2.1
2026-04-10 11:00:00,2026,4,10,11,Hồ Chí Minh,Phường Vũng Tàu,10.3537998,107.0743549,51,Moderate,1,30.9,57,0.0,12.3,174,1012.1,14,10.8,15.1,177.0,3.4,97.0,2.0
2026-04-10 12:00:00,2026,4,10,12,Hồ Chí Minh,Phường Vũng Tàu,10.3537998,107.0743549,50,Good,0,31.1,56,0.0,13.7,179,1011.5,98,10.4,14.3,177.0,3.2,99.0,2.0
2026-04-10 13:00:00,2026,4,10,13,Hồ Chí Minh,Phường Vũng Tàu,10.3537998,107.0743549,49,Good,0,30.6,55,0.0,13.5,176,1010.4,96,9.9,13.4,177.0,3.2,99.0,1.9
2026-04-10 14:00:00,2026,4,10,14,Hồ Chí Minh,Phường Vũng Tàu,10.3537998,107.0743549,48,Good,0,31.0,52,0.0,15.8,173,1009.3,99,9.3,12.5,177.0,3.4,96.0,1.9
2026-04-10 15:00:00,2026,4,10,15,Hồ Chí Minh,Phường Vũng Tàu,10.3537998,107.0743549,47,Good,0,30.5,54,0.0,16.7,172,1008.2,99,8.8,11.7,177.0,3.8,90.0,1.9
2026-04-10 16:00:00,2026,4,10,16,Hồ Chí Minh,Phường Vũng Tàu,10.3537998,107.0743549,46,Good,0,30.0,55,0.0,15.8,166,1007.6,91,8.3,11.1,179.0,4.5,85.0,1.9
2026-04-10 17:00:00,2026,4,10,17,Hồ Chí Minh,Phường Vũng Tàu,10.3537998,107.0743549,45,Good,0,29.4,60,0.0,13.8,165,1007.8,64,7.8,10.5,183.0,5.7,80.0,2.0
2026-04-10 18:00:00,2026,4,10,18,Hồ Chí Minh,Phường Vũng Tàu,10.3537998,107.0743549,44,Good,0,28.5,64,0.0,12.7,169,1008.0,2,7.7,10.4,189.0,7.2,74.0,2.1
2026-04-10 19:00:00,2026,4,10,19,Hồ Chí Minh,Phường Vũng Tàu,10.3537998,107.0743549,43,Good,0,28.5,72,0.0,13.8,169,1008.2,1,9.4,12.3,190.0,7.8,72.0,1.9
2026-04-10 20:00:00,2026,4,10,20,Hồ Chí Minh,Phường Vũng Tàu,10.3537998,107.0743549,42,Good,0,28.2,74,0.0,13.6,165,1009.0,1,9.1,12.1,183.0,7.6,72.0,1.9
2026-04-10 21:00:00,2026,4,10,21,Hồ Chí Minh,Phường Vũng Tàu,10.3537998,107.0743549,42,Good,0,28.0,76,0.0,14.2,160,1009.6,1,9.0,12.0,172.0,7.4,73.0,1.9
2026-04-10 22:00:00,2026,4,10,22,Hồ Chí Minh,Phường Vũng Tàu,10.3537998,107.0743549,41,Good,0,27.8,79,0.0,15.4,156,1009.9,0,8.9,12.0,162.0,7.0,73.0,1.8
2026-04-10 23:00:00,2026,4,10,23,Hồ Chí Minh,Phường Vũng Tàu,10.3537998,107.0743549,40,Good,0,27.6,79,0.0,15.9,160,1009.8,0,8.6,11.8,154.0,6.4,73.0,1.6
2026-04-11 00:00:00,2026,4,11,0,Hồ Chí Minh,Phường Vũng Tàu,10.3537998,107.0743549,40,Good,0,27.5,79,0.0,15.3,161,1009.5,0,8.3,11.6,146.0,5.6,73.0,1.4
2026-04-11 01:00:00,2026,4,11,1,Hồ Chí Minh,Phường Vũng Tàu,10.3537998,107.0743549,39,Good,0,27.3,81,0.0,12.2,156,1009.0,0,8.5,12.0,141.0,5.1,74.0,1.3
2026-04-11 02:00:00,2026,4,11,2,Hồ Chí Minh,Phường Vũng Tàu,10.3537998,107.0743549,39,Good,0,27.2,80,0.0,10.8,162,1008.2,71,9.0,12.6,137.0,5.0,75.0,1.3
2026-04-11 03:00:00,2026,4,11,3,Hồ Chí Minh,Phường Vũng Tàu,10.3537998,107.0743549,39,Good,0,27.0,82,0.0,9.7,170,1008.0,87,9.6,13.4,136.0,5.1,77.0,1.3
2026-04-11 04:00:00,2026,4,11,4,Hồ Chí Minh,Phường Vũng Tàu,10.3537998,107.0743549,39,Good,0,27.0,83,0.0,10.8,179,1008.4,34,10.1,14.0,141.0,5.3,78.0,1.4
2026-04-11 05:00:00,2026,4,11,5,Hồ Chí Minh,Phường Vũng Tàu,10.3537998,107.0743549,39,Good,0,27.1,81,0.0,12.1,184,1009.0,16,10.6,14.6,159.0,5.7,79.0,1.7
2026-04-11 06:00:00,2026,4,11,6,Hồ Chí Minh,Phường Vũng Tàu,10.3537998,107.0743549,39,Good,0,27.2,80,0.0,12.3,187,1009.6,74,11.3,15.3,185.0,6.1,79.0,2.0
2026-04-11 07:00:00,2026,4,11,7,Hồ Chí Minh,Phường Vũng Tàu,10.3537998,107.0743549,39,Good,0,27.8,78,0.0,12.9,195,1010.3,59,11.3,15.4,202.0,6.1,81.0,2.1
2026-04-11 08:00:00,2026,4,11,8,Hồ Chí Minh,Phường Vũng Tàu,10.3537998,107.0743549,39,Good,0,28.6,73,0.3,12.7,211,1011.1,89,11.0,15.1,204.0,5.3,87.0,2.1
2026-04-11 09:00:00,2026,4,11,9,Hồ Chí Minh,Phường Vũng Tàu,10.3537998,107.0743549,40,Good,0,29.2,70,0.3,12.1,221,1011.7,88,11.6,15.9,198.0,4.2,94.0,2.1
2026-04-11 10:00:00,2026,4,11,10,Hồ Chí Minh,Phường Vũng Tàu,10.3537998,107.0743549,40,Good,0,30.0,65,0.1,12.6,223,1011.5,92,11.9,16.2,192.0,3.3,101.0,2.1
2026-04-11 11:00:00,2026,4,11,11,Hồ Chí Minh,Phường Vũng Tàu,10.3537998,107.0743549,40,Good,0,30.8,58,0.0,12.4,221,1010.9,88,12.4,16.5,190.0,2.8,106.0,2.0
2026-04-11 12:00:00,2026,4,11,12,Hồ Chí Minh,Phường Vũng Tàu,10.3537998,107.0743549,41,Good,0,32.0,55,0.0,11.9,191,1010.1,26,12.0,16.0,189.0,2.5,109.0,1.8
2026-04-11 13:00:00,2026,4,11,13,Hồ Chí Minh,Phường Vũng Tàu,10.3537998,107.0743549,43,Good,0,31.4,57,0.0,13.7,182,1009.2,10,11.6,15.4,188.0,2.4,110.0,1.7
2026-04-11 14:00:00,2026,4,11,14,Hồ Chí Minh,Phường Vũng Tàu,10.3537998,107.0743549,44,Good,0,30.9,61,0.0,17.3,172,1008.1,14,11.5,15.1,187.0,2.6,106.0,1.5
2026-04-11 15:00:00,2026,4,11,15,Hồ Chí Minh,Phường Vũng Tàu,10.3537998,107.0743549,46,Good,0,30.5,60,0.0,19.4,173,1007.3,14,11.3,14.8,185.0,3.0,100.0,1.4
2026-04-11 16:00:00,2026,4,11,16,Hồ Chí Minh,Phường Vũng Tàu,10.3537998,107.0743549,47,Good,0,30.4,60,0.0,18.4,180,1006.8,12,11.1,14.6,184.0,3.5,94.0,1.3
2026-04-11 17:00:00,2026,4,11,17,Hồ Chí Minh,Phường Vũng Tàu,10.3537998,107.0743549,48,Good,0,29.7,64,0.0,17.1,181,1006.5,5,10.7,14.3,184.0,4.3,89.0,1.3
2026-04-11 18:00:00,2026,4,11,18,Hồ Chí Minh,Phường Vũng Tàu,10.3537998,107.0743549,47,Good,0,29.1,68,0.0,16.6,178,1007.0,3,10.7,14.4,185.0,5.2,84.0,1.3
2026-04-11 19:00:00,2026,4,11,19,Hồ Chí Minh,Phường Vũng Tàu,10.3537998,107.0743549,46,Good,0,28.9,72,0.0,18.2,189,1007.4,1,12.9,16.5,184.0,6.5,76.0,1.6
2026-04-11 20:00:00,2026,4,11,20,Hồ Chí Minh,Phường Vũng Tàu,10.3537998,107.0743549,45,Good,0,28.6,71,0.0,17.5,194,1008.1,1,12.5,16.2,179.0,6.5,76.0,1.6
2026-04-11 21:00:00,2026,4,11,21,Hồ Chí Minh,Phường Vũng Tàu,10.3537998,107.0743549,45,Good,0,28.6,73,0.0,15.2,187,1008.6,0,12.4,16.1,172.0,6.4,76.0,1.7
2026-04-11 22:00:00,2026,4,11,22,Hồ Chí Minh,Phường Vũng Tàu,10.3537998,107.0743549,45,Good,0,28.4,75,0.0,14.0,172,1008.6,0,12.3,16.0,165.0,6.3,76.0,1.7
2026-04-11 23:00:00,2026,4,11,23,Hồ Chí Minh,Phường Vũng Tàu,10.3537998,107.0743549,46,Good,0,28.3,75,0.0,14.0,181,1008.7,0,12.0,15.7,159.0,6.1,76.0,1.6
2026-04-12 00:00:00,2026,4,12,0,Hồ Chí Minh,Phường Vũng Tàu,10.3537998,107.0743549,46,Good,0,28.2,76,0.0,14.2,204,1008.4,0,11.6,15.3,152.0,5.8,76.0,1.6
2026-04-12 01:00:00,2026,4,12,1,Hồ Chí Minh,Phường Vũng Tàu,10.3537998,107.0743549,47,Good,0,28.0,80,0.0,11.4,205,1007.6,13,11.4,15.1,148.0,5.6,76.0,1.5
2026-04-12 02:00:00,2026,4,12,2,Hồ Chí Minh,Phường Vũng Tàu,10.3537998,107.0743549,47,Good,0,27.9,81,0.0,8.7,202,1007.1,11,11.4,15.1,145.0,5.5,76.0,1.5
2026-04-12 03:00:00,2026,4,12,3,Hồ Chí Minh,Phường Vũng Tàu,10.3537998,107.0743549,48,Good,0,27.6,81,0.0,6.2,201,1007.0,8,11.4,15.1,143.0,5.4,76.0,1.5
2026-04-12 04:00:00,2026,4,12,4,Hồ Chí Minh,Phường Vũng Tàu,10.3537998,107.0743549,48,Good,0,27.4,82,0.0,4.5,194,1007.0,15,11.8,15.4,149.0,5.5,76.0,1.6
2026-04-12 05:00:00,2026,4,12,5,Hồ Chí Minh,Phường Vũng Tàu,10.3537998,107.0743549,48,Good,0,27.4,81,0.0,4.9,184,1007.5,20,12.2,15.9,169.0,6.1,75.0,1.9
2026-04-12 06:00:00,2026,4,12,6,Hồ Chí Minh,Phường Vũng Tàu,10.3537998,107.0743549,49,Good,0,27.5,81,0.0,7.0,176,1008.2,23,13.0,16.8,196.0,7.0,74.0,2.3
2026-04-12 07:00:00,2026,4,12,7,Hồ Chí Minh,Phường Vũng Tàu,10.3537998,107.0743549,49,Good,0,28.6,77,0.1,12.0,167,1008.8,30,15.9,21.0,213.0,5.9,77.0,2.1
2026-04-12 08:00:00,2026,4,12,8,Hồ Chí Minh,Phường Vũng Tàu,10.3537998,107.0743549,50,Good,0,29.2,73,0.0,11.7,169,1009.6,51,16.4,21.7,212.0,5.3,81.0,2.2
2026-04-12 09:00:00,2026,4,12,9,Hồ Chí Minh,Phường Vũng Tàu,10.3537998,107.0743549,50,Good,0,30.0,70,0.2,12.5,175,1010.2,44,17.1,22.7,200.0,4.5,88.0,2.2
2026-04-12 10:00:00,2026,4,12,10,Hồ Chí Minh,Phường Vũng Tàu,10.3537998,107.0743549,51,Moderate,1,30.4,67,0.3,14.2,171,1010.0,41,17.3,23.2,190.0,3.7,93.0,2.2
2026-04-12 11:00:00,2026,4,12,11,Hồ Chí Minh,Phường Vũng Tàu,10.3537998,107.0743549,51,Moderate,1,30.7,66,0.3,16.5,169,1009.9,33,16.9,22.8,184.0,3.0,97.0,2.0
2026-04-12 12:00:00,2026,4,12,12,Hồ Chí Minh,Phường Vũng Tàu,10.3537998,107.0743549,52,Moderate,1,30.7,66,0.5,18.4,174,1009.1,41,16.7,22.6,178.0,2.4,100.0,1.6
2026-04-12 13:00:00,2026,4,12,13,Hồ Chí Minh,Phường Vũng Tàu,10.3537998,107.0743549,52,Moderate,1,30.4,69,0.1,20.4,175,1008.2,9,16.6,22.5,174.0,2.1,101.0,1.4
2026-04-12 14:00:00,2026,4,12,14,Hồ Chí Minh,Phường Vũng Tàu,10.3537998,107.0743549,53,Moderate,1,30.2,69,0.0,21.4,182,1007.1,13,16.2,21.9,171.0,2.3,100.0,1.4
2026-04-12 15:00:00,2026,4,12,15,Hồ Chí Minh,Phường Vũng Tàu,10.3537998,107.0743549,53,Moderate,1,29.9,70,0.0,20.2,178,1006.5,10,15.8,21.5,170.0,2.8,98.0,1.4
2026-04-12 16:00:00,2026,4,12,16,Hồ Chí Minh,Phường Vũng Tàu,10.3537998,107.0743549,53,Moderate,1,29.9,69,0.0,19.1,184,1006.2,16,15.6,21.4,171.0,3.4,96.0,1.5
2026-04-12 17:00:00,2026,4,12,17,Hồ Chí Minh,Phường Vũng Tàu,10.3537998,107.0743549,54,Moderate,1,29.1,71,0.0,18.6,186,1006.1,2,15.3,21.0,176.0,4.1,94.0,1.5
2026-04-12 18:00:00,2026,4,12,18,Hồ Chí Minh,Phường Vũng Tàu,10.3537998,107.0743549,54,Moderate,1,28.7,73,0.0,15.2,184,1006.5,2,15.1,20.6,183.0,4.8,91.0,1.6
2026-04-12 19:00:00,2026,4,12,19,Hồ Chí Minh,Phường Vũng Tàu,10.3537998,107.0743549,55,Moderate,1,28.6,75,0.0,15.0,191,1007.1,30,18.2,24.4,186.0,6.1,83.0,1.8
2026-04-12 20:00:00,2026,4,12,20,Hồ Chí Minh,Phường Vũng Tàu,10.3537998,107.0743549,55,Moderate,1,28.5,77,0.0,15.3,181,1008.0,12,17.2,23.3,183.0,6.0,83.0,1.8
2026-04-12 21:00:00,2026,4,12,21,Hồ Chí Minh,Phường Vũng Tàu,10.3537998,107.0743549,55,Moderate,1,28.2,78,0.0,14.2,171,1008.5,8,16.6,22.4,176.0,5.9,84.0,1.8
2026-04-12 22:00:00,2026,4,12,22,Hồ Chí Minh,Phường Vũng Tàu,10.3537998,107.0743549,56,Moderate,1,28.2,78,0.0,15.8,166,1009.2,3,16.0,21.7,168.0,5.7,85.0,1.7
2026-04-12 23:00:00,2026,4,12,23,Hồ Chí Minh,Phường Vũng Tàu,10.3537998,107.0743549,56,Moderate,1,28.0,77,0.0,14.4,164,1009.2,1,15.3,20.7,160.0,5.5,86.0,1.6
2026-04-13 00:00:00,2026,4,13,0,Hồ Chí Minh,Phường Vũng Tàu,10.3537998,107.0743549,56,Moderate,1,27.9,77,0.0,12.9,171,1008.6,1,14.8,20.0,151.0,5.4,87.0,1.5
2026-04-13 01:00:00,2026,4,13,1,Hồ Chí Minh,Phường Vũng Tàu,10.3537998,107.0743549,57,Moderate,1,27.8,79,0.0,12.2,188,1007.8,10,14.5,19.6,144.0,5.2,88.0,1.4
2026-04-13 02:00:00,2026,4,13,2,Hồ Chí Minh,Phường Vũng Tàu,10.3537998,107.0743549,57,Moderate,1,27.6,80,0.0,11.5,189,1007.5,9,14.2,19.3,139.0,5.0,89.0,1.4
2026-04-13 03:00:00,2026,4,13,3,Hồ Chí Minh,Phường Vũng Tàu,10.3537998,107.0743549,57,Moderate,1,27.5,79,0.0,11.0,181,1007.3,5,14.5,19.6,136.0,4.9,90.0,1.4
2026-04-13 04:00:00,2026,4,13,4,Hồ Chí Minh,Phường Vũng Tàu,10.3537998,107.0743549,58,Moderate,1,27.5,79,0.0,11.8,171,1007.6,94,14.7,19.8,139.0,4.8,91.0,1.4
2026-04-13 05:00:00,2026,4,13,5,Hồ Chí Minh,Phường Vũng Tàu,10.3537998,107.0743549,58,Moderate,1,27.5,78,0.0,12.2,167,1008.3,1,14.7,19.8,153.0,5.0,92.0,1.5
2026-04-13 06:00:00,2026,4,13,6,Hồ Chí Minh,Phường Vũng Tàu,10.3537998,107.0743549,58,Moderate,1,27.4,77,0.0,11.0,162,1009.0,1,15.4,20.4,173.0,5.4,92.0,1.7
2026-04-13 07:00:00,2026,4,13,7,Hồ Chí Minh,Phường Vũng Tàu,10.3537998,107.0743549,58,Moderate,1,28.4,72,0.0,11.8,149,1009.9,1,15.7,21.0,185.0,5.7,92.0,1.8
2026-04-13 08:00:00,2026,4,13,8,Hồ Chí Minh,Phường Vũng Tàu,10.3537998,107.0743549,58,Moderate,1,29.1,70,0.0,11.9,151,1011.0,1,15.8,21.4,181.0,5.0,96.0,1.8
2026-04-13 09:00:00,2026,4,13,9,Hồ Chí Minh,Phường Vũng Tàu,10.3537998,107.0743549,58,Moderate,1,29.6,69,0.0,12.3,155,1011.5,11,16.2,22.0,169.0,4.0,101.0,1.7
2026-04-13 10:00:00,2026,4,13,10,Hồ Chí Minh,Phường Vũng Tàu,10.3537998,107.0743549,58,Moderate,1,30.2,66,0.0,13.6,160,1011.4,12,16.5,22.5,159.0,3.2,105.0,1.7
2026-04-13 11:00:00,2026,4,13,11,Hồ Chí Minh,Phường Vũng Tàu,10.3537998,107.0743549,58,Moderate,1,30.5,65,0.0,14.7,165,1011.1,8,16.4,22.3,155.0,2.7,108.0,1.6
2026-04-13 12:00:00,2026,4,13,12,Hồ Chí Minh,Phường Vũng Tàu,10.3537998,107.0743549,58,Moderate,1,30.9,61,0.0,15.3,167,1010.4,3,16.1,21.9,154.0,2.4,110.0,1.6
2026-04-13 13:00:00,2026,4,13,13,Hồ Chí Minh,Phường Vũng Tàu,10.3537998,107.0743549,58,Moderate,1,30.6,60,0.0,15.3,172,1009.6,4,16.1,21.7,154.0,2.3,110.0,1.5
2026-04-13 14:00:00,2026,4,13,14,Hồ Chí Minh,Phường Vũng Tàu,10.3537998,107.0743549,58,Moderate,1,30.5,62,0.0,15.1,177,1008.5,1,15.9,21.3,156.0,2.5,108.0,1.5
2026-04-13 15:00:00,2026,4,13,15,Hồ Chí Minh,Phường Vũng Tàu,10.3537998,107.0743549,58,Moderate,1,30.2,62,0.0,15.5,175,1007.9,3,15.6,20.7,160.0,3.0,104.0,1.5
2026-04-13 16:00:00,2026,4,13,16,Hồ Chí Minh,Phường Vũng Tàu,10.3537998,107.0743549,58,Moderate,1,29.8,64,0.0,15.4,173,1007.5,2,15.0,19.8,164.0,3.6,100.0,1.5
2026-04-13 17:00:00,2026,4,13,17,Hồ Chí Minh,Phường Vũng Tàu,10.3537998,107.0743549,58,Moderate,1,29.1,67,0.0,14.6,171,1007.5,0,14.6,19.3,167.0,4.5,95.0,1.6
2026-04-13 18:00:00,2026,4,13,18,Hồ Chí Minh,Phường Vũng Tàu,10.3537998,107.0743549,58,Moderate,1,28.5,72,0.0,13.2,168,1008.0,1,14.1,18.9,169.0,5.5,91.0,1.6
2026-04-13 19:00:00,2026,4,13,19,Hồ Chí Minh,Phường Vũng Tàu,10.3537998,107.0743549,58,Moderate,1,28.6,74,0.0,11.2,159,1008.6,8,17.9,24.3,170.0,7.4,83.0,2.1
2026-04-13 20:00:00,2026,4,13,20,Hồ Chí Minh,Phường Vũng Tàu,10.3537998,107.0743549,58,Moderate,1,28.6,74,0.0,10.4,159,1009.1,1,17.4,23.4,170.0,7.3,83.0,2.1
2026-04-13 21:00:00,2026,4,13,21,Hồ Chí Minh,Phường Vũng Tàu,10.3537998,107.0743549,58,Moderate,1,28.5,75,0.0,11.7,162,1009.6,1,16.8,22.6,170.0,7.2,84.0,2.1
2026-04-13 22:00:00,2026,4,13,22,Hồ Chí Minh,Phường Vũng Tàu,10.3537998,107.0743549,58,Moderate,1,28.4,75,0.0,12.2,156,1010.0,0,16.5,22.3,167.0,7.0,84.0,2.0
2026-04-13 23:00:00,2026,4,13,23,Hồ Chí Minh,Phường Vũng Tàu,10.3537998,107.0743549,58,Moderate,1,28.2,75,0.0,11.7,151,1009.8,0,16.2,21.8,160.0,6.8,85.0,1.9
2026-04-14 00:00:00,2026,4,14,0,Hồ Chí Minh,Phường Vũng Tàu,10.3537998,107.0743549,58,Moderate,1,28.0,75,0.0,11.0,148,1009.2,0,15.7,21.2,150.0,6.5,86.0,1.7
2026-04-14 01:00:00,2026,4,14,1,Hồ Chí Minh,Phường Vũng Tàu,10.3537998,107.0743549,58,Moderate,1,27.9,76,0.0,9.9,155,1008.7,1,15.2,20.6,144.0,6.3,86.0,1.6
2026-04-14 02:00:00,2026,4,14,2,Hồ Chí Minh,Phường Vũng Tàu,10.3537998,107.0743549,58,Moderate,1,27.9,75,0.0,8.9,153,1008.2,0,14.6,19.9,143.0,6.2,86.0,1.5
2026-04-14 03:00:00,2026,4,14,3,Hồ Chí Minh,Phường Vũng Tàu,10.3537998,107.0743549,58,Moderate,1,27.6,76,0.0,6.7,146,1007.5,0,14.3,19.5,144.0,6.2,85.0,1.5
2026-04-14 04:00:00,2026,4,14,4,Hồ Chí Minh,Phường Vũng Tàu,10.3537998,107.0743549,58,Moderate,1,27.5,77,0.0,5.8,146,1007.9,1,14.3,19.3,148.0,6.3,84.0,1.6
2026-04-14 05:00:00,2026,4,14,5,Hồ Chí Minh,Phường Vũng Tàu,10.3537998,107.0743549,58,Moderate,1,27.5,77,0.0,5.6,138,1008.5,16,14.5,19.4,154.0,6.8,82.0,1.8
2026-04-14 06:00:00,2026,4,14,6,Hồ Chí Minh,Phường Vũng Tàu,10.3537998,107.0743549,58,Moderate,1,27.5,77,0.0,5.6,130,1009.1,7,14.9,19.8,163.0,7.5,80.0,2.1
2026-04-14 07:00:00,2026,4,14,7,Hồ Chí Minh,Phường Vũng Tàu,10.3537998,107.0743549,58,Moderate,1,28.5,75,0.0,10.3,139,1009.5,19,12.3,16.6,169.0,7.2,83.0,2.2
2026-04-14 08:00:00,2026,4,14,8,Hồ Chí Minh,Phường Vũng Tàu,10.3537998,107.0743549,58,Moderate,1,29.4,70,0.0,10.6,137,1010.8,23,12.7,17.1,171.0,6.1,87.0,2.2
2026-04-14 09:00:00,2026,4,14,9,Hồ Chí Minh,Phường Vũng Tàu,10.3537998,107.0743549,57,Moderate,1,30.2,64,0.0,11.7,144,1011.4,34,13.4,18.0,172.0,4.6,94.0,2.1
2026-04-14 10:00:00,2026,4,14,10,Hồ Chí Minh,Phường Vũng Tàu,10.3537998,107.0743549,57,Moderate,1,30.9,60,0.0,12.9,150,1011.0,7,13.6,18.3,171.0,3.4,99.0,2.0
2026-04-14 11:00:00,2026,4,14,11,Hồ Chí Minh,Phường Vũng Tàu,10.3537998,107.0743549,57,Moderate,1,31.4,57,0.0,13.5,151,1010.6,2,13.6,18.3,169.0,2.7,103.0,1.8
2026-04-14 12:00:00,2026,4,14,12,Hồ Chí Minh,Phường Vũng Tàu,10.3537998,107.0743549,56,Moderate,1,31.5,57,0.0,14.6,153,1009.9,0,13.9,18.5,165.0,2.3,106.0,1.6
2026-04-14 13:00:00,2026,4,14,13,Hồ Chí Minh,Phường Vũng Tàu,10.3537998,107.0743549,56,Moderate,1,30.7,59,0.0,15.5,160,1009.2,3,14.0,18.4,163.0,2.2,107.0,1.5
2026-04-14 14:00:00,2026,4,14,14,Hồ Chí Minh,Phường Vũng Tàu,10.3537998,107.0743549,56,Moderate,1,30.9,57,0.0,15.9,168,1008.2,2,13.5,17.8,164.0,2.4,105.0,1.4
2026-04-14 15:00:00,2026,4,14,15,Hồ Chí Minh,Phường Vũng Tàu,10.3537998,107.0743549,56,Moderate,1,30.8,57,0.0,14.8,167,1007.5,1,13.0,17.2,166.0,2.9,100.0,1.5
2026-04-14 16:00:00,2026,4,14,16,Hồ Chí Minh,Phường Vũng Tàu,10.3537998,107.0743549,56,Moderate,1,30.3,58,0.0,12.4,161,1006.9,1,12.7,16.8,169.0,3.6,95.0,1.5
2026-04-14 17:00:00,2026,4,14,17,Hồ Chí Minh,Phường Vũng Tàu,10.3537998,107.0743549,55,Moderate,1,29.6,62,0.0,12.6,151,1006.6,0,12.3,16.2,172.0,4.8,89.0,1.6
2026-04-14 18:00:00,2026,4,14,18,Hồ Chí Minh,Phường Vũng Tàu,10.3537998,107.0743549,55,Moderate,1,28.6,67,0.0,11.3,143,1006.8,0,11.8,15.5,175.0,6.2,83.0,1.8
2026-04-14 19:00:00,2026,4,14,19,Hồ Chí Minh,Phường Vũng Tàu,10.3537998,107.0743549,55,Moderate,1,28.5,70,0.0,9.6,142,1007.3,1,11.2,14.8,176.0,7.2,79.0,1.9
2026-04-14 20:00:00,2026,4,14,20,Hồ Chí Minh,Phường Vũng Tàu,10.3537998,107.0743549,54,Moderate,1,28.3,72,0.0,10.1,151,1008.2,0,10.8,14.2,175.0,7.6,77.0,1.9
