timestamp,year,month,day,hour,province,location,lat,lon,aqi,pollution_level,pollution_class,temp,humidity,rain,wind_speed,wind_dir,pressure,cloud,pm2_5,pm10,co,no2,o3,so2
2025-10-14 17:00:00,2025,10,14,17,Đồng Tháp,Xã Tân Phú Trung,10.2545007,105.7361294,81,Moderate,1,27.8,79,0.0,2.7,157,1007.1,100,20.3,20.7,397.0,15.6,77.0,13.7
2025-10-14 18:00:00,2025,10,14,18,Đồng Tháp,Xã Tân Phú Trung,10.2545007,105.7361294,81,Moderate,1,27.2,84,0.0,1.2,309,1007.4,100,28.6,28.9,557.0,24.0,61.0,17.7
2025-10-14 19:00:00,2025,10,14,19,Đồng Tháp,Xã Tân Phú Trung,10.2545007,105.7361294,82,Moderate,1,26.8,89,0.0,2.3,51,1008.2,100,39.6,40.3,643.0,27.5,56.0,20.6
2025-10-14 20:00:00,2025,10,14,20,Đồng Tháp,Xã Tân Phú Trung,10.2545007,105.7361294,84,Moderate,1,26.6,90,0.0,7.2,77,1008.9,100,42.0,42.6,578.0,27.2,53.0,20.9
2025-10-14 21:00:00,2025,10,14,21,Đồng Tháp,Xã Tân Phú Trung,10.2545007,105.7361294,85,Moderate,1,26.3,91,0.0,6.4,79,1009.4,100,42.5,43.1,439.0,26.8,50.0,21.3
2025-10-14 22:00:00,2025,10,14,22,Đồng Tháp,Xã Tân Phú Trung,10.2545007,105.7361294,87,Moderate,1,26.1,92,0.0,5.2,65,1009.7,100,43.8,44.4,338.0,27.2,45.0,21.6
2025-10-14 23:00:00,2025,10,14,23,Đồng Tháp,Xã Tân Phú Trung,10.2545007,105.7361294,88,Moderate,1,25.9,95,0.0,6.1,40,1009.3,100,47.4,48.0,330.0,29.0,39.0,21.7
2025-10-15 00:00:00,2025,10,15,0,Đồng Tháp,Xã Tân Phú Trung,10.2545007,105.7361294,89,Moderate,1,25.6,95,0.0,5.0,41,1009.0,98,50.9,51.5,361.0,31.5,33.0,21.7
2025-10-15 01:00:00,2025,10,15,1,Đồng Tháp,Xã Tân Phú Trung,10.2545007,105.7361294,90,Moderate,1,25.9,97,0.0,6.9,31,1008.4,100,56.8,57.3,385.0,33.3,28.0,21.4
2025-10-15 02:00:00,2025,10,15,2,Đồng Tháp,Xã Tân Phú Trung,10.2545007,105.7361294,92,Moderate,1,25.8,95,0.0,6.4,32,1007.8,100,58.0,58.4,384.0,33.8,24.0,20.5
2025-10-15 03:00:00,2025,10,15,3,Đồng Tháp,Xã Tân Phú Trung,10.2545007,105.7361294,93,Moderate,1,25.5,96,0.0,7.2,35,1007.4,100,61.2,61.7,376.0,33.6,22.0,19.4
2025-10-15 04:00:00,2025,10,15,4,Đồng Tháp,Xã Tân Phú Trung,10.2545007,105.7361294,96,Moderate,1,25.4,97,0.0,8.4,55,1007.4,98,61.9,62.4,375.0,32.6,22.0,19.2
2025-10-15 05:00:00,2025,10,15,5,Đồng Tháp,Xã Tân Phú Trung,10.2545007,105.7361294,98,Moderate,1,25.3,96,0.0,7.2,76,1007.4,100,63.1,63.6,395.0,30.9,24.0,21.0
2025-10-15 06:00:00,2025,10,15,6,Đồng Tháp,Xã Tân Phú Trung,10.2545007,105.7361294,102,Unhealthy for Sensitive Groups,2,25.1,95,0.0,4.3,73,1007.6,91,64.5,65.0,421.0,28.4,29.0,23.6
2025-10-15 07:00:00,2025,10,15,7,Đồng Tháp,Xã Tân Phú Trung,10.2545007,105.7361294,105,Unhealthy for Sensitive Groups,2,27.2,90,0.0,7.5,46,1008.4,0,63.3,64.0,422.0,29.3,35.0,27.7
2025-10-15 08:00:00,2025,10,15,8,Đồng Tháp,Xã Tân Phú Trung,10.2545007,105.7361294,109,Unhealthy for Sensitive Groups,2,29.4,76,0.0,10.7,67,1008.8,15,39.0,39.8,374.0,23.9,53.0,24.2
2025-10-15 09:00:00,2025,10,15,9,Đồng Tháp,Xã Tân Phú Trung,10.2545007,105.7361294,110,Unhealthy for Sensitive Groups,2,30.9,65,0.0,12.6,73,1009.0,16,26.4,27.2,301.0,16.4,77.0,19.2
2025-10-15 10:00:00,2025,10,15,10,Đồng Tháp,Xã Tân Phú Trung,10.2545007,105.7361294,110,Unhealthy for Sensitive Groups,2,32.0,59,0.1,13.3,77,1009.0,38,21.7,22.5,246.0,10.2,99.0,14.9
2025-10-15 11:00:00,2025,10,15,11,Đồng Tháp,Xã Tân Phú Trung,10.2545007,105.7361294,110,Unhealthy for Sensitive Groups,2,32.8,58,0.0,11.4,77,1008.4,52,20.1,20.9,227.0,6.4,116.0,12.0
2025-10-15 12:00:00,2025,10,15,12,Đồng Tháp,Xã Tân Phú Trung,10.2545007,105.7361294,110,Unhealthy for Sensitive Groups,2,33.2,57,0.0,12.0,83,1007.4,31,19.6,20.3,225.0,3.8,130.0,9.7
2025-10-15 13:00:00,2025,10,15,13,Đồng Tháp,Xã Tân Phú Trung,10.2545007,105.7361294,110,Unhealthy for Sensitive Groups,2,32.5,59,0.1,12.9,83,1006.8,34,20.5,21.2,226.0,2.7,135.0,8.3
2025-10-15 14:00:00,2025,10,15,14,Đồng Tháp,Xã Tân Phú Trung,10.2545007,105.7361294,110,Unhealthy for Sensitive Groups,2,32.8,59,0.0,12.0,77,1005.3,30,18.5,19.2,217.0,3.2,128.0,7.8
2025-10-15 15:00:00,2025,10,15,15,Đồng Tháp,Xã Tân Phú Trung,10.2545007,105.7361294,110,Unhealthy for Sensitive Groups,2,30.0,65,0.7,15.5,128,1005.2,96,17.9,18.3,211.0,5.2,113.0,8.1
2025-10-15 16:00:00,2025,10,15,16,Đồng Tháp,Xã Tân Phú Trung,10.2545007,105.7361294,110,Unhealthy for Sensitive Groups,2,28.6,76,0.0,7.2,143,1005.5,99,16.7,17.2,228.0,7.8,97.0,8.8
2025-10-15 17:00:00,2025,10,15,17,Đồng Tháp,Xã Tân Phú Trung,10.2545007,105.7361294,110,Unhealthy for Sensitive Groups,2,27.3,77,0.2,6.8,112,1006.4,100,14.7,15.3,287.0,11.2,83.0,10.1
2025-10-15 18:00:00,2025,10,15,18,Đồng Tháp,Xã Tân Phú Trung,10.2545007,105.7361294,109,Unhealthy for Sensitive Groups,2,26.8,80,0.0,4.0,3,1006.8,98,15.0,15.8,369.0,15.3,68.0,11.9
2025-10-15 19:00:00,2025,10,15,19,Đồng Tháp,Xã Tân Phú Trung,10.2545007,105.7361294,108,Unhealthy for Sensitive Groups,2,27.2,83,0.0,5.9,130,1006.6,100,16.3,16.9,440.0,17.1,53.0,11.3
2025-10-15 20:00:00,2025,10,15,20,Đồng Tháp,Xã Tân Phú Trung,10.2545007,105.7361294,105,Unhealthy for Sensitive Groups,2,26.7,88,1.5,0.2,270,1007.6,100,18.3,19.4,493.0,18.9,50.0,13.2
2025-10-15 21:00:00,2025,10,15,21,Đồng Tháp,Xã Tân Phú Trung,10.2545007,105.7361294,103,Unhealthy for Sensitive Groups,2,25.4,94,4.2,14.2,299,1009.4,100,21.8,23.1,535.0,21.4,46.0,15.9
2025-10-15 22:00:00,2025,10,15,22,Đồng Tháp,Xã Tân Phú Trung,10.2545007,105.7361294,101,Unhealthy for Sensitive Groups,2,25.0,92,0.0,9.6,38,1008.3,100,25.0,26.4,548.0,23.8,41.0,17.7
2025-10-15 23:00:00,2025,10,15,23,Đồng Tháp,Xã Tân Phú Trung,10.2545007,105.7361294,99,Moderate,1,24.9,93,0.0,9.1,304,1008.3,100,31.0,32.5,515.0,26.3,35.0,17.9
2025-10-16 00:00:00,2025,10,16,0,Đồng Tháp,Xã Tân Phú Trung,10.2545007,105.7361294,97,Moderate,1,24.8,93,0.0,3.3,351,1007.8,100,35.5,36.9,454.0,28.6,28.0,17.3
2025-10-16 01:00:00,2025,10,16,1,Đồng Tháp,Xã Tân Phú Trung,10.2545007,105.7361294,96,Moderate,1,25.4,96,0.0,2.6,321,1008.0,100,36.1,37.5,400.0,29.8,24.0,16.6
2025-10-16 02:00:00,2025,10,16,2,Đồng Tháp,Xã Tân Phú Trung,10.2545007,105.7361294,94,Moderate,1,25.1,96,1.6,6.8,338,1007.4,100,35.3,36.4,364.0,29.0,23.0,16.0
2025-10-16 03:00:00,2025,10,16,3,Đồng Tháp,Xã Tân Phú Trung,10.2545007,105.7361294,92,Moderate,1,25.1,97,0.0,5.2,297,1007.3,100,35.4,36.1,335.0,27.0,25.0,15.2
2025-10-16 04:00:00,2025,10,16,4,Đồng Tháp,Xã Tân Phú Trung,10.2545007,105.7361294,90,Moderate,1,25.1,97,0.0,5.5,314,1007.3,100,35.3,35.7,317.0,24.9,29.0,14.9
2025-10-16 05:00:00,2025,10,16,5,Đồng Tháp,Xã Tân Phú Trung,10.2545007,105.7361294,88,Moderate,1,25.1,97,0.0,5.3,327,1007.4,100,36.8,37.0,321.0,23.3,34.0,15.6
2025-10-16 06:00:00,2025,10,16,6,Đồng Tháp,Xã Tân Phú Trung,10.2545007,105.7361294,85,Moderate,1,25.0,97,0.0,4.8,331,1007.9,100,37.6,37.7,336.0,21.5,40.0,16.8
2025-10-16 07:00:00,2025,10,16,7,Đồng Tháp,Xã Tân Phú Trung,10.2545007,105.7361294,83,Moderate,1,26.3,87,0.0,5.2,354,1008.6,100,36.6,36.9,333.0,17.2,51.0,14.1
2025-10-16 08:00:00,2025,10,16,8,Đồng Tháp,Xã Tân Phú Trung,10.2545007,105.7361294,80,Moderate,1,28.0,78,0.0,8.9,351,1008.9,100,32.6,32.9,290.0,13.1,67.0,11.9
2025-10-16 09:00:00,2025,10,16,9,Đồng Tháp,Xã Tân Phú Trung,10.2545007,105.7361294,80,Moderate,1,29.5,70,0.1,11.3,14,1009.2,100,31.0,31.4,227.0,7.5,89.0,8.8
2025-10-16 10:00:00,2025,10,16,10,Đồng Tháp,Xã Tân Phú Trung,10.2545007,105.7361294,80,Moderate,1,30.0,69,0.1,12.5,30,1009.1,100,26.8,27.5,181.0,3.3,107.0,6.5
2025-10-16 11:00:00,2025,10,16,11,Đồng Tháp,Xã Tân Phú Trung,10.2545007,105.7361294,81,Moderate,1,31.5,62,0.1,11.5,35,1007.9,100,23.7,24.5,164.0,1.8,115.0,5.7
2025-10-16 12:00:00,2025,10,16,12,Đồng Tháp,Xã Tân Phú Trung,10.2545007,105.7361294,81,Moderate,1,32.7,58,0.0,12.4,48,1007.1,98,21.3,22.1,162.0,1.7,119.0,5.6
2025-10-16 13:00:00,2025,10,16,13,Đồng Tháp,Xã Tân Phú Trung,10.2545007,105.7361294,81,Moderate,1,33.0,55,0.0,16.8,80,1005.8,99,21.1,21.9,170.0,2.4,121.0,6.2
2025-10-16 14:00:00,2025,10,16,14,Đồng Tháp,Xã Tân Phú Trung,10.2545007,105.7361294,81,Moderate,1,31.7,62,0.2,15.4,101,1005.5,100,22.2,23.1,182.0,3.6,125.0,7.6
2025-10-16 15:00:00,2025,10,16,15,Đồng Tháp,Xã Tân Phú Trung,10.2545007,105.7361294,82,Moderate,1,30.9,66,0.0,8.8,99,1004.8,100,23.1,23.7,204.0,5.6,128.0,9.6
2025-10-16 16:00:00,2025,10,16,16,Đồng Tháp,Xã Tân Phú Trung,10.2545007,105.7361294,82,Moderate,1,29.9,67,0.5,13.3,82,1005.2,100,26.3,26.8,247.0,8.0,126.0,11.4
2025-10-16 17:00:00,2025,10,16,17,Đồng Tháp,Xã Tân Phú Trung,10.2545007,105.7361294,83,Moderate,1,27.2,82,1.1,11.7,34,1006.3,100,28.5,28.9,338.0,11.1,117.0,12.8
2025-10-16 18:00:00,2025,10,16,18,Đồng Tháp,Xã Tân Phú Trung,10.2545007,105.7361294,84,Moderate,1,26.3,86,0.0,12.2,25,1006.3,100,31.2,31.5,450.0,14.7,104.0,14.0
2025-10-16 19:00:00,2025,10,16,19,Đồng Tháp,Xã Tân Phú Trung,10.2545007,105.7361294,86,Moderate,1,26.4,86,0.0,9.9,69,1006.6,100,25.0,25.3,519.0,16.2,84.0,12.9
2025-10-16 20:00:00,2025,10,16,20,Đồng Tháp,Xã Tân Phú Trung,10.2545007,105.7361294,86,Moderate,1,26.9,86,0.0,9.2,70,1007.6,100,31.5,31.9,507.0,21.0,73.0,15.9
2025-10-16 21:00:00,2025,10,16,21,Đồng Tháp,Xã Tân Phú Trung,10.2545007,105.7361294,87,Moderate,1,26.9,88,0.0,8.0,52,1008.4,100,37.4,37.7,452.0,27.5,59.0,20.0
2025-10-16 22:00:00,2025,10,16,22,Đồng Tháp,Xã Tân Phú Trung,10.2545007,105.7361294,89,Moderate,1,26.8,89,0.0,9.0,57,1008.7,100,48.3,48.7,399.0,31.8,47.0,22.2
2025-10-16 23:00:00,2025,10,16,23,Đồng Tháp,Xã Tân Phú Trung,10.2545007,105.7361294,91,Moderate,1,26.5,90,0.0,8.0,65,1008.7,100,52.9,53.2,365.0,31.9,41.0,20.9
2025-10-17 00:00:00,2025,10,17,0,Đồng Tháp,Xã Tân Phú Trung,10.2545007,105.7361294,93,Moderate,1,26.2,91,0.0,5.9,67,1008.6,100,50.8,51.0,334.0,29.6,37.0,17.7
2025-10-17 01:00:00,2025,10,17,1,Đồng Tháp,Xã Tân Phú Trung,10.2545007,105.7361294,94,Moderate,1,26.8,88,0.0,9.9,87,1008.0,100,45.5,45.8,305.0,26.9,35.0,14.8
2025-10-17 02:00:00,2025,10,17,2,Đồng Tháp,Xã Tân Phú Trung,10.2545007,105.7361294,95,Moderate,1,26.5,88,0.8,8.5,78,1007.5,100,39.7,39.9,275.0,23.8,34.0,12.7
2025-10-17 03:00:00,2025,10,17,3,Đồng Tháp,Xã Tân Phú Trung,10.2545007,105.7361294,95,Moderate,1,24.6,92,6.0,7.8,113,1007.8,100,32.4,32.6,247.0,20.1,34.0,10.9
2025-10-17 04:00:00,2025,10,17,4,Đồng Tháp,Xã Tân Phú Trung,10.2545007,105.7361294,95,Moderate,1,24.9,91,3.7,4.4,109,1007.7,100,29.5,29.6,234.0,17.3,35.0,9.9
2025-10-17 05:00:00,2025,10,17,5,Đồng Tháp,Xã Tân Phú Trung,10.2545007,105.7361294,95,Moderate,1,25.0,92,0.0,8.4,121,1008.0,100,23.7,23.8,248.0,16.4,34.0,10.4
2025-10-17 06:00:00,2025,10,17,6,Đồng Tháp,Xã Tân Phú Trung,10.2545007,105.7361294,94,Moderate,1,25.0,92,0.0,7.3,110,1008.7,90,25.4,25.5,276.0,16.4,33.0,11.7
2025-10-17 07:00:00,2025,10,17,7,Đồng Tháp,Xã Tân Phú Trung,10.2545007,105.7361294,92,Moderate,1,27.1,88,0.0,4.3,105,1009.4,100,24.9,25.2,296.0,16.5,42.0,14.1
2025-10-17 08:00:00,2025,10,17,8,Đồng Tháp,Xã Tân Phú Trung,10.2545007,105.7361294,91,Moderate,1,28.9,78,0.0,7.2,94,1010.1,100,20.9,21.2,295.0,13.2,64.0,13.5
2025-10-17 09:00:00,2025,10,17,9,Đồng Tháp,Xã Tân Phú Trung,10.2545007,105.7361294,90,Moderate,1,30.5,69,0.0,9.6,81,1010.3,100,19.0,19.2,285.0,8.7,95.0,12.6
2025-10-17 10:00:00,2025,10,17,10,Đồng Tháp,Xã Tân Phú Trung,10.2545007,105.7361294,89,Moderate,1,31.5,64,0.1,12.1,83,1010.5,100,18.7,19.1,280.0,5.1,120.0,11.7
2025-10-17 11:00:00,2025,10,17,11,Đồng Tháp,Xã Tân Phú Trung,10.2545007,105.7361294,89,Moderate,1,31.9,62,0.1,12.8,79,1009.6,100,18.1,18.5,290.0,3.3,133.0,10.6
2025-10-17 12:00:00,2025,10,17,12,Đồng Tháp,Xã Tân Phú Trung,10.2545007,105.7361294,88,Moderate,1,32.5,59,0.0,13.0,79,1008.5,100,17.5,17.9,305.0,2.6,139.0,9.4
2025-10-17 13:00:00,2025,10,17,13,Đồng Tháp,Xã Tân Phú Trung,10.2545007,105.7361294,88,Moderate,1,32.2,60,0.3,11.8,110,1007.5,100,18.2,18.6,312.0,2.7,141.0,8.8
2025-10-17 14:00:00,2025,10,17,14,Đồng Tháp,Xã Tân Phú Trung,10.2545007,105.7361294,87,Moderate,1,30.0,69,2.4,10.3,105,1007.0,100,21.1,21.6,294.0,3.7,138.0,9.0
2025-10-17 15:00:00,2025,10,17,15,Đồng Tháp,Xã Tân Phú Trung,10.2545007,105.7361294,87,Moderate,1,30.6,66,0.1,11.6,82,1006.1,100,21.9,22.4,267.0,5.6,130.0,9.7
2025-10-17 16:00:00,2025,10,17,16,Đồng Tháp,Xã Tân Phú Trung,10.2545007,105.7361294,87,Moderate,1,30.4,68,0.0,10.9,83,1005.6,100,21.7,22.1,273.0,8.3,121.0,11.0
2025-10-17 17:00:00,2025,10,17,17,Đồng Tháp,Xã Tân Phú Trung,10.2545007,105.7361294,87,Moderate,1,29.5,73,0.0,9.4,77,1006.1,100,24.0,24.3,346.0,12.2,111.0,12.9
2025-10-17 18:00:00,2025,10,17,18,Đồng Tháp,Xã Tân Phú Trung,10.2545007,105.7361294,86,Moderate,1,28.5,78,0.0,7.2,84,1006.7,100,29.0,29.3,451.0,17.0,99.0,15.3
2025-10-17 19:00:00,2025,10,17,19,Đồng Tháp,Xã Tân Phú Trung,10.2545007,105.7361294,86,Moderate,1,28.1,80,0.0,6.5,56,1007.1,91,37.5,37.8,524.0,26.6,80.0,19.7
2025-10-17 20:00:00,2025,10,17,20,Đồng Tháp,Xã Tân Phú Trung,10.2545007,105.7361294,87,Moderate,1,28.0,79,0.0,9.3,54,1008.3,89,41.8,42.0,538.0,27.5,76.0,21.4
2025-10-17 21:00:00,2025,10,17,21,Đồng Tháp,Xã Tân Phú Trung,10.2545007,105.7361294,88,Moderate,1,27.4,82,0.0,8.1,51,1008.7,100,44.5,44.8,521.0,28.7,71.0,23.6
2025-10-17 22:00:00,2025,10,17,22,Đồng Tháp,Xã Tân Phú Trung,10.2545007,105.7361294,89,Moderate,1,27.0,86,0.0,7.5,42,1009.3,100,49.1,49.5,492.0,29.8,65.0,25.0
2025-10-17 23:00:00,2025,10,17,23,Đồng Tháp,Xã Tân Phú Trung,10.2545007,105.7361294,89,Moderate,1,26.5,88,0.0,6.2,52,1008.8,100,55.6,56.0,452.0,31.3,58.0,25.0
2025-10-18 00:00:00,2025,10,18,0,Đồng Tháp,Xã Tân Phú Trung,10.2545007,105.7361294,89,Moderate,1,26.0,91,0.3,6.0,37,1008.5,100,58.2,58.6,400.0,32.6,51.0,24.2
2025-10-18 01:00:00,2025,10,18,1,Đồng Tháp,Xã Tân Phú Trung,10.2545007,105.7361294,90,Moderate,1,25.8,95,0.0,3.7,166,1008.4,100,61.0,61.2,348.0,32.2,47.0,22.6
2025-10-18 02:00:00,2025,10,18,2,Đồng Tháp,Xã Tân Phú Trung,10.2545007,105.7361294,91,Moderate,1,25.7,92,0.0,9.6,120,1007.9,100,58.0,58.2,294.0,28.4,48.0,19.9
2025-10-18 03:00:00,2025,10,18,3,Đồng Tháp,Xã Tân Phú Trung,10.2545007,105.7361294,93,Moderate,1,25.0,91,0.1,10.5,128,1007.9,100,48.4,48.7,240.0,22.9,52.0,16.4
2025-10-18 04:00:00,2025,10,18,4,Đồng Tháp,Xã Tân Phú Trung,10.2545007,105.7361294,94,Moderate,1,24.8,91,0.0,7.6,135,1007.2,100,40.3,40.5,207.0,18.5,55.0,13.7
2025-10-18 05:00:00,2025,10,18,5,Đồng Tháp,Xã Tân Phú Trung,10.2545007,105.7361294,95,Moderate,1,24.6,92,0.0,8.3,132,1008.0,100,27.6,27.8,212.0,16.7,55.0,12.4
2025-10-18 06:00:00,2025,10,18,6,Đồng Tháp,Xã Tân Phú Trung,10.2545007,105.7361294,96,Moderate,1,24.5,92,0.0,8.1,114,1007.9,100,25.4,25.7,237.0,16.1,54.0,11.8
2025-10-18 07:00:00,2025,10,18,7,Đồng Tháp,Xã Tân Phú Trung,10.2545007,105.7361294,96,Moderate,1,27.4,83,0.0,6.9,95,1008.6,100,26.4,28.5,251.0,18.9,43.0,17.3
2025-10-18 08:00:00,2025,10,18,8,Đồng Tháp,Xã Tân Phú Trung,10.2545007,105.7361294,96,Moderate,1,28.8,75,0.0,12.1,96,1009.2,100,19.8,21.9,237.0,16.1,49.0,15.4
2025-10-18 09:00:00,2025,10,18,9,Đồng Tháp,Xã Tân Phú Trung,10.2545007,105.7361294,96,Moderate,1,30.0,69,0.2,13.2,85,1009.7,100,16.2,17.8,213.0,12.1,57.0,12.8
2025-10-18 10:00:00,2025,10,18,10,Đồng Tháp,Xã Tân Phú Trung,10.2545007,105.7361294,95,Moderate,1,31.0,65,0.0,15.7,88,1009.9,100,13.0,14.3,192.0,9.1,64.0,10.5
2025-10-18 11:00:00,2025,10,18,11,Đồng Tháp,Xã Tân Phú Trung,10.2545007,105.7361294,95,Moderate,1,30.8,65,0.1,19.4,96,1009.4,100,10.7,11.5,182.0,7.8,69.0,8.9
2025-10-18 12:00:00,2025,10,18,12,Đồng Tháp,Xã Tân Phú Trung,10.2545007,105.7361294,94,Moderate,1,28.8,74,1.8,12.9,129,1008.4,100,11.6,12.3,177.0,7.4,72.0,7.7
2025-10-18 13:00:00,2025,10,18,13,Đồng Tháp,Xã Tân Phú Trung,10.2545007,105.7361294,94,Moderate,1,32.0,63,0.1,13.5,106,1007.3,85,14.8,15.5,173.0,7.4,76.0,7.3
2025-10-18 14:00:00,2025,10,18,14,Đồng Tháp,Xã Tân Phú Trung,10.2545007,105.7361294,93,Moderate,1,31.6,63,0.0,14.0,112,1006.0,99,13.2,13.6,165.0,7.2,82.0,7.9
2025-10-18 15:00:00,2025,10,18,15,Đồng Tháp,Xã Tân Phú Trung,10.2545007,105.7361294,93,Moderate,1,28.4,76,0.4,11.5,110,1006.0,100,12.5,12.9,159.0,7.4,87.0,9.3
2025-10-18 16:00:00,2025,10,18,16,Đồng Tháp,Xã Tân Phú Trung,10.2545007,105.7361294,92,Moderate,1,28.4,74,0.7,11.7,100,1006.2,100,12.1,12.4,168.0,8.7,88.0,10.7
2025-10-18 17:00:00,2025,10,18,17,Đồng Tháp,Xã Tân Phú Trung,10.2545007,105.7361294,91,Moderate,1,27.9,75,0.0,11.9,94,1006.7,100,12.5,12.7,207.0,11.8,81.0,11.8
2025-10-18 18:00:00,2025,10,18,18,Đồng Tháp,Xã Tân Phú Trung,10.2545007,105.7361294,90,Moderate,1,26.6,82,0.1,9.9,81,1007.0,30,17.2,17.5,260.0,16.0,69.0,12.9
2025-10-18 19:00:00,2025,10,18,19,Đồng Tháp,Xã Tân Phú Trung,10.2545007,105.7361294,89,Moderate,1,26.4,88,0.0,7.7,51,1007.3,83,16.0,16.8,295.0,19.6,51.0,13.7
2025-10-18 20:00:00,2025,10,18,20,Đồng Tháp,Xã Tân Phú Trung,10.2545007,105.7361294,87,Moderate,1,25.8,91,0.0,10.9,51,1007.9,99,19.9,20.8,294.0,21.9,45.0,15.2
2025-10-18 21:00:00,2025,10,18,21,Đồng Tháp,Xã Tân Phú Trung,10.2545007,105.7361294,85,Moderate,1,25.0,91,0.0,7.5,46,1008.1,100,23.5,24.5,274.0,25.2,37.0,17.3
2025-10-18 22:00:00,2025,10,18,22,Đồng Tháp,Xã Tân Phú Trung,10.2545007,105.7361294,83,Moderate,1,24.6,91,0.0,6.1,32,1008.4,88,27.0,28.2,257.0,28.4,30.0,19.0
2025-10-18 23:00:00,2025,10,18,23,Đồng Tháp,Xã Tân Phú Trung,10.2545007,105.7361294,81,Moderate,1,24.5,92,0.0,5.2,44,1008.1,100,30.9,32.2,251.0,31.4,25.0,20.2
2025-10-19 00:00:00,2025,10,19,0,Đồng Tháp,Xã Tân Phú Trung,10.2545007,105.7361294,79,Moderate,1,24.4,94,0.0,2.8,35,1007.9,100,34.5,36.1,249.0,34.4,20.0,21.0
2025-10-19 01:00:00,2025,10,19,1,Đồng Tháp,Xã Tân Phú Trung,10.2545007,105.7361294,77,Moderate,1,24.8,96,0.0,4.8,37,1007.0,100,35.2,36.8,246.0,36.4,17.0,21.4
2025-10-19 02:00:00,2025,10,19,2,Đồng Tháp,Xã Tân Phú Trung,10.2545007,105.7361294,75,Moderate,1,24.8,96,0.0,7.3,23,1006.2,100,35.4,37.0,240.0,37.3,14.0,21.1
2025-10-19 03:00:00,2025,10,19,3,Đồng Tháp,Xã Tân Phú Trung,10.2545007,105.7361294,73,Moderate,1,24.6,96,0.0,7.6,25,1005.6,100,35.9,37.5,233.0,37.3,12.0,20.4
2025-10-19 04:00:00,2025,10,19,4,Đồng Tháp,Xã Tân Phú Trung,10.2545007,105.7361294,72,Moderate,1,24.6,96,0.0,7.0,23,1005.7,100,35.3,37.0,232.0,36.0,13.0,20.0
2025-10-19 05:00:00,2025,10,19,5,Đồng Tháp,Xã Tân Phú Trung,10.2545007,105.7361294,71,Moderate,1,24.5,97,0.0,7.1,6,1005.9,100,34.3,36.1,244.0,32.9,16.0,20.6
2025-10-19 06:00:00,2025,10,19,6,Đồng Tháp,Xã Tân Phú Trung,10.2545007,105.7361294,72,Moderate,1,24.5,97,0.0,7.8,13,1006.5,86,35.3,37.3,262.0,28.5,22.0,21.4
2025-10-19 07:00:00,2025,10,19,7,Đồng Tháp,Xã Tân Phú Trung,10.2545007,105.7361294,73,Moderate,1,26.5,89,0.0,8.0,38,1007.4,99,33.1,35.5,273.0,22.6,29.0,23.2
2025-10-19 08:00:00,2025,10,19,8,Đồng Tháp,Xã Tân Phú Trung,10.2545007,105.7361294,73,Moderate,1,28.2,79,0.0,10.6,62,1008.0,99,28.5,31.3,271.0,18.5,47.0,20.8
2025-10-19 09:00:00,2025,10,19,9,Đồng Tháp,Xã Tân Phú Trung,10.2545007,105.7361294,74,Moderate,1,29.7,74,0.2,10.5,65,1008.5,100,22.9,25.1,262.0,12.8,72.0,17.3
2025-10-19 10:00:00,2025,10,19,10,Đồng Tháp,Xã Tân Phú Trung,10.2545007,105.7361294,75,Moderate,1,31.1,67,0.0,10.7,65,1008.3,99,18.3,19.2,251.0,8.0,92.0,13.9
2025-10-19 11:00:00,2025,10,19,11,Đồng Tháp,Xã Tân Phú Trung,10.2545007,105.7361294,75,Moderate,1,32.2,62,0.0,8.4,53,1007.3,99,17.0,17.8,235.0,5.1,102.0,10.6
2025-10-19 12:00:00,2025,10,19,12,Đồng Tháp,Xã Tân Phú Trung,10.2545007,105.7361294,76,Moderate,1,33.0,59,0.0,6.5,46,1006.2,98,14.8,15.4,218.0,3.2,108.0,7.4
2025-10-19 13:00:00,2025,10,19,13,Đồng Tháp,Xã Tân Phú Trung,10.2545007,105.7361294,76,Moderate,1,33.2,55,0.0,7.6,63,1005.3,100,12.5,13.1,212.0,2.2,109.0,5.1
2025-10-19 14:00:00,2025,10,19,14,Đồng Tháp,Xã Tân Phú Trung,10.2545007,105.7361294,76,Moderate,1,31.6,64,2.1,9.3,54,1004.4,100,11.1,11.6,220.0,1.9,106.0,4.0
2025-10-19 15:00:00,2025,10,19,15,Đồng Tháp,Xã Tân Phú Trung,10.2545007,105.7361294,76,Moderate,1,31.1,67,0.0,7.3,80,1003.9,99,10.7,11.1,240.0,2.6,98.0,3.9
2025-10-19 16:00:00,2025,10,19,16,Đồng Tháp,Xã Tân Phú Trung,10.2545007,105.7361294,75,Moderate,1,30.8,66,0.4,0.6,124,1004.2,100,11.3,11.7,278.0,4.9,89.0,4.6
2025-10-19 17:00:00,2025,10,19,17,Đồng Tháp,Xã Tân Phú Trung,10.2545007,105.7361294,75,Moderate,1,29.5,70,0.0,7.7,168,1004.8,100,16.6,16.9,354.0,10.1,77.0,6.4
2025-10-19 18:00:00,2025,10,19,18,Đồng Tháp,Xã Tân Phú Trung,10.2545007,105.7361294,76,Moderate,1,27.8,80,0.0,9.8,187,1005.4,100,23.2,23.5,447.0,17.0,63.0,9.1
2025-10-19 19:00:00,2025,10,19,19,Đồng Tháp,Xã Tân Phú Trung,10.2545007,105.7361294,76,Moderate,1,27.4,87,0.0,3.5,208,1006.1,100,32.4,33.2,507.0,30.3,35.0,15.3
2025-10-19 20:00:00,2025,10,19,20,Đồng Tháp,Xã Tân Phú Trung,10.2545007,105.7361294,78,Moderate,1,27.1,87,0.0,4.0,252,1006.8,100,35.0,35.4,506.0,29.1,37.0,15.7
2025-10-19 21:00:00,2025,10,19,21,Đồng Tháp,Xã Tân Phú Trung,10.2545007,105.7361294,79,Moderate,1,26.9,90,0.0,3.5,291,1007.1,96,36.8,37.1,471.0,27.5,40.0,16.1
2025-10-19 22:00:00,2025,10,19,22,Đồng Tháp,Xã Tân Phú Trung,10.2545007,105.7361294,80,Moderate,1,26.4,92,0.8,4.2,100,1007.7,88,36.2,36.4,431.0,26.0,42.0,16.3
2025-10-19 23:00:00,2025,10,19,23,Đồng Tháp,Xã Tân Phú Trung,10.2545007,105.7361294,81,Moderate,1,26.4,93,0.2,2.0,100,1007.6,70,31.8,31.9,391.0,24.7,42.0,15.9
2025-10-20 00:00:00,2025,10,20,0,Đồng Tháp,Xã Tân Phú Trung,10.2545007,105.7361294,81,Moderate,1,26.2,92,0.0,1.5,187,1007.3,29,31.4,31.7,345.0,23.6,40.0,15.2
2025-10-20 01:00:00,2025,10,20,1,Đồng Tháp,Xã Tân Phú Trung,10.2545007,105.7361294,81,Moderate,1,25.9,91,0.1,2.8,333,1006.9,60,33.1,33.2,304.0,23.0,38.0,14.8
2025-10-20 02:00:00,2025,10,20,2,Đồng Tháp,Xã Tân Phú Trung,10.2545007,105.7361294,81,Moderate,1,25.8,92,0.4,4.8,318,1006.1,100,34.3,34.6,266.0,23.6,35.0,15.0
2025-10-20 03:00:00,2025,10,20,3,Đồng Tháp,Xã Tân Phú Trung,10.2545007,105.7361294,80,Moderate,1,25.5,94,0.0,7.4,313,1005.9,100,35.3,35.4,232.0,24.8,30.0,15.4
2025-10-20 04:00:00,2025,10,20,4,Đồng Tháp,Xã Tân Phú Trung,10.2545007,105.7361294,80,Moderate,1,25.3,96,0.0,6.3,305,1005.7,100,35.7,35.9,214.0,25.1,28.0,15.8
2025-10-20 05:00:00,2025,10,20,5,Đồng Tháp,Xã Tân Phú Trung,10.2545007,105.7361294,80,Moderate,1,25.1,96,0.0,6.8,310,1005.9,100,36.6,36.8,228.0,24.0,26.0,16.3
2025-10-20 06:00:00,2025,10,20,6,Đồng Tháp,Xã Tân Phú Trung,10.2545007,105.7361294,81,Moderate,1,25.0,96,0.0,7.4,313,1006.4,100,38.4,38.5,258.0,22.0,26.0,16.8
2025-10-20 07:00:00,2025,10,20,7,Đồng Tháp,Xã Tân Phú Trung,10.2545007,105.7361294,81,Moderate,1,26.9,91,0.0,7.2,321,1007.1,100,31.4,31.5,273.0,19.0,30.0,15.2
2025-10-20 08:00:00,2025,10,20,8,Đồng Tháp,Xã Tân Phú Trung,10.2545007,105.7361294,81,Moderate,1,29.0,77,0.0,8.3,314,1007.8,99,22.3,22.5,256.0,14.5,53.0,12.9
2025-10-20 09:00:00,2025,10,20,9,Đồng Tháp,Xã Tân Phú Trung,10.2545007,105.7361294,80,Moderate,1,30.8,66,0.1,8.3,314,1008.0,98,17.1,17.5,223.0,8.3,83.0,9.6
2025-10-20 10:00:00,2025,10,20,10,Đồng Tháp,Xã Tân Phú Trung,10.2545007,105.7361294,80,Moderate,1,31.8,60,0.1,10.4,337,1007.8,100,13.5,14.1,194.0,3.7,105.0,6.8
2025-10-20 11:00:00,2025,10,20,11,Đồng Tháp,Xã Tân Phú Trung,10.2545007,105.7361294,79,Moderate,1,32.2,61,0.1,13.1,339,1007.1,100,11.2,12.1,170.0,2.1,109.0,4.9
2025-10-20 12:00:00,2025,10,20,12,Đồng Tháp,Xã Tân Phú Trung,10.2545007,105.7361294,79,Moderate,1,33.3,56,0.1,13.3,352,1006.1,100,9.2,10.0,149.0,1.9,103.0,3.6
2025-10-20 13:00:00,2025,10,20,13,Đồng Tháp,Xã Tân Phú Trung,10.2545007,105.7361294,78,Moderate,1,33.3,54,0.0,12.2,8,1005.3,100,7.5,7.9,145.0,2.3,97.0,2.9
2025-10-20 14:00:00,2025,10,20,14,Đồng Tháp,Xã Tân Phú Trung,10.2545007,105.7361294,78,Moderate,1,33.5,54,0.0,10.3,13,1004.0,100,9.1,9.5,164.0,2.4,95.0,3.1
2025-10-20 15:00:00,2025,10,20,15,Đồng Tháp,Xã Tân Phú Trung,10.2545007,105.7361294,78,Moderate,1,32.8,56,0.5,11.4,11,1003.8,100,9.1,9.3,198.0,2.9,93.0,3.9
2025-10-20 16:00:00,2025,10,20,16,Đồng Tháp,Xã Tân Phú Trung,10.2545007,105.7361294,78,Moderate,1,30.5,64,0.1,11.6,294,1004.1,100,8.9,9.1,242.0,5.0,88.0,5.0
2025-10-20 17:00:00,2025,10,20,17,Đồng Tháp,Xã Tân Phú Trung,10.2545007,105.7361294,77,Moderate,1,28.0,75,0.1,2.8,259,1005.2,100,10.5,10.7,304.0,10.5,75.0,6.7
2025-10-20 18:00:00,2025,10,20,18,Đồng Tháp,Xã Tân Phú Trung,10.2545007,105.7361294,77,Moderate,1,27.5,79,0.1,2.1,31,1005.8,100,25.6,26.3,375.0,17.5,58.0,8.7
2025-10-20 19:00:00,2025,10,20,19,Đồng Tháp,Xã Tân Phú Trung,10.2545007,105.7361294,77,Moderate,1,26.6,93,1.2,8.7,356,1006.3,100,18.5,18.6,419.0,18.8,46.0,9.3
2025-10-20 20:00:00,2025,10,20,20,Đồng Tháp,Xã Tân Phú Trung,10.2545007,105.7361294,76,Moderate,1,26.1,94,6.8,9.6,344,1006.9,100,19.9,20.1,414.0,18.8,46.0,10.3
2025-10-20 21:00:00,2025,10,20,21,Đồng Tháp,Xã Tân Phú Trung,10.2545007,105.7361294,74,Moderate,1,25.5,96,4.3,11.5,284,1007.7,100,19.7,19.8,382.0,18.8,47.0,11.6
2025-10-20 22:00:00,2025,10,20,22,Đồng Tháp,Xã Tân Phú Trung,10.2545007,105.7361294,73,Moderate,1,25.0,97,3.5,6.6,9,1008.6,100,20.0,20.1,350.0,18.7,46.0,12.4
2025-10-20 23:00:00,2025,10,20,23,Đồng Tháp,Xã Tân Phú Trung,10.2545007,105.7361294,71,Moderate,1,25.0,96,3.9,4.7,270,1008.7,100,18.8,19.0,327.0,18.5,44.0,12.3
2025-10-21 00:00:00,2025,10,21,0,Đồng Tháp,Xã Tân Phú Trung,10.2545007,105.7361294,70,Moderate,1,24.5,96,9.3,7.7,307,1008.9,100,17.9,18.0,303.0,18.3,41.0,11.7
2025-10-21 01:00:00,2025,10,21,1,Đồng Tháp,Xã Tân Phú Trung,10.2545007,105.7361294,69,Moderate,1,25.0,96,1.8,6.3,217,1007.9,100,17.5,17.8,278.0,17.8,39.0,11.1
2025-10-21 02:00:00,2025,10,21,2,Đồng Tháp,Xã Tân Phú Trung,10.2545007,105.7361294,68,Moderate,1,24.9,96,1.0,5.9,256,1007.2,100,15.1,15.4,244.0,16.9,38.0,10.4
2025-10-21 03:00:00,2025,10,21,3,Đồng Tháp,Xã Tân Phú Trung,10.2545007,105.7361294,66,Moderate,1,24.0,98,4.6,5.7,257,1007.3,100,13.9,14.0,208.0,15.8,39.0,9.7
2025-10-21 04:00:00,2025,10,21,4,Đồng Tháp,Xã Tân Phú Trung,10.2545007,105.7361294,64,Moderate,1,24.2,95,2.5,3.7,321,1006.8,100,13.2,13.4,190.0,14.9,39.0,9.2
2025-10-21 05:00:00,2025,10,21,5,Đồng Tháp,Xã Tân Phú Trung,10.2545007,105.7361294,62,Moderate,1,24.5,94,0.2,3.0,303,1007.0,100,13.3,13.5,209.0,14.6,38.0,9.3
2025-10-21 06:00:00,2025,10,21,6,Đồng Tháp,Xã Tân Phú Trung,10.2545007,105.7361294,60,Moderate,1,24.6,95,0.0,6.3,307,1007.7,100,14.8,15.1,246.0,14.4,36.0,9.7
2025-10-21 07:00:00,2025,10,21,7,Đồng Tháp,Xã Tân Phú Trung,10.2545007,105.7361294,58,Moderate,1,26.0,88,0.0,7.7,295,1007.7,100,14.2,14.6,269.0,15.3,39.0,12.7
2025-10-21 08:00:00,2025,10,21,8,Đồng Tháp,Xã Tân Phú Trung,10.2545007,105.7361294,56,Moderate,1,28.0,80,0.0,10.1,327,1008.3,100,12.7,13.0,260.0,12.1,55.0,11.2
2025-10-21 09:00:00,2025,10,21,9,Đồng Tháp,Xã Tân Phú Trung,10.2545007,105.7361294,56,Moderate,1,29.0,75,0.0,10.0,346,1008.7,100,11.6,11.8,236.0,7.8,78.0,9.1
2025-10-21 10:00:00,2025,10,21,10,Đồng Tháp,Xã Tân Phú Trung,10.2545007,105.7361294,55,Moderate,1,30.6,67,0.1,11.6,16,1008.6,100,12.0,12.2,218.0,4.4,96.0,7.3
2025-10-21 11:00:00,2025,10,21,11,Đồng Tháp,Xã Tân Phú Trung,10.2545007,105.7361294,55,Moderate,1,32.3,60,0.1,12.4,19,1008.0,100,12.0,12.2,212.0,2.8,107.0,5.9
2025-10-21 12:00:00,2025,10,21,12,Đồng Tháp,Xã Tân Phú Trung,10.2545007,105.7361294,55,Moderate,1,33.3,57,0.0,10.4,26,1007.0,99,11.9,12.1,211.0,2.2,114.0,4.8
2025-10-21 13:00:00,2025,10,21,13,Đồng Tháp,Xã Tân Phú Trung,10.2545007,105.7361294,55,Moderate,1,33.4,55,0.0,8.4,40,1006.3,100,10.4,10.6,215.0,2.4,116.0,4.3
2025-10-21 14:00:00,2025,10,21,14,Đồng Tháp,Xã Tân Phú Trung,10.2545007,105.7361294,56,Moderate,1,29.6,72,3.3,16.2,2,1005.9,100,13.0,13.1,217.0,3.3,110.0,4.5
2025-10-21 15:00:00,2025,10,21,15,Đồng Tháp,Xã Tân Phú Trung,10.2545007,105.7361294,56,Moderate,1,29.8,72,0.9,1.0,301,1004.8,100,13.4,13.5,224.0,5.1,99.0,5.3
2025-10-21 16:00:00,2025,10,21,16,Đồng Tháp,Xã Tân Phú Trung,10.2545007,105.7361294,56,Moderate,1,30.6,69,0.0,0.9,233,1005.2,99,14.0,14.1,252.0,8.2,88.0,6.9
2025-10-21 17:00:00,2025,10,21,17,Đồng Tháp,Xã Tân Phú Trung,10.2545007,105.7361294,57,Moderate,1,29.0,72,1.2,6.1,56,1006.3,100,16.4,16.5,320.0,14.0,77.0,10.0
2025-10-21 18:00:00,2025,10,21,18,Đồng Tháp,Xã Tân Phú Trung,10.2545007,105.7361294,57,Moderate,1,27.1,84,0.1,8.1,31,1007.2,100,22.8,22.8,409.0,21.1,66.0,14.0
2025-10-21 19:00:00,2025,10,21,19,Đồng Tháp,Xã Tân Phú Trung,10.2545007,105.7361294,57,Moderate,1,25.8,90,0.6,8.9,317,1006.7,100,37.6,37.7,482.0,29.2,61.0,18.5
2025-10-21 20:00:00,2025,10,21,20,Đồng Tháp,Xã Tân Phú Trung,10.2545007,105.7361294,59,Moderate,1,25.9,92,0.0,7.5,333,1007.4,100,38.9,39.0,526.0,29.0,60.0,19.8
2025-10-21 21:00:00,2025,10,21,21,Đồng Tháp,Xã Tân Phú Trung,10.2545007,105.7361294,60,Moderate,1,26.2,89,0.0,5.6,327,1008.2,100,39.6,39.6,553.0,28.7,57.0,21.7
2025-10-21 22:00:00,2025,10,21,22,Đồng Tháp,Xã Tân Phú Trung,10.2545007,105.7361294,62,Moderate,1,26.3,88,0.0,5.6,6,1008.1,100,40.6,40.7,571.0,28.7,55.0,23.3
2025-10-21 23:00:00,2025,10,21,23,Đồng Tháp,Xã Tân Phú Trung,10.2545007,105.7361294,64,Moderate,1,25.9,91,0.5,7.3,52,1008.4,100,41.4,41.6,587.0,29.3,52.0,24.5
2025-10-22 00:00:00,2025,10,22,0,Đồng Tháp,Xã Tân Phú Trung,10.2545007,105.7361294,66,Moderate,1,25.6,93,0.2,5.4,40,1007.7,100,42.4,42.4,594.0,30.1,50.0,25.5
2025-10-22 01:00:00,2025,10,22,1,Đồng Tháp,Xã Tân Phú Trung,10.2545007,105.7361294,68,Moderate,1,25.8,94,0.0,5.1,36,1007.2,100,44.8,44.9,567.0,30.5,47.0,25.6
2025-10-22 02:00:00,2025,10,22,2,Đồng Tháp,Xã Tân Phú Trung,10.2545007,105.7361294,71,Moderate,1,25.5,95,0.0,3.3,36,1006.6,100,47.6,47.7,475.0,29.9,44.0,24.2
2025-10-22 03:00:00,2025,10,22,3,Đồng Tháp,Xã Tân Phú Trung,10.2545007,105.7361294,73,Moderate,1,25.5,95,0.0,2.0,360,1006.4,100,42.4,42.5,350.0,28.8,41.0,22.0
2025-10-22 04:00:00,2025,10,22,4,Đồng Tháp,Xã Tân Phú Trung,10.2545007,105.7361294,76,Moderate,1,25.4,96,0.0,1.7,41,1006.3,99,42.6,42.7,268.0,27.8,40.0,20.7
2025-10-22 05:00:00,2025,10,22,5,Đồng Tháp,Xã Tân Phú Trung,10.2545007,105.7361294,79,Moderate,1,25.3,96,0.0,0.9,37,1006.9,100,42.4,42.5,271.0,27.8,37.0,21.8
2025-10-22 06:00:00,2025,10,22,6,Đồng Tháp,Xã Tân Phú Trung,10.2545007,105.7361294,81,Moderate,1,25.4,96,0.0,2.0,355,1007.7,100,46.8,46.9,317.0,28.0,36.0,23.8
2025-10-22 07:00:00,2025,10,22,7,Đồng Tháp,Xã Tân Phú Trung,10.2545007,105.7361294,84,Moderate,1,25.9,93,0.0,1.3,214,1008.1,100,34.6,34.7,349.0,23.2,54.0,21.2
2025-10-22 08:00:00,2025,10,22,8,Đồng Tháp,Xã Tân Phú Trung,10.2545007,105.7361294,86,Moderate,1,27.4,83,0.0,3.7,259,1008.8,100,25.5,25.6,343.0,18.0,73.0,18.3
2025-10-22 09:00:00,2025,10,22,9,Đồng Tháp,Xã Tân Phú Trung,10.2545007,105.7361294,87,Moderate,1,29.1,78,0.0,5.1,27,1009.2,100,21.9,22.2,324.0,10.8,100.0,14.1
2025-10-22 10:00:00,2025,10,22,10,Đồng Tháp,Xã Tân Phú Trung,10.2545007,105.7361294,88,Moderate,1,30.8,72,0.1,5.8,360,1009.8,100,21.5,21.7,306.0,5.3,122.0,10.7
2025-10-22 11:00:00,2025,10,22,11,Đồng Tháp,Xã Tân Phú Trung,10.2545007,105.7361294,89,Moderate,1,31.8,66,0.2,8.4,11,1009.0,100,21.3,21.5,294.0,3.0,134.0,8.6
2025-10-22 12:00:00,2025,10,22,12,Đồng Tháp,Xã Tân Phú Trung,10.2545007,105.7361294,90,Moderate,1,31.2,64,0.5,10.4,28,1007.9,99,20.0,20.2,283.0,2.4,141.0,7.2
2025-10-22 13:00:00,2025,10,22,13,Đồng Tháp,Xã Tân Phú Trung,10.2545007,105.7361294,90,Moderate,1,32.5,60,1.6,10.7,35,1007.0,100,19.2,19.3,281.0,2.8,141.0,6.3
2025-10-22 14:00:00,2025,10,22,14,Đồng Tháp,Xã Tân Phú Trung,10.2545007,105.7361294,91,Moderate,1,29.0,75,2.9,13.9,40,1006.6,100,20.3,20.4,281.0,4.0,131.0,6.0
2025-10-22 15:00:00,2025,10,22,15,Đồng Tháp,Xã Tân Phú Trung,10.2545007,105.7361294,92,Moderate,1,29.1,73,0.1,4.2,47,1005.9,100,18.5,18.6,288.0,6.1,113.0,6.3
2025-10-22 16:00:00,2025,10,22,16,Đồng Tháp,Xã Tân Phú Trung,10.2545007,105.7361294,92,Moderate,1,30.0,69,0.0,3.3,41,1006.0,92,18.3,18.5,329.0,8.7,98.0,7.1
2025-10-22 17:00:00,2025,10,22,17,Đồng Tháp,Xã Tân Phú Trung,10.2545007,105.7361294,92,Moderate,1,29.2,71,0.0,4.1,29,1006.4,80,19.0,19.1,440.0,12.1,88.0,8.7
2025-10-22 18:00:00,2025,10,22,18,Đồng Tháp,Xã Tân Phú Trung,10.2545007,105.7361294,93,Moderate,1,28.0,80,0.0,2.2,346,1007.2,100,22.7,22.8,584.0,16.0,80.0,10.8
2025-10-22 19:00:00,2025,10,22,19,Đồng Tháp,Xã Tân Phú Trung,10.2545007,105.7361294,93,Moderate,1,26.2,92,0.4,4.5,151,1007.7,100,26.5,26.6,674.0,21.3,63.0,12.1
2025-10-22 20:00:00,2025,10,22,20,Đồng Tháp,Xã Tân Phú Trung,10.2545007,105.7361294,92,Moderate,1,26.4,90,0.0,4.7,137,1008.2,100,27.9,27.9,669.0,22.5,59.0,13.9
2025-10-22 21:00:00,2025,10,22,21,Đồng Tháp,Xã Tân Phú Trung,10.2545007,105.7361294,91,Moderate,1,26.2,90,0.0,3.6,96,1008.6,100,30.5,30.5,611.0,24.2,54.0,16.3
2025-10-22 22:00:00,2025,10,22,22,Đồng Tháp,Xã Tân Phú Trung,10.2545007,105.7361294,90,Moderate,1,26.0,93,0.0,4.8,79,1008.7,100,35.2,35.2,538.0,25.8,48.0,18.1
2025-10-22 23:00:00,2025,10,22,23,Đồng Tháp,Xã Tân Phú Trung,10.2545007,105.7361294,89,Moderate,1,25.0,95,1.4,12.0,76,1009.3,100,38.2,38.3,447.0,27.0,43.0,18.5
2025-10-23 00:00:00,2025,10,23,0,Đồng Tháp,Xã Tân Phú Trung,10.2545007,105.7361294,89,Moderate,1,24.1,96,0.3,5.3,78,1009.1,98,40.0,40.2,341.0,28.2,37.0,18.3
2025-10-23 01:00:00,2025,10,23,1,Đồng Tháp,Xã Tân Phú Trung,10.2545007,105.7361294,89,Moderate,1,23.4,97,6.5,4.5,270,1008.7,100,42.6,42.6,263.0,29.4,33.0,18.6
2025-10-23 02:00:00,2025,10,23,2,Đồng Tháp,Xã Tân Phú Trung,10.2545007,105.7361294,89,Moderate,1,24.0,94,0.8,1.8,360,1007.9,97,43.7,43.7,233.0,31.1,31.0,20.1
2025-10-23 03:00:00,2025,10,23,3,Đồng Tháp,Xã Tân Phú Trung,10.2545007,105.7361294,88,Moderate,1,24.0,94,0.1,0.5,360,1007.9,98,45.1,45.1,231.0,32.8,29.0,22.2
2025-10-23 04:00:00,2025,10,23,4,Đồng Tháp,Xã Tân Phú Trung,10.2545007,105.7361294,89,Moderate,1,24.0,94,0.0,3.9,313,1007.5,92,49.0,49.1,240.0,33.6,29.0,24.0
2025-10-23 05:00:00,2025,10,23,5,Đồng Tháp,Xã Tân Phú Trung,10.2545007,105.7361294,89,Moderate,1,23.9,95,0.0,5.6,338,1007.7,74,54.0,54.1,263.0,33.6,27.0,25.6
2025-10-23 06:00:00,2025,10,23,6,Đồng Tháp,Xã Tân Phú Trung,10.2545007,105.7361294,90,Moderate,1,23.9,96,0.0,7.3,344,1008.5,98,60.8,60.8,297.0,32.6,27.0,26.9
2025-10-23 07:00:00,2025,10,23,7,Đồng Tháp,Xã Tân Phú Trung,10.2545007,105.7361294,92,Moderate,1,25.1,91,0.0,6.5,355,1008.9,99,43.3,43.4,317.0,25.8,41.0,24.1
2025-10-23 08:00:00,2025,10,23,8,Đồng Tháp,Xã Tân Phú Trung,10.2545007,105.7361294,92,Moderate,1,27.2,81,0.0,6.4,350,1009.4,100,28.4,28.5,308.0,19.4,57.0,19.0
2025-10-23 09:00:00,2025,10,23,9,Đồng Tháp,Xã Tân Phú Trung,10.2545007,105.7361294,93,Moderate,1,29.1,73,0.1,8.7,32,1009.4,100,15.1,15.2,286.0,10.6,79.0,12.0
2025-10-23 10:00:00,2025,10,23,10,Đồng Tháp,Xã Tân Phú Trung,10.2545007,105.7361294,92,Moderate,1,30.3,66,0.2,9.2,45,1009.5,100,15.9,15.9,265.0,4.1,99.0,6.8
2025-10-23 11:00:00,2025,10,23,11,Đồng Tháp,Xã Tân Phú Trung,10.2545007,105.7361294,91,Moderate,1,31.5,62,0.0,8.0,63,1008.8,100,17.5,17.6,249.0,2.0,115.0,5.1
2025-10-23 12:00:00,2025,10,23,12,Đồng Tháp,Xã Tân Phú Trung,10.2545007,105.7361294,91,Moderate,1,32.4,59,0.0,6.9,85,1008.3,100,18.3,18.3,235.0,2.3,129.0,5.3
2025-10-23 13:00:00,2025,10,23,13,Đồng Tháp,Xã Tân Phú Trung,10.2545007,105.7361294,91,Moderate,1,32.0,59,0.0,10.2,82,1007.7,100,19.0,19.1,233.0,3.2,138.0,5.9
2025-10-23 14:00:00,2025,10,23,14,Đồng Tháp,Xã Tân Phú Trung,10.2545007,105.7361294,91,Moderate,1,31.8,58,0.0,11.4,84,1006.6,100,21.1,21.2,241.0,4.1,141.0,6.4
2025-10-23 15:00:00,2025,10,23,15,Đồng Tháp,Xã Tân Phú Trung,10.2545007,105.7361294,91,Moderate,1,27.8,78,0.8,14.8,106,1007.2,100,22.2,22.2,262.0,5.7,138.0,7.4
2025-10-23 16:00:00,2025,10,23,16,Đồng Tháp,Xã Tân Phú Trung,10.2545007,105.7361294,91,Moderate,1,27.4,79,0.1,8.5,46,1006.4,100,22.2,22.2,309.0,8.3,132.0,8.9
2025-10-23 17:00:00,2025,10,23,17,Đồng Tháp,Xã Tân Phú Trung,10.2545007,105.7361294,92,Moderate,1,27.5,79,0.0,7.2,19,1007.3,100,23.2,23.3,410.0,12.7,120.0,11.5
2025-10-23 18:00:00,2025,10,23,18,Đồng Tháp,Xã Tân Phú Trung,10.2545007,105.7361294,92,Moderate,1,27.0,83,0.0,7.2,360,1008.2,100,26.9,27.0,538.0,18.1,104.0,14.7
2025-10-23 19:00:00,2025,10,23,19,Đồng Tháp,Xã Tân Phú Trung,10.2545007,105.7361294,92,Moderate,1,27.0,92,0.0,5.4,34,1008.7,96,31.0,31.1,627.0,21.1,77.0,13.5
2025-10-23 20:00:00,2025,10,23,20,Đồng Tháp,Xã Tân Phú Trung,10.2545007,105.7361294,93,Moderate,1,26.7,95,0.1,7.0,35,1009.6,99,32.9,33.2,652.0,21.6,73.0,14.5
2025-10-23 21:00:00,2025,10,23,21,Đồng Tháp,Xã Tân Phú Trung,10.2545007,105.7361294,93,Moderate,1,26.2,95,0.1,6.9,39,1010.1,100,34.3,34.6,638.0,22.1,67.0,15.8
2025-10-23 22:00:00,2025,10,23,22,Đồng Tháp,Xã Tân Phú Trung,10.2545007,105.7361294,94,Moderate,1,26.2,93,0.0,6.5,44,1010.2,100,34.8,35.3,600.0,22.1,63.0,16.5
2025-10-23 23:00:00,2025,10,23,23,Đồng Tháp,Xã Tân Phú Trung,10.2545007,105.7361294,94,Moderate,1,26.1,93,0.0,6.4,22,1009.8,100,34.5,34.7,525.0,20.8,63.0,16.0
2025-10-24 00:00:00,2025,10,24,0,Đồng Tháp,Xã Tân Phú Trung,10.2545007,105.7361294,93,Moderate,1,25.9,93,0.0,7.7,25,1009.2,100,32.8,33.2,425.0,18.9,64.0,14.8
2025-10-24 01:00:00,2025,10,24,1,Đồng Tháp,Xã Tân Phú Trung,10.2545007,105.7361294,93,Moderate,1,25.6,95,0.0,8.6,59,1008.5,100,30.9,31.1,353.0,17.5,64.0,13.7
2025-10-24 02:00:00,2025,10,24,2,Đồng Tháp,Xã Tân Phú Trung,10.2545007,105.7361294,92,Moderate,1,25.8,95,0.5,13.0,61,1007.7,100,29.6,29.8,335.0,17.3,61.0,12.9
2025-10-24 03:00:00,2025,10,24,3,Đồng Tháp,Xã Tân Phú Trung,10.2545007,105.7361294,90,Moderate,1,25.4,91,1.4,11.8,46,1007.8,100,30.6,30.9,345.0,17.7,57.0,12.2
2025-10-24 04:00:00,2025,10,24,4,Đồng Tháp,Xã Tân Phú Trung,10.2545007,105.7361294,89,Moderate,1,24.7,96,0.8,6.8,25,1008.0,100,32.1,32.4,357.0,17.5,55.0,11.5
2025-10-24 05:00:00,2025,10,24,5,Đồng Tháp,Xã Tân Phú Trung,10.2545007,105.7361294,88,Moderate,1,23.9,97,4.4,8.3,22,1008.7,100,31.2,31.4,368.0,16.4,55.0,10.7
2025-10-24 06:00:00,2025,10,24,6,Đồng Tháp,Xã Tân Phú Trung,10.2545007,105.7361294,86,Moderate,1,24.0,97,1.4,11.8,25,1009.1,100,26.6,26.7,382.0,14.8,58.0,9.9
2025-10-24 07:00:00,2025,10,24,7,Đồng Tháp,Xã Tân Phú Trung,10.2545007,105.7361294,82,Moderate,1,26.0,93,0.1,3.3,29,1009.0,98,27.1,27.3,383.0,11.2,64.0,8.1
2025-10-24 08:00:00,2025,10,24,8,Đồng Tháp,Xã Tân Phú Trung,10.2545007,105.7361294,81,Moderate,1,27.7,85,0.0,4.5,5,1009.7,99,24.4,24.6,362.0,8.8,77.0,7.2
2025-10-24 09:00:00,2025,10,24,9,Đồng Tháp,Xã Tân Phú Trung,10.2545007,105.7361294,81,Moderate,1,29.5,75,0.2,8.3,355,1010.3,100,23.1,23.2,328.0,5.4,94.0,5.9
2025-10-24 10:00:00,2025,10,24,10,Đồng Tháp,Xã Tân Phú Trung,10.2545007,105.7361294,81,Moderate,1,30.1,71,0.2,6.1,358,1010.3,100,22.2,22.5,301.0,3.1,107.0,5.0
2025-10-24 11:00:00,2025,10,24,11,Đồng Tháp,Xã Tân Phú Trung,10.2545007,105.7361294,82,Moderate,1,30.5,69,0.1,3.2,27,1009.8,100,21.8,22.1,282.0,2.4,112.0,4.3
2025-10-24 12:00:00,2025,10,24,12,Đồng Tháp,Xã Tân Phú Trung,10.2545007,105.7361294,82,Moderate,1,31.5,64,0.1,4.0,36,1008.8,99,20.0,20.4,269.0,2.6,113.0,4.0
2025-10-24 13:00:00,2025,10,24,13,Đồng Tháp,Xã Tân Phú Trung,10.2545007,105.7361294,82,Moderate,1,32.2,60,0.0,5.0,35,1007.5,96,20.0,20.4,271.0,3.8,112.0,4.8
2025-10-24 14:00:00,2025,10,24,14,Đồng Tháp,Xã Tân Phú Trung,10.2545007,105.7361294,83,Moderate,1,33.2,54,0.0,6.0,81,1006.5,100,22.1,22.5,290.0,6.0,111.0,7.5
2025-10-24 15:00:00,2025,10,24,15,Đồng Tháp,Xã Tân Phú Trung,10.2545007,105.7361294,83,Moderate,1,27.0,83,3.0,6.3,110,1006.9,100,24.8,25.1,323.0,9.0,109.0,11.4
2025-10-24 16:00:00,2025,10,24,16,Đồng Tháp,Xã Tân Phú Trung,10.2545007,105.7361294,83,Moderate,1,27.1,84,0.3,6.0,87,1007.1,99,27.4,27.6,373.0,12.7,104.0,14.8
2025-10-24 17:00:00,2025,10,24,17,Đồng Tháp,Xã Tân Phú Trung,10.2545007,105.7361294,83,Moderate,1,27.6,81,0.0,3.1,66,1008.1,100,28.9,29.1,461.0,17.5,96.0,17.3
2025-10-24 18:00:00,2025,10,24,18,Đồng Tháp,Xã Tân Phú Trung,10.2545007,105.7361294,84,Moderate,1,26.8,87,0.0,2.1,20,1008.4,100,33.4,33.5,564.0,22.8,86.0,19.4
2025-10-24 19:00:00,2025,10,24,19,Đồng Tháp,Xã Tân Phú Trung,10.2545007,105.7361294,84,Moderate,1,26.1,89,0.0,4.2,59,1008.3,100,48.2,48.3,619.0,33.0,53.0,21.9
2025-10-24 20:00:00,2025,10,24,20,Đồng Tháp,Xã Tân Phú Trung,10.2545007,105.7361294,86,Moderate,1,26.2,88,0.0,6.2,69,1009.1,100,47.8,48.0,582.0,32.4,50.0,22.5
2025-10-24 21:00:00,2025,10,24,21,Đồng Tháp,Xã Tân Phú Trung,10.2545007,105.7361294,87,Moderate,1,26.0,91,0.0,4.1,88,1009.5,100,50.1,50.3,497.0,31.5,47.0,23.4
2025-10-24 22:00:00,2025,10,24,22,Đồng Tháp,Xã Tân Phú Trung,10.2545007,105.7361294,89,Moderate,1,25.9,91,0.0,2.9,97,1009.5,100,50.2,50.5,427.0,30.8,43.0,23.8
2025-10-24 23:00:00,2025,10,24,23,Đồng Tháp,Xã Tân Phú Trung,10.2545007,105.7361294,90,Moderate,1,25.8,92,0.0,5.7,77,1009.8,100,51.2,51.5,405.0,30.5,39.0,23.5
2025-10-25 00:00:00,2025,10,25,0,Đồng Tháp,Xã Tân Phú Trung,10.2545007,105.7361294,92,Moderate,1,25.5,93,0.0,3.4,72,1009.5,100,50.8,51.1,398.0,30.3,36.0,22.8
2025-10-25 01:00:00,2025,10,25,1,Đồng Tháp,Xã Tân Phú Trung,10.2545007,105.7361294,93,Moderate,1,25.3,94,0.0,1.3,34,1009.0,100,50.3,50.6,377.0,29.8,33.0,22.0
2025-10-25 02:00:00,2025,10,25,2,Đồng Tháp,Xã Tân Phú Trung,10.2545007,105.7361294,95,Moderate,1,25.1,94,0.0,3.0,335,1008.0,100,49.0,49.2,314.0,28.9,30.0,21.2
2025-10-25 03:00:00,2025,10,25,3,Đồng Tháp,Xã Tân Phú Trung,10.2545007,105.7361294,97,Moderate,1,25.0,96,0.0,3.5,325,1007.8,100,46.7,46.9,237.0,27.7,28.0,20.3
2025-10-25 04:00:00,2025,10,25,4,Đồng Tháp,Xã Tân Phú Trung,10.2545007,105.7361294,98,Moderate,1,25.0,96,0.0,5.7,305,1007.7,100,43.1,43.3,193.0,25.7,28.0,19.4
2025-10-25 05:00:00,2025,10,25,5,Đồng Tháp,Xã Tân Phú Trung,10.2545007,105.7361294,99,Moderate,1,25.0,96,0.0,6.8,310,1007.5,100,39.6,39.7,217.0,22.6,32.0,18.8
2025-10-25 06:00:00,2025,10,25,6,Đồng Tháp,Xã Tân Phú Trung,10.2545007,105.7361294,100,Moderate,1,25.0,95,0.0,7.3,320,1008.3,100,38.1,38.2,274.0,18.8,38.0,18.2
2025-10-25 07:00:00,2025,10,25,7,Đồng Tháp,Xã Tân Phú Trung,10.2545007,105.7361294,101,Unhealthy for Sensitive Groups,2,25.8,89,0.0,7.7,359,1008.3,100,20.7,20.8,316.0,12.2,47.0,10.7
2025-10-25 08:00:00,2025,10,25,8,Đồng Tháp,Xã Tân Phú Trung,10.2545007,105.7361294,100,Moderate,1,27.1,84,0.0,8.5,348,1008.8,100,15.5,15.6,320.0,9.7,62.0,9.5
2025-10-25 09:00:00,2025,10,25,9,Đồng Tháp,Xã Tân Phú Trung,10.2545007,105.7361294,99,Moderate,1,26.7,92,1.2,11.3,359,1009.7,100,14.1,14.2,308.0,6.1,84.0,7.9
2025-10-25 10:00:00,2025,10,25,10,Đồng Tháp,Xã Tân Phú Trung,10.2545007,105.7361294,99,Moderate,1,28.0,82,0.8,7.9,349,1010.4,100,11.0,11.1,294.0,3.5,99.0,6.5
2025-10-25 11:00:00,2025,10,25,11,Đồng Tháp,Xã Tân Phú Trung,10.2545007,105.7361294,98,Moderate,1,29.5,73,0.1,8.0,9,1010.0,100,7.7,7.7,280.0,2.2,104.0,5.3
2025-10-25 12:00:00,2025,10,25,12,Đồng Tháp,Xã Tân Phú Trung,10.2545007,105.7361294,96,Moderate,1,29.5,71,0.2,8.7,8,1008.8,100,5.3,5.3,265.0,1.8,104.0,4.3
2025-10-25 13:00:00,2025,10,25,13,Đồng Tháp,Xã Tân Phú Trung,10.2545007,105.7361294,95,Moderate,1,29.9,70,0.2,7.2,4,1008.0,100,4.4,4.5,256.0,2.6,100.0,4.0
2025-10-25 14:00:00,2025,10,25,14,Đồng Tháp,Xã Tân Phú Trung,10.2545007,105.7361294,94,Moderate,1,30.0,69,0.0,8.5,1,1007.2,100,4.9,4.9,255.0,5.2,90.0,4.6
2025-10-25 15:00:00,2025,10,25,15,Đồng Tháp,Xã Tân Phú Trung,10.2545007,105.7361294,92,Moderate,1,29.3,69,0.5,14.7,15,1007.3,100,5.6,5.7,260.0,9.2,76.0,5.9
2025-10-25 16:00:00,2025,10,25,16,Đồng Tháp,Xã Tân Phú Trung,10.2545007,105.7361294,90,Moderate,1,26.8,81,0.3,9.1,15,1007.3,100,10.3,10.4,273.0,13.2,64.0,7.5
2025-10-25 17:00:00,2025,10,25,17,Đồng Tháp,Xã Tân Phú Trung,10.2545007,105.7361294,89,Moderate,1,26.3,84,0.2,6.3,18,1007.6,100,13.8,13.9,297.0,17.5,55.0,9.8
2025-10-25 18:00:00,2025,10,25,18,Đồng Tháp,Xã Tân Phú Trung,10.2545007,105.7361294,88,Moderate,1,25.8,88,0.0,4.8,34,1007.7,100,18.5,18.7,328.0,21.9,48.0,12.5
2025-10-25 19:00:00,2025,10,25,19,Đồng Tháp,Xã Tân Phú Trung,10.2545007,105.7361294,86,Moderate,1,26.0,92,0.0,3.8,205,1008.5,100,18.9,19.2,357.0,20.3,53.0,12.7
2025-10-25 20:00:00,2025,10,25,20,Đồng Tháp,Xã Tân Phú Trung,10.2545007,105.7361294,84,Moderate,1,25.8,95,0.1,4.6,351,1009.1,100,19.7,19.8,382.0,20.4,53.0,13.7
2025-10-25 21:00:00,2025,10,25,21,Đồng Tháp,Xã Tân Phú Trung,10.2545007,105.7361294,81,Moderate,1,25.5,93,0.1,6.8,37,1010.2,100,22.2,22.4,405.0,20.6,53.0,15.0
2025-10-25 22:00:00,2025,10,25,22,Đồng Tháp,Xã Tân Phú Trung,10.2545007,105.7361294,79,Moderate,1,25.0,90,0.0,10.0,9,1010.0,100,23.7,23.9,417.0,21.0,52.0,16.1
2025-10-25 23:00:00,2025,10,25,23,Đồng Tháp,Xã Tân Phú Trung,10.2545007,105.7361294,76,Moderate,1,24.2,93,0.0,7.7,9,1009.9,100,24.2,24.3,411.0,21.9,50.0,16.6
2025-10-26 00:00:00,2025,10,26,0,Đồng Tháp,Xã Tân Phú Trung,10.2545007,105.7361294,74,Moderate,1,24.0,94,0.0,4.7,360,1009.6,100,26.0,26.2,394.0,23.1,47.0,16.7
2025-10-26 01:00:00,2025,10,26,1,Đồng Tháp,Xã Tân Phú Trung,10.2545007,105.7361294,72,Moderate,1,24.7,96,0.1,3.7,39,1009.3,100,28.6,28.9,378.0,24.2,44.0,16.9
2025-10-26 02:00:00,2025,10,26,2,Đồng Tháp,Xã Tân Phú Trung,10.2545007,105.7361294,70,Moderate,1,24.2,96,1.4,4.0,39,1009.1,100,27.7,28.0,365.0,25.0,41.0,17.0
2025-10-26 03:00:00,2025,10,26,3,Đồng Tháp,Xã Tân Phú Trung,10.2545007,105.7361294,68,Moderate,1,24.0,94,2.1,2.6,51,1008.9,100,29.7,30.3,354.0,25.7,38.0,17.2
2025-10-26 04:00:00,2025,10,26,4,Đồng Tháp,Xã Tân Phú Trung,10.2545007,105.7361294,66,Moderate,1,23.9,95,1.5,2.8,325,1008.2,100,29.3,29.9,354.0,26.0,36.0,17.7
2025-10-26 05:00:00,2025,10,26,5,Đồng Tháp,Xã Tân Phú Trung,10.2545007,105.7361294,65,Moderate,1,23.5,96,0.6,4.6,347,1008.2,100,27.8,28.5,381.0,26.3,33.0,19.5
2025-10-26 06:00:00,2025,10,26,6,Đồng Tháp,Xã Tân Phú Trung,10.2545007,105.7361294,64,Moderate,1,23.4,96,0.4,5.4,340,1008.7,100,28.9,29.8,419.0,26.1,31.0,21.6
2025-10-26 07:00:00,2025,10,26,7,Đồng Tháp,Xã Tân Phú Trung,10.2545007,105.7361294,63,Moderate,1,24.3,92,0.1,4.1,326,1009.4,100,17.9,18.6,433.0,17.7,44.0,13.3
2025-10-26 08:00:00,2025,10,26,8,Đồng Tháp,Xã Tân Phú Trung,10.2545007,105.7361294,63,Moderate,1,26.5,84,0.0,5.6,360,1010.1,98,19.6,20.1,400.0,15.8,52.0,13.8
2025-10-26 09:00:00,2025,10,26,9,Đồng Tháp,Xã Tân Phú Trung,10.2545007,105.7361294,63,Moderate,1,28.8,72,0.0,6.9,25,1010.5,98,17.7,18.0,342.0,13.0,64.0,14.4
2025-10-26 10:00:00,2025,10,26,10,Đồng Tháp,Xã Tân Phú Trung,10.2545007,105.7361294,64,Moderate,1,29.8,66,0.1,6.3,39,1010.6,66,17.3,17.4,297.0,10.5,77.0,14.5
2025-10-26 11:00:00,2025,10,26,11,Đồng Tháp,Xã Tân Phú Trung,10.2545007,105.7361294,64,Moderate,1,30.8,63,0.1,4.6,59,1009.7,83,17.6,17.7,278.0,8.2,94.0,13.4
2025-10-26 12:00:00,2025,10,26,12,Đồng Tháp,Xã Tân Phú Trung,10.2545007,105.7361294,65,Moderate,1,31.5,62,0.0,3.4,108,1009.0,100,17.7,17.9,270.0,6.0,112.0,11.7
2025-10-26 13:00:00,2025,10,26,13,Đồng Tháp,Xã Tân Phú Trung,10.2545007,105.7361294,66,Moderate,1,32.0,60,0.0,4.1,180,1008.0,100,18.0,18.2,268.0,5.0,124.0,10.8
2025-10-26 14:00:00,2025,10,26,14,Đồng Tháp,Xã Tân Phú Trung,10.2545007,105.7361294,68,Moderate,1,31.6,60,0.0,6.7,172,1006.9,100,18.7,18.9,252.0,5.1,128.0,11.1
2025-10-26 15:00:00,2025,10,26,15,Đồng Tháp,Xã Tân Phú Trung,10.2545007,105.7361294,69,Moderate,1,29.8,69,0.1,11.2,169,1006.3,80,19.2,19.4,242.0,6.4,126.0,12.2
2025-10-26 16:00:00,2025,10,26,16,Đồng Tháp,Xã Tân Phú Trung,10.2545007,105.7361294,70,Moderate,1,29.1,74,0.2,6.0,183,1006.5,97,20.2,20.4,285.0,9.4,118.0,13.8
2025-10-26 17:00:00,2025,10,26,17,Đồng Tháp,Xã Tân Phú Trung,10.2545007,105.7361294,71,Moderate,1,28.5,75,0.0,3.6,217,1007.2,100,25.6,25.7,452.0,16.0,100.0,16.5
2025-10-26 18:00:00,2025,10,26,18,Đồng Tháp,Xã Tân Phú Trung,10.2545007,105.7361294,72,Moderate,1,27.6,80,0.0,3.0,256,1007.9,100,30.5,30.6,673.0,24.3,77.0,19.7
2025-10-26 19:00:00,2025,10,26,19,Đồng Tháp,Xã Tân Phú Trung,10.2545007,105.7361294,73,Moderate,1,25.0,95,0.0,10.1,359,1009.2,100,38.8,38.9,782.0,26.5,79.0,25.5
2025-10-26 20:00:00,2025,10,26,20,Đồng Tháp,Xã Tân Phú Trung,10.2545007,105.7361294,75,Moderate,1,24.9,95,0.8,6.2,330,1009.8,100,41.9,42.0,671.0,27.2,71.0,25.1
2025-10-26 21:00:00,2025,10,26,21,Đồng Tháp,Xã Tân Phú Trung,10.2545007,105.7361294,77,Moderate,1,24.9,95,0.7,6.7,346,1010.4,100,44.0,44.1,448.0,27.9,61.0,24.5
2025-10-26 22:00:00,2025,10,26,22,Đồng Tháp,Xã Tân Phú Trung,10.2545007,105.7361294,79,Moderate,1,24.4,97,0.7,11.4,348,1010.9,100,40.7,40.9,277.0,27.5,53.0,22.9
2025-10-26 23:00:00,2025,10,26,23,Đồng Tháp,Xã Tân Phú Trung,10.2545007,105.7361294,80,Moderate,1,24.0,96,7.4,4.4,19,1010.5,100,37.8,38.0,228.0,24.7,51.0,19.5
2025-10-27 00:00:00,2025,10,27,0,Đồng Tháp,Xã Tân Phú Trung,10.2545007,105.7361294,81,Moderate,1,24.1,96,8.8,4.3,48,1010.7,100,34.1,34.1,229.0,20.8,51.0,15.1
2025-10-27 01:00:00,2025,10,27,1,Đồng Tháp,Xã Tân Phú Trung,10.2545007,105.7361294,82,Moderate,1,24.0,97,8.9,4.3,318,1010.0,100,27.7,27.8,231.0,17.8,51.0,11.8
2025-10-27 02:00:00,2025,10,27,2,Đồng Tháp,Xã Tân Phú Trung,10.2545007,105.7361294,82,Moderate,1,24.0,97,6.3,5.8,344,1009.0,100,24.3,24.4,213.0,16.9,49.0,10.6
2025-10-27 03:00:00,2025,10,27,3,Đồng Tháp,Xã Tân Phú Trung,10.2545007,105.7361294,82,Moderate,1,24.0,96,4.5,3.5,294,1009.0,100,22.8,22.9,195.0,16.9,47.0,10.5
2025-10-27 04:00:00,2025,10,27,4,Đồng Tháp,Xã Tân Phú Trung,10.2545007,105.7361294,81,Moderate,1,24.0,96,2.8,7.6,308,1009.0,100,22.0,22.1,189.0,17.1,45.0,10.8
2025-10-27 05:00:00,2025,10,27,5,Đồng Tháp,Xã Tân Phú Trung,10.2545007,105.7361294,80,Moderate,1,23.9,96,1.2,4.8,307,1009.3,100,22.0,22.1,204.0,17.6,42.0,11.9
2025-10-27 06:00:00,2025,10,27,6,Đồng Tháp,Xã Tân Phú Trung,10.2545007,105.7361294,80,Moderate,1,24.0,96,0.2,6.1,315,1009.9,100,23.7,23.8,230.0,18.2,39.0,13.4
2025-10-27 07:00:00,2025,10,27,7,Đồng Tháp,Xã Tân Phú Trung,10.2545007,105.7361294,79,Moderate,1,24.6,91,0.1,8.7,323,1010.2,95,18.6,18.7,249.0,16.8,39.0,11.8
2025-10-27 08:00:00,2025,10,27,8,Đồng Tháp,Xã Tân Phú Trung,10.2545007,105.7361294,79,Moderate,1,26.5,82,0.0,10.4,334,1010.5,100,16.2,16.2,251.0,13.2,55.0,10.8
2025-10-27 09:00:00,2025,10,27,9,Đồng Tháp,Xã Tân Phú Trung,10.2545007,105.7361294,79,Moderate,1,27.6,76,0.0,13.5,347,1010.4,100,13.5,13.6,245.0,8.2,76.0,9.4
2025-10-27 10:00:00,2025,10,27,10,Đồng Tháp,Xã Tân Phú Trung,10.2545007,105.7361294,79,Moderate,1,29.4,69,0.0,12.7,354,1010.1,100,12.7,12.7,242.0,4.5,93.0,8.2
2025-10-27 11:00:00,2025,10,27,11,Đồng Tháp,Xã Tân Phú Trung,10.2545007,105.7361294,78,Moderate,1,30.3,67,0.0,10.3,345,1009.4,95,10.6,10.7,243.0,3.4,99.0,7.3
2025-10-27 12:00:00,2025,10,27,12,Đồng Tháp,Xã Tân Phú Trung,10.2545007,105.7361294,78,Moderate,1,31.0,65,0.1,9.8,334,1008.4,100,10.1,10.2,246.0,3.6,100.0,6.5
2025-10-27 13:00:00,2025,10,27,13,Đồng Tháp,Xã Tân Phú Trung,10.2545007,105.7361294,77,Moderate,1,31.8,58,5.1,14.4,314,1007.9,99,9.6,9.6,253.0,4.0,102.0,6.0
2025-10-27 14:00:00,2025,10,27,14,Đồng Tháp,Xã Tân Phú Trung,10.2545007,105.7361294,76,Moderate,1,30.2,62,0.4,13.9,322,1006.8,100,9.2,9.2,258.0,3.5,110.0,5.6
2025-10-27 15:00:00,2025,10,27,15,Đồng Tháp,Xã Tân Phú Trung,10.2545007,105.7361294,76,Moderate,1,30.8,58,0.1,15.5,298,1006.5,100,9.1,9.2,266.0,3.2,118.0,5.4
2025-10-27 16:00:00,2025,10,27,16,Đồng Tháp,Xã Tân Phú Trung,10.2545007,105.7361294,75,Moderate,1,28.4,71,1.2,13.3,279,1007.1,100,9.3,9.3,295.0,4.6,119.0,6.0
2025-10-27 17:00:00,2025,10,27,17,Đồng Tháp,Xã Tân Phú Trung,10.2545007,105.7361294,74,Moderate,1,27.2,79,0.6,8.3,272,1007.7,100,12.4,12.4,370.0,9.4,107.0,7.8
2025-10-27 18:00:00,2025,10,27,18,Đồng Tháp,Xã Tân Phú Trung,10.2545007,105.7361294,72,Moderate,1,26.9,81,0.0,4.8,318,1008.7,100,18.1,18.1,466.0,15.9,87.0,10.3
2025-10-27 19:00:00,2025,10,27,19,Đồng Tháp,Xã Tân Phú Trung,10.2545007,105.7361294,71,Moderate,1,27.4,81,0.0,5.3,262,1008.3,100,33.4,33.5,529.0,21.7,52.0,11.2
2025-10-27 20:00:00,2025,10,27,20,Đồng Tháp,Xã Tân Phú Trung,10.2545007,105.7361294,71,Moderate,1,27.5,81,0.0,8.1,264,1009.0,97,36.2,36.2,530.0,21.8,48.0,11.7
2025-10-27 21:00:00,2025,10,27,21,Đồng Tháp,Xã Tân Phú Trung,10.2545007,105.7361294,70,Moderate,1,27.2,83,0.0,4.4,297,1009.8,98,38.1,38.1,499.0,21.9,44.0,12.2
2025-10-27 22:00:00,2025,10,27,22,Đồng Tháp,Xã Tân Phú Trung,10.2545007,105.7361294,70,Moderate,1,27.0,84,0.0,7.2,309,1009.8,99,36.6,36.6,467.0,21.5,40.0,12.3
2025-10-27 23:00:00,2025,10,27,23,Đồng Tháp,Xã Tân Phú Trung,10.2545007,105.7361294,70,Moderate,1,26.6,83,0.0,5.5,311,1009.5,100,35.2,35.2,443.0,20.0,39.0,11.2
2025-10-28 00:00:00,2025,10,28,0,Đồng Tháp,Xã Tân Phú Trung,10.2545007,105.7361294,69,Moderate,1,26.0,85,0.0,4.0,309,1009.2,100,33.3,33.4,419.0,18.0,39.0,9.7
2025-10-28 01:00:00,2025,10,28,1,Đồng Tháp,Xã Tân Phú Trung,10.2545007,105.7361294,69,Moderate,1,26.1,84,0.0,5.2,329,1008.5,100,30.6,30.7,403.0,16.4,39.0,8.7
2025-10-28 02:00:00,2025,10,28,2,Đồng Tháp,Xã Tân Phú Trung,10.2545007,105.7361294,69,Moderate,1,26.2,84,0.0,6.0,307,1008.1,100,27.9,28.0,399.0,15.6,39.0,8.9
2025-10-28 03:00:00,2025,10,28,3,Đồng Tháp,Xã Tân Phú Trung,10.2545007,105.7361294,70,Moderate,1,25.9,87,0.2,5.7,302,1008.2,100,27.0,27.0,403.0,15.2,39.0,9.6
2025-10-28 04:00:00,2025,10,28,4,Đồng Tháp,Xã Tân Phú Trung,10.2545007,105.7361294,70,Moderate,1,25.8,90,0.1,8.1,307,1007.8,100,26.5,26.5,409.0,15.4,39.0,10.6
2025-10-28 05:00:00,2025,10,28,5,Đồng Tháp,Xã Tân Phú Trung,10.2545007,105.7361294,71,Moderate,1,25.2,94,0.2,8.0,316,1008.2,100,26.7,26.8,420.0,16.7,36.0,12.0
2025-10-28 06:00:00,2025,10,28,6,Đồng Tháp,Xã Tân Phú Trung,10.2545007,105.7361294,71,Moderate,1,25.0,93,0.1,9.1,309,1008.7,100,28.0,28.1,433.0,18.6,34.0,13.6
2025-10-28 07:00:00,2025,10,28,7,Đồng Tháp,Xã Tân Phú Trung,10.2545007,105.7361294,71,Moderate,1,25.4,92,0.1,12.0,315,1009.1,99,19.2,19.3,429.0,13.5,47.0,10.9
2025-10-28 08:00:00,2025,10,28,8,Đồng Tháp,Xã Tân Phú Trung,10.2545007,105.7361294,71,Moderate,1,26.9,85,0.4,14.0,316,1009.7,100,15.2,15.2,392.0,11.8,53.0,10.2
2025-10-28 09:00:00,2025,10,28,9,Đồng Tháp,Xã Tân Phú Trung,10.2545007,105.7361294,71,Moderate,1,27.6,79,0.0,13.0,318,1010.0,100,14.2,14.2,339.0,9.4,63.0,9.1
2025-10-28 10:00:00,2025,10,28,10,Đồng Tháp,Xã Tân Phú Trung,10.2545007,105.7361294,71,Moderate,1,29.2,72,0.2,13.8,310,1009.9,100,10.0,10.0,302.0,7.3,70.0,7.9
2025-10-28 11:00:00,2025,10,28,11,Đồng Tháp,Xã Tân Phú Trung,10.2545007,105.7361294,71,Moderate,1,26.3,84,4.5,9.0,313,1009.6,100,7.6,7.6,297.0,5.4,75.0,6.3
2025-10-28 12:00:00,2025,10,28,12,Đồng Tháp,Xã Tân Phú Trung,10.2545007,105.7361294,71,Moderate,1,25.8,91,1.9,8.7,304,1008.3,100,5.8,5.8,308.0,3.9,78.0,4.5
2025-10-28 13:00:00,2025,10,28,13,Đồng Tháp,Xã Tân Phú Trung,10.2545007,105.7361294,70,Moderate,1,26.3,89,0.7,7.5,314,1007.6,100,5.7,5.7,317.0,3.6,79.0,3.5
2025-10-28 14:00:00,2025,10,28,14,Đồng Tháp,Xã Tân Phú Trung,10.2545007,105.7361294,70,Moderate,1,28.5,79,0.4,8.4,310,1006.5,100,6.7,6.7,316.0,5.3,76.0,3.9
2025-10-28 15:00:00,2025,10,28,15,Đồng Tháp,Xã Tân Phú Trung,10.2545007,105.7361294,70,Moderate,1,28.9,76,0.3,9.1,288,1005.7,100,8.3,8.3,314.0,8.3,71.0,5.2
2025-10-28 16:00:00,2025,10,28,16,Đồng Tháp,Xã Tân Phú Trung,10.2545007,105.7361294,70,Moderate,1,26.1,90,3.0,8.0,329,1006.8,100,11.8,11.8,317.0,11.8,64.0,6.6
2025-10-28 17:00:00,2025,10,28,17,Đồng Tháp,Xã Tân Phú Trung,10.2545007,105.7361294,70,Moderate,1,25.9,93,0.7,7.7,301,1007.5,100,14.8,14.9,332.0,16.2,55.0,8.3
2025-10-28 18:00:00,2025,10,28,18,Đồng Tháp,Xã Tân Phú Trung,10.2545007,105.7361294,70,Moderate,1,25.2,93,3.2,9.9,327,1008.3,100,20.3,20.3,352.0,21.0,46.0,10.2
2025-10-28 19:00:00,2025,10,28,19,Đồng Tháp,Xã Tân Phú Trung,10.2545007,105.7361294,70,Moderate,1,25.1,93,1.8,4.6,349,1008.2,100,12.1,12.2,366.0,11.6,48.0,6.1
2025-10-28 20:00:00,2025,10,28,20,Đồng Tháp,Xã Tân Phú Trung,10.2545007,105.7361294,69,Moderate,1,25.5,92,0.5,1.6,207,1009.0,100,12.0,12.0,371.0,12.8,42.0,6.8
2025-10-28 21:00:00,2025,10,28,21,Đồng Tháp,Xã Tân Phú Trung,10.2545007,105.7361294,66,Moderate,1,25.2,94,0.9,6.7,290,1009.7,100,14.2,14.2,369.0,14.3,34.0,7.6
2025-10-28 22:00:00,2025,10,28,22,Đồng Tháp,Xã Tân Phú Trung,10.2545007,105.7361294,64,Moderate,1,25.0,94,0.2,4.8,318,1009.0,100,16.4,16.5,360.0,15.2,29.0,8.1
2025-10-28 23:00:00,2025,10,28,23,Đồng Tháp,Xã Tân Phú Trung,10.2545007,105.7361294,63,Moderate,1,24.7,95,1.2,6.2,319,1009.1,100,16.6,16.6,343.0,14.8,28.0,7.8
2025-10-29 00:00:00,2025,10,29,0,Đồng Tháp,Xã Tân Phú Trung,10.2545007,105.7361294,61,Moderate,1,24.6,95,1.7,5.1,318,1008.4,100,15.4,15.5,318.0,13.8,30.0,7.1
2025-10-29 01:00:00,2025,10,29,1,Đồng Tháp,Xã Tân Phú Trung,10.2545007,105.7361294,59,Moderate,1,24.8,95,1.5,5.1,309,1007.9,100,13.9,13.9,288.0,12.5,33.0,6.4
2025-10-29 02:00:00,2025,10,29,2,Đồng Tháp,Xã Tân Phú Trung,10.2545007,105.7361294,58,Moderate,1,24.8,96,3.2,4.7,328,1007.3,100,12.2,12.3,243.0,11.0,36.0,5.8
2025-10-29 03:00:00,2025,10,29,3,Đồng Tháp,Xã Tân Phú Trung,10.2545007,105.7361294,56,Moderate,1,24.8,96,1.3,6.6,325,1006.8,100,11.3,11.3,193.0,9.2,40.0,5.2
2025-10-29 04:00:00,2025,10,29,4,Đồng Tháp,Xã Tân Phú Trung,10.2545007,105.7361294,55,Moderate,1,24.6,96,1.0,7.4,337,1006.6,100,9.6,9.6,167.0,8.2,42.0,4.9
2025-10-29 05:00:00,2025,10,29,5,Đồng Tháp,Xã Tân Phú Trung,10.2545007,105.7361294,54,Moderate,1,24.1,97,0.3,8.1,5,1007.0,100,8.7,8.7,181.0,8.6,40.0,5.2
2025-10-29 06:00:00,2025,10,29,6,Đồng Tháp,Xã Tân Phú Trung,10.2545007,105.7361294,52,Moderate,1,23.6,98,0.3,4.8,37,1008.1,100,9.9,9.9,220.0,9.7,36.0,5.9
2025-10-29 07:00:00,2025,10,29,7,Đồng Tháp,Xã Tân Phú Trung,10.2545007,105.7361294,50,Good,0,24.6,94,1.0,5.4,60,1008.1,100,13.5,13.5,266.0,14.3,33.0,10.8
2025-10-29 08:00:00,2025,10,29,8,Đồng Tháp,Xã Tân Phú Trung,10.2545007,105.7361294,50,Good,0,25.7,90,0.1,9.9,44,1008.7,100,13.1,13.1,330.0,13.5,51.0,11.6
2025-10-29 09:00:00,2025,10,29,9,Đồng Tháp,Xã Tân Phú Trung,10.2545007,105.7361294,49,Good,0,27.6,81,0.0,10.8,42,1008.8,100,15.4,15.4,402.0,12.4,75.0,12.6
2025-10-29 10:00:00,2025,10,29,10,Đồng Tháp,Xã Tân Phú Trung,10.2545007,105.7361294,50,Good,0,28.8,76,0.0,8.2,58,1009.0,100,14.5,14.5,437.0,11.4,92.0,13.0
2025-10-29 11:00:00,2025,10,29,11,Đồng Tháp,Xã Tân Phú Trung,10.2545007,105.7361294,50,Good,0,29.7,70,0.1,7.9,60,1008.1,100,13.2,13.3,401.0,10.5,94.0,12.1
2025-10-29 12:00:00,2025,10,29,12,Đồng Tháp,Xã Tân Phú Trung,10.2545007,105.7361294,51,Moderate,1,29.0,72,0.9,10.1,41,1007.0,100,12.4,12.4,329.0,9.8,89.0,10.6
2025-10-29 13:00:00,2025,10,29,13,Đồng Tháp,Xã Tân Phú Trung,10.2545007,105.7361294,51,Moderate,1,28.8,74,2.5,6.4,68,1006.3,100,12.1,12.2,276.0,9.6,85.0,9.9
2025-10-29 14:00:00,2025,10,29,14,Đồng Tháp,Xã Tân Phú Trung,10.2545007,105.7361294,52,Moderate,1,27.2,79,6.3,9.2,91,1006.0,100,13.6,13.6,264.0,9.9,87.0,10.6
2025-10-29 15:00:00,2025,10,29,15,Đồng Tháp,Xã Tân Phú Trung,10.2545007,105.7361294,52,Moderate,1,27.8,78,0.2,7.8,67,1005.2,100,14.8,14.8,273.0,10.8,89.0,12.1
2025-10-29 16:00:00,2025,10,29,16,Đồng Tháp,Xã Tân Phú Trung,10.2545007,105.7361294,53,Moderate,1,27.3,79,0.1,13.1,71,1005.8,100,15.4,15.4,294.0,12.6,88.0,13.4
2025-10-29 17:00:00,2025,10,29,17,Đồng Tháp,Xã Tân Phú Trung,10.2545007,105.7361294,53,Moderate,1,26.2,86,0.3,7.0,46,1006.8,100,20.8,20.9,335.0,16.4,79.0,14.3
2025-10-29 18:00:00,2025,10,29,18,Đồng Tháp,Xã Tân Phú Trung,10.2545007,105.7361294,54,Moderate,1,25.6,92,0.6,6.4,27,1007.5,100,23.3,23.4,389.0,21.2,66.0,15.0
2025-10-29 19:00:00,2025,10,29,19,Đồng Tháp,Xã Tân Phú Trung,10.2545007,105.7361294,54,Moderate,1,25.4,94,1.0,7.1,10,1007.2,100,32.4,32.5,428.0,29.5,57.0,18.2
2025-10-29 20:00:00,2025,10,29,20,Đồng Tháp,Xã Tân Phú Trung,10.2545007,105.7361294,56,Moderate,1,25.1,94,0.0,9.0,360,1007.9,99,29.1,29.2,440.0,27.3,57.0,17.4
2025-10-29 21:00:00,2025,10,29,21,Đồng Tháp,Xã Tân Phú Trung,10.2545007,105.7361294,57,Moderate,1,24.8,95,0.0,10.8,4,1008.3,100,27.0,27.0,437.0,24.2,56.0,16.4
2025-10-29 22:00:00,2025,10,29,22,Đồng Tháp,Xã Tân Phú Trung,10.2545007,105.7361294,59,Moderate,1,24.5,95,0.2,7.1,6,1008.8,100,24.7,24.8,421.0,21.7,55.0,15.5
2025-10-29 23:00:00,2025,10,29,23,Đồng Tháp,Xã Tân Phú Trung,10.2545007,105.7361294,59,Moderate,1,24.4,96,0.3,9.2,344,1008.4,99,24.3,24.4,385.0,20.3,53.0,14.9
2025-10-30 00:00:00,2025,10,30,0,Đồng Tháp,Xã Tân Phú Trung,10.2545007,105.7361294,60,Moderate,1,24.2,96,0.2,7.1,333,1008.3,100,22.7,22.8,336.0,19.5,50.0,14.5
2025-10-30 01:00:00,2025,10,30,1,Đồng Tháp,Xã Tân Phú Trung,10.2545007,105.7361294,61,Moderate,1,24.6,95,0.1,4.2,288,1008.0,100,21.8,21.9,299.0,19.5,47.0,14.5
2025-10-30 02:00:00,2025,10,30,2,Đồng Tháp,Xã Tân Phú Trung,10.2545007,105.7361294,61,Moderate,1,24.6,96,0.0,5.0,314,1007.0,100,22.4,22.4,283.0,20.7,43.0,14.9
2025-10-30 03:00:00,2025,10,30,3,Đồng Tháp,Xã Tân Phú Trung,10.2545007,105.7361294,62,Moderate,1,24.4,97,0.0,2.9,281,1007.0,100,24.2,24.3,278.0,22.6,38.0,15.6
2025-10-30 04:00:00,2025,10,30,4,Đồng Tháp,Xã Tân Phú Trung,10.2545007,105.7361294,63,Moderate,1,24.4,96,0.0,1.7,288,1007.2,100,25.4,25.5,281.0,23.9,35.0,16.5
2025-10-30 05:00:00,2025,10,30,5,Đồng Tháp,Xã Tân Phú Trung,10.2545007,105.7361294,65,Moderate,1,24.3,96,0.0,1.8,276,1007.6,100,26.7,26.8,295.0,24.5,33.0,17.6
2025-10-30 06:00:00,2025,10,30,6,Đồng Tháp,Xã Tân Phú Trung,10.2545007,105.7361294,66,Moderate,1,24.4,97,0.0,2.2,256,1008.1,100,28.6,28.6,317.0,24.5,33.0,18.8
2025-10-30 07:00:00,2025,10,30,7,Đồng Tháp,Xã Tân Phú Trung,10.2545007,105.7361294,68,Moderate,1,25.5,93,0.1,7.6,326,1008.7,100,16.5,16.5,326.0,13.4,37.0,9.6
2025-10-30 08:00:00,2025,10,30,8,Đồng Tháp,Xã Tân Phú Trung,10.2545007,105.7361294,68,Moderate,1,26.5,86,0.1,5.6,333,1009.5,100,14.1,14.1,310.0,11.1,50.0,8.9
2025-10-30 09:00:00,2025,10,30,9,Đồng Tháp,Xã Tân Phú Trung,10.2545007,105.7361294,68,Moderate,1,27.3,81,0.4,3.6,290,1010.3,100,11.1,11.2,282.0,8.0,68.0,8.0
2025-10-30 10:00:00,2025,10,30,10,Đồng Tháp,Xã Tân Phú Trung,10.2545007,105.7361294,68,Moderate,1,27.6,79,0.0,4.2,277,1010.5,100,9.4,9.4,264.0,5.5,85.0,7.4
2025-10-30 11:00:00,2025,10,30,11,Đồng Tháp,Xã Tân Phú Trung,10.2545007,105.7361294,68,Moderate,1,28.0,77,0.0,5.7,261,1010.0,100,8.0,8.0,268.0,4.2,101.0,7.2
2025-10-30 12:00:00,2025,10,30,12,Đồng Tháp,Xã Tân Phú Trung,10.2545007,105.7361294,67,Moderate,1,28.8,73,0.0,5.4,255,1009.2,100,8.3,8.3,281.0,3.6,116.0,7.2
2025-10-30 13:00:00,2025,10,30,13,Đồng Tháp,Xã Tân Phú Trung,10.2545007,105.7361294,67,Moderate,1,30.8,65,0.1,9.7,225,1008.5,100,9.3,9.4,289.0,3.8,125.0,7.7
2025-10-30 14:00:00,2025,10,30,14,Đồng Tháp,Xã Tân Phú Trung,10.2545007,105.7361294,66,Moderate,1,30.0,65,0.1,8.5,258,1007.7,100,10.8,10.8,274.0,4.4,126.0,8.6
2025-10-30 15:00:00,2025,10,30,15,Đồng Tháp,Xã Tân Phú Trung,10.2545007,105.7361294,66,Moderate,1,29.2,67,0.1,9.5,219,1007.3,100,11.8,11.8,254.0,5.7,122.0,9.9
2025-10-30 16:00:00,2025,10,30,16,Đồng Tháp,Xã Tân Phú Trung,10.2545007,105.7361294,66,Moderate,1,29.0,72,0.0,7.8,206,1007.0,100,13.3,13.3,263.0,8.9,112.0,11.7
2025-10-30 17:00:00,2025,10,30,17,Đồng Tháp,Xã Tân Phú Trung,10.2545007,105.7361294,66,Moderate,1,28.6,74,0.0,7.0,179,1007.8,99,16.9,17.0,332.0,15.8,93.0,14.4
2025-10-30 18:00:00,2025,10,30,18,Đồng Tháp,Xã Tân Phú Trung,10.2545007,105.7361294,65,Moderate,1,27.3,82,0.0,5.8,141,1008.5,100,25.8,25.9,430.0,24.7,68.0,17.5
2025-10-30 19:00:00,2025,10,30,19,Đồng Tháp,Xã Tân Phú Trung,10.2545007,105.7361294,66,Moderate,1,26.8,89,0.0,5.3,152,1009.1,100,34.2,34.2,503.0,30.5,48.0,19.2
2025-10-30 20:00:00,2025,10,30,20,Đồng Tháp,Xã Tân Phú Trung,10.2545007,105.7361294,66,Moderate,1,26.7,90,0.0,3.5,125,1010.0,95,36.1,36.1,524.0,32.4,42.0,20.4
2025-10-30 21:00:00,2025,10,30,21,Đồng Tháp,Xã Tân Phú Trung,10.2545007,105.7361294,66,Moderate,1,26.1,93,0.0,3.3,139,1010.6,99,41.1,41.1,520.0,35.0,34.0,21.9
2025-10-30 22:00:00,2025,10,30,22,Đồng Tháp,Xã Tân Phú Trung,10.2545007,105.7361294,68,Moderate,1,26.1,92,0.0,5.5,144,1011.0,77,46.4,46.4,511.0,36.7,28.0,22.9
2025-10-30 23:00:00,2025,10,30,23,Đồng Tháp,Xã Tân Phú Trung,10.2545007,105.7361294,70,Moderate,1,25.6,94,0.0,4.9,126,1010.9,98,46.6,46.7,505.0,36.7,25.0,22.7
2025-10-31 00:00:00,2025,10,31,0,Đồng Tháp,Xã Tân Phú Trung,10.2545007,105.7361294,72,Moderate,1,25.5,93,0.2,2.4,17,1010.9,100,46.3,46.4,495.0,35.8,24.0,21.9
2025-10-31 01:00:00,2025,10,31,1,Đồng Tháp,Xã Tân Phú Trung,10.2545007,105.7361294,74,Moderate,1,25.1,95,0.3,3.6,70,1010.5,97,43.7,44.1,482.0,35.1,23.0,21.2
2025-10-31 02:00:00,2025,10,31,2,Đồng Tháp,Xã Tân Phú Trung,10.2545007,105.7361294,76,Moderate,1,24.7,97,0.1,7.3,70,1010.0,98,40.3,41.2,460.0,35.1,21.0,20.7
2025-10-31 03:00:00,2025,10,31,3,Đồng Tháp,Xã Tân Phú Trung,10.2545007,105.7361294,77,Moderate,1,24.5,96,0.0,7.2,71,1009.7,98,39.9,41.4,434.0,35.2,18.0,20.2
2025-10-31 04:00:00,2025,10,31,4,Đồng Tháp,Xã Tân Phú Trung,10.2545007,105.7361294,79,Moderate,1,24.1,96,0.0,6.1,92,1009.6,69,37.8,39.5,421.0,34.6,17.0,19.8
2025-10-31 05:00:00,2025,10,31,5,Đồng Tháp,Xã Tân Phú Trung,10.2545007,105.7361294,80,Moderate,1,24.0,95,0.2,8.8,123,1009.9,100,35.4,36.8,440.0,33.2,17.0,19.9
2025-10-31 06:00:00,2025,10,31,6,Đồng Tháp,Xã Tân Phú Trung,10.2545007,105.7361294,80,Moderate,1,24.2,96,0.1,7.1,146,1010.9,100,34.9,36.3,472.0,31.1,18.0,20.0
2025-10-31 07:00:00,2025,10,31,7,Đồng Tháp,Xã Tân Phú Trung,10.2545007,105.7361294,81,Moderate,1,26.6,90,0.0,6.6,171,1011.0,13,26.4,27.5,472.0,21.8,31.0,16.5
2025-10-31 08:00:00,2025,10,31,8,Đồng Tháp,Xã Tân Phú Trung,10.2545007,105.7361294,82,Moderate,1,28.8,78,0.0,7.7,156,1011.7,23,17.2,18.7,408.0,17.0,45.0,14.7
2025-10-31 09:00:00,2025,10,31,9,Đồng Tháp,Xã Tân Phú Trung,10.2545007,105.7361294,82,Moderate,1,30.3,72,0.1,13.1,171,1012.2,13,12.5,14.1,312.0,10.2,66.0,12.2
2025-10-31 10:00:00,2025,10,31,10,Đồng Tháp,Xã Tân Phú Trung,10.2545007,105.7361294,82,Moderate,1,31.1,69,0.2,12.7,167,1012.2,41,10.4,10.8,240.0,5.1,84.0,10.2
2025-10-31 11:00:00,2025,10,31,11,Đồng Tháp,Xã Tân Phú Trung,10.2545007,105.7361294,82,Moderate,1,29.1,72,2.3,16.3,163,1011.8,89,10.8,11.3,218.0,2.8,99.0,9.1
2025-10-31 12:00:00,2025,10,31,12,Đồng Tháp,Xã Tân Phú Trung,10.2545007,105.7361294,83,Moderate,1,28.8,77,0.3,9.0,180,1010.6,99,11.7,12.2,220.0,2.1,112.0,8.5
2025-10-31 13:00:00,2025,10,31,13,Đồng Tháp,Xã Tân Phú Trung,10.2545007,105.7361294,83,Moderate,1,29.2,70,0.4,13.3,153,1010.2,99,12.5,13.1,226.0,2.4,118.0,8.2
2025-10-31 14:00:00,2025,10,31,14,Đồng Tháp,Xã Tân Phú Trung,10.2545007,105.7361294,83,Moderate,1,30.0,69,0.1,10.8,142,1009.2,98,13.9,14.4,223.0,3.2,114.0,8.1
2025-10-31 15:00:00,2025,10,31,15,Đồng Tháp,Xã Tân Phú Trung,10.2545007,105.7361294,84,Moderate,1,29.5,68,1.0,15.3,161,1009.1,95,13.6,14.1,224.0,5.0,103.0,8.4
2025-10-31 16:00:00,2025,10,31,16,Đồng Tháp,Xã Tân Phú Trung,10.2545007,105.7361294,84,Moderate,1,26.3,85,4.8,10.3,157,1009.5,100,14.4,14.9,244.0,8.4,90.0,9.6
2025-10-31 17:00:00,2025,10,31,17,Đồng Tháp,Xã Tân Phú Trung,10.2545007,105.7361294,84,Moderate,1,26.2,86,0.1,3.7,133,1010.4,100,16.2,16.8,303.0,14.9,76.0,12.3
2025-10-31 18:00:00,2025,10,31,18,Đồng Tháp,Xã Tân Phú Trung,10.2545007,105.7361294,84,Moderate,1,26.1,89,0.1,5.2,90,1010.8,51,24.6,25.0,382.0,23.0,61.0,15.8
2025-10-31 19:00:00,2025,10,31,19,Đồng Tháp,Xã Tân Phú Trung,10.2545007,105.7361294,84,Moderate,1,25.5,94,0.0,4.0,129,1010.9,94,34.1,34.9,440.0,30.3,43.0,17.9
2025-10-31 20:00:00,2025,10,31,20,Đồng Tháp,Xã Tân Phú Trung,10.2545007,105.7361294,84,Moderate,1,25.6,94,0.0,5.4,105,1012.1,100,38.1,39.0,456.0,31.1,40.0,18.7
2025-10-31 21:00:00,2025,10,31,21,Đồng Tháp,Xã Tân Phú Trung,10.2545007,105.7361294,84,Moderate,1,25.5,95,0.0,3.0,128,1012.6,87,39.2,40.7,451.0,32.2,35.0,19.7
2025-10-31 22:00:00,2025,10,31,22,Đồng Tháp,Xã Tân Phú Trung,10.2545007,105.7361294,84,Moderate,1,25.2,96,0.0,3.6,177,1012.4,100,40.7,42.5,442.0,32.7,31.0,20.1
2025-10-31 23:00:00,2025,10,31,23,Đồng Tháp,Xã Tân Phú Trung,10.2545007,105.7361294,83,Moderate,1,25.0,96,0.0,3.4,164,1012.2,95,40.9,42.8,437.0,31.9,29.0,19.0
2025-11-01 00:00:00,2025,11,1,0,Đồng Tháp,Xã Tân Phú Trung,10.2545007,105.7361294,83,Moderate,1,25.0,96,0.0,2.3,184,1011.6,31,39.8,41.8,428.0,30.5,28.0,17.2
2025-11-01 01:00:00,2025,11,1,1,Đồng Tháp,Xã Tân Phú Trung,10.2545007,105.7361294,82,Moderate,1,25.4,97,0.0,3.1,100,1011.2,100,38.8,40.9,406.0,29.9,27.0,16.1
2025-11-01 02:00:00,2025,11,1,2,Đồng Tháp,Xã Tân Phú Trung,10.2545007,105.7361294,82,Moderate,1,25.6,97,0.0,1.5,194,1010.4,59,39.3,41.8,358.0,31.1,25.0,16.3
2025-11-01 03:00:00,2025,11,1,3,Đồng Tháp,Xã Tân Phú Trung,10.2545007,105.7361294,81,Moderate,1,25.4,98,0.1,3.9,193,1010.0,92,42.7,45.5,298.0,33.0,22.0,17.1
2025-11-01 04:00:00,2025,11,1,4,Đồng Tháp,Xã Tân Phú Trung,10.2545007,105.7361294,82,Moderate,1,25.0,99,0.0,3.5,159,1009.8,77,46.1,49.4,260.0,33.8,22.0,18.0
2025-11-01 05:00:00,2025,11,1,5,Đồng Tháp,Xã Tân Phú Trung,10.2545007,105.7361294,82,Moderate,1,25.2,97,0.0,1.4,157,1010.3,59,46.7,50.4,270.0,32.8,23.0,19.2
2025-11-01 06:00:00,2025,11,1,6,Đồng Tháp,Xã Tân Phú Trung,10.2545007,105.7361294,83,Moderate,1,25.1,97,0.0,0.9,53,1011.2,85,53.1,56.8,302.0,30.7,27.0,20.5
2025-11-01 07:00:00,2025,11,1,7,Đồng Tháp,Xã Tân Phú Trung,10.2545007,105.7361294,85,Moderate,1,26.4,89,0.0,3.0,52,1011.5,9,29.2,31.3,319.0,24.4,42.0,15.3
2025-11-01 08:00:00,2025,11,1,8,Đồng Tháp,Xã Tân Phú Trung,10.2545007,105.7361294,85,Moderate,1,28.5,79,0.0,3.4,72,1012.4,89,24.0,25.6,300.0,20.2,56.0,14.6
2025-11-01 09:00:00,2025,11,1,9,Đồng Tháp,Xã Tân Phú Trung,10.2545007,105.7361294,86,Moderate,1,29.8,72,0.1,2.3,151,1012.7,69,19.4,20.3,265.0,14.2,77.0,13.6
2025-11-01 10:00:00,2025,11,1,10,Đồng Tháp,Xã Tân Phú Trung,10.2545007,105.7361294,87,Moderate,1,31.2,62,0.0,4.6,211,1012.3,80,18.0,18.8,237.0,9.3,94.0,12.4
2025-11-01 11:00:00,2025,11,1,11,Đồng Tháp,Xã Tân Phú Trung,10.2545007,105.7361294,87,Moderate,1,31.9,60,0.0,4.5,236,1011.4,95,18.1,18.7,223.0,6.1,108.0,11.0
2025-11-01 12:00:00,2025,11,1,12,Đồng Tháp,Xã Tân Phú Trung,10.2545007,105.7361294,88,Moderate,1,32.2,60,0.0,4.6,231,1009.9,71,17.3,17.9,216.0,3.8,119.0,9.4
2025-11-01 13:00:00,2025,11,1,13,Đồng Tháp,Xã Tân Phú Trung,10.2545007,105.7361294,88,Moderate,1,32.8,56,0.0,5.0,235,1008.8,100,14.7,15.1,220.0,2.9,122.0,8.1
2025-11-01 14:00:00,2025,11,1,14,Đồng Tháp,Xã Tân Phú Trung,10.2545007,105.7361294,89,Moderate,1,27.6,84,8.7,16.9,268,1008.9,100,14.0,14.5,238.0,3.5,112.0,7.1
2025-11-01 15:00:00,2025,11,1,15,Đồng Tháp,Xã Tân Phú Trung,10.2545007,105.7361294,89,Moderate,1,25.8,93,9.0,7.5,40,1009.1,100,14.4,14.8,266.0,5.6,94.0,6.4
2025-11-01 16:00:00,2025,11,1,16,Đồng Tháp,Xã Tân Phú Trung,10.2545007,105.7361294,89,Moderate,1,25.6,95,1.1,3.8,49,1008.9,100,14.5,14.7,305.0,9.2,77.0,6.8
2025-11-01 17:00:00,2025,11,1,17,Đồng Tháp,Xã Tân Phú Trung,10.2545007,105.7361294,89,Moderate,1,25.8,94,0.5,6.4,74,1009.8,100,16.0,16.4,359.0,15.6,62.0,9.0
2025-11-01 18:00:00,2025,11,1,18,Đồng Tháp,Xã Tân Phú Trung,10.2545007,105.7361294,89,Moderate,1,25.4,96,0.2,6.7,59,1010.6,100,26.1,26.4,422.0,23.5,47.0,12.3
2025-11-01 19:00:00,2025,11,1,19,Đồng Tháp,Xã Tân Phú Trung,10.2545007,105.7361294,89,Moderate,1,25.7,95,0.0,3.0,128,1011.1,100,28.4,29.4,477.0,28.3,38.0,14.7
2025-11-01 20:00:00,2025,11,1,20,Đồng Tháp,Xã Tân Phú Trung,10.2545007,105.7361294,88,Moderate,1,25.5,96,0.0,0.2,270,1011.9,100,30.2,31.0,520.0,27.9,38.0,16.1
2025-11-01 21:00:00,2025,11,1,21,Đồng Tháp,Xã Tân Phú Trung,10.2545007,105.7361294,88,Moderate,1,25.5,97,0.3,1.6,276,1012.3,100,31.8,32.7,556.0,27.3,39.0,18.1
2025-11-01 22:00:00,2025,11,1,22,Đồng Tháp,Xã Tân Phú Trung,10.2545007,105.7361294,87,Moderate,1,25.5,97,0.5,0.5,225,1012.3,100,30.3,31.3,576.0,27.2,39.0,19.5
2025-11-01 23:00:00,2025,11,1,23,Đồng Tháp,Xã Tân Phú Trung,10.2545007,105.7361294,86,Moderate,1,25.4,97,0.6,0.5,360,1011.7,100,30.5,31.5,573.0,27.7,38.0,19.8
2025-11-02 00:00:00,2025,11,2,0,Đồng Tháp,Xã Tân Phú Trung,10.2545007,105.7361294,85,Moderate,1,25.2,97,0.6,1.0,59,1011.4,100,30.6,31.8,556.0,28.7,36.0,19.5
2025-11-02 01:00:00,2025,11,2,1,Đồng Tháp,Xã Tân Phú Trung,10.2545007,105.7361294,84,Moderate,1,25.0,98,0.3,2.3,90,1010.6,100,33.1,34.2,541.0,29.8,34.0,19.4
2025-11-02 02:00:00,2025,11,2,2,Đồng Tháp,Xã Tân Phú Trung,10.2545007,105.7361294,84,Moderate,1,24.9,99,0.3,3.4,65,1009.9,100,35.5,36.8,540.0,31.3,31.0,19.7
2025-11-02 03:00:00,2025,11,2,3,Đồng Tháp,Xã Tân Phú Trung,10.2545007,105.7361294,83,Moderate,1,24.7,99,0.1,3.8,59,1009.9,100,38.8,40.0,541.0,33.0,28.0,20.1
2025-11-02 04:00:00,2025,11,2,4,Đồng Tháp,Xã Tân Phú Trung,10.2545007,105.7361294,83,Moderate,1,24.6,98,0.0,3.9,43,1009.7,100,38.6,40.2,527.0,34.0,27.0,21.1
2025-11-02 05:00:00,2025,11,2,5,Đồng Tháp,Xã Tân Phú Trung,10.2545007,105.7361294,82,Moderate,1,24.5,98,0.0,2.3,39,1010.0,95,35.5,37.0,487.0,34.6,26.0,23.5
2025-11-02 06:00:00,2025,11,2,6,Đồng Tháp,Xã Tân Phú Trung,10.2545007,105.7361294,81,Moderate,1,24.4,98,0.0,1.9,34,1010.8,94,42.4,44.0,432.0,34.5,27.0,26.3
2025-11-02 07:00:00,2025,11,2,7,Đồng Tháp,Xã Tân Phú Trung,10.2545007,105.7361294,80,Moderate,1,25.5,97,0.0,3.1,36,1011.1,94,51.3,51.5,378.0,29.4,25.0,22.8
2025-11-02 08:00:00,2025,11,2,8,Đồng Tháp,Xã Tân Phú Trung,10.2545007,105.7361294,82,Moderate,1,27.2,87,0.1,2.0,297,1011.7,95,29.2,29.7,327.0,23.4,40.0,20.4
2025-11-02 09:00:00,2025,11,2,9,Đồng Tháp,Xã Tân Phú Trung,10.2545007,105.7361294,83,Moderate,1,29.1,74,0.1,5.0,291,1012.4,98,17.3,17.8,277.0,15.1,62.0,17.0
2025-11-02 10:00:00,2025,11,2,10,Đồng Tháp,Xã Tân Phú Trung,10.2545007,105.7361294,83,Moderate,1,29.6,73,0.2,6.7,275,1012.4,100,14.2,14.7,243.0,8.6,79.0,13.9
2025-11-02 11:00:00,2025,11,2,11,Đồng Tháp,Xã Tân Phú Trung,10.2545007,105.7361294,82,Moderate,1,30.4,68,0.1,8.1,302,1011.7,100,13.1,13.6,234.0,5.4,90.0,11.3
2025-11-02 12:00:00,2025,11,2,12,Đồng Tháp,Xã Tân Phú Trung,10.2545007,105.7361294,82,Moderate,1,30.6,66,0.1,6.4,278,1010.0,99,12.7,13.2,240.0,4.0,96.0,8.9
2025-11-02 13:00:00,2025,11,2,13,Đồng Tháp,Xã Tân Phú Trung,10.2545007,105.7361294,81,Moderate,1,30.0,69,0.1,8.9,243,1009.1,100,14.3,14.7,247.0,3.7,97.0,7.4
2025-11-02 14:00:00,2025,11,2,14,Đồng Tháp,Xã Tân Phú Trung,10.2545007,105.7361294,81,Moderate,1,26.1,84,7.5,11.0,235,1009.5,100,16.9,17.4,239.0,4.4,90.0,6.9
2025-11-02 15:00:00,2025,11,2,15,Đồng Tháp,Xã Tân Phú Trung,10.2545007,105.7361294,82,Moderate,1,25.0,90,0.2,12.5,243,1008.9,100,16.0,16.4,232.0,6.2,77.0,7.3
2025-11-02 16:00:00,2025,11,2,16,Đồng Tháp,Xã Tân Phú Trung,10.2545007,105.7361294,82,Moderate,1,24.4,94,0.5,13.8,250,1008.9,100,13.5,13.6,260.0,9.3,64.0,8.4
2025-11-02 17:00:00,2025,11,2,17,Đồng Tháp,Xã Tân Phú Trung,10.2545007,105.7361294,82,Moderate,1,24.7,95,0.7,7.3,259,1009.0,100,13.7,13.9,352.0,14.5,52.0,10.6
2025-11-02 18:00:00,2025,11,2,18,Đồng Tháp,Xã Tân Phú Trung,10.2545007,105.7361294,82,Moderate,1,24.6,95,0.2,6.1,251,1009.2,100,19.1,19.2,479.0,20.9,39.0,13.5
2025-11-02 19:00:00,2025,11,2,19,Đồng Tháp,Xã Tân Phú Trung,10.2545007,105.7361294,81,Moderate,1,26.0,92,0.0,5.8,270,1009.6,100,15.1,15.6,588.0,18.7,28.0,12.1
2025-11-02 20:00:00,2025,11,2,20,Đồng Tháp,Xã Tân Phú Trung,10.2545007,105.7361294,80,Moderate,1,26.0,91,0.0,5.0,268,1010.2,100,17.2,17.8,673.0,20.0,25.0,12.8
2025-11-02 21:00:00,2025,11,2,21,Đồng Tháp,Xã Tân Phú Trung,10.2545007,105.7361294,79,Moderate,1,25.4,95,0.0,4.2,277,1010.8,100,19.8,20.5,741.0,21.7,20.0,13.8
2025-11-02 22:00:00,2025,11,2,22,Đồng Tháp,Xã Tân Phú Trung,10.2545007,105.7361294,78,Moderate,1,25.2,95,0.0,4.4,289,1010.8,100,21.2,21.9,757.0,22.7,17.0,14.4
2025-11-02 23:00:00,2025,11,2,23,Đồng Tháp,Xã Tân Phú Trung,10.2545007,105.7361294,77,Moderate,1,25.2,96,0.0,4.9,280,1010.5,100,21.5,22.3,687.0,22.5,16.0,14.2
2025-11-03 00:00:00,2025,11,3,0,Đồng Tháp,Xã Tân Phú Trung,10.2545007,105.7361294,76,Moderate,1,25.1,96,0.0,6.5,276,1009.7,100,19.8,20.5,565.0,21.7,16.0,13.5
2025-11-03 01:00:00,2025,11,3,1,Đồng Tháp,Xã Tân Phú Trung,10.2545007,105.7361294,75,Moderate,1,25.5,95,0.0,6.9,309,1009.3,100,18.7,19.5,464.0,20.7,16.0,12.8
2025-11-03 02:00:00,2025,11,3,2,Đồng Tháp,Xã Tân Phú Trung,10.2545007,105.7361294,74,Moderate,1,25.6,95,0.0,5.2,301,1009.0,100,18.0,18.8,409.0,19.7,17.0,12.0
2025-11-03 03:00:00,2025,11,3,3,Đồng Tháp,Xã Tân Phú Trung,10.2545007,105.7361294,72,Moderate,1,25.2,96,0.0,2.0,315,1008.6,100,16.9,17.6,375.0,18.6,18.0,11.3
2025-11-03 04:00:00,2025,11,3,4,Đồng Tháp,Xã Tân Phú Trung,10.2545007,105.7361294,70,Moderate,1,25.0,96,1.7,3.2,223,1009.2,100,15.0,15.5,356.0,17.3,20.0,10.8
2025-11-03 05:00:00,2025,11,3,5,Đồng Tháp,Xã Tân Phú Trung,10.2545007,105.7361294,68,Moderate,1,25.0,90,7.0,3.6,171,1009.3,100,13.5,14.0,360.0,16.0,22.0,11.1
2025-11-03 06:00:00,2025,11,3,6,Đồng Tháp,Xã Tân Phú Trung,10.2545007,105.7361294,66,Moderate,1,24.5,93,3.3,7.8,261,1010.1,100,14.1,14.6,378.0,14.6,24.0,11.7
2025-11-03 07:00:00,2025,11,3,7,Đồng Tháp,Xã Tân Phú Trung,10.2545007,105.7361294,64,Moderate,1,24.8,92,0.5,6.2,263,1010.3,100,27.9,29.0,379.0,18.3,25.0,15.6
2025-11-03 08:00:00,2025,11,3,8,Đồng Tháp,Xã Tân Phú Trung,10.2545007,105.7361294,62,Moderate,1,26.0,88,1.0,8.2,244,1011.5,100,25.1,25.5,343.0,16.6,33.0,15.6
2025-11-03 09:00:00,2025,11,3,9,Đồng Tháp,Xã Tân Phú Trung,10.2545007,105.7361294,61,Moderate,1,26.1,92,0.8,7.7,252,1011.8,100,22.6,23.0,290.0,14.1,46.0,15.6
2025-11-03 10:00:00,2025,11,3,10,Đồng Tháp,Xã Tân Phú Trung,10.2545007,105.7361294,62,Moderate,1,25.9,91,2.0,10.1,270,1011.7,100,21.3,21.7,250.0,11.9,58.0,15.4
2025-11-03 11:00:00,2025,11,3,11,Đồng Tháp,Xã Tân Phú Trung,10.2545007,105.7361294,62,Moderate,1,26.0,91,1.8,6.7,276,1011.2,100,21.2,21.6,238.0,10.2,71.0,15.2
2025-11-03 12:00:00,2025,11,3,12,Đồng Tháp,Xã Tân Phú Trung,10.2545007,105.7361294,63,Moderate,1,27.0,84,0.5,6.8,272,1009.7,100,21.8,22.1,239.0,8.7,84.0,14.8
2025-11-03 13:00:00,2025,11,3,13,Đồng Tháp,Xã Tân Phú Trung,10.2545007,105.7361294,64,Moderate,1,28.5,74,0.1,6.9,279,1009.1,100,20.1,20.4,235.0,7.4,94.0,14.1
2025-11-03 14:00:00,2025,11,3,14,Đồng Tháp,Xã Tân Phú Trung,10.2545007,105.7361294,64,Moderate,1,29.0,71,0.1,6.2,352,1008.0,100,18.7,18.9,210.0,5.9,100.0,12.6
2025-11-03 15:00:00,2025,11,3,15,Đồng Tháp,Xã Tân Phú Trung,10.2545007,105.7361294,65,Moderate,1,28.8,73,0.1,5.4,278,1007.2,100,14.8,15.0,180.0,4.6,102.0,10.8
2025-11-03 16:00:00,2025,11,3,16,Đồng Tháp,Xã Tân Phú Trung,10.2545007,105.7361294,64,Moderate,1,28.4,76,0.5,11.0,273,1006.8,100,11.5,11.6,177.0,5.1,98.0,9.9
2025-11-03 17:00:00,2025,11,3,17,Đồng Tháp,Xã Tân Phú Trung,10.2545007,105.7361294,64,Moderate,1,27.6,80,0.2,9.2,259,1007.3,100,11.6,11.7,222.0,8.5,85.0,10.6
2025-11-03 18:00:00,2025,11,3,18,Đồng Tháp,Xã Tân Phú Trung,10.2545007,105.7361294,64,Moderate,1,26.5,85,0.0,6.4,252,1007.7,100,14.4,14.5,294.0,13.5,67.0,12.4
2025-11-03 19:00:00,2025,11,3,19,Đồng Tháp,Xã Tân Phú Trung,10.2545007,105.7361294,64,Moderate,1,26.3,87,0.0,7.7,291,1008.1,99,29.7,30.2,361.0,31.8,38.0,20.4
2025-11-03 20:00:00,2025,11,3,20,Đồng Tháp,Xã Tân Phú Trung,10.2545007,105.7361294,65,Moderate,1,26.1,90,0.0,5.6,299,1009.5,100,37.5,38.3,423.0,32.7,35.0,21.2
2025-11-03 21:00:00,2025,11,3,21,Đồng Tháp,Xã Tân Phú Trung,10.2545007,105.7361294,67,Moderate,1,25.8,92,0.0,4.4,300,1010.2,100,42.4,43.4,479.0,33.8,31.0,22.2
2025-11-03 22:00:00,2025,11,3,22,Đồng Tháp,Xã Tân Phú Trung,10.2545007,105.7361294,69,Moderate,1,25.5,94,0.0,4.3,285,1010.1,98,37.0,38.0,500.0,33.7,29.0,22.2
2025-11-03 23:00:00,2025,11,3,23,Đồng Tháp,Xã Tân Phú Trung,10.2545007,105.7361294,70,Moderate,1,25.2,96,0.0,4.5,265,1010.0,99,29.5,30.0,455.0,30.9,30.0,20.0
2025-11-04 00:00:00,2025,11,4,0,Đồng Tháp,Xã Tân Phú Trung,10.2545007,105.7361294,71,Moderate,1,25.0,98,0.0,3.9,254,1009.6,80,27.4,27.8,375.0,26.9,32.0,16.9
2025-11-04 01:00:00,2025,11,4,1,Đồng Tháp,Xã Tân Phú Trung,10.2545007,105.7361294,72,Moderate,1,24.8,98,0.1,8.3,274,1009.4,100,27.0,27.3,317.0,24.2,33.0,14.8
2025-11-04 02:00:00,2025,11,4,2,Đồng Tháp,Xã Tân Phú Trung,10.2545007,105.7361294,72,Moderate,1,24.6,96,0.1,3.6,273,1008.6,100,29.5,29.7,307.0,24.4,32.0,15.0
2025-11-04 03:00:00,2025,11,4,3,Đồng Tháp,Xã Tân Phú Trung,10.2545007,105.7361294,73,Moderate,1,24.4,96,0.0,4.1,283,1008.2,98,30.7,31.0,319.0,25.9,30.0,16.4
2025-11-04 04:00:00,2025,11,4,4,Đồng Tháp,Xã Tân Phú Trung,10.2545007,105.7361294,74,Moderate,1,24.2,96,0.0,4.0,275,1008.2,100,32.2,32.6,333.0,26.7,30.0,17.5
2025-11-04 05:00:00,2025,11,4,5,Đồng Tháp,Xã Tân Phú Trung,10.2545007,105.7361294,76,Moderate,1,24.2,96,0.0,1.6,333,1008.3,100,38.6,39.3,347.0,26.2,29.0,18.0
2025-11-04 06:00:00,2025,11,4,6,Đồng Tháp,Xã Tân Phú Trung,10.2545007,105.7361294,78,Moderate,1,24.1,97,0.0,3.9,326,1009.2,100,42.7,43.2,364.0,25.0,30.0,18.2
2025-11-04 07:00:00,2025,11,4,7,Đồng Tháp,Xã Tân Phú Trung,10.2545007,105.7361294,81,Moderate,1,25.9,93,0.0,2.2,360,1009.8,99,67.8,68.5,367.0,39.0,24.0,27.2
2025-11-04 08:00:00,2025,11,4,8,Đồng Tháp,Xã Tân Phú Trung,10.2545007,105.7361294,84,Moderate,1,27.4,87,0.3,3.5,332,1011.0,95,28.3,28.3,347.0,29.4,48.0,23.6
2025-11-04 09:00:00,2025,11,4,9,Đồng Tháp,Xã Tân Phú Trung,10.2545007,105.7361294,85,Moderate,1,29.0,77,0.3,5.4,8,1011.2,88,15.0,15.0,315.0,16.2,82.0,18.5
2025-11-04 10:00:00,2025,11,4,10,Đồng Tháp,Xã Tân Phú Trung,10.2545007,105.7361294,84,Moderate,1,30.1,69,0.1,6.6,343,1010.7,99,13.0,13.1,286.0,6.2,108.0,14.2
2025-11-04 11:00:00,2025,11,4,11,Đồng Tháp,Xã Tân Phú Trung,10.2545007,105.7361294,83,Moderate,1,31.1,65,0.1,8.1,315,1009.8,99,13.2,13.2,265.0,2.5,122.0,11.3
2025-11-04 12:00:00,2025,11,4,12,Đồng Tháp,Xã Tân Phú Trung,10.2545007,105.7361294,82,Moderate,1,31.3,62,0.1,8.1,315,1008.5,100,13.2,13.2,248.0,2.1,130.0,9.2
2025-11-04 13:00:00,2025,11,4,13,Đồng Tháp,Xã Tân Phú Trung,10.2545007,105.7361294,82,Moderate,1,32.3,57,0.0,8.2,302,1008.0,100,12.7,12.8,242.0,2.8,128.0,7.8
2025-11-04 14:00:00,2025,11,4,14,Đồng Tháp,Xã Tân Phú Trung,10.2545007,105.7361294,81,Moderate,1,28.0,80,4.1,9.0,300,1007.2,100,13.7,13.7,247.0,3.9,113.0,7.0
2025-11-04 15:00:00,2025,11,4,15,Đồng Tháp,Xã Tân Phú Trung,10.2545007,105.7361294,81,Moderate,1,28.5,74,0.4,5.4,236,1006.8,100,14.4,14.4,263.0,6.2,89.0,7.0
2025-11-04 16:00:00,2025,11,4,16,Đồng Tháp,Xã Tân Phú Trung,10.2545007,105.7361294,81,Moderate,1,29.0,72,0.0,7.8,251,1006.9,100,12.0,12.0,293.0,9.2,67.0,7.6
2025-11-04 17:00:00,2025,11,4,17,Đồng Tháp,Xã Tân Phú Trung,10.2545007,105.7361294,81,Moderate,1,27.5,78,0.0,9.7,288,1007.7,99,11.4,11.4,347.0,13.5,52.0,9.4
2025-11-04 18:00:00,2025,11,4,18,Đồng Tháp,Xã Tân Phú Trung,10.2545007,105.7361294,81,Moderate,1,26.2,86,0.2,7.5,350,1008.2,98,13.3,13.3,416.0,18.5,39.0,11.8
2025-11-04 19:00:00,2025,11,4,19,Đồng Tháp,Xã Tân Phú Trung,10.2545007,105.7361294,81,Moderate,1,25.0,93,0.1,5.2,286,1008.5,100,19.6,19.8,474.0,23.4,33.0,13.8
2025-11-04 20:00:00,2025,11,4,20,Đồng Tháp,Xã Tân Phú Trung,10.2545007,105.7361294,80,Moderate,1,25.5,93,0.3,2.0,270,1009.5,100,21.1,21.2,519.0,23.3,33.0,14.1
2025-11-04 21:00:00,2025,11,4,21,Đồng Tháp,Xã Tân Phú Trung,10.2545007,105.7361294,78,Moderate,1,25.5,94,0.5,2.8,345,1009.4,100,21.4,21.4,553.0,23.2,34.0,14.4
2025-11-04 22:00:00,2025,11,4,22,Đồng Tháp,Xã Tân Phú Trung,10.2545007,105.7361294,76,Moderate,1,25.4,96,0.1,5.6,25,1009.5,100,23.2,23.2,558.0,22.9,34.0,14.3
2025-11-04 23:00:00,2025,11,4,23,Đồng Tháp,Xã Tân Phú Trung,10.2545007,105.7361294,75,Moderate,1,25.3,95,0.0,4.1,337,1008.6,100,23.9,23.9,512.0,22.3,34.0,13.4
2025-11-05 00:00:00,2025,11,5,0,Đồng Tháp,Xã Tân Phú Trung,10.2545007,105.7361294,75,Moderate,1,25.3,95,0.1,5.3,8,1008.6,100,23.8,23.8,436.0,21.4,34.0,12.2
2025-11-05 01:00:00,2025,11,5,1,Đồng Tháp,Xã Tân Phú Trung,10.2545007,105.7361294,74,Moderate,1,25.5,96,0.1,4.6,21,1008.2,100,24.0,24.0,377.0,20.8,34.0,11.2
2025-11-05 02:00:00,2025,11,5,2,Đồng Tháp,Xã Tân Phú Trung,10.2545007,105.7361294,74,Moderate,1,25.4,89,1.7,4.5,355,1007.8,99,23.7,23.7,354.0,20.7,32.0,10.8
2025-11-05 03:00:00,2025,11,5,3,Đồng Tháp,Xã Tân Phú Trung,10.2545007,105.7361294,73,Moderate,1,25.1,91,0.5,6.5,316,1007.6,100,24.7,24.7,346.0,20.8,30.0,10.6
2025-11-05 04:00:00,2025,11,5,4,Đồng Tháp,Xã Tân Phú Trung,10.2545007,105.7361294,73,Moderate,1,24.8,95,0.3,6.8,328,1007.5,100,25.6,25.6,341.0,20.4,30.0,10.5
2025-11-05 05:00:00,2025,11,5,5,Đồng Tháp,Xã Tân Phú Trung,10.2545007,105.7361294,72,Moderate,1,24.8,96,0.1,5.6,6,1007.9,100,25.5,25.6,334.0,19.3,31.0,10.7
2025-11-05 06:00:00,2025,11,5,6,Đồng Tháp,Xã Tân Phú Trung,10.2545007,105.7361294,71,Moderate,1,24.8,96,0.1,3.7,337,1008.4,100,26.3,26.3,329.0,17.6,35.0,11.0
2025-11-05 07:00:00,2025,11,5,7,Đồng Tháp,Xã Tân Phú Trung,10.2545007,105.7361294,70,Moderate,1,25.9,93,0.1,6.2,338,1008.4,99,29.5,29.8,321.0,19.5,39.0,13.8
2025-11-05 08:00:00,2025,11,5,8,Đồng Tháp,Xã Tân Phú Trung,10.2545007,105.7361294,66,Moderate,1,27.6,81,0.0,8.1,336,1009.0,100,22.4,22.4,305.0,15.1,59.0,11.9
2025-11-05 09:00:00,2025,11,5,9,Đồng Tháp,Xã Tân Phú Trung,10.2545007,105.7361294,66,Moderate,1,28.5,77,0.1,7.2,333,1009.7,100,16.8,16.8,286.0,9.0,88.0,9.2
2025-11-05 10:00:00,2025,11,5,10,Đồng Tháp,Xã Tân Phú Trung,10.2545007,105.7361294,66,Moderate,1,29.4,74,0.1,7.1,330,1009.5,100,14.2,14.3,271.0,4.4,110.0,7.1
2025-11-05 11:00:00,2025,11,5,11,Đồng Tháp,Xã Tân Phú Trung,10.2545007,105.7361294,66,Moderate,1,30.7,65,0.3,6.1,332,1008.5,100,13.7,13.8,261.0,2.5,121.0,5.8
2025-11-05 12:00:00,2025,11,5,12,Đồng Tháp,Xã Tân Phú Trung,10.2545007,105.7361294,66,Moderate,1,28.5,72,2.7,7.5,303,1007.5,100,12.8,12.8,255.0,2.1,126.0,5.1
2025-11-05 13:00:00,2025,11,5,13,Đồng Tháp,Xã Tân Phú Trung,10.2545007,105.7361294,66,Moderate,1,27.1,80,6.2,3.5,305,1007.3,100,13.0,13.1,259.0,2.9,126.0,5.1
2025-11-05 14:00:00,2025,11,5,14,Đồng Tháp,Xã Tân Phú Trung,10.2545007,105.7361294,66,Moderate,1,28.5,74,0.1,9.0,15,1005.8,100,14.6,14.6,267.0,5.0,121.0,6.2
2025-11-05 15:00:00,2025,11,5,15,Đồng Tháp,Xã Tân Phú Trung,10.2545007,105.7361294,66,Moderate,1,28.4,74,0.0,4.8,42,1005.3,100,16.6,16.7,286.0,8.2,112.0,8.0
2025-11-05 16:00:00,2025,11,5,16,Đồng Tháp,Xã Tân Phú Trung,10.2545007,105.7361294,66,Moderate,1,28.4,75,0.0,6.2,38,1005.3,100,19.3,19.4,342.0,12.1,100.0,9.9
2025-11-05 17:00:00,2025,11,5,17,Đồng Tháp,Xã Tân Phú Trung,10.2545007,105.7361294,67,Moderate,1,27.8,78,0.0,4.5,76,1006.0,100,21.4,21.4,467.0,17.1,84.0,11.7
2025-11-05 18:00:00,2025,11,5,18,Đồng Tháp,Xã Tân Phú Trung,10.2545007,105.7361294,68,Moderate,1,26.9,83,0.0,4.7,81,1006.8,100,25.7,25.7,628.0,22.7,66.0,13.7
2025-11-05 19:00:00,2025,11,5,19,Đồng Tháp,Xã Tân Phú Trung,10.2545007,105.7361294,69,Moderate,1,26.5,93,0.0,0.5,45,1006.9,100,27.7,27.8,758.0,27.1,58.0,15.8
2025-11-05 20:00:00,2025,11,5,20,Đồng Tháp,Xã Tân Phú Trung,10.2545007,105.7361294,70,Moderate,1,26.3,93,0.0,1.1,171,1007.6,100,29.4,29.4,842.0,27.5,54.0,17.2
2025-11-05 21:00:00,2025,11,5,21,Đồng Tháp,Xã Tân Phú Trung,10.2545007,105.7361294,70,Moderate,1,26.0,95,0.0,3.2,161,1008.1,100,32.7,32.7,895.0,28.0,48.0,19.2
2025-11-05 22:00:00,2025,11,5,22,Đồng Tháp,Xã Tân Phú Trung,10.2545007,105.7361294,71,Moderate,1,25.7,95,0.3,4.5,166,1008.4,100,37.0,37.0,889.0,28.5,43.0,20.5
2025-11-05 23:00:00,2025,11,5,23,Đồng Tháp,Xã Tân Phú Trung,10.2545007,105.7361294,73,Moderate,1,25.4,93,0.8,4.0,122,1008.4,100,37.4,37.4,787.0,29.1,39.0,20.6
2025-11-06 00:00:00,2025,11,6,0,Đồng Tháp,Xã Tân Phú Trung,10.2545007,105.7361294,74,Moderate,1,25.3,93,0.6,2.6,56,1008.0,100,40.6,40.6,626.0,29.6,35.0,20.1
2025-11-06 01:00:00,2025,11,6,1,Đồng Tháp,Xã Tân Phú Trung,10.2545007,105.7361294,75,Moderate,1,25.0,95,1.0,5.2,329,1006.9,100,41.6,41.6,494.0,29.7,32.0,19.5
2025-11-06 02:00:00,2025,11,6,2,Đồng Tháp,Xã Tân Phú Trung,10.2545007,105.7361294,77,Moderate,1,25.1,93,0.0,5.6,301,1006.5,100,40.3,40.3,425.0,29.0,30.0,18.9
2025-11-06 03:00:00,2025,11,6,3,Đồng Tháp,Xã Tân Phú Trung,10.2545007,105.7361294,78,Moderate,1,24.9,92,0.0,4.4,308,1005.9,100,39.0,39.0,386.0,27.7,29.0,18.3
2025-11-06 04:00:00,2025,11,6,4,Đồng Tháp,Xã Tân Phú Trung,10.2545007,105.7361294,80,Moderate,1,24.6,93,0.0,4.8,299,1005.6,100,37.0,37.1,361.0,26.4,29.0,17.8
2025-11-06 05:00:00,2025,11,6,5,Đồng Tháp,Xã Tân Phú Trung,10.2545007,105.7361294,81,Moderate,1,24.6,93,0.0,5.1,318,1006.0,100,36.2,36.2,353.0,25.5,29.0,17.7
2025-11-06 06:00:00,2025,11,6,6,Đồng Tháp,Xã Tân Phú Trung,10.2545007,105.7361294,82,Moderate,1,24.6,93,0.0,6.4,320,1006.4,100,34.0,34.0,359.0,24.6,30.0,17.8
2025-11-06 07:00:00,2025,11,6,7,Đồng Tháp,Xã Tân Phú Trung,10.2545007,105.7361294,82,Moderate,1,26.0,94,0.0,4.4,348,1007.4,100,25.9,25.9,357.0,19.6,40.0,15.3
2025-11-06 08:00:00,2025,11,6,8,Đồng Tháp,Xã Tân Phú Trung,10.2545007,105.7361294,82,Moderate,1,26.7,89,0.0,4.9,336,1008.0,100,20.3,20.4,333.0,16.1,54.0,14.1
2025-11-06 09:00:00,2025,11,6,9,Đồng Tháp,Xã Tân Phú Trung,10.2545007,105.7361294,82,Moderate,1,27.5,82,0.0,8.2,345,1008.4,100,17.2,17.3,301.0,11.4,73.0,12.4
2025-11-06 10:00:00,2025,11,6,10,Đồng Tháp,Xã Tân Phú Trung,10.2545007,105.7361294,82,Moderate,1,28.9,74,0.1,10.4,326,1008.2,100,15.5,15.6,275.0,7.7,87.0,10.6
2025-11-06 11:00:00,2025,11,6,11,Đồng Tháp,Xã Tân Phú Trung,10.2545007,105.7361294,82,Moderate,1,29.4,73,0.0,9.0,307,1007.6,100,15.1,15.3,259.0,6.1,92.0,8.6
2025-11-06 12:00:00,2025,11,6,12,Đồng Tháp,Xã Tân Phú Trung,10.2545007,105.7361294,82,Moderate,1,29.3,73,0.1,9.0,323,1006.7,100,14.8,15.0,250.0,5.6,91.0,6.6
2025-11-06 13:00:00,2025,11,6,13,Đồng Tháp,Xã Tân Phú Trung,10.2545007,105.7361294,82,Moderate,1,27.6,79,0.0,7.0,266,1006.3,100,18.6,19.0,250.0,5.8,89.0,5.4
2025-11-06 14:00:00,2025,11,6,14,Đồng Tháp,Xã Tân Phú Trung,10.2545007,105.7361294,83,Moderate,1,27.6,79,0.2,11.9,302,1005.0,100,16.9,17.2,264.0,6.6,87.0,5.4
2025-11-06 15:00:00,2025,11,6,15,Đồng Tháp,Xã Tân Phú Trung,10.2545007,105.7361294,83,Moderate,1,27.0,81,0.2,9.1,277,1004.4,100,16.0,16.4,288.0,8.0,83.0,6.2
2025-11-06 16:00:00,2025,11,6,16,Đồng Tháp,Xã Tân Phú Trung,10.2545007,105.7361294,83,Moderate,1,26.9,82,0.2,7.8,274,1004.4,100,17.9,18.2,313.0,10.3,77.0,7.7
2025-11-06 17:00:00,2025,11,6,17,Đồng Tháp,Xã Tân Phú Trung,10.2545007,105.7361294,83,Moderate,1,26.4,87,0.2,8.4,247,1004.4,100,22.0,22.2,341.0,14.3,68.0,10.4
2025-11-06 18:00:00,2025,11,6,18,Đồng Tháp,Xã Tân Phú Trung,10.2545007,105.7361294,83,Moderate,1,25.7,90,0.1,8.1,235,1004.5,100,26.7,26.8,370.0,19.1,57.0,13.7
2025-11-06 19:00:00,2025,11,6,19,Đồng Tháp,Xã Tân Phú Trung,10.2545007,105.7361294,83,Moderate,1,26.0,88,0.0,6.6,253,1005.3,100,33.9,34.1,385.0,27.8,41.0,17.0
2025-11-06 20:00:00,2025,11,6,20,Đồng Tháp,Xã Tân Phú Trung,10.2545007,105.7361294,84,Moderate,1,26.5,87,0.0,8.9,243,1005.9,100,32.0,32.1,374.0,25.8,42.0,17.2
2025-11-06 21:00:00,2025,11,6,21,Đồng Tháp,Xã Tân Phú Trung,10.2545007,105.7361294,84,Moderate,1,26.5,89,0.0,12.2,246,1006.1,100,32.0,32.2,350.0,23.0,44.0,17.3
2025-11-06 22:00:00,2025,11,6,22,Đồng Tháp,Xã Tân Phú Trung,10.2545007,105.7361294,84,Moderate,1,26.3,90,0.0,11.6,244,1006.8,100,28.8,28.9,331.0,20.2,46.0,16.7
2025-11-06 23:00:00,2025,11,6,23,Đồng Tháp,Xã Tân Phú Trung,10.2545007,105.7361294,83,Moderate,1,26.0,91,0.5,12.2,244,1007.2,100,22.6,22.7,327.0,17.7,48.0,14.7
2025-11-07 00:00:00,2025,11,7,0,Đồng Tháp,Xã Tân Phú Trung,10.2545007,105.7361294,82,Moderate,1,25.6,93,0.4,12.7,237,1006.2,100,17.9,18.0,329.0,15.3,50.0,11.9
2025-11-07 01:00:00,2025,11,7,1,Đồng Tháp,Xã Tân Phú Trung,10.2545007,105.7361294,80,Moderate,1,25.1,94,0.1,11.2,232,1005.6,100,15.7,15.8,329.0,13.4,52.0,9.7
2025-11-07 02:00:00,2025,11,7,2,Đồng Tháp,Xã Tân Phú Trung,10.2545007,105.7361294,77,Moderate,1,25.5,93,0.3,12.1,243,1005.1,100,13.8,13.9,322.0,12.1,54.0,8.5
2025-11-07 03:00:00,2025,11,7,3,Đồng Tháp,Xã Tân Phú Trung,10.2545007,105.7361294,75,Moderate,1,25.4,94,0.3,11.5,235,1004.6,100,12.3,12.4,312.0,11.3,56.0,7.8
2025-11-07 04:00:00,2025,11,7,4,Đồng Tháp,Xã Tân Phú Trung,10.2545007,105.7361294,73,Moderate,1,25.2,94,1.2,10.3,241,1005.2,100,11.5,11.7,309.0,11.4,57.0,7.7
2025-11-07 05:00:00,2025,11,7,5,Đồng Tháp,Xã Tân Phú Trung,10.2545007,105.7361294,70,Moderate,1,24.8,95,4.2,9.4,263,1006.0,100,11.5,11.7,319.0,13.2,53.0,8.6
2025-11-07 06:00:00,2025,11,7,6,Đồng Tháp,Xã Tân Phú Trung,10.2545007,105.7361294,68,Moderate,1,24.5,94,0.5,9.2,239,1006.6,100,13.2,13.5,336.0,15.9,48.0,10.2
2025-11-07 07:00:00,2025,11,7,7,Đồng Tháp,Xã Tân Phú Trung,10.2545007,105.7361294,66,Moderate,1,25.5,92,0.2,7.0,157,1007.0,100,17.8,18.7,342.0,15.4,55.0,9.8
2025-11-07 08:00:00,2025,11,7,8,Đồng Tháp,Xã Tân Phú Trung,10.2545007,105.7361294,66,Moderate,1,26.9,87,0.0,8.7,202,1007.6,100,13.1,13.6,327.0,13.3,63.0,9.7
2025-11-07 09:00:00,2025,11,7,9,Đồng Tháp,Xã Tân Phú Trung,10.2545007,105.7361294,65,Moderate,1,29.0,79,0.0,14.1,231,1008.6,100,10.9,11.4,303.0,10.3,73.0,9.5
2025-11-07 10:00:00,2025,11,7,10,Đồng Tháp,Xã Tân Phú Trung,10.2545007,105.7361294,64,Moderate,1,30.1,72,0.1,14.6,248,1008.1,100,11.2,11.6,286.0,7.8,82.0,8.9
2025-11-07 11:00:00,2025,11,7,11,Đồng Tháp,Xã Tân Phú Trung,10.2545007,105.7361294,64,Moderate,1,31.5,65,0.1,14.3,235,1008.0,100,10.2,10.5,286.0,5.8,88.0,7.5
2025-11-07 12:00:00,2025,11,7,12,Đồng Tháp,Xã Tân Phú Trung,10.2545007,105.7361294,64,Moderate,1,32.5,60,0.1,12.0,233,1007.0,100,12.1,12.5,293.0,4.3,92.0,5.8
2025-11-07 13:00:00,2025,11,7,13,Đồng Tháp,Xã Tân Phú Trung,10.2545007,105.7361294,63,Moderate,1,26.5,85,7.3,6.9,221,1007.3,100,11.4,11.7,300.0,4.1,93.0,5.0
2025-11-07 14:00:00,2025,11,7,14,Đồng Tháp,Xã Tân Phú Trung,10.2545007,105.7361294,63,Moderate,1,28.2,78,0.0,5.6,201,1006.7,100,11.9,12.1,298.0,6.0,88.0,5.8
2025-11-07 15:00:00,2025,11,7,15,Đồng Tháp,Xã Tân Phú Trung,10.2545007,105.7361294,62,Moderate,1,28.0,78,0.7,13.6,215,1006.4,100,11.4,11.5,295.0,9.3,79.0,7.6
2025-11-07 16:00:00,2025,11,7,16,Đồng Tháp,Xã Tân Phú Trung,10.2545007,105.7361294,62,Moderate,1,27.1,82,0.1,8.3,214,1006.7,99,13.1,13.3,304.0,13.0,70.0,9.5
2025-11-07 17:00:00,2025,11,7,17,Đồng Tháp,Xã Tân Phú Trung,10.2545007,105.7361294,61,Moderate,1,27.0,82,0.2,9.9,224,1007.0,100,17.0,17.2,340.0,17.3,62.0,11.4
2025-11-07 18:00:00,2025,11,7,18,Đồng Tháp,Xã Tân Phú Trung,10.2545007,105.7361294,61,Moderate,1,26.0,88,0.0,6.2,210,1007.9,100,19.1,19.3,389.0,22.0,54.0,13.4
2025-11-07 19:00:00,2025,11,7,19,Đồng Tháp,Xã Tân Phú Trung,10.2545007,105.7361294,60,Moderate,1,25.5,95,0.0,3.1,187,1008.9,100,31.5,31.9,422.0,32.8,45.0,20.2
2025-11-07 20:00:00,2025,11,7,20,Đồng Tháp,Xã Tân Phú Trung,10.2545007,105.7361294,60,Moderate,1,25.4,96,0.0,3.7,151,1009.9,100,29.1,29.3,424.0,29.9,47.0,19.0
2025-11-07 21:00:00,2025,11,7,21,Đồng Tháp,Xã Tân Phú Trung,10.2545007,105.7361294,60,Moderate,1,25.4,95,0.0,6.8,140,1010.5,100,26.8,27.0,411.0,25.8,51.0,17.2
2025-11-07 22:00:00,2025,11,7,22,Đồng Tháp,Xã Tân Phú Trung,10.2545007,105.7361294,59,Moderate,1,25.2,96,0.0,6.0,163,1010.5,100,25.0,25.3,403.0,22.3,53.0,15.4
2025-11-07 23:00:00,2025,11,7,23,Đồng Tháp,Xã Tân Phú Trung,10.2545007,105.7361294,59,Moderate,1,25.1,96,0.0,5.5,193,1010.3,100,21.6,21.9,411.0,20.0,54.0,13.6
2025-11-08 00:00:00,2025,11,8,0,Đồng Tháp,Xã Tân Phú Trung,10.2545007,105.7361294,59,Moderate,1,25.0,96,0.0,6.4,207,1009.8,99,19.1,19.4,424.0,18.2,54.0,11.7
2025-11-08 01:00:00,2025,11,8,1,Đồng Tháp,Xã Tân Phú Trung,10.2545007,105.7361294,59,Moderate,1,25.1,98,0.0,3.3,174,1008.6,100,19.6,19.9,427.0,17.4,53.0,10.4
2025-11-08 02:00:00,2025,11,8,2,Đồng Tháp,Xã Tân Phú Trung,10.2545007,105.7361294,59,Moderate,1,24.9,98,0.0,3.4,227,1008.4,98,20.6,20.8,406.0,17.8,50.0,9.8
2025-11-08 03:00:00,2025,11,8,3,Đồng Tháp,Xã Tân Phú Trung,10.2545007,105.7361294,60,Moderate,1,24.9,98,0.0,3.9,202,1008.2,100,21.3,21.5,374.0,19.0,45.0,9.8
2025-11-08 04:00:00,2025,11,8,4,Đồng Tháp,Xã Tân Phú Trung,10.2545007,105.7361294,61,Moderate,1,24.6,98,0.0,1.7,162,1008.3,100,22.6,22.9,357.0,20.4,41.0,10.3
2025-11-08 05:00:00,2025,11,8,5,Đồng Tháp,Xã Tân Phú Trung,10.2545007,105.7361294,62,Moderate,1,24.5,98,0.0,2.6,168,1008.5,46,23.4,23.9,376.0,22.4,36.0,11.6
2025-11-08 06:00:00,2025,11,8,6,Đồng Tháp,Xã Tân Phú Trung,10.2545007,105.7361294,63,Moderate,1,24.4,99,0.0,3.6,162,1009.1,98,25.6,26.2,410.0,24.6,32.0,13.4
2025-11-08 07:00:00,2025,11,8,7,Đồng Tháp,Xã Tân Phú Trung,10.2545007,105.7361294,64,Moderate,1,26.0,94,0.0,4.5,151,1010.3,4,27.5,28.3,419.0,21.5,37.0,15.9
2025-11-08 08:00:00,2025,11,8,8,Đồng Tháp,Xã Tân Phú Trung,10.2545007,105.7361294,65,Moderate,1,28.0,82,0.1,6.2,173,1010.9,27,20.4,21.9,376.0,17.0,51.0,14.8
2025-11-08 09:00:00,2025,11,8,9,Đồng Tháp,Xã Tân Phú Trung,10.2545007,105.7361294,65,Moderate,1,29.5,73,0.1,8.8,195,1011.1,40,16.1,18.2,308.0,10.8,70.0,13.2
2025-11-08 10:00:00,2025,11,8,10,Đồng Tháp,Xã Tân Phú Trung,10.2545007,105.7361294,66,Moderate,1,30.4,71,0.3,9.2,211,1010.9,28,13.4,14.5,253.0,6.0,87.0,11.7
2025-11-08 11:00:00,2025,11,8,11,Đồng Tháp,Xã Tân Phú Trung,10.2545007,105.7361294,66,Moderate,1,31.2,68,0.5,11.8,230,1010.2,80,13.9,14.8,225.0,3.6,100.0,10.2
2025-11-08 12:00:00,2025,11,8,12,Đồng Tháp,Xã Tân Phú Trung,10.2545007,105.7361294,66,Moderate,1,31.8,64,0.0,7.6,214,1009.6,99,14.9,15.8,210.0,2.6,111.0,8.8
2025-11-08 13:00:00,2025,11,8,13,Đồng Tháp,Xã Tân Phú Trung,10.2545007,105.7361294,67,Moderate,1,32.0,61,2.7,6.5,212,1008.9,99,14.2,14.9,208.0,2.9,115.0,8.1
2025-11-08 14:00:00,2025,11,8,14,Đồng Tháp,Xã Tân Phú Trung,10.2545007,105.7361294,67,Moderate,1,31.5,63,0.2,9.0,209,1008.0,98,13.9,14.5,211.0,4.7,107.0,8.4
2025-11-08 15:00:00,2025,11,8,15,Đồng Tháp,Xã Tân Phú Trung,10.2545007,105.7361294,67,Moderate,1,28.8,74,0.9,11.6,217,1008.1,100,14.1,14.7,227.0,7.8,92.0,9.3
2025-11-08 16:00:00,2025,11,8,16,Đồng Tháp,Xã Tân Phú Trung,10.2545007,105.7361294,67,Moderate,1,28.2,76,0.1,5.3,188,1007.7,100,15.8,16.2,274.0,11.1,78.0,10.4
2025-11-08 17:00:00,2025,11,8,17,Đồng Tháp,Xã Tân Phú Trung,10.2545007,105.7361294,68,Moderate,1,27.7,78,0.1,6.1,135,1008.3,100,17.8,18.2,381.0,14.5,69.0,11.7
2025-11-08 18:00:00,2025,11,8,18,Đồng Tháp,Xã Tân Phú Trung,10.2545007,105.7361294,68,Moderate,1,26.4,85,0.0,8.8,116,1009.2,100,22.4,22.8,519.0,18.0,62.0,13.2
2025-11-08 19:00:00,2025,11,8,19,Đồng Tháp,Xã Tân Phú Trung,10.2545007,105.7361294,68,Moderate,1,25.4,94,0.1,2.0,265,1010.0,100,31.0,31.7,618.0,27.5,44.0,17.4
2025-11-08 20:00:00,2025,11,8,20,Đồng Tháp,Xã Tân Phú Trung,10.2545007,105.7361294,68,Moderate,1,25.5,93,0.5,2.7,247,1011.0,99,31.1,31.7,645.0,29.0,39.0,19.0
2025-11-08 21:00:00,2025,11,8,21,Đồng Tháp,Xã Tân Phú Trung,10.2545007,105.7361294,68,Moderate,1,25.2,95,0.0,1.6,243,1010.7,98,34.0,34.5,634.0,31.1,33.0,21.2
2025-11-08 22:00:00,2025,11,8,22,Đồng Tháp,Xã Tân Phú Trung,10.2545007,105.7361294,69,Moderate,1,25.1,95,0.0,0.0,270,1010.8,99,39.3,39.8,618.0,32.6,28.0,22.5
2025-11-08 23:00:00,2025,11,8,23,Đồng Tháp,Xã Tân Phú Trung,10.2545007,105.7361294,70,Moderate,1,24.9,95,4.0,9.7,254,1011.5,100,42.1,42.6,610.0,32.7,25.0,22.0
2025-11-09 00:00:00,2025,11,9,0,Đồng Tháp,Xã Tân Phú Trung,10.2545007,105.7361294,72,Moderate,1,24.3,95,11.8,5.2,221,1011.5,100,41.0,41.4,598.0,32.2,24.0,20.5
2025-11-09 01:00:00,2025,11,9,1,Đồng Tháp,Xã Tân Phú Trung,10.2545007,105.7361294,74,Moderate,1,24.2,96,0.1,1.6,354,1010.1,91,39.0,39.6,580.0,32.0,22.0,19.7
2025-11-09 02:00:00,2025,11,9,2,Đồng Tháp,Xã Tân Phú Trung,10.2545007,105.7361294,75,Moderate,1,24.6,94,0.0,0.0,270,1009.4,93,36.3,37.0,551.0,32.8,20.0,20.1
2025-11-09 03:00:00,2025,11,9,3,Đồng Tháp,Xã Tân Phú Trung,10.2545007,105.7361294,77,Moderate,1,24.2,96,0.0,1.8,96,1008.9,99,37.1,38.0,516.0,33.9,17.0,21.0
2025-11-09 04:00:00,2025,11,9,4,Đồng Tháp,Xã Tân Phú Trung,10.2545007,105.7361294,78,Moderate,1,24.4,95,0.0,0.3,315,1008.9,70,39.3,40.3,486.0,34.0,17.0,22.0
2025-11-09 05:00:00,2025,11,9,5,Đồng Tháp,Xã Tân Phú Trung,10.2545007,105.7361294,80,Moderate,1,24.4,96,0.0,3.4,148,1008.7,82,39.5,40.3,470.0,32.5,18.0,23.4
2025-11-09 06:00:00,2025,11,9,6,Đồng Tháp,Xã Tân Phú Trung,10.2545007,105.7361294,81,Moderate,1,24.2,96,0.0,1.5,126,1009.2,91,38.9,39.5,459.0,30.0,21.0,24.8
2025-11-09 07:00:00,2025,11,9,7,Đồng Tháp,Xã Tân Phú Trung,10.2545007,105.7361294,82,Moderate,1,26.0,94,0.0,3.6,311,1009.8,99,22.8,23.0,438.0,19.7,40.0,17.4
2025-11-09 08:00:00,2025,11,9,8,Đồng Tháp,Xã Tân Phú Trung,10.2545007,105.7361294,82,Moderate,1,27.9,82,0.0,2.3,94,1010.3,98,17.0,17.3,394.0,16.2,57.0,16.9
2025-11-09 09:00:00,2025,11,9,9,Đồng Tháp,Xã Tân Phú Trung,10.2545007,105.7361294,82,Moderate,1,29.6,73,0.0,1.9,22,1010.4,100,17.5,17.8,340.0,11.3,81.0,16.1
2025-11-09 10:00:00,2025,11,9,10,Đồng Tháp,Xã Tân Phú Trung,10.2545007,105.7361294,82,Moderate,1,31.0,68,0.0,3.9,37,1010.3,99,18.5,18.7,295.0,7.3,103.0,15.1
2025-11-09 11:00:00,2025,11,9,11,Đồng Tháp,Xã Tân Phú Trung,10.2545007,105.7361294,82,Moderate,1,31.9,66,0.1,3.8,41,1010.0,85,18.5,18.7,267.0,4.9,122.0,13.5
2025-11-09 12:00:00,2025,11,9,12,Đồng Tháp,Xã Tân Phú Trung,10.2545007,105.7361294,83,Moderate,1,32.4,62,0.1,3.9,47,1008.9,98,19.0,19.3,250.0,3.4,138.0,11.6
2025-11-09 13:00:00,2025,11,9,13,Đồng Tháp,Xã Tân Phú Trung,10.2545007,105.7361294,83,Moderate,1,32.5,60,0.1,4.0,36,1008.4,100,21.4,21.7,242.0,3.0,147.0,10.3
2025-11-09 14:00:00,2025,11,9,14,Đồng Tháp,Xã Tân Phú Trung,10.2545007,105.7361294,84,Moderate,1,33.0,58,0.0,3.6,33,1006.9,100,20.6,20.8,232.0,3.8,144.0,10.0
2025-11-09 15:00:00,2025,11,9,15,Đồng Tháp,Xã Tân Phú Trung,10.2545007,105.7361294,84,Moderate,1,29.5,71,2.7,8.2,80,1006.6,100,21.1,21.4,233.0,5.7,134.0,10.3
2025-11-09 16:00:00,2025,11,9,16,Đồng Tháp,Xã Tân Phú Trung,10.2545007,105.7361294,85,Moderate,1,28.4,77,0.9,1.2,219,1006.8,100,20.4,20.7,277.0,8.6,120.0,11.3
2025-11-09 17:00:00,2025,11,9,17,Đồng Tháp,Xã Tân Phú Trung,10.2545007,105.7361294,85,Moderate,1,26.1,85,0.3,8.6,141,1007.9,100,21.7,21.8,403.0,13.2,103.0,13.2
2025-11-09 18:00:00,2025,11,9,18,Đồng Tháp,Xã Tân Phú Trung,10.2545007,105.7361294,86,Moderate,1,25.4,89,0.1,5.8,110,1008.6,87,25.4,25.5,573.0,18.9,82.0,15.8
2025-11-09 19:00:00,2025,11,9,19,Đồng Tháp,Xã Tân Phú Trung,10.2545007,105.7361294,86,Moderate,1,26.1,89,0.0,6.1,104,1008.2,99,22.2,22.2,710.0,19.9,70.0,17.3
2025-11-09 20:00:00,2025,11,9,20,Đồng Tháp,Xã Tân Phú Trung,10.2545007,105.7361294,85,Moderate,1,26.2,91,0.0,0.8,315,1009.2,100,23.7,23.8,788.0,21.8,66.0,19.7
2025-11-09 21:00:00,2025,11,9,21,Đồng Tháp,Xã Tân Phú Trung,10.2545007,105.7361294,84,Moderate,1,26.0,92,0.0,2.3,108,1009.7,100,27.8,27.9,831.0,24.5,60.0,22.9
2025-11-09 22:00:00,2025,11,9,22,Đồng Tháp,Xã Tân Phú Trung,10.2545007,105.7361294,84,Moderate,1,25.6,93,0.0,1.7,328,1010.0,100,31.9,32.0,840.0,27.0,54.0,25.1
2025-11-09 23:00:00,2025,11,9,23,Đồng Tháp,Xã Tân Phú Trung,10.2545007,105.7361294,83,Moderate,1,25.6,94,0.0,0.4,333,1009.5,100,38.6,38.6,800.0,29.0,47.0,25.2
2025-11-10 00:00:00,2025,11,10,0,Đồng Tháp,Xã Tân Phú Trung,10.2545007,105.7361294,83,Moderate,1,25.4,95,0.0,1.1,90,1009.0,100,38.6,38.8,725.0,30.8,40.0,24.4
2025-11-10 01:00:00,2025,11,10,1,Đồng Tháp,Xã Tân Phú Trung,10.2545007,105.7361294,83,Moderate,1,25.5,99,0.0,0.6,162,1008.8,100,44.4,44.5,653.0,31.9,35.0,23.9
2025-11-10 02:00:00,2025,11,10,2,Đồng Tháp,Xã Tân Phú Trung,10.2545007,105.7361294,83,Moderate,1,25.4,99,0.0,0.7,270,1008.1,100,46.2,46.2,595.0,32.3,33.0,24.4
2025-11-10 03:00:00,2025,11,10,3,Đồng Tháp,Xã Tân Phú Trung,10.2545007,105.7361294,84,Moderate,1,25.2,100,0.0,0.6,214,1008.0,100,46.4,46.6,539.0,32.0,32.0,25.4
2025-11-10 04:00:00,2025,11,10,4,Đồng Tháp,Xã Tân Phú Trung,10.2545007,105.7361294,85,Moderate,1,25.1,100,0.0,1.4,157,1008.2,100,49.8,49.8,496.0,31.2,33.0,26.2
2025-11-10 05:00:00,2025,11,10,5,Đồng Tháp,Xã Tân Phú Trung,10.2545007,105.7361294,86,Moderate,1,25.0,99,0.0,4.3,114,1008.1,100,53.3,53.3,474.0,30.1,33.0,27.1
2025-11-10 06:00:00,2025,11,10,6,Đồng Tháp,Xã Tân Phú Trung,10.2545007,105.7361294,87,Moderate,1,24.8,98,0.0,2.5,111,1008.8,100,60.8,60.8,464.0,28.4,33.0,27.8
2025-11-10 07:00:00,2025,11,10,7,Đồng Tháp,Xã Tân Phú Trung,10.2545007,105.7361294,89,Moderate,1,26.1,93,0.0,5.1,96,1009.4,100,71.9,71.9,444.0,32.1,34.0,35.0
2025-11-10 08:00:00,2025,11,10,8,Đồng Tháp,Xã Tân Phú Trung,10.2545007,105.7361294,93,Moderate,1,27.8,84,0.0,4.7,94,1010.0,100,57.9,58.0,399.0,25.6,49.0,31.5
2025-11-10 09:00:00,2025,11,10,9,Đồng Tháp,Xã Tân Phú Trung,10.2545007,105.7361294,97,Moderate,1,29.4,75,0.0,4.5,119,1010.3,100,30.0,30.5,343.0,16.5,69.0,26.5
2025-11-10 10:00:00,2025,11,10,10,Đồng Tháp,Xã Tân Phú Trung,10.2545007,105.7361294,98,Moderate,1,30.6,70,0.0,4.6,138,1009.9,100,23.3,23.9,298.0,9.3,89.0,22.1
2025-11-10 11:00:00,2025,11,10,11,Đồng Tháp,Xã Tân Phú Trung,10.2545007,105.7361294,98,Moderate,1,31.4,65,0.0,3.4,162,1009.1,100,22.4,23.1,271.0,5.8,106.0,18.7
2025-11-10 12:00:00,2025,11,10,12,Đồng Tháp,Xã Tân Phú Trung,10.2545007,105.7361294,99,Moderate,1,32.1,61,0.0,3.6,189,1007.7,100,23.2,23.9,255.0,4.2,122.0,15.9
2025-11-10 13:00:00,2025,11,10,13,Đồng Tháp,Xã Tân Phú Trung,10.2545007,105.7361294,99,Moderate,1,31.9,59,0.0,3.1,239,1006.9,100,25.0,25.7,248.0,3.6,133.0,14.0
2025-11-10 14:00:00,2025,11,10,14,Đồng Tháp,Xã Tân Phú Trung,10.2545007,105.7361294,100,Moderate,1,31.1,62,0.0,13.6,154,1006.7,100,26.3,27.1,247.0,3.9,137.0,13.6
2025-11-10 15:00:00,2025,11,10,15,Đồng Tháp,Xã Tân Phú Trung,10.2545007,105.7361294,100,Moderate,1,27.2,79,1.7,10.8,252,1007.0,100,27.5,28.2,256.0,5.1,137.0,14.1
2025-11-10 16:00:00,2025,11,10,16,Đồng Tháp,Xã Tân Phú Trung,10.2545007,105.7361294,101,Unhealthy for Sensitive Groups,2,27.5,78,0.5,2.5,330,1007.3,100,28.9,29.4,287.0,7.3,130.0,14.7
2025-11-10 17:00:00,2025,11,10,17,Đồng Tháp,Xã Tân Phú Trung,10.2545007,105.7361294,102,Unhealthy for Sensitive Groups,2,26.5,82,0.5,6.0,153,1007.3,100,29.7,30.0,353.0,11.0,114.0,15.1
2025-11-10 18:00:00,2025,11,10,18,Đồng Tháp,Xã Tân Phú Trung,10.2545007,105.7361294,102,Unhealthy for Sensitive Groups,2,25.7,87,0.0,9.7,156,1007.9,100,30.7,31.0,441.0,15.5,92.0,15.6
2025-11-10 19:00:00,2025,11,10,19,Đồng Tháp,Xã Tân Phú Trung,10.2545007,105.7361294,103,Unhealthy for Sensitive Groups,2,26.0,89,0.0,10.1,223,1007.8,100,30.0,30.3,524.0,20.6,67.0,17.9
2025-11-10 20:00:00,2025,11,10,20,Đồng Tháp,Xã Tân Phú Trung,10.2545007,105.7361294,104,Unhealthy for Sensitive Groups,2,25.9,88,0.0,4.3,195,1008.9,100,28.1,28.3,607.0,20.6,63.0,18.1
2025-11-10 21:00:00,2025,11,10,21,Đồng Tháp,Xã Tân Phú Trung,10.2545007,105.7361294,104,Unhealthy for Sensitive Groups,2,25.5,89,0.0,3.1,183,1009.7,100,27.6,27.8,684.0,20.6,59.0,18.4
2025-11-10 22:00:00,2025,11,10,22,Đồng Tháp,Xã Tân Phú Trung,10.2545007,105.7361294,104,Unhealthy for Sensitive Groups,2,25.2,91,0.0,4.3,185,1009.8,100,28.1,28.3,717.0,20.3,55.0,18.3
2025-11-10 23:00:00,2025,11,10,23,Đồng Tháp,Xã Tân Phú Trung,10.2545007,105.7361294,104,Unhealthy for Sensitive Groups,2,24.8,94,0.0,2.7,180,1009.6,100,26.3,26.4,678.0,19.6,54.0,17.4
2025-11-11 00:00:00,2025,11,11,0,Đồng Tháp,Xã Tân Phú Trung,10.2545007,105.7361294,103,Unhealthy for Sensitive Groups,2,24.8,94,0.0,1.5,173,1010.0,100,25.0,25.2,593.0,18.6,54.0,16.2
2025-11-11 01:00:00,2025,11,11,1,Đồng Tháp,Xã Tân Phú Trung,10.2545007,105.7361294,101,Unhealthy for Sensitive Groups,2,25.4,95,0.0,4.6,191,1008.4,100,25.4,25.6,506.0,18.0,54.0,15.4
2025-11-11 02:00:00,2025,11,11,2,Đồng Tháp,Xã Tân Phú Trung,10.2545007,105.7361294,99,Moderate,1,25.4,94,0.0,3.2,199,1007.9,100,26.1,26.2,416.0,17.8,52.0,15.3
2025-11-11 03:00:00,2025,11,11,3,Đồng Tháp,Xã Tân Phú Trung,10.2545007,105.7361294,97,Moderate,1,23.1,98,5.2,11.4,21,1008.5,100,26.1,26.2,322.0,18.0,49.0,15.7
2025-11-11 04:00:00,2025,11,11,4,Đồng Tháp,Xã Tân Phú Trung,10.2545007,105.7361294,96,Moderate,1,23.8,96,0.4,4.2,97,1008.2,100,28.2,28.3,267.0,18.3,46.0,16.4
2025-11-11 05:00:00,2025,11,11,5,Đồng Tháp,Xã Tân Phú Trung,10.2545007,105.7361294,94,Moderate,1,23.8,97,0.1,5.8,64,1009.0,100,29.5,29.6,282.0,19.4,43.0,18.1
2025-11-11 06:00:00,2025,11,11,6,Đồng Tháp,Xã Tân Phú Trung,10.2545007,105.7361294,92,Moderate,1,24.0,98,0.0,7.5,98,1010.0,100,30.3,30.3,335.0,20.7,40.0,20.1
2025-11-11 07:00:00,2025,11,11,7,Đồng Tháp,Xã Tân Phú Trung,10.2545007,105.7361294,89,Moderate,1,25.3,95,0.0,8.8,78,1009.6,100,17.3,17.3,373.0,19.7,49.0,19.0
2025-11-11 08:00:00,2025,11,11,8,Đồng Tháp,Xã Tân Phú Trung,10.2545007,105.7361294,84,Moderate,1,27.1,84,0.0,9.2,92,1010.8,100,14.9,15.0,373.0,17.2,58.0,18.6
2025-11-11 09:00:00,2025,11,11,9,Đồng Tháp,Xã Tân Phú Trung,10.2545007,105.7361294,80,Moderate,1,29.4,72,0.0,8.8,110,1011.0,100,13.5,13.5,357.0,13.7,70.0,18.1
2025-11-11 10:00:00,2025,11,11,10,Đồng Tháp,Xã Tân Phú Trung,10.2545007,105.7361294,79,Moderate,1,30.5,69,0.0,6.5,92,1010.5,100,12.9,13.0,341.0,10.5,86.0,17.3
2025-11-11 11:00:00,2025,11,11,11,Đồng Tháp,Xã Tân Phú Trung,10.2545007,105.7361294,78,Moderate,1,31.6,65,0.0,6.6,81,1010.0,100,15.5,15.5,327.0,7.7,107.0,16.0
2025-11-11 12:00:00,2025,11,11,12,Đồng Tháp,Xã Tân Phú Trung,10.2545007,105.7361294,77,Moderate,1,32.1,61,0.0,5.1,73,1008.8,100,19.4,19.5,312.0,5.2,131.0,14.6
2025-11-11 13:00:00,2025,11,11,13,Đồng Tháp,Xã Tân Phú Trung,10.2545007,105.7361294,77,Moderate,1,32.6,57,0.0,6.9,57,1008.0,100,20.2,20.3,302.0,3.7,149.0,13.7
2025-11-11 14:00:00,2025,11,11,14,Đồng Tháp,Xã Tân Phú Trung,10.2545007,105.7361294,77,Moderate,1,31.9,59,0.2,6.9,99,1007.2,100,22.1,22.2,294.0,3.5,159.0,13.9
2025-11-11 15:00:00,2025,11,11,15,Đồng Tháp,Xã Tân Phú Trung,10.2545007,105.7361294,76,Moderate,1,29.1,70,1.1,8.9,132,1007.3,100,23.6,23.6,291.0,4.3,163.0,14.6
2025-11-11 16:00:00,2025,11,11,16,Đồng Tháp,Xã Tân Phú Trung,10.2545007,105.7361294,76,Moderate,1,29.6,68,0.0,7.4,173,1007.0,100,24.4,24.4,313.0,6.5,158.0,15.7
2025-11-11 17:00:00,2025,11,11,17,Đồng Tháp,Xã Tân Phú Trung,10.2545007,105.7361294,84,Moderate,1,28.9,71,0.0,7.3,173,1007.5,100,28.0,28.1,378.0,10.7,138.0,16.9
2025-11-11 18:00:00,2025,11,11,18,Đồng Tháp,Xã Tân Phú Trung,10.2545007,105.7361294,99,Moderate,1,27.7,79,0.0,6.9,163,1008.1,100,29.5,29.6,468.0,16.2,109.0,18.5
2025-11-11 19:00:00,2025,11,11,19,Đồng Tháp,Xã Tân Phú Trung,10.2545007,105.7361294,103,Unhealthy for Sensitive Groups,2,27.4,88,0.0,6.9,175,1008.3,100,33.9,34.0,541.0,22.7,84.0,21.4
2025-11-11 20:00:00,2025,11,11,20,Đồng Tháp,Xã Tân Phú Trung,10.2545007,105.7361294,99,Moderate,1,27.4,88,0.0,6.4,164,1009.3,100,34.8,34.9,582.0,25.2,75.0,23.4
2025-11-11 21:00:00,2025,11,11,21,Đồng Tháp,Xã Tân Phú Trung,10.2545007,105.7361294,87,Moderate,1,26.8,90,0.0,0.7,284,1009.7,100,38.3,38.4,607.0,28.7,61.0,26.1
2025-11-11 22:00:00,2025,11,11,22,Đồng Tháp,Xã Tân Phú Trung,10.2545007,105.7361294,77,Moderate,1,26.6,91,0.0,0.4,297,1010.0,100,42.0,42.1,619.0,31.6,49.0,27.6
2025-11-11 23:00:00,2025,11,11,23,Đồng Tháp,Xã Tân Phú Trung,10.2545007,105.7361294,78,Moderate,1,26.4,91,0.0,2.7,176,1009.9,100,44.8,45.2,617.0,33.3,39.0,27.0
2025-11-12 00:00:00,2025,11,12,0,Đồng Tháp,Xã Tân Phú Trung,10.2545007,105.7361294,80,Moderate,1,26.0,93,0.0,2.5,201,1009.8,100,44.8,45.6,602.0,34.3,31.0,25.3
2025-11-12 01:00:00,2025,11,12,1,Đồng Tháp,Xã Tân Phú Trung,10.2545007,105.7361294,82,Moderate,1,25.0,95,0.0,4.8,103,1009.2,100,43.0,43.9,583.0,34.7,25.0,23.6
2025-11-12 02:00:00,2025,11,12,2,Đồng Tháp,Xã Tân Phú Trung,10.2545007,105.7361294,83,Moderate,1,25.3,93,0.0,5.8,110,1008.7,100,40.7,41.7,558.0,34.1,23.0,22.1
2025-11-12 03:00:00,2025,11,12,3,Đồng Tháp,Xã Tân Phú Trung,10.2545007,105.7361294,85,Moderate,1,25.0,95,0.0,4.1,92,1008.6,100,39.0,40.0,527.0,32.9,22.0,20.7
2025-11-12 04:00:00,2025,11,12,4,Đồng Tháp,Xã Tân Phú Trung,10.2545007,105.7361294,86,Moderate,1,24.9,97,0.0,4.9,94,1009.0,100,37.1,38.5,503.0,31.9,23.0,20.0
2025-11-12 05:00:00,2025,11,12,5,Đồng Tháp,Xã Tân Phú Trung,10.2545007,105.7361294,86,Moderate,1,24.9,97,0.0,4.9,94,1009.6,100,37.3,38.4,498.0,32.2,22.0,20.8
2025-11-12 06:00:00,2025,11,12,6,Đồng Tháp,Xã Tân Phú Trung,10.2545007,105.7361294,87,Moderate,1,24.9,97,0.0,6.3,93,1010.2,100,39.5,40.6,500.0,32.6,21.0,22.3
2025-11-12 07:00:00,2025,11,12,7,Đồng Tháp,Xã Tân Phú Trung,10.2545007,105.7361294,88,Moderate,1,24.8,94,0.0,7.1,60,1010.5,100,31.4,33.3,475.0,25.5,30.0,20.1
2025-11-12 08:00:00,2025,11,12,8,Đồng Tháp,Xã Tân Phú Trung,10.2545007,105.7361294,89,Moderate,1,27.1,86,0.0,8.1,93,1011.5,100,27.4,29.3,395.0,21.2,43.0,19.2
2025-11-12 09:00:00,2025,11,12,9,Đồng Tháp,Xã Tân Phú Trung,10.2545007,105.7361294,90,Moderate,1,28.5,80,0.1,8.3,96,1011.8,100,24.7,27.0,288.0,15.3,61.0,18.0
2025-11-12 10:00:00,2025,11,12,10,Đồng Tháp,Xã Tân Phú Trung,10.2545007,105.7361294,91,Moderate,1,30.1,73,0.1,7.5,100,1011.6,100,22.6,24.7,214.0,10.3,79.0,16.6
2025-11-12 11:00:00,2025,11,12,11,Đồng Tháp,Xã Tân Phú Trung,10.2545007,105.7361294,92,Moderate,1,31.0,65,0.1,6.7,92,1011.0,100,21.2,22.8,202.0,7.0,97.0,15.0
2025-11-12 12:00:00,2025,11,12,12,Đồng Tháp,Xã Tân Phú Trung,10.2545007,105.7361294,93,Moderate,1,27.1,86,5.3,11.9,22,1010.2,100,22.5,24.0,221.0,4.6,115.0,13.3
2025-11-12 13:00:00,2025,11,12,13,Đồng Tháp,Xã Tân Phú Trung,10.2545007,105.7361294,93,Moderate,1,27.2,80,5.8,11.3,127,1009.6,100,23.6,25.0,239.0,3.6,126.0,11.9
2025-11-12 14:00:00,2025,11,12,14,Đồng Tháp,Xã Tân Phú Trung,10.2545007,105.7361294,93,Moderate,1,28.5,76,0.1,5.9,113,1008.7,100,25.3,26.7,236.0,4.0,126.0,10.9
2025-11-12 15:00:00,2025,11,12,15,Đồng Tháp,Xã Tân Phú Trung,10.2545007,105.7361294,94,Moderate,1,28.8,74,0.0,2.4,77,1008.2,100,26.4,27.6,232.0,5.8,118.0,10.2
2025-11-12 16:00:00,2025,11,12,16,Đồng Tháp,Xã Tân Phú Trung,10.2545007,105.7361294,94,Moderate,1,29.0,73,0.0,3.6,123,1008.1,100,25.3,26.1,254.0,8.8,107.0,10.6
2025-11-12 17:00:00,2025,11,12,17,Đồng Tháp,Xã Tân Phú Trung,10.2545007,105.7361294,94,Moderate,1,28.1,74,0.9,5.0,134,1009.3,88,26.0,26.7,326.0,14.1,92.0,12.8
2025-11-12 18:00:00,2025,11,12,18,Đồng Tháp,Xã Tân Phú Trung,10.2545007,105.7361294,94,Moderate,1,24.5,92,2.8,11.0,181,1010.7,89,28.3,28.9,424.0,20.6,74.0,15.9
2025-11-12 19:00:00,2025,11,12,19,Đồng Tháp,Xã Tân Phú Trung,10.2545007,105.7361294,94,Moderate,1,25.0,90,0.0,4.9,144,1010.3,100,32.7,33.5,505.0,22.6,70.0,19.3
2025-11-12 20:00:00,2025,11,12,20,Đồng Tháp,Xã Tân Phú Trung,10.2545007,105.7361294,94,Moderate,1,25.2,91,0.0,3.2,128,1011.3,96,33.3,34.0,554.0,23.9,65.0,20.9
2025-11-12 21:00:00,2025,11,12,21,Đồng Tháp,Xã Tân Phú Trung,10.2545007,105.7361294,93,Moderate,1,25.0,93,0.0,5.2,121,1011.8,99,37.4,38.1,586.0,25.8,58.0,23.3
2025-11-12 22:00:00,2025,11,12,22,Đồng Tháp,Xã Tân Phú Trung,10.2545007,105.7361294,93,Moderate,1,24.5,96,0.0,3.7,137,1012.0,97,41.0,41.7,604.0,27.9,51.0,25.4
2025-11-12 23:00:00,2025,11,12,23,Đồng Tháp,Xã Tân Phú Trung,10.2545007,105.7361294,93,Moderate,1,24.5,96,0.0,3.4,133,1012.0,100,42.7,43.4,608.0,30.2,46.0,27.1
2025-11-13 00:00:00,2025,11,13,0,Đồng Tháp,Xã Tân Phú Trung,10.2545007,105.7361294,93,Moderate,1,24.5,95,0.0,2.8,75,1011.8,100,44.5,45.2,597.0,32.8,42.0,28.6
2025-11-13 01:00:00,2025,11,13,1,Đồng Tháp,Xã Tân Phú Trung,10.2545007,105.7361294,93,Moderate,1,24.7,96,0.0,4.1,88,1011.2,99,49.0,49.6,574.0,34.7,38.0,29.7
2025-11-13 02:00:00,2025,11,13,2,Đồng Tháp,Xã Tân Phú Trung,10.2545007,105.7361294,94,Moderate,1,24.9,95,0.0,4.0,80,1010.4,100,54.5,55.1,530.0,35.9,33.0,29.9
2025-11-13 03:00:00,2025,11,13,3,Đồng Tháp,Xã Tân Phú Trung,10.2545007,105.7361294,95,Moderate,1,24.8,95,0.0,3.4,93,1010.4,100,56.6,57.2,474.0,36.5,28.0,29.6
2025-11-13 04:00:00,2025,11,13,4,Đồng Tháp,Xã Tân Phú Trung,10.2545007,105.7361294,96,Moderate,1,24.6,95,0.0,2.4,103,1010.1,96,58.1,58.6,433.0,36.4,25.0,30.0
2025-11-13 05:00:00,2025,11,13,5,Đồng Tháp,Xã Tân Phú Trung,10.2545007,105.7361294,98,Moderate,1,24.3,97,0.0,3.2,34,1010.8,99,61.0,61.7,426.0,35.8,24.0,32.8
2025-11-13 06:00:00,2025,11,13,6,Đồng Tháp,Xã Tân Phú Trung,10.2545007,105.7361294,100,Moderate,1,24.1,98,0.0,2.5,356,1011.2,99,65.4,66.1,435.0,34.5,26.0,36.3
2025-11-13 07:00:00,2025,11,13,7,Đồng Tháp,Xã Tân Phú Trung,10.2545007,105.7361294,103,Unhealthy for Sensitive Groups,2,25.1,88,0.0,2.5,315,1011.8,48,74.0,74.7,433.0,29.4,32.0,30.4
2025-11-13 08:00:00,2025,11,13,8,Đồng Tháp,Xã Tân Phú Trung,10.2545007,105.7361294,107,Unhealthy for Sensitive Groups,2,27.4,78,0.0,1.9,56,1012.9,91,58.9,59.8,408.0,23.4,55.0,26.2
2025-11-13 09:00:00,2025,11,13,9,Đồng Tháp,Xã Tân Phú Trung,10.2545007,105.7361294,111,Unhealthy for Sensitive Groups,2,29.2,71,0.0,3.0,33,1013.1,97,39.2,40.2,373.0,15.1,88.0,20.3
2025-11-13 10:00:00,2025,11,13,10,Đồng Tháp,Xã Tân Phú Trung,10.2545007,105.7361294,112,Unhealthy for Sensitive Groups,2,30.2,67,0.0,3.5,9,1012.9,95,31.0,31.9,340.0,8.6,114.0,15.3
2025-11-13 11:00:00,2025,11,13,11,Đồng Tháp,Xã Tân Phú Trung,10.2545007,105.7361294,113,Unhealthy for Sensitive Groups,2,31.4,65,0.0,2.4,17,1012.5,98,33.4,34.5,310.0,5.8,127.0,12.2
2025-11-13 12:00:00,2025,11,13,12,Đồng Tháp,Xã Tân Phú Trung,10.2545007,105.7361294,114,Unhealthy for Sensitive Groups,2,32.0,62,0.0,4.9,358,1011.4,98,34.8,35.6,282.0,4.9,133.0,9.9
2025-11-13 13:00:00,2025,11,13,13,Đồng Tháp,Xã Tân Phú Trung,10.2545007,105.7361294,116,Unhealthy for Sensitive Groups,2,32.3,56,0.0,10.0,36,1010.2,100,34.1,34.9,264.0,4.5,137.0,8.2
2025-11-13 14:00:00,2025,11,13,14,Đồng Tháp,Xã Tân Phú Trung,10.2545007,105.7361294,117,Unhealthy for Sensitive Groups,2,30.4,65,0.5,5.8,74,1009.2,99,31.5,32.2,254.0,3.7,142.0,6.8
2025-11-13 15:00:00,2025,11,13,15,Đồng Tháp,Xã Tân Phú Trung,10.2545007,105.7361294,117,Unhealthy for Sensitive Groups,2,30.0,67,0.7,5.0,77,1009.2,97,31.0,31.5,254.0,3.4,145.0,6.1
2025-11-13 16:00:00,2025,11,13,16,Đồng Tháp,Xã Tân Phú Trung,10.2545007,105.7361294,118,Unhealthy for Sensitive Groups,2,27.5,78,5.3,7.0,138,1009.7,100,31.7,32.2,280.0,4.7,141.0,6.2
2025-11-13 17:00:00,2025,11,13,17,Đồng Tháp,Xã Tân Phú Trung,10.2545007,105.7361294,119,Unhealthy for Sensitive Groups,2,25.9,87,1.3,3.5,294,1010.5,100,32.4,32.8,357.0,9.2,125.0,7.8
2025-11-13 18:00:00,2025,11,13,18,Đồng Tháp,Xã Tân Phú Trung,10.2545007,105.7361294,119,Unhealthy for Sensitive Groups,2,25.5,88,1.0,0.9,270,1010.8,100,38.1,38.4,460.0,15.4,103.0,10.4
2025-11-13 19:00:00,2025,11,13,19,Đồng Tháp,Xã Tân Phú Trung,10.2545007,105.7361294,120,Unhealthy for Sensitive Groups,2,26.1,92,0.1,3.6,288,1010.7,100,40.0,40.4,530.0,23.3,73.0,15.9
2025-11-13 20:00:00,2025,11,13,20,Đồng Tháp,Xã Tân Phú Trung,10.2545007,105.7361294,121,Unhealthy for Sensitive Groups,2,25.4,91,2.3,5.8,99,1012.1,100,42.4,42.5,539.0,22.6,71.0,16.3
2025-11-13 21:00:00,2025,11,13,21,Đồng Tháp,Xã Tân Phú Trung,10.2545007,105.7361294,122,Unhealthy for Sensitive Groups,2,24.9,89,0.1,7.8,134,1012.3,100,44.2,44.5,516.0,21.7,69.0,17.0
2025-11-13 22:00:00,2025,11,13,22,Đồng Tháp,Xã Tân Phú Trung,10.2545007,105.7361294,123,Unhealthy for Sensitive Groups,2,24.5,91,0.0,5.9,149,1012.2,100,44.0,44.2,482.0,21.1,67.0,17.6
2025-11-13 23:00:00,2025,11,13,23,Đồng Tháp,Xã Tân Phú Trung,10.2545007,105.7361294,123,Unhealthy for Sensitive Groups,2,24.2,92,0.0,3.2,251,1011.9,100,42.5,42.7,437.0,20.9,67.0,18.2
2025-11-14 00:00:00,2025,11,14,0,Đồng Tháp,Xã Tân Phú Trung,10.2545007,105.7361294,123,Unhealthy for Sensitive Groups,2,24.6,94,0.2,1.4,230,1011.5,100,43.0,43.3,382.0,21.0,69.0,18.8
2025-11-14 01:00:00,2025,11,14,1,Đồng Tháp,Xã Tân Phú Trung,10.2545007,105.7361294,123,Unhealthy for Sensitive Groups,2,25.5,95,0.1,4.5,214,1010.6,100,45.3,45.5,344.0,21.4,68.0,19.4
2025-11-14 02:00:00,2025,11,14,2,Đồng Tháp,Xã Tân Phú Trung,10.2545007,105.7361294,122,Unhealthy for Sensitive Groups,2,25.1,97,0.0,5.3,262,1010.0,100,47.8,48.1,339.0,22.4,64.0,20.2
2025-11-14 03:00:00,2025,11,14,3,Đồng Tháp,Xã Tân Phú Trung,10.2545007,105.7361294,122,Unhealthy for Sensitive Groups,2,24.1,95,1.3,8.9,32,1010.3,100,49.4,49.7,352.0,23.7,58.0,21.0
2025-11-14 04:00:00,2025,11,14,4,Đồng Tháp,Xã Tân Phú Trung,10.2545007,105.7361294,121,Unhealthy for Sensitive Groups,2,24.2,96,4.3,5.5,297,1009.9,100,51.7,51.9,364.0,24.7,53.0,21.8
2025-11-14 05:00:00,2025,11,14,5,Đồng Tháp,Xã Tân Phú Trung,10.2545007,105.7361294,120,Unhealthy for Sensitive Groups,2,24.2,93,1.1,5.7,288,1009.8,97,54.9,55.2,372.0,25.8,47.0,23.2
2025-11-14 06:00:00,2025,11,14,6,Đồng Tháp,Xã Tân Phú Trung,10.2545007,105.7361294,120,Unhealthy for Sensitive Groups,2,23.9,95,0.0,4.3,338,1010.3,100,58.3,58.4,380.0,26.6,42.0,24.6
2025-11-14 07:00:00,2025,11,14,7,Đồng Tháp,Xã Tân Phú Trung,10.2545007,105.7361294,119,Unhealthy for Sensitive Groups,2,25.4,96,0.0,8.2,334,1010.7,100,51.3,51.6,382.0,23.6,43.0,19.8
2025-11-14 08:00:00,2025,11,14,8,Đồng Tháp,Xã Tân Phú Trung,10.2545007,105.7361294,117,Unhealthy for Sensitive Groups,2,27.1,84,0.0,6.7,346,1011.7,100,34.9,35.2,376.0,17.7,69.0,16.7
2025-11-14 09:00:00,2025,11,14,9,Đồng Tháp,Xã Tân Phú Trung,10.2545007,105.7361294,114,Unhealthy for Sensitive Groups,2,28.9,72,0.0,6.2,17,1012.2,100,22.1,22.3,365.0,9.6,104.0,12.4
2025-11-14 10:00:00,2025,11,14,10,Đồng Tháp,Xã Tân Phú Trung,10.2545007,105.7361294,112,Unhealthy for Sensitive Groups,2,30.3,63,0.0,10.2,34,1012.1,100,18.3,18.5,348.0,3.5,130.0,8.8
2025-11-14 11:00:00,2025,11,14,11,Đồng Tháp,Xã Tân Phú Trung,10.2545007,105.7361294,111,Unhealthy for Sensitive Groups,2,31.1,57,0.0,12.8,34,1011.6,100,14.8,15.0,319.0,1.5,137.0,6.7
2025-11-14 12:00:00,2025,11,14,12,Đồng Tháp,Xã Tân Phú Trung,10.2545007,105.7361294,109,Unhealthy for Sensitive Groups,2,32.0,49,0.0,11.8,28,1010.6,100,11.5,11.6,283.0,1.6,135.0,5.2
2025-11-14 13:00:00,2025,11,14,13,Đồng Tháp,Xã Tân Phú Trung,10.2545007,105.7361294,107,Unhealthy for Sensitive Groups,2,32.8,41,0.0,14.3,24,1009.3,71,9.3,9.4,262.0,2.1,130.0,4.3
2025-11-14 14:00:00,2025,11,14,14,Đồng Tháp,Xã Tân Phú Trung,10.2545007,105.7361294,104,Unhealthy for Sensitive Groups,2,32.9,41,0.0,15.0,17,1008.7,58,7.9,8.0,264.0,2.0,125.0,3.7
2025-11-14 15:00:00,2025,11,14,15,Đồng Tháp,Xã Tân Phú Trung,10.2545007,105.7361294,102,Unhealthy for Sensitive Groups,2,32.0,45,0.0,15.6,14,1008.7,62,7.0,7.1,279.0,2.3,117.0,3.5
2025-11-14 16:00:00,2025,11,14,16,Đồng Tháp,Xã Tân Phú Trung,10.2545007,105.7361294,99,Moderate,1,31.1,46,0.0,12.9,15,1008.7,32,7.2,7.2,300.0,4.0,107.0,4.0
2025-11-14 17:00:00,2025,11,14,17,Đồng Tháp,Xã Tân Phú Trung,10.2545007,105.7361294,97,Moderate,1,29.5,54,0.0,10.7,25,1009.0,100,10.3,10.3,315.0,8.3,92.0,5.6
2025-11-14 18:00:00,2025,11,14,18,Đồng Tháp,Xã Tân Phú Trung,10.2545007,105.7361294,95,Moderate,1,27.5,59,0.0,10.5,25,1009.7,99,14.8,14.8,335.0,14.0,74.0,7.8
2025-11-14 19:00:00,2025,11,14,19,Đồng Tháp,Xã Tân Phú Trung,10.2545007,105.7361294,93,Moderate,1,26.8,57,0.0,12.1,12,1010.3,68,19.2,19.3,386.0,15.3,64.0,8.5
2025-11-14 20:00:00,2025,11,14,20,Đồng Tháp,Xã Tân Phú Trung,10.2545007,105.7361294,91,Moderate,1,26.4,57,0.0,10.5,16,1011.3,95,18.5,18.6,502.0,14.1,64.0,8.2
2025-11-14 21:00:00,2025,11,14,21,Đồng Tháp,Xã Tân Phú Trung,10.2545007,105.7361294,89,Moderate,1,25.0,66,0.0,4.7,62,1011.7,99,16.6,16.7,647.0,12.4,63.0,7.8
2025-11-14 22:00:00,2025,11,14,22,Đồng Tháp,Xã Tân Phú Trung,10.2545007,105.7361294,87,Moderate,1,24.6,72,0.0,4.2,85,1012.0,100,15.0,15.1,745.0,11.0,62.0,7.3
2025-11-14 23:00:00,2025,11,14,23,Đồng Tháp,Xã Tân Phú Trung,10.2545007,105.7361294,84,Moderate,1,24.7,76,0.0,4.0,54,1011.9,100,13.6,13.7,761.0,10.3,60.0,6.8
2025-11-15 00:00:00,2025,11,15,0,Đồng Tháp,Xã Tân Phú Trung,10.2545007,105.7361294,81,Moderate,1,24.6,78,0.0,4.2,25,1011.4,100,12.6,12.7,728.0,9.9,58.0,6.2
2025-11-15 01:00:00,2025,11,15,1,Đồng Tháp,Xã Tân Phú Trung,10.2545007,105.7361294,79,Moderate,1,24.9,80,0.0,5.6,345,1010.7,98,12.0,12.2,669.0,9.6,56.0,6.0
2025-11-15 02:00:00,2025,11,15,2,Đồng Tháp,Xã Tân Phú Trung,10.2545007,105.7361294,76,Moderate,1,24.6,76,0.0,9.7,357,1010.2,98,11.6,11.8,567.0,9.4,52.0,6.2
2025-11-15 03:00:00,2025,11,15,3,Đồng Tháp,Xã Tân Phú Trung,10.2545007,105.7361294,73,Moderate,1,23.8,77,0.0,10.8,11,1009.8,63,11.9,12.0,437.0,9.3,49.0,6.8
2025-11-15 04:00:00,2025,11,15,4,Đồng Tháp,Xã Tân Phú Trung,10.2545007,105.7361294,69,Moderate,1,23.2,80,0.0,10.3,23,1010.1,58,13.1,13.2,351.0,9.6,46.0,7.5
2025-11-15 05:00:00,2025,11,15,5,Đồng Tháp,Xã Tân Phú Trung,10.2545007,105.7361294,66,Moderate,1,22.7,81,0.0,8.5,24,1010.6,8,14.7,14.8,353.0,10.7,44.0,8.6
2025-11-15 06:00:00,2025,11,15,6,Đồng Tháp,Xã Tân Phú Trung,10.2545007,105.7361294,62,Moderate,1,22.2,81,0.0,7.4,22,1011.1,29,16.7,16.8,398.0,12.1,43.0,9.9
2025-11-15 07:00:00,2025,11,15,7,Đồng Tháp,Xã Tân Phú Trung,10.2545007,105.7361294,59,Moderate,1,24.4,78,0.0,9.9,12,1011.2,0,30.3,30.7,422.0,10.8,56.0,9.5
2025-11-15 08:00:00,2025,11,15,8,Đồng Tháp,Xã Tân Phú Trung,10.2545007,105.7361294,57,Moderate,1,26.2,66,0.0,12.9,7,1012.0,63,27.8,28.3,391.0,8.7,70.0,8.7
2025-11-15 09:00:00,2025,11,15,9,Đồng Tháp,Xã Tân Phú Trung,10.2545007,105.7361294,56,Moderate,1,27.4,58,0.0,13.8,13,1012.2,76,25.7,26.3,339.0,5.9,90.0,7.6
2025-11-15 10:00:00,2025,11,15,10,Đồng Tháp,Xã Tân Phú Trung,10.2545007,105.7361294,56,Moderate,1,28.2,56,0.0,12.5,23,1012.4,50,23.2,23.8,298.0,3.7,108.0,6.8
2025-11-15 11:00:00,2025,11,15,11,Đồng Tháp,Xã Tân Phú Trung,10.2545007,105.7361294,57,Moderate,1,29.1,53,0.0,10.5,33,1011.8,56,21.2,21.8,279.0,2.7,120.0,6.5
2025-11-15 12:00:00,2025,11,15,12,Đồng Tháp,Xã Tân Phú Trung,10.2545007,105.7361294,57,Moderate,1,30.0,52,0.0,8.6,54,1010.7,27,20.9,21.5,272.0,2.3,129.0,6.4
2025-11-15 13:00:00,2025,11,15,13,Đồng Tháp,Xã Tân Phú Trung,10.2545007,105.7361294,58,Moderate,1,30.6,45,0.0,11.0,87,1010.3,0,22.5,23.1,275.0,2.4,137.0,6.7
2025-11-15 14:00:00,2025,11,15,14,Đồng Tháp,Xã Tân Phú Trung,10.2545007,105.7361294,59,Moderate,1,30.7,46,0.0,10.1,102,1009.2,8,25.1,25.7,285.0,1.9,148.0,6.9
2025-11-15 15:00:00,2025,11,15,15,Đồng Tháp,Xã Tân Phú Trung,10.2545007,105.7361294,61,Moderate,1,31.2,45,0.0,9.4,101,1008.8,100,27.5,28.2,305.0,1.8,157.0,7.5
2025-11-15 16:00:00,2025,11,15,16,Đồng Tháp,Xã Tân Phú Trung,10.2545007,105.7361294,71,Moderate,1,30.0,51,0.0,11.4,96,1008.8,8,29.6,30.3,345.0,5.2,156.0,9.5
2025-11-15 17:00:00,2025,11,15,17,Đồng Tháp,Xã Tân Phú Trung,10.2545007,105.7361294,89,Moderate,1,29.0,56,0.0,6.5,90,1009.3,6,35.0,35.5,412.0,15.0,136.0,14.1
2025-11-15 18:00:00,2025,11,15,18,Đồng Tháp,Xã Tân Phú Trung,10.2545007,105.7361294,99,Moderate,1,27.1,66,0.0,3.6,123,1009.8,5,45.4,46.0,498.0,28.3,105.0,20.1
2025-11-15 19:00:00,2025,11,15,19,Đồng Tháp,Xã Tân Phú Trung,10.2545007,105.7361294,98,Moderate,1,26.1,75,0.0,3.8,253,1010.4,34,52.5,53.0,592.0,36.2,77.0,23.4
2025-11-15 20:00:00,2025,11,15,20,Đồng Tháp,Xã Tân Phú Trung,10.2545007,105.7361294,89,Moderate,1,25.9,77,0.0,4.7,242,1011.1,98,63.3,63.8,699.0,43.1,64.0,28.6
2025-11-15 21:00:00,2025,11,15,21,Đồng Tháp,Xã Tân Phú Trung,10.2545007,105.7361294,77,Moderate,1,25.5,80,0.0,1.7,302,1011.3,55,75.2,75.7,813.0,52.4,45.0,35.6
2025-11-15 22:00:00,2025,11,15,22,Đồng Tháp,Xã Tân Phú Trung,10.2545007,105.7361294,82,Moderate,1,25.1,79,0.0,5.6,6,1011.5,61,84.5,85.0,912.0,57.7,31.0,39.4
2025-11-15 23:00:00,2025,11,15,23,Đồng Tháp,Xã Tân Phú Trung,10.2545007,105.7361294,88,Moderate,1,24.6,78,0.0,4.8,312,1011.6,99,85.9,86.4,1013.0,55.8,26.0,37.3
2025-11-16 00:00:00,2025,11,16,0,Đồng Tháp,Xã Tân Phú Trung,10.2545007,105.7361294,94,Moderate,1,25.0,74,0.0,6.3,277,1010.9,100,80.3,80.6,1098.0,50.0,25.0,31.9
2025-11-16 01:00:00,2025,11,16,1,Đồng Tháp,Xã Tân Phú Trung,10.2545007,105.7361294,100,Moderate,1,25.0,78,0.0,5.9,256,1010.5,100,67.5,67.8,1087.0,43.0,25.0,26.4
2025-11-16 02:00:00,2025,11,16,2,Đồng Tháp,Xã Tân Phú Trung,10.2545007,105.7361294,106,Unhealthy for Sensitive Groups,2,25.2,77,0.0,7.0,296,1009.8,95,51.0,51.1,897.0,35.0,26.0,21.2
2025-11-16 03:00:00,2025,11,16,3,Đồng Tháp,Xã Tân Phú Trung,10.2545007,105.7361294,110,Unhealthy for Sensitive Groups,2,25.0,78,0.0,9.7,321,1009.1,4,39.6,39.7,612.0,26.0,29.0,15.8
2025-11-16 04:00:00,2025,11,16,4,Đồng Tháp,Xã Tân Phú Trung,10.2545007,105.7361294,113,Unhealthy for Sensitive Groups,2,24.5,80,0.0,9.6,334,1009.2,21,30.5,30.6,399.0,18.6,32.0,11.5
2025-11-16 05:00:00,2025,11,16,5,Đồng Tháp,Xã Tân Phú Trung,10.2545007,105.7361294,115,Unhealthy for Sensitive Groups,2,24.4,79,0.0,11.7,346,1009.6,94,20.7,20.8,342.0,14.1,35.0,8.8
2025-11-16 06:00:00,2025,11,16,6,Đồng Tháp,Xã Tân Phú Trung,10.2545007,105.7361294,116,Unhealthy for Sensitive Groups,2,24.2,79,0.0,13.6,355,1010.2,95,15.0,15.1,357.0,11.2,39.0,7.2
2025-11-16 07:00:00,2025,11,16,7,Đồng Tháp,Xã Tân Phú Trung,10.2545007,105.7361294,115,Unhealthy for Sensitive Groups,2,25.5,79,0.0,10.8,360,1010.8,55,19.2,19.3,366.0,11.9,41.0,9.0
2025-11-16 08:00:00,2025,11,16,8,Đồng Tháp,Xã Tân Phú Trung,10.2545007,105.7361294,114,Unhealthy for Sensitive Groups,2,27.0,72,0.0,13.0,5,1011.6,80,14.1,14.2,337.0,9.4,56.0,7.9
2025-11-16 09:00:00,2025,11,16,9,Đồng Tháp,Xã Tân Phú Trung,10.2545007,105.7361294,113,Unhealthy for Sensitive Groups,2,28.8,66,0.0,13.0,11,1012.3,98,11.6,11.8,302.0,6.0,75.0,6.4
2025-11-16 10:00:00,2025,11,16,10,Đồng Tháp,Xã Tân Phú Trung,10.2545007,105.7361294,111,Unhealthy for Sensitive Groups,2,29.9,64,0.0,13.8,15,1012.0,96,10.2,10.4,273.0,3.5,89.0,5.1
2025-11-16 11:00:00,2025,11,16,11,Đồng Tháp,Xã Tân Phú Trung,10.2545007,105.7361294,110,Unhealthy for Sensitive Groups,2,30.5,62,0.0,13.5,21,1011.5,100,8.8,9.0,254.0,2.4,91.0,4.2
2025-11-16 12:00:00,2025,11,16,12,Đồng Tháp,Xã Tân Phú Trung,10.2545007,105.7361294,109,Unhealthy for Sensitive Groups,2,29.0,66,0.7,17.1,57,1011.1,100,7.1,7.3,242.0,2.1,86.0,3.5
2025-11-16 13:00:00,2025,11,16,13,Đồng Tháp,Xã Tân Phú Trung,10.2545007,105.7361294,107,Unhealthy for Sensitive Groups,2,26.5,83,4.3,6.5,3,1010.5,100,5.9,6.1,238.0,2.7,80.0,3.4
2025-11-16 14:00:00,2025,11,16,14,Đồng Tháp,Xã Tân Phú Trung,10.2545007,105.7361294,106,Unhealthy for Sensitive Groups,2,28.4,69,0.0,10.7,352,1009.4,100,6.6,6.8,245.0,4.5,74.0,4.1
2025-11-16 15:00:00,2025,11,16,15,Đồng Tháp,Xã Tân Phú Trung,10.2545007,105.7361294,104,Unhealthy for Sensitive Groups,2,26.0,86,1.8,12.4,62,1009.4,100,9.3,9.4,260.0,7.1,67.0,5.5
2025-11-16 16:00:00,2025,11,16,16,Đồng Tháp,Xã Tân Phú Trung,10.2545007,105.7361294,102,Unhealthy for Sensitive Groups,2,25.2,91,3.1,7.9,79,1009.9,100,10.9,11.0,280.0,10.0,60.0,7.0
2025-11-16 17:00:00,2025,11,16,17,Đồng Tháp,Xã Tân Phú Trung,10.2545007,105.7361294,100,Moderate,1,24.6,93,1.5,6.1,87,1010.4,100,11.9,12.0,313.0,13.0,55.0,8.6
2025-11-16 18:00:00,2025,11,16,18,Đồng Tháp,Xã Tân Phú Trung,10.2545007,105.7361294,98,Moderate,1,24.1,94,2.4,7.3,65,1010.6,100,15.7,15.7,352.0,16.2,50.0,10.5
2025-11-16 19:00:00,2025,11,16,19,Đồng Tháp,Xã Tân Phú Trung,10.2545007,105.7361294,95,Moderate,1,25.0,91,0.8,10.8,15,1011.3,99,26.9,27.1,370.0,20.3,56.0,13.2
2025-11-16 20:00:00,2025,11,16,20,Đồng Tháp,Xã Tân Phú Trung,10.2545007,105.7361294,93,Moderate,1,24.2,95,1.3,9.3,36,1012.1,100,23.7,23.9,352.0,19.6,56.0,13.3
2025-11-16 21:00:00,2025,11,16,21,Đồng Tháp,Xã Tân Phú Trung,10.2545007,105.7361294,89,Moderate,1,24.2,94,0.3,11.1,39,1012.5,99,22.6,22.8,315.0,18.6,55.0,13.4
2025-11-16 22:00:00,2025,11,16,22,Đồng Tháp,Xã Tân Phú Trung,10.2545007,105.7361294,85,Moderate,1,23.9,94,0.1,10.8,15,1012.3,98,23.4,23.5,280.0,17.9,53.0,13.3
2025-11-16 23:00:00,2025,11,16,23,Đồng Tháp,Xã Tân Phú Trung,10.2545007,105.7361294,79,Moderate,1,23.5,95,0.0,8.2,23,1012.1,99,23.5,23.6,255.0,17.8,49.0,12.8
2025-11-17 00:00:00,2025,11,17,0,Đồng Tháp,Xã Tân Phú Trung,10.2545007,105.7361294,74,Moderate,1,23.6,95,0.0,9.1,22,1011.8,100,23.2,23.4,232.0,17.8,43.0,12.1
2025-11-17 01:00:00,2025,11,17,1,Đồng Tháp,Xã Tân Phú Trung,10.2545007,105.7361294,69,Moderate,1,23.9,96,0.1,9.0,88,1011.2,100,21.4,21.5,219.0,17.4,38.0,11.2
2025-11-17 02:00:00,2025,11,17,2,Đồng Tháp,Xã Tân Phú Trung,10.2545007,105.7361294,65,Moderate,1,23.8,97,2.1,6.1,60,1011.0,100,18.6,18.7,217.0,15.8,35.0,10.0
2025-11-17 03:00:00,2025,11,17,3,Đồng Tháp,Xã Tân Phú Trung,10.2545007,105.7361294,62,Moderate,1,23.9,96,0.1,10.0,38,1010.1,100,15.4,15.5,223.0,13.6,32.0,8.7
2025-11-17 04:00:00,2025,11,17,4,Đồng Tháp,Xã Tân Phú Trung,10.2545007,105.7361294,60,Moderate,1,23.5,96,0.0,6.4,16,1009.6,100,14.1,14.3,237.0,12.2,30.0,7.8
2025-11-17 05:00:00,2025,11,17,5,Đồng Tháp,Xã Tân Phú Trung,10.2545007,105.7361294,58,Moderate,1,23.6,94,0.0,7.9,24,1010.1,100,13.4,13.5,266.0,12.2,27.0,7.7
2025-11-17 06:00:00,2025,11,17,6,Đồng Tháp,Xã Tân Phú Trung,10.2545007,105.7361294,57,Moderate,1,23.4,96,1.4,11.7,53,1011.2,100,13.9,14.1,304.0,13.0,24.0,8.1
2025-11-17 07:00:00,2025,11,17,7,Đồng Tháp,Xã Tân Phú Trung,10.2545007,105.7361294,57,Moderate,1,24.6,95,2.6,9.7,27,1011.2,100,15.6,15.7,324.0,11.3,33.0,8.8
2025-11-17 08:00:00,2025,11,17,8,Đồng Tháp,Xã Tân Phú Trung,10.2545007,105.7361294,57,Moderate,1,25.9,88,0.1,12.7,46,1012.3,100,13.5,13.7,312.0,10.9,41.0,9.5
2025-11-17 09:00:00,2025,11,17,9,Đồng Tháp,Xã Tân Phú Trung,10.2545007,105.7361294,57,Moderate,1,26.8,84,0.1,13.5,52,1013.0,100,14.1,14.3,283.0,10.3,52.0,10.5
2025-11-17 10:00:00,2025,11,17,10,Đồng Tháp,Xã Tân Phú Trung,10.2545007,105.7361294,57,Moderate,1,28.8,75,0.1,16.0,65,1012.6,100,15.1,15.3,261.0,9.6,63.0,11.3
2025-11-17 11:00:00,2025,11,17,11,Đồng Tháp,Xã Tân Phú Trung,10.2545007,105.7361294,58,Moderate,1,29.5,70,0.2,18.0,74,1012.1,100,13.5,13.7,260.0,8.8,74.0,11.6
2025-11-17 12:00:00,2025,11,17,12,Đồng Tháp,Xã Tân Phú Trung,10.2545007,105.7361294,58,Moderate,1,26.5,85,4.7,12.0,72,1011.0,100,12.5,12.8,267.0,8.0,84.0,11.6
2025-11-17 13:00:00,2025,11,17,13,Đồng Tháp,Xã Tân Phú Trung,10.2545007,105.7361294,59,Moderate,1,26.0,91,0.6,7.5,73,1010.3,100,12.7,13.0,266.0,7.6,93.0,11.7
2025-11-17 14:00:00,2025,11,17,14,Đồng Tháp,Xã Tân Phú Trung,10.2545007,105.7361294,59,Moderate,1,26.0,88,0.9,10.7,68,1009.0,100,13.0,13.5,243.0,7.4,102.0,11.8
2025-11-17 15:00:00,2025,11,17,15,Đồng Tháp,Xã Tân Phú Trung,10.2545007,105.7361294,60,Moderate,1,26.3,84,0.1,15.4,79,1009.0,100,14.6,15.4,211.0,7.6,108.0,12.0
2025-11-17 16:00:00,2025,11,17,16,Đồng Tháp,Xã Tân Phú Trung,10.2545007,105.7361294,60,Moderate,1,25.6,92,0.6,13.0,87,1009.2,100,15.1,15.8,196.0,8.9,109.0,12.6
2025-11-17 17:00:00,2025,11,17,17,Đồng Tháp,Xã Tân Phú Trung,10.2545007,105.7361294,61,Moderate,1,25.2,93,0.8,12.8,88,1009.4,100,16.8,17.5,213.0,12.0,99.0,13.7
2025-11-17 18:00:00,2025,11,17,18,Đồng Tháp,Xã Tân Phú Trung,10.2545007,105.7361294,61,Moderate,1,25.0,93,1.2,13.0,79,1009.8,100,18.3,19.4,246.0,16.2,82.0,15.2
2025-11-17 19:00:00,2025,11,17,19,Đồng Tháp,Xã Tân Phú Trung,10.2545007,105.7361294,61,Moderate,1,25.5,91,0.2,8.5,61,1010.0,100,25.3,26.3,280.0,23.8,66.0,20.3
2025-11-17 20:00:00,2025,11,17,20,Đồng Tháp,Xã Tân Phú Trung,10.2545007,105.7361294,61,Moderate,1,25.5,91,0.1,7.4,39,1011.0,100,27.2,29.2,312.0,25.5,61.0,21.8
2025-11-17 21:00:00,2025,11,17,21,Đồng Tháp,Xã Tân Phú Trung,10.2545007,105.7361294,61,Moderate,1,25.2,92,0.0,7.0,44,1011.5,100,28.5,30.7,344.0,27.8,55.0,23.9
2025-11-17 22:00:00,2025,11,17,22,Đồng Tháp,Xã Tân Phú Trung,10.2545007,105.7361294,62,Moderate,1,25.2,92,0.0,6.1,60,1011.6,100,30.2,32.5,366.0,28.8,50.0,24.7
2025-11-17 23:00:00,2025,11,17,23,Đồng Tháp,Xã Tân Phú Trung,10.2545007,105.7361294,63,Moderate,1,25.1,93,0.0,6.7,59,1011.5,100,32.0,34.2,373.0,27.7,48.0,23.4
2025-11-18 00:00:00,2025,11,18,0,Đồng Tháp,Xã Tân Phú Trung,10.2545007,105.7361294,63,Moderate,1,24.7,94,0.0,6.7,52,1010.7,98,32.5,34.1,369.0,25.3,48.0,21.0
2025-11-18 01:00:00,2025,11,18,1,Đồng Tháp,Xã Tân Phú Trung,10.2545007,105.7361294,64,Moderate,1,25.2,93,0.0,6.0,17,1010.2,100,33.2,34.0,357.0,22.7,47.0,18.4
2025-11-18 02:00:00,2025,11,18,2,Đồng Tháp,Xã Tân Phú Trung,10.2545007,105.7361294,65,Moderate,1,25.4,93,0.0,6.3,20,1009.4,77,32.5,32.9,330.0,20.0,45.0,15.7
2025-11-18 03:00:00,2025,11,18,3,Đồng Tháp,Xã Tân Phú Trung,10.2545007,105.7361294,66,Moderate,1,25.1,92,0.0,7.4,359,1009.1,98,31.0,31.3,295.0,17.2,43.0,12.8
2025-11-18 04:00:00,2025,11,18,4,Đồng Tháp,Xã Tân Phú Trung,10.2545007,105.7361294,68,Moderate,1,24.8,90,0.0,5.8,7,1009.3,100,28.9,29.2,271.0,14.8,41.0,10.6
2025-11-18 05:00:00,2025,11,18,5,Đồng Tháp,Xã Tân Phú Trung,10.2545007,105.7361294,69,Moderate,1,24.7,90,0.0,6.8,12,1009.4,97,26.2,26.4,273.0,13.4,38.0,9.5
2025-11-18 06:00:00,2025,11,18,6,Đồng Tháp,Xã Tân Phú Trung,10.2545007,105.7361294,70,Moderate,1,24.4,92,0.0,5.5,11,1010.1,98,24.3,24.5,286.0,12.5,37.0,9.0
2025-11-18 07:00:00,2025,11,18,7,Đồng Tháp,Xã Tân Phú Trung,10.2545007,105.7361294,71,Moderate,1,25.4,94,0.0,3.1,339,1010.8,100,27.9,28.2,290.0,14.1,38.0,9.9
2025-11-18 08:00:00,2025,11,18,8,Đồng Tháp,Xã Tân Phú Trung,10.2545007,105.7361294,72,Moderate,1,27.1,86,0.0,3.9,336,1011.5,87,20.1,20.4,272.0,11.8,55.0,10.0
2025-11-18 09:00:00,2025,11,18,9,Đồng Tháp,Xã Tân Phú Trung,10.2545007,105.7361294,73,Moderate,1,28.7,74,0.0,4.8,42,1011.7,98,18.4,18.8,245.0,8.8,78.0,10.2
2025-11-18 10:00:00,2025,11,18,10,Đồng Tháp,Xã Tân Phú Trung,10.2545007,105.7361294,73,Moderate,1,29.4,69,0.0,7.9,73,1011.5,97,16.2,16.8,226.0,6.8,93.0,10.4
2025-11-18 11:00:00,2025,11,18,11,Đồng Tháp,Xã Tân Phú Trung,10.2545007,105.7361294,73,Moderate,1,30.0,68,0.0,12.2,91,1011.1,90,15.6,16.5,223.0,7.0,93.0,10.7
2025-11-18 12:00:00,2025,11,18,12,Đồng Tháp,Xã Tân Phú Trung,10.2545007,105.7361294,73,Moderate,1,28.1,77,0.5,9.8,83,1009.6,44,14.8,16.0,229.0,8.2,86.0,11.1
2025-11-18 13:00:00,2025,11,18,13,Đồng Tháp,Xã Tân Phú Trung,10.2545007,105.7361294,74,Moderate,1,30.3,66,0.2,18.1,73,1008.9,57,15.8,17.2,240.0,9.2,82.0,11.3
2025-11-18 14:00:00,2025,11,18,14,Đồng Tháp,Xã Tân Phú Trung,10.2545007,105.7361294,74,Moderate,1,30.1,65,0.3,17.3,86,1007.8,40,18.5,20.1,259.0,9.0,88.0,11.1
2025-11-18 15:00:00,2025,11,18,15,Đồng Tháp,Xã Tân Phú Trung,10.2545007,105.7361294,74,Moderate,1,27.4,81,0.8,15.9,70,1008.0,87,18.3,20.0,283.0,8.5,96.0,10.7
2025-11-18 16:00:00,2025,11,18,16,Đồng Tháp,Xã Tân Phú Trung,10.2545007,105.7361294,75,Moderate,1,27.0,84,0.3,7.4,68,1007.6,64,15.4,16.2,296.0,9.1,98.0,10.5
2025-11-18 17:00:00,2025,11,18,17,Đồng Tháp,Xã Tân Phú Trung,10.2545007,105.7361294,75,Moderate,1,25.8,87,2.4,15.1,89,1008.5,93,14.4,15.3,284.0,11.8,86.0,10.8
2025-11-18 18:00:00,2025,11,18,18,Đồng Tháp,Xã Tân Phú Trung,10.2545007,105.7361294,75,Moderate,1,24.6,91,1.5,16.2,47,1010.1,100,15.5,16.8,262.0,15.6,68.0,11.4
2025-11-18 19:00:00,2025,11,18,19,Đồng Tháp,Xã Tân Phú Trung,10.2545007,105.7361294,74,Moderate,1,24.6,95,1.7,9.3,72,1010.1,100,28.2,28.8,257.0,24.0,57.0,17.2
2025-11-18 20:00:00,2025,11,18,20,Đồng Tháp,Xã Tân Phú Trung,10.2545007,105.7361294,75,Moderate,1,25.1,94,0.6,10.0,84,1010.4,98,22.0,23.3,295.0,23.8,52.0,17.1
2025-11-18 21:00:00,2025,11,18,21,Đồng Tháp,Xã Tân Phú Trung,10.2545007,105.7361294,74,Moderate,1,25.1,92,0.1,10.6,88,1011.2,100,21.8,23.2,351.0,23.6,46.0,17.0
2025-11-18 22:00:00,2025,11,18,22,Đồng Tháp,Xã Tân Phú Trung,10.2545007,105.7361294,74,Moderate,1,24.9,93,0.2,8.9,65,1011.3,100,22.1,23.5,377.0,23.6,40.0,17.0
2025-11-18 23:00:00,2025,11,18,23,Đồng Tháp,Xã Tân Phú Trung,10.2545007,105.7361294,73,Moderate,1,24.5,95,0.4,9.6,52,1011.2,100,23.6,24.9,341.0,24.5,36.0,17.4
2025-11-19 00:00:00,2025,11,19,0,Đồng Tháp,Xã Tân Phú Trung,10.2545007,105.7361294,72,Moderate,1,24.2,96,0.0,7.7,30,1010.8,100,25.7,27.3,274.0,25.7,33.0,17.9
2025-11-19 01:00:00,2025,11,19,1,Đồng Tháp,Xã Tân Phú Trung,10.2545007,105.7361294,71,Moderate,1,24.4,94,0.0,9.9,68,1010.6,100,27.4,29.0,226.0,25.7,32.0,17.8
2025-11-19 02:00:00,2025,11,19,2,Đồng Tháp,Xã Tân Phú Trung,10.2545007,105.7361294,71,Moderate,1,24.5,94,0.2,11.9,63,1010.0,100,28.6,29.6,218.0,23.4,32.0,16.8
2025-11-19 03:00:00,2025,11,19,3,Đồng Tháp,Xã Tân Phú Trung,10.2545007,105.7361294,71,Moderate,1,24.2,95,0.1,10.1,43,1009.7,94,27.8,28.2,228.0,19.9,34.0,15.2
2025-11-19 04:00:00,2025,11,19,4,Đồng Tháp,Xã Tân Phú Trung,10.2545007,105.7361294,70,Moderate,1,24.1,96,0.0,9.4,17,1009.2,100,23.7,23.9,239.0,16.5,36.0,13.5
2025-11-19 05:00:00,2025,11,19,5,Đồng Tháp,Xã Tân Phú Trung,10.2545007,105.7361294,70,Moderate,1,23.9,97,0.0,8.0,6,1009.7,100,17.9,18.1,247.0,13.6,38.0,11.4
2025-11-19 06:00:00,2025,11,19,6,Đồng Tháp,Xã Tân Phú Trung,10.2545007,105.7361294,69,Moderate,1,23.8,97,0.0,7.7,3,1010.6,100,13.8,13.9,256.0,10.8,41.0,9.2
2025-11-19 07:00:00,2025,11,19,7,Đồng Tháp,Xã Tân Phú Trung,10.2545007,105.7361294,68,Moderate,1,24.5,93,0.0,10.5,356,1010.9,69,10.7,10.8,258.0,8.9,41.0,7.0
2025-11-19 08:00:00,2025,11,19,8,Đồng Tháp,Xã Tân Phú Trung,10.2545007,105.7361294,67,Moderate,1,26.3,85,0.0,12.5,7,1011.6,100,5.8,6.1,245.0,7.1,51.0,6.2
2025-11-19 09:00:00,2025,11,19,9,Đồng Tháp,Xã Tân Phú Trung,10.2545007,105.7361294,65,Moderate,1,28.1,73,0.0,16.5,25,1012.4,100,4.5,4.7,225.0,4.7,65.0,5.2
2025-11-19 10:00:00,2025,11,19,10,Đồng Tháp,Xã Tân Phú Trung,10.2545007,105.7361294,64,Moderate,1,29.4,70,0.0,15.3,37,1012.2,100,3.8,4.0,210.0,2.8,77.0,4.3
2025-11-19 11:00:00,2025,11,19,11,Đồng Tháp,Xã Tân Phú Trung,10.2545007,105.7361294,63,Moderate,1,30.5,66,0.0,13.4,37,1011.3,100,3.3,3.4,201.0,1.9,83.0,3.8
2025-11-19 12:00:00,2025,11,19,12,Đồng Tháp,Xã Tân Phú Trung,10.2545007,105.7361294,62,Moderate,1,31.1,61,0.0,15.7,52,1010.0,100,3.1,3.2,197.0,1.7,87.0,3.4
2025-11-19 13:00:00,2025,11,19,13,Đồng Tháp,Xã Tân Phú Trung,10.2545007,105.7361294,61,Moderate,1,31.0,60,2.0,11.6,64,1009.0,100,3.5,3.5,204.0,2.0,89.0,3.5
2025-11-19 14:00:00,2025,11,19,14,Đồng Tháp,Xã Tân Phú Trung,10.2545007,105.7361294,60,Moderate,1,30.6,62,0.3,12.0,64,1007.9,100,4.0,4.1,228.0,2.9,88.0,4.1
2025-11-19 15:00:00,2025,11,19,15,Đồng Tháp,Xã Tân Phú Trung,10.2545007,105.7361294,59,Moderate,1,27.5,76,4.3,15.1,52,1008.5,100,4.6,4.7,262.0,4.5,86.0,5.0
2025-11-19 16:00:00,2025,11,19,16,Đồng Tháp,Xã Tân Phú Trung,10.2545007,105.7361294,57,Moderate,1,24.9,91,1.0,9.0,80,1008.8,100,6.6,6.7,293.0,6.4,82.0,6.2
2025-11-19 17:00:00,2025,11,19,17,Đồng Tháp,Xã Tân Phú Trung,10.2545007,105.7361294,57,Moderate,1,24.5,92,1.8,6.6,73,1009.3,100,10.0,10.1,320.0,9.3,77.0,7.8
2025-11-19 18:00:00,2025,11,19,18,Đồng Tháp,Xã Tân Phú Trung,10.2545007,105.7361294,56,Moderate,1,24.2,94,1.9,6.1,62,1010.0,100,11.6,11.6,343.0,12.6,70.0,9.7
2025-11-19 19:00:00,2025,11,19,19,Đồng Tháp,Xã Tân Phú Trung,10.2545007,105.7361294,56,Moderate,1,25.7,94,1.1,5.3,33,1010.3,99,14.1,14.3,356.0,11.8,64.0,9.5
2025-11-19 20:00:00,2025,11,19,20,Đồng Tháp,Xã Tân Phú Trung,10.2545007,105.7361294,55,Moderate,1,24.5,93,0.3,18.5,21,1011.2,100,13.2,13.2,350.0,10.9,61.0,9.3
2025-11-19 21:00:00,2025,11,19,21,Đồng Tháp,Xã Tân Phú Trung,10.2545007,105.7361294,54,Moderate,1,23.9,93,0.1,17.8,11,1012.1,100,10.8,10.9,334.0,9.7,57.0,9.0
2025-11-19 22:00:00,2025,11,19,22,Đồng Tháp,Xã Tân Phú Trung,10.2545007,105.7361294,53,Moderate,1,23.8,91,0.0,15.7,22,1011.8,99,9.0,9.1,321.0,8.4,54.0,8.5
2025-11-19 23:00:00,2025,11,19,23,Đồng Tháp,Xã Tân Phú Trung,10.2545007,105.7361294,52,Moderate,1,23.8,93,0.0,15.3,13,1011.6,99,7.1,7.2,318.0,7.1,55.0,7.5
2025-11-20 00:00:00,2025,11,20,0,Đồng Tháp,Xã Tân Phú Trung,10.2545007,105.7361294,50,Good,0,23.6,92,0.0,15.1,15,1011.1,100,5.3,5.4,319.0,5.7,57.0,6.4
2025-11-20 01:00:00,2025,11,20,1,Đồng Tháp,Xã Tân Phú Trung,10.2545007,105.7361294,47,Good,0,24.0,94,0.0,12.0,16,1010.7,100,4.3,4.3,319.0,4.8,59.0,5.4
2025-11-20 02:00:00,2025,11,20,2,Đồng Tháp,Xã Tân Phú Trung,10.2545007,105.7361294,43,Good,0,24.1,93,0.0,13.9,10,1009.8,99,3.8,3.9,312.0,4.6,60.0,4.8
2025-11-20 03:00:00,2025,11,20,3,Đồng Tháp,Xã Tân Phú Trung,10.2545007,105.7361294,39,Good,0,23.5,91,0.0,14.8,9,1009.7,100,3.7,3.8,304.0,4.8,61.0,4.5
2025-11-20 04:00:00,2025,11,20,4,Đồng Tháp,Xã Tân Phú Trung,10.2545007,105.7361294,34,Good,0,23.2,87,0.0,17.2,11,1009.2,100,3.7,3.7,304.0,5.2,61.0,4.4
2025-11-20 05:00:00,2025,11,20,5,Đồng Tháp,Xã Tân Phú Trung,10.2545007,105.7361294,31,Good,0,23.0,85,0.0,16.1,16,1009.6,100,3.6,3.6,320.0,5.8,60.0,4.6
2025-11-20 06:00:00,2025,11,20,6,Đồng Tháp,Xã Tân Phú Trung,10.2545007,105.7361294,28,Good,0,23.0,82,0.0,16.2,14,1010.1,100,3.9,3.9,344.0,6.6,59.0,5.0
2025-11-20 07:00:00,2025,11,20,7,Đồng Tháp,Xã Tân Phú Trung,10.2545007,105.7361294,27,Good,0,24.0,78,0.0,13.6,22,1011.2,100,4.1,4.2,358.0,6.6,62.0,5.4
2025-11-20 08:00:00,2025,11,20,8,Đồng Tháp,Xã Tân Phú Trung,10.2545007,105.7361294,28,Good,0,25.5,72,0.0,15.8,14,1012.3,100,4.0,4.1,351.0,5.5,69.0,5.0
2025-11-20 09:00:00,2025,11,20,9,Đồng Tháp,Xã Tân Phú Trung,10.2545007,105.7361294,28,Good,0,26.9,68,0.0,17.2,16,1013.0,100,3.8,3.8,333.0,4.0,79.0,4.4
2025-11-20 10:00:00,2025,11,20,10,Đồng Tháp,Xã Tân Phú Trung,10.2545007,105.7361294,30,Good,0,27.8,66,0.0,16.3,11,1012.5,100,3.6,3.6,318.0,2.9,87.0,4.0
2025-11-20 11:00:00,2025,11,20,11,Đồng Tháp,Xã Tân Phú Trung,10.2545007,105.7361294,31,Good,0,28.4,64,0.0,16.1,6,1011.9,100,3.4,3.5,308.0,2.4,92.0,3.8
2025-11-20 12:00:00,2025,11,20,12,Đồng Tháp,Xã Tân Phú Trung,10.2545007,105.7361294,33,Good,0,29.0,64,0.0,13.6,18,1011.2,100,3.6,3.6,299.0,2.3,94.0,3.8
2025-11-20 13:00:00,2025,11,20,13,Đồng Tháp,Xã Tân Phú Trung,10.2545007,105.7361294,35,Good,0,28.8,63,0.0,11.4,23,1010.2,100,4.4,4.4,296.0,2.5,95.0,3.9
2025-11-20 14:00:00,2025,11,20,14,Đồng Tháp,Xã Tân Phú Trung,10.2545007,105.7361294,37,Good,0,27.9,67,0.0,15.0,4,1009.2,100,5.1,5.2,301.0,2.8,94.0,4.0
2025-11-20 15:00:00,2025,11,20,15,Đồng Tháp,Xã Tân Phú Trung,10.2545007,105.7361294,39,Good,0,27.1,71,0.2,18.2,358,1009.2,100,5.1,5.2,312.0,3.4,91.0,4.2
2025-11-20 16:00:00,2025,11,20,16,Đồng Tháp,Xã Tân Phú Trung,10.2545007,105.7361294,41,Good,0,26.2,74,0.1,14.5,5,1009.6,100,5.7,5.7,323.0,4.3,86.0,4.6
2025-11-20 17:00:00,2025,11,20,17,Đồng Tháp,Xã Tân Phú Trung,10.2545007,105.7361294,42,Good,0,25.5,80,0.1,14.1,10,1010.1,100,7.3,7.3,334.0,6.1,79.0,5.6
2025-11-20 18:00:00,2025,11,20,18,Đồng Tháp,Xã Tân Phú Trung,10.2545007,105.7361294,42,Good,0,25.1,80,0.0,15.7,16,1011.1,100,8.9,8.9,345.0,8.2,71.0,6.8
2025-11-20 19:00:00,2025,11,20,19,Đồng Tháp,Xã Tân Phú Trung,10.2545007,105.7361294,41,Good,0,25.9,77,0.0,14.6,18,1011.4,100,10.7,10.9,351.0,8.6,65.0,7.2
2025-11-20 20:00:00,2025,11,20,20,Đồng Tháp,Xã Tân Phú Trung,10.2545007,105.7361294,39,Good,0,25.7,80,0.1,11.8,24,1012.7,100,11.1,11.2,348.0,8.2,63.0,7.2
2025-11-20 21:00:00,2025,11,20,21,Đồng Tháp,Xã Tân Phú Trung,10.2545007,105.7361294,37,Good,0,25.4,81,0.1,11.5,9,1012.9,100,10.5,10.6,340.0,7.7,60.0,7.3
2025-11-20 22:00:00,2025,11,20,22,Đồng Tháp,Xã Tân Phú Trung,10.2545007,105.7361294,35,Good,0,25.1,80,0.0,12.6,2,1012.6,100,10.2,10.3,331.0,7.1,58.0,7.1
2025-11-20 23:00:00,2025,11,20,23,Đồng Tháp,Xã Tân Phú Trung,10.2545007,105.7361294,33,Good,0,24.9,77,0.0,13.7,4,1012.4,100,9.9,10.0,322.0,6.4,56.0,6.5
2025-11-21 00:00:00,2025,11,21,0,Đồng Tháp,Xã Tân Phú Trung,10.2545007,105.7361294,31,Good,0,24.9,73,0.0,16.7,7,1011.7,99,10.0,10.0,314.0,5.7,54.0,5.7
2025-11-21 01:00:00,2025,11,21,1,Đồng Tháp,Xã Tân Phú Trung,10.2545007,105.7361294,29,Good,0,24.3,78,0.0,17.8,7,1011.4,100,10.3,10.3,307.0,5.1,53.0,5.1
2025-11-21 02:00:00,2025,11,21,2,Đồng Tháp,Xã Tân Phú Trung,10.2545007,105.7361294,28,Good,0,24.3,78,0.0,17.8,7,1010.9,100,10.5,10.6,303.0,4.8,52.0,4.8
2025-11-21 03:00:00,2025,11,21,3,Đồng Tháp,Xã Tân Phú Trung,10.2545007,105.7361294,27,Good,0,24.2,77,0.0,16.9,8,1010.3,100,10.5,10.5,301.0,4.8,50.0,4.7
2025-11-21 04:00:00,2025,11,21,4,Đồng Tháp,Xã Tân Phú Trung,10.2545007,105.7361294,28,Good,0,24.2,76,0.0,15.4,7,1010.2,100,10.2,10.2,305.0,4.9,50.0,4.8
2025-11-21 05:00:00,2025,11,21,5,Đồng Tháp,Xã Tân Phú Trung,10.2545007,105.7361294,30,Good,0,24.0,77,0.0,15.0,6,1010.6,100,9.9,9.9,323.0,5.6,49.0,5.2
2025-11-21 06:00:00,2025,11,21,6,Đồng Tháp,Xã Tân Phú Trung,10.2545007,105.7361294,31,Good,0,23.8,78,0.0,15.6,11,1011.0,100,9.9,10.0,346.0,6.4,49.0,5.8
2025-11-21 07:00:00,2025,11,21,7,Đồng Tháp,Xã Tân Phú Trung,10.2545007,105.7361294,32,Good,0,24.3,78,0.0,13.5,10,1012.2,100,15.0,15.1,357.0,6.2,59.0,6.3
2025-11-21 08:00:00,2025,11,21,8,Đồng Tháp,Xã Tân Phú Trung,10.2545007,105.7361294,34,Good,0,25.9,71,0.0,17.6,14,1013.0,87,14.2,14.3,343.0,5.3,71.0,6.2
2025-11-21 09:00:00,2025,11,21,9,Đồng Tháp,Xã Tân Phú Trung,10.2545007,105.7361294,35,Good,0,27.2,68,0.0,19.8,16,1013.1,100,11.9,12.0,316.0,4.1,87.0,6.1
2025-11-21 10:00:00,2025,11,21,10,Đồng Tháp,Xã Tân Phú Trung,10.2545007,105.7361294,37,Good,0,28.3,64,0.0,20.3,17,1013.0,100,9.8,9.9,293.0,3.2,100.0,6.0
2025-11-21 11:00:00,2025,11,21,11,Đồng Tháp,Xã Tân Phú Trung,10.2545007,105.7361294,38,Good,0,29.1,63,0.0,20.4,36,1012.4,100,8.3,8.4,277.0,2.8,106.0,5.9
2025-11-21 12:00:00,2025,11,21,12,Đồng Tháp,Xã Tân Phú Trung,10.2545007,105.7361294,39,Good,0,29.3,62,0.2,19.9,40,1011.1,100,8.0,8.1,266.0,2.6,110.0,5.7
2025-11-21 13:00:00,2025,11,21,13,Đồng Tháp,Xã Tân Phú Trung,10.2545007,105.7361294,39,Good,0,29.5,62,0.1,20.6,62,1010.4,100,7.4,7.5,263.0,2.9,111.0,5.9
2025-11-21 14:00:00,2025,11,21,14,Đồng Tháp,Xã Tân Phú Trung,10.2545007,105.7361294,40,Good,0,30.0,59,0.1,20.7,59,1009.4,100,9.0,9.1,274.0,3.4,112.0,6.4
2025-11-21 15:00:00,2025,11,21,15,Đồng Tháp,Xã Tân Phú Trung,10.2545007,105.7361294,44,Good,0,29.5,62,0.1,14.2,41,1009.1,100,9.8,9.9,293.0,4.3,111.0,7.2
2025-11-21 16:00:00,2025,11,21,16,Đồng Tháp,Xã Tân Phú Trung,10.2545007,105.7361294,47,Good,0,28.8,65,0.0,14.0,22,1009.2,100,10.4,10.5,316.0,6.2,106.0,8.3
2025-11-21 17:00:00,2025,11,21,17,Đồng Tháp,Xã Tân Phú Trung,10.2545007,105.7361294,49,Good,0,27.6,71,0.0,12.6,359,1009.7,100,12.4,12.5,346.0,10.2,94.0,9.9
2025-11-21 18:00:00,2025,11,21,18,Đồng Tháp,Xã Tân Phú Trung,10.2545007,105.7361294,49,Good,0,26.8,74,0.3,9.7,15,1010.7,100,15.4,15.5,379.0,15.3,79.0,11.7
2025-11-21 19:00:00,2025,11,21,19,Đồng Tháp,Xã Tân Phú Trung,10.2545007,105.7361294,48,Good,0,26.7,79,0.0,5.1,67,1010.8,100,13.6,13.6,396.0,10.5,79.0,9.0
2025-11-21 20:00:00,2025,11,21,20,Đồng Tháp,Xã Tân Phú Trung,10.2545007,105.7361294,46,Good,0,27.0,75,0.0,9.1,21,1011.7,86,13.2,13.2,386.0,9.5,76.0,8.4
2025-11-21 21:00:00,2025,11,21,21,Đồng Tháp,Xã Tân Phú Trung,10.2545007,105.7361294,45,Good,0,26.9,74,0.0,13.0,37,1012.2,98,10.7,10.8,360.0,8.1,72.0,7.5
2025-11-21 22:00:00,2025,11,21,22,Đồng Tháp,Xã Tân Phú Trung,10.2545007,105.7361294,45,Good,0,26.1,75,0.0,10.7,35,1012.5,99,8.0,8.1,337.0,6.8,70.0,6.6
2025-11-21 23:00:00,2025,11,21,23,Đồng Tháp,Xã Tân Phú Trung,10.2545007,105.7361294,45,Good,0,25.9,73,0.0,9.7,15,1012.0,100,5.9,5.9,322.0,5.7,70.0,5.8
2025-11-22 00:00:00,2025,11,22,0,Đồng Tháp,Xã Tân Phú Trung,10.2545007,105.7361294,44,Good,0,25.9,69,0.0,12.1,3,1011.6,100,5.2,5.2,309.0,4.8,72.0,4.9
2025-11-22 01:00:00,2025,11,22,1,Đồng Tháp,Xã Tân Phú Trung,10.2545007,105.7361294,43,Good,0,25.3,74,0.0,11.0,5,1011.3,100,5.4,5.4,298.0,4.2,73.0,4.4
2025-11-22 02:00:00,2025,11,22,2,Đồng Tháp,Xã Tân Phú Trung,10.2545007,105.7361294,42,Good,0,24.8,76,0.0,11.9,358,1010.6,100,5.8,5.8,288.0,4.1,72.0,4.3
2025-11-22 03:00:00,2025,11,22,3,Đồng Tháp,Xã Tân Phú Trung,10.2545007,105.7361294,42,Good,0,24.5,76,0.0,12.9,6,1010.3,100,6.3,6.3,280.0,4.4,69.0,4.4
2025-11-22 04:00:00,2025,11,22,4,Đồng Tháp,Xã Tân Phú Trung,10.2545007,105.7361294,41,Good,0,24.5,74,0.0,13.0,10,1010.0,100,6.5,6.5,281.0,4.9,67.0,4.7
2025-11-22 05:00:00,2025,11,22,5,Đồng Tháp,Xã Tân Phú Trung,10.2545007,105.7361294,40,Good,0,24.4,73,0.0,12.8,11,1010.0,100,6.6,6.7,299.0,5.8,65.0,5.1
2025-11-22 06:00:00,2025,11,22,6,Đồng Tháp,Xã Tân Phú Trung,10.2545007,105.7361294,40,Good,0,24.0,75,0.0,11.6,13,1010.6,100,7.1,7.2,326.0,6.9,62.0,5.6
2025-11-22 07:00:00,2025,11,22,7,Đồng Tháp,Xã Tân Phú Trung,10.2545007,105.7361294,39,Good,0,24.5,75,0.0,9.7,10,1011.8,100,9.3,9.3,346.0,7.6,58.0,6.2
2025-11-22 08:00:00,2025,11,22,8,Đồng Tháp,Xã Tân Phú Trung,10.2545007,105.7361294,38,Good,0,24.5,77,0.1,11.8,9,1012.6,100,9.4,9.5,352.0,7.2,63.0,6.4
2025-11-22 09:00:00,2025,11,22,9,Đồng Tháp,Xã Tân Phú Trung,10.2545007,105.7361294,37,Good,0,24.6,78,0.0,10.8,360,1012.7,98,9.0,9.1,351.0,6.7,69.0,6.6
2025-11-22 10:00:00,2025,11,22,10,Đồng Tháp,Xã Tân Phú Trung,10.2545007,105.7361294,37,Good,0,25.5,76,0.4,13.6,8,1012.2,100,8.6,8.6,344.0,6.0,77.0,6.6
2025-11-22 11:00:00,2025,11,22,11,Đồng Tháp,Xã Tân Phú Trung,10.2545007,105.7361294,37,Good,0,25.1,83,1.0,11.9,6,1011.6,100,8.0,8.0,330.0,4.8,87.0,6.1
2025-11-22 12:00:00,2025,11,22,12,Đồng Tháp,Xã Tân Phú Trung,10.2545007,105.7361294,37,Good,0,26.8,75,0.0,10.5,356,1010.7,100,7.7,7.7,310.0,3.5,98.0,5.5
2025-11-22 13:00:00,2025,11,22,13,Đồng Tháp,Xã Tân Phú Trung,10.2545007,105.7361294,37,Good,0,27.7,72,0.0,11.0,15,1010.3,100,7.1,7.1,295.0,2.9,104.0,5.2
2025-11-22 14:00:00,2025,11,22,14,Đồng Tháp,Xã Tân Phú Trung,10.2545007,105.7361294,37,Good,0,27.5,72,0.0,12.2,19,1009.5,100,6.8,6.8,288.0,3.3,103.0,5.5
2025-11-22 15:00:00,2025,11,22,15,Đồng Tháp,Xã Tân Phú Trung,10.2545007,105.7361294,38,Good,0,27.4,72,0.1,14.2,18,1009.5,100,7.2,7.3,286.0,4.5,97.0,6.2
2025-11-22 16:00:00,2025,11,22,16,Đồng Tháp,Xã Tân Phú Trung,10.2545007,105.7361294,40,Good,0,26.6,77,0.1,12.9,15,1009.3,100,9.1,9.2,290.0,6.6,89.0,7.3
2025-11-22 17:00:00,2025,11,22,17,Đồng Tháp,Xã Tân Phú Trung,10.2545007,105.7361294,42,Good,0,26.0,80,0.3,13.2,22,1009.8,100,10.9,11.0,304.0,10.4,79.0,9.3
2025-11-22 18:00:00,2025,11,22,18,Đồng Tháp,Xã Tân Phú Trung,10.2545007,105.7361294,43,Good,0,24.6,89,0.7,14.2,26,1010.1,100,14.3,14.3,324.0,15.2,66.0,11.7
2025-11-22 19:00:00,2025,11,22,19,Đồng Tháp,Xã Tân Phú Trung,10.2545007,105.7361294,42,Good,0,26.8,73,1.3,13.6,30,1010.3,100,12.5,12.6,345.0,10.2,71.0,9.1
2025-11-22 20:00:00,2025,11,22,20,Đồng Tháp,Xã Tân Phú Trung,10.2545007,105.7361294,41,Good,0,26.8,73,0.0,12.5,32,1010.9,100,12.3,12.4,367.0,9.6,67.0,8.6
2025-11-22 21:00:00,2025,11,22,21,Đồng Tháp,Xã Tân Phú Trung,10.2545007,105.7361294,39,Good,0,26.2,76,0.0,9.8,31,1011.2,100,11.5,11.5,388.0,8.7,62.0,7.8
2025-11-22 22:00:00,2025,11,22,22,Đồng Tháp,Xã Tân Phú Trung,10.2545007,105.7361294,37,Good,0,26.0,78,0.0,10.3,33,1010.9,99,10.5,10.5,400.0,8.1,57.0,7.2
2025-11-22 23:00:00,2025,11,22,23,Đồng Tháp,Xã Tân Phú Trung,10.2545007,105.7361294,35,Good,0,25.5,81,0.0,9.9,35,1010.7,100,9.7,9.7,396.0,8.0,54.0,6.8
2025-11-23 00:00:00,2025,11,23,0,Đồng Tháp,Xã Tân Phú Trung,10.2545007,105.7361294,36,Good,0,25.0,84,0.4,7.7,25,1010.3,100,9.4,9.4,383.0,8.1,52.0,6.5
2025-11-23 01:00:00,2025,11,23,1,Đồng Tháp,Xã Tân Phú Trung,10.2545007,105.7361294,37,Good,0,24.8,93,0.3,8.1,39,1010.2,100,9.4,9.4,367.0,8.2,51.0,6.2
2025-11-23 02:00:00,2025,11,23,2,Đồng Tháp,Xã Tân Phú Trung,10.2545007,105.7361294,37,Good,0,24.5,94,1.3,7.1,24,1009.5,100,9.1,9.1,348.0,8.0,51.0,5.8
2025-11-23 03:00:00,2025,11,23,3,Đồng Tháp,Xã Tân Phú Trung,10.2545007,105.7361294,38,Good,0,24.4,95,2.5,6.8,357,1009.4,100,8.5,8.5,326.0,7.7,52.0,5.5
2025-11-23 04:00:00,2025,11,23,4,Đồng Tháp,Xã Tân Phú Trung,10.2545007,105.7361294,38,Good,0,24.1,94,0.3,9.6,4,1009.1,100,7.9,7.9,316.0,7.8,52.0,5.4
2025-11-23 05:00:00,2025,11,23,5,Đồng Tháp,Xã Tân Phú Trung,10.2545007,105.7361294,39,Good,0,23.8,94,0.1,10.9,8,1009.2,97,7.4,7.4,330.0,8.7,51.0,5.8
2025-11-23 06:00:00,2025,11,23,6,Đồng Tháp,Xã Tân Phú Trung,10.2545007,105.7361294,39,Good,0,23.5,94,0.5,9.9,16,1009.6,100,7.8,7.9,354.0,10.1,49.0,6.5
2025-11-23 07:00:00,2025,11,23,7,Đồng Tháp,Xã Tân Phú Trung,10.2545007,105.7361294,39,Good,0,24.1,89,0.2,10.0,17,1010.2,100,11.6,11.7,364.0,9.5,52.0,6.7
2025-11-23 08:00:00,2025,11,23,8,Đồng Tháp,Xã Tân Phú Trung,10.2545007,105.7361294,39,Good,0,24.8,87,0.1,10.3,15,1011.1,100,12.5,12.5,344.0,8.0,60.0,6.3
2025-11-23 09:00:00,2025,11,23,9,Đồng Tháp,Xã Tân Phú Trung,10.2545007,105.7361294,40,Good,0,26.5,80,0.7,11.7,20,1011.8,97,10.2,10.3,310.0,5.8,72.0,5.7
2025-11-23 10:00:00,2025,11,23,10,Đồng Tháp,Xã Tân Phú Trung,10.2545007,105.7361294,40,Good,0,28.2,72,0.0,14.4,28,1011.5,73,8.1,8.2,279.0,4.1,82.0,5.3
2025-11-23 11:00:00,2025,11,23,11,Đồng Tháp,Xã Tân Phú Trung,10.2545007,105.7361294,40,Good,0,29.4,67,0.2,18.4,48,1010.6,66,7.2,7.3,253.0,3.1,89.0,5.1
2025-11-23 12:00:00,2025,11,23,12,Đồng Tháp,Xã Tân Phú Trung,10.2545007,105.7361294,40,Good,0,29.8,66,0.1,16.8,53,1009.9,83,6.4,6.5,230.0,2.5,95.0,5.1
2025-11-23 13:00:00,2025,11,23,13,Đồng Tháp,Xã Tân Phú Trung,10.2545007,105.7361294,39,Good,0,30.2,65,0.0,19.2,68,1009.5,93,8.4,9.0,223.0,2.7,99.0,5.7
2025-11-23 14:00:00,2025,11,23,14,Đồng Tháp,Xã Tân Phú Trung,10.2545007,105.7361294,40,Good,0,29.4,69,0.3,14.2,64,1008.4,98,9.3,9.9,238.0,3.8,101.0,7.1
2025-11-23 15:00:00,2025,11,23,15,Đồng Tháp,Xã Tân Phú Trung,10.2545007,105.7361294,40,Good,0,28.0,78,0.4,5.2,74,1008.7,94,11.5,11.9,268.0,5.6,101.0,9.0
2025-11-23 16:00:00,2025,11,23,16,Đồng Tháp,Xã Tân Phú Trung,10.2545007,105.7361294,41,Good,0,27.3,81,0.3,5.0,88,1008.8,91,13.1,13.5,308.0,8.1,97.0,10.9
2025-11-23 17:00:00,2025,11,23,17,Đồng Tháp,Xã Tân Phú Trung,10.2545007,105.7361294,43,Good,0,25.5,89,0.3,6.0,353,1009.5,100,16.9,17.2,371.0,12.0,87.0,12.6
2025-11-23 18:00:00,2025,11,23,18,Đồng Tháp,Xã Tân Phú Trung,10.2545007,105.7361294,44,Good,0,25.0,91,0.4,7.8,9,1009.5,63,19.9,20.1,444.0,16.5,73.0,14.3
2025-11-23 19:00:00,2025,11,23,19,Đồng Tháp,Xã Tân Phú Trung,10.2545007,105.7361294,44,Good,0,25.5,90,0.4,8.0,10,1009.4,36,24.9,25.3,483.0,15.8,72.0,12.7
2025-11-23 20:00:00,2025,11,23,20,Đồng Tháp,Xã Tân Phú Trung,10.2545007,105.7361294,46,Good,0,25.1,91,0.2,3.3,68,1010.2,63,22.1,22.4,462.0,15.5,65.0,12.3
2025-11-23 21:00:00,2025,11,23,21,Đồng Tháp,Xã Tân Phú Trung,10.2545007,105.7361294,47,Good,0,25.0,92,0.0,4.9,336,1010.4,100,21.4,21.7,407.0,15.1,54.0,11.6
2025-11-23 22:00:00,2025,11,23,22,Đồng Tháp,Xã Tân Phú Trung,10.2545007,105.7361294,49,Good,0,24.5,94,0.0,2.5,356,1010.4,100,22.1,22.3,352.0,14.5,46.0,10.7
2025-11-23 23:00:00,2025,11,23,23,Đồng Tháp,Xã Tân Phú Trung,10.2545007,105.7361294,51,Moderate,1,24.5,92,0.1,7.8,19,1010.3,100,21.1,21.3,303.0,13.5,41.0,9.3
2025-11-24 00:00:00,2025,11,24,0,Đồng Tháp,Xã Tân Phú Trung,10.2545007,105.7361294,52,Moderate,1,24.1,94,0.0,5.4,14,1010.3,99,18.7,18.9,253.0,12.2,38.0,7.7
2025-11-24 01:00:00,2025,11,24,1,Đồng Tháp,Xã Tân Phú Trung,10.2545007,105.7361294,52,Moderate,1,24.6,96,0.0,7.3,9,1009.6,100,16.4,16.6,218.0,11.1,36.0,6.5
2025-11-24 02:00:00,2025,11,24,2,Đồng Tháp,Xã Tân Phú Trung,10.2545007,105.7361294,53,Moderate,1,24.6,95,0.6,6.1,93,1009.3,91,14.5,14.8,204.0,10.1,35.0,5.8
2025-11-24 03:00:00,2025,11,24,3,Đồng Tháp,Xã Tân Phú Trung,10.2545007,105.7361294,54,Moderate,1,24.5,95,0.1,4.9,354,1008.7,34,13.1,13.5,205.0,9.3,34.0,5.4
2025-11-24 04:00:00,2025,11,24,4,Đồng Tháp,Xã Tân Phú Trung,10.2545007,105.7361294,54,Moderate,1,24.4,96,0.0,7.2,357,1008.5,60,11.5,11.8,217.0,8.8,35.0,5.5
2025-11-24 05:00:00,2025,11,24,5,Đồng Tháp,Xã Tân Phú Trung,10.2545007,105.7361294,54,Moderate,1,24.1,95,0.0,8.2,10,1008.8,61,10.3,10.6,251.0,9.2,36.0,6.3
2025-11-24 06:00:00,2025,11,24,6,Đồng Tháp,Xã Tân Phú Trung,10.2545007,105.7361294,55,Moderate,1,23.8,95,0.0,9.2,11,1009.3,77,10.3,10.6,298.0,9.9,38.0,7.7
2025-11-24 07:00:00,2025,11,24,7,Đồng Tháp,Xã Tân Phú Trung,10.2545007,105.7361294,55,Moderate,1,24.9,90,0.0,10.6,19,1009.7,42,13.0,13.5,322.0,10.5,43.0,9.0
2025-11-24 08:00:00,2025,11,24,8,Đồng Tháp,Xã Tân Phú Trung,10.2545007,105.7361294,55,Moderate,1,26.8,82,0.0,11.8,28,1010.7,99,11.3,11.8,304.0,8.8,59.0,9.1
2025-11-24 09:00:00,2025,11,24,9,Đồng Tháp,Xã Tân Phú Trung,10.2545007,105.7361294,55,Moderate,1,28.4,76,0.0,11.3,34,1010.9,84,10.5,10.9,264.0,6.6,80.0,9.3
2025-11-24 10:00:00,2025,11,24,10,Đồng Tháp,Xã Tân Phú Trung,10.2545007,105.7361294,55,Moderate,1,29.9,68,0.0,12.3,52,1010.4,91,9.7,10.0,231.0,4.7,99.0,9.3
2025-11-24 11:00:00,2025,11,24,11,Đồng Tháp,Xã Tân Phú Trung,10.2545007,105.7361294,55,Moderate,1,31.0,62,0.0,14.5,62,1009.7,88,10.0,10.4,211.0,3.6,111.0,8.8
2025-11-24 12:00:00,2025,11,24,12,Đồng Tháp,Xã Tân Phú Trung,10.2545007,105.7361294,55,Moderate,1,31.5,60,0.0,14.6,66,1008.8,95,11.2,11.8,197.0,3.0,120.0,8.2
2025-11-24 13:00:00,2025,11,24,13,Đồng Tháp,Xã Tân Phú Trung,10.2545007,105.7361294,56,Moderate,1,31.9,57,0.1,16.4,77,1007.9,82,13.3,13.9,201.0,2.9,126.0,7.8
2025-11-24 14:00:00,2025,11,24,14,Đồng Tháp,Xã Tân Phú Trung,10.2545007,105.7361294,56,Moderate,1,31.6,59,0.1,13.7,81,1007.3,94,15.3,15.9,225.0,2.7,131.0,7.7
2025-11-24 15:00:00,2025,11,24,15,Đồng Tháp,Xã Tân Phú Trung,10.2545007,105.7361294,57,Moderate,1,31.0,62,0.0,12.7,83,1007.0,99,16.7,17.3,266.0,2.9,133.0,7.9
2025-11-24 16:00:00,2025,11,24,16,Đồng Tháp,Xã Tân Phú Trung,10.2545007,105.7361294,57,Moderate,1,30.6,64,0.0,11.6,75,1006.9,84,19.8,20.5,323.0,5.3,128.0,9.1
2025-11-24 17:00:00,2025,11,24,17,Đồng Tháp,Xã Tân Phú Trung,10.2545007,105.7361294,64,Moderate,1,29.2,72,0.0,7.0,32,1007.7,94,21.8,22.2,416.0,11.8,111.0,12.0
2025-11-24 18:00:00,2025,11,24,18,Đồng Tháp,Xã Tân Phú Trung,10.2545007,105.7361294,71,Moderate,1,27.6,80,0.2,8.9,98,1008.6,88,28.0,28.5,524.0,20.4,88.0,15.9
2025-11-24 19:00:00,2025,11,24,19,Đồng Tháp,Xã Tân Phú Trung,10.2545007,105.7361294,68,Moderate,1,26.0,91,0.0,8.3,88,1009.5,95,32.4,33.4,585.0,21.0,80.0,15.9
2025-11-24 20:00:00,2025,11,24,20,Đồng Tháp,Xã Tân Phú Trung,10.2545007,105.7361294,62,Moderate,1,25.2,93,3.0,4.5,173,1010.5,96,29.4,30.2,556.0,21.0,77.0,16.5
2025-11-24 21:00:00,2025,11,24,21,Đồng Tháp,Xã Tân Phú Trung,10.2545007,105.7361294,60,Moderate,1,25.5,90,0.1,1.5,249,1010.7,76,30.3,31.4,481.0,21.1,72.0,17.4
2025-11-24 22:00:00,2025,11,24,22,Đồng Tháp,Xã Tân Phú Trung,10.2545007,105.7361294,61,Moderate,1,25.2,92,0.6,3.0,245,1010.4,68,33.8,35.4,424.0,22.3,66.0,18.5
2025-11-24 23:00:00,2025,11,24,23,Đồng Tháp,Xã Tân Phú Trung,10.2545007,105.7361294,62,Moderate,1,24.2,95,2.4,4.7,118,1011.1,98,38.1,39.9,421.0,26.2,59.0,20.3
2025-11-25 00:00:00,2025,11,25,0,Đồng Tháp,Xã Tân Phú Trung,10.2545007,105.7361294,63,Moderate,1,23.9,95,1.1,10.6,318,1010.3,100,42.3,44.7,438.0,31.2,51.0,22.3
2025-11-25 01:00:00,2025,11,25,1,Đồng Tháp,Xã Tân Phú Trung,10.2545007,105.7361294,66,Moderate,1,24.8,96,0.4,3.3,299,1009.5,100,47.6,50.6,434.0,33.1,46.0,22.7
2025-11-25 02:00:00,2025,11,25,2,Đồng Tháp,Xã Tân Phú Trung,10.2545007,105.7361294,68,Moderate,1,24.6,97,0.0,4.5,304,1008.5,100,48.7,51.3,385.0,29.0,46.0,20.3
2025-11-25 03:00:00,2025,11,25,3,Đồng Tháp,Xã Tân Phú Trung,10.2545007,105.7361294,71,Moderate,1,24.4,96,0.0,5.3,322,1008.0,100,40.0,41.0,315.0,21.8,49.0,16.3
2025-11-25 04:00:00,2025,11,25,4,Đồng Tháp,Xã Tân Phú Trung,10.2545007,105.7361294,74,Moderate,1,24.4,92,0.0,9.1,345,1008.1,43,27.9,28.4,266.0,15.6,51.0,12.7
2025-11-25 05:00:00,2025,11,25,5,Đồng Tháp,Xã Tân Phú Trung,10.2545007,105.7361294,75,Moderate,1,24.2,89,0.0,13.2,7,1008.3,100,16.1,16.5,259.0,12.0,50.0,9.9
2025-11-25 06:00:00,2025,11,25,6,Đồng Tháp,Xã Tân Phú Trung,10.2545007,105.7361294,76,Moderate,1,23.9,86,0.0,13.6,18,1008.7,100,10.7,11.0,272.0,9.3,48.0,7.5
2025-11-25 07:00:00,2025,11,25,7,Đồng Tháp,Xã Tân Phú Trung,10.2545007,105.7361294,76,Moderate,1,25.0,83,0.0,11.8,20,1009.1,33,16.9,17.5,277.0,10.4,46.0,7.1
2025-11-25 08:00:00,2025,11,25,8,Đồng Tháp,Xã Tân Phú Trung,10.2545007,105.7361294,76,Moderate,1,26.5,78,0.0,13.6,17,1010.0,84,13.7,14.2,262.0,8.2,58.0,6.4
2025-11-25 09:00:00,2025,11,25,9,Đồng Tháp,Xã Tân Phú Trung,10.2545007,105.7361294,76,Moderate,1,28.0,71,0.0,15.5,15,1010.4,57,10.8,11.4,239.0,5.0,75.0,5.5
2025-11-25 10:00:00,2025,11,25,10,Đồng Tháp,Xã Tân Phú Trung,10.2545007,105.7361294,76,Moderate,1,29.2,67,0.0,15.9,16,1010.2,100,9.4,10.2,221.0,2.7,89.0,4.8
2025-11-25 11:00:00,2025,11,25,11,Đồng Tháp,Xã Tân Phú Trung,10.2545007,105.7361294,76,Moderate,1,30.2,63,0.0,15.8,21,1009.6,95,8.8,9.6,212.0,1.8,97.0,4.5
2025-11-25 12:00:00,2025,11,25,12,Đồng Tháp,Xã Tân Phú Trung,10.2545007,105.7361294,76,Moderate,1,31.0,62,0.0,13.5,25,1008.5,39,8.9,9.6,208.0,1.6,102.0,4.4
2025-11-25 13:00:00,2025,11,25,13,Đồng Tháp,Xã Tân Phú Trung,10.2545007,105.7361294,76,Moderate,1,31.2,58,0.0,12.8,31,1007.5,92,9.2,9.9,207.0,1.8,105.0,4.4
2025-11-25 14:00:00,2025,11,25,14,Đồng Tháp,Xã Tân Phú Trung,10.2545007,105.7361294,76,Moderate,1,31.4,55,0.0,12.2,24,1006.8,80,9.7,10.4,207.0,2.1,105.0,4.4
2025-11-25 15:00:00,2025,11,25,15,Đồng Tháp,Xã Tân Phú Trung,10.2545007,105.7361294,75,Moderate,1,31.3,54,0.0,15.3,15,1006.3,14,10.0,10.6,212.0,2.7,103.0,4.5
2025-11-25 16:00:00,2025,11,25,16,Đồng Tháp,Xã Tân Phú Trung,10.2545007,105.7361294,74,Moderate,1,30.1,59,0.0,19.0,17,1006.4,22,11.6,12.1,228.0,4.1,98.0,5.0
2025-11-25 17:00:00,2025,11,25,17,Đồng Tháp,Xã Tân Phú Trung,10.2545007,105.7361294,74,Moderate,1,29.0,65,0.0,13.0,11,1007.0,29,12.9,13.3,265.0,7.3,88.0,6.3
2025-11-25 18:00:00,2025,11,25,18,Đồng Tháp,Xã Tân Phú Trung,10.2545007,105.7361294,73,Moderate,1,28.4,65,0.0,14.0,16,1008.0,34,14.7,15.0,315.0,11.3,75.0,8.0
2025-11-25 19:00:00,2025,11,25,19,Đồng Tháp,Xã Tân Phú Trung,10.2545007,105.7361294,72,Moderate,1,26.5,82,0.0,5.2,94,1008.8,100,11.1,11.3,357.0,9.3,71.0,6.9
2025-11-25 20:00:00,2025,11,25,20,Đồng Tháp,Xã Tân Phú Trung,10.2545007,105.7361294,70,Moderate,1,25.9,91,0.0,2.2,125,1009.7,100,12.7,12.8,388.0,8.2,72.0,6.9
2025-11-25 21:00:00,2025,11,25,21,Đồng Tháp,Xã Tân Phú Trung,10.2545007,105.7361294,68,Moderate,1,25.2,95,0.0,2.5,98,1010.2,100,14.0,14.2,413.0,6.8,73.0,6.9
2025-11-25 22:00:00,2025,11,25,22,Đồng Tháp,Xã Tân Phú Trung,10.2545007,105.7361294,67,Moderate,1,24.9,96,0.0,2.8,75,1010.4,100,15.7,16.0,419.0,5.6,75.0,6.9
2025-11-25 23:00:00,2025,11,25,23,Đồng Tháp,Xã Tân Phú Trung,10.2545007,105.7361294,65,Moderate,1,24.4,97,0.0,2.5,21,1010.0,100,16.9,17.3,396.0,5.0,80.0,7.1
2025-11-26 00:00:00,2025,11,26,0,Đồng Tháp,Xã Tân Phú Trung,10.2545007,105.7361294,64,Moderate,1,24.4,90,0.0,8.5,24,1009.4,100,17.5,17.9,356.0,4.8,86.0,7.3
2025-11-26 01:00:00,2025,11,26,1,Đồng Tháp,Xã Tân Phú Trung,10.2545007,105.7361294,61,Moderate,1,24.5,72,0.0,10.4,20,1009.4,98,17.8,18.2,323.0,4.7,90.0,7.5
2025-11-26 02:00:00,2025,11,26,2,Đồng Tháp,Xã Tân Phú Trung,10.2545007,105.7361294,59,Moderate,1,24.1,68,0.0,11.3,20,1008.6,98,17.9,18.3,305.0,4.8,92.0,7.5
2025-11-26 03:00:00,2025,11,26,3,Đồng Tháp,Xã Tân Phú Trung,10.2545007,105.7361294,56,Moderate,1,23.5,70,0.0,10.6,15,1008.2,100,18.0,18.5,295.0,5.1,92.0,7.4
2025-11-26 04:00:00,2025,11,26,4,Đồng Tháp,Xã Tân Phú Trung,10.2545007,105.7361294,54,Moderate,1,23.0,77,0.0,9.0,360,1008.1,100,18.2,18.6,296.0,5.6,91.0,7.4
2025-11-26 05:00:00,2025,11,26,5,Đồng Tháp,Xã Tân Phú Trung,10.2545007,105.7361294,53,Moderate,1,22.6,81,0.0,9.6,355,1008.6,99,18.3,18.8,320.0,6.7,88.0,7.8
2025-11-26 06:00:00,2025,11,26,6,Đồng Tháp,Xã Tân Phú Trung,10.2545007,105.7361294,53,Moderate,1,22.4,79,0.0,10.8,355,1009.3,95,19.0,19.5,356.0,8.1,84.0,8.4
2025-11-26 07:00:00,2025,11,26,7,Đồng Tháp,Xã Tân Phú Trung,10.2545007,105.7361294,54,Moderate,1,23.5,78,0.0,11.0,360,1009.8,78,17.1,17.3,375.0,7.6,80.0,9.1
2025-11-26 08:00:00,2025,11,26,8,Đồng Tháp,Xã Tân Phú Trung,10.2545007,105.7361294,54,Moderate,1,25.1,71,0.0,13.4,4,1010.7,93,17.3,17.7,358.0,6.2,90.0,8.3
2025-11-26 09:00:00,2025,11,26,9,Đồng Tháp,Xã Tân Phú Trung,10.2545007,105.7361294,54,Moderate,1,26.5,66,0.0,13.5,9,1011.1,92,17.2,17.6,324.0,4.4,103.0,7.1
2025-11-26 10:00:00,2025,11,26,10,Đồng Tháp,Xã Tân Phú Trung,10.2545007,105.7361294,55,Moderate,1,27.7,63,0.0,13.7,2,1011.0,98,16.9,17.5,296.0,2.9,113.0,6.0
2025-11-26 11:00:00,2025,11,26,11,Đồng Tháp,Xã Tân Phú Trung,10.2545007,105.7361294,56,Moderate,1,28.6,60,0.0,13.2,353,1010.3,95,16.5,17.1,285.0,2.3,117.0,5.2
2025-11-26 12:00:00,2025,11,26,12,Đồng Tháp,Xã Tân Phú Trung,10.2545007,105.7361294,56,Moderate,1,29.2,59,0.0,11.5,350,1009.3,54,15.9,16.5,280.0,2.1,117.0,4.5
2025-11-26 13:00:00,2025,11,26,13,Đồng Tháp,Xã Tân Phú Trung,10.2545007,105.7361294,57,Moderate,1,30.1,56,0.0,10.6,349,1008.6,69,15.5,16.1,278.0,2.1,115.0,4.0
2025-11-26 14:00:00,2025,11,26,14,Đồng Tháp,Xã Tân Phú Trung,10.2545007,105.7361294,57,Moderate,1,30.1,55,0.0,11.6,347,1007.8,100,15.3,15.9,272.0,2.1,113.0,3.7
2025-11-26 15:00:00,2025,11,26,15,Đồng Tháp,Xã Tân Phú Trung,10.2545007,105.7361294,58,Moderate,1,29.9,56,0.0,10.2,353,1007.8,100,14.9,15.4,268.0,2.4,108.0,3.7
2025-11-26 16:00:00,2025,11,26,16,Đồng Tháp,Xã Tân Phú Trung,10.2545007,105.7361294,58,Moderate,1,29.5,57,0.0,9.6,352,1007.7,100,14.5,15.0,277.0,3.4,102.0,4.0
2025-11-26 17:00:00,2025,11,26,17,Đồng Tháp,Xã Tân Phú Trung,10.2545007,105.7361294,59,Moderate,1,28.5,64,0.0,8.3,358,1008.3,99,16.7,17.1,313.0,5.9,91.0,5.1
2025-11-26 18:00:00,2025,11,26,18,Đồng Tháp,Xã Tân Phú Trung,10.2545007,105.7361294,59,Moderate,1,26.9,68,0.0,9.5,1,1009.3,99,18.3,18.6,362.0,9.1,78.0,6.5
2025-11-26 19:00:00,2025,11,26,19,Đồng Tháp,Xã Tân Phú Trung,10.2545007,105.7361294,59,Moderate,1,26.4,72,0.0,8.0,355,1009.6,100,16.4,16.7,387.0,9.1,72.0,6.4
2025-11-26 20:00:00,2025,11,26,20,Đồng Tháp,Xã Tân Phú Trung,10.2545007,105.7361294,60,Moderate,1,26.1,71,0.0,11.4,357,1010.5,100,15.7,15.9,366.0,8.2,72.0,6.0
2025-11-26 21:00:00,2025,11,26,21,Đồng Tháp,Xã Tân Phú Trung,10.2545007,105.7361294,60,Moderate,1,26.5,65,0.0,15.9,6,1010.5,100,14.4,14.5,322.0,7.0,71.0,5.4
2025-11-26 22:00:00,2025,11,26,22,Đồng Tháp,Xã Tân Phú Trung,10.2545007,105.7361294,60,Moderate,1,26.1,61,0.0,16.0,3,1010.6,100,13.5,13.6,284.0,6.1,70.0,4.9
2025-11-26 23:00:00,2025,11,26,23,Đồng Tháp,Xã Tân Phú Trung,10.2545007,105.7361294,60,Moderate,1,25.5,63,0.0,15.4,5,1010.4,100,13.2,13.4,264.0,5.6,69.0,4.6
2025-11-27 00:00:00,2025,11,27,0,Đồng Tháp,Xã Tân Phú Trung,10.2545007,105.7361294,60,Moderate,1,25.0,64,0.0,16.2,8,1010.2,100,13.4,13.6,251.0,5.4,67.0,4.5
2025-11-27 01:00:00,2025,11,27,1,Đồng Tháp,Xã Tân Phú Trung,10.2545007,105.7361294,59,Moderate,1,24.5,69,0.0,14.9,8,1009.9,100,13.7,13.9,241.0,5.3,66.0,4.5
2025-11-27 02:00:00,2025,11,27,2,Đồng Tháp,Xã Tân Phú Trung,10.2545007,105.7361294,59,Moderate,1,24.2,70,0.0,13.9,1,1009.4,100,14.0,14.2,232.0,5.1,65.0,4.6
2025-11-27 03:00:00,2025,11,27,3,Đồng Tháp,Xã Tân Phú Trung,10.2545007,105.7361294,59,Moderate,1,23.8,71,0.0,15.1,3,1009.0,100,14.2,14.5,226.0,5.0,64.0,4.9
2025-11-27 04:00:00,2025,11,27,4,Đồng Tháp,Xã Tân Phú Trung,10.2545007,105.7361294,58,Moderate,1,23.5,69,0.0,14.6,1,1008.9,100,14.2,14.6,228.0,5.1,64.0,5.3
2025-11-27 05:00:00,2025,11,27,5,Đồng Tháp,Xã Tân Phú Trung,10.2545007,105.7361294,58,Moderate,1,23.0,69,0.0,15.3,359,1009.5,8,14.2,14.6,244.0,5.6,63.0,5.9
2025-11-27 06:00:00,2025,11,27,6,Đồng Tháp,Xã Tân Phú Trung,10.2545007,105.7361294,57,Moderate,1,22.5,69,0.0,15.4,355,1009.9,1,14.6,15.0,267.0,6.4,63.0,6.6
2025-11-27 07:00:00,2025,11,27,7,Đồng Tháp,Xã Tân Phú Trung,10.2545007,105.7361294,57,Moderate,1,23.3,71,0.0,14.1,4,1010.4,16,18.8,19.3,283.0,6.6,68.0,6.9
2025-11-27 08:00:00,2025,11,27,8,Đồng Tháp,Xã Tân Phú Trung,10.2545007,105.7361294,57,Moderate,1,24.6,67,0.0,18.0,3,1011.3,0,18.7,19.2,282.0,5.4,77.0,6.5
2025-11-27 09:00:00,2025,11,27,9,Đồng Tháp,Xã Tân Phú Trung,10.2545007,105.7361294,57,Moderate,1,26.0,63,0.0,18.9,3,1011.7,38,17.9,18.5,274.0,3.7,90.0,5.8
2025-11-27 10:00:00,2025,11,27,10,Đồng Tháp,Xã Tân Phú Trung,10.2545007,105.7361294,57,Moderate,1,27.1,60,0.0,20.0,11,1011.4,24,17.5,18.0,267.0,2.4,101.0,5.3
2025-11-27 11:00:00,2025,11,27,11,Đồng Tháp,Xã Tân Phú Trung,10.2545007,105.7361294,57,Moderate,1,28.1,58,0.0,20.0,16,1010.8,100,17.3,17.9,265.0,1.9,107.0,4.9
2025-11-27 12:00:00,2025,11,27,12,Đồng Tháp,Xã Tân Phú Trung,10.2545007,105.7361294,58,Moderate,1,28.9,59,0.0,18.4,16,1009.4,100,17.2,17.8,264.0,1.8,111.0,4.7
2025-11-27 13:00:00,2025,11,27,13,Đồng Tháp,Xã Tân Phú Trung,10.2545007,105.7361294,58,Moderate,1,30.0,57,0.0,15.1,26,1008.9,100,17.2,17.8,265.0,1.9,112.0,4.5
2025-11-27 14:00:00,2025,11,27,14,Đồng Tháp,Xã Tân Phú Trung,10.2545007,105.7361294,58,Moderate,1,30.2,55,0.0,13.0,24,1008.1,100,17.3,17.8,267.0,2.1,111.0,4.4
2025-11-27 15:00:00,2025,11,27,15,Đồng Tháp,Xã Tân Phú Trung,10.2545007,105.7361294,58,Moderate,1,30.0,54,0.0,13.9,11,1007.6,100,17.5,17.9,272.0,2.6,108.0,4.3
2025-11-27 16:00:00,2025,11,27,16,Đồng Tháp,Xã Tân Phú Trung,10.2545007,105.7361294,58,Moderate,1,29.0,57,0.0,17.5,8,1007.9,100,18.5,18.8,283.0,3.6,103.0,4.6
2025-11-27 17:00:00,2025,11,27,17,Đồng Tháp,Xã Tân Phú Trung,10.2545007,105.7361294,59,Moderate,1,27.6,63,0.0,16.9,11,1008.7,100,20.8,21.0,307.0,5.9,95.0,5.6
2025-11-27 18:00:00,2025,11,27,18,Đồng Tháp,Xã Tân Phú Trung,10.2545007,105.7361294,59,Moderate,1,26.6,62,0.0,16.5,10,1009.6,100,23.0,23.2,337.0,8.7,84.0,6.8
2025-11-27 19:00:00,2025,11,27,19,Đồng Tháp,Xã Tân Phú Trung,10.2545007,105.7361294,59,Moderate,1,26.1,67,0.0,13.9,2,1010.1,100,25.6,26.0,360.0,6.9,82.0,6.0
2025-11-27 20:00:00,2025,11,27,20,Đồng Tháp,Xã Tân Phú Trung,10.2545007,105.7361294,60,Moderate,1,25.4,70,0.0,12.5,348,1011.2,100,27.1,27.4,371.0,7.2,78.0,6.2
2025-11-27 21:00:00,2025,11,27,21,Đồng Tháp,Xã Tân Phú Trung,10.2545007,105.7361294,61,Moderate,1,24.6,71,0.0,13.7,350,1011.2,100,27.7,28.1,374.0,7.5,73.0,6.4
2025-11-27 22:00:00,2025,11,27,22,Đồng Tháp,Xã Tân Phú Trung,10.2545007,105.7361294,62,Moderate,1,24.2,69,0.0,15.4,353,1011.1,100,27.8,28.1,368.0,7.6,68.0,6.4
2025-11-27 23:00:00,2025,11,27,23,Đồng Tháp,Xã Tân Phú Trung,10.2545007,105.7361294,64,Moderate,1,23.9,69,0.0,15.4,355,1010.9,99,27.3,27.6,349.0,7.2,65.0,5.9
2025-11-28 00:00:00,2025,11,28,0,Đồng Tháp,Xã Tân Phú Trung,10.2545007,105.7361294,65,Moderate,1,23.5,69,0.0,15.9,356,1010.6,100,26.3,26.6,321.0,6.6,63.0,5.2
2025-11-28 01:00:00,2025,11,28,1,Đồng Tháp,Xã Tân Phú Trung,10.2545007,105.7361294,66,Moderate,1,23.3,72,0.0,16.2,358,1010.0,99,25.1,25.4,299.0,6.0,61.0,4.7
2025-11-28 02:00:00,2025,11,28,2,Đồng Tháp,Xã Tân Phú Trung,10.2545007,105.7361294,67,Moderate,1,23.3,71,0.0,16.9,357,1009.5,100,23.7,24.0,288.0,5.5,60.0,4.5
2025-11-28 03:00:00,2025,11,28,3,Đồng Tháp,Xã Tân Phú Trung,10.2545007,105.7361294,68,Moderate,1,22.7,73,0.0,17.8,349,1009.2,100,22.5,22.8,283.0,5.1,61.0,4.6
2025-11-28 04:00:00,2025,11,28,4,Đồng Tháp,Xã Tân Phú Trung,10.2545007,105.7361294,69,Moderate,1,22.1,74,0.0,17.9,350,1009.3,100,21.7,22.0,283.0,4.9,61.0,4.8
2025-11-28 05:00:00,2025,11,28,5,Đồng Tháp,Xã Tân Phú Trung,10.2545007,105.7361294,69,Moderate,1,21.6,70,0.0,16.4,345,1009.7,100,21.6,21.9,292.0,5.4,59.0,5.4
2025-11-28 06:00:00,2025,11,28,6,Đồng Tháp,Xã Tân Phú Trung,10.2545007,105.7361294,70,Moderate,1,21.1,65,0.0,18.6,352,1010.2,100,22.1,22.4,306.0,6.1,58.0,6.2
2025-11-28 07:00:00,2025,11,28,7,Đồng Tháp,Xã Tân Phú Trung,10.2545007,105.7361294,71,Moderate,1,21.4,66,0.0,16.6,356,1010.9,100,31.9,32.5,315.0,5.8,63.0,6.4
2025-11-28 08:00:00,2025,11,28,8,Đồng Tháp,Xã Tân Phú Trung,10.2545007,105.7361294,72,Moderate,1,22.4,63,0.0,15.7,355,1011.9,100,31.4,32.0,313.0,4.9,74.0,6.3
2025-11-28 09:00:00,2025,11,28,9,Đồng Tháp,Xã Tân Phú Trung,10.2545007,105.7361294,73,Moderate,1,23.3,61,0.0,17.8,351,1012.3,100,29.6,30.3,306.0,3.6,88.0,6.0
2025-11-28 10:00:00,2025,11,28,10,Đồng Tháp,Xã Tân Phú Trung,10.2545007,105.7361294,74,Moderate,1,24.5,60,0.0,19.2,350,1012.0,100,27.6,28.2,296.0,2.6,100.0,5.8
2025-11-28 11:00:00,2025,11,28,11,Đồng Tháp,Xã Tân Phú Trung,10.2545007,105.7361294,75,Moderate,1,25.6,57,0.0,19.5,349,1011.4,99,25.6,26.2,282.0,2.2,106.0,5.5
2025-11-28 12:00:00,2025,11,28,12,Đồng Tháp,Xã Tân Phú Trung,10.2545007,105.7361294,76,Moderate,1,26.5,54,0.0,21.1,352,1009.6,100,23.7,24.3,266.0,2.0,110.0,5.2
2025-11-28 13:00:00,2025,11,28,13,Đồng Tháp,Xã Tân Phú Trung,10.2545007,105.7361294,76,Moderate,1,27.4,49,0.0,19.8,358,1009.2,95,22.4,22.9,255.0,2.1,112.0,5.0
2025-11-28 14:00:00,2025,11,28,14,Đồng Tháp,Xã Tân Phú Trung,10.2545007,105.7361294,77,Moderate,1,27.5,50,0.0,17.1,1,1008.1,95,21.3,21.9,248.0,2.1,113.0,4.8
2025-11-28 15:00:00,2025,11,28,15,Đồng Tháp,Xã Tân Phú Trung,10.2545007,105.7361294,77,Moderate,1,27.5,51,0.0,15.5,2,1007.8,95,20.7,21.2,246.0,2.3,112.0,4.7
2025-11-28 16:00:00,2025,11,28,16,Đồng Tháp,Xã Tân Phú Trung,10.2545007,105.7361294,77,Moderate,1,27.0,53,0.0,15.0,4,1008.0,100,20.3,20.8,256.0,3.6,107.0,5.1
2025-11-28 17:00:00,2025,11,28,17,Đồng Tháp,Xã Tân Phú Trung,10.2545007,105.7361294,77,Moderate,1,25.9,59,0.0,10.9,8,1008.6,100,21.8,22.1,286.0,6.9,96.0,6.4
2025-11-28 18:00:00,2025,11,28,18,Đồng Tháp,Xã Tân Phú Trung,10.2545007,105.7361294,77,Moderate,1,25.2,60,0.0,11.6,5,1009.2,100,24.6,24.9,328.0,11.3,80.0,8.2
2025-11-28 19:00:00,2025,11,28,19,Đồng Tháp,Xã Tân Phú Trung,10.2545007,105.7361294,78,Moderate,1,23.5,69,0.0,6.9,346,1010.0,100,23.2,23.4,361.0,13.9,70.0,9.5
2025-11-28 20:00:00,2025,11,28,20,Đồng Tháp,Xã Tân Phú Trung,10.2545007,105.7361294,77,Moderate,1,23.3,69,0.0,8.0,346,1011.1,100,23.2,23.4,379.0,13.2,68.0,9.3
2025-11-28 21:00:00,2025,11,28,21,Đồng Tháp,Xã Tân Phú Trung,10.2545007,105.7361294,77,Moderate,1,23.0,69,0.0,8.3,336,1011.4,100,21.8,22.0,387.0,12.2,66.0,9.0
2025-11-28 22:00:00,2025,11,28,22,Đồng Tháp,Xã Tân Phú Trung,10.2545007,105.7361294,77,Moderate,1,22.6,70,0.0,10.2,329,1011.3,100,20.4,20.5,384.0,11.3,63.0,8.6
2025-11-28 23:00:00,2025,11,28,23,Đồng Tháp,Xã Tân Phú Trung,10.2545007,105.7361294,76,Moderate,1,22.6,68,0.0,9.6,330,1011.2,100,19.0,19.2,361.0,10.6,61.0,8.0
2025-11-29 00:00:00,2025,11,29,0,Đồng Tháp,Xã Tân Phú Trung,10.2545007,105.7361294,75,Moderate,1,22.6,66,0.0,10.9,321,1010.6,100,18.0,18.2,326.0,10.1,58.0,7.2
2025-11-29 01:00:00,2025,11,29,1,Đồng Tháp,Xã Tân Phú Trung,10.2545007,105.7361294,74,Moderate,1,22.0,68,0.0,11.0,334,1010.4,100,17.3,17.5,299.0,9.7,56.0,6.7
2025-11-29 02:00:00,2025,11,29,2,Đồng Tháp,Xã Tân Phú Trung,10.2545007,105.7361294,74,Moderate,1,21.8,70,0.0,11.8,334,1009.4,100,17.0,17.2,287.0,9.5,54.0,6.5
2025-11-29 03:00:00,2025,11,29,3,Đồng Tháp,Xã Tân Phú Trung,10.2545007,105.7361294,73,Moderate,1,21.5,71,0.0,11.4,339,1008.9,99,17.1,17.2,284.0,9.5,53.0,6.6
2025-11-29 04:00:00,2025,11,29,4,Đồng Tháp,Xã Tân Phú Trung,10.2545007,105.7361294,73,Moderate,1,21.2,72,0.0,11.3,340,1008.7,100,17.1,17.2,290.0,9.6,52.0,6.8
2025-11-29 05:00:00,2025,11,29,5,Đồng Tháp,Xã Tân Phú Trung,10.2545007,105.7361294,72,Moderate,1,21.1,73,0.0,9.9,339,1009.3,100,16.9,17.1,312.0,10.1,50.0,7.3
2025-11-29 06:00:00,2025,11,29,6,Đồng Tháp,Xã Tân Phú Trung,10.2545007,105.7361294,72,Moderate,1,20.9,74,0.0,9.6,344,1010.0,100,17.4,17.6,344.0,10.6,50.0,8.1
2025-11-29 07:00:00,2025,11,29,7,Đồng Tháp,Xã Tân Phú Trung,10.2545007,105.7361294,71,Moderate,1,22.0,74,0.0,11.0,339,1010.4,98,15.6,15.7,362.0,9.6,59.0,8.4
2025-11-29 08:00:00,2025,11,29,8,Đồng Tháp,Xã Tân Phú Trung,10.2545007,105.7361294,70,Moderate,1,23.5,70,0.0,12.6,346,1011.2,100,15.3,15.4,355.0,7.8,75.0,8.3
2025-11-29 09:00:00,2025,11,29,9,Đồng Tháp,Xã Tân Phú Trung,10.2545007,105.7361294,69,Moderate,1,24.5,69,0.0,10.6,345,1011.8,100,14.3,14.5,334.0,5.3,97.0,8.1
2025-11-29 10:00:00,2025,11,29,10,Đồng Tháp,Xã Tân Phú Trung,10.2545007,105.7361294,67,Moderate,1,25.2,69,0.0,10.7,343,1011.4,100,13.7,13.9,315.0,3.4,114.0,7.7
2025-11-29 11:00:00,2025,11,29,11,Đồng Tháp,Xã Tân Phú Trung,10.2545007,105.7361294,66,Moderate,1,26.4,66,0.0,11.8,347,1010.7,100,13.0,13.2,301.0,2.6,120.0,7.1
2025-11-29 12:00:00,2025,11,29,12,Đồng Tháp,Xã Tân Phú Trung,10.2545007,105.7361294,65,Moderate,1,28.0,62,0.0,12.2,346,1009.5,100,12.5,12.7,288.0,2.3,121.0,6.3
2025-11-29 13:00:00,2025,11,29,13,Đồng Tháp,Xã Tân Phú Trung,10.2545007,105.7361294,64,Moderate,1,28.9,58,0.0,11.8,344,1008.8,100,12.3,12.5,280.0,2.4,121.0,5.7
2025-11-29 14:00:00,2025,11,29,14,Đồng Tháp,Xã Tân Phú Trung,10.2545007,105.7361294,63,Moderate,1,29.2,58,0.0,10.6,345,1007.8,100,12.2,12.4,262.0,2.2,123.0,5.3
2025-11-29 15:00:00,2025,11,29,15,Đồng Tháp,Xã Tân Phú Trung,10.2545007,105.7361294,62,Moderate,1,29.2,59,0.0,8.7,343,1007.5,38,12.3,12.5,248.0,2.3,124.0,5.1
2025-11-29 16:00:00,2025,11,29,16,Đồng Tháp,Xã Tân Phú Trung,10.2545007,105.7361294,61,Moderate,1,29.0,59,0.0,6.4,333,1008.0,75,12.7,12.9,285.0,4.2,119.0,5.7
2025-11-29 17:00:00,2025,11,29,17,Đồng Tháp,Xã Tân Phú Trung,10.2545007,105.7361294,66,Moderate,1,28.0,68,0.0,4.2,324,1008.3,89,16.5,16.6,420.0,9.8,103.0,7.8
2025-11-29 18:00:00,2025,11,29,18,Đồng Tháp,Xã Tân Phú Trung,10.2545007,105.7361294,68,Moderate,1,26.2,74,0.0,5.4,300,1008.9,95,24.5,24.6,606.0,17.2,81.0,10.6
2025-11-29 19:00:00,2025,11,29,19,Đồng Tháp,Xã Tân Phú Trung,10.2545007,105.7361294,61,Moderate,1,25.5,76,0.0,5.6,263,1009.6,100,27.6,27.8,744.0,22.3,65.0,12.8
2025-11-29 20:00:00,2025,11,29,20,Đồng Tháp,Xã Tân Phú Trung,10.2545007,105.7361294,61,Moderate,1,25.0,78,0.0,4.9,268,1010.5,100,28.3,28.8,795.0,22.2,60.0,13.0
2025-11-29 21:00:00,2025,11,29,21,Đồng Tháp,Xã Tân Phú Trung,10.2545007,105.7361294,61,Moderate,1,24.8,79,0.0,3.7,299,1010.7,100,28.5,29.0,799.0,22.1,54.0,13.3
2025-11-29 22:00:00,2025,11,29,22,Đồng Tháp,Xã Tân Phú Trung,10.2545007,105.7361294,62,Moderate,1,24.2,81,0.0,4.8,307,1010.7,100,28.6,29.2,772.0,21.9,49.0,13.2
2025-11-29 23:00:00,2025,11,29,23,Đồng Tháp,Xã Tân Phú Trung,10.2545007,105.7361294,62,Moderate,1,24.0,80,0.0,6.2,327,1010.5,99,28.2,28.8,708.0,21.7,46.0,12.6
2025-11-30 00:00:00,2025,11,30,0,Đồng Tháp,Xã Tân Phú Trung,10.2545007,105.7361294,63,Moderate,1,23.6,80,0.0,6.4,328,1010.1,100,28.3,28.9,613.0,21.4,45.0,11.7
2025-11-30 01:00:00,2025,11,30,1,Đồng Tháp,Xã Tân Phú Trung,10.2545007,105.7361294,64,Moderate,1,23.2,84,0.0,6.0,333,1009.8,100,28.3,28.9,524.0,20.9,43.0,10.9
2025-11-30 02:00:00,2025,11,30,2,Đồng Tháp,Xã Tân Phú Trung,10.2545007,105.7361294,65,Moderate,1,23.0,82,0.0,6.5,330,1009.2,100,27.5,28.1,444.0,20.1,41.0,10.2
2025-11-30 03:00:00,2025,11,30,3,Đồng Tháp,Xã Tân Phú Trung,10.2545007,105.7361294,66,Moderate,1,22.4,85,0.0,4.7,293,1009.1,100,26.5,27.1,370.0,19.1,39.0,9.5
2025-11-30 04:00:00,2025,11,30,4,Đồng Tháp,Xã Tân Phú Trung,10.2545007,105.7361294,67,Moderate,1,22.2,85,0.0,4.5,307,1009.0,100,26.2,26.7,331.0,18.5,38.0,9.4
2025-11-30 05:00:00,2025,11,30,5,Đồng Tháp,Xã Tân Phú Trung,10.2545007,105.7361294,68,Moderate,1,22.0,86,0.0,6.1,315,1009.3,42,27.2,27.8,358.0,19.0,35.0,10.3
2025-11-30 06:00:00,2025,11,30,6,Đồng Tháp,Xã Tân Phú Trung,10.2545007,105.7361294,69,Moderate,1,21.9,87,0.0,5.5,316,1010.0,27,29.6,30.2,420.0,19.9,32.0,11.7
2025-11-30 07:00:00,2025,11,30,7,Đồng Tháp,Xã Tân Phú Trung,10.2545007,105.7361294,70,Moderate,1,23.2,84,0.0,6.2,311,1010.8,100,32.1,32.7,454.0,17.7,42.0,11.8
2025-11-30 08:00:00,2025,11,30,8,Đồng Tháp,Xã Tân Phú Trung,10.2545007,105.7361294,71,Moderate,1,24.6,78,0.0,5.1,333,1011.8,83,28.1,28.6,428.0,14.1,70.0,12.0
2025-11-30 09:00:00,2025,11,30,9,Đồng Tháp,Xã Tân Phú Trung,10.2545007,105.7361294,72,Moderate,1,26.1,73,0.0,6.4,342,1012.2,12,24.7,24.9,375.0,9.1,109.0,12.3
2025-11-30 10:00:00,2025,11,30,10,Đồng Tháp,Xã Tân Phú Trung,10.2545007,105.7361294,73,Moderate,1,28.2,65,0.0,8.2,341,1011.5,20,22.1,22.4,328.0,5.2,137.0,11.9
2025-11-30 11:00:00,2025,11,30,11,Đồng Tháp,Xã Tân Phú Trung,10.2545007,105.7361294,74,Moderate,1,29.5,60,0.0,8.1,342,1011.0,9,19.6,19.8,300.0,3.2,144.0,10.2
2025-11-30 12:00:00,2025,11,30,12,Đồng Tháp,Xã Tân Phú Trung,10.2545007,105.7361294,75,Moderate,1,30.1,58,0.0,6.4,338,1010.1,24,17.6,17.9,278.0,2.4,139.0,7.8
2025-11-30 13:00:00,2025,11,30,13,Đồng Tháp,Xã Tân Phú Trung,10.2545007,105.7361294,75,Moderate,1,31.0,54,0.0,5.6,315,1009.1,46,15.5,15.8,265.0,2.3,134.0,6.2
2025-11-30 14:00:00,2025,11,30,14,Đồng Tháp,Xã Tân Phú Trung,10.2545007,105.7361294,75,Moderate,1,31.1,53,0.0,8.0,301,1008.1,97,15.1,15.4,252.0,2.2,132.0,5.4
2025-11-30 15:00:00,2025,11,30,15,Đồng Tháp,Xã Tân Phú Trung,10.2545007,105.7361294,75,Moderate,1,30.6,56,0.0,10.1,299,1007.9,42,16.1,16.4,248.0,2.9,128.0,5.4
2025-11-30 16:00:00,2025,11,30,16,Đồng Tháp,Xã Tân Phú Trung,10.2545007,105.7361294,78,Moderate,1,30.1,59,0.0,8.6,299,1007.9,5,18.9,19.2,275.0,6.8,120.0,7.0
2025-11-30 17:00:00,2025,11,30,17,Đồng Tháp,Xã Tân Phú Trung,10.2545007,105.7361294,88,Moderate,1,28.9,70,0.0,4.4,277,1008.4,0,25.3,25.5,357.0,16.4,103.0,11.4
2025-11-30 18:00:00,2025,11,30,18,Đồng Tháp,Xã Tân Phú Trung,10.2545007,105.7361294,87,Moderate,1,27.0,74,0.0,5.6,276,1009.1,2,37.6,37.8,471.0,29.1,81.0,17.4
2025-11-30 19:00:00,2025,11,30,19,Đồng Tháp,Xã Tân Phú Trung,10.2545007,105.7361294,78,Moderate,1,26.8,75,0.0,3.0,346,1009.5,0,54.9,56.7,573.0,47.5,62.0,27.7
2025-11-30 20:00:00,2025,11,30,20,Đồng Tháp,Xã Tân Phú Trung,10.2545007,105.7361294,81,Moderate,1,25.9,79,0.0,3.4,302,1010.4,0,68.5,70.3,659.0,48.8,53.0,29.3
2025-11-30 21:00:00,2025,11,30,21,Đồng Tháp,Xã Tân Phú Trung,10.2545007,105.7361294,84,Moderate,1,25.1,83,0.0,5.2,266,1011.1,5,72.4,74.0,734.0,50.4,41.0,31.2
2025-11-30 22:00:00,2025,11,30,22,Đồng Tháp,Xã Tân Phú Trung,10.2545007,105.7361294,88,Moderate,1,24.5,86,0.0,4.7,263,1011.4,13,69.6,71.0,761.0,49.6,32.0,31.2
2025-11-30 23:00:00,2025,11,30,23,Đồng Tháp,Xã Tân Phú Trung,10.2545007,105.7361294,92,Moderate,1,24.3,85,0.0,7.1,263,1011.2,1,61.5,62.9,711.0,44.3,30.0,27.5
2025-12-01 00:00:00,2025,12,1,0,Đồng Tháp,Xã Tân Phú Trung,10.2545007,105.7361294,95,Moderate,1,24.0,86,0.0,6.7,270,1011.0,0,52.4,53.4,614.0,36.6,31.0,21.8
2025-12-01 01:00:00,2025,12,1,1,Đồng Tháp,Xã Tân Phú Trung,10.2545007,105.7361294,97,Moderate,1,23.5,90,0.0,6.0,275,1010.8,0,45.5,46.2,528.0,30.3,33.0,17.3
2025-12-01 02:00:00,2025,12,1,2,Đồng Tháp,Xã Tân Phú Trung,10.2545007,105.7361294,98,Moderate,1,23.4,91,0.0,5.5,279,1010.2,0,40.0,40.6,466.0,26.7,34.0,15.2
2025-12-01 03:00:00,2025,12,1,3,Đồng Tháp,Xã Tân Phú Trung,10.2545007,105.7361294,100,Moderate,1,23.2,92,0.0,6.0,275,1009.7,0,36.2,36.8,416.0,24.5,36.0,14.4
2025-12-01 04:00:00,2025,12,1,4,Đồng Tháp,Xã Tân Phú Trung,10.2545007,105.7361294,100,Moderate,1,23.0,93,0.0,5.8,275,1010.0,0,33.9,34.2,399.0,23.1,37.0,14.2
2025-12-01 05:00:00,2025,12,1,5,Đồng Tháp,Xã Tân Phú Trung,10.2545007,105.7361294,101,Unhealthy for Sensitive Groups,2,22.8,94,0.0,5.2,286,1010.3,0,33.2,33.5,448.0,23.4,33.0,14.9
2025-12-01 06:00:00,2025,12,1,6,Đồng Tháp,Xã Tân Phú Trung,10.2545007,105.7361294,102,Unhealthy for Sensitive Groups,2,22.5,96,0.0,4.2,288,1010.7,0,34.9,35.3,530.0,24.5,29.0,16.4
2025-12-01 07:00:00,2025,12,1,7,Đồng Tháp,Xã Tân Phú Trung,10.2545007,105.7361294,102,Unhealthy for Sensitive Groups,2,24.5,89,0.0,3.6,279,1011.4,5,39.3,40.0,572.0,24.7,39.0,18.3
2025-12-01 08:00:00,2025,12,1,8,Đồng Tháp,Xã Tân Phú Trung,10.2545007,105.7361294,103,Unhealthy for Sensitive Groups,2,26.6,82,0.0,1.7,283,1012.1,16,28.6,28.8,531.0,19.6,68.0,18.3
2025-12-01 09:00:00,2025,12,1,9,Đồng Tháp,Xã Tân Phú Trung,10.2545007,105.7361294,103,Unhealthy for Sensitive Groups,2,28.5,72,0.0,1.5,306,1012.3,38,21.0,21.1,451.0,12.5,108.0,18.1
2025-12-01 10:00:00,2025,12,1,10,Đồng Tháp,Xã Tân Phú Trung,10.2545007,105.7361294,103,Unhealthy for Sensitive Groups,2,29.7,65,0.0,1.9,304,1011.9,20,18.7,18.7,385.0,7.0,139.0,17.2
2025-12-01 11:00:00,2025,12,1,11,Đồng Tháp,Xã Tân Phú Trung,10.2545007,105.7361294,103,Unhealthy for Sensitive Groups,2,30.6,61,0.0,1.9,292,1011.2,30,16.6,16.6,355.0,4.5,154.0,14.8
2025-12-01 12:00:00,2025,12,1,12,Đồng Tháp,Xã Tân Phú Trung,10.2545007,105.7361294,102,Unhealthy for Sensitive Groups,2,31.0,59,0.0,2.8,281,1010.0,41,15.7,15.7,340.0,3.5,160.0,11.6
2025-12-01 13:00:00,2025,12,1,13,Đồng Tháp,Xã Tân Phú Trung,10.2545007,105.7361294,102,Unhealthy for Sensitive Groups,2,31.5,57,0.0,2.5,270,1009.1,34,15.5,15.5,332.0,3.1,163.0,9.3
2025-12-01 14:00:00,2025,12,1,14,Đồng Tháp,Xã Tân Phú Trung,10.2545007,105.7361294,102,Unhealthy for Sensitive Groups,2,31.4,58,0.0,2.3,315,1008.0,82,15.1,15.2,308.0,2.5,165.0,8.2
2025-12-01 15:00:00,2025,12,1,15,Đồng Tháp,Xã Tân Phú Trung,10.2545007,105.7361294,102,Unhealthy for Sensitive Groups,2,30.9,59,0.2,2.6,321,1007.6,44,15.5,15.5,290.0,2.5,163.0,7.9
2025-12-01 16:00:00,2025,12,1,16,Đồng Tháp,Xã Tân Phú Trung,10.2545007,105.7361294,105,Unhealthy for Sensitive Groups,2,30.6,60,0.0,2.0,333,1007.5,27,16.2,16.2,337.0,5.0,154.0,8.8
2025-12-01 17:00:00,2025,12,1,17,Đồng Tháp,Xã Tân Phú Trung,10.2545007,105.7361294,123,Unhealthy for Sensitive Groups,2,30.1,63,0.0,0.5,90,1007.8,54,24.8,24.9,530.0,12.5,132.0,12.0
2025-12-01 18:00:00,2025,12,1,18,Đồng Tháp,Xã Tân Phú Trung,10.2545007,105.7361294,128,Unhealthy for Sensitive Groups,2,28.4,73,0.0,2.9,191,1008.3,59,37.7,37.7,788.0,22.4,102.0,16.5
2025-12-01 19:00:00,2025,12,1,19,Đồng Tháp,Xã Tân Phú Trung,10.2545007,105.7361294,120,Unhealthy for Sensitive Groups,2,27.6,73,0.0,5.5,207,1008.8,20,46.2,46.3,924.0,31.3,76.0,20.7
2025-12-01 20:00:00,2025,12,1,20,Đồng Tháp,Xã Tân Phú Trung,10.2545007,105.7361294,104,Unhealthy for Sensitive Groups,2,26.6,79,0.0,8.4,227,1009.5,2,41.7,41.8,822.0,28.1,71.0,19.8
2025-12-01 21:00:00,2025,12,1,21,Đồng Tháp,Xã Tân Phú Trung,10.2545007,105.7361294,98,Moderate,1,26.0,83,0.0,6.4,234,1009.8,7,36.1,36.2,598.0,23.8,64.0,18.4
2025-12-01 22:00:00,2025,12,1,22,Đồng Tháp,Xã Tân Phú Trung,10.2545007,105.7361294,95,Moderate,1,25.5,86,0.0,5.9,227,1010.1,64,32.6,32.7,421.0,20.4,58.0,17.1
2025-12-01 23:00:00,2025,12,1,23,Đồng Tháp,Xã Tân Phú Trung,10.2545007,105.7361294,92,Moderate,1,25.0,90,0.0,4.8,214,1010.4,89,30.0,30.2,360.0,19.2,54.0,15.9
2025-12-02 00:00:00,2025,12,2,0,Đồng Tháp,Xã Tân Phú Trung,10.2545007,105.7361294,89,Moderate,1,24.9,92,0.0,5.4,236,1010.5,100,28.0,28.1,345.0,18.9,51.0,14.7
2025-12-02 01:00:00,2025,12,2,1,Đồng Tháp,Xã Tân Phú Trung,10.2545007,105.7361294,87,Moderate,1,25.1,94,0.0,7.8,251,1010.0,100,26.5,26.7,338.0,18.7,49.0,13.6
2025-12-02 02:00:00,2025,12,2,2,Đồng Tháp,Xã Tân Phú Trung,10.2545007,105.7361294,85,Moderate,1,25.0,94,0.0,7.0,244,1009.4,21,24.8,25.0,321.0,17.9,49.0,12.6
2025-12-02 03:00:00,2025,12,2,3,Đồng Tháp,Xã Tân Phú Trung,10.2545007,105.7361294,84,Moderate,1,24.7,95,0.0,6.8,243,1008.5,5,22.6,22.8,311.0,17.0,51.0,11.8
2025-12-02 04:00:00,2025,12,2,4,Đồng Tháp,Xã Tân Phú Trung,10.2545007,105.7361294,83,Moderate,1,24.5,96,0.0,5.8,244,1008.7,5,21.4,21.5,318.0,16.8,52.0,11.6
2025-12-02 05:00:00,2025,12,2,5,Đồng Tháp,Xã Tân Phú Trung,10.2545007,105.7361294,81,Moderate,1,24.1,97,0.0,3.9,246,1009.4,9,21.6,21.8,363.0,18.3,47.0,12.4
2025-12-02 06:00:00,2025,12,2,6,Đồng Tháp,Xã Tân Phú Trung,10.2545007,105.7361294,80,Moderate,1,24.1,96,0.0,1.0,239,1010.3,8,24.6,24.9,426.0,20.4,41.0,13.8
2025-12-02 07:00:00,2025,12,2,7,Đồng Tháp,Xã Tân Phú Trung,10.2545007,105.7361294,80,Moderate,1,25.9,91,0.0,5.2,272,1010.8,0,31.2,32.4,457.0,21.4,47.0,15.4
2025-12-02 08:00:00,2025,12,2,8,Đồng Tháp,Xã Tân Phú Trung,10.2545007,105.7361294,79,Moderate,1,27.8,84,0.0,2.8,305,1012.0,18,21.7,22.2,422.0,17.6,65.0,15.2
2025-12-02 09:00:00,2025,12,2,9,Đồng Tháp,Xã Tân Phú Trung,10.2545007,105.7361294,78,Moderate,1,29.3,75,0.0,4.5,293,1012.4,41,22.9,23.5,355.0,12.4,89.0,14.8
2025-12-02 10:00:00,2025,12,2,10,Đồng Tháp,Xã Tân Phú Trung,10.2545007,105.7361294,78,Moderate,1,30.4,67,0.0,3.9,286,1012.0,8,22.3,22.8,304.0,8.2,111.0,14.4
2025-12-02 11:00:00,2025,12,2,11,Đồng Tháp,Xã Tân Phú Trung,10.2545007,105.7361294,79,Moderate,1,31.2,64,0.0,2.3,266,1011.3,45,24.1,24.4,289.0,6.1,127.0,13.8
2025-12-02 12:00:00,2025,12,2,12,Đồng Tháp,Xã Tân Phú Trung,10.2545007,105.7361294,79,Moderate,1,31.3,64,0.0,1.2,231,1010.0,22,26.9,27.2,289.0,5.0,140.0,13.1
2025-12-02 13:00:00,2025,12,2,13,Đồng Tháp,Xã Tân Phú Trung,10.2545007,105.7361294,80,Moderate,1,31.0,63,0.0,2.2,325,1009.3,26,28.5,28.8,293.0,4.7,147.0,12.5
2025-12-02 14:00:00,2025,12,2,14,Đồng Tháp,Xã Tân Phú Trung,10.2545007,105.7361294,81,Moderate,1,31.1,64,0.0,1.5,315,1008.3,39,29.5,29.8,292.0,4.9,148.0,12.0
2025-12-02 15:00:00,2025,12,2,15,Đồng Tháp,Xã Tân Phú Trung,10.2545007,105.7361294,83,Moderate,1,30.9,66,0.1,2.1,232,1007.5,57,30.0,30.3,295.0,5.7,143.0,11.8
2025-12-02 16:00:00,2025,12,2,16,Đồng Tháp,Xã Tân Phú Trung,10.2545007,105.7361294,84,Moderate,1,29.7,66,0.5,2.2,235,1007.8,94,30.4,30.6,316.0,7.5,134.0,12.0
2025-12-02 17:00:00,2025,12,2,17,Đồng Tháp,Xã Tân Phú Trung,10.2545007,105.7361294,88,Moderate,1,28.2,76,0.1,8.8,154,1008.6,66,34.5,34.7,362.0,10.5,118.0,12.9
2025-12-02 18:00:00,2025,12,2,18,Đồng Tháp,Xã Tân Phú Trung,10.2545007,105.7361294,94,Moderate,1,27.2,81,0.0,10.1,181,1009.6,97,35.4,35.5,426.0,14.4,98.0,14.4
2025-12-02 19:00:00,2025,12,2,19,Đồng Tháp,Xã Tân Phú Trung,10.2545007,105.7361294,91,Moderate,1,25.9,92,0.0,4.6,162,1009.9,51,41.4,41.7,496.0,17.1,86.0,14.9
2025-12-02 20:00:00,2025,12,2,20,Đồng Tháp,Xã Tân Phú Trung,10.2545007,105.7361294,86,Moderate,1,25.9,93,0.6,4.1,41,1010.7,51,41.9,42.0,589.0,17.2,80.0,15.3
2025-12-02 21:00:00,2025,12,2,21,Đồng Tháp,Xã Tân Phú Trung,10.2545007,105.7361294,86,Moderate,1,24.5,96,2.3,14.3,61,1011.8,99,40.5,40.6,689.0,17.5,72.0,16.0
2025-12-02 22:00:00,2025,12,2,22,Đồng Tháp,Xã Tân Phú Trung,10.2545007,105.7361294,86,Moderate,1,24.2,97,1.1,4.9,231,1011.5,100,39.3,39.5,729.0,18.3,64.0,16.6
2025-12-02 23:00:00,2025,12,2,23,Đồng Tháp,Xã Tân Phú Trung,10.2545007,105.7361294,87,Moderate,1,24.5,96,0.8,5.7,66,1011.3,98,37.4,37.5,661.0,19.8,59.0,17.1
2025-12-03 00:00:00,2025,12,3,0,Đồng Tháp,Xã Tân Phú Trung,10.2545007,105.7361294,87,Moderate,1,24.2,94,1.4,2.7,127,1011.4,100,40.7,40.9,535.0,21.9,54.0,17.7
2025-12-03 01:00:00,2025,12,3,1,Đồng Tháp,Xã Tân Phú Trung,10.2545007,105.7361294,88,Moderate,1,24.9,97,0.5,1.3,196,1010.2,91,45.9,46.0,433.0,24.8,49.0,18.5
2025-12-03 02:00:00,2025,12,3,2,Đồng Tháp,Xã Tân Phú Trung,10.2545007,105.7361294,90,Moderate,1,24.9,95,0.0,6.1,93,1010.0,84,56.0,56.2,387.0,29.6,41.0,20.4
2025-12-03 03:00:00,2025,12,3,3,Đồng Tháp,Xã Tân Phú Trung,10.2545007,105.7361294,93,Moderate,1,24.5,96,0.0,2.8,117,1009.6,100,64.0,64.0,366.0,35.3,33.0,22.5
2025-12-03 04:00:00,2025,12,3,4,Đồng Tháp,Xã Tân Phú Trung,10.2545007,105.7361294,96,Moderate,1,24.5,96,0.0,1.3,106,1009.8,94,72.9,72.9,357.0,39.0,25.0,22.4
2025-12-03 05:00:00,2025,12,3,5,Đồng Tháp,Xã Tân Phú Trung,10.2545007,105.7361294,101,Unhealthy for Sensitive Groups,2,24.4,96,0.0,2.7,67,1010.6,48,79.2,79.2,364.0,39.6,14.0,17.3
2025-12-03 06:00:00,2025,12,3,6,Đồng Tháp,Xã Tân Phú Trung,10.2545007,105.7361294,107,Unhealthy for Sensitive Groups,2,23.9,97,0.0,3.5,62,1011.1,41,127.6,127.6,382.0,38.2,5.0,9.9
2025-12-03 07:00:00,2025,12,3,7,Đồng Tháp,Xã Tân Phú Trung,10.2545007,105.7361294,118,Unhealthy for Sensitive Groups,2,25.6,95,0.0,4.1,103,1011.4,25,87.8,88.0,388.0,27.3,23.0,17.2
2025-12-03 08:00:00,2025,12,3,8,Đồng Tháp,Xã Tân Phú Trung,10.2545007,105.7361294,124,Unhealthy for Sensitive Groups,2,27.1,88,0.0,2.3,61,1012.3,39,72.9,73.1,366.0,23.7,50.0,21.2
2025-12-03 09:00:00,2025,12,3,9,Đồng Tháp,Xã Tân Phú Trung,10.2545007,105.7361294,129,Unhealthy for Sensitive Groups,2,28.6,79,0.0,3.1,45,1012.8,31,54.4,54.5,332.0,18.6,88.0,26.4
2025-12-03 10:00:00,2025,12,3,10,Đồng Tháp,Xã Tân Phú Trung,10.2545007,105.7361294,132,Unhealthy for Sensitive Groups,2,29.6,75,0.1,1.4,23,1012.8,16,43.3,43.5,302.0,13.8,118.0,28.4
2025-12-03 11:00:00,2025,12,3,11,Đồng Tháp,Xã Tân Phú Trung,10.2545007,105.7361294,135,Unhealthy for Sensitive Groups,2,30.5,71,0.1,2.4,324,1012.0,34,41.0,41.2,282.0,9.5,135.0,24.1
2025-12-03 12:00:00,2025,12,3,12,Đồng Tháp,Xã Tân Phú Trung,10.2545007,105.7361294,136,Unhealthy for Sensitive Groups,2,31.2,64,0.1,6.5,346,1010.8,100,38.3,38.4,268.0,5.5,145.0,16.5
2025-12-03 13:00:00,2025,12,3,13,Đồng Tháp,Xã Tân Phú Trung,10.2545007,105.7361294,138,Unhealthy for Sensitive Groups,2,26.4,87,6.1,15.7,57,1010.1,82,39.8,39.9,262.0,3.3,147.0,10.8
2025-12-03 14:00:00,2025,12,3,14,Đồng Tháp,Xã Tân Phú Trung,10.2545007,105.7361294,139,Unhealthy for Sensitive Groups,2,26.8,82,2.5,4.7,106,1009.6,86,36.2,36.3,267.0,4.0,139.0,9.1
2025-12-03 15:00:00,2025,12,3,15,Đồng Tháp,Xã Tân Phú Trung,10.2545007,105.7361294,139,Unhealthy for Sensitive Groups,2,26.3,84,3.6,1.4,220,1008.4,98,34.0,34.1,280.0,6.5,122.0,9.1
2025-12-03 16:00:00,2025,12,3,16,Đồng Tháp,Xã Tân Phú Trung,10.2545007,105.7361294,140,Unhealthy for Sensitive Groups,2,27.5,80,0.1,2.2,125,1008.6,100,35.4,35.5,304.0,9.5,106.0,9.7
2025-12-03 17:00:00,2025,12,3,17,Đồng Tháp,Xã Tân Phú Trung,10.2545007,105.7361294,140,Unhealthy for Sensitive Groups,2,27.2,82,0.1,6.2,82,1009.2,98,39.2,39.3,349.0,13.0,90.0,10.5
2025-12-03 18:00:00,2025,12,3,18,Đồng Tháp,Xã Tân Phú Trung,10.2545007,105.7361294,141,Unhealthy for Sensitive Groups,2,25.8,88,1.6,13.8,35,1010.2,100,40.6,40.7,403.0,17.1,75.0,11.8
2025-12-03 19:00:00,2025,12,3,19,Đồng Tháp,Xã Tân Phú Trung,10.2545007,105.7361294,141,Unhealthy for Sensitive Groups,2,24.5,94,4.4,5.4,360,1011.1,100,29.6,29.7,435.0,15.3,76.0,11.3
2025-12-03 20:00:00,2025,12,3,20,Đồng Tháp,Xã Tân Phú Trung,10.2545007,105.7361294,140,Unhealthy for Sensitive Groups,2,24.4,97,2.2,6.9,335,1011.7,100,27.3,27.3,421.0,17.3,69.0,12.9
2025-12-03 21:00:00,2025,12,3,21,Đồng Tháp,Xã Tân Phú Trung,10.2545007,105.7361294,139,Unhealthy for Sensitive Groups,2,23.8,97,8.1,5.9,247,1011.8,95,29.4,29.5,384.0,19.9,58.0,15.0
2025-12-03 22:00:00,2025,12,3,22,Đồng Tháp,Xã Tân Phú Trung,10.2545007,105.7361294,138,Unhealthy for Sensitive Groups,2,23.8,96,0.0,5.0,270,1011.8,79,36.3,36.4,360.0,20.6,51.0,15.5
2025-12-03 23:00:00,2025,12,3,23,Đồng Tháp,Xã Tân Phú Trung,10.2545007,105.7361294,137,Unhealthy for Sensitive Groups,2,23.8,96,0.0,5.3,252,1011.8,52,35.4,35.4,370.0,17.6,49.0,13.1
2025-12-04 00:00:00,2025,12,4,0,Đồng Tháp,Xã Tân Phú Trung,10.2545007,105.7361294,137,Unhealthy for Sensitive Groups,2,23.8,97,0.5,6.2,262,1011.7,87,24.0,24.1,394.0,12.8,51.0,9.2
2025-12-04 01:00:00,2025,12,4,1,Đồng Tháp,Xã Tân Phú Trung,10.2545007,105.7361294,135,Unhealthy for Sensitive Groups,2,23.6,97,0.6,8.7,283,1011.1,100,16.5,16.6,408.0,9.0,52.0,6.1
2025-12-04 02:00:00,2025,12,4,2,Đồng Tháp,Xã Tân Phú Trung,10.2545007,105.7361294,132,Unhealthy for Sensitive Groups,2,23.8,97,0.3,5.8,290,1010.1,88,13.9,14.0,399.0,7.5,52.0,4.9
2025-12-04 03:00:00,2025,12,4,3,Đồng Tháp,Xã Tân Phú Trung,10.2545007,105.7361294,128,Unhealthy for Sensitive Groups,2,23.8,96,0.1,7.7,321,1009.8,100,13.0,13.1,379.0,7.2,53.0,4.5
2025-12-04 04:00:00,2025,12,4,4,Đồng Tháp,Xã Tân Phú Trung,10.2545007,105.7361294,122,Unhealthy for Sensitive Groups,2,24.0,96,0.0,8.4,320,1009.4,61,13.0,13.1,361.0,7.4,52.0,4.6
2025-12-04 05:00:00,2025,12,4,5,Đồng Tháp,Xã Tân Phú Trung,10.2545007,105.7361294,116,Unhealthy for Sensitive Groups,2,23.7,97,0.0,5.6,339,1009.7,59,13.4,13.5,351.0,8.4,48.0,5.2
2025-12-04 06:00:00,2025,12,4,6,Đồng Tháp,Xã Tân Phú Trung,10.2545007,105.7361294,109,Unhealthy for Sensitive Groups,2,23.6,97,0.0,5.4,8,1010.3,91,14.4,14.5,344.0,9.9,43.0,6.2
2025-12-04 07:00:00,2025,12,4,7,Đồng Tháp,Xã Tân Phú Trung,10.2545007,105.7361294,98,Moderate,1,24.9,93,0.0,9.2,31,1011.1,80,13.9,14.0,333.0,10.4,45.0,7.1
2025-12-04 08:00:00,2025,12,4,8,Đồng Tháp,Xã Tân Phú Trung,10.2545007,105.7361294,91,Moderate,1,26.1,87,0.3,13.0,66,1012.0,96,10.9,11.0,315.0,10.2,51.0,7.6
2025-12-04 09:00:00,2025,12,4,9,Đồng Tháp,Xã Tân Phú Trung,10.2545007,105.7361294,86,Moderate,1,27.0,85,0.1,15.5,81,1012.8,66,9.8,9.8,293.0,9.8,59.0,8.3
2025-12-04 10:00:00,2025,12,4,10,Đồng Tháp,Xã Tân Phú Trung,10.2545007,105.7361294,82,Moderate,1,28.4,79,0.1,19.8,98,1012.5,100,9.5,9.5,272.0,9.4,68.0,8.8
2025-12-04 11:00:00,2025,12,4,11,Đồng Tháp,Xã Tân Phú Trung,10.2545007,105.7361294,79,Moderate,1,28.6,75,0.1,21.1,94,1012.0,100,11.9,12.0,251.0,8.8,79.0,8.9
2025-12-04 12:00:00,2025,12,4,12,Đồng Tháp,Xã Tân Phú Trung,10.2545007,105.7361294,76,Moderate,1,27.9,79,0.1,18.1,109,1011.2,100,13.2,13.4,230.0,8.1,92.0,8.8
2025-12-04 13:00:00,2025,12,4,13,Đồng Tháp,Xã Tân Phú Trung,10.2545007,105.7361294,74,Moderate,1,29.6,72,0.1,18.7,107,1010.4,64,13.2,13.3,217.0,7.7,98.0,8.6
2025-12-04 14:00:00,2025,12,4,14,Đồng Tháp,Xã Tân Phú Trung,10.2545007,105.7361294,72,Moderate,1,28.3,77,2.2,16.9,97,1009.9,94,11.6,11.7,212.0,7.3,95.0,8.1
2025-12-04 15:00:00,2025,12,4,15,Đồng Tháp,Xã Tân Phú Trung,10.2545007,105.7361294,70,Moderate,1,28.4,76,0.1,13.9,123,1009.3,99,11.1,11.2,215.0,7.2,86.0,7.6
2025-12-04 16:00:00,2025,12,4,16,Đồng Tháp,Xã Tân Phú Trung,10.2545007,105.7361294,68,Moderate,1,27.8,79,0.1,9.8,110,1009.3,34,10.9,11.0,229.0,8.3,76.0,7.7
2025-12-04 17:00:00,2025,12,4,17,Đồng Tháp,Xã Tân Phú Trung,10.2545007,105.7361294,65,Moderate,1,27.5,78,0.1,11.6,120,1009.9,54,12.7,13.0,262.0,11.4,66.0,9.0
2025-12-04 18:00:00,2025,12,4,18,Đồng Tháp,Xã Tân Phú Trung,10.2545007,105.7361294,63,Moderate,1,26.6,81,0.0,8.9,118,1010.6,4,17.3,17.8,305.0,15.7,55.0,10.9
2025-12-04 19:00:00,2025,12,4,19,Đồng Tháp,Xã Tân Phú Trung,10.2545007,105.7361294,61,Moderate,1,25.8,90,0.0,7.5,111,1011.1,7,17.9,19.0,337.0,17.4,50.0,11.7
2025-12-04 20:00:00,2025,12,4,20,Đồng Tháp,Xã Tân Phú Trung,10.2545007,105.7361294,60,Moderate,1,25.9,87,0.0,10.0,98,1012.5,6,22.2,23.5,347.0,18.8,46.0,12.6
2025-12-04 21:00:00,2025,12,4,21,Đồng Tháp,Xã Tân Phú Trung,10.2545007,105.7361294,60,Moderate,1,25.4,90,0.0,7.4,103,1012.9,2,24.7,26.2,346.0,20.9,39.0,13.7
2025-12-04 22:00:00,2025,12,4,22,Đồng Tháp,Xã Tân Phú Trung,10.2545007,105.7361294,59,Moderate,1,25.0,91,0.0,7.7,101,1013.0,27,26.2,27.8,337.0,22.5,34.0,14.4
2025-12-04 23:00:00,2025,12,4,23,Đồng Tháp,Xã Tân Phú Trung,10.2545007,105.7361294,58,Moderate,1,25.0,89,0.0,9.8,107,1013.3,51,24.5,26.2,317.0,23.3,31.0,14.1
2025-12-05 00:00:00,2025,12,5,0,Đồng Tháp,Xã Tân Phú Trung,10.2545007,105.7361294,57,Moderate,1,24.9,88,0.0,8.7,98,1013.1,49,25.1,26.8,290.0,23.6,29.0,13.4
2025-12-05 01:00:00,2025,12,5,1,Đồng Tháp,Xã Tân Phú Trung,10.2545007,105.7361294,57,Moderate,1,24.6,91,0.0,6.7,99,1012.7,50,29.9,31.8,272.0,24.3,27.0,12.9
2025-12-05 02:00:00,2025,12,5,2,Đồng Tháp,Xã Tân Phú Trung,10.2545007,105.7361294,59,Moderate,1,24.8,90,0.0,6.8,93,1012.0,45,36.1,38.0,269.0,26.0,23.0,13.0
2025-12-05 03:00:00,2025,12,5,3,Đồng Tháp,Xã Tân Phú Trung,10.2545007,105.7361294,60,Moderate,1,24.1,94,0.0,5.9,67,1011.7,41,39.7,41.6,275.0,27.9,19.0,13.2
2025-12-05 04:00:00,2025,12,5,4,Đồng Tháp,Xã Tân Phú Trung,10.2545007,105.7361294,63,Moderate,1,23.9,96,0.0,5.5,67,1011.5,34,38.6,40.2,286.0,28.6,17.0,13.5
2025-12-05 05:00:00,2025,12,5,5,Đồng Tháp,Xã Tân Phú Trung,10.2545007,105.7361294,65,Moderate,1,23.6,96,0.0,5.7,55,1011.7,48,38.0,39.3,308.0,27.4,18.0,13.9
2025-12-05 06:00:00,2025,12,5,6,Đồng Tháp,Xã Tân Phú Trung,10.2545007,105.7361294,67,Moderate,1,23.4,97,0.0,5.4,30,1012.3,53,36.3,37.6,334.0,24.8,22.0,14.3
2025-12-05 07:00:00,2025,12,5,7,Đồng Tháp,Xã Tân Phú Trung,10.2545007,105.7361294,69,Moderate,1,24.6,94,0.0,6.4,40,1012.9,5,46.4,48.9,340.0,22.2,34.0,15.2
2025-12-05 08:00:00,2025,12,5,8,Đồng Tháp,Xã Tân Phú Trung,10.2545007,105.7361294,72,Moderate,1,26.5,87,0.0,7.5,33,1014.2,6,34.7,37.0,308.0,16.9,52.0,13.5
2025-12-05 09:00:00,2025,12,5,9,Đồng Tháp,Xã Tân Phú Trung,10.2545007,105.7361294,74,Moderate,1,27.8,80,0.0,10.4,23,1014.6,83,23.2,25.7,256.0,9.5,76.0,11.1
2025-12-05 10:00:00,2025,12,5,10,Đồng Tháp,Xã Tân Phú Trung,10.2545007,105.7361294,75,Moderate,1,28.8,74,0.1,11.0,23,1014.1,12,19.6,21.4,216.0,4.0,96.0,9.1
2025-12-05 11:00:00,2025,12,5,11,Đồng Tháp,Xã Tân Phú Trung,10.2545007,105.7361294,76,Moderate,1,29.7,68,0.0,8.9,40,1013.6,15,15.9,16.7,199.0,2.2,106.0,7.8
2025-12-05 12:00:00,2025,12,5,12,Đồng Tháp,Xã Tân Phú Trung,10.2545007,105.7361294,77,Moderate,1,30.3,64,0.0,7.1,66,1012.7,20,15.1,15.9,194.0,2.2,112.0,6.8
2025-12-05 13:00:00,2025,12,5,13,Đồng Tháp,Xã Tân Phú Trung,10.2545007,105.7361294,77,Moderate,1,30.5,61,0.1,9.2,92,1011.6,17,14.6,15.4,194.0,2.5,115.0,6.2
2025-12-05 14:00:00,2025,12,5,14,Đồng Tháp,Xã Tân Phú Trung,10.2545007,105.7361294,77,Moderate,1,30.5,61,0.0,8.8,105,1010.7,11,14.3,15.1,196.0,2.1,119.0,5.8
2025-12-05 15:00:00,2025,12,5,15,Đồng Tháp,Xã Tân Phú Trung,10.2545007,105.7361294,77,Moderate,1,30.2,61,0.0,7.0,102,1010.0,9,14.2,15.0,204.0,2.0,120.0,5.7
2025-12-05 16:00:00,2025,12,5,16,Đồng Tháp,Xã Tân Phú Trung,10.2545007,105.7361294,77,Moderate,1,30.0,61,0.0,5.0,92,1009.8,12,14.1,14.8,217.0,3.6,115.0,6.2
2025-12-05 17:00:00,2025,12,5,17,Đồng Tháp,Xã Tân Phú Trung,10.2545007,105.7361294,78,Moderate,1,29.0,72,0.0,3.1,36,1010.0,11,17.1,17.6,238.0,8.7,97.0,7.6
2025-12-05 18:00:00,2025,12,5,18,Đồng Tháp,Xã Tân Phú Trung,10.2545007,105.7361294,78,Moderate,1,27.2,79,0.0,3.3,6,1011.0,9,23.4,23.8,266.0,15.6,72.0,9.6
2025-12-05 19:00:00,2025,12,5,19,Đồng Tháp,Xã Tân Phú Trung,10.2545007,105.7361294,79,Moderate,1,25.4,87,0.0,7.2,305,1011.8,66,44.0,44.7,295.0,29.4,63.0,19.1
2025-12-05 20:00:00,2025,12,5,20,Đồng Tháp,Xã Tân Phú Trung,10.2545007,105.7361294,81,Moderate,1,25.4,88,0.2,1.9,158,1012.7,88,43.0,43.4,327.0,28.6,60.0,19.2
2025-12-05 21:00:00,2025,12,5,21,Đồng Tháp,Xã Tân Phú Trung,10.2545007,105.7361294,83,Moderate,1,24.9,91,0.5,4.7,81,1013.5,98,48.1,48.7,361.0,27.4,56.0,19.4
2025-12-05 22:00:00,2025,12,5,22,Đồng Tháp,Xã Tân Phú Trung,10.2545007,105.7361294,85,Moderate,1,24.5,93,0.1,8.1,119,1013.2,100,48.4,49.0,386.0,26.9,52.0,19.5
2025-12-05 23:00:00,2025,12,5,23,Đồng Tháp,Xã Tân Phú Trung,10.2545007,105.7361294,87,Moderate,1,23.8,94,0.0,3.6,123,1012.9,100,45.1,46.2,399.0,27.7,49.0,19.5
2025-12-06 00:00:00,2025,12,6,0,Đồng Tháp,Xã Tân Phú Trung,10.2545007,105.7361294,89,Moderate,1,23.5,95,0.0,2.8,101,1012.8,99,46.3,48.1,403.0,29.0,46.0,19.4
2025-12-06 01:00:00,2025,12,6,1,Đồng Tháp,Xã Tân Phú Trung,10.2545007,105.7361294,91,Moderate,1,24.0,96,0.0,2.8,72,1012.5,99,50.4,52.3,397.0,29.8,43.0,19.1
2025-12-06 02:00:00,2025,12,6,2,Đồng Tháp,Xã Tân Phú Trung,10.2545007,105.7361294,92,Moderate,1,23.8,95,0.0,2.0,5,1011.8,100,54.0,56.0,375.0,29.6,39.0,18.3
2025-12-06 03:00:00,2025,12,6,3,Đồng Tháp,Xã Tân Phú Trung,10.2545007,105.7361294,94,Moderate,1,23.7,96,0.0,2.4,318,1011.6,99,52.2,54.0,343.0,28.9,34.0,17.3
2025-12-06 04:00:00,2025,12,6,4,Đồng Tháp,Xã Tân Phú Trung,10.2545007,105.7361294,95,Moderate,1,23.6,97,0.0,4.1,326,1011.7,94,46.9,48.9,322.0,27.5,31.0,16.4
2025-12-06 05:00:00,2025,12,6,5,Đồng Tháp,Xã Tân Phú Trung,10.2545007,105.7361294,96,Moderate,1,23.4,96,0.0,6.3,358,1012.1,93,40.6,42.7,325.0,25.4,29.0,15.8
2025-12-06 06:00:00,2025,12,6,6,Đồng Tháp,Xã Tân Phú Trung,10.2545007,105.7361294,96,Moderate,1,22.8,88,0.0,8.4,9,1012.3,18,37.0,38.8,339.0,22.7,28.0,15.4
2025-12-06 07:00:00,2025,12,6,7,Đồng Tháp,Xã Tân Phú Trung,10.2545007,105.7361294,96,Moderate,1,23.9,84,0.0,9.2,6,1012.8,13,42.1,43.7,343.0,25.3,30.0,17.2
2025-12-06 08:00:00,2025,12,6,8,Đồng Tháp,Xã Tân Phú Trung,10.2545007,105.7361294,96,Moderate,1,25.4,77,0.0,8.2,14,1013.9,1,31.3,32.6,324.0,22.0,46.0,18.2
2025-12-06 09:00:00,2025,12,6,9,Đồng Tháp,Xã Tân Phú Trung,10.2545007,105.7361294,95,Moderate,1,27.0,71,0.0,7.8,13,1014.1,7,26.5,27.4,295.0,17.3,69.0,19.5
2025-12-06 10:00:00,2025,12,6,10,Đồng Tháp,Xã Tân Phú Trung,10.2545007,105.7361294,96,Moderate,1,28.0,69,0.0,5.6,45,1013.9,30,22.9,23.7,271.0,13.0,91.0,19.7
2025-12-06 11:00:00,2025,12,6,11,Đồng Tháp,Xã Tân Phú Trung,10.2545007,105.7361294,96,Moderate,1,28.6,66,0.0,5.2,46,1013.5,100,24.4,25.3,259.0,9.4,113.0,17.7
2025-12-06 12:00:00,2025,12,6,12,Đồng Tháp,Xã Tân Phú Trung,10.2545007,105.7361294,97,Moderate,1,28.7,65,0.0,6.6,29,1012.4,100,25.1,25.8,253.0,6.1,134.0,14.5
2025-12-06 13:00:00,2025,12,6,13,Đồng Tháp,Xã Tân Phú Trung,10.2545007,105.7361294,98,Moderate,1,29.8,61,0.0,9.2,26,1011.1,98,24.3,24.9,250.0,4.0,148.0,12.0
2025-12-06 14:00:00,2025,12,6,14,Đồng Tháp,Xã Tân Phú Trung,10.2545007,105.7361294,99,Moderate,1,29.8,61,0.0,8.4,20,1010.4,28,23.6,24.2,235.0,2.6,153.0,10.3
2025-12-06 15:00:00,2025,12,6,15,Đồng Tháp,Xã Tân Phú Trung,10.2545007,105.7361294,99,Moderate,1,29.8,59,0.0,6.5,23,1010.1,73,23.1,23.6,223.0,2.3,151.0,9.2
2025-12-06 16:00:00,2025,12,6,16,Đồng Tháp,Xã Tân Phú Trung,10.2545007,105.7361294,100,Moderate,1,29.6,59,0.0,4.4,38,1009.9,54,22.8,23.3,262.0,5.1,142.0,9.8
2025-12-06 17:00:00,2025,12,6,17,Đồng Tháp,Xã Tân Phú Trung,10.2545007,105.7361294,101,Unhealthy for Sensitive Groups,2,28.6,75,0.0,1.1,99,1010.1,10,27.4,27.8,399.0,13.7,121.0,13.6
2025-12-06 18:00:00,2025,12,6,18,Đồng Tháp,Xã Tân Phú Trung,10.2545007,105.7361294,102,Unhealthy for Sensitive Groups,2,27.4,73,0.0,0.6,124,1010.5,13,41.4,41.8,587.0,25.5,93.0,19.1
2025-12-06 19:00:00,2025,12,6,19,Đồng Tháp,Xã Tân Phú Trung,10.2545007,105.7361294,104,Unhealthy for Sensitive Groups,2,25.5,87,0.0,5.0,193,1011.4,15,36.9,38.1,729.0,26.7,55.0,15.6
2025-12-06 20:00:00,2025,12,6,20,Đồng Tháp,Xã Tân Phú Trung,10.2545007,105.7361294,103,Unhealthy for Sensitive Groups,2,25.5,87,0.0,3.4,162,1012.6,30,49.0,49.9,787.0,31.2,47.0,19.2
2025-12-06 21:00:00,2025,12,6,21,Đồng Tháp,Xã Tân Phú Trung,10.2545007,105.7361294,104,Unhealthy for Sensitive Groups,2,25.4,87,0.0,6.9,160,1013.1,44,57.7,58.9,799.0,37.4,37.0,24.1
2025-12-06 22:00:00,2025,12,6,22,Đồng Tháp,Xã Tân Phú Trung,10.2545007,105.7361294,105,Unhealthy for Sensitive Groups,2,25.5,83,0.0,9.5,155,1012.8,100,61.9,63.8,790.0,42.4,28.0,27.6
2025-12-06 23:00:00,2025,12,6,23,Đồng Tháp,Xã Tân Phú Trung,10.2545007,105.7361294,106,Unhealthy for Sensitive Groups,2,25.1,85,0.0,6.3,127,1012.6,52,66.4,68.7,764.0,44.8,24.0,28.5
2025-12-07 00:00:00,2025,12,7,0,Đồng Tháp,Xã Tân Phú Trung,10.2545007,105.7361294,109,Unhealthy for Sensitive Groups,2,24.0,91,0.0,5.2,119,1012.4,95,69.4,71.7,716.0,46.0,22.0,28.0
2025-12-07 01:00:00,2025,12,7,1,Đồng Tháp,Xã Tân Phú Trung,10.2545007,105.7361294,111,Unhealthy for Sensitive Groups,2,23.8,93,0.0,2.1,31,1012.3,96,70.5,73.3,652.0,46.8,20.0,27.4
2025-12-07 02:00:00,2025,12,7,2,Đồng Tháp,Xã Tân Phú Trung,10.2545007,105.7361294,113,Unhealthy for Sensitive Groups,2,23.7,95,0.4,3.9,114,1011.9,88,70.3,73.3,557.0,48.3,17.0,27.5
2025-12-07 03:00:00,2025,12,7,3,Đồng Tháp,Xã Tân Phú Trung,10.2545007,105.7361294,115,Unhealthy for Sensitive Groups,2,23.7,92,0.0,4.8,151,1011.4,66,71.7,75.2,446.0,49.4,15.0,27.6
2025-12-07 04:00:00,2025,12,7,4,Đồng Tháp,Xã Tân Phú Trung,10.2545007,105.7361294,117,Unhealthy for Sensitive Groups,2,23.2,92,0.0,0.9,127,1011.3,68,74.3,77.5,370.0,47.8,15.0,26.7
2025-12-07 05:00:00,2025,12,7,5,Đồng Tháp,Xã Tân Phú Trung,10.2545007,105.7361294,120,Unhealthy for Sensitive Groups,2,22.8,94,0.0,2.9,360,1011.5,90,65.7,68.5,363.0,41.5,16.0,24.0
2025-12-07 06:00:00,2025,12,7,6,Đồng Tháp,Xã Tân Phú Trung,10.2545007,105.7361294,122,Unhealthy for Sensitive Groups,2,22.6,97,0.0,4.9,2,1012.1,97,52.5,54.6,392.0,32.3,20.0,20.4
2025-12-07 07:00:00,2025,12,7,7,Đồng Tháp,Xã Tân Phú Trung,10.2545007,105.7361294,124,Unhealthy for Sensitive Groups,2,24.1,97,0.0,8.1,12,1012.6,100,51.8,53.8,400.0,24.7,32.0,17.9
2025-12-07 08:00:00,2025,12,7,8,Đồng Tháp,Xã Tân Phú Trung,10.2545007,105.7361294,125,Unhealthy for Sensitive Groups,2,25.3,83,0.1,9.4,17,1013.7,56,35.7,36.6,359.0,18.9,54.0,16.0
2025-12-07 09:00:00,2025,12,7,9,Đồng Tháp,Xã Tân Phú Trung,10.2545007,105.7361294,125,Unhealthy for Sensitive Groups,2,26.6,74,0.0,8.1,17,1014.0,58,26.2,26.9,298.0,10.8,84.0,13.3
2025-12-07 10:00:00,2025,12,7,10,Đồng Tháp,Xã Tân Phú Trung,10.2545007,105.7361294,125,Unhealthy for Sensitive Groups,2,27.9,67,0.0,7.5,17,1013.5,30,22.6,23.3,252.0,4.7,107.0,11.0
2025-12-07 11:00:00,2025,12,7,11,Đồng Tháp,Xã Tân Phú Trung,10.2545007,105.7361294,125,Unhealthy for Sensitive Groups,2,28.9,60,0.0,9.2,26,1012.9,32,20.4,21.1,236.0,2.4,118.0,9.4
2025-12-07 12:00:00,2025,12,7,12,Đồng Tháp,Xã Tân Phú Trung,10.2545007,105.7361294,125,Unhealthy for Sensitive Groups,2,29.4,58,0.0,11.4,27,1012.0,37,18.5,19.2,235.0,2.1,123.0,8.2
2025-12-07 13:00:00,2025,12,7,13,Đồng Tháp,Xã Tân Phú Trung,10.2545007,105.7361294,124,Unhealthy for Sensitive Groups,2,30.0,55,0.0,13.3,30,1011.2,34,17.2,17.8,234.0,2.3,124.0,7.3
2025-12-07 14:00:00,2025,12,7,14,Đồng Tháp,Xã Tân Phú Trung,10.2545007,105.7361294,123,Unhealthy for Sensitive Groups,2,30.4,52,0.0,14.4,24,1010.1,41,15.9,16.5,219.0,2.1,123.0,6.4
2025-12-07 15:00:00,2025,12,7,15,Đồng Tháp,Xã Tân Phú Trung,10.2545007,105.7361294,123,Unhealthy for Sensitive Groups,2,30.0,53,0.0,15.2,14,1009.6,32,15.1,15.7,204.0,2.3,119.0,5.8
2025-12-07 16:00:00,2025,12,7,16,Đồng Tháp,Xã Tân Phú Trung,10.2545007,105.7361294,122,Unhealthy for Sensitive Groups,2,29.2,57,0.0,12.6,3,1009.7,80,15.2,15.7,218.0,4.2,111.0,6.0
2025-12-07 17:00:00,2025,12,7,17,Đồng Tháp,Xã Tân Phú Trung,10.2545007,105.7361294,121,Unhealthy for Sensitive Groups,2,27.9,65,0.0,6.8,11,1009.9,86,18.6,19.1,290.0,8.9,95.0,7.4
2025-12-07 18:00:00,2025,12,7,18,Đồng Tháp,Xã Tân Phú Trung,10.2545007,105.7361294,120,Unhealthy for Sensitive Groups,2,25.9,71,0.0,6.5,6,1010.4,88,25.0,25.4,391.0,15.2,74.0,9.5
2025-12-07 19:00:00,2025,12,7,19,Đồng Tháp,Xã Tân Phú Trung,10.2545007,105.7361294,118,Unhealthy for Sensitive Groups,2,25.9,71,0.0,7.6,357,1011.2,100,30.7,31.2,467.0,25.3,55.0,14.8
2025-12-07 20:00:00,2025,12,7,20,Đồng Tháp,Xã Tân Phú Trung,10.2545007,105.7361294,118,Unhealthy for Sensitive Groups,2,25.4,74,0.0,6.3,358,1012.1,100,35.7,36.2,495.0,27.3,51.0,17.0
2025-12-07 21:00:00,2025,12,7,21,Đồng Tháp,Xã Tân Phú Trung,10.2545007,105.7361294,116,Unhealthy for Sensitive Groups,2,24.5,79,0.0,5.8,39,1012.2,98,42.0,42.5,499.0,30.1,45.0,20.0
2025-12-07 22:00:00,2025,12,7,22,Đồng Tháp,Xã Tân Phú Trung,10.2545007,105.7361294,115,Unhealthy for Sensitive Groups,2,24.0,83,0.0,5.0,105,1012.4,100,47.0,48.0,495.0,32.6,39.0,22.3
2025-12-07 23:00:00,2025,12,7,23,Đồng Tháp,Xã Tân Phú Trung,10.2545007,105.7361294,113,Unhealthy for Sensitive Groups,2,23.9,86,0.0,1.9,158,1012.2,100,52.0,53.9,489.0,35.1,34.0,23.2
2025-12-08 00:00:00,2025,12,8,0,Đồng Tháp,Xã Tân Phú Trung,10.2545007,105.7361294,112,Unhealthy for Sensitive Groups,2,23.4,88,0.0,0.9,360,1012.0,100,55.3,57.4,477.0,37.3,30.0,23.3
2025-12-08 01:00:00,2025,12,8,1,Đồng Tháp,Xã Tân Phú Trung,10.2545007,105.7361294,110,Unhealthy for Sensitive Groups,2,22.8,93,0.0,3.5,351,1011.8,98,57.0,59.3,459.0,37.5,27.0,22.7
2025-12-08 02:00:00,2025,12,8,2,Đồng Tháp,Xã Tân Phú Trung,10.2545007,105.7361294,109,Unhealthy for Sensitive Groups,2,22.9,90,0.0,7.1,354,1011.5,97,55.2,57.4,432.0,34.3,27.0,21.2
2025-12-08 03:00:00,2025,12,8,3,Đồng Tháp,Xã Tân Phú Trung,10.2545007,105.7361294,107,Unhealthy for Sensitive Groups,2,22.5,82,0.0,7.8,9,1011.1,89,48.0,49.9,401.0,29.1,29.0,19.1
2025-12-08 04:00:00,2025,12,8,4,Đồng Tháp,Xã Tân Phú Trung,10.2545007,105.7361294,105,Unhealthy for Sensitive Groups,2,21.9,80,0.0,9.7,28,1011.0,98,38.6,39.8,376.0,24.1,33.0,17.0
2025-12-08 05:00:00,2025,12,8,5,Đồng Tháp,Xã Tân Phú Trung,10.2545007,105.7361294,101,Unhealthy for Sensitive Groups,2,21.1,78,0.0,7.1,19,1011.3,100,29.4,29.8,368.0,20.0,37.0,15.1
2025-12-08 06:00:00,2025,12,8,6,Đồng Tháp,Xã Tân Phú Trung,10.2545007,105.7361294,98,Moderate,1,20.9,75,0.0,9.5,22,1011.9,100,22.4,22.7,368.0,16.0,43.0,13.1
2025-12-08 07:00:00,2025,12,8,7,Đồng Tháp,Xã Tân Phú Trung,10.2545007,105.7361294,95,Moderate,1,22.1,75,0.0,9.6,13,1013.0,99,24.9,26.0,356.0,10.9,53.0,9.0
2025-12-08 08:00:00,2025,12,8,8,Đồng Tháp,Xã Tân Phú Trung,10.2545007,105.7361294,93,Moderate,1,23.8,69,0.0,9.6,14,1013.8,100,20.6,21.7,320.0,9.3,63.0,9.1
2025-12-08 09:00:00,2025,12,8,9,Đồng Tháp,Xã Tân Phú Trung,10.2545007,105.7361294,91,Moderate,1,25.0,64,0.0,11.9,22,1014.5,100,18.2,19.4,273.0,7.0,76.0,9.1
2025-12-08 10:00:00,2025,12,8,10,Đồng Tháp,Xã Tân Phú Trung,10.2545007,105.7361294,91,Moderate,1,26.0,64,0.0,11.1,30,1014.5,100,17.4,18.8,239.0,5.1,90.0,9.0
2025-12-08 11:00:00,2025,12,8,11,Đồng Tháp,Xã Tân Phú Trung,10.2545007,105.7361294,90,Moderate,1,27.0,63,0.0,10.5,31,1013.8,99,17.7,19.2,228.0,3.8,104.0,8.5
2025-12-08 12:00:00,2025,12,8,12,Đồng Tháp,Xã Tân Phú Trung,10.2545007,105.7361294,90,Moderate,1,28.0,59,0.0,6.9,41,1012.7,90,18.0,19.4,230.0,2.9,118.0,7.7
2025-12-08 13:00:00,2025,12,8,13,Đồng Tháp,Xã Tân Phú Trung,10.2545007,105.7361294,90,Moderate,1,28.7,55,0.0,4.7,58,1011.8,98,17.9,19.3,236.0,2.4,127.0,7.0
2025-12-08 14:00:00,2025,12,8,14,Đồng Tháp,Xã Tân Phú Trung,10.2545007,105.7361294,90,Moderate,1,29.1,54,0.0,6.3,85,1010.9,100,17.5,18.8,228.0,1.7,129.0,6.0
2025-12-08 15:00:00,2025,12,8,15,Đồng Tháp,Xã Tân Phú Trung,10.2545007,105.7361294,90,Moderate,1,29.0,54,0.0,6.9,95,1010.3,100,16.9,18.2,225.0,1.5,126.0,5.0
2025-12-08 16:00:00,2025,12,8,16,Đồng Tháp,Xã Tân Phú Trung,10.2545007,105.7361294,90,Moderate,1,28.9,54,0.0,4.7,90,1009.9,100,16.2,17.3,266.0,3.9,117.0,5.5
2025-12-08 17:00:00,2025,12,8,17,Đồng Tháp,Xã Tân Phú Trung,10.2545007,105.7361294,90,Moderate,1,27.6,64,0.0,4.2,10,1010.3,100,20.7,21.5,394.0,11.6,99.0,8.7
2025-12-08 18:00:00,2025,12,8,18,Đồng Tháp,Xã Tân Phú Trung,10.2545007,105.7361294,90,Moderate,1,25.9,66,0.0,8.5,6,1010.3,100,30.6,31.4,568.0,21.9,76.0,13.2
2025-12-08 19:00:00,2025,12,8,19,Đồng Tháp,Xã Tân Phú Trung,10.2545007,105.7361294,91,Moderate,1,25.9,75,0.0,0.6,18,1011.1,100,36.7,37.4,704.0,25.8,58.0,15.0
2025-12-08 20:00:00,2025,12,8,20,Đồng Tháp,Xã Tân Phú Trung,10.2545007,105.7361294,91,Moderate,1,24.9,80,0.0,3.6,3,1011.6,97,41.0,42.1,785.0,26.3,53.0,15.1
2025-12-08 21:00:00,2025,12,8,21,Đồng Tháp,Xã Tân Phú Trung,10.2545007,105.7361294,92,Moderate,1,24.1,83,0.0,2.5,339,1011.7,100,40.6,41.8,828.0,26.7,46.0,15.1
2025-12-08 22:00:00,2025,12,8,22,Đồng Tháp,Xã Tân Phú Trung,10.2545007,105.7361294,92,Moderate,1,23.9,82,0.0,3.7,331,1011.6,98,38.8,39.9,803.0,25.6,41.0,14.3
2025-12-08 23:00:00,2025,12,8,23,Đồng Tháp,Xã Tân Phú Trung,10.2545007,105.7361294,91,Moderate,1,23.9,81,0.0,5.6,310,1011.2,99,33.2,34.1,656.0,21.6,41.0,11.9
2025-12-09 00:00:00,2025,12,9,0,Đồng Tháp,Xã Tân Phú Trung,10.2545007,105.7361294,89,Moderate,1,23.7,80,0.0,5.7,349,1011.1,97,25.6,26.4,441.0,16.1,45.0,8.7
2025-12-09 01:00:00,2025,12,9,1,Đồng Tháp,Xã Tân Phú Trung,10.2545007,105.7361294,87,Moderate,1,24.0,82,0.0,0.4,90,1011.0,100,18.7,19.5,283.0,11.6,48.0,6.3
2025-12-09 02:00:00,2025,12,9,2,Đồng Tháp,Xã Tân Phú Trung,10.2545007,105.7361294,83,Moderate,1,23.3,83,0.0,4.0,355,1010.3,100,13.6,14.3,241.0,9.1,52.0,5.3
2025-12-09 03:00:00,2025,12,9,3,Đồng Tháp,Xã Tân Phú Trung,10.2545007,105.7361294,80,Moderate,1,23.0,80,0.0,7.0,4,1009.8,95,11.0,11.7,257.0,7.7,55.0,5.1
2025-12-09 04:00:00,2025,12,9,4,Đồng Tháp,Xã Tân Phú Trung,10.2545007,105.7361294,76,Moderate,1,22.2,83,0.0,5.6,21,1010.1,100,10.4,11.1,280.0,7.1,58.0,5.3
2025-12-09 05:00:00,2025,12,9,5,Đồng Tháp,Xã Tân Phú Trung,10.2545007,105.7361294,74,Moderate,1,22.1,84,0.0,5.3,10,1010.5,100,10.8,11.5,300.0,7.8,57.0,5.9
2025-12-09 06:00:00,2025,12,9,6,Đồng Tháp,Xã Tân Phú Trung,10.2545007,105.7361294,72,Moderate,1,22.1,84,0.0,6.9,353,1010.8,95,11.8,12.4,327.0,9.4,55.0,6.8
2025-12-09 07:00:00,2025,12,9,7,Đồng Tháp,Xã Tân Phú Trung,10.2545007,105.7361294,71,Moderate,1,23.0,83,0.0,7.9,360,1011.7,96,13.2,13.9,340.0,11.0,53.0,7.8
2025-12-09 08:00:00,2025,12,9,8,Đồng Tháp,Xã Tân Phú Trung,10.2545007,105.7361294,70,Moderate,1,24.7,76,0.0,8.5,360,1012.8,100,12.3,13.2,326.0,9.7,64.0,8.4
2025-12-09 09:00:00,2025,12,9,9,Đồng Tháp,Xã Tân Phú Trung,10.2545007,105.7361294,70,Moderate,1,25.8,72,0.0,10.6,3,1013.2,96,11.9,13.0,298.0,8.0,79.0,9.3
2025-12-09 10:00:00,2025,12,9,10,Đồng Tháp,Xã Tân Phú Trung,10.2545007,105.7361294,69,Moderate,1,27.0,69,0.0,10.8,360,1013.1,27,12.1,13.0,273.0,6.3,93.0,9.5
2025-12-09 11:00:00,2025,12,9,11,Đồng Tháp,Xã Tân Phú Trung,10.2545007,105.7361294,69,Moderate,1,27.8,67,0.0,11.2,355,1012.4,99,13.0,13.6,258.0,4.8,106.0,8.5
2025-12-09 12:00:00,2025,12,9,12,Đồng Tháp,Xã Tân Phú Trung,10.2545007,105.7361294,68,Moderate,1,28.3,65,0.1,10.1,4,1011.4,99,12.8,13.5,246.0,3.4,118.0,6.9
2025-12-09 13:00:00,2025,12,9,13,Đồng Tháp,Xã Tân Phú Trung,10.2545007,105.7361294,68,Moderate,1,28.4,63,0.0,9.5,11,1011.0,100,11.8,12.6,238.0,2.5,124.0,5.6
2025-12-09 14:00:00,2025,12,9,14,Đồng Tháp,Xã Tân Phú Trung,10.2545007,105.7361294,67,Moderate,1,28.9,62,0.0,9.7,10,1010.2,100,11.0,11.9,223.0,1.9,122.0,4.6
2025-12-09 15:00:00,2025,12,9,15,Đồng Tháp,Xã Tân Phú Trung,10.2545007,105.7361294,67,Moderate,1,28.6,62,0.0,10.1,24,1009.7,100,10.4,11.3,213.0,1.9,114.0,3.9
2025-12-09 16:00:00,2025,12,9,16,Đồng Tháp,Xã Tân Phú Trung,10.2545007,105.7361294,66,Moderate,1,27.9,64,0.1,7.5,40,1009.8,100,10.4,11.2,236.0,3.7,103.0,4.1
2025-12-09 17:00:00,2025,12,9,17,Đồng Tháp,Xã Tân Phú Trung,10.2545007,105.7361294,65,Moderate,1,27.4,73,0.0,3.1,50,1010.0,100,13.9,14.6,333.0,9.0,87.0,6.1
2025-12-09 18:00:00,2025,12,9,18,Đồng Tháp,Xã Tân Phú Trung,10.2545007,105.7361294,65,Moderate,1,26.4,76,0.0,1.7,283,1010.2,100,21.2,21.9,464.0,16.1,67.0,9.1
2025-12-09 19:00:00,2025,12,9,19,Đồng Tháp,Xã Tân Phú Trung,10.2545007,105.7361294,64,Moderate,1,25.8,81,0.0,3.3,283,1010.9,100,31.9,33.2,543.0,23.4,53.0,12.6
2025-12-09 20:00:00,2025,12,9,20,Đồng Tháp,Xã Tân Phú Trung,10.2545007,105.7361294,64,Moderate,1,25.5,82,0.0,3.4,295,1011.5,100,35.5,37.0,518.0,23.7,49.0,13.0
2025-12-09 21:00:00,2025,12,9,21,Đồng Tháp,Xã Tân Phú Trung,10.2545007,105.7361294,63,Moderate,1,25.4,81,0.0,4.5,346,1011.3,100,36.3,37.6,441.0,24.0,43.0,13.6
2025-12-09 22:00:00,2025,12,9,22,Đồng Tháp,Xã Tân Phú Trung,10.2545007,105.7361294,63,Moderate,1,24.9,80,0.0,5.5,11,1011.4,100,34.7,35.9,375.0,23.4,39.0,13.4
2025-12-09 23:00:00,2025,12,9,23,Đồng Tháp,Xã Tân Phú Trung,10.2545007,105.7361294,62,Moderate,1,24.5,80,0.0,6.1,357,1011.3,100,30.5,31.4,347.0,21.1,37.0,11.9
2025-12-10 00:00:00,2025,12,10,0,Đồng Tháp,Xã Tân Phú Trung,10.2545007,105.7361294,62,Moderate,1,24.8,77,0.0,6.5,357,1011.3,100,26.4,27.1,331.0,17.8,36.0,9.6
2025-12-10 01:00:00,2025,12,10,1,Đồng Tháp,Xã Tân Phú Trung,10.2545007,105.7361294,62,Moderate,1,24.9,77,0.0,7.0,360,1010.8,100,23.4,23.9,312.0,14.7,37.0,7.8
2025-12-10 02:00:00,2025,12,10,2,Đồng Tháp,Xã Tân Phú Trung,10.2545007,105.7361294,63,Moderate,1,25.0,74,0.0,12.1,358,1010.1,100,20.4,20.7,281.0,12.2,40.0,6.8
2025-12-10 03:00:00,2025,12,10,3,Đồng Tháp,Xã Tân Phú Trung,10.2545007,105.7361294,63,Moderate,1,24.8,73,0.0,13.8,7,1009.9,100,17.0,17.4,247.0,9.9,45.0,6.3
2025-12-10 04:00:00,2025,12,10,4,Đồng Tháp,Xã Tân Phú Trung,10.2545007,105.7361294,64,Moderate,1,24.3,73,0.0,14.8,4,1009.8,100,13.6,14.1,229.0,8.2,50.0,5.9
2025-12-10 05:00:00,2025,12,10,5,Đồng Tháp,Xã Tân Phú Trung,10.2545007,105.7361294,64,Moderate,1,24.0,74,0.0,13.9,5,1010.1,97,11.5,12.0,239.0,7.6,54.0,5.6
2025-12-10 06:00:00,2025,12,10,6,Đồng Tháp,Xã Tân Phú Trung,10.2545007,105.7361294,64,Moderate,1,23.7,74,0.0,12.4,359,1010.5,38,10.6,11.1,265.0,7.6,59.0,5.5
2025-12-10 07:00:00,2025,12,10,7,Đồng Tháp,Xã Tân Phú Trung,10.2545007,105.7361294,64,Moderate,1,24.2,75,0.0,13.0,358,1011.3,75,12.1,12.7,280.0,7.2,65.0,5.5
2025-12-10 08:00:00,2025,12,10,8,Đồng Tháp,Xã Tân Phú Trung,10.2545007,105.7361294,64,Moderate,1,25.1,73,0.0,14.4,356,1011.9,70,11.6,11.9,272.0,6.0,72.0,5.3
2025-12-10 09:00:00,2025,12,10,9,Đồng Tháp,Xã Tân Phú Trung,10.2545007,105.7361294,64,Moderate,1,26.7,70,0.0,15.7,5,1012.2,94,9.5,9.7,254.0,4.4,82.0,5.0
2025-12-10 10:00:00,2025,12,10,10,Đồng Tháp,Xã Tân Phú Trung,10.2545007,105.7361294,64,Moderate,1,27.9,68,0.0,15.8,8,1011.6,96,8.1,8.2,240.0,3.1,90.0,4.8
2025-12-10 11:00:00,2025,12,10,11,Đồng Tháp,Xã Tân Phú Trung,10.2545007,105.7361294,63,Moderate,1,28.5,66,0.0,15.6,15,1011.0,95,7.1,7.3,235.0,2.5,96.0,4.5
2025-12-10 12:00:00,2025,12,10,12,Đồng Tháp,Xã Tân Phú Trung,10.2545007,105.7361294,63,Moderate,1,29.4,64,0.0,16.5,20,1010.2,98,6.9,7.1,233.0,2.2,100.0,4.2
2025-12-10 13:00:00,2025,12,10,13,Đồng Tháp,Xã Tân Phú Trung,10.2545007,105.7361294,62,Moderate,1,30.0,62,0.0,16.1,33,1009.1,80,7.4,7.5,231.0,2.3,103.0,4.3
2025-12-10 14:00:00,2025,12,10,14,Đồng Tháp,Xã Tân Phú Trung,10.2545007,105.7361294,62,Moderate,1,30.2,60,0.0,15.7,44,1008.3,84,9.6,9.9,220.0,2.6,106.0,4.9
2025-12-10 15:00:00,2025,12,10,15,Đồng Tháp,Xã Tân Phú Trung,10.2545007,105.7361294,62,Moderate,1,28.5,68,0.3,16.8,63,1008.2,99,10.4,10.6,208.0,3.2,108.0,5.9
2025-12-10 16:00:00,2025,12,10,16,Đồng Tháp,Xã Tân Phú Trung,10.2545007,105.7361294,62,Moderate,1,26.7,82,0.9,8.4,43,1008.3,100,11.4,11.6,219.0,4.7,106.0,7.0
2025-12-10 17:00:00,2025,12,10,17,Đồng Tháp,Xã Tân Phú Trung,10.2545007,105.7361294,62,Moderate,1,25.2,87,1.3,14.9,77,1009.1,100,16.6,16.8,277.0,7.8,96.0,8.2
2025-12-10 18:00:00,2025,12,10,18,Đồng Tháp,Xã Tân Phú Trung,10.2545007,105.7361294,62,Moderate,1,24.6,92,4.1,5.9,27,1009.5,100,21.8,22.1,356.0,11.8,81.0,9.6
2025-12-10 19:00:00,2025,12,10,19,Đồng Tháp,Xã Tân Phú Trung,10.2545007,105.7361294,62,Moderate,1,24.8,94,4.4,7.3,80,1010.6,100,23.1,23.3,405.0,15.1,66.0,11.2
2025-12-10 20:00:00,2025,12,10,20,Đồng Tháp,Xã Tân Phú Trung,10.2545007,105.7361294,61,Moderate,1,24.8,93,0.2,6.9,96,1011.4,100,21.4,21.7,396.0,15.2,64.0,11.7
2025-12-10 21:00:00,2025,12,10,21,Đồng Tháp,Xã Tân Phú Trung,10.2545007,105.7361294,60,Moderate,1,24.0,94,0.8,7.7,78,1011.4,100,20.4,20.6,357.0,15.3,61.0,12.4
2025-12-10 22:00:00,2025,12,10,22,Đồng Tháp,Xã Tân Phú Trung,10.2545007,105.7361294,59,Moderate,1,23.9,95,0.2,6.4,82,1011.5,100,19.8,20.0,316.0,14.8,58.0,12.2
2025-12-10 23:00:00,2025,12,10,23,Đồng Tháp,Xã Tân Phú Trung,10.2545007,105.7361294,57,Moderate,1,23.9,95,0.2,4.6,21,1011.2,100,17.9,18.0,279.0,13.4,54.0,10.5
2025-12-11 00:00:00,2025,12,11,0,Đồng Tháp,Xã Tân Phú Trung,10.2545007,105.7361294,56,Moderate,1,23.8,94,0.1,4.1,347,1010.8,100,15.3,15.3,241.0,11.5,51.0,8.0
2025-12-11 01:00:00,2025,12,11,1,Đồng Tháp,Xã Tân Phú Trung,10.2545007,105.7361294,55,Moderate,1,23.4,97,0.1,7.7,25,1010.7,100,12.8,12.9,215.0,9.9,48.0,6.0
2025-12-11 02:00:00,2025,12,11,2,Đồng Tháp,Xã Tân Phú Trung,10.2545007,105.7361294,54,Moderate,1,23.5,97,1.3,7.5,8,1010.2,100,11.5,11.5,205.0,8.8,47.0,4.9
2025-12-11 03:00:00,2025,12,11,3,Đồng Tháp,Xã Tân Phú Trung,10.2545007,105.7361294,53,Moderate,1,23.4,97,0.7,6.9,76,1009.9,100,11.0,11.1,206.0,8.0,48.0,4.2
2025-12-11 04:00:00,2025,12,11,4,Đồng Tháp,Xã Tân Phú Trung,10.2545007,105.7361294,53,Moderate,1,23.0,97,1.8,3.8,59,1010.3,100,12.0,12.1,217.0,7.9,47.0,4.1
2025-12-11 05:00:00,2025,12,11,5,Đồng Tháp,Xã Tân Phú Trung,10.2545007,105.7361294,53,Moderate,1,23.0,97,0.8,4.4,328,1010.4,100,13.9,14.1,247.0,9.2,43.0,4.8
2025-12-11 06:00:00,2025,12,11,6,Đồng Tháp,Xã Tân Phú Trung,10.2545007,105.7361294,53,Moderate,1,23.1,97,0.2,4.2,342,1010.8,100,16.8,16.9,288.0,11.1,38.0,6.1
2025-12-11 07:00:00,2025,12,11,7,Đồng Tháp,Xã Tân Phú Trung,10.2545007,105.7361294,54,Moderate,1,23.5,95,0.1,9.2,354,1011.5,100,18.6,18.7,310.0,9.7,45.0,6.4
2025-12-11 08:00:00,2025,12,11,8,Đồng Tháp,Xã Tân Phú Trung,10.2545007,105.7361294,54,Moderate,1,24.1,93,0.3,13.0,2,1012.1,100,18.6,18.8,297.0,8.6,57.0,7.1
2025-12-11 09:00:00,2025,12,11,9,Đồng Tháp,Xã Tân Phú Trung,10.2545007,105.7361294,55,Moderate,1,25.6,86,0.1,13.5,34,1012.1,100,17.0,17.2,265.0,7.2,73.0,8.2
2025-12-11 10:00:00,2025,12,11,10,Đồng Tháp,Xã Tân Phú Trung,10.2545007,105.7361294,55,Moderate,1,27.0,79,0.2,14.5,63,1012.0,100,15.4,16.1,237.0,6.3,87.0,9.3
2025-12-11 11:00:00,2025,12,11,11,Đồng Tháp,Xã Tân Phú Trung,10.2545007,105.7361294,56,Moderate,1,27.2,77,0.2,17.7,78,1011.5,100,16.3,18.0,218.0,6.5,96.0,10.5
2025-12-11 12:00:00,2025,12,11,12,Đồng Tháp,Xã Tân Phú Trung,10.2545007,105.7361294,57,Moderate,1,29.0,68,0.2,23.0,89,1010.6,100,17.5,19.2,202.0,7.2,101.0,11.8
2025-12-11 13:00:00,2025,12,11,13,Đồng Tháp,Xã Tân Phú Trung,10.2545007,105.7361294,58,Moderate,1,28.2,70,0.0,24.3,98,1010.0,100,18.7,20.1,191.0,7.8,104.0,12.4
2025-12-11 14:00:00,2025,12,11,14,Đồng Tháp,Xã Tân Phú Trung,10.2545007,105.7361294,59,Moderate,1,28.3,74,0.4,17.3,98,1009.2,100,18.7,20.2,188.0,7.4,104.0,11.8
2025-12-11 15:00:00,2025,12,11,15,Đồng Tháp,Xã Tân Phú Trung,10.2545007,105.7361294,60,Moderate,1,28.2,76,0.1,15.4,97,1008.6,100,18.5,20.0,190.0,6.9,101.0,10.7
2025-12-11 16:00:00,2025,12,11,16,Đồng Tháp,Xã Tân Phú Trung,10.2545007,105.7361294,60,Moderate,1,27.8,78,0.3,13.3,100,1008.6,100,17.8,19.7,194.0,7.7,94.0,10.2
2025-12-11 17:00:00,2025,12,11,17,Đồng Tháp,Xã Tân Phú Trung,10.2545007,105.7361294,61,Moderate,1,27.4,76,0.0,16.8,105,1009.0,96,19.1,21.0,202.0,11.3,82.0,11.2
2025-12-11 18:00:00,2025,12,11,18,Đồng Tháp,Xã Tân Phú Trung,10.2545007,105.7361294,61,Moderate,1,26.3,78,0.0,15.3,107,1009.4,38,22.6,24.9,212.0,16.3,66.0,12.9
2025-12-11 19:00:00,2025,12,11,19,Đồng Tháp,Xã Tân Phú Trung,10.2545007,105.7361294,61,Moderate,1,26.4,80,0.0,15.0,108,1010.0,98,17.5,19.2,218.0,13.9,53.0,10.2
2025-12-11 20:00:00,2025,12,11,20,Đồng Tháp,Xã Tân Phú Trung,10.2545007,105.7361294,61,Moderate,1,26.1,81,0.0,15.4,108,1011.0,100,18.3,20.0,216.0,13.9,51.0,10.2
2025-12-11 21:00:00,2025,12,11,21,Đồng Tháp,Xã Tân Phú Trung,10.2545007,105.7361294,60,Moderate,1,26.0,79,0.0,15.2,107,1011.2,100,17.8,19.5,209.0,14.0,48.0,10.1
2025-12-11 22:00:00,2025,12,11,22,Đồng Tháp,Xã Tân Phú Trung,10.2545007,105.7361294,60,Moderate,1,25.8,76,0.0,13.9,107,1011.0,100,17.3,19.0,200.0,14.1,45.0,9.9
2025-12-11 23:00:00,2025,12,11,23,Đồng Tháp,Xã Tân Phú Trung,10.2545007,105.7361294,60,Moderate,1,25.5,77,0.0,13.1,105,1010.8,100,17.5,19.2,188.0,14.4,42.0,9.4
2025-12-12 00:00:00,2025,12,12,0,Đồng Tháp,Xã Tân Phú Trung,10.2545007,105.7361294,60,Moderate,1,25.3,79,0.0,13.6,102,1010.5,100,18.6,20.3,173.0,14.8,39.0,8.8
2025-12-12 01:00:00,2025,12,12,1,Đồng Tháp,Xã Tân Phú Trung,10.2545007,105.7361294,60,Moderate,1,25.3,85,0.0,15.1,102,1010.2,99,18.8,20.5,162.0,15.1,37.0,8.4
2025-12-12 02:00:00,2025,12,12,2,Đồng Tháp,Xã Tân Phú Trung,10.2545007,105.7361294,61,Moderate,1,25.4,85,0.0,14.4,99,1009.5,98,17.2,18.9,151.0,14.9,36.0,8.0
2025-12-12 03:00:00,2025,12,12,3,Đồng Tháp,Xã Tân Phú Trung,10.2545007,105.7361294,61,Moderate,1,25.2,85,0.0,14.0,99,1009.2,100,15.9,17.5,143.0,14.6,36.0,7.8
2025-12-12 04:00:00,2025,12,12,4,Đồng Tháp,Xã Tân Phú Trung,10.2545007,105.7361294,62,Moderate,1,25.1,84,0.0,14.0,97,1009.1,100,15.8,17.3,153.0,15.0,35.0,8.4
2025-12-12 05:00:00,2025,12,12,5,Đồng Tháp,Xã Tân Phú Trung,10.2545007,105.7361294,62,Moderate,1,25.0,84,0.0,12.1,94,1009.2,100,17.2,18.7,193.0,17.2,29.0,10.3
2025-12-12 06:00:00,2025,12,12,6,Đồng Tháp,Xã Tân Phú Trung,10.2545007,105.7361294,62,Moderate,1,24.6,85,0.0,9.8,96,1009.9,100,20.5,22.1,251.0,20.1,23.0,13.0
2025-12-12 07:00:00,2025,12,12,7,Đồng Tháp,Xã Tân Phú Trung,10.2545007,105.7361294,63,Moderate,1,25.7,86,0.0,11.2,85,1010.6,100,19.7,20.9,304.0,17.9,27.0,13.0
2025-12-12 08:00:00,2025,12,12,8,Đồng Tháp,Xã Tân Phú Trung,10.2545007,105.7361294,63,Moderate,1,27.0,81,0.0,10.7,57,1011.8,100,18.4,20.0,351.0,16.6,33.0,14.3
2025-12-12 09:00:00,2025,12,12,9,Đồng Tháp,Xã Tân Phú Trung,10.2545007,105.7361294,63,Moderate,1,27.8,76,0.0,14.0,66,1012.0,100,17.7,19.9,392.0,14.8,42.0,16.0
2025-12-12 10:00:00,2025,12,12,10,Đồng Tháp,Xã Tân Phú Trung,10.2545007,105.7361294,63,Moderate,1,28.8,71,0.0,17.1,73,1011.8,100,17.8,20.7,407.0,12.6,55.0,16.7
2025-12-12 11:00:00,2025,12,12,11,Đồng Tháp,Xã Tân Phú Trung,10.2545007,105.7361294,63,Moderate,1,29.7,65,0.0,15.5,72,1011.3,100,17.4,19.8,376.0,9.6,77.0,15.4
2025-12-12 12:00:00,2025,12,12,12,Đồng Tháp,Xã Tân Phú Trung,10.2545007,105.7361294,63,Moderate,1,30.4,61,0.0,13.8,77,1010.3,100,17.5,18.7,318.0,6.3,102.0,13.0
2025-12-12 13:00:00,2025,12,12,13,Đồng Tháp,Xã Tân Phú Trung,10.2545007,105.7361294,63,Moderate,1,30.5,59,0.0,13.7,85,1009.4,100,19.4,20.6,269.0,4.1,121.0,11.2
2025-12-12 14:00:00,2025,12,12,14,Đồng Tháp,Xã Tân Phú Trung,10.2545007,105.7361294,63,Moderate,1,30.5,59,0.0,11.4,87,1008.4,100,20.2,21.4,235.0,3.1,129.0,10.4
2025-12-12 15:00:00,2025,12,12,15,Đồng Tháp,Xã Tân Phú Trung,10.2545007,105.7361294,63,Moderate,1,30.6,58,0.0,11.2,94,1007.8,100,20.8,22.0,209.0,3.2,130.0,10.1
2025-12-12 16:00:00,2025,12,12,16,Đồng Tháp,Xã Tân Phú Trung,10.2545007,105.7361294,64,Moderate,1,29.8,63,0.0,12.3,100,1008.0,99,20.6,21.8,205.0,5.2,124.0,10.5
2025-12-12 17:00:00,2025,12,12,17,Đồng Tháp,Xã Tân Phú Trung,10.2545007,105.7361294,64,Moderate,1,28.5,70,0.0,9.2,101,1008.4,100,23.6,24.6,241.0,10.5,106.0,12.1
2025-12-12 18:00:00,2025,12,12,18,Đồng Tháp,Xã Tân Phú Trung,10.2545007,105.7361294,64,Moderate,1,26.8,76,0.0,7.3,97,1008.9,99,29.0,29.9,298.0,17.7,79.0,14.4
2025-12-12 19:00:00,2025,12,12,19,Đồng Tháp,Xã Tân Phú Trung,10.2545007,105.7361294,65,Moderate,1,26.1,80,0.0,8.0,117,1009.8,100,28.2,30.0,336.0,21.0,51.0,14.2
2025-12-12 20:00:00,2025,12,12,20,Đồng Tháp,Xã Tân Phú Trung,10.2545007,105.7361294,66,Moderate,1,25.9,83,0.0,10.4,113,1010.4,100,29.6,31.3,335.0,21.8,47.0,14.8
2025-12-12 21:00:00,2025,12,12,21,Đồng Tháp,Xã Tân Phú Trung,10.2545007,105.7361294,67,Moderate,1,25.5,86,0.0,9.1,108,1011.2,100,30.5,32.4,315.0,22.9,41.0,15.6
2025-12-12 22:00:00,2025,12,12,22,Đồng Tháp,Xã Tân Phú Trung,10.2545007,105.7361294,68,Moderate,1,25.1,88,0.0,9.6,104,1010.8,100,30.7,32.6,295.0,23.8,36.0,16.0
2025-12-12 23:00:00,2025,12,12,23,Đồng Tháp,Xã Tân Phú Trung,10.2545007,105.7361294,69,Moderate,1,24.9,88,0.0,8.1,93,1010.8,100,30.7,32.7,279.0,24.3,33.0,15.5
2025-12-13 00:00:00,2025,12,13,0,Đồng Tháp,Xã Tân Phú Trung,10.2545007,105.7361294,70,Moderate,1,24.4,91,0.0,5.9,108,1010.6,100,31.2,33.3,263.0,24.7,31.0,14.5
2025-12-13 01:00:00,2025,12,13,1,Đồng Tháp,Xã Tân Phú Trung,10.2545007,105.7361294,71,Moderate,1,24.0,93,0.0,4.8,127,1010.2,100,32.4,34.5,252.0,25.2,29.0,13.8
2025-12-13 02:00:00,2025,12,13,2,Đồng Tháp,Xã Tân Phú Trung,10.2545007,105.7361294,73,Moderate,1,24.2,93,0.0,4.6,132,1009.4,100,33.5,35.6,246.0,25.8,27.0,13.5
2025-12-13 03:00:00,2025,12,13,3,Đồng Tháp,Xã Tân Phú Trung,10.2545007,105.7361294,74,Moderate,1,23.9,95,0.0,4.4,150,1009.0,100,34.8,37.0,245.0,26.5,26.0,13.4
2025-12-13 04:00:00,2025,12,13,4,Đồng Tháp,Xã Tân Phú Trung,10.2545007,105.7361294,76,Moderate,1,23.5,95,0.0,3.9,156,1009.2,100,36.6,38.9,259.0,27.3,25.0,14.1
2025-12-13 05:00:00,2025,12,13,5,Đồng Tháp,Xã Tân Phú Trung,10.2545007,105.7361294,77,Moderate,1,23.5,95,0.0,2.8,130,1009.3,100,39.8,42.5,306.0,29.1,23.0,16.3
2025-12-13 06:00:00,2025,12,13,6,Đồng Tháp,Xã Tân Phú Trung,10.2545007,105.7361294,79,Moderate,1,23.2,96,0.0,2.3,18,1009.7,100,46.0,48.9,367.0,31.0,22.0,19.3
2025-12-13 07:00:00,2025,12,13,7,Đồng Tháp,Xã Tân Phú Trung,10.2545007,105.7361294,82,Moderate,1,24.6,94,0.0,1.5,353,1010.8,99,47.0,50.6,397.0,27.0,27.0,18.2
2025-12-13 08:00:00,2025,12,13,8,Đồng Tháp,Xã Tân Phú Trung,10.2545007,105.7361294,84,Moderate,1,26.5,86,0.0,5.5,71,1011.6,100,35.9,39.9,366.0,23.5,39.0,18.7
2025-12-13 09:00:00,2025,12,13,9,Đồng Tháp,Xã Tân Phú Trung,10.2545007,105.7361294,86,Moderate,1,27.8,82,0.1,5.2,74,1012.1,99,32.9,38.0,305.0,18.5,57.0,19.3
2025-12-13 10:00:00,2025,12,13,10,Đồng Tháp,Xã Tân Phú Trung,10.2545007,105.7361294,87,Moderate,1,28.9,76,0.2,3.7,76,1011.6,98,33.8,39.9,256.0,13.9,77.0,19.0
2025-12-13 11:00:00,2025,12,13,11,Đồng Tháp,Xã Tân Phú Trung,10.2545007,105.7361294,88,Moderate,1,29.7,70,0.1,4.8,79,1010.9,99,31.9,35.6,236.0,9.9,100.0,17.1
2025-12-13 12:00:00,2025,12,13,12,Đồng Tháp,Xã Tân Phú Trung,10.2545007,105.7361294,90,Moderate,1,30.5,66,0.0,6.5,93,1009.9,98,30.4,32.4,230.0,6.2,126.0,14.4
2025-12-13 13:00:00,2025,12,13,13,Đồng Tháp,Xã Tân Phú Trung,10.2545007,105.7361294,91,Moderate,1,30.5,69,0.1,11.0,113,1008.9,95,28.7,30.4,230.0,3.8,143.0,12.3
2025-12-13 14:00:00,2025,12,13,14,Đồng Tháp,Xã Tân Phú Trung,10.2545007,105.7361294,92,Moderate,1,30.6,67,0.2,11.9,108,1008.0,68,26.7,28.3,235.0,2.8,149.0,11.2
2025-12-13 15:00:00,2025,12,13,15,Đồng Tháp,Xã Tân Phú Trung,10.2545007,105.7361294,92,Moderate,1,30.8,62,0.0,10.4,101,1007.5,89,25.4,27.0,247.0,3.0,147.0,10.7
2025-12-13 16:00:00,2025,12,13,16,Đồng Tháp,Xã Tân Phú Trung,10.2545007,105.7361294,93,Moderate,1,30.5,63,0.0,9.3,99,1007.2,91,25.4,26.8,267.0,5.1,139.0,11.0
2025-12-13 17:00:00,2025,12,13,17,Đồng Tháp,Xã Tân Phú Trung,10.2545007,105.7361294,93,Moderate,1,29.2,72,0.1,6.3,114,1007.7,90,31.3,32.5,293.0,10.2,121.0,12.3
2025-12-13 18:00:00,2025,12,13,18,Đồng Tháp,Xã Tân Phú Trung,10.2545007,105.7361294,94,Moderate,1,27.3,83,0.0,2.7,86,1008.4,84,43.4,44.6,327.0,17.2,97.0,14.4
2025-12-13 19:00:00,2025,12,13,19,Đồng Tháp,Xã Tân Phú Trung,10.2545007,105.7361294,95,Moderate,1,25.6,88,0.0,4.2,313,1009.6,90,45.5,46.8,379.0,25.7,73.0,18.3
2025-12-13 20:00:00,2025,12,13,20,Đồng Tháp,Xã Tân Phú Trung,10.2545007,105.7361294,97,Moderate,1,25.4,88,0.1,4.4,322,1010.2,99,43.0,43.8,485.0,24.0,77.0,18.9
2025-12-13 21:00:00,2025,12,13,21,Đồng Tháp,Xã Tân Phú Trung,10.2545007,105.7361294,98,Moderate,1,24.0,93,5.0,4.3,88,1011.2,100,37.3,38.0,609.0,21.7,81.0,19.8
2025-12-13 22:00:00,2025,12,13,22,Đồng Tháp,Xã Tân Phú Trung,10.2545007,105.7361294,98,Moderate,1,23.9,93,0.1,13.0,123,1011.7,100,46.2,46.9,657.0,21.3,83.0,21.1
2025-12-13 23:00:00,2025,12,13,23,Đồng Tháp,Xã Tân Phú Trung,10.2545007,105.7361294,100,Moderate,1,24.0,93,0.0,5.1,113,1011.6,100,55.3,56.1,557.0,24.7,78.0,23.5
2025-12-14 00:00:00,2025,12,14,0,Đồng Tháp,Xã Tân Phú Trung,10.2545007,105.7361294,102,Unhealthy for Sensitive Groups,2,23.7,94,0.1,6.4,170,1011.5,100,62.2,63.1,381.0,29.9,71.0,26.4
2025-12-14 01:00:00,2025,12,14,1,Đồng Tháp,Xã Tân Phú Trung,10.2545007,105.7361294,106,Unhealthy for Sensitive Groups,2,24.5,94,0.1,0.9,360,1010.2,80,68.7,69.8,253.0,32.9,64.0,27.9
2025-12-14 02:00:00,2025,12,14,2,Đồng Tháp,Xã Tân Phú Trung,10.2545007,105.7361294,109,Unhealthy for Sensitive Groups,2,24.2,96,0.0,4.2,313,1009.5,78,76.1,77.8,226.0,31.9,60.0,27.3
2025-12-14 03:00:00,2025,12,14,3,Đồng Tháp,Xã Tân Phú Trung,10.2545007,105.7361294,114,Unhealthy for Sensitive Groups,2,24.0,96,0.0,4.5,323,1009.2,92,75.4,76.1,246.0,28.6,57.0,25.4
2025-12-14 04:00:00,2025,12,14,4,Đồng Tháp,Xã Tân Phú Trung,10.2545007,105.7361294,118,Unhealthy for Sensitive Groups,2,24.1,96,0.0,6.1,332,1009.1,92,62.9,63.3,274.0,25.0,54.0,22.9
2025-12-14 05:00:00,2025,12,14,5,Đồng Tháp,Xã Tân Phú Trung,10.2545007,105.7361294,121,Unhealthy for Sensitive Groups,2,24.1,96,0.0,6.9,343,1009.3,100,51.3,51.8,307.0,21.2,48.0,19.5
2025-12-14 06:00:00,2025,12,14,6,Đồng Tháp,Xã Tân Phú Trung,10.2545007,105.7361294,122,Unhealthy for Sensitive Groups,2,24.0,94,0.0,9.7,348,1009.8,96,40.4,40.9,347.0,17.1,43.0,15.4
2025-12-14 07:00:00,2025,12,14,7,Đồng Tháp,Xã Tân Phú Trung,10.2545007,105.7361294,121,Unhealthy for Sensitive Groups,2,25.0,93,0.0,9.0,359,1010.9,12,31.3,31.8,361.0,13.4,47.0,10.4
2025-12-14 08:00:00,2025,12,14,8,Đồng Tháp,Xã Tân Phú Trung,10.2545007,105.7361294,120,Unhealthy for Sensitive Groups,2,26.1,85,0.0,9.1,22,1012.0,58,21.0,21.5,326.0,10.6,57.0,9.3
2025-12-14 09:00:00,2025,12,14,9,Đồng Tháp,Xã Tân Phú Trung,10.2545007,105.7361294,118,Unhealthy for Sensitive Groups,2,27.4,77,0.0,8.8,41,1012.2,100,14.2,14.7,265.0,6.7,72.0,7.7
2025-12-14 10:00:00,2025,12,14,10,Đồng Tháp,Xã Tân Phú Trung,10.2545007,105.7361294,116,Unhealthy for Sensitive Groups,2,28.5,72,0.0,8.0,46,1011.7,96,11.8,12.3,218.0,3.8,85.0,6.6
2025-12-14 11:00:00,2025,12,14,11,Đồng Tháp,Xã Tân Phú Trung,10.2545007,105.7361294,114,Unhealthy for Sensitive Groups,2,29.5,70,0.0,7.5,48,1011.2,41,11.4,11.9,199.0,2.6,96.0,6.3
2025-12-14 12:00:00,2025,12,14,12,Đồng Tháp,Xã Tân Phú Trung,10.2545007,105.7361294,112,Unhealthy for Sensitive Groups,2,30.4,65,0.1,8.0,50,1010.2,52,11.7,12.3,194.0,2.4,107.0,6.4
2025-12-14 13:00:00,2025,12,14,13,Đồng Tháp,Xã Tân Phú Trung,10.2545007,105.7361294,110,Unhealthy for Sensitive Groups,2,30.0,64,0.0,10.8,66,1009.4,100,12.4,13.0,195.0,2.5,114.0,6.6
2025-12-14 14:00:00,2025,12,14,14,Đồng Tháp,Xã Tân Phú Trung,10.2545007,105.7361294,108,Unhealthy for Sensitive Groups,2,30.1,66,0.0,8.4,65,1008.8,100,13.2,13.9,191.0,2.4,118.0,6.6
2025-12-14 15:00:00,2025,12,14,15,Đồng Tháp,Xã Tân Phú Trung,10.2545007,105.7361294,107,Unhealthy for Sensitive Groups,2,29.8,67,0.1,5.3,57,1008.2,100,13.5,14.2,193.0,2.7,119.0,6.6
2025-12-14 16:00:00,2025,12,14,16,Đồng Tháp,Xã Tân Phú Trung,10.2545007,105.7361294,106,Unhealthy for Sensitive Groups,2,27.6,78,2.1,8.0,50,1008.4,100,14.2,14.8,228.0,4.2,115.0,7.3
2025-12-14 17:00:00,2025,12,14,17,Đồng Tháp,Xã Tân Phú Trung,10.2545007,105.7361294,104,Unhealthy for Sensitive Groups,2,27.1,81,0.0,2.7,37,1008.5,100,18.7,19.1,336.0,7.6,105.0,8.8
2025-12-14 18:00:00,2025,12,14,18,Đồng Tháp,Xã Tân Phú Trung,10.2545007,105.7361294,103,Unhealthy for Sensitive Groups,2,26.2,88,0.0,1.1,9,1008.8,99,24.4,24.8,477.0,12.1,90.0,10.8
2025-12-14 19:00:00,2025,12,14,19,Đồng Tháp,Xã Tân Phú Trung,10.2545007,105.7361294,101,Unhealthy for Sensitive Groups,2,25.4,90,0.0,3.6,93,1009.6,100,39.0,40.0,563.0,27.9,43.0,16.3
2025-12-14 20:00:00,2025,12,14,20,Đồng Tháp,Xã Tân Phú Trung,10.2545007,105.7361294,100,Moderate,1,25.5,87,0.0,7.4,93,1010.4,100,45.5,46.6,539.0,27.5,43.0,17.3
2025-12-14 21:00:00,2025,12,14,21,Đồng Tháp,Xã Tân Phú Trung,10.2545007,105.7361294,101,Unhealthy for Sensitive Groups,2,25.2,88,0.0,6.5,109,1010.6,100,45.8,46.7,460.0,27.0,44.0,18.6
2025-12-14 22:00:00,2025,12,14,22,Đồng Tháp,Xã Tân Phú Trung,10.2545007,105.7361294,102,Unhealthy for Sensitive Groups,2,24.9,89,0.0,6.1,124,1010.5,100,46.3,47.1,398.0,26.8,44.0,19.6
2025-12-14 23:00:00,2025,12,14,23,Đồng Tháp,Xã Tân Phú Trung,10.2545007,105.7361294,102,Unhealthy for Sensitive Groups,2,24.7,91,0.0,5.6,115,1010.9,100,46.7,48.4,382.0,27.5,43.0,20.2
2025-12-15 00:00:00,2025,12,15,0,Đồng Tháp,Xã Tân Phú Trung,10.2545007,105.7361294,101,Unhealthy for Sensitive Groups,2,24.5,92,0.0,5.0,88,1011.1,100,48.0,50.6,384.0,28.6,42.0,20.4
2025-12-15 01:00:00,2025,12,15,1,Đồng Tháp,Xã Tân Phú Trung,10.2545007,105.7361294,99,Moderate,1,25.0,91,0.0,6.5,92,1010.6,97,49.2,52.3,388.0,28.9,40.0,20.3
2025-12-15 02:00:00,2025,12,15,2,Đồng Tháp,Xã Tân Phú Trung,10.2545007,105.7361294,98,Moderate,1,25.0,90,0.0,6.7,74,1010.1,100,48.3,51.2,393.0,28.0,37.0,19.6
2025-12-15 03:00:00,2025,12,15,3,Đồng Tháp,Xã Tân Phú Trung,10.2545007,105.7361294,95,Moderate,1,24.5,92,0.0,5.0,60,1009.9,100,44.8,47.4,401.0,26.4,34.0,18.5
2025-12-15 04:00:00,2025,12,15,4,Đồng Tháp,Xã Tân Phú Trung,10.2545007,105.7361294,92,Moderate,1,24.0,94,0.0,3.8,49,1009.7,100,39.3,41.2,398.0,24.3,33.0,17.2
2025-12-15 05:00:00,2025,12,15,5,Đồng Tháp,Xã Tân Phú Trung,10.2545007,105.7361294,90,Moderate,1,23.8,96,0.0,4.3,17,1010.3,100,32.7,33.6,377.0,21.8,34.0,15.8
2025-12-15 06:00:00,2025,12,15,6,Đồng Tháp,Xã Tân Phú Trung,10.2545007,105.7361294,89,Moderate,1,23.4,97,0.0,4.0,10,1010.6,100,26.7,27.1,346.0,18.8,37.0,14.1
2025-12-15 07:00:00,2025,12,15,7,Đồng Tháp,Xã Tân Phú Trung,10.2545007,105.7361294,87,Moderate,1,23.8,87,0.0,8.2,15,1011.2,100,37.4,39.6,319.0,25.2,35.0,15.4
2025-12-15 08:00:00,2025,12,15,8,Đồng Tháp,Xã Tân Phú Trung,10.2545007,105.7361294,88,Moderate,1,25.2,82,0.0,8.1,24,1012.3,99,31.1,32.9,300.0,20.2,51.0,14.3
2025-12-15 09:00:00,2025,12,15,9,Đồng Tháp,Xã Tân Phú Trung,10.2545007,105.7361294,89,Moderate,1,26.8,74,0.0,9.2,35,1012.7,100,24.3,25.6,285.0,13.3,74.0,12.7
2025-12-15 10:00:00,2025,12,15,10,Đồng Tháp,Xã Tân Phú Trung,10.2545007,105.7361294,90,Moderate,1,27.9,69,0.0,8.2,58,1012.7,100,19.6,20.5,275.0,7.8,93.0,11.2
2025-12-15 11:00:00,2025,12,15,11,Đồng Tháp,Xã Tân Phú Trung,10.2545007,105.7361294,90,Moderate,1,28.8,68,0.0,6.8,50,1012.6,100,17.7,18.5,274.0,5.0,107.0,9.9
2025-12-15 12:00:00,2025,12,15,12,Đồng Tháp,Xã Tân Phú Trung,10.2545007,105.7361294,91,Moderate,1,29.5,66,0.0,5.8,39,1011.4,100,16.9,17.8,278.0,3.7,117.0,8.7
2025-12-15 13:00:00,2025,12,15,13,Đồng Tháp,Xã Tân Phú Trung,10.2545007,105.7361294,91,Moderate,1,30.0,62,0.0,5.4,48,1010.0,100,16.6,17.6,283.0,3.1,124.0,8.0
2025-12-15 14:00:00,2025,12,15,14,Đồng Tháp,Xã Tân Phú Trung,10.2545007,105.7361294,92,Moderate,1,30.1,62,0.0,5.2,65,1009.2,100,17.3,18.5,264.0,2.4,127.0,7.8
2025-12-15 15:00:00,2025,12,15,15,Đồng Tháp,Xã Tân Phú Trung,10.2545007,105.7361294,92,Moderate,1,29.9,62,0.0,5.6,83,1009.1,100,18.2,19.3,245.0,2.4,127.0,8.1
2025-12-15 16:00:00,2025,12,15,16,Đồng Tháp,Xã Tân Phú Trung,10.2545007,105.7361294,93,Moderate,1,29.5,64,0.0,4.3,57,1008.9,100,19.2,20.3,296.0,5.6,120.0,9.8
2025-12-15 17:00:00,2025,12,15,17,Đồng Tháp,Xã Tân Phú Trung,10.2545007,105.7361294,93,Moderate,1,28.5,74,0.0,3.8,5,1009.1,100,25.9,26.7,502.0,14.7,102.0,13.9
2025-12-15 18:00:00,2025,12,15,18,Đồng Tháp,Xã Tân Phú Trung,10.2545007,105.7361294,94,Moderate,1,27.0,79,0.0,4.2,10,1009.7,99,39.7,40.5,778.0,27.0,77.0,19.2
2025-12-15 19:00:00,2025,12,15,19,Đồng Tháp,Xã Tân Phú Trung,10.2545007,105.7361294,95,Moderate,1,27.0,78,0.0,1.5,291,1011.0,100,28.1,28.6,939.0,23.6,54.0,14.5
2025-12-15 20:00:00,2025,12,15,20,Đồng Tháp,Xã Tân Phú Trung,10.2545007,105.7361294,94,Moderate,1,27.0,78,0.0,0.4,297,1011.6,100,48.1,49.2,877.0,29.6,45.0,18.5
2025-12-15 21:00:00,2025,12,15,21,Đồng Tháp,Xã Tân Phú Trung,10.2545007,105.7361294,94,Moderate,1,25.6,84,0.0,4.5,164,1012.2,100,61.5,62.9,701.0,37.7,33.0,23.8
2025-12-15 22:00:00,2025,12,15,22,Đồng Tháp,Xã Tân Phú Trung,10.2545007,105.7361294,96,Moderate,1,24.8,91,0.0,6.9,137,1012.2,100,64.7,66.1,548.0,42.8,24.0,26.9
2025-12-15 23:00:00,2025,12,15,23,Đồng Tháp,Xã Tân Phú Trung,10.2545007,105.7361294,97,Moderate,1,24.2,93,0.0,7.7,131,1011.9,100,59.8,61.5,467.0,41.8,22.0,25.5
2025-12-16 00:00:00,2025,12,16,0,Đồng Tháp,Xã Tân Phú Trung,10.2545007,105.7361294,99,Moderate,1,24.1,94,0.0,7.5,125,1011.6,100,56.1,57.9,409.0,37.8,24.0,21.8
2025-12-16 01:00:00,2025,12,16,1,Đồng Tháp,Xã Tân Phú Trung,10.2545007,105.7361294,99,Moderate,1,24.0,96,0.0,4.9,123,1011.4,100,54.8,56.9,371.0,34.8,25.0,19.2
2025-12-16 02:00:00,2025,12,16,2,Đồng Tháp,Xã Tân Phú Trung,10.2545007,105.7361294,100,Moderate,1,24.2,96,0.0,5.0,120,1010.8,100,54.1,56.7,353.0,34.9,24.0,19.3
2025-12-16 03:00:00,2025,12,16,3,Đồng Tháp,Xã Tân Phú Trung,10.2545007,105.7361294,100,Moderate,1,24.1,96,0.0,5.5,117,1010.3,100,56.3,59.1,354.0,35.9,23.0,20.4
2025-12-16 04:00:00,2025,12,16,4,Đồng Tháp,Xã Tân Phú Trung,10.2545007,105.7361294,101,Unhealthy for Sensitive Groups,2,23.9,96,0.0,4.5,92,1009.8,100,55.4,58.4,366.0,36.0,23.0,21.0
2025-12-16 05:00:00,2025,12,16,5,Đồng Tháp,Xã Tân Phú Trung,10.2545007,105.7361294,103,Unhealthy for Sensitive Groups,2,23.8,97,0.0,4.8,27,1010.0,100,56.5,59.4,400.0,34.2,22.0,20.3
2025-12-16 06:00:00,2025,12,16,6,Đồng Tháp,Xã Tân Phú Trung,10.2545007,105.7361294,106,Unhealthy for Sensitive Groups,2,23.6,98,0.0,4.8,37,1010.2,99,52.0,54.5,445.0,31.4,21.0,19.1
2025-12-16 07:00:00,2025,12,16,7,Đồng Tháp,Xã Tân Phú Trung,10.2545007,105.7361294,108,Unhealthy for Sensitive Groups,2,24.5,97,0.0,8.0,18,1010.5,70,37.6,40.0,466.0,28.4,28.0,18.1
2025-12-16 08:00:00,2025,12,16,8,Đồng Tháp,Xã Tân Phú Trung,10.2545007,105.7361294,108,Unhealthy for Sensitive Groups,2,26.2,87,0.0,9.1,32,1011.4,80,30.2,32.8,439.0,25.6,43.0,20.2
2025-12-16 09:00:00,2025,12,16,9,Đồng Tháp,Xã Tân Phú Trung,10.2545007,105.7361294,108,Unhealthy for Sensitive Groups,2,27.5,79,0.0,8.6,30,1011.9,94,29.5,30.9,389.0,21.6,64.0,22.9
2025-12-16 10:00:00,2025,12,16,10,Đồng Tháp,Xã Tân Phú Trung,10.2545007,105.7361294,109,Unhealthy for Sensitive Groups,2,28.6,72,0.0,8.7,48,1011.8,81,29.0,29.9,347.0,17.4,86.0,23.8
2025-12-16 11:00:00,2025,12,16,11,Đồng Tháp,Xã Tân Phú Trung,10.2545007,105.7361294,110,Unhealthy for Sensitive Groups,2,29.4,69,0.0,8.4,65,1011.3,16,27.9,28.8,327.0,12.6,111.0,21.0
2025-12-16 12:00:00,2025,12,16,12,Đồng Tháp,Xã Tân Phú Trung,10.2545007,105.7361294,111,Unhealthy for Sensitive Groups,2,30.1,65,0.0,7.6,76,1010.6,11,26.0,27.0,315.0,7.6,138.0,16.4
2025-12-16 13:00:00,2025,12,16,13,Đồng Tháp,Xã Tân Phú Trung,10.2545007,105.7361294,112,Unhealthy for Sensitive Groups,2,30.2,64,0.0,6.2,73,1009.8,20,25.6,26.5,311.0,4.2,157.0,12.9
2025-12-16 14:00:00,2025,12,16,14,Đồng Tháp,Xã Tân Phú Trung,10.2545007,105.7361294,113,Unhealthy for Sensitive Groups,2,30.4,64,0.0,6.6,79,1009.1,15,25.4,26.4,300.0,2.5,166.0,11.4
2025-12-16 15:00:00,2025,12,16,15,Đồng Tháp,Xã Tân Phú Trung,10.2545007,105.7361294,114,Unhealthy for Sensitive Groups,2,30.2,64,0.1,7.0,89,1008.7,18,25.6,26.5,296.0,2.4,167.0,11.0
2025-12-16 16:00:00,2025,12,16,16,Đồng Tháp,Xã Tân Phú Trung,10.2545007,105.7361294,114,Unhealthy for Sensitive Groups,2,29.9,64,0.0,7.7,90,1008.9,22,27.1,28.2,336.0,5.3,160.0,12.1
2025-12-16 17:00:00,2025,12,16,17,Đồng Tháp,Xã Tân Phú Trung,10.2545007,105.7361294,115,Unhealthy for Sensitive Groups,2,29.1,71,0.0,3.7,101,1009.3,12,32.1,32.9,475.0,13.9,139.0,15.8
2025-12-16 18:00:00,2025,12,16,18,Đồng Tháp,Xã Tân Phú Trung,10.2545007,105.7361294,116,Unhealthy for Sensitive Groups,2,27.1,79,0.0,3.4,72,1010.0,45,47.4,48.3,658.0,25.6,109.0,20.9
2025-12-16 19:00:00,2025,12,16,19,Đồng Tháp,Xã Tân Phú Trung,10.2545007,105.7361294,117,Unhealthy for Sensitive Groups,2,25.8,85,0.0,6.5,30,1011.3,88,47.7,48.3,756.0,29.2,75.0,20.2
2025-12-16 20:00:00,2025,12,16,20,Đồng Tháp,Xã Tân Phú Trung,10.2545007,105.7361294,119,Unhealthy for Sensitive Groups,2,25.1,90,0.0,2.6,51,1012.0,91,62.4,62.9,689.0,34.2,63.0,24.1
2025-12-16 21:00:00,2025,12,16,21,Đồng Tháp,Xã Tân Phú Trung,10.2545007,105.7361294,120,Unhealthy for Sensitive Groups,2,24.6,91,0.0,1.6,153,1011.9,100,70.3,71.9,537.0,40.9,47.0,29.3
2025-12-16 22:00:00,2025,12,16,22,Đồng Tháp,Xã Tân Phú Trung,10.2545007,105.7361294,121,Unhealthy for Sensitive Groups,2,24.2,93,0.0,4.3,182,1011.5,99,75.0,78.0,416.0,44.9,35.0,31.8
2025-12-16 23:00:00,2025,12,16,23,Đồng Tháp,Xã Tân Phú Trung,10.2545007,105.7361294,122,Unhealthy for Sensitive Groups,2,23.8,94,0.0,3.4,164,1011.2,100,72.4,74.7,370.0,43.2,30.0,29.0
2025-12-17 00:00:00,2025,12,17,0,Đồng Tháp,Xã Tân Phú Trung,10.2545007,105.7361294,123,Unhealthy for Sensitive Groups,2,23.5,95,0.0,3.4,122,1011.1,100,62.4,64.7,355.0,38.8,29.0,23.5
2025-12-17 01:00:00,2025,12,17,1,Đồng Tháp,Xã Tân Phú Trung,10.2545007,105.7361294,124,Unhealthy for Sensitive Groups,2,23.5,96,0.0,2.4,126,1010.5,100,58.1,60.5,349.0,35.9,27.0,19.6
2025-12-17 02:00:00,2025,12,17,2,Đồng Tháp,Xã Tân Phú Trung,10.2545007,105.7361294,124,Unhealthy for Sensitive Groups,2,23.5,96,0.0,2.4,99,1009.9,100,59.4,62.2,347.0,36.8,23.0,19.2
2025-12-17 03:00:00,2025,12,17,3,Đồng Tháp,Xã Tân Phú Trung,10.2545007,105.7361294,125,Unhealthy for Sensitive Groups,2,23.5,96,0.0,2.0,80,1009.7,100,61.2,64.3,354.0,39.2,20.0,20.4
2025-12-17 04:00:00,2025,12,17,4,Đồng Tháp,Xã Tân Phú Trung,10.2545007,105.7361294,125,Unhealthy for Sensitive Groups,2,23.1,98,0.0,3.8,73,1009.6,31,64.7,68.0,370.0,40.4,18.0,21.6
2025-12-17 05:00:00,2025,12,17,5,Đồng Tháp,Xã Tân Phú Trung,10.2545007,105.7361294,126,Unhealthy for Sensitive Groups,2,23.1,99,0.0,3.4,74,1010.0,100,67.1,70.1,402.0,39.9,16.0,22.6
2025-12-17 06:00:00,2025,12,17,6,Đồng Tháp,Xã Tân Phú Trung,10.2545007,105.7361294,128,Unhealthy for Sensitive Groups,2,23.4,99,0.0,2.9,43,1010.8,100,64.0,67.3,443.0,38.1,16.0,23.5
2025-12-17 07:00:00,2025,12,17,7,Đồng Tháp,Xã Tân Phú Trung,10.2545007,105.7361294,129,Unhealthy for Sensitive Groups,2,24.4,99,0.0,4.1,34,1011.6,100,98.5,101.3,462.0,33.2,23.0,15.2
2025-12-17 08:00:00,2025,12,17,8,Đồng Tháp,Xã Tân Phú Trung,10.2545007,105.7361294,135,Unhealthy for Sensitive Groups,2,25.0,96,0.1,6.1,34,1012.6,100,71.5,73.8,445.0,26.5,48.0,16.2
2025-12-17 09:00:00,2025,12,17,9,Đồng Tháp,Xã Tân Phú Trung,10.2545007,105.7361294,139,Unhealthy for Sensitive Groups,2,27.0,88,0.0,6.0,29,1013.3,100,52.0,54.1,407.0,17.3,84.0,17.5
2025-12-17 10:00:00,2025,12,17,10,Đồng Tháp,Xã Tân Phú Trung,10.2545007,105.7361294,142,Unhealthy for Sensitive Groups,2,28.1,81,0.0,6.4,32,1013.1,100,43.7,45.5,367.0,9.9,115.0,18.0
2025-12-17 11:00:00,2025,12,17,11,Đồng Tháp,Xã Tân Phú Trung,10.2545007,105.7361294,143,Unhealthy for Sensitive Groups,2,29.2,76,0.0,5.9,35,1012.1,46,40.4,42.0,328.0,6.2,137.0,16.7
2025-12-17 12:00:00,2025,12,17,12,Đồng Tháp,Xã Tân Phú Trung,10.2545007,105.7361294,145,Unhealthy for Sensitive Groups,2,30.2,70,0.0,5.8,16,1010.9,100,38.6,40.0,288.0,4.4,156.0,14.6
2025-12-17 13:00:00,2025,12,17,13,Đồng Tháp,Xã Tân Phú Trung,10.2545007,105.7361294,146,Unhealthy for Sensitive Groups,2,30.5,68,0.0,7.3,30,1009.9,94,36.4,37.8,259.0,3.4,168.0,12.9
2025-12-17 14:00:00,2025,12,17,14,Đồng Tháp,Xã Tân Phú Trung,10.2545007,105.7361294,147,Unhealthy for Sensitive Groups,2,30.5,65,0.0,6.9,45,1009.1,100,35.2,36.6,240.0,2.6,175.0,12.1
2025-12-17 15:00:00,2025,12,17,15,Đồng Tháp,Xã Tân Phú Trung,10.2545007,105.7361294,148,Unhealthy for Sensitive Groups,2,29.6,67,0.2,8.1,65,1008.7,100,34.8,36.2,232.0,2.6,177.0,11.9
2025-12-17 16:00:00,2025,12,17,16,Đồng Tháp,Xã Tân Phú Trung,10.2545007,105.7361294,149,Unhealthy for Sensitive Groups,2,28.8,70,0.2,6.0,74,1008.7,95,34.6,35.9,249.0,4.5,170.0,12.3
2025-12-17 17:00:00,2025,12,17,17,Đồng Tháp,Xã Tân Phú Trung,10.2545007,105.7361294,150,Unhealthy for Sensitive Groups,2,27.1,78,0.2,10.5,57,1009.2,40,35.7,36.9,313.0,10.0,148.0,14.1
2025-12-17 18:00:00,2025,12,17,18,Đồng Tháp,Xã Tân Phú Trung,10.2545007,105.7361294,150,Unhealthy for Sensitive Groups,2,25.6,83,0.1,4.0,69,1010.2,82,42.7,43.8,403.0,17.3,118.0,16.6
2025-12-17 19:00:00,2025,12,17,19,Đồng Tháp,Xã Tân Phú Trung,10.2545007,105.7361294,150,Unhealthy for Sensitive Groups,2,25.4,91,0.0,3.1,111,1010.5,6,61.5,62.4,466.0,30.7,77.0,21.7
2025-12-17 20:00:00,2025,12,17,20,Đồng Tháp,Xã Tân Phú Trung,10.2545007,105.7361294,150,Unhealthy for Sensitive Groups,2,25.3,91,0.0,5.9,125,1011.6,9,60.5,61.5,478.0,27.2,75.0,20.1
2025-12-17 21:00:00,2025,12,17,21,Đồng Tháp,Xã Tân Phú Trung,10.2545007,105.7361294,150,Unhealthy for Sensitive Groups,2,25.4,88,0.0,7.7,129,1011.8,3,47.7,48.8,463.0,22.4,73.0,17.9
2025-12-17 22:00:00,2025,12,17,22,Đồng Tháp,Xã Tân Phú Trung,10.2545007,105.7361294,149,Unhealthy for Sensitive Groups,2,25.4,90,0.0,9.1,124,1011.7,4,35.6,37.1,445.0,19.2,68.0,15.9
2025-12-17 23:00:00,2025,12,17,23,Đồng Tháp,Xã Tân Phú Trung,10.2545007,105.7361294,144,Unhealthy for Sensitive Groups,2,25.1,91,0.0,9.5,119,1011.7,11,28.5,30.3,428.0,18.8,60.0,14.2
2025-12-18 00:00:00,2025,12,18,0,Đồng Tháp,Xã Tân Phú Trung,10.2545007,105.7361294,140,Unhealthy for Sensitive Groups,2,25.0,91,0.0,9.1,100,1011.5,23,26.7,28.6,406.0,20.1,51.0,12.8
2025-12-18 01:00:00,2025,12,18,1,Đồng Tháp,Xã Tân Phú Trung,10.2545007,105.7361294,136,Unhealthy for Sensitive Groups,2,23.5,94,0.2,7.8,52,1011.2,99,27.9,30.0,390.0,21.9,43.0,12.4
2025-12-18 02:00:00,2025,12,18,2,Đồng Tháp,Xã Tân Phú Trung,10.2545007,105.7361294,133,Unhealthy for Sensitive Groups,2,23.6,95,0.1,6.4,328,1010.3,100,29.6,31.9,381.0,24.6,38.0,13.6
2025-12-18 03:00:00,2025,12,18,3,Đồng Tháp,Xã Tân Phú Trung,10.2545007,105.7361294,130,Unhealthy for Sensitive Groups,2,23.5,95,0.2,5.6,354,1010.2,100,33.5,36.1,376.0,28.0,34.0,15.8
2025-12-18 04:00:00,2025,12,18,4,Đồng Tháp,Xã Tân Phú Trung,10.2545007,105.7361294,127,Unhealthy for Sensitive Groups,2,23.2,96,0.0,4.7,9,1010.0,100,39.0,41.9,378.0,30.0,32.0,17.6
2025-12-18 05:00:00,2025,12,18,5,Đồng Tháp,Xã Tân Phú Trung,10.2545007,105.7361294,124,Unhealthy for Sensitive Groups,2,22.9,97,0.0,3.1,353,1010.1,98,45.9,49.0,396.0,30.3,28.0,18.7
2025-12-18 06:00:00,2025,12,18,6,Đồng Tháp,Xã Tân Phú Trung,10.2545007,105.7361294,122,Unhealthy for Sensitive Groups,2,22.9,96,0.0,4.2,353,1010.5,70,48.4,51.3,420.0,29.3,25.0,19.5
2025-12-18 07:00:00,2025,12,18,7,Đồng Tháp,Xã Tân Phú Trung,10.2545007,105.7361294,121,Unhealthy for Sensitive Groups,2,24.5,95,0.0,5.8,355,1011.2,100,46.6,49.5,421.0,23.4,32.0,17.5
2025-12-18 08:00:00,2025,12,18,8,Đồng Tháp,Xã Tân Phú Trung,10.2545007,105.7361294,115,Unhealthy for Sensitive Groups,2,25.8,87,0.0,10.8,359,1012.0,100,35.9,38.2,375.0,18.4,48.0,15.7
2025-12-18 09:00:00,2025,12,18,9,Đồng Tháp,Xã Tân Phú Trung,10.2545007,105.7361294,111,Unhealthy for Sensitive Groups,2,26.9,74,0.0,11.3,13,1012.8,100,26.4,27.3,306.0,11.5,71.0,13.3
2025-12-18 10:00:00,2025,12,18,10,Đồng Tháp,Xã Tân Phú Trung,10.2545007,105.7361294,109,Unhealthy for Sensitive Groups,2,27.7,70,0.0,10.1,27,1012.7,100,23.3,24.2,254.0,6.2,90.0,11.0
2025-12-18 11:00:00,2025,12,18,11,Đồng Tháp,Xã Tân Phú Trung,10.2545007,105.7361294,107,Unhealthy for Sensitive Groups,2,28.3,69,0.0,9.3,19,1011.9,98,21.6,22.5,237.0,3.9,103.0,9.2
2025-12-18 12:00:00,2025,12,18,12,Đồng Tháp,Xã Tân Phú Trung,10.2545007,105.7361294,105,Unhealthy for Sensitive Groups,2,29.0,67,0.0,7.1,7,1011.0,100,19.1,20.0,236.0,3.1,113.0,7.6
2025-12-18 13:00:00,2025,12,18,13,Đồng Tháp,Xã Tân Phú Trung,10.2545007,105.7361294,103,Unhealthy for Sensitive Groups,2,29.4,64,0.0,6.1,23,1010.1,38,17.2,18.2,239.0,2.8,119.0,6.5
2025-12-18 14:00:00,2025,12,18,14,Đồng Tháp,Xã Tân Phú Trung,10.2545007,105.7361294,101,Unhealthy for Sensitive Groups,2,29.5,63,0.0,5.6,31,1009.1,57,16.2,17.1,220.0,2.2,121.0,5.8
2025-12-18 15:00:00,2025,12,18,15,Đồng Tháp,Xã Tân Phú Trung,10.2545007,105.7361294,99,Moderate,1,29.4,63,0.0,5.0,15,1008.4,100,15.5,16.4,204.0,2.1,119.0,5.5
2025-12-18 16:00:00,2025,12,18,16,Đồng Tháp,Xã Tân Phú Trung,10.2545007,105.7361294,97,Moderate,1,29.0,66,0.0,3.8,355,1008.4,100,14.8,15.7,254.0,4.4,111.0,6.2
2025-12-18 17:00:00,2025,12,18,17,Đồng Tháp,Xã Tân Phú Trung,10.2545007,105.7361294,95,Moderate,1,28.1,76,0.0,2.3,4,1008.3,100,18.9,19.6,426.0,10.9,93.0,8.4
2025-12-18 18:00:00,2025,12,18,18,Đồng Tháp,Xã Tân Phú Trung,10.2545007,105.7361294,94,Moderate,1,27.4,79,0.0,1.1,18,1008.9,100,28.6,29.8,664.0,19.8,69.0,11.6
2025-12-18 19:00:00,2025,12,18,19,Đồng Tháp,Xã Tân Phú Trung,10.2545007,105.7361294,93,Moderate,1,26.5,83,0.0,4.1,236,1009.7,99,32.0,33.2,862.0,26.4,45.0,13.7
2025-12-18 20:00:00,2025,12,18,20,Đồng Tháp,Xã Tân Phú Trung,10.2545007,105.7361294,90,Moderate,1,26.0,85,0.0,3.4,223,1010.6,100,42.8,44.0,1001.0,32.1,38.0,17.9
2025-12-18 21:00:00,2025,12,18,21,Đồng Tháp,Xã Tân Phú Trung,10.2545007,105.7361294,88,Moderate,1,25.9,86,0.0,2.5,180,1010.9,95,51.7,52.9,1099.0,40.0,28.0,23.7
2025-12-18 22:00:00,2025,12,18,22,Đồng Tháp,Xã Tân Phú Trung,10.2545007,105.7361294,89,Moderate,1,25.0,91,0.0,3.8,155,1010.7,89,63.8,65.2,1105.0,46.4,20.0,27.9
2025-12-18 23:00:00,2025,12,18,23,Đồng Tháp,Xã Tân Phú Trung,10.2545007,105.7361294,91,Moderate,1,24.5,93,0.0,4.4,128,1010.3,99,74.7,76.4,940.0,50.7,15.0,29.5
2025-12-19 00:00:00,2025,12,19,0,Đồng Tháp,Xã Tân Phú Trung,10.2545007,105.7361294,95,Moderate,1,24.1,95,0.0,5.4,82,1010.1,100,78.5,80.1,682.0,53.4,12.0,29.5
2025-12-19 01:00:00,2025,12,19,1,Đồng Tháp,Xã Tân Phú Trung,10.2545007,105.7361294,100,Moderate,1,23.8,96,0.0,0.5,45,1009.6,100,79.6,81.3,514.0,53.3,11.0,28.3
2025-12-19 02:00:00,2025,12,19,2,Đồng Tháp,Xã Tân Phú Trung,10.2545007,105.7361294,105,Unhealthy for Sensitive Groups,2,23.6,97,0.0,1.2,321,1009.1,100,76.6,78.2,548.0,48.7,12.0,25.2
2025-12-19 03:00:00,2025,12,19,3,Đồng Tháp,Xã Tân Phú Trung,10.2545007,105.7361294,110,Unhealthy for Sensitive Groups,2,23.7,98,0.0,6.1,348,1008.5,98,62.2,63.6,672.0,41.2,14.0,20.9
2025-12-19 04:00:00,2025,12,19,4,Đồng Tháp,Xã Tân Phú Trung,10.2545007,105.7361294,113,Unhealthy for Sensitive Groups,2,23.5,96,0.0,9.9,2,1008.4,91,48.8,49.7,732.0,33.7,18.0,17.2
2025-12-19 05:00:00,2025,12,19,5,Đồng Tháp,Xã Tân Phú Trung,10.2545007,105.7361294,114,Unhealthy for Sensitive Groups,2,23.2,86,0.0,10.4,9,1008.7,70,38.1,38.8,645.0,27.0,23.0,14.7
2025-12-19 06:00:00,2025,12,19,6,Đồng Tháp,Xã Tân Phú Trung,10.2545007,105.7361294,113,Unhealthy for Sensitive Groups,2,22.9,83,0.0,9.2,11,1009.2,91,29.0,29.6,494.0,20.3,30.0,12.9
2025-12-19 07:00:00,2025,12,19,7,Đồng Tháp,Xã Tân Phú Trung,10.2545007,105.7361294,111,Unhealthy for Sensitive Groups,2,24.0,82,0.0,8.5,25,1009.8,89,20.3,20.7,372.0,20.7,38.0,11.5
2025-12-19 08:00:00,2025,12,19,8,Đồng Tháp,Xã Tân Phú Trung,10.2545007,105.7361294,109,Unhealthy for Sensitive Groups,2,25.5,76,0.0,7.2,14,1010.8,34,17.1,17.9,316.0,17.7,56.0,13.4
2025-12-19 09:00:00,2025,12,19,9,Đồng Tháp,Xã Tân Phú Trung,10.2545007,105.7361294,107,Unhealthy for Sensitive Groups,2,26.6,73,0.0,8.5,7,1011.1,57,15.4,16.4,288.0,13.4,81.0,15.9
2025-12-19 10:00:00,2025,12,19,10,Đồng Tháp,Xã Tân Phú Trung,10.2545007,105.7361294,106,Unhealthy for Sensitive Groups,2,27.6,72,0.0,7.6,5,1011.1,92,15.7,15.9,269.0,9.6,103.0,17.0
2025-12-19 11:00:00,2025,12,19,11,Đồng Tháp,Xã Tân Phú Trung,10.2545007,105.7361294,105,Unhealthy for Sensitive Groups,2,28.5,71,0.0,5.7,9,1011.0,89,16.6,16.9,253.0,6.8,120.0,15.2
2025-12-19 12:00:00,2025,12,19,12,Đồng Tháp,Xã Tân Phú Trung,10.2545007,105.7361294,104,Unhealthy for Sensitive Groups,2,29.5,68,0.0,4.6,13,1009.8,92,15.5,15.7,246.0,4.5,133.0,11.9
2025-12-19 13:00:00,2025,12,19,13,Đồng Tháp,Xã Tân Phú Trung,10.2545007,105.7361294,104,Unhealthy for Sensitive Groups,2,30.0,62,0.0,3.7,23,1008.7,100,13.8,14.0,242.0,3.1,141.0,9.2
2025-12-19 14:00:00,2025,12,19,14,Đồng Tháp,Xã Tân Phú Trung,10.2545007,105.7361294,104,Unhealthy for Sensitive Groups,2,30.1,62,0.0,3.1,13,1007.6,97,13.0,13.2,222.0,1.7,141.0,7.4
2025-12-19 15:00:00,2025,12,19,15,Đồng Tháp,Xã Tân Phú Trung,10.2545007,105.7361294,103,Unhealthy for Sensitive Groups,2,30.2,61,0.0,2.8,27,1007.1,95,12.2,12.5,205.0,1.2,135.0,6.3
2025-12-19 16:00:00,2025,12,19,16,Đồng Tháp,Xã Tân Phú Trung,10.2545007,105.7361294,103,Unhealthy for Sensitive Groups,2,29.9,62,0.0,2.0,45,1007.0,96,11.8,12.1,250.0,4.1,124.0,7.1
2025-12-19 17:00:00,2025,12,19,17,Đồng Tháp,Xã Tân Phú Trung,10.2545007,105.7361294,103,Unhealthy for Sensitive Groups,2,29.3,67,0.0,1.5,97,1007.1,95,15.3,15.5,421.0,13.8,106.0,11.3
2025-12-19 18:00:00,2025,12,19,18,Đồng Tháp,Xã Tân Phú Trung,10.2545007,105.7361294,102,Unhealthy for Sensitive Groups,2,27.8,74,0.0,1.8,127,1007.9,98,31.3,31.9,653.0,27.0,82.0,17.5
2025-12-19 19:00:00,2025,12,19,19,Đồng Tháp,Xã Tân Phú Trung,10.2545007,105.7361294,102,Unhealthy for Sensitive Groups,2,27.3,80,0.0,1.2,141,1008.7,98,60.8,61.2,807.0,32.4,81.0,23.4
2025-12-19 20:00:00,2025,12,19,20,Đồng Tháp,Xã Tân Phú Trung,10.2545007,105.7361294,105,Unhealthy for Sensitive Groups,2,27.0,80,0.0,1.3,146,1009.0,99,63.3,64.0,815.0,31.1,76.0,23.7
2025-12-19 21:00:00,2025,12,19,21,Đồng Tháp,Xã Tân Phú Trung,10.2545007,105.7361294,108,Unhealthy for Sensitive Groups,2,26.1,84,0.0,7.2,158,1009.3,100,64.3,65.0,746.0,29.4,70.0,24.1
2025-12-19 22:00:00,2025,12,19,22,Đồng Tháp,Xã Tân Phú Trung,10.2545007,105.7361294,109,Unhealthy for Sensitive Groups,2,25.1,89,0.0,7.1,171,1009.4,99,61.0,61.7,661.0,28.1,63.0,24.1
2025-12-19 23:00:00,2025,12,19,23,Đồng Tháp,Xã Tân Phú Trung,10.2545007,105.7361294,109,Unhealthy for Sensitive Groups,2,24.5,92,0.0,5.4,160,1009.2,99,56.5,57.2,568.0,27.6,57.0,23.3
2025-12-20 00:00:00,2025,12,20,0,Đồng Tháp,Xã Tân Phú Trung,10.2545007,105.7361294,107,Unhealthy for Sensitive Groups,2,24.1,94,0.0,4.7,157,1009.4,75,56.9,58.4,459.0,27.6,51.0,22.2
2025-12-20 01:00:00,2025,12,20,1,Đồng Tháp,Xã Tân Phú Trung,10.2545007,105.7361294,104,Unhealthy for Sensitive Groups,2,24.0,94,0.0,3.1,180,1009.0,75,61.2,62.9,380.0,28.2,46.0,21.6
2025-12-20 02:00:00,2025,12,20,2,Đồng Tháp,Xã Tân Phú Trung,10.2545007,105.7361294,103,Unhealthy for Sensitive Groups,2,24.0,95,0.0,2.3,219,1008.5,91,65.2,66.8,351.0,30.0,40.0,21.9
2025-12-20 03:00:00,2025,12,20,3,Đồng Tháp,Xã Tân Phú Trung,10.2545007,105.7361294,101,Unhealthy for Sensitive Groups,2,23.8,96,0.0,1.9,253,1007.9,91,69.2,70.8,350.0,32.4,34.0,22.8
2025-12-20 04:00:00,2025,12,20,4,Đồng Tháp,Xã Tân Phú Trung,10.2545007,105.7361294,102,Unhealthy for Sensitive Groups,2,23.5,98,0.0,3.0,284,1008.0,98,72.6,74.5,360.0,34.2,31.0,24.0
2025-12-20 05:00:00,2025,12,20,5,Đồng Tháp,Xã Tân Phú Trung,10.2545007,105.7361294,105,Unhealthy for Sensitive Groups,2,23.4,98,0.0,3.9,286,1008.5,100,74.3,76.4,382.0,35.7,27.0,26.0
2025-12-20 06:00:00,2025,12,20,6,Đồng Tháp,Xã Tân Phú Trung,10.2545007,105.7361294,108,Unhealthy for Sensitive Groups,2,23.1,98,0.0,3.6,273,1008.9,100,74.5,76.6,415.0,36.6,26.0,28.3
2025-12-20 07:00:00,2025,12,20,7,Đồng Tháp,Xã Tân Phú Trung,10.2545007,105.7361294,113,Unhealthy for Sensitive Groups,2,24.3,95,0.0,5.8,261,1009.5,97,149.5,152.7,429.0,45.7,23.0,23.9
2025-12-20 08:00:00,2025,12,20,8,Đồng Tháp,Xã Tân Phú Trung,10.2545007,105.7361294,127,Unhealthy for Sensitive Groups,2,26.0,90,0.0,4.9,274,1010.4,92,112.5,114.3,412.0,35.2,60.0,23.4
2025-12-20 09:00:00,2025,12,20,9,Đồng Tháp,Xã Tân Phú Trung,10.2545007,105.7361294,136,Unhealthy for Sensitive Groups,2,27.5,81,0.0,7.1,289,1010.7,100,84.3,85.9,377.0,20.6,109.0,22.4
2025-12-20 10:00:00,2025,12,20,10,Đồng Tháp,Xã Tân Phú Trung,10.2545007,105.7361294,144,Unhealthy for Sensitive Groups,2,28.6,73,0.1,7.2,321,1010.3,100,64.5,65.9,337.0,9.3,142.0,20.1
2025-12-20 11:00:00,2025,12,20,11,Đồng Tháp,Xã Tân Phú Trung,10.2545007,105.7361294,149,Unhealthy for Sensitive Groups,2,29.7,66,0.1,10.1,354,1009.8,95,47.0,48.7,289.0,4.4,142.0,15.1
2025-12-20 12:00:00,2025,12,20,12,Đồng Tháp,Xã Tân Phú Trung,10.2545007,105.7361294,150,Unhealthy for Sensitive Groups,2,30.4,61,0.0,12.3,10,1008.9,100,30.6,32.1,235.0,2.8,124.0,8.8
2025-12-20 13:00:00,2025,12,20,13,Đồng Tháp,Xã Tân Phú Trung,10.2545007,105.7361294,151,Unhealthy,3,30.6,61,0.0,11.7,23,1007.8,99,19.3,20.7,199.0,2.2,108.0,4.2
2025-12-20 14:00:00,2025,12,20,14,Đồng Tháp,Xã Tân Phú Trung,10.2545007,105.7361294,151,Unhealthy,3,31.1,57,0.0,11.3,27,1006.6,100,13.6,15.2,186.0,1.5,98.0,2.6
2025-12-20 15:00:00,2025,12,20,15,Đồng Tháp,Xã Tân Phú Trung,10.2545007,105.7361294,151,Unhealthy,3,31.4,55,0.0,11.4,23,1006.1,100,10.8,12.3,190.0,1.8,90.0,2.7
2025-12-20 16:00:00,2025,12,20,16,Đồng Tháp,Xã Tân Phú Trung,10.2545007,105.7361294,151,Unhealthy,3,30.8,58,0.0,8.4,23,1006.0,100,11.0,12.0,215.0,4.2,81.0,4.2
2025-12-20 17:00:00,2025,12,20,17,Đồng Tháp,Xã Tân Phú Trung,10.2545007,105.7361294,151,Unhealthy,3,29.5,69,0.0,5.0,360,1006.4,99,14.4,15.1,274.0,10.7,70.0,7.5
2025-12-20 18:00:00,2025,12,20,18,Đồng Tháp,Xã Tân Phú Trung,10.2545007,105.7361294,151,Unhealthy,3,27.7,72,0.0,8.9,98,1007.6,91,24.8,25.6,353.0,19.3,59.0,12.2
2025-12-20 19:00:00,2025,12,20,19,Đồng Tháp,Xã Tân Phú Trung,10.2545007,105.7361294,151,Unhealthy,3,26.5,77,0.0,9.6,123,1007.9,100,39.7,41.0,422.0,28.3,45.0,15.9
2025-12-20 20:00:00,2025,12,20,20,Đồng Tháp,Xã Tân Phú Trung,10.2545007,105.7361294,150,Unhealthy for Sensitive Groups,2,25.4,82,0.0,6.7,128,1009.0,100,48.5,49.8,471.0,27.7,51.0,17.5
2025-12-20 21:00:00,2025,12,20,21,Đồng Tháp,Xã Tân Phú Trung,10.2545007,105.7361294,149,Unhealthy for Sensitive Groups,2,24.9,86,0.0,7.8,132,1009.2,100,53.7,54.6,509.0,26.8,60.0,19.7
2025-12-20 22:00:00,2025,12,20,22,Đồng Tháp,Xã Tân Phú Trung,10.2545007,105.7361294,148,Unhealthy for Sensitive Groups,2,24.4,90,0.0,4.1,139,1009.0,100,59.3,60.3,530.0,26.1,66.0,21.1
2025-12-20 23:00:00,2025,12,20,23,Đồng Tháp,Xã Tân Phú Trung,10.2545007,105.7361294,148,Unhealthy for Sensitive Groups,2,24.4,90,0.0,0.6,252,1009.3,98,64.0,65.2,524.0,25.6,68.0,21.2
2025-12-21 00:00:00,2025,12,21,0,Đồng Tháp,Xã Tân Phú Trung,10.2545007,105.7361294,149,Unhealthy for Sensitive Groups,2,23.9,93,0.0,3.7,101,1009.8,100,65.7,66.8,500.0,25.2,67.0,20.6
2025-12-21 01:00:00,2025,12,21,1,Đồng Tháp,Xã Tân Phú Trung,10.2545007,105.7361294,150,Unhealthy for Sensitive Groups,2,23.8,93,0.0,0.6,124,1009.6,99,68.0,69.4,484.0,25.2,64.0,19.7
2025-12-21 02:00:00,2025,12,21,2,Đồng Tháp,Xã Tân Phú Trung,10.2545007,105.7361294,150,Unhealthy for Sensitive Groups,2,23.8,94,0.0,0.6,252,1008.9,100,70.8,72.4,479.0,25.9,58.0,18.2
2025-12-21 03:00:00,2025,12,21,3,Đồng Tháp,Xã Tân Phú Trung,10.2545007,105.7361294,150,Unhealthy for Sensitive Groups,2,23.4,95,0.0,2.2,284,1008.3,94,77.5,78.9,482.0,27.0,51.0,16.4
2025-12-21 04:00:00,2025,12,21,4,Đồng Tháp,Xã Tân Phú Trung,10.2545007,105.7361294,150,Unhealthy for Sensitive Groups,2,23.1,97,0.0,3.6,307,1008.2,84,100.1,101.5,505.0,27.4,44.0,15.2
2025-12-21 05:00:00,2025,12,21,5,Đồng Tháp,Xã Tân Phú Trung,10.2545007,105.7361294,151,Unhealthy,3,23.0,98,0.0,4.5,317,1008.4,28,112.2,113.2,585.0,27.2,36.0,15.6
2025-12-21 06:00:00,2025,12,21,6,Đồng Tháp,Xã Tân Phú Trung,10.2545007,105.7361294,152,Unhealthy,3,22.8,98,0.0,4.4,328,1009.0,33,108.3,109.2,686.0,26.4,29.0,16.7
2025-12-21 07:00:00,2025,12,21,7,Đồng Tháp,Xã Tân Phú Trung,10.2545007,105.7361294,153,Unhealthy,3,24.5,96,0.0,4.7,310,1009.9,92,104.1,105.0,712.0,30.5,26.0,14.8
2025-12-21 08:00:00,2025,12,21,8,Đồng Tháp,Xã Tân Phú Trung,10.2545007,105.7361294,152,Unhealthy,3,25.9,91,0.0,5.2,335,1010.7,86,77.3,78.0,591.0,23.8,54.0,14.4
2025-12-21 09:00:00,2025,12,21,9,Đồng Tháp,Xã Tân Phú Trung,10.2545007,105.7361294,151,Unhealthy,3,27.6,76,0.0,8.8,5,1011.1,82,49.1,50.1,396.0,14.5,92.0,13.7
2025-12-21 10:00:00,2025,12,21,10,Đồng Tháp,Xã Tân Phú Trung,10.2545007,105.7361294,150,Unhealthy for Sensitive Groups,2,28.8,69,0.0,10.0,18,1010.8,92,28.1,28.6,248.0,7.2,119.0,12.4
2025-12-21 11:00:00,2025,12,21,11,Đồng Tháp,Xã Tân Phú Trung,10.2545007,105.7361294,146,Unhealthy for Sensitive Groups,2,29.5,68,0.0,9.7,19,1010.3,96,16.6,16.8,201.0,3.9,122.0,9.9
2025-12-21 12:00:00,2025,12,21,12,Đồng Tháp,Xã Tân Phú Trung,10.2545007,105.7361294,143,Unhealthy for Sensitive Groups,2,30.4,65,0.0,9.3,16,1009.1,88,10.6,10.7,202.0,2.7,113.0,6.9
2025-12-21 13:00:00,2025,12,21,13,Đồng Tháp,Xã Tân Phú Trung,10.2545007,105.7361294,141,Unhealthy for Sensitive Groups,2,31.0,62,0.0,9.4,24,1008.6,19,8.5,8.6,208.0,2.2,106.0,4.9
2025-12-21 14:00:00,2025,12,21,14,Đồng Tháp,Xã Tân Phú Trung,10.2545007,105.7361294,140,Unhealthy for Sensitive Groups,2,31.2,60,0.0,8.6,36,1007.5,18,8.7,8.8,207.0,1.2,109.0,4.5
2025-12-21 15:00:00,2025,12,21,15,Đồng Tháp,Xã Tân Phú Trung,10.2545007,105.7361294,140,Unhealthy for Sensitive Groups,2,31.0,61,0.0,6.9,43,1007.0,100,9.8,9.9,211.0,0.9,115.0,5.2
2025-12-21 16:00:00,2025,12,21,16,Đồng Tháp,Xã Tân Phú Trung,10.2545007,105.7361294,139,Unhealthy for Sensitive Groups,2,30.8,62,0.0,5.2,27,1007.0,99,11.2,11.4,220.0,3.6,113.0,7.1
2025-12-21 17:00:00,2025,12,21,17,Đồng Tháp,Xã Tân Phú Trung,10.2545007,105.7361294,139,Unhealthy for Sensitive Groups,2,29.7,73,0.0,2.8,75,1007.2,98,15.3,15.5,230.0,12.5,96.0,10.9
2025-12-21 18:00:00,2025,12,21,18,Đồng Tháp,Xã Tân Phú Trung,10.2545007,105.7361294,140,Unhealthy for Sensitive Groups,2,27.8,77,0.0,4.8,138,1007.8,100,28.7,28.9,245.0,24.5,72.0,15.9
2025-12-21 19:00:00,2025,12,21,19,Đồng Tháp,Xã Tân Phú Trung,10.2545007,105.7361294,140,Unhealthy for Sensitive Groups,2,26.7,82,0.0,10.8,159,1008.8,98,42.3,43.5,276.0,33.4,42.0,18.2
2025-12-21 20:00:00,2025,12,21,20,Đồng Tháp,Xã Tân Phú Trung,10.2545007,105.7361294,140,Unhealthy for Sensitive Groups,2,25.8,84,0.1,8.1,111,1009.7,99,49.0,50.6,340.0,35.5,38.0,20.7
2025-12-21 21:00:00,2025,12,21,21,Đồng Tháp,Xã Tân Phú Trung,10.2545007,105.7361294,140,Unhealthy for Sensitive Groups,2,25.3,86,0.0,4.0,162,1009.9,87,55.4,57.0,421.0,38.3,32.0,24.1
2025-12-21 22:00:00,2025,12,21,22,Đồng Tháp,Xã Tân Phú Trung,10.2545007,105.7361294,140,Unhealthy for Sensitive Groups,2,25.0,87,0.2,0.9,307,1010.1,98,60.8,62.6,477.0,40.5,27.0,26.3
2025-12-21 23:00:00,2025,12,21,23,Đồng Tháp,Xã Tân Phú Trung,10.2545007,105.7361294,141,Unhealthy for Sensitive Groups,2,24.6,88,0.4,3.1,208,1010.1,100,64.0,65.4,491.0,41.4,25.0,26.2
2025-12-22 00:00:00,2025,12,22,0,Đồng Tháp,Xã Tân Phú Trung,10.2545007,105.7361294,141,Unhealthy for Sensitive Groups,2,24.2,91,0.0,4.5,230,1010.0,100,66.8,68.0,480.0,41.7,23.0,24.9
2025-12-22 01:00:00,2025,12,22,1,Đồng Tháp,Xã Tân Phú Trung,10.2545007,105.7361294,141,Unhealthy for Sensitive Groups,2,24.5,89,0.0,4.2,234,1009.6,99,68.0,69.2,457.0,41.3,22.0,23.5
2025-12-22 02:00:00,2025,12,22,2,Đồng Tháp,Xã Tân Phú Trung,10.2545007,105.7361294,141,Unhealthy for Sensitive Groups,2,24.2,93,0.0,4.8,233,1009.3,82,67.5,69.2,417.0,40.1,20.0,22.3
2025-12-22 03:00:00,2025,12,22,3,Đồng Tháp,Xã Tân Phú Trung,10.2545007,105.7361294,140,Unhealthy for Sensitive Groups,2,23.8,96,0.0,3.4,223,1009.0,88,66.6,68.5,364.0,38.3,17.0,21.1
2025-12-22 04:00:00,2025,12,22,4,Đồng Tháp,Xã Tân Phú Trung,10.2545007,105.7361294,139,Unhealthy for Sensitive Groups,2,23.9,96,0.0,2.6,245,1009.0,95,59.6,61.7,325.0,36.5,17.0,20.5
2025-12-22 05:00:00,2025,12,22,5,Đồng Tháp,Xã Tân Phú Trung,10.2545007,105.7361294,135,Unhealthy for Sensitive Groups,2,23.6,96,0.0,3.6,279,1009.2,100,56.5,58.2,315.0,35.9,19.0,21.7
2025-12-22 06:00:00,2025,12,22,6,Đồng Tháp,Xã Tân Phú Trung,10.2545007,105.7361294,129,Unhealthy for Sensitive Groups,2,23.5,95,0.0,4.2,306,1009.5,100,53.9,55.4,317.0,35.4,23.0,23.6
2025-12-22 07:00:00,2025,12,22,7,Đồng Tháp,Xã Tân Phú Trung,10.2545007,105.7361294,124,Unhealthy for Sensitive Groups,2,24.9,90,0.0,6.6,319,1010.1,100,63.8,66.1,311.0,26.9,36.0,19.4
2025-12-22 08:00:00,2025,12,22,8,Đồng Tháp,Xã Tân Phú Trung,10.2545007,105.7361294,119,Unhealthy for Sensitive Groups,2,26.2,83,0.0,7.8,334,1011.0,100,54.0,55.6,284.0,22.5,59.0,20.0
2025-12-22 09:00:00,2025,12,22,9,Đồng Tháp,Xã Tân Phú Trung,10.2545007,105.7361294,117,Unhealthy for Sensitive Groups,2,27.4,77,0.0,10.2,347,1011.1,98,43.7,44.7,247.0,16.2,91.0,20.8
2025-12-22 10:00:00,2025,12,22,10,Đồng Tháp,Xã Tân Phú Trung,10.2545007,105.7361294,116,Unhealthy for Sensitive Groups,2,28.6,74,0.0,9.7,359,1010.9,92,42.4,43.4,218.0,11.0,119.0,20.4
2025-12-22 11:00:00,2025,12,22,11,Đồng Tháp,Xã Tân Phú Trung,10.2545007,105.7361294,118,Unhealthy for Sensitive Groups,2,29.5,71,0.0,9.7,359,1010.3,98,43.5,44.6,202.0,7.7,138.0,17.8
2025-12-22 12:00:00,2025,12,22,12,Đồng Tháp,Xã Tân Phú Trung,10.2545007,105.7361294,121,Unhealthy for Sensitive Groups,2,30.4,66,0.1,8.1,1,1008.9,99,40.2,41.2,193.0,5.3,152.0,14.1
2025-12-22 13:00:00,2025,12,22,13,Đồng Tháp,Xã Tân Phú Trung,10.2545007,105.7361294,124,Unhealthy for Sensitive Groups,2,30.9,62,0.0,8.7,13,1008.0,95,35.2,36.2,188.0,3.8,160.0,11.1
2025-12-22 14:00:00,2025,12,22,14,Đồng Tháp,Xã Tân Phú Trung,10.2545007,105.7361294,127,Unhealthy for Sensitive Groups,2,30.9,61,0.0,7.9,21,1007.0,84,31.7,32.7,169.0,2.9,160.0,9.3
2025-12-22 15:00:00,2025,12,22,15,Đồng Tháp,Xã Tân Phú Trung,10.2545007,105.7361294,129,Unhealthy for Sensitive Groups,2,30.8,60,0.0,8.0,27,1006.3,25,29.5,30.5,154.0,3.0,155.0,8.3
2025-12-22 16:00:00,2025,12,22,16,Đồng Tháp,Xã Tân Phú Trung,10.2545007,105.7361294,131,Unhealthy for Sensitive Groups,2,30.3,62,0.0,8.1,39,1006.2,31,27.6,28.6,195.0,4.6,145.0,8.5
2025-12-22 17:00:00,2025,12,22,17,Đồng Tháp,Xã Tân Phú Trung,10.2545007,105.7361294,133,Unhealthy for Sensitive Groups,2,29.2,72,0.0,5.9,63,1006.8,21,29.9,30.9,358.0,9.2,130.0,10.5
2025-12-22 18:00:00,2025,12,22,18,Đồng Tháp,Xã Tân Phú Trung,10.2545007,105.7361294,134,Unhealthy for Sensitive Groups,2,27.8,80,0.0,4.0,95,1007.5,27,37.0,38.1,577.0,15.4,111.0,13.7
2025-12-22 19:00:00,2025,12,22,19,Đồng Tháp,Xã Tân Phú Trung,10.2545007,105.7361294,135,Unhealthy for Sensitive Groups,2,24.8,88,0.0,3.6,189,1008.3,39,48.2,49.2,708.0,24.4,76.0,17.3
2025-12-22 20:00:00,2025,12,22,20,Đồng Tháp,Xã Tân Phú Trung,10.2545007,105.7361294,136,Unhealthy for Sensitive Groups,2,24.9,89,0.0,3.5,168,1009.0,13,47.5,48.2,663.0,22.9,80.0,18.5
2025-12-22 21:00:00,2025,12,22,21,Đồng Tháp,Xã Tân Phú Trung,10.2545007,105.7361294,136,Unhealthy for Sensitive Groups,2,24.9,88,0.0,8.2,130,1009.1,47,48.4,49.0,529.0,21.0,86.0,20.1
2025-12-22 22:00:00,2025,12,22,22,Đồng Tháp,Xã Tân Phú Trung,10.2545007,105.7361294,135,Unhealthy for Sensitive Groups,2,24.8,90,0.4,5.7,148,1009.3,66,49.0,49.5,422.0,19.9,88.0,21.3
2025-12-22 23:00:00,2025,12,22,23,Đồng Tháp,Xã Tân Phú Trung,10.2545007,105.7361294,134,Unhealthy for Sensitive Groups,2,24.6,93,0.0,6.3,177,1009.0,99,52.3,52.7,387.0,20.4,83.0,21.4
2025-12-23 00:00:00,2025,12,23,0,Đồng Tháp,Xã Tân Phú Trung,10.2545007,105.7361294,132,Unhealthy for Sensitive Groups,2,24.0,95,0.0,3.2,183,1009.0,99,57.6,58.2,378.0,21.8,73.0,21.0
2025-12-23 01:00:00,2025,12,23,1,Đồng Tháp,Xã Tân Phú Trung,10.2545007,105.7361294,131,Unhealthy for Sensitive Groups,2,24.3,96,0.0,2.7,212,1008.5,99,61.9,62.4,375.0,23.5,65.0,21.1
2025-12-23 02:00:00,2025,12,23,2,Đồng Tháp,Xã Tân Phú Trung,10.2545007,105.7361294,131,Unhealthy for Sensitive Groups,2,24.1,96,0.0,3.7,223,1008.1,100,66.6,67.3,368.0,25.7,59.0,22.3
2025-12-23 03:00:00,2025,12,23,3,Đồng Tháp,Xã Tân Phú Trung,10.2545007,105.7361294,131,Unhealthy for Sensitive Groups,2,24.1,96,0.0,4.2,223,1007.6,100,72.9,73.3,367.0,28.2,54.0,24.0
2025-12-23 04:00:00,2025,12,23,4,Đồng Tháp,Xã Tân Phú Trung,10.2545007,105.7361294,131,Unhealthy for Sensitive Groups,2,23.8,97,0.0,3.8,225,1007.6,100,78.2,78.7,375.0,29.8,51.0,25.5
2025-12-23 05:00:00,2025,12,23,5,Đồng Tháp,Xã Tân Phú Trung,10.2545007,105.7361294,133,Unhealthy for Sensitive Groups,2,23.6,97,0.0,3.9,248,1008.0,100,82.4,83.1,402.0,30.3,48.0,26.9
2025-12-23 06:00:00,2025,12,23,6,Đồng Tháp,Xã Tân Phú Trung,10.2545007,105.7361294,136,Unhealthy for Sensitive Groups,2,23.6,97,0.0,4.0,273,1008.7,100,85.0,85.4,439.0,29.9,46.0,28.0
2025-12-23 07:00:00,2025,12,23,7,Đồng Tháp,Xã Tân Phú Trung,10.2545007,105.7361294,139,Unhealthy for Sensitive Groups,2,24.8,95,0.0,5.6,310,1009.4,99,97.6,98.5,458.0,31.9,42.0,27.1
2025-12-23 08:00:00,2025,12,23,8,Đồng Tháp,Xã Tân Phú Trung,10.2545007,105.7361294,143,Unhealthy for Sensitive Groups,2,25.7,91,0.0,7.2,321,1010.4,98,75.2,76.4,446.0,25.6,67.0,27.2
2025-12-23 09:00:00,2025,12,23,9,Đồng Tháp,Xã Tân Phú Trung,10.2545007,105.7361294,145,Unhealthy for Sensitive Groups,2,26.7,86,0.0,8.0,324,1010.9,100,55.3,56.8,417.0,16.8,102.0,27.3
2025-12-23 10:00:00,2025,12,23,10,Đồng Tháp,Xã Tân Phú Trung,10.2545007,105.7361294,146,Unhealthy for Sensitive Groups,2,27.6,81,0.1,8.0,335,1010.8,100,47.4,48.8,383.0,9.8,131.0,26.3
2025-12-23 11:00:00,2025,12,23,11,Đồng Tháp,Xã Tân Phú Trung,10.2545007,105.7361294,147,Unhealthy for Sensitive Groups,2,28.7,76,0.0,6.1,337,1010.2,100,46.1,47.5,341.0,6.2,150.0,23.3
2025-12-23 12:00:00,2025,12,23,12,Đồng Tháp,Xã Tân Phú Trung,10.2545007,105.7361294,147,Unhealthy for Sensitive Groups,2,29.2,73,0.0,5.3,342,1009.3,100,44.1,45.4,294.0,4.4,164.0,19.3
2025-12-23 13:00:00,2025,12,23,13,Đồng Tháp,Xã Tân Phú Trung,10.2545007,105.7361294,147,Unhealthy for Sensitive Groups,2,30.0,69,0.0,3.6,342,1008.3,91,42.0,43.3,260.0,3.5,173.0,16.2
2025-12-23 14:00:00,2025,12,23,14,Đồng Tháp,Xã Tân Phú Trung,10.2545007,105.7361294,148,Unhealthy for Sensitive Groups,2,30.4,68,0.0,2.3,342,1007.4,25,39.5,40.7,243.0,2.8,177.0,14.5
2025-12-23 15:00:00,2025,12,23,15,Đồng Tháp,Xã Tân Phú Trung,10.2545007,105.7361294,149,Unhealthy for Sensitive Groups,2,30.4,67,0.0,3.9,332,1007.0,41,38.9,40.2,239.0,2.9,176.0,13.8
2025-12-23 16:00:00,2025,12,23,16,Đồng Tháp,Xã Tân Phú Trung,10.2545007,105.7361294,150,Unhealthy for Sensitive Groups,2,29.9,67,0.0,1.6,354,1006.8,72,38.5,39.8,258.0,5.1,169.0,14.3
2025-12-23 17:00:00,2025,12,23,17,Đồng Tháp,Xã Tân Phú Trung,10.2545007,105.7361294,150,Unhealthy for Sensitive Groups,2,27.5,77,0.3,14.8,135,1007.8,97,39.1,40.5,317.0,11.2,153.0,17.1
2025-12-23 18:00:00,2025,12,23,18,Đồng Tháp,Xã Tân Phú Trung,10.2545007,105.7361294,150,Unhealthy for Sensitive Groups,2,25.2,89,1.0,1.5,159,1008.3,91,50.9,52.2,398.0,19.3,130.0,21.2
2025-12-23 19:00:00,2025,12,23,19,Đồng Tháp,Xã Tân Phú Trung,10.2545007,105.7361294,151,Unhealthy,3,26.3,89,0.0,7.3,147,1008.8,56,51.8,52.6,459.0,34.9,74.0,23.5
2025-12-23 20:00:00,2025,12,23,20,Đồng Tháp,Xã Tân Phú Trung,10.2545007,105.7361294,151,Unhealthy,3,26.0,93,0.0,8.3,176,1009.6,70,52.9,53.4,481.0,30.7,75.0,22.7
2025-12-23 21:00:00,2025,12,23,21,Đồng Tháp,Xã Tân Phú Trung,10.2545007,105.7361294,151,Unhealthy,3,25.3,95,0.0,9.2,152,1010.0,100,45.8,46.2,483.0,25.0,77.0,21.6
2025-12-23 22:00:00,2025,12,23,22,Đồng Tháp,Xã Tân Phú Trung,10.2545007,105.7361294,151,Unhealthy,3,25.0,93,0.1,4.6,162,1009.3,100,41.2,41.6,477.0,20.8,76.0,20.5
2025-12-23 23:00:00,2025,12,23,23,Đồng Tháp,Xã Tân Phú Trung,10.2545007,105.7361294,151,Unhealthy,3,24.5,95,0.0,3.4,155,1008.7,100,39.5,39.8,459.0,19.6,71.0,19.2
2025-12-24 00:00:00,2025,12,24,0,Đồng Tháp,Xã Tân Phú Trung,10.2545007,105.7361294,150,Unhealthy for Sensitive Groups,2,24.5,94,0.0,2.7,172,1008.6,100,38.2,38.5,433.0,20.0,64.0,17.8
2025-12-24 01:00:00,2025,12,24,1,Đồng Tháp,Xã Tân Phú Trung,10.2545007,105.7361294,150,Unhealthy for Sensitive Groups,2,24.6,92,0.0,0.2,270,1007.9,100,38.8,39.1,422.0,20.6,58.0,17.1
2025-12-24 02:00:00,2025,12,24,2,Đồng Tháp,Xã Tân Phú Trung,10.2545007,105.7361294,147,Unhealthy for Sensitive Groups,2,24.4,93,0.0,1.5,14,1007.4,100,39.8,40.4,439.0,21.0,54.0,17.3
2025-12-24 03:00:00,2025,12,24,3,Đồng Tháp,Xã Tân Phú Trung,10.2545007,105.7361294,145,Unhealthy for Sensitive Groups,2,24.1,95,0.0,3.3,338,1007.0,100,41.0,41.8,470.0,21.7,52.0,18.0
2025-12-24 04:00:00,2025,12,24,4,Đồng Tháp,Xã Tân Phú Trung,10.2545007,105.7361294,141,Unhealthy for Sensitive Groups,2,24.0,97,0.0,3.8,341,1006.9,100,43.2,44.2,501.0,22.4,50.0,19.2
2025-12-24 05:00:00,2025,12,24,5,Đồng Tháp,Xã Tân Phú Trung,10.2545007,105.7361294,138,Unhealthy for Sensitive Groups,2,23.9,97,0.0,2.0,360,1007.5,100,46.7,47.8,535.0,23.9,46.0,21.3
2025-12-24 06:00:00,2025,12,24,6,Đồng Tháp,Xã Tân Phú Trung,10.2545007,105.7361294,134,Unhealthy for Sensitive Groups,2,23.6,98,0.0,2.1,20,1008.0,96,51.2,52.3,568.0,25.4,42.0,23.7
2025-12-24 07:00:00,2025,12,24,7,Đồng Tháp,Xã Tân Phú Trung,10.2545007,105.7361294,130,Unhealthy for Sensitive Groups,2,24.9,96,0.0,5.9,18,1009.0,100,53.3,53.6,571.0,22.0,44.0,21.9
2025-12-24 08:00:00,2025,12,24,8,Đồng Tháp,Xã Tân Phú Trung,10.2545007,105.7361294,126,Unhealthy for Sensitive Groups,2,26.1,89,0.0,3.8,8,1010.2,95,46.0,46.3,520.0,17.9,63.0,21.3
2025-12-24 09:00:00,2025,12,24,9,Đồng Tháp,Xã Tân Phú Trung,10.2545007,105.7361294,123,Unhealthy for Sensitive Groups,2,27.5,81,0.1,3.8,25,1010.1,52,33.4,33.8,439.0,12.1,89.0,20.3
2025-12-24 10:00:00,2025,12,24,10,Đồng Tháp,Xã Tân Phú Trung,10.2545007,105.7361294,121,Unhealthy for Sensitive Groups,2,28.5,77,0.0,2.8,18,1009.7,52,22.8,23.1,371.0,7.6,113.0,19.3
2025-12-24 11:00:00,2025,12,24,11,Đồng Tháp,Xã Tân Phú Trung,10.2545007,105.7361294,118,Unhealthy for Sensitive Groups,2,29.5,74,0.0,2.4,9,1009.3,95,20.4,20.6,331.0,5.5,131.0,18.1
2025-12-24 12:00:00,2025,12,24,12,Đồng Tháp,Xã Tân Phú Trung,10.2545007,105.7361294,115,Unhealthy for Sensitive Groups,2,30.1,72,0.0,2.1,31,1008.6,86,21.8,22.1,305.0,4.7,146.0,16.7
2025-12-24 13:00:00,2025,12,24,13,Đồng Tháp,Xã Tân Phú Trung,10.2545007,105.7361294,113,Unhealthy for Sensitive Groups,2,29.8,71,0.1,3.4,16,1007.6,95,23.2,23.5,289.0,4.4,157.0,15.7
2025-12-24 14:00:00,2025,12,24,14,Đồng Tháp,Xã Tân Phú Trung,10.2545007,105.7361294,111,Unhealthy for Sensitive Groups,2,29.9,70,0.1,2.6,56,1006.9,98,24.9,25.2,278.0,4.3,164.0,15.3
2025-12-24 15:00:00,2025,12,24,15,Đồng Tháp,Xã Tân Phú Trung,10.2545007,105.7361294,110,Unhealthy for Sensitive Groups,2,30.0,68,0.1,2.9,349,1006.3,100,26.2,26.6,277.0,4.7,165.0,15.3
2025-12-24 16:00:00,2025,12,24,16,Đồng Tháp,Xã Tân Phú Trung,10.2545007,105.7361294,108,Unhealthy for Sensitive Groups,2,26.0,84,11.6,10.9,110,1007.5,100,25.8,26.3,301.0,6.2,159.0,15.4
2025-12-24 17:00:00,2025,12,24,17,Đồng Tháp,Xã Tân Phú Trung,10.2545007,105.7361294,107,Unhealthy for Sensitive Groups,2,26.0,87,0.6,1.6,333,1007.5,99,27.4,27.8,368.0,9.2,139.0,15.6
2025-12-24 18:00:00,2025,12,24,18,Đồng Tháp,Xã Tân Phú Trung,10.2545007,105.7361294,116,Unhealthy for Sensitive Groups,2,25.1,92,0.1,4.7,317,1008.3,100,28.1,28.4,459.0,13.3,110.0,16.0
2025-12-24 19:00:00,2025,12,24,19,Đồng Tháp,Xã Tân Phú Trung,10.2545007,105.7361294,116,Unhealthy for Sensitive Groups,2,25.6,93,0.7,2.0,180,1008.4,99,46.6,47.4,540.0,21.8,86.0,21.1
2025-12-24 20:00:00,2025,12,24,20,Đồng Tháp,Xã Tân Phú Trung,10.2545007,105.7361294,106,Unhealthy for Sensitive Groups,2,25.5,94,0.0,5.5,221,1009.1,95,45.2,45.9,604.0,22.0,79.0,21.0
2025-12-24 21:00:00,2025,12,24,21,Đồng Tháp,Xã Tân Phú Trung,10.2545007,105.7361294,102,Unhealthy for Sensitive Groups,2,25.5,93,0.0,4.4,201,1009.0,94,44.6,45.2,657.0,22.3,68.0,20.7
2025-12-24 22:00:00,2025,12,24,22,Đồng Tháp,Xã Tân Phú Trung,10.2545007,105.7361294,102,Unhealthy for Sensitive Groups,2,25.0,96,0.1,3.3,189,1009.1,79,40.0,41.0,677.0,22.6,59.0,20.1
2025-12-24 23:00:00,2025,12,24,23,Đồng Tháp,Xã Tân Phú Trung,10.2545007,105.7361294,102,Unhealthy for Sensitive Groups,2,24.9,96,0.0,3.8,183,1008.8,63,37.0,38.2,643.0,22.6,53.0,18.6
2025-12-25 00:00:00,2025,12,25,0,Đồng Tháp,Xã Tân Phú Trung,10.2545007,105.7361294,101,Unhealthy for Sensitive Groups,2,24.9,94,0.0,2.9,176,1009.0,80,35.0,36.2,576.0,22.5,49.0,16.6
2025-12-25 01:00:00,2025,12,25,1,Đồng Tháp,Xã Tân Phú Trung,10.2545007,105.7361294,101,Unhealthy for Sensitive Groups,2,25.1,94,0.0,2.1,200,1008.4,70,35.2,36.6,513.0,22.9,45.0,15.5
2025-12-25 02:00:00,2025,12,25,2,Đồng Tháp,Xã Tân Phú Trung,10.2545007,105.7361294,101,Unhealthy for Sensitive Groups,2,25.1,94,0.0,1.9,197,1007.7,100,34.2,36.0,462.0,24.2,42.0,15.9
2025-12-25 03:00:00,2025,12,25,3,Đồng Tháp,Xã Tân Phú Trung,10.2545007,105.7361294,100,Moderate,1,25.5,92,0.0,0.8,117,1007.4,94,36.6,38.9,414.0,25.9,39.0,17.0
2025-12-25 04:00:00,2025,12,25,4,Đồng Tháp,Xã Tân Phú Trung,10.2545007,105.7361294,100,Moderate,1,25.1,93,0.0,1.7,13,1007.5,30,40.6,43.2,387.0,27.2,37.0,18.2
2025-12-25 05:00:00,2025,12,25,5,Đồng Tháp,Xã Tân Phú Trung,10.2545007,105.7361294,99,Moderate,1,24.7,95,0.0,2.9,349,1007.9,35,44.0,46.6,397.0,28.2,33.0,19.0
2025-12-25 06:00:00,2025,12,25,6,Đồng Tháp,Xã Tân Phú Trung,10.2545007,105.7361294,99,Moderate,1,24.5,96,0.0,3.3,347,1008.6,55,46.0,48.3,427.0,28.8,29.0,19.9
2025-12-25 07:00:00,2025,12,25,7,Đồng Tháp,Xã Tân Phú Trung,10.2545007,105.7361294,99,Moderate,1,25.5,95,0.0,4.5,40,1009.2,66,54.2,56.9,439.0,29.8,27.0,21.2
2025-12-25 08:00:00,2025,12,25,8,Đồng Tháp,Xã Tân Phú Trung,10.2545007,105.7361294,99,Moderate,1,26.9,89,0.0,6.8,40,1010.2,94,51.2,53.1,414.0,27.1,40.0,22.5
2025-12-25 09:00:00,2025,12,25,9,Đồng Tháp,Xã Tân Phú Trung,10.2545007,105.7361294,99,Moderate,1,27.9,85,0.1,6.3,35,1010.3,100,49.1,49.9,371.0,23.2,59.0,24.3
2025-12-25 10:00:00,2025,12,25,10,Đồng Tháp,Xã Tân Phú Trung,10.2545007,105.7361294,101,Unhealthy for Sensitive Groups,2,28.5,82,0.3,6.6,41,1010.5,100,41.6,42.5,334.0,19.4,76.0,25.0
2025-12-25 11:00:00,2025,12,25,11,Đồng Tháp,Xã Tân Phú Trung,10.2545007,105.7361294,103,Unhealthy for Sensitive Groups,2,28.7,81,0.4,8.4,31,1010.0,100,36.6,37.7,308.0,15.7,89.0,23.9
2025-12-25 12:00:00,2025,12,25,12,Đồng Tháp,Xã Tân Phú Trung,10.2545007,105.7361294,104,Unhealthy for Sensitive Groups,2,27.6,85,5.4,8.3,33,1008.9,100,33.4,34.5,288.0,12.0,99.0,21.7
2025-12-25 13:00:00,2025,12,25,13,Đồng Tháp,Xã Tân Phú Trung,10.2545007,105.7361294,106,Unhealthy for Sensitive Groups,2,28.5,75,0.2,9.8,36,1008.1,99,32.5,33.5,282.0,9.4,106.0,19.5
2025-12-25 14:00:00,2025,12,25,14,Đồng Tháp,Xã Tân Phú Trung,10.2545007,105.7361294,107,Unhealthy for Sensitive Groups,2,28.8,77,0.3,9.6,87,1007.6,100,30.5,31.4,300.0,8.1,108.0,17.4
2025-12-25 15:00:00,2025,12,25,15,Đồng Tháp,Xã Tân Phú Trung,10.2545007,105.7361294,107,Unhealthy for Sensitive Groups,2,25.2,92,8.9,5.8,86,1007.5,100,27.5,28.3,332.0,7.8,106.0,15.2
2025-12-25 16:00:00,2025,12,25,16,Đồng Tháp,Xã Tân Phú Trung,10.2545007,105.7361294,107,Unhealthy for Sensitive Groups,2,25.7,90,0.2,2.9,68,1007.8,100,25.0,25.7,357.0,8.8,101.0,14.0
2025-12-25 17:00:00,2025,12,25,17,Đồng Tháp,Xã Tân Phú Trung,10.2545007,105.7361294,107,Unhealthy for Sensitive Groups,2,26.0,90,0.4,3.1,93,1008.7,100,25.5,25.9,367.0,12.0,89.0,14.3
2025-12-25 18:00:00,2025,12,25,18,Đồng Tháp,Xã Tân Phú Trung,10.2545007,105.7361294,107,Unhealthy for Sensitive Groups,2,25.6,91,0.2,7.4,86,1009.3,100,26.0,26.4,371.0,16.6,74.0,15.6
2025-12-25 19:00:00,2025,12,25,19,Đồng Tháp,Xã Tân Phú Trung,10.2545007,105.7361294,107,Unhealthy for Sensitive Groups,2,25.1,89,0.2,5.5,67,1009.7,100,33.6,34.3,374.0,18.4,72.0,16.7
2025-12-25 20:00:00,2025,12,25,20,Đồng Tháp,Xã Tân Phú Trung,10.2545007,105.7361294,106,Unhealthy for Sensitive Groups,2,25.4,90,0.1,8.8,39,1010.1,100,37.4,38.0,375.0,20.6,66.0,18.4
2025-12-25 21:00:00,2025,12,25,21,Đồng Tháp,Xã Tân Phú Trung,10.2545007,105.7361294,105,Unhealthy for Sensitive Groups,2,25.2,93,0.1,6.8,32,1010.5,99,41.1,41.7,374.0,23.6,58.0,20.8
2025-12-25 22:00:00,2025,12,25,22,Đồng Tháp,Xã Tân Phú Trung,10.2545007,105.7361294,104,Unhealthy for Sensitive Groups,2,24.9,94,0.1,4.2,65,1010.5,100,44.7,45.4,379.0,26.4,50.0,22.8
2025-12-25 23:00:00,2025,12,25,23,Đồng Tháp,Xã Tân Phú Trung,10.2545007,105.7361294,105,Unhealthy for Sensitive Groups,2,24.5,95,0.0,4.0,60,1010.4,100,49.5,50.2,402.0,29.0,44.0,24.1
2025-12-26 00:00:00,2025,12,26,0,Đồng Tháp,Xã Tân Phú Trung,10.2545007,105.7361294,106,Unhealthy for Sensitive Groups,2,24.6,94,0.0,4.8,25,1010.3,100,51.5,52.3,432.0,31.3,39.0,25.0
2025-12-26 01:00:00,2025,12,26,1,Đồng Tháp,Xã Tân Phú Trung,10.2545007,105.7361294,108,Unhealthy for Sensitive Groups,2,24.8,95,0.0,4.6,349,1010.0,100,54.6,55.3,438.0,31.9,36.0,24.8
2025-12-26 02:00:00,2025,12,26,2,Đồng Tháp,Xã Tân Phú Trung,10.2545007,105.7361294,110,Unhealthy for Sensitive Groups,2,24.8,95,0.0,4.6,347,1009.5,100,51.0,51.5,397.0,29.8,34.0,22.9
2025-12-26 03:00:00,2025,12,26,3,Đồng Tháp,Xã Tân Phú Trung,10.2545007,105.7361294,112,Unhealthy for Sensitive Groups,2,24.5,96,0.0,6.0,343,1009.3,98,46.8,47.4,333.0,26.0,34.0,19.9
2025-12-26 04:00:00,2025,12,26,4,Đồng Tháp,Xã Tân Phú Trung,10.2545007,105.7361294,113,Unhealthy for Sensitive Groups,2,24.1,97,0.0,7.3,349,1009.0,100,39.8,40.3,290.0,22.3,34.0,17.0
2025-12-26 05:00:00,2025,12,26,5,Đồng Tháp,Xã Tân Phú Trung,10.2545007,105.7361294,113,Unhealthy for Sensitive Groups,2,24.0,96,0.0,6.6,351,1009.5,100,31.2,31.8,296.0,19.0,34.0,14.2
2025-12-26 06:00:00,2025,12,26,6,Đồng Tháp,Xã Tân Phú Trung,10.2545007,105.7361294,111,Unhealthy for Sensitive Groups,2,24.0,94,0.0,6.9,7,1009.9,40,23.9,24.5,324.0,15.8,35.0,11.5
2025-12-26 07:00:00,2025,12,26,7,Đồng Tháp,Xã Tân Phú Trung,10.2545007,105.7361294,109,Unhealthy for Sensitive Groups,2,24.8,93,0.0,7.4,6,1010.7,100,35.0,35.7,337.0,21.4,29.0,15.9
2025-12-26 08:00:00,2025,12,26,8,Đồng Tháp,Xã Tân Phú Trung,10.2545007,105.7361294,107,Unhealthy for Sensitive Groups,2,25.2,92,0.0,8.8,12,1011.8,100,26.3,26.8,316.0,17.5,38.0,13.7
2025-12-26 09:00:00,2025,12,26,9,Đồng Tháp,Xã Tân Phú Trung,10.2545007,105.7361294,104,Unhealthy for Sensitive Groups,2,25.6,91,0.0,10.7,17,1012.0,100,17.9,18.7,280.0,12.0,50.0,10.7
2025-12-26 10:00:00,2025,12,26,10,Đồng Tháp,Xã Tân Phú Trung,10.2545007,105.7361294,101,Unhealthy for Sensitive Groups,2,27.0,78,0.1,13.8,24,1012.1,89,15.0,15.7,253.0,7.7,62.0,8.5
2025-12-26 11:00:00,2025,12,26,11,Đồng Tháp,Xã Tân Phú Trung,10.2545007,105.7361294,99,Moderate,1,27.7,75,0.0,12.3,27,1011.5,79,15.0,15.6,243.0,5.7,73.0,7.8
2025-12-26 12:00:00,2025,12,26,12,Đồng Tháp,Xã Tân Phú Trung,10.2545007,105.7361294,97,Moderate,1,28.3,73,0.0,10.9,17,1010.6,100,15.3,15.9,241.0,4.9,83.0,7.9
2025-12-26 13:00:00,2025,12,26,13,Đồng Tháp,Xã Tân Phú Trung,10.2545007,105.7361294,95,Moderate,1,29.4,70,0.0,11.0,15,1009.3,100,16.1,16.7,242.0,4.6,93.0,8.3
2025-12-26 14:00:00,2025,12,26,14,Đồng Tháp,Xã Tân Phú Trung,10.2545007,105.7361294,94,Moderate,1,29.9,66,0.0,10.3,12,1008.4,100,17.2,17.9,240.0,4.0,103.0,8.7
2025-12-26 15:00:00,2025,12,26,15,Đồng Tháp,Xã Tân Phú Trung,10.2545007,105.7361294,92,Moderate,1,29.9,64,0.0,10.6,4,1008.2,98,18.2,18.8,241.0,3.9,113.0,9.5
2025-12-26 16:00:00,2025,12,26,16,Đồng Tháp,Xã Tân Phú Trung,10.2545007,105.7361294,92,Moderate,1,29.0,67,0.7,10.2,14,1008.0,97,19.5,20.0,254.0,5.8,115.0,10.9
2025-12-26 17:00:00,2025,12,26,17,Đồng Tháp,Xã Tân Phú Trung,10.2545007,105.7361294,91,Moderate,1,28.4,72,0.0,8.3,89,1009.0,98,23.2,23.7,287.0,11.2,106.0,13.3
2025-12-26 18:00:00,2025,12,26,18,Đồng Tháp,Xã Tân Phú Trung,10.2545007,105.7361294,91,Moderate,1,25.5,87,0.1,9.0,127,1009.7,99,31.9,32.4,331.0,18.6,89.0,16.4
2025-12-26 19:00:00,2025,12,26,19,Đồng Tháp,Xã Tân Phú Trung,10.2545007,105.7361294,91,Moderate,1,24.8,94,0.0,6.7,142,1010.0,100,39.3,39.9,376.0,25.4,70.0,17.0
2025-12-26 20:00:00,2025,12,26,20,Đồng Tháp,Xã Tân Phú Trung,10.2545007,105.7361294,92,Moderate,1,25.0,94,0.0,6.5,122,1010.6,100,49.1,49.7,422.0,26.3,66.0,19.5
2025-12-26 21:00:00,2025,12,26,21,Đồng Tháp,Xã Tân Phú Trung,10.2545007,105.7361294,93,Moderate,1,25.2,91,0.0,8.1,125,1010.4,100,53.8,54.4,468.0,27.6,61.0,23.0
2025-12-26 22:00:00,2025,12,26,22,Đồng Tháp,Xã Tân Phú Trung,10.2545007,105.7361294,94,Moderate,1,24.8,93,0.0,6.2,136,1010.2,100,56.0,56.5,498.0,28.8,56.0,25.5
2025-12-26 23:00:00,2025,12,26,23,Đồng Tháp,Xã Tân Phú Trung,10.2545007,105.7361294,95,Moderate,1,24.6,95,0.0,5.8,106,1010.2,100,58.1,58.6,499.0,29.9,52.0,26.5
2025-12-27 00:00:00,2025,12,27,0,Đồng Tháp,Xã Tân Phú Trung,10.2545007,105.7361294,96,Moderate,1,24.4,96,0.0,5.6,94,1010.0,100,60.1,60.3,483.0,30.9,48.0,26.5
2025-12-27 01:00:00,2025,12,27,1,Đồng Tháp,Xã Tân Phú Trung,10.2545007,105.7361294,97,Moderate,1,24.4,97,0.0,3.5,75,1009.6,100,63.1,63.6,474.0,31.0,44.0,25.8
2025-12-27 02:00:00,2025,12,27,2,Đồng Tháp,Xã Tân Phú Trung,10.2545007,105.7361294,97,Moderate,1,24.1,97,0.0,3.7,29,1009.1,100,65.7,66.1,483.0,29.6,40.0,24.0
2025-12-27 03:00:00,2025,12,27,3,Đồng Tháp,Xã Tân Phú Trung,10.2545007,105.7361294,99,Moderate,1,24.2,97,0.0,6.4,11,1008.8,100,61.2,61.5,499.0,27.3,37.0,21.4
2025-12-27 04:00:00,2025,12,27,4,Đồng Tháp,Xã Tân Phú Trung,10.2545007,105.7361294,100,Moderate,1,24.0,97,0.1,9.2,4,1008.9,100,52.3,52.5,509.0,25.0,35.0,19.1
2025-12-27 05:00:00,2025,12,27,5,Đồng Tháp,Xã Tân Phú Trung,10.2545007,105.7361294,101,Unhealthy for Sensitive Groups,2,24.0,85,0.0,8.4,16,1009.5,100,45.3,45.4,509.0,23.0,34.0,17.2
2025-12-27 06:00:00,2025,12,27,6,Đồng Tháp,Xã Tân Phú Trung,10.2545007,105.7361294,103,Unhealthy for Sensitive Groups,2,23.4,82,0.0,8.3,20,1010.2,100,40.4,40.5,503.0,21.0,34.0,15.5
2025-12-27 07:00:00,2025,12,27,7,Đồng Tháp,Xã Tân Phú Trung,10.2545007,105.7361294,104,Unhealthy for Sensitive Groups,2,23.9,86,0.0,5.8,355,1011.1,100,48.8,49.5,493.0,17.7,40.0,15.1
2025-12-27 08:00:00,2025,12,27,8,Đồng Tháp,Xã Tân Phú Trung,10.2545007,105.7361294,106,Unhealthy for Sensitive Groups,2,25.0,80,0.0,4.5,360,1012.5,84,42.5,43.1,480.0,16.1,54.0,16.1
2025-12-27 09:00:00,2025,12,27,9,Đồng Tháp,Xã Tân Phú Trung,10.2545007,105.7361294,108,Unhealthy for Sensitive Groups,2,26.1,77,0.0,4.3,358,1013.0,30,37.8,38.5,463.0,13.8,74.0,17.5
2025-12-27 10:00:00,2025,12,27,10,Đồng Tháp,Xã Tân Phú Trung,10.2545007,105.7361294,110,Unhealthy for Sensitive Groups,2,27.4,74,0.0,2.3,23,1012.8,100,37.1,37.8,446.0,11.5,96.0,18.2
2025-12-27 11:00:00,2025,12,27,11,Đồng Tháp,Xã Tân Phú Trung,10.2545007,105.7361294,112,Unhealthy for Sensitive Groups,2,28.0,73,0.0,2.2,355,1012.9,100,38.4,39.2,429.0,9.0,121.0,17.8
2025-12-27 12:00:00,2025,12,27,12,Đồng Tháp,Xã Tân Phú Trung,10.2545007,105.7361294,114,Unhealthy for Sensitive Groups,2,28.8,68,0.0,2.9,353,1011.9,100,40.9,41.9,413.0,6.4,148.0,16.7
2025-12-27 13:00:00,2025,12,27,13,Đồng Tháp,Xã Tân Phú Trung,10.2545007,105.7361294,117,Unhealthy for Sensitive Groups,2,28.5,68,0.0,3.8,19,1011.3,100,42.4,43.5,400.0,4.7,166.0,15.4
2025-12-27 14:00:00,2025,12,27,14,Đồng Tháp,Xã Tân Phú Trung,10.2545007,105.7361294,120,Unhealthy for Sensitive Groups,2,28.5,68,0.2,2.6,16,1010.6,100,41.9,43.0,390.0,3.9,170.0,13.7
2025-12-27 15:00:00,2025,12,27,15,Đồng Tháp,Xã Tân Phú Trung,10.2545007,105.7361294,122,Unhealthy for Sensitive Groups,2,27.9,71,0.1,7.6,12,1009.6,100,41.1,42.1,383.0,4.0,165.0,11.8
2025-12-27 16:00:00,2025,12,27,16,Đồng Tháp,Xã Tân Phú Trung,10.2545007,105.7361294,125,Unhealthy for Sensitive Groups,2,28.4,68,0.0,4.8,42,1009.6,100,40.2,41.1,387.0,5.5,155.0,11.0
2025-12-27 17:00:00,2025,12,27,17,Đồng Tháp,Xã Tân Phú Trung,10.2545007,105.7361294,127,Unhealthy for Sensitive Groups,2,25.2,86,0.3,13.6,126,1010.9,100,42.8,43.8,407.0,9.7,137.0,12.4
2025-12-27 18:00:00,2025,12,27,18,Đồng Tháp,Xã Tân Phú Trung,10.2545007,105.7361294,129,Unhealthy for Sensitive Groups,2,24.4,91,0.4,6.7,161,1011.6,100,48.4,49.1,439.0,15.5,114.0,14.9
2025-12-27 19:00:00,2025,12,27,19,Đồng Tháp,Xã Tân Phú Trung,10.2545007,105.7361294,131,Unhealthy for Sensitive Groups,2,23.5,94,0.3,7.6,187,1011.9,100,53.9,54.6,473.0,28.9,73.0,18.5
2025-12-27 20:00:00,2025,12,27,20,Đồng Tháp,Xã Tân Phú Trung,10.2545007,105.7361294,132,Unhealthy for Sensitive Groups,2,24.0,92,0.0,2.6,129,1012.7,100,55.8,56.5,516.0,26.7,72.0,18.0
2025-12-27 21:00:00,2025,12,27,21,Đồng Tháp,Xã Tân Phú Trung,10.2545007,105.7361294,133,Unhealthy for Sensitive Groups,2,24.0,92,0.0,4.9,147,1012.9,100,52.7,53.6,561.0,23.6,70.0,17.2
2025-12-27 22:00:00,2025,12,27,22,Đồng Tháp,Xã Tân Phú Trung,10.2545007,105.7361294,133,Unhealthy for Sensitive Groups,2,23.9,92,0.0,5.3,156,1012.6,100,46.2,47.3,585.0,21.3,68.0,16.2
2025-12-27 23:00:00,2025,12,27,23,Đồng Tháp,Xã Tân Phú Trung,10.2545007,105.7361294,132,Unhealthy for Sensitive Groups,2,23.6,93,0.0,5.0,145,1012.3,100,38.9,40.4,570.0,20.2,64.0,14.5
2025-12-28 00:00:00,2025,12,28,0,Đồng Tháp,Xã Tân Phú Trung,10.2545007,105.7361294,130,Unhealthy for Sensitive Groups,2,23.5,93,0.0,4.3,118,1012.1,100,34.9,36.7,533.0,19.8,60.0,12.6
2025-12-28 01:00:00,2025,12,28,1,Đồng Tháp,Xã Tân Phú Trung,10.2545007,105.7361294,127,Unhealthy for Sensitive Groups,2,23.5,94,0.0,4.7,113,1012.0,100,35.0,37.8,500.0,20.4,55.0,11.7
2025-12-28 02:00:00,2025,12,28,2,Đồng Tháp,Xã Tân Phú Trung,10.2545007,105.7361294,124,Unhealthy for Sensitive Groups,2,23.5,94,0.0,2.7,132,1011.5,100,36.4,39.5,472.0,22.6,50.0,12.6
2025-12-28 03:00:00,2025,12,28,3,Đồng Tháp,Xã Tân Phú Trung,10.2545007,105.7361294,121,Unhealthy for Sensitive Groups,2,23.5,93,0.0,0.7,90,1010.8,100,41.2,44.5,449.0,25.8,45.0,14.5
2025-12-28 04:00:00,2025,12,28,4,Đồng Tháp,Xã Tân Phú Trung,10.2545007,105.7361294,119,Unhealthy for Sensitive Groups,2,23.1,94,0.0,2.8,349,1010.9,100,47.8,51.2,448.0,28.1,41.0,16.3
2025-12-28 05:00:00,2025,12,28,5,Đồng Tháp,Xã Tân Phú Trung,10.2545007,105.7361294,119,Unhealthy for Sensitive Groups,2,22.9,96,0.0,2.9,4,1011.1,100,51.9,55.3,497.0,29.4,35.0,17.9
2025-12-28 06:00:00,2025,12,28,6,Đồng Tháp,Xã Tân Phú Trung,10.2545007,105.7361294,119,Unhealthy for Sensitive Groups,2,22.6,97,0.0,3.1,31,1011.5,100,53.4,56.8,570.0,29.9,29.0,19.4
2025-12-28 07:00:00,2025,12,28,7,Đồng Tháp,Xã Tân Phú Trung,10.2545007,105.7361294,121,Unhealthy for Sensitive Groups,2,23.9,98,0.0,3.8,357,1012.2,99,45.4,48.0,605.0,27.1,35.0,17.6
2025-12-28 08:00:00,2025,12,28,8,Đồng Tháp,Xã Tân Phú Trung,10.2545007,105.7361294,120,Unhealthy for Sensitive Groups,2,25.2,90,0.0,5.8,36,1013.0,94,31.4,33.9,567.0,21.4,58.0,17.6
2025-12-28 09:00:00,2025,12,28,9,Đồng Tháp,Xã Tân Phú Trung,10.2545007,105.7361294,119,Unhealthy for Sensitive Groups,2,26.5,82,0.0,6.1,32,1013.3,35,21.8,22.8,493.0,13.6,90.0,17.6
2025-12-28 10:00:00,2025,12,28,10,Đồng Tháp,Xã Tân Phú Trung,10.2545007,105.7361294,117,Unhealthy for Sensitive Groups,2,27.8,75,0.1,9.1,30,1012.8,49,23.4,24.2,430.0,7.4,117.0,17.0
2025-12-28 11:00:00,2025,12,28,11,Đồng Tháp,Xã Tân Phú Trung,10.2545007,105.7361294,116,Unhealthy for Sensitive Groups,2,28.4,70,0.0,9.9,38,1012.4,90,23.1,23.7,398.0,4.6,134.0,15.2
2025-12-28 12:00:00,2025,12,28,12,Đồng Tháp,Xã Tân Phú Trung,10.2545007,105.7361294,114,Unhealthy for Sensitive Groups,2,29.3,67,0.0,7.4,47,1011.5,23,21.6,22.1,377.0,3.5,145.0,12.9
2025-12-28 13:00:00,2025,12,28,13,Đồng Tháp,Xã Tân Phú Trung,10.2545007,105.7361294,112,Unhealthy for Sensitive Groups,2,29.8,63,0.0,7.1,27,1010.6,23,20.6,21.1,362.0,3.0,153.0,11.1
2025-12-28 14:00:00,2025,12,28,14,Đồng Tháp,Xã Tân Phú Trung,10.2545007,105.7361294,110,Unhealthy for Sensitive Groups,2,30.0,60,0.0,8.7,24,1009.8,16,20.3,20.7,348.0,2.3,158.0,10.2
2025-12-28 15:00:00,2025,12,28,15,Đồng Tháp,Xã Tân Phú Trung,10.2545007,105.7361294,108,Unhealthy for Sensitive Groups,2,30.0,59,0.0,8.0,23,1009.8,2,19.9,20.3,338.0,2.3,159.0,9.8
2025-12-28 16:00:00,2025,12,28,16,Đồng Tháp,Xã Tân Phú Trung,10.2545007,105.7361294,106,Unhealthy for Sensitive Groups,2,29.6,60,0.0,6.4,32,1010.0,5,20.9,21.3,339.0,4.3,152.0,10.4
2025-12-28 17:00:00,2025,12,28,17,Đồng Tháp,Xã Tân Phú Trung,10.2545007,105.7361294,104,Unhealthy for Sensitive Groups,2,28.9,69,0.0,3.3,29,1010.5,7,26.8,27.1,357.0,10.6,133.0,12.8
2025-12-28 18:00:00,2025,12,28,18,Đồng Tháp,Xã Tân Phú Trung,10.2545007,105.7361294,111,Unhealthy for Sensitive Groups,2,27.2,73,0.0,1.3,124,1010.8,6,38.9,39.2,384.0,18.9,107.0,16.2
2025-12-28 19:00:00,2025,12,28,19,Đồng Tháp,Xã Tân Phú Trung,10.2545007,105.7361294,109,Unhealthy for Sensitive Groups,2,25.6,82,0.0,11.8,151,1011.8,76,40.7,41.4,408.0,24.8,76.0,16.4
2025-12-28 20:00:00,2025,12,28,20,Đồng Tháp,Xã Tân Phú Trung,10.2545007,105.7361294,100,Moderate,1,24.8,86,0.0,7.1,156,1012.8,98,39.3,40.3,426.0,22.4,74.0,15.5
2025-12-28 21:00:00,2025,12,28,21,Đồng Tháp,Xã Tân Phú Trung,10.2545007,105.7361294,98,Moderate,1,24.6,88,0.0,8.5,144,1013.1,75,34.9,36.7,440.0,19.1,70.0,14.2
2025-12-28 22:00:00,2025,12,28,22,Đồng Tháp,Xã Tân Phú Trung,10.2545007,105.7361294,97,Moderate,1,24.4,89,0.0,9.1,142,1012.5,1,30.7,33.2,440.0,16.9,66.0,13.1
2025-12-28 23:00:00,2025,12,28,23,Đồng Tháp,Xã Tân Phú Trung,10.2545007,105.7361294,95,Moderate,1,24.0,92,0.0,7.9,129,1012.2,93,28.5,31.1,416.0,16.8,61.0,12.2
2025-12-29 00:00:00,2025,12,29,0,Đồng Tháp,Xã Tân Phú Trung,10.2545007,105.7361294,94,Moderate,1,23.5,95,0.0,4.8,121,1012.0,98,28.6,31.3,378.0,17.7,54.0,11.3
2025-12-29 01:00:00,2025,12,29,1,Đồng Tháp,Xã Tân Phú Trung,10.2545007,105.7361294,94,Moderate,1,23.3,96,0.0,3.8,107,1011.7,88,30.6,33.5,345.0,19.1,49.0,11.1
2025-12-29 02:00:00,2025,12,29,2,Đồng Tháp,Xã Tân Phú Trung,10.2545007,105.7361294,93,Moderate,1,23.4,96,0.0,3.7,79,1011.2,81,32.8,36.0,317.0,20.7,45.0,11.6
2025-12-29 03:00:00,2025,12,29,3,Đồng Tháp,Xã Tân Phú Trung,10.2545007,105.7361294,93,Moderate,1,23.2,96,0.0,2.8,63,1010.7,83,35.9,39.1,293.0,22.7,43.0,12.7
2025-12-29 04:00:00,2025,12,29,4,Đồng Tháp,Xã Tân Phú Trung,10.2545007,105.7361294,93,Moderate,1,23.1,96,0.0,2.2,90,1010.8,38,38.4,41.8,290.0,24.6,41.0,14.1
2025-12-29 05:00:00,2025,12,29,5,Đồng Tháp,Xã Tân Phú Trung,10.2545007,105.7361294,92,Moderate,1,23.0,96,0.0,2.4,99,1011.1,62,40.2,43.8,329.0,27.0,39.0,16.5
2025-12-29 06:00:00,2025,12,29,6,Đồng Tháp,Xã Tân Phú Trung,10.2545007,105.7361294,91,Moderate,1,22.9,96,0.0,1.5,97,1011.5,100,43.9,47.6,389.0,29.3,38.0,19.2
2025-12-29 07:00:00,2025,12,29,7,Đồng Tháp,Xã Tân Phú Trung,10.2545007,105.7361294,90,Moderate,1,24.0,94,0.0,1.2,63,1012.1,100,57.6,64.7,423.0,37.1,41.0,23.2
2025-12-29 08:00:00,2025,12,29,8,Đồng Tháp,Xã Tân Phú Trung,10.2545007,105.7361294,91,Moderate,1,25.0,90,0.3,3.1,62,1012.8,100,46.8,53.7,405.0,29.9,60.0,21.6
2025-12-29 09:00:00,2025,12,29,9,Đồng Tháp,Xã Tân Phú Trung,10.2545007,105.7361294,92,Moderate,1,26.5,80,0.1,3.3,9,1013.2,100,35.6,42.5,361.0,19.9,87.0,19.2
2025-12-29 10:00:00,2025,12,29,10,Đồng Tháp,Xã Tân Phú Trung,10.2545007,105.7361294,94,Moderate,1,27.6,73,0.1,6.1,2,1013.0,99,33.9,40.7,322.0,11.7,111.0,16.6
2025-12-29 11:00:00,2025,12,29,11,Đồng Tháp,Xã Tân Phú Trung,10.2545007,105.7361294,95,Moderate,1,28.5,69,0.0,7.5,10,1012.3,100,29.8,32.5,299.0,7.1,128.0,13.6
2025-12-29 12:00:00,2025,12,29,12,Đồng Tháp,Xã Tân Phú Trung,10.2545007,105.7361294,95,Moderate,1,29.0,67,0.0,8.0,20,1011.4,100,27.1,28.9,282.0,4.3,142.0,10.3
2025-12-29 13:00:00,2025,12,29,13,Đồng Tháp,Xã Tân Phú Trung,10.2545007,105.7361294,96,Moderate,1,29.5,62,0.0,9.1,22,1010.4,100,23.9,25.2,271.0,2.7,151.0,7.9
2025-12-29 14:00:00,2025,12,29,14,Đồng Tháp,Xã Tân Phú Trung,10.2545007,105.7361294,96,Moderate,1,29.7,61,0.0,8.5,21,1009.5,100,22.3,23.4,250.0,1.2,154.0,6.3
2025-12-29 15:00:00,2025,12,29,15,Đồng Tháp,Xã Tân Phú Trung,10.2545007,105.7361294,96,Moderate,1,29.9,60,0.0,8.2,23,1009.1,100,21.2,22.1,235.0,0.9,151.0,5.5
2025-12-29 16:00:00,2025,12,29,16,Đồng Tháp,Xã Tân Phú Trung,10.2545007,105.7361294,96,Moderate,1,29.5,61,0.0,7.6,27,1009.3,100,20.4,21.1,272.0,4.1,142.0,6.5
2025-12-29 17:00:00,2025,12,29,17,Đồng Tháp,Xã Tân Phú Trung,10.2545007,105.7361294,96,Moderate,1,28.5,72,0.0,4.1,52,1009.6,100,25.6,26.1,425.0,14.3,121.0,10.9
2025-12-29 18:00:00,2025,12,29,18,Đồng Tháp,Xã Tân Phú Trung,10.2545007,105.7361294,101,Unhealthy for Sensitive Groups,2,26.8,76,0.0,4.1,38,1010.1,100,38.9,39.5,630.0,28.0,93.0,17.2
2025-12-29 19:00:00,2025,12,29,19,Đồng Tháp,Xã Tân Phú Trung,10.2545007,105.7361294,97,Moderate,1,26.1,77,0.0,4.5,16,1010.6,100,49.8,50.9,743.0,34.2,68.0,19.9
2025-12-29 20:00:00,2025,12,29,20,Đồng Tháp,Xã Tân Phú Trung,10.2545007,105.7361294,97,Moderate,1,25.8,76,0.0,4.0,30,1010.8,100,63.6,65.0,672.0,37.3,60.0,23.3
2025-12-29 21:00:00,2025,12,29,21,Đồng Tháp,Xã Tân Phú Trung,10.2545007,105.7361294,99,Moderate,1,24.6,80,0.0,6.3,83,1011.0,100,70.5,72.2,509.0,41.4,49.0,27.8
2025-12-29 22:00:00,2025,12,29,22,Đồng Tháp,Xã Tân Phú Trung,10.2545007,105.7361294,103,Unhealthy for Sensitive Groups,2,24.0,89,0.0,11.0,125,1011.0,100,72.2,73.8,380.0,42.1,42.0,29.4
2025-12-29 23:00:00,2025,12,29,23,Đồng Tháp,Xã Tân Phú Trung,10.2545007,105.7361294,107,Unhealthy for Sensitive Groups,2,23.4,93,0.0,9.1,126,1011.2,100,57.2,58.4,338.0,36.3,44.0,25.2
2025-12-30 00:00:00,2025,12,30,0,Đồng Tháp,Xã Tân Phú Trung,10.2545007,105.7361294,110,Unhealthy for Sensitive Groups,2,22.9,94,0.0,6.5,136,1011.0,99,46.9,48.4,331.0,27.3,50.0,18.2
2025-12-30 01:00:00,2025,12,30,1,Đồng Tháp,Xã Tân Phú Trung,10.2545007,105.7361294,112,Unhealthy for Sensitive Groups,2,22.8,96,0.0,6.4,130,1010.7,100,40.9,42.5,325.0,20.5,55.0,12.9
2025-12-30 02:00:00,2025,12,30,2,Đồng Tháp,Xã Tân Phú Trung,10.2545007,105.7361294,113,Unhealthy for Sensitive Groups,2,22.8,96,0.0,5.8,116,1010.1,100,37.8,39.8,307.0,18.7,55.0,11.5
2025-12-30 03:00:00,2025,12,30,3,Đồng Tháp,Xã Tân Phú Trung,10.2545007,105.7361294,113,Unhealthy for Sensitive Groups,2,22.5,96,0.0,5.4,124,1009.8,100,37.5,40.4,291.0,19.2,53.0,11.8
2025-12-30 04:00:00,2025,12,30,4,Đồng Tháp,Xã Tân Phú Trung,10.2545007,105.7361294,114,Unhealthy for Sensitive Groups,2,22.2,96,0.0,5.1,132,1010.0,100,36.0,39.5,289.0,19.6,52.0,12.2
2025-12-30 05:00:00,2025,12,30,5,Đồng Tháp,Xã Tân Phú Trung,10.2545007,105.7361294,113,Unhealthy for Sensitive Groups,2,22.0,96,0.0,4.7,133,1010.4,100,35.3,38.8,318.0,19.5,52.0,12.4
2025-12-30 06:00:00,2025,12,30,6,Đồng Tháp,Xã Tân Phú Trung,10.2545007,105.7361294,113,Unhealthy for Sensitive Groups,2,21.6,96,0.0,5.0,136,1010.9,97,34.6,38.2,362.0,19.3,52.0,12.7
2025-12-30 07:00:00,2025,12,30,7,Đồng Tháp,Xã Tân Phú Trung,10.2545007,105.7361294,112,Unhealthy for Sensitive Groups,2,23.1,93,0.0,5.8,154,1011.7,27,29.6,33.4,384.0,16.5,58.0,11.4
2025-12-30 08:00:00,2025,12,30,8,Đồng Tháp,Xã Tân Phú Trung,10.2545007,105.7361294,109,Unhealthy for Sensitive Groups,2,24.7,89,0.0,4.7,130,1012.6,1,25.6,29.7,360.0,14.1,68.0,11.2
2025-12-30 09:00:00,2025,12,30,9,Đồng Tháp,Xã Tân Phú Trung,10.2545007,105.7361294,107,Unhealthy for Sensitive Groups,2,26.2,81,0.0,8.7,117,1012.7,16,24.7,28.3,314.0,10.7,83.0,11.0
2025-12-30 10:00:00,2025,12,30,10,Đồng Tháp,Xã Tân Phú Trung,10.2545007,105.7361294,106,Unhealthy for Sensitive Groups,2,27.2,75,0.0,8.1,102,1012.6,35,26.0,28.5,279.0,7.7,98.0,10.5
2025-12-30 11:00:00,2025,12,30,11,Đồng Tháp,Xã Tân Phú Trung,10.2545007,105.7361294,105,Unhealthy for Sensitive Groups,2,27.9,70,0.1,8.3,84,1011.9,45,27.5,29.3,268.0,5.6,114.0,9.5
2025-12-30 12:00:00,2025,12,30,12,Đồng Tháp,Xã Tân Phú Trung,10.2545007,105.7361294,104,Unhealthy for Sensitive Groups,2,28.5,66,0.0,8.1,84,1011.0,39,28.0,29.6,268.0,4.0,131.0,8.4
2025-12-30 13:00:00,2025,12,30,13,Đồng Tháp,Xã Tân Phú Trung,10.2545007,105.7361294,105,Unhealthy for Sensitive Groups,2,29.1,61,0.0,6.2,73,1009.9,24,28.4,29.9,270.0,3.0,144.0,7.5
2025-12-30 14:00:00,2025,12,30,14,Đồng Tháp,Xã Tân Phú Trung,10.2545007,105.7361294,105,Unhealthy for Sensitive Groups,2,29.1,60,0.0,5.2,65,1008.9,90,28.5,29.9,252.0,2.0,152.0,6.7
2025-12-30 15:00:00,2025,12,30,15,Đồng Tháp,Xã Tân Phú Trung,10.2545007,105.7361294,106,Unhealthy for Sensitive Groups,2,29.2,58,0.0,4.1,45,1008.4,70,29.4,30.9,235.0,1.6,155.0,6.3
2025-12-30 16:00:00,2025,12,30,16,Đồng Tháp,Xã Tân Phú Trung,10.2545007,105.7361294,107,Unhealthy for Sensitive Groups,2,29.0,58,0.0,4.8,20,1008.2,59,30.4,31.9,277.0,4.2,150.0,7.4
2025-12-30 17:00:00,2025,12,30,17,Đồng Tháp,Xã Tân Phú Trung,10.2545007,105.7361294,108,Unhealthy for Sensitive Groups,2,27.9,70,0.0,3.5,12,1008.5,88,35.7,37.0,453.0,12.9,132.0,11.6
2025-12-30 18:00:00,2025,12,30,18,Đồng Tháp,Xã Tân Phú Trung,10.2545007,105.7361294,109,Unhealthy for Sensitive Groups,2,26.4,73,0.0,2.4,13,1008.8,64,51.3,52.4,687.0,24.6,107.0,17.4
2025-12-30 19:00:00,2025,12,30,19,Đồng Tháp,Xã Tân Phú Trung,10.2545007,105.7361294,110,Unhealthy for Sensitive Groups,2,26.1,74,0.0,1.1,90,1009.4,30,66.8,68.0,806.0,35.8,82.0,22.3
2025-12-30 20:00:00,2025,12,30,20,Đồng Tháp,Xã Tân Phú Trung,10.2545007,105.7361294,112,Unhealthy for Sensitive Groups,2,25.0,78,0.0,8.7,137,1009.9,1,74.7,75.9,696.0,33.1,76.0,21.5
2025-12-30 21:00:00,2025,12,30,21,Đồng Tháp,Xã Tân Phú Trung,10.2545007,105.7361294,113,Unhealthy for Sensitive Groups,2,23.8,78,0.0,9.4,128,1010.2,2,67.3,68.5,472.0,29.2,68.0,20.3
2025-12-30 22:00:00,2025,12,30,22,Đồng Tháp,Xã Tân Phú Trung,10.2545007,105.7361294,113,Unhealthy for Sensitive Groups,2,23.2,81,0.0,7.4,133,1010.4,56,49.6,51.0,301.0,25.5,62.0,18.6
2025-12-30 23:00:00,2025,12,30,23,Đồng Tháp,Xã Tân Phú Trung,10.2545007,105.7361294,110,Unhealthy for Sensitive Groups,2,22.8,83,0.0,8.2,140,1010.3,74,36.6,38.1,258.0,22.1,59.0,15.7
2025-12-31 00:00:00,2025,12,31,0,Đồng Tháp,Xã Tân Phú Trung,10.2545007,105.7361294,108,Unhealthy for Sensitive Groups,2,22.4,86,0.0,7.6,137,1010.4,94,28.2,30.3,269.0,18.8,57.0,12.2
2025-12-31 01:00:00,2025,12,31,1,Đồng Tháp,Xã Tân Phú Trung,10.2545007,105.7361294,106,Unhealthy for Sensitive Groups,2,22.1,90,0.0,7.7,131,1010.0,93,24.0,26.1,280.0,16.7,55.0,9.8
2025-12-31 02:00:00,2025,12,31,2,Đồng Tháp,Xã Tân Phú Trung,10.2545007,105.7361294,104,Unhealthy for Sensitive Groups,2,22.3,89,0.0,8.5,132,1009.6,87,22.6,24.9,269.0,16.2,54.0,9.1
2025-12-31 03:00:00,2025,12,31,3,Đồng Tháp,Xã Tân Phú Trung,10.2545007,105.7361294,103,Unhealthy for Sensitive Groups,2,22.2,89,0.0,8.0,130,1009.1,47,24.3,26.7,258.0,16.9,53.0,9.5
2025-12-31 04:00:00,2025,12,31,4,Đồng Tháp,Xã Tân Phú Trung,10.2545007,105.7361294,101,Unhealthy for Sensitive Groups,2,21.8,91,0.0,5.5,134,1009.1,95,26.8,29.6,262.0,18.5,52.0,10.8
2025-12-31 05:00:00,2025,12,31,5,Đồng Tháp,Xã Tân Phú Trung,10.2545007,105.7361294,100,Moderate,1,21.4,92,0.0,4.6,129,1009.8,73,30.2,33.2,299.0,22.5,48.0,13.9
2025-12-31 06:00:00,2025,12,31,6,Đồng Tháp,Xã Tân Phú Trung,10.2545007,105.7361294,100,Moderate,1,21.4,91,0.0,2.6,129,1010.0,95,35.6,38.8,352.0,27.5,44.0,17.8
2025-12-31 07:00:00,2025,12,31,7,Đồng Tháp,Xã Tân Phú Trung,10.2545007,105.7361294,100,Moderate,1,22.9,86,0.0,0.5,180,1010.7,48,37.8,41.4,377.0,27.0,49.0,17.1
2025-12-31 08:00:00,2025,12,31,8,Đồng Tháp,Xã Tân Phú Trung,10.2545007,105.7361294,101,Unhealthy for Sensitive Groups,2,24.3,84,0.0,3.9,146,1011.3,62,31.1,34.7,347.0,21.7,65.0,16.0
2025-12-31 09:00:00,2025,12,31,9,Đồng Tháp,Xã Tân Phú Trung,10.2545007,105.7361294,101,Unhealthy for Sensitive Groups,2,25.9,79,0.0,7.0,136,1011.6,3,25.1,29.3,291.0,14.4,87.0,14.4
2025-12-31 10:00:00,2025,12,31,10,Đồng Tháp,Xã Tân Phú Trung,10.2545007,105.7361294,101,Unhealthy for Sensitive Groups,2,27.1,71,0.0,5.5,117,1011.2,57,24.5,29.7,249.0,8.5,107.0,12.8
2025-12-31 11:00:00,2025,12,31,11,Đồng Tháp,Xã Tân Phú Trung,10.2545007,105.7361294,101,Unhealthy for Sensitive Groups,2,28.0,67,0.0,4.5,74,1010.4,16,24.0,27.2,240.0,5.4,124.0,11.2
2025-12-31 12:00:00,2025,12,31,12,Đồng Tháp,Xã Tân Phú Trung,10.2545007,105.7361294,101,Unhealthy for Sensitive Groups,2,28.7,61,0.0,5.5,46,1009.2,21,24.3,26.0,246.0,3.8,138.0,9.6
2025-12-31 13:00:00,2025,12,31,13,Đồng Tháp,Xã Tân Phú Trung,10.2545007,105.7361294,101,Unhealthy for Sensitive Groups,2,29.0,58,0.0,4.7,40,1008.4,35,24.8,26.3,252.0,3.0,149.0,8.4
2025-12-31 14:00:00,2025,12,31,14,Đồng Tháp,Xã Tân Phú Trung,10.2545007,105.7361294,100,Moderate,1,29.3,58,0.0,5.6,21,1007.3,41,25.0,26.4,233.0,2.2,156.0,7.6
2025-12-31 15:00:00,2025,12,31,15,Đồng Tháp,Xã Tân Phú Trung,10.2545007,105.7361294,100,Moderate,1,29.2,58,0.0,5.1,17,1006.9,58,25.6,27.0,214.0,2.2,159.0,7.2
2025-12-31 16:00:00,2025,12,31,16,Đồng Tháp,Xã Tân Phú Trung,10.2545007,105.7361294,99,Moderate,1,29.0,58,0.0,3.3,9,1006.8,47,26.3,27.5,261.0,4.4,155.0,7.9
2025-12-31 17:00:00,2025,12,31,17,Đồng Tháp,Xã Tân Phú Trung,10.2545007,105.7361294,99,Moderate,1,28.6,61,0.0,0.7,14,1006.8,29,31.8,32.8,461.0,11.0,137.0,10.9
2025-12-31 18:00:00,2025,12,31,18,Đồng Tháp,Xã Tân Phú Trung,10.2545007,105.7361294,106,Unhealthy for Sensitive Groups,2,26.9,68,0.0,0.6,214,1007.6,12,42.5,43.3,726.0,19.7,112.0,15.1
2025-12-31 19:00:00,2025,12,31,19,Đồng Tháp,Xã Tân Phú Trung,10.2545007,105.7361294,107,Unhealthy for Sensitive Groups,2,25.0,79,0.0,5.3,192,1008.0,36,65.2,66.4,860.0,36.5,85.0,23.0
2025-12-31 20:00:00,2025,12,31,20,Đồng Tháp,Xã Tân Phú Trung,10.2545007,105.7361294,99,Moderate,1,24.9,78,0.0,6.5,167,1008.9,72,61.7,62.6,732.0,31.7,82.0,21.1
2025-12-31 21:00:00,2025,12,31,21,Đồng Tháp,Xã Tân Phú Trung,10.2545007,105.7361294,97,Moderate,1,24.7,77,0.0,16.5,124,1009.4,63,50.1,51.0,471.0,25.0,77.0,18.4
2025-12-31 22:00:00,2025,12,31,22,Đồng Tháp,Xã Tân Phú Trung,10.2545007,105.7361294,95,Moderate,1,23.4,82,0.0,12.7,122,1009.4,92,38.4,39.8,271.0,19.5,74.0,15.7
2025-12-31 23:00:00,2025,12,31,23,Đồng Tháp,Xã Tân Phú Trung,10.2545007,105.7361294,94,Moderate,1,23.0,83,0.0,11.3,121,1009.6,98,29.3,31.2,213.0,16.3,73.0,13.0
2026-01-01 00:00:00,2026,1,1,0,Đồng Tháp,Xã Tân Phú Trung,10.2545007,105.7361294,94,Moderate,1,22.5,86,0.0,9.9,128,1009.6,18,23.6,25.7,215.0,14.3,72.0,10.3
2026-01-01 01:00:00,2026,1,1,1,Đồng Tháp,Xã Tân Phú Trung,10.2545007,105.7361294,93,Moderate,1,22.3,90,0.0,9.6,130,1009.0,4,20.6,22.8,222.0,13.1,71.0,8.4
2026-01-01 02:00:00,2026,1,1,2,Đồng Tháp,Xã Tân Phú Trung,10.2545007,105.7361294,93,Moderate,1,22.2,90,0.0,8.2,131,1008.6,63,19.5,21.7,210.0,12.6,69.0,7.5
2026-01-01 03:00:00,2026,1,1,3,Đồng Tháp,Xã Tân Phú Trung,10.2545007,105.7361294,93,Moderate,1,21.9,93,0.0,5.8,126,1008.0,59,19.6,21.8,203.0,12.8,67.0,7.4
2026-01-01 04:00:00,2026,1,1,4,Đồng Tháp,Xã Tân Phú Trung,10.2545007,105.7361294,92,Moderate,1,21.5,94,0.0,5.1,129,1008.3,60,20.6,22.8,212.0,13.9,64.0,8.1
2026-01-01 05:00:00,2026,1,1,5,Đồng Tháp,Xã Tân Phú Trung,10.2545007,105.7361294,92,Moderate,1,21.4,93,0.0,3.9,143,1008.9,9,22.4,24.7,255.0,16.9,59.0,10.1
2026-01-01 06:00:00,2026,1,1,6,Đồng Tháp,Xã Tân Phú Trung,10.2545007,105.7361294,91,Moderate,1,21.4,93,0.0,2.6,155,1009.7,65,25.6,28.2,313.0,20.6,54.0,12.9
2026-01-01 07:00:00,2026,1,1,7,Đồng Tháp,Xã Tân Phú Trung,10.2545007,105.7361294,90,Moderate,1,22.6,91,0.0,3.8,139,1010.5,63,29.3,31.9,346.0,19.4,53.0,12.4
2026-01-01 08:00:00,2026,1,1,8,Đồng Tháp,Xã Tân Phú Trung,10.2545007,105.7361294,89,Moderate,1,24.1,86,0.0,4.2,130,1011.9,61,25.1,28.1,327.0,15.8,70.0,12.2
2026-01-01 09:00:00,2026,1,1,9,Đồng Tháp,Xã Tân Phú Trung,10.2545007,105.7361294,89,Moderate,1,25.6,81,0.0,6.3,125,1012.7,39,22.5,26.4,282.0,10.9,93.0,12.0
2026-01-01 10:00:00,2026,1,1,10,Đồng Tháp,Xã Tân Phú Trung,10.2545007,105.7361294,89,Moderate,1,26.9,73,0.0,6.4,119,1012.6,35,22.4,27.2,249.0,6.9,114.0,11.5
2026-01-01 11:00:00,2026,1,1,11,Đồng Tháp,Xã Tân Phú Trung,10.2545007,105.7361294,88,Moderate,1,27.6,68,0.0,3.2,74,1012.4,70,24.2,27.7,245.0,4.8,131.0,10.7
2026-01-01 12:00:00,2026,1,1,12,Đồng Tháp,Xã Tân Phú Trung,10.2545007,105.7361294,88,Moderate,1,28.0,64,0.0,4.7,40,1011.8,51,25.3,27.1,252.0,3.6,145.0,9.7
2026-01-01 13:00:00,2026,1,1,13,Đồng Tháp,Xã Tân Phú Trung,10.2545007,105.7361294,88,Moderate,1,28.7,61,0.0,6.2,36,1010.7,71,26.1,27.6,258.0,3.0,154.0,8.8
2026-01-01 14:00:00,2026,1,1,14,Đồng Tháp,Xã Tân Phú Trung,10.2545007,105.7361294,89,Moderate,1,29.0,60,0.0,7.6,14,1009.7,38,25.7,27.1,237.0,2.4,158.0,7.8
2026-01-01 15:00:00,2026,1,1,15,Đồng Tháp,Xã Tân Phú Trung,10.2545007,105.7361294,89,Moderate,1,29.0,58,0.0,7.2,12,1009.1,70,25.8,27.0,215.0,2.3,157.0,7.0
2026-01-01 16:00:00,2026,1,1,16,Đồng Tháp,Xã Tân Phú Trung,10.2545007,105.7361294,89,Moderate,1,28.6,59,0.0,6.4,32,1009.1,57,26.2,27.4,256.0,4.4,150.0,7.4
2026-01-01 17:00:00,2026,1,1,17,Đồng Tháp,Xã Tân Phú Trung,10.2545007,105.7361294,101,Unhealthy for Sensitive Groups,2,27.6,70,0.0,4.3,48,1009.1,31,29.7,30.7,441.0,10.9,131.0,10.2
2026-01-01 18:00:00,2026,1,1,18,Đồng Tháp,Xã Tân Phú Trung,10.2545007,105.7361294,109,Unhealthy for Sensitive Groups,2,25.9,75,0.0,4.2,83,1009.7,31,40.0,40.9,689.0,19.5,106.0,14.3
2026-01-01 19:00:00,2026,1,1,19,Đồng Tháp,Xã Tân Phú Trung,10.2545007,105.7361294,107,Unhealthy for Sensitive Groups,2,25.1,81,0.0,4.4,97,1010.3,100,49.9,50.5,825.0,27.5,82.0,17.3
2026-01-01 20:00:00,2026,1,1,20,Đồng Tháp,Xã Tân Phú Trung,10.2545007,105.7361294,97,Moderate,1,24.5,82,0.0,5.3,118,1010.9,100,52.3,53.0,740.0,25.0,81.0,16.9
2026-01-01 21:00:00,2026,1,1,21,Đồng Tháp,Xã Tân Phú Trung,10.2545007,105.7361294,86,Moderate,1,24.4,81,0.0,12.9,133,1011.6,100,48.1,49.0,541.0,21.5,80.0,16.3
2026-01-01 22:00:00,2026,1,1,22,Đồng Tháp,Xã Tân Phú Trung,10.2545007,105.7361294,86,Moderate,1,23.5,86,0.0,10.2,131,1011.6,100,39.2,40.4,378.0,18.5,79.0,15.2
2026-01-01 23:00:00,2026,1,1,23,Đồng Tháp,Xã Tân Phú Trung,10.2545007,105.7361294,86,Moderate,1,23.1,87,0.0,9.3,124,1011.7,98,31.9,33.5,305.0,16.4,78.0,13.2
2026-01-02 00:00:00,2026,1,2,0,Đồng Tháp,Xã Tân Phú Trung,10.2545007,105.7361294,86,Moderate,1,22.9,88,0.0,8.9,115,1011.9,100,27.0,28.9,267.0,14.7,76.0,10.7
2026-01-02 01:00:00,2026,1,2,1,Đồng Tháp,Xã Tân Phú Trung,10.2545007,105.7361294,86,Moderate,1,22.8,89,0.0,7.1,111,1011.5,99,24.9,27.1,244.0,13.9,73.0,9.0
2026-01-02 02:00:00,2026,1,2,2,Đồng Tháp,Xã Tân Phú Trung,10.2545007,105.7361294,87,Moderate,1,22.3,90,0.0,5.2,104,1011.0,100,24.4,26.7,229.0,14.0,69.0,8.5
2026-01-02 03:00:00,2026,1,2,3,Đồng Tháp,Xã Tân Phú Trung,10.2545007,105.7361294,87,Moderate,1,22.0,90,0.0,4.7,97,1010.0,100,25.3,27.8,228.0,15.0,63.0,8.8
2026-01-02 04:00:00,2026,1,2,4,Đồng Tháp,Xã Tân Phú Trung,10.2545007,105.7361294,88,Moderate,1,22.0,89,0.0,3.1,69,1009.9,100,27.0,29.5,243.0,17.0,58.0,10.1
2026-01-02 05:00:00,2026,1,2,5,Đồng Tháp,Xã Tân Phú Trung,10.2545007,105.7361294,88,Moderate,1,21.6,92,0.0,5.0,46,1010.3,100,29.4,32.1,289.0,21.4,50.0,13.3
2026-01-02 06:00:00,2026,1,2,6,Đồng Tháp,Xã Tân Phú Trung,10.2545007,105.7361294,89,Moderate,1,21.5,94,0.0,4.8,25,1011.0,98,33.6,36.7,350.0,26.8,41.0,17.5
2026-01-02 07:00:00,2026,1,2,7,Đồng Tháp,Xã Tân Phú Trung,10.2545007,105.7361294,90,Moderate,1,22.6,93,0.0,4.8,329,1012.1,34,39.6,42.8,383.0,26.2,44.0,18.7
2026-01-02 08:00:00,2026,1,2,8,Đồng Tháp,Xã Tân Phú Trung,10.2545007,105.7361294,91,Moderate,1,24.3,87,0.0,6.4,10,1013.5,31,32.5,35.7,360.0,21.2,62.0,17.9
2026-01-02 09:00:00,2026,1,2,9,Đồng Tháp,Xã Tân Phú Trung,10.2545007,105.7361294,91,Moderate,1,25.6,80,0.0,8.5,13,1014.1,27,25.9,27.7,309.0,14.3,88.0,16.7
2026-01-02 10:00:00,2026,1,2,10,Đồng Tháp,Xã Tân Phú Trung,10.2545007,105.7361294,92,Moderate,1,26.8,73,0.0,7.2,12,1014.0,38,22.4,23.4,266.0,8.7,111.0,15.4
2026-01-02 11:00:00,2026,1,2,11,Đồng Tháp,Xã Tân Phú Trung,10.2545007,105.7361294,92,Moderate,1,27.8,65,0.0,5.8,4,1013.4,36,21.7,22.6,243.0,5.7,130.0,13.8
2026-01-02 12:00:00,2026,1,2,12,Đồng Tháp,Xã Tân Phú Trung,10.2545007,105.7361294,91,Moderate,1,28.5,59,0.0,5.0,15,1012.4,100,21.4,22.4,228.0,4.0,147.0,12.0
2026-01-02 13:00:00,2026,1,2,13,Đồng Tháp,Xã Tân Phú Trung,10.2545007,105.7361294,91,Moderate,1,28.9,55,0.0,3.1,31,1011.7,1,22.2,23.1,224.0,3.1,159.0,10.7
2026-01-02 14:00:00,2026,1,2,14,Đồng Tháp,Xã Tân Phú Trung,10.2545007,105.7361294,91,Moderate,1,29.3,55,0.0,4.5,83,1010.7,6,23.5,24.3,235.0,2.5,167.0,10.1
2026-01-02 15:00:00,2026,1,2,15,Đồng Tháp,Xã Tân Phú Trung,10.2545007,105.7361294,90,Moderate,1,29.1,58,0.0,6.8,102,1010.4,9,24.4,25.1,256.0,2.6,170.0,10.1
2026-01-02 16:00:00,2026,1,2,16,Đồng Tháp,Xã Tân Phú Trung,10.2545007,105.7361294,90,Moderate,1,28.9,58,0.0,8.4,121,1010.5,34,24.4,25.2,277.0,4.3,163.0,10.5
2026-01-02 17:00:00,2026,1,2,17,Đồng Tháp,Xã Tân Phú Trung,10.2545007,105.7361294,108,Unhealthy for Sensitive Groups,2,27.4,69,0.0,10.9,144,1010.9,23,26.7,27.4,295.0,9.0,141.0,11.7
2026-01-02 18:00:00,2026,1,2,18,Đồng Tháp,Xã Tân Phú Trung,10.2545007,105.7361294,119,Unhealthy for Sensitive Groups,2,25.7,74,0.0,8.4,161,1011.6,7,31.1,31.7,313.0,15.2,109.0,13.5
2026-01-02 19:00:00,2026,1,2,19,Đồng Tháp,Xã Tân Phú Trung,10.2545007,105.7361294,119,Unhealthy for Sensitive Groups,2,24.1,79,0.0,7.1,128,1012.1,20,35.4,37.4,328.0,19.8,78.0,14.0
2026-01-02 20:00:00,2026,1,2,20,Đồng Tháp,Xã Tân Phú Trung,10.2545007,105.7361294,108,Unhealthy for Sensitive Groups,2,23.7,83,0.0,5.7,125,1012.9,2,32.8,35.3,338.0,20.2,70.0,14.2
2026-01-02 21:00:00,2026,1,2,21,Đồng Tháp,Xã Tân Phú Trung,10.2545007,105.7361294,91,Moderate,1,23.0,87,0.0,5.3,145,1013.2,17,30.7,33.2,345.0,20.7,59.0,14.4
2026-01-02 22:00:00,2026,1,2,22,Đồng Tháp,Xã Tân Phú Trung,10.2545007,105.7361294,85,Moderate,1,22.7,89,0.0,5.9,157,1013.1,0,31.5,34.1,347.0,21.2,50.0,14.4
2026-01-02 23:00:00,2026,1,2,23,Đồng Tháp,Xã Tân Phú Trung,10.2545007,105.7361294,84,Moderate,1,22.6,92,0.0,5.6,153,1013.2,1,31.9,34.5,339.0,21.6,47.0,13.9
2026-01-03 00:00:00,2026,1,3,0,Đồng Tháp,Xã Tân Phú Trung,10.2545007,105.7361294,84,Moderate,1,22.5,93,0.0,6.1,157,1013.6,80,31.5,34.3,326.0,21.9,46.0,13.2
2026-01-03 01:00:00,2026,1,3,1,Đồng Tháp,Xã Tân Phú Trung,10.2545007,105.7361294,84,Moderate,1,22.2,95,0.0,4.6,144,1013.0,70,34.5,37.5,318.0,22.5,44.0,12.8
2026-01-03 02:00:00,2026,1,3,2,Đồng Tháp,Xã Tân Phú Trung,10.2545007,105.7361294,85,Moderate,1,22.0,95,0.0,4.3,68,1012.8,97,40.5,43.8,323.0,23.9,39.0,13.1
2026-01-03 03:00:00,2026,1,3,3,Đồng Tháp,Xã Tân Phú Trung,10.2545007,105.7361294,87,Moderate,1,21.6,97,0.0,4.3,17,1012.2,100,44.2,47.4,334.0,25.5,33.0,13.6
2026-01-03 04:00:00,2026,1,3,4,Đồng Tháp,Xã Tân Phú Trung,10.2545007,105.7361294,88,Moderate,1,21.9,98,0.0,6.5,355,1012.1,63,41.6,44.1,339.0,25.6,31.0,13.6
2026-01-03 05:00:00,2026,1,3,5,Đồng Tháp,Xã Tân Phú Trung,10.2545007,105.7361294,89,Moderate,1,21.8,97,0.0,7.0,356,1012.3,23,36.7,38.9,331.0,23.1,33.0,12.6
2026-01-03 06:00:00,2026,1,3,6,Đồng Tháp,Xã Tân Phú Trung,10.2545007,105.7361294,90,Moderate,1,21.4,93,0.0,7.8,7,1013.1,43,31.5,33.4,317.0,19.1,38.0,11.2
2026-01-03 07:00:00,2026,1,3,7,Đồng Tháp,Xã Tân Phú Trung,10.2545007,105.7361294,90,Moderate,1,21.9,88,0.0,8.7,356,1013.7,81,37.1,38.3,303.0,19.2,43.0,11.1
2026-01-03 08:00:00,2026,1,3,8,Đồng Tháp,Xã Tân Phú Trung,10.2545007,105.7361294,90,Moderate,1,23.4,78,0.0,9.0,2,1014.9,0,29.2,30.3,288.0,15.0,58.0,9.9
2026-01-03 09:00:00,2026,1,3,9,Đồng Tháp,Xã Tân Phú Trung,10.2545007,105.7361294,89,Moderate,1,25.0,65,0.0,10.8,4,1015.4,3,22.5,23.6,273.0,9.1,79.0,8.3
2026-01-03 10:00:00,2026,1,3,10,Đồng Tháp,Xã Tân Phú Trung,10.2545007,105.7361294,89,Moderate,1,25.9,60,0.0,9.9,15,1015.3,12,19.6,20.7,262.0,4.6,98.0,7.1
2026-01-03 11:00:00,2026,1,3,11,Đồng Tháp,Xã Tân Phú Trung,10.2545007,105.7361294,89,Moderate,1,26.7,60,0.0,9.3,25,1014.9,20,18.6,19.9,258.0,2.8,110.0,6.5
2026-01-03 12:00:00,2026,1,3,12,Đồng Tháp,Xã Tân Phú Trung,10.2545007,105.7361294,89,Moderate,1,27.3,59,0.0,8.9,36,1013.8,33,18.3,19.7,259.0,2.3,120.0,6.4
2026-01-03 13:00:00,2026,1,3,13,Đồng Tháp,Xã Tân Phú Trung,10.2545007,105.7361294,88,Moderate,1,27.9,59,0.0,7.0,40,1012.7,20,18.5,19.9,261.0,2.3,128.0,6.6
2026-01-03 14:00:00,2026,1,3,14,Đồng Tháp,Xã Tân Phú Trung,10.2545007,105.7361294,88,Moderate,1,28.2,57,0.0,7.5,53,1011.4,3,19.5,21.0,254.0,1.9,137.0,7.2
2026-01-03 15:00:00,2026,1,3,15,Đồng Tháp,Xã Tân Phú Trung,10.2545007,105.7361294,88,Moderate,1,28.1,57,0.0,9.2,59,1010.7,14,21.5,23.0,247.0,2.0,146.0,8.2
2026-01-03 16:00:00,2026,1,3,16,Đồng Tháp,Xã Tân Phú Trung,10.2545007,105.7361294,87,Moderate,1,27.8,58,0.0,9.0,57,1010.5,75,24.6,26.0,267.0,4.0,146.0,9.9
2026-01-03 17:00:00,2026,1,3,17,Đồng Tháp,Xã Tân Phú Trung,10.2545007,105.7361294,87,Moderate,1,27.0,66,0.0,6.7,88,1010.9,81,31.3,32.6,340.0,9.7,133.0,12.9
2026-01-03 18:00:00,2026,1,3,18,Đồng Tháp,Xã Tân Phú Trung,10.2545007,105.7361294,88,Moderate,1,25.0,73,0.0,5.9,130,1011.5,84,43.2,44.2,440.0,17.2,112.0,16.5
2026-01-03 19:00:00,2026,1,3,19,Đồng Tháp,Xã Tân Phú Trung,10.2545007,105.7361294,89,Moderate,1,24.5,77,0.0,5.8,154,1012.0,100,42.1,42.8,508.0,20.4,90.0,17.2
2026-01-03 20:00:00,2026,1,3,20,Đồng Tháp,Xã Tân Phú Trung,10.2545007,105.7361294,89,Moderate,1,24.2,76,0.0,9.6,131,1013.0,100,41.2,42.0,518.0,20.6,81.0,16.8
2026-01-03 21:00:00,2026,1,3,21,Đồng Tháp,Xã Tân Phú Trung,10.2545007,105.7361294,90,Moderate,1,23.4,79,0.0,7.7,149,1013.2,100,38.3,39.2,496.0,21.0,69.0,16.3
2026-01-03 22:00:00,2026,1,3,22,Đồng Tháp,Xã Tân Phú Trung,10.2545007,105.7361294,91,Moderate,1,22.8,83,0.0,7.0,162,1012.9,100,37.0,38.4,471.0,21.6,59.0,15.7
2026-01-03 23:00:00,2026,1,3,23,Đồng Tháp,Xã Tân Phú Trung,10.2545007,105.7361294,91,Moderate,1,22.3,86,0.0,7.0,159,1012.9,100,37.1,38.6,445.0,22.4,52.0,14.9
2026-01-04 00:00:00,2026,1,4,0,Đồng Tháp,Xã Tân Phú Trung,10.2545007,105.7361294,92,Moderate,1,22.1,87,0.0,6.6,151,1013.3,100,37.1,39.3,416.0,23.5,47.0,14.0
2026-01-04 01:00:00,2026,1,4,1,Đồng Tháp,Xã Tân Phú Trung,10.2545007,105.7361294,92,Moderate,1,21.7,91,0.0,4.8,127,1012.8,100,39.1,41.7,398.0,24.5,42.0,13.5
2026-01-04 02:00:00,2026,1,4,2,Đồng Tháp,Xã Tân Phú Trung,10.2545007,105.7361294,93,Moderate,1,21.6,91,0.0,3.7,51,1012.6,100,43.9,46.8,403.0,25.9,37.0,13.8
2026-01-04 03:00:00,2026,1,4,3,Đồng Tháp,Xã Tân Phú Trung,10.2545007,105.7361294,93,Moderate,1,21.4,94,0.0,5.5,341,1012.3,98,49.0,51.9,420.0,27.2,32.0,14.6
2026-01-04 04:00:00,2026,1,4,4,Đồng Tháp,Xã Tân Phú Trung,10.2545007,105.7361294,93,Moderate,1,21.0,95,0.0,6.7,333,1012.5,100,47.8,50.5,431.0,27.3,30.0,15.1
2026-01-04 05:00:00,2026,1,4,5,Đồng Tháp,Xã Tân Phú Trung,10.2545007,105.7361294,94,Moderate,1,21.0,95,0.0,6.5,337,1012.9,100,45.2,47.5,433.0,25.4,30.0,15.2
2026-01-04 06:00:00,2026,1,4,6,Đồng Tháp,Xã Tân Phú Trung,10.2545007,105.7361294,95,Moderate,1,21.0,94,0.0,8.6,349,1013.1,99,43.2,44.1,429.0,22.2,32.0,15.0
2026-01-04 07:00:00,2026,1,4,7,Đồng Tháp,Xã Tân Phú Trung,10.2545007,105.7361294,96,Moderate,1,21.6,89,0.0,9.0,355,1013.9,48,39.7,40.0,416.0,19.8,36.0,15.0
2026-01-04 08:00:00,2026,1,4,8,Đồng Tháp,Xã Tân Phú Trung,10.2545007,105.7361294,96,Moderate,1,22.8,77,0.0,11.0,4,1015.1,92,31.1,31.5,388.0,15.4,56.0,13.6
2026-01-04 09:00:00,2026,1,4,9,Đồng Tháp,Xã Tân Phú Trung,10.2545007,105.7361294,96,Moderate,1,24.2,68,0.0,11.0,6,1015.6,89,21.8,22.6,351.0,9.3,85.0,11.5
2026-01-04 10:00:00,2026,1,4,10,Đồng Tháp,Xã Tân Phú Trung,10.2545007,105.7361294,96,Moderate,1,25.7,63,0.0,9.2,356,1015.0,65,19.4,20.6,321.0,4.7,108.0,9.8
2026-01-04 11:00:00,2026,1,4,11,Đồng Tháp,Xã Tân Phú Trung,10.2545007,105.7361294,96,Moderate,1,27.0,61,0.0,7.8,347,1014.0,98,19.1,20.4,303.0,2.9,122.0,8.6
2026-01-04 12:00:00,2026,1,4,12,Đồng Tháp,Xã Tân Phú Trung,10.2545007,105.7361294,96,Moderate,1,28.1,57,0.0,6.7,6,1013.0,100,18.1,19.6,292.0,2.6,130.0,7.7
2026-01-04 13:00:00,2026,1,4,13,Đồng Tháp,Xã Tân Phú Trung,10.2545007,105.7361294,96,Moderate,1,29.0,55,0.0,6.3,2,1012.0,100,17.1,18.7,284.0,2.6,136.0,7.1
2026-01-04 14:00:00,2026,1,4,14,Đồng Tháp,Xã Tân Phú Trung,10.2545007,105.7361294,96,Moderate,1,29.5,53,0.0,4.7,16,1010.8,97,16.8,18.4,256.0,1.6,140.0,6.3
2026-01-04 15:00:00,2026,1,4,15,Đồng Tháp,Xã Tân Phú Trung,10.2545007,105.7361294,96,Moderate,1,29.5,53,0.0,4.6,48,1010.2,73,16.8,18.5,232.0,0.9,141.0,5.8
2026-01-04 16:00:00,2026,1,4,16,Đồng Tháp,Xã Tân Phú Trung,10.2545007,105.7361294,95,Moderate,1,29.2,54,0.0,4.7,81,1010.0,88,17.3,19.0,279.0,4.0,135.0,7.1
2026-01-04 17:00:00,2026,1,4,17,Đồng Tháp,Xã Tân Phú Trung,10.2545007,105.7361294,95,Moderate,1,28.5,62,0.0,2.2,132,1010.3,100,22.1,23.6,469.0,14.9,116.0,12.0
2026-01-04 18:00:00,2026,1,4,18,Đồng Tháp,Xã Tân Phú Trung,10.2545007,105.7361294,94,Moderate,1,26.3,70,0.0,3.4,186,1011.0,91,41.0,42.4,730.0,29.5,90.0,18.9
2026-01-04 19:00:00,2026,1,4,19,Đồng Tháp,Xã Tân Phú Trung,10.2545007,105.7361294,94,Moderate,1,25.5,73,0.0,1.5,216,1011.8,100,60.8,63.8,915.0,46.3,67.0,26.8
2026-01-04 20:00:00,2026,1,4,20,Đồng Tháp,Xã Tân Phú Trung,10.2545007,105.7361294,95,Moderate,1,24.8,78,0.0,3.8,253,1012.8,100,76.8,79.9,964.0,43.2,64.0,26.6
2026-01-04 21:00:00,2026,1,4,21,Đồng Tháp,Xã Tân Phú Trung,10.2545007,105.7361294,99,Moderate,1,24.1,81,0.0,4.7,268,1013.0,100,71.2,74.0,938.0,38.7,59.0,26.3
2026-01-04 22:00:00,2026,1,4,22,Đồng Tháp,Xã Tân Phú Trung,10.2545007,105.7361294,102,Unhealthy for Sensitive Groups,2,24.1,81,0.0,5.0,249,1013.0,100,60.1,61.5,870.0,34.3,57.0,25.4
2026-01-04 23:00:00,2026,1,4,23,Đồng Tháp,Xã Tân Phú Trung,10.2545007,105.7361294,104,Unhealthy for Sensitive Groups,2,23.7,84,0.0,6.9,171,1013.0,100,57.5,58.4,743.0,30.0,60.0,23.6
2026-01-05 00:00:00,2026,1,5,0,Đồng Tháp,Xã Tân Phú Trung,10.2545007,105.7361294,106,Unhealthy for Sensitive Groups,2,23.1,88,0.0,7.2,158,1012.8,94,55.4,56.2,576.0,25.8,66.0,21.2
2026-01-05 01:00:00,2026,1,5,1,Đồng Tháp,Xã Tân Phú Trung,10.2545007,105.7361294,108,Unhealthy for Sensitive Groups,2,22.5,92,0.0,6.0,147,1012.4,60,53.8,54.6,455.0,22.9,69.0,19.5
2026-01-05 02:00:00,2026,1,5,2,Đồng Tháp,Xã Tân Phú Trung,10.2545007,105.7361294,110,Unhealthy for Sensitive Groups,2,22.5,92,0.0,5.0,159,1011.7,100,54.1,55.1,425.0,22.0,69.0,18.9
2026-01-05 03:00:00,2026,1,5,3,Đồng Tháp,Xã Tân Phú Trung,10.2545007,105.7361294,111,Unhealthy for Sensitive Groups,2,22.9,91,0.0,1.7,212,1011.1,100,57.3,58.3,443.0,22.5,67.0,19.0
2026-01-05 04:00:00,2026,1,5,4,Đồng Tháp,Xã Tân Phú Trung,10.2545007,105.7361294,112,Unhealthy for Sensitive Groups,2,23.2,90,0.0,1.7,252,1011.0,100,60.8,61.9,465.0,23.8,63.0,19.4
2026-01-05 05:00:00,2026,1,5,5,Đồng Tháp,Xã Tân Phú Trung,10.2545007,105.7361294,113,Unhealthy for Sensitive Groups,2,23.2,91,0.0,1.7,283,1011.5,100,64.3,65.9,480.0,26.9,52.0,20.3
2026-01-05 06:00:00,2026,1,5,6,Đồng Tháp,Xã Tân Phú Trung,10.2545007,105.7361294,115,Unhealthy for Sensitive Groups,2,23.2,89,0.0,4.0,324,1012.2,100,71.7,72.9,500.0,30.8,38.0,21.6
2026-01-05 07:00:00,2026,1,5,7,Đồng Tháp,Xã Tân Phú Trung,10.2545007,105.7361294,118,Unhealthy for Sensitive Groups,2,23.4,90,0.0,5.8,284,1012.8,100,68.7,70.5,512.0,30.8,49.0,24.2
2026-01-05 08:00:00,2026,1,5,8,Đồng Tháp,Xã Tân Phú Trung,10.2545007,105.7361294,121,Unhealthy for Sensitive Groups,2,23.9,87,0.0,4.9,272,1013.8,100,60.8,62.6,512.0,26.3,69.0,24.7
2026-01-05 09:00:00,2026,1,5,9,Đồng Tháp,Xã Tân Phú Trung,10.2545007,105.7361294,124,Unhealthy for Sensitive Groups,2,25.0,82,0.0,6.5,289,1014.3,72,51.2,53.6,504.0,20.1,97.0,25.2
2026-01-05 10:00:00,2026,1,5,10,Đồng Tháp,Xã Tân Phú Trung,10.2545007,105.7361294,127,Unhealthy for Sensitive Groups,2,26.5,72,0.0,5.7,298,1014.1,99,43.2,45.5,490.0,14.5,123.0,24.8
2026-01-05 11:00:00,2026,1,5,11,Đồng Tháp,Xã Tân Phú Trung,10.2545007,105.7361294,130,Unhealthy for Sensitive Groups,2,27.1,69,0.0,4.8,318,1013.8,100,40.3,41.7,465.0,10.2,147.0,22.8
2026-01-05 12:00:00,2026,1,5,12,Đồng Tháp,Xã Tân Phú Trung,10.2545007,105.7361294,132,Unhealthy for Sensitive Groups,2,27.9,66,0.0,3.1,357,1013.2,100,38.5,39.7,433.0,6.5,169.0,19.9
2026-01-05 13:00:00,2026,1,5,13,Đồng Tháp,Xã Tân Phú Trung,10.2545007,105.7361294,134,Unhealthy for Sensitive Groups,2,27.7,68,0.0,4.0,330,1012.4,100,35.3,36.3,412.0,4.3,181.0,17.3
2026-01-05 14:00:00,2026,1,5,14,Đồng Tháp,Xã Tân Phú Trung,10.2545007,105.7361294,136,Unhealthy for Sensitive Groups,2,28.1,67,0.0,3.6,333,1011.6,100,32.1,32.9,391.0,3.7,176.0,15.1
2026-01-05 15:00:00,2026,1,5,15,Đồng Tháp,Xã Tân Phú Trung,10.2545007,105.7361294,137,Unhealthy for Sensitive Groups,2,28.0,68,0.0,3.6,354,1011.0,85,29.0,29.7,381.0,4.6,161.0,13.2
2026-01-05 16:00:00,2026,1,5,16,Đồng Tháp,Xã Tân Phú Trung,10.2545007,105.7361294,139,Unhealthy for Sensitive Groups,2,28.1,68,0.0,6.1,346,1011.0,98,29.2,29.9,425.0,7.0,145.0,13.0
2026-01-05 17:00:00,2026,1,5,17,Đồng Tháp,Xã Tân Phú Trung,10.2545007,105.7361294,140,Unhealthy for Sensitive Groups,2,27.9,70,0.0,4.6,339,1011.3,100,36.7,37.3,580.0,11.9,129.0,15.7
2026-01-05 18:00:00,2026,1,5,18,Đồng Tháp,Xã Tân Phú Trung,10.2545007,105.7361294,141,Unhealthy for Sensitive Groups,2,26.6,80,0.0,2.7,82,1012.1,100,45.2,45.6,789.0,18.4,111.0,20.1
2026-01-05 19:00:00,2026,1,5,19,Đồng Tháp,Xã Tân Phú Trung,10.2545007,105.7361294,142,Unhealthy for Sensitive Groups,2,26.1,84,0.0,4.0,144,1012.4,100,56.3,57.0,933.0,33.6,68.0,23.0
2026-01-05 20:00:00,2026,1,5,20,Đồng Tháp,Xã Tân Phú Trung,10.2545007,105.7361294,141,Unhealthy for Sensitive Groups,2,25.7,86,0.0,4.4,148,1013.1,100,59.8,60.5,963.0,30.5,70.0,23.0
2026-01-05 21:00:00,2026,1,5,21,Đồng Tháp,Xã Tân Phú Trung,10.2545007,105.7361294,140,Unhealthy for Sensitive Groups,2,25.2,89,0.0,4.9,144,1013.3,100,55.2,56.0,926.0,26.1,72.0,23.0
2026-01-05 22:00:00,2026,1,5,22,Đồng Tháp,Xã Tân Phú Trung,10.2545007,105.7361294,138,Unhealthy for Sensitive Groups,2,24.7,90,0.0,6.6,127,1013.1,100,50.8,51.6,845.0,22.6,72.0,22.3
2026-01-05 23:00:00,2026,1,5,23,Đồng Tháp,Xã Tân Phú Trung,10.2545007,105.7361294,137,Unhealthy for Sensitive Groups,2,24.6,90,0.0,8.8,113,1013.2,100,44.7,45.6,694.0,20.5,69.0,20.2
2026-01-06 00:00:00,2026,1,6,0,Đồng Tháp,Xã Tân Phú Trung,10.2545007,105.7361294,136,Unhealthy for Sensitive Groups,2,24.5,92,0.0,9.2,111,1012.7,100,38.6,40.0,498.0,19.1,64.0,17.4
2026-01-06 01:00:00,2026,1,6,1,Đồng Tháp,Xã Tân Phú Trung,10.2545007,105.7361294,134,Unhealthy for Sensitive Groups,2,24.4,96,0.0,6.4,135,1012.5,100,37.7,39.2,355.0,18.8,58.0,15.5
2026-01-06 02:00:00,2026,1,6,2,Đồng Tháp,Xã Tân Phú Trung,10.2545007,105.7361294,132,Unhealthy for Sensitive Groups,2,24.1,97,0.0,4.1,139,1012.2,100,40.2,42.1,306.0,19.9,52.0,15.0
2026-01-06 03:00:00,2026,1,6,3,Đồng Tháp,Xã Tân Phú Trung,10.2545007,105.7361294,131,Unhealthy for Sensitive Groups,2,23.9,96,0.0,5.0,131,1011.8,100,42.0,44.8,311.0,22.0,46.0,15.4
2026-01-06 04:00:00,2026,1,6,4,Đồng Tháp,Xã Tân Phú Trung,10.2545007,105.7361294,129,Unhealthy for Sensitive Groups,2,23.3,97,0.0,3.8,101,1011.7,100,41.1,44.0,347.0,24.0,41.0,16.1
2026-01-06 05:00:00,2026,1,6,5,Đồng Tháp,Xã Tân Phú Trung,10.2545007,105.7361294,127,Unhealthy for Sensitive Groups,2,23.2,96,0.0,1.8,24,1011.9,100,40.2,42.8,439.0,26.1,35.0,17.4
2026-01-06 06:00:00,2026,1,6,6,Đồng Tháp,Xã Tân Phú Trung,10.2545007,105.7361294,125,Unhealthy for Sensitive Groups,2,23.1,97,0.0,1.5,14,1012.1,100,40.0,42.7,563.0,28.0,29.0,18.9
2026-01-06 07:00:00,2026,1,6,7,Đồng Tháp,Xã Tân Phú Trung,10.2545007,105.7361294,121,Unhealthy for Sensitive Groups,2,23.9,96,0.0,1.8,24,1013.2,100,37.3,39.7,623.0,24.1,32.0,15.3
2026-01-06 08:00:00,2026,1,6,8,Đồng Tháp,Xã Tân Phú Trung,10.2545007,105.7361294,118,Unhealthy for Sensitive Groups,2,25.1,89,0.1,3.1,114,1014.0,100,26.6,29.2,558.0,19.7,47.0,14.8
2026-01-06 09:00:00,2026,1,6,9,Đồng Tháp,Xã Tân Phú Trung,10.2545007,105.7361294,114,Unhealthy for Sensitive Groups,2,26.4,82,0.2,4.2,97,1014.3,100,21.9,25.1,430.0,13.5,69.0,14.1
2026-01-06 10:00:00,2026,1,6,10,Đồng Tháp,Xã Tân Phú Trung,10.2545007,105.7361294,111,Unhealthy for Sensitive Groups,2,27.4,75,0.1,4.6,81,1014.2,100,22.1,25.3,330.0,8.6,89.0,13.3
2026-01-06 11:00:00,2026,1,6,11,Đồng Tháp,Xã Tân Phú Trung,10.2545007,105.7361294,109,Unhealthy for Sensitive Groups,2,28.0,72,0.2,5.1,58,1013.8,99,21.4,22.8,296.0,6.0,107.0,12.4
2026-01-06 12:00:00,2026,1,6,12,Đồng Tháp,Xã Tân Phú Trung,10.2545007,105.7361294,107,Unhealthy for Sensitive Groups,2,28.6,71,0.2,3.5,55,1013.1,100,22.1,23.2,290.0,4.5,125.0,11.5
2026-01-06 13:00:00,2026,1,6,13,Đồng Tháp,Xã Tân Phú Trung,10.2545007,105.7361294,106,Unhealthy for Sensitive Groups,2,28.1,71,0.1,1.8,66,1012.6,100,22.2,23.3,286.0,3.8,137.0,10.9
2026-01-06 14:00:00,2026,1,6,14,Đồng Tháp,Xã Tân Phú Trung,10.2545007,105.7361294,104,Unhealthy for Sensitive Groups,2,27.0,77,7.0,4.2,43,1011.6,96,22.5,23.5,269.0,3.4,144.0,10.7
2026-01-06 15:00:00,2026,1,6,15,Đồng Tháp,Xã Tân Phú Trung,10.2545007,105.7361294,103,Unhealthy for Sensitive Groups,2,25.2,89,9.5,8.3,74,1011.5,100,23.5,24.4,254.0,3.8,146.0,10.7
2026-01-06 16:00:00,2026,1,6,16,Đồng Tháp,Xã Tân Phú Trung,10.2545007,105.7361294,103,Unhealthy for Sensitive Groups,2,25.5,86,1.1,0.8,27,1011.8,100,23.9,24.9,260.0,5.3,140.0,11.0
2026-01-06 17:00:00,2026,1,6,17,Đồng Tháp,Xã Tân Phú Trung,10.2545007,105.7361294,102,Unhealthy for Sensitive Groups,2,24.9,84,2.9,4.3,75,1012.5,100,26.1,26.8,306.0,9.0,122.0,11.8
2026-01-06 18:00:00,2026,1,6,18,Đồng Tháp,Xã Tân Phú Trung,10.2545007,105.7361294,101,Unhealthy for Sensitive Groups,2,23.7,92,3.8,3.6,171,1012.7,98,26.0,26.5,372.0,13.9,97.0,13.0
2026-01-06 19:00:00,2026,1,6,19,Đồng Tháp,Xã Tân Phú Trung,10.2545007,105.7361294,99,Moderate,1,24.0,95,0.0,4.2,100,1013.5,100,32.0,32.7,421.0,22.4,58.0,15.9
2026-01-06 20:00:00,2026,1,6,20,Đồng Tháp,Xã Tân Phú Trung,10.2545007,105.7361294,97,Moderate,1,23.4,95,0.3,9.6,85,1014.5,100,29.1,30.0,434.0,21.5,58.0,15.4
2026-01-06 21:00:00,2026,1,6,21,Đồng Tháp,Xã Tân Phú Trung,10.2545007,105.7361294,94,Moderate,1,23.1,94,0.4,4.0,90,1014.9,100,26.1,27.7,429.0,20.3,57.0,14.7
2026-01-06 22:00:00,2026,1,6,22,Đồng Tháp,Xã Tân Phú Trung,10.2545007,105.7361294,92,Moderate,1,23.2,93,0.1,2.6,124,1014.3,100,24.6,26.5,420.0,19.8,55.0,14.3
2026-01-06 23:00:00,2026,1,6,23,Đồng Tháp,Xã Tân Phú Trung,10.2545007,105.7361294,89,Moderate,1,23.0,93,0.0,5.3,123,1013.7,100,26.1,28.2,409.0,21.0,50.0,14.3
2026-01-07 00:00:00,2026,1,7,0,Đồng Tháp,Xã Tân Phú Trung,10.2545007,105.7361294,88,Moderate,1,22.7,94,0.0,4.9,88,1013.7,100,29.0,31.4,394.0,23.0,44.0,14.6
2026-01-07 01:00:00,2026,1,7,1,Đồng Tháp,Xã Tân Phú Trung,10.2545007,105.7361294,87,Moderate,1,23.2,94,0.0,5.9,27,1013.0,100,32.7,35.3,381.0,24.0,40.0,14.8
2026-01-07 02:00:00,2026,1,7,2,Đồng Tháp,Xã Tân Phú Trung,10.2545007,105.7361294,86,Moderate,1,23.1,96,0.0,5.0,19,1012.5,100,35.6,38.3,373.0,23.1,40.0,15.2
2026-01-07 03:00:00,2026,1,7,3,Đồng Tháp,Xã Tân Phú Trung,10.2545007,105.7361294,86,Moderate,1,23.1,97,0.0,6.0,10,1012.2,100,34.2,36.9,368.0,21.3,42.0,15.6
2026-01-07 04:00:00,2026,1,7,4,Đồng Tháp,Xã Tân Phú Trung,10.2545007,105.7361294,85,Moderate,1,23.0,98,0.0,8.7,8,1012.3,95,29.5,30.9,365.0,18.9,46.0,15.1
2026-01-07 05:00:00,2026,1,7,5,Đồng Tháp,Xã Tân Phú Trung,10.2545007,105.7361294,84,Moderate,1,23.0,95,0.0,10.5,12,1012.9,99,22.9,23.3,365.0,15.9,52.0,13.0
2026-01-07 06:00:00,2026,1,7,6,Đồng Tháp,Xã Tân Phú Trung,10.2545007,105.7361294,83,Moderate,1,22.2,87,0.0,11.2,18,1013.3,99,20.0,20.3,366.0,12.5,60.0,10.0
2026-01-07 07:00:00,2026,1,7,7,Đồng Tháp,Xã Tân Phú Trung,10.2545007,105.7361294,81,Moderate,1,22.2,86,0.0,8.5,32,1014.2,46,27.7,28.3,363.0,12.4,63.0,9.3
2026-01-07 08:00:00,2026,1,7,8,Đồng Tháp,Xã Tân Phú Trung,10.2545007,105.7361294,80,Moderate,1,23.4,81,0.0,6.4,29,1015.3,66,26.1,26.6,350.0,10.5,73.0,8.9
2026-01-07 09:00:00,2026,1,7,9,Đồng Tháp,Xã Tân Phú Trung,10.2545007,105.7361294,80,Moderate,1,24.5,74,0.0,8.8,23,1015.9,38,24.4,24.9,332.0,7.8,88.0,8.3
2026-01-07 10:00:00,2026,1,7,10,Đồng Tháp,Xã Tân Phú Trung,10.2545007,105.7361294,80,Moderate,1,25.5,70,0.0,8.1,18,1015.8,70,23.3,23.9,318.0,5.7,104.0,8.3
2026-01-07 11:00:00,2026,1,7,11,Đồng Tháp,Xã Tân Phú Trung,10.2545007,105.7361294,80,Moderate,1,26.2,70,0.0,5.3,18,1015.3,100,24.2,24.9,311.0,4.6,124.0,9.3
2026-01-07 12:00:00,2026,1,7,12,Đồng Tháp,Xã Tân Phú Trung,10.2545007,105.7361294,81,Moderate,1,27.1,68,0.0,3.4,47,1014.3,100,26.3,27.1,307.0,4.1,145.0,10.9
2026-01-07 13:00:00,2026,1,7,13,Đồng Tháp,Xã Tân Phú Trung,10.2545007,105.7361294,81,Moderate,1,27.9,66,0.0,4.0,21,1013.2,100,28.5,29.5,303.0,3.9,161.0,12.1
2026-01-07 14:00:00,2026,1,7,14,Đồng Tháp,Xã Tân Phú Trung,10.2545007,105.7361294,82,Moderate,1,27.6,68,0.1,5.6,21,1012.3,95,29.6,30.6,283.0,3.5,169.0,12.2
2026-01-07 15:00:00,2026,1,7,15,Đồng Tháp,Xã Tân Phú Trung,10.2545007,105.7361294,82,Moderate,1,27.4,68,0.2,3.6,70,1012.0,98,30.5,31.5,263.0,3.5,172.0,11.8
2026-01-07 16:00:00,2026,1,7,16,Đồng Tháp,Xã Tân Phú Trung,10.2545007,105.7361294,87,Moderate,1,27.1,71,0.1,4.6,141,1012.0,99,32.0,33.1,290.0,5.1,167.0,12.4
2026-01-07 17:00:00,2026,1,7,17,Đồng Tháp,Xã Tân Phú Trung,10.2545007,105.7361294,107,Unhealthy for Sensitive Groups,2,26.1,80,0.0,8.7,166,1012.4,94,38.3,39.1,421.0,10.1,149.0,15.0
2026-01-07 18:00:00,2026,1,7,18,Đồng Tháp,Xã Tân Phú Trung,10.2545007,105.7361294,120,Unhealthy for Sensitive Groups,2,25.2,84,0.0,7.5,163,1012.9,100,47.7,48.4,599.0,16.8,123.0,18.6
2026-01-07 19:00:00,2026,1,7,19,Đồng Tháp,Xã Tân Phú Trung,10.2545007,105.7361294,124,Unhealthy for Sensitive Groups,2,24.7,86,0.0,9.8,150,1013.6,93,47.7,48.8,700.0,21.3,93.0,18.5
2026-01-07 20:00:00,2026,1,7,20,Đồng Tháp,Xã Tân Phú Trung,10.2545007,105.7361294,117,Unhealthy for Sensitive Groups,2,24.9,81,0.0,11.7,153,1014.3,72,49.2,50.2,646.0,20.1,89.0,18.2
2026-01-07 21:00:00,2026,1,7,21,Đồng Tháp,Xã Tân Phú Trung,10.2545007,105.7361294,105,Unhealthy for Sensitive Groups,2,24.0,81,0.0,10.8,138,1014.4,21,46.4,47.6,514.0,18.4,84.0,17.6
2026-01-07 22:00:00,2026,1,7,22,Đồng Tháp,Xã Tân Phú Trung,10.2545007,105.7361294,92,Moderate,1,23.4,84,0.0,8.9,124,1014.3,94,40.2,41.8,411.0,17.2,79.0,16.7
2026-01-07 23:00:00,2026,1,7,23,Đồng Tháp,Xã Tân Phú Trung,10.2545007,105.7361294,93,Moderate,1,23.0,86,0.0,7.9,102,1014.2,100,32.9,34.9,381.0,16.8,73.0,14.9
2026-01-08 00:00:00,2026,1,8,0,Đồng Tháp,Xã Tân Phú Trung,10.2545007,105.7361294,94,Moderate,1,22.9,87,0.0,7.2,91,1014.1,100,30.2,32.4,380.0,17.0,68.0,12.7
2026-01-08 01:00:00,2026,1,8,1,Đồng Tháp,Xã Tân Phú Trung,10.2545007,105.7361294,94,Moderate,1,22.4,92,0.0,5.4,90,1013.9,89,31.5,33.8,385.0,17.5,62.0,11.4
2026-01-08 02:00:00,2026,1,8,2,Đồng Tháp,Xã Tân Phú Trung,10.2545007,105.7361294,94,Moderate,1,22.5,92,0.1,3.7,79,1013.8,65,35.5,38.1,389.0,19.1,56.0,12.0
2026-01-08 03:00:00,2026,1,8,3,Đồng Tháp,Xã Tân Phú Trung,10.2545007,105.7361294,94,Moderate,1,22.3,93,0.0,3.8,41,1013.9,72,39.6,42.3,399.0,21.0,50.0,13.5
2026-01-08 04:00:00,2026,1,8,4,Đồng Tháp,Xã Tân Phú Trung,10.2545007,105.7361294,94,Moderate,1,22.3,94,0.0,4.9,24,1014.0,100,41.2,43.7,417.0,21.6,47.0,14.2
2026-01-08 05:00:00,2026,1,8,5,Đồng Tháp,Xã Tân Phú Trung,10.2545007,105.7361294,95,Moderate,1,21.9,93,0.0,8.9,7,1014.4,100,36.1,36.8,454.0,19.7,46.0,13.3
2026-01-08 06:00:00,2026,1,8,6,Đồng Tháp,Xã Tân Phú Trung,10.2545007,105.7361294,96,Moderate,1,21.0,83,0.0,8.2,14,1015.1,16,29.9,30.3,498.0,16.5,48.0,11.6
2026-01-08 07:00:00,2026,1,8,7,Đồng Tháp,Xã Tân Phú Trung,10.2545007,105.7361294,97,Moderate,1,21.8,84,0.0,7.0,12,1015.7,94,30.2,30.9,518.0,14.7,53.0,9.6
2026-01-08 08:00:00,2026,1,8,8,Đồng Tháp,Xã Tân Phú Trung,10.2545007,105.7361294,97,Moderate,1,22.5,79,0.0,10.1,10,1016.9,38,25.0,25.6,491.0,11.5,68.0,8.6
2026-01-08 09:00:00,2026,1,8,9,Đồng Tháp,Xã Tân Phú Trung,10.2545007,105.7361294,97,Moderate,1,23.4,73,0.0,12.3,15,1017.4,73,21.8,22.4,440.0,7.2,88.0,7.3
2026-01-08 10:00:00,2026,1,8,10,Đồng Tháp,Xã Tân Phú Trung,10.2545007,105.7361294,97,Moderate,1,24.5,68,0.0,12.0,18,1017.1,77,20.7,21.4,399.0,3.8,106.0,6.2
2026-01-08 11:00:00,2026,1,8,11,Đồng Tháp,Xã Tân Phú Trung,10.2545007,105.7361294,97,Moderate,1,25.4,67,0.0,10.4,18,1016.6,4,20.3,21.0,385.0,2.4,118.0,5.5
2026-01-08 12:00:00,2026,1,8,12,Đồng Tháp,Xã Tân Phú Trung,10.2545007,105.7361294,96,Moderate,1,26.2,65,0.0,10.8,21,1015.6,16,19.1,19.7,383.0,2.0,128.0,5.1
2026-01-08 13:00:00,2026,1,8,13,Đồng Tháp,Xã Tân Phú Trung,10.2545007,105.7361294,96,Moderate,1,26.8,64,0.0,8.7,13,1014.8,66,17.1,17.8,378.0,2.0,134.0,5.0
2026-01-08 14:00:00,2026,1,8,14,Đồng Tháp,Xã Tân Phú Trung,10.2545007,105.7361294,95,Moderate,1,27.0,63,0.0,10.3,19,1013.5,66,15.8,16.5,362.0,1.7,137.0,4.9
2026-01-08 15:00:00,2026,1,8,15,Đồng Tháp,Xã Tân Phú Trung,10.2545007,105.7361294,94,Moderate,1,27.4,61,0.0,9.4,31,1012.6,93,15.6,16.1,344.0,1.9,137.0,5.0
2026-01-08 16:00:00,2026,1,8,16,Đồng Tháp,Xã Tân Phú Trung,10.2545007,105.7361294,92,Moderate,1,27.4,61,0.0,8.1,55,1012.5,100,16.7,17.1,338.0,4.1,132.0,6.2
2026-01-08 17:00:00,2026,1,8,17,Đồng Tháp,Xã Tân Phú Trung,10.2545007,105.7361294,91,Moderate,1,26.7,73,0.0,3.5,78,1012.6,21,21.4,21.7,355.0,10.3,120.0,9.6
2026-01-08 18:00:00,2026,1,8,18,Đồng Tháp,Xã Tân Phú Trung,10.2545007,105.7361294,89,Moderate,1,25.0,71,0.0,4.1,38,1013.0,12,31.5,31.9,385.0,18.5,103.0,14.1
2026-01-08 19:00:00,2026,1,8,19,Đồng Tháp,Xã Tân Phú Trung,10.2545007,105.7361294,88,Moderate,1,24.2,70,0.0,4.5,355,1014.0,3,39.0,39.3,409.0,24.1,79.0,15.8
2026-01-08 20:00:00,2026,1,8,20,Đồng Tháp,Xã Tân Phú Trung,10.2545007,105.7361294,87,Moderate,1,23.4,71,0.0,5.9,50,1014.8,81,47.8,48.3,421.0,23.0,76.0,15.9
2026-01-08 21:00:00,2026,1,8,21,Đồng Tháp,Xã Tân Phú Trung,10.2545007,105.7361294,87,Moderate,1,22.9,78,0.0,10.3,126,1015.4,99,48.3,49.1,428.0,21.6,71.0,16.0
2026-01-08 22:00:00,2026,1,8,22,Đồng Tháp,Xã Tân Phú Trung,10.2545007,105.7361294,87,Moderate,1,22.5,85,0.0,9.3,134,1014.9,100,48.0,49.2,434.0,21.1,67.0,16.3
2026-01-08 23:00:00,2026,1,8,23,Đồng Tháp,Xã Tân Phú Trung,10.2545007,105.7361294,88,Moderate,1,21.8,88,0.0,7.6,118,1014.8,99,49.1,52.0,441.0,22.8,63.0,17.1
2026-01-09 00:00:00,2026,1,9,0,Đồng Tháp,Xã Tân Phú Trung,10.2545007,105.7361294,89,Moderate,1,21.5,89,0.0,2.3,23,1015.1,100,52.2,55.6,448.0,25.4,59.0,18.1
2026-01-09 01:00:00,2026,1,9,1,Đồng Tháp,Xã Tân Phú Trung,10.2545007,105.7361294,91,Moderate,1,21.5,93,0.0,4.1,322,1014.9,100,57.0,60.8,453.0,26.9,55.0,18.6
2026-01-09 02:00:00,2026,1,9,2,Đồng Tháp,Xã Tân Phú Trung,10.2545007,105.7361294,94,Moderate,1,21.8,93,0.1,3.2,317,1014.2,100,59.8,62.9,457.0,26.4,51.0,18.3
2026-01-09 03:00:00,2026,1,9,3,Đồng Tháp,Xã Tân Phú Trung,10.2545007,105.7361294,96,Moderate,1,21.5,94,0.0,6.4,350,1014.0,100,59.3,60.3,459.0,24.6,47.0,17.5
2026-01-09 04:00:00,2026,1,9,4,Đồng Tháp,Xã Tân Phú Trung,10.2545007,105.7361294,97,Moderate,1,21.1,92,0.2,9.8,8,1014.2,100,49.0,49.7,456.0,22.2,46.0,16.1
2026-01-09 05:00:00,2026,1,9,5,Đồng Tháp,Xã Tân Phú Trung,10.2545007,105.7361294,98,Moderate,1,20.0,87,0.0,9.2,17,1014.8,100,35.0,35.4,447.0,18.7,48.0,13.7
2026-01-09 06:00:00,2026,1,9,6,Đồng Tháp,Xã Tân Phú Trung,10.2545007,105.7361294,98,Moderate,1,18.8,83,0.0,9.1,17,1015.1,100,24.3,24.4,432.0,14.6,51.0,10.6
2026-01-09 07:00:00,2026,1,9,7,Đồng Tháp,Xã Tân Phú Trung,10.2545007,105.7361294,98,Moderate,1,19.0,85,0.0,8.5,4,1015.8,0,26.0,26.2,412.0,10.9,63.0,8.1
2026-01-09 08:00:00,2026,1,9,8,Đồng Tháp,Xã Tân Phú Trung,10.2545007,105.7361294,97,Moderate,1,20.2,76,0.0,11.1,8,1016.8,3,24.4,24.7,381.0,9.1,74.0,8.3
2026-01-09 09:00:00,2026,1,9,9,Đồng Tháp,Xã Tân Phú Trung,10.2545007,105.7361294,97,Moderate,1,21.5,67,0.0,13.6,11,1017.3,2,22.3,22.8,346.0,6.5,90.0,8.6
2026-01-09 10:00:00,2026,1,9,10,Đồng Tháp,Xã Tân Phú Trung,10.2545007,105.7361294,97,Moderate,1,22.5,65,0.0,14.1,14,1016.8,16,22.3,22.9,320.0,4.5,105.0,8.8
2026-01-09 11:00:00,2026,1,9,11,Đồng Tháp,Xã Tân Phú Trung,10.2545007,105.7361294,97,Moderate,1,23.6,67,0.0,12.3,10,1015.9,8,22.9,23.5,314.0,3.4,119.0,8.6
2026-01-09 12:00:00,2026,1,9,12,Đồng Tháp,Xã Tân Phú Trung,10.2545007,105.7361294,98,Moderate,1,24.6,66,0.0,9.7,15,1015.0,18,23.2,23.9,318.0,2.8,132.0,8.3
2026-01-09 13:00:00,2026,1,9,13,Đồng Tháp,Xã Tân Phú Trung,10.2545007,105.7361294,98,Moderate,1,25.5,63,0.0,7.7,16,1013.8,88,23.1,23.8,321.0,2.6,142.0,8.1
2026-01-09 14:00:00,2026,1,9,14,Đồng Tháp,Xã Tân Phú Trung,10.2545007,105.7361294,98,Moderate,1,26.0,61,0.0,6.7,24,1012.8,74,23.0,23.7,296.0,2.0,149.0,7.7
2026-01-09 15:00:00,2026,1,9,15,Đồng Tháp,Xã Tân Phú Trung,10.2545007,105.7361294,99,Moderate,1,26.1,59,0.0,6.5,28,1012.2,95,22.8,23.5,271.0,1.7,153.0,7.4
2026-01-09 16:00:00,2026,1,9,16,Đồng Tháp,Xã Tân Phú Trung,10.2545007,105.7361294,100,Moderate,1,26.1,58,0.0,5.9,40,1012.3,95,23.2,23.8,315.0,3.9,150.0,8.4
2026-01-09 17:00:00,2026,1,9,17,Đồng Tháp,Xã Tân Phú Trung,10.2545007,105.7361294,100,Moderate,1,25.5,67,0.0,1.5,60,1012.4,18,29.0,29.6,501.0,11.0,134.0,11.8
2026-01-09 18:00:00,2026,1,9,18,Đồng Tháp,Xã Tân Phú Trung,10.2545007,105.7361294,101,Unhealthy for Sensitive Groups,2,23.8,67,0.0,1.3,172,1013.1,0,45.4,45.9,758.0,20.6,111.0,16.4
2026-01-09 19:00:00,2026,1,9,19,Đồng Tháp,Xã Tân Phú Trung,10.2545007,105.7361294,103,Unhealthy for Sensitive Groups,2,22.2,77,0.0,6.9,155,1013.7,61,68.0,68.9,939.0,35.5,76.0,22.9
2026-01-09 20:00:00,2026,1,9,20,Đồng Tháp,Xã Tân Phú Trung,10.2545007,105.7361294,106,Unhealthy for Sensitive Groups,2,22.0,80,0.0,7.9,160,1014.7,26,73.8,74.7,977.0,34.4,74.0,24.4
2026-01-09 21:00:00,2026,1,9,21,Đồng Tháp,Xã Tân Phú Trung,10.2545007,105.7361294,108,Unhealthy for Sensitive Groups,2,21.5,83,0.0,4.0,198,1014.6,3,78.0,78.7,941.0,32.9,70.0,26.5
2026-01-09 22:00:00,2026,1,9,22,Đồng Tháp,Xã Tân Phú Trung,10.2545007,105.7361294,111,Unhealthy for Sensitive Groups,2,21.0,85,0.0,6.3,160,1014.4,70,82.9,83.8,885.0,33.0,65.0,28.4
2026-01-09 23:00:00,2026,1,9,23,Đồng Tháp,Xã Tân Phú Trung,10.2545007,105.7361294,115,Unhealthy for Sensitive Groups,2,20.8,84,0.0,1.3,214,1014.6,100,88.9,90.1,821.0,36.0,58.0,30.0
2026-01-10 00:00:00,2026,1,10,0,Đồng Tháp,Xã Tân Phú Trung,10.2545007,105.7361294,119,Unhealthy for Sensitive Groups,2,20.2,90,0.0,3.4,288,1014.6,100,96.2,97.3,739.0,40.5,50.0,31.4
2026-01-10 01:00:00,2026,1,10,1,Đồng Tháp,Xã Tân Phú Trung,10.2545007,105.7361294,124,Unhealthy for Sensitive Groups,2,20.0,89,0.0,1.9,248,1014.1,100,104.8,106.2,662.0,43.7,42.0,31.6
2026-01-10 02:00:00,2026,1,10,2,Đồng Tháp,Xã Tân Phú Trung,10.2545007,105.7361294,129,Unhealthy for Sensitive Groups,2,19.8,93,0.0,3.8,275,1013.7,100,122.0,123.9,595.0,44.7,36.0,29.6
2026-01-10 03:00:00,2026,1,10,3,Đồng Tháp,Xã Tân Phú Trung,10.2545007,105.7361294,135,Unhealthy for Sensitive Groups,2,19.8,91,0.0,5.8,275,1013.2,100,126.2,128.5,534.0,44.4,31.0,26.5
2026-01-10 04:00:00,2026,1,10,4,Đồng Tháp,Xã Tân Phú Trung,10.2545007,105.7361294,142,Unhealthy for Sensitive Groups,2,19.8,89,0.0,6.5,272,1013.1,100,130.9,133.2,494.0,43.3,27.0,24.1
2026-01-10 05:00:00,2026,1,10,5,Đồng Tháp,Xã Tân Phú Trung,10.2545007,105.7361294,150,Unhealthy for Sensitive Groups,2,19.4,90,0.0,6.5,278,1013.7,59,142.5,144.4,493.0,41.8,22.0,23.6
2026-01-10 06:00:00,2026,1,10,6,Đồng Tháp,Xã Tân Phú Trung,10.2545007,105.7361294,153,Unhealthy,3,18.8,89,0.0,5.0,296,1014.1,30,141.1,142.5,513.0,39.4,18.0,23.8
2026-01-10 07:00:00,2026,1,10,7,Đồng Tháp,Xã Tân Phú Trung,10.2545007,105.7361294,155,Unhealthy,3,19.4,83,0.0,6.9,295,1014.9,77,86.8,87.3,519.0,28.5,35.0,20.4
2026-01-10 08:00:00,2026,1,10,8,Đồng Tháp,Xã Tân Phú Trung,10.2545007,105.7361294,156,Unhealthy,3,21.0,80,0.0,6.6,313,1015.6,31,66.6,66.8,496.0,22.0,60.0,18.7
2026-01-10 09:00:00,2026,1,10,9,Đồng Tháp,Xã Tân Phú Trung,10.2545007,105.7361294,157,Unhealthy,3,23.0,71,0.0,6.2,308,1016.0,2,38.1,38.5,459.0,12.9,96.0,16.2
2026-01-10 10:00:00,2026,1,10,10,Đồng Tháp,Xã Tân Phú Trung,10.2545007,105.7361294,158,Unhealthy,3,24.5,70,0.0,5.2,295,1015.9,8,30.3,31.2,422.0,6.0,123.0,13.7
2026-01-10 11:00:00,2026,1,10,11,Đồng Tháp,Xã Tân Phú Trung,10.2545007,105.7361294,158,Unhealthy,3,25.5,66,0.0,4.9,280,1015.2,6,28.1,29.4,386.0,3.2,135.0,11.2
2026-01-10 12:00:00,2026,1,10,12,Đồng Tháp,Xã Tân Phú Trung,10.2545007,105.7361294,158,Unhealthy,3,26.1,62,0.0,4.0,291,1014.3,18,21.7,22.6,350.0,2.4,139.0,8.6
2026-01-10 13:00:00,2026,1,10,13,Đồng Tháp,Xã Tân Phú Trung,10.2545007,105.7361294,158,Unhealthy,3,26.6,54,0.0,1.1,360,1013.7,46,18.2,18.9,324.0,2.2,141.0,6.8
2026-01-10 14:00:00,2026,1,10,14,Đồng Tháp,Xã Tân Phú Trung,10.2545007,105.7361294,158,Unhealthy,3,27.0,53,0.0,0.5,135,1012.7,100,17.0,17.6,302.0,1.3,146.0,5.8
2026-01-10 15:00:00,2026,1,10,15,Đồng Tháp,Xã Tân Phú Trung,10.2545007,105.7361294,158,Unhealthy,3,26.9,52,0.0,1.5,187,1012.2,80,16.8,17.3,290.0,0.9,149.0,5.5
2026-01-10 16:00:00,2026,1,10,16,Đồng Tháp,Xã Tân Phú Trung,10.2545007,105.7361294,158,Unhealthy,3,26.9,54,0.0,3.0,163,1012.2,42,17.2,17.8,321.0,3.6,146.0,6.9
2026-01-10 17:00:00,2026,1,10,17,Đồng Tháp,Xã Tân Phú Trung,10.2545007,105.7361294,157,Unhealthy,3,25.8,68,0.0,2.7,160,1012.6,18,21.1,21.6,432.0,12.3,130.0,11.2
2026-01-10 18:00:00,2026,1,10,18,Đồng Tháp,Xã Tân Phú Trung,10.2545007,105.7361294,157,Unhealthy,3,24.2,65,0.0,1.3,180,1012.8,0,36.3,36.8,584.0,24.0,108.0,17.2
2026-01-10 19:00:00,2026,1,10,19,Đồng Tháp,Xã Tân Phú Trung,10.2545007,105.7361294,157,Unhealthy,3,23.1,77,0.0,3.1,260,1013.8,5,70.5,71.5,696.0,40.9,83.0,26.0
2026-01-10 20:00:00,2026,1,10,20,Đồng Tháp,Xã Tân Phú Trung,10.2545007,105.7361294,157,Unhealthy,3,22.2,79,0.0,4.0,297,1014.6,9,86.4,87.3,725.0,38.8,78.0,26.4
2026-01-10 21:00:00,2026,1,10,21,Đồng Tháp,Xã Tân Phú Trung,10.2545007,105.7361294,157,Unhealthy,3,21.5,81,0.0,5.8,296,1014.7,0,84.5,85.2,713.0,35.9,70.0,26.8
2026-01-10 22:00:00,2026,1,10,22,Đồng Tháp,Xã Tân Phú Trung,10.2545007,105.7361294,158,Unhealthy,3,21.2,78,0.0,5.7,302,1014.6,15,78.2,79.2,702.0,33.0,63.0,26.3
2026-01-10 23:00:00,2026,1,10,23,Đồng Tháp,Xã Tân Phú Trung,10.2545007,105.7361294,157,Unhealthy,3,21.8,74,0.0,1.8,246,1014.7,30,73.6,74.5,712.0,30.3,59.0,23.9
2026-01-11 00:00:00,2026,1,11,0,Đồng Tháp,Xã Tân Phú Trung,10.2545007,105.7361294,157,Unhealthy,3,20.8,83,0.0,5.4,174,1014.7,71,70.5,71.5,724.0,27.7,55.0,20.5
2026-01-11 01:00:00,2026,1,11,1,Đồng Tháp,Xã Tân Phú Trung,10.2545007,105.7361294,157,Unhealthy,3,20.2,88,0.0,5.5,153,1014.3,99,70.8,71.7,721.0,26.1,51.0,18.1
2026-01-11 02:00:00,2026,1,11,2,Đồng Tháp,Xã Tân Phú Trung,10.2545007,105.7361294,156,Unhealthy,3,20.2,88,0.0,4.1,151,1014.2,100,73.1,74.3,688.0,26.3,46.0,17.4
2026-01-11 03:00:00,2026,1,11,3,Đồng Tháp,Xã Tân Phú Trung,10.2545007,105.7361294,155,Unhealthy,3,19.9,89,0.0,2.2,204,1013.8,100,77.1,78.0,640.0,27.5,40.0,17.5
2026-01-11 04:00:00,2026,1,11,4,Đồng Tháp,Xã Tân Phú Trung,10.2545007,105.7361294,154,Unhealthy,3,19.4,92,0.0,3.1,283,1014.0,100,78.9,79.9,605.0,28.6,36.0,18.0
2026-01-11 05:00:00,2026,1,11,5,Đồng Tháp,Xã Tân Phú Trung,10.2545007,105.7361294,152,Unhealthy,3,19.9,91,0.0,5.2,2,1014.9,100,77.5,78.5,605.0,29.9,29.0,18.8
2026-01-11 06:00:00,2026,1,11,6,Đồng Tháp,Xã Tân Phú Trung,10.2545007,105.7361294,151,Unhealthy,3,19.6,92,0.2,3.5,21,1015.2,100,76.1,76.6,618.0,31.1,24.0,19.8
2026-01-11 07:00:00,2026,1,11,7,Đồng Tháp,Xã Tân Phú Trung,10.2545007,105.7361294,148,Unhealthy for Sensitive Groups,2,20.6,92,0.0,2.8,305,1015.6,100,93.1,93.6,611.0,29.6,29.0,19.1
2026-01-11 08:00:00,2026,1,11,8,Đồng Tháp,Xã Tân Phú Trung,10.2545007,105.7361294,149,Unhealthy for Sensitive Groups,2,22.0,87,0.0,3.9,292,1016.6,100,86.6,87.1,564.0,23.4,63.0,19.2
2026-01-11 09:00:00,2026,1,11,9,Đồng Tháp,Xã Tân Phú Trung,10.2545007,105.7361294,150,Unhealthy for Sensitive Groups,2,23.5,80,0.0,5.1,315,1017.0,100,78.0,78.5,497.0,14.9,111.0,19.2
2026-01-11 10:00:00,2026,1,11,10,Đồng Tháp,Xã Tân Phú Trung,10.2545007,105.7361294,151,Unhealthy,3,24.6,74,0.0,6.9,330,1016.7,87,67.8,68.5,438.0,8.2,148.0,18.5
2026-01-11 11:00:00,2026,1,11,11,Đồng Tháp,Xã Tân Phú Trung,10.2545007,105.7361294,152,Unhealthy,3,25.9,66,0.0,6.2,334,1016.6,100,58.6,59.4,395.0,5.1,165.0,16.4
2026-01-11 12:00:00,2026,1,11,12,Đồng Tháp,Xã Tân Phú Trung,10.2545007,105.7361294,153,Unhealthy,3,26.9,62,0.0,6.7,340,1015.8,98,50.6,51.7,359.0,3.8,173.0,13.6
2026-01-11 13:00:00,2026,1,11,13,Đồng Tháp,Xã Tân Phú Trung,10.2545007,105.7361294,153,Unhealthy,3,27.5,58,0.0,4.0,3,1015.2,84,45.6,46.7,333.0,3.2,177.0,11.6
2026-01-11 14:00:00,2026,1,11,14,Đồng Tháp,Xã Tân Phú Trung,10.2545007,105.7361294,154,Unhealthy,3,27.5,57,0.0,2.6,39,1014.4,91,43.3,44.4,304.0,2.6,181.0,10.8
2026-01-11 15:00:00,2026,1,11,15,Đồng Tháp,Xã Tân Phú Trung,10.2545007,105.7361294,154,Unhealthy,3,27.6,56,0.0,1.7,347,1013.8,70,43.0,44.0,286.0,2.8,182.0,10.7
2026-01-11 16:00:00,2026,1,11,16,Đồng Tháp,Xã Tân Phú Trung,10.2545007,105.7361294,155,Unhealthy,3,27.3,56,0.0,2.0,297,1013.6,30,44.1,45.3,320.0,4.9,177.0,12.1
2026-01-11 17:00:00,2026,1,11,17,Đồng Tháp,Xã Tân Phú Trung,10.2545007,105.7361294,156,Unhealthy,3,26.5,71,0.0,1.8,307,1013.7,24,51.9,52.7,452.0,10.7,162.0,15.6
2026-01-11 18:00:00,2026,1,11,18,Đồng Tháp,Xã Tân Phú Trung,10.2545007,105.7361294,156,Unhealthy,3,25.5,67,0.0,1.6,297,1013.8,15,62.9,63.6,637.0,18.5,141.0,20.5
2026-01-11 19:00:00,2026,1,11,19,Đồng Tháp,Xã Tân Phú Trung,10.2545007,105.7361294,157,Unhealthy,3,24.3,74,0.0,3.2,207,1014.4,11,76.6,77.1,781.0,24.6,123.0,24.9
2026-01-11 20:00:00,2026,1,11,20,Đồng Tháp,Xã Tân Phú Trung,10.2545007,105.7361294,157,Unhealthy,3,23.8,76,0.0,3.6,213,1014.8,4,90.6,91.0,848.0,27.5,111.0,28.8
2026-01-11 21:00:00,2026,1,11,21,Đồng Tháp,Xã Tân Phú Trung,10.2545007,105.7361294,157,Unhealthy,3,23.2,79,0.0,2.3,203,1015.0,0,102.7,103.1,874.0,28.7,102.0,32.2
2026-01-11 22:00:00,2026,1,11,22,Đồng Tháp,Xã Tân Phú Trung,10.2545007,105.7361294,157,Unhealthy,3,22.9,81,0.0,2.6,192,1014.8,5,102.7,103.4,873.0,28.6,93.0,33.1
2026-01-11 23:00:00,2026,1,11,23,Đồng Tháp,Xã Tân Phú Trung,10.2545007,105.7361294,158,Unhealthy,3,22.1,87,0.0,5.5,203,1014.6,11,93.1,93.6,846.0,26.5,85.0,29.7
2026-01-12 00:00:00,2026,1,12,0,Đồng Tháp,Xã Tân Phú Trung,10.2545007,105.7361294,158,Unhealthy,3,21.6,89,0.0,5.1,188,1014.4,75,81.3,82.0,791.0,23.1,77.0,23.9
2026-01-12 01:00:00,2026,1,12,1,Đồng Tháp,Xã Tân Phú Trung,10.2545007,105.7361294,159,Unhealthy,3,22.5,89,0.0,3.0,155,1014.4,100,72.9,73.8,721.0,20.9,70.0,19.4
2026-01-12 02:00:00,2026,1,12,2,Đồng Tháp,Xã Tân Phú Trung,10.2545007,105.7361294,159,Unhealthy,3,22.6,90,0.0,2.1,149,1014.0,100,70.1,71.2,617.0,21.2,63.0,17.9
2026-01-12 03:00:00,2026,1,12,3,Đồng Tháp,Xã Tân Phú Trung,10.2545007,105.7361294,159,Unhealthy,3,22.5,90,0.0,3.0,163,1013.8,100,71.9,73.8,496.0,22.7,56.0,17.7
2026-01-12 04:00:00,2026,1,12,4,Đồng Tháp,Xã Tân Phú Trung,10.2545007,105.7361294,159,Unhealthy,3,22.4,91,0.0,3.9,167,1013.6,100,75.0,76.8,424.0,23.9,50.0,17.9
2026-01-12 05:00:00,2026,1,12,5,Đồng Tháp,Xã Tân Phú Trung,10.2545007,105.7361294,158,Unhealthy,3,22.2,93,0.0,1.4,220,1014.1,100,73.6,75.4,451.0,24.7,43.0,18.2
2026-01-12 06:00:00,2026,1,12,6,Đồng Tháp,Xã Tân Phú Trung,10.2545007,105.7361294,158,Unhealthy,3,22.0,94,0.0,1.4,310,1014.6,100,72.2,73.6,527.0,25.2,38.0,18.7
2026-01-12 07:00:00,2026,1,12,7,Đồng Tháp,Xã Tân Phú Trung,10.2545007,105.7361294,158,Unhealthy,3,22.3,91,0.0,1.5,225,1015.4,16,119.0,120.6,564.0,37.8,40.0,25.9
2026-01-12 08:00:00,2026,1,12,8,Đồng Tháp,Xã Tân Phú Trung,10.2545007,105.7361294,159,Unhealthy,3,23.8,88,0.0,3.5,219,1016.4,14,83.8,86.4,511.0,30.9,66.0,25.5
2026-01-12 09:00:00,2026,1,12,9,Đồng Tháp,Xã Tân Phú Trung,10.2545007,105.7361294,159,Unhealthy,3,25.2,80,0.0,4.1,225,1016.9,21,62.6,65.2,419.0,21.2,103.0,24.7
2026-01-12 10:00:00,2026,1,12,10,Đồng Tháp,Xã Tân Phú Trung,10.2545007,105.7361294,158,Unhealthy,3,26.2,73,0.0,2.8,220,1016.6,28,54.8,56.8,350.0,13.3,135.0,23.4
2026-01-12 11:00:00,2026,1,12,11,Đồng Tháp,Xã Tân Phú Trung,10.2545007,105.7361294,158,Unhealthy,3,27.0,70,0.0,2.5,266,1015.9,23,52.4,54.1,331.0,8.7,156.0,21.0
2026-01-12 12:00:00,2026,1,12,12,Đồng Tháp,Xã Tân Phú Trung,10.2545007,105.7361294,158,Unhealthy,3,27.8,67,0.0,2.0,333,1014.9,43,51.7,53.1,335.0,5.8,172.0,18.0
2026-01-12 13:00:00,2026,1,12,13,Đồng Tháp,Xã Tân Phú Trung,10.2545007,105.7361294,158,Unhealthy,3,27.8,67,0.0,3.5,325,1014.1,46,48.4,49.6,339.0,4.0,181.0,15.4
2026-01-12 14:00:00,2026,1,12,14,Đồng Tháp,Xã Tân Phú Trung,10.2545007,105.7361294,158,Unhealthy,3,27.8,67,0.1,3.9,326,1013.0,70,45.3,46.4,318.0,2.3,184.0,12.8
2026-01-12 15:00:00,2026,1,12,15,Đồng Tháp,Xã Tân Phú Trung,10.2545007,105.7361294,158,Unhealthy,3,27.5,68,0.1,4.9,324,1012.4,100,43.0,44.0,298.0,1.7,181.0,10.5
2026-01-12 16:00:00,2026,1,12,16,Đồng Tháp,Xã Tân Phú Trung,10.2545007,105.7361294,158,Unhealthy,3,27.4,69,0.0,5.2,316,1012.2,20,40.4,41.3,333.0,5.0,170.0,10.4
2026-01-12 17:00:00,2026,1,12,17,Đồng Tháp,Xã Tân Phú Trung,10.2545007,105.7361294,158,Unhealthy,3,27.1,72,0.0,3.1,291,1012.5,51,42.6,43.4,479.0,15.5,145.0,14.3
2026-01-12 18:00:00,2026,1,12,18,Đồng Tháp,Xã Tân Phú Trung,10.2545007,105.7361294,158,Unhealthy,3,26.0,79,0.0,2.2,185,1012.8,100,58.2,58.9,680.0,29.9,111.0,20.3
2026-01-12 19:00:00,2026,1,12,19,Đồng Tháp,Xã Tân Phú Trung,10.2545007,105.7361294,158,Unhealthy,3,25.0,86,0.0,4.2,205,1013.3,24,85.2,86.1,820.0,42.5,83.0,26.9
2026-01-12 20:00:00,2026,1,12,20,Đồng Tháp,Xã Tân Phú Trung,10.2545007,105.7361294,158,Unhealthy,3,25.0,85,0.0,6.0,185,1014.3,100,97.8,98.5,854.0,39.0,80.0,26.8
2026-01-12 21:00:00,2026,1,12,21,Đồng Tháp,Xã Tân Phú Trung,10.2545007,105.7361294,158,Unhealthy,3,25.3,81,0.0,10.0,167,1014.8,100,93.4,93.8,827.0,34.0,76.0,26.5
2026-01-12 22:00:00,2026,1,12,22,Đồng Tháp,Xã Tân Phú Trung,10.2545007,105.7361294,158,Unhealthy,3,24.5,86,0.0,10.6,162,1014.9,83,83.4,83.8,762.0,29.5,71.0,25.3
2026-01-12 23:00:00,2026,1,12,23,Đồng Tháp,Xã Tân Phú Trung,10.2545007,105.7361294,157,Unhealthy,3,23.6,90,0.0,8.1,143,1014.7,82,73.3,74.0,638.0,26.1,66.0,22.5
2026-01-13 00:00:00,2026,1,13,0,Đồng Tháp,Xã Tân Phú Trung,10.2545007,105.7361294,157,Unhealthy,3,23.1,91,0.0,6.8,143,1014.6,90,64.0,64.7,475.0,23.1,61.0,18.8
2026-01-13 01:00:00,2026,1,13,1,Đồng Tháp,Xã Tân Phú Trung,10.2545007,105.7361294,157,Unhealthy,3,23.4,91,0.0,7.9,125,1014.3,99,57.2,58.0,360.0,21.1,57.0,15.9
2026-01-13 02:00:00,2026,1,13,2,Đồng Tháp,Xã Tân Phú Trung,10.2545007,105.7361294,156,Unhealthy,3,23.4,91,0.0,7.9,131,1013.9,100,51.6,53.1,335.0,20.1,53.0,14.2
2026-01-13 03:00:00,2026,1,13,3,Đồng Tháp,Xã Tân Phú Trung,10.2545007,105.7361294,156,Unhealthy,3,23.2,94,0.0,1.0,68,1013.7,45,48.1,49.8,357.0,20.0,50.0,13.2
2026-01-13 04:00:00,2026,1,13,4,Đồng Tháp,Xã Tân Phú Trung,10.2545007,105.7361294,155,Unhealthy,3,22.8,94,0.0,0.2,270,1013.7,89,46.6,48.5,387.0,20.6,47.0,12.9
2026-01-13 05:00:00,2026,1,13,5,Đồng Tháp,Xã Tân Phú Trung,10.2545007,105.7361294,155,Unhealthy,3,22.6,94,0.0,1.0,239,1014.0,75,46.3,49.6,423.0,22.9,42.0,13.7
2026-01-13 06:00:00,2026,1,13,6,Đồng Tháp,Xã Tân Phú Trung,10.2545007,105.7361294,154,Unhealthy,3,22.5,94,0.0,0.6,252,1014.1,73,48.4,52.4,466.0,25.8,37.0,15.2
2026-01-13 07:00:00,2026,1,13,7,Đồng Tháp,Xã Tân Phú Trung,10.2545007,105.7361294,154,Unhealthy,3,23.2,96,0.0,4.1,180,1014.8,98,53.9,58.6,481.0,27.4,48.0,18.5
2026-01-13 08:00:00,2026,1,13,8,Đồng Tháp,Xã Tân Phú Trung,10.2545007,105.7361294,152,Unhealthy,3,24.2,91,0.0,4.6,144,1015.7,70,34.5,39.5,441.0,21.9,66.0,17.7
2026-01-13 09:00:00,2026,1,13,9,Đồng Tháp,Xã Tân Phú Trung,10.2545007,105.7361294,151,Unhealthy,3,25.5,87,0.1,3.7,145,1016.3,77,29.2,34.3,373.0,14.3,92.0,16.4
2026-01-13 10:00:00,2026,1,13,10,Đồng Tháp,Xã Tân Phú Trung,10.2545007,105.7361294,150,Unhealthy for Sensitive Groups,2,26.4,80,0.1,0.7,180,1016.2,95,29.3,34.2,326.0,8.2,116.0,15.1
2026-01-13 11:00:00,2026,1,13,11,Đồng Tháp,Xã Tân Phú Trung,10.2545007,105.7361294,149,Unhealthy for Sensitive Groups,2,26.9,74,0.1,1.9,299,1015.7,80,27.5,29.4,324.0,5.2,136.0,13.6
2026-01-13 12:00:00,2026,1,13,12,Đồng Tháp,Xã Tân Phú Trung,10.2545007,105.7361294,147,Unhealthy for Sensitive Groups,2,27.4,69,0.0,4.5,310,1014.6,36,27.5,28.9,343.0,3.9,153.0,12.0
2026-01-13 13:00:00,2026,1,13,13,Đồng Tháp,Xã Tân Phú Trung,10.2545007,105.7361294,144,Unhealthy for Sensitive Groups,2,27.8,65,0.0,6.4,320,1013.7,30,27.3,28.4,361.0,3.2,166.0,10.7
2026-01-13 14:00:00,2026,1,13,14,Đồng Tháp,Xã Tân Phú Trung,10.2545007,105.7361294,142,Unhealthy for Sensitive Groups,2,28.3,63,0.0,6.8,335,1012.3,9,26.1,27.0,349.0,2.4,174.0,9.4
2026-01-13 15:00:00,2026,1,13,15,Đồng Tháp,Xã Tân Phú Trung,10.2545007,105.7361294,140,Unhealthy for Sensitive Groups,2,28.5,61,0.0,6.4,338,1011.4,17,25.7,26.4,334.0,2.2,177.0,8.4
2026-01-13 16:00:00,2026,1,13,16,Đồng Tháp,Xã Tân Phú Trung,10.2545007,105.7361294,138,Unhealthy for Sensitive Groups,2,28.5,62,0.0,4.1,319,1011.2,34,25.4,26.1,381.0,4.7,172.0,9.0
2026-01-13 17:00:00,2026,1,13,17,Đồng Tháp,Xã Tân Phú Trung,10.2545007,105.7361294,137,Unhealthy for Sensitive Groups,2,27.7,71,0.0,2.7,298,1011.4,13,29.6,30.2,569.0,12.5,153.0,12.9
2026-01-13 18:00:00,2026,1,13,18,Đồng Tháp,Xã Tân Phú Trung,10.2545007,105.7361294,135,Unhealthy for Sensitive Groups,2,26.4,75,0.0,2.4,253,1011.6,27,43.1,43.5,818.0,22.9,125.0,18.4
2026-01-13 19:00:00,2026,1,13,19,Đồng Tháp,Xã Tân Phú Trung,10.2545007,105.7361294,134,Unhealthy for Sensitive Groups,2,25.0,81,0.0,5.4,160,1012.4,25,70.1,71.2,947.0,35.0,87.0,23.0
2026-01-13 20:00:00,2026,1,13,20,Đồng Tháp,Xã Tân Phú Trung,10.2545007,105.7361294,132,Unhealthy for Sensitive Groups,2,24.9,80,0.0,7.4,139,1013.4,22,67.3,68.2,841.0,30.8,87.0,22.7
2026-01-13 21:00:00,2026,1,13,21,Đồng Tháp,Xã Tân Phú Trung,10.2545007,105.7361294,129,Unhealthy for Sensitive Groups,2,24.2,86,0.0,12.0,134,1013.8,3,61.7,62.6,614.0,24.9,86.0,22.1
2026-01-13 22:00:00,2026,1,13,22,Đồng Tháp,Xã Tân Phú Trung,10.2545007,105.7361294,126,Unhealthy for Sensitive Groups,2,23.5,88,0.0,11.9,128,1013.5,2,55.2,56.3,429.0,20.3,84.0,20.8
2026-01-13 23:00:00,2026,1,13,23,Đồng Tháp,Xã Tân Phú Trung,10.2545007,105.7361294,123,Unhealthy for Sensitive Groups,2,23.0,89,0.0,10.7,134,1013.5,13,46.3,48.0,348.0,18.0,78.0,17.9
2026-01-14 00:00:00,2026,1,14,0,Đồng Tháp,Xã Tân Phú Trung,10.2545007,105.7361294,120,Unhealthy for Sensitive Groups,2,22.8,90,0.0,8.5,136,1013.0,27,39.6,41.4,307.0,17.0,70.0,14.1
2026-01-14 01:00:00,2026,1,14,1,Đồng Tháp,Xã Tân Phú Trung,10.2545007,105.7361294,117,Unhealthy for Sensitive Groups,2,22.5,93,0.0,7.3,134,1012.8,87,35.5,37.6,283.0,16.8,63.0,11.5
2026-01-14 02:00:00,2026,1,14,2,Đồng Tháp,Xã Tân Phú Trung,10.2545007,105.7361294,115,Unhealthy for Sensitive Groups,2,22.2,95,0.0,5.1,148,1012.4,99,34.8,37.7,266.0,17.6,57.0,10.9
2026-01-14 03:00:00,2026,1,14,3,Đồng Tháp,Xã Tân Phú Trung,10.2545007,105.7361294,113,Unhealthy for Sensitive Groups,2,22.0,95,0.0,4.4,145,1012.1,100,37.8,41.1,264.0,19.2,52.0,11.4
2026-01-14 04:00:00,2026,1,14,4,Đồng Tháp,Xã Tân Phú Trung,10.2545007,105.7361294,112,Unhealthy for Sensitive Groups,2,21.8,95,0.0,4.5,151,1012.1,83,39.8,43.2,278.0,20.7,48.0,12.1
2026-01-14 05:00:00,2026,1,14,5,Đồng Tháp,Xã Tân Phú Trung,10.2545007,105.7361294,111,Unhealthy for Sensitive Groups,2,21.7,95,0.0,5.2,155,1012.1,100,38.9,42.4,322.0,22.3,44.0,12.9
2026-01-14 06:00:00,2026,1,14,6,Đồng Tháp,Xã Tân Phú Trung,10.2545007,105.7361294,111,Unhealthy for Sensitive Groups,2,21.5,96,0.0,4.9,147,1012.7,99,37.3,40.7,380.0,23.7,42.0,13.9
2026-01-14 07:00:00,2026,1,14,7,Đồng Tháp,Xã Tân Phú Trung,10.2545007,105.7361294,110,Unhealthy for Sensitive Groups,2,22.6,93,0.0,5.0,150,1013.6,20,41.7,46.1,410.0,22.5,49.0,14.9
2026-01-14 08:00:00,2026,1,14,8,Đồng Tháp,Xã Tân Phú Trung,10.2545007,105.7361294,108,Unhealthy for Sensitive Groups,2,24.1,89,0.0,6.1,135,1014.5,6,34.8,39.2,380.0,18.1,64.0,13.8
2026-01-14 09:00:00,2026,1,14,9,Đồng Tháp,Xã Tân Phú Trung,10.2545007,105.7361294,108,Unhealthy for Sensitive Groups,2,25.5,82,0.0,10.3,126,1015.0,97,25.5,30.3,322.0,11.9,85.0,12.4
2026-01-14 10:00:00,2026,1,14,10,Đồng Tháp,Xã Tân Phú Trung,10.2545007,105.7361294,108,Unhealthy for Sensitive Groups,2,26.8,74,0.0,8.1,119,1014.8,100,24.1,29.0,279.0,7.1,105.0,11.3
2026-01-14 11:00:00,2026,1,14,11,Đồng Tháp,Xã Tân Phú Trung,10.2545007,105.7361294,107,Unhealthy for Sensitive Groups,2,27.5,68,0.0,5.0,105,1014.5,85,24.9,27.5,273.0,4.8,123.0,11.0
2026-01-14 12:00:00,2026,1,14,12,Đồng Tháp,Xã Tân Phú Trung,10.2545007,105.7361294,107,Unhealthy for Sensitive Groups,2,28.0,66,0.0,3.3,81,1013.4,45,27.1,28.9,283.0,3.7,141.0,11.0
2026-01-14 13:00:00,2026,1,14,13,Đồng Tháp,Xã Tân Phú Trung,10.2545007,105.7361294,107,Unhealthy for Sensitive Groups,2,28.1,62,0.0,2.3,45,1012.3,31,29.5,31.2,293.0,3.3,154.0,11.1
2026-01-14 14:00:00,2026,1,14,14,Đồng Tháp,Xã Tân Phú Trung,10.2545007,105.7361294,107,Unhealthy for Sensitive Groups,2,28.5,63,0.0,1.7,41,1010.9,17,31.3,32.9,284.0,3.0,162.0,11.0
2026-01-14 15:00:00,2026,1,14,15,Đồng Tháp,Xã Tân Phú Trung,10.2545007,105.7361294,108,Unhealthy for Sensitive Groups,2,28.6,63,0.0,1.4,50,1009.9,15,32.1,33.5,275.0,3.3,165.0,10.9
2026-01-14 16:00:00,2026,1,14,16,Đồng Tháp,Xã Tân Phú Trung,10.2545007,105.7361294,108,Unhealthy for Sensitive Groups,2,28.5,63,0.0,1.1,90,1009.9,9,33.1,34.5,311.0,5.1,161.0,11.4
2026-01-14 17:00:00,2026,1,14,17,Đồng Tháp,Xã Tân Phú Trung,10.2545007,105.7361294,109,Unhealthy for Sensitive Groups,2,28.0,69,0.0,3.6,123,1010.4,9,35.9,37.0,450.0,9.7,145.0,13.2
2026-01-14 18:00:00,2026,1,14,18,Đồng Tháp,Xã Tân Phú Trung,10.2545007,105.7361294,112,Unhealthy for Sensitive Groups,2,26.0,77,0.0,5.1,138,1010.8,13,41.2,42.1,635.0,15.6,121.0,15.7
2026-01-14 19:00:00,2026,1,14,19,Đồng Tháp,Xã Tân Phú Trung,10.2545007,105.7361294,116,Unhealthy for Sensitive Groups,2,25.1,81,0.0,8.1,156,1011.7,12,43.9,44.7,732.0,20.6,99.0,18.4
2026-01-14 20:00:00,2026,1,14,20,Đồng Tháp,Xã Tân Phú Trung,10.2545007,105.7361294,111,Unhealthy for Sensitive Groups,2,24.9,81,0.0,9.3,153,1012.4,7,42.4,43.1,660.0,20.6,89.0,18.0
2026-01-14 21:00:00,2026,1,14,21,Đồng Tháp,Xã Tân Phú Trung,10.2545007,105.7361294,104,Unhealthy for Sensitive Groups,2,24.2,84,0.0,11.2,147,1012.9,2,38.8,39.7,501.0,20.5,75.0,17.2
2026-01-14 22:00:00,2026,1,14,22,Đồng Tháp,Xã Tân Phú Trung,10.2545007,105.7361294,102,Unhealthy for Sensitive Groups,2,23.5,86,0.0,10.9,140,1012.9,1,34.6,35.9,373.0,20.0,64.0,16.1
2026-01-14 23:00:00,2026,1,14,23,Đồng Tháp,Xã Tân Phú Trung,10.2545007,105.7361294,100,Moderate,1,23.0,90,0.0,9.9,134,1013.1,1,29.3,31.3,323.0,18.8,59.0,14.1
2026-01-15 00:00:00,2026,1,15,0,Đồng Tháp,Xã Tân Phú Trung,10.2545007,105.7361294,98,Moderate,1,22.8,93,0.0,9.9,138,1013.2,2,24.8,26.9,304.0,17.3,57.0,11.6
2026-01-15 01:00:00,2026,1,15,1,Đồng Tháp,Xã Tân Phú Trung,10.2545007,105.7361294,97,Moderate,1,22.4,96,0.0,9.5,127,1012.7,82,22.4,24.7,290.0,16.2,56.0,9.8
2026-01-15 02:00:00,2026,1,15,2,Đồng Tháp,Xã Tân Phú Trung,10.2545007,105.7361294,96,Moderate,1,22.4,96,0.0,8.4,127,1012.4,15,21.7,24.0,267.0,16.0,54.0,9.2
2026-01-15 03:00:00,2026,1,15,3,Đồng Tháp,Xã Tân Phú Trung,10.2545007,105.7361294,95,Moderate,1,22.2,96,0.0,7.2,127,1012.2,34,22.2,24.7,248.0,16.2,53.0,9.2
2026-01-15 04:00:00,2026,1,15,4,Đồng Tháp,Xã Tân Phú Trung,10.2545007,105.7361294,93,Moderate,1,21.7,97,0.0,4.7,130,1012.1,100,24.7,27.6,247.0,16.3,53.0,9.6
2026-01-15 05:00:00,2026,1,15,5,Đồng Tháp,Xã Tân Phú Trung,10.2545007,105.7361294,92,Moderate,1,21.6,96,0.0,3.5,129,1012.5,85,25.8,29.5,284.0,16.4,54.0,10.4
2026-01-15 06:00:00,2026,1,15,6,Đồng Tháp,Xã Tân Phú Trung,10.2545007,105.7361294,91,Moderate,1,21.9,96,0.0,1.5,97,1013.0,56,27.7,31.7,339.0,16.4,56.0,11.5
2026-01-15 07:00:00,2026,1,15,7,Đồng Tháp,Xã Tân Phú Trung,10.2545007,105.7361294,90,Moderate,1,22.8,95,0.0,4.0,60,1013.7,23,21.5,25.4,369.0,14.9,60.0,10.8
2026-01-15 08:00:00,2026,1,15,8,Đồng Tháp,Xã Tân Phú Trung,10.2545007,105.7361294,88,Moderate,1,24.2,89,0.0,7.7,93,1014.4,28,20.0,24.1,347.0,13.0,69.0,10.4
2026-01-15 09:00:00,2026,1,15,9,Đồng Tháp,Xã Tân Phú Trung,10.2545007,105.7361294,87,Moderate,1,25.6,81,0.0,8.1,95,1014.5,16,19.3,23.1,300.0,10.4,82.0,9.8
2026-01-15 10:00:00,2026,1,15,10,Đồng Tháp,Xã Tân Phú Trung,10.2545007,105.7361294,86,Moderate,1,26.7,75,0.1,5.9,102,1014.3,16,21.4,23.6,267.0,8.0,97.0,9.1
2026-01-15 11:00:00,2026,1,15,11,Đồng Tháp,Xã Tân Phú Trung,10.2545007,105.7361294,86,Moderate,1,27.6,71,0.0,3.6,93,1013.6,19,25.4,27.1,268.0,6.0,115.0,8.4
2026-01-15 12:00:00,2026,1,15,12,Đồng Tháp,Xã Tân Phú Trung,10.2545007,105.7361294,86,Moderate,1,28.4,67,0.0,3.2,27,1012.5,24,29.8,31.4,283.0,4.3,134.0,7.7
2026-01-15 13:00:00,2026,1,15,13,Đồng Tháp,Xã Tân Phú Trung,10.2545007,105.7361294,86,Moderate,1,29.0,63,0.0,4.9,2,1011.3,23,31.1,32.4,296.0,3.2,147.0,7.1
2026-01-15 14:00:00,2026,1,15,14,Đồng Tháp,Xã Tân Phú Trung,10.2545007,105.7361294,87,Moderate,1,29.4,61,0.0,5.2,4,1009.9,31,30.9,32.0,276.0,2.4,153.0,6.3
2026-01-15 15:00:00,2026,1,15,15,Đồng Tháp,Xã Tân Phú Trung,10.2545007,105.7361294,87,Moderate,1,29.4,61,0.0,4.4,27,1009.2,41,29.9,30.9,252.0,2.2,153.0,5.6
2026-01-15 16:00:00,2026,1,15,16,Đồng Tháp,Xã Tân Phú Trung,10.2545007,105.7361294,86,Moderate,1,29.0,63,0.0,4.3,42,1008.8,55,29.5,30.4,298.0,4.2,146.0,6.1
2026-01-15 17:00:00,2026,1,15,17,Đồng Tháp,Xã Tân Phú Trung,10.2545007,105.7361294,86,Moderate,1,28.4,72,0.0,2.7,53,1009.0,60,34.5,35.2,505.0,10.6,129.0,9.1
2026-01-15 18:00:00,2026,1,15,18,Đồng Tháp,Xã Tân Phú Trung,10.2545007,105.7361294,95,Moderate,1,27.0,76,0.0,2.4,107,1009.2,3,44.2,44.9,781.0,19.2,105.0,13.2
2026-01-15 19:00:00,2026,1,15,19,Đồng Tháp,Xã Tân Phú Trung,10.2545007,105.7361294,97,Moderate,1,26.1,82,0.0,2.9,137,1009.9,13,56.6,57.2,919.0,27.9,78.0,17.5
2026-01-15 20:00:00,2026,1,15,20,Đồng Tháp,Xã Tân Phú Trung,10.2545007,105.7361294,89,Moderate,1,25.3,85,0.0,4.1,167,1010.8,9,55.1,55.6,782.0,25.3,75.0,16.9
2026-01-15 21:00:00,2026,1,15,21,Đồng Tháp,Xã Tân Phú Trung,10.2545007,105.7361294,88,Moderate,1,24.9,84,0.0,15.8,140,1011.6,12,47.0,47.8,507.0,21.6,71.0,16.1
2026-01-15 22:00:00,2026,1,15,22,Đồng Tháp,Xã Tân Phú Trung,10.2545007,105.7361294,89,Moderate,1,23.9,90,0.0,11.9,146,1011.9,5,38.8,40.0,298.0,18.4,68.0,14.8
2026-01-15 23:00:00,2026,1,15,23,Đồng Tháp,Xã Tân Phú Trung,10.2545007,105.7361294,90,Moderate,1,23.5,91,0.0,11.6,145,1011.7,6,30.7,32.4,243.0,16.3,66.0,12.8
2026-01-16 00:00:00,2026,1,16,0,Đồng Tháp,Xã Tân Phú Trung,10.2545007,105.7361294,90,Moderate,1,23.0,94,0.0,9.7,140,1011.7,13,23.7,26.1,252.0,14.7,65.0,10.5
2026-01-16 01:00:00,2026,1,16,1,Đồng Tháp,Xã Tân Phú Trung,10.2545007,105.7361294,90,Moderate,1,22.7,96,0.0,8.7,140,1011.1,35,20.6,23.2,265.0,13.5,64.0,8.7
2026-01-16 02:00:00,2026,1,16,2,Đồng Tháp,Xã Tân Phú Trung,10.2545007,105.7361294,89,Moderate,1,22.6,96,0.0,7.1,135,1010.7,38,19.8,22.6,256.0,12.8,64.0,7.9
2026-01-16 03:00:00,2026,1,16,3,Đồng Tháp,Xã Tân Phú Trung,10.2545007,105.7361294,89,Moderate,1,22.4,97,0.0,6.5,134,1010.4,34,19.9,22.8,250.0,12.5,64.0,7.7
2026-01-16 04:00:00,2026,1,16,4,Đồng Tháp,Xã Tân Phú Trung,10.2545007,105.7361294,89,Moderate,1,22.1,97,0.0,5.6,132,1010.3,16,20.1,23.1,256.0,12.5,64.0,8.0
2026-01-16 05:00:00,2026,1,16,5,Đồng Tháp,Xã Tân Phú Trung,10.2545007,105.7361294,89,Moderate,1,21.5,97,0.0,4.7,137,1010.6,54,20.7,23.9,289.0,13.3,63.0,9.0
2026-01-16 06:00:00,2026,1,16,6,Đồng Tháp,Xã Tân Phú Trung,10.2545007,105.7361294,88,Moderate,1,21.4,97,0.0,4.8,143,1011.2,15,21.9,25.4,334.0,14.5,62.0,10.3
2026-01-16 07:00:00,2026,1,16,7,Đồng Tháp,Xã Tân Phú Trung,10.2545007,105.7361294,88,Moderate,1,22.6,95,0.0,6.2,139,1011.9,15,24.7,29.5,357.0,15.0,66.0,11.5
2026-01-16 08:00:00,2026,1,16,8,Đồng Tháp,Xã Tân Phú Trung,10.2545007,105.7361294,88,Moderate,1,24.2,88,0.0,10.1,136,1013.3,98,22.7,27.3,333.0,13.2,74.0,11.3
2026-01-16 09:00:00,2026,1,16,9,Đồng Tháp,Xã Tân Phú Trung,10.2545007,105.7361294,88,Moderate,1,25.5,80,0.0,9.5,129,1013.6,100,23.9,28.4,287.0,10.7,86.0,10.9
2026-01-16 10:00:00,2026,1,16,10,Đồng Tháp,Xã Tân Phú Trung,10.2545007,105.7361294,89,Moderate,1,26.7,74,0.0,6.7,121,1013.4,100,28.0,30.4,255.0,8.4,99.0,10.4
2026-01-16 11:00:00,2026,1,16,11,Đồng Tháp,Xã Tân Phú Trung,10.2545007,105.7361294,89,Moderate,1,27.4,72,0.0,4.7,108,1013.1,100,32.8,35.0,253.0,6.5,114.0,9.6
2026-01-16 12:00:00,2026,1,16,12,Đồng Tháp,Xã Tân Phú Trung,10.2545007,105.7361294,90,Moderate,1,27.8,70,0.1,4.0,100,1012.0,100,37.8,39.9,265.0,4.8,130.0,8.7
2026-01-16 13:00:00,2026,1,16,13,Đồng Tháp,Xã Tân Phú Trung,10.2545007,105.7361294,91,Moderate,1,28.7,64,0.1,3.1,87,1010.6,100,40.6,42.5,276.0,3.7,143.0,8.1
2026-01-16 14:00:00,2026,1,16,14,Đồng Tháp,Xã Tân Phú Trung,10.2545007,105.7361294,91,Moderate,1,29.0,64,0.0,2.2,104,1009.3,98,39.9,41.4,259.0,3.0,152.0,7.8
2026-01-16 15:00:00,2026,1,16,15,Đồng Tháp,Xã Tân Phú Trung,10.2545007,105.7361294,92,Moderate,1,29.0,64,0.0,4.0,111,1008.5,95,39.6,41.1,241.0,3.0,156.0,7.8
2026-01-16 16:00:00,2026,1,16,16,Đồng Tháp,Xã Tân Phú Trung,10.2545007,105.7361294,93,Moderate,1,28.9,65,0.0,6.0,123,1008.1,100,39.2,40.5,295.0,4.8,153.0,8.6
2026-01-16 17:00:00,2026,1,16,17,Đồng Tháp,Xã Tân Phú Trung,10.2545007,105.7361294,94,Moderate,1,28.1,72,0.0,4.3,138,1008.2,100,40.7,41.9,511.0,10.2,136.0,10.9
2026-01-16 18:00:00,2026,1,16,18,Đồng Tháp,Xã Tân Phú Trung,10.2545007,105.7361294,97,Moderate,1,26.5,79,0.0,4.0,159,1008.8,98,48.0,48.9,799.0,17.4,111.0,14.0
2026-01-16 19:00:00,2026,1,16,19,Đồng Tháp,Xã Tân Phú Trung,10.2545007,105.7361294,99,Moderate,1,25.7,80,0.0,7.9,153,1009.3,36,52.2,53.2,955.0,23.1,84.0,16.1
2026-01-16 20:00:00,2026,1,16,20,Đồng Tháp,Xã Tân Phú Trung,10.2545007,105.7361294,94,Moderate,1,25.0,83,0.0,7.4,146,1010.5,33,49.8,50.9,853.0,23.1,75.0,16.4
2026-01-16 21:00:00,2026,1,16,21,Đồng Tháp,Xã Tân Phú Trung,10.2545007,105.7361294,94,Moderate,1,24.4,86,0.0,7.2,152,1011.0,21,45.9,47.3,620.0,23.0,64.0,16.7
2026-01-16 22:00:00,2026,1,16,22,Đồng Tháp,Xã Tân Phú Trung,10.2545007,105.7361294,94,Moderate,1,23.5,88,0.0,7.3,155,1011.0,1,42.4,44.0,436.0,22.8,54.0,16.5
2026-01-16 23:00:00,2026,1,16,23,Đồng Tháp,Xã Tân Phú Trung,10.2545007,105.7361294,94,Moderate,1,22.9,90,0.0,7.2,141,1011.0,87,39.3,41.4,377.0,22.3,49.0,15.4
2026-01-17 00:00:00,2026,1,17,0,Đồng Tháp,Xã Tân Phú Trung,10.2545007,105.7361294,95,Moderate,1,22.3,92,0.0,5.0,161,1010.9,100,35.7,38.2,367.0,21.5,46.0,13.7
2026-01-17 01:00:00,2026,1,17,1,Đồng Tháp,Xã Tân Phú Trung,10.2545007,105.7361294,96,Moderate,1,22.2,95,0.0,6.6,164,1010.3,100,32.4,34.8,358.0,20.7,44.0,12.3
2026-01-17 02:00:00,2026,1,17,2,Đồng Tháp,Xã Tân Phú Trung,10.2545007,105.7361294,97,Moderate,1,22.4,95,0.0,7.4,151,1010.1,98,29.7,32.4,328.0,19.6,44.0,11.2
2026-01-17 03:00:00,2026,1,17,3,Đồng Tháp,Xã Tân Phú Trung,10.2545007,105.7361294,98,Moderate,1,22.1,96,0.0,5.2,149,1009.5,100,28.8,31.5,299.0,18.5,46.0,10.3
2026-01-17 04:00:00,2026,1,17,4,Đồng Tháp,Xã Tân Phú Trung,10.2545007,105.7361294,99,Moderate,1,22.1,96,0.0,4.9,147,1009.6,100,28.8,31.7,289.0,18.0,47.0,10.1
2026-01-17 05:00:00,2026,1,17,5,Đồng Tháp,Xã Tân Phú Trung,10.2545007,105.7361294,99,Moderate,1,21.9,97,0.0,4.7,148,1009.9,100,29.1,32.2,320.0,19.4,45.0,11.2
2026-01-17 06:00:00,2026,1,17,6,Đồng Tháp,Xã Tân Phú Trung,10.2545007,105.7361294,100,Moderate,1,21.5,98,0.0,4.1,142,1010.1,99,30.7,34.1,370.0,21.5,43.0,12.9
2026-01-17 07:00:00,2026,1,17,7,Đồng Tháp,Xã Tân Phú Trung,10.2545007,105.7361294,101,Unhealthy for Sensitive Groups,2,22.2,97,0.0,4.2,126,1010.7,73,34.3,38.2,394.0,21.0,48.0,13.9
2026-01-17 08:00:00,2026,1,17,8,Đồng Tháp,Xã Tân Phú Trung,10.2545007,105.7361294,102,Unhealthy for Sensitive Groups,2,24.0,89,0.0,8.0,128,1011.7,32,28.5,32.9,361.0,17.0,62.0,13.2
2026-01-17 09:00:00,2026,1,17,9,Đồng Tháp,Xã Tân Phú Trung,10.2545007,105.7361294,103,Unhealthy for Sensitive Groups,2,25.1,81,0.0,8.0,118,1011.8,22,23.6,28.4,302.0,11.4,81.0,12.1
2026-01-17 10:00:00,2026,1,17,10,Đồng Tháp,Xã Tân Phú Trung,10.2545007,105.7361294,103,Unhealthy for Sensitive Groups,2,26.4,74,0.0,6.9,110,1011.5,52,22.9,26.3,259.0,6.9,100.0,11.0
2026-01-17 11:00:00,2026,1,17,11,Đồng Tháp,Xã Tân Phú Trung,10.2545007,105.7361294,102,Unhealthy for Sensitive Groups,2,27.4,70,0.1,5.6,86,1010.9,23,26.3,28.4,253.0,4.6,117.0,9.7
2026-01-17 12:00:00,2026,1,17,12,Đồng Tháp,Xã Tân Phú Trung,10.2545007,105.7361294,101,Unhealthy for Sensitive Groups,2,28.1,66,0.1,6.1,56,1010.0,30,30.3,32.1,263.0,3.4,132.0,8.3
2026-01-17 13:00:00,2026,1,17,13,Đồng Tháp,Xã Tân Phú Trung,10.2545007,105.7361294,101,Unhealthy for Sensitive Groups,2,28.6,64,0.0,4.6,45,1008.8,90,30.7,32.4,273.0,2.9,144.0,7.5
2026-01-17 14:00:00,2026,1,17,14,Đồng Tháp,Xã Tân Phú Trung,10.2545007,105.7361294,100,Moderate,1,29.1,61,0.0,5.5,44,1007.4,96,30.4,31.7,266.0,2.6,152.0,7.4
2026-01-17 15:00:00,2026,1,17,15,Đồng Tháp,Xã Tân Phú Trung,10.2545007,105.7361294,99,Moderate,1,29.1,61,0.0,5.6,63,1006.8,81,30.3,31.5,260.0,2.9,156.0,7.8
2026-01-17 16:00:00,2026,1,17,16,Đồng Tháp,Xã Tân Phú Trung,10.2545007,105.7361294,98,Moderate,1,28.9,61,0.0,6.5,77,1006.5,16,31.3,32.4,288.0,4.6,154.0,8.8
2026-01-17 17:00:00,2026,1,17,17,Đồng Tháp,Xã Tân Phú Trung,10.2545007,105.7361294,97,Moderate,1,28.2,69,0.0,4.1,113,1006.6,6,35.4,36.3,397.0,8.8,141.0,11.1
2026-01-17 18:00:00,2026,1,17,18,Đồng Tháp,Xã Tân Phú Trung,10.2545007,105.7361294,100,Moderate,1,26.2,77,0.0,4.4,171,1007.0,23,39.9,40.6,540.0,14.3,121.0,14.0
2026-01-17 19:00:00,2026,1,17,19,Đồng Tháp,Xã Tân Phú Trung,10.2545007,105.7361294,104,Unhealthy for Sensitive Groups,2,25.9,77,0.0,7.6,161,1007.5,89,42.3,43.2,615.0,19.9,93.0,15.0
2026-01-17 20:00:00,2026,1,17,20,Đồng Tháp,Xã Tân Phú Trung,10.2545007,105.7361294,99,Moderate,1,25.2,80,0.0,12.6,147,1008.5,71,36.7,37.6,556.0,18.7,85.0,14.1
2026-01-17 21:00:00,2026,1,17,21,Đồng Tháp,Xã Tân Phú Trung,10.2545007,105.7361294,94,Moderate,1,24.2,85,0.0,12.5,147,1009.0,21,30.4,31.8,430.0,17.0,74.0,12.8
2026-01-17 22:00:00,2026,1,17,22,Đồng Tháp,Xã Tân Phú Trung,10.2545007,105.7361294,93,Moderate,1,23.5,88,0.0,11.5,146,1009.4,91,27.1,29.0,331.0,15.7,65.0,11.7
2026-01-17 23:00:00,2026,1,17,23,Đồng Tháp,Xã Tân Phú Trung,10.2545007,105.7361294,91,Moderate,1,23.0,90,0.0,9.9,153,1009.5,98,26.3,28.9,299.0,15.2,61.0,10.8
2026-01-18 00:00:00,2026,1,18,0,Đồng Tháp,Xã Tân Phú Trung,10.2545007,105.7361294,90,Moderate,1,22.6,92,0.0,8.7,146,1009.6,79,25.7,28.4,296.0,15.0,58.0,10.0
2026-01-18 01:00:00,2026,1,18,1,Đồng Tháp,Xã Tân Phú Trung,10.2545007,105.7361294,89,Moderate,1,22.4,96,0.0,5.9,140,1008.8,3,25.8,28.8,296.0,15.3,56.0,9.6
2026-01-18 02:00:00,2026,1,18,2,Đồng Tháp,Xã Tân Phú Trung,10.2545007,105.7361294,89,Moderate,1,22.1,97,0.0,3.7,157,1008.3,70,27.5,30.7,291.0,15.9,53.0,9.7
2026-01-18 03:00:00,2026,1,18,3,Đồng Tháp,Xã Tân Phú Trung,10.2545007,105.7361294,89,Moderate,1,22.0,97,0.0,2.0,180,1007.9,100,30.2,33.6,290.0,16.9,51.0,10.3
2026-01-18 04:00:00,2026,1,18,4,Đồng Tháp,Xã Tân Phú Trung,10.2545007,105.7361294,89,Moderate,1,22.2,97,0.0,4.9,170,1008.3,99,33.4,37.6,300.0,18.2,49.0,11.0
2026-01-18 05:00:00,2026,1,18,5,Đồng Tháp,Xã Tân Phú Trung,10.2545007,105.7361294,89,Moderate,1,21.8,98,0.0,4.7,187,1008.6,96,38.0,42.7,336.0,20.8,45.0,12.2
2026-01-18 06:00:00,2026,1,18,6,Đồng Tháp,Xã Tân Phú Trung,10.2545007,105.7361294,90,Moderate,1,21.8,98,0.0,3.8,185,1009.0,95,40.7,46.7,383.0,23.6,42.0,13.6
2026-01-18 07:00:00,2026,1,18,7,Đồng Tháp,Xã Tân Phú Trung,10.2545007,105.7361294,91,Moderate,1,22.4,97,0.0,4.7,162,1009.7,85,47.0,53.6,404.0,24.2,47.0,15.2
2026-01-18 08:00:00,2026,1,18,8,Đồng Tháp,Xã Tân Phú Trung,10.2545007,105.7361294,92,Moderate,1,24.0,89,0.0,8.0,136,1010.6,54,36.7,43.1,375.0,19.6,60.0,14.4
2026-01-18 09:00:00,2026,1,18,9,Đồng Tháp,Xã Tân Phú Trung,10.2545007,105.7361294,93,Moderate,1,25.4,80,0.0,10.0,126,1011.2,96,29.1,35.4,321.0,13.2,79.0,13.2
2026-01-18 10:00:00,2026,1,18,10,Đồng Tháp,Xã Tân Phú Trung,10.2545007,105.7361294,93,Moderate,1,26.5,72,0.0,9.2,129,1011.0,100,27.1,31.5,280.0,8.1,98.0,12.2
2026-01-18 11:00:00,2026,1,18,11,Đồng Tháp,Xã Tân Phú Trung,10.2545007,105.7361294,93,Moderate,1,27.5,68,0.0,6.8,122,1010.4,100,28.5,31.5,268.0,5.4,117.0,11.6
2026-01-18 12:00:00,2026,1,18,12,Đồng Tháp,Xã Tân Phú Trung,10.2545007,105.7361294,94,Moderate,1,28.0,66,0.0,4.9,114,1009.3,99,31.4,34.1,269.0,4.0,137.0,11.1
2026-01-18 13:00:00,2026,1,18,13,Đồng Tháp,Xã Tân Phú Trung,10.2545007,105.7361294,94,Moderate,1,28.0,65,0.0,4.3,123,1008.3,98,34.3,36.7,273.0,3.2,152.0,10.8
2026-01-18 14:00:00,2026,1,18,14,Đồng Tháp,Xã Tân Phú Trung,10.2545007,105.7361294,94,Moderate,1,28.5,61,0.0,4.1,103,1007.1,77,35.5,37.6,259.0,2.6,161.0,10.5
2026-01-18 15:00:00,2026,1,18,15,Đồng Tháp,Xã Tân Phú Trung,10.2545007,105.7361294,95,Moderate,1,28.6,61,0.0,4.7,118,1006.4,77,36.6,38.5,248.0,2.7,164.0,10.3
2026-01-18 16:00:00,2026,1,18,16,Đồng Tháp,Xã Tân Phú Trung,10.2545007,105.7361294,95,Moderate,1,28.6,61,0.0,5.4,111,1006.3,14,37.1,39.0,295.0,4.5,160.0,10.8
2026-01-18 17:00:00,2026,1,18,17,Đồng Tháp,Xã Tân Phú Trung,10.2545007,105.7361294,96,Moderate,1,27.9,68,0.0,5.2,121,1006.7,32,40.9,42.3,474.0,9.4,144.0,12.7
2026-01-18 18:00:00,2026,1,18,18,Đồng Tháp,Xã Tân Phú Trung,10.2545007,105.7361294,108,Unhealthy for Sensitive Groups,2,26.3,72,0.0,7.9,147,1007.2,99,46.7,47.8,711.0,16.0,120.0,15.2
2026-01-18 19:00:00,2026,1,18,19,Đồng Tháp,Xã Tân Phú Trung,10.2545007,105.7361294,112,Unhealthy for Sensitive Groups,2,25.3,78,0.0,11.8,137,1007.8,57,52.2,53.8,836.0,20.0,91.0,15.7
2026-01-18 20:00:00,2026,1,18,20,Đồng Tháp,Xã Tân Phú Trung,10.2545007,105.7361294,107,Unhealthy for Sensitive Groups,2,24.5,81,0.0,9.7,145,1008.8,100,47.1,48.5,738.0,19.4,83.0,15.0
2026-01-18 21:00:00,2026,1,18,21,Đồng Tháp,Xã Tân Phú Trung,10.2545007,105.7361294,99,Moderate,1,23.9,84,0.0,11.2,143,1009.3,84,41.1,42.6,529.0,18.6,73.0,13.9
2026-01-18 22:00:00,2026,1,18,22,Đồng Tháp,Xã Tân Phú Trung,10.2545007,105.7361294,99,Moderate,1,23.3,85,0.0,9.9,147,1009.7,4,37.0,38.5,371.0,17.8,65.0,12.9
2026-01-18 23:00:00,2026,1,18,23,Đồng Tháp,Xã Tân Phú Trung,10.2545007,105.7361294,100,Moderate,1,22.8,88,0.0,8.2,151,1009.9,1,34.9,36.6,337.0,17.0,62.0,11.8
2026-01-19 00:00:00,2026,1,19,0,Đồng Tháp,Xã Tân Phú Trung,10.2545007,105.7361294,101,Unhealthy for Sensitive Groups,2,22.3,92,0.0,8.0,138,1010.1,0,33.4,35.2,354.0,16.2,61.0,10.7
2026-01-19 01:00:00,2026,1,19,1,Đồng Tháp,Xã Tân Phú Trung,10.2545007,105.7361294,102,Unhealthy for Sensitive Groups,2,22.2,94,0.0,7.3,130,1009.4,0,32.9,34.7,366.0,15.8,60.0,10.0
2026-01-19 02:00:00,2026,1,19,2,Đồng Tháp,Xã Tân Phú Trung,10.2545007,105.7361294,103,Unhealthy for Sensitive Groups,2,22.2,95,0.0,7.6,133,1008.7,34,33.6,35.5,349.0,15.8,59.0,9.8
2026-01-19 03:00:00,2026,1,19,3,Đồng Tháp,Xã Tân Phú Trung,10.2545007,105.7361294,103,Unhealthy for Sensitive Groups,2,22.0,96,0.0,6.9,139,1008.4,70,35.4,38.0,327.0,16.2,58.0,9.9
2026-01-19 04:00:00,2026,1,19,4,Đồng Tháp,Xã Tân Phú Trung,10.2545007,105.7361294,104,Unhealthy for Sensitive Groups,2,22.0,96,0.0,6.4,155,1008.4,86,37.6,40.9,322.0,17.1,57.0,10.5
2026-01-19 05:00:00,2026,1,19,5,Đồng Tháp,Xã Tân Phú Trung,10.2545007,105.7361294,104,Unhealthy for Sensitive Groups,2,21.5,96,0.0,4.6,162,1008.9,71,39.1,43.1,353.0,19.4,52.0,11.9
2026-01-19 06:00:00,2026,1,19,6,Đồng Tháp,Xã Tân Phú Trung,10.2545007,105.7361294,105,Unhealthy for Sensitive Groups,2,21.5,96,0.0,4.8,158,1009.5,91,41.0,45.3,401.0,22.1,47.0,13.7
2026-01-19 07:00:00,2026,1,19,7,Đồng Tháp,Xã Tân Phú Trung,10.2545007,105.7361294,105,Unhealthy for Sensitive Groups,2,22.5,95,0.0,6.9,133,1010.4,54,46.0,51.3,422.0,21.9,59.0,15.3
2026-01-19 08:00:00,2026,1,19,8,Đồng Tháp,Xã Tân Phú Trung,10.2545007,105.7361294,105,Unhealthy for Sensitive Groups,2,24.3,87,0.0,9.7,140,1011.4,59,32.0,37.4,391.0,17.5,73.0,13.8
2026-01-19 09:00:00,2026,1,19,9,Đồng Tháp,Xã Tân Phú Trung,10.2545007,105.7361294,104,Unhealthy for Sensitive Groups,2,25.6,81,0.0,12.1,130,1012.2,20,27.7,32.8,333.0,11.5,92.0,11.8
2026-01-19 10:00:00,2026,1,19,10,Đồng Tháp,Xã Tân Phú Trung,10.2545007,105.7361294,104,Unhealthy for Sensitive Groups,2,26.7,77,0.0,10.9,124,1012.0,36,26.5,31.1,290.0,6.7,110.0,10.2
2026-01-19 11:00:00,2026,1,19,11,Đồng Tháp,Xã Tân Phú Trung,10.2545007,105.7361294,104,Unhealthy for Sensitive Groups,2,27.5,74,0.0,9.6,130,1011.5,100,25.7,28.5,278.0,4.4,124.0,9.3
2026-01-19 12:00:00,2026,1,19,12,Đồng Tháp,Xã Tân Phú Trung,10.2545007,105.7361294,104,Unhealthy for Sensitive Groups,2,28.0,71,0.1,9.2,129,1010.6,100,28.2,30.6,281.0,3.3,137.0,8.9
2026-01-19 13:00:00,2026,1,19,13,Đồng Tháp,Xã Tân Phú Trung,10.2545007,105.7361294,103,Unhealthy for Sensitive Groups,2,28.2,67,0.1,8.0,115,1009.7,100,30.9,33.2,284.0,2.9,146.0,8.7
2026-01-19 14:00:00,2026,1,19,14,Đồng Tháp,Xã Tân Phú Trung,10.2545007,105.7361294,103,Unhealthy for Sensitive Groups,2,28.3,66,0.0,7.6,115,1008.5,100,32.4,34.3,277.0,2.7,151.0,8.8
2026-01-19 15:00:00,2026,1,19,15,Đồng Tháp,Xã Tân Phú Trung,10.2545007,105.7361294,103,Unhealthy for Sensitive Groups,2,28.0,66,0.0,9.4,120,1008.0,100,32.4,34.2,271.0,3.1,153.0,9.1
2026-01-19 16:00:00,2026,1,19,16,Đồng Tháp,Xã Tân Phú Trung,10.2545007,105.7361294,102,Unhealthy for Sensitive Groups,2,27.8,65,0.0,8.9,128,1007.9,100,31.7,33.3,283.0,4.7,147.0,9.8
2026-01-19 17:00:00,2026,1,19,17,Đồng Tháp,Xã Tân Phú Trung,10.2545007,105.7361294,102,Unhealthy for Sensitive Groups,2,26.9,70,0.0,8.9,137,1008.5,100,30.9,32.4,335.0,8.6,129.0,11.2
2026-01-19 18:00:00,2026,1,19,18,Đồng Tháp,Xã Tân Phú Trung,10.2545007,105.7361294,100,Moderate,1,25.5,76,0.0,5.0,134,1009.3,100,32.6,33.6,405.0,13.8,105.0,12.9
2026-01-19 19:00:00,2026,1,19,19,Đồng Tháp,Xã Tân Phú Trung,10.2545007,105.7361294,99,Moderate,1,24.9,80,0.0,7.0,80,1010.1,100,38.5,39.9,451.0,17.6,84.0,14.0
2026-01-19 20:00:00,2026,1,19,20,Đồng Tháp,Xã Tân Phú Trung,10.2545007,105.7361294,98,Moderate,1,24.6,79,0.0,7.5,111,1010.6,99,34.2,35.7,450.0,17.7,78.0,13.9
2026-01-19 21:00:00,2026,1,19,21,Đồng Tháp,Xã Tân Phú Trung,10.2545007,105.7361294,97,Moderate,1,24.3,81,0.0,9.0,158,1011.1,43,30.9,32.8,425.0,17.8,69.0,13.7
2026-01-19 22:00:00,2026,1,19,22,Đồng Tháp,Xã Tân Phú Trung,10.2545007,105.7361294,96,Moderate,1,23.6,85,0.0,7.8,151,1011.0,5,29.9,32.5,398.0,17.9,62.0,13.3
2026-01-19 23:00:00,2026,1,19,23,Đồng Tháp,Xã Tân Phú Trung,10.2545007,105.7361294,95,Moderate,1,22.9,89,0.0,6.1,157,1011.0,18,29.2,31.9,376.0,17.8,58.0,12.5
2026-01-20 00:00:00,2026,1,20,0,Đồng Tháp,Xã Tân Phú Trung,10.2545007,105.7361294,95,Moderate,1,22.2,93,0.0,5.1,162,1011.2,100,29.0,31.9,353.0,17.7,55.0,11.5
2026-01-20 01:00:00,2026,1,20,1,Đồng Tháp,Xã Tân Phú Trung,10.2545007,105.7361294,94,Moderate,1,22.0,94,0.0,4.8,158,1010.5,78,30.4,33.4,335.0,17.8,53.0,10.9
2026-01-20 02:00:00,2026,1,20,2,Đồng Tháp,Xã Tân Phú Trung,10.2545007,105.7361294,94,Moderate,1,21.6,95,0.0,4.7,171,1010.0,100,32.1,35.4,324.0,18.2,51.0,10.8
2026-01-20 03:00:00,2026,1,20,3,Đồng Tháp,Xã Tân Phú Trung,10.2545007,105.7361294,94,Moderate,1,21.5,95,0.0,5.2,160,1009.6,100,34.2,37.8,319.0,18.8,50.0,11.1
2026-01-20 04:00:00,2026,1,20,4,Đồng Tháp,Xã Tân Phú Trung,10.2545007,105.7361294,94,Moderate,1,21.5,95,0.0,5.6,153,1009.6,99,36.4,40.4,321.0,19.9,48.0,11.9
2026-01-20 05:00:00,2026,1,20,5,Đồng Tháp,Xã Tân Phú Trung,10.2545007,105.7361294,94,Moderate,1,21.5,95,0.0,6.9,141,1009.9,100,38.6,42.7,340.0,22.6,44.0,13.7
2026-01-20 06:00:00,2026,1,20,6,Đồng Tháp,Xã Tân Phú Trung,10.2545007,105.7361294,94,Moderate,1,21.3,96,0.0,6.6,135,1010.3,53,41.4,45.6,366.0,25.8,41.0,16.1
2026-01-20 07:00:00,2026,1,20,7,Đồng Tháp,Xã Tân Phú Trung,10.2545007,105.7361294,94,Moderate,1,22.0,95,0.0,5.5,139,1011.4,99,39.3,43.5,372.0,22.3,44.0,14.5
2026-01-20 08:00:00,2026,1,20,8,Đồng Tháp,Xã Tân Phú Trung,10.2545007,105.7361294,93,Moderate,1,23.8,90,0.0,6.1,130,1012.5,55,33.6,37.8,335.0,18.1,56.0,13.3
2026-01-20 09:00:00,2026,1,20,9,Đồng Tháp,Xã Tân Phú Trung,10.2545007,105.7361294,93,Moderate,1,25.4,82,0.0,11.1,121,1013.3,28,24.6,29.6,278.0,12.1,73.0,11.6
2026-01-20 10:00:00,2026,1,20,10,Đồng Tháp,Xã Tân Phú Trung,10.2545007,105.7361294,93,Moderate,1,26.6,76,0.0,9.1,117,1013.3,53,23.9,29.4,239.0,7.4,91.0,10.2
2026-01-20 11:00:00,2026,1,20,11,Đồng Tháp,Xã Tân Phú Trung,10.2545007,105.7361294,93,Moderate,1,27.8,69,0.0,8.0,118,1013.0,52,24.0,27.4,238.0,4.9,110.0,9.5
2026-01-20 12:00:00,2026,1,20,12,Đồng Tháp,Xã Tân Phú Trung,10.2545007,105.7361294,93,Moderate,1,28.6,63,0.0,6.5,109,1012.2,19,26.7,29.0,254.0,3.6,129.0,9.2
2026-01-20 13:00:00,2026,1,20,13,Đồng Tháp,Xã Tân Phú Trung,10.2545007,105.7361294,93,Moderate,1,29.0,58,0.0,5.5,71,1010.9,30,28.8,30.9,268.0,2.9,144.0,9.0
2026-01-20 14:00:00,2026,1,20,14,Đồng Tháp,Xã Tân Phú Trung,10.2545007,105.7361294,92,Moderate,1,29.2,54,0.1,5.8,54,1009.8,96,29.7,31.5,268.0,2.4,153.0,8.8
2026-01-20 15:00:00,2026,1,20,15,Đồng Tháp,Xã Tân Phú Trung,10.2545007,105.7361294,92,Moderate,1,29.0,54,0.0,7.6,62,1009.2,97,30.7,32.4,266.0,2.6,158.0,8.7
2026-01-20 16:00:00,2026,1,20,16,Đồng Tháp,Xã Tân Phú Trung,10.2545007,105.7361294,92,Moderate,1,28.1,58,0.0,8.9,82,1009.4,49,31.9,33.4,273.0,4.2,156.0,9.3
2026-01-20 17:00:00,2026,1,20,17,Đồng Tháp,Xã Tân Phú Trung,10.2545007,105.7361294,92,Moderate,1,26.9,68,0.0,9.0,105,1009.4,91,36.7,37.7,301.0,8.7,143.0,11.4
2026-01-20 18:00:00,2026,1,20,18,Đồng Tháp,Xã Tân Phú Trung,10.2545007,105.7361294,97,Moderate,1,25.5,71,0.0,12.6,126,1009.5,80,42.0,43.0,338.0,14.7,122.0,14.3
2026-01-20 19:00:00,2026,1,20,19,Đồng Tháp,Xã Tân Phú Trung,10.2545007,105.7361294,104,Unhealthy for Sensitive Groups,2,24.6,77,0.0,9.6,142,1009.8,80,47.1,48.2,359.0,19.9,82.0,15.3
2026-01-20 20:00:00,2026,1,20,20,Đồng Tháp,Xã Tân Phú Trung,10.2545007,105.7361294,98,Moderate,1,24.6,78,0.0,9.8,139,1010.9,89,41.1,42.3,351.0,18.6,78.0,14.2
2026-01-20 21:00:00,2026,1,20,21,Đồng Tháp,Xã Tân Phú Trung,10.2545007,105.7361294,95,Moderate,1,24.2,78,0.0,12.0,129,1011.7,79,31.9,33.4,328.0,16.9,72.0,12.6
2026-01-20 22:00:00,2026,1,20,22,Đồng Tháp,Xã Tân Phú Trung,10.2545007,105.7361294,95,Moderate,1,23.5,79,0.0,12.4,131,1011.9,98,25.1,27.0,306.0,15.4,68.0,11.1
2026-01-20 23:00:00,2026,1,20,23,Đồng Tháp,Xã Tân Phú Trung,10.2545007,105.7361294,94,Moderate,1,22.9,83,0.0,12.0,129,1011.8,100,22.0,24.4,291.0,14.3,68.0,9.8
2026-01-21 00:00:00,2026,1,21,0,Đồng Tháp,Xã Tân Phú Trung,10.2545007,105.7361294,94,Moderate,1,22.5,83,0.0,11.6,125,1012.0,99,20.9,23.4,278.0,13.4,69.0,8.6
2026-01-21 01:00:00,2026,1,21,1,Đồng Tháp,Xã Tân Phú Trung,10.2545007,105.7361294,93,Moderate,1,22.4,87,0.0,10.8,134,1011.4,81,21.4,24.1,269.0,13.3,70.0,8.0
2026-01-21 02:00:00,2026,1,21,2,Đồng Tháp,Xã Tân Phú Trung,10.2545007,105.7361294,92,Moderate,1,22.1,88,0.0,8.5,144,1011.2,19,23.3,26.1,261.0,14.0,68.0,8.1
2026-01-21 03:00:00,2026,1,21,3,Đồng Tháp,Xã Tân Phú Trung,10.2545007,105.7361294,91,Moderate,1,22.0,88,0.0,7.7,141,1010.8,10,26.8,30.0,257.0,15.4,66.0,8.9
2026-01-21 04:00:00,2026,1,21,4,Đồng Tháp,Xã Tân Phú Trung,10.2545007,105.7361294,91,Moderate,1,21.7,90,0.0,6.3,145,1011.0,32,30.6,34.1,264.0,17.6,63.0,10.4
2026-01-21 05:00:00,2026,1,21,5,Đồng Tháp,Xã Tân Phú Trung,10.2545007,105.7361294,90,Moderate,1,21.6,91,0.0,5.0,142,1011.4,98,35.2,39.0,295.0,22.2,59.0,13.5
2026-01-21 06:00:00,2026,1,21,6,Đồng Tháp,Xã Tân Phú Trung,10.2545007,105.7361294,90,Moderate,1,21.5,92,0.0,3.5,105,1011.8,93,39.5,43.7,337.0,27.6,55.0,17.3
2026-01-21 07:00:00,2026,1,21,7,Đồng Tháp,Xã Tân Phú Trung,10.2545007,105.7361294,90,Moderate,1,22.5,89,0.0,3.9,124,1012.4,97,41.8,46.2,359.0,24.6,55.0,15.3
2026-01-21 08:00:00,2026,1,21,8,Đồng Tháp,Xã Tân Phú Trung,10.2545007,105.7361294,90,Moderate,1,24.0,85,0.0,4.3,114,1013.7,99,34.5,38.4,343.0,21.2,64.0,15.9
2026-01-21 09:00:00,2026,1,21,9,Đồng Tháp,Xã Tân Phú Trung,10.2545007,105.7361294,90,Moderate,1,25.5,79,0.0,9.0,89,1014.6,97,27.5,31.8,306.0,16.4,77.0,16.7
2026-01-21 10:00:00,2026,1,21,10,Đồng Tháp,Xã Tân Phú Trung,10.2545007,105.7361294,90,Moderate,1,26.8,73,0.0,9.5,69,1014.3,97,27.0,29.3,274.0,12.0,93.0,16.5
2026-01-21 11:00:00,2026,1,21,11,Đồng Tháp,Xã Tân Phú Trung,10.2545007,105.7361294,91,Moderate,1,28.0,64,0.0,10.7,54,1013.9,91,30.2,32.7,254.0,8.3,113.0,14.5
2026-01-21 12:00:00,2026,1,21,12,Đồng Tháp,Xã Tân Phú Trung,10.2545007,105.7361294,91,Moderate,1,28.6,57,0.0,12.2,47,1012.9,81,30.9,33.4,238.0,5.0,135.0,11.5
2026-01-21 13:00:00,2026,1,21,13,Đồng Tháp,Xã Tân Phú Trung,10.2545007,105.7361294,92,Moderate,1,29.1,54,0.0,12.2,49,1012.0,54,28.9,31.4,228.0,2.8,151.0,9.2
2026-01-21 14:00:00,2026,1,21,14,Đồng Tháp,Xã Tân Phú Trung,10.2545007,105.7361294,92,Moderate,1,29.4,51,0.0,11.4,41,1010.9,57,27.1,29.4,214.0,1.9,156.0,8.0
2026-01-21 15:00:00,2026,1,21,15,Đồng Tháp,Xã Tân Phú Trung,10.2545007,105.7361294,91,Moderate,1,29.4,48,0.0,9.4,45,1010.1,38,26.1,28.1,207.0,2.2,155.0,7.5
2026-01-21 16:00:00,2026,1,21,16,Đồng Tháp,Xã Tân Phú Trung,10.2545007,105.7361294,91,Moderate,1,29.4,47,0.0,7.4,45,1010.0,85,26.4,28.2,241.0,4.0,149.0,7.9
2026-01-21 17:00:00,2026,1,21,17,Đồng Tháp,Xã Tân Phú Trung,10.2545007,105.7361294,90,Moderate,1,28.6,61,0.0,0.7,76,1010.1,26,31.7,33.1,367.0,8.7,137.0,10.0
2026-01-21 18:00:00,2026,1,21,18,Đồng Tháp,Xã Tân Phú Trung,10.2545007,105.7361294,98,Moderate,1,25.9,65,0.0,6.3,180,1010.3,4,39.3,40.6,534.0,14.9,120.0,13.1
2026-01-21 19:00:00,2026,1,21,19,Đồng Tháp,Xã Tân Phú Trung,10.2545007,105.7361294,104,Unhealthy for Sensitive Groups,2,25.5,68,0.0,13.1,159,1011.3,62,37.7,38.4,624.0,22.1,95.0,15.6
2026-01-21 20:00:00,2026,1,21,20,Đồng Tháp,Xã Tân Phú Trung,10.2545007,105.7361294,100,Moderate,1,24.6,71,0.0,12.5,137,1012.6,6,33.2,33.9,562.0,20.1,90.0,14.6
2026-01-21 21:00:00,2026,1,21,21,Đồng Tháp,Xã Tân Phú Trung,10.2545007,105.7361294,91,Moderate,1,23.5,79,0.0,11.7,136,1013.4,4,27.4,28.5,422.0,17.4,82.0,13.1
2026-01-21 22:00:00,2026,1,21,22,Đồng Tháp,Xã Tân Phú Trung,10.2545007,105.7361294,88,Moderate,1,23.1,82,0.0,12.3,140,1013.2,80,23.8,25.4,312.0,15.5,75.0,11.8
2026-01-21 23:00:00,2026,1,21,23,Đồng Tháp,Xã Tân Phú Trung,10.2545007,105.7361294,88,Moderate,1,22.6,84,0.0,10.8,134,1013.1,94,22.6,24.6,275.0,14.8,70.0,10.6
2026-01-22 00:00:00,2026,1,22,0,Đồng Tháp,Xã Tân Phú Trung,10.2545007,105.7361294,88,Moderate,1,22.1,85,0.0,8.4,118,1013.2,74,22.5,24.7,268.0,14.9,66.0,9.4
2026-01-22 01:00:00,2026,1,22,1,Đồng Tháp,Xã Tân Phú Trung,10.2545007,105.7361294,88,Moderate,1,21.5,91,0.0,6.5,114,1012.6,83,24.2,26.7,267.0,15.6,62.0,9.0
2026-01-22 02:00:00,2026,1,22,2,Đồng Tháp,Xã Tân Phú Trung,10.2545007,105.7361294,88,Moderate,1,21.1,93,0.0,5.4,116,1012.0,93,27.8,30.7,264.0,17.1,60.0,9.6
2026-01-22 03:00:00,2026,1,22,3,Đồng Tháp,Xã Tân Phú Trung,10.2545007,105.7361294,89,Moderate,1,21.0,92,0.0,2.0,95,1011.8,95,32.4,35.6,267.0,19.2,58.0,11.0
2026-01-22 04:00:00,2026,1,22,4,Đồng Tháp,Xã Tân Phú Trung,10.2545007,105.7361294,89,Moderate,1,21.0,93,0.0,0.4,270,1011.8,98,36.6,40.3,284.0,21.6,56.0,12.7
2026-01-22 05:00:00,2026,1,22,5,Đồng Tháp,Xã Tân Phú Trung,10.2545007,105.7361294,90,Moderate,1,20.8,93,0.0,0.4,333,1012.4,99,41.9,45.8,329.0,25.3,49.0,15.2
2026-01-22 06:00:00,2026,1,22,6,Đồng Tháp,Xã Tân Phú Trung,10.2545007,105.7361294,90,Moderate,1,20.4,97,0.0,4.8,20,1013.1,98,46.8,50.9,387.0,29.4,41.0,18.1
2026-01-22 07:00:00,2026,1,22,7,Đồng Tháp,Xã Tân Phú Trung,10.2545007,105.7361294,91,Moderate,1,21.8,94,0.0,4.4,12,1014.0,88,57.2,61.7,419.0,27.9,38.0,14.8
2026-01-22 08:00:00,2026,1,22,8,Đồng Tháp,Xã Tân Phú Trung,10.2545007,105.7361294,92,Moderate,1,23.2,90,0.0,5.8,39,1014.9,94,50.2,53.4,403.0,21.8,60.0,14.0
2026-01-22 09:00:00,2026,1,22,9,Đồng Tháp,Xã Tân Phú Trung,10.2545007,105.7361294,94,Moderate,1,24.9,79,0.0,9.1,34,1016.0,95,37.3,39.6,362.0,13.4,90.0,12.8
2026-01-22 10:00:00,2026,1,22,10,Đồng Tháp,Xã Tân Phú Trung,10.2545007,105.7361294,94,Moderate,1,26.0,74,0.0,8.4,19,1016.0,99,32.0,33.6,324.0,6.9,115.0,11.5
2026-01-22 11:00:00,2026,1,22,11,Đồng Tháp,Xã Tân Phú Trung,10.2545007,105.7361294,95,Moderate,1,26.9,68,0.1,7.8,9,1015.5,99,29.0,30.7,298.0,4.0,129.0,9.7
2026-01-22 12:00:00,2026,1,22,12,Đồng Tháp,Xã Tân Phú Trung,10.2545007,105.7361294,95,Moderate,1,27.9,62,0.0,7.2,6,1014.1,100,26.3,27.9,275.0,3.0,138.0,7.7
2026-01-22 13:00:00,2026,1,22,13,Đồng Tháp,Xã Tân Phú Trung,10.2545007,105.7361294,94,Moderate,1,28.5,57,0.0,7.6,7,1013.1,100,23.7,25.4,257.0,2.7,144.0,6.5
2026-01-22 14:00:00,2026,1,22,14,Đồng Tháp,Xã Tân Phú Trung,10.2545007,105.7361294,94,Moderate,1,29.0,55,0.0,7.3,30,1012.0,100,22.6,24.3,225.0,2.2,150.0,6.4
2026-01-22 15:00:00,2026,1,22,15,Đồng Tháp,Xã Tân Phú Trung,10.2545007,105.7361294,94,Moderate,1,29.0,54,0.0,8.2,36,1011.3,100,23.3,24.9,197.0,2.4,152.0,7.0
2026-01-22 16:00:00,2026,1,22,16,Đồng Tháp,Xã Tân Phú Trung,10.2545007,105.7361294,93,Moderate,1,28.8,53,0.0,7.9,39,1011.2,100,24.8,26.3,231.0,4.6,149.0,8.4
2026-01-22 17:00:00,2026,1,22,17,Đồng Tháp,Xã Tân Phú Trung,10.2545007,105.7361294,93,Moderate,1,27.9,62,0.0,4.9,51,1011.5,100,30.4,31.5,401.0,10.9,135.0,11.4
2026-01-22 18:00:00,2026,1,22,18,Đồng Tháp,Xã Tân Phú Trung,10.2545007,105.7361294,103,Unhealthy for Sensitive Groups,2,26.1,69,0.0,4.0,85,1011.9,100,39.9,41.0,632.0,19.2,114.0,15.2
2026-01-22 19:00:00,2026,1,22,19,Đồng Tháp,Xã Tân Phú Trung,10.2545007,105.7361294,103,Unhealthy for Sensitive Groups,2,25.9,70,0.0,1.1,90,1012.5,100,58.2,59.3,757.0,34.9,83.0,21.8
2026-01-22 20:00:00,2026,1,22,20,Đồng Tháp,Xã Tân Phú Trung,10.2545007,105.7361294,95,Moderate,1,25.1,72,0.0,1.8,156,1013.3,100,63.8,64.5,668.0,31.2,84.0,20.8
2026-01-22 21:00:00,2026,1,22,21,Đồng Tháp,Xã Tân Phú Trung,10.2545007,105.7361294,98,Moderate,1,24.4,76,0.0,11.7,135,1014.2,100,54.5,55.3,474.0,26.0,84.0,19.3
2026-01-22 22:00:00,2026,1,22,22,Đồng Tháp,Xã Tân Phú Trung,10.2545007,105.7361294,100,Moderate,1,23.5,84,0.0,10.0,131,1013.9,100,44.5,45.4,330.0,22.1,82.0,17.7
2026-01-22 23:00:00,2026,1,22,23,Đồng Tháp,Xã Tân Phú Trung,10.2545007,105.7361294,102,Unhealthy for Sensitive Groups,2,23.0,87,0.0,7.5,132,1013.9,100,36.9,38.2,306.0,20.6,75.0,15.7
2026-01-23 00:00:00,2026,1,23,0,Đồng Tháp,Xã Tân Phú Trung,10.2545007,105.7361294,104,Unhealthy for Sensitive Groups,2,22.1,91,0.0,5.6,90,1014.0,100,33.4,35.6,333.0,20.4,65.0,13.6
2026-01-23 01:00:00,2026,1,23,1,Đồng Tháp,Xã Tân Phú Trung,10.2545007,105.7361294,105,Unhealthy for Sensitive Groups,2,21.9,92,0.0,3.4,106,1013.7,100,35.3,37.7,361.0,20.8,57.0,12.5
2026-01-23 02:00:00,2026,1,23,2,Đồng Tháp,Xã Tân Phú Trung,10.2545007,105.7361294,106,Unhealthy for Sensitive Groups,2,21.8,92,0.0,1.5,126,1013.5,100,40.7,43.4,373.0,22.1,51.0,13.2
2026-01-23 03:00:00,2026,1,23,3,Đồng Tháp,Xã Tân Phú Trung,10.2545007,105.7361294,107,Unhealthy for Sensitive Groups,2,21.6,93,0.0,1.3,56,1013.4,98,45.3,48.2,387.0,23.9,47.0,14.9
2026-01-23 04:00:00,2026,1,23,4,Đồng Tháp,Xã Tân Phú Trung,10.2545007,105.7361294,109,Unhealthy for Sensitive Groups,2,21.0,96,0.0,4.7,351,1013.6,100,45.3,48.3,400.0,24.6,45.0,15.9
2026-01-23 05:00:00,2026,1,23,5,Đồng Tháp,Xã Tân Phú Trung,10.2545007,105.7361294,110,Unhealthy for Sensitive Groups,2,21.0,96,0.0,6.1,332,1013.9,17,41.1,43.8,418.0,23.2,43.0,15.5
2026-01-23 06:00:00,2026,1,23,6,Đồng Tháp,Xã Tân Phú Trung,10.2545007,105.7361294,109,Unhealthy for Sensitive Groups,2,20.7,95,0.0,6.1,348,1014.5,5,35.2,37.4,437.0,20.6,44.0,14.4
2026-01-23 07:00:00,2026,1,23,7,Đồng Tháp,Xã Tân Phú Trung,10.2545007,105.7361294,108,Unhealthy for Sensitive Groups,2,21.5,96,0.0,5.0,358,1015.5,2,51.0,53.8,439.0,24.5,36.0,15.9
2026-01-23 08:00:00,2026,1,23,8,Đồng Tháp,Xã Tân Phú Trung,10.2545007,105.7361294,108,Unhealthy for Sensitive Groups,2,23.0,86,0.0,4.2,25,1016.5,0,41.9,44.1,412.0,19.6,54.0,15.2
2026-01-23 09:00:00,2026,1,23,9,Đồng Tháp,Xã Tân Phú Trung,10.2545007,105.7361294,107,Unhealthy for Sensitive Groups,2,24.7,72,0.0,6.8,40,1017.0,23,28.4,30.4,369.0,12.8,80.0,14.2
2026-01-23 10:00:00,2026,1,23,10,Đồng Tháp,Xã Tân Phú Trung,10.2545007,105.7361294,106,Unhealthy for Sensitive Groups,2,26.0,67,0.0,5.6,42,1016.8,2,24.2,25.9,336.0,7.4,105.0,13.2
2026-01-23 11:00:00,2026,1,23,11,Đồng Tháp,Xã Tân Phú Trung,10.2545007,105.7361294,105,Unhealthy for Sensitive Groups,2,27.2,65,0.0,3.3,13,1016.1,8,23.4,24.5,324.0,4.9,128.0,12.4
2026-01-23 12:00:00,2026,1,23,12,Đồng Tháp,Xã Tân Phú Trung,10.2545007,105.7361294,104,Unhealthy for Sensitive Groups,2,28.0,64,0.0,3.5,345,1015.1,14,23.3,24.4,321.0,3.8,149.0,11.6
2026-01-23 13:00:00,2026,1,23,13,Đồng Tháp,Xã Tân Phú Trung,10.2545007,105.7361294,104,Unhealthy for Sensitive Groups,2,28.5,60,0.0,3.1,24,1014.3,62,21.8,23.0,318.0,3.2,163.0,10.8
2026-01-23 14:00:00,2026,1,23,14,Đồng Tháp,Xã Tân Phú Trung,10.2545007,105.7361294,104,Unhealthy for Sensitive Groups,2,29.0,58,0.0,3.0,25,1013.2,41,19.9,21.1,299.0,1.9,165.0,9.2
2026-01-23 15:00:00,2026,1,23,15,Đồng Tháp,Xã Tân Phú Trung,10.2545007,105.7361294,104,Unhealthy for Sensitive Groups,2,29.1,57,0.0,3.5,24,1012.3,27,18.1,19.3,281.0,1.1,159.0,7.5
2026-01-23 16:00:00,2026,1,23,16,Đồng Tháp,Xã Tân Phú Trung,10.2545007,105.7361294,103,Unhealthy for Sensitive Groups,2,29.0,57,0.0,3.9,13,1012.1,9,17.3,18.5,304.0,3.6,148.0,7.6
2026-01-23 17:00:00,2026,1,23,17,Đồng Tháp,Xã Tân Phú Trung,10.2545007,105.7361294,102,Unhealthy for Sensitive Groups,2,28.5,59,0.0,1.9,343,1012.4,9,20.9,21.9,419.0,13.3,128.0,11.6
2026-01-23 18:00:00,2026,1,23,18,Đồng Tháp,Xã Tân Phú Trung,10.2545007,105.7361294,110,Unhealthy for Sensitive Groups,2,26.7,69,0.0,1.0,248,1012.8,66,35.9,36.8,575.0,26.3,102.0,17.4
2026-01-23 19:00:00,2026,1,23,19,Đồng Tháp,Xã Tân Phú Trung,10.2545007,105.7361294,109,Unhealthy for Sensitive Groups,2,25.5,77,0.0,3.2,199,1013.5,23,54.6,55.6,667.0,36.5,83.0,22.6
2026-01-23 20:00:00,2026,1,23,20,Đồng Tháp,Xã Tân Phú Trung,10.2545007,105.7361294,100,Moderate,1,25.0,77,0.0,5.4,186,1014.2,64,60.3,61.5,633.0,32.8,81.0,21.5
2026-01-23 21:00:00,2026,1,23,21,Đồng Tháp,Xã Tân Phú Trung,10.2545007,105.7361294,100,Moderate,1,25.1,76,0.0,12.2,137,1014.6,19,51.6,52.4,535.0,27.7,77.0,19.8
2026-01-23 22:00:00,2026,1,23,22,Đồng Tháp,Xã Tân Phú Trung,10.2545007,105.7361294,100,Moderate,1,24.0,80,0.0,12.3,136,1014.5,38,42.4,43.7,446.0,23.2,73.0,17.7
2026-01-23 23:00:00,2026,1,23,23,Đồng Tháp,Xã Tân Phú Trung,10.2545007,105.7361294,100,Moderate,1,23.5,83,0.0,11.5,130,1014.7,25,32.7,34.5,390.0,19.9,68.0,14.7
2026-01-24 00:00:00,2026,1,24,0,Đồng Tháp,Xã Tân Phú Trung,10.2545007,105.7361294,99,Moderate,1,22.9,87,0.0,8.2,109,1015.1,18,25.8,27.9,343.0,17.1,63.0,11.2
2026-01-24 01:00:00,2026,1,24,1,Đồng Tháp,Xã Tân Phú Trung,10.2545007,105.7361294,99,Moderate,1,22.2,93,0.0,4.4,99,1014.7,57,22.3,24.4,311.0,15.6,58.0,8.8
2026-01-24 02:00:00,2026,1,24,2,Đồng Tháp,Xã Tân Phú Trung,10.2545007,105.7361294,97,Moderate,1,22.2,93,0.3,4.0,150,1014.2,59,21.7,23.9,295.0,15.6,54.0,8.3
2026-01-24 03:00:00,2026,1,24,3,Đồng Tháp,Xã Tân Phú Trung,10.2545007,105.7361294,96,Moderate,1,22.1,94,0.0,4.2,133,1013.8,30,22.8,25.0,292.0,16.8,51.0,8.9
2026-01-24 04:00:00,2026,1,24,4,Đồng Tháp,Xã Tân Phú Trung,10.2545007,105.7361294,94,Moderate,1,21.6,96,0.0,4.3,114,1013.9,6,24.7,27.0,303.0,18.5,48.0,10.1
2026-01-24 05:00:00,2026,1,24,5,Đồng Tháp,Xã Tân Phú Trung,10.2545007,105.7361294,92,Moderate,1,21.5,95,0.0,4.2,78,1014.2,2,28.9,31.3,337.0,21.4,42.0,12.2
2026-01-24 06:00:00,2026,1,24,6,Đồng Tháp,Xã Tân Phú Trung,10.2545007,105.7361294,91,Moderate,1,21.4,97,0.0,5.4,26,1014.5,5,35.0,37.7,385.0,24.9,35.0,14.8
2026-01-24 07:00:00,2026,1,24,7,Đồng Tháp,Xã Tân Phú Trung,10.2545007,105.7361294,91,Moderate,1,22.0,97,0.0,6.4,11,1015.4,36,49.1,53.2,414.0,23.8,38.0,16.0
2026-01-24 08:00:00,2026,1,24,8,Đồng Tháp,Xã Tân Phú Trung,10.2545007,105.7361294,91,Moderate,1,23.8,89,0.0,8.1,31,1016.1,95,43.5,47.5,407.0,20.0,58.0,17.1
2026-01-24 09:00:00,2026,1,24,9,Đồng Tháp,Xã Tân Phú Trung,10.2545007,105.7361294,91,Moderate,1,25.0,81,0.0,9.3,10,1016.9,32,37.6,41.9,381.0,14.6,85.0,18.6
2026-01-24 10:00:00,2026,1,24,10,Đồng Tháp,Xã Tân Phú Trung,10.2545007,105.7361294,92,Moderate,1,26.5,74,0.0,7.8,4,1016.9,71,36.1,40.6,356.0,10.0,110.0,18.8
2026-01-24 11:00:00,2026,1,24,11,Đồng Tháp,Xã Tân Phú Trung,10.2545007,105.7361294,93,Moderate,1,27.5,69,0.0,6.1,360,1016.6,40,33.9,37.7,338.0,6.8,129.0,16.6
2026-01-24 12:00:00,2026,1,24,12,Đồng Tháp,Xã Tân Phú Trung,10.2545007,105.7361294,94,Moderate,1,28.4,61,0.0,7.6,357,1015.5,24,30.5,32.6,321.0,4.4,146.0,13.1
2026-01-24 13:00:00,2026,1,24,13,Đồng Tháp,Xã Tân Phú Trung,10.2545007,105.7361294,94,Moderate,1,28.7,54,0.0,6.7,8,1014.6,30,27.2,28.8,308.0,2.9,156.0,10.4
2026-01-24 14:00:00,2026,1,24,14,Đồng Tháp,Xã Tân Phú Trung,10.2545007,105.7361294,95,Moderate,1,29.0,52,0.0,5.1,10,1013.6,10,25.1,26.7,283.0,2.2,158.0,8.9
2026-01-24 15:00:00,2026,1,24,15,Đồng Tháp,Xã Tân Phú Trung,10.2545007,105.7361294,95,Moderate,1,29.4,51,0.0,5.5,23,1012.9,5,24.6,26.1,263.0,2.5,155.0,8.2
2026-01-24 16:00:00,2026,1,24,16,Đồng Tháp,Xã Tân Phú Trung,10.2545007,105.7361294,96,Moderate,1,29.1,51,0.0,5.6,42,1012.5,4,25.8,27.3,302.0,4.3,148.0,8.6
2026-01-24 17:00:00,2026,1,24,17,Đồng Tháp,Xã Tân Phú Trung,10.2545007,105.7361294,98,Moderate,1,28.4,60,0.0,3.5,78,1012.5,5,31.8,33.1,474.0,9.2,137.0,11.1
2026-01-24 18:00:00,2026,1,24,18,Đồng Tháp,Xã Tân Phú Trung,10.2545007,105.7361294,109,Unhealthy for Sensitive Groups,2,26.2,65,0.0,6.3,117,1012.7,4,39.8,40.7,706.0,15.8,123.0,14.7
2026-01-24 19:00:00,2026,1,24,19,Đồng Tháp,Xã Tân Phú Trung,10.2545007,105.7361294,112,Unhealthy for Sensitive Groups,2,25.0,73,0.0,5.5,144,1013.0,6,38.3,38.9,825.0,19.3,106.0,16.7
2026-01-24 20:00:00,2026,1,24,20,Đồng Tháp,Xã Tân Phú Trung,10.2545007,105.7361294,107,Unhealthy for Sensitive Groups,2,24.6,75,0.0,9.8,137,1013.8,2,34.6,35.3,724.0,18.2,98.0,15.5
2026-01-24 21:00:00,2026,1,24,21,Đồng Tháp,Xã Tân Phú Trung,10.2545007,105.7361294,96,Moderate,1,24.1,78,0.0,11.6,125,1014.1,1,28.9,30.2,511.0,16.7,86.0,13.8
2026-01-24 22:00:00,2026,1,24,22,Đồng Tháp,Xã Tân Phú Trung,10.2545007,105.7361294,92,Moderate,1,23.5,83,0.0,11.6,125,1014.1,81,24.9,26.8,343.0,15.5,76.0,12.1
2026-01-24 23:00:00,2026,1,24,23,Đồng Tháp,Xã Tân Phú Trung,10.2545007,105.7361294,91,Moderate,1,23.0,86,0.0,10.8,127,1014.1,91,22.4,24.5,285.0,14.8,69.0,10.5
2026-01-25 00:00:00,2026,1,25,0,Đồng Tháp,Xã Tân Phú Trung,10.2545007,105.7361294,90,Moderate,1,22.5,87,0.0,10.9,129,1013.8,91,20.6,22.9,271.0,14.4,65.0,9.0
2026-01-25 01:00:00,2026,1,25,1,Đồng Tháp,Xã Tân Phú Trung,10.2545007,105.7361294,89,Moderate,1,22.3,89,0.0,9.8,131,1013.6,88,19.4,21.8,265.0,14.2,61.0,7.9
2026-01-25 02:00:00,2026,1,25,2,Đồng Tháp,Xã Tân Phú Trung,10.2545007,105.7361294,89,Moderate,1,22.0,89,0.0,8.5,134,1013.1,88,18.7,21.0,250.0,13.9,59.0,7.2
2026-01-25 03:00:00,2026,1,25,3,Đồng Tháp,Xã Tân Phú Trung,10.2545007,105.7361294,89,Moderate,1,21.5,90,0.0,7.3,123,1012.8,42,18.6,20.8,242.0,13.7,58.0,6.9
2026-01-25 04:00:00,2026,1,25,4,Đồng Tháp,Xã Tân Phú Trung,10.2545007,105.7361294,88,Moderate,1,21.0,92,0.0,6.1,114,1012.5,41,19.3,21.6,249.0,14.4,57.0,7.4
2026-01-25 05:00:00,2026,1,25,5,Đồng Tháp,Xã Tân Phú Trung,10.2545007,105.7361294,88,Moderate,1,21.0,92,0.0,7.3,128,1013.1,67,21.7,24.0,286.0,17.3,54.0,9.4
2026-01-25 06:00:00,2026,1,25,6,Đồng Tháp,Xã Tân Phú Trung,10.2545007,105.7361294,87,Moderate,1,20.8,93,0.0,6.6,112,1013.6,54,25.8,28.3,339.0,21.2,51.0,12.3
2026-01-25 07:00:00,2026,1,25,7,Đồng Tháp,Xã Tân Phú Trung,10.2545007,105.7361294,86,Moderate,1,21.8,94,0.0,4.3,5,1014.3,14,27.2,29.7,372.0,21.3,49.0,12.8
2026-01-25 08:00:00,2026,1,25,8,Đồng Tháp,Xã Tân Phú Trung,10.2545007,105.7361294,84,Moderate,1,23.6,89,0.0,3.2,93,1014.8,0,23.2,25.7,368.0,19.2,57.0,13.9
2026-01-25 09:00:00,2026,1,25,9,Đồng Tháp,Xã Tân Phú Trung,10.2545007,105.7361294,83,Moderate,1,25.4,82,0.0,6.5,104,1015.6,1,20.1,23.1,345.0,16.3,70.0,15.3
2026-01-25 10:00:00,2026,1,25,10,Đồng Tháp,Xã Tân Phú Trung,10.2545007,105.7361294,81,Moderate,1,27.0,75,0.0,8.8,79,1015.6,12,21.2,25.0,324.0,13.2,86.0,15.8
2026-01-25 11:00:00,2026,1,25,11,Đồng Tháp,Xã Tân Phú Trung,10.2545007,105.7361294,80,Moderate,1,27.9,66,0.1,10.0,77,1015.3,10,20.8,24.0,312.0,9.8,110.0,14.6
2026-01-25 12:00:00,2026,1,25,12,Đồng Tháp,Xã Tân Phú Trung,10.2545007,105.7361294,79,Moderate,1,28.8,60,0.0,8.3,68,1014.6,12,20.8,22.2,302.0,6.2,138.0,12.5
2026-01-25 13:00:00,2026,1,25,13,Đồng Tháp,Xã Tân Phú Trung,10.2545007,105.7361294,78,Moderate,1,29.0,58,0.0,4.9,73,1013.6,28,23.7,25.0,294.0,3.8,160.0,10.9
2026-01-25 14:00:00,2026,1,25,14,Đồng Tháp,Xã Tân Phú Trung,10.2545007,105.7361294,77,Moderate,1,29.4,55,0.0,6.2,64,1012.6,22,25.8,27.1,280.0,2.6,172.0,10.3
2026-01-25 15:00:00,2026,1,25,15,Đồng Tháp,Xã Tân Phú Trung,10.2545007,105.7361294,77,Moderate,1,28.8,57,0.0,9.2,86,1012.3,31,27.5,28.8,268.0,2.5,178.0,10.2
2026-01-25 16:00:00,2026,1,25,16,Đồng Tháp,Xã Tân Phú Trung,10.2545007,105.7361294,78,Moderate,1,28.0,61,0.0,9.1,104,1012.3,31,29.0,30.3,287.0,4.5,174.0,10.9
2026-01-25 17:00:00,2026,1,25,17,Đồng Tháp,Xã Tân Phú Trung,10.2545007,105.7361294,98,Moderate,1,27.2,66,0.0,7.2,117,1012.5,32,33.2,34.1,375.0,10.5,155.0,12.9
2026-01-25 18:00:00,2026,1,25,18,Đồng Tháp,Xã Tân Phú Trung,10.2545007,105.7361294,116,Unhealthy for Sensitive Groups,2,25.5,73,0.0,5.3,114,1012.6,28,40.5,41.4,495.0,18.5,126.0,15.7
2026-01-25 19:00:00,2026,1,25,19,Đồng Tháp,Xã Tân Phú Trung,10.2545007,105.7361294,125,Unhealthy for Sensitive Groups,2,24.5,82,0.0,4.6,141,1013.1,20,47.5,48.7,561.0,24.0,87.0,16.3
2026-01-25 20:00:00,2026,1,25,20,Đồng Tháp,Xã Tân Phú Trung,10.2545007,105.7361294,120,Unhealthy for Sensitive Groups,2,24.1,82,0.0,5.9,142,1013.5,12,45.6,46.9,522.0,23.4,80.0,16.1
2026-01-25 21:00:00,2026,1,25,21,Đồng Tháp,Xã Tân Phú Trung,10.2545007,105.7361294,107,Unhealthy for Sensitive Groups,2,23.8,80,0.0,6.8,127,1013.9,36,40.4,41.9,429.0,22.5,69.0,15.8
2026-01-25 22:00:00,2026,1,25,22,Đồng Tháp,Xã Tân Phú Trung,10.2545007,105.7361294,88,Moderate,1,23.6,79,0.0,10.6,116,1014.1,5,35.3,37.5,351.0,21.5,61.0,15.0
2026-01-25 23:00:00,2026,1,25,23,Đồng Tháp,Xã Tân Phú Trung,10.2545007,105.7361294,82,Moderate,1,22.7,87,0.0,10.8,118,1014.2,2,31.2,33.3,314.0,20.4,57.0,13.5
2026-01-26 00:00:00,2026,1,26,0,Đồng Tháp,Xã Tân Phú Trung,10.2545007,105.7361294,83,Moderate,1,22.4,90,0.0,10.0,116,1014.0,0,27.5,29.7,291.0,19.1,55.0,11.5
2026-01-26 01:00:00,2026,1,26,1,Đồng Tháp,Xã Tân Phú Trung,10.2545007,105.7361294,83,Moderate,1,22.2,95,0.0,10.6,122,1013.9,1,24.5,26.7,274.0,17.9,54.0,9.8
2026-01-26 02:00:00,2026,1,26,2,Đồng Tháp,Xã Tân Phú Trung,10.2545007,105.7361294,84,Moderate,1,22.2,95,0.0,10.1,109,1013.4,1,22.0,24.2,256.0,16.5,56.0,8.6
2026-01-26 03:00:00,2026,1,26,3,Đồng Tháp,Xã Tân Phú Trung,10.2545007,105.7361294,84,Moderate,1,22.1,95,0.0,9.4,107,1013.1,2,20.1,22.4,244.0,15.1,58.0,7.7
2026-01-26 04:00:00,2026,1,26,4,Đồng Tháp,Xã Tân Phú Trung,10.2545007,105.7361294,84,Moderate,1,22.0,95,0.0,9.8,114,1013.1,0,18.7,21.0,243.0,14.4,60.0,7.3
2026-01-26 05:00:00,2026,1,26,5,Đồng Tháp,Xã Tân Phú Trung,10.2545007,105.7361294,84,Moderate,1,21.8,93,0.0,9.7,112,1013.4,0,18.0,20.3,265.0,15.1,57.0,7.7
2026-01-26 06:00:00,2026,1,26,6,Đồng Tháp,Xã Tân Phú Trung,10.2545007,105.7361294,84,Moderate,1,21.4,94,0.0,8.1,114,1014.0,0,17.9,20.1,298.0,16.3,53.0,8.7
2026-01-26 07:00:00,2026,1,26,7,Đồng Tháp,Xã Tân Phú Trung,10.2545007,105.7361294,83,Moderate,1,22.1,94,0.0,10.0,111,1014.6,0,22.3,25.4,318.0,16.3,53.0,9.5
2026-01-26 08:00:00,2026,1,26,8,Đồng Tháp,Xã Tân Phú Trung,10.2545007,105.7361294,83,Moderate,1,24.0,86,0.0,13.3,115,1015.5,0,17.5,20.8,308.0,14.3,61.0,9.8
2026-01-26 09:00:00,2026,1,26,9,Đồng Tháp,Xã Tân Phú Trung,10.2545007,105.7361294,82,Moderate,1,25.5,81,0.0,12.3,111,1016.2,3,16.4,19.8,284.0,11.4,72.0,10.2
2026-01-26 10:00:00,2026,1,26,10,Đồng Tháp,Xã Tân Phú Trung,10.2545007,105.7361294,82,Moderate,1,26.9,73,0.1,11.8,102,1015.9,27,17.8,22.0,267.0,8.7,87.0,10.3
2026-01-26 11:00:00,2026,1,26,11,Đồng Tháp,Xã Tân Phú Trung,10.2545007,105.7361294,82,Moderate,1,27.9,64,0.0,10.8,95,1015.5,16,19.8,24.4,266.0,6.4,108.0,9.9
2026-01-26 12:00:00,2026,1,26,12,Đồng Tháp,Xã Tân Phú Trung,10.2545007,105.7361294,81,Moderate,1,28.9,59,0.0,9.2,83,1014.3,33,21.8,25.2,273.0,4.3,133.0,9.2
2026-01-26 13:00:00,2026,1,26,13,Đồng Tháp,Xã Tân Phú Trung,10.2545007,105.7361294,82,Moderate,1,29.2,54,0.0,8.2,64,1013.3,38,25.0,27.0,280.0,3.0,153.0,8.8
2026-01-26 14:00:00,2026,1,26,14,Đồng Tháp,Xã Tân Phú Trung,10.2545007,105.7361294,82,Moderate,1,29.4,53,0.0,8.4,55,1012.3,45,30.2,32.0,282.0,2.5,166.0,8.9
2026-01-26 15:00:00,2026,1,26,15,Đồng Tháp,Xã Tân Phú Trung,10.2545007,105.7361294,82,Moderate,1,29.3,53,0.0,7.8,53,1011.8,55,32.9,34.8,284.0,2.8,173.0,9.2
2026-01-26 16:00:00,2026,1,26,16,Đồng Tháp,Xã Tân Phú Trung,10.2545007,105.7361294,83,Moderate,1,29.0,54,0.0,6.5,56,1011.6,32,34.8,36.6,297.0,4.4,170.0,9.7
2026-01-26 17:00:00,2026,1,26,17,Đồng Tháp,Xã Tân Phú Trung,10.2545007,105.7361294,92,Moderate,1,28.1,62,0.0,5.4,86,1011.9,35,37.0,38.3,335.0,8.4,149.0,10.6
2026-01-26 18:00:00,2026,1,26,18,Đồng Tháp,Xã Tân Phú Trung,10.2545007,105.7361294,109,Unhealthy for Sensitive Groups,2,26.4,68,0.0,9.5,122,1012.3,31,36.1,37.1,384.0,13.6,116.0,11.6
2026-01-26 19:00:00,2026,1,26,19,Đồng Tháp,Xã Tân Phú Trung,10.2545007,105.7361294,115,Unhealthy for Sensitive Groups,2,25.9,69,0.0,11.9,117,1013.1,18,31.7,32.7,407.0,19.8,85.0,13.1
2026-01-26 20:00:00,2026,1,26,20,Đồng Tháp,Xã Tân Phú Trung,10.2545007,105.7361294,110,Unhealthy for Sensitive Groups,2,24.8,72,0.0,12.0,123,1013.9,2,22.1,23.6,382.0,18.3,79.0,12.3
2026-01-26 21:00:00,2026,1,26,21,Đồng Tháp,Xã Tân Phú Trung,10.2545007,105.7361294,99,Moderate,1,23.8,77,0.0,10.6,130,1014.4,1,16.9,18.5,333.0,16.3,70.0,11.1
2026-01-26 22:00:00,2026,1,26,22,Đồng Tháp,Xã Tân Phú Trung,10.2545007,105.7361294,81,Moderate,1,23.2,82,0.0,11.8,128,1014.7,0,16.1,17.8,291.0,14.6,64.0,10.0
2026-01-26 23:00:00,2026,1,26,23,Đồng Tháp,Xã Tân Phú Trung,10.2545007,105.7361294,76,Moderate,1,22.8,87,0.0,12.1,127,1014.5,12,16.6,18.5,271.0,13.7,64.0,9.1
2026-01-27 00:00:00,2026,1,27,0,Đồng Tháp,Xã Tân Phú Trung,10.2545007,105.7361294,74,Moderate,1,22.5,88,0.0,11.3,129,1014.5,9,16.6,18.6,259.0,13.2,66.0,8.3
2026-01-27 01:00:00,2026,1,27,1,Đồng Tháp,Xã Tân Phú Trung,10.2545007,105.7361294,73,Moderate,1,22.1,90,0.0,9.2,129,1014.3,23,16.5,18.6,248.0,12.8,67.0,7.7
2026-01-27 02:00:00,2026,1,27,2,Đồng Tháp,Xã Tân Phú Trung,10.2545007,105.7361294,73,Moderate,1,22.0,89,0.0,11.4,125,1014.1,33,16.3,18.4,229.0,12.3,66.0,7.1
2026-01-27 03:00:00,2026,1,27,3,Đồng Tháp,Xã Tân Phú Trung,10.2545007,105.7361294,72,Moderate,1,22.0,88,0.0,11.2,125,1013.7,32,16.2,18.5,211.0,12.0,64.0,6.6
2026-01-27 04:00:00,2026,1,27,4,Đồng Tháp,Xã Tân Phú Trung,10.2545007,105.7361294,72,Moderate,1,21.8,88,0.0,11.0,125,1013.7,58,16.8,19.0,207.0,12.3,62.0,6.6
2026-01-27 05:00:00,2026,1,27,5,Đồng Tháp,Xã Tân Phú Trung,10.2545007,105.7361294,72,Moderate,1,21.5,89,0.0,10.4,124,1014.1,98,18.0,20.3,232.0,14.2,57.0,7.6
2026-01-27 06:00:00,2026,1,27,6,Đồng Tháp,Xã Tân Phú Trung,10.2545007,105.7361294,72,Moderate,1,21.4,89,0.0,8.6,123,1014.7,98,20.1,22.4,271.0,16.7,51.0,9.2
2026-01-27 07:00:00,2026,1,27,7,Đồng Tháp,Xã Tân Phú Trung,10.2545007,105.7361294,72,Moderate,1,22.0,90,0.0,7.5,136,1015.3,63,27.5,30.7,295.0,20.5,51.0,11.5
2026-01-27 08:00:00,2026,1,27,8,Đồng Tháp,Xã Tân Phú Trung,10.2545007,105.7361294,72,Moderate,1,23.9,84,0.0,7.2,125,1016.3,98,23.8,26.9,289.0,16.8,61.0,11.0
2026-01-27 09:00:00,2026,1,27,9,Đồng Tháp,Xã Tân Phú Trung,10.2545007,105.7361294,73,Moderate,1,25.5,76,0.0,11.2,112,1017.0,100,19.4,23.2,268.0,11.6,76.0,10.2
2026-01-27 10:00:00,2026,1,27,10,Đồng Tháp,Xã Tân Phú Trung,10.2545007,105.7361294,73,Moderate,1,26.8,70,0.0,11.0,100,1016.8,95,18.6,22.9,253.0,7.3,91.0,9.4
2026-01-27 11:00:00,2026,1,27,11,Đồng Tháp,Xã Tân Phú Trung,10.2545007,105.7361294,73,Moderate,1,28.0,63,0.1,10.6,93,1016.0,95,18.4,22.6,253.0,4.9,106.0,8.5
2026-01-27 12:00:00,2026,1,27,12,Đồng Tháp,Xã Tân Phú Trung,10.2545007,105.7361294,73,Moderate,1,28.8,59,0.0,8.8,88,1015.0,86,17.0,19.7,260.0,3.5,122.0,7.5
2026-01-27 13:00:00,2026,1,27,13,Đồng Tháp,Xã Tân Phú Trung,10.2545007,105.7361294,73,Moderate,1,29.4,56,0.0,9.5,69,1014.0,80,17.0,18.3,266.0,2.7,135.0,7.0
2026-01-27 14:00:00,2026,1,27,14,Đồng Tháp,Xã Tân Phú Trung,10.2545007,105.7361294,72,Moderate,1,29.5,55,0.0,8.9,52,1013.1,64,20.2,21.5,256.0,2.0,147.0,6.9
2026-01-27 15:00:00,2026,1,27,15,Đồng Tháp,Xã Tân Phú Trung,10.2545007,105.7361294,71,Moderate,1,29.4,55,0.0,7.6,36,1012.6,67,22.7,23.9,245.0,1.9,157.0,7.1
2026-01-27 16:00:00,2026,1,27,16,Đồng Tháp,Xã Tân Phú Trung,10.2545007,105.7361294,70,Moderate,1,29.0,56,0.0,6.4,45,1012.3,67,25.0,26.1,280.0,4.0,157.0,8.2
2026-01-27 17:00:00,2026,1,27,17,Đồng Tháp,Xã Tân Phú Trung,10.2545007,105.7361294,77,Moderate,1,28.4,63,0.0,4.1,90,1012.5,49,30.2,31.1,421.0,10.5,141.0,11.0
2026-01-27 18:00:00,2026,1,27,18,Đồng Tháp,Xã Tân Phú Trung,10.2545007,105.7361294,91,Moderate,1,26.5,68,0.0,5.5,134,1012.7,23,40.0,40.9,607.0,19.1,116.0,14.5
2026-01-27 19:00:00,2026,1,27,19,Đồng Tháp,Xã Tân Phú Trung,10.2545007,105.7361294,96,Moderate,1,26.0,73,0.0,4.6,149,1013.1,43,43.7,44.7,701.0,22.4,88.0,14.7
2026-01-27 20:00:00,2026,1,27,20,Đồng Tháp,Xã Tân Phú Trung,10.2545007,105.7361294,93,Moderate,1,25.8,70,0.0,13.9,128,1013.9,2,38.0,39.0,611.0,20.8,80.0,13.8
2026-01-27 21:00:00,2026,1,27,21,Đồng Tháp,Xã Tân Phú Trung,10.2545007,105.7361294,84,Moderate,1,24.0,78,0.0,13.3,117,1014.5,0,29.9,31.4,429.0,18.6,70.0,12.6
2026-01-27 22:00:00,2026,1,27,22,Đồng Tháp,Xã Tân Phú Trung,10.2545007,105.7361294,73,Moderate,1,23.5,86,0.0,11.0,120,1014.6,5,24.5,26.5,289.0,16.6,62.0,11.3
2026-01-27 23:00:00,2026,1,27,23,Đồng Tháp,Xã Tân Phú Trung,10.2545007,105.7361294,73,Moderate,1,23.0,91,0.0,11.0,118,1014.4,78,21.4,23.5,248.0,15.2,60.0,10.1
2026-01-28 00:00:00,2026,1,28,0,Đồng Tháp,Xã Tân Phú Trung,10.2545007,105.7361294,74,Moderate,1,22.8,90,0.0,9.4,116,1014.0,95,19.4,21.7,249.0,14.1,61.0,8.8
2026-01-28 01:00:00,2026,1,28,1,Đồng Tháp,Xã Tân Phú Trung,10.2545007,105.7361294,74,Moderate,1,22.2,93,0.0,6.6,119,1013.6,22,18.3,20.6,252.0,13.4,62.0,7.9
2026-01-28 02:00:00,2026,1,28,2,Đồng Tháp,Xã Tân Phú Trung,10.2545007,105.7361294,74,Moderate,1,21.8,94,0.0,5.0,125,1013.2,23,17.6,20.0,241.0,13.0,62.0,7.3
2026-01-28 03:00:00,2026,1,28,3,Đồng Tháp,Xã Tân Phú Trung,10.2545007,105.7361294,74,Moderate,1,21.4,94,0.0,4.3,132,1012.6,21,17.7,20.0,233.0,12.9,62.0,6.9
2026-01-28 04:00:00,2026,1,28,4,Đồng Tháp,Xã Tân Phú Trung,10.2545007,105.7361294,75,Moderate,1,21.2,95,0.0,4.2,126,1012.6,22,18.6,21.0,241.0,13.5,61.0,7.2
2026-01-28 05:00:00,2026,1,28,5,Đồng Tháp,Xã Tân Phú Trung,10.2545007,105.7361294,75,Moderate,1,21.0,95,0.0,5.3,125,1013.1,88,20.4,22.9,284.0,15.6,59.0,8.7
2026-01-28 06:00:00,2026,1,28,6,Đồng Tháp,Xã Tân Phú Trung,10.2545007,105.7361294,75,Moderate,1,21.0,96,0.0,5.2,131,1013.8,31,23.7,26.5,342.0,18.3,56.0,10.8
2026-01-28 07:00:00,2026,1,28,7,Đồng Tháp,Xã Tân Phú Trung,10.2545007,105.7361294,75,Moderate,1,22.1,94,0.0,7.0,134,1014.3,17,22.9,26.0,371.0,18.4,56.0,11.0
2026-01-28 08:00:00,2026,1,28,8,Đồng Tháp,Xã Tân Phú Trung,10.2545007,105.7361294,75,Moderate,1,24.1,86,0.0,13.0,119,1015.5,41,18.8,22.8,340.0,15.2,65.0,10.2
2026-01-28 09:00:00,2026,1,28,9,Đồng Tháp,Xã Tân Phú Trung,10.2545007,105.7361294,74,Moderate,1,25.6,78,0.0,12.0,112,1016.1,35,16.8,20.5,278.0,10.8,78.0,9.1
2026-01-28 10:00:00,2026,1,28,10,Đồng Tháp,Xã Tân Phú Trung,10.2545007,105.7361294,74,Moderate,1,26.9,70,0.2,8.9,103,1015.8,23,17.9,21.6,234.0,7.2,93.0,8.3
2026-01-28 11:00:00,2026,1,28,11,Đồng Tháp,Xã Tân Phú Trung,10.2545007,105.7361294,74,Moderate,1,27.9,65,0.1,6.5,85,1015.5,26,18.3,20.1,228.0,5.1,113.0,8.1
2026-01-28 12:00:00,2026,1,28,12,Đồng Tháp,Xã Tân Phú Trung,10.2545007,105.7361294,74,Moderate,1,28.6,61,0.0,7.3,73,1014.5,68,21.9,23.3,238.0,3.7,135.0,8.2
2026-01-28 13:00:00,2026,1,28,13,Đồng Tháp,Xã Tân Phú Trung,10.2545007,105.7361294,75,Moderate,1,29.0,59,0.0,7.3,57,1013.4,87,26.0,27.4,248.0,2.9,151.0,8.3
2026-01-28 14:00:00,2026,1,28,14,Đồng Tháp,Xã Tân Phú Trung,10.2545007,105.7361294,75,Moderate,1,29.1,57,0.0,6.5,51,1012.6,80,26.0,27.4,240.0,2.4,160.0,8.2
2026-01-28 15:00:00,2026,1,28,15,Đồng Tháp,Xã Tân Phú Trung,10.2545007,105.7361294,76,Moderate,1,28.7,60,0.0,7.1,63,1012.0,99,26.0,27.2,232.0,2.4,163.0,8.2
2026-01-28 16:00:00,2026,1,28,16,Đồng Tháp,Xã Tân Phú Trung,10.2545007,105.7361294,76,Moderate,1,28.5,61,0.1,4.9,94,1011.8,74,27.4,28.5,259.0,4.0,158.0,8.6
2026-01-28 17:00:00,2026,1,28,17,Đồng Tháp,Xã Tân Phú Trung,10.2545007,105.7361294,90,Moderate,1,27.9,64,0.0,5.5,163,1012.1,70,30.0,31.1,372.0,8.6,140.0,10.2
2026-01-28 18:00:00,2026,1,28,18,Đồng Tháp,Xã Tân Phú Trung,10.2545007,105.7361294,103,Unhealthy for Sensitive Groups,2,26.3,71,0.0,8.5,175,1012.5,29,34.5,35.2,521.0,14.8,113.0,12.2
2026-01-28 19:00:00,2026,1,28,19,Đồng Tháp,Xã Tân Phú Trung,10.2545007,105.7361294,108,Unhealthy for Sensitive Groups,2,25.3,79,0.0,9.5,161,1013.1,9,38.8,39.9,593.0,17.4,92.0,13.7
2026-01-28 20:00:00,2026,1,28,20,Đồng Tháp,Xã Tân Phú Trung,10.2545007,105.7361294,103,Unhealthy for Sensitive Groups,2,24.9,80,0.0,10.3,151,1014.0,8,28.9,30.4,512.0,16.2,83.0,12.5
2026-01-28 21:00:00,2026,1,28,21,Đồng Tháp,Xã Tân Phú Trung,10.2545007,105.7361294,92,Moderate,1,24.5,79,0.0,15.0,130,1014.7,4,20.8,22.8,354.0,14.6,71.0,10.7
2026-01-28 22:00:00,2026,1,28,22,Đồng Tháp,Xã Tân Phú Trung,10.2545007,105.7361294,75,Moderate,1,23.7,84,0.0,13.4,134,1014.7,6,17.7,19.8,233.0,13.3,62.0,9.3
2026-01-28 23:00:00,2026,1,28,23,Đồng Tháp,Xã Tân Phú Trung,10.2545007,105.7361294,73,Moderate,1,23.2,85,0.0,12.0,133,1014.8,23,17.5,19.7,198.0,12.7,59.0,8.4
2026-01-29 00:00:00,2026,1,29,0,Đồng Tháp,Xã Tân Phú Trung,10.2545007,105.7361294,73,Moderate,1,22.9,84,0.0,10.3,130,1014.4,21,17.5,19.7,199.0,12.5,59.0,7.8
2026-01-29 01:00:00,2026,1,29,1,Đồng Tháp,Xã Tân Phú Trung,10.2545007,105.7361294,73,Moderate,1,22.5,87,0.0,9.4,130,1014.0,100,17.6,19.8,204.0,12.7,58.0,7.5
2026-01-29 02:00:00,2026,1,29,2,Đồng Tháp,Xã Tân Phú Trung,10.2545007,105.7361294,73,Moderate,1,22.2,88,0.0,8.8,136,1013.3,97,17.9,20.2,197.0,13.1,56.0,7.3
2026-01-29 03:00:00,2026,1,29,3,Đồng Tháp,Xã Tân Phú Trung,10.2545007,105.7361294,73,Moderate,1,21.9,89,0.0,7.4,131,1012.9,100,19.4,21.8,193.0,13.9,54.0,7.4
2026-01-29 04:00:00,2026,1,29,4,Đồng Tháp,Xã Tân Phú Trung,10.2545007,105.7361294,73,Moderate,1,21.5,90,0.0,6.3,129,1012.9,100,22.6,25.2,202.0,15.5,52.0,8.2
2026-01-29 05:00:00,2026,1,29,5,Đồng Tháp,Xã Tân Phú Trung,10.2545007,105.7361294,73,Moderate,1,21.0,92,0.0,5.5,144,1013.4,54,26.6,29.5,236.0,19.0,49.0,10.4
2026-01-29 06:00:00,2026,1,29,6,Đồng Tháp,Xã Tân Phú Trung,10.2545007,105.7361294,74,Moderate,1,20.9,93,0.0,5.2,146,1013.6,0,29.8,32.8,283.0,23.2,45.0,13.4
2026-01-29 07:00:00,2026,1,29,7,Đồng Tháp,Xã Tân Phú Trung,10.2545007,105.7361294,74,Moderate,1,22.2,87,0.0,3.2,124,1014.1,90,39.5,43.9,312.0,25.8,43.0,15.9
2026-01-29 08:00:00,2026,1,29,8,Đồng Tháp,Xã Tân Phú Trung,10.2545007,105.7361294,76,Moderate,1,23.8,84,0.0,4.2,108,1014.8,100,32.2,36.2,306.0,22.7,50.0,16.6
2026-01-29 09:00:00,2026,1,29,9,Đồng Tháp,Xã Tân Phú Trung,10.2545007,105.7361294,77,Moderate,1,25.5,80,0.0,7.0,93,1015.4,100,24.2,28.7,283.0,18.3,62.0,17.4
2026-01-29 10:00:00,2026,1,29,10,Đồng Tháp,Xã Tân Phú Trung,10.2545007,105.7361294,78,Moderate,1,27.1,73,0.0,8.3,68,1015.4,100,25.6,31.0,262.0,14.0,77.0,17.3
2026-01-29 11:00:00,2026,1,29,11,Đồng Tháp,Xã Tân Phú Trung,10.2545007,105.7361294,78,Moderate,1,28.2,66,0.1,9.5,58,1015.0,100,28.0,33.8,249.0,9.9,100.0,15.5
2026-01-29 12:00:00,2026,1,29,12,Đồng Tháp,Xã Tân Phú Trung,10.2545007,105.7361294,79,Moderate,1,29.2,59,0.0,9.6,40,1014.0,100,28.5,31.7,238.0,6.0,128.0,12.8
2026-01-29 13:00:00,2026,1,29,13,Đồng Tháp,Xã Tân Phú Trung,10.2545007,105.7361294,80,Moderate,1,29.4,58,0.0,8.5,36,1012.9,95,32.4,34.6,231.0,3.3,147.0,10.7
2026-01-29 14:00:00,2026,1,29,14,Đồng Tháp,Xã Tân Phú Trung,10.2545007,105.7361294,80,Moderate,1,29.5,57,0.0,7.5,37,1012.0,76,34.2,36.3,216.0,2.1,154.0,9.5
2026-01-29 15:00:00,2026,1,29,15,Đồng Tháp,Xã Tân Phú Trung,10.2545007,105.7361294,81,Moderate,1,29.7,55,0.0,6.5,51,1011.3,69,35.5,37.6,205.0,2.2,153.0,8.9
2026-01-29 16:00:00,2026,1,29,16,Đồng Tháp,Xã Tân Phú Trung,10.2545007,105.7361294,82,Moderate,1,29.4,56,0.0,6.1,66,1011.3,98,36.6,38.5,236.0,4.3,147.0,9.4
2026-01-29 17:00:00,2026,1,29,17,Đồng Tháp,Xã Tân Phú Trung,10.2545007,105.7361294,83,Moderate,1,28.4,65,0.0,6.4,80,1011.7,67,42.3,43.8,360.0,10.4,133.0,12.0
2026-01-29 18:00:00,2026,1,29,18,Đồng Tháp,Xã Tân Phú Trung,10.2545007,105.7361294,88,Moderate,1,26.9,71,0.0,8.4,115,1012.3,95,51.1,52.4,526.0,18.6,113.0,15.7
2026-01-29 19:00:00,2026,1,29,19,Đồng Tháp,Xã Tân Phú Trung,10.2545007,105.7361294,95,Moderate,1,26.2,75,0.0,3.2,164,1012.6,91,54.0,54.8,613.0,23.2,96.0,17.8
2026-01-29 20:00:00,2026,1,29,20,Đồng Tháp,Xã Tân Phú Trung,10.2545007,105.7361294,94,Moderate,1,25.9,75,0.0,13.8,141,1013.9,98,48.3,49.2,545.0,21.3,89.0,16.6
2026-01-29 21:00:00,2026,1,29,21,Đồng Tháp,Xã Tân Phú Trung,10.2545007,105.7361294,88,Moderate,1,24.5,73,0.0,12.1,130,1014.4,95,37.7,38.8,398.0,18.7,80.0,15.0
2026-01-29 22:00:00,2026,1,29,22,Đồng Tháp,Xã Tân Phú Trung,10.2545007,105.7361294,90,Moderate,1,23.6,79,0.0,12.4,129,1014.6,42,27.9,29.5,283.0,16.5,72.0,13.2
2026-01-29 23:00:00,2026,1,29,23,Đồng Tháp,Xã Tân Phú Trung,10.2545007,105.7361294,91,Moderate,1,23.2,83,0.0,11.9,125,1014.8,18,21.9,24.0,247.0,15.1,68.0,11.3
2026-01-30 00:00:00,2026,1,30,0,Đồng Tháp,Xã Tân Phú Trung,10.2545007,105.7361294,91,Moderate,1,22.9,86,0.0,10.9,124,1014.7,9,18.5,20.7,243.0,14.0,65.0,9.2
2026-01-30 01:00:00,2026,1,30,1,Đồng Tháp,Xã Tân Phú Trung,10.2545007,105.7361294,91,Moderate,1,22.5,88,0.0,8.4,125,1014.5,23,17.3,19.6,242.0,13.3,63.0,7.7
2026-01-30 02:00:00,2026,1,30,2,Đồng Tháp,Xã Tân Phú Trung,10.2545007,105.7361294,91,Moderate,1,22.3,89,0.0,9.8,128,1013.9,21,16.9,19.2,228.0,12.6,62.0,6.8
2026-01-30 03:00:00,2026,1,30,3,Đồng Tháp,Xã Tân Phú Trung,10.2545007,105.7361294,91,Moderate,1,22.1,90,0.0,9.4,133,1013.7,90,17.0,19.3,216.0,12.3,63.0,6.5
2026-01-30 04:00:00,2026,1,30,4,Đồng Tháp,Xã Tân Phú Trung,10.2545007,105.7361294,91,Moderate,1,21.9,92,0.0,8.4,133,1013.8,89,17.5,19.7,221.0,12.7,62.0,6.8
2026-01-30 05:00:00,2026,1,30,5,Đồng Tháp,Xã Tân Phú Trung,10.2545007,105.7361294,90,Moderate,1,21.8,92,0.0,8.9,128,1014.0,99,18.8,21.2,264.0,15.1,58.0,8.3
2026-01-30 06:00:00,2026,1,30,6,Đồng Tháp,Xã Tân Phú Trung,10.2545007,105.7361294,90,Moderate,1,21.5,93,0.0,7.5,120,1014.7,98,21.7,24.3,324.0,18.4,52.0,10.5
2026-01-30 07:00:00,2026,1,30,7,Đồng Tháp,Xã Tân Phú Trung,10.2545007,105.7361294,89,Moderate,1,22.5,91,0.0,8.1,115,1015.2,98,24.0,26.5,358.0,17.7,52.0,10.4
2026-01-30 08:00:00,2026,1,30,8,Đồng Tháp,Xã Tân Phú Trung,10.2545007,105.7361294,88,Moderate,1,24.2,86,0.0,6.1,104,1016.0,100,19.8,22.5,340.0,14.8,60.0,10.1
2026-01-30 09:00:00,2026,1,30,9,Đồng Tháp,Xã Tân Phú Trung,10.2545007,105.7361294,86,Moderate,1,25.7,79,0.0,10.7,102,1016.5,100,15.9,19.0,295.0,10.8,72.0,9.6
2026-01-30 10:00:00,2026,1,30,10,Đồng Tháp,Xã Tân Phú Trung,10.2545007,105.7361294,86,Moderate,1,27.0,75,0.0,10.3,112,1016.5,100,16.2,19.7,260.0,7.4,86.0,9.0
2026-01-30 11:00:00,2026,1,30,11,Đồng Tháp,Xã Tân Phú Trung,10.2545007,105.7361294,85,Moderate,1,28.3,67,0.1,9.8,114,1015.8,98,16.1,19.4,247.0,5.1,102.0,8.2
2026-01-30 12:00:00,2026,1,30,12,Đồng Tháp,Xã Tân Phú Trung,10.2545007,105.7361294,84,Moderate,1,29.1,61,0.0,7.9,111,1014.9,97,15.0,16.7,243.0,3.4,120.0,7.3
2026-01-30 13:00:00,2026,1,30,13,Đồng Tháp,Xã Tân Phú Trung,10.2545007,105.7361294,83,Moderate,1,29.9,55,0.0,6.5,88,1013.8,48,15.8,17.0,243.0,2.4,134.0,6.8
2026-01-30 14:00:00,2026,1,30,14,Đồng Tháp,Xã Tân Phú Trung,10.2545007,105.7361294,81,Moderate,1,30.1,55,0.0,6.3,88,1012.8,55,18.9,20.0,231.0,2.0,143.0,6.7
2026-01-30 15:00:00,2026,1,30,15,Đồng Tháp,Xã Tân Phú Trung,10.2545007,105.7361294,80,Moderate,1,30.0,54,0.0,5.8,94,1012.1,50,20.8,21.8,223.0,2.4,149.0,7.0
2026-01-30 16:00:00,2026,1,30,16,Đồng Tháp,Xã Tân Phú Trung,10.2545007,105.7361294,79,Moderate,1,29.8,55,0.0,5.7,99,1011.9,66,22.2,23.1,262.0,4.2,147.0,7.9
2026-01-30 17:00:00,2026,1,30,17,Đồng Tháp,Xã Tân Phú Trung,10.2545007,105.7361294,77,Moderate,1,29.0,63,0.0,4.8,132,1012.1,45,25.6,26.4,411.0,9.0,134.0,10.0
2026-01-30 18:00:00,2026,1,30,18,Đồng Tháp,Xã Tân Phú Trung,10.2545007,105.7361294,82,Moderate,1,27.2,70,0.0,5.3,145,1012.3,28,31.5,32.0,607.0,15.3,113.0,12.6
2026-01-30 19:00:00,2026,1,30,19,Đồng Tháp,Xã Tân Phú Trung,10.2545007,105.7361294,88,Moderate,1,26.8,72,0.0,7.4,173,1013.1,100,31.7,32.4,709.0,18.2,85.0,12.3
2026-01-30 20:00:00,2026,1,30,20,Đồng Tháp,Xã Tân Phú Trung,10.2545007,105.7361294,85,Moderate,1,25.6,75,0.0,11.0,138,1014.0,100,27.0,28.1,625.0,17.5,78.0,11.9
2026-01-30 21:00:00,2026,1,30,21,Đồng Tháp,Xã Tân Phú Trung,10.2545007,105.7361294,76,Moderate,1,24.6,80,0.0,12.0,131,1014.7,99,23.1,24.9,448.0,16.4,68.0,11.3
2026-01-30 22:00:00,2026,1,30,22,Đồng Tháp,Xã Tân Phú Trung,10.2545007,105.7361294,69,Moderate,1,24.0,86,0.0,11.2,138,1014.6,100,20.7,22.6,309.0,15.3,61.0,10.5
2026-01-30 23:00:00,2026,1,30,23,Đồng Tháp,Xã Tân Phú Trung,10.2545007,105.7361294,68,Moderate,1,23.3,91,0.0,11.2,132,1014.7,100,19.6,21.6,266.0,14.2,60.0,9.5
2026-01-31 00:00:00,2026,1,31,0,Đồng Tháp,Xã Tân Phú Trung,10.2545007,105.7361294,68,Moderate,1,23.0,94,0.0,11.4,123,1014.5,100,18.2,20.3,263.0,13.1,62.0,8.4
2026-01-31 01:00:00,2026,1,31,1,Đồng Tháp,Xã Tân Phú Trung,10.2545007,105.7361294,68,Moderate,1,22.7,96,0.0,10.2,122,1014.2,100,17.2,19.3,261.0,12.2,64.0,7.5
2026-01-31 02:00:00,2026,1,31,2,Đồng Tháp,Xã Tân Phú Trung,10.2545007,105.7361294,68,Moderate,1,22.6,94,0.0,10.8,126,1013.7,100,16.4,18.6,245.0,11.5,64.0,6.8
2026-01-31 03:00:00,2026,1,31,3,Đồng Tháp,Xã Tân Phú Trung,10.2545007,105.7361294,68,Moderate,1,22.5,92,0.0,10.7,120,1013.0,100,15.7,17.9,231.0,11.1,64.0,6.3
2026-01-31 04:00:00,2026,1,31,4,Đồng Tháp,Xã Tân Phú Trung,10.2545007,105.7361294,68,Moderate,1,22.4,91,0.0,9.3,118,1013.0,100,15.4,17.6,229.0,11.5,63.0,6.4
2026-01-31 05:00:00,2026,1,31,5,Đồng Tháp,Xã Tân Phú Trung,10.2545007,105.7361294,68,Moderate,1,22.3,91,0.0,8.9,117,1013.3,99,16.2,18.4,252.0,13.8,59.0,7.7
2026-01-31 06:00:00,2026,1,31,6,Đồng Tháp,Xã Tân Phú Trung,10.2545007,105.7361294,67,Moderate,1,22.3,90,0.0,8.3,120,1013.9,98,18.4,20.7,287.0,16.8,55.0,9.6
2026-01-31 07:00:00,2026,1,31,7,Đồng Tháp,Xã Tân Phú Trung,10.2545007,105.7361294,67,Moderate,1,22.7,91,0.0,6.4,106,1014.6,39,21.8,24.6,309.0,15.7,54.0,9.3
2026-01-31 08:00:00,2026,1,31,8,Đồng Tháp,Xã Tân Phú Trung,10.2545007,105.7361294,67,Moderate,1,24.8,83,0.0,11.4,106,1015.7,17,19.7,22.9,303.0,13.2,63.0,9.3
2026-01-31 09:00:00,2026,1,31,9,Đồng Tháp,Xã Tân Phú Trung,10.2545007,105.7361294,67,Moderate,1,26.2,77,0.0,11.7,104,1016.3,4,18.6,22.6,285.0,9.8,76.0,9.2
2026-01-31 10:00:00,2026,1,31,10,Đồng Tháp,Xã Tân Phú Trung,10.2545007,105.7361294,67,Moderate,1,27.5,73,0.0,9.3,103,1016.1,12,19.3,24.0,271.0,6.9,90.0,9.0
2026-01-31 11:00:00,2026,1,31,11,Đồng Tháp,Xã Tân Phú Trung,10.2545007,105.7361294,67,Moderate,1,28.9,65,0.1,10.6,87,1015.8,19,19.0,23.1,269.0,5.0,106.0,8.3
2026-01-31 12:00:00,2026,1,31,12,Đồng Tháp,Xã Tân Phú Trung,10.2545007,105.7361294,68,Moderate,1,29.8,59,0.0,10.6,67,1014.8,35,18.4,20.3,272.0,3.6,124.0,7.5
2026-01-31 13:00:00,2026,1,31,13,Đồng Tháp,Xã Tân Phú Trung,10.2545007,105.7361294,68,Moderate,1,30.4,58,0.0,10.0,56,1013.8,58,22.9,24.8,278.0,2.8,139.0,7.1
2026-01-31 14:00:00,2026,1,31,14,Đồng Tháp,Xã Tân Phú Trung,10.2545007,105.7361294,69,Moderate,1,30.3,58,0.0,10.4,60,1012.9,41,27.2,29.0,288.0,2.4,154.0,7.4
2026-01-31 15:00:00,2026,1,31,15,Đồng Tháp,Xã Tân Phú Trung,10.2545007,105.7361294,69,Moderate,1,30.1,57,0.0,10.1,78,1012.2,72,31.3,33.1,301.0,2.7,166.0,8.1
2026-01-31 16:00:00,2026,1,31,16,Đồng Tháp,Xã Tân Phú Trung,10.2545007,105.7361294,70,Moderate,1,29.1,60,0.0,12.4,104,1012.3,84,33.6,35.4,308.0,4.3,167.0,9.1
2026-01-31 17:00:00,2026,1,31,17,Đồng Tháp,Xã Tân Phú Trung,10.2545007,105.7361294,84,Moderate,1,27.6,66,0.0,12.3,122,1012.5,92,37.5,38.8,305.0,8.5,149.0,10.5
2026-01-31 18:00:00,2026,1,31,18,Đồng Tháp,Xã Tân Phú Trung,10.2545007,105.7361294,99,Moderate,1,26.9,67,0.0,10.7,130,1013.0,92,39.1,40.4,296.0,14.0,120.0,12.1
2026-01-31 19:00:00,2026,1,31,19,Đồng Tháp,Xã Tân Phú Trung,10.2545007,105.7361294,106,Unhealthy for Sensitive Groups,2,26.1,65,0.0,14.0,132,1013.4,69,26.5,27.9,290.0,15.9,84.0,11.7
2026-01-31 20:00:00,2026,1,31,20,Đồng Tháp,Xã Tân Phú Trung,10.2545007,105.7361294,101,Unhealthy for Sensitive Groups,2,25.1,67,0.0,13.2,129,1014.2,80,22.2,24.3,293.0,15.8,78.0,11.5
2026-01-31 21:00:00,2026,1,31,21,Đồng Tháp,Xã Tân Phú Trung,10.2545007,105.7361294,91,Moderate,1,24.2,72,0.0,11.8,130,1014.6,67,21.1,24.0,298.0,15.6,70.0,11.3
2026-01-31 22:00:00,2026,1,31,22,Đồng Tháp,Xã Tân Phú Trung,10.2545007,105.7361294,77,Moderate,1,23.5,79,0.0,11.1,138,1014.6,44,21.7,24.6,298.0,15.2,65.0,10.8
2026-01-31 23:00:00,2026,1,31,23,Đồng Tháp,Xã Tân Phú Trung,10.2545007,105.7361294,72,Moderate,1,23.1,81,0.0,10.3,133,1014.5,78,22.5,25.4,287.0,14.4,66.0,10.0
2026-02-01 00:00:00,2026,2,1,0,Đồng Tháp,Xã Tân Phú Trung,10.2545007,105.7361294,72,Moderate,1,22.7,82,0.0,9.5,129,1014.3,93,21.7,24.4,270.0,13.5,69.0,8.9
2026-02-01 01:00:00,2026,2,1,1,Đồng Tháp,Xã Tân Phú Trung,10.2545007,105.7361294,73,Moderate,1,22.1,85,0.0,7.7,114,1013.6,97,20.2,22.8,255.0,12.9,71.0,8.1
2026-02-01 02:00:00,2026,2,1,2,Đồng Tháp,Xã Tân Phú Trung,10.2545007,105.7361294,73,Moderate,1,22.0,85,0.0,7.8,113,1013.0,93,19.3,21.9,239.0,12.8,69.0,7.5
2026-02-01 03:00:00,2026,2,1,3,Đồng Tháp,Xã Tân Phú Trung,10.2545007,105.7361294,73,Moderate,1,21.6,87,0.0,6.9,121,1012.6,98,20.0,22.6,225.0,13.0,66.0,7.2
2026-02-01 04:00:00,2026,2,1,4,Đồng Tháp,Xã Tân Phú Trung,10.2545007,105.7361294,74,Moderate,1,21.1,91,0.0,6.0,119,1012.3,99,21.3,24.0,229.0,14.1,62.0,7.6
2026-02-01 05:00:00,2026,2,1,5,Đồng Tháp,Xã Tân Phú Trung,10.2545007,105.7361294,74,Moderate,1,21.0,93,0.0,6.2,102,1012.8,100,23.2,26.3,271.0,17.2,57.0,9.4
2026-02-01 06:00:00,2026,2,1,6,Đồng Tháp,Xã Tân Phú Trung,10.2545007,105.7361294,75,Moderate,1,20.8,95,0.0,5.6,88,1013.4,92,26.3,29.5,332.0,21.1,52.0,11.9
2026-02-01 07:00:00,2026,2,1,7,Đồng Tháp,Xã Tân Phú Trung,10.2545007,105.7361294,75,Moderate,1,21.9,94,0.0,5.9,72,1014.6,0,27.5,31.2,370.0,19.5,49.0,11.8
2026-02-01 08:00:00,2026,2,1,8,Đồng Tháp,Xã Tân Phú Trung,10.2545007,105.7361294,76,Moderate,1,24.1,87,0.0,11.0,67,1015.6,42,23.2,27.5,360.0,17.1,61.0,12.7
2026-02-01 09:00:00,2026,2,1,9,Đồng Tháp,Xã Tân Phú Trung,10.2545007,105.7361294,76,Moderate,1,25.8,79,0.0,10.4,46,1016.4,4,23.5,28.6,328.0,13.8,78.0,13.9
2026-02-01 10:00:00,2026,2,1,10,Đồng Tháp,Xã Tân Phú Trung,10.2545007,105.7361294,77,Moderate,1,26.9,71,0.0,12.2,27,1016.3,9,23.2,26.7,301.0,10.5,94.0,13.9
2026-02-01 11:00:00,2026,2,1,11,Đồng Tháp,Xã Tân Phú Trung,10.2545007,105.7361294,77,Moderate,1,28.2,59,0.0,13.0,25,1015.8,88,22.9,25.7,293.0,7.3,110.0,11.7
2026-02-01 12:00:00,2026,2,1,12,Đồng Tháp,Xã Tân Phú Trung,10.2545007,105.7361294,77,Moderate,1,29.2,52,0.0,13.6,26,1014.8,100,21.2,24.1,291.0,4.2,126.0,8.4
2026-02-01 13:00:00,2026,2,1,13,Đồng Tháp,Xã Tân Phú Trung,10.2545007,105.7361294,78,Moderate,1,29.8,50,0.0,13.4,31,1014.2,94,19.6,22.2,289.0,2.2,136.0,5.8
2026-02-01 14:00:00,2026,2,1,14,Đồng Tháp,Xã Tân Phú Trung,10.2545007,105.7361294,77,Moderate,1,30.0,48,0.0,13.1,37,1013.2,98,18.6,20.8,271.0,1.3,137.0,4.5
2026-02-01 15:00:00,2026,2,1,15,Đồng Tháp,Xã Tân Phú Trung,10.2545007,105.7361294,77,Moderate,1,30.1,46,0.0,11.1,42,1012.3,100,17.3,19.3,253.0,1.5,132.0,4.0
2026-02-01 16:00:00,2026,2,1,16,Đồng Tháp,Xã Tân Phú Trung,10.2545007,105.7361294,75,Moderate,1,30.0,44,0.0,11.2,50,1012.0,97,17.4,19.2,282.0,3.8,124.0,4.8
2026-02-01 17:00:00,2026,2,1,17,Đồng Tháp,Xã Tân Phú Trung,10.2545007,105.7361294,74,Moderate,1,28.5,54,0.0,7.1,56,1012.2,98,21.0,22.6,419.0,10.3,113.0,8.0
2026-02-01 18:00:00,2026,2,1,18,Đồng Tháp,Xã Tân Phú Trung,10.2545007,105.7361294,73,Moderate,1,26.9,55,0.0,4.3,73,1012.4,92,31.7,33.2,602.0,18.9,100.0,12.4
2026-02-01 19:00:00,2026,2,1,19,Đồng Tháp,Xã Tân Phú Trung,10.2545007,105.7361294,75,Moderate,1,25.8,58,0.0,11.8,121,1013.3,3,43.5,44.4,693.0,31.7,74.0,17.9
2026-02-01 20:00:00,2026,2,1,20,Đồng Tháp,Xã Tân Phú Trung,10.2545007,105.7361294,73,Moderate,1,24.9,63,0.0,14.3,119,1013.8,91,40.9,41.7,599.0,27.0,74.0,16.2
2026-02-01 21:00:00,2026,2,1,21,Đồng Tháp,Xã Tân Phú Trung,10.2545007,105.7361294,75,Moderate,1,23.8,70,0.0,13.6,119,1014.2,91,31.1,31.9,413.0,20.5,74.0,13.8
2026-02-01 22:00:00,2026,2,1,22,Đồng Tháp,Xã Tân Phú Trung,10.2545007,105.7361294,76,Moderate,1,22.9,81,0.0,11.3,124,1014.1,93,22.6,23.7,268.0,15.6,72.0,11.7
2026-02-01 23:00:00,2026,2,1,23,Đồng Tháp,Xã Tân Phú Trung,10.2545007,105.7361294,76,Moderate,1,22.3,87,0.0,10.2,134,1014.0,98,18.5,20.0,221.0,13.9,67.0,10.0
2026-02-02 00:00:00,2026,2,2,0,Đồng Tháp,Xã Tân Phú Trung,10.2545007,105.7361294,76,Moderate,1,22.4,89,0.0,13.6,138,1014.1,98,17.2,18.9,216.0,13.8,60.0,8.5
2026-02-02 01:00:00,2026,2,2,1,Đồng Tháp,Xã Tân Phú Trung,10.2545007,105.7361294,75,Moderate,1,22.5,86,0.0,14.2,128,1013.8,98,18.3,20.1,219.0,14.3,55.0,7.7
2026-02-02 02:00:00,2026,2,2,2,Đồng Tháp,Xã Tân Phú Trung,10.2545007,105.7361294,75,Moderate,1,22.5,83,0.0,10.1,114,1013.7,98,20.3,22.4,220.0,15.2,53.0,7.8
2026-02-02 03:00:00,2026,2,2,3,Đồng Tháp,Xã Tân Phú Trung,10.2545007,105.7361294,75,Moderate,1,21.2,89,0.0,4.2,31,1013.6,100,23.2,25.7,230.0,16.8,54.0,8.6
2026-02-02 04:00:00,2026,2,2,4,Đồng Tháp,Xã Tân Phú Trung,10.2545007,105.7361294,75,Moderate,1,21.2,90,0.0,2.0,27,1013.4,96,27.3,30.2,248.0,18.2,53.0,9.6
2026-02-02 05:00:00,2026,2,2,5,Đồng Tháp,Xã Tân Phú Trung,10.2545007,105.7361294,76,Moderate,1,20.9,94,0.0,5.9,40,1013.9,92,30.4,33.5,283.0,19.8,48.0,10.8
2026-02-02 06:00:00,2026,2,2,6,Đồng Tháp,Xã Tân Phú Trung,10.2545007,105.7361294,76,Moderate,1,20.8,96,0.0,6.0,57,1014.1,2,30.2,33.3,325.0,21.3,42.0,12.2
2026-02-02 07:00:00,2026,2,2,7,Đồng Tháp,Xã Tân Phú Trung,10.2545007,105.7361294,77,Moderate,1,21.5,97,0.0,8.4,48,1015.1,0,24.4,28.3,352.0,17.4,52.0,11.8
2026-02-02 08:00:00,2026,2,2,8,Đồng Tháp,Xã Tân Phú Trung,10.2545007,105.7361294,77,Moderate,1,23.5,88,0.0,8.8,51,1015.9,84,23.5,26.8,350.0,14.9,64.0,12.3
2026-02-02 09:00:00,2026,2,2,9,Đồng Tháp,Xã Tân Phú Trung,10.2545007,105.7361294,77,Moderate,1,25.5,78,0.0,11.1,37,1016.4,79,23.7,25.3,331.0,11.4,82.0,12.8
2026-02-02 10:00:00,2026,2,2,10,Đồng Tháp,Xã Tân Phú Trung,10.2545007,105.7361294,77,Moderate,1,26.9,69,0.0,11.2,26,1015.8,98,23.5,24.9,309.0,8.3,101.0,12.8
2026-02-02 11:00:00,2026,2,2,11,Đồng Tháp,Xã Tân Phú Trung,10.2545007,105.7361294,77,Moderate,1,28.4,60,0.0,10.3,19,1015.2,95,23.2,24.5,285.0,6.0,121.0,11.5
2026-02-02 12:00:00,2026,2,2,12,Đồng Tháp,Xã Tân Phú Trung,10.2545007,105.7361294,77,Moderate,1,29.6,53,0.0,10.6,21,1014.2,98,22.1,23.3,258.0,4.0,143.0,9.6
2026-02-02 13:00:00,2026,2,2,13,Đồng Tháp,Xã Tân Phú Trung,10.2545007,105.7361294,77,Moderate,1,30.3,47,0.0,9.8,31,1013.3,95,20.4,21.8,239.0,2.8,158.0,8.2
2026-02-02 14:00:00,2026,2,2,14,Đồng Tháp,Xã Tân Phú Trung,10.2545007,105.7361294,77,Moderate,1,30.4,45,0.0,11.0,49,1012.2,98,18.9,20.4,230.0,2.1,165.0,7.6
2026-02-02 15:00:00,2026,2,2,15,Đồng Tháp,Xã Tân Phú Trung,10.2545007,105.7361294,77,Moderate,1,30.5,43,0.0,11.2,62,1011.7,99,19.0,20.4,229.0,2.2,165.0,7.5
2026-02-02 16:00:00,2026,2,2,16,Đồng Tháp,Xã Tân Phú Trung,10.2545007,105.7361294,79,Moderate,1,29.9,47,0.0,9.2,94,1011.3,99,20.4,21.7,247.0,3.9,159.0,8.1
2026-02-02 17:00:00,2026,2,2,17,Đồng Tháp,Xã Tân Phú Trung,10.2545007,105.7361294,99,Moderate,1,28.5,56,0.0,10.2,120,1011.7,68,24.1,25.2,305.0,9.0,143.0,10.2
2026-02-02 18:00:00,2026,2,2,18,Đồng Tháp,Xã Tân Phú Trung,10.2545007,105.7361294,112,Unhealthy for Sensitive Groups,2,26.6,62,0.0,5.3,135,1012.0,87,32.6,33.4,383.0,15.7,121.0,13.0
2026-02-02 19:00:00,2026,2,2,19,Đồng Tháp,Xã Tân Phú Trung,10.2545007,105.7361294,116,Unhealthy for Sensitive Groups,2,25.9,65,0.0,15.4,144,1013.3,0,47.1,48.4,424.0,27.5,88.0,17.5
2026-02-02 20:00:00,2026,2,2,20,Đồng Tháp,Xã Tân Phú Trung,10.2545007,105.7361294,109,Unhealthy for Sensitive Groups,2,24.5,71,0.0,11.7,144,1014.1,0,39.6,40.5,396.0,24.2,84.0,16.0
2026-02-02 21:00:00,2026,2,2,21,Đồng Tháp,Xã Tân Phú Trung,10.2545007,105.7361294,97,Moderate,1,23.9,75,0.0,11.9,146,1014.5,1,30.9,32.1,332.0,19.6,79.0,13.9
2026-02-02 22:00:00,2026,2,2,22,Đồng Tháp,Xã Tân Phú Trung,10.2545007,105.7361294,80,Moderate,1,23.2,79,0.0,10.4,152,1014.3,2,25.0,26.9,279.0,16.2,73.0,12.0
2026-02-02 23:00:00,2026,2,2,23,Đồng Tháp,Xã Tân Phú Trung,10.2545007,105.7361294,78,Moderate,1,22.7,85,0.0,2.5,94,1014.8,35,22.1,24.2,252.0,14.7,67.0,10.3
2026-02-03 00:00:00,2026,2,3,0,Đồng Tháp,Xã Tân Phú Trung,10.2545007,105.7361294,78,Moderate,1,22.8,86,0.0,4.2,173,1014.6,100,20.7,22.9,235.0,14.3,62.0,8.8
2026-02-03 01:00:00,2026,2,3,1,Đồng Tháp,Xã Tân Phú Trung,10.2545007,105.7361294,79,Moderate,1,23.0,88,0.0,3.8,191,1014.2,97,21.1,23.3,229.0,15.0,56.0,8.1
2026-02-03 02:00:00,2026,2,3,2,Đồng Tháp,Xã Tân Phú Trung,10.2545007,105.7361294,79,Moderate,1,23.5,86,0.0,5.0,165,1013.5,99,25.0,27.4,234.0,17.3,50.0,8.7
2026-02-03 03:00:00,2026,2,3,3,Đồng Tháp,Xã Tân Phú Trung,10.2545007,105.7361294,79,Moderate,1,23.4,88,0.0,5.7,136,1013.3,93,31.9,34.6,249.0,20.8,45.0,10.1
2026-02-03 04:00:00,2026,2,3,4,Đồng Tháp,Xã Tân Phú Trung,10.2545007,105.7361294,80,Moderate,1,23.6,87,0.0,5.3,66,1013.4,98,37.5,40.3,269.0,23.7,40.0,11.5
2026-02-03 05:00:00,2026,2,3,5,Đồng Tháp,Xã Tân Phú Trung,10.2545007,105.7361294,81,Moderate,1,23.5,89,0.0,5.7,46,1013.7,100,39.9,42.7,299.0,26.2,33.0,12.9
2026-02-03 06:00:00,2026,2,3,6,Đồng Tháp,Xã Tân Phú Trung,10.2545007,105.7361294,82,Moderate,1,23.4,91,0.0,8.2,29,1014.2,100,42.6,45.3,334.0,28.2,26.0,14.2
2026-02-03 07:00:00,2026,2,3,7,Đồng Tháp,Xã Tân Phú Trung,10.2545007,105.7361294,83,Moderate,1,23.7,92,0.0,8.1,6,1015.2,55,49.1,52.6,354.0,25.8,32.0,13.7
2026-02-03 08:00:00,2026,2,3,8,Đồng Tháp,Xã Tân Phú Trung,10.2545007,105.7361294,85,Moderate,1,24.9,86,0.0,6.3,2,1015.9,98,35.6,39.2,349.0,20.1,49.0,12.5
2026-02-03 09:00:00,2026,2,3,9,Đồng Tháp,Xã Tân Phú Trung,10.2545007,105.7361294,86,Moderate,1,25.9,78,0.0,8.3,24,1016.5,50,27.6,31.1,330.0,12.2,74.0,10.9
2026-02-03 10:00:00,2026,2,3,10,Đồng Tháp,Xã Tân Phú Trung,10.2545007,105.7361294,87,Moderate,1,27.1,70,0.0,8.7,32,1016.3,21,21.9,24.8,310.0,6.1,96.0,9.5
2026-02-03 11:00:00,2026,2,3,11,Đồng Tháp,Xã Tân Phú Trung,10.2545007,105.7361294,86,Moderate,1,28.6,64,0.0,8.1,37,1015.7,6,18.6,20.7,290.0,3.5,114.0,8.5
2026-02-03 12:00:00,2026,2,3,12,Đồng Tháp,Xã Tân Phú Trung,10.2545007,105.7361294,86,Moderate,1,29.6,57,0.1,8.4,48,1014.7,50,16.5,17.6,269.0,2.6,130.0,7.7
2026-02-03 13:00:00,2026,2,3,13,Đồng Tháp,Xã Tân Phú Trung,10.2545007,105.7361294,85,Moderate,1,30.0,55,0.1,11.1,74,1013.9,92,16.5,17.3,255.0,2.4,141.0,7.3
2026-02-03 14:00:00,2026,2,3,14,Đồng Tháp,Xã Tân Phú Trung,10.2545007,105.7361294,85,Moderate,1,30.0,55,0.4,13.3,99,1012.8,94,16.5,17.5,239.0,1.9,146.0,7.2
2026-02-03 15:00:00,2026,2,3,15,Đồng Tháp,Xã Tân Phú Trung,10.2545007,105.7361294,85,Moderate,1,29.4,59,0.2,9.5,99,1012.1,96,16.1,17.1,231.0,2.1,145.0,7.5
2026-02-03 16:00:00,2026,2,3,16,Đồng Tháp,Xã Tân Phú Trung,10.2545007,105.7361294,85,Moderate,1,29.2,60,0.0,7.2,87,1011.9,98,18.9,19.8,265.0,4.4,139.0,8.6
2026-02-03 17:00:00,2026,2,3,17,Đồng Tháp,Xã Tân Phú Trung,10.2545007,105.7361294,85,Moderate,1,28.6,65,0.0,5.2,74,1012.0,85,25.0,25.8,393.0,11.0,124.0,11.4
2026-02-03 18:00:00,2026,2,3,18,Đồng Tháp,Xã Tân Phú Trung,10.2545007,105.7361294,87,Moderate,1,27.2,75,0.0,3.5,99,1012.5,33,34.6,35.2,564.0,19.7,104.0,15.0
2026-02-03 19:00:00,2026,2,3,19,Đồng Tháp,Xã Tân Phú Trung,10.2545007,105.7361294,88,Moderate,1,26.6,75,0.0,5.3,118,1013.0,47,43.0,44.8,654.0,24.2,91.0,17.0
2026-02-03 20:00:00,2026,2,3,20,Đồng Tháp,Xã Tân Phú Trung,10.2545007,105.7361294,84,Moderate,1,26.0,77,0.0,8.9,132,1014.0,34,40.0,41.6,586.0,22.7,83.0,16.0
2026-02-03 21:00:00,2026,2,3,21,Đồng Tháp,Xã Tân Phú Trung,10.2545007,105.7361294,84,Moderate,1,25.2,80,0.0,8.3,136,1014.6,33,34.9,37.0,437.0,20.7,72.0,14.7
2026-02-03 22:00:00,2026,2,3,22,Đồng Tháp,Xã Tân Phú Trung,10.2545007,105.7361294,85,Moderate,1,24.6,84,0.0,6.3,141,1014.4,33,31.0,32.9,323.0,19.5,62.0,13.5
2026-02-03 23:00:00,2026,2,3,23,Đồng Tháp,Xã Tân Phú Trung,10.2545007,105.7361294,85,Moderate,1,24.3,85,0.0,5.1,141,1014.5,1,29.8,31.9,291.0,19.5,54.0,12.4
2026-02-04 00:00:00,2026,2,4,0,Đồng Tháp,Xã Tân Phú Trung,10.2545007,105.7361294,86,Moderate,1,23.6,89,0.0,3.7,133,1014.1,30,29.6,31.7,292.0,20.2,47.0,11.5
2026-02-04 01:00:00,2026,2,4,1,Đồng Tháp,Xã Tân Phú Trung,10.2545007,105.7361294,87,Moderate,1,23.4,92,0.0,3.8,41,1014.2,55,30.5,32.6,298.0,21.5,41.0,11.3
2026-02-04 02:00:00,2026,2,4,2,Đồng Tháp,Xã Tân Phú Trung,10.2545007,105.7361294,88,Moderate,1,23.9,90,0.0,0.8,45,1013.6,98,33.1,35.3,293.0,23.4,37.0,12.1
2026-02-04 03:00:00,2026,2,4,3,Đồng Tháp,Xã Tân Phú Trung,10.2545007,105.7361294,88,Moderate,1,23.3,91,0.0,1.9,146,1013.4,96,36.8,39.1,292.0,25.9,35.0,13.5
2026-02-04 04:00:00,2026,2,4,4,Đồng Tháp,Xã Tân Phú Trung,10.2545007,105.7361294,89,Moderate,1,23.5,91,0.1,1.4,113,1013.1,100,39.8,42.1,307.0,28.4,33.0,15.2
2026-02-04 05:00:00,2026,2,4,5,Đồng Tháp,Xã Tân Phú Trung,10.2545007,105.7361294,89,Moderate,1,23.6,92,0.1,1.1,9,1013.4,64,43.9,46.3,356.0,32.0,27.0,17.5
2026-02-04 06:00:00,2026,2,4,6,Đồng Tháp,Xã Tân Phú Trung,10.2545007,105.7361294,89,Moderate,1,23.0,93,0.0,1.6,6,1013.6,19,48.4,51.0,421.0,35.7,20.0,20.2
2026-02-04 07:00:00,2026,2,4,7,Đồng Tháp,Xã Tân Phú Trung,10.2545007,105.7361294,90,Moderate,1,23.5,95,0.0,6.2,60,1014.2,7,83.8,85.0,456.0,39.9,20.0,15.6
2026-02-04 08:00:00,2026,2,4,8,Đồng Tháp,Xã Tân Phú Trung,10.2545007,105.7361294,93,Moderate,1,25.2,87,0.0,4.0,58,1015.3,2,36.4,37.7,435.0,31.4,43.0,16.6
2026-02-04 09:00:00,2026,2,4,9,Đồng Tháp,Xã Tân Phú Trung,10.2545007,105.7361294,93,Moderate,1,26.8,74,0.0,4.7,40,1015.8,2,22.4,24.8,385.0,19.7,76.0,17.8
2026-02-04 10:00:00,2026,2,4,10,Đồng Tháp,Xã Tân Phú Trung,10.2545007,105.7361294,93,Moderate,1,27.9,67,0.0,5.1,36,1015.6,4,20.1,21.7,343.0,10.4,105.0,18.0
2026-02-04 11:00:00,2026,2,4,11,Đồng Tháp,Xã Tân Phú Trung,10.2545007,105.7361294,92,Moderate,1,28.8,64,0.0,5.2,31,1014.8,7,21.7,22.4,321.0,6.0,127.0,16.2
2026-02-04 12:00:00,2026,2,4,12,Đồng Tháp,Xã Tân Phú Trung,10.2545007,105.7361294,93,Moderate,1,29.8,60,0.0,3.7,39,1014.0,38,21.9,22.6,307.0,4.1,146.0,13.3
2026-02-04 13:00:00,2026,2,4,13,Đồng Tháp,Xã Tân Phú Trung,10.2545007,105.7361294,93,Moderate,1,30.0,56,0.1,7.4,104,1013.2,36,21.1,21.7,296.0,3.0,158.0,11.1
2026-02-04 14:00:00,2026,2,4,14,Đồng Tháp,Xã Tân Phú Trung,10.2545007,105.7361294,94,Moderate,1,29.7,58,0.3,9.5,117,1012.2,57,20.5,21.2,274.0,2.2,163.0,10.2
2026-02-04 15:00:00,2026,2,4,15,Đồng Tháp,Xã Tân Phú Trung,10.2545007,105.7361294,94,Moderate,1,29.6,62,0.1,6.4,122,1011.5,97,21.2,21.9,256.0,2.3,163.0,9.9
2026-02-04 16:00:00,2026,2,4,16,Đồng Tháp,Xã Tân Phú Trung,10.2545007,105.7361294,94,Moderate,1,29.6,63,0.0,7.7,121,1011.4,79,21.4,22.1,285.0,3.6,157.0,10.2
2026-02-04 17:00:00,2026,2,4,17,Đồng Tháp,Xã Tân Phú Trung,10.2545007,105.7361294,99,Moderate,1,28.8,64,0.0,4.6,108,1011.6,80,22.7,23.4,420.0,6.9,145.0,11.4
2026-02-04 18:00:00,2026,2,4,18,Đồng Tháp,Xã Tân Phú Trung,10.2545007,105.7361294,114,Unhealthy for Sensitive Groups,2,28.0,73,0.0,1.9,151,1012.3,22,32.4,32.9,602.0,11.3,128.0,13.2
2026-02-04 19:00:00,2026,2,4,19,Đồng Tháp,Xã Tân Phú Trung,10.2545007,105.7361294,119,Unhealthy for Sensitive Groups,2,27.0,66,0.0,6.8,138,1013.2,100,30.7,32.2,699.0,18.3,77.0,12.3
2026-02-04 20:00:00,2026,2,4,20,Đồng Tháp,Xã Tân Phú Trung,10.2545007,105.7361294,108,Unhealthy for Sensitive Groups,2,26.3,68,0.0,10.2,134,1013.8,100,28.9,30.9,627.0,17.4,73.0,11.9
2026-02-04 21:00:00,2026,2,4,21,Đồng Tháp,Xã Tân Phú Trung,10.2545007,105.7361294,93,Moderate,1,25.2,75,0.0,10.9,134,1014.2,100,25.0,27.0,471.0,16.2,68.0,11.2
2026-02-04 22:00:00,2026,2,4,22,Đồng Tháp,Xã Tân Phú Trung,10.2545007,105.7361294,91,Moderate,1,24.7,80,0.0,11.6,131,1014.4,100,23.2,25.3,347.0,15.1,64.0,10.5
2026-02-04 23:00:00,2026,2,4,23,Đồng Tháp,Xã Tân Phú Trung,10.2545007,105.7361294,91,Moderate,1,24.4,81,0.0,11.1,120,1014.4,93,22.3,24.4,305.0,14.3,63.0,9.7
2026-02-05 00:00:00,2026,2,5,0,Đồng Tháp,Xã Tân Phú Trung,10.2545007,105.7361294,90,Moderate,1,24.2,80,0.0,10.3,121,1014.3,96,20.8,22.9,296.0,13.8,64.0,8.8
2026-02-05 01:00:00,2026,2,5,1,Đồng Tháp,Xã Tân Phú Trung,10.2545007,105.7361294,89,Moderate,1,23.8,83,0.0,9.2,130,1013.5,58,19.8,21.8,291.0,13.6,63.0,8.2
2026-02-05 02:00:00,2026,2,5,2,Đồng Tháp,Xã Tân Phú Trung,10.2545007,105.7361294,88,Moderate,1,23.8,82,0.0,10.3,133,1013.3,82,20.0,21.9,275.0,13.8,60.0,7.7
2026-02-05 03:00:00,2026,2,5,3,Đồng Tháp,Xã Tân Phú Trung,10.2545007,105.7361294,87,Moderate,1,23.5,83,0.0,9.3,144,1012.6,88,20.9,22.8,263.0,14.3,56.0,7.5
2026-02-05 04:00:00,2026,2,5,4,Đồng Tháp,Xã Tân Phú Trung,10.2545007,105.7361294,86,Moderate,1,23.4,83,0.0,9.3,144,1012.5,99,22.2,24.2,266.0,15.7,53.0,8.1
2026-02-05 05:00:00,2026,2,5,5,Đồng Tháp,Xã Tân Phú Trung,10.2545007,105.7361294,84,Moderate,1,23.0,85,0.0,6.5,136,1012.7,97,25.6,27.8,299.0,19.3,49.0,10.5
2026-02-05 06:00:00,2026,2,5,6,Đồng Tháp,Xã Tân Phú Trung,10.2545007,105.7361294,82,Moderate,1,22.7,86,0.0,6.5,118,1013.0,95,31.0,33.4,347.0,23.8,45.0,13.7
2026-02-05 07:00:00,2026,2,5,7,Đồng Tháp,Xã Tân Phú Trung,10.2545007,105.7361294,81,Moderate,1,23.5,88,0.0,8.0,115,1013.5,98,36.2,39.8,377.0,25.2,48.0,14.3
2026-02-05 08:00:00,2026,2,5,8,Đồng Tháp,Xã Tân Phú Trung,10.2545007,105.7361294,77,Moderate,1,25.4,82,0.0,10.2,103,1014.5,94,26.4,30.3,371.0,20.3,58.0,12.6
2026-02-05 09:00:00,2026,2,5,9,Đồng Tháp,Xã Tân Phú Trung,10.2545007,105.7361294,76,Moderate,1,26.8,79,0.0,7.8,82,1015.1,80,22.5,27.2,347.0,13.6,73.0,10.2
2026-02-05 10:00:00,2026,2,5,10,Đồng Tháp,Xã Tân Phú Trung,10.2545007,105.7361294,76,Moderate,1,28.2,75,0.0,7.7,79,1015.1,12,23.5,29.1,325.0,8.1,90.0,8.4
2026-02-05 11:00:00,2026,2,5,11,Đồng Tháp,Xã Tân Phú Trung,10.2545007,105.7361294,76,Moderate,1,29.5,70,0.0,6.7,76,1014.2,13,24.4,29.8,312.0,5.2,109.0,7.6
2026-02-05 12:00:00,2026,2,5,12,Đồng Tháp,Xã Tân Phú Trung,10.2545007,105.7361294,76,Moderate,1,30.1,65,0.1,5.4,50,1013.2,55,23.5,26.9,302.0,3.5,129.0,7.4
2026-02-05 13:00:00,2026,2,5,13,Đồng Tháp,Xã Tân Phú Trung,10.2545007,105.7361294,76,Moderate,1,30.0,64,0.0,3.1,50,1012.5,60,24.2,26.4,295.0,2.6,145.0,7.4
2026-02-05 14:00:00,2026,2,5,14,Đồng Tháp,Xã Tân Phú Trung,10.2545007,105.7361294,77,Moderate,1,30.3,61,0.0,2.1,75,1011.6,100,25.6,27.7,286.0,2.0,155.0,7.5
2026-02-05 15:00:00,2026,2,5,15,Đồng Tháp,Xã Tân Phú Trung,10.2545007,105.7361294,77,Moderate,1,30.2,60,0.0,1.7,108,1010.9,41,26.9,28.9,281.0,2.1,160.0,7.9
2026-02-05 16:00:00,2026,2,5,16,Đồng Tháp,Xã Tân Phú Trung,10.2545007,105.7361294,78,Moderate,1,30.1,61,0.0,4.0,85,1010.5,34,28.2,30.2,294.0,3.6,158.0,8.8
2026-02-05 17:00:00,2026,2,5,17,Đồng Tháp,Xã Tân Phú Trung,10.2545007,105.7361294,83,Moderate,1,27.8,71,0.1,12.1,138,1010.7,48,30.4,32.1,346.0,7.8,145.0,10.7
2026-02-05 18:00:00,2026,2,5,18,Đồng Tháp,Xã Tân Phú Trung,10.2545007,105.7361294,99,Moderate,1,26.2,79,0.1,8.6,147,1011.4,34,37.0,38.3,416.0,13.4,124.0,13.1
2026-02-05 19:00:00,2026,2,5,19,Đồng Tháp,Xã Tân Phú Trung,10.2545007,105.7361294,106,Unhealthy for Sensitive Groups,2,25.8,83,0.1,7.2,152,1012.2,71,45.9,47.3,458.0,18.9,105.0,15.2
2026-02-05 20:00:00,2026,2,5,20,Đồng Tháp,Xã Tân Phú Trung,10.2545007,105.7361294,105,Unhealthy for Sensitive Groups,2,25.5,87,0.1,5.9,160,1013.2,100,46.2,47.6,444.0,18.6,97.0,15.2
2026-02-05 21:00:00,2026,2,5,21,Đồng Tháp,Xã Tân Phú Trung,10.2545007,105.7361294,98,Moderate,1,25.2,89,0.0,6.2,170,1013.7,100,41.8,43.2,402.0,18.1,85.0,15.2
2026-02-05 22:00:00,2026,2,5,22,Đồng Tháp,Xã Tân Phú Trung,10.2545007,105.7361294,85,Moderate,1,24.8,91,0.0,6.8,145,1013.6,96,38.4,40.0,367.0,17.7,75.0,14.8
2026-02-05 23:00:00,2026,2,5,23,Đồng Tháp,Xã Tân Phú Trung,10.2545007,105.7361294,85,Moderate,1,24.3,92,0.0,6.7,134,1013.5,94,34.6,36.2,353.0,17.5,68.0,13.9
2026-02-06 00:00:00,2026,2,6,0,Đồng Tháp,Xã Tân Phú Trung,10.2545007,105.7361294,86,Moderate,1,23.9,93,0.0,6.4,155,1013.3,95,30.3,32.5,346.0,17.4,62.0,12.6
2026-02-06 01:00:00,2026,2,6,1,Đồng Tháp,Xã Tân Phú Trung,10.2545007,105.7361294,87,Moderate,1,23.6,96,0.0,6.6,154,1013.0,100,27.0,29.4,342.0,17.2,57.0,11.5
2026-02-06 02:00:00,2026,2,6,2,Đồng Tháp,Xã Tân Phú Trung,10.2545007,105.7361294,88,Moderate,1,23.4,96,0.0,5.2,158,1012.6,100,24.6,27.1,339.0,16.7,54.0,10.6
2026-02-06 03:00:00,2026,2,6,3,Đồng Tháp,Xã Tân Phú Trung,10.2545007,105.7361294,88,Moderate,1,23.3,96,0.0,4.5,157,1012.0,100,22.9,25.4,339.0,16.2,53.0,9.9
2026-02-06 04:00:00,2026,2,6,4,Đồng Tháp,Xã Tân Phú Trung,10.2545007,105.7361294,88,Moderate,1,23.0,97,0.0,4.0,148,1011.9,100,22.1,24.7,344.0,15.9,52.0,9.5
2026-02-06 05:00:00,2026,2,6,5,Đồng Tháp,Xã Tân Phú Trung,10.2545007,105.7361294,88,Moderate,1,22.9,97,0.0,5.0,142,1012.1,100,22.2,24.9,363.0,16.7,49.0,9.8
2026-02-06 06:00:00,2026,2,6,6,Đồng Tháp,Xã Tân Phú Trung,10.2545007,105.7361294,88,Moderate,1,22.5,97,0.0,3.8,135,1012.6,100,22.6,25.3,387.0,17.7,45.0,10.4
2026-02-06 07:00:00,2026,2,6,7,Đồng Tháp,Xã Tân Phú Trung,10.2545007,105.7361294,87,Moderate,1,23.5,95,0.0,6.9,139,1013.3,100,26.3,29.7,394.0,17.5,47.0,11.3
2026-02-06 08:00:00,2026,2,6,8,Đồng Tháp,Xã Tân Phú Trung,10.2545007,105.7361294,86,Moderate,1,25.0,87,0.0,10.5,129,1014.3,49,21.1,25.1,365.0,14.4,58.0,11.0
2026-02-06 09:00:00,2026,2,6,9,Đồng Tháp,Xã Tân Phú Trung,10.2545007,105.7361294,86,Moderate,1,26.5,79,0.0,10.5,131,1014.9,32,21.1,25.4,318.0,10.0,74.0,10.6
2026-02-06 10:00:00,2026,2,6,10,Đồng Tháp,Xã Tân Phú Trung,10.2545007,105.7361294,86,Moderate,1,27.9,73,0.0,9.4,133,1014.6,16,23.1,27.6,283.0,6.5,91.0,10.2
2026-02-06 11:00:00,2026,2,6,11,Đồng Tháp,Xã Tân Phú Trung,10.2545007,105.7361294,86,Moderate,1,28.9,68,0.1,8.0,149,1013.9,81,24.7,27.0,273.0,4.6,108.0,9.9
2026-02-06 12:00:00,2026,2,6,12,Đồng Tháp,Xã Tân Phú Trung,10.2545007,105.7361294,86,Moderate,1,29.2,67,0.1,6.9,143,1013.0,100,29.3,31.4,274.0,3.5,126.0,9.8
2026-02-06 13:00:00,2026,2,6,13,Đồng Tháp,Xã Tân Phú Trung,10.2545007,105.7361294,86,Moderate,1,28.9,66,0.1,6.3,153,1011.9,100,31.7,33.5,278.0,3.0,140.0,9.7
2026-02-06 14:00:00,2026,2,6,14,Đồng Tháp,Xã Tân Phú Trung,10.2545007,105.7361294,87,Moderate,1,29.1,65,0.0,4.7,162,1011.0,100,32.9,34.8,278.0,2.6,149.0,9.7
2026-02-06 15:00:00,2026,2,6,15,Đồng Tháp,Xã Tân Phú Trung,10.2545007,105.7361294,88,Moderate,1,29.7,63,0.0,8.3,138,1010.2,100,34.0,35.7,280.0,2.7,153.0,9.8
2026-02-06 16:00:00,2026,2,6,16,Đồng Tháp,Xã Tân Phú Trung,10.2545007,105.7361294,88,Moderate,1,27.5,72,0.2,15.1,135,1009.9,84,37.5,39.1,297.0,4.2,150.0,10.4
2026-02-06 17:00:00,2026,2,6,17,Đồng Tháp,Xã Tân Phú Trung,10.2545007,105.7361294,89,Moderate,1,27.3,72,0.0,12.1,148,1010.3,100,36.7,38.1,342.0,8.4,135.0,11.8
2026-02-06 18:00:00,2026,2,6,18,Đồng Tháp,Xã Tân Phú Trung,10.2545007,105.7361294,90,Moderate,1,26.6,74,0.0,9.1,163,1010.6,100,39.2,40.3,401.0,14.1,111.0,13.7
2026-02-06 19:00:00,2026,2,6,19,Đồng Tháp,Xã Tân Phú Trung,10.2545007,105.7361294,95,Moderate,1,25.8,84,0.0,4.5,233,1011.3,100,51.8,53.7,445.0,17.9,96.0,14.8
2026-02-06 20:00:00,2026,2,6,20,Đồng Tháp,Xã Tân Phú Trung,10.2545007,105.7361294,92,Moderate,1,25.4,87,0.4,3.1,234,1012.3,100,48.0,49.6,462.0,18.1,86.0,14.7
2026-02-06 21:00:00,2026,2,6,21,Đồng Tháp,Xã Tân Phú Trung,10.2545007,105.7361294,90,Moderate,1,25.0,89,0.0,3.5,171,1012.7,91,42.8,44.8,464.0,18.3,71.0,14.6
2026-02-06 22:00:00,2026,2,6,22,Đồng Tháp,Xã Tân Phú Trung,10.2545007,105.7361294,91,Moderate,1,24.9,89,0.0,6.6,159,1013.2,100,40.3,42.0,455.0,18.4,59.0,14.2
2026-02-06 23:00:00,2026,2,6,23,Đồng Tháp,Xã Tân Phú Trung,10.2545007,105.7361294,91,Moderate,1,24.0,90,0.0,6.5,148,1013.2,100,36.7,38.4,435.0,18.1,52.0,13.3
2026-02-07 00:00:00,2026,2,7,0,Đồng Tháp,Xã Tân Phú Trung,10.2545007,105.7361294,91,Moderate,1,23.5,91,0.0,7.0,157,1013.0,99,30.9,33.4,404.0,17.7,48.0,12.1
2026-02-07 01:00:00,2026,2,7,1,Đồng Tháp,Xã Tân Phú Trung,10.2545007,105.7361294,91,Moderate,1,23.5,93,0.0,8.4,157,1012.3,100,27.0,29.5,369.0,17.3,45.0,11.1
2026-02-07 02:00:00,2026,2,7,2,Đồng Tháp,Xã Tân Phú Trung,10.2545007,105.7361294,91,Moderate,1,23.5,94,0.0,8.8,152,1012.0,100,24.9,27.6,322.0,16.9,44.0,10.4
2026-02-07 03:00:00,2026,2,7,3,Đồng Tháp,Xã Tân Phú Trung,10.2545007,105.7361294,91,Moderate,1,23.3,95,0.0,7.7,144,1011.8,100,24.0,26.8,270.0,16.5,45.0,9.9
2026-02-07 04:00:00,2026,2,7,4,Đồng Tháp,Xã Tân Phú Trung,10.2545007,105.7361294,91,Moderate,1,23.0,96,0.0,6.1,135,1011.5,100,23.7,26.7,247.0,16.5,45.0,9.8
2026-02-07 05:00:00,2026,2,7,5,Đồng Tháp,Xã Tân Phú Trung,10.2545007,105.7361294,91,Moderate,1,22.9,97,0.0,5.9,130,1011.9,99,24.0,27.0,282.0,17.4,43.0,10.2
2026-02-07 06:00:00,2026,2,7,6,Đồng Tháp,Xã Tân Phú Trung,10.2545007,105.7361294,91,Moderate,1,22.6,97,0.0,5.6,130,1012.3,100,24.7,27.6,346.0,18.7,40.0,11.0
2026-02-07 07:00:00,2026,2,7,7,Đồng Tháp,Xã Tân Phú Trung,10.2545007,105.7361294,92,Moderate,1,23.4,96,0.0,8.8,118,1013.0,27,22.7,25.1,381.0,17.3,45.0,11.0
2026-02-07 08:00:00,2026,2,7,8,Đồng Tháp,Xã Tân Phú Trung,10.2545007,105.7361294,91,Moderate,1,25.1,87,0.0,11.1,117,1014.1,69,21.9,24.7,354.0,14.7,55.0,11.0
2026-02-07 09:00:00,2026,2,7,9,Đồng Tháp,Xã Tân Phú Trung,10.2545007,105.7361294,91,Moderate,1,26.5,79,0.0,9.6,118,1014.8,57,20.3,23.6,299.0,11.0,70.0,11.0
2026-02-07 10:00:00,2026,2,7,10,Đồng Tháp,Xã Tân Phú Trung,10.2545007,105.7361294,91,Moderate,1,27.9,70,0.0,9.3,124,1014.6,97,19.4,23.1,260.0,7.8,85.0,10.6
2026-02-07 11:00:00,2026,2,7,11,Đồng Tháp,Xã Tân Phú Trung,10.2545007,105.7361294,91,Moderate,1,29.0,64,0.1,7.2,125,1013.5,100,20.0,21.6,259.0,5.7,101.0,9.5
2026-02-07 12:00:00,2026,2,7,12,Đồng Tháp,Xã Tân Phú Trung,10.2545007,105.7361294,90,Moderate,1,29.8,60,0.1,6.0,107,1012.4,99,23.9,25.4,275.0,4.1,117.0,7.9
2026-02-07 13:00:00,2026,2,7,13,Đồng Tháp,Xã Tân Phú Trung,10.2545007,105.7361294,90,Moderate,1,29.6,61,0.1,7.0,90,1011.5,100,26.8,28.1,290.0,3.1,129.0,6.8
2026-02-07 14:00:00,2026,2,7,14,Đồng Tháp,Xã Tân Phú Trung,10.2545007,105.7361294,90,Moderate,1,30.0,59,0.1,6.9,84,1010.2,100,28.2,29.5,287.0,2.3,138.0,6.1
2026-02-07 15:00:00,2026,2,7,15,Đồng Tháp,Xã Tân Phú Trung,10.2545007,105.7361294,89,Moderate,1,30.3,58,0.1,7.1,84,1009.2,96,30.6,31.8,283.0,2.2,143.0,5.8
2026-02-07 16:00:00,2026,2,7,16,Đồng Tháp,Xã Tân Phú Trung,10.2545007,105.7361294,89,Moderate,1,30.0,60,0.0,7.2,91,1008.7,20,30.4,31.5,318.0,3.9,141.0,6.3
2026-02-07 17:00:00,2026,2,7,17,Đồng Tháp,Xã Tân Phú Trung,10.2545007,105.7361294,88,Moderate,1,29.5,62,0.0,6.2,80,1008.6,13,32.5,33.5,444.0,9.4,126.0,8.5
2026-02-07 18:00:00,2026,2,7,18,Đồng Tháp,Xã Tân Phú Trung,10.2545007,105.7361294,88,Moderate,1,28.0,73,0.0,3.7,101,1008.8,1,40.2,41.0,609.0,16.9,104.0,11.7
2026-02-07 19:00:00,2026,2,7,19,Đồng Tháp,Xã Tân Phú Trung,10.2545007,105.7361294,88,Moderate,1,26.8,77,0.0,2.5,159,1009.7,2,51.0,52.0,692.0,22.8,88.0,14.7
2026-02-07 20:00:00,2026,2,7,20,Đồng Tháp,Xã Tân Phú Trung,10.2545007,105.7361294,88,Moderate,1,26.2,76,0.0,13.8,132,1010.9,2,46.3,47.1,615.0,21.7,80.0,14.2
2026-02-07 21:00:00,2026,2,7,21,Đồng Tháp,Xã Tân Phú Trung,10.2545007,105.7361294,88,Moderate,1,24.9,80,0.0,12.0,139,1011.6,0,38.4,39.3,456.0,20.0,68.0,13.4
2026-02-07 22:00:00,2026,2,7,22,Đồng Tháp,Xã Tân Phú Trung,10.2545007,105.7361294,87,Moderate,1,23.9,86,0.0,13.1,133,1012.1,2,31.9,33.2,329.0,18.3,60.0,12.4
2026-02-07 23:00:00,2026,2,7,23,Đồng Tháp,Xã Tân Phú Trung,10.2545007,105.7361294,87,Moderate,1,23.4,90,0.0,13.2,136,1012.0,4,26.5,28.5,282.0,16.4,59.0,10.8
2026-02-08 00:00:00,2026,2,8,0,Đồng Tháp,Xã Tân Phú Trung,10.2545007,105.7361294,86,Moderate,1,23.0,91,0.0,13.2,135,1012.0,4,21.6,23.8,266.0,14.4,61.0,8.9
2026-02-08 01:00:00,2026,2,8,1,Đồng Tháp,Xã Tân Phú Trung,10.2545007,105.7361294,85,Moderate,1,23.0,93,0.0,11.3,133,1011.4,17,18.3,20.8,254.0,12.8,63.0,7.5
2026-02-08 02:00:00,2026,2,8,2,Đồng Tháp,Xã Tân Phú Trung,10.2545007,105.7361294,84,Moderate,1,23.0,93,0.0,10.8,132,1011.0,15,16.6,19.2,232.0,11.7,65.0,6.8
2026-02-08 03:00:00,2026,2,8,3,Đồng Tháp,Xã Tân Phú Trung,10.2545007,105.7361294,83,Moderate,1,22.8,94,0.0,10.3,133,1010.6,6,15.8,18.3,214.0,11.0,67.0,6.5
2026-02-08 04:00:00,2026,2,8,4,Đồng Tháp,Xã Tân Phú Trung,10.2545007,105.7361294,83,Moderate,1,22.8,92,0.0,12.0,135,1010.6,2,15.5,18.0,204.0,10.7,67.0,6.5
2026-02-08 05:00:00,2026,2,8,5,Đồng Tháp,Xã Tân Phú Trung,10.2545007,105.7361294,82,Moderate,1,22.8,92,0.0,11.5,134,1011.2,3,15.3,17.8,211.0,11.3,63.0,7.0
2026-02-08 06:00:00,2026,2,8,6,Đồng Tháp,Xã Tân Phú Trung,10.2545007,105.7361294,81,Moderate,1,22.8,90,0.0,11.3,134,1012.0,69,15.3,17.6,228.0,12.4,58.0,7.7
2026-02-08 07:00:00,2026,2,8,7,Đồng Tháp,Xã Tân Phú Trung,10.2545007,105.7361294,80,Moderate,1,23.9,88,0.0,10.0,139,1013.3,100,16.4,19.4,238.0,11.9,58.0,7.7
2026-02-08 08:00:00,2026,2,8,8,Đồng Tháp,Xã Tân Phú Trung,10.2545007,105.7361294,80,Moderate,1,25.1,80,0.0,11.9,128,1014.0,100,14.6,18.0,233.0,10.2,66.0,7.4
2026-02-08 09:00:00,2026,2,8,9,Đồng Tháp,Xã Tân Phú Trung,10.2545007,105.7361294,79,Moderate,1,26.0,75,0.0,15.2,114,1014.9,100,14.1,17.5,222.0,7.8,77.0,6.9
2026-02-08 10:00:00,2026,2,8,10,Đồng Tháp,Xã Tân Phú Trung,10.2545007,105.7361294,79,Moderate,1,27.0,70,0.0,13.5,111,1014.8,13,18.3,22.1,218.0,5.7,91.0,6.5
2026-02-08 11:00:00,2026,2,8,11,Đồng Tháp,Xã Tân Phú Trung,10.2545007,105.7361294,78,Moderate,1,29.0,62,0.2,11.2,94,1013.9,24,21.0,22.7,227.0,4.3,109.0,6.2
2026-02-08 12:00:00,2026,2,8,12,Đồng Tháp,Xã Tân Phú Trung,10.2545007,105.7361294,79,Moderate,1,29.8,58,0.0,10.1,85,1013.0,16,25.0,26.5,242.0,3.3,129.0,6.0
2026-02-08 13:00:00,2026,2,8,13,Đồng Tháp,Xã Tân Phú Trung,10.2545007,105.7361294,79,Moderate,1,29.7,57,0.0,8.6,79,1012.3,27,27.0,28.3,256.0,2.7,145.0,6.0
2026-02-08 14:00:00,2026,2,8,14,Đồng Tháp,Xã Tân Phú Trung,10.2545007,105.7361294,79,Moderate,1,30.0,55,0.0,8.1,77,1011.2,24,28.1,29.2,263.0,2.3,155.0,6.1
2026-02-08 15:00:00,2026,2,8,15,Đồng Tháp,Xã Tân Phú Trung,10.2545007,105.7361294,79,Moderate,1,30.0,55,0.0,8.2,104,1010.5,19,28.7,29.8,268.0,2.4,162.0,6.3
2026-02-08 16:00:00,2026,2,8,16,Đồng Tháp,Xã Tân Phú Trung,10.2545007,105.7361294,78,Moderate,1,29.5,57,0.0,8.4,127,1010.2,18,29.3,30.4,280.0,3.6,160.0,7.0
2026-02-08 17:00:00,2026,2,8,17,Đồng Tháp,Xã Tân Phú Trung,10.2545007,105.7361294,85,Moderate,1,28.8,60,0.0,9.8,149,1010.5,14,31.8,32.7,311.0,7.2,146.0,8.6
2026-02-08 18:00:00,2026,2,8,18,Đồng Tháp,Xã Tân Phú Trung,10.2545007,105.7361294,100,Moderate,1,27.5,64,0.0,10.0,147,1011.0,2,37.0,37.7,349.0,12.0,124.0,10.6
2026-02-08 19:00:00,2026,2,8,19,Đồng Tháp,Xã Tân Phú Trung,10.2545007,105.7361294,107,Unhealthy for Sensitive Groups,2,26.6,71,0.0,13.3,152,1011.3,1,45.8,46.9,368.0,18.5,98.0,12.8
2026-02-08 20:00:00,2026,2,8,20,Đồng Tháp,Xã Tân Phú Trung,10.2545007,105.7361294,105,Unhealthy for Sensitive Groups,2,25.5,76,0.0,15.7,135,1012.4,80,32.4,33.6,348.0,16.1,91.0,11.4
2026-02-08 21:00:00,2026,2,8,21,Đồng Tháp,Xã Tân Phú Trung,10.2545007,105.7361294,96,Moderate,1,24.7,77,0.0,11.5,136,1013.0,65,20.4,22.2,309.0,12.9,81.0,9.4
2026-02-08 22:00:00,2026,2,8,22,Đồng Tháp,Xã Tân Phú Trung,10.2545007,105.7361294,83,Moderate,1,24.1,79,0.0,9.4,128,1012.7,76,17.2,19.1,281.0,11.1,72.0,8.1
2026-02-08 23:00:00,2026,2,8,23,Đồng Tháp,Xã Tân Phú Trung,10.2545007,105.7361294,73,Moderate,1,23.5,82,0.0,8.1,111,1012.8,84,18.0,20.1,277.0,11.7,66.0,7.9
2026-02-09 00:00:00,2026,2,9,0,Đồng Tháp,Xã Tân Phú Trung,10.2545007,105.7361294,73,Moderate,1,23.0,87,0.0,5.6,92,1012.6,66,20.1,22.2,283.0,13.8,61.0,8.3
2026-02-09 01:00:00,2026,2,9,1,Đồng Tháp,Xã Tân Phú Trung,10.2545007,105.7361294,73,Moderate,1,22.9,91,0.0,3.1,54,1012.1,74,23.6,25.8,291.0,16.2,56.0,9.2
2026-02-09 02:00:00,2026,2,9,2,Đồng Tháp,Xã Tân Phú Trung,10.2545007,105.7361294,73,Moderate,1,22.6,93,0.0,3.3,68,1011.4,70,27.8,30.3,296.0,19.1,51.0,10.6
2026-02-09 03:00:00,2026,2,9,3,Đồng Tháp,Xã Tân Phú Trung,10.2545007,105.7361294,74,Moderate,1,22.1,94,0.0,4.4,35,1011.1,89,33.2,35.9,302.0,22.5,45.0,12.4
2026-02-09 04:00:00,2026,2,9,4,Đồng Tháp,Xã Tân Phú Trung,10.2545007,105.7361294,76,Moderate,1,21.7,96,0.0,4.4,19,1010.9,89,38.2,41.1,316.0,25.1,41.0,14.3
2026-02-09 05:00:00,2026,2,9,5,Đồng Tháp,Xã Tân Phú Trung,10.2545007,105.7361294,78,Moderate,1,21.4,97,0.0,4.0,18,1011.1,93,39.9,43.1,349.0,27.1,36.0,16.5
2026-02-09 06:00:00,2026,2,9,6,Đồng Tháp,Xã Tân Phú Trung,10.2545007,105.7361294,80,Moderate,1,21.2,97,0.0,3.6,9,1011.6,84,41.8,45.1,390.0,28.4,32.0,18.7
2026-02-09 07:00:00,2026,2,9,7,Đồng Tháp,Xã Tân Phú Trung,10.2545007,105.7361294,82,Moderate,1,22.2,99,0.0,5.6,329,1012.0,100,49.8,51.6,408.0,25.4,35.0,14.5
2026-02-09 08:00:00,2026,2,9,8,Đồng Tháp,Xã Tân Phú Trung,10.2545007,105.7361294,85,Moderate,1,23.8,92,0.0,5.3,348,1012.8,70,32.5,34.7,384.0,20.0,57.0,14.4
2026-02-09 09:00:00,2026,2,9,9,Đồng Tháp,Xã Tân Phú Trung,10.2545007,105.7361294,87,Moderate,1,25.9,68,0.0,7.1,19,1013.2,64,22.7,24.7,338.0,12.5,88.0,14.1
2026-02-09 10:00:00,2026,2,9,10,Đồng Tháp,Xã Tân Phú Trung,10.2545007,105.7361294,87,Moderate,1,27.3,60,0.0,5.6,22,1013.1,73,19.9,21.0,300.0,6.7,115.0,13.5
2026-02-09 11:00:00,2026,2,9,11,Đồng Tháp,Xã Tân Phú Trung,10.2545007,105.7361294,88,Moderate,1,28.5,56,0.0,3.9,13,1012.9,88,20.1,20.8,283.0,4.1,136.0,12.3
2026-02-09 12:00:00,2026,2,9,12,Đồng Tháp,Xã Tân Phú Trung,10.2545007,105.7361294,87,Moderate,1,29.3,55,0.0,2.9,349,1011.7,99,19.7,20.5,276.0,3.2,153.0,10.7
2026-02-09 13:00:00,2026,2,9,13,Đồng Tháp,Xã Tân Phú Trung,10.2545007,105.7361294,87,Moderate,1,29.7,55,0.0,3.4,317,1011.0,100,19.2,20.0,271.0,2.8,165.0,9.4
2026-02-09 14:00:00,2026,2,9,14,Đồng Tháp,Xã Tân Phú Trung,10.2545007,105.7361294,86,Moderate,1,30.4,53,0.0,3.2,304,1010.1,97,18.9,19.7,250.0,1.6,171.0,8.1
2026-02-09 15:00:00,2026,2,9,15,Đồng Tháp,Xã Tân Phú Trung,10.2545007,105.7361294,85,Moderate,1,30.5,52,0.0,2.7,312,1009.4,98,18.2,19.0,231.0,0.8,171.0,7.2
2026-02-09 16:00:00,2026,2,9,16,Đồng Tháp,Xã Tân Phú Trung,10.2545007,105.7361294,91,Moderate,1,30.5,52,0.0,3.6,340,1009.4,95,17.7,18.5,269.0,3.4,165.0,8.0
2026-02-09 17:00:00,2026,2,9,17,Đồng Tháp,Xã Tân Phú Trung,10.2545007,105.7361294,114,Unhealthy for Sensitive Groups,2,30.0,53,0.0,2.3,309,1009.6,91,18.7,19.4,422.0,13.1,148.0,12.5
2026-02-09 18:00:00,2026,2,9,18,Đồng Tháp,Xã Tân Phú Trung,10.2545007,105.7361294,127,Unhealthy for Sensitive Groups,2,28.0,66,0.0,3.0,232,1009.9,94,33.8,34.5,631.0,26.1,123.0,18.7
2026-02-09 19:00:00,2026,2,9,19,Đồng Tháp,Xã Tân Phú Trung,10.2545007,105.7361294,129,Unhealthy for Sensitive Groups,2,26.9,69,0.0,6.4,227,1010.8,0,61.9,64.0,773.0,41.6,86.0,23.5
2026-02-09 20:00:00,2026,2,9,20,Đồng Tháp,Xã Tân Phú Trung,10.2545007,105.7361294,118,Unhealthy for Sensitive Groups,2,26.0,72,0.0,6.9,211,1011.8,1,68.7,71.0,795.0,35.3,87.0,21.5
2026-02-09 21:00:00,2026,2,9,21,Đồng Tháp,Xã Tân Phú Trung,10.2545007,105.7361294,104,Unhealthy for Sensitive Groups,2,25.5,72,0.0,6.1,203,1012.2,1,49.1,49.9,751.0,26.6,88.0,18.6
2026-02-09 22:00:00,2026,2,9,22,Đồng Tháp,Xã Tân Phú Trung,10.2545007,105.7361294,89,Moderate,1,24.9,77,0.0,11.3,146,1012.1,1,38.0,39.1,679.0,20.0,86.0,15.8
2026-02-09 23:00:00,2026,2,9,23,Đồng Tháp,Xã Tân Phú Trung,10.2545007,105.7361294,91,Moderate,1,23.8,85,0.0,8.2,148,1012.1,1,31.7,33.4,569.0,17.2,80.0,13.1
2026-02-10 00:00:00,2026,2,10,0,Đồng Tháp,Xã Tân Phú Trung,10.2545007,105.7361294,92,Moderate,1,23.4,88,0.0,7.6,144,1011.8,1,28.5,30.4,430.0,16.5,72.0,10.6
2026-02-10 01:00:00,2026,2,10,1,Đồng Tháp,Xã Tân Phú Trung,10.2545007,105.7361294,93,Moderate,1,22.8,93,0.0,5.1,141,1011.7,0,28.6,30.9,330.0,16.9,64.0,9.2
2026-02-10 02:00:00,2026,2,10,2,Đồng Tháp,Xã Tân Phú Trung,10.2545007,105.7361294,93,Moderate,1,22.6,93,0.0,3.1,152,1011.5,0,31.8,34.2,296.0,18.6,59.0,9.6
2026-02-10 03:00:00,2026,2,10,3,Đồng Tháp,Xã Tân Phú Trung,10.2545007,105.7361294,94,Moderate,1,22.5,94,0.0,2.7,152,1011.2,0,36.8,39.5,301.0,21.4,54.0,11.3
2026-02-10 04:00:00,2026,2,10,4,Đồng Tháp,Xã Tân Phú Trung,10.2545007,105.7361294,94,Moderate,1,22.4,94,0.0,1.1,189,1010.9,0,41.4,44.5,324.0,24.5,49.0,13.0
2026-02-10 05:00:00,2026,2,10,5,Đồng Tháp,Xã Tân Phú Trung,10.2545007,105.7361294,94,Moderate,1,22.0,96,0.0,1.6,264,1011.4,0,50.3,53.2,377.0,28.7,40.0,14.8
2026-02-10 06:00:00,2026,2,10,6,Đồng Tháp,Xã Tân Phú Trung,10.2545007,105.7361294,95,Moderate,1,21.8,97,0.0,2.2,265,1012.1,3,56.8,60.1,450.0,33.0,30.0,16.7
2026-02-10 07:00:00,2026,2,10,7,Đồng Tháp,Xã Tân Phú Trung,10.2545007,105.7361294,97,Moderate,1,22.6,96,0.0,4.9,270,1012.7,4,55.1,59.5,490.0,27.8,41.0,13.9
2026-02-10 08:00:00,2026,2,10,8,Đồng Tháp,Xã Tân Phú Trung,10.2545007,105.7361294,97,Moderate,1,24.6,88,0.0,2.6,192,1013.6,0,44.7,50.2,468.0,23.3,65.0,15.9
2026-02-10 09:00:00,2026,2,10,9,Đồng Tháp,Xã Tân Phú Trung,10.2545007,105.7361294,98,Moderate,1,26.3,81,0.0,3.6,135,1014.1,63,41.4,47.7,414.0,17.1,98.0,18.6
2026-02-10 10:00:00,2026,2,10,10,Đồng Tháp,Xã Tân Phú Trung,10.2545007,105.7361294,100,Moderate,1,27.8,74,0.0,4.4,125,1014.2,90,39.1,46.0,367.0,11.6,127.0,19.7
2026-02-10 11:00:00,2026,2,10,11,Đồng Tháp,Xã Tân Phú Trung,10.2545007,105.7361294,102,Unhealthy for Sensitive Groups,2,29.0,67,0.0,2.3,151,1013.3,50,31.7,34.6,342.0,7.7,147.0,17.8
2026-02-10 12:00:00,2026,2,10,12,Đồng Tháp,Xã Tân Phú Trung,10.2545007,105.7361294,103,Unhealthy for Sensitive Groups,2,29.9,61,0.0,1.7,288,1012.1,5,31.2,32.9,326.0,4.6,164.0,14.3
2026-02-10 13:00:00,2026,2,10,13,Đồng Tháp,Xã Tân Phú Trung,10.2545007,105.7361294,104,Unhealthy for Sensitive Groups,2,30.0,58,0.0,0.5,360,1011.6,88,30.5,32.2,314.0,2.6,173.0,11.4
2026-02-10 14:00:00,2026,2,10,14,Đồng Tháp,Xã Tân Phú Trung,10.2545007,105.7361294,105,Unhealthy for Sensitive Groups,2,30.6,58,0.0,1.5,324,1010.8,99,29.3,30.9,291.0,1.7,174.0,9.7
2026-02-10 15:00:00,2026,2,10,15,Đồng Tháp,Xã Tân Phú Trung,10.2545007,105.7361294,107,Unhealthy for Sensitive Groups,2,30.8,57,0.0,1.3,16,1010.2,99,28.6,30.2,273.0,1.9,169.0,8.6
2026-02-10 16:00:00,2026,2,10,16,Đồng Tháp,Xã Tân Phú Trung,10.2545007,105.7361294,108,Unhealthy for Sensitive Groups,2,30.2,57,0.0,2.1,52,1010.0,15,28.3,29.9,307.0,3.8,160.0,8.7
2026-02-10 17:00:00,2026,2,10,17,Đồng Tháp,Xã Tân Phú Trung,10.2545007,105.7361294,124,Unhealthy for Sensitive Groups,2,29.9,59,0.0,4.0,85,1010.1,10,32.7,34.1,458.0,9.0,145.0,11.2
2026-02-10 18:00:00,2026,2,10,18,Đồng Tháp,Xã Tân Phú Trung,10.2545007,105.7361294,134,Unhealthy for Sensitive Groups,2,28.1,68,0.0,4.0,72,1010.8,17,41.2,42.4,661.0,15.9,126.0,14.9
2026-02-10 19:00:00,2026,2,10,19,Đồng Tháp,Xã Tân Phú Trung,10.2545007,105.7361294,134,Unhealthy for Sensitive Groups,2,27.7,71,0.0,2.6,146,1011.6,66,43.9,44.7,761.0,19.7,96.0,16.0
2026-02-10 20:00:00,2026,2,10,20,Đồng Tháp,Xã Tân Phú Trung,10.2545007,105.7361294,123,Unhealthy for Sensitive Groups,2,27.5,69,0.0,7.3,136,1012.6,55,41.9,42.7,660.0,18.2,90.0,14.9
2026-02-10 21:00:00,2026,2,10,21,Đồng Tháp,Xã Tân Phú Trung,10.2545007,105.7361294,108,Unhealthy for Sensitive Groups,2,26.7,73,0.0,15.6,128,1013.4,24,33.9,34.9,456.0,16.2,81.0,13.4
2026-02-10 22:00:00,2026,2,10,22,Đồng Tháp,Xã Tân Phú Trung,10.2545007,105.7361294,105,Unhealthy for Sensitive Groups,2,25.6,76,0.0,12.8,128,1013.5,56,23.0,24.2,297.0,14.2,73.0,11.6
2026-02-10 23:00:00,2026,2,10,23,Đồng Tháp,Xã Tân Phú Trung,10.2545007,105.7361294,103,Unhealthy for Sensitive Groups,2,25.3,80,0.0,12.7,126,1013.6,45,15.3,16.4,245.0,12.4,68.0,9.3
2026-02-11 00:00:00,2026,2,11,0,Đồng Tháp,Xã Tân Phú Trung,10.2545007,105.7361294,101,Unhealthy for Sensitive Groups,2,25.2,79,0.0,14.4,120,1013.5,100,10.8,11.7,237.0,10.8,64.0,6.7
2026-02-11 01:00:00,2026,2,11,1,Đồng Tháp,Xã Tân Phú Trung,10.2545007,105.7361294,100,Moderate,1,25.1,80,0.0,12.5,115,1013.3,100,8.5,9.2,232.0,9.8,61.0,5.0
2026-02-11 02:00:00,2026,2,11,2,Đồng Tháp,Xã Tân Phú Trung,10.2545007,105.7361294,98,Moderate,1,25.0,81,0.0,10.2,120,1013.2,100,7.7,8.1,213.0,9.7,59.0,4.6
2026-02-11 03:00:00,2026,2,11,3,Đồng Tháp,Xã Tân Phú Trung,10.2545007,105.7361294,96,Moderate,1,25.0,81,0.1,10.2,131,1012.9,100,7.9,8.3,196.0,10.2,58.0,5.0
2026-02-11 04:00:00,2026,2,11,4,Đồng Tháp,Xã Tân Phú Trung,10.2545007,105.7361294,93,Moderate,1,24.8,83,0.2,10.7,120,1012.8,100,8.5,8.9,191.0,10.9,57.0,5.6
2026-02-11 05:00:00,2026,2,11,5,Đồng Tháp,Xã Tân Phú Trung,10.2545007,105.7361294,90,Moderate,1,24.6,83,0.2,13.4,98,1013.4,100,9.2,9.6,206.0,12.0,55.0,6.3
2026-02-11 06:00:00,2026,2,11,6,Đồng Tháp,Xã Tân Phú Trung,10.2545007,105.7361294,87,Moderate,1,24.2,84,0.1,13.0,104,1014.0,100,10.5,11.1,233.0,13.3,53.0,7.2
2026-02-11 07:00:00,2026,2,11,7,Đồng Tháp,Xã Tân Phú Trung,10.2545007,105.7361294,83,Moderate,1,23.8,90,0.1,9.7,80,1014.5,100,11.4,12.3,252.0,11.9,58.0,6.9
2026-02-11 08:00:00,2026,2,11,8,Đồng Tháp,Xã Tân Phú Trung,10.2545007,105.7361294,79,Moderate,1,24.6,89,0.0,12.4,74,1015.5,100,13.8,14.7,256.0,11.4,61.0,7.9
2026-02-11 09:00:00,2026,2,11,9,Đồng Tháp,Xã Tân Phú Trung,10.2545007,105.7361294,76,Moderate,1,25.9,83,0.0,7.8,71,1016.0,100,12.8,14.2,252.0,10.6,66.0,9.4
2026-02-11 10:00:00,2026,2,11,10,Đồng Tháp,Xã Tân Phú Trung,10.2545007,105.7361294,73,Moderate,1,28.0,73,0.0,13.8,77,1016.2,100,14.5,16.9,250.0,9.3,76.0,10.2
2026-02-11 11:00:00,2026,2,11,11,Đồng Tháp,Xã Tân Phú Trung,10.2545007,105.7361294,71,Moderate,1,29.1,69,0.0,14.8,68,1015.2,98,15.5,18.0,249.0,7.1,98.0,9.9
2026-02-11 12:00:00,2026,2,11,12,Đồng Tháp,Xã Tân Phú Trung,10.2545007,105.7361294,70,Moderate,1,29.6,68,0.0,12.9,50,1013.9,100,14.6,15.9,249.0,4.5,125.0,9.0
2026-02-11 13:00:00,2026,2,11,13,Đồng Tháp,Xã Tân Phú Trung,10.2545007,105.7361294,68,Moderate,1,28.9,72,0.0,11.8,52,1013.5,97,15.5,16.2,255.0,2.8,143.0,8.3
2026-02-11 14:00:00,2026,2,11,14,Đồng Tháp,Xã Tân Phú Trung,10.2545007,105.7361294,67,Moderate,1,28.7,74,0.3,9.3,75,1012.4,100,17.8,18.3,265.0,2.5,147.0,7.8
2026-02-11 15:00:00,2026,2,11,15,Đồng Tháp,Xã Tân Phú Trung,10.2545007,105.7361294,66,Moderate,1,25.5,86,4.5,13.1,88,1012.2,100,18.0,18.5,282.0,3.1,142.0,7.4
2026-02-11 16:00:00,2026,2,11,16,Đồng Tháp,Xã Tân Phú Trung,10.2545007,105.7361294,65,Moderate,1,26.1,84,0.4,7.3,81,1011.7,80,17.9,18.2,319.0,5.0,132.0,7.6
2026-02-11 17:00:00,2026,2,11,17,Đồng Tháp,Xã Tân Phú Trung,10.2545007,105.7361294,64,Moderate,1,26.3,85,0.0,7.1,96,1011.8,85,19.0,19.3,407.0,9.2,115.0,9.0
2026-02-11 18:00:00,2026,2,11,18,Đồng Tháp,Xã Tân Phú Trung,10.2545007,105.7361294,75,Moderate,1,25.9,84,0.1,9.2,59,1012.5,63,22.1,22.7,515.0,14.6,94.0,11.1
2026-02-11 19:00:00,2026,2,11,19,Đồng Tháp,Xã Tân Phú Trung,10.2545007,105.7361294,78,Moderate,1,25.2,89,0.0,6.7,104,1012.6,32,23.2,25.1,560.0,16.8,76.0,11.8
2026-02-11 20:00:00,2026,2,11,20,Đồng Tháp,Xã Tân Phú Trung,10.2545007,105.7361294,74,Moderate,1,25.3,89,0.0,7.8,94,1013.1,19,22.7,24.4,485.0,16.8,71.0,11.8
2026-02-11 21:00:00,2026,2,11,21,Đồng Tháp,Xã Tân Phú Trung,10.2545007,105.7361294,62,Moderate,1,25.1,89,0.0,8.9,103,1013.3,13,22.0,23.7,347.0,16.8,63.0,11.8
2026-02-11 22:00:00,2026,2,11,22,Đồng Tháp,Xã Tân Phú Trung,10.2545007,105.7361294,57,Moderate,1,25.0,88,0.0,10.7,121,1013.4,49,20.9,22.5,241.0,16.7,57.0,11.5
2026-02-11 23:00:00,2026,2,11,23,Đồng Tháp,Xã Tân Phú Trung,10.2545007,105.7361294,56,Moderate,1,24.6,89,0.0,10.3,130,1013.0,99,20.4,21.8,208.0,16.5,54.0,10.5
2026-02-12 00:00:00,2026,2,12,0,Đồng Tháp,Xã Tân Phú Trung,10.2545007,105.7361294,57,Moderate,1,24.2,90,0.0,9.1,129,1012.9,100,19.4,20.9,206.0,16.3,53.0,9.2
2026-02-12 01:00:00,2026,2,12,1,Đồng Tháp,Xã Tân Phú Trung,10.2545007,105.7361294,58,Moderate,1,24.0,93,0.0,7.6,126,1012.3,100,19.0,20.5,206.0,16.2,51.0,8.2
2026-02-12 02:00:00,2026,2,12,2,Đồng Tháp,Xã Tân Phú Trung,10.2545007,105.7361294,59,Moderate,1,23.9,94,0.0,6.4,137,1012.0,61,19.2,20.7,193.0,16.2,49.0,7.6
2026-02-12 03:00:00,2026,2,12,3,Đồng Tháp,Xã Tân Phú Trung,10.2545007,105.7361294,60,Moderate,1,23.6,94,0.0,6.1,152,1011.8,74,19.8,21.4,183.0,16.3,47.0,7.3
2026-02-12 04:00:00,2026,2,12,4,Đồng Tháp,Xã Tân Phú Trung,10.2545007,105.7361294,61,Moderate,1,23.5,94,0.0,6.9,143,1011.7,66,20.7,22.2,190.0,16.6,45.0,7.4
2026-02-12 05:00:00,2026,2,12,5,Đồng Tháp,Xã Tân Phú Trung,10.2545007,105.7361294,62,Moderate,1,23.2,95,0.0,5.2,134,1012.0,55,21.3,22.9,233.0,17.8,40.0,8.2
2026-02-12 06:00:00,2026,2,12,6,Đồng Tháp,Xã Tân Phú Trung,10.2545007,105.7361294,63,Moderate,1,22.9,95,0.0,4.8,119,1012.1,82,21.9,23.5,293.0,19.2,35.0,9.5
2026-02-12 07:00:00,2026,2,12,7,Đồng Tháp,Xã Tân Phú Trung,10.2545007,105.7361294,64,Moderate,1,24.0,91,0.0,5.5,128,1013.3,100,32.5,34.7,330.0,23.2,36.0,13.4
2026-02-12 08:00:00,2026,2,12,8,Đồng Tháp,Xã Tân Phú Trung,10.2545007,105.7361294,66,Moderate,1,25.4,86,0.0,8.2,119,1014.1,100,22.3,24.6,319.0,18.6,52.0,12.5
2026-02-12 09:00:00,2026,2,12,9,Đồng Tháp,Xã Tân Phú Trung,10.2545007,105.7361294,66,Moderate,1,27.0,79,0.0,11.9,100,1015.0,69,16.9,19.9,283.0,12.1,74.0,11.2
2026-02-12 10:00:00,2026,2,12,10,Đồng Tháp,Xã Tân Phú Trung,10.2545007,105.7361294,67,Moderate,1,28.4,73,0.0,10.3,79,1014.7,41,18.5,21.9,255.0,7.0,95.0,10.1
2026-02-12 11:00:00,2026,2,12,11,Đồng Tháp,Xã Tân Phú Trung,10.2545007,105.7361294,67,Moderate,1,29.3,71,0.0,7.5,53,1014.1,20,19.1,20.9,246.0,4.5,115.0,9.3
2026-02-12 12:00:00,2026,2,12,12,Đồng Tháp,Xã Tân Phú Trung,10.2545007,105.7361294,67,Moderate,1,30.0,68,0.0,6.1,43,1012.8,92,19.0,19.8,243.0,3.3,134.0,8.5
2026-02-12 13:00:00,2026,2,12,13,Đồng Tháp,Xã Tân Phú Trung,10.2545007,105.7361294,68,Moderate,1,30.2,63,0.0,8.2,76,1012.1,100,19.4,20.1,243.0,2.7,147.0,7.9
2026-02-12 14:00:00,2026,2,12,14,Đồng Tháp,Xã Tân Phú Trung,10.2545007,105.7361294,68,Moderate,1,29.7,63,0.0,8.3,95,1010.8,100,23.0,23.8,226.0,2.2,154.0,7.1
2026-02-12 15:00:00,2026,2,12,15,Đồng Tháp,Xã Tân Phú Trung,10.2545007,105.7361294,69,Moderate,1,30.1,63,0.1,7.4,112,1010.2,100,23.4,24.1,210.0,2.3,155.0,6.5
2026-02-12 16:00:00,2026,2,12,16,Đồng Tháp,Xã Tân Phú Trung,10.2545007,105.7361294,69,Moderate,1,30.2,63,0.0,6.0,100,1009.7,28,24.4,25.1,249.0,3.7,150.0,6.5
2026-02-12 17:00:00,2026,2,12,17,Đồng Tháp,Xã Tân Phú Trung,10.2545007,105.7361294,84,Moderate,1,29.3,66,0.1,4.8,117,1010.0,100,25.4,26.0,414.0,7.5,135.0,7.9
2026-02-12 18:00:00,2026,2,12,18,Đồng Tháp,Xã Tân Phú Trung,10.2545007,105.7361294,97,Moderate,1,28.1,77,0.0,2.8,125,1010.7,100,30.3,30.7,634.0,12.5,113.0,10.0
2026-02-12 19:00:00,2026,2,12,19,Đồng Tháp,Xã Tân Phú Trung,10.2545007,105.7361294,101,Unhealthy for Sensitive Groups,2,27.1,80,0.0,4.3,48,1010.9,98,41.9,43.2,744.0,17.5,92.0,12.8
2026-02-12 20:00:00,2026,2,12,20,Đồng Tháp,Xã Tân Phú Trung,10.2545007,105.7361294,96,Moderate,1,26.7,80,0.0,8.2,112,1011.8,100,38.9,39.7,636.0,17.3,82.0,12.6
2026-02-12 21:00:00,2026,2,12,21,Đồng Tháp,Xã Tân Phú Trung,10.2545007,105.7361294,85,Moderate,1,25.9,82,0.0,10.6,133,1012.6,100,33.4,34.6,419.0,16.9,69.0,12.4
2026-02-12 22:00:00,2026,2,12,22,Đồng Tháp,Xã Tân Phú Trung,10.2545007,105.7361294,75,Moderate,1,25.2,81,0.0,11.4,139,1012.9,97,27.9,29.6,254.0,16.3,59.0,11.7
2026-02-12 23:00:00,2026,2,12,23,Đồng Tháp,Xã Tân Phú Trung,10.2545007,105.7361294,76,Moderate,1,24.9,79,0.0,12.6,137,1012.7,100,23.6,25.8,211.0,15.2,56.0,10.3
2026-02-13 00:00:00,2026,2,13,0,Đồng Tháp,Xã Tân Phú Trung,10.2545007,105.7361294,76,Moderate,1,24.7,77,0.0,13.7,128,1012.3,100,20.5,22.8,221.0,13.9,57.0,8.5
2026-02-13 01:00:00,2026,2,13,1,Đồng Tháp,Xã Tân Phú Trung,10.2545007,105.7361294,76,Moderate,1,24.0,85,0.0,12.5,115,1011.8,98,19.2,21.4,232.0,13.2,58.0,7.3
2026-02-13 02:00:00,2026,2,13,2,Đồng Tháp,Xã Tân Phú Trung,10.2545007,105.7361294,76,Moderate,1,23.7,86,0.0,9.9,134,1010.9,100,19.2,21.4,223.0,13.3,57.0,6.9
2026-02-13 03:00:00,2026,2,13,3,Đồng Tháp,Xã Tân Phú Trung,10.2545007,105.7361294,76,Moderate,1,23.8,86,0.0,5.8,126,1010.7,100,20.1,22.4,216.0,14.1,57.0,7.1
2026-02-13 04:00:00,2026,2,13,4,Đồng Tháp,Xã Tân Phú Trung,10.2545007,105.7361294,76,Moderate,1,23.5,90,0.0,2.6,129,1010.4,100,22.4,24.8,225.0,15.5,55.0,7.9
2026-02-13 05:00:00,2026,2,13,5,Đồng Tháp,Xã Tân Phú Trung,10.2545007,105.7361294,76,Moderate,1,23.3,90,0.0,1.7,167,1010.4,92,26.5,29.0,267.0,18.5,50.0,9.6
2026-02-13 06:00:00,2026,2,13,6,Đồng Tháp,Xã Tân Phú Trung,10.2545007,105.7361294,77,Moderate,1,23.4,90,0.0,0.6,108,1010.3,95,31.5,34.1,324.0,22.2,45.0,11.8
2026-02-13 07:00:00,2026,2,13,7,Đồng Tháp,Xã Tân Phú Trung,10.2545007,105.7361294,78,Moderate,1,24.0,85,0.0,5.6,121,1011.1,85,24.5,26.7,357.0,16.5,45.0,9.7
2026-02-13 08:00:00,2026,2,13,8,Đồng Tháp,Xã Tân Phú Trung,10.2545007,105.7361294,77,Moderate,1,25.5,81,0.0,6.8,107,1011.6,98,20.6,23.2,343.0,14.5,56.0,10.5
2026-02-13 09:00:00,2026,2,13,9,Đồng Tháp,Xã Tân Phú Trung,10.2545007,105.7361294,77,Moderate,1,27.0,78,0.0,9.8,107,1012.4,100,19.6,22.9,305.0,11.6,73.0,11.5
2026-02-13 10:00:00,2026,2,13,10,Đồng Tháp,Xã Tân Phú Trung,10.2545007,105.7361294,77,Moderate,1,28.5,72,0.0,10.1,96,1012.1,100,20.6,24.4,274.0,9.0,90.0,11.9
2026-02-13 11:00:00,2026,2,13,11,Đồng Tháp,Xã Tân Phú Trung,10.2545007,105.7361294,77,Moderate,1,29.6,68,0.0,9.7,88,1011.4,96,20.4,22.6,263.0,6.7,110.0,11.1
2026-02-13 12:00:00,2026,2,13,12,Đồng Tháp,Xã Tân Phú Trung,10.2545007,105.7361294,77,Moderate,1,30.6,62,0.0,8.3,84,1010.4,88,22.4,23.5,260.0,4.5,131.0,9.8
2026-02-13 13:00:00,2026,2,13,13,Đồng Tháp,Xã Tân Phú Trung,10.2545007,105.7361294,78,Moderate,1,31.3,57,0.1,8.3,89,1009.7,38,23.5,24.4,258.0,3.3,144.0,8.7
2026-02-13 14:00:00,2026,2,13,14,Đồng Tháp,Xã Tân Phú Trung,10.2545007,105.7361294,78,Moderate,1,31.6,55,0.0,7.5,98,1008.5,100,22.7,23.6,253.0,3.3,145.0,8.3
2026-02-13 15:00:00,2026,2,13,15,Đồng Tháp,Xã Tân Phú Trung,10.2545007,105.7361294,78,Moderate,1,31.7,54,0.0,8.4,109,1008.2,98,21.1,21.9,250.0,4.2,138.0,8.1
2026-02-13 16:00:00,2026,2,13,16,Đồng Tháp,Xã Tân Phú Trung,10.2545007,105.7361294,78,Moderate,1,31.4,54,0.0,9.2,102,1008.3,100,20.1,20.9,250.0,5.8,127.0,8.3
2026-02-13 17:00:00,2026,2,13,17,Đồng Tháp,Xã Tân Phú Trung,10.2545007,105.7361294,77,Moderate,1,30.9,56,0.0,8.8,102,1008.8,100,21.3,22.3,259.0,8.9,111.0,9.0
2026-02-13 18:00:00,2026,2,13,18,Đồng Tháp,Xã Tân Phú Trung,10.2545007,105.7361294,78,Moderate,1,29.0,61,0.0,14.3,136,1010.0,100,21.2,22.4,272.0,12.7,92.0,9.9
2026-02-13 19:00:00,2026,2,13,19,Đồng Tháp,Xã Tân Phú Trung,10.2545007,105.7361294,79,Moderate,1,26.8,68,0.0,13.9,141,1010.7,100,28.1,29.8,278.0,15.2,87.0,11.0
2026-02-13 20:00:00,2026,2,13,20,Đồng Tháp,Xã Tân Phú Trung,10.2545007,105.7361294,75,Moderate,1,26.3,70,0.0,12.5,131,1011.7,100,26.4,28.7,272.0,15.0,80.0,10.7
2026-02-13 21:00:00,2026,2,13,21,Đồng Tháp,Xã Tân Phú Trung,10.2545007,105.7361294,74,Moderate,1,25.9,72,0.0,11.1,129,1012.3,100,23.0,25.1,260.0,14.8,70.0,10.3
2026-02-13 22:00:00,2026,2,13,22,Đồng Tháp,Xã Tân Phú Trung,10.2545007,105.7361294,73,Moderate,1,25.4,75,0.0,10.5,129,1012.5,100,20.4,22.7,247.0,14.3,64.0,9.7
2026-02-13 23:00:00,2026,2,13,23,Đồng Tháp,Xã Tân Phú Trung,10.2545007,105.7361294,72,Moderate,1,25.0,77,0.0,9.6,140,1012.1,100,18.7,21.0,234.0,13.3,65.0,8.7
2026-02-14 00:00:00,2026,2,14,0,Đồng Tháp,Xã Tân Phú Trung,10.2545007,105.7361294,72,Moderate,1,24.6,77,0.0,8.3,136,1011.5,100,17.6,20.0,221.0,12.1,68.0,7.6
2026-02-14 01:00:00,2026,2,14,1,Đồng Tháp,Xã Tân Phú Trung,10.2545007,105.7361294,72,Moderate,1,24.5,80,0.0,7.0,154,1011.0,100,17.7,20.0,214.0,11.8,70.0,7.0
2026-02-14 02:00:00,2026,2,14,2,Đồng Tháp,Xã Tân Phú Trung,10.2545007,105.7361294,71,Moderate,1,24.2,81,0.0,5.4,165,1010.3,89,19.0,21.4,214.0,12.9,67.0,7.0
2026-02-14 03:00:00,2026,2,14,3,Đồng Tháp,Xã Tân Phú Trung,10.2545007,105.7361294,71,Moderate,1,23.8,85,0.0,3.5,192,1009.8,86,22.8,25.4,220.0,15.0,61.0,7.5
2026-02-14 04:00:00,2026,2,14,4,Đồng Tháp,Xã Tân Phú Trung,10.2545007,105.7361294,72,Moderate,1,23.5,86,0.0,4.1,218,1009.3,100,28.2,31.1,236.0,17.7,55.0,8.6
2026-02-14 05:00:00,2026,2,14,5,Đồng Tháp,Xã Tân Phú Trung,10.2545007,105.7361294,72,Moderate,1,23.4,88,0.0,3.9,227,1009.6,100,35.4,38.3,273.0,22.4,45.0,10.8
2026-02-14 06:00:00,2026,2,14,6,Đồng Tháp,Xã Tân Phú Trung,10.2545007,105.7361294,73,Moderate,1,23.2,90,0.0,3.7,227,1010.2,100,42.6,45.5,319.0,27.7,35.0,13.6
2026-02-14 07:00:00,2026,2,14,7,Đồng Tháp,Xã Tân Phú Trung,10.2545007,105.7361294,74,Moderate,1,24.1,86,0.0,3.6,213,1010.9,99,61.5,65.2,343.0,33.2,34.0,17.3
2026-02-14 08:00:00,2026,2,14,8,Đồng Tháp,Xã Tân Phú Trung,10.2545007,105.7361294,77,Moderate,1,25.6,78,0.0,4.8,143,1012.0,100,30.7,35.0,321.0,26.3,52.0,15.9
2026-02-14 09:00:00,2026,2,14,9,Đồng Tháp,Xã Tân Phú Trung,10.2545007,105.7361294,78,Moderate,1,27.2,73,0.0,9.4,102,1012.5,100,23.6,28.5,277.0,16.7,79.0,14.0
2026-02-14 10:00:00,2026,2,14,10,Đồng Tháp,Xã Tân Phú Trung,10.2545007,105.7361294,78,Moderate,1,29.0,67,0.0,10.4,90,1012.4,92,24.1,29.5,245.0,9.1,104.0,12.4
2026-02-14 11:00:00,2026,2,14,11,Đồng Tháp,Xã Tân Phú Trung,10.2545007,105.7361294,79,Moderate,1,30.4,61,0.0,10.9,84,1011.8,100,23.1,26.2,243.0,5.5,127.0,11.3
2026-02-14 12:00:00,2026,2,14,12,Đồng Tháp,Xã Tân Phú Trung,10.2545007,105.7361294,79,Moderate,1,30.8,60,0.1,11.1,83,1010.6,100,25.0,26.9,253.0,4.0,149.0,10.6
2026-02-14 13:00:00,2026,2,14,13,Đồng Tháp,Xã Tân Phú Trung,10.2545007,105.7361294,79,Moderate,1,31.8,58,0.2,11.4,84,1010.1,100,27.9,29.6,261.0,3.2,166.0,10.1
2026-02-14 14:00:00,2026,2,14,14,Đồng Tháp,Xã Tân Phú Trung,10.2545007,105.7361294,80,Moderate,1,27.9,76,2.5,11.9,61,1009.2,100,30.3,31.8,252.0,2.4,177.0,9.9
2026-02-14 15:00:00,2026,2,14,15,Đồng Tháp,Xã Tân Phú Trung,10.2545007,105.7361294,80,Moderate,1,28.0,76,0.8,6.2,12,1008.3,100,31.8,33.3,241.0,2.3,183.0,9.9
2026-02-14 16:00:00,2026,2,14,16,Đồng Tháp,Xã Tân Phú Trung,10.2545007,105.7361294,87,Moderate,1,29.1,73,0.1,7.7,21,1008.1,100,31.5,32.9,257.0,3.9,179.0,10.5
2026-02-14 17:00:00,2026,2,14,17,Đồng Tháp,Xã Tân Phú Trung,10.2545007,105.7361294,114,Unhealthy for Sensitive Groups,2,28.2,78,0.2,3.1,28,1008.6,100,30.9,31.9,335.0,8.6,158.0,12.1
2026-02-14 18:00:00,2026,2,14,18,Đồng Tháp,Xã Tân Phú Trung,10.2545007,105.7361294,131,Unhealthy for Sensitive Groups,2,27.2,85,0.0,1.2,141,1009.2,100,35.9,36.8,440.0,14.8,127.0,14.1
2026-02-14 19:00:00,2026,2,14,19,Đồng Tháp,Xã Tân Phú Trung,10.2545007,105.7361294,136,Unhealthy for Sensitive Groups,2,26.4,90,0.0,2.0,350,1009.5,100,56.8,58.8,498.0,20.4,115.0,16.8
2026-02-14 20:00:00,2026,2,14,20,Đồng Tháp,Xã Tân Phú Trung,10.2545007,105.7361294,133,Unhealthy for Sensitive Groups,2,26.2,91,0.0,1.2,129,1010.2,98,57.4,58.8,463.0,19.8,102.0,16.2
2026-02-14 21:00:00,2026,2,14,21,Đồng Tháp,Xã Tân Phú Trung,10.2545007,105.7361294,123,Unhealthy for Sensitive Groups,2,25.9,87,0.0,3.9,124,1010.9,100,47.4,49.1,380.0,18.9,85.0,15.2
2026-02-14 22:00:00,2026,2,14,22,Đồng Tháp,Xã Tân Phú Trung,10.2545007,105.7361294,106,Unhealthy for Sensitive Groups,2,25.5,78,0.0,5.1,129,1011.2,100,36.8,38.4,313.0,18.4,69.0,14.1
2026-02-14 23:00:00,2026,2,14,23,Đồng Tháp,Xã Tân Phú Trung,10.2545007,105.7361294,93,Moderate,1,25.2,77,0.0,6.6,143,1010.9,100,30.3,32.6,286.0,18.4,58.0,12.5
2026-02-15 00:00:00,2026,2,15,0,Đồng Tháp,Xã Tân Phú Trung,10.2545007,105.7361294,94,Moderate,1,24.6,80,0.0,8.1,162,1010.4,100,27.5,29.7,275.0,18.7,48.0,10.8
2026-02-15 01:00:00,2026,2,15,1,Đồng Tháp,Xã Tân Phú Trung,10.2545007,105.7361294,95,Moderate,1,24.3,86,0.0,7.7,164,1010.1,100,27.5,29.7,266.0,19.1,41.0,9.5
2026-02-15 02:00:00,2026,2,15,2,Đồng Tháp,Xã Tân Phú Trung,10.2545007,105.7361294,96,Moderate,1,23.9,89,0.0,4.9,186,1009.7,100,28.3,30.5,253.0,19.4,36.0,8.8
2026-02-15 03:00:00,2026,2,15,3,Đồng Tháp,Xã Tân Phú Trung,10.2545007,105.7361294,97,Moderate,1,23.5,90,0.0,4.2,187,1009.3,100,29.6,31.9,243.0,19.9,33.0,8.6
2026-02-15 04:00:00,2026,2,15,4,Đồng Tháp,Xã Tân Phú Trung,10.2545007,105.7361294,98,Moderate,1,23.5,90,0.0,4.5,187,1009.4,75,32.0,34.2,244.0,21.2,30.0,9.2
2026-02-15 05:00:00,2026,2,15,5,Đồng Tháp,Xã Tân Phú Trung,10.2545007,105.7361294,98,Moderate,1,23.4,90,0.0,4.5,164,1009.7,34,35.7,38.0,269.0,24.8,25.0,11.5
2026-02-15 06:00:00,2026,2,15,6,Đồng Tháp,Xã Tân Phú Trung,10.2545007,105.7361294,98,Moderate,1,23.4,90,0.0,2.4,144,1010.0,62,41.9,44.4,306.0,29.2,21.0,14.7
2026-02-15 07:00:00,2026,2,15,7,Đồng Tháp,Xã Tân Phú Trung,10.2545007,105.7361294,98,Moderate,1,24.0,86,0.0,5.5,122,1011.2,99,38.0,41.4,324.0,28.9,35.0,14.4
2026-02-15 08:00:00,2026,2,15,8,Đồng Tháp,Xã Tân Phú Trung,10.2545007,105.7361294,96,Moderate,1,25.2,83,0.0,6.3,88,1011.9,81,29.2,32.8,304.0,23.9,50.0,13.9
2026-02-15 09:00:00,2026,2,15,9,Đồng Tháp,Xã Tân Phú Trung,10.2545007,105.7361294,96,Moderate,1,27.7,72,0.0,12.0,81,1012.2,68,24.9,29.6,267.0,17.0,71.0,13.2
2026-02-15 10:00:00,2026,2,15,10,Đồng Tháp,Xã Tân Phú Trung,10.2545007,105.7361294,96,Moderate,1,29.1,69,0.0,10.5,63,1012.1,82,27.0,33.1,241.0,11.2,95.0,12.6
2026-02-15 11:00:00,2026,2,15,11,Đồng Tháp,Xã Tân Phú Trung,10.2545007,105.7361294,96,Moderate,1,30.0,67,0.0,10.0,60,1011.2,99,27.5,32.4,243.0,7.5,123.0,12.2
2026-02-15 12:00:00,2026,2,15,12,Đồng Tháp,Xã Tân Phú Trung,10.2545007,105.7361294,96,Moderate,1,30.4,65,0.0,10.4,79,1010.5,89,28.8,31.1,256.0,5.0,154.0,12.0
2026-02-15 13:00:00,2026,2,15,13,Đồng Tháp,Xã Tân Phú Trung,10.2545007,105.7361294,97,Moderate,1,30.3,65,0.0,7.3,70,1009.8,9,32.9,35.0,268.0,3.4,175.0,11.8
2026-02-15 14:00:00,2026,2,15,14,Đồng Tháp,Xã Tân Phú Trung,10.2545007,105.7361294,97,Moderate,1,31.4,62,0.0,5.9,76,1008.3,24,35.5,37.6,273.0,2.6,182.0,11.4
2026-02-15 15:00:00,2026,2,15,15,Đồng Tháp,Xã Tân Phú Trung,10.2545007,105.7361294,98,Moderate,1,31.6,59,0.0,9.5,88,1007.5,76,36.7,38.8,277.0,2.8,179.0,11.1
2026-02-15 16:00:00,2026,2,15,16,Đồng Tháp,Xã Tân Phú Trung,10.2545007,105.7361294,98,Moderate,1,31.1,56,0.0,12.5,102,1007.1,45,37.1,39.0,276.0,4.3,170.0,11.3
2026-02-15 17:00:00,2026,2,15,17,Đồng Tháp,Xã Tân Phú Trung,10.2545007,105.7361294,111,Unhealthy for Sensitive Groups,2,30.4,60,0.2,7.2,109,1007.5,16,39.7,41.3,269.0,8.4,155.0,12.9
2026-02-15 18:00:00,2026,2,15,18,Đồng Tháp,Xã Tân Phú Trung,10.2545007,105.7361294,129,Unhealthy for Sensitive Groups,2,29.0,66,0.0,7.3,73,1008.3,41,44.0,45.3,259.0,14.0,135.0,15.0
2026-02-15 19:00:00,2026,2,15,19,Đồng Tháp,Xã Tân Phú Trung,10.2545007,105.7361294,137,Unhealthy for Sensitive Groups,2,28.0,70,0.0,5.4,86,1008.7,29,47.4,48.9,248.0,18.1,112.0,16.1
2026-02-15 20:00:00,2026,2,15,20,Đồng Tháp,Xã Tân Phú Trung,10.2545007,105.7361294,135,Unhealthy for Sensitive Groups,2,27.5,66,0.0,11.4,105,1009.7,32,39.1,40.3,239.0,16.6,97.0,14.1
2026-02-15 21:00:00,2026,2,15,21,Đồng Tháp,Xã Tân Phú Trung,10.2545007,105.7361294,123,Unhealthy for Sensitive Groups,2,26.5,71,0.0,12.7,103,1010.2,97,26.8,28.1,230.0,14.4,76.0,11.3
2026-02-15 22:00:00,2026,2,15,22,Đồng Tháp,Xã Tân Phú Trung,10.2545007,105.7361294,102,Unhealthy for Sensitive Groups,2,25.9,73,0.0,12.7,108,1010.4,99,18.0,19.4,219.0,12.6,60.0,8.9
2026-02-15 23:00:00,2026,2,15,23,Đồng Tháp,Xã Tân Phú Trung,10.2545007,105.7361294,94,Moderate,1,25.5,73,0.0,12.5,111,1010.4,100,13.7,15.0,204.0,11.4,54.0,7.3
2026-02-16 00:00:00,2026,2,16,0,Đồng Tháp,Xã Tân Phú Trung,10.2545007,105.7361294,93,Moderate,1,25.2,72,0.0,12.2,116,1009.9,66,11.9,13.1,187.0,10.4,52.0,6.2
2026-02-16 01:00:00,2026,2,16,1,Đồng Tháp,Xã Tân Phú Trung,10.2545007,105.7361294,91,Moderate,1,25.1,76,0.0,11.7,121,1009.7,97,11.4,12.6,174.0,9.8,51.0,5.4
2026-02-16 02:00:00,2026,2,16,2,Đồng Tháp,Xã Tân Phú Trung,10.2545007,105.7361294,90,Moderate,1,25.2,74,0.0,14.5,118,1009.2,87,11.4,12.6,164.0,9.5,49.0,4.9
2026-02-16 03:00:00,2026,2,16,3,Đồng Tháp,Xã Tân Phú Trung,10.2545007,105.7361294,88,Moderate,1,25.1,74,0.0,15.1,117,1008.4,52,11.7,13.1,158.0,9.4,48.0,4.7
2026-02-16 04:00:00,2026,2,16,4,Đồng Tháp,Xã Tân Phú Trung,10.2545007,105.7361294,87,Moderate,1,25.1,72,0.0,15.6,109,1008.3,95,12.8,14.2,161.0,9.9,46.0,4.9
2026-02-16 05:00:00,2026,2,16,5,Đồng Tháp,Xã Tân Phú Trung,10.2545007,105.7361294,85,Moderate,1,25.0,71,0.0,14.8,106,1008.6,99,14.3,15.8,181.0,11.5,43.0,5.9
2026-02-16 06:00:00,2026,2,16,6,Đồng Tháp,Xã Tân Phú Trung,10.2545007,105.7361294,83,Moderate,1,24.8,71,0.0,13.8,105,1009.1,99,16.2,17.8,210.0,13.5,40.0,7.3
2026-02-16 07:00:00,2026,2,16,7,Đồng Tháp,Xã Tân Phú Trung,10.2545007,105.7361294,81,Moderate,1,25.2,75,0.0,13.3,99,1009.9,98,20.1,22.6,228.0,13.2,41.0,7.6
2026-02-16 08:00:00,2026,2,16,8,Đồng Tháp,Xã Tân Phú Trung,10.2545007,105.7361294,79,Moderate,1,26.9,71,0.0,12.8,100,1011.1,100,19.5,21.9,224.0,11.2,50.0,7.8
2026-02-16 09:00:00,2026,2,16,9,Đồng Tháp,Xã Tân Phú Trung,10.2545007,105.7361294,78,Moderate,1,28.4,64,0.0,17.1,94,1011.5,98,17.8,20.8,208.0,8.3,64.0,8.1
2026-02-16 10:00:00,2026,2,16,10,Đồng Tháp,Xã Tân Phú Trung,10.2545007,105.7361294,78,Moderate,1,30.0,56,0.0,18.4,94,1011.7,99,17.3,20.4,195.0,5.9,77.0,8.1
2026-02-16 11:00:00,2026,2,16,11,Đồng Tháp,Xã Tân Phú Trung,10.2545007,105.7361294,77,Moderate,1,31.1,52,0.0,18.3,95,1011.3,98,15.7,17.8,188.0,4.3,89.0,7.4
2026-02-16 12:00:00,2026,2,16,12,Đồng Tháp,Xã Tân Phú Trung,10.2545007,105.7361294,76,Moderate,1,31.9,49,0.0,16.4,93,1010.2,31,14.2,15.5,184.0,3.0,100.0,6.4
2026-02-16 13:00:00,2026,2,16,13,Đồng Tháp,Xã Tân Phú Trung,10.2545007,105.7361294,75,Moderate,1,32.4,47,0.0,16.8,93,1009.5,16,13.2,14.3,180.0,2.3,109.0,5.7
2026-02-16 14:00:00,2026,2,16,14,Đồng Tháp,Xã Tân Phú Trung,10.2545007,105.7361294,73,Moderate,1,32.3,47,0.0,16.6,90,1008.0,17,12.5,13.4,176.0,2.0,115.0,5.5
2026-02-16 15:00:00,2026,2,16,15,Đồng Tháp,Xã Tân Phú Trung,10.2545007,105.7361294,71,Moderate,1,32.0,47,0.1,17.1,94,1007.2,12,12.5,13.4,173.0,2.1,119.0,5.7
2026-02-16 16:00:00,2026,2,16,16,Đồng Tháp,Xã Tân Phú Trung,10.2545007,105.7361294,69,Moderate,1,31.7,50,0.0,16.5,101,1007.1,12,12.8,13.6,176.0,3.2,117.0,6.1
2026-02-16 17:00:00,2026,2,16,17,Đồng Tháp,Xã Tân Phú Trung,10.2545007,105.7361294,66,Moderate,1,30.7,55,0.0,15.2,103,1006.9,23,13.9,14.6,192.0,6.0,106.0,6.9
2026-02-16 18:00:00,2026,2,16,18,Đồng Tháp,Xã Tân Phú Trung,10.2545007,105.7361294,64,Moderate,1,28.9,61,0.0,15.5,110,1007.1,0,15.8,16.7,214.0,9.6,89.0,7.9
2026-02-16 19:00:00,2026,2,16,19,Đồng Tháp,Xã Tân Phú Trung,10.2545007,105.7361294,62,Moderate,1,28.4,65,0.0,15.0,114,1007.5,100,18.3,19.7,227.0,13.2,74.0,9.1
2026-02-16 20:00:00,2026,2,16,20,Đồng Tháp,Xã Tân Phú Trung,10.2545007,105.7361294,59,Moderate,1,27.4,70,0.0,15.9,117,1008.3,5,16.0,17.4,224.0,12.9,68.0,8.9
2026-02-16 21:00:00,2026,2,16,21,Đồng Tháp,Xã Tân Phú Trung,10.2545007,105.7361294,57,Moderate,1,26.6,73,0.0,15.1,108,1008.6,75,14.3,15.7,213.0,12.5,60.0,8.6
2026-02-16 22:00:00,2026,2,16,22,Đồng Tháp,Xã Tân Phú Trung,10.2545007,105.7361294,56,Moderate,1,26.1,73,0.0,13.9,111,1009.0,94,13.7,15.0,200.0,12.1,54.0,8.1
2026-02-16 23:00:00,2026,2,16,23,Đồng Tháp,Xã Tân Phú Trung,10.2545007,105.7361294,56,Moderate,1,25.8,73,0.0,14.7,115,1009.3,98,13.2,14.4,187.0,11.6,51.0,7.3
2026-02-17 00:00:00,2026,2,17,0,Đồng Tháp,Xã Tân Phú Trung,10.2545007,105.7361294,56,Moderate,1,25.5,74,0.0,15.8,116,1009.0,100,12.4,13.6,172.0,11.1,50.0,6.4
2026-02-17 01:00:00,2026,2,17,1,Đồng Tháp,Xã Tân Phú Trung,10.2545007,105.7361294,56,Moderate,1,25.5,77,0.0,14.0,116,1008.9,99,12.0,13.4,161.0,10.6,49.0,5.6
2026-02-17 02:00:00,2026,2,17,2,Đồng Tháp,Xã Tân Phú Trung,10.2545007,105.7361294,56,Moderate,1,25.4,77,0.0,12.6,116,1008.7,67,12.0,13.4,154.0,10.1,48.0,5.1
2026-02-17 03:00:00,2026,2,17,3,Đồng Tháp,Xã Tân Phú Trung,10.2545007,105.7361294,56,Moderate,1,25.1,78,0.0,12.6,115,1008.3,27,12.0,13.5,150.0,9.7,46.0,4.8
2026-02-17 04:00:00,2026,2,17,4,Đồng Tháp,Xã Tân Phú Trung,10.2545007,105.7361294,56,Moderate,1,25.0,77,0.0,13.7,112,1008.4,33,12.0,13.5,154.0,9.5,45.0,4.8
2026-02-17 05:00:00,2026,2,17,5,Đồng Tháp,Xã Tân Phú Trung,10.2545007,105.7361294,56,Moderate,1,24.8,76,0.0,13.9,109,1008.5,98,12.1,13.7,172.0,10.0,43.0,5.2
2026-02-17 06:00:00,2026,2,17,6,Đồng Tháp,Xã Tân Phú Trung,10.2545007,105.7361294,55,Moderate,1,24.7,76,0.0,13.7,107,1009.1,97,12.7,14.3,198.0,10.9,40.0,6.0
2026-02-17 07:00:00,2026,2,17,7,Đồng Tháp,Xã Tân Phú Trung,10.2545007,105.7361294,55,Moderate,1,25.3,75,0.0,15.2,107,1010.1,99,14.4,16.2,215.0,10.4,44.0,6.4
2026-02-17 08:00:00,2026,2,17,8,Đồng Tháp,Xã Tân Phú Trung,10.2545007,105.7361294,55,Moderate,1,26.9,71,0.0,15.7,101,1010.9,99,15.6,17.5,215.0,8.7,53.0,6.5
2026-02-17 09:00:00,2026,2,17,9,Đồng Tháp,Xã Tân Phú Trung,10.2545007,105.7361294,54,Moderate,1,28.5,64,0.0,19.2,96,1011.7,100,15.0,17.8,207.0,6.4,65.0,6.6
2026-02-17 10:00:00,2026,2,17,10,Đồng Tháp,Xã Tân Phú Trung,10.2545007,105.7361294,54,Moderate,1,29.9,59,0.0,20.0,98,1011.9,99,15.1,18.3,197.0,4.5,78.0,6.6
2026-02-17 11:00:00,2026,2,17,11,Đồng Tháp,Xã Tân Phú Trung,10.2545007,105.7361294,54,Moderate,1,31.0,53,0.0,19.6,93,1011.5,100,14.8,18.1,186.0,3.3,90.0,6.2
2026-02-17 12:00:00,2026,2,17,12,Đồng Tháp,Xã Tân Phú Trung,10.2545007,105.7361294,54,Moderate,1,32.0,46,0.0,20.0,93,1010.5,100,14.2,17.3,174.0,2.5,103.0,5.7
2026-02-17 13:00:00,2026,2,17,13,Đồng Tháp,Xã Tân Phú Trung,10.2545007,105.7361294,54,Moderate,1,32.2,45,0.0,21.0,96,1009.9,100,13.8,16.5,164.0,2.1,112.0,5.3
2026-02-17 14:00:00,2026,2,17,14,Đồng Tháp,Xã Tân Phú Trung,10.2545007,105.7361294,54,Moderate,1,32.0,43,0.0,21.6,98,1008.8,100,13.6,16.0,158.0,1.9,117.0,5.1
2026-02-17 15:00:00,2026,2,17,15,Đồng Tháp,Xã Tân Phú Trung,10.2545007,105.7361294,54,Moderate,1,31.7,43,0.0,21.5,100,1008.3,100,13.4,15.5,155.0,2.1,119.0,5.1
2026-02-17 16:00:00,2026,2,17,16,Đồng Tháp,Xã Tân Phú Trung,10.2545007,105.7361294,54,Moderate,1,31.0,47,0.0,20.6,104,1007.9,100,13.1,14.9,158.0,3.0,115.0,5.3
2026-02-17 17:00:00,2026,2,17,17,Đồng Tháp,Xã Tân Phú Trung,10.2545007,105.7361294,54,Moderate,1,29.6,52,0.0,16.8,109,1008.1,100,13.2,14.7,171.0,5.4,101.0,5.9
2026-02-17 18:00:00,2026,2,17,18,Đồng Tháp,Xã Tân Phú Trung,10.2545007,105.7361294,54,Moderate,1,28.0,57,0.0,16.9,118,1008.5,98,14.1,15.7,190.0,8.6,81.0,6.8
2026-02-17 19:00:00,2026,2,17,19,Đồng Tháp,Xã Tân Phú Trung,10.2545007,105.7361294,54,Moderate,1,27.2,62,0.0,16.2,111,1009.1,98,18.0,19.8,202.0,13.2,65.0,8.6
2026-02-17 20:00:00,2026,2,17,20,Đồng Tháp,Xã Tân Phú Trung,10.2545007,105.7361294,54,Moderate,1,26.6,66,0.0,16.6,113,1010.1,89,19.5,21.1,203.0,14.0,60.0,9.1
2026-02-17 21:00:00,2026,2,17,21,Đồng Tháp,Xã Tân Phú Trung,10.2545007,105.7361294,54,Moderate,1,26.1,66,0.0,16.1,110,1010.9,100,19.8,21.4,197.0,15.0,53.0,9.7
2026-02-17 22:00:00,2026,2,17,22,Đồng Tháp,Xã Tân Phú Trung,10.2545007,105.7361294,55,Moderate,1,25.9,65,0.0,13.8,112,1011.4,100,19.6,21.2,190.0,15.3,48.0,9.8
2026-02-17 23:00:00,2026,2,17,23,Đồng Tháp,Xã Tân Phú Trung,10.2545007,105.7361294,55,Moderate,1,25.5,64,0.0,11.7,108,1011.5,100,18.7,20.3,180.0,14.4,47.0,8.8
2026-02-18 00:00:00,2026,2,18,0,Đồng Tháp,Xã Tân Phú Trung,10.2545007,105.7361294,56,Moderate,1,25.2,64,0.0,11.7,111,1011.3,99,16.8,18.4,169.0,12.8,47.0,7.2
2026-02-18 01:00:00,2026,2,18,1,Đồng Tháp,Xã Tân Phú Trung,10.2545007,105.7361294,56,Moderate,1,25.4,68,0.0,14.4,110,1010.9,100,15.0,16.5,160.0,11.6,47.0,5.9
2026-02-18 02:00:00,2026,2,18,2,Đồng Tháp,Xã Tân Phú Trung,10.2545007,105.7361294,56,Moderate,1,25.4,68,0.0,15.3,107,1010.5,100,13.7,15.1,151.0,10.9,45.0,5.2
2026-02-18 03:00:00,2026,2,18,3,Đồng Tháp,Xã Tân Phú Trung,10.2545007,105.7361294,56,Moderate,1,25.1,68,0.0,15.0,100,1010.1,99,13.4,14.7,146.0,10.5,42.0,4.8
2026-02-18 04:00:00,2026,2,18,4,Đồng Tháp,Xã Tân Phú Trung,10.2545007,105.7361294,57,Moderate,1,24.9,68,0.0,13.7,87,1010.0,100,14.0,15.2,153.0,11.2,38.0,5.2
2026-02-18 05:00:00,2026,2,18,5,Đồng Tháp,Xã Tân Phú Trung,10.2545007,105.7361294,57,Moderate,1,24.2,72,0.0,10.5,70,1010.1,100,15.5,16.7,187.0,14.0,30.0,6.8
2026-02-18 06:00:00,2026,2,18,6,Đồng Tháp,Xã Tân Phú Trung,10.2545007,105.7361294,57,Moderate,1,23.4,76,0.0,8.2,67,1010.7,96,19.1,20.3,235.0,17.8,22.0,9.3
2026-02-18 07:00:00,2026,2,18,7,Đồng Tháp,Xã Tân Phú Trung,10.2545007,105.7361294,58,Moderate,1,24.1,78,0.0,10.5,65,1011.7,94,23.8,25.7,267.0,16.6,28.0,9.7
2026-02-18 08:00:00,2026,2,18,8,Đồng Tháp,Xã Tân Phú Trung,10.2545007,105.7361294,58,Moderate,1,26.0,72,0.0,9.5,71,1012.3,98,27.1,29.3,269.0,15.4,40.0,11.7
2026-02-18 09:00:00,2026,2,18,9,Đồng Tháp,Xã Tân Phú Trung,10.2545007,105.7361294,59,Moderate,1,27.8,64,0.0,12.7,75,1012.8,100,27.1,30.4,255.0,13.6,58.0,14.3
2026-02-18 10:00:00,2026,2,18,10,Đồng Tháp,Xã Tân Phú Trung,10.2545007,105.7361294,60,Moderate,1,29.5,59,0.0,12.8,81,1013.0,100,27.7,30.9,237.0,11.4,78.0,15.6
2026-02-18 11:00:00,2026,2,18,11,Đồng Tháp,Xã Tân Phú Trung,10.2545007,105.7361294,62,Moderate,1,31.1,52,0.0,15.7,77,1012.3,100,27.0,28.9,215.0,8.5,102.0,14.2
2026-02-18 12:00:00,2026,2,18,12,Đồng Tháp,Xã Tân Phú Trung,10.2545007,105.7361294,63,Moderate,1,32.2,47,0.0,17.7,77,1011.0,100,26.9,28.6,189.0,5.2,129.0,11.3
2026-02-18 13:00:00,2026,2,18,13,Đồng Tháp,Xã Tân Phú Trung,10.2545007,105.7361294,64,Moderate,1,32.7,45,0.0,19.1,88,1010.8,100,25.4,27.1,172.0,2.9,147.0,9.1
2026-02-18 14:00:00,2026,2,18,14,Đồng Tháp,Xã Tân Phú Trung,10.2545007,105.7361294,65,Moderate,1,32.8,44,0.0,18.8,95,1009.8,100,23.7,25.3,172.0,2.0,153.0,8.2
2026-02-18 15:00:00,2026,2,18,15,Đồng Tháp,Xã Tân Phú Trung,10.2545007,105.7361294,66,Moderate,1,32.5,46,0.0,18.4,98,1009.2,100,22.6,24.2,181.0,2.1,151.0,7.8
2026-02-18 16:00:00,2026,2,18,16,Đồng Tháp,Xã Tân Phú Trung,10.2545007,105.7361294,67,Moderate,1,32.0,46,0.0,18.5,103,1008.8,98,22.1,23.6,193.0,3.5,142.0,7.9
2026-02-18 17:00:00,2026,2,18,17,Đồng Tháp,Xã Tân Phú Trung,10.2545007,105.7361294,71,Moderate,1,30.2,53,0.0,16.9,106,1008.8,84,22.9,24.0,209.0,7.1,124.0,8.6
2026-02-18 18:00:00,2026,2,18,18,Đồng Tháp,Xã Tân Phú Trung,10.2545007,105.7361294,85,Moderate,1,28.6,59,0.0,15.6,109,1009.2,39,25.6,26.5,228.0,11.9,100.0,9.7
2026-02-18 19:00:00,2026,2,18,19,Đồng Tháp,Xã Tân Phú Trung,10.2545007,105.7361294,89,Moderate,1,28.0,64,0.0,16.3,110,1009.8,100,22.9,23.6,240.0,16.6,81.0,11.2
2026-02-18 20:00:00,2026,2,18,20,Đồng Tháp,Xã Tân Phú Trung,10.2545007,105.7361294,85,Moderate,1,27.1,68,0.0,16.1,106,1010.6,97,20.0,21.6,237.0,15.3,75.0,10.3
2026-02-18 21:00:00,2026,2,18,21,Đồng Tháp,Xã Tân Phú Trung,10.2545007,105.7361294,74,Moderate,1,26.6,70,0.0,18.2,110,1011.1,99,18.2,19.9,227.0,13.5,67.0,9.0
2026-02-18 22:00:00,2026,2,18,22,Đồng Tháp,Xã Tân Phú Trung,10.2545007,105.7361294,70,Moderate,1,26.4,71,0.0,20.2,116,1011.5,100,18.3,20.0,219.0,12.3,60.0,7.9
2026-02-18 23:00:00,2026,2,18,23,Đồng Tháp,Xã Tân Phú Trung,10.2545007,105.7361294,69,Moderate,1,26.1,72,0.0,18.7,116,1011.8,100,18.5,20.1,218.0,11.8,57.0,7.1
2026-02-19 00:00:00,2026,2,19,0,Đồng Tháp,Xã Tân Phú Trung,10.2545007,105.7361294,69,Moderate,1,26.0,71,0.0,16.7,109,1011.7,15,17.9,19.4,221.0,11.8,55.0,6.5
2026-02-19 01:00:00,2026,2,19,1,Đồng Tháp,Xã Tân Phú Trung,10.2545007,105.7361294,70,Moderate,1,25.5,76,0.0,13.5,85,1011.5,85,17.6,18.9,225.0,12.7,52.0,6.5
2026-02-19 02:00:00,2026,2,19,2,Đồng Tháp,Xã Tân Phú Trung,10.2545007,105.7361294,70,Moderate,1,25.0,79,0.0,11.9,84,1011.2,85,18.3,19.3,227.0,14.8,47.0,7.1
2026-02-19 03:00:00,2026,2,19,3,Đồng Tháp,Xã Tân Phú Trung,10.2545007,105.7361294,70,Moderate,1,24.6,81,0.0,9.4,82,1011.0,0,20.6,21.5,232.0,17.8,40.0,8.3
2026-02-19 04:00:00,2026,2,19,4,Đồng Tháp,Xã Tân Phú Trung,10.2545007,105.7361294,71,Moderate,1,24.4,82,0.0,8.3,79,1010.9,91,24.0,25.0,247.0,20.6,34.0,9.8
2026-02-19 05:00:00,2026,2,19,5,Đồng Tháp,Xã Tân Phú Trung,10.2545007,105.7361294,72,Moderate,1,24.1,82,0.0,8.1,84,1011.5,99,28.6,29.9,288.0,23.8,26.0,11.9
2026-02-19 06:00:00,2026,2,19,6,Đồng Tháp,Xã Tân Phú Trung,10.2545007,105.7361294,73,Moderate,1,23.7,83,0.0,6.0,63,1012.1,100,33.8,35.3,341.0,26.9,18.0,14.4
2026-02-19 07:00:00,2026,2,19,7,Đồng Tháp,Xã Tân Phú Trung,10.2545007,105.7361294,74,Moderate,1,24.4,83,0.0,7.2,62,1013.3,100,30.9,32.2,368.0,22.6,29.0,12.6
2026-02-19 08:00:00,2026,2,19,8,Đồng Tháp,Xã Tân Phú Trung,10.2545007,105.7361294,75,Moderate,1,26.3,75,0.0,6.4,68,1013.9,99,27.9,29.8,347.0,19.2,46.0,13.2
2026-02-19 09:00:00,2026,2,19,9,Đồng Tháp,Xã Tân Phú Trung,10.2545007,105.7361294,75,Moderate,1,28.0,66,0.0,8.8,75,1014.4,100,23.6,26.1,300.0,14.4,69.0,13.8
2026-02-19 10:00:00,2026,2,19,10,Đồng Tháp,Xã Tân Phú Trung,10.2545007,105.7361294,75,Moderate,1,29.3,62,0.0,8.6,78,1014.2,100,22.1,24.4,263.0,10.2,92.0,13.9
2026-02-19 11:00:00,2026,2,19,11,Đồng Tháp,Xã Tân Phú Trung,10.2545007,105.7361294,74,Moderate,1,30.5,57,0.0,8.8,88,1013.9,93,20.5,21.8,250.0,7.1,114.0,12.7
2026-02-19 12:00:00,2026,2,19,12,Đồng Tháp,Xã Tân Phú Trung,10.2545007,105.7361294,73,Moderate,1,31.5,53,0.0,10.1,96,1013.0,66,20.4,21.5,246.0,4.6,135.0,10.8
2026-02-19 13:00:00,2026,2,19,13,Đồng Tháp,Xã Tân Phú Trung,10.2545007,105.7361294,73,Moderate,1,31.8,53,0.0,10.8,105,1012.6,53,20.0,21.0,243.0,3.0,150.0,9.4
2026-02-19 14:00:00,2026,2,19,14,Đồng Tháp,Xã Tân Phú Trung,10.2545007,105.7361294,72,Moderate,1,32.2,49,0.0,10.1,109,1011.4,88,19.3,20.2,235.0,2.1,158.0,8.7
2026-02-19 15:00:00,2026,2,19,15,Đồng Tháp,Xã Tân Phú Trung,10.2545007,105.7361294,72,Moderate,1,32.3,47,0.0,9.9,106,1010.8,93,18.9,19.7,229.0,2.2,159.0,8.5
2026-02-19 16:00:00,2026,2,19,16,Đồng Tháp,Xã Tân Phú Trung,10.2545007,105.7361294,72,Moderate,1,31.8,48,0.0,9.4,101,1010.2,55,19.0,19.7,232.0,3.6,153.0,8.6
2026-02-19 17:00:00,2026,2,19,17,Đồng Tháp,Xã Tân Phú Trung,10.2545007,105.7361294,86,Moderate,1,31.0,52,0.0,8.3,104,1010.4,5,21.1,21.8,255.0,7.7,135.0,9.5
2026-02-19 18:00:00,2026,2,19,18,Đồng Tháp,Xã Tân Phú Trung,10.2545007,105.7361294,100,Moderate,1,29.1,60,0.0,8.6,126,1010.7,4,25.7,26.1,288.0,13.3,109.0,10.8
2026-02-19 19:00:00,2026,2,19,19,Đồng Tháp,Xã Tân Phú Trung,10.2545007,105.7361294,103,Unhealthy for Sensitive Groups,2,28.2,65,0.0,13.0,116,1011.2,71,28.1,29.2,308.0,18.5,87.0,12.0
2026-02-19 20:00:00,2026,2,19,20,Đồng Tháp,Xã Tân Phú Trung,10.2545007,105.7361294,98,Moderate,1,27.2,68,0.0,12.2,99,1012.5,99,24.4,26.1,302.0,17.3,80.0,11.2
2026-02-19 21:00:00,2026,2,19,21,Đồng Tháp,Xã Tân Phú Trung,10.2545007,105.7361294,86,Moderate,1,26.6,69,0.0,11.1,110,1013.1,98,21.2,23.0,283.0,15.6,71.0,10.0
2026-02-19 22:00:00,2026,2,19,22,Đồng Tháp,Xã Tân Phú Trung,10.2545007,105.7361294,72,Moderate,1,26.1,70,0.0,11.8,110,1013.5,99,19.8,21.7,264.0,14.4,64.0,9.0
2026-02-19 23:00:00,2026,2,19,23,Đồng Tháp,Xã Tân Phú Trung,10.2545007,105.7361294,73,Moderate,1,26.0,70,0.0,12.5,120,1013.2,100,19.1,20.8,248.0,13.9,61.0,8.1
2026-02-20 00:00:00,2026,2,20,0,Đồng Tháp,Xã Tân Phú Trung,10.2545007,105.7361294,73,Moderate,1,25.8,70,0.0,11.9,115,1013.2,100,18.6,20.4,233.0,13.9,60.0,7.2
2026-02-20 01:00:00,2026,2,20,1,Đồng Tháp,Xã Tân Phú Trung,10.2545007,105.7361294,73,Moderate,1,25.6,74,0.0,11.6,105,1012.7,100,19.7,21.5,224.0,15.0,57.0,7.1
2026-02-20 02:00:00,2026,2,20,2,Đồng Tháp,Xã Tân Phú Trung,10.2545007,105.7361294,73,Moderate,1,25.2,75,0.0,10.1,100,1012.4,91,22.9,24.7,222.0,17.6,51.0,7.9
2026-02-20 03:00:00,2026,2,20,3,Đồng Tháp,Xã Tân Phú Trung,10.2545007,105.7361294,73,Moderate,1,24.7,77,0.0,8.1,93,1012.1,55,27.0,28.8,228.0,21.3,43.0,9.3
2026-02-20 04:00:00,2026,2,20,4,Đồng Tháp,Xã Tân Phú Trung,10.2545007,105.7361294,74,Moderate,1,24.0,82,0.0,6.5,90,1011.9,92,32.2,34.3,245.0,24.9,36.0,11.2
2026-02-20 05:00:00,2026,2,20,5,Đồng Tháp,Xã Tân Phú Trung,10.2545007,105.7361294,75,Moderate,1,23.7,85,0.0,6.4,61,1012.3,88,39.2,41.6,288.0,29.3,27.0,14.3
2026-02-20 06:00:00,2026,2,20,6,Đồng Tháp,Xã Tân Phú Trung,10.2545007,105.7361294,75,Moderate,1,23.3,89,0.0,4.6,36,1013.0,99,46.9,49.6,343.0,33.6,20.0,18.0
2026-02-20 07:00:00,2026,2,20,7,Đồng Tháp,Xã Tân Phú Trung,10.2545007,105.7361294,77,Moderate,1,23.9,88,0.0,5.8,20,1013.8,84,57.9,61.2,376.0,33.7,24.0,18.6
2026-02-20 08:00:00,2026,2,20,8,Đồng Tháp,Xã Tân Phú Trung,10.2545007,105.7361294,79,Moderate,1,25.8,80,0.0,4.6,13,1014.6,100,50.4,53.6,368.0,25.9,53.0,16.5
2026-02-20 09:00:00,2026,2,20,9,Đồng Tháp,Xã Tân Phú Trung,10.2545007,105.7361294,81,Moderate,1,27.5,71,0.0,7.1,10,1015.2,100,36.9,38.5,338.0,15.2,94.0,13.6
2026-02-20 10:00:00,2026,2,20,10,Đồng Tháp,Xã Tân Phú Trung,10.2545007,105.7361294,82,Moderate,1,28.8,63,0.0,6.6,22,1015.1,3,31.3,32.6,310.0,7.0,127.0,11.2
2026-02-20 11:00:00,2026,2,20,11,Đồng Tháp,Xã Tân Phú Trung,10.2545007,105.7361294,83,Moderate,1,30.0,59,0.0,6.0,25,1014.3,0,29.4,30.7,290.0,3.8,146.0,9.6
2026-02-20 12:00:00,2026,2,20,12,Đồng Tháp,Xã Tân Phú Trung,10.2545007,105.7361294,84,Moderate,1,31.0,56,0.0,4.5,40,1013.4,23,28.2,29.7,273.0,3.0,158.0,8.5
2026-02-20 13:00:00,2026,2,20,13,Đồng Tháp,Xã Tân Phú Trung,10.2545007,105.7361294,85,Moderate,1,31.1,53,0.0,4.0,85,1012.5,23,27.2,28.9,261.0,2.8,165.0,7.8
2026-02-20 14:00:00,2026,2,20,14,Đồng Tháp,Xã Tân Phú Trung,10.2545007,105.7361294,85,Moderate,1,31.5,53,0.0,4.1,113,1011.5,11,26.6,28.3,240.0,2.1,169.0,7.3
2026-02-20 15:00:00,2026,2,20,15,Đồng Tháp,Xã Tân Phú Trung,10.2545007,105.7361294,86,Moderate,1,31.5,51,0.0,4.3,123,1010.4,14,26.5,28.2,224.0,1.9,169.0,7.3
2026-02-20 16:00:00,2026,2,20,16,Đồng Tháp,Xã Tân Phú Trung,10.2545007,105.7361294,96,Moderate,1,31.4,51,0.0,2.6,106,1009.6,5,27.1,28.8,264.0,3.5,162.0,7.9
2026-02-20 17:00:00,2026,2,20,17,Đồng Tháp,Xã Tân Phú Trung,10.2545007,105.7361294,120,Unhealthy for Sensitive Groups,2,31.1,51,0.0,0.9,11,1009.4,3,30.0,31.4,431.0,8.6,146.0,10.0
2026-02-20 18:00:00,2026,2,20,18,Đồng Tháp,Xã Tân Phú Trung,10.2545007,105.7361294,131,Unhealthy for Sensitive Groups,2,29.7,63,0.0,1.0,292,1009.9,9,37.7,38.8,654.0,15.4,124.0,12.8
2026-02-20 19:00:00,2026,2,20,19,Đồng Tháp,Xã Tân Phú Trung,10.2545007,105.7361294,130,Unhealthy for Sensitive Groups,2,28.0,65,0.0,4.9,172,1010.5,9,26.1,27.0,769.0,15.7,99.0,11.6
2026-02-20 20:00:00,2026,2,20,20,Đồng Tháp,Xã Tân Phú Trung,10.2545007,105.7361294,120,Unhealthy for Sensitive Groups,2,26.9,68,0.0,10.7,140,1011.2,1,21.8,23.3,669.0,15.3,90.0,10.9
2026-02-20 21:00:00,2026,2,20,21,Đồng Tháp,Xã Tân Phú Trung,10.2545007,105.7361294,106,Unhealthy for Sensitive Groups,2,26.0,72,0.0,10.4,136,1011.8,16,19.7,21.4,462.0,14.9,79.0,10.0
2026-02-20 22:00:00,2026,2,20,22,Đồng Tháp,Xã Tân Phú Trung,10.2545007,105.7361294,88,Moderate,1,25.1,78,0.0,11.3,144,1011.8,21,20.2,22.0,299.0,14.5,70.0,9.1
2026-02-20 23:00:00,2026,2,20,23,Đồng Tháp,Xã Tân Phú Trung,10.2545007,105.7361294,89,Moderate,1,24.6,81,0.0,12.1,143,1011.2,17,21.0,22.8,246.0,14.1,68.0,8.3
2026-02-21 00:00:00,2026,2,21,0,Đồng Tháp,Xã Tân Phú Trung,10.2545007,105.7361294,89,Moderate,1,24.2,83,0.0,9.4,135,1011.3,0,20.9,22.8,238.0,13.8,69.0,7.6
2026-02-21 01:00:00,2026,2,21,1,Đồng Tháp,Xã Tân Phú Trung,10.2545007,105.7361294,89,Moderate,1,23.8,85,0.0,8.5,152,1010.7,0,21.0,22.8,236.0,14.4,68.0,7.4
2026-02-21 02:00:00,2026,2,21,2,Đồng Tháp,Xã Tân Phú Trung,10.2545007,105.7361294,89,Moderate,1,23.6,85,0.0,7.9,153,1010.5,10,22.6,24.4,222.0,16.2,64.0,7.7
2026-02-21 03:00:00,2026,2,21,3,Đồng Tháp,Xã Tân Phú Trung,10.2545007,105.7361294,89,Moderate,1,23.2,87,0.0,5.5,144,1010.2,4,27.2,29.3,215.0,18.8,59.0,8.5
2026-02-21 04:00:00,2026,2,21,4,Đồng Tháp,Xã Tân Phú Trung,10.2545007,105.7361294,89,Moderate,1,22.8,90,0.0,4.5,143,1010.0,1,33.8,36.1,225.0,22.5,52.0,9.8
2026-02-21 05:00:00,2026,2,21,5,Đồng Tháp,Xã Tân Phú Trung,10.2545007,105.7361294,89,Moderate,1,23.0,89,0.0,0.7,194,1010.6,0,46.6,48.9,272.0,29.3,39.0,12.2
2026-02-21 06:00:00,2026,2,21,6,Đồng Tháp,Xã Tân Phú Trung,10.2545007,105.7361294,90,Moderate,1,22.7,90,0.0,0.8,243,1010.7,0,61.0,63.3,338.0,37.1,25.0,15.0
2026-02-21 07:00:00,2026,2,21,7,Đồng Tháp,Xã Tân Phú Trung,10.2545007,105.7361294,91,Moderate,1,23.8,88,0.0,3.2,273,1011.5,0,81.5,85.0,377.0,40.7,23.0,18.9
2026-02-21 08:00:00,2026,2,21,8,Đồng Tháp,Xã Tân Phú Trung,10.2545007,105.7361294,93,Moderate,1,25.2,82,0.0,3.3,186,1012.0,52,38.4,42.6,364.0,32.1,44.0,18.2
2026-02-21 09:00:00,2026,2,21,9,Đồng Tháp,Xã Tân Phú Trung,10.2545007,105.7361294,92,Moderate,1,27.0,75,0.0,7.4,137,1012.6,69,29.2,34.0,325.0,20.2,73.0,17.1
2026-02-21 10:00:00,2026,2,21,10,Đồng Tháp,Xã Tân Phú Trung,10.2545007,105.7361294,91,Moderate,1,28.4,70,0.0,7.5,130,1012.5,13,29.5,34.5,291.0,10.8,101.0,15.8
2026-02-21 11:00:00,2026,2,21,11,Đồng Tháp,Xã Tân Phú Trung,10.2545007,105.7361294,91,Moderate,1,29.6,62,0.1,3.9,127,1011.5,21,28.8,32.0,274.0,6.2,126.0,14.1
2026-02-21 12:00:00,2026,2,21,12,Đồng Tháp,Xã Tân Phú Trung,10.2545007,105.7361294,91,Moderate,1,30.5,58,0.1,0.9,53,1010.1,18,28.1,29.9,263.0,4.1,149.0,12.2
2026-02-21 13:00:00,2026,2,21,13,Đồng Tháp,Xã Tân Phú Trung,10.2545007,105.7361294,91,Moderate,1,30.6,57,0.0,1.7,328,1008.8,12,30.0,31.8,258.0,2.9,165.0,10.8
2026-02-21 14:00:00,2026,2,21,14,Đồng Tháp,Xã Tân Phú Trung,10.2545007,105.7361294,91,Moderate,1,31.3,55,0.0,1.3,344,1007.7,14,32.2,34.0,248.0,2.1,173.0,9.9
2026-02-21 15:00:00,2026,2,21,15,Đồng Tháp,Xã Tân Phú Trung,10.2545007,105.7361294,92,Moderate,1,31.5,53,0.0,1.5,14,1006.8,16,33.5,35.3,244.0,2.2,175.0,9.5
2026-02-21 16:00:00,2026,2,21,16,Đồng Tháp,Xã Tân Phú Trung,10.2545007,105.7361294,93,Moderate,1,31.3,53,0.0,0.2,360,1006.4,12,35.0,36.7,275.0,3.8,170.0,9.7
2026-02-21 17:00:00,2026,2,21,17,Đồng Tháp,Xã Tân Phú Trung,10.2545007,105.7361294,107,Unhealthy for Sensitive Groups,2,30.9,54,0.0,2.7,160,1006.5,16,37.6,39.0,382.0,8.1,156.0,11.2
2026-02-21 18:00:00,2026,2,21,18,Đồng Tháp,Xã Tân Phú Trung,10.2545007,105.7361294,125,Unhealthy for Sensitive Groups,2,29.7,68,0.0,1.8,186,1006.7,93,45.9,46.9,524.0,13.9,135.0,13.4
2026-02-21 19:00:00,2026,2,21,19,Đồng Tháp,Xã Tân Phú Trung,10.2545007,105.7361294,132,Unhealthy for Sensitive Groups,2,28.5,67,0.0,2.7,160,1007.4,97,52.6,53.6,604.0,23.8,109.0,17.1
2026-02-21 20:00:00,2026,2,21,20,Đồng Tháp,Xã Tân Phú Trung,10.2545007,105.7361294,129,Unhealthy for Sensitive Groups,2,27.8,65,0.0,11.9,138,1008.3,100,45.2,46.1,562.0,22.2,96.0,15.8
2026-02-21 21:00:00,2026,2,21,21,Đồng Tháp,Xã Tân Phú Trung,10.2545007,105.7361294,117,Unhealthy for Sensitive Groups,2,26.3,68,0.0,7.3,138,1009.0,100,35.7,36.7,459.0,19.9,77.0,14.0
2026-02-21 22:00:00,2026,2,21,22,Đồng Tháp,Xã Tân Phú Trung,10.2545007,105.7361294,101,Unhealthy for Sensitive Groups,2,25.5,73,0.0,7.1,195,1009.7,100,27.3,28.6,379.0,18.2,63.0,12.4
2026-02-21 23:00:00,2026,2,21,23,Đồng Tháp,Xã Tân Phú Trung,10.2545007,105.7361294,101,Unhealthy for Sensitive Groups,2,25.0,76,0.0,7.3,187,1009.7,100,22.6,24.2,361.0,17.3,57.0,11.0
2026-02-22 00:00:00,2026,2,22,0,Đồng Tháp,Xã Tân Phú Trung,10.2545007,105.7361294,101,Unhealthy for Sensitive Groups,2,24.2,82,0.0,4.7,176,1009.5,98,20.7,22.5,367.0,16.9,55.0,9.9
2026-02-22 01:00:00,2026,2,22,1,Đồng Tháp,Xã Tân Phú Trung,10.2545007,105.7361294,101,Unhealthy for Sensitive Groups,2,23.8,87,0.0,4.8,149,1008.7,99,21.4,23.2,367.0,17.4,53.0,9.2
2026-02-22 02:00:00,2026,2,22,2,Đồng Tháp,Xã Tân Phú Trung,10.2545007,105.7361294,102,Unhealthy for Sensitive Groups,2,23.8,88,0.0,6.4,130,1008.2,99,24.7,26.8,344.0,19.2,49.0,9.2
2026-02-22 03:00:00,2026,2,22,3,Đồng Tháp,Xã Tân Phú Trung,10.2545007,105.7361294,102,Unhealthy for Sensitive Groups,2,23.4,92,0.0,4.8,138,1008.2,100,29.6,31.9,315.0,21.9,45.0,9.8
2026-02-22 04:00:00,2026,2,22,4,Đồng Tháp,Xã Tân Phú Trung,10.2545007,105.7361294,102,Unhealthy for Sensitive Groups,2,23.0,95,0.0,3.8,149,1008.0,99,34.7,37.3,298.0,24.4,42.0,10.8
2026-02-22 05:00:00,2026,2,22,5,Đồng Tháp,Xã Tân Phú Trung,10.2545007,105.7361294,102,Unhealthy for Sensitive Groups,2,22.9,95,0.0,2.6,155,1008.3,9,37.8,40.6,307.0,27.2,40.0,12.6
2026-02-22 06:00:00,2026,2,22,6,Đồng Tháp,Xã Tân Phú Trung,10.2545007,105.7361294,101,Unhealthy for Sensitive Groups,2,22.9,95,0.0,1.6,153,1009.0,13,40.5,43.5,327.0,29.7,39.0,14.9
2026-02-22 07:00:00,2026,2,22,7,Đồng Tháp,Xã Tân Phú Trung,10.2545007,105.7361294,99,Moderate,1,24.2,92,0.0,2.8,153,1009.7,79,48.8,53.6,335.0,28.8,45.0,15.6
2026-02-22 08:00:00,2026,2,22,8,Đồng Tháp,Xã Tân Phú Trung,10.2545007,105.7361294,96,Moderate,1,25.6,84,0.0,7.2,122,1010.4,77,33.1,37.8,313.0,22.5,60.0,14.6
2026-02-22 09:00:00,2026,2,22,9,Đồng Tháp,Xã Tân Phú Trung,10.2545007,105.7361294,96,Moderate,1,27.2,74,0.0,8.1,127,1010.7,53,26.5,31.5,278.0,13.8,81.0,13.1
2026-02-22 10:00:00,2026,2,22,10,Đồng Tháp,Xã Tân Phú Trung,10.2545007,105.7361294,96,Moderate,1,28.5,68,0.0,5.5,131,1010.9,23,26.2,31.9,254.0,7.0,101.0,11.8
2026-02-22 11:00:00,2026,2,22,11,Đồng Tháp,Xã Tân Phú Trung,10.2545007,105.7361294,95,Moderate,1,29.5,63,0.1,2.3,122,1010.0,29,27.0,30.6,254.0,4.1,120.0,10.8
2026-02-22 12:00:00,2026,2,22,12,Đồng Tháp,Xã Tân Phú Trung,10.2545007,105.7361294,95,Moderate,1,30.3,59,0.1,2.5,94,1008.7,28,32.1,34.6,264.0,3.2,139.0,9.9
2026-02-22 13:00:00,2026,2,22,13,Đồng Tháp,Xã Tân Phú Trung,10.2545007,105.7361294,95,Moderate,1,30.5,58,0.1,2.8,79,1007.6,24,36.3,38.5,275.0,2.8,153.0,9.2
2026-02-22 14:00:00,2026,2,22,14,Đồng Tháp,Xã Tân Phú Trung,10.2545007,105.7361294,96,Moderate,1,31.1,56,0.1,3.2,87,1006.6,24,38.3,40.4,270.0,2.1,162.0,8.6
2026-02-22 15:00:00,2026,2,22,15,Đồng Tháp,Xã Tân Phú Trung,10.2545007,105.7361294,97,Moderate,1,31.1,56,0.0,3.8,95,1005.9,16,39.5,41.4,264.0,1.9,167.0,8.3
2026-02-22 16:00:00,2026,2,22,16,Đồng Tháp,Xã Tân Phú Trung,10.2545007,105.7361294,97,Moderate,1,31.0,56,0.0,4.4,99,1005.3,10,40.0,41.8,294.0,3.9,164.0,8.8
2026-02-22 17:00:00,2026,2,22,17,Đồng Tháp,Xã Tân Phú Trung,10.2545007,105.7361294,98,Moderate,1,30.6,57,0.0,5.5,101,1005.5,12,41.1,42.7,407.0,10.2,147.0,11.0
2026-02-22 18:00:00,2026,2,22,18,Đồng Tháp,Xã Tân Phú Trung,10.2545007,105.7361294,112,Unhealthy for Sensitive Groups,2,29.0,66,0.0,4.6,103,1005.9,10,51.9,53.2,555.0,18.6,122.0,14.0
2026-02-22 19:00:00,2026,2,22,19,Đồng Tháp,Xã Tân Phú Trung,10.2545007,105.7361294,116,Unhealthy for Sensitive Groups,2,28.4,67,0.0,7.5,138,1006.4,17,66.6,68.2,636.0,29.7,96.0,18.5
2026-02-22 20:00:00,2026,2,22,20,Đồng Tháp,Xã Tân Phú Trung,10.2545007,105.7361294,111,Unhealthy for Sensitive Groups,2,27.5,71,0.0,10.3,144,1007.3,14,62.4,63.8,583.0,27.8,85.0,17.6
2026-02-22 21:00:00,2026,2,22,21,Đồng Tháp,Xã Tân Phú Trung,10.2545007,105.7361294,101,Unhealthy for Sensitive Groups,2,26.6,77,0.0,8.9,151,1008.2,10,53.6,55.1,463.0,25.2,69.0,16.4
2026-02-22 22:00:00,2026,2,22,22,Đồng Tháp,Xã Tân Phú Trung,10.2545007,105.7361294,103,Unhealthy for Sensitive Groups,2,25.6,83,0.0,7.5,190,1008.7,4,46.2,47.8,368.0,22.9,56.0,15.0
2026-02-22 23:00:00,2026,2,22,23,Đồng Tháp,Xã Tân Phú Trung,10.2545007,105.7361294,105,Unhealthy for Sensitive Groups,2,25.0,87,0.0,6.8,177,1009.0,5,39.9,41.6,338.0,21.5,49.0,13.5
2026-02-23 00:00:00,2026,2,23,0,Đồng Tháp,Xã Tân Phú Trung,10.2545007,105.7361294,107,Unhealthy for Sensitive Groups,2,24.5,90,0.0,7.2,152,1009.2,87,34.8,36.9,333.0,20.4,45.0,12.0
2026-02-23 01:00:00,2026,2,23,1,Đồng Tháp,Xã Tân Phú Trung,10.2545007,105.7361294,108,Unhealthy for Sensitive Groups,2,24.8,92,0.0,8.6,150,1008.7,98,30.7,33.2,326.0,19.6,42.0,10.6
2026-02-23 02:00:00,2026,2,23,2,Đồng Tháp,Xã Tân Phú Trung,10.2545007,105.7361294,109,Unhealthy for Sensitive Groups,2,24.3,95,0.0,8.9,156,1008.3,97,27.9,30.6,306.0,18.9,41.0,9.5
2026-02-23 03:00:00,2026,2,23,3,Đồng Tháp,Xã Tân Phú Trung,10.2545007,105.7361294,110,Unhealthy for Sensitive Groups,2,24.0,97,0.0,7.5,150,1008.0,98,26.1,29.0,284.0,18.4,41.0,8.7
2026-02-23 04:00:00,2026,2,23,4,Đồng Tháp,Xã Tân Phú Trung,10.2545007,105.7361294,109,Unhealthy for Sensitive Groups,2,23.8,97,0.0,6.7,142,1007.8,98,27.3,30.5,269.0,18.1,42.0,8.2
2026-02-23 05:00:00,2026,2,23,5,Đồng Tháp,Xã Tân Phú Trung,10.2545007,105.7361294,109,Unhealthy for Sensitive Groups,2,23.5,98,0.0,4.8,132,1008.0,100,31.0,33.3,270.0,18.8,41.0,8.3
2026-02-23 06:00:00,2026,2,23,6,Đồng Tháp,Xã Tân Phú Trung,10.2545007,105.7361294,108,Unhealthy for Sensitive Groups,2,23.4,98,0.0,5.4,120,1008.9,99,32.1,34.3,278.0,19.7,39.0,8.7
2026-02-23 07:00:00,2026,2,23,7,Đồng Tháp,Xã Tân Phú Trung,10.2545007,105.7361294,107,Unhealthy for Sensitive Groups,2,24.4,95,0.0,6.8,132,1009.5,15,34.7,38.9,279.0,16.5,49.0,8.3
2026-02-23 08:00:00,2026,2,23,8,Đồng Tháp,Xã Tân Phú Trung,10.2545007,105.7361294,106,Unhealthy for Sensitive Groups,2,26.0,85,0.0,10.3,121,1010.6,22,24.3,29.2,263.0,13.5,58.0,8.2
2026-02-23 09:00:00,2026,2,23,9,Đồng Tháp,Xã Tân Phú Trung,10.2545007,105.7361294,105,Unhealthy for Sensitive Groups,2,27.5,74,0.0,10.2,121,1011.2,21,22.1,27.4,239.0,9.4,70.0,8.1
2026-02-23 10:00:00,2026,2,23,10,Đồng Tháp,Xã Tân Phú Trung,10.2545007,105.7361294,104,Unhealthy for Sensitive Groups,2,28.9,66,0.0,11.4,119,1011.4,23,24.0,29.3,224.0,6.1,84.0,7.9
2026-02-23 11:00:00,2026,2,23,11,Đồng Tháp,Xã Tân Phú Trung,10.2545007,105.7361294,104,Unhealthy for Sensitive Groups,2,29.8,62,0.0,9.9,119,1010.6,19,28.1,32.0,224.0,4.3,101.0,7.5
2026-02-23 12:00:00,2026,2,23,12,Đồng Tháp,Xã Tân Phú Trung,10.2545007,105.7361294,104,Unhealthy for Sensitive Groups,2,30.9,58,0.0,8.3,117,1009.4,23,32.7,35.7,233.0,3.2,120.0,6.9
2026-02-23 13:00:00,2026,2,23,13,Đồng Tháp,Xã Tân Phú Trung,10.2545007,105.7361294,104,Unhealthy for Sensitive Groups,2,30.5,58,0.0,7.9,120,1008.9,44,34.5,37.0,240.0,2.6,134.0,6.5
2026-02-23 14:00:00,2026,2,23,14,Đồng Tháp,Xã Tân Phú Trung,10.2545007,105.7361294,104,Unhealthy for Sensitive Groups,2,31.0,57,0.0,8.9,135,1007.8,69,36.1,38.4,238.0,2.1,140.0,6.2
2026-02-23 15:00:00,2026,2,23,15,Đồng Tháp,Xã Tân Phú Trung,10.2545007,105.7361294,104,Unhealthy for Sensitive Groups,2,30.9,57,0.1,10.5,129,1006.8,62,36.0,38.1,236.0,2.0,142.0,6.0
2026-02-23 16:00:00,2026,2,23,16,Đồng Tháp,Xã Tân Phú Trung,10.2545007,105.7361294,103,Unhealthy for Sensitive Groups,2,30.8,56,0.0,9.6,137,1006.4,42,34.0,35.9,246.0,3.6,136.0,6.4
2026-02-23 17:00:00,2026,2,23,17,Đồng Tháp,Xã Tân Phú Trung,10.2545007,105.7361294,103,Unhealthy for Sensitive Groups,2,30.4,56,0.0,9.1,144,1006.3,31,32.5,34.0,286.0,8.5,120.0,8.1
2026-02-23 18:00:00,2026,2,23,18,Đồng Tháp,Xã Tân Phú Trung,10.2545007,105.7361294,102,Unhealthy for Sensitive Groups,2,28.9,62,0.0,8.7,142,1006.6,24,35.5,36.7,340.0,15.0,96.0,10.3
2026-02-23 19:00:00,2026,2,23,19,Đồng Tháp,Xã Tân Phú Trung,10.2545007,105.7361294,100,Moderate,1,27.9,63,0.0,10.8,134,1007.8,16,35.6,37.0,370.0,18.3,76.0,11.5
2026-02-23 20:00:00,2026,2,23,20,Đồng Tháp,Xã Tân Phú Trung,10.2545007,105.7361294,97,Moderate,1,27.1,63,0.0,13.2,135,1008.2,98,29.7,31.3,356.0,17.6,69.0,11.2
2026-02-23 21:00:00,2026,2,23,21,Đồng Tháp,Xã Tân Phú Trung,10.2545007,105.7361294,94,Moderate,1,26.0,69,0.0,12.1,132,1008.6,99,24.4,26.5,318.0,16.7,58.0,10.7
2026-02-23 22:00:00,2026,2,23,22,Đồng Tháp,Xã Tân Phú Trung,10.2545007,105.7361294,92,Moderate,1,25.2,75,0.0,11.8,121,1009.2,99,21.6,23.9,286.0,16.0,51.0,10.2
2026-02-23 23:00:00,2026,2,23,23,Đồng Tháp,Xã Tân Phú Trung,10.2545007,105.7361294,90,Moderate,1,24.6,81,0.0,10.9,117,1009.5,70,21.1,23.6,270.0,15.4,49.0,9.4
2026-02-24 00:00:00,2026,2,24,0,Đồng Tháp,Xã Tân Phú Trung,10.2545007,105.7361294,88,Moderate,1,24.1,85,0.0,9.0,112,1009.2,99,21.2,23.9,258.0,15.1,51.0,8.6
2026-02-24 01:00:00,2026,2,24,1,Đồng Tháp,Xã Tân Phú Trung,10.2545007,105.7361294,87,Moderate,1,24.0,89,0.0,7.6,118,1008.6,100,22.1,24.7,249.0,15.2,51.0,8.0
2026-02-24 02:00:00,2026,2,24,2,Đồng Tháp,Xã Tân Phú Trung,10.2545007,105.7361294,86,Moderate,1,23.9,91,0.0,7.5,132,1008.1,16,23.9,26.6,238.0,16.3,49.0,7.9
2026-02-24 03:00:00,2026,2,24,3,Đồng Tháp,Xã Tân Phú Trung,10.2545007,105.7361294,86,Moderate,1,23.6,93,0.0,6.6,145,1008.1,98,27.0,29.8,229.0,17.9,46.0,8.0
2026-02-24 04:00:00,2026,2,24,4,Đồng Tháp,Xã Tân Phú Trung,10.2545007,105.7361294,86,Moderate,1,23.4,95,0.0,5.4,143,1008.5,100,29.3,32.1,228.0,19.1,44.0,8.3
2026-02-24 05:00:00,2026,2,24,5,Đồng Tháp,Xã Tân Phú Trung,10.2545007,105.7361294,86,Moderate,1,23.3,95,0.0,5.9,135,1009.0,99,30.2,33.1,244.0,20.0,42.0,9.0
2026-02-24 06:00:00,2026,2,24,6,Đồng Tháp,Xã Tân Phú Trung,10.2545007,105.7361294,86,Moderate,1,23.2,95,0.0,6.0,129,1009.8,100,30.0,32.8,268.0,20.5,40.0,9.8
2026-02-24 07:00:00,2026,2,24,7,Đồng Tháp,Xã Tân Phú Trung,10.2545007,105.7361294,86,Moderate,1,24.0,91,0.0,8.5,134,1010.2,99,33.1,36.6,278.0,20.4,43.0,10.4
2026-02-24 08:00:00,2026,2,24,8,Đồng Tháp,Xã Tân Phú Trung,10.2545007,105.7361294,86,Moderate,1,25.8,82,0.0,14.6,125,1011.0,100,20.8,24.9,258.0,15.7,55.0,9.1
2026-02-24 09:00:00,2026,2,24,9,Đồng Tháp,Xã Tân Phú Trung,10.2545007,105.7361294,85,Moderate,1,27.4,73,0.0,15.0,122,1011.6,99,17.5,21.5,225.0,9.2,73.0,7.3
2026-02-24 10:00:00,2026,2,24,10,Đồng Tháp,Xã Tân Phú Trung,10.2545007,105.7361294,85,Moderate,1,28.8,65,0.0,13.5,120,1011.8,100,16.8,21.0,201.0,4.3,88.0,5.8
2026-02-24 11:00:00,2026,2,24,11,Đồng Tháp,Xã Tân Phú Trung,10.2545007,105.7361294,84,Moderate,1,30.1,58,0.0,11.3,112,1011.2,93,15.5,19.5,199.0,2.4,98.0,5.1
2026-02-24 12:00:00,2026,2,24,12,Đồng Tháp,Xã Tân Phú Trung,10.2545007,105.7361294,83,Moderate,1,31.0,54,0.0,10.7,106,1010.1,52,14.6,18.0,207.0,1.9,106.0,4.7
2026-02-24 13:00:00,2026,2,24,13,Đồng Tháp,Xã Tân Phú Trung,10.2545007,105.7361294,81,Moderate,1,30.9,56,0.0,9.2,110,1009.4,37,13.9,16.6,214.0,1.9,111.0,4.5
2026-02-24 14:00:00,2026,2,24,14,Đồng Tháp,Xã Tân Phú Trung,10.2545007,105.7361294,80,Moderate,1,31.1,54,0.0,8.5,89,1008.3,99,13.5,15.6,213.0,1.7,115.0,4.4
2026-02-24 15:00:00,2026,2,24,15,Đồng Tháp,Xã Tân Phú Trung,10.2545007,105.7361294,78,Moderate,1,31.4,53,0.0,7.2,93,1007.4,98,13.6,15.5,212.0,1.8,117.0,4.5
2026-02-24 16:00:00,2026,2,24,16,Đồng Tháp,Xã Tân Phú Trung,10.2545007,105.7361294,76,Moderate,1,31.0,53,0.0,7.2,115,1007.1,96,13.9,15.7,224.0,3.1,114.0,5.0
2026-02-24 17:00:00,2026,2,24,17,Đồng Tháp,Xã Tân Phú Trung,10.2545007,105.7361294,74,Moderate,1,30.5,55,0.0,8.1,115,1007.1,99,15.7,17.1,266.0,6.5,101.0,6.4
2026-02-24 18:00:00,2026,2,24,18,Đồng Tháp,Xã Tân Phú Trung,10.2545007,105.7361294,72,Moderate,1,28.8,62,0.0,10.1,96,1007.4,100,18.2,19.5,321.0,11.0,82.0,8.2
2026-02-24 19:00:00,2026,2,24,19,Đồng Tháp,Xã Tân Phú Trung,10.2545007,105.7361294,71,Moderate,1,27.5,63,0.0,7.6,102,1008.0,100,28.5,31.1,352.0,17.2,66.0,10.2
2026-02-24 20:00:00,2026,2,24,20,Đồng Tháp,Xã Tân Phú Trung,10.2545007,105.7361294,70,Moderate,1,27.0,65,0.0,8.2,126,1008.8,100,25.9,28.5,337.0,17.3,59.0,10.4
2026-02-24 21:00:00,2026,2,24,21,Đồng Tháp,Xã Tân Phú Trung,10.2545007,105.7361294,70,Moderate,1,26.5,70,0.0,11.3,132,1009.5,100,25.1,27.8,299.0,17.3,50.0,10.6
2026-02-24 22:00:00,2026,2,24,22,Đồng Tháp,Xã Tân Phú Trung,10.2545007,105.7361294,70,Moderate,1,25.6,77,0.0,11.8,140,1010.5,100,25.7,28.3,264.0,17.2,44.0,10.5
2026-02-24 23:00:00,2026,2,24,23,Đồng Tháp,Xã Tân Phú Trung,10.2545007,105.7361294,70,Moderate,1,25.0,83,0.0,13.8,131,1010.9,100,26.3,28.9,243.0,16.6,43.0,9.8
2026-02-25 00:00:00,2026,2,25,0,Đồng Tháp,Xã Tân Phú Trung,10.2545007,105.7361294,71,Moderate,1,24.6,89,0.0,12.9,129,1010.4,100,25.5,28.2,226.0,15.9,45.0,8.9
2026-02-25 01:00:00,2026,2,25,1,Đồng Tháp,Xã Tân Phú Trung,10.2545007,105.7361294,71,Moderate,1,24.8,90,0.0,10.7,131,1010.2,100,24.3,27.1,214.0,15.5,47.0,8.1
2026-02-25 02:00:00,2026,2,25,2,Đồng Tháp,Xã Tân Phú Trung,10.2545007,105.7361294,71,Moderate,1,24.6,90,0.0,10.3,125,1009.8,100,24.4,27.2,207.0,15.8,47.0,7.7
2026-02-25 03:00:00,2026,2,25,3,Đồng Tháp,Xã Tân Phú Trung,10.2545007,105.7361294,71,Moderate,1,24.2,91,0.0,10.5,129,1009.4,100,25.8,28.7,206.0,16.4,47.0,7.5
2026-02-25 04:00:00,2026,2,25,4,Đồng Tháp,Xã Tân Phú Trung,10.2545007,105.7361294,71,Moderate,1,23.9,93,0.0,7.8,132,1009.7,99,27.9,30.9,214.0,17.0,47.0,7.7
2026-02-25 05:00:00,2026,2,25,5,Đồng Tháp,Xã Tân Phú Trung,10.2545007,105.7361294,71,Moderate,1,23.6,94,0.0,5.9,125,1010.2,98,29.8,32.8,241.0,18.2,46.0,8.6
2026-02-25 06:00:00,2026,2,25,6,Đồng Tháp,Xã Tân Phú Trung,10.2545007,105.7361294,71,Moderate,1,23.2,96,0.0,4.4,125,1010.8,98,31.8,34.8,278.0,19.3,45.0,9.9
2026-02-25 07:00:00,2026,2,25,7,Đồng Tháp,Xã Tân Phú Trung,10.2545007,105.7361294,71,Moderate,1,24.3,92,0.0,5.5,122,1011.1,98,30.3,33.5,295.0,18.0,46.0,9.9
2026-02-25 08:00:00,2026,2,25,8,Đồng Tháp,Xã Tân Phú Trung,10.2545007,105.7361294,71,Moderate,1,26.0,83,0.0,10.0,111,1011.5,100,23.7,27.6,274.0,14.1,55.0,9.2
2026-02-25 09:00:00,2026,2,25,9,Đồng Tháp,Xã Tân Phú Trung,10.2545007,105.7361294,71,Moderate,1,27.6,73,0.0,9.0,105,1011.9,100,20.4,24.7,233.0,8.7,69.0,8.2
2026-02-25 10:00:00,2026,2,25,10,Đồng Tháp,Xã Tân Phú Trung,10.2545007,105.7361294,72,Moderate,1,29.0,65,0.0,8.1,96,1011.6,96,20.4,25.0,204.0,4.6,83.0,7.3
2026-02-25 11:00:00,2026,2,25,11,Đồng Tháp,Xã Tân Phú Trung,10.2545007,105.7361294,72,Moderate,1,30.5,58,0.0,8.9,81,1011.0,87,20.1,24.0,201.0,2.9,98.0,6.6
2026-02-25 12:00:00,2026,2,25,12,Đồng Tháp,Xã Tân Phú Trung,10.2545007,105.7361294,72,Moderate,1,31.4,54,0.0,10.5,70,1009.8,91,19.8,22.5,208.0,2.3,113.0,6.1
2026-02-25 13:00:00,2026,2,25,13,Đồng Tháp,Xã Tân Phú Trung,10.2545007,105.7361294,73,Moderate,1,30.7,57,0.0,10.5,78,1009.1,100,20.5,22.6,215.0,2.2,124.0,5.7
2026-02-25 14:00:00,2026,2,25,14,Đồng Tháp,Xã Tân Phú Trung,10.2545007,105.7361294,73,Moderate,1,31.2,55,0.0,10.1,84,1008.0,97,20.8,22.6,214.0,1.9,132.0,5.5
2026-02-25 15:00:00,2026,2,25,15,Đồng Tháp,Xã Tân Phú Trung,10.2545007,105.7361294,74,Moderate,1,31.5,53,0.0,11.4,94,1007.5,94,20.4,21.9,212.0,2.1,136.0,5.6
2026-02-25 16:00:00,2026,2,25,16,Đồng Tháp,Xã Tân Phú Trung,10.2545007,105.7361294,75,Moderate,1,30.5,54,0.0,12.5,108,1007.0,99,19.6,21.0,214.0,3.2,132.0,6.0
2026-02-25 17:00:00,2026,2,25,17,Đồng Tháp,Xã Tân Phú Trung,10.2545007,105.7361294,75,Moderate,1,29.5,58,0.0,11.9,121,1007.2,100,18.8,20.0,226.0,6.2,114.0,7.0
2026-02-25 18:00:00,2026,2,25,18,Đồng Tháp,Xã Tân Phú Trung,10.2545007,105.7361294,75,Moderate,1,28.5,62,0.0,11.6,123,1007.7,100,20.5,21.4,241.0,10.2,89.0,8.4
2026-02-25 19:00:00,2026,2,25,19,Đồng Tháp,Xã Tân Phú Trung,10.2545007,105.7361294,76,Moderate,1,27.8,68,0.0,9.3,137,1007.9,100,24.6,25.6,250.0,15.0,80.0,10.3
2026-02-25 20:00:00,2026,2,25,20,Đồng Tháp,Xã Tân Phú Trung,10.2545007,105.7361294,75,Moderate,1,27.2,71,0.0,10.3,134,1008.4,98,24.4,25.4,246.0,16.9,67.0,10.8
2026-02-25 21:00:00,2026,2,25,21,Đồng Tháp,Xã Tân Phú Trung,10.2545007,105.7361294,75,Moderate,1,26.4,74,0.0,11.1,129,1008.9,34,25.6,26.5,236.0,19.5,48.0,11.4
2026-02-25 22:00:00,2026,2,25,22,Đồng Tháp,Xã Tân Phú Trung,10.2545007,105.7361294,75,Moderate,1,25.7,79,0.0,8.7,130,1009.4,77,29.6,30.5,225.0,21.3,35.0,11.8
2026-02-25 23:00:00,2026,2,25,23,Đồng Tháp,Xã Tân Phú Trung,10.2545007,105.7361294,75,Moderate,1,25.2,82,0.0,9.4,149,1010.1,98,31.7,32.6,214.0,21.7,31.0,11.7
2026-02-26 00:00:00,2026,2,26,0,Đồng Tháp,Xã Tân Phú Trung,10.2545007,105.7361294,76,Moderate,1,25.0,84,0.0,9.4,157,1010.1,100,30.5,31.4,202.0,21.4,32.0,11.2
2026-02-26 01:00:00,2026,2,26,1,Đồng Tháp,Xã Tân Phú Trung,10.2545007,105.7361294,76,Moderate,1,25.2,86,0.0,11.2,165,1009.6,100,29.6,30.4,195.0,20.8,33.0,10.7
2026-02-26 02:00:00,2026,2,26,2,Đồng Tháp,Xã Tân Phú Trung,10.2545007,105.7361294,77,Moderate,1,24.9,86,0.1,9.1,172,1009.4,100,30.0,30.9,195.0,19.9,34.0,9.9
2026-02-26 03:00:00,2026,2,26,3,Đồng Tháp,Xã Tân Phú Trung,10.2545007,105.7361294,77,Moderate,1,24.6,86,0.1,10.8,170,1008.9,100,28.8,29.7,199.0,18.8,35.0,9.1
2026-02-26 04:00:00,2026,2,26,4,Đồng Tháp,Xã Tân Phú Trung,10.2545007,105.7361294,78,Moderate,1,24.4,87,0.1,11.0,162,1008.8,100,26.4,27.6,207.0,18.0,35.0,8.5
2026-02-26 05:00:00,2026,2,26,5,Đồng Tháp,Xã Tân Phú Trung,10.2545007,105.7361294,77,Moderate,1,24.0,89,0.0,7.7,147,1009.3,100,23.7,25.0,223.0,18.0,33.0,8.5
2026-02-26 06:00:00,2026,2,26,6,Đồng Tháp,Xã Tân Phú Trung,10.2545007,105.7361294,77,Moderate,1,24.0,90,0.0,7.6,142,1009.4,99,23.5,25.1,242.0,18.3,31.0,8.9
2026-02-26 07:00:00,2026,2,26,7,Đồng Tháp,Xã Tân Phú Trung,10.2545007,105.7361294,76,Moderate,1,24.6,90,0.0,5.3,135,1009.5,98,32.6,33.8,251.0,19.7,30.0,10.2
2026-02-26 08:00:00,2026,2,26,8,Đồng Tháp,Xã Tân Phú Trung,10.2545007,105.7361294,76,Moderate,1,26.0,84,0.0,7.9,114,1010.4,98,27.5,28.7,240.0,16.9,38.0,10.0
2026-02-26 09:00:00,2026,2,26,9,Đồng Tháp,Xã Tân Phú Trung,10.2545007,105.7361294,77,Moderate,1,27.3,78,0.0,9.7,93,1010.5,100,20.7,21.4,218.0,13.0,49.0,9.7
2026-02-26 10:00:00,2026,2,26,10,Đồng Tháp,Xã Tân Phú Trung,10.2545007,105.7361294,77,Moderate,1,28.2,74,0.0,11.0,89,1010.7,100,15.6,16.1,198.0,9.9,60.0,9.4
2026-02-26 11:00:00,2026,2,26,11,Đồng Tháp,Xã Tân Phú Trung,10.2545007,105.7361294,76,Moderate,1,29.6,67,0.0,13.0,91,1010.3,100,13.9,14.3,182.0,8.2,68.0,9.0
2026-02-26 12:00:00,2026,2,26,12,Đồng Tháp,Xã Tân Phú Trung,10.2545007,105.7361294,76,Moderate,1,28.2,70,0.1,17.7,93,1009.3,100,12.5,12.9,168.0,7.3,75.0,8.5
2026-02-26 13:00:00,2026,2,26,13,Đồng Tháp,Xã Tân Phú Trung,10.2545007,105.7361294,75,Moderate,1,26.5,84,0.6,11.2,91,1008.2,100,12.5,12.9,166.0,6.7,84.0,8.4
2026-02-26 14:00:00,2026,2,26,14,Đồng Tháp,Xã Tân Phú Trung,10.2545007,105.7361294,74,Moderate,1,25.2,91,6.9,10.0,96,1007.2,100,14.0,14.4,178.0,5.9,99.0,8.8
2026-02-26 15:00:00,2026,2,26,15,Đồng Tháp,Xã Tân Phú Trung,10.2545007,105.7361294,74,Moderate,1,24.6,92,5.1,10.6,76,1006.4,100,15.1,15.5,201.0,5.4,115.0,9.5
2026-02-26 16:00:00,2026,2,26,16,Đồng Tháp,Xã Tân Phú Trung,10.2545007,105.7361294,73,Moderate,1,24.5,93,1.8,6.6,79,1005.9,100,16.4,16.8,235.0,6.4,123.0,10.6
2026-02-26 17:00:00,2026,2,26,17,Đồng Tháp,Xã Tân Phú Trung,10.2545007,105.7361294,73,Moderate,1,24.4,94,3.0,5.9,78,1006.3,100,18.7,19.0,291.0,10.2,117.0,12.3
2026-02-26 18:00:00,2026,2,26,18,Đồng Tháp,Xã Tân Phú Trung,10.2545007,105.7361294,73,Moderate,1,24.5,94,1.3,4.8,27,1006.8,100,24.8,25.0,358.0,15.4,102.0,14.4
2026-02-26 19:00:00,2026,2,26,19,Đồng Tháp,Xã Tân Phú Trung,10.2545007,105.7361294,73,Moderate,1,24.6,94,1.3,12.8,96,1006.9,100,45.3,45.4,396.0,24.5,84.0,17.6
2026-02-26 20:00:00,2026,2,26,20,Đồng Tháp,Xã Tân Phú Trung,10.2545007,105.7361294,75,Moderate,1,24.0,91,0.1,9.1,97,1007.7,100,46.9,47.1,381.0,24.4,81.0,18.4
2026-02-26 21:00:00,2026,2,26,21,Đồng Tháp,Xã Tân Phú Trung,10.2545007,105.7361294,77,Moderate,1,23.8,92,0.0,10.1,88,1008.1,100,46.9,47.0,339.0,24.4,76.0,19.5
2026-02-26 22:00:00,2026,2,26,22,Đồng Tháp,Xã Tân Phú Trung,10.2545007,105.7361294,79,Moderate,1,23.8,94,0.0,8.6,88,1008.4,100,44.6,44.8,304.0,24.7,69.0,19.8
2026-02-26 23:00:00,2026,2,26,23,Đồng Tháp,Xã Tân Phú Trung,10.2545007,105.7361294,81,Moderate,1,24.0,94,0.0,7.3,97,1008.4,100,42.1,42.5,294.0,25.7,60.0,18.8
2026-02-27 00:00:00,2026,2,27,0,Đồng Tháp,Xã Tân Phú Trung,10.2545007,105.7361294,81,Moderate,1,24.0,95,0.0,7.2,109,1008.2,100,40.7,41.0,293.0,27.1,50.0,17.0
2026-02-27 01:00:00,2026,2,27,1,Đồng Tháp,Xã Tân Phú Trung,10.2545007,105.7361294,82,Moderate,1,24.5,96,0.3,3.9,106,1007.4,100,40.5,40.7,286.0,27.9,41.0,15.3
2026-02-27 02:00:00,2026,2,27,2,Đồng Tháp,Xã Tân Phú Trung,10.2545007,105.7361294,83,Moderate,1,24.7,93,3.3,7.4,72,1006.9,100,39.1,39.3,262.0,27.7,36.0,13.8
2026-02-27 03:00:00,2026,2,27,3,Đồng Tháp,Xã Tân Phú Trung,10.2545007,105.7361294,84,Moderate,1,24.2,96,1.9,5.2,59,1006.7,100,35.6,35.9,232.0,27.1,32.0,12.3
2026-02-27 04:00:00,2026,2,27,4,Đồng Tháp,Xã Tân Phú Trung,10.2545007,105.7361294,85,Moderate,1,24.0,97,0.6,5.3,52,1006.6,95,31.1,31.3,217.0,26.3,30.0,11.2
2026-02-27 05:00:00,2026,2,27,5,Đồng Tháp,Xã Tân Phú Trung,10.2545007,105.7361294,85,Moderate,1,23.9,96,3.1,5.2,106,1007.3,100,26.7,27.1,236.0,25.7,28.0,10.6
2026-02-27 06:00:00,2026,2,27,6,Đồng Tháp,Xã Tân Phú Trung,10.2545007,105.7361294,85,Moderate,1,23.8,95,0.5,3.3,351,1008.0,100,23.7,24.2,270.0,25.0,27.0,10.4
2026-02-27 07:00:00,2026,2,27,7,Đồng Tháp,Xã Tân Phú Trung,10.2545007,105.7361294,85,Moderate,1,23.9,96,6.9,9.0,84,1008.6,95,25.0,26.1,286.0,22.6,26.0,9.1
2026-02-27 08:00:00,2026,2,27,8,Đồng Tháp,Xã Tân Phú Trung,10.2545007,105.7361294,85,Moderate,1,25.2,90,0.1,9.2,91,1009.1,89,20.4,21.4,260.0,21.3,27.0,9.2
2026-02-27 09:00:00,2026,2,27,9,Đồng Tháp,Xã Tân Phú Trung,10.2545007,105.7361294,84,Moderate,1,26.2,88,0.1,7.4,87,1009.7,87,18.0,18.6,216.0,19.5,29.0,9.4
2026-02-27 10:00:00,2026,2,27,10,Đồng Tháp,Xã Tân Phú Trung,10.2545007,105.7361294,84,Moderate,1,27.6,80,0.3,9.0,90,1009.8,100,18.2,18.7,187.0,18.1,31.0,9.4
2026-02-27 11:00:00,2026,2,27,11,Đồng Tháp,Xã Tân Phú Trung,10.2545007,105.7361294,84,Moderate,1,27.6,79,0.3,7.1,84,1009.5,100,18.3,18.7,191.0,17.4,34.0,9.1
2026-02-27 12:00:00,2026,2,27,12,Đồng Tháp,Xã Tân Phú Trung,10.2545007,105.7361294,84,Moderate,1,25.3,89,9.2,10.5,107,1008.5,100,17.5,17.9,210.0,17.1,37.0,8.7
2026-02-27 13:00:00,2026,2,27,13,Đồng Tháp,Xã Tân Phú Trung,10.2545007,105.7361294,85,Moderate,1,25.0,89,0.8,1.5,83,1007.9,98,21.2,21.6,226.0,17.3,41.0,8.5
2026-02-27 14:00:00,2026,2,27,14,Đồng Tháp,Xã Tân Phú Trung,10.2545007,105.7361294,86,Moderate,1,26.5,86,0.5,0.8,243,1006.5,100,24.9,25.3,224.0,18.1,45.0,8.8
2026-02-27 15:00:00,2026,2,27,15,Đồng Tháp,Xã Tân Phú Trung,10.2545007,105.7361294,87,Moderate,1,26.9,83,0.1,1.4,320,1005.8,94,27.4,27.6,217.0,19.5,50.0,9.3
2026-02-27 16:00:00,2026,2,27,16,Đồng Tháp,Xã Tân Phú Trung,10.2545007,105.7361294,88,Moderate,1,27.2,82,0.1,4.1,52,1005.3,100,29.8,30.3,230.0,21.4,51.0,10.1
2026-02-27 17:00:00,2026,2,27,17,Đồng Tháp,Xã Tân Phú Trung,10.2545007,105.7361294,89,Moderate,1,25.7,88,0.6,7.5,79,1005.8,99,32.7,33.5,283.0,24.7,47.0,11.3
2026-02-27 18:00:00,2026,2,27,18,Đồng Tháp,Xã Tân Phú Trung,10.2545007,105.7361294,90,Moderate,1,25.0,91,0.0,6.1,85,1006.4,100,36.0,37.1,354.0,28.5,40.0,12.7
2026-02-27 19:00:00,2026,2,27,19,Đồng Tháp,Xã Tân Phú Trung,10.2545007,105.7361294,91,Moderate,1,24.9,94,0.0,7.0,44,1006.6,50,41.8,43.3,405.0,28.4,36.0,12.8
2026-02-27 20:00:00,2026,2,27,20,Đồng Tháp,Xã Tân Phú Trung,10.2545007,105.7361294,91,Moderate,1,24.4,96,0.0,5.7,49,1007.5,94,39.7,41.0,414.0,29.3,33.0,14.0
2026-02-27 21:00:00,2026,2,27,21,Đồng Tháp,Xã Tân Phú Trung,10.2545007,105.7361294,90,Moderate,1,24.2,96,0.0,6.1,67,1008.0,63,40.7,42.1,402.0,30.6,29.0,15.7
2026-02-27 22:00:00,2026,2,27,22,Đồng Tháp,Xã Tân Phú Trung,10.2545007,105.7361294,90,Moderate,1,23.7,96,0.0,4.4,60,1008.7,15,45.1,46.6,390.0,31.8,25.0,16.9
2026-02-27 23:00:00,2026,2,27,23,Đồng Tháp,Xã Tân Phú Trung,10.2545007,105.7361294,90,Moderate,1,23.6,96,0.0,6.4,82,1008.7,3,44.5,45.9,387.0,32.8,22.0,17.3
2026-02-28 00:00:00,2026,2,28,0,Đồng Tháp,Xã Tân Phú Trung,10.2545007,105.7361294,90,Moderate,1,23.3,97,0.0,4.9,98,1008.5,1,44.0,45.6,384.0,33.8,19.0,17.2
2026-02-28 01:00:00,2026,2,28,1,Đồng Tháp,Xã Tân Phú Trung,10.2545007,105.7361294,90,Moderate,1,22.9,98,0.0,3.2,90,1008.2,15,45.4,47.1,376.0,34.8,16.0,17.1
2026-02-28 02:00:00,2026,2,28,2,Đồng Tháp,Xã Tân Phú Trung,10.2545007,105.7361294,91,Moderate,1,22.8,98,0.0,4.0,90,1007.0,14,46.1,47.8,355.0,36.3,13.0,17.2
2026-02-28 03:00:00,2026,2,28,3,Đồng Tháp,Xã Tân Phú Trung,10.2545007,105.7361294,91,Moderate,1,22.5,98,0.0,3.6,93,1006.2,6,47.6,49.4,329.0,37.9,10.0,17.2
2026-02-28 04:00:00,2026,2,28,4,Đồng Tháp,Xã Tân Phú Trung,10.2545007,105.7361294,92,Moderate,1,22.4,98,0.0,4.2,80,1006.0,3,48.3,50.1,312.0,38.0,9.0,17.3
2026-02-28 05:00:00,2026,2,28,5,Đồng Tháp,Xã Tân Phú Trung,10.2545007,105.7361294,94,Moderate,1,22.5,98,0.0,4.5,67,1006.4,11,46.0,47.8,317.0,35.9,12.0,17.6
2026-02-28 06:00:00,2026,2,28,6,Đồng Tháp,Xã Tân Phú Trung,10.2545007,105.7361294,96,Moderate,1,22.5,98,0.0,4.7,72,1007.4,14,45.2,47.0,331.0,32.3,17.0,17.9
2026-02-28 07:00:00,2026,2,28,7,Đồng Tháp,Xã Tân Phú Trung,10.2545007,105.7361294,98,Moderate,1,24.0,96,0.0,6.9,99,1008.3,12,34.2,36.1,329.0,25.1,26.0,15.4
2026-02-28 08:00:00,2026,2,28,8,Đồng Tháp,Xã Tân Phú Trung,10.2545007,105.7361294,98,Moderate,1,25.8,88,0.0,10.1,114,1009.3,44,26.1,27.0,294.0,20.2,37.0,13.4
2026-02-28 09:00:00,2026,2,28,9,Đồng Tháp,Xã Tân Phú Trung,10.2545007,105.7361294,99,Moderate,1,27.0,82,0.1,9.0,123,1010.0,20,21.1,21.5,243.0,13.3,52.0,10.5
2026-02-28 10:00:00,2026,2,28,10,Đồng Tháp,Xã Tân Phú Trung,10.2545007,105.7361294,99,Moderate,1,28.2,76,0.2,6.5,122,1010.2,30,17.3,17.7,205.0,7.8,67.0,8.3
2026-02-28 11:00:00,2026,2,28,11,Đồng Tháp,Xã Tân Phú Trung,10.2545007,105.7361294,99,Moderate,1,28.9,74,0.2,5.1,107,1009.5,41,15.3,15.5,193.0,4.8,83.0,7.2
2026-02-28 12:00:00,2026,2,28,12,Đồng Tháp,Xã Tân Phú Trung,10.2545007,105.7361294,99,Moderate,1,29.6,73,0.1,5.4,110,1008.4,23,16.2,16.5,193.0,3.2,99.0,6.6
2026-02-28 13:00:00,2026,2,28,13,Đồng Tháp,Xã Tân Phú Trung,10.2545007,105.7361294,99,Moderate,1,30.1,72,0.1,4.5,127,1007.5,12,16.8,17.1,196.0,2.3,111.0,6.4
2026-02-28 14:00:00,2026,2,28,14,Đồng Tháp,Xã Tân Phú Trung,10.2545007,105.7361294,98,Moderate,1,30.4,72,0.2,3.8,135,1006.3,100,17.6,17.9,189.0,1.5,120.0,6.5
2026-02-28 15:00:00,2026,2,28,15,Đồng Tháp,Xã Tân Phú Trung,10.2545007,105.7361294,98,Moderate,1,30.4,72,0.2,3.9,143,1005.2,100,18.4,18.7,185.0,1.5,127.0,7.0
2026-02-28 16:00:00,2026,2,28,16,Đồng Tháp,Xã Tân Phú Trung,10.2545007,105.7361294,97,Moderate,1,28.9,74,2.2,3.8,172,1005.1,87,18.7,19.0,213.0,3.4,124.0,8.0
2026-02-28 17:00:00,2026,2,28,17,Đồng Tháp,Xã Tân Phú Trung,10.2545007,105.7361294,96,Moderate,1,28.2,78,0.3,5.4,69,1005.6,55,19.1,19.3,304.0,8.7,107.0,9.6
2026-02-28 18:00:00,2026,2,28,18,Đồng Tháp,Xã Tân Phú Trung,10.2545007,105.7361294,95,Moderate,1,26.9,86,0.0,6.7,70,1006.4,30,27.8,28.0,427.0,16.0,82.0,11.7
2026-02-28 19:00:00,2026,2,28,19,Đồng Tháp,Xã Tân Phú Trung,10.2545007,105.7361294,94,Moderate,1,26.1,89,0.0,5.3,142,1006.8,9,43.3,43.8,516.0,24.8,62.0,14.8
2026-02-28 20:00:00,2026,2,28,20,Đồng Tháp,Xã Tân Phú Trung,10.2545007,105.7361294,94,Moderate,1,26.0,88,0.0,6.3,143,1007.8,11,39.2,39.7,544.0,25.7,54.0,15.4
2026-02-28 21:00:00,2026,2,28,21,Đồng Tháp,Xã Tân Phú Trung,10.2545007,105.7361294,94,Moderate,1,25.7,90,0.0,7.3,138,1008.1,6,41.0,41.7,537.0,27.0,43.0,16.3
2026-02-28 22:00:00,2026,2,28,22,Đồng Tháp,Xã Tân Phú Trung,10.2545007,105.7361294,94,Moderate,1,25.1,94,0.0,5.2,153,1008.5,4,46.6,47.3,511.0,28.6,34.0,16.8
2026-02-28 23:00:00,2026,2,28,23,Đồng Tháp,Xã Tân Phú Trung,10.2545007,105.7361294,94,Moderate,1,24.9,95,0.0,6.0,147,1008.5,1,50.6,51.3,460.0,30.7,28.0,16.7
2026-03-01 00:00:00,2026,3,1,0,Đồng Tháp,Xã Tân Phú Trung,10.2545007,105.7361294,95,Moderate,1,24.6,96,0.0,6.3,145,1008.2,2,53.6,54.4,389.0,33.0,23.0,16.3
2026-03-01 01:00:00,2026,3,1,1,Đồng Tháp,Xã Tân Phú Trung,10.2545007,105.7361294,96,Moderate,1,24.8,98,0.0,6.9,147,1007.6,12,55.6,56.9,333.0,34.5,20.0,15.8
2026-03-01 02:00:00,2026,3,1,2,Đồng Tháp,Xã Tân Phú Trung,10.2545007,105.7361294,96,Moderate,1,24.5,99,0.0,6.3,149,1007.1,27,54.4,56.1,302.0,34.8,18.0,15.2
2026-03-01 03:00:00,2026,3,1,3,Đồng Tháp,Xã Tân Phú Trung,10.2545007,105.7361294,97,Moderate,1,24.2,96,0.1,4.8,160,1007.0,45,50.8,52.9,286.0,34.3,17.0,14.6
2026-03-01 04:00:00,2026,3,1,4,Đồng Tháp,Xã Tân Phú Trung,10.2545007,105.7361294,97,Moderate,1,24.2,98,0.0,5.8,150,1007.1,42,50.4,52.5,285.0,33.1,18.0,14.1
2026-03-01 05:00:00,2026,3,1,5,Đồng Tháp,Xã Tân Phú Trung,10.2545007,105.7361294,98,Moderate,1,24.2,98,0.0,5.7,139,1007.4,92,52.0,54.4,313.0,31.5,19.0,13.9
2026-03-01 06:00:00,2026,3,1,6,Đồng Tháp,Xã Tân Phú Trung,10.2545007,105.7361294,98,Moderate,1,24.1,99,0.0,5.4,124,1008.0,100,56.2,57.7,355.0,29.3,22.0,13.8
2026-03-01 07:00:00,2026,3,1,7,Đồng Tháp,Xã Tân Phú Trung,10.2545007,105.7361294,99,Moderate,1,24.8,99,0.0,9.4,122,1008.6,100,49.4,50.8,372.0,26.3,26.0,12.5
2026-03-01 08:00:00,2026,3,1,8,Đồng Tháp,Xã Tân Phú Trung,10.2545007,105.7361294,101,Unhealthy for Sensitive Groups,2,26.0,91,0.0,10.4,126,1009.6,45,35.3,36.7,337.0,21.1,42.0,12.8
2026-03-01 09:00:00,2026,3,1,9,Đồng Tháp,Xã Tân Phú Trung,10.2545007,105.7361294,102,Unhealthy for Sensitive Groups,2,27.5,82,0.0,7.9,129,1010.2,23,25.8,26.7,276.0,14.0,66.0,13.2
2026-03-01 10:00:00,2026,3,1,10,Đồng Tháp,Xã Tân Phú Trung,10.2545007,105.7361294,102,Unhealthy for Sensitive Groups,2,28.9,75,0.1,5.6,121,1009.9,17,24.5,25.0,229.0,8.2,89.0,13.2
2026-03-01 11:00:00,2026,3,1,11,Đồng Tháp,Xã Tân Phú Trung,10.2545007,105.7361294,103,Unhealthy for Sensitive Groups,2,29.9,71,0.0,3.9,106,1009.4,16,24.8,25.3,213.0,5.1,111.0,12.6
2026-03-01 12:00:00,2026,3,1,12,Đồng Tháp,Xã Tân Phú Trung,10.2545007,105.7361294,104,Unhealthy for Sensitive Groups,2,30.5,70,0.0,3.5,99,1008.3,22,25.6,26.1,211.0,3.4,132.0,11.6
2026-03-01 13:00:00,2026,3,1,13,Đồng Tháp,Xã Tân Phú Trung,10.2545007,105.7361294,105,Unhealthy for Sensitive Groups,2,31.0,67,0.0,2.7,82,1007.3,13,26.4,26.8,211.0,2.5,148.0,10.9
2026-03-01 14:00:00,2026,3,1,14,Đồng Tháp,Xã Tân Phú Trung,10.2545007,105.7361294,106,Unhealthy for Sensitive Groups,2,31.1,66,0.0,0.7,14,1006.4,15,27.0,27.4,205.0,1.5,158.0,10.6
2026-03-01 15:00:00,2026,3,1,15,Đồng Tháp,Xã Tân Phú Trung,10.2545007,105.7361294,107,Unhealthy for Sensitive Groups,2,31.1,66,0.0,2.8,243,1005.5,20,27.7,28.1,201.0,1.3,161.0,10.6
2026-03-01 16:00:00,2026,3,1,16,Đồng Tháp,Xã Tân Phú Trung,10.2545007,105.7361294,108,Unhealthy for Sensitive Groups,2,29.0,76,0.7,7.0,58,1005.5,53,28.2,28.6,217.0,3.5,156.0,11.0
2026-03-01 17:00:00,2026,3,1,17,Đồng Tháp,Xã Tân Phú Trung,10.2545007,105.7361294,109,Unhealthy for Sensitive Groups,2,27.8,82,0.1,10.3,106,1006.3,13,29.6,29.9,264.0,10.3,135.0,12.1
2026-03-01 18:00:00,2026,3,1,18,Đồng Tháp,Xã Tân Phú Trung,10.2545007,105.7361294,110,Unhealthy for Sensitive Groups,2,26.6,87,0.1,6.8,241,1007.2,82,43.4,43.5,330.0,19.6,105.0,13.7
2026-03-01 19:00:00,2026,3,1,19,Đồng Tháp,Xã Tân Phú Trung,10.2545007,105.7361294,111,Unhealthy for Sensitive Groups,2,27.5,87,0.0,1.3,135,1007.1,4,52.7,53.4,399.0,20.4,81.0,13.4
2026-03-01 20:00:00,2026,3,1,20,Đồng Tháp,Xã Tân Phú Trung,10.2545007,105.7361294,112,Unhealthy for Sensitive Groups,2,26.6,91,0.0,5.6,186,1008.2,10,61.5,61.9,475.0,23.1,71.0,14.9
2026-03-01 21:00:00,2026,3,1,21,Đồng Tháp,Xã Tân Phú Trung,10.2545007,105.7361294,115,Unhealthy for Sensitive Groups,2,26.0,94,0.0,4.7,178,1008.8,1,67.8,68.0,554.0,26.8,58.0,16.8
2026-03-01 22:00:00,2026,3,1,22,Đồng Tháp,Xã Tân Phú Trung,10.2545007,105.7361294,117,Unhealthy for Sensitive Groups,2,25.9,93,0.0,7.1,164,1009.0,6,69.8,70.1,611.0,29.7,47.0,18.1
2026-03-01 23:00:00,2026,3,1,23,Đồng Tháp,Xã Tân Phú Trung,10.2545007,105.7361294,120,Unhealthy for Sensitive Groups,2,25.8,93,0.0,8.1,152,1009.2,91,72.4,72.6,646.0,31.0,41.0,18.1
2026-03-02 00:00:00,2026,3,2,0,Đồng Tháp,Xã Tân Phú Trung,10.2545007,105.7361294,122,Unhealthy for Sensitive Groups,2,25.4,95,0.0,8.1,149,1009.4,68,72.2,72.4,659.0,31.5,38.0,17.3
2026-03-02 01:00:00,2026,3,2,1,Đồng Tháp,Xã Tân Phú Trung,10.2545007,105.7361294,124,Unhealthy for Sensitive Groups,2,25.5,97,0.0,8.3,147,1008.7,91,70.5,70.8,628.0,31.4,35.0,16.4
2026-03-02 02:00:00,2026,3,2,2,Đồng Tháp,Xã Tân Phú Trung,10.2545007,105.7361294,126,Unhealthy for Sensitive Groups,2,25.3,98,0.0,8.3,141,1008.2,41,65.2,65.4,515.0,30.7,33.0,15.4
2026-03-02 03:00:00,2026,3,2,3,Đồng Tháp,Xã Tân Phú Trung,10.2545007,105.7361294,127,Unhealthy for Sensitive Groups,2,25.1,98,0.0,7.1,137,1008.0,47,58.7,59.6,359.0,29.5,32.0,14.3
2026-03-02 04:00:00,2026,3,2,4,Đồng Tháp,Xã Tân Phú Trung,10.2545007,105.7361294,128,Unhealthy for Sensitive Groups,2,24.9,98,0.0,5.4,130,1007.9,22,53.7,54.9,251.0,28.4,32.0,13.5
2026-03-02 05:00:00,2026,3,2,5,Đồng Tháp,Xã Tân Phú Trung,10.2545007,105.7361294,128,Unhealthy for Sensitive Groups,2,24.6,98,0.0,5.2,134,1008.5,22,52.3,53.7,246.0,28.3,30.0,13.5
2026-03-02 06:00:00,2026,3,2,6,Đồng Tháp,Xã Tân Phú Trung,10.2545007,105.7361294,128,Unhealthy for Sensitive Groups,2,24.5,98,0.0,5.0,131,1009.2,17,52.2,54.4,289.0,28.4,28.0,13.9
2026-03-02 07:00:00,2026,3,2,7,Đồng Tháp,Xã Tân Phú Trung,10.2545007,105.7361294,128,Unhealthy for Sensitive Groups,2,25.4,97,0.0,7.9,129,1009.9,31,53.0,54.6,316.0,26.7,28.0,13.0
2026-03-02 08:00:00,2026,3,2,8,Đồng Tháp,Xã Tân Phú Trung,10.2545007,105.7361294,128,Unhealthy for Sensitive Groups,2,27.0,89,0.0,10.4,135,1010.6,39,37.1,39.1,296.0,21.2,48.0,13.8
2026-03-02 09:00:00,2026,3,2,9,Đồng Tháp,Xã Tân Phú Trung,10.2545007,105.7361294,128,Unhealthy for Sensitive Groups,2,28.3,81,0.0,8.8,133,1011.2,15,25.3,27.1,259.0,13.6,76.0,14.9
2026-03-02 10:00:00,2026,3,2,10,Đồng Tháp,Xã Tân Phú Trung,10.2545007,105.7361294,128,Unhealthy for Sensitive Groups,2,29.5,75,0.1,7.3,128,1011.3,22,22.0,23.1,228.0,7.6,98.0,15.1
2026-03-02 11:00:00,2026,3,2,11,Đồng Tháp,Xã Tân Phú Trung,10.2545007,105.7361294,128,Unhealthy for Sensitive Groups,2,30.5,70,0.0,7.2,118,1010.9,25,23.1,23.7,209.0,4.6,110.0,13.6
2026-03-02 12:00:00,2026,3,2,12,Đồng Tháp,Xã Tân Phú Trung,10.2545007,105.7361294,128,Unhealthy for Sensitive Groups,2,31.2,65,0.0,7.2,122,1010.1,31,22.5,23.2,196.0,3.3,117.0,11.4
2026-03-02 13:00:00,2026,3,2,13,Đồng Tháp,Xã Tân Phú Trung,10.2545007,105.7361294,127,Unhealthy for Sensitive Groups,2,32.0,60,0.0,6.2,136,1009.0,18,21.5,22.2,189.0,2.6,121.0,9.6
2026-03-02 14:00:00,2026,3,2,14,Đồng Tháp,Xã Tân Phú Trung,10.2545007,105.7361294,127,Unhealthy for Sensitive Groups,2,32.0,59,0.0,4.4,148,1007.6,12,21.3,22.1,176.0,1.4,125.0,8.7
2026-03-02 15:00:00,2026,3,2,15,Đồng Tháp,Xã Tân Phú Trung,10.2545007,105.7361294,126,Unhealthy for Sensitive Groups,2,32.0,58,0.0,4.0,175,1006.8,13,21.8,22.5,169.0,1.0,125.0,8.3
2026-03-02 16:00:00,2026,3,2,16,Đồng Tháp,Xã Tân Phú Trung,10.2545007,105.7361294,126,Unhealthy for Sensitive Groups,2,31.9,59,0.0,6.5,152,1006.5,15,22.4,23.1,205.0,4.1,119.0,9.0
2026-03-02 17:00:00,2026,3,2,17,Đồng Tháp,Xã Tân Phú Trung,10.2545007,105.7361294,125,Unhealthy for Sensitive Groups,2,30.8,67,0.0,5.9,157,1007.0,13,25.8,26.4,328.0,13.6,100.0,11.4
2026-03-02 18:00:00,2026,3,2,18,Đồng Tháp,Xã Tân Phú Trung,10.2545007,105.7361294,125,Unhealthy for Sensitive Groups,2,28.8,76,0.0,5.5,207,1008.0,30,45.3,45.8,495.0,26.5,74.0,14.9
2026-03-02 19:00:00,2026,3,2,19,Đồng Tháp,Xã Tân Phú Trung,10.2545007,105.7361294,125,Unhealthy for Sensitive Groups,2,28.1,79,0.0,8.1,252,1007.7,52,79.6,80.8,611.0,44.8,55.0,22.0
2026-03-02 20:00:00,2026,3,2,20,Đồng Tháp,Xã Tân Phú Trung,10.2545007,105.7361294,128,Unhealthy for Sensitive Groups,2,27.6,87,0.0,1.8,264,1008.6,45,85.7,86.8,637.0,44.6,46.0,21.9
2026-03-02 21:00:00,2026,3,2,21,Đồng Tháp,Xã Tân Phú Trung,10.2545007,105.7361294,130,Unhealthy for Sensitive Groups,2,27.2,86,0.0,7.8,127,1009.6,23,80.3,81.3,613.0,44.1,34.0,21.6
2026-03-02 22:00:00,2026,3,2,22,Đồng Tháp,Xã Tân Phú Trung,10.2545007,105.7361294,131,Unhealthy for Sensitive Groups,2,26.7,86,0.0,10.4,144,1009.9,20,78.9,79.9,564.0,42.3,26.0,20.7
2026-03-02 23:00:00,2026,3,2,23,Đồng Tháp,Xã Tân Phú Trung,10.2545007,105.7361294,132,Unhealthy for Sensitive Groups,2,25.9,88,0.0,9.7,145,1010.1,5,68.9,69.6,484.0,38.1,25.0,18.5
2026-03-03 00:00:00,2026,3,3,0,Đồng Tháp,Xã Tân Phú Trung,10.2545007,105.7361294,132,Unhealthy for Sensitive Groups,2,25.4,91,0.0,7.8,151,1010.0,70,57.9,58.7,381.0,32.7,27.0,15.5
2026-03-03 01:00:00,2026,3,3,1,Đồng Tháp,Xã Tân Phú Trung,10.2545007,105.7361294,131,Unhealthy for Sensitive Groups,2,25.4,96,0.0,6.0,185,1009.4,100,49.7,50.8,300.0,28.5,29.0,13.2
2026-03-03 02:00:00,2026,3,3,2,Đồng Tháp,Xã Tân Phú Trung,10.2545007,105.7361294,128,Unhealthy for Sensitive Groups,2,25.2,98,0.0,5.5,193,1008.8,100,44.8,45.9,262.0,26.6,29.0,12.0
2026-03-03 03:00:00,2026,3,3,3,Đồng Tháp,Xã Tân Phú Trung,10.2545007,105.7361294,126,Unhealthy for Sensitive Groups,2,25.2,95,0.1,8.1,186,1008.8,99,42.3,43.3,247.0,25.9,29.0,11.4
2026-03-03 04:00:00,2026,3,3,4,Đồng Tháp,Xã Tân Phú Trung,10.2545007,105.7361294,125,Unhealthy for Sensitive Groups,2,25.3,95,0.0,7.2,184,1009.0,39,41.8,43.0,245.0,25.5,29.0,11.2
2026-03-03 05:00:00,2026,3,3,5,Đồng Tháp,Xã Tân Phú Trung,10.2545007,105.7361294,123,Unhealthy for Sensitive Groups,2,24.9,97,0.0,5.0,180,1009.6,16,42.5,43.7,260.0,25.7,26.0,11.6
2026-03-03 06:00:00,2026,3,3,6,Đồng Tháp,Xã Tân Phú Trung,10.2545007,105.7361294,122,Unhealthy for Sensitive Groups,2,24.7,97,0.0,5.8,160,1010.0,18,43.5,45.2,288.0,26.1,24.0,12.4
2026-03-03 07:00:00,2026,3,3,7,Đồng Tháp,Xã Tân Phú Trung,10.2545007,105.7361294,121,Unhealthy for Sensitive Groups,2,25.6,97,0.0,6.0,173,1010.4,63,37.5,39.0,301.0,23.7,28.0,12.1
2026-03-03 08:00:00,2026,3,3,8,Đồng Tháp,Xã Tân Phú Trung,10.2545007,105.7361294,120,Unhealthy for Sensitive Groups,2,26.9,89,0.0,8.4,164,1011.2,41,29.0,30.7,285.0,19.1,44.0,12.4
2026-03-03 09:00:00,2026,3,3,9,Đồng Tháp,Xã Tân Phú Trung,10.2545007,105.7361294,119,Unhealthy for Sensitive Groups,2,28.2,81,0.1,7.7,150,1011.7,24,21.9,23.4,254.0,12.7,67.0,12.7
2026-03-03 10:00:00,2026,3,3,10,Đồng Tháp,Xã Tân Phú Trung,10.2545007,105.7361294,119,Unhealthy for Sensitive Groups,2,29.5,75,0.1,7.6,152,1011.9,24,19.9,20.3,230.0,7.5,89.0,12.8
2026-03-03 11:00:00,2026,3,3,11,Đồng Tháp,Xã Tân Phú Trung,10.2545007,105.7361294,118,Unhealthy for Sensitive Groups,2,30.5,69,0.0,6.1,150,1011.3,12,22.1,22.5,219.0,4.8,110.0,12.4
2026-03-03 12:00:00,2026,3,3,12,Đồng Tháp,Xã Tân Phú Trung,10.2545007,105.7361294,118,Unhealthy for Sensitive Groups,2,31.3,65,0.0,5.3,145,1010.4,11,24.4,24.9,214.0,3.3,131.0,11.7
2026-03-03 13:00:00,2026,3,3,13,Đồng Tháp,Xã Tân Phú Trung,10.2545007,105.7361294,118,Unhealthy for Sensitive Groups,2,31.9,61,0.0,4.0,141,1009.2,16,26.4,26.7,213.0,2.6,146.0,11.2
2026-03-03 14:00:00,2026,3,3,14,Đồng Tháp,Xã Tân Phú Trung,10.2545007,105.7361294,119,Unhealthy for Sensitive Groups,2,32.2,60,0.0,2.6,129,1007.9,99,27.9,28.2,205.0,1.2,154.0,10.6
2026-03-03 15:00:00,2026,3,3,15,Đồng Tháp,Xã Tân Phú Trung,10.2545007,105.7361294,120,Unhealthy for Sensitive Groups,2,32.3,58,0.0,3.1,149,1006.7,99,29.1,29.5,201.0,0.6,157.0,10.3
2026-03-03 16:00:00,2026,3,3,16,Đồng Tháp,Xã Tân Phú Trung,10.2545007,105.7361294,120,Unhealthy for Sensitive Groups,2,32.0,59,0.0,2.3,157,1006.4,100,30.9,31.2,227.0,4.6,150.0,11.4
2026-03-03 17:00:00,2026,3,3,17,Đồng Tháp,Xã Tân Phú Trung,10.2545007,105.7361294,121,Unhealthy for Sensitive Groups,2,31.5,63,0.0,3.9,167,1007.0,67,32.0,32.2,308.0,18.1,128.0,15.6
2026-03-03 18:00:00,2026,3,3,18,Đồng Tháp,Xã Tân Phú Trung,10.2545007,105.7361294,122,Unhealthy for Sensitive Groups,2,29.9,75,0.0,2.5,201,1007.6,33,56.7,56.9,420.0,36.1,96.0,21.4
2026-03-03 19:00:00,2026,3,3,19,Đồng Tháp,Xã Tân Phú Trung,10.2545007,105.7361294,123,Unhealthy for Sensitive Groups,2,29.4,75,0.0,1.0,239,1007.9,34,77.5,79.2,512.0,48.2,49.0,22.2
2026-03-03 20:00:00,2026,3,3,20,Đồng Tháp,Xã Tân Phú Trung,10.2545007,105.7361294,123,Unhealthy for Sensitive Groups,2,28.4,80,0.0,1.9,253,1008.9,100,83.4,84.8,579.0,47.6,42.0,22.4
2026-03-03 21:00:00,2026,3,3,21,Đồng Tháp,Xã Tân Phú Trung,10.2545007,105.7361294,123,Unhealthy for Sensitive Groups,2,27.5,83,0.0,8.0,153,1009.5,100,78.5,79.6,627.0,46.6,32.0,22.6
2026-03-03 22:00:00,2026,3,3,22,Đồng Tháp,Xã Tân Phú Trung,10.2545007,105.7361294,122,Unhealthy for Sensitive Groups,2,26.7,86,0.0,12.3,158,1009.9,67,75.0,76.4,626.0,44.2,25.0,21.8
2026-03-03 23:00:00,2026,3,3,23,Đồng Tháp,Xã Tân Phú Trung,10.2545007,105.7361294,122,Unhealthy for Sensitive Groups,2,26.0,89,0.0,9.4,157,1010.3,6,64.3,65.4,537.0,39.2,24.0,19.1
2026-03-04 00:00:00,2026,3,4,0,Đồng Tháp,Xã Tân Phú Trung,10.2545007,105.7361294,122,Unhealthy for Sensitive Groups,2,25.6,91,0.0,8.3,166,1010.6,36,52.6,53.9,398.0,32.7,25.0,15.5
2026-03-04 01:00:00,2026,3,4,1,Đồng Tháp,Xã Tân Phú Trung,10.2545007,105.7361294,121,Unhealthy for Sensitive Groups,2,25.6,94,0.0,9.6,160,1010.5,38,43.1,44.7,294.0,27.5,27.0,12.6
2026-03-04 02:00:00,2026,3,4,2,Đồng Tháp,Xã Tân Phú Trung,10.2545007,105.7361294,120,Unhealthy for Sensitive Groups,2,25.5,95,0.0,9.7,162,1010.0,14,37.8,39.6,263.0,24.5,29.0,11.2
2026-03-04 03:00:00,2026,3,4,3,Đồng Tháp,Xã Tân Phú Trung,10.2545007,105.7361294,120,Unhealthy for Sensitive Groups,2,25.4,97,0.0,8.4,161,1009.5,20,34.6,36.2,266.0,22.8,31.0,10.6
2026-03-04 04:00:00,2026,3,4,4,Đồng Tháp,Xã Tân Phú Trung,10.2545007,105.7361294,119,Unhealthy for Sensitive Groups,2,25.1,98,0.0,4.6,167,1009.5,28,32.8,34.6,275.0,21.7,33.0,10.4
2026-03-04 05:00:00,2026,3,4,5,Đồng Tháp,Xã Tân Phú Trung,10.2545007,105.7361294,118,Unhealthy for Sensitive Groups,2,25.0,98,0.0,5.0,159,1009.7,26,32.4,34.0,286.0,22.0,31.0,10.6
2026-03-04 06:00:00,2026,3,4,6,Đồng Tháp,Xã Tân Phú Trung,10.2545007,105.7361294,117,Unhealthy for Sensitive Groups,2,24.5,98,0.0,4.1,135,1010.2,45,33.8,34.8,302.0,22.9,29.0,11.1
2026-03-04 07:00:00,2026,3,4,7,Đồng Tháp,Xã Tân Phú Trung,10.2545007,105.7361294,116,Unhealthy for Sensitive Groups,2,25.7,96,0.0,9.2,133,1010.9,34,32.0,33.4,303.0,19.6,40.0,10.9
2026-03-04 08:00:00,2026,3,4,8,Đồng Tháp,Xã Tân Phú Trung,10.2545007,105.7361294,115,Unhealthy for Sensitive Groups,2,27.1,87,0.0,9.3,144,1011.2,16,27.3,28.8,273.0,16.1,50.0,11.1
2026-03-04 09:00:00,2026,3,4,9,Đồng Tháp,Xã Tân Phú Trung,10.2545007,105.7361294,115,Unhealthy for Sensitive Groups,2,28.3,78,0.0,8.7,128,1011.7,17,26.5,28.1,228.0,11.2,65.0,11.5
2026-03-04 10:00:00,2026,3,4,10,Đồng Tháp,Xã Tân Phú Trung,10.2545007,105.7361294,116,Unhealthy for Sensitive Groups,2,29.5,71,0.0,7.0,130,1012.0,12,25.1,26.2,196.0,7.2,81.0,11.5
2026-03-04 11:00:00,2026,3,4,11,Đồng Tháp,Xã Tân Phú Trung,10.2545007,105.7361294,116,Unhealthy for Sensitive Groups,2,30.4,66,0.0,6.4,135,1011.7,14,23.7,24.7,190.0,4.8,99.0,11.0
2026-03-04 12:00:00,2026,3,4,12,Đồng Tháp,Xã Tân Phú Trung,10.2545007,105.7361294,116,Unhealthy for Sensitive Groups,2,31.0,64,0.0,6.5,129,1010.8,3,23.9,24.9,197.0,3.3,117.0,10.1
2026-03-04 13:00:00,2026,3,4,13,Đồng Tháp,Xã Tân Phú Trung,10.2545007,105.7361294,116,Unhealthy for Sensitive Groups,2,31.6,60,0.0,8.2,131,1009.5,13,26.2,27.2,205.0,2.5,132.0,9.6
2026-03-04 14:00:00,2026,3,4,14,Đồng Tháp,Xã Tân Phú Trung,10.2545007,105.7361294,116,Unhealthy for Sensitive Groups,2,31.8,58,0.0,8.8,133,1008.0,14,28.6,29.6,201.0,1.8,142.0,9.6
2026-03-04 15:00:00,2026,3,4,15,Đồng Tháp,Xã Tân Phú Trung,10.2545007,105.7361294,116,Unhealthy for Sensitive Groups,2,31.6,58,0.0,8.8,136,1006.9,15,30.6,31.5,198.0,1.8,149.0,9.8
2026-03-04 16:00:00,2026,3,4,16,Đồng Tháp,Xã Tân Phú Trung,10.2545007,105.7361294,116,Unhealthy for Sensitive Groups,2,31.2,60,0.0,7.8,140,1006.6,12,31.4,32.5,217.0,4.0,146.0,10.3
2026-03-04 17:00:00,2026,3,4,17,Đồng Tháp,Xã Tân Phú Trung,10.2545007,105.7361294,116,Unhealthy for Sensitive Groups,2,30.5,65,0.0,9.8,145,1006.7,10,31.4,32.4,278.0,10.2,128.0,11.0
2026-03-04 18:00:00,2026,3,4,18,Đồng Tháp,Xã Tân Phú Trung,10.2545007,105.7361294,116,Unhealthy for Sensitive Groups,2,28.7,74,0.0,5.3,168,1007.2,13,45.4,46.0,362.0,18.5,101.0,11.9
2026-03-04 19:00:00,2026,3,4,19,Đồng Tháp,Xã Tân Phú Trung,10.2545007,105.7361294,115,Unhealthy for Sensitive Groups,2,26.9,84,0.0,2.7,82,1007.9,4,49.6,50.5,431.0,23.0,76.0,12.0
2026-03-04 20:00:00,2026,3,4,20,Đồng Tháp,Xã Tân Phú Trung,10.2545007,105.7361294,112,Unhealthy for Sensitive Groups,2,26.6,81,0.0,6.9,118,1008.6,5,49.2,49.8,477.0,22.9,73.0,12.5
2026-03-04 21:00:00,2026,3,4,21,Đồng Tháp,Xã Tân Phú Trung,10.2545007,105.7361294,109,Unhealthy for Sensitive Groups,2,26.4,82,0.2,4.6,261,1009.8,41,49.9,50.5,509.0,23.0,69.0,13.2
2026-03-04 22:00:00,2026,3,4,22,Đồng Tháp,Xã Tân Phú Trung,10.2545007,105.7361294,106,Unhealthy for Sensitive Groups,2,25.9,90,0.2,6.2,237,1010.2,46,53.3,54.0,516.0,24.4,63.0,14.0
2026-03-04 23:00:00,2026,3,4,23,Đồng Tháp,Xã Tân Phú Trung,10.2545007,105.7361294,103,Unhealthy for Sensitive Groups,2,25.9,90,0.0,5.9,211,1010.6,20,64.5,65.2,487.0,28.7,53.0,15.2
2026-03-05 00:00:00,2026,3,5,0,Đồng Tháp,Xã Tân Phú Trung,10.2545007,105.7361294,104,Unhealthy for Sensitive Groups,2,24.9,94,0.0,3.3,189,1010.4,21,69.2,69.8,434.0,34.5,40.0,16.5
2026-03-05 01:00:00,2026,3,5,1,Đồng Tháp,Xã Tân Phú Trung,10.2545007,105.7361294,105,Unhealthy for Sensitive Groups,2,25.0,96,0.0,0.0,270,1009.9,70,75.4,76.6,380.0,38.2,30.0,17.1
2026-03-05 02:00:00,2026,3,5,2,Đồng Tháp,Xã Tân Phú Trung,10.2545007,105.7361294,109,Unhealthy for Sensitive Groups,2,24.9,97,0.0,3.6,143,1009.4,80,72.2,74.0,322.0,38.3,23.0,16.3
2026-03-05 03:00:00,2026,3,5,3,Đồng Tháp,Xã Tân Phú Trung,10.2545007,105.7361294,112,Unhealthy for Sensitive Groups,2,24.8,98,0.0,5.4,143,1008.9,19,68.0,69.8,263.0,36.4,17.0,14.8
2026-03-05 04:00:00,2026,3,5,4,Đồng Tháp,Xã Tân Phú Trung,10.2545007,105.7361294,116,Unhealthy for Sensitive Groups,2,24.5,98,0.0,5.5,142,1008.6,14,60.3,63.3,233.0,34.3,15.0,13.9
2026-03-05 05:00:00,2026,3,5,5,Đồng Tháp,Xã Tân Phú Trung,10.2545007,105.7361294,119,Unhealthy for Sensitive Groups,2,24.0,98,0.0,4.2,137,1009.0,10,55.9,59.1,260.0,32.9,15.0,14.4
2026-03-05 06:00:00,2026,3,5,6,Đồng Tháp,Xã Tân Phú Trung,10.2545007,105.7361294,121,Unhealthy for Sensitive Groups,2,23.7,98,0.0,4.3,138,1009.4,10,56.1,59.8,316.0,31.3,17.0,15.4
2026-03-05 07:00:00,2026,3,5,7,Đồng Tháp,Xã Tân Phú Trung,10.2545007,105.7361294,123,Unhealthy for Sensitive Groups,2,24.8,96,0.0,6.2,126,1010.4,22,53.0,57.5,345.0,26.1,26.0,13.5
2026-03-05 08:00:00,2026,3,5,8,Đồng Tháp,Xã Tân Phú Trung,10.2545007,105.7361294,125,Unhealthy for Sensitive Groups,2,26.5,87,0.0,8.4,127,1010.9,100,42.3,47.1,315.0,20.2,40.0,12.1
2026-03-05 09:00:00,2026,3,5,9,Đồng Tháp,Xã Tân Phú Trung,10.2545007,105.7361294,127,Unhealthy for Sensitive Groups,2,27.2,83,0.0,7.1,126,1011.6,100,29.8,34.9,257.0,12.1,59.0,10.1
2026-03-05 10:00:00,2026,3,5,10,Đồng Tháp,Xã Tân Phú Trung,10.2545007,105.7361294,127,Unhealthy for Sensitive Groups,2,28.1,77,0.0,8.6,116,1011.9,100,24.0,28.9,209.0,5.8,76.0,8.3
2026-03-05 11:00:00,2026,3,5,11,Đồng Tháp,Xã Tân Phú Trung,10.2545007,105.7361294,127,Unhealthy for Sensitive Groups,2,29.3,73,0.0,9.2,113,1011.7,24,20.7,23.8,185.0,3.2,88.0,7.0
2026-03-05 12:00:00,2026,3,5,12,Đồng Tháp,Xã Tân Phú Trung,10.2545007,105.7361294,127,Unhealthy for Sensitive Groups,2,30.5,67,0.1,9.9,105,1010.6,18,18.8,20.6,172.0,2.6,98.0,6.0
2026-03-05 13:00:00,2026,3,5,13,Đồng Tháp,Xã Tân Phú Trung,10.2545007,105.7361294,126,Unhealthy for Sensitive Groups,2,31.0,62,0.0,12.2,110,1009.3,12,18.2,19.8,165.0,2.4,106.0,5.3
2026-03-05 14:00:00,2026,3,5,14,Đồng Tháp,Xã Tân Phú Trung,10.2545007,105.7361294,126,Unhealthy for Sensitive Groups,2,31.1,60,0.0,12.6,110,1008.2,14,18.6,20.1,160.0,1.7,112.0,4.9
2026-03-05 15:00:00,2026,3,5,15,Đồng Tháp,Xã Tân Phú Trung,10.2545007,105.7361294,125,Unhealthy for Sensitive Groups,2,31.4,57,0.0,11.6,114,1007.2,16,18.6,20.1,162.0,1.4,116.0,5.0
2026-03-05 16:00:00,2026,3,5,16,Đồng Tháp,Xã Tân Phú Trung,10.2545007,105.7361294,123,Unhealthy for Sensitive Groups,2,30.8,57,0.0,12.8,106,1007.0,19,18.9,20.2,176.0,3.8,113.0,5.8
2026-03-05 17:00:00,2026,3,5,17,Đồng Tháp,Xã Tân Phú Trung,10.2545007,105.7361294,122,Unhealthy for Sensitive Groups,2,29.8,63,0.0,11.6,112,1007.2,13,21.8,22.9,217.0,11.3,98.0,8.2
2026-03-05 18:00:00,2026,3,5,18,Đồng Tháp,Xã Tân Phú Trung,10.2545007,105.7361294,121,Unhealthy for Sensitive Groups,2,28.3,68,0.0,8.7,95,1007.9,16,32.6,33.5,271.0,21.4,76.0,11.4
2026-03-05 19:00:00,2026,3,5,19,Đồng Tháp,Xã Tân Phú Trung,10.2545007,105.7361294,120,Unhealthy for Sensitive Groups,2,27.6,71,0.0,6.7,126,1008.2,45,43.4,45.4,305.0,25.2,59.0,12.3
2026-03-05 20:00:00,2026,3,5,20,Đồng Tháp,Xã Tân Phú Trung,10.2545007,105.7361294,119,Unhealthy for Sensitive Groups,2,27.3,72,0.0,9.2,107,1009.3,56,41.1,43.3,299.0,24.1,54.0,11.9
2026-03-05 21:00:00,2026,3,5,21,Đồng Tháp,Xã Tân Phú Trung,10.2545007,105.7361294,118,Unhealthy for Sensitive Groups,2,26.5,77,0.0,8.7,117,1009.8,95,37.5,39.8,274.0,22.8,47.0,11.4
2026-03-05 22:00:00,2026,3,5,22,Đồng Tháp,Xã Tân Phú Trung,10.2545007,105.7361294,117,Unhealthy for Sensitive Groups,2,25.8,84,0.0,4.9,126,1010.2,98,35.5,38.1,258.0,22.4,41.0,11.0
2026-03-05 23:00:00,2026,3,5,23,Đồng Tháp,Xã Tân Phú Trung,10.2545007,105.7361294,115,Unhealthy for Sensitive Groups,2,25.1,89,0.0,4.3,138,1010.5,98,36.9,39.3,269.0,23.4,38.0,10.7
2026-03-06 00:00:00,2026,3,6,0,Đồng Tháp,Xã Tân Phú Trung,10.2545007,105.7361294,112,Unhealthy for Sensitive Groups,2,24.8,88,0.1,6.1,90,1010.6,96,38.9,41.4,289.0,25.4,35.0,10.6
2026-03-06 01:00:00,2026,3,6,1,Đồng Tháp,Xã Tân Phú Trung,10.2545007,105.7361294,109,Unhealthy for Sensitive Groups,2,24.8,94,0.1,5.2,115,1009.9,33,45.6,48.5,294.0,28.7,32.0,11.0
2026-03-06 02:00:00,2026,3,6,2,Đồng Tháp,Xã Tân Phú Trung,10.2545007,105.7361294,106,Unhealthy for Sensitive Groups,2,24.4,96,0.0,3.2,19,1009.6,45,56.5,59.6,264.0,34.3,27.0,12.4
2026-03-06 03:00:00,2026,3,6,3,Đồng Tháp,Xã Tân Phú Trung,10.2545007,105.7361294,104,Unhealthy for Sensitive Groups,2,24.0,98,0.0,4.3,5,1009.1,33,64.0,67.5,217.0,41.1,20.0,14.4
2026-03-06 04:00:00,2026,3,6,4,Đồng Tháp,Xã Tân Phú Trung,10.2545007,105.7361294,104,Unhealthy for Sensitive Groups,2,23.9,97,0.0,4.2,7,1009.2,33,73.6,77.1,188.0,46.2,16.0,16.4
2026-03-06 05:00:00,2026,3,6,5,Đồng Tháp,Xã Tân Phú Trung,10.2545007,105.7361294,105,Unhealthy for Sensitive Groups,2,23.6,97,0.0,3.1,24,1009.5,94,81.7,85.7,193.0,49.7,12.0,18.7
2026-03-06 06:00:00,2026,3,6,6,Đồng Tháp,Xã Tân Phú Trung,10.2545007,105.7361294,108,Unhealthy for Sensitive Groups,2,23.6,96,0.0,5.5,49,1010.1,12,87.3,91.3,214.0,51.5,10.0,20.9
2026-03-06 07:00:00,2026,3,6,7,Đồng Tháp,Xã Tân Phú Trung,10.2545007,105.7361294,111,Unhealthy for Sensitive Groups,2,24.2,95,0.1,5.6,83,1011.1,27,70.5,72.9,233.0,36.0,24.0,14.1
2026-03-06 08:00:00,2026,3,6,8,Đồng Tháp,Xã Tân Phú Trung,10.2545007,105.7361294,113,Unhealthy for Sensitive Groups,2,25.5,92,0.0,6.0,39,1011.5,55,53.3,54.4,245.0,28.4,45.0,13.8
2026-03-06 09:00:00,2026,3,6,9,Đồng Tháp,Xã Tân Phú Trung,10.2545007,105.7361294,114,Unhealthy for Sensitive Groups,2,26.8,86,0.1,6.7,46,1012.5,100,46.2,46.9,255.0,17.9,75.0,13.3
2026-03-06 10:00:00,2026,3,6,10,Đồng Tháp,Xã Tân Phú Trung,10.2545007,105.7361294,116,Unhealthy for Sensitive Groups,2,27.9,80,0.2,6.5,32,1012.9,100,41.7,42.4,259.0,9.7,101.0,12.2
2026-03-06 11:00:00,2026,3,6,11,Đồng Tháp,Xã Tân Phú Trung,10.2545007,105.7361294,118,Unhealthy for Sensitive Groups,2,29.0,70,0.2,7.5,44,1012.4,95,35.9,36.6,251.0,6.0,118.0,10.0
2026-03-06 12:00:00,2026,3,6,12,Đồng Tháp,Xã Tân Phú Trung,10.2545007,105.7361294,119,Unhealthy for Sensitive Groups,2,29.8,66,0.1,7.1,24,1011.3,24,30.2,30.9,237.0,4.5,131.0,7.1
2026-03-06 13:00:00,2026,3,6,13,Đồng Tháp,Xã Tân Phú Trung,10.2545007,105.7361294,120,Unhealthy for Sensitive Groups,2,30.6,62,0.1,5.4,34,1010.4,17,32.8,33.5,230.0,3.7,142.0,5.1
2026-03-06 14:00:00,2026,3,6,14,Đồng Tháp,Xã Tân Phú Trung,10.2545007,105.7361294,122,Unhealthy for Sensitive Groups,2,29.6,66,0.0,9.4,348,1009.6,100,35.3,36.0,232.0,1.7,153.0,4.0
2026-03-06 15:00:00,2026,3,6,15,Đồng Tháp,Xã Tân Phú Trung,10.2545007,105.7361294,124,Unhealthy for Sensitive Groups,2,26.1,82,2.7,10.3,220,1009.6,89,36.3,36.9,241.0,0.4,162.0,3.7
2026-03-06 16:00:00,2026,3,6,16,Đồng Tháp,Xã Tân Phú Trung,10.2545007,105.7361294,126,Unhealthy for Sensitive Groups,2,25.8,83,0.3,4.6,252,1008.8,23,36.7,37.3,259.0,4.0,160.0,5.0
2026-03-06 17:00:00,2026,3,6,17,Đồng Tháp,Xã Tân Phú Trung,10.2545007,105.7361294,127,Unhealthy for Sensitive Groups,2,26.3,81,0.3,3.1,173,1008.6,14,36.4,36.9,291.0,18.2,137.0,9.5
2026-03-06 18:00:00,2026,3,6,18,Đồng Tháp,Xã Tân Phú Trung,10.2545007,105.7361294,129,Unhealthy for Sensitive Groups,2,25.5,88,0.0,1.5,83,1008.9,9,58.9,59.3,332.0,37.2,102.0,15.6
2026-03-06 19:00:00,2026,3,6,19,Đồng Tháp,Xã Tân Phú Trung,10.2545007,105.7361294,132,Unhealthy for Sensitive Groups,2,23.6,89,0.0,7.7,59,1009.8,44,77.5,78.0,371.0,36.8,83.0,14.9
2026-03-06 20:00:00,2026,3,6,20,Đồng Tháp,Xã Tân Phú Trung,10.2545007,105.7361294,135,Unhealthy for Sensitive Groups,2,23.6,91,0.0,4.3,28,1011.1,60,70.5,71.0,406.0,30.8,89.0,14.2
2026-03-06 21:00:00,2026,3,6,21,Đồng Tháp,Xã Tân Phú Trung,10.2545007,105.7361294,138,Unhealthy for Sensitive Groups,2,23.6,92,0.0,1.5,21,1011.7,53,48.1,48.4,438.0,22.8,96.0,13.2
2026-03-06 22:00:00,2026,3,6,22,Đồng Tháp,Xã Tân Phú Trung,10.2545007,105.7361294,139,Unhealthy for Sensitive Groups,2,23.5,94,0.0,5.9,360,1012.2,30,49.9,50.3,458.0,18.3,99.0,13.0
2026-03-06 23:00:00,2026,3,6,23,Đồng Tháp,Xã Tân Phú Trung,10.2545007,105.7361294,141,Unhealthy for Sensitive Groups,2,23.1,96,0.0,4.1,337,1012.0,10,58.9,59.3,460.0,20.6,93.0,14.0
2026-03-07 00:00:00,2026,3,7,0,Đồng Tháp,Xã Tân Phú Trung,10.2545007,105.7361294,143,Unhealthy for Sensitive Groups,2,23.0,95,0.0,2.0,360,1011.8,11,70.5,71.0,451.0,26.4,82.0,15.8
2026-03-07 01:00:00,2026,3,7,1,Đồng Tháp,Xã Tân Phú Trung,10.2545007,105.7361294,146,Unhealthy for Sensitive Groups,2,23.2,96,0.0,1.8,315,1011.3,30,75.9,76.4,440.0,32.1,72.0,17.6
2026-03-07 02:00:00,2026,3,7,2,Đồng Tháp,Xã Tân Phú Trung,10.2545007,105.7361294,150,Unhealthy for Sensitive Groups,2,23.1,96,0.0,1.7,319,1010.4,19,86.4,86.8,428.0,36.9,65.0,19.7
2026-03-07 03:00:00,2026,3,7,3,Đồng Tháp,Xã Tân Phú Trung,10.2545007,105.7361294,151,Unhealthy,3,23.1,96,0.0,1.0,22,1010.0,18,99.7,100.1,415.0,41.4,59.0,21.9
2026-03-07 04:00:00,2026,3,7,4,Đồng Tháp,Xã Tân Phú Trung,10.2545007,105.7361294,151,Unhealthy,3,23.0,96,0.0,1.6,63,1009.9,9,106.2,106.6,405.0,44.2,53.0,23.1
2026-03-07 05:00:00,2026,3,7,5,Đồng Tháp,Xã Tân Phú Trung,10.2545007,105.7361294,152,Unhealthy,3,22.7,97,0.0,2.3,32,1010.1,52,117.8,118.0,403.0,45.1,44.0,22.6
2026-03-07 06:00:00,2026,3,7,6,Đồng Tháp,Xã Tân Phú Trung,10.2545007,105.7361294,153,Unhealthy,3,22.5,98,0.0,3.1,28,1010.7,34,128.1,128.5,404.0,44.2,35.0,21.1
2026-03-07 07:00:00,2026,3,7,7,Đồng Tháp,Xã Tân Phú Trung,10.2545007,105.7361294,154,Unhealthy,3,24.0,95,0.0,4.5,47,1011.9,98,132.7,137.4,400.0,52.1,41.0,29.3
2026-03-07 08:00:00,2026,3,7,8,Đồng Tháp,Xã Tân Phú Trung,10.2545007,105.7361294,155,Unhealthy,3,25.3,93,0.0,3.3,36,1012.6,92,101.5,103.8,386.0,40.5,65.0,26.3
2026-03-07 09:00:00,2026,3,7,9,Đồng Tháp,Xã Tân Phú Trung,10.2545007,105.7361294,156,Unhealthy,3,26.8,85,0.0,6.5,39,1013.1,24,62.6,66.6,366.0,24.4,99.0,22.0
2026-03-07 10:00:00,2026,3,7,10,Đồng Tháp,Xã Tân Phú Trung,10.2545007,105.7361294,157,Unhealthy,3,28.3,74,0.1,8.0,42,1013.1,22,50.3,54.0,347.0,11.9,130.0,18.2
2026-03-07 11:00:00,2026,3,7,11,Đồng Tháp,Xã Tân Phú Trung,10.2545007,105.7361294,157,Unhealthy,3,29.3,68,0.1,7.1,63,1012.8,13,45.4,47.0,329.0,6.4,153.0,15.4
2026-03-07 12:00:00,2026,3,7,12,Đồng Tháp,Xã Tân Phú Trung,10.2545007,105.7361294,157,Unhealthy,3,30.0,63,0.1,8.5,78,1011.6,23,39.1,40.4,311.0,4.4,173.0,13.1
2026-03-07 13:00:00,2026,3,7,13,Đồng Tháp,Xã Tân Phú Trung,10.2545007,105.7361294,157,Unhealthy,3,30.4,64,0.1,6.4,98,1011.0,17,36.0,37.1,300.0,3.4,187.0,11.5
2026-03-07 14:00:00,2026,3,7,14,Đồng Tháp,Xã Tân Phú Trung,10.2545007,105.7361294,157,Unhealthy,3,30.5,64,0.0,7.1,99,1009.8,70,36.8,38.0,286.0,2.1,197.0,10.8
2026-03-07 15:00:00,2026,3,7,15,Đồng Tháp,Xã Tân Phú Trung,10.2545007,105.7361294,157,Unhealthy,3,30.4,65,0.0,6.1,104,1009.2,8,37.5,38.5,278.0,1.9,203.0,10.7
2026-03-07 16:00:00,2026,3,7,16,Đồng Tháp,Xã Tân Phú Trung,10.2545007,105.7361294,157,Unhealthy,3,29.5,66,0.0,9.6,110,1009.0,100,38.5,39.6,310.0,4.1,198.0,11.3
2026-03-07 17:00:00,2026,3,7,17,Đồng Tháp,Xã Tân Phú Trung,10.2545007,105.7361294,157,Unhealthy,3,24.5,89,4.7,4.4,7,1009.7,66,41.1,42.0,426.0,11.1,176.0,12.8
2026-03-07 18:00:00,2026,3,7,18,Đồng Tháp,Xã Tân Phú Trung,10.2545007,105.7361294,163,Unhealthy,3,24.4,89,0.1,3.9,336,1009.9,34,62.9,63.6,582.0,20.6,144.0,15.0
2026-03-07 19:00:00,2026,3,7,19,Đồng Tháp,Xã Tân Phú Trung,10.2545007,105.7361294,166,Unhealthy,3,24.9,90,0.2,3.5,75,1010.8,20,45.6,46.6,680.0,17.7,119.0,12.3
2026-03-07 20:00:00,2026,3,7,20,Đồng Tháp,Xã Tân Phú Trung,10.2545007,105.7361294,160,Unhealthy,3,24.6,93,0.0,6.0,39,1011.5,16,45.8,47.0,669.0,19.9,107.0,13.3
2026-03-07 21:00:00,2026,3,7,21,Đồng Tháp,Xã Tân Phú Trung,10.2545007,105.7361294,156,Unhealthy,3,24.2,94,0.0,5.3,98,1011.9,19,51.1,53.1,600.0,23.1,91.0,14.6
2026-03-07 22:00:00,2026,3,7,22,Đồng Tháp,Xã Tân Phú Trung,10.2545007,105.7361294,156,Unhealthy,3,24.3,93,0.0,5.5,122,1012.3,5,52.0,55.1,525.0,25.9,76.0,15.3
2026-03-07 23:00:00,2026,3,7,23,Đồng Tháp,Xã Tân Phú Trung,10.2545007,105.7361294,156,Unhealthy,3,24.4,92,0.0,7.8,151,1012.2,2,51.9,55.3,452.0,27.4,65.0,14.5
2026-03-08 00:00:00,2026,3,8,0,Đồng Tháp,Xã Tân Phú Trung,10.2545007,105.7361294,156,Unhealthy,3,24.5,89,0.0,8.5,144,1011.9,18,53.0,56.6,373.0,28.6,55.0,13.0
2026-03-08 01:00:00,2026,3,8,1,Đồng Tháp,Xã Tân Phú Trung,10.2545007,105.7361294,156,Unhealthy,3,24.2,89,0.0,7.6,133,1011.3,17,57.3,61.2,316.0,31.1,46.0,12.3
2026-03-08 02:00:00,2026,3,8,2,Đồng Tháp,Xã Tân Phú Trung,10.2545007,105.7361294,155,Unhealthy,3,23.8,90,0.0,6.0,119,1010.9,4,63.6,68.0,293.0,36.2,39.0,13.2
2026-03-08 03:00:00,2026,3,8,3,Đồng Tháp,Xã Tân Phú Trung,10.2545007,105.7361294,155,Unhealthy,3,23.5,91,0.0,5.6,115,1010.9,10,73.6,78.2,292.0,42.6,33.0,14.9
2026-03-08 04:00:00,2026,3,8,4,Đồng Tháp,Xã Tân Phú Trung,10.2545007,105.7361294,154,Unhealthy,3,23.2,91,0.0,5.6,115,1010.8,0,84.8,89.9,303.0,47.6,28.0,16.8
2026-03-08 05:00:00,2026,3,8,5,Đồng Tháp,Xã Tân Phú Trung,10.2545007,105.7361294,154,Unhealthy,3,23.0,92,0.0,5.4,110,1010.9,0,95.0,100.6,333.0,51.5,22.0,19.0
2026-03-08 06:00:00,2026,3,8,6,Đồng Tháp,Xã Tân Phú Trung,10.2545007,105.7361294,153,Unhealthy,3,22.8,92,0.0,4.9,86,1011.3,0,105.9,112.0,376.0,54.0,17.0,21.3
2026-03-08 07:00:00,2026,3,8,7,Đồng Tháp,Xã Tân Phú Trung,10.2545007,105.7361294,153,Unhealthy,3,24.5,91,0.0,6.7,63,1012.3,4,84.8,89.6,400.0,40.0,34.0,16.9
2026-03-08 08:00:00,2026,3,8,8,Đồng Tháp,Xã Tân Phú Trung,10.2545007,105.7361294,152,Unhealthy,3,26.0,85,0.0,10.9,66,1012.8,18,57.5,61.9,388.0,31.4,58.0,16.7
2026-03-08 09:00:00,2026,3,8,9,Đồng Tháp,Xã Tân Phú Trung,10.2545007,105.7361294,151,Unhealthy,3,27.0,80,0.0,8.5,55,1013.1,13,49.5,51.6,357.0,19.5,91.0,16.3
2026-03-08 10:00:00,2026,3,8,10,Đồng Tháp,Xã Tân Phú Trung,10.2545007,105.7361294,151,Unhealthy,3,28.4,71,0.1,8.6,31,1013.1,28,44.9,46.8,330.0,10.2,122.0,15.4
2026-03-08 11:00:00,2026,3,8,11,Đồng Tháp,Xã Tân Phú Trung,10.2545007,105.7361294,150,Unhealthy for Sensitive Groups,2,29.4,66,0.0,8.8,20,1012.6,17,41.8,43.8,314.0,5.9,146.0,13.6
2026-03-08 12:00:00,2026,3,8,12,Đồng Tháp,Xã Tân Phú Trung,10.2545007,105.7361294,150,Unhealthy for Sensitive Groups,2,30.2,62,0.0,8.9,21,1011.4,19,40.7,43.3,301.0,4.1,167.0,11.3
2026-03-08 13:00:00,2026,3,8,13,Đồng Tháp,Xã Tân Phú Trung,10.2545007,105.7361294,150,Unhealthy for Sensitive Groups,2,30.6,59,0.0,8.4,16,1010.6,20,39.0,42.0,294.0,3.3,182.0,9.6
2026-03-08 14:00:00,2026,3,8,14,Đồng Tháp,Xã Tân Phú Trung,10.2545007,105.7361294,150,Unhealthy for Sensitive Groups,2,31.0,56,0.0,8.1,18,1009.6,45,37.5,40.7,282.0,1.6,190.0,8.4
2026-03-08 15:00:00,2026,3,8,15,Đồng Tháp,Xã Tân Phú Trung,10.2545007,105.7361294,151,Unhealthy,3,31.1,53,0.0,8.0,38,1008.8,35,36.4,39.8,276.0,0.9,192.0,7.8
2026-03-08 16:00:00,2026,3,8,16,Đồng Tháp,Xã Tân Phú Trung,10.2545007,105.7361294,150,Unhealthy for Sensitive Groups,2,30.7,55,0.0,7.1,49,1008.6,37,36.8,40.0,310.0,4.6,185.0,8.8
2026-03-08 17:00:00,2026,3,8,17,Đồng Tháp,Xã Tân Phú Trung,10.2545007,105.7361294,150,Unhealthy for Sensitive Groups,2,30.0,61,0.0,4.4,78,1008.6,51,45.4,48.2,437.0,17.7,163.0,13.3
2026-03-08 18:00:00,2026,3,8,18,Đồng Tháp,Xã Tân Phú Trung,10.2545007,105.7361294,152,Unhealthy,3,28.0,70,0.0,9.1,141,1009.0,52,68.9,71.7,604.0,35.3,131.0,19.4
2026-03-08 19:00:00,2026,3,8,19,Đồng Tháp,Xã Tân Phú Trung,10.2545007,105.7361294,154,Unhealthy,3,26.9,75,0.0,6.9,155,1009.7,20,94.5,97.1,692.0,46.3,97.0,22.3
2026-03-08 20:00:00,2026,3,8,20,Đồng Tháp,Xã Tân Phú Trung,10.2545007,105.7361294,152,Unhealthy,3,26.5,74,0.0,10.3,144,1010.5,5,87.3,89.2,625.0,40.1,89.0,19.8
2026-03-08 21:00:00,2026,3,8,21,Đồng Tháp,Xã Tân Phú Trung,10.2545007,105.7361294,153,Unhealthy,3,25.5,77,0.0,12.1,142,1011.2,0,62.6,64.3,479.0,31.5,77.0,16.4
2026-03-08 22:00:00,2026,3,8,22,Đồng Tháp,Xã Tân Phú Trung,10.2545007,105.7361294,153,Unhealthy,3,24.5,86,0.0,11.4,147,1011.4,0,45.9,47.5,363.0,24.9,68.0,13.4
2026-03-08 23:00:00,2026,3,8,23,Đồng Tháp,Xã Tân Phú Trung,10.2545007,105.7361294,153,Unhealthy,3,24.4,88,0.0,11.7,146,1011.5,0,36.7,38.9,321.0,22.1,63.0,11.4
2026-03-09 00:00:00,2026,3,9,0,Đồng Tháp,Xã Tân Phú Trung,10.2545007,105.7361294,152,Unhealthy,3,24.2,91,0.0,11.8,149,1011.4,0,32.2,34.5,309.0,21.3,59.0,9.8
2026-03-09 01:00:00,2026,3,9,1,Đồng Tháp,Xã Tân Phú Trung,10.2545007,105.7361294,152,Unhealthy,3,23.9,94,0.0,9.2,145,1011.3,0,31.1,33.3,299.0,21.7,56.0,8.9
2026-03-09 02:00:00,2026,3,9,2,Đồng Tháp,Xã Tân Phú Trung,10.2545007,105.7361294,151,Unhealthy,3,23.8,95,0.0,8.2,139,1010.8,0,32.5,34.8,276.0,23.2,53.0,8.6
2026-03-09 03:00:00,2026,3,9,3,Đồng Tháp,Xã Tân Phú Trung,10.2545007,105.7361294,151,Unhealthy,3,23.6,96,0.0,6.9,133,1010.4,0,36.9,39.3,255.0,25.8,51.0,9.0
2026-03-09 04:00:00,2026,3,9,4,Đồng Tháp,Xã Tân Phú Trung,10.2545007,105.7361294,150,Unhealthy for Sensitive Groups,2,23.3,96,0.0,4.8,143,1010.4,0,45.2,48.1,254.0,28.9,48.0,9.9
2026-03-09 05:00:00,2026,3,9,5,Đồng Tháp,Xã Tân Phú Trung,10.2545007,105.7361294,146,Unhealthy for Sensitive Groups,2,23.1,97,0.0,4.5,146,1010.9,1,57.4,60.5,293.0,34.0,39.0,11.9
2026-03-09 06:00:00,2026,3,9,6,Đồng Tháp,Xã Tân Phú Trung,10.2545007,105.7361294,142,Unhealthy for Sensitive Groups,2,23.0,96,0.0,3.4,108,1011.4,8,74.5,78.0,352.0,39.6,30.0,14.5
2026-03-09 07:00:00,2026,3,9,7,Đồng Tháp,Xã Tân Phú Trung,10.2545007,105.7361294,138,Unhealthy for Sensitive Groups,2,24.5,95,0.0,2.3,4,1012.4,100,62.4,66.4,386.0,35.3,41.0,14.4
2026-03-09 08:00:00,2026,3,9,8,Đồng Tháp,Xã Tân Phú Trung,10.2545007,105.7361294,136,Unhealthy for Sensitive Groups,2,25.5,91,0.0,6.3,53,1013.3,73,39.0,43.5,370.0,27.5,64.0,12.9
2026-03-09 09:00:00,2026,3,9,9,Đồng Tháp,Xã Tân Phú Trung,10.2545007,105.7361294,134,Unhealthy for Sensitive Groups,2,27.0,84,0.0,6.1,50,1013.7,23,33.2,37.8,329.0,16.6,97.0,10.7
2026-03-09 10:00:00,2026,3,9,10,Đồng Tháp,Xã Tân Phú Trung,10.2545007,105.7361294,132,Unhealthy for Sensitive Groups,2,28.3,77,0.0,7.0,42,1013.6,16,37.8,40.0,298.0,8.2,125.0,9.1
2026-03-09 11:00:00,2026,3,9,11,Đồng Tháp,Xã Tân Phú Trung,10.2545007,105.7361294,132,Unhealthy for Sensitive Groups,2,29.2,72,0.1,7.1,38,1013.2,22,38.0,40.0,291.0,4.6,145.0,8.5
2026-03-09 12:00:00,2026,3,9,12,Đồng Tháp,Xã Tân Phú Trung,10.2545007,105.7361294,131,Unhealthy for Sensitive Groups,2,29.9,70,0.1,5.7,46,1012.0,19,34.8,36.6,295.0,3.4,161.0,8.4
2026-03-09 13:00:00,2026,3,9,13,Đồng Tháp,Xã Tân Phú Trung,10.2545007,105.7361294,131,Unhealthy for Sensitive Groups,2,29.8,68,0.1,4.6,39,1011.2,22,33.3,34.8,300.0,3.0,172.0,8.5
2026-03-09 14:00:00,2026,3,9,14,Đồng Tháp,Xã Tân Phú Trung,10.2545007,105.7361294,130,Unhealthy for Sensitive Groups,2,30.3,66,0.1,3.5,75,1010.5,20,32.9,34.2,298.0,2.4,180.0,8.7
2026-03-09 15:00:00,2026,3,9,15,Đồng Tháp,Xã Tân Phú Trung,10.2545007,105.7361294,130,Unhealthy for Sensitive Groups,2,30.3,66,0.0,3.2,117,1009.8,13,32.4,33.6,298.0,2.5,184.0,9.0
2026-03-09 16:00:00,2026,3,9,16,Đồng Tháp,Xã Tân Phú Trung,10.2545007,105.7361294,129,Unhealthy for Sensitive Groups,2,30.2,67,0.0,3.5,145,1009.7,13,32.9,34.2,322.0,4.6,179.0,9.9
2026-03-09 17:00:00,2026,3,9,17,Đồng Tháp,Xã Tân Phú Trung,10.2545007,105.7361294,131,Unhealthy for Sensitive Groups,2,28.2,71,0.5,7.3,100,1009.7,72,34.8,36.0,404.0,10.5,162.0,11.9
2026-03-09 18:00:00,2026,3,9,18,Đồng Tháp,Xã Tân Phú Trung,10.2545007,105.7361294,145,Unhealthy for Sensitive Groups,2,27.2,79,0.2,5.9,110,1010.3,38,48.4,49.1,510.0,18.4,137.0,14.3
2026-03-09 19:00:00,2026,3,9,19,Đồng Tháp,Xã Tân Phú Trung,10.2545007,105.7361294,147,Unhealthy for Sensitive Groups,2,24.7,87,0.0,4.9,107,1011.3,66,62.4,63.1,557.0,26.9,108.0,16.5
2026-03-09 20:00:00,2026,3,9,20,Đồng Tháp,Xã Tân Phú Trung,10.2545007,105.7361294,139,Unhealthy for Sensitive Groups,2,25.1,86,0.1,4.7,99,1012.0,35,59.8,60.5,487.0,25.7,97.0,16.0
2026-03-09 21:00:00,2026,3,9,21,Đồng Tháp,Xã Tân Phú Trung,10.2545007,105.7361294,126,Unhealthy for Sensitive Groups,2,25.4,87,0.0,7.3,126,1012.3,27,51.3,52.7,358.0,24.1,82.0,15.2
2026-03-09 22:00:00,2026,3,9,22,Đồng Tháp,Xã Tân Phú Trung,10.2545007,105.7361294,118,Unhealthy for Sensitive Groups,2,25.4,88,0.0,11.2,116,1012.9,36,40.2,42.0,257.0,22.7,69.0,14.0
2026-03-09 23:00:00,2026,3,9,23,Đồng Tháp,Xã Tân Phú Trung,10.2545007,105.7361294,118,Unhealthy for Sensitive Groups,2,25.0,91,0.0,9.4,97,1013.4,71,31.1,33.5,224.0,21.5,60.0,12.0
2026-03-10 00:00:00,2026,3,10,0,Đồng Tháp,Xã Tân Phú Trung,10.2545007,105.7361294,117,Unhealthy for Sensitive Groups,2,24.8,91,0.0,8.5,117,1013.1,49,27.9,30.6,220.0,20.6,52.0,9.7
2026-03-10 01:00:00,2026,3,10,1,Đồng Tháp,Xã Tân Phú Trung,10.2545007,105.7361294,116,Unhealthy for Sensitive Groups,2,23.6,93,0.0,5.7,122,1012.2,13,29.8,32.6,215.0,21.1,46.0,8.2
2026-03-10 02:00:00,2026,3,10,2,Đồng Tháp,Xã Tân Phú Trung,10.2545007,105.7361294,116,Unhealthy for Sensitive Groups,2,23.9,94,0.0,3.1,121,1011.9,38,34.5,37.3,194.0,24.3,40.0,8.2
2026-03-10 03:00:00,2026,3,10,3,Đồng Tháp,Xã Tân Phú Trung,10.2545007,105.7361294,117,Unhealthy for Sensitive Groups,2,23.9,94,0.0,3.1,87,1011.2,5,41.0,43.9,173.0,28.9,35.0,9.2
2026-03-10 04:00:00,2026,3,10,4,Đồng Tháp,Xã Tân Phú Trung,10.2545007,105.7361294,117,Unhealthy for Sensitive Groups,2,23.7,94,0.0,3.8,71,1011.2,24,50.6,53.9,171.0,32.8,31.0,10.4
2026-03-10 05:00:00,2026,3,10,5,Đồng Tháp,Xã Tân Phú Trung,10.2545007,105.7361294,118,Unhealthy for Sensitive Groups,2,23.7,94,0.0,3.0,57,1011.4,54,63.8,67.3,209.0,36.4,23.0,12.2
2026-03-10 06:00:00,2026,3,10,6,Đồng Tháp,Xã Tân Phú Trung,10.2545007,105.7361294,118,Unhealthy for Sensitive Groups,2,23.5,96,0.0,4.3,45,1011.8,19,74.7,78.2,266.0,39.3,16.0,14.2
2026-03-10 07:00:00,2026,3,10,7,Đồng Tháp,Xã Tân Phú Trung,10.2545007,105.7361294,118,Unhealthy for Sensitive Groups,2,25.3,93,0.0,7.1,36,1012.9,7,68.7,70.8,305.0,37.1,25.0,14.6
2026-03-10 08:00:00,2026,3,10,8,Đồng Tháp,Xã Tân Phú Trung,10.2545007,105.7361294,119,Unhealthy for Sensitive Groups,2,26.9,88,0.0,8.0,59,1013.7,63,41.8,44.8,306.0,28.8,51.0,14.0
2026-03-10 09:00:00,2026,3,10,9,Đồng Tháp,Xã Tân Phú Trung,10.2545007,105.7361294,119,Unhealthy for Sensitive Groups,2,28.1,80,0.0,8.5,46,1014.1,48,31.1,34.8,289.0,17.2,87.0,13.0
2026-03-10 10:00:00,2026,3,10,10,Đồng Tháp,Xã Tân Phú Trung,10.2545007,105.7361294,119,Unhealthy for Sensitive Groups,2,29.1,74,0.0,8.7,21,1014.3,13,25.4,28.0,272.0,8.3,118.0,12.0
2026-03-10 11:00:00,2026,3,10,11,Đồng Tháp,Xã Tân Phú Trung,10.2545007,105.7361294,118,Unhealthy for Sensitive Groups,2,30.0,70,0.0,6.7,14,1013.6,30,21.5,22.1,259.0,4.5,138.0,10.8
2026-03-10 12:00:00,2026,3,10,12,Đồng Tháp,Xã Tân Phú Trung,10.2545007,105.7361294,116,Unhealthy for Sensitive Groups,2,30.9,66,0.0,5.5,36,1012.3,16,20.5,21.0,247.0,3.2,153.0,9.6
2026-03-10 13:00:00,2026,3,10,13,Đồng Tháp,Xã Tân Phú Trung,10.2545007,105.7361294,114,Unhealthy for Sensitive Groups,2,30.7,64,0.0,7.2,63,1011.9,19,21.0,21.4,242.0,2.9,162.0,8.7
2026-03-10 14:00:00,2026,3,10,14,Đồng Tháp,Xã Tân Phú Trung,10.2545007,105.7361294,113,Unhealthy for Sensitive Groups,2,30.9,63,0.0,6.3,85,1011.0,26,22.8,23.3,240.0,2.5,167.0,8.3
2026-03-10 15:00:00,2026,3,10,15,Đồng Tháp,Xã Tân Phú Trung,10.2545007,105.7361294,112,Unhealthy for Sensitive Groups,2,30.8,62,0.0,3.5,102,1010.1,9,26.5,27.1,244.0,3.1,166.0,8.2
2026-03-10 16:00:00,2026,3,10,16,Đồng Tháp,Xã Tân Phú Trung,10.2545007,105.7361294,112,Unhealthy for Sensitive Groups,2,29.8,65,0.5,10.3,97,1010.0,48,29.5,30.0,274.0,5.8,159.0,9.0
2026-03-10 17:00:00,2026,3,10,17,Đồng Tháp,Xã Tân Phú Trung,10.2545007,105.7361294,111,Unhealthy for Sensitive Groups,2,26.7,80,0.5,3.9,43,1010.8,38,32.7,33.3,364.0,12.3,142.0,11.2
2026-03-10 18:00:00,2026,3,10,18,Đồng Tháp,Xã Tân Phú Trung,10.2545007,105.7361294,123,Unhealthy for Sensitive Groups,2,26.6,86,0.0,0.8,45,1011.1,34,39.9,40.4,479.0,21.0,118.0,14.1
2026-03-10 19:00:00,2026,3,10,19,Đồng Tháp,Xã Tân Phú Trung,10.2545007,105.7361294,123,Unhealthy for Sensitive Groups,2,25.0,88,0.0,3.6,290,1011.8,12,59.4,60.1,536.0,29.4,97.0,17.1
2026-03-10 20:00:00,2026,3,10,20,Đồng Tháp,Xã Tân Phú Trung,10.2545007,105.7361294,114,Unhealthy for Sensitive Groups,2,24.8,90,0.0,0.4,270,1012.3,7,69.4,71.2,471.0,30.9,84.0,17.6
2026-03-10 21:00:00,2026,3,10,21,Đồng Tháp,Xã Tân Phú Trung,10.2545007,105.7361294,111,Unhealthy for Sensitive Groups,2,25.1,87,0.0,6.7,121,1012.6,9,67.5,69.4,347.0,32.9,66.0,18.2
2026-03-10 22:00:00,2026,3,10,22,Đồng Tháp,Xã Tân Phú Trung,10.2545007,105.7361294,112,Unhealthy for Sensitive Groups,2,25.3,86,0.0,8.6,101,1013.0,4,56.7,59.0,267.0,34.1,51.0,18.0
2026-03-10 23:00:00,2026,3,10,23,Đồng Tháp,Xã Tân Phú Trung,10.2545007,105.7361294,114,Unhealthy for Sensitive Groups,2,24.4,90,0.0,4.9,96,1012.8,13,48.0,50.3,285.0,32.9,44.0,16.0
2026-03-11 00:00:00,2026,3,11,0,Đồng Tháp,Xã Tân Phú Trung,10.2545007,105.7361294,116,Unhealthy for Sensitive Groups,2,24.5,90,0.0,6.3,87,1012.6,29,44.0,46.2,346.0,30.9,40.0,13.2
2026-03-11 01:00:00,2026,3,11,1,Đồng Tháp,Xã Tân Phú Trung,10.2545007,105.7361294,118,Unhealthy for Sensitive Groups,2,24.7,91,0.0,3.9,56,1012.1,37,44.6,46.8,391.0,31.1,35.0,11.4
2026-03-11 02:00:00,2026,3,11,2,Đồng Tháp,Xã Tân Phú Trung,10.2545007,105.7361294,119,Unhealthy for Sensitive Groups,2,24.8,91,0.0,1.8,354,1011.7,64,48.5,50.9,393.0,36.2,28.0,11.6
2026-03-11 03:00:00,2026,3,11,3,Đồng Tháp,Xã Tân Phú Trung,10.2545007,105.7361294,121,Unhealthy for Sensitive Groups,2,24.4,92,0.0,2.1,31,1011.0,98,58.2,60.8,378.0,43.4,20.0,12.8
2026-03-11 04:00:00,2026,3,11,4,Đồng Tháp,Xã Tân Phú Trung,10.2545007,105.7361294,122,Unhealthy for Sensitive Groups,2,24.0,93,0.0,4.6,36,1010.8,100,73.1,75.7,369.0,47.7,15.0,13.9
2026-03-11 05:00:00,2026,3,11,5,Đồng Tháp,Xã Tân Phú Trung,10.2545007,105.7361294,125,Unhealthy for Sensitive Groups,2,23.5,94,0.0,4.7,50,1011.1,93,79.2,82.0,379.0,47.0,12.0,14.9
2026-03-11 06:00:00,2026,3,11,6,Đồng Tháp,Xã Tân Phú Trung,10.2545007,105.7361294,126,Unhealthy for Sensitive Groups,2,23.5,95,0.0,5.5,52,1011.5,93,81.3,84.1,394.0,43.4,13.0,15.9
2026-03-11 07:00:00,2026,3,11,7,Đồng Tháp,Xã Tân Phú Trung,10.2545007,105.7361294,127,Unhealthy for Sensitive Groups,2,24.5,91,0.0,10.7,46,1012.6,81,85.0,87.5,396.0,42.2,20.0,16.9
2026-03-11 08:00:00,2026,3,11,8,Đồng Tháp,Xã Tân Phú Trung,10.2545007,105.7361294,129,Unhealthy for Sensitive Groups,2,25.9,86,0.0,6.4,25,1013.3,98,64.3,67.1,371.0,32.3,53.0,15.6
2026-03-11 09:00:00,2026,3,11,9,Đồng Tháp,Xã Tân Phú Trung,10.2545007,105.7361294,131,Unhealthy for Sensitive Groups,2,27.4,78,0.0,7.1,10,1013.7,81,39.5,42.0,332.0,18.7,99.0,13.8
2026-03-11 10:00:00,2026,3,11,10,Đồng Tháp,Xã Tân Phú Trung,10.2545007,105.7361294,132,Unhealthy for Sensitive Groups,2,28.6,73,0.0,5.7,24,1013.4,16,30.9,32.4,300.0,8.2,135.0,12.1
2026-03-11 11:00:00,2026,3,11,11,Đồng Tháp,Xã Tân Phú Trung,10.2545007,105.7361294,132,Unhealthy for Sensitive Groups,2,29.5,69,0.0,5.2,16,1012.7,77,27.2,28.1,281.0,4.1,152.0,10.6
2026-03-11 12:00:00,2026,3,11,12,Đồng Tháp,Xã Tân Phú Trung,10.2545007,105.7361294,133,Unhealthy for Sensitive Groups,2,30.0,67,0.0,5.4,2,1011.7,91,23.8,24.5,269.0,3.3,160.0,9.1
2026-03-11 13:00:00,2026,3,11,13,Đồng Tháp,Xã Tân Phú Trung,10.2545007,105.7361294,133,Unhealthy for Sensitive Groups,2,30.5,61,0.0,5.0,21,1010.8,90,21.9,22.6,261.0,3.1,163.0,7.9
2026-03-11 14:00:00,2026,3,11,14,Đồng Tháp,Xã Tân Phú Trung,10.2545007,105.7361294,134,Unhealthy for Sensitive Groups,2,31.0,58,0.0,5.3,12,1010.0,42,20.3,21.2,248.0,1.9,164.0,6.7
2026-03-11 15:00:00,2026,3,11,15,Đồng Tháp,Xã Tân Phú Trung,10.2545007,105.7361294,133,Unhealthy for Sensitive Groups,2,30.9,56,0.0,4.7,18,1009.2,38,19.1,20.0,239.0,1.4,161.0,5.9
2026-03-11 16:00:00,2026,3,11,16,Đồng Tháp,Xã Tân Phú Trung,10.2545007,105.7361294,132,Unhealthy for Sensitive Groups,2,30.5,56,0.0,5.1,17,1008.9,19,19.0,19.8,258.0,4.2,153.0,6.5
2026-03-11 17:00:00,2026,3,11,17,Đồng Tháp,Xã Tân Phú Trung,10.2545007,105.7361294,131,Unhealthy for Sensitive Groups,2,30.0,56,0.0,2.5,172,1008.7,6,22.5,23.3,338.0,14.1,136.0,10.0
2026-03-11 18:00:00,2026,3,11,18,Đồng Tháp,Xã Tân Phú Trung,10.2545007,105.7361294,130,Unhealthy for Sensitive Groups,2,28.1,67,0.0,5.0,165,1009.2,6,51.7,52.7,446.0,27.4,113.0,15.0
2026-03-11 19:00:00,2026,3,11,19,Đồng Tháp,Xã Tân Phú Trung,10.2545007,105.7361294,132,Unhealthy for Sensitive Groups,2,25.6,85,0.0,7.7,141,1009.9,27,50.6,51.2,511.0,25.8,110.0,16.1
2026-03-11 20:00:00,2026,3,11,20,Đồng Tháp,Xã Tân Phú Trung,10.2545007,105.7361294,131,Unhealthy for Sensitive Groups,2,25.5,83,0.0,10.4,124,1010.9,15,46.8,47.4,495.0,24.1,99.0,15.2
2026-03-11 21:00:00,2026,3,11,21,Đồng Tháp,Xã Tân Phú Trung,10.2545007,105.7361294,128,Unhealthy for Sensitive Groups,2,25.6,84,0.0,11.0,139,1011.4,25,38.8,39.8,435.0,21.9,84.0,13.8
2026-03-11 22:00:00,2026,3,11,22,Đồng Tháp,Xã Tân Phú Trung,10.2545007,105.7361294,125,Unhealthy for Sensitive Groups,2,25.5,84,0.0,11.2,142,1011.8,63,31.5,33.4,374.0,20.2,72.0,12.4
2026-03-11 23:00:00,2026,3,11,23,Đồng Tháp,Xã Tân Phú Trung,10.2545007,105.7361294,123,Unhealthy for Sensitive Groups,2,25.1,81,0.0,13.1,132,1011.8,50,28.3,30.4,321.0,19.5,66.0,10.9
2026-03-12 00:00:00,2026,3,12,0,Đồng Tháp,Xã Tân Phú Trung,10.2545007,105.7361294,121,Unhealthy for Sensitive Groups,2,24.7,82,0.0,10.2,136,1011.8,6,27.5,29.7,266.0,19.3,64.0,9.4
2026-03-12 01:00:00,2026,3,12,1,Đồng Tháp,Xã Tân Phú Trung,10.2545007,105.7361294,119,Unhealthy for Sensitive Groups,2,24.8,81,0.0,11.1,136,1011.1,73,28.7,31.0,228.0,20.0,61.0,8.4
2026-03-12 02:00:00,2026,3,12,2,Đồng Tháp,Xã Tân Phú Trung,10.2545007,105.7361294,117,Unhealthy for Sensitive Groups,2,24.7,80,0.0,10.3,137,1010.6,48,31.3,33.5,212.0,21.5,57.0,8.2
2026-03-12 03:00:00,2026,3,12,3,Đồng Tháp,Xã Tân Phú Trung,10.2545007,105.7361294,115,Unhealthy for Sensitive Groups,2,24.5,80,0.0,10.7,130,1010.0,100,34.9,37.4,213.0,23.9,53.0,8.5
2026-03-12 04:00:00,2026,3,12,4,Đồng Tháp,Xã Tân Phú Trung,10.2545007,105.7361294,113,Unhealthy for Sensitive Groups,2,24.5,81,0.0,5.5,131,1010.1,88,39.8,42.3,228.0,27.0,49.0,9.5
2026-03-12 05:00:00,2026,3,12,5,Đồng Tháp,Xã Tân Phú Trung,10.2545007,105.7361294,110,Unhealthy for Sensitive Groups,2,24.2,83,0.0,4.8,121,1010.4,93,46.4,49.1,267.0,32.7,40.0,11.7
2026-03-12 06:00:00,2026,3,12,6,Đồng Tháp,Xã Tân Phú Trung,10.2545007,105.7361294,106,Unhealthy for Sensitive Groups,2,24.1,85,0.0,5.1,107,1011.0,26,56.8,59.6,320.0,39.2,31.0,14.6
2026-03-12 07:00:00,2026,3,12,7,Đồng Tháp,Xã Tân Phú Trung,10.2545007,105.7361294,104,Unhealthy for Sensitive Groups,2,25.1,87,0.0,8.7,103,1011.7,17,42.5,44.9,357.0,28.3,43.0,11.7
2026-03-12 08:00:00,2026,3,12,8,Đồng Tháp,Xã Tân Phú Trung,10.2545007,105.7361294,99,Moderate,1,26.7,81,0.0,12.4,92,1012.3,51,34.8,37.6,361.0,24.8,54.0,13.1
2026-03-12 09:00:00,2026,3,12,9,Đồng Tháp,Xã Tân Phú Trung,10.2545007,105.7361294,97,Moderate,1,27.9,73,0.0,13.4,86,1012.5,15,29.3,32.7,348.0,19.7,71.0,15.0
2026-03-12 10:00:00,2026,3,12,10,Đồng Tháp,Xã Tân Phú Trung,10.2545007,105.7361294,96,Moderate,1,29.2,63,0.1,14.3,79,1012.7,32,31.9,36.8,336.0,15.0,93.0,16.2
2026-03-12 11:00:00,2026,3,12,11,Đồng Tháp,Xã Tân Phú Trung,10.2545007,105.7361294,96,Moderate,1,29.9,59,0.0,14.1,80,1012.0,19,34.2,38.5,332.0,10.8,126.0,16.0
2026-03-12 12:00:00,2026,3,12,12,Đồng Tháp,Xã Tân Phú Trung,10.2545007,105.7361294,96,Moderate,1,30.5,55,0.0,11.9,84,1010.8,14,41.6,43.3,328.0,7.0,163.0,15.0
2026-03-12 13:00:00,2026,3,12,13,Đồng Tháp,Xã Tân Phú Trung,10.2545007,105.7361294,98,Moderate,1,30.9,53,0.0,10.0,73,1010.0,45,40.7,42.1,322.0,4.4,191.0,14.0
2026-03-12 14:00:00,2026,3,12,14,Đồng Tháp,Xã Tân Phú Trung,10.2545007,105.7361294,100,Moderate,1,30.8,53,0.1,10.3,83,1008.9,20,37.6,39.0,307.0,3.3,203.0,13.2
2026-03-12 15:00:00,2026,3,12,15,Đồng Tháp,Xã Tân Phú Trung,10.2545007,105.7361294,101,Unhealthy for Sensitive Groups,2,30.5,53,0.1,10.8,101,1008.0,20,37.7,39.1,290.0,3.4,206.0,12.4
2026-03-12 16:00:00,2026,3,12,16,Đồng Tháp,Xã Tân Phú Trung,10.2545007,105.7361294,103,Unhealthy for Sensitive Groups,2,30.0,55,0.1,11.7,110,1008.1,23,36.9,38.4,280.0,5.2,197.0,12.0
2026-03-12 17:00:00,2026,3,12,17,Đồng Tháp,Xã Tân Phú Trung,10.2545007,105.7361294,132,Unhealthy for Sensitive Groups,2,28.9,62,0.1,12.5,111,1008.2,26,36.9,38.3,286.0,10.1,171.0,12.3
2026-03-12 18:00:00,2026,3,12,18,Đồng Tháp,Xã Tân Phú Trung,10.2545007,105.7361294,153,Unhealthy,3,27.6,63,0.0,13.5,120,1008.8,13,43.0,44.0,300.0,16.7,134.0,13.0
2026-03-12 19:00:00,2026,3,12,19,Đồng Tháp,Xã Tân Phú Trung,10.2545007,105.7361294,159,Unhealthy,3,26.8,69,0.0,16.6,129,1009.4,6,32.1,33.4,309.0,21.9,93.0,12.5
2026-03-12 20:00:00,2026,3,12,20,Đồng Tháp,Xã Tân Phú Trung,10.2545007,105.7361294,154,Unhealthy,3,26.4,72,0.0,15.5,125,1010.3,5,25.5,27.3,306.0,20.1,87.0,11.4
2026-03-12 21:00:00,2026,3,12,21,Đồng Tháp,Xã Tân Phú Trung,10.2545007,105.7361294,139,Unhealthy for Sensitive Groups,2,25.8,77,0.0,15.2,120,1011.1,5,22.4,24.4,297.0,17.7,79.0,9.7
2026-03-12 22:00:00,2026,3,12,22,Đồng Tháp,Xã Tân Phú Trung,10.2545007,105.7361294,115,Unhealthy for Sensitive Groups,2,25.3,78,0.0,16.5,119,1011.4,2,22.8,25.0,287.0,16.0,72.0,8.4
2026-03-12 23:00:00,2026,3,12,23,Đồng Tháp,Xã Tân Phú Trung,10.2545007,105.7361294,99,Moderate,1,25.0,78,0.0,16.8,119,1011.5,2,23.9,26.3,274.0,15.3,70.0,7.5
2026-03-13 00:00:00,2026,3,13,0,Đồng Tháp,Xã Tân Phú Trung,10.2545007,105.7361294,99,Moderate,1,24.9,76,0.0,16.1,118,1011.2,2,24.1,26.5,259.0,15.4,70.0,6.9
2026-03-13 01:00:00,2026,3,13,1,Đồng Tháp,Xã Tân Phú Trung,10.2545007,105.7361294,99,Moderate,1,24.9,77,0.0,16.1,120,1010.7,6,24.1,26.5,249.0,16.3,68.0,6.6
2026-03-13 02:00:00,2026,3,13,2,Đồng Tháp,Xã Tân Phú Trung,10.2545007,105.7361294,98,Moderate,1,24.9,75,0.0,15.4,117,1010.3,3,25.1,27.5,242.0,18.4,64.0,6.6
2026-03-13 03:00:00,2026,3,13,3,Đồng Tháp,Xã Tân Phú Trung,10.2545007,105.7361294,98,Moderate,1,24.6,74,0.0,14.6,112,1009.9,9,28.9,31.3,239.0,21.4,59.0,7.0
2026-03-13 04:00:00,2026,3,13,4,Đồng Tháp,Xã Tân Phú Trung,10.2545007,105.7361294,97,Moderate,1,24.4,75,0.0,12.0,109,1010.2,5,36.1,38.4,250.0,24.6,53.0,8.0
2026-03-13 05:00:00,2026,3,13,5,Đồng Tháp,Xã Tân Phú Trung,10.2545007,105.7361294,97,Moderate,1,24.2,76,0.0,11.3,99,1010.4,5,45.8,48.1,286.0,29.2,41.0,10.1
2026-03-13 06:00:00,2026,3,13,6,Đồng Tháp,Xã Tân Phú Trung,10.2545007,105.7361294,97,Moderate,1,24.1,78,0.0,12.8,90,1011.0,3,52.7,55.1,334.0,34.0,28.0,12.8
2026-03-13 07:00:00,2026,3,13,7,Đồng Tháp,Xã Tân Phú Trung,10.2545007,105.7361294,96,Moderate,1,24.9,84,0.0,10.5,73,1012.0,11,66.8,69.6,370.0,36.1,28.0,14.0
2026-03-13 08:00:00,2026,3,13,8,Đồng Tháp,Xã Tân Phú Trung,10.2545007,105.7361294,98,Moderate,1,26.5,77,0.0,12.7,75,1012.7,29,47.5,51.3,380.0,29.0,51.0,14.5
2026-03-13 09:00:00,2026,3,13,9,Đồng Tháp,Xã Tân Phú Trung,10.2545007,105.7361294,100,Moderate,1,27.6,70,0.0,16.2,71,1013.2,97,36.3,41.1,377.0,19.2,82.0,15.1
2026-03-13 10:00:00,2026,3,13,10,Đồng Tháp,Xã Tân Phú Trung,10.2545007,105.7361294,100,Moderate,1,28.5,64,0.0,13.9,59,1013.4,14,32.7,37.6,370.0,11.3,111.0,14.9
2026-03-13 11:00:00,2026,3,13,11,Đồng Tháp,Xã Tân Phú Trung,10.2545007,105.7361294,100,Moderate,1,29.5,62,0.0,11.7,67,1012.8,14,28.8,32.6,359.0,7.1,133.0,13.0
2026-03-13 12:00:00,2026,3,13,12,Đồng Tháp,Xã Tân Phú Trung,10.2545007,105.7361294,100,Moderate,1,29.9,61,0.0,9.8,76,1011.6,23,24.6,26.8,343.0,4.7,152.0,10.2
2026-03-13 13:00:00,2026,3,13,13,Đồng Tháp,Xã Tân Phú Trung,10.2545007,105.7361294,98,Moderate,1,30.0,59,0.0,12.5,102,1010.8,31,22.1,24.0,332.0,3.4,164.0,8.1
2026-03-13 14:00:00,2026,3,13,14,Đồng Tháp,Xã Tân Phú Trung,10.2545007,105.7361294,97,Moderate,1,30.5,54,0.0,12.3,98,1009.7,16,20.5,22.4,325.0,2.1,168.0,7.0
2026-03-13 15:00:00,2026,3,13,15,Đồng Tháp,Xã Tân Phú Trung,10.2545007,105.7361294,95,Moderate,1,30.4,52,0.0,13.3,93,1009.1,17,20.0,21.9,322.0,1.9,165.0,6.5
2026-03-13 16:00:00,2026,3,13,16,Đồng Tháp,Xã Tân Phú Trung,10.2545007,105.7361294,94,Moderate,1,30.2,52,0.0,14.0,97,1008.6,21,19.9,21.9,335.0,4.7,155.0,6.9
2026-03-13 17:00:00,2026,3,13,17,Đồng Tháp,Xã Tân Phú Trung,10.2545007,105.7361294,107,Unhealthy for Sensitive Groups,2,29.3,55,0.1,11.0,89,1009.1,33,26.3,28.2,375.0,13.9,132.0,9.1
2026-03-13 18:00:00,2026,3,13,18,Đồng Tháp,Xã Tân Phú Trung,10.2545007,105.7361294,118,Unhealthy for Sensitive Groups,2,26.8,71,0.0,2.5,4,1010.2,48,44.0,46.3,431.0,26.2,102.0,12.3
2026-03-13 19:00:00,2026,3,13,19,Đồng Tháp,Xã Tân Phú Trung,10.2545007,105.7361294,116,Unhealthy for Sensitive Groups,2,25.1,77,0.0,4.2,301,1010.4,17,71.2,75.9,483.0,42.0,78.0,17.7
2026-03-13 20:00:00,2026,3,13,20,Đồng Tháp,Xã Tân Phú Trung,10.2545007,105.7361294,104,Unhealthy for Sensitive Groups,2,24.5,85,0.1,3.3,29,1011.9,72,65.2,68.7,526.0,38.1,73.0,16.3
2026-03-13 21:00:00,2026,3,13,21,Đồng Tháp,Xã Tân Phú Trung,10.2545007,105.7361294,98,Moderate,1,24.6,87,0.0,0.9,53,1012.4,100,54.0,57.0,565.0,32.7,66.0,14.2
2026-03-13 22:00:00,2026,3,13,22,Đồng Tháp,Xã Tân Phú Trung,10.2545007,105.7361294,101,Unhealthy for Sensitive Groups,2,24.8,87,0.0,1.1,288,1012.8,59,45.1,48.1,588.0,28.6,60.0,12.5
2026-03-13 23:00:00,2026,3,13,23,Đồng Tháp,Xã Tân Phú Trung,10.2545007,105.7361294,104,Unhealthy for Sensitive Groups,2,24.2,89,0.0,1.7,257,1012.5,96,40.5,43.5,592.0,26.9,58.0,11.3
2026-03-14 00:00:00,2026,3,14,0,Đồng Tháp,Xã Tân Phú Trung,10.2545007,105.7361294,105,Unhealthy for Sensitive Groups,2,24.2,88,0.0,3.7,194,1012.1,95,39.7,42.8,580.0,26.4,57.0,10.3
2026-03-14 01:00:00,2026,3,14,1,Đồng Tháp,Xã Tân Phú Trung,10.2545007,105.7361294,107,Unhealthy for Sensitive Groups,2,24.8,87,0.0,2.1,200,1011.4,100,43.0,46.3,558.0,27.0,56.0,9.8
2026-03-14 02:00:00,2026,3,14,2,Đồng Tháp,Xã Tân Phú Trung,10.2545007,105.7361294,109,Unhealthy for Sensitive Groups,2,24.5,88,0.0,2.8,191,1011.3,100,48.1,51.6,515.0,28.9,52.0,9.8
2026-03-14 03:00:00,2026,3,14,3,Đồng Tháp,Xã Tân Phú Trung,10.2545007,105.7361294,111,Unhealthy for Sensitive Groups,2,24.3,88,0.0,3.8,163,1010.9,95,52.0,55.5,462.0,31.7,48.0,10.1
2026-03-14 04:00:00,2026,3,14,4,Đồng Tháp,Xã Tân Phú Trung,10.2545007,105.7361294,114,Unhealthy for Sensitive Groups,2,24.2,89,0.0,2.5,150,1010.9,100,55.3,58.9,433.0,34.2,44.0,10.9
2026-03-14 05:00:00,2026,3,14,5,Đồng Tháp,Xã Tân Phú Trung,10.2545007,105.7361294,116,Unhealthy for Sensitive Groups,2,24.2,89,0.0,2.4,126,1011.3,100,58.4,61.9,452.0,36.6,38.0,12.2
2026-03-14 06:00:00,2026,3,14,6,Đồng Tháp,Xã Tân Phú Trung,10.2545007,105.7361294,117,Unhealthy for Sensitive Groups,2,24.2,89,0.0,2.3,108,1012.1,100,62.9,66.6,496.0,38.7,31.0,14.0
2026-03-14 07:00:00,2026,3,14,7,Đồng Tháp,Xã Tân Phú Trung,10.2545007,105.7361294,118,Unhealthy for Sensitive Groups,2,25.0,85,0.0,8.4,81,1013.0,81,75.2,78.5,531.0,44.4,30.0,16.8
2026-03-14 08:00:00,2026,3,14,8,Đồng Tháp,Xã Tân Phú Trung,10.2545007,105.7361294,119,Unhealthy for Sensitive Groups,2,26.2,81,0.0,7.2,71,1014.0,99,57.6,61.2,552.0,36.0,51.0,17.2
2026-03-14 09:00:00,2026,3,14,9,Đồng Tháp,Xã Tân Phú Trung,10.2545007,105.7361294,120,Unhealthy for Sensitive Groups,2,26.6,80,0.0,7.1,63,1014.3,62,43.0,47.4,564.0,24.4,82.0,17.7
2026-03-14 10:00:00,2026,3,14,10,Đồng Tháp,Xã Tân Phú Trung,10.2545007,105.7361294,121,Unhealthy for Sensitive Groups,2,28.1,72,0.1,9.4,52,1014.5,23,36.7,40.5,554.0,14.8,113.0,17.6
2026-03-14 11:00:00,2026,3,14,11,Đồng Tháp,Xã Tân Phú Trung,10.2545007,105.7361294,121,Unhealthy for Sensitive Groups,2,29.0,66,0.2,9.8,44,1013.9,20,39.0,41.1,503.0,9.4,144.0,16.4
2026-03-14 12:00:00,2026,3,14,12,Đồng Tháp,Xã Tân Phú Trung,10.2545007,105.7361294,122,Unhealthy for Sensitive Groups,2,29.5,63,0.1,8.7,45,1012.8,20,40.0,41.9,430.0,6.0,176.0,14.7
2026-03-14 13:00:00,2026,3,14,13,Đồng Tháp,Xã Tân Phú Trung,10.2545007,105.7361294,124,Unhealthy for Sensitive Groups,2,30.0,61,0.0,6.0,53,1012.3,13,37.6,39.2,379.0,3.9,198.0,13.2
2026-03-14 14:00:00,2026,3,14,14,Đồng Tháp,Xã Tân Phú Trung,10.2545007,105.7361294,125,Unhealthy for Sensitive Groups,2,30.4,60,0.0,6.1,78,1011.1,13,35.5,37.1,377.0,2.3,209.0,12.2
2026-03-14 15:00:00,2026,3,14,15,Đồng Tháp,Xã Tân Phú Trung,10.2545007,105.7361294,127,Unhealthy for Sensitive Groups,2,30.2,60,0.0,8.9,97,1010.3,12,34.1,35.7,396.0,2.1,210.0,11.6
2026-03-14 16:00:00,2026,3,14,16,Đồng Tháp,Xã Tân Phú Trung,10.2545007,105.7361294,128,Unhealthy for Sensitive Groups,2,30.1,58,0.0,9.3,103,1010.1,9,31.1,32.6,404.0,4.4,200.0,11.6
2026-03-14 17:00:00,2026,3,14,17,Đồng Tháp,Xã Tân Phú Trung,10.2545007,105.7361294,150,Unhealthy for Sensitive Groups,2,29.9,60,0.0,7.3,97,1010.2,30,30.5,31.7,382.0,11.9,171.0,13.0
2026-03-14 18:00:00,2026,3,14,18,Đồng Tháp,Xã Tân Phú Trung,10.2545007,105.7361294,164,Unhealthy,3,28.2,64,0.0,10.7,95,1010.8,33,46.1,47.7,347.0,22.1,131.0,14.9
2026-03-14 19:00:00,2026,3,14,19,Đồng Tháp,Xã Tân Phú Trung,10.2545007,105.7361294,167,Unhealthy,3,26.5,74,0.0,6.0,115,1011.6,9,41.1,43.3,319.0,24.7,86.0,12.6
2026-03-14 20:00:00,2026,3,14,20,Đồng Tháp,Xã Tân Phú Trung,10.2545007,105.7361294,158,Unhealthy,3,26.5,75,0.0,11.2,105,1012.5,5,34.6,36.4,304.0,22.4,82.0,11.5
2026-03-14 21:00:00,2026,3,14,21,Đồng Tháp,Xã Tân Phú Trung,10.2545007,105.7361294,140,Unhealthy for Sensitive Groups,2,26.1,77,0.0,13.2,112,1013.2,3,28.0,29.9,294.0,19.4,77.0,10.1
2026-03-14 22:00:00,2026,3,14,22,Đồng Tháp,Xã Tân Phú Trung,10.2545007,105.7361294,121,Unhealthy for Sensitive Groups,2,25.6,78,0.0,14.4,123,1013.4,1,26.4,28.2,287.0,18.6,70.0,9.4
2026-03-14 23:00:00,2026,3,14,23,Đồng Tháp,Xã Tân Phú Trung,10.2545007,105.7361294,119,Unhealthy for Sensitive Groups,2,25.0,80,0.0,10.4,116,1013.5,2,30.3,32.0,279.0,21.5,62.0,9.8
2026-03-15 00:00:00,2026,3,15,0,Đồng Tháp,Xã Tân Phú Trung,10.2545007,105.7361294,118,Unhealthy for Sensitive Groups,2,24.5,83,0.0,6.5,77,1013.3,7,36.7,38.4,273.0,26.6,54.0,10.9
2026-03-15 01:00:00,2026,3,15,1,Đồng Tháp,Xã Tân Phú Trung,10.2545007,105.7361294,118,Unhealthy for Sensitive Groups,2,24.0,90,0.0,5.4,346,1012.9,26,43.3,45.2,274.0,32.1,45.0,12.2
2026-03-15 02:00:00,2026,3,15,2,Đồng Tháp,Xã Tân Phú Trung,10.2545007,105.7361294,118,Unhealthy for Sensitive Groups,2,23.9,92,0.0,0.2,270,1012.2,36,50.9,53.0,285.0,38.1,36.0,13.8
2026-03-15 03:00:00,2026,3,15,3,Đồng Tháp,Xã Tân Phú Trung,10.2545007,105.7361294,118,Unhealthy for Sensitive Groups,2,23.7,93,0.0,4.4,322,1012.2,29,61.7,64.3,303.0,44.6,28.0,15.6
2026-03-15 04:00:00,2026,3,15,4,Đồng Tháp,Xã Tân Phú Trung,10.2545007,105.7361294,119,Unhealthy for Sensitive Groups,2,23.3,95,0.0,4.1,319,1012.1,28,76.8,79.6,329.0,49.7,21.0,17.5
2026-03-15 05:00:00,2026,3,15,5,Đồng Tháp,Xã Tân Phú Trung,10.2545007,105.7361294,121,Unhealthy for Sensitive Groups,2,23.0,97,0.0,5.0,334,1012.6,81,93.4,96.4,371.0,54.2,13.0,19.9
2026-03-15 06:00:00,2026,3,15,6,Đồng Tháp,Xã Tân Phú Trung,10.2545007,105.7361294,125,Unhealthy for Sensitive Groups,2,22.8,96,0.0,4.1,2,1013.4,41,112.2,115.5,420.0,57.3,6.0,22.3
2026-03-15 07:00:00,2026,3,15,7,Đồng Tháp,Xã Tân Phú Trung,10.2545007,105.7361294,130,Unhealthy for Sensitive Groups,2,24.6,94,0.0,7.1,63,1013.8,20,114.6,118.3,450.0,53.3,18.0,21.9
2026-03-15 08:00:00,2026,3,15,8,Đồng Tháp,Xã Tân Phú Trung,10.2545007,105.7361294,134,Unhealthy for Sensitive Groups,2,26.5,80,0.0,7.8,44,1014.7,30,71.2,76.1,447.0,41.1,53.0,20.3
2026-03-15 09:00:00,2026,3,15,9,Đồng Tháp,Xã Tân Phú Trung,10.2545007,105.7361294,136,Unhealthy for Sensitive Groups,2,27.8,70,0.0,8.2,36,1015.1,23,51.6,57.2,426.0,24.2,102.0,18.1
2026-03-15 10:00:00,2026,3,15,10,Đồng Tháp,Xã Tân Phú Trung,10.2545007,105.7361294,137,Unhealthy for Sensitive Groups,2,28.7,66,0.0,7.8,34,1015.0,11,45.2,50.4,402.0,11.1,142.0,15.9
2026-03-15 11:00:00,2026,3,15,11,Đồng Tháp,Xã Tân Phú Trung,10.2545007,105.7361294,137,Unhealthy for Sensitive Groups,2,29.6,61,0.1,5.3,55,1014.1,21,42.7,46.6,376.0,5.6,167.0,13.8
2026-03-15 12:00:00,2026,3,15,12,Đồng Tháp,Xã Tân Phú Trung,10.2545007,105.7361294,138,Unhealthy for Sensitive Groups,2,30.6,57,0.1,5.2,68,1013.0,20,38.0,40.2,347.0,4.0,183.0,11.8
2026-03-15 13:00:00,2026,3,15,13,Đồng Tháp,Xã Tân Phú Trung,10.2545007,105.7361294,138,Unhealthy for Sensitive Groups,2,30.4,59,0.1,7.6,108,1012.2,44,31.4,33.1,328.0,3.5,191.0,10.3
2026-03-15 14:00:00,2026,3,15,14,Đồng Tháp,Xã Tân Phú Trung,10.2545007,105.7361294,137,Unhealthy for Sensitive Groups,2,30.8,59,0.0,5.8,94,1011.1,8,29.0,30.5,326.0,3.1,191.0,9.5
2026-03-15 15:00:00,2026,3,15,15,Đồng Tháp,Xã Tân Phú Trung,10.2545007,105.7361294,136,Unhealthy for Sensitive Groups,2,30.8,59,0.0,3.6,81,1010.3,13,27.4,28.9,333.0,3.8,182.0,9.1
2026-03-15 16:00:00,2026,3,15,16,Đồng Tháp,Xã Tân Phú Trung,10.2545007,105.7361294,136,Unhealthy for Sensitive Groups,2,30.6,59,0.0,1.7,77,1009.8,30,27.5,28.7,340.0,5.8,168.0,9.2
2026-03-15 17:00:00,2026,3,15,17,Đồng Tháp,Xã Tân Phú Trung,10.2545007,105.7361294,149,Unhealthy for Sensitive Groups,2,26.7,75,0.5,12.9,67,1010.7,49,27.2,28.2,347.0,10.3,145.0,9.9
2026-03-15 18:00:00,2026,3,15,18,Đồng Tháp,Xã Tân Phú Trung,10.2545007,105.7361294,156,Unhealthy,3,25.5,82,0.2,11.7,75,1011.0,16,30.9,32.1,353.0,16.0,116.0,11.0
2026-03-15 19:00:00,2026,3,15,19,Đồng Tháp,Xã Tân Phú Trung,10.2545007,105.7361294,152,Unhealthy,3,25.7,83,0.0,6.7,144,1011.7,19,36.6,38.2,346.0,20.8,100.0,12.6
2026-03-15 20:00:00,2026,3,15,20,Đồng Tháp,Xã Tân Phú Trung,10.2545007,105.7361294,138,Unhealthy for Sensitive Groups,2,25.7,81,0.0,14.6,117,1012.5,19,29.3,31.3,316.0,19.5,92.0,11.4
2026-03-15 21:00:00,2026,3,15,21,Đồng Tháp,Xã Tân Phú Trung,10.2545007,105.7361294,132,Unhealthy for Sensitive Groups,2,25.4,81,0.0,15.4,114,1012.9,28,24.6,26.5,273.0,17.8,81.0,9.7
2026-03-15 22:00:00,2026,3,15,22,Đồng Tháp,Xã Tân Phú Trung,10.2545007,105.7361294,132,Unhealthy for Sensitive Groups,2,25.2,81,0.0,16.8,121,1013.2,13,22.4,24.2,239.0,16.5,73.0,8.3
2026-03-15 23:00:00,2026,3,15,23,Đồng Tháp,Xã Tân Phú Trung,10.2545007,105.7361294,132,Unhealthy for Sensitive Groups,2,24.5,82,0.1,7.5,82,1013.6,90,21.1,22.8,223.0,16.0,71.0,7.4
2026-03-16 00:00:00,2026,3,16,0,Đồng Tháp,Xã Tân Phú Trung,10.2545007,105.7361294,131,Unhealthy for Sensitive Groups,2,24.5,86,0.7,7.8,95,1013.2,98,20.7,22.4,216.0,15.9,72.0,6.9
2026-03-16 01:00:00,2026,3,16,1,Đồng Tháp,Xã Tân Phú Trung,10.2545007,105.7361294,129,Unhealthy for Sensitive Groups,2,24.7,81,0.1,14.3,115,1012.1,4,21.5,23.2,211.0,16.2,72.0,6.5
2026-03-16 02:00:00,2026,3,16,2,Đồng Tháp,Xã Tân Phú Trung,10.2545007,105.7361294,127,Unhealthy for Sensitive Groups,2,24.5,81,0.0,13.8,110,1011.5,16,22.9,24.5,204.0,17.0,69.0,6.4
2026-03-16 03:00:00,2026,3,16,3,Đồng Tháp,Xã Tân Phú Trung,10.2545007,105.7361294,124,Unhealthy for Sensitive Groups,2,24.4,80,0.0,15.3,112,1010.8,1,23.8,25.4,198.0,18.1,65.0,6.5
2026-03-16 04:00:00,2026,3,16,4,Đồng Tháp,Xã Tân Phú Trung,10.2545007,105.7361294,120,Unhealthy for Sensitive Groups,2,24.2,79,0.0,14.3,110,1010.9,2,24.8,26.3,203.0,19.2,62.0,6.8
2026-03-16 05:00:00,2026,3,16,5,Đồng Tháp,Xã Tân Phú Trung,10.2545007,105.7361294,114,Unhealthy for Sensitive Groups,2,24.0,80,0.0,12.8,104,1011.0,7,26.3,27.8,228.0,20.9,57.0,7.6
2026-03-16 06:00:00,2026,3,16,6,Đồng Tháp,Xã Tân Phú Trung,10.2545007,105.7361294,107,Unhealthy for Sensitive Groups,2,23.9,80,0.0,11.7,94,1011.7,9,29.7,31.3,263.0,22.6,53.0,8.7
2026-03-16 07:00:00,2026,3,16,7,Đồng Tháp,Xã Tân Phú Trung,10.2545007,105.7361294,99,Moderate,1,25.1,80,0.0,12.6,100,1012.2,0,32.6,33.9,284.0,22.1,54.0,9.4
2026-03-16 08:00:00,2026,3,16,8,Đồng Tháp,Xã Tân Phú Trung,10.2545007,105.7361294,92,Moderate,1,26.8,73,0.0,15.2,97,1012.7,0,20.2,22.1,277.0,17.4,70.0,8.7
2026-03-16 09:00:00,2026,3,16,9,Đồng Tháp,Xã Tân Phú Trung,10.2545007,105.7361294,87,Moderate,1,28.2,66,0.0,18.0,97,1013.2,0,17.2,19.7,257.0,10.9,92.0,7.8
2026-03-16 10:00:00,2026,3,16,10,Đồng Tháp,Xã Tân Phú Trung,10.2545007,105.7361294,84,Moderate,1,29.5,60,0.0,19.8,91,1013.2,15,15.9,19.0,239.0,5.8,111.0,7.0
2026-03-16 11:00:00,2026,3,16,11,Đồng Tháp,Xã Tân Phú Trung,10.2545007,105.7361294,82,Moderate,1,30.2,56,0.1,18.8,87,1012.8,35,14.6,17.8,229.0,3.6,124.0,6.3
2026-03-16 12:00:00,2026,3,16,12,Đồng Tháp,Xã Tân Phú Trung,10.2545007,105.7361294,79,Moderate,1,30.9,53,0.0,18.0,87,1011.8,23,14.1,17.0,222.0,3.0,133.0,5.8
2026-03-16 13:00:00,2026,3,16,13,Đồng Tháp,Xã Tân Phú Trung,10.2545007,105.7361294,77,Moderate,1,30.3,55,0.0,15.1,87,1011.1,43,13.8,16.3,217.0,2.8,140.0,5.5
2026-03-16 14:00:00,2026,3,16,14,Đồng Tháp,Xã Tân Phú Trung,10.2545007,105.7361294,75,Moderate,1,30.9,54,0.0,14.4,93,1010.1,24,14.2,16.6,212.0,2.5,146.0,5.5
2026-03-16 15:00:00,2026,3,16,15,Đồng Tháp,Xã Tân Phú Trung,10.2545007,105.7361294,74,Moderate,1,30.7,54,0.0,14.3,95,1009.1,23,14.8,17.1,209.0,2.7,148.0,5.7
2026-03-16 16:00:00,2026,3,16,16,Đồng Tháp,Xã Tân Phú Trung,10.2545007,105.7361294,73,Moderate,1,30.3,55,0.0,14.5,104,1008.8,10,17.1,19.4,212.0,4.4,144.0,6.3
2026-03-16 17:00:00,2026,3,16,17,Đồng Tháp,Xã Tân Phú Trung,10.2545007,105.7361294,87,Moderate,1,29.4,57,0.0,14.8,108,1009.1,15,18.7,21.2,226.0,9.4,127.0,7.7
2026-03-16 18:00:00,2026,3,16,18,Đồng Tháp,Xã Tân Phú Trung,10.2545007,105.7361294,95,Moderate,1,27.9,60,0.0,15.1,108,1009.6,24,26.6,29.0,246.0,15.9,103.0,9.4
2026-03-16 19:00:00,2026,3,16,19,Đồng Tháp,Xã Tân Phú Trung,10.2545007,105.7361294,93,Moderate,1,27.2,63,0.0,14.9,115,1009.9,6,35.9,38.8,258.0,21.3,89.0,11.4
2026-03-16 20:00:00,2026,3,16,20,Đồng Tháp,Xã Tân Phú Trung,10.2545007,105.7361294,86,Moderate,1,26.3,68,0.0,16.2,116,1010.9,3,31.5,34.3,256.0,19.7,84.0,10.6
2026-03-16 21:00:00,2026,3,16,21,Đồng Tháp,Xã Tân Phú Trung,10.2545007,105.7361294,75,Moderate,1,25.6,75,0.0,13.1,123,1011.8,5,26.1,28.7,247.0,17.5,77.0,9.4
2026-03-16 22:00:00,2026,3,16,22,Đồng Tháp,Xã Tân Phú Trung,10.2545007,105.7361294,71,Moderate,1,25.1,80,0.0,12.3,130,1012.4,12,23.2,25.7,236.0,15.7,72.0,8.3
2026-03-16 23:00:00,2026,3,16,23,Đồng Tháp,Xã Tân Phú Trung,10.2545007,105.7361294,71,Moderate,1,24.9,81,0.0,14.4,137,1012.4,50,22.1,24.6,224.0,14.9,71.0,7.4
2026-03-17 00:00:00,2026,3,17,0,Đồng Tháp,Xã Tân Phú Trung,10.2545007,105.7361294,71,Moderate,1,24.6,82,0.0,16.3,137,1012.3,38,21.4,23.9,210.0,14.5,71.0,6.6
2026-03-17 01:00:00,2026,3,17,1,Đồng Tháp,Xã Tân Phú Trung,10.2545007,105.7361294,71,Moderate,1,24.5,83,0.0,13.6,129,1011.5,88,21.4,23.8,199.0,14.4,71.0,6.1
2026-03-17 02:00:00,2026,3,17,2,Đồng Tháp,Xã Tân Phú Trung,10.2545007,105.7361294,71,Moderate,1,24.4,83,0.0,13.6,127,1011.3,65,21.7,24.2,191.0,14.5,69.0,5.8
2026-03-17 03:00:00,2026,3,17,3,Đồng Tháp,Xã Tân Phú Trung,10.2545007,105.7361294,71,Moderate,1,24.1,85,0.0,14.1,128,1010.7,35,22.3,24.8,186.0,14.9,67.0,5.8
2026-03-17 04:00:00,2026,3,17,4,Đồng Tháp,Xã Tân Phú Trung,10.2545007,105.7361294,71,Moderate,1,23.9,86,0.0,14.4,126,1010.6,0,22.7,25.3,188.0,15.3,65.0,6.0
2026-03-17 05:00:00,2026,3,17,5,Đồng Tháp,Xã Tân Phú Trung,10.2545007,105.7361294,71,Moderate,1,23.8,87,0.0,12.6,121,1010.7,70,22.9,25.4,206.0,16.0,62.0,6.6
2026-03-17 06:00:00,2026,3,17,6,Đồng Tháp,Xã Tân Phú Trung,10.2545007,105.7361294,71,Moderate,1,23.6,87,0.0,11.8,115,1011.5,1,23.4,25.8,231.0,16.6,60.0,7.4
2026-03-17 07:00:00,2026,3,17,7,Đồng Tháp,Xã Tân Phú Trung,10.2545007,105.7361294,70,Moderate,1,24.9,82,0.0,15.7,107,1012.5,2,24.3,27.3,246.0,15.7,64.0,7.6
2026-03-17 08:00:00,2026,3,17,8,Đồng Tháp,Xã Tân Phú Trung,10.2545007,105.7361294,69,Moderate,1,26.5,74,0.0,21.0,105,1013.1,32,20.7,24.1,240.0,12.5,74.0,7.0
2026-03-17 09:00:00,2026,3,17,9,Đồng Tháp,Xã Tân Phú Trung,10.2545007,105.7361294,69,Moderate,1,27.8,68,0.0,19.3,102,1013.4,74,16.4,20.0,223.0,8.2,89.0,6.2
2026-03-17 10:00:00,2026,3,17,10,Đồng Tháp,Xã Tân Phú Trung,10.2545007,105.7361294,69,Moderate,1,29.1,62,0.1,19.0,100,1013.3,89,16.7,20.7,210.0,4.8,103.0,5.6
2026-03-17 11:00:00,2026,3,17,11,Đồng Tháp,Xã Tân Phú Trung,10.2545007,105.7361294,69,Moderate,1,30.1,57,0.1,17.6,97,1012.8,77,16.7,20.9,208.0,3.3,115.0,5.3
2026-03-17 12:00:00,2026,3,17,12,Đồng Tháp,Xã Tân Phú Trung,10.2545007,105.7361294,70,Moderate,1,31.0,54,0.1,15.7,96,1011.6,77,19.1,23.6,210.0,2.9,125.0,5.1
2026-03-17 13:00:00,2026,3,17,13,Đồng Tháp,Xã Tân Phú Trung,10.2545007,105.7361294,70,Moderate,1,31.0,53,0.1,13.3,93,1011.1,84,18.9,23.3,212.0,2.8,133.0,5.1
2026-03-17 14:00:00,2026,3,17,14,Đồng Tháp,Xã Tân Phú Trung,10.2545007,105.7361294,70,Moderate,1,31.3,51,0.0,12.3,98,1010.2,87,19.7,23.9,210.0,2.6,139.0,5.2
2026-03-17 15:00:00,2026,3,17,15,Đồng Tháp,Xã Tân Phú Trung,10.2545007,105.7361294,71,Moderate,1,31.0,52,0.1,12.7,103,1009.3,78,19.8,23.9,208.0,2.8,142.0,5.5
2026-03-17 16:00:00,2026,3,17,16,Đồng Tháp,Xã Tân Phú Trung,10.2545007,105.7361294,71,Moderate,1,30.4,54,0.0,14.3,104,1008.9,92,18.9,22.6,215.0,4.3,138.0,6.1
2026-03-17 17:00:00,2026,3,17,17,Đồng Tháp,Xã Tân Phú Trung,10.2545007,105.7361294,76,Moderate,1,29.5,57,0.0,13.9,103,1009.0,82,18.8,21.8,239.0,8.3,122.0,7.2
2026-03-17 18:00:00,2026,3,17,18,Đồng Tháp,Xã Tân Phú Trung,10.2545007,105.7361294,83,Moderate,1,27.6,63,0.0,12.4,99,1009.6,73,22.5,25.0,271.0,13.7,99.0,8.5
2026-03-17 19:00:00,2026,3,17,19,Đồng Tháp,Xã Tân Phú Trung,10.2545007,105.7361294,82,Moderate,1,27.1,67,0.0,13.5,111,1010.3,70,24.6,27.0,292.0,16.9,83.0,9.5
2026-03-17 20:00:00,2026,3,17,20,Đồng Tháp,Xã Tân Phú Trung,10.2545007,105.7361294,75,Moderate,1,26.4,73,0.0,14.2,123,1011.3,92,24.3,26.5,291.0,17.3,78.0,9.7
2026-03-17 21:00:00,2026,3,17,21,Đồng Tháp,Xã Tân Phú Trung,10.2545007,105.7361294,70,Moderate,1,25.4,79,0.0,11.6,127,1011.9,75,24.6,26.8,279.0,17.8,71.0,10.0
2026-03-17 22:00:00,2026,3,17,22,Đồng Tháp,Xã Tân Phú Trung,10.2545007,105.7361294,69,Moderate,1,24.7,83,0.0,11.9,129,1012.6,61,25.7,28.1,264.0,18.1,66.0,10.0
2026-03-17 23:00:00,2026,3,17,23,Đồng Tháp,Xã Tân Phú Trung,10.2545007,105.7361294,70,Moderate,1,24.4,85,0.0,11.9,131,1012.9,67,26.5,29.0,247.0,18.1,64.0,9.5
2026-03-18 00:00:00,2026,3,18,0,Đồng Tháp,Xã Tân Phú Trung,10.2545007,105.7361294,70,Moderate,1,24.2,86,0.0,12.1,134,1012.8,73,26.4,28.9,228.0,18.0,63.0,8.7
2026-03-18 01:00:00,2026,3,18,1,Đồng Tháp,Xã Tân Phú Trung,10.2545007,105.7361294,70,Moderate,1,24.1,87,0.0,10.7,127,1011.8,91,26.5,29.1,211.0,17.9,62.0,8.0
2026-03-18 02:00:00,2026,3,18,2,Đồng Tháp,Xã Tân Phú Trung,10.2545007,105.7361294,71,Moderate,1,24.1,87,0.0,9.9,123,1011.6,97,27.0,29.6,195.0,17.8,61.0,7.5
2026-03-18 03:00:00,2026,3,18,3,Đồng Tháp,Xã Tân Phú Trung,10.2545007,105.7361294,71,Moderate,1,24.0,86,0.0,11.2,122,1011.2,99,27.0,29.5,182.0,17.7,59.0,7.1
2026-03-18 04:00:00,2026,3,18,4,Đồng Tháp,Xã Tân Phú Trung,10.2545007,105.7361294,72,Moderate,1,23.9,86,0.0,11.4,117,1011.2,23,26.8,29.3,184.0,18.0,57.0,7.1
2026-03-18 05:00:00,2026,3,18,5,Đồng Tháp,Xã Tân Phú Trung,10.2545007,105.7361294,72,Moderate,1,23.7,86,0.0,11.4,113,1011.3,9,28.3,30.7,215.0,19.7,52.0,8.0
2026-03-18 06:00:00,2026,3,18,6,Đồng Tháp,Xã Tân Phú Trung,10.2545007,105.7361294,73,Moderate,1,23.5,87,0.0,10.7,115,1011.9,2,32.1,34.6,260.0,21.7,48.0,9.3
2026-03-18 07:00:00,2026,3,18,7,Đồng Tháp,Xã Tân Phú Trung,10.2545007,105.7361294,73,Moderate,1,24.6,85,0.0,11.5,107,1012.8,10,27.6,30.4,286.0,17.7,57.0,8.8
2026-03-18 08:00:00,2026,3,18,8,Đồng Tháp,Xã Tân Phú Trung,10.2545007,105.7361294,74,Moderate,1,26.4,77,0.0,15.1,102,1013.9,44,23.3,26.6,270.0,14.0,68.0,8.1
2026-03-18 09:00:00,2026,3,18,9,Đồng Tháp,Xã Tân Phú Trung,10.2545007,105.7361294,74,Moderate,1,27.8,69,0.0,15.1,110,1014.4,30,17.8,21.4,235.0,8.9,84.0,7.0
2026-03-18 10:00:00,2026,3,18,10,Đồng Tháp,Xã Tân Phú Trung,10.2545007,105.7361294,74,Moderate,1,29.3,62,0.0,12.7,111,1014.5,15,17.6,21.8,211.0,5.0,99.0,6.2
2026-03-18 11:00:00,2026,3,18,11,Đồng Tháp,Xã Tân Phú Trung,10.2545007,105.7361294,74,Moderate,1,30.2,58,0.0,11.2,106,1013.9,10,19.2,23.9,213.0,3.4,112.0,5.7
2026-03-18 12:00:00,2026,3,18,12,Đồng Tháp,Xã Tân Phú Trung,10.2545007,105.7361294,74,Moderate,1,31.1,53,0.0,10.7,95,1012.4,16,20.2,25.3,226.0,2.9,125.0,5.4
2026-03-18 13:00:00,2026,3,18,13,Đồng Tháp,Xã Tân Phú Trung,10.2545007,105.7361294,74,Moderate,1,31.2,52,0.0,9.8,98,1011.5,25,20.8,25.7,237.0,2.8,134.0,5.3
2026-03-18 14:00:00,2026,3,18,14,Đồng Tháp,Xã Tân Phú Trung,10.2545007,105.7361294,75,Moderate,1,31.0,53,0.0,10.9,97,1010.6,37,20.9,25.4,239.0,2.4,140.0,5.3
2026-03-18 15:00:00,2026,3,18,15,Đồng Tháp,Xã Tân Phú Trung,10.2545007,105.7361294,75,Moderate,1,30.9,54,0.0,11.1,99,1009.7,16,20.7,25.0,238.0,2.3,142.0,5.6
2026-03-18 16:00:00,2026,3,18,16,Đồng Tháp,Xã Tân Phú Trung,10.2545007,105.7361294,75,Moderate,1,30.6,55,0.0,10.7,107,1009.0,10,20.8,25.0,247.0,4.2,138.0,6.3
2026-03-18 17:00:00,2026,3,18,17,Đồng Tháp,Xã Tân Phú Trung,10.2545007,105.7361294,75,Moderate,1,30.1,57,0.0,9.2,116,1009.0,6,22.5,26.2,278.0,9.9,122.0,8.0
2026-03-18 18:00:00,2026,3,18,18,Đồng Tháp,Xã Tân Phú Trung,10.2545007,105.7361294,82,Moderate,1,28.2,65,0.0,6.2,107,1009.5,11,32.0,35.2,317.0,17.6,98.0,10.1
2026-03-18 19:00:00,2026,3,18,19,Đồng Tháp,Xã Tân Phú Trung,10.2545007,105.7361294,82,Moderate,1,27.5,67,0.0,9.1,128,1010.0,16,35.0,38.3,337.0,20.8,79.0,10.9
2026-03-18 20:00:00,2026,3,18,20,Đồng Tháp,Xã Tân Phú Trung,10.2545007,105.7361294,77,Moderate,1,26.5,70,0.0,12.9,136,1011.1,3,32.4,35.0,319.0,20.5,73.0,10.9
2026-03-18 21:00:00,2026,3,18,21,Đồng Tháp,Xã Tân Phú Trung,10.2545007,105.7361294,78,Moderate,1,25.5,76,0.0,14.4,140,1011.9,0,29.6,32.2,280.0,20.2,64.0,10.9
2026-03-18 22:00:00,2026,3,18,22,Đồng Tháp,Xã Tân Phú Trung,10.2545007,105.7361294,78,Moderate,1,24.7,83,0.0,13.5,137,1012.3,0,29.6,32.1,248.0,20.0,57.0,10.7
2026-03-18 23:00:00,2026,3,18,23,Đồng Tháp,Xã Tân Phú Trung,10.2545007,105.7361294,79,Moderate,1,24.2,87,0.0,12.3,129,1012.8,0,30.0,32.7,231.0,19.9,55.0,10.2
2026-03-19 00:00:00,2026,3,19,0,Đồng Tháp,Xã Tân Phú Trung,10.2545007,105.7361294,79,Moderate,1,24.0,89,0.0,11.6,132,1012.5,0,30.3,33.2,219.0,20.0,55.0,9.5
2026-03-19 01:00:00,2026,3,19,1,Đồng Tháp,Xã Tân Phú Trung,10.2545007,105.7361294,79,Moderate,1,23.6,94,0.0,6.9,121,1012.2,11,31.9,34.8,212.0,20.6,54.0,9.0
2026-03-19 02:00:00,2026,3,19,2,Đồng Tháp,Xã Tân Phú Trung,10.2545007,105.7361294,80,Moderate,1,23.5,95,0.0,6.9,135,1011.7,8,35.3,38.3,205.0,22.3,50.0,8.8
2026-03-19 03:00:00,2026,3,19,3,Đồng Tháp,Xã Tân Phú Trung,10.2545007,105.7361294,80,Moderate,1,23.2,95,0.0,5.7,127,1011.4,5,39.0,41.9,203.0,24.5,46.0,8.9
2026-03-19 04:00:00,2026,3,19,4,Đồng Tháp,Xã Tân Phú Trung,10.2545007,105.7361294,82,Moderate,1,22.8,96,0.0,4.5,124,1011.3,7,41.1,44.1,212.0,26.2,42.0,9.2
2026-03-19 05:00:00,2026,3,19,5,Đồng Tháp,Xã Tân Phú Trung,10.2545007,105.7361294,83,Moderate,1,22.9,96,0.0,6.5,134,1011.3,2,42.8,45.9,249.0,27.9,37.0,10.2
2026-03-19 06:00:00,2026,3,19,6,Đồng Tháp,Xã Tân Phú Trung,10.2545007,105.7361294,84,Moderate,1,22.8,95,0.0,6.8,132,1011.9,0,44.9,48.0,298.0,29.1,33.0,11.5
2026-03-19 07:00:00,2026,3,19,7,Đồng Tháp,Xã Tân Phú Trung,10.2545007,105.7361294,85,Moderate,1,24.1,90,0.0,9.0,125,1013.0,53,51.5,54.0,322.0,28.9,35.0,12.3
2026-03-19 08:00:00,2026,3,19,8,Đồng Tháp,Xã Tân Phú Trung,10.2545007,105.7361294,87,Moderate,1,26.2,80,0.0,12.1,118,1013.6,30,36.1,39.5,296.0,21.8,55.0,10.6
2026-03-19 09:00:00,2026,3,19,9,Đồng Tháp,Xã Tân Phú Trung,10.2545007,105.7361294,88,Moderate,1,27.8,70,0.0,15.5,115,1014.0,14,20.4,24.0,245.0,12.0,82.0,8.2
2026-03-19 10:00:00,2026,3,19,10,Đồng Tháp,Xã Tân Phú Trung,10.2545007,105.7361294,89,Moderate,1,29.1,63,0.0,13.8,111,1014.0,77,18.0,21.8,208.0,4.7,105.0,6.4
2026-03-19 11:00:00,2026,3,19,11,Đồng Tháp,Xã Tân Phú Trung,10.2545007,105.7361294,89,Moderate,1,30.2,58,0.1,11.9,95,1013.6,38,17.5,21.4,203.0,2.3,118.0,5.7
2026-03-19 12:00:00,2026,3,19,12,Đồng Tháp,Xã Tân Phú Trung,10.2545007,105.7361294,89,Moderate,1,30.9,55,0.0,11.4,85,1012.3,79,17.8,21.4,212.0,2.4,126.0,5.5
2026-03-19 13:00:00,2026,3,19,13,Đồng Tháp,Xã Tân Phú Trung,10.2545007,105.7361294,88,Moderate,1,30.6,56,0.0,10.1,84,1011.3,82,18.9,22.0,222.0,2.9,132.0,5.5
2026-03-19 14:00:00,2026,3,19,14,Đồng Tháp,Xã Tân Phú Trung,10.2545007,105.7361294,88,Moderate,1,31.0,54,0.1,9.9,95,1010.4,63,18.5,21.1,222.0,2.4,138.0,5.4
2026-03-19 15:00:00,2026,3,19,15,Đồng Tháp,Xã Tân Phú Trung,10.2545007,105.7361294,88,Moderate,1,31.0,54,0.0,9.4,110,1009.2,31,18.3,20.8,221.0,2.2,141.0,5.4
2026-03-19 16:00:00,2026,3,19,16,Đồng Tháp,Xã Tân Phú Trung,10.2545007,105.7361294,88,Moderate,1,30.7,55,0.0,8.9,114,1008.7,41,18.2,20.5,238.0,4.1,137.0,6.0
2026-03-19 17:00:00,2026,3,19,17,Đồng Tháp,Xã Tân Phú Trung,10.2545007,105.7361294,88,Moderate,1,30.0,57,0.0,8.3,120,1008.5,20,20.0,22.1,293.0,10.3,121.0,7.8
2026-03-19 18:00:00,2026,3,19,18,Đồng Tháp,Xã Tân Phú Trung,10.2545007,105.7361294,87,Moderate,1,28.1,67,0.0,4.8,115,1008.7,29,31.2,33.3,365.0,18.6,97.0,10.3
2026-03-19 19:00:00,2026,3,19,19,Đồng Tháp,Xã Tân Phú Trung,10.2545007,105.7361294,87,Moderate,1,27.4,68,0.0,9.3,127,1009.7,14,44.7,48.2,406.0,26.6,72.0,12.5
2026-03-19 20:00:00,2026,3,19,20,Đồng Tháp,Xã Tân Phú Trung,10.2545007,105.7361294,88,Moderate,1,26.5,71,0.0,10.7,135,1010.1,1,41.0,43.9,386.0,26.0,66.0,12.5
2026-03-19 21:00:00,2026,3,19,21,Đồng Tháp,Xã Tân Phú Trung,10.2545007,105.7361294,89,Moderate,1,25.6,74,0.0,11.2,132,1010.8,2,36.3,38.9,336.0,25.3,58.0,12.5
2026-03-19 22:00:00,2026,3,19,22,Đồng Tháp,Xã Tân Phú Trung,10.2545007,105.7361294,89,Moderate,1,25.0,79,0.0,11.1,132,1011.4,18,36.7,39.2,292.0,25.0,51.0,12.4
2026-03-19 23:00:00,2026,3,19,23,Đồng Tháp,Xã Tân Phú Trung,10.2545007,105.7361294,90,Moderate,1,24.5,83,0.0,11.5,135,1011.6,0,39.2,41.8,269.0,25.4,47.0,11.9
2026-03-20 00:00:00,2026,3,20,0,Đồng Tháp,Xã Tân Phú Trung,10.2545007,105.7361294,91,Moderate,1,24.1,86,0.0,10.3,139,1011.9,0,40.2,42.8,253.0,26.3,46.0,11.3
2026-03-20 01:00:00,2026,3,20,1,Đồng Tháp,Xã Tân Phú Trung,10.2545007,105.7361294,92,Moderate,1,23.5,93,0.0,6.7,149,1011.5,2,40.4,43.3,243.0,27.1,44.0,10.8
2026-03-20 02:00:00,2026,3,20,2,Đồng Tháp,Xã Tân Phú Trung,10.2545007,105.7361294,93,Moderate,1,23.2,96,0.0,5.8,164,1011.1,5,40.9,43.9,237.0,27.7,43.0,10.4
2026-03-20 03:00:00,2026,3,20,3,Đồng Tháp,Xã Tân Phú Trung,10.2545007,105.7361294,93,Moderate,1,23.2,96,0.0,6.6,159,1010.7,2,42.0,45.2,236.0,28.3,42.0,10.0
2026-03-20 04:00:00,2026,3,20,4,Đồng Tháp,Xã Tân Phú Trung,10.2545007,105.7361294,93,Moderate,1,23.0,97,0.0,4.9,156,1010.5,2,44.7,48.0,246.0,29.0,41.0,10.1
2026-03-20 05:00:00,2026,3,20,5,Đồng Tháp,Xã Tân Phú Trung,10.2545007,105.7361294,94,Moderate,1,22.7,97,0.0,3.6,139,1010.7,5,48.0,51.2,280.0,31.0,36.0,11.2
2026-03-20 06:00:00,2026,3,20,6,Đồng Tháp,Xã Tân Phú Trung,10.2545007,105.7361294,94,Moderate,1,22.6,97,0.0,3.5,111,1011.5,0,53.1,56.3,324.0,33.2,30.0,12.8
2026-03-20 07:00:00,2026,3,20,7,Đồng Tháp,Xã Tân Phú Trung,10.2545007,105.7361294,95,Moderate,1,24.2,93,0.0,4.9,126,1012.5,0,59.1,62.4,342.0,31.2,33.0,12.9
2026-03-20 08:00:00,2026,3,20,8,Đồng Tháp,Xã Tân Phú Trung,10.2545007,105.7361294,95,Moderate,1,26.2,81,0.0,8.6,129,1013.3,95,36.7,41.1,306.0,23.9,51.0,11.5
2026-03-20 09:00:00,2026,3,20,9,Đồng Tháp,Xã Tân Phú Trung,10.2545007,105.7361294,96,Moderate,1,27.9,71,0.0,12.9,125,1013.9,88,25.7,30.4,243.0,13.7,76.0,9.5
2026-03-20 10:00:00,2026,3,20,10,Đồng Tháp,Xã Tân Phú Trung,10.2545007,105.7361294,96,Moderate,1,29.3,63,0.0,13.3,122,1013.7,73,22.6,27.9,200.0,6.1,98.0,8.0
2026-03-20 11:00:00,2026,3,20,11,Đồng Tháp,Xã Tân Phú Trung,10.2545007,105.7361294,96,Moderate,1,30.4,58,0.0,11.4,116,1013.0,58,23.7,29.5,199.0,3.5,113.0,7.4
2026-03-20 12:00:00,2026,3,20,12,Đồng Tháp,Xã Tân Phú Trung,10.2545007,105.7361294,97,Moderate,1,31.1,56,0.1,9.7,105,1011.9,50,24.9,29.7,218.0,3.3,124.0,7.3
2026-03-20 13:00:00,2026,3,20,13,Đồng Tháp,Xã Tân Phú Trung,10.2545007,105.7361294,98,Moderate,1,31.0,55,0.2,9.1,100,1011.2,62,28.1,32.2,234.0,3.6,132.0,7.3
2026-03-20 14:00:00,2026,3,20,14,Đồng Tháp,Xã Tân Phú Trung,10.2545007,105.7361294,98,Moderate,1,31.3,54,0.1,8.7,97,1009.9,98,28.3,32.2,227.0,2.9,140.0,7.1
2026-03-20 15:00:00,2026,3,20,15,Đồng Tháp,Xã Tân Phú Trung,10.2545007,105.7361294,99,Moderate,1,31.2,55,0.0,9.7,108,1009.1,100,28.8,32.5,216.0,2.7,145.0,7.0
2026-03-20 16:00:00,2026,3,20,16,Đồng Tháp,Xã Tân Phú Trung,10.2545007,105.7361294,100,Moderate,1,30.9,55,0.0,11.4,118,1008.7,99,32.4,36.4,238.0,4.8,142.0,7.6
2026-03-20 17:00:00,2026,3,20,17,Đồng Tháp,Xã Tân Phú Trung,10.2545007,105.7361294,102,Unhealthy for Sensitive Groups,2,30.1,58,0.1,9.9,127,1008.8,93,30.0,33.1,334.0,11.7,124.0,9.5
2026-03-20 18:00:00,2026,3,20,18,Đồng Tháp,Xã Tân Phú Trung,10.2545007,105.7361294,103,Unhealthy for Sensitive Groups,2,28.4,67,0.0,6.4,137,1009.1,95,40.3,42.5,461.0,20.9,99.0,12.1
2026-03-20 19:00:00,2026,3,20,19,Đồng Tháp,Xã Tân Phú Trung,10.2545007,105.7361294,104,Unhealthy for Sensitive Groups,2,27.1,74,0.0,7.9,145,1010.3,88,49.4,53.0,531.0,25.4,76.0,13.2
2026-03-20 20:00:00,2026,3,20,20,Đồng Tháp,Xã Tân Phú Trung,10.2545007,105.7361294,104,Unhealthy for Sensitive Groups,2,26.8,77,0.0,7.5,140,1011.3,77,46.7,50.2,486.0,24.9,68.0,13.0
2026-03-20 21:00:00,2026,3,20,21,Đồng Tháp,Xã Tân Phú Trung,10.2545007,105.7361294,105,Unhealthy for Sensitive Groups,2,26.1,79,0.0,8.7,128,1012.4,87,41.1,44.2,384.0,24.4,57.0,12.7
2026-03-20 22:00:00,2026,3,20,22,Đồng Tháp,Xã Tân Phú Trung,10.2545007,105.7361294,105,Unhealthy for Sensitive Groups,2,25.3,81,0.0,7.8,136,1013.2,88,37.0,40.0,303.0,24.4,48.0,12.4
2026-03-20 23:00:00,2026,3,20,23,Đồng Tháp,Xã Tân Phú Trung,10.2545007,105.7361294,105,Unhealthy for Sensitive Groups,2,24.8,85,0.0,8.7,142,1013.2,23,36.7,39.6,277.0,25.4,42.0,11.9
2026-03-21 00:00:00,2026,3,21,0,Đồng Tháp,Xã Tân Phú Trung,10.2545007,105.7361294,105,Unhealthy for Sensitive Groups,2,24.4,88,0.0,8.0,144,1013.3,94,38.6,41.6,272.0,27.0,38.0,11.3
2026-03-21 01:00:00,2026,3,21,1,Đồng Tháp,Xã Tân Phú Trung,10.2545007,105.7361294,105,Unhealthy for Sensitive Groups,2,23.9,93,0.0,6.6,137,1012.4,4,43.0,46.0,270.0,28.6,35.0,10.9
2026-03-21 02:00:00,2026,3,21,2,Đồng Tháp,Xã Tân Phú Trung,10.2545007,105.7361294,105,Unhealthy for Sensitive Groups,2,23.7,94,0.0,5.2,139,1011.6,5,46.9,50.1,263.0,30.3,32.0,10.7
2026-03-21 03:00:00,2026,3,21,3,Đồng Tháp,Xã Tân Phú Trung,10.2545007,105.7361294,106,Unhealthy for Sensitive Groups,2,23.3,96,0.0,4.1,139,1011.2,33,50.1,53.2,258.0,32.0,30.0,10.7
2026-03-21 04:00:00,2026,3,21,4,Đồng Tháp,Xã Tân Phú Trung,10.2545007,105.7361294,107,Unhealthy for Sensitive Groups,2,23.1,96,0.0,4.1,119,1011.2,91,52.4,55.6,262.0,33.1,29.0,11.0
2026-03-21 05:00:00,2026,3,21,5,Đồng Tháp,Xã Tân Phú Trung,10.2545007,105.7361294,107,Unhealthy for Sensitive Groups,2,23.1,97,0.0,4.6,111,1011.5,98,54.9,58.2,287.0,34.2,26.0,12.1
2026-03-21 06:00:00,2026,3,21,6,Đồng Tháp,Xã Tân Phú Trung,10.2545007,105.7361294,108,Unhealthy for Sensitive Groups,2,23.2,96,0.0,4.3,112,1011.8,85,58.4,61.9,321.0,34.8,24.0,13.4
2026-03-21 07:00:00,2026,3,21,7,Đồng Tháp,Xã Tân Phú Trung,10.2545007,105.7361294,109,Unhealthy for Sensitive Groups,2,24.5,92,0.0,6.4,112,1012.6,47,69.6,74.3,333.0,32.4,29.0,13.9
2026-03-21 08:00:00,2026,3,21,8,Đồng Tháp,Xã Tân Phú Trung,10.2545007,105.7361294,110,Unhealthy for Sensitive Groups,2,26.4,82,0.0,11.0,118,1013.2,76,40.6,46.0,301.0,24.7,48.0,12.0
2026-03-21 09:00:00,2026,3,21,9,Đồng Tháp,Xã Tân Phú Trung,10.2545007,105.7361294,110,Unhealthy for Sensitive Groups,2,28.0,71,0.0,14.8,114,1013.6,74,27.1,32.0,247.0,14.0,75.0,9.3
2026-03-21 10:00:00,2026,3,21,10,Đồng Tháp,Xã Tân Phú Trung,10.2545007,105.7361294,110,Unhealthy for Sensitive Groups,2,29.3,65,0.0,14.4,108,1013.6,52,23.7,27.9,209.0,6.0,98.0,7.1
2026-03-21 11:00:00,2026,3,21,11,Đồng Tháp,Xã Tân Phú Trung,10.2545007,105.7361294,110,Unhealthy for Sensitive Groups,2,30.5,59,0.0,12.9,103,1013.3,46,22.6,25.4,204.0,3.1,113.0,6.0
2026-03-21 12:00:00,2026,3,21,12,Đồng Tháp,Xã Tân Phú Trung,10.2545007,105.7361294,110,Unhealthy for Sensitive Groups,2,31.2,56,0.0,12.9,97,1012.4,22,26.5,29.2,215.0,2.9,125.0,5.4
2026-03-21 13:00:00,2026,3,21,13,Đồng Tháp,Xã Tân Phú Trung,10.2545007,105.7361294,111,Unhealthy for Sensitive Groups,2,31.4,55,0.0,13.7,95,1011.6,17,29.0,32.0,224.0,3.1,133.0,5.1
2026-03-21 14:00:00,2026,3,21,14,Đồng Tháp,Xã Tân Phú Trung,10.2545007,105.7361294,111,Unhealthy for Sensitive Groups,2,31.6,53,0.0,13.4,95,1010.5,16,28.6,31.4,222.0,2.6,138.0,4.9
2026-03-21 15:00:00,2026,3,21,15,Đồng Tháp,Xã Tân Phú Trung,10.2545007,105.7361294,111,Unhealthy for Sensitive Groups,2,31.5,53,0.0,13.7,95,1009.6,20,26.0,28.5,218.0,2.6,139.0,5.0
2026-03-21 16:00:00,2026,3,21,16,Đồng Tháp,Xã Tân Phú Trung,10.2545007,105.7361294,110,Unhealthy for Sensitive Groups,2,31.0,53,0.0,14.7,101,1008.9,19,23.5,25.6,223.0,4.5,133.0,5.7
2026-03-21 17:00:00,2026,3,21,17,Đồng Tháp,Xã Tân Phú Trung,10.2545007,105.7361294,109,Unhealthy for Sensitive Groups,2,30.0,55,0.0,13.7,107,1008.9,3,24.1,25.7,247.0,9.9,115.0,7.4
2026-03-21 18:00:00,2026,3,21,18,Đồng Tháp,Xã Tân Phú Trung,10.2545007,105.7361294,109,Unhealthy for Sensitive Groups,2,28.4,60,0.0,11.4,111,1009.4,2,29.7,31.3,279.0,17.2,91.0,9.6
2026-03-21 19:00:00,2026,3,21,19,Đồng Tháp,Xã Tân Phú Trung,10.2545007,105.7361294,108,Unhealthy for Sensitive Groups,2,27.4,63,0.0,11.8,119,1010.0,5,37.8,40.4,300.0,22.3,73.0,11.3
2026-03-21 20:00:00,2026,3,21,20,Đồng Tháp,Xã Tân Phú Trung,10.2545007,105.7361294,107,Unhealthy for Sensitive Groups,2,26.6,67,0.0,11.1,117,1011.1,2,35.0,37.5,300.0,22.3,66.0,11.3
2026-03-21 21:00:00,2026,3,21,21,Đồng Tháp,Xã Tân Phú Trung,10.2545007,105.7361294,105,Unhealthy for Sensitive Groups,2,25.9,73,0.0,11.3,124,1011.8,1,34.0,36.3,288.0,22.2,56.0,11.3
2026-03-21 22:00:00,2026,3,21,22,Đồng Tháp,Xã Tân Phú Trung,10.2545007,105.7361294,105,Unhealthy for Sensitive Groups,2,25.2,79,0.0,11.1,127,1011.9,1,33.3,35.6,273.0,21.8,49.0,11.0
2026-03-21 23:00:00,2026,3,21,23,Đồng Tháp,Xã Tân Phú Trung,10.2545007,105.7361294,104,Unhealthy for Sensitive Groups,2,24.8,84,0.0,11.0,124,1011.7,2,31.9,34.1,254.0,20.8,49.0,10.0
2026-03-22 00:00:00,2026,3,22,0,Đồng Tháp,Xã Tân Phú Trung,10.2545007,105.7361294,104,Unhealthy for Sensitive Groups,2,24.5,87,0.0,9.5,122,1011.5,4,29.7,32.0,232.0,19.4,51.0,8.8
2026-03-22 01:00:00,2026,3,22,1,Đồng Tháp,Xã Tân Phú Trung,10.2545007,105.7361294,103,Unhealthy for Sensitive Groups,2,24.2,91,0.0,8.0,118,1010.8,11,28.3,30.5,214.0,18.6,53.0,7.8
2026-03-22 02:00:00,2026,3,22,2,Đồng Tháp,Xã Tân Phú Trung,10.2545007,105.7361294,101,Unhealthy for Sensitive Groups,2,24.4,91,0.0,8.2,119,1010.5,9,28.0,30.2,201.0,18.8,52.0,7.4
2026-03-22 03:00:00,2026,3,22,3,Đồng Tháp,Xã Tân Phú Trung,10.2545007,105.7361294,99,Moderate,1,24.1,92,0.0,7.5,120,1010.2,16,28.5,30.5,193.0,19.6,49.0,7.2
2026-03-22 04:00:00,2026,3,22,4,Đồng Tháp,Xã Tân Phú Trung,10.2545007,105.7361294,97,Moderate,1,24.0,92,0.0,8.4,121,1010.3,12,29.3,31.3,192.0,19.9,48.0,7.3
2026-03-22 05:00:00,2026,3,22,5,Đồng Tháp,Xã Tân Phú Trung,10.2545007,105.7361294,95,Moderate,1,24.0,93,0.0,7.3,123,1010.5,18,30.0,32.0,206.0,19.7,47.0,7.9
2026-03-22 06:00:00,2026,3,22,6,Đồng Tháp,Xã Tân Phú Trung,10.2545007,105.7361294,93,Moderate,1,23.8,93,0.0,7.1,117,1010.9,29,32.1,34.0,228.0,19.1,46.0,8.7
2026-03-22 07:00:00,2026,3,22,7,Đồng Tháp,Xã Tân Phú Trung,10.2545007,105.7361294,91,Moderate,1,25.6,85,0.0,14.8,117,1011.6,33,29.4,32.1,239.0,18.1,49.0,9.2
2026-03-22 08:00:00,2026,3,22,8,Đồng Tháp,Xã Tân Phú Trung,10.2545007,105.7361294,87,Moderate,1,27.1,76,0.0,16.7,114,1012.4,23,22.3,25.1,229.0,14.0,61.0,8.2
2026-03-22 09:00:00,2026,3,22,9,Đồng Tháp,Xã Tân Phú Trung,10.2545007,105.7361294,86,Moderate,1,28.5,69,0.0,17.1,110,1012.9,13,16.2,19.2,208.0,8.4,78.0,6.9
2026-03-22 10:00:00,2026,3,22,10,Đồng Tháp,Xã Tân Phú Trung,10.2545007,105.7361294,85,Moderate,1,29.9,61,0.0,15.9,110,1013.0,10,15.3,18.6,191.0,4.1,93.0,5.8
2026-03-22 11:00:00,2026,3,22,11,Đồng Tháp,Xã Tân Phú Trung,10.2545007,105.7361294,84,Moderate,1,31.0,57,0.0,15.2,106,1012.6,13,15.1,18.7,184.0,2.4,104.0,5.1
2026-03-22 12:00:00,2026,3,22,12,Đồng Tháp,Xã Tân Phú Trung,10.2545007,105.7361294,83,Moderate,1,31.7,53,0.0,15.5,102,1011.9,6,14.1,17.4,182.0,2.1,113.0,4.7
2026-03-22 13:00:00,2026,3,22,13,Đồng Tháp,Xã Tân Phú Trung,10.2545007,105.7361294,82,Moderate,1,32.0,50,0.0,16.0,97,1011.0,17,12.8,15.8,181.0,2.1,119.0,4.5
2026-03-22 14:00:00,2026,3,22,14,Đồng Tháp,Xã Tân Phú Trung,10.2545007,105.7361294,81,Moderate,1,31.9,48,0.0,16.0,97,1010.3,37,12.6,15.3,179.0,1.9,122.0,4.3
2026-03-22 15:00:00,2026,3,22,15,Đồng Tháp,Xã Tân Phú Trung,10.2545007,105.7361294,79,Moderate,1,31.7,48,0.0,15.2,101,1009.5,30,12.6,15.2,178.0,2.0,123.0,4.3
2026-03-22 16:00:00,2026,3,22,16,Đồng Tháp,Xã Tân Phú Trung,10.2545007,105.7361294,78,Moderate,1,31.3,47,0.0,15.0,103,1009.0,44,12.7,15.2,187.0,3.7,118.0,4.9
2026-03-22 17:00:00,2026,3,22,17,Đồng Tháp,Xã Tân Phú Trung,10.2545007,105.7361294,77,Moderate,1,30.0,54,0.0,15.0,110,1009.0,6,16.1,18.2,213.0,8.2,104.0,6.5
2026-03-22 18:00:00,2026,3,22,18,Đồng Tháp,Xã Tân Phú Trung,10.2545007,105.7361294,76,Moderate,1,28.3,60,0.0,13.1,108,1009.5,22,22.1,24.2,249.0,14.2,86.0,8.6
2026-03-22 19:00:00,2026,3,22,19,Đồng Tháp,Xã Tân Phú Trung,10.2545007,105.7361294,76,Moderate,1,27.5,66,0.0,13.0,131,1010.3,2,28.2,31.2,274.0,18.8,67.0,10.0
2026-03-22 20:00:00,2026,3,22,20,Đồng Tháp,Xã Tân Phú Trung,10.2545007,105.7361294,75,Moderate,1,26.5,72,0.0,10.0,129,1011.2,3,29.2,31.7,281.0,19.7,62.0,10.4
2026-03-22 21:00:00,2026,3,22,21,Đồng Tháp,Xã Tân Phú Trung,10.2545007,105.7361294,74,Moderate,1,25.6,77,0.0,9.7,140,1011.6,1,30.3,32.6,278.0,20.8,54.0,11.0
2026-03-22 22:00:00,2026,3,22,22,Đồng Tháp,Xã Tân Phú Trung,10.2545007,105.7361294,74,Moderate,1,24.9,82,0.0,9.8,134,1012.0,0,31.4,33.8,270.0,21.7,49.0,11.2
2026-03-22 23:00:00,2026,3,22,23,Đồng Tháp,Xã Tân Phú Trung,10.2545007,105.7361294,74,Moderate,1,24.5,87,0.0,8.9,133,1012.0,5,31.7,34.0,256.0,21.6,48.0,10.6
2026-03-23 00:00:00,2026,3,23,0,Đồng Tháp,Xã Tân Phú Trung,10.2545007,105.7361294,74,Moderate,1,24.2,91,0.0,8.1,129,1011.8,15,31.4,33.9,238.0,21.3,49.0,9.5
2026-03-23 01:00:00,2026,3,23,1,Đồng Tháp,Xã Tân Phú Trung,10.2545007,105.7361294,74,Moderate,1,24.1,93,0.0,6.0,141,1011.5,5,32.7,35.2,224.0,21.7,48.0,8.8
2026-03-23 02:00:00,2026,3,23,2,Đồng Tháp,Xã Tân Phú Trung,10.2545007,105.7361294,74,Moderate,1,24.0,94,0.0,6.2,142,1010.9,5,35.5,38.0,214.0,23.6,44.0,8.5
2026-03-23 03:00:00,2026,3,23,3,Đồng Tháp,Xã Tân Phú Trung,10.2545007,105.7361294,75,Moderate,1,23.8,95,0.0,6.4,133,1010.7,17,39.6,42.1,209.0,26.3,39.0,8.6
2026-03-23 04:00:00,2026,3,23,4,Đồng Tháp,Xã Tân Phú Trung,10.2545007,105.7361294,76,Moderate,1,23.5,96,0.0,5.7,125,1010.6,75,45.6,48.2,216.0,28.9,35.0,9.3
2026-03-23 05:00:00,2026,3,23,5,Đồng Tháp,Xã Tân Phú Trung,10.2545007,105.7361294,78,Moderate,1,23.4,96,0.0,5.5,128,1010.9,6,53.6,56.5,250.0,32.3,30.0,11.4
2026-03-23 06:00:00,2026,3,23,6,Đồng Tháp,Xã Tân Phú Trung,10.2545007,105.7361294,80,Moderate,1,23.3,95,0.0,6.0,117,1011.6,2,63.8,66.8,296.0,35.5,26.0,14.2
2026-03-23 07:00:00,2026,3,23,7,Đồng Tháp,Xã Tân Phú Trung,10.2545007,105.7361294,82,Moderate,1,25.1,88,0.0,10.5,112,1012.2,8,67.3,71.0,317.0,32.9,30.0,14.4
2026-03-23 08:00:00,2026,3,23,8,Đồng Tháp,Xã Tân Phú Trung,10.2545007,105.7361294,86,Moderate,1,26.9,80,0.0,14.3,108,1012.6,18,35.0,39.1,288.0,24.8,47.0,12.2
2026-03-23 09:00:00,2026,3,23,9,Đồng Tháp,Xã Tân Phú Trung,10.2545007,105.7361294,87,Moderate,1,28.3,72,0.1,13.3,103,1013.1,23,22.4,26.2,234.0,13.7,71.0,9.2
2026-03-23 10:00:00,2026,3,23,10,Đồng Tháp,Xã Tân Phú Trung,10.2545007,105.7361294,88,Moderate,1,29.6,65,0.1,13.5,106,1012.9,19,19.9,24.1,194.0,5.3,92.0,6.8
2026-03-23 11:00:00,2026,3,23,11,Đồng Tháp,Xã Tân Phú Trung,10.2545007,105.7361294,88,Moderate,1,30.9,58,0.1,12.5,106,1012.0,16,19.1,23.5,185.0,2.4,106.0,5.7
2026-03-23 12:00:00,2026,3,23,12,Đồng Tháp,Xã Tân Phú Trung,10.2545007,105.7361294,88,Moderate,1,31.8,53,0.0,11.2,95,1011.0,46,18.5,22.8,190.0,2.3,116.0,5.3
2026-03-23 13:00:00,2026,3,23,13,Đồng Tháp,Xã Tân Phú Trung,10.2545007,105.7361294,89,Moderate,1,31.4,54,0.0,11.6,85,1010.1,59,18.5,22.5,195.0,2.7,124.0,5.2
2026-03-23 14:00:00,2026,3,23,14,Đồng Tháp,Xã Tân Phú Trung,10.2545007,105.7361294,89,Moderate,1,31.5,53,0.0,11.7,75,1009.2,25,18.5,22.1,195.0,2.5,131.0,5.2
2026-03-23 15:00:00,2026,3,23,15,Đồng Tháp,Xã Tân Phú Trung,10.2545007,105.7361294,90,Moderate,1,31.5,53,0.1,11.8,82,1008.6,16,18.7,22.2,195.0,2.7,134.0,5.5
2026-03-23 16:00:00,2026,3,23,16,Đồng Tháp,Xã Tân Phú Trung,10.2545007,105.7361294,90,Moderate,1,31.0,54,0.0,11.0,105,1008.1,13,18.9,22.2,203.0,4.2,131.0,6.1
2026-03-23 17:00:00,2026,3,23,17,Đồng Tháp,Xã Tân Phú Trung,10.2545007,105.7361294,91,Moderate,1,30.1,57,0.0,9.8,128,1008.0,9,20.4,23.1,226.0,8.2,115.0,7.3
2026-03-23 18:00:00,2026,3,23,18,Đồng Tháp,Xã Tân Phú Trung,10.2545007,105.7361294,91,Moderate,1,28.7,63,0.0,7.5,136,1008.2,3,26.3,28.5,257.0,13.5,93.0,8.8
2026-03-23 19:00:00,2026,3,23,19,Đồng Tháp,Xã Tân Phú Trung,10.2545007,105.7361294,92,Moderate,1,28.0,65,0.0,13.7,122,1009.1,2,43.1,47.7,275.0,22.7,75.0,11.5
2026-03-23 20:00:00,2026,3,23,20,Đồng Tháp,Xã Tân Phú Trung,10.2545007,105.7361294,93,Moderate,1,27.0,70,0.0,14.7,130,1009.7,0,36.1,39.6,271.0,22.7,67.0,11.5
2026-03-23 21:00:00,2026,3,23,21,Đồng Tháp,Xã Tân Phú Trung,10.2545007,105.7361294,93,Moderate,1,25.9,76,0.0,13.9,127,1010.2,0,33.8,36.8,256.0,22.7,55.0,11.5
2026-03-23 22:00:00,2026,3,23,22,Đồng Tháp,Xã Tân Phú Trung,10.2545007,105.7361294,94,Moderate,1,25.1,82,0.0,10.6,124,1010.8,0,33.3,36.1,240.0,22.5,47.0,11.2
2026-03-23 23:00:00,2026,3,23,23,Đồng Tháp,Xã Tân Phú Trung,10.2545007,105.7361294,94,Moderate,1,24.5,88,0.0,9.3,126,1011.0,0,32.6,35.4,226.0,21.7,46.0,10.4
2026-03-24 00:00:00,2026,3,24,0,Đồng Tháp,Xã Tân Phú Trung,10.2545007,105.7361294,94,Moderate,1,24.2,90,0.0,9.3,117,1010.8,1,31.4,34.2,212.0,20.7,49.0,9.3
2026-03-24 01:00:00,2026,3,24,1,Đồng Tháp,Xã Tân Phú Trung,10.2545007,105.7361294,94,Moderate,1,24.0,93,0.0,9.6,116,1010.1,71,30.9,33.5,203.0,20.3,50.0,8.5
2026-03-24 02:00:00,2026,3,24,2,Đồng Tháp,Xã Tân Phú Trung,10.2545007,105.7361294,94,Moderate,1,23.9,93,0.0,9.9,127,1009.5,1,30.9,33.6,199.0,20.8,48.0,8.0
2026-03-24 03:00:00,2026,3,24,3,Đồng Tháp,Xã Tân Phú Trung,10.2545007,105.7361294,93,Moderate,1,23.7,93,0.0,8.4,127,1009.2,3,32.6,35.5,200.0,21.9,45.0,7.8
2026-03-24 04:00:00,2026,3,24,4,Đồng Tháp,Xã Tân Phú Trung,10.2545007,105.7361294,93,Moderate,1,23.4,95,0.0,5.7,122,1009.3,7,36.0,38.9,210.0,23.1,42.0,8.1
2026-03-24 05:00:00,2026,3,24,5,Đồng Tháp,Xã Tân Phú Trung,10.2545007,105.7361294,92,Moderate,1,23.0,95,0.0,4.4,117,1009.5,9,42.4,45.3,242.0,25.1,38.0,9.5
2026-03-24 06:00:00,2026,3,24,6,Đồng Tháp,Xã Tân Phú Trung,10.2545007,105.7361294,91,Moderate,1,22.9,95,0.0,5.3,118,1010.3,0,50.5,53.7,283.0,27.1,34.0,11.5
2026-03-24 07:00:00,2026,3,24,7,Đồng Tháp,Xã Tân Phú Trung,10.2545007,105.7361294,90,Moderate,1,24.6,89,0.0,8.5,125,1010.9,35,31.0,34.1,300.0,18.3,50.0,9.7
2026-03-24 08:00:00,2026,3,24,8,Đồng Tháp,Xã Tân Phú Trung,10.2545007,105.7361294,87,Moderate,1,26.6,79,0.0,13.8,122,1011.5,36,23.6,26.8,270.0,14.3,61.0,8.9
2026-03-24 09:00:00,2026,3,24,9,Đồng Tháp,Xã Tân Phú Trung,10.2545007,105.7361294,86,Moderate,1,28.0,71,0.0,14.1,118,1012.0,11,18.3,21.8,216.0,8.7,77.0,7.8
2026-03-24 10:00:00,2026,3,24,10,Đồng Tháp,Xã Tân Phú Trung,10.2545007,105.7361294,85,Moderate,1,29.5,63,0.0,12.8,118,1011.7,20,18.6,22.5,176.0,4.5,92.0,6.9
2026-03-24 11:00:00,2026,3,24,11,Đồng Tháp,Xã Tân Phú Trung,10.2545007,105.7361294,85,Moderate,1,30.5,57,0.0,11.3,115,1011.0,15,18.6,22.3,168.0,2.8,103.0,6.4
2026-03-24 12:00:00,2026,3,24,12,Đồng Tháp,Xã Tân Phú Trung,10.2545007,105.7361294,85,Moderate,1,31.5,54,0.0,10.2,118,1009.7,5,17.7,20.5,175.0,2.4,113.0,6.1
2026-03-24 13:00:00,2026,3,24,13,Đồng Tháp,Xã Tân Phú Trung,10.2545007,105.7361294,85,Moderate,1,31.8,52,0.0,10.4,110,1008.9,23,16.9,18.9,181.0,2.4,120.0,6.0
2026-03-24 14:00:00,2026,3,24,14,Đồng Tháp,Xã Tân Phú Trung,10.2545007,105.7361294,85,Moderate,1,32.2,50,0.0,10.2,104,1008.0,18,16.6,18.5,179.0,1.9,125.0,5.8
2026-03-24 15:00:00,2026,3,24,15,Đồng Tháp,Xã Tân Phú Trung,10.2545007,105.7361294,85,Moderate,1,32.3,48,0.0,10.3,106,1007.3,5,16.2,17.9,177.0,1.9,127.0,5.8
2026-03-24 16:00:00,2026,3,24,16,Đồng Tháp,Xã Tân Phú Trung,10.2545007,105.7361294,84,Moderate,1,31.9,47,0.0,10.6,108,1007.0,2,16.4,18.0,186.0,3.9,123.0,6.3
2026-03-24 17:00:00,2026,3,24,17,Đồng Tháp,Xã Tân Phú Trung,10.2545007,105.7361294,84,Moderate,1,30.9,52,0.0,9.4,97,1007.2,1,21.1,22.5,217.0,10.2,108.0,8.0
2026-03-24 18:00:00,2026,3,24,18,Đồng Tháp,Xã Tân Phú Trung,10.2545007,105.7361294,84,Moderate,1,28.9,58,0.0,11.0,91,1007.8,0,33.8,35.6,258.0,18.6,87.0,10.3
2026-03-24 19:00:00,2026,3,24,19,Đồng Tháp,Xã Tân Phú Trung,10.2545007,105.7361294,85,Moderate,1,28.1,65,0.0,13.7,118,1008.5,0,43.5,46.1,284.0,26.7,67.0,12.1
2026-03-24 20:00:00,2026,3,24,20,Đồng Tháp,Xã Tân Phú Trung,10.2545007,105.7361294,85,Moderate,1,27.0,72,0.0,13.6,131,1009.3,0,38.6,40.9,279.0,25.7,61.0,12.0
2026-03-24 21:00:00,2026,3,24,21,Đồng Tháp,Xã Tân Phú Trung,10.2545007,105.7361294,85,Moderate,1,25.8,79,0.0,12.8,138,1009.7,0,34.9,37.1,258.0,24.3,53.0,11.8
2026-03-24 22:00:00,2026,3,24,22,Đồng Tháp,Xã Tân Phú Trung,10.2545007,105.7361294,85,Moderate,1,25.0,83,0.0,10.5,131,1010.3,0,34.9,37.1,246.0,23.8,46.0,11.5
2026-03-24 23:00:00,2026,3,24,23,Đồng Tháp,Xã Tân Phú Trung,10.2545007,105.7361294,85,Moderate,1,24.4,87,0.0,8.7,120,1010.7,0,36.6,38.9,254.0,24.7,41.0,11.0
2026-03-25 00:00:00,2026,3,25,0,Đồng Tháp,Xã Tân Phú Trung,10.2545007,105.7361294,86,Moderate,1,23.8,90,0.0,5.2,134,1010.4,2,38.9,41.3,271.0,26.5,38.0,10.5
2026-03-25 01:00:00,2026,3,25,1,Đồng Tháp,Xã Tân Phú Trung,10.2545007,105.7361294,86,Moderate,1,23.6,92,0.0,2.4,167,1009.8,30,43.0,45.5,280.0,28.5,35.0,10.2
2026-03-25 02:00:00,2026,3,25,2,Đồng Tháp,Xã Tân Phú Trung,10.2545007,105.7361294,88,Moderate,1,23.5,94,0.0,1.9,146,1009.4,20,47.4,50.2,271.0,30.8,32.0,10.2
2026-03-25 03:00:00,2026,3,25,3,Đồng Tháp,Xã Tân Phú Trung,10.2545007,105.7361294,89,Moderate,1,23.3,95,0.0,3.2,124,1009.0,9,51.8,54.7,254.0,33.3,29.0,10.4
2026-03-25 04:00:00,2026,3,25,4,Đồng Tháp,Xã Tân Phú Trung,10.2545007,105.7361294,91,Moderate,1,23.0,96,0.0,5.2,117,1008.9,0,56.7,59.8,251.0,34.9,27.0,10.9
2026-03-25 05:00:00,2026,3,25,5,Đồng Tháp,Xã Tân Phú Trung,10.2545007,105.7361294,93,Moderate,1,22.9,97,0.0,6.0,115,1009.1,0,62.4,66.1,281.0,36.0,25.0,12.3
2026-03-25 06:00:00,2026,3,25,6,Đồng Tháp,Xã Tân Phú Trung,10.2545007,105.7361294,94,Moderate,1,22.7,97,0.0,5.4,105,1009.8,0,68.5,72.2,325.0,36.2,24.0,14.2
2026-03-25 07:00:00,2026,3,25,7,Đồng Tháp,Xã Tân Phú Trung,10.2545007,105.7361294,96,Moderate,1,24.3,93,0.0,6.9,105,1010.8,0,63.6,68.0,343.0,29.3,32.0,12.9
2026-03-25 08:00:00,2026,3,25,8,Đồng Tháp,Xã Tân Phú Trung,10.2545007,105.7361294,99,Moderate,1,26.5,80,0.0,11.1,107,1011.4,11,35.6,40.9,307.0,22.4,49.0,11.5
2026-03-25 09:00:00,2026,3,25,9,Đồng Tháp,Xã Tân Phú Trung,10.2545007,105.7361294,100,Moderate,1,28.1,70,0.0,11.3,107,1011.7,2,28.3,33.6,245.0,12.8,74.0,9.5
2026-03-25 10:00:00,2026,3,25,10,Đồng Tháp,Xã Tân Phú Trung,10.2545007,105.7361294,101,Unhealthy for Sensitive Groups,2,29.5,63,0.0,9.6,103,1011.7,4,28.1,33.6,198.0,5.6,96.0,7.9
2026-03-25 11:00:00,2026,3,25,11,Đồng Tháp,Xã Tân Phú Trung,10.2545007,105.7361294,102,Unhealthy for Sensitive Groups,2,30.8,56,0.0,9.1,99,1011.1,1,25.9,30.0,185.0,2.9,112.0,7.1
2026-03-25 12:00:00,2026,3,25,12,Đồng Tháp,Xã Tân Phú Trung,10.2545007,105.7361294,103,Unhealthy for Sensitive Groups,2,31.8,52,0.0,9.9,99,1010.1,0,24.4,27.4,187.0,2.5,126.0,6.6
2026-03-25 13:00:00,2026,3,25,13,Đồng Tháp,Xã Tân Phú Trung,10.2545007,105.7361294,103,Unhealthy for Sensitive Groups,2,32.3,49,0.0,13.6,84,1009.3,29,24.4,27.2,191.0,2.6,136.0,6.4
2026-03-25 14:00:00,2026,3,25,14,Đồng Tháp,Xã Tân Phú Trung,10.2545007,105.7361294,104,Unhealthy for Sensitive Groups,2,32.5,49,0.0,13.0,86,1008.5,36,25.0,27.9,189.0,2.2,144.0,6.3
2026-03-25 15:00:00,2026,3,25,15,Đồng Tháp,Xã Tân Phú Trung,10.2545007,105.7361294,105,Unhealthy for Sensitive Groups,2,32.5,46,0.0,11.7,103,1007.8,8,25.1,28.4,188.0,2.3,148.0,6.4
2026-03-25 16:00:00,2026,3,25,16,Đồng Tháp,Xã Tân Phú Trung,10.2545007,105.7361294,106,Unhealthy for Sensitive Groups,2,32.0,46,0.0,12.1,120,1007.6,19,24.9,28.1,197.0,4.2,145.0,6.9
2026-03-25 17:00:00,2026,3,25,17,Đồng Tháp,Xã Tân Phú Trung,10.2545007,105.7361294,107,Unhealthy for Sensitive Groups,2,30.9,50,0.0,12.6,128,1007.7,13,28.8,31.2,225.0,9.4,128.0,8.2
2026-03-25 18:00:00,2026,3,25,18,Đồng Tháp,Xã Tân Phú Trung,10.2545007,105.7361294,108,Unhealthy for Sensitive Groups,2,29.0,52,0.0,12.9,127,1008.2,62,35.7,37.6,262.0,16.4,103.0,10.0
2026-03-25 19:00:00,2026,3,25,19,Đồng Tháp,Xã Tân Phú Trung,10.2545007,105.7361294,108,Unhealthy for Sensitive Groups,2,27.8,59,0.0,11.6,143,1008.9,91,43.7,45.8,287.0,24.4,83.0,12.3
2026-03-25 20:00:00,2026,3,25,20,Đồng Tháp,Xã Tân Phú Trung,10.2545007,105.7361294,108,Unhealthy for Sensitive Groups,2,26.8,65,0.0,13.2,143,1009.6,91,38.6,40.5,289.0,23.7,73.0,12.0
2026-03-25 21:00:00,2026,3,25,21,Đồng Tháp,Xã Tân Phú Trung,10.2545007,105.7361294,108,Unhealthy for Sensitive Groups,2,25.9,73,0.0,12.4,147,1010.3,1,35.3,37.4,279.0,22.8,59.0,11.6
2026-03-25 22:00:00,2026,3,25,22,Đồng Tháp,Xã Tân Phú Trung,10.2545007,105.7361294,108,Unhealthy for Sensitive Groups,2,25.1,80,0.0,10.2,131,1011.0,0,34.9,37.1,271.0,22.5,48.0,11.1
2026-03-25 23:00:00,2026,3,25,23,Đồng Tháp,Xã Tân Phú Trung,10.2545007,105.7361294,108,Unhealthy for Sensitive Groups,2,24.6,84,0.0,9.0,128,1011.1,0,36.6,38.9,272.0,23.0,43.0,10.6
2026-03-26 00:00:00,2026,3,26,0,Đồng Tháp,Xã Tân Phú Trung,10.2545007,105.7361294,108,Unhealthy for Sensitive Groups,2,24.2,88,0.0,6.5,132,1010.8,4,38.0,40.4,275.0,24.1,42.0,10.1
2026-03-26 01:00:00,2026,3,26,1,Đồng Tháp,Xã Tân Phú Trung,10.2545007,105.7361294,108,Unhealthy for Sensitive Groups,2,24.1,94,0.0,6.6,133,1010.4,4,39.9,42.5,273.0,25.4,40.0,9.7
2026-03-26 02:00:00,2026,3,26,2,Đồng Tháp,Xã Tân Phú Trung,10.2545007,105.7361294,107,Unhealthy for Sensitive Groups,2,24.0,96,0.0,6.2,142,1009.9,13,42.6,45.2,257.0,27.0,37.0,9.4
2026-03-26 03:00:00,2026,3,26,3,Đồng Tháp,Xã Tân Phú Trung,10.2545007,105.7361294,107,Unhealthy for Sensitive Groups,2,24.1,95,0.0,7.1,144,1009.6,11,45.8,48.3,237.0,28.9,34.0,9.3
2026-03-26 04:00:00,2026,3,26,4,Đồng Tháp,Xã Tân Phú Trung,10.2545007,105.7361294,106,Unhealthy for Sensitive Groups,2,23.7,95,0.0,6.3,141,1009.3,1,48.9,51.5,230.0,30.6,31.0,9.7
2026-03-26 05:00:00,2026,3,26,5,Đồng Tháp,Xã Tân Phú Trung,10.2545007,105.7361294,106,Unhealthy for Sensitive Groups,2,23.3,96,0.0,5.4,130,1009.8,3,53.2,55.8,255.0,33.0,27.0,11.4
2026-03-26 06:00:00,2026,3,26,6,Đồng Tháp,Xã Tân Phú Trung,10.2545007,105.7361294,105,Unhealthy for Sensitive Groups,2,23.0,96,0.0,4.9,126,1010.6,56,63.6,66.4,294.0,35.2,23.0,13.7
2026-03-26 07:00:00,2026,3,26,7,Đồng Tháp,Xã Tân Phú Trung,10.2545007,105.7361294,104,Unhealthy for Sensitive Groups,2,25.0,90,0.0,9.2,111,1011.2,59,53.9,57.0,312.0,26.4,37.0,12.1
2026-03-26 08:00:00,2026,3,26,8,Đồng Tháp,Xã Tân Phú Trung,10.2545007,105.7361294,103,Unhealthy for Sensitive Groups,2,26.7,81,0.0,12.2,110,1011.7,23,31.8,35.7,285.0,20.0,54.0,10.4
2026-03-26 09:00:00,2026,3,26,9,Đồng Tháp,Xã Tân Phú Trung,10.2545007,105.7361294,103,Unhealthy for Sensitive Groups,2,28.3,68,0.0,12.4,106,1012.2,8,21.9,26.6,237.0,11.1,78.0,8.1
2026-03-26 10:00:00,2026,3,26,10,Đồng Tháp,Xã Tân Phú Trung,10.2545007,105.7361294,102,Unhealthy for Sensitive Groups,2,29.5,62,0.0,12.6,107,1012.2,19,20.1,25.4,203.0,4.5,98.0,6.3
2026-03-26 11:00:00,2026,3,26,11,Đồng Tháp,Xã Tân Phú Trung,10.2545007,105.7361294,101,Unhealthy for Sensitive Groups,2,30.8,56,0.0,13.5,95,1011.3,25,20.3,25.4,199.0,2.5,111.0,5.6
2026-03-26 12:00:00,2026,3,26,12,Đồng Tháp,Xã Tân Phú Trung,10.2545007,105.7361294,101,Unhealthy for Sensitive Groups,2,31.6,51,0.0,13.5,77,1010.2,100,20.8,25.0,209.0,2.8,120.0,5.5
2026-03-26 13:00:00,2026,3,26,13,Đồng Tháp,Xã Tân Phú Trung,10.2545007,105.7361294,100,Moderate,1,31.0,55,0.0,10.6,79,1009.1,27,21.5,25.0,218.0,3.3,128.0,5.5
2026-03-26 14:00:00,2026,3,26,14,Đồng Tháp,Xã Tân Phú Trung,10.2545007,105.7361294,100,Moderate,1,32.0,51,0.0,10.2,76,1008.0,34,22.4,25.8,216.0,2.6,139.0,5.1
2026-03-26 15:00:00,2026,3,26,15,Đồng Tháp,Xã Tân Phú Trung,10.2545007,105.7361294,100,Moderate,1,32.2,49,0.0,9.8,72,1007.1,22,24.0,27.2,213.0,2.1,149.0,4.7
2026-03-26 16:00:00,2026,3,26,16,Đồng Tháp,Xã Tân Phú Trung,10.2545007,105.7361294,100,Moderate,1,32.0,50,0.0,10.8,69,1006.7,38,25.1,28.3,229.0,4.3,149.0,5.3
2026-03-26 17:00:00,2026,3,26,17,Đồng Tháp,Xã Tân Phú Trung,10.2545007,105.7361294,100,Moderate,1,31.0,52,0.0,8.9,82,1006.9,9,28.8,31.5,286.0,12.2,133.0,7.8
2026-03-26 18:00:00,2026,3,26,18,Đồng Tháp,Xã Tân Phú Trung,10.2545007,105.7361294,100,Moderate,1,28.8,61,0.0,5.7,122,1007.3,1,46.9,48.9,362.0,22.8,106.0,11.2
2026-03-26 19:00:00,2026,3,26,19,Đồng Tháp,Xã Tân Phú Trung,10.2545007,105.7361294,101,Unhealthy for Sensitive Groups,2,28.0,64,0.0,10.4,144,1008.3,0,66.1,68.2,404.0,34.1,83.0,14.8
2026-03-26 20:00:00,2026,3,26,20,Đồng Tháp,Xã Tân Phú Trung,10.2545007,105.7361294,103,Unhealthy for Sensitive Groups,2,27.2,64,0.0,14.5,125,1009.2,0,56.8,58.9,380.0,31.3,74.0,14.0
2026-03-26 21:00:00,2026,3,26,21,Đồng Tháp,Xã Tân Phú Trung,10.2545007,105.7361294,105,Unhealthy for Sensitive Groups,2,26.0,72,0.0,13.7,130,1009.8,0,44.7,46.9,323.0,27.5,60.0,12.8
2026-03-26 22:00:00,2026,3,26,22,Đồng Tháp,Xã Tân Phú Trung,10.2545007,105.7361294,106,Unhealthy for Sensitive Groups,2,25.1,80,0.0,13.3,132,1010.3,0,37.6,39.9,275.0,24.5,50.0,11.7
2026-03-26 23:00:00,2026,3,26,23,Đồng Tháp,Xã Tân Phú Trung,10.2545007,105.7361294,106,Unhealthy for Sensitive Groups,2,24.5,86,0.0,11.9,124,1010.6,0,34.2,36.6,254.0,23.2,45.0,10.6
2026-03-27 00:00:00,2026,3,27,0,Đồng Tháp,Xã Tân Phú Trung,10.2545007,105.7361294,106,Unhealthy for Sensitive Groups,2,24.0,90,0.0,10.3,130,1010.5,3,33.6,36.3,243.0,22.8,44.0,9.6
2026-03-27 01:00:00,2026,3,27,1,Đồng Tháp,Xã Tân Phú Trung,10.2545007,105.7361294,105,Unhealthy for Sensitive Groups,2,23.8,94,0.0,8.7,137,1010.1,100,34.8,37.6,236.0,23.0,42.0,8.9
2026-03-27 02:00:00,2026,3,27,2,Đồng Tháp,Xã Tân Phú Trung,10.2545007,105.7361294,105,Unhealthy for Sensitive Groups,2,24.0,93,0.0,8.4,143,1009.7,100,36.7,39.6,230.0,24.4,39.0,8.7
2026-03-27 03:00:00,2026,3,27,3,Đồng Tháp,Xã Tân Phú Trung,10.2545007,105.7361294,104,Unhealthy for Sensitive Groups,2,24.0,93,0.0,8.4,137,1009.2,98,39.7,42.7,229.0,26.5,36.0,8.8
2026-03-27 04:00:00,2026,3,27,4,Đồng Tháp,Xã Tân Phú Trung,10.2545007,105.7361294,104,Unhealthy for Sensitive Groups,2,23.9,92,0.0,9.2,135,1009.2,30,43.5,46.7,235.0,27.5,35.0,9.2
2026-03-27 05:00:00,2026,3,27,5,Đồng Tháp,Xã Tân Phú Trung,10.2545007,105.7361294,103,Unhealthy for Sensitive Groups,2,23.5,94,0.0,10.2,134,1009.6,20,47.3,50.4,258.0,26.7,37.0,10.1
2026-03-27 06:00:00,2026,3,27,6,Đồng Tháp,Xã Tân Phú Trung,10.2545007,105.7361294,103,Unhealthy for Sensitive Groups,2,23.1,95,0.0,8.9,133,1010.1,1,51.8,55.1,288.0,24.7,41.0,11.3
2026-03-27 07:00:00,2026,3,27,7,Đồng Tháp,Xã Tân Phú Trung,10.2545007,105.7361294,101,Unhealthy for Sensitive Groups,2,24.6,89,0.0,11.1,133,1010.7,15,44.8,49.6,299.0,22.6,46.0,11.5
2026-03-27 08:00:00,2026,3,27,8,Đồng Tháp,Xã Tân Phú Trung,10.2545007,105.7361294,100,Moderate,1,26.4,78,0.0,12.8,130,1011.5,21,33.6,38.5,272.0,17.4,61.0,10.2
2026-03-27 09:00:00,2026,3,27,9,Đồng Tháp,Xã Tân Phú Trung,10.2545007,105.7361294,101,Unhealthy for Sensitive Groups,2,28.0,68,0.0,12.7,129,1011.8,22,24.4,29.5,225.0,10.1,82.0,8.3
2026-03-27 10:00:00,2026,3,27,10,Đồng Tháp,Xã Tân Phú Trung,10.2545007,105.7361294,101,Unhealthy for Sensitive Groups,2,29.4,60,0.0,12.6,131,1011.7,30,21.2,26.4,191.0,4.7,100.0,6.9
2026-03-27 11:00:00,2026,3,27,11,Đồng Tháp,Xã Tân Phú Trung,10.2545007,105.7361294,101,Unhealthy for Sensitive Groups,2,30.5,54,0.0,12.0,130,1011.4,50,20.7,25.8,184.0,2.9,111.0,6.3
2026-03-27 12:00:00,2026,3,27,12,Đồng Tháp,Xã Tân Phú Trung,10.2545007,105.7361294,101,Unhealthy for Sensitive Groups,2,31.5,50,0.0,10.6,129,1010.6,24,20.2,24.7,189.0,2.8,118.0,6.1
2026-03-27 13:00:00,2026,3,27,13,Đồng Tháp,Xã Tân Phú Trung,10.2545007,105.7361294,101,Unhealthy for Sensitive Groups,2,31.8,48,0.0,8.7,120,1009.7,42,20.5,24.3,196.0,3.1,123.0,5.9
2026-03-27 14:00:00,2026,3,27,14,Đồng Tháp,Xã Tân Phú Trung,10.2545007,105.7361294,101,Unhealthy for Sensitive Groups,2,32.2,45,0.0,8.2,105,1008.5,35,20.0,22.8,189.0,1.9,128.0,5.3
2026-03-27 15:00:00,2026,3,27,15,Đồng Tháp,Xã Tân Phú Trung,10.2545007,105.7361294,101,Unhealthy for Sensitive Groups,2,32.5,43,0.0,8.1,91,1007.3,13,18.8,21.4,182.0,0.9,131.0,4.7
2026-03-27 16:00:00,2026,3,27,16,Đồng Tháp,Xã Tân Phú Trung,10.2545007,105.7361294,100,Moderate,1,32.2,45,0.0,10.0,82,1006.6,8,20.0,22.4,210.0,4.0,126.0,5.4
2026-03-27 17:00:00,2026,3,27,17,Đồng Tháp,Xã Tân Phú Trung,10.2545007,105.7361294,100,Moderate,1,31.1,50,0.0,10.6,79,1006.7,8,24.3,26.4,316.0,15.6,108.0,8.8
2026-03-27 18:00:00,2026,3,27,18,Đồng Tháp,Xã Tân Phú Trung,10.2545007,105.7361294,99,Moderate,1,29.1,58,0.0,8.3,77,1007.1,0,48.0,50.2,456.0,31.2,84.0,13.6
2026-03-27 19:00:00,2026,3,27,19,Đồng Tháp,Xã Tân Phú Trung,10.2545007,105.7361294,99,Moderate,1,28.2,62,0.0,10.6,89,1007.9,0,68.2,72.2,534.0,37.0,66.0,15.4
2026-03-27 20:00:00,2026,3,27,20,Đồng Tháp,Xã Tân Phú Trung,10.2545007,105.7361294,99,Moderate,1,27.2,67,0.0,13.4,110,1008.6,0,63.6,66.8,490.0,34.6,61.0,14.9
2026-03-27 21:00:00,2026,3,27,21,Đồng Tháp,Xã Tân Phú Trung,10.2545007,105.7361294,100,Moderate,1,26.2,71,0.0,11.6,125,1009.4,0,53.0,55.8,384.0,31.2,53.0,14.2
2026-03-27 22:00:00,2026,3,27,22,Đồng Tháp,Xã Tân Phú Trung,10.2545007,105.7361294,101,Unhealthy for Sensitive Groups,2,25.2,76,0.0,11.2,132,1009.6,0,46.2,48.7,299.0,28.7,46.0,13.3
2026-03-27 23:00:00,2026,3,27,23,Đồng Tháp,Xã Tân Phú Trung,10.2545007,105.7361294,102,Unhealthy for Sensitive Groups,2,24.5,82,0.0,10.6,134,1009.9,0,43.3,45.6,270.0,27.8,41.0,12.1
2026-03-28 00:00:00,2026,3,28,0,Đồng Tháp,Xã Tân Phú Trung,10.2545007,105.7361294,103,Unhealthy for Sensitive Groups,2,23.9,86,0.0,8.9,132,1009.5,0,42.1,44.5,261.0,27.7,37.0,10.7
2026-03-28 01:00:00,2026,3,28,1,Đồng Tháp,Xã Tân Phú Trung,10.2545007,105.7361294,104,Unhealthy for Sensitive Groups,2,23.4,92,0.0,7.4,135,1008.7,0,43.4,45.9,256.0,28.2,33.0,9.7
2026-03-28 02:00:00,2026,3,28,2,Đồng Tháp,Xã Tân Phú Trung,10.2545007,105.7361294,105,Unhealthy for Sensitive Groups,2,23.0,94,0.0,7.3,130,1008.2,0,46.7,49.1,243.0,29.7,30.0,9.4
2026-03-28 03:00:00,2026,3,28,3,Đồng Tháp,Xã Tân Phú Trung,10.2545007,105.7361294,106,Unhealthy for Sensitive Groups,2,22.9,96,0.0,8.1,121,1007.9,0,50.4,52.9,233.0,31.7,27.0,9.4
2026-03-28 04:00:00,2026,3,28,4,Đồng Tháp,Xã Tân Phú Trung,10.2545007,105.7361294,107,Unhealthy for Sensitive Groups,2,22.8,96,0.0,7.9,111,1007.7,0,53.3,56.0,238.0,33.0,25.0,9.9
2026-03-28 05:00:00,2026,3,28,5,Đồng Tháp,Xã Tân Phú Trung,10.2545007,105.7361294,108,Unhealthy for Sensitive Groups,2,22.6,96,0.0,7.6,115,1008.5,1,57.2,60.1,275.0,33.8,23.0,11.2
2026-03-28 06:00:00,2026,3,28,6,Đồng Tháp,Xã Tân Phú Trung,10.2545007,105.7361294,109,Unhealthy for Sensitive Groups,2,22.6,96,0.0,6.3,114,1009.1,0,62.9,66.1,327.0,33.8,22.0,12.9
2026-03-28 07:00:00,2026,3,28,7,Đồng Tháp,Xã Tân Phú Trung,10.2545007,105.7361294,110,Unhealthy for Sensitive Groups,2,24.1,93,0.0,6.7,114,1009.9,5,66.8,69.4,350.0,30.7,28.0,13.6
2026-03-28 08:00:00,2026,3,28,8,Đồng Tháp,Xã Tân Phú Trung,10.2545007,105.7361294,112,Unhealthy for Sensitive Groups,2,26.4,83,0.0,10.8,122,1010.4,24,46.2,49.9,314.0,23.1,49.0,11.8
2026-03-28 09:00:00,2026,3,28,9,Đồng Tháp,Xã Tân Phú Trung,10.2545007,105.7361294,113,Unhealthy for Sensitive Groups,2,27.9,73,0.0,12.0,125,1011.0,21,27.5,32.2,248.0,12.7,77.0,9.4
2026-03-28 10:00:00,2026,3,28,10,Đồng Tháp,Xã Tân Phú Trung,10.2545007,105.7361294,114,Unhealthy for Sensitive Groups,2,29.3,65,0.0,12.1,125,1011.0,23,23.3,27.8,199.0,4.9,100.0,7.4
2026-03-28 11:00:00,2026,3,28,11,Đồng Tháp,Xã Tân Phú Trung,10.2545007,105.7361294,114,Unhealthy for Sensitive Groups,2,30.7,58,0.0,12.2,124,1010.5,19,20.8,23.9,187.0,2.2,112.0,6.3
2026-03-28 12:00:00,2026,3,28,12,Đồng Tháp,Xã Tân Phú Trung,10.2545007,105.7361294,114,Unhealthy for Sensitive Groups,2,31.8,53,0.0,10.8,132,1009.3,20,19.2,21.4,192.0,2.1,119.0,5.8
2026-03-28 13:00:00,2026,3,28,13,Đồng Tháp,Xã Tân Phú Trung,10.2545007,105.7361294,114,Unhealthy for Sensitive Groups,2,32.2,50,0.0,12.0,131,1008.4,70,18.5,20.6,197.0,2.4,122.0,5.4
2026-03-28 14:00:00,2026,3,28,14,Đồng Tháp,Xã Tân Phú Trung,10.2545007,105.7361294,114,Unhealthy for Sensitive Groups,2,32.7,48,0.0,14.9,136,1007.6,93,18.0,20.1,192.0,2.1,123.0,5.1
2026-03-28 15:00:00,2026,3,28,15,Đồng Tháp,Xã Tân Phú Trung,10.2545007,105.7361294,114,Unhealthy for Sensitive Groups,2,32.5,47,0.0,15.7,138,1007.1,99,17.3,19.4,186.0,2.2,121.0,5.0
2026-03-28 16:00:00,2026,3,28,16,Đồng Tháp,Xã Tân Phú Trung,10.2545007,105.7361294,113,Unhealthy for Sensitive Groups,2,31.7,48,0.0,16.0,136,1006.8,98,18.0,20.0,194.0,4.0,114.0,5.5
2026-03-28 17:00:00,2026,3,28,17,Đồng Tháp,Xã Tân Phú Trung,10.2545007,105.7361294,113,Unhealthy for Sensitive Groups,2,30.6,52,0.0,14.4,136,1007.3,17,22.1,23.6,227.0,8.8,101.0,7.0
2026-03-28 18:00:00,2026,3,28,18,Đồng Tháp,Xã Tân Phú Trung,10.2545007,105.7361294,113,Unhealthy for Sensitive Groups,2,28.8,59,0.0,13.6,140,1007.9,3,28.9,30.3,274.0,15.3,84.0,9.0
2026-03-28 19:00:00,2026,3,28,19,Đồng Tháp,Xã Tân Phú Trung,10.2545007,105.7361294,111,Unhealthy for Sensitive Groups,2,27.8,67,0.0,11.7,133,1008.3,2,34.0,35.7,308.0,19.2,71.0,10.5
2026-03-28 20:00:00,2026,3,28,20,Đồng Tháp,Xã Tân Phú Trung,10.2545007,105.7361294,107,Unhealthy for Sensitive Groups,2,26.9,71,0.0,10.5,117,1008.9,0,33.3,34.9,315.0,20.0,64.0,10.9
2026-03-28 21:00:00,2026,3,28,21,Đồng Tháp,Xã Tân Phú Trung,10.2545007,105.7361294,104,Unhealthy for Sensitive Groups,2,25.9,75,0.0,9.8,114,1009.3,0,34.8,37.0,309.0,21.3,54.0,11.4
2026-03-28 22:00:00,2026,3,28,22,Đồng Tháp,Xã Tân Phú Trung,10.2545007,105.7361294,102,Unhealthy for Sensitive Groups,2,25.1,79,0.0,8.1,115,1009.6,0,39.3,41.9,310.0,23.7,45.0,11.8
2026-03-28 23:00:00,2026,3,28,23,Đồng Tháp,Xã Tân Phú Trung,10.2545007,105.7361294,102,Unhealthy for Sensitive Groups,2,24.3,83,0.0,5.3,118,1009.6,22,46.4,49.2,326.0,27.7,37.0,12.0
2026-03-29 00:00:00,2026,3,29,0,Đồng Tháp,Xã Tân Phú Trung,10.2545007,105.7361294,102,Unhealthy for Sensitive Groups,2,23.9,86,0.0,5.3,145,1009.7,98,54.7,57.6,348.0,32.7,29.0,12.2
2026-03-29 01:00:00,2026,3,29,1,Đồng Tháp,Xã Tân Phú Trung,10.2545007,105.7361294,103,Unhealthy for Sensitive Groups,2,23.8,90,0.0,6.1,137,1008.9,100,64.5,67.8,370.0,37.9,22.0,12.6
2026-03-29 02:00:00,2026,3,29,2,Đồng Tháp,Xã Tân Phú Trung,10.2545007,105.7361294,105,Unhealthy for Sensitive Groups,2,23.5,94,0.0,4.7,137,1008.7,100,76.1,79.9,388.0,44.2,14.0,13.4
2026-03-29 03:00:00,2026,3,29,3,Đồng Tháp,Xã Tân Phú Trung,10.2545007,105.7361294,108,Unhealthy for Sensitive Groups,2,23.5,93,0.0,2.7,152,1008.7,100,87.8,91.7,406.0,50.7,8.0,14.4
2026-03-29 04:00:00,2026,3,29,4,Đồng Tháp,Xã Tân Phú Trung,10.2545007,105.7361294,112,Unhealthy for Sensitive Groups,2,23.4,94,0.0,2.3,151,1008.7,100,96.6,100.8,423.0,53.7,5.0,15.3
2026-03-29 05:00:00,2026,3,29,5,Đồng Tháp,Xã Tân Phú Trung,10.2545007,105.7361294,117,Unhealthy for Sensitive Groups,2,23.0,95,0.0,4.5,130,1009.2,98,102.7,107.1,450.0,51.5,8.0,16.4
2026-03-29 06:00:00,2026,3,29,6,Đồng Tháp,Xã Tân Phú Trung,10.2545007,105.7361294,122,Unhealthy for Sensitive Groups,2,23.1,95,0.0,6.6,107,1009.6,97,100.8,105.5,476.0,45.8,14.0,17.5
2026-03-29 07:00:00,2026,3,29,7,Đồng Tháp,Xã Tân Phú Trung,10.2545007,105.7361294,126,Unhealthy for Sensitive Groups,2,25.0,91,0.0,9.8,103,1009.9,56,91.5,94.8,468.0,39.4,24.0,17.0
2026-03-29 08:00:00,2026,3,29,8,Đồng Tháp,Xã Tân Phú Trung,10.2545007,105.7361294,128,Unhealthy for Sensitive Groups,2,27.0,82,0.0,11.0,104,1010.7,8,57.2,61.5,394.0,30.3,41.0,14.8
2026-03-29 09:00:00,2026,3,29,9,Đồng Tháp,Xã Tân Phú Trung,10.2545007,105.7361294,129,Unhealthy for Sensitive Groups,2,28.9,72,0.0,12.9,108,1011.3,70,31.3,35.6,286.0,17.6,66.0,11.8
2026-03-29 10:00:00,2026,3,29,10,Đồng Tháp,Xã Tân Phú Trung,10.2545007,105.7361294,130,Unhealthy for Sensitive Groups,2,30.6,64,0.0,12.9,110,1011.4,54,26.8,30.4,206.0,7.9,87.0,9.2
2026-03-29 11:00:00,2026,3,29,11,Đồng Tháp,Xã Tân Phú Trung,10.2545007,105.7361294,130,Unhealthy for Sensitive Groups,2,31.9,60,0.0,10.7,110,1010.9,20,25.0,27.0,185.0,4.0,102.0,7.5
2026-03-29 12:00:00,2026,3,29,12,Đồng Tháp,Xã Tân Phú Trung,10.2545007,105.7361294,130,Unhealthy for Sensitive Groups,2,32.6,57,0.1,11.0,122,1010.2,28,25.3,27.0,193.0,3.1,114.0,6.4
2026-03-29 13:00:00,2026,3,29,13,Đồng Tháp,Xã Tân Phú Trung,10.2545007,105.7361294,131,Unhealthy for Sensitive Groups,2,33.0,53,0.0,12.5,131,1009.0,11,24.2,25.8,202.0,2.9,122.0,5.7
2026-03-29 14:00:00,2026,3,29,14,Đồng Tháp,Xã Tân Phú Trung,10.2545007,105.7361294,132,Unhealthy for Sensitive Groups,2,33.3,50,0.0,12.6,137,1007.7,21,23.2,24.6,198.0,2.2,127.0,5.5
2026-03-29 15:00:00,2026,3,29,15,Đồng Tháp,Xã Tân Phú Trung,10.2545007,105.7361294,132,Unhealthy for Sensitive Groups,2,33.2,48,0.0,13.0,137,1007.2,23,22.5,23.9,195.0,2.3,128.0,5.9
2026-03-29 16:00:00,2026,3,29,16,Đồng Tháp,Xã Tân Phú Trung,10.2545007,105.7361294,133,Unhealthy for Sensitive Groups,2,33.0,49,0.0,12.6,137,1006.9,19,22.4,23.6,207.0,4.5,123.0,6.8
2026-03-29 17:00:00,2026,3,29,17,Đồng Tháp,Xã Tân Phú Trung,10.2545007,105.7361294,133,Unhealthy for Sensitive Groups,2,31.9,53,0.0,11.0,140,1006.9,16,26.1,27.2,250.0,10.8,108.0,8.7
2026-03-29 18:00:00,2026,3,29,18,Đồng Tháp,Xã Tân Phú Trung,10.2545007,105.7361294,134,Unhealthy for Sensitive Groups,2,30.1,59,0.0,10.8,142,1007.2,6,34.3,35.3,307.0,19.3,86.0,11.1
2026-03-29 19:00:00,2026,3,29,19,Đồng Tháp,Xã Tân Phú Trung,10.2545007,105.7361294,134,Unhealthy for Sensitive Groups,2,29.0,63,0.0,10.6,148,1008.2,13,45.1,46.3,345.0,25.3,64.0,12.9
2026-03-29 20:00:00,2026,3,29,20,Đồng Tháp,Xã Tân Phú Trung,10.2545007,105.7361294,135,Unhealthy for Sensitive Groups,2,28.1,68,0.0,10.7,145,1008.8,1,46.6,48.0,343.0,26.0,56.0,13.2
2026-03-29 21:00:00,2026,3,29,21,Đồng Tháp,Xã Tân Phú Trung,10.2545007,105.7361294,137,Unhealthy for Sensitive Groups,2,27.1,74,0.0,9.6,143,1009.6,6,45.5,47.4,321.0,27.1,44.0,13.5
2026-03-29 22:00:00,2026,3,29,22,Đồng Tháp,Xã Tân Phú Trung,10.2545007,105.7361294,138,Unhealthy for Sensitive Groups,2,26.2,81,0.0,9.5,134,1010.3,0,44.6,46.6,306.0,28.3,34.0,13.5
2026-03-29 23:00:00,2026,3,29,23,Đồng Tháp,Xã Tân Phú Trung,10.2545007,105.7361294,138,Unhealthy for Sensitive Groups,2,25.5,88,0.0,8.5,136,1010.5,0,44.7,46.7,316.0,29.5,28.0,13.0
2026-03-30 00:00:00,2026,3,30,0,Đồng Tháp,Xã Tân Phú Trung,10.2545007,105.7361294,138,Unhealthy for Sensitive Groups,2,24.7,95,0.0,5.0,165,1010.7,5,45.9,48.0,333.0,30.8,24.0,12.1
2026-03-30 01:00:00,2026,3,30,1,Đồng Tháp,Xã Tân Phú Trung,10.2545007,105.7361294,137,Unhealthy for Sensitive Groups,2,24.5,98,0.0,4.1,182,1010.2,99,49.6,51.8,332.0,32.1,21.0,11.5
2026-03-30 02:00:00,2026,3,30,2,Đồng Tháp,Xã Tân Phú Trung,10.2545007,105.7361294,136,Unhealthy for Sensitive Groups,2,24.6,98,0.0,4.5,151,1009.8,100,55.5,57.9,294.0,34.3,17.0,11.4
2026-03-30 03:00:00,2026,3,30,3,Đồng Tháp,Xã Tân Phú Trung,10.2545007,105.7361294,134,Unhealthy for Sensitive Groups,2,25.0,98,0.0,7.1,133,1009.3,100,59.8,62.4,238.0,36.6,14.0,11.6
2026-03-30 04:00:00,2026,3,30,4,Đồng Tháp,Xã Tân Phú Trung,10.2545007,105.7361294,131,Unhealthy for Sensitive Groups,2,25.3,94,0.0,9.0,128,1009.0,98,58.8,61.2,199.0,36.6,14.0,11.3
2026-03-30 05:00:00,2026,3,30,5,Đồng Tháp,Xã Tân Phú Trung,10.2545007,105.7361294,127,Unhealthy for Sensitive Groups,2,25.0,96,0.0,6.5,122,1009.5,100,55.5,58.3,195.0,32.6,17.0,10.1
2026-03-30 06:00:00,2026,3,30,6,Đồng Tháp,Xã Tân Phú Trung,10.2545007,105.7361294,122,Unhealthy for Sensitive Groups,2,25.0,96,0.0,5.9,125,1010.1,100,58.7,60.8,208.0,26.4,24.0,8.5
2026-03-30 07:00:00,2026,3,30,7,Đồng Tháp,Xã Tân Phú Trung,10.2545007,105.7361294,118,Unhealthy for Sensitive Groups,2,25.5,93,0.0,10.4,126,1010.6,41,59.3,63.6,215.0,26.8,27.0,11.2
2026-03-30 08:00:00,2026,3,30,8,Đồng Tháp,Xã Tân Phú Trung,10.2545007,105.7361294,114,Unhealthy for Sensitive Groups,2,27.2,82,0.0,9.6,127,1011.6,22,52.7,55.5,206.0,20.9,42.0,10.5
2026-03-30 09:00:00,2026,3,30,9,Đồng Tháp,Xã Tân Phú Trung,10.2545007,105.7361294,114,Unhealthy for Sensitive Groups,2,28.8,72,0.0,7.3,120,1012.4,12,31.1,35.0,191.0,12.7,64.0,9.4
2026-03-30 10:00:00,2026,3,30,10,Đồng Tháp,Xã Tân Phú Trung,10.2545007,105.7361294,114,Unhealthy for Sensitive Groups,2,29.9,66,0.1,6.3,110,1012.3,16,26.5,30.4,181.0,6.4,85.0,8.6
2026-03-30 11:00:00,2026,3,30,11,Đồng Tháp,Xã Tân Phú Trung,10.2545007,105.7361294,114,Unhealthy for Sensitive Groups,2,30.9,60,0.1,5.2,115,1011.8,19,26.4,29.3,181.0,3.8,105.0,8.2
2026-03-30 12:00:00,2026,3,30,12,Đồng Tháp,Xã Tân Phú Trung,10.2545007,105.7361294,114,Unhealthy for Sensitive Groups,2,31.6,56,0.0,2.6,106,1010.7,20,27.5,29.8,186.0,3.1,125.0,7.9
2026-03-30 13:00:00,2026,3,30,13,Đồng Tháp,Xã Tân Phú Trung,10.2545007,105.7361294,114,Unhealthy for Sensitive Groups,2,31.2,56,0.0,1.5,173,1009.9,20,27.9,29.9,191.0,2.9,139.0,7.9
2026-03-30 14:00:00,2026,3,30,14,Đồng Tháp,Xã Tân Phú Trung,10.2545007,105.7361294,114,Unhealthy for Sensitive Groups,2,32.2,54,0.0,3.5,165,1008.9,19,28.0,29.8,189.0,2.4,147.0,8.0
2026-03-30 15:00:00,2026,3,30,15,Đồng Tháp,Xã Tân Phú Trung,10.2545007,105.7361294,115,Unhealthy for Sensitive Groups,2,31.9,56,0.1,5.4,154,1008.3,26,27.8,29.6,188.0,2.4,149.0,8.3
2026-03-30 16:00:00,2026,3,30,16,Đồng Tháp,Xã Tân Phú Trung,10.2545007,105.7361294,115,Unhealthy for Sensitive Groups,2,30.6,60,0.0,9.5,111,1007.9,31,27.9,29.7,204.0,4.1,144.0,9.0
2026-03-30 17:00:00,2026,3,30,17,Đồng Tháp,Xã Tân Phú Trung,10.2545007,105.7361294,116,Unhealthy for Sensitive Groups,2,30.6,60,0.0,8.0,110,1007.9,20,29.9,31.5,258.0,8.6,126.0,10.3
2026-03-30 18:00:00,2026,3,30,18,Đồng Tháp,Xã Tân Phú Trung,10.2545007,105.7361294,116,Unhealthy for Sensitive Groups,2,29.2,65,0.0,12.5,162,1008.2,1,34.8,36.1,329.0,14.8,101.0,12.0
2026-03-30 19:00:00,2026,3,30,19,Đồng Tháp,Xã Tân Phú Trung,10.2545007,105.7361294,116,Unhealthy for Sensitive Groups,2,28.5,69,0.0,8.5,142,1008.6,4,43.7,45.3,370.0,20.7,89.0,14.7
2026-03-30 20:00:00,2026,3,30,20,Đồng Tháp,Xã Tân Phú Trung,10.2545007,105.7361294,116,Unhealthy for Sensitive Groups,2,27.9,71,0.0,9.5,153,1009.4,2,43.7,45.5,354.0,22.9,74.0,14.9
2026-03-30 21:00:00,2026,3,30,21,Đồng Tháp,Xã Tân Phú Trung,10.2545007,105.7361294,116,Unhealthy for Sensitive Groups,2,27.1,74,0.0,10.0,152,1010.4,23,44.9,47.3,309.0,25.9,54.0,15.2
2026-03-30 22:00:00,2026,3,30,22,Đồng Tháp,Xã Tân Phú Trung,10.2545007,105.7361294,116,Unhealthy for Sensitive Groups,2,26.6,79,0.0,11.3,138,1011.0,0,46.6,49.5,270.0,28.2,37.0,15.0
2026-03-30 23:00:00,2026,3,30,23,Đồng Tháp,Xã Tân Phú Trung,10.2545007,105.7361294,116,Unhealthy for Sensitive Groups,2,26.0,84,0.0,11.2,128,1011.3,0,46.3,49.5,248.0,28.9,29.0,13.9
2026-03-31 00:00:00,2026,3,31,0,Đồng Tháp,Xã Tân Phú Trung,10.2545007,105.7361294,116,Unhealthy for Sensitive Groups,2,25.4,87,0.0,10.5,121,1011.2,0,45.1,48.5,233.0,28.8,25.0,12.4
2026-03-31 01:00:00,2026,3,31,1,Đồng Tháp,Xã Tân Phú Trung,10.2545007,105.7361294,116,Unhealthy for Sensitive Groups,2,24.9,93,0.0,10.2,118,1011.1,1,46.0,49.7,221.0,29.1,22.0,11.2
2026-03-31 02:00:00,2026,3,31,2,Đồng Tháp,Xã Tân Phú Trung,10.2545007,105.7361294,116,Unhealthy for Sensitive Groups,2,24.6,95,0.0,10.0,120,1010.2,3,48.7,52.5,210.0,30.8,18.0,10.8
2026-03-31 03:00:00,2026,3,31,3,Đồng Tháp,Xã Tân Phú Trung,10.2545007,105.7361294,115,Unhealthy for Sensitive Groups,2,24.4,97,0.0,8.5,128,1010.1,12,51.5,55.4,203.0,32.9,15.0,10.7
2026-03-31 04:00:00,2026,3,31,4,Đồng Tháp,Xã Tân Phú Trung,10.2545007,105.7361294,114,Unhealthy for Sensitive Groups,2,24.1,98,0.0,6.6,127,1009.8,15,54.0,58.1,210.0,33.1,15.0,10.5
2026-03-31 05:00:00,2026,3,31,5,Đồng Tháp,Xã Tân Phú Trung,10.2545007,105.7361294,114,Unhealthy for Sensitive Groups,2,23.9,98,0.0,4.7,133,1009.9,89,59.0,63.3,247.0,30.3,18.0,10.1
2026-03-31 06:00:00,2026,3,31,6,Đồng Tháp,Xã Tân Phú Trung,10.2545007,105.7361294,114,Unhealthy for Sensitive Groups,2,23.5,99,0.0,4.1,105,1010.9,100,63.8,68.7,298.0,25.7,24.0,9.5
2026-03-31 07:00:00,2026,3,31,7,Đồng Tháp,Xã Tân Phú Trung,10.2545007,105.7361294,115,Unhealthy for Sensitive Groups,2,25.2,93,0.0,7.3,106,1011.7,33,65.2,70.8,322.0,24.4,25.0,9.2
2026-03-31 08:00:00,2026,3,31,8,Đồng Tháp,Xã Tân Phú Trung,10.2545007,105.7361294,115,Unhealthy for Sensitive Groups,2,27.1,82,0.0,8.7,120,1012.6,17,43.7,49.8,293.0,19.2,40.0,9.3
2026-03-31 09:00:00,2026,3,31,9,Đồng Tháp,Xã Tân Phú Trung,10.2545007,105.7361294,114,Unhealthy for Sensitive Groups,2,28.6,72,0.0,6.5,122,1013.2,20,29.3,36.8,238.0,12.0,63.0,9.5
2026-03-31 10:00:00,2026,3,31,10,Đồng Tháp,Xã Tân Phú Trung,10.2545007,105.7361294,114,Unhealthy for Sensitive Groups,2,30.0,65,0.0,3.6,135,1013.0,100,29.2,36.3,198.0,6.4,84.0,9.5
2026-03-31 11:00:00,2026,3,31,11,Đồng Tháp,Xã Tân Phú Trung,10.2545007,105.7361294,114,Unhealthy for Sensitive Groups,2,31.3,59,0.0,1.8,169,1012.5,51,30.3,37.0,193.0,4.0,104.0,9.0
2026-03-31 12:00:00,2026,3,31,12,Đồng Tháp,Xã Tân Phú Trung,10.2545007,105.7361294,115,Unhealthy for Sensitive Groups,2,31.9,56,0.0,1.7,198,1011.5,27,31.1,36.7,204.0,3.2,123.0,8.4
2026-03-31 13:00:00,2026,3,31,13,Đồng Tháp,Xã Tân Phú Trung,10.2545007,105.7361294,115,Unhealthy for Sensitive Groups,2,31.9,55,0.0,1.4,203,1010.6,70,32.4,37.7,214.0,3.0,138.0,8.0
2026-03-31 14:00:00,2026,3,31,14,Đồng Tháp,Xã Tân Phú Trung,10.2545007,105.7361294,116,Unhealthy for Sensitive Groups,2,32.7,53,0.0,0.5,180,1009.1,59,33.2,38.5,205.0,2.0,148.0,7.9
2026-03-31 15:00:00,2026,3,31,15,Đồng Tháp,Xã Tân Phú Trung,10.2545007,105.7361294,116,Unhealthy for Sensitive Groups,2,32.7,51,0.0,0.6,288,1008.2,83,34.0,39.3,196.0,1.6,154.0,8.1
2026-03-31 16:00:00,2026,3,31,16,Đồng Tháp,Xã Tân Phú Trung,10.2545007,105.7361294,117,Unhealthy for Sensitive Groups,2,32.6,50,0.0,1.7,328,1007.5,82,35.0,40.2,225.0,4.7,151.0,9.3
2026-03-31 17:00:00,2026,3,31,17,Đồng Tháp,Xã Tân Phú Trung,10.2545007,105.7361294,118,Unhealthy for Sensitive Groups,2,32.2,50,0.0,0.2,270,1007.4,79,40.0,44.6,342.0,14.6,133.0,12.4
2026-03-31 18:00:00,2026,3,31,18,Đồng Tháp,Xã Tân Phú Trung,10.2545007,105.7361294,119,Unhealthy for Sensitive Groups,2,30.9,62,0.0,0.9,191,1007.8,78,61.2,65.0,498.0,28.0,107.0,16.4
2026-03-31 19:00:00,2026,3,31,19,Đồng Tháp,Xã Tân Phú Trung,10.2545007,105.7361294,121,Unhealthy for Sensitive Groups,2,29.4,64,0.0,5.4,220,1008.2,89,82.7,86.6,585.0,37.3,86.0,18.9
2026-03-31 20:00:00,2026,3,31,20,Đồng Tháp,Xã Tân Phú Trung,10.2545007,105.7361294,126,Unhealthy for Sensitive Groups,2,28.8,64,0.0,11.7,155,1008.6,88,78.2,81.5,534.0,36.5,74.0,18.7
2026-03-31 21:00:00,2026,3,31,21,Đồng Tháp,Xã Tân Phú Trung,10.2545007,105.7361294,129,Unhealthy for Sensitive Groups,2,27.7,74,0.0,9.9,170,1009.5,41,73.1,76.6,413.0,35.4,58.0,18.4
2026-03-31 22:00:00,2026,3,31,22,Đồng Tháp,Xã Tân Phú Trung,10.2545007,105.7361294,132,Unhealthy for Sensitive Groups,2,26.8,79,0.0,7.7,191,1010.5,5,68.7,71.7,320.0,34.7,44.0,17.7
2026-03-31 23:00:00,2026,3,31,23,Đồng Tháp,Xã Tân Phú Trung,10.2545007,105.7361294,134,Unhealthy for Sensitive Groups,2,26.2,83,0.0,7.9,168,1010.6,0,65.7,68.5,298.0,34.5,34.0,16.2
2026-04-01 00:00:00,2026,4,1,0,Đồng Tháp,Xã Tân Phú Trung,10.2545007,105.7361294,136,Unhealthy for Sensitive Groups,2,25.6,86,0.0,6.8,158,1010.2,0,61.7,65.4,305.0,34.6,26.0,14.2
2026-04-01 01:00:00,2026,4,1,1,Đồng Tháp,Xã Tân Phú Trung,10.2545007,105.7361294,138,Unhealthy for Sensitive Groups,2,25.0,92,0.0,5.4,143,1009.8,0,59.8,63.6,308.0,35.1,20.0,12.7
2026-04-01 02:00:00,2026,4,1,2,Đồng Tháp,Xã Tân Phú Trung,10.2545007,105.7361294,140,Unhealthy for Sensitive Groups,2,24.7,94,0.0,5.1,144,1009.5,0,60.1,63.8,295.0,36.8,14.0,12.1
2026-04-01 03:00:00,2026,4,1,3,Đồng Tháp,Xã Tân Phú Trung,10.2545007,105.7361294,141,Unhealthy for Sensitive Groups,2,24.4,96,0.0,5.1,129,1009.5,0,61.9,65.7,279.0,39.0,10.0,11.8
2026-04-01 04:00:00,2026,4,1,4,Đồng Tháp,Xã Tân Phú Trung,10.2545007,105.7361294,142,Unhealthy for Sensitive Groups,2,24.1,97,0.0,4.6,121,1009.7,6,65.2,69.2,270.0,39.4,8.0,11.4
2026-04-01 05:00:00,2026,4,1,5,Đồng Tháp,Xã Tân Phú Trung,10.2545007,105.7361294,143,Unhealthy for Sensitive Groups,2,24.0,98,0.0,5.2,119,1010.0,100,68.0,71.9,278.0,37.1,8.0,10.3
2026-04-01 06:00:00,2026,4,1,6,Đồng Tháp,Xã Tân Phú Trung,10.2545007,105.7361294,144,Unhealthy for Sensitive Groups,2,24.3,97,0.0,8.1,119,1010.4,100,78.7,82.2,292.0,33.0,11.0,8.9
2026-04-01 07:00:00,2026,4,1,7,Đồng Tháp,Xã Tân Phú Trung,10.2545007,105.7361294,145,Unhealthy for Sensitive Groups,2,24.9,94,0.0,9.1,117,1011.3,91,75.2,79.2,295.0,26.9,20.0,6.4
2026-04-01 08:00:00,2026,4,1,8,Đồng Tháp,Xã Tân Phú Trung,10.2545007,105.7361294,146,Unhealthy for Sensitive Groups,2,27.0,81,0.0,8.1,115,1012.2,95,50.5,56.5,272.0,21.6,39.0,7.9
2026-04-01 09:00:00,2026,4,1,9,Đồng Tháp,Xã Tân Phú Trung,10.2545007,105.7361294,147,Unhealthy for Sensitive Groups,2,28.5,72,0.0,7.3,110,1012.7,96,37.6,44.0,237.0,14.3,66.0,10.0
2026-04-01 10:00:00,2026,4,1,10,Đồng Tháp,Xã Tân Phú Trung,10.2545007,105.7361294,148,Unhealthy for Sensitive Groups,2,30.0,64,0.0,7.2,103,1012.5,28,37.4,43.4,211.0,8.5,92.0,11.3
2026-04-01 11:00:00,2026,4,1,11,Đồng Tháp,Xã Tân Phú Trung,10.2545007,105.7361294,149,Unhealthy for Sensitive Groups,2,31.1,60,0.0,7.4,104,1011.8,5,35.6,40.7,202.0,5.5,114.0,10.9
2026-04-01 12:00:00,2026,4,1,12,Đồng Tháp,Xã Tân Phú Trung,10.2545007,105.7361294,149,Unhealthy for Sensitive Groups,2,32.2,51,0.0,7.2,108,1010.9,1,34.9,39.6,202.0,4.0,135.0,9.7
2026-04-01 13:00:00,2026,4,1,13,Đồng Tháp,Xã Tân Phú Trung,10.2545007,105.7361294,150,Unhealthy for Sensitive Groups,2,32.5,47,0.0,6.7,106,1010.2,25,34.2,38.4,206.0,3.2,150.0,8.9
2026-04-01 14:00:00,2026,4,1,14,Đồng Tháp,Xã Tân Phú Trung,10.2545007,105.7361294,150,Unhealthy for Sensitive Groups,2,32.9,46,0.0,6.1,114,1008.6,72,33.1,36.9,212.0,2.6,157.0,8.8
2026-04-01 15:00:00,2026,4,1,15,Đồng Tháp,Xã Tân Phú Trung,10.2545007,105.7361294,150,Unhealthy for Sensitive Groups,2,33.0,47,0.0,5.6,121,1007.7,13,31.8,35.2,222.0,2.8,158.0,8.9
2026-04-01 16:00:00,2026,4,1,16,Đồng Tháp,Xã Tân Phú Trung,10.2545007,105.7361294,150,Unhealthy for Sensitive Groups,2,32.8,49,0.0,5.9,113,1007.3,9,30.5,33.6,239.0,4.9,152.0,9.6
2026-04-01 17:00:00,2026,4,1,17,Đồng Tháp,Xã Tân Phú Trung,10.2545007,105.7361294,149,Unhealthy for Sensitive Groups,2,32.2,52,0.0,6.3,114,1007.0,18,33.8,36.2,271.0,10.5,135.0,11.1
2026-04-01 18:00:00,2026,4,1,18,Đồng Tháp,Xã Tân Phú Trung,10.2545007,105.7361294,149,Unhealthy for Sensitive Groups,2,30.4,60,0.0,5.9,110,1007.4,16,41.1,43.1,311.0,18.0,110.0,13.1
2026-04-01 19:00:00,2026,4,1,19,Đồng Tháp,Xã Tân Phú Trung,10.2545007,105.7361294,147,Unhealthy for Sensitive Groups,2,29.3,63,0.0,13.8,133,1008.3,0,41.8,42.7,340.0,24.4,87.0,14.2
2026-04-01 20:00:00,2026,4,1,20,Đồng Tháp,Xã Tân Phú Trung,10.2545007,105.7361294,142,Unhealthy for Sensitive Groups,2,28.0,68,0.0,15.3,140,1009.3,0,40.6,42.1,351.0,24.9,75.0,13.8
2026-04-01 21:00:00,2026,4,1,21,Đồng Tháp,Xã Tân Phú Trung,10.2545007,105.7361294,138,Unhealthy for Sensitive Groups,2,26.7,74,0.0,14.0,139,1010.1,0,40.3,42.4,351.0,25.6,58.0,13.3
2026-04-01 22:00:00,2026,4,1,22,Đồng Tháp,Xã Tân Phú Trung,10.2545007,105.7361294,135,Unhealthy for Sensitive Groups,2,25.8,79,0.0,11.8,146,1011.0,0,41.2,43.4,348.0,26.2,45.0,12.7
2026-04-01 23:00:00,2026,4,1,23,Đồng Tháp,Xã Tân Phú Trung,10.2545007,105.7361294,132,Unhealthy for Sensitive Groups,2,25.2,84,0.0,8.6,160,1011.3,0,42.6,44.9,344.0,26.5,39.0,11.9
2026-04-02 00:00:00,2026,4,2,0,Đồng Tháp,Xã Tân Phú Trung,10.2545007,105.7361294,130,Unhealthy for Sensitive Groups,2,24.6,87,0.0,6.7,160,1011.2,0,44.2,46.9,336.0,26.7,38.0,11.0
2026-04-02 01:00:00,2026,4,2,1,Đồng Tháp,Xã Tân Phú Trung,10.2545007,105.7361294,128,Unhealthy for Sensitive Groups,2,24.1,93,0.0,4.4,168,1010.8,2,46.9,49.9,330.0,27.3,36.0,10.4
2026-04-02 02:00:00,2026,4,2,2,Đồng Tháp,Xã Tân Phú Trung,10.2545007,105.7361294,127,Unhealthy for Sensitive Groups,2,23.9,95,0.0,3.9,164,1010.5,5,50.6,54.0,322.0,28.7,33.0,10.0
2026-04-02 03:00:00,2026,4,2,3,Đồng Tháp,Xã Tân Phú Trung,10.2545007,105.7361294,126,Unhealthy for Sensitive Groups,2,23.7,95,0.0,3.6,150,1010.3,13,55.3,58.9,315.0,30.5,31.0,9.8
2026-04-02 04:00:00,2026,4,2,4,Đồng Tháp,Xã Tân Phú Trung,10.2545007,105.7361294,125,Unhealthy for Sensitive Groups,2,23.6,95,0.0,3.1,135,1010.3,22,59.6,63.6,319.0,32.0,29.0,10.1
2026-04-02 05:00:00,2026,4,2,5,Đồng Tháp,Xã Tân Phú Trung,10.2545007,105.7361294,124,Unhealthy for Sensitive Groups,2,23.5,95,0.0,2.7,118,1010.4,46,65.7,69.6,351.0,33.9,25.0,11.5
2026-04-02 06:00:00,2026,4,2,6,Đồng Tháp,Xã Tân Phú Trung,10.2545007,105.7361294,124,Unhealthy for Sensitive Groups,2,23.3,96,0.0,4.1,119,1011.1,48,75.4,80.1,395.0,35.5,22.0,13.3
2026-04-02 07:00:00,2026,4,2,7,Đồng Tháp,Xã Tân Phú Trung,10.2545007,105.7361294,124,Unhealthy for Sensitive Groups,2,25.1,88,0.0,4.5,106,1011.8,15,88.2,92.4,412.0,34.5,26.0,14.1
2026-04-02 08:00:00,2026,4,2,8,Đồng Tháp,Xã Tân Phú Trung,10.2545007,105.7361294,125,Unhealthy for Sensitive Groups,2,27.1,80,0.0,7.2,118,1012.6,9,62.4,68.2,374.0,26.1,48.0,12.6
2026-04-02 09:00:00,2026,4,2,9,Đồng Tháp,Xã Tân Phú Trung,10.2545007,105.7361294,126,Unhealthy for Sensitive Groups,2,28.8,69,0.0,9.3,127,1013.1,7,38.0,42.7,310.0,14.6,80.0,10.5
2026-04-02 10:00:00,2026,4,2,10,Đồng Tháp,Xã Tân Phú Trung,10.2545007,105.7361294,126,Unhealthy for Sensitive Groups,2,30.2,60,0.0,9.0,121,1013.0,18,33.4,37.8,262.0,5.9,105.0,8.6
2026-04-02 11:00:00,2026,4,2,11,Đồng Tháp,Xã Tân Phú Trung,10.2545007,105.7361294,126,Unhealthy for Sensitive Groups,2,31.4,55,0.0,9.0,113,1012.6,5,32.9,37.5,251.0,2.9,119.0,7.2
2026-04-02 12:00:00,2026,4,2,12,Đồng Tháp,Xã Tân Phú Trung,10.2545007,105.7361294,126,Unhealthy for Sensitive Groups,2,32.5,50,0.0,9.9,102,1011.6,10,31.8,36.2,257.0,2.7,128.0,6.0
2026-04-02 13:00:00,2026,4,2,13,Đồng Tháp,Xã Tân Phú Trung,10.2545007,105.7361294,125,Unhealthy for Sensitive Groups,2,32.8,46,0.0,12.1,90,1010.5,21,30.2,34.1,263.0,3.0,133.0,5.2
2026-04-02 14:00:00,2026,4,2,14,Đồng Tháp,Xã Tân Phú Trung,10.2545007,105.7361294,125,Unhealthy for Sensitive Groups,2,33.0,45,0.0,12.3,83,1009.5,50,28.5,32.1,262.0,2.6,136.0,4.7
2026-04-02 15:00:00,2026,4,2,15,Đồng Tháp,Xã Tân Phú Trung,10.2545007,105.7361294,124,Unhealthy for Sensitive Groups,2,32.8,43,0.0,12.5,97,1008.5,34,27.1,30.2,262.0,2.6,137.0,4.6
2026-04-02 16:00:00,2026,4,2,16,Đồng Tháp,Xã Tân Phú Trung,10.2545007,105.7361294,124,Unhealthy for Sensitive Groups,2,32.5,44,0.0,14.4,108,1008.1,59,25.8,28.6,270.0,4.2,131.0,5.0
2026-04-02 17:00:00,2026,4,2,17,Đồng Tháp,Xã Tân Phú Trung,10.2545007,105.7361294,123,Unhealthy for Sensitive Groups,2,31.1,49,0.0,13.6,118,1008.2,2,27.6,29.8,294.0,8.6,116.0,6.5
2026-04-02 18:00:00,2026,4,2,18,Đồng Tháp,Xã Tân Phú Trung,10.2545007,105.7361294,123,Unhealthy for Sensitive Groups,2,29.6,54,0.0,12.3,124,1008.7,1,33.5,35.3,325.0,14.5,95.0,8.5
2026-04-02 19:00:00,2026,4,2,19,Đồng Tháp,Xã Tân Phú Trung,10.2545007,105.7361294,122,Unhealthy for Sensitive Groups,2,28.5,58,0.0,12.5,122,1009.2,0,53.4,56.7,346.0,22.4,78.0,11.6
2026-04-02 20:00:00,2026,4,2,20,Đồng Tháp,Xã Tân Phú Trung,10.2545007,105.7361294,123,Unhealthy for Sensitive Groups,2,27.6,64,0.0,12.1,132,1010.2,0,50.5,53.2,349.0,23.1,69.0,11.8
2026-04-02 21:00:00,2026,4,2,21,Đồng Tháp,Xã Tân Phú Trung,10.2545007,105.7361294,124,Unhealthy for Sensitive Groups,2,26.8,72,0.0,12.5,137,1010.9,0,49.0,51.5,342.0,24.0,56.0,12.1
2026-04-02 22:00:00,2026,4,2,22,Đồng Tháp,Xã Tân Phú Trung,10.2545007,105.7361294,125,Unhealthy for Sensitive Groups,2,26.0,78,0.0,11.7,137,1011.5,0,48.5,51.2,331.0,25.2,45.0,12.2
2026-04-02 23:00:00,2026,4,2,23,Đồng Tháp,Xã Tân Phú Trung,10.2545007,105.7361294,126,Unhealthy for Sensitive Groups,2,25.5,83,0.0,10.1,133,1011.3,0,49.4,52.2,317.0,26.5,39.0,11.8
2026-04-03 00:00:00,2026,4,3,0,Đồng Tháp,Xã Tân Phú Trung,10.2545007,105.7361294,127,Unhealthy for Sensitive Groups,2,25.1,86,0.0,9.7,137,1011.1,5,51.3,54.5,300.0,28.0,36.0,11.2
2026-04-03 01:00:00,2026,4,3,1,Đồng Tháp,Xã Tân Phú Trung,10.2545007,105.7361294,127,Unhealthy for Sensitive Groups,2,24.9,89,0.0,7.9,137,1010.6,40,54.6,58.1,286.0,29.9,32.0,10.8
2026-04-03 02:00:00,2026,4,3,2,Đồng Tháp,Xã Tân Phú Trung,10.2545007,105.7361294,128,Unhealthy for Sensitive Groups,2,24.7,89,0.0,7.4,137,1010.2,8,58.6,62.2,272.0,32.8,27.0,10.7
2026-04-03 03:00:00,2026,4,3,3,Đồng Tháp,Xã Tân Phú Trung,10.2545007,105.7361294,129,Unhealthy for Sensitive Groups,2,24.2,91,0.0,6.0,129,1009.8,13,63.6,67.3,260.0,36.0,23.0,10.8
2026-04-03 04:00:00,2026,4,3,4,Đồng Tháp,Xã Tân Phú Trung,10.2545007,105.7361294,130,Unhealthy for Sensitive Groups,2,23.8,92,0.0,4.6,116,1009.8,77,68.7,72.6,263.0,38.1,20.0,11.2
2026-04-03 05:00:00,2026,4,3,5,Đồng Tháp,Xã Tân Phú Trung,10.2545007,105.7361294,131,Unhealthy for Sensitive Groups,2,24.1,90,0.0,4.3,112,1010.2,76,75.2,79.4,301.0,39.1,18.0,12.6
2026-04-03 06:00:00,2026,4,3,6,Đồng Tháp,Xã Tân Phú Trung,10.2545007,105.7361294,132,Unhealthy for Sensitive Groups,2,24.0,91,0.0,5.6,121,1010.6,2,83.6,88.0,353.0,38.9,18.0,14.3
2026-04-03 07:00:00,2026,4,3,7,Đồng Tháp,Xã Tân Phú Trung,10.2545007,105.7361294,133,Unhealthy for Sensitive Groups,2,25.1,88,0.0,6.6,119,1011.3,41,78.5,81.7,377.0,33.5,27.0,13.8
2026-04-03 08:00:00,2026,4,3,8,Đồng Tháp,Xã Tân Phú Trung,10.2545007,105.7361294,132,Unhealthy for Sensitive Groups,2,27.2,76,0.0,10.6,122,1011.9,11,50.5,54.9,342.0,25.0,49.0,12.0
2026-04-03 09:00:00,2026,4,3,9,Đồng Tháp,Xã Tân Phú Trung,10.2545007,105.7361294,130,Unhealthy for Sensitive Groups,2,28.8,66,0.0,12.8,124,1012.3,14,25.1,29.8,278.0,13.4,80.0,9.4
2026-04-03 10:00:00,2026,4,3,10,Đồng Tháp,Xã Tân Phú Trung,10.2545007,105.7361294,129,Unhealthy for Sensitive Groups,2,30.1,59,0.0,12.4,121,1011.9,16,21.3,26.0,230.0,4.7,105.0,7.4
2026-04-03 11:00:00,2026,4,3,11,Đồng Tháp,Xã Tân Phú Trung,10.2545007,105.7361294,128,Unhealthy for Sensitive Groups,2,31.4,54,0.0,11.5,122,1011.1,5,20.8,25.4,220.0,2.0,119.0,6.5
2026-04-03 12:00:00,2026,4,3,12,Đồng Tháp,Xã Tân Phú Trung,10.2545007,105.7361294,127,Unhealthy for Sensitive Groups,2,32.4,49,0.0,10.7,121,1010.1,10,19.8,23.7,226.0,2.3,127.0,6.1
2026-04-03 13:00:00,2026,4,3,13,Đồng Tháp,Xã Tân Phú Trung,10.2545007,105.7361294,125,Unhealthy for Sensitive Groups,2,32.2,50,0.0,8.7,98,1009.6,41,19.5,22.2,233.0,2.9,132.0,5.9
2026-04-03 14:00:00,2026,4,3,14,Đồng Tháp,Xã Tân Phú Trung,10.2545007,105.7361294,124,Unhealthy for Sensitive Groups,2,32.5,49,0.0,7.0,94,1008.6,33,20.8,23.3,230.0,2.4,137.0,5.5
2026-04-03 15:00:00,2026,4,3,15,Đồng Tháp,Xã Tân Phú Trung,10.2545007,105.7361294,123,Unhealthy for Sensitive Groups,2,32.8,47,0.0,6.8,101,1007.7,51,21.8,24.0,229.0,2.3,141.0,5.2
2026-04-03 16:00:00,2026,4,3,16,Đồng Tháp,Xã Tân Phú Trung,10.2545007,105.7361294,123,Unhealthy for Sensitive Groups,2,32.5,46,0.0,7.2,117,1007.2,77,22.5,24.4,246.0,4.4,137.0,5.8
2026-04-03 17:00:00,2026,4,3,17,Đồng Tháp,Xã Tân Phú Trung,10.2545007,105.7361294,123,Unhealthy for Sensitive Groups,2,31.8,48,0.0,8.3,134,1007.2,100,28.6,30.0,302.0,10.8,123.0,8.1
2026-04-03 18:00:00,2026,4,3,18,Đồng Tháp,Xã Tân Phú Trung,10.2545007,105.7361294,123,Unhealthy for Sensitive Groups,2,29.7,56,0.0,7.8,154,1007.6,98,40.3,41.9,376.0,19.6,102.0,11.2
2026-04-03 19:00:00,2026,4,3,19,Đồng Tháp,Xã Tân Phú Trung,10.2545007,105.7361294,123,Unhealthy for Sensitive Groups,2,28.5,62,0.0,6.6,147,1008.5,100,55.8,58.1,424.0,28.8,79.0,14.3
2026-04-03 20:00:00,2026,4,3,20,Đồng Tháp,Xã Tân Phú Trung,10.2545007,105.7361294,124,Unhealthy for Sensitive Groups,2,27.6,65,0.0,15.7,146,1009.4,5,56.7,59.5,423.0,29.2,69.0,14.3
2026-04-03 21:00:00,2026,4,3,21,Đồng Tháp,Xã Tân Phú Trung,10.2545007,105.7361294,124,Unhealthy for Sensitive Groups,2,26.5,71,0.0,10.6,161,1010.1,0,53.8,56.5,396.0,29.8,54.0,14.3
2026-04-03 22:00:00,2026,4,3,22,Đồng Tháp,Xã Tân Phú Trung,10.2545007,105.7361294,125,Unhealthy for Sensitive Groups,2,25.6,76,0.0,8.3,166,1010.5,0,51.7,54.2,371.0,30.7,42.0,14.0
2026-04-03 23:00:00,2026,4,3,23,Đồng Tháp,Xã Tân Phú Trung,10.2545007,105.7361294,125,Unhealthy for Sensitive Groups,2,25.0,81,0.0,7.8,167,1010.3,89,51.6,54.1,358.0,31.8,34.0,13.2
2026-04-04 00:00:00,2026,4,4,0,Đồng Tháp,Xã Tân Phú Trung,10.2545007,105.7361294,125,Unhealthy for Sensitive Groups,2,24.3,85,0.0,6.7,171,1009.9,83,52.9,55.5,347.0,33.3,29.0,12.1
2026-04-04 01:00:00,2026,4,4,1,Đồng Tháp,Xã Tân Phú Trung,10.2545007,105.7361294,125,Unhealthy for Sensitive Groups,2,23.5,93,0.0,4.5,175,1009.6,94,58.6,61.5,338.0,35.7,24.0,11.5
2026-04-04 02:00:00,2026,4,4,2,Đồng Tháp,Xã Tân Phú Trung,10.2545007,105.7361294,126,Unhealthy for Sensitive Groups,2,23.2,93,0.0,3.2,164,1009.2,88,68.5,71.5,324.0,40.1,18.0,11.6
2026-04-04 03:00:00,2026,4,4,3,Đồng Tháp,Xã Tân Phú Trung,10.2545007,105.7361294,127,Unhealthy for Sensitive Groups,2,23.0,94,0.0,3.5,156,1008.6,93,78.2,81.5,311.0,45.5,12.0,12.1
2026-04-04 04:00:00,2026,4,4,4,Đồng Tháp,Xã Tân Phú Trung,10.2545007,105.7361294,128,Unhealthy for Sensitive Groups,2,22.7,95,0.0,4.0,159,1008.4,99,85.4,89.2,317.0,49.0,9.0,13.1
2026-04-04 05:00:00,2026,4,4,5,Đồng Tháp,Xã Tân Phú Trung,10.2545007,105.7361294,130,Unhealthy for Sensitive Groups,2,22.5,96,0.0,2.3,151,1008.5,100,95.0,99.0,369.0,50.5,7.0,15.3
2026-04-04 06:00:00,2026,4,4,6,Đồng Tháp,Xã Tân Phú Trung,10.2545007,105.7361294,132,Unhealthy for Sensitive Groups,2,22.3,96,0.0,1.5,120,1009.0,99,110.8,115.0,440.0,50.3,9.0,17.9
2026-04-04 07:00:00,2026,4,4,7,Đồng Tháp,Xã Tân Phú Trung,10.2545007,105.7361294,135,Unhealthy for Sensitive Groups,2,24.5,92,0.0,3.2,142,1009.6,99,119.0,123.9,469.0,44.1,20.0,17.7
2026-04-04 08:00:00,2026,4,4,8,Đồng Tháp,Xã Tân Phú Trung,10.2545007,105.7361294,139,Unhealthy for Sensitive Groups,2,26.7,82,0.0,5.1,172,1010.4,98,80.1,85.9,413.0,33.2,46.0,16.7
2026-04-04 09:00:00,2026,4,4,9,Đồng Tháp,Xã Tân Phú Trung,10.2545007,105.7361294,142,Unhealthy for Sensitive Groups,2,28.5,69,0.0,5.5,189,1011.1,98,42.0,48.8,315.0,18.2,83.0,15.2
2026-04-04 10:00:00,2026,4,4,10,Đồng Tháp,Xã Tân Phú Trung,10.2545007,105.7361294,144,Unhealthy for Sensitive Groups,2,30.0,58,0.0,3.6,210,1010.9,100,35.6,43.4,241.0,6.9,115.0,13.9
2026-04-04 11:00:00,2026,4,4,11,Đồng Tháp,Xã Tân Phú Trung,10.2545007,105.7361294,146,Unhealthy for Sensitive Groups,2,31.0,52,0.0,3.5,215,1010.5,100,34.6,39.8,222.0,2.9,137.0,12.9
2026-04-04 12:00:00,2026,4,4,12,Đồng Tháp,Xã Tân Phú Trung,10.2545007,105.7361294,147,Unhealthy for Sensitive Groups,2,31.9,48,0.0,3.6,213,1009.6,98,35.5,38.5,228.0,2.6,153.0,12.1
2026-04-04 13:00:00,2026,4,4,13,Đồng Tháp,Xã Tân Phú Trung,10.2545007,105.7361294,149,Unhealthy for Sensitive Groups,2,32.0,47,0.0,3.4,227,1008.7,95,37.1,39.9,234.0,3.0,165.0,11.5
2026-04-04 14:00:00,2026,4,4,14,Đồng Tháp,Xã Tân Phú Trung,10.2545007,105.7361294,150,Unhealthy for Sensitive Groups,2,32.5,47,0.0,3.6,233,1007.4,98,37.5,40.0,213.0,1.5,173.0,10.8
2026-04-04 15:00:00,2026,4,4,15,Đồng Tháp,Xã Tân Phú Trung,10.2545007,105.7361294,150,Unhealthy for Sensitive Groups,2,32.5,47,0.0,4.5,214,1006.5,98,37.5,39.8,192.0,0.6,175.0,10.4
2026-04-04 16:00:00,2026,4,4,16,Đồng Tháp,Xã Tân Phú Trung,10.2545007,105.7361294,151,Unhealthy,3,32.3,47,0.0,3.8,199,1006.1,93,37.8,40.0,230.0,4.9,168.0,11.6
2026-04-04 17:00:00,2026,4,4,17,Đồng Tháp,Xã Tân Phú Trung,10.2545007,105.7361294,151,Unhealthy,3,32.0,48,0.0,3.2,199,1005.8,91,41.9,43.9,402.0,18.8,146.0,15.7
2026-04-04 18:00:00,2026,4,4,18,Đồng Tháp,Xã Tân Phú Trung,10.2545007,105.7361294,151,Unhealthy,3,30.0,59,0.0,3.0,76,1006.0,86,72.6,74.3,633.0,37.8,115.0,21.3
2026-04-04 19:00:00,2026,4,4,19,Đồng Tháp,Xã Tân Phú Trung,10.2545007,105.7361294,152,Unhealthy,3,29.1,61,0.0,2.1,15,1006.2,88,114.1,115.7,757.0,55.0,85.0,26.3
2026-04-04 20:00:00,2026,4,4,20,Đồng Tháp,Xã Tân Phú Trung,10.2545007,105.7361294,153,Unhealthy,3,28.5,62,0.0,11.8,151,1007.1,4,129.0,132.7,666.0,56.8,69.0,26.4
2026-04-04 21:00:00,2026,4,4,21,Đồng Tháp,Xã Tân Phú Trung,10.2545007,105.7361294,155,Unhealthy,3,27.5,71,0.0,11.4,177,1008.0,1,122.9,126.2,467.0,59.2,47.0,26.3
2026-04-04 22:00:00,2026,4,4,22,Đồng Tháp,Xã Tân Phú Trung,10.2545007,105.7361294,157,Unhealthy,3,26.8,76,0.0,8.0,189,1008.8,0,110.6,113.9,315.0,59.7,29.0,25.2
2026-04-04 23:00:00,2026,4,4,23,Đồng Tháp,Xã Tân Phú Trung,10.2545007,105.7361294,158,Unhealthy,3,26.2,79,0.0,7.6,181,1008.7,0,99.7,102.4,278.0,56.9,20.0,22.1
2026-04-05 00:00:00,2026,4,5,0,Đồng Tháp,Xã Tân Phú Trung,10.2545007,105.7361294,159,Unhealthy,3,25.6,83,0.0,7.4,183,1008.6,0,91.7,94.1,287.0,52.4,16.0,18.0
2026-04-05 01:00:00,2026,4,5,1,Đồng Tháp,Xã Tân Phú Trung,10.2545007,105.7361294,160,Unhealthy,3,25.0,89,0.0,5.9,182,1008.0,1,85.9,88.2,293.0,48.3,14.0,14.6
2026-04-05 02:00:00,2026,4,5,2,Đồng Tháp,Xã Tân Phú Trung,10.2545007,105.7361294,160,Unhealthy,3,24.6,91,0.0,5.4,188,1007.4,91,80.3,82.4,274.0,45.7,12.0,12.7
2026-04-05 03:00:00,2026,4,5,3,Đồng Tháp,Xã Tân Phú Trung,10.2545007,105.7361294,161,Unhealthy,3,24.3,93,0.0,5.7,193,1006.8,9,75.4,77.5,252.0,43.6,12.0,11.6
2026-04-05 04:00:00,2026,4,5,4,Đồng Tháp,Xã Tân Phú Trung,10.2545007,105.7361294,161,Unhealthy,3,24.1,94,0.0,5.6,201,1007.0,0,71.9,74.0,244.0,41.3,13.0,11.2
2026-04-05 05:00:00,2026,4,5,5,Đồng Tháp,Xã Tân Phú Trung,10.2545007,105.7361294,160,Unhealthy,3,23.8,95,0.0,4.6,211,1007.3,0,71.2,73.6,266.0,39.3,14.0,11.9
2026-04-05 06:00:00,2026,4,5,6,Đồng Tháp,Xã Tân Phú Trung,10.2545007,105.7361294,160,Unhealthy,3,23.5,95,0.0,4.1,218,1008.0,0,76.6,79.2,303.0,37.2,16.0,13.3
2026-04-05 07:00:00,2026,4,5,7,Đồng Tháp,Xã Tân Phú Trung,10.2545007,105.7361294,159,Unhealthy,3,25.5,88,0.0,5.5,212,1008.9,0,85.0,87.3,319.0,35.2,25.0,14.3
2026-04-05 08:00:00,2026,4,5,8,Đồng Tháp,Xã Tân Phú Trung,10.2545007,105.7361294,158,Unhealthy,3,27.6,79,0.0,7.1,210,1009.5,1,57.2,60.5,293.0,26.5,48.0,13.2
2026-04-05 09:00:00,2026,4,5,9,Đồng Tháp,Xã Tân Phú Trung,10.2545007,105.7361294,158,Unhealthy,3,29.4,69,0.0,9.1,198,1009.9,48,28.1,32.7,247.0,14.5,81.0,11.7
2026-04-05 10:00:00,2026,4,5,10,Đồng Tháp,Xã Tân Phú Trung,10.2545007,105.7361294,157,Unhealthy,3,31.0,61,0.0,7.6,184,1009.8,49,24.9,29.3,214.0,5.5,109.0,10.5
2026-04-05 11:00:00,2026,4,5,11,Đồng Tháp,Xã Tân Phú Trung,10.2545007,105.7361294,157,Unhealthy,3,32.3,55,0.0,7.0,170,1009.7,34,24.4,27.0,208.0,2.5,127.0,9.8
2026-04-05 12:00:00,2026,4,5,12,Đồng Tháp,Xã Tân Phú Trung,10.2545007,105.7361294,157,Unhealthy,3,33.3,51,0.0,7.9,159,1009.1,30,25.4,27.1,215.0,2.5,139.0,9.4
2026-04-05 13:00:00,2026,4,5,13,Đồng Tháp,Xã Tân Phú Trung,10.2545007,105.7361294,157,Unhealthy,3,33.2,50,0.0,7.1,153,1008.1,11,26.7,28.2,221.0,2.9,147.0,9.1
2026-04-05 14:00:00,2026,4,5,14,Đồng Tháp,Xã Tân Phú Trung,10.2545007,105.7361294,156,Unhealthy,3,33.6,49,0.0,6.8,158,1007.1,12,27.2,28.7,212.0,1.5,152.0,8.6
2026-04-05 15:00:00,2026,4,5,15,Đồng Tháp,Xã Tân Phú Trung,10.2545007,105.7361294,156,Unhealthy,3,34.0,48,0.0,7.8,161,1006.3,7,27.4,28.8,201.0,0.6,153.0,8.2
2026-04-05 16:00:00,2026,4,5,16,Đồng Tháp,Xã Tân Phú Trung,10.2545007,105.7361294,156,Unhealthy,3,33.8,48,0.0,8.3,164,1005.7,10,27.0,28.4,220.0,4.4,145.0,9.1
2026-04-05 17:00:00,2026,4,5,17,Đồng Tháp,Xã Tân Phú Trung,10.2545007,105.7361294,156,Unhealthy,3,33.2,50,0.0,7.0,159,1005.7,25,30.2,31.4,302.0,17.7,122.0,12.8
2026-04-05 18:00:00,2026,4,5,18,Đồng Tháp,Xã Tân Phú Trung,10.2545007,105.7361294,156,Unhealthy,3,31.0,61,0.0,5.1,113,1005.9,11,54.1,55.2,412.0,35.6,89.0,17.8
2026-04-05 19:00:00,2026,4,5,19,Đồng Tháp,Xã Tân Phú Trung,10.2545007,105.7361294,155,Unhealthy,3,30.3,61,0.0,11.4,201,1006.7,31,73.1,75.4,480.0,39.2,67.0,17.8
2026-04-05 20:00:00,2026,4,5,20,Đồng Tháp,Xã Tân Phú Trung,10.2545007,105.7361294,154,Unhealthy,3,29.5,64,0.0,10.7,193,1007.6,18,81.5,83.6,465.0,40.7,54.0,17.5
2026-04-05 21:00:00,2026,4,5,21,Đồng Tháp,Xã Tân Phú Trung,10.2545007,105.7361294,153,Unhealthy,3,28.3,66,0.0,10.5,174,1008.4,4,79.2,81.3,407.0,42.5,36.0,17.1
2026-04-05 22:00:00,2026,4,5,22,Đồng Tháp,Xã Tân Phú Trung,10.2545007,105.7361294,152,Unhealthy,3,27.1,73,0.0,12.6,163,1009.5,0,74.0,75.9,353.0,43.0,23.0,16.3
2026-04-05 23:00:00,2026,4,5,23,Đồng Tháp,Xã Tân Phú Trung,10.2545007,105.7361294,151,Unhealthy,3,26.4,81,0.0,12.0,168,1009.8,0,68.0,69.8,315.0,40.5,20.0,14.7
2026-04-06 00:00:00,2026,4,6,0,Đồng Tháp,Xã Tân Phú Trung,10.2545007,105.7361294,151,Unhealthy,3,26.0,86,0.0,10.5,172,1009.6,1,61.7,63.6,281.0,36.6,21.0,12.6
2026-04-06 01:00:00,2026,4,6,1,Đồng Tháp,Xã Tân Phú Trung,10.2545007,105.7361294,150,Unhealthy for Sensitive Groups,2,25.5,90,0.0,8.6,168,1009.0,2,56.7,58.4,257.0,33.9,22.0,11.1
2026-04-06 02:00:00,2026,4,6,2,Đồng Tháp,Xã Tân Phú Trung,10.2545007,105.7361294,147,Unhealthy for Sensitive Groups,2,25.3,91,0.0,8.2,171,1008.6,0,54.8,56.7,244.0,33.8,20.0,10.4
2026-04-06 03:00:00,2026,4,6,3,Đồng Tháp,Xã Tân Phú Trung,10.2545007,105.7361294,145,Unhealthy for Sensitive Groups,2,24.9,94,0.0,6.2,168,1008.3,0,57.2,59.3,241.0,34.8,18.0,10.1
2026-04-06 04:00:00,2026,4,6,4,Đồng Tháp,Xã Tân Phú Trung,10.2545007,105.7361294,143,Unhealthy for Sensitive Groups,2,24.4,96,0.0,5.1,170,1008.4,0,60.3,62.4,248.0,35.1,17.0,10.3
2026-04-06 05:00:00,2026,4,6,5,Đồng Tháp,Xã Tân Phú Trung,10.2545007,105.7361294,142,Unhealthy for Sensitive Groups,2,24.1,96,0.0,5.1,172,1009.1,0,62.6,65.0,276.0,34.4,16.0,11.2
2026-04-06 06:00:00,2026,4,6,6,Đồng Tháp,Xã Tân Phú Trung,10.2545007,105.7361294,141,Unhealthy for Sensitive Groups,2,23.6,97,0.0,4.7,171,1009.7,0,67.3,69.8,313.0,33.0,17.0,12.5
2026-04-06 07:00:00,2026,4,6,7,Đồng Tháp,Xã Tân Phú Trung,10.2545007,105.7361294,140,Unhealthy for Sensitive Groups,2,25.4,91,0.0,5.5,163,1010.5,0,75.2,78.2,332.0,29.2,25.0,12.9
2026-04-06 08:00:00,2026,4,6,8,Đồng Tháp,Xã Tân Phú Trung,10.2545007,105.7361294,139,Unhealthy for Sensitive Groups,2,27.5,79,0.0,10.1,176,1011.2,21,50.5,54.7,312.0,22.3,46.0,12.0
2026-04-06 09:00:00,2026,4,6,9,Đồng Tháp,Xã Tân Phú Trung,10.2545007,105.7361294,138,Unhealthy for Sensitive Groups,2,29.3,68,0.0,11.5,170,1011.5,35,31.0,36.1,272.0,12.7,75.0,10.7
2026-04-06 10:00:00,2026,4,6,10,Đồng Tháp,Xã Tân Phú Trung,10.2545007,105.7361294,138,Unhealthy for Sensitive Groups,2,30.8,61,0.0,10.7,171,1011.1,35,27.8,32.7,242.0,5.5,100.0,9.6
2026-04-06 11:00:00,2026,4,6,11,Đồng Tháp,Xã Tân Phú Trung,10.2545007,105.7361294,139,Unhealthy for Sensitive Groups,2,32.0,57,0.0,9.2,176,1010.8,23,27.1,29.7,233.0,2.9,118.0,9.0
2026-04-06 12:00:00,2026,4,6,12,Đồng Tháp,Xã Tân Phú Trung,10.2545007,105.7361294,139,Unhealthy for Sensitive Groups,2,33.0,54,0.0,7.6,179,1009.8,5,29.5,31.5,234.0,2.7,133.0,8.7
2026-04-06 13:00:00,2026,4,6,13,Đồng Tháp,Xã Tân Phú Trung,10.2545007,105.7361294,139,Unhealthy for Sensitive Groups,2,33.2,52,0.0,5.8,184,1009.5,7,31.0,32.9,234.0,3.0,144.0,8.5
2026-04-06 14:00:00,2026,4,6,14,Đồng Tháp,Xã Tân Phú Trung,10.2545007,105.7361294,140,Unhealthy for Sensitive Groups,2,34.0,48,0.0,4.8,200,1008.4,28,32.0,33.8,224.0,1.6,153.0,8.0
2026-04-06 15:00:00,2026,4,6,15,Đồng Tháp,Xã Tân Phú Trung,10.2545007,105.7361294,140,Unhealthy for Sensitive Groups,2,34.5,45,0.0,5.7,224,1007.4,8,32.2,34.0,214.0,0.7,159.0,7.7
2026-04-06 16:00:00,2026,4,6,16,Đồng Tháp,Xã Tân Phú Trung,10.2545007,105.7361294,141,Unhealthy for Sensitive Groups,2,34.4,43,0.0,7.1,234,1007.0,10,32.4,33.9,221.0,4.7,154.0,8.8
2026-04-06 17:00:00,2026,4,6,17,Đồng Tháp,Xã Tân Phú Trung,10.2545007,105.7361294,141,Unhealthy for Sensitive Groups,2,33.8,44,0.0,6.2,232,1007.0,15,37.3,38.6,266.0,19.1,132.0,12.9
2026-04-06 18:00:00,2026,4,6,18,Đồng Tháp,Xã Tân Phú Trung,10.2545007,105.7361294,142,Unhealthy for Sensitive Groups,2,32.0,58,0.0,2.8,215,1007.2,15,63.1,64.5,329.0,38.4,99.0,18.3
2026-04-06 19:00:00,2026,4,6,19,Đồng Tháp,Xã Tân Phú Trung,10.2545007,105.7361294,143,Unhealthy for Sensitive Groups,2,30.4,60,0.0,10.0,206,1007.7,30,87.5,90.6,370.0,46.1,68.0,20.1
2026-04-06 20:00:00,2026,4,6,20,Đồng Tháp,Xã Tân Phú Trung,10.2545007,105.7361294,145,Unhealthy for Sensitive Groups,2,29.3,63,0.0,10.6,203,1008.6,5,99.7,102.7,371.0,44.9,56.0,19.0
2026-04-06 21:00:00,2026,4,6,21,Đồng Tháp,Xã Tân Phú Trung,10.2545007,105.7361294,146,Unhealthy for Sensitive Groups,2,28.3,68,0.0,9.5,195,1009.6,1,87.1,89.4,351.0,43.0,41.0,17.4
2026-04-06 22:00:00,2026,4,6,22,Đồng Tháp,Xã Tân Phú Trung,10.2545007,105.7361294,147,Unhealthy for Sensitive Groups,2,27.6,73,0.0,10.5,185,1010.4,0,73.8,75.7,327.0,40.5,29.0,15.7
2026-04-06 23:00:00,2026,4,6,23,Đồng Tháp,Xã Tân Phú Trung,10.2545007,105.7361294,147,Unhealthy for Sensitive Groups,2,27.0,79,0.0,10.5,193,1011.0,6,64.5,66.4,302.0,36.6,26.0,13.6
2026-04-07 00:00:00,2026,4,7,0,Đồng Tháp,Xã Tân Phú Trung,10.2545007,105.7361294,147,Unhealthy for Sensitive Groups,2,26.5,83,0.0,10.9,204,1010.8,8,58.3,60.1,273.0,32.0,28.0,11.3
2026-04-07 01:00:00,2026,4,7,1,Đồng Tháp,Xã Tân Phú Trung,10.2545007,105.7361294,147,Unhealthy for Sensitive Groups,2,26.0,88,0.0,8.7,212,1010.5,5,54.6,56.5,251.0,28.8,29.0,9.7
2026-04-07 02:00:00,2026,4,7,2,Đồng Tháp,Xã Tân Phú Trung,10.2545007,105.7361294,146,Unhealthy for Sensitive Groups,2,25.6,89,0.0,7.9,219,1010.0,2,53.6,55.5,238.0,28.4,27.0,9.0
2026-04-07 03:00:00,2026,4,7,3,Đồng Tháp,Xã Tân Phú Trung,10.2545007,105.7361294,146,Unhealthy for Sensitive Groups,2,25.2,91,0.0,8.4,217,1009.7,0,54.9,57.2,233.0,29.4,25.0,8.9
2026-04-07 04:00:00,2026,4,7,4,Đồng Tháp,Xã Tân Phú Trung,10.2545007,105.7361294,146,Unhealthy for Sensitive Groups,2,24.8,93,0.0,8.2,206,1009.6,0,57.9,60.1,238.0,30.2,24.0,9.3
2026-04-07 05:00:00,2026,4,7,5,Đồng Tháp,Xã Tân Phú Trung,10.2545007,105.7361294,146,Unhealthy for Sensitive Groups,2,24.5,94,0.0,8.1,205,1010.0,0,62.2,64.7,265.0,30.9,22.0,10.6
2026-04-07 06:00:00,2026,4,7,6,Đồng Tháp,Xã Tân Phú Trung,10.2545007,105.7361294,146,Unhealthy for Sensitive Groups,2,24.3,95,0.0,7.1,204,1010.4,0,69.8,72.6,303.0,31.4,21.0,12.3
2026-04-07 07:00:00,2026,4,7,7,Đồng Tháp,Xã Tân Phú Trung,10.2545007,105.7361294,146,Unhealthy for Sensitive Groups,2,25.9,89,0.0,7.7,191,1011.0,0,75.9,78.5,322.0,29.3,27.0,12.9
2026-04-07 08:00:00,2026,4,7,8,Đồng Tháp,Xã Tân Phú Trung,10.2545007,105.7361294,146,Unhealthy for Sensitive Groups,2,28.0,78,0.0,8.4,189,1011.8,0,51.6,55.5,304.0,22.2,50.0,11.7
2026-04-07 09:00:00,2026,4,7,9,Đồng Tháp,Xã Tân Phú Trung,10.2545007,105.7361294,146,Unhealthy for Sensitive Groups,2,29.8,66,0.0,8.8,211,1012.2,0,31.3,34.3,268.0,12.4,82.0,10.0
2026-04-07 10:00:00,2026,4,7,10,Đồng Tháp,Xã Tân Phú Trung,10.2545007,105.7361294,146,Unhealthy for Sensitive Groups,2,31.2,58,0.0,8.4,225,1012.2,46,30.0,32.0,239.0,5.1,109.0,8.6
2026-04-07 11:00:00,2026,4,7,11,Đồng Tháp,Xã Tân Phú Trung,10.2545007,105.7361294,146,Unhealthy for Sensitive Groups,2,32.5,52,0.0,8.2,234,1011.8,100,30.0,31.8,229.0,2.6,124.0,7.7
2026-04-07 12:00:00,2026,4,7,12,Đồng Tháp,Xã Tân Phú Trung,10.2545007,105.7361294,147,Unhealthy for Sensitive Groups,2,33.7,47,0.0,8.0,242,1010.7,96,29.0,30.5,226.0,2.5,134.0,7.2
2026-04-07 13:00:00,2026,4,7,13,Đồng Tháp,Xã Tân Phú Trung,10.2545007,105.7361294,147,Unhealthy for Sensitive Groups,2,33.7,48,0.0,8.3,248,1009.9,95,26.7,28.1,223.0,2.9,139.0,6.7
2026-04-07 14:00:00,2026,4,7,14,Đồng Tháp,Xã Tân Phú Trung,10.2545007,105.7361294,146,Unhealthy for Sensitive Groups,2,34.2,44,0.0,8.6,250,1008.9,91,25.1,26.4,210.0,1.6,142.0,5.9
2026-04-07 15:00:00,2026,4,7,15,Đồng Tháp,Xã Tân Phú Trung,10.2545007,105.7361294,145,Unhealthy for Sensitive Groups,2,34.1,42,0.0,11.6,265,1008.0,97,24.3,25.5,198.0,0.7,141.0,5.2
2026-04-07 16:00:00,2026,4,7,16,Đồng Tháp,Xã Tân Phú Trung,10.2545007,105.7361294,145,Unhealthy for Sensitive Groups,2,33.8,39,0.0,12.3,263,1007.6,98,24.3,25.6,208.0,4.4,132.0,6.0
2026-04-07 17:00:00,2026,4,7,17,Đồng Tháp,Xã Tân Phú Trung,10.2545007,105.7361294,144,Unhealthy for Sensitive Groups,2,33.1,40,0.0,9.8,239,1007.9,98,30.4,31.5,268.0,17.5,111.0,9.7
2026-04-07 18:00:00,2026,4,7,18,Đồng Tháp,Xã Tân Phú Trung,10.2545007,105.7361294,143,Unhealthy for Sensitive Groups,2,30.5,49,0.0,7.7,217,1008.1,95,57.5,59.0,350.0,35.3,83.0,14.9
2026-04-07 19:00:00,2026,4,7,19,Đồng Tháp,Xã Tân Phú Trung,10.2545007,105.7361294,142,Unhealthy for Sensitive Groups,2,28.9,53,0.0,8.0,239,1008.2,98,78.7,81.5,401.0,43.5,58.0,16.7
2026-04-07 20:00:00,2026,4,7,20,Đồng Tháp,Xã Tân Phú Trung,10.2545007,105.7361294,142,Unhealthy for Sensitive Groups,2,27.6,67,0.0,9.3,242,1008.6,96,86.6,88.9,389.0,43.2,49.0,16.4
2026-04-07 21:00:00,2026,4,7,21,Đồng Tháp,Xã Tân Phú Trung,10.2545007,105.7361294,140,Unhealthy for Sensitive Groups,2,26.7,81,0.0,9.2,230,1008.9,91,80.8,82.9,344.0,42.7,37.0,16.0
2026-04-07 22:00:00,2026,4,7,22,Đồng Tháp,Xã Tân Phú Trung,10.2545007,105.7361294,140,Unhealthy for Sensitive Groups,2,26.2,87,0.0,9.3,209,1009.6,93,74.7,76.4,307.0,41.6,28.0,15.1
2026-04-07 23:00:00,2026,4,7,23,Đồng Tháp,Xã Tân Phú Trung,10.2545007,105.7361294,140,Unhealthy for Sensitive Groups,2,26.1,88,0.0,10.0,213,1010.0,89,70.3,71.9,291.0,39.7,24.0,13.5
2026-04-08 00:00:00,2026,4,8,0,Đồng Tháp,Xã Tân Phú Trung,10.2545007,105.7361294,140,Unhealthy for Sensitive Groups,2,25.8,88,0.0,9.3,204,1009.8,95,66.1,67.5,281.0,37.2,23.0,11.5
2026-04-08 01:00:00,2026,4,8,1,Đồng Tháp,Xã Tân Phú Trung,10.2545007,105.7361294,141,Unhealthy for Sensitive Groups,2,25.5,91,0.0,8.0,198,1009.3,57,64.5,66.1,275.0,35.0,22.0,10.0
2026-04-08 02:00:00,2026,4,8,2,Đồng Tháp,Xã Tân Phú Trung,10.2545007,105.7361294,142,Unhealthy for Sensitive Groups,2,25.4,92,0.0,7.5,200,1009.2,5,62.6,64.3,268.0,33.4,21.0,9.2
2026-04-08 03:00:00,2026,4,8,3,Đồng Tháp,Xã Tân Phú Trung,10.2545007,105.7361294,143,Unhealthy for Sensitive Groups,2,25.1,94,0.0,7.6,205,1008.9,1,59.6,61.5,266.0,31.9,21.0,8.8
2026-04-08 04:00:00,2026,4,8,4,Đồng Tháp,Xã Tân Phú Trung,10.2545007,105.7361294,144,Unhealthy for Sensitive Groups,2,25.0,96,0.0,8.2,202,1009.0,0,57.7,59.6,276.0,30.2,23.0,8.9
2026-04-08 05:00:00,2026,4,8,5,Đồng Tháp,Xã Tân Phú Trung,10.2545007,105.7361294,144,Unhealthy for Sensitive Groups,2,24.9,98,0.0,7.7,201,1009.5,0,58.4,60.5,316.0,28.1,25.0,9.6
2026-04-08 06:00:00,2026,4,8,6,Đồng Tháp,Xã Tân Phú Trung,10.2545007,105.7361294,143,Unhealthy for Sensitive Groups,2,24.8,98,0.0,6.6,196,1009.8,7,61.5,63.6,369.0,25.8,28.0,10.8
2026-04-08 07:00:00,2026,4,8,7,Đồng Tháp,Xã Tân Phú Trung,10.2545007,105.7361294,142,Unhealthy for Sensitive Groups,2,26.2,93,0.0,9.9,199,1010.5,38,51.5,54.0,397.0,22.0,38.0,11.1
2026-04-08 08:00:00,2026,4,8,8,Đồng Tháp,Xã Tân Phú Trung,10.2545007,105.7361294,140,Unhealthy for Sensitive Groups,2,28.3,81,0.0,10.2,206,1011.5,63,39.5,41.2,377.0,17.5,56.0,10.7
2026-04-08 09:00:00,2026,4,8,9,Đồng Tháp,Xã Tân Phú Trung,10.2545007,105.7361294,138,Unhealthy for Sensitive Groups,2,30.0,71,0.0,7.8,214,1012.2,100,32.1,34.1,332.0,11.2,81.0,10.1
2026-04-08 10:00:00,2026,4,8,10,Đồng Tháp,Xã Tân Phú Trung,10.2545007,105.7361294,139,Unhealthy for Sensitive Groups,2,31.5,63,0.0,6.9,223,1012.0,97,32.8,34.7,294.0,6.3,105.0,9.7
2026-04-08 11:00:00,2026,4,8,11,Đồng Tháp,Xã Tân Phú Trung,10.2545007,105.7361294,139,Unhealthy for Sensitive Groups,2,33.0,54,0.0,5.9,223,1011.9,95,34.0,35.7,273.0,4.2,125.0,9.8
2026-04-08 12:00:00,2026,4,8,12,Đồng Tháp,Xã Tân Phú Trung,10.2545007,105.7361294,139,Unhealthy for Sensitive Groups,2,34.0,48,0.0,3.9,208,1010.8,93,34.7,36.2,260.0,3.5,144.0,10.0
2026-04-08 13:00:00,2026,4,8,13,Đồng Tháp,Xã Tân Phú Trung,10.2545007,105.7361294,140,Unhealthy for Sensitive Groups,2,33.6,48,0.0,1.4,230,1009.9,42,35.0,36.3,253.0,3.3,158.0,10.3
2026-04-08 14:00:00,2026,4,8,14,Đồng Tháp,Xã Tân Phú Trung,10.2545007,105.7361294,141,Unhealthy for Sensitive Groups,2,34.6,45,0.0,2.7,148,1008.7,23,36.0,37.3,252.0,2.6,166.0,10.2
2026-04-08 15:00:00,2026,4,8,15,Đồng Tháp,Xã Tân Phú Trung,10.2545007,105.7361294,142,Unhealthy for Sensitive Groups,2,34.2,45,0.0,6.4,148,1008.0,21,36.4,37.7,258.0,2.5,169.0,10.0
2026-04-08 16:00:00,2026,4,8,16,Đồng Tháp,Xã Tân Phú Trung,10.2545007,105.7361294,143,Unhealthy for Sensitive Groups,2,33.8,47,0.0,7.1,137,1007.8,15,36.8,38.0,273.0,5.2,163.0,10.6
2026-04-08 17:00:00,2026,4,8,17,Đồng Tháp,Xã Tân Phú Trung,10.2545007,105.7361294,144,Unhealthy for Sensitive Groups,2,33.2,48,0.0,7.9,139,1008.0,25,44.6,45.5,305.0,13.5,144.0,12.9
2026-04-08 18:00:00,2026,4,8,18,Đồng Tháp,Xã Tân Phú Trung,10.2545007,105.7361294,146,Unhealthy for Sensitive Groups,2,31.6,55,0.0,10.6,148,1008.4,12,61.2,62.2,347.0,24.6,117.0,15.9
2026-04-08 19:00:00,2026,4,8,19,Đồng Tháp,Xã Tân Phú Trung,10.2545007,105.7361294,146,Unhealthy for Sensitive Groups,2,30.9,58,0.0,11.6,148,1008.6,16,85.0,86.1,374.0,35.7,90.0,18.7
2026-04-08 20:00:00,2026,4,8,20,Đồng Tháp,Xã Tân Phú Trung,10.2545007,105.7361294,147,Unhealthy for Sensitive Groups,2,30.0,63,0.0,11.4,161,1009.1,1,85.4,86.4,376.0,35.1,76.0,17.9
2026-04-08 21:00:00,2026,4,8,21,Đồng Tháp,Xã Tân Phú Trung,10.2545007,105.7361294,147,Unhealthy for Sensitive Groups,2,29.0,69,0.0,12.6,167,1009.9,0,75.7,76.6,363.0,34.2,56.0,16.8
2026-04-08 22:00:00,2026,4,8,22,Đồng Tháp,Xã Tân Phú Trung,10.2545007,105.7361294,146,Unhealthy for Sensitive Groups,2,27.9,77,0.0,12.5,168,1010.5,0,66.8,67.8,349.0,33.1,40.0,15.4
2026-04-08 23:00:00,2026,4,8,23,Đồng Tháp,Xã Tân Phú Trung,10.2545007,105.7361294,145,Unhealthy for Sensitive Groups,2,27.2,84,0.0,12.7,162,1010.7,0,59.4,60.5,336.0,31.2,33.0,13.6
2026-04-09 00:00:00,2026,4,9,0,Đồng Tháp,Xã Tân Phú Trung,10.2545007,105.7361294,144,Unhealthy for Sensitive Groups,2,26.5,89,0.0,12.1,160,1010.3,0,54.7,56.1,320.0,29.1,31.0,11.5
2026-04-09 01:00:00,2026,4,9,1,Đồng Tháp,Xã Tân Phú Trung,10.2545007,105.7361294,143,Unhealthy for Sensitive Groups,2,25.6,94,0.0,9.0,157,1009.8,16,53.8,55.2,307.0,28.0,29.0,10.0
2026-04-09 02:00:00,2026,4,9,2,Đồng Tháp,Xã Tân Phú Trung,10.2545007,105.7361294,142,Unhealthy for Sensitive Groups,2,25.2,96,0.0,6.7,156,1009.5,22,55.6,57.3,294.0,28.8,27.0,9.4
2026-04-09 03:00:00,2026,4,9,3,Đồng Tháp,Xã Tân Phú Trung,10.2545007,105.7361294,141,Unhealthy for Sensitive Groups,2,25.0,97,0.0,5.0,159,1009.4,100,58.6,60.3,283.0,30.6,25.0,9.3
2026-04-09 04:00:00,2026,4,9,4,Đồng Tháp,Xã Tân Phú Trung,10.2545007,105.7361294,141,Unhealthy for Sensitive Groups,2,25.1,97,0.0,4.8,153,1009.5,84,62.2,64.5,284.0,32.0,25.0,9.7
2026-04-09 05:00:00,2026,4,9,5,Đồng Tháp,Xã Tân Phú Trung,10.2545007,105.7361294,142,Unhealthy for Sensitive Groups,2,25.5,95,0.0,5.8,144,1010.1,87,68.2,70.5,313.0,33.4,23.0,11.1
2026-04-09 06:00:00,2026,4,9,6,Đồng Tháp,Xã Tân Phú Trung,10.2545007,105.7361294,143,Unhealthy for Sensitive Groups,2,25.8,93,0.0,7.3,132,1010.7,95,78.2,81.0,355.0,34.3,22.0,12.9
2026-04-09 07:00:00,2026,4,9,7,Đồng Tháp,Xã Tân Phú Trung,10.2545007,105.7361294,144,Unhealthy for Sensitive Groups,2,26.6,88,0.0,9.2,129,1011.5,38,66.8,69.6,370.0,29.3,35.0,12.8
2026-04-09 08:00:00,2026,4,9,8,Đồng Tháp,Xã Tân Phú Trung,10.2545007,105.7361294,146,Unhealthy for Sensitive Groups,2,28.2,79,0.0,10.6,136,1012.4,30,46.0,48.3,332.0,22.4,58.0,11.8
2026-04-09 09:00:00,2026,4,9,9,Đồng Tháp,Xã Tân Phú Trung,10.2545007,105.7361294,147,Unhealthy for Sensitive Groups,2,29.9,68,0.0,10.3,145,1013.1,30,31.2,32.7,269.0,13.0,90.0,10.5
2026-04-09 10:00:00,2026,4,9,10,Đồng Tháp,Xã Tân Phú Trung,10.2545007,105.7361294,147,Unhealthy for Sensitive Groups,2,31.3,60,0.0,10.3,155,1012.9,33,30.2,31.4,222.0,5.8,117.0,9.3
2026-04-09 11:00:00,2026,4,9,11,Đồng Tháp,Xã Tân Phú Trung,10.2545007,105.7361294,146,Unhealthy for Sensitive Groups,2,32.3,54,0.0,10.4,165,1012.7,14,29.7,30.9,213.0,3.2,134.0,8.4
2026-04-09 12:00:00,2026,4,9,12,Đồng Tháp,Xã Tân Phú Trung,10.2545007,105.7361294,146,Unhealthy for Sensitive Groups,2,33.0,51,0.0,9.6,171,1011.8,13,29.8,30.7,222.0,2.9,146.0,7.7
2026-04-09 13:00:00,2026,4,9,13,Đồng Tháp,Xã Tân Phú Trung,10.2545007,105.7361294,145,Unhealthy for Sensitive Groups,2,33.4,48,0.0,7.8,176,1010.9,27,29.9,30.7,229.0,3.1,155.0,7.3
2026-04-09 14:00:00,2026,4,9,14,Đồng Tháp,Xã Tân Phú Trung,10.2545007,105.7361294,145,Unhealthy for Sensitive Groups,2,33.3,48,0.0,8.0,172,1010.0,34,30.6,31.4,220.0,2.2,162.0,7.0
2026-04-09 15:00:00,2026,4,9,15,Đồng Tháp,Xã Tân Phú Trung,10.2545007,105.7361294,144,Unhealthy for Sensitive Groups,2,33.2,48,0.0,7.4,148,1009.1,21,30.2,30.9,210.0,1.9,165.0,7.1
2026-04-09 16:00:00,2026,4,9,16,Đồng Tháp,Xã Tân Phú Trung,10.2545007,105.7361294,144,Unhealthy for Sensitive Groups,2,33.2,48,0.0,6.5,132,1008.7,27,30.0,30.7,224.0,4.8,159.0,8.0
2026-04-09 17:00:00,2026,4,9,17,Đồng Tháp,Xã Tân Phú Trung,10.2545007,105.7361294,143,Unhealthy for Sensitive Groups,2,32.8,48,0.0,4.7,137,1008.4,41,34.7,35.3,290.0,14.0,139.0,10.7
2026-04-09 18:00:00,2026,4,9,18,Đồng Tháp,Xã Tân Phú Trung,10.2545007,105.7361294,142,Unhealthy for Sensitive Groups,2,31.2,59,0.0,3.3,126,1008.7,16,53.4,53.9,380.0,26.5,110.0,14.3
2026-04-09 19:00:00,2026,4,9,19,Đồng Tháp,Xã Tân Phú Trung,10.2545007,105.7361294,141,Unhealthy for Sensitive Groups,2,30.4,59,0.0,4.3,165,1009.2,23,74.5,75.0,437.0,37.2,80.0,17.8
2026-04-09 20:00:00,2026,4,9,20,Đồng Tháp,Xã Tân Phú Trung,10.2545007,105.7361294,140,Unhealthy for Sensitive Groups,2,29.6,61,0.0,10.5,174,1010.1,16,82.9,83.8,430.0,38.5,67.0,17.7
2026-04-09 21:00:00,2026,4,9,21,Đồng Tháp,Xã Tân Phú Trung,10.2545007,105.7361294,140,Unhealthy for Sensitive Groups,2,28.9,64,0.0,12.1,165,1010.9,1,80.6,82.4,389.0,40.3,49.0,17.6
2026-04-09 22:00:00,2026,4,9,22,Đồng Tháp,Xã Tân Phú Trung,10.2545007,105.7361294,140,Unhealthy for Sensitive Groups,2,27.6,71,0.0,10.4,166,1011.5,0,75.2,76.8,351.0,41.4,34.0,17.0
2026-04-09 23:00:00,2026,4,9,23,Đồng Tháp,Xã Tân Phú Trung,10.2545007,105.7361294,141,Unhealthy for Sensitive Groups,2,26.7,78,0.0,10.3,174,1011.8,0,71.7,73.3,326.0,41.1,27.0,15.6
2026-04-10 00:00:00,2026,4,10,0,Đồng Tháp,Xã Tân Phú Trung,10.2545007,105.7361294,142,Unhealthy for Sensitive Groups,2,26.1,82,0.0,9.1,173,1011.8,0,68.0,69.6,305.0,40.1,24.0,13.7
2026-04-10 01:00:00,2026,4,10,1,Đồng Tháp,Xã Tân Phú Trung,10.2545007,105.7361294,144,Unhealthy for Sensitive Groups,2,25.5,88,0.0,6.5,156,1011.1,0,67.8,69.6,288.0,39.3,22.0,12.3
2026-04-10 02:00:00,2026,4,10,2,Đồng Tháp,Xã Tân Phú Trung,10.2545007,105.7361294,145,Unhealthy for Sensitive Groups,2,25.1,89,0.0,6.7,149,1010.9,0,70.8,72.6,276.0,39.5,19.0,11.6
2026-04-10 03:00:00,2026,4,10,3,Đồng Tháp,Xã Tân Phú Trung,10.2545007,105.7361294,147,Unhealthy for Sensitive Groups,2,24.8,92,0.0,5.5,163,1010.5,0,70.5,72.4,270.0,40.0,18.0,11.3
2026-04-10 04:00:00,2026,4,10,4,Đồng Tháp,Xã Tân Phú Trung,10.2545007,105.7361294,148,Unhealthy for Sensitive Groups,2,24.4,94,0.0,5.0,182,1010.6,0,67.1,69.2,274.0,39.4,18.0,11.3
2026-04-10 05:00:00,2026,4,10,5,Đồng Tháp,Xã Tân Phú Trung,10.2545007,105.7361294,149,Unhealthy for Sensitive Groups,2,24.3,94,0.0,6.0,175,1011.0,0,65.2,67.3,303.0,37.4,19.0,11.8
2026-04-10 06:00:00,2026,4,10,6,Đồng Tháp,Xã Tân Phú Trung,10.2545007,105.7361294,148,Unhealthy for Sensitive Groups,2,24.1,95,0.0,6.1,175,1011.9,0,65.0,67.3,343.0,34.2,23.0,12.7
2026-04-10 07:00:00,2026,4,10,7,Đồng Tháp,Xã Tân Phú Trung,10.2545007,105.7361294,147,Unhealthy for Sensitive Groups,2,25.9,86,0.0,6.0,170,1012.1,0,71.9,74.3,359.0,30.8,30.0,13.3
2026-04-10 08:00:00,2026,4,10,8,Đồng Tháp,Xã Tân Phú Trung,10.2545007,105.7361294,147,Unhealthy for Sensitive Groups,2,28.2,74,0.0,9.4,184,1013.0,39,45.3,48.9,326.0,23.7,53.0,12.8
2026-04-10 09:00:00,2026,4,10,9,Đồng Tháp,Xã Tân Phú Trung,10.2545007,105.7361294,147,Unhealthy for Sensitive Groups,2,30.0,65,0.0,9.8,186,1013.4,66,28.2,32.0,269.0,13.8,86.0,12.1
2026-04-10 10:00:00,2026,4,10,10,Đồng Tháp,Xã Tân Phú Trung,10.2545007,105.7361294,147,Unhealthy for Sensitive Groups,2,31.5,58,0.0,7.6,175,1013.1,84,26.8,28.3,227.0,6.3,114.0,11.4
2026-04-10 11:00:00,2026,4,10,11,Đồng Tháp,Xã Tân Phú Trung,10.2545007,105.7361294,147,Unhealthy for Sensitive Groups,2,33.0,51,0.0,5.9,157,1012.7,58,28.5,29.7,217.0,3.5,134.0,10.8
2026-04-10 12:00:00,2026,4,10,12,Đồng Tháp,Xã Tân Phú Trung,10.2545007,105.7361294,147,Unhealthy for Sensitive Groups,2,34.0,47,0.0,6.1,148,1011.8,55,30.2,31.2,222.0,3.0,150.0,10.2
2026-04-10 13:00:00,2026,4,10,13,Đồng Tháp,Xã Tân Phú Trung,10.2545007,105.7361294,147,Unhealthy for Sensitive Groups,2,33.6,48,0.0,5.4,146,1010.7,62,31.7,32.7,228.0,3.1,162.0,10.0
2026-04-10 14:00:00,2026,4,10,14,Đồng Tháp,Xã Tân Phú Trung,10.2545007,105.7361294,147,Unhealthy for Sensitive Groups,2,33.5,49,0.0,5.6,159,1009.5,47,32.9,33.9,220.0,2.2,171.0,9.9
2026-04-10 15:00:00,2026,4,10,15,Đồng Tháp,Xã Tân Phú Trung,10.2545007,105.7361294,147,Unhealthy for Sensitive Groups,2,33.7,49,0.0,4.7,152,1008.2,34,33.9,34.6,214.0,1.9,176.0,10.2
2026-04-10 16:00:00,2026,4,10,16,Đồng Tháp,Xã Tân Phú Trung,10.2545007,105.7361294,147,Unhealthy for Sensitive Groups,2,33.3,50,0.0,4.4,142,1007.7,14,34.6,35.3,239.0,5.1,172.0,11.5
2026-04-10 17:00:00,2026,4,10,17,Đồng Tháp,Xã Tân Phú Trung,10.2545007,105.7361294,148,Unhealthy for Sensitive Groups,2,33.0,49,0.0,2.2,95,1007.9,10,42.6,43.1,336.0,15.3,155.0,14.9
2026-04-10 18:00:00,2026,4,10,18,Đồng Tháp,Xã Tân Phú Trung,10.2545007,105.7361294,149,Unhealthy for Sensitive Groups,2,32.0,58,0.0,1.8,127,1008.0,3,60.5,61.0,466.0,29.0,129.0,19.4
2026-04-10 19:00:00,2026,4,10,19,Đồng Tháp,Xã Tân Phú Trung,10.2545007,105.7361294,149,Unhealthy for Sensitive Groups,2,31.4,51,0.0,9.4,215,1008.3,3,104.5,105.2,536.0,48.7,88.0,23.8
2026-04-10 20:00:00,2026,4,10,20,Đồng Tháp,Xã Tân Phú Trung,10.2545007,105.7361294,151,Unhealthy,3,30.5,54,0.0,7.6,153,1008.9,5,119.0,119.7,492.0,50.0,75.0,24.0
2026-04-10 21:00:00,2026,4,10,21,Đồng Tháp,Xã Tân Phú Trung,10.2545007,105.7361294,151,Unhealthy,3,28.9,67,0.0,16.2,156,1010.2,10,114.6,115.9,389.0,51.7,56.0,24.2
2026-04-10 22:00:00,2026,4,10,22,Đồng Tháp,Xã Tân Phú Trung,10.2545007,105.7361294,152,Unhealthy,3,27.9,72,0.0,11.6,159,1010.8,7,100.4,102.2,305.0,51.2,41.0,23.2
2026-04-10 23:00:00,2026,4,10,23,Đồng Tháp,Xã Tân Phú Trung,10.2545007,105.7361294,153,Unhealthy,3,27.1,76,0.0,9.9,184,1010.9,38,84.3,86.1,268.0,46.9,33.0,19.9
2026-04-11 00:00:00,2026,4,11,0,Đồng Tháp,Xã Tân Phú Trung,10.2545007,105.7361294,153,Unhealthy,3,26.6,77,0.0,10.5,200,1010.8,27,69.8,71.5,250.0,40.4,28.0,15.4
2026-04-11 01:00:00,2026,4,11,1,Đồng Tháp,Xã Tân Phú Trung,10.2545007,105.7361294,153,Unhealthy,3,26.0,82,0.0,6.8,198,1010.0,0,59.1,60.8,238.0,34.8,26.0,11.8
2026-04-11 02:00:00,2026,4,11,2,Đồng Tháp,Xã Tân Phú Trung,10.2545007,105.7361294,153,Unhealthy,3,25.9,83,0.0,7.9,201,1009.4,0,51.6,53.1,229.0,31.1,26.0,9.9
2026-04-11 03:00:00,2026,4,11,3,Đồng Tháp,Xã Tân Phú Trung,10.2545007,105.7361294,152,Unhealthy,3,25.6,86,0.0,7.6,205,1009.1,0,45.9,47.4,226.0,28.2,28.0,9.0
2026-04-11 04:00:00,2026,4,11,4,Đồng Tháp,Xã Tân Phú Trung,10.2545007,105.7361294,152,Unhealthy,3,25.4,89,0.0,7.2,205,1009.1,0,43.2,44.9,232.0,26.0,30.0,8.7
2026-04-11 05:00:00,2026,4,11,5,Đồng Tháp,Xã Tân Phú Trung,10.2545007,105.7361294,151,Unhealthy,3,25.1,92,0.0,6.6,197,1009.6,5,44.0,45.8,257.0,25.3,28.0,9.4
2026-04-11 06:00:00,2026,4,11,6,Đồng Tháp,Xã Tân Phú Trung,10.2545007,105.7361294,151,Unhealthy,3,25.0,94,0.0,5.5,191,1010.5,0,47.6,49.5,290.0,25.4,26.0,10.6
2026-04-11 07:00:00,2026,4,11,7,Đồng Tháp,Xã Tân Phú Trung,10.2545007,105.7361294,150,Unhealthy for Sensitive Groups,2,26.5,87,0.0,6.6,189,1011.3,32,59.1,61.7,305.0,24.8,31.0,11.5
2026-04-11 08:00:00,2026,4,11,8,Đồng Tháp,Xã Tân Phú Trung,10.2545007,105.7361294,150,Unhealthy for Sensitive Groups,2,28.5,77,0.0,9.6,196,1011.9,1,41.8,45.6,281.0,19.1,52.0,10.6
2026-04-11 09:00:00,2026,4,11,9,Đồng Tháp,Xã Tân Phú Trung,10.2545007,105.7361294,150,Unhealthy for Sensitive Groups,2,30.5,65,0.0,10.4,212,1012.3,38,29.6,33.1,239.0,11.2,81.0,9.4
2026-04-11 10:00:00,2026,4,11,10,Đồng Tháp,Xã Tân Phú Trung,10.2545007,105.7361294,150,Unhealthy for Sensitive Groups,2,31.8,58,0.0,9.1,212,1012.1,39,29.3,31.1,208.0,5.3,107.0,8.4
2026-04-11 11:00:00,2026,4,11,11,Đồng Tháp,Xã Tân Phú Trung,10.2545007,105.7361294,150,Unhealthy for Sensitive Groups,2,33.0,53,0.0,8.0,220,1011.4,10,32.2,34.0,202.0,3.2,127.0,8.0
2026-04-11 12:00:00,2026,4,11,12,Đồng Tháp,Xã Tân Phú Trung,10.2545007,105.7361294,150,Unhealthy for Sensitive Groups,2,34.3,47,0.0,8.1,225,1010.5,8,34.7,36.2,207.0,3.0,145.0,7.9
2026-04-11 13:00:00,2026,4,11,13,Đồng Tháp,Xã Tân Phú Trung,10.2545007,105.7361294,150,Unhealthy for Sensitive Groups,2,34.5,45,0.0,7.6,232,1009.4,9,35.6,37.1,213.0,3.3,156.0,7.9
2026-04-11 14:00:00,2026,4,11,14,Đồng Tháp,Xã Tân Phú Trung,10.2545007,105.7361294,150,Unhealthy for Sensitive Groups,2,34.8,43,0.0,7.0,235,1008.1,4,35.5,36.9,216.0,2.7,161.0,7.7
2026-04-11 15:00:00,2026,4,11,15,Đồng Tháp,Xã Tân Phú Trung,10.2545007,105.7361294,150,Unhealthy for Sensitive Groups,2,34.8,41,0.0,6.0,221,1007.1,15,35.3,36.7,220.0,2.6,161.0,7.6
2026-04-11 16:00:00,2026,4,11,16,Đồng Tháp,Xã Tân Phú Trung,10.2545007,105.7361294,150,Unhealthy for Sensitive Groups,2,34.8,41,0.0,5.2,229,1006.3,11,35.2,36.7,230.0,5.2,151.0,8.0
2026-04-11 17:00:00,2026,4,11,17,Đồng Tháp,Xã Tân Phú Trung,10.2545007,105.7361294,151,Unhealthy,3,33.7,47,0.0,11.2,258,1006.2,12,41.3,42.6,253.0,13.0,126.0,9.5
2026-04-11 18:00:00,2026,4,11,18,Đồng Tháp,Xã Tân Phú Trung,10.2545007,105.7361294,150,Unhealthy for Sensitive Groups,2,31.0,62,0.0,16.0,262,1007.2,15,54.8,55.9,282.0,23.6,92.0,11.5
2026-04-11 19:00:00,2026,4,11,19,Đồng Tháp,Xã Tân Phú Trung,10.2545007,105.7361294,150,Unhealthy for Sensitive Groups,2,30.5,64,0.0,11.9,241,1008.0,8,61.2,62.4,298.0,30.5,66.0,12.7
2026-04-11 20:00:00,2026,4,11,20,Đồng Tháp,Xã Tân Phú Trung,10.2545007,105.7361294,147,Unhealthy for Sensitive Groups,2,29.4,69,0.0,12.5,215,1008.9,19,56.6,57.7,289.0,29.3,57.0,12.3
2026-04-11 21:00:00,2026,4,11,21,Đồng Tháp,Xã Tân Phú Trung,10.2545007,105.7361294,141,Unhealthy for Sensitive Groups,2,28.9,73,0.0,10.2,221,1009.4,0,52.5,53.9,267.0,27.9,45.0,11.7
2026-04-11 22:00:00,2026,4,11,22,Đồng Tháp,Xã Tân Phú Trung,10.2545007,105.7361294,134,Unhealthy for Sensitive Groups,2,28.3,74,0.0,9.8,208,1009.7,0,52.0,53.7,256.0,27.6,34.0,11.1
2026-04-11 23:00:00,2026,4,11,23,Đồng Tháp,Xã Tân Phú Trung,10.2545007,105.7361294,129,Unhealthy for Sensitive Groups,2,27.6,77,0.0,7.8,195,1009.7,0,55.1,56.8,270.0,29.5,28.0,10.6
2026-04-12 00:00:00,2026,4,12,0,Đồng Tháp,Xã Tân Phú Trung,10.2545007,105.7361294,126,Unhealthy for Sensitive Groups,2,26.9,82,0.0,6.9,194,1009.3,0,60.3,62.2,294.0,32.7,23.0,10.2
2026-04-12 01:00:00,2026,4,12,1,Đồng Tháp,Xã Tân Phú Trung,10.2545007,105.7361294,125,Unhealthy for Sensitive Groups,2,26.2,88,0.0,6.6,196,1008.4,0,66.6,68.5,308.0,35.7,19.0,10.0
2026-04-12 02:00:00,2026,4,12,2,Đồng Tháp,Xã Tân Phú Trung,10.2545007,105.7361294,126,Unhealthy for Sensitive Groups,2,26.0,90,0.0,5.0,199,1008.0,0,71.5,73.3,299.0,38.6,14.0,10.0
2026-04-12 03:00:00,2026,4,12,3,Đồng Tháp,Xã Tân Phú Trung,10.2545007,105.7361294,128,Unhealthy for Sensitive Groups,2,25.5,93,0.0,4.3,202,1007.6,0,76.4,78.0,280.0,41.4,10.0,10.2
2026-04-12 04:00:00,2026,4,12,4,Đồng Tháp,Xã Tân Phú Trung,10.2545007,105.7361294,131,Unhealthy for Sensitive Groups,2,25.1,94,0.0,4.0,190,1007.5,0,82.2,84.1,274.0,42.7,9.0,10.7
2026-04-12 05:00:00,2026,4,12,5,Đồng Tháp,Xã Tân Phú Trung,10.2545007,105.7361294,135,Unhealthy for Sensitive Groups,2,24.9,95,0.0,4.4,168,1008.1,0,88.0,90.1,299.0,42.2,9.0,11.7
2026-04-12 06:00:00,2026,4,12,6,Đồng Tháp,Xã Tân Phú Trung,10.2545007,105.7361294,140,Unhealthy for Sensitive Groups,2,24.7,96,0.0,4.6,149,1008.8,0,92.2,94.3,337.0,40.2,11.0,13.1
2026-04-12 07:00:00,2026,4,12,7,Đồng Tháp,Xã Tân Phú Trung,10.2545007,105.7361294,144,Unhealthy for Sensitive Groups,2,26.7,88,0.0,6.4,135,1009.5,0,82.9,85.0,357.0,30.7,24.0,12.4
2026-04-12 08:00:00,2026,4,12,8,Đồng Tháp,Xã Tân Phú Trung,10.2545007,105.7361294,147,Unhealthy for Sensitive Groups,2,28.8,77,0.0,8.4,161,1010.3,0,67.8,71.2,341.0,24.8,48.0,13.0
2026-04-12 09:00:00,2026,4,12,9,Đồng Tháp,Xã Tân Phú Trung,10.2545007,105.7361294,150,Unhealthy for Sensitive Groups,2,30.6,67,0.0,9.9,171,1010.8,0,48.4,51.7,306.0,16.5,81.0,13.7
2026-04-12 10:00:00,2026,4,12,10,Đồng Tháp,Xã Tân Phú Trung,10.2545007,105.7361294,150,Unhealthy for Sensitive Groups,2,32.2,60,0.0,9.7,177,1010.5,0,42.5,44.1,274.0,9.9,111.0,13.9
2026-04-12 11:00:00,2026,4,12,11,Đồng Tháp,Xã Tân Phú Trung,10.2545007,105.7361294,151,Unhealthy,3,33.6,51,0.0,9.9,184,1010.2,16,41.4,42.8,251.0,6.4,134.0,13.1
2026-04-12 12:00:00,2026,4,12,12,Đồng Tháp,Xã Tân Phú Trung,10.2545007,105.7361294,151,Unhealthy,3,34.6,45,0.0,9.4,185,1009.2,11,40.3,41.6,231.0,4.6,153.0,11.8
2026-04-12 13:00:00,2026,4,12,13,Đồng Tháp,Xã Tân Phú Trung,10.2545007,105.7361294,151,Unhealthy,3,34.6,46,0.0,8.7,214,1008.2,9,37.5,38.9,218.0,3.6,165.0,10.6
2026-04-12 14:00:00,2026,4,12,14,Đồng Tháp,Xã Tân Phú Trung,10.2545007,105.7361294,151,Unhealthy,3,34.8,44,0.0,8.2,221,1006.7,5,35.9,37.4,212.0,2.5,169.0,9.5
2026-04-12 15:00:00,2026,4,12,15,Đồng Tháp,Xã Tân Phú Trung,10.2545007,105.7361294,151,Unhealthy,3,34.8,42,0.0,7.7,219,1005.9,7,35.2,36.7,212.0,2.2,165.0,8.5
2026-04-12 16:00:00,2026,4,12,16,Đồng Tháp,Xã Tân Phú Trung,10.2545007,105.7361294,151,Unhealthy,3,34.8,42,0.0,7.0,193,1005.7,13,35.2,36.7,223.0,5.4,154.0,8.6
2026-04-12 17:00:00,2026,4,12,17,Đồng Tháp,Xã Tân Phú Trung,10.2545007,105.7361294,151,Unhealthy,3,34.1,44,0.0,8.8,163,1005.8,37,42.5,43.8,250.0,15.0,130.0,10.8
2026-04-12 18:00:00,2026,4,12,18,Đồng Tháp,Xã Tân Phú Trung,10.2545007,105.7361294,151,Unhealthy,3,32.0,53,0.0,7.4,176,1006.5,48,61.2,62.2,288.0,28.0,98.0,14.1
2026-04-12 19:00:00,2026,4,12,19,Đồng Tháp,Xã Tân Phú Trung,10.2545007,105.7361294,151,Unhealthy,3,30.6,58,0.0,11.6,231,1007.2,16,76.6,78.7,319.0,37.6,71.0,16.3
2026-04-12 20:00:00,2026,4,12,20,Đồng Tháp,Xã Tân Phú Trung,10.2545007,105.7361294,152,Unhealthy,3,29.9,62,0.0,10.8,204,1008.3,7,76.6,78.5,340.0,37.2,60.0,15.8
2026-04-12 21:00:00,2026,4,12,21,Đồng Tháp,Xã Tân Phú Trung,10.2545007,105.7361294,152,Unhealthy,3,28.9,66,0.0,10.6,184,1008.8,0,70.1,72.2,354.0,36.7,44.0,15.1
2026-04-12 22:00:00,2026,4,12,22,Đồng Tháp,Xã Tân Phú Trung,10.2545007,105.7361294,152,Unhealthy,3,28.0,69,0.0,9.6,166,1009.7,0,68.9,70.8,355.0,36.4,31.0,14.3
2026-04-12 23:00:00,2026,4,12,23,Đồng Tháp,Xã Tân Phú Trung,10.2545007,105.7361294,153,Unhealthy,3,27.4,72,0.0,9.7,155,1009.8,0,70.3,72.2,334.0,36.8,24.0,13.4
2026-04-13 00:00:00,2026,4,13,0,Đồng Tháp,Xã Tân Phú Trung,10.2545007,105.7361294,153,Unhealthy,3,26.9,75,0.0,10.7,166,1009.4,0,70.1,71.7,299.0,37.4,21.0,12.4
2026-04-13 01:00:00,2026,4,13,1,Đồng Tháp,Xã Tân Phú Trung,10.2545007,105.7361294,153,Unhealthy,3,26.4,81,0.0,7.7,179,1008.7,48,67.3,68.9,267.0,37.3,19.0,11.5
2026-04-13 02:00:00,2026,4,13,2,Đồng Tháp,Xã Tân Phú Trung,10.2545007,105.7361294,153,Unhealthy,3,25.9,84,0.0,5.8,180,1008.4,89,61.7,63.6,241.0,35.9,19.0,10.8
2026-04-13 03:00:00,2026,4,13,3,Đồng Tháp,Xã Tân Phú Trung,10.2545007,105.7361294,153,Unhealthy,3,25.5,86,0.0,5.4,176,1008.1,4,56.6,58.6,218.0,33.8,22.0,10.4
2026-04-13 04:00:00,2026,4,13,4,Đồng Tháp,Xã Tân Phú Trung,10.2545007,105.7361294,153,Unhealthy,3,25.2,89,0.0,5.5,171,1008.3,0,54.8,56.8,210.0,31.8,24.0,10.2
2026-04-13 05:00:00,2026,4,13,5,Đồng Tháp,Xã Tân Phú Trung,10.2545007,105.7361294,152,Unhealthy,3,25.0,92,0.0,6.3,177,1009.1,10,55.8,58.0,229.0,30.8,23.0,10.6
2026-04-13 06:00:00,2026,4,13,6,Đồng Tháp,Xã Tân Phú Trung,10.2545007,105.7361294,151,Unhealthy,3,25.0,93,0.0,6.3,178,1010.0,8,57.6,60.1,262.0,29.9,23.0,11.3
2026-04-13 07:00:00,2026,4,13,7,Đồng Tháp,Xã Tân Phú Trung,10.2545007,105.7361294,151,Unhealthy,3,26.8,86,0.0,5.8,166,1010.9,13,63.1,65.2,280.0,28.1,30.0,12.0
2026-04-13 08:00:00,2026,4,13,8,Đồng Tháp,Xã Tân Phú Trung,10.2545007,105.7361294,150,Unhealthy for Sensitive Groups,2,28.9,76,0.0,9.6,172,1011.8,22,47.5,51.0,267.0,22.1,54.0,11.9
2026-04-13 09:00:00,2026,4,13,9,Đồng Tháp,Xã Tân Phú Trung,10.2545007,105.7361294,148,Unhealthy for Sensitive Groups,2,30.4,66,0.0,10.5,174,1012.2,6,34.7,39.1,238.0,13.8,87.0,11.7
2026-04-13 10:00:00,2026,4,13,10,Đồng Tháp,Xã Tân Phú Trung,10.2545007,105.7361294,147,Unhealthy for Sensitive Groups,2,31.9,58,0.0,9.8,174,1012.0,13,30.7,34.7,216.0,7.4,115.0,11.3
2026-04-13 11:00:00,2026,4,13,11,Đồng Tháp,Xã Tân Phú Trung,10.2545007,105.7361294,146,Unhealthy for Sensitive Groups,2,33.2,51,0.0,9.2,177,1011.5,9,27.5,29.0,208.0,4.6,133.0,10.4
2026-04-13 12:00:00,2026,4,13,12,Đồng Tháp,Xã Tân Phú Trung,10.2545007,105.7361294,144,Unhealthy for Sensitive Groups,2,34.3,44,0.0,8.1,179,1010.5,10,27.0,28.3,206.0,3.6,145.0,9.2
2026-04-13 13:00:00,2026,4,13,13,Đồng Tháp,Xã Tân Phú Trung,10.2545007,105.7361294,143,Unhealthy for Sensitive Groups,2,34.2,45,0.0,6.8,192,1009.6,20,26.8,28.0,206.0,3.2,153.0,8.4
2026-04-13 14:00:00,2026,4,13,14,Đồng Tháp,Xã Tân Phú Trung,10.2545007,105.7361294,142,Unhealthy for Sensitive Groups,2,34.5,43,0.1,6.9,186,1008.4,45,26.7,27.9,200.0,2.2,159.0,7.8
2026-04-13 15:00:00,2026,4,13,15,Đồng Tháp,Xã Tân Phú Trung,10.2545007,105.7361294,141,Unhealthy for Sensitive Groups,2,34.2,44,0.2,7.5,170,1007.6,34,26.7,27.9,197.0,1.9,160.0,7.6
2026-04-13 16:00:00,2026,4,13,16,Đồng Tháp,Xã Tân Phú Trung,10.2545007,105.7361294,140,Unhealthy for Sensitive Groups,2,33.7,46,0.0,8.5,167,1007.3,24,27.2,28.4,219.0,4.9,153.0,8.3
2026-04-13 17:00:00,2026,4,13,17,Đồng Tháp,Xã Tân Phú Trung,10.2545007,105.7361294,139,Unhealthy for Sensitive Groups,2,33.0,48,0.0,9.6,166,1007.5,15,38.0,38.9,299.0,14.2,133.0,11.0
2026-04-13 18:00:00,2026,4,13,18,Đồng Tháp,Xã Tân Phú Trung,10.2545007,105.7361294,139,Unhealthy for Sensitive Groups,2,31.9,53,0.0,6.1,161,1008.0,15,56.8,57.6,404.0,26.8,105.0,14.8
2026-04-13 19:00:00,2026,4,13,19,Đồng Tháp,Xã Tân Phú Trung,10.2545007,105.7361294,138,Unhealthy for Sensitive Groups,2,31.0,56,0.0,5.4,180,1008.7,27,98.0,99.9,465.0,44.8,75.0,19.9
2026-04-13 20:00:00,2026,4,13,20,Đồng Tháp,Xã Tân Phú Trung,10.2545007,105.7361294,140,Unhealthy for Sensitive Groups,2,30.1,62,0.0,10.1,175,1009.5,16,102.4,105.0,438.0,46.4,62.0,19.9
2026-04-13 21:00:00,2026,4,13,21,Đồng Tháp,Xã Tân Phú Trung,10.2545007,105.7361294,143,Unhealthy for Sensitive Groups,2,29.1,68,0.0,11.7,176,1010.0,1,99.2,102.4,365.0,48.4,43.0,19.9
2026-04-13 22:00:00,2026,4,13,22,Đồng Tháp,Xã Tân Phú Trung,10.2545007,105.7361294,146,Unhealthy for Sensitive Groups,2,28.2,73,0.0,9.2,179,1010.6,0,95.2,98.0,309.0,49.1,29.0,19.2
2026-04-13 23:00:00,2026,4,13,23,Đồng Tháp,Xã Tân Phú Trung,10.2545007,105.7361294,149,Unhealthy for Sensitive Groups,2,27.6,76,0.0,6.5,180,1010.7,0,88.5,91.3,293.0,47.1,23.0,17.5
2026-04-14 00:00:00,2026,4,14,0,Đồng Tháp,Xã Tân Phú Trung,10.2545007,105.7361294,150,Unhealthy for Sensitive Groups,2,27.0,80,0.0,5.7,162,1010.2,0,80.1,82.4,293.0,43.8,22.0,15.1
2026-04-14 01:00:00,2026,4,14,1,Đồng Tháp,Xã Tân Phú Trung,10.2545007,105.7361294,150,Unhealthy for Sensitive Groups,2,26.6,85,0.0,6.1,152,1009.7,0,72.6,75.2,294.0,40.8,21.0,13.2
2026-04-14 02:00:00,2026,4,14,2,Đồng Tháp,Xã Tân Phú Trung,10.2545007,105.7361294,151,Unhealthy,3,26.2,87,0.0,5.1,157,1009.1,0,66.6,69.4,290.0,38.9,21.0,12.0
2026-04-14 03:00:00,2026,4,14,3,Đồng Tháp,Xã Tân Phú Trung,10.2545007,105.7361294,151,Unhealthy,3,25.9,91,0.0,4.2,168,1008.6,12,63.3,66.1,287.0,37.4,21.0,11.2
2026-04-14 04:00:00,2026,4,14,4,Đồng Tháp,Xã Tân Phú Trung,10.2545007,105.7361294,151,Unhealthy,3,25.6,93,0.0,4.8,165,1008.7,78,62.2,65.0,285.0,35.9,23.0,11.0
2026-04-14 05:00:00,2026,4,14,5,Đồng Tháp,Xã Tân Phú Trung,10.2545007,105.7361294,151,Unhealthy,3,25.4,95,0.0,4.6,154,1009.1,9,63.8,66.8,288.0,34.9,23.0,11.6
2026-04-14 06:00:00,2026,4,14,6,Đồng Tháp,Xã Tân Phú Trung,10.2545007,105.7361294,151,Unhealthy,3,25.1,96,0.0,3.7,145,1009.9,0,69.2,72.4,293.0,33.8,24.0,12.8
2026-04-14 07:00:00,2026,4,14,7,Đồng Tháp,Xã Tân Phú Trung,10.2545007,105.7361294,151,Unhealthy,3,27.0,87,0.0,4.2,149,1010.7,0,68.0,71.2,289.0,30.7,32.0,13.5
2026-04-14 08:00:00,2026,4,14,8,Đồng Tháp,Xã Tân Phú Trung,10.2545007,105.7361294,151,Unhealthy,3,29.0,75,0.0,5.2,166,1011.7,3,47.7,52.0,265.0,23.4,54.0,13.3
2026-04-14 09:00:00,2026,4,14,9,Đồng Tháp,Xã Tân Phú Trung,10.2545007,105.7361294,151,Unhealthy,3,30.5,65,0.0,4.4,159,1012.1,15,32.2,37.6,232.0,13.9,83.0,12.7
