timestamp,year,month,day,hour,province,location,lat,lon,aqi,pollution_level,pollution_class,temp,humidity,rain,wind_speed,wind_dir,pressure,cloud,pm2_5,pm10,co,no2,o3,so2
2025-10-14 17:00:00,2025,10,14,17,Đồng Nai,Phường Tam Hiệp,10.9510733,106.858145,59,Moderate,1,26.1,85,0.4,4.5,76,1006.1,100,17.1,17.8,271.0,29.1,80.0,11.1
2025-10-14 18:00:00,2025,10,14,18,Đồng Nai,Phường Tam Hiệp,10.9510733,106.858145,59,Moderate,1,25.9,90,0.0,6.0,57,1006.2,100,22.5,23.7,325.0,39.8,56.0,12.5
2025-10-14 19:00:00,2025,10,14,19,Đồng Nai,Phường Tam Hiệp,10.9510733,106.858145,59,Moderate,1,26.2,96,0.0,5.5,17,1006.9,100,35.7,37.3,367.0,57.8,26.0,14.8
2025-10-14 20:00:00,2025,10,14,20,Đồng Nai,Phường Tam Hiệp,10.9510733,106.858145,60,Moderate,1,26.5,96,0.0,4.3,42,1007.8,100,38.8,40.3,390.0,57.6,21.0,14.4
2025-10-14 21:00:00,2025,10,14,21,Đồng Nai,Phường Tam Hiệp,10.9510733,106.858145,61,Moderate,1,26.4,94,0.0,5.5,77,1007.9,100,37.0,38.4,402.0,57.2,14.0,13.8
2025-10-14 22:00:00,2025,10,14,22,Đồng Nai,Phường Tam Hiệp,10.9510733,106.858145,62,Moderate,1,26.0,94,0.0,3.4,84,1007.9,100,36.4,37.6,405.0,56.4,9.0,13.4
2025-10-14 23:00:00,2025,10,14,23,Đồng Nai,Phường Tam Hiệp,10.9510733,106.858145,63,Moderate,1,25.8,92,0.0,1.7,77,1007.6,100,35.7,36.9,398.0,54.6,8.0,13.2
2025-10-15 00:00:00,2025,10,15,0,Đồng Nai,Phường Tam Hiệp,10.9510733,106.858145,64,Moderate,1,25.4,93,0.0,3.1,87,1007.3,100,34.0,35.3,382.0,52.3,9.0,13.1
2025-10-15 01:00:00,2025,10,15,1,Đồng Nai,Phường Tam Hiệp,10.9510733,106.858145,66,Moderate,1,26.0,95,0.0,3.3,103,1007.0,100,32.7,34.0,364.0,51.3,9.0,13.4
2025-10-15 02:00:00,2025,10,15,2,Đồng Nai,Phường Tam Hiệp,10.9510733,106.858145,67,Moderate,1,25.8,94,0.0,5.3,100,1006.2,100,32.4,33.5,336.0,53.1,7.0,14.3
2025-10-15 03:00:00,2025,10,15,3,Đồng Nai,Phường Tam Hiệp,10.9510733,106.858145,69,Moderate,1,25.2,94,0.0,3.5,75,1006.1,100,34.5,35.6,305.0,56.1,3.0,15.6
2025-10-15 04:00:00,2025,10,15,4,Đồng Nai,Phường Tam Hiệp,10.9510733,106.858145,71,Moderate,1,24.9,95,0.0,3.6,70,1005.8,99,37.5,38.9,299.0,57.2,3.0,16.6
2025-10-15 05:00:00,2025,10,15,5,Đồng Nai,Phường Tam Hiệp,10.9510733,106.858145,73,Moderate,1,24.5,96,0.0,3.8,73,1005.6,98,41.3,42.6,349.0,55.2,5.0,17.5
2025-10-15 06:00:00,2025,10,15,6,Đồng Nai,Phường Tam Hiệp,10.9510733,106.858145,75,Moderate,1,24.5,95,0.0,5.2,70,1006.1,78,50.1,50.8,424.0,51.3,10.0,18.1
2025-10-15 07:00:00,2025,10,15,7,Đồng Nai,Phường Tam Hiệp,10.9510733,106.858145,79,Moderate,1,26.1,91,0.0,5.0,41,1007.0,84,40.4,41.0,459.0,36.4,30.0,11.6
2025-10-15 08:00:00,2025,10,15,8,Đồng Nai,Phường Tam Hiệp,10.9510733,106.858145,81,Moderate,1,27.7,85,0.0,4.6,54,1007.5,41,27.1,27.9,413.0,29.6,49.0,10.2
2025-10-15 09:00:00,2025,10,15,9,Đồng Nai,Phường Tam Hiệp,10.9510733,106.858145,82,Moderate,1,29.2,77,0.0,4.7,58,1007.6,17,21.4,22.2,326.0,20.1,75.0,8.2
2025-10-15 10:00:00,2025,10,15,10,Đồng Nai,Phường Tam Hiệp,10.9510733,106.858145,83,Moderate,1,30.5,70,0.0,5.9,55,1007.5,63,17.3,18.0,255.0,12.6,96.0,6.6
2025-10-15 11:00:00,2025,10,15,11,Đồng Nai,Phường Tam Hiệp,10.9510733,106.858145,83,Moderate,1,31.2,65,0.0,7.1,56,1006.9,100,14.5,15.1,220.0,8.8,109.0,5.6
2025-10-15 12:00:00,2025,10,15,12,Đồng Nai,Phường Tam Hiệp,10.9510733,106.858145,84,Moderate,1,31.9,62,0.0,6.3,63,1005.9,52,13.9,14.4,200.0,6.9,117.0,4.9
2025-10-15 13:00:00,2025,10,15,13,Đồng Nai,Phường Tam Hiệp,10.9510733,106.858145,84,Moderate,1,32.0,60,0.0,6.5,46,1005.2,14,14.2,14.8,191.0,7.0,117.0,4.6
2025-10-15 14:00:00,2025,10,15,14,Đồng Nai,Phường Tam Hiệp,10.9510733,106.858145,84,Moderate,1,32.3,60,0.0,6.6,29,1003.9,13,14.1,14.7,190.0,8.9,107.0,4.7
2025-10-15 15:00:00,2025,10,15,15,Đồng Nai,Phường Tam Hiệp,10.9510733,106.858145,84,Moderate,1,30.4,67,1.5,11.7,81,1003.8,100,13.9,14.4,200.0,12.7,89.0,5.3
2025-10-15 16:00:00,2025,10,15,16,Đồng Nai,Phường Tam Hiệp,10.9510733,106.858145,84,Moderate,1,26.8,85,2.0,4.8,56,1004.1,91,13.3,14.1,228.0,18.4,71.0,6.4
2025-10-15 17:00:00,2025,10,15,17,Đồng Nai,Phường Tam Hiệp,10.9510733,106.858145,84,Moderate,1,26.9,85,0.0,4.2,31,1004.3,45,15.1,16.3,287.0,27.4,52.0,8.1
2025-10-15 18:00:00,2025,10,15,18,Đồng Nai,Phường Tam Hiệp,10.9510733,106.858145,84,Moderate,1,26.5,88,0.0,1.8,315,1004.7,92,17.2,18.5,364.0,38.3,31.0,10.2
2025-10-15 19:00:00,2025,10,15,19,Đồng Nai,Phường Tam Hiệp,10.9510733,106.858145,84,Moderate,1,27.2,90,0.0,2.0,280,1004.7,100,27.7,29.2,426.0,52.9,11.0,15.1
2025-10-15 20:00:00,2025,10,15,20,Đồng Nai,Phường Tam Hiệp,10.9510733,106.858145,83,Moderate,1,27.0,92,0.0,4.1,299,1005.7,100,31.7,33.2,468.0,53.1,9.0,18.2
2025-10-15 21:00:00,2025,10,15,21,Đồng Nai,Phường Tam Hiệp,10.9510733,106.858145,82,Moderate,1,26.6,95,0.0,3.1,315,1006.3,98,39.6,41.1,496.0,53.5,7.0,22.5
2025-10-15 22:00:00,2025,10,15,22,Đồng Nai,Phường Tam Hiệp,10.9510733,106.858145,83,Moderate,1,26.2,96,0.0,4.9,298,1006.6,88,45.8,47.1,494.0,53.9,5.0,25.9
2025-10-15 23:00:00,2025,10,15,23,Đồng Nai,Phường Tam Hiệp,10.9510733,106.858145,83,Moderate,1,26.0,95,0.0,6.1,328,1006.2,100,44.1,45.6,441.0,54.5,4.0,27.6
2025-10-16 00:00:00,2025,10,16,0,Đồng Nai,Phường Tam Hiệp,10.9510733,106.858145,84,Moderate,1,25.9,94,0.0,6.7,340,1005.7,99,44.5,45.9,359.0,55.2,3.0,28.5
2025-10-16 01:00:00,2025,10,16,1,Đồng Nai,Phường Tam Hiệp,10.9510733,106.858145,85,Moderate,1,25.4,95,0.0,8.4,326,1005.9,75,42.6,43.9,298.0,55.2,3.0,29.2
2025-10-16 02:00:00,2025,10,16,2,Đồng Nai,Phường Tam Hiệp,10.9510733,106.858145,86,Moderate,1,25.1,95,0.0,9.0,308,1005.0,68,41.2,42.5,281.0,54.5,3.0,29.8
2025-10-16 03:00:00,2025,10,16,3,Đồng Nai,Phường Tam Hiệp,10.9510733,106.858145,87,Moderate,1,25.0,96,0.0,7.3,310,1005.2,70,41.7,42.6,284.0,53.1,3.0,30.2
2025-10-16 04:00:00,2025,10,16,4,Đồng Nai,Phường Tam Hiệp,10.9510733,106.858145,87,Moderate,1,24.9,97,0.0,6.7,306,1005.5,96,41.8,42.1,287.0,51.1,5.0,30.5
2025-10-16 05:00:00,2025,10,16,5,Đồng Nai,Phường Tam Hiệp,10.9510733,106.858145,88,Moderate,1,24.8,98,0.0,5.7,307,1005.7,99,40.5,40.7,283.0,48.5,9.0,31.6
2025-10-16 06:00:00,2025,10,16,6,Đồng Nai,Phường Tam Hiệp,10.9510733,106.858145,88,Moderate,1,24.7,99,0.0,6.7,308,1006.0,99,39.9,40.2,278.0,45.2,15.0,32.7
2025-10-16 07:00:00,2025,10,16,7,Đồng Nai,Phường Tam Hiệp,10.9510733,106.858145,87,Moderate,1,26.1,93,0.0,6.8,342,1006.4,100,48.1,48.5,273.0,41.0,27.0,33.3
2025-10-16 08:00:00,2025,10,16,8,Đồng Nai,Phường Tam Hiệp,10.9510733,106.858145,88,Moderate,1,27.3,84,0.0,5.6,21,1007.0,83,43.1,43.5,270.0,36.4,48.0,29.0
2025-10-16 09:00:00,2025,10,16,9,Đồng Nai,Phường Tam Hiệp,10.9510733,106.858145,89,Moderate,1,28.5,78,0.0,4.6,39,1007.5,100,38.4,39.1,267.0,30.0,78.0,22.9
2025-10-16 10:00:00,2025,10,16,10,Đồng Nai,Phường Tam Hiệp,10.9510733,106.858145,90,Moderate,1,30.0,73,0.0,3.7,55,1007.6,100,32.6,33.4,259.0,24.0,101.0,17.3
2025-10-16 11:00:00,2025,10,16,11,Đồng Nai,Phường Tam Hiệp,10.9510733,106.858145,92,Moderate,1,31.2,67,0.0,6.2,83,1006.5,67,26.4,27.2,239.0,18.7,113.0,12.8
2025-10-16 12:00:00,2025,10,16,12,Đồng Nai,Phường Tam Hiệp,10.9510733,106.858145,93,Moderate,1,32.1,63,0.0,6.7,87,1005.4,27,22.1,22.9,214.0,13.9,119.0,8.9
2025-10-16 13:00:00,2025,10,16,13,Đồng Nai,Phường Tam Hiệp,10.9510733,106.858145,94,Moderate,1,32.7,59,0.0,8.5,73,1004.4,74,19.2,20.0,199.0,11.0,118.0,6.2
2025-10-16 14:00:00,2025,10,16,14,Đồng Nai,Phường Tam Hiệp,10.9510733,106.858145,94,Moderate,1,28.9,75,2.1,11.1,47,1004.0,83,15.5,16.5,189.0,10.0,110.0,5.0
2025-10-16 15:00:00,2025,10,16,15,Đồng Nai,Phường Tam Hiệp,10.9510733,106.858145,94,Moderate,1,30.0,72,0.1,6.8,40,1003.4,99,13.0,14.5,188.0,10.9,96.0,4.9
2025-10-16 16:00:00,2025,10,16,16,Đồng Nai,Phường Tam Hiệp,10.9510733,106.858145,94,Moderate,1,29.7,74,0.4,6.3,323,1003.4,100,13.1,13.6,223.0,15.1,80.0,5.8
2025-10-16 17:00:00,2025,10,16,17,Đồng Nai,Phường Tam Hiệp,10.9510733,106.858145,94,Moderate,1,28.4,81,0.0,8.0,301,1004.0,100,14.0,15.0,313.0,25.4,59.0,8.0
2025-10-16 18:00:00,2025,10,16,18,Đồng Nai,Phường Tam Hiệp,10.9510733,106.858145,94,Moderate,1,27.0,89,0.0,5.8,240,1004.7,100,17.9,18.8,440.0,38.9,35.0,11.1
2025-10-16 19:00:00,2025,10,16,19,Đồng Nai,Phường Tam Hiệp,10.9510733,106.858145,94,Moderate,1,27.2,89,0.0,3.5,195,1004.9,98,27.0,27.7,571.0,48.1,14.0,11.0
2025-10-16 20:00:00,2025,10,16,20,Đồng Nai,Phường Tam Hiệp,10.9510733,106.858145,94,Moderate,1,27.0,89,0.0,1.8,174,1005.7,100,31.2,32.0,709.0,47.8,13.0,11.9
2025-10-16 21:00:00,2025,10,16,21,Đồng Nai,Phường Tam Hiệp,10.9510733,106.858145,94,Moderate,1,27.0,89,0.0,2.8,145,1006.3,100,32.0,32.8,852.0,47.4,10.0,13.1
2025-10-16 22:00:00,2025,10,16,22,Đồng Nai,Phường Tam Hiệp,10.9510733,106.858145,93,Moderate,1,26.5,90,0.0,3.6,117,1006.4,100,33.9,34.7,961.0,46.9,9.0,14.3
2025-10-16 23:00:00,2025,10,16,23,Đồng Nai,Phường Tam Hiệp,10.9510733,106.858145,92,Moderate,1,26.0,90,0.0,3.8,45,1006.9,100,34.5,35.2,1039.0,46.0,9.0,15.0
2025-10-17 00:00:00,2025,10,17,0,Đồng Nai,Phường Tam Hiệp,10.9510733,106.858145,91,Moderate,1,25.6,91,0.0,3.7,55,1006.9,97,34.7,35.4,1083.0,45.1,9.0,15.5
2025-10-17 01:00:00,2025,10,17,1,Đồng Nai,Phường Tam Hiệp,10.9510733,106.858145,90,Moderate,1,25.5,91,0.0,2.8,50,1006.4,100,34.5,35.3,1044.0,45.1,9.0,16.8
2025-10-17 02:00:00,2025,10,17,2,Đồng Nai,Phường Tam Hiệp,10.9510733,106.858145,90,Moderate,1,25.3,92,0.0,4.8,70,1005.6,90,35.6,36.0,856.0,47.3,7.0,19.2
2025-10-17 03:00:00,2025,10,17,3,Đồng Nai,Phường Tam Hiệp,10.9510733,106.858145,89,Moderate,1,25.0,94,0.0,4.3,73,1005.2,96,36.1,36.3,586.0,50.4,6.0,22.4
2025-10-17 04:00:00,2025,10,17,4,Đồng Nai,Phường Tam Hiệp,10.9510733,106.858145,89,Moderate,1,24.9,95,0.0,3.2,52,1005.4,95,34.8,34.9,384.0,51.7,6.0,25.4
2025-10-17 05:00:00,2025,10,17,5,Đồng Nai,Phường Tam Hiệp,10.9510733,106.858145,88,Moderate,1,24.8,98,0.0,5.8,353,1006.3,100,33.5,33.6,328.0,49.6,8.0,28.7
2025-10-17 06:00:00,2025,10,17,6,Đồng Nai,Phường Tam Hiệp,10.9510733,106.858145,88,Moderate,1,24.7,97,0.0,6.8,331,1007.0,100,34.9,35.0,342.0,45.6,12.0,31.8
2025-10-17 07:00:00,2025,10,17,7,Đồng Nai,Phường Tam Hiệp,10.9510733,106.858145,87,Moderate,1,26.4,95,0.0,6.1,320,1007.7,100,33.2,33.4,345.0,40.7,27.0,31.0
2025-10-17 08:00:00,2025,10,17,8,Đồng Nai,Phường Tam Hiệp,10.9510733,106.858145,86,Moderate,1,28.1,85,0.0,6.4,333,1008.3,100,31.4,31.7,305.0,37.2,53.0,28.8
2025-10-17 09:00:00,2025,10,17,9,Đồng Nai,Phường Tam Hiệp,10.9510733,106.858145,85,Moderate,1,29.6,76,0.0,6.9,330,1008.5,100,29.6,29.9,255.0,32.2,89.0,25.5
2025-10-17 10:00:00,2025,10,17,10,Đồng Nai,Phường Tam Hiệp,10.9510733,106.858145,84,Moderate,1,30.7,70,0.1,4.8,333,1008.9,97,25.3,25.6,215.0,27.0,119.0,21.9
2025-10-17 11:00:00,2025,10,17,11,Đồng Nai,Phường Tam Hiệp,10.9510733,106.858145,83,Moderate,1,31.2,67,0.0,4.8,335,1007.7,100,21.0,21.5,194.0,20.8,139.0,17.6
2025-10-17 12:00:00,2025,10,17,12,Đồng Nai,Phường Tam Hiệp,10.9510733,106.858145,83,Moderate,1,31.8,66,0.0,3.3,13,1006.6,100,19.5,20.0,183.0,14.4,153.0,13.0
2025-10-17 13:00:00,2025,10,17,13,Đồng Nai,Phường Tam Hiệp,10.9510733,106.858145,83,Moderate,1,32.2,62,0.1,5.6,105,1005.5,100,19.2,19.6,175.0,11.2,155.0,9.7
2025-10-17 14:00:00,2025,10,17,14,Đồng Nai,Phường Tam Hiệp,10.9510733,106.858145,83,Moderate,1,32.5,61,0.0,8.9,128,1004.5,100,17.2,17.8,164.0,12.9,137.0,8.3
2025-10-17 15:00:00,2025,10,17,15,Đồng Nai,Phường Tam Hiệp,10.9510733,106.858145,83,Moderate,1,29.7,71,0.7,4.1,139,1004.3,100,14.6,15.1,156.0,17.8,108.0,8.2
2025-10-17 16:00:00,2025,10,17,16,Đồng Nai,Phường Tam Hiệp,10.9510733,106.858145,83,Moderate,1,29.6,74,0.0,3.6,210,1004.1,100,15.5,17.1,167.0,24.7,79.0,8.9
2025-10-17 17:00:00,2025,10,17,17,Đồng Nai,Phường Tam Hiệp,10.9510733,106.858145,83,Moderate,1,28.7,79,0.2,5.6,107,1004.6,100,17.9,19.7,210.0,34.7,55.0,10.6
2025-10-17 18:00:00,2025,10,17,18,Đồng Nai,Phường Tam Hiệp,10.9510733,106.858145,83,Moderate,1,27.7,85,0.0,6.3,27,1005.2,100,20.6,22.1,270.0,46.5,33.0,13.0
2025-10-17 19:00:00,2025,10,17,19,Đồng Nai,Phường Tam Hiệp,10.9510733,106.858145,84,Moderate,1,25.6,92,0.0,1.9,319,1005.5,100,29.9,31.8,322.0,54.4,14.0,14.7
2025-10-17 20:00:00,2025,10,17,20,Đồng Nai,Phường Tam Hiệp,10.9510733,106.858145,84,Moderate,1,25.8,96,0.0,4.3,338,1006.9,100,34.1,35.9,356.0,53.2,12.0,15.8
2025-10-17 21:00:00,2025,10,17,21,Đồng Nai,Phường Tam Hiệp,10.9510733,106.858145,84,Moderate,1,25.4,94,0.1,11.7,9,1007.2,100,38.9,40.6,381.0,51.6,10.0,17.5
2025-10-17 22:00:00,2025,10,17,22,Đồng Nai,Phường Tam Hiệp,10.9510733,106.858145,85,Moderate,1,25.3,96,0.0,4.0,355,1007.4,100,43.8,45.5,396.0,51.2,8.0,19.9
2025-10-17 23:00:00,2025,10,17,23,Đồng Nai,Phường Tam Hiệp,10.9510733,106.858145,86,Moderate,1,25.4,97,0.0,2.6,344,1007.0,100,41.7,43.8,396.0,53.6,7.0,23.9
2025-10-18 00:00:00,2025,10,18,0,Đồng Nai,Phường Tam Hiệp,10.9510733,106.858145,86,Moderate,1,25.1,99,0.0,1.7,302,1006.5,100,43.7,45.9,387.0,57.2,8.0,28.7
2025-10-18 01:00:00,2025,10,18,1,Đồng Nai,Phường Tam Hiệp,10.9510733,106.858145,87,Moderate,1,25.6,98,0.0,0.9,307,1006.0,100,45.4,47.6,386.0,59.1,8.0,31.5
2025-10-18 02:00:00,2025,10,18,2,Đồng Nai,Phường Tam Hiệp,10.9510733,106.858145,88,Moderate,1,25.7,97,0.0,2.0,63,1006.2,100,46.6,48.8,408.0,57.4,8.0,30.4
2025-10-18 03:00:00,2025,10,18,3,Đồng Nai,Phường Tam Hiệp,10.9510733,106.858145,89,Moderate,1,25.5,98,0.0,1.9,343,1005.5,100,44.6,46.9,438.0,54.0,9.0,27.3
2025-10-18 04:00:00,2025,10,18,4,Đồng Nai,Phường Tam Hiệp,10.9510733,106.858145,90,Moderate,1,25.3,99,0.0,1.3,34,1005.4,100,41.8,43.9,453.0,51.2,11.0,25.6
2025-10-18 05:00:00,2025,10,18,5,Đồng Nai,Phường Tam Hiệp,10.9510733,106.858145,90,Moderate,1,25.0,95,0.3,1.7,139,1005.9,100,40.3,41.8,442.0,50.5,14.0,27.6
2025-10-18 06:00:00,2025,10,18,6,Đồng Nai,Phường Tam Hiệp,10.9510733,106.858145,91,Moderate,1,25.2,96,0.1,0.3,315,1006.6,100,43.7,44.6,416.0,50.5,19.0,31.1
2025-10-18 07:00:00,2025,10,18,7,Đồng Nai,Phường Tam Hiệp,10.9510733,106.858145,92,Moderate,1,26.0,91,1.3,3.5,12,1007.0,100,31.5,33.9,383.0,43.3,15.0,25.0
2025-10-18 08:00:00,2025,10,18,8,Đồng Nai,Phường Tam Hiệp,10.9510733,106.858145,92,Moderate,1,27.5,83,0.0,4.7,342,1007.2,99,27.8,30.5,341.0,38.8,28.0,22.0
2025-10-18 09:00:00,2025,10,18,9,Đồng Nai,Phường Tam Hiệp,10.9510733,106.858145,91,Moderate,1,29.0,76,0.0,4.1,13,1007.9,95,24.2,27.1,293.0,32.5,46.0,17.7
2025-10-18 10:00:00,2025,10,18,10,Đồng Nai,Phường Tam Hiệp,10.9510733,106.858145,91,Moderate,1,30.1,70,0.1,3.1,54,1008.3,96,20.7,23.5,256.0,26.6,62.0,13.7
2025-10-18 11:00:00,2025,10,18,11,Đồng Nai,Phường Tam Hiệp,10.9510733,106.858145,90,Moderate,1,30.5,69,0.1,1.9,17,1007.4,89,16.1,17.9,238.0,21.4,75.0,10.2
2025-10-18 12:00:00,2025,10,18,12,Đồng Nai,Phường Tam Hiệp,10.9510733,106.858145,90,Moderate,1,30.9,67,0.0,2.6,335,1006.0,100,13.9,15.1,230.0,16.7,87.0,6.9
2025-10-18 13:00:00,2025,10,18,13,Đồng Nai,Phường Tam Hiệp,10.9510733,106.858145,90,Moderate,1,31.8,62,0.0,3.7,14,1004.9,99,12.2,13.2,224.0,14.3,91.0,4.9
2025-10-18 14:00:00,2025,10,18,14,Đồng Nai,Phường Tam Hiệp,10.9510733,106.858145,89,Moderate,1,29.8,71,4.8,13.8,156,1004.2,100,11.4,13.2,211.0,14.9,85.0,4.8
2025-10-18 15:00:00,2025,10,18,15,Đồng Nai,Phường Tam Hiệp,10.9510733,106.858145,88,Moderate,1,27.1,85,7.3,6.9,99,1004.5,100,12.4,14.0,199.0,17.7,73.0,6.0
2025-10-18 16:00:00,2025,10,18,16,Đồng Nai,Phường Tam Hiệp,10.9510733,106.858145,88,Moderate,1,27.5,84,0.1,4.3,68,1004.8,100,12.5,13.6,205.0,22.2,59.0,7.5
2025-10-18 17:00:00,2025,10,18,17,Đồng Nai,Phường Tam Hiệp,10.9510733,106.858145,88,Moderate,1,26.9,87,0.1,5.2,22,1005.4,100,12.5,13.6,240.0,29.3,45.0,9.1
2025-10-18 18:00:00,2025,10,18,18,Đồng Nai,Phường Tam Hiệp,10.9510733,106.858145,87,Moderate,1,25.8,91,0.7,7.9,343,1005.9,100,15.3,16.4,293.0,38.0,30.0,11.0
2025-10-18 19:00:00,2025,10,18,19,Đồng Nai,Phường Tam Hiệp,10.9510733,106.858145,87,Moderate,1,24.6,97,0.0,5.0,272,1006.0,99,19.2,20.7,345.0,43.2,20.0,11.8
2025-10-18 20:00:00,2025,10,18,20,Đồng Nai,Phường Tam Hiệp,10.9510733,106.858145,86,Moderate,1,24.9,97,0.0,2.3,212,1006.4,100,20.1,21.7,397.0,44.2,16.0,11.8
2025-10-18 21:00:00,2025,10,18,21,Đồng Nai,Phường Tam Hiệp,10.9510733,106.858145,85,Moderate,1,24.9,98,0.0,1.9,202,1006.2,100,21.2,22.9,447.0,45.7,10.0,11.8
2025-10-18 22:00:00,2025,10,18,22,Đồng Nai,Phường Tam Hiệp,10.9510733,106.858145,83,Moderate,1,24.9,97,0.0,2.4,163,1006.1,100,24.3,26.0,471.0,46.9,6.0,12.2
2025-10-18 23:00:00,2025,10,18,23,Đồng Nai,Phường Tam Hiệp,10.9510733,106.858145,81,Moderate,1,25.0,96,0.0,0.4,243,1006.3,100,26.5,28.4,451.0,47.8,4.0,13.0
2025-10-19 00:00:00,2025,10,19,0,Đồng Nai,Phường Tam Hiệp,10.9510733,106.858145,80,Moderate,1,25.0,96,0.0,0.4,270,1005.9,100,28.8,30.6,405.0,48.5,3.0,14.1
2025-10-19 01:00:00,2025,10,19,1,Đồng Nai,Phường Tam Hiệp,10.9510733,106.858145,79,Moderate,1,25.4,94,0.0,2.6,348,1005.4,100,27.6,29.5,361.0,48.6,2.0,15.5
2025-10-19 02:00:00,2025,10,19,2,Đồng Nai,Phường Tam Hiệp,10.9510733,106.858145,77,Moderate,1,25.2,96,0.0,5.5,333,1004.5,100,27.4,29.1,324.0,48.0,2.0,17.2
2025-10-19 03:00:00,2025,10,19,3,Đồng Nai,Phường Tam Hiệp,10.9510733,106.858145,76,Moderate,1,25.1,97,0.0,4.8,347,1004.1,100,27.3,28.8,288.0,46.8,2.0,19.2
2025-10-19 04:00:00,2025,10,19,4,Đồng Nai,Phường Tam Hiệp,10.9510733,106.858145,74,Moderate,1,25.0,98,0.0,5.4,334,1004.0,100,27.2,28.6,267.0,45.3,4.0,21.5
2025-10-19 05:00:00,2025,10,19,5,Đồng Nai,Phường Tam Hiệp,10.9510733,106.858145,73,Moderate,1,24.8,97,0.0,6.4,333,1004.2,100,28.1,29.2,273.0,43.9,7.0,25.2
2025-10-19 06:00:00,2025,10,19,6,Đồng Nai,Phường Tam Hiệp,10.9510733,106.858145,72,Moderate,1,24.6,98,0.0,7.6,335,1005.0,98,31.3,32.2,294.0,42.2,13.0,29.1
2025-10-19 07:00:00,2025,10,19,7,Đồng Nai,Phường Tam Hiệp,10.9510733,106.858145,71,Moderate,1,25.9,93,0.0,7.0,337,1005.6,91,24.7,26.4,301.0,34.6,25.0,24.7
2025-10-19 08:00:00,2025,10,19,8,Đồng Nai,Phường Tam Hiệp,10.9510733,106.858145,70,Moderate,1,27.3,87,0.0,6.5,328,1006.2,80,23.3,24.4,279.0,30.7,40.0,22.6
2025-10-19 09:00:00,2025,10,19,9,Đồng Nai,Phường Tam Hiệp,10.9510733,106.858145,70,Moderate,1,28.6,80,0.0,7.4,317,1006.6,88,18.6,19.2,243.0,25.3,61.0,19.6
2025-10-19 10:00:00,2025,10,19,10,Đồng Nai,Phường Tam Hiệp,10.9510733,106.858145,69,Moderate,1,29.9,74,0.0,6.8,307,1006.4,82,17.5,18.0,213.0,20.8,81.0,17.2
2025-10-19 11:00:00,2025,10,19,11,Đồng Nai,Phường Tam Hiệp,10.9510733,106.858145,69,Moderate,1,31.0,67,0.0,6.4,324,1005.5,84,17.6,18.0,194.0,17.9,100.0,15.7
2025-10-19 12:00:00,2025,10,19,12,Đồng Nai,Phường Tam Hiệp,10.9510733,106.858145,69,Moderate,1,31.5,64,0.0,5.9,342,1004.4,95,17.6,18.0,180.0,15.9,118.0,14.6
2025-10-19 13:00:00,2025,10,19,13,Đồng Nai,Phường Tam Hiệp,10.9510733,106.858145,69,Moderate,1,32.3,61,0.0,6.8,333,1003.6,97,19.0,19.4,172.0,15.3,132.0,14.2
2025-10-19 14:00:00,2025,10,19,14,Đồng Nai,Phường Tam Hiệp,10.9510733,106.858145,70,Moderate,1,32.7,60,0.0,5.6,333,1002.5,91,20.7,21.1,170.0,15.4,145.0,14.4
2025-10-19 15:00:00,2025,10,19,15,Đồng Nai,Phường Tam Hiệp,10.9510733,106.858145,71,Moderate,1,31.9,61,0.4,7.5,350,1001.8,44,22.3,22.6,173.0,16.9,154.0,15.3
2025-10-19 16:00:00,2025,10,19,16,Đồng Nai,Phường Tam Hiệp,10.9510733,106.858145,72,Moderate,1,31.2,65,0.7,6.9,9,1002.4,59,25.3,25.6,183.0,22.0,151.0,16.5
2025-10-19 17:00:00,2025,10,19,17,Đồng Nai,Phường Tam Hiệp,10.9510733,106.858145,73,Moderate,1,30.1,75,0.0,3.6,45,1003.0,27,30.6,30.9,197.0,33.2,129.0,17.9
2025-10-19 18:00:00,2025,10,19,18,Đồng Nai,Phường Tam Hiệp,10.9510733,106.858145,81,Moderate,1,29.2,81,0.0,0.6,72,1003.3,9,37.1,37.6,218.0,48.1,95.0,19.7
2025-10-19 19:00:00,2025,10,19,19,Đồng Nai,Phường Tam Hiệp,10.9510733,106.858145,84,Moderate,1,27.7,86,0.0,1.3,315,1004.1,85,47.7,48.5,253.0,60.9,54.0,22.5
2025-10-19 20:00:00,2025,10,19,20,Đồng Nai,Phường Tam Hiệp,10.9510733,106.858145,79,Moderate,1,27.6,85,0.0,0.6,34,1005.1,99,61.0,61.7,311.0,69.8,42.0,26.1
2025-10-19 21:00:00,2025,10,19,21,Đồng Nai,Phường Tam Hiệp,10.9510733,106.858145,82,Moderate,1,27.2,88,0.0,2.8,75,1005.1,99,66.4,67.1,384.0,82.1,26.0,31.0
2025-10-19 22:00:00,2025,10,19,22,Đồng Nai,Phường Tam Hiệp,10.9510733,106.858145,86,Moderate,1,26.8,92,0.0,3.4,133,1005.3,63,73.3,74.0,452.0,91.0,14.0,34.6
2025-10-19 23:00:00,2025,10,19,23,Đồng Nai,Phường Tam Hiệp,10.9510733,106.858145,91,Moderate,1,26.5,94,0.0,3.4,177,1005.4,15,75.9,76.8,520.0,93.4,11.0,35.0
2025-10-20 00:00:00,2025,10,20,0,Đồng Nai,Phường Tam Hiệp,10.9510733,106.858145,95,Moderate,1,26.5,93,0.0,4.4,258,1005.4,13,71.9,72.9,585.0,92.4,13.0,34.0
2025-10-20 01:00:00,2025,10,20,1,Đồng Nai,Phường Tam Hiệp,10.9510733,106.858145,99,Moderate,1,26.2,97,0.0,7.5,246,1004.5,27,67.1,68.0,614.0,90.9,14.0,34.3
2025-10-20 02:00:00,2025,10,20,2,Đồng Nai,Phường Tam Hiệp,10.9510733,106.858145,103,Unhealthy for Sensitive Groups,2,26.0,95,0.0,5.4,262,1004.1,93,58.9,59.6,588.0,90.7,9.0,37.6
2025-10-20 03:00:00,2025,10,20,3,Đồng Nai,Phường Tam Hiệp,10.9510733,106.858145,106,Unhealthy for Sensitive Groups,2,25.5,95,0.0,6.3,272,1003.9,100,57.3,57.9,527.0,89.9,4.0,42.3
2025-10-20 04:00:00,2025,10,20,4,Đồng Nai,Phường Tam Hiệp,10.9510733,106.858145,109,Unhealthy for Sensitive Groups,2,25.1,96,0.0,7.1,285,1003.9,99,56.9,57.5,461.0,86.6,2.0,46.2
2025-10-20 05:00:00,2025,10,20,5,Đồng Nai,Phường Tam Hiệp,10.9510733,106.858145,112,Unhealthy for Sensitive Groups,2,25.0,98,0.0,7.6,301,1003.9,99,56.3,56.9,393.0,79.0,6.0,49.5
2025-10-20 06:00:00,2025,10,20,6,Đồng Nai,Phường Tam Hiệp,10.9510733,106.858145,115,Unhealthy for Sensitive Groups,2,25.0,97,0.0,8.2,303,1004.4,98,58.8,59.4,319.0,68.8,15.0,52.1
2025-10-20 07:00:00,2025,10,20,7,Đồng Nai,Phường Tam Hiệp,10.9510733,106.858145,118,Unhealthy for Sensitive Groups,2,26.6,91,0.0,7.0,293,1005.1,100,59.0,60.1,261.0,60.8,30.0,48.0
2025-10-20 08:00:00,2025,10,20,8,Đồng Nai,Phường Tam Hiệp,10.9510733,106.858145,122,Unhealthy for Sensitive Groups,2,28.2,84,0.0,8.9,306,1006.1,100,39.2,40.0,230.0,48.9,56.0,40.5
2025-10-20 09:00:00,2025,10,20,9,Đồng Nai,Phường Tam Hiệp,10.9510733,106.858145,123,Unhealthy for Sensitive Groups,2,29.5,74,0.1,10.9,333,1006.3,100,29.6,30.2,214.0,32.4,92.0,29.9
2025-10-20 10:00:00,2025,10,20,10,Đồng Nai,Phường Tam Hiệp,10.9510733,106.858145,124,Unhealthy for Sensitive Groups,2,30.4,68,0.0,11.8,353,1005.8,99,23.5,23.9,199.0,19.3,119.0,21.0
2025-10-20 11:00:00,2025,10,20,11,Đồng Nai,Phường Tam Hiệp,10.9510733,106.858145,125,Unhealthy for Sensitive Groups,2,31.4,64,0.1,10.5,12,1004.9,100,19.7,20.0,178.0,12.3,131.0,15.3
2025-10-20 12:00:00,2025,10,20,12,Đồng Nai,Phường Tam Hiệp,10.9510733,106.858145,125,Unhealthy for Sensitive Groups,2,32.2,62,0.1,9.7,3,1004.0,100,16.7,16.9,158.0,8.7,134.0,11.1
2025-10-20 13:00:00,2025,10,20,13,Đồng Nai,Phường Tam Hiệp,10.9510733,106.858145,125,Unhealthy for Sensitive Groups,2,33.0,56,0.0,6.0,351,1003.1,100,13.6,13.8,147.0,8.4,131.0,8.5
2025-10-20 14:00:00,2025,10,20,14,Đồng Nai,Phường Tam Hiệp,10.9510733,106.858145,125,Unhealthy for Sensitive Groups,2,33.2,54,0.0,6.2,21,1002.2,100,11.6,11.8,146.0,12.1,119.0,7.7
2025-10-20 15:00:00,2025,10,20,15,Đồng Nai,Phường Tam Hiệp,10.9510733,106.858145,124,Unhealthy for Sensitive Groups,2,31.8,61,0.0,14.3,10,1001.9,100,11.6,11.7,154.0,19.1,101.0,8.5
2025-10-20 16:00:00,2025,10,20,16,Đồng Nai,Phường Tam Hiệp,10.9510733,106.858145,123,Unhealthy for Sensitive Groups,2,28.9,78,0.0,13.4,22,1002.4,100,15.1,15.2,172.0,26.7,82.0,9.6
2025-10-20 17:00:00,2025,10,20,17,Đồng Nai,Phường Tam Hiệp,10.9510733,106.858145,122,Unhealthy for Sensitive Groups,2,27.8,83,0.0,12.2,41,1003.5,100,20.3,20.5,202.0,34.8,62.0,10.7
2025-10-20 18:00:00,2025,10,20,18,Đồng Nai,Phường Tam Hiệp,10.9510733,106.858145,120,Unhealthy for Sensitive Groups,2,27.1,87,0.0,5.8,9,1003.9,100,24.3,24.4,241.0,43.5,42.0,12.3
2025-10-20 19:00:00,2025,10,20,19,Đồng Nai,Phường Tam Hiệp,10.9510733,106.858145,119,Unhealthy for Sensitive Groups,2,27.6,91,0.1,5.7,145,1003.5,100,28.6,28.9,283.0,50.1,34.0,14.7
2025-10-20 20:00:00,2025,10,20,20,Đồng Nai,Phường Tam Hiệp,10.9510733,106.858145,117,Unhealthy for Sensitive Groups,2,27.0,91,2.8,3.9,236,1005.2,100,26.7,26.9,320.0,45.4,40.0,13.4
2025-10-20 21:00:00,2025,10,20,21,Đồng Nai,Phường Tam Hiệp,10.9510733,106.858145,114,Unhealthy for Sensitive Groups,2,25.8,93,7.7,7.1,294,1006.1,100,25.0,25.3,360.0,39.2,49.0,11.7
2025-10-20 22:00:00,2025,10,20,22,Đồng Nai,Phường Tam Hiệp,10.9510733,106.858145,109,Unhealthy for Sensitive Groups,2,25.6,95,1.3,4.6,39,1006.2,100,27.8,28.1,416.0,36.3,54.0,11.7
2025-10-20 23:00:00,2025,10,20,23,Đồng Nai,Phường Tam Hiệp,10.9510733,106.858145,105,Unhealthy for Sensitive Groups,2,25.5,95,1.0,3.1,83,1006.6,100,34.0,34.3,517.0,39.5,55.0,14.4
2025-10-21 00:00:00,2025,10,21,0,Đồng Nai,Phường Tam Hiệp,10.9510733,106.858145,100,Moderate,1,25.1,94,2.1,5.9,133,1006.4,100,37.7,38.2,635.0,46.0,52.0,18.8
2025-10-21 01:00:00,2025,10,21,1,Đồng Nai,Phường Tam Hiệp,10.9510733,106.858145,97,Moderate,1,25.5,97,0.2,8.2,157,1005.2,100,42.0,42.5,699.0,52.9,46.0,23.5
2025-10-21 02:00:00,2025,10,21,2,Đồng Nai,Phường Tam Hiệp,10.9510733,106.858145,95,Moderate,1,25.6,96,0.1,4.8,167,1004.9,100,45.6,46.2,667.0,60.8,33.0,28.6
2025-10-21 03:00:00,2025,10,21,3,Đồng Nai,Phường Tam Hiệp,10.9510733,106.858145,94,Moderate,1,25.5,96,0.0,3.6,183,1004.9,100,49.6,50.1,581.0,69.0,18.0,33.9
2025-10-21 04:00:00,2025,10,21,4,Đồng Nai,Phường Tam Hiệp,10.9510733,106.858145,93,Moderate,1,25.2,97,0.0,3.0,166,1005.0,100,47.5,47.8,494.0,72.4,7.0,37.7
2025-10-21 05:00:00,2025,10,21,5,Đồng Nai,Phường Tam Hiệp,10.9510733,106.858145,92,Moderate,1,25.5,95,0.5,2.0,207,1005.2,100,42.0,42.3,416.0,68.0,4.0,39.7
2025-10-21 06:00:00,2025,10,21,6,Đồng Nai,Phường Tam Hiệp,10.9510733,106.858145,91,Moderate,1,25.4,95,0.0,2.4,257,1005.8,100,40.2,40.5,335.0,58.8,7.0,40.2
2025-10-21 07:00:00,2025,10,21,7,Đồng Nai,Phường Tam Hiệp,10.9510733,106.858145,89,Moderate,1,26.0,95,0.1,8.6,292,1005.6,100,39.6,40.0,275.0,53.4,17.0,44.8
2025-10-21 08:00:00,2025,10,21,8,Đồng Nai,Phường Tam Hiệp,10.9510733,106.858145,88,Moderate,1,27.7,86,0.0,11.3,329,1006.3,100,35.0,35.4,245.0,47.5,35.0,39.8
2025-10-21 09:00:00,2025,10,21,9,Đồng Nai,Phường Tam Hiệp,10.9510733,106.858145,87,Moderate,1,29.0,78,0.1,10.1,350,1006.9,100,30.7,31.0,234.0,39.0,60.0,32.8
2025-10-21 10:00:00,2025,10,21,10,Đồng Nai,Phường Tam Hiệp,10.9510733,106.858145,87,Moderate,1,30.2,73,0.0,10.3,356,1006.9,100,27.1,27.3,232.0,31.0,85.0,26.0
2025-10-21 11:00:00,2025,10,21,11,Đồng Nai,Phường Tam Hiệp,10.9510733,106.858145,88,Moderate,1,31.2,71,0.0,11.1,353,1006.1,100,23.6,23.9,237.0,22.8,110.0,19.6
2025-10-21 12:00:00,2025,10,21,12,Đồng Nai,Phường Tam Hiệp,10.9510733,106.858145,88,Moderate,1,31.5,68,0.0,10.6,351,1005.1,100,21.7,21.9,251.0,15.1,134.0,13.5
2025-10-21 13:00:00,2025,10,21,13,Đồng Nai,Phường Tam Hiệp,10.9510733,106.858145,88,Moderate,1,31.8,65,0.1,9.3,345,1004.5,100,19.2,19.3,266.0,12.3,145.0,10.0
2025-10-21 14:00:00,2025,10,21,14,Đồng Nai,Phường Tam Hiệp,10.9510733,106.858145,89,Moderate,1,32.1,64,0.0,8.2,345,1003.6,100,21.5,21.6,278.0,17.9,132.0,10.6
2025-10-21 15:00:00,2025,10,21,15,Đồng Nai,Phường Tam Hiệp,10.9510733,106.858145,90,Moderate,1,27.3,84,7.3,16.0,82,1003.8,100,21.9,22.0,290.0,28.6,105.0,13.7
2025-10-21 16:00:00,2025,10,21,16,Đồng Nai,Phường Tam Hiệp,10.9510733,106.858145,91,Moderate,1,27.5,84,1.0,4.3,75,1003.7,100,25.4,25.5,306.0,38.5,81.0,16.7
2025-10-21 17:00:00,2025,10,21,17,Đồng Nai,Phường Tam Hiệp,10.9510733,106.858145,92,Moderate,1,27.5,83,0.0,4.6,42,1004.4,100,29.0,29.1,332.0,46.4,66.0,18.9
2025-10-21 18:00:00,2025,10,21,18,Đồng Nai,Phường Tam Hiệp,10.9510733,106.858145,92,Moderate,1,27.0,88,0.0,3.4,344,1005.1,100,30.0,30.2,362.0,53.5,55.0,21.0
2025-10-21 19:00:00,2025,10,21,19,Đồng Nai,Phường Tam Hiệp,10.9510733,106.858145,93,Moderate,1,27.5,89,0.2,8.4,323,1005.1,100,36.6,36.7,381.0,57.3,51.0,25.5
2025-10-21 20:00:00,2025,10,21,20,Đồng Nai,Phường Tam Hiệp,10.9510733,106.858145,94,Moderate,1,27.5,87,0.1,6.5,358,1005.6,100,35.4,35.5,381.0,58.3,45.0,24.4
2025-10-21 21:00:00,2025,10,21,21,Đồng Nai,Phường Tam Hiệp,10.9510733,106.858145,94,Moderate,1,26.5,90,0.1,6.6,344,1006.7,98,31.3,31.4,370.0,59.6,37.0,22.7
2025-10-21 22:00:00,2025,10,21,22,Đồng Nai,Phường Tam Hiệp,10.9510733,106.858145,95,Moderate,1,26.2,92,0.0,5.8,36,1006.7,100,30.7,30.9,360.0,59.8,31.0,21.0
2025-10-21 23:00:00,2025,10,21,23,Đồng Nai,Phường Tam Hiệp,10.9510733,106.858145,95,Moderate,1,26.0,94,0.0,4.9,51,1006.6,100,31.3,31.3,354.0,58.2,30.0,19.2
2025-10-22 00:00:00,2025,10,22,0,Đồng Nai,Phường Tam Hiệp,10.9510733,106.858145,95,Moderate,1,25.9,95,1.0,4.5,34,1006.5,100,31.9,31.9,350.0,55.5,31.0,17.3
2025-10-22 01:00:00,2025,10,22,1,Đồng Nai,Phường Tam Hiệp,10.9510733,106.858145,94,Moderate,1,26.1,95,0.0,4.8,103,1005.4,100,30.0,30.2,349.0,53.1,32.0,16.0
2025-10-22 02:00:00,2025,10,22,2,Đồng Nai,Phường Tam Hiệp,10.9510733,106.858145,93,Moderate,1,25.9,94,0.0,5.6,132,1004.7,100,27.0,27.1,355.0,51.1,34.0,15.4
2025-10-22 03:00:00,2025,10,22,3,Đồng Nai,Phường Tam Hiệp,10.9510733,106.858145,92,Moderate,1,25.6,94,0.0,4.4,122,1004.4,100,26.7,26.8,366.0,49.4,36.0,15.4
2025-10-22 04:00:00,2025,10,22,4,Đồng Nai,Phường Tam Hiệp,10.9510733,106.858145,90,Moderate,1,25.4,94,0.0,2.7,118,1004.7,100,29.4,29.5,373.0,48.8,37.0,16.3
2025-10-22 05:00:00,2025,10,22,5,Đồng Nai,Phường Tam Hiệp,10.9510733,106.858145,88,Moderate,1,25.1,95,0.0,2.1,75,1005.3,98,37.4,37.5,374.0,50.8,32.0,19.0
2025-10-22 06:00:00,2025,10,22,6,Đồng Nai,Phường Tam Hiệp,10.9510733,106.858145,88,Moderate,1,25.2,95,0.0,1.5,120,1006.1,85,46.8,46.9,372.0,53.9,26.0,22.6
2025-10-22 07:00:00,2025,10,22,7,Đồng Nai,Phường Tam Hiệp,10.9510733,106.858145,88,Moderate,1,26.2,95,0.0,3.8,161,1006.3,100,43.3,43.4,372.0,63.5,19.0,43.6
2025-10-22 08:00:00,2025,10,22,8,Đồng Nai,Phường Tam Hiệp,10.9510733,106.858145,89,Moderate,1,27.7,87,0.1,3.4,183,1006.8,100,42.6,42.6,379.0,59.0,33.0,40.1
2025-10-22 09:00:00,2025,10,22,9,Đồng Nai,Phường Tam Hiệp,10.9510733,106.858145,89,Moderate,1,29.0,82,0.1,2.7,188,1007.6,100,32.4,32.5,387.0,52.5,54.0,35.0
2025-10-22 10:00:00,2025,10,22,10,Đồng Nai,Phường Tam Hiệp,10.9510733,106.858145,89,Moderate,1,30.2,77,0.1,1.0,202,1008.1,100,29.8,29.9,384.0,45.5,76.0,29.9
2025-10-22 11:00:00,2025,10,22,11,Đồng Nai,Phường Tam Hiệp,10.9510733,106.858145,90,Moderate,1,31.0,72,0.1,3.1,357,1007.1,100,27.1,27.2,359.0,37.2,101.0,24.7
2025-10-22 12:00:00,2025,10,22,12,Đồng Nai,Phường Tam Hiệp,10.9510733,106.858145,90,Moderate,1,31.5,67,0.1,5.1,354,1006.0,100,25.3,25.4,324.0,28.4,126.0,19.3
2025-10-22 13:00:00,2025,10,22,13,Đồng Nai,Phường Tam Hiệp,10.9510733,106.858145,90,Moderate,1,31.4,68,0.1,5.4,346,1005.2,99,24.5,24.6,301.0,23.2,141.0,15.3
2025-10-22 14:00:00,2025,10,22,14,Đồng Nai,Phường Tam Hiệp,10.9510733,106.858145,91,Moderate,1,30.9,69,0.0,6.0,3,1004.2,100,23.3,23.5,296.0,23.9,138.0,13.4
2025-10-22 15:00:00,2025,10,22,15,Đồng Nai,Phường Tam Hiệp,10.9510733,106.858145,91,Moderate,1,25.9,92,10.2,7.8,355,1004.8,100,23.6,23.7,302.0,28.1,124.0,12.7
2025-10-22 16:00:00,2025,10,22,16,Đồng Nai,Phường Tam Hiệp,10.9510733,106.858145,91,Moderate,1,26.2,91,0.1,4.3,132,1004.5,100,27.0,27.1,327.0,32.7,108.0,12.5
2025-10-22 17:00:00,2025,10,22,17,Đồng Nai,Phường Tam Hiệp,10.9510733,106.858145,91,Moderate,1,26.5,89,0.0,4.5,137,1004.9,100,23.4,23.5,392.0,37.3,91.0,12.4
2025-10-22 18:00:00,2025,10,22,18,Đồng Nai,Phường Tam Hiệp,10.9510733,106.858145,91,Moderate,1,26.3,90,0.0,2.1,70,1005.5,99,22.6,22.8,474.0,42.2,72.0,12.8
2025-10-22 19:00:00,2025,10,22,19,Đồng Nai,Phường Tam Hiệp,10.9510733,106.858145,90,Moderate,1,26.4,93,0.0,7.9,176,1006.0,100,22.3,22.3,513.0,38.5,69.0,12.2
2025-10-22 20:00:00,2025,10,22,20,Đồng Nai,Phường Tam Hiệp,10.9510733,106.858145,89,Moderate,1,25.6,96,3.6,7.2,37,1007.0,100,21.6,21.7,468.0,40.7,62.0,12.5
2025-10-22 21:00:00,2025,10,22,21,Đồng Nai,Phường Tam Hiệp,10.9510733,106.858145,88,Moderate,1,24.8,98,1.5,11.1,8,1007.8,100,21.8,21.9,380.0,43.9,51.0,13.0
2025-10-22 22:00:00,2025,10,22,22,Đồng Nai,Phường Tam Hiệp,10.9510733,106.858145,87,Moderate,1,24.8,94,2.5,7.7,62,1007.7,100,22.2,22.2,310.0,46.8,42.0,13.4
2025-10-22 23:00:00,2025,10,22,23,Đồng Nai,Phường Tam Hiệp,10.9510733,106.858145,86,Moderate,1,24.2,94,0.1,7.8,13,1007.6,98,24.4,24.5,282.0,49.1,36.0,13.7
2025-10-23 00:00:00,2025,10,23,0,Đồng Nai,Phường Tam Hiệp,10.9510733,106.858145,85,Moderate,1,24.1,96,0.0,1.4,50,1006.8,91,23.2,23.3,272.0,51.2,30.0,13.9
2025-10-23 01:00:00,2025,10,23,1,Đồng Nai,Phường Tam Hiệp,10.9510733,106.858145,85,Moderate,1,25.4,98,0.0,0.9,259,1005.9,100,22.7,22.8,266.0,52.9,25.0,14.2
2025-10-23 02:00:00,2025,10,23,2,Đồng Nai,Phường Tam Hiệp,10.9510733,106.858145,84,Moderate,1,24.8,99,0.0,2.8,297,1005.5,91,23.4,23.5,259.0,54.4,19.0,14.3
2025-10-23 03:00:00,2025,10,23,3,Đồng Nai,Phường Tam Hiệp,10.9510733,106.858145,84,Moderate,1,25.0,99,0.0,6.4,308,1005.7,86,24.1,24.2,257.0,55.6,12.0,14.4
2025-10-23 04:00:00,2025,10,23,4,Đồng Nai,Phường Tam Hiệp,10.9510733,106.858145,83,Moderate,1,24.6,99,0.0,8.0,316,1005.7,100,24.4,24.4,262.0,55.2,9.0,15.1
2025-10-23 05:00:00,2025,10,23,5,Đồng Nai,Phường Tam Hiệp,10.9510733,106.858145,83,Moderate,1,24.4,99,0.0,4.6,318,1005.9,55,24.8,24.9,282.0,52.2,10.0,17.0
2025-10-23 06:00:00,2025,10,23,6,Đồng Nai,Phường Tam Hiệp,10.9510733,106.858145,82,Moderate,1,24.2,99,0.0,6.2,330,1006.9,88,28.5,28.5,310.0,47.8,14.0,19.4
2025-10-23 07:00:00,2025,10,23,7,Đồng Nai,Phường Tam Hiệp,10.9510733,106.858145,80,Moderate,1,25.4,93,0.0,6.4,315,1006.6,100,17.0,18.1,327.0,39.0,29.0,22.2
2025-10-23 08:00:00,2025,10,23,8,Đồng Nai,Phường Tam Hiệp,10.9510733,106.858145,78,Moderate,1,26.9,87,0.0,5.2,319,1007.5,100,18.0,19.1,321.0,37.6,45.0,20.8
2025-10-23 09:00:00,2025,10,23,9,Đồng Nai,Phường Tam Hiệp,10.9510733,106.858145,76,Moderate,1,28.5,77,0.0,3.7,309,1007.7,100,16.6,17.6,304.0,35.3,69.0,18.8
2025-10-23 10:00:00,2025,10,23,10,Đồng Nai,Phường Tam Hiệp,10.9510733,106.858145,74,Moderate,1,29.6,72,0.1,1.9,287,1008.0,95,13.6,14.2,288.0,31.6,90.0,16.3
2025-10-23 11:00:00,2025,10,23,11,Đồng Nai,Phường Tam Hiệp,10.9510733,106.858145,73,Moderate,1,30.5,68,0.1,2.7,122,1007.4,99,12.3,12.3,278.0,24.8,108.0,13.0
2025-10-23 12:00:00,2025,10,23,12,Đồng Nai,Phường Tam Hiệp,10.9510733,106.858145,72,Moderate,1,31.2,67,0.1,4.2,110,1006.7,100,11.6,11.8,270.0,16.4,123.0,9.2
2025-10-23 13:00:00,2025,10,23,13,Đồng Nai,Phường Tam Hiệp,10.9510733,106.858145,70,Moderate,1,30.8,67,0.1,2.7,152,1006.0,100,10.7,11.1,266.0,11.0,133.0,6.5
2025-10-23 14:00:00,2025,10,23,14,Đồng Nai,Phường Tam Hiệp,10.9510733,106.858145,69,Moderate,1,31.1,68,0.0,5.0,165,1004.9,100,10.8,11.5,266.0,9.6,137.0,5.3
2025-10-23 15:00:00,2025,10,23,15,Đồng Nai,Phường Tam Hiệp,10.9510733,106.858145,68,Moderate,1,26.0,88,6.1,13.8,148,1005.2,100,13.0,14.7,270.0,11.0,135.0,5.2
2025-10-23 16:00:00,2025,10,23,16,Đồng Nai,Phường Tam Hiệp,10.9510733,106.858145,67,Moderate,1,26.6,87,0.8,1.7,311,1005.6,100,13.9,15.9,279.0,16.2,124.0,6.4
2025-10-23 17:00:00,2025,10,23,17,Đồng Nai,Phường Tam Hiệp,10.9510733,106.858145,66,Moderate,1,26.5,89,0.0,8.2,23,1006.2,100,17.9,20.1,296.0,27.8,98.0,9.6
2025-10-23 18:00:00,2025,10,23,18,Đồng Nai,Phường Tam Hiệp,10.9510733,106.858145,68,Moderate,1,26.0,90,0.0,9.3,18,1006.7,100,29.6,31.9,318.0,43.2,63.0,14.0
2025-10-23 19:00:00,2025,10,23,19,Đồng Nai,Phường Tam Hiệp,10.9510733,106.858145,66,Moderate,1,25.5,96,0.1,4.1,103,1007.2,100,30.7,33.2,342.0,50.9,43.0,16.4
2025-10-23 20:00:00,2025,10,23,20,Đồng Nai,Phường Tam Hiệp,10.9510733,106.858145,67,Moderate,1,25.8,95,0.0,3.8,360,1007.9,100,30.4,32.9,367.0,52.1,37.0,16.3
2025-10-23 21:00:00,2025,10,23,21,Đồng Nai,Phường Tam Hiệp,10.9510733,106.858145,68,Moderate,1,25.8,96,0.0,4.9,4,1008.3,100,32.5,34.9,394.0,53.7,29.0,16.1
2025-10-23 22:00:00,2025,10,23,22,Đồng Nai,Phường Tam Hiệp,10.9510733,106.858145,68,Moderate,1,25.6,98,0.0,4.6,11,1008.4,100,32.5,34.7,422.0,54.4,23.0,15.9
2025-10-23 23:00:00,2025,10,23,23,Đồng Nai,Phường Tam Hiệp,10.9510733,106.858145,69,Moderate,1,25.4,98,0.0,2.7,332,1008.1,100,28.5,30.2,463.0,53.5,20.0,15.8
2025-10-24 00:00:00,2025,10,24,0,Đồng Nai,Phường Tam Hiệp,10.9510733,106.858145,70,Moderate,1,25.4,97,0.0,3.1,320,1007.7,100,26.3,27.6,506.0,51.8,18.0,15.7
2025-10-24 01:00:00,2025,10,24,1,Đồng Nai,Phường Tam Hiệp,10.9510733,106.858145,70,Moderate,1,26.0,96,0.0,2.0,265,1007.0,100,26.2,27.2,517.0,50.3,17.0,15.8
2025-10-24 02:00:00,2025,10,24,2,Đồng Nai,Phường Tam Hiệp,10.9510733,106.858145,70,Moderate,1,25.8,97,0.0,3.9,317,1006.7,100,26.1,26.3,463.0,50.0,15.0,16.1
2025-10-24 03:00:00,2025,10,24,3,Đồng Nai,Phường Tam Hiệp,10.9510733,106.858145,71,Moderate,1,25.6,93,1.1,2.1,20,1006.0,100,26.6,26.8,376.0,50.0,13.0,16.7
2025-10-24 04:00:00,2025,10,24,4,Đồng Nai,Phường Tam Hiệp,10.9510733,106.858145,71,Moderate,1,25.6,93,0.9,6.8,58,1005.5,100,27.0,27.1,319.0,48.8,14.0,17.8
2025-10-24 05:00:00,2025,10,24,5,Đồng Nai,Phường Tam Hiệp,10.9510733,106.858145,71,Moderate,1,25.0,96,0.0,1.8,360,1005.9,100,26.7,26.8,327.0,45.6,18.0,20.3
2025-10-24 06:00:00,2025,10,24,6,Đồng Nai,Phường Tam Hiệp,10.9510733,106.858145,71,Moderate,1,25.1,97,0.0,4.8,297,1006.9,100,27.9,28.0,365.0,41.3,26.0,23.3
2025-10-24 07:00:00,2025,10,24,7,Đồng Nai,Phường Tam Hiệp,10.9510733,106.858145,71,Moderate,1,25.9,93,0.1,5.6,335,1006.5,100,31.3,31.5,393.0,35.0,30.0,21.5
2025-10-24 08:00:00,2025,10,24,8,Đồng Nai,Phường Tam Hiệp,10.9510733,106.858145,72,Moderate,1,27.2,89,0.0,3.3,315,1007.7,85,31.2,31.4,393.0,31.7,51.0,20.2
2025-10-24 09:00:00,2025,10,24,9,Đồng Nai,Phường Tam Hiệp,10.9510733,106.858145,74,Moderate,1,28.9,81,0.0,4.1,283,1008.3,95,31.4,31.8,383.0,27.2,82.0,18.3
2025-10-24 10:00:00,2025,10,24,10,Đồng Nai,Phường Tam Hiệp,10.9510733,106.858145,75,Moderate,1,30.3,74,0.1,2.7,302,1008.4,98,31.5,31.9,373.0,23.1,109.0,16.5
2025-10-24 11:00:00,2025,10,24,11,Đồng Nai,Phường Tam Hiệp,10.9510733,106.858145,76,Moderate,1,31.2,71,0.1,2.8,349,1007.8,98,31.2,31.7,370.0,19.4,134.0,14.9
2025-10-24 12:00:00,2025,10,24,12,Đồng Nai,Phường Tam Hiệp,10.9510733,106.858145,78,Moderate,1,31.5,69,0.2,2.3,274,1006.6,95,31.1,31.5,367.0,16.2,155.0,13.3
2025-10-24 13:00:00,2025,10,24,13,Đồng Nai,Phường Tam Hiệp,10.9510733,106.858145,80,Moderate,1,31.2,68,0.5,3.1,270,1005.6,100,31.2,31.8,355.0,15.8,163.0,12.5
2025-10-24 14:00:00,2025,10,24,14,Đồng Nai,Phường Tam Hiệp,10.9510733,106.858145,82,Moderate,1,30.5,72,0.3,1.5,346,1004.7,100,27.8,28.3,319.0,19.4,147.0,12.6
2025-10-24 15:00:00,2025,10,24,15,Đồng Nai,Phường Tam Hiệp,10.9510733,106.858145,83,Moderate,1,26.8,86,9.5,10.3,71,1005.3,100,25.4,26.0,274.0,25.7,117.0,13.4
2025-10-24 16:00:00,2025,10,24,16,Đồng Nai,Phường Tam Hiệp,10.9510733,106.858145,84,Moderate,1,25.9,91,0.3,9.0,193,1005.4,100,24.6,25.3,252.0,33.4,88.0,14.6
2025-10-24 17:00:00,2025,10,24,17,Đồng Nai,Phường Tam Hiệp,10.9510733,106.858145,85,Moderate,1,25.8,91,0.1,1.4,180,1006.2,100,27.6,29.8,275.0,43.6,64.0,16.2
2025-10-24 18:00:00,2025,10,24,18,Đồng Nai,Phường Tam Hiệp,10.9510733,106.858145,86,Moderate,1,25.6,91,0.0,0.9,180,1007.0,100,32.4,34.8,322.0,55.2,40.0,18.2
2025-10-24 19:00:00,2025,10,24,19,Đồng Nai,Phường Tam Hiệp,10.9510733,106.858145,86,Moderate,1,26.4,86,0.0,3.6,276,1006.3,100,31.2,32.2,362.0,49.3,26.0,15.5
2025-10-24 20:00:00,2025,10,24,20,Đồng Nai,Phường Tam Hiệp,10.9510733,106.858145,86,Moderate,1,26.0,91,0.1,0.9,349,1007.2,100,31.9,33.1,388.0,50.4,25.0,16.1
2025-10-24 21:00:00,2025,10,24,21,Đồng Nai,Phường Tam Hiệp,10.9510733,106.858145,87,Moderate,1,25.9,91,0.0,1.5,234,1007.5,100,32.1,32.9,407.0,51.9,23.0,16.9
2025-10-24 22:00:00,2025,10,24,22,Đồng Nai,Phường Tam Hiệp,10.9510733,106.858145,86,Moderate,1,25.9,91,0.0,0.4,333,1007.9,100,30.0,30.5,406.0,52.5,21.0,17.2
2025-10-24 23:00:00,2025,10,24,23,Đồng Nai,Phường Tam Hiệp,10.9510733,106.858145,86,Moderate,1,25.6,93,0.0,1.7,283,1007.8,100,29.8,30.2,368.0,51.0,21.0,16.3
2025-10-25 00:00:00,2025,10,25,0,Đồng Nai,Phường Tam Hiệp,10.9510733,106.858145,86,Moderate,1,25.2,96,0.0,2.7,302,1007.5,100,28.6,28.8,311.0,48.6,21.0,15.0
2025-10-25 01:00:00,2025,10,25,1,Đồng Nai,Phường Tam Hiệp,10.9510733,106.858145,87,Moderate,1,25.2,97,0.0,3.8,295,1006.9,100,27.9,28.2,278.0,47.9,20.0,14.8
2025-10-25 02:00:00,2025,10,25,2,Đồng Nai,Phường Tam Hiệp,10.9510733,106.858145,87,Moderate,1,24.9,97,0.0,3.1,324,1006.3,100,31.4,31.8,297.0,51.1,16.0,16.4
2025-10-25 03:00:00,2025,10,25,3,Đồng Nai,Phường Tam Hiệp,10.9510733,106.858145,87,Moderate,1,25.0,97,0.0,4.2,329,1005.7,100,35.3,35.5,341.0,55.9,10.0,19.2
2025-10-25 04:00:00,2025,10,25,4,Đồng Nai,Phường Tam Hiệp,10.9510733,106.858145,88,Moderate,1,24.8,97,0.0,6.0,355,1005.5,100,36.4,36.7,373.0,59.0,7.0,22.8
2025-10-25 05:00:00,2025,10,25,5,Đồng Nai,Phường Tam Hiệp,10.9510733,106.858145,89,Moderate,1,24.5,97,0.2,7.9,4,1005.3,100,38.1,38.3,380.0,58.8,7.0,28.3
2025-10-25 06:00:00,2025,10,25,6,Đồng Nai,Phường Tam Hiệp,10.9510733,106.858145,90,Moderate,1,24.4,97,0.3,5.6,15,1006.0,100,41.0,41.2,374.0,56.7,8.0,34.6
2025-10-25 07:00:00,2025,10,25,7,Đồng Nai,Phường Tam Hiệp,10.9510733,106.858145,91,Moderate,1,25.3,95,0.1,7.2,4,1006.3,100,31.3,31.3,361.0,42.0,18.0,21.5
2025-10-25 08:00:00,2025,10,25,8,Đồng Nai,Phường Tam Hiệp,10.9510733,106.858145,91,Moderate,1,25.6,93,0.0,9.3,10,1007.3,100,21.8,21.9,337.0,37.2,28.0,18.9
2025-10-25 09:00:00,2025,10,25,9,Đồng Nai,Phường Tam Hiệp,10.9510733,106.858145,90,Moderate,1,26.2,89,0.1,8.7,8,1007.3,100,16.5,16.5,305.0,30.5,43.0,15.3
2025-10-25 10:00:00,2025,10,25,10,Đồng Nai,Phường Tam Hiệp,10.9510733,106.858145,89,Moderate,1,26.7,87,0.3,10.1,16,1007.8,100,13.3,13.4,279.0,25.0,56.0,12.3
2025-10-25 11:00:00,2025,10,25,11,Đồng Nai,Phường Tam Hiệp,10.9510733,106.858145,87,Moderate,1,27.1,85,0.9,7.1,21,1007.6,100,10.7,11.0,265.0,21.3,68.0,10.3
2025-10-25 12:00:00,2025,10,25,12,Đồng Nai,Phường Tam Hiệp,10.9510733,106.858145,85,Moderate,1,27.8,82,0.5,1.6,354,1006.7,100,10.2,10.5,257.0,18.9,79.0,8.9
2025-10-25 13:00:00,2025,10,25,13,Đồng Nai,Phường Tam Hiệp,10.9510733,106.858145,84,Moderate,1,28.0,81,0.1,8.8,355,1006.1,100,9.1,9.3,251.0,19.3,85.0,8.4
2025-10-25 14:00:00,2025,10,25,14,Đồng Nai,Phường Tam Hiệp,10.9510733,106.858145,82,Moderate,1,27.7,82,0.2,9.6,352,1005.2,100,13.3,13.4,241.0,23.8,85.0,8.8
2025-10-25 15:00:00,2025,10,25,15,Đồng Nai,Phường Tam Hiệp,10.9510733,106.858145,80,Moderate,1,28.3,80,0.0,9.1,346,1005.0,100,14.8,14.8,232.0,31.0,80.0,10.1
2025-10-25 16:00:00,2025,10,25,16,Đồng Nai,Phường Tam Hiệp,10.9510733,106.858145,79,Moderate,1,28.0,81,0.0,9.3,332,1005.0,100,20.1,20.2,242.0,38.5,73.0,12.2
2025-10-25 17:00:00,2025,10,25,17,Đồng Nai,Phường Tam Hiệp,10.9510733,106.858145,79,Moderate,1,27.4,83,0.3,9.0,322,1005.2,100,21.0,21.1,284.0,46.3,62.0,15.8
2025-10-25 18:00:00,2025,10,25,18,Đồng Nai,Phường Tam Hiệp,10.9510733,106.858145,78,Moderate,1,26.6,90,0.0,7.4,309,1005.7,100,28.2,28.6,344.0,54.4,47.0,20.3
2025-10-25 19:00:00,2025,10,25,19,Đồng Nai,Phường Tam Hiệp,10.9510733,106.858145,78,Moderate,1,24.5,94,0.0,2.8,35,1007.3,100,24.6,26.4,395.0,55.0,30.0,16.4
2025-10-25 20:00:00,2025,10,25,20,Đồng Nai,Phường Tam Hiệp,10.9510733,106.858145,77,Moderate,1,24.4,94,1.8,6.8,217,1007.5,100,23.4,24.8,427.0,55.9,25.0,16.0
2025-10-25 21:00:00,2025,10,25,21,Đồng Nai,Phường Tam Hiệp,10.9510733,106.858145,77,Moderate,1,24.3,97,0.0,7.4,353,1008.4,100,20.5,21.8,450.0,57.3,17.0,15.7
2025-10-25 22:00:00,2025,10,25,22,Đồng Nai,Phường Tam Hiệp,10.9510733,106.858145,76,Moderate,1,24.1,96,0.0,5.2,301,1008.2,100,22.6,23.8,461.0,59.4,11.0,16.9
2025-10-25 23:00:00,2025,10,25,23,Đồng Nai,Phường Tam Hiệp,10.9510733,106.858145,75,Moderate,1,23.9,96,0.0,1.0,59,1008.0,100,25.8,27.1,451.0,62.8,7.0,20.6
2025-10-26 00:00:00,2025,10,26,0,Đồng Nai,Phường Tam Hiệp,10.9510733,106.858145,75,Moderate,1,23.8,97,0.0,3.1,45,1007.8,100,29.4,30.7,430.0,66.8,4.0,25.8
2025-10-26 01:00:00,2025,10,26,1,Đồng Nai,Phường Tam Hiệp,10.9510733,106.858145,75,Moderate,1,24.9,96,0.0,4.2,85,1007.3,100,32.7,34.3,423.0,70.4,2.0,31.5
2025-10-26 02:00:00,2025,10,26,2,Đồng Nai,Phường Tam Hiệp,10.9510733,106.858145,75,Moderate,1,24.8,97,1.4,0.2,270,1006.6,100,34.9,36.4,446.0,73.6,0.0,37.8
2025-10-26 03:00:00,2025,10,26,3,Đồng Nai,Phường Tam Hiệp,10.9510733,106.858145,75,Moderate,1,24.5,97,3.8,5.7,261,1006.5,100,37.6,39.5,484.0,76.3,0.0,44.5
2025-10-26 04:00:00,2025,10,26,4,Đồng Nai,Phường Tam Hiệp,10.9510733,106.858145,76,Moderate,1,24.5,98,0.9,5.8,219,1006.3,100,41.2,43.1,516.0,76.6,0.0,50.4
2025-10-26 05:00:00,2025,10,26,5,Đồng Nai,Phường Tam Hiệp,10.9510733,106.858145,76,Moderate,1,24.4,97,0.1,2.6,286,1006.2,100,44.0,45.9,540.0,73.3,1.0,56.1
2025-10-26 06:00:00,2025,10,26,6,Đồng Nai,Phường Tam Hiệp,10.9510733,106.858145,77,Moderate,1,24.4,98,0.0,3.5,309,1006.8,100,48.0,49.9,558.0,67.5,4.0,60.8
2025-10-26 07:00:00,2025,10,26,7,Đồng Nai,Phường Tam Hiệp,10.9510733,106.858145,77,Moderate,1,24.8,96,0.0,5.2,301,1007.5,100,48.5,50.8,554.0,62.7,9.0,54.9
2025-10-26 08:00:00,2025,10,26,8,Đồng Nai,Phường Tam Hiệp,10.9510733,106.858145,79,Moderate,1,25.9,89,0.0,5.7,316,1008.0,100,41.7,43.2,516.0,57.8,21.0,47.9
2025-10-26 09:00:00,2025,10,26,9,Đồng Nai,Phường Tam Hiệp,10.9510733,106.858145,81,Moderate,1,26.9,82,0.0,5.0,325,1008.6,100,33.4,33.6,457.0,51.2,39.0,38.3
2025-10-26 10:00:00,2025,10,26,10,Đồng Nai,Phường Tam Hiệp,10.9510733,106.858145,82,Moderate,1,28.0,76,0.0,3.1,298,1008.7,100,30.7,31.1,398.0,47.0,53.0,30.9
2025-10-26 11:00:00,2025,10,26,11,Đồng Nai,Phường Tam Hiệp,10.9510733,106.858145,84,Moderate,1,29.2,72,0.0,2.1,232,1007.9,89,29.6,29.9,337.0,47.0,62.0,27.9
2025-10-26 12:00:00,2025,10,26,12,Đồng Nai,Phường Tam Hiệp,10.9510733,106.858145,85,Moderate,1,30.0,70,0.0,3.8,205,1007.3,53,29.9,30.2,276.0,49.3,68.0,27.2
2025-10-26 13:00:00,2025,10,26,13,Đồng Nai,Phường Tam Hiệp,10.9510733,106.858145,87,Moderate,1,30.4,68,0.0,5.7,208,1006.2,92,30.6,30.9,250.0,52.5,71.0,27.4
2025-10-26 14:00:00,2025,10,26,14,Đồng Nai,Phường Tam Hiệp,10.9510733,106.858145,89,Moderate,1,30.4,68,0.0,5.3,213,1005.3,97,30.7,31.0,250.0,56.1,69.0,28.3
2025-10-26 15:00:00,2025,10,26,15,Đồng Nai,Phường Tam Hiệp,10.9510733,106.858145,90,Moderate,1,29.8,70,0.0,5.2,192,1004.8,100,31.4,31.7,284.0,60.5,64.0,30.1
2025-10-26 16:00:00,2025,10,26,16,Đồng Nai,Phường Tam Hiệp,10.9510733,106.858145,92,Moderate,1,29.2,72,0.1,2.4,167,1004.7,100,33.6,33.9,408.0,65.5,55.0,31.5
2025-10-26 17:00:00,2025,10,26,17,Đồng Nai,Phường Tam Hiệp,10.9510733,106.858145,93,Moderate,1,28.0,80,0.8,3.9,13,1005.5,100,37.4,37.6,741.0,72.0,40.0,32.0
2025-10-26 18:00:00,2025,10,26,18,Đồng Nai,Phường Tam Hiệp,10.9510733,106.858145,95,Moderate,1,26.5,89,0.6,2.0,117,1006.6,100,40.3,40.5,1164.0,79.2,22.0,32.1
2025-10-26 19:00:00,2025,10,26,19,Đồng Nai,Phường Tam Hiệp,10.9510733,106.858145,96,Moderate,1,26.1,91,0.2,1.4,157,1007.1,100,80.6,80.8,1381.0,116.6,15.0,60.4
2025-10-26 20:00:00,2025,10,26,20,Đồng Nai,Phường Tam Hiệp,10.9510733,106.858145,101,Unhealthy for Sensitive Groups,2,26.0,93,0.2,7.0,331,1007.9,100,79.4,79.6,1195.0,114.2,14.0,59.4
2025-10-26 21:00:00,2025,10,26,21,Đồng Nai,Phường Tam Hiệp,10.9510733,106.858145,107,Unhealthy for Sensitive Groups,2,25.2,93,0.2,7.1,354,1008.8,100,77.1,77.3,803.0,110.6,13.0,57.8
2025-10-26 22:00:00,2025,10,26,22,Đồng Nai,Phường Tam Hiệp,10.9510733,106.858145,112,Unhealthy for Sensitive Groups,2,24.7,94,0.0,8.5,347,1008.9,100,75.2,75.4,500.0,104.6,13.0,54.8
2025-10-26 23:00:00,2025,10,26,23,Đồng Nai,Phường Tam Hiệp,10.9510733,106.858145,118,Unhealthy for Sensitive Groups,2,24.4,92,0.2,5.2,14,1008.7,100,69.2,69.4,417.0,94.7,16.0,49.4
2025-10-27 00:00:00,2025,10,27,0,Đồng Nai,Phường Tam Hiệp,10.9510733,106.858145,122,Unhealthy for Sensitive Groups,2,24.4,93,0.2,3.4,43,1008.4,98,53.6,53.7,424.0,82.5,20.0,42.7
2025-10-27 01:00:00,2025,10,27,1,Đồng Nai,Phường Tam Hiệp,10.9510733,106.858145,125,Unhealthy for Sensitive Groups,2,24.2,96,0.1,2.3,162,1007.8,100,39.8,39.9,422.0,72.2,22.0,37.2
2025-10-27 02:00:00,2025,10,27,2,Đồng Nai,Phường Tam Hiệp,10.9510733,106.858145,126,Unhealthy for Sensitive Groups,2,24.2,96,0.2,2.3,328,1007.2,100,31.8,31.9,372.0,65.4,21.0,33.9
2025-10-27 03:00:00,2025,10,27,3,Đồng Nai,Phường Tam Hiệp,10.9510733,106.858145,125,Unhealthy for Sensitive Groups,2,24.1,96,0.1,2.0,333,1007.0,98,26.1,26.1,314.0,60.4,19.0,31.9
2025-10-27 04:00:00,2025,10,27,4,Đồng Nai,Phường Tam Hiệp,10.9510733,106.858145,124,Unhealthy for Sensitive Groups,2,23.8,96,0.2,1.2,309,1007.2,99,24.4,24.5,271.0,56.1,18.0,31.1
2025-10-27 05:00:00,2025,10,27,5,Đồng Nai,Phường Tam Hiệp,10.9510733,106.858145,122,Unhealthy for Sensitive Groups,2,24.0,96,0.2,2.2,279,1007.1,99,23.6,23.7,259.0,52.8,17.0,32.6
2025-10-27 06:00:00,2025,10,27,6,Đồng Nai,Phường Tam Hiệp,10.9510733,106.858145,120,Unhealthy for Sensitive Groups,2,23.8,96,0.0,2.7,290,1007.8,99,25.8,25.9,263.0,50.3,17.0,35.3
2025-10-27 07:00:00,2025,10,27,7,Đồng Nai,Phường Tam Hiệp,10.9510733,106.858145,118,Unhealthy for Sensitive Groups,2,24.8,92,0.0,4.6,291,1008.2,100,27.7,27.8,262.0,43.6,26.0,35.8
2025-10-27 08:00:00,2025,10,27,8,Đồng Nai,Phường Tam Hiệp,10.9510733,106.858145,116,Unhealthy for Sensitive Groups,2,26.0,86,0.0,4.3,268,1008.7,100,20.7,20.8,246.0,37.0,43.0,30.9
2025-10-27 09:00:00,2025,10,27,9,Đồng Nai,Phường Tam Hiệp,10.9510733,106.858145,114,Unhealthy for Sensitive Groups,2,27.3,81,0.0,2.8,305,1009.0,98,18.3,18.3,224.0,27.8,67.0,24.0
2025-10-27 10:00:00,2025,10,27,10,Đồng Nai,Phường Tam Hiệp,10.9510733,106.858145,112,Unhealthy for Sensitive Groups,2,28.0,79,0.1,3.5,325,1008.6,86,13.6,13.6,208.0,20.1,87.0,18.0
2025-10-27 11:00:00,2025,10,27,11,Đồng Nai,Phường Tam Hiệp,10.9510733,106.858145,110,Unhealthy for Sensitive Groups,2,28.9,74,0.1,2.7,307,1007.4,55,12.9,12.9,202.0,14.8,100.0,13.4
2025-10-27 12:00:00,2025,10,27,12,Đồng Nai,Phường Tam Hiệp,10.9510733,106.858145,109,Unhealthy for Sensitive Groups,2,29.7,69,0.0,4.2,280,1006.5,93,11.3,11.3,201.0,11.0,109.0,9.6
2025-10-27 13:00:00,2025,10,27,13,Đồng Nai,Phường Tam Hiệp,10.9510733,106.858145,107,Unhealthy for Sensitive Groups,2,29.0,74,0.0,11.3,304,1005.9,100,11.4,11.4,198.0,10.0,113.0,7.9
2025-10-27 14:00:00,2025,10,27,14,Đồng Nai,Phường Tam Hiệp,10.9510733,106.858145,105,Unhealthy for Sensitive Groups,2,28.6,77,2.3,13.6,311,1004.6,99,14.2,14.2,182.0,12.8,113.0,9.5
2025-10-27 15:00:00,2025,10,27,15,Đồng Nai,Phường Tam Hiệp,10.9510733,106.858145,103,Unhealthy for Sensitive Groups,2,27.6,80,4.1,18.3,317,1005.0,98,15.4,15.4,165.0,18.3,109.0,13.1
2025-10-27 16:00:00,2025,10,27,16,Đồng Nai,Phường Tam Hiệp,10.9510733,106.858145,101,Unhealthy for Sensitive Groups,2,26.1,86,0.5,13.9,337,1005.3,100,17.8,17.8,177.0,25.0,99.0,16.3
2025-10-27 17:00:00,2025,10,27,17,Đồng Nai,Phường Tam Hiệp,10.9510733,106.858145,100,Moderate,1,25.8,89,0.4,7.7,344,1006.3,100,20.5,20.5,250.0,34.0,80.0,18.4
2025-10-27 18:00:00,2025,10,27,18,Đồng Nai,Phường Tam Hiệp,10.9510733,106.858145,98,Moderate,1,25.5,92,0.7,6.9,335,1007.1,100,25.4,25.4,352.0,44.1,56.0,20.0
2025-10-27 19:00:00,2025,10,27,19,Đồng Nai,Phường Tam Hiệp,10.9510733,106.858145,97,Moderate,1,26.1,93,0.1,8.9,328,1006.8,98,21.9,22.1,417.0,30.6,32.0,12.2
2025-10-27 20:00:00,2025,10,27,20,Đồng Nai,Phường Tam Hiệp,10.9510733,106.858145,92,Moderate,1,26.0,92,0.0,8.4,337,1007.4,100,22.9,22.9,407.0,32.1,27.0,13.1
2025-10-27 21:00:00,2025,10,27,21,Đồng Nai,Phường Tam Hiệp,10.9510733,106.858145,87,Moderate,1,25.8,93,0.2,7.9,344,1007.8,100,22.1,22.1,360.0,34.3,21.0,14.3
2025-10-27 22:00:00,2025,10,27,22,Đồng Nai,Phường Tam Hiệp,10.9510733,106.858145,82,Moderate,1,25.5,93,0.2,7.4,347,1007.5,100,23.1,23.2,324.0,36.3,15.0,15.6
2025-10-27 23:00:00,2025,10,27,23,Đồng Nai,Phường Tam Hiệp,10.9510733,106.858145,77,Moderate,1,25.2,96,1.5,5.1,343,1007.4,100,23.5,23.5,306.0,37.8,12.0,16.8
2025-10-28 00:00:00,2025,10,28,0,Đồng Nai,Phường Tam Hiệp,10.9510733,106.858145,73,Moderate,1,25.0,97,3.5,4.6,312,1007.1,100,23.5,23.5,299.0,39.1,10.0,18.0
2025-10-28 01:00:00,2025,10,28,1,Đồng Nai,Phường Tam Hiệp,10.9510733,106.858145,70,Moderate,1,25.5,90,1.8,6.6,327,1006.3,100,23.6,23.7,327.0,40.2,8.0,19.4
2025-10-28 02:00:00,2025,10,28,2,Đồng Nai,Phường Tam Hiệp,10.9510733,106.858145,69,Moderate,1,24.5,95,1.2,5.4,284,1005.8,100,22.9,22.9,431.0,40.8,6.0,20.6
2025-10-28 03:00:00,2025,10,28,3,Đồng Nai,Phường Tam Hiệp,10.9510733,106.858145,68,Moderate,1,24.4,96,0.1,6.0,261,1005.8,100,23.2,23.2,570.0,41.2,5.0,22.0
2025-10-28 04:00:00,2025,10,28,4,Đồng Nai,Phường Tam Hiệp,10.9510733,106.858145,68,Moderate,1,24.4,97,0.0,5.0,268,1005.5,100,24.9,24.9,645.0,42.3,5.0,24.3
2025-10-28 05:00:00,2025,10,28,5,Đồng Nai,Phường Tam Hiệp,10.9510733,106.858145,68,Moderate,1,24.5,95,0.1,4.0,302,1006.0,100,27.5,27.5,596.0,45.1,5.0,28.9
2025-10-28 06:00:00,2025,10,28,6,Đồng Nai,Phường Tam Hiệp,10.9510733,106.858145,68,Moderate,1,24.5,95,0.0,3.0,308,1006.6,100,33.5,33.5,484.0,48.6,6.0,34.5
2025-10-28 07:00:00,2025,10,28,7,Đồng Nai,Phường Tam Hiệp,10.9510733,106.858145,69,Moderate,1,25.0,94,0.1,4.4,300,1007.0,100,21.0,21.0,389.0,32.7,23.0,20.3
2025-10-28 08:00:00,2025,10,28,8,Đồng Nai,Phường Tam Hiệp,10.9510733,106.858145,68,Moderate,1,25.9,91,0.1,4.7,302,1007.7,100,30.4,30.4,336.0,29.1,39.0,18.9
2025-10-28 09:00:00,2025,10,28,9,Đồng Nai,Phường Tam Hiệp,10.9510733,106.858145,69,Moderate,1,26.0,90,0.1,3.9,332,1007.9,100,20.1,20.2,301.0,24.2,62.0,17.0
2025-10-28 10:00:00,2025,10,28,10,Đồng Nai,Phường Tam Hiệp,10.9510733,106.858145,69,Moderate,1,26.5,86,0.2,0.6,342,1007.9,100,13.2,13.2,289.0,20.9,80.0,15.3
2025-10-28 11:00:00,2025,10,28,11,Đồng Nai,Phường Tam Hiệp,10.9510733,106.858145,69,Moderate,1,27.3,84,0.4,2.3,176,1007.0,99,14.6,14.6,313.0,20.7,89.0,13.9
2025-10-28 12:00:00,2025,10,28,12,Đồng Nai,Phường Tam Hiệp,10.9510733,106.858145,69,Moderate,1,28.4,83,0.5,5.4,186,1005.8,100,15.7,15.7,359.0,22.2,94.0,12.8
2025-10-28 13:00:00,2025,10,28,13,Đồng Nai,Phường Tam Hiệp,10.9510733,106.858145,70,Moderate,1,29.0,78,3.7,3.4,196,1005.4,100,16.1,16.1,395.0,24.0,100.0,12.5
2025-10-28 14:00:00,2025,10,28,14,Đồng Nai,Phường Tam Hiệp,10.9510733,106.858145,70,Moderate,1,28.6,80,0.3,1.9,131,1004.8,100,19.4,19.4,403.0,24.8,111.0,13.4
2025-10-28 15:00:00,2025,10,28,15,Đồng Nai,Phường Tam Hiệp,10.9510733,106.858145,71,Moderate,1,25.6,90,7.9,10.3,84,1004.7,100,22.2,22.2,401.0,26.0,123.0,15.1
2025-10-28 16:00:00,2025,10,28,16,Đồng Nai,Phường Tam Hiệp,10.9510733,106.858145,71,Moderate,1,26.1,89,1.7,4.8,15,1005.0,100,22.5,22.5,406.0,29.6,124.0,16.8
2025-10-28 17:00:00,2025,10,28,17,Đồng Nai,Phường Tam Hiệp,10.9510733,106.858145,72,Moderate,1,25.2,91,1.7,4.0,355,1005.8,100,23.9,23.9,434.0,38.7,104.0,18.5
2025-10-28 18:00:00,2025,10,28,18,Đồng Nai,Phường Tam Hiệp,10.9510733,106.858145,72,Moderate,1,25.0,93,0.4,6.7,14,1006.0,100,30.5,30.5,470.0,50.3,73.0,20.3
2025-10-28 19:00:00,2025,10,28,19,Đồng Nai,Phường Tam Hiệp,10.9510733,106.858145,73,Moderate,1,25.1,93,0.4,3.7,281,1006.1,100,28.2,28.2,486.0,47.8,40.0,14.3
2025-10-28 20:00:00,2025,10,28,20,Đồng Nai,Phường Tam Hiệp,10.9510733,106.858145,73,Moderate,1,25.3,94,0.4,0.4,270,1006.7,100,28.7,28.7,465.0,48.2,41.0,14.8
2025-10-28 21:00:00,2025,10,28,21,Đồng Nai,Phường Tam Hiệp,10.9510733,106.858145,74,Moderate,1,25.3,94,0.2,1.5,201,1007.4,100,30.2,30.2,424.0,48.7,41.0,15.4
2025-10-28 22:00:00,2025,10,28,22,Đồng Nai,Phường Tam Hiệp,10.9510733,106.858145,74,Moderate,1,25.1,96,0.1,1.9,131,1007.5,100,31.0,31.0,392.0,49.1,41.0,15.6
2025-10-28 23:00:00,2025,10,28,23,Đồng Nai,Phường Tam Hiệp,10.9510733,106.858145,75,Moderate,1,25.0,96,0.2,2.0,117,1007.1,100,29.7,29.8,384.0,49.4,39.0,15.0
2025-10-29 00:00:00,2025,10,29,0,Đồng Nai,Phường Tam Hiệp,10.9510733,106.858145,76,Moderate,1,25.1,94,0.1,2.8,50,1006.3,100,28.8,28.9,385.0,49.6,35.0,14.0
2025-10-29 01:00:00,2025,10,29,1,Đồng Nai,Phường Tam Hiệp,10.9510733,106.858145,76,Moderate,1,25.0,96,0.0,3.1,77,1005.9,100,30.6,30.7,378.0,48.7,33.0,12.9
2025-10-29 02:00:00,2025,10,29,2,Đồng Nai,Phường Tam Hiệp,10.9510733,106.858145,77,Moderate,1,25.0,98,0.3,3.5,78,1005.3,100,26.1,26.1,351.0,45.8,34.0,11.5
2025-10-29 03:00:00,2025,10,29,3,Đồng Nai,Phường Tam Hiệp,10.9510733,106.858145,77,Moderate,1,25.0,95,0.3,3.1,28,1005.1,100,22.9,22.9,315.0,41.9,35.0,10.0
2025-10-29 04:00:00,2025,10,29,4,Đồng Nai,Phường Tam Hiệp,10.9510733,106.858145,77,Moderate,1,24.6,92,0.8,5.8,88,1005.1,100,22.2,22.4,286.0,39.4,36.0,9.3
2025-10-29 05:00:00,2025,10,29,5,Đồng Nai,Phường Tam Hiệp,10.9510733,106.858145,77,Moderate,1,24.8,93,0.3,4.3,92,1005.3,100,21.9,21.9,271.0,40.4,33.0,10.2
2025-10-29 06:00:00,2025,10,29,6,Đồng Nai,Phường Tam Hiệp,10.9510733,106.858145,76,Moderate,1,24.5,97,0.2,7.2,102,1006.1,100,23.2,23.3,263.0,42.9,29.0,11.9
2025-10-29 07:00:00,2025,10,29,7,Đồng Nai,Phường Tam Hiệp,10.9510733,106.858145,75,Moderate,1,25.2,97,0.7,7.6,112,1006.3,100,20.1,20.4,253.0,35.7,29.0,11.6
2025-10-29 08:00:00,2025,10,29,8,Đồng Nai,Phường Tam Hiệp,10.9510733,106.858145,75,Moderate,1,26.0,91,0.4,8.0,108,1007.2,100,14.0,14.5,240.0,30.3,33.0,10.6
2025-10-29 09:00:00,2025,10,29,9,Đồng Nai,Phường Tam Hiệp,10.9510733,106.858145,74,Moderate,1,26.9,87,0.3,9.4,92,1007.3,100,9.9,10.4,226.0,23.0,40.0,9.1
2025-10-29 10:00:00,2025,10,29,10,Đồng Nai,Phường Tam Hiệp,10.9510733,106.858145,73,Moderate,1,28.0,81,0.2,9.3,72,1007.2,100,8.2,8.7,210.0,17.3,46.0,7.8
2025-10-29 11:00:00,2025,10,29,11,Đồng Nai,Phường Tam Hiệp,10.9510733,106.858145,72,Moderate,1,28.7,79,0.1,7.7,74,1006.8,100,7.8,8.5,186.0,14.6,52.0,6.6
2025-10-29 12:00:00,2025,10,29,12,Đồng Nai,Phường Tam Hiệp,10.9510733,106.858145,72,Moderate,1,29.0,76,0.1,9.0,88,1005.4,100,7.6,8.3,162.0,13.7,58.0,5.6
2025-10-29 13:00:00,2025,10,29,13,Đồng Nai,Phường Tam Hiệp,10.9510733,106.858145,71,Moderate,1,28.3,77,1.0,8.0,95,1004.7,100,7.9,8.7,156.0,14.6,63.0,5.4
2025-10-29 14:00:00,2025,10,29,14,Đồng Nai,Phường Tam Hiệp,10.9510733,106.858145,70,Moderate,1,28.5,72,0.2,11.2,111,1004.4,100,10.2,11.1,185.0,17.7,68.0,6.6
2025-10-29 15:00:00,2025,10,29,15,Đồng Nai,Phường Tam Hiệp,10.9510733,106.858145,70,Moderate,1,27.9,78,0.0,8.0,110,1004.1,100,12.2,13.2,232.0,22.5,72.0,8.6
2025-10-29 16:00:00,2025,10,29,16,Đồng Nai,Phường Tam Hiệp,10.9510733,106.858145,69,Moderate,1,27.0,81,0.1,9.3,140,1004.4,100,16.6,17.9,273.0,28.5,70.0,10.4
2025-10-29 17:00:00,2025,10,29,17,Đồng Nai,Phường Tam Hiệp,10.9510733,106.858145,68,Moderate,1,26.1,87,0.1,7.1,135,1005.5,100,18.3,20.0,299.0,36.7,58.0,11.9
2025-10-29 18:00:00,2025,10,29,18,Đồng Nai,Phường Tam Hiệp,10.9510733,106.858145,68,Moderate,1,25.7,90,0.0,3.7,113,1006.0,100,24.7,26.2,318.0,45.9,41.0,13.3
2025-10-29 19:00:00,2025,10,29,19,Đồng Nai,Phường Tam Hiệp,10.9510733,106.858145,67,Moderate,1,25.9,94,0.1,4.1,61,1005.7,99,27.1,29.0,325.0,55.1,33.0,16.0
2025-10-29 20:00:00,2025,10,29,20,Đồng Nai,Phường Tam Hiệp,10.9510733,106.858145,67,Moderate,1,25.5,96,0.0,6.0,95,1006.7,100,25.0,26.7,315.0,52.5,32.0,14.4
2025-10-29 21:00:00,2025,10,29,21,Đồng Nai,Phường Tam Hiệp,10.9510733,106.858145,67,Moderate,1,25.3,96,0.0,7.5,101,1007.1,100,22.2,23.7,295.0,48.8,30.0,12.2
2025-10-29 22:00:00,2025,10,29,22,Đồng Nai,Phường Tam Hiệp,10.9510733,106.858145,66,Moderate,1,24.9,97,0.0,7.3,81,1007.0,100,19.6,20.9,275.0,44.7,29.0,10.2
2025-10-29 23:00:00,2025,10,29,23,Đồng Nai,Phường Tam Hiệp,10.9510733,106.858145,65,Moderate,1,24.6,96,0.0,8.8,94,1006.8,100,16.6,17.9,261.0,40.0,31.0,8.6
2025-10-30 00:00:00,2025,10,30,0,Đồng Nai,Phường Tam Hiệp,10.9510733,106.858145,64,Moderate,1,24.7,96,0.1,10.2,99,1006.5,100,13.6,15.0,249.0,34.9,35.0,7.2
2025-10-30 01:00:00,2025,10,30,1,Đồng Nai,Phường Tam Hiệp,10.9510733,106.858145,62,Moderate,1,24.6,96,0.0,11.2,138,1005.9,100,11.8,13.2,237.0,31.2,37.0,6.3
2025-10-30 02:00:00,2025,10,30,2,Đồng Nai,Phường Tam Hiệp,10.9510733,106.858145,61,Moderate,1,24.5,97,0.8,9.6,124,1005.2,100,11.0,12.3,222.0,29.7,36.0,6.0
2025-10-30 03:00:00,2025,10,30,3,Đồng Nai,Phường Tam Hiệp,10.9510733,106.858145,59,Moderate,1,24.5,98,0.2,9.6,107,1005.0,100,11.2,12.6,207.0,29.5,34.0,6.3
2025-10-30 04:00:00,2025,10,30,4,Đồng Nai,Phường Tam Hiệp,10.9510733,106.858145,58,Moderate,1,24.6,98,0.4,11.1,120,1005.4,100,11.2,12.5,204.0,29.9,31.0,6.9
2025-10-30 05:00:00,2025,10,30,5,Đồng Nai,Phường Tam Hiệp,10.9510733,106.858145,57,Moderate,1,24.7,98,1.0,9.3,136,1005.6,100,11.5,12.7,218.0,31.3,27.0,8.1
2025-10-30 06:00:00,2025,10,30,6,Đồng Nai,Phường Tam Hiệp,10.9510733,106.858145,57,Moderate,1,24.7,98,0.5,7.8,128,1006.5,100,14.3,15.4,244.0,33.1,22.0,9.7
2025-10-30 07:00:00,2025,10,30,7,Đồng Nai,Phường Tam Hiệp,10.9510733,106.858145,56,Moderate,1,25.6,97,0.3,9.6,147,1006.9,100,13.9,14.2,272.0,35.0,18.0,12.6
2025-10-30 08:00:00,2025,10,30,8,Đồng Nai,Phường Tam Hiệp,10.9510733,106.858145,55,Moderate,1,26.8,89,1.1,12.2,154,1008.0,100,15.0,15.4,305.0,33.5,22.0,13.6
2025-10-30 09:00:00,2025,10,30,9,Đồng Nai,Phường Tam Hiệp,10.9510733,106.858145,55,Moderate,1,26.4,89,0.1,14.5,148,1008.5,100,15.6,16.2,340.0,31.4,29.0,14.9
2025-10-30 10:00:00,2025,10,30,10,Đồng Nai,Phường Tam Hiệp,10.9510733,106.858145,56,Moderate,1,26.6,89,0.1,13.5,161,1008.6,100,13.7,14.6,360.0,29.4,38.0,16.1
2025-10-30 11:00:00,2025,10,30,11,Đồng Nai,Phường Tam Hiệp,10.9510733,106.858145,56,Moderate,1,26.9,84,0.7,14.2,162,1008.3,100,12.5,12.9,352.0,27.6,51.0,16.8
2025-10-30 12:00:00,2025,10,30,12,Đồng Nai,Phường Tam Hiệp,10.9510733,106.858145,57,Moderate,1,26.9,84,0.9,12.5,159,1007.7,100,12.1,12.2,329.0,26.0,67.0,17.3
2025-10-30 13:00:00,2025,10,30,13,Đồng Nai,Phường Tam Hiệp,10.9510733,106.858145,57,Moderate,1,28.0,83,0.7,9.9,178,1006.8,100,13.4,13.4,315.0,24.9,81.0,17.7
2025-10-30 14:00:00,2025,10,30,14,Đồng Nai,Phường Tam Hiệp,10.9510733,106.858145,58,Moderate,1,27.1,84,0.3,12.6,197,1005.9,100,15.6,15.7,309.0,23.2,96.0,17.9
2025-10-30 15:00:00,2025,10,30,15,Đồng Nai,Phường Tam Hiệp,10.9510733,106.858145,58,Moderate,1,27.6,83,0.1,10.7,189,1005.3,100,16.5,16.5,313.0,21.9,109.0,18.1
2025-10-30 16:00:00,2025,10,30,16,Đồng Nai,Phường Tam Hiệp,10.9510733,106.858145,58,Moderate,1,27.7,84,0.0,6.7,199,1005.8,98,17.3,17.4,356.0,25.1,111.0,19.1
2025-10-30 17:00:00,2025,10,30,17,Đồng Nai,Phường Tam Hiệp,10.9510733,106.858145,58,Moderate,1,27.7,86,0.1,2.4,216,1006.3,97,19.8,19.8,492.0,36.6,93.0,21.9
2025-10-30 18:00:00,2025,10,30,18,Đồng Nai,Phường Tam Hiệp,10.9510733,106.858145,59,Moderate,1,26.9,89,0.0,0.4,153,1007.0,100,29.6,29.6,668.0,52.5,64.0,25.5
2025-10-30 19:00:00,2025,10,30,19,Đồng Nai,Phường Tam Hiệp,10.9510733,106.858145,59,Moderate,1,26.8,92,0.1,2.9,43,1007.6,98,47.5,47.8,753.0,68.6,35.0,26.9
2025-10-30 20:00:00,2025,10,30,20,Đồng Nai,Phường Tam Hiệp,10.9510733,106.858145,61,Moderate,1,26.5,94,0.0,4.2,47,1008.6,67,50.5,51.0,660.0,72.9,28.0,28.4
2025-10-30 21:00:00,2025,10,30,21,Đồng Nai,Phường Tam Hiệp,10.9510733,106.858145,63,Moderate,1,26.1,93,0.2,5.8,81,1009.4,88,52.2,53.4,476.0,78.8,18.0,30.2
2025-10-30 22:00:00,2025,10,30,22,Đồng Nai,Phường Tam Hiệp,10.9510733,106.858145,66,Moderate,1,25.4,96,0.2,6.3,114,1009.8,82,50.4,52.3,333.0,81.9,10.0,30.6
2025-10-30 23:00:00,2025,10,30,23,Đồng Nai,Phường Tam Hiệp,10.9510733,106.858145,69,Moderate,1,25.1,97,0.1,2.6,102,1009.8,86,51.0,53.2,286.0,80.3,7.0,28.2
2025-10-31 00:00:00,2025,10,31,0,Đồng Nai,Phường Tam Hiệp,10.9510733,106.858145,72,Moderate,1,25.1,96,0.2,5.7,134,1009.2,77,46.9,49.0,279.0,76.0,6.0,24.3
2025-10-31 01:00:00,2025,10,31,1,Đồng Nai,Phường Tam Hiệp,10.9510733,106.858145,75,Moderate,1,25.0,96,0.2,8.9,137,1008.8,98,36.0,37.7,282.0,70.9,6.0,20.6
2025-10-31 02:00:00,2025,10,31,2,Đồng Nai,Phường Tam Hiệp,10.9510733,106.858145,77,Moderate,1,25.0,97,0.0,4.4,150,1008.3,95,28.0,29.2,287.0,65.1,6.0,17.5
2025-10-31 03:00:00,2025,10,31,3,Đồng Nai,Phường Tam Hiệp,10.9510733,106.858145,78,Moderate,1,24.8,97,0.0,4.0,148,1008.4,81,22.8,23.8,300.0,58.5,7.0,14.7
2025-10-31 04:00:00,2025,10,31,4,Đồng Nai,Phường Tam Hiệp,10.9510733,106.858145,79,Moderate,1,24.8,98,0.0,4.9,152,1008.2,93,19.8,20.8,312.0,52.1,8.0,12.8
2025-10-31 05:00:00,2025,10,31,5,Đồng Nai,Phường Tam Hiệp,10.9510733,106.858145,80,Moderate,1,24.6,98,0.0,7.8,130,1008.2,38,18.1,19.2,322.0,46.2,9.0,12.6
2025-10-31 06:00:00,2025,10,31,6,Đồng Nai,Phường Tam Hiệp,10.9510733,106.858145,81,Moderate,1,24.5,98,0.0,7.8,132,1009.1,7,19.3,20.4,329.0,40.5,10.0,13.3
2025-10-31 07:00:00,2025,10,31,7,Đồng Nai,Phường Tam Hiệp,10.9510733,106.858145,81,Moderate,1,26.4,94,0.0,8.9,119,1009.6,19,21.8,22.7,323.0,33.3,16.0,14.3
2025-10-31 08:00:00,2025,10,31,8,Đồng Nai,Phường Tam Hiệp,10.9510733,106.858145,82,Moderate,1,27.6,88,0.1,10.6,136,1010.5,67,16.5,17.6,291.0,29.4,27.0,12.8
2025-10-31 09:00:00,2025,10,31,9,Đồng Nai,Phường Tam Hiệp,10.9510733,106.858145,82,Moderate,1,28.6,84,0.1,8.4,143,1010.9,64,12.7,14.3,245.0,23.9,43.0,10.7
2025-10-31 10:00:00,2025,10,31,10,Đồng Nai,Phường Tam Hiệp,10.9510733,106.858145,82,Moderate,1,29.9,78,0.0,8.4,155,1010.8,55,11.8,13.7,210.0,19.3,59.0,9.0
2025-10-31 11:00:00,2025,10,31,11,Đồng Nai,Phường Tam Hiệp,10.9510733,106.858145,81,Moderate,1,30.5,74,0.3,7.3,163,1010.4,100,11.9,13.1,197.0,15.9,74.0,7.9
2025-10-31 12:00:00,2025,10,31,12,Đồng Nai,Phường Tam Hiệp,10.9510733,106.858145,81,Moderate,1,29.0,74,2.7,15.1,141,1009.0,100,11.4,12.0,194.0,13.4,89.0,7.1
2025-10-31 13:00:00,2025,10,31,13,Đồng Nai,Phường Tam Hiệp,10.9510733,106.858145,81,Moderate,1,26.7,83,2.5,6.6,158,1009.0,98,12.7,13.3,195.0,12.8,99.0,6.9
2025-10-31 14:00:00,2025,10,31,14,Đồng Nai,Phường Tam Hiệp,10.9510733,106.858145,81,Moderate,1,28.4,80,0.0,10.1,125,1008.0,98,13.6,14.3,187.0,14.3,101.0,7.5
2025-10-31 15:00:00,2025,10,31,15,Đồng Nai,Phường Tam Hiệp,10.9510733,106.858145,81,Moderate,1,28.8,76,0.2,11.2,152,1007.2,73,14.4,15.0,183.0,17.8,98.0,8.7
2025-10-31 16:00:00,2025,10,31,16,Đồng Nai,Phường Tam Hiệp,10.9510733,106.858145,81,Moderate,1,28.9,77,0.1,8.5,152,1007.4,94,14.6,15.2,212.0,23.6,89.0,10.5
2025-10-31 17:00:00,2025,10,31,17,Đồng Nai,Phường Tam Hiệp,10.9510733,106.858145,81,Moderate,1,28.0,83,0.2,5.9,160,1008.6,93,14.9,15.4,294.0,33.7,72.0,13.3
2025-10-31 18:00:00,2025,10,31,18,Đồng Nai,Phường Tam Hiệp,10.9510733,106.858145,80,Moderate,1,27.0,86,0.9,3.4,164,1009.6,91,21.2,21.7,410.0,46.1,51.0,16.5
2025-10-31 19:00:00,2025,10,31,19,Đồng Nai,Phường Tam Hiệp,10.9510733,106.858145,79,Moderate,1,27.0,88,0.1,3.0,155,1009.8,85,29.6,30.7,532.0,52.9,33.0,16.2
2025-10-31 20:00:00,2025,10,31,20,Đồng Nai,Phường Tam Hiệp,10.9510733,106.858145,78,Moderate,1,27.1,89,0.0,2.9,173,1010.6,99,30.0,31.2,679.0,52.6,30.0,15.8
2025-10-31 21:00:00,2025,10,31,21,Đồng Nai,Phường Tam Hiệp,10.9510733,106.858145,76,Moderate,1,26.8,90,0.0,4.4,122,1010.4,100,27.5,28.5,832.0,52.1,25.0,15.3
2025-10-31 22:00:00,2025,10,31,22,Đồng Nai,Phường Tam Hiệp,10.9510733,106.858145,74,Moderate,1,26.2,93,0.0,2.9,150,1010.4,99,27.0,27.9,906.0,52.2,21.0,14.9
2025-10-31 23:00:00,2025,10,31,23,Đồng Nai,Phường Tam Hiệp,10.9510733,106.858145,72,Moderate,1,26.1,93,0.0,0.9,143,1010.2,95,29.1,30.5,831.0,53.1,18.0,14.9
2025-11-01 00:00:00,2025,11,1,0,Đồng Nai,Phường Tam Hiệp,10.9510733,106.858145,70,Moderate,1,25.9,94,0.0,0.7,284,1010.0,72,30.0,31.9,676.0,54.5,16.0,15.1
2025-11-01 01:00:00,2025,11,1,1,Đồng Nai,Phường Tam Hiệp,10.9510733,106.858145,68,Moderate,1,26.0,95,0.0,0.0,270,1009.5,98,29.2,31.1,569.0,55.9,13.0,15.3
2025-11-01 02:00:00,2025,11,1,2,Đồng Nai,Phường Tam Hiệp,10.9510733,106.858145,68,Moderate,1,24.8,94,7.0,4.0,185,1008.9,100,32.8,34.9,581.0,57.6,8.0,15.2
2025-11-01 03:00:00,2025,11,1,3,Đồng Nai,Phường Tam Hiệp,10.9510733,106.858145,68,Moderate,1,24.8,96,0.2,3.1,135,1008.4,88,39.5,41.0,641.0,59.3,4.0,15.0
2025-11-01 04:00:00,2025,11,1,4,Đồng Nai,Phường Tam Hiệp,10.9510733,106.858145,70,Moderate,1,24.9,96,0.1,2.2,76,1008.6,84,44.6,45.9,659.0,59.7,2.0,15.5
2025-11-01 05:00:00,2025,11,1,5,Đồng Nai,Phường Tam Hiệp,10.9510733,106.858145,72,Moderate,1,24.9,96,0.0,5.2,70,1009.0,39,47.4,48.5,586.0,58.0,5.0,17.3
2025-11-01 06:00:00,2025,11,1,6,Đồng Nai,Phường Tam Hiệp,10.9510733,106.858145,74,Moderate,1,24.6,97,0.0,4.7,94,1009.9,60,44.2,45.3,472.0,54.9,11.0,19.7
2025-11-01 07:00:00,2025,11,1,7,Đồng Nai,Phường Tam Hiệp,10.9510733,106.858145,77,Moderate,1,26.2,95,0.0,2.7,58,1010.1,98,32.1,32.5,375.0,55.5,12.0,17.6
2025-11-01 08:00:00,2025,11,1,8,Đồng Nai,Phường Tam Hiệp,10.9510733,106.858145,78,Moderate,1,27.6,87,0.0,3.1,45,1010.6,100,24.7,25.1,315.0,48.6,27.0,16.1
2025-11-01 09:00:00,2025,11,1,9,Đồng Nai,Phường Tam Hiệp,10.9510733,106.858145,78,Moderate,1,28.9,81,0.2,2.9,11,1010.8,67,20.3,21.0,272.0,39.0,49.0,14.1
2025-11-01 10:00:00,2025,11,1,10,Đồng Nai,Phường Tam Hiệp,10.9510733,106.858145,79,Moderate,1,29.7,78,0.3,2.1,301,1010.8,96,18.3,19.3,243.0,31.1,70.0,13.0
2025-11-01 11:00:00,2025,11,1,11,Đồng Nai,Phường Tam Hiệp,10.9510733,106.858145,80,Moderate,1,30.3,74,0.3,3.7,281,1010.0,100,19.0,19.9,229.0,26.4,92.0,13.8
2025-11-01 12:00:00,2025,11,1,12,Đồng Nai,Phường Tam Hiệp,10.9510733,106.858145,80,Moderate,1,28.6,79,7.0,10.1,314,1008.4,99,20.6,21.4,229.0,23.5,114.0,15.4
2025-11-01 13:00:00,2025,11,1,13,Đồng Nai,Phường Tam Hiệp,10.9510733,106.858145,81,Moderate,1,26.1,90,4.2,2.9,158,1008.5,100,22.7,23.5,239.0,22.4,127.0,16.4
2025-11-01 14:00:00,2025,11,1,14,Đồng Nai,Phường Tam Hiệp,10.9510733,106.858145,82,Moderate,1,27.0,87,0.1,4.0,141,1007.2,100,24.7,25.3,258.0,22.9,127.0,15.3
2025-11-01 15:00:00,2025,11,1,15,Đồng Nai,Phường Tam Hiệp,10.9510733,106.858145,83,Moderate,1,27.8,84,0.1,0.4,117,1007.3,100,24.4,25.1,287.0,25.1,119.0,13.6
2025-11-01 16:00:00,2025,11,1,16,Đồng Nai,Phường Tam Hiệp,10.9510733,106.858145,84,Moderate,1,26.0,88,3.9,7.4,271,1007.6,100,23.4,23.9,322.0,29.7,106.0,13.4
2025-11-01 17:00:00,2025,11,1,17,Đồng Nai,Phường Tam Hiệp,10.9510733,106.858145,85,Moderate,1,25.5,91,0.3,3.6,20,1008.1,100,23.8,24.2,371.0,38.0,86.0,16.1
2025-11-01 18:00:00,2025,11,1,18,Đồng Nai,Phường Tam Hiệp,10.9510733,106.858145,85,Moderate,1,25.3,94,0.4,0.8,117,1009.2,100,27.8,28.2,428.0,48.7,61.0,20.4
2025-11-01 19:00:00,2025,11,1,19,Đồng Nai,Phường Tam Hiệp,10.9510733,106.858145,86,Moderate,1,26.0,91,0.4,3.7,256,1009.6,100,61.2,61.7,466.0,89.7,13.0,29.2
2025-11-01 20:00:00,2025,11,1,20,Đồng Nai,Phường Tam Hiệp,10.9510733,106.858145,89,Moderate,1,25.5,94,0.3,2.7,298,1010.5,100,60.5,61.0,446.0,84.0,15.0,27.2
2025-11-01 21:00:00,2025,11,1,21,Đồng Nai,Phường Tam Hiệp,10.9510733,106.858145,91,Moderate,1,25.5,94,0.1,4.8,315,1010.5,100,52.4,52.9,407.0,76.2,17.0,24.5
2025-11-01 22:00:00,2025,11,1,22,Đồng Nai,Phường Tam Hiệp,10.9510733,106.858145,94,Moderate,1,25.0,96,0.0,6.7,322,1010.3,100,44.1,44.5,448.0,70.8,18.0,23.0
2025-11-01 23:00:00,2025,11,1,23,Đồng Nai,Phường Tam Hiệp,10.9510733,106.858145,95,Moderate,1,24.6,95,0.4,5.4,318,1009.9,100,43.3,43.7,662.0,70.5,15.0,23.6
2025-11-02 00:00:00,2025,11,2,0,Đồng Nai,Phường Tam Hiệp,10.9510733,106.858145,96,Moderate,1,24.5,94,0.1,2.3,328,1009.5,100,47.0,47.4,955.0,72.7,10.0,25.4
2025-11-02 01:00:00,2025,11,2,1,Đồng Nai,Phường Tam Hiệp,10.9510733,106.858145,98,Moderate,1,24.8,92,0.1,1.9,292,1008.8,100,50.4,50.6,1142.0,74.1,6.0,27.5
2025-11-02 02:00:00,2025,11,2,2,Đồng Nai,Phường Tam Hiệp,10.9510733,106.858145,100,Moderate,1,24.5,91,0.0,1.6,333,1008.5,100,44.4,44.5,1136.0,73.5,4.0,29.5
2025-11-02 03:00:00,2025,11,2,3,Đồng Nai,Phường Tam Hiệp,10.9510733,106.858145,101,Unhealthy for Sensitive Groups,2,24.6,93,0.0,4.3,345,1008.5,100,41.4,41.6,1023.0,72.0,4.0,31.7
2025-11-02 04:00:00,2025,11,2,4,Đồng Nai,Phường Tam Hiệp,10.9510733,106.858145,101,Unhealthy for Sensitive Groups,2,24.4,95,0.0,4.2,335,1007.7,100,37.1,37.3,881.0,70.0,5.0,34.1
2025-11-02 05:00:00,2025,11,2,5,Đồng Nai,Phường Tam Hiệp,10.9510733,106.858145,100,Moderate,1,24.2,95,0.0,2.8,325,1008.1,100,39.0,39.1,707.0,68.0,6.0,37.8
2025-11-02 06:00:00,2025,11,2,6,Đồng Nai,Phường Tam Hiệp,10.9510733,106.858145,100,Moderate,1,24.2,94,0.0,2.7,318,1008.9,100,43.0,43.2,503.0,65.4,8.0,41.6
2025-11-02 07:00:00,2025,11,2,7,Đồng Nai,Phường Tam Hiệp,10.9510733,106.858145,99,Moderate,1,25.2,91,0.0,5.5,287,1008.7,88,29.1,29.1,349.0,45.9,14.0,29.7
2025-11-02 08:00:00,2025,11,2,8,Đồng Nai,Phường Tam Hiệp,10.9510733,106.858145,99,Moderate,1,26.9,84,0.0,5.6,312,1009.6,92,25.6,25.6,288.0,40.1,30.0,26.8
2025-11-02 09:00:00,2025,11,2,9,Đồng Nai,Phường Tam Hiệp,10.9510733,106.858145,99,Moderate,1,28.4,79,0.0,6.2,330,1010.5,93,22.4,22.5,278.0,31.9,52.0,22.9
2025-11-02 10:00:00,2025,11,2,10,Đồng Nai,Phường Tam Hiệp,10.9510733,106.858145,99,Moderate,1,29.5,75,0.0,7.8,314,1010.3,95,17.5,17.6,271.0,25.0,74.0,19.7
2025-11-02 11:00:00,2025,11,2,11,Đồng Nai,Phường Tam Hiệp,10.9510733,106.858145,99,Moderate,1,30.3,72,0.0,8.7,302,1009.4,100,17.9,18.0,252.0,20.5,95.0,18.1
2025-11-02 12:00:00,2025,11,2,12,Đồng Nai,Phường Tam Hiệp,10.9510733,106.858145,99,Moderate,1,30.8,67,0.0,10.4,287,1007.7,100,18.7,18.7,237.0,17.2,115.0,17.4
2025-11-02 13:00:00,2025,11,2,13,Đồng Nai,Phường Tam Hiệp,10.9510733,106.858145,99,Moderate,1,30.6,68,0.0,9.1,309,1006.7,100,18.8,18.9,228.0,15.4,128.0,16.8
2025-11-02 14:00:00,2025,11,2,14,Đồng Nai,Phường Tam Hiệp,10.9510733,106.858145,99,Moderate,1,30.6,67,0.1,7.5,285,1005.9,100,19.2,19.2,220.0,14.3,133.0,15.8
2025-11-02 15:00:00,2025,11,2,15,Đồng Nai,Phường Tam Hiệp,10.9510733,106.858145,98,Moderate,1,30.0,67,0.1,5.4,296,1005.5,100,18.3,18.4,218.0,14.7,132.0,15.1
2025-11-02 16:00:00,2025,11,2,16,Đồng Nai,Phường Tam Hiệp,10.9510733,106.858145,98,Moderate,1,26.6,86,6.5,7.6,43,1006.7,100,18.2,18.3,233.0,19.0,122.0,15.8
2025-11-02 17:00:00,2025,11,2,17,Đồng Nai,Phường Tam Hiệp,10.9510733,106.858145,97,Moderate,1,25.6,92,4.2,2.1,255,1006.9,100,24.1,24.2,279.0,30.5,99.0,19.1
2025-11-02 18:00:00,2025,11,2,18,Đồng Nai,Phường Tam Hiệp,10.9510733,106.858145,97,Moderate,1,25.6,92,0.7,5.3,225,1008.1,100,31.8,31.9,342.0,46.0,69.0,23.9
2025-11-02 19:00:00,2025,11,2,19,Đồng Nai,Phường Tam Hiệp,10.9510733,106.858145,98,Moderate,1,25.5,93,0.2,9.7,245,1007.8,100,38.9,39.2,395.0,53.7,29.0,30.2
2025-11-02 20:00:00,2025,11,2,20,Đồng Nai,Phường Tam Hiệp,10.9510733,106.858145,96,Moderate,1,25.5,94,0.4,9.7,245,1009.0,100,40.5,40.7,426.0,56.3,23.0,32.8
2025-11-02 21:00:00,2025,11,2,21,Đồng Nai,Phường Tam Hiệp,10.9510733,106.858145,94,Moderate,1,25.2,95,0.1,2.7,302,1009.0,99,41.6,41.8,446.0,59.7,14.0,36.3
2025-11-02 22:00:00,2025,11,2,22,Đồng Nai,Phường Tam Hiệp,10.9510733,106.858145,93,Moderate,1,25.1,96,0.0,4.3,303,1008.9,88,41.6,41.8,460.0,61.3,8.0,38.4
2025-11-02 23:00:00,2025,11,2,23,Đồng Nai,Phường Tam Hiệp,10.9510733,106.858145,93,Moderate,1,25.0,97,0.0,4.1,299,1008.9,100,39.0,39.1,467.0,59.5,6.0,38.1
2025-11-03 00:00:00,2025,11,3,0,Đồng Nai,Phường Tam Hiệp,10.9510733,106.858145,92,Moderate,1,24.7,98,0.0,3.4,344,1008.0,100,36.9,37.0,469.0,55.9,6.0,36.3
2025-11-03 01:00:00,2025,11,3,1,Đồng Nai,Phường Tam Hiệp,10.9510733,106.858145,91,Moderate,1,25.3,97,0.0,4.8,312,1007.1,100,34.2,34.3,472.0,52.3,6.0,34.2
2025-11-03 02:00:00,2025,11,3,2,Đồng Nai,Phường Tam Hiệp,10.9510733,106.858145,90,Moderate,1,25.4,98,0.1,3.6,319,1006.9,100,31.2,31.3,484.0,49.2,6.0,31.3
2025-11-03 03:00:00,2025,11,3,3,Đồng Nai,Phường Tam Hiệp,10.9510733,106.858145,89,Moderate,1,25.2,94,0.3,3.6,319,1006.8,100,27.4,27.5,498.0,46.2,6.0,28.0
2025-11-03 04:00:00,2025,11,3,4,Đồng Nai,Phường Tam Hiệp,10.9510733,106.858145,88,Moderate,1,24.8,89,4.3,4.2,258,1007.0,100,25.6,25.7,503.0,43.8,7.0,26.2
2025-11-03 05:00:00,2025,11,3,5,Đồng Nai,Phường Tam Hiệp,10.9510733,106.858145,87,Moderate,1,24.2,97,1.0,6.0,299,1007.2,100,26.8,26.9,496.0,42.9,6.0,27.9
2025-11-03 06:00:00,2025,11,3,6,Đồng Nai,Phường Tam Hiệp,10.9510733,106.858145,85,Moderate,1,24.5,95,0.1,4.1,304,1008.2,100,29.5,29.6,479.0,42.7,5.0,31.2
2025-11-03 07:00:00,2025,11,3,7,Đồng Nai,Phường Tam Hiệp,10.9510733,106.858145,84,Moderate,1,25.0,94,0.0,5.4,300,1008.6,100,32.8,33.1,453.0,34.8,24.0,27.9
2025-11-03 08:00:00,2025,11,3,8,Đồng Nai,Phường Tam Hiệp,10.9510733,106.858145,85,Moderate,1,26.0,89,0.0,5.7,319,1009.4,88,34.0,34.2,409.0,33.0,38.0,26.3
2025-11-03 09:00:00,2025,11,3,9,Đồng Nai,Phường Tam Hiệp,10.9510733,106.858145,85,Moderate,1,27.4,84,0.1,4.7,320,1009.7,44,29.7,29.9,354.0,30.3,57.0,24.0
2025-11-03 10:00:00,2025,11,3,10,Đồng Nai,Phường Tam Hiệp,10.9510733,106.858145,86,Moderate,1,28.2,81,0.2,4.9,294,1009.6,98,28.6,28.8,311.0,27.1,77.0,21.8
2025-11-03 11:00:00,2025,11,3,11,Đồng Nai,Phường Tam Hiệp,10.9510733,106.858145,87,Moderate,1,29.0,74,0.2,6.0,299,1008.6,100,28.7,28.9,286.0,22.7,98.0,19.5
2025-11-03 12:00:00,2025,11,3,12,Đồng Nai,Phường Tam Hiệp,10.9510733,106.858145,88,Moderate,1,28.5,78,0.1,9.4,259,1007.3,100,27.6,27.8,273.0,17.7,119.0,17.3
2025-11-03 13:00:00,2025,11,3,13,Đồng Nai,Phường Tam Hiệp,10.9510733,106.858145,89,Moderate,1,27.5,84,9.8,8.6,306,1007.2,100,27.3,27.5,271.0,14.9,133.0,15.9
2025-11-03 14:00:00,2025,11,3,14,Đồng Nai,Phường Tam Hiệp,10.9510733,106.858145,89,Moderate,1,27.4,82,0.1,10.2,307,1006.3,100,27.5,27.6,282.0,14.4,139.0,15.6
2025-11-03 15:00:00,2025,11,3,15,Đồng Nai,Phường Tam Hiệp,10.9510733,106.858145,90,Moderate,1,27.8,80,0.0,8.4,312,1005.5,100,28.8,28.9,304.0,15.9,138.0,16.2
2025-11-03 16:00:00,2025,11,3,16,Đồng Nai,Phường Tam Hiệp,10.9510733,106.858145,91,Moderate,1,27.4,81,0.0,6.6,338,1004.6,100,28.3,28.5,337.0,21.8,128.0,17.7
2025-11-03 17:00:00,2025,11,3,17,Đồng Nai,Phường Tam Hiệp,10.9510733,106.858145,92,Moderate,1,27.0,84,0.0,4.8,329,1006.0,99,33.9,34.1,386.0,35.7,102.0,20.9
2025-11-03 18:00:00,2025,11,3,18,Đồng Nai,Phường Tam Hiệp,10.9510733,106.858145,93,Moderate,1,26.2,89,0.1,5.2,2,1006.4,100,51.2,51.3,445.0,53.8,67.0,25.0
2025-11-03 19:00:00,2025,11,3,19,Đồng Nai,Phường Tam Hiệp,10.9510733,106.858145,95,Moderate,1,26.8,89,0.0,1.6,6,1006.5,100,45.6,45.8,498.0,65.4,21.0,30.2
2025-11-03 20:00:00,2025,11,3,20,Đồng Nai,Phường Tam Hiệp,10.9510733,106.858145,95,Moderate,1,26.1,90,0.7,1.2,321,1008.1,100,44.2,44.4,538.0,64.2,17.0,28.7
2025-11-03 21:00:00,2025,11,3,21,Đồng Nai,Phường Tam Hiệp,10.9510733,106.858145,96,Moderate,1,26.1,89,0.6,0.6,108,1008.0,92,41.7,41.8,570.0,62.6,11.0,26.7
2025-11-03 22:00:00,2025,11,3,22,Đồng Nai,Phường Tam Hiệp,10.9510733,106.858145,96,Moderate,1,25.8,88,0.0,0.6,252,1008.1,35,42.1,42.3,597.0,61.8,6.0,25.9
2025-11-03 23:00:00,2025,11,3,23,Đồng Nai,Phường Tam Hiệp,10.9510733,106.858145,96,Moderate,1,25.6,89,0.0,0.6,304,1008.2,48,42.3,42.4,618.0,62.8,3.0,27.4
2025-11-04 00:00:00,2025,11,4,0,Đồng Nai,Phường Tam Hiệp,10.9510733,106.858145,96,Moderate,1,25.4,90,0.1,1.9,299,1007.6,83,46.4,46.6,634.0,64.6,2.0,30.2
2025-11-04 01:00:00,2025,11,4,1,Đồng Nai,Phường Tam Hiệp,10.9510733,106.858145,97,Moderate,1,25.8,90,0.1,0.3,45,1007.2,100,49.2,49.4,644.0,65.2,1.0,32.2
2025-11-04 02:00:00,2025,11,4,2,Đồng Nai,Phường Tam Hiệp,10.9510733,106.858145,98,Moderate,1,25.6,92,0.0,5.7,288,1007.0,100,50.1,50.2,655.0,63.8,0.0,32.9
2025-11-04 03:00:00,2025,11,4,3,Đồng Nai,Phường Tam Hiệp,10.9510733,106.858145,100,Moderate,1,25.1,96,0.1,6.0,295,1006.2,99,48.2,48.3,661.0,61.2,0.0,32.9
2025-11-04 04:00:00,2025,11,4,4,Đồng Nai,Phường Tam Hiệp,10.9510733,106.858145,102,Unhealthy for Sensitive Groups,2,24.7,97,0.0,4.0,328,1006.2,100,45.3,45.4,639.0,57.9,1.0,32.4
2025-11-04 05:00:00,2025,11,4,5,Đồng Nai,Phường Tam Hiệp,10.9510733,106.858145,104,Unhealthy for Sensitive Groups,2,24.5,97,0.0,3.5,332,1006.8,100,42.5,42.5,568.0,54.4,6.0,31.7
2025-11-04 06:00:00,2025,11,4,6,Đồng Nai,Phường Tam Hiệp,10.9510733,106.858145,106,Unhealthy for Sensitive Groups,2,24.5,97,0.0,6.1,357,1007.7,100,41.4,41.4,469.0,50.3,14.0,30.4
2025-11-04 07:00:00,2025,11,4,7,Đồng Nai,Phường Tam Hiệp,10.9510733,106.858145,107,Unhealthy for Sensitive Groups,2,24.4,94,0.0,6.6,37,1008.2,100,61.9,61.9,384.0,70.6,22.0,55.9
2025-11-04 08:00:00,2025,11,4,8,Đồng Nai,Phường Tam Hiệp,10.9510733,106.858145,110,Unhealthy for Sensitive Groups,2,25.9,84,0.2,4.4,328,1008.6,97,34.9,34.9,329.0,58.8,40.0,45.8
2025-11-04 09:00:00,2025,11,4,9,Đồng Nai,Phường Tam Hiệp,10.9510733,106.858145,110,Unhealthy for Sensitive Groups,2,27.5,82,0.0,5.2,326,1009.3,88,24.0,24.2,289.0,42.4,66.0,31.9
2025-11-04 10:00:00,2025,11,4,10,Đồng Nai,Phường Tam Hiệp,10.9510733,106.858145,109,Unhealthy for Sensitive Groups,2,28.8,80,0.2,6.7,322,1009.1,91,20.5,20.6,260.0,29.5,91.0,21.5
2025-11-04 11:00:00,2025,11,4,11,Đồng Nai,Phường Tam Hiệp,10.9510733,106.858145,109,Unhealthy for Sensitive Groups,2,29.5,75,0.2,7.0,328,1008.1,100,20.0,20.1,242.0,23.3,116.0,18.2
2025-11-04 12:00:00,2025,11,4,12,Đồng Nai,Phường Tam Hiệp,10.9510733,106.858145,108,Unhealthy for Sensitive Groups,2,29.8,71,0.2,8.7,323,1006.6,100,20.9,21.0,236.0,20.7,141.0,18.3
2025-11-04 13:00:00,2025,11,4,13,Đồng Nai,Phường Tam Hiệp,10.9510733,106.858145,107,Unhealthy for Sensitive Groups,2,30.2,70,0.2,7.9,319,1006.3,31,23.7,23.8,235.0,20.1,158.0,18.6
2025-11-04 14:00:00,2025,11,4,14,Đồng Nai,Phường Tam Hiệp,10.9510733,106.858145,107,Unhealthy for Sensitive Groups,2,30.5,71,0.2,7.4,338,1004.9,100,24.4,24.5,236.0,21.3,164.0,17.5
2025-11-04 15:00:00,2025,11,4,15,Đồng Nai,Phường Tam Hiệp,10.9510733,106.858145,106,Unhealthy for Sensitive Groups,2,27.2,84,7.1,5.3,332,1005.2,99,27.1,27.1,242.0,24.6,162.0,16.6
2025-11-04 16:00:00,2025,11,4,16,Đồng Nai,Phường Tam Hiệp,10.9510733,106.858145,106,Unhealthy for Sensitive Groups,2,27.4,81,0.2,2.0,275,1005.1,95,30.0,30.0,265.0,29.2,153.0,16.5
2025-11-04 17:00:00,2025,11,4,17,Đồng Nai,Phường Tam Hiệp,10.9510733,106.858145,106,Unhealthy for Sensitive Groups,2,27.4,83,0.0,1.2,333,1006.0,100,32.0,32.1,316.0,35.6,135.0,17.8
2025-11-04 18:00:00,2025,11,4,18,Đồng Nai,Phường Tam Hiệp,10.9510733,106.858145,106,Unhealthy for Sensitive Groups,2,26.4,87,0.5,2.8,325,1006.7,99,35.2,35.2,382.0,43.4,110.0,19.9
2025-11-04 19:00:00,2025,11,4,19,Đồng Nai,Phường Tam Hiệp,10.9510733,106.858145,109,Unhealthy for Sensitive Groups,2,26.5,90,2.5,5.5,144,1006.5,100,39.5,39.5,438.0,51.4,75.0,21.1
2025-11-04 20:00:00,2025,11,4,20,Đồng Nai,Phường Tam Hiệp,10.9510733,106.858145,104,Unhealthy for Sensitive Groups,2,25.2,97,5.1,3.5,102,1007.8,98,39.7,39.7,475.0,52.3,63.0,22.9
2025-11-04 21:00:00,2025,11,4,21,Đồng Nai,Phường Tam Hiệp,10.9510733,106.858145,103,Unhealthy for Sensitive Groups,2,25.0,98,1.3,3.2,153,1008.2,100,36.2,36.2,501.0,53.5,46.0,25.3
2025-11-04 22:00:00,2025,11,4,22,Đồng Nai,Phường Tam Hiệp,10.9510733,106.858145,103,Unhealthy for Sensitive Groups,2,24.9,99,0.7,4.1,56,1007.3,100,33.5,33.5,518.0,53.5,33.0,26.1
2025-11-04 23:00:00,2025,11,4,23,Đồng Nai,Phường Tam Hiệp,10.9510733,106.858145,102,Unhealthy for Sensitive Groups,2,24.8,99,0.2,2.8,63,1007.3,100,29.8,29.8,526.0,51.6,26.0,24.0
2025-11-05 00:00:00,2025,11,5,0,Đồng Nai,Phường Tam Hiệp,10.9510733,106.858145,100,Moderate,1,24.9,96,0.0,0.3,315,1006.9,99,26.8,26.8,525.0,48.4,21.0,20.3
2025-11-05 01:00:00,2025,11,5,1,Đồng Nai,Phường Tam Hiệp,10.9510733,106.858145,99,Moderate,1,25.0,92,0.0,2.9,180,1006.5,100,23.7,23.7,515.0,45.0,20.0,16.9
2025-11-05 02:00:00,2025,11,5,2,Đồng Nai,Phường Tam Hiệp,10.9510733,106.858145,96,Moderate,1,24.4,96,0.6,5.5,229,1006.1,100,19.9,19.9,495.0,40.6,23.0,14.0
2025-11-05 03:00:00,2025,11,5,3,Đồng Nai,Phường Tam Hiệp,10.9510733,106.858145,94,Moderate,1,24.4,95,0.1,3.3,311,1005.5,100,16.7,16.8,466.0,35.8,30.0,11.5
2025-11-05 04:00:00,2025,11,5,4,Đồng Nai,Phường Tam Hiệp,10.9510733,106.858145,91,Moderate,1,24.0,98,0.0,0.9,281,1005.5,100,17.1,17.2,433.0,33.5,34.0,10.6
2025-11-05 05:00:00,2025,11,5,5,Đồng Nai,Phường Tam Hiệp,10.9510733,106.858145,88,Moderate,1,24.0,97,0.0,0.3,315,1006.2,100,17.9,17.9,395.0,35.9,32.0,12.6
2025-11-05 06:00:00,2025,11,5,6,Đồng Nai,Phường Tam Hiệp,10.9510733,106.858145,86,Moderate,1,24.1,97,0.0,1.2,309,1006.8,100,20.7,20.7,353.0,40.6,27.0,16.3
2025-11-05 07:00:00,2025,11,5,7,Đồng Nai,Phường Tam Hiệp,10.9510733,106.858145,84,Moderate,1,25.5,93,0.0,5.0,305,1006.6,100,21.2,21.2,318.0,38.0,39.0,13.9
2025-11-05 08:00:00,2025,11,5,8,Đồng Nai,Phường Tam Hiệp,10.9510733,106.858145,81,Moderate,1,26.5,87,0.0,3.7,299,1007.3,100,18.9,18.9,292.0,34.5,50.0,13.4
2025-11-05 09:00:00,2025,11,5,9,Đồng Nai,Phường Tam Hiệp,10.9510733,106.858145,79,Moderate,1,27.6,83,0.2,5.0,305,1007.8,99,17.8,17.8,273.0,29.6,66.0,12.6
2025-11-05 10:00:00,2025,11,5,10,Đồng Nai,Phường Tam Hiệp,10.9510733,106.858145,79,Moderate,1,28.2,80,0.1,4.1,319,1007.8,100,18.1,18.2,264.0,25.7,81.0,11.9
2025-11-05 11:00:00,2025,11,5,11,Đồng Nai,Phường Tam Hiệp,10.9510733,106.858145,79,Moderate,1,28.5,79,0.1,5.4,300,1006.5,100,19.2,19.3,264.0,23.3,96.0,11.3
2025-11-05 12:00:00,2025,11,5,12,Đồng Nai,Phường Tam Hiệp,10.9510733,106.858145,79,Moderate,1,29.0,77,0.1,1.6,243,1005.2,100,19.5,19.6,273.0,21.8,110.0,10.8
2025-11-05 13:00:00,2025,11,5,13,Đồng Nai,Phường Tam Hiệp,10.9510733,106.858145,78,Moderate,1,29.6,72,0.1,2.7,208,1004.7,100,21.1,21.1,295.0,22.3,119.0,10.7
2025-11-05 14:00:00,2025,11,5,14,Đồng Nai,Phường Tam Hiệp,10.9510733,106.858145,78,Moderate,1,28.7,77,0.2,6.0,231,1004.2,100,23.8,23.9,340.0,25.0,119.0,10.6
2025-11-05 15:00:00,2025,11,5,15,Đồng Nai,Phường Tam Hiệp,10.9510733,106.858145,78,Moderate,1,27.5,82,1.4,3.5,125,1004.1,100,24.4,24.4,399.0,29.6,112.0,11.0
2025-11-05 16:00:00,2025,11,5,16,Đồng Nai,Phường Tam Hiệp,10.9510733,106.858145,78,Moderate,1,26.5,86,3.1,2.7,188,1004.1,100,26.9,27.0,447.0,36.0,103.0,13.7
2025-11-05 17:00:00,2025,11,5,17,Đồng Nai,Phường Tam Hiệp,10.9510733,106.858145,78,Moderate,1,26.3,87,0.0,3.8,149,1004.5,100,35.0,35.2,473.0,44.6,91.0,20.3
2025-11-05 18:00:00,2025,11,5,18,Đồng Nai,Phường Tam Hiệp,10.9510733,106.858145,78,Moderate,1,25.9,90,0.0,2.3,39,1005.6,100,44.5,44.5,489.0,55.0,77.0,29.2
2025-11-05 19:00:00,2025,11,5,19,Đồng Nai,Phường Tam Hiệp,10.9510733,106.858145,79,Moderate,1,25.3,91,0.0,4.4,192,1005.9,100,61.2,61.5,507.0,70.1,46.0,24.9
2025-11-05 20:00:00,2025,11,5,20,Đồng Nai,Phường Tam Hiệp,10.9510733,106.858145,81,Moderate,1,25.4,95,0.1,7.1,131,1005.8,100,52.5,52.6,541.0,69.3,48.0,27.7
2025-11-05 21:00:00,2025,11,5,21,Đồng Nai,Phường Tam Hiệp,10.9510733,106.858145,82,Moderate,1,25.0,96,0.0,3.1,135,1006.2,100,53.4,53.6,577.0,68.3,50.0,31.6
2025-11-05 22:00:00,2025,11,5,22,Đồng Nai,Phường Tam Hiệp,10.9510733,106.858145,83,Moderate,1,24.7,97,0.0,3.2,106,1006.7,100,60.8,60.8,591.0,67.8,49.0,34.8
2025-11-05 23:00:00,2025,11,5,23,Đồng Nai,Phường Tam Hiệp,10.9510733,106.858145,86,Moderate,1,24.6,97,0.0,2.8,50,1006.6,100,69.6,69.6,565.0,68.8,42.0,36.8
2025-11-06 00:00:00,2025,11,6,0,Đồng Nai,Phường Tam Hiệp,10.9510733,106.858145,89,Moderate,1,24.4,97,0.0,2.0,90,1006.1,100,69.8,70.1,517.0,70.3,32.0,38.1
2025-11-06 01:00:00,2025,11,6,1,Đồng Nai,Phường Tam Hiệp,10.9510733,106.858145,93,Moderate,1,25.0,95,0.0,7.6,245,1005.1,100,66.4,66.6,474.0,70.7,24.0,38.9
2025-11-06 02:00:00,2025,11,6,2,Đồng Nai,Phường Tam Hiệp,10.9510733,106.858145,97,Moderate,1,24.5,96,0.1,6.2,249,1004.0,100,58.4,58.4,447.0,69.5,20.0,39.4
2025-11-06 03:00:00,2025,11,6,3,Đồng Nai,Phường Tam Hiệp,10.9510733,106.858145,100,Moderate,1,24.4,97,0.1,4.8,292,1003.9,100,57.9,58.0,425.0,67.1,18.0,39.4
2025-11-06 04:00:00,2025,11,6,4,Đồng Nai,Phường Tam Hiệp,10.9510733,106.858145,105,Unhealthy for Sensitive Groups,2,24.1,98,0.5,2.8,288,1004.0,100,52.0,52.0,405.0,63.6,18.0,38.8
2025-11-06 05:00:00,2025,11,6,5,Đồng Nai,Phường Tam Hiệp,10.9510733,106.858145,108,Unhealthy for Sensitive Groups,2,24.3,94,0.7,5.6,343,1004.4,100,45.2,45.3,385.0,58.3,19.0,37.2
2025-11-06 06:00:00,2025,11,6,6,Đồng Nai,Phường Tam Hiệp,10.9510733,106.858145,111,Unhealthy for Sensitive Groups,2,24.5,97,0.0,6.2,311,1004.8,100,40.9,41.0,366.0,51.8,22.0,35.0
2025-11-06 07:00:00,2025,11,6,7,Đồng Nai,Phường Tam Hiệp,10.9510733,106.858145,113,Unhealthy for Sensitive Groups,2,25.2,95,0.0,7.4,273,1005.6,100,31.4,31.4,350.0,41.2,28.0,33.4
2025-11-06 08:00:00,2025,11,6,8,Đồng Nai,Phường Tam Hiệp,10.9510733,106.858145,114,Unhealthy for Sensitive Groups,2,25.5,93,0.0,7.4,269,1006.2,100,31.0,31.0,337.0,38.4,36.0,29.7
2025-11-06 09:00:00,2025,11,6,9,Đồng Nai,Phường Tam Hiệp,10.9510733,106.858145,116,Unhealthy for Sensitive Groups,2,26.0,90,0.0,8.4,289,1006.5,100,29.2,29.3,327.0,34.6,49.0,24.7
2025-11-06 10:00:00,2025,11,6,10,Đồng Nai,Phường Tam Hiệp,10.9510733,106.858145,117,Unhealthy for Sensitive Groups,2,27.5,83,0.0,10.0,311,1006.1,100,29.4,29.6,313.0,31.7,60.0,21.3
2025-11-06 11:00:00,2025,11,6,11,Đồng Nai,Phường Tam Hiệp,10.9510733,106.858145,118,Unhealthy for Sensitive Groups,2,27.6,81,0.0,10.2,315,1005.6,100,29.1,29.3,287.0,30.0,71.0,20.7
2025-11-06 12:00:00,2025,11,6,12,Đồng Nai,Phường Tam Hiệp,10.9510733,106.858145,119,Unhealthy for Sensitive Groups,2,27.8,80,0.0,10.8,308,1004.4,100,29.1,29.4,259.0,29.2,81.0,21.7
2025-11-06 13:00:00,2025,11,6,13,Đồng Nai,Phường Tam Hiệp,10.9510733,106.858145,120,Unhealthy for Sensitive Groups,2,27.4,83,0.0,9.4,306,1003.8,100,27.1,27.5,249.0,30.7,87.0,23.4
2025-11-06 14:00:00,2025,11,6,14,Đồng Nai,Phường Tam Hiệp,10.9510733,106.858145,121,Unhealthy for Sensitive Groups,2,27.6,83,0.1,13.5,295,1002.4,100,27.5,27.9,260.0,35.9,88.0,25.6
2025-11-06 15:00:00,2025,11,6,15,Đồng Nai,Phường Tam Hiệp,10.9510733,106.858145,121,Unhealthy for Sensitive Groups,2,27.1,86,0.0,12.4,289,1002.4,100,33.3,33.6,290.0,43.3,85.0,28.6
2025-11-06 16:00:00,2025,11,6,16,Đồng Nai,Phường Tam Hiệp,10.9510733,106.858145,122,Unhealthy for Sensitive Groups,2,26.7,89,0.1,7.1,306,1001.9,100,39.8,40.2,355.0,50.1,78.0,31.6
2025-11-06 17:00:00,2025,11,6,17,Đồng Nai,Phường Tam Hiệp,10.9510733,106.858145,123,Unhealthy for Sensitive Groups,2,26.4,92,0.2,5.5,287,1001.6,100,42.4,42.8,474.0,56.0,64.0,35.2
2025-11-06 18:00:00,2025,11,6,18,Đồng Nai,Phường Tam Hiệp,10.9510733,106.858145,124,Unhealthy for Sensitive Groups,2,26.0,94,0.5,10.4,233,1001.9,100,45.4,45.9,629.0,61.4,46.0,38.9
2025-11-06 19:00:00,2025,11,6,19,Đồng Nai,Phường Tam Hiệp,10.9510733,106.858145,124,Unhealthy for Sensitive Groups,2,26.2,92,0.8,9.4,238,1002.6,100,37.6,37.8,782.0,61.5,24.0,36.9
2025-11-06 20:00:00,2025,11,6,20,Đồng Nai,Phường Tam Hiệp,10.9510733,106.858145,122,Unhealthy for Sensitive Groups,2,25.9,95,0.6,12.9,228,1002.9,100,31.7,31.9,964.0,57.0,24.0,34.6
2025-11-06 21:00:00,2025,11,6,21,Đồng Nai,Phường Tam Hiệp,10.9510733,106.858145,119,Unhealthy for Sensitive Groups,2,25.0,96,0.5,14.4,244,1003.6,100,28.6,28.8,1145.0,50.8,24.0,31.4
2025-11-06 22:00:00,2025,11,6,22,Đồng Nai,Phường Tam Hiệp,10.9510733,106.858145,117,Unhealthy for Sensitive Groups,2,24.9,96,0.8,12.7,245,1004.3,100,29.6,29.7,1191.0,45.4,25.0,28.6
2025-11-06 23:00:00,2025,11,6,23,Đồng Nai,Phường Tam Hiệp,10.9510733,106.858145,114,Unhealthy for Sensitive Groups,2,25.0,96,1.3,13.5,245,1004.4,100,32.1,32.2,986.0,41.8,27.0,26.6
2025-11-07 00:00:00,2025,11,7,0,Đồng Nai,Phường Tam Hiệp,10.9510733,106.858145,110,Unhealthy for Sensitive Groups,2,25.1,97,1.6,14.2,240,1004.1,100,28.9,29.0,647.0,39.0,30.0,25.0
2025-11-07 01:00:00,2025,11,7,1,Đồng Nai,Phường Tam Hiệp,10.9510733,106.858145,105,Unhealthy for Sensitive Groups,2,24.9,96,1.1,15.3,231,1003.8,100,26.4,26.5,395.0,36.8,32.0,23.7
2025-11-07 02:00:00,2025,11,7,2,Đồng Nai,Phường Tam Hiệp,10.9510733,106.858145,101,Unhealthy for Sensitive Groups,2,25.0,97,0.7,10.8,255,1002.7,100,25.3,25.3,323.0,34.8,33.0,22.4
2025-11-07 03:00:00,2025,11,7,3,Đồng Nai,Phường Tam Hiệp,10.9510733,106.858145,98,Moderate,1,25.0,96,0.2,9.9,249,1003.0,100,26.3,26.4,338.0,33.3,33.0,21.3
2025-11-07 04:00:00,2025,11,7,4,Đồng Nai,Phường Tam Hiệp,10.9510733,106.858145,95,Moderate,1,24.5,97,0.1,10.4,217,1003.2,100,22.3,22.4,382.0,33.5,31.0,21.1
2025-11-07 05:00:00,2025,11,7,5,Đồng Nai,Phường Tam Hiệp,10.9510733,106.858145,93,Moderate,1,24.5,97,0.0,8.6,210,1003.8,100,18.6,18.6,458.0,37.1,26.0,22.5
2025-11-07 06:00:00,2025,11,7,6,Đồng Nai,Phường Tam Hiệp,10.9510733,106.858145,90,Moderate,1,24.6,97,0.1,12.0,201,1004.8,100,19.1,19.2,564.0,42.3,19.0,24.9
2025-11-07 07:00:00,2025,11,7,7,Đồng Nai,Phường Tam Hiệp,10.9510733,106.858145,88,Moderate,1,25.7,94,0.2,9.7,219,1005.4,100,29.0,29.6,636.0,43.1,18.0,22.4
2025-11-07 08:00:00,2025,11,7,8,Đồng Nai,Phường Tam Hiệp,10.9510733,106.858145,88,Moderate,1,27.1,89,0.1,10.3,229,1006.0,100,22.7,23.1,642.0,39.9,26.0,22.6
2025-11-07 09:00:00,2025,11,7,9,Đồng Nai,Phường Tam Hiệp,10.9510733,106.858145,87,Moderate,1,28.2,84,0.1,7.0,226,1006.7,99,21.1,21.4,613.0,35.4,38.0,22.7
2025-11-07 10:00:00,2025,11,7,10,Đồng Nai,Phường Tam Hiệp,10.9510733,106.858145,87,Moderate,1,29.3,79,0.2,5.9,235,1007.0,100,22.1,22.5,580.0,31.0,52.0,21.9
2025-11-07 11:00:00,2025,11,7,11,Đồng Nai,Phường Tam Hiệp,10.9510733,106.858145,86,Moderate,1,30.2,73,0.1,3.9,223,1006.5,100,21.7,22.1,554.0,26.6,69.0,19.1
2025-11-07 12:00:00,2025,11,7,12,Đồng Nai,Phường Tam Hiệp,10.9510733,106.858145,85,Moderate,1,30.5,71,0.1,3.1,208,1005.8,99,20.2,20.5,523.0,22.4,87.0,15.3
2025-11-07 13:00:00,2025,11,7,13,Đồng Nai,Phường Tam Hiệp,10.9510733,106.858145,85,Moderate,1,30.7,69,0.1,3.3,151,1004.6,100,20.5,20.8,483.0,20.4,99.0,12.8
2025-11-07 14:00:00,2025,11,7,14,Đồng Nai,Phường Tam Hiệp,10.9510733,106.858145,84,Moderate,1,27.0,79,3.4,16.6,171,1005.2,100,20.1,20.4,410.0,21.7,100.0,12.7
2025-11-07 15:00:00,2025,11,7,15,Đồng Nai,Phường Tam Hiệp,10.9510733,106.858145,83,Moderate,1,26.6,85,2.2,10.6,201,1005.0,99,19.9,20.1,328.0,25.3,95.0,13.9
2025-11-07 16:00:00,2025,11,7,16,Đồng Nai,Phường Tam Hiệp,10.9510733,106.858145,82,Moderate,1,26.2,87,0.4,8.8,206,1005.3,100,19.4,19.7,304.0,30.3,85.0,15.2
2025-11-07 17:00:00,2025,11,7,17,Đồng Nai,Phường Tam Hiệp,10.9510733,106.858145,80,Moderate,1,26.0,87,0.2,2.3,203,1006.0,100,20.0,20.2,401.0,37.1,70.0,16.3
2025-11-07 18:00:00,2025,11,7,18,Đồng Nai,Phường Tam Hiệp,10.9510733,106.858145,78,Moderate,1,25.3,91,0.3,7.0,93,1006.7,98,22.1,22.3,556.0,45.3,51.0,17.6
2025-11-07 19:00:00,2025,11,7,19,Đồng Nai,Phường Tam Hiệp,10.9510733,106.858145,76,Moderate,1,24.2,94,0.1,5.4,201,1007.7,100,34.8,35.0,641.0,64.5,23.0,24.4
2025-11-07 20:00:00,2025,11,7,20,Đồng Nai,Phường Tam Hiệp,10.9510733,106.858145,76,Moderate,1,24.5,96,0.4,4.0,120,1008.6,100,35.9,36.1,580.0,65.3,20.0,25.0
2025-11-07 21:00:00,2025,11,7,21,Đồng Nai,Phường Tam Hiệp,10.9510733,106.858145,76,Moderate,1,24.5,95,0.1,4.6,135,1008.8,100,35.7,36.0,450.0,66.3,16.0,25.8
2025-11-07 22:00:00,2025,11,7,22,Đồng Nai,Phường Tam Hiệp,10.9510733,106.858145,77,Moderate,1,24.5,96,0.1,3.5,189,1008.7,99,37.5,37.7,351.0,66.5,14.0,26.9
2025-11-07 23:00:00,2025,11,7,23,Đồng Nai,Phường Tam Hiệp,10.9510733,106.858145,78,Moderate,1,24.2,97,0.1,3.1,159,1008.6,100,38.5,38.8,328.0,64.5,15.0,28.2
2025-11-08 00:00:00,2025,11,8,0,Đồng Nai,Phường Tam Hiệp,10.9510733,106.858145,78,Moderate,1,24.5,97,0.0,4.8,127,1008.5,98,35.0,35.3,336.0,61.7,19.0,29.8
2025-11-08 01:00:00,2025,11,8,1,Đồng Nai,Phường Tam Hiệp,10.9510733,106.858145,79,Moderate,1,25.0,98,0.0,3.3,103,1007.4,100,35.6,35.9,343.0,61.1,19.0,31.7
2025-11-08 02:00:00,2025,11,8,2,Đồng Nai,Phường Tam Hiệp,10.9510733,106.858145,80,Moderate,1,24.8,99,0.0,4.7,106,1006.8,99,39.7,39.9,334.0,65.5,14.0,34.1
2025-11-08 03:00:00,2025,11,8,3,Đồng Nai,Phường Tam Hiệp,10.9510733,106.858145,81,Moderate,1,24.8,98,0.0,3.0,128,1006.6,100,43.4,43.7,324.0,72.2,6.0,36.8
2025-11-08 04:00:00,2025,11,8,4,Đồng Nai,Phường Tam Hiệp,10.9510733,106.858145,83,Moderate,1,24.4,97,0.0,3.0,166,1006.8,99,45.9,46.3,329.0,75.8,1.0,38.8
2025-11-08 05:00:00,2025,11,8,5,Đồng Nai,Phường Tam Hiệp,10.9510733,106.858145,85,Moderate,1,24.5,98,0.0,3.6,120,1007.1,100,50.4,50.6,367.0,74.1,1.0,40.1
2025-11-08 06:00:00,2025,11,8,6,Đồng Nai,Phường Tam Hiệp,10.9510733,106.858145,87,Moderate,1,24.5,99,0.0,3.5,102,1007.8,99,55.9,56.1,419.0,69.4,4.0,40.8
2025-11-08 07:00:00,2025,11,8,7,Đồng Nai,Phường Tam Hiệp,10.9510733,106.858145,91,Moderate,1,25.5,96,0.0,5.5,101,1008.9,15,53.8,53.9,444.0,64.1,17.0,39.3
2025-11-08 08:00:00,2025,11,8,8,Đồng Nai,Phường Tam Hiệp,10.9510733,106.858145,93,Moderate,1,27.1,87,0.1,6.1,156,1009.7,27,29.6,29.7,418.0,53.9,35.0,35.1
2025-11-08 09:00:00,2025,11,8,9,Đồng Nai,Phường Tam Hiệp,10.9510733,106.858145,94,Moderate,1,28.3,80,0.1,6.8,180,1009.5,21,21.7,21.9,365.0,39.8,61.0,29.3
2025-11-08 10:00:00,2025,11,8,10,Đồng Nai,Phường Tam Hiệp,10.9510733,106.858145,94,Moderate,1,29.5,74,0.2,7.0,206,1009.2,91,18.7,18.9,320.0,28.3,85.0,24.1
2025-11-08 11:00:00,2025,11,8,11,Đồng Nai,Phường Tam Hiệp,10.9510733,106.858145,93,Moderate,1,30.4,71,0.2,6.1,185,1008.9,98,18.9,19.2,294.0,21.8,108.0,20.4
2025-11-08 12:00:00,2025,11,8,12,Đồng Nai,Phường Tam Hiệp,10.9510733,106.858145,93,Moderate,1,30.6,71,0.0,6.9,165,1008.3,100,19.7,20.0,276.0,18.0,130.0,17.4
2025-11-08 13:00:00,2025,11,8,13,Đồng Nai,Phường Tam Hiệp,10.9510733,106.858145,93,Moderate,1,30.9,69,0.3,5.0,167,1007.7,84,19.9,20.3,265.0,16.5,140.0,15.0
2025-11-08 14:00:00,2025,11,8,14,Đồng Nai,Phường Tam Hiệp,10.9510733,106.858145,93,Moderate,1,31.0,69,0.1,3.8,188,1006.5,95,19.8,20.2,256.0,17.2,132.0,13.0
2025-11-08 15:00:00,2025,11,8,15,Đồng Nai,Phường Tam Hiệp,10.9510733,106.858145,93,Moderate,1,29.6,72,0.6,8.1,102,1006.1,100,17.9,18.3,255.0,20.2,113.0,11.6
2025-11-08 16:00:00,2025,11,8,16,Đồng Nai,Phường Tam Hiệp,10.9510733,106.858145,93,Moderate,1,27.5,85,0.3,9.6,104,1006.0,100,16.4,16.8,278.0,26.0,92.0,11.4
2025-11-08 17:00:00,2025,11,8,17,Đồng Nai,Phường Tam Hiệp,10.9510733,106.858145,92,Moderate,1,27.5,84,1.4,5.6,123,1006.9,100,18.5,19.8,348.0,36.9,69.0,13.0
2025-11-08 18:00:00,2025,11,8,18,Đồng Nai,Phường Tam Hiệp,10.9510733,106.858145,92,Moderate,1,26.1,92,3.4,7.0,26,1007.5,93,26.1,27.9,443.0,50.7,44.0,15.8
2025-11-08 19:00:00,2025,11,8,19,Đồng Nai,Phường Tam Hiệp,10.9510733,106.858145,93,Moderate,1,25.4,94,0.0,3.6,60,1007.4,44,32.6,34.2,508.0,50.3,49.0,18.4
2025-11-08 20:00:00,2025,11,8,20,Đồng Nai,Phường Tam Hiệp,10.9510733,106.858145,92,Moderate,1,25.4,96,0.0,1.1,108,1008.8,92,36.0,38.8,520.0,53.9,41.0,19.4
2025-11-08 21:00:00,2025,11,8,21,Đồng Nai,Phường Tam Hiệp,10.9510733,106.858145,92,Moderate,1,25.4,96,0.0,0.9,101,1009.2,93,38.9,41.7,504.0,58.8,30.0,20.7
2025-11-08 22:00:00,2025,11,8,22,Đồng Nai,Phường Tam Hiệp,10.9510733,106.858145,93,Moderate,1,25.4,96,0.0,6.5,122,1009.0,91,36.9,39.2,478.0,62.2,21.0,21.3
2025-11-08 23:00:00,2025,11,8,23,Đồng Nai,Phường Tam Hiệp,10.9510733,106.858145,93,Moderate,1,25.2,96,0.0,5.5,131,1009.2,34,30.7,32.6,443.0,62.3,17.0,20.1
2025-11-09 00:00:00,2025,11,9,0,Đồng Nai,Phường Tam Hiệp,10.9510733,106.858145,92,Moderate,1,25.0,96,0.0,4.8,155,1008.8,62,29.4,30.9,400.0,60.8,16.0,18.2
2025-11-09 01:00:00,2025,11,9,1,Đồng Nai,Phường Tam Hiệp,10.9510733,106.858145,92,Moderate,1,25.1,93,0.0,4.1,193,1007.9,80,32.4,34.0,364.0,60.3,15.0,17.7
2025-11-09 02:00:00,2025,11,9,2,Đồng Nai,Phường Tam Hiệp,10.9510733,106.858145,91,Moderate,1,25.1,95,0.0,5.8,200,1007.6,97,36.1,38.1,341.0,62.4,12.0,20.0
2025-11-09 03:00:00,2025,11,9,3,Đồng Nai,Phường Tam Hiệp,10.9510733,106.858145,91,Moderate,1,24.6,96,2.2,3.1,177,1007.4,100,36.2,38.5,327.0,65.5,10.0,23.8
2025-11-09 04:00:00,2025,11,9,4,Đồng Nai,Phường Tam Hiệp,10.9510733,106.858145,90,Moderate,1,24.5,94,1.3,6.6,201,1006.8,50,33.8,36.3,324.0,66.7,8.0,27.3
2025-11-09 05:00:00,2025,11,9,5,Đồng Nai,Phường Tam Hiệp,10.9510733,106.858145,89,Moderate,1,24.2,96,0.0,3.5,189,1006.9,34,33.8,36.4,344.0,64.8,7.0,30.4
2025-11-09 06:00:00,2025,11,9,6,Đồng Nai,Phường Tam Hiệp,10.9510733,106.858145,88,Moderate,1,24.2,96,0.0,1.8,270,1007.8,100,39.0,41.8,376.0,61.2,7.0,33.4
2025-11-09 07:00:00,2025,11,9,7,Đồng Nai,Phường Tam Hiệp,10.9510733,106.858145,86,Moderate,1,26.0,95,0.0,2.2,24,1008.6,100,42.8,44.9,385.0,55.2,14.0,39.8
2025-11-09 08:00:00,2025,11,9,8,Đồng Nai,Phường Tam Hiệp,10.9510733,106.858145,85,Moderate,1,27.3,87,0.1,4.6,111,1008.7,99,35.0,37.3,349.0,50.2,22.0,36.3
2025-11-09 09:00:00,2025,11,9,9,Đồng Nai,Phường Tam Hiệp,10.9510733,106.858145,86,Moderate,1,28.8,80,0.0,1.4,140,1008.9,100,29.5,31.0,291.0,43.2,33.0,31.2
2025-11-09 10:00:00,2025,11,9,10,Đồng Nai,Phường Tam Hiệp,10.9510733,106.858145,86,Moderate,1,29.6,78,0.1,1.2,141,1009.0,100,24.0,24.7,247.0,37.0,46.0,26.1
2025-11-09 11:00:00,2025,11,9,11,Đồng Nai,Phường Tam Hiệp,10.9510733,106.858145,87,Moderate,1,30.5,71,0.1,1.1,81,1008.4,100,20.5,21.0,236.0,32.1,64.0,20.9
2025-11-09 12:00:00,2025,11,9,12,Đồng Nai,Phường Tam Hiệp,10.9510733,106.858145,87,Moderate,1,30.6,70,0.1,0.6,288,1007.2,95,19.3,19.8,240.0,27.9,84.0,15.5
2025-11-09 13:00:00,2025,11,9,13,Đồng Nai,Phường Tam Hiệp,10.9510733,106.858145,87,Moderate,1,31.0,67,0.1,1.4,90,1006.5,86,17.9,18.4,242.0,25.6,96.0,11.8
2025-11-09 14:00:00,2025,11,9,14,Đồng Nai,Phường Tam Hiệp,10.9510733,106.858145,87,Moderate,1,31.2,68,0.1,2.8,220,1005.6,100,17.2,17.6,227.0,24.8,97.0,10.3
2025-11-09 15:00:00,2025,11,9,15,Đồng Nai,Phường Tam Hiệp,10.9510733,106.858145,87,Moderate,1,30.2,69,1.5,7.9,129,1004.9,100,16.2,16.5,209.0,25.9,90.0,10.4
2025-11-09 16:00:00,2025,11,9,16,Đồng Nai,Phường Tam Hiệp,10.9510733,106.858145,86,Moderate,1,26.6,86,3.3,7.9,47,1005.6,100,17.2,17.5,215.0,31.1,78.0,11.6
2025-11-09 17:00:00,2025,11,9,17,Đồng Nai,Phường Tam Hiệp,10.9510733,106.858145,87,Moderate,1,26.1,87,0.1,3.1,24,1006.2,98,24.8,25.1,268.0,44.1,58.0,14.2
2025-11-09 18:00:00,2025,11,9,18,Đồng Nai,Phường Tam Hiệp,10.9510733,106.858145,87,Moderate,1,25.8,90,0.0,3.6,360,1006.2,99,36.6,37.1,345.0,61.3,32.0,18.1
2025-11-09 19:00:00,2025,11,9,19,Đồng Nai,Phường Tam Hiệp,10.9510733,106.858145,88,Moderate,1,26.2,95,0.0,0.9,233,1006.3,100,39.5,41.6,405.0,74.8,11.0,23.7
2025-11-09 20:00:00,2025,11,9,20,Đồng Nai,Phường Tam Hiệp,10.9510733,106.858145,89,Moderate,1,26.5,91,0.0,0.6,198,1007.2,100,50.2,52.5,426.0,74.3,9.0,26.7
2025-11-09 21:00:00,2025,11,9,21,Đồng Nai,Phường Tam Hiệp,10.9510733,106.858145,90,Moderate,1,26.1,92,0.0,2.2,215,1007.6,100,59.1,61.5,429.0,73.8,6.0,31.0
2025-11-09 22:00:00,2025,11,9,22,Đồng Nai,Phường Tam Hiệp,10.9510733,106.858145,92,Moderate,1,26.2,91,0.0,0.4,180,1007.8,100,63.6,65.9,442.0,74.2,4.0,35.5
2025-11-09 23:00:00,2025,11,9,23,Đồng Nai,Phường Tam Hiệp,10.9510733,106.858145,94,Moderate,1,25.9,93,0.0,0.6,214,1007.8,100,67.5,69.6,487.0,76.7,3.0,40.4
2025-11-10 00:00:00,2025,11,10,0,Đồng Nai,Phường Tam Hiệp,10.9510733,106.858145,97,Moderate,1,25.5,94,0.0,2.1,250,1007.3,100,61.0,62.4,541.0,80.2,2.0,45.5
2025-11-10 01:00:00,2025,11,10,1,Đồng Nai,Phường Tam Hiệp,10.9510733,106.858145,100,Moderate,1,25.5,96,0.0,1.5,324,1007.0,100,65.2,65.9,561.0,82.3,1.0,49.1
2025-11-10 02:00:00,2025,11,10,2,Đồng Nai,Phường Tam Hiệp,10.9510733,106.858145,104,Unhealthy for Sensitive Groups,2,25.2,97,0.0,1.9,17,1006.4,100,69.4,69.6,515.0,81.9,0.0,50.1
2025-11-10 03:00:00,2025,11,10,3,Đồng Nai,Phường Tam Hiệp,10.9510733,106.858145,107,Unhealthy for Sensitive Groups,2,25.0,99,0.0,1.9,338,1006.0,100,71.5,71.7,436.0,80.0,0.0,49.7
2025-11-10 04:00:00,2025,11,10,4,Đồng Nai,Phường Tam Hiệp,10.9510733,106.858145,111,Unhealthy for Sensitive Groups,2,24.9,99,0.0,2.9,349,1006.4,100,72.9,73.3,373.0,77.5,1.0,49.5
2025-11-10 05:00:00,2025,11,10,5,Đồng Nai,Phường Tam Hiệp,10.9510733,106.858145,115,Unhealthy for Sensitive Groups,2,24.8,99,0.0,3.0,335,1006.8,100,72.4,72.9,351.0,74.9,4.0,51.2
2025-11-10 06:00:00,2025,11,10,6,Đồng Nai,Phường Tam Hiệp,10.9510733,106.858145,119,Unhealthy for Sensitive Groups,2,24.9,99,0.0,4.4,328,1007.1,100,71.7,71.9,345.0,71.6,8.0,53.3
2025-11-10 07:00:00,2025,11,10,7,Đồng Nai,Phường Tam Hiệp,10.9510733,106.858145,122,Unhealthy for Sensitive Groups,2,25.9,98,0.0,3.5,81,1007.8,99,94.3,95.0,340.0,84.1,13.0,56.4
2025-11-10 08:00:00,2025,11,10,8,Đồng Nai,Phường Tam Hiệp,10.9510733,106.858145,128,Unhealthy for Sensitive Groups,2,27.5,90,0.0,3.0,128,1008.3,98,75.7,76.6,325.0,73.2,23.0,48.6
2025-11-10 09:00:00,2025,11,10,9,Đồng Nai,Phường Tam Hiệp,10.9510733,106.858145,132,Unhealthy for Sensitive Groups,2,28.9,82,0.0,5.3,168,1008.4,100,41.6,42.7,310.0,58.1,38.0,37.9
2025-11-10 10:00:00,2025,11,10,10,Đồng Nai,Phường Tam Hiệp,10.9510733,106.858145,133,Unhealthy for Sensitive Groups,2,29.9,75,0.1,6.2,190,1008.0,100,33.2,34.3,306.0,46.0,55.0,29.7
2025-11-10 11:00:00,2025,11,10,11,Đồng Nai,Phường Tam Hiệp,10.9510733,106.858145,134,Unhealthy for Sensitive Groups,2,30.2,72,0.1,4.0,216,1007.1,100,34.1,35.2,324.0,40.1,78.0,26.9
2025-11-10 12:00:00,2025,11,10,12,Đồng Nai,Phường Tam Hiệp,10.9510733,106.858145,135,Unhealthy for Sensitive Groups,2,30.8,69,0.0,3.4,227,1006.0,100,35.0,36.1,352.0,37.2,103.0,26.7
2025-11-10 13:00:00,2025,11,10,13,Đồng Nai,Phường Tam Hiệp,10.9510733,106.858145,137,Unhealthy for Sensitive Groups,2,31.1,63,0.0,1.2,231,1005.2,99,35.2,36.2,369.0,35.1,119.0,26.1
2025-11-10 14:00:00,2025,11,10,14,Đồng Nai,Phường Tam Hiệp,10.9510733,106.858145,139,Unhealthy for Sensitive Groups,2,31.8,63,0.1,2.9,240,1004.6,96,34.8,36.0,356.0,32.2,121.0,23.5
2025-11-10 15:00:00,2025,11,10,15,Đồng Nai,Phường Tam Hiệp,10.9510733,106.858145,141,Unhealthy for Sensitive Groups,2,30.9,68,0.1,6.7,174,1004.3,100,31.8,32.7,331.0,30.1,114.0,20.4
2025-11-10 16:00:00,2025,11,10,16,Đồng Nai,Phường Tam Hiệp,10.9510733,106.858145,142,Unhealthy for Sensitive Groups,2,28.8,76,0.4,8.7,204,1004.7,100,28.2,29.3,328.0,31.1,102.0,18.4
2025-11-10 17:00:00,2025,11,10,17,Đồng Nai,Phường Tam Hiệp,10.9510733,106.858145,143,Unhealthy for Sensitive Groups,2,27.9,82,0.0,8.2,218,1005.2,100,27.3,28.3,380.0,37.3,84.0,18.3
2025-11-10 18:00:00,2025,11,10,18,Đồng Nai,Phường Tam Hiệp,10.9510733,106.858145,144,Unhealthy for Sensitive Groups,2,26.1,87,1.1,5.3,294,1006.2,89,32.1,33.8,454.0,46.7,61.0,19.3
2025-11-10 19:00:00,2025,11,10,19,Đồng Nai,Phường Tam Hiệp,10.9510733,106.858145,143,Unhealthy for Sensitive Groups,2,26.5,89,1.2,0.6,18,1006.2,68,46.3,47.0,489.0,62.5,39.0,22.4
2025-11-10 20:00:00,2025,11,10,20,Đồng Nai,Phường Tam Hiệp,10.9510733,106.858145,144,Unhealthy for Sensitive Groups,2,25.8,88,0.5,2.7,217,1007.4,99,42.6,43.4,447.0,63.6,35.0,24.0
2025-11-10 21:00:00,2025,11,10,21,Đồng Nai,Phường Tam Hiệp,10.9510733,106.858145,143,Unhealthy for Sensitive Groups,2,25.5,91,0.2,2.9,300,1008.2,98,41.8,42.8,365.0,64.9,28.0,26.1
2025-11-10 22:00:00,2025,11,10,22,Đồng Nai,Phường Tam Hiệp,10.9510733,106.858145,141,Unhealthy for Sensitive Groups,2,25.0,93,0.5,2.2,204,1008.2,99,39.6,41.0,293.0,64.4,24.0,27.4
2025-11-10 23:00:00,2025,11,10,23,Đồng Nai,Phường Tam Hiệp,10.9510733,106.858145,139,Unhealthy for Sensitive Groups,2,24.5,96,1.2,7.4,7,1008.7,100,37.0,38.8,244.0,60.3,24.0,26.8
2025-11-11 00:00:00,2025,11,11,0,Đồng Nai,Phường Tam Hiệp,10.9510733,106.858145,136,Unhealthy for Sensitive Groups,2,24.5,97,0.2,3.6,60,1008.2,100,32.2,33.5,204.0,54.4,25.0,25.4
2025-11-11 01:00:00,2025,11,11,1,Đồng Nai,Phường Tam Hiệp,10.9510733,106.858145,133,Unhealthy for Sensitive Groups,2,23.9,98,0.4,12.1,47,1007.7,100,28.8,30.4,181.0,50.7,25.0,25.1
2025-11-11 02:00:00,2025,11,11,2,Đồng Nai,Phường Tam Hiệp,10.9510733,106.858145,129,Unhealthy for Sensitive Groups,2,24.1,93,0.3,6.2,97,1006.8,100,30.3,31.5,185.0,51.6,22.0,26.9
2025-11-11 03:00:00,2025,11,11,3,Đồng Nai,Phường Tam Hiệp,10.9510733,106.858145,125,Unhealthy for Sensitive Groups,2,23.5,95,1.2,7.9,16,1007.5,100,34.3,34.9,206.0,54.6,17.0,29.8
2025-11-11 04:00:00,2025,11,11,4,Đồng Nai,Phường Tam Hiệp,10.9510733,106.858145,121,Unhealthy for Sensitive Groups,2,23.7,93,1.0,4.7,58,1006.9,100,33.4,33.9,227.0,56.6,14.0,32.8
2025-11-11 05:00:00,2025,11,11,5,Đồng Nai,Phường Tam Hiệp,10.9510733,106.858145,117,Unhealthy for Sensitive Groups,2,23.4,95,0.1,5.9,43,1007.7,100,34.7,35.0,245.0,56.6,13.0,36.2
2025-11-11 06:00:00,2025,11,11,6,Đồng Nai,Phường Tam Hiệp,10.9510733,106.858145,113,Unhealthy for Sensitive Groups,2,23.4,95,0.3,5.9,38,1008.9,100,38.8,39.2,263.0,55.5,14.0,39.7
2025-11-11 07:00:00,2025,11,11,7,Đồng Nai,Phường Tam Hiệp,10.9510733,106.858145,109,Unhealthy for Sensitive Groups,2,24.4,94,0.8,8.3,88,1008.5,100,30.4,31.3,273.0,52.4,16.0,33.1
2025-11-11 08:00:00,2025,11,11,8,Đồng Nai,Phường Tam Hiệp,10.9510733,106.858145,103,Unhealthy for Sensitive Groups,2,26.1,86,0.1,7.8,109,1009.3,100,26.4,27.6,270.0,46.8,23.0,29.5
2025-11-11 09:00:00,2025,11,11,9,Đồng Nai,Phường Tam Hiệp,10.9510733,106.858145,98,Moderate,1,27.6,81,0.0,7.3,126,1009.4,100,23.6,24.5,259.0,39.1,33.0,24.5
2025-11-11 10:00:00,2025,11,11,10,Đồng Nai,Phường Tam Hiệp,10.9510733,106.858145,96,Moderate,1,29.0,75,0.0,4.8,155,1009.0,100,19.4,20.5,253.0,32.5,45.0,20.5
2025-11-11 11:00:00,2025,11,11,11,Đồng Nai,Phường Tam Hiệp,10.9510733,106.858145,95,Moderate,1,30.0,69,0.0,2.8,140,1008.4,100,18.4,19.4,251.0,28.3,63.0,18.7
2025-11-11 12:00:00,2025,11,11,12,Đồng Nai,Phường Tam Hiệp,10.9510733,106.858145,94,Moderate,1,30.5,69,0.0,3.0,205,1007.2,100,19.4,20.1,254.0,25.3,83.0,17.9
2025-11-11 13:00:00,2025,11,11,13,Đồng Nai,Phường Tam Hiệp,10.9510733,106.858145,92,Moderate,1,30.9,70,0.0,2.7,247,1006.5,100,20.7,21.4,269.0,23.6,97.0,17.3
2025-11-11 14:00:00,2025,11,11,14,Đồng Nai,Phường Tam Hiệp,10.9510733,106.858145,91,Moderate,1,30.9,71,0.0,4.5,230,1005.5,100,21.5,22.2,313.0,22.5,103.0,16.4
2025-11-11 15:00:00,2025,11,11,15,Đồng Nai,Phường Tam Hiệp,10.9510733,106.858145,90,Moderate,1,31.0,68,0.0,5.2,211,1004.9,100,21.4,22.1,369.0,22.8,103.0,15.6
2025-11-11 16:00:00,2025,11,11,16,Đồng Nai,Phường Tam Hiệp,10.9510733,106.858145,89,Moderate,1,29.0,75,0.0,10.2,134,1005.4,100,21.0,22.1,400.0,26.9,95.0,15.6
2025-11-11 17:00:00,2025,11,11,17,Đồng Nai,Phường Tam Hiệp,10.9510733,106.858145,88,Moderate,1,27.8,82,0.1,5.5,79,1006.0,100,21.5,23.9,378.0,38.3,73.0,16.9
2025-11-11 18:00:00,2025,11,11,18,Đồng Nai,Phường Tam Hiệp,10.9510733,106.858145,88,Moderate,1,26.3,88,0.1,9.0,47,1006.7,100,28.5,30.9,330.0,53.5,43.0,18.9
2025-11-11 19:00:00,2025,11,11,19,Đồng Nai,Phường Tam Hiệp,10.9510733,106.858145,88,Moderate,1,26.4,88,0.0,4.5,113,1006.4,100,39.5,42.0,301.0,68.0,19.0,23.1
2025-11-11 20:00:00,2025,11,11,20,Đồng Nai,Phường Tam Hiệp,10.9510733,106.858145,87,Moderate,1,26.1,92,0.3,2.3,29,1008.0,100,41.7,44.2,316.0,67.1,15.0,24.5
2025-11-11 21:00:00,2025,11,11,21,Đồng Nai,Phường Tam Hiệp,10.9510733,106.858145,87,Moderate,1,26.0,94,0.0,4.0,172,1008.2,100,43.9,46.3,350.0,65.8,9.0,26.2
2025-11-11 22:00:00,2025,11,11,22,Đồng Nai,Phường Tam Hiệp,10.9510733,106.858145,87,Moderate,1,26.1,93,0.1,2.6,124,1008.1,100,46.7,49.0,368.0,64.3,5.0,26.7
2025-11-11 23:00:00,2025,11,11,23,Đồng Nai,Phường Tam Hiệp,10.9510733,106.858145,88,Moderate,1,25.9,94,0.0,5.6,180,1008.3,100,42.6,44.9,355.0,62.4,3.0,24.8
2025-11-12 00:00:00,2025,11,12,0,Đồng Nai,Phường Tam Hiệp,10.9510733,106.858145,88,Moderate,1,25.9,93,0.0,5.8,196,1008.3,100,36.9,39.2,326.0,60.4,3.0,21.6
2025-11-12 01:00:00,2025,11,12,1,Đồng Nai,Phường Tam Hiệp,10.9510733,106.858145,89,Moderate,1,25.4,96,1.2,7.2,205,1007.8,100,33.9,36.1,299.0,58.7,3.0,18.7
2025-11-12 02:00:00,2025,11,12,2,Đồng Nai,Phường Tam Hiệp,10.9510733,106.858145,89,Moderate,1,25.1,94,0.1,4.7,176,1007.3,100,27.0,28.6,277.0,58.1,3.0,16.6
2025-11-12 03:00:00,2025,11,12,3,Đồng Nai,Phường Tam Hiệp,10.9510733,106.858145,89,Moderate,1,25.0,96,0.1,3.3,151,1007.2,100,23.2,24.5,255.0,57.8,4.0,14.8
2025-11-12 04:00:00,2025,11,12,4,Đồng Nai,Phường Tam Hiệp,10.9510733,106.858145,88,Moderate,1,25.0,96,0.0,3.3,112,1007.6,100,22.9,24.2,239.0,56.7,5.0,13.9
2025-11-12 05:00:00,2025,11,12,5,Đồng Nai,Phường Tam Hiệp,10.9510733,106.858145,87,Moderate,1,24.8,97,0.0,5.0,109,1008.0,100,22.4,24.6,229.0,54.0,6.0,14.5
2025-11-12 06:00:00,2025,11,12,6,Đồng Nai,Phường Tam Hiệp,10.9510733,106.858145,86,Moderate,1,24.6,97,0.0,4.0,82,1009.0,100,27.4,29.7,225.0,50.3,8.0,15.8
2025-11-12 07:00:00,2025,11,12,7,Đồng Nai,Phường Tam Hiệp,10.9510733,106.858145,85,Moderate,1,24.9,93,0.0,7.3,59,1009.2,100,25.0,26.5,222.0,39.1,23.0,14.3
2025-11-12 08:00:00,2025,11,12,8,Đồng Nai,Phường Tam Hiệp,10.9510733,106.858145,84,Moderate,1,26.4,88,0.0,5.2,56,1010.3,100,23.1,24.4,222.0,35.1,34.0,13.6
2025-11-12 09:00:00,2025,11,12,9,Đồng Nai,Phường Tam Hiệp,10.9510733,106.858145,84,Moderate,1,27.9,82,0.1,4.1,77,1010.4,100,20.1,21.0,224.0,29.6,49.0,12.6
2025-11-12 10:00:00,2025,11,12,10,Đồng Nai,Phường Tam Hiệp,10.9510733,106.858145,84,Moderate,1,29.0,78,0.1,4.5,97,1010.2,100,18.7,19.6,223.0,25.3,64.0,11.6
2025-11-12 11:00:00,2025,11,12,11,Đồng Nai,Phường Tam Hiệp,10.9510733,106.858145,84,Moderate,1,30.0,74,0.1,3.9,103,1009.6,100,19.2,20.1,215.0,23.1,78.0,10.6
2025-11-12 12:00:00,2025,11,12,12,Đồng Nai,Phường Tam Hiệp,10.9510733,106.858145,84,Moderate,1,30.6,70,0.2,2.6,51,1008.2,100,19.6,20.4,204.0,22.1,92.0,9.5
2025-11-12 13:00:00,2025,11,12,13,Đồng Nai,Phường Tam Hiệp,10.9510733,106.858145,84,Moderate,1,30.3,69,1.3,7.9,156,1007.3,100,20.6,21.3,202.0,22.2,101.0,9.1
2025-11-12 14:00:00,2025,11,12,14,Đồng Nai,Phường Tam Hiệp,10.9510733,106.858145,84,Moderate,1,25.8,89,2.4,10.3,131,1006.7,100,20.5,21.2,210.0,22.9,104.0,9.4
2025-11-12 15:00:00,2025,11,12,15,Đồng Nai,Phường Tam Hiệp,10.9510733,106.858145,84,Moderate,1,25.2,88,1.7,5.4,34,1007.1,99,20.2,20.7,228.0,24.7,101.0,10.3
2025-11-12 16:00:00,2025,11,12,16,Đồng Nai,Phường Tam Hiệp,10.9510733,106.858145,84,Moderate,1,25.6,85,0.3,1.1,81,1006.8,46,20.7,21.2,261.0,29.6,93.0,11.8
2025-11-12 17:00:00,2025,11,12,17,Đồng Nai,Phường Tam Hiệp,10.9510733,106.858145,83,Moderate,1,26.1,85,0.4,2.9,47,1007.9,81,22.6,23.2,315.0,40.1,75.0,14.0
2025-11-12 18:00:00,2025,11,12,18,Đồng Nai,Phường Tam Hiệp,10.9510733,106.858145,84,Moderate,1,25.5,90,0.4,5.2,158,1008.6,79,27.1,27.6,386.0,53.6,51.0,16.8
2025-11-12 19:00:00,2025,11,12,19,Đồng Nai,Phường Tam Hiệp,10.9510733,106.858145,83,Moderate,1,25.8,92,0.0,3.4,227,1008.6,98,36.1,37.0,466.0,55.2,36.0,15.5
2025-11-12 20:00:00,2025,11,12,20,Đồng Nai,Phường Tam Hiệp,10.9510733,106.858145,83,Moderate,1,25.9,91,0.0,3.9,196,1009.5,95,38.1,39.0,577.0,60.2,30.0,18.1
2025-11-12 21:00:00,2025,11,12,21,Đồng Nai,Phường Tam Hiệp,10.9510733,106.858145,83,Moderate,1,25.5,93,0.0,3.0,213,1010.2,84,42.0,43.0,698.0,67.1,21.0,21.5
2025-11-12 22:00:00,2025,11,12,22,Đồng Nai,Phường Tam Hiệp,10.9510733,106.858145,83,Moderate,1,25.3,93,0.0,2.7,233,1010.3,84,45.3,46.3,759.0,71.3,14.0,23.3
2025-11-12 23:00:00,2025,11,12,23,Đồng Nai,Phường Tam Hiệp,10.9510733,106.858145,83,Moderate,1,25.1,94,0.0,2.8,230,1010.1,100,45.8,46.8,717.0,70.5,12.0,22.0
2025-11-13 00:00:00,2025,11,13,0,Đồng Nai,Phường Tam Hiệp,10.9510733,106.858145,83,Moderate,1,25.2,94,0.0,5.4,345,1010.4,100,42.3,43.2,616.0,67.1,11.0,19.0
2025-11-13 01:00:00,2025,11,13,1,Đồng Nai,Phường Tam Hiệp,10.9510733,106.858145,83,Moderate,1,24.0,97,1.1,6.6,9,1009.6,100,37.4,38.1,512.0,64.0,11.0,16.6
2025-11-13 02:00:00,2025,11,13,2,Đồng Nai,Phường Tam Hiệp,10.9510733,106.858145,84,Moderate,1,24.0,97,0.1,7.2,32,1009.1,95,34.9,35.6,414.0,62.8,9.0,15.6
2025-11-13 03:00:00,2025,11,13,3,Đồng Nai,Phường Tam Hiệp,10.9510733,106.858145,84,Moderate,1,24.0,97,0.0,7.0,23,1008.7,96,33.9,34.6,314.0,61.9,6.0,15.1
2025-11-13 04:00:00,2025,11,13,4,Đồng Nai,Phường Tam Hiệp,10.9510733,106.858145,85,Moderate,1,23.9,98,0.0,5.8,9,1008.4,91,33.8,34.3,246.0,59.7,6.0,15.0
2025-11-13 05:00:00,2025,11,13,5,Đồng Nai,Phường Tam Hiệp,10.9510733,106.858145,86,Moderate,1,23.8,97,0.0,4.6,9,1009.0,93,32.7,33.3,233.0,55.0,9.0,15.4
2025-11-13 06:00:00,2025,11,13,6,Đồng Nai,Phường Tam Hiệp,10.9510733,106.858145,87,Moderate,1,23.8,96,0.0,4.6,11,1009.9,100,34.3,34.9,252.0,49.1,15.0,16.1
2025-11-13 07:00:00,2025,11,13,7,Đồng Nai,Phường Tam Hiệp,10.9510733,106.858145,88,Moderate,1,25.6,94,0.0,9.0,15,1010.0,97,43.0,43.9,266.0,42.9,22.0,16.6
2025-11-13 08:00:00,2025,11,13,8,Đồng Nai,Phường Tam Hiệp,10.9510733,106.858145,89,Moderate,1,27.1,88,0.0,7.6,5,1011.0,100,34.8,35.6,260.0,40.4,38.0,16.1
2025-11-13 09:00:00,2025,11,13,9,Đồng Nai,Phường Tam Hiệp,10.9510733,106.858145,90,Moderate,1,28.5,81,0.0,7.2,3,1011.3,92,32.6,33.5,249.0,36.7,61.0,15.3
2025-11-13 10:00:00,2025,11,13,10,Đồng Nai,Phường Tam Hiệp,10.9510733,106.858145,92,Moderate,1,29.5,77,0.0,6.6,338,1011.2,98,29.0,29.9,242.0,32.5,82.0,14.1
2025-11-13 11:00:00,2025,11,13,11,Đồng Nai,Phường Tam Hiệp,10.9510733,106.858145,92,Moderate,1,30.4,73,0.0,7.5,325,1010.7,100,26.0,26.7,244.0,26.9,98.0,12.1
2025-11-13 12:00:00,2025,11,13,12,Đồng Nai,Phường Tam Hiệp,10.9510733,106.858145,93,Moderate,1,31.0,68,0.0,8.5,325,1009.7,100,25.2,25.8,250.0,20.8,111.0,9.7
2025-11-13 13:00:00,2025,11,13,13,Đồng Nai,Phường Tam Hiệp,10.9510733,106.858145,94,Moderate,1,31.0,68,0.0,6.9,343,1008.5,96,27.8,28.4,258.0,17.6,121.0,8.4
2025-11-13 14:00:00,2025,11,13,14,Đồng Nai,Phường Tam Hiệp,10.9510733,106.858145,94,Moderate,1,30.7,70,0.1,3.6,360,1007.5,80,30.3,30.9,261.0,18.9,129.0,8.8
2025-11-13 15:00:00,2025,11,13,15,Đồng Nai,Phường Tam Hiệp,10.9510733,106.858145,95,Moderate,1,28.8,75,1.1,8.8,334,1007.2,88,31.0,31.5,266.0,23.0,133.0,10.3
2025-11-13 16:00:00,2025,11,13,16,Đồng Nai,Phường Tam Hiệp,10.9510733,106.858145,96,Moderate,1,28.0,78,0.4,9.4,163,1007.4,73,30.9,31.4,289.0,28.6,130.0,12.1
2025-11-13 17:00:00,2025,11,13,17,Đồng Nai,Phường Tam Hiệp,10.9510733,106.858145,97,Moderate,1,26.5,83,0.3,6.9,337,1008.6,99,33.6,34.2,330.0,36.2,114.0,14.0
2025-11-13 18:00:00,2025,11,13,18,Đồng Nai,Phường Tam Hiệp,10.9510733,106.858145,98,Moderate,1,25.4,91,0.2,9.4,197,1008.8,100,34.5,34.9,388.0,45.2,91.0,16.3
2025-11-13 19:00:00,2025,11,13,19,Đồng Nai,Phường Tam Hiệp,10.9510733,106.858145,99,Moderate,1,25.0,96,0.1,11.0,175,1008.5,99,28.3,29.0,480.0,43.4,64.0,13.0
2025-11-13 20:00:00,2025,11,13,20,Đồng Nai,Phường Tam Hiệp,10.9510733,106.858145,98,Moderate,1,25.2,94,0.0,9.6,193,1009.9,76,25.7,26.4,630.0,45.2,58.0,14.2
2025-11-13 21:00:00,2025,11,13,21,Đồng Nai,Phường Tam Hiệp,10.9510733,106.858145,97,Moderate,1,25.2,95,0.0,7.1,161,1010.2,42,28.2,28.9,813.0,47.9,49.0,15.9
2025-11-13 22:00:00,2025,11,13,22,Đồng Nai,Phường Tam Hiệp,10.9510733,106.858145,96,Moderate,1,25.0,96,0.0,5.3,152,1010.1,80,30.9,31.8,974.0,51.3,41.0,17.8
2025-11-13 23:00:00,2025,11,13,23,Đồng Nai,Phường Tam Hiệp,10.9510733,106.858145,94,Moderate,1,24.9,94,0.0,3.4,212,1010.4,95,33.5,34.6,1089.0,56.0,35.0,19.6
2025-11-14 00:00:00,2025,11,14,0,Đồng Nai,Phường Tam Hiệp,10.9510733,106.858145,93,Moderate,1,24.7,96,0.0,6.0,311,1010.1,100,35.0,35.9,1181.0,61.5,30.0,21.5
2025-11-14 01:00:00,2025,11,14,1,Đồng Nai,Phường Tam Hiệp,10.9510733,106.858145,92,Moderate,1,24.8,96,0.0,4.3,358,1009.1,100,38.4,39.2,1262.0,66.1,25.0,23.9
2025-11-14 02:00:00,2025,11,14,2,Đồng Nai,Phường Tam Hiệp,10.9510733,106.858145,93,Moderate,1,25.0,96,0.1,1.3,34,1008.4,100,44.8,45.5,1365.0,69.6,18.0,26.7
2025-11-14 03:00:00,2025,11,14,3,Đồng Nai,Phường Tam Hiệp,10.9510733,106.858145,93,Moderate,1,24.5,98,0.0,2.6,344,1008.1,100,51.8,52.5,1455.0,72.2,11.0,29.9
2025-11-14 04:00:00,2025,11,14,4,Đồng Nai,Phường Tam Hiệp,10.9510733,106.858145,95,Moderate,1,24.5,99,0.0,5.9,313,1007.9,100,58.3,58.9,1446.0,73.1,7.0,34.1
2025-11-14 05:00:00,2025,11,14,5,Đồng Nai,Phường Tam Hiệp,10.9510733,106.858145,97,Moderate,1,24.1,99,0.0,6.0,314,1008.0,100,65.9,66.4,1259.0,71.8,7.0,41.3
2025-11-14 06:00:00,2025,11,14,6,Đồng Nai,Phường Tam Hiệp,10.9510733,106.858145,100,Moderate,1,23.9,99,0.0,6.2,324,1008.5,100,75.0,75.7,972.0,68.7,10.0,49.4
2025-11-14 07:00:00,2025,11,14,7,Đồng Nai,Phường Tam Hiệp,10.9510733,106.858145,104,Unhealthy for Sensitive Groups,2,24.7,99,0.0,7.1,326,1009.1,100,61.7,62.2,726.0,56.9,20.0,44.7
2025-11-14 08:00:00,2025,11,14,8,Đồng Nai,Phường Tam Hiệp,10.9510733,106.858145,106,Unhealthy for Sensitive Groups,2,25.5,91,0.0,8.1,336,1010.2,93,49.1,49.6,575.0,49.3,44.0,38.2
2025-11-14 09:00:00,2025,11,14,9,Đồng Nai,Phường Tam Hiệp,10.9510733,106.858145,108,Unhealthy for Sensitive Groups,2,27.2,69,0.0,9.3,352,1010.5,95,40.5,41.0,465.0,38.6,77.0,29.1
2025-11-14 10:00:00,2025,11,14,10,Đồng Nai,Phường Tam Hiệp,10.9510733,106.858145,109,Unhealthy for Sensitive Groups,2,28.4,61,0.0,8.7,7,1010.6,60,32.0,32.4,383.0,29.6,107.0,21.8
2025-11-14 11:00:00,2025,11,14,11,Đồng Nai,Phường Tam Hiệp,10.9510733,106.858145,109,Unhealthy for Sensitive Groups,2,29.2,58,0.0,7.9,1,1009.7,81,28.7,29.1,328.0,23.6,130.0,18.0
2025-11-14 12:00:00,2025,11,14,12,Đồng Nai,Phường Tam Hiệp,10.9510733,106.858145,109,Unhealthy for Sensitive Groups,2,30.1,53,0.0,7.4,347,1008.7,95,27.2,27.6,300.0,19.2,149.0,15.9
2025-11-14 13:00:00,2025,11,14,13,Đồng Nai,Phường Tam Hiệp,10.9510733,106.858145,109,Unhealthy for Sensitive Groups,2,31.0,51,0.0,9.1,339,1007.5,63,26.0,26.4,285.0,16.7,162.0,14.6
2025-11-14 14:00:00,2025,11,14,14,Đồng Nai,Phường Tam Hiệp,10.9510733,106.858145,109,Unhealthy for Sensitive Groups,2,31.0,52,0.0,9.4,340,1006.8,30,25.3,25.6,263.0,16.0,169.0,14.0
2025-11-14 15:00:00,2025,11,14,15,Đồng Nai,Phường Tam Hiệp,10.9510733,106.858145,109,Unhealthy for Sensitive Groups,2,31.0,52,0.0,8.2,341,1006.6,63,24.3,24.7,253.0,17.2,169.0,14.2
2025-11-14 16:00:00,2025,11,14,16,Đồng Nai,Phường Tam Hiệp,10.9510733,106.858145,108,Unhealthy for Sensitive Groups,2,30.5,56,0.0,7.3,320,1006.7,100,24.3,24.6,299.0,21.1,159.0,14.3
2025-11-14 17:00:00,2025,11,14,17,Đồng Nai,Phường Tam Hiệp,10.9510733,106.858145,107,Unhealthy for Sensitive Groups,2,28.8,67,0.0,8.9,317,1007.0,100,31.0,31.4,454.0,29.4,130.0,13.9
2025-11-14 18:00:00,2025,11,14,18,Đồng Nai,Phường Tam Hiệp,10.9510733,106.858145,116,Unhealthy for Sensitive Groups,2,27.3,78,0.0,2.7,302,1007.9,98,33.8,34.3,666.0,40.3,91.0,13.5
2025-11-14 19:00:00,2025,11,14,19,Đồng Nai,Phường Tam Hiệp,10.9510733,106.858145,113,Unhealthy for Sensitive Groups,2,27.0,79,0.0,7.5,125,1008.8,52,53.7,54.7,816.0,70.2,51.0,21.5
2025-11-14 20:00:00,2025,11,14,20,Đồng Nai,Phường Tam Hiệp,10.9510733,106.858145,110,Unhealthy for Sensitive Groups,2,26.5,81,0.0,6.8,143,1009.9,33,51.9,52.9,861.0,69.9,48.0,21.6
2025-11-14 21:00:00,2025,11,14,21,Đồng Nai,Phường Tam Hiệp,10.9510733,106.858145,112,Unhealthy for Sensitive Groups,2,25.9,85,0.0,1.8,66,1010.1,100,53.7,55.3,845.0,69.5,43.0,21.9
2025-11-14 22:00:00,2025,11,14,22,Đồng Nai,Phường Tam Hiệp,10.9510733,106.858145,115,Unhealthy for Sensitive Groups,2,25.2,89,0.0,4.2,12,1010.1,100,54.4,57.0,786.0,69.8,37.0,22.9
2025-11-14 23:00:00,2025,11,14,23,Đồng Nai,Phường Tam Hiệp,10.9510733,106.858145,118,Unhealthy for Sensitive Groups,2,24.6,92,0.0,5.2,360,1010.0,92,57.6,60.5,664.0,71.8,29.0,25.7
2025-11-15 00:00:00,2025,11,15,0,Đồng Nai,Phường Tam Hiệp,10.9510733,106.858145,120,Unhealthy for Sensitive Groups,2,24.2,82,0.0,9.0,5,1009.6,91,59.4,61.9,499.0,74.4,20.0,29.2
2025-11-15 01:00:00,2025,11,15,1,Đồng Nai,Phường Tam Hiệp,10.9510733,106.858145,123,Unhealthy for Sensitive Groups,2,23.6,79,0.0,8.6,348,1009.1,28,57.2,58.1,370.0,74.9,14.0,31.1
2025-11-15 02:00:00,2025,11,15,2,Đồng Nai,Phường Tam Hiệp,10.9510733,106.858145,125,Unhealthy for Sensitive Groups,2,22.4,78,0.0,9.3,351,1008.4,71,52.4,52.7,309.0,71.4,12.0,29.9
2025-11-15 03:00:00,2025,11,15,3,Đồng Nai,Phường Tam Hiệp,10.9510733,106.858145,125,Unhealthy for Sensitive Groups,2,21.8,80,0.0,9.4,352,1008.0,100,39.8,40.0,284.0,65.7,14.0,27.2
2025-11-15 04:00:00,2025,11,15,4,Đồng Nai,Phường Tam Hiệp,10.9510733,106.858145,124,Unhealthy for Sensitive Groups,2,21.4,80,0.0,9.4,359,1008.3,34,34.2,34.3,275.0,60.5,16.0,25.2
2025-11-15 05:00:00,2025,11,15,5,Đồng Nai,Phường Tam Hiệp,10.9510733,106.858145,122,Unhealthy for Sensitive Groups,2,20.9,82,0.0,7.4,7,1008.9,2,34.3,34.3,283.0,56.6,17.0,25.1
2025-11-15 06:00:00,2025,11,15,6,Đồng Nai,Phường Tam Hiệp,10.9510733,106.858145,118,Unhealthy for Sensitive Groups,2,20.6,87,0.0,7.8,8,1009.3,45,34.0,34.1,308.0,53.2,20.0,25.8
2025-11-15 07:00:00,2025,11,15,7,Đồng Nai,Phường Tam Hiệp,10.9510733,106.858145,114,Unhealthy for Sensitive Groups,2,22.2,84,0.0,6.9,15,1009.3,46,38.4,38.9,330.0,34.2,37.0,15.9
2025-11-15 08:00:00,2025,11,15,8,Đồng Nai,Phường Tam Hiệp,10.9510733,106.858145,112,Unhealthy for Sensitive Groups,2,24.6,78,0.0,5.5,32,1010.3,27,38.2,38.6,347.0,33.1,55.0,16.6
2025-11-15 09:00:00,2025,11,15,9,Đồng Nai,Phường Tam Hiệp,10.9510733,106.858145,110,Unhealthy for Sensitive Groups,2,26.6,74,0.0,6.2,46,1010.7,31,37.6,38.4,361.0,31.3,80.0,17.3
2025-11-15 10:00:00,2025,11,15,10,Đồng Nai,Phường Tam Hiệp,10.9510733,106.858145,110,Unhealthy for Sensitive Groups,2,28.1,69,0.0,6.7,63,1010.5,30,36.2,37.3,365.0,28.3,104.0,17.0
2025-11-15 11:00:00,2025,11,15,11,Đồng Nai,Phường Tam Hiệp,10.9510733,106.858145,111,Unhealthy for Sensitive Groups,2,29.1,63,0.0,6.1,67,1010.1,100,32.6,33.8,352.0,22.5,125.0,14.4
2025-11-15 12:00:00,2025,11,15,12,Đồng Nai,Phường Tam Hiệp,10.9510733,106.858145,111,Unhealthy for Sensitive Groups,2,29.6,61,0.0,4.6,48,1008.8,14,29.7,30.7,329.0,15.5,145.0,10.8
2025-11-15 13:00:00,2025,11,15,13,Đồng Nai,Phường Tam Hiệp,10.9510733,106.858145,111,Unhealthy for Sensitive Groups,2,30.6,54,0.0,3.6,60,1008.2,2,26.0,27.1,309.0,11.1,158.0,8.1
2025-11-15 14:00:00,2025,11,15,14,Đồng Nai,Phường Tam Hiệp,10.9510733,106.858145,111,Unhealthy for Sensitive Groups,2,31.1,54,0.0,2.2,14,1007.3,20,23.7,24.7,288.0,9.5,164.0,7.0
2025-11-15 15:00:00,2025,11,15,15,Đồng Nai,Phường Tam Hiệp,10.9510733,106.858145,111,Unhealthy for Sensitive Groups,2,30.9,54,0.0,3.4,18,1007.1,44,22.7,23.7,269.0,10.5,164.0,6.9
2025-11-15 16:00:00,2025,11,15,16,Đồng Nai,Phường Tam Hiệp,10.9510733,106.858145,111,Unhealthy for Sensitive Groups,2,30.2,57,0.0,4.3,345,1007.0,54,23.1,24.2,281.0,17.2,153.0,8.4
2025-11-15 17:00:00,2025,11,15,17,Đồng Nai,Phường Tam Hiệp,10.9510733,106.858145,111,Unhealthy for Sensitive Groups,2,28.5,68,0.0,7.1,333,1007.2,100,31.4,32.4,336.0,33.7,123.0,11.9
2025-11-15 18:00:00,2025,11,15,18,Đồng Nai,Phường Tam Hiệp,10.9510733,106.858145,111,Unhealthy for Sensitive Groups,2,27.0,72,0.0,8.0,322,1007.9,100,42.6,43.9,421.0,56.0,82.0,17.1
2025-11-15 19:00:00,2025,11,15,19,Đồng Nai,Phường Tam Hiệp,10.9510733,106.858145,112,Unhealthy for Sensitive Groups,2,27.0,75,0.0,6.6,283,1008.5,100,53.9,56.5,521.0,85.3,35.0,23.1
2025-11-15 20:00:00,2025,11,15,20,Đồng Nai,Phường Tam Hiệp,10.9510733,106.858145,112,Unhealthy for Sensitive Groups,2,26.5,77,0.0,5.2,268,1009.2,100,57.6,61.5,634.0,84.7,31.0,26.7
2025-11-15 21:00:00,2025,11,15,21,Đồng Nai,Phường Tam Hiệp,10.9510733,106.858145,112,Unhealthy for Sensitive Groups,2,26.1,77,0.0,4.8,259,1009.4,100,57.4,61.0,761.0,83.9,26.0,31.7
2025-11-15 22:00:00,2025,11,15,22,Đồng Nai,Phường Tam Hiệp,10.9510733,106.858145,113,Unhealthy for Sensitive Groups,2,25.7,79,0.0,5.1,262,1009.1,90,57.2,60.5,893.0,83.6,21.0,35.9
2025-11-15 23:00:00,2025,11,15,23,Đồng Nai,Phường Tam Hiệp,10.9510733,106.858145,113,Unhealthy for Sensitive Groups,2,25.2,77,0.0,6.3,275,1009.2,26,56.7,60.1,1050.0,84.4,18.0,38.7
2025-11-16 00:00:00,2025,11,16,0,Đồng Nai,Phường Tam Hiệp,10.9510733,106.858145,113,Unhealthy for Sensitive Groups,2,24.5,79,0.0,7.2,295,1008.8,60,55.4,58.8,1211.0,85.6,15.0,40.7
2025-11-16 01:00:00,2025,11,16,1,Đồng Nai,Phường Tam Hiệp,10.9510733,106.858145,113,Unhealthy for Sensitive Groups,2,24.5,84,0.0,6.0,286,1008.4,100,56.3,59.6,1304.0,86.4,12.0,41.9
2025-11-16 02:00:00,2025,11,16,2,Đồng Nai,Phường Tam Hiệp,10.9510733,106.858145,112,Unhealthy for Sensitive Groups,2,24.6,87,0.0,5.8,321,1007.7,95,58.2,61.5,1269.0,86.3,8.0,41.5
2025-11-16 03:00:00,2025,11,16,3,Đồng Nai,Phường Tam Hiệp,10.9510733,106.858145,113,Unhealthy for Sensitive Groups,2,24.4,89,0.0,6.4,349,1007.1,99,61.0,64.0,1166.0,85.8,4.0,40.2
2025-11-16 04:00:00,2025,11,16,4,Đồng Nai,Phường Tam Hiệp,10.9510733,106.858145,115,Unhealthy for Sensitive Groups,2,23.9,91,0.3,10.5,7,1007.2,100,63.6,65.7,1105.0,84.9,3.0,40.3
2025-11-16 05:00:00,2025,11,16,5,Đồng Nai,Phường Tam Hiệp,10.9510733,106.858145,118,Unhealthy for Sensitive Groups,2,23.8,91,0.0,10.3,12,1007.6,100,62.4,62.9,1169.0,84.0,6.0,43.3
2025-11-16 06:00:00,2025,11,16,6,Đồng Nai,Phường Tam Hiệp,10.9510733,106.858145,121,Unhealthy for Sensitive Groups,2,23.6,90,0.0,11.5,10,1008.4,97,62.2,62.6,1276.0,82.7,11.0,47.6
2025-11-16 07:00:00,2025,11,16,7,Đồng Nai,Phường Tam Hiệp,10.9510733,106.858145,124,Unhealthy for Sensitive Groups,2,25.0,90,0.0,4.3,22,1009.1,99,63.3,64.0,1283.0,70.3,21.0,42.3
2025-11-16 08:00:00,2025,11,16,8,Đồng Nai,Phường Tam Hiệp,10.9510733,106.858145,127,Unhealthy for Sensitive Groups,2,26.2,85,0.0,4.8,20,1010.1,100,61.0,61.5,1097.0,64.6,39.0,40.5
2025-11-16 09:00:00,2025,11,16,9,Đồng Nai,Phường Tam Hiệp,10.9510733,106.858145,129,Unhealthy for Sensitive Groups,2,27.6,79,0.0,5.7,28,1010.8,100,48.9,49.4,812.0,56.6,63.0,37.7
2025-11-16 10:00:00,2025,11,16,10,Đồng Nai,Phường Tam Hiệp,10.9510733,106.858145,130,Unhealthy for Sensitive Groups,2,28.6,72,0.0,3.9,28,1010.4,100,37.4,37.7,571.0,50.0,81.0,34.2
2025-11-16 11:00:00,2025,11,16,11,Đồng Nai,Phường Tam Hiệp,10.9510733,106.858145,130,Unhealthy for Sensitive Groups,2,29.0,70,0.0,2.4,27,1010.0,100,29.7,30.2,424.0,46.3,87.0,29.3
2025-11-16 12:00:00,2025,11,16,12,Đồng Nai,Phường Tam Hiệp,10.9510733,106.858145,130,Unhealthy for Sensitive Groups,2,28.8,72,0.3,5.7,32,1008.9,100,29.0,29.4,320.0,44.0,88.0,23.7
2025-11-16 13:00:00,2025,11,16,13,Đồng Nai,Phường Tam Hiệp,10.9510733,106.858145,130,Unhealthy for Sensitive Groups,2,27.2,77,12.1,4.9,62,1008.5,100,27.0,27.3,252.0,42.0,85.0,19.0
2025-11-16 14:00:00,2025,11,16,14,Đồng Nai,Phường Tam Hiệp,10.9510733,106.858145,130,Unhealthy for Sensitive Groups,2,27.2,79,0.2,3.2,142,1007.6,100,22.9,23.2,216.0,39.3,80.0,15.8
2025-11-16 15:00:00,2025,11,16,15,Đồng Nai,Phường Tam Hiệp,10.9510733,106.858145,130,Unhealthy for Sensitive Groups,2,27.1,82,1.2,4.1,178,1007.5,100,18.6,18.9,216.0,37.0,73.0,13.6
2025-11-16 16:00:00,2025,11,16,16,Đồng Nai,Phường Tam Hiệp,10.9510733,106.858145,130,Unhealthy for Sensitive Groups,2,26.1,86,7.0,2.7,28,1007.8,98,19.4,19.7,250.0,37.5,62.0,12.6
2025-11-16 17:00:00,2025,11,16,17,Đồng Nai,Phường Tam Hiệp,10.9510733,106.858145,129,Unhealthy for Sensitive Groups,2,24.8,92,3.0,1.9,209,1008.9,100,21.2,21.9,339.0,43.7,45.0,13.2
2025-11-16 18:00:00,2025,11,16,18,Đồng Nai,Phường Tam Hiệp,10.9510733,106.858145,128,Unhealthy for Sensitive Groups,2,24.8,91,0.9,6.3,355,1008.9,100,27.0,28.5,463.0,52.8,24.0,15.1
2025-11-16 19:00:00,2025,11,16,19,Đồng Nai,Phường Tam Hiệp,10.9510733,106.858145,127,Unhealthy for Sensitive Groups,2,25.8,94,0.2,5.1,8,1009.5,100,16.2,16.8,560.0,35.3,17.0,8.2
2025-11-16 20:00:00,2025,11,16,20,Đồng Nai,Phường Tam Hiệp,10.9510733,106.858145,123,Unhealthy for Sensitive Groups,2,24.9,98,0.0,3.2,333,1010.2,98,19.7,20.3,607.0,35.9,15.0,8.6
2025-11-16 21:00:00,2025,11,16,21,Đồng Nai,Phường Tam Hiệp,10.9510733,106.858145,119,Unhealthy for Sensitive Groups,2,24.5,95,0.3,7.1,300,1010.5,46,21.2,21.9,627.0,36.6,13.0,9.2
2025-11-16 22:00:00,2025,11,16,22,Đồng Nai,Phường Tam Hiệp,10.9510733,106.858145,115,Unhealthy for Sensitive Groups,2,24.1,97,0.0,6.6,307,1010.5,97,21.2,22.0,634.0,36.9,11.0,9.4
2025-11-16 23:00:00,2025,11,16,23,Đồng Nai,Phường Tam Hiệp,10.9510733,106.858145,111,Unhealthy for Sensitive Groups,2,23.9,97,0.0,3.2,304,1010.4,100,18.3,19.2,631.0,36.0,9.0,8.5
2025-11-17 00:00:00,2025,11,17,0,Đồng Nai,Phường Tam Hiệp,10.9510733,106.858145,107,Unhealthy for Sensitive Groups,2,23.5,98,0.0,2.7,290,1009.9,99,16.6,17.5,615.0,34.5,8.0,7.2
2025-11-17 01:00:00,2025,11,17,1,Đồng Nai,Phường Tam Hiệp,10.9510733,106.858145,103,Unhealthy for Sensitive Groups,2,24.3,94,0.0,2.4,167,1009.4,100,16.4,17.1,586.0,34.0,7.0,7.3
2025-11-17 02:00:00,2025,11,17,2,Đồng Nai,Phường Tam Hiệp,10.9510733,106.858145,99,Moderate,1,24.1,96,0.7,0.8,297,1008.8,100,17.2,17.9,535.0,35.0,6.0,9.8
2025-11-17 03:00:00,2025,11,17,3,Đồng Nai,Phường Tam Hiệp,10.9510733,106.858145,96,Moderate,1,24.1,96,0.3,3.9,317,1008.0,100,20.0,20.8,470.0,36.9,5.0,13.7
2025-11-17 04:00:00,2025,11,17,4,Đồng Nai,Phường Tam Hiệp,10.9510733,106.858145,92,Moderate,1,23.8,94,1.6,1.9,343,1008.2,100,23.1,23.9,420.0,39.1,4.0,17.3
2025-11-17 05:00:00,2025,11,17,5,Đồng Nai,Phường Tam Hiệp,10.9510733,106.858145,88,Moderate,1,23.7,95,0.9,2.4,27,1008.8,100,25.0,25.8,398.0,41.8,3.0,20.5
2025-11-17 06:00:00,2025,11,17,6,Đồng Nai,Phường Tam Hiệp,10.9510733,106.858145,85,Moderate,1,23.6,96,2.4,2.9,353,1009.1,100,27.5,28.4,391.0,44.7,2.0,23.3
2025-11-17 07:00:00,2025,11,17,7,Đồng Nai,Phường Tam Hiệp,10.9510733,106.858145,82,Moderate,1,24.6,97,4.6,4.7,62,1010.1,100,23.9,24.4,381.0,43.6,5.0,20.8
2025-11-17 08:00:00,2025,11,17,8,Đồng Nai,Phường Tam Hiệp,10.9510733,106.858145,78,Moderate,1,25.0,94,0.6,4.2,40,1010.9,100,25.6,26.3,365.0,43.1,14.0,20.3
2025-11-17 09:00:00,2025,11,17,9,Đồng Nai,Phường Tam Hiệp,10.9510733,106.858145,75,Moderate,1,25.6,91,0.2,3.9,68,1011.6,100,25.1,25.8,346.0,42.0,28.0,19.4
2025-11-17 10:00:00,2025,11,17,10,Đồng Nai,Phường Tam Hiệp,10.9510733,106.858145,73,Moderate,1,26.5,87,0.1,6.1,71,1011.2,100,22.1,23.2,320.0,38.8,42.0,17.8
2025-11-17 11:00:00,2025,11,17,11,Đồng Nai,Phường Tam Hiệp,10.9510733,106.858145,72,Moderate,1,26.7,84,0.2,5.3,52,1010.4,100,17.5,19.3,276.0,31.0,58.0,14.6
2025-11-17 12:00:00,2025,11,17,12,Đồng Nai,Phường Tam Hiệp,10.9510733,106.858145,71,Moderate,1,27.8,77,0.1,8.6,59,1009.2,100,14.4,16.5,225.0,21.1,75.0,10.6
2025-11-17 13:00:00,2025,11,17,13,Đồng Nai,Phường Tam Hiệp,10.9510733,106.858145,69,Moderate,1,28.0,77,0.0,2.2,81,1008.0,100,13.3,15.5,193.0,14.5,85.0,7.7
2025-11-17 14:00:00,2025,11,17,14,Đồng Nai,Phường Tam Hiệp,10.9510733,106.858145,68,Moderate,1,27.4,79,0.8,4.8,101,1007.8,100,12.9,15.1,193.0,13.1,86.0,6.8
2025-11-17 15:00:00,2025,11,17,15,Đồng Nai,Phường Tam Hiệp,10.9510733,106.858145,67,Moderate,1,27.6,81,0.3,1.3,90,1007.2,100,12.6,14.8,213.0,15.0,80.0,7.1
2025-11-17 16:00:00,2025,11,17,16,Đồng Nai,Phường Tam Hiệp,10.9510733,106.858145,67,Moderate,1,27.1,84,0.6,4.9,94,1007.8,100,13.0,14.9,240.0,19.8,70.0,8.1
2025-11-17 17:00:00,2025,11,17,17,Đồng Nai,Phường Tam Hiệp,10.9510733,106.858145,66,Moderate,1,26.2,91,0.5,4.9,24,1008.0,100,17.0,18.6,276.0,29.7,53.0,10.0
2025-11-17 18:00:00,2025,11,17,18,Đồng Nai,Phường Tam Hiệp,10.9510733,106.858145,66,Moderate,1,25.4,97,0.5,4.9,8,1008.5,100,23.3,24.5,320.0,42.6,32.0,12.5
2025-11-17 19:00:00,2025,11,17,19,Đồng Nai,Phường Tam Hiệp,10.9510733,106.858145,66,Moderate,1,26.2,89,0.3,8.1,29,1008.7,100,32.9,34.9,354.0,52.3,27.0,16.0
2025-11-17 20:00:00,2025,11,17,20,Đồng Nai,Phường Tam Hiệp,10.9510733,106.858145,67,Moderate,1,26.2,90,0.0,5.4,21,1009.3,100,29.5,31.2,371.0,48.7,28.0,15.6
2025-11-17 21:00:00,2025,11,17,21,Đồng Nai,Phường Tam Hiệp,10.9510733,106.858145,68,Moderate,1,25.9,91,0.0,5.2,29,1009.7,100,28.5,29.9,379.0,43.8,29.0,15.2
2025-11-17 22:00:00,2025,11,17,22,Đồng Nai,Phường Tam Hiệp,10.9510733,106.858145,69,Moderate,1,25.6,91,0.0,5.9,14,1009.6,100,28.5,29.7,386.0,40.3,29.0,15.0
2025-11-17 23:00:00,2025,11,17,23,Đồng Nai,Phường Tam Hiệp,10.9510733,106.858145,69,Moderate,1,25.4,92,0.1,0.8,117,1009.7,99,26.5,27.8,393.0,39.6,27.0,15.2
2025-11-18 00:00:00,2025,11,18,0,Đồng Nai,Phường Tam Hiệp,10.9510733,106.858145,70,Moderate,1,25.2,92,0.5,0.7,104,1008.8,100,25.6,26.6,398.0,40.3,24.0,15.8
2025-11-18 01:00:00,2025,11,18,1,Đồng Nai,Phường Tam Hiệp,10.9510733,106.858145,71,Moderate,1,26.1,93,0.6,3.1,277,1008.0,100,27.1,28.0,404.0,41.7,20.0,16.9
2025-11-18 02:00:00,2025,11,18,2,Đồng Nai,Phường Tam Hiệp,10.9510733,106.858145,72,Moderate,1,25.8,96,0.3,4.2,290,1007.4,100,28.3,29.0,418.0,43.8,15.0,18.6
2025-11-18 03:00:00,2025,11,18,3,Đồng Nai,Phường Tam Hiệp,10.9510733,106.858145,73,Moderate,1,25.5,96,0.0,6.2,277,1006.9,100,29.0,29.7,432.0,46.5,9.0,20.7
2025-11-18 04:00:00,2025,11,18,4,Đồng Nai,Phường Tam Hiệp,10.9510733,106.858145,73,Moderate,1,25.0,98,0.0,6.8,268,1007.1,98,29.9,30.9,431.0,48.8,6.0,23.5
2025-11-18 05:00:00,2025,11,18,5,Đồng Nai,Phường Tam Hiệp,10.9510733,106.858145,74,Moderate,1,24.9,98,0.0,6.0,245,1007.8,98,30.6,31.7,395.0,50.3,5.0,27.3
2025-11-18 06:00:00,2025,11,18,6,Đồng Nai,Phường Tam Hiệp,10.9510733,106.858145,75,Moderate,1,24.8,98,0.1,6.2,190,1008.3,98,32.9,34.5,343.0,51.3,5.0,31.8
2025-11-18 07:00:00,2025,11,18,7,Đồng Nai,Phường Tam Hiệp,10.9510733,106.858145,75,Moderate,1,25.2,95,0.0,6.5,226,1009.0,100,42.0,43.7,312.0,51.8,21.0,38.1
2025-11-18 08:00:00,2025,11,18,8,Đồng Nai,Phường Tam Hiệp,10.9510733,106.858145,77,Moderate,1,26.5,89,0.0,7.1,243,1009.6,97,35.6,38.1,329.0,49.4,33.0,34.8
2025-11-18 09:00:00,2025,11,18,9,Đồng Nai,Phường Tam Hiệp,10.9510733,106.858145,77,Moderate,1,27.9,85,0.0,3.8,251,1010.1,98,34.7,37.5,368.0,45.7,51.0,29.9
2025-11-18 10:00:00,2025,11,18,10,Đồng Nai,Phường Tam Hiệp,10.9510733,106.858145,78,Moderate,1,29.1,79,0.1,2.4,234,1009.8,99,30.2,33.2,384.0,40.5,66.0,24.6
2025-11-18 11:00:00,2025,11,18,11,Đồng Nai,Phường Tam Hiệp,10.9510733,106.858145,79,Moderate,1,30.0,71,0.1,2.7,98,1009.3,100,21.4,24.7,353.0,32.2,78.0,18.2
2025-11-18 12:00:00,2025,11,18,12,Đồng Nai,Phường Tam Hiệp,10.9510733,106.858145,79,Moderate,1,29.5,71,0.1,4.6,154,1007.5,94,16.5,18.5,300.0,22.3,89.0,11.2
2025-11-18 13:00:00,2025,11,18,13,Đồng Nai,Phường Tam Hiệp,10.9510733,106.858145,80,Moderate,1,24.0,95,0.1,13.2,79,1007.6,100,14.2,15.4,258.0,15.6,93.0,6.4
2025-11-18 14:00:00,2025,11,18,14,Đồng Nai,Phường Tam Hiệp,10.9510733,106.858145,80,Moderate,1,26.0,92,1.4,7.3,30,1006.8,98,12.6,14.0,239.0,14.1,89.0,5.3
2025-11-18 15:00:00,2025,11,18,15,Đồng Nai,Phường Tam Hiệp,10.9510733,106.858145,80,Moderate,1,27.7,82,0.0,9.5,37,1005.9,19,11.9,13.0,231.0,15.7,80.0,6.2
2025-11-18 16:00:00,2025,11,18,16,Đồng Nai,Phường Tam Hiệp,10.9510733,106.858145,80,Moderate,1,27.4,81,0.1,10.9,68,1006.2,93,12.4,13.6,236.0,19.0,68.0,7.3
2025-11-18 17:00:00,2025,11,18,17,Đồng Nai,Phường Tam Hiệp,10.9510733,106.858145,80,Moderate,1,25.4,90,4.8,7.1,117,1007.1,95,13.1,14.3,263.0,24.2,54.0,7.4
2025-11-18 18:00:00,2025,11,18,18,Đồng Nai,Phường Tam Hiệp,10.9510733,106.858145,79,Moderate,1,25.1,95,0.7,6.1,56,1008.0,73,15.4,16.2,303.0,31.1,37.0,7.5
2025-11-18 19:00:00,2025,11,18,19,Đồng Nai,Phường Tam Hiệp,10.9510733,106.858145,78,Moderate,1,26.0,93,0.2,2.7,98,1007.8,54,45.9,48.5,331.0,72.3,10.0,22.2
2025-11-18 20:00:00,2025,11,18,20,Đồng Nai,Phường Tam Hiệp,10.9510733,106.858145,80,Moderate,1,25.5,94,0.0,3.2,34,1008.6,78,35.7,38.0,336.0,66.7,10.0,20.6
2025-11-18 21:00:00,2025,11,18,21,Đồng Nai,Phường Tam Hiệp,10.9510733,106.858145,80,Moderate,1,25.2,96,0.0,6.6,323,1009.2,56,32.0,34.0,329.0,59.0,10.0,18.5
2025-11-18 22:00:00,2025,11,18,22,Đồng Nai,Phường Tam Hiệp,10.9510733,106.858145,80,Moderate,1,24.5,98,0.0,5.1,302,1009.1,40,33.8,35.7,320.0,54.0,10.0,17.8
2025-11-18 23:00:00,2025,11,18,23,Đồng Nai,Phường Tam Hiệp,10.9510733,106.858145,81,Moderate,1,24.1,99,0.0,4.0,300,1009.3,60,33.9,35.7,310.0,54.5,9.0,19.8
2025-11-19 00:00:00,2025,11,19,0,Đồng Nai,Phường Tam Hiệp,10.9510733,106.858145,82,Moderate,1,24.0,97,0.0,6.8,320,1009.1,97,35.9,37.7,299.0,57.6,8.0,23.2
2025-11-19 01:00:00,2025,11,19,1,Đồng Nai,Phường Tam Hiệp,10.9510733,106.858145,83,Moderate,1,24.4,98,0.0,7.2,305,1008.5,44,37.6,39.3,291.0,59.2,7.0,25.7
2025-11-19 02:00:00,2025,11,19,2,Đồng Nai,Phường Tam Hiệp,10.9510733,106.858145,83,Moderate,1,24.2,98,0.0,6.6,305,1008.1,80,35.6,37.1,292.0,57.2,6.0,26.1
2025-11-19 03:00:00,2025,11,19,3,Đồng Nai,Phường Tam Hiệp,10.9510733,106.858145,84,Moderate,1,24.2,97,0.0,7.3,316,1007.8,81,31.0,31.9,297.0,53.8,6.0,25.7
2025-11-19 04:00:00,2025,11,19,4,Đồng Nai,Phường Tam Hiệp,10.9510733,106.858145,84,Moderate,1,24.1,96,0.0,6.8,328,1007.4,74,26.1,26.7,300.0,50.8,8.0,25.7
2025-11-19 05:00:00,2025,11,19,5,Đồng Nai,Phường Tam Hiệp,10.9510733,106.858145,84,Moderate,1,23.9,96,0.0,4.2,335,1007.8,98,24.0,24.8,299.0,49.9,10.0,27.4
2025-11-19 06:00:00,2025,11,19,6,Đồng Nai,Phường Tam Hiệp,10.9510733,106.858145,83,Moderate,1,23.8,97,0.0,4.6,334,1008.5,96,26.0,27.3,295.0,49.4,14.0,29.6
2025-11-19 07:00:00,2025,11,19,7,Đồng Nai,Phường Tam Hiệp,10.9510733,106.858145,83,Moderate,1,24.6,94,0.0,9.0,6,1009.3,95,17.1,17.5,285.0,30.7,29.0,17.3
2025-11-19 08:00:00,2025,11,19,8,Đồng Nai,Phường Tam Hiệp,10.9510733,106.858145,81,Moderate,1,25.5,88,0.0,9.3,9,1009.7,18,13.7,14.1,263.0,26.1,47.0,15.0
2025-11-19 09:00:00,2025,11,19,9,Đồng Nai,Phường Tam Hiệp,10.9510733,106.858145,79,Moderate,1,27.1,82,0.0,7.9,20,1010.4,97,12.3,12.5,235.0,19.6,73.0,11.7
2025-11-19 10:00:00,2025,11,19,10,Đồng Nai,Phường Tam Hiệp,10.9510733,106.858145,77,Moderate,1,28.6,76,0.0,4.4,30,1010.4,87,10.6,10.7,213.0,14.6,91.0,9.0
2025-11-19 11:00:00,2025,11,19,11,Đồng Nai,Phường Tam Hiệp,10.9510733,106.858145,75,Moderate,1,29.8,73,0.1,4.5,23,1009.1,99,7.5,7.6,200.0,11.7,97.0,7.2
2025-11-19 12:00:00,2025,11,19,12,Đồng Nai,Phường Tam Hiệp,10.9510733,106.858145,74,Moderate,1,29.5,72,0.2,4.2,355,1008.2,100,6.8,6.9,193.0,10.2,96.0,5.9
2025-11-19 13:00:00,2025,11,19,13,Đồng Nai,Phường Tam Hiệp,10.9510733,106.858145,73,Moderate,1,31.1,64,6.8,4.9,2,1006.7,100,7.3,7.4,191.0,11.1,91.0,5.2
2025-11-19 14:00:00,2025,11,19,14,Đồng Nai,Phường Tam Hiệp,10.9510733,106.858145,72,Moderate,1,27.1,78,5.6,14.5,348,1006.8,100,9.1,9.2,193.0,15.2,80.0,5.0
2025-11-19 15:00:00,2025,11,19,15,Đồng Nai,Phường Tam Hiệp,10.9510733,106.858145,72,Moderate,1,25.9,88,2.0,10.0,39,1006.5,100,11.4,11.5,200.0,21.7,63.0,5.3
2025-11-19 16:00:00,2025,11,19,16,Đồng Nai,Phường Tam Hiệp,10.9510733,106.858145,72,Moderate,1,24.7,91,6.1,2.9,180,1007.1,100,10.8,11.1,215.0,28.8,48.0,6.3
2025-11-19 17:00:00,2025,11,19,17,Đồng Nai,Phường Tam Hiệp,10.9510733,106.858145,72,Moderate,1,24.3,95,2.3,5.6,180,1007.5,100,13.6,14.2,240.0,37.2,34.0,8.2
2025-11-19 18:00:00,2025,11,19,18,Đồng Nai,Phường Tam Hiệp,10.9510733,106.858145,72,Moderate,1,23.9,96,2.6,7.2,289,1008.2,100,19.2,19.9,272.0,46.3,20.0,10.7
2025-11-19 19:00:00,2025,11,19,19,Đồng Nai,Phường Tam Hiệp,10.9510733,106.858145,72,Moderate,1,26.0,93,0.6,6.0,5,1008.2,100,18.0,18.7,307.0,40.7,23.0,11.9
2025-11-19 20:00:00,2025,11,19,20,Đồng Nai,Phường Tam Hiệp,10.9510733,106.858145,70,Moderate,1,24.8,91,1.7,14.4,342,1009.3,100,21.1,21.8,351.0,42.0,21.0,13.3
2025-11-19 21:00:00,2025,11,19,21,Đồng Nai,Phường Tam Hiệp,10.9510733,106.858145,68,Moderate,1,23.0,98,3.7,11.4,18,1010.4,100,20.0,20.5,397.0,43.7,19.0,15.2
2025-11-19 22:00:00,2025,11,19,22,Đồng Nai,Phường Tam Hiệp,10.9510733,106.858145,67,Moderate,1,23.9,96,0.5,9.9,325,1010.1,89,18.8,19.3,419.0,43.7,18.0,16.3
2025-11-19 23:00:00,2025,11,19,23,Đồng Nai,Phường Tam Hiệp,10.9510733,106.858145,66,Moderate,1,23.9,95,0.0,7.7,330,1009.9,100,15.4,15.7,398.0,40.7,20.0,15.8
2025-11-20 00:00:00,2025,11,20,0,Đồng Nai,Phường Tam Hiệp,10.9510733,106.858145,64,Moderate,1,23.8,94,0.0,10.5,338,1009.5,100,12.6,12.8,353.0,36.0,24.0,14.4
2025-11-20 01:00:00,2025,11,20,1,Đồng Nai,Phường Tam Hiệp,10.9510733,106.858145,62,Moderate,1,24.5,94,0.0,11.4,344,1008.8,98,10.4,10.6,317.0,31.9,28.0,13.0
2025-11-20 02:00:00,2025,11,20,2,Đồng Nai,Phường Tam Hiệp,10.9510733,106.858145,60,Moderate,1,24.2,92,0.0,13.2,354,1008.1,95,8.4,8.5,297.0,28.8,30.0,11.8
2025-11-20 03:00:00,2025,11,20,3,Đồng Nai,Phường Tam Hiệp,10.9510733,106.858145,57,Moderate,1,23.5,92,0.0,14.3,353,1007.7,100,7.4,7.5,286.0,26.3,32.0,10.6
2025-11-20 04:00:00,2025,11,20,4,Đồng Nai,Phường Tam Hiệp,10.9510733,106.858145,55,Moderate,1,23.0,92,0.0,14.1,358,1007.5,97,7.1,7.2,290.0,25.0,33.0,10.0
2025-11-20 05:00:00,2025,11,20,5,Đồng Nai,Phường Tam Hiệp,10.9510733,106.858145,54,Moderate,1,22.9,91,0.0,13.5,357,1007.7,100,7.3,7.4,324.0,26.0,31.0,10.5
2025-11-20 06:00:00,2025,11,20,6,Đồng Nai,Phường Tam Hiệp,10.9510733,106.858145,52,Moderate,1,22.8,89,0.0,12.3,357,1008.2,100,8.4,8.6,372.0,28.2,28.0,11.6
2025-11-20 07:00:00,2025,11,20,7,Đồng Nai,Phường Tam Hiệp,10.9510733,106.858145,51,Moderate,1,24.4,87,0.0,7.1,353,1009.2,56,10.7,10.9,397.0,25.6,32.0,12.7
2025-11-20 08:00:00,2025,11,20,8,Đồng Nai,Phường Tam Hiệp,10.9510733,106.858145,50,Good,0,26.0,79,0.0,5.8,9,1009.9,84,13.4,13.7,374.0,24.0,43.0,12.7
2025-11-20 09:00:00,2025,11,20,9,Đồng Nai,Phường Tam Hiệp,10.9510733,106.858145,50,Good,0,27.3,74,0.0,4.7,4,1010.5,100,11.6,12.2,326.0,21.8,59.0,12.8
2025-11-20 10:00:00,2025,11,20,10,Đồng Nai,Phường Tam Hiệp,10.9510733,106.858145,50,Good,0,28.5,70,0.0,2.9,338,1010.2,100,10.0,10.4,289.0,20.2,73.0,12.8
2025-11-20 11:00:00,2025,11,20,11,Đồng Nai,Phường Tam Hiệp,10.9510733,106.858145,50,Good,0,29.2,66,0.0,5.6,310,1009.5,100,9.8,9.9,275.0,19.3,85.0,12.7
2025-11-20 12:00:00,2025,11,20,12,Đồng Nai,Phường Tam Hiệp,10.9510733,106.858145,50,Good,0,28.7,67,0.1,10.5,331,1008.6,100,10.7,10.7,271.0,18.9,96.0,12.5
2025-11-20 13:00:00,2025,11,20,13,Đồng Nai,Phường Tam Hiệp,10.9510733,106.858145,50,Good,0,28.4,68,0.0,7.3,340,1008.3,100,10.8,10.8,273.0,19.6,101.0,12.5
2025-11-20 14:00:00,2025,11,20,14,Đồng Nai,Phường Tam Hiệp,10.9510733,106.858145,51,Moderate,1,27.5,73,0.2,11.7,335,1007.4,100,11.4,11.4,283.0,20.9,99.0,12.4
2025-11-20 15:00:00,2025,11,20,15,Đồng Nai,Phường Tam Hiệp,10.9510733,106.858145,51,Moderate,1,26.8,76,0.0,12.4,352,1007.3,100,11.8,11.8,300.0,23.4,92.0,12.4
2025-11-20 16:00:00,2025,11,20,16,Đồng Nai,Phường Tam Hiệp,10.9510733,106.858145,51,Moderate,1,26.9,77,0.0,10.1,354,1007.4,100,13.6,13.7,312.0,29.1,80.0,13.6
2025-11-20 17:00:00,2025,11,20,17,Đồng Nai,Phường Tam Hiệp,10.9510733,106.858145,51,Moderate,1,26.2,80,0.2,12.7,7,1008.1,100,17.4,17.5,316.0,41.4,61.0,17.1
2025-11-20 18:00:00,2025,11,20,18,Đồng Nai,Phường Tam Hiệp,10.9510733,106.858145,52,Moderate,1,25.7,83,0.0,10.6,2,1008.8,100,24.5,25.2,317.0,57.0,37.0,21.9
2025-11-20 19:00:00,2025,11,20,19,Đồng Nai,Phường Tam Hiệp,10.9510733,106.858145,52,Moderate,1,26.0,77,0.0,8.9,25,1009.6,98,16.4,16.6,315.0,35.3,37.0,12.2
2025-11-20 20:00:00,2025,11,20,20,Đồng Nai,Phường Tam Hiệp,10.9510733,106.858145,52,Moderate,1,25.7,76,0.0,9.9,21,1010.4,92,16.1,16.4,311.0,33.0,36.0,12.2
2025-11-20 21:00:00,2025,11,20,21,Đồng Nai,Phường Tam Hiệp,10.9510733,106.858145,51,Moderate,1,25.5,75,0.0,10.3,13,1010.7,98,14.6,14.9,304.0,29.8,35.0,12.2
2025-11-20 22:00:00,2025,11,20,22,Đồng Nai,Phường Tam Hiệp,10.9510733,106.858145,51,Moderate,1,25.1,78,0.0,9.7,1,1010.5,99,12.9,13.1,299.0,26.8,35.0,11.9
2025-11-20 23:00:00,2025,11,20,23,Đồng Nai,Phường Tam Hiệp,10.9510733,106.858145,50,Good,0,24.8,82,0.0,9.0,348,1010.4,98,11.2,11.4,296.0,24.1,37.0,11.1
2025-11-21 00:00:00,2025,11,21,0,Đồng Nai,Phường Tam Hiệp,10.9510733,106.858145,50,Good,0,24.3,83,0.0,10.2,350,1009.8,48,9.7,9.9,295.0,21.7,40.0,10.0
2025-11-21 01:00:00,2025,11,21,1,Đồng Nai,Phường Tam Hiệp,10.9510733,106.858145,50,Good,0,24.2,84,0.0,9.7,348,1009.8,98,8.5,8.6,294.0,20.3,42.0,9.2
2025-11-21 02:00:00,2025,11,21,2,Đồng Nai,Phường Tam Hiệp,10.9510733,106.858145,49,Good,0,23.9,84,0.0,10.2,351,1009.0,97,8.2,8.2,290.0,20.6,41.0,8.8
2025-11-21 03:00:00,2025,11,21,3,Đồng Nai,Phường Tam Hiệp,10.9510733,106.858145,49,Good,0,23.6,84,0.0,9.4,359,1008.5,100,8.5,8.5,286.0,22.0,39.0,8.7
2025-11-21 04:00:00,2025,11,21,4,Đồng Nai,Phường Tam Hiệp,10.9510733,106.858145,49,Good,0,23.5,83,0.0,10.1,5,1008.2,100,8.9,8.9,290.0,23.5,36.0,9.0
2025-11-21 05:00:00,2025,11,21,5,Đồng Nai,Phường Tam Hiệp,10.9510733,106.858145,50,Good,0,23.4,84,0.0,9.2,7,1008.5,100,9.6,9.6,312.0,25.4,31.0,10.1
2025-11-21 06:00:00,2025,11,21,6,Đồng Nai,Phường Tam Hiệp,10.9510733,106.858145,50,Good,0,23.2,85,0.0,7.2,1,1009.2,100,12.0,12.1,341.0,27.4,27.0,11.7
2025-11-21 07:00:00,2025,11,21,7,Đồng Nai,Phường Tam Hiệp,10.9510733,106.858145,50,Good,0,24.1,85,0.0,6.8,333,1010.4,100,17.1,17.2,355.0,29.3,31.0,11.9
2025-11-21 08:00:00,2025,11,21,8,Đồng Nai,Phường Tam Hiệp,10.9510733,106.858145,51,Moderate,1,25.2,80,0.0,7.7,348,1011.2,100,17.1,17.2,340.0,28.4,40.0,12.6
2025-11-21 09:00:00,2025,11,21,9,Đồng Nai,Phường Tam Hiệp,10.9510733,106.858145,51,Moderate,1,26.2,77,0.0,7.9,347,1011.5,100,15.5,15.7,310.0,27.0,52.0,13.5
2025-11-21 10:00:00,2025,11,21,10,Đồng Nai,Phường Tam Hiệp,10.9510733,106.858145,52,Moderate,1,26.9,75,0.0,8.0,354,1011.5,100,13.3,13.4,286.0,25.0,65.0,13.6
2025-11-21 11:00:00,2025,11,21,11,Đồng Nai,Phường Tam Hiệp,10.9510733,106.858145,52,Moderate,1,27.8,73,0.0,6.5,355,1010.5,100,12.0,12.1,275.0,21.4,79.0,12.1
2025-11-21 12:00:00,2025,11,21,12,Đồng Nai,Phường Tam Hiệp,10.9510733,106.858145,52,Moderate,1,28.6,70,0.0,7.0,348,1009.4,100,10.1,10.2,268.0,17.3,92.0,9.8
2025-11-21 13:00:00,2025,11,21,13,Đồng Nai,Phường Tam Hiệp,10.9510733,106.858145,52,Moderate,1,29.1,66,0.0,0.8,45,1008.7,99,9.8,10.0,265.0,15.2,101.0,8.3
2025-11-21 14:00:00,2025,11,21,14,Đồng Nai,Phường Tam Hiệp,10.9510733,106.858145,52,Moderate,1,29.5,66,0.0,4.0,8,1007.5,100,9.0,9.1,253.0,14.6,104.0,8.0
2025-11-21 15:00:00,2025,11,21,15,Đồng Nai,Phường Tam Hiệp,10.9510733,106.858145,52,Moderate,1,29.8,65,0.0,7.4,13,1007.2,100,9.7,9.8,244.0,16.1,101.0,8.5
2025-11-21 16:00:00,2025,11,21,16,Đồng Nai,Phường Tam Hiệp,10.9510733,106.858145,52,Moderate,1,29.3,68,0.0,6.2,17,1007.2,100,11.6,11.6,268.0,24.4,91.0,10.3
2025-11-21 17:00:00,2025,11,21,17,Đồng Nai,Phường Tam Hiệp,10.9510733,106.858145,51,Moderate,1,28.2,73,0.0,9.6,13,1007.5,100,19.7,20.0,365.0,45.8,67.0,14.0
2025-11-21 18:00:00,2025,11,21,18,Đồng Nai,Phường Tam Hiệp,10.9510733,106.858145,52,Moderate,1,27.3,75,0.0,11.1,7,1008.3,63,36.6,38.2,494.0,74.1,36.0,19.0
2025-11-21 19:00:00,2025,11,21,19,Đồng Nai,Phường Tam Hiệp,10.9510733,106.858145,53,Moderate,1,24.8,91,0.0,7.9,123,1009.4,65,44.2,46.4,567.0,77.4,28.0,21.9
2025-11-21 20:00:00,2025,11,21,20,Đồng Nai,Phường Tam Hiệp,10.9510733,106.858145,55,Moderate,1,24.6,92,0.0,7.1,165,1010.4,91,53.7,56.0,528.0,73.7,26.0,22.4
2025-11-21 21:00:00,2025,11,21,21,Đồng Nai,Phường Tam Hiệp,10.9510733,106.858145,58,Moderate,1,24.5,93,0.0,3.6,233,1010.6,100,44.6,46.6,432.0,68.2,23.0,22.9
2025-11-21 22:00:00,2025,11,21,22,Đồng Nai,Phường Tam Hiệp,10.9510733,106.858145,61,Moderate,1,24.5,94,0.0,2.6,326,1010.5,100,32.1,33.3,352.0,61.1,23.0,22.2
2025-11-21 23:00:00,2025,11,21,23,Đồng Nai,Phường Tam Hiệp,10.9510733,106.858145,63,Moderate,1,24.7,92,0.0,7.0,1,1009.9,100,23.4,24.1,316.0,51.0,27.0,19.1
2025-11-22 00:00:00,2025,11,22,0,Đồng Nai,Phường Tam Hiệp,10.9510733,106.858145,64,Moderate,1,24.8,83,0.0,8.6,359,1009.5,100,16.5,17.0,297.0,39.3,33.0,14.7
2025-11-22 01:00:00,2025,11,22,1,Đồng Nai,Phường Tam Hiệp,10.9510733,106.858145,65,Moderate,1,24.5,88,0.0,5.2,340,1009.1,100,12.1,12.5,282.0,30.5,37.0,11.3
2025-11-22 02:00:00,2025,11,22,2,Đồng Nai,Phường Tam Hiệp,10.9510733,106.858145,65,Moderate,1,24.4,83,0.0,4.9,343,1008.5,100,9.8,9.9,266.0,26.3,38.0,9.6
2025-11-22 03:00:00,2025,11,22,3,Đồng Nai,Phường Tam Hiệp,10.9510733,106.858145,65,Moderate,1,24.1,83,0.0,5.5,328,1008.1,100,9.2,9.2,254.0,24.9,38.0,8.8
2025-11-22 04:00:00,2025,11,22,4,Đồng Nai,Phường Tam Hiệp,10.9510733,106.858145,65,Moderate,1,23.9,84,0.0,6.1,330,1008.0,100,9.5,9.5,256.0,25.4,36.0,8.9
2025-11-22 05:00:00,2025,11,22,5,Đồng Nai,Phường Tam Hiệp,10.9510733,106.858145,65,Moderate,1,23.8,84,0.0,6.1,348,1008.3,100,10.2,10.3,281.0,28.3,31.0,10.2
2025-11-22 06:00:00,2025,11,22,6,Đồng Nai,Phường Tam Hiệp,10.9510733,106.858145,65,Moderate,1,23.6,84,0.0,6.2,353,1008.5,100,12.9,13.1,318.0,32.9,24.0,12.5
2025-11-22 07:00:00,2025,11,22,7,Đồng Nai,Phường Tam Hiệp,10.9510733,106.858145,65,Moderate,1,24.8,81,0.0,4.7,7,1009.7,100,16.5,16.6,346.0,27.9,29.0,14.0
2025-11-22 08:00:00,2025,11,22,8,Đồng Nai,Phường Tam Hiệp,10.9510733,106.858145,65,Moderate,1,25.1,80,0.0,2.4,343,1010.4,100,15.7,15.7,355.0,29.1,31.0,14.5
2025-11-22 09:00:00,2025,11,22,9,Đồng Nai,Phường Tam Hiệp,10.9510733,106.858145,65,Moderate,1,25.4,80,0.1,5.2,356,1010.9,100,15.6,15.7,355.0,30.8,34.0,15.3
2025-11-22 10:00:00,2025,11,22,10,Đồng Nai,Phường Tam Hiệp,10.9510733,106.858145,65,Moderate,1,26.0,76,0.0,6.3,7,1010.1,100,14.9,15.2,349.0,32.6,38.0,15.9
2025-11-22 11:00:00,2025,11,22,11,Đồng Nai,Phường Tam Hiệp,10.9510733,106.858145,65,Moderate,1,26.8,73,0.0,7.6,27,1009.6,100,14.9,15.3,335.0,33.5,43.0,16.0
2025-11-22 12:00:00,2025,11,22,12,Đồng Nai,Phường Tam Hiệp,10.9510733,106.858145,65,Moderate,1,26.8,73,0.0,8.3,18,1008.7,100,15.8,16.4,316.0,34.3,49.0,16.1
2025-11-22 13:00:00,2025,11,22,13,Đồng Nai,Phường Tam Hiệp,10.9510733,106.858145,66,Moderate,1,26.0,79,0.0,4.9,2,1008.6,100,16.1,16.6,301.0,37.6,53.0,17.0
2025-11-22 14:00:00,2025,11,22,14,Đồng Nai,Phường Tam Hiệp,10.9510733,106.858145,67,Moderate,1,26.0,82,1.4,5.3,12,1008.0,100,18.9,19.6,278.0,43.9,56.0,19.0
2025-11-22 15:00:00,2025,11,22,15,Đồng Nai,Phường Tam Hiệp,10.9510733,106.858145,67,Moderate,1,26.1,82,0.4,6.6,29,1007.8,100,25.0,25.9,260.0,52.6,58.0,21.9
2025-11-22 16:00:00,2025,11,22,16,Đồng Nai,Phường Tam Hiệp,10.9510733,106.858145,69,Moderate,1,25.6,88,0.6,6.9,6,1007.8,100,37.1,38.4,290.0,64.0,54.0,26.1
2025-11-22 17:00:00,2025,11,22,17,Đồng Nai,Phường Tam Hiệp,10.9510733,106.858145,71,Moderate,1,25.1,90,0.8,7.9,3,1008.1,100,49.7,51.1,413.0,80.5,40.0,31.8
2025-11-22 18:00:00,2025,11,22,18,Đồng Nai,Phường Tam Hiệp,10.9510733,106.858145,74,Moderate,1,24.6,94,0.6,7.4,4,1008.4,100,55.4,57.3,584.0,99.8,21.0,38.8
2025-11-22 19:00:00,2025,11,22,19,Đồng Nai,Phường Tam Hiệp,10.9510733,106.858145,75,Moderate,1,25.6,83,0.3,8.7,21,1008.9,100,42.6,43.7,715.0,71.8,16.0,27.6
2025-11-22 20:00:00,2025,11,22,20,Đồng Nai,Phường Tam Hiệp,10.9510733,106.858145,75,Moderate,1,25.4,85,0.1,5.7,37,1009.3,100,36.7,37.3,769.0,65.7,15.0,25.5
2025-11-22 21:00:00,2025,11,22,21,Đồng Nai,Phường Tam Hiệp,10.9510733,106.858145,74,Moderate,1,25.2,87,0.1,4.1,38,1009.6,100,31.0,31.7,782.0,57.2,14.0,22.6
2025-11-22 22:00:00,2025,11,22,22,Đồng Nai,Phường Tam Hiệp,10.9510733,106.858145,72,Moderate,1,25.0,88,0.0,3.5,12,1009.2,100,27.9,28.5,776.0,51.1,13.0,20.5
2025-11-22 23:00:00,2025,11,22,23,Đồng Nai,Phường Tam Hiệp,10.9510733,106.858145,72,Moderate,1,24.7,89,0.1,4.6,18,1008.9,100,27.8,28.5,745.0,49.8,13.0,20.2
2025-11-23 00:00:00,2025,11,23,0,Đồng Nai,Phường Tam Hiệp,10.9510733,106.858145,72,Moderate,1,24.4,90,0.0,6.3,5,1008.4,100,28.1,28.7,694.0,50.7,12.0,20.8
2025-11-23 01:00:00,2025,11,23,1,Đồng Nai,Phường Tam Hiệp,10.9510733,106.858145,74,Moderate,1,24.4,94,0.0,3.5,325,1008.3,100,29.3,30.0,659.0,51.0,12.0,21.0
2025-11-23 02:00:00,2025,11,23,2,Đồng Nai,Phường Tam Hiệp,10.9510733,106.858145,75,Moderate,1,24.2,94,0.0,3.8,343,1007.8,100,30.3,31.0,667.0,49.3,11.0,19.9
2025-11-23 03:00:00,2025,11,23,3,Đồng Nai,Phường Tam Hiệp,10.9510733,106.858145,77,Moderate,1,24.0,95,0.0,4.9,358,1007.4,100,28.9,29.5,690.0,46.9,11.0,18.5
2025-11-23 04:00:00,2025,11,23,4,Đồng Nai,Phường Tam Hiệp,10.9510733,106.858145,79,Moderate,1,24.0,95,0.0,5.1,342,1007.4,100,27.6,28.1,687.0,45.2,11.0,17.7
2025-11-23 05:00:00,2025,11,23,5,Đồng Nai,Phường Tam Hiệp,10.9510733,106.858145,80,Moderate,1,23.5,96,0.2,2.7,328,1007.7,100,24.6,25.1,633.0,44.8,12.0,18.1
2025-11-23 06:00:00,2025,11,23,6,Đồng Nai,Phường Tam Hiệp,10.9510733,106.858145,81,Moderate,1,23.5,95,0.3,3.8,335,1008.0,100,25.0,25.4,552.0,45.1,13.0,19.2
2025-11-23 07:00:00,2025,11,23,7,Đồng Nai,Phường Tam Hiệp,10.9510733,106.858145,83,Moderate,1,23.9,95,0.3,6.1,357,1008.4,100,26.5,27.0,473.0,41.6,13.0,19.4
2025-11-23 08:00:00,2025,11,23,8,Đồng Nai,Phường Tam Hiệp,10.9510733,106.858145,83,Moderate,1,24.6,91,0.2,6.1,348,1009.2,100,27.6,28.4,400.0,40.9,22.0,22.0
2025-11-23 09:00:00,2025,11,23,9,Đồng Nai,Phường Tam Hiệp,10.9510733,106.858145,85,Moderate,1,25.8,86,0.0,4.9,350,1009.9,99,25.6,26.6,328.0,39.9,34.0,25.5
2025-11-23 10:00:00,2025,11,23,10,Đồng Nai,Phường Tam Hiệp,10.9510733,106.858145,85,Moderate,1,27.4,78,0.0,5.5,347,1009.6,100,23.4,24.2,273.0,39.0,45.0,27.2
2025-11-23 11:00:00,2025,11,23,11,Đồng Nai,Phường Tam Hiệp,10.9510733,106.858145,86,Moderate,1,29.0,71,0.0,3.8,357,1008.9,100,21.6,22.5,242.0,38.2,55.0,25.5
2025-11-23 12:00:00,2025,11,23,12,Đồng Nai,Phường Tam Hiệp,10.9510733,106.858145,87,Moderate,1,29.6,69,0.0,3.9,43,1007.9,57,20.1,21.5,227.0,37.5,64.0,22.0
2025-11-23 13:00:00,2025,11,23,13,Đồng Nai,Phường Tam Hiệp,10.9510733,106.858145,87,Moderate,1,30.3,66,0.0,11.9,58,1007.8,98,19.0,20.7,222.0,36.7,70.0,18.5
2025-11-23 14:00:00,2025,11,23,14,Đồng Nai,Phường Tam Hiệp,10.9510733,106.858145,87,Moderate,1,30.2,67,0.0,5.6,42,1006.6,74,17.2,18.9,222.0,34.7,72.0,15.2
2025-11-23 15:00:00,2025,11,23,15,Đồng Nai,Phường Tam Hiệp,10.9510733,106.858145,87,Moderate,1,27.9,77,1.4,11.7,49,1006.7,100,13.6,14.8,232.0,32.6,71.0,11.8
2025-11-23 16:00:00,2025,11,23,16,Đồng Nai,Phường Tam Hiệp,10.9510733,106.858145,86,Moderate,1,27.8,76,0.0,6.0,353,1006.9,100,15.4,15.7,258.0,33.5,67.0,10.1
2025-11-23 17:00:00,2025,11,23,17,Đồng Nai,Phường Tam Hiệp,10.9510733,106.858145,84,Moderate,1,26.4,84,0.5,1.1,252,1007.6,99,22.5,22.9,309.0,40.0,57.0,10.8
2025-11-23 18:00:00,2025,11,23,18,Đồng Nai,Phường Tam Hiệp,10.9510733,106.858145,82,Moderate,1,25.8,91,0.1,2.7,278,1007.7,97,25.2,25.7,376.0,49.6,43.0,13.1
2025-11-23 19:00:00,2025,11,23,19,Đồng Nai,Phường Tam Hiệp,10.9510733,106.858145,79,Moderate,1,26.0,90,0.0,4.8,318,1007.4,100,24.0,25.0,437.0,44.4,28.0,12.3
2025-11-23 20:00:00,2025,11,23,20,Đồng Nai,Phường Tam Hiệp,10.9510733,106.858145,78,Moderate,1,25.9,91,0.0,3.1,270,1008.2,99,28.5,28.8,497.0,48.4,23.0,16.0
2025-11-23 21:00:00,2025,11,23,21,Đồng Nai,Phường Tam Hiệp,10.9510733,106.858145,77,Moderate,1,25.4,94,0.0,1.9,221,1008.3,100,32.7,33.1,551.0,53.8,17.0,21.1
2025-11-23 22:00:00,2025,11,23,22,Đồng Nai,Phường Tam Hiệp,10.9510733,106.858145,77,Moderate,1,25.4,94,0.0,4.2,260,1008.5,100,35.2,35.5,567.0,57.0,12.0,24.5
2025-11-23 23:00:00,2025,11,23,23,Đồng Nai,Phường Tam Hiệp,10.9510733,106.858145,78,Moderate,1,25.0,95,0.0,5.9,281,1008.4,100,35.3,35.6,517.0,56.0,9.0,24.9
2025-11-24 00:00:00,2025,11,24,0,Đồng Nai,Phường Tam Hiệp,10.9510733,106.858145,78,Moderate,1,24.7,94,0.0,5.6,297,1008.2,99,33.4,34.0,428.0,52.7,8.0,23.6
2025-11-24 01:00:00,2025,11,24,1,Đồng Nai,Phường Tam Hiệp,10.9510733,106.858145,79,Moderate,1,25.0,96,0.0,7.6,356,1007.6,98,32.7,33.8,351.0,49.4,7.0,22.0
2025-11-24 02:00:00,2025,11,24,2,Đồng Nai,Phường Tam Hiệp,10.9510733,106.858145,79,Moderate,1,24.8,93,0.0,9.3,22,1007.1,69,31.5,32.6,300.0,46.4,7.0,20.2
2025-11-24 03:00:00,2025,11,24,3,Đồng Nai,Phường Tam Hiệp,10.9510733,106.858145,79,Moderate,1,24.4,93,0.0,8.2,29,1006.8,35,29.4,30.4,262.0,43.3,8.0,18.2
2025-11-24 04:00:00,2025,11,24,4,Đồng Nai,Phường Tam Hiệp,10.9510733,106.858145,79,Moderate,1,24.0,94,0.0,7.8,22,1006.6,100,28.3,29.3,241.0,41.1,10.0,16.8
2025-11-24 05:00:00,2025,11,24,5,Đồng Nai,Phường Tam Hiệp,10.9510733,106.858145,79,Moderate,1,23.7,95,0.0,5.7,24,1007.0,99,30.0,31.1,250.0,41.2,12.0,16.8
2025-11-24 06:00:00,2025,11,24,6,Đồng Nai,Phường Tam Hiệp,10.9510733,106.858145,80,Moderate,1,23.5,95,0.0,5.4,21,1007.6,98,34.8,36.0,277.0,42.1,15.0,17.5
2025-11-24 07:00:00,2025,11,24,7,Đồng Nai,Phường Tam Hiệp,10.9510733,106.858145,81,Moderate,1,24.7,95,0.0,6.2,36,1008.3,49,37.7,38.5,293.0,39.0,26.0,15.3
2025-11-24 08:00:00,2025,11,24,8,Đồng Nai,Phường Tam Hiệp,10.9510733,106.858145,82,Moderate,1,26.5,89,0.0,5.7,58,1009.0,71,27.9,29.3,284.0,34.6,47.0,15.0
2025-11-24 09:00:00,2025,11,24,9,Đồng Nai,Phường Tam Hiệp,10.9510733,106.858145,82,Moderate,1,28.0,83,0.0,3.7,47,1009.1,91,24.4,26.5,263.0,28.4,77.0,14.4
2025-11-24 10:00:00,2025,11,24,10,Đồng Nai,Phường Tam Hiệp,10.9510733,106.858145,82,Moderate,1,29.5,76,0.0,2.9,47,1008.6,93,20.5,23.0,242.0,22.7,100.0,13.3
2025-11-24 11:00:00,2025,11,24,11,Đồng Nai,Phường Tam Hiệp,10.9510733,106.858145,81,Moderate,1,30.4,70,0.0,3.1,28,1007.9,77,17.3,19.8,222.0,17.9,112.0,11.0
2025-11-24 12:00:00,2025,11,24,12,Đồng Nai,Phường Tam Hiệp,10.9510733,106.858145,81,Moderate,1,31.0,66,0.0,6.7,20,1007.2,97,15.2,17.1,202.0,13.7,117.0,8.0
2025-11-24 13:00:00,2025,11,24,13,Đồng Nai,Phường Tam Hiệp,10.9510733,106.858145,80,Moderate,1,31.2,63,0.0,7.8,26,1006.1,91,13.4,14.4,190.0,11.6,119.0,6.0
2025-11-24 14:00:00,2025,11,24,14,Đồng Nai,Phường Tam Hiệp,10.9510733,106.858145,80,Moderate,1,31.9,58,0.0,5.5,32,1005.3,100,12.6,13.4,188.0,11.4,120.0,5.4
2025-11-24 15:00:00,2025,11,24,15,Đồng Nai,Phường Tam Hiệp,10.9510733,106.858145,80,Moderate,1,32.2,56,0.0,3.1,7,1004.9,61,12.7,13.5,195.0,13.4,117.0,5.7
2025-11-24 16:00:00,2025,11,24,16,Đồng Nai,Phường Tam Hiệp,10.9510733,106.858145,79,Moderate,1,31.6,56,0.0,2.4,351,1005.2,92,13.4,14.2,214.0,19.4,106.0,6.9
2025-11-24 17:00:00,2025,11,24,17,Đồng Nai,Phường Tam Hiệp,10.9510733,106.858145,79,Moderate,1,29.2,73,0.0,6.3,53,1005.9,87,19.3,20.8,247.0,32.3,80.0,9.0
2025-11-24 18:00:00,2025,11,24,18,Đồng Nai,Phường Tam Hiệp,10.9510733,106.858145,79,Moderate,1,27.0,83,0.2,4.7,187,1006.4,57,26.1,28.8,293.0,49.2,46.0,12.0
2025-11-24 19:00:00,2025,11,24,19,Đồng Nai,Phường Tam Hiệp,10.9510733,106.858145,79,Moderate,1,26.8,94,0.1,3.7,151,1006.9,83,26.7,28.9,352.0,50.7,27.0,14.9
2025-11-24 20:00:00,2025,11,24,20,Đồng Nai,Phường Tam Hiệp,10.9510733,106.858145,79,Moderate,1,26.5,93,0.7,7.3,128,1007.8,82,34.0,36.2,439.0,57.8,21.0,20.8
2025-11-24 21:00:00,2025,11,24,21,Đồng Nai,Phường Tam Hiệp,10.9510733,106.858145,80,Moderate,1,25.9,93,1.7,1.9,214,1008.3,96,42.6,45.2,540.0,67.5,12.0,29.1
2025-11-24 22:00:00,2025,11,24,22,Đồng Nai,Phường Tam Hiệp,10.9510733,106.858145,81,Moderate,1,25.5,96,0.0,2.9,263,1008.2,100,48.0,50.8,609.0,74.7,6.0,36.2
2025-11-24 23:00:00,2025,11,24,23,Đồng Nai,Phường Tam Hiệp,10.9510733,106.858145,82,Moderate,1,25.2,97,0.0,4.0,278,1008.4,100,54.6,57.7,636.0,77.6,4.0,41.6
2025-11-25 00:00:00,2025,11,25,0,Đồng Nai,Phường Tam Hiệp,10.9510733,106.858145,84,Moderate,1,24.9,98,0.0,6.4,278,1008.0,100,58.6,61.7,631.0,77.9,4.0,45.7
2025-11-25 01:00:00,2025,11,25,1,Đồng Nai,Phường Tam Hiệp,10.9510733,106.858145,86,Moderate,1,25.1,96,0.0,9.0,292,1007.4,32,55.8,58.9,583.0,75.8,5.0,46.9
2025-11-25 02:00:00,2025,11,25,2,Đồng Nai,Phường Tam Hiệp,10.9510733,106.858145,88,Moderate,1,24.8,96,0.0,6.8,310,1006.9,30,50.3,53.2,454.0,70.8,6.0,43.4
2025-11-25 03:00:00,2025,11,25,3,Đồng Nai,Phường Tam Hiệp,10.9510733,106.858145,90,Moderate,1,24.5,94,0.0,7.4,354,1006.2,75,42.5,44.7,282.0,63.5,8.0,36.8
2025-11-25 04:00:00,2025,11,25,4,Đồng Nai,Phường Tam Hiệp,10.9510733,106.858145,91,Moderate,1,23.8,88,0.0,8.9,8,1006.2,34,32.9,34.5,167.0,55.6,11.0,30.3
2025-11-25 05:00:00,2025,11,25,5,Đồng Nai,Phường Tam Hiệp,10.9510733,106.858145,91,Moderate,1,23.4,88,0.0,7.7,1,1006.5,40,25.3,26.3,167.0,47.2,15.0,24.6
2025-11-25 06:00:00,2025,11,25,6,Đồng Nai,Phường Tam Hiệp,10.9510733,106.858145,91,Moderate,1,23.3,87,0.0,9.6,3,1006.9,63,21.8,22.5,223.0,38.2,19.0,19.0
2025-11-25 07:00:00,2025,11,25,7,Đồng Nai,Phường Tam Hiệp,10.9510733,106.858145,90,Moderate,1,24.4,88,0.0,8.0,16,1007.3,4,27.4,28.6,263.0,33.5,31.0,13.3
2025-11-25 08:00:00,2025,11,25,8,Đồng Nai,Phường Tam Hiệp,10.9510733,106.858145,89,Moderate,1,26.1,79,0.0,8.4,34,1008.2,23,23.3,23.8,254.0,28.5,47.0,12.3
2025-11-25 09:00:00,2025,11,25,9,Đồng Nai,Phường Tam Hiệp,10.9510733,106.858145,88,Moderate,1,27.7,74,0.0,9.9,33,1008.4,3,19.7,20.7,228.0,21.5,68.0,10.8
2025-11-25 10:00:00,2025,11,25,10,Đồng Nai,Phường Tam Hiệp,10.9510733,106.858145,88,Moderate,1,29.1,69,0.0,8.2,33,1008.3,25,17.4,19.0,207.0,16.4,88.0,9.7
2025-11-25 11:00:00,2025,11,25,11,Đồng Nai,Phường Tam Hiệp,10.9510733,106.858145,87,Moderate,1,30.2,64,0.0,6.8,25,1007.6,75,16.3,17.9,198.0,14.4,103.0,9.1
2025-11-25 12:00:00,2025,11,25,12,Đồng Nai,Phường Tam Hiệp,10.9510733,106.858145,87,Moderate,1,31.0,59,0.0,9.5,15,1006.4,100,16.1,17.0,194.0,14.2,115.0,8.9
2025-11-25 13:00:00,2025,11,25,13,Đồng Nai,Phường Tam Hiệp,10.9510733,106.858145,87,Moderate,1,31.6,54,0.0,10.1,10,1005.6,100,18.2,19.2,193.0,15.3,125.0,9.2
2025-11-25 14:00:00,2025,11,25,14,Đồng Nai,Phường Tam Hiệp,10.9510733,106.858145,88,Moderate,1,31.8,53,0.0,11.4,16,1004.7,100,20.3,21.2,196.0,17.0,133.0,10.0
2025-11-25 15:00:00,2025,11,25,15,Đồng Nai,Phường Tam Hiệp,10.9510733,106.858145,89,Moderate,1,31.1,54,0.0,14.2,12,1004.5,100,23.1,24.2,203.0,19.9,139.0,11.4
2025-11-25 16:00:00,2025,11,25,16,Đồng Nai,Phường Tam Hiệp,10.9510733,106.858145,90,Moderate,1,30.2,60,0.0,15.4,14,1004.7,89,23.6,24.6,210.0,25.9,134.0,13.2
2025-11-25 17:00:00,2025,11,25,17,Đồng Nai,Phường Tam Hiệp,10.9510733,106.858145,90,Moderate,1,28.6,63,0.0,17.0,13,1005.3,98,32.6,33.5,216.0,36.9,112.0,15.2
2025-11-25 18:00:00,2025,11,25,18,Đồng Nai,Phường Tam Hiệp,10.9510733,106.858145,92,Moderate,1,27.4,63,0.0,17.9,17,1006.3,100,39.7,40.6,222.0,51.0,79.0,17.7
2025-11-25 19:00:00,2025,11,25,19,Đồng Nai,Phường Tam Hiệp,10.9510733,106.858145,93,Moderate,1,26.6,78,0.0,4.6,59,1007.2,100,43.5,43.9,229.0,61.9,47.0,19.2
2025-11-25 20:00:00,2025,11,25,20,Đồng Nai,Phường Tam Hiệp,10.9510733,106.858145,94,Moderate,1,26.0,75,0.0,8.2,23,1008.0,100,49.7,50.2,238.0,67.1,42.0,22.0
2025-11-25 21:00:00,2025,11,25,21,Đồng Nai,Phường Tam Hiệp,10.9510733,106.858145,96,Moderate,1,25.2,68,0.0,10.8,11,1008.2,100,54.8,55.3,248.0,74.0,34.0,25.9
2025-11-25 22:00:00,2025,11,25,22,Đồng Nai,Phường Tam Hiệp,10.9510733,106.858145,97,Moderate,1,24.5,69,0.0,12.7,8,1008.0,100,54.6,55.1,257.0,77.3,29.0,28.1
2025-11-25 23:00:00,2025,11,25,23,Đồng Nai,Phường Tam Hiệp,10.9510733,106.858145,97,Moderate,1,23.9,72,0.0,12.3,11,1007.9,100,51.6,51.9,265.0,74.1,28.0,27.3
2025-11-26 00:00:00,2025,11,26,0,Đồng Nai,Phường Tam Hiệp,10.9510733,106.858145,97,Moderate,1,23.5,73,0.0,12.0,17,1007.3,100,47.5,47.8,271.0,67.4,30.0,24.8
2025-11-26 01:00:00,2025,11,26,1,Đồng Nai,Phường Tam Hiệp,10.9510733,106.858145,96,Moderate,1,23.5,79,0.0,8.1,12,1007.3,100,37.1,37.6,274.0,60.5,33.0,22.4
2025-11-26 02:00:00,2025,11,26,2,Đồng Nai,Phường Tam Hiệp,10.9510733,106.858145,94,Moderate,1,23.0,80,0.0,7.3,10,1006.5,91,31.8,32.1,268.0,53.9,37.0,20.2
2025-11-26 03:00:00,2025,11,26,3,Đồng Nai,Phường Tam Hiệp,10.9510733,106.858145,93,Moderate,1,22.6,80,0.0,8.4,11,1006.2,98,29.0,29.4,259.0,47.1,41.0,18.1
2025-11-26 04:00:00,2025,11,26,4,Đồng Nai,Phường Tam Hiệp,10.9510733,106.858145,92,Moderate,1,22.4,80,0.0,8.3,13,1006.0,99,27.0,27.5,262.0,42.2,44.0,16.6
2025-11-26 05:00:00,2025,11,26,5,Đồng Nai,Phường Tam Hiệp,10.9510733,106.858145,91,Moderate,1,22.1,80,0.0,8.5,12,1006.5,100,25.1,25.6,292.0,41.1,42.0,16.4
2025-11-26 06:00:00,2025,11,26,6,Đồng Nai,Phường Tam Hiệp,10.9510733,106.858145,91,Moderate,1,22.0,80,0.0,7.7,9,1007.4,100,25.0,25.6,334.0,42.0,38.0,16.9
2025-11-26 07:00:00,2025,11,26,7,Đồng Nai,Phường Tam Hiệp,10.9510733,106.858145,91,Moderate,1,23.0,79,0.0,8.0,10,1007.8,89,27.3,27.7,359.0,30.7,44.0,17.2
2025-11-26 08:00:00,2025,11,26,8,Đồng Nai,Phường Tam Hiệp,10.9510733,106.858145,91,Moderate,1,24.7,75,0.0,6.7,9,1008.5,99,27.5,27.9,350.0,28.3,57.0,16.4
2025-11-26 09:00:00,2025,11,26,9,Đồng Nai,Phường Tam Hiệp,10.9510733,106.858145,92,Moderate,1,26.4,72,0.0,6.3,15,1008.9,95,26.0,26.7,323.0,24.8,76.0,15.2
2025-11-26 10:00:00,2025,11,26,10,Đồng Nai,Phường Tam Hiệp,10.9510733,106.858145,92,Moderate,1,27.5,70,0.0,4.9,360,1008.8,84,24.7,25.4,299.0,21.6,94.0,14.1
2025-11-26 11:00:00,2025,11,26,11,Đồng Nai,Phường Tam Hiệp,10.9510733,106.858145,93,Moderate,1,28.6,67,0.0,4.8,338,1008.3,73,23.5,24.3,284.0,18.6,112.0,13.1
2025-11-26 12:00:00,2025,11,26,12,Đồng Nai,Phường Tam Hiệp,10.9510733,106.858145,94,Moderate,1,29.5,64,0.0,6.7,322,1007.3,64,23.7,24.5,272.0,15.9,130.0,12.1
2025-11-26 13:00:00,2025,11,26,13,Đồng Nai,Phường Tam Hiệp,10.9510733,106.858145,94,Moderate,1,30.0,61,0.0,8.8,325,1006.6,61,23.9,24.7,266.0,14.9,139.0,11.5
2025-11-26 14:00:00,2025,11,26,14,Đồng Nai,Phường Tam Hiệp,10.9510733,106.858145,95,Moderate,1,30.0,58,0.0,9.8,332,1005.9,82,23.3,24.2,269.0,15.7,136.0,11.1
2025-11-26 15:00:00,2025,11,26,15,Đồng Nai,Phường Tam Hiệp,10.9510733,106.858145,95,Moderate,1,30.2,56,0.0,8.6,337,1005.8,40,23.6,24.3,278.0,18.3,126.0,11.2
2025-11-26 16:00:00,2025,11,26,16,Đồng Nai,Phường Tam Hiệp,10.9510733,106.858145,95,Moderate,1,30.0,58,0.0,8.9,352,1005.9,63,23.8,24.4,283.0,24.3,111.0,12.8
2025-11-26 17:00:00,2025,11,26,17,Đồng Nai,Phường Tam Hiệp,10.9510733,106.858145,95,Moderate,1,28.6,67,0.0,9.8,343,1006.4,100,29.5,29.9,279.0,37.1,91.0,17.3
2025-11-26 18:00:00,2025,11,26,18,Đồng Nai,Phường Tam Hiệp,10.9510733,106.858145,95,Moderate,1,27.1,72,0.0,9.5,339,1007.4,100,38.2,38.6,271.0,53.4,66.0,23.3
2025-11-26 19:00:00,2025,11,26,19,Đồng Nai,Phường Tam Hiệp,10.9510733,106.858145,95,Moderate,1,26.8,67,0.0,11.8,349,1007.9,100,32.4,32.8,264.0,46.1,39.0,20.3
2025-11-26 20:00:00,2025,11,26,20,Đồng Nai,Phường Tam Hiệp,10.9510733,106.858145,94,Moderate,1,26.1,66,0.0,14.3,355,1008.7,99,29.2,29.5,259.0,40.0,42.0,17.1
2025-11-26 21:00:00,2025,11,26,21,Đồng Nai,Phường Tam Hiệp,10.9510733,106.858145,92,Moderate,1,25.5,66,0.0,16.0,353,1008.7,95,23.6,23.9,255.0,31.6,46.0,12.8
2025-11-26 22:00:00,2025,11,26,22,Đồng Nai,Phường Tam Hiệp,10.9510733,106.858145,89,Moderate,1,24.6,69,0.0,16.0,3,1008.6,98,20.9,21.2,251.0,24.9,49.0,9.4
2025-11-26 23:00:00,2025,11,26,23,Đồng Nai,Phường Tam Hiệp,10.9510733,106.858145,86,Moderate,1,23.9,72,0.0,15.9,3,1008.4,100,19.9,20.3,247.0,21.9,50.0,7.9
2025-11-27 00:00:00,2025,11,27,0,Đồng Nai,Phường Tam Hiệp,10.9510733,106.858145,83,Moderate,1,23.5,73,0.0,14.8,6,1008.4,100,18.7,19.0,243.0,20.7,50.0,7.4
2025-11-27 01:00:00,2025,11,27,1,Đồng Nai,Phường Tam Hiệp,10.9510733,106.858145,81,Moderate,1,23.3,76,0.0,15.5,1,1007.7,100,17.1,17.5,239.0,19.9,51.0,7.3
2025-11-27 02:00:00,2025,11,27,2,Đồng Nai,Phường Tam Hiệp,10.9510733,106.858145,79,Moderate,1,22.9,76,0.0,15.1,2,1006.9,100,15.6,15.9,234.0,18.6,53.0,7.4
2025-11-27 03:00:00,2025,11,27,3,Đồng Nai,Phường Tam Hiệp,10.9510733,106.858145,78,Moderate,1,22.5,77,0.0,12.6,360,1006.6,100,14.8,15.2,229.0,17.7,55.0,7.8
2025-11-27 04:00:00,2025,11,27,4,Đồng Nai,Phường Tam Hiệp,10.9510733,106.858145,76,Moderate,1,22.2,77,0.0,11.9,360,1007.0,100,14.8,15.1,230.0,17.9,56.0,8.6
2025-11-27 05:00:00,2025,11,27,5,Đồng Nai,Phường Tam Hiệp,10.9510733,106.858145,75,Moderate,1,22.0,77,0.0,12.5,353,1007.3,100,15.3,15.6,242.0,20.5,51.0,9.9
2025-11-27 06:00:00,2025,11,27,6,Đồng Nai,Phường Tam Hiệp,10.9510733,106.858145,74,Moderate,1,21.9,76,0.0,14.1,356,1007.7,100,16.7,17.1,259.0,24.2,45.0,11.5
2025-11-27 07:00:00,2025,11,27,7,Đồng Nai,Phường Tam Hiệp,10.9510733,106.858145,74,Moderate,1,22.7,79,0.0,10.9,6,1008.3,100,26.2,26.6,270.0,28.9,41.0,13.5
2025-11-27 08:00:00,2025,11,27,8,Đồng Nai,Phường Tam Hiệp,10.9510733,106.858145,73,Moderate,1,24.5,72,0.0,10.0,9,1009.2,100,25.7,26.2,267.0,25.1,52.0,12.5
2025-11-27 09:00:00,2025,11,27,9,Đồng Nai,Phường Tam Hiệp,10.9510733,106.858145,73,Moderate,1,26.2,69,0.0,10.1,19,1009.9,100,23.1,23.6,258.0,19.7,69.0,11.2
2025-11-27 10:00:00,2025,11,27,10,Đồng Nai,Phường Tam Hiệp,10.9510733,106.858145,73,Moderate,1,27.6,67,0.0,9.5,19,1009.6,100,20.8,21.5,252.0,15.2,84.0,9.9
2025-11-27 11:00:00,2025,11,27,11,Đồng Nai,Phường Tam Hiệp,10.9510733,106.858145,73,Moderate,1,28.8,65,0.0,9.0,360,1008.7,100,19.7,20.4,252.0,12.3,98.0,8.8
2025-11-27 12:00:00,2025,11,27,12,Đồng Nai,Phường Tam Hiệp,10.9510733,106.858145,72,Moderate,1,29.5,61,0.0,12.1,357,1007.6,100,19.4,20.1,255.0,10.4,111.0,7.8
2025-11-27 13:00:00,2025,11,27,13,Đồng Nai,Phường Tam Hiệp,10.9510733,106.858145,72,Moderate,1,29.9,57,0.0,13.6,353,1006.8,100,19.0,19.6,257.0,9.4,118.0,7.1
2025-11-27 14:00:00,2025,11,27,14,Đồng Nai,Phường Tam Hiệp,10.9510733,106.858145,72,Moderate,1,30.0,56,0.0,15.5,356,1006.1,100,18.5,19.0,257.0,9.0,118.0,6.6
2025-11-27 15:00:00,2025,11,27,15,Đồng Nai,Phường Tam Hiệp,10.9510733,106.858145,71,Moderate,1,29.5,56,0.0,18.6,354,1006.0,100,17.8,18.2,255.0,9.7,112.0,6.3
2025-11-27 16:00:00,2025,11,27,16,Đồng Nai,Phường Tam Hiệp,10.9510733,106.858145,71,Moderate,1,28.5,59,0.0,16.0,360,1006.2,100,18.0,18.3,255.0,12.7,101.0,7.1
2025-11-27 17:00:00,2025,11,27,17,Đồng Nai,Phường Tam Hiệp,10.9510733,106.858145,70,Moderate,1,27.4,64,0.0,13.4,5,1006.8,100,21.2,21.4,257.0,20.7,82.0,10.0
2025-11-27 18:00:00,2025,11,27,18,Đồng Nai,Phường Tam Hiệp,10.9510733,106.858145,69,Moderate,1,26.0,64,0.0,14.1,7,1007.4,100,24.4,24.6,260.0,31.1,58.0,13.9
2025-11-27 19:00:00,2025,11,27,19,Đồng Nai,Phường Tam Hiệp,10.9510733,106.858145,68,Moderate,1,25.6,63,0.0,11.9,360,1007.9,100,27.6,28.2,262.0,25.3,52.0,11.5
2025-11-27 20:00:00,2025,11,27,20,Đồng Nai,Phường Tam Hiệp,10.9510733,106.858145,68,Moderate,1,24.8,68,0.0,11.5,349,1009.0,100,27.8,28.2,261.0,25.0,48.0,11.3
2025-11-27 21:00:00,2025,11,27,21,Đồng Nai,Phường Tam Hiệp,10.9510733,106.858145,68,Moderate,1,24.4,64,0.0,14.2,360,1009.2,100,27.1,27.4,258.0,24.6,44.0,11.0
2025-11-27 22:00:00,2025,11,27,22,Đồng Nai,Phường Tam Hiệp,10.9510733,106.858145,68,Moderate,1,24.2,61,0.0,14.5,11,1009.4,100,26.7,27.0,256.0,23.8,41.0,10.7
2025-11-27 23:00:00,2025,11,27,23,Đồng Nai,Phường Tam Hiệp,10.9510733,106.858145,68,Moderate,1,23.6,63,0.0,14.1,10,1009.3,100,25.4,25.7,256.0,22.3,42.0,10.5
2025-11-28 00:00:00,2025,11,28,0,Đồng Nai,Phường Tam Hiệp,10.9510733,106.858145,69,Moderate,1,22.6,65,0.0,15.0,4,1008.6,100,24.1,24.4,257.0,20.5,44.0,10.3
2025-11-28 01:00:00,2025,11,28,1,Đồng Nai,Phường Tam Hiệp,10.9510733,106.858145,69,Moderate,1,22.6,63,0.0,19.5,358,1007.8,100,23.4,23.7,258.0,19.1,48.0,10.3
2025-11-28 02:00:00,2025,11,28,2,Đồng Nai,Phường Tam Hiệp,10.9510733,106.858145,70,Moderate,1,22.3,61,0.0,17.8,359,1007.3,100,22.8,23.2,256.0,18.1,53.0,10.4
2025-11-28 03:00:00,2025,11,28,3,Đồng Nai,Phường Tam Hiệp,10.9510733,106.858145,71,Moderate,1,22.0,61,0.0,17.3,358,1007.2,100,22.1,22.5,253.0,17.4,59.0,10.7
2025-11-28 04:00:00,2025,11,28,4,Đồng Nai,Phường Tam Hiệp,10.9510733,106.858145,71,Moderate,1,21.2,65,0.0,15.0,350,1007.2,100,21.3,21.7,259.0,18.0,62.0,11.1
2025-11-28 05:00:00,2025,11,28,5,Đồng Nai,Phường Tam Hiệp,10.9510733,106.858145,72,Moderate,1,20.3,73,0.0,13.7,343,1007.6,100,20.9,21.2,283.0,21.1,59.0,11.9
2025-11-28 06:00:00,2025,11,28,6,Đồng Nai,Phường Tam Hiệp,10.9510733,106.858145,72,Moderate,1,19.8,73,0.0,13.8,345,1008.2,100,21.9,22.2,314.0,25.4,53.0,12.9
2025-11-28 07:00:00,2025,11,28,7,Đồng Nai,Phường Tam Hiệp,10.9510733,106.858145,73,Moderate,1,20.6,74,0.0,14.3,348,1008.6,100,26.1,26.7,331.0,21.8,65.0,12.5
2025-11-28 08:00:00,2025,11,28,8,Đồng Nai,Phường Tam Hiệp,10.9510733,106.858145,73,Moderate,1,22.1,69,0.0,12.7,348,1009.4,100,26.3,26.7,319.0,19.6,74.0,12.6
2025-11-28 09:00:00,2025,11,28,9,Đồng Nai,Phường Tam Hiệp,10.9510733,106.858145,73,Moderate,1,24.0,64,0.0,13.9,350,1009.8,100,24.4,24.9,293.0,16.5,86.0,12.8
2025-11-28 10:00:00,2025,11,28,10,Đồng Nai,Phường Tam Hiệp,10.9510733,106.858145,73,Moderate,1,25.5,61,0.0,13.6,348,1009.4,100,22.3,22.8,272.0,13.8,98.0,12.6
2025-11-28 11:00:00,2025,11,28,11,Đồng Nai,Phường Tam Hiệp,10.9510733,106.858145,73,Moderate,1,26.7,61,0.0,12.4,351,1008.9,100,20.7,21.1,265.0,11.5,111.0,11.8
2025-11-28 12:00:00,2025,11,28,12,Đồng Nai,Phường Tam Hiệp,10.9510733,106.858145,73,Moderate,1,27.5,61,0.0,11.2,357,1007.5,100,20.0,20.4,263.0,9.6,124.0,10.6
2025-11-28 13:00:00,2025,11,28,13,Đồng Nai,Phường Tam Hiệp,10.9510733,106.858145,73,Moderate,1,28.3,59,0.0,10.0,347,1006.8,100,19.6,20.0,264.0,8.9,132.0,9.8
2025-11-28 14:00:00,2025,11,28,14,Đồng Nai,Phường Tam Hiệp,10.9510733,106.858145,73,Moderate,1,28.5,58,0.0,9.6,339,1005.8,100,19.4,19.7,263.0,9.2,133.0,9.3
2025-11-28 15:00:00,2025,11,28,15,Đồng Nai,Phường Tam Hiệp,10.9510733,106.858145,73,Moderate,1,28.5,60,0.0,11.7,333,1005.6,100,19.2,19.4,263.0,10.7,128.0,9.2
2025-11-28 16:00:00,2025,11,28,16,Đồng Nai,Phường Tam Hiệp,10.9510733,106.858145,73,Moderate,1,27.6,64,0.0,11.9,335,1005.9,100,19.3,19.6,276.0,14.6,118.0,10.4
2025-11-28 17:00:00,2025,11,28,17,Đồng Nai,Phường Tam Hiệp,10.9510733,106.858145,74,Moderate,1,26.4,70,0.0,7.3,298,1006.4,100,23.2,23.3,313.0,23.5,98.0,14.0
2025-11-28 18:00:00,2025,11,28,18,Đồng Nai,Phường Tam Hiệp,10.9510733,106.858145,74,Moderate,1,25.6,72,0.0,10.3,303,1006.6,100,27.8,28.1,361.0,34.8,71.0,18.9
2025-11-28 19:00:00,2025,11,28,19,Đồng Nai,Phường Tam Hiệp,10.9510733,106.858145,74,Moderate,1,25.4,76,0.0,9.5,280,1007.5,100,26.4,26.5,393.0,39.4,52.0,19.8
2025-11-28 20:00:00,2025,11,28,20,Đồng Nai,Phường Tam Hiệp,10.9510733,106.858145,74,Moderate,1,25.0,75,0.0,9.1,297,1008.8,100,25.8,26.0,395.0,35.6,51.0,18.6
2025-11-28 21:00:00,2025,11,28,21,Đồng Nai,Phường Tam Hiệp,10.9510733,106.858145,74,Moderate,1,24.3,76,0.0,9.5,295,1009.0,100,23.7,23.8,380.0,30.4,48.0,16.9
2025-11-28 22:00:00,2025,11,28,22,Đồng Nai,Phường Tam Hiệp,10.9510733,106.858145,73,Moderate,1,24.0,75,0.0,10.4,304,1008.9,100,21.5,21.7,362.0,26.2,46.0,15.3
2025-11-28 23:00:00,2025,11,28,23,Đồng Nai,Phường Tam Hiệp,10.9510733,106.858145,73,Moderate,1,23.3,77,0.0,10.1,313,1008.6,100,19.8,20.0,342.0,24.0,43.0,13.9
2025-11-29 00:00:00,2025,11,29,0,Đồng Nai,Phường Tam Hiệp,10.9510733,106.858145,73,Moderate,1,22.9,79,0.0,9.3,313,1008.1,100,18.6,18.7,319.0,22.9,40.0,12.5
2025-11-29 01:00:00,2025,11,29,1,Đồng Nai,Phường Tam Hiệp,10.9510733,106.858145,72,Moderate,1,22.6,81,0.0,8.9,318,1007.7,99,17.9,18.1,300.0,22.6,37.0,11.7
2025-11-29 02:00:00,2025,11,29,2,Đồng Nai,Phường Tam Hiệp,10.9510733,106.858145,72,Moderate,1,22.1,83,0.0,8.6,319,1007.2,100,17.6,17.8,284.0,23.2,34.0,11.6
2025-11-29 03:00:00,2025,11,29,3,Đồng Nai,Phường Tam Hiệp,10.9510733,106.858145,71,Moderate,1,21.9,83,0.0,9.4,322,1006.8,89,17.3,17.4,271.0,24.6,30.0,12.1
2025-11-29 04:00:00,2025,11,29,4,Đồng Nai,Phường Tam Hiệp,10.9510733,106.858145,71,Moderate,1,21.6,83,0.0,11.0,336,1006.5,88,16.9,17.1,270.0,25.8,28.0,12.8
2025-11-29 05:00:00,2025,11,29,5,Đồng Nai,Phường Tam Hiệp,10.9510733,106.858145,70,Moderate,1,21.5,83,0.0,10.1,344,1007.0,100,16.8,16.9,291.0,26.6,25.0,13.7
2025-11-29 06:00:00,2025,11,29,6,Đồng Nai,Phường Tam Hiệp,10.9510733,106.858145,70,Moderate,1,21.2,85,0.0,5.3,332,1007.8,98,17.9,18.0,324.0,27.2,23.0,14.9
2025-11-29 07:00:00,2025,11,29,7,Đồng Nai,Phường Tam Hiệp,10.9510733,106.858145,70,Moderate,1,22.1,82,0.0,8.7,308,1008.4,64,20.4,20.5,341.0,27.3,29.0,16.4
2025-11-29 08:00:00,2025,11,29,8,Đồng Nai,Phường Tam Hiệp,10.9510733,106.858145,69,Moderate,1,23.9,76,0.0,9.7,331,1009.2,100,20.7,20.8,326.0,25.3,46.0,16.7
2025-11-29 09:00:00,2025,11,29,9,Đồng Nai,Phường Tam Hiệp,10.9510733,106.858145,69,Moderate,1,25.5,69,0.0,9.9,341,1009.3,100,19.6,19.7,296.0,22.4,71.0,17.0
2025-11-29 10:00:00,2025,11,29,10,Đồng Nai,Phường Tam Hiệp,10.9510733,106.858145,68,Moderate,1,27.1,64,0.0,10.1,348,1008.9,100,18.2,18.3,274.0,19.6,94.0,16.9
2025-11-29 11:00:00,2025,11,29,11,Đồng Nai,Phường Tam Hiệp,10.9510733,106.858145,68,Moderate,1,28.1,63,0.0,9.7,336,1008.3,97,17.1,17.2,269.0,16.9,116.0,15.9
2025-11-29 12:00:00,2025,11,29,12,Đồng Nai,Phường Tam Hiệp,10.9510733,106.858145,67,Moderate,1,29.0,62,0.0,8.0,329,1007.3,94,16.9,17.1,271.0,14.3,136.0,14.5
2025-11-29 13:00:00,2025,11,29,13,Đồng Nai,Phường Tam Hiệp,10.9510733,106.858145,67,Moderate,1,29.5,60,0.0,7.2,328,1006.6,100,17.3,17.3,275.0,12.9,149.0,13.4
2025-11-29 14:00:00,2025,11,29,14,Đồng Nai,Phường Tam Hiệp,10.9510733,106.858145,67,Moderate,1,30.0,60,0.0,8.4,326,1005.7,100,17.1,17.2,265.0,11.7,153.0,12.3
2025-11-29 15:00:00,2025,11,29,15,Đồng Nai,Phường Tam Hiệp,10.9510733,106.858145,67,Moderate,1,29.9,61,0.0,8.6,327,1005.4,100,16.6,16.7,256.0,11.7,149.0,11.5
2025-11-29 16:00:00,2025,11,29,16,Đồng Nai,Phường Tam Hiệp,10.9510733,106.858145,67,Moderate,1,29.5,64,0.0,6.9,323,1005.8,100,16.0,16.1,294.0,17.3,136.0,12.6
2025-11-29 17:00:00,2025,11,29,17,Đồng Nai,Phường Tam Hiệp,10.9510733,106.858145,80,Moderate,1,28.4,73,0.0,4.1,319,1006.1,100,21.1,21.1,402.0,33.6,109.0,17.4
2025-11-29 18:00:00,2025,11,29,18,Đồng Nai,Phường Tam Hiệp,10.9510733,106.858145,88,Moderate,1,27.1,81,0.0,2.6,254,1007.1,100,32.9,33.1,556.0,55.4,74.0,24.0
2025-11-29 19:00:00,2025,11,29,19,Đồng Nai,Phường Tam Hiệp,10.9510733,106.858145,84,Moderate,1,26.5,80,0.0,7.2,242,1007.6,100,37.7,38.0,728.0,54.8,40.0,24.1
2025-11-29 20:00:00,2025,11,29,20,Đồng Nai,Phường Tam Hiệp,10.9510733,106.858145,68,Moderate,1,26.1,80,0.0,5.6,255,1008.5,100,44.1,44.2,946.0,58.6,31.0,27.1
2025-11-29 21:00:00,2025,11,29,21,Đồng Nai,Phường Tam Hiệp,10.9510733,106.858145,69,Moderate,1,25.8,82,0.0,6.6,286,1008.8,100,49.4,50.1,1182.0,63.8,18.0,31.2
2025-11-29 22:00:00,2025,11,29,22,Đồng Nai,Phường Tam Hiệp,10.9510733,106.858145,71,Moderate,1,25.0,86,0.0,4.4,305,1008.7,100,51.7,52.5,1323.0,67.5,8.0,34.0
2025-11-29 23:00:00,2025,11,29,23,Đồng Nai,Phường Tam Hiệp,10.9510733,106.858145,74,Moderate,1,24.7,85,0.0,5.1,324,1008.5,99,55.1,56.0,1290.0,68.4,5.0,34.1
2025-11-30 00:00:00,2025,11,30,0,Đồng Nai,Phường Tam Hiệp,10.9510733,106.858145,77,Moderate,1,24.1,86,0.0,5.2,338,1008.3,100,58.3,59.4,1163.0,67.8,6.0,32.8
2025-11-30 01:00:00,2025,11,30,1,Đồng Nai,Phường Tam Hiệp,10.9510733,106.858145,81,Moderate,1,23.7,87,0.0,7.1,333,1007.9,100,61.7,62.9,1070.0,66.8,7.0,31.9
2025-11-30 02:00:00,2025,11,30,2,Đồng Nai,Phường Tam Hiệp,10.9510733,106.858145,85,Moderate,1,23.5,86,0.0,7.6,329,1007.2,30,65.0,66.4,1077.0,65.4,6.0,31.8
2025-11-30 03:00:00,2025,11,30,3,Đồng Nai,Phường Tam Hiệp,10.9510733,106.858145,89,Moderate,1,23.1,88,0.0,4.4,325,1006.9,1,66.8,68.2,1118.0,63.7,4.0,32.0
2025-11-30 04:00:00,2025,11,30,4,Đồng Nai,Phường Tam Hiệp,10.9510733,106.858145,93,Moderate,1,22.8,90,0.0,2.1,322,1006.9,3,65.9,67.5,1126.0,63.0,5.0,32.8
2025-11-30 05:00:00,2025,11,30,5,Đồng Nai,Phường Tam Hiệp,10.9510733,106.858145,98,Moderate,1,22.5,92,0.0,1.3,254,1007.7,7,63.3,64.7,1064.0,65.5,6.0,35.2
2025-11-30 06:00:00,2025,11,30,6,Đồng Nai,Phường Tam Hiệp,10.9510733,106.858145,102,Unhealthy for Sensitive Groups,2,22.4,93,0.0,2.1,301,1008.3,27,63.8,65.0,969.0,69.0,9.0,38.1
2025-11-30 07:00:00,2025,11,30,7,Đồng Nai,Phường Tam Hiệp,10.9510733,106.858145,107,Unhealthy for Sensitive Groups,2,23.6,87,0.0,5.8,334,1008.7,5,55.3,57.0,886.0,64.7,29.0,34.7
2025-11-30 08:00:00,2025,11,30,8,Đồng Nai,Phường Tam Hiệp,10.9510733,106.858145,110,Unhealthy for Sensitive Groups,2,25.5,83,0.0,3.3,324,1009.6,1,44.1,46.2,839.0,55.1,68.0,33.2
2025-11-30 09:00:00,2025,11,30,9,Đồng Nai,Phường Tam Hiệp,10.9510733,106.858145,113,Unhealthy for Sensitive Groups,2,27.2,81,0.0,2.3,337,1009.8,0,36.0,37.1,802.0,41.5,122.0,31.0
2025-11-30 10:00:00,2025,11,30,10,Đồng Nai,Phường Tam Hiệp,10.9510733,106.858145,115,Unhealthy for Sensitive Groups,2,28.5,76,0.0,2.4,333,1009.2,1,30.3,30.4,747.0,29.8,167.0,28.1
2025-11-30 11:00:00,2025,11,30,11,Đồng Nai,Phường Tam Hiệp,10.9510733,106.858145,116,Unhealthy for Sensitive Groups,2,29.8,68,0.1,1.8,307,1008.8,19,26.1,26.2,648.0,21.3,194.0,23.8
2025-11-30 12:00:00,2025,11,30,12,Đồng Nai,Phường Tam Hiệp,10.9510733,106.858145,117,Unhealthy for Sensitive Groups,2,30.4,64,0.2,1.2,321,1007.8,30,25.6,25.8,529.0,14.5,212.0,18.9
2025-11-30 13:00:00,2025,11,30,13,Đồng Nai,Phường Tam Hiệp,10.9510733,106.858145,118,Unhealthy for Sensitive Groups,2,30.6,60,0.3,4.1,308,1006.9,30,26.1,26.3,435.0,10.8,221.0,15.6
2025-11-30 14:00:00,2025,11,30,14,Đồng Nai,Phường Tam Hiệp,10.9510733,106.858145,119,Unhealthy for Sensitive Groups,2,30.5,61,0.1,7.9,303,1006.2,41,27.5,27.7,376.0,10.1,222.0,14.9
2025-11-30 15:00:00,2025,11,30,15,Đồng Nai,Phường Tam Hiệp,10.9510733,106.858145,129,Unhealthy for Sensitive Groups,2,30.3,63,0.2,8.9,306,1006.1,27,27.6,27.9,342.0,12.5,214.0,15.7
2025-11-30 16:00:00,2025,11,30,16,Đồng Nai,Phường Tam Hiệp,10.9510733,106.858145,164,Unhealthy,3,29.9,64,0.0,7.4,317,1006.2,20,29.2,29.4,341.0,19.8,197.0,17.4
2025-11-30 17:00:00,2025,11,30,17,Đồng Nai,Phường Tam Hiệp,10.9510733,106.858145,184,Unhealthy,3,29.0,72,0.0,2.8,11,1006.8,41,39.6,39.7,391.0,36.7,163.0,20.5
2025-11-30 18:00:00,2025,11,30,18,Đồng Nai,Phường Tam Hiệp,10.9510733,106.858145,191,Unhealthy,3,28.0,80,0.0,3.3,61,1007.4,36,61.2,61.5,475.0,58.5,119.0,24.4
2025-11-30 19:00:00,2025,11,30,19,Đồng Nai,Phường Tam Hiệp,10.9510733,106.858145,183,Unhealthy,3,27.7,78,0.0,1.7,41,1007.7,20,68.9,69.2,549.0,80.9,70.0,30.6
2025-11-30 20:00:00,2025,11,30,20,Đồng Nai,Phường Tam Hiệp,10.9510733,106.858145,164,Unhealthy,3,27.1,83,0.0,2.7,48,1008.6,13,79.4,79.6,605.0,80.2,62.0,29.0
2025-11-30 21:00:00,2025,11,30,21,Đồng Nai,Phường Tam Hiệp,10.9510733,106.858145,136,Unhealthy for Sensitive Groups,2,26.6,84,0.0,4.4,150,1009.2,27,83.6,83.8,651.0,79.1,50.0,26.7
2025-11-30 22:00:00,2025,11,30,22,Đồng Nai,Phường Tam Hiệp,10.9510733,106.858145,138,Unhealthy for Sensitive Groups,2,25.9,86,0.0,8.3,166,1009.6,24,84.1,84.3,672.0,77.1,41.0,24.0
2025-11-30 23:00:00,2025,11,30,23,Đồng Nai,Phường Tam Hiệp,10.9510733,106.858145,141,Unhealthy for Sensitive Groups,2,25.5,87,0.0,5.6,158,1009.2,16,82.0,82.2,651.0,73.5,38.0,20.7
2025-12-01 00:00:00,2025,12,1,0,Đồng Nai,Phường Tam Hiệp,10.9510733,106.858145,144,Unhealthy for Sensitive Groups,2,25.0,91,0.0,3.9,152,1009.2,14,80.1,80.3,605.0,69.0,37.0,17.1
2025-12-01 01:00:00,2025,12,1,1,Đồng Nai,Phường Tam Hiệp,10.9510733,106.858145,146,Unhealthy for Sensitive Groups,2,24.5,94,0.0,2.8,130,1008.8,56,79.4,79.6,568.0,64.8,38.0,14.4
2025-12-01 02:00:00,2025,12,1,2,Đồng Nai,Phường Tam Hiệp,10.9510733,106.858145,148,Unhealthy for Sensitive Groups,2,24.6,94,0.0,2.7,118,1008.3,93,78.7,78.9,547.0,60.5,40.0,12.9
2025-12-01 03:00:00,2025,12,1,3,Đồng Nai,Phường Tam Hiệp,10.9510733,106.858145,149,Unhealthy for Sensitive Groups,2,24.5,95,0.0,2.4,163,1007.8,98,78.7,78.7,534.0,56.6,44.0,12.5
2025-12-01 04:00:00,2025,12,1,4,Đồng Nai,Phường Tam Hiệp,10.9510733,106.858145,150,Unhealthy for Sensitive Groups,2,24.5,96,0.0,2.4,171,1008.1,88,80.8,80.8,541.0,55.8,47.0,13.6
2025-12-01 05:00:00,2025,12,1,5,Đồng Nai,Phường Tam Hiệp,10.9510733,106.858145,150,Unhealthy for Sensitive Groups,2,24.5,96,0.0,2.3,162,1008.6,38,85.4,85.7,588.0,62.1,44.0,17.5
2025-12-01 06:00:00,2025,12,1,6,Đồng Nai,Phường Tam Hiệp,10.9510733,106.858145,151,Unhealthy,3,24.0,97,0.0,2.3,238,1009.1,0,95.0,95.2,655.0,71.5,41.0,23.1
2025-12-01 07:00:00,2025,12,1,7,Đồng Nai,Phường Tam Hiệp,10.9510733,106.858145,152,Unhealthy,3,25.0,94,0.0,2.2,351,1009.7,82,66.6,66.8,687.0,70.4,58.0,27.8
2025-12-01 08:00:00,2025,12,1,8,Đồng Nai,Phường Tam Hiệp,10.9510733,106.858145,152,Unhealthy,3,26.9,84,0.0,0.0,270,1010.2,9,49.5,49.7,655.0,62.0,88.0,29.3
2025-12-01 09:00:00,2025,12,1,9,Đồng Nai,Phường Tam Hiệp,10.9510733,106.858145,152,Unhealthy,3,28.6,73,0.0,1.2,309,1010.4,13,39.9,39.9,589.0,50.2,130.0,31.1
2025-12-01 10:00:00,2025,12,1,10,Đồng Nai,Phường Tam Hiệp,10.9510733,106.858145,152,Unhealthy,3,29.9,64,0.0,4.0,324,1010.0,0,32.2,32.2,526.0,39.5,165.0,31.4
2025-12-01 11:00:00,2025,12,1,11,Đồng Nai,Phường Tam Hiệp,10.9510733,106.858145,152,Unhealthy,3,30.9,59,0.0,5.3,327,1009.4,1,27.6,27.6,474.0,30.9,186.0,28.5
2025-12-01 12:00:00,2025,12,1,12,Đồng Nai,Phường Tam Hiệp,10.9510733,106.858145,152,Unhealthy,3,31.5,56,0.0,6.1,330,1008.1,7,26.4,26.4,424.0,23.4,200.0,23.9
2025-12-01 13:00:00,2025,12,1,13,Đồng Nai,Phường Tam Hiệp,10.9510733,106.858145,152,Unhealthy,3,31.9,55,0.0,6.6,334,1007.0,16,26.7,26.7,389.0,18.9,211.0,20.7
2025-12-01 14:00:00,2025,12,1,14,Đồng Nai,Phường Tam Hiệp,10.9510733,106.858145,152,Unhealthy,3,32.1,54,0.0,5.7,319,1006.1,26,29.5,29.5,379.0,18.3,222.0,20.0
2025-12-01 15:00:00,2025,12,1,15,Đồng Nai,Phường Tam Hiệp,10.9510733,106.858145,152,Unhealthy,3,31.8,55,0.0,5.0,316,1005.5,35,31.5,31.5,383.0,20.7,229.0,20.7
2025-12-01 16:00:00,2025,12,1,16,Đồng Nai,Phường Tam Hiệp,10.9510733,106.858145,166,Unhealthy,3,31.4,56,0.0,4.0,330,1005.5,69,33.1,33.1,387.0,25.5,223.0,21.5
2025-12-01 17:00:00,2025,12,1,17,Đồng Nai,Phường Tam Hiệp,10.9510733,106.858145,187,Unhealthy,3,30.0,66,0.0,3.4,6,1006.0,65,40.4,40.5,380.0,34.9,193.0,22.5
2025-12-01 18:00:00,2025,12,1,18,Đồng Nai,Phường Tam Hiệp,10.9510733,106.858145,197,Unhealthy,3,28.2,75,0.0,9.1,63,1006.7,80,48.0,48.1,371.0,46.7,149.0,23.8
2025-12-01 19:00:00,2025,12,1,19,Đồng Nai,Phường Tam Hiệp,10.9510733,106.858145,195,Unhealthy,3,27.5,82,0.0,10.3,93,1007.1,45,52.5,52.9,376.0,58.1,107.0,24.0
2025-12-01 20:00:00,2025,12,1,20,Đồng Nai,Phường Tam Hiệp,10.9510733,106.858145,182,Unhealthy,3,27.0,85,0.0,6.3,105,1007.8,41,48.0,48.3,410.0,51.8,107.0,21.3
2025-12-01 21:00:00,2025,12,1,21,Đồng Nai,Phường Tam Hiệp,10.9510733,106.858145,167,Unhealthy,3,26.4,88,0.0,5.4,105,1008.1,90,40.9,41.2,457.0,43.2,107.0,17.6
2025-12-01 22:00:00,2025,12,1,22,Đồng Nai,Phường Tam Hiệp,10.9510733,106.858145,151,Unhealthy,3,26.0,90,0.0,6.5,124,1008.6,98,34.2,34.6,485.0,36.3,106.0,14.9
2025-12-01 23:00:00,2025,12,1,23,Đồng Nai,Phường Tam Hiệp,10.9510733,106.858145,145,Unhealthy for Sensitive Groups,2,26.0,90,0.0,7.0,138,1008.7,95,30.9,31.2,482.0,33.2,105.0,14.1
2025-12-02 00:00:00,2025,12,2,0,Đồng Nai,Phường Tam Hiệp,10.9510733,106.858145,140,Unhealthy for Sensitive Groups,2,25.8,90,0.0,7.1,144,1008.6,99,30.4,30.7,460.0,31.9,104.0,14.4
2025-12-02 01:00:00,2025,12,2,1,Đồng Nai,Phường Tam Hiệp,10.9510733,106.858145,135,Unhealthy for Sensitive Groups,2,26.1,93,0.0,8.7,148,1007.9,98,32.4,32.8,428.0,31.0,103.0,14.9
2025-12-02 02:00:00,2025,12,2,2,Đồng Nai,Phường Tam Hiệp,10.9510733,106.858145,130,Unhealthy for Sensitive Groups,2,25.8,91,0.5,6.0,111,1007.6,93,33.9,34.5,377.0,29.8,104.0,15.5
2025-12-02 03:00:00,2025,12,2,3,Đồng Nai,Phường Tam Hiệp,10.9510733,106.858145,125,Unhealthy for Sensitive Groups,2,24.8,96,0.9,5.0,159,1007.1,98,35.2,35.9,315.0,29.0,105.0,16.5
2025-12-02 04:00:00,2025,12,2,4,Đồng Nai,Phường Tam Hiệp,10.9510733,106.858145,121,Unhealthy for Sensitive Groups,2,24.2,95,0.4,10.7,119,1007.3,82,34.7,35.4,277.0,29.2,106.0,17.3
2025-12-02 05:00:00,2025,12,2,5,Đồng Nai,Phường Tam Hiệp,10.9510733,106.858145,116,Unhealthy for Sensitive Groups,2,24.0,95,0.1,5.3,114,1008.0,78,34.9,35.6,281.0,31.4,105.0,17.9
2025-12-02 06:00:00,2025,12,2,6,Đồng Nai,Phường Tam Hiệp,10.9510733,106.858145,111,Unhealthy for Sensitive Groups,2,24.0,94,0.0,3.2,128,1008.8,84,33.8,34.5,308.0,34.5,104.0,18.5
2025-12-02 07:00:00,2025,12,2,7,Đồng Nai,Phường Tam Hiệp,10.9510733,106.858145,104,Unhealthy for Sensitive Groups,2,24.2,96,0.0,6.3,177,1009.5,93,47.1,48.1,334.0,41.9,82.0,16.1
2025-12-02 08:00:00,2025,12,2,8,Đồng Nai,Phường Tam Hiệp,10.9510733,106.858145,102,Unhealthy for Sensitive Groups,2,26.0,90,0.2,5.9,168,1010.5,92,43.1,44.0,355.0,42.1,84.0,18.2
2025-12-02 09:00:00,2025,12,2,9,Đồng Nai,Phường Tam Hiệp,10.9510733,106.858145,102,Unhealthy for Sensitive Groups,2,27.8,82,0.1,0.9,37,1011.0,100,39.0,39.7,375.0,42.1,88.0,21.1
2025-12-02 10:00:00,2025,12,2,10,Đồng Nai,Phường Tam Hiệp,10.9510733,106.858145,102,Unhealthy for Sensitive Groups,2,28.5,78,0.1,2.9,360,1010.7,100,34.3,34.9,385.0,40.7,97.0,23.3
2025-12-02 11:00:00,2025,12,2,11,Đồng Nai,Phường Tam Hiệp,10.9510733,106.858145,102,Unhealthy for Sensitive Groups,2,29.6,72,0.0,2.1,308,1009.8,83,34.8,35.2,379.0,36.4,116.0,24.3
2025-12-02 12:00:00,2025,12,2,12,Đồng Nai,Phường Tam Hiệp,10.9510733,106.858145,102,Unhealthy for Sensitive Groups,2,30.4,68,0.1,2.4,351,1008.7,52,38.2,38.5,363.0,30.6,139.0,24.6
2025-12-02 13:00:00,2025,12,2,13,Đồng Nai,Phường Tam Hiệp,10.9510733,106.858145,104,Unhealthy for Sensitive Groups,2,31.4,60,0.0,6.6,313,1007.5,100,39.6,39.8,350.0,26.9,154.0,24.0
2025-12-02 14:00:00,2025,12,2,14,Đồng Nai,Phường Tam Hiệp,10.9510733,106.858145,105,Unhealthy for Sensitive Groups,2,30.5,62,0.0,1.5,306,1006.5,96,40.3,40.6,335.0,26.5,154.0,21.8
2025-12-02 15:00:00,2025,12,2,15,Đồng Nai,Phường Tam Hiệp,10.9510733,106.858145,106,Unhealthy for Sensitive Groups,2,29.8,66,0.0,4.7,182,1006.1,67,43.5,43.8,323.0,28.0,145.0,18.8
2025-12-02 16:00:00,2025,12,2,16,Đồng Nai,Phường Tam Hiệp,10.9510733,106.858145,107,Unhealthy for Sensitive Groups,2,29.0,73,0.0,4.6,169,1006.2,81,35.7,35.9,338.0,31.4,132.0,17.2
2025-12-02 17:00:00,2025,12,2,17,Đồng Nai,Phường Tam Hiệp,10.9510733,106.858145,108,Unhealthy for Sensitive Groups,2,27.5,80,0.9,8.7,13,1007.3,91,30.6,30.7,406.0,36.9,116.0,17.6
2025-12-02 18:00:00,2025,12,2,18,Đồng Nai,Phường Tam Hiệp,10.9510733,106.858145,107,Unhealthy for Sensitive Groups,2,26.9,87,0.3,0.9,37,1007.6,79,33.3,33.4,501.0,44.2,96.0,19.5
2025-12-02 19:00:00,2025,12,2,19,Đồng Nai,Phường Tam Hiệp,10.9510733,106.858145,105,Unhealthy for Sensitive Groups,2,25.4,93,0.0,3.2,207,1008.0,79,54.5,54.5,574.0,55.6,75.0,25.9
2025-12-02 20:00:00,2025,12,2,20,Đồng Nai,Phường Tam Hiệp,10.9510733,106.858145,105,Unhealthy for Sensitive Groups,2,25.0,94,2.3,6.5,273,1009.3,80,61.9,61.9,604.0,63.0,63.0,30.4
2025-12-02 21:00:00,2025,12,2,21,Đồng Nai,Phường Tam Hiệp,10.9510733,106.858145,107,Unhealthy for Sensitive Groups,2,25.6,93,0.2,8.1,184,1009.1,38,72.4,72.6,611.0,73.4,46.0,36.8
2025-12-02 22:00:00,2025,12,2,22,Đồng Nai,Phường Tam Hiệp,10.9510733,106.858145,110,Unhealthy for Sensitive Groups,2,25.1,98,0.0,6.1,203,1009.5,59,80.6,80.8,610.0,81.8,31.0,42.2
2025-12-02 23:00:00,2025,12,2,23,Đồng Nai,Phường Tam Hiệp,10.9510733,106.858145,115,Unhealthy for Sensitive Groups,2,24.2,96,3.3,7.4,135,1009.7,96,82.0,82.0,601.0,86.6,20.0,45.8
2025-12-03 00:00:00,2025,12,3,0,Đồng Nai,Phường Tam Hiệp,10.9510733,106.858145,120,Unhealthy for Sensitive Groups,2,24.4,96,0.2,5.5,169,1009.7,78,87.1,87.3,582.0,89.5,12.0,48.4
2025-12-03 01:00:00,2025,12,3,1,Đồng Nai,Phường Tam Hiệp,10.9510733,106.858145,126,Unhealthy for Sensitive Groups,2,24.1,98,0.3,1.7,302,1008.9,88,89.6,89.9,564.0,90.8,6.0,50.2
2025-12-03 02:00:00,2025,12,3,2,Đồng Nai,Phường Tam Hiệp,10.9510733,106.858145,132,Unhealthy for Sensitive Groups,2,24.2,92,0.7,4.1,23,1008.8,100,90.3,90.3,549.0,90.5,3.0,51.2
2025-12-03 03:00:00,2025,12,3,3,Đồng Nai,Phường Tam Hiệp,10.9510733,106.858145,138,Unhealthy for Sensitive Groups,2,23.8,98,2.2,4.2,31,1008.5,100,90.3,90.3,535.0,88.6,2.0,51.3
2025-12-03 04:00:00,2025,12,3,4,Đồng Nai,Phường Tam Hiệp,10.9510733,106.858145,144,Unhealthy for Sensitive Groups,2,24.0,96,0.2,2.7,67,1008.8,87,81.7,81.7,518.0,85.4,3.0,50.5
2025-12-03 05:00:00,2025,12,3,5,Đồng Nai,Phường Tam Hiệp,10.9510733,106.858145,149,Unhealthy for Sensitive Groups,2,23.8,96,0.0,8.9,81,1009.2,100,76.4,76.4,500.0,81.0,3.0,48.7
2025-12-03 06:00:00,2025,12,3,6,Đồng Nai,Phường Tam Hiệp,10.9510733,106.858145,151,Unhealthy,3,23.7,95,0.0,5.3,45,1009.6,41,77.5,77.8,479.0,75.2,5.0,46.0
2025-12-03 07:00:00,2025,12,3,7,Đồng Nai,Phường Tam Hiệp,10.9510733,106.858145,152,Unhealthy,3,24.9,96,0.0,6.0,51,1010.0,98,68.2,68.2,450.0,61.0,19.0,35.8
2025-12-03 08:00:00,2025,12,3,8,Đồng Nai,Phường Tam Hiệp,10.9510733,106.858145,152,Unhealthy,3,26.0,90,0.0,6.4,47,1011.0,98,60.5,60.8,403.0,53.3,40.0,31.7
2025-12-03 09:00:00,2025,12,3,9,Đồng Nai,Phường Tam Hiệp,10.9510733,106.858145,152,Unhealthy,3,27.5,81,0.0,7.0,44,1011.2,50,43.8,43.9,349.0,42.5,68.0,25.9
2025-12-03 10:00:00,2025,12,3,10,Đồng Nai,Phường Tam Hiệp,10.9510733,106.858145,153,Unhealthy,3,29.0,75,0.0,6.3,13,1010.8,17,38.1,38.2,309.0,33.1,91.0,20.7
2025-12-03 11:00:00,2025,12,3,11,Đồng Nai,Phường Tam Hiệp,10.9510733,106.858145,153,Unhealthy,3,30.0,72,0.1,6.5,346,1010.1,78,31.9,31.9,297.0,26.3,102.0,16.6
2025-12-03 12:00:00,2025,12,3,12,Đồng Nai,Phường Tam Hiệp,10.9510733,106.858145,153,Unhealthy,3,29.9,72,0.2,7.8,331,1008.8,99,27.4,27.4,301.0,21.1,108.0,13.2
2025-12-03 13:00:00,2025,12,3,13,Đồng Nai,Phường Tam Hiệp,10.9510733,106.858145,152,Unhealthy,3,28.8,75,0.8,8.1,1,1007.4,77,25.3,25.3,303.0,18.4,111.0,11.2
2025-12-03 14:00:00,2025,12,3,14,Đồng Nai,Phường Tam Hiệp,10.9510733,106.858145,152,Unhealthy,3,27.9,80,4.3,5.9,310,1006.9,84,25.8,26.0,293.0,19.1,116.0,11.7
2025-12-03 15:00:00,2025,12,3,15,Đồng Nai,Phường Tam Hiệp,10.9510733,106.858145,152,Unhealthy,3,27.6,82,0.1,6.0,183,1006.0,81,24.4,24.5,283.0,22.5,118.0,13.6
2025-12-03 16:00:00,2025,12,3,16,Đồng Nai,Phường Tam Hiệp,10.9510733,106.858145,151,Unhealthy,3,26.4,83,5.5,11.1,60,1007.5,100,25.1,25.2,289.0,27.3,110.0,15.2
2025-12-03 17:00:00,2025,12,3,17,Đồng Nai,Phường Tam Hiệp,10.9510733,106.858145,151,Unhealthy,3,25.0,92,2.5,2.9,94,1008.0,100,26.0,26.0,307.0,34.9,83.0,15.8
2025-12-03 18:00:00,2025,12,3,18,Đồng Nai,Phường Tam Hiệp,10.9510733,106.858145,151,Unhealthy,3,24.3,95,6.2,4.8,214,1008.4,100,21.1,21.1,342.0,43.8,45.0,16.1
2025-12-03 19:00:00,2025,12,3,19,Đồng Nai,Phường Tam Hiệp,10.9510733,106.858145,151,Unhealthy,3,25.9,96,0.2,9.1,243,1008.3,98,22.0,22.1,423.0,37.7,25.0,13.5
2025-12-03 20:00:00,2025,12,3,20,Đồng Nai,Phường Tam Hiệp,10.9510733,106.858145,150,Unhealthy for Sensitive Groups,2,24.4,97,4.1,5.3,102,1009.5,98,22.4,22.5,614.0,35.5,25.0,13.4
2025-12-03 21:00:00,2025,12,3,21,Đồng Nai,Phường Tam Hiệp,10.9510733,106.858145,146,Unhealthy for Sensitive Groups,2,24.4,96,0.2,3.2,180,1009.4,98,20.5,20.5,852.0,32.5,25.0,13.3
2025-12-03 22:00:00,2025,12,3,22,Đồng Nai,Phường Tam Hiệp,10.9510733,106.858145,140,Unhealthy for Sensitive Groups,2,24.3,97,0.7,2.2,185,1009.4,90,18.9,19.0,976.0,30.4,24.0,13.1
2025-12-03 23:00:00,2025,12,3,23,Đồng Nai,Phường Tam Hiệp,10.9510733,106.858145,134,Unhealthy for Sensitive Groups,2,24.4,97,0.1,1.5,225,1009.5,100,18.9,19.0,885.0,30.3,22.0,12.9
2025-12-04 00:00:00,2025,12,4,0,Đồng Nai,Phường Tam Hiệp,10.9510733,106.858145,127,Unhealthy for Sensitive Groups,2,24.4,98,0.2,2.9,137,1009.2,100,18.4,18.5,679.0,31.2,19.0,12.7
2025-12-04 01:00:00,2025,12,4,1,Đồng Nai,Phường Tam Hiệp,10.9510733,106.858145,120,Unhealthy for Sensitive Groups,2,25.0,89,0.1,3.9,114,1008.6,99,17.5,17.6,500.0,31.2,19.0,12.0
2025-12-04 02:00:00,2025,12,4,2,Đồng Nai,Phường Tam Hiệp,10.9510733,106.858145,113,Unhealthy for Sensitive Groups,2,24.8,93,0.3,6.4,112,1008.1,99,16.7,16.8,396.0,29.4,22.0,10.5
2025-12-04 03:00:00,2025,12,4,3,Đồng Nai,Phường Tam Hiệp,10.9510733,106.858145,105,Unhealthy for Sensitive Groups,2,24.5,96,0.0,7.9,107,1007.9,88,15.4,15.5,319.0,26.7,26.0,8.5
2025-12-04 04:00:00,2025,12,4,4,Đồng Nai,Phường Tam Hiệp,10.9510733,106.858145,98,Moderate,1,24.0,96,0.1,9.3,106,1007.9,82,13.4,13.4,267.0,24.7,32.0,6.9
2025-12-04 05:00:00,2025,12,4,5,Đồng Nai,Phường Tam Hiệp,10.9510733,106.858145,91,Moderate,1,24.0,94,0.1,11.7,117,1008.4,100,12.0,12.1,248.0,24.4,40.0,5.9
2025-12-04 06:00:00,2025,12,4,6,Đồng Nai,Phường Tam Hiệp,10.9510733,106.858145,86,Moderate,1,23.8,96,3.5,11.8,111,1009.2,100,10.0,10.2,254.0,24.7,50.0,5.2
2025-12-04 07:00:00,2025,12,4,7,Đồng Nai,Phường Tam Hiệp,10.9510733,106.858145,80,Moderate,1,23.9,95,5.1,15.8,111,1010.4,100,17.0,17.3,256.0,26.0,50.0,6.4
2025-12-04 08:00:00,2025,12,4,8,Đồng Nai,Phường Tam Hiệp,10.9510733,106.858145,75,Moderate,1,23.8,94,3.2,20.3,128,1011.4,100,15.8,16.1,244.0,23.0,52.0,6.4
2025-12-04 09:00:00,2025,12,4,9,Đồng Nai,Phường Tam Hiệp,10.9510733,106.858145,71,Moderate,1,25.1,90,0.3,13.3,126,1011.4,99,13.0,13.3,228.0,18.8,55.0,6.4
2025-12-04 10:00:00,2025,12,4,10,Đồng Nai,Phường Tam Hiệp,10.9510733,106.858145,69,Moderate,1,27.0,83,0.0,12.9,120,1011.2,100,10.4,10.9,212.0,15.0,61.0,6.2
2025-12-04 11:00:00,2025,12,4,11,Đồng Nai,Phường Tam Hiệp,10.9510733,106.858145,66,Moderate,1,28.5,75,0.0,14.3,114,1010.4,100,9.1,10.0,194.0,11.7,71.0,5.7
2025-12-04 12:00:00,2025,12,4,12,Đồng Nai,Phường Tam Hiệp,10.9510733,106.858145,64,Moderate,1,29.6,70,0.0,15.1,115,1009.3,61,7.9,9.1,177.0,8.8,84.0,5.1
2025-12-04 13:00:00,2025,12,4,13,Đồng Nai,Phường Tam Hiệp,10.9510733,106.858145,62,Moderate,1,29.1,67,0.0,13.7,115,1008.7,100,7.9,9.3,169.0,7.3,92.0,4.7
2025-12-04 14:00:00,2025,12,4,14,Đồng Nai,Phường Tam Hiệp,10.9510733,106.858145,61,Moderate,1,30.0,64,0.0,12.0,118,1008.0,89,8.2,9.8,178.0,7.2,93.0,4.7
2025-12-04 15:00:00,2025,12,4,15,Đồng Nai,Phường Tam Hiệp,10.9510733,106.858145,59,Moderate,1,30.1,65,0.0,13.1,117,1007.1,10,9.0,10.7,197.0,8.5,90.0,4.9
2025-12-04 16:00:00,2025,12,4,16,Đồng Nai,Phường Tam Hiệp,10.9510733,106.858145,58,Moderate,1,29.8,68,0.0,11.8,113,1007.1,12,10.2,12.0,213.0,11.9,83.0,5.6
2025-12-04 17:00:00,2025,12,4,17,Đồng Nai,Phường Tam Hiệp,10.9510733,106.858145,57,Moderate,1,26.4,86,0.5,9.6,4,1008.4,52,11.6,13.2,218.0,19.0,69.0,7.3
2025-12-04 18:00:00,2025,12,4,18,Đồng Nai,Phường Tam Hiệp,10.9510733,106.858145,55,Moderate,1,25.0,92,0.2,5.5,337,1009.1,41,16.1,17.8,220.0,28.3,51.0,9.4
2025-12-04 19:00:00,2025,12,4,19,Đồng Nai,Phường Tam Hiệp,10.9510733,106.858145,55,Moderate,1,26.1,88,0.0,2.9,43,1009.6,76,18.7,20.7,232.0,31.8,40.0,10.7
2025-12-04 20:00:00,2025,12,4,20,Đồng Nai,Phường Tam Hiệp,10.9510733,106.858145,55,Moderate,1,26.0,91,0.0,2.3,51,1010.8,86,20.6,22.2,269.0,35.1,32.0,10.7
2025-12-04 21:00:00,2025,12,4,21,Đồng Nai,Phường Tam Hiệp,10.9510733,106.858145,54,Moderate,1,25.5,93,0.0,2.3,32,1011.1,42,24.6,26.0,316.0,39.6,21.0,10.7
2025-12-04 22:00:00,2025,12,4,22,Đồng Nai,Phường Tam Hiệp,10.9510733,106.858145,55,Moderate,1,25.1,95,0.0,4.6,13,1011.2,48,28.8,30.0,345.0,42.7,13.0,10.7
2025-12-04 23:00:00,2025,12,4,23,Đồng Nai,Phường Tam Hiệp,10.9510733,106.858145,56,Moderate,1,24.8,96,0.0,4.5,34,1011.4,54,30.0,31.2,337.0,43.2,10.0,10.5
2025-12-05 00:00:00,2025,12,5,0,Đồng Nai,Phường Tam Hiệp,10.9510733,106.858145,57,Moderate,1,24.2,96,0.0,4.2,7,1011.3,37,29.3,30.4,310.0,42.3,8.0,10.2
2025-12-05 01:00:00,2025,12,5,1,Đồng Nai,Phường Tam Hiệp,10.9510733,106.858145,58,Moderate,1,24.4,99,0.0,3.6,354,1011.0,75,27.1,28.0,290.0,41.6,8.0,10.9
2025-12-05 02:00:00,2025,12,5,2,Đồng Nai,Phường Tam Hiệp,10.9510733,106.858145,58,Moderate,1,24.1,98,0.0,3.1,332,1010.5,20,25.9,26.7,287.0,41.7,7.0,12.7
2025-12-05 03:00:00,2025,12,5,3,Đồng Nai,Phường Tam Hiệp,10.9510733,106.858145,59,Moderate,1,23.9,98,0.0,3.2,3,1010.1,23,26.3,27.1,291.0,42.0,7.0,15.3
2025-12-05 04:00:00,2025,12,5,4,Đồng Nai,Phường Tam Hiệp,10.9510733,106.858145,60,Moderate,1,23.6,99,0.0,3.0,25,1009.8,30,27.6,28.5,295.0,42.3,8.0,18.9
2025-12-05 05:00:00,2025,12,5,5,Đồng Nai,Phường Tam Hiệp,10.9510733,106.858145,61,Moderate,1,23.4,99,0.0,2.5,4,1010.1,30,28.2,29.2,296.0,43.2,7.0,24.9
2025-12-05 06:00:00,2025,12,5,6,Đồng Nai,Phường Tam Hiệp,10.9510733,106.858145,63,Moderate,1,23.5,99,0.0,3.6,351,1010.7,85,31.1,32.1,297.0,44.1,8.0,31.8
2025-12-05 07:00:00,2025,12,5,7,Đồng Nai,Phường Tam Hiệp,10.9510733,106.858145,65,Moderate,1,24.4,95,0.0,4.2,335,1011.1,95,48.8,50.8,297.0,38.5,13.0,23.0
2025-12-05 08:00:00,2025,12,5,8,Đồng Nai,Phường Tam Hiệp,10.9510733,106.858145,68,Moderate,1,25.9,88,0.0,2.8,345,1012.3,98,38.2,40.6,296.0,36.8,31.0,23.5
2025-12-05 09:00:00,2025,12,5,9,Đồng Nai,Phường Tam Hiệp,10.9510733,106.858145,70,Moderate,1,27.2,82,0.0,1.8,276,1012.7,20,33.2,36.3,293.0,34.2,55.0,24.0
2025-12-05 10:00:00,2025,12,5,10,Đồng Nai,Phường Tam Hiệp,10.9510733,106.858145,71,Moderate,1,28.4,75,0.1,3.6,288,1012.3,26,25.7,28.7,287.0,31.0,78.0,23.4
2025-12-05 11:00:00,2025,12,5,11,Đồng Nai,Phường Tam Hiệp,10.9510733,106.858145,73,Moderate,1,29.4,69,0.1,2.6,295,1011.7,14,22.1,24.8,274.0,26.3,96.0,20.5
2025-12-05 12:00:00,2025,12,5,12,Đồng Nai,Phường Tam Hiệp,10.9510733,106.858145,74,Moderate,1,30.0,66,0.0,3.1,298,1010.6,20,19.8,21.5,258.0,20.9,112.0,16.5
2025-12-05 13:00:00,2025,12,5,13,Đồng Nai,Phường Tam Hiệp,10.9510733,106.858145,75,Moderate,1,30.1,65,0.0,1.9,253,1009.8,13,19.9,21.2,243.0,18.1,122.0,13.6
2025-12-05 14:00:00,2025,12,5,14,Đồng Nai,Phường Tam Hiệp,10.9510733,106.858145,76,Moderate,1,30.6,62,0.0,2.6,304,1008.8,8,21.3,22.6,212.0,18.9,124.0,12.6
2025-12-05 15:00:00,2025,12,5,15,Đồng Nai,Phường Tam Hiệp,10.9510733,106.858145,77,Moderate,1,30.5,61,0.0,5.2,319,1008.1,17,22.4,23.6,183.0,22.2,121.0,12.7
2025-12-05 16:00:00,2025,12,5,16,Đồng Nai,Phường Tam Hiệp,10.9510733,106.858145,78,Moderate,1,30.0,62,0.0,6.0,327,1007.9,44,23.6,24.7,211.0,28.1,111.0,13.8
2025-12-05 17:00:00,2025,12,5,17,Đồng Nai,Phường Tam Hiệp,10.9510733,106.858145,80,Moderate,1,29.2,73,0.0,2.4,318,1008.1,94,26.4,27.4,349.0,38.9,91.0,16.6
2025-12-05 18:00:00,2025,12,5,18,Đồng Nai,Phường Tam Hiệp,10.9510733,106.858145,81,Moderate,1,27.8,77,0.0,9.0,354,1009.2,100,36.6,37.7,544.0,52.2,65.0,20.5
2025-12-05 19:00:00,2025,12,5,19,Đồng Nai,Phường Tam Hiệp,10.9510733,106.858145,83,Moderate,1,27.5,84,0.0,3.8,161,1009.9,100,35.6,37.4,694.0,62.5,35.0,16.8
2025-12-05 20:00:00,2025,12,5,20,Đồng Nai,Phường Tam Hiệp,10.9510733,106.858145,84,Moderate,1,25.5,88,0.2,8.8,157,1011.0,100,31.1,33.5,741.0,58.4,33.0,15.2
2025-12-05 21:00:00,2025,12,5,21,Đồng Nai,Phường Tam Hiệp,10.9510733,106.858145,85,Moderate,1,25.3,90,0.0,4.7,140,1011.2,70,29.0,31.3,743.0,52.7,31.0,12.8
2025-12-05 22:00:00,2025,12,5,22,Đồng Nai,Phường Tam Hiệp,10.9510733,106.858145,85,Moderate,1,25.3,90,0.0,2.1,285,1011.2,65,26.0,27.9,765.0,47.2,29.0,10.6
2025-12-05 23:00:00,2025,12,5,23,Đồng Nai,Phường Tam Hiệp,10.9510733,106.858145,85,Moderate,1,25.0,94,0.0,5.8,286,1011.0,79,22.2,23.9,861.0,42.1,28.0,8.5
2025-12-06 00:00:00,2025,12,6,0,Đồng Nai,Phường Tam Hiệp,10.9510733,106.858145,85,Moderate,1,24.8,93,0.0,3.1,294,1010.8,98,18.7,20.3,977.0,37.3,28.0,6.5
2025-12-06 01:00:00,2025,12,6,1,Đồng Nai,Phường Tam Hiệp,10.9510733,106.858145,84,Moderate,1,24.5,91,0.0,4.1,299,1010.4,99,17.2,18.6,1018.0,34.5,26.0,5.5
2025-12-06 02:00:00,2025,12,6,2,Đồng Nai,Phường Tam Hiệp,10.9510733,106.858145,83,Moderate,1,23.9,91,0.0,4.1,337,1009.9,100,17.3,18.7,924.0,34.8,22.0,5.6
2025-12-06 03:00:00,2025,12,6,3,Đồng Nai,Phường Tam Hiệp,10.9510733,106.858145,82,Moderate,1,23.2,90,0.0,5.1,4,1009.6,99,18.6,20.0,755.0,37.1,17.0,6.8
2025-12-06 04:00:00,2025,12,6,4,Đồng Nai,Phường Tam Hiệp,10.9510733,106.858145,81,Moderate,1,22.9,90,0.1,3.8,8,1009.9,52,21.0,22.4,598.0,39.2,14.0,9.4
2025-12-06 05:00:00,2025,12,6,5,Đồng Nai,Phường Tam Hiệp,10.9510733,106.858145,81,Moderate,1,22.6,89,0.0,4.5,346,1010.4,44,25.1,26.5,476.0,40.8,13.0,15.0
2025-12-06 06:00:00,2025,12,6,6,Đồng Nai,Phường Tam Hiệp,10.9510733,106.858145,80,Moderate,1,22.2,89,0.0,5.3,352,1010.8,59,30.7,32.2,366.0,42.2,14.0,22.1
2025-12-06 07:00:00,2025,12,6,7,Đồng Nai,Phường Tam Hiệp,10.9510733,106.858145,80,Moderate,1,23.9,92,0.0,3.9,28,1011.1,86,32.4,32.7,291.0,33.3,20.0,12.8
2025-12-06 08:00:00,2025,12,6,8,Đồng Nai,Phường Tam Hiệp,10.9510733,106.858145,79,Moderate,1,25.5,88,0.1,3.3,99,1012.1,41,26.0,26.5,268.0,30.9,37.0,11.9
2025-12-06 09:00:00,2025,12,6,9,Đồng Nai,Phường Tam Hiệp,10.9510733,106.858145,78,Moderate,1,26.8,79,0.0,0.2,270,1012.2,54,20.4,21.4,280.0,27.4,61.0,10.7
2025-12-06 10:00:00,2025,12,6,10,Đồng Nai,Phường Tam Hiệp,10.9510733,106.858145,77,Moderate,1,27.5,76,0.3,1.4,247,1011.9,50,17.6,19.2,292.0,24.5,81.0,9.6
2025-12-06 11:00:00,2025,12,6,11,Đồng Nai,Phường Tam Hiệp,10.9510733,106.858145,76,Moderate,1,27.8,74,0.3,2.3,238,1011.6,55,18.2,19.4,293.0,22.1,94.0,8.7
2025-12-06 12:00:00,2025,12,6,12,Đồng Nai,Phường Tam Hiệp,10.9510733,106.858145,76,Moderate,1,28.1,74,0.4,2.8,281,1010.6,38,17.3,18.5,295.0,20.3,104.0,8.0
2025-12-06 13:00:00,2025,12,6,13,Đồng Nai,Phường Tam Hiệp,10.9510733,106.858145,75,Moderate,1,29.0,68,0.5,3.4,344,1009.3,15,16.8,18.2,294.0,20.2,110.0,8.0
2025-12-06 14:00:00,2025,12,6,14,Đồng Nai,Phường Tam Hiệp,10.9510733,106.858145,75,Moderate,1,29.6,64,0.0,5.2,348,1008.5,25,17.9,19.6,273.0,22.2,114.0,9.1
2025-12-06 15:00:00,2025,12,6,15,Đồng Nai,Phường Tam Hiệp,10.9510733,106.858145,75,Moderate,1,29.2,65,0.0,5.3,350,1008.2,12,19.3,20.9,250.0,26.0,114.0,10.9
2025-12-06 16:00:00,2025,12,6,16,Đồng Nai,Phường Tam Hiệp,10.9510733,106.858145,75,Moderate,1,29.4,63,0.0,5.5,322,1008.1,17,21.5,22.6,272.0,32.2,108.0,13.1
2025-12-06 17:00:00,2025,12,6,17,Đồng Nai,Phường Tam Hiệp,10.9510733,106.858145,74,Moderate,1,28.4,71,0.0,4.7,263,1008.2,6,29.0,29.9,360.0,43.6,89.0,16.4
2025-12-06 18:00:00,2025,12,6,18,Đồng Nai,Phường Tam Hiệp,10.9510733,106.858145,75,Moderate,1,26.7,81,0.0,3.7,281,1008.7,9,37.8,39.0,494.0,57.4,63.0,20.2
2025-12-06 19:00:00,2025,12,6,19,Đồng Nai,Phường Tam Hiệp,10.9510733,106.858145,75,Moderate,1,26.2,85,0.0,6.8,191,1009.4,6,46.8,48.1,658.0,65.8,44.0,20.9
2025-12-06 20:00:00,2025,12,6,20,Đồng Nai,Phường Tam Hiệp,10.9510733,106.858145,76,Moderate,1,25.8,87,0.0,9.4,178,1010.7,16,37.4,40.2,911.0,59.1,43.0,17.3
2025-12-06 21:00:00,2025,12,6,21,Đồng Nai,Phường Tam Hiệp,10.9510733,106.858145,76,Moderate,1,25.2,88,0.0,4.4,173,1011.1,27,28.8,30.9,1195.0,49.8,40.0,12.3
2025-12-06 22:00:00,2025,12,6,22,Đồng Nai,Phường Tam Hiệp,10.9510733,106.858145,76,Moderate,1,24.9,89,0.0,2.4,283,1011.1,10,24.3,26.3,1319.0,42.5,38.0,8.2
2025-12-06 23:00:00,2025,12,6,23,Đồng Nai,Phường Tam Hiệp,10.9510733,106.858145,76,Moderate,1,24.6,92,0.0,3.5,261,1011.0,17,22.1,24.0,1147.0,39.2,35.0,5.9
2025-12-07 00:00:00,2025,12,7,0,Đồng Nai,Phường Tam Hiệp,10.9510733,106.858145,76,Moderate,1,24.5,94,0.0,6.3,257,1010.6,13,20.7,22.5,816.0,37.8,32.0,4.6
2025-12-07 01:00:00,2025,12,7,1,Đồng Nai,Phường Tam Hiệp,10.9510733,106.858145,76,Moderate,1,24.1,98,0.0,6.5,270,1010.2,73,18.9,20.6,542.0,37.1,29.0,4.1
2025-12-07 02:00:00,2025,12,7,2,Đồng Nai,Phường Tam Hiệp,10.9510733,106.858145,76,Moderate,1,23.5,98,0.1,6.1,294,1009.9,67,16.5,18.1,382.0,36.7,25.0,4.2
2025-12-07 03:00:00,2025,12,7,3,Đồng Nai,Phường Tam Hiệp,10.9510733,106.858145,76,Moderate,1,22.8,90,0.0,5.7,316,1009.5,57,14.2,15.6,279.0,36.9,21.0,5.1
2025-12-07 04:00:00,2025,12,7,4,Đồng Nai,Phường Tam Hiệp,10.9510733,106.858145,76,Moderate,1,22.0,86,0.0,5.6,338,1009.7,66,16.5,17.8,280.0,37.4,19.0,6.9
2025-12-07 05:00:00,2025,12,7,5,Đồng Nai,Phường Tam Hiệp,10.9510733,106.858145,76,Moderate,1,21.3,86,0.0,6.7,352,1010.0,63,20.3,21.4,473.0,38.5,17.0,10.3
2025-12-07 06:00:00,2025,12,7,6,Đồng Nai,Phường Tam Hiệp,10.9510733,106.858145,75,Moderate,1,20.7,90,0.0,5.3,12,1010.4,66,24.9,25.8,769.0,40.0,16.0,14.7
2025-12-07 07:00:00,2025,12,7,7,Đồng Nai,Phường Tam Hiệp,10.9510733,106.858145,75,Moderate,1,22.1,88,0.0,4.5,29,1011.0,61,35.3,36.6,947.0,43.9,18.0,19.8
2025-12-07 08:00:00,2025,12,7,8,Đồng Nai,Phường Tam Hiệp,10.9510733,106.858145,75,Moderate,1,24.5,80,0.0,1.6,27,1011.9,16,33.2,34.8,887.0,41.7,33.0,18.6
2025-12-07 09:00:00,2025,12,7,9,Đồng Nai,Phường Tam Hiệp,10.9510733,106.858145,76,Moderate,1,26.2,72,0.0,1.8,307,1012.3,12,30.2,31.1,709.0,38.5,55.0,16.9
2025-12-07 10:00:00,2025,12,7,10,Đồng Nai,Phường Tam Hiệp,10.9510733,106.858145,76,Moderate,1,27.4,71,0.0,3.8,295,1011.9,30,24.8,25.8,551.0,34.8,77.0,15.2
2025-12-07 11:00:00,2025,12,7,11,Đồng Nai,Phường Tam Hiệp,10.9510733,106.858145,77,Moderate,1,28.4,68,0.0,3.8,319,1011.1,38,24.3,25.3,461.0,29.8,97.0,13.5
2025-12-07 12:00:00,2025,12,7,12,Đồng Nai,Phường Tam Hiệp,10.9510733,106.858145,78,Moderate,1,29.1,63,0.0,3.7,331,1010.0,33,24.4,25.4,391.0,24.3,118.0,11.8
2025-12-07 13:00:00,2025,12,7,13,Đồng Nai,Phường Tam Hiệp,10.9510733,106.858145,78,Moderate,1,29.6,60,0.0,4.8,338,1009.2,64,24.9,25.8,332.0,20.8,132.0,10.7
2025-12-07 14:00:00,2025,12,7,14,Đồng Nai,Phường Tam Hiệp,10.9510733,106.858145,79,Moderate,1,29.9,59,0.0,6.9,351,1008.3,94,25.1,26.0,268.0,19.8,141.0,10.6
2025-12-07 15:00:00,2025,12,7,15,Đồng Nai,Phường Tam Hiệp,10.9510733,106.858145,80,Moderate,1,29.9,59,0.0,8.1,355,1007.8,50,25.4,26.3,213.0,20.9,144.0,11.2
2025-12-07 16:00:00,2025,12,7,16,Đồng Nai,Phường Tam Hiệp,10.9510733,106.858145,80,Moderate,1,29.4,60,0.0,7.0,339,1007.8,52,26.3,27.2,207.0,24.7,137.0,12.2
2025-12-07 17:00:00,2025,12,7,17,Đồng Nai,Phường Tam Hiệp,10.9510733,106.858145,81,Moderate,1,28.2,69,0.0,6.0,303,1008.0,37,32.1,33.2,280.0,33.4,114.0,14.0
2025-12-07 18:00:00,2025,12,7,18,Đồng Nai,Phường Tam Hiệp,10.9510733,106.858145,81,Moderate,1,26.6,75,0.0,7.4,311,1008.5,88,36.7,37.7,400.0,44.8,81.0,16.2
2025-12-07 19:00:00,2025,12,7,19,Đồng Nai,Phường Tam Hiệp,10.9510733,106.858145,81,Moderate,1,26.4,81,0.0,3.1,242,1009.5,94,34.3,35.5,510.0,52.4,50.0,15.3
2025-12-07 20:00:00,2025,12,7,20,Đồng Nai,Phường Tam Hiệp,10.9510733,106.858145,80,Moderate,1,25.7,85,0.2,10.2,152,1010.5,90,31.0,32.9,615.0,47.5,48.0,12.5
2025-12-07 21:00:00,2025,12,7,21,Đồng Nai,Phường Tam Hiệp,10.9510733,106.858145,79,Moderate,1,24.8,83,0.4,6.0,97,1010.9,99,25.6,27.5,710.0,41.0,45.0,8.8
2025-12-07 22:00:00,2025,12,7,22,Đồng Nai,Phường Tam Hiệp,10.9510733,106.858145,79,Moderate,1,24.0,89,0.1,3.3,22,1010.6,94,23.3,25.2,724.0,37.9,40.0,7.3
2025-12-07 23:00:00,2025,12,7,23,Đồng Nai,Phường Tam Hiệp,10.9510733,106.858145,79,Moderate,1,23.8,89,0.0,5.9,349,1010.5,99,23.1,25.3,585.0,41.7,33.0,10.2
2025-12-08 00:00:00,2025,12,8,0,Đồng Nai,Phường Tam Hiệp,10.9510733,106.858145,79,Moderate,1,23.1,72,0.0,8.4,353,1010.2,100,29.2,31.3,365.0,48.9,24.0,15.3
2025-12-08 01:00:00,2025,12,8,1,Đồng Nai,Phường Tam Hiệp,10.9510733,106.858145,79,Moderate,1,21.8,73,0.0,10.8,349,1010.0,56,31.1,32.7,202.0,53.6,18.0,19.0
2025-12-08 02:00:00,2025,12,8,2,Đồng Nai,Phường Tam Hiệp,10.9510733,106.858145,81,Moderate,1,21.0,74,0.0,11.6,354,1009.5,97,29.7,30.9,158.0,53.1,17.0,19.9
2025-12-08 03:00:00,2025,12,8,3,Đồng Nai,Phường Tam Hiệp,10.9510733,106.858145,82,Moderate,1,20.5,78,0.0,10.6,10,1009.2,99,27.4,28.2,172.0,50.0,19.0,19.5
2025-12-08 04:00:00,2025,12,8,4,Đồng Nai,Phường Tam Hiệp,10.9510733,106.858145,83,Moderate,1,20.4,80,0.0,8.5,18,1009.1,100,24.5,25.3,194.0,46.5,21.0,18.7
2025-12-08 05:00:00,2025,12,8,5,Đồng Nai,Phường Tam Hiệp,10.9510733,106.858145,84,Moderate,1,20.5,82,0.0,10.4,21,1009.5,100,22.3,23.0,217.0,42.8,22.0,17.6
2025-12-08 06:00:00,2025,12,8,6,Đồng Nai,Phường Tam Hiệp,10.9510733,106.858145,84,Moderate,1,20.8,82,0.0,10.2,31,1010.0,99,22.8,23.6,249.0,38.7,23.0,16.2
2025-12-08 07:00:00,2025,12,8,7,Đồng Nai,Phường Tam Hiệp,10.9510733,106.858145,84,Moderate,1,21.6,83,0.0,8.5,27,1011.3,77,35.0,36.6,268.0,38.3,25.0,18.6
2025-12-08 08:00:00,2025,12,8,8,Đồng Nai,Phường Tam Hiệp,10.9510733,106.858145,84,Moderate,1,23.5,76,0.0,7.8,26,1012.1,100,33.4,35.2,261.0,37.4,38.0,19.6
2025-12-08 09:00:00,2025,12,8,9,Đồng Nai,Phường Tam Hiệp,10.9510733,106.858145,84,Moderate,1,25.3,71,0.0,7.4,32,1012.4,100,32.4,34.5,242.0,36.1,57.0,20.8
2025-12-08 10:00:00,2025,12,8,10,Đồng Nai,Phường Tam Hiệp,10.9510733,106.858145,84,Moderate,1,26.8,65,0.0,5.8,36,1012.5,100,30.5,32.2,224.0,33.8,76.0,21.1
2025-12-08 11:00:00,2025,12,8,11,Đồng Nai,Phường Tam Hiệp,10.9510733,106.858145,84,Moderate,1,27.6,63,0.0,4.6,26,1012.0,99,28.8,30.5,211.0,29.8,94.0,19.6
2025-12-08 12:00:00,2025,12,8,12,Đồng Nai,Phường Tam Hiệp,10.9510733,106.858145,85,Moderate,1,28.4,59,0.0,5.4,8,1010.7,100,27.6,29.3,201.0,24.9,112.0,17.2
2025-12-08 13:00:00,2025,12,8,13,Đồng Nai,Phường Tam Hiệp,10.9510733,106.858145,85,Moderate,1,29.1,54,0.0,7.8,13,1010.0,100,26.1,27.8,197.0,21.3,123.0,14.9
2025-12-08 14:00:00,2025,12,8,14,Đồng Nai,Phường Tam Hiệp,10.9510733,106.858145,85,Moderate,1,29.1,51,0.0,10.1,341,1008.9,100,23.6,25.3,205.0,18.3,123.0,12.3
2025-12-08 15:00:00,2025,12,8,15,Đồng Nai,Phường Tam Hiệp,10.9510733,106.858145,85,Moderate,1,29.0,51,0.0,8.9,306,1008.2,99,20.8,22.2,221.0,16.4,116.0,9.8
2025-12-08 16:00:00,2025,12,8,16,Đồng Nai,Phường Tam Hiệp,10.9510733,106.858145,85,Moderate,1,29.0,52,0.0,7.5,290,1007.9,98,18.3,19.5,235.0,20.0,104.0,10.1
2025-12-08 17:00:00,2025,12,8,17,Đồng Nai,Phường Tam Hiệp,10.9510733,106.858145,84,Moderate,1,27.8,65,0.0,4.5,284,1008.1,96,23.9,24.8,245.0,33.8,84.0,15.6
2025-12-08 18:00:00,2025,12,8,18,Đồng Nai,Phường Tam Hiệp,10.9510733,106.858145,83,Moderate,1,26.0,72,0.0,6.1,302,1008.1,99,36.3,37.1,255.0,53.1,59.0,23.7
2025-12-08 19:00:00,2025,12,8,19,Đồng Nai,Phường Tam Hiệp,10.9510733,106.858145,83,Moderate,1,26.0,78,0.0,5.1,288,1009.0,100,60.1,61.2,265.0,74.9,39.0,34.8
2025-12-08 20:00:00,2025,12,8,20,Đồng Nai,Phường Tam Hiệp,10.9510733,106.858145,85,Moderate,1,25.5,79,0.0,5.6,353,1009.5,100,72.9,73.8,273.0,81.7,32.0,39.6
2025-12-08 21:00:00,2025,12,8,21,Đồng Nai,Phường Tam Hiệp,10.9510733,106.858145,89,Moderate,1,25.0,78,0.0,7.0,29,1009.7,100,80.3,81.3,282.0,90.8,22.0,46.1
2025-12-08 22:00:00,2025,12,8,22,Đồng Nai,Phường Tam Hiệp,10.9510733,106.858145,94,Moderate,1,24.0,84,0.0,5.0,35,1009.8,100,85.4,87.1,303.0,95.7,15.0,49.9
2025-12-08 23:00:00,2025,12,8,23,Đồng Nai,Phường Tam Hiệp,10.9510733,106.858145,99,Moderate,1,23.5,88,0.0,5.2,29,1009.6,100,84.3,86.6,355.0,92.9,14.0,48.9
2025-12-09 00:00:00,2025,12,9,0,Đồng Nai,Phường Tam Hiệp,10.9510733,106.858145,106,Unhealthy for Sensitive Groups,2,23.0,87,0.0,7.0,12,1009.0,100,76.4,78.5,419.0,85.8,16.0,45.3
2025-12-09 01:00:00,2025,12,9,1,Đồng Nai,Phường Tam Hiệp,10.9510733,106.858145,111,Unhealthy for Sensitive Groups,2,22.8,89,0.0,7.3,7,1008.8,100,62.6,64.0,446.0,78.5,17.0,41.0
2025-12-09 02:00:00,2025,12,9,2,Đồng Nai,Phường Tam Hiệp,10.9510733,106.858145,114,Unhealthy for Sensitive Groups,2,22.4,87,0.0,7.2,13,1008.2,100,53.8,55.1,400.0,72.0,17.0,36.1
2025-12-09 03:00:00,2025,12,9,3,Đồng Nai,Phường Tam Hiệp,10.9510733,106.858145,116,Unhealthy for Sensitive Groups,2,22.1,87,0.0,7.9,30,1008.0,82,46.8,48.3,317.0,65.2,16.0,30.4
2025-12-09 04:00:00,2025,12,9,4,Đồng Nai,Phường Tam Hiệp,10.9510733,106.858145,118,Unhealthy for Sensitive Groups,2,21.8,89,0.0,6.8,37,1008.1,100,42.0,43.4,259.0,59.1,16.0,26.0
2025-12-09 05:00:00,2025,12,9,5,Đồng Nai,Phường Tam Hiệp,10.9510733,106.858145,120,Unhealthy for Sensitive Groups,2,21.7,90,0.0,5.2,25,1008.6,100,35.7,36.8,258.0,53.9,16.0,23.6
2025-12-09 06:00:00,2025,12,9,6,Đồng Nai,Phường Tam Hiệp,10.9510733,106.858145,122,Unhealthy for Sensitive Groups,2,21.6,90,0.0,6.4,16,1008.8,100,31.4,32.1,283.0,49.4,17.0,22.4
2025-12-09 07:00:00,2025,12,9,7,Đồng Nai,Phường Tam Hiệp,10.9510733,106.858145,123,Unhealthy for Sensitive Groups,2,22.8,88,0.0,6.3,5,1009.6,96,44.5,45.9,298.0,55.9,19.0,29.3
2025-12-09 08:00:00,2025,12,9,8,Đồng Nai,Phường Tam Hiệp,10.9510733,106.858145,124,Unhealthy for Sensitive Groups,2,24.9,80,0.0,5.8,5,1010.9,100,35.7,37.6,291.0,51.9,35.0,28.9
2025-12-09 09:00:00,2025,12,9,9,Đồng Nai,Phường Tam Hiệp,10.9510733,106.858145,124,Unhealthy for Sensitive Groups,2,26.2,74,0.0,5.8,353,1011.2,100,30.9,33.6,275.0,46.1,58.0,28.2
2025-12-09 10:00:00,2025,12,9,10,Đồng Nai,Phường Tam Hiệp,10.9510733,106.858145,124,Unhealthy for Sensitive Groups,2,27.3,71,0.0,6.2,334,1011.0,99,25.1,27.4,257.0,39.6,79.0,26.6
2025-12-09 11:00:00,2025,12,9,11,Đồng Nai,Phường Tam Hiệp,10.9510733,106.858145,123,Unhealthy for Sensitive Groups,2,28.1,67,0.0,7.9,330,1010.4,100,22.5,23.3,237.0,31.9,99.0,23.5
2025-12-09 12:00:00,2025,12,9,12,Đồng Nai,Phường Tam Hiệp,10.9510733,106.858145,122,Unhealthy for Sensitive Groups,2,29.0,62,0.0,8.7,326,1009.3,100,20.6,21.5,215.0,23.6,118.0,19.4
2025-12-09 13:00:00,2025,12,9,13,Đồng Nai,Phường Tam Hiệp,10.9510733,106.858145,122,Unhealthy for Sensitive Groups,2,29.5,55,0.0,8.2,351,1008.8,100,19.4,20.3,203.0,17.6,129.0,15.9
2025-12-09 14:00:00,2025,12,9,14,Đồng Nai,Phường Tam Hiệp,10.9510733,106.858145,121,Unhealthy for Sensitive Groups,2,29.6,55,0.0,9.5,349,1008.0,100,17.7,18.5,205.0,14.2,127.0,12.9
2025-12-09 15:00:00,2025,12,9,15,Đồng Nai,Phường Tam Hiệp,10.9510733,106.858145,120,Unhealthy for Sensitive Groups,2,29.5,55,0.0,9.2,340,1007.6,100,15.3,16.1,216.0,13.2,117.0,10.3
2025-12-09 16:00:00,2025,12,9,16,Đồng Nai,Phường Tam Hiệp,10.9510733,106.858145,120,Unhealthy for Sensitive Groups,2,29.6,55,0.0,8.4,340,1007.7,100,15.5,16.3,231.0,17.0,101.0,9.5
2025-12-09 17:00:00,2025,12,9,17,Đồng Nai,Phường Tam Hiệp,10.9510733,106.858145,119,Unhealthy for Sensitive Groups,2,28.0,66,0.0,7.8,345,1008.0,98,19.3,19.9,252.0,30.2,76.0,12.1
2025-12-09 18:00:00,2025,12,9,18,Đồng Nai,Phường Tam Hiệp,10.9510733,106.858145,119,Unhealthy for Sensitive Groups,2,26.6,74,0.0,7.3,349,1008.2,93,29.2,29.8,277.0,48.2,44.0,16.4
2025-12-09 19:00:00,2025,12,9,19,Đồng Nai,Phường Tam Hiệp,10.9510733,106.858145,118,Unhealthy for Sensitive Groups,2,26.4,75,0.0,8.6,338,1008.9,100,41.8,42.8,288.0,62.0,31.0,21.0
2025-12-09 20:00:00,2025,12,9,20,Đồng Nai,Phường Tam Hiệp,10.9510733,106.858145,116,Unhealthy for Sensitive Groups,2,26.0,73,0.0,12.3,8,1009.5,100,43.4,44.6,274.0,60.3,26.0,19.7
2025-12-09 21:00:00,2025,12,9,21,Đồng Nai,Phường Tam Hiệp,10.9510733,106.858145,113,Unhealthy for Sensitive Groups,2,25.5,72,0.0,12.9,15,1009.6,100,40.0,41.4,247.0,57.6,19.0,17.9
2025-12-09 22:00:00,2025,12,9,22,Đồng Nai,Phường Tam Hiệp,10.9510733,106.858145,109,Unhealthy for Sensitive Groups,2,24.7,74,0.0,11.4,16,1009.5,100,36.8,38.2,227.0,54.3,14.0,16.0
2025-12-09 23:00:00,2025,12,9,23,Đồng Nai,Phường Tam Hiệp,10.9510733,106.858145,104,Unhealthy for Sensitive Groups,2,24.1,77,0.0,8.8,11,1009.4,100,31.5,32.8,222.0,49.9,14.0,14.1
2025-12-10 00:00:00,2025,12,10,0,Đồng Nai,Phường Tam Hiệp,10.9510733,106.858145,99,Moderate,1,23.7,79,0.0,9.1,10,1009.2,100,26.0,27.0,223.0,44.7,17.0,12.2
2025-12-10 01:00:00,2025,12,10,1,Đồng Nai,Phường Tam Hiệp,10.9510733,106.858145,94,Moderate,1,23.8,80,0.0,8.3,13,1008.8,100,20.5,21.4,225.0,39.9,21.0,10.7
2025-12-10 02:00:00,2025,12,10,2,Đồng Nai,Phường Tam Hiệp,10.9510733,106.858145,91,Moderate,1,23.8,80,0.0,9.0,1,1008.3,100,16.8,17.5,222.0,35.6,25.0,9.7
2025-12-10 03:00:00,2025,12,10,3,Đồng Nai,Phường Tam Hiệp,10.9510733,106.858145,87,Moderate,1,23.8,80,0.0,8.5,17,1008.0,100,14.3,14.8,219.0,31.8,30.0,9.1
2025-12-10 04:00:00,2025,12,10,4,Đồng Nai,Phường Tam Hiệp,10.9510733,106.858145,84,Moderate,1,23.5,81,0.0,8.4,11,1007.8,100,12.8,13.1,224.0,29.1,33.0,9.1
2025-12-10 05:00:00,2025,12,10,5,Đồng Nai,Phường Tam Hiệp,10.9510733,106.858145,82,Moderate,1,23.3,82,0.0,9.6,6,1008.1,100,12.4,12.7,246.0,28.5,32.0,9.9
2025-12-10 06:00:00,2025,12,10,6,Đồng Nai,Phường Tam Hiệp,10.9510733,106.858145,80,Moderate,1,23.2,81,0.0,9.5,360,1008.4,100,13.6,13.8,276.0,29.1,29.0,11.2
2025-12-10 07:00:00,2025,12,10,7,Đồng Nai,Phường Tam Hiệp,10.9510733,106.858145,78,Moderate,1,23.8,81,0.0,9.9,344,1009.1,100,17.3,17.6,293.0,26.2,36.0,11.6
2025-12-10 08:00:00,2025,12,10,8,Đồng Nai,Phường Tam Hiệp,10.9510733,106.858145,76,Moderate,1,25.0,76,0.0,9.4,353,1009.9,100,15.9,16.1,287.0,23.7,48.0,11.4
2025-12-10 09:00:00,2025,12,10,9,Đồng Nai,Phường Tam Hiệp,10.9510733,106.858145,74,Moderate,1,26.1,73,0.0,11.0,10,1010.5,100,14.6,14.8,268.0,20.2,66.0,11.2
2025-12-10 10:00:00,2025,12,10,10,Đồng Nai,Phường Tam Hiệp,10.9510733,106.858145,73,Moderate,1,27.1,71,0.0,10.7,20,1009.9,100,13.1,13.4,251.0,17.1,82.0,10.6
2025-12-10 11:00:00,2025,12,10,11,Đồng Nai,Phường Tam Hiệp,10.9510733,106.858145,71,Moderate,1,27.6,71,0.0,9.7,16,1009.4,100,12.9,13.2,239.0,14.5,97.0,9.5
2025-12-10 12:00:00,2025,12,10,12,Đồng Nai,Phường Tam Hiệp,10.9510733,106.858145,71,Moderate,1,28.4,69,0.0,8.0,14,1008.7,14,12.3,12.6,228.0,12.2,110.0,8.0
2025-12-10 13:00:00,2025,12,10,13,Đồng Nai,Phường Tam Hiệp,10.9510733,106.858145,70,Moderate,1,29.4,64,0.0,5.1,54,1007.5,59,12.1,12.4,223.0,11.5,114.0,6.9
2025-12-10 14:00:00,2025,12,10,14,Đồng Nai,Phường Tam Hiệp,10.9510733,106.858145,69,Moderate,1,28.9,68,0.3,9.0,88,1006.9,100,11.1,11.4,224.0,12.0,105.0,5.8
2025-12-10 15:00:00,2025,12,10,15,Đồng Nai,Phường Tam Hiệp,10.9510733,106.858145,69,Moderate,1,25.3,88,4.7,5.4,116,1006.8,100,11.3,11.6,230.0,14.0,87.0,4.9
2025-12-10 16:00:00,2025,12,10,16,Đồng Nai,Phường Tam Hiệp,10.9510733,106.858145,68,Moderate,1,25.9,88,0.0,2.2,42,1007.1,100,12.2,12.4,249.0,19.9,68.0,5.7
2025-12-10 17:00:00,2025,12,10,17,Đồng Nai,Phường Tam Hiệp,10.9510733,106.858145,68,Moderate,1,25.6,89,1.8,4.6,11,1007.0,100,15.8,17.0,290.0,33.3,47.0,9.3
2025-12-10 18:00:00,2025,12,10,18,Đồng Nai,Phường Tam Hiệp,10.9510733,106.858145,68,Moderate,1,24.9,93,1.0,5.8,334,1007.7,100,28.6,30.5,343.0,50.6,25.0,14.6
2025-12-10 19:00:00,2025,12,10,19,Đồng Nai,Phường Tam Hiệp,10.9510733,106.858145,68,Moderate,1,25.5,93,0.0,2.9,356,1008.7,100,26.5,27.7,384.0,53.4,13.0,17.2
2025-12-10 20:00:00,2025,12,10,20,Đồng Nai,Phường Tam Hiệp,10.9510733,106.858145,66,Moderate,1,25.4,93,0.0,3.6,315,1009.3,100,29.9,31.1,402.0,55.3,12.0,20.5
2025-12-10 21:00:00,2025,12,10,21,Đồng Nai,Phường Tam Hiệp,10.9510733,106.858145,65,Moderate,1,25.0,95,0.0,3.6,290,1009.2,100,32.1,33.3,409.0,57.9,10.0,25.0
2025-12-10 22:00:00,2025,12,10,22,Đồng Nai,Phường Tam Hiệp,10.9510733,106.858145,64,Moderate,1,24.8,96,0.0,5.5,314,1009.1,100,32.1,33.2,411.0,59.3,9.0,28.1
2025-12-10 23:00:00,2025,12,10,23,Đồng Nai,Phường Tam Hiệp,10.9510733,106.858145,64,Moderate,1,24.5,95,0.0,6.6,303,1008.9,100,31.7,32.6,408.0,58.4,8.0,28.5
2025-12-11 00:00:00,2025,12,11,0,Đồng Nai,Phường Tam Hiệp,10.9510733,106.858145,64,Moderate,1,24.0,97,0.0,4.2,260,1008.8,100,30.3,31.2,401.0,56.2,8.0,27.6
2025-12-11 01:00:00,2025,12,11,1,Đồng Nai,Phường Tam Hiệp,10.9510733,106.858145,64,Moderate,1,24.5,98,0.0,6.0,263,1008.3,100,29.6,30.5,404.0,54.0,8.0,26.9
2025-12-11 02:00:00,2025,12,11,2,Đồng Nai,Phường Tam Hiệp,10.9510733,106.858145,65,Moderate,1,24.0,94,1.5,7.5,201,1008.1,100,29.5,30.4,419.0,51.7,7.0,26.5
2025-12-11 03:00:00,2025,12,11,3,Đồng Nai,Phường Tam Hiệp,10.9510733,106.858145,66,Moderate,1,23.4,97,0.9,6.5,226,1007.7,100,29.0,29.8,444.0,49.4,7.0,26.2
2025-12-11 04:00:00,2025,12,11,4,Đồng Nai,Phường Tam Hiệp,10.9510733,106.858145,68,Moderate,1,23.2,97,0.0,4.8,248,1008.1,100,27.9,28.6,480.0,48.1,7.0,27.2
2025-12-11 05:00:00,2025,12,11,5,Đồng Nai,Phường Tam Hiệp,10.9510733,106.858145,69,Moderate,1,23.0,98,0.0,3.3,257,1008.7,100,28.5,29.2,550.0,49.7,7.0,31.6
2025-12-11 06:00:00,2025,12,11,6,Đồng Nai,Phường Tam Hiệp,10.9510733,106.858145,70,Moderate,1,22.9,98,0.0,3.6,270,1009.1,100,31.9,32.7,632.0,52.3,8.0,37.2
2025-12-11 07:00:00,2025,12,11,7,Đồng Nai,Phường Tam Hiệp,10.9510733,106.858145,72,Moderate,1,24.2,96,0.0,3.5,219,1009.8,100,38.4,39.9,657.0,52.5,16.0,40.5
2025-12-11 08:00:00,2025,12,11,8,Đồng Nai,Phường Tam Hiệp,10.9510733,106.858145,74,Moderate,1,25.0,93,0.0,2.4,171,1010.7,100,30.7,32.4,579.0,44.6,35.0,32.7
2025-12-11 09:00:00,2025,12,11,9,Đồng Nai,Phường Tam Hiệp,10.9510733,106.858145,75,Moderate,1,26.4,85,0.0,5.4,104,1010.5,99,23.4,24.9,445.0,33.5,61.0,21.9
2025-12-11 10:00:00,2025,12,11,10,Đồng Nai,Phường Tam Hiệp,10.9510733,106.858145,76,Moderate,1,27.2,80,0.0,4.9,90,1010.2,23,18.9,20.5,330.0,24.0,82.0,13.2
2025-12-11 11:00:00,2025,12,11,11,Đồng Nai,Phường Tam Hiệp,10.9510733,106.858145,76,Moderate,1,29.5,70,0.0,8.8,85,1009.2,66,16.5,17.8,261.0,17.4,95.0,8.7
2025-12-11 12:00:00,2025,12,11,12,Đồng Nai,Phường Tam Hiệp,10.9510733,106.858145,77,Moderate,1,30.4,65,0.0,12.2,90,1008.5,100,15.1,16.3,211.0,12.3,104.0,6.3
2025-12-11 13:00:00,2025,12,11,13,Đồng Nai,Phường Tam Hiệp,10.9510733,106.858145,77,Moderate,1,31.0,60,0.0,13.4,98,1007.7,98,14.3,15.8,178.0,9.4,107.0,5.0
2025-12-11 14:00:00,2025,12,11,14,Đồng Nai,Phường Tam Hiệp,10.9510733,106.858145,77,Moderate,1,31.0,60,0.0,11.9,93,1006.7,100,14.6,16.6,162.0,9.0,104.0,4.7
2025-12-11 15:00:00,2025,12,11,15,Đồng Nai,Phường Tam Hiệp,10.9510733,106.858145,78,Moderate,1,30.0,62,0.0,11.2,106,1006.5,100,14.0,16.3,162.0,10.7,96.0,5.4
2025-12-11 16:00:00,2025,12,11,16,Đồng Nai,Phường Tam Hiệp,10.9510733,106.858145,78,Moderate,1,29.0,68,0.0,10.3,125,1006.7,100,14.4,16.4,176.0,14.2,85.0,6.5
2025-12-11 17:00:00,2025,12,11,17,Đồng Nai,Phường Tam Hiệp,10.9510733,106.858145,78,Moderate,1,28.0,75,0.0,5.7,136,1007.1,100,17.0,18.9,210.0,20.7,70.0,7.8
2025-12-11 18:00:00,2025,12,11,18,Đồng Nai,Phường Tam Hiệp,10.9510733,106.858145,78,Moderate,1,26.9,82,0.2,5.9,162,1007.6,100,21.1,22.8,258.0,29.0,53.0,9.4
2025-12-11 19:00:00,2025,12,11,19,Đồng Nai,Phường Tam Hiệp,10.9510733,106.858145,77,Moderate,1,27.1,83,0.1,6.7,136,1008.2,92,16.0,17.5,301.0,25.6,43.0,10.3
2025-12-11 20:00:00,2025,12,11,20,Đồng Nai,Phường Tam Hiệp,10.9510733,106.858145,76,Moderate,1,26.9,79,0.0,7.0,122,1009.0,98,17.6,19.2,339.0,26.1,41.0,11.4
2025-12-11 21:00:00,2025,12,11,21,Đồng Nai,Phường Tam Hiệp,10.9510733,106.858145,75,Moderate,1,26.5,75,0.0,7.5,120,1009.2,79,18.7,20.3,372.0,26.9,38.0,13.0
2025-12-11 22:00:00,2025,12,11,22,Đồng Nai,Phường Tam Hiệp,10.9510733,106.858145,74,Moderate,1,25.8,78,0.0,6.9,120,1008.9,100,20.4,21.9,383.0,27.8,35.0,14.1
2025-12-11 23:00:00,2025,12,11,23,Đồng Nai,Phường Tam Hiệp,10.9510733,106.858145,73,Moderate,1,25.2,80,0.0,8.5,126,1008.9,100,21.9,23.4,353.0,28.7,31.0,14.4
2025-12-12 00:00:00,2025,12,12,0,Đồng Nai,Phường Tam Hiệp,10.9510733,106.858145,72,Moderate,1,24.9,82,0.0,6.7,104,1008.7,94,23.0,24.4,300.0,29.8,26.0,14.4
2025-12-12 01:00:00,2025,12,12,1,Đồng Nai,Phường Tam Hiệp,10.9510733,106.858145,72,Moderate,1,24.8,86,0.0,5.4,88,1008.3,67,23.9,25.3,267.0,31.1,22.0,14.4
2025-12-12 02:00:00,2025,12,12,2,Đồng Nai,Phường Tam Hiệp,10.9510733,106.858145,71,Moderate,1,24.4,88,0.0,5.3,72,1007.7,11,25.0,26.3,276.0,32.8,18.0,14.5
2025-12-12 03:00:00,2025,12,12,3,Đồng Nai,Phường Tam Hiệp,10.9510733,106.858145,71,Moderate,1,24.0,89,0.0,4.5,56,1007.6,12,26.7,28.0,304.0,34.7,14.0,14.7
2025-12-12 04:00:00,2025,12,12,4,Đồng Nai,Phường Tam Hiệp,10.9510733,106.858145,71,Moderate,1,23.8,91,0.0,5.2,41,1007.6,33,28.4,29.8,320.0,36.5,12.0,15.2
2025-12-12 05:00:00,2025,12,12,5,Đồng Nai,Phường Tam Hiệp,10.9510733,106.858145,71,Moderate,1,23.5,94,0.0,7.7,36,1007.7,43,30.7,32.2,308.0,39.0,10.0,16.5
2025-12-12 06:00:00,2025,12,12,6,Đồng Nai,Phường Tam Hiệp,10.9510733,106.858145,71,Moderate,1,23.5,96,0.0,6.1,30,1008.3,54,36.3,38.0,284.0,41.3,9.0,18.0
2025-12-12 07:00:00,2025,12,12,7,Đồng Nai,Phường Tam Hiệp,10.9510733,106.858145,71,Moderate,1,24.3,95,0.0,5.0,26,1009.2,12,34.3,35.7,266.0,37.8,17.0,16.2
2025-12-12 08:00:00,2025,12,12,8,Đồng Nai,Phường Tam Hiệp,10.9510733,106.858145,71,Moderate,1,26.1,88,0.0,2.1,38,1010.0,78,27.4,28.8,263.0,32.1,33.0,14.9
2025-12-12 09:00:00,2025,12,12,9,Đồng Nai,Phường Tam Hiệp,10.9510733,106.858145,71,Moderate,1,27.6,82,0.0,1.1,99,1010.2,100,20.1,22.2,267.0,24.2,56.0,13.0
2025-12-12 10:00:00,2025,12,12,10,Đồng Nai,Phường Tam Hiệp,10.9510733,106.858145,70,Moderate,1,29.0,74,0.0,0.0,270,1010.0,100,17.6,20.0,264.0,17.5,75.0,11.0
2025-12-12 11:00:00,2025,12,12,11,Đồng Nai,Phường Tam Hiệp,10.9510733,106.858145,70,Moderate,1,29.9,65,0.0,2.7,67,1009.4,100,16.1,18.5,247.0,13.2,88.0,8.9
2025-12-12 12:00:00,2025,12,12,12,Đồng Nai,Phường Tam Hiệp,10.9510733,106.858145,70,Moderate,1,30.9,59,0.0,5.6,92,1008.4,100,14.9,17.2,225.0,10.2,98.0,6.6
2025-12-12 13:00:00,2025,12,12,13,Đồng Nai,Phường Tam Hiệp,10.9510733,106.858145,70,Moderate,1,31.5,54,0.0,6.7,99,1007.4,100,13.8,16.2,208.0,8.7,103.0,5.1
2025-12-12 14:00:00,2025,12,12,14,Đồng Nai,Phường Tam Hiệp,10.9510733,106.858145,70,Moderate,1,31.5,54,0.0,7.9,91,1006.5,100,13.4,16.1,199.0,8.1,104.0,4.4
2025-12-12 15:00:00,2025,12,12,15,Đồng Nai,Phường Tam Hiệp,10.9510733,106.858145,70,Moderate,1,31.4,55,0.0,6.6,81,1005.9,100,13.5,16.2,195.0,9.0,100.0,4.3
2025-12-12 16:00:00,2025,12,12,16,Đồng Nai,Phường Tam Hiệp,10.9510733,106.858145,70,Moderate,1,31.0,57,0.0,5.6,50,1006.1,99,13.6,16.1,208.0,13.5,91.0,5.5
2025-12-12 17:00:00,2025,12,12,17,Đồng Nai,Phường Tam Hiệp,10.9510733,106.858145,70,Moderate,1,29.8,70,0.0,3.3,22,1006.6,100,17.8,20.0,246.0,24.5,74.0,8.8
2025-12-12 18:00:00,2025,12,12,18,Đồng Nai,Phường Tam Hiệp,10.9510733,106.858145,70,Moderate,1,28.0,78,0.0,4.0,355,1006.9,100,24.6,26.5,300.0,39.0,51.0,13.3
2025-12-12 19:00:00,2025,12,12,19,Đồng Nai,Phường Tam Hiệp,10.9510733,106.858145,70,Moderate,1,27.5,78,0.0,4.2,185,1008.0,100,32.1,34.3,352.0,51.3,30.0,17.6
2025-12-12 20:00:00,2025,12,12,20,Đồng Nai,Phường Tam Hiệp,10.9510733,106.858145,72,Moderate,1,26.5,87,0.0,7.8,157,1009.0,100,34.0,36.6,398.0,51.3,28.0,18.7
2025-12-12 21:00:00,2025,12,12,21,Đồng Nai,Phường Tam Hiệp,10.9510733,106.858145,73,Moderate,1,26.0,90,0.0,4.9,144,1009.1,98,35.3,38.0,442.0,51.1,24.0,20.1
2025-12-12 22:00:00,2025,12,12,22,Đồng Nai,Phường Tam Hiệp,10.9510733,106.858145,75,Moderate,1,25.6,93,0.0,1.1,108,1009.1,98,35.7,38.3,474.0,50.8,21.0,21.0
2025-12-12 23:00:00,2025,12,12,23,Đồng Nai,Phường Tam Hiệp,10.9510733,106.858145,76,Moderate,1,25.3,94,0.0,2.8,145,1009.0,100,35.0,37.6,475.0,50.0,19.0,20.6
2025-12-13 00:00:00,2025,12,13,0,Đồng Nai,Phường Tam Hiệp,10.9510733,106.858145,77,Moderate,1,25.0,95,0.0,0.8,207,1008.4,99,33.4,36.0,464.0,48.9,17.0,19.7
2025-12-13 01:00:00,2025,12,13,1,Đồng Nai,Phường Tam Hiệp,10.9510733,106.858145,78,Moderate,1,24.9,96,0.0,3.5,231,1008.1,100,32.2,34.7,490.0,48.1,16.0,18.9
2025-12-13 02:00:00,2025,12,13,2,Đồng Nai,Phường Tam Hiệp,10.9510733,106.858145,79,Moderate,1,24.8,97,0.0,0.6,108,1007.7,99,31.9,34.2,598.0,47.6,14.0,18.2
2025-12-13 03:00:00,2025,12,13,3,Đồng Nai,Phường Tam Hiệp,10.9510733,106.858145,79,Moderate,1,24.4,99,0.0,2.8,63,1007.2,100,32.2,34.8,742.0,47.4,13.0,17.8
2025-12-13 04:00:00,2025,12,13,4,Đồng Nai,Phường Tam Hiệp,10.9510733,106.858145,80,Moderate,1,24.1,100,0.0,3.5,28,1007.5,100,33.5,36.2,833.0,47.9,12.0,18.5
2025-12-13 05:00:00,2025,12,13,5,Đồng Nai,Phường Tam Hiệp,10.9510733,106.858145,80,Moderate,1,24.0,100,0.0,4.2,340,1007.7,100,39.7,42.5,830.0,49.6,10.0,21.1
2025-12-13 06:00:00,2025,12,13,6,Đồng Nai,Phường Tam Hiệp,10.9510733,106.858145,81,Moderate,1,23.8,100,0.0,4.8,323,1008.1,100,50.3,53.2,774.0,52.0,8.0,25.0
2025-12-13 07:00:00,2025,12,13,7,Đồng Nai,Phường Tam Hiệp,10.9510733,106.858145,82,Moderate,1,24.9,99,0.0,4.3,292,1008.9,100,68.0,71.9,694.0,51.3,13.0,23.1
2025-12-13 08:00:00,2025,12,13,8,Đồng Nai,Phường Tam Hiệp,10.9510733,106.858145,85,Moderate,1,26.1,89,0.0,3.2,297,1009.7,100,46.1,51.1,585.0,47.4,26.0,23.4
2025-12-13 09:00:00,2025,12,13,9,Đồng Nai,Phường Tam Hiệp,10.9510733,106.858145,87,Moderate,1,27.5,81,0.0,0.9,360,1010.3,100,40.9,46.7,452.0,41.9,46.0,23.7
2025-12-13 10:00:00,2025,12,13,10,Đồng Nai,Phường Tam Hiệp,10.9510733,106.858145,89,Moderate,1,28.4,76,0.0,2.1,322,1009.8,100,37.5,43.5,348.0,36.7,66.0,23.4
2025-12-13 11:00:00,2025,12,13,11,Đồng Nai,Phường Tam Hiệp,10.9510733,106.858145,91,Moderate,1,29.8,70,0.0,2.2,325,1009.1,99,35.6,41.2,296.0,31.8,88.0,21.9
2025-12-13 12:00:00,2025,12,13,12,Đồng Nai,Phường Tam Hiệp,10.9510733,106.858145,92,Moderate,1,30.8,66,0.0,2.3,337,1008.1,98,33.8,38.9,273.0,27.1,111.0,19.7
2025-12-13 13:00:00,2025,12,13,13,Đồng Nai,Phường Tam Hiệp,10.9510733,106.858145,94,Moderate,1,31.0,64,0.0,1.3,45,1007.1,91,32.5,37.1,258.0,24.5,126.0,17.6
2025-12-13 14:00:00,2025,12,13,14,Đồng Nai,Phường Tam Hiệp,10.9510733,106.858145,96,Moderate,1,31.4,63,0.0,4.1,38,1006.2,99,30.7,35.2,242.0,24.5,129.0,15.6
2025-12-13 15:00:00,2025,12,13,15,Đồng Nai,Phường Tam Hiệp,10.9510733,106.858145,97,Moderate,1,31.2,61,0.0,5.2,27,1005.8,100,28.8,32.7,233.0,26.4,124.0,13.7
2025-12-13 16:00:00,2025,12,13,16,Đồng Nai,Phường Tam Hiệp,10.9510733,106.858145,99,Moderate,1,30.1,65,0.1,6.6,16,1006.0,100,28.1,31.4,237.0,30.3,113.0,12.7
2025-12-13 17:00:00,2025,12,13,17,Đồng Nai,Phường Tam Hiệp,10.9510733,106.858145,100,Moderate,1,29.5,72,0.0,5.7,9,1006.3,99,30.6,33.3,258.0,37.0,92.0,12.8
2025-12-13 18:00:00,2025,12,13,18,Đồng Nai,Phường Tam Hiệp,10.9510733,106.858145,101,Unhealthy for Sensitive Groups,2,28.2,80,0.0,5.0,13,1006.5,100,38.9,41.0,293.0,45.6,66.0,13.8
2025-12-13 19:00:00,2025,12,13,19,Đồng Nai,Phường Tam Hiệp,10.9510733,106.858145,103,Unhealthy for Sensitive Groups,2,27.0,89,0.0,5.7,13,1007.4,99,24.7,25.8,331.0,41.0,53.0,11.8
2025-12-13 20:00:00,2025,12,13,20,Đồng Nai,Phường Tam Hiệp,10.9510733,106.858145,102,Unhealthy for Sensitive Groups,2,24.0,95,5.5,18.0,125,1009.0,100,32.0,32.5,373.0,49.9,43.0,17.8
2025-12-13 21:00:00,2025,12,13,21,Đồng Nai,Phường Tam Hiệp,10.9510733,106.858145,102,Unhealthy for Sensitive Groups,2,23.9,96,0.3,4.0,170,1008.8,100,43.0,43.4,418.0,62.3,29.0,26.3
2025-12-13 22:00:00,2025,12,13,22,Đồng Nai,Phường Tam Hiệp,10.9510733,106.858145,102,Unhealthy for Sensitive Groups,2,23.9,95,0.9,8.7,227,1009.1,100,52.9,53.7,463.0,71.7,18.0,33.2
2025-12-13 23:00:00,2025,12,13,23,Đồng Nai,Phường Tam Hiệp,10.9510733,106.858145,104,Unhealthy for Sensitive Groups,2,23.5,91,5.7,7.0,203,1009.5,99,60.5,61.9,524.0,75.8,13.0,37.5
2025-12-14 00:00:00,2025,12,14,0,Đồng Nai,Phường Tam Hiệp,10.9510733,106.858145,107,Unhealthy for Sensitive Groups,2,23.8,93,0.0,1.9,338,1009.1,94,61.5,63.1,584.0,77.0,10.0,40.3
2025-12-14 01:00:00,2025,12,14,1,Đồng Nai,Phường Tam Hiệp,10.9510733,106.858145,110,Unhealthy for Sensitive Groups,2,24.9,94,0.0,4.1,331,1008.3,33,62.2,63.8,586.0,76.2,9.0,41.4
2025-12-14 02:00:00,2025,12,14,2,Đồng Nai,Phường Tam Hiệp,10.9510733,106.858145,113,Unhealthy for Sensitive Groups,2,24.5,96,0.0,5.8,353,1007.8,74,58.7,59.8,476.0,72.8,9.0,39.9
2025-12-14 03:00:00,2025,12,14,3,Đồng Nai,Phường Tam Hiệp,10.9510733,106.858145,116,Unhealthy for Sensitive Groups,2,24.0,96,0.0,4.2,350,1007.5,74,51.3,52.0,308.0,67.4,10.0,36.6
2025-12-14 04:00:00,2025,12,14,4,Đồng Nai,Phường Tam Hiệp,10.9510733,106.858145,118,Unhealthy for Sensitive Groups,2,23.8,96,0.0,5.5,343,1007.2,84,46.9,47.6,193.0,62.2,11.0,33.8
2025-12-14 05:00:00,2025,12,14,5,Đồng Nai,Phường Tam Hiệp,10.9510733,106.858145,119,Unhealthy for Sensitive Groups,2,23.6,94,0.0,6.5,347,1007.5,64,38.8,39.3,189.0,58.0,12.0,32.5
2025-12-14 06:00:00,2025,12,14,6,Đồng Nai,Phường Tam Hiệp,10.9510733,106.858145,119,Unhealthy for Sensitive Groups,2,23.4,90,0.0,6.3,347,1008.0,68,42.6,43.5,238.0,54.1,13.0,31.7
2025-12-14 07:00:00,2025,12,14,7,Đồng Nai,Phường Tam Hiệp,10.9510733,106.858145,118,Unhealthy for Sensitive Groups,2,24.5,86,0.0,3.6,30,1009.4,91,36.3,37.7,273.0,44.4,20.0,27.8
2025-12-14 08:00:00,2025,12,14,8,Đồng Nai,Phường Tam Hiệp,10.9510733,106.858145,115,Unhealthy for Sensitive Groups,2,26.5,76,0.0,4.0,72,1010.4,99,29.9,31.9,266.0,40.0,32.0,24.8
2025-12-14 09:00:00,2025,12,14,9,Đồng Nai,Phường Tam Hiệp,10.9510733,106.858145,113,Unhealthy for Sensitive Groups,2,27.7,75,0.0,3.6,84,1010.4,100,25.2,27.4,245.0,33.9,49.0,20.6
2025-12-14 10:00:00,2025,12,14,10,Đồng Nai,Phường Tam Hiệp,10.9510733,106.858145,112,Unhealthy for Sensitive Groups,2,28.9,71,0.0,2.3,58,1010.1,100,20.8,23.1,226.0,28.2,66.0,16.7
2025-12-14 11:00:00,2025,12,14,11,Đồng Nai,Phường Tam Hiệp,10.9510733,106.858145,110,Unhealthy for Sensitive Groups,2,30.0,65,0.0,4.3,24,1009.4,98,19.0,21.1,213.0,23.4,82.0,13.6
2025-12-14 12:00:00,2025,12,14,12,Đồng Nai,Phường Tam Hiệp,10.9510733,106.858145,108,Unhealthy for Sensitive Groups,2,30.7,61,0.0,7.1,7,1008.3,100,16.8,18.3,202.0,19.1,97.0,11.0
2025-12-14 13:00:00,2025,12,14,13,Đồng Nai,Phường Tam Hiệp,10.9510733,106.858145,106,Unhealthy for Sensitive Groups,2,31.1,55,0.0,6.1,43,1007.7,100,15.9,16.9,198.0,16.6,107.0,9.0
2025-12-14 14:00:00,2025,12,14,14,Đồng Nai,Phường Tam Hiệp,10.9510733,106.858145,105,Unhealthy for Sensitive Groups,2,31.6,52,0.0,7.0,44,1006.7,99,17.2,18.3,196.0,16.2,110.0,7.9
2025-12-14 15:00:00,2025,12,14,15,Đồng Nai,Phường Tam Hiệp,10.9510733,106.858145,103,Unhealthy for Sensitive Groups,2,31.7,52,0.0,8.7,52,1006.1,99,16.4,17.4,202.0,17.7,108.0,7.5
2025-12-14 16:00:00,2025,12,14,16,Đồng Nai,Phường Tam Hiệp,10.9510733,106.858145,102,Unhealthy for Sensitive Groups,2,31.3,53,0.0,4.5,74,1006.1,100,16.2,17.3,230.0,21.5,99.0,7.9
2025-12-14 17:00:00,2025,12,14,17,Đồng Nai,Phường Tam Hiệp,10.9510733,106.858145,101,Unhealthy for Sensitive Groups,2,29.8,65,0.0,3.8,155,1006.3,100,18.6,19.6,296.0,29.1,79.0,9.4
2025-12-14 18:00:00,2025,12,14,18,Đồng Nai,Phường Tam Hiệp,10.9510733,106.858145,99,Moderate,1,28.0,75,0.0,5.6,159,1006.8,100,23.5,25.1,385.0,39.0,54.0,11.7
2025-12-14 19:00:00,2025,12,14,19,Đồng Nai,Phường Tam Hiệp,10.9510733,106.858145,98,Moderate,1,26.4,84,0.0,7.3,196,1007.9,100,26.7,29.3,472.0,42.9,42.0,12.5
2025-12-14 20:00:00,2025,12,14,20,Đồng Nai,Phường Tam Hiệp,10.9510733,106.858145,98,Moderate,1,26.6,85,0.0,3.9,158,1008.8,100,28.8,31.5,573.0,45.2,37.0,14.0
2025-12-14 21:00:00,2025,12,14,21,Đồng Nai,Phường Tam Hiệp,10.9510733,106.858145,98,Moderate,1,26.5,87,0.0,1.8,127,1008.6,100,30.3,32.8,672.0,48.3,30.0,15.9
2025-12-14 22:00:00,2025,12,14,22,Đồng Nai,Phường Tam Hiệp,10.9510733,106.858145,97,Moderate,1,26.2,88,0.0,2.3,32,1009.0,100,33.2,36.1,701.0,50.1,24.0,16.7
2025-12-14 23:00:00,2025,12,14,23,Đồng Nai,Phường Tam Hiệp,10.9510733,106.858145,95,Moderate,1,25.5,91,0.0,6.7,14,1009.4,100,33.3,36.2,596.0,49.5,20.0,15.1
2025-12-15 00:00:00,2025,12,15,0,Đồng Nai,Phường Tam Hiệp,10.9510733,106.858145,93,Moderate,1,25.3,90,0.0,6.3,7,1009.2,100,31.4,34.1,419.0,47.7,17.0,12.3
2025-12-15 01:00:00,2025,12,15,1,Đồng Nai,Phường Tam Hiệp,10.9510733,106.858145,90,Moderate,1,25.1,93,0.0,3.0,57,1008.9,77,30.2,32.5,291.0,45.9,15.0,10.4
2025-12-15 02:00:00,2025,12,15,2,Đồng Nai,Phường Tam Hiệp,10.9510733,106.858145,87,Moderate,1,24.9,92,0.0,2.3,51,1008.4,73,27.9,29.9,266.0,44.5,14.0,10.0
2025-12-15 03:00:00,2025,12,15,3,Đồng Nai,Phường Tam Hiệp,10.9510733,106.858145,85,Moderate,1,24.4,93,0.0,1.8,66,1008.2,100,27.1,28.9,288.0,43.2,14.0,10.4
2025-12-15 04:00:00,2025,12,15,4,Đồng Nai,Phường Tam Hiệp,10.9510733,106.858145,82,Moderate,1,24.0,94,0.0,1.7,18,1008.2,100,27.6,29.4,313.0,42.1,14.0,11.9
2025-12-15 05:00:00,2025,12,15,5,Đồng Nai,Phường Tam Hiệp,10.9510733,106.858145,81,Moderate,1,23.7,92,0.0,4.1,360,1008.6,100,29.4,31.1,331.0,41.5,14.0,15.2
2025-12-15 06:00:00,2025,12,15,6,Đồng Nai,Phường Tam Hiệp,10.9510733,106.858145,80,Moderate,1,23.4,86,0.0,5.8,356,1008.8,100,32.7,34.2,350.0,41.1,14.0,19.5
2025-12-15 07:00:00,2025,12,15,7,Đồng Nai,Phường Tam Hiệp,10.9510733,106.858145,79,Moderate,1,24.5,81,0.0,5.2,358,1009.5,100,36.9,39.1,355.0,46.9,18.0,19.3
2025-12-15 08:00:00,2025,12,15,8,Đồng Nai,Phường Tam Hiệp,10.9510733,106.858145,79,Moderate,1,25.8,73,0.0,5.3,18,1010.5,100,33.5,36.2,330.0,45.2,28.0,20.8
2025-12-15 09:00:00,2025,12,15,9,Đồng Nai,Phường Tam Hiệp,10.9510733,106.858145,79,Moderate,1,27.0,69,0.0,3.9,47,1010.7,100,32.6,35.7,289.0,42.6,43.0,22.8
2025-12-15 10:00:00,2025,12,15,10,Đồng Nai,Phường Tam Hiệp,10.9510733,106.858145,80,Moderate,1,28.2,66,0.0,2.2,99,1010.6,100,30.7,34.9,262.0,39.8,56.0,23.1
2025-12-15 11:00:00,2025,12,15,11,Đồng Nai,Phường Tam Hiệp,10.9510733,106.858145,81,Moderate,1,29.2,64,0.0,2.2,180,1010.5,100,28.1,32.7,265.0,36.1,68.0,20.2
2025-12-15 12:00:00,2025,12,15,12,Đồng Nai,Phường Tam Hiệp,10.9510733,106.858145,82,Moderate,1,30.1,61,0.0,2.3,231,1009.2,100,25.5,29.9,282.0,32.1,78.0,15.7
2025-12-15 13:00:00,2025,12,15,13,Đồng Nai,Phường Tam Hiệp,10.9510733,106.858145,82,Moderate,1,30.4,57,0.0,0.2,90,1008.2,99,22.8,26.9,286.0,30.1,85.0,12.5
2025-12-15 14:00:00,2025,12,15,14,Đồng Nai,Phường Tam Hiệp,10.9510733,106.858145,83,Moderate,1,31.0,56,0.0,2.6,344,1007.4,29,22.4,26.4,251.0,30.6,87.0,11.6
2025-12-15 15:00:00,2025,12,15,15,Đồng Nai,Phường Tam Hiệp,10.9510733,106.858145,83,Moderate,1,31.1,55,0.0,4.8,349,1007.0,73,22.9,27.2,204.0,33.1,86.0,11.9
2025-12-15 16:00:00,2025,12,15,16,Đồng Nai,Phường Tam Hiệp,10.9510733,106.858145,84,Moderate,1,31.0,55,0.0,4.9,350,1007.1,99,24.4,28.9,202.0,38.5,79.0,13.0
2025-12-15 17:00:00,2025,12,15,17,Đồng Nai,Phường Tam Hiệp,10.9510733,106.858145,85,Moderate,1,29.6,65,0.0,4.2,355,1007.4,86,32.1,36.6,277.0,49.7,62.0,15.2
2025-12-15 18:00:00,2025,12,15,18,Đồng Nai,Phường Tam Hiệp,10.9510733,106.858145,86,Moderate,1,28.0,72,0.0,4.3,343,1007.8,97,40.2,44.5,396.0,63.8,40.0,18.0
2025-12-15 19:00:00,2025,12,15,19,Đồng Nai,Phường Tam Hiệp,10.9510733,106.858145,87,Moderate,1,27.6,73,0.0,5.2,211,1009.1,64,58.8,60.1,517.0,78.5,37.0,28.0
2025-12-15 20:00:00,2025,12,15,20,Đồng Nai,Phường Tam Hiệp,10.9510733,106.858145,90,Moderate,1,26.5,83,0.0,6.0,155,1010.1,100,44.5,47.0,633.0,71.2,35.0,24.0
2025-12-15 21:00:00,2025,12,15,21,Đồng Nai,Phường Tam Hiệp,10.9510733,106.858145,92,Moderate,1,25.8,88,0.0,8.1,156,1010.4,99,37.3,39.9,752.0,60.9,32.0,18.4
2025-12-15 22:00:00,2025,12,15,22,Đồng Nai,Phường Tam Hiệp,10.9510733,106.858145,92,Moderate,1,25.5,90,0.0,7.1,161,1010.3,100,32.4,34.6,851.0,52.3,29.0,13.6
2025-12-15 23:00:00,2025,12,15,23,Đồng Nai,Phường Tam Hiệp,10.9510733,106.858145,92,Moderate,1,25.0,91,0.0,5.5,142,1010.1,100,29.3,31.2,927.0,46.8,26.0,10.4
2025-12-16 00:00:00,2025,12,16,0,Đồng Nai,Phường Tam Hiệp,10.9510733,106.858145,92,Moderate,1,24.6,92,0.0,2.1,59,1009.7,100,26.5,28.3,983.0,42.9,24.0,8.0
2025-12-16 01:00:00,2025,12,16,1,Đồng Nai,Phường Tam Hiệp,10.9510733,106.858145,91,Moderate,1,24.4,94,0.0,2.6,25,1009.6,100,24.5,26.3,1008.0,40.5,21.0,6.5
2025-12-16 02:00:00,2025,12,16,2,Đồng Nai,Phường Tam Hiệp,10.9510733,106.858145,91,Moderate,1,24.4,96,0.0,2.8,55,1009.0,100,22.6,24.3,990.0,40.1,18.0,6.0
2025-12-16 03:00:00,2025,12,16,3,Đồng Nai,Phường Tam Hiệp,10.9510733,106.858145,90,Moderate,1,24.1,97,0.0,3.1,54,1008.6,100,21.6,23.3,940.0,41.1,15.0,6.4
2025-12-16 04:00:00,2025,12,16,4,Đồng Nai,Phường Tam Hiệp,10.9510733,106.858145,90,Moderate,1,24.0,96,0.0,3.4,18,1008.5,100,21.6,23.2,887.0,41.8,13.0,7.5
2025-12-16 05:00:00,2025,12,16,5,Đồng Nai,Phường Tam Hiệp,10.9510733,106.858145,89,Moderate,1,23.8,96,0.0,5.1,18,1008.6,100,22.4,24.0,846.0,42.0,12.0,9.7
2025-12-16 06:00:00,2025,12,16,6,Đồng Nai,Phường Tam Hiệp,10.9510733,106.858145,89,Moderate,1,23.5,96,0.0,5.0,15,1008.5,99,25.3,26.8,801.0,41.9,12.0,12.6
2025-12-16 07:00:00,2025,12,16,7,Đồng Nai,Phường Tam Hiệp,10.9510733,106.858145,88,Moderate,1,23.7,90,0.0,5.8,4,1009.1,93,34.1,34.9,732.0,38.3,19.0,12.8
2025-12-16 08:00:00,2025,12,16,8,Đồng Nai,Phường Tam Hiệp,10.9510733,106.858145,88,Moderate,1,25.5,82,0.0,3.8,19,1009.8,77,29.0,30.0,614.0,34.9,42.0,13.4
2025-12-16 09:00:00,2025,12,16,9,Đồng Nai,Phường Tam Hiệp,10.9510733,106.858145,88,Moderate,1,27.4,74,0.0,3.8,11,1010.0,87,25.0,26.6,472.0,30.0,73.0,14.1
2025-12-16 10:00:00,2025,12,16,10,Đồng Nai,Phường Tam Hiệp,10.9510733,106.858145,87,Moderate,1,28.8,69,0.0,3.5,9,1009.8,54,22.2,23.6,364.0,25.5,100.0,14.0
2025-12-16 11:00:00,2025,12,16,11,Đồng Nai,Phường Tam Hiệp,10.9510733,106.858145,86,Moderate,1,30.0,65,0.0,2.4,17,1009.4,27,19.9,21.0,317.0,21.5,117.0,12.5
2025-12-16 12:00:00,2025,12,16,12,Đồng Nai,Phường Tam Hiệp,10.9510733,106.858145,85,Moderate,1,30.9,62,0.0,2.2,42,1008.5,82,18.3,19.2,303.0,17.8,130.0,10.2
2025-12-16 13:00:00,2025,12,16,13,Đồng Nai,Phường Tam Hiệp,10.9510733,106.858145,85,Moderate,1,31.0,60,0.0,1.5,97,1007.8,91,16.8,17.8,294.0,15.6,136.0,8.3
2025-12-16 14:00:00,2025,12,16,14,Đồng Nai,Phường Tam Hiệp,10.9510733,106.858145,84,Moderate,1,31.6,59,0.0,1.4,90,1007.1,16,16.1,17.6,270.0,14.5,135.0,6.9
2025-12-16 15:00:00,2025,12,16,15,Đồng Nai,Phường Tam Hiệp,10.9510733,106.858145,84,Moderate,1,31.5,59,0.0,3.0,76,1006.7,12,15.9,18.3,252.0,14.9,128.0,6.0
2025-12-16 16:00:00,2025,12,16,16,Đồng Nai,Phường Tam Hiệp,10.9510733,106.858145,83,Moderate,1,31.2,58,0.0,4.6,54,1007.0,28,16.5,19.4,274.0,19.6,114.0,6.5
2025-12-16 17:00:00,2025,12,16,17,Đồng Nai,Phường Tam Hiệp,10.9510733,106.858145,82,Moderate,1,27.9,74,1.5,10.4,120,1008.0,91,23.4,26.7,365.0,33.0,89.0,9.6
2025-12-16 18:00:00,2025,12,16,18,Đồng Nai,Phường Tam Hiệp,10.9510733,106.858145,82,Moderate,1,27.1,82,0.0,3.2,227,1008.4,83,38.0,42.5,495.0,50.7,58.0,14.1
2025-12-16 19:00:00,2025,12,16,19,Đồng Nai,Phường Tam Hiệp,10.9510733,106.858145,81,Moderate,1,25.4,94,0.0,6.2,334,1009.5,52,45.8,49.2,613.0,71.2,27.0,19.5
2025-12-16 20:00:00,2025,12,16,20,Đồng Nai,Phường Tam Hiệp,10.9510733,106.858145,80,Moderate,1,25.2,93,0.0,4.4,333,1010.2,100,50.1,53.3,707.0,72.0,22.0,21.2
2025-12-16 21:00:00,2025,12,16,21,Đồng Nai,Phường Tam Hiệp,10.9510733,106.858145,81,Moderate,1,24.8,95,0.0,2.6,16,1010.2,100,51.6,54.7,788.0,73.0,16.0,23.5
2025-12-16 22:00:00,2025,12,16,22,Đồng Nai,Phường Tam Hiệp,10.9510733,106.858145,82,Moderate,1,24.8,96,0.0,3.0,33,1009.8,99,50.5,53.3,840.0,72.2,11.0,24.1
2025-12-16 23:00:00,2025,12,16,23,Đồng Nai,Phường Tam Hiệp,10.9510733,106.858145,84,Moderate,1,24.3,97,0.0,3.4,25,1009.7,99,46.6,49.0,860.0,68.2,10.0,21.7
2025-12-17 00:00:00,2025,12,17,0,Đồng Nai,Phường Tam Hiệp,10.9510733,106.858145,85,Moderate,1,24.0,97,0.0,6.5,14,1009.4,99,42.4,44.7,850.0,62.5,10.0,17.7
2025-12-17 01:00:00,2025,12,17,1,Đồng Nai,Phường Tam Hiệp,10.9510733,106.858145,87,Moderate,1,23.7,98,0.0,6.2,21,1008.8,100,39.7,42.0,800.0,57.8,10.0,14.3
2025-12-17 02:00:00,2025,12,17,2,Đồng Nai,Phường Tam Hiệp,10.9510733,106.858145,88,Moderate,1,23.6,97,0.0,3.8,8,1008.4,100,38.3,40.6,678.0,55.0,8.0,11.9
2025-12-17 03:00:00,2025,12,17,3,Đồng Nai,Phường Tam Hiệp,10.9510733,106.858145,89,Moderate,1,23.4,98,0.0,3.7,14,1008.2,52,39.8,42.0,515.0,53.2,5.0,10.1
2025-12-17 04:00:00,2025,12,17,4,Đồng Nai,Phường Tam Hiệp,10.9510733,106.858145,91,Moderate,1,23.2,94,0.0,3.8,8,1008.0,38,43.2,45.6,396.0,52.1,4.0,10.0
2025-12-17 05:00:00,2025,12,17,5,Đồng Nai,Phường Tam Hiệp,10.9510733,106.858145,93,Moderate,1,23.0,96,0.0,4.7,7,1008.0,3,43.9,45.2,365.0,52.1,5.0,12.6
2025-12-17 06:00:00,2025,12,17,6,Đồng Nai,Phường Tam Hiệp,10.9510733,106.858145,95,Moderate,1,22.9,97,0.0,3.4,25,1008.8,2,46.4,47.3,379.0,52.8,8.0,16.8
2025-12-17 07:00:00,2025,12,17,7,Đồng Nai,Phường Tam Hiệp,10.9510733,106.858145,97,Moderate,1,23.8,94,0.0,3.5,351,1010.0,41,58.9,63.3,388.0,54.1,21.0,21.6
2025-12-17 08:00:00,2025,12,17,8,Đồng Nai,Phường Tam Hiệp,10.9510733,106.858145,99,Moderate,1,25.0,89,0.0,2.7,23,1010.9,47,46.9,51.9,376.0,51.6,36.0,22.9
2025-12-17 09:00:00,2025,12,17,9,Đồng Nai,Phường Tam Hiệp,10.9510733,106.858145,100,Moderate,1,27.0,79,0.0,2.3,90,1011.4,61,42.1,47.5,359.0,48.1,57.0,24.7
2025-12-17 10:00:00,2025,12,17,10,Đồng Nai,Phường Tam Hiệp,10.9510733,106.858145,102,Unhealthy for Sensitive Groups,2,28.8,71,0.0,3.2,146,1011.5,98,41.4,47.4,342.0,44.8,78.0,25.7
2025-12-17 11:00:00,2025,12,17,11,Đồng Nai,Phường Tam Hiệp,10.9510733,106.858145,104,Unhealthy for Sensitive Groups,2,30.0,64,0.0,1.4,130,1010.4,100,41.7,46.9,324.0,41.9,100.0,25.5
2025-12-17 12:00:00,2025,12,17,12,Đồng Nai,Phường Tam Hiệp,10.9510733,106.858145,106,Unhealthy for Sensitive Groups,2,31.0,60,0.0,2.3,39,1009.2,59,38.9,43.5,304.0,39.2,121.0,24.6
2025-12-17 13:00:00,2025,12,17,13,Đồng Nai,Phường Tam Hiệp,10.9510733,106.858145,109,Unhealthy for Sensitive Groups,2,31.3,56,0.0,3.3,41,1008.1,48,36.0,39.8,287.0,36.8,134.0,23.0
2025-12-17 14:00:00,2025,12,17,14,Đồng Nai,Phường Tam Hiệp,10.9510733,106.858145,111,Unhealthy for Sensitive Groups,2,31.8,53,0.0,3.8,25,1007.1,16,33.4,36.1,268.0,34.5,134.0,20.5
2025-12-17 15:00:00,2025,12,17,15,Đồng Nai,Phường Tam Hiệp,10.9510733,106.858145,112,Unhealthy for Sensitive Groups,2,31.8,53,0.1,6.3,13,1006.7,27,30.6,32.5,251.0,32.5,126.0,17.3
2025-12-17 16:00:00,2025,12,17,16,Đồng Nai,Phường Tam Hiệp,10.9510733,106.858145,114,Unhealthy for Sensitive Groups,2,27.7,74,0.6,14.5,118,1007.4,58,27.9,30.0,253.0,31.9,114.0,14.6
2025-12-17 17:00:00,2025,12,17,17,Đồng Nai,Phường Tam Hiệp,10.9510733,106.858145,115,Unhealthy for Sensitive Groups,2,27.0,79,0.1,5.2,59,1007.7,20,28.8,30.9,283.0,33.3,96.0,12.7
2025-12-17 18:00:00,2025,12,17,18,Đồng Nai,Phường Tam Hiệp,10.9510733,106.858145,116,Unhealthy for Sensitive Groups,2,26.6,81,0.0,3.1,69,1008.5,34,23.5,25.9,332.0,36.0,74.0,11.2
2025-12-17 19:00:00,2025,12,17,19,Đồng Nai,Phường Tam Hiệp,10.9510733,106.858145,114,Unhealthy for Sensitive Groups,2,27.0,88,0.0,3.3,139,1008.8,37,30.5,32.8,382.0,48.5,54.0,14.7
2025-12-17 20:00:00,2025,12,17,20,Đồng Nai,Phường Tam Hiệp,10.9510733,106.858145,113,Unhealthy for Sensitive Groups,2,26.9,87,0.0,4.3,147,1009.8,41,22.4,24.5,439.0,45.4,49.0,13.9
2025-12-17 21:00:00,2025,12,17,21,Đồng Nai,Phường Tam Hiệp,10.9510733,106.858145,110,Unhealthy for Sensitive Groups,2,25.6,90,0.5,10.3,31,1010.4,74,21.2,22.9,499.0,41.1,43.0,12.8
2025-12-17 22:00:00,2025,12,17,22,Đồng Nai,Phường Tam Hiệp,10.9510733,106.858145,107,Unhealthy for Sensitive Groups,2,24.4,92,0.4,8.9,42,1010.2,55,22.1,23.9,529.0,38.2,37.0,12.2
2025-12-17 23:00:00,2025,12,17,23,Đồng Nai,Phường Tam Hiệp,10.9510733,106.858145,104,Unhealthy for Sensitive Groups,2,23.9,94,0.8,5.6,50,1009.9,37,22.7,24.7,510.0,37.6,32.0,12.5
2025-12-18 00:00:00,2025,12,18,0,Đồng Nai,Phường Tam Hiệp,10.9510733,106.858145,101,Unhealthy for Sensitive Groups,2,23.6,96,1.0,2.3,29,1010.0,62,24.2,26.4,462.0,38.4,28.0,13.3
2025-12-18 01:00:00,2025,12,18,1,Đồng Nai,Phường Tam Hiệp,10.9510733,106.858145,99,Moderate,1,24.2,96,0.1,2.6,231,1008.9,48,26.5,28.8,411.0,40.6,23.0,14.7
2025-12-18 02:00:00,2025,12,18,2,Đồng Nai,Phường Tam Hiệp,10.9510733,106.858145,98,Moderate,1,23.9,99,0.0,2.4,312,1008.2,70,28.8,31.2,359.0,45.2,16.0,16.8
2025-12-18 03:00:00,2025,12,18,3,Đồng Nai,Phường Tam Hiệp,10.9510733,106.858145,97,Moderate,1,23.6,98,0.0,1.8,323,1008.3,98,32.6,35.0,304.0,51.1,8.0,19.6
2025-12-18 04:00:00,2025,12,18,4,Đồng Nai,Phường Tam Hiệp,10.9510733,106.858145,97,Moderate,1,23.5,96,0.0,2.9,317,1008.2,100,35.3,37.7,272.0,54.9,4.0,22.9
2025-12-18 05:00:00,2025,12,18,5,Đồng Nai,Phường Tam Hiệp,10.9510733,106.858145,96,Moderate,1,23.1,96,0.0,2.9,300,1008.4,100,37.5,39.9,284.0,55.0,4.0,27.9
2025-12-18 06:00:00,2025,12,18,6,Đồng Nai,Phường Tam Hiệp,10.9510733,106.858145,95,Moderate,1,23.2,96,0.0,3.8,311,1008.6,98,39.9,42.1,318.0,52.9,7.0,33.6
2025-12-18 07:00:00,2025,12,18,7,Đồng Nai,Phường Tam Hiệp,10.9510733,106.858145,95,Moderate,1,24.0,88,0.0,5.4,8,1009.4,99,41.6,43.7,335.0,41.3,16.0,23.1
2025-12-18 08:00:00,2025,12,18,8,Đồng Nai,Phường Tam Hiệp,10.9510733,106.858145,93,Moderate,1,25.2,81,0.0,4.5,16,1010.1,100,36.7,39.5,315.0,39.4,29.0,23.1
2025-12-18 09:00:00,2025,12,18,9,Đồng Nai,Phường Tam Hiệp,10.9510733,106.858145,92,Moderate,1,26.7,75,0.0,3.3,29,1010.8,100,31.2,34.5,277.0,36.6,47.0,22.9
2025-12-18 10:00:00,2025,12,18,10,Đồng Nai,Phường Tam Hiệp,10.9510733,106.858145,91,Moderate,1,28.2,70,0.0,1.9,22,1010.7,94,26.0,28.6,246.0,33.5,66.0,22.3
2025-12-18 11:00:00,2025,12,18,11,Đồng Nai,Phường Tam Hiệp,10.9510733,106.858145,90,Moderate,1,29.9,63,0.0,1.3,8,1009.9,97,22.4,23.6,230.0,29.5,84.0,20.6
2025-12-18 12:00:00,2025,12,18,12,Đồng Nai,Phường Tam Hiệp,10.9510733,106.858145,88,Moderate,1,30.8,58,0.0,2.8,18,1008.9,83,21.6,22.8,220.0,25.1,102.0,18.4
2025-12-18 13:00:00,2025,12,18,13,Đồng Nai,Phường Tam Hiệp,10.9510733,106.858145,87,Moderate,1,30.8,58,0.0,2.1,345,1007.9,27,22.3,23.5,212.0,22.4,116.0,16.8
2025-12-18 14:00:00,2025,12,18,14,Đồng Nai,Phường Tam Hiệp,10.9510733,106.858145,86,Moderate,1,31.4,55,0.0,4.3,338,1007.0,51,23.1,24.4,193.0,21.7,125.0,16.4
2025-12-18 15:00:00,2025,12,18,15,Đồng Nai,Phường Tam Hiệp,10.9510733,106.858145,85,Moderate,1,31.0,55,0.0,4.4,333,1006.5,55,24.3,25.6,176.0,22.8,129.0,16.6
2025-12-18 16:00:00,2025,12,18,16,Đồng Nai,Phường Tam Hiệp,10.9510733,106.858145,84,Moderate,1,30.7,56,0.0,4.6,351,1006.5,99,24.3,25.6,201.0,26.6,124.0,16.8
2025-12-18 17:00:00,2025,12,18,17,Đồng Nai,Phường Tam Hiệp,10.9510733,106.858145,84,Moderate,1,29.9,58,0.0,5.4,358,1006.6,100,32.1,33.3,300.0,35.8,103.0,17.1
2025-12-18 18:00:00,2025,12,18,18,Đồng Nai,Phường Tam Hiệp,10.9510733,106.858145,84,Moderate,1,28.7,69,0.0,4.0,5,1007.2,100,39.0,40.3,441.0,47.8,72.0,17.4
2025-12-18 19:00:00,2025,12,18,19,Đồng Nai,Phường Tam Hiệp,10.9510733,106.858145,85,Moderate,1,27.7,71,0.0,2.8,140,1008.2,100,42.6,43.9,560.0,58.0,55.0,21.2
2025-12-18 20:00:00,2025,12,18,20,Đồng Nai,Phường Tam Hiệp,10.9510733,106.858145,87,Moderate,1,26.9,79,0.2,6.1,166,1009.1,85,36.2,38.2,648.0,54.7,51.0,19.7
2025-12-18 21:00:00,2025,12,18,21,Đồng Nai,Phường Tam Hiệp,10.9510733,106.858145,88,Moderate,1,26.2,86,0.0,6.7,194,1009.3,73,33.5,36.0,714.0,50.1,45.0,17.7
2025-12-18 22:00:00,2025,12,18,22,Đồng Nai,Phường Tam Hiệp,10.9510733,106.858145,89,Moderate,1,26.0,87,0.0,4.4,189,1009.0,27,32.1,34.6,729.0,47.1,39.0,15.8
2025-12-18 23:00:00,2025,12,18,23,Đồng Nai,Phường Tam Hiệp,10.9510733,106.858145,90,Moderate,1,25.8,90,0.0,1.0,211,1008.5,80,31.3,33.9,657.0,47.0,33.0,13.9
2025-12-19 00:00:00,2025,12,19,0,Đồng Nai,Phường Tam Hiệp,10.9510733,106.858145,91,Moderate,1,25.2,92,0.0,2.0,45,1008.4,67,29.2,31.8,534.0,48.5,27.0,12.1
2025-12-19 01:00:00,2025,12,19,1,Đồng Nai,Phường Tam Hiệp,10.9510733,106.858145,91,Moderate,1,24.6,95,0.0,6.9,17,1007.7,87,29.3,31.9,436.0,50.3,21.0,12.0
2025-12-19 02:00:00,2025,12,19,2,Đồng Nai,Phường Tam Hiệp,10.9510733,106.858145,91,Moderate,1,24.4,96,0.0,5.9,11,1007.2,99,32.4,34.9,398.0,52.5,16.0,14.8
2025-12-19 03:00:00,2025,12,19,3,Đồng Nai,Phường Tam Hiệp,10.9510733,106.858145,92,Moderate,1,24.0,94,0.0,7.6,1,1006.7,97,33.6,36.1,384.0,55.0,11.0,19.4
2025-12-19 04:00:00,2025,12,19,4,Đồng Nai,Phường Tam Hiệp,10.9510733,106.858145,92,Moderate,1,23.4,87,0.0,9.4,3,1006.6,59,35.5,37.7,371.0,55.9,9.0,23.1
2025-12-19 05:00:00,2025,12,19,5,Đồng Nai,Phường Tam Hiệp,10.9510733,106.858145,92,Moderate,1,23.0,83,0.0,9.8,6,1007.0,88,36.9,39.0,348.0,53.7,9.0,25.2
2025-12-19 06:00:00,2025,12,19,6,Đồng Nai,Phường Tam Hiệp,10.9510733,106.858145,92,Moderate,1,22.8,83,0.0,9.6,12,1007.3,90,38.1,39.6,324.0,49.9,10.0,26.5
2025-12-19 07:00:00,2025,12,19,7,Đồng Nai,Phường Tam Hiệp,10.9510733,106.858145,91,Moderate,1,23.8,83,0.0,6.9,30,1007.6,71,46.3,47.5,303.0,56.9,16.0,22.8
2025-12-19 08:00:00,2025,12,19,8,Đồng Nai,Phường Tam Hiệp,10.9510733,106.858145,92,Moderate,1,25.8,76,0.0,4.9,54,1008.5,70,38.6,39.1,286.0,54.6,32.0,24.6
2025-12-19 09:00:00,2025,12,19,9,Đồng Nai,Phường Tam Hiệp,10.9510733,106.858145,92,Moderate,1,27.7,69,0.0,2.7,42,1008.8,74,31.3,32.1,273.0,51.1,55.0,27.0
2025-12-19 10:00:00,2025,12,19,10,Đồng Nai,Phường Tam Hiệp,10.9510733,106.858145,92,Moderate,1,29.4,63,0.0,0.9,143,1008.7,6,26.8,28.0,263.0,46.6,76.0,27.5
2025-12-19 11:00:00,2025,12,19,11,Đồng Nai,Phường Tam Hiệp,10.9510733,106.858145,92,Moderate,1,30.6,58,0.0,3.0,232,1008.7,88,21.3,22.0,261.0,39.8,92.0,24.4
2025-12-19 12:00:00,2025,12,19,12,Đồng Nai,Phường Tam Hiệp,10.9510733,106.858145,92,Moderate,1,31.6,53,0.0,2.4,287,1007.6,92,19.0,19.6,262.0,31.9,106.0,19.5
2025-12-19 13:00:00,2025,12,19,13,Đồng Nai,Phường Tam Hiệp,10.9510733,106.858145,92,Moderate,1,31.6,50,0.0,2.2,270,1006.4,96,18.9,19.4,257.0,26.8,116.0,16.0
2025-12-19 14:00:00,2025,12,19,14,Đồng Nai,Phường Tam Hiệp,10.9510733,106.858145,91,Moderate,1,32.5,47,0.0,2.0,5,1005.2,99,20.7,21.3,229.0,26.3,124.0,15.5
2025-12-19 15:00:00,2025,12,19,15,Đồng Nai,Phường Tam Hiệp,10.9510733,106.858145,91,Moderate,1,32.2,47,0.0,3.2,357,1005.0,98,23.4,24.0,194.0,28.6,129.0,16.4
2025-12-19 16:00:00,2025,12,19,16,Đồng Nai,Phường Tam Hiệp,10.9510733,106.858145,91,Moderate,1,31.9,49,0.0,4.3,327,1004.9,100,22.9,23.5,190.0,32.1,125.0,17.1
2025-12-19 17:00:00,2025,12,19,17,Đồng Nai,Phường Tam Hiệp,10.9510733,106.858145,91,Moderate,1,30.6,53,0.0,5.1,148,1005.6,98,22.4,23.0,244.0,36.9,106.0,16.9
2025-12-19 18:00:00,2025,12,19,18,Đồng Nai,Phường Tam Hiệp,10.9510733,106.858145,90,Moderate,1,27.7,75,0.1,12.8,161,1006.2,84,24.0,25.1,328.0,42.9,77.0,16.6
2025-12-19 19:00:00,2025,12,19,19,Đồng Nai,Phường Tam Hiệp,10.9510733,106.858145,89,Moderate,1,27.4,78,0.1,10.4,165,1006.9,98,26.9,29.0,395.0,42.6,55.0,14.1
2025-12-19 20:00:00,2025,12,19,20,Đồng Nai,Phường Tam Hiệp,10.9510733,106.858145,87,Moderate,1,27.0,80,0.0,7.1,174,1007.4,99,24.6,26.5,426.0,44.9,49.0,15.5
2025-12-19 21:00:00,2025,12,19,21,Đồng Nai,Phường Tam Hiệp,10.9510733,106.858145,86,Moderate,1,26.6,84,0.0,6.7,156,1007.5,100,29.0,31.0,441.0,48.4,41.0,17.4
2025-12-19 22:00:00,2025,12,19,22,Đồng Nai,Phường Tam Hiệp,10.9510733,106.858145,86,Moderate,1,26.2,88,0.0,2.5,240,1007.5,100,34.5,36.8,450.0,53.0,33.0,19.5
2025-12-19 23:00:00,2025,12,19,23,Đồng Nai,Phường Tam Hiệp,10.9510733,106.858145,86,Moderate,1,26.0,91,0.0,2.9,277,1007.3,99,41.2,43.7,451.0,59.8,24.0,21.7
2025-12-20 00:00:00,2025,12,20,0,Đồng Nai,Phường Tam Hiệp,10.9510733,106.858145,87,Moderate,1,25.6,92,0.0,1.8,246,1007.2,96,46.3,48.9,445.0,67.8,15.0,24.1
2025-12-20 01:00:00,2025,12,20,1,Đồng Nai,Phường Tam Hiệp,10.9510733,106.858145,89,Moderate,1,25.4,94,0.0,1.1,198,1007.0,91,51.3,54.0,452.0,73.3,8.0,26.0
2025-12-20 02:00:00,2025,12,20,2,Đồng Nai,Phường Tam Hiệp,10.9510733,106.858145,91,Moderate,1,25.2,95,0.0,0.4,333,1006.5,72,55.4,57.3,483.0,74.7,4.0,26.6
2025-12-20 03:00:00,2025,12,20,3,Đồng Nai,Phường Tam Hiệp,10.9510733,106.858145,93,Moderate,1,24.9,96,0.0,2.1,329,1006.1,84,58.4,59.6,526.0,73.7,3.0,26.7
2025-12-20 04:00:00,2025,12,20,4,Đồng Nai,Phường Tam Hiệp,10.9510733,106.858145,95,Moderate,1,24.6,98,0.0,3.9,317,1006.2,62,66.1,66.8,562.0,72.0,3.0,28.5
2025-12-20 05:00:00,2025,12,20,5,Đồng Nai,Phường Tam Hiệp,10.9510733,106.858145,98,Moderate,1,24.4,98,0.0,3.9,286,1006.6,69,66.4,67.1,591.0,70.4,3.0,34.1
2025-12-20 06:00:00,2025,12,20,6,Đồng Nai,Phường Tam Hiệp,10.9510733,106.858145,100,Moderate,1,24.1,98,0.0,3.6,279,1007.1,89,67.5,68.2,612.0,68.0,4.0,41.3
2025-12-20 07:00:00,2025,12,20,7,Đồng Nai,Phường Tam Hiệp,10.9510733,106.858145,103,Unhealthy for Sensitive Groups,2,24.9,93,0.0,4.3,287,1007.7,83,104.3,107.6,607.0,68.4,13.0,32.2
2025-12-20 08:00:00,2025,12,20,8,Đồng Nai,Phường Tam Hiệp,10.9510733,106.858145,109,Unhealthy for Sensitive Groups,2,26.4,84,0.0,3.1,291,1008.6,100,86.4,88.7,557.0,61.4,32.0,33.5
2025-12-20 09:00:00,2025,12,20,9,Đồng Nai,Phường Tam Hiệp,10.9510733,106.858145,114,Unhealthy for Sensitive Groups,2,27.9,75,0.0,2.3,309,1008.8,100,68.2,70.5,480.0,51.6,60.0,35.0
2025-12-20 10:00:00,2025,12,20,10,Đồng Nai,Phường Tam Hiệp,10.9510733,106.858145,118,Unhealthy for Sensitive Groups,2,29.4,67,0.1,2.7,340,1008.4,92,58.0,60.3,409.0,42.4,84.0,34.3
2025-12-20 11:00:00,2025,12,20,11,Đồng Nai,Phường Tam Hiệp,10.9510733,106.858145,121,Unhealthy for Sensitive Groups,2,30.5,61,0.1,4.3,355,1008.0,94,48.9,51.1,355.0,34.5,102.0,29.3
2025-12-20 12:00:00,2025,12,20,12,Đồng Nai,Phường Tam Hiệp,10.9510733,106.858145,124,Unhealthy for Sensitive Groups,2,31.4,57,0.1,5.8,360,1006.9,100,42.0,44.2,308.0,27.3,116.0,22.2
2025-12-20 13:00:00,2025,12,20,13,Đồng Nai,Phường Tam Hiệp,10.9510733,106.858145,127,Unhealthy for Sensitive Groups,2,31.4,55,0.0,5.7,351,1005.8,100,37.6,39.8,271.0,22.7,126.0,16.8
2025-12-20 14:00:00,2025,12,20,14,Đồng Nai,Phường Tam Hiệp,10.9510733,106.858145,129,Unhealthy for Sensitive Groups,2,32.2,52,0.0,6.2,7,1004.9,98,36.4,38.5,243.0,21.7,130.0,14.8
2025-12-20 15:00:00,2025,12,20,15,Đồng Nai,Phường Tam Hiệp,10.9510733,106.858145,130,Unhealthy for Sensitive Groups,2,32.0,52,0.0,7.4,18,1004.5,100,34.1,36.0,225.0,23.4,128.0,14.6
2025-12-20 16:00:00,2025,12,20,16,Đồng Nai,Phường Tam Hiệp,10.9510733,106.858145,131,Unhealthy for Sensitive Groups,2,31.5,53,0.0,7.2,25,1004.4,100,35.0,36.9,225.0,26.5,122.0,14.7
2025-12-20 17:00:00,2025,12,20,17,Đồng Nai,Phường Tam Hiệp,10.9510733,106.858145,133,Unhealthy for Sensitive Groups,2,31.0,54,0.0,5.6,86,1004.8,100,35.9,37.6,248.0,31.8,109.0,15.0
2025-12-20 18:00:00,2025,12,20,18,Đồng Nai,Phường Tam Hiệp,10.9510733,106.858145,134,Unhealthy for Sensitive Groups,2,28.8,69,0.0,13.0,142,1005.7,100,37.7,39.2,288.0,38.6,91.0,15.7
2025-12-20 19:00:00,2025,12,20,19,Đồng Nai,Phường Tam Hiệp,10.9510733,106.858145,135,Unhealthy for Sensitive Groups,2,27.9,79,0.0,12.7,149,1006.1,100,43.2,45.6,334.0,48.9,72.0,17.1
2025-12-20 20:00:00,2025,12,20,20,Đồng Nai,Phường Tam Hiệp,10.9510733,106.858145,137,Unhealthy for Sensitive Groups,2,27.4,85,0.0,8.9,189,1007.2,100,35.0,38.1,390.0,45.5,68.0,16.2
2025-12-20 21:00:00,2025,12,20,21,Đồng Nai,Phường Tam Hiệp,10.9510733,106.858145,138,Unhealthy for Sensitive Groups,2,27.0,86,0.0,8.7,150,1007.5,100,29.8,32.6,451.0,41.0,62.0,15.0
2025-12-20 22:00:00,2025,12,20,22,Đồng Nai,Phường Tam Hiệp,10.9510733,106.858145,138,Unhealthy for Sensitive Groups,2,26.4,89,0.0,4.2,130,1007.5,100,29.8,32.6,494.0,39.4,55.0,14.7
2025-12-20 23:00:00,2025,12,20,23,Đồng Nai,Phường Tam Hiệp,10.9510733,106.858145,138,Unhealthy for Sensitive Groups,2,26.0,90,0.0,3.3,144,1007.5,100,33.6,36.8,505.0,43.5,47.0,16.0
2025-12-21 00:00:00,2025,12,21,0,Đồng Nai,Phường Tam Hiệp,10.9510733,106.858145,137,Unhealthy for Sensitive Groups,2,25.6,91,0.0,2.3,135,1007.8,100,34.7,38.3,499.0,50.5,38.0,18.3
2025-12-21 01:00:00,2025,12,21,1,Đồng Nai,Phường Tam Hiệp,10.9510733,106.858145,136,Unhealthy for Sensitive Groups,2,25.3,93,0.0,0.7,284,1007.4,98,39.1,43.0,491.0,56.3,29.0,20.5
2025-12-21 02:00:00,2025,12,21,2,Đồng Nai,Phường Tam Hiệp,10.9510733,106.858145,135,Unhealthy for Sensitive Groups,2,25.2,94,0.0,5.7,298,1006.9,99,45.3,49.1,495.0,60.1,20.0,22.6
2025-12-21 03:00:00,2025,12,21,3,Đồng Nai,Phường Tam Hiệp,10.9510733,106.858145,133,Unhealthy for Sensitive Groups,2,24.6,98,0.0,7.1,311,1006.4,97,45.3,48.9,499.0,62.8,12.0,24.8
2025-12-21 04:00:00,2025,12,21,4,Đồng Nai,Phường Tam Hiệp,10.9510733,106.858145,132,Unhealthy for Sensitive Groups,2,24.2,94,0.0,5.2,333,1006.1,84,40.6,43.4,478.0,62.6,7.0,26.3
2025-12-21 05:00:00,2025,12,21,5,Đồng Nai,Phường Tam Hiệp,10.9510733,106.858145,129,Unhealthy for Sensitive Groups,2,23.9,88,0.0,6.0,357,1006.2,52,35.7,37.8,408.0,58.1,6.0,27.3
2025-12-21 06:00:00,2025,12,21,6,Đồng Nai,Phường Tam Hiệp,10.9510733,106.858145,126,Unhealthy for Sensitive Groups,2,23.6,83,0.0,7.2,6,1006.8,0,34.2,36.0,313.0,50.8,9.0,27.6
2025-12-21 07:00:00,2025,12,21,7,Đồng Nai,Phường Tam Hiệp,10.9510733,106.858145,123,Unhealthy for Sensitive Groups,2,24.5,82,0.0,6.4,349,1008.0,99,47.4,49.9,247.0,57.6,17.0,34.3
2025-12-21 08:00:00,2025,12,21,8,Đồng Nai,Phường Tam Hiệp,10.9510733,106.858145,117,Unhealthy for Sensitive Groups,2,26.5,72,0.0,6.3,15,1008.8,97,43.3,45.9,237.0,54.4,30.0,33.0
2025-12-21 09:00:00,2025,12,21,9,Đồng Nai,Phường Tam Hiệp,10.9510733,106.858145,112,Unhealthy for Sensitive Groups,2,28.1,67,0.0,5.3,28,1009.0,91,37.0,39.0,254.0,49.7,48.0,31.0
2025-12-21 10:00:00,2025,12,21,10,Đồng Nai,Phường Tam Hiệp,10.9510733,106.858145,109,Unhealthy for Sensitive Groups,2,29.8,63,0.0,3.1,54,1008.8,91,31.7,33.5,271.0,44.8,66.0,28.5
2025-12-21 11:00:00,2025,12,21,11,Đồng Nai,Phường Tam Hiệp,10.9510733,106.858145,106,Unhealthy for Sensitive Groups,2,31.1,58,0.0,2.9,101,1008.3,91,27.6,28.6,275.0,39.2,84.0,24.8
2025-12-21 12:00:00,2025,12,21,12,Đồng Nai,Phường Tam Hiệp,10.9510733,106.858145,104,Unhealthy for Sensitive Groups,2,32.3,54,0.0,1.7,103,1007.2,95,26.8,27.7,279.0,33.2,102.0,20.6
2025-12-21 13:00:00,2025,12,21,13,Đồng Nai,Phường Tam Hiệp,10.9510733,106.858145,103,Unhealthy for Sensitive Groups,2,31.9,53,0.0,1.8,101,1006.5,77,25.3,26.3,284.0,29.4,114.0,17.3
2025-12-21 14:00:00,2025,12,21,14,Đồng Nai,Phường Tam Hiệp,10.9510733,106.858145,101,Unhealthy for Sensitive Groups,2,33.0,50,0.0,2.6,65,1005.5,38,25.3,26.3,288.0,29.1,119.0,16.1
2025-12-21 15:00:00,2025,12,21,15,Đồng Nai,Phường Tam Hiệp,10.9510733,106.858145,100,Moderate,1,32.5,51,0.0,4.3,24,1004.9,39,26.0,27.0,295.0,31.0,119.0,15.8
2025-12-21 16:00:00,2025,12,21,16,Đồng Nai,Phường Tam Hiệp,10.9510733,106.858145,99,Moderate,1,27.9,74,0.2,17.1,115,1005.9,77,25.7,26.7,316.0,33.0,112.0,15.3
2025-12-21 17:00:00,2025,12,21,17,Đồng Nai,Phường Tam Hiệp,10.9510733,106.858145,99,Moderate,1,27.6,73,0.1,5.6,84,1005.8,90,29.5,30.4,360.0,33.6,96.0,13.1
2025-12-21 18:00:00,2025,12,21,18,Đồng Nai,Phường Tam Hiệp,10.9510733,106.858145,98,Moderate,1,27.0,77,0.0,4.6,99,1006.4,99,27.0,27.6,418.0,34.5,73.0,10.5
2025-12-21 19:00:00,2025,12,21,19,Đồng Nai,Phường Tam Hiệp,10.9510733,106.858145,97,Moderate,1,28.0,79,0.0,2.9,210,1007.1,97,42.4,43.8,481.0,56.7,60.0,19.5
2025-12-21 20:00:00,2025,12,21,20,Đồng Nai,Phường Tam Hiệp,10.9510733,106.858145,97,Moderate,1,27.8,83,0.0,2.4,207,1007.6,95,35.2,36.4,536.0,54.7,55.0,19.0
2025-12-21 21:00:00,2025,12,21,21,Đồng Nai,Phường Tam Hiệp,10.9510733,106.858145,97,Moderate,1,27.3,86,0.0,4.0,201,1007.7,98,34.5,35.7,596.0,52.1,47.0,18.2
2025-12-21 22:00:00,2025,12,21,22,Đồng Nai,Phường Tam Hiệp,10.9510733,106.858145,97,Moderate,1,26.9,85,0.0,5.9,235,1007.7,98,36.3,38.2,687.0,51.2,40.0,17.9
2025-12-21 23:00:00,2025,12,21,23,Đồng Nai,Phường Tam Hiệp,10.9510733,106.858145,98,Moderate,1,26.5,84,0.2,7.6,266,1008.0,99,39.0,41.9,864.0,53.5,33.0,18.0
2025-12-22 00:00:00,2025,12,22,0,Đồng Nai,Phường Tam Hiệp,10.9510733,106.858145,98,Moderate,1,26.1,85,0.1,6.9,253,1007.9,98,40.4,43.7,1072.0,57.4,27.0,18.5
2025-12-22 01:00:00,2025,12,22,1,Đồng Nai,Phường Tam Hiệp,10.9510733,106.858145,99,Moderate,1,26.0,87,0.0,5.5,251,1007.5,95,42.6,46.0,1178.0,61.3,20.0,19.7
2025-12-22 02:00:00,2025,12,22,2,Đồng Nai,Phường Tam Hiệp,10.9510733,106.858145,99,Moderate,1,25.9,88,0.0,6.5,256,1007.2,95,48.0,51.5,1091.0,65.1,13.0,21.9
2025-12-22 03:00:00,2025,12,22,3,Đồng Nai,Phường Tam Hiệp,10.9510733,106.858145,100,Moderate,1,25.4,91,0.0,4.6,301,1006.8,96,48.1,51.3,902.0,68.8,6.0,24.8
2025-12-22 04:00:00,2025,12,22,4,Đồng Nai,Phường Tam Hiệp,10.9510733,106.858145,100,Moderate,1,24.9,92,0.0,4.7,313,1006.9,99,47.8,50.8,748.0,70.2,2.0,28.3
2025-12-22 05:00:00,2025,12,22,5,Đồng Nai,Phường Tam Hiệp,10.9510733,106.858145,100,Moderate,1,24.5,92,0.0,5.3,288,1007.3,100,47.0,49.4,693.0,68.4,3.0,33.4
2025-12-22 06:00:00,2025,12,22,6,Đồng Nai,Phường Tam Hiệp,10.9510733,106.858145,102,Unhealthy for Sensitive Groups,2,24.2,93,0.0,4.1,270,1007.7,98,46.1,48.2,672.0,64.4,7.0,39.1
2025-12-22 07:00:00,2025,12,22,7,Đồng Nai,Phường Tam Hiệp,10.9510733,106.858145,103,Unhealthy for Sensitive Groups,2,25.1,90,0.0,3.3,331,1008.3,100,79.4,81.0,629.0,65.1,11.0,40.0
2025-12-22 08:00:00,2025,12,22,8,Đồng Nai,Phường Tam Hiệp,10.9510733,106.858145,106,Unhealthy for Sensitive Groups,2,26.8,82,0.0,2.9,11,1009.2,100,65.9,67.3,532.0,58.9,29.0,38.9
2025-12-22 09:00:00,2025,12,22,9,Đồng Nai,Phường Tam Hiệp,10.9510733,106.858145,109,Unhealthy for Sensitive Groups,2,28.5,73,0.0,4.4,19,1009.4,95,49.6,51.0,414.0,50.2,54.0,37.1
2025-12-22 10:00:00,2025,12,22,10,Đồng Nai,Phường Tam Hiệp,10.9510733,106.858145,110,Unhealthy for Sensitive Groups,2,30.1,64,0.1,4.8,13,1009.1,92,40.4,41.8,314.0,42.2,76.0,34.3
2025-12-22 11:00:00,2025,12,22,11,Đồng Nai,Phường Tam Hiệp,10.9510733,106.858145,111,Unhealthy for Sensitive Groups,2,31.1,58,0.1,6.7,19,1008.5,98,35.6,37.0,247.0,35.3,92.0,29.4
2025-12-22 12:00:00,2025,12,22,12,Đồng Nai,Phường Tam Hiệp,10.9510733,106.858145,112,Unhealthy for Sensitive Groups,2,32.0,55,0.0,7.7,16,1007.1,96,31.5,33.1,198.0,29.1,104.0,23.5
2025-12-22 13:00:00,2025,12,22,13,Đồng Nai,Phường Tam Hiệp,10.9510733,106.858145,112,Unhealthy for Sensitive Groups,2,31.8,54,0.0,7.0,18,1006.2,98,27.9,29.6,165.0,25.2,112.0,18.7
2025-12-22 14:00:00,2025,12,22,14,Đồng Nai,Phường Tam Hiệp,10.9510733,106.858145,112,Unhealthy for Sensitive Groups,2,32.5,49,0.0,6.3,5,1005.0,98,25.7,27.4,146.0,24.3,113.0,16.1
2025-12-22 15:00:00,2025,12,22,15,Đồng Nai,Phường Tam Hiệp,10.9510733,106.858145,112,Unhealthy for Sensitive Groups,2,32.8,47,0.0,6.0,10,1004.4,91,24.2,25.7,143.0,25.6,110.0,14.7
2025-12-22 16:00:00,2025,12,22,16,Đồng Nai,Phường Tam Hiệp,10.9510733,106.858145,112,Unhealthy for Sensitive Groups,2,32.3,48,0.0,6.2,54,1004.3,83,27.1,28.8,162.0,28.7,102.0,14.1
2025-12-22 17:00:00,2025,12,22,17,Đồng Nai,Phường Tam Hiệp,10.9510733,106.858145,112,Unhealthy for Sensitive Groups,2,31.6,50,0.0,6.0,87,1005.0,88,29.2,30.7,213.0,33.9,88.0,14.2
2025-12-22 18:00:00,2025,12,22,18,Đồng Nai,Phường Tam Hiệp,10.9510733,106.858145,112,Unhealthy for Sensitive Groups,2,29.0,66,0.0,14.1,129,1005.9,89,30.2,31.7,286.0,40.9,71.0,15.1
2025-12-22 19:00:00,2025,12,22,19,Đồng Nai,Phường Tam Hiệp,10.9510733,106.858145,113,Unhealthy for Sensitive Groups,2,27.5,80,0.1,2.2,180,1006.4,95,33.8,36.9,352.0,45.6,53.0,16.4
2025-12-22 20:00:00,2025,12,22,20,Đồng Nai,Phường Tam Hiệp,10.9510733,106.858145,112,Unhealthy for Sensitive Groups,2,27.4,82,0.0,6.1,161,1007.0,87,31.1,33.4,410.0,47.7,45.0,17.2
2025-12-22 21:00:00,2025,12,22,21,Đồng Nai,Phường Tam Hiệp,10.9510733,106.858145,111,Unhealthy for Sensitive Groups,2,27.1,85,0.0,5.4,178,1007.1,96,31.2,33.5,461.0,50.8,33.0,18.4
2025-12-22 22:00:00,2025,12,22,22,Đồng Nai,Phường Tam Hiệp,10.9510733,106.858145,111,Unhealthy for Sensitive Groups,2,27.0,86,0.0,3.4,223,1007.0,97,35.5,38.1,487.0,54.7,23.0,19.8
2025-12-22 23:00:00,2025,12,22,23,Đồng Nai,Phường Tam Hiệp,10.9510733,106.858145,111,Unhealthy for Sensitive Groups,2,26.6,88,0.0,4.6,281,1006.8,100,41.4,44.2,474.0,60.0,15.0,20.9
2025-12-23 00:00:00,2025,12,23,0,Đồng Nai,Phường Tam Hiệp,10.9510733,106.858145,111,Unhealthy for Sensitive Groups,2,26.0,90,0.0,7.5,294,1007.0,100,44.1,47.0,436.0,66.1,7.0,22.1
2025-12-23 01:00:00,2025,12,23,1,Đồng Nai,Phường Tam Hiệp,10.9510733,106.858145,112,Unhealthy for Sensitive Groups,2,25.8,90,0.0,8.0,297,1006.5,100,45.9,48.8,391.0,70.4,2.0,24.6
2025-12-23 02:00:00,2025,12,23,2,Đồng Nai,Phường Tam Hiệp,10.9510733,106.858145,112,Unhealthy for Sensitive Groups,2,25.6,88,0.0,6.2,285,1006.0,100,50.2,53.2,333.0,72.0,0.0,29.4
2025-12-23 03:00:00,2025,12,23,3,Đồng Nai,Phường Tam Hiệp,10.9510733,106.858145,112,Unhealthy for Sensitive Groups,2,25.4,89,0.0,6.7,297,1005.7,100,55.4,58.4,268.0,71.9,0.0,35.5
2025-12-23 04:00:00,2025,12,23,4,Đồng Nai,Phường Tam Hiệp,10.9510733,106.858145,113,Unhealthy for Sensitive Groups,2,25.1,92,0.0,6.8,299,1005.9,100,54.9,58.0,231.0,70.5,2.0,40.3
2025-12-23 05:00:00,2025,12,23,5,Đồng Nai,Phường Tam Hiệp,10.9510733,106.858145,114,Unhealthy for Sensitive Groups,2,25.0,93,0.0,6.9,303,1006.3,99,54.4,56.9,251.0,67.9,3.0,43.4
2025-12-23 06:00:00,2025,12,23,6,Đồng Nai,Phường Tam Hiệp,10.9510733,106.858145,114,Unhealthy for Sensitive Groups,2,24.6,94,0.0,5.5,311,1006.7,100,54.6,56.9,300.0,63.9,5.0,45.2
2025-12-23 07:00:00,2025,12,23,7,Đồng Nai,Phường Tam Hiệp,10.9510733,106.858145,115,Unhealthy for Sensitive Groups,2,24.9,91,0.0,3.2,326,1007.6,100,62.9,65.9,329.0,62.5,12.0,46.3
2025-12-23 08:00:00,2025,12,23,8,Đồng Nai,Phường Tam Hiệp,10.9510733,106.858145,114,Unhealthy for Sensitive Groups,2,26.5,81,0.0,2.4,343,1008.4,94,56.3,59.6,314.0,57.6,27.0,45.8
2025-12-23 09:00:00,2025,12,23,9,Đồng Nai,Phường Tam Hiệp,10.9510733,106.858145,113,Unhealthy for Sensitive Groups,2,28.2,71,0.0,2.0,350,1008.8,100,46.1,50.2,279.0,50.5,50.0,45.0
2025-12-23 10:00:00,2025,12,23,10,Đồng Nai,Phường Tam Hiệp,10.9510733,106.858145,112,Unhealthy for Sensitive Groups,2,29.9,64,0.0,2.7,323,1008.7,94,40.6,42.5,252.0,43.5,75.0,43.0
2025-12-23 11:00:00,2025,12,23,11,Đồng Nai,Phường Tam Hiệp,10.9510733,106.858145,112,Unhealthy for Sensitive Groups,2,31.3,58,0.0,3.2,304,1008.1,98,38.2,39.5,247.0,36.4,106.0,39.1
2025-12-23 12:00:00,2025,12,23,12,Đồng Nai,Phường Tam Hiệp,10.9510733,106.858145,113,Unhealthy for Sensitive Groups,2,32.5,51,0.0,0.9,349,1007.2,86,37.6,38.9,249.0,29.3,140.0,34.0
2025-12-23 13:00:00,2025,12,23,13,Đồng Nai,Phường Tam Hiệp,10.9510733,106.858145,113,Unhealthy for Sensitive Groups,2,32.1,49,0.0,1.5,7,1006.0,46,38.3,39.6,250.0,24.8,161.0,29.4
2025-12-23 14:00:00,2025,12,23,14,Đồng Nai,Phường Tam Hiệp,10.9510733,106.858145,114,Unhealthy for Sensitive Groups,2,33.2,45,0.0,4.1,29,1005.1,40,39.6,40.9,234.0,24.2,162.0,25.8
2025-12-23 15:00:00,2025,12,23,15,Đồng Nai,Phường Tam Hiệp,10.9510733,106.858145,116,Unhealthy for Sensitive Groups,2,33.3,44,0.0,6.3,35,1004.9,59,41.0,42.4,215.0,26.3,149.0,22.8
2025-12-23 16:00:00,2025,12,23,16,Đồng Nai,Phường Tam Hiệp,10.9510733,106.858145,117,Unhealthy for Sensitive Groups,2,31.4,51,0.0,7.7,120,1005.1,66,35.0,36.1,227.0,29.8,132.0,20.6
2025-12-23 17:00:00,2025,12,23,17,Đồng Nai,Phường Tam Hiệp,10.9510733,106.858145,118,Unhealthy for Sensitive Groups,2,28.6,73,0.0,11.1,153,1005.9,99,29.5,30.6,297.0,34.9,109.0,19.2
2025-12-23 18:00:00,2025,12,23,18,Đồng Nai,Phường Tam Hiệp,10.9510733,106.858145,118,Unhealthy for Sensitive Groups,2,27.1,80,0.2,7.6,142,1006.7,80,28.5,30.2,396.0,41.5,81.0,18.5
2025-12-23 19:00:00,2025,12,23,19,Đồng Nai,Phường Tam Hiệp,10.9510733,106.858145,118,Unhealthy for Sensitive Groups,2,27.5,82,0.1,9.5,153,1007.0,87,25.3,26.2,474.0,33.4,87.0,16.8
2025-12-23 20:00:00,2025,12,23,20,Đồng Nai,Phường Tam Hiệp,10.9510733,106.858145,117,Unhealthy for Sensitive Groups,2,27.5,82,0.0,7.5,156,1007.5,93,24.3,25.0,509.0,36.5,76.0,17.2
2025-12-23 21:00:00,2025,12,23,21,Đồng Nai,Phường Tam Hiệp,10.9510733,106.858145,117,Unhealthy for Sensitive Groups,2,27.4,81,0.0,4.7,184,1007.6,100,25.0,26.0,521.0,40.9,60.0,17.8
2025-12-23 22:00:00,2025,12,23,22,Đồng Nai,Phường Tam Hiệp,10.9510733,106.858145,116,Unhealthy for Sensitive Groups,2,27.2,81,0.0,1.5,256,1007.3,100,30.0,32.2,522.0,45.6,47.0,18.7
2025-12-23 23:00:00,2025,12,23,23,Đồng Nai,Phường Tam Hiệp,10.9510733,106.858145,115,Unhealthy for Sensitive Groups,2,26.8,84,0.0,2.9,330,1007.0,100,35.0,37.5,515.0,50.6,38.0,19.9
2025-12-24 00:00:00,2025,12,24,0,Đồng Nai,Phường Tam Hiệp,10.9510733,106.858145,115,Unhealthy for Sensitive Groups,2,26.4,88,0.0,4.1,331,1006.9,100,36.6,39.2,496.0,55.9,31.0,21.4
2025-12-24 01:00:00,2025,12,24,1,Đồng Nai,Phường Tam Hiệp,10.9510733,106.858145,114,Unhealthy for Sensitive Groups,2,25.9,93,0.0,5.9,337,1006.3,100,40.0,43.0,463.0,60.6,25.0,22.9
2025-12-24 02:00:00,2025,12,24,2,Đồng Nai,Phường Tam Hiệp,10.9510733,106.858145,113,Unhealthy for Sensitive Groups,2,25.5,94,0.0,6.4,328,1005.6,100,45.9,48.9,402.0,65.0,17.0,24.5
2025-12-24 03:00:00,2025,12,24,3,Đồng Nai,Phường Tam Hiệp,10.9510733,106.858145,113,Unhealthy for Sensitive Groups,2,25.2,96,0.0,6.0,323,1005.4,100,50.9,54.0,328.0,68.8,10.0,26.2
2025-12-24 04:00:00,2025,12,24,4,Đồng Nai,Phường Tam Hiệp,10.9510733,106.858145,112,Unhealthy for Sensitive Groups,2,25.1,96,0.0,5.5,322,1005.5,100,50.9,53.9,281.0,70.0,6.0,27.6
2025-12-24 05:00:00,2025,12,24,5,Đồng Nai,Phường Tam Hiệp,10.9510733,106.858145,112,Unhealthy for Sensitive Groups,2,25.0,94,0.0,6.3,340,1005.9,100,45.1,47.7,289.0,67.5,6.0,29.2
2025-12-24 06:00:00,2025,12,24,6,Đồng Nai,Phường Tam Hiệp,10.9510733,106.858145,111,Unhealthy for Sensitive Groups,2,24.6,88,0.0,5.8,7,1006.2,99,43.9,45.6,325.0,62.5,8.0,30.6
2025-12-24 07:00:00,2025,12,24,7,Đồng Nai,Phường Tam Hiệp,10.9510733,106.858145,110,Unhealthy for Sensitive Groups,2,25.4,82,0.0,4.9,2,1007.0,90,47.3,48.1,349.0,57.4,16.0,31.5
2025-12-24 08:00:00,2025,12,24,8,Đồng Nai,Phường Tam Hiệp,10.9510733,106.858145,108,Unhealthy for Sensitive Groups,2,27.0,67,0.0,4.4,19,1008.1,100,33.6,33.9,343.0,51.4,34.0,27.5
2025-12-24 09:00:00,2025,12,24,9,Đồng Nai,Phường Tam Hiệp,10.9510733,106.858145,106,Unhealthy for Sensitive Groups,2,28.8,61,0.0,1.9,56,1008.0,95,24.6,24.8,325.0,43.0,59.0,21.9
2025-12-24 10:00:00,2025,12,24,10,Đồng Nai,Phường Tam Hiệp,10.9510733,106.858145,104,Unhealthy for Sensitive Groups,2,30.4,56,0.0,2.3,122,1007.8,89,19.7,20.1,309.0,35.5,82.0,17.2
2025-12-24 11:00:00,2025,12,24,11,Đồng Nai,Phường Tam Hiệp,10.9510733,106.858145,101,Unhealthy for Sensitive Groups,2,31.7,54,0.0,4.1,146,1007.3,59,16.9,17.3,301.0,29.6,101.0,14.5
2025-12-24 12:00:00,2025,12,24,12,Đồng Nai,Phường Tam Hiệp,10.9510733,106.858145,99,Moderate,1,32.8,50,0.1,7.5,125,1006.4,66,16.2,16.9,295.0,24.7,117.0,12.7
2025-12-24 13:00:00,2025,12,24,13,Đồng Nai,Phường Tam Hiệp,10.9510733,106.858145,97,Moderate,1,32.0,52,0.0,8.5,114,1005.4,99,16.6,17.7,289.0,22.0,125.0,11.5
2025-12-24 14:00:00,2025,12,24,14,Đồng Nai,Phường Tam Hiệp,10.9510733,106.858145,96,Moderate,1,31.7,57,0.2,3.5,168,1004.6,94,15.9,16.8,273.0,21.9,122.0,10.7
2025-12-24 15:00:00,2025,12,24,15,Đồng Nai,Phường Tam Hiệp,10.9510733,106.858145,93,Moderate,1,31.2,60,0.1,3.4,183,1004.2,97,16.4,17.3,258.0,24.1,112.0,10.6
2025-12-24 16:00:00,2025,12,24,16,Đồng Nai,Phường Tam Hiệp,10.9510733,106.858145,91,Moderate,1,27.0,85,6.7,13.3,147,1005.0,98,17.9,19.7,274.0,28.5,97.0,11.4
2025-12-24 17:00:00,2025,12,24,17,Đồng Nai,Phường Tam Hiệp,10.9510733,106.858145,90,Moderate,1,25.8,90,1.6,10.1,183,1005.8,100,20.8,22.4,350.0,36.7,77.0,13.8
2025-12-24 18:00:00,2025,12,24,18,Đồng Nai,Phường Tam Hiệp,10.9510733,106.858145,89,Moderate,1,25.5,91,0.2,9.6,196,1006.4,99,24.2,25.7,457.0,47.2,52.0,17.3
2025-12-24 19:00:00,2025,12,24,19,Đồng Nai,Phường Tam Hiệp,10.9510733,106.858145,89,Moderate,1,26.7,90,0.2,6.0,151,1006.8,93,35.9,38.6,535.0,57.5,39.0,19.2
2025-12-24 20:00:00,2025,12,24,20,Đồng Nai,Phường Tam Hiệp,10.9510733,106.858145,90,Moderate,1,26.7,92,0.0,0.6,236,1007.4,86,34.3,36.8,553.0,56.9,36.0,19.6
2025-12-24 21:00:00,2025,12,24,21,Đồng Nai,Phường Tam Hiệp,10.9510733,106.858145,90,Moderate,1,26.5,91,0.0,1.4,40,1007.2,91,32.0,34.1,543.0,56.3,31.0,20.2
2025-12-24 22:00:00,2025,12,24,22,Đồng Nai,Phường Tam Hiệp,10.9510733,106.858145,91,Moderate,1,26.2,93,0.0,2.5,8,1007.2,92,33.4,35.6,541.0,58.2,25.0,21.6
2025-12-24 23:00:00,2025,12,24,23,Đồng Nai,Phường Tam Hiệp,10.9510733,106.858145,91,Moderate,1,26.0,94,0.0,2.2,355,1007.0,95,35.9,38.0,567.0,64.9,18.0,24.2
2025-12-25 00:00:00,2025,12,25,0,Đồng Nai,Phường Tam Hiệp,10.9510733,106.858145,91,Moderate,1,25.9,95,0.0,1.0,22,1007.1,100,38.8,41.0,601.0,74.0,9.0,27.4
2025-12-25 01:00:00,2025,12,25,1,Đồng Nai,Phường Tam Hiệp,10.9510733,106.858145,92,Moderate,1,25.9,95,0.0,1.7,18,1006.6,98,42.4,44.7,622.0,80.8,3.0,30.4
2025-12-25 02:00:00,2025,12,25,2,Đồng Nai,Phường Tam Hiệp,10.9510733,106.858145,92,Moderate,1,25.6,97,0.0,2.2,5,1006.1,99,46.6,49.0,617.0,83.7,0.0,32.8
2025-12-25 03:00:00,2025,12,25,3,Đồng Nai,Phường Tam Hiệp,10.9510733,106.858145,92,Moderate,1,25.4,98,0.0,3.5,345,1005.8,72,49.9,52.6,600.0,84.3,0.0,35.0
2025-12-25 04:00:00,2025,12,25,4,Đồng Nai,Phường Tam Hiệp,10.9510733,106.858145,92,Moderate,1,25.3,99,0.0,3.0,346,1006.1,41,49.0,51.8,584.0,82.6,1.0,36.4
2025-12-25 05:00:00,2025,12,25,5,Đồng Nai,Phường Tam Hiệp,10.9510733,106.858145,92,Moderate,1,25.4,98,0.0,3.5,336,1006.3,76,49.6,52.4,585.0,78.3,2.0,37.4
2025-12-25 06:00:00,2025,12,25,6,Đồng Nai,Phường Tam Hiệp,10.9510733,106.858145,92,Moderate,1,25.2,96,0.0,4.1,337,1007.0,53,51.9,54.6,588.0,71.8,5.0,37.7
2025-12-25 07:00:00,2025,12,25,7,Đồng Nai,Phường Tam Hiệp,10.9510733,106.858145,93,Moderate,1,25.6,94,0.0,3.1,31,1007.9,99,62.9,64.3,565.0,63.6,8.0,29.9
2025-12-25 08:00:00,2025,12,25,8,Đồng Nai,Phường Tam Hiệp,10.9510733,106.858145,94,Moderate,1,26.5,88,0.0,5.1,23,1008.7,98,53.1,53.9,492.0,56.1,24.0,27.5
2025-12-25 09:00:00,2025,12,25,9,Đồng Nai,Phường Tam Hiệp,10.9510733,106.858145,96,Moderate,1,27.7,81,0.0,4.8,27,1008.7,91,39.1,40.0,392.0,45.5,46.0,24.0
2025-12-25 10:00:00,2025,12,25,10,Đồng Nai,Phường Tam Hiệp,10.9510733,106.858145,97,Moderate,1,28.8,75,0.1,4.8,56,1008.8,100,27.9,28.9,314.0,36.2,64.0,20.1
2025-12-25 11:00:00,2025,12,25,11,Đồng Nai,Phường Tam Hiệp,10.9510733,106.858145,98,Moderate,1,29.0,73,0.1,4.6,64,1008.3,91,22.9,23.8,276.0,29.2,74.0,15.6
2025-12-25 12:00:00,2025,12,25,12,Đồng Nai,Phường Tam Hiệp,10.9510733,106.858145,98,Moderate,1,29.9,72,0.2,5.9,40,1007.2,99,18.2,19.1,259.0,23.6,79.0,10.7
2025-12-25 13:00:00,2025,12,25,13,Đồng Nai,Phường Tam Hiệp,10.9510733,106.858145,99,Moderate,1,30.4,69,0.2,3.4,25,1005.7,91,16.6,17.6,250.0,20.5,80.0,7.1
2025-12-25 14:00:00,2025,12,25,14,Đồng Nai,Phường Tam Hiệp,10.9510733,106.858145,99,Moderate,1,27.2,80,15.9,16.5,120,1006.0,100,14.2,15.0,245.0,20.6,77.0,5.5
2025-12-25 15:00:00,2025,12,25,15,Đồng Nai,Phường Tam Hiệp,10.9510733,106.858145,98,Moderate,1,26.2,86,0.6,2.9,120,1005.6,100,13.7,14.6,247.0,23.3,70.0,5.3
2025-12-25 16:00:00,2025,12,25,16,Đồng Nai,Phường Tam Hiệp,10.9510733,106.858145,98,Moderate,1,27.0,86,0.0,4.5,85,1005.9,100,14.4,15.6,255.0,28.4,61.0,6.2
2025-12-25 17:00:00,2025,12,25,17,Đồng Nai,Phường Tam Hiệp,10.9510733,106.858145,98,Moderate,1,26.4,85,1.8,7.4,51,1007.0,100,16.9,18.4,269.0,37.0,48.0,8.3
2025-12-25 18:00:00,2025,12,25,18,Đồng Nai,Phường Tam Hiệp,10.9510733,106.858145,98,Moderate,1,24.8,95,9.1,6.4,36,1008.0,100,22.2,23.5,289.0,47.9,33.0,11.5
2025-12-25 19:00:00,2025,12,25,19,Đồng Nai,Phường Tam Hiệp,10.9510733,106.858145,97,Moderate,1,25.0,92,1.5,5.0,319,1008.0,100,33.5,35.7,314.0,57.5,23.0,16.3
2025-12-25 20:00:00,2025,12,25,20,Đồng Nai,Phường Tam Hiệp,10.9510733,106.858145,97,Moderate,1,25.0,96,0.4,3.8,315,1008.6,100,40.2,42.6,345.0,63.3,18.0,21.8
2025-12-25 21:00:00,2025,12,25,21,Đồng Nai,Phường Tam Hiệp,10.9510733,106.858145,98,Moderate,1,25.0,95,0.1,6.1,293,1008.6,99,44.9,47.7,382.0,71.2,12.0,29.5
2025-12-25 22:00:00,2025,12,25,22,Đồng Nai,Phường Tam Hiệp,10.9510733,106.858145,99,Moderate,1,24.8,95,0.0,4.4,279,1008.4,89,50.3,53.2,419.0,76.8,7.0,36.2
2025-12-25 23:00:00,2025,12,25,23,Đồng Nai,Phường Tam Hiệp,10.9510733,106.858145,100,Moderate,1,24.5,97,0.0,3.7,284,1008.6,85,52.7,55.6,464.0,78.2,6.0,41.4
2025-12-26 00:00:00,2025,12,26,0,Đồng Nai,Phường Tam Hiệp,10.9510733,106.858145,102,Unhealthy for Sensitive Groups,2,24.3,98,0.0,3.1,294,1008.6,38,53.7,56.8,509.0,77.2,8.0,45.6
2025-12-26 01:00:00,2025,12,26,1,Đồng Nai,Phường Tam Hiệp,10.9510733,106.858145,104,Unhealthy for Sensitive Groups,2,24.9,97,0.0,4.5,299,1008.2,56,52.9,55.8,528.0,74.8,9.0,47.4
2025-12-26 02:00:00,2025,12,26,2,Đồng Nai,Phường Tam Hiệp,10.9510733,106.858145,105,Unhealthy for Sensitive Groups,2,24.5,98,0.0,5.4,318,1007.7,78,49.5,52.0,503.0,70.6,10.0,45.2
2025-12-26 03:00:00,2025,12,26,3,Đồng Nai,Phường Tam Hiệp,10.9510733,106.858145,105,Unhealthy for Sensitive Groups,2,24.4,97,0.0,5.1,328,1007.4,34,43.5,45.8,452.0,64.9,11.0,40.7
2025-12-26 04:00:00,2025,12,26,4,Đồng Nai,Phường Tam Hiệp,10.9510733,106.858145,104,Unhealthy for Sensitive Groups,2,24.0,94,0.0,6.4,352,1007.4,94,37.1,39.0,402.0,59.8,12.0,36.8
2025-12-26 05:00:00,2025,12,26,5,Đồng Nai,Phường Tam Hiệp,10.9510733,106.858145,103,Unhealthy for Sensitive Groups,2,23.3,92,0.0,7.4,14,1007.8,40,33.1,34.8,361.0,55.7,13.0,34.8
2025-12-26 06:00:00,2025,12,26,6,Đồng Nai,Phường Tam Hiệp,10.9510733,106.858145,101,Unhealthy for Sensitive Groups,2,22.9,91,0.0,8.6,26,1008.1,24,31.5,32.9,322.0,52.0,14.0,33.5
2025-12-26 07:00:00,2025,12,26,7,Đồng Nai,Phường Tam Hiệp,10.9510733,106.858145,99,Moderate,1,23.9,92,0.0,8.6,16,1009.1,76,32.0,33.3,290.0,49.8,14.0,29.2
2025-12-26 08:00:00,2025,12,26,8,Đồng Nai,Phường Tam Hiệp,10.9510733,106.858145,97,Moderate,1,25.2,86,0.0,8.1,29,1010.1,94,34.8,36.3,267.0,49.8,17.0,27.7
2025-12-26 09:00:00,2025,12,26,9,Đồng Nai,Phường Tam Hiệp,10.9510733,106.858145,95,Moderate,1,26.5,80,0.0,6.7,54,1010.2,88,33.8,35.5,251.0,49.7,22.0,25.7
2025-12-26 10:00:00,2025,12,26,10,Đồng Nai,Phường Tam Hiệp,10.9510733,106.858145,95,Moderate,1,27.9,75,0.1,4.9,100,1010.2,100,28.3,30.4,239.0,49.3,30.0,24.0
2025-12-26 11:00:00,2025,12,26,11,Đồng Nai,Phường Tam Hiệp,10.9510733,106.858145,95,Moderate,1,28.5,73,0.1,5.1,107,1009.5,68,25.3,27.7,231.0,48.5,42.0,23.2
2025-12-26 12:00:00,2025,12,26,12,Đồng Nai,Phường Tam Hiệp,10.9510733,106.858145,95,Moderate,1,29.3,69,0.1,3.1,66,1008.3,18,25.7,27.8,226.0,47.4,56.0,22.7
2025-12-26 13:00:00,2025,12,26,13,Đồng Nai,Phường Tam Hiệp,10.9510733,106.858145,95,Moderate,1,30.2,65,0.1,7.3,25,1007.4,36,25.7,26.8,224.0,46.2,68.0,22.0
2025-12-26 14:00:00,2025,12,26,14,Đồng Nai,Phường Tam Hiệp,10.9510733,106.858145,96,Moderate,1,30.3,62,0.0,7.7,12,1006.7,82,26.5,27.4,196.0,43.0,80.0,20.0
2025-12-26 15:00:00,2025,12,26,15,Đồng Nai,Phường Tam Hiệp,10.9510733,106.858145,97,Moderate,1,30.4,58,0.0,7.8,351,1006.1,90,26.3,27.1,170.0,39.8,89.0,17.8
2025-12-26 16:00:00,2025,12,26,16,Đồng Nai,Phường Tam Hiệp,10.9510733,106.858145,98,Moderate,1,30.8,57,0.0,5.6,42,1006.3,97,26.6,27.3,226.0,42.5,90.0,18.2
2025-12-26 17:00:00,2025,12,26,17,Đồng Nai,Phường Tam Hiệp,10.9510733,106.858145,100,Moderate,1,29.2,70,0.0,3.3,126,1006.7,100,29.9,30.5,447.0,57.0,74.0,24.0
2025-12-26 18:00:00,2025,12,26,18,Đồng Nai,Phường Tam Hiệp,10.9510733,106.858145,101,Unhealthy for Sensitive Groups,2,27.6,81,0.0,2.5,262,1007.4,100,44.8,45.3,751.0,77.3,48.0,32.4
2025-12-26 19:00:00,2025,12,26,19,Đồng Nai,Phường Tam Hiệp,10.9510733,106.858145,103,Unhealthy for Sensitive Groups,2,26.0,92,0.0,7.9,225,1008.2,100,70.3,71.0,972.0,98.7,32.0,39.5
2025-12-26 20:00:00,2025,12,26,20,Đồng Nai,Phường Tam Hiệp,10.9510733,106.858145,107,Unhealthy for Sensitive Groups,2,25.9,93,0.0,2.2,256,1009.0,100,74.3,75.7,1042.0,93.0,32.0,33.5
2025-12-26 21:00:00,2025,12,26,21,Đồng Nai,Phường Tam Hiệp,10.9510733,106.858145,111,Unhealthy for Sensitive Groups,2,25.8,92,0.0,0.7,166,1009.1,100,65.0,67.3,1028.0,84.8,31.0,25.1
2025-12-26 22:00:00,2025,12,26,22,Đồng Nai,Phường Tam Hiệp,10.9510733,106.858145,113,Unhealthy for Sensitive Groups,2,25.7,92,0.0,0.4,153,1008.9,100,51.2,53.7,967.0,75.3,32.0,17.5
2025-12-26 23:00:00,2025,12,26,23,Đồng Nai,Phường Tam Hiệp,10.9510733,106.858145,113,Unhealthy for Sensitive Groups,2,25.5,92,0.0,0.4,243,1008.5,100,41.2,43.3,836.0,63.0,36.0,11.3
2025-12-27 00:00:00,2025,12,27,0,Đồng Nai,Phường Tam Hiệp,10.9510733,106.858145,112,Unhealthy for Sensitive Groups,2,25.0,95,0.0,2.0,350,1008.1,100,31.1,32.7,657.0,49.4,41.0,5.9
2025-12-27 01:00:00,2025,12,27,1,Đồng Nai,Phường Tam Hiệp,10.9510733,106.858145,109,Unhealthy for Sensitive Groups,2,24.8,95,0.0,4.2,313,1007.6,100,25.0,26.6,530.0,41.0,42.0,3.5
2025-12-27 02:00:00,2025,12,27,2,Đồng Nai,Phường Tam Hiệp,10.9510733,106.858145,106,Unhealthy for Sensitive Groups,2,24.2,89,0.0,6.6,339,1007.3,100,23.2,25.0,513.0,41.9,37.0,5.6
2025-12-27 03:00:00,2025,12,27,3,Đồng Nai,Phường Tam Hiệp,10.9510733,106.858145,104,Unhealthy for Sensitive Groups,2,23.5,82,0.0,7.2,359,1007.1,100,26.7,28.5,550.0,47.9,29.0,10.6
2025-12-27 04:00:00,2025,12,27,4,Đồng Nai,Phường Tam Hiệp,10.9510733,106.858145,102,Unhealthy for Sensitive Groups,2,23.0,83,0.0,7.0,3,1007.2,100,32.2,33.9,567.0,52.8,22.0,15.9
2025-12-27 05:00:00,2025,12,27,5,Đồng Nai,Phường Tam Hiệp,10.9510733,106.858145,101,Unhealthy for Sensitive Groups,2,22.6,84,0.0,5.8,9,1007.7,98,37.7,38.6,522.0,54.0,18.0,21.2
2025-12-27 06:00:00,2025,12,27,6,Đồng Nai,Phường Tam Hiệp,10.9510733,106.858145,102,Unhealthy for Sensitive Groups,2,22.3,86,0.0,4.9,8,1008.2,95,42.3,43.0,459.0,54.1,16.0,26.7
2025-12-27 07:00:00,2025,12,27,7,Đồng Nai,Phường Tam Hiệp,10.9510733,106.858145,103,Unhealthy for Sensitive Groups,2,23.6,87,0.0,4.1,358,1009.1,47,46.3,47.5,436.0,38.3,22.0,12.7
2025-12-27 08:00:00,2025,12,27,8,Đồng Nai,Phường Tam Hiệp,10.9510733,106.858145,104,Unhealthy for Sensitive Groups,2,24.7,81,0.0,2.7,337,1010.4,97,39.1,39.9,505.0,37.6,36.0,12.4
2025-12-27 09:00:00,2025,12,27,9,Đồng Nai,Phường Tam Hiệp,10.9510733,106.858145,105,Unhealthy for Sensitive Groups,2,26.3,76,0.0,3.2,297,1011.0,99,33.4,34.6,614.0,36.7,56.0,12.1
2025-12-27 10:00:00,2025,12,27,10,Đồng Nai,Phường Tam Hiệp,10.9510733,106.858145,105,Unhealthy for Sensitive Groups,2,27.5,74,0.0,3.4,313,1010.7,100,29.7,31.1,670.0,35.4,77.0,12.7
2025-12-27 11:00:00,2025,12,27,11,Đồng Nai,Phường Tam Hiệp,10.9510733,106.858145,105,Unhealthy for Sensitive Groups,2,28.5,70,0.0,5.4,291,1010.8,100,35.5,36.9,612.0,33.6,99.0,15.1
2025-12-27 12:00:00,2025,12,27,12,Đồng Nai,Phường Tam Hiệp,10.9510733,106.858145,106,Unhealthy for Sensitive Groups,2,29.3,67,0.1,6.8,287,1009.8,100,39.6,41.1,501.0,31.5,122.0,18.4
2025-12-27 13:00:00,2025,12,27,13,Đồng Nai,Phường Tam Hiệp,10.9510733,106.858145,107,Unhealthy for Sensitive Groups,2,29.1,66,0.3,5.5,293,1009.1,100,40.0,41.4,420.0,30.1,136.0,20.3
2025-12-27 14:00:00,2025,12,27,14,Đồng Nai,Phường Tam Hiệp,10.9510733,106.858145,109,Unhealthy for Sensitive Groups,2,29.1,67,0.0,1.2,309,1008.4,100,40.5,41.9,391.0,28.9,139.0,19.1
2025-12-27 15:00:00,2025,12,27,15,Đồng Nai,Phường Tam Hiệp,10.9510733,106.858145,110,Unhealthy for Sensitive Groups,2,29.3,64,0.0,1.2,333,1007.7,100,42.3,43.5,392.0,28.3,134.0,16.4
2025-12-27 16:00:00,2025,12,27,16,Đồng Nai,Phường Tam Hiệp,10.9510733,106.858145,112,Unhealthy for Sensitive Groups,2,27.0,77,0.9,11.2,168,1008.2,100,46.3,47.5,450.0,31.5,123.0,15.3
2025-12-27 17:00:00,2025,12,27,17,Đồng Nai,Phường Tam Hiệp,10.9510733,106.858145,114,Unhealthy for Sensitive Groups,2,24.8,90,0.2,9.4,178,1008.8,98,45.9,47.1,615.0,41.9,103.0,17.5
2025-12-27 18:00:00,2025,12,27,18,Đồng Nai,Phường Tam Hiệp,10.9510733,106.858145,116,Unhealthy for Sensitive Groups,2,24.5,92,0.0,6.8,182,1009.6,100,52.7,54.0,836.0,56.0,77.0,21.2
2025-12-27 19:00:00,2025,12,27,19,Đồng Nai,Phường Tam Hiệp,10.9510733,106.858145,117,Unhealthy for Sensitive Groups,2,25.2,94,0.0,7.6,179,1010.0,66,47.1,48.3,982.0,54.8,78.0,24.1
2025-12-27 20:00:00,2025,12,27,20,Đồng Nai,Phường Tam Hiệp,10.9510733,106.858145,114,Unhealthy for Sensitive Groups,2,25.5,93,0.0,1.8,174,1010.8,84,39.5,40.6,978.0,49.7,71.0,22.2
2025-12-27 21:00:00,2025,12,27,21,Đồng Nai,Phường Tam Hiệp,10.9510733,106.858145,111,Unhealthy for Sensitive Groups,2,25.2,93,0.0,5.1,107,1011.0,100,33.5,34.7,899.0,42.9,62.0,19.6
2025-12-27 22:00:00,2025,12,27,22,Đồng Nai,Phường Tam Hiệp,10.9510733,106.858145,107,Unhealthy for Sensitive Groups,2,24.6,94,0.0,2.9,60,1010.9,100,33.6,35.2,835.0,38.5,53.0,17.5
2025-12-27 23:00:00,2025,12,27,23,Đồng Nai,Phường Tam Hiệp,10.9510733,106.858145,105,Unhealthy for Sensitive Groups,2,24.5,94,0.0,1.3,315,1010.6,100,35.4,36.9,837.0,38.8,45.0,16.2
2025-12-28 00:00:00,2025,12,28,0,Đồng Nai,Phường Tam Hiệp,10.9510733,106.858145,105,Unhealthy for Sensitive Groups,2,24.2,95,0.0,1.9,343,1010.3,100,36.4,38.0,854.0,41.5,37.0,15.5
2025-12-28 01:00:00,2025,12,28,1,Đồng Nai,Phường Tam Hiệp,10.9510733,106.858145,105,Unhealthy for Sensitive Groups,2,24.2,95,0.0,0.3,315,1010.0,100,36.2,38.1,822.0,44.8,29.0,15.5
2025-12-28 02:00:00,2025,12,28,2,Đồng Nai,Phường Tam Hiệp,10.9510733,106.858145,107,Unhealthy for Sensitive Groups,2,24.1,97,0.0,4.0,324,1009.6,6,36.8,38.8,683.0,48.5,21.0,16.3
2025-12-28 03:00:00,2025,12,28,3,Đồng Nai,Phường Tam Hiệp,10.9510733,106.858145,108,Unhealthy for Sensitive Groups,2,23.8,99,0.0,7.4,321,1009.1,26,38.3,40.5,494.0,52.7,14.0,17.8
2025-12-28 04:00:00,2025,12,28,4,Đồng Nai,Phường Tam Hiệp,10.9510733,106.858145,109,Unhealthy for Sensitive Groups,2,23.3,95,0.0,7.4,331,1009.3,2,40.9,43.1,364.0,55.7,9.0,20.2
2025-12-28 05:00:00,2025,12,28,5,Đồng Nai,Phường Tam Hiệp,10.9510733,106.858145,110,Unhealthy for Sensitive Groups,2,22.5,90,0.0,6.2,350,1009.7,0,44.4,46.1,349.0,56.6,8.0,24.5
2025-12-28 06:00:00,2025,12,28,6,Đồng Nai,Phường Tam Hiệp,10.9510733,106.858145,111,Unhealthy for Sensitive Groups,2,21.7,89,0.0,5.9,349,1009.9,0,48.2,49.5,393.0,56.3,9.0,29.8
2025-12-28 07:00:00,2025,12,28,7,Đồng Nai,Phường Tam Hiệp,10.9510733,106.858145,111,Unhealthy for Sensitive Groups,2,22.9,83,0.0,2.9,349,1010.7,0,42.6,44.5,430.0,43.8,19.0,18.1
2025-12-28 08:00:00,2025,12,28,8,Đồng Nai,Phường Tam Hiệp,10.9510733,106.858145,111,Unhealthy for Sensitive Groups,2,24.0,78,0.0,2.7,23,1011.5,0,36.6,37.0,435.0,43.2,37.0,20.9
2025-12-28 09:00:00,2025,12,28,9,Đồng Nai,Phường Tam Hiệp,10.9510733,106.858145,111,Unhealthy for Sensitive Groups,2,25.5,73,0.0,1.6,63,1011.5,4,32.9,33.6,434.0,42.2,63.0,24.7
2025-12-28 10:00:00,2025,12,28,10,Đồng Nai,Phường Tam Hiệp,10.9510733,106.858145,111,Unhealthy for Sensitive Groups,2,26.9,69,0.0,1.4,157,1011.3,11,33.2,33.9,437.0,40.1,87.0,26.3
2025-12-28 11:00:00,2025,12,28,11,Đồng Nai,Phường Tam Hiệp,10.9510733,106.858145,111,Unhealthy for Sensitive Groups,2,28.0,67,0.0,0.9,259,1010.8,41,32.2,32.9,454.0,35.8,107.0,23.9
2025-12-28 12:00:00,2025,12,28,12,Đồng Nai,Phường Tam Hiệp,10.9510733,106.858145,111,Unhealthy for Sensitive Groups,2,28.8,66,0.0,0.8,225,1009.7,12,29.5,30.3,475.0,30.4,124.0,19.3
2025-12-28 13:00:00,2025,12,28,13,Đồng Nai,Phường Tam Hiệp,10.9510733,106.858145,110,Unhealthy for Sensitive Groups,2,29.4,63,0.0,2.7,247,1008.7,13,27.2,28.1,484.0,26.7,136.0,15.7
2025-12-28 14:00:00,2025,12,28,14,Đồng Nai,Phường Tam Hiệp,10.9510733,106.858145,108,Unhealthy for Sensitive Groups,2,30.1,58,0.0,1.3,304,1008.0,5,25.6,26.7,468.0,25.1,142.0,13.9
2025-12-28 15:00:00,2025,12,28,15,Đồng Nai,Phường Tam Hiệp,10.9510733,106.858145,107,Unhealthy for Sensitive Groups,2,30.4,53,0.0,1.9,56,1007.9,9,24.9,26.6,440.0,25.1,143.0,13.0
2025-12-28 16:00:00,2025,12,28,16,Đồng Nai,Phường Tam Hiệp,10.9510733,106.858145,105,Unhealthy for Sensitive Groups,2,30.4,51,0.0,2.7,28,1008.0,9,26.1,30.0,418.0,27.9,135.0,13.0
2025-12-28 17:00:00,2025,12,28,17,Đồng Nai,Phường Tam Hiệp,10.9510733,106.858145,103,Unhealthy for Sensitive Groups,2,30.1,53,0.0,1.2,117,1008.5,67,27.5,30.9,409.0,36.3,113.0,14.7
2025-12-28 18:00:00,2025,12,28,18,Đồng Nai,Phường Tam Hiệp,10.9510733,106.858145,101,Unhealthy for Sensitive Groups,2,27.2,72,0.0,12.4,166,1009.0,7,32.5,35.3,407.0,47.5,82.0,17.4
2025-12-28 19:00:00,2025,12,28,19,Đồng Nai,Phường Tam Hiệp,10.9510733,106.858145,99,Moderate,1,26.1,81,0.0,10.4,172,1010.1,16,28.2,30.6,404.0,39.1,72.0,15.7
2025-12-28 20:00:00,2025,12,28,20,Đồng Nai,Phường Tam Hiệp,10.9510733,106.858145,97,Moderate,1,25.7,81,0.0,9.1,162,1010.9,12,23.2,25.4,396.0,36.2,67.0,14.5
2025-12-28 21:00:00,2025,12,28,21,Đồng Nai,Phường Tam Hiệp,10.9510733,106.858145,96,Moderate,1,25.1,84,0.0,12.8,156,1010.9,21,20.1,22.2,389.0,32.3,60.0,12.9
2025-12-28 22:00:00,2025,12,28,22,Đồng Nai,Phường Tam Hiệp,10.9510733,106.858145,95,Moderate,1,24.6,88,0.0,8.9,148,1010.5,52,19.6,21.8,391.0,30.7,53.0,12.1
2025-12-28 23:00:00,2025,12,28,23,Đồng Nai,Phường Tam Hiệp,10.9510733,106.858145,93,Moderate,1,24.1,92,0.0,3.4,87,1010.6,100,21.4,23.6,412.0,33.3,45.0,12.7
2025-12-29 00:00:00,2025,12,29,0,Đồng Nai,Phường Tam Hiệp,10.9510733,106.858145,92,Moderate,1,23.8,93,0.0,2.7,28,1010.2,88,24.3,26.9,443.0,38.2,37.0,14.0
2025-12-29 01:00:00,2025,12,29,1,Đồng Nai,Phường Tam Hiệp,10.9510733,106.858145,91,Moderate,1,23.9,94,0.0,1.5,330,1009.8,24,28.1,30.9,466.0,42.6,29.0,15.2
2025-12-29 02:00:00,2025,12,29,2,Đồng Nai,Phường Tam Hiệp,10.9510733,106.858145,90,Moderate,1,24.0,94,0.0,4.2,306,1009.2,7,31.2,34.1,472.0,46.0,22.0,15.7
2025-12-29 03:00:00,2025,12,29,3,Đồng Nai,Phường Tam Hiệp,10.9510733,106.858145,90,Moderate,1,23.6,96,0.0,4.6,301,1008.7,1,36.6,38.9,471.0,49.0,16.0,16.1
2025-12-29 04:00:00,2025,12,29,4,Đồng Nai,Phường Tam Hiệp,10.9510733,106.858145,90,Moderate,1,23.3,98,0.0,6.8,331,1009.0,18,40.9,43.3,475.0,50.7,12.0,16.8
2025-12-29 05:00:00,2025,12,29,5,Đồng Nai,Phường Tam Hiệp,10.9510733,106.858145,90,Moderate,1,23.2,97,0.0,7.8,334,1009.6,1,45.3,47.7,497.0,50.8,8.0,18.3
2025-12-29 06:00:00,2025,12,29,6,Đồng Nai,Phường Tam Hiệp,10.9510733,106.858145,90,Moderate,1,22.8,96,0.0,8.2,341,1010.0,0,48.4,51.0,524.0,49.7,6.0,20.2
2025-12-29 07:00:00,2025,12,29,7,Đồng Nai,Phường Tam Hiệp,10.9510733,106.858145,90,Moderate,1,22.9,92,0.0,7.6,346,1010.4,0,64.5,67.8,526.0,62.2,11.0,33.1
2025-12-29 08:00:00,2025,12,29,8,Đồng Nai,Phường Tam Hiệp,10.9510733,106.858145,92,Moderate,1,24.2,81,0.0,6.7,352,1011.1,0,55.1,59.0,483.0,57.3,30.0,34.8
2025-12-29 09:00:00,2025,12,29,9,Đồng Nai,Phường Tam Hiệp,10.9510733,106.858145,93,Moderate,1,26.0,73,0.0,7.9,348,1011.3,0,44.5,49.5,416.0,50.2,58.0,36.8
2025-12-29 10:00:00,2025,12,29,10,Đồng Nai,Phường Tam Hiệp,10.9510733,106.858145,95,Moderate,1,27.4,67,0.0,8.0,333,1011.2,18,41.1,44.8,359.0,42.7,84.0,36.6
2025-12-29 11:00:00,2025,12,29,11,Đồng Nai,Phường Tam Hiệp,10.9510733,106.858145,95,Moderate,1,28.6,59,0.0,7.2,338,1010.5,52,36.9,38.8,325.0,34.5,106.0,31.9
2025-12-29 12:00:00,2025,12,29,12,Đồng Nai,Phường Tam Hiệp,10.9510733,106.858145,96,Moderate,1,29.5,51,0.0,5.4,354,1009.5,98,32.1,33.8,302.0,25.9,127.0,25.0
2025-12-29 13:00:00,2025,12,29,13,Đồng Nai,Phường Tam Hiệp,10.9510733,106.858145,96,Moderate,1,30.2,45,0.0,6.1,2,1008.6,98,27.8,29.1,286.0,19.9,143.0,19.7
2025-12-29 14:00:00,2025,12,29,14,Đồng Nai,Phường Tam Hiệp,10.9510733,106.858145,96,Moderate,1,30.5,44,0.0,7.6,1,1007.7,100,26.8,27.8,268.0,17.7,155.0,17.7
2025-12-29 15:00:00,2025,12,29,15,Đồng Nai,Phường Tam Hiệp,10.9510733,106.858145,96,Moderate,1,30.2,47,0.0,7.2,1,1007.4,100,26.4,27.4,258.0,18.2,162.0,17.4
2025-12-29 16:00:00,2025,12,29,16,Đồng Nai,Phường Tam Hiệp,10.9510733,106.858145,96,Moderate,1,30.0,49,0.0,5.2,31,1007.7,99,26.3,27.3,284.0,21.0,158.0,17.2
2025-12-29 17:00:00,2025,12,29,17,Đồng Nai,Phường Tam Hiệp,10.9510733,106.858145,96,Moderate,1,28.7,60,0.0,4.9,82,1008.1,99,32.6,33.6,389.0,28.0,135.0,16.9
2025-12-29 18:00:00,2025,12,29,18,Đồng Nai,Phường Tam Hiệp,10.9510733,106.858145,97,Moderate,1,26.8,69,0.0,4.9,96,1008.6,100,35.9,37.1,529.0,37.3,101.0,16.8
2025-12-29 19:00:00,2025,12,29,19,Đồng Nai,Phường Tam Hiệp,10.9510733,106.858145,98,Moderate,1,26.1,75,0.0,14.2,154,1009.1,100,38.5,41.4,605.0,46.6,70.0,17.2
2025-12-29 20:00:00,2025,12,29,20,Đồng Nai,Phường Tam Hiệp,10.9510733,106.858145,98,Moderate,1,24.5,86,0.0,10.0,146,1009.7,100,28.9,31.3,552.0,40.8,70.0,15.5
2025-12-29 21:00:00,2025,12,29,21,Đồng Nai,Phường Tam Hiệp,10.9510733,106.858145,98,Moderate,1,24.3,86,0.0,10.4,141,1009.7,100,22.3,24.4,434.0,32.8,69.0,13.1
2025-12-29 22:00:00,2025,12,29,22,Đồng Nai,Phường Tam Hiệp,10.9510733,106.858145,99,Moderate,1,23.8,85,0.0,7.5,123,1009.5,100,18.5,20.4,346.0,27.0,67.0,11.2
2025-12-29 23:00:00,2025,12,29,23,Đồng Nai,Phường Tam Hiệp,10.9510733,106.858145,98,Moderate,1,23.4,89,0.0,5.2,104,1009.6,100,16.6,18.6,326.0,25.5,63.0,10.3
2025-12-30 00:00:00,2025,12,30,0,Đồng Nai,Phường Tam Hiệp,10.9510733,106.858145,98,Moderate,1,23.1,90,0.0,4.1,105,1009.1,100,15.5,17.5,336.0,26.3,58.0,9.8
2025-12-30 01:00:00,2025,12,30,1,Đồng Nai,Phường Tam Hiệp,10.9510733,106.858145,97,Moderate,1,23.0,92,0.0,2.5,120,1008.7,100,16.2,18.3,352.0,27.5,53.0,9.6
2025-12-30 02:00:00,2025,12,30,2,Đồng Nai,Phường Tam Hiệp,10.9510733,106.858145,96,Moderate,1,23.0,92,0.0,1.7,193,1008.4,100,17.8,20.0,371.0,28.7,48.0,9.6
2025-12-30 03:00:00,2025,12,30,3,Đồng Nai,Phường Tam Hiệp,10.9510733,106.858145,95,Moderate,1,22.7,91,0.0,0.5,90,1007.9,100,20.4,22.9,396.0,30.4,42.0,9.8
2025-12-30 04:00:00,2025,12,30,4,Đồng Nai,Phường Tam Hiệp,10.9510733,106.858145,94,Moderate,1,22.1,93,0.0,2.1,52,1008.1,100,25.0,26.9,412.0,32.1,37.0,10.1
2025-12-30 05:00:00,2025,12,30,5,Đồng Nai,Phường Tam Hiệp,10.9510733,106.858145,92,Moderate,1,21.8,96,0.0,2.6,12,1008.7,100,29.0,31.0,413.0,34.3,30.0,10.6
2025-12-30 06:00:00,2025,12,30,6,Đồng Nai,Phường Tam Hiệp,10.9510733,106.858145,91,Moderate,1,21.5,99,0.0,3.2,16,1009.4,100,34.2,36.4,405.0,36.6,22.0,11.3
2025-12-30 07:00:00,2025,12,30,7,Đồng Nai,Phường Tam Hiệp,10.9510733,106.858145,89,Moderate,1,22.2,98,0.0,4.9,24,1010.2,100,39.7,43.1,392.0,39.6,24.0,14.6
2025-12-30 08:00:00,2025,12,30,8,Đồng Nai,Phường Tam Hiệp,10.9510733,106.858145,87,Moderate,1,23.5,90,0.0,4.0,3,1011.2,91,29.4,33.4,372.0,36.1,38.0,14.1
2025-12-30 09:00:00,2025,12,30,9,Đồng Nai,Phường Tam Hiệp,10.9510733,106.858145,85,Moderate,1,25.2,81,0.0,3.4,344,1011.3,92,28.2,31.7,346.0,31.1,57.0,13.4
2025-12-30 10:00:00,2025,12,30,10,Đồng Nai,Phường Tam Hiệp,10.9510733,106.858145,84,Moderate,1,26.7,72,0.0,3.0,327,1011.1,95,26.4,29.5,323.0,26.4,79.0,12.8
2025-12-30 11:00:00,2025,12,30,11,Đồng Nai,Phường Tam Hiệp,10.9510733,106.858145,82,Moderate,1,27.9,64,0.0,3.5,305,1010.2,94,26.0,28.2,305.0,22.2,104.0,12.4
2025-12-30 12:00:00,2025,12,30,12,Đồng Nai,Phường Tam Hiệp,10.9510733,106.858145,81,Moderate,1,28.9,56,0.0,2.0,297,1009.1,92,27.4,28.9,289.0,18.3,130.0,12.2
2025-12-30 13:00:00,2025,12,30,13,Đồng Nai,Phường Tam Hiệp,10.9510733,106.858145,81,Moderate,1,29.5,46,0.0,3.7,337,1008.0,15,29.2,30.5,275.0,15.9,151.0,12.3
2025-12-30 14:00:00,2025,12,30,14,Đồng Nai,Phường Tam Hiệp,10.9510733,106.858145,81,Moderate,1,30.1,43,0.0,4.2,353,1007.1,72,31.0,32.1,250.0,15.3,166.0,12.8
2025-12-30 15:00:00,2025,12,30,15,Đồng Nai,Phường Tam Hiệp,10.9510733,106.858145,81,Moderate,1,30.1,43,0.0,6.3,7,1006.6,7,32.0,33.2,228.0,16.3,174.0,13.6
2025-12-30 16:00:00,2025,12,30,16,Đồng Nai,Phường Tam Hiệp,10.9510733,106.858145,82,Moderate,1,29.4,46,0.0,8.0,14,1006.5,44,32.1,33.4,249.0,19.3,170.0,14.3
2025-12-30 17:00:00,2025,12,30,17,Đồng Nai,Phường Tam Hiệp,10.9510733,106.858145,86,Moderate,1,27.9,57,0.0,7.3,25,1006.8,99,34.1,35.4,367.0,26.4,143.0,14.7
2025-12-30 18:00:00,2025,12,30,18,Đồng Nai,Phường Tam Hiệp,10.9510733,106.858145,104,Unhealthy for Sensitive Groups,2,26.2,68,0.0,4.9,39,1007.0,94,35.0,36.7,528.0,35.5,104.0,15.0
2025-12-30 19:00:00,2025,12,30,19,Đồng Nai,Phường Tam Hiệp,10.9510733,106.858145,109,Unhealthy for Sensitive Groups,2,25.1,77,0.0,11.6,168,1008.0,15,36.8,39.2,614.0,46.0,71.0,16.6
2025-12-30 20:00:00,2025,12,30,20,Đồng Nai,Phường Tam Hiệp,10.9510733,106.858145,102,Unhealthy for Sensitive Groups,2,24.1,78,0.0,10.1,149,1008.5,51,27.0,29.1,547.0,40.7,70.0,15.3
2025-12-30 21:00:00,2025,12,30,21,Đồng Nai,Phường Tam Hiệp,10.9510733,106.858145,90,Moderate,1,23.5,82,0.0,10.6,146,1008.3,18,20.6,22.4,404.0,33.4,68.0,13.5
2025-12-30 22:00:00,2025,12,30,22,Đồng Nai,Phường Tam Hiệp,10.9510733,106.858145,82,Moderate,1,23.2,82,0.0,9.2,147,1008.1,23,16.8,18.7,298.0,27.9,66.0,11.8
2025-12-30 23:00:00,2025,12,30,23,Đồng Nai,Phường Tam Hiệp,10.9510733,106.858145,82,Moderate,1,22.9,83,0.0,9.5,151,1008.5,36,14.7,16.4,278.0,25.8,64.0,10.4
2025-12-31 00:00:00,2025,12,31,0,Đồng Nai,Phường Tam Hiệp,10.9510733,106.858145,82,Moderate,1,22.4,87,0.0,5.6,153,1008.6,86,13.2,14.8,295.0,25.4,61.0,9.2
2025-12-31 01:00:00,2025,12,31,1,Đồng Nai,Phường Tam Hiệp,10.9510733,106.858145,81,Moderate,1,22.4,90,0.0,7.3,134,1008.2,100,13.0,14.6,313.0,26.0,57.0,8.6
2025-12-31 02:00:00,2025,12,31,2,Đồng Nai,Phường Tam Hiệp,10.9510733,106.858145,81,Moderate,1,22.2,90,0.0,5.6,121,1007.9,100,13.9,15.6,318.0,27.3,52.0,8.8
2025-12-31 03:00:00,2025,12,31,3,Đồng Nai,Phường Tam Hiệp,10.9510733,106.858145,81,Moderate,1,21.7,92,0.0,2.5,94,1007.4,99,15.8,17.7,325.0,29.6,45.0,9.7
2025-12-31 04:00:00,2025,12,31,4,Đồng Nai,Phường Tam Hiệp,10.9510733,106.858145,80,Moderate,1,21.5,92,0.0,3.1,28,1007.6,100,18.0,20.1,338.0,32.2,39.0,10.7
2025-12-31 05:00:00,2025,12,31,5,Đồng Nai,Phường Tam Hiệp,10.9510733,106.858145,80,Moderate,1,20.9,95,0.0,2.4,13,1008.3,50,20.0,22.2,372.0,35.9,31.0,12.0
2025-12-31 06:00:00,2025,12,31,6,Đồng Nai,Phường Tam Hiệp,10.9510733,106.858145,79,Moderate,1,20.9,95,0.0,3.2,34,1008.5,38,28.1,29.9,413.0,39.9,23.0,13.4
2025-12-31 07:00:00,2025,12,31,7,Đồng Nai,Phường Tam Hiệp,10.9510733,106.858145,78,Moderate,1,21.8,95,0.0,6.2,22,1008.9,73,31.5,34.3,427.0,41.7,21.0,15.2
2025-12-31 08:00:00,2025,12,31,8,Đồng Nai,Phường Tam Hiệp,10.9510733,106.858145,78,Moderate,1,23.5,87,0.0,5.2,14,1009.6,98,23.3,26.2,387.0,37.2,39.0,14.5
2025-12-31 09:00:00,2025,12,31,9,Đồng Nai,Phường Tam Hiệp,10.9510733,106.858145,77,Moderate,1,25.3,79,0.0,4.5,7,1009.9,88,21.5,24.9,319.0,30.9,66.0,13.5
2025-12-31 10:00:00,2025,12,31,10,Đồng Nai,Phường Tam Hiệp,10.9510733,106.858145,77,Moderate,1,27.0,67,0.0,3.6,18,1009.7,3,20.7,24.0,268.0,25.5,91.0,12.9
2025-12-31 11:00:00,2025,12,31,11,Đồng Nai,Phường Tam Hiệp,10.9510733,106.858145,76,Moderate,1,28.2,61,0.0,4.6,11,1008.8,6,21.6,22.9,255.0,21.6,114.0,13.1
2025-12-31 12:00:00,2025,12,31,12,Đồng Nai,Phường Tam Hiệp,10.9510733,106.858145,76,Moderate,1,29.0,56,0.0,5.6,4,1007.4,2,23.5,24.6,258.0,18.6,137.0,13.6
2025-12-31 13:00:00,2025,12,31,13,Đồng Nai,Phường Tam Hiệp,10.9510733,106.858145,75,Moderate,1,29.1,53,0.0,5.6,15,1006.6,2,25.3,26.3,263.0,16.8,155.0,14.1
2025-12-31 14:00:00,2025,12,31,14,Đồng Nai,Phường Tam Hiệp,10.9510733,106.858145,75,Moderate,1,29.9,49,0.0,7.1,15,1005.5,30,26.9,27.9,252.0,16.3,169.0,14.5
2025-12-31 15:00:00,2025,12,31,15,Đồng Nai,Phường Tam Hiệp,10.9510733,106.858145,75,Moderate,1,29.9,49,0.0,7.8,23,1005.0,63,28.1,29.2,241.0,17.0,179.0,14.8
2025-12-31 16:00:00,2025,12,31,16,Đồng Nai,Phường Tam Hiệp,10.9510733,106.858145,74,Moderate,1,29.4,49,0.0,7.4,34,1005.1,39,28.6,29.8,266.0,19.1,176.0,14.9
2025-12-31 17:00:00,2025,12,31,17,Đồng Nai,Phường Tam Hiệp,10.9510733,106.858145,98,Moderate,1,28.3,56,0.0,7.9,39,1005.2,19,30.3,31.5,374.0,24.0,151.0,14.7
2025-12-31 18:00:00,2025,12,31,18,Đồng Nai,Phường Tam Hiệp,10.9510733,106.858145,116,Unhealthy for Sensitive Groups,2,26.5,68,0.0,4.9,51,1006.0,55,31.5,33.8,517.0,30.4,114.0,14.4
2025-12-31 19:00:00,2025,12,31,19,Đồng Nai,Phường Tam Hiệp,10.9510733,106.858145,121,Unhealthy for Sensitive Groups,2,25.0,75,0.0,13.7,150,1006.8,66,39.5,42.1,588.0,45.5,78.0,17.3
2025-12-31 20:00:00,2025,12,31,20,Đồng Nai,Phường Tam Hiệp,10.9510733,106.858145,113,Unhealthy for Sensitive Groups,2,23.9,75,0.0,9.4,142,1007.9,93,26.0,28.2,517.0,39.4,78.0,15.2
2025-12-31 21:00:00,2025,12,31,21,Đồng Nai,Phường Tam Hiệp,10.9510733,106.858145,101,Unhealthy for Sensitive Groups,2,23.4,77,0.0,12.7,142,1007.9,77,19.6,21.7,374.0,31.0,78.0,12.3
2025-12-31 22:00:00,2025,12,31,22,Đồng Nai,Phường Tam Hiệp,10.9510733,106.858145,84,Moderate,1,23.0,79,0.0,12.6,136,1007.7,51,16.2,18.2,263.0,24.7,77.0,9.9
2025-12-31 23:00:00,2025,12,31,23,Đồng Nai,Phường Tam Hiệp,10.9510733,106.858145,73,Moderate,1,22.7,82,0.0,11.1,132,1007.8,5,14.1,15.9,227.0,22.4,76.0,8.6
2026-01-01 00:00:00,2026,1,1,0,Đồng Nai,Phường Tam Hiệp,10.9510733,106.858145,73,Moderate,1,22.4,83,0.0,10.4,129,1007.7,41,12.4,14.1,222.0,22.1,74.0,7.8
2026-01-01 01:00:00,2026,1,1,1,Đồng Nai,Phường Tam Hiệp,10.9510733,106.858145,73,Moderate,1,22.2,86,0.0,7.8,136,1007.2,22,12.0,13.7,227.0,22.3,72.0,7.4
2026-01-01 02:00:00,2026,1,1,2,Đồng Nai,Phường Tam Hiệp,10.9510733,106.858145,73,Moderate,1,21.9,88,0.0,4.2,140,1006.9,66,12.2,13.9,233.0,22.4,68.0,7.1
2026-01-01 03:00:00,2026,1,1,3,Đồng Nai,Phường Tam Hiệp,10.9510733,106.858145,73,Moderate,1,21.6,88,0.0,2.0,117,1006.5,98,13.0,14.8,248.0,22.9,64.0,7.2
2026-01-01 04:00:00,2026,1,1,4,Đồng Nai,Phường Tam Hiệp,10.9510733,106.858145,73,Moderate,1,21.3,89,0.0,2.6,51,1006.6,75,14.2,16.1,273.0,24.5,59.0,7.9
2026-01-01 05:00:00,2026,1,1,5,Đồng Nai,Phường Tam Hiệp,10.9510733,106.858145,72,Moderate,1,20.8,93,0.0,3.6,41,1007.2,86,15.7,17.6,321.0,28.4,52.0,9.7
2026-01-01 06:00:00,2026,1,1,6,Đồng Nai,Phường Tam Hiệp,10.9510733,106.858145,72,Moderate,1,20.5,93,0.0,3.2,52,1007.9,0,18.4,20.5,378.0,33.3,45.0,12.1
2026-01-01 07:00:00,2026,1,1,7,Đồng Nai,Phường Tam Hiệp,10.9510733,106.858145,71,Moderate,1,21.4,91,0.0,5.2,41,1008.8,71,23.3,25.7,408.0,34.0,40.0,11.7
2026-01-01 08:00:00,2026,1,1,8,Đồng Nai,Phường Tam Hiệp,10.9510733,106.858145,70,Moderate,1,23.2,81,0.0,3.4,32,1010.1,1,21.7,24.6,385.0,31.1,54.0,11.7
2026-01-01 09:00:00,2026,1,1,9,Đồng Nai,Phường Tam Hiệp,10.9510733,106.858145,70,Moderate,1,25.1,74,0.0,2.1,31,1010.9,4,20.7,24.1,335.0,27.1,74.0,11.8
2026-01-01 10:00:00,2026,1,1,10,Đồng Nai,Phường Tam Hiệp,10.9510733,106.858145,70,Moderate,1,26.8,66,0.0,1.4,337,1010.8,2,19.2,22.2,292.0,23.6,94.0,12.0
2026-01-01 11:00:00,2026,1,1,11,Đồng Nai,Phường Tam Hiệp,10.9510733,106.858145,70,Moderate,1,28.4,57,0.0,3.6,327,1010.5,28,19.8,21.1,269.0,21.0,115.0,12.4
2026-01-01 12:00:00,2026,1,1,12,Đồng Nai,Phường Tam Hiệp,10.9510733,106.858145,70,Moderate,1,29.2,52,0.0,6.5,355,1010.0,94,22.2,23.3,254.0,18.9,136.0,13.0
2026-01-01 13:00:00,2026,1,1,13,Đồng Nai,Phường Tam Hiệp,10.9510733,106.858145,70,Moderate,1,29.4,51,0.0,8.5,13,1009.0,80,24.4,25.4,244.0,18.1,152.0,13.7
2026-01-01 14:00:00,2026,1,1,14,Đồng Nai,Phường Tam Hiệp,10.9510733,106.858145,70,Moderate,1,29.5,50,0.0,10.6,15,1008.0,72,26.5,27.4,230.0,18.5,164.0,14.6
2026-01-01 15:00:00,2026,1,1,15,Đồng Nai,Phường Tam Hiệp,10.9510733,106.858145,70,Moderate,1,29.6,49,0.0,10.5,17,1007.4,90,28.4,29.2,222.0,20.1,171.0,15.6
2026-01-01 16:00:00,2026,1,1,16,Đồng Nai,Phường Tam Hiệp,10.9510733,106.858145,71,Moderate,1,29.5,48,0.0,7.2,25,1007.3,99,29.8,30.6,248.0,23.5,167.0,16.5
2026-01-01 17:00:00,2026,1,1,17,Đồng Nai,Phường Tam Hiệp,10.9510733,106.858145,95,Moderate,1,28.8,53,0.0,2.1,15,1007.3,29,32.7,33.5,349.0,31.0,143.0,17.3
2026-01-01 18:00:00,2026,1,1,18,Đồng Nai,Phường Tam Hiệp,10.9510733,106.858145,109,Unhealthy for Sensitive Groups,2,26.4,69,0.0,3.0,155,1008.0,2,36.4,37.4,484.0,40.4,108.0,17.9
2026-01-01 19:00:00,2026,1,1,19,Đồng Nai,Phường Tam Hiệp,10.9510733,106.858145,112,Unhealthy for Sensitive Groups,2,25.5,71,0.0,13.2,163,1008.9,66,48.7,49.6,555.0,55.7,78.0,21.2
2026-01-01 20:00:00,2026,1,1,20,Đồng Nai,Phường Tam Hiệp,10.9510733,106.858145,105,Unhealthy for Sensitive Groups,2,23.9,81,0.0,10.8,142,1009.7,42,32.4,34.3,493.0,46.3,80.0,18.2
2026-01-01 21:00:00,2026,1,1,21,Đồng Nai,Phường Tam Hiệp,10.9510733,106.858145,93,Moderate,1,23.6,81,0.0,11.7,131,1010.2,11,22.1,23.9,367.0,33.5,82.0,14.0
2026-01-01 22:00:00,2026,1,1,22,Đồng Nai,Phường Tam Hiệp,10.9510733,106.858145,78,Moderate,1,23.1,80,0.0,8.2,128,1010.1,47,17.6,19.2,281.0,24.7,81.0,10.8
2026-01-01 23:00:00,2026,1,1,23,Đồng Nai,Phường Tam Hiệp,10.9510733,106.858145,72,Moderate,1,22.6,84,0.0,4.1,105,1010.4,65,16.4,18.0,288.0,23.6,74.0,9.5
2026-01-02 00:00:00,2026,1,2,0,Đồng Nai,Phường Tam Hiệp,10.9510733,106.858145,72,Moderate,1,22.5,86,0.0,1.2,63,1010.3,92,16.3,17.6,335.0,26.5,63.0,9.1
2026-01-02 01:00:00,2026,1,2,1,Đồng Nai,Phường Tam Hiệp,10.9510733,106.858145,73,Moderate,1,22.4,87,0.0,3.1,90,1009.8,100,18.9,20.1,364.0,30.2,52.0,9.4
2026-01-02 02:00:00,2026,1,2,2,Đồng Nai,Phường Tam Hiệp,10.9510733,106.858145,73,Moderate,1,22.2,86,0.0,3.8,45,1009.1,100,21.8,23.1,347.0,34.4,41.0,10.4
2026-01-02 03:00:00,2026,1,2,3,Đồng Nai,Phường Tam Hiệp,10.9510733,106.858145,74,Moderate,1,21.9,88,0.0,6.0,27,1008.6,100,26.0,27.1,311.0,39.4,29.0,12.0
2026-01-02 04:00:00,2026,1,2,4,Đồng Nai,Phường Tam Hiệp,10.9510733,106.858145,75,Moderate,1,21.6,90,0.0,7.4,6,1008.6,100,29.5,30.4,282.0,43.0,21.0,13.8
2026-01-02 05:00:00,2026,1,2,5,Đồng Nai,Phường Tam Hiệp,10.9510733,106.858145,77,Moderate,1,21.2,90,0.0,7.6,356,1008.8,95,31.2,31.9,269.0,44.4,16.0,16.0
2026-01-02 06:00:00,2026,1,2,6,Đồng Nai,Phường Tam Hiệp,10.9510733,106.858145,78,Moderate,1,20.5,82,0.0,8.1,5,1009.4,100,32.7,33.5,262.0,44.4,13.0,18.4
2026-01-02 07:00:00,2026,1,2,7,Đồng Nai,Phường Tam Hiệp,10.9510733,106.858145,79,Moderate,1,21.1,78,0.0,8.7,346,1010.1,95,41.2,43.4,259.0,44.2,19.0,21.0
2026-01-02 08:00:00,2026,1,2,8,Đồng Nai,Phường Tam Hiệp,10.9510733,106.858145,81,Moderate,1,23.1,67,0.0,5.6,354,1011.5,100,34.0,36.1,260.0,42.0,36.0,20.7
2026-01-02 09:00:00,2026,1,2,9,Đồng Nai,Phường Tam Hiệp,10.9510733,106.858145,82,Moderate,1,24.9,62,0.0,3.5,35,1012.1,88,30.6,32.5,265.0,38.9,61.0,20.3
2026-01-02 10:00:00,2026,1,2,10,Đồng Nai,Phường Tam Hiệp,10.9510733,106.858145,83,Moderate,1,26.5,59,0.0,1.8,84,1011.7,79,25.9,27.0,272.0,35.1,84.0,19.3
2026-01-02 11:00:00,2026,1,2,11,Đồng Nai,Phường Tam Hiệp,10.9510733,106.858145,83,Moderate,1,28.2,54,0.0,6.3,165,1011.5,97,22.6,23.7,285.0,30.0,105.0,17.4
2026-01-02 12:00:00,2026,1,2,12,Đồng Nai,Phường Tam Hiệp,10.9510733,106.858145,84,Moderate,1,29.4,52,0.0,8.2,188,1010.5,80,21.4,22.7,300.0,24.3,125.0,15.0
2026-01-02 13:00:00,2026,1,2,13,Đồng Nai,Phường Tam Hiệp,10.9510733,106.858145,84,Moderate,1,30.2,49,0.0,9.1,207,1009.5,15,21.6,23.3,306.0,20.6,139.0,13.2
2026-01-02 14:00:00,2026,1,2,14,Đồng Nai,Phường Tam Hiệp,10.9510733,106.858145,83,Moderate,1,31.0,46,0.0,6.7,199,1008.7,19,22.1,24.4,287.0,19.0,147.0,12.3
2026-01-02 15:00:00,2026,1,2,15,Đồng Nai,Phường Tam Hiệp,10.9510733,106.858145,83,Moderate,1,31.0,45,0.0,5.6,176,1008.3,70,22.6,25.9,259.0,19.5,148.0,11.9
2026-01-02 16:00:00,2026,1,2,16,Đồng Nai,Phường Tam Hiệp,10.9510733,106.858145,82,Moderate,1,30.6,45,0.0,6.1,157,1008.4,24,24.0,27.8,260.0,24.3,140.0,12.7
2026-01-02 17:00:00,2026,1,2,17,Đồng Nai,Phường Tam Hiệp,10.9510733,106.858145,82,Moderate,1,29.2,49,0.0,9.0,160,1008.7,2,28.3,32.7,299.0,37.5,114.0,15.3
2026-01-02 18:00:00,2026,1,2,18,Đồng Nai,Phường Tam Hiệp,10.9510733,106.858145,82,Moderate,1,26.8,59,0.0,11.7,195,1009.3,29,39.9,44.1,367.0,55.0,78.0,19.0
2026-01-02 19:00:00,2026,1,2,19,Đồng Nai,Phường Tam Hiệp,10.9510733,106.858145,82,Moderate,1,26.2,63,0.0,8.5,198,1010.1,24,41.8,44.9,473.0,59.0,51.0,18.5
2026-01-02 20:00:00,2026,1,2,20,Đồng Nai,Phường Tam Hiệp,10.9510733,106.858145,81,Moderate,1,26.0,67,0.0,5.7,208,1010.8,34,36.7,39.2,683.0,56.0,46.0,18.5
2026-01-02 21:00:00,2026,1,2,21,Đồng Nai,Phường Tam Hiệp,10.9510733,106.858145,82,Moderate,1,25.5,79,0.0,0.6,34,1011.4,55,35.6,37.7,931.0,52.1,39.0,18.4
2026-01-02 22:00:00,2026,1,2,22,Đồng Nai,Phường Tam Hiệp,10.9510733,106.858145,83,Moderate,1,25.1,72,0.0,8.3,340,1011.3,14,38.5,41.0,1029.0,49.8,32.0,18.4
2026-01-02 23:00:00,2026,1,2,23,Đồng Nai,Phường Tam Hiệp,10.9510733,106.858145,85,Moderate,1,24.6,67,0.0,10.1,355,1011.3,10,40.4,42.7,835.0,51.0,26.0,18.1
2026-01-03 00:00:00,2026,1,3,0,Đồng Nai,Phường Tam Hiệp,10.9510733,106.858145,87,Moderate,1,23.3,68,0.0,10.1,2,1011.6,12,41.0,43.1,492.0,53.9,19.0,17.9
2026-01-03 01:00:00,2026,1,3,1,Đồng Nai,Phường Tam Hiệp,10.9510733,106.858145,89,Moderate,1,22.7,74,0.0,6.9,353,1011.2,1,41.6,43.7,238.0,55.9,15.0,18.9
2026-01-03 02:00:00,2026,1,3,2,Đồng Nai,Phường Tam Hiệp,10.9510733,106.858145,91,Moderate,1,22.1,77,0.0,5.2,333,1010.9,9,43.1,45.2,176.0,56.1,14.0,22.3
2026-01-03 03:00:00,2026,1,3,3,Đồng Nai,Phường Tam Hiệp,10.9510733,106.858145,93,Moderate,1,21.6,78,0.0,7.4,337,1010.7,0,44.0,46.1,204.0,55.4,14.0,26.8
2026-01-03 04:00:00,2026,1,3,4,Đồng Nai,Phường Tam Hiệp,10.9510733,106.858145,95,Moderate,1,21.0,78,0.0,7.9,356,1010.5,0,44.2,46.3,257.0,54.2,15.0,29.7
2026-01-03 05:00:00,2026,1,3,5,Đồng Nai,Phường Tam Hiệp,10.9510733,106.858145,96,Moderate,1,20.7,78,0.0,7.5,11,1010.8,0,40.2,42.3,335.0,52.3,14.0,29.5
2026-01-03 06:00:00,2026,1,3,6,Đồng Nai,Phường Tam Hiệp,10.9510733,106.858145,97,Moderate,1,20.4,80,0.0,6.1,24,1011.2,0,40.4,42.1,438.0,49.8,13.0,27.8
2026-01-03 07:00:00,2026,1,3,7,Đồng Nai,Phường Tam Hiệp,10.9510733,106.858145,97,Moderate,1,20.9,77,0.0,7.2,12,1011.9,13,47.5,49.1,501.0,45.6,21.0,23.0
2026-01-03 08:00:00,2026,1,3,8,Đồng Nai,Phường Tam Hiệp,10.9510733,106.858145,98,Moderate,1,23.1,69,0.0,5.2,27,1013.0,2,41.3,42.4,490.0,43.9,37.0,23.5
2026-01-03 09:00:00,2026,1,3,9,Đồng Nai,Phường Tam Hiệp,10.9510733,106.858145,99,Moderate,1,25.4,68,0.0,5.6,88,1013.3,1,37.8,39.2,439.0,41.4,59.0,24.2
2026-01-03 10:00:00,2026,1,3,10,Đồng Nai,Phường Tam Hiệp,10.9510733,106.858145,99,Moderate,1,27.2,58,0.0,5.8,146,1013.2,4,35.5,37.1,384.0,38.1,82.0,24.1
2026-01-03 11:00:00,2026,1,3,11,Đồng Nai,Phường Tam Hiệp,10.9510733,106.858145,100,Moderate,1,28.4,53,0.0,5.9,162,1012.8,5,34.7,36.4,332.0,33.5,105.0,22.8
2026-01-03 12:00:00,2026,1,3,12,Đồng Nai,Phường Tam Hiệp,10.9510733,106.858145,101,Unhealthy for Sensitive Groups,2,29.9,48,0.0,5.7,156,1011.7,26,34.3,36.2,277.0,28.2,127.0,20.8
2026-01-03 13:00:00,2026,1,3,13,Đồng Nai,Phường Tam Hiệp,10.9510733,106.858145,103,Unhealthy for Sensitive Groups,2,30.0,46,0.0,6.4,153,1010.6,98,33.8,35.7,238.0,24.2,143.0,18.7
2026-01-03 14:00:00,2026,1,3,14,Đồng Nai,Phường Tam Hiệp,10.9510733,106.858145,104,Unhealthy for Sensitive Groups,2,29.9,46,0.0,6.6,139,1009.5,88,32.4,34.3,219.0,21.3,151.0,16.3
2026-01-03 15:00:00,2026,1,3,15,Đồng Nai,Phường Tam Hiệp,10.9510733,106.858145,105,Unhealthy for Sensitive Groups,2,30.0,46,0.0,4.7,118,1008.9,98,31.0,32.8,216.0,19.6,153.0,13.9
2026-01-03 16:00:00,2026,1,3,16,Đồng Nai,Phường Tam Hiệp,10.9510733,106.858145,106,Unhealthy for Sensitive Groups,2,29.4,47,0.0,5.8,88,1008.6,99,29.3,31.2,238.0,21.8,145.0,12.8
2026-01-03 17:00:00,2026,1,3,17,Đồng Nai,Phường Tam Hiệp,10.9510733,106.858145,106,Unhealthy for Sensitive Groups,2,28.5,48,0.0,10.0,126,1009.2,100,30.0,31.8,296.0,31.1,121.0,13.9
2026-01-03 18:00:00,2026,1,3,18,Đồng Nai,Phường Tam Hiệp,10.9510733,106.858145,107,Unhealthy for Sensitive Groups,2,26.9,56,0.0,10.7,164,1009.5,100,36.7,39.0,379.0,44.3,86.0,16.3
2026-01-03 19:00:00,2026,1,3,19,Đồng Nai,Phường Tam Hiệp,10.9510733,106.858145,106,Unhealthy for Sensitive Groups,2,26.5,62,0.0,9.0,167,1010.0,100,47.7,51.5,457.0,65.9,48.0,21.2
2026-01-03 20:00:00,2026,1,3,20,Đồng Nai,Phường Tam Hiệp,10.9510733,106.858145,107,Unhealthy for Sensitive Groups,2,25.3,69,0.0,7.8,175,1010.9,100,41.1,44.0,537.0,63.4,44.0,21.9
2026-01-03 21:00:00,2026,1,3,21,Đồng Nai,Phường Tam Hiệp,10.9510733,106.858145,107,Unhealthy for Sensitive Groups,2,24.6,78,0.0,2.1,211,1011.0,100,39.1,41.8,613.0,60.0,39.0,22.9
2026-01-03 22:00:00,2026,1,3,22,Đồng Nai,Phường Tam Hiệp,10.9510733,106.858145,108,Unhealthy for Sensitive Groups,2,24.1,77,0.0,7.9,12,1011.3,100,41.9,44.8,634.0,57.6,33.0,23.0
2026-01-03 23:00:00,2026,1,3,23,Đồng Nai,Phường Tam Hiệp,10.9510733,106.858145,108,Unhealthy for Sensitive Groups,2,23.5,79,0.0,4.4,348,1011.5,100,45.8,48.8,554.0,57.4,28.0,21.4
2026-01-04 00:00:00,2026,1,4,0,Đồng Nai,Phường Tam Hiệp,10.9510733,106.858145,109,Unhealthy for Sensitive Groups,2,23.0,75,0.0,6.8,348,1011.7,100,44.9,47.8,420.0,58.4,22.0,18.9
2026-01-04 01:00:00,2026,1,4,1,Đồng Nai,Phường Tam Hiệp,10.9510733,106.858145,109,Unhealthy for Sensitive Groups,2,22.5,71,0.0,7.4,357,1011.2,81,42.6,45.5,319.0,58.8,18.0,17.6
2026-01-04 02:00:00,2026,1,4,2,Đồng Nai,Phường Tam Hiệp,10.9510733,106.858145,109,Unhealthy for Sensitive Groups,2,21.8,73,0.0,7.4,347,1010.8,98,38.6,40.9,290.0,58.5,15.0,18.5
2026-01-04 03:00:00,2026,1,4,3,Đồng Nai,Phường Tam Hiệp,10.9510733,106.858145,109,Unhealthy for Sensitive Groups,2,21.3,74,0.0,8.6,348,1010.3,85,36.7,38.5,294.0,57.8,13.0,20.4
2026-01-04 04:00:00,2026,1,4,4,Đồng Nai,Phường Tam Hiệp,10.9510733,106.858145,108,Unhealthy for Sensitive Groups,2,20.9,76,0.0,9.0,360,1010.5,100,35.7,37.6,305.0,55.9,13.0,22.0
2026-01-04 05:00:00,2026,1,4,5,Đồng Nai,Phường Tam Hiệp,10.9510733,106.858145,107,Unhealthy for Sensitive Groups,2,20.5,77,0.0,8.2,352,1011.1,71,34.6,36.2,321.0,52.2,15.0,22.8
2026-01-04 06:00:00,2026,1,4,6,Đồng Nai,Phường Tam Hiệp,10.9510733,106.858145,106,Unhealthy for Sensitive Groups,2,20.1,78,0.0,7.7,344,1011.4,91,32.6,34.2,344.0,47.4,18.0,23.3
2026-01-04 07:00:00,2026,1,4,7,Đồng Nai,Phường Tam Hiệp,10.9510733,106.858145,106,Unhealthy for Sensitive Groups,2,20.7,80,0.0,9.2,337,1012.1,70,33.3,34.7,355.0,42.0,25.0,23.7
2026-01-04 08:00:00,2026,1,4,8,Đồng Nai,Phường Tam Hiệp,10.9510733,106.858145,104,Unhealthy for Sensitive Groups,2,22.8,68,0.0,8.6,349,1013.1,80,30.7,32.1,342.0,38.4,41.0,22.9
2026-01-04 09:00:00,2026,1,4,9,Đồng Nai,Phường Tam Hiệp,10.9510733,106.858145,103,Unhealthy for Sensitive Groups,2,24.8,61,0.0,8.0,6,1013.8,30,27.9,30.2,317.0,33.4,64.0,21.8
2026-01-04 10:00:00,2026,1,4,10,Đồng Nai,Phường Tam Hiệp,10.9510733,106.858145,102,Unhealthy for Sensitive Groups,2,26.8,54,0.0,6.8,17,1013.1,67,26.5,28.9,292.0,28.4,87.0,20.1
2026-01-04 11:00:00,2026,1,4,11,Đồng Nai,Phường Tam Hiệp,10.9510733,106.858145,101,Unhealthy for Sensitive Groups,2,28.7,48,0.0,5.6,22,1011.9,96,24.6,26.6,271.0,23.6,110.0,17.4
2026-01-04 12:00:00,2026,1,4,12,Đồng Nai,Phường Tam Hiệp,10.9510733,106.858145,100,Moderate,1,30.1,44,0.0,4.1,13,1010.7,62,23.3,25.4,251.0,18.8,133.0,14.2
2026-01-04 13:00:00,2026,1,4,13,Đồng Nai,Phường Tam Hiệp,10.9510733,106.858145,99,Moderate,1,30.8,41,0.0,3.8,11,1009.8,2,22.4,24.6,236.0,15.7,150.0,11.8
2026-01-04 14:00:00,2026,1,4,14,Đồng Nai,Phường Tam Hiệp,10.9510733,106.858145,98,Moderate,1,31.6,38,0.0,5.9,31,1008.6,19,22.4,24.6,221.0,14.3,160.0,10.5
2026-01-04 15:00:00,2026,1,4,15,Đồng Nai,Phường Tam Hiệp,10.9510733,106.858145,97,Moderate,1,32.0,38,0.0,6.7,52,1008.1,99,23.0,25.1,212.0,14.6,164.0,10.1
2026-01-04 16:00:00,2026,1,4,16,Đồng Nai,Phường Tam Hiệp,10.9510733,106.858145,96,Moderate,1,31.5,40,0.0,3.0,38,1007.8,100,23.9,26.0,224.0,17.8,162.0,11.0
2026-01-04 17:00:00,2026,1,4,17,Đồng Nai,Phường Tam Hiệp,10.9510733,106.858145,96,Moderate,1,30.6,42,0.0,6.2,8,1008.2,100,32.1,33.6,277.0,27.0,153.0,14.3
2026-01-04 18:00:00,2026,1,4,18,Đồng Nai,Phường Tam Hiệp,10.9510733,106.858145,105,Unhealthy for Sensitive Groups,2,28.8,52,0.0,7.6,86,1008.8,100,43.5,45.1,352.0,39.1,138.0,18.9
2026-01-04 19:00:00,2026,1,4,19,Đồng Nai,Phường Tam Hiệp,10.9510733,106.858145,115,Unhealthy for Sensitive Groups,2,26.0,67,0.0,15.4,139,1009.9,100,55.5,57.5,409.0,62.7,80.0,22.8
2026-01-04 20:00:00,2026,1,4,20,Đồng Nai,Phường Tam Hiệp,10.9510733,106.858145,109,Unhealthy for Sensitive Groups,2,25.0,70,0.0,9.7,153,1011.1,100,51.1,53.0,423.0,54.7,86.0,21.9
2026-01-04 21:00:00,2026,1,4,21,Đồng Nai,Phường Tam Hiệp,10.9510733,106.858145,99,Moderate,1,24.5,74,0.0,6.8,163,1011.3,100,41.3,43.0,418.0,43.9,92.0,20.6
2026-01-04 22:00:00,2026,1,4,22,Đồng Nai,Phường Tam Hiệp,10.9510733,106.858145,98,Moderate,1,24.2,79,0.0,5.0,134,1011.4,100,33.6,34.9,427.0,36.8,93.0,19.7
2026-01-04 23:00:00,2026,1,4,23,Đồng Nai,Phường Tam Hiệp,10.9510733,106.858145,98,Moderate,1,23.9,85,0.0,0.9,53,1011.2,100,32.1,34.2,477.0,36.7,82.0,19.3
2026-01-05 00:00:00,2026,1,5,0,Đồng Nai,Phường Tam Hiệp,10.9510733,106.858145,97,Moderate,1,23.6,88,0.0,0.6,18,1011.2,100,33.3,35.5,541.0,40.5,64.0,19.2
2026-01-05 01:00:00,2026,1,5,1,Đồng Nai,Phường Tam Hiệp,10.9510733,106.858145,96,Moderate,1,23.5,88,0.0,1.0,315,1010.7,100,36.6,39.0,567.0,45.2,48.0,20.0
2026-01-05 02:00:00,2026,1,5,2,Đồng Nai,Phường Tam Hiệp,10.9510733,106.858145,95,Moderate,1,23.4,88,0.0,4.3,2,1010.2,96,39.8,42.4,519.0,50.8,36.0,21.8
2026-01-05 03:00:00,2026,1,5,3,Đồng Nai,Phường Tam Hiệp,10.9510733,106.858145,95,Moderate,1,23.2,88,0.0,7.6,357,1009.6,98,42.3,44.9,434.0,57.3,26.0,24.3
2026-01-05 04:00:00,2026,1,5,4,Đồng Nai,Phường Tam Hiệp,10.9510733,106.858145,96,Moderate,1,23.1,86,0.0,6.0,335,1009.4,100,42.3,44.9,369.0,62.5,18.0,27.4
2026-01-05 05:00:00,2026,1,5,5,Đồng Nai,Phường Tam Hiệp,10.9510733,106.858145,96,Moderate,1,23.3,85,0.0,4.1,331,1009.8,100,43.1,45.6,352.0,65.7,12.0,31.4
2026-01-05 06:00:00,2026,1,5,6,Đồng Nai,Phường Tam Hiệp,10.9510733,106.858145,97,Moderate,1,23.4,84,0.0,5.5,337,1010.3,100,44.0,46.1,356.0,67.6,9.0,35.9
2026-01-05 07:00:00,2026,1,5,7,Đồng Nai,Phường Tam Hiệp,10.9510733,106.858145,98,Moderate,1,23.5,85,0.0,5.2,346,1011.1,99,46.3,48.4,355.0,60.8,10.0,32.2
2026-01-05 08:00:00,2026,1,5,8,Đồng Nai,Phường Tam Hiệp,10.9510733,106.858145,99,Moderate,1,25.0,73,0.0,5.3,350,1012.0,97,46.3,48.5,338.0,58.2,25.0,36.4
2026-01-05 09:00:00,2026,1,5,9,Đồng Nai,Phường Tam Hiệp,10.9510733,106.858145,101,Unhealthy for Sensitive Groups,2,26.8,63,0.0,3.9,338,1012.4,95,42.8,44.8,316.0,54.4,46.0,41.9
2026-01-05 10:00:00,2026,1,5,10,Đồng Nai,Phường Tam Hiệp,10.9510733,106.858145,102,Unhealthy for Sensitive Groups,2,28.5,58,0.0,3.7,325,1012.2,36,39.5,41.1,297.0,50.0,69.0,44.7
2026-01-05 11:00:00,2026,1,5,11,Đồng Nai,Phường Tam Hiệp,10.9510733,106.858145,103,Unhealthy for Sensitive Groups,2,30.0,53,0.0,4.0,342,1011.6,98,35.7,36.7,284.0,43.9,94.0,42.1
2026-01-05 12:00:00,2026,1,5,12,Đồng Nai,Phường Tam Hiệp,10.9510733,106.858145,105,Unhealthy for Sensitive Groups,2,30.8,50,0.0,3.1,13,1010.9,99,34.5,35.4,274.0,37.3,121.0,36.8
2026-01-05 13:00:00,2026,1,5,13,Đồng Nai,Phường Tam Hiệp,10.9510733,106.858145,106,Unhealthy for Sensitive Groups,2,30.5,51,0.0,4.2,10,1010.0,100,33.8,34.6,263.0,33.7,137.0,32.3
2026-01-05 14:00:00,2026,1,5,14,Đồng Nai,Phường Tam Hiệp,10.9510733,106.858145,107,Unhealthy for Sensitive Groups,2,31.7,47,0.0,4.8,20,1009.0,100,35.9,36.8,242.0,35.4,139.0,30.2
2026-01-05 15:00:00,2026,1,5,15,Đồng Nai,Phường Tam Hiệp,10.9510733,106.858145,108,Unhealthy for Sensitive Groups,2,31.8,45,0.0,4.5,29,1008.4,100,37.1,38.2,220.0,40.2,130.0,28.9
2026-01-05 16:00:00,2026,1,5,16,Đồng Nai,Phường Tam Hiệp,10.9510733,106.858145,110,Unhealthy for Sensitive Groups,2,31.0,48,0.0,1.8,336,1008.7,100,33.8,34.8,226.0,45.3,116.0,27.2
2026-01-05 17:00:00,2026,1,5,17,Đồng Nai,Phường Tam Hiệp,10.9510733,106.858145,111,Unhealthy for Sensitive Groups,2,30.2,51,0.0,6.1,326,1009.3,92,34.2,35.4,289.0,50.3,93.0,24.2
2026-01-05 18:00:00,2026,1,5,18,Đồng Nai,Phường Tam Hiệp,10.9510733,106.858145,111,Unhealthy for Sensitive Groups,2,27.5,66,0.1,6.1,40,1010.6,100,36.6,37.6,380.0,55.7,63.0,20.7
2026-01-05 19:00:00,2026,1,5,19,Đồng Nai,Phường Tam Hiệp,10.9510733,106.858145,110,Unhealthy for Sensitive Groups,2,24.5,91,0.0,7.3,110,1011.2,100,35.6,37.3,439.0,46.4,69.0,15.7
2026-01-05 20:00:00,2026,1,5,20,Đồng Nai,Phường Tam Hiệp,10.9510733,106.858145,108,Unhealthy for Sensitive Groups,2,24.5,96,0.3,7.7,114,1011.9,100,30.0,32.4,432.0,43.1,61.0,14.5
2026-01-05 21:00:00,2026,1,5,21,Đồng Nai,Phường Tam Hiệp,10.9510733,106.858145,106,Unhealthy for Sensitive Groups,2,24.5,94,0.0,9.1,126,1012.1,98,25.0,26.8,394.0,38.6,50.0,12.8
2026-01-05 22:00:00,2026,1,5,22,Đồng Nai,Phường Tam Hiệp,10.9510733,106.858145,104,Unhealthy for Sensitive Groups,2,24.0,94,0.0,8.2,151,1011.8,100,24.0,25.7,368.0,36.1,40.0,11.6
2026-01-05 23:00:00,2026,1,5,23,Đồng Nai,Phường Tam Hiệp,10.9510733,106.858145,103,Unhealthy for Sensitive Groups,2,23.6,96,0.0,2.3,148,1011.5,87,25.1,26.8,373.0,37.2,32.0,11.1
2026-01-06 00:00:00,2026,1,6,0,Đồng Nai,Phường Tam Hiệp,10.9510733,106.858145,103,Unhealthy for Sensitive Groups,2,23.7,95,0.0,0.2,90,1011.2,83,26.4,28.1,390.0,40.3,26.0,11.0
2026-01-06 01:00:00,2026,1,6,1,Đồng Nai,Phường Tam Hiệp,10.9510733,106.858145,102,Unhealthy for Sensitive Groups,2,24.1,95,0.0,2.2,114,1010.5,100,25.6,27.4,403.0,43.6,20.0,11.5
2026-01-06 02:00:00,2026,1,6,2,Đồng Nai,Phường Tam Hiệp,10.9510733,106.858145,101,Unhealthy for Sensitive Groups,2,24.0,96,0.0,1.5,159,1010.5,100,25.4,27.2,408.0,46.7,16.0,12.3
2026-01-06 03:00:00,2026,1,6,3,Đồng Nai,Phường Tam Hiệp,10.9510733,106.858145,99,Moderate,1,23.9,97,0.0,3.3,299,1010.1,100,26.3,28.1,408.0,50.0,13.0,13.5
2026-01-06 04:00:00,2026,1,6,4,Đồng Nai,Phường Tam Hiệp,10.9510733,106.858145,98,Moderate,1,23.5,99,0.0,5.0,330,1010.0,98,27.2,29.0,400.0,52.5,11.0,16.1
2026-01-06 05:00:00,2026,1,6,5,Đồng Nai,Phường Tam Hiệp,10.9510733,106.858145,97,Moderate,1,23.5,99,0.0,6.2,334,1010.4,99,29.4,31.4,378.0,54.1,10.0,21.1
2026-01-06 06:00:00,2026,1,6,6,Đồng Nai,Phường Tam Hiệp,10.9510733,106.858145,95,Moderate,1,23.4,98,0.0,8.4,340,1010.6,99,34.8,36.9,348.0,55.0,11.0,27.3
2026-01-06 07:00:00,2026,1,6,7,Đồng Nai,Phường Tam Hiệp,10.9510733,106.858145,95,Moderate,1,23.7,97,0.0,4.8,335,1011.5,100,38.2,40.7,320.0,47.0,16.0,16.1
2026-01-06 08:00:00,2026,1,6,8,Đồng Nai,Phường Tam Hiệp,10.9510733,106.858145,94,Moderate,1,25.0,89,0.0,3.2,344,1012.2,100,24.7,27.2,300.0,44.9,27.0,16.0
2026-01-06 09:00:00,2026,1,6,9,Đồng Nai,Phường Tam Hiệp,10.9510733,106.858145,92,Moderate,1,26.2,81,0.0,4.0,328,1012.6,100,21.7,24.6,284.0,42.1,43.0,15.9
2026-01-06 10:00:00,2026,1,6,10,Đồng Nai,Phường Tam Hiệp,10.9510733,106.858145,90,Moderate,1,27.5,74,0.1,3.4,335,1012.4,100,24.3,28.2,267.0,39.7,57.0,15.6
2026-01-06 11:00:00,2026,1,6,11,Đồng Nai,Phường Tam Hiệp,10.9510733,106.858145,89,Moderate,1,28.4,69,0.1,3.8,5,1011.9,100,24.2,26.4,247.0,38.3,69.0,15.0
2026-01-06 12:00:00,2026,1,6,12,Đồng Nai,Phường Tam Hiệp,10.9510733,106.858145,88,Moderate,1,29.0,66,0.0,4.2,18,1011.2,100,22.8,24.2,228.0,37.4,79.0,14.3
2026-01-06 13:00:00,2026,1,6,13,Đồng Nai,Phường Tam Hiệp,10.9510733,106.858145,87,Moderate,1,29.1,66,0.0,3.0,237,1010.7,88,22.5,23.8,216.0,36.9,86.0,13.7
2026-01-06 14:00:00,2026,1,6,14,Đồng Nai,Phường Tam Hiệp,10.9510733,106.858145,86,Moderate,1,28.9,65,0.0,4.0,85,1009.5,100,22.6,23.9,211.0,35.8,90.0,12.8
2026-01-06 15:00:00,2026,1,6,15,Đồng Nai,Phường Tam Hiệp,10.9510733,106.858145,85,Moderate,1,26.5,82,9.9,13.0,96,1009.5,100,23.5,24.7,213.0,35.2,91.0,12.0
2026-01-06 16:00:00,2026,1,6,16,Đồng Nai,Phường Tam Hiệp,10.9510733,106.858145,83,Moderate,1,24.3,93,12.7,9.9,212,1010.1,100,24.4,25.3,234.0,38.1,87.0,12.5
2026-01-06 17:00:00,2026,1,6,17,Đồng Nai,Phường Tam Hiệp,10.9510733,106.858145,82,Moderate,1,24.5,93,2.5,2.2,166,1010.1,100,26.8,29.3,296.0,48.6,73.0,15.9
2026-01-06 18:00:00,2026,1,6,18,Đồng Nai,Phường Tam Hiệp,10.9510733,106.858145,82,Moderate,1,24.0,91,3.5,1.4,220,1011.1,100,34.0,37.3,376.0,62.6,53.0,20.7
2026-01-06 19:00:00,2026,1,6,19,Đồng Nai,Phường Tam Hiệp,10.9510733,106.858145,82,Moderate,1,25.0,88,0.7,9.5,189,1011.5,100,25.9,27.9,419.0,46.2,50.0,14.5
2026-01-06 20:00:00,2026,1,6,20,Đồng Nai,Phường Tam Hiệp,10.9510733,106.858145,81,Moderate,1,24.5,91,0.0,5.3,57,1012.8,100,26.4,28.1,390.0,47.9,45.0,16.7
2026-01-06 21:00:00,2026,1,6,21,Đồng Nai,Phường Tam Hiệp,10.9510733,106.858145,80,Moderate,1,23.6,93,0.6,10.1,33,1013.4,100,30.5,32.2,324.0,50.3,38.0,19.6
2026-01-06 22:00:00,2026,1,6,22,Đồng Nai,Phường Tam Hiệp,10.9510733,106.858145,81,Moderate,1,23.9,93,0.2,3.1,347,1012.7,100,38.9,40.6,271.0,52.0,32.0,21.4
2026-01-06 23:00:00,2026,1,6,23,Đồng Nai,Phường Tam Hiệp,10.9510733,106.858145,82,Moderate,1,23.5,94,0.0,7.3,350,1012.4,99,39.9,41.4,250.0,52.6,28.0,21.0
2026-01-07 00:00:00,2026,1,7,0,Đồng Nai,Phường Tam Hiệp,10.9510733,106.858145,84,Moderate,1,23.3,88,0.0,11.2,2,1012.2,100,36.3,37.7,242.0,52.6,25.0,19.4
2026-01-07 01:00:00,2026,1,7,1,Đồng Nai,Phường Tam Hiệp,10.9510733,106.858145,84,Moderate,1,22.9,80,0.0,11.2,5,1011.6,100,35.0,36.3,238.0,52.3,23.0,18.5
2026-01-07 02:00:00,2026,1,7,2,Đồng Nai,Phường Tam Hiệp,10.9510733,106.858145,85,Moderate,1,22.1,78,0.0,9.9,12,1011.1,100,33.5,34.2,231.0,51.5,23.0,18.8
2026-01-07 03:00:00,2026,1,7,3,Đồng Nai,Phường Tam Hiệp,10.9510733,106.858145,86,Moderate,1,21.9,76,0.0,10.1,5,1010.6,100,31.9,32.4,228.0,50.5,25.0,19.7
2026-01-07 04:00:00,2026,1,7,4,Đồng Nai,Phường Tam Hiệp,10.9510733,106.858145,86,Moderate,1,21.7,74,0.0,9.6,12,1010.5,98,31.3,31.9,237.0,50.4,26.0,21.2
2026-01-07 05:00:00,2026,1,7,5,Đồng Nai,Phường Tam Hiệp,10.9510733,106.858145,87,Moderate,1,21.5,75,0.0,8.2,15,1011.0,99,31.8,32.2,272.0,52.9,22.0,24.2
2026-01-07 06:00:00,2026,1,7,6,Đồng Nai,Phường Tam Hiệp,10.9510733,106.858145,87,Moderate,1,21.5,75,0.0,7.3,20,1011.6,99,34.1,34.6,320.0,56.3,18.0,27.8
2026-01-07 07:00:00,2026,1,7,7,Đồng Nai,Phường Tam Hiệp,10.9510733,106.858145,87,Moderate,1,22.5,83,0.0,7.2,18,1012.2,99,55.3,56.6,352.0,55.6,21.0,32.2
2026-01-07 08:00:00,2026,1,7,8,Đồng Nai,Phường Tam Hiệp,10.9510733,106.858145,89,Moderate,1,24.0,80,0.0,5.7,18,1013.2,100,55.5,56.2,351.0,55.1,31.0,32.1
2026-01-07 09:00:00,2026,1,7,9,Đồng Nai,Phường Tam Hiệp,10.9510733,106.858145,91,Moderate,1,25.0,78,0.0,4.0,3,1013.8,82,52.0,53.0,334.0,54.2,47.0,31.8
2026-01-07 10:00:00,2026,1,7,10,Đồng Nai,Phường Tam Hiệp,10.9510733,106.858145,94,Moderate,1,26.5,70,0.0,1.8,307,1013.6,50,41.6,42.7,318.0,52.0,65.0,30.8
2026-01-07 11:00:00,2026,1,7,11,Đồng Nai,Phường Tam Hiệp,10.9510733,106.858145,95,Moderate,1,27.8,66,0.0,2.8,297,1013.0,92,36.9,38.2,308.0,46.9,88.0,28.4
2026-01-07 12:00:00,2026,1,7,12,Đồng Nai,Phường Tam Hiệp,10.9510733,106.858145,97,Moderate,1,28.9,60,0.0,5.1,302,1012.0,96,36.6,37.8,298.0,40.5,114.0,25.2
2026-01-07 13:00:00,2026,1,7,13,Đồng Nai,Phường Tam Hiệp,10.9510733,106.858145,98,Moderate,1,29.4,57,0.0,5.7,298,1011.0,39,36.9,38.2,294.0,36.1,135.0,23.2
2026-01-07 14:00:00,2026,1,7,14,Đồng Nai,Phường Tam Hiệp,10.9510733,106.858145,99,Moderate,1,30.0,53,0.0,6.9,337,1010.1,62,38.1,39.3,291.0,35.0,149.0,23.4
2026-01-07 15:00:00,2026,1,7,15,Đồng Nai,Phường Tam Hiệp,10.9510733,106.858145,101,Unhealthy for Sensitive Groups,2,30.1,49,0.0,5.6,320,1009.5,17,39.7,40.9,294.0,35.9,158.0,24.7
2026-01-07 16:00:00,2026,1,7,16,Đồng Nai,Phường Tam Hiệp,10.9510733,106.858145,102,Unhealthy for Sensitive Groups,2,30.6,47,0.0,3.2,236,1009.4,28,39.6,40.7,317.0,38.3,156.0,25.3
2026-01-07 17:00:00,2026,1,7,17,Đồng Nai,Phường Tam Hiệp,10.9510733,106.858145,104,Unhealthy for Sensitive Groups,2,29.9,55,0.0,3.7,141,1009.8,89,39.9,41.0,385.0,43.8,134.0,24.4
2026-01-07 18:00:00,2026,1,7,18,Đồng Nai,Phường Tam Hiệp,10.9510733,106.858145,105,Unhealthy for Sensitive Groups,2,27.5,65,0.0,9.4,156,1010.8,99,41.4,42.4,473.0,50.8,101.0,22.8
2026-01-07 19:00:00,2026,1,7,19,Đồng Nai,Phường Tam Hiệp,10.9510733,106.858145,106,Unhealthy for Sensitive Groups,2,25.1,75,0.0,15.2,164,1011.8,100,36.3,37.3,523.0,50.4,75.0,19.5
2026-01-07 20:00:00,2026,1,7,20,Đồng Nai,Phường Tam Hiệp,10.9510733,106.858145,107,Unhealthy for Sensitive Groups,2,24.5,77,0.0,7.4,113,1012.8,94,32.7,34.1,500.0,45.2,70.0,17.2
2026-01-07 21:00:00,2026,1,7,21,Đồng Nai,Phường Tam Hiệp,10.9510733,106.858145,108,Unhealthy for Sensitive Groups,2,24.0,83,0.1,3.9,13,1013.1,87,29.2,30.2,440.0,38.0,62.0,14.0
2026-01-07 22:00:00,2026,1,7,22,Đồng Nai,Phường Tam Hiệp,10.9510733,106.858145,108,Unhealthy for Sensitive Groups,2,23.9,83,0.0,8.1,354,1012.9,99,25.9,26.4,391.0,33.0,55.0,11.3
2026-01-07 23:00:00,2026,1,7,23,Đồng Nai,Phường Tam Hiệp,10.9510733,106.858145,106,Unhealthy for Sensitive Groups,2,23.5,75,0.0,8.9,6,1012.6,98,26.2,26.6,372.0,31.8,49.0,9.4
2026-01-08 00:00:00,2026,1,8,0,Đồng Nai,Phường Tam Hiệp,10.9510733,106.858145,105,Unhealthy for Sensitive Groups,2,22.1,74,0.0,9.2,360,1012.5,100,24.7,25.1,363.0,32.7,44.0,8.0
2026-01-08 01:00:00,2026,1,8,1,Đồng Nai,Phường Tam Hiệp,10.9510733,106.858145,104,Unhealthy for Sensitive Groups,2,21.6,77,0.0,8.8,345,1012.0,100,25.0,25.4,359.0,35.3,38.0,8.1
2026-01-08 02:00:00,2026,1,8,2,Đồng Nai,Phường Tam Hiệp,10.9510733,106.858145,103,Unhealthy for Sensitive Groups,2,21.1,80,0.0,6.6,349,1012.0,98,27.4,27.7,353.0,40.7,31.0,10.6
2026-01-08 03:00:00,2026,1,8,3,Đồng Nai,Phường Tam Hiệp,10.9510733,106.858145,102,Unhealthy for Sensitive Groups,2,20.8,82,0.0,7.0,360,1011.9,9,31.5,31.9,351.0,47.7,24.0,14.6
2026-01-08 04:00:00,2026,1,8,4,Đồng Nai,Phường Tam Hiệp,10.9510733,106.858145,102,Unhealthy for Sensitive Groups,2,20.4,84,0.0,5.4,2,1012.2,3,35.4,35.7,361.0,52.4,19.0,18.6
2026-01-08 05:00:00,2026,1,8,5,Đồng Nai,Phường Tam Hiệp,10.9510733,106.858145,102,Unhealthy for Sensitive Groups,2,20.1,86,0.0,4.6,11,1012.8,2,38.9,39.1,392.0,52.7,17.0,22.6
2026-01-08 06:00:00,2026,1,8,6,Đồng Nai,Phường Tam Hiệp,10.9510733,106.858145,103,Unhealthy for Sensitive Groups,2,20.0,87,0.0,5.0,13,1013.5,7,42.0,42.3,434.0,50.7,17.0,26.6
2026-01-08 07:00:00,2026,1,8,7,Đồng Nai,Phường Tam Hiệp,10.9510733,106.858145,104,Unhealthy for Sensitive Groups,2,20.9,81,0.0,6.0,344,1014.1,8,44.6,45.3,466.0,41.6,22.0,17.8
2026-01-08 08:00:00,2026,1,8,8,Đồng Nai,Phường Tam Hiệp,10.9510733,106.858145,103,Unhealthy for Sensitive Groups,2,22.5,70,0.0,6.3,360,1015.1,4,36.2,36.7,482.0,39.4,38.0,17.0
2026-01-08 09:00:00,2026,1,8,9,Đồng Nai,Phường Tam Hiệp,10.9510733,106.858145,101,Unhealthy for Sensitive Groups,2,24.2,63,0.0,6.6,11,1015.6,3,32.0,32.8,489.0,36.1,62.0,16.0
2026-01-08 10:00:00,2026,1,8,10,Đồng Nai,Phường Tam Hiệp,10.9510733,106.858145,99,Moderate,1,25.5,61,0.0,5.6,2,1015.2,61,27.7,28.6,480.0,32.3,84.0,14.8
2026-01-08 11:00:00,2026,1,8,11,Đồng Nai,Phường Tam Hiệp,10.9510733,106.858145,98,Moderate,1,26.4,60,0.0,3.4,6,1014.4,98,25.7,26.5,448.0,27.3,105.0,13.6
2026-01-08 12:00:00,2026,1,8,12,Đồng Nai,Phường Tam Hiệp,10.9510733,106.858145,97,Moderate,1,28.0,56,0.0,3.8,11,1013.4,93,25.7,26.5,401.0,21.7,125.0,12.2
2026-01-08 13:00:00,2026,1,8,13,Đồng Nai,Phường Tam Hiệp,10.9510733,106.858145,96,Moderate,1,28.4,53,0.0,4.7,28,1012.5,100,24.2,25.0,361.0,17.6,139.0,11.1
2026-01-08 14:00:00,2026,1,8,14,Đồng Nai,Phường Tam Hiệp,10.9510733,106.858145,95,Moderate,1,28.9,50,0.0,5.4,20,1011.5,100,23.2,23.9,334.0,14.9,148.0,10.2
2026-01-08 15:00:00,2026,1,8,15,Đồng Nai,Phường Tam Hiệp,10.9510733,106.858145,93,Moderate,1,29.2,48,0.0,5.8,356,1010.5,98,22.8,23.4,313.0,13.8,150.0,9.4
2026-01-08 16:00:00,2026,1,8,16,Đồng Nai,Phường Tam Hiệp,10.9510733,106.858145,92,Moderate,1,29.8,42,0.0,8.7,347,1010.2,98,22.3,22.9,303.0,17.0,143.0,9.2
2026-01-08 17:00:00,2026,1,8,17,Đồng Nai,Phường Tam Hiệp,10.9510733,106.858145,90,Moderate,1,28.6,46,0.0,9.4,1,1010.6,100,23.2,23.7,311.0,28.4,118.0,10.0
2026-01-08 18:00:00,2026,1,8,18,Đồng Nai,Phường Tam Hiệp,10.9510733,106.858145,89,Moderate,1,26.5,52,0.0,12.7,15,1011.3,100,33.8,34.6,329.0,44.1,83.0,11.3
2026-01-08 19:00:00,2026,1,8,19,Đồng Nai,Phường Tam Hiệp,10.9510733,106.858145,88,Moderate,1,25.2,70,0.0,7.4,133,1012.7,48,37.0,38.2,343.0,38.1,77.0,10.9
2026-01-08 20:00:00,2026,1,8,20,Đồng Nai,Phường Tam Hiệp,10.9510733,106.858145,88,Moderate,1,23.9,78,0.0,8.1,125,1013.8,18,33.6,34.8,346.0,38.4,68.0,10.1
2026-01-08 21:00:00,2026,1,8,21,Đồng Nai,Phường Tam Hiệp,10.9510733,106.858145,88,Moderate,1,23.5,80,0.0,3.1,31,1014.1,80,32.5,33.6,344.0,38.7,55.0,9.1
2026-01-08 22:00:00,2026,1,8,22,Đồng Nai,Phường Tam Hiệp,10.9510733,106.858145,88,Moderate,1,22.5,65,0.0,11.0,2,1013.8,36,36.7,38.6,337.0,39.0,45.0,8.8
2026-01-08 23:00:00,2026,1,8,23,Đồng Nai,Phường Tam Hiệp,10.9510733,106.858145,89,Moderate,1,20.9,63,0.0,9.2,358,1013.2,98,33.4,34.7,323.0,39.1,41.0,9.7
2026-01-09 00:00:00,2026,1,9,0,Đồng Nai,Phường Tam Hiệp,10.9510733,106.858145,90,Moderate,1,20.0,66,0.0,8.6,348,1013.1,100,29.5,30.0,305.0,39.1,39.0,11.4
2026-01-09 01:00:00,2026,1,9,1,Đồng Nai,Phường Tam Hiệp,10.9510733,106.858145,90,Moderate,1,19.7,67,0.0,10.5,335,1013.0,100,27.5,27.9,292.0,39.1,38.0,13.0
2026-01-09 02:00:00,2026,1,9,2,Đồng Nai,Phường Tam Hiệp,10.9510733,106.858145,91,Moderate,1,19.0,68,0.0,10.2,346,1012.4,100,26.3,26.5,285.0,39.1,37.0,14.3
2026-01-09 03:00:00,2026,1,9,3,Đồng Nai,Phường Tam Hiệp,10.9510733,106.858145,91,Moderate,1,18.5,69,0.0,11.0,360,1012.2,99,25.6,25.8,283.0,39.1,36.0,15.6
2026-01-09 04:00:00,2026,1,9,4,Đồng Nai,Phường Tam Hiệp,10.9510733,106.858145,90,Moderate,1,18.0,72,0.0,9.7,3,1012.1,100,25.7,25.8,291.0,39.2,35.0,16.9
2026-01-09 05:00:00,2026,1,9,5,Đồng Nai,Phường Tam Hiệp,10.9510733,106.858145,89,Moderate,1,17.6,77,0.0,7.2,359,1012.9,98,26.1,26.4,319.0,40.0,32.0,18.4
2026-01-09 06:00:00,2026,1,9,6,Đồng Nai,Phường Tam Hiệp,10.9510733,106.858145,88,Moderate,1,17.2,83,0.0,6.9,354,1013.7,99,27.2,27.5,357.0,41.1,28.0,19.9
2026-01-09 07:00:00,2026,1,9,7,Đồng Nai,Phường Tam Hiệp,10.9510733,106.858145,87,Moderate,1,17.9,82,0.0,8.5,348,1014.3,5,31.4,31.9,383.0,39.9,39.0,19.5
2026-01-09 08:00:00,2026,1,9,8,Đồng Nai,Phường Tam Hiệp,10.9510733,106.858145,86,Moderate,1,19.6,71,0.0,6.6,13,1015.4,2,32.8,33.4,387.0,36.9,50.0,18.8
2026-01-09 09:00:00,2026,1,9,9,Đồng Nai,Phường Tam Hiệp,10.9510733,106.858145,85,Moderate,1,21.7,65,0.0,5.7,41,1015.7,0,32.6,33.3,379.0,32.6,67.0,17.7
2026-01-09 10:00:00,2026,1,9,10,Đồng Nai,Phường Tam Hiệp,10.9510733,106.858145,85,Moderate,1,23.7,58,0.0,3.7,55,1015.0,45,30.2,31.3,369.0,28.7,84.0,16.5
2026-01-09 11:00:00,2026,1,9,11,Đồng Nai,Phường Tam Hiệp,10.9510733,106.858145,86,Moderate,1,25.1,56,0.0,3.0,104,1014.1,98,28.4,29.6,359.0,25.6,103.0,14.9
2026-01-09 12:00:00,2026,1,9,12,Đồng Nai,Phường Tam Hiệp,10.9510733,106.858145,86,Moderate,1,26.3,54,0.0,2.1,110,1012.9,98,28.1,29.3,347.0,23.0,123.0,13.1
2026-01-09 13:00:00,2026,1,9,13,Đồng Nai,Phường Tam Hiệp,10.9510733,106.858145,86,Moderate,1,26.5,52,0.0,1.4,360,1011.6,97,28.6,29.7,337.0,21.4,139.0,12.3
2026-01-09 14:00:00,2026,1,9,14,Đồng Nai,Phường Tam Hiệp,10.9510733,106.858145,86,Moderate,1,27.8,48,0.0,3.6,360,1010.5,98,29.7,30.7,322.0,20.3,153.0,13.2
2026-01-09 15:00:00,2026,1,9,15,Đồng Nai,Phường Tam Hiệp,10.9510733,106.858145,87,Moderate,1,27.9,46,0.0,4.3,15,1010.3,98,31.2,32.2,309.0,20.2,164.0,15.1
2026-01-09 16:00:00,2026,1,9,16,Đồng Nai,Phường Tam Hiệp,10.9510733,106.858145,88,Moderate,1,27.9,46,0.0,2.0,63,1010.3,98,31.7,32.7,328.0,23.0,164.0,16.8
2026-01-09 17:00:00,2026,1,9,17,Đồng Nai,Phường Tam Hiệp,10.9510733,106.858145,89,Moderate,1,27.7,46,0.0,5.1,163,1010.4,92,34.7,35.5,414.0,31.2,145.0,18.0
2026-01-09 18:00:00,2026,1,9,18,Đồng Nai,Phường Tam Hiệp,10.9510733,106.858145,95,Moderate,1,25.5,59,0.0,9.5,178,1011.2,98,40.0,40.9,532.0,42.2,114.0,19.1
2026-01-09 19:00:00,2026,1,9,19,Đồng Nai,Phường Tam Hiệp,10.9510733,106.858145,102,Unhealthy for Sensitive Groups,2,24.4,66,0.0,10.2,170,1011.8,99,55.4,56.9,606.0,57.8,73.0,18.8
2026-01-09 20:00:00,2026,1,9,20,Đồng Nai,Phường Tam Hiệp,10.9510733,106.858145,95,Moderate,1,23.2,73,0.0,11.4,151,1012.9,100,49.8,51.2,583.0,56.4,67.0,17.7
2026-01-09 21:00:00,2026,1,9,21,Đồng Nai,Phường Tam Hiệp,10.9510733,106.858145,93,Moderate,1,22.6,76,0.0,9.0,170,1013.0,100,48.1,51.0,517.0,54.9,58.0,16.4
2026-01-09 22:00:00,2026,1,9,22,Đồng Nai,Phường Tam Hiệp,10.9510733,106.858145,95,Moderate,1,22.2,84,0.0,2.9,94,1012.9,100,53.3,58.0,485.0,55.6,49.0,17.2
2026-01-09 23:00:00,2026,1,9,23,Đồng Nai,Phường Tam Hiệp,10.9510733,106.858145,96,Moderate,1,21.6,85,0.0,6.8,22,1012.8,100,63.6,68.9,547.0,61.0,40.0,21.8
2026-01-10 00:00:00,2026,1,10,0,Đồng Nai,Phường Tam Hiệp,10.9510733,106.858145,99,Moderate,1,21.2,88,0.0,4.7,344,1012.8,100,67.5,72.6,645.0,68.8,30.0,28.4
2026-01-10 01:00:00,2026,1,10,1,Đồng Nai,Phường Tam Hiệp,10.9510733,106.858145,102,Unhealthy for Sensitive Groups,2,21.0,87,0.0,5.8,324,1011.9,100,67.8,72.6,682.0,74.5,23.0,34.2
2026-01-10 02:00:00,2026,1,10,2,Đồng Nai,Phường Tam Hiệp,10.9510733,106.858145,107,Unhealthy for Sensitive Groups,2,20.5,86,0.0,7.0,320,1011.5,100,68.5,72.9,593.0,76.4,19.0,38.3
2026-01-10 03:00:00,2026,1,10,3,Đồng Nai,Phường Tam Hiệp,10.9510733,106.858145,111,Unhealthy for Sensitive Groups,2,19.6,74,0.0,7.5,333,1011.3,100,69.8,73.8,443.0,76.3,16.0,41.6
2026-01-10 04:00:00,2026,1,10,4,Đồng Nai,Phường Tam Hiệp,10.9510733,106.858145,116,Unhealthy for Sensitive Groups,2,18.8,73,0.0,6.8,323,1011.4,2,69.6,73.3,339.0,74.7,15.0,43.7
2026-01-10 05:00:00,2026,1,10,5,Đồng Nai,Phường Tam Hiệp,10.9510733,106.858145,120,Unhealthy for Sensitive Groups,2,18.3,77,0.0,5.3,332,1012.1,0,67.3,70.5,334.0,71.4,13.0,43.8
2026-01-10 06:00:00,2026,1,10,6,Đồng Nai,Phường Tam Hiệp,10.9510733,106.858145,125,Unhealthy for Sensitive Groups,2,18.0,78,0.0,5.7,347,1012.6,0,65.0,67.8,374.0,66.7,11.0,42.6
2026-01-10 07:00:00,2026,1,10,7,Đồng Nai,Phường Tam Hiệp,10.9510733,106.858145,128,Unhealthy for Sensitive Groups,2,18.5,81,0.0,6.6,338,1013.3,0,52.7,54.9,400.0,54.2,20.0,33.5
2026-01-10 08:00:00,2026,1,10,8,Đồng Nai,Phường Tam Hiệp,10.9510733,106.858145,131,Unhealthy for Sensitive Groups,2,20.4,73,0.0,5.3,348,1014.1,0,49.4,51.8,388.0,51.7,37.0,36.3
2026-01-10 09:00:00,2026,1,10,9,Đồng Nai,Phường Tam Hiệp,10.9510733,106.858145,132,Unhealthy for Sensitive Groups,2,23.0,63,0.0,5.8,334,1014.4,6,50.1,53.7,363.0,47.9,62.0,39.9
2026-01-10 10:00:00,2026,1,10,10,Đồng Nai,Phường Tam Hiệp,10.9510733,106.858145,134,Unhealthy for Sensitive Groups,2,25.0,59,0.0,5.1,315,1014.2,0,44.5,46.2,338.0,42.6,88.0,40.7
2026-01-10 11:00:00,2026,1,10,11,Đồng Nai,Phường Tam Hiệp,10.9510733,106.858145,136,Unhealthy for Sensitive Groups,2,26.5,55,0.0,3.1,298,1013.3,0,37.7,39.2,318.0,34.1,117.0,36.0
2026-01-10 12:00:00,2026,1,10,12,Đồng Nai,Phường Tam Hiệp,10.9510733,106.858145,137,Unhealthy for Sensitive Groups,2,27.8,49,0.0,1.3,360,1012.4,23,34.9,36.2,299.0,24.1,148.0,28.5
2026-01-10 13:00:00,2026,1,10,13,Đồng Nai,Phường Tam Hiệp,10.9510733,106.858145,137,Unhealthy for Sensitive Groups,2,27.4,49,0.0,2.6,146,1011.8,37,34.2,35.4,285.0,16.9,171.0,22.5
2026-01-10 14:00:00,2026,1,10,14,Đồng Nai,Phường Tam Hiệp,10.9510733,106.858145,138,Unhealthy for Sensitive Groups,2,28.2,46,0.0,3.4,122,1010.8,38,34.7,35.7,266.0,13.9,185.0,19.9
2026-01-10 15:00:00,2026,1,10,15,Đồng Nai,Phường Tam Hiệp,10.9510733,106.858145,138,Unhealthy for Sensitive Groups,2,28.1,45,0.0,4.5,113,1010.4,47,34.3,35.4,251.0,13.8,192.0,18.8
2026-01-10 16:00:00,2026,1,10,16,Đồng Nai,Phường Tam Hiệp,10.9510733,106.858145,139,Unhealthy for Sensitive Groups,2,27.6,45,0.0,3.4,74,1010.3,22,35.2,36.2,274.0,16.7,188.0,18.5
2026-01-10 17:00:00,2026,1,10,17,Đồng Nai,Phường Tam Hiệp,10.9510733,106.858145,139,Unhealthy for Sensitive Groups,2,27.0,48,0.0,4.4,38,1010.7,7,37.4,38.3,376.0,24.6,167.0,19.0
2026-01-10 18:00:00,2026,1,10,18,Đồng Nai,Phường Tam Hiệp,10.9510733,106.858145,139,Unhealthy for Sensitive Groups,2,25.4,63,0.0,2.2,76,1010.9,8,41.4,42.3,517.0,35.6,134.0,20.2
2026-01-10 19:00:00,2026,1,10,19,Đồng Nai,Phường Tam Hiệp,10.9510733,106.858145,143,Unhealthy for Sensitive Groups,2,24.9,66,0.0,0.6,72,1011.5,11,59.6,61.2,605.0,52.4,90.0,23.0
2026-01-10 20:00:00,2026,1,10,20,Đồng Nai,Phường Tam Hiệp,10.9510733,106.858145,140,Unhealthy for Sensitive Groups,2,24.3,65,0.0,2.9,266,1012.4,54,59.8,61.5,592.0,52.3,82.0,24.5
2026-01-10 21:00:00,2026,1,10,21,Đồng Nai,Phường Tam Hiệp,10.9510733,106.858145,141,Unhealthy for Sensitive Groups,2,23.8,71,0.0,0.3,225,1012.8,29,58.3,59.8,528.0,52.2,71.0,26.5
2026-01-10 22:00:00,2026,1,10,22,Đồng Nai,Phường Tam Hiệp,10.9510733,106.858145,142,Unhealthy for Sensitive Groups,2,22.8,75,0.0,5.2,117,1013.1,91,59.3,60.8,470.0,51.9,62.0,27.4
2026-01-10 23:00:00,2026,1,10,23,Đồng Nai,Phường Tam Hiệp,10.9510733,106.858145,143,Unhealthy for Sensitive Groups,2,22.2,85,0.0,6.6,147,1013.2,96,61.2,62.6,435.0,51.1,56.0,26.2
2026-01-11 00:00:00,2026,1,11,0,Đồng Nai,Phường Tam Hiệp,10.9510733,106.858145,143,Unhealthy for Sensitive Groups,2,22.0,91,0.0,7.3,150,1013.2,99,60.1,61.9,407.0,50.0,52.0,23.9
2026-01-11 01:00:00,2026,1,11,1,Đồng Nai,Phường Tam Hiệp,10.9510733,106.858145,142,Unhealthy for Sensitive Groups,2,21.4,95,0.0,3.6,108,1013.0,98,55.9,57.5,393.0,49.4,48.0,22.0
2026-01-11 02:00:00,2026,1,11,2,Đồng Nai,Phường Tam Hiệp,10.9510733,106.858145,141,Unhealthy for Sensitive Groups,2,21.0,97,0.0,2.5,82,1012.7,95,51.7,53.3,402.0,49.0,45.0,20.4
2026-01-11 03:00:00,2026,1,11,3,Đồng Nai,Phường Tam Hiệp,10.9510733,106.858145,139,Unhealthy for Sensitive Groups,2,20.7,98,0.0,0.7,180,1012.2,100,52.2,54.5,424.0,49.1,44.0,19.2
2026-01-11 04:00:00,2026,1,11,4,Đồng Nai,Phường Tam Hiệp,10.9510733,106.858145,137,Unhealthy for Sensitive Groups,2,20.8,98,0.0,3.7,313,1012.3,100,57.7,60.8,442.0,50.8,40.0,19.9
2026-01-11 05:00:00,2026,1,11,5,Đồng Nai,Phường Tam Hiệp,10.9510733,106.858145,136,Unhealthy for Sensitive Groups,2,20.6,99,0.0,4.7,332,1013.1,100,68.5,71.0,450.0,56.2,30.0,24.0
2026-01-11 06:00:00,2026,1,11,6,Đồng Nai,Phường Tam Hiệp,10.9510733,106.858145,136,Unhealthy for Sensitive Groups,2,20.2,99,0.0,3.1,7,1013.4,99,76.8,78.7,453.0,63.3,18.0,30.1
2026-01-11 07:00:00,2026,1,11,7,Đồng Nai,Phường Tam Hiệp,10.9510733,106.858145,137,Unhealthy for Sensitive Groups,2,20.8,97,0.0,4.5,331,1013.9,98,80.3,82.0,446.0,59.0,18.0,26.7
2026-01-11 08:00:00,2026,1,11,8,Đồng Nai,Phường Tam Hiệp,10.9510733,106.858145,140,Unhealthy for Sensitive Groups,2,22.5,85,0.0,4.9,343,1014.8,100,74.3,75.9,422.0,55.0,39.0,30.3
2026-01-11 09:00:00,2026,1,11,9,Đồng Nai,Phường Tam Hiệp,10.9510733,106.858145,143,Unhealthy for Sensitive Groups,2,24.1,75,0.0,6.3,347,1015.2,99,58.9,61.0,388.0,49.1,68.0,35.0
2026-01-11 10:00:00,2026,1,11,10,Đồng Nai,Phường Tam Hiệp,10.9510733,106.858145,143,Unhealthy for Sensitive Groups,2,26.6,60,0.0,6.9,351,1014.8,96,55.4,57.6,355.0,42.3,96.0,36.6
2026-01-11 11:00:00,2026,1,11,11,Đồng Nai,Phường Tam Hiệp,10.9510733,106.858145,145,Unhealthy for Sensitive Groups,2,28.3,50,0.0,5.7,13,1014.5,20,56.7,58.8,326.0,33.1,121.0,31.8
2026-01-11 12:00:00,2026,1,11,12,Đồng Nai,Phường Tam Hiệp,10.9510733,106.858145,147,Unhealthy for Sensitive Groups,2,29.5,44,0.0,5.5,32,1013.6,74,52.0,53.8,299.0,22.8,145.0,23.9
2026-01-11 13:00:00,2026,1,11,13,Đồng Nai,Phường Tam Hiệp,10.9510733,106.858145,148,Unhealthy for Sensitive Groups,2,28.4,48,0.0,1.9,56,1012.9,100,43.7,45.3,281.0,16.7,160.0,18.0
2026-01-11 14:00:00,2026,1,11,14,Đồng Nai,Phường Tam Hiệp,10.9510733,106.858145,149,Unhealthy for Sensitive Groups,2,28.5,48,0.0,4.0,72,1012.0,77,41.0,42.6,268.0,17.6,163.0,16.6
2026-01-11 15:00:00,2026,1,11,15,Đồng Nai,Phường Tam Hiệp,10.9510733,106.858145,150,Unhealthy for Sensitive Groups,2,28.6,47,0.0,4.3,92,1011.6,52,41.8,43.3,264.0,22.7,157.0,17.3
2026-01-11 16:00:00,2026,1,11,16,Đồng Nai,Phường Tam Hiệp,10.9510733,106.858145,150,Unhealthy for Sensitive Groups,2,28.2,49,0.0,2.9,133,1011.3,100,43.8,45.3,290.0,28.2,148.0,18.0
2026-01-11 17:00:00,2026,1,11,17,Đồng Nai,Phường Tam Hiệp,10.9510733,106.858145,150,Unhealthy for Sensitive Groups,2,28.0,50,0.0,2.9,158,1011.6,100,46.4,47.7,378.0,34.0,135.0,18.3
2026-01-11 18:00:00,2026,1,11,18,Đồng Nai,Phường Tam Hiệp,10.9510733,106.858145,151,Unhealthy,3,27.4,55,0.0,3.8,135,1011.8,100,45.3,46.6,496.0,40.2,119.0,18.7
2026-01-11 19:00:00,2026,1,11,19,Đồng Nai,Phường Tam Hiệp,10.9510733,106.858145,151,Unhealthy,3,27.1,59,0.0,9.3,205,1012.5,100,42.3,43.4,562.0,43.5,105.0,18.6
2026-01-11 20:00:00,2026,1,11,20,Đồng Nai,Phường Tam Hiệp,10.9510733,106.858145,150,Unhealthy for Sensitive Groups,2,25.8,70,0.0,10.8,165,1013.2,100,35.2,36.6,524.0,41.3,96.0,17.4
2026-01-11 21:00:00,2026,1,11,21,Đồng Nai,Phường Tam Hiệp,10.9510733,106.858145,149,Unhealthy for Sensitive Groups,2,24.9,77,0.0,9.6,159,1013.6,100,30.6,32.6,434.0,36.2,90.0,15.8
2026-01-11 22:00:00,2026,1,11,22,Đồng Nai,Phường Tam Hiệp,10.9510733,106.858145,146,Unhealthy for Sensitive Groups,2,24.6,81,0.0,8.1,152,1013.3,80,28.4,30.4,369.0,33.1,82.0,14.5
2026-01-11 23:00:00,2026,1,11,23,Đồng Nai,Phường Tam Hiệp,10.9510733,106.858145,143,Unhealthy for Sensitive Groups,2,24.2,83,0.0,6.0,119,1013.1,63,27.9,29.7,363.0,34.0,71.0,13.9
2026-01-12 00:00:00,2026,1,12,0,Đồng Nai,Phường Tam Hiệp,10.9510733,106.858145,139,Unhealthy for Sensitive Groups,2,23.5,86,0.0,5.4,84,1012.9,100,28.3,30.4,381.0,36.9,60.0,13.8
2026-01-12 01:00:00,2026,1,12,1,Đồng Nai,Phường Tam Hiệp,10.9510733,106.858145,136,Unhealthy for Sensitive Groups,2,23.0,89,0.0,3.1,50,1012.7,98,30.4,32.6,405.0,40.1,49.0,14.2
2026-01-12 02:00:00,2026,1,12,2,Đồng Nai,Phường Tam Hiệp,10.9510733,106.858145,133,Unhealthy for Sensitive Groups,2,23.1,89,0.0,2.0,10,1012.3,100,34.1,36.8,428.0,43.4,40.0,15.3
2026-01-12 03:00:00,2026,1,12,3,Đồng Nai,Phường Tam Hiệp,10.9510733,106.858145,131,Unhealthy for Sensitive Groups,2,23.3,87,0.0,1.7,13,1012.0,100,39.9,43.2,456.0,47.0,33.0,17.0
2026-01-12 04:00:00,2026,1,12,4,Đồng Nai,Phường Tam Hiệp,10.9510733,106.858145,130,Unhealthy for Sensitive Groups,2,23.2,88,0.0,1.9,331,1012.0,98,45.3,48.8,482.0,50.0,27.0,18.8
2026-01-12 05:00:00,2026,1,12,5,Đồng Nai,Phường Tam Hiệp,10.9510733,106.858145,129,Unhealthy for Sensitive Groups,2,23.1,89,0.0,3.6,340,1012.4,98,48.4,51.9,512.0,52.3,19.0,20.4
2026-01-12 06:00:00,2026,1,12,6,Đồng Nai,Phường Tam Hiệp,10.9510733,106.858145,127,Unhealthy for Sensitive Groups,2,22.5,94,0.0,4.8,338,1012.9,99,50.6,54.0,541.0,54.1,11.0,22.2
2026-01-12 07:00:00,2026,1,12,7,Đồng Nai,Phường Tam Hiệp,10.9510733,106.858145,124,Unhealthy for Sensitive Groups,2,22.5,95,0.0,2.4,48,1013.7,11,75.4,78.7,546.0,60.0,22.0,17.5
2026-01-12 08:00:00,2026,1,12,8,Đồng Nai,Phường Tam Hiệp,10.9510733,106.858145,123,Unhealthy for Sensitive Groups,2,24.4,83,0.0,4.2,110,1014.6,0,47.6,51.6,508.0,55.6,41.0,20.0
2026-01-12 09:00:00,2026,1,12,9,Đồng Nai,Phường Tam Hiệp,10.9510733,106.858145,121,Unhealthy for Sensitive Groups,2,26.2,70,0.0,3.4,137,1014.9,0,37.3,41.8,446.0,49.4,69.0,23.4
2026-01-12 10:00:00,2026,1,12,10,Đồng Nai,Phường Tam Hiệp,10.9510733,106.858145,118,Unhealthy for Sensitive Groups,2,28.0,61,0.0,1.6,180,1014.6,0,38.3,39.9,394.0,43.1,96.0,25.3
2026-01-12 11:00:00,2026,1,12,11,Đồng Nai,Phường Tam Hiệp,10.9510733,106.858145,117,Unhealthy for Sensitive Groups,2,29.5,52,0.0,1.8,315,1013.9,1,38.4,39.8,366.0,36.4,121.0,24.4
2026-01-12 12:00:00,2026,1,12,12,Đồng Nai,Phường Tam Hiệp,10.9510733,106.858145,115,Unhealthy for Sensitive Groups,2,30.7,47,0.0,4.3,2,1012.6,9,37.4,38.6,349.0,29.6,146.0,22.2
2026-01-12 13:00:00,2026,1,12,13,Đồng Nai,Phường Tam Hiệp,10.9510733,106.858145,113,Unhealthy for Sensitive Groups,2,30.6,47,0.0,6.3,39,1011.8,69,36.6,37.7,332.0,25.5,163.0,20.4
2026-01-12 14:00:00,2026,1,12,14,Đồng Nai,Phường Tam Hiệp,10.9510733,106.858145,112,Unhealthy for Sensitive Groups,2,30.5,46,0.0,6.5,39,1010.5,41,36.6,37.7,305.0,25.5,172.0,20.0
2026-01-12 15:00:00,2026,1,12,15,Đồng Nai,Phường Tam Hiệp,10.9510733,106.858145,112,Unhealthy for Sensitive Groups,2,30.8,45,0.0,4.4,55,1009.9,31,37.3,38.3,279.0,28.1,174.0,20.2
2026-01-12 16:00:00,2026,1,12,16,Đồng Nai,Phường Tam Hiệp,10.9510733,106.858145,111,Unhealthy for Sensitive Groups,2,30.6,45,0.0,4.1,77,1009.9,41,37.5,38.6,278.0,31.9,166.0,20.2
2026-01-12 17:00:00,2026,1,12,17,Đồng Nai,Phường Tam Hiệp,10.9510733,106.858145,111,Unhealthy for Sensitive Groups,2,30.0,47,0.0,2.4,81,1010.1,4,36.1,37.1,328.0,38.1,142.0,20.0
2026-01-12 18:00:00,2026,1,12,18,Đồng Nai,Phường Tam Hiệp,10.9510733,106.858145,118,Unhealthy for Sensitive Groups,2,29.0,58,0.0,1.9,146,1010.4,38,35.3,36.4,402.0,45.5,108.0,19.8
2026-01-12 19:00:00,2026,1,12,19,Đồng Nai,Phường Tam Hiệp,10.9510733,106.858145,120,Unhealthy for Sensitive Groups,2,27.5,62,0.0,12.9,153,1011.3,44,35.9,37.1,446.0,46.8,88.0,18.2
2026-01-12 20:00:00,2026,1,12,20,Đồng Nai,Phường Tam Hiệp,10.9510733,106.858145,113,Unhealthy for Sensitive Groups,2,25.4,76,0.0,14.3,161,1012.5,12,28.9,31.4,425.0,41.5,87.0,16.6
2026-01-12 21:00:00,2026,1,12,21,Đồng Nai,Phường Tam Hiệp,10.9510733,106.858145,107,Unhealthy for Sensitive Groups,2,24.9,77,0.0,13.5,155,1013.0,6,24.3,26.5,374.0,34.2,86.0,14.4
2026-01-12 22:00:00,2026,1,12,22,Đồng Nai,Phường Tam Hiệp,10.9510733,106.858145,107,Unhealthy for Sensitive Groups,2,24.2,81,0.0,10.5,153,1013.0,11,21.0,23.3,336.0,28.8,83.0,12.5
2026-01-12 23:00:00,2026,1,12,23,Đồng Nai,Phường Tam Hiệp,10.9510733,106.858145,106,Unhealthy for Sensitive Groups,2,23.7,86,0.0,8.3,153,1013.0,39,19.0,21.5,331.0,27.1,79.0,11.1
2026-01-13 00:00:00,2026,1,13,0,Đồng Nai,Phường Tam Hiệp,10.9510733,106.858145,105,Unhealthy for Sensitive Groups,2,23.4,88,0.0,6.6,151,1012.8,3,18.2,21.1,340.0,27.4,73.0,9.9
2026-01-13 01:00:00,2026,1,13,1,Đồng Nai,Phường Tam Hiệp,10.9510733,106.858145,104,Unhealthy for Sensitive Groups,2,23.0,93,0.0,1.8,156,1012.5,9,18.7,21.8,353.0,28.4,67.0,9.4
2026-01-13 02:00:00,2026,1,13,2,Đồng Nai,Phường Tam Hiệp,10.9510733,106.858145,103,Unhealthy for Sensitive Groups,2,23.1,92,0.0,0.4,297,1011.9,15,20.3,23.5,364.0,29.5,61.0,9.5
2026-01-13 03:00:00,2026,1,13,3,Đồng Nai,Phường Tam Hiệp,10.9510733,106.858145,101,Unhealthy for Sensitive Groups,2,23.0,91,0.0,2.7,250,1011.5,66,22.4,26.0,379.0,31.3,54.0,10.2
2026-01-13 04:00:00,2026,1,13,4,Đồng Nai,Phường Tam Hiệp,10.9510733,106.858145,100,Moderate,1,23.0,92,0.0,5.1,219,1011.6,26,24.9,28.8,407.0,34.7,48.0,11.9
2026-01-13 05:00:00,2026,1,13,5,Đồng Nai,Phường Tam Hiệp,10.9510733,106.858145,98,Moderate,1,22.8,93,0.0,5.3,215,1011.9,100,26.8,31.0,467.0,41.8,39.0,15.6
2026-01-13 06:00:00,2026,1,13,6,Đồng Nai,Phường Tam Hiệp,10.9510733,106.858145,96,Moderate,1,22.3,95,0.0,2.7,233,1012.2,95,29.5,33.9,540.0,50.5,30.0,20.3
2026-01-13 07:00:00,2026,1,13,7,Đồng Nai,Phường Tam Hiệp,10.9510733,106.858145,94,Moderate,1,23.0,93,0.0,1.7,72,1013.0,96,42.3,46.7,580.0,52.9,26.0,21.9
2026-01-13 08:00:00,2026,1,13,8,Đồng Nai,Phường Tam Hiệp,10.9510733,106.858145,91,Moderate,1,24.6,82,0.0,0.6,162,1014.0,100,30.7,35.2,558.0,47.5,40.0,20.3
2026-01-13 09:00:00,2026,1,13,9,Đồng Nai,Phường Tam Hiệp,10.9510733,106.858145,90,Moderate,1,26.2,72,0.1,1.3,196,1014.4,43,29.3,34.2,502.0,39.9,60.0,18.1
2026-01-13 10:00:00,2026,1,13,10,Đồng Nai,Phường Tam Hiệp,10.9510733,106.858145,89,Moderate,1,27.6,64,0.1,3.0,253,1014.1,100,28.3,32.5,453.0,33.4,82.0,16.8
2026-01-13 11:00:00,2026,1,13,11,Đồng Nai,Phường Tam Hiệp,10.9510733,106.858145,88,Moderate,1,28.9,58,0.0,3.3,276,1013.5,59,29.3,31.3,427.0,29.1,106.0,17.3
2026-01-13 12:00:00,2026,1,13,12,Đồng Nai,Phường Tam Hiệp,10.9510733,106.858145,87,Moderate,1,29.6,55,0.1,3.2,289,1012.4,40,32.9,34.7,407.0,26.0,132.0,18.6
2026-01-13 13:00:00,2026,1,13,13,Đồng Nai,Phường Tam Hiệp,10.9510733,106.858145,87,Moderate,1,29.0,57,0.1,6.5,283,1011.5,57,35.9,37.5,387.0,23.9,153.0,19.7
2026-01-13 14:00:00,2026,1,13,14,Đồng Nai,Phường Tam Hiệp,10.9510733,106.858145,87,Moderate,1,29.6,58,0.5,6.5,294,1010.3,64,37.7,39.2,350.0,22.5,170.0,20.1
2026-01-13 15:00:00,2026,1,13,15,Đồng Nai,Phường Tam Hiệp,10.9510733,106.858145,87,Moderate,1,29.0,59,0.0,5.3,288,1009.6,99,38.2,39.6,312.0,22.3,182.0,20.2
2026-01-13 16:00:00,2026,1,13,16,Đồng Nai,Phường Tam Hiệp,10.9510733,106.858145,87,Moderate,1,29.0,59,0.0,2.7,307,1009.5,17,38.9,40.4,314.0,24.2,181.0,20.0
2026-01-13 17:00:00,2026,1,13,17,Đồng Nai,Phường Tam Hiệp,10.9510733,106.858145,93,Moderate,1,28.8,58,0.0,1.8,360,1009.7,15,37.7,39.5,403.0,30.8,157.0,19.6
2026-01-13 18:00:00,2026,1,13,18,Đồng Nai,Phường Tam Hiệp,10.9510733,106.858145,114,Unhealthy for Sensitive Groups,2,28.0,65,0.0,2.8,130,1009.9,16,39.7,41.2,532.0,39.6,121.0,19.0
2026-01-13 19:00:00,2026,1,13,19,Đồng Nai,Phường Tam Hiệp,10.9510733,106.858145,122,Unhealthy for Sensitive Groups,2,26.0,77,0.0,13.4,160,1010.8,5,53.1,55.2,597.0,52.2,88.0,21.1
2026-01-13 20:00:00,2026,1,13,20,Đồng Nai,Phường Tam Hiệp,10.9510733,106.858145,118,Unhealthy for Sensitive Groups,2,24.9,80,0.0,12.9,164,1011.7,3,40.5,42.8,533.0,45.9,85.0,19.0
2026-01-13 21:00:00,2026,1,13,21,Đồng Nai,Phường Tam Hiệp,10.9510733,106.858145,108,Unhealthy for Sensitive Groups,2,24.2,78,0.0,12.5,147,1011.9,3,30.9,33.2,405.0,37.2,80.0,16.0
2026-01-13 22:00:00,2026,1,13,22,Đồng Nai,Phường Tam Hiệp,10.9510733,106.858145,93,Moderate,1,23.8,79,0.0,11.0,146,1011.7,0,24.4,26.5,311.0,30.7,75.0,13.4
2026-01-13 23:00:00,2026,1,13,23,Đồng Nai,Phường Tam Hiệp,10.9510733,106.858145,91,Moderate,1,23.3,78,0.0,9.2,140,1011.6,0,21.0,22.9,293.0,28.4,70.0,11.5
2026-01-14 00:00:00,2026,1,14,0,Đồng Nai,Phường Tam Hiệp,10.9510733,106.858145,91,Moderate,1,22.9,82,0.0,3.9,127,1011.3,1,18.6,20.7,308.0,28.3,64.0,10.1
2026-01-14 01:00:00,2026,1,14,1,Đồng Nai,Phường Tam Hiệp,10.9510733,106.858145,91,Moderate,1,22.7,85,0.0,5.2,158,1011.0,39,17.9,20.0,325.0,29.0,58.0,9.4
2026-01-14 02:00:00,2026,1,14,2,Đồng Nai,Phường Tam Hiệp,10.9510733,106.858145,91,Moderate,1,22.6,88,0.0,5.6,149,1010.4,45,18.5,20.7,329.0,29.8,53.0,9.5
2026-01-14 03:00:00,2026,1,14,3,Đồng Nai,Phường Tam Hiệp,10.9510733,106.858145,91,Moderate,1,22.4,91,0.0,3.1,170,1010.2,39,20.4,22.9,335.0,31.4,48.0,10.3
2026-01-14 04:00:00,2026,1,14,4,Đồng Nai,Phường Tam Hiệp,10.9510733,106.858145,91,Moderate,1,22.0,93,0.0,1.5,201,1010.2,28,23.0,25.7,352.0,34.5,42.0,12.0
2026-01-14 05:00:00,2026,1,14,5,Đồng Nai,Phường Tam Hiệp,10.9510733,106.858145,91,Moderate,1,22.0,93,0.0,0.4,180,1010.4,88,25.5,28.5,397.0,41.2,33.0,15.4
2026-01-14 06:00:00,2026,1,14,6,Đồng Nai,Phường Tam Hiệp,10.9510733,106.858145,90,Moderate,1,21.6,95,0.0,1.7,77,1011.0,99,29.5,32.7,454.0,49.3,24.0,19.6
2026-01-14 07:00:00,2026,1,14,7,Đồng Nai,Phường Tam Hiệp,10.9510733,106.858145,90,Moderate,1,22.3,92,0.0,4.5,34,1011.8,16,41.8,45.3,478.0,52.1,20.0,20.4
2026-01-14 08:00:00,2026,1,14,8,Đồng Nai,Phường Tam Hiệp,10.9510733,106.858145,90,Moderate,1,23.9,83,0.0,3.3,13,1012.9,1,30.0,33.6,439.0,47.0,33.0,19.8
2026-01-14 09:00:00,2026,1,14,9,Đồng Nai,Phường Tam Hiệp,10.9510733,106.858145,90,Moderate,1,25.5,76,0.0,2.9,356,1013.4,5,27.4,31.2,368.0,39.8,52.0,18.9
2026-01-14 10:00:00,2026,1,14,10,Đồng Nai,Phường Tam Hiệp,10.9510733,106.858145,90,Moderate,1,27.3,67,0.0,2.4,351,1013.1,32,25.8,28.9,313.0,33.6,74.0,18.1
2026-01-14 11:00:00,2026,1,14,11,Đồng Nai,Phường Tam Hiệp,10.9510733,106.858145,90,Moderate,1,28.9,59,0.0,3.3,338,1012.6,94,28.8,30.4,297.0,29.4,100.0,17.5
2026-01-14 12:00:00,2026,1,14,12,Đồng Nai,Phường Tam Hiệp,10.9510733,106.858145,90,Moderate,1,29.9,54,0.0,4.0,3,1011.2,91,36.8,38.5,297.0,26.3,129.0,17.1
2026-01-14 13:00:00,2026,1,14,13,Đồng Nai,Phường Tam Hiệp,10.9510733,106.858145,90,Moderate,1,29.9,54,0.0,3.3,6,1010.1,73,40.2,41.8,300.0,24.5,151.0,16.8
2026-01-14 14:00:00,2026,1,14,14,Đồng Nai,Phường Tam Hiệp,10.9510733,106.858145,91,Moderate,1,30.5,51,0.1,1.8,360,1008.9,30,41.1,42.6,300.0,24.4,164.0,16.9
2026-01-14 15:00:00,2026,1,14,15,Đồng Nai,Phường Tam Hiệp,10.9510733,106.858145,91,Moderate,1,30.5,51,0.0,1.3,16,1008.1,53,40.5,42.0,301.0,25.6,169.0,17.3
2026-01-14 16:00:00,2026,1,14,16,Đồng Nai,Phường Tam Hiệp,10.9510733,106.858145,91,Moderate,1,30.2,51,0.0,0.9,53,1008.0,45,36.7,38.2,304.0,27.0,165.0,17.1
2026-01-14 17:00:00,2026,1,14,17,Đồng Nai,Phường Tam Hiệp,10.9510733,106.858145,91,Moderate,1,30.2,51,0.0,0.9,101,1008.3,59,30.2,31.7,309.0,28.7,145.0,16.0
2026-01-14 18:00:00,2026,1,14,18,Đồng Nai,Phường Tam Hiệp,10.9510733,106.858145,100,Moderate,1,27.6,63,0.0,15.2,167,1008.9,18,29.6,32.4,316.0,30.7,116.0,14.4
2026-01-14 19:00:00,2026,1,14,19,Đồng Nai,Phường Tam Hiệp,10.9510733,106.858145,109,Unhealthy for Sensitive Groups,2,25.5,74,0.0,14.7,156,1009.9,14,29.0,31.7,319.0,36.0,88.0,15.1
2026-01-14 20:00:00,2026,1,14,20,Đồng Nai,Phường Tam Hiệp,10.9510733,106.858145,106,Unhealthy for Sensitive Groups,2,25.2,76,0.0,12.5,153,1010.8,2,23.3,25.6,317.0,33.8,84.0,14.2
2026-01-14 21:00:00,2026,1,14,21,Đồng Nai,Phường Tam Hiệp,10.9510733,106.858145,97,Moderate,1,24.5,77,0.0,11.9,145,1011.2,2,19.6,21.8,311.0,30.8,79.0,12.9
2026-01-14 22:00:00,2026,1,14,22,Đồng Nai,Phường Tam Hiệp,10.9510733,106.858145,85,Moderate,1,23.9,83,0.0,9.7,146,1011.1,2,17.3,19.8,302.0,28.4,74.0,11.7
2026-01-14 23:00:00,2026,1,14,23,Đồng Nai,Phường Tam Hiệp,10.9510733,106.858145,84,Moderate,1,23.5,87,0.0,8.7,146,1011.4,0,16.2,18.9,288.0,27.2,71.0,10.6
2026-01-15 00:00:00,2026,1,15,0,Đồng Nai,Phường Tam Hiệp,10.9510733,106.858145,84,Moderate,1,23.1,89,0.0,8.6,144,1011.5,0,14.8,17.3,271.0,26.6,69.0,9.6
2026-01-15 01:00:00,2026,1,15,1,Đồng Nai,Phường Tam Hiệp,10.9510733,106.858145,83,Moderate,1,22.9,90,0.0,7.4,148,1011.0,24,14.2,16.8,260.0,26.3,66.0,8.9
2026-01-15 02:00:00,2026,1,15,2,Đồng Nai,Phường Tam Hiệp,10.9510733,106.858145,83,Moderate,1,22.6,92,0.0,6.5,157,1010.7,36,14.2,16.8,257.0,26.0,62.0,8.5
2026-01-15 03:00:00,2026,1,15,3,Đồng Nai,Phường Tam Hiệp,10.9510733,106.858145,83,Moderate,1,22.5,93,0.0,5.4,160,1010.6,15,14.6,17.3,260.0,26.0,58.0,8.4
2026-01-15 04:00:00,2026,1,15,4,Đồng Nai,Phường Tam Hiệp,10.9510733,106.858145,82,Moderate,1,22.4,94,0.0,4.4,150,1010.4,27,15.7,18.5,274.0,27.4,53.0,9.1
2026-01-15 05:00:00,2026,1,15,5,Đồng Nai,Phường Tam Hiệp,10.9510733,106.858145,81,Moderate,1,22.1,95,0.0,2.7,113,1010.7,48,17.5,20.4,314.0,31.9,45.0,11.2
2026-01-15 06:00:00,2026,1,15,6,Đồng Nai,Phường Tam Hiệp,10.9510733,106.858145,81,Moderate,1,21.8,96,0.0,2.4,63,1011.2,2,20.8,23.8,364.0,37.9,37.0,14.1
2026-01-15 07:00:00,2026,1,15,7,Đồng Nai,Phường Tam Hiệp,10.9510733,106.858145,80,Moderate,1,22.4,95,0.0,3.6,9,1011.8,30,25.4,28.3,388.0,38.7,34.0,13.9
2026-01-15 08:00:00,2026,1,15,8,Đồng Nai,Phường Tam Hiệp,10.9510733,106.858145,79,Moderate,1,24.2,83,0.0,3.4,354,1012.5,0,23.1,26.7,358.0,35.4,48.0,13.9
2026-01-15 09:00:00,2026,1,15,9,Đồng Nai,Phường Tam Hiệp,10.9510733,106.858145,78,Moderate,1,26.1,74,0.0,5.0,2,1012.7,0,24.2,28.3,301.0,30.8,67.0,13.8
2026-01-15 10:00:00,2026,1,15,10,Đồng Nai,Phường Tam Hiệp,10.9510733,106.858145,78,Moderate,1,28.0,64,0.0,5.6,356,1012.3,1,24.0,27.1,259.0,26.4,88.0,13.8
2026-01-15 11:00:00,2026,1,15,11,Đồng Nai,Phường Tam Hiệp,10.9510733,106.858145,77,Moderate,1,29.9,55,0.0,8.9,351,1011.6,19,26.2,27.4,253.0,22.6,111.0,13.9
2026-01-15 12:00:00,2026,1,15,12,Đồng Nai,Phường Tam Hiệp,10.9510733,106.858145,77,Moderate,1,31.1,49,0.0,10.3,356,1010.4,44,29.3,30.4,262.0,19.0,136.0,13.9
2026-01-15 13:00:00,2026,1,15,13,Đồng Nai,Phường Tam Hiệp,10.9510733,106.858145,77,Moderate,1,31.2,49,0.0,9.9,357,1009.0,34,31.4,32.4,268.0,16.7,155.0,14.0
2026-01-15 14:00:00,2026,1,15,14,Đồng Nai,Phường Tam Hiệp,10.9510733,106.858145,76,Moderate,1,31.9,47,0.0,6.7,355,1007.7,9,34.3,35.3,264.0,16.1,168.0,14.1
2026-01-15 15:00:00,2026,1,15,15,Đồng Nai,Phường Tam Hiệp,10.9510733,106.858145,75,Moderate,1,31.8,46,0.0,3.1,3,1007.1,66,34.5,35.3,258.0,16.7,176.0,14.2
2026-01-15 16:00:00,2026,1,15,16,Đồng Nai,Phường Tam Hiệp,10.9510733,106.858145,75,Moderate,1,31.5,45,0.0,1.8,37,1006.9,88,34.9,35.9,255.0,18.2,173.0,13.9
2026-01-15 17:00:00,2026,1,15,17,Đồng Nai,Phường Tam Hiệp,10.9510733,106.858145,95,Moderate,1,31.0,46,0.0,3.3,151,1007.1,16,34.0,35.3,256.0,21.4,152.0,13.1
2026-01-15 18:00:00,2026,1,15,18,Đồng Nai,Phường Tam Hiệp,10.9510733,106.858145,113,Unhealthy for Sensitive Groups,2,27.8,66,0.0,15.5,168,1007.4,15,29.4,30.9,260.0,25.5,121.0,11.9
2026-01-15 19:00:00,2026,1,15,19,Đồng Nai,Phường Tam Hiệp,10.9510733,106.858145,120,Unhealthy for Sensitive Groups,2,25.6,74,0.0,14.9,153,1008.3,3,26.6,29.4,266.0,27.6,93.0,10.6
2026-01-15 20:00:00,2026,1,15,20,Đồng Nai,Phường Tam Hiệp,10.9510733,106.858145,116,Unhealthy for Sensitive Groups,2,24.7,78,0.0,15.6,153,1009.2,2,20.9,23.2,275.0,26.6,90.0,10.3
2026-01-15 21:00:00,2026,1,15,21,Đồng Nai,Phường Tam Hiệp,10.9510733,106.858145,106,Unhealthy for Sensitive Groups,2,24.0,85,0.0,13.4,143,1009.7,1,17.6,19.8,285.0,25.2,86.0,9.9
2026-01-15 22:00:00,2026,1,15,22,Đồng Nai,Phường Tam Hiệp,10.9510733,106.858145,92,Moderate,1,23.6,86,0.0,10.7,138,1009.9,0,15.7,18.1,291.0,24.3,82.0,9.5
2026-01-15 23:00:00,2026,1,15,23,Đồng Nai,Phường Tam Hiệp,10.9510733,106.858145,74,Moderate,1,23.4,87,0.0,9.6,146,1009.9,0,14.4,16.8,287.0,24.3,78.0,9.0
2026-01-16 00:00:00,2026,1,16,0,Đồng Nai,Phường Tam Hiệp,10.9510733,106.858145,74,Moderate,1,23.1,89,0.0,6.8,162,1009.8,0,13.4,15.8,279.0,24.9,73.0,8.5
2026-01-16 01:00:00,2026,1,16,1,Đồng Nai,Phường Tam Hiệp,10.9510733,106.858145,74,Moderate,1,23.0,91,0.0,6.2,165,1009.3,61,13.6,16.0,277.0,25.9,67.0,8.4
2026-01-16 02:00:00,2026,1,16,2,Đồng Nai,Phường Tam Hiệp,10.9510733,106.858145,74,Moderate,1,22.9,91,0.0,4.5,157,1008.9,58,14.6,17.0,282.0,27.1,60.0,8.7
2026-01-16 03:00:00,2026,1,16,3,Đồng Nai,Phường Tam Hiệp,10.9510733,106.858145,74,Moderate,1,22.6,93,0.0,2.7,157,1008.6,80,16.0,18.6,294.0,28.8,53.0,9.3
2026-01-16 04:00:00,2026,1,16,4,Đồng Nai,Phường Tam Hiệp,10.9510733,106.858145,74,Moderate,1,22.1,95,0.0,1.5,150,1008.5,53,17.9,20.6,315.0,31.4,46.0,10.4
2026-01-16 05:00:00,2026,1,16,5,Đồng Nai,Phường Tam Hiệp,10.9510733,106.858145,74,Moderate,1,21.9,96,0.0,1.3,106,1008.7,95,20.1,23.0,359.0,36.4,37.0,12.7
2026-01-16 06:00:00,2026,1,16,6,Đồng Nai,Phường Tam Hiệp,10.9510733,106.858145,74,Moderate,1,21.7,96,0.0,0.8,63,1009.4,96,23.5,26.5,414.0,42.5,28.0,15.5
2026-01-16 07:00:00,2026,1,16,7,Đồng Nai,Phường Tam Hiệp,10.9510733,106.858145,75,Moderate,1,22.5,95,0.0,3.4,6,1010.3,98,37.5,41.8,446.0,50.0,23.0,19.4
2026-01-16 08:00:00,2026,1,16,8,Đồng Nai,Phường Tam Hiệp,10.9510733,106.858145,76,Moderate,1,24.1,86,0.0,2.0,275,1011.4,100,26.8,31.4,438.0,46.3,36.0,17.7
2026-01-16 09:00:00,2026,1,16,9,Đồng Nai,Phường Tam Hiệp,10.9510733,106.858145,76,Moderate,1,26.2,73,0.0,2.4,257,1011.8,99,26.4,31.4,407.0,41.0,54.0,15.4
2026-01-16 10:00:00,2026,1,16,10,Đồng Nai,Phường Tam Hiệp,10.9510733,106.858145,76,Moderate,1,28.0,64,0.0,2.5,291,1011.6,99,28.9,31.3,376.0,36.0,74.0,13.4
2026-01-16 11:00:00,2026,1,16,11,Đồng Nai,Phường Tam Hiệp,10.9510733,106.858145,77,Moderate,1,28.6,59,0.0,2.9,360,1011.2,99,35.0,37.3,351.0,31.4,95.0,12.2
2026-01-16 12:00:00,2026,1,16,12,Đồng Nai,Phường Tam Hiệp,10.9510733,106.858145,77,Moderate,1,30.3,53,0.0,3.2,16,1010.0,100,38.8,40.7,325.0,27.0,117.0,11.3
2026-01-16 13:00:00,2026,1,16,13,Đồng Nai,Phường Tam Hiệp,10.9510733,106.858145,78,Moderate,1,29.9,54,0.0,3.6,323,1008.7,100,39.9,41.8,305.0,24.0,135.0,10.9
2026-01-16 14:00:00,2026,1,16,14,Đồng Nai,Phường Tam Hiệp,10.9510733,106.858145,79,Moderate,1,30.9,50,0.0,2.2,9,1007.4,100,42.7,44.5,293.0,22.2,149.0,10.9
2026-01-16 15:00:00,2026,1,16,15,Đồng Nai,Phường Tam Hiệp,10.9510733,106.858145,80,Moderate,1,31.1,48,0.0,2.0,80,1006.5,100,40.4,42.0,286.0,21.7,160.0,11.3
2026-01-16 16:00:00,2026,1,16,16,Đồng Nai,Phường Tam Hiệp,10.9510733,106.858145,80,Moderate,1,30.9,48,0.0,4.2,110,1006.2,100,40.7,42.4,284.0,24.0,158.0,12.1
2026-01-16 17:00:00,2026,1,16,17,Đồng Nai,Phường Tam Hiệp,10.9510733,106.858145,81,Moderate,1,30.6,49,0.0,6.8,107,1006.1,88,41.0,42.4,290.0,32.1,136.0,13.8
2026-01-16 18:00:00,2026,1,16,18,Đồng Nai,Phường Tam Hiệp,10.9510733,106.858145,84,Moderate,1,27.5,65,0.0,15.2,151,1007.0,96,42.0,43.4,301.0,42.9,102.0,16.0
2026-01-16 19:00:00,2026,1,16,19,Đồng Nai,Phường Tam Hiệp,10.9510733,106.858145,90,Moderate,1,25.5,75,0.0,13.7,175,1007.7,100,36.1,38.9,306.0,45.9,79.0,16.1
2026-01-16 20:00:00,2026,1,16,20,Đồng Nai,Phường Tam Hiệp,10.9510733,106.858145,87,Moderate,1,25.4,72,0.0,14.8,154,1008.8,100,30.6,33.3,297.0,42.1,76.0,15.5
2026-01-16 21:00:00,2026,1,16,21,Đồng Nai,Phường Tam Hiệp,10.9510733,106.858145,84,Moderate,1,24.5,75,0.0,13.0,147,1009.2,90,26.1,28.7,283.0,36.8,71.0,14.7
2026-01-16 22:00:00,2026,1,16,22,Đồng Nai,Phường Tam Hiệp,10.9510733,106.858145,85,Moderate,1,23.8,81,0.0,11.2,136,1009.3,99,23.3,25.8,271.0,32.5,68.0,13.7
2026-01-16 23:00:00,2026,1,16,23,Đồng Nai,Phường Tam Hiệp,10.9510733,106.858145,86,Moderate,1,23.2,86,0.0,9.4,133,1009.3,100,21.1,23.6,268.0,30.1,67.0,12.3
2026-01-17 00:00:00,2026,1,17,0,Đồng Nai,Phường Tam Hiệp,10.9510733,106.858145,86,Moderate,1,23.0,88,0.0,8.4,137,1009.1,100,18.7,21.3,268.0,28.7,67.0,10.6
2026-01-17 01:00:00,2026,1,17,1,Đồng Nai,Phường Tam Hiệp,10.9510733,106.858145,87,Moderate,1,22.6,92,0.0,8.4,146,1008.6,90,17.8,20.4,265.0,27.8,66.0,9.4
2026-01-17 02:00:00,2026,1,17,2,Đồng Nai,Phường Tam Hiệp,10.9510733,106.858145,87,Moderate,1,22.5,92,0.0,9.5,153,1008.2,82,18.0,20.7,250.0,27.0,64.0,8.7
2026-01-17 03:00:00,2026,1,17,3,Đồng Nai,Phường Tam Hiệp,10.9510733,106.858145,87,Moderate,1,22.2,92,0.0,9.5,153,1007.3,95,18.6,21.5,233.0,26.7,60.0,8.5
2026-01-17 04:00:00,2026,1,17,4,Đồng Nai,Phường Tam Hiệp,10.9510733,106.858145,88,Moderate,1,22.0,93,0.0,7.4,151,1007.5,95,19.6,22.5,237.0,28.0,56.0,9.1
2026-01-17 05:00:00,2026,1,17,5,Đồng Nai,Phường Tam Hiệp,10.9510733,106.858145,88,Moderate,1,21.9,95,0.0,4.4,153,1008.0,99,21.0,24.1,286.0,32.7,48.0,11.2
2026-01-17 06:00:00,2026,1,17,6,Đồng Nai,Phường Tam Hiệp,10.9510733,106.858145,88,Moderate,1,21.6,94,0.0,0.6,124,1008.3,100,23.9,27.3,355.0,38.9,38.0,14.0
2026-01-17 07:00:00,2026,1,17,7,Đồng Nai,Phường Tam Hiệp,10.9510733,106.858145,88,Moderate,1,22.4,94,0.0,2.5,69,1008.9,55,31.5,35.3,394.0,40.3,36.0,15.2
2026-01-17 08:00:00,2026,1,17,8,Đồng Nai,Phường Tam Hiệp,10.9510733,106.858145,87,Moderate,1,23.9,84,0.0,2.5,90,1010.0,98,25.8,30.5,372.0,36.6,47.0,14.6
2026-01-17 09:00:00,2026,1,17,9,Đồng Nai,Phường Tam Hiệp,10.9510733,106.858145,87,Moderate,1,25.6,74,0.0,2.2,42,1010.3,48,25.5,30.3,319.0,31.3,63.0,13.8
2026-01-17 10:00:00,2026,1,17,10,Đồng Nai,Phường Tam Hiệp,10.9510733,106.858145,87,Moderate,1,27.6,63,0.0,3.2,16,1009.9,33,24.4,27.6,278.0,26.5,82.0,13.1
2026-01-17 11:00:00,2026,1,17,11,Đồng Nai,Phường Tam Hiệp,10.9510733,106.858145,87,Moderate,1,29.2,56,0.0,5.9,12,1009.0,87,25.5,27.6,265.0,22.6,107.0,12.5
2026-01-17 12:00:00,2026,1,17,12,Đồng Nai,Phường Tam Hiệp,10.9510733,106.858145,86,Moderate,1,30.8,49,0.0,5.8,7,1007.8,98,29.1,30.9,263.0,19.2,135.0,12.0
2026-01-17 13:00:00,2026,1,17,13,Đồng Nai,Phường Tam Hiệp,10.9510733,106.858145,85,Moderate,1,30.9,47,0.0,5.7,11,1006.6,64,30.9,32.4,263.0,17.0,155.0,11.5
2026-01-17 14:00:00,2026,1,17,14,Đồng Nai,Phường Tam Hiệp,10.9510733,106.858145,84,Moderate,1,31.8,43,0.0,5.0,26,1005.3,64,31.1,32.5,263.0,16.3,163.0,10.9
2026-01-17 15:00:00,2026,1,17,15,Đồng Nai,Phường Tam Hiệp,10.9510733,106.858145,83,Moderate,1,31.9,41,0.0,5.3,38,1004.7,34,30.2,31.7,267.0,16.7,162.0,10.4
2026-01-17 16:00:00,2026,1,17,16,Đồng Nai,Phường Tam Hiệp,10.9510733,106.858145,82,Moderate,1,31.6,40,0.0,6.6,55,1004.5,9,29.5,31.2,271.0,18.1,155.0,10.1
2026-01-17 17:00:00,2026,1,17,17,Đồng Nai,Phường Tam Hiệp,10.9510733,106.858145,84,Moderate,1,31.1,41,0.0,2.8,105,1004.6,5,27.9,29.9,278.0,21.1,138.0,10.2
2026-01-17 18:00:00,2026,1,17,18,Đồng Nai,Phường Tam Hiệp,10.9510733,106.858145,100,Moderate,1,26.0,73,0.0,19.7,162,1005.4,50,27.4,29.4,287.0,25.0,115.0,10.6
2026-01-17 19:00:00,2026,1,17,19,Đồng Nai,Phường Tam Hiệp,10.9510733,106.858145,107,Unhealthy for Sensitive Groups,2,25.6,76,0.0,12.7,157,1006.1,41,24.4,27.9,292.0,27.8,97.0,11.2
2026-01-17 20:00:00,2026,1,17,20,Đồng Nai,Phường Tam Hiệp,10.9510733,106.858145,105,Unhealthy for Sensitive Groups,2,24.5,78,0.0,14.5,150,1007.0,36,20.7,23.6,289.0,25.9,96.0,10.4
2026-01-17 21:00:00,2026,1,17,21,Đồng Nai,Phường Tam Hiệp,10.9510733,106.858145,96,Moderate,1,24.2,79,0.0,12.5,141,1007.4,88,18.9,21.9,281.0,23.2,94.0,9.2
2026-01-17 22:00:00,2026,1,17,22,Đồng Nai,Phường Tam Hiệp,10.9510733,106.858145,84,Moderate,1,23.7,83,0.0,11.5,141,1007.5,85,18.5,21.5,276.0,21.4,92.0,8.3
2026-01-17 23:00:00,2026,1,17,23,Đồng Nai,Phường Tam Hiệp,10.9510733,106.858145,76,Moderate,1,23.4,86,0.0,9.8,145,1007.6,86,18.6,21.6,276.0,21.1,89.0,7.9
2026-01-18 00:00:00,2026,1,18,0,Đồng Nai,Phường Tam Hiệp,10.9510733,106.858145,76,Moderate,1,23.0,88,0.0,11.0,148,1007.5,28,18.2,21.2,278.0,21.7,85.0,7.7
2026-01-18 01:00:00,2026,1,18,1,Đồng Nai,Phường Tam Hiệp,10.9510733,106.858145,76,Moderate,1,22.9,91,0.0,11.3,151,1007.0,16,18.5,21.7,282.0,22.7,81.0,7.8
2026-01-18 02:00:00,2026,1,18,2,Đồng Nai,Phường Tam Hiệp,10.9510733,106.858145,76,Moderate,1,22.8,91,0.0,8.1,149,1006.6,87,19.2,22.5,286.0,23.3,76.0,8.0
2026-01-18 03:00:00,2026,1,18,3,Đồng Nai,Phường Tam Hiệp,10.9510733,106.858145,76,Moderate,1,22.5,93,0.0,6.6,147,1006.2,39,21.0,24.6,292.0,24.4,70.0,8.5
2026-01-18 04:00:00,2026,1,18,4,Đồng Nai,Phường Tam Hiệp,10.9510733,106.858145,76,Moderate,1,22.4,94,0.0,6.6,137,1006.3,24,23.7,28.0,306.0,27.6,64.0,10.0
2026-01-18 05:00:00,2026,1,18,5,Đồng Nai,Phường Tam Hiệp,10.9510733,106.858145,76,Moderate,1,22.1,94,0.0,5.5,128,1006.5,22,27.1,32.0,340.0,36.2,54.0,13.8
2026-01-18 06:00:00,2026,1,18,6,Đồng Nai,Phường Tam Hiệp,10.9510733,106.858145,77,Moderate,1,21.8,95,0.0,2.8,108,1007.2,87,31.4,36.7,381.0,46.9,44.0,18.7
2026-01-18 07:00:00,2026,1,18,7,Đồng Nai,Phường Tam Hiệp,10.9510733,106.858145,78,Moderate,1,22.4,95,0.0,2.4,54,1008.3,100,38.5,44.7,400.0,48.0,46.0,19.0
2026-01-18 08:00:00,2026,1,18,8,Đồng Nai,Phường Tam Hiệp,10.9510733,106.858145,78,Moderate,1,24.0,84,0.0,3.9,118,1009.2,100,33.2,39.5,374.0,42.3,57.0,16.9
2026-01-18 09:00:00,2026,1,18,9,Đồng Nai,Phường Tam Hiệp,10.9510733,106.858145,79,Moderate,1,26.0,72,0.1,4.6,141,1009.6,98,27.0,30.7,325.0,34.3,74.0,14.1
2026-01-18 10:00:00,2026,1,18,10,Đồng Nai,Phường Tam Hiệp,10.9510733,106.858145,79,Moderate,1,27.9,63,0.0,3.8,149,1009.1,98,28.1,31.1,287.0,27.6,92.0,12.0
2026-01-18 11:00:00,2026,1,18,11,Đồng Nai,Phường Tam Hiệp,10.9510733,106.858145,79,Moderate,1,29.6,53,0.0,1.8,6,1008.5,99,31.3,33.9,273.0,23.5,113.0,11.5
2026-01-18 12:00:00,2026,1,18,12,Đồng Nai,Phường Tam Hiệp,10.9510733,106.858145,80,Moderate,1,30.6,50,0.0,3.8,8,1007.3,100,35.0,37.4,269.0,20.7,137.0,11.8
2026-01-18 13:00:00,2026,1,18,13,Đồng Nai,Phường Tam Hiệp,10.9510733,106.858145,80,Moderate,1,29.8,52,0.0,4.3,15,1006.2,99,36.7,38.9,268.0,19.0,154.0,12.0
2026-01-18 14:00:00,2026,1,18,14,Đồng Nai,Phường Tam Hiệp,10.9510733,106.858145,81,Moderate,1,30.6,48,0.0,5.3,10,1005.1,94,37.1,39.1,264.0,18.5,163.0,11.7
2026-01-18 15:00:00,2026,1,18,15,Đồng Nai,Phường Tam Hiệp,10.9510733,106.858145,81,Moderate,1,30.5,48,0.0,5.4,14,1004.4,41,42.3,44.6,263.0,19.2,166.0,11.4
2026-01-18 16:00:00,2026,1,18,16,Đồng Nai,Phường Tam Hiệp,10.9510733,106.858145,82,Moderate,1,30.4,48,0.0,3.1,24,1004.3,12,37.1,39.2,269.0,20.9,162.0,11.3
2026-01-18 17:00:00,2026,1,18,17,Đồng Nai,Phường Tam Hiệp,10.9510733,106.858145,92,Moderate,1,30.0,48,0.0,6.3,143,1004.7,6,35.3,37.3,290.0,24.6,146.0,11.8
2026-01-18 18:00:00,2026,1,18,18,Đồng Nai,Phường Tam Hiệp,10.9510733,106.858145,108,Unhealthy for Sensitive Groups,2,25.6,75,0.0,20.3,158,1005.5,11,35.6,37.4,317.0,29.4,122.0,12.6
2026-01-18 19:00:00,2026,1,18,19,Đồng Nai,Phường Tam Hiệp,10.9510733,106.858145,114,Unhealthy for Sensitive Groups,2,25.4,77,0.0,16.2,159,1006.3,6,36.3,39.0,336.0,29.9,100.0,12.3
2026-01-18 20:00:00,2026,1,18,20,Đồng Nai,Phường Tam Hiệp,10.9510733,106.858145,111,Unhealthy for Sensitive Groups,2,24.6,78,0.0,13.9,147,1007.0,4,30.4,32.6,335.0,28.2,97.0,11.6
2026-01-18 21:00:00,2026,1,18,21,Đồng Nai,Phường Tam Hiệp,10.9510733,106.858145,103,Unhealthy for Sensitive Groups,2,24.2,81,0.0,12.2,142,1007.5,29,26.4,28.3,325.0,25.9,93.0,10.5
2026-01-18 22:00:00,2026,1,18,22,Đồng Nai,Phường Tam Hiệp,10.9510733,106.858145,90,Moderate,1,23.8,84,0.0,10.0,139,1007.9,0,23.6,25.5,319.0,24.6,88.0,9.8
2026-01-18 23:00:00,2026,1,18,23,Đồng Nai,Phường Tam Hiệp,10.9510733,106.858145,88,Moderate,1,23.5,87,0.0,8.1,151,1008.0,5,22.4,24.1,324.0,25.0,83.0,9.5
2026-01-19 00:00:00,2026,1,19,0,Đồng Nai,Phường Tam Hiệp,10.9510733,106.858145,88,Moderate,1,23.1,89,0.0,7.5,153,1008.3,4,21.7,23.6,332.0,26.4,77.0,9.5
2026-01-19 01:00:00,2026,1,19,1,Đồng Nai,Phường Tam Hiệp,10.9510733,106.858145,88,Moderate,1,23.0,92,0.0,6.8,140,1007.7,53,22.2,24.4,339.0,28.0,72.0,9.7
2026-01-19 02:00:00,2026,1,19,2,Đồng Nai,Phường Tam Hiệp,10.9510733,106.858145,89,Moderate,1,22.8,92,0.0,7.9,150,1007.0,94,23.9,26.5,337.0,28.9,67.0,10.0
2026-01-19 03:00:00,2026,1,19,3,Đồng Nai,Phường Tam Hiệp,10.9510733,106.858145,89,Moderate,1,22.5,93,0.0,7.9,147,1006.5,34,26.3,29.4,334.0,29.9,62.0,10.6
2026-01-19 04:00:00,2026,1,19,4,Đồng Nai,Phường Tam Hiệp,10.9510733,106.858145,89,Moderate,1,22.3,94,0.0,5.9,140,1006.5,58,28.8,32.7,343.0,32.7,56.0,11.7
2026-01-19 05:00:00,2026,1,19,5,Đồng Nai,Phường Tam Hiệp,10.9510733,106.858145,90,Moderate,1,22.1,96,0.0,4.8,127,1007.1,93,32.1,36.8,384.0,40.1,45.0,14.0
2026-01-19 06:00:00,2026,1,19,6,Đồng Nai,Phường Tam Hiệp,10.9510733,106.858145,90,Moderate,1,22.0,96,0.0,3.9,103,1007.6,98,41.2,45.8,438.0,49.3,32.0,16.9
2026-01-19 07:00:00,2026,1,19,7,Đồng Nai,Phường Tam Hiệp,10.9510733,106.858145,91,Moderate,1,22.5,95,0.0,4.6,64,1008.7,99,47.7,51.2,464.0,47.8,32.0,17.6
2026-01-19 08:00:00,2026,1,19,8,Đồng Nai,Phường Tam Hiệp,10.9510733,106.858145,92,Moderate,1,24.2,84,0.0,5.1,117,1009.8,77,36.3,40.4,435.0,42.4,49.0,16.6
2026-01-19 09:00:00,2026,1,19,9,Đồng Nai,Phường Tam Hiệp,10.9510733,106.858145,92,Moderate,1,25.9,75,0.0,5.4,120,1010.7,63,30.7,33.3,378.0,34.9,74.0,15.1
2026-01-19 10:00:00,2026,1,19,10,Đồng Nai,Phường Tam Hiệp,10.9510733,106.858145,93,Moderate,1,27.5,66,0.0,3.3,126,1010.2,27,31.1,33.4,333.0,28.4,97.0,13.7
2026-01-19 11:00:00,2026,1,19,11,Đồng Nai,Phường Tam Hiệp,10.9510733,106.858145,93,Moderate,1,29.0,58,0.1,0.4,90,1009.5,32,33.3,35.5,316.0,23.6,119.0,12.4
2026-01-19 12:00:00,2026,1,19,12,Đồng Nai,Phường Tam Hiệp,10.9510733,106.858145,93,Moderate,1,29.8,54,0.0,0.8,45,1008.7,35,35.7,38.0,311.0,19.8,139.0,11.1
2026-01-19 13:00:00,2026,1,19,13,Đồng Nai,Phường Tam Hiệp,10.9510733,106.858145,93,Moderate,1,29.5,53,0.0,4.5,23,1007.5,87,37.5,39.7,306.0,17.9,153.0,10.3
2026-01-19 14:00:00,2026,1,19,14,Đồng Nai,Phường Tam Hiệp,10.9510733,106.858145,93,Moderate,1,30.2,48,0.0,4.5,5,1006.3,100,36.7,38.6,293.0,18.6,158.0,10.0
2026-01-19 15:00:00,2026,1,19,15,Đồng Nai,Phường Tam Hiệp,10.9510733,106.858145,93,Moderate,1,30.5,46,0.0,4.1,347,1005.9,100,36.2,38.2,280.0,21.1,155.0,10.1
2026-01-19 16:00:00,2026,1,19,16,Đồng Nai,Phường Tam Hiệp,10.9510733,106.858145,93,Moderate,1,30.4,45,0.0,2.7,270,1005.6,99,35.3,37.1,283.0,24.4,147.0,10.6
2026-01-19 17:00:00,2026,1,19,17,Đồng Nai,Phường Tam Hiệp,10.9510733,106.858145,92,Moderate,1,29.6,48,0.0,9.3,204,1006.1,98,31.5,33.4,322.0,28.9,130.0,11.6
2026-01-19 18:00:00,2026,1,19,18,Đồng Nai,Phường Tam Hiệp,10.9510733,106.858145,100,Moderate,1,27.3,62,0.0,13.8,186,1007.0,98,30.7,32.2,378.0,34.0,106.0,12.9
2026-01-19 19:00:00,2026,1,19,19,Đồng Nai,Phường Tam Hiệp,10.9510733,106.858145,102,Unhealthy for Sensitive Groups,2,24.9,78,0.0,15.8,181,1008.0,9,35.5,38.2,407.0,38.7,84.0,14.3
2026-01-19 20:00:00,2026,1,19,20,Đồng Nai,Phường Tam Hiệp,10.9510733,106.858145,95,Moderate,1,25.0,78,0.0,12.4,161,1008.9,17,31.0,33.8,384.0,37.8,77.0,14.2
2026-01-19 21:00:00,2026,1,19,21,Đồng Nai,Phường Tam Hiệp,10.9510733,106.858145,92,Moderate,1,24.7,77,0.0,10.1,156,1009.4,12,27.4,30.2,335.0,36.7,68.0,14.0
2026-01-19 22:00:00,2026,1,19,22,Đồng Nai,Phường Tam Hiệp,10.9510733,106.858145,92,Moderate,1,24.1,77,0.0,9.1,141,1009.1,12,26.1,28.9,297.0,36.5,59.0,13.9
2026-01-19 23:00:00,2026,1,19,23,Đồng Nai,Phường Tam Hiệp,10.9510733,106.858145,92,Moderate,1,23.8,79,0.0,7.7,141,1009.1,13,26.1,29.2,283.0,37.7,53.0,13.6
2026-01-20 00:00:00,2026,1,20,0,Đồng Nai,Phường Tam Hiệp,10.9510733,106.858145,92,Moderate,1,23.4,82,0.0,5.8,126,1009.1,12,26.5,30.2,281.0,39.7,47.0,13.3
2026-01-20 01:00:00,2026,1,20,1,Đồng Nai,Phường Tam Hiệp,10.9510733,106.858145,93,Moderate,1,23.1,87,0.0,5.7,145,1008.4,0,28.2,32.2,285.0,42.0,42.0,13.5
2026-01-20 02:00:00,2026,1,20,2,Đồng Nai,Phường Tam Hiệp,10.9510733,106.858145,93,Moderate,1,22.8,91,0.0,5.0,159,1007.8,1,29.6,34.0,297.0,44.6,37.0,14.7
2026-01-20 03:00:00,2026,1,20,3,Đồng Nai,Phường Tam Hiệp,10.9510733,106.858145,94,Moderate,1,22.5,93,0.0,3.7,157,1007.6,20,32.0,36.6,316.0,47.5,33.0,16.2
2026-01-20 04:00:00,2026,1,20,4,Đồng Nai,Phường Tam Hiệp,10.9510733,106.858145,94,Moderate,1,22.4,95,0.0,3.9,156,1007.9,38,36.4,41.2,337.0,49.8,28.0,17.1
2026-01-20 05:00:00,2026,1,20,5,Đồng Nai,Phường Tam Hiệp,10.9510733,106.858145,95,Moderate,1,22.2,95,0.0,2.7,138,1008.4,48,45.8,51.2,367.0,51.4,20.0,16.1
2026-01-20 06:00:00,2026,1,20,6,Đồng Nai,Phường Tam Hiệp,10.9510733,106.858145,96,Moderate,1,22.3,94,0.0,1.5,83,1008.9,77,69.8,72.6,399.0,52.3,11.0,14.4
2026-01-20 07:00:00,2026,1,20,7,Đồng Nai,Phường Tam Hiệp,10.9510733,106.858145,99,Moderate,1,23.1,92,0.0,3.2,19,1009.9,100,48.8,54.0,410.0,56.6,17.0,23.7
2026-01-20 08:00:00,2026,1,20,8,Đồng Nai,Phường Tam Hiệp,10.9510733,106.858145,99,Moderate,1,24.2,85,0.0,4.4,30,1010.9,100,36.4,41.6,379.0,51.1,33.0,22.1
2026-01-20 09:00:00,2026,1,20,9,Đồng Nai,Phường Tam Hiệp,10.9510733,106.858145,99,Moderate,1,25.9,75,0.0,4.1,38,1011.7,30,32.5,37.4,326.0,43.3,56.0,19.7
2026-01-20 10:00:00,2026,1,20,10,Đồng Nai,Phường Tam Hiệp,10.9510733,106.858145,99,Moderate,1,27.5,66,0.1,3.9,28,1011.4,16,31.0,33.2,286.0,35.1,81.0,17.1
2026-01-20 11:00:00,2026,1,20,11,Đồng Nai,Phường Tam Hiệp,10.9510733,106.858145,99,Moderate,1,28.9,57,0.1,5.1,6,1011.1,23,35.6,37.6,277.0,26.4,109.0,14.2
2026-01-20 12:00:00,2026,1,20,12,Đồng Nai,Phường Tam Hiệp,10.9510733,106.858145,99,Moderate,1,30.1,49,0.0,6.8,12,1010.3,19,35.0,36.7,281.0,17.4,139.0,11.0
2026-01-20 13:00:00,2026,1,20,13,Đồng Nai,Phường Tam Hiệp,10.9510733,106.858145,99,Moderate,1,29.8,50,0.0,6.5,24,1009.2,23,31.5,32.9,282.0,10.9,160.0,8.5
2026-01-20 14:00:00,2026,1,20,14,Đồng Nai,Phường Tam Hiệp,10.9510733,106.858145,99,Moderate,1,30.1,48,0.0,9.4,31,1008.2,22,28.6,29.7,267.0,7.5,166.0,6.9
2026-01-20 15:00:00,2026,1,20,15,Đồng Nai,Phường Tam Hiệp,10.9510733,106.858145,98,Moderate,1,30.0,46,0.0,3.1,21,1007.5,24,26.8,27.8,249.0,6.7,163.0,5.9
2026-01-20 16:00:00,2026,1,20,16,Đồng Nai,Phường Tam Hiệp,10.9510733,106.858145,97,Moderate,1,30.2,46,0.0,0.6,214,1007.2,28,25.1,26.0,249.0,9.2,153.0,6.0
2026-01-20 17:00:00,2026,1,20,17,Đồng Nai,Phường Tam Hiệp,10.9510733,106.858145,96,Moderate,1,29.4,48,0.0,4.4,145,1007.1,15,27.7,28.8,288.0,18.0,131.0,7.9
2026-01-20 18:00:00,2026,1,20,18,Đồng Nai,Phường Tam Hiệp,10.9510733,106.858145,101,Unhealthy for Sensitive Groups,2,28.4,53,0.0,10.7,151,1007.0,80,28.7,30.0,346.0,30.3,103.0,10.9
2026-01-20 19:00:00,2026,1,20,19,Đồng Nai,Phường Tam Hiệp,10.9510733,106.858145,106,Unhealthy for Sensitive Groups,2,25.7,68,0.0,19.6,161,1008.0,98,29.4,31.1,383.0,34.2,86.0,11.9
2026-01-20 20:00:00,2026,1,20,20,Đồng Nai,Phường Tam Hiệp,10.9510733,106.858145,101,Unhealthy for Sensitive Groups,2,25.7,67,0.0,10.8,147,1009.2,96,23.7,26.0,373.0,31.0,86.0,11.2
2026-01-20 21:00:00,2026,1,20,21,Đồng Nai,Phường Tam Hiệp,10.9510733,106.858145,94,Moderate,1,25.0,65,0.0,11.3,144,1009.7,97,19.1,20.8,343.0,26.7,85.0,10.3
2026-01-20 22:00:00,2026,1,20,22,Đồng Nai,Phường Tam Hiệp,10.9510733,106.858145,94,Moderate,1,24.3,70,0.0,8.6,158,1010.1,95,17.1,18.4,325.0,24.1,82.0,9.7
2026-01-20 23:00:00,2026,1,20,23,Đồng Nai,Phường Tam Hiệp,10.9510733,106.858145,93,Moderate,1,23.9,74,0.0,8.0,152,1010.0,60,17.3,18.7,337.0,24.5,76.0,9.4
2026-01-21 00:00:00,2026,1,21,0,Đồng Nai,Phường Tam Hiệp,10.9510733,106.858145,92,Moderate,1,23.4,79,0.0,5.1,132,1010.0,25,17.8,19.3,362.0,26.5,67.0,9.4
2026-01-21 01:00:00,2026,1,21,1,Đồng Nai,Phường Tam Hiệp,10.9510733,106.858145,91,Moderate,1,22.8,88,0.0,2.6,164,1009.4,0,19.6,21.3,387.0,29.2,59.0,9.9
2026-01-21 02:00:00,2026,1,21,2,Đồng Nai,Phường Tam Hiệp,10.9510733,106.858145,91,Moderate,1,22.6,88,0.0,2.2,138,1009.4,1,22.5,24.3,412.0,32.7,52.0,11.4
2026-01-21 03:00:00,2026,1,21,3,Đồng Nai,Phường Tam Hiệp,10.9510733,106.858145,90,Moderate,1,22.4,88,0.0,2.2,85,1009.1,1,26.6,28.5,438.0,36.9,46.0,13.6
2026-01-21 04:00:00,2026,1,21,4,Đồng Nai,Phường Tam Hiệp,10.9510733,106.858145,89,Moderate,1,22.0,89,0.0,2.8,35,1009.3,2,32.7,34.7,453.0,40.3,40.0,15.2
2026-01-21 05:00:00,2026,1,21,5,Đồng Nai,Phường Tam Hiệp,10.9510733,106.858145,89,Moderate,1,21.4,93,0.0,3.4,32,1009.9,22,38.6,40.5,457.0,43.0,29.0,15.7
2026-01-21 06:00:00,2026,1,21,6,Đồng Nai,Phường Tam Hiệp,10.9510733,106.858145,88,Moderate,1,21.1,95,0.0,5.1,17,1010.3,10,43.0,44.8,450.0,45.0,18.0,15.8
2026-01-21 07:00:00,2026,1,21,7,Đồng Nai,Phường Tam Hiệp,10.9510733,106.858145,86,Moderate,1,21.4,95,0.0,5.6,7,1010.6,59,53.8,55.5,425.0,41.2,20.0,14.9
2026-01-21 08:00:00,2026,1,21,8,Đồng Nai,Phường Tam Hiệp,10.9510733,106.858145,87,Moderate,1,23.5,68,0.0,6.0,10,1011.9,67,54.4,56.0,367.0,37.7,47.0,15.5
2026-01-21 09:00:00,2026,1,21,9,Đồng Nai,Phường Tam Hiệp,10.9510733,106.858145,88,Moderate,1,25.9,47,0.0,7.3,7,1012.9,89,42.7,45.1,291.0,32.7,84.0,16.1
2026-01-21 10:00:00,2026,1,21,10,Đồng Nai,Phường Tam Hiệp,10.9510733,106.858145,89,Moderate,1,28.0,41,0.0,5.5,349,1012.7,68,38.3,40.9,230.0,27.6,117.0,15.9
2026-01-21 11:00:00,2026,1,21,11,Đồng Nai,Phường Tam Hiệp,10.9510733,106.858145,90,Moderate,1,29.8,37,0.0,3.7,349,1012.2,52,33.9,36.6,200.0,22.1,140.0,14.0
2026-01-21 12:00:00,2026,1,21,12,Đồng Nai,Phường Tam Hiệp,10.9510733,106.858145,90,Moderate,1,31.4,30,0.0,4.8,31,1011.1,77,29.2,31.7,185.0,16.6,158.0,11.3
2026-01-21 13:00:00,2026,1,21,13,Đồng Nai,Phường Tam Hiệp,10.9510733,106.858145,89,Moderate,1,31.8,28,0.0,11.4,39,1009.9,16,25.4,27.6,174.0,12.9,168.0,9.0
2026-01-21 14:00:00,2026,1,21,14,Đồng Nai,Phường Tam Hiệp,10.9510733,106.858145,88,Moderate,1,32.3,25,0.0,7.4,34,1008.7,33,22.5,24.5,157.0,12.0,166.0,7.5
2026-01-21 15:00:00,2026,1,21,15,Đồng Nai,Phường Tam Hiệp,10.9510733,106.858145,88,Moderate,1,32.7,23,0.0,7.9,41,1007.8,53,19.7,21.5,144.0,13.0,156.0,6.6
2026-01-21 16:00:00,2026,1,21,16,Đồng Nai,Phường Tam Hiệp,10.9510733,106.858145,87,Moderate,1,32.2,24,0.0,8.1,89,1007.8,84,18.3,20.1,149.0,15.6,142.0,6.5
2026-01-21 17:00:00,2026,1,21,17,Đồng Nai,Phường Tam Hiệp,10.9510733,106.858145,107,Unhealthy for Sensitive Groups,2,28.4,51,0.0,14.0,149,1008.3,18,20.6,23.5,184.0,20.9,124.0,8.0
2026-01-21 18:00:00,2026,1,21,18,Đồng Nai,Phường Tam Hiệp,10.9510733,106.858145,116,Unhealthy for Sensitive Groups,2,27.6,55,0.0,12.4,166,1008.4,2,23.2,26.0,237.0,27.9,103.0,10.4
2026-01-21 19:00:00,2026,1,21,19,Đồng Nai,Phường Tam Hiệp,10.9510733,106.858145,113,Unhealthy for Sensitive Groups,2,26.4,65,0.0,12.6,158,1009.5,7,25.3,27.5,287.0,40.5,74.0,13.8
2026-01-21 20:00:00,2026,1,21,20,Đồng Nai,Phường Tam Hiệp,10.9510733,106.858145,99,Moderate,1,25.5,68,0.0,11.8,156,1010.6,43,23.9,26.1,331.0,37.0,74.0,13.4
2026-01-21 21:00:00,2026,1,21,21,Đồng Nai,Phường Tam Hiệp,10.9510733,106.858145,85,Moderate,1,25.0,72,0.0,4.9,123,1011.7,63,21.9,24.1,373.0,32.4,73.0,12.9
2026-01-21 22:00:00,2026,1,21,22,Đồng Nai,Phường Tam Hiệp,10.9510733,106.858145,85,Moderate,1,24.6,75,0.0,3.8,149,1011.6,5,20.4,22.5,399.0,30.1,70.0,12.7
2026-01-21 23:00:00,2026,1,21,23,Đồng Nai,Phường Tam Hiệp,10.9510733,106.858145,86,Moderate,1,24.1,79,0.0,4.6,171,1011.5,2,20.8,22.9,403.0,32.1,62.0,13.1
2026-01-22 00:00:00,2026,1,22,0,Đồng Nai,Phường Tam Hiệp,10.9510733,106.858145,86,Moderate,1,23.8,81,0.0,2.9,338,1011.6,60,22.1,24.3,391.0,36.3,51.0,13.9
2026-01-22 01:00:00,2026,1,22,1,Đồng Nai,Phường Tam Hiệp,10.9510733,106.858145,86,Moderate,1,23.3,86,0.0,2.0,315,1010.8,38,25.8,28.1,371.0,40.4,40.0,14.6
2026-01-22 02:00:00,2026,1,22,2,Đồng Nai,Phường Tam Hiệp,10.9510733,106.858145,87,Moderate,1,23.2,87,0.0,4.4,330,1010.1,73,27.8,29.9,335.0,43.7,31.0,14.9
2026-01-22 03:00:00,2026,1,22,3,Đồng Nai,Phường Tam Hiệp,10.9510733,106.858145,87,Moderate,1,22.7,86,0.0,7.0,357,1010.1,82,27.2,29.0,291.0,46.8,22.0,15.2
2026-01-22 04:00:00,2026,1,22,4,Đồng Nai,Phường Tam Hiệp,10.9510733,106.858145,88,Moderate,1,22.1,76,0.0,6.7,5,1010.2,98,27.9,29.6,268.0,48.8,16.0,15.9
2026-01-22 05:00:00,2026,1,22,5,Đồng Nai,Phường Tam Hiệp,10.9510733,106.858145,87,Moderate,1,21.4,75,0.0,5.3,352,1010.8,98,28.8,30.4,287.0,49.3,12.0,17.6
2026-01-22 06:00:00,2026,1,22,6,Đồng Nai,Phường Tam Hiệp,10.9510733,106.858145,86,Moderate,1,20.9,78,0.0,6.1,360,1011.4,95,31.1,32.7,327.0,48.7,11.0,19.7
2026-01-22 07:00:00,2026,1,22,7,Đồng Nai,Phường Tam Hiệp,10.9510733,106.858145,85,Moderate,1,21.8,77,0.0,3.9,317,1012.2,87,43.8,45.2,354.0,46.0,20.0,19.3
2026-01-22 08:00:00,2026,1,22,8,Đồng Nai,Phường Tam Hiệp,10.9510733,106.858145,84,Moderate,1,23.8,66,0.0,4.2,350,1013.2,88,39.6,40.5,353.0,42.0,44.0,19.1
2026-01-22 09:00:00,2026,1,22,9,Đồng Nai,Phường Tam Hiệp,10.9510733,106.858145,83,Moderate,1,26.0,62,0.0,3.6,33,1014.1,90,35.7,36.9,339.0,36.3,78.0,18.6
2026-01-22 10:00:00,2026,1,22,10,Đồng Nai,Phường Tam Hiệp,10.9510733,106.858145,82,Moderate,1,28.1,55,0.0,0.9,37,1013.8,91,31.0,32.5,318.0,30.1,105.0,17.1
2026-01-22 11:00:00,2026,1,22,11,Đồng Nai,Phường Tam Hiệp,10.9510733,106.858145,82,Moderate,1,30.0,46,0.0,0.6,342,1013.3,27,26.0,27.6,287.0,22.9,121.0,13.7
2026-01-22 12:00:00,2026,1,22,12,Đồng Nai,Phường Tam Hiệp,10.9510733,106.858145,81,Moderate,1,31.5,35,0.0,2.1,15,1012.0,33,21.5,23.2,249.0,15.4,132.0,9.4
2026-01-22 13:00:00,2026,1,22,13,Đồng Nai,Phường Tam Hiệp,10.9510733,106.858145,80,Moderate,1,31.3,36,0.0,3.8,73,1011.0,33,16.9,18.6,220.0,10.2,136.0,6.1
2026-01-22 14:00:00,2026,1,22,14,Đồng Nai,Phường Tam Hiệp,10.9510733,106.858145,80,Moderate,1,31.6,34,0.0,4.0,69,1009.8,96,14.7,16.6,202.0,8.2,134.0,4.5
2026-01-22 15:00:00,2026,1,22,15,Đồng Nai,Phường Tam Hiệp,10.9510733,106.858145,79,Moderate,1,32.1,33,0.0,3.6,87,1009.1,95,12.9,14.7,194.0,8.6,127.0,4.0
2026-01-22 16:00:00,2026,1,22,16,Đồng Nai,Phường Tam Hiệp,10.9510733,106.858145,78,Moderate,1,31.5,33,0.0,4.2,65,1009.0,91,12.4,14.2,200.0,12.3,115.0,4.4
2026-01-22 17:00:00,2026,1,22,17,Đồng Nai,Phường Tam Hiệp,10.9510733,106.858145,78,Moderate,1,31.1,34,0.0,6.1,45,1009.2,97,17.2,19.0,234.0,22.1,96.0,6.2
2026-01-22 18:00:00,2026,1,22,18,Đồng Nai,Phường Tam Hiệp,10.9510733,106.858145,77,Moderate,1,29.5,42,0.0,7.6,133,1009.7,100,21.9,24.3,283.0,35.2,71.0,9.0
2026-01-22 19:00:00,2026,1,22,19,Đồng Nai,Phường Tam Hiệp,10.9510733,106.858145,77,Moderate,1,26.4,66,0.0,12.6,146,1010.8,100,29.2,31.5,318.0,49.3,52.0,12.0
2026-01-22 20:00:00,2026,1,22,20,Đồng Nai,Phường Tam Hiệp,10.9510733,106.858145,78,Moderate,1,26.2,66,0.0,1.0,211,1011.9,100,28.5,30.6,323.0,47.2,49.0,11.6
2026-01-22 21:00:00,2026,1,22,21,Đồng Nai,Phường Tam Hiệp,10.9510733,106.858145,78,Moderate,1,26.2,66,0.0,2.3,39,1012.5,100,26.8,28.9,313.0,44.2,45.0,11.0
2026-01-22 22:00:00,2026,1,22,22,Đồng Nai,Phường Tam Hiệp,10.9510733,106.858145,79,Moderate,1,26.1,67,0.0,2.8,72,1012.3,100,25.4,27.4,302.0,41.7,41.0,10.3
2026-01-22 23:00:00,2026,1,22,23,Đồng Nai,Phường Tam Hiệp,10.9510733,106.858145,79,Moderate,1,25.5,71,0.0,4.5,29,1012.3,100,27.2,29.1,293.0,40.3,39.0,9.2
2026-01-23 00:00:00,2026,1,23,0,Đồng Nai,Phường Tam Hiệp,10.9510733,106.858145,80,Moderate,1,25.0,70,0.0,7.8,5,1012.2,100,24.4,26.2,282.0,39.3,37.0,8.0
2026-01-23 01:00:00,2026,1,23,1,Đồng Nai,Phường Tam Hiệp,10.9510733,106.858145,80,Moderate,1,24.4,63,0.0,8.9,13,1012.0,100,21.0,22.5,276.0,38.2,36.0,7.2
2026-01-23 02:00:00,2026,1,23,2,Đồng Nai,Phường Tam Hiệp,10.9510733,106.858145,79,Moderate,1,23.8,63,0.0,8.2,14,1011.8,100,19.4,20.7,275.0,36.4,35.0,7.0
2026-01-23 03:00:00,2026,1,23,3,Đồng Nai,Phường Tam Hiệp,10.9510733,106.858145,79,Moderate,1,23.5,65,0.0,8.0,25,1011.5,100,19.0,20.3,278.0,34.5,34.0,7.3
2026-01-23 04:00:00,2026,1,23,4,Đồng Nai,Phường Tam Hiệp,10.9510733,106.858145,78,Moderate,1,23.2,69,0.0,7.9,21,1011.6,100,19.6,21.0,290.0,33.6,33.0,8.2
2026-01-23 05:00:00,2026,1,23,5,Đồng Nai,Phường Tam Hiệp,10.9510733,106.858145,77,Moderate,1,22.6,71,0.0,7.7,18,1012.0,89,20.7,22.0,321.0,35.1,29.0,10.1
2026-01-23 06:00:00,2026,1,23,6,Đồng Nai,Phường Tam Hiệp,10.9510733,106.858145,76,Moderate,1,22.1,73,0.0,7.5,11,1012.6,6,22.9,24.2,361.0,37.8,25.0,12.5
2026-01-23 07:00:00,2026,1,23,7,Đồng Nai,Phường Tam Hiệp,10.9510733,106.858145,76,Moderate,1,23.0,71,0.0,5.8,26,1013.7,5,34.2,36.6,383.0,40.3,26.0,13.0
2026-01-23 08:00:00,2026,1,23,8,Đồng Nai,Phường Tam Hiệp,10.9510733,106.858145,75,Moderate,1,24.8,63,0.0,5.1,18,1014.7,2,28.7,31.4,374.0,36.2,44.0,12.7
2026-01-23 09:00:00,2026,1,23,9,Đồng Nai,Phường Tam Hiệp,10.9510733,106.858145,74,Moderate,1,26.6,57,0.0,3.3,9,1015.2,1,24.6,28.1,348.0,30.4,68.0,12.2
2026-01-23 10:00:00,2026,1,23,10,Đồng Nai,Phường Tam Hiệp,10.9510733,106.858145,73,Moderate,1,28.4,51,0.0,3.7,331,1014.9,9,21.1,24.6,321.0,25.2,91.0,11.5
2026-01-23 11:00:00,2026,1,23,11,Đồng Nai,Phường Tam Hiệp,10.9510733,106.858145,72,Moderate,1,29.9,47,0.0,5.1,354,1014.1,0,19.2,22.4,296.0,21.1,109.0,10.6
2026-01-23 12:00:00,2026,1,23,12,Đồng Nai,Phường Tam Hiệp,10.9510733,106.858145,71,Moderate,1,31.1,43,0.0,6.0,7,1013.2,0,17.7,20.6,269.0,17.6,125.0,9.5
2026-01-23 13:00:00,2026,1,23,13,Đồng Nai,Phường Tam Hiệp,10.9510733,106.858145,71,Moderate,1,31.1,43,0.0,7.4,18,1012.3,9,16.3,18.8,248.0,14.9,135.0,8.5
2026-01-23 14:00:00,2026,1,23,14,Đồng Nai,Phường Tam Hiệp,10.9510733,106.858145,71,Moderate,1,31.9,39,0.0,8.3,13,1011.1,16,14.6,16.6,225.0,12.2,140.0,7.4
2026-01-23 15:00:00,2026,1,23,15,Đồng Nai,Phường Tam Hiệp,10.9510733,106.858145,71,Moderate,1,32.0,36,0.0,7.1,15,1010.3,13,13.1,14.6,208.0,10.2,139.0,6.3
2026-01-23 16:00:00,2026,1,23,16,Đồng Nai,Phường Tam Hiệp,10.9510733,106.858145,71,Moderate,1,31.9,36,0.0,6.3,5,1009.9,24,12.0,13.3,226.0,12.0,131.0,6.1
2026-01-23 17:00:00,2026,1,23,17,Đồng Nai,Phường Tam Hiệp,10.9510733,106.858145,71,Moderate,1,31.5,35,0.0,2.0,297,1010.0,81,13.2,14.8,315.0,20.6,110.0,7.3
2026-01-23 18:00:00,2026,1,23,18,Đồng Nai,Phường Tam Hiệp,10.9510733,106.858145,75,Moderate,1,29.6,54,0.0,0.4,153,1010.4,63,21.9,24.6,439.0,32.9,82.0,9.4
2026-01-23 19:00:00,2026,1,23,19,Đồng Nai,Phường Tam Hiệp,10.9510733,106.858145,73,Moderate,1,29.4,44,0.0,5.8,182,1011.3,86,31.7,34.8,524.0,49.4,54.0,13.2
2026-01-23 20:00:00,2026,1,23,20,Đồng Nai,Phường Tam Hiệp,10.9510733,106.858145,71,Moderate,1,26.8,66,0.0,9.9,195,1012.6,34,31.9,34.6,521.0,49.0,52.0,15.4
2026-01-23 21:00:00,2026,1,23,21,Đồng Nai,Phường Tam Hiệp,10.9510733,106.858145,71,Moderate,1,25.4,73,0.0,7.4,157,1013.2,84,31.4,33.9,479.0,48.4,48.0,18.3
2026-01-23 22:00:00,2026,1,23,22,Đồng Nai,Phường Tam Hiệp,10.9510733,106.858145,72,Moderate,1,25.0,74,0.1,3.9,167,1013.0,100,32.2,34.3,469.0,47.5,44.0,19.7
2026-01-23 23:00:00,2026,1,23,23,Đồng Nai,Phường Tam Hiệp,10.9510733,106.858145,72,Moderate,1,24.8,77,0.0,2.9,300,1013.1,88,31.5,33.3,537.0,46.3,39.0,18.3
2026-01-24 00:00:00,2026,1,24,0,Đồng Nai,Phường Tam Hiệp,10.9510733,106.858145,73,Moderate,1,24.3,81,0.0,3.3,319,1013.1,4,28.2,29.7,636.0,44.8,34.0,15.4
2026-01-24 01:00:00,2026,1,24,1,Đồng Nai,Phường Tam Hiệp,10.9510733,106.858145,73,Moderate,1,24.1,73,0.0,6.6,334,1012.7,5,26.3,27.7,700.0,43.2,29.0,12.9
2026-01-24 02:00:00,2026,1,24,2,Đồng Nai,Phường Tam Hiệp,10.9510733,106.858145,73,Moderate,1,23.6,71,0.0,2.3,4,1012.4,9,25.8,27.2,692.0,41.3,26.0,11.3
2026-01-24 03:00:00,2026,1,24,3,Đồng Nai,Phường Tam Hiệp,10.9510733,106.858145,74,Moderate,1,23.1,71,0.0,2.8,75,1012.2,1,25.5,26.8,648.0,39.2,24.0,10.1
2026-01-24 04:00:00,2026,1,24,4,Đồng Nai,Phường Tam Hiệp,10.9510733,106.858145,74,Moderate,1,22.5,77,0.0,2.0,80,1012.3,2,25.3,26.5,609.0,37.9,22.0,9.7
2026-01-24 05:00:00,2026,1,24,5,Đồng Nai,Phường Tam Hiệp,10.9510733,106.858145,75,Moderate,1,22.3,80,0.0,1.3,45,1012.7,1,25.1,26.4,592.0,38.3,18.0,10.5
2026-01-24 06:00:00,2026,1,24,6,Đồng Nai,Phường Tam Hiệp,10.9510733,106.858145,75,Moderate,1,22.1,78,0.0,2.9,349,1013.0,0,27.5,28.9,580.0,39.5,15.0,12.0
2026-01-24 07:00:00,2026,1,24,7,Đồng Nai,Phường Tam Hiệp,10.9510733,106.858145,76,Moderate,1,22.8,76,0.0,6.1,3,1014.0,4,46.4,49.6,558.0,44.1,21.0,16.0
2026-01-24 08:00:00,2026,1,24,8,Đồng Nai,Phường Tam Hiệp,10.9510733,106.858145,77,Moderate,1,24.5,70,0.0,4.6,36,1014.6,3,39.2,41.9,516.0,38.6,49.0,15.3
2026-01-24 09:00:00,2026,1,24,9,Đồng Nai,Phường Tam Hiệp,10.9510733,106.858145,78,Moderate,1,26.5,64,0.0,3.6,63,1015.1,16,33.1,35.7,464.0,30.8,88.0,14.2
2026-01-24 10:00:00,2026,1,24,10,Đồng Nai,Phường Tam Hiệp,10.9510733,106.858145,79,Moderate,1,28.2,58,0.0,2.7,62,1015.0,19,28.8,32.0,415.0,23.9,122.0,13.2
2026-01-24 11:00:00,2026,1,24,11,Đồng Nai,Phường Tam Hiệp,10.9510733,106.858145,79,Moderate,1,29.7,51,0.0,2.8,35,1014.4,42,27.9,31.4,371.0,18.6,146.0,12.2
2026-01-24 12:00:00,2026,1,24,12,Đồng Nai,Phường Tam Hiệp,10.9510733,106.858145,80,Moderate,1,30.4,45,0.0,4.3,17,1013.4,37,26.1,29.5,329.0,14.2,165.0,11.2
2026-01-24 13:00:00,2026,1,24,13,Đồng Nai,Phường Tam Hiệp,10.9510733,106.858145,81,Moderate,1,29.8,47,0.0,4.4,35,1012.5,44,23.8,26.3,296.0,11.5,177.0,10.3
2026-01-24 14:00:00,2026,1,24,14,Đồng Nai,Phường Tam Hiệp,10.9510733,106.858145,81,Moderate,1,30.8,42,0.0,2.6,34,1011.7,53,21.9,23.9,273.0,10.8,181.0,9.4
2026-01-24 15:00:00,2026,1,24,15,Đồng Nai,Phường Tam Hiệp,10.9510733,106.858145,82,Moderate,1,31.3,39,0.0,1.4,130,1011.0,75,21.7,23.8,259.0,11.7,178.0,8.7
2026-01-24 16:00:00,2026,1,24,16,Đồng Nai,Phường Tam Hiệp,10.9510733,106.858145,102,Unhealthy for Sensitive Groups,2,31.2,39,0.0,4.5,140,1010.6,33,21.5,24.1,257.0,14.3,167.0,8.5
2026-01-24 17:00:00,2026,1,24,17,Đồng Nai,Phường Tam Hiệp,10.9510733,106.858145,127,Unhealthy for Sensitive Groups,2,30.4,43,0.0,9.0,142,1010.8,16,22.2,26.5,275.0,19.8,143.0,9.3
2026-01-24 18:00:00,2026,1,24,18,Đồng Nai,Phường Tam Hiệp,10.9510733,106.858145,139,Unhealthy for Sensitive Groups,2,27.7,59,0.0,15.5,155,1011.0,0,22.6,26.0,305.0,26.9,112.0,10.6
2026-01-24 19:00:00,2026,1,24,19,Đồng Nai,Phường Tam Hiệp,10.9510733,106.858145,136,Unhealthy for Sensitive Groups,2,26.2,69,0.0,14.6,171,1011.3,9,24.4,27.1,330.0,31.9,88.0,11.9
2026-01-24 20:00:00,2026,1,24,20,Đồng Nai,Phường Tam Hiệp,10.9510733,106.858145,124,Unhealthy for Sensitive Groups,2,25.8,71,0.0,14.6,154,1012.1,0,20.3,22.6,343.0,30.0,83.0,11.5
2026-01-24 21:00:00,2026,1,24,21,Đồng Nai,Phường Tam Hiệp,10.9510733,106.858145,107,Unhealthy for Sensitive Groups,2,24.8,75,0.0,13.3,147,1012.2,0,17.5,19.7,351.0,27.5,75.0,10.9
2026-01-24 22:00:00,2026,1,24,22,Đồng Nai,Phường Tam Hiệp,10.9510733,106.858145,85,Moderate,1,24.1,76,0.0,11.1,146,1012.2,0,15.9,17.9,354.0,25.8,68.0,10.4
2026-01-24 23:00:00,2026,1,24,23,Đồng Nai,Phường Tam Hiệp,10.9510733,106.858145,80,Moderate,1,23.6,79,0.0,9.6,123,1012.3,5,15.1,16.9,350.0,25.8,63.0,10.1
2026-01-25 00:00:00,2026,1,25,0,Đồng Nai,Phường Tam Hiệp,10.9510733,106.858145,79,Moderate,1,23.2,79,0.0,5.8,97,1012.0,73,15.0,16.8,342.0,26.6,59.0,9.9
2026-01-25 01:00:00,2026,1,25,1,Đồng Nai,Phường Tam Hiệp,10.9510733,106.858145,78,Moderate,1,23.0,80,0.0,2.7,90,1011.8,95,16.3,18.0,341.0,27.9,54.0,10.1
2026-01-25 02:00:00,2026,1,25,2,Đồng Nai,Phường Tam Hiệp,10.9510733,106.858145,77,Moderate,1,22.9,80,0.0,3.4,72,1011.3,92,18.0,19.8,351.0,29.5,49.0,10.8
2026-01-25 03:00:00,2026,1,25,3,Đồng Nai,Phường Tam Hiệp,10.9510733,106.858145,76,Moderate,1,22.4,83,0.0,2.1,59,1011.0,94,20.0,21.7,368.0,31.4,43.0,11.7
2026-01-25 04:00:00,2026,1,25,4,Đồng Nai,Phường Tam Hiệp,10.9510733,106.858145,75,Moderate,1,22.1,84,0.0,2.1,31,1010.9,80,22.1,23.9,392.0,33.6,38.0,12.6
2026-01-25 05:00:00,2026,1,25,5,Đồng Nai,Phường Tam Hiệp,10.9510733,106.858145,75,Moderate,1,21.9,85,0.0,2.3,58,1011.6,52,30.6,31.9,437.0,37.0,30.0,13.3
2026-01-25 06:00:00,2026,1,25,6,Đồng Nai,Phường Tam Hiệp,10.9510733,106.858145,76,Moderate,1,21.7,85,0.0,3.3,68,1012.0,3,36.1,37.7,490.0,40.5,22.0,14.0
2026-01-25 07:00:00,2026,1,25,7,Đồng Nai,Phường Tam Hiệp,10.9510733,106.858145,76,Moderate,1,22.1,90,0.0,5.6,4,1012.5,88,35.2,37.7,505.0,36.7,27.0,12.3
2026-01-25 08:00:00,2026,1,25,8,Đồng Nai,Phường Tam Hiệp,10.9510733,106.858145,75,Moderate,1,23.8,72,0.0,7.0,339,1013.4,94,30.5,32.8,451.0,31.5,51.0,11.6
2026-01-25 09:00:00,2026,1,25,9,Đồng Nai,Phường Tam Hiệp,10.9510733,106.858145,75,Moderate,1,25.8,57,0.0,7.0,350,1014.1,11,24.7,27.8,360.0,24.2,84.0,10.7
2026-01-25 10:00:00,2026,1,25,10,Đồng Nai,Phường Tam Hiệp,10.9510733,106.858145,74,Moderate,1,27.8,50,0.0,6.8,2,1014.0,81,22.1,25.1,287.0,17.8,113.0,9.5
2026-01-25 11:00:00,2026,1,25,11,Đồng Nai,Phường Tam Hiệp,10.9510733,106.858145,73,Moderate,1,29.8,42,0.0,6.3,7,1013.7,100,19.7,22.4,256.0,13.2,133.0,8.0
2026-01-25 12:00:00,2026,1,25,12,Đồng Nai,Phường Tam Hiệp,10.9510733,106.858145,73,Moderate,1,31.2,34,0.0,8.1,17,1012.9,100,18.5,20.5,243.0,9.5,149.0,6.2
2026-01-25 13:00:00,2026,1,25,13,Đồng Nai,Phường Tam Hiệp,10.9510733,106.858145,72,Moderate,1,31.2,35,0.0,7.4,354,1011.6,100,18.3,19.6,236.0,7.4,160.0,5.1
2026-01-25 14:00:00,2026,1,25,14,Đồng Nai,Phường Tam Hiệp,10.9510733,106.858145,71,Moderate,1,31.7,34,0.0,6.8,333,1010.6,100,19.0,20.3,221.0,6.8,169.0,4.7
2026-01-25 15:00:00,2026,1,25,15,Đồng Nai,Phường Tam Hiệp,10.9510733,106.858145,71,Moderate,1,31.9,32,0.0,7.8,312,1010.1,89,19.4,20.7,211.0,7.9,172.0,4.9
2026-01-25 16:00:00,2026,1,25,16,Đồng Nai,Phường Tam Hiệp,10.9510733,106.858145,86,Moderate,1,32.0,30,0.0,6.3,307,1009.8,71,19.5,20.9,235.0,11.7,166.0,5.9
2026-01-25 17:00:00,2026,1,25,17,Đồng Nai,Phường Tam Hiệp,10.9510733,106.858145,110,Unhealthy for Sensitive Groups,2,30.4,38,0.0,8.0,189,1010.2,22,21.1,22.5,332.0,21.2,141.0,8.3
2026-01-25 18:00:00,2026,1,25,18,Đồng Nai,Phường Tam Hiệp,10.9510733,106.858145,122,Unhealthy for Sensitive Groups,2,27.7,59,0.0,14.2,179,1010.7,0,27.4,30.4,462.0,33.5,105.0,11.4
2026-01-25 19:00:00,2026,1,25,19,Đồng Nai,Phường Tam Hiệp,10.9510733,106.858145,121,Unhealthy for Sensitive Groups,2,26.8,63,0.0,17.3,184,1011.2,9,29.5,31.9,538.0,38.6,79.0,12.9
2026-01-25 20:00:00,2026,1,25,20,Đồng Nai,Phường Tam Hiệp,10.9510733,106.858145,109,Unhealthy for Sensitive Groups,2,26.0,67,0.0,13.1,151,1011.9,2,23.5,25.4,504.0,35.5,76.0,12.4
2026-01-25 21:00:00,2026,1,25,21,Đồng Nai,Phường Tam Hiệp,10.9510733,106.858145,94,Moderate,1,25.0,72,0.0,12.5,152,1012.5,5,18.7,20.5,416.0,31.2,72.0,11.6
2026-01-25 22:00:00,2026,1,25,22,Đồng Nai,Phường Tam Hiệp,10.9510733,106.858145,75,Moderate,1,24.3,76,0.0,10.2,129,1012.4,0,16.5,18.3,345.0,27.7,68.0,10.7
2026-01-25 23:00:00,2026,1,25,23,Đồng Nai,Phường Tam Hiệp,10.9510733,106.858145,72,Moderate,1,23.9,76,0.0,9.1,139,1012.4,0,14.8,16.5,320.0,25.5,65.0,9.5
2026-01-26 00:00:00,2026,1,26,0,Đồng Nai,Phường Tam Hiệp,10.9510733,106.858145,72,Moderate,1,23.3,78,0.0,5.5,136,1012.3,0,13.0,14.5,314.0,24.0,63.0,8.3
2026-01-26 01:00:00,2026,1,26,1,Đồng Nai,Phường Tam Hiệp,10.9510733,106.858145,72,Moderate,1,23.1,81,0.0,3.6,150,1012.4,0,12.2,13.6,316.0,23.4,59.0,7.5
2026-01-26 02:00:00,2026,1,26,2,Đồng Nai,Phường Tam Hiệp,10.9510733,106.858145,71,Moderate,1,23.0,82,0.0,4.3,152,1011.8,40,12.3,13.8,325.0,23.7,54.0,7.3
2026-01-26 03:00:00,2026,1,26,3,Đồng Nai,Phường Tam Hiệp,10.9510733,106.858145,71,Moderate,1,22.6,85,0.0,3.5,125,1011.5,47,13.8,15.3,343.0,24.8,48.0,7.6
2026-01-26 04:00:00,2026,1,26,4,Đồng Nai,Phường Tam Hiệp,10.9510733,106.858145,70,Moderate,1,22.4,85,0.0,4.3,68,1011.7,21,16.2,17.9,361.0,27.1,42.0,8.6
2026-01-26 05:00:00,2026,1,26,5,Đồng Nai,Phường Tam Hiệp,10.9510733,106.858145,70,Moderate,1,22.0,87,0.0,4.9,62,1011.9,0,18.7,20.5,383.0,32.4,34.0,11.2
2026-01-26 06:00:00,2026,1,26,6,Đồng Nai,Phường Tam Hiệp,10.9510733,106.858145,69,Moderate,1,21.5,90,0.0,3.9,53,1012.3,66,22.4,24.3,405.0,38.8,27.0,14.5
2026-01-26 07:00:00,2026,1,26,7,Đồng Nai,Phường Tam Hiệp,10.9510733,106.858145,68,Moderate,1,21.8,88,0.0,4.1,45,1012.9,0,37.7,41.2,413.0,42.1,25.0,16.4
2026-01-26 08:00:00,2026,1,26,8,Đồng Nai,Phường Tam Hiệp,10.9510733,106.858145,68,Moderate,1,23.6,79,0.0,2.7,67,1013.9,0,32.9,36.6,397.0,35.8,47.0,15.1
2026-01-26 09:00:00,2026,1,26,9,Đồng Nai,Phường Tam Hiệp,10.9510733,106.858145,68,Moderate,1,25.8,71,0.0,2.4,54,1014.5,0,29.0,33.5,367.0,27.0,78.0,13.1
2026-01-26 10:00:00,2026,1,26,10,Đồng Nai,Phường Tam Hiệp,10.9510733,106.858145,68,Moderate,1,27.9,61,0.0,2.2,35,1014.3,0,27.6,32.1,334.0,19.4,106.0,11.1
2026-01-26 11:00:00,2026,1,26,11,Đồng Nai,Phường Tam Hiệp,10.9510733,106.858145,69,Moderate,1,29.9,48,0.0,2.7,360,1013.7,2,25.2,29.2,298.0,14.2,129.0,8.9
2026-01-26 12:00:00,2026,1,26,12,Đồng Nai,Phường Tam Hiệp,10.9510733,106.858145,69,Moderate,1,31.4,39,0.0,4.6,9,1012.4,2,24.9,28.2,259.0,10.2,149.0,6.6
2026-01-26 13:00:00,2026,1,26,13,Đồng Nai,Phường Tam Hiệp,10.9510733,106.858145,70,Moderate,1,31.4,38,0.0,6.0,3,1011.3,15,25.3,27.9,233.0,7.8,161.0,4.9
2026-01-26 14:00:00,2026,1,26,14,Đồng Nai,Phường Tam Hiệp,10.9510733,106.858145,71,Moderate,1,32.3,35,0.0,3.4,360,1010.3,22,25.1,27.2,226.0,7.2,164.0,4.1
2026-01-26 15:00:00,2026,1,26,15,Đồng Nai,Phường Tam Hiệp,10.9510733,106.858145,71,Moderate,1,32.2,34,0.0,0.9,101,1009.8,14,24.1,26.0,232.0,8.3,159.0,3.9
2026-01-26 16:00:00,2026,1,26,16,Đồng Nai,Phường Tam Hiệp,10.9510733,106.858145,78,Moderate,1,32.0,33,0.0,3.8,101,1009.5,12,22.7,24.9,240.0,11.1,148.0,4.4
2026-01-26 17:00:00,2026,1,26,17,Đồng Nai,Phường Tam Hiệp,10.9510733,106.858145,99,Moderate,1,31.5,33,0.0,9.3,140,1009.5,20,20.3,23.2,249.0,17.0,127.0,6.1
2026-01-26 18:00:00,2026,1,26,18,Đồng Nai,Phường Tam Hiệp,10.9510733,106.858145,110,Unhealthy for Sensitive Groups,2,27.4,59,0.0,16.9,169,1010.3,6,21.5,23.4,260.0,24.7,100.0,8.5
2026-01-26 19:00:00,2026,1,26,19,Đồng Nai,Phường Tam Hiệp,10.9510733,106.858145,108,Unhealthy for Sensitive Groups,2,26.4,64,0.0,10.4,159,1011.2,10,18.7,20.4,273.0,30.4,80.0,10.2
2026-01-26 20:00:00,2026,1,26,20,Đồng Nai,Phường Tam Hiệp,10.9510733,106.858145,98,Moderate,1,25.6,65,0.0,13.1,148,1012.0,13,14.5,16.1,289.0,28.0,79.0,9.7
2026-01-26 21:00:00,2026,1,26,21,Đồng Nai,Phường Tam Hiệp,10.9510733,106.858145,83,Moderate,1,24.6,71,0.0,11.9,150,1012.5,19,12.1,13.7,306.0,24.7,77.0,9.0
2026-01-26 22:00:00,2026,1,26,22,Đồng Nai,Phường Tam Hiệp,10.9510733,106.858145,69,Moderate,1,24.1,71,0.0,12.7,140,1012.7,5,11.3,12.8,314.0,22.0,75.0,8.3
2026-01-26 23:00:00,2026,1,26,23,Đồng Nai,Phường Tam Hiệp,10.9510733,106.858145,68,Moderate,1,23.5,74,0.0,8.7,133,1012.7,3,10.8,12.3,307.0,20.4,73.0,7.5
2026-01-27 00:00:00,2026,1,27,0,Đồng Nai,Phường Tam Hiệp,10.9510733,106.858145,68,Moderate,1,23.2,76,0.0,6.8,112,1012.6,2,10.0,11.4,291.0,19.5,71.0,6.7
2026-01-27 01:00:00,2026,1,27,1,Đồng Nai,Phường Tam Hiệp,10.9510733,106.858145,68,Moderate,1,23.1,79,0.0,5.1,129,1012.3,1,10.3,11.6,281.0,19.6,67.0,6.3
2026-01-27 02:00:00,2026,1,27,2,Đồng Nai,Phường Tam Hiệp,10.9510733,106.858145,68,Moderate,1,22.9,79,0.0,5.4,132,1012.0,0,11.2,12.6,280.0,20.8,61.0,6.6
2026-01-27 03:00:00,2026,1,27,3,Đồng Nai,Phường Tam Hiệp,10.9510733,106.858145,68,Moderate,1,22.6,81,0.0,5.6,149,1011.6,0,13.0,14.4,284.0,22.9,55.0,7.3
2026-01-27 04:00:00,2026,1,27,4,Đồng Nai,Phường Tam Hiệp,10.9510733,106.858145,68,Moderate,1,22.2,84,0.0,1.7,103,1012.0,1,14.8,16.3,301.0,25.8,48.0,8.6
2026-01-27 05:00:00,2026,1,27,5,Đồng Nai,Phường Tam Hiệp,10.9510733,106.858145,67,Moderate,1,22.1,84,0.0,2.4,81,1012.5,0,16.5,18.2,349.0,30.9,39.0,11.1
2026-01-27 06:00:00,2026,1,27,6,Đồng Nai,Phường Tam Hiệp,10.9510733,106.858145,67,Moderate,1,21.9,85,0.0,3.0,57,1013.1,19,19.3,21.1,409.0,36.8,29.0,14.1
2026-01-27 07:00:00,2026,1,27,7,Đồng Nai,Phường Tam Hiệp,10.9510733,106.858145,67,Moderate,1,22.4,84,0.0,4.9,33,1013.9,0,35.2,38.2,435.0,43.9,25.0,16.9
2026-01-27 08:00:00,2026,1,27,8,Đồng Nai,Phường Tam Hiệp,10.9510733,106.858145,67,Moderate,1,24.2,73,0.0,5.7,18,1014.8,15,27.6,30.9,394.0,38.4,42.0,16.1
2026-01-27 09:00:00,2026,1,27,9,Đồng Nai,Phường Tam Hiệp,10.9510733,106.858145,66,Moderate,1,26.2,59,0.0,7.6,356,1015.3,70,24.3,27.8,319.0,30.7,66.0,14.8
2026-01-27 10:00:00,2026,1,27,10,Đồng Nai,Phường Tam Hiệp,10.9510733,106.858145,66,Moderate,1,28.4,46,0.0,8.5,356,1014.9,91,22.6,25.7,259.0,23.8,92.0,13.5
2026-01-27 11:00:00,2026,1,27,11,Đồng Nai,Phường Tam Hiệp,10.9510733,106.858145,65,Moderate,1,30.1,41,0.0,9.3,350,1014.1,95,21.1,23.0,236.0,18.3,120.0,11.9
2026-01-27 12:00:00,2026,1,27,12,Đồng Nai,Phường Tam Hiệp,10.9510733,106.858145,65,Moderate,1,31.2,36,0.0,9.2,349,1013.1,74,21.1,22.4,228.0,13.5,150.0,10.2
2026-01-27 13:00:00,2026,1,27,13,Đồng Nai,Phường Tam Hiệp,10.9510733,106.858145,65,Moderate,1,31.4,36,0.0,7.8,4,1012.0,0,22.9,24.0,223.0,10.5,172.0,9.0
2026-01-27 14:00:00,2026,1,27,14,Đồng Nai,Phường Tam Hiệp,10.9510733,106.858145,64,Moderate,1,32.2,34,0.0,8.4,7,1011.0,2,24.0,25.0,215.0,9.3,185.0,8.7
2026-01-27 15:00:00,2026,1,27,15,Đồng Nai,Phường Tam Hiệp,10.9510733,106.858145,64,Moderate,1,31.9,33,0.0,7.9,13,1010.6,9,25.0,26.1,211.0,9.9,189.0,8.9
2026-01-27 16:00:00,2026,1,27,16,Đồng Nai,Phường Tam Hiệp,10.9510733,106.858145,83,Moderate,1,31.4,33,0.0,6.3,13,1010.4,0,25.1,26.2,213.0,12.6,182.0,9.4
2026-01-27 17:00:00,2026,1,27,17,Đồng Nai,Phường Tam Hiệp,10.9510733,106.858145,112,Unhealthy for Sensitive Groups,2,31.0,34,0.0,7.0,13,1010.6,16,26.3,27.4,228.0,19.5,153.0,10.4
2026-01-27 18:00:00,2026,1,27,18,Đồng Nai,Phường Tam Hiệp,10.9510733,106.858145,131,Unhealthy for Sensitive Groups,2,29.9,37,0.0,9.6,172,1010.9,13,26.5,29.3,251.0,28.5,112.0,11.8
2026-01-27 19:00:00,2026,1,27,19,Đồng Nai,Phường Tam Hiệp,10.9510733,106.858145,135,Unhealthy for Sensitive Groups,2,25.9,68,0.0,17.5,155,1011.6,90,26.5,29.0,266.0,33.3,85.0,11.8
2026-01-27 20:00:00,2026,1,27,20,Đồng Nai,Phường Tam Hiệp,10.9510733,106.858145,128,Unhealthy for Sensitive Groups,2,25.4,71,0.0,13.7,147,1012.7,14,19.8,22.1,266.0,31.1,81.0,11.2
2026-01-27 21:00:00,2026,1,27,21,Đồng Nai,Phường Tam Hiệp,10.9510733,106.858145,113,Unhealthy for Sensitive Groups,2,24.4,78,0.0,12.5,144,1012.9,0,16.6,18.6,259.0,28.0,74.0,10.3
2026-01-27 22:00:00,2026,1,27,22,Đồng Nai,Phường Tam Hiệp,10.9510733,106.858145,92,Moderate,1,24.1,77,0.0,10.9,136,1013.0,0,14.6,16.4,255.0,25.6,69.0,9.5
2026-01-27 23:00:00,2026,1,27,23,Đồng Nai,Phường Tam Hiệp,10.9510733,106.858145,68,Moderate,1,23.7,78,0.0,10.8,134,1012.8,2,13.0,14.7,257.0,24.3,66.0,8.6
2026-01-28 00:00:00,2026,1,28,0,Đồng Nai,Phường Tam Hiệp,10.9510733,106.858145,68,Moderate,1,23.3,80,0.0,8.3,134,1012.2,17,11.7,13.4,262.0,23.6,65.0,7.8
2026-01-28 01:00:00,2026,1,28,1,Đồng Nai,Phường Tam Hiệp,10.9510733,106.858145,68,Moderate,1,22.9,83,0.0,3.3,77,1011.8,18,11.7,13.4,270.0,23.9,62.0,7.4
2026-01-28 02:00:00,2026,1,28,2,Đồng Nai,Phường Tam Hiệp,10.9510733,106.858145,68,Moderate,1,22.7,84,0.0,2.4,63,1011.4,16,12.7,14.4,279.0,25.3,56.0,7.7
2026-01-28 03:00:00,2026,1,28,3,Đồng Nai,Phường Tam Hiệp,10.9510733,106.858145,68,Moderate,1,22.4,86,0.0,1.3,74,1010.8,31,14.8,16.6,291.0,27.6,49.0,8.4
2026-01-28 04:00:00,2026,1,28,4,Đồng Nai,Phường Tam Hiệp,10.9510733,106.858145,68,Moderate,1,22.2,86,0.0,4.5,23,1010.8,13,17.3,19.3,307.0,30.7,42.0,9.8
2026-01-28 05:00:00,2026,1,28,5,Đồng Nai,Phường Tam Hiệp,10.9510733,106.858145,68,Moderate,1,21.9,90,0.0,3.8,341,1011.2,36,20.4,22.5,337.0,36.2,31.0,12.4
2026-01-28 06:00:00,2026,1,28,6,Đồng Nai,Phường Tam Hiệp,10.9510733,106.858145,69,Moderate,1,21.6,92,0.0,4.6,309,1012.0,5,24.8,27.1,371.0,42.4,20.0,15.6
2026-01-28 07:00:00,2026,1,28,7,Đồng Nai,Phường Tam Hiệp,10.9510733,106.858145,69,Moderate,1,22.5,91,0.0,4.4,289,1012.8,2,42.6,46.0,380.0,48.2,17.0,18.3
2026-01-28 08:00:00,2026,1,28,8,Đồng Nai,Phường Tam Hiệp,10.9510733,106.858145,70,Moderate,1,24.5,76,0.0,4.3,294,1013.9,0,31.1,34.3,340.0,42.5,37.0,17.4
2026-01-28 09:00:00,2026,1,28,9,Đồng Nai,Phường Tam Hiệp,10.9510733,106.858145,70,Moderate,1,26.6,57,0.0,5.1,328,1014.3,0,26.0,29.5,275.0,34.4,66.0,16.2
2026-01-28 10:00:00,2026,1,28,10,Đồng Nai,Phường Tam Hiệp,10.9510733,106.858145,70,Moderate,1,28.5,45,0.0,3.9,344,1013.9,0,22.8,25.8,227.0,27.0,92.0,14.4
2026-01-28 11:00:00,2026,1,28,11,Đồng Nai,Phường Tam Hiệp,10.9510733,106.858145,70,Moderate,1,30.1,39,0.0,2.1,345,1013.6,0,19.7,22.2,216.0,20.9,112.0,11.7
2026-01-28 12:00:00,2026,1,28,12,Đồng Nai,Phường Tam Hiệp,10.9510733,106.858145,70,Moderate,1,31.5,35,0.0,1.3,8,1012.6,0,18.4,20.7,223.0,15.5,130.0,8.6
2026-01-28 13:00:00,2026,1,28,13,Đồng Nai,Phường Tam Hiệp,10.9510733,106.858145,70,Moderate,1,31.1,35,0.0,1.9,17,1011.2,8,17.8,19.7,227.0,12.1,140.0,6.2
2026-01-28 14:00:00,2026,1,28,14,Đồng Nai,Phường Tam Hiệp,10.9510733,106.858145,70,Moderate,1,32.7,31,0.0,3.1,10,1010.1,26,16.4,18.0,220.0,11.3,140.0,5.0
2026-01-28 15:00:00,2026,1,28,15,Đồng Nai,Phường Tam Hiệp,10.9510733,106.858145,69,Moderate,1,32.8,31,0.0,4.3,15,1009.6,24,15.8,17.8,210.0,12.5,134.0,4.6
2026-01-28 16:00:00,2026,1,28,16,Đồng Nai,Phường Tam Hiệp,10.9510733,106.858145,68,Moderate,1,32.5,31,0.0,4.4,9,1009.4,72,15.7,18.5,207.0,14.9,123.0,4.8
2026-01-28 17:00:00,2026,1,28,17,Đồng Nai,Phường Tam Hiệp,10.9510733,106.858145,67,Moderate,1,32.0,31,0.0,5.5,11,1009.8,33,14.4,16.6,215.0,19.2,107.0,6.1
2026-01-28 18:00:00,2026,1,28,18,Đồng Nai,Phường Tam Hiệp,10.9510733,106.858145,75,Moderate,1,28.6,54,0.0,17.2,173,1010.3,0,17.6,19.6,230.0,24.7,88.0,8.1
2026-01-28 19:00:00,2026,1,28,19,Đồng Nai,Phường Tam Hiệp,10.9510733,106.858145,74,Moderate,1,27.1,64,0.0,14.7,162,1011.1,4,20.9,23.6,243.0,27.0,75.0,9.4
2026-01-28 20:00:00,2026,1,28,20,Đồng Nai,Phường Tam Hiệp,10.9510733,106.858145,66,Moderate,1,26.0,70,0.0,13.9,163,1011.8,5,17.4,19.6,252.0,25.4,72.0,9.1
2026-01-28 21:00:00,2026,1,28,21,Đồng Nai,Phường Tam Hiệp,10.9510733,106.858145,65,Moderate,1,25.2,74,0.0,12.4,158,1012.5,13,14.6,16.8,259.0,23.4,69.0,8.7
2026-01-28 22:00:00,2026,1,28,22,Đồng Nai,Phường Tam Hiệp,10.9510733,106.858145,65,Moderate,1,24.8,74,0.0,11.7,142,1012.7,0,13.4,15.4,270.0,22.2,64.0,8.4
2026-01-28 23:00:00,2026,1,28,23,Đồng Nai,Phường Tam Hiệp,10.9510733,106.858145,64,Moderate,1,24.4,74,0.0,7.6,117,1012.7,3,12.9,14.7,286.0,22.5,59.0,8.1
2026-01-29 00:00:00,2026,1,29,0,Đồng Nai,Phường Tam Hiệp,10.9510733,106.858145,64,Moderate,1,24.1,76,0.0,1.5,76,1012.5,3,12.7,14.3,305.0,23.8,53.0,7.9
2026-01-29 01:00:00,2026,1,29,1,Đồng Nai,Phường Tam Hiệp,10.9510733,106.858145,65,Moderate,1,23.9,79,0.0,0.6,124,1012.0,6,14.1,15.8,323.0,25.8,47.0,8.2
2026-01-29 02:00:00,2026,1,29,2,Đồng Nai,Phường Tam Hiệp,10.9510733,106.858145,65,Moderate,1,23.8,77,0.0,1.3,352,1011.3,75,16.8,18.6,336.0,28.8,40.0,9.0
2026-01-29 03:00:00,2026,1,29,3,Đồng Nai,Phường Tam Hiệp,10.9510733,106.858145,65,Moderate,1,23.5,78,0.0,2.2,312,1011.1,14,20.1,22.1,347.0,32.5,33.0,10.3
2026-01-29 04:00:00,2026,1,29,4,Đồng Nai,Phường Tam Hiệp,10.9510733,106.858145,66,Moderate,1,23.4,81,0.0,0.6,288,1011.0,99,23.6,25.7,364.0,36.0,26.0,12.0
2026-01-29 05:00:00,2026,1,29,5,Đồng Nai,Phường Tam Hiệp,10.9510733,106.858145,66,Moderate,1,22.9,85,0.0,1.7,342,1011.4,100,27.0,29.4,403.0,39.9,18.0,14.7
2026-01-29 06:00:00,2026,1,29,6,Đồng Nai,Phường Tam Hiệp,10.9510733,106.858145,67,Moderate,1,22.5,88,0.0,3.9,338,1012.0,62,31.1,33.8,448.0,43.6,10.0,17.7
2026-01-29 07:00:00,2026,1,29,7,Đồng Nai,Phường Tam Hiệp,10.9510733,106.858145,67,Moderate,1,23.0,89,0.0,5.4,339,1012.7,100,46.1,50.3,458.0,44.8,11.0,21.8
2026-01-29 08:00:00,2026,1,29,8,Đồng Nai,Phường Tam Hiệp,10.9510733,106.858145,68,Moderate,1,25.0,72,0.0,5.4,345,1013.5,99,42.6,47.1,400.0,40.8,30.0,21.6
2026-01-29 09:00:00,2026,1,29,9,Đồng Nai,Phường Tam Hiệp,10.9510733,106.858145,69,Moderate,1,27.2,55,0.0,6.3,355,1013.8,49,38.9,44.4,308.0,35.0,57.0,21.2
2026-01-29 10:00:00,2026,1,29,10,Đồng Nai,Phường Tam Hiệp,10.9510733,106.858145,70,Moderate,1,29.3,47,0.0,7.0,360,1013.6,98,37.0,43.4,234.0,29.1,83.0,19.9
2026-01-29 11:00:00,2026,1,29,11,Đồng Nai,Phường Tam Hiệp,10.9510733,106.858145,71,Moderate,1,30.7,43,0.0,6.7,360,1013.1,100,35.3,41.2,202.0,22.8,106.0,16.9
2026-01-29 12:00:00,2026,1,29,12,Đồng Nai,Phường Tam Hiệp,10.9510733,106.858145,72,Moderate,1,32.0,39,0.0,7.1,16,1012.0,80,31.4,35.2,189.0,16.5,127.0,13.0
2026-01-29 13:00:00,2026,1,29,13,Đồng Nai,Phường Tam Hiệp,10.9510733,106.858145,74,Moderate,1,31.5,39,0.0,5.2,34,1010.7,100,29.0,31.4,183.0,12.4,140.0,10.0
2026-01-29 14:00:00,2026,1,29,14,Đồng Nai,Phường Tam Hiệp,10.9510733,106.858145,75,Moderate,1,31.8,38,0.0,3.1,40,1009.9,100,28.2,30.4,180.0,11.8,142.0,8.4
2026-01-29 15:00:00,2026,1,29,15,Đồng Nai,Phường Tam Hiệp,10.9510733,106.858145,76,Moderate,1,31.6,39,0.0,1.7,72,1009.2,100,27.0,29.1,183.0,13.5,137.0,7.7
2026-01-29 16:00:00,2026,1,29,16,Đồng Nai,Phường Tam Hiệp,10.9510733,106.858145,77,Moderate,1,31.7,38,0.0,3.7,125,1009.3,73,25.2,27.2,193.0,16.6,127.0,7.7
2026-01-29 17:00:00,2026,1,29,17,Đồng Nai,Phường Tam Hiệp,10.9510733,106.858145,77,Moderate,1,31.0,43,0.0,10.3,147,1009.6,100,22.8,25.0,212.0,22.0,111.0,8.7
2026-01-29 18:00:00,2026,1,29,18,Đồng Nai,Phường Tam Hiệp,10.9510733,106.858145,78,Moderate,1,28.0,57,0.0,17.7,178,1010.4,100,25.3,28.2,238.0,28.7,91.0,10.3
2026-01-29 19:00:00,2026,1,29,19,Đồng Nai,Phường Tam Hiệp,10.9510733,106.858145,79,Moderate,1,27.3,60,0.0,13.9,163,1010.9,2,25.3,28.1,261.0,31.9,81.0,11.5
2026-01-29 20:00:00,2026,1,29,20,Đồng Nai,Phường Tam Hiệp,10.9510733,106.858145,79,Moderate,1,26.0,65,0.0,12.8,156,1012.1,2,21.3,23.6,280.0,30.6,78.0,11.3
2026-01-29 21:00:00,2026,1,29,21,Đồng Nai,Phường Tam Hiệp,10.9510733,106.858145,80,Moderate,1,25.1,69,0.0,11.9,148,1012.4,0,18.2,20.3,295.0,28.7,74.0,11.0
2026-01-29 22:00:00,2026,1,29,22,Đồng Nai,Phường Tam Hiệp,10.9510733,106.858145,80,Moderate,1,24.5,71,0.0,10.0,147,1012.7,0,16.5,18.6,302.0,27.0,71.0,10.5
2026-01-29 23:00:00,2026,1,29,23,Đồng Nai,Phường Tam Hiệp,10.9510733,106.858145,80,Moderate,1,24.2,72,0.0,10.0,150,1013.0,13,14.8,16.8,292.0,25.6,69.0,9.6
2026-01-30 00:00:00,2026,1,30,0,Đồng Nai,Phường Tam Hiệp,10.9510733,106.858145,80,Moderate,1,23.9,75,0.0,10.1,145,1012.6,9,12.9,14.8,273.0,24.3,67.0,8.5
2026-01-30 01:00:00,2026,1,30,1,Đồng Nai,Phường Tam Hiệp,10.9510733,106.858145,80,Moderate,1,23.4,78,0.0,8.4,137,1012.3,1,12.0,13.8,263.0,23.6,64.0,7.8
2026-01-30 02:00:00,2026,1,30,2,Đồng Nai,Phường Tam Hiệp,10.9510733,106.858145,80,Moderate,1,22.9,80,0.0,6.1,135,1011.7,0,11.8,13.6,268.0,23.1,61.0,7.5
2026-01-30 03:00:00,2026,1,30,3,Đồng Nai,Phường Tam Hiệp,10.9510733,106.858145,80,Moderate,1,22.5,85,0.0,0.3,315,1011.7,4,12.3,14.0,283.0,23.1,57.0,7.5
2026-01-30 04:00:00,2026,1,30,4,Đồng Nai,Phường Tam Hiệp,10.9510733,106.858145,79,Moderate,1,22.4,86,0.0,0.6,342,1012.0,88,13.4,15.1,307.0,24.7,53.0,8.4
2026-01-30 05:00:00,2026,1,30,5,Đồng Nai,Phường Tam Hiệp,10.9510733,106.858145,78,Moderate,1,22.1,87,0.0,2.4,13,1012.5,99,15.5,17.4,356.0,30.0,45.0,10.9
2026-01-30 06:00:00,2026,1,30,6,Đồng Nai,Phường Tam Hiệp,10.9510733,106.858145,77,Moderate,1,21.9,88,0.0,2.4,36,1013.0,100,19.1,21.1,415.0,36.9,36.0,14.3
2026-01-30 07:00:00,2026,1,30,7,Đồng Nai,Phường Tam Hiệp,10.9510733,106.858145,76,Moderate,1,22.8,83,0.0,5.0,38,1013.4,100,23.0,24.7,441.0,35.2,34.0,13.6
2026-01-30 08:00:00,2026,1,30,8,Đồng Nai,Phường Tam Hiệp,10.9510733,106.858145,74,Moderate,1,24.4,74,0.0,5.0,30,1014.2,100,18.5,20.5,406.0,31.1,50.0,13.0
2026-01-30 09:00:00,2026,1,30,9,Đồng Nai,Phường Tam Hiệp,10.9510733,106.858145,72,Moderate,1,26.3,67,0.0,5.1,17,1014.6,100,17.9,20.3,339.0,25.3,72.0,12.0
2026-01-30 10:00:00,2026,1,30,10,Đồng Nai,Phường Tam Hiệp,10.9510733,106.858145,70,Moderate,1,28.4,58,0.0,4.9,8,1014.5,100,17.5,19.3,284.0,20.3,94.0,11.1
2026-01-30 11:00:00,2026,1,30,11,Đồng Nai,Phường Tam Hiệp,10.9510733,106.858145,68,Moderate,1,30.0,50,0.0,4.7,9,1013.7,100,17.1,18.2,258.0,16.6,114.0,10.1
2026-01-30 12:00:00,2026,1,30,12,Đồng Nai,Phường Tam Hiệp,10.9510733,106.858145,67,Moderate,1,30.9,44,0.0,4.6,349,1012.8,99,18.6,19.7,244.0,13.6,133.0,9.0
2026-01-30 13:00:00,2026,1,30,13,Đồng Nai,Phường Tam Hiệp,10.9510733,106.858145,66,Moderate,1,31.7,43,0.0,5.8,344,1011.7,59,22.0,23.2,236.0,11.9,149.0,8.4
2026-01-30 14:00:00,2026,1,30,14,Đồng Nai,Phường Tam Hiệp,10.9510733,106.858145,65,Moderate,1,32.4,40,0.0,5.2,338,1010.8,38,23.9,25.1,233.0,11.5,163.0,8.4
2026-01-30 15:00:00,2026,1,30,15,Đồng Nai,Phường Tam Hiệp,10.9510733,106.858145,65,Moderate,1,32.3,39,0.0,1.9,338,1010.1,30,24.9,26.1,236.0,12.4,173.0,8.8
2026-01-30 16:00:00,2026,1,30,16,Đồng Nai,Phường Tam Hiệp,10.9510733,106.858145,68,Moderate,1,32.3,38,0.0,1.4,40,1009.9,16,24.9,26.1,241.0,15.0,171.0,9.4
2026-01-30 17:00:00,2026,1,30,17,Đồng Nai,Phường Tam Hiệp,10.9510733,106.858145,94,Moderate,1,32.0,38,0.0,3.4,122,1010.0,52,24.0,25.3,249.0,21.1,149.0,10.4
2026-01-30 18:00:00,2026,1,30,18,Đồng Nai,Phường Tam Hiệp,10.9510733,106.858145,110,Unhealthy for Sensitive Groups,2,28.2,58,0.0,17.0,165,1010.7,100,27.0,29.0,259.0,28.9,115.0,11.6
2026-01-30 19:00:00,2026,1,30,19,Đồng Nai,Phường Tam Hiệp,10.9510733,106.858145,115,Unhealthy for Sensitive Groups,2,26.5,68,0.0,16.0,168,1011.5,100,20.9,23.2,270.0,27.3,87.0,10.4
2026-01-30 20:00:00,2026,1,30,20,Đồng Nai,Phường Tam Hiệp,10.9510733,106.858145,109,Unhealthy for Sensitive Groups,2,26.1,67,0.0,16.1,146,1012.5,100,17.7,19.7,282.0,26.3,83.0,10.0
2026-01-30 21:00:00,2026,1,30,21,Đồng Nai,Phường Tam Hiệp,10.9510733,106.858145,98,Moderate,1,25.1,74,0.0,12.8,140,1012.8,100,15.3,17.3,294.0,24.9,77.0,9.4
2026-01-30 22:00:00,2026,1,30,22,Đồng Nai,Phường Tam Hiệp,10.9510733,106.858145,83,Moderate,1,25.1,72,0.0,11.6,143,1012.8,100,14.0,16.1,302.0,23.7,72.0,8.8
2026-01-30 23:00:00,2026,1,30,23,Đồng Nai,Phường Tam Hiệp,10.9510733,106.858145,64,Moderate,1,24.6,74,0.0,9.7,152,1012.9,100,13.1,14.9,301.0,22.8,70.0,8.1
2026-01-31 00:00:00,2026,1,31,0,Đồng Nai,Phường Tam Hiệp,10.9510733,106.858145,63,Moderate,1,24.1,76,0.0,9.6,152,1012.7,91,11.8,13.5,295.0,22.0,68.0,7.3
2026-01-31 01:00:00,2026,1,31,1,Đồng Nai,Phường Tam Hiệp,10.9510733,106.858145,63,Moderate,1,23.7,80,0.0,9.4,148,1012.4,94,11.6,13.3,292.0,21.8,66.0,6.9
2026-01-31 02:00:00,2026,1,31,2,Đồng Nai,Phường Tam Hiệp,10.9510733,106.858145,63,Moderate,1,23.4,82,0.0,8.6,139,1011.8,97,12.0,13.8,291.0,22.2,62.0,6.9
2026-01-31 03:00:00,2026,1,31,3,Đồng Nai,Phường Tam Hiệp,10.9510733,106.858145,63,Moderate,1,23.1,85,0.0,5.0,134,1011.3,93,13.0,14.8,292.0,23.2,58.0,7.2
2026-01-31 04:00:00,2026,1,31,4,Đồng Nai,Phường Tam Hiệp,10.9510733,106.858145,63,Moderate,1,22.8,87,0.0,0.9,53,1011.4,100,14.0,15.9,303.0,24.6,53.0,7.8
2026-01-31 05:00:00,2026,1,31,5,Đồng Nai,Phường Tam Hiệp,10.9510733,106.858145,63,Moderate,1,22.6,87,0.0,2.0,63,1011.7,100,15.0,16.9,336.0,27.5,46.0,9.1
2026-01-31 06:00:00,2026,1,31,6,Đồng Nai,Phường Tam Hiệp,10.9510733,106.858145,63,Moderate,1,22.5,87,0.0,2.2,55,1012.4,98,16.4,18.3,378.0,31.0,40.0,10.8
2026-01-31 07:00:00,2026,1,31,7,Đồng Nai,Phường Tam Hiệp,10.9510733,106.858145,63,Moderate,1,23.1,83,0.0,6.3,51,1013.0,2,24.4,27.0,401.0,33.9,39.0,12.3
2026-01-31 08:00:00,2026,1,31,8,Đồng Nai,Phường Tam Hiệp,10.9510733,106.858145,63,Moderate,1,24.9,75,0.0,6.0,74,1013.8,32,22.9,25.3,386.0,29.6,53.0,11.8
2026-01-31 09:00:00,2026,1,31,9,Đồng Nai,Phường Tam Hiệp,10.9510733,106.858145,63,Moderate,1,27.2,66,0.0,5.3,72,1014.4,99,22.0,24.3,351.0,23.5,74.0,11.1
2026-01-31 10:00:00,2026,1,31,10,Đồng Nai,Phường Tam Hiệp,10.9510733,106.858145,64,Moderate,1,29.5,57,0.0,5.5,44,1014.1,80,22.3,24.2,319.0,17.9,96.0,10.2
2026-01-31 11:00:00,2026,1,31,11,Đồng Nai,Phường Tam Hiệp,10.9510733,106.858145,64,Moderate,1,31.4,47,0.0,7.3,20,1013.8,79,23.5,25.4,298.0,13.3,122.0,8.9
2026-01-31 12:00:00,2026,1,31,12,Đồng Nai,Phường Tam Hiệp,10.9510733,106.858145,65,Moderate,1,32.7,41,0.0,7.7,18,1012.7,53,27.8,29.9,280.0,9.2,150.0,7.5
2026-01-31 13:00:00,2026,1,31,13,Đồng Nai,Phường Tam Hiệp,10.9510733,106.858145,66,Moderate,1,32.7,41,0.0,8.0,9,1011.7,72,31.4,33.4,267.0,6.6,170.0,6.4
2026-01-31 14:00:00,2026,1,31,14,Đồng Nai,Phường Tam Hiệp,10.9510733,106.858145,66,Moderate,1,33.7,37,0.0,6.7,351,1010.7,68,31.9,33.8,262.0,5.6,180.0,5.9
2026-01-31 15:00:00,2026,1,31,15,Đồng Nai,Phường Tam Hiệp,10.9510733,106.858145,67,Moderate,1,33.5,36,0.0,3.4,328,1010.0,41,31.8,33.5,262.0,6.1,183.0,5.7
2026-01-31 16:00:00,2026,1,31,16,Đồng Nai,Phường Tam Hiệp,10.9510733,106.858145,85,Moderate,1,32.8,36,0.0,1.9,311,1009.7,43,30.6,32.4,260.0,8.9,176.0,6.2
2026-01-31 17:00:00,2026,1,31,17,Đồng Nai,Phường Tam Hiệp,10.9510733,106.858145,111,Unhealthy for Sensitive Groups,2,33.1,33,0.0,3.5,242,1009.8,94,31.4,33.2,250.0,16.2,151.0,7.8
2026-01-31 18:00:00,2026,1,31,18,Đồng Nai,Phường Tam Hiệp,10.9510733,106.858145,128,Unhealthy for Sensitive Groups,2,28.5,44,0.0,20.3,161,1010.9,100,29.9,32.0,239.0,25.8,116.0,9.9
2026-01-31 19:00:00,2026,1,31,19,Đồng Nai,Phường Tam Hiệp,10.9510733,106.858145,132,Unhealthy for Sensitive Groups,2,26.8,56,0.0,14.4,158,1011.4,37,22.7,25.5,237.0,26.1,96.0,10.2
2026-01-31 20:00:00,2026,1,31,20,Đồng Nai,Phường Tam Hiệp,10.9510733,106.858145,126,Unhealthy for Sensitive Groups,2,26.8,60,0.0,12.0,152,1012.2,98,18.0,20.5,252.0,25.1,92.0,9.9
2026-01-31 21:00:00,2026,1,31,21,Đồng Nai,Phường Tam Hiệp,10.9510733,106.858145,114,Unhealthy for Sensitive Groups,2,25.6,62,0.0,13.5,151,1012.4,98,15.3,17.6,276.0,23.9,86.0,9.4
2026-01-31 22:00:00,2026,1,31,22,Đồng Nai,Phường Tam Hiệp,10.9510733,106.858145,96,Moderate,1,25.0,65,0.0,8.1,145,1012.6,33,14.3,16.6,296.0,23.3,79.0,9.0
2026-01-31 23:00:00,2026,1,31,23,Đồng Nai,Phường Tam Hiệp,10.9510733,106.858145,75,Moderate,1,24.6,66,0.0,6.3,125,1012.8,84,14.1,16.3,305.0,23.9,72.0,8.6
2026-02-01 00:00:00,2026,2,1,0,Đồng Nai,Phường Tam Hiệp,10.9510733,106.858145,70,Moderate,1,24.2,69,0.0,4.5,133,1012.5,87,13.7,15.9,310.0,25.2,65.0,8.2
2026-02-01 01:00:00,2026,2,1,1,Đồng Nai,Phường Tam Hiệp,10.9510733,106.858145,70,Moderate,1,23.7,74,0.0,2.1,142,1011.7,100,14.2,16.4,314.0,26.8,58.0,8.3
2026-02-01 02:00:00,2026,2,1,2,Đồng Nai,Phường Tam Hiệp,10.9510733,106.858145,70,Moderate,1,23.5,80,0.0,1.0,121,1011.0,87,15.2,17.4,313.0,28.5,52.0,8.9
2026-02-01 03:00:00,2026,2,1,3,Đồng Nai,Phường Tam Hiệp,10.9510733,106.858145,70,Moderate,1,23.2,81,0.0,1.6,6,1010.9,77,16.7,19.1,312.0,30.5,45.0,10.0
2026-02-01 04:00:00,2026,2,1,4,Đồng Nai,Phường Tam Hiệp,10.9510733,106.858145,71,Moderate,1,22.8,82,0.0,1.9,304,1010.7,100,19.4,21.9,327.0,33.0,39.0,11.3
2026-02-01 05:00:00,2026,2,1,5,Đồng Nai,Phường Tam Hiệp,10.9510733,106.858145,71,Moderate,1,22.4,83,0.0,1.5,353,1011.3,100,23.2,26.1,382.0,37.4,29.0,13.3
2026-02-01 06:00:00,2026,2,1,6,Đồng Nai,Phường Tam Hiệp,10.9510733,106.858145,72,Moderate,1,21.9,81,0.0,2.7,23,1011.9,100,28.4,31.8,454.0,42.4,19.0,15.7
2026-02-01 07:00:00,2026,2,1,7,Đồng Nai,Phường Tam Hiệp,10.9510733,106.858145,73,Moderate,1,22.6,88,0.0,3.1,13,1013.3,100,43.9,48.9,488.0,42.6,19.0,16.4
2026-02-01 08:00:00,2026,2,1,8,Đồng Nai,Phường Tam Hiệp,10.9510733,106.858145,75,Moderate,1,24.4,71,0.0,4.7,7,1014.3,96,38.0,41.8,448.0,37.7,43.0,15.7
2026-02-01 09:00:00,2026,2,1,9,Đồng Nai,Phường Tam Hiệp,10.9510733,106.858145,76,Moderate,1,26.2,53,0.0,4.3,22,1014.7,92,30.9,34.9,370.0,30.8,77.0,14.7
2026-02-01 10:00:00,2026,2,1,10,Đồng Nai,Phường Tam Hiệp,10.9510733,106.858145,77,Moderate,1,28.3,44,0.0,2.8,35,1014.4,73,25.7,29.1,305.0,24.2,107.0,13.2
2026-02-01 11:00:00,2026,2,1,11,Đồng Nai,Phường Tam Hiệp,10.9510733,106.858145,77,Moderate,1,30.2,40,0.0,3.0,57,1013.8,100,21.9,25.0,276.0,18.3,128.0,10.9
2026-02-01 12:00:00,2026,2,1,12,Đồng Nai,Phường Tam Hiệp,10.9510733,106.858145,77,Moderate,1,31.6,35,0.0,4.2,72,1012.8,100,18.9,22.1,260.0,12.6,144.0,8.1
2026-02-01 13:00:00,2026,2,1,13,Đồng Nai,Phường Tam Hiệp,10.9510733,106.858145,76,Moderate,1,31.5,33,0.0,4.1,45,1011.9,100,16.6,19.7,245.0,8.7,154.0,5.9
2026-02-01 14:00:00,2026,2,1,14,Đồng Nai,Phường Tam Hiệp,10.9510733,106.858145,75,Moderate,1,33.0,29,0.0,5.8,30,1011.0,100,14.8,17.8,220.0,6.6,156.0,4.6
2026-02-01 15:00:00,2026,2,1,15,Đồng Nai,Phường Tam Hiệp,10.9510733,106.858145,73,Moderate,1,33.0,27,0.0,7.1,38,1010.3,50,13.3,16.2,196.0,6.1,151.0,3.8
2026-02-01 16:00:00,2026,2,1,16,Đồng Nai,Phường Tam Hiệp,10.9510733,106.858145,72,Moderate,1,32.7,27,0.0,7.8,50,1010.1,85,11.8,14.6,190.0,8.3,141.0,4.0
2026-02-01 17:00:00,2026,2,1,17,Đồng Nai,Phường Tam Hiệp,10.9510733,106.858145,92,Moderate,1,32.0,26,0.0,8.4,62,1010.3,96,12.8,15.4,213.0,15.4,121.0,5.8
2026-02-01 18:00:00,2026,2,1,18,Đồng Nai,Phường Tam Hiệp,10.9510733,106.858145,101,Unhealthy for Sensitive Groups,2,30.9,28,0.0,4.5,124,1010.7,98,19.0,22.2,254.0,25.1,96.0,8.6
2026-02-01 19:00:00,2026,2,1,19,Đồng Nai,Phường Tam Hiệp,10.9510733,106.858145,99,Moderate,1,27.0,59,0.0,13.8,166,1011.5,95,20.0,22.1,296.0,32.7,79.0,11.5
2026-02-01 20:00:00,2026,2,1,20,Đồng Nai,Phường Tam Hiệp,10.9510733,106.858145,88,Moderate,1,26.2,66,0.0,10.3,181,1012.1,41,17.6,19.9,338.0,30.9,76.0,11.2
2026-02-01 21:00:00,2026,2,1,21,Đồng Nai,Phường Tam Hiệp,10.9510733,106.858145,74,Moderate,1,25.1,73,0.0,10.6,159,1012.5,0,16.6,18.7,381.0,28.4,72.0,10.8
2026-02-01 22:00:00,2026,2,1,22,Đồng Nai,Phường Tam Hiệp,10.9510733,106.858145,67,Moderate,1,24.6,78,0.0,6.1,140,1012.4,0,16.4,18.5,405.0,27.1,67.0,10.5
2026-02-01 23:00:00,2026,2,1,23,Đồng Nai,Phường Tam Hiệp,10.9510733,106.858145,67,Moderate,1,24.2,79,0.0,5.8,51,1012.4,2,16.4,18.6,393.0,27.7,60.0,10.4
2026-02-02 00:00:00,2026,2,2,0,Đồng Nai,Phường Tam Hiệp,10.9510733,106.858145,67,Moderate,1,24.0,81,0.0,4.3,156,1012.2,61,16.6,18.9,364.0,29.4,53.0,10.4
2026-02-02 01:00:00,2026,2,2,1,Đồng Nai,Phường Tam Hiệp,10.9510733,106.858145,68,Moderate,1,23.5,86,0.0,2.5,150,1011.9,90,18.7,20.9,349.0,31.4,45.0,10.5
2026-02-02 02:00:00,2026,2,2,2,Đồng Nai,Phường Tam Hiệp,10.9510733,106.858145,68,Moderate,1,23.5,85,0.0,2.7,138,1011.9,98,21.6,23.9,367.0,33.7,37.0,10.4
2026-02-02 03:00:00,2026,2,2,3,Đồng Nai,Phường Tam Hiệp,10.9510733,106.858145,69,Moderate,1,23.1,85,0.0,3.5,21,1011.9,98,25.6,28.1,400.0,36.3,28.0,10.5
2026-02-02 04:00:00,2026,2,2,4,Đồng Nai,Phường Tam Hiệp,10.9510733,106.858145,70,Moderate,1,22.7,88,0.0,2.4,347,1011.8,91,28.8,30.9,431.0,38.6,22.0,11.1
2026-02-02 05:00:00,2026,2,2,5,Đồng Nai,Phường Tam Hiệp,10.9510733,106.858145,70,Moderate,1,22.4,91,0.0,4.6,318,1012.4,98,30.0,32.0,462.0,41.1,16.0,13.2
2026-02-02 06:00:00,2026,2,2,6,Đồng Nai,Phường Tam Hiệp,10.9510733,106.858145,71,Moderate,1,22.0,88,0.0,5.9,333,1012.6,91,31.7,33.8,491.0,43.2,13.0,16.0
2026-02-02 07:00:00,2026,2,2,7,Đồng Nai,Phường Tam Hiệp,10.9510733,106.858145,71,Moderate,1,22.8,75,0.0,6.2,338,1013.6,100,38.2,41.4,492.0,39.6,21.0,15.2
2026-02-02 08:00:00,2026,2,2,8,Đồng Nai,Phường Tam Hiệp,10.9510733,106.858145,71,Moderate,1,24.5,61,0.0,6.3,360,1014.2,99,33.8,36.6,443.0,34.1,48.0,14.1
2026-02-02 09:00:00,2026,2,2,9,Đồng Nai,Phường Tam Hiệp,10.9510733,106.858145,70,Moderate,1,26.6,55,0.0,6.0,25,1014.5,100,26.0,28.4,365.0,26.3,86.0,12.5
2026-02-02 10:00:00,2026,2,2,10,Đồng Nai,Phường Tam Hiệp,10.9510733,106.858145,70,Moderate,1,28.6,50,0.0,5.4,53,1013.9,100,21.7,23.7,297.0,19.2,116.0,10.6
2026-02-02 11:00:00,2026,2,2,11,Đồng Nai,Phường Tam Hiệp,10.9510733,106.858145,70,Moderate,1,30.5,43,0.0,4.9,94,1013.2,100,17.9,19.7,250.0,13.6,131.0,8.2
2026-02-02 12:00:00,2026,2,2,12,Đồng Nai,Phường Tam Hiệp,10.9510733,106.858145,69,Moderate,1,32.1,38,0.0,6.4,101,1012.2,98,13.7,15.4,214.0,8.8,137.0,5.5
2026-02-02 13:00:00,2026,2,2,13,Đồng Nai,Phường Tam Hiệp,10.9510733,106.858145,69,Moderate,1,32.2,34,0.0,6.5,88,1011.4,96,10.6,12.2,189.0,5.6,139.0,3.5
2026-02-02 14:00:00,2026,2,2,14,Đồng Nai,Phường Tam Hiệp,10.9510733,106.858145,68,Moderate,1,33.8,29,0.0,6.8,90,1010.1,97,8.5,10.0,175.0,4.1,136.0,2.5
2026-02-02 15:00:00,2026,2,2,15,Đồng Nai,Phường Tam Hiệp,10.9510733,106.858145,68,Moderate,1,33.3,29,0.0,7.8,119,1009.4,75,7.2,8.3,173.0,4.2,128.0,2.2
2026-02-02 16:00:00,2026,2,2,16,Đồng Nai,Phường Tam Hiệp,10.9510733,106.858145,67,Moderate,1,34.0,26,0.0,9.8,116,1008.8,70,6.8,7.9,191.0,6.7,118.0,2.8
2026-02-02 17:00:00,2026,2,2,17,Đồng Nai,Phường Tam Hiệp,10.9510733,106.858145,77,Moderate,1,29.4,51,0.0,21.2,170,1009.6,63,9.8,11.4,243.0,13.4,105.0,4.8
2026-02-02 18:00:00,2026,2,2,18,Đồng Nai,Phường Tam Hiệp,10.9510733,106.858145,81,Moderate,1,28.7,51,0.0,12.4,182,1009.8,9,17.8,19.8,315.0,22.4,90.0,7.7
2026-02-02 19:00:00,2026,2,2,19,Đồng Nai,Phường Tam Hiệp,10.9510733,106.858145,76,Moderate,1,27.2,65,0.0,17.5,181,1010.8,5,21.9,24.6,371.0,30.7,82.0,10.6
2026-02-02 20:00:00,2026,2,2,20,Đồng Nai,Phường Tam Hiệp,10.9510733,106.858145,66,Moderate,1,26.3,70,0.0,10.3,180,1011.8,13,19.7,22.4,392.0,29.1,77.0,10.6
2026-02-02 21:00:00,2026,2,2,21,Đồng Nai,Phường Tam Hiệp,10.9510733,106.858145,67,Moderate,1,26.0,73,0.0,6.7,185,1012.2,27,17.6,19.9,397.0,27.1,69.0,10.6
2026-02-02 22:00:00,2026,2,2,22,Đồng Nai,Phường Tam Hiệp,10.9510733,106.858145,67,Moderate,1,25.6,75,0.0,3.6,186,1012.2,7,17.3,19.4,411.0,26.7,60.0,10.7
2026-02-02 23:00:00,2026,2,2,23,Đồng Nai,Phường Tam Hiệp,10.9510733,106.858145,67,Moderate,1,25.5,77,0.0,1.3,286,1012.5,13,20.1,21.9,462.0,29.4,49.0,10.9
2026-02-03 00:00:00,2026,2,3,0,Đồng Nai,Phường Tam Hiệp,10.9510733,106.858145,67,Moderate,1,25.2,77,0.0,7.3,332,1012.6,16,22.7,24.4,523.0,33.6,38.0,11.3
2026-02-03 01:00:00,2026,2,3,1,Đồng Nai,Phường Tam Hiệp,10.9510733,106.858145,68,Moderate,1,25.0,77,0.0,6.7,329,1012.5,63,22.5,24.2,535.0,37.2,28.0,11.7
2026-02-03 02:00:00,2026,2,3,2,Đồng Nai,Phường Tam Hiệp,10.9510733,106.858145,68,Moderate,1,24.9,74,0.0,8.3,314,1011.9,100,22.4,23.9,446.0,38.9,22.0,12.0
2026-02-03 03:00:00,2026,2,3,3,Đồng Nai,Phường Tam Hiệp,10.9510733,106.858145,68,Moderate,1,24.9,72,0.0,5.6,331,1011.9,99,22.8,24.3,309.0,39.9,18.0,12.4
2026-02-03 04:00:00,2026,2,3,4,Đồng Nai,Phường Tam Hiệp,10.9510733,106.858145,68,Moderate,1,25.0,68,0.0,5.6,360,1011.8,98,23.9,25.3,221.0,41.2,15.0,13.7
2026-02-03 05:00:00,2026,2,3,5,Đồng Nai,Phường Tam Hiệp,10.9510733,106.858145,67,Moderate,1,24.8,67,0.0,6.2,15,1012.1,99,25.7,27.1,241.0,43.5,12.0,16.7
2026-02-03 06:00:00,2026,2,3,6,Đồng Nai,Phường Tam Hiệp,10.9510733,106.858145,67,Moderate,1,24.4,70,0.0,6.1,12,1012.5,100,28.9,30.3,311.0,46.2,11.0,20.6
2026-02-03 07:00:00,2026,2,3,7,Đồng Nai,Phường Tam Hiệp,10.9510733,106.858145,67,Moderate,1,24.9,66,0.0,4.1,38,1013.3,58,39.8,42.0,356.0,45.1,18.0,23.7
2026-02-03 08:00:00,2026,2,3,8,Đồng Nai,Phường Tam Hiệp,10.9510733,106.858145,67,Moderate,1,26.1,63,0.0,3.1,103,1014.1,34,31.7,34.0,343.0,42.8,32.0,22.8
2026-02-03 09:00:00,2026,2,3,9,Đồng Nai,Phường Tam Hiệp,10.9510733,106.858145,67,Moderate,1,27.8,61,0.0,6.2,159,1014.7,40,28.3,31.2,306.0,39.3,52.0,21.5
2026-02-03 10:00:00,2026,2,3,10,Đồng Nai,Phường Tam Hiệp,10.9510733,106.858145,67,Moderate,1,29.3,57,0.0,7.1,173,1014.3,33,25.3,28.5,272.0,34.7,71.0,19.2
2026-02-03 11:00:00,2026,2,3,11,Đồng Nai,Phường Tam Hiệp,10.9510733,106.858145,67,Moderate,1,30.9,48,0.0,4.7,164,1013.6,7,21.0,24.1,249.0,27.8,89.0,15.2
2026-02-03 12:00:00,2026,2,3,12,Đồng Nai,Phường Tam Hiệp,10.9510733,106.858145,68,Moderate,1,32.5,41,0.0,7.7,93,1012.7,50,17.9,21.0,228.0,19.7,107.0,10.3
2026-02-03 13:00:00,2026,2,3,13,Đồng Nai,Phường Tam Hiệp,10.9510733,106.858145,68,Moderate,1,32.0,43,0.0,6.1,87,1011.7,23,14.6,17.3,214.0,13.7,118.0,6.5
2026-02-03 14:00:00,2026,2,3,14,Đồng Nai,Phường Tam Hiệp,10.9510733,106.858145,68,Moderate,1,33.2,39,0.1,7.1,84,1010.4,34,12.5,14.9,203.0,10.1,122.0,4.4
2026-02-03 15:00:00,2026,2,3,15,Đồng Nai,Phường Tam Hiệp,10.9510733,106.858145,69,Moderate,1,33.5,38,0.1,8.1,84,1009.6,56,11.3,13.3,198.0,8.6,119.0,3.3
2026-02-03 16:00:00,2026,2,3,16,Đồng Nai,Phường Tam Hiệp,10.9510733,106.858145,69,Moderate,1,32.8,40,0.4,9.8,95,1009.4,70,10.9,12.8,210.0,11.3,110.0,3.5
2026-02-03 17:00:00,2026,2,3,17,Đồng Nai,Phường Tam Hiệp,10.9510733,106.858145,69,Moderate,1,31.6,44,0.0,7.0,102,1009.7,98,12.7,15.0,248.0,21.8,91.0,5.7
2026-02-03 18:00:00,2026,2,3,18,Đồng Nai,Phường Tam Hiệp,10.9510733,106.858145,70,Moderate,1,30.9,47,0.0,4.6,99,1010.3,97,20.7,22.9,302.0,36.6,65.0,9.1
2026-02-03 19:00:00,2026,2,3,19,Đồng Nai,Phường Tam Hiệp,10.9510733,106.858145,70,Moderate,1,29.2,59,0.0,8.3,174,1010.6,86,33.2,36.3,355.0,48.2,42.0,13.6
2026-02-03 20:00:00,2026,2,3,20,Đồng Nai,Phường Tam Hiệp,10.9510733,106.858145,71,Moderate,1,29.0,61,0.1,4.9,231,1011.9,100,38.2,41.1,414.0,49.4,37.0,14.7
2026-02-03 21:00:00,2026,2,3,21,Đồng Nai,Phường Tam Hiệp,10.9510733,106.858145,73,Moderate,1,28.0,66,0.8,4.1,241,1012.4,99,39.1,41.7,472.0,50.9,30.0,16.1
2026-02-03 22:00:00,2026,2,3,22,Đồng Nai,Phường Tam Hiệp,10.9510733,106.858145,74,Moderate,1,27.9,67,0.0,2.7,274,1012.1,100,37.3,39.5,491.0,51.2,25.0,16.2
2026-02-03 23:00:00,2026,2,3,23,Đồng Nai,Phường Tam Hiệp,10.9510733,106.858145,76,Moderate,1,27.1,70,0.0,5.0,347,1012.3,99,32.0,33.9,438.0,48.8,23.0,13.7
2026-02-04 00:00:00,2026,2,4,0,Đồng Nai,Phường Tam Hiệp,10.9510733,106.858145,77,Moderate,1,26.5,66,0.0,6.3,5,1012.2,100,27.3,28.9,346.0,45.1,23.0,9.9
2026-02-04 01:00:00,2026,2,4,1,Đồng Nai,Phường Tam Hiệp,10.9510733,106.858145,78,Moderate,1,25.5,65,0.0,5.5,11,1012.1,100,26.4,28.0,281.0,42.7,23.0,7.0
2026-02-04 02:00:00,2026,2,4,2,Đồng Nai,Phường Tam Hiệp,10.9510733,106.858145,78,Moderate,1,25.1,67,0.0,4.3,22,1011.5,99,26.3,27.8,272.0,42.6,22.0,5.8
2026-02-04 03:00:00,2026,2,4,3,Đồng Nai,Phường Tam Hiệp,10.9510733,106.858145,78,Moderate,1,24.5,74,0.0,2.3,32,1011.6,90,23.6,25.0,289.0,43.8,21.0,5.6
2026-02-04 04:00:00,2026,2,4,4,Đồng Nai,Phường Tam Hiệp,10.9510733,106.858145,78,Moderate,1,24.1,74,0.0,2.2,14,1011.4,42,19.4,20.6,308.0,45.5,19.0,6.6
2026-02-04 05:00:00,2026,2,4,5,Đồng Nai,Phường Tam Hiệp,10.9510733,106.858145,78,Moderate,1,23.9,77,0.0,2.1,31,1011.7,54,17.9,19.1,317.0,48.1,15.0,9.3
2026-02-04 06:00:00,2026,2,4,6,Đồng Nai,Phường Tam Hiệp,10.9510733,106.858145,77,Moderate,1,23.7,75,0.0,3.4,360,1012.1,35,18.5,19.7,329.0,51.2,11.0,13.2
2026-02-04 07:00:00,2026,2,4,7,Đồng Nai,Phường Tam Hiệp,10.9510733,106.858145,76,Moderate,1,24.0,75,0.0,5.9,358,1012.5,4,36.9,38.0,357.0,45.2,19.0,12.9
2026-02-04 08:00:00,2026,2,4,8,Đồng Nai,Phường Tam Hiệp,10.9510733,106.858145,76,Moderate,1,25.9,68,0.0,3.3,45,1013.5,1,18.2,19.2,430.0,40.4,37.0,12.5
2026-02-04 09:00:00,2026,2,4,9,Đồng Nai,Phường Tam Hiệp,10.9510733,106.858145,75,Moderate,1,27.8,61,0.0,1.7,108,1013.8,0,15.2,16.4,519.0,33.7,63.0,12.0
2026-02-04 10:00:00,2026,2,4,10,Đồng Nai,Phường Tam Hiệp,10.9510733,106.858145,74,Moderate,1,29.4,56,0.0,2.6,168,1013.7,10,15.4,16.5,556.0,28.3,88.0,11.8
2026-02-04 11:00:00,2026,2,4,11,Đồng Nai,Phường Tam Hiệp,10.9510733,106.858145,73,Moderate,1,30.8,51,0.0,2.4,163,1012.8,30,16.5,17.5,491.0,25.4,109.0,12.2
2026-02-04 12:00:00,2026,2,4,12,Đồng Nai,Phường Tam Hiệp,10.9510733,106.858145,73,Moderate,1,32.0,45,0.1,2.6,124,1011.8,28,17.0,17.8,372.0,23.8,129.0,12.8
2026-02-04 13:00:00,2026,2,4,13,Đồng Nai,Phường Tam Hiệp,10.9510733,106.858145,72,Moderate,1,31.8,45,0.2,6.3,117,1011.0,92,16.9,17.2,280.0,22.8,143.0,13.0
2026-02-04 14:00:00,2026,2,4,14,Đồng Nai,Phường Tam Hiệp,10.9510733,106.858145,73,Moderate,1,32.2,46,0.7,7.6,117,1009.8,100,17.9,18.3,241.0,21.7,149.0,12.2
2026-02-04 15:00:00,2026,2,4,15,Đồng Nai,Phường Tam Hiệp,10.9510733,106.858145,73,Moderate,1,31.8,50,0.1,6.0,141,1009.3,99,17.5,18.0,229.0,21.2,149.0,11.0
2026-02-04 16:00:00,2026,2,4,16,Đồng Nai,Phường Tam Hiệp,10.9510733,106.858145,74,Moderate,1,31.4,51,0.0,7.3,191,1009.3,100,21.9,22.6,236.0,22.6,142.0,10.4
2026-02-04 17:00:00,2026,2,4,17,Đồng Nai,Phường Tam Hiệp,10.9510733,106.858145,75,Moderate,1,28.4,63,0.9,10.6,184,1010.0,100,19.4,20.3,272.0,27.8,123.0,11.1
2026-02-04 18:00:00,2026,2,4,18,Đồng Nai,Phường Tam Hiệp,10.9510733,106.858145,86,Moderate,1,27.5,69,0.3,7.3,237,1010.7,100,22.4,24.6,328.0,34.8,98.0,12.4
2026-02-04 19:00:00,2026,2,4,19,Đồng Nai,Phường Tam Hiệp,10.9510733,106.858145,88,Moderate,1,28.1,68,0.0,10.6,191,1011.1,71,29.9,32.7,372.0,35.0,78.0,12.8
2026-02-04 20:00:00,2026,2,4,20,Đồng Nai,Phường Tam Hiệp,10.9510733,106.858145,82,Moderate,1,27.4,70,0.0,10.3,177,1011.8,98,26.3,28.6,389.0,33.0,75.0,12.5
2026-02-04 21:00:00,2026,2,4,21,Đồng Nai,Phường Tam Hiệp,10.9510733,106.858145,74,Moderate,1,26.5,74,0.0,10.2,167,1011.9,100,22.2,24.3,394.0,30.3,71.0,12.0
2026-02-04 22:00:00,2026,2,4,22,Đồng Nai,Phường Tam Hiệp,10.9510733,106.858145,73,Moderate,1,25.9,77,0.0,8.3,160,1012.1,100,19.5,21.7,395.0,28.2,67.0,11.4
2026-02-04 23:00:00,2026,2,4,23,Đồng Nai,Phường Tam Hiệp,10.9510733,106.858145,71,Moderate,1,25.6,78,0.0,7.2,153,1012.2,100,17.1,19.0,391.0,27.2,64.0,10.6
2026-02-05 00:00:00,2026,2,5,0,Đồng Nai,Phường Tam Hiệp,10.9510733,106.858145,70,Moderate,1,25.2,79,0.0,6.1,166,1011.9,100,15.0,16.8,384.0,27.0,60.0,9.6
2026-02-05 01:00:00,2026,2,5,1,Đồng Nai,Phường Tam Hiệp,10.9510733,106.858145,69,Moderate,1,24.6,82,0.0,6.5,175,1011.3,100,14.2,15.9,380.0,27.3,56.0,9.1
2026-02-05 02:00:00,2026,2,5,2,Đồng Nai,Phường Tam Hiệp,10.9510733,106.858145,67,Moderate,1,24.5,83,0.0,4.9,170,1011.2,98,14.6,16.3,379.0,28.3,51.0,9.2
2026-02-05 03:00:00,2026,2,5,3,Đồng Nai,Phường Tam Hiệp,10.9510733,106.858145,66,Moderate,1,24.1,85,0.0,3.1,144,1010.6,99,15.7,17.5,381.0,30.0,45.0,9.8
2026-02-05 04:00:00,2026,2,5,4,Đồng Nai,Phường Tam Hiệp,10.9510733,106.858145,66,Moderate,1,24.1,86,0.0,1.3,135,1010.6,100,17.6,19.5,404.0,32.2,39.0,10.8
2026-02-05 05:00:00,2026,2,5,5,Đồng Nai,Phường Tam Hiệp,10.9510733,106.858145,66,Moderate,1,23.9,88,0.0,0.7,104,1010.9,99,20.3,22.4,470.0,35.9,32.0,12.5
2026-02-05 06:00:00,2026,2,5,6,Đồng Nai,Phường Tam Hiệp,10.9510733,106.858145,66,Moderate,1,23.8,88,0.0,1.9,61,1011.4,100,23.4,25.6,556.0,40.2,25.0,14.6
2026-02-05 07:00:00,2026,2,5,7,Đồng Nai,Phường Tam Hiệp,10.9510733,106.858145,66,Moderate,1,24.3,87,0.0,3.6,20,1011.9,100,34.9,38.3,605.0,42.7,23.0,15.8
2026-02-05 08:00:00,2026,2,5,8,Đồng Nai,Phường Tam Hiệp,10.9510733,106.858145,66,Moderate,1,25.8,80,0.0,4.6,9,1012.7,91,28.9,32.9,585.0,38.5,39.0,15.6
2026-02-05 09:00:00,2026,2,5,9,Đồng Nai,Phường Tam Hiệp,10.9510733,106.858145,67,Moderate,1,27.7,73,0.0,4.6,13,1013.4,59,30.0,35.0,528.0,32.6,62.0,15.4
2026-02-05 10:00:00,2026,2,5,10,Đồng Nai,Phường Tam Hiệp,10.9510733,106.858145,68,Moderate,1,29.6,64,0.0,5.0,358,1013.1,23,31.5,36.8,470.0,26.9,89.0,15.2
2026-02-05 11:00:00,2026,2,5,11,Đồng Nai,Phường Tam Hiệp,10.9510733,106.858145,70,Moderate,1,31.0,56,0.1,6.7,352,1012.4,44,32.0,35.3,420.0,21.5,122.0,15.3
2026-02-05 12:00:00,2026,2,5,12,Đồng Nai,Phường Tam Hiệp,10.9510733,106.858145,71,Moderate,1,31.6,52,0.1,9.2,354,1011.4,75,37.6,39.5,368.0,16.4,159.0,15.5
2026-02-05 13:00:00,2026,2,5,13,Đồng Nai,Phường Tam Hiệp,10.9510733,106.858145,73,Moderate,1,30.6,57,0.0,7.8,347,1010.6,91,38.5,40.3,327.0,13.5,183.0,15.4
2026-02-05 14:00:00,2026,2,5,14,Đồng Nai,Phường Tam Hiệp,10.9510733,106.858145,75,Moderate,1,31.3,55,0.0,6.1,326,1009.6,100,41.4,43.2,299.0,14.2,187.0,14.6
2026-02-05 15:00:00,2026,2,5,15,Đồng Nai,Phường Tam Hiệp,10.9510733,106.858145,77,Moderate,1,31.5,53,0.0,4.0,291,1008.9,100,39.1,41.0,282.0,17.1,179.0,13.3
2026-02-05 16:00:00,2026,2,5,16,Đồng Nai,Phường Tam Hiệp,10.9510733,106.858145,84,Moderate,1,31.5,52,0.0,4.6,318,1008.5,99,35.4,37.0,275.0,20.2,164.0,12.3
2026-02-05 17:00:00,2026,2,5,17,Đồng Nai,Phường Tam Hiệp,10.9510733,106.858145,110,Unhealthy for Sensitive Groups,2,29.5,59,0.0,9.2,169,1008.8,96,27.1,30.7,284.0,23.5,140.0,11.6
2026-02-05 18:00:00,2026,2,5,18,Đồng Nai,Phường Tam Hiệp,10.9510733,106.858145,127,Unhealthy for Sensitive Groups,2,25.9,80,0.1,12.7,151,1009.8,98,23.6,26.0,304.0,27.1,110.0,11.1
2026-02-05 19:00:00,2026,2,5,19,Đồng Nai,Phường Tam Hiệp,10.9510733,106.858145,131,Unhealthy for Sensitive Groups,2,26.0,79,0.0,11.3,146,1010.6,100,19.2,21.2,319.0,27.2,85.0,9.2
2026-02-05 20:00:00,2026,2,5,20,Đồng Nai,Phường Tam Hiệp,10.9510733,106.858145,123,Unhealthy for Sensitive Groups,2,26.0,79,0.0,11.8,160,1011.2,100,17.5,19.6,322.0,27.2,80.0,9.4
2026-02-05 21:00:00,2026,2,5,21,Đồng Nai,Phường Tam Hiệp,10.9510733,106.858145,106,Unhealthy for Sensitive Groups,2,25.2,82,0.0,11.8,154,1011.5,98,16.4,18.7,320.0,27.1,72.0,9.7
2026-02-05 22:00:00,2026,2,5,22,Đồng Nai,Phường Tam Hiệp,10.9510733,106.858145,83,Moderate,1,24.6,84,0.0,11.5,149,1011.5,98,16.3,18.6,314.0,26.9,66.0,9.8
2026-02-05 23:00:00,2026,2,5,23,Đồng Nai,Phường Tam Hiệp,10.9510733,106.858145,78,Moderate,1,24.3,86,0.0,10.7,143,1011.5,100,15.7,17.9,304.0,26.4,63.0,9.4
2026-02-06 00:00:00,2026,2,6,0,Đồng Nai,Phường Tam Hiệp,10.9510733,106.858145,78,Moderate,1,24.0,87,0.0,9.0,145,1011.3,100,14.4,16.6,291.0,25.8,60.0,8.7
2026-02-06 01:00:00,2026,2,6,1,Đồng Nai,Phường Tam Hiệp,10.9510733,106.858145,78,Moderate,1,23.9,89,0.0,7.7,143,1010.9,100,13.6,15.8,281.0,25.5,58.0,8.2
2026-02-06 02:00:00,2026,2,6,2,Đồng Nai,Phường Tam Hiệp,10.9510733,106.858145,78,Moderate,1,23.7,89,0.0,6.9,149,1010.4,99,13.4,15.5,276.0,25.5,55.0,8.1
2026-02-06 03:00:00,2026,2,6,3,Đồng Nai,Phường Tam Hiệp,10.9510733,106.858145,78,Moderate,1,23.5,90,0.0,5.4,166,1010.0,62,13.5,15.8,275.0,25.7,52.0,8.2
2026-02-06 04:00:00,2026,2,6,4,Đồng Nai,Phường Tam Hiệp,10.9510733,106.858145,78,Moderate,1,23.4,91,0.0,4.3,180,1010.1,78,13.9,16.2,280.0,26.5,49.0,8.7
2026-02-06 05:00:00,2026,2,6,5,Đồng Nai,Phường Tam Hiệp,10.9510733,106.858145,77,Moderate,1,23.3,91,0.0,4.1,182,1010.6,95,14.5,16.8,297.0,28.7,45.0,9.8
2026-02-06 06:00:00,2026,2,6,6,Đồng Nai,Phường Tam Hiệp,10.9510733,106.858145,77,Moderate,1,23.3,91,0.0,4.1,167,1011.0,88,15.7,18.1,320.0,31.3,41.0,11.3
2026-02-06 07:00:00,2026,2,6,7,Đồng Nai,Phường Tam Hiệp,10.9510733,106.858145,76,Moderate,1,23.9,89,0.0,6.8,143,1011.8,100,19.7,22.7,334.0,34.3,37.0,12.1
2026-02-06 08:00:00,2026,2,6,8,Đồng Nai,Phường Tam Hiệp,10.9510733,106.858145,75,Moderate,1,25.0,82,0.0,8.8,131,1012.6,100,18.6,22.1,328.0,30.1,49.0,11.3
2026-02-06 09:00:00,2026,2,6,9,Đồng Nai,Phường Tam Hiệp,10.9510733,106.858145,74,Moderate,1,26.8,73,0.0,6.5,136,1013.1,100,18.8,22.7,313.0,24.3,67.0,10.1
2026-02-06 10:00:00,2026,2,6,10,Đồng Nai,Phường Tam Hiệp,10.9510733,106.858145,73,Moderate,1,28.2,65,0.0,3.9,164,1012.7,100,20.8,25.2,302.0,19.3,86.0,9.2
2026-02-06 11:00:00,2026,2,6,11,Đồng Nai,Phường Tam Hiệp,10.9510733,106.858145,72,Moderate,1,29.1,61,0.1,2.1,200,1011.9,98,22.8,25.6,300.0,16.0,107.0,8.7
2026-02-06 12:00:00,2026,2,6,12,Đồng Nai,Phường Tam Hiệp,10.9510733,106.858145,71,Moderate,1,30.6,55,0.1,1.3,254,1010.9,100,24.5,26.7,302.0,13.7,130.0,8.3
2026-02-06 13:00:00,2026,2,6,13,Đồng Nai,Phường Tam Hiệp,10.9510733,106.858145,70,Moderate,1,29.5,60,0.0,4.2,216,1009.9,100,25.3,27.3,304.0,12.3,146.0,8.1
2026-02-06 14:00:00,2026,2,6,14,Đồng Nai,Phường Tam Hiệp,10.9510733,106.858145,69,Moderate,1,29.9,58,0.2,6.1,210,1009.1,34,25.3,28.0,306.0,11.9,152.0,7.8
2026-02-06 15:00:00,2026,2,6,15,Đồng Nai,Phường Tam Hiệp,10.9510733,106.858145,67,Moderate,1,30.2,57,0.1,6.8,220,1008.3,14,24.6,28.1,308.0,12.5,151.0,7.7
2026-02-06 16:00:00,2026,2,6,16,Đồng Nai,Phường Tam Hiệp,10.9510733,106.858145,66,Moderate,1,29.0,62,0.2,10.6,176,1008.0,33,26.8,30.7,307.0,14.2,144.0,7.8
2026-02-06 17:00:00,2026,2,6,17,Đồng Nai,Phường Tam Hiệp,10.9510733,106.858145,76,Moderate,1,27.3,70,0.2,14.9,157,1008.5,54,21.5,24.6,301.0,17.8,127.0,8.4
2026-02-06 18:00:00,2026,2,6,18,Đồng Nai,Phường Tam Hiệp,10.9510733,106.858145,88,Moderate,1,26.4,73,0.0,14.6,161,1008.9,22,19.4,21.9,291.0,22.4,102.0,9.4
2026-02-06 19:00:00,2026,2,6,19,Đồng Nai,Phường Tam Hiệp,10.9510733,106.858145,92,Moderate,1,25.9,78,0.0,13.5,167,1009.5,66,22.3,25.6,280.0,27.1,81.0,10.2
2026-02-06 20:00:00,2026,2,6,20,Đồng Nai,Phường Tam Hiệp,10.9510733,106.858145,86,Moderate,1,25.2,81,0.0,11.8,157,1010.7,35,18.5,21.7,269.0,27.2,75.0,10.4
2026-02-06 21:00:00,2026,2,6,21,Đồng Nai,Phường Tam Hiệp,10.9510733,106.858145,75,Moderate,1,24.6,83,0.0,11.4,152,1011.2,41,17.2,20.7,256.0,27.2,67.0,10.7
2026-02-06 22:00:00,2026,2,6,22,Đồng Nai,Phường Tam Hiệp,10.9510733,106.858145,65,Moderate,1,24.2,86,0.0,10.7,150,1011.3,21,17.1,20.4,245.0,27.0,61.0,10.7
2026-02-06 23:00:00,2026,2,6,23,Đồng Nai,Phường Tam Hiệp,10.9510733,106.858145,65,Moderate,1,24.0,88,0.0,10.6,150,1011.3,92,16.5,19.7,235.0,26.1,59.0,10.1
2026-02-07 00:00:00,2026,2,7,0,Đồng Nai,Phường Tam Hiệp,10.9510733,106.858145,65,Moderate,1,23.7,89,0.0,9.7,145,1011.4,100,14.8,17.8,225.0,25.0,60.0,9.2
2026-02-07 01:00:00,2026,2,7,1,Đồng Nai,Phường Tam Hiệp,10.9510733,106.858145,65,Moderate,1,23.6,89,0.0,9.3,143,1010.8,100,13.8,16.7,217.0,24.3,59.0,8.5
2026-02-07 02:00:00,2026,2,7,2,Đồng Nai,Phường Tam Hiệp,10.9510733,106.858145,65,Moderate,1,23.5,90,0.0,8.2,142,1010.5,99,13.4,16.2,210.0,24.3,56.0,8.3
2026-02-07 03:00:00,2026,2,7,3,Đồng Nai,Phường Tam Hiệp,10.9510733,106.858145,65,Moderate,1,23.2,91,0.0,7.9,141,1010.3,24,13.5,16.2,204.0,24.7,53.0,8.4
2026-02-07 04:00:00,2026,2,7,4,Đồng Nai,Phường Tam Hiệp,10.9510733,106.858145,65,Moderate,1,23.1,91,0.0,7.5,145,1010.1,59,13.6,16.4,206.0,25.7,50.0,8.7
2026-02-07 05:00:00,2026,2,7,5,Đồng Nai,Phường Tam Hiệp,10.9510733,106.858145,65,Moderate,1,23.0,92,0.0,6.0,134,1010.4,26,13.6,16.5,221.0,28.0,46.0,9.6
2026-02-07 06:00:00,2026,2,7,6,Đồng Nai,Phường Tam Hiệp,10.9510733,106.858145,65,Moderate,1,22.9,93,0.0,5.7,134,1010.9,12,16.8,20.1,244.0,30.9,42.0,10.8
2026-02-07 07:00:00,2026,2,7,7,Đồng Nai,Phường Tam Hiệp,10.9510733,106.858145,65,Moderate,1,23.6,90,0.0,8.9,128,1011.8,94,15.3,17.9,261.0,31.4,43.0,10.8
2026-02-07 08:00:00,2026,2,7,8,Đồng Nai,Phường Tam Hiệp,10.9510733,106.858145,65,Moderate,1,25.2,80,0.0,9.0,123,1012.7,100,15.0,17.7,265.0,27.9,50.0,10.0
2026-02-07 09:00:00,2026,2,7,9,Đồng Nai,Phường Tam Hiệp,10.9510733,106.858145,64,Moderate,1,26.8,71,0.0,8.8,118,1013.3,100,14.8,17.7,264.0,23.0,62.0,9.0
2026-02-07 10:00:00,2026,2,7,10,Đồng Nai,Phường Tam Hiệp,10.9510733,106.858145,64,Moderate,1,28.5,61,0.0,6.5,122,1013.0,100,16.3,19.8,267.0,19.1,75.0,8.1
2026-02-07 11:00:00,2026,2,7,11,Đồng Nai,Phường Tam Hiệp,10.9510733,106.858145,64,Moderate,1,29.8,56,0.0,4.1,119,1011.8,100,18.2,20.1,280.0,17.2,93.0,7.5
2026-02-07 12:00:00,2026,2,7,12,Đồng Nai,Phường Tam Hiệp,10.9510733,106.858145,63,Moderate,1,31.2,51,0.0,2.9,83,1010.7,97,24.7,26.2,296.0,16.3,113.0,7.2
2026-02-07 13:00:00,2026,2,7,13,Đồng Nai,Phường Tam Hiệp,10.9510733,106.858145,63,Moderate,1,31.2,50,0.0,3.8,65,1009.5,88,27.6,29.2,307.0,16.2,129.0,7.0
2026-02-07 14:00:00,2026,2,7,14,Đồng Nai,Phường Tam Hiệp,10.9510733,106.858145,64,Moderate,1,31.9,48,0.0,2.8,55,1008.1,75,29.2,30.9,306.0,16.6,139.0,7.1
2026-02-07 15:00:00,2026,2,7,15,Đồng Nai,Phường Tam Hiệp,10.9510733,106.858145,64,Moderate,1,32.0,47,0.0,2.7,20,1007.1,23,29.7,31.2,300.0,17.6,145.0,7.4
2026-02-07 16:00:00,2026,2,7,16,Đồng Nai,Phường Tam Hiệp,10.9510733,106.858145,64,Moderate,1,32.3,44,0.0,2.4,27,1006.6,100,29.3,30.9,292.0,19.7,143.0,7.9
2026-02-07 17:00:00,2026,2,7,17,Đồng Nai,Phường Tam Hiệp,10.9510733,106.858145,65,Moderate,1,31.8,43,0.0,7.4,146,1006.6,100,27.4,28.9,283.0,24.1,127.0,9.0
2026-02-07 18:00:00,2026,2,7,18,Đồng Nai,Phường Tam Hiệp,10.9510733,106.858145,72,Moderate,1,25.8,77,0.0,20.5,157,1007.5,76,26.8,28.1,273.0,29.4,103.0,10.4
2026-02-07 19:00:00,2026,2,7,19,Đồng Nai,Phường Tam Hiệp,10.9510733,106.858145,78,Moderate,1,25.2,81,0.0,14.9,144,1008.5,5,32.1,35.4,267.0,34.9,84.0,12.0
2026-02-07 20:00:00,2026,2,7,20,Đồng Nai,Phường Tam Hiệp,10.9510733,106.858145,76,Moderate,1,25.0,79,0.0,15.2,149,1009.4,1,22.8,25.4,270.0,30.6,84.0,10.8
2026-02-07 21:00:00,2026,2,7,21,Đồng Nai,Phường Tam Hiệp,10.9510733,106.858145,69,Moderate,1,24.4,83,0.0,12.9,143,1010.1,1,16.5,18.8,277.0,24.8,83.0,9.2
2026-02-07 22:00:00,2026,2,7,22,Đồng Nai,Phường Tam Hiệp,10.9510733,106.858145,67,Moderate,1,24.0,84,0.0,12.1,140,1010.2,0,13.0,15.3,277.0,20.2,82.0,7.8
2026-02-07 23:00:00,2026,2,7,23,Đồng Nai,Phường Tam Hiệp,10.9510733,106.858145,67,Moderate,1,23.8,85,0.0,11.6,133,1010.2,2,11.1,13.2,261.0,18.1,79.0,6.7
2026-02-08 00:00:00,2026,2,8,0,Đồng Nai,Phường Tam Hiệp,10.9510733,106.858145,66,Moderate,1,23.5,85,0.0,12.0,135,1010.1,0,10.1,12.1,238.0,17.4,76.0,5.8
2026-02-08 01:00:00,2026,2,8,1,Đồng Nai,Phường Tam Hiệp,10.9510733,106.858145,66,Moderate,1,23.5,89,0.0,10.1,149,1009.3,34,9.8,11.8,222.0,17.4,72.0,5.4
2026-02-08 02:00:00,2026,2,8,2,Đồng Nai,Phường Tam Hiệp,10.9510733,106.858145,65,Moderate,1,23.5,90,0.0,8.3,160,1008.9,13,9.9,11.9,216.0,18.0,67.0,5.5
2026-02-08 03:00:00,2026,2,8,3,Đồng Nai,Phường Tam Hiệp,10.9510733,106.858145,65,Moderate,1,23.2,91,0.0,7.0,138,1008.6,17,10.6,12.6,217.0,19.3,62.0,5.9
2026-02-08 04:00:00,2026,2,8,4,Đồng Nai,Phường Tam Hiệp,10.9510733,106.858145,65,Moderate,1,22.9,94,0.0,6.0,129,1008.9,12,11.8,13.9,225.0,21.4,56.0,6.9
2026-02-08 05:00:00,2026,2,8,5,Đồng Nai,Phường Tam Hiệp,10.9510733,106.858145,65,Moderate,1,22.8,93,0.0,3.4,90,1009.6,30,13.5,15.6,247.0,25.4,48.0,8.9
2026-02-08 06:00:00,2026,2,8,6,Đồng Nai,Phường Tam Hiệp,10.9510733,106.858145,65,Moderate,1,22.5,94,0.0,2.5,21,1010.5,63,15.8,18.0,277.0,30.3,39.0,11.4
2026-02-08 07:00:00,2026,2,8,7,Đồng Nai,Phường Tam Hiệp,10.9510733,106.858145,64,Moderate,1,23.5,91,0.0,3.7,309,1011.6,35,21.1,24.6,294.0,30.7,42.0,11.4
2026-02-08 08:00:00,2026,2,8,8,Đồng Nai,Phường Tam Hiệp,10.9510733,106.858145,65,Moderate,1,25.4,80,0.0,3.7,317,1012.5,9,19.7,23.8,285.0,27.5,54.0,10.3
2026-02-08 09:00:00,2026,2,8,9,Đồng Nai,Phường Tam Hiệp,10.9510733,106.858145,65,Moderate,1,27.2,62,0.0,7.4,342,1013.1,2,19.6,22.2,262.0,23.0,72.0,8.9
2026-02-08 10:00:00,2026,2,8,10,Đồng Nai,Phường Tam Hiệp,10.9510733,106.858145,66,Moderate,1,28.8,52,0.0,9.5,345,1012.9,2,22.6,24.3,246.0,18.6,92.0,7.6
2026-02-08 11:00:00,2026,2,8,11,Đồng Nai,Phường Tam Hiệp,10.9510733,106.858145,66,Moderate,1,30.5,43,0.0,7.1,350,1011.8,5,24.4,26.1,245.0,14.5,117.0,6.8
2026-02-08 12:00:00,2026,2,8,12,Đồng Nai,Phường Tam Hiệp,10.9510733,106.858145,67,Moderate,1,31.9,38,0.0,3.8,17,1010.7,0,23.7,25.2,251.0,10.6,144.0,6.3
2026-02-08 13:00:00,2026,2,8,13,Đồng Nai,Phường Tam Hiệp,10.9510733,106.858145,67,Moderate,1,31.8,37,0.0,3.2,34,1009.9,0,22.8,24.2,255.0,8.2,161.0,5.8
2026-02-08 14:00:00,2026,2,8,14,Đồng Nai,Phường Tam Hiệp,10.9510733,106.858145,66,Moderate,1,33.0,33,0.0,3.7,29,1008.9,0,21.1,22.5,252.0,7.8,163.0,5.2
2026-02-08 15:00:00,2026,2,8,15,Đồng Nai,Phường Tam Hiệp,10.9510733,106.858145,66,Moderate,1,33.2,32,0.0,5.4,50,1008.3,3,18.9,20.3,247.0,8.9,155.0,4.7
2026-02-08 16:00:00,2026,2,8,16,Đồng Nai,Phường Tam Hiệp,10.9510733,106.858145,70,Moderate,1,32.9,34,0.0,7.7,72,1007.9,2,16.2,17.9,245.0,11.2,142.0,4.8
2026-02-08 17:00:00,2026,2,8,17,Đồng Nai,Phường Tam Hiệp,10.9510733,106.858145,89,Moderate,1,31.2,41,0.0,12.3,158,1008.4,12,14.5,16.9,243.0,15.6,123.0,6.0
2026-02-08 18:00:00,2026,2,8,18,Đồng Nai,Phường Tam Hiệp,10.9510733,106.858145,100,Moderate,1,27.1,64,0.0,18.1,163,1009.4,14,15.2,17.1,243.0,21.2,100.0,7.8
2026-02-08 19:00:00,2026,2,8,19,Đồng Nai,Phường Tam Hiệp,10.9510733,106.858145,102,Unhealthy for Sensitive Groups,2,27.5,62,0.0,12.1,157,1009.8,41,19.2,21.5,256.0,22.4,87.0,8.0
2026-02-08 20:00:00,2026,2,8,20,Đồng Nai,Phường Tam Hiệp,10.9510733,106.858145,95,Moderate,1,27.0,64,0.0,9.9,147,1010.6,69,17.6,19.7,296.0,23.7,80.0,8.8
2026-02-08 21:00:00,2026,2,8,21,Đồng Nai,Phường Tam Hiệp,10.9510733,106.858145,82,Moderate,1,26.1,69,0.0,6.3,105,1011.4,85,18.3,20.1,351.0,25.6,71.0,10.0
2026-02-08 22:00:00,2026,2,8,22,Đồng Nai,Phường Tam Hiệp,10.9510733,106.858145,62,Moderate,1,25.9,71,0.0,4.0,111,1011.1,80,21.5,23.3,389.0,27.9,61.0,11.0
2026-02-08 23:00:00,2026,2,8,23,Đồng Nai,Phường Tam Hiệp,10.9510733,106.858145,61,Moderate,1,25.4,75,0.0,2.7,28,1011.1,93,25.9,27.8,398.0,31.1,52.0,11.8
2026-02-09 00:00:00,2026,2,9,0,Đồng Nai,Phường Tam Hiệp,10.9510733,106.858145,62,Moderate,1,24.9,74,0.0,7.2,360,1010.7,88,28.4,30.4,392.0,34.8,42.0,12.4
2026-02-09 01:00:00,2026,2,9,1,Đồng Nai,Phường Tam Hiệp,10.9510733,106.858145,64,Moderate,1,24.5,67,0.0,8.8,4,1010.1,99,28.2,30.3,382.0,37.0,35.0,12.5
2026-02-09 02:00:00,2026,2,9,2,Đồng Nai,Phường Tam Hiệp,10.9510733,106.858145,65,Moderate,1,23.8,63,0.0,7.6,12,1009.5,92,25.5,27.5,361.0,36.3,31.0,11.2
2026-02-09 03:00:00,2026,2,9,3,Đồng Nai,Phường Tam Hiệp,10.9510733,106.858145,67,Moderate,1,23.1,68,0.0,4.4,21,1009.4,98,24.9,26.7,336.0,34.2,30.0,9.4
2026-02-09 04:00:00,2026,2,9,4,Đồng Nai,Phường Tam Hiệp,10.9510733,106.858145,68,Moderate,1,22.6,73,0.0,5.2,6,1009.3,99,26.0,27.7,347.0,33.5,29.0,9.3
2026-02-09 05:00:00,2026,2,9,5,Đồng Nai,Phường Tam Hiệp,10.9510733,106.858145,69,Moderate,1,22.1,78,0.0,5.9,31,1009.2,90,28.4,30.2,438.0,36.5,25.0,12.7
2026-02-09 06:00:00,2026,2,9,6,Đồng Nai,Phường Tam Hiệp,10.9510733,106.858145,71,Moderate,1,21.7,81,0.0,4.5,34,1009.9,91,31.8,33.6,565.0,41.0,20.0,17.9
2026-02-09 07:00:00,2026,2,9,7,Đồng Nai,Phường Tam Hiệp,10.9510733,106.858145,72,Moderate,1,22.4,82,0.0,5.4,34,1010.5,88,48.0,50.3,629.0,46.3,22.0,19.0
2026-02-09 08:00:00,2026,2,9,8,Đồng Nai,Phường Tam Hiệp,10.9510733,106.858145,74,Moderate,1,24.5,71,0.0,3.6,37,1011.0,97,35.6,38.3,572.0,41.4,41.0,17.5
2026-02-09 09:00:00,2026,2,9,9,Đồng Nai,Phường Tam Hiệp,10.9510733,106.858145,76,Moderate,1,26.8,60,0.0,1.4,23,1011.3,84,27.0,29.8,454.0,34.6,69.0,15.5
2026-02-09 10:00:00,2026,2,9,10,Đồng Nai,Phường Tam Hiệp,10.9510733,106.858145,76,Moderate,1,28.6,54,0.0,1.8,225,1011.1,84,21.8,24.8,353.0,28.3,95.0,13.6
2026-02-09 11:00:00,2026,2,9,11,Đồng Nai,Phường Tam Hiệp,10.9510733,106.858145,76,Moderate,1,30.4,48,0.0,2.0,275,1010.8,88,19.6,22.3,300.0,23.3,118.0,12.2
2026-02-09 12:00:00,2026,2,9,12,Đồng Nai,Phường Tam Hiệp,10.9510733,106.858145,76,Moderate,1,31.8,41,0.0,2.4,324,1009.5,96,18.5,20.9,265.0,18.9,140.0,11.0
2026-02-09 13:00:00,2026,2,9,13,Đồng Nai,Phường Tam Hiệp,10.9510733,106.858145,75,Moderate,1,32.1,41,0.0,4.7,342,1008.6,99,17.6,19.2,238.0,15.5,158.0,10.2
2026-02-09 14:00:00,2026,2,9,14,Đồng Nai,Phường Tam Hiệp,10.9510733,106.858145,75,Moderate,1,33.1,37,0.0,6.1,341,1007.7,100,17.6,18.5,211.0,12.8,174.0,9.6
2026-02-09 15:00:00,2026,2,9,15,Đồng Nai,Phường Tam Hiệp,10.9510733,106.858145,75,Moderate,1,33.2,35,0.0,6.9,345,1007.2,100,17.9,18.8,193.0,11.1,186.0,9.4
2026-02-09 16:00:00,2026,2,9,16,Đồng Nai,Phường Tam Hiệp,10.9510733,106.858145,75,Moderate,1,33.0,34,0.0,7.4,347,1007.3,100,18.3,19.3,200.0,12.4,186.0,9.7
2026-02-09 17:00:00,2026,2,9,17,Đồng Nai,Phường Tam Hiệp,10.9510733,106.858145,106,Unhealthy for Sensitive Groups,2,32.6,34,0.0,5.8,346,1007.3,51,19.9,21.1,251.0,19.3,165.0,11.0
2026-02-09 18:00:00,2026,2,9,18,Đồng Nai,Phường Tam Hiệp,10.9510733,106.858145,126,Unhealthy for Sensitive Groups,2,30.9,52,0.0,2.4,153,1007.9,0,26.5,28.9,327.0,29.0,132.0,12.7
2026-02-09 19:00:00,2026,2,9,19,Đồng Nai,Phường Tam Hiệp,10.9510733,106.858145,134,Unhealthy for Sensitive Groups,2,27.5,66,0.0,16.8,159,1009.0,0,33.3,36.3,389.0,38.3,106.0,15.8
2026-02-09 20:00:00,2026,2,9,20,Đồng Nai,Phường Tam Hiệp,10.9510733,106.858145,132,Unhealthy for Sensitive Groups,2,26.9,71,0.0,11.5,166,1009.9,0,27.9,30.2,419.0,34.9,96.0,14.7
2026-02-09 21:00:00,2026,2,9,21,Đồng Nai,Phường Tam Hiệp,10.9510733,106.858145,122,Unhealthy for Sensitive Groups,2,26.5,72,0.0,7.7,155,1010.5,2,24.7,26.8,436.0,30.4,83.0,13.3
2026-02-09 22:00:00,2026,2,9,22,Đồng Nai,Phường Tam Hiệp,10.9510733,106.858145,106,Unhealthy for Sensitive Groups,2,26.0,75,0.0,7.8,176,1010.1,10,24.0,26.0,455.0,28.1,70.0,12.4
2026-02-09 23:00:00,2026,2,9,23,Đồng Nai,Phường Tam Hiệp,10.9510733,106.858145,84,Moderate,1,25.5,77,0.0,3.4,47,1010.3,15,25.6,27.5,478.0,30.0,59.0,12.7
2026-02-10 00:00:00,2026,2,10,0,Đồng Nai,Phường Tam Hiệp,10.9510733,106.858145,79,Moderate,1,25.1,80,0.0,1.5,346,1010.0,43,27.4,29.6,505.0,34.1,50.0,13.7
2026-02-10 01:00:00,2026,2,10,1,Đồng Nai,Phường Tam Hiệp,10.9510733,106.858145,79,Moderate,1,24.8,84,0.0,1.6,276,1009.6,9,29.8,32.2,546.0,38.1,41.0,14.5
2026-02-10 02:00:00,2026,2,10,2,Đồng Nai,Phường Tam Hiệp,10.9510733,106.858145,79,Moderate,1,24.8,85,0.0,4.1,270,1009.5,6,32.5,35.0,628.0,41.1,33.0,14.6
2026-02-10 03:00:00,2026,2,10,3,Đồng Nai,Phường Tam Hiệp,10.9510733,106.858145,80,Moderate,1,24.3,88,0.0,7.2,292,1009.2,0,34.2,36.9,725.0,43.9,26.0,14.7
2026-02-10 04:00:00,2026,2,10,4,Đồng Nai,Phường Tam Hiệp,10.9510733,106.858145,81,Moderate,1,23.6,89,0.0,7.6,308,1009.3,0,36.0,38.6,773.0,46.4,21.0,15.4
2026-02-10 05:00:00,2026,2,10,5,Đồng Nai,Phường Tam Hiệp,10.9510733,106.858145,82,Moderate,1,23.0,87,0.0,6.3,333,1010.0,0,37.3,39.9,733.0,49.0,15.0,17.4
2026-02-10 06:00:00,2026,2,10,6,Đồng Nai,Phường Tam Hiệp,10.9510733,106.858145,82,Moderate,1,22.4,83,0.0,6.9,340,1010.3,11,39.3,42.1,643.0,51.2,12.0,20.1
2026-02-10 07:00:00,2026,2,10,7,Đồng Nai,Phường Tam Hiệp,10.9510733,106.858145,83,Moderate,1,22.6,79,0.0,5.2,331,1011.0,70,58.7,62.9,556.0,52.8,16.0,24.9
2026-02-10 08:00:00,2026,2,10,8,Đồng Nai,Phường Tam Hiệp,10.9510733,106.858145,84,Moderate,1,25.0,67,0.0,1.6,333,1011.9,91,53.9,58.2,482.0,48.6,42.0,26.7
2026-02-10 09:00:00,2026,2,10,9,Đồng Nai,Phường Tam Hiệp,10.9510733,106.858145,86,Moderate,1,27.5,57,0.0,4.5,307,1012.1,82,50.1,55.4,410.0,42.6,79.0,29.0
2026-02-10 10:00:00,2026,2,10,10,Đồng Nai,Phường Tam Hiệp,10.9510733,106.858145,88,Moderate,1,29.6,52,0.0,3.8,287,1012.2,56,44.4,49.7,361.0,36.1,116.0,29.8
2026-02-10 11:00:00,2026,2,10,11,Đồng Nai,Phường Tam Hiệp,10.9510733,106.858145,90,Moderate,1,31.2,47,0.0,2.5,249,1011.4,4,40.6,43.9,353.0,28.6,153.0,27.8
2026-02-10 12:00:00,2026,2,10,12,Đồng Nai,Phường Tam Hiệp,10.9510733,106.858145,91,Moderate,1,32.5,43,0.0,2.7,298,1010.2,48,40.3,42.3,368.0,20.7,191.0,24.2
2026-02-10 13:00:00,2026,2,10,13,Đồng Nai,Phường Tam Hiệp,10.9510733,106.858145,93,Moderate,1,33.0,41,0.0,3.6,63,1009.3,95,39.6,41.4,369.0,15.3,214.0,20.8
2026-02-10 14:00:00,2026,2,10,14,Đồng Nai,Phường Tam Hiệp,10.9510733,106.858145,95,Moderate,1,33.7,39,0.0,5.4,90,1008.3,100,36.0,37.7,333.0,14.0,217.0,18.0
2026-02-10 15:00:00,2026,2,10,15,Đồng Nai,Phường Tam Hiệp,10.9510733,106.858145,97,Moderate,1,33.7,40,0.0,6.5,129,1007.8,100,34.3,36.1,284.0,15.2,207.0,15.3
2026-02-10 16:00:00,2026,2,10,16,Đồng Nai,Phường Tam Hiệp,10.9510733,106.858145,126,Unhealthy for Sensitive Groups,2,33.5,42,0.0,8.5,138,1007.7,78,29.9,31.5,253.0,17.3,187.0,13.1
2026-02-10 17:00:00,2026,2,10,17,Đồng Nai,Phường Tam Hiệp,10.9510733,106.858145,155,Unhealthy,3,32.8,44,0.0,8.2,139,1007.9,70,24.1,25.6,257.0,20.4,154.0,11.5
2026-02-10 18:00:00,2026,2,10,18,Đồng Nai,Phường Tam Hiệp,10.9510733,106.858145,167,Unhealthy,3,29.5,60,0.0,17.6,157,1009.0,47,22.9,24.8,280.0,24.4,113.0,10.4
2026-02-10 19:00:00,2026,2,10,19,Đồng Nai,Phường Tam Hiệp,10.9510733,106.858145,166,Unhealthy,3,28.1,65,0.0,9.4,167,1010.0,96,21.2,22.6,303.0,28.9,82.0,11.2
2026-02-10 20:00:00,2026,2,10,20,Đồng Nai,Phường Tam Hiệp,10.9510733,106.858145,155,Unhealthy,3,28.5,64,0.0,9.4,180,1010.8,100,17.9,19.0,328.0,26.8,75.0,10.4
2026-02-10 21:00:00,2026,2,10,21,Đồng Nai,Phường Tam Hiệp,10.9510733,106.858145,132,Unhealthy for Sensitive Groups,2,27.8,67,0.0,10.8,170,1011.4,100,14.2,15.1,353.0,23.8,64.0,9.2
2026-02-10 22:00:00,2026,2,10,22,Đồng Nai,Phường Tam Hiệp,10.9510733,106.858145,100,Moderate,1,26.9,72,0.0,10.7,157,1011.3,35,11.6,12.3,357.0,20.9,57.0,8.0
2026-02-10 23:00:00,2026,2,10,23,Đồng Nai,Phường Tam Hiệp,10.9510733,106.858145,96,Moderate,1,26.5,74,0.0,9.5,153,1011.5,85,9.2,9.6,319.0,18.0,55.0,6.7
2026-02-11 00:00:00,2026,2,11,0,Đồng Nai,Phường Tam Hiệp,10.9510733,106.858145,94,Moderate,1,26.1,74,0.0,9.9,142,1011.5,99,6.8,7.0,260.0,15.1,57.0,5.4
2026-02-11 01:00:00,2026,2,11,1,Đồng Nai,Phường Tam Hiệp,10.9510733,106.858145,92,Moderate,1,26.6,73,0.0,7.7,126,1011.3,100,5.3,5.5,214.0,13.2,57.0,4.5
2026-02-11 02:00:00,2026,2,11,2,Đồng Nai,Phường Tam Hiệp,10.9510733,106.858145,90,Moderate,1,26.4,73,0.0,7.4,122,1011.1,100,4.8,4.9,195.0,12.6,56.0,4.1
2026-02-11 03:00:00,2026,2,11,3,Đồng Nai,Phường Tam Hiệp,10.9510733,106.858145,88,Moderate,1,26.0,73,0.0,4.9,114,1010.8,100,5.0,5.3,190.0,13.0,54.0,4.0
2026-02-11 04:00:00,2026,2,11,4,Đồng Nai,Phường Tam Hiệp,10.9510733,106.858145,85,Moderate,1,25.6,75,0.0,2.3,148,1010.8,100,5.9,6.2,192.0,14.8,51.0,4.6
2026-02-11 05:00:00,2026,2,11,5,Đồng Nai,Phường Tam Hiệp,10.9510733,106.858145,82,Moderate,1,25.2,79,0.0,5.4,90,1011.5,100,7.7,8.1,204.0,19.7,42.0,6.4
2026-02-11 06:00:00,2026,2,11,6,Đồng Nai,Phường Tam Hiệp,10.9510733,106.858145,80,Moderate,1,25.1,79,0.0,3.3,81,1012.2,100,10.2,10.7,223.0,25.9,32.0,8.7
2026-02-11 07:00:00,2026,2,11,7,Đồng Nai,Phường Tam Hiệp,10.9510733,106.858145,77,Moderate,1,24.0,92,0.0,8.0,70,1012.9,100,15.9,16.9,240.0,28.4,30.0,9.5
2026-02-11 08:00:00,2026,2,11,8,Đồng Nai,Phường Tam Hiệp,10.9510733,106.858145,73,Moderate,1,25.0,88,1.6,4.2,78,1013.9,97,15.0,16.2,253.0,23.9,46.0,8.6
2026-02-11 09:00:00,2026,2,11,9,Đồng Nai,Phường Tam Hiệp,10.9510733,106.858145,70,Moderate,1,25.9,83,0.1,5.0,71,1014.6,98,14.1,15.7,263.0,17.7,69.0,7.4
2026-02-11 10:00:00,2026,2,11,10,Đồng Nai,Phường Tam Hiệp,10.9510733,106.858145,67,Moderate,1,27.0,79,0.0,6.1,34,1014.7,100,12.0,13.5,266.0,12.5,88.0,6.2
2026-02-11 11:00:00,2026,2,11,11,Đồng Nai,Phường Tam Hiệp,10.9510733,106.858145,64,Moderate,1,27.9,75,0.0,8.2,8,1013.8,85,10.0,11.1,257.0,9.3,100.0,5.1
2026-02-11 12:00:00,2026,2,11,12,Đồng Nai,Phường Tam Hiệp,10.9510733,106.858145,61,Moderate,1,29.1,67,0.0,9.0,16,1012.5,93,9.5,10.4,241.0,7.3,108.0,4.1
2026-02-11 13:00:00,2026,2,11,13,Đồng Nai,Phường Tam Hiệp,10.9510733,106.858145,58,Moderate,1,28.4,69,0.0,7.8,5,1011.8,100,9.2,10.0,228.0,6.4,113.0,3.5
2026-02-11 14:00:00,2026,2,11,14,Đồng Nai,Phường Tam Hiệp,10.9510733,106.858145,56,Moderate,1,27.3,78,0.5,6.9,49,1011.0,100,12.7,14.5,216.0,6.4,118.0,3.5
2026-02-11 15:00:00,2026,2,11,15,Đồng Nai,Phường Tam Hiệp,10.9510733,106.858145,54,Moderate,1,28.4,70,0.1,3.5,62,1010.0,100,12.5,14.2,207.0,7.7,121.0,3.9
2026-02-11 16:00:00,2026,2,11,16,Đồng Nai,Phường Tam Hiệp,10.9510733,106.858145,52,Moderate,1,27.4,77,0.6,7.9,101,1010.0,97,13.2,15.1,215.0,11.2,116.0,4.8
2026-02-11 17:00:00,2026,2,11,17,Đồng Nai,Phường Tam Hiệp,10.9510733,106.858145,50,Good,0,25.5,88,0.5,8.5,148,1010.3,38,14.0,15.9,248.0,18.3,99.0,6.2
2026-02-11 18:00:00,2026,2,11,18,Đồng Nai,Phường Tam Hiệp,10.9510733,106.858145,50,Good,0,25.0,89,0.0,3.2,146,1010.5,30,14.9,16.4,299.0,27.7,75.0,8.0
2026-02-11 19:00:00,2026,2,11,19,Đồng Nai,Phường Tam Hiệp,10.9510733,106.858145,49,Good,0,25.2,92,0.0,8.3,166,1010.9,91,23.8,24.9,356.0,42.9,41.0,11.8
2026-02-11 20:00:00,2026,2,11,20,Đồng Nai,Phường Tam Hiệp,10.9510733,106.858145,48,Good,0,24.9,93,0.0,4.7,137,1011.5,100,26.4,27.4,424.0,44.2,36.0,12.4
2026-02-11 21:00:00,2026,2,11,21,Đồng Nai,Phường Tam Hiệp,10.9510733,106.858145,49,Good,0,25.0,94,0.0,5.1,129,1011.3,64,28.2,29.3,499.0,46.0,29.0,13.1
2026-02-11 22:00:00,2026,2,11,22,Đồng Nai,Phường Tam Hiệp,10.9510733,106.858145,51,Moderate,1,25.0,95,0.0,4.5,140,1011.2,97,29.6,30.9,555.0,47.2,24.0,13.6
2026-02-11 23:00:00,2026,2,11,23,Đồng Nai,Phường Tam Hiệp,10.9510733,106.858145,52,Moderate,1,25.0,93,0.0,2.7,152,1011.0,99,29.1,30.5,591.0,47.2,21.0,13.5
2026-02-12 00:00:00,2026,2,12,0,Đồng Nai,Phường Tam Hiệp,10.9510733,106.858145,54,Moderate,1,24.8,93,0.0,1.7,139,1011.3,98,28.8,30.2,608.0,46.5,20.0,13.2
2026-02-12 01:00:00,2026,2,12,1,Đồng Nai,Phường Tam Hiệp,10.9510733,106.858145,56,Moderate,1,24.8,97,0.0,2.3,108,1010.5,98,29.6,31.1,585.0,45.7,19.0,13.0
2026-02-12 02:00:00,2026,2,12,2,Đồng Nai,Phường Tam Hiệp,10.9510733,106.858145,58,Moderate,1,24.6,98,0.0,2.4,222,1009.6,67,29.4,31.1,480.0,44.8,18.0,12.9
2026-02-12 03:00:00,2026,2,12,3,Đồng Nai,Phường Tam Hiệp,10.9510733,106.858145,61,Moderate,1,24.5,98,0.0,3.7,191,1009.7,74,27.5,29.2,336.0,43.8,18.0,12.9
2026-02-12 04:00:00,2026,2,12,4,Đồng Nai,Phường Tam Hiệp,10.9510733,106.858145,63,Moderate,1,24.3,99,0.0,2.2,222,1009.9,79,25.6,27.4,256.0,42.9,18.0,13.2
2026-02-12 05:00:00,2026,2,12,5,Đồng Nai,Phường Tam Hiệp,10.9510733,106.858145,64,Moderate,1,24.2,99,0.0,4.2,277,1010.3,99,24.5,26.2,310.0,42.9,16.0,14.2
2026-02-12 06:00:00,2026,2,12,6,Đồng Nai,Phường Tam Hiệp,10.9510733,106.858145,66,Moderate,1,24.2,99,0.0,4.6,283,1010.6,100,25.1,26.9,428.0,43.1,14.0,15.6
2026-02-12 07:00:00,2026,2,12,7,Đồng Nai,Phường Tam Hiệp,10.9510733,106.858145,67,Moderate,1,24.4,98,0.0,5.8,296,1011.8,96,36.0,37.5,510.0,43.9,18.0,15.1
2026-02-12 08:00:00,2026,2,12,8,Đồng Nai,Phường Tam Hiệp,10.9510733,106.858145,69,Moderate,1,25.8,90,0.0,6.3,297,1012.4,97,25.0,26.8,510.0,39.1,36.0,14.3
2026-02-12 09:00:00,2026,2,12,9,Đồng Nai,Phường Tam Hiệp,10.9510733,106.858145,70,Moderate,1,26.8,84,0.0,6.2,300,1013.2,99,20.4,22.8,474.0,32.3,62.0,13.2
2026-02-12 10:00:00,2026,2,12,10,Đồng Nai,Phường Tam Hiệp,10.9510733,106.858145,70,Moderate,1,28.0,78,0.0,5.4,285,1012.9,100,21.8,23.9,431.0,26.7,85.0,12.0
2026-02-12 11:00:00,2026,2,12,11,Đồng Nai,Phường Tam Hiệp,10.9510733,106.858145,71,Moderate,1,29.0,74,0.0,4.0,278,1012.2,100,23.1,23.9,386.0,23.4,104.0,10.6
2026-02-12 12:00:00,2026,2,12,12,Đồng Nai,Phường Tam Hiệp,10.9510733,106.858145,72,Moderate,1,30.0,69,0.0,3.4,264,1010.9,62,25.1,25.9,335.0,21.3,120.0,9.1
2026-02-12 13:00:00,2026,2,12,13,Đồng Nai,Phường Tam Hiệp,10.9510733,106.858145,74,Moderate,1,31.0,62,0.0,3.6,200,1009.9,99,27.8,28.7,299.0,19.9,132.0,8.1
2026-02-12 14:00:00,2026,2,12,14,Đồng Nai,Phường Tam Hiệp,10.9510733,106.858145,75,Moderate,1,31.2,61,0.0,4.6,198,1008.6,100,28.9,29.8,290.0,18.8,141.0,8.1
2026-02-12 15:00:00,2026,2,12,15,Đồng Nai,Phường Tam Hiệp,10.9510733,106.858145,77,Moderate,1,31.0,60,0.0,3.8,177,1008.1,100,27.6,28.6,296.0,18.4,146.0,8.7
2026-02-12 16:00:00,2026,2,12,16,Đồng Nai,Phường Tam Hiệp,10.9510733,106.858145,78,Moderate,1,27.9,75,1.5,2.7,122,1008.1,98,24.2,25.3,305.0,19.4,142.0,9.3
2026-02-12 17:00:00,2026,2,12,17,Đồng Nai,Phường Tam Hiệp,10.9510733,106.858145,79,Moderate,1,27.0,77,0.2,9.2,138,1008.4,100,22.6,23.5,315.0,22.7,122.0,9.8
2026-02-12 18:00:00,2026,2,12,18,Đồng Nai,Phường Tam Hiệp,10.9510733,106.858145,80,Moderate,1,25.8,84,2.0,8.4,80,1009.7,100,20.1,21.9,327.0,27.4,92.0,10.4
2026-02-12 19:00:00,2026,2,12,19,Đồng Nai,Phường Tam Hiệp,10.9510733,106.858145,80,Moderate,1,26.4,87,0.2,6.4,148,1009.3,100,31.2,34.0,341.0,39.6,66.0,12.8
2026-02-12 20:00:00,2026,2,12,20,Đồng Nai,Phường Tam Hiệp,10.9510733,106.858145,81,Moderate,1,26.0,87,0.0,6.6,151,1009.9,100,33.1,36.0,357.0,41.6,57.0,13.6
2026-02-12 21:00:00,2026,2,12,21,Đồng Nai,Phường Tam Hiệp,10.9510733,106.858145,82,Moderate,1,25.8,88,0.0,6.2,165,1010.4,100,34.0,36.9,375.0,44.1,46.0,14.7
2026-02-12 22:00:00,2026,2,12,22,Đồng Nai,Phường Tam Hiệp,10.9510733,106.858145,82,Moderate,1,25.6,90,0.0,7.6,149,1010.7,100,30.6,33.2,383.0,44.5,38.0,14.9
2026-02-12 23:00:00,2026,2,12,23,Đồng Nai,Phường Tam Hiệp,10.9510733,106.858145,82,Moderate,1,25.2,91,0.0,7.5,143,1010.9,100,25.0,27.4,374.0,40.6,39.0,13.5
2026-02-13 00:00:00,2026,2,13,0,Đồng Nai,Phường Tam Hiệp,10.9510733,106.858145,82,Moderate,1,24.8,90,0.0,6.6,125,1010.7,98,20.3,22.6,357.0,34.6,44.0,11.3
2026-02-13 01:00:00,2026,2,13,1,Đồng Nai,Phường Tam Hiệp,10.9510733,106.858145,81,Moderate,1,24.8,91,0.1,4.6,138,1009.9,97,18.2,20.4,346.0,30.2,47.0,9.7
2026-02-13 02:00:00,2026,2,13,2,Đồng Nai,Phường Tam Hiệp,10.9510733,106.858145,80,Moderate,1,24.0,93,0.5,6.9,152,1008.9,100,17.7,19.8,348.0,28.9,44.0,9.3
2026-02-13 03:00:00,2026,2,13,3,Đồng Nai,Phường Tam Hiệp,10.9510733,106.858145,79,Moderate,1,23.9,96,0.0,3.7,209,1008.4,100,18.3,20.4,357.0,29.1,39.0,9.5
2026-02-13 04:00:00,2026,2,13,4,Đồng Nai,Phường Tam Hiệp,10.9510733,106.858145,78,Moderate,1,23.6,96,0.0,1.0,301,1008.2,65,20.1,22.2,366.0,30.1,35.0,10.2
2026-02-13 05:00:00,2026,2,13,5,Đồng Nai,Phường Tam Hiệp,10.9510733,106.858145,78,Moderate,1,23.2,97,0.0,2.7,20,1008.7,10,23.4,25.6,379.0,32.8,28.0,11.9
2026-02-13 06:00:00,2026,2,13,6,Đồng Nai,Phường Tam Hiệp,10.9510733,106.858145,78,Moderate,1,23.2,99,0.0,3.4,354,1008.8,59,26.0,28.4,393.0,36.2,22.0,14.1
2026-02-13 07:00:00,2026,2,13,7,Đồng Nai,Phường Tam Hiệp,10.9510733,106.858145,78,Moderate,1,24.2,98,0.0,2.5,360,1009.5,51,39.8,44.0,390.0,45.5,25.0,20.2
2026-02-13 08:00:00,2026,2,13,8,Đồng Nai,Phường Tam Hiệp,10.9510733,106.858145,78,Moderate,1,26.0,87,0.0,5.6,356,1010.0,92,37.8,42.1,355.0,39.9,51.0,19.1
2026-02-13 09:00:00,2026,2,13,9,Đồng Nai,Phường Tam Hiệp,10.9510733,106.858145,79,Moderate,1,27.5,78,0.0,5.9,349,1010.7,99,35.5,38.8,303.0,32.0,88.0,17.5
2026-02-13 10:00:00,2026,2,13,10,Đồng Nai,Phường Tam Hiệp,10.9510733,106.858145,81,Moderate,1,28.9,72,0.0,4.3,358,1010.5,97,32.6,34.2,262.0,24.7,120.0,15.5
2026-02-13 11:00:00,2026,2,13,11,Đồng Nai,Phường Tam Hiệp,10.9510733,106.858145,81,Moderate,1,30.0,66,0.0,3.8,11,1009.7,100,31.8,33.3,247.0,18.5,143.0,12.6
2026-02-13 12:00:00,2026,2,13,12,Đồng Nai,Phường Tam Hiệp,10.9510733,106.858145,82,Moderate,1,30.9,62,0.0,3.0,14,1008.6,100,28.8,30.2,243.0,12.8,161.0,9.2
2026-02-13 13:00:00,2026,2,13,13,Đồng Nai,Phường Tam Hiệp,10.9510733,106.858145,83,Moderate,1,31.6,54,0.0,1.7,77,1007.5,23,23.9,25.2,239.0,9.1,169.0,6.7
2026-02-13 14:00:00,2026,2,13,14,Đồng Nai,Phường Tam Hiệp,10.9510733,106.858145,82,Moderate,1,32.5,51,0.1,4.6,108,1006.4,100,19.3,20.8,226.0,7.9,163.0,5.4
2026-02-13 15:00:00,2026,2,13,15,Đồng Nai,Phường Tam Hiệp,10.9510733,106.858145,81,Moderate,1,32.4,50,0.2,6.6,123,1006.2,99,17.5,20.1,212.0,8.6,148.0,4.9
2026-02-13 16:00:00,2026,2,13,16,Đồng Nai,Phường Tam Hiệp,10.9510733,106.858145,88,Moderate,1,32.7,48,0.3,7.1,120,1006.2,92,16.0,18.9,212.0,11.3,131.0,5.2
2026-02-13 17:00:00,2026,2,13,17,Đồng Nai,Phường Tam Hiệp,10.9510733,106.858145,105,Unhealthy for Sensitive Groups,2,30.9,57,0.3,11.2,165,1007.0,98,15.7,18.3,239.0,17.4,113.0,6.8
2026-02-13 18:00:00,2026,2,13,18,Đồng Nai,Phường Tam Hiệp,10.9510733,106.858145,111,Unhealthy for Sensitive Groups,2,28.3,66,0.0,12.4,182,1008.0,98,17.7,20.0,280.0,25.5,94.0,9.1
2026-02-13 19:00:00,2026,2,13,19,Đồng Nai,Phường Tam Hiệp,10.9510733,106.858145,105,Unhealthy for Sensitive Groups,2,27.8,71,0.0,10.9,171,1008.4,100,22.6,25.3,307.0,33.6,77.0,11.5
2026-02-13 20:00:00,2026,2,13,20,Đồng Nai,Phường Tam Hiệp,10.9510733,106.858145,91,Moderate,1,26.9,74,0.0,9.3,170,1009.4,99,22.1,25.0,305.0,32.1,75.0,11.5
2026-02-13 21:00:00,2026,2,13,21,Đồng Nai,Phường Tam Hiệp,10.9510733,106.858145,77,Moderate,1,26.0,78,0.0,11.0,161,1009.7,98,20.7,23.7,289.0,30.0,73.0,11.4
2026-02-13 22:00:00,2026,2,13,22,Đồng Nai,Phường Tam Hiệp,10.9510733,106.858145,76,Moderate,1,25.5,79,0.0,9.6,152,1009.8,89,18.8,21.7,276.0,28.1,70.0,11.1
2026-02-13 23:00:00,2026,2,13,23,Đồng Nai,Phường Tam Hiệp,10.9510733,106.858145,75,Moderate,1,25.0,84,0.0,1.8,174,1009.7,87,17.0,19.7,273.0,26.5,68.0,10.2
2026-02-14 00:00:00,2026,2,14,0,Đồng Nai,Phường Tam Hiệp,10.9510733,106.858145,74,Moderate,1,24.9,82,0.0,3.4,155,1009.3,100,15.8,18.3,272.0,25.1,66.0,9.0
2026-02-14 01:00:00,2026,2,14,1,Đồng Nai,Phường Tam Hiệp,10.9510733,106.858145,74,Moderate,1,24.8,88,0.0,1.9,131,1008.8,97,16.1,18.6,272.0,24.7,63.0,8.4
2026-02-14 02:00:00,2026,2,14,2,Đồng Nai,Phường Tam Hiệp,10.9510733,106.858145,74,Moderate,1,25.0,86,0.0,0.4,63,1008.2,93,17.2,19.8,267.0,25.8,57.0,8.8
2026-02-14 03:00:00,2026,2,14,3,Đồng Nai,Phường Tam Hiệp,10.9510733,106.858145,74,Moderate,1,24.7,87,0.0,1.9,68,1007.6,98,18.7,21.5,263.0,27.9,49.0,9.8
2026-02-14 04:00:00,2026,2,14,4,Đồng Nai,Phường Tam Hiệp,10.9510733,106.858145,74,Moderate,1,24.4,88,0.0,3.4,18,1007.3,99,20.6,23.4,269.0,30.1,43.0,10.9
2026-02-14 05:00:00,2026,2,14,5,Đồng Nai,Phường Tam Hiệp,10.9510733,106.858145,74,Moderate,1,24.1,91,0.0,5.2,356,1007.5,95,22.8,25.7,299.0,32.9,36.0,12.0
2026-02-14 06:00:00,2026,2,14,6,Đồng Nai,Phường Tam Hiệp,10.9510733,106.858145,74,Moderate,1,23.9,93,0.0,6.5,337,1008.4,99,24.1,27.2,340.0,35.8,29.0,13.3
2026-02-14 07:00:00,2026,2,14,7,Đồng Nai,Phường Tam Hiệp,10.9510733,106.858145,73,Moderate,1,24.4,93,0.0,4.5,331,1009.1,74,32.7,36.0,366.0,37.1,25.0,13.8
2026-02-14 08:00:00,2026,2,14,8,Đồng Nai,Phường Tam Hiệp,10.9510733,106.858145,73,Moderate,1,25.8,84,0.0,1.1,9,1010.4,39,28.1,32.2,364.0,32.2,49.0,13.8
2026-02-14 09:00:00,2026,2,14,9,Đồng Nai,Phường Tam Hiệp,10.9510733,106.858145,72,Moderate,1,27.5,77,0.0,2.7,37,1010.9,30,27.9,32.8,345.0,25.2,83.0,13.7
2026-02-14 10:00:00,2026,2,14,10,Đồng Nai,Phường Tam Hiệp,10.9510733,106.858145,71,Moderate,1,29.1,70,0.0,5.5,36,1010.7,88,27.2,31.1,321.0,19.1,117.0,13.2
2026-02-14 11:00:00,2026,2,14,11,Đồng Nai,Phường Tam Hiệp,10.9510733,106.858145,71,Moderate,1,30.5,63,0.0,5.4,48,1010.1,99,28.1,29.7,289.0,14.6,151.0,12.1
2026-02-14 12:00:00,2026,2,14,12,Đồng Nai,Phường Tam Hiệp,10.9510733,106.858145,71,Moderate,1,31.4,58,0.0,4.7,47,1008.7,64,30.4,31.9,251.0,10.9,184.0,10.5
2026-02-14 13:00:00,2026,2,14,13,Đồng Nai,Phường Tam Hiệp,10.9510733,106.858145,71,Moderate,1,32.0,54,0.0,3.8,101,1008.2,22,29.8,31.3,222.0,8.7,204.0,9.2
2026-02-14 14:00:00,2026,2,14,14,Đồng Nai,Phường Tam Hiệp,10.9510733,106.858145,71,Moderate,1,32.7,52,0.0,3.5,125,1006.7,82,27.6,29.1,203.0,7.9,204.0,8.0
2026-02-14 15:00:00,2026,2,14,15,Đồng Nai,Phường Tam Hiệp,10.9510733,106.858145,83,Moderate,1,32.5,51,0.0,3.3,99,1006.0,100,24.4,25.8,192.0,8.6,192.0,7.0
2026-02-14 16:00:00,2026,2,14,16,Đồng Nai,Phường Tam Hiệp,10.9510733,106.858145,118,Unhealthy for Sensitive Groups,2,32.7,46,0.1,1.6,96,1005.6,15,21.5,23.6,198.0,11.6,172.0,6.8
2026-02-14 17:00:00,2026,2,14,17,Đồng Nai,Phường Tam Hiệp,10.9510733,106.858145,145,Unhealthy for Sensitive Groups,2,32.8,44,0.0,1.0,135,1006.1,98,21.4,24.6,232.0,19.0,142.0,8.0
2026-02-14 18:00:00,2026,2,14,18,Đồng Nai,Phường Tam Hiệp,10.9510733,106.858145,155,Unhealthy,3,30.6,56,0.0,6.0,170,1007.0,100,22.3,24.7,282.0,28.6,106.0,10.0
2026-02-14 19:00:00,2026,2,14,19,Đồng Nai,Phường Tam Hiệp,10.9510733,106.858145,154,Unhealthy,3,28.5,70,0.0,12.8,196,1007.4,100,28.1,30.7,325.0,34.3,80.0,11.1
2026-02-14 20:00:00,2026,2,14,20,Đồng Nai,Phường Tam Hiệp,10.9510733,106.858145,140,Unhealthy for Sensitive Groups,2,27.7,75,0.0,4.9,204,1008.0,100,24.2,26.5,354.0,32.6,75.0,11.0
2026-02-14 21:00:00,2026,2,14,21,Đồng Nai,Phường Tam Hiệp,10.9510733,106.858145,116,Unhealthy for Sensitive Groups,2,27.4,79,0.0,3.3,261,1008.8,100,20.5,22.7,375.0,30.3,67.0,10.9
2026-02-14 22:00:00,2026,2,14,22,Đồng Nai,Phường Tam Hiệp,10.9510733,106.858145,87,Moderate,1,27.0,81,0.0,3.9,246,1008.9,100,19.3,21.5,387.0,29.2,59.0,11.0
2026-02-14 23:00:00,2026,2,14,23,Đồng Nai,Phường Tam Hiệp,10.9510733,106.858145,75,Moderate,1,26.5,83,0.0,3.8,239,1008.5,100,20.0,22.2,378.0,30.5,52.0,11.5
2026-02-15 00:00:00,2026,2,15,0,Đồng Nai,Phường Tam Hiệp,10.9510733,106.858145,75,Moderate,1,26.1,86,0.0,3.0,237,1008.1,100,21.4,23.7,359.0,33.0,45.0,12.1
2026-02-15 01:00:00,2026,2,15,1,Đồng Nai,Phường Tam Hiệp,10.9510733,106.858145,75,Moderate,1,25.9,90,0.0,3.8,245,1007.7,100,23.7,26.2,366.0,35.3,39.0,12.6
2026-02-15 02:00:00,2026,2,15,2,Đồng Nai,Phường Tam Hiệp,10.9510733,106.858145,76,Moderate,1,25.4,91,0.0,5.2,268,1007.3,91,24.7,27.1,424.0,36.7,34.0,12.6
2026-02-15 03:00:00,2026,2,15,3,Đồng Nai,Phường Tam Hiệp,10.9510733,106.858145,77,Moderate,1,24.8,92,0.0,5.8,277,1007.1,100,22.8,25.0,508.0,37.7,29.0,12.3
2026-02-15 04:00:00,2026,2,15,4,Đồng Nai,Phường Tam Hiệp,10.9510733,106.858145,77,Moderate,1,24.5,92,0.0,5.2,276,1007.5,91,23.1,25.3,578.0,38.9,25.0,12.6
2026-02-15 05:00:00,2026,2,15,5,Đồng Nai,Phường Tam Hiệp,10.9510733,106.858145,77,Moderate,1,24.1,93,0.0,4.8,290,1007.9,76,24.4,26.9,632.0,41.0,19.0,13.7
2026-02-15 06:00:00,2026,2,15,6,Đồng Nai,Phường Tam Hiệp,10.9510733,106.858145,77,Moderate,1,23.9,94,0.0,4.1,304,1008.6,9,26.9,29.4,673.0,43.1,15.0,15.4
2026-02-15 07:00:00,2026,2,15,7,Đồng Nai,Phường Tam Hiệp,10.9510733,106.858145,78,Moderate,1,24.8,90,0.0,4.0,170,1009.7,9,31.3,35.2,668.0,47.1,24.0,15.6
2026-02-15 08:00:00,2026,2,15,8,Đồng Nai,Phường Tam Hiệp,10.9510733,106.858145,78,Moderate,1,26.0,83,0.0,4.5,133,1010.5,49,27.8,31.9,581.0,41.1,44.0,15.9
2026-02-15 09:00:00,2026,2,15,9,Đồng Nai,Phường Tam Hiệp,10.9510733,106.858145,78,Moderate,1,27.6,76,0.0,2.4,63,1010.7,27,29.0,34.2,448.0,32.6,72.0,16.3
2026-02-15 10:00:00,2026,2,15,10,Đồng Nai,Phường Tam Hiệp,10.9510733,106.858145,78,Moderate,1,29.0,70,0.0,4.2,355,1010.5,31,32.9,38.1,341.0,24.9,101.0,16.0
2026-02-15 11:00:00,2026,2,15,11,Đồng Nai,Phường Tam Hiệp,10.9510733,106.858145,78,Moderate,1,30.1,65,0.0,4.0,27,1009.9,21,37.0,39.5,291.0,18.7,134.0,14.7
2026-02-15 12:00:00,2026,2,15,12,Đồng Nai,Phường Tam Hiệp,10.9510733,106.858145,79,Moderate,1,31.3,59,0.0,3.9,53,1008.8,7,39.9,42.5,267.0,13.3,169.0,12.9
2026-02-15 13:00:00,2026,2,15,13,Đồng Nai,Phường Tam Hiệp,10.9510733,106.858145,80,Moderate,1,31.4,59,0.0,3.7,61,1007.9,5,38.5,41.0,250.0,9.4,189.0,10.9
2026-02-15 14:00:00,2026,2,15,14,Đồng Nai,Phường Tam Hiệp,10.9510733,106.858145,81,Moderate,1,32.5,55,0.0,4.4,71,1006.4,70,34.1,36.3,232.0,7.1,187.0,8.6
2026-02-15 15:00:00,2026,2,15,15,Đồng Nai,Phường Tam Hiệp,10.9510733,106.858145,81,Moderate,1,32.8,53,0.0,4.2,108,1005.5,61,27.1,29.1,220.0,6.4,170.0,6.2
2026-02-15 16:00:00,2026,2,15,16,Đồng Nai,Phường Tam Hiệp,10.9510733,106.858145,93,Moderate,1,32.6,51,0.0,6.8,112,1005.3,18,21.2,23.5,215.0,8.3,148.0,5.0
2026-02-15 17:00:00,2026,2,15,17,Đồng Nai,Phường Tam Hiệp,10.9510733,106.858145,115,Unhealthy for Sensitive Groups,2,32.2,50,0.0,6.6,125,1005.5,25,18.6,21.6,221.0,15.1,119.0,6.1
2026-02-15 18:00:00,2026,2,15,18,Đồng Nai,Phường Tam Hiệp,10.9510733,106.858145,125,Unhealthy for Sensitive Groups,2,30.4,58,0.0,12.1,155,1006.2,28,20.3,22.4,234.0,24.5,84.0,8.4
2026-02-15 19:00:00,2026,2,15,19,Đồng Nai,Phường Tam Hiệp,10.9510733,106.858145,122,Unhealthy for Sensitive Groups,2,29.1,65,0.0,10.2,173,1006.8,100,17.6,18.9,242.0,27.2,64.0,9.1
2026-02-15 20:00:00,2026,2,15,20,Đồng Nai,Phường Tam Hiệp,10.9510733,106.858145,107,Unhealthy for Sensitive Groups,2,28.2,67,0.0,10.5,142,1007.6,99,15.7,16.9,241.0,26.3,59.0,9.1
2026-02-15 21:00:00,2026,2,15,21,Đồng Nai,Phường Tam Hiệp,10.9510733,106.858145,84,Moderate,1,27.5,66,0.0,8.3,132,1007.9,99,13.9,15.0,235.0,24.9,52.0,8.9
2026-02-15 22:00:00,2026,2,15,22,Đồng Nai,Phường Tam Hiệp,10.9510733,106.858145,79,Moderate,1,26.9,64,0.0,8.8,116,1007.9,100,12.4,13.3,227.0,23.4,46.0,8.6
2026-02-15 23:00:00,2026,2,15,23,Đồng Nai,Phường Tam Hiệp,10.9510733,106.858145,78,Moderate,1,26.2,67,0.0,8.9,122,1007.9,99,11.0,11.9,218.0,21.6,43.0,7.8
2026-02-16 00:00:00,2026,2,16,0,Đồng Nai,Phường Tam Hiệp,10.9510733,106.858145,77,Moderate,1,25.5,71,0.0,7.1,126,1007.8,95,9.6,10.4,207.0,19.7,42.0,6.7
2026-02-16 01:00:00,2026,2,16,1,Đồng Nai,Phường Tam Hiệp,10.9510733,106.858145,76,Moderate,1,25.4,76,0.0,7.2,115,1007.5,98,9.2,10.0,198.0,18.3,41.0,5.9
2026-02-16 02:00:00,2026,2,16,2,Đồng Nai,Phường Tam Hiệp,10.9510733,106.858145,75,Moderate,1,24.9,78,0.0,6.1,113,1007.2,97,9.1,9.8,188.0,17.6,40.0,5.5
2026-02-16 03:00:00,2026,2,16,3,Đồng Nai,Phường Tam Hiệp,10.9510733,106.858145,74,Moderate,1,24.5,77,0.0,6.2,107,1006.7,98,9.1,9.9,181.0,17.4,39.0,5.3
2026-02-16 04:00:00,2026,2,16,4,Đồng Nai,Phường Tam Hiệp,10.9510733,106.858145,72,Moderate,1,24.2,78,0.0,4.9,88,1006.8,98,9.5,10.3,189.0,17.7,37.0,5.5
2026-02-16 05:00:00,2026,2,16,5,Đồng Nai,Phường Tam Hiệp,10.9510733,106.858145,71,Moderate,1,24.4,79,0.0,3.8,65,1007.0,100,10.0,10.9,230.0,19.3,32.0,6.2
2026-02-16 06:00:00,2026,2,16,6,Đồng Nai,Phường Tam Hiệp,10.9510733,106.858145,70,Moderate,1,24.4,80,0.0,3.9,28,1007.5,100,11.2,12.0,287.0,21.5,27.0,7.2
2026-02-16 07:00:00,2026,2,16,7,Đồng Nai,Phường Tam Hiệp,10.9510733,106.858145,68,Moderate,1,24.8,81,0.0,5.9,47,1008.5,5,20.3,22.0,319.0,21.9,29.0,7.8
2026-02-16 08:00:00,2026,2,16,8,Đồng Nai,Phường Tam Hiệp,10.9510733,106.858145,67,Moderate,1,26.5,69,0.0,5.2,65,1009.5,56,20.0,21.2,303.0,20.0,43.0,8.0
2026-02-16 09:00:00,2026,2,16,9,Đồng Nai,Phường Tam Hiệp,10.9510733,106.858145,67,Moderate,1,28.5,58,0.0,4.8,65,1010.0,98,19.4,21.0,262.0,17.2,63.0,8.1
2026-02-16 10:00:00,2026,2,16,10,Đồng Nai,Phường Tam Hiệp,10.9510733,106.858145,66,Moderate,1,30.5,49,0.0,5.1,73,1010.2,97,19.2,20.8,225.0,14.3,80.0,7.8
2026-02-16 11:00:00,2026,2,16,11,Đồng Nai,Phường Tam Hiệp,10.9510733,106.858145,65,Moderate,1,32.0,44,0.0,5.4,84,1009.6,100,17.7,19.5,202.0,11.1,93.0,6.5
2026-02-16 12:00:00,2026,2,16,12,Đồng Nai,Phường Tam Hiệp,10.9510733,106.858145,63,Moderate,1,33.3,40,0.0,6.4,74,1008.3,81,15.5,17.5,184.0,7.8,104.0,4.8
2026-02-16 13:00:00,2026,2,16,13,Đồng Nai,Phường Tam Hiệp,10.9510733,106.858145,61,Moderate,1,34.0,39,0.0,6.8,78,1007.4,84,12.9,15.0,171.0,5.7,110.0,3.5
2026-02-16 14:00:00,2026,2,16,14,Đồng Nai,Phường Tam Hiệp,10.9510733,106.858145,59,Moderate,1,34.6,37,0.0,7.6,89,1006.0,63,11.5,13.4,162.0,4.8,111.0,2.9
2026-02-16 15:00:00,2026,2,16,15,Đồng Nai,Phường Tam Hiệp,10.9510733,106.858145,57,Moderate,1,34.7,36,0.0,9.0,93,1005.1,16,11.0,12.9,157.0,5.1,109.0,2.8
2026-02-16 16:00:00,2026,2,16,16,Đồng Nai,Phường Tam Hiệp,10.9510733,106.858145,55,Moderate,1,34.3,37,0.0,11.0,90,1005.2,34,10.9,12.8,159.0,7.3,102.0,3.4
2026-02-16 17:00:00,2026,2,16,17,Đồng Nai,Phường Tam Hiệp,10.9510733,106.858145,54,Moderate,1,32.3,47,0.1,11.8,124,1005.1,5,11.7,13.4,172.0,13.6,89.0,5.2
2026-02-16 18:00:00,2026,2,16,18,Đồng Nai,Phường Tam Hiệp,10.9510733,106.858145,54,Moderate,1,30.3,59,0.0,11.9,131,1005.3,1,15.9,17.3,190.0,21.8,72.0,7.7
2026-02-16 19:00:00,2026,2,16,19,Đồng Nai,Phường Tam Hiệp,10.9510733,106.858145,53,Moderate,1,29.5,66,0.0,9.8,118,1005.6,0,15.0,16.2,205.0,25.6,59.0,8.3
2026-02-16 20:00:00,2026,2,16,20,Đồng Nai,Phường Tam Hiệp,10.9510733,106.858145,53,Moderate,1,29.0,60,0.0,12.9,120,1006.4,47,13.1,14.3,212.0,23.4,56.0,7.9
2026-02-16 21:00:00,2026,2,16,21,Đồng Nai,Phường Tam Hiệp,10.9510733,106.858145,53,Moderate,1,28.0,58,0.0,13.6,122,1006.5,1,11.7,12.8,214.0,20.3,52.0,7.4
2026-02-16 22:00:00,2026,2,16,22,Đồng Nai,Phường Tam Hiệp,10.9510733,106.858145,53,Moderate,1,27.3,63,0.0,15.9,121,1006.6,0,11.0,12.1,211.0,17.7,49.0,6.8
2026-02-16 23:00:00,2026,2,16,23,Đồng Nai,Phường Tam Hiệp,10.9510733,106.858145,52,Moderate,1,26.8,66,0.0,14.2,125,1007.0,59,10.4,11.4,200.0,15.9,47.0,6.0
2026-02-17 00:00:00,2026,2,17,0,Đồng Nai,Phường Tam Hiệp,10.9510733,106.858145,52,Moderate,1,26.4,67,0.0,10.7,113,1007.0,94,9.3,10.2,184.0,14.5,46.0,5.1
2026-02-17 01:00:00,2026,2,17,1,Đồng Nai,Phường Tam Hiệp,10.9510733,106.858145,52,Moderate,1,26.3,69,0.0,11.1,102,1006.7,95,9.1,10.1,171.0,13.6,45.0,4.5
2026-02-17 02:00:00,2026,2,17,2,Đồng Nai,Phường Tam Hiệp,10.9510733,106.858145,52,Moderate,1,26.3,65,0.0,10.5,103,1006.4,100,9.3,10.3,161.0,13.2,44.0,4.3
2026-02-17 03:00:00,2026,2,17,3,Đồng Nai,Phường Tam Hiệp,10.9510733,106.858145,52,Moderate,1,26.0,64,0.0,9.0,105,1006.1,97,9.5,10.7,154.0,13.4,42.0,4.3
2026-02-17 04:00:00,2026,2,17,4,Đồng Nai,Phường Tam Hiệp,10.9510733,106.858145,52,Moderate,1,25.6,66,0.0,7.2,102,1006.2,99,9.7,10.9,159.0,14.2,40.0,4.7
2026-02-17 05:00:00,2026,2,17,5,Đồng Nai,Phường Tam Hiệp,10.9510733,106.858145,52,Moderate,1,24.9,72,0.0,4.1,77,1006.5,76,10.2,11.4,191.0,16.4,35.0,5.6
2026-02-17 06:00:00,2026,2,17,6,Đồng Nai,Phường Tam Hiệp,10.9510733,106.858145,52,Moderate,1,24.5,77,0.0,2.7,42,1007.4,59,11.7,13.0,236.0,19.3,29.0,6.8
2026-02-17 07:00:00,2026,2,17,7,Đồng Nai,Phường Tam Hiệp,10.9510733,106.858145,52,Moderate,1,25.0,78,0.0,6.0,16,1008.5,9,16.8,18.4,261.0,20.5,33.0,8.4
2026-02-17 08:00:00,2026,2,17,8,Đồng Nai,Phường Tam Hiệp,10.9510733,106.858145,52,Moderate,1,27.0,64,0.0,5.8,34,1009.5,96,16.5,18.6,248.0,17.9,43.0,8.0
2026-02-17 09:00:00,2026,2,17,9,Đồng Nai,Phường Tam Hiệp,10.9510733,106.858145,52,Moderate,1,28.5,56,0.0,5.4,48,1010.2,100,15.5,18.4,215.0,14.3,58.0,7.3
2026-02-17 10:00:00,2026,2,17,10,Đồng Nai,Phường Tam Hiệp,10.9510733,106.858145,52,Moderate,1,30.2,52,0.0,7.7,62,1010.4,100,15.2,18.7,186.0,11.1,73.0,6.6
2026-02-17 11:00:00,2026,2,17,11,Đồng Nai,Phường Tam Hiệp,10.9510733,106.858145,51,Moderate,1,32.0,46,0.0,8.6,67,1009.8,99,15.0,18.4,169.0,8.6,91.0,5.7
2026-02-17 12:00:00,2026,2,17,12,Đồng Nai,Phường Tam Hiệp,10.9510733,106.858145,51,Moderate,1,33.7,38,0.0,8.8,67,1008.8,100,14.6,17.6,156.0,6.5,110.0,4.8
2026-02-17 13:00:00,2026,2,17,13,Đồng Nai,Phường Tam Hiệp,10.9510733,106.858145,51,Moderate,1,34.2,35,0.0,10.2,76,1007.9,100,13.9,16.8,149.0,5.2,122.0,4.1
2026-02-17 14:00:00,2026,2,17,14,Đồng Nai,Phường Tam Hiệp,10.9510733,106.858145,51,Moderate,1,34.6,33,0.0,12.5,83,1006.8,100,13.2,15.9,148.0,4.3,125.0,3.6
2026-02-17 15:00:00,2026,2,17,15,Đồng Nai,Phường Tam Hiệp,10.9510733,106.858145,51,Moderate,1,34.3,35,0.0,12.4,73,1006.1,100,12.6,15.0,152.0,4.2,122.0,3.3
2026-02-17 16:00:00,2026,2,17,16,Đồng Nai,Phường Tam Hiệp,10.9510733,106.858145,51,Moderate,1,33.8,37,0.0,10.4,70,1005.9,100,12.1,14.3,161.0,6.2,113.0,3.6
2026-02-17 17:00:00,2026,2,17,17,Đồng Nai,Phường Tam Hiệp,10.9510733,106.858145,51,Moderate,1,33.1,38,0.0,7.8,105,1006.0,100,12.5,14.1,176.0,12.5,96.0,5.2
2026-02-17 18:00:00,2026,2,17,18,Đồng Nai,Phường Tam Hiệp,10.9510733,106.858145,51,Moderate,1,30.5,52,0.0,10.9,140,1006.5,100,16.2,17.7,196.0,20.9,73.0,7.4
2026-02-17 19:00:00,2026,2,17,19,Đồng Nai,Phường Tam Hiệp,10.9510733,106.858145,51,Moderate,1,29.5,57,0.0,12.7,121,1007.2,100,16.3,17.4,211.0,27.0,53.0,8.7
2026-02-17 20:00:00,2026,2,17,20,Đồng Nai,Phường Tam Hiệp,10.9510733,106.858145,52,Moderate,1,28.6,56,0.0,13.1,123,1007.9,98,15.8,16.9,220.0,25.5,51.0,8.6
2026-02-17 21:00:00,2026,2,17,21,Đồng Nai,Phường Tam Hiệp,10.9510733,106.858145,52,Moderate,1,27.6,58,0.0,14.6,122,1008.7,38,14.8,15.9,224.0,23.3,48.0,8.5
2026-02-17 22:00:00,2026,2,17,22,Đồng Nai,Phường Tam Hiệp,10.9510733,106.858145,52,Moderate,1,26.7,63,0.0,12.1,125,1009.0,95,13.9,14.8,225.0,21.6,45.0,8.3
2026-02-17 23:00:00,2026,2,17,23,Đồng Nai,Phường Tam Hiệp,10.9510733,106.858145,52,Moderate,1,26.1,65,0.0,8.2,112,1009.4,96,12.9,13.6,220.0,20.4,42.0,7.8
2026-02-18 00:00:00,2026,2,18,0,Đồng Nai,Phường Tam Hiệp,10.9510733,106.858145,53,Moderate,1,25.6,67,0.0,7.6,89,1009.5,84,12.2,12.9,212.0,19.7,40.0,7.1
2026-02-18 01:00:00,2026,2,18,1,Đồng Nai,Phường Tam Hiệp,10.9510733,106.858145,53,Moderate,1,25.5,67,0.0,9.0,90,1009.2,9,12.7,13.5,206.0,19.6,36.0,6.6
2026-02-18 02:00:00,2026,2,18,2,Đồng Nai,Phường Tam Hiệp,10.9510733,106.858145,53,Moderate,1,25.1,67,0.0,7.6,76,1009.0,0,13.8,14.6,203.0,20.5,30.0,6.4
2026-02-18 03:00:00,2026,2,18,3,Đồng Nai,Phường Tam Hiệp,10.9510733,106.858145,54,Moderate,1,24.3,71,0.0,5.1,42,1008.6,62,14.6,15.3,204.0,22.2,24.0,6.3
2026-02-18 04:00:00,2026,2,18,4,Đồng Nai,Phường Tam Hiệp,10.9510733,106.858145,54,Moderate,1,23.7,78,0.0,7.9,16,1008.5,74,15.8,16.5,214.0,24.0,20.0,6.7
2026-02-18 05:00:00,2026,2,18,5,Đồng Nai,Phường Tam Hiệp,10.9510733,106.858145,55,Moderate,1,23.3,84,0.0,7.3,30,1008.6,6,17.9,18.7,246.0,26.5,17.0,8.0
2026-02-18 06:00:00,2026,2,18,6,Đồng Nai,Phường Tam Hiệp,10.9510733,106.858145,55,Moderate,1,22.9,88,0.0,7.0,23,1009.3,0,21.1,22.1,288.0,29.2,17.0,9.8
2026-02-18 07:00:00,2026,2,18,7,Đồng Nai,Phường Tam Hiệp,10.9510733,106.858145,56,Moderate,1,23.5,87,0.0,6.8,61,1010.2,0,35.3,37.6,310.0,27.7,21.0,10.1
2026-02-18 08:00:00,2026,2,18,8,Đồng Nai,Phường Tam Hiệp,10.9510733,106.858145,58,Moderate,1,25.9,72,0.0,5.8,86,1010.7,98,32.5,34.7,294.0,24.2,40.0,9.7
2026-02-18 09:00:00,2026,2,18,9,Đồng Nai,Phường Tam Hiệp,10.9510733,106.858145,59,Moderate,1,28.2,61,0.0,6.2,105,1011.1,98,27.9,31.4,258.0,19.3,66.0,9.0
2026-02-18 10:00:00,2026,2,18,10,Đồng Nai,Phường Tam Hiệp,10.9510733,106.858145,60,Moderate,1,30.8,49,0.0,4.5,92,1011.2,100,24.6,28.3,224.0,15.0,88.0,8.1
2026-02-18 11:00:00,2026,2,18,11,Đồng Nai,Phường Tam Hiệp,10.9510733,106.858145,61,Moderate,1,32.7,41,0.0,7.8,68,1010.6,100,21.1,24.7,199.0,11.7,101.0,6.6
2026-02-18 12:00:00,2026,2,18,12,Đồng Nai,Phường Tam Hiệp,10.9510733,106.858145,62,Moderate,1,34.0,35,0.0,8.9,62,1009.1,100,18.3,21.5,176.0,9.0,110.0,4.9
2026-02-18 13:00:00,2026,2,18,13,Đồng Nai,Phường Tam Hiệp,10.9510733,106.858145,62,Moderate,1,34.5,35,0.0,11.2,85,1008.8,100,16.1,19.0,161.0,7.2,115.0,3.6
2026-02-18 14:00:00,2026,2,18,14,Đồng Nai,Phường Tam Hiệp,10.9510733,106.858145,62,Moderate,1,34.6,36,0.0,11.2,93,1007.7,98,14.5,17.2,155.0,5.6,118.0,2.9
2026-02-18 15:00:00,2026,2,18,15,Đồng Nai,Phường Tam Hiệp,10.9510733,106.858145,62,Moderate,1,34.5,36,0.1,8.5,88,1007.1,100,13.6,16.1,156.0,4.8,118.0,2.7
2026-02-18 16:00:00,2026,2,18,16,Đồng Nai,Phường Tam Hiệp,10.9510733,106.858145,62,Moderate,1,34.2,37,0.0,9.6,102,1006.7,55,13.5,15.8,169.0,7.3,112.0,3.5
2026-02-18 17:00:00,2026,2,18,17,Đồng Nai,Phường Tam Hiệp,10.9510733,106.858145,62,Moderate,1,32.9,41,0.0,10.5,112,1006.7,45,14.4,16.5,201.0,16.2,95.0,6.1
2026-02-18 18:00:00,2026,2,18,18,Đồng Nai,Phường Tam Hiệp,10.9510733,106.858145,63,Moderate,1,31.1,53,0.0,9.8,139,1007.0,92,22.4,24.2,244.0,28.4,73.0,9.8
2026-02-18 19:00:00,2026,2,18,19,Đồng Nai,Phường Tam Hiệp,10.9510733,106.858145,63,Moderate,1,30.1,62,0.0,9.6,186,1007.8,46,22.8,24.6,277.0,32.0,53.0,10.5
2026-02-18 20:00:00,2026,2,18,20,Đồng Nai,Phường Tam Hiệp,10.9510733,106.858145,64,Moderate,1,29.0,67,0.1,11.1,141,1008.7,75,19.2,20.7,288.0,28.7,53.0,10.0
2026-02-18 21:00:00,2026,2,18,21,Đồng Nai,Phường Tam Hiệp,10.9510733,106.858145,64,Moderate,1,28.2,68,0.0,11.5,124,1009.2,91,16.9,17.9,290.0,24.2,52.0,9.3
2026-02-18 22:00:00,2026,2,18,22,Đồng Nai,Phường Tam Hiệp,10.9510733,106.858145,64,Moderate,1,27.5,66,0.0,10.2,103,1009.6,99,16.5,17.3,294.0,20.9,50.0,8.5
2026-02-18 23:00:00,2026,2,18,23,Đồng Nai,Phường Tam Hiệp,10.9510733,106.858145,64,Moderate,1,26.8,68,0.0,7.4,49,1010.3,99,16.9,17.6,310.0,20.1,46.0,7.7
2026-02-19 00:00:00,2026,2,19,0,Đồng Nai,Phường Tam Hiệp,10.9510733,106.858145,65,Moderate,1,26.4,71,0.0,8.1,89,1010.3,99,16.7,17.4,330.0,20.5,40.0,7.0
2026-02-19 01:00:00,2026,2,19,1,Đồng Nai,Phường Tam Hiệp,10.9510733,106.858145,65,Moderate,1,26.3,72,0.0,6.5,90,1010.0,99,16.1,16.8,340.0,21.1,35.0,6.3
2026-02-19 02:00:00,2026,2,19,2,Đồng Nai,Phường Tam Hiệp,10.9510733,106.858145,65,Moderate,1,25.8,73,0.0,6.1,93,1009.5,73,15.7,16.2,327.0,21.3,30.0,5.6
2026-02-19 03:00:00,2026,2,19,3,Đồng Nai,Phường Tam Hiệp,10.9510733,106.858145,66,Moderate,1,25.2,74,0.0,5.2,96,1009.2,75,16.0,16.5,305.0,21.8,26.0,5.0
2026-02-19 04:00:00,2026,2,19,4,Đồng Nai,Phường Tam Hiệp,10.9510733,106.858145,66,Moderate,1,24.8,75,0.0,4.2,108,1009.2,57,16.8,17.3,302.0,23.1,23.0,5.1
2026-02-19 05:00:00,2026,2,19,5,Đồng Nai,Phường Tam Hiệp,10.9510733,106.858145,66,Moderate,1,24.2,79,0.0,2.3,94,1009.8,52,17.9,18.7,344.0,26.8,19.0,6.6
2026-02-19 06:00:00,2026,2,19,6,Đồng Nai,Phường Tam Hiệp,10.9510733,106.858145,66,Moderate,1,23.9,83,0.0,1.5,21,1010.3,55,21.0,22.2,405.0,31.4,17.0,8.9
2026-02-19 07:00:00,2026,2,19,7,Đồng Nai,Phường Tam Hiệp,10.9510733,106.858145,66,Moderate,1,24.8,80,0.0,1.2,117,1011.3,9,23.6,24.9,436.0,27.0,29.0,8.4
2026-02-19 08:00:00,2026,2,19,8,Đồng Nai,Phường Tam Hiệp,10.9510733,106.858145,65,Moderate,1,26.5,71,0.0,1.3,164,1012.0,9,19.2,20.8,410.0,23.4,44.0,8.0
2026-02-19 09:00:00,2026,2,19,9,Đồng Nai,Phường Tam Hiệp,10.9510733,106.858145,64,Moderate,1,28.3,62,0.0,0.8,207,1012.6,92,18.0,20.4,354.0,18.5,66.0,7.4
2026-02-19 10:00:00,2026,2,19,10,Đồng Nai,Phường Tam Hiệp,10.9510733,106.858145,63,Moderate,1,30.1,55,0.0,1.7,148,1012.4,52,15.9,18.6,301.0,14.2,86.0,6.7
2026-02-19 11:00:00,2026,2,19,11,Đồng Nai,Phường Tam Hiệp,10.9510733,106.858145,62,Moderate,1,31.9,47,0.0,3.5,111,1011.9,100,14.1,16.5,260.0,11.3,101.0,5.7
2026-02-19 12:00:00,2026,2,19,12,Đồng Nai,Phường Tam Hiệp,10.9510733,106.858145,61,Moderate,1,33.2,42,0.0,3.6,87,1011.1,98,12.8,15.0,221.0,9.1,115.0,4.7
2026-02-19 13:00:00,2026,2,19,13,Đồng Nai,Phường Tam Hiệp,10.9510733,106.858145,61,Moderate,1,33.0,43,0.0,3.1,69,1010.6,100,11.7,13.6,195.0,7.7,124.0,3.9
2026-02-19 14:00:00,2026,2,19,14,Đồng Nai,Phường Tam Hiệp,10.9510733,106.858145,60,Moderate,1,34.0,41,0.0,3.4,43,1009.3,100,11.0,12.6,179.0,6.5,129.0,3.4
2026-02-19 15:00:00,2026,2,19,15,Đồng Nai,Phường Tam Hiệp,10.9510733,106.858145,60,Moderate,1,34.2,38,0.0,5.1,42,1008.9,99,10.6,12.0,175.0,6.1,130.0,3.2
2026-02-19 16:00:00,2026,2,19,16,Đồng Nai,Phường Tam Hiệp,10.9510733,106.858145,60,Moderate,1,34.0,37,0.0,5.8,54,1008.4,100,10.6,12.0,196.0,8.4,125.0,3.8
2026-02-19 17:00:00,2026,2,19,17,Đồng Nai,Phường Tam Hiệp,10.9510733,106.858145,60,Moderate,1,33.0,38,0.0,5.1,54,1008.4,98,12.3,13.9,270.0,16.2,109.0,6.0
2026-02-19 18:00:00,2026,2,19,18,Đồng Nai,Phường Tam Hiệp,10.9510733,106.858145,62,Moderate,1,32.0,50,0.0,2.8,15,1008.8,100,21.0,22.9,369.0,26.7,86.0,9.1
2026-02-19 19:00:00,2026,2,19,19,Đồng Nai,Phường Tam Hiệp,10.9510733,106.858145,62,Moderate,1,31.0,48,0.0,3.6,150,1009.2,78,22.6,24.4,428.0,31.9,67.0,10.6
2026-02-19 20:00:00,2026,2,19,20,Đồng Nai,Phường Tam Hiệp,10.9510733,106.858145,59,Moderate,1,29.1,60,0.0,12.5,143,1010.4,91,18.0,19.6,405.0,28.9,66.0,10.1
2026-02-19 21:00:00,2026,2,19,21,Đồng Nai,Phường Tam Hiệp,10.9510733,106.858145,59,Moderate,1,28.4,60,0.0,11.4,127,1010.9,97,15.9,17.3,341.0,24.9,64.0,9.5
2026-02-19 22:00:00,2026,2,19,22,Đồng Nai,Phường Tam Hiệp,10.9510733,106.858145,59,Moderate,1,27.8,62,0.0,7.4,96,1011.5,95,15.8,17.1,295.0,22.5,60.0,8.9
2026-02-19 23:00:00,2026,2,19,23,Đồng Nai,Phường Tam Hiệp,10.9510733,106.858145,59,Moderate,1,27.2,64,0.0,8.3,79,1011.4,63,17.7,18.9,294.0,23.2,52.0,8.5
2026-02-20 00:00:00,2026,2,20,0,Đồng Nai,Phường Tam Hiệp,10.9510733,106.858145,59,Moderate,1,26.5,68,0.0,5.4,70,1011.4,72,19.0,20.2,312.0,25.6,43.0,8.2
2026-02-20 01:00:00,2026,2,20,1,Đồng Nai,Phường Tam Hiệp,10.9510733,106.858145,59,Moderate,1,26.2,75,0.0,6.0,44,1010.9,93,20.5,21.8,328.0,27.7,35.0,8.0
2026-02-20 02:00:00,2026,2,20,2,Đồng Nai,Phường Tam Hiệp,10.9510733,106.858145,60,Moderate,1,25.5,79,0.0,4.5,37,1010.6,80,22.1,23.5,337.0,28.8,30.0,7.6
2026-02-20 03:00:00,2026,2,20,3,Đồng Nai,Phường Tam Hiệp,10.9510733,106.858145,60,Moderate,1,25.0,82,0.0,4.1,75,1010.3,54,23.6,25.0,345.0,29.7,26.0,7.3
2026-02-20 04:00:00,2026,2,20,4,Đồng Nai,Phường Tam Hiệp,10.9510733,106.858145,61,Moderate,1,24.7,84,0.0,4.0,3,1010.2,66,23.1,24.6,350.0,31.1,24.0,8.0
2026-02-20 05:00:00,2026,2,20,5,Đồng Nai,Phường Tam Hiệp,10.9510733,106.858145,62,Moderate,1,24.4,82,0.0,6.3,347,1010.6,98,24.3,25.8,353.0,34.0,20.0,10.7
2026-02-20 06:00:00,2026,2,20,6,Đồng Nai,Phường Tam Hiệp,10.9510733,106.858145,62,Moderate,1,24.0,77,0.0,7.0,350,1011.2,100,27.9,29.5,354.0,37.5,17.0,14.6
2026-02-20 07:00:00,2026,2,20,7,Đồng Nai,Phường Tam Hiệp,10.9510733,106.858145,63,Moderate,1,24.4,73,0.0,6.8,357,1011.7,98,41.4,44.1,349.0,37.3,24.0,13.5
2026-02-20 08:00:00,2026,2,20,8,Đồng Nai,Phường Tam Hiệp,10.9510733,106.858145,64,Moderate,1,26.2,63,0.0,4.0,36,1012.4,99,34.7,37.6,333.0,35.6,46.0,14.8
2026-02-20 09:00:00,2026,2,20,9,Đồng Nai,Phường Tam Hiệp,10.9510733,106.858145,66,Moderate,1,28.1,59,0.0,2.2,99,1013.1,71,32.5,35.9,312.0,33.1,78.0,16.4
2026-02-20 10:00:00,2026,2,20,10,Đồng Nai,Phường Tam Hiệp,10.9510733,106.858145,67,Moderate,1,30.0,55,0.0,2.0,180,1012.9,100,31.0,34.7,297.0,29.6,106.0,16.9
2026-02-20 11:00:00,2026,2,20,11,Đồng Nai,Phường Tam Hiệp,10.9510733,106.858145,68,Moderate,1,31.8,50,0.0,1.3,196,1012.3,100,29.0,32.5,292.0,24.3,128.0,15.1
2026-02-20 12:00:00,2026,2,20,12,Đồng Nai,Phường Tam Hiệp,10.9510733,106.858145,70,Moderate,1,33.2,44,0.0,0.4,333,1011.0,94,27.1,30.2,292.0,18.0,146.0,12.0
2026-02-20 13:00:00,2026,2,20,13,Đồng Nai,Phường Tam Hiệp,10.9510733,106.858145,71,Moderate,1,32.8,43,0.0,2.0,153,1010.2,10,24.7,27.8,298.0,13.3,160.0,9.6
2026-02-20 14:00:00,2026,2,20,14,Đồng Nai,Phường Tam Hiệp,10.9510733,106.858145,72,Moderate,1,34.1,41,0.0,2.4,132,1009.2,16,23.7,26.7,313.0,10.9,169.0,8.4
2026-02-20 15:00:00,2026,2,20,15,Đồng Nai,Phường Tam Hiệp,10.9510733,106.858145,73,Moderate,1,33.8,41,0.0,3.0,115,1008.3,17,23.1,26.0,333.0,10.0,174.0,7.9
2026-02-20 16:00:00,2026,2,20,16,Đồng Nai,Phường Tam Hiệp,10.9510733,106.858145,81,Moderate,1,33.5,41,0.0,2.6,106,1007.6,13,23.0,26.3,347.0,11.6,168.0,7.9
2026-02-20 17:00:00,2026,2,20,17,Đồng Nai,Phường Tam Hiệp,10.9510733,106.858145,107,Unhealthy for Sensitive Groups,2,33.0,42,0.0,2.9,86,1007.5,13,23.2,26.8,352.0,17.6,145.0,8.9
2026-02-20 18:00:00,2026,2,20,18,Đồng Nai,Phường Tam Hiệp,10.9510733,106.858145,121,Unhealthy for Sensitive Groups,2,31.8,46,0.0,7.0,176,1008.0,16,25.6,28.0,351.0,25.9,111.0,10.4
2026-02-20 19:00:00,2026,2,20,19,Đồng Nai,Phường Tam Hiệp,10.9510733,106.858145,122,Unhealthy for Sensitive Groups,2,29.0,65,0.0,14.1,178,1008.5,2,19.8,21.6,344.0,26.0,89.0,9.6
2026-02-20 20:00:00,2026,2,20,20,Đồng Nai,Phường Tam Hiệp,10.9510733,106.858145,114,Unhealthy for Sensitive Groups,2,27.8,70,0.0,13.7,159,1009.1,1,17.9,19.4,327.0,25.2,83.0,9.4
2026-02-20 21:00:00,2026,2,20,21,Đồng Nai,Phường Tam Hiệp,10.9510733,106.858145,100,Moderate,1,27.0,73,0.0,14.6,151,1009.4,59,16.8,18.3,304.0,24.0,75.0,9.0
2026-02-20 22:00:00,2026,2,20,22,Đồng Nai,Phường Tam Hiệp,10.9510733,106.858145,82,Moderate,1,26.5,72,0.0,10.4,132,1009.7,5,16.0,17.4,288.0,23.1,68.0,8.6
2026-02-20 23:00:00,2026,2,20,23,Đồng Nai,Phường Tam Hiệp,10.9510733,106.858145,77,Moderate,1,25.9,73,0.0,6.8,102,1009.3,37,15.4,16.6,287.0,22.4,63.0,7.9
2026-02-21 00:00:00,2026,2,21,0,Đồng Nai,Phường Tam Hiệp,10.9510733,106.858145,76,Moderate,1,25.6,73,0.0,4.4,83,1009.1,41,14.5,15.5,295.0,22.0,58.0,7.1
2026-02-21 01:00:00,2026,2,21,1,Đồng Nai,Phường Tam Hiệp,10.9510733,106.858145,76,Moderate,1,25.3,80,0.0,1.5,97,1008.4,48,15.0,15.9,301.0,22.3,53.0,6.8
2026-02-21 02:00:00,2026,2,21,2,Đồng Nai,Phường Tam Hiệp,10.9510733,106.858145,75,Moderate,1,25.2,80,0.0,1.0,59,1008.3,5,16.8,17.8,302.0,23.7,47.0,7.1
2026-02-21 03:00:00,2026,2,21,3,Đồng Nai,Phường Tam Hiệp,10.9510733,106.858145,75,Moderate,1,25.0,81,0.0,0.6,326,1008.0,0,19.5,20.5,302.0,25.8,41.0,7.8
2026-02-21 04:00:00,2026,2,21,4,Đồng Nai,Phường Tam Hiệp,10.9510733,106.858145,75,Moderate,1,24.7,82,0.0,2.1,301,1007.9,0,22.9,24.3,307.0,28.4,35.0,8.9
2026-02-21 05:00:00,2026,2,21,5,Đồng Nai,Phường Tam Hiệp,10.9510733,106.858145,75,Moderate,1,24.3,86,0.0,1.7,319,1008.5,15,26.3,28.0,319.0,32.4,26.0,10.5
2026-02-21 06:00:00,2026,2,21,6,Đồng Nai,Phường Tam Hiệp,10.9510733,106.858145,75,Moderate,1,24.0,88,0.0,4.8,329,1008.8,2,29.9,31.8,335.0,36.8,18.0,12.5
2026-02-21 07:00:00,2026,2,21,7,Đồng Nai,Phường Tam Hiệp,10.9510733,106.858145,75,Moderate,1,24.4,89,0.0,6.0,327,1009.7,0,47.7,51.1,356.0,41.0,21.0,15.5
2026-02-21 08:00:00,2026,2,21,8,Đồng Nai,Phường Tam Hiệp,10.9510733,106.858145,76,Moderate,1,25.9,81,0.0,5.9,325,1010.2,2,42.0,46.0,392.0,38.3,44.0,18.1
2026-02-21 09:00:00,2026,2,21,9,Đồng Nai,Phường Tam Hiệp,10.9510733,106.858145,76,Moderate,1,28.1,69,0.0,6.1,330,1010.6,34,39.5,43.7,432.0,34.4,77.0,21.6
2026-02-21 10:00:00,2026,2,21,10,Đồng Nai,Phường Tam Hiệp,10.9510733,106.858145,77,Moderate,1,29.5,62,0.1,5.1,318,1010.5,19,38.9,42.1,449.0,29.8,111.0,23.4
2026-02-21 11:00:00,2026,2,21,11,Đồng Nai,Phường Tam Hiệp,10.9510733,106.858145,78,Moderate,1,31.0,55,0.0,5.2,314,1009.5,10,37.6,39.6,422.0,23.9,148.0,22.2
2026-02-21 12:00:00,2026,2,21,12,Đồng Nai,Phường Tam Hiệp,10.9510733,106.858145,78,Moderate,1,32.2,49,0.0,5.1,328,1008.0,13,39.8,41.7,372.0,17.4,186.0,19.4
2026-02-21 13:00:00,2026,2,21,13,Đồng Nai,Phường Tam Hiệp,10.9510733,106.858145,79,Moderate,1,32.4,48,0.0,7.2,332,1006.7,17,42.7,44.7,330.0,12.6,213.0,16.7
2026-02-21 14:00:00,2026,2,21,14,Đồng Nai,Phường Tam Hiệp,10.9510733,106.858145,81,Moderate,1,33.2,44,0.0,6.2,330,1005.8,20,42.5,44.4,305.0,10.4,227.0,14.8
2026-02-21 15:00:00,2026,2,21,15,Đồng Nai,Phường Tam Hiệp,10.9510733,106.858145,85,Moderate,1,33.3,43,0.0,5.3,336,1004.8,13,41.7,43.4,288.0,9.9,231.0,13.0
2026-02-21 16:00:00,2026,2,21,16,Đồng Nai,Phường Tam Hiệp,10.9510733,106.858145,130,Unhealthy for Sensitive Groups,2,33.2,42,0.0,2.7,356,1004.4,33,39.2,41.1,282.0,11.2,220.0,11.6
2026-02-21 17:00:00,2026,2,21,17,Đồng Nai,Phường Tam Hiệp,10.9510733,106.858145,163,Unhealthy,3,32.8,42,0.0,2.3,135,1004.6,40,31.8,33.4,294.0,15.6,183.0,10.8
2026-02-21 18:00:00,2026,2,21,18,Đồng Nai,Phường Tam Hiệp,10.9510733,106.858145,180,Unhealthy,3,29.8,59,0.0,15.2,157,1005.2,41,29.6,32.4,317.0,21.9,132.0,10.3
2026-02-21 19:00:00,2026,2,21,19,Đồng Nai,Phường Tam Hiệp,10.9510733,106.858145,183,Unhealthy,3,27.9,63,0.0,15.4,162,1005.9,100,17.6,19.0,329.0,23.9,101.0,9.8
2026-02-21 20:00:00,2026,2,21,20,Đồng Nai,Phường Tam Hiệp,10.9510733,106.858145,176,Unhealthy,3,27.0,64,0.0,14.9,146,1006.6,99,14.7,16.1,317.0,23.4,93.0,9.2
2026-02-21 21:00:00,2026,2,21,21,Đồng Nai,Phường Tam Hiệp,10.9510733,106.858145,161,Unhealthy,3,25.9,70,0.0,13.1,139,1007.2,100,12.6,14.1,295.0,22.7,82.0,8.3
2026-02-21 22:00:00,2026,2,21,22,Đồng Nai,Phường Tam Hiệp,10.9510733,106.858145,136,Unhealthy for Sensitive Groups,2,25.4,73,0.0,12.5,131,1007.7,100,12.3,13.8,275.0,21.9,73.0,7.5
2026-02-21 23:00:00,2026,2,21,23,Đồng Nai,Phường Tam Hiệp,10.9510733,106.858145,104,Unhealthy for Sensitive Groups,2,24.9,76,0.0,10.3,140,1007.5,100,11.9,13.3,262.0,20.6,70.0,6.8
2026-02-22 00:00:00,2026,2,22,0,Đồng Nai,Phường Tam Hiệp,10.9510733,106.858145,85,Moderate,1,24.5,77,0.0,8.5,145,1007.4,100,11.1,12.4,252.0,19.2,68.0,6.1
2026-02-22 01:00:00,2026,2,22,1,Đồng Nai,Phường Tam Hiệp,10.9510733,106.858145,85,Moderate,1,24.6,77,0.0,8.3,146,1006.5,100,10.9,12.2,248.0,18.7,66.0,5.8
2026-02-22 02:00:00,2026,2,22,2,Đồng Nai,Phường Tam Hiệp,10.9510733,106.858145,85,Moderate,1,24.3,77,0.0,8.1,151,1006.2,100,11.4,12.7,247.0,19.6,61.0,6.0
2026-02-22 03:00:00,2026,2,22,3,Đồng Nai,Phường Tam Hiệp,10.9510733,106.858145,84,Moderate,1,24.0,79,0.0,6.1,156,1005.9,88,13.0,14.4,252.0,21.5,54.0,6.6
2026-02-22 04:00:00,2026,2,22,4,Đồng Nai,Phường Tam Hiệp,10.9510733,106.858145,84,Moderate,1,23.9,80,0.0,4.1,165,1005.8,100,15.1,16.5,273.0,24.1,48.0,7.6
2026-02-22 05:00:00,2026,2,22,5,Đồng Nai,Phường Tam Hiệp,10.9510733,106.858145,83,Moderate,1,23.6,82,0.0,3.1,180,1006.3,98,17.3,18.8,330.0,28.6,41.0,9.3
2026-02-22 06:00:00,2026,2,22,6,Đồng Nai,Phường Tam Hiệp,10.9510733,106.858145,82,Moderate,1,23.5,84,0.0,0.6,162,1007.0,6,20.5,22.3,403.0,33.8,34.0,11.4
2026-02-22 07:00:00,2026,2,22,7,Đồng Nai,Phường Tam Hiệp,10.9510733,106.858145,81,Moderate,1,24.0,85,0.0,2.6,295,1007.9,96,30.7,33.8,439.0,36.1,33.0,13.4
2026-02-22 08:00:00,2026,2,22,8,Đồng Nai,Phường Tam Hiệp,10.9510733,106.858145,80,Moderate,1,25.8,73,0.0,1.2,141,1008.5,57,25.1,28.4,401.0,32.2,43.0,13.1
2026-02-22 09:00:00,2026,2,22,9,Đồng Nai,Phường Tam Hiệp,10.9510733,106.858145,78,Moderate,1,27.5,64,0.0,3.5,118,1008.9,100,23.7,27.6,326.0,26.7,58.0,12.7
2026-02-22 10:00:00,2026,2,22,10,Đồng Nai,Phường Tam Hiệp,10.9510733,106.858145,77,Moderate,1,29.2,56,0.0,5.0,134,1009.0,99,23.6,28.6,271.0,21.7,75.0,11.9
2026-02-22 11:00:00,2026,2,22,11,Đồng Nai,Phường Tam Hiệp,10.9510733,106.858145,76,Moderate,1,31.0,50,0.0,3.5,145,1008.1,33,23.1,28.2,261.0,17.5,98.0,10.6
2026-02-22 12:00:00,2026,2,22,12,Đồng Nai,Phường Tam Hiệp,10.9510733,106.858145,74,Moderate,1,32.0,47,0.0,3.3,158,1006.8,3,22.7,26.9,270.0,13.7,124.0,8.9
2026-02-22 13:00:00,2026,2,22,13,Đồng Nai,Phường Tam Hiệp,10.9510733,106.858145,73,Moderate,1,31.9,47,0.0,3.5,69,1005.7,23,24.6,27.9,280.0,11.3,142.0,7.7
2026-02-22 14:00:00,2026,2,22,14,Đồng Nai,Phường Tam Hiệp,10.9510733,106.858145,71,Moderate,1,33.0,43,0.0,3.4,96,1004.5,20,26.3,28.6,286.0,10.7,149.0,7.2
2026-02-22 15:00:00,2026,2,22,15,Đồng Nai,Phường Tam Hiệp,10.9510733,106.858145,70,Moderate,1,33.1,42,0.0,5.4,159,1004.0,10,26.3,29.2,292.0,11.5,149.0,7.2
2026-02-22 16:00:00,2026,2,22,16,Đồng Nai,Phường Tam Hiệp,10.9510733,106.858145,68,Moderate,1,32.8,42,0.0,6.7,166,1003.4,11,24.0,27.7,292.0,13.4,141.0,7.4
2026-02-22 17:00:00,2026,2,22,17,Đồng Nai,Phường Tam Hiệp,10.9510733,106.858145,67,Moderate,1,31.9,46,0.0,10.9,174,1003.5,38,20.3,23.1,280.0,17.3,122.0,7.9
2026-02-22 18:00:00,2026,2,22,18,Đồng Nai,Phường Tam Hiệp,10.9510733,106.858145,79,Moderate,1,27.3,72,0.0,19.5,168,1004.2,6,20.9,23.5,262.0,22.2,95.0,8.7
2026-02-22 19:00:00,2026,2,22,19,Đồng Nai,Phường Tam Hiệp,10.9510733,106.858145,84,Moderate,1,27.1,73,0.0,16.8,159,1005.1,9,21.4,24.3,251.0,26.9,77.0,10.0
2026-02-22 20:00:00,2026,2,22,20,Đồng Nai,Phường Tam Hiệp,10.9510733,106.858145,79,Moderate,1,26.6,76,0.0,14.5,143,1006.1,58,16.5,19.0,255.0,25.8,72.0,9.4
2026-02-22 21:00:00,2026,2,22,21,Đồng Nai,Phường Tam Hiệp,10.9510733,106.858145,68,Moderate,1,25.9,79,0.0,12.5,136,1006.7,2,13.9,16.5,266.0,24.3,65.0,8.6
2026-02-22 22:00:00,2026,2,22,22,Đồng Nai,Phường Tam Hiệp,10.9510733,106.858145,66,Moderate,1,25.4,81,0.0,11.1,136,1006.8,1,13.4,15.8,271.0,23.1,59.0,7.9
2026-02-22 23:00:00,2026,2,22,23,Đồng Nai,Phường Tam Hiệp,10.9510733,106.858145,66,Moderate,1,25.1,82,0.0,11.4,141,1007.1,73,13.1,15.3,265.0,22.4,56.0,7.3
2026-02-23 00:00:00,2026,2,23,0,Đồng Nai,Phường Tam Hiệp,10.9510733,106.858145,66,Moderate,1,24.8,84,0.0,9.4,142,1007.0,95,12.0,14.1,253.0,22.0,55.0,6.7
2026-02-23 01:00:00,2026,2,23,1,Đồng Nai,Phường Tam Hiệp,10.9510733,106.858145,66,Moderate,1,24.8,87,0.0,9.3,146,1006.4,98,11.4,13.5,243.0,21.7,54.0,6.3
2026-02-23 02:00:00,2026,2,23,2,Đồng Nai,Phường Tam Hiệp,10.9510733,106.858145,66,Moderate,1,24.6,86,0.0,10.7,149,1006.5,52,11.3,13.4,234.0,21.2,53.0,6.1
2026-02-23 03:00:00,2026,2,23,3,Đồng Nai,Phường Tam Hiệp,10.9510733,106.858145,66,Moderate,1,24.4,85,0.0,9.8,148,1006.1,58,11.5,13.6,226.0,20.7,52.0,6.1
2026-02-23 04:00:00,2026,2,23,4,Đồng Nai,Phường Tam Hiệp,10.9510733,106.858145,66,Moderate,1,24.4,83,0.0,10.2,141,1006.0,14,11.9,14.1,225.0,20.8,50.0,6.4
2026-02-23 05:00:00,2026,2,23,5,Đồng Nai,Phường Tam Hiệp,10.9510733,106.858145,66,Moderate,1,24.2,82,0.0,9.4,133,1006.1,98,12.6,14.8,238.0,22.3,46.0,7.1
2026-02-23 06:00:00,2026,2,23,6,Đồng Nai,Phường Tam Hiệp,10.9510733,106.858145,65,Moderate,1,24.0,83,0.0,8.3,132,1007.0,100,13.7,15.9,259.0,24.4,40.0,8.1
2026-02-23 07:00:00,2026,2,23,7,Đồng Nai,Phường Tam Hiệp,10.9510733,106.858145,65,Moderate,1,24.8,79,0.0,6.1,120,1007.6,92,19.8,23.2,275.0,22.3,45.0,7.6
2026-02-23 08:00:00,2026,2,23,8,Đồng Nai,Phường Tam Hiệp,10.9510733,106.858145,64,Moderate,1,26.5,69,0.0,6.1,122,1008.5,88,20.5,24.1,278.0,20.3,55.0,7.7
2026-02-23 09:00:00,2026,2,23,9,Đồng Nai,Phường Tam Hiệp,10.9510733,106.858145,63,Moderate,1,28.3,61,0.0,5.2,124,1009.2,50,22.1,26.2,276.0,17.4,69.0,7.8
2026-02-23 10:00:00,2026,2,23,10,Đồng Nai,Phường Tam Hiệp,10.9510733,106.858145,63,Moderate,1,30.2,55,0.0,5.2,117,1009.4,2,22.8,26.0,276.0,14.6,85.0,7.6
2026-02-23 11:00:00,2026,2,23,11,Đồng Nai,Phường Tam Hiệp,10.9510733,106.858145,63,Moderate,1,31.9,49,0.0,3.7,125,1008.4,15,23.6,25.7,280.0,11.7,106.0,6.8
2026-02-23 12:00:00,2026,2,23,12,Đồng Nai,Phường Tam Hiệp,10.9510733,106.858145,63,Moderate,1,33.3,45,0.0,0.9,101,1007.2,16,25.6,27.6,285.0,8.8,130.0,5.8
2026-02-23 13:00:00,2026,2,23,13,Đồng Nai,Phường Tam Hiệp,10.9510733,106.858145,63,Moderate,1,32.1,47,0.0,0.3,135,1006.5,16,26.5,28.5,291.0,7.0,147.0,5.0
2026-02-23 14:00:00,2026,2,23,14,Đồng Nai,Phường Tam Hiệp,10.9510733,106.858145,64,Moderate,1,33.0,46,0.1,3.1,130,1005.4,26,26.3,28.2,300.0,6.2,154.0,4.7
2026-02-23 15:00:00,2026,2,23,15,Đồng Nai,Phường Tam Hiệp,10.9510733,106.858145,64,Moderate,1,33.0,46,0.0,4.0,144,1004.8,47,24.7,26.4,310.0,6.5,153.0,4.6
2026-02-23 16:00:00,2026,2,23,16,Đồng Nai,Phường Tam Hiệp,10.9510733,106.858145,63,Moderate,1,32.9,45,0.0,6.3,149,1004.4,5,22.2,23.9,309.0,8.7,145.0,5.1
2026-02-23 17:00:00,2026,2,23,17,Đồng Nai,Phường Tam Hiệp,10.9510733,106.858145,77,Moderate,1,32.0,47,0.0,10.1,161,1004.3,19,21.1,23.9,286.0,14.5,125.0,6.6
2026-02-23 18:00:00,2026,2,23,18,Đồng Nai,Phường Tam Hiệp,10.9510733,106.858145,89,Moderate,1,29.4,53,0.0,17.8,167,1004.9,23,22.1,24.4,251.0,22.3,98.0,8.7
2026-02-23 19:00:00,2026,2,23,19,Đồng Nai,Phường Tam Hiệp,10.9510733,106.858145,92,Moderate,1,28.5,58,0.0,14.8,159,1006.1,61,21.0,23.7,228.0,26.8,76.0,9.5
2026-02-23 20:00:00,2026,2,23,20,Đồng Nai,Phường Tam Hiệp,10.9510733,106.858145,85,Moderate,1,27.3,62,0.0,14.7,155,1006.7,50,17.5,20.0,229.0,25.7,72.0,9.1
2026-02-23 21:00:00,2026,2,23,21,Đồng Nai,Phường Tam Hiệp,10.9510733,106.858145,73,Moderate,1,26.3,68,0.0,12.6,147,1007.2,98,15.8,18.3,240.0,24.2,67.0,8.6
2026-02-23 22:00:00,2026,2,23,22,Đồng Nai,Phường Tam Hiệp,10.9510733,106.858145,64,Moderate,1,25.8,73,0.0,11.7,137,1007.7,99,14.8,17.2,247.0,23.1,62.0,8.1
2026-02-23 23:00:00,2026,2,23,23,Đồng Nai,Phường Tam Hiệp,10.9510733,106.858145,64,Moderate,1,25.5,75,0.0,10.2,141,1007.7,100,14.0,16.2,241.0,22.6,58.0,7.6
2026-02-24 00:00:00,2026,2,24,0,Đồng Nai,Phường Tam Hiệp,10.9510733,106.858145,64,Moderate,1,25.1,75,0.0,8.5,142,1007.2,100,12.9,15.0,231.0,22.5,55.0,7.1
2026-02-24 01:00:00,2026,2,24,1,Đồng Nai,Phường Tam Hiệp,10.9510733,106.858145,64,Moderate,1,25.1,74,0.0,8.8,152,1006.3,88,12.6,14.6,223.0,22.4,52.0,6.7
2026-02-24 02:00:00,2026,2,24,2,Đồng Nai,Phường Tam Hiệp,10.9510733,106.858145,64,Moderate,1,25.0,73,0.0,8.6,151,1005.9,99,12.5,14.6,219.0,22.1,50.0,6.6
2026-02-24 03:00:00,2026,2,24,3,Đồng Nai,Phường Tam Hiệp,10.9510733,106.858145,64,Moderate,1,24.6,75,0.0,7.4,148,1006.0,93,12.5,14.6,217.0,21.7,49.0,6.6
2026-02-24 04:00:00,2026,2,24,4,Đồng Nai,Phường Tam Hiệp,10.9510733,106.858145,64,Moderate,1,24.5,75,0.0,8.2,148,1006.4,100,12.4,14.4,221.0,21.7,48.0,6.8
2026-02-24 05:00:00,2026,2,24,5,Đồng Nai,Phường Tam Hiệp,10.9510733,106.858145,64,Moderate,1,24.2,75,0.0,7.7,144,1006.9,100,12.7,14.7,237.0,22.7,45.0,7.5
2026-02-24 06:00:00,2026,2,24,6,Đồng Nai,Phường Tam Hiệp,10.9510733,106.858145,64,Moderate,1,24.0,76,0.0,5.7,145,1007.8,100,13.4,15.5,259.0,23.9,42.0,8.3
2026-02-24 07:00:00,2026,2,24,7,Đồng Nai,Phường Tam Hiệp,10.9510733,106.858145,64,Moderate,1,24.6,76,0.0,6.5,138,1008.3,100,16.6,18.9,272.0,24.2,42.0,8.9
2026-02-24 08:00:00,2026,2,24,8,Đồng Nai,Phường Tam Hiệp,10.9510733,106.858145,64,Moderate,1,26.1,65,0.0,8.5,125,1009.1,99,15.8,18.6,264.0,20.9,53.0,8.3
2026-02-24 09:00:00,2026,2,24,9,Đồng Nai,Phường Tam Hiệp,10.9510733,106.858145,64,Moderate,1,28.1,58,0.0,7.9,120,1009.6,100,15.4,18.6,246.0,16.3,68.0,7.4
2026-02-24 10:00:00,2026,2,24,10,Đồng Nai,Phường Tam Hiệp,10.9510733,106.858145,63,Moderate,1,30.1,51,0.0,7.7,114,1009.9,100,15.4,19.2,236.0,12.3,84.0,6.5
2026-02-24 11:00:00,2026,2,24,11,Đồng Nai,Phường Tam Hiệp,10.9510733,106.858145,62,Moderate,1,31.7,47,0.0,6.5,96,1009.3,98,14.8,18.2,244.0,9.6,102.0,5.7
2026-02-24 12:00:00,2026,2,24,12,Đồng Nai,Phường Tam Hiệp,10.9510733,106.858145,62,Moderate,1,33.0,44,0.0,5.9,78,1008.1,98,14.4,17.2,261.0,7.6,120.0,5.0
2026-02-24 13:00:00,2026,2,24,13,Đồng Nai,Phường Tam Hiệp,10.9510733,106.858145,61,Moderate,1,32.7,44,0.0,5.1,42,1007.1,45,14.8,17.5,272.0,6.5,132.0,4.5
2026-02-24 14:00:00,2026,2,24,14,Đồng Nai,Phường Tam Hiệp,10.9510733,106.858145,60,Moderate,1,33.5,42,0.0,5.1,23,1005.9,56,15.4,18.2,274.0,6.3,135.0,4.2
2026-02-24 15:00:00,2026,2,24,15,Đồng Nai,Phường Tam Hiệp,10.9510733,106.858145,59,Moderate,1,33.5,43,0.0,7.5,15,1005.2,100,15.4,18.2,271.0,7.1,132.0,4.0
2026-02-24 16:00:00,2026,2,24,16,Đồng Nai,Phường Tam Hiệp,10.9510733,106.858145,58,Moderate,1,33.2,45,0.0,9.7,31,1005.1,97,15.3,18.1,265.0,9.4,124.0,4.4
2026-02-24 17:00:00,2026,2,24,17,Đồng Nai,Phường Tam Hiệp,10.9510733,106.858145,57,Moderate,1,32.0,47,0.0,7.0,136,1005.5,98,15.6,18.1,253.0,14.7,107.0,5.8
2026-02-24 18:00:00,2026,2,24,18,Đồng Nai,Phường Tam Hiệp,10.9510733,106.858145,66,Moderate,1,27.2,66,0.0,19.1,172,1006.1,99,17.2,19.3,238.0,21.4,84.0,7.8
2026-02-24 19:00:00,2026,2,24,19,Đồng Nai,Phường Tam Hiệp,10.9510733,106.858145,66,Moderate,1,27.8,69,0.0,14.9,162,1006.5,75,22.5,26.1,228.0,28.3,68.0,9.8
2026-02-24 20:00:00,2026,2,24,20,Đồng Nai,Phường Tam Hiệp,10.9510733,106.858145,58,Moderate,1,26.5,74,0.0,14.9,155,1007.7,95,19.4,22.5,228.0,26.9,66.0,9.3
2026-02-24 21:00:00,2026,2,24,21,Đồng Nai,Phường Tam Hiệp,10.9510733,106.858145,57,Moderate,1,25.8,77,0.0,14.8,142,1008.3,100,17.9,20.7,232.0,25.0,62.0,8.6
2026-02-24 22:00:00,2026,2,24,22,Đồng Nai,Phường Tam Hiệp,10.9510733,106.858145,57,Moderate,1,25.3,80,0.0,12.9,141,1008.9,100,16.9,19.5,233.0,23.2,60.0,7.9
2026-02-24 23:00:00,2026,2,24,23,Đồng Nai,Phường Tam Hiệp,10.9510733,106.858145,57,Moderate,1,25.1,81,0.0,12.9,148,1009.1,100,15.8,18.2,226.0,21.8,60.0,7.2
2026-02-25 00:00:00,2026,2,25,0,Đồng Nai,Phường Tam Hiệp,10.9510733,106.858145,57,Moderate,1,24.9,83,0.0,12.5,150,1008.6,100,14.2,16.5,217.0,20.6,60.0,6.5
2026-02-25 01:00:00,2026,2,25,1,Đồng Nai,Phường Tam Hiệp,10.9510733,106.858145,57,Moderate,1,25.0,83,0.0,12.2,152,1008.1,100,13.4,15.7,209.0,19.8,60.0,6.1
2026-02-25 02:00:00,2026,2,25,2,Đồng Nai,Phường Tam Hiệp,10.9510733,106.858145,57,Moderate,1,24.7,84,0.0,11.1,155,1007.9,95,13.2,15.5,203.0,19.6,57.0,6.0
2026-02-25 03:00:00,2026,2,25,3,Đồng Nai,Phường Tam Hiệp,10.9510733,106.858145,57,Moderate,1,24.4,86,0.0,9.9,155,1007.7,76,13.5,15.9,199.0,19.9,54.0,6.2
2026-02-25 04:00:00,2026,2,25,4,Đồng Nai,Phường Tam Hiệp,10.9510733,106.858145,57,Moderate,1,24.2,88,0.0,8.9,148,1007.9,0,13.7,16.2,205.0,20.7,50.0,6.6
2026-02-25 05:00:00,2026,2,25,5,Đồng Nai,Phường Tam Hiệp,10.9510733,106.858145,58,Moderate,1,24.0,89,0.0,8.4,152,1008.3,77,14.1,16.5,234.0,22.9,45.0,7.6
2026-02-25 06:00:00,2026,2,25,6,Đồng Nai,Phường Tam Hiệp,10.9510733,106.858145,58,Moderate,1,24.0,89,0.0,7.6,149,1008.8,100,15.3,17.8,274.0,25.7,40.0,8.9
2026-02-25 07:00:00,2026,2,25,7,Đồng Nai,Phường Tam Hiệp,10.9510733,106.858145,58,Moderate,1,24.6,86,0.0,3.4,180,1009.3,80,18.5,21.2,296.0,26.6,40.0,9.2
2026-02-25 08:00:00,2026,2,25,8,Đồng Nai,Phường Tam Hiệp,10.9510733,106.858145,58,Moderate,1,26.4,74,0.0,4.5,124,1009.9,98,18.5,22.2,283.0,23.2,49.0,8.7
2026-02-25 09:00:00,2026,2,25,9,Đồng Nai,Phường Tam Hiệp,10.9510733,106.858145,58,Moderate,1,28.2,63,0.0,5.2,115,1010.4,99,18.0,22.2,253.0,18.4,63.0,7.9
2026-02-25 10:00:00,2026,2,25,10,Đồng Nai,Phường Tam Hiệp,10.9510733,106.858145,58,Moderate,1,30.0,54,0.0,6.4,100,1010.1,94,17.3,21.8,230.0,14.4,78.0,7.2
2026-02-25 11:00:00,2026,2,25,11,Đồng Nai,Phường Tam Hiệp,10.9510733,106.858145,59,Moderate,1,31.5,48,0.0,5.2,84,1009.2,95,16.5,20.2,225.0,11.7,98.0,6.5
2026-02-25 12:00:00,2026,2,25,12,Đồng Nai,Phường Tam Hiệp,10.9510733,106.858145,59,Moderate,1,33.0,42,0.0,4.4,55,1007.9,76,16.8,19.6,228.0,9.8,119.0,5.8
2026-02-25 13:00:00,2026,2,25,13,Đồng Nai,Phường Tam Hiệp,10.9510733,106.858145,59,Moderate,1,32.3,44,0.0,4.2,40,1007.1,66,17.6,19.7,231.0,8.9,135.0,5.4
2026-02-25 14:00:00,2026,2,25,14,Đồng Nai,Phường Tam Hiệp,10.9510733,106.858145,59,Moderate,1,33.0,43,0.0,3.2,19,1005.9,94,18.2,19.8,231.0,8.9,142.0,5.2
2026-02-25 15:00:00,2026,2,25,15,Đồng Nai,Phường Tam Hiệp,10.9510733,106.858145,59,Moderate,1,32.5,43,0.0,2.3,51,1005.6,100,18.5,20.1,231.0,9.9,143.0,5.2
2026-02-25 16:00:00,2026,2,25,16,Đồng Nai,Phường Tam Hiệp,10.9510733,106.858145,60,Moderate,1,32.1,43,0.0,2.2,138,1005.1,100,18.2,19.7,230.0,12.1,136.0,5.6
2026-02-25 17:00:00,2026,2,25,17,Đồng Nai,Phường Tam Hiệp,10.9510733,106.858145,61,Moderate,1,29.2,56,0.0,15.5,179,1005.6,98,18.3,19.8,227.0,16.5,118.0,6.7
2026-02-25 18:00:00,2026,2,25,18,Đồng Nai,Phường Tam Hiệp,10.9510733,106.858145,73,Moderate,1,27.4,66,0.0,12.6,167,1006.1,100,19.2,20.8,223.0,22.0,92.0,8.1
2026-02-25 19:00:00,2026,2,25,19,Đồng Nai,Phường Tam Hiệp,10.9510733,106.858145,76,Moderate,1,27.5,69,0.0,15.1,168,1006.6,100,21.1,22.4,218.0,28.8,69.0,9.9
2026-02-25 20:00:00,2026,2,25,20,Đồng Nai,Phường Tam Hiệp,10.9510733,106.858145,69,Moderate,1,27.0,74,0.0,15.5,154,1007.2,72,19.9,21.0,213.0,30.2,59.0,10.1
2026-02-25 21:00:00,2026,2,25,21,Đồng Nai,Phường Tam Hiệp,10.9510733,106.858145,60,Moderate,1,26.1,75,0.0,12.1,139,1007.7,100,20.6,21.6,207.0,32.1,46.0,10.3
2026-02-25 22:00:00,2026,2,25,22,Đồng Nai,Phường Tam Hiệp,10.9510733,106.858145,61,Moderate,1,26.0,76,0.0,10.3,137,1007.4,69,21.4,22.4,204.0,32.8,37.0,10.3
2026-02-25 23:00:00,2026,2,25,23,Đồng Nai,Phường Tam Hiệp,10.9510733,106.858145,61,Moderate,1,25.7,77,0.0,8.0,142,1007.8,100,19.6,20.4,203.0,31.3,36.0,9.7
2026-02-26 00:00:00,2026,2,26,0,Đồng Nai,Phường Tam Hiệp,10.9510733,106.858145,61,Moderate,1,25.8,77,0.0,7.7,159,1007.6,100,17.2,18.2,205.0,28.7,39.0,8.8
2026-02-26 01:00:00,2026,2,26,1,Đồng Nai,Phường Tam Hiệp,10.9510733,106.858145,62,Moderate,1,26.2,78,0.3,9.8,160,1007.0,100,16.4,17.5,214.0,26.9,42.0,8.2
2026-02-26 02:00:00,2026,2,26,2,Đồng Nai,Phường Tam Hiệp,10.9510733,106.858145,62,Moderate,1,25.8,82,0.3,7.7,177,1006.9,100,16.2,17.9,235.0,26.5,42.0,8.2
2026-02-26 03:00:00,2026,2,26,3,Đồng Nai,Phường Tam Hiệp,10.9510733,106.858145,62,Moderate,1,25.4,86,0.3,7.5,191,1006.5,100,16.4,18.2,263.0,26.9,42.0,8.6
2026-02-26 04:00:00,2026,2,26,4,Đồng Nai,Phường Tam Hiệp,10.9510733,106.858145,62,Moderate,1,25.1,89,0.3,8.5,182,1006.7,100,17.2,19.0,282.0,28.3,40.0,9.2
2026-02-26 05:00:00,2026,2,26,5,Đồng Nai,Phường Tam Hiệp,10.9510733,106.858145,63,Moderate,1,24.9,92,0.2,6.5,188,1007.1,100,18.3,20.3,285.0,31.9,34.0,10.4
2026-02-26 06:00:00,2026,2,26,6,Đồng Nai,Phường Tam Hiệp,10.9510733,106.858145,63,Moderate,1,24.8,93,0.1,5.4,178,1007.5,100,20.5,22.6,279.0,36.5,26.0,12.0
2026-02-26 07:00:00,2026,2,26,7,Đồng Nai,Phường Tam Hiệp,10.9510733,106.858145,64,Moderate,1,24.2,94,0.3,11.8,114,1008.2,100,30.2,30.7,268.0,49.9,8.0,16.1
2026-02-26 08:00:00,2026,2,26,8,Đồng Nai,Phường Tam Hiệp,10.9510733,106.858145,65,Moderate,1,23.8,95,1.8,7.9,86,1008.3,100,34.6,35.2,249.0,47.1,14.0,16.1
2026-02-26 09:00:00,2026,2,26,9,Đồng Nai,Phường Tam Hiệp,10.9510733,106.858145,66,Moderate,1,24.2,95,2.1,6.6,119,1009.0,100,27.6,28.2,225.0,43.1,24.0,16.0
2026-02-26 10:00:00,2026,2,26,10,Đồng Nai,Phường Tam Hiệp,10.9510733,106.858145,67,Moderate,1,24.5,94,1.9,4.2,40,1009.1,100,26.5,27.1,213.0,38.7,38.0,15.5
2026-02-26 11:00:00,2026,2,26,11,Đồng Nai,Phường Tam Hiệp,10.9510733,106.858145,68,Moderate,1,24.5,93,3.6,3.6,261,1008.7,100,24.6,25.2,221.0,33.9,62.0,14.3
2026-02-26 12:00:00,2026,2,26,12,Đồng Nai,Phường Tam Hiệp,10.9510733,106.858145,68,Moderate,1,25.1,88,2.8,5.2,226,1007.7,100,25.3,25.8,240.0,28.6,90.0,12.8
2026-02-26 13:00:00,2026,2,26,13,Đồng Nai,Phường Tam Hiệp,10.9510733,106.858145,69,Moderate,1,25.0,93,1.7,4.2,290,1006.3,100,28.9,29.4,261.0,24.2,110.0,11.2
2026-02-26 14:00:00,2026,2,26,14,Đồng Nai,Phường Tam Hiệp,10.9510733,106.858145,70,Moderate,1,26.2,85,1.2,5.6,320,1005.0,100,21.1,21.7,276.0,20.1,115.0,9.5
2026-02-26 15:00:00,2026,2,26,15,Đồng Nai,Phường Tam Hiệp,10.9510733,106.858145,70,Moderate,1,25.8,86,0.6,3.6,139,1004.5,100,15.3,15.8,293.0,16.8,112.0,7.8
2026-02-26 16:00:00,2026,2,26,16,Đồng Nai,Phường Tam Hiệp,10.9510733,106.858145,70,Moderate,1,24.7,92,2.5,5.8,189,1004.1,100,13.4,13.9,330.0,16.6,102.0,7.0
2026-02-26 17:00:00,2026,2,26,17,Đồng Nai,Phường Tam Hiệp,10.9510733,106.858145,70,Moderate,1,23.9,93,2.2,3.7,309,1004.8,99,12.7,13.1,404.0,22.7,83.0,7.9
2026-02-26 18:00:00,2026,2,26,18,Đồng Nai,Phường Tam Hiệp,10.9510733,106.858145,69,Moderate,1,23.8,93,0.3,5.0,49,1005.2,98,16.0,16.3,499.0,31.9,58.0,9.6
2026-02-26 19:00:00,2026,2,26,19,Đồng Nai,Phường Tam Hiệp,10.9510733,106.858145,69,Moderate,1,24.4,95,1.5,4.8,117,1005.3,100,28.8,29.4,581.0,44.2,37.0,11.6
2026-02-26 20:00:00,2026,2,26,20,Đồng Nai,Phường Tam Hiệp,10.9510733,106.858145,70,Moderate,1,24.5,97,0.5,5.5,117,1005.9,100,27.6,28.0,655.0,41.0,36.0,11.4
2026-02-26 21:00:00,2026,2,26,21,Đồng Nai,Phường Tam Hiệp,10.9510733,106.858145,70,Moderate,1,24.8,96,0.0,5.8,120,1006.4,100,26.1,26.6,717.0,36.5,34.0,11.1
2026-02-26 22:00:00,2026,2,26,22,Đồng Nai,Phường Tam Hiệp,10.9510733,106.858145,71,Moderate,1,24.9,94,0.0,7.8,130,1006.5,95,24.8,25.6,716.0,32.5,33.0,10.6
2026-02-26 23:00:00,2026,2,26,23,Đồng Nai,Phường Tam Hiệp,10.9510733,106.858145,71,Moderate,1,24.7,94,0.0,9.4,130,1006.6,96,22.6,23.5,603.0,29.6,33.0,9.7
2026-02-27 00:00:00,2026,2,27,0,Đồng Nai,Phường Tam Hiệp,10.9510733,106.858145,71,Moderate,1,24.4,94,0.0,9.6,124,1006.4,100,19.2,20.3,426.0,27.2,33.0,8.7
2026-02-27 01:00:00,2026,2,27,1,Đồng Nai,Phường Tam Hiệp,10.9510733,106.858145,71,Moderate,1,24.6,93,0.0,9.3,114,1005.6,100,16.7,17.9,287.0,24.9,33.0,7.7
2026-02-27 02:00:00,2026,2,27,2,Đồng Nai,Phường Tam Hiệp,10.9510733,106.858145,72,Moderate,1,24.5,93,0.1,7.6,118,1005.2,100,14.2,15.4,224.0,22.4,34.0,6.9
2026-02-27 03:00:00,2026,2,27,3,Đồng Nai,Phường Tam Hiệp,10.9510733,106.858145,71,Moderate,1,24.4,94,0.2,5.8,120,1005.0,98,12.8,13.9,198.0,20.0,34.0,6.2
2026-02-27 04:00:00,2026,2,27,4,Đồng Nai,Phường Tam Hiệp,10.9510733,106.858145,71,Moderate,1,24.2,94,0.0,4.8,119,1005.0,56,11.8,13.0,189.0,18.8,34.0,5.8
2026-02-27 05:00:00,2026,2,27,5,Đồng Nai,Phường Tam Hiệp,10.9510733,106.858145,71,Moderate,1,24.1,94,0.0,5.4,111,1005.2,46,11.3,12.4,201.0,20.0,31.0,6.2
2026-02-27 06:00:00,2026,2,27,6,Đồng Nai,Phường Tam Hiệp,10.9510733,106.858145,70,Moderate,1,24.1,93,0.0,6.7,106,1006.2,89,11.8,13.0,229.0,22.4,27.0,6.9
2026-02-27 07:00:00,2026,2,27,7,Đồng Nai,Phường Tam Hiệp,10.9510733,106.858145,69,Moderate,1,24.5,95,0.0,7.1,139,1006.9,95,20.8,22.4,245.0,28.9,21.0,10.3
2026-02-27 08:00:00,2026,2,27,8,Đồng Nai,Phường Tam Hiệp,10.9510733,106.858145,68,Moderate,1,26.0,88,0.0,8.5,118,1007.6,62,16.8,18.9,232.0,23.6,34.0,8.9
2026-02-27 09:00:00,2026,2,27,9,Đồng Nai,Phường Tam Hiệp,10.9510733,106.858145,67,Moderate,1,27.6,80,0.1,9.2,111,1007.7,36,15.3,17.7,207.0,16.2,51.0,7.0
2026-02-27 10:00:00,2026,2,27,10,Đồng Nai,Phường Tam Hiệp,10.9510733,106.858145,66,Moderate,1,29.0,75,0.3,10.6,114,1007.9,99,13.5,16.2,186.0,10.8,66.0,5.5
2026-02-27 11:00:00,2026,2,27,11,Đồng Nai,Phường Tam Hiệp,10.9510733,106.858145,64,Moderate,1,30.1,67,0.2,10.8,128,1007.3,100,13.7,17.2,176.0,9.1,74.0,4.8
2026-02-27 12:00:00,2026,2,27,12,Đồng Nai,Phường Tam Hiệp,10.9510733,106.858145,64,Moderate,1,28.4,74,8.7,7.8,158,1005.8,100,10.4,12.4,171.0,9.2,79.0,4.5
2026-02-27 13:00:00,2026,2,27,13,Đồng Nai,Phường Tam Hiệp,10.9510733,106.858145,62,Moderate,1,27.4,74,1.7,9.8,108,1005.2,89,11.9,14.0,171.0,9.9,82.0,4.6
2026-02-27 14:00:00,2026,2,27,14,Đồng Nai,Phường Tam Hiệp,10.9510733,106.858145,61,Moderate,1,27.5,78,0.6,4.9,39,1004.2,51,13.0,15.3,172.0,10.2,84.0,5.2
2026-02-27 15:00:00,2026,2,27,15,Đồng Nai,Phường Tam Hiệp,10.9510733,106.858145,60,Moderate,1,26.0,81,4.0,8.9,194,1003.8,73,12.5,14.5,179.0,10.9,85.0,6.2
2026-02-27 16:00:00,2026,2,27,16,Đồng Nai,Phường Tam Hiệp,10.9510733,106.858145,60,Moderate,1,26.6,81,0.3,7.6,207,1003.9,84,12.8,15.0,201.0,13.4,80.0,7.2
2026-02-27 17:00:00,2026,2,27,17,Đồng Nai,Phường Tam Hiệp,10.9510733,106.858145,60,Moderate,1,26.4,81,0.8,5.9,182,1004.5,89,13.6,15.6,250.0,19.3,67.0,8.2
2026-02-27 18:00:00,2026,2,27,18,Đồng Nai,Phường Tam Hiệp,10.9510733,106.858145,60,Moderate,1,25.8,85,0.1,2.3,129,1005.1,91,15.4,17.3,315.0,27.0,49.0,9.1
2026-02-27 19:00:00,2026,2,27,19,Đồng Nai,Phường Tam Hiệp,10.9510733,106.858145,60,Moderate,1,24.2,93,0.1,3.3,41,1005.5,98,27.9,30.3,372.0,51.4,18.0,13.4
2026-02-27 20:00:00,2026,2,27,20,Đồng Nai,Phường Tam Hiệp,10.9510733,106.858145,60,Moderate,1,24.0,97,0.1,3.2,71,1006.2,100,23.8,25.8,421.0,46.1,21.0,12.1
2026-02-27 21:00:00,2026,2,27,21,Đồng Nai,Phường Tam Hiệp,10.9510733,106.858145,59,Moderate,1,23.9,99,0.0,6.6,45,1006.5,95,19.8,21.6,462.0,38.9,24.0,10.3
2026-02-27 22:00:00,2026,2,27,22,Đồng Nai,Phường Tam Hiệp,10.9510733,106.858145,59,Moderate,1,23.8,99,0.0,4.7,62,1006.6,59,18.4,20.1,468.0,33.8,26.0,9.0
2026-02-27 23:00:00,2026,2,27,23,Đồng Nai,Phường Tam Hiệp,10.9510733,106.858145,58,Moderate,1,23.5,98,0.0,0.6,146,1007.1,73,18.7,20.4,411.0,32.7,25.0,8.7
2026-02-28 00:00:00,2026,2,28,0,Đồng Nai,Phường Tam Hiệp,10.9510733,106.858145,58,Moderate,1,23.5,98,0.0,3.1,167,1006.8,23,18.9,20.7,318.0,33.6,22.0,8.8
2026-02-28 01:00:00,2026,2,28,1,Đồng Nai,Phường Tam Hiệp,10.9510733,106.858145,58,Moderate,1,24.2,97,0.0,7.7,155,1006.2,72,20.5,22.5,246.0,34.8,19.0,9.0
2026-02-28 02:00:00,2026,2,28,2,Đồng Nai,Phường Tam Hiệp,10.9510733,106.858145,58,Moderate,1,23.9,97,0.0,5.5,148,1005.2,95,22.8,24.9,216.0,36.4,16.0,9.2
2026-02-28 03:00:00,2026,2,28,3,Đồng Nai,Phường Tam Hiệp,10.9510733,106.858145,59,Moderate,1,23.6,98,0.0,6.3,117,1004.5,5,23.2,25.4,207.0,38.2,12.0,9.5
2026-02-28 04:00:00,2026,2,28,4,Đồng Nai,Phường Tam Hiệp,10.9510733,106.858145,60,Moderate,1,23.4,98,0.0,6.4,117,1004.6,2,21.1,23.2,207.0,38.3,11.0,9.6
2026-02-28 05:00:00,2026,2,28,5,Đồng Nai,Phường Tam Hiệp,10.9510733,106.858145,61,Moderate,1,23.2,97,0.0,6.8,112,1005.2,9,18.0,19.8,220.0,35.4,13.0,9.6
2026-02-28 06:00:00,2026,2,28,6,Đồng Nai,Phường Tam Hiệp,10.9510733,106.858145,61,Moderate,1,23.1,97,0.0,6.7,104,1006.0,7,15.5,17.2,242.0,30.8,18.0,9.5
2026-02-28 07:00:00,2026,2,28,7,Đồng Nai,Phường Tam Hiệp,10.9510733,106.858145,62,Moderate,1,24.1,95,0.0,6.8,107,1006.7,0,16.5,18.2,251.0,27.0,23.0,9.4
2026-02-28 08:00:00,2026,2,28,8,Đồng Nai,Phường Tam Hiệp,10.9510733,106.858145,61,Moderate,1,25.6,89,0.0,9.5,119,1007.6,14,13.5,15.0,234.0,23.6,31.0,8.5
2026-02-28 09:00:00,2026,2,28,9,Đồng Nai,Phường Tam Hiệp,10.9510733,106.858145,61,Moderate,1,27.5,79,0.0,11.2,135,1008.1,31,10.9,12.3,206.0,18.8,43.0,7.3
2026-02-28 10:00:00,2026,2,28,10,Đồng Nai,Phường Tam Hiệp,10.9510733,106.858145,60,Moderate,1,28.9,72,0.0,10.2,143,1008.5,30,10.2,11.6,183.0,14.6,56.0,6.2
2026-02-28 11:00:00,2026,2,28,11,Đồng Nai,Phường Tam Hiệp,10.9510733,106.858145,60,Moderate,1,29.6,71,0.0,8.7,148,1007.7,14,10.2,11.6,174.0,11.3,71.0,5.3
2026-02-28 12:00:00,2026,2,28,12,Đồng Nai,Phường Tam Hiệp,10.9510733,106.858145,60,Moderate,1,30.5,68,0.1,8.4,152,1006.5,16,9.8,11.1,172.0,8.5,88.0,4.6
2026-02-28 13:00:00,2026,2,28,13,Đồng Nai,Phường Tam Hiệp,10.9510733,106.858145,60,Moderate,1,31.1,64,0.0,6.9,163,1005.7,20,10.1,11.1,173.0,6.9,100.0,4.3
2026-02-28 14:00:00,2026,2,28,14,Đồng Nai,Phường Tam Hiệp,10.9510733,106.858145,60,Moderate,1,31.2,62,0.0,6.7,174,1004.4,98,10.8,11.7,173.0,6.7,107.0,4.4
2026-02-28 15:00:00,2026,2,28,15,Đồng Nai,Phường Tam Hiệp,10.9510733,106.858145,59,Moderate,1,29.9,66,0.2,9.4,187,1003.5,81,11.5,12.6,177.0,7.7,110.0,4.9
2026-02-28 16:00:00,2026,2,28,16,Đồng Nai,Phường Tam Hiệp,10.9510733,106.858145,59,Moderate,1,29.5,67,0.2,10.1,151,1003.5,64,11.9,13.3,192.0,10.5,106.0,5.7
2026-02-28 17:00:00,2026,2,28,17,Đồng Nai,Phường Tam Hiệp,10.9510733,106.858145,59,Moderate,1,27.7,78,0.5,11.1,138,1004.3,75,12.4,13.9,233.0,16.3,92.0,7.2
2026-02-28 18:00:00,2026,2,28,18,Đồng Nai,Phường Tam Hiệp,10.9510733,106.858145,59,Moderate,1,27.1,81,0.1,7.8,138,1004.9,27,14.2,15.8,286.0,24.0,70.0,9.0
2026-02-28 19:00:00,2026,2,28,19,Đồng Nai,Phường Tam Hiệp,10.9510733,106.858145,59,Moderate,1,26.5,84,0.0,7.9,156,1005.2,8,19.1,21.0,319.0,34.8,50.0,11.3
2026-02-28 20:00:00,2026,2,28,20,Đồng Nai,Phường Tam Hiệp,10.9510733,106.858145,58,Moderate,1,26.2,86,0.0,10.4,157,1006.2,7,18.8,20.6,313.0,36.3,44.0,11.8
2026-02-28 21:00:00,2026,2,28,21,Đồng Nai,Phường Tam Hiệp,10.9510733,106.858145,58,Moderate,1,25.7,90,0.0,9.4,140,1006.6,5,19.8,22.0,287.0,38.4,36.0,12.5
2026-02-28 22:00:00,2026,2,28,22,Đồng Nai,Phường Tam Hiệp,10.9510733,106.858145,58,Moderate,1,25.3,91,0.0,10.1,137,1006.7,1,21.3,23.5,263.0,39.3,30.0,12.8
2026-02-28 23:00:00,2026,2,28,23,Đồng Nai,Phường Tam Hiệp,10.9510733,106.858145,58,Moderate,1,25.0,93,0.0,8.8,141,1006.8,1,20.7,22.9,250.0,37.9,30.0,12.2
2026-03-01 00:00:00,2026,3,1,0,Đồng Nai,Phường Tam Hiệp,10.9510733,106.858145,58,Moderate,1,24.7,94,0.0,8.9,142,1006.4,0,18.0,20.3,239.0,35.4,32.0,11.1
2026-03-01 01:00:00,2026,3,1,1,Đồng Nai,Phường Tam Hiệp,10.9510733,106.858145,58,Moderate,1,24.8,96,0.0,10.1,145,1005.8,5,16.9,19.1,231.0,33.6,34.0,10.3
2026-03-01 02:00:00,2026,3,1,2,Đồng Nai,Phường Tam Hiệp,10.9510733,106.858145,58,Moderate,1,24.6,96,0.0,9.1,146,1005.5,13,16.8,19.0,224.0,33.3,33.0,10.0
2026-03-01 03:00:00,2026,3,1,3,Đồng Nai,Phường Tam Hiệp,10.9510733,106.858145,57,Moderate,1,24.5,97,0.0,8.8,141,1005.2,16,17.1,19.4,220.0,33.6,30.0,10.1
2026-03-01 04:00:00,2026,3,1,4,Đồng Nai,Phường Tam Hiệp,10.9510733,106.858145,57,Moderate,1,24.2,97,0.0,8.8,136,1005.4,12,17.9,20.3,224.0,34.0,29.0,10.4
2026-03-01 05:00:00,2026,3,1,5,Đồng Nai,Phường Tam Hiệp,10.9510733,106.858145,57,Moderate,1,24.0,97,0.0,7.7,127,1005.9,7,19.0,21.5,246.0,34.8,28.0,11.5
2026-03-01 06:00:00,2026,3,1,6,Đồng Nai,Phường Tam Hiệp,10.9510733,106.858145,57,Moderate,1,23.9,98,0.0,6.4,126,1006.4,15,20.5,23.1,276.0,35.7,28.0,12.9
2026-03-01 07:00:00,2026,3,1,7,Đồng Nai,Phường Tam Hiệp,10.9510733,106.858145,57,Moderate,1,24.8,96,0.0,9.0,128,1007.3,45,19.6,22.5,287.0,33.6,33.0,13.0
2026-03-01 08:00:00,2026,3,1,8,Đồng Nai,Phường Tam Hiệp,10.9510733,106.858145,57,Moderate,1,26.3,86,0.0,10.5,131,1008.3,23,16.8,19.6,261.0,27.9,41.0,11.1
2026-03-01 09:00:00,2026,3,1,9,Đồng Nai,Phường Tam Hiệp,10.9510733,106.858145,58,Moderate,1,27.7,78,0.0,9.3,134,1008.6,22,12.7,15.3,215.0,20.0,53.0,8.6
2026-03-01 10:00:00,2026,3,1,10,Đồng Nai,Phường Tam Hiệp,10.9510733,106.858145,58,Moderate,1,29.0,70,0.0,6.7,134,1008.3,10,11.6,13.6,181.0,13.8,66.0,6.6
2026-03-01 11:00:00,2026,3,1,11,Đồng Nai,Phường Tam Hiệp,10.9510733,106.858145,58,Moderate,1,30.0,66,0.0,5.0,136,1007.8,6,11.5,13.1,171.0,10.8,79.0,5.8
2026-03-01 12:00:00,2026,3,1,12,Đồng Nai,Phường Tam Hiệp,10.9510733,106.858145,58,Moderate,1,31.0,60,0.0,4.2,144,1006.7,3,11.6,12.9,171.0,9.4,93.0,5.6
2026-03-01 13:00:00,2026,3,1,13,Đồng Nai,Phường Tam Hiệp,10.9510733,106.858145,58,Moderate,1,31.5,56,0.0,3.7,157,1005.7,9,11.8,12.8,173.0,8.9,104.0,5.5
2026-03-01 14:00:00,2026,3,1,14,Đồng Nai,Phường Tam Hiệp,10.9510733,106.858145,58,Moderate,1,32.0,54,0.0,3.6,153,1004.7,18,12.2,13.1,170.0,8.3,112.0,5.3
2026-03-01 15:00:00,2026,3,1,15,Đồng Nai,Phường Tam Hiệp,10.9510733,106.858145,58,Moderate,1,32.2,54,0.0,5.5,144,1003.6,24,12.6,13.4,169.0,8.5,116.0,5.3
2026-03-01 16:00:00,2026,3,1,16,Đồng Nai,Phường Tam Hiệp,10.9510733,106.858145,59,Moderate,1,31.8,54,0.0,6.2,163,1003.3,6,12.3,13.1,179.0,11.2,113.0,5.9
2026-03-01 17:00:00,2026,3,1,17,Đồng Nai,Phường Tam Hiệp,10.9510733,106.858145,59,Moderate,1,30.7,62,0.0,8.6,182,1004.1,11,13.4,14.1,211.0,18.7,98.0,7.9
2026-03-01 18:00:00,2026,3,1,18,Đồng Nai,Phường Tam Hiệp,10.9510733,106.858145,59,Moderate,1,28.0,75,0.0,13.2,158,1004.9,3,18.2,18.8,254.0,28.6,75.0,10.5
2026-03-01 19:00:00,2026,3,1,19,Đồng Nai,Phường Tam Hiệp,10.9510733,106.858145,59,Moderate,1,27.8,77,0.0,11.7,151,1005.2,30,29.5,31.5,285.0,38.7,59.0,13.3
2026-03-01 20:00:00,2026,3,1,20,Đồng Nai,Phường Tam Hiệp,10.9510733,106.858145,60,Moderate,1,26.8,82,0.0,12.2,156,1006.4,1,26.8,29.0,296.0,37.5,54.0,12.9
2026-03-01 21:00:00,2026,3,1,21,Đồng Nai,Phường Tam Hiệp,10.9510733,106.858145,61,Moderate,1,26.1,85,0.0,10.6,148,1007.4,6,23.5,25.5,295.0,35.9,47.0,12.3
2026-03-01 22:00:00,2026,3,1,22,Đồng Nai,Phường Tam Hiệp,10.9510733,106.858145,61,Moderate,1,25.6,89,0.0,8.7,133,1007.5,13,20.9,22.8,286.0,34.3,42.0,11.7
2026-03-01 23:00:00,2026,3,1,23,Đồng Nai,Phường Tam Hiệp,10.9510733,106.858145,61,Moderate,1,25.3,91,0.0,8.8,137,1007.6,99,18.8,20.8,265.0,32.7,41.0,10.9
2026-03-02 00:00:00,2026,3,2,0,Đồng Nai,Phường Tam Hiệp,10.9510733,106.858145,61,Moderate,1,25.0,92,0.0,8.8,145,1007.6,91,16.7,18.7,236.0,31.3,41.0,10.1
2026-03-02 01:00:00,2026,3,2,1,Đồng Nai,Phường Tam Hiệp,10.9510733,106.858145,61,Moderate,1,25.3,93,0.0,9.5,155,1007.0,98,16.2,18.3,216.0,30.6,40.0,9.6
2026-03-02 02:00:00,2026,3,2,2,Đồng Nai,Phường Tam Hiệp,10.9510733,106.858145,61,Moderate,1,25.1,94,0.0,8.6,154,1006.7,100,16.8,19.0,212.0,31.4,37.0,9.7
2026-03-02 03:00:00,2026,3,2,3,Đồng Nai,Phường Tam Hiệp,10.9510733,106.858145,61,Moderate,1,25.0,94,0.0,7.4,158,1006.4,100,17.7,19.9,218.0,33.0,32.0,10.1
2026-03-02 04:00:00,2026,3,2,4,Đồng Nai,Phường Tam Hiệp,10.9510733,106.858145,61,Moderate,1,24.8,96,0.0,6.6,159,1006.2,58,18.9,21.2,224.0,34.4,29.0,10.9
2026-03-02 05:00:00,2026,3,2,5,Đồng Nai,Phường Tam Hiệp,10.9510733,106.858145,61,Moderate,1,24.6,96,0.0,6.7,153,1006.8,30,21.0,23.6,233.0,36.0,27.0,12.6
2026-03-02 06:00:00,2026,3,2,6,Đồng Nai,Phường Tam Hiệp,10.9510733,106.858145,61,Moderate,1,24.5,97,0.0,6.2,154,1007.5,40,24.2,27.0,243.0,37.3,26.0,14.7
2026-03-02 07:00:00,2026,3,2,7,Đồng Nai,Phường Tam Hiệp,10.9510733,106.858145,61,Moderate,1,25.5,95,0.0,7.6,146,1008.4,97,22.3,25.8,244.0,35.0,32.0,15.0
2026-03-02 08:00:00,2026,3,2,8,Đồng Nai,Phường Tam Hiệp,10.9510733,106.858145,62,Moderate,1,26.9,87,0.0,9.5,144,1009.2,88,18.0,21.2,227.0,28.9,39.0,12.7
2026-03-02 09:00:00,2026,3,2,9,Đồng Nai,Phường Tam Hiệp,10.9510733,106.858145,62,Moderate,1,28.3,79,0.0,9.3,144,1009.8,21,13.4,16.1,201.0,20.5,50.0,9.6
2026-03-02 10:00:00,2026,3,2,10,Đồng Nai,Phường Tam Hiệp,10.9510733,106.858145,62,Moderate,1,29.6,70,0.0,8.8,141,1009.7,8,11.7,13.9,180.0,14.1,61.0,7.2
2026-03-02 11:00:00,2026,3,2,11,Đồng Nai,Phường Tam Hiệp,10.9510733,106.858145,62,Moderate,1,30.8,63,0.0,7.9,141,1009.2,16,11.4,13.3,172.0,11.5,74.0,6.4
2026-03-02 12:00:00,2026,3,2,12,Đồng Nai,Phường Tam Hiệp,10.9510733,106.858145,62,Moderate,1,31.6,59,0.0,7.2,145,1008.3,31,12.5,14.3,170.0,10.8,89.0,6.5
2026-03-02 13:00:00,2026,3,2,13,Đồng Nai,Phường Tam Hiệp,10.9510733,106.858145,62,Moderate,1,32.2,56,0.1,7.5,143,1007.1,21,13.4,15.1,169.0,10.7,99.0,6.6
2026-03-02 14:00:00,2026,3,2,14,Đồng Nai,Phường Tam Hiệp,10.9510733,106.858145,62,Moderate,1,32.3,56,0.0,7.8,154,1005.9,23,13.6,15.1,164.0,10.1,105.0,6.4
2026-03-02 15:00:00,2026,3,2,15,Đồng Nai,Phường Tam Hiệp,10.9510733,106.858145,62,Moderate,1,32.2,57,0.0,9.0,157,1005.0,15,13.4,14.8,160.0,10.0,107.0,6.2
2026-03-02 16:00:00,2026,3,2,16,Đồng Nai,Phường Tam Hiệp,10.9510733,106.858145,62,Moderate,1,31.5,59,0.0,11.0,155,1004.6,64,13.3,14.6,167.0,12.4,102.0,6.7
2026-03-02 17:00:00,2026,3,2,17,Đồng Nai,Phường Tam Hiệp,10.9510733,106.858145,62,Moderate,1,30.0,69,0.0,11.3,171,1005.4,16,13.3,14.5,196.0,19.6,85.0,8.3
2026-03-02 18:00:00,2026,3,2,18,Đồng Nai,Phường Tam Hiệp,10.9510733,106.858145,62,Moderate,1,28.4,76,0.0,11.3,172,1006.2,2,16.8,17.9,236.0,29.3,61.0,10.6
2026-03-02 19:00:00,2026,3,2,19,Đồng Nai,Phường Tam Hiệp,10.9510733,106.858145,62,Moderate,1,27.4,80,0.0,14.7,157,1006.0,6,25.3,27.6,264.0,40.1,39.0,13.1
2026-03-02 20:00:00,2026,3,2,20,Đồng Nai,Phường Tam Hiệp,10.9510733,106.858145,62,Moderate,1,26.7,83,0.0,13.9,142,1007.1,1,23.7,25.8,268.0,40.0,35.0,13.2
2026-03-02 21:00:00,2026,3,2,21,Đồng Nai,Phường Tam Hiệp,10.9510733,106.858145,61,Moderate,1,26.1,86,0.0,13.5,135,1007.9,0,22.8,25.0,259.0,39.8,30.0,13.4
2026-03-02 22:00:00,2026,3,2,22,Đồng Nai,Phường Tam Hiệp,10.9510733,106.858145,61,Moderate,1,25.8,87,0.0,9.3,136,1008.3,4,21.4,23.7,249.0,39.3,26.0,13.2
2026-03-02 23:00:00,2026,3,2,23,Đồng Nai,Phường Tam Hiệp,10.9510733,106.858145,61,Moderate,1,25.5,90,0.0,9.7,133,1008.4,2,18.9,21.1,239.0,37.9,25.0,12.2
2026-03-03 00:00:00,2026,3,3,0,Đồng Nai,Phường Tam Hiệp,10.9510733,106.858145,61,Moderate,1,25.2,91,0.0,8.9,132,1008.2,19,17.1,19.2,226.0,36.1,26.0,10.9
2026-03-03 01:00:00,2026,3,3,1,Đồng Nai,Phường Tam Hiệp,10.9510733,106.858145,61,Moderate,1,25.4,93,0.0,8.6,144,1007.3,38,17.4,19.6,219.0,35.1,26.0,10.0
2026-03-03 02:00:00,2026,3,3,2,Đồng Nai,Phường Tam Hiệp,10.9510733,106.858145,62,Moderate,1,25.1,93,0.0,8.2,161,1006.8,38,18.2,20.3,220.0,35.8,24.0,10.0
2026-03-03 03:00:00,2026,3,3,3,Đồng Nai,Phường Tam Hiệp,10.9510733,106.858145,62,Moderate,1,25.0,94,0.0,8.1,177,1006.9,29,18.7,20.8,225.0,37.4,21.0,10.6
2026-03-03 04:00:00,2026,3,3,4,Đồng Nai,Phường Tam Hiệp,10.9510733,106.858145,62,Moderate,1,24.9,95,0.0,6.9,174,1007.2,41,19.4,21.5,232.0,38.4,19.0,11.3
2026-03-03 05:00:00,2026,3,3,5,Đồng Nai,Phường Tam Hiệp,10.9510733,106.858145,62,Moderate,1,24.8,96,0.0,6.2,165,1008.0,96,20.0,22.2,243.0,38.9,18.0,12.6
2026-03-03 06:00:00,2026,3,3,6,Đồng Nai,Phường Tam Hiệp,10.9510733,106.858145,62,Moderate,1,25.0,95,0.0,7.0,151,1008.4,52,20.9,23.2,256.0,38.8,18.0,14.2
2026-03-03 07:00:00,2026,3,3,7,Đồng Nai,Phường Tam Hiệp,10.9510733,106.858145,61,Moderate,1,25.8,91,0.0,10.0,157,1008.9,89,19.6,22.4,258.0,34.6,25.0,14.0
2026-03-03 08:00:00,2026,3,3,8,Đồng Nai,Phường Tam Hiệp,10.9510733,106.858145,61,Moderate,1,26.6,87,0.0,9.4,148,1009.8,73,17.6,20.6,239.0,29.1,32.0,12.4
2026-03-03 09:00:00,2026,3,3,9,Đồng Nai,Phường Tam Hiệp,10.9510733,106.858145,61,Moderate,1,27.9,81,0.0,9.0,143,1010.1,24,15.0,17.8,209.0,21.5,42.0,10.2
2026-03-03 10:00:00,2026,3,3,10,Đồng Nai,Phường Tam Hiệp,10.9510733,106.858145,61,Moderate,1,29.1,77,0.0,9.2,149,1010.4,17,14.1,16.8,188.0,15.3,55.0,8.4
2026-03-03 11:00:00,2026,3,3,11,Đồng Nai,Phường Tam Hiệp,10.9510733,106.858145,62,Moderate,1,30.1,71,0.0,8.1,156,1009.9,23,13.9,16.4,186.0,11.8,72.0,7.4
2026-03-03 12:00:00,2026,3,3,12,Đồng Nai,Phường Tam Hiệp,10.9510733,106.858145,62,Moderate,1,30.9,68,0.0,6.1,150,1008.9,16,14.5,16.7,192.0,9.7,93.0,6.8
2026-03-03 13:00:00,2026,3,3,13,Đồng Nai,Phường Tam Hiệp,10.9510733,106.858145,62,Moderate,1,31.3,62,0.0,2.5,176,1007.5,39,15.1,17.1,201.0,9.0,108.0,6.6
2026-03-03 14:00:00,2026,3,3,14,Đồng Nai,Phường Tam Hiệp,10.9510733,106.858145,62,Moderate,1,31.9,61,0.0,1.6,207,1006.3,19,15.9,17.6,199.0,9.1,118.0,6.7
2026-03-03 15:00:00,2026,3,3,15,Đồng Nai,Phường Tam Hiệp,10.9510733,106.858145,62,Moderate,1,32.0,60,0.0,1.5,216,1005.0,20,16.7,17.9,198.0,10.4,124.0,7.3
2026-03-03 16:00:00,2026,3,3,16,Đồng Nai,Phường Tam Hiệp,10.9510733,106.858145,63,Moderate,1,31.8,60,0.0,2.5,201,1004.8,13,17.9,19.2,232.0,14.5,120.0,8.4
2026-03-03 17:00:00,2026,3,3,17,Đồng Nai,Phường Tam Hiệp,10.9510733,106.858145,63,Moderate,1,31.5,60,0.0,1.8,233,1005.3,88,19.3,21.4,345.0,23.7,100.0,10.8
2026-03-03 18:00:00,2026,3,3,18,Đồng Nai,Phường Tam Hiệp,10.9510733,106.858145,63,Moderate,1,30.2,75,0.0,2.0,175,1006.0,100,24.0,26.0,493.0,35.6,70.0,13.8
2026-03-03 19:00:00,2026,3,3,19,Đồng Nai,Phường Tam Hiệp,10.9510733,106.858145,64,Moderate,1,27.8,80,0.0,11.9,165,1006.5,2,40.5,43.8,572.0,51.7,36.0,14.9
2026-03-03 20:00:00,2026,3,3,20,Đồng Nai,Phường Tam Hiệp,10.9510733,106.858145,65,Moderate,1,26.8,85,0.0,9.7,155,1007.6,2,35.5,38.0,519.0,50.8,28.0,15.1
2026-03-03 21:00:00,2026,3,3,21,Đồng Nai,Phường Tam Hiệp,10.9510733,106.858145,67,Moderate,1,26.4,86,0.0,11.2,148,1008.0,36,32.6,34.8,397.0,49.4,17.0,15.3
2026-03-03 22:00:00,2026,3,3,22,Đồng Nai,Phường Tam Hiệp,10.9510733,106.858145,67,Moderate,1,26.0,87,0.0,11.0,131,1008.3,92,30.3,32.4,300.0,47.4,9.0,15.0
2026-03-03 23:00:00,2026,3,3,23,Đồng Nai,Phường Tam Hiệp,10.9510733,106.858145,68,Moderate,1,25.7,88,0.0,10.3,119,1008.6,100,26.7,28.8,266.0,44.4,8.0,13.9
2026-03-04 00:00:00,2026,3,4,0,Đồng Nai,Phường Tam Hiệp,10.9510733,106.858145,69,Moderate,1,25.5,89,0.0,9.1,124,1008.7,100,21.9,24.1,256.0,40.6,10.0,12.4
2026-03-04 01:00:00,2026,3,4,1,Đồng Nai,Phường Tam Hiệp,10.9510733,106.858145,69,Moderate,1,25.9,90,0.0,9.9,134,1008.5,100,18.7,21.0,248.0,37.0,14.0,11.1
2026-03-04 02:00:00,2026,3,4,2,Đồng Nai,Phường Tam Hiệp,10.9510733,106.858145,69,Moderate,1,25.6,91,0.0,9.0,137,1008.3,54,17.0,19.3,231.0,33.2,19.0,10.1
2026-03-04 03:00:00,2026,3,4,3,Đồng Nai,Phường Tam Hiệp,10.9510733,106.858145,69,Moderate,1,25.2,94,0.1,8.4,138,1007.9,63,15.7,18.2,216.0,29.6,26.0,9.3
2026-03-04 04:00:00,2026,3,4,4,Đồng Nai,Phường Tam Hiệp,10.9510733,106.858145,69,Moderate,1,24.8,95,0.8,11.3,147,1007.7,85,15.0,17.4,209.0,27.4,30.0,9.0
2026-03-04 05:00:00,2026,3,4,5,Đồng Nai,Phường Tam Hiệp,10.9510733,106.858145,69,Moderate,1,24.7,96,0.2,2.4,107,1008.4,96,15.6,17.6,218.0,28.3,29.0,9.7
2026-03-04 06:00:00,2026,3,4,6,Đồng Nai,Phường Tam Hiệp,10.9510733,106.858145,68,Moderate,1,24.5,95,0.8,8.4,143,1008.6,66,17.2,19.3,236.0,30.8,25.0,10.9
2026-03-04 07:00:00,2026,3,4,7,Đồng Nai,Phường Tam Hiệp,10.9510733,106.858145,68,Moderate,1,25.6,91,0.1,7.9,159,1009.3,70,21.4,23.8,245.0,32.7,24.0,9.7
2026-03-04 08:00:00,2026,3,4,8,Đồng Nai,Phường Tam Hiệp,10.9510733,106.858145,68,Moderate,1,26.9,85,0.1,9.0,142,1009.7,40,20.7,23.9,234.0,30.1,29.0,9.8
2026-03-04 09:00:00,2026,3,4,9,Đồng Nai,Phường Tam Hiệp,10.9510733,106.858145,68,Moderate,1,28.1,81,0.1,8.7,142,1010.0,22,18.8,22.5,214.0,26.3,36.0,9.9
2026-03-04 10:00:00,2026,3,4,10,Đồng Nai,Phường Tam Hiệp,10.9510733,106.858145,69,Moderate,1,29.3,77,0.0,6.2,144,1010.3,30,18.9,21.8,200.0,22.4,48.0,9.6
2026-03-04 11:00:00,2026,3,4,11,Đồng Nai,Phường Tam Hiệp,10.9510733,106.858145,69,Moderate,1,30.5,70,0.0,5.0,145,1010.0,100,20.9,23.2,199.0,18.3,68.0,8.3
2026-03-04 12:00:00,2026,3,4,12,Đồng Nai,Phường Tam Hiệp,10.9510733,106.858145,70,Moderate,1,31.1,64,0.0,2.7,148,1008.9,100,18.7,20.3,204.0,14.2,93.0,6.6
2026-03-04 13:00:00,2026,3,4,13,Đồng Nai,Phường Tam Hiệp,10.9510733,106.858145,70,Moderate,1,31.9,62,0.0,5.4,165,1007.7,53,19.3,20.7,210.0,11.5,112.0,5.4
2026-03-04 14:00:00,2026,3,4,14,Đồng Nai,Phường Tam Hiệp,10.9510733,106.858145,70,Moderate,1,32.0,60,0.0,6.5,157,1006.4,86,20.4,21.8,210.0,10.4,123.0,5.2
2026-03-04 15:00:00,2026,3,4,15,Đồng Nai,Phường Tam Hiệp,10.9510733,106.858145,71,Moderate,1,31.2,62,0.0,8.7,153,1005.1,25,21.1,22.5,210.0,10.7,128.0,5.5
2026-03-04 16:00:00,2026,3,4,16,Đồng Nai,Phường Tam Hiệp,10.9510733,106.858145,71,Moderate,1,29.2,69,0.3,15.3,144,1005.2,41,20.3,21.8,225.0,13.3,124.0,6.4
2026-03-04 17:00:00,2026,3,4,17,Đồng Nai,Phường Tam Hiệp,10.9510733,106.858145,71,Moderate,1,29.9,65,0.0,9.8,139,1005.3,30,19.9,21.4,274.0,20.0,106.0,8.1
2026-03-04 18:00:00,2026,3,4,18,Đồng Nai,Phường Tam Hiệp,10.9510733,106.858145,72,Moderate,1,28.5,72,0.0,8.1,162,1005.5,13,24.7,26.4,338.0,29.1,79.0,10.4
2026-03-04 19:00:00,2026,3,4,19,Đồng Nai,Phường Tam Hiệp,10.9510733,106.858145,72,Moderate,1,27.6,80,0.0,10.5,174,1006.1,10,26.8,29.6,372.0,35.6,48.0,11.4
2026-03-04 20:00:00,2026,3,4,20,Đồng Nai,Phường Tam Hiệp,10.9510733,106.858145,70,Moderate,1,26.7,79,0.0,11.6,152,1007.1,15,28.5,31.1,347.0,35.0,45.0,11.5
2026-03-04 21:00:00,2026,3,4,21,Đồng Nai,Phường Tam Hiệp,10.9510733,106.858145,70,Moderate,1,26.0,81,0.0,11.9,149,1008.0,16,29.5,32.0,294.0,34.2,42.0,11.6
2026-03-04 22:00:00,2026,3,4,22,Đồng Nai,Phường Tam Hiệp,10.9510733,106.858145,70,Moderate,1,25.6,85,0.0,12.0,144,1008.3,3,29.6,32.1,255.0,33.8,38.0,11.5
2026-03-04 23:00:00,2026,3,4,23,Đồng Nai,Phường Tam Hiệp,10.9510733,106.858145,69,Moderate,1,25.3,88,0.0,9.8,144,1008.7,6,29.0,31.5,252.0,34.4,34.0,11.1
2026-03-05 00:00:00,2026,3,5,0,Đồng Nai,Phường Tam Hiệp,10.9510733,106.858145,70,Moderate,1,25.0,91,0.0,7.2,143,1008.6,15,29.9,32.6,263.0,35.4,29.0,10.6
2026-03-05 01:00:00,2026,3,5,1,Đồng Nai,Phường Tam Hiệp,10.9510733,106.858145,70,Moderate,1,25.3,93,0.0,10.1,151,1007.7,13,28.2,31.1,275.0,36.0,26.0,10.2
2026-03-05 02:00:00,2026,3,5,2,Đồng Nai,Phường Tam Hiệp,10.9510733,106.858145,71,Moderate,1,25.2,93,0.0,7.4,162,1007.6,20,26.0,29.1,280.0,35.4,24.0,9.9
2026-03-05 03:00:00,2026,3,5,3,Đồng Nai,Phường Tam Hiệp,10.9510733,106.858145,72,Moderate,1,25.0,94,0.0,7.1,161,1007.2,23,24.5,27.5,284.0,34.3,23.0,9.6
2026-03-05 04:00:00,2026,3,5,4,Đồng Nai,Phường Tam Hiệp,10.9510733,106.858145,73,Moderate,1,24.9,94,0.0,7.0,159,1006.9,10,23.4,26.3,292.0,33.9,22.0,10.1
2026-03-05 05:00:00,2026,3,5,5,Đồng Nai,Phường Tam Hiệp,10.9510733,106.858145,74,Moderate,1,24.7,94,0.0,6.7,144,1007.4,13,23.9,26.8,312.0,35.8,18.0,12.1
2026-03-05 06:00:00,2026,3,5,6,Đồng Nai,Phường Tam Hiệp,10.9510733,106.858145,74,Moderate,1,24.5,95,0.0,3.0,115,1007.9,19,28.6,31.9,336.0,38.5,14.0,14.8
2026-03-05 07:00:00,2026,3,5,7,Đồng Nai,Phường Tam Hiệp,10.9510733,106.858145,75,Moderate,1,25.1,95,0.0,5.0,77,1008.4,9,27.6,31.7,341.0,29.5,28.0,11.7
2026-03-05 08:00:00,2026,3,5,8,Đồng Nai,Phường Tam Hiệp,10.9510733,106.858145,76,Moderate,1,26.7,86,0.0,6.7,84,1009.1,20,24.8,29.2,311.0,25.9,38.0,10.8
2026-03-05 09:00:00,2026,3,5,9,Đồng Nai,Phường Tam Hiệp,10.9510733,106.858145,76,Moderate,1,28.0,78,0.0,5.3,72,1009.6,16,22.4,26.5,263.0,20.9,53.0,9.4
2026-03-05 10:00:00,2026,3,5,10,Đồng Nai,Phường Tam Hiệp,10.9510733,106.858145,76,Moderate,1,29.3,73,0.0,4.4,55,1009.8,8,20.0,22.9,224.0,16.2,69.0,8.1
2026-03-05 11:00:00,2026,3,5,11,Đồng Nai,Phường Tam Hiệp,10.9510733,106.858145,77,Moderate,1,30.5,68,0.0,4.0,30,1009.8,19,17.9,19.7,206.0,12.2,88.0,6.8
2026-03-05 12:00:00,2026,3,5,12,Đồng Nai,Phường Tam Hiệp,10.9510733,106.858145,76,Moderate,1,31.2,64,0.0,3.1,7,1008.7,15,16.6,18.3,197.0,8.7,108.0,5.4
2026-03-05 13:00:00,2026,3,5,13,Đồng Nai,Phường Tam Hiệp,10.9510733,106.858145,76,Moderate,1,31.4,55,0.0,1.0,22,1007.4,8,17.9,19.6,195.0,6.6,123.0,4.5
2026-03-05 14:00:00,2026,3,5,14,Đồng Nai,Phường Tam Hiệp,10.9510733,106.858145,76,Moderate,1,32.2,53,0.0,1.5,353,1006.1,28,16.4,17.8,196.0,5.9,130.0,4.1
2026-03-05 15:00:00,2026,3,5,15,Đồng Nai,Phường Tam Hiệp,10.9510733,106.858145,76,Moderate,1,31.9,54,0.0,5.4,176,1005.2,20,16.5,18.0,203.0,6.6,130.0,4.1
2026-03-05 16:00:00,2026,3,5,16,Đồng Nai,Phường Tam Hiệp,10.9510733,106.858145,75,Moderate,1,28.3,70,0.7,11.5,125,1005.7,60,16.8,18.2,221.0,10.0,124.0,4.9
2026-03-05 17:00:00,2026,3,5,17,Đồng Nai,Phường Tam Hiệp,10.9510733,106.858145,75,Moderate,1,28.0,70,0.2,5.6,25,1005.9,86,17.3,18.7,257.0,18.7,107.0,7.1
2026-03-05 18:00:00,2026,3,5,18,Đồng Nai,Phường Tam Hiệp,10.9510733,106.858145,75,Moderate,1,26.6,81,1.4,2.8,252,1006.4,20,25.8,27.4,304.0,30.1,82.0,10.1
2026-03-05 19:00:00,2026,3,5,19,Đồng Nai,Phường Tam Hiệp,10.9510733,106.858145,75,Moderate,1,25.8,85,0.1,6.7,136,1006.7,56,34.0,37.0,348.0,38.4,57.0,11.9
2026-03-05 20:00:00,2026,3,5,20,Đồng Nai,Phường Tam Hiệp,10.9510733,106.858145,75,Moderate,1,26.0,89,0.0,3.4,106,1007.7,20,30.6,33.1,388.0,36.5,54.0,11.4
2026-03-05 21:00:00,2026,3,5,21,Đồng Nai,Phường Tam Hiệp,10.9510733,106.858145,76,Moderate,1,25.6,94,0.0,3.1,66,1008.2,20,29.4,31.5,425.0,33.9,49.0,10.8
2026-03-05 22:00:00,2026,3,5,22,Đồng Nai,Phường Tam Hiệp,10.9510733,106.858145,76,Moderate,1,24.2,91,1.6,11.9,5,1008.9,90,27.4,29.3,445.0,32.0,45.0,10.3
2026-03-05 23:00:00,2026,3,5,23,Đồng Nai,Phường Tam Hiệp,10.9510733,106.858145,75,Moderate,1,24.0,91,0.1,6.3,360,1008.9,56,24.7,26.5,443.0,31.2,42.0,10.1
2026-03-06 00:00:00,2026,3,6,0,Đồng Nai,Phường Tam Hiệp,10.9510733,106.858145,75,Moderate,1,23.6,96,0.0,5.8,34,1008.6,68,22.7,24.4,425.0,31.1,39.0,10.0
2026-03-06 01:00:00,2026,3,6,1,Đồng Nai,Phường Tam Hiệp,10.9510733,106.858145,74,Moderate,1,24.8,95,0.0,4.5,331,1008.1,66,24.2,25.8,396.0,31.9,36.0,10.1
2026-03-06 02:00:00,2026,3,6,2,Đồng Nai,Phường Tam Hiệp,10.9510733,106.858145,74,Moderate,1,24.5,97,0.0,4.4,322,1007.9,100,27.6,29.5,347.0,34.1,31.0,10.1
2026-03-06 03:00:00,2026,3,6,3,Đồng Nai,Phường Tam Hiệp,10.9510733,106.858145,74,Moderate,1,24.4,99,0.0,5.5,324,1007.2,55,30.2,32.2,286.0,37.3,26.0,10.3
2026-03-06 04:00:00,2026,3,6,4,Đồng Nai,Phường Tam Hiệp,10.9510733,106.858145,75,Moderate,1,24.1,98,0.0,4.3,327,1007.1,31,31.2,33.2,246.0,40.2,21.0,11.3
2026-03-06 05:00:00,2026,3,6,5,Đồng Nai,Phường Tam Hiệp,10.9510733,106.858145,75,Moderate,1,23.9,96,0.1,4.8,329,1007.5,25,35.6,37.7,245.0,43.3,14.0,13.7
2026-03-06 06:00:00,2026,3,6,6,Đồng Nai,Phường Tam Hiệp,10.9510733,106.858145,76,Moderate,1,23.8,98,0.0,6.1,328,1008.3,36,43.2,45.3,265.0,46.0,9.0,16.8
2026-03-06 07:00:00,2026,3,6,7,Đồng Nai,Phường Tam Hiệp,10.9510733,106.858145,78,Moderate,1,24.8,92,0.0,6.1,313,1009.1,13,45.2,45.8,279.0,44.3,17.0,23.5
2026-03-06 08:00:00,2026,3,6,8,Đồng Nai,Phường Tam Hiệp,10.9510733,106.858145,79,Moderate,1,26.0,86,0.0,6.6,311,1009.9,31,42.0,42.8,277.0,39.4,42.0,22.5
2026-03-06 09:00:00,2026,3,6,9,Đồng Nai,Phường Tam Hiệp,10.9510733,106.858145,81,Moderate,1,27.4,81,0.1,6.2,314,1010.6,29,34.3,35.4,269.0,32.4,77.0,20.9
2026-03-06 10:00:00,2026,3,6,10,Đồng Nai,Phường Tam Hiệp,10.9510733,106.858145,82,Moderate,1,28.5,75,0.1,4.8,312,1010.8,12,33.4,34.5,261.0,25.7,110.0,19.2
2026-03-06 11:00:00,2026,3,6,11,Đồng Nai,Phường Tam Hiệp,10.9510733,106.858145,83,Moderate,1,29.7,71,0.1,5.2,304,1010.2,10,34.0,35.0,256.0,19.3,141.0,17.0
2026-03-06 12:00:00,2026,3,6,12,Đồng Nai,Phường Tam Hiệp,10.9510733,106.858145,84,Moderate,1,30.4,68,0.1,2.6,304,1009.2,41,34.1,35.0,252.0,13.1,170.0,14.6
2026-03-06 13:00:00,2026,3,6,13,Đồng Nai,Phường Tam Hiệp,10.9510733,106.858145,86,Moderate,1,30.6,62,0.2,3.1,332,1008.6,99,33.3,34.1,247.0,9.8,190.0,12.8
2026-03-06 14:00:00,2026,3,6,14,Đồng Nai,Phường Tam Hiệp,10.9510733,106.858145,87,Moderate,1,28.1,70,1.9,7.3,152,1007.5,78,34.1,34.9,233.0,10.7,198.0,12.0
2026-03-06 15:00:00,2026,3,6,15,Đồng Nai,Phường Tam Hiệp,10.9510733,106.858145,89,Moderate,1,26.9,77,1.7,5.4,220,1006.5,26,35.0,35.9,219.0,14.3,195.0,11.8
2026-03-06 16:00:00,2026,3,6,16,Đồng Nai,Phường Tam Hiệp,10.9510733,106.858145,105,Unhealthy for Sensitive Groups,2,26.6,75,3.4,10.8,144,1007.5,73,38.3,39.1,226.0,19.1,182.0,11.5
2026-03-06 17:00:00,2026,3,6,17,Đồng Nai,Phường Tam Hiệp,10.9510733,106.858145,135,Unhealthy for Sensitive Groups,2,23.0,95,10.4,8.0,95,1008.6,100,31.3,31.8,273.0,24.7,151.0,10.5
2026-03-06 18:00:00,2026,3,6,18,Đồng Nai,Phường Tam Hiệp,10.9510733,106.858145,151,Unhealthy,3,22.7,97,4.6,6.0,141,1008.2,100,25.9,26.4,341.0,31.4,108.0,9.6
2026-03-06 19:00:00,2026,3,6,19,Đồng Nai,Phường Tam Hiệp,10.9510733,106.858145,150,Unhealthy for Sensitive Groups,2,24.2,88,2.7,3.6,261,1008.0,66,23.3,23.6,402.0,32.1,79.0,10.1
2026-03-06 20:00:00,2026,3,6,20,Đồng Nai,Phường Tam Hiệp,10.9510733,106.858145,137,Unhealthy for Sensitive Groups,2,23.6,94,0.0,3.8,319,1009.1,52,29.9,30.2,455.0,39.5,69.0,15.0
2026-03-06 21:00:00,2026,3,6,21,Đồng Nai,Phường Tam Hiệp,10.9510733,106.858145,116,Unhealthy for Sensitive Groups,2,23.4,96,0.0,2.7,352,1009.8,53,40.2,40.4,500.0,49.8,54.0,21.9
2026-03-06 22:00:00,2026,3,6,22,Đồng Nai,Phường Tam Hiệp,10.9510733,106.858145,94,Moderate,1,23.6,94,0.0,4.6,306,1010.2,6,50.4,50.8,507.0,59.1,41.0,27.4
2026-03-06 23:00:00,2026,3,6,23,Đồng Nai,Phường Tam Hiệp,10.9510733,106.858145,96,Moderate,1,23.5,96,0.0,2.9,300,1010.5,17,58.3,58.6,443.0,66.2,31.0,30.5
2026-03-07 00:00:00,2026,3,7,0,Đồng Nai,Phường Tam Hiệp,10.9510733,106.858145,99,Moderate,1,23.4,96,0.0,0.4,243,1010.3,2,61.2,61.5,342.0,72.3,21.0,32.2
2026-03-07 01:00:00,2026,3,7,1,Đồng Nai,Phường Tam Hiệp,10.9510733,106.858145,103,Unhealthy for Sensitive Groups,2,23.9,97,0.0,2.0,265,1009.3,6,63.6,63.8,274.0,76.6,14.0,33.1
2026-03-07 02:00:00,2026,3,7,2,Đồng Nai,Phường Tam Hiệp,10.9510733,106.858145,107,Unhealthy for Sensitive Groups,2,23.5,98,0.0,3.1,301,1008.6,28,66.1,66.4,275.0,79.0,8.0,33.0
2026-03-07 03:00:00,2026,3,7,3,Đồng Nai,Phường Tam Hiệp,10.9510733,106.858145,111,Unhealthy for Sensitive Groups,2,23.5,98,0.0,3.7,313,1008.3,85,68.5,68.7,308.0,79.7,3.0,31.9
2026-03-07 04:00:00,2026,3,7,4,Đồng Nai,Phường Tam Hiệp,10.9510733,106.858145,115,Unhealthy for Sensitive Groups,2,23.5,99,0.0,5.0,300,1008.4,100,70.5,70.8,339.0,78.6,3.0,30.8
2026-03-07 05:00:00,2026,3,7,5,Đồng Nai,Phường Tam Hiệp,10.9510733,106.858145,119,Unhealthy for Sensitive Groups,2,23.5,99,0.0,3.1,339,1008.9,100,72.6,72.9,358.0,75.6,6.0,30.0
2026-03-07 06:00:00,2026,3,7,6,Đồng Nai,Phường Tam Hiệp,10.9510733,106.858145,123,Unhealthy for Sensitive Groups,2,23.5,98,0.0,4.9,17,1009.2,100,75.2,75.4,373.0,70.9,13.0,29.2
2026-03-07 07:00:00,2026,3,7,7,Đồng Nai,Phường Tam Hiệp,10.9510733,106.858145,126,Unhealthy for Sensitive Groups,2,23.9,97,0.0,3.5,55,1010.1,8,69.4,70.1,376.0,60.3,24.0,20.1
2026-03-07 08:00:00,2026,3,7,8,Đồng Nai,Phường Tam Hiệp,10.9510733,106.858145,128,Unhealthy for Sensitive Groups,2,25.3,90,0.0,4.3,24,1010.9,24,58.9,59.6,358.0,50.2,53.0,18.1
2026-03-07 09:00:00,2026,3,7,9,Đồng Nai,Phường Tam Hiệp,10.9510733,106.858145,130,Unhealthy for Sensitive Groups,2,27.0,80,0.0,3.4,47,1011.4,9,38.8,39.8,328.0,36.2,93.0,15.3
2026-03-07 10:00:00,2026,3,7,10,Đồng Nai,Phường Tam Hiệp,10.9510733,106.858145,131,Unhealthy for Sensitive Groups,2,28.5,72,0.0,1.8,90,1011.3,99,26.6,28.2,302.0,24.3,127.0,12.6
2026-03-07 11:00:00,2026,3,7,11,Đồng Nai,Phường Tam Hiệp,10.9510733,106.858145,130,Unhealthy for Sensitive Groups,2,29.6,66,0.1,2.1,105,1010.8,100,22.3,23.4,287.0,16.8,148.0,10.1
2026-03-07 12:00:00,2026,3,7,12,Đồng Nai,Phường Tam Hiệp,10.9510733,106.858145,129,Unhealthy for Sensitive Groups,2,30.5,62,0.0,1.0,68,1009.7,53,19.6,20.5,276.0,11.4,163.0,7.7
2026-03-07 13:00:00,2026,3,7,13,Đồng Nai,Phường Tam Hiệp,10.9510733,106.858145,127,Unhealthy for Sensitive Groups,2,30.3,60,0.1,1.3,34,1009.0,43,18.0,18.9,266.0,8.3,174.0,6.1
2026-03-07 14:00:00,2026,3,7,14,Đồng Nai,Phường Tam Hiệp,10.9510733,106.858145,126,Unhealthy for Sensitive Groups,2,30.9,61,0.0,1.8,323,1007.9,45,17.6,18.5,251.0,7.2,184.0,5.7
2026-03-07 15:00:00,2026,3,7,15,Đồng Nai,Phường Tam Hiệp,10.9510733,106.858145,124,Unhealthy for Sensitive Groups,2,30.6,61,0.0,1.3,214,1007.4,36,20.1,21.2,237.0,8.2,190.0,6.0
2026-03-07 16:00:00,2026,3,7,16,Đồng Nai,Phường Tam Hiệp,10.9510733,106.858145,122,Unhealthy for Sensitive Groups,2,30.4,61,0.0,4.1,15,1006.9,78,19.4,20.5,238.0,12.1,185.0,7.1
2026-03-07 17:00:00,2026,3,7,17,Đồng Nai,Phường Tam Hiệp,10.9510733,106.858145,135,Unhealthy for Sensitive Groups,2,25.5,87,2.8,7.2,117,1008.1,99,21.2,22.5,260.0,21.2,160.0,9.2
2026-03-07 18:00:00,2026,3,7,18,Đồng Nai,Phường Tam Hiệp,10.9510733,106.858145,150,Unhealthy for Sensitive Groups,2,24.9,89,1.4,10.0,72,1008.5,54,31.8,33.5,298.0,33.2,124.0,12.1
2026-03-07 19:00:00,2026,3,7,19,Đồng Nai,Phường Tam Hiệp,10.9510733,106.858145,149,Unhealthy for Sensitive Groups,2,24.6,91,1.9,1.5,306,1009.5,87,32.2,35.5,348.0,33.8,81.0,9.8
2026-03-07 20:00:00,2026,3,7,20,Đồng Nai,Phường Tam Hiệp,10.9510733,106.858145,135,Unhealthy for Sensitive Groups,2,24.5,92,0.6,4.8,167,1009.4,5,29.2,31.2,423.0,34.5,73.0,10.4
2026-03-07 21:00:00,2026,3,7,21,Đồng Nai,Phường Tam Hiệp,10.9510733,106.858145,121,Unhealthy for Sensitive Groups,2,24.3,96,0.0,3.0,218,1009.8,8,29.8,31.5,511.0,35.6,61.0,11.2
2026-03-07 22:00:00,2026,3,7,22,Đồng Nai,Phường Tam Hiệp,10.9510733,106.858145,120,Unhealthy for Sensitive Groups,2,24.2,96,0.0,1.7,328,1010.2,3,31.9,33.5,570.0,36.7,52.0,11.8
2026-03-07 23:00:00,2026,3,7,23,Đồng Nai,Phường Tam Hiệp,10.9510733,106.858145,118,Unhealthy for Sensitive Groups,2,24.1,97,0.0,1.0,112,1010.4,5,34.5,36.4,581.0,37.9,47.0,12.2
2026-03-08 00:00:00,2026,3,8,0,Đồng Nai,Phường Tam Hiệp,10.9510733,106.858145,115,Unhealthy for Sensitive Groups,2,24.0,97,0.0,0.7,90,1010.1,1,36.3,38.4,564.0,39.2,44.0,12.4
2026-03-08 01:00:00,2026,3,8,1,Đồng Nai,Phường Tam Hiệp,10.9510733,106.858145,113,Unhealthy for Sensitive Groups,2,24.5,100,0.0,0.7,346,1009.5,100,38.6,40.9,535.0,40.4,40.0,12.4
2026-03-08 02:00:00,2026,3,8,2,Đồng Nai,Phường Tam Hiệp,10.9510733,106.858145,110,Unhealthy for Sensitive Groups,2,24.1,100,0.0,3.4,328,1009.1,98,41.1,43.4,487.0,41.3,34.0,11.8
2026-03-08 03:00:00,2026,3,8,3,Đồng Nai,Phường Tam Hiệp,10.9510733,106.858145,108,Unhealthy for Sensitive Groups,2,23.8,99,0.3,2.7,340,1009.1,100,43.1,45.4,427.0,42.1,27.0,10.9
2026-03-08 04:00:00,2026,3,8,4,Đồng Nai,Phường Tam Hiệp,10.9510733,106.858145,105,Unhealthy for Sensitive Groups,2,23.6,99,0.6,6.5,347,1009.2,100,46.4,48.7,390.0,43.2,22.0,11.2
2026-03-08 05:00:00,2026,3,8,5,Đồng Nai,Phường Tam Hiệp,10.9510733,106.858145,102,Unhealthy for Sensitive Groups,2,23.5,100,0.2,6.7,340,1009.3,91,50.3,52.5,399.0,45.8,18.0,13.8
2026-03-08 06:00:00,2026,3,8,6,Đồng Nai,Phường Tam Hiệp,10.9510733,106.858145,100,Moderate,1,23.4,99,0.0,7.4,353,1009.9,95,55.4,57.3,431.0,48.7,16.0,17.6
2026-03-08 07:00:00,2026,3,8,7,Đồng Nai,Phường Tam Hiệp,10.9510733,106.858145,98,Moderate,1,23.6,85,0.0,7.1,10,1010.8,0,57.0,58.3,448.0,45.0,26.0,15.9
2026-03-08 08:00:00,2026,3,8,8,Đồng Nai,Phường Tam Hiệp,10.9510733,106.858145,97,Moderate,1,24.5,77,0.0,5.9,2,1011.3,0,43.8,45.3,429.0,40.3,51.0,15.6
2026-03-08 09:00:00,2026,3,8,9,Đồng Nai,Phường Tam Hiệp,10.9510733,106.858145,96,Moderate,1,26.0,71,0.0,3.4,357,1011.6,0,34.2,36.3,394.0,33.5,87.0,15.2
2026-03-08 10:00:00,2026,3,8,10,Đồng Nai,Phường Tam Hiệp,10.9510733,106.858145,95,Moderate,1,27.6,67,0.0,1.4,360,1011.4,0,31.5,33.8,367.0,27.0,120.0,14.2
2026-03-08 11:00:00,2026,3,8,11,Đồng Nai,Phường Tam Hiệp,10.9510733,106.858145,96,Moderate,1,29.0,63,0.0,0.3,315,1010.9,0,30.0,32.2,357.0,20.9,147.0,12.3
2026-03-08 12:00:00,2026,3,8,12,Đồng Nai,Phường Tam Hiệp,10.9510733,106.858145,97,Moderate,1,29.9,59,0.0,1.9,221,1009.7,4,27.9,30.4,354.0,15.0,172.0,9.8
2026-03-08 13:00:00,2026,3,8,13,Đồng Nai,Phường Tam Hiệp,10.9510733,106.858145,97,Moderate,1,30.3,57,0.0,2.7,208,1008.9,13,26.4,29.1,353.0,11.0,189.0,7.9
2026-03-08 14:00:00,2026,3,8,14,Đồng Nai,Phường Tam Hiệp,10.9510733,106.858145,98,Moderate,1,30.9,56,0.0,2.3,176,1007.9,17,25.4,28.3,355.0,9.0,200.0,6.8
2026-03-08 15:00:00,2026,3,8,15,Đồng Nai,Phường Tam Hiệp,10.9510733,106.858145,99,Moderate,1,30.9,55,0.0,3.1,170,1007.0,9,24.1,27.0,360.0,8.9,204.0,6.3
2026-03-08 16:00:00,2026,3,8,16,Đồng Nai,Phường Tam Hiệp,10.9510733,106.858145,115,Unhealthy for Sensitive Groups,2,30.9,54,0.0,2.7,208,1006.9,9,22.9,25.7,361.0,11.9,196.0,6.7
2026-03-08 17:00:00,2026,3,8,17,Đồng Nai,Phường Tam Hiệp,10.9510733,106.858145,146,Unhealthy for Sensitive Groups,2,30.6,55,0.0,2.6,231,1006.8,16,22.6,25.3,351.0,20.7,168.0,8.9
2026-03-08 18:00:00,2026,3,8,18,Đồng Nai,Phường Tam Hiệp,10.9510733,106.858145,160,Unhealthy,3,28.4,68,0.0,9.6,176,1007.0,2,31.0,34.5,338.0,32.7,128.0,12.1
2026-03-08 19:00:00,2026,3,8,19,Đồng Nai,Phường Tam Hiệp,10.9510733,106.858145,161,Unhealthy,3,26.4,76,0.0,13.4,163,1007.8,0,35.4,39.0,337.0,40.8,94.0,14.2
2026-03-08 20:00:00,2026,3,8,20,Đồng Nai,Phường Tam Hiệp,10.9510733,106.858145,153,Unhealthy,3,25.8,82,0.0,9.0,180,1008.5,4,28.9,31.7,359.0,38.1,87.0,13.9
2026-03-08 21:00:00,2026,3,8,21,Đồng Nai,Phường Tam Hiệp,10.9510733,106.858145,136,Unhealthy for Sensitive Groups,2,25.5,85,0.0,7.2,167,1009.1,0,24.2,26.8,393.0,34.6,78.0,13.4
2026-03-08 22:00:00,2026,3,8,22,Đồng Nai,Phường Tam Hiệp,10.9510733,106.858145,112,Unhealthy for Sensitive Groups,2,25.2,88,0.0,6.5,161,1009.3,0,21.5,24.1,427.0,32.5,69.0,12.9
2026-03-08 23:00:00,2026,3,8,23,Đồng Nai,Phường Tam Hiệp,10.9510733,106.858145,98,Moderate,1,24.8,92,0.0,3.2,164,1009.6,1,20.4,22.9,452.0,32.6,62.0,12.2
2026-03-09 00:00:00,2026,3,9,0,Đồng Nai,Phường Tam Hiệp,10.9510733,106.858145,97,Moderate,1,24.5,92,0.0,2.8,63,1009.8,7,20.3,22.8,477.0,34.3,56.0,11.6
2026-03-09 01:00:00,2026,3,9,1,Đồng Nai,Phường Tam Hiệp,10.9510733,106.858145,96,Moderate,1,24.6,94,0.0,1.1,360,1009.4,2,24.2,26.8,514.0,38.0,49.0,11.9
2026-03-09 02:00:00,2026,3,9,2,Đồng Nai,Phường Tam Hiệp,10.9510733,106.858145,94,Moderate,1,24.5,95,0.0,3.3,299,1009.0,1,31.1,34.1,577.0,45.5,38.0,13.5
2026-03-09 03:00:00,2026,3,9,3,Đồng Nai,Phường Tam Hiệp,10.9510733,106.858145,93,Moderate,1,24.2,97,0.0,4.1,311,1008.6,8,37.7,41.0,653.0,55.1,25.0,16.0
2026-03-09 04:00:00,2026,3,9,4,Đồng Nai,Phường Tam Hiệp,10.9510733,106.858145,93,Moderate,1,24.0,97,0.0,4.3,318,1008.7,2,41.7,45.2,716.0,61.8,16.0,19.4
2026-03-09 05:00:00,2026,3,9,5,Đồng Nai,Phường Tam Hiệp,10.9510733,106.858145,93,Moderate,1,23.9,97,0.0,4.6,329,1009.3,5,42.7,46.6,770.0,63.8,12.0,25.0
2026-03-09 06:00:00,2026,3,9,6,Đồng Nai,Phường Tam Hiệp,10.9510733,106.858145,92,Moderate,1,23.6,97,0.0,5.0,334,1010.0,3,46.6,50.5,812.0,63.0,12.0,31.4
2026-03-09 07:00:00,2026,3,9,7,Đồng Nai,Phường Tam Hiệp,10.9510733,106.858145,91,Moderate,1,24.3,95,0.0,4.1,337,1010.8,2,54.2,59.1,807.0,59.9,20.0,29.5
2026-03-09 08:00:00,2026,3,9,8,Đồng Nai,Phường Tam Hiệp,10.9510733,106.858145,91,Moderate,1,25.9,85,0.0,2.2,351,1011.5,4,44.6,49.7,721.0,52.4,47.0,26.7
2026-03-09 09:00:00,2026,3,9,9,Đồng Nai,Phường Tam Hiệp,10.9510733,106.858145,91,Moderate,1,27.3,76,0.0,0.6,342,1011.9,2,33.1,37.4,588.0,41.7,86.0,22.6
2026-03-09 10:00:00,2026,3,9,10,Đồng Nai,Phường Tam Hiệp,10.9510733,106.858145,91,Moderate,1,28.7,70,0.0,1.0,225,1011.8,3,29.0,32.2,474.0,32.2,117.0,18.6
2026-03-09 11:00:00,2026,3,9,11,Đồng Nai,Phường Tam Hiệp,10.9510733,106.858145,91,Moderate,1,29.9,67,0.0,1.3,180,1011.2,9,25.6,27.2,401.0,24.7,136.0,14.6
2026-03-09 12:00:00,2026,3,9,12,Đồng Nai,Phường Tam Hiệp,10.9510733,106.858145,90,Moderate,1,30.4,64,0.1,3.5,102,1010.1,18,22.5,23.9,347.0,18.4,148.0,10.6
2026-03-09 13:00:00,2026,3,9,13,Đồng Nai,Phường Tam Hiệp,10.9510733,106.858145,90,Moderate,1,30.5,59,0.1,1.3,56,1009.2,10,18.3,19.5,309.0,14.2,154.0,7.6
2026-03-09 14:00:00,2026,3,9,14,Đồng Nai,Phường Tam Hiệp,10.9510733,106.858145,89,Moderate,1,31.3,57,0.0,1.9,22,1008.4,8,25.7,27.5,292.0,12.7,154.0,6.0
2026-03-09 15:00:00,2026,3,9,15,Đồng Nai,Phường Tam Hiệp,10.9510733,106.858145,89,Moderate,1,31.5,56,0.0,1.2,51,1007.9,13,18.9,20.0,290.0,13.4,147.0,5.5
2026-03-09 16:00:00,2026,3,9,16,Đồng Nai,Phường Tam Hiệp,10.9510733,106.858145,89,Moderate,1,31.2,56,0.0,0.4,117,1007.8,5,17.3,19.2,290.0,16.3,136.0,5.9
2026-03-09 17:00:00,2026,3,9,17,Đồng Nai,Phường Tam Hiệp,10.9510733,106.858145,96,Moderate,1,28.7,67,0.1,13.8,141,1008.3,45,19.4,22.2,286.0,22.2,118.0,7.4
2026-03-09 18:00:00,2026,3,9,18,Đồng Nai,Phường Tam Hiệp,10.9510733,106.858145,103,Unhealthy for Sensitive Groups,2,26.0,83,0.1,7.1,139,1008.7,14,23.7,26.7,283.0,30.5,94.0,9.8
2026-03-09 19:00:00,2026,3,9,19,Đồng Nai,Phường Tam Hiệp,10.9510733,106.858145,98,Moderate,1,26.5,83,1.0,9.9,132,1008.9,11,35.7,38.9,280.0,43.1,65.0,12.4
2026-03-09 20:00:00,2026,3,9,20,Đồng Nai,Phường Tam Hiệp,10.9510733,106.858145,87,Moderate,1,26.0,85,0.0,4.8,329,1010.3,49,32.2,34.9,273.0,45.5,55.0,13.3
2026-03-09 21:00:00,2026,3,9,21,Đồng Nai,Phường Tam Hiệp,10.9510733,106.858145,87,Moderate,1,25.1,90,0.4,4.2,282,1010.9,52,30.2,32.6,266.0,49.0,42.0,14.5
2026-03-09 22:00:00,2026,3,9,22,Đồng Nai,Phường Tam Hiệp,10.9510733,106.858145,88,Moderate,1,25.3,89,0.1,1.5,249,1010.9,95,38.4,41.4,275.0,53.3,30.0,15.8
2026-03-09 23:00:00,2026,3,9,23,Đồng Nai,Phường Tam Hiệp,10.9510733,106.858145,89,Moderate,1,25.1,94,0.0,2.4,228,1011.0,58,42.3,45.6,305.0,58.9,22.0,17.1
2026-03-10 00:00:00,2026,3,10,0,Đồng Nai,Phường Tam Hiệp,10.9510733,106.858145,91,Moderate,1,25.0,93,0.0,2.0,260,1011.0,27,43.3,47.0,350.0,65.3,15.0,18.3
2026-03-10 01:00:00,2026,3,10,1,Đồng Nai,Phường Tam Hiệp,10.9510733,106.858145,93,Moderate,1,25.5,93,0.0,6.4,243,1010.3,52,47.4,51.3,413.0,70.0,10.0,19.5
2026-03-10 02:00:00,2026,3,10,2,Đồng Nai,Phường Tam Hiệp,10.9510733,106.858145,96,Moderate,1,25.2,94,0.0,4.3,270,1010.0,29,53.2,57.3,519.0,72.3,6.0,20.3
2026-03-10 03:00:00,2026,3,10,3,Đồng Nai,Phường Tam Hiệp,10.9510733,106.858145,97,Moderate,1,24.8,96,0.0,5.0,325,1009.4,5,60.8,64.5,641.0,73.0,2.0,21.1
2026-03-10 04:00:00,2026,3,10,4,Đồng Nai,Phường Tam Hiệp,10.9510733,106.858145,100,Moderate,1,24.4,97,0.0,7.3,344,1009.5,26,63.1,66.6,703.0,71.7,2.0,22.1
2026-03-10 05:00:00,2026,3,10,5,Đồng Nai,Phường Tam Hiệp,10.9510733,106.858145,102,Unhealthy for Sensitive Groups,2,24.1,96,0.0,5.1,342,1009.8,20,57.2,60.5,652.0,68.1,4.0,24.4
2026-03-10 06:00:00,2026,3,10,6,Đồng Nai,Phường Tam Hiệp,10.9510733,106.858145,103,Unhealthy for Sensitive Groups,2,24.0,96,0.0,5.6,320,1010.3,73,55.8,59.1,541.0,62.5,8.0,27.1
2026-03-10 07:00:00,2026,3,10,7,Đồng Nai,Phường Tam Hiệp,10.9510733,106.858145,104,Unhealthy for Sensitive Groups,2,25.2,90,0.0,3.8,349,1011.1,11,46.8,49.8,443.0,55.0,17.0,25.0
2026-03-10 08:00:00,2026,3,10,8,Đồng Nai,Phường Tam Hiệp,10.9510733,106.858145,103,Unhealthy for Sensitive Groups,2,26.2,85,0.0,3.4,354,1012.0,1,40.5,43.8,387.0,48.0,41.0,22.5
2026-03-10 09:00:00,2026,3,10,9,Đồng Nai,Phường Tam Hiệp,10.9510733,106.858145,103,Unhealthy for Sensitive Groups,2,27.6,78,0.0,1.1,360,1012.1,2,28.6,30.9,345.0,38.1,75.0,18.9
2026-03-10 10:00:00,2026,3,10,10,Đồng Nai,Phường Tam Hiệp,10.9510733,106.858145,102,Unhealthy for Sensitive Groups,2,29.3,71,0.0,0.4,333,1012.3,7,21.6,23.2,307.0,29.1,102.0,15.2
2026-03-10 11:00:00,2026,3,10,11,Đồng Nai,Phường Tam Hiệp,10.9510733,106.858145,102,Unhealthy for Sensitive Groups,2,30.5,65,0.0,0.7,14,1011.6,9,18.2,19.2,267.0,21.6,118.0,11.3
2026-03-10 12:00:00,2026,3,10,12,Đồng Nai,Phường Tam Hiệp,10.9510733,106.858145,101,Unhealthy for Sensitive Groups,2,31.4,60,0.0,2.3,45,1010.4,30,15.3,15.9,232.0,15.0,128.0,7.3
2026-03-10 13:00:00,2026,3,10,13,Đồng Nai,Phường Tam Hiệp,10.9510733,106.858145,100,Moderate,1,31.8,58,0.0,5.6,40,1009.7,59,14.5,15.1,209.0,11.3,132.0,4.7
2026-03-10 14:00:00,2026,3,10,14,Đồng Nai,Phường Tam Hiệp,10.9510733,106.858145,100,Moderate,1,31.5,55,0.0,6.4,54,1008.8,30,15.1,15.9,198.0,11.3,130.0,4.0
2026-03-10 15:00:00,2026,3,10,15,Đồng Nai,Phường Tam Hiệp,10.9510733,106.858145,99,Moderate,1,31.8,53,0.0,6.0,63,1008.2,22,17.6,20.1,200.0,14.1,123.0,4.6
2026-03-10 16:00:00,2026,3,10,16,Đồng Nai,Phường Tam Hiệp,10.9510733,106.858145,99,Moderate,1,30.1,58,0.1,3.5,69,1008.3,43,20.7,23.4,229.0,19.5,112.0,6.2
2026-03-10 17:00:00,2026,3,10,17,Đồng Nai,Phường Tam Hiệp,10.9510733,106.858145,99,Moderate,1,28.8,69,0.0,9.4,180,1008.5,27,23.2,26.0,302.0,28.8,97.0,9.1
2026-03-10 18:00:00,2026,3,10,18,Đồng Nai,Phường Tam Hiệp,10.9510733,106.858145,99,Moderate,1,27.7,78,0.0,7.2,167,1008.8,24,30.3,33.4,401.0,40.6,80.0,12.9
2026-03-10 19:00:00,2026,3,10,19,Đồng Nai,Phường Tam Hiệp,10.9510733,106.858145,100,Moderate,1,25.8,86,0.0,12.7,128,1010.2,43,33.8,36.2,488.0,53.0,45.0,14.0
2026-03-10 20:00:00,2026,3,10,20,Đồng Nai,Phường Tam Hiệp,10.9510733,106.858145,100,Moderate,1,25.1,89,0.1,7.5,145,1010.5,56,42.7,45.3,547.0,59.8,34.0,16.8
2026-03-10 21:00:00,2026,3,10,21,Đồng Nai,Phường Tam Hiệp,10.9510733,106.858145,101,Unhealthy for Sensitive Groups,2,24.7,93,0.0,6.0,151,1010.9,13,51.5,54.2,593.0,68.8,19.0,20.4
2026-03-10 22:00:00,2026,3,10,22,Đồng Nai,Phường Tam Hiệp,10.9510733,106.858145,103,Unhealthy for Sensitive Groups,2,24.8,94,0.0,0.4,117,1011.1,4,54.4,57.0,634.0,73.7,9.0,22.0
2026-03-10 23:00:00,2026,3,10,23,Đồng Nai,Phường Tam Hiệp,10.9510733,106.858145,105,Unhealthy for Sensitive Groups,2,24.6,94,0.0,2.4,351,1011.1,80,51.9,54.4,681.0,70.4,8.0,19.4
2026-03-11 00:00:00,2026,3,11,0,Đồng Nai,Phường Tam Hiệp,10.9510733,106.858145,106,Unhealthy for Sensitive Groups,2,24.2,96,0.0,5.5,351,1010.8,9,46.3,48.5,723.0,62.8,11.0,14.8
2026-03-11 01:00:00,2026,3,11,1,Đồng Nai,Phường Tam Hiệp,10.9510733,106.858145,106,Unhealthy for Sensitive Groups,2,24.7,94,0.0,2.8,342,1010.3,42,39.7,41.8,731.0,56.5,13.0,11.5
2026-03-11 02:00:00,2026,3,11,2,Đồng Nai,Phường Tam Hiệp,10.9510733,106.858145,105,Unhealthy for Sensitive Groups,2,24.8,95,0.0,2.8,11,1009.8,75,36.7,38.9,683.0,53.4,11.0,10.8
2026-03-11 03:00:00,2026,3,11,3,Đồng Nai,Phường Tam Hiệp,10.9510733,106.858145,104,Unhealthy for Sensitive Groups,2,24.5,92,0.0,3.8,25,1009.3,83,37.1,39.2,602.0,51.6,9.0,11.5
2026-03-11 04:00:00,2026,3,11,4,Đồng Nai,Phường Tam Hiệp,10.9510733,106.858145,101,Unhealthy for Sensitive Groups,2,24.1,87,0.0,4.7,32,1009.2,68,39.2,41.2,529.0,50.2,9.0,12.6
2026-03-11 05:00:00,2026,3,11,5,Đồng Nai,Phường Tam Hiệp,10.9510733,106.858145,99,Moderate,1,23.5,88,0.0,5.4,26,1009.3,65,41.2,43.2,478.0,49.7,11.0,14.4
2026-03-11 06:00:00,2026,3,11,6,Đồng Nai,Phường Tam Hiệp,10.9510733,106.858145,97,Moderate,1,23.2,92,0.0,5.2,29,1009.7,95,42.4,44.2,434.0,49.7,15.0,16.6
2026-03-11 07:00:00,2026,3,11,7,Đồng Nai,Phường Tam Hiệp,10.9510733,106.858145,96,Moderate,1,24.4,91,0.0,3.5,24,1010.5,67,39.7,40.3,397.0,43.5,35.0,11.0
2026-03-11 08:00:00,2026,3,11,8,Đồng Nai,Phường Tam Hiệp,10.9510733,106.858145,96,Moderate,1,25.7,86,0.0,2.8,18,1011.4,96,29.3,29.8,366.0,38.2,60.0,10.7
2026-03-11 09:00:00,2026,3,11,9,Đồng Nai,Phường Tam Hiệp,10.9510733,106.858145,95,Moderate,1,27.2,78,0.0,2.7,8,1011.9,89,20.7,21.4,340.0,30.8,96.0,10.3
2026-03-11 10:00:00,2026,3,11,10,Đồng Nai,Phường Tam Hiệp,10.9510733,106.858145,94,Moderate,1,28.6,70,0.0,2.5,356,1011.7,90,18.3,19.0,318.0,24.1,129.0,10.0
2026-03-11 11:00:00,2026,3,11,11,Đồng Nai,Phường Tam Hiệp,10.9510733,106.858145,94,Moderate,1,29.6,66,0.1,2.5,352,1010.9,77,17.9,18.7,299.0,19.0,157.0,10.0
2026-03-11 12:00:00,2026,3,11,12,Đồng Nai,Phường Tam Hiệp,10.9510733,106.858145,94,Moderate,1,30.5,60,0.0,2.3,331,1009.8,77,18.5,19.4,283.0,14.6,183.0,10.2
2026-03-11 13:00:00,2026,3,11,13,Đồng Nai,Phường Tam Hiệp,10.9510733,106.858145,94,Moderate,1,31.3,52,0.0,3.3,338,1008.7,27,20.5,21.7,271.0,11.7,202.0,10.4
2026-03-11 14:00:00,2026,3,11,14,Đồng Nai,Phường Tam Hiệp,10.9510733,106.858145,94,Moderate,1,31.6,51,0.0,4.3,355,1007.8,91,22.2,23.5,259.0,10.4,215.0,10.5
2026-03-11 15:00:00,2026,3,11,15,Đồng Nai,Phường Tam Hiệp,10.9510733,106.858145,96,Moderate,1,31.8,50,0.0,0.4,297,1007.1,24,23.0,24.3,251.0,10.6,220.0,10.6
2026-03-11 16:00:00,2026,3,11,16,Đồng Nai,Phường Tam Hiệp,10.9510733,106.858145,135,Unhealthy for Sensitive Groups,2,31.6,49,0.0,2.8,162,1006.8,14,23.4,24.7,253.0,12.7,213.0,10.8
2026-03-11 17:00:00,2026,3,11,17,Đồng Nai,Phường Tam Hiệp,10.9510733,106.858145,163,Unhealthy,3,30.9,53,0.0,7.7,159,1006.9,9,23.1,24.6,274.0,18.3,183.0,11.3
2026-03-11 18:00:00,2026,3,11,18,Đồng Nai,Phường Tam Hiệp,10.9510733,106.858145,177,Unhealthy,3,27.9,69,0.0,16.6,171,1007.3,13,26.6,29.3,306.0,25.8,140.0,11.9
2026-03-11 19:00:00,2026,3,11,19,Đồng Nai,Phường Tam Hiệp,10.9510733,106.858145,179,Unhealthy,3,27.4,73,0.0,12.6,176,1008.0,17,20.6,22.8,330.0,28.7,106.0,11.8
2026-03-11 20:00:00,2026,3,11,20,Đồng Nai,Phường Tam Hiệp,10.9510733,106.858145,171,Unhealthy,3,27.0,76,0.0,12.5,165,1008.8,34,18.2,20.1,338.0,27.3,97.0,11.1
2026-03-11 21:00:00,2026,3,11,21,Đồng Nai,Phường Tam Hiệp,10.9510733,106.858145,157,Unhealthy,3,26.0,80,0.0,11.6,154,1009.1,15,16.2,18.2,339.0,25.5,84.0,10.1
2026-03-11 22:00:00,2026,3,11,22,Đồng Nai,Phường Tam Hiệp,10.9510733,106.858145,134,Unhealthy for Sensitive Groups,2,25.4,81,0.0,7.5,132,1009.8,68,15.8,17.6,339.0,25.1,72.0,9.4
2026-03-11 23:00:00,2026,3,11,23,Đồng Nai,Phường Tam Hiệp,10.9510733,106.858145,104,Unhealthy for Sensitive Groups,2,25.0,85,0.0,2.5,94,1010.0,63,17.3,19.0,338.0,27.1,63.0,9.4
2026-03-12 00:00:00,2026,3,12,0,Đồng Nai,Phường Tam Hiệp,10.9510733,106.858145,82,Moderate,1,25.2,81,0.0,0.2,180,1009.7,97,20.0,21.7,337.0,30.4,55.0,9.8
2026-03-12 01:00:00,2026,3,12,1,Đồng Nai,Phường Tam Hiệp,10.9510733,106.858145,80,Moderate,1,25.8,80,0.0,4.1,209,1008.9,89,23.2,25.0,340.0,33.7,47.0,10.2
2026-03-12 02:00:00,2026,3,12,2,Đồng Nai,Phường Tam Hiệp,10.9510733,106.858145,79,Moderate,1,25.1,88,0.0,3.7,191,1008.5,94,25.4,27.2,352.0,36.8,40.0,10.4
2026-03-12 03:00:00,2026,3,12,3,Đồng Nai,Phường Tam Hiệp,10.9510733,106.858145,78,Moderate,1,25.0,89,0.0,1.5,76,1008.4,77,28.8,30.6,369.0,40.0,33.0,10.5
2026-03-12 04:00:00,2026,3,12,4,Đồng Nai,Phường Tam Hiệp,10.9510733,106.858145,77,Moderate,1,25.0,83,0.0,3.5,66,1008.5,58,32.9,34.9,380.0,42.4,27.0,11.0
2026-03-12 05:00:00,2026,3,12,5,Đồng Nai,Phường Tam Hiệp,10.9510733,106.858145,76,Moderate,1,24.5,86,0.0,5.4,56,1008.9,100,34.3,36.6,381.0,44.5,19.0,12.1
2026-03-12 06:00:00,2026,3,12,6,Đồng Nai,Phường Tam Hiệp,10.9510733,106.858145,76,Moderate,1,24.4,85,0.0,5.8,60,1009.4,100,36.4,38.6,377.0,45.8,13.0,13.5
2026-03-12 07:00:00,2026,3,12,7,Đồng Nai,Phường Tam Hiệp,10.9510733,106.858145,75,Moderate,1,25.0,82,0.0,5.3,80,1010.1,66,46.6,49.4,370.0,44.9,22.0,13.7
2026-03-12 08:00:00,2026,3,12,8,Đồng Nai,Phường Tam Hiệp,10.9510733,106.858145,76,Moderate,1,26.6,72,0.0,3.9,127,1010.8,1,35.3,38.9,361.0,37.8,49.0,13.1
2026-03-12 09:00:00,2026,3,12,9,Đồng Nai,Phường Tam Hiệp,10.9510733,106.858145,76,Moderate,1,28.2,63,0.0,3.9,143,1010.9,2,28.1,32.0,349.0,27.8,86.0,12.3
2026-03-12 10:00:00,2026,3,12,10,Đồng Nai,Phường Tam Hiệp,10.9510733,106.858145,77,Moderate,1,29.5,59,0.0,3.1,177,1010.9,2,25.6,29.5,333.0,19.7,118.0,11.2
2026-03-12 11:00:00,2026,3,12,11,Đồng Nai,Phường Tam Hiệp,10.9510733,106.858145,78,Moderate,1,30.5,55,0.0,4.0,150,1010.0,5,23.1,26.7,310.0,15.2,138.0,9.7
2026-03-12 12:00:00,2026,3,12,12,Đồng Nai,Phường Tam Hiệp,10.9510733,106.858145,78,Moderate,1,31.6,49,0.0,3.2,146,1008.7,13,20.8,24.3,284.0,12.4,153.0,7.9
2026-03-12 13:00:00,2026,3,12,13,Đồng Nai,Phường Tam Hiệp,10.9510733,106.858145,78,Moderate,1,32.0,45,0.0,4.2,144,1007.9,12,19.4,22.8,265.0,10.9,161.0,6.6
2026-03-12 14:00:00,2026,3,12,14,Đồng Nai,Phường Tam Hiệp,10.9510733,106.858145,78,Moderate,1,32.1,44,0.0,4.1,135,1006.8,13,18.4,21.8,259.0,10.2,164.0,5.8
2026-03-12 15:00:00,2026,3,12,15,Đồng Nai,Phường Tam Hiệp,10.9510733,106.858145,78,Moderate,1,32.5,42,0.0,2.7,53,1005.9,11,18.0,21.7,260.0,10.7,160.0,5.4
2026-03-12 16:00:00,2026,3,12,16,Đồng Nai,Phường Tam Hiệp,10.9510733,106.858145,85,Moderate,1,32.3,41,0.0,6.3,156,1005.7,10,18.0,21.9,266.0,12.7,151.0,5.6
2026-03-12 17:00:00,2026,3,12,17,Đồng Nai,Phường Tam Hiệp,10.9510733,106.858145,107,Unhealthy for Sensitive Groups,2,28.6,64,0.0,19.2,163,1006.2,14,17.5,20.7,278.0,17.7,132.0,6.9
2026-03-12 18:00:00,2026,3,12,18,Đồng Nai,Phường Tam Hiệp,10.9510733,106.858145,117,Unhealthy for Sensitive Groups,2,27.8,65,0.0,11.8,151,1006.5,6,20.6,23.0,295.0,24.3,108.0,8.7
2026-03-12 19:00:00,2026,3,12,19,Đồng Nai,Phường Tam Hiệp,10.9510733,106.858145,115,Unhealthy for Sensitive Groups,2,27.6,71,0.0,12.4,170,1007.1,4,18.9,21.1,309.0,27.0,88.0,9.7
2026-03-12 20:00:00,2026,3,12,20,Đồng Nai,Phường Tam Hiệp,10.9510733,106.858145,104,Unhealthy for Sensitive Groups,2,26.5,75,0.0,12.1,155,1008.1,1,16.2,18.5,319.0,24.9,84.0,9.0
2026-03-12 21:00:00,2026,3,12,21,Đồng Nai,Phường Tam Hiệp,10.9510733,106.858145,89,Moderate,1,25.9,74,0.0,9.4,133,1009.0,5,14.4,16.4,327.0,22.1,79.0,7.9
2026-03-12 22:00:00,2026,3,12,22,Đồng Nai,Phường Tam Hiệp,10.9510733,106.858145,75,Moderate,1,25.4,75,0.0,9.1,129,1009.3,0,13.8,15.7,330.0,20.5,74.0,7.2
2026-03-12 23:00:00,2026,3,12,23,Đồng Nai,Phường Tam Hiệp,10.9510733,106.858145,75,Moderate,1,24.8,78,0.0,7.0,111,1009.6,0,13.9,15.5,325.0,20.9,69.0,6.9
2026-03-13 00:00:00,2026,3,13,0,Đồng Nai,Phường Tam Hiệp,10.9510733,106.858145,75,Moderate,1,24.4,79,0.0,6.3,95,1009.5,3,14.4,15.9,315.0,22.6,63.0,7.0
2026-03-13 01:00:00,2026,3,13,1,Đồng Nai,Phường Tam Hiệp,10.9510733,106.858145,74,Moderate,1,24.6,79,0.0,7.1,105,1008.9,8,16.9,18.4,307.0,24.6,57.0,7.1
2026-03-13 02:00:00,2026,3,13,2,Đồng Nai,Phường Tam Hiệp,10.9510733,106.858145,74,Moderate,1,24.3,81,0.0,5.2,92,1008.4,5,20.4,21.8,302.0,27.0,51.0,7.2
2026-03-13 03:00:00,2026,3,13,3,Đồng Nai,Phường Tam Hiệp,10.9510733,106.858145,73,Moderate,1,24.0,80,0.0,5.7,66,1008.2,3,24.0,25.6,299.0,29.9,44.0,7.5
2026-03-13 04:00:00,2026,3,13,4,Đồng Nai,Phường Tam Hiệp,10.9510733,106.858145,73,Moderate,1,23.8,79,0.0,5.6,63,1008.7,2,26.6,28.2,307.0,32.6,39.0,8.2
2026-03-13 05:00:00,2026,3,13,5,Đồng Nai,Phường Tam Hiệp,10.9510733,106.858145,72,Moderate,1,23.5,81,0.0,4.2,59,1008.8,5,27.7,29.5,338.0,36.1,32.0,9.8
2026-03-13 06:00:00,2026,3,13,6,Đồng Nai,Phường Tam Hiệp,10.9510733,106.858145,72,Moderate,1,23.2,82,0.0,3.2,71,1009.5,7,31.5,33.6,381.0,39.4,25.0,11.8
2026-03-13 07:00:00,2026,3,13,7,Đồng Nai,Phường Tam Hiệp,10.9510733,106.858145,71,Moderate,1,25.0,75,0.0,4.2,72,1010.4,16,35.7,38.3,404.0,35.6,37.0,10.2
2026-03-13 08:00:00,2026,3,13,8,Đồng Nai,Phường Tam Hiệp,10.9510733,106.858145,70,Moderate,1,26.2,66,0.0,3.8,93,1011.2,15,26.3,29.4,390.0,29.6,59.0,9.1
2026-03-13 09:00:00,2026,3,13,9,Đồng Nai,Phường Tam Hiệp,10.9510733,106.858145,70,Moderate,1,27.6,61,0.0,4.7,81,1011.4,0,20.7,24.4,357.0,21.2,89.0,7.4
2026-03-13 10:00:00,2026,3,13,10,Đồng Nai,Phường Tam Hiệp,10.9510733,106.858145,69,Moderate,1,29.1,55,0.0,4.9,80,1011.3,0,18.7,22.3,331.0,14.3,115.0,6.1
2026-03-13 11:00:00,2026,3,13,11,Đồng Nai,Phường Tam Hiệp,10.9510733,106.858145,68,Moderate,1,30.5,51,0.0,3.8,85,1010.6,14,16.4,19.3,321.0,10.3,133.0,5.3
2026-03-13 12:00:00,2026,3,13,12,Đồng Nai,Phường Tam Hiệp,10.9510733,106.858145,68,Moderate,1,31.5,47,0.0,2.1,75,1009.3,2,14.5,17.1,316.0,7.9,148.0,4.7
2026-03-13 13:00:00,2026,3,13,13,Đồng Nai,Phường Tam Hiệp,10.9510733,106.858145,67,Moderate,1,32.0,42,0.0,3.0,166,1008.3,9,13.8,16.4,314.0,6.6,157.0,4.3
2026-03-13 14:00:00,2026,3,13,14,Đồng Nai,Phường Tam Hiệp,10.9510733,106.858145,67,Moderate,1,32.6,40,0.0,1.2,321,1007.3,6,13.7,16.5,304.0,5.6,161.0,3.8
2026-03-13 15:00:00,2026,3,13,15,Đồng Nai,Phường Tam Hiệp,10.9510733,106.858145,66,Moderate,1,32.7,40,0.0,4.4,330,1006.6,10,14.6,17.7,295.0,5.8,160.0,3.5
2026-03-13 16:00:00,2026,3,13,16,Đồng Nai,Phường Tam Hiệp,10.9510733,106.858145,84,Moderate,1,32.2,41,0.0,6.3,358,1006.5,33,15.3,18.6,312.0,9.1,152.0,4.2
2026-03-13 17:00:00,2026,3,13,17,Đồng Nai,Phường Tam Hiệp,10.9510733,106.858145,104,Unhealthy for Sensitive Groups,2,31.5,47,0.0,5.4,346,1006.5,39,21.5,25.7,378.0,18.4,131.0,6.6
2026-03-13 18:00:00,2026,3,13,18,Đồng Nai,Phường Tam Hiệp,10.9510733,106.858145,113,Unhealthy for Sensitive Groups,2,29.2,59,0.3,5.7,217,1007.5,38,24.4,27.0,469.0,30.9,104.0,10.0
2026-03-13 19:00:00,2026,3,13,19,Đồng Nai,Phường Tam Hiệp,10.9510733,106.858145,110,Unhealthy for Sensitive Groups,2,27.0,71,0.0,3.7,51,1008.8,56,31.8,34.9,536.0,37.6,81.0,11.5
2026-03-13 20:00:00,2026,3,13,20,Đồng Nai,Phường Tam Hiệp,10.9510733,106.858145,99,Moderate,1,26.2,82,0.1,2.1,52,1010.1,82,29.3,32.0,557.0,36.0,79.0,12.3
2026-03-13 21:00:00,2026,3,13,21,Đồng Nai,Phường Tam Hiệp,10.9510733,106.858145,85,Moderate,1,26.1,79,0.0,5.3,213,1010.1,98,29.2,32.0,553.0,33.8,76.0,13.4
2026-03-13 22:00:00,2026,3,13,22,Đồng Nai,Phường Tam Hiệp,10.9510733,106.858145,70,Moderate,1,26.1,81,0.0,3.9,248,1010.4,81,32.1,34.8,543.0,32.8,71.0,14.1
2026-03-13 23:00:00,2026,3,13,23,Đồng Nai,Phường Tam Hiệp,10.9510733,106.858145,72,Moderate,1,25.8,82,0.0,4.4,289,1010.3,80,34.5,37.1,527.0,33.9,64.0,14.0
2026-03-14 00:00:00,2026,3,14,0,Đồng Nai,Phường Tam Hiệp,10.9510733,106.858145,74,Moderate,1,25.1,86,0.0,2.9,30,1010.4,40,35.7,38.3,504.0,36.1,55.0,13.6
2026-03-14 01:00:00,2026,3,14,1,Đồng Nai,Phường Tam Hiệp,10.9510733,106.858145,75,Moderate,1,25.6,87,0.0,0.7,76,1009.4,98,36.7,39.1,492.0,38.1,47.0,13.3
2026-03-14 02:00:00,2026,3,14,2,Đồng Nai,Phường Tam Hiệp,10.9510733,106.858145,77,Moderate,1,25.5,87,0.0,0.6,18,1009.3,98,38.0,40.2,491.0,39.4,42.0,13.5
2026-03-14 03:00:00,2026,3,14,3,Đồng Nai,Phường Tam Hiệp,10.9510733,106.858145,79,Moderate,1,25.5,88,0.0,1.1,81,1009.1,98,39.8,41.9,501.0,40.5,38.0,13.8
2026-03-14 04:00:00,2026,3,14,4,Đồng Nai,Phường Tam Hiệp,10.9510733,106.858145,80,Moderate,1,25.4,86,0.0,2.8,288,1009.2,100,42.8,44.9,534.0,41.8,35.0,14.2
2026-03-14 05:00:00,2026,3,14,5,Đồng Nai,Phường Tam Hiệp,10.9510733,106.858145,82,Moderate,1,24.9,89,0.1,2.7,302,1009.6,100,45.9,48.0,623.0,44.8,30.0,14.7
2026-03-14 06:00:00,2026,3,14,6,Đồng Nai,Phường Tam Hiệp,10.9510733,106.858145,83,Moderate,1,24.9,88,0.1,3.5,348,1010.5,100,47.8,49.9,736.0,48.0,25.0,15.3
2026-03-14 07:00:00,2026,3,14,7,Đồng Nai,Phường Tam Hiệp,10.9510733,106.858145,85,Moderate,1,25.2,86,0.0,1.7,319,1011.3,63,37.5,39.7,790.0,49.1,24.0,14.2
2026-03-14 08:00:00,2026,3,14,8,Đồng Nai,Phường Tam Hiệp,10.9510733,106.858145,85,Moderate,1,26.2,83,0.0,1.3,98,1012.3,86,36.6,39.2,730.0,41.7,49.0,13.4
2026-03-14 09:00:00,2026,3,14,9,Đồng Nai,Phường Tam Hiệp,10.9510733,106.858145,86,Moderate,1,27.4,79,0.0,1.5,111,1012.6,96,30.9,33.6,611.0,31.4,85.0,12.1
2026-03-14 10:00:00,2026,3,14,10,Đồng Nai,Phường Tam Hiệp,10.9510733,106.858145,87,Moderate,1,28.5,74,0.0,1.3,34,1012.5,46,23.1,25.3,510.0,22.3,117.0,10.7
2026-03-14 11:00:00,2026,3,14,11,Đồng Nai,Phường Tam Hiệp,10.9510733,106.858145,87,Moderate,1,29.5,67,0.0,3.3,29,1012.0,69,20.0,22.4,458.0,15.6,142.0,8.9
2026-03-14 12:00:00,2026,3,14,12,Đồng Nai,Phường Tam Hiệp,10.9510733,106.858145,87,Moderate,1,30.2,62,0.0,2.9,22,1010.7,80,17.4,19.8,424.0,10.1,164.0,6.9
2026-03-14 13:00:00,2026,3,14,13,Đồng Nai,Phường Tam Hiệp,10.9510733,106.858145,88,Moderate,1,30.5,58,0.0,3.4,18,1010.3,98,16.0,18.3,395.0,6.7,176.0,5.5
2026-03-14 14:00:00,2026,3,14,14,Đồng Nai,Phường Tam Hiệp,10.9510733,106.858145,88,Moderate,1,31.2,55,0.0,2.3,67,1009.2,29,15.2,17.5,365.0,5.8,176.0,4.8
2026-03-14 15:00:00,2026,3,14,15,Đồng Nai,Phường Tam Hiệp,10.9510733,106.858145,88,Moderate,1,31.3,54,0.0,3.1,111,1008.3,26,15.2,17.8,341.0,7.1,168.0,4.7
2026-03-14 16:00:00,2026,3,14,16,Đồng Nai,Phường Tam Hiệp,10.9510733,106.858145,96,Moderate,1,30.9,53,0.2,1.3,146,1008.2,22,14.8,17.4,330.0,10.0,154.0,5.1
2026-03-14 17:00:00,2026,3,14,17,Đồng Nai,Phường Tam Hiệp,10.9510733,106.858145,118,Unhealthy for Sensitive Groups,2,27.6,67,0.1,9.3,131,1009.0,55,15.1,17.5,340.0,15.6,134.0,6.3
2026-03-14 18:00:00,2026,3,14,18,Đồng Nai,Phường Tam Hiệp,10.9510733,106.858145,128,Unhealthy for Sensitive Groups,2,26.5,72,0.1,2.1,142,1009.2,37,21.7,23.7,362.0,22.9,110.0,7.9
2026-03-14 19:00:00,2026,3,14,19,Đồng Nai,Phường Tam Hiệp,10.9510733,106.858145,127,Unhealthy for Sensitive Groups,2,24.2,92,0.0,4.9,100,1010.2,9,23.1,25.1,378.0,30.2,87.0,9.7
2026-03-14 20:00:00,2026,3,14,20,Đồng Nai,Phường Tam Hiệp,10.9510733,106.858145,115,Unhealthy for Sensitive Groups,2,24.7,88,0.1,6.0,21,1011.1,54,19.4,20.6,380.0,30.7,78.0,10.0
2026-03-14 21:00:00,2026,3,14,21,Đồng Nai,Phường Tam Hiệp,10.9510733,106.858145,97,Moderate,1,24.9,88,0.1,6.8,27,1011.4,9,18.7,19.4,377.0,31.6,65.0,10.5
2026-03-14 22:00:00,2026,3,14,22,Đồng Nai,Phường Tam Hiệp,10.9510733,106.858145,85,Moderate,1,24.5,92,0.0,4.3,24,1011.5,2,24.2,25.0,372.0,33.5,53.0,10.7
2026-03-14 23:00:00,2026,3,14,23,Đồng Nai,Phường Tam Hiệp,10.9510733,106.858145,84,Moderate,1,24.2,94,0.0,6.1,32,1011.8,25,28.3,29.5,366.0,37.4,42.0,10.6
2026-03-15 00:00:00,2026,3,15,0,Đồng Nai,Phường Tam Hiệp,10.9510733,106.858145,83,Moderate,1,24.0,95,0.0,2.4,13,1011.5,54,30.5,31.9,360.0,42.3,32.0,10.2
2026-03-15 01:00:00,2026,3,15,1,Đồng Nai,Phường Tam Hiệp,10.9510733,106.858145,83,Moderate,1,24.4,95,0.0,5.2,356,1010.9,21,31.9,33.4,355.0,46.3,23.0,10.0
2026-03-15 02:00:00,2026,3,15,2,Đồng Nai,Phường Tam Hiệp,10.9510733,106.858145,82,Moderate,1,24.0,94,0.0,4.7,18,1010.3,5,33.6,35.4,352.0,48.8,17.0,9.8
2026-03-15 03:00:00,2026,3,15,3,Đồng Nai,Phường Tam Hiệp,10.9510733,106.858145,82,Moderate,1,23.6,92,0.0,4.0,360,1010.2,2,36.9,38.9,351.0,50.4,12.0,9.6
2026-03-15 04:00:00,2026,3,15,4,Đồng Nai,Phường Tam Hiệp,10.9510733,106.858145,82,Moderate,1,23.3,91,0.0,4.6,351,1010.4,2,40.2,42.4,356.0,51.3,11.0,10.1
2026-03-15 05:00:00,2026,3,15,5,Đồng Nai,Phường Tam Hiệp,10.9510733,106.858145,82,Moderate,1,23.0,91,0.0,4.0,8,1010.9,5,42.7,44.9,374.0,52.1,11.0,12.0
2026-03-15 06:00:00,2026,3,15,6,Đồng Nai,Phường Tam Hiệp,10.9510733,106.858145,81,Moderate,1,23.0,93,0.0,3.3,49,1011.5,40,47.1,49.6,399.0,52.3,14.0,14.5
2026-03-15 07:00:00,2026,3,15,7,Đồng Nai,Phường Tam Hiệp,10.9510733,106.858145,81,Moderate,1,23.8,90,0.0,3.5,12,1012.1,0,41.3,44.8,414.0,40.6,34.0,10.7
2026-03-15 08:00:00,2026,3,15,8,Đồng Nai,Phường Tam Hiệp,10.9510733,106.858145,82,Moderate,1,25.7,81,0.0,1.5,21,1012.8,1,28.1,32.1,412.0,34.4,60.0,10.4
2026-03-15 09:00:00,2026,3,15,9,Đồng Nai,Phường Tam Hiệp,10.9510733,106.858145,81,Moderate,1,27.4,74,0.0,0.5,225,1013.2,4,25.3,30.0,400.0,25.8,97.0,9.9
2026-03-15 10:00:00,2026,3,15,10,Đồng Nai,Phường Tam Hiệp,10.9510733,106.858145,80,Moderate,1,28.9,65,0.0,1.8,233,1013.2,1,23.8,28.5,384.0,18.4,128.0,9.1
2026-03-15 11:00:00,2026,3,15,11,Đồng Nai,Phường Tam Hiệp,10.9510733,106.858145,80,Moderate,1,30.2,60,0.0,0.5,270,1012.3,3,20.7,24.6,363.0,13.4,149.0,7.5
2026-03-15 12:00:00,2026,3,15,12,Đồng Nai,Phường Tam Hiệp,10.9510733,106.858145,80,Moderate,1,31.0,56,0.0,1.2,39,1011.2,9,17.2,20.1,339.0,9.6,164.0,5.6
2026-03-15 13:00:00,2026,3,15,13,Đồng Nai,Phường Tam Hiệp,10.9510733,106.858145,80,Moderate,1,30.5,56,0.0,2.3,360,1010.2,7,16.1,19.2,317.0,7.4,171.0,4.3
2026-03-15 14:00:00,2026,3,15,14,Đồng Nai,Phường Tam Hiệp,10.9510733,106.858145,80,Moderate,1,31.7,51,0.0,2.7,332,1009.2,7,14.1,17.1,296.0,7.0,167.0,4.0
2026-03-15 15:00:00,2026,3,15,15,Đồng Nai,Phường Tam Hiệp,10.9510733,106.858145,80,Moderate,1,31.5,52,0.1,1.3,304,1008.4,34,14.1,17.1,278.0,8.3,155.0,4.3
2026-03-15 16:00:00,2026,3,15,16,Đồng Nai,Phường Tam Hiệp,10.9510733,106.858145,99,Moderate,1,31.8,50,0.0,2.4,9,1008.0,21,14.6,17.3,276.0,11.2,139.0,4.9
2026-03-15 17:00:00,2026,3,15,17,Đồng Nai,Phường Tam Hiệp,10.9510733,106.858145,115,Unhealthy for Sensitive Groups,2,26.8,73,0.1,16.5,143,1008.7,63,14.3,16.4,308.0,16.8,120.0,6.1
2026-03-15 18:00:00,2026,3,15,18,Đồng Nai,Phường Tam Hiệp,10.9510733,106.858145,120,Unhealthy for Sensitive Groups,2,26.5,74,0.7,1.5,173,1009.6,70,15.7,17.2,356.0,24.0,97.0,7.7
2026-03-15 19:00:00,2026,3,15,19,Đồng Nai,Phường Tam Hiệp,10.9510733,106.858145,114,Unhealthy for Sensitive Groups,2,27.1,77,0.8,9.4,148,1009.7,11,16.6,17.9,381.0,26.8,84.0,8.6
2026-03-15 20:00:00,2026,3,15,20,Đồng Nai,Phường Tam Hiệp,10.9510733,106.858145,100,Moderate,1,26.6,78,0.0,8.5,138,1010.4,20,16.1,17.1,360.0,26.4,78.0,8.7
2026-03-15 21:00:00,2026,3,15,21,Đồng Nai,Phường Tam Hiệp,10.9510733,106.858145,82,Moderate,1,26.2,77,0.0,7.4,133,1010.9,16,16.5,17.5,316.0,25.9,70.0,8.7
2026-03-15 22:00:00,2026,3,15,22,Đồng Nai,Phường Tam Hiệp,10.9510733,106.858145,79,Moderate,1,25.8,78,0.0,7.2,115,1011.3,20,17.1,18.3,280.0,25.4,63.0,8.6
2026-03-15 23:00:00,2026,3,15,23,Đồng Nai,Phường Tam Hiệp,10.9510733,106.858145,78,Moderate,1,25.2,80,0.0,6.0,115,1011.4,15,16.9,18.0,264.0,24.9,60.0,8.1
2026-03-16 00:00:00,2026,3,16,0,Đồng Nai,Phường Tam Hiệp,10.9510733,106.858145,77,Moderate,1,24.9,82,0.0,4.8,105,1011.0,23,15.7,16.8,255.0,24.4,58.0,7.4
2026-03-16 01:00:00,2026,3,16,1,Đồng Nai,Phường Tam Hiệp,10.9510733,106.858145,76,Moderate,1,24.6,87,0.0,5.5,73,1010.6,16,15.6,16.7,248.0,24.4,56.0,7.0
2026-03-16 02:00:00,2026,3,16,2,Đồng Nai,Phường Tam Hiệp,10.9510733,106.858145,74,Moderate,1,24.1,89,0.0,6.5,104,1009.7,2,16.6,17.8,238.0,25.2,53.0,7.2
2026-03-16 03:00:00,2026,3,16,3,Đồng Nai,Phường Tam Hiệp,10.9510733,106.858145,73,Moderate,1,24.0,85,0.0,6.2,105,1009.0,2,18.0,19.2,229.0,26.4,51.0,7.8
2026-03-16 04:00:00,2026,3,16,4,Đồng Nai,Phường Tam Hiệp,10.9510733,106.858145,71,Moderate,1,23.6,85,0.0,4.9,86,1009.3,9,18.7,20.0,232.0,27.6,49.0,8.5
2026-03-16 05:00:00,2026,3,16,5,Đồng Nai,Phường Tam Hiệp,10.9510733,106.858145,69,Moderate,1,23.2,86,0.0,4.5,88,1009.4,14,19.3,20.6,260.0,29.3,47.0,9.6
2026-03-16 06:00:00,2026,3,16,6,Đồng Nai,Phường Tam Hiệp,10.9510733,106.858145,67,Moderate,1,23.0,87,0.0,3.1,83,1010.0,6,21.8,23.3,299.0,31.0,47.0,10.9
2026-03-16 07:00:00,2026,3,16,7,Đồng Nai,Phường Tam Hiệp,10.9510733,106.858145,65,Moderate,1,24.5,79,0.0,5.1,84,1010.6,1,28.5,30.0,321.0,31.8,55.0,11.7
2026-03-16 08:00:00,2026,3,16,8,Đồng Nai,Phường Tam Hiệp,10.9510733,106.858145,64,Moderate,1,25.9,73,0.0,5.8,83,1011.2,0,15.8,17.9,309.0,26.2,70.0,10.3
2026-03-16 09:00:00,2026,3,16,9,Đồng Nai,Phường Tam Hiệp,10.9510733,106.858145,63,Moderate,1,27.6,65,0.0,5.9,76,1011.8,0,13.9,16.4,280.0,18.5,92.0,8.3
2026-03-16 10:00:00,2026,3,16,10,Đồng Nai,Phường Tam Hiệp,10.9510733,106.858145,61,Moderate,1,29.2,59,0.0,5.0,71,1011.5,2,13.3,16.1,256.0,12.3,112.0,6.6
2026-03-16 11:00:00,2026,3,16,11,Đồng Nai,Phường Tam Hiệp,10.9510733,106.858145,61,Moderate,1,30.4,54,0.0,3.2,63,1011.0,11,12.7,15.5,243.0,9.0,128.0,5.5
2026-03-16 12:00:00,2026,3,16,12,Đồng Nai,Phường Tam Hiệp,10.9510733,106.858145,60,Moderate,1,31.5,50,0.0,2.3,32,1009.9,21,11.6,13.9,235.0,7.3,142.0,4.8
2026-03-16 13:00:00,2026,3,16,13,Đồng Nai,Phường Tam Hiệp,10.9510733,106.858145,59,Moderate,1,30.8,53,0.0,5.5,349,1009.2,24,12.1,14.5,232.0,6.8,150.0,4.3
2026-03-16 14:00:00,2026,3,16,14,Đồng Nai,Phường Tam Hiệp,10.9510733,106.858145,59,Moderate,1,31.4,52,0.0,3.4,335,1008.0,13,13.0,15.8,231.0,7.6,151.0,4.1
2026-03-16 15:00:00,2026,3,16,15,Đồng Nai,Phường Tam Hiệp,10.9510733,106.858145,59,Moderate,1,31.6,52,0.0,1.1,342,1007.0,15,13.9,17.2,235.0,9.7,145.0,4.2
2026-03-16 16:00:00,2026,3,16,16,Đồng Nai,Phường Tam Hiệp,10.9510733,106.858145,77,Moderate,1,31.4,52,0.0,1.5,76,1006.7,4,13.9,16.8,249.0,12.8,136.0,4.7
2026-03-16 17:00:00,2026,3,16,17,Đồng Nai,Phường Tam Hiệp,10.9510733,106.858145,91,Moderate,1,31.1,52,0.0,2.3,198,1007.0,63,15.1,18.1,286.0,18.1,120.0,6.0
2026-03-16 18:00:00,2026,3,16,18,Đồng Nai,Phường Tam Hiệp,10.9510733,106.858145,97,Moderate,1,27.6,67,0.4,12.2,137,1008.1,73,16.6,19.3,332.0,24.5,99.0,7.8
2026-03-16 19:00:00,2026,3,16,19,Đồng Nai,Phường Tam Hiệp,10.9510733,106.858145,94,Moderate,1,26.7,77,0.1,8.4,199,1008.2,5,18.5,21.0,355.0,26.7,88.0,8.7
2026-03-16 20:00:00,2026,3,16,20,Đồng Nai,Phường Tam Hiệp,10.9510733,106.858145,86,Moderate,1,26.8,80,0.0,7.8,161,1008.8,16,16.8,19.3,332.0,24.7,85.0,8.2
2026-03-16 21:00:00,2026,3,16,21,Đồng Nai,Phường Tam Hiệp,10.9510733,106.858145,74,Moderate,1,26.2,78,0.0,12.3,151,1009.3,5,14.0,16.1,286.0,22.0,81.0,7.5
2026-03-16 22:00:00,2026,3,16,22,Đồng Nai,Phường Tam Hiệp,10.9510733,106.858145,59,Moderate,1,25.3,79,0.0,11.1,137,1009.9,2,12.4,14.3,247.0,19.8,78.0,6.8
2026-03-16 23:00:00,2026,3,16,23,Đồng Nai,Phường Tam Hiệp,10.9510733,106.858145,59,Moderate,1,24.9,81,0.0,10.4,132,1010.1,1,11.6,13.4,229.0,18.8,76.0,6.3
2026-03-17 00:00:00,2026,3,17,0,Đồng Nai,Phường Tam Hiệp,10.9510733,106.858145,58,Moderate,1,24.6,82,0.0,10.5,143,1010.0,1,10.8,12.5,220.0,18.3,74.0,5.8
2026-03-17 01:00:00,2026,3,17,1,Đồng Nai,Phường Tam Hiệp,10.9510733,106.858145,58,Moderate,1,24.5,83,0.0,9.6,147,1009.4,2,10.6,12.4,212.0,18.2,72.0,5.5
2026-03-17 02:00:00,2026,3,17,2,Đồng Nai,Phường Tam Hiệp,10.9510733,106.858145,57,Moderate,1,24.2,84,0.0,8.1,141,1009.2,3,10.7,12.4,201.0,18.3,70.0,5.5
2026-03-17 03:00:00,2026,3,17,3,Đồng Nai,Phường Tam Hiệp,10.9510733,106.858145,57,Moderate,1,23.9,86,0.0,7.9,131,1008.8,0,10.9,12.6,193.0,18.8,68.0,5.6
2026-03-17 04:00:00,2026,3,17,4,Đồng Nai,Phường Tam Hiệp,10.9510733,106.858145,56,Moderate,1,23.6,87,0.0,6.6,125,1008.9,1,11.3,13.0,195.0,19.5,66.0,6.0
2026-03-17 05:00:00,2026,3,17,5,Đồng Nai,Phường Tam Hiệp,10.9510733,106.858145,55,Moderate,1,23.4,88,0.0,5.4,105,1009.2,3,11.7,13.4,218.0,21.1,62.0,6.7
2026-03-17 06:00:00,2026,3,17,6,Đồng Nai,Phường Tam Hiệp,10.9510733,106.858145,55,Moderate,1,23.0,88,0.0,5.1,94,1009.7,0,12.7,14.4,252.0,23.0,58.0,7.7
2026-03-17 07:00:00,2026,3,17,7,Đồng Nai,Phường Tam Hiệp,10.9510733,106.858145,54,Moderate,1,24.4,80,0.0,6.3,70,1010.9,0,15.1,17.4,274.0,22.9,61.0,7.9
2026-03-17 08:00:00,2026,3,17,8,Đồng Nai,Phường Tam Hiệp,10.9510733,106.858145,53,Moderate,1,25.7,73,0.0,7.2,86,1011.5,0,14.7,17.5,271.0,19.5,73.0,7.3
2026-03-17 09:00:00,2026,3,17,9,Đồng Nai,Phường Tam Hiệp,10.9510733,106.858145,53,Moderate,1,27.5,66,0.0,6.5,85,1011.8,0,14.6,17.9,256.0,14.8,90.0,6.3
2026-03-17 10:00:00,2026,3,17,10,Đồng Nai,Phường Tam Hiệp,10.9510733,106.858145,53,Moderate,1,29.5,59,0.0,5.6,86,1011.4,4,15.2,19.4,244.0,10.9,106.0,5.5
2026-03-17 11:00:00,2026,3,17,11,Đồng Nai,Phường Tam Hiệp,10.9510733,106.858145,53,Moderate,1,30.9,51,0.0,4.7,74,1010.9,28,15.8,20.8,242.0,8.4,122.0,4.8
2026-03-17 12:00:00,2026,3,17,12,Đồng Nai,Phường Tam Hiệp,10.9510733,106.858145,53,Moderate,1,31.6,48,0.0,3.4,72,1009.6,13,17.6,22.9,242.0,6.7,138.0,4.2
2026-03-17 13:00:00,2026,3,17,13,Đồng Nai,Phường Tam Hiệp,10.9510733,106.858145,54,Moderate,1,31.6,46,0.0,2.3,39,1009.0,52,18.7,23.9,245.0,6.0,148.0,3.8
2026-03-17 14:00:00,2026,3,17,14,Đồng Nai,Phường Tam Hiệp,10.9510733,106.858145,54,Moderate,1,32.5,43,0.0,2.6,56,1008.1,64,19.3,24.6,251.0,6.2,152.0,3.7
2026-03-17 15:00:00,2026,3,17,15,Đồng Nai,Phường Tam Hiệp,10.9510733,106.858145,56,Moderate,1,32.5,42,0.0,3.8,82,1007.3,77,19.7,25.0,258.0,7.4,151.0,3.8
2026-03-17 16:00:00,2026,3,17,16,Đồng Nai,Phường Tam Hiệp,10.9510733,106.858145,75,Moderate,1,32.4,42,0.0,6.2,105,1006.7,59,17.8,22.1,260.0,9.7,144.0,4.2
2026-03-17 17:00:00,2026,3,17,17,Đồng Nai,Phường Tam Hiệp,10.9510733,106.858145,90,Moderate,1,30.0,53,0.0,16.5,151,1007.1,78,16.2,19.7,253.0,14.0,127.0,5.3
2026-03-17 18:00:00,2026,3,17,18,Đồng Nai,Phường Tam Hiệp,10.9510733,106.858145,98,Moderate,1,28.0,62,0.0,15.8,161,1007.3,65,16.2,19.3,241.0,19.4,105.0,6.8
2026-03-17 19:00:00,2026,3,17,19,Đồng Nai,Phường Tam Hiệp,10.9510733,106.858145,98,Moderate,1,26.6,67,0.0,16.7,154,1008.6,77,15.5,18.2,232.0,23.6,85.0,7.9
2026-03-17 20:00:00,2026,3,17,20,Đồng Nai,Phường Tam Hiệp,10.9510733,106.858145,90,Moderate,1,25.7,73,0.0,13.2,149,1009.7,77,13.4,15.8,229.0,22.3,82.0,7.5
2026-03-17 21:00:00,2026,3,17,21,Đồng Nai,Phường Tam Hiệp,10.9510733,106.858145,78,Moderate,1,25.1,77,0.0,12.6,143,1010.1,82,12.3,14.6,227.0,20.6,78.0,6.9
2026-03-17 22:00:00,2026,3,17,22,Đồng Nai,Phường Tam Hiệp,10.9510733,106.858145,63,Moderate,1,24.9,76,0.0,13.0,141,1010.8,80,11.8,14.0,224.0,19.1,74.0,6.3
2026-03-17 23:00:00,2026,3,17,23,Đồng Nai,Phường Tam Hiệp,10.9510733,106.858145,55,Moderate,1,24.6,74,0.0,13.4,134,1010.8,86,11.1,13.2,216.0,18.1,72.0,5.8
2026-03-18 00:00:00,2026,3,18,0,Đồng Nai,Phường Tam Hiệp,10.9510733,106.858145,55,Moderate,1,24.4,75,0.0,12.1,136,1010.7,96,10.4,12.5,205.0,17.4,70.0,5.2
2026-03-18 01:00:00,2026,3,18,1,Đồng Nai,Phường Tam Hiệp,10.9510733,106.858145,55,Moderate,1,24.4,76,0.0,11.6,134,1009.8,94,10.2,12.4,196.0,17.0,69.0,4.9
2026-03-18 02:00:00,2026,3,18,2,Đồng Nai,Phường Tam Hiệp,10.9510733,106.858145,55,Moderate,1,24.0,77,0.0,10.1,136,1009.6,100,10.4,12.5,188.0,17.0,68.0,4.8
2026-03-18 03:00:00,2026,3,18,3,Đồng Nai,Phường Tam Hiệp,10.9510733,106.858145,55,Moderate,1,23.7,79,0.0,9.1,131,1009.5,100,10.5,12.6,181.0,17.3,66.0,5.0
2026-03-18 04:00:00,2026,3,18,4,Đồng Nai,Phường Tam Hiệp,10.9510733,106.858145,55,Moderate,1,23.5,79,0.0,8.9,124,1009.6,4,10.5,12.6,185.0,17.9,65.0,5.3
2026-03-18 05:00:00,2026,3,18,5,Đồng Nai,Phường Tam Hiệp,10.9510733,106.858145,55,Moderate,1,23.1,80,0.0,8.1,119,1009.8,2,10.7,12.7,209.0,19.4,62.0,5.9
2026-03-18 06:00:00,2026,3,18,6,Đồng Nai,Phường Tam Hiệp,10.9510733,106.858145,55,Moderate,1,23.0,79,0.0,7.8,119,1010.3,2,11.5,13.6,242.0,21.3,58.0,6.8
2026-03-18 07:00:00,2026,3,18,7,Đồng Nai,Phường Tam Hiệp,10.9510733,106.858145,55,Moderate,1,24.3,75,0.0,6.4,117,1011.1,0,14.0,16.4,263.0,22.1,58.0,7.7
2026-03-18 08:00:00,2026,3,18,8,Đồng Nai,Phường Tam Hiệp,10.9510733,106.858145,54,Moderate,1,26.0,65,0.0,7.0,111,1012.0,1,13.6,16.5,256.0,19.1,69.0,7.2
2026-03-18 09:00:00,2026,3,18,9,Đồng Nai,Phường Tam Hiệp,10.9510733,106.858145,54,Moderate,1,28.0,58,0.0,5.6,97,1012.5,24,13.6,16.9,237.0,14.9,84.0,6.5
2026-03-18 10:00:00,2026,3,18,10,Đồng Nai,Phường Tam Hiệp,10.9510733,106.858145,54,Moderate,1,30.0,52,0.0,4.9,86,1012.4,24,14.4,18.6,225.0,11.4,100.0,5.8
2026-03-18 11:00:00,2026,3,18,11,Đồng Nai,Phường Tam Hiệp,10.9510733,106.858145,54,Moderate,1,31.5,48,0.0,3.2,90,1011.9,5,15.4,20.3,232.0,9.0,117.0,5.2
2026-03-18 12:00:00,2026,3,18,12,Đồng Nai,Phường Tam Hiệp,10.9510733,106.858145,54,Moderate,1,32.3,46,0.0,3.0,76,1010.4,21,16.1,21.1,247.0,7.3,134.0,4.7
2026-03-18 13:00:00,2026,3,18,13,Đồng Nai,Phường Tam Hiệp,10.9510733,106.858145,54,Moderate,1,32.0,46,0.0,2.5,90,1009.5,19,16.8,22.0,258.0,6.4,145.0,4.3
2026-03-18 14:00:00,2026,3,18,14,Đồng Nai,Phường Tam Hiệp,10.9510733,106.858145,54,Moderate,1,32.8,43,0.0,2.7,118,1008.3,22,16.7,21.7,263.0,6.2,149.0,4.1
2026-03-18 15:00:00,2026,3,18,15,Đồng Nai,Phường Tam Hiệp,10.9510733,106.858145,54,Moderate,1,33.0,42,0.0,2.9,83,1007.5,10,16.2,20.7,264.0,6.8,147.0,4.2
2026-03-18 16:00:00,2026,3,18,16,Đồng Nai,Phường Tam Hiệp,10.9510733,106.858145,68,Moderate,1,32.7,42,0.0,9.5,147,1007.0,15,15.8,20.0,260.0,8.9,140.0,4.6
2026-03-18 17:00:00,2026,3,18,17,Đồng Nai,Phường Tam Hiệp,10.9510733,106.858145,83,Moderate,1,29.0,61,0.0,19.2,165,1007.4,1,15.1,18.8,249.0,14.0,123.0,5.8
2026-03-18 18:00:00,2026,3,18,18,Đồng Nai,Phường Tam Hiệp,10.9510733,106.858145,91,Moderate,1,28.2,63,0.0,14.9,165,1007.8,1,15.5,18.6,233.0,20.6,100.0,7.3
2026-03-18 19:00:00,2026,3,18,19,Đồng Nai,Phường Tam Hiệp,10.9510733,106.858145,91,Moderate,1,26.8,68,0.0,17.8,156,1008.2,1,17.0,20.4,220.0,24.1,82.0,8.1
2026-03-18 20:00:00,2026,3,18,20,Đồng Nai,Phường Tam Hiệp,10.9510733,106.858145,84,Moderate,1,25.9,75,0.0,16.4,142,1009.5,0,15.9,18.9,215.0,23.4,79.0,7.8
2026-03-18 21:00:00,2026,3,18,21,Đồng Nai,Phường Tam Hiệp,10.9510733,106.858145,72,Moderate,1,25.3,79,0.0,14.7,139,1010.4,0,15.0,17.9,213.0,22.5,74.0,7.4
2026-03-18 22:00:00,2026,3,18,22,Đồng Nai,Phường Tam Hiệp,10.9510733,106.858145,57,Moderate,1,25.0,80,0.0,13.8,138,1010.7,0,14.4,17.1,210.0,21.5,71.0,7.0
2026-03-18 23:00:00,2026,3,18,23,Đồng Nai,Phường Tam Hiệp,10.9510733,106.858145,54,Moderate,1,24.8,81,0.0,13.7,142,1010.8,0,13.4,15.9,204.0,20.4,70.0,6.4
2026-03-19 00:00:00,2026,3,19,0,Đồng Nai,Phường Tam Hiệp,10.9510733,106.858145,54,Moderate,1,24.5,81,0.0,11.6,143,1010.6,0,12.3,14.7,197.0,19.3,70.0,5.8
2026-03-19 01:00:00,2026,3,19,1,Đồng Nai,Phường Tam Hiệp,10.9510733,106.858145,54,Moderate,1,24.5,84,0.0,8.9,144,1010.0,3,12.1,14.5,192.0,18.9,69.0,5.5
2026-03-19 02:00:00,2026,3,19,2,Đồng Nai,Phường Tam Hiệp,10.9510733,106.858145,54,Moderate,1,24.2,85,0.0,8.2,151,1009.5,1,12.4,14.8,190.0,19.6,66.0,5.6
2026-03-19 03:00:00,2026,3,19,3,Đồng Nai,Phường Tam Hiệp,10.9510733,106.858145,55,Moderate,1,24.0,85,0.0,7.6,149,1009.5,0,13.0,15.4,190.0,20.9,62.0,6.0
2026-03-19 04:00:00,2026,3,19,4,Đồng Nai,Phường Tam Hiệp,10.9510733,106.858145,55,Moderate,1,23.8,86,0.0,7.0,145,1009.4,0,13.4,15.8,197.0,22.1,59.0,6.6
2026-03-19 05:00:00,2026,3,19,5,Đồng Nai,Phường Tam Hiệp,10.9510733,106.858145,55,Moderate,1,23.5,87,0.0,6.4,144,1009.6,0,13.6,15.9,218.0,23.7,55.0,7.5
2026-03-19 06:00:00,2026,3,19,6,Đồng Nai,Phường Tam Hiệp,10.9510733,106.858145,55,Moderate,1,23.3,87,0.0,7.6,137,1010.3,0,14.1,16.4,246.0,25.2,52.0,8.5
2026-03-19 07:00:00,2026,3,19,7,Đồng Nai,Phường Tam Hiệp,10.9510733,106.858145,55,Moderate,1,24.5,80,0.0,9.0,128,1011.2,0,15.7,18.2,260.0,24.4,57.0,9.2
2026-03-19 08:00:00,2026,3,19,8,Đồng Nai,Phường Tam Hiệp,10.9510733,106.858145,56,Moderate,1,26.1,71,0.0,11.4,128,1012.0,0,13.9,16.8,246.0,20.3,69.0,8.0
2026-03-19 09:00:00,2026,3,19,9,Đồng Nai,Phường Tam Hiệp,10.9510733,106.858145,56,Moderate,1,28.1,63,0.0,12.0,123,1012.2,0,13.2,16.4,219.0,14.6,86.0,6.4
2026-03-19 10:00:00,2026,3,19,10,Đồng Nai,Phường Tam Hiệp,10.9510733,106.858145,56,Moderate,1,29.9,56,0.0,10.1,117,1012.1,0,13.3,17.0,201.0,10.1,103.0,5.1
2026-03-19 11:00:00,2026,3,19,11,Đồng Nai,Phường Tam Hiệp,10.9510733,106.858145,56,Moderate,1,31.4,50,0.0,6.4,101,1011.8,7,13.8,17.8,204.0,7.9,119.0,4.5
2026-03-19 12:00:00,2026,3,19,12,Đồng Nai,Phường Tam Hiệp,10.9510733,106.858145,55,Moderate,1,32.3,46,0.0,4.0,69,1010.4,47,14.7,18.7,218.0,6.9,134.0,4.3
2026-03-19 13:00:00,2026,3,19,13,Đồng Nai,Phường Tam Hiệp,10.9510733,106.858145,55,Moderate,1,31.8,47,0.0,2.7,53,1009.1,27,16.1,20.3,230.0,6.5,144.0,4.2
2026-03-19 14:00:00,2026,3,19,14,Đồng Nai,Phường Tam Hiệp,10.9510733,106.858145,55,Moderate,1,32.4,45,0.0,2.3,72,1008.2,19,16.5,20.8,239.0,6.4,147.0,4.0
2026-03-19 15:00:00,2026,3,19,15,Đồng Nai,Phường Tam Hiệp,10.9510733,106.858145,55,Moderate,1,32.5,45,0.0,2.1,52,1007.2,30,16.6,21.0,247.0,6.9,145.0,3.8
2026-03-19 16:00:00,2026,3,19,16,Đồng Nai,Phường Tam Hiệp,10.9510733,106.858145,68,Moderate,1,32.5,43,0.0,3.6,117,1006.7,24,15.9,19.9,250.0,9.0,138.0,4.2
2026-03-19 17:00:00,2026,3,19,17,Đồng Nai,Phường Tam Hiệp,10.9510733,106.858145,83,Moderate,1,29.6,58,0.0,16.0,172,1007.0,28,15.5,19.0,244.0,14.2,122.0,5.6
2026-03-19 18:00:00,2026,3,19,18,Đồng Nai,Phường Tam Hiệp,10.9510733,106.858145,90,Moderate,1,27.6,65,0.0,15.2,169,1007.4,3,16.6,19.6,234.0,20.9,100.0,7.5
2026-03-19 19:00:00,2026,3,19,19,Đồng Nai,Phường Tam Hiệp,10.9510733,106.858145,90,Moderate,1,27.2,68,0.0,14.9,160,1008.1,1,20.6,24.4,227.0,27.7,82.0,9.4
2026-03-19 20:00:00,2026,3,19,20,Đồng Nai,Phường Tam Hiệp,10.9510733,106.858145,82,Moderate,1,26.5,70,0.0,14.3,143,1008.6,3,17.9,21.1,230.0,26.8,80.0,9.1
2026-03-19 21:00:00,2026,3,19,21,Đồng Nai,Phường Tam Hiệp,10.9510733,106.858145,70,Moderate,1,26.0,74,0.0,11.4,139,1009.2,3,16.4,19.4,238.0,25.5,77.0,8.6
2026-03-19 22:00:00,2026,3,19,22,Đồng Nai,Phường Tam Hiệp,10.9510733,106.858145,56,Moderate,1,25.5,76,0.0,10.6,136,1009.6,1,15.9,18.6,240.0,24.5,74.0,8.1
2026-03-19 23:00:00,2026,3,19,23,Đồng Nai,Phường Tam Hiệp,10.9510733,106.858145,56,Moderate,1,25.1,78,0.0,11.5,140,1009.6,0,15.6,18.1,231.0,23.9,72.0,7.6
2026-03-20 00:00:00,2026,3,20,0,Đồng Nai,Phường Tam Hiệp,10.9510733,106.858145,56,Moderate,1,24.8,79,0.0,9.9,142,1009.8,2,14.6,16.9,216.0,23.6,71.0,7.1
2026-03-20 01:00:00,2026,3,20,1,Đồng Nai,Phường Tam Hiệp,10.9510733,106.858145,57,Moderate,1,24.5,83,0.0,9.0,150,1009.3,2,14.1,16.4,205.0,23.3,69.0,6.8
2026-03-20 02:00:00,2026,3,20,2,Đồng Nai,Phường Tam Hiệp,10.9510733,106.858145,57,Moderate,1,24.4,82,0.0,9.3,152,1008.8,4,13.7,15.9,199.0,22.9,67.0,6.7
2026-03-20 03:00:00,2026,3,20,3,Đồng Nai,Phường Tam Hiệp,10.9510733,106.858145,57,Moderate,1,24.2,83,0.0,9.1,153,1008.8,13,13.5,15.8,196.0,22.5,66.0,6.7
2026-03-20 04:00:00,2026,3,20,4,Đồng Nai,Phường Tam Hiệp,10.9510733,106.858145,57,Moderate,1,24.0,84,0.0,8.7,148,1008.6,16,13.5,15.9,203.0,22.5,64.0,6.9
2026-03-20 05:00:00,2026,3,20,5,Đồng Nai,Phường Tam Hiệp,10.9510733,106.858145,57,Moderate,1,24.0,85,0.0,9.1,141,1009.1,2,13.8,16.3,230.0,23.8,59.0,7.5
2026-03-20 06:00:00,2026,3,20,6,Đồng Nai,Phường Tam Hiệp,10.9510733,106.858145,57,Moderate,1,23.9,86,0.0,9.2,140,1009.7,0,14.5,17.0,267.0,25.5,54.0,8.2
2026-03-20 07:00:00,2026,3,20,7,Đồng Nai,Phường Tam Hiệp,10.9510733,106.858145,57,Moderate,1,24.9,81,0.0,7.6,144,1010.7,2,16.2,19.6,285.0,25.0,56.0,8.3
2026-03-20 08:00:00,2026,3,20,8,Đồng Nai,Phường Tam Hiệp,10.9510733,106.858145,57,Moderate,1,26.4,71,0.0,9.8,134,1011.4,93,15.3,19.2,264.0,21.1,66.0,7.5
2026-03-20 09:00:00,2026,3,20,9,Đồng Nai,Phường Tam Hiệp,10.9510733,106.858145,57,Moderate,1,28.1,65,0.0,10.8,138,1012.1,100,14.9,19.2,224.0,15.6,79.0,6.3
2026-03-20 10:00:00,2026,3,20,10,Đồng Nai,Phường Tam Hiệp,10.9510733,106.858145,57,Moderate,1,29.8,58,0.0,10.1,134,1012.0,98,15.5,20.5,197.0,11.4,93.0,5.4
2026-03-20 11:00:00,2026,3,20,11,Đồng Nai,Phường Tam Hiệp,10.9510733,106.858145,57,Moderate,1,31.6,51,0.0,7.1,114,1011.1,98,16.9,22.6,199.0,9.4,107.0,5.1
2026-03-20 12:00:00,2026,3,20,12,Đồng Nai,Phường Tam Hiệp,10.9510733,106.858145,58,Moderate,1,32.2,48,0.0,6.0,106,1010.0,92,18.2,23.6,215.0,8.7,121.0,5.0
2026-03-20 13:00:00,2026,3,20,13,Đồng Nai,Phường Tam Hiệp,10.9510733,106.858145,58,Moderate,1,31.2,51,0.0,5.6,130,1009.3,95,19.3,24.6,229.0,8.5,131.0,5.0
2026-03-20 14:00:00,2026,3,20,14,Đồng Nai,Phường Tam Hiệp,10.9510733,106.858145,58,Moderate,1,32.2,48,0.1,7.3,134,1008.1,99,19.7,24.8,235.0,8.5,136.0,4.9
2026-03-20 15:00:00,2026,3,20,15,Đồng Nai,Phường Tam Hiệp,10.9510733,106.858145,59,Moderate,1,32.2,49,0.2,8.8,141,1007.4,91,20.3,25.2,240.0,9.1,137.0,4.9
2026-03-20 16:00:00,2026,3,20,16,Đồng Nai,Phường Tam Hiệp,10.9510733,106.858145,59,Moderate,1,31.2,52,0.1,10.9,156,1007.0,88,19.7,24.3,242.0,11.1,131.0,5.2
2026-03-20 17:00:00,2026,3,20,17,Đồng Nai,Phường Tam Hiệp,10.9510733,106.858145,65,Moderate,1,29.6,58,0.1,14.1,163,1007.2,94,18.4,22.3,240.0,15.9,114.0,6.2
2026-03-20 18:00:00,2026,3,20,18,Đồng Nai,Phường Tam Hiệp,10.9510733,106.858145,73,Moderate,1,27.9,65,0.0,13.6,168,1007.7,91,17.6,20.6,236.0,22.1,92.0,7.4
2026-03-20 19:00:00,2026,3,20,19,Đồng Nai,Phường Tam Hiệp,10.9510733,106.858145,73,Moderate,1,27.1,69,0.0,13.5,161,1008.6,6,17.8,21.2,236.0,26.5,74.0,8.5
2026-03-20 20:00:00,2026,3,20,20,Đồng Nai,Phường Tam Hiệp,10.9510733,106.858145,66,Moderate,1,26.4,73,0.0,11.3,144,1009.8,6,17.3,20.7,246.0,27.7,69.0,8.9
2026-03-20 21:00:00,2026,3,20,21,Đồng Nai,Phường Tam Hiệp,10.9510733,106.858145,59,Moderate,1,25.8,76,0.0,11.1,141,1010.8,7,18.0,21.1,259.0,29.4,62.0,9.5
2026-03-20 22:00:00,2026,3,20,22,Đồng Nai,Phường Tam Hiệp,10.9510733,106.858145,59,Moderate,1,25.2,79,0.0,11.2,140,1011.2,39,18.5,21.5,265.0,30.2,57.0,9.7
2026-03-20 23:00:00,2026,3,20,23,Đồng Nai,Phường Tam Hiệp,10.9510733,106.858145,60,Moderate,1,24.9,82,0.0,10.7,145,1011.4,28,18.3,21.3,256.0,29.5,57.0,9.2
2026-03-21 00:00:00,2026,3,21,0,Đồng Nai,Phường Tam Hiệp,10.9510733,106.858145,60,Moderate,1,24.6,84,0.0,9.5,144,1011.4,76,17.6,20.6,239.0,28.1,59.0,8.3
2026-03-21 01:00:00,2026,3,21,1,Đồng Nai,Phường Tam Hiệp,10.9510733,106.858145,60,Moderate,1,24.5,87,0.0,10.2,146,1010.5,2,17.7,20.6,224.0,26.8,61.0,7.6
2026-03-21 02:00:00,2026,3,21,2,Đồng Nai,Phường Tam Hiệp,10.9510733,106.858145,60,Moderate,1,24.2,88,0.0,8.7,137,1009.9,2,17.5,20.4,209.0,26.0,61.0,7.3
2026-03-21 03:00:00,2026,3,21,3,Đồng Nai,Phường Tam Hiệp,10.9510733,106.858145,61,Moderate,1,24.0,89,0.0,7.8,130,1009.5,4,17.1,19.8,196.0,25.3,61.0,7.2
2026-03-21 04:00:00,2026,3,21,4,Đồng Nai,Phường Tam Hiệp,10.9510733,106.858145,61,Moderate,1,23.7,91,0.0,7.7,131,1009.5,0,16.5,19.2,194.0,25.1,60.0,7.3
2026-03-21 05:00:00,2026,3,21,5,Đồng Nai,Phường Tam Hiệp,10.9510733,106.858145,61,Moderate,1,23.5,92,0.0,8.4,133,1009.7,1,16.5,19.1,218.0,26.3,55.0,8.0
2026-03-21 06:00:00,2026,3,21,6,Đồng Nai,Phường Tam Hiệp,10.9510733,106.858145,62,Moderate,1,23.4,93,0.0,6.6,131,1010.1,54,17.5,20.0,253.0,27.9,50.0,9.0
2026-03-21 07:00:00,2026,3,21,7,Đồng Nai,Phường Tam Hiệp,10.9510733,106.858145,62,Moderate,1,24.8,87,0.0,7.4,124,1010.9,80,22.5,26.0,273.0,28.9,49.0,9.7
2026-03-21 08:00:00,2026,3,21,8,Đồng Nai,Phường Tam Hiệp,10.9510733,106.858145,62,Moderate,1,26.4,77,0.0,8.2,126,1011.6,80,18.6,22.3,259.0,24.1,60.0,8.7
2026-03-21 09:00:00,2026,3,21,9,Đồng Nai,Phường Tam Hiệp,10.9510733,106.858145,63,Moderate,1,28.1,70,0.0,9.1,128,1012.0,0,16.4,20.3,229.0,17.5,76.0,7.2
2026-03-21 10:00:00,2026,3,21,10,Đồng Nai,Phường Tam Hiệp,10.9510733,106.858145,63,Moderate,1,30.2,58,0.0,9.7,119,1011.8,0,15.1,18.5,209.0,12.0,92.0,5.9
2026-03-21 11:00:00,2026,3,21,11,Đồng Nai,Phường Tam Hiệp,10.9510733,106.858145,63,Moderate,1,32.0,50,0.0,10.0,104,1011.4,21,15.0,17.6,213.0,8.8,109.0,4.9
2026-03-21 12:00:00,2026,3,21,12,Đồng Nai,Phường Tam Hiệp,10.9510733,106.858145,63,Moderate,1,33.0,45,0.0,9.3,105,1010.4,32,16.7,19.1,227.0,6.8,125.0,4.1
2026-03-21 13:00:00,2026,3,21,13,Đồng Nai,Phường Tam Hiệp,10.9510733,106.858145,63,Moderate,1,33.2,42,0.0,9.4,103,1009.5,47,16.3,18.7,235.0,5.8,136.0,3.5
2026-03-21 14:00:00,2026,3,21,14,Đồng Nai,Phường Tam Hiệp,10.9510733,106.858145,62,Moderate,1,33.5,40,0.0,9.1,105,1008.5,28,15.3,17.8,229.0,5.6,137.0,3.2
2026-03-21 15:00:00,2026,3,21,15,Đồng Nai,Phường Tam Hiệp,10.9510733,106.858145,62,Moderate,1,34.0,37,0.0,7.3,99,1007.4,27,15.0,17.6,217.0,6.3,133.0,3.2
2026-03-21 16:00:00,2026,3,21,16,Đồng Nai,Phường Tam Hiệp,10.9510733,106.858145,61,Moderate,1,31.4,53,0.0,18.5,144,1007.0,49,14.4,17.2,211.0,8.6,124.0,3.6
2026-03-21 17:00:00,2026,3,21,17,Đồng Nai,Phường Tam Hiệp,10.9510733,106.858145,65,Moderate,1,30.1,53,0.0,15.4,142,1007.1,16,14.2,16.6,217.0,13.9,109.0,5.0
2026-03-21 18:00:00,2026,3,21,18,Đồng Nai,Phường Tam Hiệp,10.9510733,106.858145,72,Moderate,1,29.0,59,0.0,15.2,144,1007.5,2,15.5,17.6,228.0,20.7,90.0,6.8
2026-03-21 19:00:00,2026,3,21,19,Đồng Nai,Phường Tam Hiệp,10.9510733,106.858145,71,Moderate,1,27.6,69,0.0,14.2,150,1008.1,0,17.8,20.5,234.0,25.0,77.0,8.5
2026-03-21 20:00:00,2026,3,21,20,Đồng Nai,Phường Tam Hiệp,10.9510733,106.858145,65,Moderate,1,26.7,74,0.0,11.4,151,1009.3,0,14.7,16.9,229.0,23.6,75.0,8.0
2026-03-21 21:00:00,2026,3,21,21,Đồng Nai,Phường Tam Hiệp,10.9510733,106.858145,60,Moderate,1,26.0,79,0.0,12.3,145,1010.0,0,12.8,14.8,218.0,21.6,71.0,7.2
2026-03-21 22:00:00,2026,3,21,22,Đồng Nai,Phường Tam Hiệp,10.9510733,106.858145,60,Moderate,1,25.6,82,0.0,13.7,145,1010.0,0,11.8,13.6,207.0,20.0,68.0,6.5
2026-03-21 23:00:00,2026,3,21,23,Đồng Nai,Phường Tam Hiệp,10.9510733,106.858145,59,Moderate,1,25.2,83,0.0,12.4,141,1009.8,1,10.7,12.3,197.0,19.0,65.0,5.9
2026-03-22 00:00:00,2026,3,22,0,Đồng Nai,Phường Tam Hiệp,10.9510733,106.858145,58,Moderate,1,25.0,84,0.0,11.8,142,1009.5,1,9.6,11.1,188.0,18.3,63.0,5.4
2026-03-22 01:00:00,2026,3,22,1,Đồng Nai,Phường Tam Hiệp,10.9510733,106.858145,58,Moderate,1,24.9,85,0.0,11.0,146,1008.8,1,9.2,10.7,182.0,18.0,60.0,5.1
2026-03-22 02:00:00,2026,3,22,2,Đồng Nai,Phường Tam Hiệp,10.9510733,106.858145,57,Moderate,1,24.8,84,0.0,9.6,140,1008.4,0,9.3,10.7,178.0,18.4,57.0,5.1
2026-03-22 03:00:00,2026,3,22,3,Đồng Nai,Phường Tam Hiệp,10.9510733,106.858145,56,Moderate,1,24.5,84,0.0,7.4,133,1008.0,0,9.6,11.0,178.0,19.3,54.0,5.4
2026-03-22 04:00:00,2026,3,22,4,Đồng Nai,Phường Tam Hiệp,10.9510733,106.858145,56,Moderate,1,24.2,84,0.0,6.0,129,1008.2,0,10.2,11.5,185.0,20.1,52.0,5.9
2026-03-22 05:00:00,2026,3,22,5,Đồng Nai,Phường Tam Hiệp,10.9510733,106.858145,55,Moderate,1,24.0,85,0.0,5.0,128,1008.5,0,10.9,12.2,209.0,21.2,49.0,6.8
2026-03-22 06:00:00,2026,3,22,6,Đồng Nai,Phường Tam Hiệp,10.9510733,106.858145,55,Moderate,1,23.6,87,0.0,4.1,119,1009.0,0,12.4,13.7,240.0,22.4,47.0,8.0
2026-03-22 07:00:00,2026,3,22,7,Đồng Nai,Phường Tam Hiệp,10.9510733,106.858145,54,Moderate,1,25.1,78,0.0,6.3,110,1009.8,31,15.5,17.1,259.0,23.4,48.0,9.0
2026-03-22 08:00:00,2026,3,22,8,Đồng Nai,Phường Tam Hiệp,10.9510733,106.858145,53,Moderate,1,26.9,66,0.0,7.9,111,1010.7,34,13.1,14.9,252.0,19.8,60.0,8.0
2026-03-22 09:00:00,2026,3,22,9,Đồng Nai,Phường Tam Hiệp,10.9510733,106.858145,53,Moderate,1,28.9,60,0.0,9.0,103,1011.3,52,12.1,14.3,233.0,14.8,78.0,6.6
2026-03-22 10:00:00,2026,3,22,10,Đồng Nai,Phường Tam Hiệp,10.9510733,106.858145,53,Moderate,1,31.0,49,0.0,10.9,99,1011.3,38,11.4,13.9,215.0,10.6,94.0,5.3
2026-03-22 11:00:00,2026,3,22,11,Đồng Nai,Phường Tam Hiệp,10.9510733,106.858145,52,Moderate,1,32.8,40,0.0,11.7,94,1010.7,78,10.1,12.7,203.0,7.7,107.0,4.3
2026-03-22 12:00:00,2026,3,22,12,Đồng Nai,Phường Tam Hiệp,10.9510733,106.858145,52,Moderate,1,34.0,37,0.0,11.3,88,1009.8,88,9.3,11.9,194.0,5.6,119.0,3.4
2026-03-22 13:00:00,2026,3,22,13,Đồng Nai,Phường Tam Hiệp,10.9510733,106.858145,51,Moderate,1,34.0,36,0.0,11.7,92,1008.7,13,9.1,11.7,188.0,4.5,126.0,2.8
2026-03-22 14:00:00,2026,3,22,14,Đồng Nai,Phường Tam Hiệp,10.9510733,106.858145,51,Moderate,1,34.5,35,0.0,10.7,97,1007.9,17,9.0,11.6,188.0,4.5,126.0,2.5
2026-03-22 15:00:00,2026,3,22,15,Đồng Nai,Phường Tam Hiệp,10.9510733,106.858145,50,Good,0,34.4,34,0.0,7.6,95,1007.1,15,8.9,11.5,191.0,5.5,121.0,2.6
2026-03-22 16:00:00,2026,3,22,16,Đồng Nai,Phường Tam Hiệp,10.9510733,106.858145,49,Good,0,33.5,36,0.0,11.6,137,1006.7,83,9.4,11.9,195.0,8.0,113.0,3.2
2026-03-22 17:00:00,2026,3,22,17,Đồng Nai,Phường Tam Hiệp,10.9510733,106.858145,55,Moderate,1,30.2,54,0.0,21.2,159,1007.0,18,11.4,13.9,199.0,13.3,101.0,4.8
2026-03-22 18:00:00,2026,3,22,18,Đồng Nai,Phường Tam Hiệp,10.9510733,106.858145,59,Moderate,1,28.7,57,0.0,17.2,139,1007.4,1,14.5,16.9,204.0,20.0,86.0,6.8
2026-03-22 19:00:00,2026,3,22,19,Đồng Nai,Phường Tam Hiệp,10.9510733,106.858145,58,Moderate,1,27.6,66,0.0,17.6,146,1008.2,0,14.8,17.5,207.0,24.0,74.0,8.0
2026-03-22 20:00:00,2026,3,22,20,Đồng Nai,Phường Tam Hiệp,10.9510733,106.858145,51,Moderate,1,26.6,71,0.0,13.9,149,1009.2,2,13.6,15.9,209.0,23.5,71.0,7.9
2026-03-22 21:00:00,2026,3,22,21,Đồng Nai,Phường Tam Hiệp,10.9510733,106.858145,47,Good,0,26.0,76,0.0,13.5,149,1009.6,5,13.5,15.7,209.0,22.8,67.0,7.7
2026-03-22 22:00:00,2026,3,22,22,Đồng Nai,Phường Tam Hiệp,10.9510733,106.858145,47,Good,0,25.6,77,0.0,12.6,146,1009.8,1,13.6,15.7,208.0,22.2,64.0,7.4
2026-03-22 23:00:00,2026,3,22,23,Đồng Nai,Phường Tam Hiệp,10.9510733,106.858145,47,Good,0,25.4,79,0.0,9.7,155,1009.9,0,13.2,15.3,204.0,21.6,62.0,7.0
2026-03-23 00:00:00,2026,3,23,0,Đồng Nai,Phường Tam Hiệp,10.9510733,106.858145,48,Good,0,25.0,80,0.0,9.3,156,1009.6,0,12.5,14.5,198.0,21.2,60.0,6.6
2026-03-23 01:00:00,2026,3,23,1,Đồng Nai,Phường Tam Hiệp,10.9510733,106.858145,48,Good,0,24.8,81,0.0,8.4,157,1009.3,73,12.5,14.6,194.0,21.3,58.0,6.4
2026-03-23 02:00:00,2026,3,23,2,Đồng Nai,Phường Tam Hiệp,10.9510733,106.858145,49,Good,0,24.8,80,0.0,9.9,153,1008.7,49,13.3,15.4,189.0,22.5,54.0,6.5
2026-03-23 03:00:00,2026,3,23,3,Đồng Nai,Phường Tam Hiệp,10.9510733,106.858145,49,Good,0,24.4,82,0.0,9.9,153,1008.7,38,14.7,16.9,186.0,24.3,49.0,6.9
2026-03-23 04:00:00,2026,3,23,4,Đồng Nai,Phường Tam Hiệp,10.9510733,106.858145,50,Good,0,24.1,83,0.0,8.6,149,1008.8,5,16.0,18.2,190.0,25.8,45.0,7.5
2026-03-23 05:00:00,2026,3,23,5,Đồng Nai,Phường Tam Hiệp,10.9510733,106.858145,51,Moderate,1,23.9,85,0.0,6.9,139,1009.1,2,17.2,19.4,212.0,27.3,41.0,8.7
2026-03-23 06:00:00,2026,3,23,6,Đồng Nai,Phường Tam Hiệp,10.9510733,106.858145,51,Moderate,1,23.5,87,0.0,4.6,129,1009.8,2,18.6,20.7,242.0,28.6,39.0,10.2
2026-03-23 07:00:00,2026,3,23,7,Đồng Nai,Phường Tam Hiệp,10.9510733,106.858145,52,Moderate,1,24.9,79,0.0,7.7,120,1010.5,0,22.2,25.4,259.0,27.7,43.0,10.9
2026-03-23 08:00:00,2026,3,23,8,Đồng Nai,Phường Tam Hiệp,10.9510733,106.858145,52,Moderate,1,26.8,67,0.0,10.0,111,1011.0,1,18.0,21.2,251.0,23.3,57.0,9.6
2026-03-23 09:00:00,2026,3,23,9,Đồng Nai,Phường Tam Hiệp,10.9510733,106.858145,53,Moderate,1,28.9,59,0.0,9.1,100,1011.4,5,16.6,20.1,231.0,17.2,76.0,7.7
2026-03-23 10:00:00,2026,3,23,10,Đồng Nai,Phường Tam Hiệp,10.9510733,106.858145,53,Moderate,1,31.0,50,0.0,9.0,96,1011.2,0,15.2,18.9,215.0,12.0,95.0,6.1
2026-03-23 11:00:00,2026,3,23,11,Đồng Nai,Phường Tam Hiệp,10.9510733,106.858145,53,Moderate,1,32.7,44,0.0,7.3,81,1010.1,2,13.7,17.1,209.0,8.7,114.0,5.0
2026-03-23 12:00:00,2026,3,23,12,Đồng Nai,Phường Tam Hiệp,10.9510733,106.858145,54,Moderate,1,33.9,40,0.0,7.0,48,1009.0,9,13.6,16.9,207.0,6.4,132.0,4.2
2026-03-23 13:00:00,2026,3,23,13,Đồng Nai,Phường Tam Hiệp,10.9510733,106.858145,54,Moderate,1,33.5,41,0.0,9.9,33,1008.0,26,13.7,17.1,207.0,5.2,144.0,3.7
2026-03-23 14:00:00,2026,3,23,14,Đồng Nai,Phường Tam Hiệp,10.9510733,106.858145,55,Moderate,1,33.4,41,0.0,10.7,29,1007.1,42,13.4,16.6,208.0,5.1,147.0,3.4
2026-03-23 15:00:00,2026,3,23,15,Đồng Nai,Phường Tam Hiệp,10.9510733,106.858145,55,Moderate,1,32.8,42,0.0,8.0,34,1006.5,14,13.1,16.4,211.0,6.1,144.0,3.3
2026-03-23 16:00:00,2026,3,23,16,Đồng Nai,Phường Tam Hiệp,10.9510733,106.858145,60,Moderate,1,32.8,40,0.0,6.1,12,1006.0,3,13.1,16.5,213.0,8.3,135.0,3.7
2026-03-23 17:00:00,2026,3,23,17,Đồng Nai,Phường Tam Hiệp,10.9510733,106.858145,76,Moderate,1,33.0,38,0.0,2.4,132,1005.8,12,13.3,16.3,212.0,12.9,118.0,4.8
2026-03-23 18:00:00,2026,3,23,18,Đồng Nai,Phường Tam Hiệp,10.9510733,106.858145,85,Moderate,1,28.5,59,0.0,19.7,159,1006.5,9,15.3,17.8,210.0,18.7,95.0,6.4
2026-03-23 19:00:00,2026,3,23,19,Đồng Nai,Phường Tam Hiệp,10.9510733,106.858145,85,Moderate,1,27.9,64,0.0,15.5,152,1007.4,3,20.9,25.2,211.0,25.2,75.0,8.5
2026-03-23 20:00:00,2026,3,23,20,Đồng Nai,Phường Tam Hiệp,10.9510733,106.858145,77,Moderate,1,26.6,69,0.0,16.1,147,1008.1,1,15.9,19.2,218.0,24.0,72.0,8.0
2026-03-23 21:00:00,2026,3,23,21,Đồng Nai,Phường Tam Hiệp,10.9510733,106.858145,64,Moderate,1,26.0,74,0.0,12.9,145,1008.5,0,13.5,16.4,228.0,22.3,68.0,7.4
2026-03-23 22:00:00,2026,3,23,22,Đồng Nai,Phường Tam Hiệp,10.9510733,106.858145,57,Moderate,1,25.4,79,0.0,11.8,147,1008.9,0,12.8,15.3,230.0,20.9,64.0,6.8
2026-03-23 23:00:00,2026,3,23,23,Đồng Nai,Phường Tam Hiệp,10.9510733,106.858145,57,Moderate,1,25.0,80,0.0,11.8,147,1009.0,0,12.4,14.6,219.0,20.1,62.0,6.3
2026-03-24 00:00:00,2026,3,24,0,Đồng Nai,Phường Tam Hiệp,10.9510733,106.858145,57,Moderate,1,24.8,80,0.0,13.4,144,1008.6,0,11.4,13.6,200.0,19.5,60.0,5.8
2026-03-24 01:00:00,2026,3,24,1,Đồng Nai,Phường Tam Hiệp,10.9510733,106.858145,56,Moderate,1,24.6,82,0.0,12.3,148,1008.0,0,11.3,13.4,186.0,19.4,58.0,5.6
2026-03-24 02:00:00,2026,3,24,2,Đồng Nai,Phường Tam Hiệp,10.9510733,106.858145,56,Moderate,1,24.4,83,0.0,10.8,150,1007.6,0,11.6,13.8,179.0,19.9,55.0,5.7
2026-03-24 03:00:00,2026,3,24,3,Đồng Nai,Phường Tam Hiệp,10.9510733,106.858145,56,Moderate,1,24.0,85,0.0,9.8,148,1007.3,0,12.2,14.4,177.0,20.7,52.0,5.9
2026-03-24 04:00:00,2026,3,24,4,Đồng Nai,Phường Tam Hiệp,10.9510733,106.858145,56,Moderate,1,23.7,86,0.0,9.0,142,1007.6,0,12.7,15.0,178.0,21.4,50.0,6.3
2026-03-24 05:00:00,2026,3,24,5,Đồng Nai,Phường Tam Hiệp,10.9510733,106.858145,56,Moderate,1,23.4,88,0.0,8.6,141,1007.7,0,13.3,15.7,187.0,22.2,48.0,7.0
2026-03-24 06:00:00,2026,3,24,6,Đồng Nai,Phường Tam Hiệp,10.9510733,106.858145,55,Moderate,1,23.1,89,0.0,8.2,139,1008.5,0,14.3,16.7,200.0,22.7,46.0,7.7
2026-03-24 07:00:00,2026,3,24,7,Đồng Nai,Phường Tam Hiệp,10.9510733,106.858145,55,Moderate,1,24.6,83,0.0,10.8,133,1009.3,0,12.3,14.2,206.0,21.6,49.0,7.5
2026-03-24 08:00:00,2026,3,24,8,Đồng Nai,Phường Tam Hiệp,10.9510733,106.858145,54,Moderate,1,26.4,73,0.0,12.1,130,1009.9,0,11.9,14.3,198.0,18.5,59.0,6.9
2026-03-24 09:00:00,2026,3,24,9,Đồng Nai,Phường Tam Hiệp,10.9510733,106.858145,54,Moderate,1,28.4,63,0.0,11.8,128,1010.2,1,11.6,14.3,182.0,14.2,72.0,6.0
2026-03-24 10:00:00,2026,3,24,10,Đồng Nai,Phường Tam Hiệp,10.9510733,106.858145,53,Moderate,1,30.2,55,0.0,11.1,127,1010.0,0,11.6,14.6,170.0,10.6,86.0,5.3
2026-03-24 11:00:00,2026,3,24,11,Đồng Nai,Phường Tam Hiệp,10.9510733,106.858145,53,Moderate,1,31.9,48,0.0,10.3,131,1009.2,5,11.7,14.8,165.0,8.4,100.0,4.8
2026-03-24 12:00:00,2026,3,24,12,Đồng Nai,Phường Tam Hiệp,10.9510733,106.858145,53,Moderate,1,33.1,42,0.0,10.1,137,1007.7,23,11.2,13.9,164.0,6.8,115.0,4.4
2026-03-24 13:00:00,2026,3,24,13,Đồng Nai,Phường Tam Hiệp,10.9510733,106.858145,52,Moderate,1,33.2,41,0.0,8.7,140,1007.0,41,11.1,13.6,165.0,6.1,125.0,4.2
2026-03-24 14:00:00,2026,3,24,14,Đồng Nai,Phường Tam Hiệp,10.9510733,106.858145,52,Moderate,1,33.8,38,0.0,8.7,138,1006.0,57,11.4,13.9,167.0,5.9,129.0,4.0
2026-03-24 15:00:00,2026,3,24,15,Đồng Nai,Phường Tam Hiệp,10.9510733,106.858145,52,Moderate,1,33.9,36,0.0,9.8,136,1005.2,86,11.7,14.3,170.0,6.5,127.0,4.0
2026-03-24 16:00:00,2026,3,24,16,Đồng Nai,Phường Tam Hiệp,10.9510733,106.858145,52,Moderate,1,32.8,40,0.0,14.9,160,1005.1,100,11.7,14.3,176.0,8.6,121.0,4.4
2026-03-24 17:00:00,2026,3,24,17,Đồng Nai,Phường Tam Hiệp,10.9510733,106.858145,53,Moderate,1,29.7,56,0.0,20.8,174,1005.5,8,12.6,15.1,185.0,13.7,107.0,5.7
2026-03-24 18:00:00,2026,3,24,18,Đồng Nai,Phường Tam Hiệp,10.9510733,106.858145,60,Moderate,1,28.5,61,0.0,15.4,164,1005.9,0,14.8,17.2,196.0,20.3,87.0,7.4
2026-03-24 19:00:00,2026,3,24,19,Đồng Nai,Phường Tam Hiệp,10.9510733,106.858145,60,Moderate,1,27.2,70,0.0,15.9,155,1006.9,0,19.1,22.8,204.0,26.4,74.0,9.1
2026-03-24 20:00:00,2026,3,24,20,Đồng Nai,Phường Tam Hiệp,10.9510733,106.858145,55,Moderate,1,26.1,75,0.0,15.6,143,1008.0,2,16.1,19.0,208.0,25.9,70.0,8.9
2026-03-24 21:00:00,2026,3,24,21,Đồng Nai,Phường Tam Hiệp,10.9510733,106.858145,51,Moderate,1,25.4,81,0.0,14.5,134,1008.4,0,14.9,17.5,210.0,25.3,65.0,8.6
2026-03-24 22:00:00,2026,3,24,22,Đồng Nai,Phường Tam Hiệp,10.9510733,106.858145,52,Moderate,1,25.0,85,0.0,11.3,136,1008.8,1,15.1,17.6,209.0,25.0,61.0,8.3
2026-03-24 23:00:00,2026,3,24,23,Đồng Nai,Phường Tam Hiệp,10.9510733,106.858145,52,Moderate,1,24.7,86,0.0,10.9,140,1009.0,1,15.5,17.8,205.0,25.3,58.0,8.0
2026-03-25 00:00:00,2026,3,25,0,Đồng Nai,Phường Tam Hiệp,10.9510733,106.858145,52,Moderate,1,24.5,86,0.0,10.7,143,1008.4,0,15.1,17.4,198.0,26.0,55.0,7.6
2026-03-25 01:00:00,2026,3,25,1,Đồng Nai,Phường Tam Hiệp,10.9510733,106.858145,52,Moderate,1,24.4,88,0.0,9.0,151,1007.8,4,15.3,17.6,192.0,26.6,53.0,7.4
2026-03-25 02:00:00,2026,3,25,2,Đồng Nai,Phường Tam Hiệp,10.9510733,106.858145,53,Moderate,1,24.1,88,0.0,8.8,154,1007.5,5,15.8,18.2,186.0,27.2,51.0,7.4
2026-03-25 03:00:00,2026,3,25,3,Đồng Nai,Phường Tam Hiệp,10.9510733,106.858145,53,Moderate,1,23.9,88,0.0,8.3,147,1007.1,0,16.4,18.7,181.0,27.9,48.0,7.5
2026-03-25 04:00:00,2026,3,25,4,Đồng Nai,Phường Tam Hiệp,10.9510733,106.858145,53,Moderate,1,23.6,89,0.0,8.4,143,1007.1,0,16.9,19.4,185.0,28.2,47.0,7.8
2026-03-25 05:00:00,2026,3,25,5,Đồng Nai,Phường Tam Hiệp,10.9510733,106.858145,54,Moderate,1,23.4,90,0.0,7.8,136,1007.4,0,18.0,20.5,208.0,28.4,46.0,8.6
2026-03-25 06:00:00,2026,3,25,6,Đồng Nai,Phường Tam Hiệp,10.9510733,106.858145,54,Moderate,1,23.2,91,0.0,6.5,129,1008.2,0,19.7,22.3,239.0,28.3,45.0,9.5
2026-03-25 07:00:00,2026,3,25,7,Đồng Nai,Phường Tam Hiệp,10.9510733,106.858145,55,Moderate,1,24.5,87,0.0,6.6,137,1009.3,0,22.6,26.4,254.0,28.9,45.0,10.1
2026-03-25 08:00:00,2026,3,25,8,Đồng Nai,Phường Tam Hiệp,10.9510733,106.858145,56,Moderate,1,26.8,72,0.0,9.7,129,1009.9,0,19.5,24.2,237.0,23.8,59.0,8.7
2026-03-25 09:00:00,2026,3,25,9,Đồng Nai,Phường Tam Hiệp,10.9510733,106.858145,56,Moderate,1,29.0,61,0.0,11.1,121,1010.0,0,18.2,23.2,205.0,16.6,78.0,6.8
2026-03-25 10:00:00,2026,3,25,10,Đồng Nai,Phường Tam Hiệp,10.9510733,106.858145,57,Moderate,1,31.4,48,0.0,10.9,112,1009.9,0,17.7,22.9,181.0,10.9,97.0,5.2
2026-03-25 11:00:00,2026,3,25,11,Đồng Nai,Phường Tam Hiệp,10.9510733,106.858145,57,Moderate,1,33.3,40,0.0,9.0,103,1009.2,0,16.8,21.1,178.0,7.9,114.0,4.3
2026-03-25 12:00:00,2026,3,25,12,Đồng Nai,Phường Tam Hiệp,10.9510733,106.858145,58,Moderate,1,34.7,35,0.0,8.0,95,1008.1,19,16.4,20.3,183.0,6.2,131.0,3.8
2026-03-25 13:00:00,2026,3,25,13,Đồng Nai,Phường Tam Hiệp,10.9510733,106.858145,58,Moderate,1,34.4,38,0.0,8.7,97,1007.1,23,15.9,19.6,188.0,5.4,141.0,3.5
2026-03-25 14:00:00,2026,3,25,14,Đồng Nai,Phường Tam Hiệp,10.9510733,106.858145,59,Moderate,1,35.1,35,0.0,7.7,101,1006.2,47,15.5,19.3,189.0,5.1,142.0,3.2
2026-03-25 15:00:00,2026,3,25,15,Đồng Nai,Phường Tam Hiệp,10.9510733,106.858145,59,Moderate,1,35.2,32,0.0,7.1,96,1005.5,42,15.1,18.9,189.0,5.6,136.0,3.0
2026-03-25 16:00:00,2026,3,25,16,Đồng Nai,Phường Tam Hiệp,10.9510733,106.858145,59,Moderate,1,35.1,31,0.0,7.8,124,1005.1,73,14.8,18.6,190.0,7.7,127.0,3.4
2026-03-25 17:00:00,2026,3,25,17,Đồng Nai,Phường Tam Hiệp,10.9510733,106.858145,72,Moderate,1,30.2,58,0.0,22.7,172,1005.7,23,14.9,18.2,194.0,13.0,111.0,4.9
2026-03-25 18:00:00,2026,3,25,18,Đồng Nai,Phường Tam Hiệp,10.9510733,106.858145,79,Moderate,1,29.6,60,0.0,16.5,160,1006.3,23,16.3,19.2,199.0,19.9,92.0,6.9
2026-03-25 19:00:00,2026,3,25,19,Đồng Nai,Phường Tam Hiệp,10.9510733,106.858145,78,Moderate,1,27.7,71,0.0,17.3,153,1007.1,2,17.1,19.6,203.0,24.9,77.0,8.3
2026-03-25 20:00:00,2026,3,25,20,Đồng Nai,Phường Tam Hiệp,10.9510733,106.858145,70,Moderate,1,26.9,76,0.0,16.6,146,1008.1,2,15.3,17.9,204.0,23.7,75.0,7.9
2026-03-25 21:00:00,2026,3,25,21,Đồng Nai,Phường Tam Hiệp,10.9510733,106.858145,60,Moderate,1,26.1,82,0.0,16.9,144,1008.8,1,13.0,15.4,204.0,21.9,71.0,7.4
2026-03-25 22:00:00,2026,3,25,22,Đồng Nai,Phường Tam Hiệp,10.9510733,106.858145,60,Moderate,1,25.8,84,0.0,14.7,144,1009.3,12,12.5,14.6,202.0,20.5,68.0,6.9
2026-03-25 23:00:00,2026,3,25,23,Đồng Nai,Phường Tam Hiệp,10.9510733,106.858145,59,Moderate,1,25.5,87,0.0,12.3,148,1009.4,2,11.9,14.0,197.0,19.7,65.0,6.4
2026-03-26 00:00:00,2026,3,26,0,Đồng Nai,Phường Tam Hiệp,10.9510733,106.858145,59,Moderate,1,25.2,87,0.0,11.1,144,1009.0,13,10.9,12.8,191.0,19.2,63.0,5.9
2026-03-26 01:00:00,2026,3,26,1,Đồng Nai,Phường Tam Hiệp,10.9510733,106.858145,59,Moderate,1,25.1,86,0.0,13.1,142,1008.6,3,10.4,12.4,185.0,18.8,61.0,5.5
2026-03-26 02:00:00,2026,3,26,2,Đồng Nai,Phường Tam Hiệp,10.9510733,106.858145,58,Moderate,1,24.9,84,0.0,13.3,142,1007.9,3,10.4,12.5,180.0,18.5,59.0,5.3
2026-03-26 03:00:00,2026,3,26,3,Đồng Nai,Phường Tam Hiệp,10.9510733,106.858145,58,Moderate,1,24.5,84,0.0,11.6,138,1007.5,11,10.7,13.0,176.0,18.4,57.0,5.3
2026-03-26 04:00:00,2026,3,26,4,Đồng Nai,Phường Tam Hiệp,10.9510733,106.858145,57,Moderate,1,24.2,86,0.0,9.9,138,1007.4,16,11.1,13.5,177.0,18.5,55.0,5.5
2026-03-26 05:00:00,2026,3,26,5,Đồng Nai,Phường Tam Hiệp,10.9510733,106.858145,57,Moderate,1,24.1,86,0.0,9.2,140,1007.9,9,11.5,14.2,190.0,19.4,53.0,6.1
2026-03-26 06:00:00,2026,3,26,6,Đồng Nai,Phường Tam Hiệp,10.9510733,106.858145,56,Moderate,1,24.0,88,0.0,8.9,135,1008.8,15,12.6,15.5,208.0,20.6,51.0,6.9
2026-03-26 07:00:00,2026,3,26,7,Đồng Nai,Phường Tam Hiệp,10.9510733,106.858145,56,Moderate,1,25.4,83,0.0,11.0,124,1009.4,18,15.0,19.3,220.0,20.1,54.0,7.1
2026-03-26 08:00:00,2026,3,26,8,Đồng Nai,Phường Tam Hiệp,10.9510733,106.858145,55,Moderate,1,26.7,75,0.0,10.7,117,1010.0,9,14.8,19.7,219.0,17.4,65.0,6.4
2026-03-26 09:00:00,2026,3,26,9,Đồng Nai,Phường Tam Hiệp,10.9510733,106.858145,55,Moderate,1,28.6,64,0.0,10.4,105,1010.5,27,15.3,20.7,213.0,13.6,80.0,5.4
2026-03-26 10:00:00,2026,3,26,10,Đồng Nai,Phường Tam Hiệp,10.9510733,106.858145,54,Moderate,1,30.5,56,0.0,8.8,94,1010.4,45,16.5,22.1,208.0,10.6,95.0,4.6
2026-03-26 11:00:00,2026,3,26,11,Đồng Nai,Phường Tam Hiệp,10.9510733,106.858145,54,Moderate,1,31.7,50,0.0,6.9,73,1009.5,30,17.9,23.4,208.0,9.0,110.0,4.1
2026-03-26 12:00:00,2026,3,26,12,Đồng Nai,Phường Tam Hiệp,10.9510733,106.858145,54,Moderate,1,32.8,46,0.0,6.1,62,1008.3,38,19.0,24.3,211.0,8.1,125.0,3.9
2026-03-26 13:00:00,2026,3,26,13,Đồng Nai,Phường Tam Hiệp,10.9510733,106.858145,54,Moderate,1,32.8,47,0.0,5.2,56,1007.1,38,18.6,23.2,213.0,7.7,136.0,3.7
2026-03-26 14:00:00,2026,3,26,14,Đồng Nai,Phường Tam Hiệp,10.9510733,106.858145,55,Moderate,1,33.2,45,0.0,4.6,69,1006.1,66,17.5,21.5,216.0,7.1,144.0,3.5
2026-03-26 15:00:00,2026,3,26,15,Đồng Nai,Phường Tam Hiệp,10.9510733,106.858145,55,Moderate,1,33.3,44,0.0,6.4,47,1005.3,46,17.3,21.4,218.0,7.0,147.0,3.3
2026-03-26 16:00:00,2026,3,26,16,Đồng Nai,Phường Tam Hiệp,10.9510733,106.858145,58,Moderate,1,33.4,43,0.0,6.5,56,1004.9,63,17.1,21.4,220.0,8.6,143.0,3.7
2026-03-26 17:00:00,2026,3,26,17,Đồng Nai,Phường Tam Hiệp,10.9510733,106.858145,75,Moderate,1,31.5,50,0.0,10.7,174,1005.2,42,16.6,20.5,219.0,13.7,124.0,5.1
2026-03-26 18:00:00,2026,3,26,18,Đồng Nai,Phường Tam Hiệp,10.9510733,106.858145,84,Moderate,1,28.1,64,0.0,17.8,166,1005.9,0,17.8,20.6,217.0,20.5,96.0,7.1
2026-03-26 19:00:00,2026,3,26,19,Đồng Nai,Phường Tam Hiệp,10.9510733,106.858145,85,Moderate,1,28.5,61,0.0,16.8,150,1006.7,0,17.9,20.8,217.0,26.1,73.0,8.6
2026-03-26 20:00:00,2026,3,26,20,Đồng Nai,Phường Tam Hiệp,10.9510733,106.858145,77,Moderate,1,27.0,66,0.0,17.0,143,1007.6,0,15.1,17.8,222.0,25.0,70.0,8.2
2026-03-26 21:00:00,2026,3,26,21,Đồng Nai,Phường Tam Hiệp,10.9510733,106.858145,65,Moderate,1,26.0,75,0.0,14.5,138,1008.3,0,13.5,15.9,228.0,23.4,65.0,7.7
2026-03-26 22:00:00,2026,3,26,22,Đồng Nai,Phường Tam Hiệp,10.9510733,106.858145,56,Moderate,1,25.6,79,0.0,13.2,140,1008.8,0,13.3,15.5,229.0,22.0,62.0,7.1
2026-03-26 23:00:00,2026,3,26,23,Đồng Nai,Phường Tam Hiệp,10.9510733,106.858145,56,Moderate,1,25.2,81,0.0,11.6,141,1008.9,0,12.8,15.0,220.0,20.9,61.0,6.5
2026-03-27 00:00:00,2026,3,27,0,Đồng Nai,Phường Tam Hiệp,10.9510733,106.858145,56,Moderate,1,24.9,82,0.0,11.1,141,1008.7,0,11.9,14.1,205.0,20.1,60.0,6.0
2026-03-27 01:00:00,2026,3,27,1,Đồng Nai,Phường Tam Hiệp,10.9510733,106.858145,56,Moderate,1,24.6,85,0.0,11.6,138,1008.2,2,11.7,13.9,194.0,19.5,60.0,5.6
2026-03-27 02:00:00,2026,3,27,2,Đồng Nai,Phường Tam Hiệp,10.9510733,106.858145,56,Moderate,1,24.2,86,0.0,11.8,140,1007.6,2,11.9,14.1,189.0,19.5,59.0,5.6
2026-03-27 03:00:00,2026,3,27,3,Đồng Nai,Phường Tam Hiệp,10.9510733,106.858145,56,Moderate,1,23.9,88,0.0,11.5,140,1007.4,0,12.4,14.6,187.0,19.8,57.0,5.8
2026-03-27 04:00:00,2026,3,27,4,Đồng Nai,Phường Tam Hiệp,10.9510733,106.858145,56,Moderate,1,23.5,89,0.0,10.8,136,1007.3,0,12.9,15.2,191.0,19.9,57.0,6.0
2026-03-27 05:00:00,2026,3,27,5,Đồng Nai,Phường Tam Hiệp,10.9510733,106.858145,56,Moderate,1,23.4,90,0.0,10.2,141,1007.8,0,13.6,16.0,207.0,20.0,57.0,6.3
2026-03-27 06:00:00,2026,3,27,6,Đồng Nai,Phường Tam Hiệp,10.9510733,106.858145,57,Moderate,1,23.3,90,0.0,9.2,138,1008.4,0,14.5,17.1,229.0,20.0,58.0,6.7
2026-03-27 07:00:00,2026,3,27,7,Đồng Nai,Phường Tam Hiệp,10.9510733,106.858145,57,Moderate,1,24.6,85,0.0,11.8,136,1009.1,15,16.4,20.3,239.0,19.8,60.0,6.9
2026-03-27 08:00:00,2026,3,27,8,Đồng Nai,Phường Tam Hiệp,10.9510733,106.858145,57,Moderate,1,26.8,72,0.0,15.4,137,1009.8,27,15.1,19.1,226.0,16.5,70.0,6.1
2026-03-27 09:00:00,2026,3,27,9,Đồng Nai,Phường Tam Hiệp,10.9510733,106.858145,57,Moderate,1,28.8,60,0.0,14.9,134,1010.1,29,14.5,18.7,201.0,11.9,85.0,4.9
2026-03-27 10:00:00,2026,3,27,10,Đồng Nai,Phường Tam Hiệp,10.9510733,106.858145,57,Moderate,1,30.9,50,0.0,12.8,132,1009.7,29,14.5,19.0,182.0,8.3,98.0,4.0
2026-03-27 11:00:00,2026,3,27,11,Đồng Nai,Phường Tam Hiệp,10.9510733,106.858145,57,Moderate,1,32.4,45,0.0,11.3,132,1009.3,70,14.7,19.4,176.0,6.4,110.0,3.6
2026-03-27 12:00:00,2026,3,27,12,Đồng Nai,Phường Tam Hiệp,10.9510733,106.858145,56,Moderate,1,33.7,40,0.0,9.8,134,1008.5,50,15.1,19.7,175.0,5.5,121.0,3.5
2026-03-27 13:00:00,2026,3,27,13,Đồng Nai,Phường Tam Hiệp,10.9510733,106.858145,56,Moderate,1,33.0,43,0.0,10.5,143,1007.5,90,15.3,19.8,176.0,5.3,128.0,3.5
2026-03-27 14:00:00,2026,3,27,14,Đồng Nai,Phường Tam Hiệp,10.9510733,106.858145,56,Moderate,1,33.5,41,0.0,10.5,149,1006.6,44,15.1,19.4,174.0,5.3,132.0,3.5
2026-03-27 15:00:00,2026,3,27,15,Đồng Nai,Phường Tam Hiệp,10.9510733,106.858145,56,Moderate,1,33.2,42,0.0,11.0,162,1005.5,51,14.9,18.9,174.0,6.0,132.0,3.6
2026-03-27 16:00:00,2026,3,27,16,Đồng Nai,Phường Tam Hiệp,10.9510733,106.858145,55,Moderate,1,32.8,43,0.0,12.6,180,1004.9,4,14.8,18.5,179.0,8.6,126.0,4.3
2026-03-27 17:00:00,2026,3,27,17,Đồng Nai,Phường Tam Hiệp,10.9510733,106.858145,65,Moderate,1,31.4,47,0.0,14.8,184,1005.0,8,15.0,18.5,196.0,14.9,109.0,6.0
2026-03-27 18:00:00,2026,3,27,18,Đồng Nai,Phường Tam Hiệp,10.9510733,106.858145,70,Moderate,1,28.1,66,0.0,17.1,166,1005.6,1,17.1,20.1,219.0,23.2,86.0,8.2
2026-03-27 19:00:00,2026,3,27,19,Đồng Nai,Phường Tam Hiệp,10.9510733,106.858145,67,Moderate,1,27.2,70,0.0,17.1,159,1006.4,0,21.7,25.4,234.0,29.5,69.0,10.1
2026-03-27 20:00:00,2026,3,27,20,Đồng Nai,Phường Tam Hiệp,10.9510733,106.858145,59,Moderate,1,26.8,71,0.0,15.1,152,1007.2,0,20.0,23.5,235.0,29.7,64.0,10.3
2026-03-27 21:00:00,2026,3,27,21,Đồng Nai,Phường Tam Hiệp,10.9510733,106.858145,56,Moderate,1,26.0,75,0.0,13.2,145,1007.9,34,19.0,22.1,229.0,30.0,56.0,10.6
2026-03-27 22:00:00,2026,3,27,22,Đồng Nai,Phường Tam Hiệp,10.9510733,106.858145,56,Moderate,1,25.4,80,0.0,12.6,142,1008.1,9,18.6,21.5,223.0,29.8,51.0,10.5
2026-03-27 23:00:00,2026,3,27,23,Đồng Nai,Phường Tam Hiệp,10.9510733,106.858145,57,Moderate,1,24.9,85,0.0,10.3,130,1008.4,0,18.1,20.8,218.0,28.7,50.0,9.5
2026-03-28 00:00:00,2026,3,28,0,Đồng Nai,Phường Tam Hiệp,10.9510733,106.858145,57,Moderate,1,24.5,85,0.0,9.3,119,1008.0,0,17.1,19.8,214.0,27.2,50.0,8.2
2026-03-28 01:00:00,2026,3,28,1,Đồng Nai,Phường Tam Hiệp,10.9510733,106.858145,58,Moderate,1,24.2,89,0.0,8.4,115,1007.3,9,17.2,19.8,213.0,26.3,50.0,7.2
2026-03-28 02:00:00,2026,3,28,2,Đồng Nai,Phường Tam Hiệp,10.9510733,106.858145,58,Moderate,1,24.0,90,0.0,7.7,118,1006.5,2,17.8,20.4,217.0,26.5,48.0,6.9
2026-03-28 03:00:00,2026,3,28,3,Đồng Nai,Phường Tam Hiệp,10.9510733,106.858145,59,Moderate,1,23.6,92,0.0,6.3,125,1006.2,0,18.8,21.2,225.0,27.2,45.0,6.9
2026-03-28 04:00:00,2026,3,28,4,Đồng Nai,Phường Tam Hiệp,10.9510733,106.858145,59,Moderate,1,23.3,94,0.0,4.8,135,1006.0,0,20.1,22.4,239.0,28.0,43.0,7.3
2026-03-28 05:00:00,2026,3,28,5,Đồng Nai,Phường Tam Hiệp,10.9510733,106.858145,60,Moderate,1,23.1,95,0.0,4.9,141,1006.9,0,21.4,23.5,270.0,29.4,40.0,8.5
2026-03-28 06:00:00,2026,3,28,6,Đồng Nai,Phường Tam Hiệp,10.9510733,106.858145,61,Moderate,1,23.0,95,0.0,5.3,135,1007.5,0,23.6,25.8,308.0,30.8,37.0,10.1
2026-03-28 07:00:00,2026,3,28,7,Đồng Nai,Phường Tam Hiệp,10.9510733,106.858145,61,Moderate,1,24.5,88,0.0,6.9,143,1008.4,0,28.9,31.8,323.0,32.7,35.0,11.2
2026-03-28 08:00:00,2026,3,28,8,Đồng Nai,Phường Tam Hiệp,10.9510733,106.858145,62,Moderate,1,27.0,71,0.0,11.2,130,1008.9,0,22.1,26.2,293.0,26.5,50.0,9.6
2026-03-28 09:00:00,2026,3,28,9,Đồng Nai,Phường Tam Hiệp,10.9510733,106.858145,63,Moderate,1,29.4,61,0.0,13.2,127,1009.1,0,18.3,21.8,240.0,17.9,72.0,7.3
2026-03-28 10:00:00,2026,3,28,10,Đồng Nai,Phường Tam Hiệp,10.9510733,106.858145,63,Moderate,1,31.5,53,0.0,12.6,127,1008.9,0,15.9,18.3,200.0,11.0,91.0,5.5
2026-03-28 11:00:00,2026,3,28,11,Đồng Nai,Phường Tam Hiệp,10.9510733,106.858145,64,Moderate,1,33.4,46,0.0,11.5,129,1008.3,9,14.9,16.7,188.0,7.6,105.0,4.5
2026-03-28 12:00:00,2026,3,28,12,Đồng Nai,Phường Tam Hiệp,10.9510733,106.858145,64,Moderate,1,34.8,41,0.0,11.6,139,1007.0,84,14.2,15.9,189.0,5.9,117.0,3.9
2026-03-28 13:00:00,2026,3,28,13,Đồng Nai,Phường Tam Hiệp,10.9510733,106.858145,63,Moderate,1,34.7,41,0.0,13.4,147,1005.9,45,13.4,15.1,190.0,5.1,123.0,3.5
2026-03-28 14:00:00,2026,3,28,14,Đồng Nai,Phường Tam Hiệp,10.9510733,106.858145,63,Moderate,1,34.5,42,0.0,17.4,152,1005.4,88,13.1,14.8,186.0,5.0,122.0,3.3
2026-03-28 15:00:00,2026,3,28,15,Đồng Nai,Phường Tam Hiệp,10.9510733,106.858145,63,Moderate,1,33.2,46,0.0,19.5,158,1005.3,85,12.9,14.6,183.0,5.8,117.0,3.4
2026-03-28 16:00:00,2026,3,28,16,Đồng Nai,Phường Tam Hiệp,10.9510733,106.858145,63,Moderate,1,31.2,52,0.0,19.8,161,1005.3,27,13.2,15.5,184.0,7.6,108.0,3.7
2026-03-28 17:00:00,2026,3,28,17,Đồng Nai,Phường Tam Hiệp,10.9510733,106.858145,63,Moderate,1,29.4,60,0.0,19.4,161,1005.9,13,13.6,16.1,191.0,11.0,96.0,4.4
2026-03-28 18:00:00,2026,3,28,18,Đồng Nai,Phường Tam Hiệp,10.9510733,106.858145,63,Moderate,1,27.8,67,0.0,16.5,160,1006.6,23,13.8,16.5,202.0,15.3,81.0,5.4
2026-03-28 19:00:00,2026,3,28,19,Đồng Nai,Phường Tam Hiệp,10.9510733,106.858145,62,Moderate,1,27.3,69,0.0,16.3,147,1006.9,1,17.3,20.1,213.0,22.0,67.0,7.2
2026-03-28 20:00:00,2026,3,28,20,Đồng Nai,Phường Tam Hiệp,10.9510733,106.858145,62,Moderate,1,26.8,73,0.0,12.7,145,1007.5,1,17.8,20.9,224.0,23.5,62.0,7.7
2026-03-28 21:00:00,2026,3,28,21,Đồng Nai,Phường Tam Hiệp,10.9510733,106.858145,62,Moderate,1,26.2,78,0.0,11.2,143,1007.6,6,19.0,22.1,235.0,25.6,55.0,8.3
2026-03-28 22:00:00,2026,3,28,22,Đồng Nai,Phường Tam Hiệp,10.9510733,106.858145,62,Moderate,1,25.8,83,0.0,9.4,145,1007.9,9,20.4,23.6,243.0,27.5,49.0,8.8
2026-03-28 23:00:00,2026,3,28,23,Đồng Nai,Phường Tam Hiệp,10.9510733,106.858145,62,Moderate,1,25.4,86,0.0,8.5,145,1007.9,2,21.4,24.5,244.0,29.0,44.0,8.8
2026-03-29 00:00:00,2026,3,29,0,Đồng Nai,Phường Tam Hiệp,10.9510733,106.858145,62,Moderate,1,25.0,89,0.0,7.0,151,1007.8,57,21.6,24.6,242.0,30.4,39.0,8.6
2026-03-29 01:00:00,2026,3,29,1,Đồng Nai,Phường Tam Hiệp,10.9510733,106.858145,63,Moderate,1,25.0,91,0.0,10.1,145,1007.1,93,21.7,24.7,240.0,31.3,36.0,8.5
2026-03-29 02:00:00,2026,3,29,2,Đồng Nai,Phường Tam Hiệp,10.9510733,106.858145,63,Moderate,1,24.8,92,0.0,10.2,144,1006.5,92,21.7,24.6,238.0,31.3,34.0,8.3
2026-03-29 03:00:00,2026,3,29,3,Đồng Nai,Phường Tam Hiệp,10.9510733,106.858145,63,Moderate,1,24.5,93,0.0,9.0,150,1006.6,99,21.6,24.4,238.0,30.9,33.0,8.1
2026-03-29 04:00:00,2026,3,29,4,Đồng Nai,Phường Tam Hiệp,10.9510733,106.858145,64,Moderate,1,24.1,95,0.0,4.6,138,1006.7,100,22.2,25.0,244.0,30.9,32.0,8.5
2026-03-29 05:00:00,2026,3,29,5,Đồng Nai,Phường Tam Hiệp,10.9510733,106.858145,64,Moderate,1,23.7,96,0.0,3.0,123,1007.5,100,24.4,27.4,269.0,32.7,30.0,10.4
2026-03-29 06:00:00,2026,3,29,6,Đồng Nai,Phường Tam Hiệp,10.9510733,106.858145,64,Moderate,1,23.5,97,0.0,1.7,77,1008.4,99,28.1,31.2,301.0,34.9,28.0,12.9
2026-03-29 07:00:00,2026,3,29,7,Đồng Nai,Phường Tam Hiệp,10.9510733,106.858145,64,Moderate,1,25.0,93,0.0,2.7,98,1009.1,99,28.3,31.2,312.0,34.2,27.0,13.0
2026-03-29 08:00:00,2026,3,29,8,Đồng Nai,Phường Tam Hiệp,10.9510733,106.858145,64,Moderate,1,27.3,77,0.0,8.1,108,1009.6,54,18.9,22.0,281.0,27.2,39.0,10.6
2026-03-29 09:00:00,2026,3,29,9,Đồng Nai,Phường Tam Hiệp,10.9510733,106.858145,64,Moderate,1,29.9,62,0.0,11.9,122,1009.8,13,13.8,16.1,228.0,17.5,55.0,7.4
2026-03-29 10:00:00,2026,3,29,10,Đồng Nai,Phường Tam Hiệp,10.9510733,106.858145,64,Moderate,1,31.9,53,0.0,11.7,134,1009.8,84,11.9,13.5,186.0,10.1,71.0,4.9
2026-03-29 11:00:00,2026,3,29,11,Đồng Nai,Phường Tam Hiệp,10.9510733,106.858145,63,Moderate,1,33.7,46,0.0,11.1,136,1009.2,24,11.4,12.6,170.0,7.0,86.0,4.1
2026-03-29 12:00:00,2026,3,29,12,Đồng Nai,Phường Tam Hiệp,10.9510733,106.858145,63,Moderate,1,35.0,39,0.0,10.9,142,1008.2,19,11.1,12.2,165.0,6.2,100.0,4.1
2026-03-29 13:00:00,2026,3,29,13,Đồng Nai,Phường Tam Hiệp,10.9510733,106.858145,63,Moderate,1,34.8,38,0.0,11.1,153,1007.2,20,10.9,11.9,162.0,6.1,109.0,4.2
2026-03-29 14:00:00,2026,3,29,14,Đồng Nai,Phường Tam Hiệp,10.9510733,106.858145,63,Moderate,1,35.0,38,0.0,12.6,153,1006.1,7,10.5,11.4,157.0,5.8,112.0,4.0
2026-03-29 15:00:00,2026,3,29,15,Đồng Nai,Phường Tam Hiệp,10.9510733,106.858145,62,Moderate,1,34.5,40,0.0,14.3,151,1005.6,33,10.0,10.9,155.0,6.2,109.0,4.0
2026-03-29 16:00:00,2026,3,29,16,Đồng Nai,Phường Tam Hiệp,10.9510733,106.858145,62,Moderate,1,33.3,44,0.0,16.0,155,1005.4,48,9.7,10.6,161.0,8.7,102.0,4.5
2026-03-29 17:00:00,2026,3,29,17,Đồng Nai,Phường Tam Hiệp,10.9510733,106.858145,62,Moderate,1,32.0,47,0.0,16.4,156,1005.5,37,10.9,12.2,182.0,15.2,88.0,6.1
2026-03-29 18:00:00,2026,3,29,18,Đồng Nai,Phường Tam Hiệp,10.9510733,106.858145,62,Moderate,1,30.0,57,0.0,14.4,165,1005.8,0,13.9,15.4,210.0,23.8,68.0,8.2
2026-03-29 19:00:00,2026,3,29,19,Đồng Nai,Phường Tam Hiệp,10.9510733,106.858145,62,Moderate,1,28.8,66,0.0,12.2,172,1006.6,30,18.0,19.9,233.0,30.6,52.0,10.0
2026-03-29 20:00:00,2026,3,29,20,Đồng Nai,Phường Tam Hiệp,10.9510733,106.858145,62,Moderate,1,27.8,72,0.0,11.3,160,1007.4,0,18.6,20.7,244.0,30.9,49.0,10.2
2026-03-29 21:00:00,2026,3,29,21,Đồng Nai,Phường Tam Hiệp,10.9510733,106.858145,62,Moderate,1,26.8,79,0.0,10.5,149,1008.0,0,18.9,21.2,250.0,31.4,44.0,10.4
2026-03-29 22:00:00,2026,3,29,22,Đồng Nai,Phường Tam Hiệp,10.9510733,106.858145,62,Moderate,1,26.0,84,0.0,10.3,147,1008.7,1,19.0,21.5,249.0,31.8,40.0,10.4
2026-03-29 23:00:00,2026,3,29,23,Đồng Nai,Phường Tam Hiệp,10.9510733,106.858145,62,Moderate,1,25.5,89,0.0,9.9,135,1008.9,2,19.2,21.7,240.0,32.0,37.0,10.0
2026-03-30 00:00:00,2026,3,30,0,Đồng Nai,Phường Tam Hiệp,10.9510733,106.858145,61,Moderate,1,25.0,92,0.0,8.4,137,1008.9,4,18.4,21.0,225.0,32.0,34.0,9.4
2026-03-30 01:00:00,2026,3,30,1,Đồng Nai,Phường Tam Hiệp,10.9510733,106.858145,61,Moderate,1,25.0,96,0.0,6.8,143,1008.6,48,17.9,20.4,212.0,32.1,31.0,8.9
2026-03-30 02:00:00,2026,3,30,2,Đồng Nai,Phường Tam Hiệp,10.9510733,106.858145,61,Moderate,1,25.0,94,0.0,7.7,144,1008.2,48,17.8,20.3,203.0,32.7,27.0,8.6
2026-03-30 03:00:00,2026,3,30,3,Đồng Nai,Phường Tam Hiệp,10.9510733,106.858145,60,Moderate,1,24.8,94,0.0,8.1,137,1007.9,8,18.0,20.6,195.0,33.2,24.0,8.4
2026-03-30 04:00:00,2026,3,30,4,Đồng Nai,Phường Tam Hiệp,10.9510733,106.858145,60,Moderate,1,24.5,96,0.0,7.6,133,1007.6,5,17.5,20.0,193.0,32.4,23.0,8.3
2026-03-30 05:00:00,2026,3,30,5,Đồng Nai,Phường Tam Hiệp,10.9510733,106.858145,60,Moderate,1,24.1,96,0.0,7.5,120,1007.9,3,16.8,19.3,201.0,29.2,25.0,8.3
2026-03-30 06:00:00,2026,3,30,6,Đồng Nai,Phường Tam Hiệp,10.9510733,106.858145,59,Moderate,1,23.9,97,0.0,8.2,98,1008.4,2,16.8,19.4,215.0,24.6,30.0,8.3
2026-03-30 07:00:00,2026,3,30,7,Đồng Nai,Phường Tam Hiệp,10.9510733,106.858145,58,Moderate,1,25.1,91,0.0,10.9,114,1009.0,22,18.0,21.6,221.0,23.4,33.0,9.0
2026-03-30 08:00:00,2026,3,30,8,Đồng Nai,Phường Tam Hiệp,10.9510733,106.858145,57,Moderate,1,27.3,77,0.0,8.9,119,1010.0,6,16.6,21.1,211.0,20.4,42.0,8.3
2026-03-30 09:00:00,2026,3,30,9,Đồng Nai,Phường Tam Hiệp,10.9510733,106.858145,57,Moderate,1,29.4,64,0.0,7.4,133,1010.6,5,15.3,20.3,193.0,16.1,55.0,7.2
2026-03-30 10:00:00,2026,3,30,10,Đồng Nai,Phường Tam Hiệp,10.9510733,106.858145,57,Moderate,1,31.1,55,0.0,5.7,145,1010.6,2,15.1,20.5,179.0,12.5,69.0,6.3
2026-03-30 11:00:00,2026,3,30,11,Đồng Nai,Phường Tam Hiệp,10.9510733,106.858145,57,Moderate,1,32.7,48,0.0,4.8,138,1009.9,11,14.4,19.4,174.0,10.2,85.0,5.6
2026-03-30 12:00:00,2026,3,30,12,Đồng Nai,Phường Tam Hiệp,10.9510733,106.858145,58,Moderate,1,33.9,42,0.0,4.9,129,1008.8,23,13.8,18.6,174.0,8.5,102.0,5.1
2026-03-30 13:00:00,2026,3,30,13,Đồng Nai,Phường Tam Hiệp,10.9510733,106.858145,58,Moderate,1,33.8,41,0.0,4.8,149,1007.8,27,13.4,18.3,173.0,7.6,114.0,4.7
2026-03-30 14:00:00,2026,3,30,14,Đồng Nai,Phường Tam Hiệp,10.9510733,106.858145,58,Moderate,1,34.7,38,0.0,5.4,165,1006.7,32,13.4,18.3,169.0,7.1,119.0,4.5
2026-03-30 15:00:00,2026,3,30,15,Đồng Nai,Phường Tam Hiệp,10.9510733,106.858145,58,Moderate,1,34.6,38,0.0,9.7,169,1006.0,23,13.6,18.7,165.0,7.3,118.0,4.4
2026-03-30 16:00:00,2026,3,30,16,Đồng Nai,Phường Tam Hiệp,10.9510733,106.858145,59,Moderate,1,32.5,50,0.0,16.6,167,1005.8,9,13.9,19.1,166.0,9.1,111.0,4.8
2026-03-30 17:00:00,2026,3,30,17,Đồng Nai,Phường Tam Hiệp,10.9510733,106.858145,59,Moderate,1,31.0,54,0.0,16.3,167,1006.1,4,14.8,19.7,177.0,14.0,94.0,5.9
2026-03-30 18:00:00,2026,3,30,18,Đồng Nai,Phường Tam Hiệp,10.9510733,106.858145,59,Moderate,1,29.0,62,0.0,17.1,162,1006.6,19,16.3,20.8,194.0,20.6,71.0,7.4
2026-03-30 19:00:00,2026,3,30,19,Đồng Nai,Phường Tam Hiệp,10.9510733,106.858145,60,Moderate,1,28.1,69,0.0,16.8,159,1007.2,2,21.7,27.4,205.0,27.8,51.0,10.0
2026-03-30 20:00:00,2026,3,30,20,Đồng Nai,Phường Tam Hiệp,10.9510733,106.858145,60,Moderate,1,27.3,75,0.0,14.8,148,1008.1,0,20.2,25.6,207.0,27.9,47.0,9.8
2026-03-30 21:00:00,2026,3,30,21,Đồng Nai,Phường Tam Hiệp,10.9510733,106.858145,60,Moderate,1,26.5,80,0.0,13.7,135,1008.9,0,19.7,25.0,204.0,28.0,41.0,9.5
2026-03-30 22:00:00,2026,3,30,22,Đồng Nai,Phường Tam Hiệp,10.9510733,106.858145,60,Moderate,1,26.1,83,0.0,12.2,139,1009.5,0,19.2,24.3,199.0,27.7,37.0,9.1
2026-03-30 23:00:00,2026,3,30,23,Đồng Nai,Phường Tam Hiệp,10.9510733,106.858145,60,Moderate,1,25.7,86,0.0,11.4,139,1009.6,0,18.2,22.9,192.0,26.6,37.0,8.4
2026-03-31 00:00:00,2026,3,31,0,Đồng Nai,Phường Tam Hiệp,10.9510733,106.858145,60,Moderate,1,25.4,87,0.0,12.8,141,1009.5,0,16.6,21.1,184.0,25.2,39.0,7.6
2026-03-31 01:00:00,2026,3,31,1,Đồng Nai,Phường Tam Hiệp,10.9510733,106.858145,60,Moderate,1,25.2,90,0.0,11.7,139,1009.5,0,16.2,20.6,180.0,24.6,40.0,7.1
2026-03-31 02:00:00,2026,3,31,2,Đồng Nai,Phường Tam Hiệp,10.9510733,106.858145,60,Moderate,1,24.9,90,0.0,11.5,138,1008.6,1,16.8,20.9,182.0,25.4,38.0,7.1
2026-03-31 03:00:00,2026,3,31,3,Đồng Nai,Phường Tam Hiệp,10.9510733,106.858145,60,Moderate,1,24.6,91,0.0,10.6,136,1008.4,1,17.3,21.4,188.0,27.0,35.0,7.4
2026-03-31 04:00:00,2026,3,31,4,Đồng Nai,Phường Tam Hiệp,10.9510733,106.858145,60,Moderate,1,24.2,91,0.0,8.5,136,1008.5,0,17.9,21.8,201.0,28.3,32.0,8.0
2026-03-31 05:00:00,2026,3,31,5,Đồng Nai,Phường Tam Hiệp,10.9510733,106.858145,60,Moderate,1,23.9,93,0.0,7.0,122,1008.3,1,18.9,22.9,232.0,29.4,29.0,9.2
2026-03-31 06:00:00,2026,3,31,6,Đồng Nai,Phường Tam Hiệp,10.9510733,106.858145,60,Moderate,1,23.6,93,0.0,6.3,125,1009.4,0,21.4,25.4,270.0,30.2,27.0,10.7
2026-03-31 07:00:00,2026,3,31,7,Đồng Nai,Phường Tam Hiệp,10.9510733,106.858145,60,Moderate,1,25.0,88,0.0,6.9,118,1010.1,1,23.2,28.5,289.0,28.5,31.0,10.7
2026-03-31 08:00:00,2026,3,31,8,Đồng Nai,Phường Tam Hiệp,10.9510733,106.858145,61,Moderate,1,27.0,76,0.0,8.6,126,1011.0,3,19.2,26.0,269.0,24.9,40.0,9.8
2026-03-31 09:00:00,2026,3,31,9,Đồng Nai,Phường Tam Hiệp,10.9510733,106.858145,61,Moderate,1,29.1,63,0.0,8.0,138,1011.5,4,19.1,27.0,229.0,19.8,53.0,8.5
2026-03-31 10:00:00,2026,3,31,10,Đồng Nai,Phường Tam Hiệp,10.9510733,106.858145,61,Moderate,1,31.0,52,0.0,6.5,148,1011.1,2,19.8,28.3,199.0,15.6,68.0,7.5
2026-03-31 11:00:00,2026,3,31,11,Đồng Nai,Phường Tam Hiệp,10.9510733,106.858145,62,Moderate,1,32.7,44,0.0,6.2,165,1010.5,0,19.4,27.6,191.0,12.9,85.0,7.0
2026-03-31 12:00:00,2026,3,31,12,Đồng Nai,Phường Tam Hiệp,10.9510733,106.858145,62,Moderate,1,34.0,37,0.0,5.7,169,1009.6,0,19.1,27.0,192.0,11.0,103.0,6.8
2026-03-31 13:00:00,2026,3,31,13,Đồng Nai,Phường Tam Hiệp,10.9510733,106.858145,63,Moderate,1,33.8,37,0.0,5.6,165,1008.7,5,18.9,26.3,195.0,10.0,116.0,6.7
2026-03-31 14:00:00,2026,3,31,14,Đồng Nai,Phường Tam Hiệp,10.9510733,106.858145,63,Moderate,1,35.0,35,0.0,6.5,138,1007.3,95,18.9,25.7,196.0,9.7,122.0,6.6
2026-03-31 15:00:00,2026,3,31,15,Đồng Nai,Phường Tam Hiệp,10.9510733,106.858145,64,Moderate,1,35.0,36,0.0,8.1,137,1006.1,51,18.7,25.1,198.0,10.3,123.0,6.5
2026-03-31 16:00:00,2026,3,31,16,Đồng Nai,Phường Tam Hiệp,10.9510733,106.858145,64,Moderate,1,34.0,40,0.0,11.0,140,1005.7,73,18.6,24.4,203.0,12.6,117.0,6.9
2026-03-31 17:00:00,2026,3,31,17,Đồng Nai,Phường Tam Hiệp,10.9510733,106.858145,64,Moderate,1,32.5,46,0.0,12.8,154,1005.7,75,18.9,24.1,213.0,18.0,99.0,8.0
2026-03-31 18:00:00,2026,3,31,18,Đồng Nai,Phường Tam Hiệp,10.9510733,106.858145,65,Moderate,1,29.6,62,0.0,16.0,163,1006.4,88,20.5,24.9,226.0,25.3,74.0,9.6
2026-03-31 19:00:00,2026,3,31,19,Đồng Nai,Phường Tam Hiệp,10.9510733,106.858145,65,Moderate,1,28.2,67,0.0,15.7,164,1006.8,73,23.1,28.5,236.0,31.8,54.0,11.2
2026-03-31 20:00:00,2026,3,31,20,Đồng Nai,Phường Tam Hiệp,10.9510733,106.858145,65,Moderate,1,27.2,74,0.0,13.5,150,1007.3,90,21.2,25.6,240.0,33.1,45.0,11.5
2026-03-31 21:00:00,2026,3,31,21,Đồng Nai,Phường Tam Hiệp,10.9510733,106.858145,65,Moderate,1,26.7,75,0.0,12.4,141,1007.9,68,20.8,25.1,240.0,34.8,34.0,11.9
2026-03-31 22:00:00,2026,3,31,22,Đồng Nai,Phường Tam Hiệp,10.9510733,106.858145,65,Moderate,1,26.1,80,0.0,11.2,150,1008.8,63,21.7,25.7,238.0,35.7,26.0,11.9
2026-03-31 23:00:00,2026,3,31,23,Đồng Nai,Phường Tam Hiệp,10.9510733,106.858145,66,Moderate,1,25.6,84,0.0,10.9,153,1008.9,68,20.9,24.8,231.0,34.8,26.0,11.2
2026-04-01 00:00:00,2026,4,1,0,Đồng Nai,Phường Tam Hiệp,10.9510733,106.858145,66,Moderate,1,25.1,88,0.0,10.6,152,1008.6,71,19.4,23.0,220.0,33.0,29.0,10.1
2026-04-01 01:00:00,2026,4,1,1,Đồng Nai,Phường Tam Hiệp,10.9510733,106.858145,66,Moderate,1,24.8,91,0.0,9.3,148,1008.4,91,18.9,22.3,214.0,31.7,32.0,9.3
2026-04-01 02:00:00,2026,4,1,2,Đồng Nai,Phường Tam Hiệp,10.9510733,106.858145,66,Moderate,1,24.6,92,0.0,9.3,144,1008.0,91,19.0,22.2,214.0,31.5,32.0,9.0
2026-04-01 03:00:00,2026,4,1,3,Đồng Nai,Phường Tam Hiệp,10.9510733,106.858145,67,Moderate,1,24.4,94,0.0,7.6,142,1008.0,81,19.4,22.5,217.0,31.9,32.0,9.1
2026-04-01 04:00:00,2026,4,1,4,Đồng Nai,Phường Tam Hiệp,10.9510733,106.858145,67,Moderate,1,24.1,95,0.0,6.6,137,1008.1,74,19.9,23.0,225.0,31.9,32.0,9.3
2026-04-01 05:00:00,2026,4,1,5,Đồng Nai,Phường Tam Hiệp,10.9510733,106.858145,67,Moderate,1,23.9,96,0.0,6.1,133,1008.5,73,20.5,23.5,242.0,31.8,33.0,10.0
2026-04-01 06:00:00,2026,4,1,6,Đồng Nai,Phường Tam Hiệp,10.9510733,106.858145,67,Moderate,1,23.8,96,0.0,5.7,122,1009.2,97,21.7,24.7,263.0,31.4,34.0,11.0
2026-04-01 07:00:00,2026,4,1,7,Đồng Nai,Phường Tam Hiệp,10.9510733,106.858145,67,Moderate,1,25.2,88,0.0,7.2,118,1009.9,98,25.1,30.5,274.0,28.7,40.0,10.5
2026-04-01 08:00:00,2026,4,1,8,Đồng Nai,Phường Tam Hiệp,10.9510733,106.858145,67,Moderate,1,27.1,76,0.0,8.7,128,1010.7,80,23.2,29.1,263.0,24.7,52.0,9.4
2026-04-01 09:00:00,2026,4,1,9,Đồng Nai,Phường Tam Hiệp,10.9510733,106.858145,68,Moderate,1,29.0,65,0.0,8.7,140,1011.2,3,22.1,27.2,242.0,19.0,70.0,7.9
2026-04-01 10:00:00,2026,4,1,10,Đồng Nai,Phường Tam Hiệp,10.9510733,106.858145,68,Moderate,1,31.0,55,0.0,8.3,147,1011.0,5,22.8,28.0,229.0,14.3,88.0,6.7
2026-04-01 11:00:00,2026,4,1,11,Đồng Nai,Phường Tam Hiệp,10.9510733,106.858145,68,Moderate,1,32.7,48,0.0,8.2,148,1010.1,1,24.3,29.7,234.0,11.2,107.0,6.0
2026-04-01 12:00:00,2026,4,1,12,Đồng Nai,Phường Tam Hiệp,10.9510733,106.858145,69,Moderate,1,34.0,43,0.0,7.9,147,1009.0,1,26.0,31.7,247.0,9.0,127.0,5.6
2026-04-01 13:00:00,2026,4,1,13,Đồng Nai,Phường Tam Hiệp,10.9510733,106.858145,69,Moderate,1,33.9,43,0.0,7.4,162,1008.0,12,27.4,33.3,257.0,7.9,140.0,5.4
2026-04-01 14:00:00,2026,4,1,14,Đồng Nai,Phường Tam Hiệp,10.9510733,106.858145,70,Moderate,1,35.2,39,0.0,8.1,162,1006.5,30,28.5,34.5,260.0,7.7,144.0,5.3
2026-04-01 15:00:00,2026,4,1,15,Đồng Nai,Phường Tam Hiệp,10.9510733,106.858145,71,Moderate,1,35.0,38,0.0,10.8,162,1005.7,32,29.0,34.9,260.0,8.6,141.0,5.5
2026-04-01 16:00:00,2026,4,1,16,Đồng Nai,Phường Tam Hiệp,10.9510733,106.858145,72,Moderate,1,33.3,46,0.0,16.5,173,1005.3,38,28.7,34.3,262.0,11.2,132.0,6.0
2026-04-01 17:00:00,2026,4,1,17,Đồng Nai,Phường Tam Hiệp,10.9510733,106.858145,73,Moderate,1,30.2,61,0.0,20.0,158,1005.4,12,27.9,33.1,270.0,16.9,113.0,7.3
2026-04-01 18:00:00,2026,4,1,18,Đồng Nai,Phường Tam Hiệp,10.9510733,106.858145,78,Moderate,1,28.6,67,0.0,19.8,157,1006.0,8,27.9,32.4,281.0,24.2,88.0,8.9
2026-04-01 19:00:00,2026,4,1,19,Đồng Nai,Phường Tam Hiệp,10.9510733,106.858145,78,Moderate,1,28.0,67,0.0,18.0,154,1006.9,8,25.6,29.3,288.0,27.4,67.0,9.7
2026-04-01 20:00:00,2026,4,1,20,Đồng Nai,Phường Tam Hiệp,10.9510733,106.858145,74,Moderate,1,27.0,75,0.0,15.6,150,1007.9,2,25.2,28.6,288.0,27.5,62.0,9.7
2026-04-01 21:00:00,2026,4,1,21,Đồng Nai,Phường Tam Hiệp,10.9510733,106.858145,75,Moderate,1,26.5,79,0.0,14.6,141,1008.7,1,25.7,28.9,283.0,27.7,56.0,9.6
2026-04-01 22:00:00,2026,4,1,22,Đồng Nai,Phường Tam Hiệp,10.9510733,106.858145,75,Moderate,1,26.3,82,0.0,12.1,143,1009.3,0,25.7,28.8,277.0,27.6,52.0,9.4
2026-04-01 23:00:00,2026,4,1,23,Đồng Nai,Phường Tam Hiệp,10.9510733,106.858145,75,Moderate,1,26.0,83,0.0,9.9,142,1009.6,0,25.1,28.1,268.0,27.0,52.0,8.9
2026-04-02 00:00:00,2026,4,2,0,Đồng Nai,Phường Tam Hiệp,10.9510733,106.858145,76,Moderate,1,25.9,84,0.0,11.2,145,1009.3,0,23.9,26.7,257.0,26.1,53.0,8.3
2026-04-02 01:00:00,2026,4,2,1,Đồng Nai,Phường Tam Hiệp,10.9510733,106.858145,76,Moderate,1,25.6,88,0.0,10.7,145,1009.0,1,23.2,25.8,248.0,25.4,54.0,7.8
2026-04-02 02:00:00,2026,4,2,2,Đồng Nai,Phường Tam Hiệp,10.9510733,106.858145,77,Moderate,1,25.4,88,0.0,9.7,146,1008.6,25,22.8,25.3,239.0,25.1,53.0,7.7
2026-04-02 03:00:00,2026,4,2,3,Đồng Nai,Phường Tam Hiệp,10.9510733,106.858145,77,Moderate,1,25.2,89,0.0,9.1,150,1008.5,3,22.4,24.7,232.0,25.1,51.0,7.7
2026-04-02 04:00:00,2026,4,2,4,Đồng Nai,Phường Tam Hiệp,10.9510733,106.858145,77,Moderate,1,25.0,89,0.0,7.4,148,1008.5,9,22.0,24.4,236.0,25.0,50.0,7.9
2026-04-02 05:00:00,2026,4,2,5,Đồng Nai,Phường Tam Hiệp,10.9510733,106.858145,77,Moderate,1,24.9,90,0.0,6.0,139,1008.8,18,22.3,24.7,263.0,25.4,48.0,8.4
2026-04-02 06:00:00,2026,4,2,6,Đồng Nai,Phường Tam Hiệp,10.9510733,106.858145,78,Moderate,1,24.6,91,0.0,6.3,127,1009.5,4,24.1,26.9,300.0,25.8,47.0,9.0
2026-04-02 07:00:00,2026,4,2,7,Đồng Nai,Phường Tam Hiệp,10.9510733,106.858145,78,Moderate,1,26.0,85,0.0,6.7,126,1010.2,5,25.4,29.1,321.0,27.9,46.0,10.6
2026-04-02 08:00:00,2026,4,2,8,Đồng Nai,Phường Tam Hiệp,10.9510733,106.858145,78,Moderate,1,28.0,72,0.0,10.8,133,1011.0,15,22.3,26.7,308.0,22.9,58.0,8.9
2026-04-02 09:00:00,2026,4,2,9,Đồng Nai,Phường Tam Hiệp,10.9510733,106.858145,78,Moderate,1,29.9,62,0.0,10.8,132,1011.4,14,20.3,24.6,279.0,15.9,76.0,6.6
2026-04-02 10:00:00,2026,4,2,10,Đồng Nai,Phường Tam Hiệp,10.9510733,106.858145,78,Moderate,1,31.6,53,0.0,9.3,131,1011.1,4,20.7,24.8,257.0,10.3,93.0,4.8
2026-04-02 11:00:00,2026,4,2,11,Đồng Nai,Phường Tam Hiệp,10.9510733,106.858145,77,Moderate,1,33.4,45,0.0,8.7,130,1010.6,3,21.4,25.3,255.0,7.4,110.0,4.0
2026-04-02 12:00:00,2026,4,2,12,Đồng Nai,Phường Tam Hiệp,10.9510733,106.858145,77,Moderate,1,35.2,38,0.0,9.8,125,1009.4,14,21.0,24.6,260.0,5.9,127.0,3.6
2026-04-02 13:00:00,2026,4,2,13,Đồng Nai,Phường Tam Hiệp,10.9510733,106.858145,77,Moderate,1,34.9,37,0.0,8.7,127,1008.1,21,20.3,23.6,263.0,5.3,137.0,3.4
2026-04-02 14:00:00,2026,4,2,14,Đồng Nai,Phường Tam Hiệp,10.9510733,106.858145,76,Moderate,1,36.2,33,0.0,8.0,128,1007.0,20,18.9,21.9,258.0,5.2,138.0,3.1
2026-04-02 15:00:00,2026,4,2,15,Đồng Nai,Phường Tam Hiệp,10.9510733,106.858145,75,Moderate,1,36.4,31,0.0,8.4,121,1005.9,11,18.0,20.8,250.0,5.9,132.0,3.0
2026-04-02 16:00:00,2026,4,2,16,Đồng Nai,Phường Tam Hiệp,10.9510733,106.858145,74,Moderate,1,35.3,33,0.0,12.8,163,1005.5,34,17.3,20.1,245.0,8.0,122.0,3.3
2026-04-02 17:00:00,2026,4,2,17,Đồng Nai,Phường Tam Hiệp,10.9510733,106.858145,73,Moderate,1,29.9,60,0.0,23.4,181,1006.4,3,17.1,20.0,246.0,12.6,107.0,4.5
2026-04-02 18:00:00,2026,4,2,18,Đồng Nai,Phường Tam Hiệp,10.9510733,106.858145,72,Moderate,1,29.2,60,0.0,19.8,160,1007.1,0,18.2,21.2,249.0,18.6,88.0,6.2
2026-04-02 19:00:00,2026,4,2,19,Đồng Nai,Phường Tam Hiệp,10.9510733,106.858145,71,Moderate,1,28.7,59,0.0,18.6,142,1007.6,0,22.5,25.9,251.0,24.4,70.0,8.4
2026-04-02 20:00:00,2026,4,2,20,Đồng Nai,Phường Tam Hiệp,10.9510733,106.858145,71,Moderate,1,27.8,68,0.0,16.6,133,1008.7,0,19.7,22.9,251.0,24.1,67.0,8.2
2026-04-02 21:00:00,2026,4,2,21,Đồng Nai,Phường Tam Hiệp,10.9510733,106.858145,71,Moderate,1,27.1,77,0.0,15.9,134,1009.4,0,18.0,21.1,250.0,23.7,62.0,8.0
2026-04-02 22:00:00,2026,4,2,22,Đồng Nai,Phường Tam Hiệp,10.9510733,106.858145,70,Moderate,1,26.7,79,0.0,15.2,137,1009.8,0,16.6,19.7,247.0,23.1,59.0,7.6
2026-04-02 23:00:00,2026,4,2,23,Đồng Nai,Phường Tam Hiệp,10.9510733,106.858145,69,Moderate,1,26.4,76,0.0,15.1,140,1009.5,2,14.7,17.6,240.0,22.0,58.0,7.0
2026-04-03 00:00:00,2026,4,3,0,Đồng Nai,Phường Tam Hiệp,10.9510733,106.858145,68,Moderate,1,26.0,77,0.0,13.2,137,1009.2,2,12.7,15.4,232.0,20.6,58.0,6.2
2026-04-03 01:00:00,2026,4,3,1,Đồng Nai,Phường Tam Hiệp,10.9510733,106.858145,67,Moderate,1,25.8,77,0.0,11.0,142,1008.6,7,11.8,14.3,227.0,19.9,58.0,5.8
2026-04-03 02:00:00,2026,4,3,2,Đồng Nai,Phường Tam Hiệp,10.9510733,106.858145,66,Moderate,1,25.5,77,0.0,10.5,141,1008.3,4,11.8,14.2,228.0,20.4,56.0,5.8
2026-04-03 03:00:00,2026,4,3,3,Đồng Nai,Phường Tam Hiệp,10.9510733,106.858145,65,Moderate,1,25.1,79,0.0,9.3,139,1008.1,2,12.0,14.3,233.0,21.6,54.0,6.2
2026-04-03 04:00:00,2026,4,3,4,Đồng Nai,Phường Tam Hiệp,10.9510733,106.858145,64,Moderate,1,24.8,81,0.0,7.5,132,1008.1,0,12.4,14.6,241.0,22.5,52.0,6.6
2026-04-03 05:00:00,2026,4,3,5,Đồng Nai,Phường Tam Hiệp,10.9510733,106.858145,63,Moderate,1,24.4,83,0.0,6.8,127,1008.5,0,13.2,15.4,259.0,23.2,51.0,7.3
2026-04-03 06:00:00,2026,4,3,6,Đồng Nai,Phường Tam Hiệp,10.9510733,106.858145,63,Moderate,1,24.0,84,0.0,7.4,124,1009.0,0,14.4,16.6,280.0,23.7,51.0,8.0
2026-04-03 07:00:00,2026,4,3,7,Đồng Nai,Phường Tam Hiệp,10.9510733,106.858145,62,Moderate,1,25.4,80,0.0,7.3,110,1009.7,0,14.2,16.1,288.0,24.9,49.0,9.1
2026-04-03 08:00:00,2026,4,3,8,Đồng Nai,Phường Tam Hiệp,10.9510733,106.858145,61,Moderate,1,27.6,66,0.0,11.5,121,1010.3,0,10.5,12.9,268.0,20.5,61.0,7.9
2026-04-03 09:00:00,2026,4,3,9,Đồng Nai,Phường Tam Hiệp,10.9510733,106.858145,60,Moderate,1,29.5,57,0.0,13.4,134,1010.7,0,10.2,12.9,235.0,14.4,77.0,6.2
2026-04-03 10:00:00,2026,4,3,10,Đồng Nai,Phường Tam Hiệp,10.9510733,106.858145,59,Moderate,1,31.2,50,0.0,11.6,138,1010.2,0,10.7,13.8,212.0,9.6,93.0,4.9
2026-04-03 11:00:00,2026,4,3,11,Đồng Nai,Phường Tam Hiệp,10.9510733,106.858145,58,Moderate,1,32.9,42,0.0,9.8,137,1009.3,37,11.4,14.8,210.0,7.2,108.0,4.4
2026-04-03 12:00:00,2026,4,3,12,Đồng Nai,Phường Tam Hiệp,10.9510733,106.858145,57,Moderate,1,34.2,38,0.0,8.2,139,1008.0,44,12.3,15.9,219.0,6.1,123.0,4.2
2026-04-03 13:00:00,2026,4,3,13,Đồng Nai,Phường Tam Hiệp,10.9510733,106.858145,56,Moderate,1,33.8,40,0.0,6.4,172,1007.1,18,13.1,16.6,226.0,5.7,133.0,4.2
2026-04-03 14:00:00,2026,4,3,14,Đồng Nai,Phường Tam Hiệp,10.9510733,106.858145,56,Moderate,1,35.0,36,0.0,6.2,187,1006.2,13,13.4,16.9,228.0,5.5,137.0,4.1
2026-04-03 15:00:00,2026,4,3,15,Đồng Nai,Phường Tam Hiệp,10.9510733,106.858145,55,Moderate,1,35.2,34,0.0,7.1,174,1005.4,23,13.2,16.5,229.0,6.1,137.0,4.1
2026-04-03 16:00:00,2026,4,3,16,Đồng Nai,Phường Tam Hiệp,10.9510733,106.858145,55,Moderate,1,33.5,41,0.0,16.1,164,1005.1,7,12.8,15.8,232.0,8.6,129.0,4.7
2026-04-03 17:00:00,2026,4,3,17,Đồng Nai,Phường Tam Hiệp,10.9510733,106.858145,66,Moderate,1,30.8,51,0.0,17.5,163,1005.4,13,12.6,15.4,237.0,14.7,109.0,6.2
2026-04-03 18:00:00,2026,4,3,18,Đồng Nai,Phường Tam Hiệp,10.9510733,106.858145,73,Moderate,1,28.6,60,0.0,19.2,163,1006.1,0,14.1,16.2,244.0,22.7,82.0,8.2
2026-04-03 19:00:00,2026,4,3,19,Đồng Nai,Phường Tam Hiệp,10.9510733,106.858145,70,Moderate,1,27.5,67,0.0,16.7,169,1006.9,0,20.0,23.5,253.0,28.6,64.0,10.2
2026-04-03 20:00:00,2026,4,3,20,Đồng Nai,Phường Tam Hiệp,10.9510733,106.858145,61,Moderate,1,27.2,69,0.0,15.1,168,1007.9,0,18.7,21.8,266.0,29.3,57.0,10.6
2026-04-03 21:00:00,2026,4,3,21,Đồng Nai,Phường Tam Hiệp,10.9510733,106.858145,53,Moderate,1,26.8,73,0.0,12.9,160,1008.4,0,18.5,21.2,280.0,30.4,46.0,11.1
2026-04-03 22:00:00,2026,4,3,22,Đồng Nai,Phường Tam Hiệp,10.9510733,106.858145,53,Moderate,1,26.3,75,0.0,11.0,146,1008.7,0,18.9,21.5,289.0,31.5,38.0,11.3
2026-04-03 23:00:00,2026,4,3,23,Đồng Nai,Phường Tam Hiệp,10.9510733,106.858145,54,Moderate,1,26.0,77,0.0,10.7,145,1008.6,0,19.4,22.1,289.0,32.6,34.0,10.9
2026-04-04 00:00:00,2026,4,4,0,Đồng Nai,Phường Tam Hiệp,10.9510733,106.858145,54,Moderate,1,25.6,79,0.0,8.9,140,1008.2,2,19.6,22.2,283.0,33.9,31.0,10.2
2026-04-04 01:00:00,2026,4,4,1,Đồng Nai,Phường Tam Hiệp,10.9510733,106.858145,55,Moderate,1,25.2,84,0.0,7.5,140,1007.8,0,20.8,23.4,276.0,35.1,29.0,9.7
2026-04-04 02:00:00,2026,4,4,2,Đồng Nai,Phường Tam Hiệp,10.9510733,106.858145,55,Moderate,1,25.0,86,0.0,6.8,143,1007.3,3,22.2,25.0,267.0,36.6,26.0,9.5
2026-04-04 03:00:00,2026,4,4,3,Đồng Nai,Phường Tam Hiệp,10.9510733,106.858145,56,Moderate,1,24.6,87,0.0,6.0,147,1006.9,2,23.2,26.0,256.0,38.1,23.0,9.4
2026-04-04 04:00:00,2026,4,4,4,Đồng Nai,Phường Tam Hiệp,10.9510733,106.858145,57,Moderate,1,24.4,89,0.0,4.5,151,1006.8,84,24.2,27.0,256.0,38.9,21.0,9.8
2026-04-04 05:00:00,2026,4,4,5,Đồng Nai,Phường Tam Hiệp,10.9510733,106.858145,58,Moderate,1,24.0,92,0.0,2.4,117,1007.0,88,26.5,29.5,277.0,39.3,19.0,11.2
2026-04-04 06:00:00,2026,4,4,6,Đồng Nai,Phường Tam Hiệp,10.9510733,106.858145,59,Moderate,1,23.8,92,0.0,2.4,77,1007.5,77,31.8,34.9,308.0,39.0,17.0,13.0
2026-04-04 07:00:00,2026,4,4,7,Đồng Nai,Phường Tam Hiệp,10.9510733,106.858145,61,Moderate,1,25.0,87,0.0,2.1,52,1008.0,94,37.8,41.8,326.0,38.0,22.0,14.1
2026-04-04 08:00:00,2026,4,4,8,Đồng Nai,Phường Tam Hiệp,10.9510733,106.858145,63,Moderate,1,27.2,76,0.0,2.1,160,1008.8,96,26.9,31.7,311.0,33.3,36.0,13.2
2026-04-04 09:00:00,2026,4,4,9,Đồng Nai,Phường Tam Hiệp,10.9510733,106.858145,65,Moderate,1,29.0,66,0.0,4.0,180,1009.4,88,22.3,27.7,284.0,26.7,57.0,11.9
2026-04-04 10:00:00,2026,4,4,10,Đồng Nai,Phường Tam Hiệp,10.9510733,106.858145,66,Moderate,1,31.0,55,0.0,3.5,195,1009.2,90,23.4,29.7,280.0,21.1,78.0,10.9
2026-04-04 11:00:00,2026,4,4,11,Đồng Nai,Phường Tam Hiệp,10.9510733,106.858145,67,Moderate,1,32.8,46,0.0,3.2,214,1008.5,99,25.0,31.5,330.0,17.5,99.0,10.4
2026-04-04 12:00:00,2026,4,4,12,Đồng Nai,Phường Tam Hiệp,10.9510733,106.858145,68,Moderate,1,34.0,41,0.0,3.5,215,1007.4,98,25.4,31.2,405.0,14.9,120.0,10.1
2026-04-04 13:00:00,2026,4,4,13,Đồng Nai,Phường Tam Hiệp,10.9510733,106.858145,69,Moderate,1,33.8,41,0.0,4.2,192,1006.3,35,25.9,31.2,451.0,13.1,136.0,10.0
2026-04-04 14:00:00,2026,4,4,14,Đồng Nai,Phường Tam Hiệp,10.9510733,106.858145,70,Moderate,1,35.5,37,0.0,4.0,177,1004.9,10,26.0,30.7,443.0,11.7,146.0,10.0
2026-04-04 15:00:00,2026,4,4,15,Đồng Nai,Phường Tam Hiệp,10.9510733,106.858145,71,Moderate,1,36.0,35,0.0,6.0,185,1003.9,17,25.6,29.9,406.0,11.2,151.0,10.0
2026-04-04 16:00:00,2026,4,4,16,Đồng Nai,Phường Tam Hiệp,10.9510733,106.858145,72,Moderate,1,35.7,35,0.0,10.0,193,1003.7,13,24.6,28.8,367.0,12.8,146.0,10.3
2026-04-04 17:00:00,2026,4,4,17,Đồng Nai,Phường Tam Hiệp,10.9510733,106.858145,74,Moderate,1,33.3,48,0.0,15.4,173,1003.7,16,22.4,25.7,330.0,18.2,123.0,10.8
2026-04-04 18:00:00,2026,4,4,18,Đồng Nai,Phường Tam Hiệp,10.9510733,106.858145,79,Moderate,1,29.5,67,0.0,17.1,160,1004.4,5,22.4,24.9,291.0,25.6,89.0,11.6
2026-04-04 19:00:00,2026,4,4,19,Đồng Nai,Phường Tam Hiệp,10.9510733,106.858145,81,Moderate,1,28.5,74,0.0,14.7,169,1004.7,41,24.2,26.6,263.0,32.9,63.0,13.1
2026-04-04 20:00:00,2026,4,4,20,Đồng Nai,Phường Tam Hiệp,10.9510733,106.858145,76,Moderate,1,27.9,76,0.0,12.9,165,1005.5,94,22.0,24.4,254.0,33.4,54.0,13.2
2026-04-04 21:00:00,2026,4,4,21,Đồng Nai,Phường Tam Hiệp,10.9510733,106.858145,76,Moderate,1,27.3,79,0.0,12.7,169,1006.2,61,21.5,24.2,257.0,34.3,41.0,13.4
2026-04-04 22:00:00,2026,4,4,22,Đồng Nai,Phường Tam Hiệp,10.9510733,106.858145,76,Moderate,1,27.0,83,0.0,11.0,166,1006.8,54,22.0,24.7,260.0,35.2,31.0,13.4
2026-04-04 23:00:00,2026,4,4,23,Đồng Nai,Phường Tam Hiệp,10.9510733,106.858145,76,Moderate,1,26.6,85,0.0,8.5,168,1007.0,87,22.9,25.6,259.0,36.3,27.0,13.0
2026-04-05 00:00:00,2026,4,5,0,Đồng Nai,Phường Tam Hiệp,10.9510733,106.858145,77,Moderate,1,26.4,87,0.0,8.5,153,1006.7,9,23.3,26.1,258.0,37.6,25.0,12.3
2026-04-05 01:00:00,2026,4,5,1,Đồng Nai,Phường Tam Hiệp,10.9510733,106.858145,77,Moderate,1,26.0,91,0.0,8.3,153,1006.3,91,24.4,27.4,258.0,38.8,24.0,11.9
2026-04-05 02:00:00,2026,4,5,2,Đồng Nai,Phường Tam Hiệp,10.9510733,106.858145,77,Moderate,1,25.6,93,0.0,7.1,153,1005.7,84,25.7,28.8,256.0,40.0,22.0,11.6
2026-04-05 03:00:00,2026,4,5,3,Đồng Nai,Phường Tam Hiệp,10.9510733,106.858145,78,Moderate,1,25.4,95,0.0,5.4,160,1005.1,34,27.2,30.4,255.0,41.2,20.0,11.5
2026-04-05 04:00:00,2026,4,5,4,Đồng Nai,Phường Tam Hiệp,10.9510733,106.858145,78,Moderate,1,25.2,96,0.0,4.0,162,1005.2,90,29.0,32.4,261.0,42.3,19.0,12.4
2026-04-05 05:00:00,2026,4,5,5,Đồng Nai,Phường Tam Hiệp,10.9510733,106.858145,78,Moderate,1,25.3,96,0.0,3.2,177,1005.8,100,32.1,35.7,282.0,44.1,17.0,15.5
2026-04-05 06:00:00,2026,4,5,6,Đồng Nai,Phường Tam Hiệp,10.9510733,106.858145,79,Moderate,1,25.5,94,0.1,3.3,186,1006.5,100,38.2,42.0,309.0,45.9,15.0,19.5
2026-04-05 07:00:00,2026,4,5,7,Đồng Nai,Phường Tam Hiệp,10.9510733,106.858145,79,Moderate,1,26.1,91,0.1,4.3,213,1007.3,52,37.7,41.6,325.0,44.2,22.0,20.4
2026-04-05 08:00:00,2026,4,5,8,Đồng Nai,Phường Tam Hiệp,10.9510733,106.858145,79,Moderate,1,27.7,80,0.1,6.4,202,1007.9,28,26.1,30.5,321.0,37.4,41.0,18.2
2026-04-05 09:00:00,2026,4,5,9,Đồng Nai,Phường Tam Hiệp,10.9510733,106.858145,79,Moderate,1,29.6,69,0.0,5.2,194,1008.4,21,23.6,28.5,306.0,27.9,67.0,15.1
2026-04-05 10:00:00,2026,4,5,10,Đồng Nai,Phường Tam Hiệp,10.9510733,106.858145,79,Moderate,1,31.4,60,0.0,4.7,178,1008.2,25,23.0,26.5,289.0,20.1,92.0,12.6
2026-04-05 11:00:00,2026,4,5,11,Đồng Nai,Phường Tam Hiệp,10.9510733,106.858145,79,Moderate,1,32.9,53,0.0,4.0,175,1008.0,18,22.6,25.0,273.0,15.6,114.0,11.3
2026-04-05 12:00:00,2026,4,5,12,Đồng Nai,Phường Tam Hiệp,10.9510733,106.858145,79,Moderate,1,34.2,47,0.0,4.7,178,1007.1,12,22.9,24.8,256.0,12.7,135.0,10.5
2026-04-05 13:00:00,2026,4,5,13,Đồng Nai,Phường Tam Hiệp,10.9510733,106.858145,79,Moderate,1,34.1,47,0.0,5.8,154,1005.9,9,23.3,24.9,238.0,10.9,149.0,9.9
2026-04-05 14:00:00,2026,4,5,14,Đồng Nai,Phường Tam Hiệp,10.9510733,106.858145,79,Moderate,1,35.0,44,0.0,9.0,149,1004.9,15,23.2,24.7,217.0,9.8,153.0,9.1
2026-04-05 15:00:00,2026,4,5,15,Đồng Nai,Phường Tam Hiệp,10.9510733,106.858145,79,Moderate,1,34.6,46,0.0,12.5,155,1004.4,11,22.1,23.8,195.0,9.8,150.0,8.4
2026-04-05 16:00:00,2026,4,5,16,Đồng Nai,Phường Tam Hiệp,10.9510733,106.858145,78,Moderate,1,33.7,50,0.0,13.9,160,1004.1,7,21.0,23.6,186.0,11.5,140.0,8.2
2026-04-05 17:00:00,2026,4,5,17,Đồng Nai,Phường Tam Hiệp,10.9510733,106.858145,79,Moderate,1,31.9,54,0.0,15.9,160,1004.3,3,19.8,22.8,200.0,16.1,118.0,8.7
2026-04-05 18:00:00,2026,4,5,18,Đồng Nai,Phường Tam Hiệp,10.9510733,106.858145,90,Moderate,1,29.4,67,0.0,15.1,165,1004.7,2,19.2,21.6,227.0,22.4,88.0,9.6
2026-04-05 19:00:00,2026,4,5,19,Đồng Nai,Phường Tam Hiệp,10.9510733,106.858145,89,Moderate,1,28.0,75,0.0,15.4,159,1005.2,3,19.5,21.8,248.0,26.2,65.0,10.5
2026-04-05 20:00:00,2026,4,5,20,Đồng Nai,Phường Tam Hiệp,10.9510733,106.858145,79,Moderate,1,27.4,80,0.0,14.6,154,1006.1,3,18.3,20.6,258.0,27.6,57.0,10.7
2026-04-05 21:00:00,2026,4,5,21,Đồng Nai,Phường Tam Hiệp,10.9510733,106.858145,77,Moderate,1,26.9,83,0.0,14.1,150,1006.9,2,18.5,21.0,263.0,29.4,46.0,10.9
2026-04-05 22:00:00,2026,4,5,22,Đồng Nai,Phường Tam Hiệp,10.9510733,106.858145,76,Moderate,1,26.5,86,0.0,13.1,150,1007.7,0,18.8,21.4,263.0,30.6,38.0,11.0
2026-04-05 23:00:00,2026,4,5,23,Đồng Nai,Phường Tam Hiệp,10.9510733,106.858145,76,Moderate,1,26.1,88,0.0,11.8,157,1008.1,2,19.0,21.7,254.0,30.2,37.0,10.7
2026-04-06 00:00:00,2026,4,6,0,Đồng Nai,Phường Tam Hiệp,10.9510733,106.858145,76,Moderate,1,25.8,90,0.0,10.8,159,1008.0,25,18.5,21.2,239.0,29.0,40.0,10.1
2026-04-06 01:00:00,2026,4,6,1,Đồng Nai,Phường Tam Hiệp,10.9510733,106.858145,75,Moderate,1,25.6,92,0.0,8.4,152,1007.5,28,18.7,21.5,229.0,28.8,41.0,9.8
2026-04-06 02:00:00,2026,4,6,2,Đồng Nai,Phường Tam Hiệp,10.9510733,106.858145,75,Moderate,1,25.6,91,0.0,7.1,150,1007.2,36,20.0,22.9,226.0,30.3,38.0,9.8
2026-04-06 03:00:00,2026,4,6,3,Đồng Nai,Phường Tam Hiệp,10.9510733,106.858145,74,Moderate,1,25.2,93,0.0,6.3,145,1006.9,79,23.0,26.0,228.0,32.7,33.0,10.0
2026-04-06 04:00:00,2026,4,6,4,Đồng Nai,Phường Tam Hiệp,10.9510733,106.858145,74,Moderate,1,25.0,94,0.0,6.2,136,1007.0,36,26.4,29.6,236.0,34.9,30.0,10.6
2026-04-06 05:00:00,2026,4,6,5,Đồng Nai,Phường Tam Hiệp,10.9510733,106.858145,74,Moderate,1,24.9,94,0.0,6.4,133,1007.7,87,29.2,32.6,259.0,37.6,27.0,12.4
2026-04-06 06:00:00,2026,4,6,6,Đồng Nai,Phường Tam Hiệp,10.9510733,106.858145,73,Moderate,1,24.6,96,0.0,6.7,121,1008.2,100,32.9,36.6,288.0,40.1,24.0,14.7
2026-04-06 07:00:00,2026,4,6,7,Đồng Nai,Phường Tam Hiệp,10.9510733,106.858145,73,Moderate,1,25.9,88,0.0,6.8,127,1008.8,31,26.1,30.4,301.0,32.6,43.0,13.3
2026-04-06 08:00:00,2026,4,6,8,Đồng Nai,Phường Tam Hiệp,10.9510733,106.858145,72,Moderate,1,28.2,74,0.0,11.8,157,1009.4,27,22.0,26.7,283.0,26.8,55.0,11.4
2026-04-06 09:00:00,2026,4,6,9,Đồng Nai,Phường Tam Hiệp,10.9510733,106.858145,72,Moderate,1,30.2,63,0.0,10.5,163,1009.7,27,19.2,24.0,250.0,18.8,73.0,8.8
2026-04-06 10:00:00,2026,4,6,10,Đồng Nai,Phường Tam Hiệp,10.9510733,106.858145,71,Moderate,1,31.7,56,0.0,7.9,164,1009.3,32,19.5,24.3,224.0,12.5,91.0,6.9
2026-04-06 11:00:00,2026,4,6,11,Đồng Nai,Phường Tam Hiệp,10.9510733,106.858145,71,Moderate,1,33.2,51,0.0,6.9,173,1008.9,17,20.9,25.9,217.0,9.6,109.0,6.4
2026-04-06 12:00:00,2026,4,6,12,Đồng Nai,Phường Tam Hiệp,10.9510733,106.858145,71,Moderate,1,34.5,47,0.0,8.1,168,1007.9,9,21.9,26.8,217.0,8.4,126.0,6.7
2026-04-06 13:00:00,2026,4,6,13,Đồng Nai,Phường Tam Hiệp,10.9510733,106.858145,71,Moderate,1,34.5,44,0.0,9.9,168,1007.3,9,22.6,27.2,217.0,8.0,138.0,7.0
2026-04-06 14:00:00,2026,4,6,14,Đồng Nai,Phường Tam Hiệp,10.9510733,106.858145,71,Moderate,1,35.5,40,0.0,11.3,163,1006.3,9,22.6,26.8,210.0,8.0,144.0,7.0
2026-04-06 15:00:00,2026,4,6,15,Đồng Nai,Phường Tam Hiệp,10.9510733,106.858145,71,Moderate,1,35.2,41,0.0,13.6,158,1005.6,7,22.0,25.9,202.0,8.9,144.0,7.0
2026-04-06 16:00:00,2026,4,6,16,Đồng Nai,Phường Tam Hiệp,10.9510733,106.858145,71,Moderate,1,34.2,45,0.0,14.9,159,1005.4,3,21.7,25.5,200.0,11.1,137.0,7.3
2026-04-06 17:00:00,2026,4,6,17,Đồng Nai,Phường Tam Hiệp,10.9510733,106.858145,71,Moderate,1,32.1,51,0.0,16.3,155,1005.7,2,20.7,23.9,212.0,15.8,119.0,8.1
2026-04-06 18:00:00,2026,4,6,18,Đồng Nai,Phường Tam Hiệp,10.9510733,106.858145,81,Moderate,1,30.0,62,0.0,15.7,158,1006.0,1,21.4,24.0,230.0,22.0,93.0,9.2
2026-04-06 19:00:00,2026,4,6,19,Đồng Nai,Phường Tam Hiệp,10.9510733,106.858145,81,Moderate,1,28.6,71,0.0,16.3,157,1006.2,2,23.5,26.2,244.0,27.2,71.0,10.6
2026-04-06 20:00:00,2026,4,6,20,Đồng Nai,Phường Tam Hiệp,10.9510733,106.858145,73,Moderate,1,27.8,78,0.0,14.5,161,1007.0,1,23.1,25.6,249.0,28.1,64.0,11.0
2026-04-06 21:00:00,2026,4,6,21,Đồng Nai,Phường Tam Hiệp,10.9510733,106.858145,72,Moderate,1,27.5,80,0.0,14.1,161,1007.8,0,23.5,26.1,249.0,29.4,55.0,11.5
2026-04-06 22:00:00,2026,4,6,22,Đồng Nai,Phường Tam Hiệp,10.9510733,106.858145,72,Moderate,1,27.2,82,0.0,13.1,173,1008.4,0,23.7,26.4,246.0,30.0,49.0,11.7
2026-04-06 23:00:00,2026,4,6,23,Đồng Nai,Phường Tam Hiệp,10.9510733,106.858145,73,Moderate,1,27.0,84,0.0,13.3,171,1008.8,0,23.5,26.1,236.0,29.2,49.0,11.2
2026-04-07 00:00:00,2026,4,7,0,Đồng Nai,Phường Tam Hiệp,10.9510733,106.858145,73,Moderate,1,26.8,85,0.0,13.2,183,1008.8,1,22.6,25.3,223.0,27.7,52.0,10.5
2026-04-07 01:00:00,2026,4,7,1,Đồng Nai,Phường Tam Hiệp,10.9510733,106.858145,73,Moderate,1,26.7,86,0.0,10.9,186,1008.5,1,22.9,25.4,218.0,27.2,53.0,10.2
2026-04-07 02:00:00,2026,4,7,2,Đồng Nai,Phường Tam Hiệp,10.9510733,106.858145,74,Moderate,1,26.5,86,0.0,10.1,191,1008.0,5,24.1,26.7,224.0,28.1,50.0,10.5
2026-04-07 03:00:00,2026,4,7,3,Đồng Nai,Phường Tam Hiệp,10.9510733,106.858145,74,Moderate,1,26.3,87,0.0,9.0,195,1008.0,18,26.3,28.8,238.0,29.9,46.0,11.2
2026-04-07 04:00:00,2026,4,7,4,Đồng Nai,Phường Tam Hiệp,10.9510733,106.858145,74,Moderate,1,26.0,89,0.0,8.0,196,1007.9,27,29.5,32.1,265.0,32.4,42.0,13.0
2026-04-07 05:00:00,2026,4,7,5,Đồng Nai,Phường Tam Hiệp,10.9510733,106.858145,75,Moderate,1,26.0,89,0.0,6.7,204,1008.5,17,34.7,37.5,319.0,37.4,35.0,17.4
2026-04-07 06:00:00,2026,4,7,6,Đồng Nai,Phường Tam Hiệp,10.9510733,106.858145,75,Moderate,1,25.7,91,0.0,5.4,217,1009.0,5,43.4,46.8,386.0,43.1,28.0,22.8
2026-04-07 07:00:00,2026,4,7,7,Đồng Nai,Phường Tam Hiệp,10.9510733,106.858145,76,Moderate,1,26.9,84,0.0,7.8,218,1009.8,34,47.8,51.0,429.0,43.4,30.0,24.5
2026-04-07 08:00:00,2026,4,7,8,Đồng Nai,Phường Tam Hiệp,10.9510733,106.858145,78,Moderate,1,28.4,75,0.0,6.6,225,1010.5,23,35.6,39.9,425.0,36.2,47.0,21.8
2026-04-07 09:00:00,2026,4,7,9,Đồng Nai,Phường Tam Hiệp,10.9510733,106.858145,79,Moderate,1,30.0,66,0.0,5.1,222,1010.7,18,30.0,33.5,397.0,26.2,72.0,18.0
2026-04-07 10:00:00,2026,4,7,10,Đồng Nai,Phường Tam Hiệp,10.9510733,106.858145,80,Moderate,1,31.6,58,0.0,4.0,216,1010.5,16,28.7,30.7,378.0,18.1,98.0,15.0
2026-04-07 11:00:00,2026,4,7,11,Đồng Nai,Phường Tam Hiệp,10.9510733,106.858145,81,Moderate,1,33.4,49,0.0,3.5,192,1010.0,5,30.4,32.1,381.0,13.6,124.0,13.7
2026-04-07 12:00:00,2026,4,7,12,Đồng Nai,Phường Tam Hiệp,10.9510733,106.858145,82,Moderate,1,35.0,41,0.0,3.4,174,1008.9,43,31.8,33.4,392.0,11.0,151.0,13.2
2026-04-07 13:00:00,2026,4,7,13,Đồng Nai,Phường Tam Hiệp,10.9510733,106.858145,83,Moderate,1,34.8,39,0.0,1.4,230,1007.7,92,32.2,33.6,401.0,9.5,171.0,12.8
2026-04-07 14:00:00,2026,4,7,14,Đồng Nai,Phường Tam Hiệp,10.9510733,106.858145,83,Moderate,1,36.6,32,0.0,2.4,222,1006.5,100,31.8,33.1,408.0,8.3,185.0,12.2
2026-04-07 15:00:00,2026,4,7,15,Đồng Nai,Phường Tam Hiệp,10.9510733,106.858145,84,Moderate,1,36.9,30,0.0,3.8,229,1005.5,93,31.2,32.5,412.0,8.2,192.0,11.8
2026-04-07 16:00:00,2026,4,7,16,Đồng Nai,Phường Tam Hiệp,10.9510733,106.858145,88,Moderate,1,36.5,30,0.0,5.1,243,1005.0,96,30.5,31.7,405.0,10.4,186.0,11.5
2026-04-07 17:00:00,2026,4,7,17,Đồng Nai,Phường Tam Hiệp,10.9510733,106.858145,117,Unhealthy for Sensitive Groups,2,35.9,31,0.0,7.0,215,1005.3,99,28.5,29.7,375.0,16.7,156.0,11.6
2026-04-07 18:00:00,2026,4,7,18,Đồng Nai,Phường Tam Hiệp,10.9510733,106.858145,135,Unhealthy for Sensitive Groups,2,31.5,63,0.0,13.8,154,1006.0,59,27.9,29.0,333.0,25.3,112.0,11.8
2026-04-07 19:00:00,2026,4,7,19,Đồng Nai,Phường Tam Hiệp,10.9510733,106.858145,138,Unhealthy for Sensitive Groups,2,28.9,75,0.0,11.9,160,1006.3,9,38.1,39.2,301.0,36.8,86.0,15.0
2026-04-07 20:00:00,2026,4,7,20,Đồng Nai,Phường Tam Hiệp,10.9510733,106.858145,130,Unhealthy for Sensitive Groups,2,28.5,78,0.0,10.7,158,1007.0,3,34.7,36.2,291.0,36.0,75.0,14.8
2026-04-07 21:00:00,2026,4,7,21,Đồng Nai,Phường Tam Hiệp,10.9510733,106.858145,114,Unhealthy for Sensitive Groups,2,28.0,80,0.0,10.8,165,1007.1,3,31.5,33.6,292.0,34.8,59.0,14.4
2026-04-07 22:00:00,2026,4,7,22,Đồng Nai,Phường Tam Hiệp,10.9510733,106.858145,90,Moderate,1,27.4,85,0.0,12.5,157,1007.5,59,29.7,31.7,288.0,33.6,48.0,13.9
2026-04-07 23:00:00,2026,4,7,23,Đồng Nai,Phường Tam Hiệp,10.9510733,106.858145,91,Moderate,1,26.9,89,0.0,12.2,166,1007.8,100,27.7,29.7,270.0,32.2,45.0,12.9
2026-04-08 00:00:00,2026,4,8,0,Đồng Nai,Phường Tam Hiệp,10.9510733,106.858145,91,Moderate,1,26.7,91,0.0,11.1,168,1007.6,100,25.6,27.6,248.0,30.6,45.0,11.6
2026-04-08 01:00:00,2026,4,8,1,Đồng Nai,Phường Tam Hiệp,10.9510733,106.858145,91,Moderate,1,26.6,93,0.0,9.2,169,1007.4,100,24.5,26.7,235.0,29.6,46.0,10.9
2026-04-08 02:00:00,2026,4,8,2,Đồng Nai,Phường Tam Hiệp,10.9510733,106.858145,92,Moderate,1,26.6,93,0.0,8.9,173,1007.4,100,24.3,26.5,235.0,29.3,45.0,10.9
2026-04-08 03:00:00,2026,4,8,3,Đồng Nai,Phường Tam Hiệp,10.9510733,106.858145,92,Moderate,1,26.8,90,0.0,9.8,188,1007.4,100,24.9,27.1,244.0,29.6,43.0,11.3
2026-04-08 04:00:00,2026,4,8,4,Đồng Nai,Phường Tam Hiệp,10.9510733,106.858145,91,Moderate,1,26.5,91,0.1,8.8,197,1007.6,20,26.1,28.2,259.0,30.3,42.0,12.4
2026-04-08 05:00:00,2026,4,8,5,Đồng Nai,Phường Tam Hiệp,10.9510733,106.858145,91,Moderate,1,26.1,94,0.0,7.3,200,1008.3,18,28.5,30.6,288.0,32.4,39.0,14.8
2026-04-08 06:00:00,2026,4,8,6,Đồng Nai,Phường Tam Hiệp,10.9510733,106.858145,91,Moderate,1,26.1,95,0.0,5.1,170,1008.6,23,32.8,35.4,324.0,35.0,36.0,17.8
2026-04-08 07:00:00,2026,4,8,7,Đồng Nai,Phường Tam Hiệp,10.9510733,106.858145,90,Moderate,1,27.5,87,0.0,6.8,168,1009.1,24,32.0,34.5,341.0,35.5,38.0,17.7
2026-04-08 08:00:00,2026,4,8,8,Đồng Nai,Phường Tam Hiệp,10.9510733,106.858145,88,Moderate,1,29.2,77,0.0,6.2,159,1009.9,19,29.3,31.5,321.0,30.9,52.0,16.2
2026-04-08 09:00:00,2026,4,8,9,Đồng Nai,Phường Tam Hiệp,10.9510733,106.858145,88,Moderate,1,31.1,65,0.0,6.8,162,1010.5,14,28.1,30.0,283.0,24.4,73.0,14.1
2026-04-08 10:00:00,2026,4,8,10,Đồng Nai,Phường Tam Hiệp,10.9510733,106.858145,87,Moderate,1,32.8,57,0.0,7.0,162,1010.0,13,28.4,30.3,252.0,18.7,94.0,12.2
2026-04-08 11:00:00,2026,4,8,11,Đồng Nai,Phường Tam Hiệp,10.9510733,106.858145,87,Moderate,1,34.2,50,0.0,6.4,153,1009.8,16,29.6,31.4,240.0,14.5,118.0,10.5
2026-04-08 12:00:00,2026,4,8,12,Đồng Nai,Phường Tam Hiệp,10.9510733,106.858145,87,Moderate,1,35.2,46,0.0,6.6,151,1008.8,13,29.9,31.7,235.0,11.1,144.0,9.0
2026-04-08 13:00:00,2026,4,8,13,Đồng Nai,Phường Tam Hiệp,10.9510733,106.858145,87,Moderate,1,34.8,46,0.0,5.7,156,1007.8,21,29.3,31.2,234.0,9.1,160.0,7.9
2026-04-08 14:00:00,2026,4,8,14,Đồng Nai,Phường Tam Hiệp,10.9510733,106.858145,87,Moderate,1,35.7,43,0.0,6.4,158,1006.7,22,28.4,30.2,235.0,8.7,162.0,7.3
2026-04-08 15:00:00,2026,4,8,15,Đồng Nai,Phường Tam Hiệp,10.9510733,106.858145,87,Moderate,1,35.6,41,0.0,7.8,158,1005.7,22,27.5,29.2,239.0,9.7,154.0,7.1
2026-04-08 16:00:00,2026,4,8,16,Đồng Nai,Phường Tam Hiệp,10.9510733,106.858145,86,Moderate,1,35.2,42,0.0,10.6,150,1005.4,34,26.1,27.7,244.0,11.9,141.0,7.3
2026-04-08 17:00:00,2026,4,8,17,Đồng Nai,Phường Tam Hiệp,10.9510733,106.858145,89,Moderate,1,32.7,58,0.0,16.8,161,1006.1,36,24.9,26.4,249.0,16.2,120.0,8.0
2026-04-08 18:00:00,2026,4,8,18,Đồng Nai,Phường Tam Hiệp,10.9510733,106.858145,99,Moderate,1,30.1,71,0.0,17.6,166,1007.0,14,24.7,26.2,254.0,21.8,94.0,9.2
2026-04-08 19:00:00,2026,4,8,19,Đồng Nai,Phường Tam Hiệp,10.9510733,106.858145,99,Moderate,1,29.0,80,0.0,19.0,165,1007.1,5,28.5,30.0,257.0,27.2,70.0,10.7
2026-04-08 20:00:00,2026,4,8,20,Đồng Nai,Phường Tam Hiệp,10.9510733,106.858145,89,Moderate,1,28.5,83,0.0,17.6,154,1007.7,2,26.0,27.5,255.0,26.9,65.0,10.4
2026-04-08 21:00:00,2026,4,8,21,Đồng Nai,Phường Tam Hiệp,10.9510733,106.858145,84,Moderate,1,28.1,84,0.0,16.8,148,1008.4,10,24.0,25.6,250.0,26.3,57.0,9.9
2026-04-08 22:00:00,2026,4,8,22,Đồng Nai,Phường Tam Hiệp,10.9510733,106.858145,83,Moderate,1,27.9,85,0.0,14.9,149,1008.8,9,23.5,25.0,244.0,25.6,53.0,9.4
2026-04-08 23:00:00,2026,4,8,23,Đồng Nai,Phường Tam Hiệp,10.9510733,106.858145,83,Moderate,1,27.6,86,0.0,12.3,149,1009.3,29,23.0,24.7,237.0,24.4,54.0,8.8
2026-04-09 00:00:00,2026,4,9,0,Đồng Nai,Phường Tam Hiệp,10.9510733,106.858145,82,Moderate,1,27.2,87,0.0,11.8,147,1008.9,36,21.9,23.8,229.0,23.1,59.0,8.1
2026-04-09 01:00:00,2026,4,9,1,Đồng Nai,Phường Tam Hiệp,10.9510733,106.858145,82,Moderate,1,26.8,89,0.0,12.4,149,1008.2,21,22.0,24.1,221.0,22.2,62.0,7.6
2026-04-09 02:00:00,2026,4,9,2,Đồng Nai,Phường Tam Hiệp,10.9510733,106.858145,82,Moderate,1,26.6,89,0.0,11.8,151,1007.9,23,21.4,23.7,212.0,22.3,63.0,7.5
2026-04-09 03:00:00,2026,4,9,3,Đồng Nai,Phường Tam Hiệp,10.9510733,106.858145,81,Moderate,1,26.3,91,0.0,11.3,144,1007.7,24,21.4,23.6,203.0,22.8,63.0,7.6
2026-04-09 04:00:00,2026,4,9,4,Đồng Nai,Phường Tam Hiệp,10.9510733,106.858145,81,Moderate,1,26.0,93,0.0,11.7,142,1007.7,21,21.2,23.3,201.0,23.5,63.0,7.9
2026-04-09 05:00:00,2026,4,9,5,Đồng Nai,Phường Tam Hiệp,10.9510733,106.858145,81,Moderate,1,25.8,94,0.0,10.6,145,1008.3,21,21.5,23.7,216.0,24.7,62.0,8.6
2026-04-09 06:00:00,2026,4,9,6,Đồng Nai,Phường Tam Hiệp,10.9510733,106.858145,80,Moderate,1,25.6,94,0.0,8.1,145,1009.3,13,22.9,25.6,237.0,26.0,61.0,9.4
2026-04-09 07:00:00,2026,4,9,7,Đồng Nai,Phường Tam Hiệp,10.9510733,106.858145,79,Moderate,1,26.9,88,0.0,9.3,133,1010.0,23,21.1,24.3,248.0,23.8,67.0,8.9
2026-04-09 08:00:00,2026,4,9,8,Đồng Nai,Phường Tam Hiệp,10.9510733,106.858145,78,Moderate,1,28.6,76,0.0,10.6,136,1010.8,13,20.7,23.5,235.0,20.5,78.0,8.0
2026-04-09 09:00:00,2026,4,9,9,Đồng Nai,Phường Tam Hiệp,10.9510733,106.858145,77,Moderate,1,30.5,61,0.0,11.7,143,1011.2,5,19.0,20.8,210.0,16.0,93.0,6.8
2026-04-09 10:00:00,2026,4,9,10,Đồng Nai,Phường Tam Hiệp,10.9510733,106.858145,76,Moderate,1,32.1,52,0.0,11.9,150,1010.8,2,18.2,19.8,192.0,12.1,109.0,5.9
2026-04-09 11:00:00,2026,4,9,11,Đồng Nai,Phường Tam Hiệp,10.9510733,106.858145,76,Moderate,1,33.6,46,0.0,11.3,160,1010.4,5,17.8,19.3,190.0,9.5,126.0,5.6
2026-04-09 12:00:00,2026,4,9,12,Đồng Nai,Phường Tam Hiệp,10.9510733,106.858145,75,Moderate,1,34.8,42,0.0,10.7,171,1009.6,2,17.8,19.1,194.0,7.7,143.0,5.7
2026-04-09 13:00:00,2026,4,9,13,Đồng Nai,Phường Tam Hiệp,10.9510733,106.858145,73,Moderate,1,35.0,41,0.0,8.2,158,1008.6,88,17.6,18.8,196.0,6.8,153.0,5.8
2026-04-09 14:00:00,2026,4,9,14,Đồng Nai,Phường Tam Hiệp,10.9510733,106.858145,72,Moderate,1,34.7,43,0.0,11.3,166,1007.7,58,17.2,18.4,189.0,6.7,154.0,5.8
2026-04-09 15:00:00,2026,4,9,15,Đồng Nai,Phường Tam Hiệp,10.9510733,106.858145,71,Moderate,1,33.9,45,0.0,13.5,168,1007.1,86,16.7,17.8,180.0,7.5,149.0,5.8
2026-04-09 16:00:00,2026,4,9,16,Đồng Nai,Phường Tam Hiệp,10.9510733,106.858145,80,Moderate,1,32.5,48,0.0,14.9,168,1006.9,5,16.4,17.5,178.0,10.0,137.0,6.2
2026-04-09 17:00:00,2026,4,9,17,Đồng Nai,Phường Tam Hiệp,10.9510733,106.858145,93,Moderate,1,31.1,50,0.0,16.7,169,1007.1,2,16.7,18.0,189.0,15.5,115.0,7.2
2026-04-09 18:00:00,2026,4,9,18,Đồng Nai,Phường Tam Hiệp,10.9510733,106.858145,98,Moderate,1,28.8,58,0.0,15.7,163,1007.3,0,18.2,19.5,206.0,22.8,88.0,8.6
2026-04-09 19:00:00,2026,4,9,19,Đồng Nai,Phường Tam Hiệp,10.9510733,106.858145,93,Moderate,1,28.0,68,0.0,15.1,160,1008.0,0,21.4,23.1,223.0,26.5,67.0,9.6
2026-04-09 20:00:00,2026,4,9,20,Đồng Nai,Phường Tam Hiệp,10.9510733,106.858145,81,Moderate,1,27.5,75,0.0,14.7,156,1008.7,1,21.5,23.2,238.0,29.1,59.0,10.3
2026-04-09 21:00:00,2026,4,9,21,Đồng Nai,Phường Tam Hiệp,10.9510733,106.858145,67,Moderate,1,27.0,78,0.0,13.8,156,1009.5,0,22.6,24.6,252.0,32.6,47.0,11.3
2026-04-09 22:00:00,2026,4,9,22,Đồng Nai,Phường Tam Hiệp,10.9510733,106.858145,67,Moderate,1,26.7,81,0.0,11.4,145,1010.0,0,24.3,26.3,259.0,35.1,39.0,11.9
2026-04-09 23:00:00,2026,4,9,23,Đồng Nai,Phường Tam Hiệp,10.9510733,106.858145,67,Moderate,1,26.4,83,0.0,10.2,144,1010.1,1,24.4,26.5,255.0,35.3,37.0,11.6
2026-04-10 00:00:00,2026,4,10,0,Đồng Nai,Phường Tam Hiệp,10.9510733,106.858145,67,Moderate,1,26.1,85,0.0,9.2,147,1010.1,2,22.8,24.9,245.0,34.4,38.0,10.9
2026-04-10 01:00:00,2026,4,10,1,Đồng Nai,Phường Tam Hiệp,10.9510733,106.858145,67,Moderate,1,25.7,87,0.0,8.6,139,1009.6,0,22.1,24.3,237.0,34.0,38.0,10.4
2026-04-10 02:00:00,2026,4,10,2,Đồng Nai,Phường Tam Hiệp,10.9510733,106.858145,67,Moderate,1,25.6,87,0.0,7.5,140,1009.3,1,22.3,24.4,233.0,34.7,36.0,10.4
2026-04-10 03:00:00,2026,4,10,3,Đồng Nai,Phường Tam Hiệp,10.9510733,106.858145,68,Moderate,1,25.5,87,0.0,6.9,149,1008.8,7,23.1,25.2,232.0,35.9,33.0,10.7
2026-04-10 04:00:00,2026,4,10,4,Đồng Nai,Phường Tam Hiệp,10.9510733,106.858145,68,Moderate,1,25.2,90,0.0,5.8,154,1008.9,19,24.3,26.7,237.0,36.9,31.0,11.4
2026-04-10 05:00:00,2026,4,10,5,Đồng Nai,Phường Tam Hiệp,10.9510733,106.858145,68,Moderate,1,25.0,92,0.0,4.5,146,1009.5,24,26.1,28.5,257.0,38.2,29.0,13.2
2026-04-10 06:00:00,2026,4,10,6,Đồng Nai,Phường Tam Hiệp,10.9510733,106.858145,68,Moderate,1,24.9,93,0.0,6.0,131,1010.2,2,28.5,31.0,283.0,39.3,28.0,15.4
2026-04-10 07:00:00,2026,4,10,7,Đồng Nai,Phường Tam Hiệp,10.9510733,106.858145,69,Moderate,1,26.4,86,0.0,5.3,123,1010.5,15,28.5,31.1,293.0,39.2,33.0,16.8
2026-04-10 08:00:00,2026,4,10,8,Đồng Nai,Phường Tam Hiệp,10.9510733,106.858145,70,Moderate,1,28.6,73,0.0,8.5,151,1011.2,30,20.5,23.8,271.0,33.5,48.0,14.9
2026-04-10 09:00:00,2026,4,10,9,Đồng Nai,Phường Tam Hiệp,10.9510733,106.858145,70,Moderate,1,30.4,63,0.0,8.6,158,1011.6,61,19.5,22.5,234.0,25.5,69.0,12.2
2026-04-10 10:00:00,2026,4,10,10,Đồng Nai,Phường Tam Hiệp,10.9510733,106.858145,70,Moderate,1,31.9,56,0.0,7.5,160,1011.4,99,20.5,22.2,208.0,19.4,88.0,10.1
2026-04-10 11:00:00,2026,4,10,11,Đồng Nai,Phường Tam Hiệp,10.9510733,106.858145,70,Moderate,1,33.0,51,0.0,3.8,161,1010.9,35,22.1,23.5,206.0,16.8,104.0,9.0
2026-04-10 12:00:00,2026,4,10,12,Đồng Nai,Phường Tam Hiệp,10.9510733,106.858145,70,Moderate,1,34.4,47,0.1,2.4,144,1010.0,53,23.9,25.3,215.0,16.0,120.0,8.4
2026-04-10 13:00:00,2026,4,10,13,Đồng Nai,Phường Tam Hiệp,10.9510733,106.858145,71,Moderate,1,33.7,49,0.0,3.2,146,1008.7,80,25.5,26.9,224.0,15.8,131.0,8.1
2026-04-10 14:00:00,2026,4,10,14,Đồng Nai,Phường Tam Hiệp,10.9510733,106.858145,71,Moderate,1,35.5,42,0.0,3.8,172,1007.4,91,25.4,26.8,229.0,15.4,140.0,8.2
2026-04-10 15:00:00,2026,4,10,15,Đồng Nai,Phường Tam Hiệp,10.9510733,106.858145,72,Moderate,1,35.6,40,0.0,4.6,171,1006.2,94,25.0,26.3,233.0,15.5,145.0,8.7
2026-04-10 16:00:00,2026,4,10,16,Đồng Nai,Phường Tam Hiệp,10.9510733,106.858145,73,Moderate,1,35.6,39,0.0,7.2,155,1005.5,64,24.3,25.8,236.0,17.2,141.0,9.3
2026-04-10 17:00:00,2026,4,10,17,Đồng Nai,Phường Tam Hiệp,10.9510733,106.858145,74,Moderate,1,32.8,53,0.0,17.0,162,1006.0,16,23.5,25.8,237.0,21.6,122.0,10.2
2026-04-10 18:00:00,2026,4,10,18,Đồng Nai,Phường Tam Hiệp,10.9510733,106.858145,77,Moderate,1,30.0,63,0.0,15.1,163,1006.5,7,23.3,25.4,238.0,27.5,93.0,11.4
2026-04-10 19:00:00,2026,4,10,19,Đồng Nai,Phường Tam Hiệp,10.9510733,106.858145,78,Moderate,1,29.2,67,0.0,14.8,164,1007.0,2,28.1,30.0,241.0,32.5,75.0,12.9
2026-04-10 20:00:00,2026,4,10,20,Đồng Nai,Phường Tam Hiệp,10.9510733,106.858145,75,Moderate,1,28.2,74,0.0,12.4,154,1007.7,1,24.4,26.1,250.0,33.1,64.0,13.0
2026-04-10 21:00:00,2026,4,10,21,Đồng Nai,Phường Tam Hiệp,10.9510733,106.858145,75,Moderate,1,27.8,75,0.0,13.2,154,1008.3,0,21.2,22.7,262.0,33.8,48.0,13.0
2026-04-10 22:00:00,2026,4,10,22,Đồng Nai,Phường Tam Hiệp,10.9510733,106.858145,75,Moderate,1,27.4,79,0.0,12.4,156,1008.7,0,20.0,21.5,266.0,34.0,37.0,12.8
2026-04-10 23:00:00,2026,4,10,23,Đồng Nai,Phường Tam Hiệp,10.9510733,106.858145,75,Moderate,1,27.0,82,0.0,9.5,153,1008.9,0,19.3,21.0,254.0,33.0,34.0,12.1
2026-04-11 00:00:00,2026,4,11,0,Đồng Nai,Phường Tam Hiệp,10.9510733,106.858145,74,Moderate,1,26.5,85,0.0,7.5,138,1008.8,2,17.8,19.4,236.0,31.4,36.0,11.1
2026-04-11 01:00:00,2026,4,11,1,Đồng Nai,Phường Tam Hiệp,10.9510733,106.858145,74,Moderate,1,26.3,88,0.0,8.8,147,1008.3,23,17.3,19.1,226.0,30.7,37.0,10.5
2026-04-11 02:00:00,2026,4,11,2,Đồng Nai,Phường Tam Hiệp,10.9510733,106.858145,74,Moderate,1,26.2,89,0.0,9.2,159,1007.5,44,18.2,20.0,234.0,31.7,35.0,10.4
2026-04-11 03:00:00,2026,4,11,3,Đồng Nai,Phường Tam Hiệp,10.9510733,106.858145,73,Moderate,1,26.1,91,0.0,7.3,164,1007.3,92,19.8,21.7,252.0,33.6,32.0,10.6
2026-04-11 04:00:00,2026,4,11,4,Đồng Nai,Phường Tam Hiệp,10.9510733,106.858145,73,Moderate,1,26.0,91,0.0,6.1,183,1007.6,89,21.7,23.6,270.0,35.1,30.0,11.6
2026-04-11 05:00:00,2026,4,11,5,Đồng Nai,Phường Tam Hiệp,10.9510733,106.858145,73,Moderate,1,26.0,91,0.0,5.8,171,1008.2,18,24.4,26.4,289.0,36.5,29.0,14.2
2026-04-11 06:00:00,2026,4,11,6,Đồng Nai,Phường Tam Hiệp,10.9510733,106.858145,73,Moderate,1,26.0,91,0.0,5.0,165,1009.0,10,29.2,31.3,308.0,37.5,30.0,17.6
2026-04-11 07:00:00,2026,4,11,7,Đồng Nai,Phường Tam Hiệp,10.9510733,106.858145,73,Moderate,1,26.8,86,0.0,5.5,153,1009.7,100,28.2,31.0,317.0,36.1,36.0,18.5
2026-04-11 08:00:00,2026,4,11,8,Đồng Nai,Phường Tam Hiệp,10.9510733,106.858145,73,Moderate,1,29.0,70,0.0,7.9,191,1010.3,12,22.8,26.1,306.0,30.8,52.0,17.0
2026-04-11 09:00:00,2026,4,11,9,Đồng Nai,Phường Tam Hiệp,10.9510733,106.858145,73,Moderate,1,30.9,60,0.0,7.7,196,1010.8,16,23.3,27.1,284.0,23.3,75.0,14.9
2026-04-11 10:00:00,2026,4,11,10,Đồng Nai,Phường Tam Hiệp,10.9510733,106.858145,73,Moderate,1,33.0,49,0.0,7.5,200,1010.3,41,24.8,27.3,272.0,17.1,100.0,13.1
2026-04-11 11:00:00,2026,4,11,11,Đồng Nai,Phường Tam Hiệp,10.9510733,106.858145,74,Moderate,1,34.8,42,0.0,6.4,198,1009.5,50,27.2,28.5,277.0,13.2,129.0,12.0
2026-04-11 12:00:00,2026,4,11,12,Đồng Nai,Phường Tam Hiệp,10.9510733,106.858145,74,Moderate,1,35.6,38,0.0,6.3,217,1008.5,41,30.3,31.7,291.0,10.6,160.0,11.1
2026-04-11 13:00:00,2026,4,11,13,Đồng Nai,Phường Tam Hiệp,10.9510733,106.858145,75,Moderate,1,34.2,43,0.0,3.5,219,1007.6,23,32.2,33.6,308.0,9.2,179.0,10.4
2026-04-11 14:00:00,2026,4,11,14,Đồng Nai,Phường Tam Hiệp,10.9510733,106.858145,75,Moderate,1,35.5,39,0.0,1.0,225,1006.3,18,32.6,34.0,332.0,9.0,182.0,9.6
2026-04-11 15:00:00,2026,4,11,15,Đồng Nai,Phường Tam Hiệp,10.9510733,106.858145,76,Moderate,1,35.5,39,0.0,2.9,173,1005.3,13,30.6,31.9,359.0,10.0,173.0,8.9
2026-04-11 16:00:00,2026,4,11,16,Đồng Nai,Phường Tam Hiệp,10.9510733,106.858145,90,Moderate,1,35.2,39,0.0,9.4,169,1004.6,7,28.2,29.6,365.0,12.2,158.0,8.5
2026-04-11 17:00:00,2026,4,11,17,Đồng Nai,Phường Tam Hiệp,10.9510733,106.858145,112,Unhealthy for Sensitive Groups,2,31.6,60,0.0,20.0,159,1004.8,4,23.7,25.8,330.0,16.3,133.0,8.7
2026-04-11 18:00:00,2026,4,11,18,Đồng Nai,Phường Tam Hiệp,10.9510733,106.858145,125,Unhealthy for Sensitive Groups,2,30.1,64,0.0,15.3,160,1005.8,1,22.1,24.6,275.0,21.6,100.0,9.3
2026-04-11 19:00:00,2026,4,11,19,Đồng Nai,Phường Tam Hiệp,10.9510733,106.858145,125,Unhealthy for Sensitive Groups,2,29.1,73,0.0,14.7,163,1006.3,2,25.9,28.3,234.0,28.6,73.0,11.1
2026-04-11 20:00:00,2026,4,11,20,Đồng Nai,Phường Tam Hiệp,10.9510733,106.858145,113,Unhealthy for Sensitive Groups,2,28.3,77,0.0,12.8,158,1007.0,1,23.5,25.4,226.0,29.6,63.0,11.2
2026-04-11 21:00:00,2026,4,11,21,Đồng Nai,Phường Tam Hiệp,10.9510733,106.858145,92,Moderate,1,27.9,80,0.0,12.1,157,1007.4,1,21.8,23.7,233.0,31.1,48.0,11.4
2026-04-11 22:00:00,2026,4,11,22,Đồng Nai,Phường Tam Hiệp,10.9510733,106.858145,76,Moderate,1,27.5,83,0.0,10.9,156,1007.5,1,21.7,23.9,237.0,32.2,38.0,11.6
2026-04-11 23:00:00,2026,4,11,23,Đồng Nai,Phường Tam Hiệp,10.9510733,106.858145,76,Moderate,1,27.4,83,0.0,10.5,184,1008.0,7,21.8,23.9,229.0,32.6,36.0,11.7
2026-04-12 00:00:00,2026,4,12,0,Đồng Nai,Phường Tam Hiệp,10.9510733,106.858145,77,Moderate,1,27.2,81,0.0,7.9,163,1007.7,11,21.5,23.6,217.0,32.6,37.0,11.9
2026-04-12 01:00:00,2026,4,12,1,Đồng Nai,Phường Tam Hiệp,10.9510733,106.858145,77,Moderate,1,27.0,83,0.0,6.7,166,1006.9,5,22.2,24.3,209.0,33.2,37.0,12.2
2026-04-12 02:00:00,2026,4,12,2,Đồng Nai,Phường Tam Hiệp,10.9510733,106.858145,77,Moderate,1,26.7,84,0.0,5.8,158,1006.4,5,23.7,25.8,205.0,34.8,34.0,12.6
2026-04-12 03:00:00,2026,4,12,3,Đồng Nai,Phường Tam Hiệp,10.9510733,106.858145,78,Moderate,1,26.4,87,0.0,5.4,146,1006.3,5,25.9,28.0,205.0,37.0,29.0,13.2
2026-04-12 04:00:00,2026,4,12,4,Đồng Nai,Phường Tam Hiệp,10.9510733,106.858145,78,Moderate,1,26.1,89,0.0,5.6,140,1006.3,1,28.6,30.7,214.0,38.7,26.0,14.1
2026-04-12 05:00:00,2026,4,12,5,Đồng Nai,Phường Tam Hiệp,10.9510733,106.858145,79,Moderate,1,25.9,90,0.0,4.8,135,1006.7,0,31.9,34.2,241.0,40.3,23.0,15.8
2026-04-12 06:00:00,2026,4,12,6,Đồng Nai,Phường Tam Hiệp,10.9510733,106.858145,80,Moderate,1,25.8,91,0.0,3.6,135,1007.5,0,36.0,38.5,277.0,41.5,21.0,17.7
2026-04-12 07:00:00,2026,4,12,7,Đồng Nai,Phường Tam Hiệp,10.9510733,106.858145,80,Moderate,1,27.0,87,0.0,3.7,133,1008.1,1,28.7,31.8,297.0,31.9,39.0,13.7
2026-04-12 08:00:00,2026,4,12,8,Đồng Nai,Phường Tam Hiệp,10.9510733,106.858145,80,Moderate,1,29.0,75,0.0,8.4,161,1008.7,23,26.7,30.4,284.0,28.0,53.0,13.1
2026-04-12 09:00:00,2026,4,12,9,Đồng Nai,Phường Tam Hiệp,10.9510733,106.858145,81,Moderate,1,30.9,64,0.0,9.4,167,1009.2,38,25.8,28.6,253.0,22.6,72.0,12.3
2026-04-12 10:00:00,2026,4,12,10,Đồng Nai,Phường Tam Hiệp,10.9510733,106.858145,81,Moderate,1,32.4,58,0.0,7.2,167,1008.9,16,26.0,27.9,231.0,17.6,91.0,11.2
2026-04-12 11:00:00,2026,4,12,11,Đồng Nai,Phường Tam Hiệp,10.9510733,106.858145,81,Moderate,1,33.6,52,0.0,6.7,164,1008.4,19,26.8,28.8,228.0,13.5,111.0,9.7
2026-04-12 12:00:00,2026,4,12,12,Đồng Nai,Phường Tam Hiệp,10.9510733,106.858145,81,Moderate,1,34.5,47,0.0,8.4,164,1007.4,19,26.6,28.5,233.0,9.9,130.0,8.0
2026-04-12 13:00:00,2026,4,12,13,Đồng Nai,Phường Tam Hiệp,10.9510733,106.858145,81,Moderate,1,33.2,53,0.0,9.4,162,1006.6,52,26.2,28.1,233.0,7.9,142.0,6.8
2026-04-12 14:00:00,2026,4,12,14,Đồng Nai,Phường Tam Hiệp,10.9510733,106.858145,80,Moderate,1,33.7,53,0.0,10.3,157,1005.3,13,24.8,26.8,223.0,8.1,141.0,6.4
2026-04-12 15:00:00,2026,4,12,15,Đồng Nai,Phường Tam Hiệp,10.9510733,106.858145,79,Moderate,1,33.1,53,0.0,15.7,167,1004.6,2,23.5,26.4,208.0,9.8,132.0,6.5
2026-04-12 16:00:00,2026,4,12,16,Đồng Nai,Phường Tam Hiệp,10.9510733,106.858145,79,Moderate,1,31.4,64,0.0,19.3,171,1004.6,2,22.4,25.8,198.0,12.4,120.0,6.8
2026-04-12 17:00:00,2026,4,12,17,Đồng Nai,Phường Tam Hiệp,10.9510733,106.858145,78,Moderate,1,30.4,67,0.0,15.9,164,1004.9,4,20.7,23.7,196.0,16.3,104.0,7.5
2026-04-12 18:00:00,2026,4,12,18,Đồng Nai,Phường Tam Hiệp,10.9510733,106.858145,78,Moderate,1,29.1,72,0.0,13.5,157,1005.5,5,19.4,22.4,199.0,21.2,86.0,8.4
2026-04-12 19:00:00,2026,4,12,19,Đồng Nai,Phường Tam Hiệp,10.9510733,106.858145,78,Moderate,1,28.5,78,0.0,15.9,152,1005.7,7,26.5,30.4,204.0,26.9,66.0,9.7
2026-04-12 20:00:00,2026,4,12,20,Đồng Nai,Phường Tam Hiệp,10.9510733,106.858145,78,Moderate,1,27.7,82,0.0,14.4,143,1006.9,7,25.0,28.5,215.0,27.6,62.0,9.9
2026-04-12 21:00:00,2026,4,12,21,Đồng Nai,Phường Tam Hiệp,10.9510733,106.858145,78,Moderate,1,27.5,83,0.0,13.6,150,1007.3,3,24.1,27.8,229.0,28.5,56.0,10.2
2026-04-12 22:00:00,2026,4,12,22,Đồng Nai,Phường Tam Hiệp,10.9510733,106.858145,78,Moderate,1,27.5,82,0.0,12.9,147,1008.1,1,23.7,27.2,236.0,29.2,51.0,10.4
2026-04-12 23:00:00,2026,4,12,23,Đồng Nai,Phường Tam Hiệp,10.9510733,106.858145,78,Moderate,1,27.2,83,0.0,12.1,160,1008.2,0,23.3,26.8,230.0,29.3,50.0,10.4
2026-04-13 00:00:00,2026,4,13,0,Đồng Nai,Phường Tam Hiệp,10.9510733,106.858145,79,Moderate,1,27.0,85,0.0,10.5,172,1007.9,10,22.7,26.0,218.0,29.2,49.0,10.3
2026-04-13 01:00:00,2026,4,13,1,Đồng Nai,Phường Tam Hiệp,10.9510733,106.858145,79,Moderate,1,27.0,87,0.0,9.7,178,1007.0,5,22.9,26.0,209.0,29.4,49.0,10.4
2026-04-13 02:00:00,2026,4,13,2,Đồng Nai,Phường Tam Hiệp,10.9510733,106.858145,79,Moderate,1,26.7,88,0.0,7.6,165,1006.6,2,23.2,26.3,204.0,30.5,47.0,10.7
2026-04-13 03:00:00,2026,4,13,3,Đồng Nai,Phường Tam Hiệp,10.9510733,106.858145,79,Moderate,1,26.4,90,0.0,6.4,155,1006.4,2,23.9,26.9,202.0,31.9,44.0,11.1
2026-04-13 04:00:00,2026,4,13,4,Đồng Nai,Phường Tam Hiệp,10.9510733,106.858145,78,Moderate,1,26.1,92,0.0,6.2,159,1006.8,9,25.0,27.9,207.0,32.9,43.0,11.6
2026-04-13 05:00:00,2026,4,13,5,Đồng Nai,Phường Tam Hiệp,10.9510733,106.858145,78,Moderate,1,26.0,93,0.0,5.7,162,1007.5,5,26.5,29.6,226.0,33.7,43.0,12.6
2026-04-13 06:00:00,2026,4,13,6,Đồng Nai,Phường Tam Hiệp,10.9510733,106.858145,78,Moderate,1,26.0,93,0.0,4.8,155,1008.3,5,28.3,31.4,251.0,34.0,45.0,13.7
2026-04-13 07:00:00,2026,4,13,7,Đồng Nai,Phường Tam Hiệp,10.9510733,106.858145,77,Moderate,1,27.1,84,0.0,6.4,126,1009.3,6,24.1,27.8,263.0,31.9,52.0,13.1
2026-04-13 08:00:00,2026,4,13,8,Đồng Nai,Phường Tam Hiệp,10.9510733,106.858145,77,Moderate,1,29.0,74,0.0,9.6,152,1010.0,13,21.2,25.3,249.0,27.0,64.0,11.7
2026-04-13 09:00:00,2026,4,13,9,Đồng Nai,Phường Tam Hiệp,10.9510733,106.858145,76,Moderate,1,30.5,66,0.0,9.0,160,1010.5,6,20.9,24.9,222.0,20.3,82.0,9.7
2026-04-13 10:00:00,2026,4,13,10,Đồng Nai,Phường Tam Hiệp,10.9510733,106.858145,76,Moderate,1,32.1,58,0.0,8.5,168,1010.3,10,21.8,25.7,203.0,14.6,99.0,8.0
2026-04-13 11:00:00,2026,4,13,11,Đồng Nai,Phường Tam Hiệp,10.9510733,106.858145,75,Moderate,1,33.2,54,0.0,8.1,174,1009.7,17,22.6,26.1,203.0,11.1,116.0,7.0
2026-04-13 12:00:00,2026,4,13,12,Đồng Nai,Phường Tam Hiệp,10.9510733,106.858145,75,Moderate,1,34.0,51,0.0,8.8,176,1008.8,27,22.9,26.1,212.0,8.6,132.0,6.4
2026-04-13 13:00:00,2026,4,13,13,Đồng Nai,Phường Tam Hiệp,10.9510733,106.858145,75,Moderate,1,33.2,52,0.1,9.2,192,1007.9,31,23.8,27.0,217.0,7.4,143.0,6.0
2026-04-13 14:00:00,2026,4,13,14,Đồng Nai,Phường Tam Hiệp,10.9510733,106.858145,74,Moderate,1,33.0,54,0.4,12.0,193,1006.9,38,23.7,26.6,211.0,7.3,146.0,5.9
2026-04-13 15:00:00,2026,4,13,15,Đồng Nai,Phường Tam Hiệp,10.9510733,106.858145,74,Moderate,1,32.5,57,0.1,11.9,182,1006.2,39,24.6,27.4,202.0,8.3,144.0,6.1
2026-04-13 16:00:00,2026,4,13,16,Đồng Nai,Phường Tam Hiệp,10.9510733,106.858145,74,Moderate,1,32.3,58,0.0,12.8,169,1006.0,14,22.7,25.6,196.0,10.7,135.0,6.5
2026-04-13 17:00:00,2026,4,13,17,Đồng Nai,Phường Tam Hiệp,10.9510733,106.858145,79,Moderate,1,31.1,60,0.0,14.1,157,1006.2,5,22.5,25.9,196.0,15.3,116.0,7.3
2026-04-13 18:00:00,2026,4,13,18,Đồng Nai,Phường Tam Hiệp,10.9510733,106.858145,86,Moderate,1,29.5,65,0.0,12.9,157,1006.9,5,21.2,24.0,200.0,21.2,91.0,8.4
2026-04-13 19:00:00,2026,4,13,19,Đồng Nai,Phường Tam Hiệp,10.9510733,106.858145,84,Moderate,1,28.9,70,0.0,13.7,158,1007.6,12,30.5,34.5,206.0,30.4,68.0,10.9
2026-04-13 20:00:00,2026,4,13,20,Đồng Nai,Phường Tam Hiệp,10.9510733,106.858145,75,Moderate,1,28.2,75,0.0,12.6,158,1008.0,4,26.1,29.8,215.0,31.4,61.0,11.2
2026-04-13 21:00:00,2026,4,13,21,Đồng Nai,Phường Tam Hiệp,10.9510733,106.858145,75,Moderate,1,27.9,79,0.0,11.7,151,1008.5,5,25.1,29.3,227.0,32.8,51.0,11.7
2026-04-13 22:00:00,2026,4,13,22,Đồng Nai,Phường Tam Hiệp,10.9510733,106.858145,75,Moderate,1,27.5,81,0.0,11.2,148,1009.1,0,25.7,29.7,234.0,33.9,43.0,11.9
2026-04-13 23:00:00,2026,4,13,23,Đồng Nai,Phường Tam Hiệp,10.9510733,106.858145,75,Moderate,1,27.1,83,0.0,10.3,145,1009.0,0,26.0,30.0,233.0,34.5,40.0,11.6
2026-04-14 00:00:00,2026,4,14,0,Đồng Nai,Phường Tam Hiệp,10.9510733,106.858145,76,Moderate,1,26.9,85,0.0,8.9,144,1008.5,0,24.9,28.7,229.0,34.8,40.0,11.0
2026-04-14 01:00:00,2026,4,14,1,Đồng Nai,Phường Tam Hiệp,10.9510733,106.858145,76,Moderate,1,26.6,88,0.0,7.7,143,1008.0,0,24.0,27.8,228.0,35.3,39.0,10.7
2026-04-14 02:00:00,2026,4,14,2,Đồng Nai,Phường Tam Hiệp,10.9510733,106.858145,76,Moderate,1,26.5,88,0.0,6.2,142,1007.5,1,23.9,27.5,235.0,36.0,37.0,10.7
2026-04-14 03:00:00,2026,4,14,3,Đồng Nai,Phường Tam Hiệp,10.9510733,106.858145,76,Moderate,1,26.4,89,0.0,4.6,141,1006.9,2,24.7,28.3,244.0,36.9,35.0,11.0
2026-04-14 04:00:00,2026,4,14,4,Đồng Nai,Phường Tam Hiệp,10.9510733,106.858145,76,Moderate,1,26.1,90,0.0,3.8,135,1007.2,2,26.8,30.4,250.0,37.8,33.0,11.7
2026-04-14 05:00:00,2026,4,14,5,Đồng Nai,Phường Tam Hiệp,10.9510733,106.858145,76,Moderate,1,26.0,91,0.0,4.1,119,1007.8,4,30.2,34.0,248.0,39.7,30.0,13.5
2026-04-14 06:00:00,2026,4,14,6,Đồng Nai,Phường Tam Hiệp,10.9510733,106.858145,77,Moderate,1,25.9,91,0.0,4.7,97,1008.5,2,34.1,38.2,243.0,41.6,28.0,15.8
2026-04-14 07:00:00,2026,4,14,7,Đồng Nai,Phường Tam Hiệp,10.9510733,106.858145,77,Moderate,1,27.1,82,0.0,4.6,108,1009.0,2,31.8,35.9,236.0,40.4,32.0,16.5
2026-04-14 08:00:00,2026,4,14,8,Đồng Nai,Phường Tam Hiệp,10.9510733,106.858145,78,Moderate,1,29.2,70,0.0,7.0,148,1010.0,12,23.7,28.3,227.0,33.4,48.0,14.2
2026-04-14 09:00:00,2026,4,14,9,Đồng Nai,Phường Tam Hiệp,10.9510733,106.858145,78,Moderate,1,31.0,61,0.0,6.0,153,1010.3,20,23.4,28.0,218.0,23.3,71.0,10.3
