timestamp,year,month,day,hour,province,location,lat,lon,aqi,pollution_level,pollution_class,temp,humidity,rain,wind_speed,wind_dir,pressure,cloud,pm2_5,pm10,co,no2,o3,so2
2025-10-14 16:00:00,2025,10,14,16,Lào Cai,Xã Khao Mang,21.9078898,103.9748758,37,Good,0,21.1,80,0.1,4.1,41,865.7,100,5.2,5.3,179.0,1.9,69.0,3.5
2025-10-14 17:00:00,2025,10,14,17,Lào Cai,Xã Khao Mang,21.9078898,103.9748758,35,Good,0,20.6,84,0.1,4.4,19,865.9,100,5.8,5.9,181.0,3.4,63.0,3.5
2025-10-14 18:00:00,2025,10,14,18,Lào Cai,Xã Khao Mang,21.9078898,103.9748758,33,Good,0,19.3,92,0.1,2.8,79,865.7,100,6.9,7.0,185.0,5.5,54.0,3.7
2025-10-14 19:00:00,2025,10,14,19,Lào Cai,Xã Khao Mang,21.9078898,103.9748758,32,Good,0,18.2,97,0.2,5.6,94,865.8,98,15.3,15.5,187.0,8.3,42.0,3.7
2025-10-14 20:00:00,2025,10,14,20,Lào Cai,Xã Khao Mang,21.9078898,103.9748758,32,Good,0,18.4,96,0.0,6.7,88,866.6,91,13.7,13.9,188.0,7.3,46.0,3.6
2025-10-14 21:00:00,2025,10,14,21,Lào Cai,Xã Khao Mang,21.9078898,103.9748758,32,Good,0,18.0,96,0.0,5.4,98,867.0,84,13.0,13.2,189.0,5.9,50.0,3.5
2025-10-14 22:00:00,2025,10,14,22,Lào Cai,Xã Khao Mang,21.9078898,103.9748758,32,Good,0,18.1,93,0.0,5.8,95,867.1,95,10.9,11.1,188.0,4.9,53.0,3.3
2025-10-14 23:00:00,2025,10,14,23,Lào Cai,Xã Khao Mang,21.9078898,103.9748758,31,Good,0,17.5,96,0.0,4.6,99,866.7,100,7.0,7.1,185.0,4.7,52.0,3.0
2025-10-15 00:00:00,2025,10,15,0,Lào Cai,Xã Khao Mang,21.9078898,103.9748758,30,Good,0,17.0,96,0.0,4.3,105,866.2,100,6.1,6.1,180.0,4.9,49.0,2.6
2025-10-15 01:00:00,2025,10,15,1,Lào Cai,Xã Khao Mang,21.9078898,103.9748758,29,Good,0,18.0,95,0.0,2.7,98,866.2,100,5.1,5.1,175.0,5.0,46.0,2.4
2025-10-15 02:00:00,2025,10,15,2,Lào Cai,Xã Khao Mang,21.9078898,103.9748758,28,Good,0,17.5,97,0.0,3.0,104,865.9,100,3.9,4.0,168.0,4.8,45.0,2.3
2025-10-15 03:00:00,2025,10,15,3,Lào Cai,Xã Khao Mang,21.9078898,103.9748758,27,Good,0,17.2,98,0.1,3.2,117,865.8,100,2.8,2.9,161.0,4.6,44.0,2.3
2025-10-15 04:00:00,2025,10,15,4,Lào Cai,Xã Khao Mang,21.9078898,103.9748758,26,Good,0,17.2,98,0.1,2.7,86,865.9,100,1.9,1.9,164.0,4.6,44.0,2.6
2025-10-15 05:00:00,2025,10,15,5,Lào Cai,Xã Khao Mang,21.9078898,103.9748758,26,Good,0,17.1,97,0.0,2.2,85,865.7,99,1.8,1.8,190.0,4.9,43.0,3.3
2025-10-15 06:00:00,2025,10,15,6,Lào Cai,Xã Khao Mang,21.9078898,103.9748758,25,Good,0,16.8,95,0.0,3.1,97,865.7,100,1.4,1.5,226.0,5.4,42.0,4.2
2025-10-15 07:00:00,2025,10,15,7,Lào Cai,Xã Khao Mang,21.9078898,103.9748758,25,Good,0,18.3,95,0.0,2.8,63,867.6,95,2.0,2.1,241.0,6.5,34.0,4.2
2025-10-15 08:00:00,2025,10,15,8,Lào Cai,Xã Khao Mang,21.9078898,103.9748758,25,Good,0,19.0,91,0.0,4.1,41,868.4,95,1.7,1.7,215.0,5.9,38.0,5.2
2025-10-15 09:00:00,2025,10,15,9,Lào Cai,Xã Khao Mang,21.9078898,103.9748758,25,Good,0,20.3,84,0.2,3.2,27,869.3,89,1.7,1.7,168.0,5.0,44.0,6.5
2025-10-15 10:00:00,2025,10,15,10,Lào Cai,Xã Khao Mang,21.9078898,103.9748758,24,Good,0,22.1,79,0.0,4.3,5,869.6,84,1.7,1.7,133.0,4.3,50.0,7.2
2025-10-15 11:00:00,2025,10,15,11,Lào Cai,Xã Khao Mang,21.9078898,103.9748758,24,Good,0,23.9,69,0.1,6.5,341,869.4,100,2.1,2.1,125.0,3.8,55.0,6.7
2025-10-15 12:00:00,2025,10,15,12,Lào Cai,Xã Khao Mang,21.9078898,103.9748758,23,Good,0,21.3,81,10.9,4.5,355,868.1,98,3.1,3.1,129.0,3.4,60.0,5.7
2025-10-15 13:00:00,2025,10,15,13,Lào Cai,Xã Khao Mang,21.9078898,103.9748758,23,Good,0,20.3,91,1.4,3.3,68,867.2,100,3.8,3.8,135.0,3.1,65.0,4.8
2025-10-15 14:00:00,2025,10,15,14,Lào Cai,Xã Khao Mang,21.9078898,103.9748758,22,Good,0,21.8,81,0.1,2.8,27,866.7,99,4.9,5.0,138.0,2.7,70.0,4.4
2025-10-15 15:00:00,2025,10,15,15,Lào Cai,Xã Khao Mang,21.9078898,103.9748758,24,Good,0,22.2,77,0.1,4.2,353,866.3,97,5.6,5.6,144.0,2.5,74.0,4.2
2025-10-15 16:00:00,2025,10,15,16,Lào Cai,Xã Khao Mang,21.9078898,103.9748758,26,Good,0,19.4,97,5.7,2.5,98,865.9,100,5.9,5.9,157.0,2.8,75.0,4.0
2025-10-15 17:00:00,2025,10,15,17,Lào Cai,Xã Khao Mang,21.9078898,103.9748758,29,Good,0,19.6,94,0.1,4.1,61,865.7,100,6.6,6.6,188.0,4.3,69.0,3.9
2025-10-15 18:00:00,2025,10,15,18,Lào Cai,Xã Khao Mang,21.9078898,103.9748758,30,Good,0,18.6,97,0.0,2.5,82,866.0,100,7.9,7.9,226.0,6.4,59.0,3.8
2025-10-15 19:00:00,2025,10,15,19,Lào Cai,Xã Khao Mang,21.9078898,103.9748758,31,Good,0,18.6,96,0.0,3.6,93,866.0,81,13.3,13.5,249.0,7.6,46.0,3.6
2025-10-15 20:00:00,2025,10,15,20,Lào Cai,Xã Khao Mang,21.9078898,103.9748758,30,Good,0,18.6,98,0.3,4.4,55,867.4,94,13.0,13.2,241.0,6.9,50.0,3.6
2025-10-15 21:00:00,2025,10,15,21,Lào Cai,Xã Khao Mang,21.9078898,103.9748758,29,Good,0,18.5,98,0.1,3.1,66,868.1,91,13.2,13.4,218.0,5.8,56.0,3.6
2025-10-15 22:00:00,2025,10,15,22,Lào Cai,Xã Khao Mang,21.9078898,103.9748758,29,Good,0,18.3,98,0.1,2.1,70,868.2,97,11.7,11.8,199.0,5.1,59.0,3.6
2025-10-15 23:00:00,2025,10,15,23,Lào Cai,Xã Khao Mang,21.9078898,103.9748758,28,Good,0,18.0,97,0.1,2.7,62,868.2,96,8.7,8.8,194.0,4.9,58.0,3.5
2025-10-16 00:00:00,2025,10,16,0,Lào Cai,Xã Khao Mang,21.9078898,103.9748758,27,Good,0,17.3,97,0.1,3.2,109,868.1,98,8.9,9.0,194.0,5.0,55.0,3.3
2025-10-16 01:00:00,2025,10,16,1,Lào Cai,Xã Khao Mang,21.9078898,103.9748758,26,Good,0,17.7,96,0.1,2.6,106,867.6,96,6.5,6.6,190.0,5.1,51.0,3.2
2025-10-16 02:00:00,2025,10,16,2,Lào Cai,Xã Khao Mang,21.9078898,103.9748758,25,Good,0,17.6,94,0.0,2.1,110,867.4,99,4.4,4.5,176.0,5.2,47.0,3.0
2025-10-16 03:00:00,2025,10,16,3,Lào Cai,Xã Khao Mang,21.9078898,103.9748758,24,Good,0,17.2,95,0.1,3.4,106,866.9,100,3.6,3.6,160.0,5.4,42.0,2.8
2025-10-16 04:00:00,2025,10,16,4,Lào Cai,Xã Khao Mang,21.9078898,103.9748758,24,Good,0,17.3,93,0.1,1.9,119,867.1,99,3.3,3.4,153.0,5.6,38.0,2.8
2025-10-16 05:00:00,2025,10,16,5,Lào Cai,Xã Khao Mang,21.9078898,103.9748758,24,Good,0,16.9,91,0.0,1.8,101,867.5,98,3.5,3.5,169.0,6.0,36.0,3.1
2025-10-16 06:00:00,2025,10,16,6,Lào Cai,Xã Khao Mang,21.9078898,103.9748758,24,Good,0,17.0,89,0.0,0.6,108,868.1,100,3.9,3.9,196.0,6.4,35.0,3.5
2025-10-16 07:00:00,2025,10,16,7,Lào Cai,Xã Khao Mang,21.9078898,103.9748758,24,Good,0,17.8,94,0.0,1.8,101,869.0,97,1.5,1.5,208.0,6.6,37.0,5.1
2025-10-16 08:00:00,2025,10,16,8,Lào Cai,Xã Khao Mang,21.9078898,103.9748758,24,Good,0,18.9,93,0.0,3.0,38,869.7,99,1.8,1.9,188.0,5.4,43.0,4.9
2025-10-16 09:00:00,2025,10,16,9,Lào Cai,Xã Khao Mang,21.9078898,103.9748758,24,Good,0,21.0,84,0.0,3.2,360,870.7,100,2.6,2.7,154.0,3.8,51.0,4.6
2025-10-16 10:00:00,2025,10,16,10,Lào Cai,Xã Khao Mang,21.9078898,103.9748758,25,Good,0,23.2,68,0.1,3.6,311,871.2,93,3.9,3.9,129.0,2.5,58.0,4.2
2025-10-16 11:00:00,2025,10,16,11,Lào Cai,Xã Khao Mang,21.9078898,103.9748758,25,Good,0,23.0,73,0.2,6.2,319,870.9,98,5.0,5.0,124.0,2.0,61.0,3.6
2025-10-16 12:00:00,2025,10,16,12,Lào Cai,Xã Khao Mang,21.9078898,103.9748758,25,Good,0,22.8,76,0.8,3.7,305,869.6,96,5.2,5.2,129.0,1.8,61.0,2.8
2025-10-16 13:00:00,2025,10,16,13,Lào Cai,Xã Khao Mang,21.9078898,103.9748758,26,Good,0,21.4,90,0.7,2.2,336,869.2,99,5.5,5.5,134.0,1.8,63.0,2.3
2025-10-16 14:00:00,2025,10,16,14,Lào Cai,Xã Khao Mang,21.9078898,103.9748758,26,Good,0,20.9,82,4.0,4.5,29,868.3,99,6.4,6.5,134.0,1.6,69.0,2.2
2025-10-16 15:00:00,2025,10,16,15,Lào Cai,Xã Khao Mang,21.9078898,103.9748758,26,Good,0,21.2,85,0.6,5.1,23,867.9,98,6.6,6.6,134.0,1.5,75.0,2.4
2025-10-16 16:00:00,2025,10,16,16,Lào Cai,Xã Khao Mang,21.9078898,103.9748758,28,Good,0,21.1,85,0.6,4.7,23,867.6,100,6.5,6.5,146.0,2.3,77.0,2.6
2025-10-16 17:00:00,2025,10,16,17,Lào Cai,Xã Khao Mang,21.9078898,103.9748758,30,Good,0,20.0,88,0.1,4.4,9,867.7,100,7.2,7.3,182.0,4.7,69.0,2.9
2025-10-16 18:00:00,2025,10,16,18,Lào Cai,Xã Khao Mang,21.9078898,103.9748758,31,Good,0,18.6,96,0.0,3.8,79,867.5,71,9.2,9.2,230.0,7.9,56.0,3.2
2025-10-16 19:00:00,2025,10,16,19,Lào Cai,Xã Khao Mang,21.9078898,103.9748758,31,Good,0,18.7,97,0.0,4.9,86,868.2,93,10.8,10.9,265.0,10.4,46.0,3.7
2025-10-16 20:00:00,2025,10,16,20,Lào Cai,Xã Khao Mang,21.9078898,103.9748758,30,Good,0,18.6,94,0.0,5.4,90,869.2,95,11.8,11.9,278.0,9.9,47.0,3.6
2025-10-16 21:00:00,2025,10,16,21,Lào Cai,Xã Khao Mang,21.9078898,103.9748758,29,Good,0,18.0,96,0.0,5.7,101,869.5,71,12.5,12.5,279.0,9.3,48.0,3.5
2025-10-16 22:00:00,2025,10,16,22,Lào Cai,Xã Khao Mang,21.9078898,103.9748758,28,Good,0,17.6,95,0.0,5.5,109,869.7,70,12.3,12.3,272.0,8.8,48.0,3.3
2025-10-16 23:00:00,2025,10,16,23,Lào Cai,Xã Khao Mang,21.9078898,103.9748758,27,Good,0,16.9,95,0.0,5.6,105,869.5,10,10.7,10.8,257.0,8.5,46.0,3.0
2025-10-17 00:00:00,2025,10,17,0,Lào Cai,Xã Khao Mang,21.9078898,103.9748758,27,Good,0,16.2,95,0.0,5.2,110,869.0,4,10.5,10.5,234.0,8.3,44.0,2.6
2025-10-17 01:00:00,2025,10,17,1,Lào Cai,Xã Khao Mang,21.9078898,103.9748758,27,Good,0,16.8,97,0.0,5.6,105,868.8,38,10.7,10.7,214.0,8.3,41.0,2.3
2025-10-17 02:00:00,2025,10,17,2,Lào Cai,Xã Khao Mang,21.9078898,103.9748758,28,Good,0,16.3,96,0.0,6.7,106,868.2,73,10.6,10.6,196.0,8.6,37.0,2.0
2025-10-17 03:00:00,2025,10,17,3,Lào Cai,Xã Khao Mang,21.9078898,103.9748758,29,Good,0,15.6,97,0.0,6.3,114,867.3,74,10.8,10.8,180.0,9.0,32.0,1.7
2025-10-17 04:00:00,2025,10,17,4,Lào Cai,Xã Khao Mang,21.9078898,103.9748758,30,Good,0,15.2,96,0.0,4.8,110,867.1,29,11.7,11.7,177.0,9.1,30.0,1.6
2025-10-17 05:00:00,2025,10,17,5,Lào Cai,Xã Khao Mang,21.9078898,103.9748758,31,Good,0,14.7,98,0.0,4.2,108,866.9,16,12.5,12.5,199.0,8.9,29.0,1.7
2025-10-17 06:00:00,2025,10,17,6,Lào Cai,Xã Khao Mang,21.9078898,103.9748758,33,Good,0,14.4,98,0.0,4.2,108,867.3,8,13.2,13.2,233.0,8.4,31.0,1.9
2025-10-17 07:00:00,2025,10,17,7,Lào Cai,Xã Khao Mang,21.9078898,103.9748758,35,Good,0,16.7,96,0.0,6.6,112,869.1,97,3.9,3.9,249.0,7.1,39.0,2.7
2025-10-17 08:00:00,2025,10,17,8,Lào Cai,Xã Khao Mang,21.9078898,103.9748758,35,Good,0,18.6,92,0.0,3.8,85,870.4,38,4.1,4.1,229.0,5.5,55.0,2.9
2025-10-17 09:00:00,2025,10,17,9,Lào Cai,Xã Khao Mang,21.9078898,103.9748758,35,Good,0,21.2,78,0.0,3.1,357,872.0,2,5.5,5.5,192.0,3.2,78.0,3.3
2025-10-17 10:00:00,2025,10,17,10,Lào Cai,Xã Khao Mang,21.9078898,103.9748758,36,Good,0,22.6,67,0.0,4.9,6,872.2,38,7.2,7.3,164.0,1.5,95.0,3.4
2025-10-17 11:00:00,2025,10,17,11,Lào Cai,Xã Khao Mang,21.9078898,103.9748758,37,Good,0,23.9,59,0.0,4.7,356,871.9,34,6.8,6.8,155.0,0.9,102.0,3.2
2025-10-17 12:00:00,2025,10,17,12,Lào Cai,Xã Khao Mang,21.9078898,103.9748758,37,Good,0,24.6,58,0.2,5.7,323,871.2,30,6.5,6.5,155.0,0.8,105.0,2.7
2025-10-17 13:00:00,2025,10,17,13,Lào Cai,Xã Khao Mang,21.9078898,103.9748758,37,Good,0,23.5,59,0.2,6.0,249,870.6,61,6.5,6.6,157.0,0.8,106.0,2.4
2025-10-17 14:00:00,2025,10,17,14,Lào Cai,Xã Khao Mang,21.9078898,103.9748758,37,Good,0,22.8,67,0.3,3.3,279,869.6,60,6.8,6.9,156.0,0.5,108.0,2.3
2025-10-17 15:00:00,2025,10,17,15,Lào Cai,Xã Khao Mang,21.9078898,103.9748758,40,Good,0,23.0,66,0.1,3.8,349,868.9,16,7.2,7.2,156.0,0.4,109.0,2.3
2025-10-17 16:00:00,2025,10,17,16,Lào Cai,Xã Khao Mang,21.9078898,103.9748758,44,Good,0,22.8,65,0.0,5.8,9,868.4,14,7.5,7.5,163.0,1.3,106.0,2.5
2025-10-17 17:00:00,2025,10,17,17,Lào Cai,Xã Khao Mang,21.9078898,103.9748758,47,Good,0,21.4,77,0.0,3.9,24,867.9,17,8.8,8.9,180.0,4.2,95.0,3.1
2025-10-17 18:00:00,2025,10,17,18,Lào Cai,Xã Khao Mang,21.9078898,103.9748758,48,Good,0,19.6,82,0.0,3.7,67,867.4,17,10.3,10.4,204.0,8.1,80.0,4.0
2025-10-17 19:00:00,2025,10,17,19,Lào Cai,Xã Khao Mang,21.9078898,103.9748758,47,Good,0,18.7,92,0.0,4.6,103,868.1,13,18.1,18.3,226.0,12.5,67.0,5.1
2025-10-17 20:00:00,2025,10,17,20,Lào Cai,Xã Khao Mang,21.9078898,103.9748758,45,Good,0,17.7,94,0.0,6.2,107,868.4,5,20.0,20.1,249.0,12.9,64.0,5.3
2025-10-17 21:00:00,2025,10,17,21,Lào Cai,Xã Khao Mang,21.9078898,103.9748758,43,Good,0,17.0,94,0.0,5.5,109,868.4,3,21.5,21.7,271.0,13.4,61.0,5.5
2025-10-17 22:00:00,2025,10,17,22,Lào Cai,Xã Khao Mang,21.9078898,103.9748758,42,Good,0,16.3,94,0.0,5.2,110,868.3,3,23.7,23.9,280.0,13.7,58.0,5.3
2025-10-17 23:00:00,2025,10,17,23,Lào Cai,Xã Khao Mang,21.9078898,103.9748758,44,Good,0,15.6,95,0.0,5.4,110,868.2,4,27.6,27.8,268.0,13.8,56.0,4.3
2025-10-18 00:00:00,2025,10,18,0,Lào Cai,Xã Khao Mang,21.9078898,103.9748758,47,Good,0,15.0,95,0.0,4.9,114,867.7,8,28.8,29.0,244.0,13.8,55.0,2.9
2025-10-18 01:00:00,2025,10,18,1,Lào Cai,Xã Khao Mang,21.9078898,103.9748758,50,Good,0,14.8,97,0.0,5.3,114,867.4,7,30.0,30.3,223.0,13.4,55.0,1.8
2025-10-18 02:00:00,2025,10,18,2,Lào Cai,Xã Khao Mang,21.9078898,103.9748758,52,Moderate,1,14.6,97,0.0,6.2,116,867.0,34,30.7,31.0,205.0,12.6,56.0,1.2
2025-10-18 03:00:00,2025,10,18,3,Lào Cai,Xã Khao Mang,21.9078898,103.9748758,54,Moderate,1,14.2,97,0.0,6.8,117,866.6,66,30.5,30.7,190.0,11.5,58.0,0.8
2025-10-18 04:00:00,2025,10,18,4,Lào Cai,Xã Khao Mang,21.9078898,103.9748758,55,Moderate,1,13.8,97,0.0,6.3,117,866.3,74,29.7,29.9,190.0,10.4,58.0,0.6
2025-10-18 05:00:00,2025,10,18,5,Lào Cai,Xã Khao Mang,21.9078898,103.9748758,57,Moderate,1,13.4,97,0.0,5.6,117,866.3,80,28.4,28.6,222.0,9.7,52.0,0.5
2025-10-18 06:00:00,2025,10,18,6,Lào Cai,Xã Khao Mang,21.9078898,103.9748758,58,Moderate,1,13.0,98,0.0,6.0,115,866.2,86,27.4,27.5,269.0,9.1,45.0,0.6
2025-10-18 07:00:00,2025,10,18,7,Lào Cai,Xã Khao Mang,21.9078898,103.9748758,60,Moderate,1,16.4,90,0.0,6.6,112,868.2,61,26.5,26.7,290.0,7.6,57.0,1.1
2025-10-18 08:00:00,2025,10,18,8,Lào Cai,Xã Khao Mang,21.9078898,103.9748758,62,Moderate,1,19.0,84,0.0,4.7,92,870.0,5,22.9,23.2,257.0,5.7,73.0,2.6
2025-10-18 09:00:00,2025,10,18,9,Lào Cai,Xã Khao Mang,21.9078898,103.9748758,63,Moderate,1,21.4,74,0.0,3.6,41,871.2,2,15.6,15.9,198.0,3.1,95.0,4.7
2025-10-18 10:00:00,2025,10,18,10,Lào Cai,Xã Khao Mang,21.9078898,103.9748758,64,Moderate,1,23.4,63,0.0,3.7,11,871.7,11,13.2,13.4,154.0,1.2,111.0,6.0
2025-10-18 11:00:00,2025,10,18,11,Lào Cai,Xã Khao Mang,21.9078898,103.9748758,65,Moderate,1,24.2,62,0.1,5.1,356,871.1,32,11.8,12.0,145.0,0.6,113.0,5.9
2025-10-18 12:00:00,2025,10,18,12,Lào Cai,Xã Khao Mang,21.9078898,103.9748758,65,Moderate,1,23.9,63,0.4,5.3,342,870.3,30,10.7,10.8,152.0,0.6,109.0,5.1
2025-10-18 13:00:00,2025,10,18,13,Lào Cai,Xã Khao Mang,21.9078898,103.9748758,66,Moderate,1,24.2,63,0.5,3.5,285,869.8,31,10.3,10.4,159.0,0.7,105.0,4.6
2025-10-18 14:00:00,2025,10,18,14,Lào Cai,Xã Khao Mang,21.9078898,103.9748758,66,Moderate,1,23.0,69,0.4,3.3,311,868.9,84,10.3,10.4,160.0,0.4,106.0,4.7
2025-10-18 15:00:00,2025,10,18,15,Lào Cai,Xã Khao Mang,21.9078898,103.9748758,66,Moderate,1,23.2,66,0.2,4.5,358,868.2,25,10.3,10.4,163.0,0.3,107.0,5.1
2025-10-18 16:00:00,2025,10,18,16,Lào Cai,Xã Khao Mang,21.9078898,103.9748758,67,Moderate,1,22.9,66,0.0,5.7,13,867.7,19,11.3,11.4,170.0,1.2,105.0,5.5
2025-10-18 17:00:00,2025,10,18,17,Lào Cai,Xã Khao Mang,21.9078898,103.9748758,67,Moderate,1,21.5,78,0.0,3.4,25,867.3,13,12.3,12.4,188.0,4.3,94.0,6.0
2025-10-18 18:00:00,2025,10,18,18,Lào Cai,Xã Khao Mang,21.9078898,103.9748758,67,Moderate,1,19.4,82,0.0,4.0,69,867.0,14,14.6,14.7,212.0,8.5,80.0,6.6
2025-10-18 19:00:00,2025,10,18,19,Lào Cai,Xã Khao Mang,21.9078898,103.9748758,68,Moderate,1,19.2,87,0.0,4.0,100,867.3,12,15.4,15.5,229.0,11.2,72.0,7.9
2025-10-18 20:00:00,2025,10,18,20,Lào Cai,Xã Khao Mang,21.9078898,103.9748758,67,Moderate,1,18.9,82,0.0,5.2,96,868.3,7,16.5,16.6,234.0,11.6,71.0,8.6
2025-10-18 21:00:00,2025,10,18,21,Lào Cai,Xã Khao Mang,21.9078898,103.9748758,67,Moderate,1,17.7,85,0.0,5.9,101,868.3,3,19.0,19.1,232.0,12.2,69.0,9.4
2025-10-18 22:00:00,2025,10,18,22,Lào Cai,Xã Khao Mang,21.9078898,103.9748758,67,Moderate,1,17.3,84,0.0,6.2,105,868.5,1,21.1,21.1,228.0,12.4,69.0,9.6
2025-10-18 23:00:00,2025,10,18,23,Lào Cai,Xã Khao Mang,21.9078898,103.9748758,67,Moderate,1,16.1,90,0.0,6.6,107,868.0,1,22.2,22.2,224.0,12.0,71.0,8.6
2025-10-19 00:00:00,2025,10,19,0,Lào Cai,Xã Khao Mang,21.9078898,103.9748758,66,Moderate,1,15.5,90,0.0,6.7,109,867.5,1,25.2,25.3,218.0,11.3,73.0,7.0
2025-10-19 01:00:00,2025,10,19,1,Lào Cai,Xã Khao Mang,21.9078898,103.9748758,66,Moderate,1,14.9,97,0.0,5.6,112,866.6,2,26.9,26.9,208.0,10.5,76.0,5.6
2025-10-19 02:00:00,2025,10,19,2,Lào Cai,Xã Khao Mang,21.9078898,103.9748758,65,Moderate,1,14.5,95,0.0,6.7,114,865.9,1,28.9,28.9,187.0,9.5,79.0,4.7
2025-10-19 03:00:00,2025,10,19,3,Lào Cai,Xã Khao Mang,21.9078898,103.9748758,65,Moderate,1,14.1,94,0.0,5.8,112,865.2,0,30.7,30.7,161.0,8.5,83.0,4.0
2025-10-19 04:00:00,2025,10,19,4,Lào Cai,Xã Khao Mang,21.9078898,103.9748758,65,Moderate,1,13.8,93,0.0,5.7,114,865.1,1,31.9,32.0,151.0,7.6,84.0,3.6
2025-10-19 05:00:00,2025,10,19,5,Lào Cai,Xã Khao Mang,21.9078898,103.9748758,66,Moderate,1,13.6,94,0.0,5.5,113,865.5,2,32.8,32.9,172.0,7.3,80.0,3.3
2025-10-19 06:00:00,2025,10,19,6,Lào Cai,Xã Khao Mang,21.9078898,103.9748758,66,Moderate,1,14.2,91,0.0,5.5,113,866.1,7,32.8,32.8,207.0,7.2,73.0,3.2
2025-10-19 07:00:00,2025,10,19,7,Lào Cai,Xã Khao Mang,21.9078898,103.9748758,66,Moderate,1,17.4,87,0.0,5.0,105,868.3,10,28.5,28.5,228.0,9.9,74.0,3.7
2025-10-19 08:00:00,2025,10,19,8,Lào Cai,Xã Khao Mang,21.9078898,103.9748758,67,Moderate,1,19.4,82,0.0,4.0,58,869.8,4,19.4,19.5,217.0,7.4,83.0,6.0
2025-10-19 09:00:00,2025,10,19,9,Lào Cai,Xã Khao Mang,21.9078898,103.9748758,66,Moderate,1,21.5,74,0.0,4.6,36,871.0,19,14.1,14.3,190.0,3.9,96.0,9.2
2025-10-19 10:00:00,2025,10,19,10,Lào Cai,Xã Khao Mang,21.9078898,103.9748758,66,Moderate,1,23.2,63,0.1,5.0,26,871.3,25,14.0,14.1,170.0,1.4,105.0,11.0
2025-10-19 11:00:00,2025,10,19,11,Lào Cai,Xã Khao Mang,21.9078898,103.9748758,66,Moderate,1,23.7,59,0.1,6.7,20,870.9,38,14.1,14.3,166.0,0.6,106.0,10.1
2025-10-19 12:00:00,2025,10,19,12,Lào Cai,Xã Khao Mang,21.9078898,103.9748758,66,Moderate,1,23.7,59,0.1,6.8,32,869.9,28,14.6,14.8,168.0,0.8,103.0,7.9
2025-10-19 13:00:00,2025,10,19,13,Lào Cai,Xã Khao Mang,21.9078898,103.9748758,67,Moderate,1,23.8,64,0.5,5.9,12,869.2,99,12.4,12.5,170.0,1.0,100.0,6.0
2025-10-19 14:00:00,2025,10,19,14,Lào Cai,Xã Khao Mang,21.9078898,103.9748758,67,Moderate,1,21.1,84,1.9,7.0,50,868.0,82,12.3,12.5,166.0,0.9,99.0,5.1
2025-10-19 15:00:00,2025,10,19,15,Lào Cai,Xã Khao Mang,21.9078898,103.9748758,67,Moderate,1,23.1,71,0.1,6.2,54,868.0,30,11.9,12.0,161.0,0.9,98.0,4.6
2025-10-19 16:00:00,2025,10,19,16,Lào Cai,Xã Khao Mang,21.9078898,103.9748758,67,Moderate,1,22.3,70,0.0,7.9,55,867.3,29,11.7,11.8,162.0,1.5,94.0,4.3
2025-10-19 17:00:00,2025,10,19,17,Lào Cai,Xã Khao Mang,21.9078898,103.9748758,67,Moderate,1,21.3,74,0.0,5.3,52,867.5,34,12.1,12.2,173.0,3.3,83.0,4.2
2025-10-19 18:00:00,2025,10,19,18,Lào Cai,Xã Khao Mang,21.9078898,103.9748758,67,Moderate,1,18.9,84,0.0,5.1,72,866.9,91,13.2,13.2,189.0,5.6,69.0,4.3
2025-10-19 19:00:00,2025,10,19,19,Lào Cai,Xã Khao Mang,21.9078898,103.9748758,67,Moderate,1,17.8,95,0.0,5.5,99,867.2,33,14.0,14.1,204.0,7.5,59.0,4.7
2025-10-19 20:00:00,2025,10,19,20,Lào Cai,Xã Khao Mang,21.9078898,103.9748758,67,Moderate,1,17.5,94,0.0,6.0,93,867.9,13,14.4,14.6,215.0,7.3,57.0,4.3
2025-10-19 21:00:00,2025,10,19,21,Lào Cai,Xã Khao Mang,21.9078898,103.9748758,67,Moderate,1,17.1,93,0.0,6.4,100,868.4,19,14.3,14.5,224.0,7.0,55.0,3.8
2025-10-19 22:00:00,2025,10,19,22,Lào Cai,Xã Khao Mang,21.9078898,103.9748758,66,Moderate,1,17.3,90,0.0,7.2,91,868.4,55,10.7,10.8,232.0,6.7,54.0,3.3
2025-10-19 23:00:00,2025,10,19,23,Lào Cai,Xã Khao Mang,21.9078898,103.9748758,66,Moderate,1,17.1,92,0.0,6.9,95,868.6,48,10.6,10.7,236.0,6.3,55.0,2.7
2025-10-20 00:00:00,2025,10,20,0,Lào Cai,Xã Khao Mang,21.9078898,103.9748758,64,Moderate,1,17.3,90,0.1,6.9,95,868.6,59,11.8,12.0,238.0,5.8,57.0,2.1
2025-10-20 01:00:00,2025,10,20,1,Lào Cai,Xã Khao Mang,21.9078898,103.9748758,63,Moderate,1,17.0,95,0.0,7.0,94,867.5,41,11.0,11.1,243.0,5.3,59.0,1.6
2025-10-20 02:00:00,2025,10,20,2,Lào Cai,Xã Khao Mang,21.9078898,103.9748758,62,Moderate,1,16.6,95,0.0,6.0,99,867.1,50,10.2,10.3,253.0,4.7,59.0,1.2
2025-10-20 03:00:00,2025,10,20,3,Lào Cai,Xã Khao Mang,21.9078898,103.9748758,60,Moderate,1,16.5,94,0.0,6.7,99,866.9,52,10.2,10.3,267.0,4.1,59.0,1.0
2025-10-20 04:00:00,2025,10,20,4,Lào Cai,Xã Khao Mang,21.9078898,103.9748758,58,Moderate,1,16.5,93,0.0,7.2,90,866.7,77,8.7,8.7,283.0,3.7,60.0,0.8
2025-10-20 05:00:00,2025,10,20,5,Lào Cai,Xã Khao Mang,21.9078898,103.9748758,56,Moderate,1,16.9,92,0.0,7.2,86,867.3,78,7.4,7.5,306.0,3.6,62.0,0.8
2025-10-20 06:00:00,2025,10,20,6,Lào Cai,Xã Khao Mang,21.9078898,103.9748758,54,Moderate,1,16.8,93,0.0,6.2,82,867.9,86,7.2,7.2,332.0,3.7,64.0,0.8
2025-10-20 07:00:00,2025,10,20,7,Lào Cai,Xã Khao Mang,21.9078898,103.9748758,52,Moderate,1,18.3,91,0.0,4.9,84,869.2,80,4.6,4.6,346.0,4.6,61.0,1.3
2025-10-20 08:00:00,2025,10,20,8,Lào Cai,Xã Khao Mang,21.9078898,103.9748758,49,Good,0,19.1,85,0.0,6.1,60,870.0,37,5.0,5.0,337.0,3.6,67.0,1.2
2025-10-20 09:00:00,2025,10,20,9,Lào Cai,Xã Khao Mang,21.9078898,103.9748758,47,Good,0,20.8,74,0.0,9.1,56,870.7,32,7.6,7.6,315.0,2.3,76.0,1.0
2025-10-20 10:00:00,2025,10,20,10,Lào Cai,Xã Khao Mang,21.9078898,103.9748758,46,Good,0,21.9,67,0.0,11.1,46,870.9,50,8.1,8.1,299.0,1.3,83.0,0.9
2025-10-20 11:00:00,2025,10,20,11,Lào Cai,Xã Khao Mang,21.9078898,103.9748758,45,Good,0,22.6,65,0.0,11.2,53,870.4,22,7.7,7.7,298.0,0.9,87.0,0.8
2025-10-20 12:00:00,2025,10,20,12,Lào Cai,Xã Khao Mang,21.9078898,103.9748758,44,Good,0,22.8,63,0.0,11.2,55,869.6,20,8.1,8.2,302.0,0.7,90.0,0.7
2025-10-20 13:00:00,2025,10,20,13,Lào Cai,Xã Khao Mang,21.9078898,103.9748758,43,Good,0,23.1,60,0.1,8.7,63,869.4,22,8.9,9.0,302.0,0.7,93.0,0.7
2025-10-20 14:00:00,2025,10,20,14,Lào Cai,Xã Khao Mang,21.9078898,103.9748758,42,Good,0,22.6,62,0.1,8.8,59,868.2,63,10.6,10.7,290.0,0.6,96.0,0.8
2025-10-20 15:00:00,2025,10,20,15,Lào Cai,Xã Khao Mang,21.9078898,103.9748758,42,Good,0,22.3,63,0.0,7.4,47,867.7,59,11.7,11.8,274.0,0.7,99.0,1.0
2025-10-20 16:00:00,2025,10,20,16,Lào Cai,Xã Khao Mang,21.9078898,103.9748758,42,Good,0,21.7,66,0.0,7.5,40,867.6,40,12.7,12.7,265.0,1.3,98.0,1.3
2025-10-20 17:00:00,2025,10,20,17,Lào Cai,Xã Khao Mang,21.9078898,103.9748758,42,Good,0,20.2,74,0.0,8.0,40,867.1,12,13.6,13.6,271.0,2.8,90.0,1.6
2025-10-20 18:00:00,2025,10,20,18,Lào Cai,Xã Khao Mang,21.9078898,103.9748758,43,Good,0,18.2,83,0.0,7.8,67,866.7,13,15.1,15.1,286.0,4.8,77.0,2.0
2025-10-20 19:00:00,2025,10,20,19,Lào Cai,Xã Khao Mang,21.9078898,103.9748758,42,Good,0,18.2,86,0.0,7.6,76,868.0,36,21.9,22.0,296.0,7.0,62.0,2.4
2025-10-20 20:00:00,2025,10,20,20,Lào Cai,Xã Khao Mang,21.9078898,103.9748758,44,Good,0,17.8,83,0.0,8.5,84,868.6,8,22.0,22.1,298.0,7.2,59.0,2.5
2025-10-20 21:00:00,2025,10,20,21,Lào Cai,Xã Khao Mang,21.9078898,103.9748758,45,Good,0,16.7,84,0.0,8.3,95,868.4,21,21.9,22.0,297.0,7.4,55.0,2.5
2025-10-20 22:00:00,2025,10,20,22,Lào Cai,Xã Khao Mang,21.9078898,103.9748758,46,Good,0,16.7,84,0.0,7.8,94,869.1,39,22.2,22.2,295.0,7.4,52.0,2.5
2025-10-20 23:00:00,2025,10,20,23,Lào Cai,Xã Khao Mang,21.9078898,103.9748758,48,Good,0,16.9,85,0.0,7.2,86,869.4,60,22.6,22.6,291.0,7.2,50.0,2.2
2025-10-21 00:00:00,2025,10,21,0,Lào Cai,Xã Khao Mang,21.9078898,103.9748758,50,Good,0,16.9,87,0.0,7.0,86,869.2,78,22.5,22.5,286.0,6.8,49.0,1.8
2025-10-21 01:00:00,2025,10,21,1,Lào Cai,Xã Khao Mang,21.9078898,103.9748758,51,Moderate,1,16.9,91,0.0,6.1,78,868.8,83,21.7,21.7,282.0,6.4,48.0,1.5
2025-10-21 02:00:00,2025,10,21,2,Lào Cai,Xã Khao Mang,21.9078898,103.9748758,52,Moderate,1,17.1,87,0.0,6.8,68,868.5,99,21.4,21.4,280.0,6.0,47.0,1.5
2025-10-21 03:00:00,2025,10,21,3,Lào Cai,Xã Khao Mang,21.9078898,103.9748758,53,Moderate,1,16.9,84,0.0,7.0,67,868.4,95,21.3,21.3,279.0,5.6,46.0,1.6
2025-10-21 04:00:00,2025,10,21,4,Lào Cai,Xã Khao Mang,21.9078898,103.9748758,54,Moderate,1,16.5,84,0.0,7.2,65,868.3,52,21.1,21.1,280.0,5.2,46.0,1.7
2025-10-21 05:00:00,2025,10,21,5,Lào Cai,Xã Khao Mang,21.9078898,103.9748758,55,Moderate,1,15.7,86,0.0,7.1,66,868.1,49,21.0,21.0,287.0,5.0,48.0,2.0
2025-10-21 06:00:00,2025,10,21,6,Lào Cai,Xã Khao Mang,21.9078898,103.9748758,56,Moderate,1,15.5,86,0.0,6.6,77,868.5,30,21.0,21.0,295.0,4.8,50.0,2.3
2025-10-21 07:00:00,2025,10,21,7,Lào Cai,Xã Khao Mang,21.9078898,103.9748758,58,Moderate,1,16.4,85,0.0,6.7,76,869.3,10,20.3,20.3,298.0,4.2,54.0,2.4
2025-10-21 08:00:00,2025,10,21,8,Lào Cai,Xã Khao Mang,21.9078898,103.9748758,59,Moderate,1,17.8,75,0.0,7.8,56,870.3,16,19.4,19.4,289.0,3.2,63.0,1.9
2025-10-21 09:00:00,2025,10,21,9,Lào Cai,Xã Khao Mang,21.9078898,103.9748758,60,Moderate,1,19.3,66,0.0,12.4,49,871.3,30,14.4,14.5,274.0,1.8,75.0,1.3
2025-10-21 10:00:00,2025,10,21,10,Lào Cai,Xã Khao Mang,21.9078898,103.9748758,61,Moderate,1,20.4,61,0.0,14.6,51,871.8,42,11.6,11.6,259.0,0.8,85.0,0.8
2025-10-21 11:00:00,2025,10,21,11,Lào Cai,Xã Khao Mang,21.9078898,103.9748758,61,Moderate,1,21.2,58,0.0,15.0,51,871.5,45,10.9,10.9,244.0,0.6,89.0,0.7
2025-10-21 12:00:00,2025,10,21,12,Lào Cai,Xã Khao Mang,21.9078898,103.9748758,62,Moderate,1,21.7,56,0.0,15.0,50,871.1,41,10.7,10.8,229.0,0.7,90.0,0.8
2025-10-21 13:00:00,2025,10,21,13,Lào Cai,Xã Khao Mang,21.9078898,103.9748758,62,Moderate,1,21.9,55,0.0,15.4,44,870.4,38,10.5,10.5,222.0,0.9,91.0,0.9
2025-10-21 14:00:00,2025,10,21,14,Lào Cai,Xã Khao Mang,21.9078898,103.9748758,62,Moderate,1,21.0,60,0.0,14.9,46,869.2,36,11.3,11.4,228.0,0.9,94.0,1.0
2025-10-21 15:00:00,2025,10,21,15,Lào Cai,Xã Khao Mang,21.9078898,103.9748758,62,Moderate,1,20.4,64,0.0,14.9,48,868.6,56,11.9,12.0,241.0,0.9,98.0,1.2
2025-10-21 16:00:00,2025,10,21,16,Lào Cai,Xã Khao Mang,21.9078898,103.9748758,62,Moderate,1,19.6,68,0.0,13.8,53,868.5,30,11.8,11.8,252.0,1.4,97.0,1.4
2025-10-21 17:00:00,2025,10,21,17,Lào Cai,Xã Khao Mang,21.9078898,103.9748758,62,Moderate,1,18.4,74,0.0,10.0,52,868.1,77,12.3,12.3,256.0,2.9,90.0,1.7
2025-10-21 18:00:00,2025,10,21,18,Lào Cai,Xã Khao Mang,21.9078898,103.9748758,62,Moderate,1,17.7,77,0.0,8.4,62,868.5,48,14.3,14.3,256.0,4.8,78.0,2.1
2025-10-21 19:00:00,2025,10,21,19,Lào Cai,Xã Khao Mang,21.9078898,103.9748758,62,Moderate,1,17.0,84,0.0,6.6,74,869.1,91,14.0,14.0,256.0,5.5,68.0,2.2
2025-10-21 20:00:00,2025,10,21,20,Lào Cai,Xã Khao Mang,21.9078898,103.9748758,61,Moderate,1,17.2,81,0.0,7.2,71,870.0,93,14.7,14.7,256.0,5.7,65.0,2.3
2025-10-21 21:00:00,2025,10,21,21,Lào Cai,Xã Khao Mang,21.9078898,103.9748758,60,Moderate,1,16.7,82,0.0,6.9,73,870.3,72,15.2,15.2,255.0,6.0,60.0,2.4
2025-10-21 22:00:00,2025,10,21,22,Lào Cai,Xã Khao Mang,21.9078898,103.9748758,60,Moderate,1,15.7,84,0.0,7.3,74,869.6,19,15.7,15.7,253.0,6.3,56.0,2.5
2025-10-21 23:00:00,2025,10,21,23,Lào Cai,Xã Khao Mang,21.9078898,103.9748758,59,Moderate,1,15.0,85,0.0,6.0,80,869.2,43,16.2,16.2,251.0,6.5,53.0,2.4
2025-10-22 00:00:00,2025,10,22,0,Lào Cai,Xã Khao Mang,21.9078898,103.9748758,59,Moderate,1,14.7,86,0.0,5.8,86,869.2,62,16.7,16.7,248.0,6.7,50.0,2.3
2025-10-22 01:00:00,2025,10,22,1,Lào Cai,Xã Khao Mang,21.9078898,103.9748758,58,Moderate,1,14.6,90,0.0,5.2,86,868.6,83,17.1,17.1,245.0,6.8,48.0,2.2
2025-10-22 02:00:00,2025,10,22,2,Lào Cai,Xã Khao Mang,21.9078898,103.9748758,58,Moderate,1,14.9,84,0.0,6.7,70,868.5,81,17.3,17.3,241.0,6.8,46.0,2.2
2025-10-22 03:00:00,2025,10,22,3,Lào Cai,Xã Khao Mang,21.9078898,103.9748758,57,Moderate,1,14.8,81,0.0,7.8,64,868.1,94,17.8,17.8,238.0,6.7,45.0,2.2
2025-10-22 04:00:00,2025,10,22,4,Lào Cai,Xã Khao Mang,21.9078898,103.9748758,57,Moderate,1,14.6,80,0.0,8.9,69,868.2,94,18.4,18.5,239.0,6.6,44.0,2.3
2025-10-22 05:00:00,2025,10,22,5,Lào Cai,Xã Khao Mang,21.9078898,103.9748758,57,Moderate,1,14.8,78,0.0,8.9,69,868.7,100,18.9,18.9,250.0,6.8,42.0,2.7
2025-10-22 06:00:00,2025,10,22,6,Lào Cai,Xã Khao Mang,21.9078898,103.9748758,57,Moderate,1,14.4,81,0.0,7.9,63,869.2,84,19.2,19.2,266.0,7.1,40.0,3.2
2025-10-22 07:00:00,2025,10,22,7,Lào Cai,Xã Khao Mang,21.9078898,103.9748758,56,Moderate,1,14.8,81,0.0,8.5,61,870.1,48,16.8,16.8,273.0,7.2,37.0,2.7
2025-10-22 08:00:00,2025,10,22,8,Lào Cai,Xã Khao Mang,21.9078898,103.9748758,56,Moderate,1,15.9,75,0.0,11.6,57,871.0,55,12.5,12.5,261.0,5.5,51.0,2.9
2025-10-22 09:00:00,2025,10,22,9,Lào Cai,Xã Khao Mang,21.9078898,103.9748758,56,Moderate,1,16.7,70,0.0,13.9,51,871.6,19,9.1,9.1,239.0,3.1,70.0,3.2
2025-10-22 10:00:00,2025,10,22,10,Lào Cai,Xã Khao Mang,21.9078898,103.9748758,55,Moderate,1,18.5,61,0.0,14.8,51,872.4,21,7.7,7.7,223.0,1.3,84.0,3.2
2025-10-22 11:00:00,2025,10,22,11,Lào Cai,Xã Khao Mang,21.9078898,103.9748758,55,Moderate,1,19.3,57,0.0,14.0,52,872.1,38,7.1,7.1,219.0,0.7,90.0,2.8
2025-10-22 12:00:00,2025,10,22,12,Lào Cai,Xã Khao Mang,21.9078898,103.9748758,54,Moderate,1,19.8,56,0.0,15.1,55,871.4,41,6.8,6.9,219.0,0.8,91.0,2.3
2025-10-22 13:00:00,2025,10,22,13,Lào Cai,Xã Khao Mang,21.9078898,103.9748758,54,Moderate,1,19.2,57,0.0,14.4,42,871.1,34,6.9,6.9,219.0,0.9,91.0,1.8
2025-10-22 14:00:00,2025,10,22,14,Lào Cai,Xã Khao Mang,21.9078898,103.9748758,54,Moderate,1,19.8,56,0.0,14.0,47,870.3,43,7.1,7.1,212.0,0.7,93.0,1.6
2025-10-22 15:00:00,2025,10,22,15,Lào Cai,Xã Khao Mang,21.9078898,103.9748758,53,Moderate,1,19.4,57,0.0,13.8,47,869.8,66,7.2,7.2,203.0,0.7,94.0,1.4
2025-10-22 16:00:00,2025,10,22,16,Lào Cai,Xã Khao Mang,21.9078898,103.9748758,53,Moderate,1,18.3,62,0.0,12.5,49,869.4,75,7.5,7.5,205.0,1.3,92.0,1.5
2025-10-22 17:00:00,2025,10,22,17,Lào Cai,Xã Khao Mang,21.9078898,103.9748758,53,Moderate,1,17.3,67,0.0,9.3,54,869.2,6,8.1,8.1,227.0,3.3,84.0,1.9
2025-10-22 18:00:00,2025,10,22,18,Lào Cai,Xã Khao Mang,21.9078898,103.9748758,52,Moderate,1,15.3,76,0.0,5.9,67,868.5,5,9.1,9.2,260.0,6.1,73.0,2.4
2025-10-22 19:00:00,2025,10,22,19,Lào Cai,Xã Khao Mang,21.9078898,103.9748758,52,Moderate,1,14.5,84,0.0,4.7,92,868.5,25,10.1,10.1,282.0,7.3,63.0,2.7
2025-10-22 20:00:00,2025,10,22,20,Lào Cai,Xã Khao Mang,21.9078898,103.9748758,51,Moderate,1,13.9,87,0.0,5.6,97,869.1,26,10.3,10.3,283.0,7.4,61.0,2.8
2025-10-22 21:00:00,2025,10,22,21,Lào Cai,Xã Khao Mang,21.9078898,103.9748758,51,Moderate,1,13.4,89,0.0,6.5,98,869.1,27,10.3,10.3,274.0,7.5,59.0,2.9
2025-10-22 22:00:00,2025,10,22,22,Lào Cai,Xã Khao Mang,21.9078898,103.9748758,51,Moderate,1,12.8,90,0.0,7.0,100,869.2,23,10.1,10.1,264.0,7.5,57.0,2.9
2025-10-22 23:00:00,2025,10,22,23,Lào Cai,Xã Khao Mang,21.9078898,103.9748758,50,Good,0,13.2,87,0.0,8.1,93,869.4,30,9.8,9.9,255.0,7.3,56.0,2.8
2025-10-23 00:00:00,2025,10,23,0,Lào Cai,Xã Khao Mang,21.9078898,103.9748758,49,Good,0,13.7,85,0.0,7.9,86,869.5,91,9.7,9.7,245.0,7.0,56.0,2.6
2025-10-23 01:00:00,2025,10,23,1,Lào Cai,Xã Khao Mang,21.9078898,103.9748758,48,Good,0,13.3,90,0.0,5.4,94,869.1,98,9.6,9.7,236.0,6.7,55.0,2.4
2025-10-23 02:00:00,2025,10,23,2,Lào Cai,Xã Khao Mang,21.9078898,103.9748758,46,Good,0,12.9,92,0.0,6.1,88,868.4,53,9.6,9.7,227.0,6.5,54.0,2.3
2025-10-23 03:00:00,2025,10,23,3,Lào Cai,Xã Khao Mang,21.9078898,103.9748758,45,Good,0,12.3,93,0.0,6.9,95,868.1,16,9.7,9.8,218.0,6.3,52.0,2.2
2025-10-23 04:00:00,2025,10,23,4,Lào Cai,Xã Khao Mang,21.9078898,103.9748758,44,Good,0,12.2,91,0.0,7.7,90,868.3,28,10.0,10.0,216.0,6.3,50.0,2.2
2025-10-23 05:00:00,2025,10,23,5,Lào Cai,Xã Khao Mang,21.9078898,103.9748758,42,Good,0,12.1,91,0.0,8.5,86,868.4,36,10.4,10.5,226.0,6.8,47.0,2.5
2025-10-23 06:00:00,2025,10,23,6,Lào Cai,Xã Khao Mang,21.9078898,103.9748758,41,Good,0,12.4,90,0.0,8.3,88,868.8,46,11.2,11.2,241.0,7.4,44.0,2.8
2025-10-23 07:00:00,2025,10,23,7,Lào Cai,Xã Khao Mang,21.9078898,103.9748758,39,Good,0,13.7,84,0.0,8.6,75,870.0,79,11.6,11.6,249.0,7.0,47.0,3.0
2025-10-23 08:00:00,2025,10,23,8,Lào Cai,Xã Khao Mang,21.9078898,103.9748758,38,Good,0,14.7,78,0.0,9.7,65,870.8,66,11.6,11.6,242.0,5.4,57.0,2.7
2025-10-23 09:00:00,2025,10,23,9,Lào Cai,Xã Khao Mang,21.9078898,103.9748758,38,Good,0,16.2,71,0.0,11.7,61,872.0,53,11.6,11.7,227.0,3.1,72.0,2.2
2025-10-23 10:00:00,2025,10,23,10,Lào Cai,Xã Khao Mang,21.9078898,103.9748758,39,Good,0,17.8,64,0.0,13.9,60,872.5,77,11.6,11.7,215.0,1.4,83.0,1.9
2025-10-23 11:00:00,2025,10,23,11,Lào Cai,Xã Khao Mang,21.9078898,103.9748758,39,Good,0,17.7,64,0.0,14.1,58,872.0,78,11.7,11.8,208.0,0.8,88.0,1.8
2025-10-23 12:00:00,2025,10,23,12,Lào Cai,Xã Khao Mang,21.9078898,103.9748758,40,Good,0,18.4,62,0.0,13.9,60,871.5,74,11.5,11.5,204.0,0.8,90.0,1.7
2025-10-23 13:00:00,2025,10,23,13,Lào Cai,Xã Khao Mang,21.9078898,103.9748758,41,Good,0,18.5,63,0.0,13.4,44,871.0,86,11.1,11.1,202.0,0.9,91.0,1.7
2025-10-23 14:00:00,2025,10,23,14,Lào Cai,Xã Khao Mang,21.9078898,103.9748758,42,Good,0,19.0,62,0.0,13.9,56,870.3,94,10.6,10.6,202.0,0.8,92.0,1.5
2025-10-23 15:00:00,2025,10,23,15,Lào Cai,Xã Khao Mang,21.9078898,103.9748758,42,Good,0,19.0,60,0.0,13.8,62,869.9,98,10.1,10.2,203.0,0.7,91.0,1.3
2025-10-23 16:00:00,2025,10,23,16,Lào Cai,Xã Khao Mang,21.9078898,103.9748758,43,Good,0,18.0,66,0.0,11.5,60,869.5,63,10.3,10.3,207.0,1.2,88.0,1.3
2025-10-23 17:00:00,2025,10,23,17,Lào Cai,Xã Khao Mang,21.9078898,103.9748758,43,Good,0,17.1,71,0.0,8.2,57,869.3,48,10.9,10.9,214.0,2.8,81.0,1.6
2025-10-23 18:00:00,2025,10,23,18,Lào Cai,Xã Khao Mang,21.9078898,103.9748758,44,Good,0,16.1,76,0.0,6.9,60,869.3,32,11.9,12.0,224.0,4.8,71.0,2.0
2025-10-23 19:00:00,2025,10,23,19,Lào Cai,Xã Khao Mang,21.9078898,103.9748758,44,Good,0,15.6,82,0.0,7.8,61,869.7,64,16.4,16.4,230.0,4.5,73.0,2.6
2025-10-23 20:00:00,2025,10,23,20,Lào Cai,Xã Khao Mang,21.9078898,103.9748758,45,Good,0,15.2,85,0.0,8.2,64,870.3,88,17.0,17.1,230.0,4.6,70.0,2.7
2025-10-23 21:00:00,2025,10,23,21,Lào Cai,Xã Khao Mang,21.9078898,103.9748758,47,Good,0,15.2,84,0.0,8.3,72,870.8,97,16.9,17.0,226.0,4.8,65.0,2.9
2025-10-23 22:00:00,2025,10,23,22,Lào Cai,Xã Khao Mang,21.9078898,103.9748758,48,Good,0,15.0,82,0.0,7.4,77,870.9,100,16.6,16.7,222.0,4.9,61.0,3.0
2025-10-23 23:00:00,2025,10,23,23,Lào Cai,Xã Khao Mang,21.9078898,103.9748758,49,Good,0,15.0,81,0.1,7.2,77,871.0,100,16.1,16.2,217.0,4.7,59.0,2.9
2025-10-24 00:00:00,2025,10,24,0,Lào Cai,Xã Khao Mang,21.9078898,103.9748758,50,Good,0,14.7,85,0.2,7.9,66,870.5,99,15.4,15.5,212.0,4.4,58.0,2.7
2025-10-24 01:00:00,2025,10,24,1,Lào Cai,Xã Khao Mang,21.9078898,103.9748758,50,Good,0,14.5,89,0.1,7.7,59,870.1,65,14.6,14.7,208.0,4.2,57.0,2.5
2025-10-24 02:00:00,2025,10,24,2,Lào Cai,Xã Khao Mang,21.9078898,103.9748758,51,Moderate,1,14.4,88,0.0,6.5,62,869.6,35,14.2,14.2,205.0,4.2,55.0,2.4
2025-10-24 03:00:00,2025,10,24,3,Lào Cai,Xã Khao Mang,21.9078898,103.9748758,51,Moderate,1,14.1,89,0.0,6.9,65,869.3,55,13.8,13.9,204.0,4.2,52.0,2.4
2025-10-24 04:00:00,2025,10,24,4,Lào Cai,Xã Khao Mang,21.9078898,103.9748758,52,Moderate,1,13.8,89,0.0,7.0,69,869.0,54,13.3,13.4,206.0,4.3,50.0,2.4
2025-10-24 05:00:00,2025,10,24,5,Lào Cai,Xã Khao Mang,21.9078898,103.9748758,52,Moderate,1,13.5,89,0.0,5.4,70,869.2,83,12.8,12.8,216.0,4.5,48.0,2.5
2025-10-24 06:00:00,2025,10,24,6,Lào Cai,Xã Khao Mang,21.9078898,103.9748758,52,Moderate,1,13.5,88,0.0,6.8,68,869.6,44,12.4,12.5,230.0,4.8,47.0,2.5
2025-10-24 07:00:00,2025,10,24,7,Lào Cai,Xã Khao Mang,21.9078898,103.9748758,52,Moderate,1,14.8,84,0.0,6.1,58,870.5,45,7.6,7.6,235.0,4.1,54.0,2.2
2025-10-24 08:00:00,2025,10,24,8,Lào Cai,Xã Khao Mang,21.9078898,103.9748758,52,Moderate,1,15.4,80,0.0,7.9,47,871.2,74,6.2,6.2,223.0,3.5,59.0,2.0
2025-10-24 09:00:00,2025,10,24,9,Lào Cai,Xã Khao Mang,21.9078898,103.9748758,51,Moderate,1,16.3,74,0.0,9.4,48,871.9,99,5.7,5.7,204.0,2.6,65.0,1.7
2025-10-24 10:00:00,2025,10,24,10,Lào Cai,Xã Khao Mang,21.9078898,103.9748758,51,Moderate,1,16.6,74,0.0,10.7,50,872.2,100,5.4,5.5,189.0,1.9,70.0,1.5
2025-10-24 11:00:00,2025,10,24,11,Lào Cai,Xã Khao Mang,21.9078898,103.9748758,50,Good,0,16.4,75,0.0,10.7,53,871.3,100,5.1,5.2,186.0,1.6,72.0,1.4
2025-10-24 12:00:00,2025,10,24,12,Lào Cai,Xã Khao Mang,21.9078898,103.9748758,50,Good,0,17.0,73,0.0,9.7,56,870.5,95,4.6,4.7,188.0,1.5,73.0,1.2
2025-10-24 13:00:00,2025,10,24,13,Lào Cai,Xã Khao Mang,21.9078898,103.9748758,48,Good,0,17.6,70,0.0,8.9,48,870.1,87,4.7,4.7,191.0,1.5,73.0,1.2
2025-10-24 14:00:00,2025,10,24,14,Lào Cai,Xã Khao Mang,21.9078898,103.9748758,47,Good,0,18.3,69,0.0,8.7,52,869.6,93,4.7,4.7,194.0,1.7,72.0,1.2
2025-10-24 15:00:00,2025,10,24,15,Lào Cai,Xã Khao Mang,21.9078898,103.9748758,46,Good,0,17.7,72,0.0,7.1,30,869.1,100,4.8,4.8,198.0,2.0,71.0,1.3
2025-10-24 16:00:00,2025,10,24,16,Lào Cai,Xã Khao Mang,21.9078898,103.9748758,45,Good,0,17.0,75,0.0,7.5,33,868.7,100,4.9,5.0,202.0,2.5,69.0,1.4
2025-10-24 17:00:00,2025,10,24,17,Lào Cai,Xã Khao Mang,21.9078898,103.9748758,44,Good,0,16.4,75,0.0,6.8,40,868.7,97,5.2,5.2,205.0,3.2,66.0,1.6
2025-10-24 18:00:00,2025,10,24,18,Lào Cai,Xã Khao Mang,21.9078898,103.9748758,43,Good,0,15.4,79,0.0,6.4,50,868.7,74,5.6,5.7,208.0,4.1,61.0,1.8
2025-10-24 19:00:00,2025,10,24,19,Lào Cai,Xã Khao Mang,21.9078898,103.9748758,42,Good,0,15.2,82,0.0,5.3,62,869.3,100,8.1,8.2,208.0,4.7,57.0,1.6
2025-10-24 20:00:00,2025,10,24,20,Lào Cai,Xã Khao Mang,21.9078898,103.9748758,41,Good,0,15.0,80,0.0,5.9,50,869.4,100,8.2,8.3,202.0,4.9,54.0,1.6
2025-10-24 21:00:00,2025,10,24,21,Lào Cai,Xã Khao Mang,21.9078898,103.9748758,39,Good,0,15.0,81,0.0,5.7,49,869.8,100,7.6,7.7,192.0,5.1,50.0,1.7
2025-10-24 22:00:00,2025,10,24,22,Lào Cai,Xã Khao Mang,21.9078898,103.9748758,38,Good,0,14.9,83,0.0,4.9,39,869.7,100,8.0,8.1,184.0,5.2,47.0,1.7
2025-10-24 23:00:00,2025,10,24,23,Lào Cai,Xã Khao Mang,21.9078898,103.9748758,36,Good,0,14.8,84,0.0,2.5,30,869.5,100,6.0,6.1,178.0,5.0,47.0,1.6
2025-10-25 00:00:00,2025,10,25,0,Lào Cai,Xã Khao Mang,21.9078898,103.9748758,35,Good,0,14.6,86,0.0,2.2,35,869.2,99,6.3,6.4,173.0,4.6,48.0,1.4
2025-10-25 01:00:00,2025,10,25,1,Lào Cai,Xã Khao Mang,21.9078898,103.9748758,33,Good,0,14.3,87,0.0,2.7,48,868.7,100,5.7,5.8,169.0,4.3,49.0,1.2
2025-10-25 02:00:00,2025,10,25,2,Lào Cai,Xã Khao Mang,21.9078898,103.9748758,31,Good,0,14.5,87,0.0,1.8,37,868.5,77,5.8,5.9,166.0,4.0,49.0,1.1
2025-10-25 03:00:00,2025,10,25,3,Lào Cai,Xã Khao Mang,21.9078898,103.9748758,30,Good,0,14.3,87,0.0,1.3,34,868.1,36,5.6,5.6,164.0,3.7,49.0,1.0
2025-10-25 04:00:00,2025,10,25,4,Lào Cai,Xã Khao Mang,21.9078898,103.9748758,29,Good,0,13.6,89,0.0,2.2,42,867.8,96,5.8,5.8,166.0,3.6,49.0,1.0
2025-10-25 05:00:00,2025,10,25,5,Lào Cai,Xã Khao Mang,21.9078898,103.9748758,27,Good,0,13.9,85,0.0,3.7,47,868.0,33,6.5,6.6,177.0,3.8,49.0,1.1
2025-10-25 06:00:00,2025,10,25,6,Lào Cai,Xã Khao Mang,21.9078898,103.9748758,26,Good,0,14.0,85,0.0,4.4,52,868.5,59,7.3,7.3,192.0,4.0,50.0,1.2
2025-10-25 07:00:00,2025,10,25,7,Lào Cai,Xã Khao Mang,21.9078898,103.9748758,25,Good,0,14.7,93,0.0,4.7,47,869.4,49,2.9,2.9,201.0,3.9,54.0,1.7
2025-10-25 08:00:00,2025,10,25,8,Lào Cai,Xã Khao Mang,21.9078898,103.9748758,24,Good,0,15.7,84,0.0,8.5,55,869.9,53,3.6,3.7,197.0,3.3,59.0,1.7
2025-10-25 09:00:00,2025,10,25,9,Lào Cai,Xã Khao Mang,21.9078898,103.9748758,24,Good,0,17.7,74,0.0,8.7,53,871.0,50,4.4,4.4,187.0,2.5,67.0,1.8
2025-10-25 10:00:00,2025,10,25,10,Lào Cai,Xã Khao Mang,21.9078898,103.9748758,25,Good,0,19.0,69,0.0,9.0,52,871.5,64,5.5,5.6,180.0,1.8,73.0,1.8
2025-10-25 11:00:00,2025,10,25,11,Lào Cai,Xã Khao Mang,21.9078898,103.9748758,26,Good,0,19.7,67,0.0,7.7,36,871.3,100,6.8,6.9,180.0,1.4,77.0,1.8
2025-10-25 12:00:00,2025,10,25,12,Lào Cai,Xã Khao Mang,21.9078898,103.9748758,28,Good,0,20.1,67,0.0,6.0,25,870.6,100,7.7,7.8,183.0,1.2,81.0,1.7
2025-10-25 13:00:00,2025,10,25,13,Lào Cai,Xã Khao Mang,21.9078898,103.9748758,30,Good,0,19.1,71,0.1,2.5,8,870.0,100,8.3,8.4,187.0,1.1,83.0,1.6
2025-10-25 14:00:00,2025,10,25,14,Lào Cai,Xã Khao Mang,21.9078898,103.9748758,32,Good,0,19.1,71,0.0,5.8,5,869.4,100,10.3,10.5,193.0,1.0,85.0,1.5
2025-10-25 15:00:00,2025,10,25,15,Lào Cai,Xã Khao Mang,21.9078898,103.9748758,34,Good,0,18.9,72,0.0,5.6,7,868.8,73,9.6,9.7,200.0,1.0,86.0,1.4
2025-10-25 16:00:00,2025,10,25,16,Lào Cai,Xã Khao Mang,21.9078898,103.9748758,35,Good,0,18.6,73,0.0,5.3,10,868.6,72,10.1,10.2,208.0,1.6,84.0,1.4
2025-10-25 17:00:00,2025,10,25,17,Lào Cai,Xã Khao Mang,21.9078898,103.9748758,37,Good,0,17.7,77,0.0,5.0,15,868.3,62,10.2,10.3,218.0,3.3,76.0,1.6
2025-10-25 18:00:00,2025,10,25,18,Lào Cai,Xã Khao Mang,21.9078898,103.9748758,37,Good,0,16.7,82,0.0,5.3,33,868.4,63,11.9,12.0,228.0,5.6,64.0,1.9
2025-10-25 19:00:00,2025,10,25,19,Lào Cai,Xã Khao Mang,21.9078898,103.9748758,37,Good,0,16.7,84,0.0,5.0,64,869.4,80,25.7,25.8,231.0,7.7,50.0,2.5
2025-10-25 20:00:00,2025,10,25,20,Lào Cai,Xã Khao Mang,21.9078898,103.9748758,35,Good,0,16.5,83,0.0,6.6,47,869.9,77,25.9,26.1,221.0,7.3,51.0,2.8
2025-10-25 21:00:00,2025,10,25,21,Lào Cai,Xã Khao Mang,21.9078898,103.9748758,36,Good,0,16.1,84,0.0,6.8,53,870.1,50,26.0,26.2,203.0,6.8,51.0,3.1
2025-10-25 22:00:00,2025,10,25,22,Lào Cai,Xã Khao Mang,21.9078898,103.9748758,39,Good,0,15.7,85,0.0,6.3,59,869.9,42,26.4,26.6,189.0,6.6,50.0,3.2
2025-10-25 23:00:00,2025,10,25,23,Lào Cai,Xã Khao Mang,21.9078898,103.9748758,42,Good,0,15.2,87,0.0,6.1,66,869.6,48,26.7,26.9,182.0,7.0,46.0,2.9
2025-10-26 00:00:00,2025,10,26,0,Lào Cai,Xã Khao Mang,21.9078898,103.9748758,46,Good,0,15.1,85,0.0,6.0,69,869.5,59,27.1,27.2,178.0,7.6,39.0,2.4
2025-10-26 01:00:00,2025,10,26,1,Lào Cai,Xã Khao Mang,21.9078898,103.9748758,50,Good,0,15.2,88,0.0,4.0,58,869.8,87,27.0,27.1,178.0,7.9,35.0,2.0
2025-10-26 02:00:00,2025,10,26,2,Lào Cai,Xã Khao Mang,21.9078898,103.9748758,52,Moderate,1,15.0,87,0.0,5.1,54,869.1,61,26.7,26.8,182.0,7.6,33.0,1.7
2025-10-26 03:00:00,2025,10,26,3,Lào Cai,Xã Khao Mang,21.9078898,103.9748758,54,Moderate,1,14.8,88,0.0,4.5,74,868.8,56,26.3,26.4,189.0,7.0,33.0,1.4
2025-10-26 04:00:00,2025,10,26,4,Lào Cai,Xã Khao Mang,21.9078898,103.9748758,55,Moderate,1,14.8,86,0.0,4.5,67,868.6,41,25.7,25.8,202.0,6.4,35.0,1.2
2025-10-26 05:00:00,2025,10,26,5,Lào Cai,Xã Khao Mang,21.9078898,103.9748758,57,Moderate,1,14.8,86,0.0,4.0,63,868.6,59,24.8,24.9,226.0,6.0,39.0,1.2
2025-10-26 06:00:00,2025,10,26,6,Lào Cai,Xã Khao Mang,21.9078898,103.9748758,59,Moderate,1,14.7,86,0.0,3.9,74,868.9,37,24.1,24.2,256.0,5.6,46.0,1.2
2025-10-26 07:00:00,2025,10,26,7,Lào Cai,Xã Khao Mang,21.9078898,103.9748758,60,Moderate,1,15.1,83,0.0,5.3,80,869.9,25,14.8,14.9,271.0,6.4,49.0,1.6
2025-10-26 08:00:00,2025,10,26,8,Lào Cai,Xã Khao Mang,21.9078898,103.9748758,61,Moderate,1,16.7,76,0.0,5.7,53,871.0,16,13.2,13.3,258.0,5.0,57.0,1.9
2025-10-26 09:00:00,2025,10,26,9,Lào Cai,Xã Khao Mang,21.9078898,103.9748758,62,Moderate,1,18.5,68,0.0,7.5,44,871.8,55,13.0,13.1,230.0,3.1,69.0,2.3
2025-10-26 10:00:00,2025,10,26,10,Lào Cai,Xã Khao Mang,21.9078898,103.9748758,63,Moderate,1,19.9,64,0.0,6.6,21,872.3,100,13.2,13.4,210.0,1.7,77.0,2.6
2025-10-26 11:00:00,2025,10,26,11,Lào Cai,Xã Khao Mang,21.9078898,103.9748758,64,Moderate,1,20.4,63,0.0,5.8,360,871.6,100,13.2,13.3,206.0,1.2,79.0,2.6
2025-10-26 12:00:00,2025,10,26,12,Lào Cai,Xã Khao Mang,21.9078898,103.9748758,64,Moderate,1,20.3,63,0.0,6.8,12,870.6,100,14.1,14.2,209.0,1.1,79.0,2.4
2025-10-26 13:00:00,2025,10,26,13,Lào Cai,Xã Khao Mang,21.9078898,103.9748758,65,Moderate,1,20.3,65,0.0,5.6,21,869.9,100,13.3,13.4,214.0,1.1,79.0,2.3
2025-10-26 14:00:00,2025,10,26,14,Lào Cai,Xã Khao Mang,21.9078898,103.9748758,65,Moderate,1,20.6,64,0.0,4.9,39,869.3,100,13.1,13.1,217.0,0.9,82.0,2.3
2025-10-26 15:00:00,2025,10,26,15,Lào Cai,Xã Khao Mang,21.9078898,103.9748758,65,Moderate,1,20.2,66,0.0,4.7,50,868.8,100,15.3,15.4,221.0,0.8,84.0,2.4
2025-10-26 16:00:00,2025,10,26,16,Lào Cai,Xã Khao Mang,21.9078898,103.9748758,66,Moderate,1,19.8,69,0.0,5.2,27,868.6,45,14.4,14.5,229.0,1.5,84.0,2.6
2025-10-26 17:00:00,2025,10,26,17,Lào Cai,Xã Khao Mang,21.9078898,103.9748758,66,Moderate,1,18.3,78,0.0,4.6,13,868.3,46,14.5,14.6,249.0,3.7,77.0,3.0
2025-10-26 18:00:00,2025,10,26,18,Lào Cai,Xã Khao Mang,21.9078898,103.9748758,67,Moderate,1,16.9,84,0.0,3.9,34,868.4,36,16.3,16.4,273.0,6.6,67.0,3.5
2025-10-26 19:00:00,2025,10,26,19,Lào Cai,Xã Khao Mang,21.9078898,103.9748758,67,Moderate,1,16.9,93,0.0,4.2,78,869.8,41,24.3,24.4,285.0,8.1,60.0,4.3
2025-10-26 20:00:00,2025,10,26,20,Lào Cai,Xã Khao Mang,21.9078898,103.9748758,67,Moderate,1,16.3,87,0.0,5.9,70,870.4,27,25.0,25.1,273.0,8.6,55.0,4.0
2025-10-26 21:00:00,2025,10,26,21,Lào Cai,Xã Khao Mang,21.9078898,103.9748758,67,Moderate,1,15.8,84,0.0,7.7,78,870.7,51,25.6,25.7,249.0,9.1,49.0,3.6
2025-10-26 22:00:00,2025,10,26,22,Lào Cai,Xã Khao Mang,21.9078898,103.9748758,67,Moderate,1,15.4,84,0.0,7.6,83,870.5,19,26.5,26.7,228.0,9.2,47.0,3.2
2025-10-26 23:00:00,2025,10,26,23,Lào Cai,Xã Khao Mang,21.9078898,103.9748758,67,Moderate,1,14.6,87,0.0,6.5,93,870.1,4,27.8,27.9,214.0,8.2,52.0,2.9
2025-10-27 00:00:00,2025,10,27,0,Lào Cai,Xã Khao Mang,21.9078898,103.9748758,67,Moderate,1,13.7,89,0.0,6.7,98,869.5,3,26.4,26.5,202.0,6.7,61.0,2.6
2025-10-27 01:00:00,2025,10,27,1,Lào Cai,Xã Khao Mang,21.9078898,103.9748758,67,Moderate,1,12.7,93,0.0,6.2,102,868.9,2,25.7,25.8,195.0,5.5,66.0,2.5
2025-10-27 02:00:00,2025,10,27,2,Lào Cai,Xã Khao Mang,21.9078898,103.9748758,67,Moderate,1,12.5,93,0.0,6.6,106,868.5,13,24.2,24.3,191.0,5.2,64.0,2.7
2025-10-27 03:00:00,2025,10,27,3,Lào Cai,Xã Khao Mang,21.9078898,103.9748758,67,Moderate,1,12.7,93,0.0,7.2,104,868.2,27,23.8,23.9,192.0,5.2,58.0,3.1
2025-10-27 04:00:00,2025,10,27,4,Lào Cai,Xã Khao Mang,21.9078898,103.9748758,66,Moderate,1,12.9,93,0.0,7.3,101,868.2,27,23.5,23.6,200.0,5.2,55.0,3.4
2025-10-27 05:00:00,2025,10,27,5,Lào Cai,Xã Khao Mang,21.9078898,103.9748758,66,Moderate,1,12.9,94,0.0,6.7,99,868.2,45,23.2,23.3,224.0,5.1,57.0,3.5
2025-10-27 06:00:00,2025,10,27,6,Lào Cai,Xã Khao Mang,21.9078898,103.9748758,66,Moderate,1,12.8,95,0.0,7.0,100,868.6,25,23.7,23.9,255.0,5.0,61.0,3.4
2025-10-27 07:00:00,2025,10,27,7,Lào Cai,Xã Khao Mang,21.9078898,103.9748758,66,Moderate,1,14.4,89,0.0,6.5,95,870.0,31,24.0,24.2,273.0,6.1,61.0,2.9
2025-10-27 08:00:00,2025,10,27,8,Lào Cai,Xã Khao Mang,21.9078898,103.9748758,67,Moderate,1,16.2,80,0.0,6.1,66,871.3,30,17.0,17.1,267.0,4.8,66.0,3.1
2025-10-27 09:00:00,2025,10,27,9,Lào Cai,Xã Khao Mang,21.9078898,103.9748758,67,Moderate,1,18.2,70,0.0,8.1,55,872.0,48,13.0,13.1,248.0,2.9,73.0,3.3
2025-10-27 10:00:00,2025,10,27,10,Lào Cai,Xã Khao Mang,21.9078898,103.9748758,67,Moderate,1,19.5,64,0.0,9.8,43,872.5,51,11.6,11.6,232.0,1.5,79.0,3.3
2025-10-27 11:00:00,2025,10,27,11,Lào Cai,Xã Khao Mang,21.9078898,103.9748758,67,Moderate,1,20.2,62,0.0,8.8,43,872.2,92,9.9,9.9,221.0,1.0,82.0,3.0
2025-10-27 12:00:00,2025,10,27,12,Lào Cai,Xã Khao Mang,21.9078898,103.9748758,67,Moderate,1,20.5,62,0.0,7.6,34,871.1,100,9.2,9.3,213.0,0.9,84.0,2.6
2025-10-27 13:00:00,2025,10,27,13,Lào Cai,Xã Khao Mang,21.9078898,103.9748758,66,Moderate,1,21.6,57,0.0,4.0,10,870.8,98,8.9,8.9,213.0,1.0,85.0,2.3
2025-10-27 14:00:00,2025,10,27,14,Lào Cai,Xã Khao Mang,21.9078898,103.9748758,66,Moderate,1,21.6,58,0.0,6.4,11,869.9,53,8.7,8.8,228.0,0.8,87.0,2.2
2025-10-27 15:00:00,2025,10,27,15,Lào Cai,Xã Khao Mang,21.9078898,103.9748758,65,Moderate,1,20.9,64,0.0,6.5,5,869.4,65,8.8,8.8,250.0,0.7,87.0,2.1
2025-10-27 16:00:00,2025,10,27,16,Lào Cai,Xã Khao Mang,21.9078898,103.9748758,65,Moderate,1,19.6,70,0.0,5.8,5,869.1,82,8.8,8.8,269.0,1.5,85.0,2.2
2025-10-27 17:00:00,2025,10,27,17,Lào Cai,Xã Khao Mang,21.9078898,103.9748758,64,Moderate,1,18.3,77,0.0,5.2,22,868.9,83,9.0,9.0,280.0,3.9,77.0,2.5
2025-10-27 18:00:00,2025,10,27,18,Lào Cai,Xã Khao Mang,21.9078898,103.9748758,64,Moderate,1,17.5,80,0.0,5.2,31,869.1,100,9.8,9.8,287.0,7.0,65.0,2.9
2025-10-27 19:00:00,2025,10,27,19,Lào Cai,Xã Khao Mang,21.9078898,103.9748758,63,Moderate,1,17.1,84,0.0,5.1,72,869.5,100,13.2,13.2,286.0,9.1,54.0,3.3
2025-10-27 20:00:00,2025,10,27,20,Lào Cai,Xã Khao Mang,21.9078898,103.9748758,62,Moderate,1,16.8,85,0.0,6.6,73,869.9,100,13.7,13.7,273.0,9.5,51.0,3.4
2025-10-27 21:00:00,2025,10,27,21,Lào Cai,Xã Khao Mang,21.9078898,103.9748758,61,Moderate,1,16.4,86,0.0,6.1,67,870.0,36,14.3,14.3,252.0,10.1,47.0,3.6
2025-10-27 22:00:00,2025,10,27,22,Lào Cai,Xã Khao Mang,21.9078898,103.9748758,60,Moderate,1,15.7,87,0.0,5.8,74,869.9,20,14.7,14.7,235.0,10.4,44.0,3.6
2025-10-27 23:00:00,2025,10,27,23,Lào Cai,Xã Khao Mang,21.9078898,103.9748758,59,Moderate,1,15.1,87,0.0,6.5,88,870.0,10,14.8,14.9,226.0,10.2,43.0,3.4
2025-10-28 00:00:00,2025,10,28,0,Lào Cai,Xã Khao Mang,21.9078898,103.9748758,58,Moderate,1,14.0,88,0.0,7.0,91,869.3,6,15.3,15.3,220.0,9.7,42.0,3.0
2025-10-28 01:00:00,2025,10,28,1,Lào Cai,Xã Khao Mang,21.9078898,103.9748758,57,Moderate,1,15.4,85,0.0,5.8,76,869.8,63,15.7,15.7,216.0,9.1,43.0,2.7
2025-10-28 02:00:00,2025,10,28,2,Lào Cai,Xã Khao Mang,21.9078898,103.9748758,56,Moderate,1,14.1,90,0.0,4.8,75,869.1,80,16.5,16.5,212.0,8.5,46.0,2.4
2025-10-28 03:00:00,2025,10,28,3,Lào Cai,Xã Khao Mang,21.9078898,103.9748758,56,Moderate,1,14.0,87,0.0,7.2,91,869.1,78,17.2,17.2,210.0,7.8,49.0,2.1
2025-10-28 04:00:00,2025,10,28,4,Lào Cai,Xã Khao Mang,21.9078898,103.9748758,55,Moderate,1,14.3,85,0.0,7.6,91,869.3,98,17.9,17.9,217.0,7.4,52.0,1.9
2025-10-28 05:00:00,2025,10,28,5,Lào Cai,Xã Khao Mang,21.9078898,103.9748758,55,Moderate,1,14.1,85,0.0,6.7,87,869.1,99,18.3,18.4,242.0,7.5,51.0,1.9
2025-10-28 06:00:00,2025,10,28,6,Lào Cai,Xã Khao Mang,21.9078898,103.9748758,54,Moderate,1,14.1,86,0.0,7.2,87,869.6,99,19.4,19.4,276.0,7.9,50.0,1.9
2025-10-28 07:00:00,2025,10,28,7,Lào Cai,Xã Khao Mang,21.9078898,103.9748758,54,Moderate,1,15.1,86,0.0,6.3,93,870.6,91,14.0,14.0,293.0,8.0,56.0,2.2
2025-10-28 08:00:00,2025,10,28,8,Lào Cai,Xã Khao Mang,21.9078898,103.9748758,53,Moderate,1,16.5,77,0.0,5.9,67,871.4,97,7.5,7.5,278.0,6.0,65.0,2.4
2025-10-28 09:00:00,2025,10,28,9,Lào Cai,Xã Khao Mang,21.9078898,103.9748758,52,Moderate,1,18.5,67,0.0,6.6,43,872.2,84,6.2,6.2,247.0,3.3,77.0,2.8
2025-10-28 10:00:00,2025,10,28,10,Lào Cai,Xã Khao Mang,21.9078898,103.9748758,51,Moderate,1,20.3,59,0.0,7.6,36,872.7,88,5.7,5.7,222.0,1.3,87.0,2.9
2025-10-28 11:00:00,2025,10,28,11,Lào Cai,Xã Khao Mang,21.9078898,103.9748758,51,Moderate,1,22.0,51,0.0,5.9,18,872.1,96,6.6,6.6,212.0,0.7,91.0,2.7
2025-10-28 12:00:00,2025,10,28,12,Lào Cai,Xã Khao Mang,21.9078898,103.9748758,51,Moderate,1,22.1,52,0.0,6.0,331,871.3,99,6.7,6.7,208.0,0.9,91.0,2.4
2025-10-28 13:00:00,2025,10,28,13,Lào Cai,Xã Khao Mang,21.9078898,103.9748758,50,Good,0,21.8,53,0.0,4.6,283,870.5,98,7.0,7.0,210.0,1.1,92.0,2.1
2025-10-28 14:00:00,2025,10,28,14,Lào Cai,Xã Khao Mang,21.9078898,103.9748758,50,Good,0,21.2,57,0.0,6.5,354,869.4,92,7.5,7.5,218.0,0.9,95.0,2.0
2025-10-28 15:00:00,2025,10,28,15,Lào Cai,Xã Khao Mang,21.9078898,103.9748758,50,Good,0,20.8,62,0.0,7.5,10,869.0,95,8.2,8.2,231.0,0.8,97.0,1.9
2025-10-28 16:00:00,2025,10,28,16,Lào Cai,Xã Khao Mang,21.9078898,103.9748758,50,Good,0,20.1,66,0.0,5.6,17,868.9,100,8.9,8.9,246.0,1.6,96.0,2.0
2025-10-28 17:00:00,2025,10,28,17,Lào Cai,Xã Khao Mang,21.9078898,103.9748758,50,Good,0,18.5,75,0.0,4.2,12,868.7,100,9.8,9.8,264.0,4.0,88.0,2.4
2025-10-28 18:00:00,2025,10,28,18,Lào Cai,Xã Khao Mang,21.9078898,103.9748758,50,Good,0,17.3,80,0.0,3.9,34,868.6,96,11.3,11.3,284.0,7.3,76.0,3.0
2025-10-28 19:00:00,2025,10,28,19,Lào Cai,Xã Khao Mang,21.9078898,103.9748758,50,Good,0,17.3,86,0.0,3.2,93,869.3,100,16.8,16.8,299.0,9.7,67.0,3.9
2025-10-28 20:00:00,2025,10,28,20,Lào Cai,Xã Khao Mang,21.9078898,103.9748758,51,Moderate,1,16.9,85,0.0,3.8,71,869.4,100,18.6,18.6,308.0,11.1,64.0,4.1
2025-10-28 21:00:00,2025,10,28,21,Lào Cai,Xã Khao Mang,21.9078898,103.9748758,51,Moderate,1,16.5,85,0.0,3.9,77,869.5,84,20.1,20.1,311.0,13.0,60.0,4.4
2025-10-28 22:00:00,2025,10,28,22,Lào Cai,Xã Khao Mang,21.9078898,103.9748758,51,Moderate,1,16.0,86,0.0,3.6,87,869.4,65,22.2,22.2,309.0,14.1,58.0,4.4
2025-10-28 23:00:00,2025,10,28,23,Lào Cai,Xã Khao Mang,21.9078898,103.9748758,52,Moderate,1,14.8,89,0.0,3.1,97,868.7,54,25.9,25.9,297.0,13.7,58.0,3.8
2025-10-29 00:00:00,2025,10,29,0,Lào Cai,Xã Khao Mang,21.9078898,103.9748758,53,Moderate,1,14.2,90,0.0,3.6,99,868.2,65,27.2,27.2,280.0,12.4,60.0,2.8
2025-10-29 01:00:00,2025,10,29,1,Lào Cai,Xã Khao Mang,21.9078898,103.9748758,54,Moderate,1,13.8,95,0.0,5.8,110,868.0,98,27.4,27.5,265.0,11.0,63.0,2.0
2025-10-29 02:00:00,2025,10,29,2,Lào Cai,Xã Khao Mang,21.9078898,103.9748758,55,Moderate,1,13.6,93,0.0,7.7,102,867.4,92,27.5,27.6,251.0,9.6,67.0,1.4
2025-10-29 03:00:00,2025,10,29,3,Lào Cai,Xã Khao Mang,21.9078898,103.9748758,56,Moderate,1,13.0,92,0.0,7.7,106,866.8,91,28.1,28.1,240.0,8.1,72.0,1.0
2025-10-29 04:00:00,2025,10,29,4,Lào Cai,Xã Khao Mang,21.9078898,103.9748758,57,Moderate,1,12.3,92,0.0,6.8,108,866.6,98,27.4,27.4,245.0,7.0,74.0,0.7
2025-10-29 05:00:00,2025,10,29,5,Lào Cai,Xã Khao Mang,21.9078898,103.9748758,58,Moderate,1,11.7,92,0.0,4.9,107,866.4,94,27.2,27.2,287.0,6.7,70.0,0.5
2025-10-29 06:00:00,2025,10,29,6,Lào Cai,Xã Khao Mang,21.9078898,103.9748758,59,Moderate,1,11.4,91,0.0,4.0,108,866.7,99,27.1,27.1,345.0,6.7,63.0,0.4
2025-10-29 07:00:00,2025,10,29,7,Lào Cai,Xã Khao Mang,21.9078898,103.9748758,59,Moderate,1,12.4,91,0.0,4.8,112,868.3,92,30.2,30.2,375.0,6.8,68.0,0.8
2025-10-29 08:00:00,2025,10,29,8,Lào Cai,Xã Khao Mang,21.9078898,103.9748758,61,Moderate,1,16.3,79,0.0,3.6,53,870.4,95,25.3,25.4,346.0,5.2,79.0,1.9
2025-10-29 09:00:00,2025,10,29,9,Lào Cai,Xã Khao Mang,21.9078898,103.9748758,62,Moderate,1,18.5,70,0.0,4.0,3,871.1,98,21.5,21.7,289.0,3.0,94.0,3.3
2025-10-29 10:00:00,2025,10,29,10,Lào Cai,Xã Khao Mang,21.9078898,103.9748758,64,Moderate,1,20.2,64,0.0,5.4,339,871.7,95,19.5,19.7,248.0,1.4,105.0,4.4
2025-10-29 11:00:00,2025,10,29,11,Lào Cai,Xã Khao Mang,21.9078898,103.9748758,65,Moderate,1,21.7,60,0.0,6.3,305,871.1,100,17.3,17.5,245.0,0.9,106.0,4.6
2025-10-29 12:00:00,2025,10,29,12,Lào Cai,Xã Khao Mang,21.9078898,103.9748758,66,Moderate,1,21.1,65,0.0,10.5,301,869.9,100,16.7,16.9,258.0,1.1,103.0,4.4
2025-10-29 13:00:00,2025,10,29,13,Lào Cai,Xã Khao Mang,21.9078898,103.9748758,67,Moderate,1,21.5,67,0.0,9.7,273,869.7,100,18.9,19.0,270.0,1.3,100.0,4.2
2025-10-29 14:00:00,2025,10,29,14,Lào Cai,Xã Khao Mang,21.9078898,103.9748758,68,Moderate,1,20.6,72,0.1,8.3,269,868.7,100,20.8,21.0,272.0,1.1,101.0,4.1
2025-10-29 15:00:00,2025,10,29,15,Lào Cai,Xã Khao Mang,21.9078898,103.9748758,69,Moderate,1,19.8,77,0.2,7.1,277,868.3,100,22.4,22.6,272.0,1.0,103.0,4.0
2025-10-29 16:00:00,2025,10,29,16,Lào Cai,Xã Khao Mang,21.9078898,103.9748758,70,Moderate,1,19.1,80,0.1,6.2,308,868.2,100,24.0,24.2,279.0,2.0,101.0,4.1
2025-10-29 17:00:00,2025,10,29,17,Lào Cai,Xã Khao Mang,21.9078898,103.9748758,72,Moderate,1,18.3,83,0.0,5.1,337,868.2,100,26.3,26.5,296.0,5.3,92.0,4.6
2025-10-29 18:00:00,2025,10,29,18,Lào Cai,Xã Khao Mang,21.9078898,103.9748758,73,Moderate,1,17.5,88,0.0,1.6,63,868.3,100,28.5,28.6,319.0,9.7,80.0,5.2
2025-10-29 19:00:00,2025,10,29,19,Lào Cai,Xã Khao Mang,21.9078898,103.9748758,75,Moderate,1,17.8,85,0.0,0.6,124,868.7,9,22.8,22.9,346.0,11.3,71.0,5.1
2025-10-29 20:00:00,2025,10,29,20,Lào Cai,Xã Khao Mang,21.9078898,103.9748758,75,Moderate,1,16.5,89,0.0,2.4,117,868.6,0,25.5,25.6,384.0,12.6,68.0,5.4
2025-10-29 21:00:00,2025,10,29,21,Lào Cai,Xã Khao Mang,21.9078898,103.9748758,76,Moderate,1,15.8,91,0.0,2.7,113,868.5,84,27.6,27.7,425.0,14.2,65.0,5.8
2025-10-29 22:00:00,2025,10,29,22,Lào Cai,Xã Khao Mang,21.9078898,103.9748758,77,Moderate,1,15.8,92,0.0,3.4,115,868.9,89,29.7,29.8,449.0,15.1,62.0,5.8
2025-10-29 23:00:00,2025,10,29,23,Lào Cai,Xã Khao Mang,21.9078898,103.9748758,77,Moderate,1,15.4,93,0.0,3.4,115,868.8,54,33.2,33.2,444.0,14.4,61.0,5.0
2025-10-30 00:00:00,2025,10,30,0,Lào Cai,Xã Khao Mang,21.9078898,103.9748758,78,Moderate,1,15.2,93,0.0,4.2,115,868.5,99,33.6,33.8,421.0,12.8,60.0,3.9
2025-10-30 01:00:00,2025,10,30,1,Lào Cai,Xã Khao Mang,21.9078898,103.9748758,78,Moderate,1,15.8,93,0.0,5.6,111,868.8,100,33.1,33.2,392.0,11.4,59.0,2.9
2025-10-30 02:00:00,2025,10,30,2,Lào Cai,Xã Khao Mang,21.9078898,103.9748758,79,Moderate,1,15.1,95,0.0,6.9,113,867.7,100,34.3,34.3,353.0,10.5,57.0,2.2
2025-10-30 03:00:00,2025,10,30,3,Lào Cai,Xã Khao Mang,21.9078898,103.9748758,80,Moderate,1,14.9,93,0.0,7.9,114,867.4,100,35.9,35.9,309.0,9.8,55.0,1.8
2025-10-30 04:00:00,2025,10,30,4,Lào Cai,Xã Khao Mang,21.9078898,103.9748758,80,Moderate,1,14.5,92,0.0,7.8,116,867.2,100,34.7,34.8,285.0,9.3,54.0,1.5
2025-10-30 05:00:00,2025,10,30,5,Lào Cai,Xã Khao Mang,21.9078898,103.9748758,81,Moderate,1,14.4,92,0.0,7.9,114,867.6,95,34.5,34.6,306.0,9.2,53.0,1.4
2025-10-30 06:00:00,2025,10,30,6,Lào Cai,Xã Khao Mang,21.9078898,103.9748758,82,Moderate,1,14.2,92,0.0,7.6,109,868.0,87,34.9,35.0,347.0,9.2,52.0,1.5
2025-10-30 07:00:00,2025,10,30,7,Lào Cai,Xã Khao Mang,21.9078898,103.9748758,82,Moderate,1,15.1,89,0.0,6.5,109,869.1,69,28.0,28.1,362.0,8.4,45.0,2.2
2025-10-30 08:00:00,2025,10,30,8,Lào Cai,Xã Khao Mang,21.9078898,103.9748758,82,Moderate,1,17.4,84,0.0,4.3,73,870.3,97,20.7,20.7,317.0,6.3,66.0,3.6
2025-10-30 09:00:00,2025,10,30,9,Lào Cai,Xã Khao Mang,21.9078898,103.9748758,82,Moderate,1,20.0,74,0.0,4.5,5,871.5,94,15.3,15.3,246.0,3.4,95.0,5.5
2025-10-30 10:00:00,2025,10,30,10,Lào Cai,Xã Khao Mang,21.9078898,103.9748758,81,Moderate,1,22.1,65,0.0,5.4,352,872.1,100,11.5,11.5,199.0,1.3,114.0,6.8
2025-10-30 11:00:00,2025,10,30,11,Lào Cai,Xã Khao Mang,21.9078898,103.9748758,80,Moderate,1,23.3,62,0.0,7.4,313,871.6,100,9.5,9.5,204.0,0.8,115.0,6.7
2025-10-30 12:00:00,2025,10,30,12,Lào Cai,Xã Khao Mang,21.9078898,103.9748758,80,Moderate,1,22.2,69,0.0,7.6,306,870.7,100,9.5,9.5,233.0,1.0,107.0,6.0
2025-10-30 13:00:00,2025,10,30,13,Lào Cai,Xã Khao Mang,21.9078898,103.9748758,79,Moderate,1,22.8,71,0.1,6.5,289,870.2,100,10.3,10.3,261.0,1.3,100.0,5.4
2025-10-30 14:00:00,2025,10,30,14,Lào Cai,Xã Khao Mang,21.9078898,103.9748758,78,Moderate,1,22.0,75,0.4,6.1,330,869.6,96,11.5,11.5,278.0,1.2,100.0,5.1
2025-10-30 15:00:00,2025,10,30,15,Lào Cai,Xã Khao Mang,21.9078898,103.9748758,77,Moderate,1,21.6,76,0.2,6.9,6,869.1,100,12.8,12.8,294.0,1.1,102.0,5.0
2025-10-30 16:00:00,2025,10,30,16,Lào Cai,Xã Khao Mang,21.9078898,103.9748758,77,Moderate,1,21.0,75,0.1,8.2,32,868.9,99,13.7,13.7,309.0,1.8,100.0,5.1
2025-10-30 17:00:00,2025,10,30,17,Lào Cai,Xã Khao Mang,21.9078898,103.9748758,76,Moderate,1,19.6,82,0.0,6.3,53,868.7,97,15.6,15.6,329.0,3.9,90.0,5.5
2025-10-30 18:00:00,2025,10,30,18,Lào Cai,Xã Khao Mang,21.9078898,103.9748758,75,Moderate,1,18.5,86,0.0,5.6,65,868.7,96,17.5,17.5,349.0,6.7,77.0,6.2
2025-10-30 19:00:00,2025,10,30,19,Lào Cai,Xã Khao Mang,21.9078898,103.9748758,74,Moderate,1,18.6,87,0.0,8.2,75,869.4,100,31.5,31.5,350.0,8.3,68.0,7.1
2025-10-30 20:00:00,2025,10,30,20,Lào Cai,Xã Khao Mang,21.9078898,103.9748758,75,Moderate,1,18.3,87,0.0,7.6,72,870.0,75,33.9,33.9,318.0,8.3,66.0,7.2
2025-10-30 21:00:00,2025,10,30,21,Lào Cai,Xã Khao Mang,21.9078898,103.9748758,75,Moderate,1,18.1,87,0.0,7.2,71,870.4,64,35.6,35.7,268.0,8.2,62.0,7.3
2025-10-30 22:00:00,2025,10,30,22,Lào Cai,Xã Khao Mang,21.9078898,103.9748758,76,Moderate,1,18.0,87,0.0,7.1,69,870.4,66,35.5,35.5,230.0,8.1,59.0,7.3
2025-10-30 23:00:00,2025,10,30,23,Lào Cai,Xã Khao Mang,21.9078898,103.9748758,76,Moderate,1,17.7,88,0.0,7.2,72,869.9,88,32.9,33.1,217.0,7.9,56.0,7.0
2025-10-31 00:00:00,2025,10,31,0,Lào Cai,Xã Khao Mang,21.9078898,103.9748758,76,Moderate,1,17.2,89,0.0,4.6,81,869.5,47,30.3,30.4,216.0,7.7,54.0,6.6
2025-10-31 01:00:00,2025,10,31,1,Lào Cai,Xã Khao Mang,21.9078898,103.9748758,76,Moderate,1,17.2,92,0.0,4.2,85,869.4,55,28.5,28.5,218.0,7.3,53.0,6.2
2025-10-31 02:00:00,2025,10,31,2,Lào Cai,Xã Khao Mang,21.9078898,103.9748758,76,Moderate,1,17.1,92,0.0,4.6,64,868.9,98,28.2,28.2,221.0,6.7,56.0,6.1
2025-10-31 03:00:00,2025,10,31,3,Lào Cai,Xã Khao Mang,21.9078898,103.9748758,75,Moderate,1,17.0,91,0.0,4.3,68,868.6,98,27.9,27.9,227.0,6.0,61.0,6.1
2025-10-31 04:00:00,2025,10,31,4,Lào Cai,Xã Khao Mang,21.9078898,103.9748758,74,Moderate,1,17.0,91,0.0,3.2,71,869.0,98,26.8,26.8,237.0,5.4,65.0,5.9
2025-10-31 05:00:00,2025,10,31,5,Lào Cai,Xã Khao Mang,21.9078898,103.9748758,74,Moderate,1,16.9,91,0.0,2.6,56,869.5,98,26.1,26.1,257.0,5.2,66.0,5.4
2025-10-31 06:00:00,2025,10,31,6,Lào Cai,Xã Khao Mang,21.9078898,103.9748758,73,Moderate,1,16.7,92,0.0,2.7,67,869.7,98,25.6,25.7,282.0,5.2,65.0,4.8
2025-10-31 07:00:00,2025,10,31,7,Lào Cai,Xã Khao Mang,21.9078898,103.9748758,72,Moderate,1,18.0,90,0.0,3.8,85,870.9,98,21.0,21.1,295.0,4.9,69.0,4.7
2025-10-31 08:00:00,2025,10,31,8,Lào Cai,Xã Khao Mang,21.9078898,103.9748758,72,Moderate,1,19.0,83,0.0,6.4,47,871.4,96,16.3,16.4,287.0,4.1,72.0,4.4
2025-10-31 09:00:00,2025,10,31,9,Lào Cai,Xã Khao Mang,21.9078898,103.9748758,71,Moderate,1,20.4,74,0.0,7.3,44,872.2,99,15.9,16.0,269.0,3.0,77.0,3.9
2025-10-31 10:00:00,2025,10,31,10,Lào Cai,Xã Khao Mang,21.9078898,103.9748758,71,Moderate,1,21.8,68,0.0,7.5,42,872.7,98,16.6,16.6,253.0,2.1,81.0,3.5
2025-10-31 11:00:00,2025,10,31,11,Lào Cai,Xã Khao Mang,21.9078898,103.9748758,72,Moderate,1,22.5,65,0.0,4.8,48,872.0,82,15.7,15.8,242.0,1.7,83.0,3.3
2025-10-31 12:00:00,2025,10,31,12,Lào Cai,Xã Khao Mang,21.9078898,103.9748758,72,Moderate,1,22.8,64,0.3,1.6,354,871.0,91,15.7,15.8,235.0,1.4,84.0,3.1
2025-10-31 13:00:00,2025,10,31,13,Lào Cai,Xã Khao Mang,21.9078898,103.9748758,73,Moderate,1,23.2,60,0.1,0.8,225,870.8,91,15.8,15.9,240.0,1.4,84.0,3.0
2025-10-31 14:00:00,2025,10,31,14,Lào Cai,Xã Khao Mang,21.9078898,103.9748758,73,Moderate,1,22.7,64,0.2,4.3,358,869.7,75,16.5,16.5,272.0,1.5,85.0,2.9
2025-10-31 15:00:00,2025,10,31,15,Lào Cai,Xã Khao Mang,21.9078898,103.9748758,74,Moderate,1,22.5,66,0.0,6.3,13,868.9,70,17.5,17.5,318.0,1.7,85.0,2.9
2025-10-31 16:00:00,2025,10,31,16,Lào Cai,Xã Khao Mang,21.9078898,103.9748758,74,Moderate,1,21.1,75,0.3,4.4,9,868.8,66,19.1,19.1,345.0,2.2,84.0,3.1
2025-10-31 17:00:00,2025,10,31,17,Lào Cai,Xã Khao Mang,21.9078898,103.9748758,75,Moderate,1,19.8,82,0.2,6.2,33,868.7,38,21.7,21.7,339.0,3.3,80.0,3.5
2025-10-31 18:00:00,2025,10,31,18,Lào Cai,Xã Khao Mang,21.9078898,103.9748758,75,Moderate,1,18.2,89,0.1,5.4,69,868.9,41,24.4,24.4,315.0,4.6,74.0,4.1
2025-10-31 19:00:00,2025,10,31,19,Lào Cai,Xã Khao Mang,21.9078898,103.9748758,76,Moderate,1,18.0,93,0.0,7.5,69,869.5,77,29.5,29.6,288.0,5.1,68.0,4.7
2025-10-31 20:00:00,2025,10,31,20,Lào Cai,Xã Khao Mang,21.9078898,103.9748758,76,Moderate,1,17.6,94,0.0,7.8,71,869.9,83,30.0,30.0,259.0,5.6,63.0,4.8
2025-10-31 21:00:00,2025,10,31,21,Lào Cai,Xã Khao Mang,21.9078898,103.9748758,75,Moderate,1,17.5,92,0.0,6.9,76,870.3,83,29.3,29.3,227.0,6.2,56.0,4.8
2025-10-31 22:00:00,2025,10,31,22,Lào Cai,Xã Khao Mang,21.9078898,103.9748758,75,Moderate,1,17.2,91,0.0,6.3,72,870.5,95,29.5,29.6,204.0,6.5,51.0,4.8
2025-10-31 23:00:00,2025,10,31,23,Lào Cai,Xã Khao Mang,21.9078898,103.9748758,74,Moderate,1,17.0,90,0.0,6.9,65,870.3,98,29.3,29.3,197.0,6.3,49.0,4.6
2025-11-01 00:00:00,2025,11,1,0,Lào Cai,Xã Khao Mang,21.9078898,103.9748758,74,Moderate,1,16.5,91,0.0,6.3,75,869.9,48,28.7,28.7,200.0,5.9,50.0,4.2
2025-11-01 01:00:00,2025,11,1,1,Lào Cai,Xã Khao Mang,21.9078898,103.9748758,74,Moderate,1,17.0,91,0.0,6.6,69,869.8,84,24.7,24.7,202.0,5.4,50.0,3.8
2025-11-01 02:00:00,2025,11,1,2,Lào Cai,Xã Khao Mang,21.9078898,103.9748758,73,Moderate,1,17.0,89,0.0,6.6,69,869.4,100,22.0,22.0,200.0,4.8,50.0,3.3
2025-11-01 03:00:00,2025,11,1,3,Lào Cai,Xã Khao Mang,21.9078898,103.9748758,73,Moderate,1,17.0,88,0.0,6.3,66,869.1,100,19.2,19.3,198.0,4.3,49.0,2.7
2025-11-01 04:00:00,2025,11,1,4,Lào Cai,Xã Khao Mang,21.9078898,103.9748758,72,Moderate,1,17.0,87,0.0,6.1,71,868.9,100,16.4,16.4,200.0,3.9,49.0,2.3
2025-11-01 05:00:00,2025,11,1,5,Lào Cai,Xã Khao Mang,21.9078898,103.9748758,71,Moderate,1,16.5,87,0.0,5.2,70,868.8,95,12.9,12.9,212.0,4.1,47.0,2.1
2025-11-01 06:00:00,2025,11,1,6,Lào Cai,Xã Khao Mang,21.9078898,103.9748758,70,Moderate,1,15.3,90,0.0,5.5,81,868.9,95,11.6,11.6,228.0,4.5,46.0,2.2
2025-11-01 07:00:00,2025,11,1,7,Lào Cai,Xã Khao Mang,21.9078898,103.9748758,69,Moderate,1,16.8,86,0.0,6.0,73,870.4,100,11.5,11.5,235.0,4.4,51.0,2.5
2025-11-01 08:00:00,2025,11,1,8,Lào Cai,Xã Khao Mang,21.9078898,103.9748758,68,Moderate,1,17.0,84,0.1,6.3,72,870.9,100,10.2,10.3,224.0,3.7,59.0,2.5
2025-11-01 09:00:00,2025,11,1,9,Lào Cai,Xã Khao Mang,21.9078898,103.9748758,67,Moderate,1,18.1,79,0.0,6.2,64,871.4,100,10.5,10.6,204.0,2.7,69.0,2.5
2025-11-01 10:00:00,2025,11,1,10,Lào Cai,Xã Khao Mang,21.9078898,103.9748758,67,Moderate,1,19.8,71,0.0,6.8,55,872.0,100,10.6,10.6,193.0,1.9,77.0,2.4
2025-11-01 11:00:00,2025,11,1,11,Lào Cai,Xã Khao Mang,21.9078898,103.9748758,66,Moderate,1,21.0,66,0.0,4.6,21,871.8,100,10.0,10.0,199.0,1.6,80.0,2.3
2025-11-01 12:00:00,2025,11,1,12,Lào Cai,Xã Khao Mang,21.9078898,103.9748758,66,Moderate,1,20.1,71,0.1,4.7,360,870.5,100,10.3,10.4,213.0,1.6,80.0,2.1
2025-11-01 13:00:00,2025,11,1,13,Lào Cai,Xã Khao Mang,21.9078898,103.9748758,65,Moderate,1,18.9,75,0.3,4.2,18,869.6,100,10.7,10.7,230.0,1.7,80.0,2.0
2025-11-01 14:00:00,2025,11,1,14,Lào Cai,Xã Khao Mang,21.9078898,103.9748758,65,Moderate,1,18.9,76,0.0,7.2,32,868.8,100,10.9,10.9,249.0,1.9,80.0,2.1
2025-11-01 15:00:00,2025,11,1,15,Lào Cai,Xã Khao Mang,21.9078898,103.9748758,64,Moderate,1,18.7,76,0.0,7.0,32,868.2,100,11.6,11.6,270.0,2.3,80.0,2.3
2025-11-01 16:00:00,2025,11,1,16,Lào Cai,Xã Khao Mang,21.9078898,103.9748758,64,Moderate,1,18.6,75,0.0,7.6,36,867.8,98,12.2,12.2,290.0,2.8,78.0,2.5
2025-11-01 17:00:00,2025,11,1,17,Lào Cai,Xã Khao Mang,21.9078898,103.9748758,63,Moderate,1,17.4,80,0.0,7.3,40,867.4,98,13.0,13.0,310.0,3.7,74.0,2.8
2025-11-01 18:00:00,2025,11,1,18,Lào Cai,Xã Khao Mang,21.9078898,103.9748758,63,Moderate,1,16.5,83,0.0,6.6,47,868.2,97,13.9,13.9,328.0,4.9,69.0,3.2
2025-11-01 19:00:00,2025,11,1,19,Lào Cai,Xã Khao Mang,21.9078898,103.9748758,62,Moderate,1,17.0,88,0.0,5.5,52,869.1,99,8.9,8.9,333.0,5.5,58.0,2.1
2025-11-01 20:00:00,2025,11,1,20,Lào Cai,Xã Khao Mang,21.9078898,103.9748758,60,Moderate,1,16.8,85,0.0,8.1,61,869.3,100,9.4,9.4,316.0,5.1,59.0,2.1
2025-11-01 21:00:00,2025,11,1,21,Lào Cai,Xã Khao Mang,21.9078898,103.9748758,58,Moderate,1,16.6,83,0.0,5.8,68,869.8,100,9.4,9.4,287.0,4.5,60.0,2.0
2025-11-01 22:00:00,2025,11,1,22,Lào Cai,Xã Khao Mang,21.9078898,103.9748758,56,Moderate,1,16.4,83,0.0,5.7,62,870.1,100,7.3,7.3,264.0,4.1,60.0,2.0
2025-11-01 23:00:00,2025,11,1,23,Lào Cai,Xã Khao Mang,21.9078898,103.9748758,54,Moderate,1,16.1,83,0.0,5.3,55,869.8,100,6.2,6.2,253.0,3.9,59.0,1.9
2025-11-02 00:00:00,2025,11,2,0,Lào Cai,Xã Khao Mang,21.9078898,103.9748758,52,Moderate,1,15.9,83,0.0,5.9,50,869.4,100,5.6,5.6,248.0,3.9,56.0,1.9
2025-11-02 01:00:00,2025,11,2,1,Lào Cai,Xã Khao Mang,21.9078898,103.9748758,50,Good,0,16.2,90,0.0,6.1,56,869.2,100,5.0,5.0,246.0,3.8,54.0,1.8
2025-11-02 02:00:00,2025,11,2,2,Lào Cai,Xã Khao Mang,21.9078898,103.9748758,47,Good,0,16.1,86,0.0,7.1,52,868.3,100,5.1,5.1,245.0,3.7,52.0,1.7
2025-11-02 03:00:00,2025,11,2,3,Lào Cai,Xã Khao Mang,21.9078898,103.9748758,44,Good,0,15.9,85,0.0,5.8,56,868.0,100,4.6,4.6,246.0,3.6,50.0,1.6
2025-11-02 04:00:00,2025,11,2,4,Lào Cai,Xã Khao Mang,21.9078898,103.9748758,41,Good,0,15.6,86,0.0,5.4,53,868.1,100,4.1,4.1,251.0,3.6,49.0,1.5
2025-11-02 05:00:00,2025,11,2,5,Lào Cai,Xã Khao Mang,21.9078898,103.9748758,39,Good,0,15.4,84,0.0,5.2,61,868.1,100,4.0,4.0,261.0,3.8,49.0,1.5
2025-11-02 06:00:00,2025,11,2,6,Lào Cai,Xã Khao Mang,21.9078898,103.9748758,38,Good,0,15.3,84,0.0,5.9,59,868.7,100,4.0,4.0,273.0,4.1,49.0,1.5
2025-11-02 07:00:00,2025,11,2,7,Lào Cai,Xã Khao Mang,21.9078898,103.9748758,36,Good,0,15.3,94,0.0,4.7,47,869.5,100,3.5,3.5,284.0,4.0,51.0,1.7
2025-11-02 08:00:00,2025,11,2,8,Lào Cai,Xã Khao Mang,21.9078898,103.9748758,35,Good,0,15.5,89,0.0,6.9,51,870.2,100,5.2,5.2,292.0,3.5,56.0,1.9
2025-11-02 09:00:00,2025,11,2,9,Lào Cai,Xã Khao Mang,21.9078898,103.9748758,34,Good,0,16.0,88,0.0,6.2,54,870.8,100,6.9,6.9,297.0,2.9,63.0,2.1
2025-11-02 10:00:00,2025,11,2,10,Lào Cai,Xã Khao Mang,21.9078898,103.9748758,33,Good,0,16.7,83,0.0,6.6,45,871.3,100,8.2,8.2,299.0,2.3,69.0,2.3
2025-11-02 11:00:00,2025,11,2,11,Lào Cai,Xã Khao Mang,21.9078898,103.9748758,33,Good,0,17.6,77,0.0,7.8,48,870.6,100,8.4,8.4,293.0,1.9,74.0,2.3
2025-11-02 12:00:00,2025,11,2,12,Lào Cai,Xã Khao Mang,21.9078898,103.9748758,33,Good,0,20.0,68,0.0,6.3,37,870.2,100,8.4,8.5,283.0,1.5,79.0,2.1
2025-11-02 13:00:00,2025,11,2,13,Lào Cai,Xã Khao Mang,21.9078898,103.9748758,32,Good,0,18.1,75,0.1,8.0,31,869.3,100,8.8,8.8,276.0,1.4,82.0,2.0
2025-11-02 14:00:00,2025,11,2,14,Lào Cai,Xã Khao Mang,21.9078898,103.9748758,32,Good,0,17.4,76,0.1,8.3,44,868.5,100,9.0,9.1,277.0,1.6,83.0,1.9
2025-11-02 15:00:00,2025,11,2,15,Lào Cai,Xã Khao Mang,21.9078898,103.9748758,32,Good,0,17.0,75,0.0,8.5,52,868.2,100,9.5,9.6,281.0,2.0,82.0,1.9
2025-11-02 16:00:00,2025,11,2,16,Lào Cai,Xã Khao Mang,21.9078898,103.9748758,34,Good,0,16.5,75,0.0,9.8,60,867.8,100,9.9,10.0,286.0,2.4,80.0,2.0
2025-11-02 17:00:00,2025,11,2,17,Lào Cai,Xã Khao Mang,21.9078898,103.9748758,35,Good,0,15.6,78,0.0,10.8,64,867.6,97,10.5,10.5,290.0,2.9,78.0,2.2
2025-11-02 18:00:00,2025,11,2,18,Lào Cai,Xã Khao Mang,21.9078898,103.9748758,36,Good,0,14.8,81,0.0,10.7,70,867.8,94,11.0,11.1,295.0,3.4,76.0,2.6
2025-11-02 19:00:00,2025,11,2,19,Lào Cai,Xã Khao Mang,21.9078898,103.9748758,37,Good,0,15.1,86,0.0,9.2,67,868.9,93,13.6,13.6,298.0,5.4,62.0,4.5
2025-11-02 20:00:00,2025,11,2,20,Lào Cai,Xã Khao Mang,21.9078898,103.9748758,36,Good,0,15.0,84,0.0,9.3,72,869.4,100,13.9,13.9,300.0,5.4,60.0,4.6
2025-11-02 21:00:00,2025,11,2,21,Lào Cai,Xã Khao Mang,21.9078898,103.9748758,35,Good,0,15.0,81,0.0,8.2,68,869.9,100,14.3,14.4,300.0,5.5,57.0,4.6
2025-11-02 22:00:00,2025,11,2,22,Lào Cai,Xã Khao Mang,21.9078898,103.9748758,34,Good,0,14.8,81,0.0,7.7,60,869.8,94,14.8,14.9,301.0,5.4,55.0,4.6
2025-11-02 23:00:00,2025,11,2,23,Lào Cai,Xã Khao Mang,21.9078898,103.9748758,34,Good,0,14.6,81,0.0,6.9,67,869.6,95,15.0,15.1,303.0,5.0,54.0,4.5
2025-11-03 00:00:00,2025,11,3,0,Lào Cai,Xã Khao Mang,21.9078898,103.9748758,35,Good,0,14.3,82,0.0,6.3,63,869.0,94,15.2,15.3,305.0,4.6,55.0,4.2
2025-11-03 01:00:00,2025,11,3,1,Lào Cai,Xã Khao Mang,21.9078898,103.9748758,37,Good,0,14.0,86,0.0,6.7,63,868.5,98,15.1,15.3,306.0,4.2,54.0,4.0
2025-11-03 02:00:00,2025,11,3,2,Lào Cai,Xã Khao Mang,21.9078898,103.9748758,39,Good,0,14.0,85,0.0,7.3,74,867.7,99,15.4,15.5,305.0,4.1,52.0,3.8
2025-11-03 03:00:00,2025,11,3,3,Lào Cai,Xã Khao Mang,21.9078898,103.9748758,41,Good,0,14.0,85,0.0,5.6,68,867.5,99,15.7,15.8,304.0,4.1,48.0,3.5
2025-11-03 04:00:00,2025,11,3,4,Lào Cai,Xã Khao Mang,21.9078898,103.9748758,42,Good,0,14.2,84,0.0,7.2,63,867.5,100,15.7,15.8,305.0,4.1,47.0,3.3
2025-11-03 05:00:00,2025,11,3,5,Lào Cai,Xã Khao Mang,21.9078898,103.9748758,44,Good,0,14.1,84,0.0,7.4,61,867.8,100,15.9,16.1,310.0,4.1,48.0,3.2
2025-11-03 06:00:00,2025,11,3,6,Lào Cai,Xã Khao Mang,21.9078898,103.9748758,47,Good,0,14.0,84,0.0,7.2,63,868.4,100,15.6,15.8,318.0,4.1,51.0,3.3
2025-11-03 07:00:00,2025,11,3,7,Lào Cai,Xã Khao Mang,21.9078898,103.9748758,49,Good,0,14.1,85,0.0,8.3,60,869.2,100,19.5,19.7,321.0,4.9,49.0,4.1
2025-11-03 08:00:00,2025,11,3,8,Lào Cai,Xã Khao Mang,21.9078898,103.9748758,51,Moderate,1,14.6,81,0.0,10.0,69,869.8,100,16.5,16.8,318.0,3.9,58.0,3.7
2025-11-03 09:00:00,2025,11,3,9,Lào Cai,Xã Khao Mang,21.9078898,103.9748758,52,Moderate,1,15.9,74,0.0,10.5,66,870.7,100,13.3,13.5,310.0,2.5,70.0,3.2
2025-11-03 10:00:00,2025,11,3,10,Lào Cai,Xã Khao Mang,21.9078898,103.9748758,52,Moderate,1,17.9,66,0.0,11.5,70,871.4,100,11.2,11.4,301.0,1.5,79.0,2.7
2025-11-03 11:00:00,2025,11,3,11,Lào Cai,Xã Khao Mang,21.9078898,103.9748758,52,Moderate,1,18.3,65,0.0,11.0,66,870.8,100,9.7,9.9,289.0,1.1,83.0,2.3
2025-11-03 12:00:00,2025,11,3,12,Lào Cai,Xã Khao Mang,21.9078898,103.9748758,53,Moderate,1,18.2,66,0.0,11.4,61,870.2,100,9.3,9.5,275.0,1.1,84.0,1.9
2025-11-03 13:00:00,2025,11,3,13,Lào Cai,Xã Khao Mang,21.9078898,103.9748758,53,Moderate,1,16.9,68,0.0,11.4,61,869.4,100,9.2,9.4,263.0,1.2,84.0,1.7
2025-11-03 14:00:00,2025,11,3,14,Lào Cai,Xã Khao Mang,21.9078898,103.9748758,53,Moderate,1,16.7,69,0.0,11.9,68,868.5,100,9.1,9.3,256.0,1.4,84.0,1.6
2025-11-03 15:00:00,2025,11,3,15,Lào Cai,Xã Khao Mang,21.9078898,103.9748758,53,Moderate,1,17.1,67,0.0,10.4,69,868.1,100,9.0,9.2,251.0,1.7,82.0,1.7
2025-11-03 16:00:00,2025,11,3,16,Lào Cai,Xã Khao Mang,21.9078898,103.9748758,53,Moderate,1,16.3,71,0.0,10.6,60,867.7,99,9.0,9.2,247.0,2.1,80.0,1.8
2025-11-03 17:00:00,2025,11,3,17,Lào Cai,Xã Khao Mang,21.9078898,103.9748758,53,Moderate,1,15.0,76,0.0,10.2,59,867.5,99,8.5,8.7,243.0,2.7,77.0,2.0
2025-11-03 18:00:00,2025,11,3,18,Lào Cai,Xã Khao Mang,21.9078898,103.9748758,52,Moderate,1,14.0,81,0.0,9.5,69,867.4,98,8.6,8.8,241.0,3.3,73.0,2.3
2025-11-03 19:00:00,2025,11,3,19,Lào Cai,Xã Khao Mang,21.9078898,103.9748758,52,Moderate,1,13.9,84,0.0,8.7,69,868.0,99,7.0,7.2,238.0,3.9,68.0,2.6
2025-11-03 20:00:00,2025,11,3,20,Lào Cai,Xã Khao Mang,21.9078898,103.9748758,52,Moderate,1,13.5,86,0.0,8.9,65,868.2,100,7.1,7.2,235.0,4.0,66.0,2.6
2025-11-03 21:00:00,2025,11,3,21,Lào Cai,Xã Khao Mang,21.9078898,103.9748758,51,Moderate,1,13.3,87,0.0,8.9,71,868.4,100,7.1,7.2,233.0,4.2,63.0,2.6
2025-11-03 22:00:00,2025,11,3,22,Lào Cai,Xã Khao Mang,21.9078898,103.9748758,50,Good,0,13.3,87,0.0,7.9,69,868.6,98,7.4,7.5,230.0,4.2,61.0,2.6
2025-11-03 23:00:00,2025,11,3,23,Lào Cai,Xã Khao Mang,21.9078898,103.9748758,49,Good,0,13.2,87,0.0,7.7,65,869.0,100,7.5,7.6,226.0,3.9,61.0,2.4
2025-11-04 00:00:00,2025,11,4,0,Lào Cai,Xã Khao Mang,21.9078898,103.9748758,48,Good,0,13.1,86,0.0,8.0,67,868.4,99,7.4,7.5,221.0,3.5,62.0,2.2
2025-11-04 01:00:00,2025,11,4,1,Lào Cai,Xã Khao Mang,21.9078898,103.9748758,47,Good,0,13.2,86,0.0,7.0,67,868.3,100,7.4,7.5,217.0,3.1,62.0,2.0
2025-11-04 02:00:00,2025,11,4,2,Lào Cai,Xã Khao Mang,21.9078898,103.9748758,46,Good,0,13.2,84,0.0,6.8,65,867.8,98,7.2,7.4,212.0,2.9,61.0,1.9
2025-11-04 03:00:00,2025,11,4,3,Lào Cai,Xã Khao Mang,21.9078898,103.9748758,44,Good,0,12.4,87,0.0,6.5,76,867.3,99,7.2,7.3,208.0,2.7,60.0,1.7
2025-11-04 04:00:00,2025,11,4,4,Lào Cai,Xã Khao Mang,21.9078898,103.9748758,43,Good,0,12.4,86,0.0,8.0,82,867.0,92,7.2,7.3,206.0,2.7,58.0,1.7
2025-11-04 05:00:00,2025,11,4,5,Lào Cai,Xã Khao Mang,21.9078898,103.9748758,41,Good,0,12.6,86,0.0,8.2,82,867.3,91,7.4,7.5,210.0,3.1,56.0,1.8
2025-11-04 06:00:00,2025,11,4,6,Lào Cai,Xã Khao Mang,21.9078898,103.9748758,40,Good,0,13.0,84,0.0,7.4,77,867.8,98,7.8,7.9,216.0,3.7,53.0,2.0
2025-11-04 07:00:00,2025,11,4,7,Lào Cai,Xã Khao Mang,21.9078898,103.9748758,38,Good,0,13.4,85,0.0,7.3,65,868.8,100,7.3,7.4,220.0,3.8,58.0,2.2
2025-11-04 08:00:00,2025,11,4,8,Lào Cai,Xã Khao Mang,21.9078898,103.9748758,36,Good,0,14.7,80,0.0,8.4,62,869.7,100,7.3,7.5,217.0,3.2,63.0,2.1
2025-11-04 09:00:00,2025,11,4,9,Lào Cai,Xã Khao Mang,21.9078898,103.9748758,35,Good,0,16.5,74,0.0,8.6,49,870.8,97,6.8,6.9,210.0,2.3,70.0,2.0
2025-11-04 10:00:00,2025,11,4,10,Lào Cai,Xã Khao Mang,21.9078898,103.9748758,33,Good,0,17.7,70,0.0,10.5,51,871.2,77,6.4,6.5,206.0,1.6,76.0,1.8
2025-11-04 11:00:00,2025,11,4,11,Lào Cai,Xã Khao Mang,21.9078898,103.9748758,33,Good,0,18.3,68,0.0,10.8,48,871.0,83,6.2,6.2,208.0,1.3,79.0,1.6
2025-11-04 12:00:00,2025,11,4,12,Lào Cai,Xã Khao Mang,21.9078898,103.9748758,32,Good,0,18.9,67,0.0,10.3,49,869.9,48,6.1,6.2,212.0,1.3,81.0,1.4
2025-11-04 13:00:00,2025,11,4,13,Lào Cai,Xã Khao Mang,21.9078898,103.9748758,31,Good,0,19.9,64,0.0,7.6,47,869.6,86,6.2,6.2,215.0,1.3,82.0,1.2
2025-11-04 14:00:00,2025,11,4,14,Lào Cai,Xã Khao Mang,21.9078898,103.9748758,33,Good,0,19.6,66,0.0,6.5,23,868.8,100,6.2,6.3,214.0,1.4,83.0,1.1
2025-11-04 15:00:00,2025,11,4,15,Lào Cai,Xã Khao Mang,21.9078898,103.9748758,34,Good,0,18.8,69,0.0,6.7,360,868.2,100,6.5,6.5,212.0,1.5,83.0,1.1
2025-11-04 16:00:00,2025,11,4,16,Lào Cai,Xã Khao Mang,21.9078898,103.9748758,36,Good,0,18.2,72,0.0,5.4,360,867.8,100,6.8,6.9,216.0,2.0,81.0,1.2
2025-11-04 17:00:00,2025,11,4,17,Lào Cai,Xã Khao Mang,21.9078898,103.9748758,37,Good,0,17.1,77,0.0,4.3,360,867.3,99,7.3,7.4,234.0,3.0,77.0,1.5
2025-11-04 18:00:00,2025,11,4,18,Lào Cai,Xã Khao Mang,21.9078898,103.9748758,37,Good,0,15.9,83,0.0,2.9,7,867.2,76,7.9,7.9,259.0,4.2,70.0,1.8
2025-11-04 19:00:00,2025,11,4,19,Lào Cai,Xã Khao Mang,21.9078898,103.9748758,37,Good,0,16.0,85,0.0,3.9,62,867.9,50,11.8,11.9,274.0,4.8,64.0,2.5
2025-11-04 20:00:00,2025,11,4,20,Lào Cai,Xã Khao Mang,21.9078898,103.9748758,36,Good,0,15.5,86,0.0,4.2,50,867.9,18,11.6,11.7,272.0,4.9,61.0,2.6
2025-11-04 21:00:00,2025,11,4,21,Lào Cai,Xã Khao Mang,21.9078898,103.9748758,35,Good,0,15.0,87,0.0,4.0,39,867.9,53,11.7,11.8,260.0,5.1,58.0,2.8
2025-11-04 22:00:00,2025,11,4,22,Lào Cai,Xã Khao Mang,21.9078898,103.9748758,33,Good,0,14.9,86,0.0,4.2,47,867.9,63,12.0,12.1,249.0,5.3,54.0,2.9
2025-11-04 23:00:00,2025,11,4,23,Lào Cai,Xã Khao Mang,21.9078898,103.9748758,32,Good,0,14.7,86,0.0,2.4,48,867.9,52,12.4,12.5,242.0,5.4,51.0,2.9
2025-11-05 00:00:00,2025,11,5,0,Lào Cai,Xã Khao Mang,21.9078898,103.9748758,33,Good,0,14.5,85,0.0,2.2,35,867.5,68,12.6,12.6,237.0,5.4,49.0,2.7
2025-11-05 01:00:00,2025,11,5,1,Lào Cai,Xã Khao Mang,21.9078898,103.9748758,34,Good,0,14.7,92,0.0,2.3,61,867.3,95,12.7,12.8,230.0,5.5,46.0,2.6
2025-11-05 02:00:00,2025,11,5,2,Lào Cai,Xã Khao Mang,21.9078898,103.9748758,35,Good,0,14.8,86,0.0,3.9,47,866.9,92,13.3,13.3,217.0,5.6,42.0,2.4
2025-11-05 03:00:00,2025,11,5,3,Lào Cai,Xã Khao Mang,21.9078898,103.9748758,36,Good,0,14.2,87,0.0,2.2,42,866.2,98,13.4,13.5,203.0,5.8,37.0,2.3
2025-11-05 04:00:00,2025,11,5,4,Lào Cai,Xã Khao Mang,21.9078898,103.9748758,37,Good,0,13.9,87,0.0,1.8,53,865.8,100,14.0,14.0,204.0,5.9,35.0,2.1
2025-11-05 05:00:00,2025,11,5,5,Lào Cai,Xã Khao Mang,21.9078898,103.9748758,38,Good,0,13.4,88,0.0,2.0,80,865.8,96,14.6,14.6,240.0,6.0,35.0,2.0
2025-11-05 06:00:00,2025,11,5,6,Lào Cai,Xã Khao Mang,21.9078898,103.9748758,40,Good,0,13.5,88,0.0,1.8,96,866.3,98,15.4,15.4,292.0,6.0,37.0,1.9
2025-11-05 07:00:00,2025,11,5,7,Lào Cai,Xã Khao Mang,21.9078898,103.9748758,41,Good,0,13.8,86,0.0,2.4,42,867.2,100,13.9,13.9,316.0,4.6,50.0,2.5
2025-11-05 08:00:00,2025,11,5,8,Lào Cai,Xã Khao Mang,21.9078898,103.9748758,42,Good,0,15.0,83,0.0,4.0,18,868.0,98,10.3,10.3,283.0,3.7,57.0,2.2
2025-11-05 09:00:00,2025,11,5,9,Lào Cai,Xã Khao Mang,21.9078898,103.9748758,43,Good,0,17.4,74,0.0,4.3,358,868.9,98,8.5,8.5,223.0,2.5,67.0,1.7
2025-11-05 10:00:00,2025,11,5,10,Lào Cai,Xã Khao Mang,21.9078898,103.9748758,43,Good,0,18.9,70,0.0,5.3,327,869.0,100,7.7,7.7,182.0,1.6,74.0,1.3
2025-11-05 11:00:00,2025,11,5,11,Lào Cai,Xã Khao Mang,21.9078898,103.9748758,43,Good,0,19.2,70,0.0,7.2,307,868.4,100,7.4,7.4,185.0,1.3,77.0,1.0
2025-11-05 12:00:00,2025,11,5,12,Lào Cai,Xã Khao Mang,21.9078898,103.9748758,43,Good,0,19.4,71,0.0,8.5,298,867.6,100,7.6,7.6,207.0,1.4,79.0,0.9
2025-11-05 13:00:00,2025,11,5,13,Lào Cai,Xã Khao Mang,21.9078898,103.9748758,44,Good,0,18.9,77,0.1,9.6,284,867.1,100,9.1,9.1,223.0,1.5,79.0,0.8
2025-11-05 14:00:00,2025,11,5,14,Lào Cai,Xã Khao Mang,21.9078898,103.9748758,44,Good,0,18.2,82,0.2,7.4,292,866.1,100,10.4,10.4,219.0,1.4,80.0,0.8
2025-11-05 15:00:00,2025,11,5,15,Lào Cai,Xã Khao Mang,21.9078898,103.9748758,45,Good,0,18.2,82,0.1,5.1,288,865.7,100,10.4,10.4,210.0,1.4,80.0,1.0
2025-11-05 16:00:00,2025,11,5,16,Lào Cai,Xã Khao Mang,21.9078898,103.9748758,46,Good,0,18.0,82,0.0,4.7,298,865.4,100,10.8,10.9,214.0,2.3,77.0,1.2
2025-11-05 17:00:00,2025,11,5,17,Lào Cai,Xã Khao Mang,21.9078898,103.9748758,46,Good,0,17.5,83,0.0,4.0,306,865.1,98,11.8,11.8,244.0,4.8,68.0,1.7
2025-11-05 18:00:00,2025,11,5,18,Lào Cai,Xã Khao Mang,21.9078898,103.9748758,47,Good,0,16.5,91,0.0,0.6,304,864.7,17,13.0,13.0,288.0,8.2,56.0,2.3
2025-11-05 19:00:00,2025,11,5,19,Lào Cai,Xã Khao Mang,21.9078898,103.9748758,48,Good,0,15.6,93,0.0,0.6,146,865.3,16,20.9,21.0,326.0,8.7,50.0,2.8
2025-11-05 20:00:00,2025,11,5,20,Lào Cai,Xã Khao Mang,21.9078898,103.9748758,50,Good,0,14.8,94,0.0,1.7,131,865.1,9,21.5,21.6,357.0,8.8,49.0,3.1
2025-11-05 21:00:00,2025,11,5,21,Lào Cai,Xã Khao Mang,21.9078898,103.9748758,51,Moderate,1,14.6,94,0.0,1.9,124,865.4,31,22.6,22.6,382.0,8.9,47.0,3.5
2025-11-05 22:00:00,2025,11,5,22,Lào Cai,Xã Khao Mang,21.9078898,103.9748758,52,Moderate,1,14.1,95,0.0,2.0,117,865.4,51,24.1,24.1,388.0,9.0,44.0,3.7
2025-11-05 23:00:00,2025,11,5,23,Lào Cai,Xã Khao Mang,21.9078898,103.9748758,53,Moderate,1,14.1,92,0.0,1.5,120,865.7,21,24.6,24.6,361.0,9.0,41.0,3.6
2025-11-06 00:00:00,2025,11,6,0,Lào Cai,Xã Khao Mang,21.9078898,103.9748758,54,Moderate,1,13.8,91,0.0,1.0,121,865.3,4,25.3,25.4,315.0,8.9,37.0,3.3
2025-11-06 01:00:00,2025,11,6,1,Lào Cai,Xã Khao Mang,21.9078898,103.9748758,55,Moderate,1,13.7,91,0.0,1.0,135,864.8,5,26.5,26.5,274.0,8.8,34.0,3.0
2025-11-06 02:00:00,2025,11,6,2,Lào Cai,Xã Khao Mang,21.9078898,103.9748758,56,Moderate,1,13.5,92,0.0,1.3,124,864.4,19,27.6,27.6,241.0,8.8,32.0,2.8
2025-11-06 03:00:00,2025,11,6,3,Lào Cai,Xã Khao Mang,21.9078898,103.9748758,57,Moderate,1,13.4,92,0.0,0.8,117,864.3,5,28.7,28.8,214.0,8.8,32.0,2.7
2025-11-06 04:00:00,2025,11,6,4,Lào Cai,Xã Khao Mang,21.9078898,103.9748758,59,Moderate,1,13.4,91,0.0,1.9,119,864.2,2,30.0,30.2,206.0,8.7,32.0,2.6
2025-11-06 05:00:00,2025,11,6,5,Lào Cai,Xã Khao Mang,21.9078898,103.9748758,60,Moderate,1,13.2,92,0.0,1.6,117,864.1,14,31.3,31.4,236.0,8.7,33.0,2.7
2025-11-06 06:00:00,2025,11,6,6,Lào Cai,Xã Khao Mang,21.9078898,103.9748758,62,Moderate,1,13.3,90,0.0,0.8,117,864.5,6,32.4,32.4,286.0,8.7,35.0,2.9
2025-11-06 07:00:00,2025,11,6,7,Lào Cai,Xã Khao Mang,21.9078898,103.9748758,63,Moderate,1,15.0,90,0.0,0.8,135,866.0,0,24.2,24.2,312.0,6.8,38.0,2.8
2025-11-06 08:00:00,2025,11,6,8,Lào Cai,Xã Khao Mang,21.9078898,103.9748758,64,Moderate,1,17.1,85,0.0,1.0,315,867.3,1,19.6,19.7,290.0,5.1,51.0,2.5
2025-11-06 09:00:00,2025,11,6,9,Lào Cai,Xã Khao Mang,21.9078898,103.9748758,65,Moderate,1,18.9,77,0.0,4.3,298,868.3,1,14.8,14.8,245.0,2.8,70.0,2.1
2025-11-06 10:00:00,2025,11,6,10,Lào Cai,Xã Khao Mang,21.9078898,103.9748758,65,Moderate,1,20.6,71,0.0,6.6,286,869.0,11,12.3,12.4,211.0,1.2,83.0,1.9
2025-11-06 11:00:00,2025,11,6,11,Lào Cai,Xã Khao Mang,21.9078898,103.9748758,66,Moderate,1,22.0,64,0.0,8.2,278,868.9,100,10.9,10.9,203.0,0.8,87.0,1.9
2025-11-06 12:00:00,2025,11,6,12,Lào Cai,Xã Khao Mang,21.9078898,103.9748758,66,Moderate,1,22.1,65,0.0,8.5,277,868.0,71,11.2,11.3,207.0,1.1,86.0,2.1
2025-11-06 13:00:00,2025,11,6,13,Lào Cai,Xã Khao Mang,21.9078898,103.9748758,66,Moderate,1,22.5,63,0.0,9.0,272,867.7,68,12.7,12.8,210.0,1.4,85.0,2.4
2025-11-06 14:00:00,2025,11,6,14,Lào Cai,Xã Khao Mang,21.9078898,103.9748758,67,Moderate,1,22.0,66,0.0,8.7,278,866.7,99,13.8,13.8,203.0,1.3,88.0,2.9
2025-11-06 15:00:00,2025,11,6,15,Lào Cai,Xã Khao Mang,21.9078898,103.9748758,67,Moderate,1,21.7,68,0.0,8.3,281,866.2,42,15.1,15.1,197.0,1.2,92.0,3.5
2025-11-06 16:00:00,2025,11,6,16,Lào Cai,Xã Khao Mang,21.9078898,103.9748758,68,Moderate,1,21.1,70,0.0,7.4,288,865.7,9,16.4,16.5,208.0,2.0,92.0,4.2
2025-11-06 17:00:00,2025,11,6,17,Lào Cai,Xã Khao Mang,21.9078898,103.9748758,68,Moderate,1,19.5,81,0.0,3.1,336,865.2,100,18.7,18.8,253.0,4.5,86.0,5.1
2025-11-06 18:00:00,2025,11,6,18,Lào Cai,Xã Khao Mang,21.9078898,103.9748758,69,Moderate,1,17.7,86,0.0,2.2,95,864.6,29,22.1,22.1,317.0,7.9,77.0,6.1
2025-11-06 19:00:00,2025,11,6,19,Lào Cai,Xã Khao Mang,21.9078898,103.9748758,69,Moderate,1,16.9,89,0.0,2.2,125,864.8,3,27.0,27.1,369.0,12.5,69.0,6.9
2025-11-06 20:00:00,2025,11,6,20,Lào Cai,Xã Khao Mang,21.9078898,103.9748758,70,Moderate,1,16.5,90,0.0,2.3,119,865.3,2,29.3,29.4,402.0,12.0,66.0,7.5
2025-11-06 21:00:00,2025,11,6,21,Lào Cai,Xã Khao Mang,21.9078898,103.9748758,71,Moderate,1,15.9,92,0.0,2.3,113,865.5,2,31.7,31.7,424.0,11.3,63.0,8.2
2025-11-06 22:00:00,2025,11,6,22,Lào Cai,Xã Khao Mang,21.9078898,103.9748758,71,Moderate,1,15.3,93,0.0,2.5,111,865.7,2,34.5,34.5,427.0,10.6,59.0,8.8
2025-11-06 23:00:00,2025,11,6,23,Lào Cai,Xã Khao Mang,21.9078898,103.9748758,72,Moderate,1,14.8,94,0.0,3.2,109,865.5,2,36.4,36.6,401.0,10.1,55.0,8.9
2025-11-07 00:00:00,2025,11,7,0,Lào Cai,Xã Khao Mang,21.9078898,103.9748758,73,Moderate,1,14.9,92,0.0,2.9,112,865.2,43,38.2,38.2,356.0,9.6,51.0,8.8
2025-11-07 01:00:00,2025,11,7,1,Lào Cai,Xã Khao Mang,21.9078898,103.9748758,75,Moderate,1,14.8,92,0.0,3.0,107,864.7,83,39.6,39.7,315.0,9.0,50.0,9.0
2025-11-07 02:00:00,2025,11,7,2,Lào Cai,Xã Khao Mang,21.9078898,103.9748758,76,Moderate,1,14.6,94,0.0,4.1,105,864.3,100,40.2,40.2,279.0,8.1,53.0,9.9
2025-11-07 03:00:00,2025,11,7,3,Lào Cai,Xã Khao Mang,21.9078898,103.9748758,77,Moderate,1,14.1,95,0.0,3.4,108,864.0,100,41.0,41.0,247.0,7.1,58.0,11.2
2025-11-07 04:00:00,2025,11,7,4,Lào Cai,Xã Khao Mang,21.9078898,103.9748758,78,Moderate,1,14.3,95,0.0,3.3,112,864.2,100,40.2,40.2,237.0,6.3,62.0,12.4
2025-11-07 05:00:00,2025,11,7,5,Lào Cai,Xã Khao Mang,21.9078898,103.9748758,79,Moderate,1,13.8,97,0.0,4.0,117,864.0,100,40.4,40.4,271.0,6.1,63.0,13.5
2025-11-07 06:00:00,2025,11,7,6,Lào Cai,Xã Khao Mang,21.9078898,103.9748758,80,Moderate,1,13.5,97,0.0,4.2,115,864.4,100,39.6,39.6,326.0,6.2,63.0,14.5
2025-11-07 07:00:00,2025,11,7,7,Lào Cai,Xã Khao Mang,21.9078898,103.9748758,80,Moderate,1,16.2,84,0.0,4.0,87,866.2,100,34.8,34.9,352.0,3.8,87.0,17.4
2025-11-07 08:00:00,2025,11,7,8,Lào Cai,Xã Khao Mang,21.9078898,103.9748758,81,Moderate,1,18.4,78,0.0,4.0,36,867.6,100,34.5,34.5,317.0,3.2,93.0,15.8
2025-11-07 09:00:00,2025,11,7,9,Lào Cai,Xã Khao Mang,21.9078898,103.9748758,83,Moderate,1,20.3,73,0.0,4.3,5,868.7,100,32.9,33.1,253.0,2.4,101.0,13.5
2025-11-07 10:00:00,2025,11,7,10,Lào Cai,Xã Khao Mang,21.9078898,103.9748758,84,Moderate,1,22.3,66,0.0,5.9,360,869.3,100,32.0,32.1,201.0,1.7,107.0,11.3
2025-11-07 11:00:00,2025,11,7,11,Lào Cai,Xã Khao Mang,21.9078898,103.9748758,86,Moderate,1,24.3,59,0.0,5.4,354,869.2,100,30.3,30.4,174.0,1.3,108.0,9.4
2025-11-07 12:00:00,2025,11,7,12,Lào Cai,Xã Khao Mang,21.9078898,103.9748758,88,Moderate,1,24.4,59,0.0,6.0,339,868.2,100,26.5,26.7,158.0,1.2,107.0,7.7
2025-11-07 13:00:00,2025,11,7,13,Lào Cai,Xã Khao Mang,21.9078898,103.9748758,89,Moderate,1,24.1,60,0.0,6.9,31,867.5,99,23.7,23.8,157.0,1.1,105.0,6.2
2025-11-07 14:00:00,2025,11,7,14,Lào Cai,Xã Khao Mang,21.9078898,103.9748758,90,Moderate,1,24.0,61,0.0,9.4,45,866.6,99,21.7,21.8,180.0,1.0,102.0,5.0
2025-11-07 15:00:00,2025,11,7,15,Lào Cai,Xã Khao Mang,21.9078898,103.9748758,91,Moderate,1,24.3,59,0.0,10.1,47,866.2,93,19.4,19.5,217.0,1.0,98.0,4.1
2025-11-07 16:00:00,2025,11,7,16,Lào Cai,Xã Khao Mang,21.9078898,103.9748758,91,Moderate,1,22.8,67,0.0,9.0,37,865.7,63,18.2,18.3,243.0,1.6,92.0,3.5
2025-11-07 17:00:00,2025,11,7,17,Lào Cai,Xã Khao Mang,21.9078898,103.9748758,91,Moderate,1,21.0,77,0.0,7.5,42,865.5,49,19.3,19.4,247.0,3.5,83.0,3.5
2025-11-07 18:00:00,2025,11,7,18,Lào Cai,Xã Khao Mang,21.9078898,103.9748758,91,Moderate,1,19.7,82,0.0,8.0,63,865.6,98,21.0,21.1,240.0,5.9,71.0,3.8
2025-11-07 19:00:00,2025,11,7,19,Lào Cai,Xã Khao Mang,21.9078898,103.9748758,91,Moderate,1,18.9,87,0.0,7.6,63,866.6,99,24.9,25.0,232.0,6.9,74.0,4.9
2025-11-07 20:00:00,2025,11,7,20,Lào Cai,Xã Khao Mang,21.9078898,103.9748758,91,Moderate,1,18.9,87,0.0,7.5,73,867.0,99,27.4,27.5,226.0,6.6,73.0,4.9
2025-11-07 21:00:00,2025,11,7,21,Lào Cai,Xã Khao Mang,21.9078898,103.9748758,91,Moderate,1,19.0,86,0.0,5.1,82,867.7,100,28.3,28.5,218.0,6.2,71.0,4.8
2025-11-07 22:00:00,2025,11,7,22,Lào Cai,Xã Khao Mang,21.9078898,103.9748758,91,Moderate,1,18.8,87,0.0,6.3,77,867.7,98,27.5,27.6,210.0,5.8,69.0,4.5
2025-11-07 23:00:00,2025,11,7,23,Lào Cai,Xã Khao Mang,21.9078898,103.9748758,90,Moderate,1,18.5,88,0.1,6.9,84,867.6,100,23.2,23.3,200.0,5.4,66.0,3.9
2025-11-08 00:00:00,2025,11,8,0,Lào Cai,Xã Khao Mang,21.9078898,103.9748758,89,Moderate,1,18.5,88,0.0,6.7,76,867.5,100,18.9,18.9,190.0,5.1,62.0,3.2
2025-11-08 01:00:00,2025,11,8,1,Lào Cai,Xã Khao Mang,21.9078898,103.9748758,87,Moderate,1,18.1,91,0.0,5.4,75,867.0,100,12.5,12.6,181.0,4.8,58.0,2.6
2025-11-08 02:00:00,2025,11,8,2,Lào Cai,Xã Khao Mang,21.9078898,103.9748758,85,Moderate,1,18.1,90,0.0,7.7,60,866.5,99,10.3,10.3,172.0,4.6,54.0,2.2
2025-11-08 03:00:00,2025,11,8,3,Lào Cai,Xã Khao Mang,21.9078898,103.9748758,82,Moderate,1,18.0,90,0.0,6.8,68,866.3,100,9.2,9.2,166.0,4.4,51.0,1.9
2025-11-08 04:00:00,2025,11,8,4,Lào Cai,Xã Khao Mang,21.9078898,103.9748758,79,Moderate,1,17.8,91,0.0,7.2,68,866.1,98,7.1,7.2,170.0,4.4,49.0,1.8
2025-11-08 05:00:00,2025,11,8,5,Lào Cai,Xã Khao Mang,21.9078898,103.9748758,76,Moderate,1,17.8,92,0.0,6.9,84,865.9,100,6.1,6.1,199.0,4.8,49.0,2.1
2025-11-08 06:00:00,2025,11,8,6,Lào Cai,Xã Khao Mang,21.9078898,103.9748758,73,Moderate,1,17.8,91,0.1,5.9,88,866.5,98,5.8,5.8,238.0,5.5,51.0,2.5
2025-11-08 07:00:00,2025,11,8,7,Lào Cai,Xã Khao Mang,21.9078898,103.9748758,70,Moderate,1,18.3,94,0.0,4.4,102,867.5,99,4.8,4.8,260.0,5.7,52.0,2.8
2025-11-08 08:00:00,2025,11,8,8,Lào Cai,Xã Khao Mang,21.9078898,103.9748758,68,Moderate,1,18.9,92,0.1,5.8,56,868.4,22,2.1,2.1,244.0,5.0,55.0,3.3
2025-11-08 09:00:00,2025,11,8,9,Lào Cai,Xã Khao Mang,21.9078898,103.9748758,65,Moderate,1,20.8,81,0.0,7.7,57,869.6,72,1.4,1.4,210.0,3.9,60.0,4.0
2025-11-08 10:00:00,2025,11,8,10,Lào Cai,Xã Khao Mang,21.9078898,103.9748758,62,Moderate,1,21.9,74,0.0,7.9,55,870.0,61,1.2,1.2,185.0,3.1,64.0,4.4
2025-11-08 11:00:00,2025,11,8,11,Lào Cai,Xã Khao Mang,21.9078898,103.9748758,59,Moderate,1,21.5,74,0.0,7.3,33,869.3,90,1.7,1.7,181.0,2.7,66.0,4.3
2025-11-08 12:00:00,2025,11,8,12,Lào Cai,Xã Khao Mang,21.9078898,103.9748758,57,Moderate,1,21.5,75,0.2,5.3,52,868.4,100,1.8,1.8,187.0,2.4,67.0,3.9
2025-11-08 13:00:00,2025,11,8,13,Lào Cai,Xã Khao Mang,21.9078898,103.9748758,54,Moderate,1,21.6,80,0.6,4.4,71,867.9,86,2.4,2.5,192.0,2.3,68.0,3.6
2025-11-08 14:00:00,2025,11,8,14,Lào Cai,Xã Khao Mang,21.9078898,103.9748758,52,Moderate,1,21.5,76,0.2,5.9,47,867.4,89,2.8,2.8,193.0,2.1,71.0,3.5
2025-11-08 15:00:00,2025,11,8,15,Lào Cai,Xã Khao Mang,21.9078898,103.9748758,51,Moderate,1,21.4,76,0.1,6.5,32,866.6,43,3.7,3.7,195.0,2.1,75.0,3.5
2025-11-08 16:00:00,2025,11,8,16,Lào Cai,Xã Khao Mang,21.9078898,103.9748758,49,Good,0,21.3,76,0.1,4.7,47,866.3,24,4.8,4.8,199.0,2.6,75.0,3.5
2025-11-08 17:00:00,2025,11,8,17,Lào Cai,Xã Khao Mang,21.9078898,103.9748758,47,Good,0,20.0,85,0.1,3.1,40,866.1,75,5.9,5.9,210.0,4.3,69.0,3.6
2025-11-08 18:00:00,2025,11,8,18,Lào Cai,Xã Khao Mang,21.9078898,103.9748758,44,Good,0,18.5,88,0.0,3.8,79,866.4,41,7.2,7.3,224.0,6.5,60.0,3.7
2025-11-08 19:00:00,2025,11,8,19,Lào Cai,Xã Khao Mang,21.9078898,103.9748758,42,Good,0,18.8,95,0.1,4.0,82,867.2,45,11.2,11.4,235.0,6.1,69.0,4.5
2025-11-08 20:00:00,2025,11,8,20,Lào Cai,Xã Khao Mang,21.9078898,103.9748758,39,Good,0,18.7,95,0.0,2.7,86,867.7,92,8.4,8.4,239.0,6.1,66.0,4.2
2025-11-08 21:00:00,2025,11,8,21,Lào Cai,Xã Khao Mang,21.9078898,103.9748758,36,Good,0,18.5,95,0.0,4.3,75,867.9,100,5.9,6.0,239.0,6.2,62.0,3.8
2025-11-08 22:00:00,2025,11,8,22,Lào Cai,Xã Khao Mang,21.9078898,103.9748758,32,Good,0,18.6,92,0.0,2.5,86,868.2,100,3.7,3.7,239.0,6.1,58.0,3.5
2025-11-08 23:00:00,2025,11,8,23,Lào Cai,Xã Khao Mang,21.9078898,103.9748758,31,Good,0,18.4,94,0.0,2.4,73,868.0,100,3.0,3.0,240.0,5.9,56.0,3.6
2025-11-09 00:00:00,2025,11,9,0,Lào Cai,Xã Khao Mang,21.9078898,103.9748758,30,Good,0,18.2,92,0.0,1.6,96,867.9,100,2.0,2.0,241.0,5.6,55.0,3.8
2025-11-09 01:00:00,2025,11,9,1,Lào Cai,Xã Khao Mang,21.9078898,103.9748758,29,Good,0,18.1,94,0.0,1.8,90,867.4,100,1.5,1.5,243.0,5.4,53.0,4.1
2025-11-09 02:00:00,2025,11,9,2,Lào Cai,Xã Khao Mang,21.9078898,103.9748758,28,Good,0,17.8,93,0.1,1.4,67,867.0,100,1.2,1.2,245.0,5.2,50.0,4.4
2025-11-09 03:00:00,2025,11,9,3,Lào Cai,Xã Khao Mang,21.9078898,103.9748758,27,Good,0,17.4,97,0.0,2.4,99,866.2,34,1.1,1.1,248.0,5.1,47.0,4.8
2025-11-09 04:00:00,2025,11,9,4,Lào Cai,Xã Khao Mang,21.9078898,103.9748758,26,Good,0,16.9,95,0.0,1.8,114,866.0,30,1.2,1.2,253.0,5.3,44.0,5.1
2025-11-09 05:00:00,2025,11,9,5,Lào Cai,Xã Khao Mang,21.9078898,103.9748758,25,Good,0,16.5,94,0.0,1.5,104,865.8,65,1.3,1.3,265.0,6.1,39.0,5.2
2025-11-09 06:00:00,2025,11,9,6,Lào Cai,Xã Khao Mang,21.9078898,103.9748758,23,Good,0,16.1,94,0.0,1.8,101,866.2,67,1.4,1.4,279.0,7.1,34.0,5.2
2025-11-09 07:00:00,2025,11,9,7,Lào Cai,Xã Khao Mang,21.9078898,103.9748758,22,Good,0,17.9,98,0.0,3.5,69,867.4,98,1.4,1.4,279.0,8.7,31.0,5.8
2025-11-09 08:00:00,2025,11,9,8,Lào Cai,Xã Khao Mang,21.9078898,103.9748758,20,Good,0,18.9,97,0.0,1.3,352,868.5,86,1.3,1.3,253.0,7.6,38.0,6.8
2025-11-09 09:00:00,2025,11,9,9,Lào Cai,Xã Khao Mang,21.9078898,103.9748758,19,Good,0,19.8,94,0.1,1.5,306,869.6,100,1.2,1.2,213.0,6.0,47.0,8.1
2025-11-09 10:00:00,2025,11,9,10,Lào Cai,Xã Khao Mang,21.9078898,103.9748758,19,Good,0,21.0,84,0.2,4.3,285,869.9,100,1.4,1.5,183.0,4.8,55.0,8.7
2025-11-09 11:00:00,2025,11,9,11,Lào Cai,Xã Khao Mang,21.9078898,103.9748758,19,Good,0,21.4,80,0.2,4.5,284,869.1,100,2.2,2.2,174.0,4.2,61.0,8.0
2025-11-09 12:00:00,2025,11,9,12,Lào Cai,Xã Khao Mang,21.9078898,103.9748758,20,Good,0,22.1,76,0.1,4.4,277,868.3,99,3.1,3.2,174.0,3.9,65.0,6.6
2025-11-09 13:00:00,2025,11,9,13,Lào Cai,Xã Khao Mang,21.9078898,103.9748758,21,Good,0,22.5,75,0.1,5.1,287,868.0,95,3.9,3.9,176.0,3.7,68.0,5.5
2025-11-09 14:00:00,2025,11,9,14,Lào Cai,Xã Khao Mang,21.9078898,103.9748758,23,Good,0,22.7,73,0.0,5.0,285,866.8,66,4.4,4.4,171.0,3.4,71.0,5.0
2025-11-09 15:00:00,2025,11,9,15,Lào Cai,Xã Khao Mang,21.9078898,103.9748758,25,Good,0,22.8,72,0.1,5.4,270,866.1,87,4.4,4.4,167.0,3.2,72.0,4.7
2025-11-09 16:00:00,2025,11,9,16,Lào Cai,Xã Khao Mang,21.9078898,103.9748758,28,Good,0,20.9,84,0.7,4.4,300,865.5,46,4.3,4.3,181.0,3.6,71.0,4.5
2025-11-09 17:00:00,2025,11,9,17,Lào Cai,Xã Khao Mang,21.9078898,103.9748758,30,Good,0,19.5,90,1.1,3.7,14,865.4,92,4.4,4.4,229.0,5.2,65.0,4.3
2025-11-09 18:00:00,2025,11,9,18,Lào Cai,Xã Khao Mang,21.9078898,103.9748758,31,Good,0,18.3,97,0.0,2.7,98,865.3,84,5.3,5.3,295.0,7.3,56.0,4.3
2025-11-09 19:00:00,2025,11,9,19,Lào Cai,Xã Khao Mang,21.9078898,103.9748758,31,Good,0,18.5,92,0.3,1.9,107,866.0,93,9.1,9.2,342.0,9.6,43.0,3.9
2025-11-09 20:00:00,2025,11,9,20,Lào Cai,Xã Khao Mang,21.9078898,103.9748758,30,Good,0,18.3,91,0.0,2.3,94,866.5,78,9.7,9.7,352.0,9.5,43.0,4.1
2025-11-09 21:00:00,2025,11,9,21,Lào Cai,Xã Khao Mang,21.9078898,103.9748758,28,Good,0,18.4,90,0.0,1.7,108,867.0,76,9.7,9.7,343.0,9.3,43.0,4.3
2025-11-09 22:00:00,2025,11,9,22,Lào Cai,Xã Khao Mang,21.9078898,103.9748758,27,Good,0,17.9,90,0.0,1.7,122,866.8,64,10.0,10.1,334.0,9.0,42.0,4.5
2025-11-09 23:00:00,2025,11,9,23,Lào Cai,Xã Khao Mang,21.9078898,103.9748758,25,Good,0,17.0,91,0.0,1.3,82,866.4,62,7.2,7.2,334.0,8.5,41.0,4.6
2025-11-10 00:00:00,2025,11,10,0,Lào Cai,Xã Khao Mang,21.9078898,103.9748758,23,Good,0,17.1,92,0.0,1.8,90,866.2,62,6.1,6.1,333.0,7.9,40.0,4.6
2025-11-10 01:00:00,2025,11,10,1,Lào Cai,Xã Khao Mang,21.9078898,103.9748758,22,Good,0,16.9,97,0.1,2.9,97,865.8,89,4.8,4.8,321.0,7.5,38.0,4.6
2025-11-10 02:00:00,2025,11,10,2,Lào Cai,Xã Khao Mang,21.9078898,103.9748758,20,Good,0,16.6,95,0.0,1.2,117,865.1,58,4.2,4.3,285.0,7.5,35.0,4.6
2025-11-10 03:00:00,2025,11,10,3,Lào Cai,Xã Khao Mang,21.9078898,103.9748758,19,Good,0,16.5,93,0.1,1.5,150,864.9,81,4.2,4.2,237.0,7.7,32.0,4.6
2025-11-10 04:00:00,2025,11,10,4,Lào Cai,Xã Khao Mang,21.9078898,103.9748758,18,Good,0,16.4,92,0.1,1.5,104,864.8,63,3.8,3.8,209.0,7.9,30.0,4.9
2025-11-10 05:00:00,2025,11,10,5,Lào Cai,Xã Khao Mang,21.9078898,103.9748758,19,Good,0,16.2,90,0.1,0.6,108,864.6,50,2.8,2.8,222.0,8.2,30.0,5.5
2025-11-10 06:00:00,2025,11,10,6,Lào Cai,Xã Khao Mang,21.9078898,103.9748758,19,Good,0,16.2,90,0.1,1.2,129,865.2,56,3.0,3.0,255.0,8.6,31.0,6.4
2025-11-10 07:00:00,2025,11,10,7,Lào Cai,Xã Khao Mang,21.9078898,103.9748758,19,Good,0,17.1,97,0.1,2.7,127,866.3,100,3.3,3.3,272.0,6.8,41.0,4.8
2025-11-10 08:00:00,2025,11,10,8,Lào Cai,Xã Khao Mang,21.9078898,103.9748758,20,Good,0,18.5,95,0.1,0.8,207,867.4,93,2.3,2.4,253.0,6.0,45.0,5.0
2025-11-10 09:00:00,2025,11,10,9,Lào Cai,Xã Khao Mang,21.9078898,103.9748758,20,Good,0,19.3,96,0.1,3.8,295,868.2,100,2.5,2.6,218.0,4.9,51.0,5.2
2025-11-10 10:00:00,2025,11,10,10,Lào Cai,Xã Khao Mang,21.9078898,103.9748758,20,Good,0,19.5,96,3.7,5.0,272,868.3,100,2.4,2.5,190.0,3.8,57.0,5.0
2025-11-10 11:00:00,2025,11,10,11,Lào Cai,Xã Khao Mang,21.9078898,103.9748758,20,Good,0,19.8,90,3.6,7.4,266,867.5,77,3.3,3.4,179.0,2.7,63.0,4.0
2025-11-10 12:00:00,2025,11,10,12,Lào Cai,Xã Khao Mang,21.9078898,103.9748758,21,Good,0,22.3,77,0.2,8.5,270,867.1,99,4.1,4.2,175.0,1.6,69.0,2.5
2025-11-10 13:00:00,2025,11,10,13,Lào Cai,Xã Khao Mang,21.9078898,103.9748758,22,Good,0,22.6,72,0.4,8.1,265,866.2,38,4.9,5.0,174.0,1.0,73.0,1.6
2025-11-10 14:00:00,2025,11,10,14,Lào Cai,Xã Khao Mang,21.9078898,103.9748758,25,Good,0,22.1,73,0.3,8.7,262,865.4,66,5.9,6.0,169.0,0.9,76.0,1.6
2025-11-10 15:00:00,2025,11,10,15,Lào Cai,Xã Khao Mang,21.9078898,103.9748758,28,Good,0,21.8,73,0.2,9.6,273,864.8,63,6.0,6.1,168.0,1.1,77.0,2.2
2025-11-10 16:00:00,2025,11,10,16,Lào Cai,Xã Khao Mang,21.9078898,103.9748758,30,Good,0,20.4,84,0.2,5.6,285,864.3,70,6.8,6.9,186.0,2.1,75.0,3.0
2025-11-10 17:00:00,2025,11,10,17,Lào Cai,Xã Khao Mang,21.9078898,103.9748758,31,Good,0,19.3,93,0.0,1.3,315,864.3,55,8.3,8.4,245.0,4.4,68.0,4.0
2025-11-10 18:00:00,2025,11,10,18,Lào Cai,Xã Khao Mang,21.9078898,103.9748758,32,Good,0,18.1,96,0.0,1.1,72,864.1,16,10.0,10.0,324.0,7.3,57.0,5.3
2025-11-10 19:00:00,2025,11,10,19,Lào Cai,Xã Khao Mang,21.9078898,103.9748758,32,Good,0,17.7,94,0.0,1.8,135,864.6,67,15.9,16.1,376.0,10.9,44.0,5.7
2025-11-10 20:00:00,2025,11,10,20,Lào Cai,Xã Khao Mang,21.9078898,103.9748758,31,Good,0,18.0,92,0.0,0.6,108,865.3,74,13.7,13.9,376.0,10.5,44.0,6.0
2025-11-10 21:00:00,2025,11,10,21,Lào Cai,Xã Khao Mang,21.9078898,103.9748758,30,Good,0,18.0,91,0.0,0.8,117,865.5,43,18.0,18.2,349.0,10.0,45.0,6.3
2025-11-10 22:00:00,2025,11,10,22,Lào Cai,Xã Khao Mang,21.9078898,103.9748758,28,Good,0,17.8,92,0.0,0.2,90,865.7,71,18.2,18.3,324.0,9.5,44.0,6.5
2025-11-10 23:00:00,2025,11,10,23,Lào Cai,Xã Khao Mang,21.9078898,103.9748758,28,Good,0,17.6,94,0.1,0.4,243,865.7,100,12.3,12.4,312.0,9.3,41.0,6.2
2025-11-11 00:00:00,2025,11,11,0,Lào Cai,Xã Khao Mang,21.9078898,103.9748758,29,Good,0,17.8,95,0.1,0.2,180,865.3,100,9.9,10.0,301.0,9.1,38.0,5.7
2025-11-11 01:00:00,2025,11,11,1,Lào Cai,Xã Khao Mang,21.9078898,103.9748758,30,Good,0,17.5,96,0.0,1.2,321,864.7,100,8.5,8.6,290.0,8.8,35.0,5.4
2025-11-11 02:00:00,2025,11,11,2,Lào Cai,Xã Khao Mang,21.9078898,103.9748758,30,Good,0,17.2,99,0.3,0.5,135,864.0,100,8.6,8.7,272.0,8.2,34.0,5.4
2025-11-11 03:00:00,2025,11,11,3,Lào Cai,Xã Khao Mang,21.9078898,103.9748758,31,Good,0,17.5,99,0.1,1.3,90,864.1,100,6.5,6.5,253.0,7.4,35.0,5.7
2025-11-11 04:00:00,2025,11,11,4,Lào Cai,Xã Khao Mang,21.9078898,103.9748758,31,Good,0,17.6,99,0.0,0.9,37,864.2,78,5.2,5.3,247.0,7.0,35.0,6.2
2025-11-11 05:00:00,2025,11,11,5,Lào Cai,Xã Khao Mang,21.9078898,103.9748758,32,Good,0,17.6,99,0.0,2.1,59,864.3,77,5.4,5.4,263.0,7.2,35.0,7.0
2025-11-11 06:00:00,2025,11,11,6,Lào Cai,Xã Khao Mang,21.9078898,103.9748758,32,Good,0,17.4,99,0.0,2.7,48,864.9,75,4.8,4.8,292.0,7.7,34.0,8.0
2025-11-11 07:00:00,2025,11,11,7,Lào Cai,Xã Khao Mang,21.9078898,103.9748758,32,Good,0,18.1,98,0.0,3.5,75,865.7,51,8.8,8.8,318.0,7.2,42.0,11.5
2025-11-11 08:00:00,2025,11,11,8,Lào Cai,Xã Khao Mang,21.9078898,103.9748758,33,Good,0,18.3,96,0.1,3.5,15,866.4,75,10.1,10.2,338.0,6.6,47.0,12.1
2025-11-11 09:00:00,2025,11,11,9,Lào Cai,Xã Khao Mang,21.9078898,103.9748758,35,Good,0,18.8,95,0.2,4.0,3,867.5,100,7.7,7.7,356.0,5.7,53.0,12.8
2025-11-11 10:00:00,2025,11,11,10,Lào Cai,Xã Khao Mang,21.9078898,103.9748758,36,Good,0,18.5,93,0.3,3.8,5,867.5,100,7.6,7.7,370.0,4.9,59.0,13.2
2025-11-11 11:00:00,2025,11,11,11,Lào Cai,Xã Khao Mang,21.9078898,103.9748758,37,Good,0,19.7,87,0.2,4.0,342,867.4,100,8.7,8.7,380.0,4.4,63.0,12.9
2025-11-11 12:00:00,2025,11,11,12,Lào Cai,Xã Khao Mang,21.9078898,103.9748758,37,Good,0,19.6,86,0.2,4.1,337,866.5,100,7.9,7.9,385.0,3.9,67.0,12.1
2025-11-11 13:00:00,2025,11,11,13,Lào Cai,Xã Khao Mang,21.9078898,103.9748758,38,Good,0,21.3,81,0.3,4.5,310,866.4,100,7.6,7.6,388.0,3.7,69.0,11.4
2025-11-11 14:00:00,2025,11,11,14,Lào Cai,Xã Khao Mang,21.9078898,103.9748758,39,Good,0,21.4,78,0.2,4.6,334,865.4,100,7.9,7.9,384.0,3.7,70.0,10.8
2025-11-11 15:00:00,2025,11,11,15,Lào Cai,Xã Khao Mang,21.9078898,103.9748758,39,Good,0,19.8,83,0.6,3.8,357,865.1,100,7.8,7.8,377.0,3.8,70.0,10.3
2025-11-11 16:00:00,2025,11,11,16,Lào Cai,Xã Khao Mang,21.9078898,103.9748758,39,Good,0,19.0,88,0.3,6.1,23,864.8,100,9.3,9.3,376.0,4.2,68.0,9.8
2025-11-11 17:00:00,2025,11,11,17,Lào Cai,Xã Khao Mang,21.9078898,103.9748758,40,Good,0,17.8,92,0.1,5.0,46,864.8,100,10.5,10.5,388.0,4.9,64.0,9.4
2025-11-11 18:00:00,2025,11,11,18,Lào Cai,Xã Khao Mang,21.9078898,103.9748758,40,Good,0,17.3,94,0.1,5.5,54,865.1,98,11.7,11.8,407.0,5.8,59.0,8.9
2025-11-11 19:00:00,2025,11,11,19,Lào Cai,Xã Khao Mang,21.9078898,103.9748758,40,Good,0,17.3,98,0.0,6.0,69,865.8,100,21.5,21.6,423.0,6.5,56.0,7.9
2025-11-11 20:00:00,2025,11,11,20,Lào Cai,Xã Khao Mang,21.9078898,103.9748758,41,Good,0,16.9,97,0.1,5.5,63,866.2,100,21.4,21.5,432.0,6.4,55.0,7.6
2025-11-11 21:00:00,2025,11,11,21,Lào Cai,Xã Khao Mang,21.9078898,103.9748758,43,Good,0,16.8,97,0.1,3.8,45,866.7,100,21.4,21.5,439.0,6.3,54.0,7.1
2025-11-11 22:00:00,2025,11,11,22,Lào Cai,Xã Khao Mang,21.9078898,103.9748758,43,Good,0,16.6,97,0.1,3.4,65,866.7,100,21.7,21.7,443.0,6.2,52.0,6.6
2025-11-11 23:00:00,2025,11,11,23,Lào Cai,Xã Khao Mang,21.9078898,103.9748758,44,Good,0,16.6,97,0.0,3.5,51,866.6,100,22.1,22.1,447.0,6.2,49.0,6.1
2025-11-12 00:00:00,2025,11,12,0,Lào Cai,Xã Khao Mang,21.9078898,103.9748758,46,Good,0,16.6,98,0.0,2.1,20,866.3,100,21.1,21.1,448.0,6.2,45.0,5.6
2025-11-12 01:00:00,2025,11,12,1,Lào Cai,Xã Khao Mang,21.9078898,103.9748758,48,Good,0,16.6,99,0.0,3.7,35,866.3,100,20.8,20.8,443.0,6.1,43.0,5.1
2025-11-12 02:00:00,2025,11,12,2,Lào Cai,Xã Khao Mang,21.9078898,103.9748758,50,Good,0,16.4,97,0.0,4.7,32,866.1,100,17.5,17.5,425.0,5.7,43.0,4.8
2025-11-12 03:00:00,2025,11,12,3,Lào Cai,Xã Khao Mang,21.9078898,103.9748758,51,Moderate,1,16.1,98,0.0,5.9,38,865.9,100,15.8,15.9,400.0,5.2,43.0,4.5
2025-11-12 04:00:00,2025,11,12,4,Lào Cai,Xã Khao Mang,21.9078898,103.9748758,51,Moderate,1,15.8,97,0.0,7.0,48,866.0,91,12.4,12.4,381.0,4.9,44.0,4.3
2025-11-12 05:00:00,2025,11,12,5,Lào Cai,Xã Khao Mang,21.9078898,103.9748758,52,Moderate,1,15.7,93,0.0,7.3,54,866.2,82,10.2,10.2,376.0,5.0,43.0,4.2
2025-11-12 06:00:00,2025,11,12,6,Lào Cai,Xã Khao Mang,21.9078898,103.9748758,53,Moderate,1,15.4,95,0.0,6.1,58,866.6,78,11.2,11.2,379.0,5.4,42.0,4.2
2025-11-12 07:00:00,2025,11,12,7,Lào Cai,Xã Khao Mang,21.9078898,103.9748758,53,Moderate,1,15.7,94,0.0,5.8,36,867.7,99,12.1,12.1,378.0,5.9,44.0,5.4
2025-11-12 08:00:00,2025,11,12,8,Lào Cai,Xã Khao Mang,21.9078898,103.9748758,53,Moderate,1,15.9,93,0.0,5.7,44,868.2,100,11.3,11.3,370.0,5.4,48.0,5.7
2025-11-12 09:00:00,2025,11,12,9,Lào Cai,Xã Khao Mang,21.9078898,103.9748758,53,Moderate,1,16.5,89,0.0,6.5,42,869.2,100,10.5,10.5,358.0,4.6,53.0,6.0
2025-11-12 10:00:00,2025,11,12,10,Lào Cai,Xã Khao Mang,21.9078898,103.9748758,54,Moderate,1,17.2,84,0.0,6.8,37,869.5,100,10.4,10.4,352.0,3.9,58.0,6.3
2025-11-12 11:00:00,2025,11,12,11,Lào Cai,Xã Khao Mang,21.9078898,103.9748758,54,Moderate,1,17.8,79,0.0,6.4,40,869.2,100,10.8,10.8,354.0,3.4,63.0,6.3
2025-11-12 12:00:00,2025,11,12,12,Lào Cai,Xã Khao Mang,21.9078898,103.9748758,54,Moderate,1,18.1,77,0.0,5.3,28,868.7,100,10.7,10.8,361.0,2.9,69.0,6.2
2025-11-12 13:00:00,2025,11,12,13,Lào Cai,Xã Khao Mang,21.9078898,103.9748758,54,Moderate,1,18.7,75,0.0,6.0,21,868.1,100,11.5,11.5,367.0,2.6,73.0,6.1
2025-11-12 14:00:00,2025,11,12,14,Lào Cai,Xã Khao Mang,21.9078898,103.9748758,55,Moderate,1,19.1,73,0.0,5.9,27,867.3,100,12.5,12.5,372.0,2.5,77.0,6.0
2025-11-12 15:00:00,2025,11,12,15,Lào Cai,Xã Khao Mang,21.9078898,103.9748758,55,Moderate,1,19.0,73,0.0,5.5,9,867.1,88,13.8,13.8,377.0,2.5,80.0,5.9
2025-11-12 16:00:00,2025,11,12,16,Lào Cai,Xã Khao Mang,21.9078898,103.9748758,56,Moderate,1,18.3,78,0.0,6.2,12,867.0,71,15.0,15.0,381.0,3.0,80.0,5.9
2025-11-12 17:00:00,2025,11,12,17,Lào Cai,Xã Khao Mang,21.9078898,103.9748758,56,Moderate,1,17.4,80,0.0,6.8,32,867.3,48,16.4,16.4,385.0,4.2,76.0,6.0
2025-11-12 18:00:00,2025,11,12,18,Lào Cai,Xã Khao Mang,21.9078898,103.9748758,57,Moderate,1,16.5,84,0.0,5.2,41,867.5,39,18.0,18.1,387.0,5.9,69.0,6.2
2025-11-12 19:00:00,2025,11,12,19,Lào Cai,Xã Khao Mang,21.9078898,103.9748758,57,Moderate,1,17.0,85,0.0,5.2,49,868.0,91,25.3,25.3,381.0,8.6,47.0,6.8
2025-11-12 20:00:00,2025,11,12,20,Lào Cai,Xã Khao Mang,21.9078898,103.9748758,58,Moderate,1,16.6,83,0.0,5.5,58,868.8,73,25.8,25.8,358.0,8.1,49.0,7.2
2025-11-12 21:00:00,2025,11,12,21,Lào Cai,Xã Khao Mang,21.9078898,103.9748758,58,Moderate,1,15.6,86,0.0,4.5,74,868.8,29,25.9,25.9,327.0,7.4,52.0,7.8
2025-11-12 22:00:00,2025,11,12,22,Lào Cai,Xã Khao Mang,21.9078898,103.9748758,58,Moderate,1,15.0,86,0.0,4.3,85,868.9,27,26.5,26.5,303.0,6.7,54.0,8.2
2025-11-12 23:00:00,2025,11,12,23,Lào Cai,Xã Khao Mang,21.9078898,103.9748758,59,Moderate,1,14.2,87,0.0,5.6,92,868.4,21,26.9,26.9,295.0,6.2,55.0,8.3
2025-11-13 00:00:00,2025,11,13,0,Lào Cai,Xã Khao Mang,21.9078898,103.9748758,59,Moderate,1,14.0,85,0.0,6.3,92,868.3,31,26.7,26.7,295.0,5.8,55.0,8.1
2025-11-13 01:00:00,2025,11,13,1,Lào Cai,Xã Khao Mang,21.9078898,103.9748758,60,Moderate,1,14.6,85,0.0,6.1,85,868.7,99,26.1,26.2,296.0,5.4,55.0,7.8
2025-11-13 02:00:00,2025,11,13,2,Lào Cai,Xã Khao Mang,21.9078898,103.9748758,60,Moderate,1,14.9,83,0.0,6.6,79,868.6,99,24.6,24.6,294.0,4.8,57.0,7.3
2025-11-13 03:00:00,2025,11,13,3,Lào Cai,Xã Khao Mang,21.9078898,103.9748758,61,Moderate,1,15.1,82,0.0,6.6,69,868.6,95,23.6,23.6,293.0,4.3,59.0,6.6
2025-11-13 04:00:00,2025,11,13,4,Lào Cai,Xã Khao Mang,21.9078898,103.9748758,62,Moderate,1,15.1,83,0.0,6.1,62,869.0,100,22.2,22.3,299.0,3.9,61.0,6.0
2025-11-13 05:00:00,2025,11,13,5,Lào Cai,Xã Khao Mang,21.9078898,103.9748758,62,Moderate,1,15.0,84,0.0,6.1,56,869.2,100,19.8,19.8,321.0,4.0,60.0,5.6
2025-11-13 06:00:00,2025,11,13,6,Lào Cai,Xã Khao Mang,21.9078898,103.9748758,63,Moderate,1,14.6,85,0.0,5.3,57,870.1,51,18.8,18.9,350.0,4.4,59.0,5.4
2025-11-13 07:00:00,2025,11,13,7,Lào Cai,Xã Khao Mang,21.9078898,103.9748758,64,Moderate,1,15.0,88,0.0,5.6,57,871.0,100,10.0,10.1,366.0,5.0,60.0,6.7
2025-11-13 08:00:00,2025,11,13,8,Lào Cai,Xã Khao Mang,21.9078898,103.9748758,64,Moderate,1,15.6,82,0.0,6.7,59,871.7,91,8.4,8.4,354.0,4.1,67.0,6.8
2025-11-13 09:00:00,2025,11,13,9,Lào Cai,Xã Khao Mang,21.9078898,103.9748758,63,Moderate,1,16.7,75,0.0,7.8,53,872.5,19,7.1,7.1,329.0,3.0,76.0,6.8
2025-11-13 10:00:00,2025,11,13,10,Lào Cai,Xã Khao Mang,21.9078898,103.9748758,63,Moderate,1,18.7,65,0.0,9.2,50,873.1,55,5.2,5.3,310.0,2.0,83.0,6.5
2025-11-13 11:00:00,2025,11,13,11,Lào Cai,Xã Khao Mang,21.9078898,103.9748758,63,Moderate,1,19.1,65,0.0,7.9,33,872.5,66,4.4,4.5,307.0,1.5,87.0,5.6
2025-11-13 12:00:00,2025,11,13,12,Lào Cai,Xã Khao Mang,21.9078898,103.9748758,62,Moderate,1,18.9,66,0.0,5.7,18,871.5,85,5.3,5.4,311.0,1.2,89.0,4.4
2025-11-13 13:00:00,2025,11,13,13,Lào Cai,Xã Khao Mang,21.9078898,103.9748758,62,Moderate,1,19.4,65,0.0,2.7,332,870.8,100,7.4,7.6,316.0,1.1,90.0,3.5
2025-11-13 14:00:00,2025,11,13,14,Lào Cai,Xã Khao Mang,21.9078898,103.9748758,61,Moderate,1,18.7,72,0.0,3.4,313,869.9,100,7.2,7.4,316.0,0.9,92.0,3.2
2025-11-13 15:00:00,2025,11,13,15,Lào Cai,Xã Khao Mang,21.9078898,103.9748758,61,Moderate,1,18.8,72,0.0,2.3,299,869.3,69,8.5,8.7,316.0,0.8,93.0,3.2
2025-11-13 16:00:00,2025,11,13,16,Lào Cai,Xã Khao Mang,21.9078898,103.9748758,60,Moderate,1,18.6,71,0.0,2.1,329,869.2,47,9.3,9.5,326.0,1.7,91.0,3.4
2025-11-13 17:00:00,2025,11,13,17,Lào Cai,Xã Khao Mang,21.9078898,103.9748758,60,Moderate,1,17.3,83,0.0,1.8,6,868.8,38,10.2,10.4,354.0,4.3,84.0,3.9
2025-11-13 18:00:00,2025,11,13,18,Lào Cai,Xã Khao Mang,21.9078898,103.9748758,59,Moderate,1,16.1,85,0.0,2.4,73,868.5,38,11.8,12.0,391.0,7.9,74.0,4.6
2025-11-13 19:00:00,2025,11,13,19,Lào Cai,Xã Khao Mang,21.9078898,103.9748758,59,Moderate,1,16.0,92,0.0,2.5,111,868.9,98,15.8,16.0,422.0,10.1,58.0,5.6
2025-11-13 20:00:00,2025,11,13,20,Lào Cai,Xã Khao Mang,21.9078898,103.9748758,58,Moderate,1,16.2,90,0.0,3.1,93,869.2,95,18.1,18.3,444.0,11.6,56.0,5.6
2025-11-13 21:00:00,2025,11,13,21,Lào Cai,Xã Khao Mang,21.9078898,103.9748758,57,Moderate,1,15.8,91,0.0,3.3,96,869.1,75,19.6,19.7,459.0,13.6,53.0,5.5
2025-11-13 22:00:00,2025,11,13,22,Lào Cai,Xã Khao Mang,21.9078898,103.9748758,57,Moderate,1,14.4,91,0.0,3.0,104,868.7,2,23.7,23.9,457.0,14.9,50.0,5.3
2025-11-13 23:00:00,2025,11,13,23,Lào Cai,Xã Khao Mang,21.9078898,103.9748758,56,Moderate,1,13.7,92,0.0,3.0,107,868.4,1,26.0,26.1,426.0,15.1,49.0,4.7
2025-11-14 00:00:00,2025,11,14,0,Lào Cai,Xã Khao Mang,21.9078898,103.9748758,56,Moderate,1,12.9,93,0.0,2.7,113,867.8,1,26.9,27.1,377.0,14.7,49.0,4.0
2025-11-14 01:00:00,2025,11,14,1,Lào Cai,Xã Khao Mang,21.9078898,103.9748758,56,Moderate,1,12.4,98,0.0,6.1,113,867.9,63,27.5,27.8,336.0,13.9,48.0,3.3
2025-11-14 02:00:00,2025,11,14,2,Lào Cai,Xã Khao Mang,21.9078898,103.9748758,57,Moderate,1,12.4,97,0.0,7.7,111,867.4,84,27.9,28.1,309.0,12.8,44.0,2.7
2025-11-14 03:00:00,2025,11,14,3,Lào Cai,Xã Khao Mang,21.9078898,103.9748758,57,Moderate,1,12.7,95,0.0,8.5,111,867.3,85,27.4,27.6,290.0,11.3,40.0,2.1
2025-11-14 04:00:00,2025,11,14,4,Lào Cai,Xã Khao Mang,21.9078898,103.9748758,57,Moderate,1,12.4,93,0.0,8.1,108,867.3,78,25.6,25.7,288.0,10.0,38.0,1.8
2025-11-14 05:00:00,2025,11,14,5,Lào Cai,Xã Khao Mang,21.9078898,103.9748758,57,Moderate,1,12.1,91,0.0,7.8,103,867.4,70,24.0,24.1,320.0,9.0,39.0,1.7
2025-11-14 06:00:00,2025,11,14,6,Lào Cai,Xã Khao Mang,21.9078898,103.9748758,58,Moderate,1,11.9,91,0.0,7.7,101,867.9,76,23.3,23.5,369.0,8.1,43.0,1.7
2025-11-14 07:00:00,2025,11,14,7,Lào Cai,Xã Khao Mang,21.9078898,103.9748758,58,Moderate,1,12.7,88,0.0,6.7,96,869.7,66,17.2,17.2,391.0,7.9,45.0,2.5
2025-11-14 08:00:00,2025,11,14,8,Lào Cai,Xã Khao Mang,21.9078898,103.9748758,59,Moderate,1,14.3,82,0.0,6.3,70,871.0,45,16.1,16.1,358.0,6.5,61.0,5.2
2025-11-14 09:00:00,2025,11,14,9,Lào Cai,Xã Khao Mang,21.9078898,103.9748758,60,Moderate,1,15.8,75,0.0,5.9,52,872.0,43,12.4,12.5,299.0,4.6,84.0,8.8
2025-11-14 10:00:00,2025,11,14,10,Lào Cai,Xã Khao Mang,21.9078898,103.9748758,60,Moderate,1,17.8,65,0.0,6.5,28,872.4,50,8.6,8.6,254.0,3.0,102.0,11.1
2025-11-14 11:00:00,2025,11,14,11,Lào Cai,Xã Khao Mang,21.9078898,103.9748758,60,Moderate,1,19.0,59,0.0,5.6,358,871.8,46,8.5,8.6,240.0,2.2,109.0,10.9
2025-11-14 12:00:00,2025,11,14,12,Lào Cai,Xã Khao Mang,21.9078898,103.9748758,61,Moderate,1,19.7,56,0.0,5.8,338,870.8,53,9.5,9.6,239.0,1.7,112.0,9.3
2025-11-14 13:00:00,2025,11,14,13,Lào Cai,Xã Khao Mang,21.9078898,103.9748758,61,Moderate,1,20.7,53,0.0,8.3,286,870.6,6,10.4,10.4,242.0,1.5,113.0,7.9
2025-11-14 14:00:00,2025,11,14,14,Lào Cai,Xã Khao Mang,21.9078898,103.9748758,61,Moderate,1,20.4,55,0.0,9.3,297,869.6,4,10.8,10.9,240.0,1.0,115.0,7.1
2025-11-14 15:00:00,2025,11,14,15,Lào Cai,Xã Khao Mang,21.9078898,103.9748758,62,Moderate,1,19.4,58,0.0,8.4,307,869.1,7,11.0,11.1,241.0,0.8,116.0,6.4
2025-11-14 16:00:00,2025,11,14,16,Lào Cai,Xã Khao Mang,21.9078898,103.9748758,62,Moderate,1,18.4,63,0.0,6.0,316,868.9,29,11.2,11.2,258.0,1.7,114.0,6.2
2025-11-14 17:00:00,2025,11,14,17,Lào Cai,Xã Khao Mang,21.9078898,103.9748758,62,Moderate,1,16.8,75,0.0,3.8,352,868.2,13,11.9,11.9,305.0,4.9,105.0,6.6
2025-11-14 18:00:00,2025,11,14,18,Lào Cai,Xã Khao Mang,21.9078898,103.9748758,62,Moderate,1,14.8,83,0.0,2.7,70,867.9,23,13.8,13.8,368.0,9.2,93.0,7.5
2025-11-14 19:00:00,2025,11,14,19,Lào Cai,Xã Khao Mang,21.9078898,103.9748758,62,Moderate,1,15.2,86,0.0,3.5,118,868.4,5,12.7,12.8,419.0,12.9,76.0,9.3
2025-11-14 20:00:00,2025,11,14,20,Lào Cai,Xã Khao Mang,21.9078898,103.9748758,62,Moderate,1,14.3,88,0.0,2.7,110,868.9,8,14.8,14.9,454.0,13.8,73.0,9.7
2025-11-14 21:00:00,2025,11,14,21,Lào Cai,Xã Khao Mang,21.9078898,103.9748758,62,Moderate,1,13.7,89,0.0,3.1,111,869.0,5,16.2,16.2,478.0,15.1,68.0,10.3
2025-11-14 22:00:00,2025,11,14,22,Lào Cai,Xã Khao Mang,21.9078898,103.9748758,61,Moderate,1,12.9,90,0.0,3.1,114,868.9,2,17.1,17.2,478.0,15.9,64.0,10.5
2025-11-14 23:00:00,2025,11,14,23,Lào Cai,Xã Khao Mang,21.9078898,103.9748758,61,Moderate,1,12.3,91,0.0,3.1,114,868.6,1,17.5,17.5,440.0,15.9,62.0,10.0
2025-11-15 00:00:00,2025,11,15,0,Lào Cai,Xã Khao Mang,21.9078898,103.9748758,60,Moderate,1,11.8,92,0.0,3.5,118,868.2,0,17.3,17.3,379.0,15.4,61.0,9.1
2025-11-15 01:00:00,2025,11,15,1,Lào Cai,Xã Khao Mang,21.9078898,103.9748758,59,Moderate,1,11.6,93,0.0,4.8,117,868.5,9,20.5,20.5,326.0,14.6,61.0,8.2
2025-11-15 02:00:00,2025,11,15,2,Lào Cai,Xã Khao Mang,21.9078898,103.9748758,59,Moderate,1,11.3,94,0.0,4.8,117,868.0,13,22.4,22.4,289.0,13.4,63.0,7.5
2025-11-15 03:00:00,2025,11,15,3,Lào Cai,Xã Khao Mang,21.9078898,103.9748758,58,Moderate,1,11.1,93,0.0,5.8,116,867.7,13,22.8,22.8,261.0,11.8,67.0,6.7
2025-11-15 04:00:00,2025,11,15,4,Lào Cai,Xã Khao Mang,21.9078898,103.9748758,58,Moderate,1,11.3,92,0.0,8.0,110,867.9,65,22.9,22.9,254.0,10.7,67.0,6.1
2025-11-15 05:00:00,2025,11,15,5,Lào Cai,Xã Khao Mang,21.9078898,103.9748758,58,Moderate,1,11.3,91,0.0,9.7,108,868.2,91,22.9,22.9,287.0,10.6,58.0,5.3
2025-11-15 06:00:00,2025,11,15,6,Lào Cai,Xã Khao Mang,21.9078898,103.9748758,57,Moderate,1,10.8,90,0.0,10.2,107,868.6,82,21.9,21.9,340.0,10.9,47.0,4.6
2025-11-15 07:00:00,2025,11,15,7,Lào Cai,Xã Khao Mang,21.9078898,103.9748758,57,Moderate,1,11.8,87,0.0,9.3,106,870.4,100,22.1,22.2,368.0,12.7,52.0,5.8
2025-11-15 08:00:00,2025,11,15,8,Lào Cai,Xã Khao Mang,21.9078898,103.9748758,58,Moderate,1,14.0,80,0.0,7.0,91,871.8,0,15.6,15.7,343.0,9.4,74.0,7.2
2025-11-15 09:00:00,2025,11,15,9,Lào Cai,Xã Khao Mang,21.9078898,103.9748758,58,Moderate,1,16.8,66,0.0,4.6,39,873.3,0,12.1,12.2,292.0,4.9,104.0,9.2
2025-11-15 10:00:00,2025,11,15,10,Lào Cai,Xã Khao Mang,21.9078898,103.9748758,58,Moderate,1,18.4,61,0.0,6.1,12,873.9,0,10.9,11.0,253.0,1.5,125.0,10.2
2025-11-15 11:00:00,2025,11,15,11,Lào Cai,Xã Khao Mang,21.9078898,103.9748758,58,Moderate,1,20.1,53,0.0,7.4,22,873.6,36,10.1,10.2,240.0,0.4,130.0,9.5
2025-11-15 12:00:00,2025,11,15,12,Lào Cai,Xã Khao Mang,21.9078898,103.9748758,58,Moderate,1,21.1,48,0.0,8.7,4,872.8,69,9.8,9.9,238.0,0.6,126.0,7.9
2025-11-15 13:00:00,2025,11,15,13,Lào Cai,Xã Khao Mang,21.9078898,103.9748758,58,Moderate,1,21.0,49,0.0,5.6,354,872.4,96,9.9,9.9,241.0,0.8,122.0,6.5
2025-11-15 14:00:00,2025,11,15,14,Lào Cai,Xã Khao Mang,21.9078898,103.9748758,58,Moderate,1,20.3,52,0.0,6.2,353,871.5,97,10.1,10.1,247.0,0.6,122.0,5.8
2025-11-15 15:00:00,2025,11,15,15,Lào Cai,Xã Khao Mang,21.9078898,103.9748758,58,Moderate,1,19.5,58,0.0,7.2,348,870.9,29,10.2,10.3,258.0,0.4,121.0,5.3
2025-11-15 16:00:00,2025,11,15,16,Lào Cai,Xã Khao Mang,21.9078898,103.9748758,63,Moderate,1,18.5,63,0.0,6.0,3,870.8,20,10.5,10.6,274.0,1.3,117.0,5.2
2025-11-15 17:00:00,2025,11,15,17,Lào Cai,Xã Khao Mang,21.9078898,103.9748758,72,Moderate,1,16.6,77,0.0,3.0,25,870.4,10,11.2,11.3,299.0,4.0,107.0,5.5
2025-11-15 18:00:00,2025,11,15,18,Lào Cai,Xã Khao Mang,21.9078898,103.9748758,73,Moderate,1,14.6,80,0.0,3.7,79,869.9,5,12.3,12.4,328.0,7.6,94.0,6.1
2025-11-15 19:00:00,2025,11,15,19,Lào Cai,Xã Khao Mang,21.9078898,103.9748758,66,Moderate,1,13.3,86,0.0,4.9,94,870.0,1,13.1,13.1,346.0,11.5,82.0,7.4
2025-11-15 20:00:00,2025,11,15,20,Lào Cai,Xã Khao Mang,21.9078898,103.9748758,58,Moderate,1,12.5,87,0.0,7.0,102,870.4,0,15.1,15.1,348.0,12.0,79.0,7.6
2025-11-15 21:00:00,2025,11,15,21,Lào Cai,Xã Khao Mang,21.9078898,103.9748758,58,Moderate,1,11.4,88,0.0,7.0,108,870.2,0,16.4,16.5,339.0,12.7,76.0,7.8
2025-11-15 22:00:00,2025,11,15,22,Lào Cai,Xã Khao Mang,21.9078898,103.9748758,58,Moderate,1,10.5,87,0.0,6.7,110,870.0,0,17.5,17.6,323.0,13.1,73.0,7.9
2025-11-15 23:00:00,2025,11,15,23,Lào Cai,Xã Khao Mang,21.9078898,103.9748758,58,Moderate,1,9.6,86,0.0,6.3,114,869.7,0,18.3,18.3,296.0,13.2,71.0,8.0
2025-11-16 00:00:00,2025,11,16,0,Lào Cai,Xã Khao Mang,21.9078898,103.9748758,58,Moderate,1,9.0,83,0.0,6.0,115,869.2,0,18.5,18.6,263.0,13.1,70.0,7.9
2025-11-16 01:00:00,2025,11,16,1,Lào Cai,Xã Khao Mang,21.9078898,103.9748758,58,Moderate,1,9.1,80,0.0,6.0,115,869.2,0,18.5,18.6,237.0,12.6,69.0,7.3
2025-11-16 02:00:00,2025,11,16,2,Lào Cai,Xã Khao Mang,21.9078898,103.9748758,58,Moderate,1,9.3,78,0.0,5.7,114,868.7,0,24.4,24.5,222.0,11.6,70.0,5.7
2025-11-16 03:00:00,2025,11,16,3,Lào Cai,Xã Khao Mang,21.9078898,103.9748758,58,Moderate,1,9.3,79,0.0,6.0,117,868.1,0,24.2,24.3,215.0,10.2,72.0,3.5
2025-11-16 04:00:00,2025,11,16,4,Lào Cai,Xã Khao Mang,21.9078898,103.9748758,58,Moderate,1,9.2,82,0.0,6.4,115,868.2,0,24.0,24.2,224.0,9.3,72.0,2.0
2025-11-16 05:00:00,2025,11,16,5,Lào Cai,Xã Khao Mang,21.9078898,103.9748758,58,Moderate,1,9.1,84,0.0,6.3,114,868.5,0,23.9,24.0,266.0,9.6,65.0,1.4
2025-11-16 06:00:00,2025,11,16,6,Lào Cai,Xã Khao Mang,21.9078898,103.9748758,58,Moderate,1,9.2,84,0.0,6.7,114,869.3,0,24.6,24.7,325.0,10.3,55.0,1.5
2025-11-16 07:00:00,2025,11,16,7,Lào Cai,Xã Khao Mang,21.9078898,103.9748758,58,Moderate,1,10.5,86,0.0,7.1,114,870.8,1,17.3,17.3,358.0,9.9,38.0,2.4
2025-11-16 08:00:00,2025,11,16,8,Lào Cai,Xã Khao Mang,21.9078898,103.9748758,58,Moderate,1,14.9,75,0.0,4.5,90,873.5,1,11.7,11.7,339.0,7.4,59.0,3.8
2025-11-16 09:00:00,2025,11,16,9,Lào Cai,Xã Khao Mang,21.9078898,103.9748758,58,Moderate,1,17.1,67,0.0,3.8,357,874.6,1,5.9,5.9,293.0,3.9,87.0,5.8
2025-11-16 10:00:00,2025,11,16,10,Lào Cai,Xã Khao Mang,21.9078898,103.9748758,57,Moderate,1,18.8,64,0.0,5.6,345,875.3,0,4.2,4.2,260.0,1.3,108.0,7.1
2025-11-16 11:00:00,2025,11,16,11,Lào Cai,Xã Khao Mang,21.9078898,103.9748758,57,Moderate,1,20.4,57,0.0,6.5,330,874.7,34,4.7,4.7,255.0,0.6,113.0,7.1
2025-11-16 12:00:00,2025,11,16,12,Lào Cai,Xã Khao Mang,21.9078898,103.9748758,56,Moderate,1,20.1,60,0.0,7.8,322,873.8,42,5.4,5.4,261.0,0.7,109.0,6.5
2025-11-16 13:00:00,2025,11,16,13,Lào Cai,Xã Khao Mang,21.9078898,103.9748758,56,Moderate,1,20.6,56,0.0,4.1,345,873.2,100,6.2,6.2,268.0,1.0,106.0,5.7
2025-11-16 14:00:00,2025,11,16,14,Lào Cai,Xã Khao Mang,21.9078898,103.9748758,55,Moderate,1,20.2,58,0.0,4.4,351,872.4,100,7.1,7.1,265.0,0.8,106.0,4.8
2025-11-16 15:00:00,2025,11,16,15,Lào Cai,Xã Khao Mang,21.9078898,103.9748758,55,Moderate,1,19.7,60,0.0,4.2,335,871.9,45,7.5,7.5,262.0,0.6,106.0,3.8
2025-11-16 16:00:00,2025,11,16,16,Lào Cai,Xã Khao Mang,21.9078898,103.9748758,55,Moderate,1,19.1,64,0.0,4.0,333,871.7,46,7.6,7.6,278.0,1.4,102.0,3.3
2025-11-16 17:00:00,2025,11,16,17,Lào Cai,Xã Khao Mang,21.9078898,103.9748758,55,Moderate,1,17.4,79,0.0,2.3,328,871.3,12,8.1,8.1,335.0,4.1,92.0,3.6
2025-11-16 18:00:00,2025,11,16,18,Lào Cai,Xã Khao Mang,21.9078898,103.9748758,54,Moderate,1,15.5,84,0.0,0.7,90,871.2,2,9.4,9.4,411.0,7.7,80.0,4.3
2025-11-16 19:00:00,2025,11,16,19,Lào Cai,Xã Khao Mang,21.9078898,103.9748758,54,Moderate,1,14.5,90,0.0,2.8,125,871.3,1,16.1,16.2,463.0,9.9,60.0,4.9
2025-11-16 20:00:00,2025,11,16,20,Lào Cai,Xã Khao Mang,21.9078898,103.9748758,54,Moderate,1,13.9,90,0.0,2.9,112,871.3,0,16.4,16.5,471.0,10.9,59.0,5.4
2025-11-16 21:00:00,2025,11,16,21,Lào Cai,Xã Khao Mang,21.9078898,103.9748758,54,Moderate,1,13.3,91,0.0,3.0,115,871.2,3,17.5,17.5,453.0,12.2,57.0,5.9
2025-11-16 22:00:00,2025,11,16,22,Lào Cai,Xã Khao Mang,21.9078898,103.9748758,55,Moderate,1,12.8,91,0.0,2.7,118,871.2,4,18.5,18.6,426.0,13.1,54.0,6.1
2025-11-16 23:00:00,2025,11,16,23,Lào Cai,Xã Khao Mang,21.9078898,103.9748758,55,Moderate,1,12.5,90,0.0,2.7,118,870.9,2,18.3,18.4,387.0,13.3,47.0,5.5
2025-11-17 00:00:00,2025,11,17,0,Lào Cai,Xã Khao Mang,21.9078898,103.9748758,55,Moderate,1,12.4,88,0.0,3.1,118,870.6,4,17.7,17.8,339.0,13.1,38.0,4.4
2025-11-17 01:00:00,2025,11,17,1,Lào Cai,Xã Khao Mang,21.9078898,103.9748758,55,Moderate,1,12.6,87,0.0,3.3,112,870.4,68,17.5,17.5,296.0,12.6,31.0,3.5
2025-11-17 02:00:00,2025,11,17,2,Lào Cai,Xã Khao Mang,21.9078898,103.9748758,54,Moderate,1,12.5,87,0.0,4.2,115,869.5,90,17.3,17.3,261.0,11.8,28.0,2.9
2025-11-17 03:00:00,2025,11,17,3,Lào Cai,Xã Khao Mang,21.9078898,103.9748758,54,Moderate,1,12.5,87,0.0,4.4,120,869.2,75,17.1,17.1,232.0,10.7,28.0,2.4
2025-11-17 04:00:00,2025,11,17,4,Lào Cai,Xã Khao Mang,21.9078898,103.9748758,53,Moderate,1,12.6,87,0.0,4.1,119,869.3,70,17.0,17.0,223.0,10.0,28.0,2.2
2025-11-17 05:00:00,2025,11,17,5,Lào Cai,Xã Khao Mang,21.9078898,103.9748758,53,Moderate,1,12.7,88,0.0,3.6,117,869.4,59,16.4,16.5,255.0,10.4,26.0,2.4
2025-11-17 06:00:00,2025,11,17,6,Lào Cai,Xã Khao Mang,21.9078898,103.9748758,52,Moderate,1,12.4,89,0.0,4.0,117,869.7,100,16.2,16.3,308.0,11.1,24.0,2.8
2025-11-17 07:00:00,2025,11,17,7,Lào Cai,Xã Khao Mang,21.9078898,103.9748758,51,Moderate,1,13.9,92,0.0,2.8,117,871.3,80,15.4,15.5,334.0,9.9,37.0,4.0
2025-11-17 08:00:00,2025,11,17,8,Lào Cai,Xã Khao Mang,21.9078898,103.9748758,51,Moderate,1,15.2,97,1.4,4.5,97,872.6,100,14.4,14.6,304.0,7.6,56.0,4.1
2025-11-17 09:00:00,2025,11,17,9,Lào Cai,Xã Khao Mang,21.9078898,103.9748758,51,Moderate,1,16.1,93,0.9,3.5,35,873.7,63,12.2,12.4,247.0,4.3,81.0,4.2
2025-11-17 10:00:00,2025,11,17,10,Lào Cai,Xã Khao Mang,21.9078898,103.9748758,52,Moderate,1,16.7,91,0.1,5.2,31,874.1,36,11.1,11.4,203.0,1.9,98.0,4.0
2025-11-17 11:00:00,2025,11,17,11,Lào Cai,Xã Khao Mang,21.9078898,103.9748758,52,Moderate,1,19.3,74,0.0,7.1,30,874.0,98,10.3,10.8,186.0,1.0,98.0,3.4
2025-11-17 12:00:00,2025,11,17,12,Lào Cai,Xã Khao Mang,21.9078898,103.9748758,53,Moderate,1,19.5,71,0.0,8.3,1,873.1,100,9.0,9.5,182.0,1.0,91.0,2.5
2025-11-17 13:00:00,2025,11,17,13,Lào Cai,Xã Khao Mang,21.9078898,103.9748758,53,Moderate,1,19.6,73,0.0,6.5,28,872.6,78,7.4,7.8,185.0,1.1,83.0,1.8
2025-11-17 14:00:00,2025,11,17,14,Lào Cai,Xã Khao Mang,21.9078898,103.9748758,53,Moderate,1,19.2,73,0.1,6.9,33,871.5,70,6.8,7.2,198.0,1.0,80.0,1.5
2025-11-17 15:00:00,2025,11,17,15,Lào Cai,Xã Khao Mang,21.9078898,103.9748758,53,Moderate,1,18.9,72,0.0,6.4,45,871.3,96,6.2,6.6,218.0,1.1,77.0,1.4
2025-11-17 16:00:00,2025,11,17,16,Lào Cai,Xã Khao Mang,21.9078898,103.9748758,53,Moderate,1,18.1,75,0.0,6.3,37,871.1,100,5.9,6.2,234.0,1.9,72.0,1.5
2025-11-17 17:00:00,2025,11,17,17,Lào Cai,Xã Khao Mang,21.9078898,103.9748758,53,Moderate,1,17.0,79,0.0,7.5,48,871.2,100,6.2,6.5,241.0,4.1,63.0,1.8
2025-11-17 18:00:00,2025,11,17,18,Lào Cai,Xã Khao Mang,21.9078898,103.9748758,53,Moderate,1,16.3,82,0.0,7.6,59,871.6,98,7.2,7.5,243.0,6.9,53.0,2.3
2025-11-17 19:00:00,2025,11,17,19,Lào Cai,Xã Khao Mang,21.9078898,103.9748758,53,Moderate,1,15.6,96,0.0,5.1,51,872.2,95,8.8,9.1,240.0,5.4,60.0,2.4
2025-11-17 20:00:00,2025,11,17,20,Lào Cai,Xã Khao Mang,21.9078898,103.9748758,52,Moderate,1,15.1,96,0.0,7.7,51,872.3,92,9.1,9.4,230.0,5.5,59.0,2.4
2025-11-17 21:00:00,2025,11,17,21,Lào Cai,Xã Khao Mang,21.9078898,103.9748758,51,Moderate,1,14.9,95,0.0,8.1,69,872.4,99,9.8,10.1,216.0,5.6,57.0,2.5
2025-11-17 22:00:00,2025,11,17,22,Lào Cai,Xã Khao Mang,21.9078898,103.9748758,51,Moderate,1,14.8,95,0.1,7.2,77,872.6,100,10.3,10.6,205.0,5.4,56.0,2.4
2025-11-17 23:00:00,2025,11,17,23,Lào Cai,Xã Khao Mang,21.9078898,103.9748758,50,Good,0,14.5,96,2.1,6.1,76,872.7,100,10.3,10.7,202.0,4.8,58.0,2.1
2025-11-18 00:00:00,2025,11,18,0,Lào Cai,Xã Khao Mang,21.9078898,103.9748758,49,Good,0,14.3,96,0.8,5.2,76,872.3,100,9.2,9.5,202.0,4.0,61.0,1.7
2025-11-18 01:00:00,2025,11,18,1,Lào Cai,Xã Khao Mang,21.9078898,103.9748758,47,Good,0,14.6,95,0.6,4.3,73,872.2,100,7.4,7.6,205.0,3.3,64.0,1.4
2025-11-18 02:00:00,2025,11,18,2,Lào Cai,Xã Khao Mang,21.9078898,103.9748758,45,Good,0,14.3,96,0.6,4.9,66,871.4,100,5.7,5.8,207.0,2.8,66.0,1.3
2025-11-18 03:00:00,2025,11,18,3,Lào Cai,Xã Khao Mang,21.9078898,103.9748758,43,Good,0,14.2,96,1.0,4.8,75,871.1,100,3.3,3.4,212.0,2.5,68.0,1.3
2025-11-18 04:00:00,2025,11,18,4,Lào Cai,Xã Khao Mang,21.9078898,103.9748758,41,Good,0,14.1,96,1.1,5.2,76,871.0,100,4.4,4.5,222.0,2.5,68.0,1.4
2025-11-18 05:00:00,2025,11,18,5,Lào Cai,Xã Khao Mang,21.9078898,103.9748758,39,Good,0,14.1,96,1.3,4.8,68,870.9,100,5.0,5.0,241.0,2.9,66.0,1.4
2025-11-18 06:00:00,2025,11,18,6,Lào Cai,Xã Khao Mang,21.9078898,103.9748758,37,Good,0,14.0,96,0.7,5.9,72,871.3,100,5.1,5.2,266.0,3.6,63.0,1.4
2025-11-18 07:00:00,2025,11,18,7,Lào Cai,Xã Khao Mang,21.9078898,103.9748758,35,Good,0,14.3,95,0.1,4.9,66,871.9,99,8.1,8.3,295.0,4.7,60.0,1.8
2025-11-18 08:00:00,2025,11,18,8,Lào Cai,Xã Khao Mang,21.9078898,103.9748758,34,Good,0,14.6,93,0.0,8.2,75,872.7,100,6.2,6.3,335.0,4.2,65.0,2.3
2025-11-18 09:00:00,2025,11,18,9,Lào Cai,Xã Khao Mang,21.9078898,103.9748758,32,Good,0,14.7,93,0.1,8.4,65,873.3,100,8.1,8.2,380.0,3.6,71.0,3.1
2025-11-18 10:00:00,2025,11,18,10,Lào Cai,Xã Khao Mang,21.9078898,103.9748758,31,Good,0,14.7,95,0.8,7.3,60,873.3,100,9.1,9.1,409.0,3.3,74.0,4.1
2025-11-18 11:00:00,2025,11,18,11,Lào Cai,Xã Khao Mang,21.9078898,103.9748758,31,Good,0,14.6,95,1.1,7.8,71,872.7,100,9.9,9.9,409.0,3.5,72.0,5.5
2025-11-18 12:00:00,2025,11,18,12,Lào Cai,Xã Khao Mang,21.9078898,103.9748758,31,Good,0,14.6,93,1.6,7.0,61,872.2,100,9.7,9.7,393.0,4.0,67.0,7.1
2025-11-18 13:00:00,2025,11,18,13,Lào Cai,Xã Khao Mang,21.9078898,103.9748758,31,Good,0,14.6,95,2.3,7.5,53,871.9,100,11.3,11.3,377.0,4.5,62.0,8.2
2025-11-18 14:00:00,2025,11,18,14,Lào Cai,Xã Khao Mang,21.9078898,103.9748758,32,Good,0,13.5,96,2.5,10.1,66,870.5,100,10.7,10.7,365.0,4.8,59.0,8.5
2025-11-18 15:00:00,2025,11,18,15,Lào Cai,Xã Khao Mang,21.9078898,103.9748758,32,Good,0,13.0,96,1.0,9.9,63,870.2,100,9.7,9.7,353.0,5.0,57.0,8.4
2025-11-18 16:00:00,2025,11,18,16,Lào Cai,Xã Khao Mang,21.9078898,103.9748758,33,Good,0,12.2,96,0.8,10.7,63,870.2,100,8.8,8.8,343.0,5.2,55.0,8.2
2025-11-18 17:00:00,2025,11,18,17,Lào Cai,Xã Khao Mang,21.9078898,103.9748758,34,Good,0,11.4,95,1.3,10.2,72,870.5,100,7.0,7.0,338.0,5.4,54.0,8.0
2025-11-18 18:00:00,2025,11,18,18,Lào Cai,Xã Khao Mang,21.9078898,103.9748758,34,Good,0,10.8,95,0.9,10.4,72,870.9,100,5.7,5.7,335.0,5.7,52.0,7.8
2025-11-18 19:00:00,2025,11,18,19,Lào Cai,Xã Khao Mang,21.9078898,103.9748758,33,Good,0,10.8,94,0.3,11.8,71,872.0,100,6.9,6.9,330.0,6.8,47.0,7.0
2025-11-18 20:00:00,2025,11,18,20,Lào Cai,Xã Khao Mang,21.9078898,103.9748758,33,Good,0,10.3,94,0.8,11.1,74,872.6,100,4.6,4.6,320.0,6.1,49.0,6.8
2025-11-18 21:00:00,2025,11,18,21,Lào Cai,Xã Khao Mang,21.9078898,103.9748758,32,Good,0,9.8,94,0.5,10.9,74,872.6,100,3.3,3.3,307.0,5.2,52.0,6.5
2025-11-18 22:00:00,2025,11,18,22,Lào Cai,Xã Khao Mang,21.9078898,103.9748758,31,Good,0,9.6,93,0.1,11.7,75,872.7,100,2.8,2.8,296.0,4.5,54.0,6.2
2025-11-18 23:00:00,2025,11,18,23,Lào Cai,Xã Khao Mang,21.9078898,103.9748758,30,Good,0,9.3,92,0.1,11.9,72,872.7,100,2.1,2.1,289.0,4.2,54.0,5.8
2025-11-19 00:00:00,2025,11,19,0,Lào Cai,Xã Khao Mang,21.9078898,103.9748758,28,Good,0,9.3,87,0.2,11.5,76,872.7,100,1.6,1.6,283.0,4.2,52.0,5.5
2025-11-19 01:00:00,2025,11,19,1,Lào Cai,Xã Khao Mang,21.9078898,103.9748758,27,Good,0,8.8,95,0.4,11.1,68,872.6,100,1.4,1.4,279.0,4.2,50.0,5.1
2025-11-19 02:00:00,2025,11,19,2,Lào Cai,Xã Khao Mang,21.9078898,103.9748758,26,Good,0,8.6,95,1.2,9.9,69,871.9,100,1.2,1.2,275.0,4.2,48.0,4.8
2025-11-19 03:00:00,2025,11,19,3,Lào Cai,Xã Khao Mang,21.9078898,103.9748758,25,Good,0,8.3,95,1.1,9.6,69,871.6,100,1.4,1.4,271.0,4.2,47.0,4.4
2025-11-19 04:00:00,2025,11,19,4,Lào Cai,Xã Khao Mang,21.9078898,103.9748758,25,Good,0,8.2,95,0.6,9.0,70,871.7,100,1.6,1.6,271.0,4.4,45.0,4.3
2025-11-19 05:00:00,2025,11,19,5,Lào Cai,Xã Khao Mang,21.9078898,103.9748758,25,Good,0,7.9,95,0.2,11.4,69,871.5,100,1.9,1.9,277.0,4.8,43.0,4.4
2025-11-19 06:00:00,2025,11,19,6,Lào Cai,Xã Khao Mang,21.9078898,103.9748758,24,Good,0,7.9,95,0.1,10.0,70,872.3,100,2.3,2.3,287.0,5.3,40.0,4.7
2025-11-19 07:00:00,2025,11,19,7,Lào Cai,Xã Khao Mang,21.9078898,103.9748758,24,Good,0,7.9,95,0.1,9.9,65,873.0,100,3.1,3.1,293.0,5.7,39.0,5.5
2025-11-19 08:00:00,2025,11,19,8,Lào Cai,Xã Khao Mang,21.9078898,103.9748758,23,Good,0,8.3,91,0.1,9.4,64,873.9,100,3.4,3.4,293.0,5.0,41.0,5.7
2025-11-19 09:00:00,2025,11,19,9,Lào Cai,Xã Khao Mang,21.9078898,103.9748758,22,Good,0,8.3,92,0.1,10.0,57,874.1,100,3.3,3.3,290.0,4.0,43.0,6.0
2025-11-19 10:00:00,2025,11,19,10,Lào Cai,Xã Khao Mang,21.9078898,103.9748758,21,Good,0,9.3,82,0.1,11.0,58,874.7,100,3.2,3.2,286.0,3.2,47.0,6.2
2025-11-19 11:00:00,2025,11,19,11,Lào Cai,Xã Khao Mang,21.9078898,103.9748758,20,Good,0,9.7,80,0.0,10.4,54,873.8,100,2.9,2.9,282.0,2.6,54.0,6.2
2025-11-19 12:00:00,2025,11,19,12,Lào Cai,Xã Khao Mang,21.9078898,103.9748758,20,Good,0,10.2,76,0.0,10.4,56,873.3,98,3.2,3.2,278.0,2.3,63.0,6.1
2025-11-19 13:00:00,2025,11,19,13,Lào Cai,Xã Khao Mang,21.9078898,103.9748758,21,Good,0,11.3,74,0.0,10.6,50,873.1,100,3.8,3.8,276.0,2.1,69.0,6.0
2025-11-19 14:00:00,2025,11,19,14,Lào Cai,Xã Khao Mang,21.9078898,103.9748758,23,Good,0,11.2,73,0.0,9.8,54,872.0,100,4.3,4.3,277.0,2.2,71.0,5.8
2025-11-19 15:00:00,2025,11,19,15,Lào Cai,Xã Khao Mang,21.9078898,103.9748758,25,Good,0,10.7,76,0.1,9.0,57,871.3,100,4.8,4.9,280.0,2.5,71.0,5.6
2025-11-19 16:00:00,2025,11,19,16,Lào Cai,Xã Khao Mang,21.9078898,103.9748758,27,Good,0,10.3,82,0.3,7.5,60,870.6,100,5.3,5.3,284.0,3.2,68.0,5.4
2025-11-19 17:00:00,2025,11,19,17,Lào Cai,Xã Khao Mang,21.9078898,103.9748758,28,Good,0,9.6,89,0.3,6.0,46,870.2,91,5.7,5.7,291.0,4.6,61.0,5.2
2025-11-19 18:00:00,2025,11,19,18,Lào Cai,Xã Khao Mang,21.9078898,103.9748758,29,Good,0,9.0,93,0.1,4.9,73,870.4,30,6.4,6.4,300.0,6.3,53.0,5.0
2025-11-19 19:00:00,2025,11,19,19,Lào Cai,Xã Khao Mang,21.9078898,103.9748758,30,Good,0,9.2,89,0.0,5.1,67,871.5,39,6.9,6.9,303.0,6.5,49.0,5.8
2025-11-19 20:00:00,2025,11,19,20,Lào Cai,Xã Khao Mang,21.9078898,103.9748758,29,Good,0,8.8,87,0.0,6.6,79,872.1,52,7.9,7.9,298.0,7.2,45.0,5.7
2025-11-19 21:00:00,2025,11,19,21,Lào Cai,Xã Khao Mang,21.9078898,103.9748758,28,Good,0,8.6,87,0.0,5.4,86,872.3,45,8.6,8.6,288.0,8.2,39.0,5.6
2025-11-19 22:00:00,2025,11,19,22,Lào Cai,Xã Khao Mang,21.9078898,103.9748758,26,Good,0,8.2,88,0.0,5.4,86,871.9,56,9.4,9.4,278.0,8.9,35.0,5.4
2025-11-19 23:00:00,2025,11,19,23,Lào Cai,Xã Khao Mang,21.9078898,103.9748758,24,Good,0,7.8,87,0.0,4.7,86,871.7,91,10.0,10.0,269.0,8.9,33.0,5.2
2025-11-20 00:00:00,2025,11,20,0,Lào Cai,Xã Khao Mang,21.9078898,103.9748758,22,Good,0,8.3,85,0.0,5.3,78,871.4,84,10.5,10.5,260.0,8.6,33.0,5.0
2025-11-20 01:00:00,2025,11,20,1,Lào Cai,Xã Khao Mang,21.9078898,103.9748758,20,Good,0,8.8,89,0.0,6.3,72,871.6,88,10.8,10.8,254.0,8.3,33.0,4.8
2025-11-20 02:00:00,2025,11,20,2,Lào Cai,Xã Khao Mang,21.9078898,103.9748758,21,Good,0,8.6,87,0.0,6.9,67,871.0,80,11.8,11.8,250.0,8.0,34.0,4.6
2025-11-20 03:00:00,2025,11,20,3,Lào Cai,Xã Khao Mang,21.9078898,103.9748758,23,Good,0,8.3,86,0.0,7.3,70,870.8,48,12.4,12.4,248.0,7.6,36.0,4.5
2025-11-20 04:00:00,2025,11,20,4,Lào Cai,Xã Khao Mang,21.9078898,103.9748758,25,Good,0,8.1,86,0.0,7.1,71,870.7,45,13.1,13.2,255.0,7.4,38.0,4.4
2025-11-20 05:00:00,2025,11,20,5,Lào Cai,Xã Khao Mang,21.9078898,103.9748758,27,Good,0,7.7,86,0.0,6.9,73,870.9,37,13.9,13.9,280.0,7.7,38.0,4.4
2025-11-20 06:00:00,2025,11,20,6,Lào Cai,Xã Khao Mang,21.9078898,103.9748758,29,Good,0,7.5,85,0.0,7.7,79,871.3,39,14.8,14.8,313.0,8.2,38.0,4.5
2025-11-20 07:00:00,2025,11,20,7,Lào Cai,Xã Khao Mang,21.9078898,103.9748758,31,Good,0,7.9,88,0.0,7.6,75,872.4,86,6.2,6.2,330.0,6.9,42.0,5.0
2025-11-20 08:00:00,2025,11,20,8,Lào Cai,Xã Khao Mang,21.9078898,103.9748758,32,Good,0,9.0,81,0.0,9.3,63,873.4,59,3.4,3.4,317.0,5.3,53.0,5.6
2025-11-20 09:00:00,2025,11,20,9,Lào Cai,Xã Khao Mang,21.9078898,103.9748758,32,Good,0,11.1,70,0.0,10.3,57,874.4,52,2.7,2.7,288.0,3.0,68.0,6.5
2025-11-20 10:00:00,2025,11,20,10,Lào Cai,Xã Khao Mang,21.9078898,103.9748758,32,Good,0,12.4,65,0.0,12.1,58,874.7,41,2.9,2.9,265.0,1.3,80.0,7.0
2025-11-20 11:00:00,2025,11,20,11,Lào Cai,Xã Khao Mang,21.9078898,103.9748758,32,Good,0,13.9,60,0.0,12.3,55,874.3,49,3.3,3.3,257.0,0.7,87.0,6.8
2025-11-20 12:00:00,2025,11,20,12,Lào Cai,Xã Khao Mang,21.9078898,103.9748758,32,Good,0,14.8,58,0.0,11.3,48,873.4,30,3.9,3.9,254.0,0.6,91.0,6.1
2025-11-20 13:00:00,2025,11,20,13,Lào Cai,Xã Khao Mang,21.9078898,103.9748758,32,Good,0,14.0,60,0.0,11.2,49,872.6,60,4.4,4.4,253.0,0.7,94.0,5.6
2025-11-20 14:00:00,2025,11,20,14,Lào Cai,Xã Khao Mang,21.9078898,103.9748758,32,Good,0,14.8,58,0.0,11.5,49,872.1,33,4.9,4.9,250.0,0.5,97.0,5.3
2025-11-20 15:00:00,2025,11,20,15,Lào Cai,Xã Khao Mang,21.9078898,103.9748758,35,Good,0,14.8,59,0.0,10.3,40,871.5,15,5.5,5.5,249.0,0.5,98.0,5.1
2025-11-20 16:00:00,2025,11,20,16,Lào Cai,Xã Khao Mang,21.9078898,103.9748758,39,Good,0,13.9,64,0.0,8.3,39,871.2,12,6.0,6.0,256.0,1.2,96.0,5.1
2025-11-20 17:00:00,2025,11,20,17,Lào Cai,Xã Khao Mang,21.9078898,103.9748758,41,Good,0,11.9,75,0.0,4.1,38,870.7,8,6.6,6.6,281.0,3.4,88.0,5.3
2025-11-20 18:00:00,2025,11,20,18,Lào Cai,Xã Khao Mang,21.9078898,103.9748758,42,Good,0,9.9,82,0.0,4.6,81,870.2,5,7.7,7.7,315.0,6.3,77.0,5.6
2025-11-20 19:00:00,2025,11,20,19,Lào Cai,Xã Khao Mang,21.9078898,103.9748758,42,Good,0,9.5,86,0.0,4.9,88,870.9,0,16.4,16.4,334.0,9.0,60.0,6.2
2025-11-20 20:00:00,2025,11,20,20,Lào Cai,Xã Khao Mang,21.9078898,103.9748758,41,Good,0,8.9,88,0.0,7.2,89,871.3,2,17.2,17.2,326.0,9.1,59.0,6.4
2025-11-20 21:00:00,2025,11,20,21,Lào Cai,Xã Khao Mang,21.9078898,103.9748758,39,Good,0,8.4,89,0.0,8.1,96,871.5,6,17.5,17.5,304.0,9.1,58.0,6.6
2025-11-20 22:00:00,2025,11,20,22,Lào Cai,Xã Khao Mang,21.9078898,103.9748758,37,Good,0,8.3,89,0.0,8.6,102,871.5,1,17.6,17.6,283.0,9.0,58.0,6.7
2025-11-20 23:00:00,2025,11,20,23,Lào Cai,Xã Khao Mang,21.9078898,103.9748758,39,Good,0,8.0,90,0.0,8.5,103,871.5,1,17.4,17.5,267.0,8.6,59.0,6.7
2025-11-21 00:00:00,2025,11,21,0,Lào Cai,Xã Khao Mang,21.9078898,103.9748758,40,Good,0,7.6,90,0.0,8.3,106,871.0,0,17.1,17.2,252.0,8.0,62.0,6.6
2025-11-21 01:00:00,2025,11,21,1,Lào Cai,Xã Khao Mang,21.9078898,103.9748758,41,Good,0,7.5,93,0.0,8.8,102,871.1,48,16.8,16.9,242.0,7.4,64.0,6.5
2025-11-21 02:00:00,2025,11,21,2,Lào Cai,Xã Khao Mang,21.9078898,103.9748758,42,Good,0,7.8,90,0.0,9.1,104,870.8,2,16.5,16.5,238.0,6.8,67.0,6.5
2025-11-21 03:00:00,2025,11,21,3,Lào Cai,Xã Khao Mang,21.9078898,103.9748758,43,Good,0,7.7,89,0.0,8.3,103,870.5,2,16.2,16.3,239.0,6.2,69.0,6.4
2025-11-21 04:00:00,2025,11,21,4,Lào Cai,Xã Khao Mang,21.9078898,103.9748758,44,Good,0,7.5,89,0.0,8.3,103,870.5,2,16.1,16.2,250.0,6.0,71.0,6.5
2025-11-21 05:00:00,2025,11,21,5,Lào Cai,Xã Khao Mang,21.9078898,103.9748758,44,Good,0,7.2,89,0.0,8.6,101,870.2,2,16.1,16.2,282.0,6.9,70.0,6.7
2025-11-21 06:00:00,2025,11,21,6,Lào Cai,Xã Khao Mang,21.9078898,103.9748758,45,Good,0,7.1,88,0.0,8.6,102,870.8,2,16.4,16.6,325.0,8.2,67.0,7.0
2025-11-21 07:00:00,2025,11,21,7,Lào Cai,Xã Khao Mang,21.9078898,103.9748758,45,Good,0,7.9,87,0.0,8.6,105,872.0,2,7.8,7.8,345.0,8.5,65.0,7.1
2025-11-21 08:00:00,2025,11,21,8,Lào Cai,Xã Khao Mang,21.9078898,103.9748758,45,Good,0,11.3,75,0.0,7.6,71,873.9,2,5.2,5.2,323.0,6.4,73.0,7.0
2025-11-21 09:00:00,2025,11,21,9,Lào Cai,Xã Khao Mang,21.9078898,103.9748758,46,Good,0,13.5,63,0.0,9.4,52,875.0,2,3.5,3.5,279.0,3.5,83.0,7.0
2025-11-21 10:00:00,2025,11,21,10,Lào Cai,Xã Khao Mang,21.9078898,103.9748758,46,Good,0,15.2,56,0.0,11.3,46,875.5,8,4.4,4.5,244.0,1.3,92.0,6.9
2025-11-21 11:00:00,2025,11,21,11,Lào Cai,Xã Khao Mang,21.9078898,103.9748758,46,Good,0,16.5,51,0.0,12.3,46,875.2,6,5.0,5.2,232.0,0.6,97.0,6.9
2025-11-21 12:00:00,2025,11,21,12,Lào Cai,Xã Khao Mang,21.9078898,103.9748758,46,Good,0,17.5,49,0.0,11.4,41,874.6,34,5.6,5.8,229.0,0.6,101.0,6.9
2025-11-21 13:00:00,2025,11,21,13,Lào Cai,Xã Khao Mang,21.9078898,103.9748758,47,Good,0,17.3,50,0.0,12.1,43,873.7,48,6.2,6.4,229.0,0.8,103.0,6.9
2025-11-21 14:00:00,2025,11,21,14,Lào Cai,Xã Khao Mang,21.9078898,103.9748758,47,Good,0,17.3,51,0.0,10.7,37,872.7,47,6.7,6.9,229.0,0.6,105.0,6.8
2025-11-21 15:00:00,2025,11,21,15,Lào Cai,Xã Khao Mang,21.9078898,103.9748758,47,Good,0,16.8,53,0.0,8.8,31,872.3,14,7.1,7.3,232.0,0.5,106.0,6.7
2025-11-21 16:00:00,2025,11,21,16,Lào Cai,Xã Khao Mang,21.9078898,103.9748758,47,Good,0,15.8,58,0.0,8.0,25,871.7,2,7.5,7.7,244.0,1.3,104.0,6.7
2025-11-21 17:00:00,2025,11,21,17,Lào Cai,Xã Khao Mang,21.9078898,103.9748758,48,Good,0,13.3,72,0.0,4.2,31,870.8,3,8.1,8.3,277.0,3.9,95.0,6.9
2025-11-21 18:00:00,2025,11,21,18,Lào Cai,Xã Khao Mang,21.9078898,103.9748758,48,Good,0,11.1,79,0.0,4.2,83,870.4,5,9.3,9.5,320.0,7.4,83.0,7.3
2025-11-21 19:00:00,2025,11,21,19,Lào Cai,Xã Khao Mang,21.9078898,103.9748758,48,Good,0,10.7,83,0.0,4.5,97,870.4,3,16.1,16.5,345.0,9.7,68.0,7.6
2025-11-21 20:00:00,2025,11,21,20,Lào Cai,Xã Khao Mang,21.9078898,103.9748758,48,Good,0,10.1,82,0.0,6.2,97,870.7,0,17.5,17.9,336.0,10.1,67.0,7.9
2025-11-21 21:00:00,2025,11,21,21,Lào Cai,Xã Khao Mang,21.9078898,103.9748758,48,Good,0,9.2,81,0.0,6.9,104,870.5,1,18.5,18.8,309.0,10.7,65.0,8.2
2025-11-21 22:00:00,2025,11,21,22,Lào Cai,Xã Khao Mang,21.9078898,103.9748758,48,Good,0,8.4,79,0.0,7.0,108,870.3,1,19.3,19.6,285.0,11.0,64.0,8.5
2025-11-21 23:00:00,2025,11,21,23,Lào Cai,Xã Khao Mang,21.9078898,103.9748758,49,Good,0,7.8,80,0.0,6.9,110,870.0,0,19.7,20.1,270.0,11.0,64.0,8.6
2025-11-22 00:00:00,2025,11,22,0,Lào Cai,Xã Khao Mang,21.9078898,103.9748758,49,Good,0,7.3,80,0.0,6.9,110,869.4,0,19.8,20.3,256.0,10.7,64.0,8.5
2025-11-22 01:00:00,2025,11,22,1,Lào Cai,Xã Khao Mang,21.9078898,103.9748758,50,Good,0,7.0,83,0.0,6.8,108,869.0,0,19.8,20.3,246.0,10.4,64.0,8.3
2025-11-22 02:00:00,2025,11,22,2,Lào Cai,Xã Khao Mang,21.9078898,103.9748758,50,Good,0,7.2,81,0.0,5.8,112,868.7,0,19.8,20.2,234.0,9.9,65.0,7.9
2025-11-22 03:00:00,2025,11,22,3,Lào Cai,Xã Khao Mang,21.9078898,103.9748758,50,Good,0,7.0,82,0.0,6.1,114,868.4,0,19.8,20.3,225.0,9.4,66.0,7.3
2025-11-22 04:00:00,2025,11,22,4,Lào Cai,Xã Khao Mang,21.9078898,103.9748758,51,Moderate,1,6.8,82,0.0,6.1,114,868.2,0,21.8,22.2,232.0,9.1,64.0,6.6
2025-11-22 05:00:00,2025,11,22,5,Lào Cai,Xã Khao Mang,21.9078898,103.9748758,51,Moderate,1,6.7,83,0.0,6.1,113,868.0,0,25.0,25.4,273.0,9.5,55.0,5.6
2025-11-22 06:00:00,2025,11,22,6,Lào Cai,Xã Khao Mang,21.9078898,103.9748758,52,Moderate,1,6.6,83,0.0,6.0,115,868.3,0,24.0,24.3,331.0,10.1,43.0,4.4
2025-11-22 07:00:00,2025,11,22,7,Lào Cai,Xã Khao Mang,21.9078898,103.9748758,53,Moderate,1,7.8,83,0.0,6.2,116,869.9,0,24.3,24.5,361.0,9.6,33.0,3.3
2025-11-22 08:00:00,2025,11,22,8,Lào Cai,Xã Khao Mang,21.9078898,103.9748758,54,Moderate,1,12.0,70,0.0,4.5,83,872.4,0,19.2,19.4,336.0,7.1,50.0,4.6
2025-11-22 09:00:00,2025,11,22,9,Lào Cai,Xã Khao Mang,21.9078898,103.9748758,55,Moderate,1,14.1,63,0.0,4.0,18,873.4,0,14.6,14.8,285.0,3.7,75.0,6.4
2025-11-22 10:00:00,2025,11,22,10,Lào Cai,Xã Khao Mang,21.9078898,103.9748758,56,Moderate,1,15.7,60,0.0,5.2,346,873.6,0,12.5,12.7,246.0,1.2,93.0,7.6
2025-11-22 11:00:00,2025,11,22,11,Lào Cai,Xã Khao Mang,21.9078898,103.9748758,57,Moderate,1,16.8,58,0.0,6.2,338,873.2,8,11.4,11.6,237.0,0.4,100.0,7.5
2025-11-22 12:00:00,2025,11,22,12,Lào Cai,Xã Khao Mang,21.9078898,103.9748758,58,Moderate,1,17.7,56,0.0,7.5,327,872.3,15,11.1,11.3,240.0,0.6,101.0,6.7
2025-11-22 13:00:00,2025,11,22,13,Lào Cai,Xã Khao Mang,21.9078898,103.9748758,58,Moderate,1,18.7,53,0.0,7.9,281,871.7,73,11.0,11.1,246.0,0.8,101.0,6.0
2025-11-22 14:00:00,2025,11,22,14,Lào Cai,Xã Khao Mang,21.9078898,103.9748758,59,Moderate,1,17.2,65,0.0,8.3,290,870.4,7,11.0,11.2,247.0,0.5,103.0,5.7
2025-11-22 15:00:00,2025,11,22,15,Lào Cai,Xã Khao Mang,21.9078898,103.9748758,59,Moderate,1,16.8,68,0.0,7.2,302,870.0,23,11.3,11.5,251.0,0.3,105.0,5.5
2025-11-22 16:00:00,2025,11,22,16,Lào Cai,Xã Khao Mang,21.9078898,103.9748758,59,Moderate,1,16.2,70,0.0,5.1,318,869.6,29,11.6,11.8,272.0,1.3,103.0,5.5
2025-11-22 17:00:00,2025,11,22,17,Lào Cai,Xã Khao Mang,21.9078898,103.9748758,60,Moderate,1,14.1,82,0.0,3.1,350,868.9,9,12.6,12.7,325.0,4.6,95.0,6.0
2025-11-22 18:00:00,2025,11,22,18,Lào Cai,Xã Khao Mang,21.9078898,103.9748758,60,Moderate,1,12.2,86,0.0,1.3,98,868.3,8,14.2,14.4,395.0,9.2,83.0,6.7
2025-11-22 19:00:00,2025,11,22,19,Lào Cai,Xã Khao Mang,21.9078898,103.9748758,60,Moderate,1,11.4,90,0.0,3.5,118,868.8,24,13.6,13.7,448.0,13.8,63.0,7.2
2025-11-22 20:00:00,2025,11,22,20,Lào Cai,Xã Khao Mang,21.9078898,103.9748758,60,Moderate,1,10.9,91,0.0,3.9,106,869.2,14,15.1,15.2,475.0,14.1,61.0,7.5
2025-11-22 21:00:00,2025,11,22,21,Lào Cai,Xã Khao Mang,21.9078898,103.9748758,60,Moderate,1,10.1,92,0.0,3.9,112,868.9,22,16.0,16.1,486.0,14.5,59.0,7.8
2025-11-22 22:00:00,2025,11,22,22,Lào Cai,Xã Khao Mang,21.9078898,103.9748758,60,Moderate,1,9.4,92,0.0,4.2,115,868.8,15,16.8,16.9,475.0,14.7,57.0,7.8
2025-11-22 23:00:00,2025,11,22,23,Lào Cai,Xã Khao Mang,21.9078898,103.9748758,60,Moderate,1,8.9,92,0.0,3.8,115,868.5,3,17.2,17.3,429.0,14.6,56.0,7.2
2025-11-23 00:00:00,2025,11,23,0,Lào Cai,Xã Khao Mang,21.9078898,103.9748758,59,Moderate,1,8.5,92,0.0,3.6,117,868.3,2,17.2,17.3,360.0,14.3,55.0,6.3
2025-11-23 01:00:00,2025,11,23,1,Lào Cai,Xã Khao Mang,21.9078898,103.9748758,59,Moderate,1,7.7,94,0.0,4.3,114,867.9,2,20.5,20.7,303.0,13.8,55.0,5.4
2025-11-23 02:00:00,2025,11,23,2,Lào Cai,Xã Khao Mang,21.9078898,103.9748758,59,Moderate,1,7.9,92,0.0,4.4,120,867.3,1,22.9,23.0,266.0,12.8,56.0,4.6
2025-11-23 03:00:00,2025,11,23,3,Lào Cai,Xã Khao Mang,21.9078898,103.9748758,59,Moderate,1,7.7,91,0.0,5.2,119,866.9,0,24.6,24.6,240.0,11.7,57.0,3.7
2025-11-23 04:00:00,2025,11,23,4,Lào Cai,Xã Khao Mang,21.9078898,103.9748758,60,Moderate,1,7.9,88,0.0,4.0,117,867.0,0,25.7,25.8,235.0,10.8,56.0,3.1
2025-11-23 05:00:00,2025,11,23,5,Lào Cai,Xã Khao Mang,21.9078898,103.9748758,60,Moderate,1,7.9,85,0.0,3.3,119,867.1,0,25.1,25.2,269.0,10.9,46.0,2.6
2025-11-23 06:00:00,2025,11,23,6,Lào Cai,Xã Khao Mang,21.9078898,103.9748758,60,Moderate,1,7.6,86,0.0,3.7,119,867.4,0,24.3,24.3,325.0,11.4,34.0,2.3
2025-11-23 07:00:00,2025,11,23,7,Lào Cai,Xã Khao Mang,21.9078898,103.9748758,60,Moderate,1,8.6,84,0.0,4.5,119,868.9,0,18.2,18.2,355.0,11.7,29.0,2.6
2025-11-23 08:00:00,2025,11,23,8,Lào Cai,Xã Khao Mang,21.9078898,103.9748758,60,Moderate,1,12.6,72,0.0,2.4,132,871.3,0,12.4,12.4,333.0,8.7,53.0,4.0
2025-11-23 09:00:00,2025,11,23,9,Lào Cai,Xã Khao Mang,21.9078898,103.9748758,59,Moderate,1,14.3,65,0.0,3.4,317,872.8,0,5.7,5.7,285.0,4.6,86.0,6.0
2025-11-23 10:00:00,2025,11,23,10,Lào Cai,Xã Khao Mang,21.9078898,103.9748758,58,Moderate,1,15.7,63,0.0,6.2,316,873.4,0,3.4,3.4,250.0,1.5,110.0,7.5
2025-11-23 11:00:00,2025,11,23,11,Lào Cai,Xã Khao Mang,21.9078898,103.9748758,58,Moderate,1,16.8,63,0.0,6.5,312,872.8,3,4.2,4.2,244.0,0.5,117.0,8.2
2025-11-23 12:00:00,2025,11,23,12,Lào Cai,Xã Khao Mang,21.9078898,103.9748758,57,Moderate,1,17.7,62,0.0,7.7,307,872.0,1,5.1,5.1,251.0,0.7,114.0,8.5
2025-11-23 13:00:00,2025,11,23,13,Lào Cai,Xã Khao Mang,21.9078898,103.9748758,56,Moderate,1,18.2,62,0.0,8.5,283,871.4,6,5.7,5.8,255.0,0.9,112.0,8.7
2025-11-23 14:00:00,2025,11,23,14,Lào Cai,Xã Khao Mang,21.9078898,103.9748758,56,Moderate,1,17.6,64,0.0,7.4,292,870.4,3,6.4,6.4,245.0,0.5,113.0,8.8
2025-11-23 15:00:00,2025,11,23,15,Lào Cai,Xã Khao Mang,21.9078898,103.9748758,55,Moderate,1,17.3,64,0.0,5.5,302,870.0,2,7.1,7.1,233.0,0.2,114.0,8.8
2025-11-23 16:00:00,2025,11,23,16,Lào Cai,Xã Khao Mang,21.9078898,103.9748758,55,Moderate,1,16.8,66,0.0,4.1,304,869.5,1,7.7,7.7,243.0,1.4,111.0,9.1
2025-11-23 17:00:00,2025,11,23,17,Lào Cai,Xã Khao Mang,21.9078898,103.9748758,55,Moderate,1,15.0,77,0.0,2.2,336,868.9,2,9.5,9.5,297.0,5.7,100.0,9.9
2025-11-23 18:00:00,2025,11,23,18,Lào Cai,Xã Khao Mang,21.9078898,103.9748758,56,Moderate,1,13.0,81,0.0,1.0,112,868.4,0,12.3,12.3,374.0,11.5,85.0,11.0
2025-11-23 19:00:00,2025,11,23,19,Lào Cai,Xã Khao Mang,21.9078898,103.9748758,54,Moderate,1,12.4,85,0.0,2.2,125,868.5,0,14.4,14.5,434.0,17.3,61.0,10.2
2025-11-23 20:00:00,2025,11,23,20,Lào Cai,Xã Khao Mang,21.9078898,103.9748758,54,Moderate,1,11.6,87,0.0,2.6,124,868.3,0,17.2,17.3,464.0,17.8,60.0,11.1
2025-11-23 21:00:00,2025,11,23,21,Lào Cai,Xã Khao Mang,21.9078898,103.9748758,55,Moderate,1,10.9,87,0.0,2.6,124,868.2,0,19.4,19.4,477.0,18.3,58.0,12.3
2025-11-23 22:00:00,2025,11,23,22,Lào Cai,Xã Khao Mang,21.9078898,103.9748758,55,Moderate,1,10.6,85,0.0,2.5,120,868.4,0,21.0,21.0,468.0,18.5,56.0,12.8
2025-11-23 23:00:00,2025,11,23,23,Lào Cai,Xã Khao Mang,21.9078898,103.9748758,55,Moderate,1,9.6,86,0.0,2.9,120,867.9,1,23.3,23.4,424.0,18.0,54.0,11.9
2025-11-24 00:00:00,2025,11,24,0,Lào Cai,Xã Khao Mang,21.9078898,103.9748758,56,Moderate,1,9.5,84,0.0,3.3,119,867.6,0,28.1,28.1,359.0,17.0,53.0,10.4
2025-11-24 01:00:00,2025,11,24,1,Lào Cai,Xã Khao Mang,21.9078898,103.9748758,57,Moderate,1,8.2,93,0.0,5.0,116,867.2,2,29.6,29.6,308.0,15.8,53.0,9.1
2025-11-24 02:00:00,2025,11,24,2,Lào Cai,Xã Khao Mang,21.9078898,103.9748758,58,Moderate,1,8.0,93,0.0,6.1,118,866.6,8,30.2,30.2,283.0,14.3,56.0,8.6
2025-11-24 03:00:00,2025,11,24,3,Lào Cai,Xã Khao Mang,21.9078898,103.9748758,58,Moderate,1,8.1,91,0.0,7.4,116,866.7,44,30.5,30.5,272.0,12.6,60.0,8.4
2025-11-24 04:00:00,2025,11,24,4,Lào Cai,Xã Khao Mang,21.9078898,103.9748758,59,Moderate,1,8.1,92,0.0,8.1,115,866.8,66,30.5,30.5,280.0,11.3,62.0,8.2
2025-11-24 05:00:00,2025,11,24,5,Lào Cai,Xã Khao Mang,21.9078898,103.9748758,59,Moderate,1,8.1,92,0.0,8.5,114,867.1,80,30.4,30.4,325.0,11.0,56.0,7.5
2025-11-24 06:00:00,2025,11,24,6,Lào Cai,Xã Khao Mang,21.9078898,103.9748758,60,Moderate,1,8.1,91,0.0,9.1,111,867.8,87,29.7,29.7,388.0,11.2,48.0,6.9
2025-11-24 07:00:00,2025,11,24,7,Lào Cai,Xã Khao Mang,21.9078898,103.9748758,60,Moderate,1,8.6,89,0.0,8.3,110,869.1,59,24.2,24.2,418.0,10.5,43.0,6.3
2025-11-24 08:00:00,2025,11,24,8,Lào Cai,Xã Khao Mang,21.9078898,103.9748758,61,Moderate,1,11.9,82,0.0,7.7,102,871.4,49,22.3,22.4,382.0,7.8,66.0,8.4
2025-11-24 09:00:00,2025,11,24,9,Lào Cai,Xã Khao Mang,21.9078898,103.9748758,62,Moderate,1,15.0,72,0.0,4.6,36,873.3,2,18.0,18.0,313.0,4.1,98.0,11.2
2025-11-24 10:00:00,2025,11,24,10,Lào Cai,Xã Khao Mang,21.9078898,103.9748758,63,Moderate,1,16.7,63,0.0,6.9,20,873.5,1,12.6,12.7,260.0,1.4,121.0,12.8
2025-11-24 11:00:00,2025,11,24,11,Lào Cai,Xã Khao Mang,21.9078898,103.9748758,63,Moderate,1,18.2,55,0.0,8.4,15,873.1,0,10.9,11.0,245.0,0.5,125.0,12.0
2025-11-24 12:00:00,2025,11,24,12,Lào Cai,Xã Khao Mang,21.9078898,103.9748758,64,Moderate,1,19.2,50,0.0,9.3,9,872.4,34,9.8,10.0,247.0,0.6,120.0,10.0
2025-11-24 13:00:00,2025,11,24,13,Lào Cai,Xã Khao Mang,21.9078898,103.9748758,64,Moderate,1,19.1,50,0.0,7.0,356,871.7,45,9.6,9.8,252.0,0.8,115.0,8.3
2025-11-24 14:00:00,2025,11,24,14,Lào Cai,Xã Khao Mang,21.9078898,103.9748758,65,Moderate,1,18.5,54,0.0,9.4,11,871.0,24,9.5,9.7,255.0,0.6,114.0,7.4
2025-11-24 15:00:00,2025,11,24,15,Lào Cai,Xã Khao Mang,21.9078898,103.9748758,65,Moderate,1,17.4,60,0.0,10.5,27,870.7,9,9.5,9.7,262.0,0.5,113.0,6.8
2025-11-24 16:00:00,2025,11,24,16,Lào Cai,Xã Khao Mang,21.9078898,103.9748758,65,Moderate,1,16.3,64,0.0,9.6,43,870.3,5,9.6,9.8,273.0,1.3,110.0,6.5
2025-11-24 17:00:00,2025,11,24,17,Lào Cai,Xã Khao Mang,21.9078898,103.9748758,65,Moderate,1,14.4,72,0.0,6.3,59,870.1,2,10.4,10.5,296.0,3.8,101.0,6.6
2025-11-24 18:00:00,2025,11,24,18,Lào Cai,Xã Khao Mang,21.9078898,103.9748758,66,Moderate,1,11.9,84,0.0,6.3,88,869.5,2,11.6,11.8,324.0,7.3,89.0,7.1
2025-11-24 19:00:00,2025,11,24,19,Lào Cai,Xã Khao Mang,21.9078898,103.9748758,65,Moderate,1,11.4,88,0.0,5.4,94,870.1,3,20.0,20.1,339.0,10.0,81.0,8.3
2025-11-24 20:00:00,2025,11,24,20,Lào Cai,Xã Khao Mang,21.9078898,103.9748758,66,Moderate,1,11.7,86,0.0,7.5,101,870.7,11,21.6,21.7,330.0,9.8,81.0,8.4
2025-11-24 21:00:00,2025,11,24,21,Lào Cai,Xã Khao Mang,21.9078898,103.9748758,66,Moderate,1,11.1,89,0.0,7.0,103,870.6,17,22.3,22.5,308.0,9.5,82.0,8.6
2025-11-24 22:00:00,2025,11,24,22,Lào Cai,Xã Khao Mang,21.9078898,103.9748758,67,Moderate,1,10.9,89,0.0,6.1,109,870.9,39,22.4,22.5,291.0,9.0,83.0,8.6
2025-11-24 23:00:00,2025,11,24,23,Lào Cai,Xã Khao Mang,21.9078898,103.9748758,67,Moderate,1,11.3,85,0.0,5.5,103,871.1,38,21.5,21.7,284.0,8.2,85.0,8.2
2025-11-25 00:00:00,2025,11,25,0,Lào Cai,Xã Khao Mang,21.9078898,103.9748758,67,Moderate,1,11.2,85,0.0,5.4,104,871.3,4,20.4,20.6,282.0,7.3,88.0,7.6
2025-11-25 01:00:00,2025,11,25,1,Lào Cai,Xã Khao Mang,21.9078898,103.9748758,66,Moderate,1,9.4,92,0.0,4.2,115,870.5,13,19.4,19.7,280.0,6.5,90.0,7.1
2025-11-25 02:00:00,2025,11,25,2,Lào Cai,Xã Khao Mang,21.9078898,103.9748758,65,Moderate,1,9.2,90,0.0,4.5,104,870.0,37,19.8,20.1,275.0,5.9,89.0,6.9
2025-11-25 03:00:00,2025,11,25,3,Lào Cai,Xã Khao Mang,21.9078898,103.9748758,64,Moderate,1,9.4,90,0.0,4.7,94,870.1,85,20.2,20.5,271.0,5.5,87.0,6.8
2025-11-25 04:00:00,2025,11,25,4,Lào Cai,Xã Khao Mang,21.9078898,103.9748758,63,Moderate,1,9.2,91,0.0,4.7,92,870.0,88,20.6,21.0,276.0,5.4,84.0,6.8
2025-11-25 05:00:00,2025,11,25,5,Lào Cai,Xã Khao Mang,21.9078898,103.9748758,62,Moderate,1,8.5,91,0.0,4.2,95,870.0,2,21.5,21.9,302.0,6.2,80.0,7.1
2025-11-25 06:00:00,2025,11,25,6,Lào Cai,Xã Khao Mang,21.9078898,103.9748758,61,Moderate,1,7.6,90,0.0,4.6,101,870.0,1,22.9,23.3,336.0,7.4,77.0,7.6
2025-11-25 07:00:00,2025,11,25,7,Lào Cai,Xã Khao Mang,21.9078898,103.9748758,61,Moderate,1,8.7,89,0.0,3.8,107,871.2,4,14.5,14.7,348.0,8.6,75.0,7.5
2025-11-25 08:00:00,2025,11,25,8,Lào Cai,Xã Khao Mang,21.9078898,103.9748758,60,Moderate,1,11.1,75,0.0,5.6,69,872.3,2,12.0,12.1,316.0,6.5,84.0,7.4
2025-11-25 09:00:00,2025,11,25,9,Lào Cai,Xã Khao Mang,21.9078898,103.9748758,59,Moderate,1,13.2,56,0.0,10.7,49,873.6,11,5.9,6.0,262.0,3.7,96.0,7.3
2025-11-25 10:00:00,2025,11,25,10,Lào Cai,Xã Khao Mang,21.9078898,103.9748758,58,Moderate,1,14.4,47,0.0,12.0,53,873.7,2,4.7,5.2,221.0,1.5,106.0,6.9
2025-11-25 11:00:00,2025,11,25,11,Lào Cai,Xã Khao Mang,21.9078898,103.9748758,57,Moderate,1,15.2,46,0.0,11.1,53,873.3,2,5.1,5.8,210.0,0.8,112.0,6.2
2025-11-25 12:00:00,2025,11,25,12,Lào Cai,Xã Khao Mang,21.9078898,103.9748758,57,Moderate,1,15.9,44,0.0,9.7,50,872.2,2,5.6,6.5,212.0,0.7,116.0,5.2
2025-11-25 13:00:00,2025,11,25,13,Lào Cai,Xã Khao Mang,21.9078898,103.9748758,56,Moderate,1,16.6,42,0.0,9.8,46,871.6,3,5.9,7.0,214.0,0.8,118.0,4.5
2025-11-25 14:00:00,2025,11,25,14,Lào Cai,Xã Khao Mang,21.9078898,103.9748758,56,Moderate,1,16.4,43,0.0,9.4,43,870.7,5,6.2,7.3,208.0,0.5,120.0,4.1
2025-11-25 15:00:00,2025,11,25,15,Lào Cai,Xã Khao Mang,21.9078898,103.9748758,56,Moderate,1,16.2,44,0.0,8.1,43,869.9,0,6.5,7.6,203.0,0.2,121.0,3.9
2025-11-25 16:00:00,2025,11,25,16,Lào Cai,Xã Khao Mang,21.9078898,103.9748758,56,Moderate,1,15.2,48,0.0,7.5,44,869.2,0,6.9,7.9,212.0,1.2,118.0,4.0
2025-11-25 17:00:00,2025,11,25,17,Lào Cai,Xã Khao Mang,21.9078898,103.9748758,59,Moderate,1,12.6,64,0.0,4.0,51,868.2,0,7.9,8.8,248.0,4.4,108.0,4.6
2025-11-25 18:00:00,2025,11,25,18,Lào Cai,Xã Khao Mang,21.9078898,103.9748758,62,Moderate,1,10.4,68,0.0,4.3,95,867.7,0,9.5,10.4,299.0,8.8,95.0,5.5
2025-11-25 19:00:00,2025,11,25,19,Lào Cai,Xã Khao Mang,21.9078898,103.9748758,60,Moderate,1,9.6,74,0.0,4.5,104,868.0,0,12.1,13.0,335.0,12.7,80.0,6.5
2025-11-25 20:00:00,2025,11,25,20,Lào Cai,Xã Khao Mang,21.9078898,103.9748758,54,Moderate,1,8.8,75,0.0,6.0,106,867.6,4,13.6,14.5,348.0,13.1,77.0,6.8
2025-11-25 21:00:00,2025,11,25,21,Lào Cai,Xã Khao Mang,21.9078898,103.9748758,53,Moderate,1,7.9,76,0.0,6.1,113,867.3,4,14.6,15.4,347.0,13.7,73.0,7.1
2025-11-25 22:00:00,2025,11,25,22,Lào Cai,Xã Khao Mang,21.9078898,103.9748758,53,Moderate,1,7.1,75,0.0,5.2,112,867.4,4,15.7,16.4,333.0,14.1,70.0,7.3
2025-11-25 23:00:00,2025,11,25,23,Lào Cai,Xã Khao Mang,21.9078898,103.9748758,52,Moderate,1,6.5,74,0.0,5.2,115,866.8,0,16.4,17.1,300.0,14.2,68.0,7.2
2025-11-26 00:00:00,2025,11,26,0,Lào Cai,Xã Khao Mang,21.9078898,103.9748758,52,Moderate,1,6.0,73,0.0,5.1,117,866.3,0,16.6,17.2,254.0,14.1,66.0,7.0
2025-11-26 01:00:00,2025,11,26,1,Lào Cai,Xã Khao Mang,21.9078898,103.9748758,51,Moderate,1,5.4,72,0.0,4.6,116,866.4,0,16.5,17.1,218.0,13.8,65.0,6.7
2025-11-26 02:00:00,2025,11,26,2,Lào Cai,Xã Khao Mang,21.9078898,103.9748758,51,Moderate,1,5.7,64,0.0,4.4,120,865.8,0,16.3,17.0,195.0,12.9,66.0,6.5
2025-11-26 03:00:00,2025,11,26,3,Lào Cai,Xã Khao Mang,21.9078898,103.9748758,51,Moderate,1,5.8,59,0.0,4.2,121,865.6,0,16.2,16.8,182.0,11.8,67.0,6.2
2025-11-26 04:00:00,2025,11,26,4,Lào Cai,Xã Khao Mang,21.9078898,103.9748758,51,Moderate,1,5.7,58,0.0,4.5,119,865.9,0,15.9,16.5,189.0,11.1,64.0,5.8
2025-11-26 05:00:00,2025,11,26,5,Lào Cai,Xã Khao Mang,21.9078898,103.9748758,50,Good,0,5.5,60,0.0,5.0,116,865.6,0,15.5,15.8,238.0,11.5,50.0,4.8
2025-11-26 06:00:00,2025,11,26,6,Lào Cai,Xã Khao Mang,21.9078898,103.9748758,49,Good,0,5.4,64,0.0,5.6,115,865.8,0,15.6,15.9,308.0,12.3,32.0,3.7
2025-11-26 07:00:00,2025,11,26,7,Lào Cai,Xã Khao Mang,21.9078898,103.9748758,48,Good,0,5.6,76,0.0,5.9,117,867.0,0,10.3,10.3,348.0,11.8,28.0,3.2
2025-11-26 08:00:00,2025,11,26,8,Lào Cai,Xã Khao Mang,21.9078898,103.9748758,47,Good,0,10.4,68,0.0,5.0,105,869.6,0,6.4,6.5,326.0,8.7,52.0,4.3
2025-11-26 09:00:00,2025,11,26,9,Lào Cai,Xã Khao Mang,21.9078898,103.9748758,46,Good,0,13.0,52,0.0,2.7,352,871.1,0,3.1,3.2,273.0,4.5,85.0,5.8
2025-11-26 10:00:00,2025,11,26,10,Lào Cai,Xã Khao Mang,21.9078898,103.9748758,46,Good,0,14.5,51,0.0,5.6,335,871.7,38,3.7,3.8,232.0,1.4,110.0,6.8
2025-11-26 11:00:00,2025,11,26,11,Lào Cai,Xã Khao Mang,21.9078898,103.9748758,46,Good,0,15.7,49,0.0,6.8,331,871.4,0,4.2,4.3,221.0,0.4,118.0,6.7
2025-11-26 12:00:00,2025,11,26,12,Lào Cai,Xã Khao Mang,21.9078898,103.9748758,45,Good,0,16.6,47,0.0,7.4,326,870.7,9,4.5,4.6,222.0,0.6,117.0,6.1
2025-11-26 13:00:00,2025,11,26,13,Lào Cai,Xã Khao Mang,21.9078898,103.9748758,45,Good,0,17.4,48,0.0,6.8,307,870.2,38,4.6,4.7,223.0,0.8,116.0,5.5
2025-11-26 14:00:00,2025,11,26,14,Lào Cai,Xã Khao Mang,21.9078898,103.9748758,45,Good,0,17.1,48,0.0,7.2,325,869.6,1,4.8,4.8,215.0,0.6,117.0,5.1
2025-11-26 15:00:00,2025,11,26,15,Lào Cai,Xã Khao Mang,21.9078898,103.9748758,45,Good,0,16.9,44,0.0,6.8,338,869.3,2,4.9,4.9,206.0,0.4,118.0,4.9
2025-11-26 16:00:00,2025,11,26,16,Lào Cai,Xã Khao Mang,21.9078898,103.9748758,48,Good,0,16.1,45,0.0,5.9,342,869.2,1,5.1,5.1,212.0,1.3,115.0,4.8
2025-11-26 17:00:00,2025,11,26,17,Lào Cai,Xã Khao Mang,21.9078898,103.9748758,57,Moderate,1,13.5,63,0.0,2.2,9,868.8,0,6.0,6.1,248.0,4.2,105.0,5.1
2025-11-26 18:00:00,2025,11,26,18,Lào Cai,Xã Khao Mang,21.9078898,103.9748758,61,Moderate,1,10.8,69,0.0,4.1,90,868.5,0,7.5,7.6,300.0,8.0,92.0,5.7
2025-11-26 19:00:00,2025,11,26,19,Lào Cai,Xã Khao Mang,21.9078898,103.9748758,58,Moderate,1,9.7,82,0.0,4.9,100,868.7,0,16.2,16.5,334.0,12.2,81.0,7.0
2025-11-26 20:00:00,2025,11,26,20,Lào Cai,Xã Khao Mang,21.9078898,103.9748758,50,Good,0,8.8,88,0.0,7.6,104,869.3,56,17.5,17.7,337.0,11.7,82.0,7.0
2025-11-26 21:00:00,2025,11,26,21,Lào Cai,Xã Khao Mang,21.9078898,103.9748758,48,Good,0,8.1,91,0.0,8.3,108,869.5,65,18.3,18.6,322.0,10.9,83.0,7.0
2025-11-26 22:00:00,2025,11,26,22,Lào Cai,Xã Khao Mang,21.9078898,103.9748758,46,Good,0,7.6,91,0.0,8.3,108,869.6,45,19.0,19.3,304.0,10.0,85.0,6.9
2025-11-26 23:00:00,2025,11,26,23,Lào Cai,Xã Khao Mang,21.9078898,103.9748758,46,Good,0,7.3,88,0.0,7.9,107,869.8,56,19.0,19.3,282.0,9.0,88.0,6.6
2025-11-27 00:00:00,2025,11,27,0,Lào Cai,Xã Khao Mang,21.9078898,103.9748758,46,Good,0,6.9,83,0.0,7.3,107,869.8,71,18.3,18.6,255.0,7.9,92.0,6.3
2025-11-27 01:00:00,2025,11,27,1,Lào Cai,Xã Khao Mang,21.9078898,103.9748758,47,Good,0,6.4,83,0.0,5.4,111,869.8,48,17.6,17.8,236.0,7.0,95.0,6.0
2025-11-27 02:00:00,2025,11,27,2,Lào Cai,Xã Khao Mang,21.9078898,103.9748758,47,Good,0,6.4,82,0.0,6.2,111,869.5,0,16.9,17.2,227.0,6.3,95.0,5.8
2025-11-27 03:00:00,2025,11,27,3,Lào Cai,Xã Khao Mang,21.9078898,103.9748758,47,Good,0,6.3,83,0.0,7.1,105,869.6,67,16.5,16.8,226.0,5.7,94.0,5.7
2025-11-27 04:00:00,2025,11,27,4,Lào Cai,Xã Khao Mang,21.9078898,103.9748758,47,Good,0,6.4,84,0.0,7.9,103,869.8,43,16.2,16.5,236.0,5.5,92.0,5.7
2025-11-27 05:00:00,2025,11,27,5,Lào Cai,Xã Khao Mang,21.9078898,103.9748758,47,Good,0,6.2,87,0.0,7.9,103,869.8,38,16.2,16.5,271.0,6.2,88.0,6.0
2025-11-27 06:00:00,2025,11,27,6,Lào Cai,Xã Khao Mang,21.9078898,103.9748758,47,Good,0,6.2,88,0.0,7.6,104,870.1,49,16.7,17.0,317.0,7.4,84.0,6.5
2025-11-27 07:00:00,2025,11,27,7,Lào Cai,Xã Khao Mang,21.9078898,103.9748758,47,Good,0,6.6,87,0.0,7.7,108,871.2,47,20.6,21.0,337.0,7.9,84.0,7.0
2025-11-27 08:00:00,2025,11,27,8,Lào Cai,Xã Khao Mang,21.9078898,103.9748758,49,Good,0,10.9,71,0.0,6.7,70,873.7,85,18.4,18.6,306.0,6.1,91.0,8.1
2025-11-27 09:00:00,2025,11,27,9,Lào Cai,Xã Khao Mang,21.9078898,103.9748758,51,Moderate,1,13.1,49,0.0,11.3,42,875.0,96,18.1,18.7,250.0,3.5,101.0,9.6
2025-11-27 10:00:00,2025,11,27,10,Lào Cai,Xã Khao Mang,21.9078898,103.9748758,52,Moderate,1,14.2,39,0.0,15.7,48,875.3,73,17.2,17.8,205.0,1.6,109.0,10.3
2025-11-27 11:00:00,2025,11,27,11,Lào Cai,Xã Khao Mang,21.9078898,103.9748758,53,Moderate,1,14.9,37,0.0,16.3,52,874.6,80,16.4,17.1,187.0,0.9,112.0,9.4
2025-11-27 12:00:00,2025,11,27,12,Lào Cai,Xã Khao Mang,21.9078898,103.9748758,54,Moderate,1,15.4,33,0.0,15.3,50,873.8,79,15.2,15.9,181.0,0.8,113.0,7.6
2025-11-27 13:00:00,2025,11,27,13,Lào Cai,Xã Khao Mang,21.9078898,103.9748758,55,Moderate,1,16.1,27,0.0,13.4,44,873.4,36,13.5,14.1,177.0,0.8,113.0,6.3
2025-11-27 14:00:00,2025,11,27,14,Lào Cai,Xã Khao Mang,21.9078898,103.9748758,56,Moderate,1,15.7,28,0.0,13.1,48,872.4,3,12.6,13.2,168.0,0.6,114.0,5.8
2025-11-27 15:00:00,2025,11,27,15,Lào Cai,Xã Khao Mang,21.9078898,103.9748758,57,Moderate,1,15.3,29,0.0,12.1,49,871.9,27,12.7,13.2,161.0,0.5,116.0,5.7
2025-11-27 16:00:00,2025,11,27,16,Lào Cai,Xã Khao Mang,21.9078898,103.9748758,57,Moderate,1,14.3,34,0.0,9.5,54,871.3,0,13.5,14.0,173.0,1.2,114.0,5.8
2025-11-27 17:00:00,2025,11,27,17,Lào Cai,Xã Khao Mang,21.9078898,103.9748758,58,Moderate,1,11.8,50,0.0,4.5,61,870.2,0,15.0,15.4,221.0,3.6,107.0,6.3
2025-11-27 18:00:00,2025,11,27,18,Lào Cai,Xã Khao Mang,21.9078898,103.9748758,59,Moderate,1,10.0,52,0.0,2.5,111,869.8,0,16.4,16.8,287.0,6.8,98.0,7.0
2025-11-27 19:00:00,2025,11,27,19,Lào Cai,Xã Khao Mang,21.9078898,103.9748758,60,Moderate,1,8.9,58,0.0,3.7,119,870.0,8,16.4,16.9,332.0,9.5,88.0,7.5
2025-11-27 20:00:00,2025,11,27,20,Lào Cai,Xã Khao Mang,21.9078898,103.9748758,60,Moderate,1,8.1,61,0.0,4.8,132,870.0,11,17.3,17.8,339.0,9.3,88.0,7.7
2025-11-27 21:00:00,2025,11,27,21,Lào Cai,Xã Khao Mang,21.9078898,103.9748758,60,Moderate,1,7.0,66,0.0,6.0,129,869.8,6,18.0,18.5,325.0,9.1,89.0,7.8
2025-11-27 22:00:00,2025,11,27,22,Lào Cai,Xã Khao Mang,21.9078898,103.9748758,60,Moderate,1,6.2,69,0.0,6.5,122,869.2,100,18.6,19.0,306.0,8.8,89.0,7.9
2025-11-27 23:00:00,2025,11,27,23,Lào Cai,Xã Khao Mang,21.9078898,103.9748758,60,Moderate,1,5.7,69,0.0,7.1,120,868.5,43,18.7,19.0,282.0,8.4,89.0,7.7
2025-11-28 00:00:00,2025,11,28,0,Lào Cai,Xã Khao Mang,21.9078898,103.9748758,60,Moderate,1,5.2,69,0.0,7.7,120,867.9,2,18.6,18.9,253.0,8.0,89.0,7.3
2025-11-28 01:00:00,2025,11,28,1,Lào Cai,Xã Khao Mang,21.9078898,103.9748758,60,Moderate,1,4.7,72,0.0,7.4,116,867.4,0,18.6,18.9,229.0,7.7,88.0,7.0
2025-11-28 02:00:00,2025,11,28,2,Lào Cai,Xã Khao Mang,21.9078898,103.9748758,60,Moderate,1,4.7,70,0.0,8.3,117,866.9,9,18.6,18.9,212.0,7.4,86.0,6.7
2025-11-28 03:00:00,2025,11,28,3,Lào Cai,Xã Khao Mang,21.9078898,103.9748758,60,Moderate,1,4.6,71,0.0,9.0,116,866.8,0,18.5,18.8,200.0,7.1,84.0,6.3
2025-11-28 04:00:00,2025,11,28,4,Lào Cai,Xã Khao Mang,21.9078898,103.9748758,60,Moderate,1,4.6,71,0.0,9.2,113,866.6,0,18.5,18.7,203.0,7.3,82.0,6.2
2025-11-28 05:00:00,2025,11,28,5,Lào Cai,Xã Khao Mang,21.9078898,103.9748758,60,Moderate,1,4.5,72,0.0,8.9,114,866.3,0,18.5,18.6,238.0,8.7,79.0,6.4
2025-11-28 06:00:00,2025,11,28,6,Lào Cai,Xã Khao Mang,21.9078898,103.9748758,61,Moderate,1,4.3,73,0.0,8.6,113,866.5,1,18.7,18.9,288.0,10.5,76.0,6.9
2025-11-28 07:00:00,2025,11,28,7,Lào Cai,Xã Khao Mang,21.9078898,103.9748758,61,Moderate,1,4.3,75,0.0,7.6,117,867.1,0,9.6,9.6,312.0,12.9,77.0,7.1
2025-11-28 08:00:00,2025,11,28,8,Lào Cai,Xã Khao Mang,21.9078898,103.9748758,60,Moderate,1,9.3,68,0.0,6.6,116,869.6,0,8.0,8.0,282.0,9.6,85.0,6.7
2025-11-28 09:00:00,2025,11,28,9,Lào Cai,Xã Khao Mang,21.9078898,103.9748758,59,Moderate,1,12.9,41,0.0,2.1,15,871.5,0,2.3,2.3,225.0,5.0,97.0,6.1
2025-11-28 10:00:00,2025,11,28,10,Lào Cai,Xã Khao Mang,21.9078898,103.9748758,57,Moderate,1,14.5,38,0.0,4.1,331,871.9,0,1.4,1.4,182.0,1.6,106.0,5.5
2025-11-28 11:00:00,2025,11,28,11,Lào Cai,Xã Khao Mang,21.9078898,103.9748758,56,Moderate,1,15.6,36,0.0,6.0,321,871.3,1,1.3,1.3,170.0,0.5,109.0,4.9
2025-11-28 12:00:00,2025,11,28,12,Lào Cai,Xã Khao Mang,21.9078898,103.9748758,55,Moderate,1,16.4,37,0.0,7.7,311,870.5,1,1.4,1.4,173.0,0.6,109.0,4.3
2025-11-28 13:00:00,2025,11,28,13,Lào Cai,Xã Khao Mang,21.9078898,103.9748758,53,Moderate,1,17.1,39,0.0,7.2,295,869.9,0,1.6,1.6,177.0,0.8,109.0,3.8
2025-11-28 14:00:00,2025,11,28,14,Lào Cai,Xã Khao Mang,21.9078898,103.9748758,52,Moderate,1,16.6,42,0.0,8.1,309,868.6,1,1.7,1.7,171.0,0.3,110.0,3.5
2025-11-28 15:00:00,2025,11,28,15,Lào Cai,Xã Khao Mang,21.9078898,103.9748758,51,Moderate,1,16.1,44,0.0,7.0,312,867.9,0,1.9,1.9,167.0,0.0,111.0,3.4
2025-11-28 16:00:00,2025,11,28,16,Lào Cai,Xã Khao Mang,21.9078898,103.9748758,50,Good,0,15.2,47,0.0,5.1,318,867.3,0,2.1,2.2,190.0,1.3,108.0,3.6
2025-11-28 17:00:00,2025,11,28,17,Lào Cai,Xã Khao Mang,21.9078898,103.9748758,50,Good,0,13.0,63,0.0,0.9,360,866.4,0,3.8,3.8,270.0,6.0,98.0,4.5
2025-11-28 18:00:00,2025,11,28,18,Lào Cai,Xã Khao Mang,21.9078898,103.9748758,50,Good,0,10.8,66,0.0,2.1,121,865.4,0,6.0,6.0,377.0,12.3,83.0,5.8
2025-11-28 19:00:00,2025,11,28,19,Lào Cai,Xã Khao Mang,21.9078898,103.9748758,49,Good,0,9.6,73,0.0,3.0,123,865.4,0,7.7,7.7,445.0,16.9,71.0,6.8
2025-11-28 20:00:00,2025,11,28,20,Lào Cai,Xã Khao Mang,21.9078898,103.9748758,46,Good,0,9.0,75,0.0,2.5,120,865.4,0,9.6,9.6,439.0,17.6,67.0,7.2
2025-11-28 21:00:00,2025,11,28,21,Lào Cai,Xã Khao Mang,21.9078898,103.9748758,44,Good,0,8.5,76,0.0,2.2,125,865.3,3,10.9,10.9,395.0,18.5,62.0,7.8
2025-11-28 22:00:00,2025,11,28,22,Lào Cai,Xã Khao Mang,21.9078898,103.9748758,41,Good,0,8.1,75,0.0,2.2,125,865.1,25,11.7,11.7,349.0,19.0,57.0,8.1
2025-11-28 23:00:00,2025,11,28,23,Lào Cai,Xã Khao Mang,21.9078898,103.9748758,40,Good,0,7.8,75,0.0,2.1,128,865.2,22,12.1,12.1,312.0,18.8,54.0,7.9
2025-11-29 00:00:00,2025,11,29,0,Lào Cai,Xã Khao Mang,21.9078898,103.9748758,39,Good,0,7.7,74,0.0,1.8,135,865.0,0,12.0,12.0,274.0,18.2,52.0,7.3
2025-11-29 01:00:00,2025,11,29,1,Lào Cai,Xã Khao Mang,21.9078898,103.9748758,38,Good,0,6.8,77,0.0,1.8,127,864.7,0,11.6,11.6,242.0,17.3,49.0,6.6
2025-11-29 02:00:00,2025,11,29,2,Lào Cai,Xã Khao Mang,21.9078898,103.9748758,36,Good,0,6.8,75,0.0,1.8,127,864.1,0,11.1,11.1,213.0,16.0,46.0,5.6
2025-11-29 03:00:00,2025,11,29,3,Lào Cai,Xã Khao Mang,21.9078898,103.9748758,35,Good,0,6.9,74,0.0,1.7,131,864.1,0,10.7,10.7,190.0,14.4,43.0,4.5
2025-11-29 04:00:00,2025,11,29,4,Lào Cai,Xã Khao Mang,21.9078898,103.9748758,34,Good,0,7.3,72,0.0,1.5,126,864.1,0,10.8,10.8,187.0,13.2,39.0,3.6
2025-11-29 05:00:00,2025,11,29,5,Lào Cai,Xã Khao Mang,21.9078898,103.9748758,32,Good,0,7.7,70,0.0,1.2,129,864.3,0,11.1,11.1,223.0,13.2,31.0,3.1
2025-11-29 06:00:00,2025,11,29,6,Lào Cai,Xã Khao Mang,21.9078898,103.9748758,31,Good,0,7.4,70,0.0,1.3,124,864.2,0,11.2,11.2,279.0,13.5,23.0,2.9
2025-11-29 07:00:00,2025,11,29,7,Lào Cai,Xã Khao Mang,21.9078898,103.9748758,30,Good,0,8.5,66,0.0,1.4,140,865.8,0,5.0,5.0,308.0,13.0,24.0,2.8
2025-11-29 08:00:00,2025,11,29,8,Lào Cai,Xã Khao Mang,21.9078898,103.9748758,29,Good,0,11.1,57,0.0,1.0,112,867.3,0,6.9,6.9,283.0,9.7,48.0,3.7
2025-11-29 09:00:00,2025,11,29,9,Lào Cai,Xã Khao Mang,21.9078898,103.9748758,29,Good,0,12.9,49,0.0,2.5,300,868.4,0,2.0,2.1,232.0,5.2,82.0,4.8
2025-11-29 10:00:00,2025,11,29,10,Lào Cai,Xã Khao Mang,21.9078898,103.9748758,29,Good,0,14.3,44,0.0,5.0,296,868.8,0,1.4,1.4,194.0,1.8,107.0,5.6
2025-11-29 11:00:00,2025,11,29,11,Lào Cai,Xã Khao Mang,21.9078898,103.9748758,29,Good,0,15.2,44,0.0,5.6,292,868.4,0,1.6,1.6,185.0,0.7,115.0,5.6
2025-11-29 12:00:00,2025,11,29,12,Lào Cai,Xã Khao Mang,21.9078898,103.9748758,29,Good,0,16.1,43,0.0,5.9,288,867.6,0,1.8,1.8,188.0,0.7,115.0,5.2
2025-11-29 13:00:00,2025,11,29,13,Lào Cai,Xã Khao Mang,21.9078898,103.9748758,32,Good,0,16.8,42,0.0,6.7,289,867.1,0,2.0,2.0,194.0,0.9,114.0,4.9
2025-11-29 14:00:00,2025,11,29,14,Lào Cai,Xã Khao Mang,21.9078898,103.9748758,36,Good,0,16.7,43,0.0,5.3,288,866.2,0,2.2,2.2,193.0,0.3,115.0,4.9
2025-11-29 15:00:00,2025,11,29,15,Lào Cai,Xã Khao Mang,21.9078898,103.9748758,42,Good,0,16.4,46,0.0,4.7,293,865.5,0,2.4,2.4,195.0,0.0,115.0,5.1
2025-11-29 16:00:00,2025,11,29,16,Lào Cai,Xã Khao Mang,21.9078898,103.9748758,47,Good,0,15.4,52,0.0,3.4,295,864.9,0,2.6,2.6,218.0,1.4,111.0,5.6
2025-11-29 17:00:00,2025,11,29,17,Lào Cai,Xã Khao Mang,21.9078898,103.9748758,52,Moderate,1,13.2,66,0.0,0.4,243,864.0,0,4.6,4.6,289.0,6.4,100.0,6.5
2025-11-29 18:00:00,2025,11,29,18,Lào Cai,Xã Khao Mang,21.9078898,103.9748758,56,Moderate,1,10.9,74,0.0,1.9,139,863.2,0,7.0,7.0,381.0,13.3,86.0,7.7
2025-11-29 19:00:00,2025,11,29,19,Lào Cai,Xã Khao Mang,21.9078898,103.9748758,52,Moderate,1,9.9,80,0.0,2.2,125,863.3,0,8.2,8.2,431.0,18.8,73.0,8.6
2025-11-29 20:00:00,2025,11,29,20,Lào Cai,Xã Khao Mang,21.9078898,103.9748758,48,Good,0,9.4,81,0.0,2.2,125,863.3,0,10.2,10.2,400.0,19.4,70.0,9.2
2025-11-29 21:00:00,2025,11,29,21,Lào Cai,Xã Khao Mang,21.9078898,103.9748758,45,Good,0,9.1,77,0.0,1.8,127,863.5,0,11.2,11.2,327.0,20.3,65.0,9.9
2025-11-29 22:00:00,2025,11,29,22,Lào Cai,Xã Khao Mang,21.9078898,103.9748758,43,Good,0,8.9,73,0.0,1.8,127,863.6,0,11.8,11.8,268.0,20.6,61.0,10.3
2025-11-29 23:00:00,2025,11,29,23,Lào Cai,Xã Khao Mang,21.9078898,103.9748758,39,Good,0,9.1,68,0.0,1.7,131,863.5,0,12.1,12.1,246.0,20.2,58.0,10.1
2025-11-30 00:00:00,2025,11,30,0,Lào Cai,Xã Khao Mang,21.9078898,103.9748758,36,Good,0,8.8,66,0.0,1.8,135,863.3,0,11.7,11.7,237.0,19.3,56.0,9.6
2025-11-30 01:00:00,2025,11,30,1,Lào Cai,Xã Khao Mang,21.9078898,103.9748758,33,Good,0,8.2,64,0.0,2.0,135,863.2,0,10.9,11.0,227.0,18.1,55.0,9.0
2025-11-30 02:00:00,2025,11,30,2,Lào Cai,Xã Khao Mang,21.9078898,103.9748758,30,Good,0,7.9,62,0.0,1.5,126,862.5,0,10.0,10.1,206.0,16.5,56.0,8.3
2025-11-30 03:00:00,2025,11,30,3,Lào Cai,Xã Khao Mang,21.9078898,103.9748758,29,Good,0,8.5,59,0.0,1.4,130,862.5,0,9.1,9.2,184.0,14.6,58.0,7.5
2025-11-30 04:00:00,2025,11,30,4,Lào Cai,Xã Khao Mang,21.9078898,103.9748758,29,Good,0,9.0,56,0.0,1.0,135,862.9,0,8.3,8.4,179.0,13.2,60.0,7.1
2025-11-30 05:00:00,2025,11,30,5,Lào Cai,Xã Khao Mang,21.9078898,103.9748758,29,Good,0,9.3,55,0.0,0.9,143,863.3,0,7.8,7.9,209.0,13.2,61.0,7.2
2025-11-30 06:00:00,2025,11,30,6,Lào Cai,Xã Khao Mang,21.9078898,103.9748758,28,Good,0,9.5,54,0.0,0.9,143,863.9,0,7.9,7.9,257.0,13.8,63.0,7.7
2025-11-30 07:00:00,2025,11,30,7,Lào Cai,Xã Khao Mang,21.9078898,103.9748758,28,Good,0,10.0,56,0.0,1.2,153,865.0,0,2.9,2.9,281.0,10.7,77.0,7.0
2025-11-30 08:00:00,2025,11,30,8,Lào Cai,Xã Khao Mang,21.9078898,103.9748758,28,Good,0,13.0,51,0.0,1.2,243,867.2,0,3.2,3.3,258.0,8.1,89.0,7.1
2025-11-30 09:00:00,2025,11,30,9,Lào Cai,Xã Khao Mang,21.9078898,103.9748758,30,Good,0,14.2,49,0.0,2.7,278,868.0,0,1.7,1.7,213.0,4.5,106.0,7.3
2025-11-30 10:00:00,2025,11,30,10,Lào Cai,Xã Khao Mang,21.9078898,103.9748758,33,Good,0,15.5,46,0.0,4.6,283,868.5,0,1.6,1.6,178.0,1.8,118.0,7.7
2025-11-30 11:00:00,2025,11,30,11,Lào Cai,Xã Khao Mang,21.9078898,103.9748758,37,Good,0,16.2,43,0.0,4.9,287,868.1,0,1.8,1.8,167.0,0.8,121.0,8.4
2025-11-30 12:00:00,2025,11,30,12,Lào Cai,Xã Khao Mang,21.9078898,103.9748758,40,Good,0,17.0,42,0.0,4.5,293,867.5,0,2.0,2.0,165.0,0.7,119.0,9.4
2025-11-30 13:00:00,2025,11,30,13,Lào Cai,Xã Khao Mang,21.9078898,103.9748758,44,Good,0,17.7,39,0.0,5.5,306,866.8,1,2.3,2.3,167.0,0.8,117.0,10.2
2025-11-30 14:00:00,2025,11,30,14,Lào Cai,Xã Khao Mang,21.9078898,103.9748758,47,Good,0,17.8,42,0.0,4.8,285,866.2,1,2.7,2.7,164.0,0.3,118.0,10.8
2025-11-30 15:00:00,2025,11,30,15,Lào Cai,Xã Khao Mang,21.9078898,103.9748758,51,Moderate,1,17.6,44,0.0,4.5,275,865.8,0,3.0,3.0,164.0,0.0,119.0,11.2
2025-11-30 16:00:00,2025,11,30,16,Lào Cai,Xã Khao Mang,21.9078898,103.9748758,59,Moderate,1,16.7,47,0.0,3.0,284,865.4,0,3.3,3.3,183.0,1.5,115.0,11.7
2025-11-30 17:00:00,2025,11,30,17,Lào Cai,Xã Khao Mang,21.9078898,103.9748758,65,Moderate,1,14.4,61,0.0,0.3,135,864.6,0,5.4,5.4,242.0,6.4,103.0,12.1
2025-11-30 18:00:00,2025,11,30,18,Lào Cai,Xã Khao Mang,21.9078898,103.9748758,64,Moderate,1,11.7,66,0.0,2.6,124,863.7,0,7.6,7.6,319.0,13.1,86.0,12.6
2025-11-30 19:00:00,2025,11,30,19,Lào Cai,Xã Khao Mang,21.9078898,103.9748758,58,Moderate,1,10.5,72,0.0,2.4,117,863.6,0,6.6,6.6,364.0,18.4,72.0,12.7
2025-11-30 20:00:00,2025,11,30,20,Lào Cai,Xã Khao Mang,21.9078898,103.9748758,49,Good,0,10.5,69,0.0,2.5,120,863.9,0,8.4,8.7,347.0,19.3,69.0,13.3
2025-11-30 21:00:00,2025,11,30,21,Lào Cai,Xã Khao Mang,21.9078898,103.9748758,46,Good,0,10.4,65,0.0,2.2,125,864.4,0,9.1,9.5,298.0,20.4,64.0,14.1
2025-11-30 22:00:00,2025,11,30,22,Lào Cai,Xã Khao Mang,21.9078898,103.9748758,43,Good,0,10.3,63,0.0,2.2,125,864.9,0,9.8,10.2,259.0,20.9,61.0,14.6
2025-11-30 23:00:00,2025,11,30,23,Lào Cai,Xã Khao Mang,21.9078898,103.9748758,40,Good,0,10.2,63,0.0,1.9,124,864.7,0,10.3,10.7,247.0,20.2,59.0,14.3
2025-12-01 00:00:00,2025,12,1,0,Lào Cai,Xã Khao Mang,21.9078898,103.9748758,36,Good,0,10.2,63,0.0,1.8,127,864.7,0,10.8,10.9,245.0,18.9,58.0,13.6
2025-12-01 01:00:00,2025,12,1,1,Lào Cai,Xã Khao Mang,21.9078898,103.9748758,33,Good,0,8.8,68,0.0,3.1,121,864.2,0,11.4,11.5,241.0,17.5,58.0,13.2
2025-12-01 02:00:00,2025,12,1,2,Lào Cai,Xã Khao Mang,21.9078898,103.9748758,31,Good,0,8.6,67,0.0,2.7,122,863.5,0,12.3,12.3,224.0,15.9,60.0,13.3
2025-12-01 03:00:00,2025,12,1,3,Lào Cai,Xã Khao Mang,21.9078898,103.9748758,29,Good,0,8.2,67,0.0,2.8,125,863.3,0,13.6,13.7,204.0,14.2,63.0,13.7
2025-12-01 04:00:00,2025,12,1,4,Lào Cai,Xã Khao Mang,21.9078898,103.9748758,29,Good,0,7.9,67,0.0,2.8,125,863.5,0,15.5,15.5,206.0,12.9,65.0,14.1
2025-12-01 05:00:00,2025,12,1,5,Lào Cai,Xã Khao Mang,21.9078898,103.9748758,28,Good,0,7.6,68,0.0,2.7,127,863.7,0,18.0,18.0,254.0,12.8,63.0,13.6
2025-12-01 06:00:00,2025,12,1,6,Lào Cai,Xã Khao Mang,21.9078898,103.9748758,30,Good,0,7.4,70,0.0,3.0,128,864.0,0,23.6,23.6,324.0,13.2,60.0,13.0
2025-12-01 07:00:00,2025,12,1,7,Lào Cai,Xã Khao Mang,21.9078898,103.9748758,32,Good,0,8.1,68,0.0,3.4,122,864.9,0,18.2,18.2,361.0,14.0,60.0,12.3
2025-12-01 08:00:00,2025,12,1,8,Lào Cai,Xã Khao Mang,21.9078898,103.9748758,35,Good,0,12.1,67,0.0,1.8,135,867.4,0,19.4,19.4,333.0,10.5,87.0,18.8
2025-12-01 09:00:00,2025,12,1,9,Lào Cai,Xã Khao Mang,21.9078898,103.9748758,38,Good,0,14.9,51,0.0,3.1,283,869.2,20,15.5,15.5,273.0,5.6,123.0,27.4
2025-12-01 10:00:00,2025,12,1,10,Lào Cai,Xã Khao Mang,21.9078898,103.9748758,40,Good,0,16.2,51,0.0,5.8,286,869.6,0,12.5,12.5,228.0,1.9,148.0,32.3
2025-12-01 11:00:00,2025,12,1,11,Lào Cai,Xã Khao Mang,21.9078898,103.9748758,42,Good,0,16.8,53,0.0,6.6,283,869.1,17,9.9,9.9,220.0,0.7,150.0,29.6
2025-12-01 12:00:00,2025,12,1,12,Lào Cai,Xã Khao Mang,21.9078898,103.9748758,44,Good,0,17.3,55,0.0,6.5,284,868.2,42,8.1,8.1,227.0,0.7,141.0,23.1
2025-12-01 13:00:00,2025,12,1,13,Lào Cai,Xã Khao Mang,21.9078898,103.9748758,48,Good,0,17.8,56,0.0,7.1,286,867.4,45,6.6,6.6,236.0,0.9,132.0,17.9
2025-12-01 14:00:00,2025,12,1,14,Lào Cai,Xã Khao Mang,21.9078898,103.9748758,58,Moderate,1,17.5,60,0.0,5.1,280,866.4,36,5.8,5.8,237.0,0.3,129.0,15.9
2025-12-01 15:00:00,2025,12,1,15,Lào Cai,Xã Khao Mang,21.9078898,103.9748758,73,Moderate,1,17.4,63,0.0,4.5,275,865.5,0,5.5,5.5,240.0,0.0,126.0,15.1
2025-12-01 16:00:00,2025,12,1,16,Lào Cai,Xã Khao Mang,21.9078898,103.9748758,87,Moderate,1,16.6,68,0.0,4.0,270,864.8,0,5.5,5.5,258.0,1.4,120.0,14.8
2025-12-01 17:00:00,2025,12,1,17,Lào Cai,Xã Khao Mang,21.9078898,103.9748758,94,Moderate,1,14.3,80,0.0,0.8,225,864.0,0,8.2,8.2,308.0,6.3,107.0,14.8
2025-12-01 18:00:00,2025,12,1,18,Lào Cai,Xã Khao Mang,21.9078898,103.9748758,91,Moderate,1,12.1,84,0.0,2.4,138,863.3,0,10.7,10.7,373.0,13.1,90.0,15.2
2025-12-01 19:00:00,2025,12,1,19,Lào Cai,Xã Khao Mang,21.9078898,103.9748758,78,Moderate,1,11.2,86,0.0,2.4,126,863.1,0,14.6,14.6,413.0,18.0,76.0,15.0
2025-12-01 20:00:00,2025,12,1,20,Lào Cai,Xã Khao Mang,21.9078898,103.9748758,62,Moderate,1,11.4,82,0.0,1.9,131,863.5,0,15.1,15.1,405.0,17.7,75.0,15.2
2025-12-01 21:00:00,2025,12,1,21,Lào Cai,Xã Khao Mang,21.9078898,103.9748758,50,Good,0,11.5,77,0.0,2.0,135,863.9,0,14.7,14.7,371.0,17.3,74.0,15.4
2025-12-01 22:00:00,2025,12,1,22,Lào Cai,Xã Khao Mang,21.9078898,103.9748758,51,Moderate,1,11.9,73,0.0,1.7,148,864.2,0,14.3,14.3,338.0,16.7,73.0,15.3
2025-12-01 23:00:00,2025,12,1,23,Lào Cai,Xã Khao Mang,21.9078898,103.9748758,51,Moderate,1,12.1,70,0.0,1.6,153,864.3,0,13.8,13.8,315.0,15.8,73.0,14.7
2025-12-02 00:00:00,2025,12,2,0,Lào Cai,Xã Khao Mang,21.9078898,103.9748758,51,Moderate,1,12.0,69,0.0,1.4,157,864.2,0,12.9,12.9,293.0,14.8,73.0,13.9
2025-12-02 01:00:00,2025,12,2,1,Lào Cai,Xã Khao Mang,21.9078898,103.9748758,52,Moderate,1,11.2,71,0.0,1.3,146,863.6,0,12.0,12.0,274.0,13.8,73.0,13.1
2025-12-02 02:00:00,2025,12,2,2,Lào Cai,Xã Khao Mang,21.9078898,103.9748758,52,Moderate,1,11.2,69,0.0,1.2,141,863.0,0,11.4,11.4,255.0,12.9,72.0,12.4
2025-12-02 03:00:00,2025,12,2,3,Lào Cai,Xã Khao Mang,21.9078898,103.9748758,52,Moderate,1,10.8,69,0.0,1.3,135,862.6,0,11.0,11.0,239.0,12.2,70.0,11.8
2025-12-02 04:00:00,2025,12,2,4,Lào Cai,Xã Khao Mang,21.9078898,103.9748758,51,Moderate,1,10.7,69,0.0,1.8,135,862.6,0,10.6,10.6,241.0,11.8,69.0,11.4
2025-12-02 05:00:00,2025,12,2,5,Lào Cai,Xã Khao Mang,21.9078898,103.9748758,51,Moderate,1,10.5,69,0.0,1.7,131,862.9,0,10.1,10.1,282.0,12.5,65.0,11.1
2025-12-02 06:00:00,2025,12,2,6,Lào Cai,Xã Khao Mang,21.9078898,103.9748758,50,Good,0,10.6,69,0.0,1.3,135,863.6,0,10.0,10.0,340.0,13.6,62.0,11.0
2025-12-02 07:00:00,2025,12,2,7,Lào Cai,Xã Khao Mang,21.9078898,103.9748758,48,Good,0,11.1,69,0.0,1.5,144,864.9,0,9.6,9.6,370.0,11.5,69.0,11.1
2025-12-02 08:00:00,2025,12,2,8,Lào Cai,Xã Khao Mang,21.9078898,103.9748758,46,Good,0,14.6,61,0.0,2.9,202,867.4,0,9.1,9.1,343.0,8.7,84.0,12.0
2025-12-02 09:00:00,2025,12,2,9,Lào Cai,Xã Khao Mang,21.9078898,103.9748758,45,Good,0,16.1,60,0.0,3.6,276,868.6,0,3.7,3.7,286.0,4.8,104.0,13.3
2025-12-02 10:00:00,2025,12,2,10,Lào Cai,Xã Khao Mang,21.9078898,103.9748758,43,Good,0,17.5,56,0.0,5.8,279,869.2,0,3.7,3.7,239.0,1.9,118.0,14.2
2025-12-02 11:00:00,2025,12,2,11,Lào Cai,Xã Khao Mang,21.9078898,103.9748758,41,Good,0,18.3,54,0.0,7.0,280,868.9,0,4.6,4.7,214.0,0.8,122.0,14.5
2025-12-02 12:00:00,2025,12,2,12,Lào Cai,Xã Khao Mang,21.9078898,103.9748758,40,Good,0,18.9,52,0.0,6.9,284,868.3,0,4.9,4.9,198.0,0.7,119.0,14.5
2025-12-02 13:00:00,2025,12,2,13,Lào Cai,Xã Khao Mang,21.9078898,103.9748758,43,Good,0,19.4,51,0.0,6.4,292,867.4,0,5.0,5.1,188.0,0.8,117.0,14.2
2025-12-02 14:00:00,2025,12,2,14,Lào Cai,Xã Khao Mang,21.9078898,103.9748758,46,Good,0,19.3,54,0.0,5.9,281,866.6,0,5.1,5.2,179.0,0.2,117.0,13.3
2025-12-02 15:00:00,2025,12,2,15,Lào Cai,Xã Khao Mang,21.9078898,103.9748758,49,Good,0,18.9,56,0.0,6.1,270,866.3,0,5.1,5.3,177.0,0.0,116.0,12.1
2025-12-02 16:00:00,2025,12,2,16,Lào Cai,Xã Khao Mang,21.9078898,103.9748758,57,Moderate,1,18.1,57,0.0,4.2,265,865.9,0,5.7,5.8,196.0,1.3,112.0,11.6
2025-12-02 17:00:00,2025,12,2,17,Lào Cai,Xã Khao Mang,21.9078898,103.9748758,63,Moderate,1,16.2,68,0.0,0.6,198,865.6,0,9.1,9.3,256.0,6.6,100.0,12.4
2025-12-02 18:00:00,2025,12,2,18,Lào Cai,Xã Khao Mang,21.9078898,103.9748758,62,Moderate,1,13.7,74,0.0,2.1,128,864.8,0,13.7,13.8,338.0,13.9,85.0,13.8
2025-12-02 19:00:00,2025,12,2,19,Lào Cai,Xã Khao Mang,21.9078898,103.9748758,55,Moderate,1,12.6,79,0.0,2.3,122,864.8,0,14.0,14.0,395.0,19.2,68.0,14.8
2025-12-02 20:00:00,2025,12,2,20,Lào Cai,Xã Khao Mang,21.9078898,103.9748758,48,Good,0,12.7,74,0.0,1.8,127,865.4,0,17.5,17.6,405.0,19.7,64.0,15.5
2025-12-02 21:00:00,2025,12,2,21,Lào Cai,Xã Khao Mang,21.9078898,103.9748758,45,Good,0,12.7,70,0.0,1.8,127,865.8,0,21.0,21.1,391.0,20.4,58.0,16.4
2025-12-02 22:00:00,2025,12,2,22,Lào Cai,Xã Khao Mang,21.9078898,103.9748758,42,Good,0,12.1,71,0.0,2.5,120,865.9,0,24.4,24.4,375.0,20.2,55.0,17.0
2025-12-02 23:00:00,2025,12,2,23,Lào Cai,Xã Khao Mang,21.9078898,103.9748758,43,Good,0,11.4,73,0.0,2.9,120,865.7,0,27.8,27.9,362.0,18.6,55.0,16.8
2025-12-03 00:00:00,2025,12,3,0,Lào Cai,Xã Khao Mang,21.9078898,103.9748758,45,Good,0,10.8,75,0.0,3.6,117,865.6,0,31.0,31.1,349.0,16.3,57.0,16.4
2025-12-03 01:00:00,2025,12,3,1,Lào Cai,Xã Khao Mang,21.9078898,103.9748758,49,Good,0,10.5,79,0.0,7.0,108,866.0,27,35.0,35.0,343.0,13.9,60.0,16.5
2025-12-03 02:00:00,2025,12,3,2,Lào Cai,Xã Khao Mang,21.9078898,103.9748758,51,Moderate,1,10.7,85,0.0,9.2,107,866.1,74,38.5,38.6,352.0,11.6,64.0,17.8
2025-12-03 03:00:00,2025,12,3,3,Lào Cai,Xã Khao Mang,21.9078898,103.9748758,54,Moderate,1,11.6,90,0.0,9.4,103,866.6,100,41.2,41.3,369.0,9.3,69.0,19.8
2025-12-03 04:00:00,2025,12,3,4,Lào Cai,Xã Khao Mang,21.9078898,103.9748758,56,Moderate,1,12.0,90,0.0,8.6,106,867.1,100,42.3,42.4,386.0,7.7,74.0,21.4
2025-12-03 05:00:00,2025,12,3,5,Lào Cai,Xã Khao Mang,21.9078898,103.9748758,59,Moderate,1,12.2,90,0.0,7.4,104,867.7,100,40.5,40.5,403.0,7.4,77.0,22.7
2025-12-03 06:00:00,2025,12,3,6,Lào Cai,Xã Khao Mang,21.9078898,103.9748758,62,Moderate,1,12.3,90,0.0,7.2,103,868.4,88,33.4,33.5,419.0,7.8,79.0,23.8
2025-12-03 07:00:00,2025,12,3,7,Lào Cai,Xã Khao Mang,21.9078898,103.9748758,64,Moderate,1,12.6,90,0.0,6.9,110,869.5,39,47.4,47.5,422.0,8.1,72.0,22.5
2025-12-03 08:00:00,2025,12,3,8,Lào Cai,Xã Khao Mang,21.9078898,103.9748758,67,Moderate,1,14.7,81,0.0,6.7,84,871.1,27,46.7,46.8,398.0,6.3,84.0,19.5
2025-12-03 09:00:00,2025,12,3,9,Lào Cai,Xã Khao Mang,21.9078898,103.9748758,71,Moderate,1,16.8,69,0.0,7.6,65,872.8,60,43.3,43.4,361.0,3.8,100.0,15.3
2025-12-03 10:00:00,2025,12,3,10,Lào Cai,Xã Khao Mang,21.9078898,103.9748758,74,Moderate,1,18.7,59,0.0,8.0,52,873.3,39,37.3,37.4,336.0,1.9,111.0,12.1
2025-12-03 11:00:00,2025,12,3,11,Lào Cai,Xã Khao Mang,21.9078898,103.9748758,77,Moderate,1,19.3,58,0.0,7.7,36,872.9,52,33.2,33.3,334.0,1.3,112.0,10.8
2025-12-03 12:00:00,2025,12,3,12,Lào Cai,Xã Khao Mang,21.9078898,103.9748758,80,Moderate,1,19.7,57,0.0,6.8,22,872.0,76,31.3,31.4,345.0,1.3,108.0,10.5
2025-12-03 13:00:00,2025,12,3,13,Lào Cai,Xã Khao Mang,21.9078898,103.9748758,82,Moderate,1,19.5,58,0.0,5.2,344,871.2,64,29.7,29.8,356.0,1.5,104.0,10.7
2025-12-03 14:00:00,2025,12,3,14,Lào Cai,Xã Khao Mang,21.9078898,103.9748758,84,Moderate,1,18.0,68,0.0,7.6,353,870.2,84,27.4,27.5,364.0,1.6,102.0,11.4
2025-12-03 15:00:00,2025,12,3,15,Lào Cai,Xã Khao Mang,21.9078898,103.9748758,86,Moderate,1,17.3,72,0.0,7.2,359,869.8,84,26.7,26.8,374.0,1.8,101.0,12.7
2025-12-03 16:00:00,2025,12,3,16,Lào Cai,Xã Khao Mang,21.9078898,103.9748758,88,Moderate,1,16.6,75,0.0,6.4,18,869.5,41,26.6,26.7,387.0,2.5,97.0,13.6
2025-12-03 17:00:00,2025,12,3,17,Lào Cai,Xã Khao Mang,21.9078898,103.9748758,90,Moderate,1,15.4,83,0.1,5.2,49,869.2,53,28.2,28.3,408.0,4.0,89.0,14.1
2025-12-03 18:00:00,2025,12,3,18,Lào Cai,Xã Khao Mang,21.9078898,103.9748758,92,Moderate,1,14.5,87,0.1,4.5,74,869.1,88,31.2,31.3,434.0,6.0,79.0,14.3
2025-12-03 19:00:00,2025,12,3,19,Lào Cai,Xã Khao Mang,21.9078898,103.9748758,93,Moderate,1,14.1,95,0.0,5.6,73,869.3,100,37.8,38.0,455.0,7.5,65.0,13.4
2025-12-03 20:00:00,2025,12,3,20,Lào Cai,Xã Khao Mang,21.9078898,103.9748758,95,Moderate,1,13.6,95,0.0,5.6,88,869.7,23,39.5,39.6,469.0,8.1,58.0,12.6
2025-12-03 21:00:00,2025,12,3,21,Lào Cai,Xã Khao Mang,21.9078898,103.9748758,97,Moderate,1,13.0,95,0.0,5.8,94,869.9,34,41.6,41.7,478.0,8.8,48.0,11.4
2025-12-03 22:00:00,2025,12,3,22,Lào Cai,Xã Khao Mang,21.9078898,103.9748758,99,Moderate,1,12.4,96,0.0,6.2,100,869.5,28,44.1,44.2,482.0,9.4,40.0,10.4
2025-12-03 23:00:00,2025,12,3,23,Lào Cai,Xã Khao Mang,21.9078898,103.9748758,101,Unhealthy for Sensitive Groups,2,12.0,96,0.0,6.2,107,869.2,51,46.9,47.0,479.0,9.7,35.0,9.5
2025-12-04 00:00:00,2025,12,4,0,Lào Cai,Xã Khao Mang,21.9078898,103.9748758,103,Unhealthy for Sensitive Groups,2,11.6,97,0.0,5.0,103,869.1,27,49.5,49.6,471.0,9.8,31.0,8.7
2025-12-04 01:00:00,2025,12,4,1,Lào Cai,Xã Khao Mang,21.9078898,103.9748758,105,Unhealthy for Sensitive Groups,2,12.7,97,0.0,3.2,87,869.3,100,51.7,51.9,460.0,9.6,29.0,8.5
2025-12-04 02:00:00,2025,12,4,2,Lào Cai,Xã Khao Mang,21.9078898,103.9748758,107,Unhealthy for Sensitive Groups,2,12.4,97,0.2,1.8,96,868.6,100,53.6,53.8,438.0,8.9,31.0,9.2
2025-12-04 03:00:00,2025,12,4,3,Lào Cai,Xã Khao Mang,21.9078898,103.9748758,108,Unhealthy for Sensitive Groups,2,12.4,98,0.2,1.3,74,868.4,100,54.4,54.6,413.0,8.0,36.0,10.4
2025-12-04 04:00:00,2025,12,4,4,Lào Cai,Xã Khao Mang,21.9078898,103.9748758,110,Unhealthy for Sensitive Groups,2,12.1,99,0.1,1.5,54,868.2,100,55.4,55.8,407.0,7.3,39.0,11.5
2025-12-04 05:00:00,2025,12,4,5,Lào Cai,Xã Khao Mang,21.9078898,103.9748758,111,Unhealthy for Sensitive Groups,2,11.8,99,0.0,1.2,63,867.9,100,53.7,54.0,446.0,7.4,37.0,11.9
2025-12-04 06:00:00,2025,12,4,6,Lào Cai,Xã Khao Mang,21.9078898,103.9748758,112,Unhealthy for Sensitive Groups,2,11.6,98,0.0,0.4,117,868.4,100,53.4,53.9,506.0,7.7,34.0,12.2
2025-12-04 07:00:00,2025,12,4,7,Lào Cai,Xã Khao Mang,21.9078898,103.9748758,114,Unhealthy for Sensitive Groups,2,11.0,92,0.0,0.9,127,869.3,100,48.7,48.9,531.0,10.5,22.0,9.5
2025-12-04 08:00:00,2025,12,4,8,Lào Cai,Xã Khao Mang,21.9078898,103.9748758,115,Unhealthy for Sensitive Groups,2,12.7,91,0.0,1.9,107,870.7,99,51.1,51.6,486.0,8.7,37.0,12.8
2025-12-04 09:00:00,2025,12,4,9,Lào Cai,Xã Khao Mang,21.9078898,103.9748758,115,Unhealthy for Sensitive Groups,2,14.0,85,0.0,0.9,307,871.7,34,46.4,46.8,407.0,6.2,59.0,17.2
2025-12-04 10:00:00,2025,12,4,10,Lào Cai,Xã Khao Mang,21.9078898,103.9748758,115,Unhealthy for Sensitive Groups,2,15.7,73,0.0,3.4,276,872.2,58,41.0,41.3,352.0,4.1,77.0,20.0
2025-12-04 11:00:00,2025,12,4,11,Lào Cai,Xã Khao Mang,21.9078898,103.9748758,116,Unhealthy for Sensitive Groups,2,17.2,67,0.0,7.0,282,872.0,100,41.2,41.4,353.0,3.0,88.0,19.5
2025-12-04 12:00:00,2025,12,4,12,Lào Cai,Xã Khao Mang,21.9078898,103.9748758,117,Unhealthy for Sensitive Groups,2,17.7,67,0.0,9.2,281,871.4,96,32.2,32.6,378.0,2.4,96.0,17.4
2025-12-04 13:00:00,2025,12,4,13,Lào Cai,Xã Khao Mang,21.9078898,103.9748758,117,Unhealthy for Sensitive Groups,2,18.5,64,0.1,9.4,273,870.9,100,31.2,31.3,392.0,2.0,102.0,15.3
2025-12-04 14:00:00,2025,12,4,14,Lào Cai,Xã Khao Mang,21.9078898,103.9748758,117,Unhealthy for Sensitive Groups,2,18.2,66,0.0,9.3,260,870.0,100,29.0,29.3,371.0,1.3,106.0,13.7
2025-12-04 15:00:00,2025,12,4,15,Lào Cai,Xã Khao Mang,21.9078898,103.9748758,117,Unhealthy for Sensitive Groups,2,18.0,66,0.0,9.6,254,869.6,83,26.8,27.0,340.0,0.7,108.0,12.3
2025-12-04 16:00:00,2025,12,4,16,Lào Cai,Xã Khao Mang,21.9078898,103.9748758,117,Unhealthy for Sensitive Groups,2,17.1,70,0.0,8.4,261,869.1,47,26.5,26.6,336.0,1.8,105.0,11.6
2025-12-04 17:00:00,2025,12,4,17,Lào Cai,Xã Khao Mang,21.9078898,103.9748758,117,Unhealthy for Sensitive Groups,2,15.1,83,0.0,3.7,281,868.5,6,29.1,29.2,389.0,5.9,94.0,12.4
2025-12-04 18:00:00,2025,12,4,18,Lào Cai,Xã Khao Mang,21.9078898,103.9748758,117,Unhealthy for Sensitive Groups,2,13.3,88,0.0,0.4,117,868.3,2,34.9,35.0,470.0,11.6,78.0,14.0
2025-12-04 19:00:00,2025,12,4,19,Lào Cai,Xã Khao Mang,21.9078898,103.9748758,117,Unhealthy for Sensitive Groups,2,12.4,91,0.0,1.3,135,868.6,2,36.1,36.2,528.0,16.4,59.0,15.5
2025-12-04 20:00:00,2025,12,4,20,Lào Cai,Xã Khao Mang,21.9078898,103.9748758,117,Unhealthy for Sensitive Groups,2,11.9,90,0.0,2.8,125,868.7,15,39.3,39.5,539.0,17.1,56.0,16.0
2025-12-04 21:00:00,2025,12,4,21,Lào Cai,Xã Khao Mang,21.9078898,103.9748758,117,Unhealthy for Sensitive Groups,2,11.4,90,0.0,2.6,124,868.9,31,41.9,42.1,526.0,18.0,51.0,16.8
2025-12-04 22:00:00,2025,12,4,22,Lào Cai,Xã Khao Mang,21.9078898,103.9748758,117,Unhealthy for Sensitive Groups,2,11.3,89,0.0,2.2,125,869.1,13,45.8,46.0,510.0,18.0,47.0,17.1
2025-12-04 23:00:00,2025,12,4,23,Lào Cai,Xã Khao Mang,21.9078898,103.9748758,117,Unhealthy for Sensitive Groups,2,11.3,87,0.0,2.1,121,869.1,5,47.7,48.0,495.0,16.2,45.0,16.7
2025-12-05 00:00:00,2025,12,5,0,Lào Cai,Xã Khao Mang,21.9078898,103.9748758,118,Unhealthy for Sensitive Groups,2,11.2,87,0.0,1.9,119,869.2,2,49.6,49.8,476.0,13.5,45.0,15.9
2025-12-05 01:00:00,2025,12,5,1,Lào Cai,Xã Khao Mang,21.9078898,103.9748758,118,Unhealthy for Sensitive Groups,2,10.8,89,0.0,2.3,113,868.9,0,51.3,51.6,457.0,11.2,44.0,15.3
2025-12-05 02:00:00,2025,12,5,2,Lào Cai,Xã Khao Mang,21.9078898,103.9748758,118,Unhealthy for Sensitive Groups,2,10.7,89,0.0,2.8,105,868.5,18,52.9,53.0,431.0,9.7,43.0,15.0
2025-12-05 03:00:00,2025,12,5,3,Lào Cai,Xã Khao Mang,21.9078898,103.9748758,117,Unhealthy for Sensitive Groups,2,10.7,91,0.0,3.8,98,868.7,45,53.9,54.0,404.0,8.6,41.0,14.9
2025-12-05 04:00:00,2025,12,5,4,Lào Cai,Xã Khao Mang,21.9078898,103.9748758,117,Unhealthy for Sensitive Groups,2,10.6,94,0.0,5.5,99,868.8,47,53.3,53.6,405.0,7.8,41.0,15.1
2025-12-05 05:00:00,2025,12,5,5,Lào Cai,Xã Khao Mang,21.9078898,103.9748758,117,Unhealthy for Sensitive Groups,2,10.4,95,0.0,5.2,102,868.6,43,48.5,48.8,464.0,7.3,41.0,15.5
2025-12-05 06:00:00,2025,12,5,6,Lào Cai,Xã Khao Mang,21.9078898,103.9748758,117,Unhealthy for Sensitive Groups,2,10.0,95,0.0,5.2,106,869.1,63,40.2,40.3,551.0,7.1,42.0,16.3
2025-12-05 07:00:00,2025,12,5,7,Lào Cai,Xã Khao Mang,21.9078898,103.9748758,115,Unhealthy for Sensitive Groups,2,10.6,93,0.0,5.9,104,870.2,71,48.7,48.8,597.0,8.6,41.0,16.0
2025-12-05 08:00:00,2025,12,5,8,Lào Cai,Xã Khao Mang,21.9078898,103.9748758,115,Unhealthy for Sensitive Groups,2,13.1,86,0.0,4.7,72,872.1,34,41.4,41.6,558.0,6.9,55.0,18.9
2025-12-05 09:00:00,2025,12,5,9,Lào Cai,Xã Khao Mang,21.9078898,103.9748758,114,Unhealthy for Sensitive Groups,2,15.2,77,0.0,2.7,8,873.3,41,36.8,36.9,479.0,4.7,75.0,22.9
2025-12-05 10:00:00,2025,12,5,10,Lào Cai,Xã Khao Mang,21.9078898,103.9748758,113,Unhealthy for Sensitive Groups,2,16.8,71,0.0,5.5,328,873.8,100,30.6,30.7,428.0,3.0,90.0,25.7
2025-12-05 11:00:00,2025,12,5,11,Lào Cai,Xã Khao Mang,21.9078898,103.9748758,112,Unhealthy for Sensitive Groups,2,17.2,71,0.0,7.6,324,873.3,100,28.5,28.6,441.0,2.5,96.0,26.1
2025-12-05 12:00:00,2025,12,5,12,Lào Cai,Xã Khao Mang,21.9078898,103.9748758,111,Unhealthy for Sensitive Groups,2,17.4,71,0.0,8.9,318,872.6,100,29.7,29.8,482.0,2.6,97.0,25.3
2025-12-05 13:00:00,2025,12,5,13,Lào Cai,Xã Khao Mang,21.9078898,103.9748758,111,Unhealthy for Sensitive Groups,2,17.2,73,0.0,9.6,296,871.3,100,32.5,32.6,506.0,2.8,97.0,24.7
2025-12-05 14:00:00,2025,12,5,14,Lào Cai,Xã Khao Mang,21.9078898,103.9748758,111,Unhealthy for Sensitive Groups,2,16.7,77,0.0,9.3,307,870.4,100,33.6,33.6,484.0,2.8,98.0,24.8
2025-12-05 15:00:00,2025,12,5,15,Lào Cai,Xã Khao Mang,21.9078898,103.9748758,111,Unhealthy for Sensitive Groups,2,16.4,80,0.0,7.3,318,870.0,100,35.6,35.7,446.0,2.9,98.0,25.0
2025-12-05 16:00:00,2025,12,5,16,Lào Cai,Xã Khao Mang,21.9078898,103.9748758,112,Unhealthy for Sensitive Groups,2,15.8,81,0.0,4.9,352,869.7,100,36.7,36.8,432.0,3.7,94.0,24.9
2025-12-05 17:00:00,2025,12,5,17,Lào Cai,Xã Khao Mang,21.9078898,103.9748758,113,Unhealthy for Sensitive Groups,2,14.8,85,0.0,4.6,39,869.4,93,36.8,36.9,469.0,6.0,84.0,24.5
2025-12-05 18:00:00,2025,12,5,18,Lào Cai,Xã Khao Mang,21.9078898,103.9748758,114,Unhealthy for Sensitive Groups,2,13.8,91,0.0,3.8,79,869.4,63,38.0,38.1,530.0,9.0,70.0,23.9
2025-12-05 19:00:00,2025,12,5,19,Lào Cai,Xã Khao Mang,21.9078898,103.9748758,114,Unhealthy for Sensitive Groups,2,14.1,93,0.0,2.8,108,869.8,13,34.8,34.8,577.0,12.0,61.0,20.4
2025-12-05 20:00:00,2025,12,5,20,Lào Cai,Xã Khao Mang,21.9078898,103.9748758,114,Unhealthy for Sensitive Groups,2,13.7,94,0.0,3.1,90,870.0,9,35.5,35.6,599.0,12.1,55.0,19.7
2025-12-05 21:00:00,2025,12,5,21,Lào Cai,Xã Khao Mang,21.9078898,103.9748758,114,Unhealthy for Sensitive Groups,2,12.7,96,0.0,2.9,94,869.6,34,36.6,36.6,608.0,12.3,46.0,18.8
2025-12-05 22:00:00,2025,12,5,22,Lào Cai,Xã Khao Mang,21.9078898,103.9748758,113,Unhealthy for Sensitive Groups,2,12.1,97,0.0,4.2,97,869.3,54,36.9,37.0,599.0,12.3,39.0,17.7
2025-12-05 23:00:00,2025,12,5,23,Lào Cai,Xã Khao Mang,21.9078898,103.9748758,112,Unhealthy for Sensitive Groups,2,11.4,97,0.0,4.0,100,869.1,81,35.9,36.0,566.0,12.2,33.0,16.3
2025-12-06 00:00:00,2025,12,6,0,Lào Cai,Xã Khao Mang,21.9078898,103.9748758,111,Unhealthy for Sensitive Groups,2,11.3,98,0.0,4.4,97,868.9,91,33.5,33.5,516.0,12.0,28.0,14.7
2025-12-06 01:00:00,2025,12,6,1,Lào Cai,Xã Khao Mang,21.9078898,103.9748758,109,Unhealthy for Sensitive Groups,2,12.0,100,0.0,5.2,86,869.4,100,31.1,31.1,468.0,11.5,26.0,14.0
2025-12-06 02:00:00,2025,12,6,2,Lào Cai,Xã Khao Mang,21.9078898,103.9748758,107,Unhealthy for Sensitive Groups,2,11.9,99,0.0,3.8,87,868.9,100,28.9,29.0,422.0,10.5,28.0,14.7
2025-12-06 03:00:00,2025,12,6,3,Lào Cai,Xã Khao Mang,21.9078898,103.9748758,105,Unhealthy for Sensitive Groups,2,12.1,99,0.0,3.5,102,869.0,100,27.6,27.7,378.0,9.2,32.0,16.3
2025-12-06 04:00:00,2025,12,6,4,Lào Cai,Xã Khao Mang,21.9078898,103.9748758,102,Unhealthy for Sensitive Groups,2,12.1,98,0.0,2.0,100,868.9,100,27.8,27.9,355.0,8.1,36.0,17.7
2025-12-06 05:00:00,2025,12,6,5,Lào Cai,Xã Khao Mang,21.9078898,103.9748758,99,Moderate,1,12.3,97,0.0,0.7,76,869.0,100,27.1,27.2,374.0,7.6,37.0,18.7
2025-12-06 06:00:00,2025,12,6,6,Lào Cai,Xã Khao Mang,21.9078898,103.9748758,98,Moderate,1,12.4,97,0.0,0.3,45,869.5,100,26.4,26.5,414.0,7.3,38.0,19.5
2025-12-06 07:00:00,2025,12,6,7,Lào Cai,Xã Khao Mang,21.9078898,103.9748758,96,Moderate,1,12.2,94,0.0,1.1,162,870.1,100,25.3,25.4,435.0,7.7,36.0,19.0
2025-12-06 08:00:00,2025,12,6,8,Lào Cai,Xã Khao Mang,21.9078898,103.9748758,94,Moderate,1,12.9,91,0.0,1.1,198,870.7,88,25.6,25.7,412.0,6.8,45.0,18.9
2025-12-06 09:00:00,2025,12,6,9,Lào Cai,Xã Khao Mang,21.9078898,103.9748758,93,Moderate,1,14.3,86,0.0,2.4,243,871.7,96,24.4,24.5,369.0,5.5,57.0,18.6
2025-12-06 10:00:00,2025,12,6,10,Lào Cai,Xã Khao Mang,21.9078898,103.9748758,92,Moderate,1,15.4,81,0.0,4.7,268,872.0,95,24.9,25.0,343.0,4.4,68.0,17.7
2025-12-06 11:00:00,2025,12,6,11,Lào Cai,Xã Khao Mang,21.9078898,103.9748758,91,Moderate,1,16.5,76,0.0,7.0,266,871.4,87,23.6,23.7,355.0,3.6,75.0,15.8
2025-12-06 12:00:00,2025,12,6,12,Lào Cai,Xã Khao Mang,21.9078898,103.9748758,91,Moderate,1,17.3,74,0.0,8.3,270,870.6,100,23.7,23.7,383.0,3.1,81.0,13.2
2025-12-06 13:00:00,2025,12,6,13,Lào Cai,Xã Khao Mang,21.9078898,103.9748758,90,Moderate,1,18.2,68,0.0,8.5,275,870.2,41,26.1,26.2,400.0,2.6,86.0,10.9
2025-12-06 14:00:00,2025,12,6,14,Lào Cai,Xã Khao Mang,21.9078898,103.9748758,90,Moderate,1,18.2,69,0.0,10.6,269,869.3,37,26.0,26.0,384.0,1.7,92.0,8.9
2025-12-06 15:00:00,2025,12,6,15,Lào Cai,Xã Khao Mang,21.9078898,103.9748758,89,Moderate,1,18.0,67,0.0,8.1,269,868.6,21,26.5,26.5,357.0,0.9,96.0,7.2
2025-12-06 16:00:00,2025,12,6,16,Lào Cai,Xã Khao Mang,21.9078898,103.9748758,88,Moderate,1,17.2,71,0.0,8.5,275,868.1,45,25.3,25.4,357.0,1.9,95.0,6.3
2025-12-06 17:00:00,2025,12,6,17,Lào Cai,Xã Khao Mang,21.9078898,103.9748758,87,Moderate,1,15.4,84,0.0,3.2,286,867.2,13,25.8,25.8,415.0,6.2,84.0,6.8
2025-12-06 18:00:00,2025,12,6,18,Lào Cai,Xã Khao Mang,21.9078898,103.9748758,86,Moderate,1,13.2,91,0.0,0.7,166,866.5,12,30.0,30.0,500.0,12.3,67.0,8.2
2025-12-06 19:00:00,2025,12,6,19,Lào Cai,Xã Khao Mang,21.9078898,103.9748758,86,Moderate,1,12.6,96,0.0,1.3,124,866.8,23,22.9,22.9,552.0,16.8,52.0,9.1
2025-12-06 20:00:00,2025,12,6,20,Lào Cai,Xã Khao Mang,21.9078898,103.9748758,85,Moderate,1,12.2,95,0.0,1.5,126,867.0,38,25.5,25.5,538.0,15.9,51.0,9.6
2025-12-06 21:00:00,2025,12,6,21,Lào Cai,Xã Khao Mang,21.9078898,103.9748758,84,Moderate,1,11.8,95,0.0,2.1,121,867.0,66,26.0,26.0,491.0,14.8,50.0,10.2
2025-12-06 22:00:00,2025,12,6,22,Lào Cai,Xã Khao Mang,21.9078898,103.9748758,83,Moderate,1,10.7,99,0.0,3.3,119,866.4,77,26.7,26.7,450.0,14.1,47.0,10.4
2025-12-06 23:00:00,2025,12,6,23,Lào Cai,Xã Khao Mang,21.9078898,103.9748758,82,Moderate,1,10.1,100,0.0,3.3,119,866.0,98,30.4,30.5,431.0,14.6,42.0,9.8
2025-12-07 00:00:00,2025,12,7,0,Lào Cai,Xã Khao Mang,21.9078898,103.9748758,81,Moderate,1,9.9,100,0.0,3.1,118,865.8,98,32.4,32.4,418.0,15.5,35.0,8.7
2025-12-07 01:00:00,2025,12,7,1,Lào Cai,Xã Khao Mang,21.9078898,103.9748758,81,Moderate,1,10.9,100,0.0,3.1,126,866.1,98,33.6,33.6,408.0,15.6,30.0,7.9
2025-12-07 02:00:00,2025,12,7,2,Lào Cai,Xã Khao Mang,21.9078898,103.9748758,81,Moderate,1,10.8,100,0.0,3.3,119,865.8,99,34.2,34.3,396.0,14.1,27.0,7.5
2025-12-07 03:00:00,2025,12,7,3,Lào Cai,Xã Khao Mang,21.9078898,103.9748758,82,Moderate,1,10.7,100,0.0,2.3,119,865.7,99,34.7,34.8,386.0,11.8,26.0,7.4
2025-12-07 04:00:00,2025,12,7,4,Lào Cai,Xã Khao Mang,21.9078898,103.9748758,83,Moderate,1,10.7,100,0.0,1.6,117,865.9,100,34.3,34.5,385.0,9.9,26.0,7.7
2025-12-07 05:00:00,2025,12,7,5,Lào Cai,Xã Khao Mang,21.9078898,103.9748758,83,Moderate,1,11.0,100,0.0,2.6,115,866.4,100,33.1,33.2,409.0,9.0,26.0,8.2
2025-12-07 06:00:00,2025,12,7,6,Lào Cai,Xã Khao Mang,21.9078898,103.9748758,84,Moderate,1,10.9,100,0.0,3.5,114,867.0,100,31.1,31.2,443.0,8.6,27.0,9.1
2025-12-07 07:00:00,2025,12,7,7,Lào Cai,Xã Khao Mang,21.9078898,103.9748758,84,Moderate,1,11.4,100,0.0,2.3,113,867.9,100,39.5,39.5,449.0,9.2,30.0,6.4
2025-12-07 08:00:00,2025,12,7,8,Lào Cai,Xã Khao Mang,21.9078898,103.9748758,85,Moderate,1,13.9,95,0.0,4.4,97,869.6,17,36.4,36.6,391.0,7.8,41.0,8.3
2025-12-07 09:00:00,2025,12,7,9,Lào Cai,Xã Khao Mang,21.9078898,103.9748758,86,Moderate,1,16.5,81,0.0,4.1,358,871.7,29,31.8,31.9,306.0,6.0,55.0,11.0
2025-12-07 10:00:00,2025,12,7,10,Lào Cai,Xã Khao Mang,21.9078898,103.9748758,87,Moderate,1,18.1,68,0.0,5.6,345,872.3,20,27.6,27.7,265.0,4.4,68.0,13.8
2025-12-07 11:00:00,2025,12,7,11,Lào Cai,Xã Khao Mang,21.9078898,103.9748758,87,Moderate,1,19.0,62,0.0,6.3,345,872.0,25,23.5,23.5,313.0,3.5,76.0,16.9
2025-12-07 12:00:00,2025,12,7,12,Lào Cai,Xã Khao Mang,21.9078898,103.9748758,87,Moderate,1,19.3,58,0.0,7.9,360,871.2,40,20.8,20.8,405.0,2.9,83.0,20.1
2025-12-07 13:00:00,2025,12,7,13,Lào Cai,Xã Khao Mang,21.9078898,103.9748758,87,Moderate,1,18.5,64,0.0,9.6,23,870.5,62,18.4,18.5,480.0,2.6,87.0,22.1
2025-12-07 14:00:00,2025,12,7,14,Lào Cai,Xã Khao Mang,21.9078898,103.9748758,86,Moderate,1,17.9,68,0.0,10.1,40,869.9,54,15.5,15.6,516.0,2.3,90.0,22.1
2025-12-07 15:00:00,2025,12,7,15,Lào Cai,Xã Khao Mang,21.9078898,103.9748758,85,Moderate,1,18.2,66,0.0,8.2,49,869.7,58,14.6,14.6,536.0,2.2,91.0,21.0
2025-12-07 16:00:00,2025,12,7,16,Lào Cai,Xã Khao Mang,21.9078898,103.9748758,84,Moderate,1,17.8,66,0.0,6.4,47,869.6,31,13.8,13.9,547.0,3.1,88.0,20.2
2025-12-07 17:00:00,2025,12,7,17,Lào Cai,Xã Khao Mang,21.9078898,103.9748758,83,Moderate,1,16.0,76,0.0,5.5,41,869.3,13,13.6,13.6,552.0,6.0,79.0,20.1
2025-12-07 18:00:00,2025,12,7,18,Lào Cai,Xã Khao Mang,21.9078898,103.9748758,82,Moderate,1,13.9,87,0.0,5.9,67,868.8,25,15.3,15.4,549.0,9.9,67.0,20.2
2025-12-07 19:00:00,2025,12,7,19,Lào Cai,Xã Khao Mang,21.9078898,103.9748758,81,Moderate,1,14.0,88,0.0,7.0,72,869.6,69,21.1,21.2,536.0,11.1,59.0,21.7
2025-12-07 20:00:00,2025,12,7,20,Lào Cai,Xã Khao Mang,21.9078898,103.9748758,81,Moderate,1,14.1,87,0.0,6.8,73,870.4,25,24.0,24.1,509.0,11.2,59.0,21.9
2025-12-07 21:00:00,2025,12,7,21,Lào Cai,Xã Khao Mang,21.9078898,103.9748758,81,Moderate,1,13.2,88,0.0,6.7,88,870.1,13,25.8,25.9,473.0,11.2,58.0,22.1
2025-12-07 22:00:00,2025,12,7,22,Lào Cai,Xã Khao Mang,21.9078898,103.9748758,81,Moderate,1,12.4,86,0.0,7.1,99,869.7,3,27.0,27.1,442.0,10.9,58.0,21.8
2025-12-07 23:00:00,2025,12,7,23,Lào Cai,Xã Khao Mang,21.9078898,103.9748758,81,Moderate,1,11.8,84,0.0,7.9,102,869.4,2,27.9,28.0,422.0,10.1,57.0,20.5
2025-12-08 00:00:00,2025,12,8,0,Lào Cai,Xã Khao Mang,21.9078898,103.9748758,80,Moderate,1,11.1,86,0.0,8.1,102,869.1,19,27.8,27.9,408.0,9.0,55.0,18.7
2025-12-08 01:00:00,2025,12,8,1,Lào Cai,Xã Khao Mang,21.9078898,103.9748758,80,Moderate,1,12.7,86,0.0,8.3,92,870.0,13,27.6,27.8,396.0,7.7,56.0,16.8
2025-12-08 02:00:00,2025,12,8,2,Lào Cai,Xã Khao Mang,21.9078898,103.9748758,79,Moderate,1,12.0,87,0.0,7.2,104,869.4,6,27.0,27.1,378.0,6.2,61.0,14.9
2025-12-08 03:00:00,2025,12,8,3,Lào Cai,Xã Khao Mang,21.9078898,103.9748758,79,Moderate,1,11.1,88,0.0,6.7,106,868.8,4,23.5,23.6,362.0,4.6,69.0,12.8
2025-12-08 04:00:00,2025,12,8,4,Lào Cai,Xã Khao Mang,21.9078898,103.9748758,78,Moderate,1,10.9,87,0.0,6.6,107,868.8,26,18.5,18.6,368.0,3.4,75.0,11.0
2025-12-08 05:00:00,2025,12,8,5,Lào Cai,Xã Khao Mang,21.9078898,103.9748758,76,Moderate,1,11.0,85,0.0,7.0,102,869.1,41,15.0,15.1,418.0,3.1,77.0,9.5
2025-12-08 06:00:00,2025,12,8,6,Lào Cai,Xã Khao Mang,21.9078898,103.9748758,75,Moderate,1,11.5,82,0.0,5.5,99,869.8,57,11.5,11.5,489.0,3.2,76.0,8.2
2025-12-08 07:00:00,2025,12,8,7,Lào Cai,Xã Khao Mang,21.9078898,103.9748758,73,Moderate,1,12.7,89,0.0,1.7,58,871.3,100,4.7,4.7,533.0,4.0,70.0,8.4
2025-12-08 08:00:00,2025,12,8,8,Lào Cai,Xã Khao Mang,21.9078898,103.9748758,70,Moderate,1,12.8,90,0.0,3.9,28,871.9,71,4.4,4.4,523.0,3.6,71.0,8.2
2025-12-08 09:00:00,2025,12,8,9,Lào Cai,Xã Khao Mang,21.9078898,103.9748758,67,Moderate,1,14.2,80,0.0,5.0,52,873.0,72,5.0,5.0,486.0,3.0,73.0,8.0
2025-12-08 10:00:00,2025,12,8,10,Lào Cai,Xã Khao Mang,21.9078898,103.9748758,65,Moderate,1,15.7,70,0.0,4.4,27,873.3,73,7.3,7.3,456.0,2.4,76.0,7.6
2025-12-08 11:00:00,2025,12,8,11,Lào Cai,Xã Khao Mang,21.9078898,103.9748758,63,Moderate,1,16.8,62,0.0,3.6,6,873.1,55,11.5,11.5,447.0,1.9,80.0,7.1
2025-12-08 12:00:00,2025,12,8,12,Lào Cai,Xã Khao Mang,21.9078898,103.9748758,62,Moderate,1,17.7,58,0.0,4.8,323,872.3,100,13.5,13.6,445.0,1.5,85.0,6.5
2025-12-08 13:00:00,2025,12,8,13,Lào Cai,Xã Khao Mang,21.9078898,103.9748758,61,Moderate,1,17.0,66,0.1,4.3,292,871.2,100,14.5,14.6,446.0,1.2,89.0,6.0
2025-12-08 14:00:00,2025,12,8,14,Lào Cai,Xã Khao Mang,21.9078898,103.9748758,61,Moderate,1,15.6,82,0.6,5.0,311,870.2,100,16.0,16.1,450.0,1.0,92.0,5.7
2025-12-08 15:00:00,2025,12,8,15,Lào Cai,Xã Khao Mang,21.9078898,103.9748758,61,Moderate,1,15.5,79,0.2,3.8,341,869.6,100,17.9,18.0,456.0,0.9,94.0,5.6
2025-12-08 16:00:00,2025,12,8,16,Lào Cai,Xã Khao Mang,21.9078898,103.9748758,61,Moderate,1,15.2,80,0.0,3.1,353,869.4,54,19.5,19.6,465.0,1.8,92.0,5.6
2025-12-08 17:00:00,2025,12,8,17,Lào Cai,Xã Khao Mang,21.9078898,103.9748758,62,Moderate,1,14.8,81,0.0,2.4,9,869.2,19,21.3,21.4,479.0,4.3,83.0,6.0
2025-12-08 18:00:00,2025,12,8,18,Lào Cai,Xã Khao Mang,21.9078898,103.9748758,62,Moderate,1,13.2,87,0.0,2.7,53,868.8,16,23.5,23.6,495.0,7.6,70.0,6.5
2025-12-08 19:00:00,2025,12,8,19,Lào Cai,Xã Khao Mang,21.9078898,103.9748758,63,Moderate,1,13.8,85,0.0,2.8,63,869.8,83,29.5,29.7,501.0,11.1,55.0,6.6
2025-12-08 20:00:00,2025,12,8,20,Lào Cai,Xã Khao Mang,21.9078898,103.9748758,64,Moderate,1,13.6,83,0.0,4.1,45,870.2,100,31.1,31.2,489.0,12.3,52.0,7.1
2025-12-08 21:00:00,2025,12,8,21,Lào Cai,Xã Khao Mang,21.9078898,103.9748758,64,Moderate,1,12.5,86,0.0,2.7,67,870.0,100,31.8,32.0,467.0,13.8,49.0,7.7
2025-12-08 22:00:00,2025,12,8,22,Lào Cai,Xã Khao Mang,21.9078898,103.9748758,65,Moderate,1,12.5,84,0.0,3.3,96,870.0,100,34.2,34.3,454.0,14.7,47.0,8.0
2025-12-08 23:00:00,2025,12,8,23,Lào Cai,Xã Khao Mang,21.9078898,103.9748758,66,Moderate,1,11.9,86,0.0,2.4,117,869.6,100,36.4,36.6,461.0,14.4,48.0,7.8
2025-12-09 00:00:00,2025,12,9,0,Lào Cai,Xã Khao Mang,21.9078898,103.9748758,66,Moderate,1,11.9,85,0.0,1.8,114,869.5,100,37.3,37.4,477.0,13.4,50.0,7.4
2025-12-09 01:00:00,2025,12,9,1,Lào Cai,Xã Khao Mang,21.9078898,103.9748758,67,Moderate,1,12.1,94,0.0,1.8,114,869.5,100,36.7,36.8,482.0,12.3,52.0,6.8
2025-12-09 02:00:00,2025,12,9,2,Lào Cai,Xã Khao Mang,21.9078898,103.9748758,68,Moderate,1,12.0,95,0.1,0.6,72,869.1,100,37.4,37.6,460.0,11.1,52.0,6.1
2025-12-09 03:00:00,2025,12,9,3,Lào Cai,Xã Khao Mang,21.9078898,103.9748758,69,Moderate,1,11.4,94,0.0,0.4,117,868.5,100,37.8,38.0,428.0,9.7,50.0,5.4
2025-12-09 04:00:00,2025,12,9,4,Lào Cai,Xã Khao Mang,21.9078898,103.9748758,70,Moderate,1,11.2,96,0.0,0.8,135,868.0,99,37.4,37.5,416.0,8.6,50.0,4.8
2025-12-09 05:00:00,2025,12,9,5,Lào Cai,Xã Khao Mang,21.9078898,103.9748758,72,Moderate,1,10.5,95,0.0,0.8,135,867.7,88,36.9,37.0,449.0,7.9,49.0,4.6
2025-12-09 06:00:00,2025,12,9,6,Lào Cai,Xã Khao Mang,21.9078898,103.9748758,74,Moderate,1,10.1,95,0.0,0.9,127,867.9,8,35.9,36.0,501.0,7.5,49.0,4.6
2025-12-09 07:00:00,2025,12,9,7,Lào Cai,Xã Khao Mang,21.9078898,103.9748758,76,Moderate,1,9.7,86,0.0,2.2,125,868.5,16,41.1,41.2,528.0,7.6,54.0,5.1
2025-12-09 08:00:00,2025,12,9,8,Lào Cai,Xã Khao Mang,21.9078898,103.9748758,79,Moderate,1,12.2,80,0.0,1.5,159,870.2,20,40.4,40.5,499.0,6.0,67.0,5.0
2025-12-09 09:00:00,2025,12,9,9,Lào Cai,Xã Khao Mang,21.9078898,103.9748758,82,Moderate,1,13.5,75,0.0,2.6,304,871.4,30,35.3,35.4,444.0,3.8,86.0,5.0
2025-12-09 10:00:00,2025,12,9,10,Lào Cai,Xã Khao Mang,21.9078898,103.9748758,85,Moderate,1,14.8,69,0.0,5.0,300,871.7,100,31.7,31.9,407.0,2.1,101.0,5.1
2025-12-09 11:00:00,2025,12,9,11,Lào Cai,Xã Khao Mang,21.9078898,103.9748758,87,Moderate,1,15.4,71,0.1,8.4,290,871.2,71,31.8,32.1,413.0,1.5,109.0,5.6
2025-12-09 12:00:00,2025,12,9,12,Lào Cai,Xã Khao Mang,21.9078898,103.9748758,89,Moderate,1,15.2,76,0.3,9.9,289,870.4,98,33.1,33.3,436.0,1.4,113.0,6.3
2025-12-09 13:00:00,2025,12,9,13,Lào Cai,Xã Khao Mang,21.9078898,103.9748758,91,Moderate,1,15.6,76,0.2,9.6,279,870.0,100,33.6,34.0,450.0,1.4,115.0,6.7
2025-12-09 14:00:00,2025,12,9,14,Lào Cai,Xã Khao Mang,21.9078898,103.9748758,93,Moderate,1,15.3,74,0.2,8.3,276,869.1,100,33.5,33.9,433.0,1.0,117.0,6.6
2025-12-09 15:00:00,2025,12,9,15,Lào Cai,Xã Khao Mang,21.9078898,103.9748758,94,Moderate,1,15.8,67,0.0,7.6,277,868.7,100,32.8,33.2,406.0,0.7,118.0,6.2
2025-12-09 16:00:00,2025,12,9,16,Lào Cai,Xã Khao Mang,21.9078898,103.9748758,95,Moderate,1,15.2,66,0.0,7.5,281,868.5,98,33.3,33.6,400.0,1.9,114.0,6.2
2025-12-09 17:00:00,2025,12,9,17,Lào Cai,Xã Khao Mang,21.9078898,103.9748758,97,Moderate,1,14.4,70,0.0,3.4,302,868.2,75,34.1,34.5,434.0,5.7,102.0,6.7
2025-12-09 18:00:00,2025,12,9,18,Lào Cai,Xã Khao Mang,21.9078898,103.9748758,98,Moderate,1,13.4,76,0.0,0.7,76,868.1,55,36.1,36.4,489.0,11.0,85.0,7.6
2025-12-09 19:00:00,2025,12,9,19,Lào Cai,Xã Khao Mang,21.9078898,103.9748758,99,Moderate,1,13.2,78,0.0,0.3,135,868.8,92,42.1,42.5,534.0,17.1,67.0,9.1
2025-12-09 20:00:00,2025,12,9,20,Lào Cai,Xã Khao Mang,21.9078898,103.9748758,100,Moderate,1,13.0,79,0.0,1.0,149,868.9,63,44.4,44.7,563.0,18.8,64.0,10.1
2025-12-09 21:00:00,2025,12,9,21,Lào Cai,Xã Khao Mang,21.9078898,103.9748758,101,Unhealthy for Sensitive Groups,2,11.6,84,0.0,1.3,135,868.6,31,45.6,46.0,582.0,21.0,59.0,11.5
2025-12-09 22:00:00,2025,12,9,22,Lào Cai,Xã Khao Mang,21.9078898,103.9748758,103,Unhealthy for Sensitive Groups,2,10.6,87,0.0,1.4,130,868.2,11,46.8,47.1,583.0,22.6,54.0,12.2
2025-12-09 23:00:00,2025,12,9,23,Lào Cai,Xã Khao Mang,21.9078898,103.9748758,104,Unhealthy for Sensitive Groups,2,9.9,88,0.0,1.7,122,867.8,25,48.7,49.0,554.0,23.0,50.0,11.5
2025-12-10 00:00:00,2025,12,10,0,Lào Cai,Xã Khao Mang,21.9078898,103.9748758,105,Unhealthy for Sensitive Groups,2,9.3,88,0.0,1.5,126,867.2,14,50.4,50.8,506.0,22.7,46.0,10.1
2025-12-10 01:00:00,2025,12,10,1,Lào Cai,Xã Khao Mang,21.9078898,103.9748758,107,Unhealthy for Sensitive Groups,2,8.7,89,0.0,1.5,135,867.1,34,50.8,51.1,461.0,22.0,43.0,8.8
2025-12-10 02:00:00,2025,12,10,2,Lào Cai,Xã Khao Mang,21.9078898,103.9748758,108,Unhealthy for Sensitive Groups,2,8.4,86,0.0,1.5,126,866.5,16,50.6,51.0,422.0,20.8,42.0,7.7
2025-12-10 03:00:00,2025,12,10,3,Lào Cai,Xã Khao Mang,21.9078898,103.9748758,110,Unhealthy for Sensitive Groups,2,8.2,84,0.0,1.9,124,866.2,5,50.2,50.4,386.0,19.2,42.0,6.7
2025-12-10 04:00:00,2025,12,10,4,Lào Cai,Xã Khao Mang,21.9078898,103.9748758,111,Unhealthy for Sensitive Groups,2,8.0,82,0.0,2.6,124,866.0,3,49.5,49.7,370.0,17.7,41.0,5.8
2025-12-10 05:00:00,2025,12,10,5,Lào Cai,Xã Khao Mang,21.9078898,103.9748758,112,Unhealthy for Sensitive Groups,2,7.8,82,0.0,2.4,126,866.0,2,48.7,49.0,394.0,16.8,34.0,4.8
2025-12-10 06:00:00,2025,12,10,6,Lào Cai,Xã Khao Mang,21.9078898,103.9748758,113,Unhealthy for Sensitive Groups,2,7.8,82,0.0,1.9,124,866.4,0,47.1,47.4,438.0,15.9,26.0,3.9
2025-12-10 07:00:00,2025,12,10,7,Lào Cai,Xã Khao Mang,21.9078898,103.9748758,115,Unhealthy for Sensitive Groups,2,8.7,82,0.0,1.9,131,867.7,1,27.5,27.6,456.0,14.8,31.0,3.9
2025-12-10 08:00:00,2025,12,10,8,Lào Cai,Xã Khao Mang,21.9078898,103.9748758,113,Unhealthy for Sensitive Groups,2,11.9,74,0.0,1.5,126,869.8,0,21.7,21.8,420.0,11.0,57.0,4.7
2025-12-10 09:00:00,2025,12,10,9,Lào Cai,Xã Khao Mang,21.9078898,103.9748758,111,Unhealthy for Sensitive Groups,2,13.6,65,0.0,2.3,302,870.8,0,12.1,12.3,358.0,5.8,93.0,5.7
2025-12-10 10:00:00,2025,12,10,10,Lào Cai,Xã Khao Mang,21.9078898,103.9748758,109,Unhealthy for Sensitive Groups,2,15.2,59,0.0,5.1,293,871.6,0,8.8,9.0,312.0,1.9,119.0,6.3
2025-12-10 11:00:00,2025,12,10,11,Lào Cai,Xã Khao Mang,21.9078898,103.9748758,106,Unhealthy for Sensitive Groups,2,16.1,57,0.0,6.7,297,871.1,0,7.9,8.1,298.0,0.6,127.0,5.9
2025-12-10 12:00:00,2025,12,10,12,Lào Cai,Xã Khao Mang,21.9078898,103.9748758,104,Unhealthy for Sensitive Groups,2,16.8,55,0.0,7.7,300,870.5,0,7.3,7.6,300.0,0.7,126.0,5.1
2025-12-10 13:00:00,2025,12,10,13,Lào Cai,Xã Khao Mang,21.9078898,103.9748758,101,Unhealthy for Sensitive Groups,2,17.2,53,0.0,9.2,291,869.9,9,6.8,7.1,305.0,0.9,124.0,4.4
2025-12-10 14:00:00,2025,12,10,14,Lào Cai,Xã Khao Mang,21.9078898,103.9748758,99,Moderate,1,16.8,57,0.0,6.8,287,868.9,23,6.7,6.9,304.0,0.4,125.0,4.0
2025-12-10 15:00:00,2025,12,10,15,Lào Cai,Xã Khao Mang,21.9078898,103.9748758,96,Moderate,1,16.9,59,0.0,6.7,276,868.7,8,6.7,6.9,307.0,0.0,125.0,3.7
2025-12-10 16:00:00,2025,12,10,16,Lào Cai,Xã Khao Mang,21.9078898,103.9748758,94,Moderate,1,16.1,64,0.0,5.9,282,868.3,5,7.4,7.6,327.0,1.3,121.0,4.1
2025-12-10 17:00:00,2025,12,10,17,Lào Cai,Xã Khao Mang,21.9078898,103.9748758,92,Moderate,1,14.3,77,0.0,1.3,326,867.8,2,10.2,10.3,383.0,5.6,109.0,5.4
2025-12-10 18:00:00,2025,12,10,18,Lào Cai,Xã Khao Mang,21.9078898,103.9748758,90,Moderate,1,12.0,82,0.0,1.5,111,867.3,0,14.5,14.6,456.0,11.6,93.0,7.3
2025-12-10 19:00:00,2025,12,10,19,Lào Cai,Xã Khao Mang,21.9078898,103.9748758,88,Moderate,1,11.3,85,0.0,2.6,124,867.3,0,20.8,21.1,507.0,15.8,76.0,8.4
2025-12-10 20:00:00,2025,12,10,20,Lào Cai,Xã Khao Mang,21.9078898,103.9748758,86,Moderate,1,10.6,88,0.0,3.9,118,867.5,0,24.3,24.6,520.0,16.8,72.0,9.6
2025-12-10 21:00:00,2025,12,10,21,Lào Cai,Xã Khao Mang,21.9078898,103.9748758,84,Moderate,1,9.8,91,0.0,3.6,117,867.3,0,27.2,27.5,510.0,18.2,67.0,11.1
2025-12-10 22:00:00,2025,12,10,22,Lào Cai,Xã Khao Mang,21.9078898,103.9748758,82,Moderate,1,9.5,88,0.0,2.5,120,867.3,0,29.7,30.0,490.0,19.0,63.0,12.0
2025-12-10 23:00:00,2025,12,10,23,Lào Cai,Xã Khao Mang,21.9078898,103.9748758,81,Moderate,1,9.3,83,0.0,2.5,120,866.9,0,31.8,32.0,457.0,18.9,60.0,11.5
2025-12-11 00:00:00,2025,12,11,0,Lào Cai,Xã Khao Mang,21.9078898,103.9748758,79,Moderate,1,9.0,78,0.0,2.6,124,866.7,0,32.9,33.2,414.0,18.2,58.0,10.4
2025-12-11 01:00:00,2025,12,11,1,Lào Cai,Xã Khao Mang,21.9078898,103.9748758,78,Moderate,1,8.8,76,0.0,2.8,117,866.3,0,34.2,34.5,374.0,17.1,58.0,9.4
2025-12-11 02:00:00,2025,12,11,2,Lào Cai,Xã Khao Mang,21.9078898,103.9748758,76,Moderate,1,8.8,70,0.0,3.1,118,865.7,0,35.2,35.4,335.0,15.2,60.0,8.9
2025-12-11 03:00:00,2025,12,11,3,Lào Cai,Xã Khao Mang,21.9078898,103.9748758,75,Moderate,1,8.0,71,0.0,3.5,118,865.1,0,36.3,36.4,300.0,12.8,64.0,8.5
2025-12-11 04:00:00,2025,12,11,4,Lào Cai,Xã Khao Mang,21.9078898,103.9748758,74,Moderate,1,7.5,71,0.0,3.7,119,865.0,0,35.9,36.1,290.0,11.0,66.0,8.2
2025-12-11 05:00:00,2025,12,11,5,Lào Cai,Xã Khao Mang,21.9078898,103.9748758,72,Moderate,1,6.9,74,0.0,3.4,115,865.1,1,36.3,36.4,331.0,10.5,60.0,7.6
2025-12-11 06:00:00,2025,12,11,6,Lào Cai,Xã Khao Mang,21.9078898,103.9748758,71,Moderate,1,7.0,74,0.0,3.1,118,865.7,8,36.3,36.4,398.0,10.6,53.0,7.1
2025-12-11 07:00:00,2025,12,11,7,Lào Cai,Xã Khao Mang,21.9078898,103.9748758,70,Moderate,1,8.3,74,0.0,3.1,118,866.9,2,30.6,30.6,436.0,7.8,71.0,8.8
2025-12-11 08:00:00,2025,12,11,8,Lào Cai,Xã Khao Mang,21.9078898,103.9748758,71,Moderate,1,12.6,69,0.0,2.7,113,869.7,6,30.2,30.3,412.0,6.1,87.0,10.2
2025-12-11 09:00:00,2025,12,11,9,Lào Cai,Xã Khao Mang,21.9078898,103.9748758,71,Moderate,1,14.7,56,0.0,2.8,333,871.2,13,27.2,27.3,359.0,3.8,109.0,12.1
2025-12-11 10:00:00,2025,12,11,10,Lào Cai,Xã Khao Mang,21.9078898,103.9748758,73,Moderate,1,16.3,57,0.0,5.0,314,871.8,29,25.0,25.1,326.0,2.1,125.0,13.2
2025-12-11 11:00:00,2025,12,11,11,Lào Cai,Xã Khao Mang,21.9078898,103.9748758,74,Moderate,1,17.0,60,0.0,6.4,299,871.4,91,24.4,24.5,337.0,1.5,130.0,12.7
2025-12-11 12:00:00,2025,12,11,12,Lào Cai,Xã Khao Mang,21.9078898,103.9748758,76,Moderate,1,16.3,65,0.0,7.2,292,870.3,100,24.1,24.2,367.0,1.4,129.0,11.4
2025-12-11 13:00:00,2025,12,11,13,Lào Cai,Xã Khao Mang,21.9078898,103.9748758,77,Moderate,1,14.8,71,0.0,5.8,284,869.4,100,23.9,24.0,389.0,1.5,127.0,10.3
2025-12-11 14:00:00,2025,12,11,14,Lào Cai,Xã Khao Mang,21.9078898,103.9748758,79,Moderate,1,14.4,76,0.2,0.9,323,868.5,100,25.6,25.9,383.0,1.4,126.0,9.9
2025-12-11 15:00:00,2025,12,11,15,Lào Cai,Xã Khao Mang,21.9078898,103.9748758,80,Moderate,1,14.8,77,0.0,0.2,360,868.0,100,24.2,24.4,370.0,1.4,124.0,9.9
2025-12-11 16:00:00,2025,12,11,16,Lào Cai,Xã Khao Mang,21.9078898,103.9748758,82,Moderate,1,15.2,76,0.0,2.7,278,868.1,99,25.1,25.3,378.0,2.3,118.0,9.8
2025-12-11 17:00:00,2025,12,11,17,Lào Cai,Xã Khao Mang,21.9078898,103.9748758,84,Moderate,1,14.5,80,0.0,2.9,300,867.7,92,26.8,27.0,432.0,4.8,106.0,9.8
2025-12-11 18:00:00,2025,12,11,18,Lào Cai,Xã Khao Mang,21.9078898,103.9748758,85,Moderate,1,12.9,88,0.0,0.0,270,867.5,100,29.4,29.6,509.0,8.2,90.0,9.7
2025-12-11 19:00:00,2025,12,11,19,Lào Cai,Xã Khao Mang,21.9078898,103.9748758,86,Moderate,1,13.1,98,0.0,1.4,140,868.5,100,28.4,28.5,566.0,13.6,72.0,9.5
2025-12-11 20:00:00,2025,12,11,20,Lào Cai,Xã Khao Mang,21.9078898,103.9748758,87,Moderate,1,13.4,98,0.4,1.6,96,868.7,100,29.9,30.0,588.0,12.9,69.0,9.2
2025-12-11 21:00:00,2025,12,11,21,Lào Cai,Xã Khao Mang,21.9078898,103.9748758,87,Moderate,1,13.4,98,0.1,0.7,76,868.7,100,26.0,26.1,592.0,11.9,65.0,8.8
2025-12-11 22:00:00,2025,12,11,22,Lào Cai,Xã Khao Mang,21.9078898,103.9748758,87,Moderate,1,13.1,98,0.1,0.5,315,868.5,29,22.9,23.0,584.0,11.2,60.0,8.3
2025-12-11 23:00:00,2025,12,11,23,Lào Cai,Xã Khao Mang,21.9078898,103.9748758,87,Moderate,1,12.3,99,0.0,0.4,117,867.7,63,22.2,22.3,565.0,11.3,53.0,7.7
2025-12-12 00:00:00,2025,12,12,0,Lào Cai,Xã Khao Mang,21.9078898,103.9748758,86,Moderate,1,12.2,99,0.0,0.8,135,867.7,100,20.9,21.0,534.0,11.8,45.0,6.9
2025-12-12 01:00:00,2025,12,12,1,Lào Cai,Xã Khao Mang,21.9078898,103.9748758,85,Moderate,1,12.2,100,0.0,1.3,124,867.3,100,21.2,21.4,498.0,11.9,39.0,6.3
2025-12-12 02:00:00,2025,12,12,2,Lào Cai,Xã Khao Mang,21.9078898,103.9748758,84,Moderate,1,12.4,100,0.0,0.7,104,866.9,100,20.7,20.7,453.0,11.1,37.0,5.8
2025-12-12 03:00:00,2025,12,12,3,Lào Cai,Xã Khao Mang,21.9078898,103.9748758,82,Moderate,1,12.4,100,0.0,0.5,90,866.3,100,19.7,19.8,403.0,9.8,37.0,5.4
2025-12-12 04:00:00,2025,12,12,4,Lào Cai,Xã Khao Mang,21.9078898,103.9748758,81,Moderate,1,11.7,100,0.0,0.2,90,866.1,98,19.7,19.7,368.0,8.9,37.0,5.1
2025-12-12 05:00:00,2025,12,12,5,Lào Cai,Xã Khao Mang,21.9078898,103.9748758,79,Moderate,1,11.2,100,0.0,2.5,120,865.5,100,19.2,19.3,365.0,8.9,34.0,4.9
2025-12-12 06:00:00,2025,12,12,6,Lào Cai,Xã Khao Mang,21.9078898,103.9748758,78,Moderate,1,11.7,98,0.0,0.5,135,866.0,100,19.1,19.3,376.0,9.1,31.0,4.8
2025-12-12 07:00:00,2025,12,12,7,Lào Cai,Xã Khao Mang,21.9078898,103.9748758,76,Moderate,1,12.2,98,0.0,1.5,150,867.2,100,5.4,5.4,373.0,8.2,37.0,4.6
2025-12-12 08:00:00,2025,12,12,8,Lào Cai,Xã Khao Mang,21.9078898,103.9748758,74,Moderate,1,12.8,99,0.1,2.4,297,867.9,100,7.5,7.6,336.0,6.6,50.0,4.7
2025-12-12 09:00:00,2025,12,12,9,Lào Cai,Xã Khao Mang,21.9078898,103.9748758,72,Moderate,1,13.4,98,1.8,0.8,225,868.8,99,9.4,9.5,284.0,4.5,67.0,4.8
2025-12-12 10:00:00,2025,12,12,10,Lào Cai,Xã Khao Mang,21.9078898,103.9748758,71,Moderate,1,13.8,98,0.9,2.4,257,869.3,100,9.2,9.3,245.0,2.8,80.0,4.7
2025-12-12 11:00:00,2025,12,12,11,Lào Cai,Xã Khao Mang,21.9078898,103.9748758,69,Moderate,1,14.3,95,0.2,3.1,283,868.8,98,8.7,8.8,230.0,2.0,83.0,4.1
2025-12-12 12:00:00,2025,12,12,12,Lào Cai,Xã Khao Mang,21.9078898,103.9748758,68,Moderate,1,16.4,84,0.2,6.0,273,868.5,100,8.0,8.1,227.0,1.7,82.0,3.3
2025-12-12 13:00:00,2025,12,12,13,Lào Cai,Xã Khao Mang,21.9078898,103.9748758,66,Moderate,1,15.7,88,0.1,5.5,283,867.7,100,7.7,7.7,228.0,1.6,80.0,2.7
2025-12-12 14:00:00,2025,12,12,14,Lào Cai,Xã Khao Mang,21.9078898,103.9748758,65,Moderate,1,15.1,92,0.5,4.3,285,866.8,100,7.1,7.1,224.0,1.1,80.0,2.3
2025-12-12 15:00:00,2025,12,12,15,Lào Cai,Xã Khao Mang,21.9078898,103.9748758,63,Moderate,1,15.7,86,0.1,4.9,268,866.7,98,6.8,6.9,224.0,0.8,79.0,2.1
2025-12-12 16:00:00,2025,12,12,16,Lào Cai,Xã Khao Mang,21.9078898,103.9748758,62,Moderate,1,15.6,85,0.0,4.9,274,866.8,47,6.9,6.9,239.0,1.9,75.0,2.3
2025-12-12 17:00:00,2025,12,12,17,Lào Cai,Xã Khao Mang,21.9078898,103.9748758,60,Moderate,1,14.2,94,0.0,2.3,293,866.7,52,8.1,8.2,287.0,5.5,66.0,3.1
2025-12-12 18:00:00,2025,12,12,18,Lào Cai,Xã Khao Mang,21.9078898,103.9748758,59,Moderate,1,12.5,99,0.0,1.6,117,866.4,24,10.1,10.2,351.0,10.5,54.0,4.4
2025-12-12 19:00:00,2025,12,12,19,Lào Cai,Xã Khao Mang,21.9078898,103.9748758,57,Moderate,1,12.7,98,0.0,5.0,111,866.4,63,11.7,11.9,391.0,14.7,47.0,5.3
2025-12-12 20:00:00,2025,12,12,20,Lào Cai,Xã Khao Mang,21.9078898,103.9748758,55,Moderate,1,12.5,97,0.0,4.8,119,866.9,94,13.4,13.5,388.0,16.1,44.0,6.2
2025-12-12 21:00:00,2025,12,12,21,Lào Cai,Xã Khao Mang,21.9078898,103.9748758,54,Moderate,1,11.7,96,0.0,3.0,123,867.2,97,15.0,15.1,361.0,18.1,41.0,7.5
2025-12-12 22:00:00,2025,12,12,22,Lào Cai,Xã Khao Mang,21.9078898,103.9748758,53,Moderate,1,11.4,95,0.0,3.0,123,867.2,63,15.9,16.1,333.0,19.8,37.0,8.3
2025-12-12 23:00:00,2025,12,12,23,Lào Cai,Xã Khao Mang,21.9078898,103.9748758,52,Moderate,1,11.1,95,0.0,2.6,124,866.8,54,16.6,16.7,308.0,21.3,33.0,8.1
2025-12-13 00:00:00,2025,12,13,0,Lào Cai,Xã Khao Mang,21.9078898,103.9748758,52,Moderate,1,11.2,95,0.0,1.9,124,866.7,50,19.4,19.6,281.0,22.6,30.0,7.4
2025-12-13 01:00:00,2025,12,13,1,Lào Cai,Xã Khao Mang,21.9078898,103.9748758,52,Moderate,1,11.6,95,0.0,2.4,132,867.0,80,21.0,21.1,260.0,22.6,28.0,6.7
2025-12-13 02:00:00,2025,12,13,2,Lào Cai,Xã Khao Mang,21.9078898,103.9748758,52,Moderate,1,11.3,97,0.0,2.3,122,866.3,94,22.6,22.8,245.0,20.2,28.0,5.8
2025-12-13 03:00:00,2025,12,13,3,Lào Cai,Xã Khao Mang,21.9078898,103.9748758,52,Moderate,1,10.8,98,0.0,2.8,117,866.2,100,22.8,22.9,236.0,16.5,30.0,4.9
2025-12-13 04:00:00,2025,12,13,4,Lào Cai,Xã Khao Mang,21.9078898,103.9748758,52,Moderate,1,10.4,97,0.0,3.5,114,865.9,100,21.5,21.6,238.0,13.4,33.0,4.7
2025-12-13 05:00:00,2025,12,13,5,Lào Cai,Xã Khao Mang,21.9078898,103.9748758,52,Moderate,1,10.0,99,0.0,4.8,115,866.0,100,20.3,20.3,263.0,12.1,35.0,6.0
2025-12-13 06:00:00,2025,12,13,6,Lào Cai,Xã Khao Mang,21.9078898,103.9748758,52,Moderate,1,9.9,99,0.0,6.1,113,866.5,100,18.1,18.2,300.0,11.4,37.0,8.0
2025-12-13 07:00:00,2025,12,13,7,Lào Cai,Xã Khao Mang,21.9078898,103.9748758,52,Moderate,1,11.1,96,0.0,7.3,107,867.9,91,22.8,22.8,321.0,10.4,37.0,5.2
2025-12-13 08:00:00,2025,12,13,8,Lào Cai,Xã Khao Mang,21.9078898,103.9748758,54,Moderate,1,13.8,89,0.0,7.6,87,869.8,91,23.4,23.5,309.0,8.0,53.0,5.5
2025-12-13 09:00:00,2025,12,13,9,Lào Cai,Xã Khao Mang,21.9078898,103.9748758,55,Moderate,1,16.4,77,0.0,6.0,51,871.5,2,24.3,24.4,280.0,4.8,74.0,5.9
2025-12-13 10:00:00,2025,12,13,10,Lào Cai,Xã Khao Mang,21.9078898,103.9748758,57,Moderate,1,18.4,63,0.0,7.2,25,872.3,0,23.3,23.5,259.0,2.3,91.0,6.1
2025-12-13 11:00:00,2025,12,13,11,Lào Cai,Xã Khao Mang,21.9078898,103.9748758,58,Moderate,1,19.6,52,0.0,10.9,29,872.4,1,20.8,21.0,255.0,1.3,99.0,5.6
2025-12-13 12:00:00,2025,12,13,12,Lào Cai,Xã Khao Mang,21.9078898,103.9748758,59,Moderate,1,19.6,52,0.0,14.2,38,871.8,25,14.2,14.3,258.0,1.0,101.0,4.9
2025-12-13 13:00:00,2025,12,13,13,Lào Cai,Xã Khao Mang,21.9078898,103.9748758,59,Moderate,1,20.0,49,0.0,12.6,41,871.1,19,11.4,11.5,263.0,1.0,103.0,4.8
2025-12-13 14:00:00,2025,12,13,14,Lào Cai,Xã Khao Mang,21.9078898,103.9748758,60,Moderate,1,18.6,56,0.0,15.0,43,869.9,59,12.5,12.6,258.0,1.1,105.0,5.8
2025-12-13 15:00:00,2025,12,13,15,Lào Cai,Xã Khao Mang,21.9078898,103.9748758,60,Moderate,1,17.7,60,0.0,14.4,54,869.6,60,11.4,11.4,255.0,1.4,105.0,7.4
2025-12-13 16:00:00,2025,12,13,16,Lào Cai,Xã Khao Mang,21.9078898,103.9748758,61,Moderate,1,16.9,65,0.0,13.4,58,869.5,66,16.9,17.1,279.0,2.0,104.0,9.2
2025-12-13 17:00:00,2025,12,13,17,Lào Cai,Xã Khao Mang,21.9078898,103.9748758,61,Moderate,1,15.3,74,0.0,10.7,63,869.4,23,14.9,15.0,352.0,3.1,101.0,11.3
2025-12-13 18:00:00,2025,12,13,18,Lào Cai,Xã Khao Mang,21.9078898,103.9748758,62,Moderate,1,14.0,81,0.0,10.1,70,869.7,48,15.3,15.3,453.0,4.4,97.0,13.6
2025-12-13 19:00:00,2025,12,13,19,Lào Cai,Xã Khao Mang,21.9078898,103.9748758,63,Moderate,1,13.6,87,0.0,7.6,86,870.1,17,17.1,17.1,537.0,5.2,76.0,15.1
2025-12-13 20:00:00,2025,12,13,20,Lào Cai,Xã Khao Mang,21.9078898,103.9748758,63,Moderate,1,13.0,86,0.0,6.5,92,870.8,35,19.6,19.7,590.0,5.1,75.0,16.4
2025-12-13 21:00:00,2025,12,13,21,Lào Cai,Xã Khao Mang,21.9078898,103.9748758,64,Moderate,1,12.6,85,0.0,6.1,93,871.2,34,22.2,22.2,626.0,5.0,74.0,18.1
2025-12-13 22:00:00,2025,12,13,22,Lào Cai,Xã Khao Mang,21.9078898,103.9748758,64,Moderate,1,12.2,87,0.0,6.7,88,871.2,59,24.1,24.2,650.0,4.9,72.0,19.2
2025-12-13 23:00:00,2025,12,13,23,Lào Cai,Xã Khao Mang,21.9078898,103.9748758,65,Moderate,1,12.3,85,0.0,6.9,81,871.3,48,25.2,25.3,658.0,5.0,68.0,19.1
2025-12-14 00:00:00,2025,12,14,0,Lào Cai,Xã Khao Mang,21.9078898,103.9748758,66,Moderate,1,11.8,85,0.0,6.1,85,871.1,53,25.6,25.7,653.0,5.1,62.0,18.4
2025-12-14 01:00:00,2025,12,14,1,Lào Cai,Xã Khao Mang,21.9078898,103.9748758,66,Moderate,1,12.4,84,0.0,7.2,77,870.8,59,25.7,25.7,649.0,5.2,58.0,17.8
2025-12-14 02:00:00,2025,12,14,2,Lào Cai,Xã Khao Mang,21.9078898,103.9748758,67,Moderate,1,12.2,82,0.0,7.4,76,870.2,63,25.6,25.6,647.0,5.1,56.0,17.5
2025-12-14 03:00:00,2025,12,14,3,Lào Cai,Xã Khao Mang,21.9078898,103.9748758,67,Moderate,1,12.1,81,0.0,7.0,77,870.3,54,25.2,25.3,645.0,4.8,55.0,17.3
2025-12-14 04:00:00,2025,12,14,4,Lào Cai,Xã Khao Mang,21.9078898,103.9748758,67,Moderate,1,11.8,83,0.0,6.6,73,869.8,27,25.1,25.1,649.0,4.7,54.0,17.3
2025-12-14 05:00:00,2025,12,14,5,Lào Cai,Xã Khao Mang,21.9078898,103.9748758,67,Moderate,1,11.1,86,0.0,5.7,77,869.5,30,25.0,25.1,670.0,4.9,53.0,17.6
2025-12-14 06:00:00,2025,12,14,6,Lào Cai,Xã Khao Mang,21.9078898,103.9748758,68,Moderate,1,10.7,88,0.0,5.2,78,869.8,51,24.4,24.4,697.0,5.2,53.0,18.0
2025-12-14 07:00:00,2025,12,14,7,Lào Cai,Xã Khao Mang,21.9078898,103.9748758,68,Moderate,1,12.0,86,0.0,6.8,50,871.2,100,13.5,13.6,706.0,7.2,47.0,18.2
2025-12-14 08:00:00,2025,12,14,8,Lào Cai,Xã Khao Mang,21.9078898,103.9748758,68,Moderate,1,12.2,84,0.0,7.3,44,871.9,93,11.1,11.1,680.0,5.8,59.0,18.7
2025-12-14 09:00:00,2025,12,14,9,Lào Cai,Xã Khao Mang,21.9078898,103.9748758,67,Moderate,1,13.1,80,0.0,8.0,52,873.0,85,10.5,10.6,637.0,3.8,75.0,19.4
2025-12-14 10:00:00,2025,12,14,10,Lào Cai,Xã Khao Mang,21.9078898,103.9748758,65,Moderate,1,15.0,69,0.0,7.0,48,873.7,66,10.2,10.3,601.0,2.3,88.0,19.5
2025-12-14 11:00:00,2025,12,14,11,Lào Cai,Xã Khao Mang,21.9078898,103.9748758,64,Moderate,1,16.4,64,0.0,5.8,22,873.3,60,10.6,10.7,581.0,1.8,95.0,18.5
2025-12-14 12:00:00,2025,12,14,12,Lào Cai,Xã Khao Mang,21.9078898,103.9748758,63,Moderate,1,17.3,62,0.0,6.0,357,872.5,100,11.5,11.5,568.0,1.7,99.0,16.9
2025-12-14 13:00:00,2025,12,14,13,Lào Cai,Xã Khao Mang,21.9078898,103.9748758,63,Moderate,1,16.7,65,0.0,4.7,4,871.2,97,12.6,12.6,565.0,1.8,102.0,15.5
2025-12-14 14:00:00,2025,12,14,14,Lào Cai,Xã Khao Mang,21.9078898,103.9748758,63,Moderate,1,16.2,68,0.0,7.1,16,870.2,93,13.7,13.8,574.0,1.6,105.0,14.5
2025-12-14 15:00:00,2025,12,14,15,Lào Cai,Xã Khao Mang,21.9078898,103.9748758,63,Moderate,1,15.7,70,0.0,6.6,16,869.6,58,14.8,14.8,591.0,1.4,107.0,13.7
2025-12-14 16:00:00,2025,12,14,16,Lào Cai,Xã Khao Mang,21.9078898,103.9748758,64,Moderate,1,15.3,71,0.0,5.1,17,869.2,63,15.6,15.7,610.0,2.2,105.0,13.3
2025-12-14 17:00:00,2025,12,14,17,Lào Cai,Xã Khao Mang,21.9078898,103.9748758,63,Moderate,1,14.3,77,0.0,2.2,9,868.9,100,16.3,16.4,627.0,4.7,98.0,13.4
2025-12-14 18:00:00,2025,12,14,18,Lào Cai,Xã Khao Mang,21.9078898,103.9748758,64,Moderate,1,13.3,82,0.0,1.7,32,868.8,100,18.2,18.3,644.0,8.1,87.0,13.9
2025-12-14 19:00:00,2025,12,14,19,Lào Cai,Xã Khao Mang,21.9078898,103.9748758,64,Moderate,1,13.7,89,0.0,1.4,113,869.1,99,19.7,19.8,666.0,8.7,67.0,13.0
2025-12-14 20:00:00,2025,12,14,20,Lào Cai,Xã Khao Mang,21.9078898,103.9748758,64,Moderate,1,13.4,90,0.0,1.4,90,869.4,73,21.2,21.4,697.0,9.5,65.0,13.7
2025-12-14 21:00:00,2025,12,14,21,Lào Cai,Xã Khao Mang,21.9078898,103.9748758,64,Moderate,1,12.6,94,0.0,2.3,45,869.5,46,22.3,22.5,732.0,10.7,63.0,14.6
2025-12-14 22:00:00,2025,12,14,22,Lào Cai,Xã Khao Mang,21.9078898,103.9748758,64,Moderate,1,12.4,94,0.0,2.2,35,869.7,73,23.8,24.0,756.0,11.6,61.0,15.1
2025-12-14 23:00:00,2025,12,14,23,Lào Cai,Xã Khao Mang,21.9078898,103.9748758,64,Moderate,1,11.7,95,0.0,1.4,40,869.5,100,25.6,25.8,764.0,12.1,59.0,14.8
2025-12-15 00:00:00,2025,12,15,0,Lào Cai,Xã Khao Mang,21.9078898,103.9748758,64,Moderate,1,11.7,94,0.0,1.7,41,869.5,82,27.1,27.4,761.0,12.3,57.0,14.2
2025-12-15 01:00:00,2025,12,15,1,Lào Cai,Xã Khao Mang,21.9078898,103.9748758,64,Moderate,1,11.6,96,0.0,1.7,302,869.4,100,27.2,27.5,747.0,12.3,56.0,13.6
2025-12-15 02:00:00,2025,12,15,2,Lào Cai,Xã Khao Mang,21.9078898,103.9748758,64,Moderate,1,11.5,96,0.0,0.5,360,868.8,100,27.6,27.9,717.0,11.7,56.0,13.3
2025-12-15 03:00:00,2025,12,15,3,Lào Cai,Xã Khao Mang,21.9078898,103.9748758,65,Moderate,1,11.1,97,0.0,0.0,270,868.3,98,28.5,28.9,676.0,10.9,56.0,13.0
2025-12-15 04:00:00,2025,12,15,4,Lào Cai,Xã Khao Mang,21.9078898,103.9748758,65,Moderate,1,10.4,100,0.0,0.4,90,867.8,99,29.7,30.2,635.0,10.4,55.0,12.6
2025-12-15 05:00:00,2025,12,15,5,Lào Cai,Xã Khao Mang,21.9078898,103.9748758,65,Moderate,1,9.9,100,0.0,3.0,107,867.6,100,30.5,31.0,600.0,11.0,48.0,11.6
2025-12-15 06:00:00,2025,12,15,6,Lào Cai,Xã Khao Mang,21.9078898,103.9748758,66,Moderate,1,9.6,100,0.0,3.9,112,867.5,100,31.4,31.9,567.0,11.9,40.0,10.4
2025-12-15 07:00:00,2025,12,15,7,Lào Cai,Xã Khao Mang,21.9078898,103.9748758,66,Moderate,1,10.3,99,0.0,1.4,157,868.7,100,18.0,18.0,531.0,11.8,30.0,7.8
2025-12-15 08:00:00,2025,12,15,8,Lào Cai,Xã Khao Mang,21.9078898,103.9748758,67,Moderate,1,11.1,95,0.0,1.5,60,869.6,71,13.2,13.3,488.0,9.0,51.0,8.8
2025-12-15 09:00:00,2025,12,15,9,Lào Cai,Xã Khao Mang,21.9078898,103.9748758,67,Moderate,1,13.3,80,0.0,2.8,310,871.0,30,9.4,9.5,444.0,5.1,79.0,10.1
2025-12-15 10:00:00,2025,12,15,10,Lào Cai,Xã Khao Mang,21.9078898,103.9748758,67,Moderate,1,14.8,73,0.0,5.8,296,871.7,36,8.6,8.7,410.0,2.1,100.0,10.7
2025-12-15 11:00:00,2025,12,15,11,Lào Cai,Xã Khao Mang,21.9078898,103.9748758,67,Moderate,1,15.6,71,0.0,7.3,293,871.0,16,8.0,8.2,396.0,1.0,107.0,9.9
2025-12-15 12:00:00,2025,12,15,12,Lào Cai,Xã Khao Mang,21.9078898,103.9748758,67,Moderate,1,16.6,66,0.0,8.1,294,870.2,15,7.5,7.7,392.0,0.9,107.0,8.4
2025-12-15 13:00:00,2025,12,15,13,Lào Cai,Xã Khao Mang,21.9078898,103.9748758,66,Moderate,1,16.9,64,0.0,6.5,298,869.6,25,7.0,7.2,384.0,0.9,106.0,7.1
2025-12-15 14:00:00,2025,12,15,14,Lào Cai,Xã Khao Mang,21.9078898,103.9748758,66,Moderate,1,16.6,64,0.0,7.2,283,868.6,34,6.7,6.9,357.0,0.4,107.0,6.1
2025-12-15 15:00:00,2025,12,15,15,Lào Cai,Xã Khao Mang,21.9078898,103.9748758,65,Moderate,1,16.6,62,0.0,7.7,281,868.1,19,6.4,6.7,326.0,0.0,107.0,5.3
2025-12-15 16:00:00,2025,12,15,16,Lào Cai,Xã Khao Mang,21.9078898,103.9748758,64,Moderate,1,16.0,65,0.0,7.2,276,867.8,23,6.6,6.8,323.0,1.3,103.0,5.4
2025-12-15 17:00:00,2025,12,15,17,Lào Cai,Xã Khao Mang,21.9078898,103.9748758,64,Moderate,1,14.5,78,0.0,1.5,291,867.3,12,8.6,8.8,377.0,5.6,93.0,7.1
2025-12-15 18:00:00,2025,12,15,18,Lào Cai,Xã Khao Mang,21.9078898,103.9748758,63,Moderate,1,12.3,82,0.0,2.1,110,866.4,3,13.1,13.3,460.0,11.6,80.0,9.7
2025-12-15 19:00:00,2025,12,15,19,Lào Cai,Xã Khao Mang,21.9078898,103.9748758,62,Moderate,1,11.0,90,0.0,4.5,113,866.3,9,21.7,22.2,516.0,16.1,63.0,10.3
2025-12-15 20:00:00,2025,12,15,20,Lào Cai,Xã Khao Mang,21.9078898,103.9748758,63,Moderate,1,10.2,92,0.0,3.6,123,866.3,32,24.4,24.9,518.0,16.9,60.0,11.6
2025-12-15 21:00:00,2025,12,15,21,Lào Cai,Xã Khao Mang,21.9078898,103.9748758,63,Moderate,1,9.7,93,0.0,2.4,126,866.6,52,27.1,27.5,494.0,18.0,57.0,13.4
2025-12-15 22:00:00,2025,12,15,22,Lào Cai,Xã Khao Mang,21.9078898,103.9748758,63,Moderate,1,9.2,95,0.0,2.9,120,866.5,59,29.5,29.9,468.0,18.6,54.0,14.6
2025-12-15 23:00:00,2025,12,15,23,Lào Cai,Xã Khao Mang,21.9078898,103.9748758,64,Moderate,1,8.8,95,0.0,3.6,117,866.0,62,31.1,31.5,450.0,18.4,52.0,14.4
2025-12-16 00:00:00,2025,12,16,0,Lào Cai,Xã Khao Mang,21.9078898,103.9748758,64,Moderate,1,8.3,96,0.0,3.5,118,865.4,62,35.5,35.9,430.0,17.6,50.0,13.6
2025-12-16 01:00:00,2025,12,16,1,Lào Cai,Xã Khao Mang,21.9078898,103.9748758,65,Moderate,1,8.6,95,0.0,2.3,122,865.8,60,35.0,35.4,410.0,16.1,52.0,13.3
2025-12-16 02:00:00,2025,12,16,2,Lào Cai,Xã Khao Mang,21.9078898,103.9748758,66,Moderate,1,8.6,95,0.0,2.6,115,865.4,43,35.2,35.5,384.0,13.5,59.0,14.2
2025-12-16 03:00:00,2025,12,16,3,Lào Cai,Xã Khao Mang,21.9078898,103.9748758,66,Moderate,1,8.3,97,0.0,2.9,120,865.0,28,35.2,35.5,357.0,10.2,69.0,15.6
2025-12-16 04:00:00,2025,12,16,4,Lào Cai,Xã Khao Mang,21.9078898,103.9748758,67,Moderate,1,8.4,95,0.0,2.9,120,865.2,11,34.7,35.2,349.0,7.7,76.0,16.7
2025-12-16 05:00:00,2025,12,16,5,Lào Cai,Xã Khao Mang,21.9078898,103.9748758,67,Moderate,1,8.8,92,0.0,2.9,120,865.5,2,35.5,35.9,379.0,6.8,75.0,17.0
2025-12-16 06:00:00,2025,12,16,6,Lào Cai,Xã Khao Mang,21.9078898,103.9748758,68,Moderate,1,8.8,92,0.0,2.2,114,865.7,0,35.9,36.1,426.0,6.7,71.0,17.0
2025-12-16 07:00:00,2025,12,16,7,Lào Cai,Xã Khao Mang,21.9078898,103.9748758,68,Moderate,1,9.5,89,0.0,1.7,131,866.4,5,24.9,25.0,451.0,7.8,60.0,12.9
2025-12-16 08:00:00,2025,12,16,8,Lào Cai,Xã Khao Mang,21.9078898,103.9748758,69,Moderate,1,13.1,80,0.0,0.4,90,868.6,2,23.7,23.9,429.0,6.2,73.0,14.0
2025-12-16 09:00:00,2025,12,16,9,Lào Cai,Xã Khao Mang,21.9078898,103.9748758,70,Moderate,1,14.9,73,0.0,3.3,311,869.9,1,19.0,19.3,384.0,4.0,92.0,15.5
2025-12-16 10:00:00,2025,12,16,10,Lào Cai,Xã Khao Mang,21.9078898,103.9748758,71,Moderate,1,16.3,69,0.0,6.2,296,870.4,1,15.3,15.5,347.0,2.3,105.0,15.9
2025-12-16 11:00:00,2025,12,16,11,Lào Cai,Xã Khao Mang,21.9078898,103.9748758,71,Moderate,1,17.6,65,0.0,7.7,286,870.3,45,14.2,14.4,328.0,1.6,109.0,14.2
2025-12-16 12:00:00,2025,12,16,12,Lào Cai,Xã Khao Mang,21.9078898,103.9748758,72,Moderate,1,18.3,62,0.0,9.5,279,869.6,48,13.0,13.2,316.0,1.3,108.0,11.4
2025-12-16 13:00:00,2025,12,16,13,Lào Cai,Xã Khao Mang,21.9078898,103.9748758,72,Moderate,1,18.4,61,0.0,9.0,272,868.9,16,11.5,11.6,308.0,1.3,106.0,9.6
2025-12-16 14:00:00,2025,12,16,14,Lào Cai,Xã Khao Mang,21.9078898,103.9748758,73,Moderate,1,18.3,63,0.0,9.1,263,868.2,24,13.5,13.6,296.0,1.2,107.0,9.6
2025-12-16 15:00:00,2025,12,16,15,Lào Cai,Xã Khao Mang,21.9078898,103.9748758,73,Moderate,1,18.1,64,0.0,8.4,259,867.6,14,15.9,16.1,287.0,1.4,107.0,10.6
2025-12-16 16:00:00,2025,12,16,16,Lào Cai,Xã Khao Mang,21.9078898,103.9748758,74,Moderate,1,17.6,66,0.0,6.7,265,867.5,21,18.0,18.3,304.0,2.3,104.0,12.0
2025-12-16 17:00:00,2025,12,16,17,Lào Cai,Xã Khao Mang,21.9078898,103.9748758,75,Moderate,1,15.6,80,0.0,2.8,305,867.1,5,22.8,23.1,369.0,4.8,94.0,13.8
2025-12-16 18:00:00,2025,12,16,18,Lào Cai,Xã Khao Mang,21.9078898,103.9748758,76,Moderate,1,13.5,87,0.0,1.1,72,867.0,13,27.1,27.4,460.0,8.1,79.0,15.9
2025-12-16 19:00:00,2025,12,16,19,Lào Cai,Xã Khao Mang,21.9078898,103.9748758,78,Moderate,1,12.8,88,0.0,3.8,109,867.4,20,28.2,28.5,531.0,11.7,61.0,13.4
2025-12-16 20:00:00,2025,12,16,20,Lào Cai,Xã Khao Mang,21.9078898,103.9748758,78,Moderate,1,12.4,88,0.0,4.0,95,867.9,30,31.3,31.5,566.0,11.6,58.0,14.5
2025-12-16 21:00:00,2025,12,16,21,Lào Cai,Xã Khao Mang,21.9078898,103.9748758,79,Moderate,1,11.8,91,0.0,4.5,95,868.3,35,33.9,34.1,581.0,11.5,53.0,16.0
2025-12-16 22:00:00,2025,12,16,22,Lào Cai,Xã Khao Mang,21.9078898,103.9748758,79,Moderate,1,11.3,91,0.0,5.4,98,868.7,32,35.9,36.1,576.0,11.4,48.0,16.9
2025-12-16 23:00:00,2025,12,16,23,Lào Cai,Xã Khao Mang,21.9078898,103.9748758,80,Moderate,1,10.5,94,0.0,5.3,100,868.2,36,37.3,37.5,538.0,11.3,44.0,16.8
2025-12-17 00:00:00,2025,12,17,0,Lào Cai,Xã Khao Mang,21.9078898,103.9748758,81,Moderate,1,10.4,92,0.0,5.3,98,868.4,42,38.2,38.3,480.0,11.1,39.0,16.2
2025-12-17 01:00:00,2025,12,17,1,Lào Cai,Xã Khao Mang,21.9078898,103.9748758,81,Moderate,1,10.6,95,0.0,7.6,82,869.1,94,38.1,38.2,437.0,10.7,37.0,15.7
2025-12-17 02:00:00,2025,12,17,2,Lào Cai,Xã Khao Mang,21.9078898,103.9748758,81,Moderate,1,10.7,95,0.0,8.0,85,869.0,65,34.8,34.9,424.0,9.8,37.0,15.7
2025-12-17 03:00:00,2025,12,17,3,Lào Cai,Xã Khao Mang,21.9078898,103.9748758,81,Moderate,1,10.9,93,0.0,7.7,87,868.8,60,29.9,30.0,425.0,8.7,39.0,15.8
2025-12-17 04:00:00,2025,12,17,4,Lào Cai,Xã Khao Mang,21.9078898,103.9748758,81,Moderate,1,11.1,91,0.0,6.5,85,869.0,92,25.5,25.6,431.0,7.7,42.0,15.9
2025-12-17 05:00:00,2025,12,17,5,Lào Cai,Xã Khao Mang,21.9078898,103.9748758,80,Moderate,1,10.7,93,0.0,6.7,90,869.0,91,22.6,22.7,445.0,7.1,46.0,16.1
2025-12-17 06:00:00,2025,12,17,6,Lào Cai,Xã Khao Mang,21.9078898,103.9748758,79,Moderate,1,11.0,91,0.0,6.3,88,869.5,83,21.2,21.4,464.0,6.5,50.0,16.3
2025-12-17 07:00:00,2025,12,17,7,Lào Cai,Xã Khao Mang,21.9078898,103.9748758,77,Moderate,1,11.3,91,0.0,5.5,101,870.3,45,18.1,18.2,467.0,6.4,53.0,16.4
2025-12-17 08:00:00,2025,12,17,8,Lào Cai,Xã Khao Mang,21.9078898,103.9748758,77,Moderate,1,13.1,81,0.0,5.6,75,871.5,42,16.4,16.5,441.0,5.3,62.0,14.6
2025-12-17 09:00:00,2025,12,17,9,Lào Cai,Xã Khao Mang,21.9078898,103.9748758,76,Moderate,1,14.6,74,0.0,6.4,58,872.6,27,15.8,15.9,400.0,3.8,75.0,12.1
2025-12-17 10:00:00,2025,12,17,10,Lào Cai,Xã Khao Mang,21.9078898,103.9748758,76,Moderate,1,16.6,62,0.0,6.1,43,873.2,59,17.5,17.6,364.0,2.6,86.0,9.6
2025-12-17 11:00:00,2025,12,17,11,Lào Cai,Xã Khao Mang,21.9078898,103.9748758,76,Moderate,1,17.1,63,0.2,6.4,18,872.5,40,23.9,24.3,339.0,1.9,91.0,7.3
2025-12-17 12:00:00,2025,12,17,12,Lào Cai,Xã Khao Mang,21.9078898,103.9748758,77,Moderate,1,18.0,58,0.2,4.5,5,871.7,41,20.4,20.7,320.0,1.5,94.0,5.2
2025-12-17 13:00:00,2025,12,17,13,Lào Cai,Xã Khao Mang,21.9078898,103.9748758,77,Moderate,1,17.6,58,0.3,3.2,360,871.1,41,19.6,19.9,308.0,1.2,96.0,3.5
2025-12-17 14:00:00,2025,12,17,14,Lào Cai,Xã Khao Mang,21.9078898,103.9748758,78,Moderate,1,17.3,61,0.1,4.8,13,870.1,38,18.5,18.8,306.0,0.9,97.0,2.6
2025-12-17 15:00:00,2025,12,17,15,Lào Cai,Xã Khao Mang,21.9078898,103.9748758,79,Moderate,1,17.4,58,0.1,4.7,28,869.8,34,17.8,18.0,312.0,0.8,97.0,2.2
2025-12-17 16:00:00,2025,12,17,16,Lào Cai,Xã Khao Mang,21.9078898,103.9748758,79,Moderate,1,16.7,62,0.0,5.7,32,869.5,28,17.3,17.6,324.0,1.5,94.0,2.1
2025-12-17 17:00:00,2025,12,17,17,Lào Cai,Xã Khao Mang,21.9078898,103.9748758,79,Moderate,1,14.9,75,0.0,3.3,36,869.3,34,17.4,17.6,348.0,3.7,86.0,2.5
2025-12-17 18:00:00,2025,12,17,18,Lào Cai,Xã Khao Mang,21.9078898,103.9748758,78,Moderate,1,13.0,85,0.0,5.1,73,869.3,35,18.9,19.0,378.0,6.7,75.0,3.3
2025-12-17 19:00:00,2025,12,17,19,Lào Cai,Xã Khao Mang,21.9078898,103.9748758,78,Moderate,1,12.0,95,0.0,5.0,92,869.6,22,21.4,21.5,393.0,9.3,58.0,4.1
2025-12-17 20:00:00,2025,12,17,20,Lào Cai,Xã Khao Mang,21.9078898,103.9748758,77,Moderate,1,11.8,95,0.0,6.7,85,869.8,26,21.4,21.5,379.0,9.0,55.0,4.0
2025-12-17 21:00:00,2025,12,17,21,Lào Cai,Xã Khao Mang,21.9078898,103.9748758,76,Moderate,1,11.6,94,0.0,7.0,91,870.2,9,17.1,17.2,350.0,8.6,51.0,3.8
2025-12-17 22:00:00,2025,12,17,22,Lào Cai,Xã Khao Mang,21.9078898,103.9748758,75,Moderate,1,11.2,92,0.0,6.7,92,870.2,7,11.1,11.2,328.0,7.9,49.0,3.7
2025-12-17 23:00:00,2025,12,17,23,Lào Cai,Xã Khao Mang,21.9078898,103.9748758,72,Moderate,1,10.9,93,0.0,6.8,92,870.0,20,7.1,7.1,320.0,6.8,51.0,3.5
2025-12-18 00:00:00,2025,12,18,0,Lào Cai,Xã Khao Mang,21.9078898,103.9748758,70,Moderate,1,11.0,93,0.0,6.8,88,869.9,44,4.4,4.4,318.0,5.5,56.0,3.4
2025-12-18 01:00:00,2025,12,18,1,Lào Cai,Xã Khao Mang,21.9078898,103.9748758,67,Moderate,1,11.0,94,0.0,4.0,90,869.7,31,3.5,3.6,325.0,4.5,58.0,3.3
2025-12-18 02:00:00,2025,12,18,2,Lào Cai,Xã Khao Mang,21.9078898,103.9748758,64,Moderate,1,11.4,93,0.0,4.2,59,869.6,26,2.8,2.8,344.0,4.0,56.0,3.3
2025-12-18 03:00:00,2025,12,18,3,Lào Cai,Xã Khao Mang,21.9078898,103.9748758,61,Moderate,1,11.0,92,0.0,3.9,66,869.1,7,2.1,2.1,373.0,3.9,53.0,3.3
2025-12-18 04:00:00,2025,12,18,4,Lào Cai,Xã Khao Mang,21.9078898,103.9748758,58,Moderate,1,10.7,92,0.0,2.9,79,868.8,9,2.0,2.0,399.0,3.8,51.0,3.6
2025-12-18 05:00:00,2025,12,18,5,Lào Cai,Xã Khao Mang,21.9078898,103.9748758,56,Moderate,1,10.3,91,0.0,3.7,79,868.8,24,2.5,2.5,424.0,3.9,53.0,4.2
2025-12-18 06:00:00,2025,12,18,6,Lào Cai,Xã Khao Mang,21.9078898,103.9748758,54,Moderate,1,10.2,92,0.0,3.8,90,869.1,17,3.2,3.2,447.0,4.0,56.0,5.0
2025-12-18 07:00:00,2025,12,18,7,Lào Cai,Xã Khao Mang,21.9078898,103.9748758,53,Moderate,1,11.3,91,0.0,3.1,118,869.8,9,5.5,5.5,459.0,5.7,49.0,5.1
2025-12-18 08:00:00,2025,12,18,8,Lào Cai,Xã Khao Mang,21.9078898,103.9748758,52,Moderate,1,12.6,84,0.0,2.8,79,870.8,7,5.9,5.9,454.0,5.0,56.0,5.8
2025-12-18 09:00:00,2025,12,18,9,Lào Cai,Xã Khao Mang,21.9078898,103.9748758,51,Moderate,1,14.2,73,0.0,1.2,333,871.9,60,7.9,7.9,437.0,4.0,65.0,6.8
2025-12-18 10:00:00,2025,12,18,10,Lào Cai,Xã Khao Mang,21.9078898,103.9748758,50,Good,0,14.8,73,0.1,4.8,307,872.1,41,8.5,8.6,418.0,3.1,74.0,7.4
2025-12-18 11:00:00,2025,12,18,11,Lào Cai,Xã Khao Mang,21.9078898,103.9748758,49,Good,0,15.5,72,0.4,5.4,284,871.9,45,11.1,11.2,398.0,2.4,82.0,7.3
2025-12-18 12:00:00,2025,12,18,12,Lào Cai,Xã Khao Mang,21.9078898,103.9748758,46,Good,0,14.5,84,1.6,7.0,280,870.1,76,11.0,11.1,375.0,1.9,89.0,6.8
2025-12-18 13:00:00,2025,12,18,13,Lào Cai,Xã Khao Mang,21.9078898,103.9748758,45,Good,0,14.7,86,0.4,4.3,287,869.5,97,9.6,9.7,351.0,1.5,94.0,6.2
2025-12-18 14:00:00,2025,12,18,14,Lào Cai,Xã Khao Mang,21.9078898,103.9748758,43,Good,0,15.6,77,0.1,6.9,265,868.9,98,9.1,9.2,316.0,0.8,97.0,5.3
2025-12-18 15:00:00,2025,12,18,15,Lào Cai,Xã Khao Mang,21.9078898,103.9748758,41,Good,0,15.5,74,0.1,5.8,268,868.1,92,8.1,8.3,280.0,0.3,99.0,4.3
2025-12-18 16:00:00,2025,12,18,16,Lào Cai,Xã Khao Mang,21.9078898,103.9748758,40,Good,0,15.1,74,0.1,4.5,272,867.6,21,7.9,8.1,278.0,1.6,96.0,4.0
2025-12-18 17:00:00,2025,12,18,17,Lào Cai,Xã Khao Mang,21.9078898,103.9748758,40,Good,0,13.7,85,0.0,1.9,304,867.2,20,8.5,8.8,342.0,6.1,87.0,4.9
2025-12-18 18:00:00,2025,12,18,18,Lào Cai,Xã Khao Mang,21.9078898,103.9748758,42,Good,0,12.3,87,0.0,0.3,135,866.4,22,12.8,13.0,440.0,12.4,73.0,6.5
2025-12-18 19:00:00,2025,12,18,19,Lào Cai,Xã Khao Mang,21.9078898,103.9748758,42,Good,0,10.7,94,0.0,2.8,117,866.0,27,19.4,19.6,504.0,17.6,57.0,8.4
2025-12-18 20:00:00,2025,12,18,20,Lào Cai,Xã Khao Mang,21.9078898,103.9748758,40,Good,0,10.8,93,0.0,0.6,124,866.7,40,22.3,22.5,503.0,19.0,54.0,9.3
2025-12-18 21:00:00,2025,12,18,21,Lào Cai,Xã Khao Mang,21.9078898,103.9748758,38,Good,0,10.5,91,0.0,0.8,117,866.9,20,23.6,23.9,468.0,21.0,49.0,10.6
2025-12-18 22:00:00,2025,12,18,22,Lào Cai,Xã Khao Mang,21.9078898,103.9748758,36,Good,0,10.3,90,0.0,0.6,124,866.8,21,24.3,24.6,431.0,22.4,45.0,11.5
2025-12-18 23:00:00,2025,12,18,23,Lào Cai,Xã Khao Mang,21.9078898,103.9748758,39,Good,0,9.9,89,0.0,1.0,121,866.7,24,24.6,24.9,399.0,22.9,42.0,11.7
2025-12-19 00:00:00,2025,12,19,0,Lào Cai,Xã Khao Mang,21.9078898,103.9748758,42,Good,0,10.2,89,0.0,1.2,117,866.4,11,24.4,24.7,363.0,23.0,41.0,11.5
2025-12-19 01:00:00,2025,12,19,1,Lào Cai,Xã Khao Mang,21.9078898,103.9748758,45,Good,0,10.9,89,0.0,0.3,135,867.0,58,24.2,24.4,332.0,22.6,39.0,11.0
2025-12-19 02:00:00,2025,12,19,2,Lào Cai,Xã Khao Mang,21.9078898,103.9748758,49,Good,0,10.7,91,0.0,0.8,117,866.5,57,26.0,26.3,303.0,21.8,38.0,10.0
2025-12-19 03:00:00,2025,12,19,3,Lào Cai,Xã Khao Mang,21.9078898,103.9748758,51,Moderate,1,10.7,91,0.0,1.6,117,866.2,63,27.8,28.1,278.0,20.5,37.0,8.6
2025-12-19 04:00:00,2025,12,19,4,Lào Cai,Xã Khao Mang,21.9078898,103.9748758,54,Moderate,1,10.7,91,0.0,1.6,117,865.8,37,28.5,28.9,271.0,19.2,35.0,7.3
2025-12-19 05:00:00,2025,12,19,5,Lào Cai,Xã Khao Mang,21.9078898,103.9748758,56,Moderate,1,10.2,92,0.0,1.9,119,865.5,49,28.2,28.5,300.0,18.2,29.0,6.0
2025-12-19 06:00:00,2025,12,19,6,Lào Cai,Xã Khao Mang,21.9078898,103.9748758,58,Moderate,1,9.9,93,0.0,2.4,117,865.5,48,27.5,27.8,346.0,17.2,21.0,4.8
2025-12-19 07:00:00,2025,12,19,7,Lào Cai,Xã Khao Mang,21.9078898,103.9748758,61,Moderate,1,9.0,97,0.0,2.7,132,865.8,80,20.0,20.1,370.0,17.2,22.0,4.8
2025-12-19 08:00:00,2025,12,19,8,Lào Cai,Xã Khao Mang,21.9078898,103.9748758,62,Moderate,1,11.1,95,0.0,2.0,135,867.3,14,18.0,18.1,346.0,12.7,42.0,4.6
2025-12-19 09:00:00,2025,12,19,9,Lào Cai,Xã Khao Mang,21.9078898,103.9748758,63,Moderate,1,13.4,83,0.0,3.4,270,868.7,32,8.5,8.6,298.0,6.5,70.0,4.4
2025-12-19 10:00:00,2025,12,19,10,Lào Cai,Xã Khao Mang,21.9078898,103.9748758,63,Moderate,1,14.8,77,0.0,5.7,279,869.3,44,7.5,7.7,262.0,1.9,91.0,4.1
2025-12-19 11:00:00,2025,12,19,11,Lào Cai,Xã Khao Mang,21.9078898,103.9748758,63,Moderate,1,15.8,71,0.0,7.8,289,869.0,45,6.2,6.3,252.0,0.5,97.0,3.7
2025-12-19 12:00:00,2025,12,19,12,Lào Cai,Xã Khao Mang,21.9078898,103.9748758,62,Moderate,1,16.1,71,0.0,8.6,296,868.0,50,5.8,5.9,253.0,0.6,96.0,3.2
2025-12-19 13:00:00,2025,12,19,13,Lào Cai,Xã Khao Mang,21.9078898,103.9748758,62,Moderate,1,17.1,63,0.1,8.9,284,867.2,34,6.0,6.1,255.0,0.9,95.0,2.8
2025-12-19 14:00:00,2025,12,19,14,Lào Cai,Xã Khao Mang,21.9078898,103.9748758,62,Moderate,1,17.1,63,0.0,9.4,283,866.3,33,5.9,6.0,246.0,0.4,96.0,2.4
2025-12-19 15:00:00,2025,12,19,15,Lào Cai,Xã Khao Mang,21.9078898,103.9748758,61,Moderate,1,16.7,64,0.0,7.2,292,865.5,25,5.6,5.7,237.0,0.1,97.0,2.1
2025-12-19 16:00:00,2025,12,19,16,Lào Cai,Xã Khao Mang,21.9078898,103.9748758,61,Moderate,1,16.1,68,0.0,6.4,299,864.9,36,5.9,6.0,250.0,1.2,94.0,2.2
2025-12-19 17:00:00,2025,12,19,17,Lào Cai,Xã Khao Mang,21.9078898,103.9748758,61,Moderate,1,14.4,81,0.0,2.2,336,864.5,24,7.2,7.3,308.0,5.2,84.0,3.0
2025-12-19 18:00:00,2025,12,19,18,Lào Cai,Xã Khao Mang,21.9078898,103.9748758,61,Moderate,1,12.1,88,0.0,1.9,119,863.7,22,9.8,9.9,387.0,10.6,70.0,4.3
2025-12-19 19:00:00,2025,12,19,19,Lào Cai,Xã Khao Mang,21.9078898,103.9748758,61,Moderate,1,11.1,92,0.0,3.0,115,863.5,23,17.2,17.5,437.0,16.5,54.0,5.7
2025-12-19 20:00:00,2025,12,19,20,Lào Cai,Xã Khao Mang,21.9078898,103.9748758,60,Moderate,1,10.5,93,0.0,2.9,120,863.9,34,19.0,19.3,431.0,17.2,52.0,6.4
2025-12-19 21:00:00,2025,12,19,21,Lào Cai,Xã Khao Mang,21.9078898,103.9748758,60,Moderate,1,10.3,93,0.0,1.5,120,864.0,45,20.0,20.3,396.0,18.2,49.0,7.2
2025-12-19 22:00:00,2025,12,19,22,Lào Cai,Xã Khao Mang,21.9078898,103.9748758,60,Moderate,1,10.1,94,0.0,2.3,119,864.0,66,20.7,21.1,361.0,18.9,46.0,7.8
2025-12-19 23:00:00,2025,12,19,23,Lào Cai,Xã Khao Mang,21.9078898,103.9748758,59,Moderate,1,9.6,97,0.0,2.7,122,864.0,77,20.7,21.1,336.0,19.0,44.0,7.8
2025-12-20 00:00:00,2025,12,20,0,Lào Cai,Xã Khao Mang,21.9078898,103.9748758,59,Moderate,1,9.5,97,0.0,2.6,124,864.1,77,20.3,20.6,311.0,18.8,42.0,7.5
2025-12-20 01:00:00,2025,12,20,1,Lào Cai,Xã Khao Mang,21.9078898,103.9748758,59,Moderate,1,11.2,95,0.0,2.2,132,865.1,80,20.0,20.3,290.0,18.3,41.0,6.9
2025-12-20 02:00:00,2025,12,20,2,Lào Cai,Xã Khao Mang,21.9078898,103.9748758,58,Moderate,1,11.2,94,0.0,1.9,124,864.7,81,19.9,20.3,267.0,17.4,40.0,5.8
2025-12-20 03:00:00,2025,12,20,3,Lào Cai,Xã Khao Mang,21.9078898,103.9748758,58,Moderate,1,11.4,93,0.0,2.3,129,864.6,83,23.2,23.6,248.0,16.3,40.0,4.4
2025-12-20 04:00:00,2025,12,20,4,Lào Cai,Xã Khao Mang,21.9078898,103.9748758,57,Moderate,1,10.9,94,0.0,3.2,124,864.1,85,25.8,26.2,246.0,15.2,39.0,3.6
2025-12-20 05:00:00,2025,12,20,5,Lào Cai,Xã Khao Mang,21.9078898,103.9748758,57,Moderate,1,10.1,94,0.0,4.4,120,863.9,87,25.9,26.3,283.0,14.6,34.0,3.1
2025-12-20 06:00:00,2025,12,20,6,Lào Cai,Xã Khao Mang,21.9078898,103.9748758,57,Moderate,1,9.9,93,0.0,4.8,119,863.9,87,25.7,26.0,339.0,14.1,29.0,3.1
2025-12-20 07:00:00,2025,12,20,7,Lào Cai,Xã Khao Mang,21.9078898,103.9748758,57,Moderate,1,8.1,100,0.0,3.4,122,863.7,100,26.8,27.3,366.0,13.7,33.0,4.1
2025-12-20 08:00:00,2025,12,20,8,Lào Cai,Xã Khao Mang,21.9078898,103.9748758,57,Moderate,1,12.0,94,0.0,3.1,118,866.5,25,26.8,27.2,337.0,10.6,49.0,6.1
2025-12-20 09:00:00,2025,12,20,9,Lào Cai,Xã Khao Mang,21.9078898,103.9748758,58,Moderate,1,15.2,78,0.0,1.5,306,868.5,2,30.7,31.3,280.0,6.3,71.0,8.9
2025-12-20 10:00:00,2025,12,20,10,Lào Cai,Xã Khao Mang,21.9078898,103.9748758,60,Moderate,1,16.8,68,0.0,5.6,295,869.2,4,33.1,33.9,235.0,3.0,89.0,10.6
2025-12-20 11:00:00,2025,12,20,11,Lào Cai,Xã Khao Mang,21.9078898,103.9748758,62,Moderate,1,17.9,63,0.0,7.9,291,869.1,11,32.6,33.4,218.0,1.7,97.0,10.4
2025-12-20 12:00:00,2025,12,20,12,Lào Cai,Xã Khao Mang,21.9078898,103.9748758,65,Moderate,1,18.4,60,0.0,9.3,288,868.7,16,27.3,28.1,213.0,1.4,100.0,9.2
2025-12-20 13:00:00,2025,12,20,13,Lào Cai,Xã Khao Mang,21.9078898,103.9748758,67,Moderate,1,18.7,54,0.0,9.7,280,868.0,14,24.6,25.5,209.0,1.3,102.0,8.1
2025-12-20 14:00:00,2025,12,20,14,Lào Cai,Xã Khao Mang,21.9078898,103.9748758,68,Moderate,1,18.4,53,0.0,8.8,287,867.2,20,21.8,22.8,194.0,0.9,104.0,7.1
2025-12-20 15:00:00,2025,12,20,15,Lào Cai,Xã Khao Mang,21.9078898,103.9748758,70,Moderate,1,18.1,54,0.0,7.7,294,867.0,18,19.6,20.6,181.0,0.7,104.0,6.1
2025-12-20 16:00:00,2025,12,20,16,Lào Cai,Xã Khao Mang,21.9078898,103.9748758,71,Moderate,1,17.5,55,0.0,6.1,313,866.9,13,21.2,22.2,195.0,1.7,101.0,6.2
2025-12-20 17:00:00,2025,12,20,17,Lào Cai,Xã Khao Mang,21.9078898,103.9748758,72,Moderate,1,15.4,70,0.0,3.4,18,866.7,2,24.7,25.6,262.0,4.8,93.0,8.0
2025-12-20 18:00:00,2025,12,20,18,Lào Cai,Xã Khao Mang,21.9078898,103.9748758,74,Moderate,1,12.8,78,0.0,4.6,69,866.3,4,29.1,29.7,355.0,9.0,82.0,10.8
2025-12-20 19:00:00,2025,12,20,19,Lào Cai,Xã Khao Mang,21.9078898,103.9748758,76,Moderate,1,12.5,84,0.0,4.9,98,866.5,29,30.6,31.3,423.0,13.9,64.0,12.7
2025-12-20 20:00:00,2025,12,20,20,Lào Cai,Xã Khao Mang,21.9078898,103.9748758,77,Moderate,1,12.8,88,0.0,8.1,103,867.4,84,34.2,35.0,444.0,14.1,62.0,13.7
2025-12-20 21:00:00,2025,12,20,21,Lào Cai,Xã Khao Mang,21.9078898,103.9748758,78,Moderate,1,12.6,88,0.0,9.5,109,867.8,97,37.1,37.8,439.0,14.3,60.0,15.0
2025-12-20 22:00:00,2025,12,20,22,Lào Cai,Xã Khao Mang,21.9078898,103.9748758,80,Moderate,1,12.0,89,0.0,9.9,106,867.7,55,42.1,42.8,421.0,13.8,61.0,16.2
2025-12-20 23:00:00,2025,12,20,23,Lào Cai,Xã Khao Mang,21.9078898,103.9748758,82,Moderate,1,11.3,90,0.0,9.5,104,867.5,15,45.1,45.6,386.0,11.9,67.0,17.2
2025-12-21 00:00:00,2025,12,21,0,Lào Cai,Xã Khao Mang,21.9078898,103.9748758,84,Moderate,1,10.6,90,0.0,9.1,105,867.4,1,45.5,46.1,338.0,9.3,75.0,18.0
2025-12-21 01:00:00,2025,12,21,1,Lào Cai,Xã Khao Mang,21.9078898,103.9748758,86,Moderate,1,11.0,89,0.0,8.4,105,867.8,54,44.9,45.6,306.0,7.1,81.0,18.4
2025-12-21 02:00:00,2025,12,21,2,Lào Cai,Xã Khao Mang,21.9078898,103.9748758,88,Moderate,1,10.6,89,0.0,7.9,106,867.4,64,45.3,46.0,301.0,5.8,82.0,18.2
2025-12-21 03:00:00,2025,12,21,3,Lào Cai,Xã Khao Mang,21.9078898,103.9748758,90,Moderate,1,10.5,89,0.0,6.8,107,867.2,77,45.9,46.6,312.0,4.9,81.0,17.6
2025-12-21 04:00:00,2025,12,21,4,Lào Cai,Xã Khao Mang,21.9078898,103.9748758,92,Moderate,1,10.4,91,0.0,5.8,110,867.3,31,44.6,45.2,330.0,4.4,80.0,16.7
2025-12-21 05:00:00,2025,12,21,5,Lào Cai,Xã Khao Mang,21.9078898,103.9748758,94,Moderate,1,10.0,92,0.0,6.1,109,867.5,75,43.3,43.9,360.0,4.5,77.0,15.4
2025-12-21 06:00:00,2025,12,21,6,Lào Cai,Xã Khao Mang,21.9078898,103.9748758,96,Moderate,1,9.6,95,0.0,6.8,107,867.8,91,42.3,42.7,396.0,4.9,74.0,13.7
2025-12-21 07:00:00,2025,12,21,7,Lào Cai,Xã Khao Mang,21.9078898,103.9748758,97,Moderate,1,11.9,87,0.0,4.4,109,869.2,28,43.1,43.7,416.0,8.1,45.0,10.1
2025-12-21 08:00:00,2025,12,21,8,Lào Cai,Xã Khao Mang,21.9078898,103.9748758,99,Moderate,1,13.3,81,0.0,3.3,96,870.3,7,43.0,43.9,403.0,6.4,61.0,9.1
2025-12-21 09:00:00,2025,12,21,9,Lào Cai,Xã Khao Mang,21.9078898,103.9748758,100,Moderate,1,14.9,72,0.0,0.8,333,871.4,41,38.4,39.6,373.0,3.9,83.0,7.7
2025-12-21 10:00:00,2025,12,21,10,Lào Cai,Xã Khao Mang,21.9078898,103.9748758,101,Unhealthy for Sensitive Groups,2,16.0,71,0.1,6.0,314,871.9,55,34.8,36.1,349.0,2.1,99.0,6.6
2025-12-21 11:00:00,2025,12,21,11,Lào Cai,Xã Khao Mang,21.9078898,103.9748758,101,Unhealthy for Sensitive Groups,2,16.3,72,0.2,7.9,315,871.5,87,32.8,34.2,339.0,1.4,105.0,6.0
2025-12-21 12:00:00,2025,12,21,12,Lào Cai,Xã Khao Mang,21.9078898,103.9748758,101,Unhealthy for Sensitive Groups,2,16.5,74,0.2,8.9,310,870.7,73,30.9,32.2,334.0,1.3,105.0,5.6
2025-12-21 13:00:00,2025,12,21,13,Lào Cai,Xã Khao Mang,21.9078898,103.9748758,101,Unhealthy for Sensitive Groups,2,16.7,73,0.2,8.7,302,869.9,48,29.8,31.0,331.0,1.3,105.0,5.4
2025-12-21 14:00:00,2025,12,21,14,Lào Cai,Xã Khao Mang,21.9078898,103.9748758,102,Unhealthy for Sensitive Groups,2,16.7,72,0.0,7.9,305,869.2,52,28.9,30.0,320.0,0.9,107.0,5.3
2025-12-21 15:00:00,2025,12,21,15,Lào Cai,Xã Khao Mang,21.9078898,103.9748758,103,Unhealthy for Sensitive Groups,2,16.4,72,0.0,6.1,310,868.6,60,34.2,35.5,311.0,0.6,108.0,5.4
2025-12-21 16:00:00,2025,12,21,16,Lào Cai,Xã Khao Mang,21.9078898,103.9748758,104,Unhealthy for Sensitive Groups,2,16.2,74,0.1,4.8,299,868.5,43,28.6,29.6,327.0,1.8,105.0,5.8
2025-12-21 17:00:00,2025,12,21,17,Lào Cai,Xã Khao Mang,21.9078898,103.9748758,105,Unhealthy for Sensitive Groups,2,15.1,82,0.1,2.4,306,868.0,38,31.0,31.9,396.0,6.0,93.0,6.6
2025-12-21 18:00:00,2025,12,21,18,Lào Cai,Xã Khao Mang,21.9078898,103.9748758,106,Unhealthy for Sensitive Groups,2,13.7,85,0.0,0.3,135,867.6,3,32.9,33.6,489.0,11.6,77.0,7.7
2025-12-21 19:00:00,2025,12,21,19,Lào Cai,Xã Khao Mang,21.9078898,103.9748758,106,Unhealthy for Sensitive Groups,2,13.4,87,0.0,0.5,135,867.6,9,30.9,31.5,550.0,17.3,68.0,8.7
2025-12-21 20:00:00,2025,12,21,20,Lào Cai,Xã Khao Mang,21.9078898,103.9748758,106,Unhealthy for Sensitive Groups,2,12.6,89,0.0,1.7,131,867.5,15,33.3,34.0,552.0,19.2,63.0,9.9
2025-12-21 21:00:00,2025,12,21,21,Lào Cai,Xã Khao Mang,21.9078898,103.9748758,106,Unhealthy for Sensitive Groups,2,11.5,93,0.0,1.9,124,867.2,34,35.4,36.1,521.0,21.8,57.0,11.6
2025-12-21 22:00:00,2025,12,21,22,Lào Cai,Xã Khao Mang,21.9078898,103.9748758,106,Unhealthy for Sensitive Groups,2,10.6,94,0.0,2.2,125,867.1,53,37.6,38.2,475.0,23.2,50.0,12.1
2025-12-21 23:00:00,2025,12,21,23,Lào Cai,Xã Khao Mang,21.9078898,103.9748758,105,Unhealthy for Sensitive Groups,2,10.2,92,0.0,2.2,125,866.9,30,38.2,38.6,408.0,22.5,42.0,10.6
2025-12-22 00:00:00,2025,12,22,0,Lào Cai,Xã Khao Mang,21.9078898,103.9748758,105,Unhealthy for Sensitive Groups,2,10.0,88,0.0,2.2,125,866.8,13,35.6,36.1,326.0,20.8,34.0,7.9
2025-12-22 01:00:00,2025,12,22,1,Lào Cai,Xã Khao Mang,21.9078898,103.9748758,104,Unhealthy for Sensitive Groups,2,10.3,84,0.0,1.4,130,867.0,13,34.1,34.5,262.0,19.1,28.0,5.8
2025-12-22 02:00:00,2025,12,22,2,Lào Cai,Xã Khao Mang,21.9078898,103.9748758,102,Unhealthy for Sensitive Groups,2,10.3,81,0.0,1.9,119,866.7,2,33.2,33.5,227.0,17.8,24.0,4.7
2025-12-22 03:00:00,2025,12,22,3,Lào Cai,Xã Khao Mang,21.9078898,103.9748758,101,Unhealthy for Sensitive Groups,2,10.4,79,0.0,2.3,122,866.4,2,32.9,33.3,209.0,16.6,22.0,4.0
2025-12-22 04:00:00,2025,12,22,4,Lào Cai,Xã Khao Mang,21.9078898,103.9748758,100,Moderate,1,10.4,78,0.0,2.3,122,866.4,5,32.5,32.8,209.0,15.7,21.0,3.7
2025-12-22 05:00:00,2025,12,22,5,Lào Cai,Xã Khao Mang,21.9078898,103.9748758,99,Moderate,1,10.1,79,0.0,2.3,122,866.2,3,31.8,32.1,237.0,16.0,17.0,3.7
2025-12-22 06:00:00,2025,12,22,6,Lào Cai,Xã Khao Mang,21.9078898,103.9748758,98,Moderate,1,9.5,81,0.0,1.7,122,866.2,9,31.5,31.9,283.0,16.6,14.0,4.0
2025-12-22 07:00:00,2025,12,22,7,Lào Cai,Xã Khao Mang,21.9078898,103.9748758,97,Moderate,1,9.8,86,0.0,2.3,135,866.8,30,26.1,26.4,308.0,10.4,36.0,5.2
2025-12-22 08:00:00,2025,12,22,8,Lào Cai,Xã Khao Mang,21.9078898,103.9748758,95,Moderate,1,12.2,89,0.0,2.1,121,868.6,8,25.7,26.0,291.0,8.1,53.0,6.1
2025-12-22 09:00:00,2025,12,22,9,Lào Cai,Xã Khao Mang,21.9078898,103.9748758,94,Moderate,1,13.8,82,0.0,1.3,254,869.8,21,20.9,21.4,255.0,4.9,78.0,7.3
2025-12-22 10:00:00,2025,12,22,10,Lào Cai,Xã Khao Mang,21.9078898,103.9748758,92,Moderate,1,15.7,73,0.0,5.9,268,870.2,34,18.1,19.0,229.0,2.4,95.0,7.6
2025-12-22 11:00:00,2025,12,22,11,Lào Cai,Xã Khao Mang,21.9078898,103.9748758,91,Moderate,1,16.5,69,0.0,8.6,278,869.7,56,15.8,17.0,228.0,1.3,99.0,6.3
2025-12-22 12:00:00,2025,12,22,12,Lào Cai,Xã Khao Mang,21.9078898,103.9748758,89,Moderate,1,16.5,71,0.1,9.3,278,868.5,60,13.2,14.3,238.0,1.0,97.0,4.3
2025-12-22 13:00:00,2025,12,22,13,Lào Cai,Xã Khao Mang,21.9078898,103.9748758,88,Moderate,1,17.0,71,0.1,9.2,277,867.7,64,11.8,12.9,244.0,0.8,95.0,2.7
2025-12-22 14:00:00,2025,12,22,14,Lào Cai,Xã Khao Mang,21.9078898,103.9748758,86,Moderate,1,16.8,70,0.2,11.0,264,866.7,47,11.2,12.3,235.0,0.3,96.0,2.1
2025-12-22 15:00:00,2025,12,22,15,Lào Cai,Xã Khao Mang,21.9078898,103.9748758,84,Moderate,1,16.7,69,0.0,9.2,263,865.9,40,10.8,11.8,223.0,0.1,97.0,1.9
2025-12-22 16:00:00,2025,12,22,16,Lào Cai,Xã Khao Mang,21.9078898,103.9748758,82,Moderate,1,16.3,71,0.0,7.2,276,865.5,28,10.5,11.4,228.0,1.1,95.0,2.2
2025-12-22 17:00:00,2025,12,22,17,Lào Cai,Xã Khao Mang,21.9078898,103.9748758,81,Moderate,1,14.8,83,0.0,2.6,282,864.9,5,10.9,11.6,273.0,4.4,86.0,3.1
2025-12-22 18:00:00,2025,12,22,18,Lào Cai,Xã Khao Mang,21.9078898,103.9748758,79,Moderate,1,12.6,88,0.0,0.8,153,864.0,2,13.0,13.8,335.0,9.0,73.0,4.4
2025-12-22 19:00:00,2025,12,22,19,Lào Cai,Xã Khao Mang,21.9078898,103.9748758,77,Moderate,1,12.2,91,0.0,1.0,135,863.9,9,13.1,13.8,373.0,13.4,58.0,5.7
2025-12-22 20:00:00,2025,12,22,20,Lào Cai,Xã Khao Mang,21.9078898,103.9748758,76,Moderate,1,12.5,88,0.0,1.2,153,864.2,9,13.6,14.3,364.0,13.4,57.0,6.1
2025-12-22 21:00:00,2025,12,22,21,Lào Cai,Xã Khao Mang,21.9078898,103.9748758,74,Moderate,1,12.5,87,0.0,1.1,162,864.7,8,13.3,13.9,330.0,13.4,55.0,6.6
2025-12-22 22:00:00,2025,12,22,22,Lào Cai,Xã Khao Mang,21.9078898,103.9748758,72,Moderate,1,12.4,87,0.0,1.4,157,864.4,6,13.2,13.7,298.0,13.4,54.0,6.9
2025-12-22 23:00:00,2025,12,22,23,Lào Cai,Xã Khao Mang,21.9078898,103.9748758,70,Moderate,1,12.0,87,0.0,1.3,164,864.3,4,13.0,13.6,277.0,13.4,53.0,6.8
2025-12-23 00:00:00,2025,12,23,0,Lào Cai,Xã Khao Mang,21.9078898,103.9748758,68,Moderate,1,12.1,87,0.0,1.4,157,864.2,2,12.5,13.1,258.0,13.4,52.0,6.4
2025-12-23 01:00:00,2025,12,23,1,Lào Cai,Xã Khao Mang,21.9078898,103.9748758,65,Moderate,1,11.8,92,0.0,1.9,158,864.2,11,12.3,12.8,243.0,13.5,50.0,6.2
2025-12-23 02:00:00,2025,12,23,2,Lào Cai,Xã Khao Mang,21.9078898,103.9748758,64,Moderate,1,11.4,92,0.0,2.3,141,864.0,20,12.5,13.1,229.0,13.7,48.0,6.3
2025-12-23 03:00:00,2025,12,23,3,Lào Cai,Xã Khao Mang,21.9078898,103.9748758,62,Moderate,1,10.9,94,0.0,1.7,131,863.3,35,13.7,14.2,219.0,14.0,45.0,6.5
2025-12-23 04:00:00,2025,12,23,4,Lào Cai,Xã Khao Mang,21.9078898,103.9748758,60,Moderate,1,10.4,96,0.0,2.2,125,863.0,57,14.8,15.3,222.0,14.3,42.0,6.7
2025-12-23 05:00:00,2025,12,23,5,Lào Cai,Xã Khao Mang,21.9078898,103.9748758,58,Moderate,1,10.0,97,0.0,3.6,120,863.0,68,16.1,16.5,254.0,15.2,34.0,6.6
2025-12-23 06:00:00,2025,12,23,6,Lào Cai,Xã Khao Mang,21.9078898,103.9748758,57,Moderate,1,9.9,96,0.0,4.6,121,863.6,77,17.1,17.4,299.0,16.1,26.0,6.5
2025-12-23 07:00:00,2025,12,23,7,Lào Cai,Xã Khao Mang,21.9078898,103.9748758,56,Moderate,1,10.3,93,0.0,2.7,132,864.4,62,9.6,9.9,322.0,13.1,42.0,5.3
2025-12-23 08:00:00,2025,12,23,8,Lào Cai,Xã Khao Mang,21.9078898,103.9748758,54,Moderate,1,12.3,94,0.0,3.0,123,866.3,79,9.3,9.5,299.0,10.1,54.0,5.6
2025-12-23 09:00:00,2025,12,23,9,Lào Cai,Xã Khao Mang,21.9078898,103.9748758,53,Moderate,1,15.4,83,0.0,3.2,270,868.5,22,8.0,8.3,254.0,6.0,70.0,6.1
2025-12-23 10:00:00,2025,12,23,10,Lào Cai,Xã Khao Mang,21.9078898,103.9748758,52,Moderate,1,16.6,77,0.0,6.1,270,868.9,35,7.0,7.3,218.0,2.8,83.0,6.1
2025-12-23 11:00:00,2025,12,23,11,Lào Cai,Xã Khao Mang,21.9078898,103.9748758,51,Moderate,1,17.4,72,0.1,7.7,271,868.9,52,5.8,6.1,204.0,1.4,91.0,5.3
2025-12-23 12:00:00,2025,12,23,12,Lào Cai,Xã Khao Mang,21.9078898,103.9748758,50,Good,0,17.7,71,0.1,7.8,265,867.9,37,5.5,5.8,199.0,1.0,96.0,4.0
2025-12-23 13:00:00,2025,12,23,13,Lào Cai,Xã Khao Mang,21.9078898,103.9748758,48,Good,0,18.0,69,0.0,7.1,279,867.0,39,5.3,5.7,198.0,0.8,99.0,3.1
2025-12-23 14:00:00,2025,12,23,14,Lào Cai,Xã Khao Mang,21.9078898,103.9748758,47,Good,0,18.0,68,0.1,7.1,276,866.4,38,5.4,5.7,192.0,0.2,100.0,2.6
2025-12-23 15:00:00,2025,12,23,15,Lào Cai,Xã Khao Mang,21.9078898,103.9748758,46,Good,0,17.8,67,0.0,7.3,261,865.8,65,5.6,5.9,188.0,0.0,100.0,2.3
2025-12-23 16:00:00,2025,12,23,16,Lào Cai,Xã Khao Mang,21.9078898,103.9748758,45,Good,0,17.5,68,0.0,5.6,264,865.7,44,5.8,6.1,208.0,1.4,96.0,2.7
2025-12-23 17:00:00,2025,12,23,17,Lào Cai,Xã Khao Mang,21.9078898,103.9748758,45,Good,0,15.8,83,0.0,0.8,333,865.4,22,6.7,7.0,277.0,6.1,88.0,4.0
2025-12-23 18:00:00,2025,12,23,18,Lào Cai,Xã Khao Mang,21.9078898,103.9748758,44,Good,0,13.3,88,0.0,1.9,119,864.3,14,9.2,9.5,368.0,12.5,77.0,5.9
2025-12-23 19:00:00,2025,12,23,19,Lào Cai,Xã Khao Mang,21.9078898,103.9748758,43,Good,0,13.0,92,0.0,2.5,120,865.0,18,21.3,22.1,422.0,18.7,62.0,7.7
2025-12-23 20:00:00,2025,12,23,20,Lào Cai,Xã Khao Mang,21.9078898,103.9748758,45,Good,0,12.5,92,0.0,2.9,120,864.9,27,23.3,24.2,404.0,20.2,58.0,8.8
2025-12-23 21:00:00,2025,12,23,21,Lào Cai,Xã Khao Mang,21.9078898,103.9748758,46,Good,0,11.9,92,0.0,2.6,124,864.7,34,25.1,25.9,348.0,22.1,52.0,10.4
2025-12-23 22:00:00,2025,12,23,22,Lào Cai,Xã Khao Mang,21.9078898,103.9748758,48,Good,0,11.8,91,0.0,1.9,124,864.6,23,27.7,28.5,300.0,23.2,46.0,11.0
2025-12-23 23:00:00,2025,12,23,23,Lào Cai,Xã Khao Mang,21.9078898,103.9748758,50,Good,0,11.3,91,0.0,1.7,122,864.4,21,30.5,31.2,276.0,22.6,40.0,10.0
2025-12-24 00:00:00,2025,12,24,0,Lào Cai,Xã Khao Mang,21.9078898,103.9748758,52,Moderate,1,11.1,91,0.0,2.4,126,864.3,15,31.5,32.1,258.0,21.2,34.0,8.2
2025-12-24 01:00:00,2025,12,24,1,Lào Cai,Xã Khao Mang,21.9078898,103.9748758,54,Moderate,1,11.4,90,0.0,2.3,129,864.5,24,30.6,31.0,243.0,19.6,29.0,6.5
2025-12-24 02:00:00,2025,12,24,2,Lào Cai,Xã Khao Mang,21.9078898,103.9748758,55,Moderate,1,11.4,90,0.0,1.9,124,863.9,13,27.0,27.2,224.0,18.1,25.0,5.3
2025-12-24 03:00:00,2025,12,24,3,Lào Cai,Xã Khao Mang,21.9078898,103.9748758,57,Moderate,1,11.3,90,0.0,2.2,132,863.5,14,25.7,26.1,207.0,16.4,22.0,4.2
2025-12-24 04:00:00,2025,12,24,4,Lào Cai,Xã Khao Mang,21.9078898,103.9748758,58,Moderate,1,11.1,89,0.0,1.9,124,863.3,11,25.3,25.6,204.0,15.1,21.0,3.6
2025-12-24 05:00:00,2025,12,24,5,Lào Cai,Xã Khao Mang,21.9078898,103.9748758,59,Moderate,1,10.8,89,0.0,1.9,119,863.1,19,24.7,25.0,231.0,14.6,19.0,3.6
2025-12-24 06:00:00,2025,12,24,6,Lào Cai,Xã Khao Mang,21.9078898,103.9748758,59,Moderate,1,10.4,91,0.0,2.3,119,863.3,48,24.3,24.5,273.0,14.4,19.0,4.0
2025-12-24 07:00:00,2025,12,24,7,Lào Cai,Xã Khao Mang,21.9078898,103.9748758,60,Moderate,1,10.8,87,0.0,2.4,132,863.9,16,16.1,16.4,296.0,10.5,39.0,4.0
2025-12-24 08:00:00,2025,12,24,8,Lào Cai,Xã Khao Mang,21.9078898,103.9748758,61,Moderate,1,13.8,82,0.0,3.0,128,866.2,9,16.5,16.7,279.0,8.2,53.0,4.1
2025-12-24 09:00:00,2025,12,24,9,Lào Cai,Xã Khao Mang,21.9078898,103.9748758,61,Moderate,1,16.1,75,0.0,2.7,262,867.7,21,14.9,15.2,243.0,5.1,72.0,4.2
2025-12-24 10:00:00,2025,12,24,10,Lào Cai,Xã Khao Mang,21.9078898,103.9748758,62,Moderate,1,17.1,73,0.0,7.0,260,868.0,36,10.3,10.7,215.0,2.6,88.0,4.1
2025-12-24 11:00:00,2025,12,24,11,Lào Cai,Xã Khao Mang,21.9078898,103.9748758,62,Moderate,1,17.8,71,0.0,8.9,264,867.7,42,7.7,8.0,208.0,1.5,96.0,3.5
2025-12-24 12:00:00,2025,12,24,12,Lào Cai,Xã Khao Mang,21.9078898,103.9748758,62,Moderate,1,18.7,67,0.0,9.0,264,867.0,91,6.0,6.3,210.0,1.1,100.0,2.8
2025-12-24 13:00:00,2025,12,24,13,Lào Cai,Xã Khao Mang,21.9078898,103.9748758,62,Moderate,1,18.9,64,0.0,9.4,271,866.3,95,5.6,5.9,211.0,0.9,103.0,2.2
2025-12-24 14:00:00,2025,12,24,14,Lào Cai,Xã Khao Mang,21.9078898,103.9748758,62,Moderate,1,18.7,65,0.1,8.8,259,865.6,98,5.6,5.8,200.0,0.4,106.0,1.9
2025-12-24 15:00:00,2025,12,24,15,Lào Cai,Xã Khao Mang,21.9078898,103.9748758,62,Moderate,1,18.6,67,0.0,8.3,276,865.1,98,5.6,5.8,189.0,0.1,107.0,1.8
2025-12-24 16:00:00,2025,12,24,16,Lào Cai,Xã Khao Mang,21.9078898,103.9748758,62,Moderate,1,17.8,69,0.0,3.6,290,865.1,94,5.8,6.1,203.0,1.3,104.0,2.2
2025-12-24 17:00:00,2025,12,24,17,Lào Cai,Xã Khao Mang,21.9078898,103.9748758,62,Moderate,1,16.5,81,0.0,0.7,284,865.0,81,7.2,7.4,268.0,5.8,92.0,3.3
2025-12-24 18:00:00,2025,12,24,18,Lào Cai,Xã Khao Mang,21.9078898,103.9748758,62,Moderate,1,14.5,84,0.0,1.5,126,864.6,74,10.0,10.1,359.0,11.8,75.0,4.9
2025-12-24 19:00:00,2025,12,24,19,Lào Cai,Xã Khao Mang,21.9078898,103.9748758,62,Moderate,1,13.1,91,0.0,3.4,122,864.5,55,22.5,23.1,426.0,17.1,61.0,6.9
2025-12-24 20:00:00,2025,12,24,20,Lào Cai,Xã Khao Mang,21.9078898,103.9748758,63,Moderate,1,12.4,92,0.0,3.5,118,864.5,46,23.9,24.5,447.0,15.7,58.0,7.0
2025-12-24 21:00:00,2025,12,24,21,Lào Cai,Xã Khao Mang,21.9078898,103.9748758,63,Moderate,1,12.1,90,0.0,3.0,115,864.7,63,23.2,23.6,444.0,13.6,53.0,7.2
2025-12-24 22:00:00,2025,12,24,22,Lào Cai,Xã Khao Mang,21.9078898,103.9748758,62,Moderate,1,10.8,94,0.0,4.2,115,864.4,65,21.7,22.1,434.0,11.8,48.0,7.2
2025-12-24 23:00:00,2025,12,24,23,Lào Cai,Xã Khao Mang,21.9078898,103.9748758,62,Moderate,1,10.3,94,0.0,4.6,116,864.1,63,19.8,20.0,416.0,10.5,43.0,6.9
2025-12-25 00:00:00,2025,12,25,0,Lào Cai,Xã Khao Mang,21.9078898,103.9748758,61,Moderate,1,10.4,94,0.0,3.9,118,864.4,58,16.4,16.6,390.0,9.5,39.0,6.5
2025-12-25 01:00:00,2025,12,25,1,Lào Cai,Xã Khao Mang,21.9078898,103.9748758,60,Moderate,1,10.3,95,0.0,4.7,108,864.5,69,13.4,13.5,372.0,8.4,37.0,6.6
2025-12-25 02:00:00,2025,12,25,2,Lào Cai,Xã Khao Mang,21.9078898,103.9748758,58,Moderate,1,10.7,93,0.0,4.8,103,864.7,71,9.9,9.9,367.0,7.0,40.0,7.5
2025-12-25 03:00:00,2025,12,25,3,Lào Cai,Xã Khao Mang,21.9078898,103.9748758,57,Moderate,1,10.5,95,0.0,6.2,100,864.5,65,6.9,6.9,371.0,5.6,44.0,8.8
2025-12-25 04:00:00,2025,12,25,4,Lào Cai,Xã Khao Mang,21.9078898,103.9748758,55,Moderate,1,10.5,96,0.0,7.1,96,864.9,66,5.8,5.8,385.0,4.7,47.0,9.9
2025-12-25 05:00:00,2025,12,25,5,Lào Cai,Xã Khao Mang,21.9078898,103.9748758,53,Moderate,1,11.4,94,0.0,8.1,91,866.0,98,5.0,5.0,417.0,4.6,44.0,10.4
2025-12-25 06:00:00,2025,12,25,6,Lào Cai,Xã Khao Mang,21.9078898,103.9748758,51,Moderate,1,11.8,92,0.0,8.5,84,866.8,100,4.6,4.6,460.0,4.9,40.0,10.6
2025-12-25 07:00:00,2025,12,25,7,Lào Cai,Xã Khao Mang,21.9078898,103.9748758,49,Good,0,12.0,92,0.0,9.5,75,868.1,100,7.9,8.0,491.0,5.7,35.0,9.8
2025-12-25 08:00:00,2025,12,25,8,Lào Cai,Xã Khao Mang,21.9078898,103.9748758,48,Good,0,12.0,84,0.0,11.2,74,869.0,98,8.1,8.2,499.0,5.8,35.0,10.4
2025-12-25 09:00:00,2025,12,25,9,Lào Cai,Xã Khao Mang,21.9078898,103.9748758,46,Good,0,12.6,75,0.0,12.1,73,870.0,50,7.7,7.7,495.0,5.8,35.0,11.2
2025-12-25 10:00:00,2025,12,25,10,Lào Cai,Xã Khao Mang,21.9078898,103.9748758,45,Good,0,13.3,70,0.0,12.8,66,870.7,77,7.2,7.2,491.0,5.7,36.0,11.7
2025-12-25 11:00:00,2025,12,25,11,Lào Cai,Xã Khao Mang,21.9078898,103.9748758,45,Good,0,12.7,70,0.0,12.3,67,870.0,88,7.2,7.2,489.0,5.3,41.0,11.7
2025-12-25 12:00:00,2025,12,25,12,Lào Cai,Xã Khao Mang,21.9078898,103.9748758,45,Good,0,13.1,68,0.0,10.9,68,869.5,100,7.9,8.0,486.0,4.6,47.0,11.4
2025-12-25 13:00:00,2025,12,25,13,Lào Cai,Xã Khao Mang,21.9078898,103.9748758,45,Good,0,13.4,65,0.0,11.8,67,868.9,98,6.5,6.6,484.0,4.2,52.0,11.1
2025-12-25 14:00:00,2025,12,25,14,Lào Cai,Xã Khao Mang,21.9078898,103.9748758,45,Good,0,13.2,65,0.0,10.8,64,868.1,81,6.8,6.8,485.0,4.0,56.0,11.0
2025-12-25 15:00:00,2025,12,25,15,Lào Cai,Xã Khao Mang,21.9078898,103.9748758,45,Good,0,13.1,66,0.0,10.8,62,867.8,81,7.2,7.2,488.0,4.0,59.0,10.9
2025-12-25 16:00:00,2025,12,25,16,Lào Cai,Xã Khao Mang,21.9078898,103.9748758,46,Good,0,12.5,69,0.0,10.5,63,867.9,79,7.6,7.7,490.0,4.2,60.0,10.8
2025-12-25 17:00:00,2025,12,25,17,Lào Cai,Xã Khao Mang,21.9078898,103.9748758,46,Good,0,11.5,73,0.0,10.2,64,867.7,77,8.1,8.1,491.0,4.7,59.0,10.8
2025-12-25 18:00:00,2025,12,25,18,Lào Cai,Xã Khao Mang,21.9078898,103.9748758,46,Good,0,10.6,77,0.0,8.9,71,867.7,77,8.7,8.8,491.0,5.4,57.0,10.7
2025-12-25 19:00:00,2025,12,25,19,Lào Cai,Xã Khao Mang,21.9078898,103.9748758,46,Good,0,10.4,81,0.0,9.1,68,868.1,52,20.5,20.7,491.0,5.2,46.0,10.2
2025-12-25 20:00:00,2025,12,25,20,Lào Cai,Xã Khao Mang,21.9078898,103.9748758,45,Good,0,9.6,84,0.0,8.8,62,868.5,81,22.6,22.8,492.0,5.1,46.0,10.3
2025-12-25 21:00:00,2025,12,25,21,Lào Cai,Xã Khao Mang,21.9078898,103.9748758,45,Good,0,9.5,84,0.0,8.4,70,868.8,98,23.5,23.7,492.0,4.9,47.0,10.5
2025-12-25 22:00:00,2025,12,25,22,Lào Cai,Xã Khao Mang,21.9078898,103.9748758,45,Good,0,9.5,84,0.0,8.4,71,868.8,95,24.2,24.4,489.0,4.7,47.0,10.5
2025-12-25 23:00:00,2025,12,25,23,Lào Cai,Xã Khao Mang,21.9078898,103.9748758,46,Good,0,9.4,84,0.0,7.3,65,868.8,96,24.6,24.8,482.0,4.6,46.0,10.3
2025-12-26 00:00:00,2025,12,26,0,Lào Cai,Xã Khao Mang,21.9078898,103.9748758,47,Good,0,9.3,82,0.0,7.0,67,868.8,100,24.3,24.6,471.0,4.6,45.0,9.9
2025-12-26 01:00:00,2025,12,26,1,Lào Cai,Xã Khao Mang,21.9078898,103.9748758,48,Good,0,9.6,81,0.0,6.4,68,868.6,99,23.8,24.0,459.0,4.6,45.0,9.6
2025-12-26 02:00:00,2025,12,26,2,Lào Cai,Xã Khao Mang,21.9078898,103.9748758,50,Good,0,9.4,80,0.0,5.2,59,868.1,85,23.2,23.3,441.0,4.4,45.0,9.5
2025-12-26 03:00:00,2025,12,26,3,Lào Cai,Xã Khao Mang,21.9078898,103.9748758,51,Moderate,1,9.3,80,0.0,3.6,27,867.8,100,22.5,22.7,422.0,4.2,46.0,9.5
2025-12-26 04:00:00,2025,12,26,4,Lào Cai,Xã Khao Mang,21.9078898,103.9748758,52,Moderate,1,9.2,83,0.1,4.1,23,867.8,100,22.1,22.3,413.0,4.2,47.0,9.5
2025-12-26 05:00:00,2025,12,26,5,Lào Cai,Xã Khao Mang,21.9078898,103.9748758,54,Moderate,1,9.0,85,0.0,4.2,43,867.5,99,22.0,22.2,429.0,4.6,46.0,9.6
2025-12-26 06:00:00,2025,12,26,6,Lào Cai,Xã Khao Mang,21.9078898,103.9748758,55,Moderate,1,9.1,82,0.0,3.7,29,867.7,100,21.8,22.1,456.0,5.2,45.0,9.6
2025-12-26 07:00:00,2025,12,26,7,Lào Cai,Xã Khao Mang,21.9078898,103.9748758,57,Moderate,1,9.0,87,0.1,4.6,21,868.3,100,10.6,10.7,466.0,6.0,47.0,10.2
2025-12-26 08:00:00,2025,12,26,8,Lào Cai,Xã Khao Mang,21.9078898,103.9748758,57,Moderate,1,9.2,85,0.0,4.9,33,868.9,100,10.6,10.7,442.0,5.4,53.0,10.1
2025-12-26 09:00:00,2025,12,26,9,Lào Cai,Xã Khao Mang,21.9078898,103.9748758,57,Moderate,1,10.1,79,0.0,3.6,57,869.4,36,11.0,11.4,401.0,4.6,62.0,9.9
2025-12-26 10:00:00,2025,12,26,10,Lào Cai,Xã Khao Mang,21.9078898,103.9748758,58,Moderate,1,12.2,71,0.0,2.6,326,870.1,100,9.4,9.7,372.0,3.8,70.0,9.5
2025-12-26 11:00:00,2025,12,26,11,Lào Cai,Xã Khao Mang,21.9078898,103.9748758,58,Moderate,1,12.2,73,0.0,5.9,310,869.4,100,9.6,9.9,371.0,3.2,77.0,8.8
2025-12-26 12:00:00,2025,12,26,12,Lào Cai,Xã Khao Mang,21.9078898,103.9748758,58,Moderate,1,12.2,76,0.0,4.6,306,868.3,100,10.0,10.3,382.0,2.7,84.0,7.9
2025-12-26 13:00:00,2025,12,26,13,Lào Cai,Xã Khao Mang,21.9078898,103.9748758,58,Moderate,1,13.6,71,0.0,7.0,282,867.6,100,10.7,11.0,381.0,2.3,89.0,7.0
2025-12-26 14:00:00,2025,12,26,14,Lào Cai,Xã Khao Mang,21.9078898,103.9748758,59,Moderate,1,13.7,70,0.0,7.2,282,866.4,100,11.5,11.8,347.0,1.7,93.0,6.0
2025-12-26 15:00:00,2025,12,26,15,Lào Cai,Xã Khao Mang,21.9078898,103.9748758,59,Moderate,1,14.5,66,0.0,7.9,257,866.0,55,11.9,12.2,301.0,1.2,95.0,5.0
2025-12-26 16:00:00,2025,12,26,16,Lào Cai,Xã Khao Mang,21.9078898,103.9748758,59,Moderate,1,14.0,67,0.0,9.3,278,865.6,43,12.1,12.4,286.0,2.1,93.0,4.6
2025-12-26 17:00:00,2025,12,26,17,Lào Cai,Xã Khao Mang,21.9078898,103.9748758,60,Moderate,1,12.6,74,0.0,6.8,287,865.5,34,12.4,12.7,331.0,5.9,85.0,5.4
2025-12-26 18:00:00,2025,12,26,18,Lào Cai,Xã Khao Mang,21.9078898,103.9748758,60,Moderate,1,11.1,84,0.0,1.8,294,865.5,15,15.3,15.6,407.0,11.1,74.0,6.9
2025-12-26 19:00:00,2025,12,26,19,Lào Cai,Xã Khao Mang,21.9078898,103.9748758,61,Moderate,1,10.4,90,0.0,2.2,145,865.5,38,24.2,24.7,468.0,13.2,48.0,6.7
2025-12-26 20:00:00,2025,12,26,20,Lào Cai,Xã Khao Mang,21.9078898,103.9748758,61,Moderate,1,9.5,91,0.0,3.6,120,865.2,5,24.9,25.3,500.0,13.0,48.0,7.3
2025-12-26 21:00:00,2025,12,26,21,Lào Cai,Xã Khao Mang,21.9078898,103.9748758,61,Moderate,1,8.6,91,0.0,2.9,112,865.5,14,25.3,25.7,517.0,12.6,47.0,8.2
2025-12-26 22:00:00,2025,12,26,22,Lào Cai,Xã Khao Mang,21.9078898,103.9748758,62,Moderate,1,8.3,91,0.0,3.4,108,865.5,80,25.2,25.5,521.0,11.9,48.0,9.0
2025-12-26 23:00:00,2025,12,26,23,Lào Cai,Xã Khao Mang,21.9078898,103.9748758,62,Moderate,1,8.7,89,0.0,4.5,104,865.7,68,24.4,24.6,507.0,10.6,51.0,9.4
2025-12-27 00:00:00,2025,12,27,0,Lào Cai,Xã Khao Mang,21.9078898,103.9748758,62,Moderate,1,8.7,89,0.0,4.1,105,865.6,100,23.6,23.7,478.0,9.0,54.0,9.6
2025-12-27 01:00:00,2025,12,27,1,Lào Cai,Xã Khao Mang,21.9078898,103.9748758,62,Moderate,1,9.6,88,0.0,4.8,101,866.1,100,23.0,23.2,450.0,7.6,59.0,10.1
2025-12-27 02:00:00,2025,12,27,2,Lào Cai,Xã Khao Mang,21.9078898,103.9748758,61,Moderate,1,9.7,88,0.0,5.5,77,866.0,100,22.7,22.9,421.0,6.4,65.0,11.2
2025-12-27 03:00:00,2025,12,27,3,Lào Cai,Xã Khao Mang,21.9078898,103.9748758,61,Moderate,1,9.5,91,0.1,6.0,80,865.6,100,23.1,23.3,391.0,5.4,71.0,12.7
2025-12-27 04:00:00,2025,12,27,4,Lào Cai,Xã Khao Mang,21.9078898,103.9748758,61,Moderate,1,9.5,93,0.2,4.7,62,865.9,100,24.7,25.0,378.0,4.7,76.0,14.0
2025-12-27 05:00:00,2025,12,27,5,Lào Cai,Xã Khao Mang,21.9078898,103.9748758,62,Moderate,1,9.3,94,0.2,4.9,54,866.1,100,24.6,24.8,396.0,4.4,78.0,14.9
2025-12-27 06:00:00,2025,12,27,6,Lào Cai,Xã Khao Mang,21.9078898,103.9748758,62,Moderate,1,9.2,94,0.0,6.3,72,866.3,56,25.6,25.8,431.0,4.5,79.0,15.8
2025-12-27 07:00:00,2025,12,27,7,Lào Cai,Xã Khao Mang,21.9078898,103.9748758,62,Moderate,1,9.3,95,0.0,4.6,42,867.2,100,25.9,26.1,451.0,5.0,72.0,14.5
2025-12-27 08:00:00,2025,12,27,8,Lào Cai,Xã Khao Mang,21.9078898,103.9748758,64,Moderate,1,9.2,94,0.1,4.8,56,867.9,100,24.9,25.1,442.0,4.8,75.0,16.3
2025-12-27 09:00:00,2025,12,27,9,Lào Cai,Xã Khao Mang,21.9078898,103.9748758,65,Moderate,1,10.0,91,0.1,2.6,39,868.7,100,24.3,24.4,419.0,4.5,80.0,18.7
2025-12-27 10:00:00,2025,12,27,10,Lào Cai,Xã Khao Mang,21.9078898,103.9748758,66,Moderate,1,11.1,85,0.1,3.6,357,869.3,100,23.1,23.3,398.0,4.1,85.0,19.9
2025-12-27 11:00:00,2025,12,27,11,Lào Cai,Xã Khao Mang,21.9078898,103.9748758,67,Moderate,1,12.1,80,0.0,4.0,350,868.8,55,21.7,21.9,385.0,3.5,90.0,18.5
2025-12-27 12:00:00,2025,12,27,12,Lào Cai,Xã Khao Mang,21.9078898,103.9748758,68,Moderate,1,13.8,71,0.0,4.7,302,868.3,86,21.0,21.2,373.0,2.7,95.0,15.9
2025-12-27 13:00:00,2025,12,27,13,Lào Cai,Xã Khao Mang,21.9078898,103.9748758,69,Moderate,1,15.3,68,0.0,8.4,247,868.0,75,21.3,21.5,361.0,2.3,99.0,14.0
2025-12-27 14:00:00,2025,12,27,14,Lào Cai,Xã Khao Mang,21.9078898,103.9748758,70,Moderate,1,15.2,70,0.0,9.5,255,867.4,92,21.9,22.2,338.0,2.1,102.0,13.8
2025-12-27 15:00:00,2025,12,27,15,Lào Cai,Xã Khao Mang,21.9078898,103.9748758,71,Moderate,1,14.8,71,0.0,9.4,257,866.8,95,24.3,24.5,313.0,2.1,104.0,14.4
2025-12-27 16:00:00,2025,12,27,16,Lào Cai,Xã Khao Mang,21.9078898,103.9748758,72,Moderate,1,14.2,72,0.0,7.6,269,866.6,87,25.8,26.1,314.0,3.0,102.0,15.3
2025-12-27 17:00:00,2025,12,27,17,Lào Cai,Xã Khao Mang,21.9078898,103.9748758,74,Moderate,1,13.2,77,0.0,4.5,284,866.5,79,27.2,27.5,363.0,5.5,94.0,16.3
2025-12-27 18:00:00,2025,12,27,18,Lào Cai,Xã Khao Mang,21.9078898,103.9748758,75,Moderate,1,11.4,87,0.0,0.6,342,866.2,93,29.8,29.9,436.0,8.9,81.0,17.5
2025-12-27 19:00:00,2025,12,27,19,Lào Cai,Xã Khao Mang,21.9078898,103.9748758,76,Moderate,1,10.4,90,0.0,1.1,162,866.2,42,33.6,33.9,491.0,8.8,75.0,26.6
2025-12-27 20:00:00,2025,12,27,20,Lào Cai,Xã Khao Mang,21.9078898,103.9748758,77,Moderate,1,9.5,91,0.0,0.8,117,866.4,70,36.4,36.6,510.0,9.1,72.0,27.0
2025-12-27 21:00:00,2025,12,27,21,Lào Cai,Xã Khao Mang,21.9078898,103.9748758,78,Moderate,1,9.4,92,0.0,2.1,105,866.4,72,37.4,37.5,510.0,9.5,67.0,27.5
2025-12-27 22:00:00,2025,12,27,22,Lào Cai,Xã Khao Mang,21.9078898,103.9748758,79,Moderate,1,9.2,94,0.0,1.7,108,866.4,44,38.4,38.5,496.0,9.6,63.0,27.8
2025-12-27 23:00:00,2025,12,27,23,Lào Cai,Xã Khao Mang,21.9078898,103.9748758,80,Moderate,1,8.7,95,0.0,2.5,111,866.1,88,39.9,40.0,461.0,9.3,61.0,27.6
2025-12-28 00:00:00,2025,12,28,0,Lào Cai,Xã Khao Mang,21.9078898,103.9748758,82,Moderate,1,8.9,95,0.0,4.2,108,866.2,96,40.7,40.9,412.0,8.8,59.0,27.2
2025-12-28 01:00:00,2025,12,28,1,Lào Cai,Xã Khao Mang,21.9078898,103.9748758,83,Moderate,1,9.3,91,0.0,3.2,109,866.4,97,39.9,40.0,370.0,8.2,59.0,27.0
2025-12-28 02:00:00,2025,12,28,2,Lào Cai,Xã Khao Mang,21.9078898,103.9748758,85,Moderate,1,9.4,92,0.0,2.7,86,866.4,97,39.3,39.5,338.0,7.3,61.0,27.3
2025-12-28 03:00:00,2025,12,28,3,Lào Cai,Xã Khao Mang,21.9078898,103.9748758,86,Moderate,1,9.7,90,0.0,3.2,63,866.2,100,39.5,39.7,314.0,6.2,65.0,27.7
2025-12-28 04:00:00,2025,12,28,4,Lào Cai,Xã Khao Mang,21.9078898,103.9748758,88,Moderate,1,9.7,90,0.0,3.2,56,866.0,99,39.8,40.0,312.0,5.5,67.0,27.8
2025-12-28 05:00:00,2025,12,28,5,Lào Cai,Xã Khao Mang,21.9078898,103.9748758,89,Moderate,1,9.6,93,0.3,2.5,360,866.3,100,39.9,40.0,351.0,5.6,65.0,27.0
2025-12-28 06:00:00,2025,12,28,6,Lào Cai,Xã Khao Mang,21.9078898,103.9748758,90,Moderate,1,9.3,98,0.6,3.3,54,866.8,100,39.7,39.9,414.0,6.0,61.0,25.8
2025-12-28 07:00:00,2025,12,28,7,Lào Cai,Xã Khao Mang,21.9078898,103.9748758,91,Moderate,1,10.0,93,0.4,1.8,24,867.5,100,26.2,26.3,459.0,5.5,59.0,21.8
2025-12-28 08:00:00,2025,12,28,8,Lào Cai,Xã Khao Mang,21.9078898,103.9748758,91,Moderate,1,10.3,91,0.1,2.8,18,868.5,100,25.3,25.4,474.0,5.0,64.0,20.5
2025-12-28 09:00:00,2025,12,28,9,Lào Cai,Xã Khao Mang,21.9078898,103.9748758,92,Moderate,1,11.0,90,0.2,2.7,23,869.3,100,25.4,25.6,472.0,4.2,71.0,18.6
2025-12-28 10:00:00,2025,12,28,10,Lào Cai,Xã Khao Mang,21.9078898,103.9748758,92,Moderate,1,11.5,88,0.1,2.2,360,869.5,100,26.5,26.6,454.0,3.5,78.0,16.5
2025-12-28 11:00:00,2025,12,28,11,Lào Cai,Xã Khao Mang,21.9078898,103.9748758,92,Moderate,1,12.1,86,0.0,2.1,308,869.1,100,26.5,26.7,411.0,2.8,85.0,13.9
2025-12-28 12:00:00,2025,12,28,12,Lào Cai,Xã Khao Mang,21.9078898,103.9748758,92,Moderate,1,12.9,84,0.1,4.7,263,868.0,100,26.8,27.0,354.0,2.1,92.0,11.2
2025-12-28 13:00:00,2025,12,28,13,Lào Cai,Xã Khao Mang,21.9078898,103.9748758,93,Moderate,1,14.0,77,0.0,7.8,247,867.6,100,26.2,26.4,311.0,1.7,97.0,9.0
2025-12-28 14:00:00,2025,12,28,14,Lào Cai,Xã Khao Mang,21.9078898,103.9748758,93,Moderate,1,14.7,75,0.0,7.8,248,866.9,76,26.4,26.5,292.0,1.1,101.0,7.8
2025-12-28 15:00:00,2025,12,28,15,Lào Cai,Xã Khao Mang,21.9078898,103.9748758,94,Moderate,1,14.9,73,0.0,8.3,254,866.6,49,26.8,27.0,288.0,0.7,103.0,7.2
2025-12-28 16:00:00,2025,12,28,16,Lào Cai,Xã Khao Mang,21.9078898,103.9748758,94,Moderate,1,14.5,75,0.0,7.6,258,866.5,45,27.0,27.2,306.0,1.9,101.0,7.3
2025-12-28 17:00:00,2025,12,28,17,Lào Cai,Xã Khao Mang,21.9078898,103.9748758,94,Moderate,1,13.0,84,0.0,2.6,258,865.8,33,28.3,28.5,364.0,6.0,92.0,8.5
2025-12-28 18:00:00,2025,12,28,18,Lào Cai,Xã Khao Mang,21.9078898,103.9748758,94,Moderate,1,10.8,91,0.0,0.8,135,865.0,5,32.7,32.8,444.0,11.5,78.0,10.4
2025-12-28 19:00:00,2025,12,28,19,Lào Cai,Xã Khao Mang,21.9078898,103.9748758,94,Moderate,1,10.2,94,0.0,2.1,128,865.3,20,22.2,22.2,494.0,14.7,56.0,9.4
2025-12-28 20:00:00,2025,12,28,20,Lào Cai,Xã Khao Mang,21.9078898,103.9748758,93,Moderate,1,9.9,92,0.0,1.9,131,865.6,22,24.9,24.9,486.0,15.8,53.0,10.2
2025-12-28 21:00:00,2025,12,28,21,Lào Cai,Xã Khao Mang,21.9078898,103.9748758,92,Moderate,1,9.4,90,0.0,1.7,131,865.6,38,27.9,27.9,449.0,17.3,50.0,11.2
2025-12-28 22:00:00,2025,12,28,22,Lào Cai,Xã Khao Mang,21.9078898,103.9748758,92,Moderate,1,9.3,91,0.0,1.7,131,865.4,51,31.3,31.4,413.0,18.4,46.0,11.7
2025-12-28 23:00:00,2025,12,28,23,Lào Cai,Xã Khao Mang,21.9078898,103.9748758,91,Moderate,1,8.7,94,0.0,1.4,130,865.0,64,33.2,33.3,389.0,19.1,41.0,11.3
2025-12-29 00:00:00,2025,12,29,0,Lào Cai,Xã Khao Mang,21.9078898,103.9748758,90,Moderate,1,8.2,99,0.0,2.1,121,864.5,99,33.9,34.0,366.0,19.5,37.0,10.4
2025-12-29 01:00:00,2025,12,29,1,Lào Cai,Xã Khao Mang,21.9078898,103.9748758,90,Moderate,1,8.5,97,0.0,2.4,132,864.5,91,34.1,34.1,346.0,18.7,35.0,9.6
2025-12-29 02:00:00,2025,12,29,2,Lào Cai,Xã Khao Mang,21.9078898,103.9748758,89,Moderate,1,9.0,98,0.0,3.0,128,864.1,95,32.5,32.6,326.0,15.9,39.0,9.0
2025-12-29 03:00:00,2025,12,29,3,Lào Cai,Xã Khao Mang,21.9078898,103.9748758,89,Moderate,1,9.1,99,0.0,3.9,127,863.8,100,31.4,31.4,309.0,11.9,46.0,8.4
2025-12-29 04:00:00,2025,12,29,4,Lào Cai,Xã Khao Mang,21.9078898,103.9748758,88,Moderate,1,9.8,98,0.0,3.1,126,864.1,100,29.8,29.9,308.0,8.9,51.0,8.0
2025-12-29 05:00:00,2025,12,29,5,Lào Cai,Xã Khao Mang,21.9078898,103.9748758,87,Moderate,1,10.1,96,0.0,1.5,135,864.3,100,28.8,28.9,341.0,7.9,49.0,7.6
2025-12-29 06:00:00,2025,12,29,6,Lào Cai,Xã Khao Mang,21.9078898,103.9748758,86,Moderate,1,10.2,95,0.0,1.4,140,864.8,100,28.5,28.5,391.0,7.8,45.0,7.4
2025-12-29 07:00:00,2025,12,29,7,Lào Cai,Xã Khao Mang,21.9078898,103.9748758,85,Moderate,1,9.8,96,0.0,0.6,124,865.1,100,15.0,15.0,414.0,7.3,44.0,3.9
2025-12-29 08:00:00,2025,12,29,8,Lào Cai,Xã Khao Mang,21.9078898,103.9748758,84,Moderate,1,11.5,93,0.0,1.9,151,866.6,63,15.1,15.1,384.0,6.0,58.0,4.1
2025-12-29 09:00:00,2025,12,29,9,Lào Cai,Xã Khao Mang,21.9078898,103.9748758,83,Moderate,1,13.7,83,0.0,4.5,263,867.9,48,13.0,13.0,328.0,4.2,78.0,4.4
2025-12-29 10:00:00,2025,12,29,10,Lào Cai,Xã Khao Mang,21.9078898,103.9748758,82,Moderate,1,15.2,75,0.0,8.0,264,868.9,48,11.6,11.7,283.0,2.7,94.0,4.5
2025-12-29 11:00:00,2025,12,29,11,Lào Cai,Xã Khao Mang,21.9078898,103.9748758,81,Moderate,1,16.1,71,0.0,8.5,269,868.5,36,9.7,9.8,263.0,1.9,102.0,4.3
2025-12-29 12:00:00,2025,12,29,12,Lào Cai,Xã Khao Mang,21.9078898,103.9748758,79,Moderate,1,16.6,67,0.0,9.4,270,867.3,47,8.1,8.1,255.0,1.4,106.0,3.9
2025-12-29 13:00:00,2025,12,29,13,Lào Cai,Xã Khao Mang,21.9078898,103.9748758,78,Moderate,1,16.5,64,0.0,8.3,268,866.4,62,7.2,7.3,250.0,1.1,109.0,3.7
2025-12-29 14:00:00,2025,12,29,14,Lào Cai,Xã Khao Mang,21.9078898,103.9748758,76,Moderate,1,17.0,60,0.0,7.7,267,866.2,39,7.4,7.4,242.0,0.6,111.0,3.5
2025-12-29 15:00:00,2025,12,29,15,Lào Cai,Xã Khao Mang,21.9078898,103.9748758,74,Moderate,1,17.0,63,0.0,7.4,270,865.8,52,7.6,7.6,237.0,0.2,112.0,3.5
2025-12-29 16:00:00,2025,12,29,16,Lào Cai,Xã Khao Mang,21.9078898,103.9748758,72,Moderate,1,16.5,66,0.0,5.6,285,865.4,32,8.0,8.0,254.0,1.3,109.0,4.3
2025-12-29 17:00:00,2025,12,29,17,Lào Cai,Xã Khao Mang,21.9078898,103.9748758,71,Moderate,1,15.1,79,0.0,0.3,315,864.9,5,10.6,10.6,314.0,5.3,99.0,6.6
2025-12-29 18:00:00,2025,12,29,18,Lào Cai,Xã Khao Mang,21.9078898,103.9748758,69,Moderate,1,12.6,83,0.0,1.8,143,863.8,2,17.6,17.7,394.0,10.7,85.0,9.7
2025-12-29 19:00:00,2025,12,29,19,Lào Cai,Xã Khao Mang,21.9078898,103.9748758,68,Moderate,1,11.7,84,0.0,2.1,128,863.7,9,20.5,20.7,449.0,15.4,68.0,9.8
2025-12-29 20:00:00,2025,12,29,20,Lào Cai,Xã Khao Mang,21.9078898,103.9748758,68,Moderate,1,11.4,84,0.0,2.4,132,864.0,12,26.0,26.2,454.0,15.8,65.0,11.4
2025-12-29 21:00:00,2025,12,29,21,Lào Cai,Xã Khao Mang,21.9078898,103.9748758,68,Moderate,1,11.0,84,0.0,1.9,119,864.3,2,30.5,30.7,432.0,16.4,60.0,13.6
2025-12-29 22:00:00,2025,12,29,22,Lào Cai,Xã Khao Mang,21.9078898,103.9748758,68,Moderate,1,10.7,85,0.0,2.3,119,864.3,7,34.5,34.7,407.0,16.1,56.0,15.3
2025-12-29 23:00:00,2025,12,29,23,Lào Cai,Xã Khao Mang,21.9078898,103.9748758,68,Moderate,1,10.6,87,0.0,2.3,119,864.2,12,35.2,35.3,384.0,14.4,54.0,15.8
2025-12-30 00:00:00,2025,12,30,0,Lào Cai,Xã Khao Mang,21.9078898,103.9748758,68,Moderate,1,10.3,88,0.0,2.2,114,864.0,2,38.6,38.8,357.0,12.0,52.0,15.9
2025-12-30 01:00:00,2025,12,30,1,Lào Cai,Xã Khao Mang,21.9078898,103.9748758,69,Moderate,1,9.9,89,0.0,1.7,122,863.9,10,42.3,42.4,331.0,9.9,51.0,16.0
2025-12-30 02:00:00,2025,12,30,2,Lào Cai,Xã Khao Mang,21.9078898,103.9748758,70,Moderate,1,9.7,89,0.0,2.1,105,863.6,9,45.5,45.6,302.0,8.6,50.0,16.4
2025-12-30 03:00:00,2025,12,30,3,Lào Cai,Xã Khao Mang,21.9078898,103.9748758,71,Moderate,1,9.5,89,0.0,2.3,108,863.1,11,48.1,48.2,273.0,7.6,49.0,17.0
2025-12-30 04:00:00,2025,12,30,4,Lào Cai,Xã Khao Mang,21.9078898,103.9748758,72,Moderate,1,9.5,89,0.0,2.3,108,863.2,19,49.0,49.1,262.0,6.8,50.0,17.9
2025-12-30 05:00:00,2025,12,30,5,Lào Cai,Xã Khao Mang,21.9078898,103.9748758,74,Moderate,1,9.4,91,0.0,1.9,112,863.2,22,48.8,48.9,283.0,6.4,52.0,19.3
2025-12-30 06:00:00,2025,12,30,6,Lào Cai,Xã Khao Mang,21.9078898,103.9748758,76,Moderate,1,9.1,92,0.0,1.9,112,863.6,24,47.6,47.7,322.0,6.2,55.0,21.1
2025-12-30 07:00:00,2025,12,30,7,Lào Cai,Xã Khao Mang,21.9078898,103.9748758,77,Moderate,1,8.3,93,0.0,2.0,117,863.9,16,51.1,51.3,348.0,6.5,55.0,17.5
2025-12-30 08:00:00,2025,12,30,8,Lào Cai,Xã Khao Mang,21.9078898,103.9748758,81,Moderate,1,11.5,88,0.0,2.4,99,866.1,11,46.8,47.0,348.0,5.4,67.0,17.3
2025-12-30 09:00:00,2025,12,30,9,Lào Cai,Xã Khao Mang,21.9078898,103.9748758,83,Moderate,1,13.7,81,0.0,2.4,324,867.8,22,40.0,40.2,335.0,3.8,84.0,16.9
2025-12-30 10:00:00,2025,12,30,10,Lào Cai,Xã Khao Mang,21.9078898,103.9748758,86,Moderate,1,15.5,72,0.0,5.6,297,868.4,80,34.7,34.8,320.0,2.6,97.0,16.1
2025-12-30 11:00:00,2025,12,30,11,Lào Cai,Xã Khao Mang,21.9078898,103.9748758,88,Moderate,1,16.6,67,0.0,7.5,278,868.2,80,27.3,27.5,304.0,1.9,103.0,14.5
2025-12-30 12:00:00,2025,12,30,12,Lào Cai,Xã Khao Mang,21.9078898,103.9748758,89,Moderate,1,17.4,64,0.0,9.2,268,867.1,83,24.9,25.1,287.0,1.6,106.0,12.5
2025-12-30 13:00:00,2025,12,30,13,Lào Cai,Xã Khao Mang,21.9078898,103.9748758,91,Moderate,1,17.7,62,0.0,8.0,265,866.3,66,23.3,23.6,277.0,1.4,108.0,10.7
2025-12-30 14:00:00,2025,12,30,14,Lào Cai,Xã Khao Mang,21.9078898,103.9748758,92,Moderate,1,17.4,62,0.0,9.5,261,865.3,81,20.8,21.1,274.0,0.8,110.0,9.2
2025-12-30 15:00:00,2025,12,30,15,Lào Cai,Xã Khao Mang,21.9078898,103.9748758,94,Moderate,1,17.1,63,0.0,9.5,255,864.9,52,19.6,19.9,279.0,0.3,110.0,8.0
2025-12-30 16:00:00,2025,12,30,16,Lào Cai,Xã Khao Mang,21.9078898,103.9748758,95,Moderate,1,16.6,68,0.0,8.2,251,864.4,32,19.2,19.5,303.0,1.6,106.0,7.6
2025-12-30 17:00:00,2025,12,30,17,Lào Cai,Xã Khao Mang,21.9078898,103.9748758,96,Moderate,1,15.1,80,0.0,3.3,276,863.8,21,20.3,20.5,369.0,6.4,94.0,8.6
2025-12-30 18:00:00,2025,12,30,18,Lào Cai,Xã Khao Mang,21.9078898,103.9748758,96,Moderate,1,12.6,88,0.0,0.4,153,862.8,44,24.9,25.1,454.0,12.9,78.0,10.4
2025-12-30 19:00:00,2025,12,30,19,Lào Cai,Xã Khao Mang,21.9078898,103.9748758,97,Moderate,1,11.8,90,0.0,1.7,131,862.8,52,26.4,26.6,503.0,16.3,65.0,10.5
2025-12-30 20:00:00,2025,12,30,20,Lào Cai,Xã Khao Mang,21.9078898,103.9748758,98,Moderate,1,11.3,89,0.0,2.1,128,863.0,63,29.3,29.5,484.0,17.6,62.0,11.3
2025-12-30 21:00:00,2025,12,30,21,Lào Cai,Xã Khao Mang,21.9078898,103.9748758,98,Moderate,1,10.5,89,0.0,1.9,131,862.9,76,31.4,31.7,428.0,19.4,57.0,12.4
2025-12-30 22:00:00,2025,12,30,22,Lào Cai,Xã Khao Mang,21.9078898,103.9748758,98,Moderate,1,10.1,90,0.0,2.2,132,862.7,88,32.8,33.1,378.0,20.6,52.0,12.9
2025-12-30 23:00:00,2025,12,30,23,Lào Cai,Xã Khao Mang,21.9078898,103.9748758,98,Moderate,1,9.5,92,0.0,2.4,132,862.6,98,33.6,33.9,347.0,21.0,48.0,12.6
2025-12-31 00:00:00,2025,12,31,0,Lào Cai,Xã Khao Mang,21.9078898,103.9748758,98,Moderate,1,9.9,90,0.0,2.4,132,862.5,54,33.4,33.5,321.0,20.8,45.0,11.7
2025-12-31 01:00:00,2025,12,31,1,Lào Cai,Xã Khao Mang,21.9078898,103.9748758,97,Moderate,1,8.7,97,0.0,2.4,132,862.0,89,32.8,33.1,300.0,20.2,41.0,10.5
2025-12-31 02:00:00,2025,12,31,2,Lào Cai,Xã Khao Mang,21.9078898,103.9748758,96,Moderate,1,8.8,97,0.0,3.0,128,861.7,74,31.4,31.7,280.0,18.9,35.0,8.6
2025-12-31 03:00:00,2025,12,31,3,Lào Cai,Xã Khao Mang,21.9078898,103.9748758,95,Moderate,1,8.7,98,0.0,3.5,129,861.4,64,29.9,30.0,265.0,17.1,29.0,6.4
2025-12-31 04:00:00,2025,12,31,4,Lào Cai,Xã Khao Mang,21.9078898,103.9748758,94,Moderate,1,8.6,99,0.0,4.1,128,861.2,63,28.4,28.6,265.0,15.7,25.0,4.8
2025-12-31 05:00:00,2025,12,31,5,Lào Cai,Xã Khao Mang,21.9078898,103.9748758,92,Moderate,1,8.6,99,0.0,3.5,129,861.0,63,27.1,27.2,295.0,15.6,21.0,4.2
2025-12-31 06:00:00,2025,12,31,6,Lào Cai,Xã Khao Mang,21.9078898,103.9748758,90,Moderate,1,8.6,98,0.0,2.7,127,861.3,61,26.0,26.2,340.0,15.9,19.0,4.2
2025-12-31 07:00:00,2025,12,31,7,Lào Cai,Xã Khao Mang,21.9078898,103.9748758,88,Moderate,1,10.1,87,0.0,1.8,143,862.5,5,24.4,24.7,362.0,10.7,47.0,5.5
2025-12-31 08:00:00,2025,12,31,8,Lào Cai,Xã Khao Mang,21.9078898,103.9748758,86,Moderate,1,13.2,82,0.0,2.7,160,864.6,8,23.2,23.4,337.0,8.2,63.0,5.7
2025-12-31 09:00:00,2025,12,31,9,Lào Cai,Xã Khao Mang,21.9078898,103.9748758,83,Moderate,1,15.0,78,0.0,4.4,249,865.8,4,20.4,20.7,288.0,4.7,85.0,6.0
2025-12-31 10:00:00,2025,12,31,10,Lào Cai,Xã Khao Mang,21.9078898,103.9748758,82,Moderate,1,16.3,72,0.0,7.3,260,866.4,20,14.8,15.1,249.0,2.1,102.0,6.1
2025-12-31 11:00:00,2025,12,31,11,Lào Cai,Xã Khao Mang,21.9078898,103.9748758,80,Moderate,1,17.2,67,0.0,9.2,271,866.1,30,11.1,11.5,233.0,1.1,109.0,5.9
2025-12-31 12:00:00,2025,12,31,12,Lào Cai,Xã Khao Mang,21.9078898,103.9748758,78,Moderate,1,17.8,63,0.0,10.6,266,865.0,31,9.5,9.9,226.0,0.8,111.0,5.4
2025-12-31 13:00:00,2025,12,31,13,Lào Cai,Xã Khao Mang,21.9078898,103.9748758,77,Moderate,1,18.1,60,0.0,8.8,268,864.2,20,8.5,8.9,222.0,0.8,112.0,5.1
2025-12-31 14:00:00,2025,12,31,14,Lào Cai,Xã Khao Mang,21.9078898,103.9748758,76,Moderate,1,18.0,61,0.0,9.6,274,863.2,23,7.9,8.4,213.0,0.3,114.0,4.8
2025-12-31 15:00:00,2025,12,31,15,Lào Cai,Xã Khao Mang,21.9078898,103.9748758,75,Moderate,1,17.6,62,0.0,7.2,269,862.7,13,7.8,8.3,206.0,0.0,114.0,4.5
2025-12-31 16:00:00,2025,12,31,16,Lào Cai,Xã Khao Mang,21.9078898,103.9748758,74,Moderate,1,17.2,65,0.0,6.5,267,862.4,13,8.1,8.6,223.0,1.2,110.0,4.7
2025-12-31 17:00:00,2025,12,31,17,Lào Cai,Xã Khao Mang,21.9078898,103.9748758,73,Moderate,1,15.5,80,0.0,2.5,278,861.8,6,9.3,9.8,289.0,5.4,100.0,5.8
2025-12-31 18:00:00,2025,12,31,18,Lào Cai,Xã Khao Mang,21.9078898,103.9748758,72,Moderate,1,13.4,83,0.0,0.9,143,861.3,9,12.1,12.5,378.0,11.1,85.0,7.3
2025-12-31 19:00:00,2025,12,31,19,Lào Cai,Xã Khao Mang,21.9078898,103.9748758,71,Moderate,1,12.4,88,0.0,2.1,128,860.9,4,15.9,16.4,432.0,14.6,73.0,7.7
2025-12-31 20:00:00,2025,12,31,20,Lào Cai,Xã Khao Mang,21.9078898,103.9748758,70,Moderate,1,12.2,84,0.0,2.2,125,861.8,13,18.6,19.1,417.0,16.5,68.0,8.8
2025-12-31 21:00:00,2025,12,31,21,Lào Cai,Xã Khao Mang,21.9078898,103.9748758,69,Moderate,1,12.0,83,0.0,2.2,125,862.2,13,21.9,22.4,367.0,19.1,61.0,10.2
2025-12-31 22:00:00,2025,12,31,22,Lào Cai,Xã Khao Mang,21.9078898,103.9748758,68,Moderate,1,11.6,82,0.0,1.9,124,862.2,3,25.1,25.6,326.0,20.1,55.0,11.0
2025-12-31 23:00:00,2025,12,31,23,Lào Cai,Xã Khao Mang,21.9078898,103.9748758,67,Moderate,1,11.2,83,0.0,2.4,126,862.1,2,27.2,27.5,313.0,18.1,52.0,10.6
2026-01-01 00:00:00,2026,1,1,0,Lào Cai,Xã Khao Mang,21.9078898,103.9748758,67,Moderate,1,10.7,85,0.0,2.5,120,861.8,0,27.9,28.2,310.0,14.7,50.0,9.5
2026-01-01 01:00:00,2026,1,1,1,Lào Cai,Xã Khao Mang,21.9078898,103.9748758,66,Moderate,1,10.2,87,0.0,2.5,120,861.6,12,27.3,27.6,303.0,11.7,49.0,8.8
2026-01-01 02:00:00,2026,1,1,2,Lào Cai,Xã Khao Mang,21.9078898,103.9748758,66,Moderate,1,10.6,86,0.0,2.7,122,861.6,38,25.8,26.1,284.0,10.1,48.0,8.7
2026-01-01 03:00:00,2026,1,1,3,Lào Cai,Xã Khao Mang,21.9078898,103.9748758,65,Moderate,1,10.3,88,0.0,1.6,117,861.7,34,21.4,21.5,261.0,9.1,47.0,8.9
2026-01-01 04:00:00,2026,1,1,4,Lào Cai,Xã Khao Mang,21.9078898,103.9748758,64,Moderate,1,10.2,88,0.0,2.5,111,861.8,38,16.5,16.6,253.0,8.2,48.0,9.5
2026-01-01 05:00:00,2026,1,1,5,Lào Cai,Xã Khao Mang,21.9078898,103.9748758,63,Moderate,1,10.6,87,0.0,2.3,119,862.3,28,13.0,13.2,276.0,7.5,50.0,10.8
2026-01-01 06:00:00,2026,1,1,6,Lào Cai,Xã Khao Mang,21.9078898,103.9748758,62,Moderate,1,10.0,88,0.0,1.8,127,862.6,28,9.6,9.7,313.0,7.0,52.0,12.4
2026-01-01 07:00:00,2026,1,1,7,Lào Cai,Xã Khao Mang,21.9078898,103.9748758,61,Moderate,1,10.1,88,0.0,3.3,131,863.5,23,9.6,9.6,333.0,7.9,47.0,13.1
2026-01-01 08:00:00,2026,1,1,8,Lào Cai,Xã Khao Mang,21.9078898,103.9748758,59,Moderate,1,12.8,80,0.0,3.4,108,866.1,16,7.9,8.0,316.0,7.1,52.0,14.8
2026-01-01 09:00:00,2026,1,1,9,Lào Cai,Xã Khao Mang,21.9078898,103.9748758,58,Moderate,1,15.3,72,0.0,2.4,333,868.0,20,6.7,6.8,280.0,6.1,60.0,17.1
2026-01-01 10:00:00,2026,1,1,10,Lào Cai,Xã Khao Mang,21.9078898,103.9748758,57,Moderate,1,16.8,66,0.0,4.1,293,868.7,19,6.4,6.5,254.0,5.0,69.0,17.7
2026-01-01 11:00:00,2026,1,1,11,Lào Cai,Xã Khao Mang,21.9078898,103.9748758,56,Moderate,1,17.6,64,0.1,7.3,298,868.7,26,7.8,7.9,247.0,4.0,79.0,15.1
2026-01-01 12:00:00,2026,1,1,12,Lào Cai,Xã Khao Mang,21.9078898,103.9748758,56,Moderate,1,17.2,68,0.3,7.0,302,867.8,43,9.5,9.7,249.0,3.0,91.0,10.9
2026-01-01 13:00:00,2026,1,1,13,Lào Cai,Xã Khao Mang,21.9078898,103.9748758,56,Moderate,1,18.2,59,0.2,8.6,269,867.3,23,11.4,11.6,254.0,2.4,99.0,7.6
2026-01-01 14:00:00,2026,1,1,14,Lào Cai,Xã Khao Mang,21.9078898,103.9748758,56,Moderate,1,18.4,55,0.0,8.3,283,866.8,19,11.8,12.1,260.0,2.1,103.0,6.1
2026-01-01 15:00:00,2026,1,1,15,Lào Cai,Xã Khao Mang,21.9078898,103.9748758,56,Moderate,1,18.3,53,0.0,6.7,289,866.9,9,12.1,12.5,269.0,2.1,103.0,5.5
2026-01-01 16:00:00,2026,1,1,16,Lào Cai,Xã Khao Mang,21.9078898,103.9748758,57,Moderate,1,17.9,54,0.0,5.1,321,866.8,13,12.0,12.3,287.0,2.6,101.0,5.2
2026-01-01 17:00:00,2026,1,1,17,Lào Cai,Xã Khao Mang,21.9078898,103.9748758,57,Moderate,1,15.9,70,0.0,3.1,13,866.5,37,12.4,12.6,324.0,4.0,96.0,5.2
2026-01-01 18:00:00,2026,1,1,18,Lào Cai,Xã Khao Mang,21.9078898,103.9748758,57,Moderate,1,13.3,85,0.0,3.6,70,866.4,52,13.2,13.4,370.0,5.9,88.0,5.6
2026-01-01 19:00:00,2026,1,1,19,Lào Cai,Xã Khao Mang,21.9078898,103.9748758,57,Moderate,1,12.7,84,0.1,4.3,105,866.0,34,17.5,17.6,397.0,9.3,68.0,6.6
2026-01-01 20:00:00,2026,1,1,20,Lào Cai,Xã Khao Mang,21.9078898,103.9748758,58,Moderate,1,12.3,87,0.0,8.3,89,866.3,34,13.5,13.6,382.0,8.7,66.0,6.4
2026-01-01 21:00:00,2026,1,1,21,Lào Cai,Xã Khao Mang,21.9078898,103.9748758,57,Moderate,1,11.9,90,0.0,8.1,87,866.9,64,9.4,9.5,347.0,7.8,63.0,6.0
2026-01-01 22:00:00,2026,1,1,22,Lào Cai,Xã Khao Mang,21.9078898,103.9748758,56,Moderate,1,11.9,91,0.0,7.8,85,867.5,93,6.2,6.3,337.0,6.9,62.0,5.7
2026-01-01 23:00:00,2026,1,1,23,Lào Cai,Xã Khao Mang,21.9078898,103.9748758,54,Moderate,1,12.0,91,0.0,6.2,78,868.0,52,4.2,4.3,381.0,6.0,64.0,5.5
2026-01-02 00:00:00,2026,1,2,0,Lào Cai,Xã Khao Mang,21.9078898,103.9748758,52,Moderate,1,11.7,92,0.0,6.1,71,868.1,48,4.2,4.2,450.0,5.1,67.0,5.3
2026-01-02 01:00:00,2026,1,2,1,Lào Cai,Xã Khao Mang,21.9078898,103.9748758,50,Good,0,11.8,95,0.0,6.6,69,867.9,50,4.1,4.1,492.0,4.4,69.0,5.2
2026-01-02 02:00:00,2026,1,2,2,Lào Cai,Xã Khao Mang,21.9078898,103.9748758,46,Good,0,11.6,91,0.0,5.9,63,867.6,36,4.1,4.1,477.0,3.9,70.0,5.2
2026-01-02 03:00:00,2026,1,2,3,Lào Cai,Xã Khao Mang,21.9078898,103.9748758,42,Good,0,11.1,91,0.0,6.0,81,867.5,54,4.1,4.1,437.0,3.6,69.0,5.2
2026-01-02 04:00:00,2026,1,2,4,Lào Cai,Xã Khao Mang,21.9078898,103.9748758,39,Good,0,10.9,89,0.0,6.5,76,867.3,45,4.0,4.0,415.0,3.5,69.0,5.3
2026-01-02 05:00:00,2026,1,2,5,Lào Cai,Xã Khao Mang,21.9078898,103.9748758,37,Good,0,10.5,88,0.0,6.0,74,867.2,100,4.0,4.0,437.0,3.6,68.0,5.3
2026-01-02 06:00:00,2026,1,2,6,Lào Cai,Xã Khao Mang,21.9078898,103.9748758,36,Good,0,10.4,88,0.0,5.9,78,867.6,70,4.2,4.3,478.0,3.8,66.0,5.3
2026-01-02 07:00:00,2026,1,2,7,Lào Cai,Xã Khao Mang,21.9078898,103.9748758,35,Good,0,10.6,93,0.0,6.3,77,868.4,73,11.4,11.5,503.0,4.4,63.0,6.7
2026-01-02 08:00:00,2026,1,2,8,Lào Cai,Xã Khao Mang,21.9078898,103.9748758,35,Good,0,11.6,87,0.0,6.6,68,869.8,85,10.4,10.5,491.0,4.3,66.0,6.9
2026-01-02 09:00:00,2026,1,2,9,Lào Cai,Xã Khao Mang,21.9078898,103.9748758,36,Good,0,12.8,80,0.0,5.9,67,871.1,84,8.8,8.9,464.0,4.1,70.0,7.2
2026-01-02 10:00:00,2026,1,2,10,Lào Cai,Xã Khao Mang,21.9078898,103.9748758,36,Good,0,14.1,73,0.0,4.0,36,871.6,100,9.1,9.2,453.0,3.9,74.0,7.3
2026-01-02 11:00:00,2026,1,2,11,Lào Cai,Xã Khao Mang,21.9078898,103.9748758,36,Good,0,14.1,75,0.1,4.6,347,871.4,97,9.2,9.3,477.0,3.5,78.0,6.9
2026-01-02 12:00:00,2026,1,2,12,Lào Cai,Xã Khao Mang,21.9078898,103.9748758,37,Good,0,13.9,78,0.2,5.0,347,870.5,95,10.1,10.2,518.0,3.0,82.0,6.2
2026-01-02 13:00:00,2026,1,2,13,Lào Cai,Xã Khao Mang,21.9078898,103.9748758,37,Good,0,14.1,85,0.2,3.0,308,869.2,39,11.2,11.4,551.0,2.8,85.0,5.7
2026-01-02 14:00:00,2026,1,2,14,Lào Cai,Xã Khao Mang,21.9078898,103.9748758,37,Good,0,14.6,81,0.4,3.9,24,868.9,45,11.9,12.0,563.0,2.9,86.0,5.5
2026-01-02 15:00:00,2026,1,2,15,Lào Cai,Xã Khao Mang,21.9078898,103.9748758,37,Good,0,14.8,75,0.2,5.4,20,868.7,46,13.3,13.4,567.0,3.2,85.0,5.5
2026-01-02 16:00:00,2026,1,2,16,Lào Cai,Xã Khao Mang,21.9078898,103.9748758,37,Good,0,13.8,80,0.1,6.5,19,868.2,48,12.1,12.3,576.0,3.7,83.0,5.8
2026-01-02 17:00:00,2026,1,2,17,Lào Cai,Xã Khao Mang,21.9078898,103.9748758,37,Good,0,11.9,86,0.0,5.6,29,868.0,64,12.0,12.1,598.0,4.6,78.0,6.7
2026-01-02 18:00:00,2026,1,2,18,Lào Cai,Xã Khao Mang,21.9078898,103.9748758,38,Good,0,10.1,94,0.0,4.7,47,867.8,69,12.7,12.7,625.0,5.8,71.0,7.8
2026-01-02 19:00:00,2026,1,2,19,Lào Cai,Xã Khao Mang,21.9078898,103.9748758,38,Good,0,10.5,95,0.0,7.2,65,868.2,95,17.3,17.4,643.0,4.5,66.0,9.1
2026-01-02 20:00:00,2026,1,2,20,Lào Cai,Xã Khao Mang,21.9078898,103.9748758,37,Good,0,10.2,93,0.0,6.8,63,868.8,68,17.8,17.9,644.0,4.8,62.0,9.6
2026-01-02 21:00:00,2026,1,2,21,Lào Cai,Xã Khao Mang,21.9078898,103.9748758,37,Good,0,9.8,94,0.0,6.0,69,869.5,75,17.9,18.0,636.0,5.2,58.0,10.3
2026-01-02 22:00:00,2026,1,2,22,Lào Cai,Xã Khao Mang,21.9078898,103.9748758,39,Good,0,9.6,95,0.0,5.4,69,869.7,63,17.8,17.9,627.0,5.5,53.0,10.8
2026-01-02 23:00:00,2026,1,2,23,Lào Cai,Xã Khao Mang,21.9078898,103.9748758,41,Good,0,9.4,95,0.0,4.6,77,869.5,15,17.2,17.3,619.0,5.7,50.0,10.9
2026-01-03 00:00:00,2026,1,3,0,Lào Cai,Xã Khao Mang,21.9078898,103.9748758,43,Good,0,9.1,96,0.0,4.8,75,869.5,45,16.5,16.5,611.0,5.8,47.0,10.9
2026-01-03 01:00:00,2026,1,3,1,Lào Cai,Xã Khao Mang,21.9078898,103.9748758,45,Good,0,9.8,96,0.0,4.4,71,869.3,100,15.5,15.6,605.0,5.9,44.0,11.0
2026-01-03 02:00:00,2026,1,3,2,Lào Cai,Xã Khao Mang,21.9078898,103.9748758,47,Good,0,9.5,96,0.0,3.0,57,869.0,100,14.6,14.7,607.0,6.0,42.0,11.4
2026-01-03 03:00:00,2026,1,3,3,Lào Cai,Xã Khao Mang,21.9078898,103.9748758,49,Good,0,9.4,96,0.0,2.7,48,868.7,100,13.6,13.7,611.0,6.1,40.0,12.1
2026-01-03 04:00:00,2026,1,3,4,Lào Cai,Xã Khao Mang,21.9078898,103.9748758,50,Good,0,9.2,96,0.0,2.5,60,868.5,100,13.0,13.0,601.0,6.3,38.0,12.7
2026-01-03 05:00:00,2026,1,3,5,Lào Cai,Xã Khao Mang,21.9078898,103.9748758,51,Moderate,1,9.1,96,0.0,2.7,58,868.5,100,12.6,12.6,567.0,6.8,35.0,13.3
2026-01-03 06:00:00,2026,1,3,6,Lào Cai,Xã Khao Mang,21.9078898,103.9748758,52,Moderate,1,9.0,97,0.0,3.4,74,868.7,100,12.0,12.1,519.0,7.5,32.0,13.9
2026-01-03 07:00:00,2026,1,3,7,Lào Cai,Xã Khao Mang,21.9078898,103.9748758,53,Moderate,1,9.3,93,0.0,2.5,86,869.2,80,9.8,9.8,475.0,8.6,28.0,14.2
2026-01-03 08:00:00,2026,1,3,8,Lào Cai,Xã Khao Mang,21.9078898,103.9748758,53,Moderate,1,10.3,87,0.0,3.0,52,870.2,48,8.3,8.3,438.0,8.5,32.0,15.0
2026-01-03 09:00:00,2026,1,3,9,Lào Cai,Xã Khao Mang,21.9078898,103.9748758,52,Moderate,1,11.9,76,0.0,1.3,352,871.2,78,7.7,7.7,404.0,8.3,38.0,16.0
2026-01-03 10:00:00,2026,1,3,10,Lào Cai,Xã Khao Mang,21.9078898,103.9748758,52,Moderate,1,13.0,70,0.0,2.3,266,871.6,100,8.2,8.3,383.0,7.9,45.0,16.1
2026-01-03 11:00:00,2026,1,3,11,Lào Cai,Xã Khao Mang,21.9078898,103.9748758,52,Moderate,1,12.7,73,0.0,3.8,273,871.0,99,8.9,9.0,380.0,7.1,55.0,14.6
2026-01-03 12:00:00,2026,1,3,12,Lào Cai,Xã Khao Mang,21.9078898,103.9748758,52,Moderate,1,13.3,73,0.0,5.4,262,870.1,100,10.9,11.0,391.0,6.2,66.0,12.3
2026-01-03 13:00:00,2026,1,3,13,Lào Cai,Xã Khao Mang,21.9078898,103.9748758,52,Moderate,1,13.0,75,0.0,5.9,259,869.4,100,12.3,12.5,407.0,5.5,75.0,10.5
2026-01-03 14:00:00,2026,1,3,14,Lào Cai,Xã Khao Mang,21.9078898,103.9748758,52,Moderate,1,13.1,76,0.0,5.8,268,868.1,100,13.6,13.7,429.0,5.1,80.0,9.5
2026-01-03 15:00:00,2026,1,3,15,Lào Cai,Xã Khao Mang,21.9078898,103.9748758,52,Moderate,1,13.2,78,0.0,6.2,291,867.5,100,14.9,15.0,456.0,5.0,82.0,9.0
2026-01-03 16:00:00,2026,1,3,16,Lào Cai,Xã Khao Mang,21.9078898,103.9748758,53,Moderate,1,12.8,80,0.0,3.4,288,866.9,100,16.3,16.4,485.0,5.4,81.0,9.1
2026-01-03 17:00:00,2026,1,3,17,Lào Cai,Xã Khao Mang,21.9078898,103.9748758,53,Moderate,1,12.3,82,0.0,2.5,300,866.8,52,17.9,18.0,518.0,6.9,76.0,10.2
2026-01-03 18:00:00,2026,1,3,18,Lào Cai,Xã Khao Mang,21.9078898,103.9748758,53,Moderate,1,11.6,86,0.0,1.4,23,866.7,59,20.0,20.1,552.0,9.0,67.0,12.0
2026-01-03 19:00:00,2026,1,3,19,Lào Cai,Xã Khao Mang,21.9078898,103.9748758,54,Moderate,1,10.9,93,0.0,2.1,149,866.7,59,24.3,24.4,575.0,9.0,54.0,14.6
2026-01-03 20:00:00,2026,1,3,20,Lào Cai,Xã Khao Mang,21.9078898,103.9748758,55,Moderate,1,10.8,92,0.0,1.3,124,867.2,77,24.4,24.6,582.0,9.4,49.0,15.5
2026-01-03 21:00:00,2026,1,3,21,Lào Cai,Xã Khao Mang,21.9078898,103.9748758,55,Moderate,1,10.1,94,0.0,2.3,86,867.3,62,25.3,25.4,579.0,10.0,43.0,16.7
2026-01-03 22:00:00,2026,1,3,22,Lào Cai,Xã Khao Mang,21.9078898,103.9748758,56,Moderate,1,9.4,98,0.0,3.5,105,867.2,89,24.1,24.2,566.0,10.5,37.0,17.6
2026-01-03 23:00:00,2026,1,3,23,Lào Cai,Xã Khao Mang,21.9078898,103.9748758,57,Moderate,1,9.1,99,0.0,3.6,99,867.3,87,23.9,23.9,542.0,10.8,33.0,17.7
2026-01-04 00:00:00,2026,1,4,0,Lào Cai,Xã Khao Mang,21.9078898,103.9748758,57,Moderate,1,8.6,100,0.0,2.8,101,867.2,100,24.3,24.3,508.0,11.0,29.0,17.4
2026-01-04 01:00:00,2026,1,4,1,Lào Cai,Xã Khao Mang,21.9078898,103.9748758,58,Moderate,1,10.2,93,0.0,2.7,90,867.6,96,24.1,24.2,473.0,11.1,26.0,17.2
2026-01-04 02:00:00,2026,1,4,2,Lào Cai,Xã Khao Mang,21.9078898,103.9748758,59,Moderate,1,9.7,96,0.0,2.1,75,867.2,89,24.3,24.4,432.0,11.1,24.0,17.4
2026-01-04 03:00:00,2026,1,4,3,Lào Cai,Xã Khao Mang,21.9078898,103.9748758,59,Moderate,1,9.4,97,0.0,1.5,60,866.9,100,22.7,22.8,389.0,11.1,23.0,17.7
2026-01-04 04:00:00,2026,1,4,4,Lào Cai,Xã Khao Mang,21.9078898,103.9748758,60,Moderate,1,9.6,95,0.0,2.3,86,867.0,100,20.3,20.3,367.0,10.8,23.0,17.7
2026-01-04 05:00:00,2026,1,4,5,Lào Cai,Xã Khao Mang,21.9078898,103.9748758,61,Moderate,1,9.7,95,0.0,1.5,97,867.0,99,16.8,16.8,384.0,10.3,25.0,17.4
2026-01-04 06:00:00,2026,1,4,6,Lào Cai,Xã Khao Mang,21.9078898,103.9748758,61,Moderate,1,9.5,95,0.1,0.9,101,867.3,100,15.1,15.2,421.0,9.5,29.0,16.8
2026-01-04 07:00:00,2026,1,4,7,Lào Cai,Xã Khao Mang,21.9078898,103.9748758,62,Moderate,1,9.4,94,0.1,1.6,153,867.5,82,7.9,8.0,445.0,9.3,31.0,16.0
2026-01-04 08:00:00,2026,1,4,8,Lào Cai,Xã Khao Mang,21.9078898,103.9748758,61,Moderate,1,10.4,90,0.0,0.3,45,869.0,40,5.3,5.3,437.0,7.9,42.0,14.2
2026-01-04 09:00:00,2026,1,4,9,Lào Cai,Xã Khao Mang,21.9078898,103.9748758,61,Moderate,1,12.2,82,0.0,1.0,239,870.4,47,5.4,5.4,415.0,5.9,57.0,11.6
2026-01-04 10:00:00,2026,1,4,10,Lào Cai,Xã Khao Mang,21.9078898,103.9748758,61,Moderate,1,13.8,76,0.0,5.3,262,871.1,100,7.3,7.3,402.0,4.2,70.0,9.4
2026-01-04 11:00:00,2026,1,4,11,Lào Cai,Xã Khao Mang,21.9078898,103.9748758,61,Moderate,1,14.4,75,0.0,7.6,266,870.7,100,9.4,9.5,407.0,3.3,79.0,7.8
2026-01-04 12:00:00,2026,1,4,12,Lào Cai,Xã Khao Mang,21.9078898,103.9748758,61,Moderate,1,14.8,74,0.1,9.0,272,869.7,91,10.6,10.7,421.0,2.7,87.0,6.5
2026-01-04 13:00:00,2026,1,4,13,Lào Cai,Xã Khao Mang,21.9078898,103.9748758,61,Moderate,1,14.9,74,0.0,9.0,267,868.9,64,12.0,12.0,431.0,2.3,92.0,5.6
2026-01-04 14:00:00,2026,1,4,14,Lào Cai,Xã Khao Mang,21.9078898,103.9748758,61,Moderate,1,14.3,78,0.0,7.4,270,868.1,89,13.4,13.4,426.0,1.7,97.0,5.0
2026-01-04 15:00:00,2026,1,4,15,Lào Cai,Xã Khao Mang,21.9078898,103.9748758,61,Moderate,1,14.5,76,0.0,5.6,274,867.4,84,14.4,14.4,418.0,1.4,99.0,4.8
2026-01-04 16:00:00,2026,1,4,16,Lào Cai,Xã Khao Mang,21.9078898,103.9748758,61,Moderate,1,14.7,76,0.0,7.4,277,867.2,96,15.8,15.9,433.0,2.3,97.0,5.1
2026-01-04 17:00:00,2026,1,4,17,Lào Cai,Xã Khao Mang,21.9078898,103.9748758,61,Moderate,1,13.3,85,0.0,4.7,288,866.6,70,18.0,18.1,497.0,5.8,86.0,6.2
2026-01-04 18:00:00,2026,1,4,18,Lào Cai,Xã Khao Mang,21.9078898,103.9748758,61,Moderate,1,11.5,92,0.0,0.2,90,866.0,80,21.0,21.1,584.0,10.5,71.0,7.9
2026-01-04 19:00:00,2026,1,4,19,Lào Cai,Xã Khao Mang,21.9078898,103.9748758,61,Moderate,1,11.0,95,0.0,2.1,128,866.2,71,21.0,21.0,636.0,12.7,59.0,8.8
2026-01-04 20:00:00,2026,1,4,20,Lào Cai,Xã Khao Mang,21.9078898,103.9748758,61,Moderate,1,10.5,94,0.0,1.7,122,866.8,54,22.2,22.2,622.0,12.5,56.0,10.0
2026-01-04 21:00:00,2026,1,4,21,Lào Cai,Xã Khao Mang,21.9078898,103.9748758,60,Moderate,1,10.5,92,0.0,1.8,127,867.3,78,23.5,23.6,574.0,12.3,52.0,11.7
2026-01-04 22:00:00,2026,1,4,22,Lào Cai,Xã Khao Mang,21.9078898,103.9748758,60,Moderate,1,10.8,90,0.0,1.5,120,867.7,48,24.3,24.3,531.0,12.1,48.0,12.8
2026-01-04 23:00:00,2026,1,4,23,Lào Cai,Xã Khao Mang,21.9078898,103.9748758,60,Moderate,1,10.3,90,0.0,1.7,103,868.1,45,25.3,25.3,509.0,11.9,43.0,12.8
2026-01-05 00:00:00,2026,1,5,0,Lào Cai,Xã Khao Mang,21.9078898,103.9748758,60,Moderate,1,10.0,93,0.0,1.5,104,868.0,47,25.6,25.6,493.0,11.7,38.0,12.3
2026-01-05 01:00:00,2026,1,5,1,Lào Cai,Xã Khao Mang,21.9078898,103.9748758,60,Moderate,1,10.6,94,0.0,1.7,122,868.2,73,24.7,24.7,472.0,11.4,34.0,11.7
2026-01-05 02:00:00,2026,1,5,2,Lào Cai,Xã Khao Mang,21.9078898,103.9748758,60,Moderate,1,9.9,96,0.0,1.8,84,867.5,93,22.3,22.4,436.0,11.0,31.0,11.2
2026-01-05 03:00:00,2026,1,5,3,Lào Cai,Xã Khao Mang,21.9078898,103.9748758,60,Moderate,1,10.1,96,0.0,2.7,98,867.4,97,20.7,20.7,396.0,10.4,29.0,10.6
2026-01-05 04:00:00,2026,1,5,4,Lào Cai,Xã Khao Mang,21.9078898,103.9748758,60,Moderate,1,10.1,96,0.0,1.9,119,867.1,89,19.3,19.3,376.0,10.0,27.0,10.2
2026-01-05 05:00:00,2026,1,5,5,Lào Cai,Xã Khao Mang,21.9078898,103.9748758,60,Moderate,1,10.2,95,0.0,1.2,117,867.5,98,17.2,17.2,394.0,9.8,25.0,9.9
2026-01-05 06:00:00,2026,1,5,6,Lào Cai,Xã Khao Mang,21.9078898,103.9748758,60,Moderate,1,10.2,95,0.0,1.2,117,868.0,100,15.5,15.5,431.0,9.8,24.0,9.9
2026-01-05 07:00:00,2026,1,5,7,Lào Cai,Xã Khao Mang,21.9078898,103.9748758,60,Moderate,1,10.6,93,0.0,1.3,124,868.7,86,7.9,7.9,454.0,10.5,26.0,12.5
2026-01-05 08:00:00,2026,1,5,8,Lào Cai,Xã Khao Mang,21.9078898,103.9748758,60,Moderate,1,11.2,96,0.0,2.2,66,869.7,63,6.8,6.8,443.0,9.1,35.0,13.2
2026-01-05 09:00:00,2026,1,5,9,Lào Cai,Xã Khao Mang,21.9078898,103.9748758,60,Moderate,1,12.6,91,0.0,3.1,28,870.9,41,4.5,4.5,419.0,7.2,48.0,14.2
2026-01-05 10:00:00,2026,1,5,10,Lào Cai,Xã Khao Mang,21.9078898,103.9748758,60,Moderate,1,13.9,80,0.1,3.8,352,871.5,77,4.7,4.7,409.0,5.6,60.0,14.6
2026-01-05 11:00:00,2026,1,5,11,Lào Cai,Xã Khao Mang,21.9078898,103.9748758,60,Moderate,1,14.0,84,0.4,5.7,336,871.4,45,5.2,5.2,432.0,4.6,69.0,13.9
2026-01-05 12:00:00,2026,1,5,12,Lào Cai,Xã Khao Mang,21.9078898,103.9748758,60,Moderate,1,14.1,83,0.4,5.4,346,870.6,72,5.9,6.0,469.0,4.0,77.0,12.5
2026-01-05 13:00:00,2026,1,5,13,Lào Cai,Xã Khao Mang,21.9078898,103.9748758,59,Moderate,1,14.3,80,0.4,3.8,301,869.4,57,6.8,6.8,496.0,3.8,81.0,11.6
2026-01-05 14:00:00,2026,1,5,14,Lào Cai,Xã Khao Mang,21.9078898,103.9748758,59,Moderate,1,15.3,74,0.1,5.2,335,868.8,38,7.2,7.3,500.0,4.0,80.0,11.5
2026-01-05 15:00:00,2026,1,5,15,Lào Cai,Xã Khao Mang,21.9078898,103.9748758,58,Moderate,1,14.6,77,0.1,6.1,357,868.5,52,7.3,7.3,492.0,4.6,76.0,11.7
2026-01-05 16:00:00,2026,1,5,16,Lào Cai,Xã Khao Mang,21.9078898,103.9748758,58,Moderate,1,13.3,81,0.1,4.8,15,867.8,100,7.1,7.1,486.0,5.3,71.0,11.9
2026-01-05 17:00:00,2026,1,5,17,Lào Cai,Xã Khao Mang,21.9078898,103.9748758,57,Moderate,1,11.9,87,0.1,5.6,31,867.6,70,6.7,6.7,485.0,6.2,64.0,12.0
2026-01-05 18:00:00,2026,1,5,18,Lào Cai,Xã Khao Mang,21.9078898,103.9748758,56,Moderate,1,11.0,90,0.0,5.9,43,867.6,88,7.0,7.0,484.0,7.3,55.0,12.2
2026-01-05 19:00:00,2026,1,5,19,Lào Cai,Xã Khao Mang,21.9078898,103.9748758,54,Moderate,1,10.9,92,0.0,7.0,61,868.1,80,6.9,6.9,482.0,6.8,49.0,11.3
2026-01-05 20:00:00,2026,1,5,20,Lào Cai,Xã Khao Mang,21.9078898,103.9748758,53,Moderate,1,10.7,90,0.0,6.6,61,868.7,41,6.8,6.9,477.0,6.9,45.0,11.1
2026-01-05 21:00:00,2026,1,5,21,Lào Cai,Xã Khao Mang,21.9078898,103.9748758,52,Moderate,1,10.2,92,0.0,5.2,46,869.1,66,7.5,7.5,471.0,7.1,39.0,10.8
2026-01-05 22:00:00,2026,1,5,22,Lào Cai,Xã Khao Mang,21.9078898,103.9748758,50,Good,0,10.0,93,0.0,6.1,47,869.3,77,7.9,7.9,464.0,7.2,34.0,10.6
2026-01-05 23:00:00,2026,1,5,23,Lào Cai,Xã Khao Mang,21.9078898,103.9748758,48,Good,0,9.8,92,0.0,6.2,54,869.1,100,6.6,6.7,455.0,7.1,33.0,10.6
2026-01-06 00:00:00,2026,1,6,0,Lào Cai,Xã Khao Mang,21.9078898,103.9748758,45,Good,0,9.6,91,0.0,5.4,48,869.1,100,4.9,5.0,446.0,7.0,33.0,10.6
2026-01-06 01:00:00,2026,1,6,1,Lào Cai,Xã Khao Mang,21.9078898,103.9748758,41,Good,0,9.4,89,0.0,6.4,54,869.4,100,3.9,3.9,439.0,6.8,33.0,10.6
2026-01-06 02:00:00,2026,1,6,2,Lào Cai,Xã Khao Mang,21.9078898,103.9748758,38,Good,0,9.0,88,0.0,7.1,52,868.8,100,4.0,4.0,436.0,6.6,33.0,10.5
2026-01-06 03:00:00,2026,1,6,3,Lào Cai,Xã Khao Mang,21.9078898,103.9748758,34,Good,0,8.9,88,0.0,7.1,49,868.9,100,4.4,4.4,436.0,6.4,34.0,10.3
2026-01-06 04:00:00,2026,1,6,4,Lào Cai,Xã Khao Mang,21.9078898,103.9748758,32,Good,0,8.6,87,0.0,7.7,54,869.0,100,4.4,4.4,442.0,6.2,35.0,10.1
2026-01-06 05:00:00,2026,1,6,5,Lào Cai,Xã Khao Mang,21.9078898,103.9748758,29,Good,0,8.4,86,0.0,7.7,59,869.3,100,4.8,4.8,458.0,6.1,36.0,9.9
2026-01-06 06:00:00,2026,1,6,6,Lào Cai,Xã Khao Mang,21.9078898,103.9748758,27,Good,0,8.5,85,0.1,8.3,68,869.8,100,4.8,4.8,480.0,6.0,37.0,9.7
2026-01-06 07:00:00,2026,1,6,7,Lào Cai,Xã Khao Mang,21.9078898,103.9748758,25,Good,0,8.5,85,0.0,8.5,61,870.7,100,6.3,6.4,496.0,7.6,34.0,11.1
2026-01-06 08:00:00,2026,1,6,8,Lào Cai,Xã Khao Mang,21.9078898,103.9748758,25,Good,0,8.6,83,0.0,9.1,63,871.5,100,6.1,6.1,500.0,6.9,38.0,10.8
2026-01-06 09:00:00,2026,1,6,9,Lào Cai,Xã Khao Mang,21.9078898,103.9748758,25,Good,0,9.4,78,0.0,9.3,63,872.7,100,5.3,5.3,498.0,5.9,43.0,10.5
2026-01-06 10:00:00,2026,1,6,10,Lào Cai,Xã Khao Mang,21.9078898,103.9748758,25,Good,0,9.6,77,0.0,10.3,61,872.9,100,4.9,4.9,493.0,5.0,49.0,10.0
2026-01-06 11:00:00,2026,1,6,11,Lào Cai,Xã Khao Mang,21.9078898,103.9748758,25,Good,0,10.5,71,0.0,11.2,68,873.0,100,4.2,4.2,484.0,4.1,55.0,9.4
2026-01-06 12:00:00,2026,1,6,12,Lào Cai,Xã Khao Mang,21.9078898,103.9748758,25,Good,0,10.5,70,0.0,10.0,67,872.0,100,3.4,3.4,473.0,3.2,61.0,8.7
2026-01-06 13:00:00,2026,1,6,13,Lào Cai,Xã Khao Mang,21.9078898,103.9748758,24,Good,0,9.7,73,0.0,10.8,58,871.3,100,3.6,3.6,467.0,2.7,65.0,8.2
2026-01-06 14:00:00,2026,1,6,14,Lào Cai,Xã Khao Mang,21.9078898,103.9748758,24,Good,0,9.8,70,0.0,10.8,66,870.1,100,4.0,4.0,471.0,2.7,66.0,8.0
2026-01-06 15:00:00,2026,1,6,15,Lào Cai,Xã Khao Mang,21.9078898,103.9748758,24,Good,0,9.8,69,0.0,10.0,62,870.1,100,4.5,4.5,480.0,2.9,65.0,8.1
2026-01-06 16:00:00,2026,1,6,16,Lào Cai,Xã Khao Mang,21.9078898,103.9748758,26,Good,0,8.9,73,0.0,9.1,58,870.1,100,5.2,5.2,490.0,3.3,63.0,8.2
2026-01-06 17:00:00,2026,1,6,17,Lào Cai,Xã Khao Mang,21.9078898,103.9748758,27,Good,0,8.3,75,0.0,10.0,64,870.1,100,6.0,6.0,501.0,3.8,61.0,8.4
2026-01-06 18:00:00,2026,1,6,18,Lào Cai,Xã Khao Mang,21.9078898,103.9748758,28,Good,0,7.8,77,0.0,8.5,66,870.3,66,6.8,6.9,513.0,4.4,59.0,8.6
2026-01-06 19:00:00,2026,1,6,19,Lào Cai,Xã Khao Mang,21.9078898,103.9748758,29,Good,0,7.8,79,0.0,10.1,70,871.0,68,12.6,12.6,516.0,5.4,53.0,8.3
2026-01-06 20:00:00,2026,1,6,20,Lào Cai,Xã Khao Mang,21.9078898,103.9748758,29,Good,0,7.4,81,0.0,8.8,62,871.2,76,13.5,13.5,504.0,5.4,52.0,8.3
2026-01-06 21:00:00,2026,1,6,21,Lào Cai,Xã Khao Mang,21.9078898,103.9748758,28,Good,0,7.1,82,0.0,8.4,67,871.8,66,14.5,14.6,483.0,5.4,51.0,8.3
2026-01-06 22:00:00,2026,1,6,22,Lào Cai,Xã Khao Mang,21.9078898,103.9748758,27,Good,0,7.1,81,0.0,7.6,63,872.0,33,15.0,15.1,462.0,5.4,49.0,8.1
2026-01-06 23:00:00,2026,1,6,23,Lào Cai,Xã Khao Mang,21.9078898,103.9748758,27,Good,0,6.8,81,0.0,6.9,65,871.6,23,15.4,15.5,443.0,5.6,46.0,7.6
2026-01-07 00:00:00,2026,1,7,0,Lào Cai,Xã Khao Mang,21.9078898,103.9748758,28,Good,0,5.8,84,0.0,5.8,76,871.1,11,16.0,16.0,425.0,5.9,41.0,7.0
2026-01-07 01:00:00,2026,1,7,1,Lào Cai,Xã Khao Mang,21.9078898,103.9748758,30,Good,0,5.3,87,0.0,5.0,77,871.1,22,15.9,15.9,411.0,5.8,40.0,6.7
2026-01-07 02:00:00,2026,1,7,2,Lào Cai,Xã Khao Mang,21.9078898,103.9748758,32,Good,0,5.0,87,0.0,5.6,75,870.7,18,15.1,15.1,401.0,5.0,44.0,6.9
2026-01-07 03:00:00,2026,1,7,3,Lào Cai,Xã Khao Mang,21.9078898,103.9748758,34,Good,0,4.7,86,0.0,5.7,77,870.4,61,13.2,13.2,395.0,3.8,50.0,7.3
2026-01-07 04:00:00,2026,1,7,4,Lào Cai,Xã Khao Mang,21.9078898,103.9748758,36,Good,0,5.1,81,0.0,6.3,87,870.2,52,10.2,10.2,400.0,3.0,54.0,7.7
2026-01-07 05:00:00,2026,1,7,5,Lào Cai,Xã Khao Mang,21.9078898,103.9748758,37,Good,0,4.8,81,0.0,5.4,82,869.9,16,9.3,9.4,427.0,3.0,54.0,7.7
2026-01-07 06:00:00,2026,1,7,6,Lào Cai,Xã Khao Mang,21.9078898,103.9748758,37,Good,0,4.0,86,0.0,4.4,83,869.7,16,9.7,9.7,465.0,3.4,52.0,7.6
2026-01-07 07:00:00,2026,1,7,7,Lào Cai,Xã Khao Mang,21.9078898,103.9748758,38,Good,0,5.6,84,0.0,5.1,67,871.6,95,9.2,9.2,487.0,5.0,46.0,7.9
2026-01-07 08:00:00,2026,1,7,8,Lào Cai,Xã Khao Mang,21.9078898,103.9748758,39,Good,0,6.4,81,0.1,5.7,62,872.6,98,7.2,7.2,477.0,4.4,52.0,8.6
2026-01-07 09:00:00,2026,1,7,9,Lào Cai,Xã Khao Mang,21.9078898,103.9748758,39,Good,0,8.1,75,0.0,5.5,52,873.2,86,5.3,5.3,451.0,3.5,60.0,9.5
2026-01-07 10:00:00,2026,1,7,10,Lào Cai,Xã Khao Mang,21.9078898,103.9748758,39,Good,0,10.5,65,0.0,5.7,24,873.6,24,6.4,6.5,430.0,2.7,68.0,10.1
2026-01-07 11:00:00,2026,1,7,11,Lào Cai,Xã Khao Mang,21.9078898,103.9748758,39,Good,0,11.7,61,0.0,6.1,358,873.2,100,8.1,8.1,423.0,2.2,75.0,10.1
2026-01-07 12:00:00,2026,1,7,12,Lào Cai,Xã Khao Mang,21.9078898,103.9748758,40,Good,0,11.8,62,0.0,7.4,334,872.4,100,9.5,9.6,421.0,1.8,82.0,9.7
2026-01-07 13:00:00,2026,1,7,13,Lào Cai,Xã Khao Mang,21.9078898,103.9748758,41,Good,0,11.1,67,0.0,6.2,319,871.7,97,10.9,11.0,423.0,1.6,87.0,9.2
2026-01-07 14:00:00,2026,1,7,14,Lào Cai,Xã Khao Mang,21.9078898,103.9748758,42,Good,0,11.1,67,0.0,6.4,352,870.6,100,12.2,12.3,430.0,1.3,92.0,8.6
2026-01-07 15:00:00,2026,1,7,15,Lào Cai,Xã Khao Mang,21.9078898,103.9748758,44,Good,0,10.6,69,0.0,6.3,357,870.1,100,13.3,13.4,439.0,1.2,95.0,7.8
2026-01-07 16:00:00,2026,1,7,16,Lào Cai,Xã Khao Mang,21.9078898,103.9748758,45,Good,0,10.3,69,0.0,5.9,12,870.1,75,14.2,14.3,447.0,1.8,94.0,7.3
2026-01-07 17:00:00,2026,1,7,17,Lào Cai,Xã Khao Mang,21.9078898,103.9748758,47,Good,0,9.9,71,0.0,5.1,27,870.0,73,15.2,15.3,449.0,3.8,87.0,7.3
2026-01-07 18:00:00,2026,1,7,18,Lào Cai,Xã Khao Mang,21.9078898,103.9748758,48,Good,0,8.7,77,0.0,3.8,45,869.9,77,17.1,17.1,449.0,6.5,75.0,7.5
2026-01-07 19:00:00,2026,1,7,19,Lào Cai,Xã Khao Mang,21.9078898,103.9748758,50,Good,0,8.9,79,0.0,3.8,93,870.7,99,22.5,22.6,449.0,9.1,65.0,8.4
2026-01-07 20:00:00,2026,1,7,20,Lào Cai,Xã Khao Mang,21.9078898,103.9748758,51,Moderate,1,8.7,79,0.0,4.6,77,871.3,92,25.1,25.2,451.0,10.0,63.0,9.0
2026-01-07 21:00:00,2026,1,7,21,Lào Cai,Xã Khao Mang,21.9078898,103.9748758,52,Moderate,1,8.2,82,0.0,4.7,86,871.3,3,26.5,26.7,453.0,11.1,59.0,9.8
2026-01-07 22:00:00,2026,1,7,22,Lào Cai,Xã Khao Mang,21.9078898,103.9748758,53,Moderate,1,6.3,89,0.0,4.2,97,870.5,6,27.7,27.9,450.0,11.9,57.0,10.4
2026-01-07 23:00:00,2026,1,7,23,Lào Cai,Xã Khao Mang,21.9078898,103.9748758,54,Moderate,1,5.6,91,0.0,5.2,102,870.3,15,28.6,28.8,440.0,12.0,57.0,10.6
2026-01-08 00:00:00,2026,1,8,0,Lào Cai,Xã Khao Mang,21.9078898,103.9748758,55,Moderate,1,5.4,92,0.0,6.7,104,870.1,35,28.9,29.1,426.0,11.6,58.0,10.5
2026-01-08 01:00:00,2026,1,8,1,Lào Cai,Xã Khao Mang,21.9078898,103.9748758,56,Moderate,1,6.8,86,0.0,7.3,83,871.6,49,29.0,29.3,413.0,11.0,60.0,10.4
2026-01-08 02:00:00,2026,1,8,2,Lào Cai,Xã Khao Mang,21.9078898,103.9748758,58,Moderate,1,6.6,87,0.0,6.6,77,871.5,52,29.1,29.3,400.0,10.0,63.0,10.3
2026-01-08 03:00:00,2026,1,8,3,Lào Cai,Xã Khao Mang,21.9078898,103.9748758,59,Moderate,1,6.4,86,0.0,6.7,82,871.5,34,29.0,29.3,388.0,8.7,66.0,10.1
2026-01-08 04:00:00,2026,1,8,4,Lào Cai,Xã Khao Mang,21.9078898,103.9748758,60,Moderate,1,6.2,83,0.0,6.5,87,871.3,18,28.8,29.1,391.0,7.8,68.0,9.8
2026-01-08 05:00:00,2026,1,8,5,Lào Cai,Xã Khao Mang,21.9078898,103.9748758,62,Moderate,1,6.0,82,0.0,6.3,83,871.5,45,28.4,28.7,425.0,7.7,66.0,9.3
2026-01-08 06:00:00,2026,1,8,6,Lào Cai,Xã Khao Mang,21.9078898,103.9748758,64,Moderate,1,6.0,81,0.0,6.9,81,872.0,60,27.5,27.8,474.0,7.9,63.0,8.8
2026-01-08 07:00:00,2026,1,8,7,Lào Cai,Xã Khao Mang,21.9078898,103.9748758,65,Moderate,1,6.0,86,0.0,5.4,82,872.8,41,20.5,20.7,502.0,8.0,64.0,9.2
2026-01-08 08:00:00,2026,1,8,8,Lào Cai,Xã Khao Mang,21.9078898,103.9748758,66,Moderate,1,7.2,79,0.0,7.1,69,874.1,48,20.4,20.5,490.0,6.2,74.0,9.3
2026-01-08 09:00:00,2026,1,8,9,Lào Cai,Xã Khao Mang,21.9078898,103.9748758,67,Moderate,1,9.1,69,0.0,6.8,48,874.8,36,16.1,16.4,457.0,3.7,87.0,9.4
2026-01-08 10:00:00,2026,1,8,10,Lào Cai,Xã Khao Mang,21.9078898,103.9748758,68,Moderate,1,11.4,59,0.0,8.1,43,875.0,19,15.5,15.8,429.0,1.8,98.0,9.4
2026-01-08 11:00:00,2026,1,8,11,Lào Cai,Xã Khao Mang,21.9078898,103.9748758,69,Moderate,1,12.6,55,0.0,8.5,28,874.2,19,17.9,18.3,412.0,1.1,103.0,9.1
2026-01-08 12:00:00,2026,1,8,12,Lào Cai,Xã Khao Mang,21.9078898,103.9748758,70,Moderate,1,13.7,52,0.0,6.0,16,873.1,55,19.6,20.0,398.0,0.9,105.0,8.7
2026-01-08 13:00:00,2026,1,8,13,Lào Cai,Xã Khao Mang,21.9078898,103.9748758,71,Moderate,1,13.6,52,0.0,3.4,344,872.6,82,20.8,21.2,392.0,0.9,106.0,8.2
2026-01-08 14:00:00,2026,1,8,14,Lào Cai,Xã Khao Mang,21.9078898,103.9748758,72,Moderate,1,12.7,58,0.0,6.7,360,871.4,98,21.6,22.1,396.0,0.7,108.0,7.6
2026-01-08 15:00:00,2026,1,8,15,Lào Cai,Xã Khao Mang,21.9078898,103.9748758,73,Moderate,1,12.7,59,0.0,6.0,353,871.0,88,22.6,23.0,408.0,0.7,108.0,6.9
2026-01-08 16:00:00,2026,1,8,16,Lào Cai,Xã Khao Mang,21.9078898,103.9748758,73,Moderate,1,11.8,63,0.0,6.6,349,870.6,100,23.8,24.2,420.0,1.4,106.0,6.6
2026-01-08 17:00:00,2026,1,8,17,Lào Cai,Xã Khao Mang,21.9078898,103.9748758,74,Moderate,1,10.6,67,0.0,5.4,6,870.4,100,25.1,25.6,429.0,3.4,99.0,6.8
2026-01-08 18:00:00,2026,1,8,18,Lào Cai,Xã Khao Mang,21.9078898,103.9748758,75,Moderate,1,9.8,70,0.0,4.3,24,870.3,100,27.0,27.3,438.0,6.1,88.0,7.4
2026-01-08 19:00:00,2026,1,8,19,Lào Cai,Xã Khao Mang,21.9078898,103.9748758,76,Moderate,1,9.3,76,0.0,4.4,83,870.6,45,34.1,34.5,449.0,11.2,72.0,8.4
2026-01-08 20:00:00,2026,1,8,20,Lào Cai,Xã Khao Mang,21.9078898,103.9748758,77,Moderate,1,8.7,79,0.0,4.9,88,870.6,55,37.0,37.5,467.0,12.9,68.0,9.2
2026-01-08 21:00:00,2026,1,8,21,Lào Cai,Xã Khao Mang,21.9078898,103.9748758,78,Moderate,1,7.3,86,0.0,2.9,94,869.9,16,39.7,40.2,486.0,15.2,61.0,10.2
2026-01-08 22:00:00,2026,1,8,22,Lào Cai,Xã Khao Mang,21.9078898,103.9748758,79,Moderate,1,5.9,89,0.0,2.9,112,869.2,65,41.2,41.7,499.0,16.9,56.0,10.8
2026-01-08 23:00:00,2026,1,8,23,Lào Cai,Xã Khao Mang,21.9078898,103.9748758,81,Moderate,1,5.5,90,0.0,2.4,117,868.5,26,42.0,42.5,500.0,17.3,53.0,10.8
2026-01-09 00:00:00,2026,1,9,0,Lào Cai,Xã Khao Mang,21.9078898,103.9748758,82,Moderate,1,5.0,90,0.0,1.6,117,868.3,36,42.3,42.7,494.0,17.0,50.0,10.5
2026-01-09 01:00:00,2026,1,9,1,Lào Cai,Xã Khao Mang,21.9078898,103.9748758,83,Moderate,1,4.7,93,0.0,2.7,118,868.5,50,41.9,42.5,483.0,16.5,47.0,9.7
2026-01-09 02:00:00,2026,1,9,2,Lào Cai,Xã Khao Mang,21.9078898,103.9748758,84,Moderate,1,4.3,95,0.0,2.5,120,867.9,38,43.9,44.4,461.0,15.7,41.0,8.1
2026-01-09 03:00:00,2026,1,9,3,Lào Cai,Xã Khao Mang,21.9078898,103.9748758,85,Moderate,1,3.8,97,0.0,3.0,123,867.5,68,44.0,44.4,434.0,14.5,35.0,6.1
2026-01-09 04:00:00,2026,1,9,4,Lào Cai,Xã Khao Mang,21.9078898,103.9748758,87,Moderate,1,3.6,97,0.0,3.6,120,867.1,82,42.7,43.1,429.0,13.6,29.0,4.6
2026-01-09 05:00:00,2026,1,9,5,Lào Cai,Xã Khao Mang,21.9078898,103.9748758,88,Moderate,1,3.4,98,0.0,4.0,120,867.1,82,41.1,41.3,470.0,13.4,22.0,3.7
2026-01-09 06:00:00,2026,1,9,6,Lào Cai,Xã Khao Mang,21.9078898,103.9748758,89,Moderate,1,3.1,97,0.0,3.5,118,867.1,81,39.1,39.3,531.0,13.5,16.0,3.2
2026-01-09 07:00:00,2026,1,9,7,Lào Cai,Xã Khao Mang,21.9078898,103.9748758,90,Moderate,1,2.9,95,0.0,3.2,124,868.2,42,29.6,29.8,563.0,13.1,23.0,4.1
2026-01-09 08:00:00,2026,1,9,8,Lào Cai,Xã Khao Mang,21.9078898,103.9748758,91,Moderate,1,6.4,83,0.0,2.8,125,870.4,19,26.8,27.0,537.0,9.8,48.0,6.0
2026-01-09 09:00:00,2026,1,9,9,Lào Cai,Xã Khao Mang,21.9078898,103.9748758,91,Moderate,1,9.7,70,0.0,2.1,308,872.1,60,22.4,22.6,481.0,5.4,82.0,8.6
2026-01-09 10:00:00,2026,1,9,10,Lào Cai,Xã Khao Mang,21.9078898,103.9748758,92,Moderate,1,11.4,65,0.0,5.0,314,872.3,85,21.5,21.8,433.0,2.0,108.0,10.1
2026-01-09 11:00:00,2026,1,9,11,Lào Cai,Xã Khao Mang,21.9078898,103.9748758,93,Moderate,1,12.5,62,0.0,6.6,305,872.0,61,19.8,20.1,407.0,0.9,117.0,9.5
2026-01-09 12:00:00,2026,1,9,12,Lào Cai,Xã Khao Mang,21.9078898,103.9748758,93,Moderate,1,13.3,60,0.0,7.2,295,871.2,89,18.7,18.9,388.0,0.8,117.0,7.7
2026-01-09 13:00:00,2026,1,9,13,Lào Cai,Xã Khao Mang,21.9078898,103.9748758,93,Moderate,1,14.6,55,0.0,7.8,279,870.7,76,16.6,16.8,374.0,1.0,116.0,6.5
2026-01-09 14:00:00,2026,1,9,14,Lào Cai,Xã Khao Mang,21.9078898,103.9748758,92,Moderate,1,14.5,55,0.0,7.5,281,869.8,63,15.8,16.0,357.0,0.7,117.0,6.2
2026-01-09 15:00:00,2026,1,9,15,Lào Cai,Xã Khao Mang,21.9078898,103.9748758,92,Moderate,1,14.3,56,0.0,7.2,283,869.2,74,16.6,16.8,345.0,0.6,116.0,6.5
2026-01-09 16:00:00,2026,1,9,16,Lào Cai,Xã Khao Mang,21.9078898,103.9748758,91,Moderate,1,13.6,58,0.0,6.4,286,868.6,63,18.3,18.5,355.0,1.6,113.0,7.1
2026-01-09 17:00:00,2026,1,9,17,Lào Cai,Xã Khao Mang,21.9078898,103.9748758,91,Moderate,1,12.1,72,0.0,2.3,321,868.0,77,21.0,21.1,410.0,4.6,105.0,8.3
2026-01-09 18:00:00,2026,1,9,18,Lào Cai,Xã Khao Mang,21.9078898,103.9748758,90,Moderate,1,9.7,76,0.0,1.6,96,867.1,70,24.6,24.7,489.0,8.7,94.0,10.0
2026-01-09 19:00:00,2026,1,9,19,Lào Cai,Xã Khao Mang,21.9078898,103.9748758,90,Moderate,1,8.5,81,0.0,2.9,120,867.0,52,24.4,24.6,543.0,13.9,68.0,8.6
2026-01-09 20:00:00,2026,1,9,20,Lào Cai,Xã Khao Mang,21.9078898,103.9748758,89,Moderate,1,7.9,82,0.0,3.6,123,866.9,50,27.5,27.6,553.0,15.2,64.0,9.6
2026-01-09 21:00:00,2026,1,9,21,Lào Cai,Xã Khao Mang,21.9078898,103.9748758,88,Moderate,1,7.1,84,0.0,3.0,123,866.7,75,29.6,29.7,539.0,17.1,59.0,11.0
2026-01-09 22:00:00,2026,1,9,22,Lào Cai,Xã Khao Mang,21.9078898,103.9748758,88,Moderate,1,6.9,82,0.0,2.3,122,866.8,95,31.4,31.7,513.0,18.3,55.0,11.8
2026-01-09 23:00:00,2026,1,9,23,Lào Cai,Xã Khao Mang,21.9078898,103.9748758,87,Moderate,1,6.2,83,0.0,1.9,119,866.3,97,32.7,32.8,469.0,18.4,52.0,11.5
2026-01-10 00:00:00,2026,1,10,0,Lào Cai,Xã Khao Mang,21.9078898,103.9748758,86,Moderate,1,6.2,81,0.0,1.3,124,866.1,92,36.4,36.7,412.0,17.9,51.0,10.6
2026-01-10 01:00:00,2026,1,10,1,Lào Cai,Xã Khao Mang,21.9078898,103.9748758,85,Moderate,1,6.0,83,0.0,1.5,126,865.7,81,39.0,39.2,372.0,17.2,49.0,9.7
2026-01-10 02:00:00,2026,1,10,2,Lào Cai,Xã Khao Mang,21.9078898,103.9748758,85,Moderate,1,5.9,83,0.0,1.7,122,865.4,57,40.7,41.0,358.0,16.3,48.0,9.0
2026-01-10 03:00:00,2026,1,10,3,Lào Cai,Xã Khao Mang,21.9078898,103.9748758,85,Moderate,1,5.9,83,0.0,1.2,117,865.0,61,42.4,42.6,361.0,15.1,47.0,8.4
2026-01-10 04:00:00,2026,1,10,4,Lào Cai,Xã Khao Mang,21.9078898,103.9748758,85,Moderate,1,5.7,82,0.0,1.3,124,864.8,48,43.9,44.1,375.0,14.2,44.0,7.6
2026-01-10 05:00:00,2026,1,10,5,Lào Cai,Xã Khao Mang,21.9078898,103.9748758,85,Moderate,1,5.7,80,0.0,1.5,120,864.6,78,43.9,44.1,412.0,14.2,34.0,6.2
2026-01-10 06:00:00,2026,1,10,6,Lào Cai,Xã Khao Mang,21.9078898,103.9748758,85,Moderate,1,5.6,79,0.0,1.2,117,864.8,87,43.0,43.1,460.0,14.4,21.0,4.7
2026-01-10 07:00:00,2026,1,10,7,Lào Cai,Xã Khao Mang,21.9078898,103.9748758,85,Moderate,1,6.2,77,0.0,1.7,139,865.7,0,31.1,31.1,483.0,10.7,43.0,8.5
2026-01-10 08:00:00,2026,1,10,8,Lào Cai,Xã Khao Mang,21.9078898,103.9748758,85,Moderate,1,9.2,69,0.0,1.4,130,867.8,0,30.6,30.7,458.0,8.2,64.0,10.1
2026-01-10 09:00:00,2026,1,10,9,Lào Cai,Xã Khao Mang,21.9078898,103.9748758,86,Moderate,1,11.1,64,0.0,2.7,298,869.5,16,24.7,24.8,407.0,4.7,93.0,12.2
2026-01-10 10:00:00,2026,1,10,10,Lào Cai,Xã Khao Mang,21.9078898,103.9748758,86,Moderate,1,12.6,60,0.0,5.6,295,870.1,14,16.4,16.5,364.0,2.0,114.0,13.3
2026-01-10 11:00:00,2026,1,10,11,Lào Cai,Xã Khao Mang,21.9078898,103.9748758,86,Moderate,1,13.8,58,0.0,6.0,297,870.0,0,14.9,15.0,338.0,1.0,120.0,12.2
2026-01-10 12:00:00,2026,1,10,12,Lào Cai,Xã Khao Mang,21.9078898,103.9748758,85,Moderate,1,14.9,56,0.0,6.7,290,869.5,3,14.2,14.3,319.0,0.9,118.0,10.2
2026-01-10 13:00:00,2026,1,10,13,Lào Cai,Xã Khao Mang,21.9078898,103.9748758,85,Moderate,1,16.4,48,0.0,8.1,283,869.3,0,12.6,12.7,308.0,1.0,117.0,9.6
2026-01-10 14:00:00,2026,1,10,14,Lào Cai,Xã Khao Mang,21.9078898,103.9748758,84,Moderate,1,16.1,50,0.0,8.9,291,868.6,2,15.7,15.8,301.0,0.9,123.0,11.8
2026-01-10 15:00:00,2026,1,10,15,Lào Cai,Xã Khao Mang,21.9078898,103.9748758,84,Moderate,1,15.8,51,0.0,7.0,299,868.3,8,21.4,21.5,301.0,1.0,130.0,15.3
2026-01-10 16:00:00,2026,1,10,16,Lào Cai,Xã Khao Mang,21.9078898,103.9748758,85,Moderate,1,15.0,54,0.0,5.2,329,868.3,2,27.4,27.5,324.0,1.8,132.0,18.5
2026-01-10 17:00:00,2026,1,10,17,Lào Cai,Xã Khao Mang,21.9078898,103.9748758,86,Moderate,1,13.0,65,0.0,4.8,31,868.0,1,33.6,33.8,390.0,4.0,126.0,20.6
2026-01-10 18:00:00,2026,1,10,18,Lào Cai,Xã Khao Mang,21.9078898,103.9748758,87,Moderate,1,9.5,84,0.0,5.0,71,867.2,0,39.0,39.2,479.0,7.0,115.0,22.4
2026-01-10 19:00:00,2026,1,10,19,Lào Cai,Xã Khao Mang,21.9078898,103.9748758,88,Moderate,1,8.6,93,0.0,8.0,81,867.8,17,34.6,34.7,539.0,9.3,91.0,20.6
2026-01-10 20:00:00,2026,1,10,20,Lào Cai,Xã Khao Mang,21.9078898,103.9748758,89,Moderate,1,8.9,92,0.0,9.4,90,868.7,84,39.9,40.2,544.0,9.7,92.0,23.0
2026-01-10 21:00:00,2026,1,10,21,Lào Cai,Xã Khao Mang,21.9078898,103.9748758,90,Moderate,1,8.3,93,0.0,10.1,94,868.8,95,44.7,44.9,522.0,10.1,93.0,26.4
2026-01-10 22:00:00,2026,1,10,22,Lào Cai,Xã Khao Mang,21.9078898,103.9748758,91,Moderate,1,8.6,89,0.0,11.2,95,869.4,100,48.9,49.2,499.0,10.1,95.0,29.1
2026-01-10 23:00:00,2026,1,10,23,Lào Cai,Xã Khao Mang,21.9078898,103.9748758,93,Moderate,1,8.4,91,0.0,10.5,97,869.7,100,52.6,52.9,488.0,9.3,100.0,30.4
2026-01-11 00:00:00,2026,1,11,0,Lào Cai,Xã Khao Mang,21.9078898,103.9748758,95,Moderate,1,8.7,88,0.0,9.3,99,870.2,99,58.8,59.1,477.0,8.1,106.0,31.1
2026-01-11 01:00:00,2026,1,11,1,Lào Cai,Xã Khao Mang,21.9078898,103.9748758,97,Moderate,1,8.6,88,0.0,7.4,96,870.6,94,61.5,61.9,461.0,6.9,112.0,31.4
2026-01-11 02:00:00,2026,1,11,2,Lào Cai,Xã Khao Mang,21.9078898,103.9748758,99,Moderate,1,8.1,85,0.0,5.2,102,869.9,5,63.3,63.8,431.0,5.9,117.0,31.7
2026-01-11 03:00:00,2026,1,11,3,Lào Cai,Xã Khao Mang,21.9078898,103.9748758,101,Unhealthy for Sensitive Groups,2,7.4,86,0.0,5.6,105,869.6,5,64.3,64.7,397.0,4.9,121.0,31.6
2026-01-11 04:00:00,2026,1,11,4,Lào Cai,Xã Khao Mang,21.9078898,103.9748758,103,Unhealthy for Sensitive Groups,2,6.7,86,0.0,6.3,108,869.2,5,63.6,63.8,379.0,4.3,122.0,30.9
2026-01-11 05:00:00,2026,1,11,5,Lào Cai,Xã Khao Mang,21.9078898,103.9748758,105,Unhealthy for Sensitive Groups,2,5.9,88,0.0,6.8,112,868.8,23,59.8,60.1,396.0,4.5,115.0,29.1
2026-01-11 06:00:00,2026,1,11,6,Lào Cai,Xã Khao Mang,21.9078898,103.9748758,107,Unhealthy for Sensitive Groups,2,6.0,87,0.0,7.1,111,869.2,53,56.0,56.2,429.0,5.0,105.0,26.5
2026-01-11 07:00:00,2026,1,11,7,Lào Cai,Xã Khao Mang,21.9078898,103.9748758,108,Unhealthy for Sensitive Groups,2,7.6,86,0.0,6.0,111,870.8,47,63.3,63.6,444.0,5.6,96.0,24.1
2026-01-11 08:00:00,2026,1,11,8,Lào Cai,Xã Khao Mang,21.9078898,103.9748758,111,Unhealthy for Sensitive Groups,2,9.6,74,0.0,5.4,90,872.3,70,60.8,61.0,419.0,4.5,106.0,23.2
2026-01-11 09:00:00,2026,1,11,9,Lào Cai,Xã Khao Mang,21.9078898,103.9748758,115,Unhealthy for Sensitive Groups,2,11.1,66,0.0,6.4,74,873.2,59,49.5,49.8,375.0,3.0,120.0,21.8
2026-01-11 10:00:00,2026,1,11,10,Lào Cai,Xã Khao Mang,21.9078898,103.9748758,117,Unhealthy for Sensitive Groups,2,12.8,57,0.0,4.5,47,873.8,24,45.1,45.5,344.0,1.8,130.0,20.3
2026-01-11 11:00:00,2026,1,11,11,Lào Cai,Xã Khao Mang,21.9078898,103.9748758,120,Unhealthy for Sensitive Groups,2,14.9,48,0.0,2.7,23,873.6,8,43.9,44.2,339.0,1.4,133.0,18.6
2026-01-11 12:00:00,2026,1,11,12,Lào Cai,Xã Khao Mang,21.9078898,103.9748758,123,Unhealthy for Sensitive Groups,2,15.5,46,0.0,6.3,290,872.5,55,41.3,41.8,347.0,1.4,131.0,16.6
2026-01-11 13:00:00,2026,1,11,13,Lào Cai,Xã Khao Mang,21.9078898,103.9748758,126,Unhealthy for Sensitive Groups,2,15.4,52,0.0,10.2,287,871.7,84,42.1,42.5,356.0,1.4,130.0,15.1
2026-01-11 14:00:00,2026,1,11,14,Lào Cai,Xã Khao Mang,21.9078898,103.9748758,129,Unhealthy for Sensitive Groups,2,14.7,60,0.1,9.3,288,870.9,100,43.2,43.5,360.0,0.9,130.0,14.1
2026-01-11 15:00:00,2026,1,11,15,Lào Cai,Xã Khao Mang,21.9078898,103.9748758,132,Unhealthy for Sensitive Groups,2,13.9,63,0.0,7.1,280,870.2,100,43.1,43.3,366.0,0.5,130.0,13.4
2026-01-11 16:00:00,2026,1,11,16,Lào Cai,Xã Khao Mang,21.9078898,103.9748758,134,Unhealthy for Sensitive Groups,2,13.8,61,0.0,6.5,276,869.8,100,43.3,43.7,377.0,1.7,127.0,13.1
2026-01-11 17:00:00,2026,1,11,17,Lào Cai,Xã Khao Mang,21.9078898,103.9748758,136,Unhealthy for Sensitive Groups,2,12.9,61,0.0,5.9,284,869.4,86,42.7,43.1,401.0,6.0,117.0,13.3
2026-01-11 18:00:00,2026,1,11,18,Lào Cai,Xã Khao Mang,21.9078898,103.9748758,137,Unhealthy for Sensitive Groups,2,11.7,70,0.0,0.3,45,869.1,41,46.0,46.2,431.0,12.0,104.0,13.8
2026-01-11 19:00:00,2026,1,11,19,Lào Cai,Xã Khao Mang,21.9078898,103.9748758,138,Unhealthy for Sensitive Groups,2,11.2,70,0.0,1.0,135,869.4,8,49.4,49.6,452.0,16.9,92.0,14.5
2026-01-11 20:00:00,2026,1,11,20,Lào Cai,Xã Khao Mang,21.9078898,103.9748758,139,Unhealthy for Sensitive Groups,2,9.9,74,0.0,1.8,143,868.8,5,52.4,52.6,457.0,19.7,84.0,15.4
2026-01-11 21:00:00,2026,1,11,21,Lào Cai,Xã Khao Mang,21.9078898,103.9748758,140,Unhealthy for Sensitive Groups,2,9.2,76,0.0,1.3,135,868.6,2,55.2,55.4,453.0,21.3,78.0,16.3
2026-01-11 22:00:00,2026,1,11,22,Lào Cai,Xã Khao Mang,21.9078898,103.9748758,141,Unhealthy for Sensitive Groups,2,8.5,76,0.0,1.7,131,868.3,0,56.6,56.8,441.0,22.2,72.0,16.8
2026-01-11 23:00:00,2026,1,11,23,Lào Cai,Xã Khao Mang,21.9078898,103.9748758,142,Unhealthy for Sensitive Groups,2,7.9,77,0.0,1.8,127,867.7,0,56.9,57.2,418.0,22.1,67.0,16.4
2026-01-12 00:00:00,2026,1,12,0,Lào Cai,Xã Khao Mang,21.9078898,103.9748758,143,Unhealthy for Sensitive Groups,2,7.6,77,0.0,1.9,131,867.2,0,56.0,56.2,388.0,21.3,63.0,15.5
2026-01-12 01:00:00,2026,1,12,1,Lào Cai,Xã Khao Mang,21.9078898,103.9748758,142,Unhealthy for Sensitive Groups,2,6.9,82,0.0,1.9,131,866.9,0,54.5,54.7,363.0,20.1,59.0,14.4
2026-01-12 02:00:00,2026,1,12,2,Lào Cai,Xã Khao Mang,21.9078898,103.9748758,142,Unhealthy for Sensitive Groups,2,7.1,82,0.0,2.2,132,866.8,0,53.4,53.7,345.0,18.6,56.0,12.9
2026-01-12 03:00:00,2026,1,12,3,Lào Cai,Xã Khao Mang,21.9078898,103.9748758,141,Unhealthy for Sensitive Groups,2,7.0,80,0.0,2.0,135,866.2,0,51.2,51.3,332.0,16.8,54.0,11.1
2026-01-12 04:00:00,2026,1,12,4,Lào Cai,Xã Khao Mang,21.9078898,103.9748758,139,Unhealthy for Sensitive Groups,2,7.2,78,0.0,2.2,138,866.1,0,50.2,50.4,331.0,15.4,53.0,9.7
2026-01-12 05:00:00,2026,1,12,5,Lào Cai,Xã Khao Mang,21.9078898,103.9748758,138,Unhealthy for Sensitive Groups,2,7.7,75,0.0,1.5,144,866.4,0,49.5,49.6,357.0,15.3,49.0,8.9
2026-01-12 06:00:00,2026,1,12,6,Lào Cai,Xã Khao Mang,21.9078898,103.9748758,137,Unhealthy for Sensitive Groups,2,7.9,73,0.0,0.9,143,867.1,0,49.1,49.2,395.0,15.6,46.0,8.4
2026-01-12 07:00:00,2026,1,12,7,Lào Cai,Xã Khao Mang,21.9078898,103.9748758,136,Unhealthy for Sensitive Groups,2,7.9,74,0.0,1.3,124,867.9,0,34.9,35.0,412.0,15.5,53.0,8.0
2026-01-12 08:00:00,2026,1,12,8,Lào Cai,Xã Khao Mang,21.9078898,103.9748758,133,Unhealthy for Sensitive Groups,2,10.8,65,0.0,0.9,127,870.0,4,35.0,35.2,385.0,11.6,73.0,9.4
2026-01-12 09:00:00,2026,1,12,9,Lào Cai,Xã Khao Mang,21.9078898,103.9748758,130,Unhealthy for Sensitive Groups,2,12.7,60,0.0,1.7,288,871.3,7,24.1,24.3,336.0,6.2,100.0,11.2
2026-01-12 10:00:00,2026,1,12,10,Lào Cai,Xã Khao Mang,21.9078898,103.9748758,128,Unhealthy for Sensitive Groups,2,14.5,57,0.0,4.9,287,871.9,9,23.7,23.9,297.0,2.2,120.0,12.4
2026-01-12 11:00:00,2026,1,12,11,Lào Cai,Xã Khao Mang,21.9078898,103.9748758,126,Unhealthy for Sensitive Groups,2,15.3,56,0.0,6.3,288,871.6,11,23.6,23.8,282.0,0.8,127.0,12.2
2026-01-12 12:00:00,2026,1,12,12,Lào Cai,Xã Khao Mang,21.9078898,103.9748758,123,Unhealthy for Sensitive Groups,2,16.0,55,0.0,5.9,282,871.0,31,22.3,22.5,278.0,0.8,128.0,11.3
2026-01-12 13:00:00,2026,1,12,13,Lào Cai,Xã Khao Mang,21.9078898,103.9748758,122,Unhealthy for Sensitive Groups,2,17.0,53,0.0,5.5,281,870.4,39,20.0,20.1,277.0,0.9,127.0,10.5
2026-01-12 14:00:00,2026,1,12,14,Lào Cai,Xã Khao Mang,21.9078898,103.9748758,119,Unhealthy for Sensitive Groups,2,17.0,55,0.0,5.9,281,869.5,72,18.0,18.2,270.0,0.6,127.0,9.8
2026-01-12 15:00:00,2026,1,12,15,Lào Cai,Xã Khao Mang,21.9078898,103.9748758,117,Unhealthy for Sensitive Groups,2,16.7,56,0.0,6.1,294,868.8,93,16.6,16.7,267.0,0.6,126.0,9.1
2026-01-12 16:00:00,2026,1,12,16,Lào Cai,Xã Khao Mang,21.9078898,103.9748758,114,Unhealthy for Sensitive Groups,2,16.0,60,0.0,6.1,300,868.6,89,17.2,17.3,284.0,1.4,124.0,9.7
2026-01-12 17:00:00,2026,1,12,17,Lào Cai,Xã Khao Mang,21.9078898,103.9748758,111,Unhealthy for Sensitive Groups,2,14.9,73,0.0,1.2,27,868.5,80,23.0,23.1,343.0,4.0,119.0,12.4
2026-01-12 18:00:00,2026,1,12,18,Lào Cai,Xã Khao Mang,21.9078898,103.9748758,109,Unhealthy for Sensitive Groups,2,11.9,78,0.0,3.4,108,867.3,13,29.9,29.9,424.0,7.6,113.0,16.2
2026-01-12 19:00:00,2026,1,12,19,Lào Cai,Xã Khao Mang,21.9078898,103.9748758,107,Unhealthy for Sensitive Groups,2,10.8,84,0.0,3.1,111,867.3,20,31.1,31.2,482.0,10.5,89.0,16.3
2026-01-12 20:00:00,2026,1,12,20,Lào Cai,Xã Khao Mang,21.9078898,103.9748758,105,Unhealthy for Sensitive Groups,2,10.1,85,0.0,4.6,103,867.9,38,36.2,36.3,498.0,10.3,89.0,18.3
2026-01-12 21:00:00,2026,1,12,21,Lào Cai,Xã Khao Mang,21.9078898,103.9748758,104,Unhealthy for Sensitive Groups,2,9.4,87,0.0,6.0,93,868.0,30,41.0,41.1,491.0,10.0,89.0,21.2
2026-01-12 22:00:00,2026,1,12,22,Lào Cai,Xã Khao Mang,21.9078898,103.9748758,102,Unhealthy for Sensitive Groups,2,9.2,91,0.0,8.6,92,868.6,57,44.9,45.2,477.0,9.7,89.0,23.3
2026-01-12 23:00:00,2026,1,12,23,Lào Cai,Xã Khao Mang,21.9078898,103.9748758,101,Unhealthy for Sensitive Groups,2,9.1,92,0.0,10.5,103,868.7,84,48.3,48.4,459.0,9.4,89.0,24.1
2026-01-13 00:00:00,2026,1,13,0,Lào Cai,Xã Khao Mang,21.9078898,103.9748758,100,Moderate,1,8.6,92,0.0,10.9,109,868.2,98,52.4,52.5,433.0,9.0,90.0,24.3
2026-01-13 01:00:00,2026,1,13,1,Lào Cai,Xã Khao Mang,21.9078898,103.9748758,100,Moderate,1,9.0,92,0.0,9.2,101,868.3,100,54.6,54.8,412.0,8.6,90.0,24.2
2026-01-13 02:00:00,2026,1,13,2,Lào Cai,Xã Khao Mang,21.9078898,103.9748758,100,Moderate,1,8.6,92,0.0,8.5,102,867.7,70,57.0,57.3,393.0,8.0,91.0,24.1
2026-01-13 03:00:00,2026,1,13,3,Lào Cai,Xã Khao Mang,21.9078898,103.9748758,100,Moderate,1,7.8,92,0.0,8.0,108,867.1,9,58.6,58.8,377.0,7.4,92.0,23.8
2026-01-13 04:00:00,2026,1,13,4,Lào Cai,Xã Khao Mang,21.9078898,103.9748758,101,Unhealthy for Sensitive Groups,2,7.1,92,0.0,7.5,110,866.6,29,59.0,59.3,381.0,7.1,90.0,22.9
2026-01-13 05:00:00,2026,1,13,5,Lào Cai,Xã Khao Mang,21.9078898,103.9748758,102,Unhealthy for Sensitive Groups,2,6.5,93,0.0,7.3,113,866.5,56,59.0,59.1,426.0,7.9,80.0,20.8
2026-01-13 06:00:00,2026,1,13,6,Lào Cai,Xã Khao Mang,21.9078898,103.9748758,103,Unhealthy for Sensitive Groups,2,6.6,91,0.0,7.9,114,867.0,75,57.6,57.7,489.0,9.0,67.0,18.1
2026-01-13 07:00:00,2026,1,13,7,Lào Cai,Xã Khao Mang,21.9078898,103.9748758,104,Unhealthy for Sensitive Groups,2,5.3,94,0.0,5.6,119,866.9,28,53.0,53.2,522.0,7.4,101.0,21.4
2026-01-13 08:00:00,2026,1,13,8,Lào Cai,Xã Khao Mang,21.9078898,103.9748758,106,Unhealthy for Sensitive Groups,2,9.3,82,0.0,5.6,111,869.3,2,52.0,52.2,490.0,6.0,112.0,20.2
2026-01-13 09:00:00,2026,1,13,9,Lào Cai,Xã Khao Mang,21.9078898,103.9748758,107,Unhealthy for Sensitive Groups,2,12.6,69,0.0,1.8,323,871.5,0,47.6,47.7,427.0,4.0,127.0,18.5
2026-01-13 10:00:00,2026,1,13,10,Lào Cai,Xã Khao Mang,21.9078898,103.9748758,110,Unhealthy for Sensitive Groups,2,14.1,66,0.0,5.6,312,872.1,2,44.5,44.6,382.0,2.4,138.0,16.6
2026-01-13 11:00:00,2026,1,13,11,Lào Cai,Xã Khao Mang,21.9078898,103.9748758,112,Unhealthy for Sensitive Groups,2,16.2,58,0.0,6.9,300,872.0,56,42.7,43.0,380.0,1.6,141.0,14.2
2026-01-13 12:00:00,2026,1,13,12,Lào Cai,Xã Khao Mang,21.9078898,103.9748758,114,Unhealthy for Sensitive Groups,2,16.3,61,0.0,9.4,294,870.9,63,40.6,40.7,397.0,1.3,140.0,11.5
2026-01-13 13:00:00,2026,1,13,13,Lào Cai,Xã Khao Mang,21.9078898,103.9748758,116,Unhealthy for Sensitive Groups,2,16.4,63,0.0,10.4,278,870.1,100,39.2,39.5,407.0,1.1,139.0,9.5
2026-01-13 14:00:00,2026,1,13,14,Lào Cai,Xã Khao Mang,21.9078898,103.9748758,118,Unhealthy for Sensitive Groups,2,16.2,63,0.0,9.4,282,869.0,45,39.5,39.7,394.0,0.6,140.0,8.5
2026-01-13 15:00:00,2026,1,13,15,Lào Cai,Xã Khao Mang,21.9078898,103.9748758,120,Unhealthy for Sensitive Groups,2,15.9,61,0.0,7.9,281,868.2,32,39.8,40.2,374.0,0.2,139.0,8.2
2026-01-13 16:00:00,2026,1,13,16,Lào Cai,Xã Khao Mang,21.9078898,103.9748758,123,Unhealthy for Sensitive Groups,2,15.7,59,0.0,6.0,280,867.6,7,39.5,39.7,372.0,1.6,135.0,8.3
2026-01-13 17:00:00,2026,1,13,17,Lào Cai,Xã Khao Mang,21.9078898,103.9748758,125,Unhealthy for Sensitive Groups,2,14.6,66,0.0,3.3,306,867.3,0,39.7,39.9,411.0,6.2,122.0,8.9
2026-01-13 18:00:00,2026,1,13,18,Lào Cai,Xã Khao Mang,21.9078898,103.9748758,127,Unhealthy for Sensitive Groups,2,12.4,74,0.0,0.2,90,866.4,2,43.4,43.7,468.0,12.5,105.0,10.0
2026-01-13 19:00:00,2026,1,13,19,Lào Cai,Xã Khao Mang,21.9078898,103.9748758,128,Unhealthy for Sensitive Groups,2,11.8,78,0.0,1.9,119,866.2,2,43.2,43.5,502.0,17.7,86.0,10.4
2026-01-13 20:00:00,2026,1,13,20,Lào Cai,Xã Khao Mang,21.9078898,103.9748758,129,Unhealthy for Sensitive Groups,2,10.7,80,0.0,2.8,125,865.8,0,45.6,45.9,490.0,18.6,81.0,11.0
2026-01-13 21:00:00,2026,1,13,21,Lào Cai,Xã Khao Mang,21.9078898,103.9748758,130,Unhealthy for Sensitive Groups,2,10.0,81,0.0,1.8,127,865.6,2,46.0,46.3,455.0,19.9,75.0,11.7
2026-01-13 22:00:00,2026,1,13,22,Lào Cai,Xã Khao Mang,21.9078898,103.9748758,131,Unhealthy for Sensitive Groups,2,9.7,81,0.0,1.5,126,865.6,1,46.6,46.9,425.0,20.7,69.0,12.1
2026-01-13 23:00:00,2026,1,13,23,Lào Cai,Xã Khao Mang,21.9078898,103.9748758,131,Unhealthy for Sensitive Groups,2,9.7,79,0.0,1.5,126,865.5,0,46.9,47.1,412.0,20.7,65.0,11.9
2026-01-14 00:00:00,2026,1,14,0,Lào Cai,Xã Khao Mang,21.9078898,103.9748758,131,Unhealthy for Sensitive Groups,2,9.6,79,0.0,1.5,135,865.1,0,46.3,46.7,405.0,20.2,62.0,11.3
2026-01-14 01:00:00,2026,1,14,1,Lào Cai,Xã Khao Mang,21.9078898,103.9748758,130,Unhealthy for Sensitive Groups,2,9.1,83,0.0,1.5,135,864.6,0,45.5,45.9,396.0,19.4,59.0,10.6
2026-01-14 02:00:00,2026,1,14,2,Lào Cai,Xã Khao Mang,21.9078898,103.9748758,129,Unhealthy for Sensitive Groups,2,8.6,84,0.0,1.8,135,863.9,0,44.7,45.1,376.0,18.1,57.0,9.8
2026-01-14 03:00:00,2026,1,14,3,Lào Cai,Xã Khao Mang,21.9078898,103.9748758,128,Unhealthy for Sensitive Groups,2,8.7,83,0.0,1.7,131,863.5,1,43.9,44.2,354.0,16.6,55.0,9.0
2026-01-14 04:00:00,2026,1,14,4,Lào Cai,Xã Khao Mang,21.9078898,103.9748758,126,Unhealthy for Sensitive Groups,2,8.5,83,0.0,1.5,126,863.2,2,43.3,43.5,348.0,15.4,54.0,8.0
2026-01-14 05:00:00,2026,1,14,5,Lào Cai,Xã Khao Mang,21.9078898,103.9748758,125,Unhealthy for Sensitive Groups,2,8.5,83,0.0,1.5,126,863.1,3,43.1,43.3,378.0,15.4,50.0,6.6
2026-01-14 06:00:00,2026,1,14,6,Lào Cai,Xã Khao Mang,21.9078898,103.9748758,123,Unhealthy for Sensitive Groups,2,8.8,81,0.0,1.4,130,863.6,5,42.0,42.4,425.0,15.8,46.0,5.1
2026-01-14 07:00:00,2026,1,14,7,Lào Cai,Xã Khao Mang,21.9078898,103.9748758,122,Unhealthy for Sensitive Groups,2,9.1,81,0.0,1.4,140,864.8,100,41.1,41.3,450.0,14.4,27.0,3.3
2026-01-14 08:00:00,2026,1,14,8,Lào Cai,Xã Khao Mang,21.9078898,103.9748758,120,Unhealthy for Sensitive Groups,2,12.1,73,0.0,2.3,162,866.7,100,39.2,39.3,430.0,11.0,53.0,4.9
2026-01-14 09:00:00,2026,1,14,9,Lào Cai,Xã Khao Mang,21.9078898,103.9748758,119,Unhealthy for Sensitive Groups,2,13.3,72,0.0,2.5,270,867.9,16,35.4,35.7,387.0,6.3,90.0,7.1
2026-01-14 10:00:00,2026,1,14,10,Lào Cai,Xã Khao Mang,21.9078898,103.9748758,118,Unhealthy for Sensitive Groups,2,15.1,67,0.0,6.1,273,868.8,30,30.4,30.7,351.0,2.7,117.0,8.5
2026-01-14 11:00:00,2026,1,14,11,Lào Cai,Xã Khao Mang,21.9078898,103.9748758,116,Unhealthy for Sensitive Groups,2,16.3,65,0.0,8.3,270,868.7,30,29.4,29.8,334.0,1.4,125.0,8.3
2026-01-14 12:00:00,2026,1,14,12,Lào Cai,Xã Khao Mang,21.9078898,103.9748758,115,Unhealthy for Sensitive Groups,2,16.9,65,0.0,10.3,268,867.8,30,28.6,29.2,324.0,1.2,124.0,7.3
2026-01-14 13:00:00,2026,1,14,13,Lào Cai,Xã Khao Mang,21.9078898,103.9748758,114,Unhealthy for Sensitive Groups,2,17.8,61,0.0,10.2,261,867.5,48,26.9,27.4,316.0,1.2,122.0,6.6
2026-01-14 14:00:00,2026,1,14,14,Lào Cai,Xã Khao Mang,21.9078898,103.9748758,112,Unhealthy for Sensitive Groups,2,17.2,64,0.0,8.5,269,866.3,40,24.9,25.4,301.0,0.7,122.0,6.3
2026-01-14 15:00:00,2026,1,14,15,Lào Cai,Xã Khao Mang,21.9078898,103.9748758,111,Unhealthy for Sensitive Groups,2,17.3,64,0.0,7.8,277,865.9,59,25.3,25.8,289.0,0.5,121.0,6.3
2026-01-14 16:00:00,2026,1,14,16,Lào Cai,Xã Khao Mang,21.9078898,103.9748758,109,Unhealthy for Sensitive Groups,2,16.4,68,0.0,5.2,284,865.7,38,25.4,25.8,298.0,1.6,117.0,7.0
2026-01-14 17:00:00,2026,1,14,17,Lào Cai,Xã Khao Mang,21.9078898,103.9748758,108,Unhealthy for Sensitive Groups,2,15.5,76,0.0,2.1,290,865.6,33,27.1,27.5,351.0,5.5,107.0,9.0
2026-01-14 18:00:00,2026,1,14,18,Lào Cai,Xã Khao Mang,21.9078898,103.9748758,106,Unhealthy for Sensitive Groups,2,13.6,83,0.0,1.4,140,865.1,22,35.6,36.0,427.0,10.8,95.0,11.7
2026-01-14 19:00:00,2026,1,14,19,Lào Cai,Xã Khao Mang,21.9078898,103.9748758,106,Unhealthy for Sensitive Groups,2,12.6,88,0.0,2.3,129,865.3,28,44.1,44.7,478.0,14.2,76.0,14.1
2026-01-14 20:00:00,2026,1,14,20,Lào Cai,Xã Khao Mang,21.9078898,103.9748758,106,Unhealthy for Sensitive Groups,2,12.4,87,0.0,1.0,121,865.5,20,50.9,51.5,482.0,14.1,77.0,15.8
2026-01-14 21:00:00,2026,1,14,21,Lào Cai,Xã Khao Mang,21.9078898,103.9748758,106,Unhealthy for Sensitive Groups,2,12.3,87,0.0,1.2,117,865.9,23,56.9,57.4,463.0,13.8,78.0,18.1
2026-01-14 22:00:00,2026,1,14,22,Lào Cai,Xã Khao Mang,21.9078898,103.9748758,107,Unhealthy for Sensitive Groups,2,11.9,86,0.0,2.1,121,866.3,16,65.7,66.1,443.0,13.0,80.0,20.1
2026-01-14 23:00:00,2026,1,14,23,Lào Cai,Xã Khao Mang,21.9078898,103.9748758,109,Unhealthy for Sensitive Groups,2,11.6,85,0.0,1.5,126,866.2,17,70.3,70.8,430.0,11.3,82.0,21.3
2026-01-15 00:00:00,2026,1,15,0,Lào Cai,Xã Khao Mang,21.9078898,103.9748758,112,Unhealthy for Sensitive Groups,2,11.4,85,0.0,1.8,127,866.2,33,73.3,73.8,416.0,9.1,84.0,22.0
2026-01-15 01:00:00,2026,1,15,1,Lào Cai,Xã Khao Mang,21.9078898,103.9748758,115,Unhealthy for Sensitive Groups,2,11.2,88,0.0,2.7,113,866.2,84,75.4,75.9,403.0,7.2,86.0,22.7
2026-01-15 02:00:00,2026,1,15,2,Lào Cai,Xã Khao Mang,21.9078898,103.9748758,118,Unhealthy for Sensitive Groups,2,11.4,89,0.1,3.3,99,866.0,52,71.0,71.5,386.0,5.9,88.0,23.3
2026-01-15 03:00:00,2026,1,15,3,Lào Cai,Xã Khao Mang,21.9078898,103.9748758,121,Unhealthy for Sensitive Groups,2,11.6,91,0.0,5.2,104,865.7,40,63.8,64.0,370.0,4.8,89.0,23.8
2026-01-15 04:00:00,2026,1,15,4,Lào Cai,Xã Khao Mang,21.9078898,103.9748758,123,Unhealthy for Sensitive Groups,2,11.7,92,0.0,4.8,101,865.5,63,56.7,56.9,368.0,4.2,90.0,24.1
2026-01-15 05:00:00,2026,1,15,5,Lào Cai,Xã Khao Mang,21.9078898,103.9748758,124,Unhealthy for Sensitive Groups,2,11.3,95,0.0,3.2,109,865.3,99,51.2,51.5,396.0,4.2,87.0,23.7
2026-01-15 06:00:00,2026,1,15,6,Lào Cai,Xã Khao Mang,21.9078898,103.9748758,125,Unhealthy for Sensitive Groups,2,11.3,95,0.0,2.7,113,865.9,100,50.6,50.9,439.0,4.6,84.0,23.1
2026-01-15 07:00:00,2026,1,15,7,Lào Cai,Xã Khao Mang,21.9078898,103.9748758,126,Unhealthy for Sensitive Groups,2,11.0,93,0.0,3.5,105,866.2,72,28.5,28.7,463.0,4.7,93.0,23.3
2026-01-15 08:00:00,2026,1,15,8,Lào Cai,Xã Khao Mang,21.9078898,103.9748758,124,Unhealthy for Sensitive Groups,2,12.8,90,0.1,2.3,94,867.4,70,26.0,26.2,451.0,4.3,101.0,23.6
2026-01-15 09:00:00,2026,1,15,9,Lào Cai,Xã Khao Mang,21.9078898,103.9748758,123,Unhealthy for Sensitive Groups,2,14.0,84,0.0,1.4,337,868.5,52,20.8,20.9,421.0,3.7,112.0,24.1
2026-01-15 10:00:00,2026,1,15,10,Lào Cai,Xã Khao Mang,21.9078898,103.9748758,122,Unhealthy for Sensitive Groups,2,15.2,79,0.0,3.5,305,869.1,100,18.5,18.6,395.0,3.3,119.0,24.0
2026-01-15 11:00:00,2026,1,15,11,Lào Cai,Xã Khao Mang,21.9078898,103.9748758,120,Unhealthy for Sensitive Groups,2,15.8,80,0.2,6.1,275,868.7,100,18.5,18.7,379.0,3.3,118.0,23.3
2026-01-15 12:00:00,2026,1,15,12,Lào Cai,Xã Khao Mang,21.9078898,103.9748758,119,Unhealthy for Sensitive Groups,2,16.2,79,0.1,7.8,262,868.1,99,19.1,19.3,366.0,3.4,113.0,22.0
2026-01-15 13:00:00,2026,1,15,13,Lào Cai,Xã Khao Mang,21.9078898,103.9748758,118,Unhealthy for Sensitive Groups,2,16.5,76,0.1,8.5,253,867.2,100,20.0,20.1,357.0,3.5,109.0,20.2
2026-01-15 14:00:00,2026,1,15,14,Lào Cai,Xã Khao Mang,21.9078898,103.9748758,117,Unhealthy for Sensitive Groups,2,16.6,75,0.1,9.2,253,866.2,86,18.6,18.8,346.0,3.2,109.0,17.3
2026-01-15 15:00:00,2026,1,15,15,Lào Cai,Xã Khao Mang,21.9078898,103.9748758,117,Unhealthy for Sensitive Groups,2,16.6,76,0.2,8.5,258,865.6,50,18.4,18.6,338.0,2.9,110.0,13.8
2026-01-15 16:00:00,2026,1,15,16,Lào Cai,Xã Khao Mang,21.9078898,103.9748758,116,Unhealthy for Sensitive Groups,2,16.0,79,0.1,7.0,260,865.2,52,20.4,20.5,350.0,3.6,107.0,11.2
2026-01-15 17:00:00,2026,1,15,17,Lào Cai,Xã Khao Mang,21.9078898,103.9748758,116,Unhealthy for Sensitive Groups,2,15.2,83,0.0,4.6,257,865.0,44,21.9,22.2,404.0,6.4,97.0,10.4
2026-01-15 18:00:00,2026,1,15,18,Lào Cai,Xã Khao Mang,21.9078898,103.9748758,115,Unhealthy for Sensitive Groups,2,13.5,92,0.0,0.4,153,864.1,30,23.6,23.8,478.0,10.2,83.0,10.5
2026-01-15 19:00:00,2026,1,15,19,Lào Cai,Xã Khao Mang,21.9078898,103.9748758,114,Unhealthy for Sensitive Groups,2,12.6,96,0.0,1.7,139,864.3,34,31.7,31.9,523.0,12.6,64.0,10.2
2026-01-15 20:00:00,2026,1,15,20,Lào Cai,Xã Khao Mang,21.9078898,103.9748758,112,Unhealthy for Sensitive Groups,2,12.1,95,0.0,2.0,135,864.2,27,32.4,32.7,515.0,13.0,58.0,10.1
2026-01-15 21:00:00,2026,1,15,21,Lào Cai,Xã Khao Mang,21.9078898,103.9748758,111,Unhealthy for Sensitive Groups,2,11.6,94,0.0,1.3,135,864.1,55,33.3,33.6,478.0,13.5,50.0,9.9
2026-01-15 22:00:00,2026,1,15,22,Lào Cai,Xã Khao Mang,21.9078898,103.9748758,108,Unhealthy for Sensitive Groups,2,11.5,94,0.0,1.3,135,864.3,71,34.3,34.7,439.0,13.7,43.0,9.7
2026-01-15 23:00:00,2026,1,15,23,Lào Cai,Xã Khao Mang,21.9078898,103.9748758,105,Unhealthy for Sensitive Groups,2,11.9,93,0.0,1.9,163,864.4,31,34.3,34.7,405.0,13.4,39.0,9.3
2026-01-16 00:00:00,2026,1,16,0,Lào Cai,Xã Khao Mang,21.9078898,103.9748758,101,Unhealthy for Sensitive Groups,2,11.7,93,0.0,2.0,153,864.0,47,33.3,33.5,369.0,12.7,36.0,8.8
2026-01-16 01:00:00,2026,1,16,1,Lào Cai,Xã Khao Mang,21.9078898,103.9748758,97,Moderate,1,11.2,96,0.0,1.3,135,863.8,67,31.3,31.5,340.0,12.1,34.0,8.4
2026-01-16 02:00:00,2026,1,16,2,Lào Cai,Xã Khao Mang,21.9078898,103.9748758,93,Moderate,1,10.7,97,0.0,1.2,141,862.9,73,30.6,30.9,316.0,11.5,32.0,8.1
2026-01-16 03:00:00,2026,1,16,3,Lào Cai,Xã Khao Mang,21.9078898,103.9748758,90,Moderate,1,10.4,99,0.0,1.8,135,862.7,76,30.7,30.9,298.0,10.9,31.0,7.9
2026-01-16 04:00:00,2026,1,16,4,Lào Cai,Xã Khao Mang,21.9078898,103.9748758,87,Moderate,1,10.7,98,0.0,2.5,135,862.8,81,31.2,31.4,297.0,10.3,31.0,7.7
2026-01-16 05:00:00,2026,1,16,5,Lào Cai,Xã Khao Mang,21.9078898,103.9748758,85,Moderate,1,10.8,97,0.0,1.8,135,862.9,84,31.7,31.9,328.0,9.7,30.0,7.6
2026-01-16 06:00:00,2026,1,16,6,Lào Cai,Xã Khao Mang,21.9078898,103.9748758,83,Moderate,1,10.7,98,0.0,1.8,135,863.3,100,32.1,32.4,375.0,9.2,31.0,7.4
2026-01-16 07:00:00,2026,1,16,7,Lào Cai,Xã Khao Mang,21.9078898,103.9748758,81,Moderate,1,10.2,97,0.0,2.2,125,863.4,79,26.5,26.7,400.0,7.6,46.0,6.3
2026-01-16 08:00:00,2026,1,16,8,Lào Cai,Xã Khao Mang,21.9078898,103.9748758,81,Moderate,1,11.9,97,0.0,3.0,147,864.8,78,27.2,27.5,382.0,6.2,61.0,5.6
2026-01-16 09:00:00,2026,1,16,9,Lào Cai,Xã Khao Mang,21.9078898,103.9748758,81,Moderate,1,14.0,89,0.0,3.5,246,866.5,21,25.7,26.0,342.0,4.4,82.0,4.6
2026-01-16 10:00:00,2026,1,16,10,Lào Cai,Xã Khao Mang,21.9078898,103.9748758,82,Moderate,1,15.3,81,0.1,7.6,251,867.0,38,24.4,24.8,310.0,2.8,100.0,4.0
2026-01-16 11:00:00,2026,1,16,11,Lào Cai,Xã Khao Mang,21.9078898,103.9748758,82,Moderate,1,16.1,76,0.1,7.6,262,866.9,36,23.5,23.9,298.0,1.9,110.0,4.1
2026-01-16 12:00:00,2026,1,16,12,Lào Cai,Xã Khao Mang,21.9078898,103.9748758,83,Moderate,1,16.6,73,0.3,8.8,261,866.1,55,19.6,20.0,295.0,1.3,117.0,4.5
2026-01-16 13:00:00,2026,1,16,13,Lào Cai,Xã Khao Mang,21.9078898,103.9748758,83,Moderate,1,16.5,76,0.2,8.9,264,865.3,39,16.8,17.1,293.0,1.0,122.0,4.8
2026-01-16 14:00:00,2026,1,16,14,Lào Cai,Xã Khao Mang,21.9078898,103.9748758,82,Moderate,1,16.7,72,0.3,8.7,265,864.5,53,15.5,15.7,284.0,0.6,125.0,4.7
2026-01-16 15:00:00,2026,1,16,15,Lào Cai,Xã Khao Mang,21.9078898,103.9748758,82,Moderate,1,16.9,70,0.1,7.6,270,864.2,31,14.6,14.8,277.0,0.4,126.0,4.5
2026-01-16 16:00:00,2026,1,16,16,Lào Cai,Xã Khao Mang,21.9078898,103.9748758,82,Moderate,1,16.5,73,0.0,5.0,268,863.8,22,14.4,14.6,288.0,1.4,123.0,4.5
2026-01-16 17:00:00,2026,1,16,17,Lào Cai,Xã Khao Mang,21.9078898,103.9748758,81,Moderate,1,15.8,76,0.0,2.5,262,863.6,24,15.4,15.6,339.0,4.7,112.0,5.0
2026-01-16 18:00:00,2026,1,16,18,Lào Cai,Xã Khao Mang,21.9078898,103.9748758,81,Moderate,1,13.7,87,0.0,0.9,127,863.1,26,17.8,17.9,409.0,9.2,96.0,5.7
2026-01-16 19:00:00,2026,1,16,19,Lào Cai,Xã Khao Mang,21.9078898,103.9748758,80,Moderate,1,13.2,92,0.0,1.0,121,863.2,22,39.7,40.5,450.0,13.8,91.0,7.9
2026-01-16 20:00:00,2026,1,16,20,Lào Cai,Xã Khao Mang,21.9078898,103.9748758,81,Moderate,1,12.2,95,0.0,1.3,352,864.1,53,40.0,40.7,435.0,13.9,89.0,8.1
2026-01-16 21:00:00,2026,1,16,21,Lào Cai,Xã Khao Mang,21.9078898,103.9748758,82,Moderate,1,12.8,94,0.1,6.4,119,864.5,39,38.6,39.3,392.0,14.0,86.0,8.4
2026-01-16 22:00:00,2026,1,16,22,Lào Cai,Xã Khao Mang,21.9078898,103.9748758,82,Moderate,1,11.6,95,0.0,4.2,115,863.5,27,36.7,37.4,351.0,13.9,84.0,8.4
2026-01-16 23:00:00,2026,1,16,23,Lào Cai,Xã Khao Mang,21.9078898,103.9748758,82,Moderate,1,11.1,93,0.0,1.5,120,863.2,39,36.0,36.7,323.0,13.4,83.0,8.1
2026-01-17 00:00:00,2026,1,17,0,Lào Cai,Xã Khao Mang,21.9078898,103.9748758,82,Moderate,1,10.7,93,0.0,2.4,126,862.8,42,34.9,35.6,298.0,12.7,82.0,7.5
2026-01-17 01:00:00,2026,1,17,1,Lào Cai,Xã Khao Mang,21.9078898,103.9748758,83,Moderate,1,10.9,95,0.0,5.8,126,863.0,79,34.6,35.3,277.0,11.9,80.0,6.7
2026-01-17 02:00:00,2026,1,17,2,Lào Cai,Xã Khao Mang,21.9078898,103.9748758,83,Moderate,1,10.3,95,0.0,2.5,120,862.1,88,34.2,34.9,256.0,10.9,75.0,5.5
2026-01-17 03:00:00,2026,1,17,3,Lào Cai,Xã Khao Mang,21.9078898,103.9748758,83,Moderate,1,10.8,94,0.0,1.4,113,862.2,84,34.1,34.8,239.0,9.8,70.0,4.2
2026-01-17 04:00:00,2026,1,17,4,Lào Cai,Xã Khao Mang,21.9078898,103.9748758,83,Moderate,1,10.9,91,0.0,2.1,128,862.3,35,34.8,35.5,239.0,9.1,63.0,3.1
2026-01-17 05:00:00,2026,1,17,5,Lào Cai,Xã Khao Mang,21.9078898,103.9748758,84,Moderate,1,11.0,91,0.0,1.3,106,862.3,31,36.8,37.5,276.0,9.4,53.0,2.4
2026-01-17 06:00:00,2026,1,17,6,Lào Cai,Xã Khao Mang,21.9078898,103.9748758,84,Moderate,1,10.1,92,0.0,0.9,127,862.3,17,38.3,38.8,330.0,10.2,42.0,2.0
2026-01-17 07:00:00,2026,1,17,7,Lào Cai,Xã Khao Mang,21.9078898,103.9748758,85,Moderate,1,9.9,89,0.0,1.6,117,862.7,25,26.1,26.5,360.0,10.4,55.0,1.1
2026-01-17 08:00:00,2026,1,17,8,Lào Cai,Xã Khao Mang,21.9078898,103.9748758,85,Moderate,1,12.2,91,0.0,1.6,117,864.5,10,23.9,24.3,340.0,8.2,70.0,1.9
2026-01-17 09:00:00,2026,1,17,9,Lào Cai,Xã Khao Mang,21.9078898,103.9748758,84,Moderate,1,15.0,83,0.0,2.6,286,866.4,13,21.5,21.8,296.0,5.1,91.0,3.0
2026-01-17 10:00:00,2026,1,17,10,Lào Cai,Xã Khao Mang,21.9078898,103.9748758,84,Moderate,1,16.5,73,0.0,5.4,274,867.2,15,16.8,17.1,261.0,2.6,107.0,3.8
2026-01-17 11:00:00,2026,1,17,11,Lào Cai,Xã Khao Mang,21.9078898,103.9748758,83,Moderate,1,17.6,66,0.0,7.7,279,867.2,17,11.1,11.4,250.0,1.4,112.0,3.9
2026-01-17 12:00:00,2026,1,17,12,Lào Cai,Xã Khao Mang,21.9078898,103.9748758,82,Moderate,1,18.0,62,0.0,9.0,282,866.1,12,8.1,8.6,247.0,1.0,111.0,3.7
2026-01-17 13:00:00,2026,1,17,13,Lào Cai,Xã Khao Mang,21.9078898,103.9748758,81,Moderate,1,18.5,55,0.0,8.5,287,865.7,15,7.4,8.2,246.0,0.7,110.0,3.5
2026-01-17 14:00:00,2026,1,17,14,Lào Cai,Xã Khao Mang,21.9078898,103.9748758,80,Moderate,1,18.2,55,0.0,6.7,290,864.6,16,7.3,8.3,236.0,0.1,111.0,3.1
2026-01-17 15:00:00,2026,1,17,15,Lào Cai,Xã Khao Mang,21.9078898,103.9748758,80,Moderate,1,18.0,57,0.0,6.2,300,863.8,13,7.2,8.3,227.0,0.0,112.0,2.6
2026-01-17 16:00:00,2026,1,17,16,Lào Cai,Xã Khao Mang,21.9078898,103.9748758,79,Moderate,1,17.4,61,0.0,5.7,319,863.5,7,7.3,8.4,237.0,1.0,109.0,2.7
2026-01-17 17:00:00,2026,1,17,17,Lào Cai,Xã Khao Mang,21.9078898,103.9748758,78,Moderate,1,16.0,69,0.0,2.9,353,863.1,4,8.2,9.2,290.0,5.5,100.0,3.6
2026-01-17 18:00:00,2026,1,17,18,Lào Cai,Xã Khao Mang,21.9078898,103.9748758,78,Moderate,1,12.9,81,0.0,2.7,113,862.3,1,11.1,12.1,362.0,11.7,87.0,5.1
2026-01-17 19:00:00,2026,1,17,19,Lào Cai,Xã Khao Mang,21.9078898,103.9748758,77,Moderate,1,11.7,86,0.0,3.5,118,861.7,1,20.0,21.1,406.0,16.5,73.0,6.4
2026-01-17 20:00:00,2026,1,17,20,Lào Cai,Xã Khao Mang,21.9078898,103.9748758,75,Moderate,1,11.0,89,0.0,4.6,121,861.5,0,23.5,24.5,393.0,17.9,69.0,7.3
2026-01-17 21:00:00,2026,1,17,21,Lào Cai,Xã Khao Mang,21.9078898,103.9748758,74,Moderate,1,10.4,89,0.0,2.7,122,861.3,0,26.6,27.6,351.0,19.7,62.0,8.6
2026-01-17 22:00:00,2026,1,17,22,Lào Cai,Xã Khao Mang,21.9078898,103.9748758,73,Moderate,1,11.0,81,0.0,2.4,126,861.9,3,29.1,30.2,315.0,21.1,57.0,9.5
2026-01-17 23:00:00,2026,1,17,23,Lào Cai,Xã Khao Mang,21.9078898,103.9748758,72,Moderate,1,10.6,81,0.0,2.1,128,861.4,65,31.0,31.9,296.0,21.6,53.0,9.8
2026-01-18 00:00:00,2026,1,18,0,Lào Cai,Xã Khao Mang,21.9078898,103.9748758,72,Moderate,1,10.8,78,0.0,2.2,132,861.7,43,31.8,32.7,283.0,21.5,50.0,9.7
2026-01-18 01:00:00,2026,1,18,1,Lào Cai,Xã Khao Mang,21.9078898,103.9748758,72,Moderate,1,10.0,82,0.0,1.8,127,861.7,17,32.1,33.1,271.0,21.0,48.0,9.4
2026-01-18 02:00:00,2026,1,18,2,Lào Cai,Xã Khao Mang,21.9078898,103.9748758,71,Moderate,1,9.8,83,0.0,1.9,124,861.2,0,33.2,34.0,259.0,19.8,47.0,8.9
2026-01-18 03:00:00,2026,1,18,3,Lào Cai,Xã Khao Mang,21.9078898,103.9748758,71,Moderate,1,9.7,83,0.0,1.9,124,861.0,0,33.5,34.3,248.0,18.2,46.0,8.3
2026-01-18 04:00:00,2026,1,18,4,Lào Cai,Xã Khao Mang,21.9078898,103.9748758,71,Moderate,1,9.7,82,0.0,1.5,120,860.9,0,32.2,32.9,244.0,17.0,44.0,7.5
2026-01-18 05:00:00,2026,1,18,5,Lào Cai,Xã Khao Mang,21.9078898,103.9748758,71,Moderate,1,9.7,82,0.0,1.5,126,860.9,18,32.1,32.9,252.0,17.0,37.0,6.6
2026-01-18 06:00:00,2026,1,18,6,Lào Cai,Xã Khao Mang,21.9078898,103.9748758,71,Moderate,1,9.7,81,0.0,1.5,126,861.4,25,33.3,34.0,267.0,17.4,30.0,5.6
2026-01-18 07:00:00,2026,1,18,7,Lào Cai,Xã Khao Mang,21.9078898,103.9748758,70,Moderate,1,9.3,80,0.0,2.2,132,862.0,0,22.6,23.1,275.0,16.3,20.0,3.8
2026-01-18 08:00:00,2026,1,18,8,Lào Cai,Xã Khao Mang,21.9078898,103.9748758,70,Moderate,1,12.6,76,0.0,2.4,132,864.1,0,21.8,22.2,271.0,12.2,46.0,4.4
2026-01-18 09:00:00,2026,1,18,9,Lào Cai,Xã Khao Mang,21.9078898,103.9748758,70,Moderate,1,14.7,70,0.0,3.1,267,865.5,0,12.3,13.0,261.0,6.6,83.0,5.1
2026-01-18 10:00:00,2026,1,18,10,Lào Cai,Xã Khao Mang,21.9078898,103.9748758,69,Moderate,1,16.4,64,0.0,6.2,280,866.6,0,10.0,10.7,251.0,2.3,109.0,5.3
2026-01-18 11:00:00,2026,1,18,11,Lào Cai,Xã Khao Mang,21.9078898,103.9748758,68,Moderate,1,17.3,61,0.0,7.8,283,866.7,1,7.4,8.1,241.0,0.8,115.0,4.5
2026-01-18 12:00:00,2026,1,18,12,Lào Cai,Xã Khao Mang,21.9078898,103.9748758,68,Moderate,1,18.1,57,0.0,8.2,285,866.3,3,6.2,7.0,231.0,0.6,112.0,3.2
2026-01-18 13:00:00,2026,1,18,13,Lào Cai,Xã Khao Mang,21.9078898,103.9748758,68,Moderate,1,19.0,53,0.0,9.0,283,865.7,17,5.7,6.6,225.0,0.7,108.0,2.2
2026-01-18 14:00:00,2026,1,18,14,Lào Cai,Xã Khao Mang,21.9078898,103.9748758,68,Moderate,1,18.9,52,0.0,8.9,278,864.7,34,5.3,6.2,219.0,0.3,109.0,1.8
2026-01-18 15:00:00,2026,1,18,15,Lào Cai,Xã Khao Mang,21.9078898,103.9748758,67,Moderate,1,18.9,51,0.0,8.2,279,864.0,8,5.1,6.1,217.0,0.0,110.0,1.7
2026-01-18 16:00:00,2026,1,18,16,Lào Cai,Xã Khao Mang,21.9078898,103.9748758,67,Moderate,1,18.5,54,0.0,5.8,284,863.6,2,5.3,6.2,232.0,1.0,108.0,2.0
2026-01-18 17:00:00,2026,1,18,17,Lào Cai,Xã Khao Mang,21.9078898,103.9748758,67,Moderate,1,17.1,68,0.0,2.8,305,863.2,2,5.9,6.8,284.0,4.2,99.0,2.8
2026-01-18 18:00:00,2026,1,18,18,Lào Cai,Xã Khao Mang,21.9078898,103.9748758,67,Moderate,1,14.7,70,0.0,0.6,162,862.4,0,7.9,8.8,354.0,8.7,86.0,3.9
2026-01-18 19:00:00,2026,1,18,19,Lào Cai,Xã Khao Mang,21.9078898,103.9748758,66,Moderate,1,13.8,74,0.0,2.1,142,862.3,0,11.3,12.1,395.0,13.4,71.0,5.4
2026-01-18 20:00:00,2026,1,18,20,Lào Cai,Xã Khao Mang,21.9078898,103.9748758,66,Moderate,1,14.0,70,0.0,2.1,142,862.9,0,12.5,13.3,382.0,14.2,68.0,5.9
2026-01-18 21:00:00,2026,1,18,21,Lào Cai,Xã Khao Mang,21.9078898,103.9748758,65,Moderate,1,14.3,67,0.0,0.9,169,863.5,0,12.7,13.5,340.0,15.3,64.0,6.6
2026-01-18 22:00:00,2026,1,18,22,Lào Cai,Xã Khao Mang,21.9078898,103.9748758,64,Moderate,1,13.7,69,0.0,0.7,166,863.6,0,12.7,13.4,304.0,16.1,60.0,7.1
2026-01-18 23:00:00,2026,1,18,23,Lào Cai,Xã Khao Mang,21.9078898,103.9748758,62,Moderate,1,12.9,73,0.0,1.4,140,863.1,0,12.4,13.2,287.0,16.3,57.0,7.1
2026-01-19 00:00:00,2026,1,19,0,Lào Cai,Xã Khao Mang,21.9078898,103.9748758,60,Moderate,1,12.4,75,0.0,2.1,142,862.7,0,11.8,12.5,276.0,16.1,55.0,6.7
2026-01-19 01:00:00,2026,1,19,1,Lào Cai,Xã Khao Mang,21.9078898,103.9748758,59,Moderate,1,12.2,77,0.0,1.4,157,862.6,0,10.8,11.6,266.0,15.7,54.0,6.4
2026-01-19 02:00:00,2026,1,19,2,Lào Cai,Xã Khao Mang,21.9078898,103.9748758,57,Moderate,1,12.5,76,0.0,1.7,167,862.2,1,10.2,10.9,250.0,15.0,54.0,6.0
2026-01-19 03:00:00,2026,1,19,3,Lào Cai,Xã Khao Mang,21.9078898,103.9748758,55,Moderate,1,12.4,75,0.0,1.3,172,861.8,1,9.7,10.4,234.0,14.1,54.0,5.6
2026-01-19 04:00:00,2026,1,19,4,Lào Cai,Xã Khao Mang,21.9078898,103.9748758,53,Moderate,1,12.3,75,0.0,0.9,169,861.5,1,9.6,10.2,233.0,13.7,53.0,5.4
2026-01-19 05:00:00,2026,1,19,5,Lào Cai,Xã Khao Mang,21.9078898,103.9748758,51,Moderate,1,12.2,75,0.0,1.0,158,861.5,0,9.9,10.6,262.0,14.7,49.0,5.6
2026-01-19 06:00:00,2026,1,19,6,Lào Cai,Xã Khao Mang,21.9078898,103.9748758,47,Good,0,11.9,75,0.0,1.3,146,861.9,0,11.1,11.7,306.0,16.2,45.0,6.0
2026-01-19 07:00:00,2026,1,19,7,Lào Cai,Xã Khao Mang,21.9078898,103.9748758,43,Good,0,11.0,80,0.0,1.5,144,862.4,0,10.7,11.2,327.0,14.6,50.0,5.4
2026-01-19 08:00:00,2026,1,19,8,Lào Cai,Xã Khao Mang,21.9078898,103.9748758,41,Good,0,14.0,76,0.0,2.7,160,864.6,0,12.4,12.7,302.0,11.0,65.0,5.4
2026-01-19 09:00:00,2026,1,19,9,Lào Cai,Xã Khao Mang,21.9078898,103.9748758,40,Good,0,16.0,71,0.0,4.3,255,866.1,0,8.8,9.2,255.0,6.1,87.0,5.4
2026-01-19 10:00:00,2026,1,19,10,Lào Cai,Xã Khao Mang,21.9078898,103.9748758,39,Good,0,17.6,62,0.0,7.0,270,867.0,0,6.8,7.3,218.0,2.4,103.0,5.3
2026-01-19 11:00:00,2026,1,19,11,Lào Cai,Xã Khao Mang,21.9078898,103.9748758,39,Good,0,18.6,56,0.0,8.6,272,867.0,0,5.3,5.8,204.0,1.0,110.0,4.9
2026-01-19 12:00:00,2026,1,19,12,Lào Cai,Xã Khao Mang,21.9078898,103.9748758,38,Good,0,19.1,54,0.0,9.0,275,866.5,0,4.7,5.3,200.0,0.8,111.0,4.4
2026-01-19 13:00:00,2026,1,19,13,Lào Cai,Xã Khao Mang,21.9078898,103.9748758,38,Good,0,19.6,51,0.0,9.2,277,865.8,11,4.6,5.2,198.0,0.8,112.0,3.9
2026-01-19 14:00:00,2026,1,19,14,Lào Cai,Xã Khao Mang,21.9078898,103.9748758,40,Good,0,19.2,53,0.0,8.7,264,864.9,9,4.1,4.7,190.0,0.3,114.0,3.5
2026-01-19 15:00:00,2026,1,19,15,Lào Cai,Xã Khao Mang,21.9078898,103.9748758,44,Good,0,19.2,52,0.0,8.1,258,864.5,17,3.8,4.4,184.0,0.0,116.0,3.1
2026-01-19 16:00:00,2026,1,19,16,Lào Cai,Xã Khao Mang,21.9078898,103.9748758,47,Good,0,18.9,52,0.0,6.7,254,864.1,11,3.9,4.4,195.0,1.0,113.0,3.1
2026-01-19 17:00:00,2026,1,19,17,Lào Cai,Xã Khao Mang,21.9078898,103.9748758,51,Moderate,1,17.7,65,0.0,3.5,242,863.8,3,4.9,5.3,240.0,4.4,103.0,3.7
2026-01-19 18:00:00,2026,1,19,18,Lào Cai,Xã Khao Mang,21.9078898,103.9748758,54,Moderate,1,15.5,64,0.0,1.3,180,863.2,3,7.2,7.7,303.0,9.1,89.0,4.7
2026-01-19 19:00:00,2026,1,19,19,Lào Cai,Xã Khao Mang,21.9078898,103.9748758,51,Moderate,1,13.5,75,0.0,3.0,128,862.8,1,14.7,15.5,343.0,13.6,76.0,6.4
2026-01-19 20:00:00,2026,1,19,20,Lào Cai,Xã Khao Mang,21.9078898,103.9748758,48,Good,0,13.2,76,0.0,2.6,129,863.2,1,16.8,17.6,342.0,14.9,72.0,7.1
2026-01-19 21:00:00,2026,1,19,21,Lào Cai,Xã Khao Mang,21.9078898,103.9748758,46,Good,0,12.8,77,0.0,1.5,126,863.5,0,17.2,18.0,319.0,16.8,67.0,7.9
2026-01-19 22:00:00,2026,1,19,22,Lào Cai,Xã Khao Mang,21.9078898,103.9748758,43,Good,0,12.5,77,0.0,2.4,132,863.8,0,17.6,18.5,295.0,18.3,63.0,8.6
2026-01-19 23:00:00,2026,1,19,23,Lào Cai,Xã Khao Mang,21.9078898,103.9748758,41,Good,0,12.2,78,0.0,2.7,132,863.7,0,18.3,19.1,273.0,19.2,60.0,8.8
2026-01-20 00:00:00,2026,1,20,0,Lào Cai,Xã Khao Mang,21.9078898,103.9748758,41,Good,0,11.9,79,0.0,2.8,135,863.3,0,18.4,19.2,250.0,19.7,58.0,8.7
2026-01-20 01:00:00,2026,1,20,1,Lào Cai,Xã Khao Mang,21.9078898,103.9748758,42,Good,0,11.1,84,0.0,2.2,132,863.0,2,18.0,18.8,231.0,20.0,56.0,8.6
2026-01-20 02:00:00,2026,1,20,2,Lào Cai,Xã Khao Mang,21.9078898,103.9748758,43,Good,0,11.0,84,0.0,2.3,129,862.2,2,17.6,18.4,216.0,20.0,53.0,8.5
2026-01-20 03:00:00,2026,1,20,3,Lào Cai,Xã Khao Mang,21.9078898,103.9748758,44,Good,0,10.8,84,0.0,2.6,129,861.9,3,18.5,19.2,204.0,19.6,51.0,8.3
2026-01-20 04:00:00,2026,1,20,4,Lào Cai,Xã Khao Mang,21.9078898,103.9748758,46,Good,0,11.0,83,0.0,2.2,125,862.0,1,21.2,21.9,207.0,19.3,48.0,8.1
2026-01-20 05:00:00,2026,1,20,5,Lào Cai,Xã Khao Mang,21.9078898,103.9748758,48,Good,0,10.9,83,0.0,2.3,129,862.0,1,24.4,25.1,237.0,19.5,43.0,7.6
2026-01-20 06:00:00,2026,1,20,6,Lào Cai,Xã Khao Mang,21.9078898,103.9748758,50,Good,0,10.9,82,0.0,2.4,126,862.5,0,27.4,28.0,281.0,19.6,38.0,6.9
2026-01-20 07:00:00,2026,1,20,7,Lào Cai,Xã Khao Mang,21.9078898,103.9748758,52,Moderate,1,10.6,83,0.0,1.7,122,863.3,0,15.4,15.5,305.0,17.1,47.0,6.6
2026-01-20 08:00:00,2026,1,20,8,Lào Cai,Xã Khao Mang,21.9078898,103.9748758,52,Moderate,1,13.8,80,0.0,2.4,126,865.7,0,14.8,14.8,290.0,13.4,58.0,7.3
2026-01-20 09:00:00,2026,1,20,9,Lào Cai,Xã Khao Mang,21.9078898,103.9748758,52,Moderate,1,16.7,70,0.0,2.9,266,867.8,0,12.6,12.7,254.0,8.2,74.0,8.2
2026-01-20 10:00:00,2026,1,20,10,Lào Cai,Xã Khao Mang,21.9078898,103.9748758,53,Moderate,1,18.2,61,0.0,6.2,278,868.7,0,10.9,10.9,224.0,4.2,88.0,8.7
2026-01-20 11:00:00,2026,1,20,11,Lào Cai,Xã Khao Mang,21.9078898,103.9748758,53,Moderate,1,19.2,55,0.0,7.8,275,868.8,0,9.6,9.6,207.0,2.5,99.0,8.6
2026-01-20 12:00:00,2026,1,20,12,Lào Cai,Xã Khao Mang,21.9078898,103.9748758,53,Moderate,1,19.8,52,0.0,8.6,272,868.3,0,8.5,8.6,196.0,2.1,109.0,8.2
2026-01-20 13:00:00,2026,1,20,13,Lào Cai,Xã Khao Mang,21.9078898,103.9748758,54,Moderate,1,20.6,46,0.0,9.0,268,868.0,4,7.6,7.7,190.0,1.8,116.0,7.5
2026-01-20 14:00:00,2026,1,20,14,Lào Cai,Xã Khao Mang,21.9078898,103.9748758,54,Moderate,1,20.1,50,0.0,9.0,264,867.0,8,6.6,6.6,184.0,1.1,121.0,6.4
2026-01-20 15:00:00,2026,1,20,15,Lào Cai,Xã Khao Mang,21.9078898,103.9748758,54,Moderate,1,19.9,50,0.0,9.4,259,866.3,7,5.6,5.6,184.0,0.6,123.0,5.1
2026-01-20 16:00:00,2026,1,20,16,Lào Cai,Xã Khao Mang,21.9078898,103.9748758,54,Moderate,1,19.5,52,0.0,9.2,254,866.2,7,5.5,5.5,205.0,1.4,120.0,4.5
2026-01-20 17:00:00,2026,1,20,17,Lào Cai,Xã Khao Mang,21.9078898,103.9748758,55,Moderate,1,18.1,67,0.0,3.1,270,865.8,2,6.3,6.4,265.0,4.8,110.0,5.1
2026-01-20 18:00:00,2026,1,20,18,Lào Cai,Xã Khao Mang,21.9078898,103.9748758,55,Moderate,1,15.4,69,0.0,0.4,117,864.8,1,9.5,9.5,347.0,9.4,96.0,6.4
2026-01-20 19:00:00,2026,1,20,19,Lào Cai,Xã Khao Mang,21.9078898,103.9748758,57,Moderate,1,13.8,78,0.0,3.6,135,864.5,9,20.5,20.7,408.0,12.7,76.0,6.8
2026-01-20 20:00:00,2026,1,20,20,Lào Cai,Xã Khao Mang,21.9078898,103.9748758,55,Moderate,1,13.2,80,0.0,4.6,129,864.9,15,25.4,25.6,435.0,12.8,70.0,7.1
2026-01-20 21:00:00,2026,1,20,21,Lào Cai,Xã Khao Mang,21.9078898,103.9748758,56,Moderate,1,12.6,79,0.0,4.3,123,865.0,2,29.5,29.8,441.0,13.0,62.0,7.5
2026-01-20 22:00:00,2026,1,20,22,Lào Cai,Xã Khao Mang,21.9078898,103.9748758,57,Moderate,1,12.0,79,0.0,3.1,121,865.2,0,32.8,33.1,430.0,12.9,55.0,7.6
2026-01-20 23:00:00,2026,1,20,23,Lào Cai,Xã Khao Mang,21.9078898,103.9748758,59,Moderate,1,11.9,79,0.0,3.0,123,865.3,0,35.0,35.4,395.0,12.3,50.0,7.2
2026-01-21 00:00:00,2026,1,21,0,Lào Cai,Xã Khao Mang,21.9078898,103.9748758,60,Moderate,1,11.8,79,0.0,3.1,121,865.4,0,31.5,31.8,343.0,11.5,46.0,6.6
2026-01-21 01:00:00,2026,1,21,1,Lào Cai,Xã Khao Mang,21.9078898,103.9748758,61,Moderate,1,10.6,84,0.0,2.6,129,865.0,0,27.0,27.2,296.0,10.8,43.0,6.3
2026-01-21 02:00:00,2026,1,21,2,Lào Cai,Xã Khao Mang,21.9078898,103.9748758,62,Moderate,1,10.7,85,0.0,2.6,124,864.5,0,21.9,22.1,257.0,10.5,41.0,6.4
2026-01-21 03:00:00,2026,1,21,3,Lào Cai,Xã Khao Mang,21.9078898,103.9748758,62,Moderate,1,10.2,87,0.0,2.3,122,864.2,0,17.1,17.2,223.0,10.5,39.0,6.8
2026-01-21 04:00:00,2026,1,21,4,Lào Cai,Xã Khao Mang,21.9078898,103.9748758,62,Moderate,1,10.4,86,0.0,2.0,117,864.4,0,13.3,13.4,211.0,10.4,38.0,7.2
2026-01-21 05:00:00,2026,1,21,5,Lào Cai,Xã Khao Mang,21.9078898,103.9748758,62,Moderate,1,9.9,87,0.0,1.8,114,864.2,0,10.9,11.0,237.0,10.3,36.0,7.7
2026-01-21 06:00:00,2026,1,21,6,Lào Cai,Xã Khao Mang,21.9078898,103.9748758,60,Moderate,1,9.8,86,0.0,1.4,113,864.7,0,9.3,9.3,285.0,10.3,33.0,8.3
2026-01-21 07:00:00,2026,1,21,7,Lào Cai,Xã Khao Mang,21.9078898,103.9748758,59,Moderate,1,9.3,88,0.0,1.5,120,865.5,6,14.5,14.6,316.0,11.3,36.0,9.0
2026-01-21 08:00:00,2026,1,21,8,Lào Cai,Xã Khao Mang,21.9078898,103.9748758,59,Moderate,1,12.6,82,0.0,2.1,105,867.6,3,11.4,11.5,314.0,9.4,45.0,8.9
2026-01-21 09:00:00,2026,1,21,9,Lào Cai,Xã Khao Mang,21.9078898,103.9748758,58,Moderate,1,15.4,71,0.0,2.2,312,869.7,2,9.9,10.0,296.0,6.8,57.0,8.9
2026-01-21 10:00:00,2026,1,21,10,Lào Cai,Xã Khao Mang,21.9078898,103.9748758,58,Moderate,1,17.1,66,0.0,6.0,286,870.5,2,9.9,10.0,277.0,4.8,67.0,8.8
2026-01-21 11:00:00,2026,1,21,11,Lào Cai,Xã Khao Mang,21.9078898,103.9748758,58,Moderate,1,18.6,60,0.0,8.7,263,870.8,39,10.0,10.1,257.0,3.9,75.0,8.6
2026-01-21 12:00:00,2026,1,21,12,Lào Cai,Xã Khao Mang,21.9078898,103.9748758,58,Moderate,1,18.9,58,0.0,10.4,260,870.0,46,10.2,10.3,235.0,3.5,81.0,8.4
2026-01-21 13:00:00,2026,1,21,13,Lào Cai,Xã Khao Mang,21.9078898,103.9748758,58,Moderate,1,19.5,54,0.2,11.6,249,869.2,38,10.3,10.5,223.0,3.7,84.0,8.6
2026-01-21 14:00:00,2026,1,21,14,Lào Cai,Xã Khao Mang,21.9078898,103.9748758,59,Moderate,1,19.1,56,0.0,10.8,249,868.2,55,10.2,10.3,221.0,4.5,81.0,9.4
2026-01-21 15:00:00,2026,1,21,15,Lào Cai,Xã Khao Mang,21.9078898,103.9748758,59,Moderate,1,19.1,55,0.0,10.1,248,867.5,51,9.8,10.0,230.0,5.8,74.0,10.7
2026-01-21 16:00:00,2026,1,21,16,Lào Cai,Xã Khao Mang,21.9078898,103.9748758,59,Moderate,1,18.5,55,0.1,7.4,267,867.4,52,9.4,9.5,262.0,7.2,66.0,11.8
2026-01-21 17:00:00,2026,1,21,17,Lào Cai,Xã Khao Mang,21.9078898,103.9748758,60,Moderate,1,16.5,67,0.0,2.8,349,867.1,26,8.9,9.0,342.0,8.7,58.0,12.8
2026-01-21 18:00:00,2026,1,21,18,Lào Cai,Xã Khao Mang,21.9078898,103.9748758,60,Moderate,1,13.4,83,0.0,3.8,65,866.2,19,8.9,9.0,444.0,10.2,49.0,13.7
2026-01-21 19:00:00,2026,1,21,19,Lào Cai,Xã Khao Mang,21.9078898,103.9748758,60,Moderate,1,12.4,96,0.0,7.2,91,866.0,35,16.6,16.8,508.0,11.0,46.0,13.2
2026-01-21 20:00:00,2026,1,21,20,Lào Cai,Xã Khao Mang,21.9078898,103.9748758,59,Moderate,1,12.0,97,0.0,6.0,83,866.8,19,17.1,17.2,501.0,11.1,41.0,13.0
2026-01-21 21:00:00,2026,1,21,21,Lào Cai,Xã Khao Mang,21.9078898,103.9748758,59,Moderate,1,10.5,100,0.0,5.0,90,866.4,100,17.1,17.2,456.0,11.3,34.0,12.8
2026-01-21 22:00:00,2026,1,21,22,Lào Cai,Xã Khao Mang,21.9078898,103.9748758,58,Moderate,1,9.9,100,0.0,6.3,95,866.5,100,16.6,16.7,403.0,11.3,29.0,12.4
2026-01-21 23:00:00,2026,1,21,23,Lào Cai,Xã Khao Mang,21.9078898,103.9748758,56,Moderate,1,10.1,99,0.0,5.4,86,866.7,27,16.3,16.4,345.0,11.1,27.0,11.9
2026-01-22 00:00:00,2026,1,22,0,Lào Cai,Xã Khao Mang,21.9078898,103.9748758,54,Moderate,1,9.8,100,0.0,5.1,84,866.9,100,15.9,16.0,280.0,10.8,26.0,11.3
2026-01-22 01:00:00,2026,1,22,1,Lào Cai,Xã Khao Mang,21.9078898,103.9748758,53,Moderate,1,10.2,99,0.0,7.0,90,867.0,75,15.4,15.5,233.0,10.4,25.0,10.8
2026-01-22 02:00:00,2026,1,22,2,Lào Cai,Xã Khao Mang,21.9078898,103.9748758,52,Moderate,1,9.9,99,0.0,6.4,82,866.8,100,14.6,14.7,214.0,10.0,25.0,10.5
2026-01-22 03:00:00,2026,1,22,3,Lào Cai,Xã Khao Mang,21.9078898,103.9748758,51,Moderate,1,9.9,98,0.0,5.9,79,866.8,92,13.4,13.4,213.0,9.5,25.0,10.4
2026-01-22 04:00:00,2026,1,22,4,Lào Cai,Xã Khao Mang,21.9078898,103.9748758,51,Moderate,1,10.1,96,0.0,5.4,75,866.9,100,11.3,11.3,226.0,9.1,25.0,10.4
2026-01-22 05:00:00,2026,1,22,5,Lào Cai,Xã Khao Mang,21.9078898,103.9748758,51,Moderate,1,10.1,95,0.0,5.2,70,867.2,99,8.6,8.6,258.0,9.0,25.0,10.7
2026-01-22 06:00:00,2026,1,22,6,Lào Cai,Xã Khao Mang,21.9078898,103.9748758,51,Moderate,1,10.1,94,0.0,5.8,64,867.9,100,6.7,6.7,304.0,9.0,25.0,11.2
2026-01-22 07:00:00,2026,1,22,7,Lào Cai,Xã Khao Mang,21.9078898,103.9748758,50,Good,0,10.1,94,0.0,6.6,73,868.4,99,6.3,6.3,349.0,9.9,25.0,11.5
2026-01-22 08:00:00,2026,1,22,8,Lào Cai,Xã Khao Mang,21.9078898,103.9748758,49,Good,0,10.2,93,0.0,5.9,59,869.4,100,5.3,5.3,385.0,9.6,27.0,11.7
2026-01-22 09:00:00,2026,1,22,9,Lào Cai,Xã Khao Mang,21.9078898,103.9748758,48,Good,0,10.7,87,0.0,5.6,40,870.5,99,4.9,4.9,419.0,9.1,31.0,12.0
2026-01-22 10:00:00,2026,1,22,10,Lào Cai,Xã Khao Mang,21.9078898,103.9748758,48,Good,0,11.1,84,0.0,5.0,15,871.1,100,4.0,4.0,457.0,8.5,35.0,12.1
2026-01-22 11:00:00,2026,1,22,11,Lào Cai,Xã Khao Mang,21.9078898,103.9748758,46,Good,0,10.8,82,0.0,5.2,6,871.0,100,3.7,3.7,508.0,7.7,41.0,11.8
2026-01-22 12:00:00,2026,1,22,12,Lào Cai,Xã Khao Mang,21.9078898,103.9748758,45,Good,0,11.0,79,0.0,4.9,10,870.3,100,4.1,4.1,563.0,6.8,48.0,11.2
2026-01-22 13:00:00,2026,1,22,13,Lào Cai,Xã Khao Mang,21.9078898,103.9748758,44,Good,0,11.9,78,0.0,2.4,9,869.6,100,4.3,4.3,604.0,6.2,53.0,10.8
2026-01-22 14:00:00,2026,1,22,14,Lào Cai,Xã Khao Mang,21.9078898,103.9748758,43,Good,0,11.5,78,0.0,4.0,21,868.4,100,4.7,4.8,625.0,6.0,56.0,10.6
2026-01-22 15:00:00,2026,1,22,15,Lào Cai,Xã Khao Mang,21.9078898,103.9748758,42,Good,0,11.9,76,0.0,4.2,10,868.1,100,5.3,5.3,632.0,6.2,57.0,10.5
2026-01-22 16:00:00,2026,1,22,16,Lào Cai,Xã Khao Mang,21.9078898,103.9748758,42,Good,0,11.6,76,0.0,4.7,16,868.1,99,5.7,5.7,627.0,6.5,57.0,10.5
2026-01-22 17:00:00,2026,1,22,17,Lào Cai,Xã Khao Mang,21.9078898,103.9748758,41,Good,0,10.6,79,0.0,4.6,36,867.9,99,6.3,6.3,608.0,7.2,55.0,10.5
2026-01-22 18:00:00,2026,1,22,18,Lào Cai,Xã Khao Mang,21.9078898,103.9748758,40,Good,0,9.7,83,0.0,5.0,41,867.8,78,6.9,6.9,578.0,8.0,51.0,10.6
2026-01-22 19:00:00,2026,1,22,19,Lào Cai,Xã Khao Mang,21.9078898,103.9748758,40,Good,0,10.0,93,0.0,8.3,84,867.5,70,11.5,11.5,545.0,8.0,51.0,10.0
2026-01-22 20:00:00,2026,1,22,20,Lào Cai,Xã Khao Mang,21.9078898,103.9748758,39,Good,0,9.0,97,0.0,6.2,69,868.3,100,12.5,12.5,509.0,8.0,48.0,10.0
2026-01-22 21:00:00,2026,1,22,21,Lào Cai,Xã Khao Mang,21.9078898,103.9748758,38,Good,0,8.7,99,0.0,6.5,71,868.5,100,13.2,13.2,472.0,7.9,45.0,9.9
2026-01-22 22:00:00,2026,1,22,22,Lào Cai,Xã Khao Mang,21.9078898,103.9748758,38,Good,0,8.7,99,0.0,4.9,57,869.0,100,13.8,13.8,445.0,7.7,42.0,9.8
2026-01-22 23:00:00,2026,1,22,23,Lào Cai,Xã Khao Mang,21.9078898,103.9748758,37,Good,0,8.8,95,0.0,4.8,59,868.9,100,14.3,14.3,436.0,7.4,40.0,9.6
2026-01-23 00:00:00,2026,1,23,0,Lào Cai,Xã Khao Mang,21.9078898,103.9748758,37,Good,0,9.0,93,0.0,4.6,54,868.9,99,14.6,14.6,437.0,7.0,39.0,9.3
2026-01-23 01:00:00,2026,1,23,1,Lào Cai,Xã Khao Mang,21.9078898,103.9748758,37,Good,0,9.3,96,0.0,3.2,56,868.9,100,14.5,14.5,442.0,6.6,39.0,9.0
2026-01-23 02:00:00,2026,1,23,2,Lào Cai,Xã Khao Mang,21.9078898,103.9748758,37,Good,0,8.6,93,0.0,4.0,30,868.3,100,13.9,13.9,448.0,6.2,39.0,8.8
2026-01-23 03:00:00,2026,1,23,3,Lào Cai,Xã Khao Mang,21.9078898,103.9748758,36,Good,0,8.5,89,0.0,3.1,21,868.2,100,13.1,13.1,457.0,5.8,40.0,8.7
2026-01-23 04:00:00,2026,1,23,4,Lào Cai,Xã Khao Mang,21.9078898,103.9748758,36,Good,0,8.5,86,0.0,3.1,36,867.9,100,12.4,12.4,470.0,5.5,40.0,8.6
2026-01-23 05:00:00,2026,1,23,5,Lào Cai,Xã Khao Mang,21.9078898,103.9748758,37,Good,0,8.5,84,0.0,3.1,31,868.1,100,11.5,11.5,492.0,5.4,40.0,8.6
2026-01-23 06:00:00,2026,1,23,6,Lào Cai,Xã Khao Mang,21.9078898,103.9748758,37,Good,0,8.4,83,0.0,3.1,36,868.4,100,11.1,11.1,518.0,5.4,40.0,8.6
2026-01-23 07:00:00,2026,1,23,7,Lào Cai,Xã Khao Mang,21.9078898,103.9748758,38,Good,0,8.6,89,0.0,0.7,346,869.1,100,6.8,6.8,535.0,6.0,40.0,8.1
2026-01-23 08:00:00,2026,1,23,8,Lào Cai,Xã Khao Mang,21.9078898,103.9748758,38,Good,0,8.6,89,0.1,2.5,360,869.8,100,6.6,6.6,536.0,5.8,43.0,7.9
2026-01-23 09:00:00,2026,1,23,9,Lào Cai,Xã Khao Mang,21.9078898,103.9748758,38,Good,0,9.0,91,0.3,2.7,332,870.7,100,6.5,6.5,526.0,5.5,47.0,7.7
2026-01-23 10:00:00,2026,1,23,10,Lào Cai,Xã Khao Mang,21.9078898,103.9748758,38,Good,0,9.3,93,0.2,2.7,302,871.1,100,7.2,7.2,512.0,5.1,52.0,7.3
2026-01-23 11:00:00,2026,1,23,11,Lào Cai,Xã Khao Mang,21.9078898,103.9748758,39,Good,0,10.1,91,0.2,3.3,279,871.2,100,8.0,8.0,491.0,4.6,57.0,6.8
2026-01-23 12:00:00,2026,1,23,12,Lào Cai,Xã Khao Mang,21.9078898,103.9748758,40,Good,0,10.3,90,0.1,4.4,261,870.7,100,8.8,8.8,464.0,4.1,62.0,6.1
2026-01-23 13:00:00,2026,1,23,13,Lào Cai,Xã Khao Mang,21.9078898,103.9748758,41,Good,0,11.0,88,0.1,4.3,253,870.2,100,9.5,9.5,443.0,3.7,67.0,5.4
2026-01-23 14:00:00,2026,1,23,14,Lào Cai,Xã Khao Mang,21.9078898,103.9748758,41,Good,0,12.1,82,0.0,5.9,235,869.8,100,10.0,10.1,426.0,3.0,72.0,4.6
2026-01-23 15:00:00,2026,1,23,15,Lào Cai,Xã Khao Mang,21.9078898,103.9748758,42,Good,0,12.0,85,0.1,5.7,215,869.0,100,11.0,11.0,415.0,2.5,76.0,3.8
2026-01-23 16:00:00,2026,1,23,16,Lào Cai,Xã Khao Mang,21.9078898,103.9748758,43,Good,0,12.6,81,0.0,5.0,224,869.1,98,11.9,11.9,423.0,3.0,76.0,3.4
2026-01-23 17:00:00,2026,1,23,17,Lào Cai,Xã Khao Mang,21.9078898,103.9748758,44,Good,0,12.4,83,0.0,3.8,262,868.9,98,13.1,13.1,472.0,5.8,69.0,3.8
2026-01-23 18:00:00,2026,1,23,18,Lào Cai,Xã Khao Mang,21.9078898,103.9748758,46,Good,0,10.6,94,0.0,1.4,247,868.4,39,15.5,15.5,540.0,9.7,59.0,4.7
2026-01-23 19:00:00,2026,1,23,19,Lào Cai,Xã Khao Mang,21.9078898,103.9748758,47,Good,0,9.2,99,0.0,2.1,128,868.0,53,16.1,16.1,578.0,10.9,45.0,4.7
2026-01-23 20:00:00,2026,1,23,20,Lào Cai,Xã Khao Mang,21.9078898,103.9748758,48,Good,0,8.7,98,0.0,2.6,129,867.8,38,18.6,18.6,555.0,11.2,42.0,5.1
2026-01-23 21:00:00,2026,1,23,21,Lào Cai,Xã Khao Mang,21.9078898,103.9748758,49,Good,0,8.5,95,0.0,1.5,126,868.0,52,20.5,20.6,502.0,11.6,37.0,5.7
2026-01-23 22:00:00,2026,1,23,22,Lào Cai,Xã Khao Mang,21.9078898,103.9748758,50,Good,0,8.4,94,0.0,1.4,130,868.2,76,22.1,22.1,461.0,11.6,34.0,6.4
2026-01-23 23:00:00,2026,1,23,23,Lào Cai,Xã Khao Mang,21.9078898,103.9748758,51,Moderate,1,9.3,95,0.0,0.8,117,868.5,75,23.3,23.3,451.0,10.8,33.0,7.4
2026-01-24 00:00:00,2026,1,24,0,Lào Cai,Xã Khao Mang,21.9078898,103.9748758,52,Moderate,1,9.4,96,0.0,2.1,110,868.4,100,22.8,22.8,452.0,9.6,34.0,8.6
2026-01-24 01:00:00,2026,1,24,1,Lào Cai,Xã Khao Mang,21.9078898,103.9748758,52,Moderate,1,9.7,95,0.0,2.5,111,868.1,98,18.0,18.0,449.0,8.6,34.0,9.7
2026-01-24 02:00:00,2026,1,24,2,Lào Cai,Xã Khao Mang,21.9078898,103.9748758,53,Moderate,1,9.5,97,0.0,2.8,79,867.8,96,13.4,13.4,430.0,7.9,34.0,10.5
2026-01-24 03:00:00,2026,1,24,3,Lào Cai,Xã Khao Mang,21.9078898,103.9748758,53,Moderate,1,9.1,99,0.1,3.5,75,867.5,100,10.4,10.4,407.0,7.4,34.0,11.2
2026-01-24 04:00:00,2026,1,24,4,Lào Cai,Xã Khao Mang,21.9078898,103.9748758,52,Moderate,1,9.3,98,0.1,4.5,67,867.3,100,8.2,8.2,402.0,7.0,34.0,11.9
2026-01-24 05:00:00,2026,1,24,5,Lào Cai,Xã Khao Mang,21.9078898,103.9748758,52,Moderate,1,9.2,99,0.3,3.6,57,867.4,100,7.0,7.0,431.0,6.8,34.0,12.5
2026-01-24 06:00:00,2026,1,24,6,Lào Cai,Xã Khao Mang,21.9078898,103.9748758,52,Moderate,1,9.1,99,0.2,3.4,65,867.9,100,5.3,5.3,477.0,6.8,33.0,13.1
2026-01-24 07:00:00,2026,1,24,7,Lào Cai,Xã Khao Mang,21.9078898,103.9748758,51,Moderate,1,9.6,98,0.1,1.5,120,868.3,100,9.9,9.9,512.0,6.7,38.0,12.3
2026-01-24 08:00:00,2026,1,24,8,Lào Cai,Xã Khao Mang,21.9078898,103.9748758,51,Moderate,1,9.7,97,0.0,2.3,356,869.1,100,7.5,7.5,530.0,6.4,40.0,12.6
2026-01-24 09:00:00,2026,1,24,9,Lào Cai,Xã Khao Mang,21.9078898,103.9748758,51,Moderate,1,10.1,95,0.1,2.4,312,870.0,100,6.5,6.5,537.0,6.0,44.0,12.9
2026-01-24 10:00:00,2026,1,24,10,Lào Cai,Xã Khao Mang,21.9078898,103.9748758,51,Moderate,1,10.5,94,0.1,2.8,288,870.7,100,6.5,6.5,525.0,5.5,49.0,12.7
2026-01-24 11:00:00,2026,1,24,11,Lào Cai,Xã Khao Mang,21.9078898,103.9748758,51,Moderate,1,11.3,91,0.1,3.6,267,870.5,100,7.3,7.3,478.0,4.8,57.0,11.5
2026-01-24 12:00:00,2026,1,24,12,Lào Cai,Xã Khao Mang,21.9078898,103.9748758,51,Moderate,1,11.7,89,0.1,4.6,257,869.8,100,9.4,9.5,413.0,4.1,66.0,9.7
2026-01-24 13:00:00,2026,1,24,13,Lào Cai,Xã Khao Mang,21.9078898,103.9748758,51,Moderate,1,12.1,86,0.1,5.4,262,869.2,100,12.9,12.9,372.0,3.4,74.0,8.0
2026-01-24 14:00:00,2026,1,24,14,Lào Cai,Xã Khao Mang,21.9078898,103.9748758,52,Moderate,1,12.2,86,0.0,6.2,262,868.4,100,15.9,15.9,375.0,2.5,83.0,6.5
2026-01-24 15:00:00,2026,1,24,15,Lào Cai,Xã Khao Mang,21.9078898,103.9748758,52,Moderate,1,12.2,87,0.0,5.6,253,867.9,100,19.2,19.3,402.0,1.7,90.0,5.1
2026-01-24 16:00:00,2026,1,24,16,Lào Cai,Xã Khao Mang,21.9078898,103.9748758,53,Moderate,1,11.7,89,0.0,4.6,244,867.4,100,21.1,21.2,436.0,2.4,93.0,4.5
2026-01-24 17:00:00,2026,1,24,17,Lào Cai,Xã Khao Mang,21.9078898,103.9748758,54,Moderate,1,11.7,89,0.0,3.0,253,867.3,51,22.4,22.4,481.0,5.9,86.0,5.1
2026-01-24 18:00:00,2026,1,24,18,Lào Cai,Xã Khao Mang,21.9078898,103.9748758,55,Moderate,1,9.5,99,0.0,0.5,135,866.5,35,25.4,25.5,533.0,11.0,74.0,6.5
2026-01-24 19:00:00,2026,1,24,19,Lào Cai,Xã Khao Mang,21.9078898,103.9748758,55,Moderate,1,9.1,100,0.0,3.0,128,866.1,29,26.6,26.7,561.0,14.1,60.0,6.7
2026-01-24 20:00:00,2026,1,24,20,Lào Cai,Xã Khao Mang,21.9078898,103.9748758,56,Moderate,1,8.7,98,0.0,3.1,135,866.2,51,28.3,28.3,548.0,14.5,56.0,7.3
2026-01-24 21:00:00,2026,1,24,21,Lào Cai,Xã Khao Mang,21.9078898,103.9748758,57,Moderate,1,8.4,96,0.0,2.3,135,866.1,68,30.9,30.9,511.0,15.0,51.0,8.1
2026-01-24 22:00:00,2026,1,24,22,Lào Cai,Xã Khao Mang,21.9078898,103.9748758,58,Moderate,1,8.3,97,0.0,2.4,138,865.9,73,31.2,31.2,477.0,15.3,47.0,8.6
2026-01-24 23:00:00,2026,1,24,23,Lào Cai,Xã Khao Mang,21.9078898,103.9748758,59,Moderate,1,8.3,98,0.0,2.4,138,865.8,76,32.2,32.2,453.0,15.2,44.0,8.8
2026-01-25 00:00:00,2026,1,25,0,Lào Cai,Xã Khao Mang,21.9078898,103.9748758,60,Moderate,1,8.4,97,0.0,2.4,138,865.5,70,33.1,33.2,432.0,14.8,42.0,8.8
2026-01-25 01:00:00,2026,1,25,1,Lào Cai,Xã Khao Mang,21.9078898,103.9748758,61,Moderate,1,8.0,99,0.0,1.5,144,865.0,62,33.8,33.8,414.0,14.0,41.0,8.4
2026-01-25 02:00:00,2026,1,25,2,Lào Cai,Xã Khao Mang,21.9078898,103.9748758,62,Moderate,1,8.7,98,0.0,2.4,144,864.8,51,34.0,34.1,395.0,12.7,41.0,7.4
2026-01-25 03:00:00,2026,1,25,3,Lào Cai,Xã Khao Mang,21.9078898,103.9748758,64,Moderate,1,8.7,99,0.0,2.4,153,864.2,42,34.0,34.1,380.0,11.0,41.0,6.0
2026-01-25 04:00:00,2026,1,25,4,Lào Cai,Xã Khao Mang,21.9078898,103.9748758,66,Moderate,1,8.4,100,0.0,1.9,146,863.9,99,33.2,33.2,377.0,9.5,42.0,4.7
2026-01-25 05:00:00,2026,1,25,5,Lào Cai,Xã Khao Mang,21.9078898,103.9748758,68,Moderate,1,8.5,100,0.0,2.1,149,863.8,99,31.8,31.8,403.0,8.3,43.0,3.6
2026-01-25 06:00:00,2026,1,25,6,Lào Cai,Xã Khao Mang,21.9078898,103.9748758,70,Moderate,1,8.8,99,0.0,2.1,142,864.6,99,30.4,30.4,441.0,7.3,44.0,2.7
2026-01-25 07:00:00,2026,1,25,7,Lào Cai,Xã Khao Mang,21.9078898,103.9748758,73,Moderate,1,8.3,100,0.0,3.1,126,864.8,99,20.3,20.3,459.0,6.0,53.0,1.8
2026-01-25 08:00:00,2026,1,25,8,Lào Cai,Xã Khao Mang,21.9078898,103.9748758,74,Moderate,1,9.9,99,0.0,2.5,159,866.3,99,20.1,20.1,435.0,5.1,63.0,2.6
2026-01-25 09:00:00,2026,1,25,9,Lào Cai,Xã Khao Mang,21.9078898,103.9748758,75,Moderate,1,11.9,91,0.0,3.8,253,868.1,74,17.3,17.3,390.0,3.9,78.0,3.7
2026-01-25 10:00:00,2026,1,25,10,Lào Cai,Xã Khao Mang,21.9078898,103.9748758,76,Moderate,1,13.7,80,0.0,6.1,256,869.0,46,15.6,15.6,351.0,2.8,91.0,4.5
2026-01-25 11:00:00,2026,1,25,11,Lào Cai,Xã Khao Mang,21.9078898,103.9748758,76,Moderate,1,14.9,70,0.0,6.9,261,869.2,41,15.3,15.3,329.0,2.1,102.0,4.8
2026-01-25 12:00:00,2026,1,25,12,Lào Cai,Xã Khao Mang,21.9078898,103.9748758,77,Moderate,1,16.1,66,0.0,8.1,270,868.7,36,12.6,12.7,312.0,1.5,112.0,5.0
2026-01-25 13:00:00,2026,1,25,13,Lào Cai,Xã Khao Mang,21.9078898,103.9748758,77,Moderate,1,17.1,63,0.0,9.5,270,868.4,43,8.8,8.9,299.0,1.1,119.0,5.0
2026-01-25 14:00:00,2026,1,25,14,Lào Cai,Xã Khao Mang,21.9078898,103.9748758,77,Moderate,1,16.1,66,0.0,9.2,270,867.6,42,8.4,8.4,280.0,0.5,123.0,4.8
2026-01-25 15:00:00,2026,1,25,15,Lào Cai,Xã Khao Mang,21.9078898,103.9748758,76,Moderate,1,16.5,63,0.0,6.3,277,867.3,15,8.3,8.3,263.0,0.0,125.0,4.6
2026-01-25 16:00:00,2026,1,25,16,Lào Cai,Xã Khao Mang,21.9078898,103.9748758,75,Moderate,1,16.3,66,0.0,5.1,274,867.2,5,8.1,8.1,272.0,1.2,121.0,5.0
2026-01-25 17:00:00,2026,1,25,17,Lào Cai,Xã Khao Mang,21.9078898,103.9748758,74,Moderate,1,15.3,73,0.0,3.8,273,867.2,2,9.0,9.0,330.0,5.4,109.0,6.5
2026-01-25 18:00:00,2026,1,25,18,Lào Cai,Xã Khao Mang,21.9078898,103.9748758,73,Moderate,1,12.6,84,0.0,0.8,135,866.1,1,12.9,12.9,414.0,11.2,91.0,8.6
2026-01-25 19:00:00,2026,1,25,19,Lào Cai,Xã Khao Mang,21.9078898,103.9748758,72,Moderate,1,10.8,88,0.0,2.1,128,865.4,1,17.5,17.6,469.0,17.2,71.0,12.4
2026-01-25 20:00:00,2026,1,25,20,Lào Cai,Xã Khao Mang,21.9078898,103.9748758,71,Moderate,1,10.9,87,0.0,2.5,135,865.9,1,22.9,22.9,469.0,19.0,65.0,14.6
2026-01-25 21:00:00,2026,1,25,21,Lào Cai,Xã Khao Mang,21.9078898,103.9748758,71,Moderate,1,10.5,87,0.0,2.3,129,866.2,0,27.2,27.2,442.0,21.4,56.0,17.5
2026-01-25 22:00:00,2026,1,25,22,Lào Cai,Xã Khao Mang,21.9078898,103.9748758,70,Moderate,1,10.4,87,0.0,2.3,129,866.5,1,31.5,31.7,413.0,23.0,48.0,19.5
2026-01-25 23:00:00,2026,1,25,23,Lào Cai,Xã Khao Mang,21.9078898,103.9748758,70,Moderate,1,10.4,87,0.0,1.9,124,866.3,3,36.7,36.7,391.0,23.2,41.0,19.4
2026-01-26 00:00:00,2026,1,26,0,Lào Cai,Xã Khao Mang,21.9078898,103.9748758,71,Moderate,1,10.5,86,0.0,1.8,127,866.3,4,36.9,36.9,369.0,22.6,34.0,18.4
2026-01-26 01:00:00,2026,1,26,1,Lào Cai,Xã Khao Mang,21.9078898,103.9748758,71,Moderate,1,10.1,87,0.0,1.8,143,866.1,5,37.5,37.6,350.0,21.6,29.0,17.8
2026-01-26 02:00:00,2026,1,26,2,Lào Cai,Xã Khao Mang,21.9078898,103.9748758,71,Moderate,1,10.2,86,0.0,1.3,124,865.9,6,37.7,37.7,333.0,20.1,27.0,18.3
2026-01-26 03:00:00,2026,1,26,3,Lào Cai,Xã Khao Mang,21.9078898,103.9748758,72,Moderate,1,9.7,87,0.0,0.8,117,865.6,9,37.7,37.8,321.0,18.2,27.0,19.2
2026-01-26 04:00:00,2026,1,26,4,Lào Cai,Xã Khao Mang,21.9078898,103.9748758,72,Moderate,1,9.7,88,0.0,1.2,117,865.6,3,37.5,37.6,323.0,16.5,27.0,19.9
2026-01-26 05:00:00,2026,1,26,5,Lào Cai,Xã Khao Mang,21.9078898,103.9748758,73,Moderate,1,9.3,89,0.0,1.8,114,865.5,0,38.4,38.4,355.0,15.7,25.0,19.9
2026-01-26 06:00:00,2026,1,26,6,Lào Cai,Xã Khao Mang,21.9078898,103.9748758,73,Moderate,1,9.0,89,0.0,2.2,114,866.0,0,37.8,37.8,401.0,15.1,23.0,19.6
2026-01-26 07:00:00,2026,1,26,7,Lào Cai,Xã Khao Mang,21.9078898,103.9748758,74,Moderate,1,8.6,89,0.0,2.7,122,866.6,0,39.0,39.0,432.0,15.1,32.0,18.8
2026-01-26 08:00:00,2026,1,26,8,Lào Cai,Xã Khao Mang,21.9078898,103.9748758,75,Moderate,1,11.9,84,0.0,3.2,106,869.2,0,36.3,36.4,433.0,12.0,48.0,19.3
2026-01-26 09:00:00,2026,1,26,9,Lào Cai,Xã Khao Mang,21.9078898,103.9748758,77,Moderate,1,14.6,76,0.0,3.0,343,871.0,1,31.2,31.2,418.0,7.6,71.0,19.9
2026-01-26 10:00:00,2026,1,26,10,Lào Cai,Xã Khao Mang,21.9078898,103.9748758,78,Moderate,1,16.1,69,0.0,5.4,320,871.7,3,28.6,28.6,399.0,4.3,89.0,19.7
2026-01-26 11:00:00,2026,1,26,11,Lào Cai,Xã Khao Mang,21.9078898,103.9748758,79,Moderate,1,17.3,63,0.0,6.5,304,871.9,29,26.8,26.8,377.0,2.9,98.0,17.9
2026-01-26 12:00:00,2026,1,26,12,Lào Cai,Xã Khao Mang,21.9078898,103.9748758,80,Moderate,1,18.1,59,0.0,7.2,295,871.0,29,25.8,25.8,351.0,2.6,103.0,15.3
2026-01-26 13:00:00,2026,1,26,13,Lào Cai,Xã Khao Mang,21.9078898,103.9748758,81,Moderate,1,19.4,52,0.0,10.2,261,870.4,15,26.5,26.6,329.0,2.4,107.0,13.0
2026-01-26 14:00:00,2026,1,26,14,Lào Cai,Xã Khao Mang,21.9078898,103.9748758,83,Moderate,1,19.0,52,0.0,11.9,268,869.7,26,26.7,26.8,307.0,1.9,111.0,11.2
2026-01-26 15:00:00,2026,1,26,15,Lào Cai,Xã Khao Mang,21.9078898,103.9748758,85,Moderate,1,18.7,53,0.0,11.8,263,869.0,32,27.6,27.6,290.0,1.5,115.0,9.7
2026-01-26 16:00:00,2026,1,26,16,Lào Cai,Xã Khao Mang,21.9078898,103.9748758,86,Moderate,1,18.1,56,0.0,10.1,259,868.7,44,27.1,27.2,298.0,2.1,113.0,8.8
2026-01-26 17:00:00,2026,1,26,17,Lào Cai,Xã Khao Mang,21.9078898,103.9748758,88,Moderate,1,17.0,62,0.0,5.8,275,868.5,16,28.3,28.4,357.0,4.3,103.0,9.0
2026-01-26 18:00:00,2026,1,26,18,Lào Cai,Xã Khao Mang,21.9078898,103.9748758,90,Moderate,1,14.1,76,0.0,0.9,37,867.8,12,30.5,30.6,441.0,7.4,89.0,9.8
2026-01-26 19:00:00,2026,1,26,19,Lào Cai,Xã Khao Mang,21.9078898,103.9748758,91,Moderate,1,12.8,83,0.0,2.8,135,867.7,6,26.1,26.2,496.0,9.5,66.0,11.0
2026-01-26 20:00:00,2026,1,26,20,Lào Cai,Xã Khao Mang,21.9078898,103.9748758,92,Moderate,1,12.1,82,0.0,3.1,126,868.0,2,28.7,28.7,498.0,10.7,61.0,11.7
2026-01-26 21:00:00,2026,1,26,21,Lào Cai,Xã Khao Mang,21.9078898,103.9748758,93,Moderate,1,11.6,79,0.0,3.1,118,867.9,5,31.8,31.9,471.0,12.4,55.0,12.5
2026-01-26 22:00:00,2026,1,26,22,Lào Cai,Xã Khao Mang,21.9078898,103.9748758,93,Moderate,1,11.3,77,0.0,2.7,118,867.9,2,34.3,34.3,435.0,13.5,50.0,13.2
2026-01-26 23:00:00,2026,1,26,23,Lào Cai,Xã Khao Mang,21.9078898,103.9748758,93,Moderate,1,10.7,80,0.0,2.1,121,867.5,0,36.0,36.0,390.0,13.6,47.0,13.4
2026-01-27 00:00:00,2026,1,27,0,Lào Cai,Xã Khao Mang,21.9078898,103.9748758,93,Moderate,1,10.4,81,0.0,1.5,120,867.4,5,36.9,37.0,335.0,13.1,46.0,13.3
2026-01-27 01:00:00,2026,1,27,1,Lào Cai,Xã Khao Mang,21.9078898,103.9748758,93,Moderate,1,10.3,84,0.0,2.1,121,867.5,5,37.6,37.7,293.0,12.1,46.0,13.2
2026-01-27 02:00:00,2026,1,27,2,Lào Cai,Xã Khao Mang,21.9078898,103.9748758,93,Moderate,1,10.1,85,0.0,2.5,120,867.3,18,38.0,38.0,270.0,10.5,47.0,13.3
2026-01-27 03:00:00,2026,1,27,3,Lào Cai,Xã Khao Mang,21.9078898,103.9748758,93,Moderate,1,9.8,87,0.0,2.6,115,867.0,17,36.9,37.0,259.0,8.4,49.0,13.3
2026-01-27 04:00:00,2026,1,27,4,Lào Cai,Xã Khao Mang,21.9078898,103.9748758,93,Moderate,1,10.0,87,0.0,2.7,122,867.1,24,35.5,35.6,262.0,6.8,51.0,13.2
2026-01-27 05:00:00,2026,1,27,5,Lào Cai,Xã Khao Mang,21.9078898,103.9748758,93,Moderate,1,9.9,88,0.0,2.1,121,867.1,30,34.8,34.9,291.0,6.1,51.0,12.9
2026-01-27 06:00:00,2026,1,27,6,Lào Cai,Xã Khao Mang,21.9078898,103.9748758,93,Moderate,1,9.5,89,0.0,2.1,128,867.4,27,34.7,34.7,334.0,5.8,51.0,12.5
2026-01-27 07:00:00,2026,1,27,7,Lào Cai,Xã Khao Mang,21.9078898,103.9748758,92,Moderate,1,8.6,90,0.0,1.9,131,867.7,10,43.7,43.9,358.0,5.1,57.0,10.6
2026-01-27 08:00:00,2026,1,27,8,Lào Cai,Xã Khao Mang,21.9078898,103.9748758,93,Moderate,1,11.7,84,0.0,3.1,121,869.9,3,41.4,41.7,341.0,4.3,67.0,9.3
2026-01-27 09:00:00,2026,1,27,9,Lào Cai,Xã Khao Mang,21.9078898,103.9748758,93,Moderate,1,14.2,75,0.0,1.9,292,871.5,2,38.2,38.4,305.0,3.1,81.0,7.6
2026-01-27 10:00:00,2026,1,27,10,Lào Cai,Xã Khao Mang,21.9078898,103.9748758,94,Moderate,1,16.1,68,0.0,5.8,296,872.5,5,32.6,32.9,277.0,2.2,92.0,6.1
2026-01-27 11:00:00,2026,1,27,11,Lào Cai,Xã Khao Mang,21.9078898,103.9748758,94,Moderate,1,17.2,63,0.0,7.7,286,872.3,13,28.4,28.8,270.0,1.7,98.0,5.1
2026-01-27 12:00:00,2026,1,27,12,Lào Cai,Xã Khao Mang,21.9078898,103.9748758,94,Moderate,1,18.1,60,0.0,9.5,281,871.6,24,25.8,26.3,270.0,1.5,102.0,4.4
2026-01-27 13:00:00,2026,1,27,13,Lào Cai,Xã Khao Mang,21.9078898,103.9748758,94,Moderate,1,18.5,54,0.0,10.1,269,870.9,13,26.0,26.4,269.0,1.4,104.0,4.1
2026-01-27 14:00:00,2026,1,27,14,Lào Cai,Xã Khao Mang,21.9078898,103.9748758,94,Moderate,1,18.2,55,0.0,9.4,277,870.1,19,25.1,25.6,254.0,1.2,107.0,4.3
2026-01-27 15:00:00,2026,1,27,15,Lào Cai,Xã Khao Mang,21.9078898,103.9748758,94,Moderate,1,18.3,53,0.0,8.4,285,869.8,24,25.6,26.0,238.0,1.1,109.0,4.8
2026-01-27 16:00:00,2026,1,27,16,Lào Cai,Xã Khao Mang,21.9078898,103.9748758,94,Moderate,1,17.8,53,0.0,7.3,298,869.5,27,26.5,27.0,244.0,1.9,106.0,5.6
2026-01-27 17:00:00,2026,1,27,17,Lào Cai,Xã Khao Mang,21.9078898,103.9748758,94,Moderate,1,16.8,58,0.0,4.7,328,869.5,17,28.6,29.0,290.0,4.5,96.0,6.8
2026-01-27 18:00:00,2026,1,27,18,Lào Cai,Xã Khao Mang,21.9078898,103.9748758,94,Moderate,1,13.9,72,0.0,2.8,40,868.7,19,31.0,31.3,358.0,8.0,83.0,8.2
2026-01-27 19:00:00,2026,1,27,19,Lào Cai,Xã Khao Mang,21.9078898,103.9748758,94,Moderate,1,12.3,82,0.0,3.8,109,868.4,9,25.3,25.4,421.0,9.0,61.0,9.1
2026-01-27 20:00:00,2026,1,27,20,Lào Cai,Xã Khao Mang,21.9078898,103.9748758,94,Moderate,1,12.2,85,0.0,5.5,101,868.8,5,26.7,26.9,472.0,9.7,54.0,9.4
2026-01-27 21:00:00,2026,1,27,21,Lào Cai,Xã Khao Mang,21.9078898,103.9748758,94,Moderate,1,11.3,90,0.0,5.4,104,868.9,5,27.9,28.1,518.0,10.6,45.0,9.8
2026-01-27 22:00:00,2026,1,27,22,Lào Cai,Xã Khao Mang,21.9078898,103.9748758,93,Moderate,1,11.1,91,0.0,5.0,103,869.0,16,28.8,28.9,545.0,11.1,38.0,10.2
2026-01-27 23:00:00,2026,1,27,23,Lào Cai,Xã Khao Mang,21.9078898,103.9748758,93,Moderate,1,10.4,93,0.0,5.5,107,868.8,27,29.3,29.5,549.0,11.0,35.0,10.5
2026-01-28 00:00:00,2026,1,28,0,Lào Cai,Xã Khao Mang,21.9078898,103.9748758,92,Moderate,1,10.4,93,0.0,6.2,111,868.8,30,28.8,29.0,535.0,10.5,33.0,10.7
2026-01-28 01:00:00,2026,1,28,1,Lào Cai,Xã Khao Mang,21.9078898,103.9748758,92,Moderate,1,10.7,94,0.0,6.7,110,868.9,78,26.4,26.5,501.0,9.6,34.0,11.3
2026-01-28 02:00:00,2026,1,28,2,Lào Cai,Xã Khao Mang,21.9078898,103.9748758,91,Moderate,1,10.1,95,0.0,5.4,116,868.2,47,21.9,22.1,430.0,8.2,38.0,12.5
2026-01-28 03:00:00,2026,1,28,3,Lào Cai,Xã Khao Mang,21.9078898,103.9748758,89,Moderate,1,9.0,96,0.0,3.9,124,867.6,100,17.6,17.8,340.0,6.4,45.0,14.0
2026-01-28 04:00:00,2026,1,28,4,Lào Cai,Xã Khao Mang,21.9078898,103.9748758,87,Moderate,1,8.3,96,0.0,2.5,120,867.3,100,14.4,14.5,281.0,5.1,50.0,15.1
2026-01-28 05:00:00,2026,1,28,5,Lào Cai,Xã Khao Mang,21.9078898,103.9748758,86,Moderate,1,8.9,91,0.0,1.9,119,867.5,100,11.9,12.0,287.0,4.8,50.0,15.2
2026-01-28 06:00:00,2026,1,28,6,Lào Cai,Xã Khao Mang,21.9078898,103.9748758,84,Moderate,1,8.6,90,0.0,2.3,122,867.6,78,10.3,10.4,325.0,5.1,49.0,14.8
2026-01-28 07:00:00,2026,1,28,7,Lào Cai,Xã Khao Mang,21.9078898,103.9748758,81,Moderate,1,7.8,88,0.0,2.2,125,867.9,1,9.4,9.5,349.0,5.4,46.0,13.9
2026-01-28 08:00:00,2026,1,28,8,Lào Cai,Xã Khao Mang,21.9078898,103.9748758,78,Moderate,1,11.0,82,0.0,3.3,119,870.0,0,7.7,7.7,336.0,4.9,51.0,15.0
2026-01-28 09:00:00,2026,1,28,9,Lào Cai,Xã Khao Mang,21.9078898,103.9748758,75,Moderate,1,13.7,73,0.0,1.6,276,871.4,2,6.5,6.6,309.0,4.3,59.0,16.4
2026-01-28 10:00:00,2026,1,28,10,Lào Cai,Xã Khao Mang,21.9078898,103.9748758,73,Moderate,1,15.7,67,0.0,5.1,278,872.2,37,7.5,7.6,287.0,3.6,68.0,17.2
2026-01-28 11:00:00,2026,1,28,11,Lào Cai,Xã Khao Mang,21.9078898,103.9748758,70,Moderate,1,16.8,60,0.0,8.6,281,871.8,59,8.4,8.5,280.0,2.8,79.0,16.8
2026-01-28 12:00:00,2026,1,28,12,Lào Cai,Xã Khao Mang,21.9078898,103.9748758,69,Moderate,1,17.3,60,0.0,9.9,279,871.0,59,9.9,10.0,278.0,2.0,92.0,15.8
2026-01-28 13:00:00,2026,1,28,13,Lào Cai,Xã Khao Mang,21.9078898,103.9748758,67,Moderate,1,18.1,58,0.0,9.2,273,870.5,66,11.8,11.9,275.0,1.4,101.0,14.3
2026-01-28 14:00:00,2026,1,28,14,Lào Cai,Xã Khao Mang,21.9078898,103.9748758,66,Moderate,1,17.8,59,0.0,10.1,259,869.6,95,13.2,13.3,259.0,0.7,107.0,12.0
2026-01-28 15:00:00,2026,1,28,15,Lào Cai,Xã Khao Mang,21.9078898,103.9748758,65,Moderate,1,17.4,63,0.0,10.5,257,868.9,100,14.3,14.5,242.0,0.2,110.0,9.3
2026-01-28 16:00:00,2026,1,28,16,Lào Cai,Xã Khao Mang,21.9078898,103.9748758,64,Moderate,1,17.0,65,0.0,10.0,255,868.5,41,15.1,15.4,248.0,1.3,108.0,7.6
2026-01-28 17:00:00,2026,1,28,17,Lào Cai,Xã Khao Mang,21.9078898,103.9748758,63,Moderate,1,15.9,72,0.0,5.8,266,868.1,20,16.0,16.3,303.0,5.2,99.0,7.5
2026-01-28 18:00:00,2026,1,28,18,Lào Cai,Xã Khao Mang,21.9078898,103.9748758,62,Moderate,1,13.6,84,0.0,0.4,153,867.0,9,20.1,20.3,381.0,10.6,85.0,8.4
2026-01-28 19:00:00,2026,1,28,19,Lào Cai,Xã Khao Mang,21.9078898,103.9748758,61,Moderate,1,12.3,85,0.0,2.4,117,866.7,4,26.9,27.1,431.0,14.4,69.0,9.4
2026-01-28 20:00:00,2026,1,28,20,Lào Cai,Xã Khao Mang,21.9078898,103.9748758,61,Moderate,1,11.5,87,0.0,2.6,124,866.7,1,31.3,31.5,425.0,15.8,65.0,10.5
2026-01-28 21:00:00,2026,1,28,21,Lào Cai,Xã Khao Mang,21.9078898,103.9748758,61,Moderate,1,10.9,88,0.0,2.7,127,866.8,0,35.4,35.6,391.0,17.8,60.0,11.9
2026-01-28 22:00:00,2026,1,28,22,Lào Cai,Xã Khao Mang,21.9078898,103.9748758,62,Moderate,1,10.7,87,0.0,2.1,128,866.6,0,39.8,40.0,358.0,19.0,55.0,12.8
2026-01-28 23:00:00,2026,1,28,23,Lào Cai,Xã Khao Mang,21.9078898,103.9748758,63,Moderate,1,10.7,85,0.0,1.8,127,866.3,0,42.8,43.1,337.0,19.0,53.0,12.6
2026-01-29 00:00:00,2026,1,29,0,Lào Cai,Xã Khao Mang,21.9078898,103.9748758,64,Moderate,1,10.6,84,0.0,2.6,141,866.2,0,44.9,45.2,318.0,18.2,51.0,11.7
2026-01-29 01:00:00,2026,1,29,1,Lào Cai,Xã Khao Mang,21.9078898,103.9748758,66,Moderate,1,10.0,90,0.0,1.9,139,865.7,16,46.9,47.1,302.0,17.1,50.0,10.9
2026-01-29 02:00:00,2026,1,29,2,Lào Cai,Xã Khao Mang,21.9078898,103.9748758,67,Moderate,1,9.6,91,0.0,2.3,135,864.9,33,48.5,48.9,286.0,15.5,48.0,10.0
2026-01-29 03:00:00,2026,1,29,3,Lào Cai,Xã Khao Mang,21.9078898,103.9748758,70,Moderate,1,9.0,92,0.0,1.8,135,864.3,55,49.1,49.4,273.0,13.5,45.0,9.1
2026-01-29 04:00:00,2026,1,29,4,Lào Cai,Xã Khao Mang,21.9078898,103.9748758,73,Moderate,1,8.9,92,0.0,2.2,132,864.0,66,49.6,49.8,273.0,11.7,45.0,8.8
2026-01-29 05:00:00,2026,1,29,5,Lào Cai,Xã Khao Mang,21.9078898,103.9748758,76,Moderate,1,8.7,92,0.0,2.3,129,863.9,48,52.3,52.5,299.0,10.4,48.0,9.5
2026-01-29 06:00:00,2026,1,29,6,Lào Cai,Xã Khao Mang,21.9078898,103.9748758,79,Moderate,1,8.7,92,0.0,2.4,132,864.3,45,53.7,53.9,338.0,9.2,54.0,10.9
2026-01-29 07:00:00,2026,1,29,7,Lào Cai,Xã Khao Mang,21.9078898,103.9748758,83,Moderate,1,9.0,89,0.0,1.7,139,865.3,10,52.6,52.9,358.0,9.8,42.0,7.5
2026-01-29 08:00:00,2026,1,29,8,Lào Cai,Xã Khao Mang,21.9078898,103.9748758,87,Moderate,1,12.2,85,0.0,3.0,142,867.7,9,50.9,51.1,341.0,7.7,60.0,7.8
2026-01-29 09:00:00,2026,1,29,9,Lào Cai,Xã Khao Mang,21.9078898,103.9748758,91,Moderate,1,14.6,78,0.0,4.2,265,869.2,5,44.9,45.3,305.0,4.7,85.0,8.2
2026-01-29 10:00:00,2026,1,29,10,Lào Cai,Xã Khao Mang,21.9078898,103.9748758,94,Moderate,1,16.5,69,0.0,8.5,265,870.1,6,35.2,35.6,277.0,2.4,105.0,8.2
2026-01-29 11:00:00,2026,1,29,11,Lào Cai,Xã Khao Mang,21.9078898,103.9748758,97,Moderate,1,17.6,64,0.0,10.1,267,870.1,17,29.7,30.3,267.0,1.4,116.0,7.4
2026-01-29 12:00:00,2026,1,29,12,Lào Cai,Xã Khao Mang,21.9078898,103.9748758,98,Moderate,1,18.3,62,0.0,11.3,268,869.4,20,22.5,23.3,265.0,1.2,122.0,6.3
2026-01-29 13:00:00,2026,1,29,13,Lào Cai,Xã Khao Mang,21.9078898,103.9748758,100,Moderate,1,18.8,55,0.0,11.9,267,868.8,46,18.8,19.7,264.0,1.1,126.0,5.4
2026-01-29 14:00:00,2026,1,29,14,Lào Cai,Xã Khao Mang,21.9078898,103.9748758,100,Moderate,1,18.9,52,0.0,11.9,267,867.7,65,16.9,18.0,258.0,0.7,130.0,5.0
2026-01-29 15:00:00,2026,1,29,15,Lào Cai,Xã Khao Mang,21.9078898,103.9748758,101,Unhealthy for Sensitive Groups,2,19.0,53,0.0,9.2,271,867.4,34,15.6,16.8,254.0,0.5,131.0,5.0
2026-01-29 16:00:00,2026,1,29,16,Lào Cai,Xã Khao Mang,21.9078898,103.9748758,101,Unhealthy for Sensitive Groups,2,18.8,55,0.0,7.0,273,867.2,45,15.1,16.3,265.0,1.6,128.0,5.2
2026-01-29 17:00:00,2026,1,29,17,Lào Cai,Xã Khao Mang,21.9078898,103.9748758,101,Unhealthy for Sensitive Groups,2,17.7,62,0.0,3.2,289,866.8,6,15.6,16.8,309.0,5.0,117.0,5.9
2026-01-29 18:00:00,2026,1,29,18,Lào Cai,Xã Khao Mang,21.9078898,103.9748758,101,Unhealthy for Sensitive Groups,2,14.8,74,0.0,1.1,180,865.5,1,19.0,20.1,370.0,9.8,102.0,6.9
2026-01-29 19:00:00,2026,1,29,19,Lào Cai,Xã Khao Mang,21.9078898,103.9748758,101,Unhealthy for Sensitive Groups,2,13.5,76,0.0,2.3,141,865.3,5,18.6,20.1,409.0,14.0,79.0,7.4
2026-01-29 20:00:00,2026,1,29,20,Lào Cai,Xã Khao Mang,21.9078898,103.9748758,100,Moderate,1,13.6,74,0.0,1.7,148,866.0,0,21.1,22.6,409.0,15.3,74.0,8.1
2026-01-29 21:00:00,2026,1,29,21,Lào Cai,Xã Khao Mang,21.9078898,103.9748758,99,Moderate,1,13.4,75,0.0,1.2,141,866.6,3,23.7,25.2,388.0,17.2,67.0,9.0
2026-01-29 22:00:00,2026,1,29,22,Lào Cai,Xã Khao Mang,21.9078898,103.9748758,98,Moderate,1,12.7,77,0.0,2.4,132,866.6,2,25.7,27.2,365.0,18.7,61.0,9.7
2026-01-29 23:00:00,2026,1,29,23,Lào Cai,Xã Khao Mang,21.9078898,103.9748758,97,Moderate,1,12.4,78,0.0,2.4,138,866.5,2,27.8,29.2,344.0,19.8,57.0,10.0
2026-01-30 00:00:00,2026,1,30,0,Lào Cai,Xã Khao Mang,21.9078898,103.9748758,95,Moderate,1,12.4,77,0.0,2.0,135,866.4,0,29.0,30.5,320.0,20.6,53.0,10.1
2026-01-30 01:00:00,2026,1,30,1,Lào Cai,Xã Khao Mang,21.9078898,103.9748758,94,Moderate,1,12.4,76,0.0,1.9,151,866.1,0,29.8,31.2,301.0,20.8,50.0,10.0
2026-01-30 02:00:00,2026,1,30,2,Lào Cai,Xã Khao Mang,21.9078898,103.9748758,92,Moderate,1,12.1,76,0.0,2.0,153,865.8,1,30.5,31.9,286.0,20.2,47.0,9.6
2026-01-30 03:00:00,2026,1,30,3,Lào Cai,Xã Khao Mang,21.9078898,103.9748758,91,Moderate,1,11.8,77,0.0,2.1,149,865.3,12,30.9,32.1,276.0,19.0,45.0,9.0
2026-01-30 04:00:00,2026,1,30,4,Lào Cai,Xã Khao Mang,21.9078898,103.9748758,89,Moderate,1,11.6,77,0.0,1.7,139,865.2,44,31.0,32.2,280.0,17.8,44.0,8.6
2026-01-30 05:00:00,2026,1,30,5,Lào Cai,Xã Khao Mang,21.9078898,103.9748758,87,Moderate,1,11.2,78,0.0,2.2,138,865.2,46,31.4,32.7,315.0,17.1,45.0,8.7
2026-01-30 06:00:00,2026,1,30,6,Lào Cai,Xã Khao Mang,21.9078898,103.9748758,86,Moderate,1,10.4,80,0.0,2.2,132,865.4,71,32.6,33.9,364.0,16.4,48.0,8.9
2026-01-30 07:00:00,2026,1,30,7,Lào Cai,Xã Khao Mang,21.9078898,103.9748758,84,Moderate,1,10.6,84,0.0,2.0,135,866.5,61,24.0,24.6,391.0,11.5,44.0,5.4
2026-01-30 08:00:00,2026,1,30,8,Lào Cai,Xã Khao Mang,21.9078898,103.9748758,81,Moderate,1,13.8,79,0.0,3.2,137,869.0,94,24.4,25.0,375.0,9.1,60.0,5.8
2026-01-30 09:00:00,2026,1,30,9,Lào Cai,Xã Khao Mang,21.9078898,103.9748758,79,Moderate,1,16.2,72,0.0,4.0,275,870.9,79,25.3,26.0,337.0,5.7,82.0,6.3
2026-01-30 10:00:00,2026,1,30,10,Lào Cai,Xã Khao Mang,21.9078898,103.9748758,77,Moderate,1,17.9,63,0.0,6.3,268,871.7,98,25.1,25.7,305.0,3.1,100.0,6.4
2026-01-30 11:00:00,2026,1,30,11,Lào Cai,Xã Khao Mang,21.9078898,103.9748758,76,Moderate,1,19.1,58,0.0,8.8,265,871.6,95,21.5,22.3,287.0,1.9,111.0,5.9
2026-01-30 12:00:00,2026,1,30,12,Lào Cai,Xã Khao Mang,21.9078898,103.9748758,76,Moderate,1,19.7,54,0.0,10.0,264,870.7,98,17.8,18.9,275.0,1.4,119.0,5.1
2026-01-30 13:00:00,2026,1,30,13,Lào Cai,Xã Khao Mang,21.9078898,103.9748758,75,Moderate,1,20.1,52,0.0,11.0,267,870.0,94,13.9,15.7,266.0,1.1,124.0,4.3
2026-01-30 14:00:00,2026,1,30,14,Lào Cai,Xã Khao Mang,21.9078898,103.9748758,75,Moderate,1,19.9,50,0.0,10.1,266,869.1,73,12.9,15.1,255.0,0.5,127.0,3.7
2026-01-30 15:00:00,2026,1,30,15,Lào Cai,Xã Khao Mang,21.9078898,103.9748758,74,Moderate,1,20.0,49,0.0,9.0,257,868.4,95,11.5,14.1,247.0,0.2,128.0,3.1
2026-01-30 16:00:00,2026,1,30,16,Lào Cai,Xã Khao Mang,21.9078898,103.9748758,74,Moderate,1,19.9,48,0.0,8.3,265,868.2,87,11.6,14.5,261.0,1.2,124.0,3.0
2026-01-30 17:00:00,2026,1,30,17,Lào Cai,Xã Khao Mang,21.9078898,103.9748758,74,Moderate,1,18.7,56,0.0,5.0,285,868.2,80,12.1,14.9,319.0,4.7,112.0,3.7
2026-01-30 18:00:00,2026,1,30,18,Lào Cai,Xã Khao Mang,21.9078898,103.9748758,73,Moderate,1,16.0,69,0.0,0.4,153,867.4,69,15.5,17.8,398.0,9.6,95.0,4.8
2026-01-30 19:00:00,2026,1,30,19,Lào Cai,Xã Khao Mang,21.9078898,103.9748758,73,Moderate,1,15.0,68,0.0,1.7,139,867.3,73,25.7,28.1,451.0,13.1,71.0,5.7
2026-01-30 20:00:00,2026,1,30,20,Lào Cai,Xã Khao Mang,21.9078898,103.9748758,74,Moderate,1,13.9,70,0.0,2.8,125,867.5,10,29.6,31.9,454.0,13.5,68.0,6.6
2026-01-30 21:00:00,2026,1,30,21,Lào Cai,Xã Khao Mang,21.9078898,103.9748758,74,Moderate,1,12.8,74,0.0,3.0,123,867.3,44,33.6,35.7,431.0,13.9,64.0,7.7
2026-01-30 22:00:00,2026,1,30,22,Lào Cai,Xã Khao Mang,21.9078898,103.9748758,75,Moderate,1,12.4,77,0.0,2.9,120,867.7,29,37.5,39.3,405.0,14.0,61.0,8.3
2026-01-30 23:00:00,2026,1,30,23,Lào Cai,Xã Khao Mang,21.9078898,103.9748758,76,Moderate,1,12.3,78,0.0,3.5,118,867.9,12,39.7,41.3,381.0,13.3,60.0,7.8
2026-01-31 00:00:00,2026,1,31,0,Lào Cai,Xã Khao Mang,21.9078898,103.9748758,77,Moderate,1,11.7,82,0.0,3.1,114,867.9,14,43.1,44.6,355.0,12.3,60.0,6.8
2026-01-31 01:00:00,2026,1,31,1,Lào Cai,Xã Khao Mang,21.9078898,103.9748758,79,Moderate,1,11.8,82,0.0,3.2,117,867.5,18,44.9,46.2,332.0,11.1,59.0,5.9
2026-01-31 02:00:00,2026,1,31,2,Lào Cai,Xã Khao Mang,21.9078898,103.9748758,80,Moderate,1,11.6,82,0.0,4.3,105,867.4,8,45.6,46.8,310.0,9.8,57.0,5.4
2026-01-31 03:00:00,2026,1,31,3,Lào Cai,Xã Khao Mang,21.9078898,103.9748758,81,Moderate,1,11.0,84,0.0,5.5,107,867.0,16,45.2,46.2,292.0,8.4,55.0,5.1
2026-01-31 04:00:00,2026,1,31,4,Lào Cai,Xã Khao Mang,21.9078898,103.9748758,83,Moderate,1,10.5,87,0.0,5.7,108,866.8,12,41.9,42.6,294.0,7.3,54.0,4.9
2026-01-31 05:00:00,2026,1,31,5,Lào Cai,Xã Khao Mang,21.9078898,103.9748758,84,Moderate,1,10.2,88,0.0,5.3,108,867.2,21,33.3,33.9,337.0,6.8,55.0,4.7
2026-01-31 06:00:00,2026,1,31,6,Lào Cai,Xã Khao Mang,21.9078898,103.9748758,84,Moderate,1,10.9,86,0.0,5.1,108,868.4,44,23.6,23.9,399.0,6.6,58.0,4.7
2026-01-31 07:00:00,2026,1,31,7,Lào Cai,Xã Khao Mang,21.9078898,103.9748758,83,Moderate,1,10.9,89,0.0,3.3,112,869.1,45,19.6,19.7,439.0,7.9,48.0,5.2
2026-01-31 08:00:00,2026,1,31,8,Lào Cai,Xã Khao Mang,21.9078898,103.9748758,83,Moderate,1,13.7,83,0.0,4.1,105,871.0,15,14.7,14.9,430.0,7.1,57.0,8.2
2026-01-31 09:00:00,2026,1,31,9,Lào Cai,Xã Khao Mang,21.9078898,103.9748758,82,Moderate,1,16.1,75,0.0,2.6,326,872.5,9,11.5,11.7,398.0,6.0,71.0,12.2
2026-01-31 10:00:00,2026,1,31,10,Lào Cai,Xã Khao Mang,21.9078898,103.9748758,80,Moderate,1,17.2,71,0.0,5.9,322,873.2,61,7.8,8.0,374.0,5.2,81.0,14.9
2026-01-31 11:00:00,2026,1,31,11,Lào Cai,Xã Khao Mang,21.9078898,103.9748758,79,Moderate,1,17.7,68,0.1,7.2,321,873.0,79,8.8,9.3,368.0,4.7,87.0,14.7
2026-01-31 12:00:00,2026,1,31,12,Lào Cai,Xã Khao Mang,21.9078898,103.9748758,78,Moderate,1,17.2,70,0.1,6.4,328,872.0,96,9.5,10.0,371.0,4.5,90.0,13.1
2026-01-31 13:00:00,2026,1,31,13,Lào Cai,Xã Khao Mang,21.9078898,103.9748758,77,Moderate,1,18.0,66,0.1,4.0,302,871.2,99,10.1,10.6,388.0,4.6,90.0,11.9
2026-01-31 14:00:00,2026,1,31,14,Lào Cai,Xã Khao Mang,21.9078898,103.9748758,77,Moderate,1,18.1,70,0.4,3.9,326,870.2,58,12.9,13.6,424.0,5.0,87.0,11.8
2026-01-31 15:00:00,2026,1,31,15,Lào Cai,Xã Khao Mang,21.9078898,103.9748758,77,Moderate,1,17.3,75,0.3,3.1,360,869.4,46,11.1,11.5,474.0,5.8,81.0,12.0
2026-01-31 16:00:00,2026,1,31,16,Lào Cai,Xã Khao Mang,21.9078898,103.9748758,77,Moderate,1,16.2,85,0.4,4.2,12,868.9,41,10.8,11.2,525.0,6.6,74.0,12.2
2026-01-31 17:00:00,2026,1,31,17,Lào Cai,Xã Khao Mang,21.9078898,103.9748758,77,Moderate,1,14.5,91,0.3,6.0,37,869.0,63,10.0,10.3,579.0,7.6,67.0,12.2
2026-01-31 18:00:00,2026,1,31,18,Lào Cai,Xã Khao Mang,21.9078898,103.9748758,76,Moderate,1,13.0,96,0.2,6.4,47,868.7,51,10.0,10.2,635.0,8.6,59.0,12.2
2026-01-31 19:00:00,2026,1,31,19,Lào Cai,Xã Khao Mang,21.9078898,103.9748758,76,Moderate,1,13.2,96,0.1,7.2,76,868.7,43,21.9,22.4,677.0,6.6,50.0,12.1
2026-01-31 20:00:00,2026,1,31,20,Lào Cai,Xã Khao Mang,21.9078898,103.9748758,76,Moderate,1,12.5,96,0.0,5.1,73,869.1,33,21.9,22.2,701.0,7.0,45.0,11.6
2026-01-31 21:00:00,2026,1,31,21,Lào Cai,Xã Khao Mang,21.9078898,103.9748758,75,Moderate,1,12.0,97,0.0,3.3,77,869.3,75,21.5,21.7,711.0,7.6,39.0,10.9
2026-01-31 22:00:00,2026,1,31,22,Lào Cai,Xã Khao Mang,21.9078898,103.9748758,74,Moderate,1,11.9,97,0.0,3.1,77,869.6,35,21.4,21.6,699.0,8.1,33.0,10.2
2026-01-31 23:00:00,2026,1,31,23,Lào Cai,Xã Khao Mang,21.9078898,103.9748758,72,Moderate,1,11.5,97,0.0,3.1,80,869.5,27,21.7,21.9,656.0,8.5,29.0,9.4
2026-02-01 00:00:00,2026,2,1,0,Lào Cai,Xã Khao Mang,21.9078898,103.9748758,71,Moderate,1,10.7,98,0.0,3.2,90,868.7,22,22.1,22.2,591.0,8.8,26.0,8.6
2026-02-01 01:00:00,2026,2,1,1,Lào Cai,Xã Khao Mang,21.9078898,103.9748758,69,Moderate,1,10.7,100,0.0,3.5,114,868.6,100,22.4,22.5,524.0,8.8,25.0,8.2
2026-02-01 02:00:00,2026,2,1,2,Lào Cai,Xã Khao Mang,21.9078898,103.9748758,67,Moderate,1,10.6,100,0.0,5.1,100,868.2,100,21.9,22.1,449.0,8.1,27.0,8.4
2026-02-01 03:00:00,2026,2,1,3,Lào Cai,Xã Khao Mang,21.9078898,103.9748758,65,Moderate,1,10.6,99,0.0,6.1,95,868.0,100,22.2,22.4,373.0,7.1,31.0,8.9
2026-02-01 04:00:00,2026,2,1,4,Lào Cai,Xã Khao Mang,21.9078898,103.9748758,63,Moderate,1,10.6,99,0.0,6.1,93,868.0,88,22.5,22.8,331.0,6.4,34.0,9.4
2026-02-01 05:00:00,2026,2,1,5,Lào Cai,Xã Khao Mang,21.9078898,103.9748758,61,Moderate,1,10.2,100,0.0,6.2,97,868.0,100,22.9,23.1,351.0,6.3,35.0,9.6
2026-02-01 06:00:00,2026,2,1,6,Lào Cai,Xã Khao Mang,21.9078898,103.9748758,60,Moderate,1,10.2,99,0.0,5.4,96,868.6,100,23.2,23.4,405.0,6.4,35.0,9.8
2026-02-01 07:00:00,2026,2,1,7,Lào Cai,Xã Khao Mang,21.9078898,103.9748758,60,Moderate,1,10.8,95,0.0,3.6,81,869.6,100,24.2,24.6,450.0,7.4,36.0,9.7
2026-02-01 08:00:00,2026,2,1,8,Lào Cai,Xã Khao Mang,21.9078898,103.9748758,61,Moderate,1,11.6,93,0.0,3.1,62,870.8,100,24.5,24.9,466.0,7.2,40.0,10.6
2026-02-01 09:00:00,2026,2,1,9,Lào Cai,Xã Khao Mang,21.9078898,103.9748758,61,Moderate,1,12.6,88,0.0,3.2,16,872.1,100,24.2,24.6,474.0,6.9,46.0,11.8
2026-02-01 10:00:00,2026,2,1,10,Lào Cai,Xã Khao Mang,21.9078898,103.9748758,63,Moderate,1,13.2,84,0.0,3.8,355,872.5,100,23.2,23.6,486.0,6.5,52.0,12.5
2026-02-01 11:00:00,2026,2,1,11,Lào Cai,Xã Khao Mang,21.9078898,103.9748758,64,Moderate,1,14.4,78,0.0,5.1,337,872.6,100,22.8,23.4,517.0,6.0,60.0,12.2
2026-02-01 12:00:00,2026,2,1,12,Lào Cai,Xã Khao Mang,21.9078898,103.9748758,65,Moderate,1,15.3,75,0.0,5.6,315,872.0,100,25.0,25.7,554.0,5.4,68.0,11.3
2026-02-01 13:00:00,2026,2,1,13,Lào Cai,Xã Khao Mang,21.9078898,103.9748758,67,Moderate,1,17.3,66,0.1,9.1,262,871.3,90,28.4,29.2,568.0,5.1,75.0,10.7
2026-02-01 14:00:00,2026,2,1,14,Lào Cai,Xã Khao Mang,21.9078898,103.9748758,68,Moderate,1,17.2,66,0.1,10.1,264,870.4,89,32.7,33.5,534.0,4.9,81.0,10.5
2026-02-01 15:00:00,2026,2,1,15,Lào Cai,Xã Khao Mang,21.9078898,103.9748758,70,Moderate,1,16.7,69,0.1,9.6,266,870.1,83,34.6,35.4,478.0,5.0,86.0,10.5
2026-02-01 16:00:00,2026,2,1,16,Lào Cai,Xã Khao Mang,21.9078898,103.9748758,72,Moderate,1,16.6,69,0.1,7.6,271,870.0,92,38.0,38.8,447.0,5.7,87.0,10.7
2026-02-01 17:00:00,2026,2,1,17,Lào Cai,Xã Khao Mang,21.9078898,103.9748758,74,Moderate,1,15.8,74,0.1,5.7,283,869.9,98,38.0,38.6,464.0,7.6,82.0,11.1
2026-02-01 18:00:00,2026,2,1,18,Lào Cai,Xã Khao Mang,21.9078898,103.9748758,77,Moderate,1,13.4,86,0.0,1.5,353,869.3,27,39.7,40.3,506.0,10.1,73.0,11.7
2026-02-01 19:00:00,2026,2,1,19,Lào Cai,Xã Khao Mang,21.9078898,103.9748758,80,Moderate,1,12.9,88,0.0,1.4,157,869.0,13,39.8,40.7,548.0,10.2,65.0,10.3
2026-02-01 20:00:00,2026,2,1,20,Lào Cai,Xã Khao Mang,21.9078898,103.9748758,81,Moderate,1,11.9,89,0.0,1.0,112,869.0,1,40.4,41.3,589.0,11.1,60.0,11.0
2026-02-01 21:00:00,2026,2,1,21,Lào Cai,Xã Khao Mang,21.9078898,103.9748758,83,Moderate,1,11.6,89,0.0,1.4,90,869.7,41,41.7,42.5,631.0,12.2,53.0,11.9
2026-02-01 22:00:00,2026,2,1,22,Lào Cai,Xã Khao Mang,21.9078898,103.9748758,85,Moderate,1,11.3,92,0.0,2.9,86,869.7,98,42.4,43.1,653.0,12.8,47.0,12.5
2026-02-01 23:00:00,2026,2,1,23,Lào Cai,Xã Khao Mang,21.9078898,103.9748758,86,Moderate,1,11.0,94,0.0,3.1,93,869.6,91,42.1,42.6,638.0,12.5,42.0,12.3
2026-02-02 00:00:00,2026,2,2,0,Lào Cai,Xã Khao Mang,21.9078898,103.9748758,88,Moderate,1,10.7,95,0.0,3.2,90,869.4,91,41.6,42.1,603.0,11.7,38.0,11.8
2026-02-02 01:00:00,2026,2,2,1,Lào Cai,Xã Khao Mang,21.9078898,103.9748758,90,Moderate,1,11.0,98,0.0,5.9,88,869.4,100,41.0,41.4,581.0,10.6,37.0,11.6
2026-02-02 02:00:00,2026,2,2,2,Lào Cai,Xã Khao Mang,21.9078898,103.9748758,92,Moderate,1,10.6,99,0.0,7.0,80,869.1,100,39.1,39.7,587.0,9.2,39.0,12.2
2026-02-02 03:00:00,2026,2,2,3,Lào Cai,Xã Khao Mang,21.9078898,103.9748758,93,Moderate,1,11.0,95,0.0,7.6,76,869.4,100,38.0,38.5,606.0,7.5,44.0,13.3
2026-02-02 04:00:00,2026,2,2,4,Lào Cai,Xã Khao Mang,21.9078898,103.9748758,95,Moderate,1,11.1,92,0.0,7.7,69,869.4,83,36.8,37.4,628.0,6.2,49.0,14.2
2026-02-02 05:00:00,2026,2,2,5,Lào Cai,Xã Khao Mang,21.9078898,103.9748758,96,Moderate,1,11.0,89,0.0,7.5,60,869.7,99,34.8,35.5,656.0,5.4,53.0,14.8
2026-02-02 06:00:00,2026,2,2,6,Lào Cai,Xã Khao Mang,21.9078898,103.9748758,97,Moderate,1,11.0,87,0.0,7.1,56,870.2,100,31.8,32.5,686.0,5.0,56.0,15.2
2026-02-02 07:00:00,2026,2,2,7,Lào Cai,Xã Khao Mang,21.9078898,103.9748758,98,Moderate,1,10.2,90,0.0,7.0,61,870.9,91,30.7,31.3,701.0,6.0,52.0,14.2
2026-02-02 08:00:00,2026,2,2,8,Lào Cai,Xã Khao Mang,21.9078898,103.9748758,98,Moderate,1,10.9,85,0.0,6.6,64,871.9,99,26.6,27.3,686.0,5.5,58.0,15.3
2026-02-02 09:00:00,2026,2,2,9,Lào Cai,Xã Khao Mang,21.9078898,103.9748758,98,Moderate,1,11.7,81,0.0,6.1,56,872.8,100,24.9,25.6,655.0,4.7,65.0,16.9
2026-02-02 10:00:00,2026,2,2,10,Lào Cai,Xã Khao Mang,21.9078898,103.9748758,98,Moderate,1,12.5,78,0.0,5.0,41,873.4,100,22.8,23.3,633.0,4.3,71.0,18.2
2026-02-02 11:00:00,2026,2,2,11,Lào Cai,Xã Khao Mang,21.9078898,103.9748758,98,Moderate,1,12.9,77,0.0,4.8,31,873.1,100,22.8,23.3,632.0,4.4,72.0,18.9
2026-02-02 12:00:00,2026,2,2,12,Lào Cai,Xã Khao Mang,21.9078898,103.9748758,98,Moderate,1,13.6,74,0.0,4.5,14,872.5,100,23.4,24.0,639.0,4.7,71.0,19.3
2026-02-02 13:00:00,2026,2,2,13,Lào Cai,Xã Khao Mang,21.9078898,103.9748758,98,Moderate,1,14.0,72,0.0,6.8,348,871.8,100,24.8,25.3,643.0,5.1,71.0,19.3
2026-02-02 14:00:00,2026,2,2,14,Lào Cai,Xã Khao Mang,21.9078898,103.9748758,98,Moderate,1,13.7,73,0.0,7.2,360,870.9,100,26.3,26.8,635.0,5.4,72.0,18.8
2026-02-02 15:00:00,2026,2,2,15,Lào Cai,Xã Khao Mang,21.9078898,103.9748758,97,Moderate,1,13.2,75,0.0,6.5,5,870.3,100,27.8,28.3,624.0,5.8,74.0,18.0
2026-02-02 16:00:00,2026,2,2,16,Lào Cai,Xã Khao Mang,21.9078898,103.9748758,97,Moderate,1,12.8,76,0.0,6.2,12,870.2,100,29.3,29.9,625.0,6.2,74.0,17.4
2026-02-02 17:00:00,2026,2,2,17,Lào Cai,Xã Khao Mang,21.9078898,103.9748758,96,Moderate,1,11.8,80,0.0,5.3,18,870.2,100,30.3,30.7,648.0,6.9,72.0,17.2
2026-02-02 18:00:00,2026,2,2,18,Lào Cai,Xã Khao Mang,21.9078898,103.9748758,95,Moderate,1,11.1,83,0.0,4.3,28,870.2,100,31.5,32.0,684.0,7.7,68.0,17.1
2026-02-02 19:00:00,2026,2,2,19,Lào Cai,Xã Khao Mang,21.9078898,103.9748758,95,Moderate,1,11.6,88,0.0,4.9,90,870.9,99,36.4,37.3,719.0,4.9,66.0,14.8
2026-02-02 20:00:00,2026,2,2,20,Lào Cai,Xã Khao Mang,21.9078898,103.9748758,94,Moderate,1,11.5,88,0.0,5.3,78,871.3,61,38.3,39.0,762.0,5.4,62.0,14.5
2026-02-02 21:00:00,2026,2,2,21,Lào Cai,Xã Khao Mang,21.9078898,103.9748758,94,Moderate,1,9.9,96,0.0,5.2,86,870.6,18,40.2,40.9,804.0,6.0,56.0,13.9
2026-02-02 22:00:00,2026,2,2,22,Lào Cai,Xã Khao Mang,21.9078898,103.9748758,94,Moderate,1,8.6,97,0.0,5.0,105,869.8,57,42.0,42.6,805.0,6.6,50.0,13.2
2026-02-02 23:00:00,2026,2,2,23,Lào Cai,Xã Khao Mang,21.9078898,103.9748758,94,Moderate,1,7.9,98,0.0,4.4,111,869.6,66,43.7,44.1,731.0,7.2,45.0,12.1
2026-02-03 00:00:00,2026,2,3,0,Lào Cai,Xã Khao Mang,21.9078898,103.9748758,94,Moderate,1,7.6,98,0.0,4.4,111,869.3,7,44.8,45.5,617.0,7.8,40.0,10.8
2026-02-03 01:00:00,2026,2,3,1,Lào Cai,Xã Khao Mang,21.9078898,103.9748758,94,Moderate,1,7.7,98,0.0,4.8,117,869.1,70,46.0,46.7,519.0,8.0,36.0,9.8
2026-02-03 02:00:00,2026,2,3,2,Lào Cai,Xã Khao Mang,21.9078898,103.9748758,95,Moderate,1,7.0,98,0.0,3.3,112,868.6,75,46.9,47.6,454.0,7.6,35.0,9.3
2026-02-03 03:00:00,2026,2,3,3,Lào Cai,Xã Khao Mang,21.9078898,103.9748758,95,Moderate,1,7.9,94,0.0,3.8,109,868.9,60,47.4,48.1,406.0,7.0,36.0,9.0
2026-02-03 04:00:00,2026,2,3,4,Lào Cai,Xã Khao Mang,21.9078898,103.9748758,96,Moderate,1,8.1,92,0.0,2.8,108,868.7,87,47.7,48.4,388.0,6.5,36.0,8.9
2026-02-03 05:00:00,2026,2,3,5,Lào Cai,Xã Khao Mang,21.9078898,103.9748758,97,Moderate,1,8.8,90,0.0,2.4,107,869.1,80,48.0,48.7,420.0,6.7,34.0,8.9
2026-02-03 06:00:00,2026,2,3,6,Lào Cai,Xã Khao Mang,21.9078898,103.9748758,98,Moderate,1,9.1,90,0.0,1.7,108,869.9,79,48.0,48.7,482.0,7.0,31.0,9.1
2026-02-03 07:00:00,2026,2,3,7,Lào Cai,Xã Khao Mang,21.9078898,103.9748758,100,Moderate,1,9.3,87,0.0,0.4,117,870.4,82,50.1,50.6,520.0,7.3,34.0,10.1
2026-02-03 08:00:00,2026,2,3,8,Lào Cai,Xã Khao Mang,21.9078898,103.9748758,102,Unhealthy for Sensitive Groups,2,10.9,81,0.0,1.5,60,871.6,70,47.1,47.8,508.0,5.8,49.0,8.7
2026-02-03 09:00:00,2026,2,3,9,Lào Cai,Xã Khao Mang,21.9078898,103.9748758,104,Unhealthy for Sensitive Groups,2,12.6,79,0.0,2.7,328,873.0,34,41.3,42.1,473.0,3.6,69.0,6.8
2026-02-03 10:00:00,2026,2,3,10,Lào Cai,Xã Khao Mang,21.9078898,103.9748758,106,Unhealthy for Sensitive Groups,2,14.5,73,0.0,5.6,292,874.0,69,37.6,38.4,439.0,2.0,86.0,5.1
2026-02-03 11:00:00,2026,2,3,11,Lào Cai,Xã Khao Mang,21.9078898,103.9748758,107,Unhealthy for Sensitive Groups,2,15.5,70,0.0,7.7,279,873.8,47,36.0,36.8,413.0,1.4,94.0,3.9
2026-02-03 12:00:00,2026,2,3,12,Lào Cai,Xã Khao Mang,21.9078898,103.9748758,109,Unhealthy for Sensitive Groups,2,16.7,66,0.0,8.5,272,873.2,49,35.0,35.7,389.0,1.2,98.0,3.0
2026-02-03 13:00:00,2026,2,3,13,Lào Cai,Xã Khao Mang,21.9078898,103.9748758,110,Unhealthy for Sensitive Groups,2,17.1,63,0.0,8.8,269,872.5,56,34.1,34.9,371.0,1.2,101.0,2.4
2026-02-03 14:00:00,2026,2,3,14,Lào Cai,Xã Khao Mang,21.9078898,103.9748758,111,Unhealthy for Sensitive Groups,2,17.2,62,0.0,10.3,266,871.6,59,34.0,34.8,358.0,0.8,104.0,2.1
2026-02-03 15:00:00,2026,2,3,15,Lào Cai,Xã Khao Mang,21.9078898,103.9748758,112,Unhealthy for Sensitive Groups,2,16.6,64,0.0,9.4,267,870.9,42,34.3,35.2,351.0,0.6,105.0,2.1
2026-02-03 16:00:00,2026,2,3,16,Lào Cai,Xã Khao Mang,21.9078898,103.9748758,112,Unhealthy for Sensitive Groups,2,16.4,65,0.0,7.6,274,870.3,27,34.8,35.6,363.0,1.7,102.0,2.5
2026-02-03 17:00:00,2026,2,3,17,Lào Cai,Xã Khao Mang,21.9078898,103.9748758,113,Unhealthy for Sensitive Groups,2,15.5,69,0.0,5.6,285,869.9,24,34.9,35.7,411.0,5.2,93.0,3.6
2026-02-03 18:00:00,2026,2,3,18,Lào Cai,Xã Khao Mang,21.9078898,103.9748758,113,Unhealthy for Sensitive Groups,2,12.9,81,0.0,0.7,14,869.0,20,37.7,38.4,478.0,9.9,79.0,5.0
2026-02-03 19:00:00,2026,2,3,19,Lào Cai,Xã Khao Mang,21.9078898,103.9748758,114,Unhealthy for Sensitive Groups,2,11.5,89,0.0,1.4,130,868.3,9,34.9,35.5,526.0,12.0,65.0,5.1
2026-02-03 20:00:00,2026,2,3,20,Lào Cai,Xã Khao Mang,21.9078898,103.9748758,114,Unhealthy for Sensitive Groups,2,10.9,89,0.0,2.3,122,868.5,14,38.2,38.8,536.0,13.3,61.0,6.3
2026-02-03 21:00:00,2026,2,3,21,Lào Cai,Xã Khao Mang,21.9078898,103.9748758,114,Unhealthy for Sensitive Groups,2,10.5,89,0.0,1.8,127,868.7,40,40.6,41.2,526.0,15.2,56.0,8.0
2026-02-03 22:00:00,2026,2,3,22,Lào Cai,Xã Khao Mang,21.9078898,103.9748758,114,Unhealthy for Sensitive Groups,2,10.2,90,0.0,1.9,131,868.5,58,42.5,43.1,512.0,16.7,51.0,8.9
2026-02-03 23:00:00,2026,2,3,23,Lào Cai,Xã Khao Mang,21.9078898,103.9748758,114,Unhealthy for Sensitive Groups,2,10.0,91,0.0,1.5,126,868.1,64,47.0,47.6,496.0,17.7,47.0,8.5
2026-02-04 00:00:00,2026,2,4,0,Lào Cai,Xã Khao Mang,21.9078898,103.9748758,114,Unhealthy for Sensitive Groups,2,9.8,92,0.0,1.2,129,868.0,59,48.2,48.8,476.0,18.3,43.0,7.3
2026-02-04 01:00:00,2026,2,4,1,Lào Cai,Xã Khao Mang,21.9078898,103.9748758,115,Unhealthy for Sensitive Groups,2,9.6,93,0.0,0.8,135,867.7,20,49.0,49.6,455.0,18.4,38.0,6.1
2026-02-04 02:00:00,2026,2,4,2,Lào Cai,Xã Khao Mang,21.9078898,103.9748758,115,Unhealthy for Sensitive Groups,2,9.3,94,0.0,1.4,130,867.0,23,49.5,50.1,428.0,17.7,32.0,4.9
2026-02-04 03:00:00,2026,2,4,3,Lào Cai,Xã Khao Mang,21.9078898,103.9748758,115,Unhealthy for Sensitive Groups,2,9.3,93,0.0,1.2,129,866.8,23,48.8,49.2,400.0,16.6,25.0,3.7
2026-02-04 04:00:00,2026,2,4,4,Lào Cai,Xã Khao Mang,21.9078898,103.9748758,115,Unhealthy for Sensitive Groups,2,9.4,92,0.0,1.5,135,866.6,9,46.9,47.1,390.0,15.5,20.0,2.8
2026-02-04 05:00:00,2026,2,4,5,Lào Cai,Xã Khao Mang,21.9078898,103.9748758,115,Unhealthy for Sensitive Groups,2,9.6,91,0.0,1.5,135,866.6,24,44.6,44.9,419.0,15.1,13.0,2.3
2026-02-04 06:00:00,2026,2,4,6,Lào Cai,Xã Khao Mang,21.9078898,103.9748758,115,Unhealthy for Sensitive Groups,2,9.4,91,0.0,1.0,135,866.7,9,42.6,42.8,465.0,14.8,8.0,2.2
2026-02-04 07:00:00,2026,2,4,7,Lào Cai,Xã Khao Mang,21.9078898,103.9748758,114,Unhealthy for Sensitive Groups,2,9.5,92,0.0,1.5,126,867.2,11,30.0,30.2,485.0,12.6,15.0,1.9
2026-02-04 08:00:00,2026,2,4,8,Lào Cai,Xã Khao Mang,21.9078898,103.9748758,112,Unhealthy for Sensitive Groups,2,12.3,90,0.0,2.2,145,869.0,13,29.0,29.2,451.0,9.5,42.0,2.1
2026-02-04 09:00:00,2026,2,4,9,Lào Cai,Xã Khao Mang,21.9078898,103.9748758,110,Unhealthy for Sensitive Groups,2,15.0,79,0.0,3.1,277,870.9,9,21.4,21.7,391.0,5.1,79.0,2.3
2026-02-04 10:00:00,2026,2,4,10,Lào Cai,Xã Khao Mang,21.9078898,103.9748758,108,Unhealthy for Sensitive Groups,2,16.5,73,0.0,6.0,275,871.5,4,19.2,19.6,344.0,1.9,107.0,2.4
2026-02-04 11:00:00,2026,2,4,11,Lào Cai,Xã Khao Mang,21.9078898,103.9748758,106,Unhealthy for Sensitive Groups,2,17.7,69,0.0,7.4,276,871.4,11,18.6,19.0,328.0,0.8,116.0,2.4
2026-02-04 12:00:00,2026,2,4,12,Lào Cai,Xã Khao Mang,21.9078898,103.9748758,105,Unhealthy for Sensitive Groups,2,18.3,66,0.0,8.0,280,870.5,6,16.0,16.4,327.0,0.8,117.0,2.4
2026-02-04 13:00:00,2026,2,4,13,Lào Cai,Xã Khao Mang,21.9078898,103.9748758,103,Unhealthy for Sensitive Groups,2,19.3,59,0.0,9.0,270,869.9,43,14.6,15.1,327.0,0.9,116.0,2.3
2026-02-04 14:00:00,2026,2,4,14,Lào Cai,Xã Khao Mang,21.9078898,103.9748758,101,Unhealthy for Sensitive Groups,2,19.5,56,0.0,9.7,267,868.6,45,13.8,14.3,321.0,0.5,118.0,2.1
2026-02-04 15:00:00,2026,2,4,15,Lào Cai,Xã Khao Mang,21.9078898,103.9748758,99,Moderate,1,19.5,56,0.0,10.5,275,867.9,44,13.6,14.0,317.0,0.2,120.0,2.0
2026-02-04 16:00:00,2026,2,4,16,Lào Cai,Xã Khao Mang,21.9078898,103.9748758,97,Moderate,1,19.2,58,0.0,8.5,282,867.7,32,13.6,14.0,328.0,1.2,117.0,2.1
2026-02-04 17:00:00,2026,2,4,17,Lào Cai,Xã Khao Mang,21.9078898,103.9748758,95,Moderate,1,18.0,65,0.0,3.2,308,867.3,7,14.6,14.9,371.0,4.4,107.0,2.8
2026-02-04 18:00:00,2026,2,4,18,Lào Cai,Xã Khao Mang,21.9078898,103.9748758,93,Moderate,1,15.2,78,0.0,0.9,127,866.1,1,17.3,17.6,429.0,8.8,93.0,3.8
2026-02-04 19:00:00,2026,2,4,19,Lào Cai,Xã Khao Mang,21.9078898,103.9748758,91,Moderate,1,13.3,86,0.0,2.0,117,865.8,2,15.7,15.9,465.0,13.3,81.0,6.3
2026-02-04 20:00:00,2026,2,4,20,Lào Cai,Xã Khao Mang,21.9078898,103.9748758,90,Moderate,1,13.1,84,0.0,2.2,132,866.1,3,17.6,17.9,458.0,14.7,77.0,7.1
2026-02-04 21:00:00,2026,2,4,21,Lào Cai,Xã Khao Mang,21.9078898,103.9748758,88,Moderate,1,13.3,81,0.0,2.2,132,866.6,2,19.1,19.4,429.0,16.7,71.0,8.1
2026-02-04 22:00:00,2026,2,4,22,Lào Cai,Xã Khao Mang,21.9078898,103.9748758,86,Moderate,1,13.0,82,0.0,2.3,129,866.5,2,20.5,20.8,402.0,18.2,66.0,8.8
2026-02-04 23:00:00,2026,2,4,23,Lào Cai,Xã Khao Mang,21.9078898,103.9748758,84,Moderate,1,12.9,82,0.0,2.0,135,866.4,2,21.1,21.4,387.0,18.8,62.0,8.8
2026-02-05 00:00:00,2026,2,5,0,Lào Cai,Xã Khao Mang,21.9078898,103.9748758,82,Moderate,1,12.9,83,0.0,1.9,139,866.2,5,20.4,20.7,375.0,18.8,60.0,8.3
2026-02-05 01:00:00,2026,2,5,1,Lào Cai,Xã Khao Mang,21.9078898,103.9748758,79,Moderate,1,11.8,88,0.0,1.0,135,865.5,1,19.3,19.6,364.0,18.3,58.0,7.7
2026-02-05 02:00:00,2026,2,5,2,Lào Cai,Xã Khao Mang,21.9078898,103.9748758,77,Moderate,1,11.4,89,0.0,1.8,143,865.0,2,18.7,19.0,350.0,17.1,58.0,6.8
2026-02-05 03:00:00,2026,2,5,3,Lào Cai,Xã Khao Mang,21.9078898,103.9748758,74,Moderate,1,11.5,89,0.0,1.9,139,864.7,2,17.4,17.8,337.0,15.4,58.0,5.7
2026-02-05 04:00:00,2026,2,5,4,Lào Cai,Xã Khao Mang,21.9078898,103.9748758,71,Moderate,1,11.4,89,0.0,2.2,145,864.5,32,15.8,16.2,337.0,14.0,59.0,4.9
2026-02-05 05:00:00,2026,2,5,5,Lào Cai,Xã Khao Mang,21.9078898,103.9748758,68,Moderate,1,11.0,91,0.0,2.3,135,864.3,80,14.4,14.7,366.0,13.7,59.0,4.7
2026-02-05 06:00:00,2026,2,5,6,Lào Cai,Xã Khao Mang,21.9078898,103.9748758,66,Moderate,1,11.1,91,0.0,2.0,135,864.9,84,13.3,13.6,407.0,13.7,59.0,4.8
2026-02-05 07:00:00,2026,2,5,7,Lào Cai,Xã Khao Mang,21.9078898,103.9748758,63,Moderate,1,11.1,90,0.0,1.7,131,865.4,85,16.5,16.9,425.0,16.7,46.0,4.5
2026-02-05 08:00:00,2026,2,5,8,Lào Cai,Xã Khao Mang,21.9078898,103.9748758,62,Moderate,1,14.2,85,0.0,2.8,135,867.4,45,15.8,16.1,395.0,12.6,64.0,4.3
2026-02-05 09:00:00,2026,2,5,9,Lào Cai,Xã Khao Mang,21.9078898,103.9748758,61,Moderate,1,16.8,73,0.0,3.5,258,869.0,31,12.5,12.9,342.0,6.8,90.0,4.0
2026-02-05 10:00:00,2026,2,5,10,Lào Cai,Xã Khao Mang,21.9078898,103.9748758,60,Moderate,1,18.3,66,0.0,6.5,267,869.9,25,12.2,12.6,301.0,2.5,110.0,3.8
2026-02-05 11:00:00,2026,2,5,11,Lào Cai,Xã Khao Mang,21.9078898,103.9748758,59,Moderate,1,19.0,64,0.0,7.1,277,869.7,17,11.2,11.6,286.0,0.9,120.0,3.7
2026-02-05 12:00:00,2026,2,5,12,Lào Cai,Xã Khao Mang,21.9078898,103.9748758,59,Moderate,1,19.8,59,0.0,6.9,276,868.9,12,11.7,12.2,283.0,0.8,124.0,3.7
2026-02-05 13:00:00,2026,2,5,13,Lào Cai,Xã Khao Mang,21.9078898,103.9748758,58,Moderate,1,20.7,54,0.0,8.5,287,868.2,30,11.9,12.4,282.0,0.8,126.0,3.6
2026-02-05 14:00:00,2026,2,5,14,Lào Cai,Xã Khao Mang,21.9078898,103.9748758,58,Moderate,1,20.6,55,0.0,8.0,288,867.2,35,12.0,12.5,277.0,0.4,128.0,3.4
2026-02-05 15:00:00,2026,2,5,15,Lào Cai,Xã Khao Mang,21.9078898,103.9748758,58,Moderate,1,20.5,54,0.0,7.2,289,866.6,49,12.1,12.6,274.0,0.3,128.0,3.2
2026-02-05 16:00:00,2026,2,5,16,Lào Cai,Xã Khao Mang,21.9078898,103.9748758,58,Moderate,1,20.2,56,0.0,7.8,293,866.4,28,12.5,13.0,285.0,1.1,124.0,3.2
2026-02-05 17:00:00,2026,2,5,17,Lào Cai,Xã Khao Mang,21.9078898,103.9748758,69,Moderate,1,19.0,63,0.0,4.8,299,866.1,4,13.7,14.1,326.0,3.6,115.0,3.7
2026-02-05 18:00:00,2026,2,5,18,Lào Cai,Xã Khao Mang,21.9078898,103.9748758,74,Moderate,1,16.3,76,0.0,0.6,162,865.3,0,15.8,16.2,381.0,7.2,103.0,4.5
2026-02-05 19:00:00,2026,2,5,19,Lào Cai,Xã Khao Mang,21.9078898,103.9748758,72,Moderate,1,14.7,81,0.0,1.5,120,865.1,5,14.3,14.6,415.0,11.4,92.0,5.4
2026-02-05 20:00:00,2026,2,5,20,Lào Cai,Xã Khao Mang,21.9078898,103.9748758,66,Moderate,1,14.8,77,0.0,1.8,135,865.6,2,16.4,16.6,409.0,12.4,88.0,6.0
2026-02-05 21:00:00,2026,2,5,21,Lào Cai,Xã Khao Mang,21.9078898,103.9748758,59,Moderate,1,15.0,73,0.0,1.9,151,865.9,1,17.7,18.0,382.0,13.7,82.0,6.7
2026-02-05 22:00:00,2026,2,5,22,Lào Cai,Xã Khao Mang,21.9078898,103.9748758,57,Moderate,1,14.7,73,0.0,2.1,149,865.9,39,18.6,18.9,354.0,14.8,77.0,7.3
2026-02-05 23:00:00,2026,2,5,23,Lào Cai,Xã Khao Mang,21.9078898,103.9748758,57,Moderate,1,14.4,73,0.0,2.8,145,865.7,49,19.3,19.7,331.0,15.5,73.0,7.5
2026-02-06 00:00:00,2026,2,6,0,Lào Cai,Xã Khao Mang,21.9078898,103.9748758,57,Moderate,1,14.6,72,0.0,2.7,152,865.5,40,19.7,20.0,307.0,16.0,70.0,7.4
2026-02-06 01:00:00,2026,2,6,1,Lào Cai,Xã Khao Mang,21.9078898,103.9748758,57,Moderate,1,13.9,75,0.0,1.5,150,865.3,17,19.4,19.7,290.0,16.1,67.0,7.3
2026-02-06 02:00:00,2026,2,6,2,Lào Cai,Xã Khao Mang,21.9078898,103.9748758,57,Moderate,1,14.1,75,0.0,2.0,170,864.8,41,18.8,19.2,283.0,15.6,65.0,7.0
2026-02-06 03:00:00,2026,2,6,3,Lào Cai,Xã Khao Mang,21.9078898,103.9748758,57,Moderate,1,13.6,76,0.0,1.6,174,864.2,15,18.0,18.4,283.0,14.7,64.0,6.6
2026-02-06 04:00:00,2026,2,6,4,Lào Cai,Xã Khao Mang,21.9078898,103.9748758,57,Moderate,1,13.4,77,0.0,1.7,162,864.2,0,17.2,17.6,286.0,14.2,63.0,6.4
2026-02-06 05:00:00,2026,2,6,5,Lào Cai,Xã Khao Mang,21.9078898,103.9748758,57,Moderate,1,13.2,78,0.0,1.5,150,864.2,0,16.6,16.9,297.0,15.0,60.0,6.6
2026-02-06 06:00:00,2026,2,6,6,Lào Cai,Xã Khao Mang,21.9078898,103.9748758,57,Moderate,1,12.9,79,0.0,1.5,150,864.5,0,16.3,16.6,311.0,16.1,58.0,7.0
2026-02-06 07:00:00,2026,2,6,7,Lào Cai,Xã Khao Mang,21.9078898,103.9748758,57,Moderate,1,12.8,79,0.0,1.2,153,865.1,0,15.7,15.9,317.0,15.0,61.0,6.7
2026-02-06 08:00:00,2026,2,6,8,Lào Cai,Xã Khao Mang,21.9078898,103.9748758,57,Moderate,1,16.2,70,0.0,3.6,213,867.4,0,17.1,17.2,308.0,11.2,82.0,6.7
2026-02-06 09:00:00,2026,2,6,9,Lào Cai,Xã Khao Mang,21.9078898,103.9748758,57,Moderate,1,17.9,68,0.0,5.4,264,868.9,0,11.8,12.0,291.0,6.0,111.0,6.8
2026-02-06 10:00:00,2026,2,6,10,Lào Cai,Xã Khao Mang,21.9078898,103.9748758,57,Moderate,1,19.3,59,0.0,7.4,273,869.6,0,11.8,12.0,273.0,2.1,131.0,6.5
2026-02-06 11:00:00,2026,2,6,11,Lào Cai,Xã Khao Mang,21.9078898,103.9748758,57,Moderate,1,20.4,52,0.0,8.7,274,869.6,0,10.7,10.9,254.0,0.8,134.0,5.8
2026-02-06 12:00:00,2026,2,6,12,Lào Cai,Xã Khao Mang,21.9078898,103.9748758,57,Moderate,1,21.0,44,0.0,8.9,279,869.1,0,9.5,9.9,234.0,0.7,128.0,4.8
2026-02-06 13:00:00,2026,2,6,13,Lào Cai,Xã Khao Mang,21.9078898,103.9748758,57,Moderate,1,21.7,37,0.0,7.3,287,868.3,0,8.6,9.1,221.0,0.8,123.0,3.9
2026-02-06 14:00:00,2026,2,6,14,Lào Cai,Xã Khao Mang,21.9078898,103.9748758,57,Moderate,1,21.4,40,0.0,6.8,288,867.1,2,8.1,8.6,212.0,0.4,122.0,3.1
2026-02-06 15:00:00,2026,2,6,15,Lào Cai,Xã Khao Mang,21.9078898,103.9748758,56,Moderate,1,21.2,43,0.0,5.5,287,866.4,1,7.8,8.5,210.0,0.1,120.0,2.5
2026-02-06 16:00:00,2026,2,6,16,Lào Cai,Xã Khao Mang,21.9078898,103.9748758,69,Moderate,1,20.9,44,0.0,5.0,283,866.1,0,8.3,9.0,229.0,1.0,116.0,2.4
2026-02-06 17:00:00,2026,2,6,17,Lào Cai,Xã Khao Mang,21.9078898,103.9748758,76,Moderate,1,19.7,57,0.0,2.8,305,865.7,0,9.7,10.4,289.0,4.3,106.0,3.3
2026-02-06 18:00:00,2026,2,6,18,Lào Cai,Xã Khao Mang,21.9078898,103.9748758,75,Moderate,1,17.1,60,0.0,0.4,90,864.9,0,16.4,17.0,371.0,8.8,93.0,4.7
2026-02-06 19:00:00,2026,2,6,19,Lào Cai,Xã Khao Mang,21.9078898,103.9748758,67,Moderate,1,15.3,66,0.0,2.1,121,864.5,0,22.6,23.3,433.0,12.4,79.0,5.6
2026-02-06 20:00:00,2026,2,6,20,Lào Cai,Xã Khao Mang,21.9078898,103.9748758,56,Moderate,1,14.4,70,0.0,2.8,117,864.9,0,28.5,29.2,458.0,12.7,77.0,6.4
2026-02-06 21:00:00,2026,2,6,21,Lào Cai,Xã Khao Mang,21.9078898,103.9748758,57,Moderate,1,13.7,73,0.0,3.1,118,865.1,0,33.4,34.0,463.0,13.0,74.0,7.3
2026-02-06 22:00:00,2026,2,6,22,Lào Cai,Xã Khao Mang,21.9078898,103.9748758,59,Moderate,1,13.2,73,0.0,2.4,117,865.0,0,37.8,38.4,458.0,12.8,71.0,7.8
2026-02-06 23:00:00,2026,2,6,23,Lào Cai,Xã Khao Mang,21.9078898,103.9748758,60,Moderate,1,12.8,74,0.0,3.1,111,865.1,0,41.6,42.0,444.0,11.7,70.0,7.2
2026-02-07 00:00:00,2026,2,7,0,Lào Cai,Xã Khao Mang,21.9078898,103.9748758,62,Moderate,1,12.5,75,0.0,3.1,114,864.8,2,45.4,45.9,420.0,10.1,70.0,6.0
2026-02-07 01:00:00,2026,2,7,1,Lào Cai,Xã Khao Mang,21.9078898,103.9748758,64,Moderate,1,12.3,78,0.0,2.6,124,864.6,9,49.7,50.1,399.0,8.6,69.0,5.1
2026-02-07 02:00:00,2026,2,7,2,Lào Cai,Xã Khao Mang,21.9078898,103.9748758,67,Moderate,1,12.2,77,0.0,2.5,111,864.2,6,51.2,51.6,383.0,7.5,67.0,4.6
2026-02-07 03:00:00,2026,2,7,3,Lào Cai,Xã Khao Mang,21.9078898,103.9748758,70,Moderate,1,11.8,78,0.0,2.8,117,864.0,9,48.1,48.4,371.0,6.5,66.0,4.3
2026-02-07 04:00:00,2026,2,7,4,Lào Cai,Xã Khao Mang,21.9078898,103.9748758,73,Moderate,1,11.5,78,0.0,2.6,115,863.9,8,39.6,39.8,367.0,5.9,64.0,4.3
2026-02-07 05:00:00,2026,2,7,5,Lào Cai,Xã Khao Mang,21.9078898,103.9748758,75,Moderate,1,11.3,79,0.0,2.6,115,864.0,12,29.7,29.8,382.0,5.8,62.0,4.6
2026-02-07 06:00:00,2026,2,7,6,Lào Cai,Xã Khao Mang,21.9078898,103.9748758,76,Moderate,1,10.9,79,0.0,2.4,117,864.6,17,21.2,21.3,406.0,6.1,60.0,5.2
2026-02-07 07:00:00,2026,2,7,7,Lào Cai,Xã Khao Mang,21.9078898,103.9748758,76,Moderate,1,10.5,83,0.0,2.3,119,865.2,11,15.6,15.9,413.0,5.4,70.0,5.7
2026-02-07 08:00:00,2026,2,7,8,Lào Cai,Xã Khao Mang,21.9078898,103.9748758,76,Moderate,1,14.4,74,0.0,3.8,121,867.9,5,12.7,12.9,383.0,4.7,78.0,8.4
2026-02-07 09:00:00,2026,2,7,9,Lào Cai,Xã Khao Mang,21.9078898,103.9748758,76,Moderate,1,17.2,62,0.0,1.5,277,869.5,2,12.2,12.4,336.0,3.7,90.0,12.0
2026-02-07 10:00:00,2026,2,7,10,Lào Cai,Xã Khao Mang,21.9078898,103.9748758,76,Moderate,1,18.7,60,0.0,5.6,287,870.2,5,12.6,12.9,302.0,2.8,100.0,14.0
2026-02-07 11:00:00,2026,2,7,11,Lào Cai,Xã Khao Mang,21.9078898,103.9748758,76,Moderate,1,19.4,63,0.0,8.3,276,870.1,27,15.9,16.1,296.0,2.2,108.0,13.1
2026-02-07 12:00:00,2026,2,7,12,Lào Cai,Xã Khao Mang,21.9078898,103.9748758,76,Moderate,1,20.1,60,0.2,8.9,264,869.6,24,17.0,17.2,304.0,1.8,114.0,10.6
2026-02-07 13:00:00,2026,2,7,13,Lào Cai,Xã Khao Mang,21.9078898,103.9748758,77,Moderate,1,20.1,57,0.0,9.6,257,868.4,19,18.5,18.9,309.0,1.5,119.0,8.4
2026-02-07 14:00:00,2026,2,7,14,Lào Cai,Xã Khao Mang,21.9078898,103.9748758,78,Moderate,1,20.6,54,0.0,9.4,258,867.8,11,19.7,20.1,299.0,1.1,122.0,7.1
2026-02-07 15:00:00,2026,2,7,15,Lào Cai,Xã Khao Mang,21.9078898,103.9748758,79,Moderate,1,20.6,55,0.1,8.2,256,867.1,12,20.6,21.1,287.0,0.8,124.0,6.2
2026-02-07 16:00:00,2026,2,7,16,Lào Cai,Xã Khao Mang,21.9078898,103.9748758,80,Moderate,1,20.1,59,0.0,8.0,264,866.7,19,21.2,21.7,295.0,1.4,121.0,5.7
2026-02-07 17:00:00,2026,2,7,17,Lào Cai,Xã Khao Mang,21.9078898,103.9748758,81,Moderate,1,19.1,65,0.0,5.2,276,866.7,19,21.8,22.3,346.0,3.7,111.0,6.0
2026-02-07 18:00:00,2026,2,7,18,Lào Cai,Xã Khao Mang,21.9078898,103.9748758,82,Moderate,1,16.6,78,0.0,1.2,39,866.1,12,23.5,23.9,417.0,6.8,97.0,6.8
2026-02-07 19:00:00,2026,2,7,19,Lào Cai,Xã Khao Mang,21.9078898,103.9748758,83,Moderate,1,14.7,88,0.0,3.1,118,865.9,4,31.3,31.9,460.0,10.1,80.0,6.1
2026-02-07 20:00:00,2026,2,7,20,Lào Cai,Xã Khao Mang,21.9078898,103.9748758,84,Moderate,1,13.8,89,0.0,4.8,103,866.1,2,32.8,33.3,453.0,9.4,82.0,6.8
2026-02-07 21:00:00,2026,2,7,21,Lào Cai,Xã Khao Mang,21.9078898,103.9748758,84,Moderate,1,13.4,88,0.0,6.0,95,866.3,5,34.5,34.9,418.0,8.4,85.0,7.8
2026-02-07 22:00:00,2026,2,7,22,Lào Cai,Xã Khao Mang,21.9078898,103.9748758,84,Moderate,1,12.9,88,0.0,6.3,97,866.6,14,32.8,33.2,380.0,7.6,84.0,8.3
2026-02-07 23:00:00,2026,2,7,23,Lào Cai,Xã Khao Mang,21.9078898,103.9748758,84,Moderate,1,12.9,89,0.0,6.9,95,866.9,18,28.2,28.5,339.0,7.4,78.0,8.0
2026-02-08 00:00:00,2026,2,8,0,Lào Cai,Xã Khao Mang,21.9078898,103.9748758,83,Moderate,1,12.6,91,0.1,7.8,97,867.3,34,18.8,18.9,294.0,7.5,68.0,7.2
2026-02-08 01:00:00,2026,2,8,1,Lào Cai,Xã Khao Mang,21.9078898,103.9748758,80,Moderate,1,13.2,93,0.0,6.1,93,867.6,34,11.5,11.5,272.0,7.4,61.0,6.6
2026-02-08 02:00:00,2026,2,8,2,Lào Cai,Xã Khao Mang,21.9078898,103.9748758,77,Moderate,1,13.1,92,0.0,5.9,92,867.0,17,7.6,7.7,284.0,7.1,56.0,6.3
2026-02-08 03:00:00,2026,2,8,3,Lào Cai,Xã Khao Mang,21.9078898,103.9748758,73,Moderate,1,12.3,95,0.0,5.4,86,866.8,36,6.2,6.2,319.0,6.6,54.0,6.1
2026-02-08 04:00:00,2026,2,8,4,Lào Cai,Xã Khao Mang,21.9078898,103.9748758,69,Moderate,1,12.6,95,0.0,6.3,85,867.1,38,5.0,5.0,364.0,6.0,54.0,6.1
2026-02-08 05:00:00,2026,2,8,5,Lào Cai,Xã Khao Mang,21.9078898,103.9748758,66,Moderate,1,12.8,94,0.0,6.0,83,867.6,33,4.2,4.2,426.0,5.2,59.0,6.5
2026-02-08 06:00:00,2026,2,8,6,Lào Cai,Xã Khao Mang,21.9078898,103.9748758,64,Moderate,1,12.6,94,0.0,5.1,63,868.5,49,4.5,4.5,499.0,4.3,68.0,7.1
2026-02-08 07:00:00,2026,2,8,7,Lào Cai,Xã Khao Mang,21.9078898,103.9748758,62,Moderate,1,13.2,96,0.0,7.5,69,869.2,64,6.2,6.3,553.0,4.4,67.0,7.6
2026-02-08 08:00:00,2026,2,8,8,Lào Cai,Xã Khao Mang,21.9078898,103.9748758,62,Moderate,1,13.3,92,0.0,8.9,63,869.9,76,5.8,5.8,571.0,4.0,69.0,7.7
2026-02-08 09:00:00,2026,2,8,9,Lào Cai,Xã Khao Mang,21.9078898,103.9748758,61,Moderate,1,13.6,83,0.0,11.1,67,871.0,72,5.4,5.4,569.0,3.5,73.0,7.9
2026-02-08 10:00:00,2026,2,8,10,Lào Cai,Xã Khao Mang,21.9078898,103.9748758,60,Moderate,1,15.0,69,0.0,11.8,74,872.2,58,5.2,5.2,569.0,3.0,76.0,7.8
2026-02-08 11:00:00,2026,2,8,11,Lào Cai,Xã Khao Mang,21.9078898,103.9748758,60,Moderate,1,15.6,64,0.0,11.6,69,872.1,100,3.7,3.7,578.0,2.5,79.0,7.4
2026-02-08 12:00:00,2026,2,8,12,Lào Cai,Xã Khao Mang,21.9078898,103.9748758,59,Moderate,1,15.4,63,0.1,11.7,69,871.1,100,4.0,4.0,588.0,1.9,83.0,6.8
2026-02-08 13:00:00,2026,2,8,13,Lào Cai,Xã Khao Mang,21.9078898,103.9748758,58,Moderate,1,14.4,69,0.3,11.8,64,870.4,96,4.6,4.7,597.0,1.6,85.0,6.3
2026-02-08 14:00:00,2026,2,8,14,Lào Cai,Xã Khao Mang,21.9078898,103.9748758,56,Moderate,1,15.2,63,0.2,10.2,64,869.5,100,5.3,5.5,604.0,1.6,85.0,6.0
2026-02-08 15:00:00,2026,2,8,15,Lào Cai,Xã Khao Mang,21.9078898,103.9748758,55,Moderate,1,13.3,73,0.3,10.0,60,868.4,100,7.1,7.2,610.0,1.9,83.0,5.9
2026-02-08 16:00:00,2026,2,8,16,Lào Cai,Xã Khao Mang,21.9078898,103.9748758,54,Moderate,1,12.6,72,0.1,10.5,61,868.2,100,6.0,6.0,612.0,2.2,81.0,5.9
2026-02-08 17:00:00,2026,2,8,17,Lào Cai,Xã Khao Mang,21.9078898,103.9748758,52,Moderate,1,12.0,71,0.0,9.7,61,868.2,100,6.1,6.1,610.0,2.6,79.0,6.1
2026-02-08 18:00:00,2026,2,8,18,Lào Cai,Xã Khao Mang,21.9078898,103.9748758,51,Moderate,1,10.9,74,0.0,8.7,60,868.0,94,6.3,6.3,605.0,3.1,76.0,6.5
2026-02-08 19:00:00,2026,2,8,19,Lào Cai,Xã Khao Mang,21.9078898,103.9748758,49,Good,0,9.9,86,0.0,8.7,63,868.1,60,13.1,13.1,599.0,3.5,68.0,7.0
2026-02-08 20:00:00,2026,2,8,20,Lào Cai,Xã Khao Mang,21.9078898,103.9748758,46,Good,0,9.7,85,0.0,8.6,68,868.8,79,13.9,14.0,591.0,3.3,69.0,6.7
2026-02-08 21:00:00,2026,2,8,21,Lào Cai,Xã Khao Mang,21.9078898,103.9748758,43,Good,0,9.6,83,0.0,8.5,72,869.1,62,12.7,12.7,581.0,3.1,69.0,6.4
2026-02-08 22:00:00,2026,2,8,22,Lào Cai,Xã Khao Mang,21.9078898,103.9748758,39,Good,0,9.6,82,0.0,7.7,74,869.2,84,9.9,10.0,573.0,3.0,69.0,6.2
2026-02-08 23:00:00,2026,2,8,23,Lào Cai,Xã Khao Mang,21.9078898,103.9748758,35,Good,0,9.7,81,0.0,7.3,74,868.9,80,7.8,7.8,570.0,3.1,67.0,6.3
2026-02-09 00:00:00,2026,2,9,0,Lào Cai,Xã Khao Mang,21.9078898,103.9748758,34,Good,0,9.6,82,0.0,6.4,68,868.6,100,7.3,7.3,569.0,3.2,64.0,6.5
2026-02-09 01:00:00,2026,2,9,1,Lào Cai,Xã Khao Mang,21.9078898,103.9748758,33,Good,0,9.5,88,0.0,6.3,55,868.0,100,6.7,6.7,565.0,3.4,62.0,6.6
2026-02-09 02:00:00,2026,2,9,2,Lào Cai,Xã Khao Mang,21.9078898,103.9748758,32,Good,0,9.2,89,0.0,5.6,45,867.4,100,6.2,6.2,553.0,3.5,61.0,6.5
2026-02-09 03:00:00,2026,2,9,3,Lào Cai,Xã Khao Mang,21.9078898,103.9748758,31,Good,0,8.8,90,0.1,6.3,51,867.0,100,4.8,4.8,538.0,3.5,59.0,6.4
2026-02-09 04:00:00,2026,2,9,4,Lào Cai,Xã Khao Mang,21.9078898,103.9748758,30,Good,0,8.7,91,0.2,6.0,61,866.7,100,4.3,4.3,531.0,3.6,58.0,6.4
2026-02-09 05:00:00,2026,2,9,5,Lào Cai,Xã Khao Mang,21.9078898,103.9748758,30,Good,0,8.7,96,0.3,5.0,71,866.7,100,3.7,3.7,541.0,3.9,56.0,6.6
2026-02-09 06:00:00,2026,2,9,6,Lào Cai,Xã Khao Mang,21.9078898,103.9748758,29,Good,0,8.7,98,0.3,3.4,25,867.4,100,3.7,3.7,560.0,4.3,53.0,6.8
2026-02-09 07:00:00,2026,2,9,7,Lào Cai,Xã Khao Mang,21.9078898,103.9748758,28,Good,0,9.0,98,1.2,3.2,56,867.9,100,3.1,3.1,570.0,4.9,53.0,7.0
2026-02-09 08:00:00,2026,2,9,8,Lào Cai,Xã Khao Mang,21.9078898,103.9748758,27,Good,0,9.7,98,0.1,3.3,103,868.5,98,3.3,3.3,563.0,4.6,56.0,6.9
2026-02-09 09:00:00,2026,2,9,9,Lào Cai,Xã Khao Mang,21.9078898,103.9748758,27,Good,0,10.6,93,0.0,0.4,297,869.5,100,2.8,2.8,547.0,4.2,62.0,6.8
2026-02-09 10:00:00,2026,2,9,10,Lào Cai,Xã Khao Mang,21.9078898,103.9748758,27,Good,0,11.6,90,0.0,3.1,298,870.1,100,2.2,2.2,532.0,3.8,67.0,6.5
2026-02-09 11:00:00,2026,2,9,11,Lào Cai,Xã Khao Mang,21.9078898,103.9748758,27,Good,0,11.9,89,0.1,5.1,280,869.9,100,1.9,1.9,523.0,3.3,73.0,6.0
2026-02-09 12:00:00,2026,2,9,12,Lào Cai,Xã Khao Mang,21.9078898,103.9748758,28,Good,0,11.7,91,0.1,5.2,274,868.8,100,2.0,2.1,515.0,2.8,80.0,5.3
2026-02-09 13:00:00,2026,2,9,13,Lào Cai,Xã Khao Mang,21.9078898,103.9748758,29,Good,0,11.5,91,0.1,4.2,288,867.7,100,2.3,2.3,504.0,2.5,85.0,4.8
2026-02-09 14:00:00,2026,2,9,14,Lào Cai,Xã Khao Mang,21.9078898,103.9748758,31,Good,0,12.3,86,0.1,3.5,258,866.9,100,2.8,2.8,481.0,2.1,88.0,4.4
2026-02-09 15:00:00,2026,2,9,15,Lào Cai,Xã Khao Mang,21.9078898,103.9748758,33,Good,0,13.0,83,0.0,5.4,264,866.8,100,4.0,4.0,456.0,1.9,89.0,4.2
2026-02-09 16:00:00,2026,2,9,16,Lào Cai,Xã Khao Mang,21.9078898,103.9748758,35,Good,0,13.1,82,0.0,5.1,276,866.7,100,4.3,4.4,454.0,2.6,86.0,4.1
2026-02-09 17:00:00,2026,2,9,17,Lào Cai,Xã Khao Mang,21.9078898,103.9748758,37,Good,0,12.7,84,0.0,3.6,261,866.4,90,5.3,5.3,499.0,4.9,78.0,4.3
2026-02-09 18:00:00,2026,2,9,18,Lào Cai,Xã Khao Mang,21.9078898,103.9748758,37,Good,0,11.3,92,0.0,0.6,288,866.2,21,6.9,6.9,566.0,8.2,67.0,4.7
2026-02-09 19:00:00,2026,2,9,19,Lào Cai,Xã Khao Mang,21.9078898,103.9748758,37,Good,0,10.8,97,0.0,4.7,86,866.2,44,18.2,18.3,609.0,8.3,63.0,4.3
2026-02-09 20:00:00,2026,2,9,20,Lào Cai,Xã Khao Mang,21.9078898,103.9748758,37,Good,0,9.8,99,0.0,4.8,121,866.3,71,20.5,20.6,604.0,11.1,56.0,4.9
2026-02-09 21:00:00,2026,2,9,21,Lào Cai,Xã Khao Mang,21.9078898,103.9748758,35,Good,0,9.6,98,0.0,5.2,121,866.2,86,22.6,22.7,573.0,15.0,46.0,5.7
2026-02-09 22:00:00,2026,2,9,22,Lào Cai,Xã Khao Mang,21.9078898,103.9748758,33,Good,0,9.0,98,0.0,3.1,121,866.0,95,25.8,25.9,541.0,17.9,38.0,6.1
2026-02-09 23:00:00,2026,2,9,23,Lào Cai,Xã Khao Mang,21.9078898,103.9748758,30,Good,0,8.7,95,0.0,2.3,122,865.7,75,28.1,28.2,512.0,19.2,32.0,5.7
2026-02-10 00:00:00,2026,2,10,0,Lào Cai,Xã Khao Mang,21.9078898,103.9748758,33,Good,0,8.7,94,0.0,2.4,126,865.6,59,29.4,29.6,481.0,19.6,27.0,4.8
2026-02-10 01:00:00,2026,2,10,1,Lào Cai,Xã Khao Mang,21.9078898,103.9748758,37,Good,0,8.8,96,0.0,1.9,131,865.4,95,29.6,29.6,455.0,18.7,26.0,3.9
2026-02-10 02:00:00,2026,2,10,2,Lào Cai,Xã Khao Mang,21.9078898,103.9748758,41,Good,0,9.1,98,0.0,2.4,132,865.1,98,28.5,28.6,433.0,15.6,31.0,3.1
2026-02-10 03:00:00,2026,2,10,3,Lào Cai,Xã Khao Mang,21.9078898,103.9748758,45,Good,0,10.6,95,0.0,2.4,132,865.5,100,24.1,24.2,417.0,11.3,39.0,2.3
2026-02-10 04:00:00,2026,2,10,4,Lào Cai,Xã Khao Mang,21.9078898,103.9748758,49,Good,0,10.9,95,0.0,1.8,135,865.6,95,23.5,23.6,416.0,8.1,45.0,1.7
2026-02-10 05:00:00,2026,2,10,5,Lào Cai,Xã Khao Mang,21.9078898,103.9748758,51,Moderate,1,10.5,96,0.0,1.2,129,865.7,98,23.4,23.5,445.0,7.2,44.0,1.3
2026-02-10 06:00:00,2026,2,10,6,Lào Cai,Xã Khao Mang,21.9078898,103.9748758,53,Moderate,1,10.8,96,0.0,1.2,129,866.3,98,23.6,23.7,490.0,7.5,39.0,1.2
2026-02-10 07:00:00,2026,2,10,7,Lào Cai,Xã Khao Mang,21.9078898,103.9748758,54,Moderate,1,10.3,97,0.0,0.8,117,866.5,91,21.4,21.5,515.0,7.4,42.0,1.2
2026-02-10 08:00:00,2026,2,10,8,Lào Cai,Xã Khao Mang,21.9078898,103.9748758,56,Moderate,1,12.6,90,0.0,1.9,229,868.5,52,20.8,21.0,501.0,6.2,53.0,1.7
2026-02-10 09:00:00,2026,2,10,9,Lào Cai,Xã Khao Mang,21.9078898,103.9748758,58,Moderate,1,14.3,83,0.0,4.9,264,869.8,88,19.2,19.3,468.0,4.4,69.0,2.4
2026-02-10 10:00:00,2026,2,10,10,Lào Cai,Xã Khao Mang,21.9078898,103.9748758,59,Moderate,1,15.3,79,0.0,6.2,260,870.2,91,18.2,18.5,441.0,3.0,82.0,2.9
2026-02-10 11:00:00,2026,2,10,11,Lào Cai,Xã Khao Mang,21.9078898,103.9748758,60,Moderate,1,16.7,74,0.0,9.1,263,870.5,88,18.1,18.3,432.0,2.2,90.0,2.8
2026-02-10 12:00:00,2026,2,10,12,Lào Cai,Xã Khao Mang,21.9078898,103.9748758,62,Moderate,1,17.2,73,0.0,9.4,263,869.9,95,19.8,20.0,429.0,1.6,95.0,2.5
2026-02-10 13:00:00,2026,2,10,13,Lào Cai,Xã Khao Mang,21.9078898,103.9748758,64,Moderate,1,17.8,70,0.0,7.6,269,869.2,50,17.9,18.2,422.0,1.3,99.0,2.3
2026-02-10 14:00:00,2026,2,10,14,Lào Cai,Xã Khao Mang,21.9078898,103.9748758,65,Moderate,1,18.3,67,0.0,8.0,279,868.5,20,17.4,17.7,398.0,0.9,104.0,2.2
2026-02-10 15:00:00,2026,2,10,15,Lào Cai,Xã Khao Mang,21.9078898,103.9748758,66,Moderate,1,18.4,65,0.0,7.1,277,867.8,17,17.6,17.9,371.0,0.6,109.0,2.2
2026-02-10 16:00:00,2026,2,10,16,Lào Cai,Xã Khao Mang,21.9078898,103.9748758,67,Moderate,1,18.3,64,0.0,6.3,272,867.7,8,20.7,21.2,370.0,1.4,109.0,2.6
2026-02-10 17:00:00,2026,2,10,17,Lào Cai,Xã Khao Mang,21.9078898,103.9748758,69,Moderate,1,17.4,70,0.0,5.1,278,867.6,3,20.9,21.2,420.0,4.1,102.0,3.8
2026-02-10 18:00:00,2026,2,10,18,Lào Cai,Xã Khao Mang,21.9078898,103.9748758,70,Moderate,1,14.9,81,0.0,0.5,135,866.9,3,25.7,26.0,496.0,7.8,91.0,5.4
2026-02-10 19:00:00,2026,2,10,19,Lào Cai,Xã Khao Mang,21.9078898,103.9748758,72,Moderate,1,13.1,89,0.0,2.1,128,866.7,5,25.8,26.0,553.0,10.8,68.0,6.2
2026-02-10 20:00:00,2026,2,10,20,Lào Cai,Xã Khao Mang,21.9078898,103.9748758,73,Moderate,1,13.0,87,0.0,1.5,126,867.4,2,29.7,29.9,573.0,10.6,64.0,6.7
2026-02-10 21:00:00,2026,2,10,21,Lào Cai,Xã Khao Mang,21.9078898,103.9748758,73,Moderate,1,12.9,83,0.0,1.9,119,867.9,2,32.8,32.9,574.0,10.4,58.0,7.4
2026-02-10 22:00:00,2026,2,10,22,Lào Cai,Xã Khao Mang,21.9078898,103.9748758,74,Moderate,1,12.6,82,0.0,2.0,117,868.0,0,36.7,36.9,566.0,10.0,53.0,7.8
2026-02-10 23:00:00,2026,2,10,23,Lào Cai,Xã Khao Mang,21.9078898,103.9748758,75,Moderate,1,12.1,83,0.0,2.6,106,867.8,0,39.6,39.7,550.0,9.5,49.0,7.8
2026-02-11 00:00:00,2026,2,11,0,Lào Cai,Xã Khao Mang,21.9078898,103.9748758,76,Moderate,1,11.4,85,0.0,2.6,106,867.8,1,41.3,41.4,526.0,8.8,45.0,7.5
2026-02-11 01:00:00,2026,2,11,1,Lào Cai,Xã Khao Mang,21.9078898,103.9748758,77,Moderate,1,11.2,89,0.0,3.4,108,867.8,0,42.7,43.0,501.0,8.1,44.0,7.4
2026-02-11 02:00:00,2026,2,11,2,Lào Cai,Xã Khao Mang,21.9078898,103.9748758,78,Moderate,1,10.9,89,0.0,3.1,103,867.5,10,43.7,43.8,470.0,7.1,46.0,7.7
2026-02-11 03:00:00,2026,2,11,3,Lào Cai,Xã Khao Mang,21.9078898,103.9748758,80,Moderate,1,10.7,90,0.0,4.0,95,867.4,20,44.0,44.1,439.0,6.1,49.0,8.1
2026-02-11 04:00:00,2026,2,11,4,Lào Cai,Xã Khao Mang,21.9078898,103.9748758,82,Moderate,1,10.9,91,0.0,5.1,100,867.6,30,43.7,43.8,431.0,5.2,53.0,8.4
2026-02-11 05:00:00,2026,2,11,5,Lào Cai,Xã Khao Mang,21.9078898,103.9748758,83,Moderate,1,10.6,94,0.0,4.3,105,867.6,47,42.7,43.0,471.0,4.7,56.0,8.5
2026-02-11 06:00:00,2026,2,11,6,Lào Cai,Xã Khao Mang,21.9078898,103.9748758,85,Moderate,1,10.9,92,0.0,4.6,108,868.4,39,41.3,41.4,534.0,4.3,59.0,8.4
2026-02-11 07:00:00,2026,2,11,7,Lào Cai,Xã Khao Mang,21.9078898,103.9748758,87,Moderate,1,11.4,91,0.0,3.1,103,869.3,37,43.9,44.1,575.0,4.4,62.0,7.7
2026-02-11 08:00:00,2026,2,11,8,Lào Cai,Xã Khao Mang,21.9078898,103.9748758,89,Moderate,1,13.1,86,0.0,2.3,90,870.7,45,42.6,42.8,570.0,4.0,68.0,7.2
2026-02-11 09:00:00,2026,2,11,9,Lào Cai,Xã Khao Mang,21.9078898,103.9748758,91,Moderate,1,14.8,80,0.0,3.0,327,872.3,92,37.4,37.6,541.0,3.3,77.0,6.4
2026-02-11 10:00:00,2026,2,11,10,Lào Cai,Xã Khao Mang,21.9078898,103.9748758,92,Moderate,1,15.4,79,0.0,3.5,332,872.9,100,28.6,28.8,511.0,2.8,84.0,5.7
2026-02-11 11:00:00,2026,2,11,11,Lào Cai,Xã Khao Mang,21.9078898,103.9748758,93,Moderate,1,16.8,74,0.0,4.4,308,872.7,99,25.6,25.8,486.0,2.4,89.0,5.2
2026-02-11 12:00:00,2026,2,11,12,Lào Cai,Xã Khao Mang,21.9078898,103.9748758,94,Moderate,1,16.9,75,0.0,6.2,303,871.6,100,25.3,25.5,460.0,2.0,93.0,4.7
2026-02-11 13:00:00,2026,2,11,13,Lào Cai,Xã Khao Mang,21.9078898,103.9748758,94,Moderate,1,17.7,72,0.1,9.4,263,870.8,80,25.4,25.7,433.0,1.8,95.0,4.5
2026-02-11 14:00:00,2026,2,11,14,Lào Cai,Xã Khao Mang,21.9078898,103.9748758,95,Moderate,1,17.8,71,0.0,10.1,248,870.0,99,25.6,25.8,396.0,1.6,97.0,4.5
2026-02-11 15:00:00,2026,2,11,15,Lào Cai,Xã Khao Mang,21.9078898,103.9748758,96,Moderate,1,18.3,71,0.2,8.3,237,869.4,33,25.4,25.7,358.0,1.5,98.0,4.7
2026-02-11 16:00:00,2026,2,11,16,Lào Cai,Xã Khao Mang,21.9078898,103.9748758,96,Moderate,1,18.0,70,0.2,7.4,241,869.0,41,24.4,24.6,345.0,2.3,95.0,5.2
2026-02-11 17:00:00,2026,2,11,17,Lào Cai,Xã Khao Mang,21.9078898,103.9748758,97,Moderate,1,17.4,75,0.0,5.3,258,868.5,41,26.0,26.3,380.0,5.0,87.0,6.1
2026-02-11 18:00:00,2026,2,11,18,Lào Cai,Xã Khao Mang,21.9078898,103.9748758,97,Moderate,1,15.3,87,0.0,1.8,315,867.8,33,27.0,27.2,440.0,8.5,75.0,7.3
2026-02-11 19:00:00,2026,2,11,19,Lào Cai,Xã Khao Mang,21.9078898,103.9748758,97,Moderate,1,14.2,90,0.0,1.2,153,867.3,17,31.2,31.4,489.0,9.3,62.0,6.4
2026-02-11 20:00:00,2026,2,11,20,Lào Cai,Xã Khao Mang,21.9078898,103.9748758,98,Moderate,1,13.4,90,0.0,2.6,124,867.3,19,31.1,31.2,515.0,9.5,56.0,6.8
2026-02-11 21:00:00,2026,2,11,21,Lào Cai,Xã Khao Mang,21.9078898,103.9748758,98,Moderate,1,13.0,89,0.0,2.1,110,867.7,24,30.3,30.4,530.0,9.9,48.0,7.4
2026-02-11 22:00:00,2026,2,11,22,Lào Cai,Xã Khao Mang,21.9078898,103.9748758,98,Moderate,1,12.8,88,0.0,2.1,110,867.8,15,29.8,29.9,532.0,10.1,40.0,7.8
2026-02-11 23:00:00,2026,2,11,23,Lào Cai,Xã Khao Mang,21.9078898,103.9748758,97,Moderate,1,12.7,88,0.0,1.2,117,867.8,58,29.0,29.1,515.0,10.2,34.0,7.7
2026-02-12 00:00:00,2026,2,12,0,Lào Cai,Xã Khao Mang,21.9078898,103.9748758,96,Moderate,1,12.4,88,0.0,0.6,108,867.6,23,27.8,27.8,485.0,10.2,30.0,7.3
2026-02-12 01:00:00,2026,2,12,1,Lào Cai,Xã Khao Mang,21.9078898,103.9748758,95,Moderate,1,11.7,95,0.0,1.8,143,867.3,45,26.3,26.4,454.0,10.1,26.0,7.0
2026-02-12 02:00:00,2026,2,12,2,Lào Cai,Xã Khao Mang,21.9078898,103.9748758,93,Moderate,1,11.2,95,0.0,1.4,130,866.5,72,25.0,25.1,419.0,9.8,24.0,6.9
2026-02-12 03:00:00,2026,2,12,3,Lào Cai,Xã Khao Mang,21.9078898,103.9748758,92,Moderate,1,11.3,96,0.0,1.0,121,865.9,80,23.9,23.9,382.0,9.3,22.0,6.8
2026-02-12 04:00:00,2026,2,12,4,Lào Cai,Xã Khao Mang,21.9078898,103.9748758,90,Moderate,1,11.7,95,0.0,1.2,129,866.2,54,23.0,23.0,363.0,9.1,21.0,6.8
2026-02-12 05:00:00,2026,2,12,5,Lào Cai,Xã Khao Mang,21.9078898,103.9748758,88,Moderate,1,11.7,96,0.0,1.3,124,866.2,77,21.2,21.2,379.0,9.5,17.0,6.6
2026-02-12 06:00:00,2026,2,12,6,Lào Cai,Xã Khao Mang,21.9078898,103.9748758,86,Moderate,1,12.1,96,0.0,1.4,130,866.8,68,17.1,17.1,413.0,10.2,13.0,6.5
2026-02-12 07:00:00,2026,2,12,7,Lào Cai,Xã Khao Mang,21.9078898,103.9748758,84,Moderate,1,12.0,98,0.0,1.9,146,867.7,77,16.2,16.3,430.0,8.7,23.0,9.0
2026-02-12 08:00:00,2026,2,12,8,Lào Cai,Xã Khao Mang,21.9078898,103.9748758,82,Moderate,1,13.1,98,0.1,1.5,144,868.8,70,16.0,16.1,410.0,7.4,35.0,8.5
2026-02-12 09:00:00,2026,2,12,9,Lào Cai,Xã Khao Mang,21.9078898,103.9748758,79,Moderate,1,14.4,94,0.4,3.1,273,870.0,98,18.5,18.7,372.0,5.7,52.0,7.7
2026-02-12 10:00:00,2026,2,12,10,Lào Cai,Xã Khao Mang,21.9078898,103.9748758,78,Moderate,1,16.1,85,0.0,6.1,258,870.9,100,18.7,18.9,342.0,4.1,68.0,6.8
2026-02-12 11:00:00,2026,2,12,11,Lào Cai,Xã Khao Mang,21.9078898,103.9748758,77,Moderate,1,17.3,79,0.0,7.9,257,870.7,51,20.3,20.6,329.0,3.0,81.0,5.5
2026-02-12 12:00:00,2026,2,12,12,Lào Cai,Xã Khao Mang,21.9078898,103.9748758,76,Moderate,1,18.1,74,0.0,9.3,254,869.9,47,22.7,23.1,323.0,2.1,92.0,4.1
2026-02-12 13:00:00,2026,2,12,13,Lào Cai,Xã Khao Mang,21.9078898,103.9748758,76,Moderate,1,18.2,72,0.1,8.4,245,869.3,70,23.1,23.5,319.0,1.5,101.0,3.2
2026-02-12 14:00:00,2026,2,12,14,Lào Cai,Xã Khao Mang,21.9078898,103.9748758,76,Moderate,1,17.9,76,0.5,8.1,249,868.3,59,22.1,22.5,309.0,1.0,108.0,3.2
2026-02-12 15:00:00,2026,2,12,15,Lào Cai,Xã Khao Mang,21.9078898,103.9748758,76,Moderate,1,18.9,70,0.1,9.3,252,867.8,33,21.8,22.2,301.0,0.9,114.0,3.6
2026-02-12 16:00:00,2026,2,12,16,Lào Cai,Xã Khao Mang,21.9078898,103.9748758,75,Moderate,1,18.5,73,0.0,6.6,261,867.1,20,21.8,22.2,310.0,1.8,113.0,4.5
2026-02-12 17:00:00,2026,2,12,17,Lào Cai,Xã Khao Mang,21.9078898,103.9748758,75,Moderate,1,17.8,77,0.0,4.4,258,866.8,16,22.4,22.8,355.0,4.9,103.0,5.9
2026-02-12 18:00:00,2026,2,12,18,Lào Cai,Xã Khao Mang,21.9078898,103.9748758,75,Moderate,1,15.6,88,0.0,0.8,243,866.3,9,22.8,23.1,417.0,9.0,87.0,7.7
2026-02-12 19:00:00,2026,2,12,19,Lào Cai,Xã Khao Mang,21.9078898,103.9748758,74,Moderate,1,15.0,92,0.0,2.3,141,865.9,13,21.9,22.1,459.0,13.1,68.0,9.6
2026-02-12 20:00:00,2026,2,12,20,Lào Cai,Xã Khao Mang,21.9078898,103.9748758,73,Moderate,1,13.9,92,0.0,2.3,129,865.9,45,21.4,21.5,462.0,13.7,62.0,10.8
2026-02-12 21:00:00,2026,2,12,21,Lào Cai,Xã Khao Mang,21.9078898,103.9748758,73,Moderate,1,13.1,92,0.0,2.8,117,865.8,88,21.7,21.8,444.0,14.6,53.0,12.3
2026-02-12 22:00:00,2026,2,12,22,Lào Cai,Xã Khao Mang,21.9078898,103.9748758,72,Moderate,1,12.9,90,0.0,2.7,118,865.8,78,21.9,22.0,420.0,15.4,44.0,13.3
2026-02-12 23:00:00,2026,2,12,23,Lào Cai,Xã Khao Mang,21.9078898,103.9748758,71,Moderate,1,12.2,95,0.0,2.6,115,865.4,96,22.4,22.5,391.0,16.0,36.0,13.1
2026-02-13 00:00:00,2026,2,13,0,Lào Cai,Xã Khao Mang,21.9078898,103.9748758,71,Moderate,1,12.1,94,0.0,2.0,117,865.0,73,22.9,23.0,357.0,16.4,29.0,12.4
2026-02-13 01:00:00,2026,2,13,1,Lào Cai,Xã Khao Mang,21.9078898,103.9748758,70,Moderate,1,11.5,95,0.0,2.2,125,864.4,92,23.6,23.6,330.0,16.7,23.0,11.8
2026-02-13 02:00:00,2026,2,13,2,Lào Cai,Xã Khao Mang,21.9078898,103.9748758,70,Moderate,1,11.1,98,0.0,3.1,118,863.9,91,23.9,23.9,313.0,16.7,20.0,11.8
2026-02-13 03:00:00,2026,2,13,3,Lào Cai,Xã Khao Mang,21.9078898,103.9748758,70,Moderate,1,11.0,98,0.0,2.9,120,863.5,94,24.0,24.1,304.0,16.4,18.0,11.9
2026-02-13 04:00:00,2026,2,13,4,Lào Cai,Xã Khao Mang,21.9078898,103.9748758,70,Moderate,1,11.0,97,0.0,2.7,118,863.9,93,24.2,24.2,307.0,16.1,17.0,12.1
2026-02-13 05:00:00,2026,2,13,5,Lào Cai,Xã Khao Mang,21.9078898,103.9748758,70,Moderate,1,11.0,96,0.0,2.3,119,864.0,98,24.2,24.2,333.0,16.1,13.0,12.4
2026-02-13 06:00:00,2026,2,13,6,Lào Cai,Xã Khao Mang,21.9078898,103.9748758,70,Moderate,1,10.8,97,0.0,3.2,117,864.4,98,23.9,24.0,371.0,16.1,10.0,12.8
2026-02-13 07:00:00,2026,2,13,7,Lào Cai,Xã Khao Mang,21.9078898,103.9748758,71,Moderate,1,10.7,97,0.0,3.5,125,865.2,100,27.9,28.0,390.0,12.8,26.0,11.2
2026-02-13 08:00:00,2026,2,13,8,Lào Cai,Xã Khao Mang,21.9078898,103.9748758,72,Moderate,1,13.7,95,0.0,1.6,117,867.3,29,28.0,28.2,370.0,10.6,42.0,9.8
2026-02-13 09:00:00,2026,2,13,9,Lào Cai,Xã Khao Mang,21.9078898,103.9748758,73,Moderate,1,16.6,84,0.0,3.6,279,869.5,60,28.7,28.9,331.0,7.6,63.0,7.9
2026-02-13 10:00:00,2026,2,13,10,Lào Cai,Xã Khao Mang,21.9078898,103.9748758,74,Moderate,1,17.2,81,0.0,5.6,270,870.1,44,27.8,28.1,301.0,5.1,82.0,6.3
2026-02-13 11:00:00,2026,2,13,11,Lào Cai,Xã Khao Mang,21.9078898,103.9748758,75,Moderate,1,18.5,73,0.0,7.8,255,869.8,36,27.2,27.5,293.0,3.5,94.0,5.4
2026-02-13 12:00:00,2026,2,13,12,Lào Cai,Xã Khao Mang,21.9078898,103.9748758,75,Moderate,1,19.6,67,0.1,9.4,258,868.9,27,26.1,26.4,294.0,2.4,104.0,4.7
2026-02-13 13:00:00,2026,2,13,13,Lào Cai,Xã Khao Mang,21.9078898,103.9748758,76,Moderate,1,19.9,63,0.1,8.2,260,868.6,25,25.2,25.6,294.0,1.6,111.0,4.3
2026-02-13 14:00:00,2026,2,13,14,Lào Cai,Xã Khao Mang,21.9078898,103.9748758,76,Moderate,1,19.9,62,0.1,7.7,252,867.6,13,25.2,25.6,282.0,0.8,117.0,3.9
2026-02-13 15:00:00,2026,2,13,15,Lào Cai,Xã Khao Mang,21.9078898,103.9748758,76,Moderate,1,20.3,58,0.0,7.4,252,866.9,20,23.2,23.6,270.0,0.3,120.0,3.8
2026-02-13 16:00:00,2026,2,13,16,Lào Cai,Xã Khao Mang,21.9078898,103.9748758,76,Moderate,1,19.9,61,0.0,7.6,265,866.6,13,21.9,22.3,276.0,1.4,118.0,4.1
2026-02-13 17:00:00,2026,2,13,17,Lào Cai,Xã Khao Mang,21.9078898,103.9748758,76,Moderate,1,18.7,67,0.0,6.0,249,866.1,9,21.8,22.2,321.0,5.3,107.0,5.3
2026-02-13 18:00:00,2026,2,13,18,Lào Cai,Xã Khao Mang,21.9078898,103.9748758,76,Moderate,1,16.6,79,0.0,0.6,236,865.8,7,24.4,24.7,385.0,10.7,90.0,7.0
2026-02-13 19:00:00,2026,2,13,19,Lào Cai,Xã Khao Mang,21.9078898,103.9748758,76,Moderate,1,15.0,89,0.0,3.2,128,865.2,5,25.6,25.8,429.0,14.9,74.0,7.8
2026-02-13 20:00:00,2026,2,13,20,Lào Cai,Xã Khao Mang,21.9078898,103.9748758,77,Moderate,1,14.2,90,0.0,4.2,126,865.3,36,26.6,26.8,434.0,15.0,67.0,8.7
2026-02-13 21:00:00,2026,2,13,21,Lào Cai,Xã Khao Mang,21.9078898,103.9748758,77,Moderate,1,13.5,92,0.0,3.4,122,865.5,59,26.8,27.0,419.0,15.0,58.0,9.9
2026-02-13 22:00:00,2026,2,13,22,Lào Cai,Xã Khao Mang,21.9078898,103.9748758,77,Moderate,1,13.1,92,0.0,3.1,121,865.7,70,27.1,27.3,399.0,14.9,49.0,10.7
2026-02-13 23:00:00,2026,2,13,23,Lào Cai,Xã Khao Mang,21.9078898,103.9748758,78,Moderate,1,13.1,92,0.0,3.1,121,866.0,69,27.8,27.9,378.0,14.4,43.0,10.6
2026-02-14 00:00:00,2026,2,14,0,Lào Cai,Xã Khao Mang,21.9078898,103.9748758,78,Moderate,1,13.1,92,0.0,3.0,123,866.1,20,27.3,27.4,351.0,13.6,37.0,10.1
2026-02-14 01:00:00,2026,2,14,1,Lào Cai,Xã Khao Mang,21.9078898,103.9748758,79,Moderate,1,13.2,89,0.0,2.6,124,865.9,2,26.4,26.5,328.0,12.9,33.0,9.6
2026-02-14 02:00:00,2026,2,14,2,Lào Cai,Xã Khao Mang,21.9078898,103.9748758,79,Moderate,1,13.0,89,0.0,2.7,113,865.3,3,24.9,25.0,305.0,12.3,30.0,9.3
2026-02-14 03:00:00,2026,2,14,3,Lào Cai,Xã Khao Mang,21.9078898,103.9748758,79,Moderate,1,12.7,89,0.0,2.6,115,865.0,1,22.6,22.8,285.0,11.7,28.0,9.1
2026-02-14 04:00:00,2026,2,14,4,Lào Cai,Xã Khao Mang,21.9078898,103.9748758,79,Moderate,1,12.5,88,0.0,2.6,115,865.1,6,19.8,20.0,280.0,11.4,26.0,8.9
2026-02-14 05:00:00,2026,2,14,5,Lào Cai,Xã Khao Mang,21.9078898,103.9748758,79,Moderate,1,12.4,87,0.0,2.9,120,864.9,12,16.9,17.1,305.0,11.7,22.0,8.8
2026-02-14 06:00:00,2026,2,14,6,Lào Cai,Xã Khao Mang,21.9078898,103.9748758,78,Moderate,1,12.2,87,0.0,3.0,115,865.2,14,14.3,14.4,346.0,12.2,19.0,8.7
2026-02-14 07:00:00,2026,2,14,7,Lào Cai,Xã Khao Mang,21.9078898,103.9748758,77,Moderate,1,11.6,91,0.0,2.6,124,865.5,27,8.0,8.0,369.0,10.1,31.0,9.8
2026-02-14 08:00:00,2026,2,14,8,Lào Cai,Xã Khao Mang,21.9078898,103.9748758,75,Moderate,1,15.1,85,0.0,2.7,110,867.7,14,7.6,7.6,357.0,8.3,45.0,9.9
2026-02-14 09:00:00,2026,2,14,9,Lào Cai,Xã Khao Mang,21.9078898,103.9748758,74,Moderate,1,18.0,74,0.0,2.7,312,869.4,3,9.0,9.1,327.0,5.7,65.0,10.0
2026-02-14 10:00:00,2026,2,14,10,Lào Cai,Xã Khao Mang,21.9078898,103.9748758,72,Moderate,1,19.3,69,0.0,6.1,289,869.8,9,12.2,12.3,299.0,3.6,83.0,9.6
2026-02-14 11:00:00,2026,2,14,11,Lào Cai,Xã Khao Mang,21.9078898,103.9748758,70,Moderate,1,20.3,65,0.1,8.5,272,869.9,18,13.6,13.8,281.0,2.3,97.0,8.1
2026-02-14 12:00:00,2026,2,14,12,Lào Cai,Xã Khao Mang,21.9078898,103.9748758,69,Moderate,1,21.0,60,0.1,9.9,265,869.1,30,13.7,13.9,265.0,1.5,109.0,6.1
2026-02-14 13:00:00,2026,2,14,13,Lào Cai,Xã Khao Mang,21.9078898,103.9748758,68,Moderate,1,21.4,57,0.0,9.1,263,868.4,23,13.7,13.9,252.0,1.0,117.0,4.4
2026-02-14 14:00:00,2026,2,14,14,Lào Cai,Xã Khao Mang,21.9078898,103.9748758,67,Moderate,1,21.1,58,0.0,9.2,263,867.4,14,12.9,13.1,236.0,0.4,121.0,3.4
2026-02-14 15:00:00,2026,2,14,15,Lào Cai,Xã Khao Mang,21.9078898,103.9748758,66,Moderate,1,21.3,55,0.0,9.1,263,866.6,11,12.3,12.6,224.0,0.0,120.0,2.9
2026-02-14 16:00:00,2026,2,14,16,Lào Cai,Xã Khao Mang,21.9078898,103.9748758,65,Moderate,1,20.9,57,0.0,8.1,265,866.1,11,11.4,11.6,233.0,1.0,116.0,2.8
2026-02-14 17:00:00,2026,2,14,17,Lào Cai,Xã Khao Mang,21.9078898,103.9748758,64,Moderate,1,20.0,62,0.0,5.6,270,866.0,6,11.6,11.9,284.0,4.5,106.0,3.4
2026-02-14 18:00:00,2026,2,14,18,Lào Cai,Xã Khao Mang,21.9078898,103.9748758,63,Moderate,1,17.5,74,0.0,0.2,90,865.1,2,14.5,14.8,357.0,9.4,91.0,4.4
2026-02-14 19:00:00,2026,2,14,19,Lào Cai,Xã Khao Mang,21.9078898,103.9748758,62,Moderate,1,15.9,79,0.0,3.0,123,864.7,12,22.4,22.7,410.0,12.6,82.0,5.3
2026-02-14 20:00:00,2026,2,14,20,Lào Cai,Xã Khao Mang,21.9078898,103.9748758,62,Moderate,1,15.4,81,0.0,3.1,121,864.9,5,24.9,25.3,425.0,12.4,78.0,5.7
2026-02-14 21:00:00,2026,2,14,21,Lào Cai,Xã Khao Mang,21.9078898,103.9748758,62,Moderate,1,14.3,85,0.0,2.7,118,864.7,0,26.7,27.1,419.0,12.2,73.0,6.2
2026-02-14 22:00:00,2026,2,14,22,Lào Cai,Xã Khao Mang,21.9078898,103.9748758,62,Moderate,1,13.6,87,0.0,3.2,117,864.7,0,29.6,30.0,402.0,12.1,68.0,6.3
2026-02-14 23:00:00,2026,2,14,23,Lào Cai,Xã Khao Mang,21.9078898,103.9748758,62,Moderate,1,13.5,86,0.0,3.2,117,864.8,27,32.6,32.9,370.0,12.3,63.0,5.6
2026-02-15 00:00:00,2026,2,15,0,Lào Cai,Xã Khao Mang,21.9078898,103.9748758,62,Moderate,1,12.6,89,0.0,3.0,115,864.4,66,35.7,36.3,328.0,12.7,59.0,4.6
2026-02-15 01:00:00,2026,2,15,1,Lào Cai,Xã Khao Mang,21.9078898,103.9748758,63,Moderate,1,12.9,88,0.0,2.3,119,864.7,32,36.8,37.3,292.0,12.5,56.0,3.7
2026-02-15 02:00:00,2026,2,15,2,Lào Cai,Xã Khao Mang,21.9078898,103.9748758,64,Moderate,1,12.7,88,0.0,2.5,120,864.3,39,37.3,37.8,267.0,11.3,55.0,3.1
2026-02-15 03:00:00,2026,2,15,3,Lào Cai,Xã Khao Mang,21.9078898,103.9748758,65,Moderate,1,12.3,89,0.0,2.1,121,863.9,15,37.7,38.3,249.0,9.6,55.0,2.7
2026-02-15 04:00:00,2026,2,15,4,Lào Cai,Xã Khao Mang,21.9078898,103.9748758,67,Moderate,1,12.3,89,0.0,1.9,119,863.8,15,37.6,38.2,247.0,8.4,55.0,2.5
2026-02-15 05:00:00,2026,2,15,5,Lào Cai,Xã Khao Mang,21.9078898,103.9748758,68,Moderate,1,12.4,88,0.0,2.1,121,863.9,4,37.4,38.0,277.0,8.2,52.0,2.5
2026-02-15 06:00:00,2026,2,15,6,Lào Cai,Xã Khao Mang,21.9078898,103.9748758,70,Moderate,1,11.9,89,0.0,2.3,122,864.0,83,36.7,37.3,322.0,8.5,48.0,2.6
2026-02-15 07:00:00,2026,2,15,7,Lào Cai,Xã Khao Mang,21.9078898,103.9748758,72,Moderate,1,11.8,90,0.0,1.8,127,865.0,5,27.5,27.8,349.0,9.8,38.0,2.6
2026-02-15 08:00:00,2026,2,15,8,Lào Cai,Xã Khao Mang,21.9078898,103.9748758,74,Moderate,1,15.7,83,0.0,1.9,124,867.4,1,25.1,25.4,335.0,7.7,56.0,3.1
2026-02-15 09:00:00,2026,2,15,9,Lào Cai,Xã Khao Mang,21.9078898,103.9748758,75,Moderate,1,18.3,73,0.0,3.5,285,869.1,1,21.7,22.1,302.0,4.9,81.0,3.8
2026-02-15 10:00:00,2026,2,15,10,Lào Cai,Xã Khao Mang,21.9078898,103.9748758,76,Moderate,1,19.7,68,0.0,7.8,265,869.7,14,19.3,19.7,277.0,2.6,102.0,4.1
2026-02-15 11:00:00,2026,2,15,11,Lào Cai,Xã Khao Mang,21.9078898,103.9748758,77,Moderate,1,20.3,67,0.2,9.9,258,869.6,34,18.0,18.5,273.0,1.6,114.0,3.7
2026-02-15 12:00:00,2026,2,15,12,Lào Cai,Xã Khao Mang,21.9078898,103.9748758,77,Moderate,1,20.8,64,0.3,8.6,258,868.6,28,16.2,16.6,276.0,1.1,123.0,3.0
2026-02-15 13:00:00,2026,2,15,13,Lào Cai,Xã Khao Mang,21.9078898,103.9748758,78,Moderate,1,21.6,57,0.1,10.1,259,868.0,30,14.7,15.0,279.0,0.9,128.0,2.5
2026-02-15 14:00:00,2026,2,15,14,Lào Cai,Xã Khao Mang,21.9078898,103.9748758,78,Moderate,1,20.9,61,0.2,9.4,266,867.0,23,13.0,13.2,271.0,0.4,132.0,2.3
2026-02-15 15:00:00,2026,2,15,15,Lào Cai,Xã Khao Mang,21.9078898,103.9748758,78,Moderate,1,20.9,61,0.1,7.2,274,866.3,20,11.4,11.6,261.0,0.1,133.0,2.2
2026-02-15 16:00:00,2026,2,15,16,Lào Cai,Xã Khao Mang,21.9078898,103.9748758,78,Moderate,1,20.5,64,0.0,3.8,289,865.9,25,10.7,10.9,272.0,1.1,130.0,2.5
2026-02-15 17:00:00,2026,2,15,17,Lào Cai,Xã Khao Mang,21.9078898,103.9748758,78,Moderate,1,19.8,66,0.0,1.5,159,865.6,20,10.9,11.1,325.0,4.4,119.0,3.3
2026-02-15 18:00:00,2026,2,15,18,Lào Cai,Xã Khao Mang,21.9078898,103.9748758,78,Moderate,1,17.3,78,0.0,1.5,120,864.7,5,14.1,14.2,399.0,8.8,103.0,4.3
2026-02-15 19:00:00,2026,2,15,19,Lào Cai,Xã Khao Mang,21.9078898,103.9748758,77,Moderate,1,16.0,87,0.0,4.4,128,864.3,5,23.9,24.1,443.0,14.0,87.0,5.5
2026-02-15 20:00:00,2026,2,15,20,Lào Cai,Xã Khao Mang,21.9078898,103.9748758,78,Moderate,1,15.1,90,0.0,4.9,126,864.2,18,26.0,26.3,431.0,14.3,82.0,6.0
2026-02-15 21:00:00,2026,2,15,21,Lào Cai,Xã Khao Mang,21.9078898,103.9748758,78,Moderate,1,14.4,89,0.0,3.5,125,864.3,15,27.4,27.6,390.0,14.6,76.0,6.7
2026-02-15 22:00:00,2026,2,15,22,Lào Cai,Xã Khao Mang,21.9078898,103.9748758,78,Moderate,1,14.4,86,0.0,3.1,126,864.4,27,29.9,30.2,355.0,14.6,70.0,6.9
2026-02-15 23:00:00,2026,2,15,23,Lào Cai,Xã Khao Mang,21.9078898,103.9748758,78,Moderate,1,13.9,86,0.0,2.9,120,864.2,86,32.7,33.1,338.0,13.9,67.0,6.3
2026-02-16 00:00:00,2026,2,16,0,Lào Cai,Xã Khao Mang,21.9078898,103.9748758,78,Moderate,1,13.9,84,0.0,3.6,117,864.3,90,35.3,35.6,327.0,12.8,64.0,5.3
2026-02-16 01:00:00,2026,2,16,1,Lào Cai,Xã Khao Mang,21.9078898,103.9748758,78,Moderate,1,13.6,84,0.0,3.2,117,864.3,34,37.0,37.5,314.0,11.6,63.0,4.4
2026-02-16 02:00:00,2026,2,16,2,Lào Cai,Xã Khao Mang,21.9078898,103.9748758,78,Moderate,1,13.4,83,0.0,3.1,114,864.0,2,37.8,38.3,292.0,10.1,63.0,3.9
2026-02-16 03:00:00,2026,2,16,3,Lào Cai,Xã Khao Mang,21.9078898,103.9748758,78,Moderate,1,12.7,84,0.0,3.2,117,863.5,0,38.5,39.0,268.0,8.6,64.0,3.6
2026-02-16 04:00:00,2026,2,16,4,Lào Cai,Xã Khao Mang,21.9078898,103.9748758,78,Moderate,1,12.4,84,0.0,3.4,115,863.5,0,38.0,38.3,262.0,7.6,63.0,3.6
2026-02-16 05:00:00,2026,2,16,5,Lào Cai,Xã Khao Mang,21.9078898,103.9748758,78,Moderate,1,12.0,86,0.0,3.3,119,863.6,1,36.1,36.4,293.0,7.9,58.0,3.8
2026-02-16 06:00:00,2026,2,16,6,Lào Cai,Xã Khao Mang,21.9078898,103.9748758,78,Moderate,1,11.8,87,0.0,3.7,119,863.8,1,34.1,34.5,342.0,8.8,52.0,4.2
2026-02-16 07:00:00,2026,2,16,7,Lào Cai,Xã Khao Mang,21.9078898,103.9748758,78,Moderate,1,12.5,84,0.0,2.2,125,865.3,1,36.7,37.1,369.0,8.4,44.0,4.5
2026-02-16 08:00:00,2026,2,16,8,Lào Cai,Xã Khao Mang,21.9078898,103.9748758,78,Moderate,1,16.5,75,0.0,2.4,117,867.7,1,34.9,35.3,350.0,6.9,59.0,5.5
2026-02-16 09:00:00,2026,2,16,9,Lào Cai,Xã Khao Mang,21.9078898,103.9748758,79,Moderate,1,19.5,61,0.0,1.8,315,869.5,2,32.1,32.6,308.0,4.7,79.0,6.9
2026-02-16 10:00:00,2026,2,16,10,Lào Cai,Xã Khao Mang,21.9078898,103.9748758,80,Moderate,1,21.1,56,0.0,6.3,283,870.2,17,28.4,28.8,276.0,3.0,97.0,7.5
2026-02-16 11:00:00,2026,2,16,11,Lào Cai,Xã Khao Mang,21.9078898,103.9748758,81,Moderate,1,22.0,52,0.0,8.3,275,870.1,69,23.7,24.2,265.0,2.0,110.0,6.6
2026-02-16 12:00:00,2026,2,16,12,Lào Cai,Xã Khao Mang,21.9078898,103.9748758,82,Moderate,1,22.9,48,0.0,9.5,271,869.6,75,19.6,19.8,264.0,1.4,119.0,5.0
2026-02-16 13:00:00,2026,2,16,13,Lào Cai,Xã Khao Mang,21.9078898,103.9748758,82,Moderate,1,23.3,44,0.0,10.3,272,868.8,63,13.7,13.9,263.0,1.0,126.0,3.7
2026-02-16 14:00:00,2026,2,16,14,Lào Cai,Xã Khao Mang,21.9078898,103.9748758,82,Moderate,1,23.2,42,0.0,9.7,270,867.7,33,11.9,12.0,253.0,0.5,129.0,3.0
2026-02-16 15:00:00,2026,2,16,15,Lào Cai,Xã Khao Mang,21.9078898,103.9748758,82,Moderate,1,22.9,44,0.0,9.2,274,867.1,53,11.2,11.4,244.0,0.2,129.0,2.6
2026-02-16 16:00:00,2026,2,16,16,Lào Cai,Xã Khao Mang,21.9078898,103.9748758,82,Moderate,1,22.6,45,0.0,7.4,276,866.9,85,11.2,11.4,259.0,1.3,125.0,2.6
2026-02-16 17:00:00,2026,2,16,17,Lào Cai,Xã Khao Mang,21.9078898,103.9748758,82,Moderate,1,21.8,51,0.0,3.2,297,866.4,76,11.6,11.8,322.0,4.9,114.0,3.3
2026-02-16 18:00:00,2026,2,16,18,Lào Cai,Xã Khao Mang,21.9078898,103.9748758,82,Moderate,1,18.9,61,0.0,1.3,90,865.3,64,16.4,16.5,408.0,9.9,99.0,4.4
2026-02-16 19:00:00,2026,2,16,19,Lào Cai,Xã Khao Mang,21.9078898,103.9748758,82,Moderate,1,17.4,66,0.0,3.1,126,865.0,30,20.9,21.2,465.0,12.6,89.0,5.2
2026-02-16 20:00:00,2026,2,16,20,Lào Cai,Xã Khao Mang,21.9078898,103.9748758,82,Moderate,1,16.4,67,0.0,4.1,119,865.0,49,24.2,24.5,465.0,12.6,85.0,5.7
2026-02-16 21:00:00,2026,2,16,21,Lào Cai,Xã Khao Mang,21.9078898,103.9748758,81,Moderate,1,15.2,71,0.0,3.5,114,865.0,73,27.2,27.6,435.0,12.5,80.0,6.3
2026-02-16 22:00:00,2026,2,16,22,Lào Cai,Xã Khao Mang,21.9078898,103.9748758,81,Moderate,1,14.6,73,0.0,3.1,111,865.0,34,30.3,30.7,404.0,12.3,76.0,6.7
2026-02-16 23:00:00,2026,2,16,23,Lào Cai,Xã Khao Mang,21.9078898,103.9748758,82,Moderate,1,14.5,73,0.0,3.2,109,865.4,2,33.9,34.3,379.0,12.0,74.0,6.5
2026-02-17 00:00:00,2026,2,17,0,Lào Cai,Xã Khao Mang,21.9078898,103.9748758,82,Moderate,1,14.2,74,0.0,3.4,108,865.6,6,36.2,36.7,352.0,11.6,72.0,6.0
2026-02-17 01:00:00,2026,2,17,1,Lào Cai,Xã Khao Mang,21.9078898,103.9748758,82,Moderate,1,14.4,76,0.0,4.2,108,865.8,11,39.1,39.6,328.0,10.9,70.0,5.6
2026-02-17 02:00:00,2026,2,17,2,Lào Cai,Xã Khao Mang,21.9078898,103.9748758,82,Moderate,1,14.0,77,0.0,4.2,102,865.3,11,41.4,42.0,302.0,9.7,68.0,5.3
2026-02-17 03:00:00,2026,2,17,3,Lào Cai,Xã Khao Mang,21.9078898,103.9748758,82,Moderate,1,13.7,77,0.0,4.5,106,865.0,3,42.1,42.6,280.0,8.2,65.0,5.1
2026-02-17 04:00:00,2026,2,17,4,Lào Cai,Xã Khao Mang,21.9078898,103.9748758,83,Moderate,1,13.4,78,0.0,5.0,109,864.8,37,40.9,41.3,276.0,7.2,62.0,5.2
2026-02-17 05:00:00,2026,2,17,5,Lào Cai,Xã Khao Mang,21.9078898,103.9748758,83,Moderate,1,13.2,79,0.0,5.5,107,864.8,57,38.1,38.5,311.0,7.0,58.0,5.2
2026-02-17 06:00:00,2026,2,17,6,Lào Cai,Xã Khao Mang,21.9078898,103.9748758,83,Moderate,1,13.2,80,0.0,5.6,107,865.7,53,33.2,33.4,365.0,7.1,53.0,5.5
2026-02-17 07:00:00,2026,2,17,7,Lào Cai,Xã Khao Mang,21.9078898,103.9748758,83,Moderate,1,13.3,88,0.0,7.4,103,866.8,69,23.5,23.7,397.0,7.8,49.0,6.0
2026-02-17 08:00:00,2026,2,17,8,Lào Cai,Xã Khao Mang,21.9078898,103.9748758,82,Moderate,1,16.2,85,0.0,6.6,81,869.0,26,16.5,16.6,384.0,7.1,56.0,11.4
2026-02-17 09:00:00,2026,2,17,9,Lào Cai,Xã Khao Mang,21.9078898,103.9748758,80,Moderate,1,18.6,74,0.0,4.7,40,870.6,1,13.2,13.3,350.0,6.1,65.0,18.7
2026-02-17 10:00:00,2026,2,17,10,Lào Cai,Xã Khao Mang,21.9078898,103.9748758,78,Moderate,1,20.4,65,0.1,4.2,353,871.4,21,12.4,12.6,324.0,5.1,75.0,23.1
2026-02-17 11:00:00,2026,2,17,11,Lào Cai,Xã Khao Mang,21.9078898,103.9748758,77,Moderate,1,21.3,60,0.2,5.8,306,871.4,32,12.9,13.2,321.0,4.1,84.0,22.1
2026-02-17 12:00:00,2026,2,17,12,Lào Cai,Xã Khao Mang,21.9078898,103.9748758,76,Moderate,1,21.1,60,0.3,6.5,300,870.6,38,14.3,14.7,327.0,3.2,93.0,18.2
2026-02-17 13:00:00,2026,2,17,13,Lào Cai,Xã Khao Mang,21.9078898,103.9748758,76,Moderate,1,22.2,53,0.4,6.8,281,870.2,23,15.9,16.2,325.0,2.5,100.0,14.7
2026-02-17 14:00:00,2026,2,17,14,Lào Cai,Xã Khao Mang,21.9078898,103.9748758,76,Moderate,1,22.1,51,0.0,6.1,294,868.9,31,16.9,17.2,303.0,2.0,106.0,12.6
2026-02-17 15:00:00,2026,2,17,15,Lào Cai,Xã Khao Mang,21.9078898,103.9748758,76,Moderate,1,21.9,50,0.0,6.2,303,868.3,31,17.2,17.6,273.0,1.8,110.0,10.9
2026-02-17 16:00:00,2026,2,17,16,Lào Cai,Xã Khao Mang,21.9078898,103.9748758,77,Moderate,1,21.2,54,0.1,5.6,339,868.2,21,17.7,18.0,262.0,2.2,109.0,9.9
2026-02-17 17:00:00,2026,2,17,17,Lào Cai,Xã Khao Mang,21.9078898,103.9748758,77,Moderate,1,19.6,67,0.0,6.1,2,868.0,11,18.3,18.7,288.0,3.8,100.0,9.9
2026-02-17 18:00:00,2026,2,17,18,Lào Cai,Xã Khao Mang,21.9078898,103.9748758,78,Moderate,1,16.6,85,0.0,3.0,38,867.5,14,18.8,19.1,333.0,6.0,87.0,10.7
2026-02-17 19:00:00,2026,2,17,19,Lào Cai,Xã Khao Mang,21.9078898,103.9748758,78,Moderate,1,15.7,92,0.0,5.2,90,867.2,9,32.8,33.3,362.0,7.7,82.0,10.0
2026-02-17 20:00:00,2026,2,17,20,Lào Cai,Xã Khao Mang,21.9078898,103.9748758,79,Moderate,1,15.0,93,0.0,6.8,90,867.6,9,33.5,34.0,357.0,7.7,78.0,10.7
2026-02-17 21:00:00,2026,2,17,21,Lào Cai,Xã Khao Mang,21.9078898,103.9748758,80,Moderate,1,14.5,92,0.0,7.4,89,868.2,14,32.7,33.1,336.0,7.7,73.0,11.7
2026-02-17 22:00:00,2026,2,17,22,Lào Cai,Xã Khao Mang,21.9078898,103.9748758,80,Moderate,1,14.1,92,0.0,7.2,94,868.2,1,29.9,30.2,323.0,7.6,68.0,12.4
2026-02-17 23:00:00,2026,2,17,23,Lào Cai,Xã Khao Mang,21.9078898,103.9748758,80,Moderate,1,13.8,94,0.0,6.2,98,868.2,10,27.5,27.8,330.0,7.5,62.0,12.4
2026-02-18 00:00:00,2026,2,18,0,Lào Cai,Xã Khao Mang,21.9078898,103.9748758,80,Moderate,1,14.0,93,0.0,6.9,99,868.4,49,25.4,25.6,345.0,7.5,57.0,12.0
2026-02-18 01:00:00,2026,2,18,1,Lào Cai,Xã Khao Mang,21.9078898,103.9748758,79,Moderate,1,14.3,97,0.0,5.2,90,868.7,68,23.9,24.0,359.0,7.3,52.0,11.8
2026-02-18 02:00:00,2026,2,18,2,Lào Cai,Xã Khao Mang,21.9078898,103.9748758,78,Moderate,1,14.4,95,0.0,4.7,88,868.7,53,23.5,23.7,366.0,6.9,50.0,11.9
2026-02-18 03:00:00,2026,2,18,3,Lào Cai,Xã Khao Mang,21.9078898,103.9748758,76,Moderate,1,14.3,95,0.0,3.4,87,868.7,61,23.2,23.3,373.0,6.4,49.0,12.1
2026-02-18 04:00:00,2026,2,18,4,Lào Cai,Xã Khao Mang,21.9078898,103.9748758,74,Moderate,1,14.0,96,0.0,3.8,95,868.5,50,23.0,23.1,384.0,6.1,48.0,12.2
2026-02-18 05:00:00,2026,2,18,5,Lào Cai,Xã Khao Mang,21.9078898,103.9748758,73,Moderate,1,13.6,96,0.0,4.7,94,868.3,45,21.6,21.8,410.0,6.2,45.0,12.1
2026-02-18 06:00:00,2026,2,18,6,Lào Cai,Xã Khao Mang,21.9078898,103.9748758,71,Moderate,1,13.1,96,0.0,4.9,92,868.7,53,21.2,21.3,442.0,6.5,41.0,11.9
2026-02-18 07:00:00,2026,2,18,7,Lào Cai,Xã Khao Mang,21.9078898,103.9748758,70,Moderate,1,13.5,93,0.0,5.1,94,869.9,53,19.4,19.6,457.0,7.1,40.0,13.2
2026-02-18 08:00:00,2026,2,18,8,Lào Cai,Xã Khao Mang,21.9078898,103.9748758,70,Moderate,1,14.8,86,0.0,3.4,74,870.8,13,19.9,20.0,440.0,7.0,42.0,14.9
2026-02-18 09:00:00,2026,2,18,9,Lào Cai,Xã Khao Mang,21.9078898,103.9748758,70,Moderate,1,16.6,76,0.0,2.2,346,872.2,98,18.5,18.7,407.0,6.7,44.0,17.2
2026-02-18 10:00:00,2026,2,18,10,Lào Cai,Xã Khao Mang,21.9078898,103.9748758,71,Moderate,1,17.4,73,0.0,4.8,335,872.9,100,15.9,16.0,386.0,6.3,49.0,18.4
2026-02-18 11:00:00,2026,2,18,11,Lào Cai,Xã Khao Mang,21.9078898,103.9748758,71,Moderate,1,17.8,73,0.2,5.0,339,872.6,92,15.1,15.2,390.0,5.5,58.0,17.6
2026-02-18 12:00:00,2026,2,18,12,Lào Cai,Xã Khao Mang,21.9078898,103.9748758,71,Moderate,1,18.5,73,0.3,4.4,328,872.0,52,16.4,16.5,406.0,4.5,70.0,15.6
2026-02-18 13:00:00,2026,2,18,13,Lào Cai,Xã Khao Mang,21.9078898,103.9748758,71,Moderate,1,18.7,78,0.4,3.3,279,871.3,39,18.1,18.3,423.0,3.8,80.0,13.6
2026-02-18 14:00:00,2026,2,18,14,Lào Cai,Xã Khao Mang,21.9078898,103.9748758,71,Moderate,1,19.6,71,0.5,3.6,327,870.6,35,19.7,19.9,435.0,3.4,87.0,11.6
2026-02-18 15:00:00,2026,2,18,15,Lào Cai,Xã Khao Mang,21.9078898,103.9748758,72,Moderate,1,19.5,70,0.3,6.0,351,869.7,30,21.0,21.2,447.0,3.3,93.0,9.6
2026-02-18 16:00:00,2026,2,18,16,Lào Cai,Xã Khao Mang,21.9078898,103.9748758,72,Moderate,1,18.6,72,0.1,7.6,4,869.1,48,24.4,24.7,465.0,3.8,94.0,8.4
2026-02-18 17:00:00,2026,2,18,17,Lào Cai,Xã Khao Mang,21.9078898,103.9748758,73,Moderate,1,16.9,79,0.0,5.8,14,868.8,52,24.8,25.0,498.0,5.2,88.0,8.7
2026-02-18 18:00:00,2026,2,18,18,Lào Cai,Xã Khao Mang,21.9078898,103.9748758,73,Moderate,1,15.1,88,0.0,4.0,36,868.4,59,26.0,26.2,536.0,7.2,78.0,9.9
2026-02-18 19:00:00,2026,2,18,19,Lào Cai,Xã Khao Mang,21.9078898,103.9748758,74,Moderate,1,14.2,96,0.0,5.7,72,868.1,17,37.3,37.6,557.0,9.7,68.0,11.5
2026-02-18 20:00:00,2026,2,18,20,Lào Cai,Xã Khao Mang,21.9078898,103.9748758,74,Moderate,1,13.6,96,0.0,6.8,78,868.4,44,37.8,38.1,544.0,10.0,62.0,12.0
2026-02-18 21:00:00,2026,2,18,21,Lào Cai,Xã Khao Mang,21.9078898,103.9748758,75,Moderate,1,13.0,98,0.0,5.5,71,868.9,56,35.9,36.1,514.0,10.3,53.0,12.7
2026-02-18 22:00:00,2026,2,18,22,Lào Cai,Xã Khao Mang,21.9078898,103.9748758,75,Moderate,1,12.7,98,0.0,5.1,80,869.0,39,28.3,28.5,490.0,10.6,46.0,13.3
2026-02-18 23:00:00,2026,2,18,23,Lào Cai,Xã Khao Mang,21.9078898,103.9748758,75,Moderate,1,12.5,98,0.0,5.4,84,869.0,70,22.5,22.6,487.0,10.6,42.0,13.6
2026-02-19 00:00:00,2026,2,19,0,Lào Cai,Xã Khao Mang,21.9078898,103.9748758,74,Moderate,1,11.9,99,0.0,5.6,94,868.9,91,19.0,19.0,490.0,10.5,39.0,13.8
2026-02-19 01:00:00,2026,2,19,1,Lào Cai,Xã Khao Mang,21.9078898,103.9748758,74,Moderate,1,12.6,99,0.0,4.2,78,869.4,100,16.6,16.7,481.0,10.4,36.0,14.1
2026-02-19 02:00:00,2026,2,19,2,Lào Cai,Xã Khao Mang,21.9078898,103.9748758,73,Moderate,1,12.7,97,0.0,4.8,79,869.4,100,14.8,14.9,445.0,10.3,34.0,14.4
2026-02-19 03:00:00,2026,2,19,3,Lào Cai,Xã Khao Mang,21.9078898,103.9748758,72,Moderate,1,12.3,97,0.0,4.1,88,869.1,100,13.3,13.3,397.0,10.1,32.0,14.8
2026-02-19 04:00:00,2026,2,19,4,Lào Cai,Xã Khao Mang,21.9078898,103.9748758,71,Moderate,1,12.2,96,0.0,3.6,90,868.9,9,11.9,12.0,361.0,10.0,30.0,15.2
2026-02-19 05:00:00,2026,2,19,5,Lào Cai,Xã Khao Mang,21.9078898,103.9748758,71,Moderate,1,11.5,98,0.0,3.3,96,868.7,20,11.0,11.1,350.0,10.1,28.0,15.7
2026-02-19 06:00:00,2026,2,19,6,Lào Cai,Xã Khao Mang,21.9078898,103.9748758,70,Moderate,1,11.0,98,0.0,5.0,103,869.1,59,10.5,10.5,350.0,10.2,27.0,16.2
2026-02-19 07:00:00,2026,2,19,7,Lào Cai,Xã Khao Mang,21.9078898,103.9748758,69,Moderate,1,11.4,94,0.0,5.2,110,870.2,29,9.6,9.6,347.0,12.0,22.0,15.3
2026-02-19 08:00:00,2026,2,19,8,Lào Cai,Xã Khao Mang,21.9078898,103.9748758,68,Moderate,1,13.7,81,0.0,4.5,74,871.6,52,7.5,7.5,325.0,11.1,30.0,16.8
2026-02-19 09:00:00,2026,2,19,9,Lào Cai,Xã Khao Mang,21.9078898,103.9748758,67,Moderate,1,15.6,72,0.0,3.9,16,872.9,90,8.5,8.5,299.0,9.8,40.0,18.7
2026-02-19 10:00:00,2026,2,19,10,Lào Cai,Xã Khao Mang,21.9078898,103.9748758,66,Moderate,1,17.6,63,0.0,3.6,357,873.6,100,10.5,10.6,297.0,8.6,51.0,19.5
2026-02-19 11:00:00,2026,2,19,11,Lào Cai,Xã Khao Mang,21.9078898,103.9748758,65,Moderate,1,18.4,63,0.0,5.9,329,873.5,100,12.3,12.4,342.0,7.5,61.0,18.1
2026-02-19 12:00:00,2026,2,19,12,Lào Cai,Xã Khao Mang,21.9078898,103.9748758,65,Moderate,1,18.2,66,0.0,7.7,321,872.8,95,14.8,14.9,410.0,6.4,72.0,15.5
2026-02-19 13:00:00,2026,2,19,13,Lào Cai,Xã Khao Mang,21.9078898,103.9748758,65,Moderate,1,17.7,70,0.0,7.5,291,872.0,100,17.3,17.5,465.0,5.7,80.0,13.4
2026-02-19 14:00:00,2026,2,19,14,Lào Cai,Xã Khao Mang,21.9078898,103.9748758,65,Moderate,1,17.5,72,0.0,6.8,307,871.4,100,20.0,20.1,487.0,5.3,86.0,12.4
2026-02-19 15:00:00,2026,2,19,15,Lào Cai,Xã Khao Mang,21.9078898,103.9748758,65,Moderate,1,17.8,72,0.0,4.5,331,870.8,100,21.8,21.9,494.0,5.3,89.0,11.9
2026-02-19 16:00:00,2026,2,19,16,Lào Cai,Xã Khao Mang,21.9078898,103.9748758,65,Moderate,1,18.6,68,0.0,3.9,326,870.5,70,23.6,23.7,504.0,5.5,90.0,11.6
2026-02-19 17:00:00,2026,2,19,17,Lào Cai,Xã Khao Mang,21.9078898,103.9748758,65,Moderate,1,17.1,74,0.0,6.7,357,870.1,77,25.6,25.8,527.0,6.1,86.0,11.5
2026-02-19 18:00:00,2026,2,19,18,Lào Cai,Xã Khao Mang,21.9078898,103.9748758,65,Moderate,1,15.0,84,0.0,5.6,25,870.0,79,26.4,26.5,553.0,7.0,80.0,11.6
2026-02-19 19:00:00,2026,2,19,19,Lào Cai,Xã Khao Mang,21.9078898,103.9748758,65,Moderate,1,15.0,90,0.0,5.7,72,869.9,49,37.6,37.7,566.0,7.8,78.0,12.7
2026-02-19 20:00:00,2026,2,19,20,Lào Cai,Xã Khao Mang,21.9078898,103.9748758,65,Moderate,1,14.1,92,0.0,5.8,68,870.4,86,37.1,37.4,557.0,7.7,73.0,12.7
2026-02-19 21:00:00,2026,2,19,21,Lào Cai,Xã Khao Mang,21.9078898,103.9748758,65,Moderate,1,13.4,95,0.0,6.7,70,870.5,63,34.0,34.2,535.0,7.6,67.0,12.7
2026-02-19 22:00:00,2026,2,19,22,Lào Cai,Xã Khao Mang,21.9078898,103.9748758,65,Moderate,1,13.2,94,0.0,6.9,70,870.9,86,29.0,29.2,516.0,7.3,62.0,12.6
2026-02-19 23:00:00,2026,2,19,23,Lào Cai,Xã Khao Mang,21.9078898,103.9748758,65,Moderate,1,12.6,95,0.0,7.1,69,870.9,96,25.7,25.8,504.0,6.8,60.0,12.3
2026-02-20 00:00:00,2026,2,20,0,Lào Cai,Xã Khao Mang,21.9078898,103.9748758,65,Moderate,1,12.4,95,0.0,7.6,75,871.2,96,22.2,22.3,494.0,6.2,60.0,11.8
2026-02-20 01:00:00,2026,2,20,1,Lào Cai,Xã Khao Mang,21.9078898,103.9748758,65,Moderate,1,12.3,93,0.0,6.5,58,871.4,100,19.7,19.8,485.0,5.6,61.0,11.4
2026-02-20 02:00:00,2026,2,20,2,Lào Cai,Xã Khao Mang,21.9078898,103.9748758,66,Moderate,1,12.4,90,0.0,5.6,63,870.9,100,18.3,18.3,473.0,5.0,62.0,11.1
2026-02-20 03:00:00,2026,2,20,3,Lào Cai,Xã Khao Mang,21.9078898,103.9748758,66,Moderate,1,12.6,88,0.1,4.1,45,870.7,100,15.6,15.7,462.0,4.5,64.0,10.7
2026-02-20 04:00:00,2026,2,20,4,Lào Cai,Xã Khao Mang,21.9078898,103.9748758,66,Moderate,1,12.5,89,0.1,4.2,50,870.5,100,14.0,14.1,462.0,4.1,65.0,10.5
2026-02-20 05:00:00,2026,2,20,5,Lào Cai,Xã Khao Mang,21.9078898,103.9748758,66,Moderate,1,12.6,89,0.0,3.3,45,870.1,100,13.7,13.8,486.0,4.0,64.0,10.3
2026-02-20 06:00:00,2026,2,20,6,Lào Cai,Xã Khao Mang,21.9078898,103.9748758,67,Moderate,1,12.5,90,0.1,2.0,27,870.4,100,11.5,11.6,521.0,4.0,63.0,10.2
2026-02-20 07:00:00,2026,2,20,7,Lào Cai,Xã Khao Mang,21.9078898,103.9748758,67,Moderate,1,12.6,99,0.0,1.5,353,870.7,100,14.7,14.7,539.0,5.5,55.0,10.4
2026-02-20 08:00:00,2026,2,20,8,Lào Cai,Xã Khao Mang,21.9078898,103.9748758,67,Moderate,1,13.0,94,0.0,1.8,349,871.4,100,11.9,12.0,525.0,5.1,58.0,10.6
2026-02-20 09:00:00,2026,2,20,9,Lào Cai,Xã Khao Mang,21.9078898,103.9748758,68,Moderate,1,13.6,91,0.0,2.1,20,872.1,100,9.9,10.0,493.0,4.5,63.0,10.7
2026-02-20 10:00:00,2026,2,20,10,Lào Cai,Xã Khao Mang,21.9078898,103.9748758,68,Moderate,1,14.8,84,0.0,3.0,322,872.6,100,9.5,9.5,460.0,3.9,69.0,10.4
2026-02-20 11:00:00,2026,2,20,11,Lào Cai,Xã Khao Mang,21.9078898,103.9748758,68,Moderate,1,15.7,80,0.1,5.4,285,872.3,100,9.8,9.9,429.0,3.2,77.0,9.1
2026-02-20 12:00:00,2026,2,20,12,Lào Cai,Xã Khao Mang,21.9078898,103.9748758,67,Moderate,1,16.1,80,0.1,6.4,260,871.4,100,11.9,11.9,396.0,2.6,85.0,7.3
2026-02-20 13:00:00,2026,2,20,13,Lào Cai,Xã Khao Mang,21.9078898,103.9748758,67,Moderate,1,17.0,76,0.1,7.7,273,870.9,100,15.0,15.1,373.0,2.1,92.0,5.8
2026-02-20 14:00:00,2026,2,20,14,Lào Cai,Xã Khao Mang,21.9078898,103.9748758,67,Moderate,1,17.2,74,0.0,9.5,268,869.7,94,18.3,18.4,359.0,1.7,96.0,4.8
2026-02-20 15:00:00,2026,2,20,15,Lào Cai,Xã Khao Mang,21.9078898,103.9748758,67,Moderate,1,17.5,73,0.0,10.3,266,868.6,98,19.8,20.0,354.0,1.5,99.0,4.1
2026-02-20 16:00:00,2026,2,20,16,Lào Cai,Xã Khao Mang,21.9078898,103.9748758,67,Moderate,1,17.1,74,0.0,7.4,267,867.8,39,21.4,21.5,367.0,2.3,98.0,3.7
2026-02-20 17:00:00,2026,2,20,17,Lào Cai,Xã Khao Mang,21.9078898,103.9748758,66,Moderate,1,16.8,76,0.0,4.9,270,867.3,9,21.3,21.4,417.0,4.9,92.0,3.6
2026-02-20 18:00:00,2026,2,20,18,Lào Cai,Xã Khao Mang,21.9078898,103.9748758,66,Moderate,1,14.6,88,0.0,0.8,297,866.2,4,22.0,22.1,485.0,8.4,83.0,3.8
2026-02-20 19:00:00,2026,2,20,19,Lào Cai,Xã Khao Mang,21.9078898,103.9748758,66,Moderate,1,14.0,94,0.0,2.2,95,866.2,21,33.3,33.4,529.0,12.3,64.0,5.1
2026-02-20 20:00:00,2026,2,20,20,Lào Cai,Xã Khao Mang,21.9078898,103.9748758,65,Moderate,1,13.0,95,0.0,3.1,121,865.7,26,35.4,35.6,527.0,14.1,60.0,5.8
2026-02-20 21:00:00,2026,2,20,21,Lào Cai,Xã Khao Mang,21.9078898,103.9748758,65,Moderate,1,12.2,95,0.0,2.3,129,865.6,54,36.4,36.6,501.0,16.6,55.0,6.7
2026-02-20 22:00:00,2026,2,20,22,Lào Cai,Xã Khao Mang,21.9078898,103.9748758,65,Moderate,1,11.8,95,0.0,2.8,125,865.4,65,36.6,36.7,473.0,18.1,51.0,7.1
2026-02-20 23:00:00,2026,2,20,23,Lào Cai,Xã Khao Mang,21.9078898,103.9748758,66,Moderate,1,11.5,96,0.0,2.3,129,864.9,66,36.2,36.3,449.0,17.9,50.0,6.5
2026-02-21 00:00:00,2026,2,21,0,Lào Cai,Xã Khao Mang,21.9078898,103.9748758,67,Moderate,1,11.6,95,0.0,1.7,131,865.2,64,36.2,36.3,422.0,16.7,51.0,5.3
2026-02-21 01:00:00,2026,2,21,1,Lào Cai,Xã Khao Mang,21.9078898,103.9748758,68,Moderate,1,11.3,98,0.0,2.4,132,865.1,68,35.3,35.5,400.0,15.3,53.0,4.3
2026-02-21 02:00:00,2026,2,21,2,Lào Cai,Xã Khao Mang,21.9078898,103.9748758,70,Moderate,1,11.2,98,0.0,2.4,126,864.2,65,33.9,34.0,381.0,13.6,55.0,3.5
2026-02-21 03:00:00,2026,2,21,3,Lào Cai,Xã Khao Mang,21.9078898,103.9748758,71,Moderate,1,11.3,100,0.0,2.7,127,863.6,96,32.6,32.7,366.0,11.6,57.0,2.9
2026-02-21 04:00:00,2026,2,21,4,Lào Cai,Xã Khao Mang,21.9078898,103.9748758,72,Moderate,1,11.2,99,0.0,2.8,130,862.9,79,31.4,31.5,364.0,10.1,59.0,2.5
2026-02-21 05:00:00,2026,2,21,5,Lào Cai,Xã Khao Mang,21.9078898,103.9748758,74,Moderate,1,11.4,98,0.0,2.3,129,863.0,73,30.5,30.6,391.0,9.9,59.0,2.6
2026-02-21 06:00:00,2026,2,21,6,Lào Cai,Xã Khao Mang,21.9078898,103.9748758,75,Moderate,1,11.7,95,0.0,1.9,124,862.9,49,29.5,29.6,431.0,10.2,59.0,3.1
2026-02-21 07:00:00,2026,2,21,7,Lào Cai,Xã Khao Mang,21.9078898,103.9748758,77,Moderate,1,12.9,93,0.0,2.1,121,863.9,13,31.0,31.1,450.0,10.0,54.0,1.6
2026-02-21 08:00:00,2026,2,21,8,Lào Cai,Xã Khao Mang,21.9078898,103.9748758,78,Moderate,1,15.6,89,0.0,1.6,117,865.6,20,27.8,27.9,427.0,7.5,70.0,2.6
2026-02-21 09:00:00,2026,2,21,9,Lào Cai,Xã Khao Mang,21.9078898,103.9748758,80,Moderate,1,17.5,82,0.0,4.0,252,866.6,6,25.3,25.4,384.0,4.0,93.0,3.9
2026-02-21 10:00:00,2026,2,21,10,Lào Cai,Xã Khao Mang,21.9078898,103.9748758,81,Moderate,1,18.7,75,0.0,6.1,265,867.3,29,21.8,22.0,349.0,1.4,110.0,4.7
2026-02-21 11:00:00,2026,2,21,11,Lào Cai,Xã Khao Mang,21.9078898,103.9748758,82,Moderate,1,19.7,69,0.1,8.5,274,866.8,31,19.3,19.7,335.0,0.5,118.0,4.6
2026-02-21 12:00:00,2026,2,21,12,Lào Cai,Xã Khao Mang,21.9078898,103.9748758,83,Moderate,1,20.5,65,0.2,8.9,276,865.8,20,17.9,18.4,330.0,0.6,121.0,4.0
2026-02-21 13:00:00,2026,2,21,13,Lào Cai,Xã Khao Mang,21.9078898,103.9748758,84,Moderate,1,20.7,62,0.0,8.5,277,864.7,30,16.6,17.2,327.0,0.7,122.0,3.5
2026-02-21 14:00:00,2026,2,21,14,Lào Cai,Xã Khao Mang,21.9078898,103.9748758,84,Moderate,1,21.7,56,0.0,8.8,281,864.0,36,15.5,16.1,320.0,0.5,123.0,3.1
2026-02-21 15:00:00,2026,2,21,15,Lào Cai,Xã Khao Mang,21.9078898,103.9748758,84,Moderate,1,21.3,59,0.0,8.3,292,863.2,37,14.7,15.4,316.0,0.3,122.0,2.7
2026-02-21 16:00:00,2026,2,21,16,Lào Cai,Xã Khao Mang,21.9078898,103.9748758,83,Moderate,1,20.5,65,0.0,5.4,290,862.6,21,14.1,14.8,325.0,1.0,118.0,2.6
2026-02-21 17:00:00,2026,2,21,17,Lào Cai,Xã Khao Mang,21.9078898,103.9748758,82,Moderate,1,20.2,67,0.0,3.8,281,862.2,23,13.9,14.6,364.0,3.1,110.0,2.9
2026-02-21 18:00:00,2026,2,21,18,Lào Cai,Xã Khao Mang,21.9078898,103.9748758,82,Moderate,1,18.1,78,0.0,0.6,162,861.2,11,14.9,15.4,417.0,6.1,99.0,3.4
2026-02-21 19:00:00,2026,2,21,19,Lào Cai,Xã Khao Mang,21.9078898,103.9748758,81,Moderate,1,17.2,78,0.0,2.7,127,861.0,5,14.6,15.2,445.0,8.8,88.0,3.6
2026-02-21 20:00:00,2026,2,21,20,Lào Cai,Xã Khao Mang,21.9078898,103.9748758,80,Moderate,1,16.6,74,0.0,3.7,137,861.1,1,16.1,16.6,427.0,9.6,84.0,4.0
2026-02-21 21:00:00,2026,2,21,21,Lào Cai,Xã Khao Mang,21.9078898,103.9748758,78,Moderate,1,16.0,73,0.0,3.1,144,861.5,0,17.1,17.6,385.0,10.7,78.0,4.6
2026-02-21 22:00:00,2026,2,21,22,Lào Cai,Xã Khao Mang,21.9078898,103.9748758,76,Moderate,1,16.0,72,0.0,3.0,142,861.9,0,17.9,18.4,347.0,11.6,73.0,5.0
2026-02-21 23:00:00,2026,2,21,23,Lào Cai,Xã Khao Mang,21.9078898,103.9748758,74,Moderate,1,15.7,73,0.0,3.4,137,862.0,0,18.2,18.7,324.0,12.1,69.0,5.0
2026-02-22 00:00:00,2026,2,22,0,Lào Cai,Xã Khao Mang,21.9078898,103.9748758,73,Moderate,1,15.6,73,0.0,3.4,133,861.8,0,18.1,18.6,305.0,12.5,65.0,4.8
2026-02-22 01:00:00,2026,2,22,1,Lào Cai,Xã Khao Mang,21.9078898,103.9748758,71,Moderate,1,15.6,73,0.0,3.0,147,861.8,2,17.9,18.4,290.0,12.6,62.0,4.6
2026-02-22 02:00:00,2026,2,22,2,Lào Cai,Xã Khao Mang,21.9078898,103.9748758,70,Moderate,1,16.2,69,0.0,2.1,160,861.7,74,17.5,18.0,275.0,12.3,60.0,4.3
2026-02-22 03:00:00,2026,2,22,3,Lào Cai,Xã Khao Mang,21.9078898,103.9748758,68,Moderate,1,16.6,68,0.0,1.6,153,861.9,98,17.0,17.5,264.0,11.7,59.0,4.0
2026-02-22 04:00:00,2026,2,22,4,Lào Cai,Xã Khao Mang,21.9078898,103.9748758,67,Moderate,1,16.7,68,0.0,1.5,144,861.9,23,16.6,17.2,268.0,11.6,58.0,3.9
2026-02-22 05:00:00,2026,2,22,5,Lào Cai,Xã Khao Mang,21.9078898,103.9748758,66,Moderate,1,15.5,71,0.0,1.9,139,861.3,7,16.5,17.0,302.0,12.8,56.0,4.1
2026-02-22 06:00:00,2026,2,22,6,Lào Cai,Xã Khao Mang,21.9078898,103.9748758,64,Moderate,1,14.6,73,0.0,2.4,138,861.1,5,17.2,17.7,352.0,14.3,53.0,4.6
2026-02-22 07:00:00,2026,2,22,7,Lào Cai,Xã Khao Mang,21.9078898,103.9748758,63,Moderate,1,15.0,78,0.0,2.4,138,862.2,63,25.1,25.6,381.0,14.2,54.0,5.5
2026-02-22 08:00:00,2026,2,22,8,Lào Cai,Xã Khao Mang,21.9078898,103.9748758,63,Moderate,1,18.3,70,0.0,3.1,159,864.2,27,26.2,26.5,369.0,10.9,68.0,5.5
2026-02-22 09:00:00,2026,2,22,9,Lào Cai,Xã Khao Mang,21.9078898,103.9748758,63,Moderate,1,20.4,62,0.0,4.2,252,865.6,52,29.5,29.9,337.0,6.2,87.0,5.4
2026-02-22 10:00:00,2026,2,22,10,Lào Cai,Xã Khao Mang,21.9078898,103.9748758,63,Moderate,1,22.1,56,0.0,8.4,261,866.6,36,28.1,28.6,310.0,2.7,103.0,5.2
2026-02-22 11:00:00,2026,2,22,11,Lào Cai,Xã Khao Mang,21.9078898,103.9748758,64,Moderate,1,22.7,52,0.0,9.0,269,866.4,100,26.5,27.1,300.0,1.4,114.0,4.9
2026-02-22 12:00:00,2026,2,22,12,Lào Cai,Xã Khao Mang,21.9078898,103.9748758,64,Moderate,1,22.6,54,0.0,9.7,268,865.6,12,25.8,26.3,296.0,1.1,122.0,4.5
2026-02-22 13:00:00,2026,2,22,13,Lào Cai,Xã Khao Mang,21.9078898,103.9748758,65,Moderate,1,24.0,44,0.0,12.6,260,865.1,19,24.3,24.9,291.0,1.1,127.0,4.1
2026-02-22 14:00:00,2026,2,22,14,Lào Cai,Xã Khao Mang,21.9078898,103.9748758,66,Moderate,1,23.9,42,0.0,11.9,265,864.1,16,22.2,22.8,277.0,0.7,130.0,3.6
2026-02-22 15:00:00,2026,2,22,15,Lào Cai,Xã Khao Mang,21.9078898,103.9748758,66,Moderate,1,23.7,42,0.0,9.5,272,863.3,31,20.4,21.0,262.0,0.4,130.0,3.1
2026-02-22 16:00:00,2026,2,22,16,Lào Cai,Xã Khao Mang,21.9078898,103.9748758,67,Moderate,1,22.2,53,0.2,9.4,283,862.4,18,20.0,20.5,269.0,1.2,125.0,3.0
2026-02-22 17:00:00,2026,2,22,17,Lào Cai,Xã Khao Mang,21.9078898,103.9748758,67,Moderate,1,21.4,61,0.0,3.5,285,862.5,28,20.5,21.0,320.0,4.1,112.0,3.6
2026-02-22 18:00:00,2026,2,22,18,Lào Cai,Xã Khao Mang,21.9078898,103.9748758,71,Moderate,1,18.8,72,0.0,1.9,131,861.7,59,22.9,23.3,391.0,8.0,95.0,4.5
2026-02-22 19:00:00,2026,2,22,19,Lào Cai,Xã Khao Mang,21.9078898,103.9748758,70,Moderate,1,16.6,85,0.0,4.5,124,860.3,20,26.8,27.2,438.0,10.4,64.0,4.7
2026-02-22 20:00:00,2026,2,22,20,Lào Cai,Xã Khao Mang,21.9078898,103.9748758,70,Moderate,1,15.4,84,0.0,6.0,85,861.4,49,26.4,26.8,435.0,9.8,62.0,4.8
2026-02-22 21:00:00,2026,2,22,21,Lào Cai,Xã Khao Mang,21.9078898,103.9748758,70,Moderate,1,14.6,89,0.0,3.9,53,863.1,97,25.5,25.8,406.0,8.9,58.0,4.9
2026-02-22 22:00:00,2026,2,22,22,Lào Cai,Xã Khao Mang,21.9078898,103.9748758,71,Moderate,1,14.8,88,0.1,5.5,107,863.0,50,24.3,24.6,380.0,8.4,54.0,4.8
2026-02-22 23:00:00,2026,2,22,23,Lào Cai,Xã Khao Mang,21.9078898,103.9748758,72,Moderate,1,13.9,90,0.0,4.8,121,862.0,10,24.2,24.4,366.0,8.8,47.0,4.4
2026-02-23 00:00:00,2026,2,23,0,Lào Cai,Xã Khao Mang,21.9078898,103.9748758,72,Moderate,1,13.7,89,0.0,2.1,128,861.7,5,24.5,24.7,353.0,9.5,40.0,3.9
2026-02-23 01:00:00,2026,2,23,1,Lào Cai,Xã Khao Mang,21.9078898,103.9748758,73,Moderate,1,13.5,95,0.0,3.3,41,863.0,70,24.2,24.4,339.0,9.8,35.0,3.6
2026-02-23 02:00:00,2026,2,23,2,Lào Cai,Xã Khao Mang,21.9078898,103.9748758,73,Moderate,1,13.5,94,0.0,2.1,340,862.1,85,23.1,23.3,316.0,9.2,35.0,3.6
2026-02-23 03:00:00,2026,2,23,3,Lào Cai,Xã Khao Mang,21.9078898,103.9748758,74,Moderate,1,13.0,98,1.5,5.8,120,861.7,73,21.2,21.4,290.0,8.2,37.0,3.8
2026-02-23 04:00:00,2026,2,23,4,Lào Cai,Xã Khao Mang,21.9078898,103.9748758,74,Moderate,1,12.8,96,1.4,6.4,122,861.1,49,17.4,17.5,279.0,7.5,39.0,3.9
2026-02-23 05:00:00,2026,2,23,5,Lào Cai,Xã Khao Mang,21.9078898,103.9748758,74,Moderate,1,12.8,93,0.0,2.5,120,861.2,67,13.1,13.2,297.0,7.7,38.0,4.0
2026-02-23 06:00:00,2026,2,23,6,Lào Cai,Xã Khao Mang,21.9078898,103.9748758,74,Moderate,1,12.7,91,0.1,1.0,149,862.2,97,11.4,11.5,330.0,8.3,37.0,4.0
2026-02-23 07:00:00,2026,2,23,7,Lào Cai,Xã Khao Mang,21.9078898,103.9748758,74,Moderate,1,13.2,91,0.0,2.6,146,863.5,76,9.5,9.6,348.0,5.4,61.0,2.8
2026-02-23 08:00:00,2026,2,23,8,Lào Cai,Xã Khao Mang,21.9078898,103.9748758,72,Moderate,1,13.3,94,1.1,8.3,96,863.8,100,7.1,7.2,335.0,4.4,72.0,2.8
2026-02-23 09:00:00,2026,2,23,9,Lào Cai,Xã Khao Mang,21.9078898,103.9748758,70,Moderate,1,14.9,91,0.1,3.7,157,865.3,91,10.1,10.2,308.0,3.0,88.0,2.8
2026-02-23 10:00:00,2026,2,23,10,Lào Cai,Xã Khao Mang,21.9078898,103.9748758,69,Moderate,1,17.9,73,0.1,1.0,239,866.8,95,15.1,15.4,288.0,1.9,100.0,2.7
2026-02-23 11:00:00,2026,2,23,11,Lào Cai,Xã Khao Mang,21.9078898,103.9748758,68,Moderate,1,18.5,74,0.7,3.9,233,866.2,71,15.8,16.1,287.0,1.3,104.0,2.6
2026-02-23 12:00:00,2026,2,23,12,Lào Cai,Xã Khao Mang,21.9078898,103.9748758,67,Moderate,1,20.3,66,0.0,9.8,262,865.9,77,14.6,14.9,293.0,0.9,105.0,2.4
2026-02-23 13:00:00,2026,2,23,13,Lào Cai,Xã Khao Mang,21.9078898,103.9748758,66,Moderate,1,19.0,70,0.0,7.9,274,865.0,28,12.7,13.0,298.0,0.7,105.0,2.2
2026-02-23 14:00:00,2026,2,23,14,Lào Cai,Xã Khao Mang,21.9078898,103.9748758,65,Moderate,1,20.0,70,0.1,6.9,277,864.2,35,12.0,12.3,295.0,0.3,107.0,2.0
2026-02-23 15:00:00,2026,2,23,15,Lào Cai,Xã Khao Mang,21.9078898,103.9748758,64,Moderate,1,20.7,66,0.1,8.8,271,863.5,32,11.8,12.0,291.0,0.1,109.0,1.9
2026-02-23 16:00:00,2026,2,23,16,Lào Cai,Xã Khao Mang,21.9078898,103.9748758,63,Moderate,1,20.3,65,0.0,7.9,269,863.1,100,11.9,12.2,297.0,1.0,107.0,2.0
2026-02-23 17:00:00,2026,2,23,17,Lào Cai,Xã Khao Mang,21.9078898,103.9748758,62,Moderate,1,19.3,70,0.0,6.3,267,862.8,57,12.7,13.0,324.0,4.2,99.0,2.6
2026-02-23 18:00:00,2026,2,23,18,Lào Cai,Xã Khao Mang,21.9078898,103.9748758,62,Moderate,1,17.0,84,0.0,2.9,248,862.4,46,14.1,14.4,361.0,8.5,87.0,3.4
2026-02-23 19:00:00,2026,2,23,19,Lào Cai,Xã Khao Mang,21.9078898,103.9748758,61,Moderate,1,16.6,84,0.0,1.0,135,862.4,48,23.3,23.7,389.0,13.5,74.0,4.8
2026-02-23 20:00:00,2026,2,23,20,Lào Cai,Xã Khao Mang,21.9078898,103.9748758,60,Moderate,1,15.7,87,0.0,1.8,143,862.8,87,23.5,23.9,400.0,14.3,68.0,5.1
2026-02-23 21:00:00,2026,2,23,21,Lào Cai,Xã Khao Mang,21.9078898,103.9748758,60,Moderate,1,15.9,86,0.0,1.7,122,863.5,100,23.9,24.3,401.0,15.5,60.0,5.5
2026-02-23 22:00:00,2026,2,23,22,Lào Cai,Xã Khao Mang,21.9078898,103.9748758,60,Moderate,1,15.9,86,0.0,1.2,117,864.0,68,25.8,26.2,394.0,16.7,52.0,5.6
2026-02-23 23:00:00,2026,2,23,23,Lào Cai,Xã Khao Mang,21.9078898,103.9748758,60,Moderate,1,15.3,87,0.0,1.5,120,863.7,96,26.9,27.2,376.0,17.9,46.0,5.2
2026-02-24 00:00:00,2026,2,24,0,Lào Cai,Xã Khao Mang,21.9078898,103.9748758,60,Moderate,1,15.2,87,0.0,2.1,128,863.5,64,28.8,29.2,349.0,19.1,41.0,4.4
2026-02-24 01:00:00,2026,2,24,1,Lào Cai,Xã Khao Mang,21.9078898,103.9748758,61,Moderate,1,15.3,90,0.0,1.5,126,863.2,93,30.9,31.2,326.0,19.8,36.0,3.7
2026-02-24 02:00:00,2026,2,24,2,Lào Cai,Xã Khao Mang,21.9078898,103.9748758,61,Moderate,1,14.6,89,0.0,1.3,124,862.6,42,31.3,31.7,307.0,19.5,30.0,3.0
2026-02-24 03:00:00,2026,2,24,3,Lào Cai,Xã Khao Mang,21.9078898,103.9748758,62,Moderate,1,14.0,89,0.0,1.4,130,862.1,23,31.2,31.5,291.0,18.6,24.0,2.3
2026-02-24 04:00:00,2026,2,24,4,Lào Cai,Xã Khao Mang,21.9078898,103.9748758,63,Moderate,1,13.8,89,0.0,1.5,135,862.1,27,30.6,30.9,290.0,17.9,20.0,1.9
2026-02-24 05:00:00,2026,2,24,5,Lào Cai,Xã Khao Mang,21.9078898,103.9748758,64,Moderate,1,14.0,88,0.0,1.4,130,862.7,100,30.3,30.5,319.0,18.0,16.0,1.7
2026-02-24 06:00:00,2026,2,24,6,Lào Cai,Xã Khao Mang,21.9078898,103.9748758,66,Moderate,1,14.7,88,0.0,1.2,117,863.6,100,30.5,30.7,363.0,18.2,14.0,1.8
2026-02-24 07:00:00,2026,2,24,7,Lào Cai,Xã Khao Mang,21.9078898,103.9748758,67,Moderate,1,15.3,84,0.0,1.8,143,864.7,100,18.7,18.9,390.0,16.3,19.0,1.8
2026-02-24 08:00:00,2026,2,24,8,Lào Cai,Xã Khao Mang,21.9078898,103.9748758,68,Moderate,1,16.6,83,0.0,0.6,124,865.7,100,18.2,18.4,385.0,12.5,42.0,3.4
2026-02-24 09:00:00,2026,2,24,9,Lào Cai,Xã Khao Mang,21.9078898,103.9748758,69,Moderate,1,17.8,78,0.0,0.5,270,867.0,98,16.4,16.5,363.0,7.2,73.0,5.5
2026-02-24 10:00:00,2026,2,24,10,Lào Cai,Xã Khao Mang,21.9078898,103.9748758,70,Moderate,1,19.7,69,0.0,3.0,284,868.1,23,15.4,15.7,342.0,3.1,98.0,7.0
2026-02-24 11:00:00,2026,2,24,11,Lào Cai,Xã Khao Mang,21.9078898,103.9748758,70,Moderate,1,22.2,58,0.0,9.1,279,868.5,96,15.5,15.8,324.0,1.5,111.0,7.1
2026-02-24 12:00:00,2026,2,24,12,Lào Cai,Xã Khao Mang,21.9078898,103.9748758,70,Moderate,1,22.6,55,0.0,10.0,277,867.8,38,16.2,16.5,306.0,1.1,118.0,6.5
2026-02-24 13:00:00,2026,2,24,13,Lào Cai,Xã Khao Mang,21.9078898,103.9748758,70,Moderate,1,22.1,56,0.0,7.4,269,867.1,76,16.9,17.4,294.0,1.0,122.0,5.9
2026-02-24 14:00:00,2026,2,24,14,Lào Cai,Xã Khao Mang,21.9078898,103.9748758,70,Moderate,1,22.1,56,0.1,10.4,261,866.3,100,17.4,17.9,286.0,0.4,127.0,5.2
2026-02-24 15:00:00,2026,2,24,15,Lào Cai,Xã Khao Mang,21.9078898,103.9748758,71,Moderate,1,20.2,65,0.0,5.9,259,865.4,100,17.6,18.1,285.0,0.1,129.0,4.5
2026-02-24 16:00:00,2026,2,24,16,Lào Cai,Xã Khao Mang,21.9078898,103.9748758,71,Moderate,1,20.3,65,0.0,3.5,261,865.1,100,18.0,18.5,303.0,1.2,126.0,4.3
2026-02-24 17:00:00,2026,2,24,17,Lào Cai,Xã Khao Mang,21.9078898,103.9748758,72,Moderate,1,20.4,65,0.0,4.5,268,865.1,100,19.2,19.7,359.0,5.0,113.0,5.0
2026-02-24 18:00:00,2026,2,24,18,Lào Cai,Xã Khao Mang,21.9078898,103.9748758,72,Moderate,1,18.9,77,0.0,0.6,236,864.7,100,21.6,21.9,435.0,10.3,95.0,6.1
2026-02-24 19:00:00,2026,2,24,19,Lào Cai,Xã Khao Mang,21.9078898,103.9748758,73,Moderate,1,17.7,87,0.0,1.5,144,864.6,100,35.5,36.3,492.0,15.5,80.0,7.8
2026-02-24 20:00:00,2026,2,24,20,Lào Cai,Xã Khao Mang,21.9078898,103.9748758,74,Moderate,1,17.0,86,0.0,2.3,129,865.0,100,37.0,37.7,512.0,15.9,72.0,7.7
2026-02-24 21:00:00,2026,2,24,21,Lào Cai,Xã Khao Mang,21.9078898,103.9748758,75,Moderate,1,17.3,82,0.0,2.4,138,865.9,100,37.0,37.6,513.0,16.5,61.0,7.6
2026-02-24 22:00:00,2026,2,24,22,Lào Cai,Xã Khao Mang,21.9078898,103.9748758,76,Moderate,1,17.5,80,0.0,1.2,141,866.9,100,36.7,37.1,506.0,16.7,51.0,7.3
2026-02-24 23:00:00,2026,2,24,23,Lào Cai,Xã Khao Mang,21.9078898,103.9748758,77,Moderate,1,17.4,82,0.4,0.2,180,866.7,100,36.0,36.4,497.0,16.2,44.0,6.6
2026-02-25 00:00:00,2026,2,25,0,Lào Cai,Xã Khao Mang,21.9078898,103.9748758,78,Moderate,1,16.8,87,0.3,2.6,129,866.2,100,33.4,33.9,480.0,15.2,38.0,5.8
2026-02-25 01:00:00,2026,2,25,1,Lào Cai,Xã Khao Mang,21.9078898,103.9748758,79,Moderate,1,16.7,87,0.7,1.0,149,865.9,100,31.4,31.8,455.0,14.2,34.0,5.1
2026-02-25 02:00:00,2026,2,25,2,Lào Cai,Xã Khao Mang,21.9078898,103.9748758,79,Moderate,1,16.2,89,0.2,2.3,198,865.7,100,30.6,31.1,412.0,13.0,33.0,4.7
2026-02-25 03:00:00,2026,2,25,3,Lào Cai,Xã Khao Mang,21.9078898,103.9748758,79,Moderate,1,16.0,90,0.0,1.0,202,865.6,100,17.6,17.9,360.0,11.7,35.0,4.5
2026-02-25 04:00:00,2026,2,25,4,Lào Cai,Xã Khao Mang,21.9078898,103.9748758,77,Moderate,1,15.5,93,0.3,1.7,198,865.7,100,16.6,16.9,327.0,10.9,36.0,4.4
2026-02-25 05:00:00,2026,2,25,5,Lào Cai,Xã Khao Mang,21.9078898,103.9748758,76,Moderate,1,15.2,92,0.6,1.3,164,865.8,100,21.8,22.2,332.0,11.1,34.0,4.5
2026-02-25 06:00:00,2026,2,25,6,Lào Cai,Xã Khao Mang,21.9078898,103.9748758,75,Moderate,1,15.0,91,0.2,1.0,149,866.0,100,15.9,16.2,355.0,11.7,32.0,4.6
2026-02-25 07:00:00,2026,2,25,7,Lào Cai,Xã Khao Mang,21.9078898,103.9748758,74,Moderate,1,14.8,91,0.0,2.3,122,866.2,100,17.8,18.2,364.0,12.2,33.0,4.7
2026-02-25 08:00:00,2026,2,25,8,Lào Cai,Xã Khao Mang,21.9078898,103.9748758,74,Moderate,1,14.9,95,0.8,1.9,107,866.7,100,22.5,23.0,342.0,10.3,44.0,4.6
2026-02-25 09:00:00,2026,2,25,9,Lào Cai,Xã Khao Mang,21.9078898,103.9748758,74,Moderate,1,15.5,93,0.2,2.0,135,867.2,100,31.4,32.0,306.0,7.7,60.0,4.4
2026-02-25 10:00:00,2026,2,25,10,Lào Cai,Xã Khao Mang,21.9078898,103.9748758,76,Moderate,1,16.7,85,0.0,2.6,245,868.0,100,33.9,34.6,278.0,5.4,75.0,4.1
2026-02-25 11:00:00,2026,2,25,11,Lào Cai,Xã Khao Mang,21.9078898,103.9748758,77,Moderate,1,16.6,87,0.2,2.0,280,867.6,100,29.1,29.8,264.0,3.8,87.0,3.4
2026-02-25 12:00:00,2026,2,25,12,Lào Cai,Xã Khao Mang,21.9078898,103.9748758,79,Moderate,1,17.7,79,0.0,3.6,276,867.1,99,25.3,25.9,258.0,2.6,97.0,2.5
2026-02-25 13:00:00,2026,2,25,13,Lào Cai,Xã Khao Mang,21.9078898,103.9748758,79,Moderate,1,17.4,72,0.0,2.2,294,866.9,100,23.6,24.2,256.0,1.8,103.0,1.9
2026-02-25 14:00:00,2026,2,25,14,Lào Cai,Xã Khao Mang,21.9078898,103.9748758,80,Moderate,1,17.7,69,0.0,4.3,294,865.7,34,24.6,25.3,255.0,1.0,105.0,1.6
2026-02-25 15:00:00,2026,2,25,15,Lào Cai,Xã Khao Mang,21.9078898,103.9748758,81,Moderate,1,18.8,64,0.0,7.4,296,865.2,17,22.6,23.1,259.0,0.7,103.0,1.5
2026-02-25 16:00:00,2026,2,25,16,Lào Cai,Xã Khao Mang,21.9078898,103.9748758,81,Moderate,1,18.2,67,0.0,6.6,303,865.0,93,21.7,22.1,273.0,1.5,99.0,1.7
2026-02-25 17:00:00,2026,2,25,17,Lào Cai,Xã Khao Mang,21.9078898,103.9748758,81,Moderate,1,16.8,76,0.0,4.4,333,864.6,91,20.5,21.0,305.0,4.5,91.0,2.3
2026-02-25 18:00:00,2026,2,25,18,Lào Cai,Xã Khao Mang,21.9078898,103.9748758,82,Moderate,1,15.4,85,0.0,1.4,67,864.3,93,20.7,21.1,348.0,8.8,81.0,3.2
2026-02-25 19:00:00,2026,2,25,19,Lào Cai,Xã Khao Mang,21.9078898,103.9748758,81,Moderate,1,15.0,86,0.0,3.3,99,865.0,100,15.4,15.7,380.0,11.7,68.0,3.6
2026-02-25 20:00:00,2026,2,25,20,Lào Cai,Xã Khao Mang,21.9078898,103.9748758,80,Moderate,1,15.0,83,0.0,6.1,120,865.0,100,17.1,17.3,395.0,14.3,62.0,4.6
2026-02-25 21:00:00,2026,2,25,21,Lào Cai,Xã Khao Mang,21.9078898,103.9748758,78,Moderate,1,15.2,80,0.0,2.7,127,864.8,100,18.2,18.5,399.0,17.8,55.0,5.8
2026-02-25 22:00:00,2026,2,25,22,Lào Cai,Xã Khao Mang,21.9078898,103.9748758,76,Moderate,1,15.1,81,0.0,0.8,135,865.3,100,19.2,19.4,397.0,20.1,47.0,6.5
2026-02-25 23:00:00,2026,2,25,23,Lào Cai,Xã Khao Mang,21.9078898,103.9748758,75,Moderate,1,15.2,80,0.0,0.4,153,865.3,100,19.5,19.7,387.0,20.4,40.0,6.0
2026-02-26 00:00:00,2026,2,26,0,Lào Cai,Xã Khao Mang,21.9078898,103.9748758,73,Moderate,1,14.8,81,0.0,1.5,291,865.3,100,18.8,19.0,370.0,19.6,33.0,4.9
2026-02-26 01:00:00,2026,2,26,1,Lào Cai,Xã Khao Mang,21.9078898,103.9748758,72,Moderate,1,13.1,89,0.4,1.5,126,864.8,100,17.2,17.4,350.0,18.0,29.0,3.9
2026-02-26 02:00:00,2026,2,26,2,Lào Cai,Xã Khao Mang,21.9078898,103.9748758,71,Moderate,1,12.7,98,0.7,4.2,108,863.7,100,15.8,16.0,319.0,15.3,31.0,3.2
2026-02-26 03:00:00,2026,2,26,3,Lào Cai,Xã Khao Mang,21.9078898,103.9748758,69,Moderate,1,13.0,99,0.6,1.3,106,863.6,100,15.3,15.5,284.0,11.9,36.0,2.6
2026-02-26 04:00:00,2026,2,26,4,Lào Cai,Xã Khao Mang,21.9078898,103.9748758,69,Moderate,1,13.1,97,1.1,1.9,41,863.7,100,14.7,14.9,270.0,9.3,41.0,2.2
2026-02-26 05:00:00,2026,2,26,5,Lào Cai,Xã Khao Mang,21.9078898,103.9748758,69,Moderate,1,12.8,97,0.6,2.8,101,863.5,100,14.0,14.2,299.0,8.5,42.0,2.0
2026-02-26 06:00:00,2026,2,26,6,Lào Cai,Xã Khao Mang,21.9078898,103.9748758,68,Moderate,1,12.9,97,0.1,0.9,101,863.4,100,13.4,13.6,349.0,8.6,43.0,1.9
2026-02-26 07:00:00,2026,2,26,7,Lào Cai,Xã Khao Mang,21.9078898,103.9748758,68,Moderate,1,13.2,95,0.0,2.0,207,864.6,100,17.0,17.4,378.0,8.0,43.0,1.4
2026-02-26 08:00:00,2026,2,26,8,Lào Cai,Xã Khao Mang,21.9078898,103.9748758,68,Moderate,1,13.1,98,0.7,0.7,346,864.9,100,14.3,15.0,367.0,6.4,57.0,1.3
2026-02-26 09:00:00,2026,2,26,9,Lào Cai,Xã Khao Mang,21.9078898,103.9748758,67,Moderate,1,13.3,96,0.3,1.5,97,865.2,100,13.3,13.9,336.0,4.2,76.0,1.2
2026-02-26 10:00:00,2026,2,26,10,Lào Cai,Xã Khao Mang,21.9078898,103.9748758,66,Moderate,1,14.0,92,0.0,0.2,270,865.6,100,13.1,13.8,302.0,2.4,91.0,1.1
2026-02-26 11:00:00,2026,2,26,11,Lào Cai,Xã Khao Mang,21.9078898,103.9748758,64,Moderate,1,16.0,74,0.0,2.2,279,866.0,80,14.1,14.8,265.0,1.4,96.0,1.0
2026-02-26 12:00:00,2026,2,26,12,Lào Cai,Xã Khao Mang,21.9078898,103.9748758,63,Moderate,1,18.6,58,0.0,5.9,282,865.3,21,14.7,15.4,224.0,0.9,97.0,0.9
2026-02-26 13:00:00,2026,2,26,13,Lào Cai,Xã Khao Mang,21.9078898,103.9748758,62,Moderate,1,18.7,58,0.0,9.4,287,864.7,49,14.2,14.9,195.0,0.6,97.0,0.9
2026-02-26 14:00:00,2026,2,26,14,Lào Cai,Xã Khao Mang,21.9078898,103.9748758,61,Moderate,1,19.2,58,0.0,10.6,279,863.3,41,13.7,14.3,183.0,0.2,98.0,0.8
2026-02-26 15:00:00,2026,2,26,15,Lào Cai,Xã Khao Mang,21.9078898,103.9748758,60,Moderate,1,19.1,59,0.0,8.8,272,862.4,33,12.5,13.0,182.0,0.1,98.0,0.8
2026-02-26 16:00:00,2026,2,26,16,Lào Cai,Xã Khao Mang,21.9078898,103.9748758,59,Moderate,1,19.0,61,0.0,8.4,260,861.7,29,11.8,12.3,197.0,0.8,95.0,0.9
2026-02-26 17:00:00,2026,2,26,17,Lào Cai,Xã Khao Mang,21.9078898,103.9748758,58,Moderate,1,18.3,64,0.0,8.0,264,861.2,40,11.4,11.7,238.0,3.1,88.0,1.4
2026-02-26 18:00:00,2026,2,26,18,Lào Cai,Xã Khao Mang,21.9078898,103.9748758,57,Moderate,1,15.9,78,0.0,3.0,284,860.5,76,13.0,13.3,294.0,6.3,78.0,2.0
2026-02-26 19:00:00,2026,2,26,19,Lào Cai,Xã Khao Mang,21.9078898,103.9748758,57,Moderate,1,15.2,82,0.0,1.0,149,860.4,57,14.8,15.2,335.0,10.0,72.0,3.1
2026-02-26 20:00:00,2026,2,26,20,Lào Cai,Xã Khao Mang,21.9078898,103.9748758,56,Moderate,1,15.2,81,0.0,1.0,149,861.0,63,16.1,16.5,349.0,11.3,68.0,3.6
2026-02-26 21:00:00,2026,2,26,21,Lào Cai,Xã Khao Mang,21.9078898,103.9748758,56,Moderate,1,14.6,83,0.0,1.5,126,861.1,59,16.8,17.2,348.0,13.2,62.0,4.4
2026-02-26 22:00:00,2026,2,26,22,Lào Cai,Xã Khao Mang,21.9078898,103.9748758,56,Moderate,1,13.8,84,0.0,1.7,122,861.3,21,17.3,17.6,336.0,14.6,57.0,4.9
2026-02-26 23:00:00,2026,2,26,23,Lào Cai,Xã Khao Mang,21.9078898,103.9748758,56,Moderate,1,13.4,85,0.0,1.7,122,861.2,17,17.5,17.9,308.0,15.3,54.0,5.0
2026-02-27 00:00:00,2026,2,27,0,Lào Cai,Xã Khao Mang,21.9078898,103.9748758,56,Moderate,1,13.1,85,0.0,2.1,128,861.2,33,17.4,17.8,269.0,15.5,51.0,4.9
2026-02-27 01:00:00,2026,2,27,1,Lào Cai,Xã Khao Mang,21.9078898,103.9748758,56,Moderate,1,13.0,87,0.0,2.0,135,861.1,29,17.0,17.3,241.0,15.2,50.0,4.6
2026-02-27 02:00:00,2026,2,27,2,Lào Cai,Xã Khao Mang,21.9078898,103.9748758,56,Moderate,1,13.0,86,0.0,1.0,149,860.9,38,16.5,16.9,229.0,14.0,50.0,4.2
2026-02-27 03:00:00,2026,2,27,3,Lào Cai,Xã Khao Mang,21.9078898,103.9748758,56,Moderate,1,12.3,91,0.0,0.8,135,860.8,53,15.8,16.1,227.0,12.2,51.0,3.6
2026-02-27 04:00:00,2026,2,27,4,Lào Cai,Xã Khao Mang,21.9078898,103.9748758,56,Moderate,1,12.6,91,0.0,3.5,125,860.5,53,15.0,15.3,239.0,10.9,52.0,3.3
2026-02-27 05:00:00,2026,2,27,5,Lào Cai,Xã Khao Mang,21.9078898,103.9748758,56,Moderate,1,11.6,91,0.0,2.4,126,860.4,30,14.4,14.8,279.0,10.8,53.0,3.4
2026-02-27 06:00:00,2026,2,27,6,Lào Cai,Xã Khao Mang,21.9078898,103.9748758,56,Moderate,1,11.5,92,0.0,1.2,117,860.7,45,14.3,14.6,334.0,11.2,54.0,3.8
2026-02-27 07:00:00,2026,2,27,7,Lào Cai,Xã Khao Mang,21.9078898,103.9748758,56,Moderate,1,12.1,89,0.0,3.7,125,861.4,74,3.7,3.7,364.0,10.8,60.0,3.9
2026-02-27 08:00:00,2026,2,27,8,Lào Cai,Xã Khao Mang,21.9078898,103.9748758,55,Moderate,1,14.7,83,0.0,3.6,117,863.0,30,4.0,4.1,346.0,7.9,70.0,4.0
2026-02-27 09:00:00,2026,2,27,9,Lào Cai,Xã Khao Mang,21.9078898,103.9748758,54,Moderate,1,16.7,76,0.0,3.4,276,864.0,13,3.9,4.0,304.0,4.0,85.0,4.0
2026-02-27 10:00:00,2026,2,27,10,Lào Cai,Xã Khao Mang,21.9078898,103.9748758,53,Moderate,1,17.8,73,0.0,4.5,272,865.0,14,3.5,3.6,269.0,1.1,97.0,3.9
2026-02-27 11:00:00,2026,2,27,11,Lào Cai,Xã Khao Mang,21.9078898,103.9748758,52,Moderate,1,19.5,65,0.0,9.0,271,864.6,15,5.1,5.2,254.0,0.2,105.0,3.4
2026-02-27 12:00:00,2026,2,27,12,Lào Cai,Xã Khao Mang,21.9078898,103.9748758,51,Moderate,1,20.1,63,0.1,10.5,276,864.1,25,6.2,6.3,247.0,0.4,110.0,2.7
2026-02-27 13:00:00,2026,2,27,13,Lào Cai,Xã Khao Mang,21.9078898,103.9748758,51,Moderate,1,20.2,61,0.1,10.6,271,863.3,31,7.6,7.8,243.0,0.6,114.0,2.2
2026-02-27 14:00:00,2026,2,27,14,Lào Cai,Xã Khao Mang,21.9078898,103.9748758,50,Good,0,20.4,59,0.1,10.6,273,861.9,23,8.0,8.2,236.0,0.3,116.0,1.9
2026-02-27 15:00:00,2026,2,27,15,Lào Cai,Xã Khao Mang,21.9078898,103.9748758,49,Good,0,20.7,56,0.1,12.6,272,860.9,21,7.9,8.1,231.0,0.1,117.0,1.8
2026-02-27 16:00:00,2026,2,27,16,Lào Cai,Xã Khao Mang,21.9078898,103.9748758,48,Good,0,20.4,58,0.0,9.2,269,860.5,14,7.7,8.0,240.0,0.9,114.0,1.9
2026-02-27 17:00:00,2026,2,27,17,Lào Cai,Xã Khao Mang,21.9078898,103.9748758,50,Good,0,19.7,62,0.0,7.9,267,860.3,12,8.0,8.2,278.0,3.4,105.0,2.4
2026-02-27 18:00:00,2026,2,27,18,Lào Cai,Xã Khao Mang,21.9078898,103.9748758,53,Moderate,1,17.7,74,0.0,1.9,253,859.8,4,9.5,9.7,330.0,6.8,93.0,3.1
2026-02-27 19:00:00,2026,2,27,19,Lào Cai,Xã Khao Mang,21.9078898,103.9748758,52,Moderate,1,16.0,85,0.0,2.5,120,859.1,11,18.6,18.9,363.0,10.0,85.0,3.8
2026-02-27 20:00:00,2026,2,27,20,Lào Cai,Xã Khao Mang,21.9078898,103.9748758,50,Good,0,15.2,87,0.0,3.5,125,859.1,4,19.6,19.9,361.0,11.1,81.0,4.3
2026-02-27 21:00:00,2026,2,27,21,Lào Cai,Xã Khao Mang,21.9078898,103.9748758,48,Good,0,14.5,87,0.0,2.7,127,859.4,1,20.2,20.5,340.0,12.6,74.0,4.9
2026-02-27 22:00:00,2026,2,27,22,Lào Cai,Xã Khao Mang,21.9078898,103.9748758,48,Good,0,14.6,82,0.0,2.3,135,859.8,0,20.6,20.9,318.0,13.7,69.0,5.4
2026-02-27 23:00:00,2026,2,27,23,Lào Cai,Xã Khao Mang,21.9078898,103.9748758,49,Good,0,14.6,81,0.0,2.1,128,859.8,5,20.8,21.1,300.0,14.2,66.0,5.5
2026-02-28 00:00:00,2026,2,28,0,Lào Cai,Xã Khao Mang,21.9078898,103.9748758,50,Good,0,14.7,79,0.0,1.9,124,859.8,4,20.7,21.0,282.0,14.3,64.0,5.3
2026-02-28 01:00:00,2026,2,28,1,Lào Cai,Xã Khao Mang,21.9078898,103.9748758,50,Good,0,14.7,78,0.0,2.3,151,859.8,8,20.4,20.7,265.0,14.3,62.0,5.1
2026-02-28 02:00:00,2026,2,28,2,Lào Cai,Xã Khao Mang,21.9078898,103.9748758,50,Good,0,14.6,77,0.0,2.1,142,859.6,20,20.0,20.4,246.0,14.1,59.0,4.8
2026-02-28 03:00:00,2026,2,28,3,Lào Cai,Xã Khao Mang,21.9078898,103.9748758,51,Moderate,1,14.5,77,0.0,0.6,214,859.2,18,19.8,20.1,229.0,13.9,56.0,4.5
2026-02-28 04:00:00,2026,2,28,4,Lào Cai,Xã Khao Mang,21.9078898,103.9748758,51,Moderate,1,13.5,82,0.0,3.1,130,858.5,5,19.7,20.0,224.0,13.7,53.0,4.2
2026-02-28 05:00:00,2026,2,28,5,Lào Cai,Xã Khao Mang,21.9078898,103.9748758,51,Moderate,1,13.3,82,0.0,2.1,121,858.5,27,19.4,19.7,243.0,14.3,48.0,4.1
2026-02-28 06:00:00,2026,2,28,6,Lào Cai,Xã Khao Mang,21.9078898,103.9748758,52,Moderate,1,13.6,81,0.0,1.7,131,859.1,16,19.2,19.6,274.0,15.0,44.0,4.0
2026-02-28 07:00:00,2026,2,28,7,Lào Cai,Xã Khao Mang,21.9078898,103.9748758,52,Moderate,1,14.3,83,0.0,1.5,150,860.4,40,21.4,21.9,294.0,9.0,47.0,1.3
2026-02-28 08:00:00,2026,2,28,8,Lào Cai,Xã Khao Mang,21.9078898,103.9748758,54,Moderate,1,14.8,94,0.0,1.3,124,861.4,35,14.3,14.6,291.0,6.7,61.0,1.6
2026-02-28 09:00:00,2026,2,28,9,Lào Cai,Xã Khao Mang,21.9078898,103.9748758,55,Moderate,1,16.5,85,0.0,4.1,272,862.9,45,17.1,17.6,277.0,3.6,80.0,2.1
2026-02-28 10:00:00,2026,2,28,10,Lào Cai,Xã Khao Mang,21.9078898,103.9748758,56,Moderate,1,18.2,76,0.2,6.4,254,863.7,49,15.9,16.5,264.0,1.3,96.0,2.7
2026-02-28 11:00:00,2026,2,28,11,Lào Cai,Xã Khao Mang,21.9078898,103.9748758,57,Moderate,1,19.4,71,0.0,9.2,267,863.9,21,14.5,15.0,256.0,0.5,104.0,3.5
2026-02-28 12:00:00,2026,2,28,12,Lào Cai,Xã Khao Mang,21.9078898,103.9748758,58,Moderate,1,20.4,67,0.0,9.7,258,863.2,16,13.4,13.8,248.0,0.6,109.0,4.3
2026-02-28 13:00:00,2026,2,28,13,Lào Cai,Xã Khao Mang,21.9078898,103.9748758,59,Moderate,1,21.3,62,0.3,11.7,255,862.5,23,12.3,12.7,242.0,0.7,112.0,4.9
2026-02-28 14:00:00,2026,2,28,14,Lào Cai,Xã Khao Mang,21.9078898,103.9748758,59,Moderate,1,20.2,68,0.6,13.7,257,861.0,36,11.4,11.7,235.0,0.4,116.0,4.9
2026-02-28 15:00:00,2026,2,28,15,Lào Cai,Xã Khao Mang,21.9078898,103.9748758,59,Moderate,1,20.9,60,0.2,13.2,259,860.7,32,10.4,10.7,229.0,0.2,118.0,4.6
2026-02-28 16:00:00,2026,2,28,16,Lào Cai,Xã Khao Mang,21.9078898,103.9748758,59,Moderate,1,20.1,65,0.1,10.1,260,860.3,23,9.7,10.0,233.0,1.0,117.0,4.5
2026-02-28 17:00:00,2026,2,28,17,Lào Cai,Xã Khao Mang,21.9078898,103.9748758,60,Moderate,1,19.7,68,0.0,4.8,233,860.1,6,9.5,9.8,260.0,3.5,109.0,4.8
2026-02-28 18:00:00,2026,2,28,18,Lào Cai,Xã Khao Mang,21.9078898,103.9748758,60,Moderate,1,17.8,78,0.0,2.6,168,859.4,0,10.7,10.9,297.0,6.9,97.0,5.3
2026-02-28 19:00:00,2026,2,28,19,Lào Cai,Xã Khao Mang,21.9078898,103.9748758,60,Moderate,1,17.1,77,0.0,4.1,151,859.2,1,22.9,23.6,316.0,10.0,89.0,5.8
2026-02-28 20:00:00,2026,2,28,20,Lào Cai,Xã Khao Mang,21.9078898,103.9748758,60,Moderate,1,16.9,77,0.0,4.8,165,859.4,8,23.7,24.3,297.0,10.6,85.0,6.1
2026-02-28 21:00:00,2026,2,28,21,Lào Cai,Xã Khao Mang,21.9078898,103.9748758,61,Moderate,1,17.6,72,0.0,4.6,206,860.0,2,23.3,23.9,260.0,11.3,79.0,6.4
2026-02-28 22:00:00,2026,2,28,22,Lào Cai,Xã Khao Mang,21.9078898,103.9748758,61,Moderate,1,17.2,71,0.0,5.1,222,860.1,5,22.9,23.5,230.0,11.9,74.0,6.6
2026-02-28 23:00:00,2026,2,28,23,Lào Cai,Xã Khao Mang,21.9078898,103.9748758,61,Moderate,1,16.7,73,0.0,5.6,225,860.2,2,22.4,22.9,217.0,12.1,70.0,6.5
2026-03-01 00:00:00,2026,3,1,0,Lào Cai,Xã Khao Mang,21.9078898,103.9748758,61,Moderate,1,16.5,73,0.0,5.6,220,859.9,62,21.4,21.9,211.0,12.2,67.0,6.3
2026-03-01 01:00:00,2026,3,1,1,Lào Cai,Xã Khao Mang,21.9078898,103.9748758,61,Moderate,1,16.2,73,0.0,4.5,214,859.8,35,20.4,20.9,208.0,12.0,65.0,6.0
2026-03-01 02:00:00,2026,3,1,2,Lào Cai,Xã Khao Mang,21.9078898,103.9748758,61,Moderate,1,15.9,73,0.0,4.6,219,859.4,66,19.4,19.9,203.0,11.4,63.0,5.6
2026-03-01 03:00:00,2026,3,1,3,Lào Cai,Xã Khao Mang,21.9078898,103.9748758,61,Moderate,1,15.6,74,0.0,3.6,213,859.1,0,18.4,18.8,201.0,10.6,62.0,5.2
2026-03-01 04:00:00,2026,3,1,4,Lào Cai,Xã Khao Mang,21.9078898,103.9748758,61,Moderate,1,15.8,73,0.0,2.7,203,859.1,5,17.5,17.9,208.0,10.0,60.0,4.9
2026-03-01 05:00:00,2026,3,1,5,Lào Cai,Xã Khao Mang,21.9078898,103.9748758,61,Moderate,1,15.8,73,0.0,2.1,200,859.3,12,16.6,17.0,235.0,10.3,56.0,4.8
2026-03-01 06:00:00,2026,3,1,6,Lào Cai,Xã Khao Mang,21.9078898,103.9748758,61,Moderate,1,15.6,74,0.0,1.8,204,859.8,10,16.1,16.4,273.0,10.9,52.0,4.8
2026-03-01 07:00:00,2026,3,1,7,Lào Cai,Xã Khao Mang,21.9078898,103.9748758,60,Moderate,1,15.6,78,0.0,3.9,202,860.7,22,13.3,13.6,297.0,13.1,49.0,4.9
2026-03-01 08:00:00,2026,3,1,8,Lào Cai,Xã Khao Mang,21.9078898,103.9748758,60,Moderate,1,18.0,74,0.0,5.8,231,862.4,20,13.9,14.0,295.0,9.7,68.0,5.1
2026-03-01 09:00:00,2026,3,1,9,Lào Cai,Xã Khao Mang,21.9078898,103.9748758,60,Moderate,1,19.7,69,0.0,7.8,262,863.9,64,11.9,12.1,281.0,5.0,93.0,5.3
2026-03-01 10:00:00,2026,3,1,10,Lào Cai,Xã Khao Mang,21.9078898,103.9748758,59,Moderate,1,20.9,65,0.1,11.1,257,864.5,64,12.0,12.2,267.0,1.5,113.0,5.2
2026-03-01 11:00:00,2026,3,1,11,Lào Cai,Xã Khao Mang,21.9078898,103.9748758,59,Moderate,1,21.8,60,0.1,12.2,262,864.7,47,13.2,13.5,260.0,0.4,121.0,4.7
2026-03-01 12:00:00,2026,3,1,12,Lào Cai,Xã Khao Mang,21.9078898,103.9748758,59,Moderate,1,22.1,57,0.0,12.3,267,864.1,9,13.8,14.1,254.0,0.5,122.0,3.9
2026-03-01 13:00:00,2026,3,1,13,Lào Cai,Xã Khao Mang,21.9078898,103.9748758,59,Moderate,1,22.6,54,0.0,13.1,263,863.6,16,13.9,14.3,248.0,0.7,123.0,3.3
2026-03-01 14:00:00,2026,3,1,14,Lào Cai,Xã Khao Mang,21.9078898,103.9748758,59,Moderate,1,22.9,50,0.0,13.4,265,862.4,24,13.6,14.2,242.0,0.5,125.0,3.0
2026-03-01 15:00:00,2026,3,1,15,Lào Cai,Xã Khao Mang,21.9078898,103.9748758,59,Moderate,1,23.5,47,0.0,12.9,252,861.9,20,13.6,14.1,237.0,0.4,127.0,3.0
2026-03-01 16:00:00,2026,3,1,16,Lào Cai,Xã Khao Mang,21.9078898,103.9748758,59,Moderate,1,23.2,46,0.0,12.9,243,861.5,18,13.6,14.1,232.0,0.9,125.0,3.0
2026-03-01 17:00:00,2026,3,1,17,Lào Cai,Xã Khao Mang,21.9078898,103.9748758,68,Moderate,1,22.2,49,0.0,9.6,233,861.4,4,13.5,14.0,228.0,2.7,118.0,3.2
2026-03-01 18:00:00,2026,3,1,18,Lào Cai,Xã Khao Mang,21.9078898,103.9748758,74,Moderate,1,19.2,58,0.0,6.9,221,860.5,2,14.1,14.6,225.0,5.1,108.0,3.5
2026-03-01 19:00:00,2026,3,1,19,Lào Cai,Xã Khao Mang,21.9078898,103.9748758,73,Moderate,1,19.3,51,0.0,7.7,221,860.9,2,19.0,19.4,221.0,8.3,107.0,4.3
2026-03-01 20:00:00,2026,3,1,20,Lào Cai,Xã Khao Mang,21.9078898,103.9748758,70,Moderate,1,19.0,50,0.0,7.8,222,861.4,0,20.1,20.6,214.0,8.6,104.0,4.5
2026-03-01 21:00:00,2026,3,1,21,Lào Cai,Xã Khao Mang,21.9078898,103.9748758,66,Moderate,1,18.6,53,0.0,7.2,212,861.8,5,20.1,20.6,205.0,9.0,99.0,4.8
2026-03-01 22:00:00,2026,3,1,22,Lào Cai,Xã Khao Mang,21.9078898,103.9748758,61,Moderate,1,18.2,52,0.0,6.8,215,862.2,0,20.0,20.4,198.0,9.3,95.0,5.0
2026-03-01 23:00:00,2026,3,1,23,Lào Cai,Xã Khao Mang,21.9078898,103.9748758,59,Moderate,1,17.7,51,0.0,6.2,218,862.2,9,19.6,20.1,194.0,9.3,92.0,4.9
2026-03-02 00:00:00,2026,3,2,0,Lào Cai,Xã Khao Mang,21.9078898,103.9748758,59,Moderate,1,17.7,51,0.0,4.9,219,862.2,4,18.6,19.2,192.0,9.3,89.0,4.7
2026-03-02 01:00:00,2026,3,2,1,Lào Cai,Xã Khao Mang,21.9078898,103.9748758,59,Moderate,1,17.2,53,0.0,3.6,207,861.8,19,17.5,18.1,189.0,9.2,86.0,4.4
2026-03-02 02:00:00,2026,3,2,2,Lào Cai,Xã Khao Mang,21.9078898,103.9748758,58,Moderate,1,16.9,54,0.0,3.2,214,861.3,13,16.5,17.1,182.0,9.0,83.0,4.1
2026-03-02 03:00:00,2026,3,2,3,Lào Cai,Xã Khao Mang,21.9078898,103.9748758,58,Moderate,1,16.7,54,0.0,3.0,194,861.1,0,15.7,16.3,174.0,8.9,79.0,3.8
2026-03-02 04:00:00,2026,3,2,4,Lào Cai,Xã Khao Mang,21.9078898,103.9748758,58,Moderate,1,16.6,54,0.0,2.3,198,861.1,26,15.1,15.7,179.0,9.1,76.0,3.7
2026-03-02 05:00:00,2026,3,2,5,Lào Cai,Xã Khao Mang,21.9078898,103.9748758,58,Moderate,1,16.1,56,0.0,2.0,170,861.3,9,14.5,15.0,208.0,10.4,71.0,3.8
2026-03-02 06:00:00,2026,3,2,6,Lào Cai,Xã Khao Mang,21.9078898,103.9748758,58,Moderate,1,15.5,58,0.0,2.6,155,861.6,0,14.1,14.7,250.0,12.1,67.0,4.1
2026-03-02 07:00:00,2026,3,2,7,Lào Cai,Xã Khao Mang,21.9078898,103.9748758,57,Moderate,1,15.9,57,0.0,2.8,162,862.4,3,2.9,3.1,277.0,10.1,77.0,3.9
2026-03-02 08:00:00,2026,3,2,8,Lào Cai,Xã Khao Mang,21.9078898,103.9748758,56,Moderate,1,19.5,49,0.0,3.1,211,865.0,9,4.8,5.0,275.0,7.5,93.0,3.7
2026-03-02 09:00:00,2026,3,2,9,Lào Cai,Xã Khao Mang,21.9078898,103.9748758,56,Moderate,1,20.7,46,0.0,6.0,265,866.0,73,2.0,2.1,260.0,4.0,115.0,3.3
2026-03-02 10:00:00,2026,3,2,10,Lào Cai,Xã Khao Mang,21.9078898,103.9748758,55,Moderate,1,22.0,46,0.0,8.7,266,866.6,64,3.6,3.7,247.0,1.4,132.0,3.0
2026-03-02 11:00:00,2026,3,2,11,Lào Cai,Xã Khao Mang,21.9078898,103.9748758,54,Moderate,1,23.0,44,0.0,12.1,264,866.7,7,6.2,6.3,243.0,0.6,139.0,2.8
2026-03-02 12:00:00,2026,3,2,12,Lào Cai,Xã Khao Mang,21.9078898,103.9748758,53,Moderate,1,23.3,43,0.0,11.1,263,866.2,17,8.1,8.4,241.0,0.6,141.0,2.6
2026-03-02 13:00:00,2026,3,2,13,Lào Cai,Xã Khao Mang,21.9078898,103.9748758,53,Moderate,1,23.6,41,0.0,11.9,268,865.5,54,8.4,8.6,244.0,0.8,141.0,2.4
2026-03-02 14:00:00,2026,3,2,14,Lào Cai,Xã Khao Mang,21.9078898,103.9748758,59,Moderate,1,23.3,42,0.0,12.3,267,864.4,32,8.5,8.7,252.0,0.5,141.0,2.1
2026-03-02 15:00:00,2026,3,2,15,Lào Cai,Xã Khao Mang,21.9078898,103.9748758,75,Moderate,1,23.8,39,0.0,13.8,259,863.7,11,8.8,9.1,264.0,0.3,139.0,1.9
2026-03-02 16:00:00,2026,3,2,16,Lào Cai,Xã Khao Mang,21.9078898,103.9748758,88,Moderate,1,23.5,38,0.0,12.3,255,863.5,10,9.1,9.4,276.0,1.1,135.0,1.9
2026-03-02 17:00:00,2026,3,2,17,Lào Cai,Xã Khao Mang,21.9078898,103.9748758,97,Moderate,1,22.3,43,0.0,8.4,247,863.1,18,10.2,10.5,289.0,3.7,126.0,2.4
2026-03-02 18:00:00,2026,3,2,18,Lào Cai,Xã Khao Mang,21.9078898,103.9748758,99,Moderate,1,19.7,51,0.0,5.2,226,862.5,0,12.2,12.6,302.0,7.2,114.0,3.2
2026-03-02 19:00:00,2026,3,2,19,Lào Cai,Xã Khao Mang,21.9078898,103.9748758,95,Moderate,1,19.2,50,0.0,4.1,193,862.3,0,25.9,26.5,312.0,9.3,108.0,3.8
2026-03-02 20:00:00,2026,3,2,20,Lào Cai,Xã Khao Mang,21.9078898,103.9748758,89,Moderate,1,18.5,50,0.0,4.2,175,862.7,2,27.8,28.3,317.0,10.7,103.0,4.4
2026-03-02 21:00:00,2026,3,2,21,Lào Cai,Xã Khao Mang,21.9078898,103.9748758,81,Moderate,1,18.2,50,0.0,3.3,151,863.2,5,28.9,29.5,319.0,12.7,95.0,5.3
2026-03-02 22:00:00,2026,3,2,22,Lào Cai,Xã Khao Mang,21.9078898,103.9748758,71,Moderate,1,17.7,52,0.0,2.4,138,863.7,0,30.4,31.0,318.0,14.4,89.0,6.0
2026-03-02 23:00:00,2026,3,2,23,Lào Cai,Xã Khao Mang,21.9078898,103.9748758,60,Moderate,1,16.8,55,0.0,2.7,132,863.7,2,32.0,32.6,316.0,15.7,85.0,6.4
2026-03-03 00:00:00,2026,3,3,0,Lào Cai,Xã Khao Mang,21.9078898,103.9748758,55,Moderate,1,16.0,58,0.0,3.1,121,863.4,0,32.9,33.6,311.0,16.8,81.0,6.7
2026-03-03 01:00:00,2026,3,3,1,Lào Cai,Xã Khao Mang,21.9078898,103.9748758,56,Moderate,1,15.2,65,0.0,4.1,135,862.6,0,33.2,33.8,305.0,17.2,78.0,6.9
2026-03-03 02:00:00,2026,3,3,2,Lào Cai,Xã Khao Mang,21.9078898,103.9748758,57,Moderate,1,14.7,66,0.0,2.5,120,861.8,0,34.2,34.8,292.0,16.7,75.0,7.1
2026-03-03 03:00:00,2026,3,3,3,Lào Cai,Xã Khao Mang,21.9078898,103.9748758,59,Moderate,1,14.2,67,0.0,3.1,118,861.6,0,36.3,36.9,278.0,15.5,73.0,7.2
2026-03-03 04:00:00,2026,3,3,4,Lào Cai,Xã Khao Mang,21.9078898,103.9748758,61,Moderate,1,13.7,68,0.0,2.3,119,861.6,0,39.5,39.9,278.0,14.2,72.0,7.3
2026-03-03 05:00:00,2026,3,3,5,Lào Cai,Xã Khao Mang,21.9078898,103.9748758,63,Moderate,1,13.3,69,0.0,2.4,117,861.9,0,41.6,42.1,310.0,13.0,73.0,7.6
2026-03-03 06:00:00,2026,3,3,6,Lào Cai,Xã Khao Mang,21.9078898,103.9748758,65,Moderate,1,12.8,71,0.0,2.7,113,862.2,3,42.4,43.1,356.0,11.6,76.0,7.9
2026-03-03 07:00:00,2026,3,3,7,Lào Cai,Xã Khao Mang,21.9078898,103.9748758,68,Moderate,1,13.2,75,0.0,3.1,118,862.6,0,40.4,40.7,385.0,10.1,83.0,9.0
2026-03-03 08:00:00,2026,3,3,8,Lào Cai,Xã Khao Mang,21.9078898,103.9748758,71,Moderate,1,17.0,69,0.0,3.3,99,865.1,2,36.4,36.8,377.0,7.6,97.0,9.1
2026-03-03 09:00:00,2026,3,3,9,Lào Cai,Xã Khao Mang,21.9078898,103.9748758,74,Moderate,1,19.8,55,0.0,2.9,349,867.1,5,25.9,26.3,350.0,4.2,117.0,9.2
2026-03-03 10:00:00,2026,3,3,10,Lào Cai,Xã Khao Mang,21.9078898,103.9748758,76,Moderate,1,20.9,55,0.0,5.5,322,867.8,9,20.1,20.4,329.0,1.7,131.0,8.9
2026-03-03 11:00:00,2026,3,3,11,Lào Cai,Xã Khao Mang,21.9078898,103.9748758,78,Moderate,1,21.7,50,0.0,7.5,303,868.0,13,18.3,18.7,321.0,0.9,133.0,7.8
2026-03-03 12:00:00,2026,3,3,12,Lào Cai,Xã Khao Mang,21.9078898,103.9748758,79,Moderate,1,22.5,44,0.0,8.0,298,867.4,15,17.9,18.5,319.0,1.0,129.0,6.4
2026-03-03 13:00:00,2026,3,3,13,Lào Cai,Xã Khao Mang,21.9078898,103.9748758,80,Moderate,1,23.3,38,0.0,9.2,269,866.6,16,17.3,18.0,322.0,1.2,125.0,5.1
2026-03-03 14:00:00,2026,3,3,14,Lào Cai,Xã Khao Mang,21.9078898,103.9748758,80,Moderate,1,23.1,38,0.0,9.0,282,865.8,18,18.7,19.8,332.0,1.2,123.0,4.2
2026-03-03 15:00:00,2026,3,3,15,Lào Cai,Xã Khao Mang,21.9078898,103.9748758,81,Moderate,1,22.3,40,0.0,5.8,306,865.1,9,22.2,23.7,347.0,1.4,122.0,3.6
2026-03-03 16:00:00,2026,3,3,16,Lào Cai,Xã Khao Mang,21.9078898,103.9748758,82,Moderate,1,20.4,53,0.0,6.6,17,864.7,20,22.7,23.9,366.0,1.9,117.0,3.1
2026-03-03 17:00:00,2026,3,3,17,Lào Cai,Xã Khao Mang,21.9078898,103.9748758,84,Moderate,1,18.2,71,0.0,8.3,46,864.5,13,22.4,23.2,395.0,3.1,107.0,2.9
2026-03-03 18:00:00,2026,3,3,18,Lào Cai,Xã Khao Mang,21.9078898,103.9748758,85,Moderate,1,16.3,82,0.0,9.5,53,864.5,23,22.8,23.2,428.0,4.6,94.0,3.0
2026-03-03 19:00:00,2026,3,3,19,Lào Cai,Xã Khao Mang,21.9078898,103.9748758,86,Moderate,1,14.8,91,0.0,9.4,67,864.5,73,40.2,40.5,447.0,4.8,86.0,3.7
2026-03-03 20:00:00,2026,3,3,20,Lào Cai,Xã Khao Mang,21.9078898,103.9748758,87,Moderate,1,15.2,84,0.0,9.5,68,865.9,38,37.4,37.7,438.0,4.6,84.0,3.5
2026-03-03 21:00:00,2026,3,3,21,Lào Cai,Xã Khao Mang,21.9078898,103.9748758,88,Moderate,1,14.7,83,0.0,8.8,78,866.7,34,31.2,31.3,414.0,4.4,81.0,3.2
2026-03-03 22:00:00,2026,3,3,22,Lào Cai,Xã Khao Mang,21.9078898,103.9748758,88,Moderate,1,14.5,83,0.0,7.8,83,867.1,2,29.4,29.6,400.0,4.3,78.0,3.0
2026-03-03 23:00:00,2026,3,3,23,Lào Cai,Xã Khao Mang,21.9078898,103.9748758,88,Moderate,1,13.8,86,0.0,6.6,79,867.1,18,28.8,28.9,409.0,4.5,74.0,3.1
2026-03-04 00:00:00,2026,3,4,0,Lào Cai,Xã Khao Mang,21.9078898,103.9748758,88,Moderate,1,13.8,87,0.0,5.5,81,867.1,13,27.9,28.1,428.0,4.9,69.0,3.3
2026-03-04 01:00:00,2026,3,4,1,Lào Cai,Xã Khao Mang,21.9078898,103.9748758,87,Moderate,1,14.1,90,0.0,6.5,66,867.2,66,29.2,29.4,441.0,5.2,65.0,3.5
2026-03-04 02:00:00,2026,3,4,2,Lào Cai,Xã Khao Mang,21.9078898,103.9748758,87,Moderate,1,13.8,88,0.0,7.2,51,866.8,53,31.2,31.4,437.0,5.2,63.0,3.7
2026-03-04 03:00:00,2026,3,4,3,Lào Cai,Xã Khao Mang,21.9078898,103.9748758,87,Moderate,1,13.2,87,0.0,7.8,67,866.4,45,33.5,33.8,428.0,5.0,62.0,3.9
2026-03-04 04:00:00,2026,3,4,4,Lào Cai,Xã Khao Mang,21.9078898,103.9748758,86,Moderate,1,12.8,85,0.0,8.3,77,866.2,70,36.1,36.3,430.0,4.8,61.0,4.1
2026-03-04 05:00:00,2026,3,4,5,Lào Cai,Xã Khao Mang,21.9078898,103.9748758,86,Moderate,1,12.7,83,0.0,7.1,71,866.6,61,37.8,38.2,462.0,4.9,59.0,4.3
2026-03-04 06:00:00,2026,3,4,6,Lào Cai,Xã Khao Mang,21.9078898,103.9748758,86,Moderate,1,12.4,84,0.0,7.7,74,866.7,51,39.5,39.7,505.0,5.0,57.0,4.5
2026-03-04 07:00:00,2026,3,4,7,Lào Cai,Xã Khao Mang,21.9078898,103.9748758,85,Moderate,1,12.9,85,0.0,6.5,60,867.5,88,55.2,55.5,527.0,5.8,54.0,5.8
2026-03-04 08:00:00,2026,3,4,8,Lào Cai,Xã Khao Mang,21.9078898,103.9748758,87,Moderate,1,13.4,82,0.0,8.2,57,868.1,66,49.9,50.3,506.0,4.7,63.0,4.8
2026-03-04 09:00:00,2026,3,4,9,Lào Cai,Xã Khao Mang,21.9078898,103.9748758,88,Moderate,1,15.0,74,0.0,7.3,52,869.0,36,43.9,44.4,463.0,3.3,75.0,3.4
2026-03-04 10:00:00,2026,3,4,10,Lào Cai,Xã Khao Mang,21.9078898,103.9748758,90,Moderate,1,17.3,63,0.0,5.8,39,869.6,54,33.9,34.6,426.0,2.1,86.0,2.2
2026-03-04 11:00:00,2026,3,4,11,Lào Cai,Xã Khao Mang,21.9078898,103.9748758,91,Moderate,1,19.2,56,0.0,5.0,347,869.7,49,30.2,31.0,403.0,1.6,93.0,1.6
2026-03-04 12:00:00,2026,3,4,12,Lào Cai,Xã Khao Mang,21.9078898,103.9748758,92,Moderate,1,19.9,54,0.0,5.7,316,869.0,31,28.2,29.2,386.0,1.4,99.0,1.2
2026-03-04 13:00:00,2026,3,4,13,Lào Cai,Xã Khao Mang,21.9078898,103.9748758,93,Moderate,1,20.5,53,0.1,8.3,252,868.0,25,28.5,29.7,378.0,1.3,104.0,1.0
2026-03-04 14:00:00,2026,3,4,14,Lào Cai,Xã Khao Mang,21.9078898,103.9748758,94,Moderate,1,19.0,66,0.5,8.8,259,866.5,49,28.5,29.8,379.0,1.0,108.0,0.8
2026-03-04 15:00:00,2026,3,4,15,Lào Cai,Xã Khao Mang,21.9078898,103.9748758,95,Moderate,1,19.3,61,0.4,7.9,270,865.8,74,28.9,30.5,389.0,0.8,111.0,0.6
2026-03-04 16:00:00,2026,3,4,16,Lào Cai,Xã Khao Mang,21.9078898,103.9748758,95,Moderate,1,19.3,60,0.0,6.2,287,865.3,27,29.5,31.5,406.0,1.4,110.0,0.7
2026-03-04 17:00:00,2026,3,4,17,Lào Cai,Xã Khao Mang,21.9078898,103.9748758,96,Moderate,1,18.7,62,0.0,5.2,316,865.2,7,29.6,31.5,431.0,3.3,104.0,1.1
2026-03-04 18:00:00,2026,3,4,18,Lào Cai,Xã Khao Mang,21.9078898,103.9748758,96,Moderate,1,16.0,76,0.0,4.2,31,864.4,2,29.5,31.0,464.0,5.9,94.0,1.7
2026-03-04 19:00:00,2026,3,4,19,Lào Cai,Xã Khao Mang,21.9078898,103.9748758,97,Moderate,1,15.1,81,0.0,3.4,87,864.0,5,38.8,40.4,498.0,7.4,82.0,2.5
2026-03-04 20:00:00,2026,3,4,20,Lào Cai,Xã Khao Mang,21.9078898,103.9748758,97,Moderate,1,14.0,87,0.0,4.4,78,864.3,1,38.9,40.3,540.0,8.2,77.0,2.9
2026-03-04 21:00:00,2026,3,4,21,Lào Cai,Xã Khao Mang,21.9078898,103.9748758,97,Moderate,1,12.8,91,0.0,5.4,88,864.6,2,38.9,40.0,584.0,9.3,70.0,3.5
2026-03-04 22:00:00,2026,3,4,22,Lào Cai,Xã Khao Mang,21.9078898,103.9748758,98,Moderate,1,11.8,95,0.0,5.3,100,864.4,9,39.2,40.2,602.0,10.3,65.0,3.8
2026-03-04 23:00:00,2026,3,4,23,Lào Cai,Xã Khao Mang,21.9078898,103.9748758,99,Moderate,1,10.8,97,0.0,5.1,100,864.2,30,40.0,41.0,574.0,11.1,62.0,3.4
2026-03-05 00:00:00,2026,3,5,0,Lào Cai,Xã Khao Mang,21.9078898,103.9748758,100,Moderate,1,10.3,97,0.0,4.3,105,864.4,47,41.7,42.6,520.0,11.8,60.0,2.7
2026-03-05 01:00:00,2026,3,5,1,Lào Cai,Xã Khao Mang,21.9078898,103.9748758,101,Unhealthy for Sensitive Groups,2,11.4,96,0.0,7.7,102,865.0,73,42.7,43.5,471.0,11.9,60.0,2.1
2026-03-05 02:00:00,2026,3,5,2,Lào Cai,Xã Khao Mang,21.9078898,103.9748758,102,Unhealthy for Sensitive Groups,2,11.7,94,0.0,7.9,107,864.6,95,43.5,44.4,431.0,11.0,63.0,1.7
2026-03-05 03:00:00,2026,3,5,3,Lào Cai,Xã Khao Mang,21.9078898,103.9748758,104,Unhealthy for Sensitive Groups,2,11.4,95,0.0,7.7,106,864.1,100,44.4,45.2,396.0,9.5,67.0,1.4
2026-03-05 04:00:00,2026,3,5,4,Lào Cai,Xã Khao Mang,21.9078898,103.9748758,105,Unhealthy for Sensitive Groups,2,10.9,96,0.0,7.0,108,863.5,98,44.9,45.8,382.0,8.2,70.0,1.2
2026-03-05 05:00:00,2026,3,5,5,Lào Cai,Xã Khao Mang,21.9078898,103.9748758,106,Unhealthy for Sensitive Groups,2,10.9,95,0.0,6.2,112,863.6,89,45.3,46.1,408.0,7.7,68.0,1.2
2026-03-05 06:00:00,2026,3,5,6,Lào Cai,Xã Khao Mang,21.9078898,103.9748758,106,Unhealthy for Sensitive Groups,2,10.2,98,0.0,5.2,112,863.9,74,44.9,45.5,455.0,7.4,64.0,1.3
2026-03-05 07:00:00,2026,3,5,7,Lào Cai,Xã Khao Mang,21.9078898,103.9748758,107,Unhealthy for Sensitive Groups,2,10.7,90,0.0,4.8,112,864.4,45,38.1,38.4,481.0,7.2,62.0,2.2
2026-03-05 08:00:00,2026,3,5,8,Lào Cai,Xã Khao Mang,21.9078898,103.9748758,105,Unhealthy for Sensitive Groups,2,14.2,79,0.0,3.7,67,866.5,2,36.2,37.0,461.0,5.7,78.0,4.0
2026-03-05 09:00:00,2026,3,5,9,Lào Cai,Xã Khao Mang,21.9078898,103.9748758,104,Unhealthy for Sensitive Groups,2,16.5,71,0.0,3.5,351,867.7,1,37.6,39.0,421.0,3.7,100.0,6.4
2026-03-05 10:00:00,2026,3,5,10,Lào Cai,Xã Khao Mang,21.9078898,103.9748758,103,Unhealthy for Sensitive Groups,2,18.4,65,0.0,6.0,335,868.2,2,39.9,41.7,392.0,2.1,118.0,8.0
2026-03-05 11:00:00,2026,3,5,11,Lào Cai,Xã Khao Mang,21.9078898,103.9748758,104,Unhealthy for Sensitive Groups,2,19.6,63,0.0,7.0,325,868.5,16,42.0,44.0,390.0,1.4,127.0,7.9
2026-03-05 12:00:00,2026,3,5,12,Lào Cai,Xã Khao Mang,21.9078898,103.9748758,105,Unhealthy for Sensitive Groups,2,20.5,60,0.0,7.2,298,868.2,56,44.0,46.1,400.0,1.3,130.0,7.1
2026-03-05 13:00:00,2026,3,5,13,Lào Cai,Xã Khao Mang,21.9078898,103.9748758,107,Unhealthy for Sensitive Groups,2,20.5,60,0.0,7.3,259,867.7,26,45.5,47.8,407.0,1.3,133.0,6.6
2026-03-05 14:00:00,2026,3,5,14,Lào Cai,Xã Khao Mang,21.9078898,103.9748758,108,Unhealthy for Sensitive Groups,2,20.8,58,0.1,7.4,292,866.7,77,46.9,49.4,401.0,1.4,136.0,6.9
2026-03-05 15:00:00,2026,3,5,15,Lào Cai,Xã Khao Mang,21.9078898,103.9748758,110,Unhealthy for Sensitive Groups,2,20.8,58,0.0,6.7,322,865.9,100,48.7,51.1,393.0,1.6,137.0,7.7
2026-03-05 16:00:00,2026,3,5,16,Lào Cai,Xã Khao Mang,21.9078898,103.9748758,112,Unhealthy for Sensitive Groups,2,19.9,61,0.0,6.7,344,865.4,93,50.8,52.9,403.0,2.3,135.0,8.9
2026-03-05 17:00:00,2026,3,5,17,Lào Cai,Xã Khao Mang,21.9078898,103.9748758,115,Unhealthy for Sensitive Groups,2,17.6,71,0.0,6.2,12,865.4,76,53.7,55.2,453.0,3.8,127.0,11.0
2026-03-05 18:00:00,2026,3,5,18,Lào Cai,Xã Khao Mang,21.9078898,103.9748758,117,Unhealthy for Sensitive Groups,2,15.5,81,0.0,5.8,30,865.5,52,56.0,57.0,521.0,5.8,115.0,13.6
2026-03-05 19:00:00,2026,3,5,19,Lào Cai,Xã Khao Mang,21.9078898,103.9748758,120,Unhealthy for Sensitive Groups,2,14.8,86,0.0,9.5,61,865.6,99,57.0,57.9,562.0,8.1,102.0,16.6
2026-03-05 20:00:00,2026,3,5,20,Lào Cai,Xã Khao Mang,21.9078898,103.9748758,122,Unhealthy for Sensitive Groups,2,14.3,86,0.0,7.2,68,866.3,99,59.0,59.6,551.0,8.5,94.0,17.3
2026-03-05 21:00:00,2026,3,5,21,Lào Cai,Xã Khao Mang,21.9078898,103.9748758,124,Unhealthy for Sensitive Groups,2,13.9,87,0.0,8.0,56,866.8,100,57.5,58.0,514.0,9.0,82.0,18.3
2026-03-05 22:00:00,2026,3,5,22,Lào Cai,Xã Khao Mang,21.9078898,103.9748758,126,Unhealthy for Sensitive Groups,2,13.2,90,0.0,8.4,55,867.5,99,56.5,56.7,481.0,9.1,74.0,18.8
2026-03-05 23:00:00,2026,3,5,23,Lào Cai,Xã Khao Mang,21.9078898,103.9748758,128,Unhealthy for Sensitive Groups,2,13.1,88,0.0,8.7,73,867.8,84,50.8,51.1,463.0,8.3,72.0,18.6
2026-03-06 00:00:00,2026,3,6,0,Lào Cai,Xã Khao Mang,21.9078898,103.9748758,129,Unhealthy for Sensitive Groups,2,13.1,87,0.0,8.9,72,867.6,69,44.6,44.8,449.0,7.0,72.0,18.0
2026-03-06 01:00:00,2026,3,6,1,Lào Cai,Xã Khao Mang,21.9078898,103.9748758,129,Unhealthy for Sensitive Groups,2,13.0,88,0.0,8.4,62,867.5,95,41.7,42.1,437.0,5.9,73.0,17.1
2026-03-06 02:00:00,2026,3,6,2,Lào Cai,Xã Khao Mang,21.9078898,103.9748758,129,Unhealthy for Sensitive Groups,2,13.0,87,0.0,7.1,63,867.1,95,41.1,41.4,424.0,5.2,73.0,15.8
2026-03-06 03:00:00,2026,3,6,3,Lào Cai,Xã Khao Mang,21.9078898,103.9748758,129,Unhealthy for Sensitive Groups,2,13.1,85,0.0,5.2,68,866.9,81,41.0,41.4,413.0,4.6,73.0,14.2
2026-03-06 04:00:00,2026,3,6,4,Lào Cai,Xã Khao Mang,21.9078898,103.9748758,128,Unhealthy for Sensitive Groups,2,12.8,86,0.0,3.9,16,866.9,55,41.0,41.6,411.0,4.1,74.0,12.9
2026-03-06 05:00:00,2026,3,6,5,Lào Cai,Xã Khao Mang,21.9078898,103.9748758,128,Unhealthy for Sensitive Groups,2,12.6,88,0.0,3.4,32,867.2,79,41.2,41.9,431.0,3.8,76.0,12.3
2026-03-06 06:00:00,2026,3,6,6,Lào Cai,Xã Khao Mang,21.9078898,103.9748758,127,Unhealthy for Sensitive Groups,2,12.6,87,0.0,4.6,54,867.5,86,41.7,42.4,460.0,3.6,78.0,12.1
2026-03-06 07:00:00,2026,3,6,7,Lào Cai,Xã Khao Mang,21.9078898,103.9748758,127,Unhealthy for Sensitive Groups,2,13.5,86,0.0,4.7,58,868.8,73,35.3,35.9,471.0,4.4,76.0,16.0
2026-03-06 08:00:00,2026,3,6,8,Lào Cai,Xã Khao Mang,21.9078898,103.9748758,127,Unhealthy for Sensitive Groups,2,14.4,80,0.0,5.6,69,869.6,10,34.2,34.8,442.0,4.0,81.0,16.9
2026-03-06 09:00:00,2026,3,6,9,Lào Cai,Xã Khao Mang,21.9078898,103.9748758,127,Unhealthy for Sensitive Groups,2,16.7,66,0.0,2.1,20,870.2,59,32.0,32.7,395.0,3.4,89.0,18.0
2026-03-06 10:00:00,2026,3,6,10,Lào Cai,Xã Khao Mang,21.9078898,103.9748758,126,Unhealthy for Sensitive Groups,2,18.2,62,0.0,5.4,310,870.8,100,33.1,34.0,366.0,2.8,96.0,18.2
2026-03-06 11:00:00,2026,3,6,11,Lào Cai,Xã Khao Mang,21.9078898,103.9748758,125,Unhealthy for Sensitive Groups,2,18.0,66,0.0,7.5,318,870.4,100,35.6,36.7,376.0,2.4,101.0,16.7
2026-03-06 12:00:00,2026,3,6,12,Lào Cai,Xã Khao Mang,21.9078898,103.9748758,125,Unhealthy for Sensitive Groups,2,18.7,65,0.0,8.7,307,869.9,100,34.7,35.7,403.0,2.0,105.0,14.2
2026-03-06 13:00:00,2026,3,6,13,Lào Cai,Xã Khao Mang,21.9078898,103.9748758,124,Unhealthy for Sensitive Groups,2,18.1,71,0.0,11.0,272,868.6,100,39.8,41.1,418.0,1.7,109.0,12.1
2026-03-06 14:00:00,2026,3,6,14,Lào Cai,Xã Khao Mang,21.9078898,103.9748758,123,Unhealthy for Sensitive Groups,2,19.3,63,0.0,9.4,272,867.9,98,38.3,39.5,402.0,1.2,113.0,10.6
2026-03-06 15:00:00,2026,3,6,15,Lào Cai,Xã Khao Mang,21.9078898,103.9748758,122,Unhealthy for Sensitive Groups,2,19.5,60,0.0,9.3,280,867.3,64,39.2,40.4,373.0,0.8,117.0,9.5
2026-03-06 16:00:00,2026,3,6,16,Lào Cai,Xã Khao Mang,21.9078898,103.9748758,121,Unhealthy for Sensitive Groups,2,19.6,59,0.0,7.4,264,866.9,63,38.4,39.5,361.0,1.7,116.0,8.7
2026-03-06 17:00:00,2026,3,6,17,Lào Cai,Xã Khao Mang,21.9078898,103.9748758,120,Unhealthy for Sensitive Groups,2,19.0,62,0.0,5.2,268,866.3,55,36.9,37.8,377.0,5.2,108.0,8.5
2026-03-06 18:00:00,2026,3,6,18,Lào Cai,Xã Khao Mang,21.9078898,103.9748758,118,Unhealthy for Sensitive Groups,2,16.9,74,0.0,3.5,332,866.0,5,38.8,39.5,410.0,9.9,96.0,8.6
2026-03-06 19:00:00,2026,3,6,19,Lào Cai,Xã Khao Mang,21.9078898,103.9748758,116,Unhealthy for Sensitive Groups,2,14.9,86,0.0,0.8,117,865.6,2,55.5,56.6,447.0,8.3,97.0,8.4
2026-03-06 20:00:00,2026,3,6,20,Lào Cai,Xã Khao Mang,21.9078898,103.9748758,116,Unhealthy for Sensitive Groups,2,14.0,88,0.0,2.6,124,865.8,5,59.6,60.8,495.0,9.1,90.0,8.3
2026-03-06 21:00:00,2026,3,6,21,Lào Cai,Xã Khao Mang,21.9078898,103.9748758,116,Unhealthy for Sensitive Groups,2,13.6,89,0.0,1.9,124,866.1,6,62.4,63.6,547.0,10.3,80.0,8.2
2026-03-06 22:00:00,2026,3,6,22,Lào Cai,Xã Khao Mang,21.9078898,103.9748758,117,Unhealthy for Sensitive Groups,2,13.4,88,0.0,2.2,104,866.6,7,64.3,65.2,580.0,11.0,71.0,7.9
2026-03-06 23:00:00,2026,3,6,23,Lào Cai,Xã Khao Mang,21.9078898,103.9748758,118,Unhealthy for Sensitive Groups,2,13.2,89,0.0,4.2,85,866.9,33,65.4,66.4,580.0,11.0,65.0,7.2
2026-03-07 00:00:00,2026,3,7,0,Lào Cai,Xã Khao Mang,21.9078898,103.9748758,119,Unhealthy for Sensitive Groups,2,13.0,92,0.0,4.9,94,867.3,26,66.8,67.8,560.0,10.6,60.0,6.2
2026-03-07 01:00:00,2026,3,7,1,Lào Cai,Xã Khao Mang,21.9078898,103.9748758,121,Unhealthy for Sensitive Groups,2,13.4,93,0.0,3.3,103,867.3,54,67.8,68.7,530.0,9.9,58.0,5.6
2026-03-07 02:00:00,2026,3,7,2,Lào Cai,Xã Khao Mang,21.9078898,103.9748758,124,Unhealthy for Sensitive Groups,2,13.2,95,0.0,6.5,104,866.7,58,67.8,68.7,480.0,8.8,60.0,5.4
2026-03-07 03:00:00,2026,3,7,3,Lào Cai,Xã Khao Mang,21.9078898,103.9748758,127,Unhealthy for Sensitive Groups,2,12.7,95,0.0,5.2,110,866.1,9,66.1,66.8,420.0,7.6,65.0,5.5
2026-03-07 04:00:00,2026,3,7,4,Lào Cai,Xã Khao Mang,21.9078898,103.9748758,130,Unhealthy for Sensitive Groups,2,12.0,94,0.0,3.4,108,865.7,9,62.2,62.9,386.0,6.6,68.0,6.1
2026-03-07 05:00:00,2026,3,7,5,Lào Cai,Xã Khao Mang,21.9078898,103.9748758,132,Unhealthy for Sensitive Groups,2,11.7,92,0.0,2.2,104,866.1,27,55.8,56.5,407.0,6.4,67.0,7.2
2026-03-07 06:00:00,2026,3,7,6,Lào Cai,Xã Khao Mang,21.9078898,103.9748758,133,Unhealthy for Sensitive Groups,2,11.9,90,0.0,2.4,107,866.8,20,49.0,49.6,454.0,6.5,65.0,8.8
2026-03-07 07:00:00,2026,3,7,7,Lào Cai,Xã Khao Mang,21.9078898,103.9748758,134,Unhealthy for Sensitive Groups,2,12.5,88,0.0,0.9,127,867.4,19,37.1,37.5,482.0,8.6,52.0,9.9
2026-03-07 08:00:00,2026,3,7,8,Lào Cai,Xã Khao Mang,21.9078898,103.9748758,134,Unhealthy for Sensitive Groups,2,15.1,78,0.0,0.4,270,869.0,12,27.4,27.6,469.0,7.6,61.0,12.5
2026-03-07 09:00:00,2026,3,7,9,Lào Cai,Xã Khao Mang,21.9078898,103.9748758,134,Unhealthy for Sensitive Groups,2,16.9,72,0.0,4.7,293,870.2,13,24.2,24.4,437.0,6.2,74.0,16.0
2026-03-07 10:00:00,2026,3,7,10,Lào Cai,Xã Khao Mang,21.9078898,103.9748758,133,Unhealthy for Sensitive Groups,2,18.3,68,0.0,6.7,272,870.7,97,23.5,23.7,408.0,4.9,86.0,17.5
2026-03-07 11:00:00,2026,3,7,11,Lào Cai,Xã Khao Mang,21.9078898,103.9748758,132,Unhealthy for Sensitive Groups,2,18.7,69,0.0,9.0,268,870.5,100,24.9,25.2,387.0,3.6,97.0,15.1
2026-03-07 12:00:00,2026,3,7,12,Lào Cai,Xã Khao Mang,21.9078898,103.9748758,131,Unhealthy for Sensitive Groups,2,19.1,68,0.0,9.6,265,869.6,90,28.2,28.8,368.0,2.3,107.0,10.7
2026-03-07 13:00:00,2026,3,7,13,Lào Cai,Xã Khao Mang,21.9078898,103.9748758,130,Unhealthy for Sensitive Groups,2,18.6,71,0.1,8.1,274,868.8,100,29.1,29.7,356.0,1.6,115.0,7.3
2026-03-07 14:00:00,2026,3,7,14,Lào Cai,Xã Khao Mang,21.9078898,103.9748758,129,Unhealthy for Sensitive Groups,2,19.0,70,0.1,7.4,276,867.8,63,29.6,30.3,349.0,1.5,119.0,6.1
2026-03-07 15:00:00,2026,3,7,15,Lào Cai,Xã Khao Mang,21.9078898,103.9748758,128,Unhealthy for Sensitive Groups,2,20.2,66,0.0,8.3,257,867.0,47,30.4,31.1,350.0,1.9,121.0,5.9
2026-03-07 16:00:00,2026,3,7,16,Lào Cai,Xã Khao Mang,21.9078898,103.9748758,127,Unhealthy for Sensitive Groups,2,19.9,67,0.1,8.4,259,866.8,62,31.3,32.0,367.0,2.9,120.0,6.5
2026-03-07 17:00:00,2026,3,7,17,Lào Cai,Xã Khao Mang,21.9078898,103.9748758,126,Unhealthy for Sensitive Groups,2,19.1,71,0.0,6.0,275,866.6,100,34.2,34.9,418.0,4.9,114.0,8.1
2026-03-07 18:00:00,2026,3,7,18,Lào Cai,Xã Khao Mang,21.9078898,103.9748758,126,Unhealthy for Sensitive Groups,2,17.3,84,0.0,1.7,18,866.1,34,37.1,37.8,487.0,7.4,106.0,10.3
2026-03-07 19:00:00,2026,3,7,19,Lào Cai,Xã Khao Mang,21.9078898,103.9748758,126,Unhealthy for Sensitive Groups,2,15.8,88,0.0,3.0,115,866.0,13,69.8,71.2,532.0,9.4,90.0,9.7
2026-03-07 20:00:00,2026,3,7,20,Lào Cai,Xã Khao Mang,21.9078898,103.9748758,127,Unhealthy for Sensitive Groups,2,15.2,90,0.0,3.1,100,866.3,19,70.5,71.7,534.0,9.6,86.0,10.7
2026-03-07 21:00:00,2026,3,7,21,Lào Cai,Xã Khao Mang,21.9078898,103.9748758,128,Unhealthy for Sensitive Groups,2,14.6,91,0.0,3.8,85,867.0,70,69.4,70.3,513.0,9.9,81.0,12.1
2026-03-07 22:00:00,2026,3,7,22,Lào Cai,Xã Khao Mang,21.9078898,103.9748758,129,Unhealthy for Sensitive Groups,2,14.3,93,0.0,5.0,92,867.2,94,67.3,68.2,487.0,9.9,76.0,13.1
2026-03-07 23:00:00,2026,3,7,23,Lào Cai,Xã Khao Mang,21.9078898,103.9748758,129,Unhealthy for Sensitive Groups,2,14.6,91,0.0,3.2,38,868.0,100,47.8,48.4,457.0,9.5,73.0,13.4
2026-03-08 00:00:00,2026,3,8,0,Lào Cai,Xã Khao Mang,21.9078898,103.9748758,128,Unhealthy for Sensitive Groups,2,14.4,98,0.7,2.6,129,868.2,100,33.1,33.4,422.0,8.8,71.0,13.2
2026-03-08 01:00:00,2026,3,8,1,Lào Cai,Xã Khao Mang,21.9078898,103.9748758,124,Unhealthy for Sensitive Groups,2,14.3,99,0.1,2.9,60,868.3,91,24.7,25.0,392.0,8.0,70.0,13.0
2026-03-08 02:00:00,2026,3,8,2,Lào Cai,Xã Khao Mang,21.9078898,103.9748758,120,Unhealthy for Sensitive Groups,2,14.2,100,0.1,3.6,57,867.6,98,20.8,21.0,369.0,7.2,70.0,12.8
2026-03-08 03:00:00,2026,3,8,3,Lào Cai,Xã Khao Mang,21.9078898,103.9748758,115,Unhealthy for Sensitive Groups,2,14.1,99,0.2,2.9,79,867.4,100,14.6,14.7,351.0,6.3,72.0,12.5
2026-03-08 04:00:00,2026,3,8,4,Lào Cai,Xã Khao Mang,21.9078898,103.9748758,109,Unhealthy for Sensitive Groups,2,13.9,99,0.4,3.5,102,866.9,94,9.9,10.0,343.0,5.7,72.0,12.2
2026-03-08 05:00:00,2026,3,8,5,Lào Cai,Xã Khao Mang,21.9078898,103.9748758,104,Unhealthy for Sensitive Groups,2,13.6,98,0.0,2.1,75,867.0,99,7.5,7.6,350.0,5.6,69.0,11.8
2026-03-08 06:00:00,2026,3,8,6,Lào Cai,Xã Khao Mang,21.9078898,103.9748758,99,Moderate,1,13.7,99,0.2,4.5,104,867.5,50,6.2,6.3,367.0,5.8,65.0,11.4
2026-03-08 07:00:00,2026,3,8,7,Lào Cai,Xã Khao Mang,21.9078898,103.9748758,95,Moderate,1,13.7,98,0.0,1.9,119,868.0,44,19.1,19.6,377.0,6.2,67.0,8.3
2026-03-08 08:00:00,2026,3,8,8,Lào Cai,Xã Khao Mang,21.9078898,103.9748758,94,Moderate,1,14.7,97,0.0,0.8,135,869.0,32,13.4,13.8,372.0,5.6,73.0,8.4
2026-03-08 09:00:00,2026,3,8,9,Lào Cai,Xã Khao Mang,21.9078898,103.9748758,92,Moderate,1,16.2,86,0.0,2.3,302,869.9,98,12.3,13.0,361.0,4.8,82.0,8.4
2026-03-08 10:00:00,2026,3,8,10,Lào Cai,Xã Khao Mang,21.9078898,103.9748758,91,Moderate,1,17.3,81,0.1,4.3,292,870.5,94,14.6,15.5,350.0,4.0,91.0,7.9
2026-03-08 11:00:00,2026,3,8,11,Lào Cai,Xã Khao Mang,21.9078898,103.9748758,91,Moderate,1,18.3,76,0.1,7.0,269,870.3,93,16.5,17.7,342.0,3.0,100.0,6.4
2026-03-08 12:00:00,2026,3,8,12,Lào Cai,Xã Khao Mang,21.9078898,103.9748758,90,Moderate,1,19.9,69,0.1,8.8,255,869.7,48,19.2,20.8,336.0,2.0,109.0,4.5
2026-03-08 13:00:00,2026,3,8,13,Lào Cai,Xã Khao Mang,21.9078898,103.9748758,89,Moderate,1,20.3,66,0.2,10.2,263,869.2,44,21.8,23.8,332.0,1.4,116.0,3.2
2026-03-08 14:00:00,2026,3,8,14,Lào Cai,Xã Khao Mang,21.9078898,103.9748758,88,Moderate,1,20.1,66,0.0,9.4,263,868.0,12,23.8,26.0,326.0,1.3,119.0,2.9
2026-03-08 15:00:00,2026,3,8,15,Lào Cai,Xã Khao Mang,21.9078898,103.9748758,88,Moderate,1,20.6,65,0.1,8.1,269,867.1,23,24.4,26.5,322.0,1.6,119.0,3.3
2026-03-08 16:00:00,2026,3,8,16,Lào Cai,Xã Khao Mang,21.9078898,103.9748758,87,Moderate,1,20.4,67,0.1,7.2,270,866.7,20,24.6,26.4,337.0,2.5,116.0,4.1
2026-03-08 17:00:00,2026,3,8,17,Lào Cai,Xã Khao Mang,21.9078898,103.9748758,87,Moderate,1,19.8,70,0.0,4.4,289,866.8,24,25.0,26.6,390.0,4.5,108.0,5.5
2026-03-08 18:00:00,2026,3,8,18,Lào Cai,Xã Khao Mang,21.9078898,103.9748758,86,Moderate,1,17.5,83,0.0,2.3,51,866.1,10,25.7,27.0,462.0,7.0,97.0,7.4
2026-03-08 19:00:00,2026,3,8,19,Lào Cai,Xã Khao Mang,21.9078898,103.9748758,85,Moderate,1,16.1,89,0.0,4.3,105,866.2,21,46.2,48.2,505.0,9.1,92.0,9.9
2026-03-08 20:00:00,2026,3,8,20,Lào Cai,Xã Khao Mang,21.9078898,103.9748758,83,Moderate,1,15.8,89,0.0,5.9,88,867.0,6,46.0,47.6,493.0,9.6,85.0,10.4
2026-03-08 21:00:00,2026,3,8,21,Lào Cai,Xã Khao Mang,21.9078898,103.9748758,81,Moderate,1,15.1,91,0.0,7.1,81,867.6,25,43.8,45.1,453.0,10.2,75.0,11.1
2026-03-08 22:00:00,2026,3,8,22,Lào Cai,Xã Khao Mang,21.9078898,103.9748758,78,Moderate,1,14.8,91,0.0,8.1,86,868.3,34,36.9,37.7,422.0,10.5,67.0,11.7
2026-03-08 23:00:00,2026,3,8,23,Lào Cai,Xã Khao Mang,21.9078898,103.9748758,76,Moderate,1,14.8,90,0.0,7.8,94,868.6,37,26.1,26.7,418.0,10.1,64.0,12.1
2026-03-09 00:00:00,2026,3,9,0,Lào Cai,Xã Khao Mang,21.9078898,103.9748758,74,Moderate,1,13.9,95,0.0,6.4,98,868.6,50,19.1,19.4,423.0,9.3,63.0,12.3
2026-03-09 01:00:00,2026,3,9,1,Lào Cai,Xã Khao Mang,21.9078898,103.9748758,73,Moderate,1,14.9,95,0.0,5.5,71,868.9,99,9.7,9.9,422.0,8.7,61.0,12.4
2026-03-09 02:00:00,2026,3,9,2,Lào Cai,Xã Khao Mang,21.9078898,103.9748758,71,Moderate,1,14.6,96,0.1,5.0,71,868.6,100,6.7,6.8,402.0,8.4,57.0,12.2
2026-03-09 03:00:00,2026,3,9,3,Lào Cai,Xã Khao Mang,21.9078898,103.9748758,70,Moderate,1,14.3,96,0.1,5.1,86,868.0,94,5.6,5.7,376.0,8.2,52.0,11.8
2026-03-09 04:00:00,2026,3,9,4,Lào Cai,Xã Khao Mang,21.9078898,103.9748758,69,Moderate,1,14.1,96,0.1,5.0,75,867.7,100,5.2,5.3,365.0,8.2,49.0,11.6
2026-03-09 05:00:00,2026,3,9,5,Lào Cai,Xã Khao Mang,21.9078898,103.9748758,69,Moderate,1,13.6,98,0.2,2.8,72,868.7,100,3.8,3.9,387.0,8.4,47.0,12.1
2026-03-09 06:00:00,2026,3,9,6,Lào Cai,Xã Khao Mang,21.9078898,103.9748758,68,Moderate,1,13.8,97,0.4,2.8,75,868.5,31,4.2,4.4,423.0,8.6,47.0,12.8
2026-03-09 07:00:00,2026,3,9,7,Lào Cai,Xã Khao Mang,21.9078898,103.9748758,68,Moderate,1,14.6,98,0.0,3.1,54,870.1,100,2.1,2.2,441.0,7.6,55.0,9.9
2026-03-09 08:00:00,2026,3,9,8,Lào Cai,Xã Khao Mang,21.9078898,103.9748758,67,Moderate,1,15.1,94,0.0,6.3,75,870.9,51,2.0,2.1,422.0,7.5,59.0,10.2
2026-03-09 09:00:00,2026,3,9,9,Lào Cai,Xã Khao Mang,21.9078898,103.9748758,66,Moderate,1,16.7,84,0.0,5.7,44,872.3,71,2.0,2.1,385.0,7.4,64.0,10.5
2026-03-09 10:00:00,2026,3,9,10,Lào Cai,Xã Khao Mang,21.9078898,103.9748758,65,Moderate,1,18.3,71,0.0,6.9,37,873.1,73,2.8,3.0,353.0,7.2,69.0,10.4
2026-03-09 11:00:00,2026,3,9,11,Lào Cai,Xã Khao Mang,21.9078898,103.9748758,64,Moderate,1,19.3,66,0.0,8.3,16,873.2,58,4.4,4.5,333.0,6.9,73.0,9.5
2026-03-09 12:00:00,2026,3,9,12,Lào Cai,Xã Khao Mang,21.9078898,103.9748758,63,Moderate,1,19.5,69,0.1,9.7,34,872.5,62,6.7,7.0,318.0,6.4,76.0,8.2
2026-03-09 13:00:00,2026,3,9,13,Lào Cai,Xã Khao Mang,21.9078898,103.9748758,62,Moderate,1,18.6,74,0.8,11.5,42,872.0,85,7.6,7.8,316.0,5.8,80.0,6.9
2026-03-09 14:00:00,2026,3,9,14,Lào Cai,Xã Khao Mang,21.9078898,103.9748758,60,Moderate,1,18.2,71,0.0,13.2,58,871.1,80,8.6,8.8,335.0,4.7,85.0,5.5
2026-03-09 15:00:00,2026,3,9,15,Lào Cai,Xã Khao Mang,21.9078898,103.9748758,59,Moderate,1,16.9,69,0.0,14.4,59,870.6,67,8.9,9.3,366.0,3.4,91.0,4.1
2026-03-09 16:00:00,2026,3,9,16,Lào Cai,Xã Khao Mang,21.9078898,103.9748758,58,Moderate,1,15.8,65,0.0,17.1,70,870.5,76,8.7,9.1,396.0,2.7,94.0,3.0
2026-03-09 17:00:00,2026,3,9,17,Lào Cai,Xã Khao Mang,21.9078898,103.9748758,56,Moderate,1,14.8,66,0.0,15.4,73,870.5,66,7.6,7.9,419.0,2.9,92.0,2.5
2026-03-09 18:00:00,2026,3,9,18,Lào Cai,Xã Khao Mang,21.9078898,103.9748758,55,Moderate,1,13.6,69,0.0,14.8,74,870.2,63,7.5,7.9,441.0,3.7,88.0,2.4
2026-03-09 19:00:00,2026,3,9,19,Lào Cai,Xã Khao Mang,21.9078898,103.9748758,53,Moderate,1,12.7,76,0.0,12.7,74,870.5,57,16.2,16.7,456.0,3.6,89.0,3.0
2026-03-09 20:00:00,2026,3,9,20,Lào Cai,Xã Khao Mang,21.9078898,103.9748758,50,Good,0,12.1,77,0.0,13.4,79,871.0,58,15.7,16.2,462.0,3.6,88.0,3.3
2026-03-09 21:00:00,2026,3,9,21,Lào Cai,Xã Khao Mang,21.9078898,103.9748758,45,Good,0,11.6,77,0.0,11.5,79,871.5,47,15.1,15.5,462.0,3.6,85.0,3.8
2026-03-09 22:00:00,2026,3,9,22,Lào Cai,Xã Khao Mang,21.9078898,103.9748758,41,Good,0,11.0,78,0.0,9.8,83,872.0,55,14.3,14.6,464.0,3.7,82.0,4.1
2026-03-09 23:00:00,2026,3,9,23,Lào Cai,Xã Khao Mang,21.9078898,103.9748758,41,Good,0,10.5,79,0.0,9.9,81,872.1,42,13.6,13.9,470.0,4.1,77.0,4.2
2026-03-10 00:00:00,2026,3,10,0,Lào Cai,Xã Khao Mang,21.9078898,103.9748758,40,Good,0,10.1,80,0.0,9.4,86,872.0,16,13.3,13.5,478.0,4.5,71.0,4.1
2026-03-10 01:00:00,2026,3,10,1,Lào Cai,Xã Khao Mang,21.9078898,103.9748758,39,Good,0,9.8,85,0.0,8.9,83,870.9,20,13.5,13.7,484.0,4.9,66.0,4.1
2026-03-10 02:00:00,2026,3,10,2,Lào Cai,Xã Khao Mang,21.9078898,103.9748758,37,Good,0,9.4,86,0.0,7.7,91,870.5,11,13.6,13.8,485.0,5.0,64.0,4.2
2026-03-10 03:00:00,2026,3,10,3,Lào Cai,Xã Khao Mang,21.9078898,103.9748758,36,Good,0,8.9,86,0.0,7.4,97,870.2,8,13.6,13.7,484.0,5.1,63.0,4.3
2026-03-10 04:00:00,2026,3,10,4,Lào Cai,Xã Khao Mang,21.9078898,103.9748758,37,Good,0,8.4,86,0.0,8.1,94,870.0,2,13.6,13.8,490.0,5.1,63.0,4.5
2026-03-10 05:00:00,2026,3,10,5,Lào Cai,Xã Khao Mang,21.9078898,103.9748758,38,Good,0,8.1,87,0.0,7.9,94,870.2,1,13.8,13.9,513.0,5.3,63.0,4.9
2026-03-10 06:00:00,2026,3,10,6,Lào Cai,Xã Khao Mang,21.9078898,103.9748758,40,Good,0,8.0,88,0.0,9.2,91,870.3,20,13.8,14.0,543.0,5.5,64.0,5.4
2026-03-10 07:00:00,2026,3,10,7,Lào Cai,Xã Khao Mang,21.9078898,103.9748758,41,Good,0,9.8,86,0.0,8.8,89,871.6,21,1.6,1.6,562.0,6.8,59.0,5.7
2026-03-10 08:00:00,2026,3,10,8,Lào Cai,Xã Khao Mang,21.9078898,103.9748758,41,Good,0,11.5,78,0.0,7.6,75,872.7,37,0.5,0.5,561.0,5.3,69.0,5.9
2026-03-10 09:00:00,2026,3,10,9,Lào Cai,Xã Khao Mang,21.9078898,103.9748758,41,Good,0,14.0,66,0.0,5.9,40,873.7,95,0.7,0.7,548.0,3.3,83.0,6.1
2026-03-10 10:00:00,2026,3,10,10,Lào Cai,Xã Khao Mang,21.9078898,103.9748758,41,Good,0,14.6,65,0.0,6.2,10,874.0,0,1.6,1.6,533.0,1.7,96.0,6.0
2026-03-10 11:00:00,2026,3,10,11,Lào Cai,Xã Khao Mang,21.9078898,103.9748758,41,Good,0,17.2,56,0.0,7.2,342,874.1,16,2.9,3.0,517.0,1.1,106.0,5.4
2026-03-10 12:00:00,2026,3,10,12,Lào Cai,Xã Khao Mang,21.9078898,103.9748758,40,Good,0,18.5,53,0.0,7.7,306,873.3,17,4.1,4.4,498.0,1.0,113.0,4.4
2026-03-10 13:00:00,2026,3,10,13,Lào Cai,Xã Khao Mang,21.9078898,103.9748758,40,Good,0,18.3,54,0.0,10.5,273,872.7,100,5.5,5.9,479.0,1.0,119.0,3.6
2026-03-10 14:00:00,2026,3,10,14,Lào Cai,Xã Khao Mang,21.9078898,103.9748758,41,Good,0,17.7,57,0.0,8.7,277,871.4,81,6.6,7.1,453.0,0.8,122.0,3.0
2026-03-10 15:00:00,2026,3,10,15,Lào Cai,Xã Khao Mang,21.9078898,103.9748758,44,Good,0,18.2,55,0.0,9.4,270,870.7,48,7.8,8.5,426.0,0.7,122.0,2.4
2026-03-10 16:00:00,2026,3,10,16,Lào Cai,Xã Khao Mang,21.9078898,103.9748758,48,Good,0,17.5,59,0.0,7.7,270,870.1,8,8.6,9.3,420.0,1.4,120.0,2.2
2026-03-10 17:00:00,2026,3,10,17,Lào Cai,Xã Khao Mang,21.9078898,103.9748758,54,Moderate,1,16.6,61,0.0,6.2,277,869.3,2,8.8,9.5,450.0,3.5,114.0,2.5
2026-03-10 18:00:00,2026,3,10,18,Lào Cai,Xã Khao Mang,21.9078898,103.9748758,61,Moderate,1,15.0,71,0.0,1.1,360,868.6,1,9.5,10.0,501.0,6.3,104.0,3.1
2026-03-10 19:00:00,2026,3,10,19,Lào Cai,Xã Khao Mang,21.9078898,103.9748758,62,Moderate,1,13.6,76,0.0,0.6,124,868.9,2,22.8,23.6,546.0,9.9,80.0,3.1
2026-03-10 20:00:00,2026,3,10,20,Lào Cai,Xã Khao Mang,21.9078898,103.9748758,57,Moderate,1,12.5,81,0.0,2.6,115,868.4,0,22.6,23.5,581.0,10.6,77.0,3.4
2026-03-10 21:00:00,2026,3,10,21,Lào Cai,Xã Khao Mang,21.9078898,103.9748758,50,Good,0,11.8,84,0.0,3.4,106,868.4,0,23.2,24.0,610.0,11.5,72.0,3.9
2026-03-10 22:00:00,2026,3,10,22,Lào Cai,Xã Khao Mang,21.9078898,103.9748758,47,Good,0,11.1,86,0.0,2.5,111,868.3,0,23.9,24.6,619.0,12.3,68.0,4.2
2026-03-10 23:00:00,2026,3,10,23,Lào Cai,Xã Khao Mang,21.9078898,103.9748758,45,Good,0,10.8,85,0.0,1.5,120,868.4,1,24.4,25.0,595.0,13.0,65.0,4.4
2026-03-11 00:00:00,2026,3,11,0,Lào Cai,Xã Khao Mang,21.9078898,103.9748758,47,Good,0,10.4,85,0.0,2.4,99,868.3,1,24.3,24.9,550.0,13.6,62.0,4.4
2026-03-11 01:00:00,2026,3,11,1,Lào Cai,Xã Khao Mang,21.9078898,103.9748758,49,Good,0,10.3,88,0.0,4.0,98,868.2,14,24.2,24.7,509.0,13.8,61.0,4.2
2026-03-11 02:00:00,2026,3,11,2,Lào Cai,Xã Khao Mang,21.9078898,103.9748758,50,Good,0,10.3,89,0.0,5.4,98,867.9,28,23.9,24.4,473.0,13.2,62.0,3.6
2026-03-11 03:00:00,2026,3,11,3,Lào Cai,Xã Khao Mang,21.9078898,103.9748758,51,Moderate,1,9.7,92,0.0,4.1,105,867.0,2,26.1,26.7,441.0,12.2,63.0,2.8
2026-03-11 04:00:00,2026,3,11,4,Lào Cai,Xã Khao Mang,21.9078898,103.9748758,52,Moderate,1,9.3,94,0.0,4.0,108,866.5,94,27.9,28.5,430.0,11.3,65.0,2.2
2026-03-11 05:00:00,2026,3,11,5,Lào Cai,Xã Khao Mang,21.9078898,103.9748758,54,Moderate,1,9.5,93,0.0,2.6,106,866.8,53,29.0,29.5,459.0,10.9,64.0,1.8
2026-03-11 06:00:00,2026,3,11,6,Lào Cai,Xã Khao Mang,21.9078898,103.9748758,55,Moderate,1,9.5,93,0.0,2.9,97,867.2,89,29.7,30.3,510.0,10.7,63.0,1.6
2026-03-11 07:00:00,2026,3,11,7,Lào Cai,Xã Khao Mang,21.9078898,103.9748758,56,Moderate,1,10.9,87,0.0,2.5,90,868.4,100,31.5,32.0,540.0,10.0,63.0,2.5
2026-03-11 08:00:00,2026,3,11,8,Lào Cai,Xã Khao Mang,21.9078898,103.9748758,59,Moderate,1,12.6,82,0.0,3.2,34,869.7,97,29.6,30.3,528.0,8.0,78.0,4.7
2026-03-11 09:00:00,2026,3,11,9,Lào Cai,Xã Khao Mang,21.9078898,103.9748758,62,Moderate,1,14.5,75,0.0,4.1,347,870.6,100,28.7,29.5,497.0,5.3,99.0,7.7
2026-03-11 10:00:00,2026,3,11,10,Lào Cai,Xã Khao Mang,21.9078898,103.9748758,64,Moderate,1,16.3,67,0.0,5.4,318,871.0,100,26.9,28.1,470.0,3.1,116.0,9.4
2026-03-11 11:00:00,2026,3,11,11,Lào Cai,Xã Khao Mang,21.9078898,103.9748758,66,Moderate,1,17.6,63,0.0,6.7,289,870.8,97,27.2,28.6,458.0,2.1,124.0,8.6
2026-03-11 12:00:00,2026,3,11,12,Lào Cai,Xã Khao Mang,21.9078898,103.9748758,69,Moderate,1,19.2,58,0.0,10.1,286,870.2,98,28.3,29.8,451.0,1.7,128.0,6.5
2026-03-11 13:00:00,2026,3,11,13,Lào Cai,Xã Khao Mang,21.9078898,103.9748758,71,Moderate,1,19.6,55,0.0,10.6,280,869.8,98,29.7,31.4,445.0,1.5,131.0,5.0
2026-03-11 14:00:00,2026,3,11,14,Lào Cai,Xã Khao Mang,21.9078898,103.9748758,73,Moderate,1,19.3,57,0.0,8.0,280,868.4,95,30.9,32.7,432.0,1.3,134.0,4.7
2026-03-11 15:00:00,2026,3,11,15,Lào Cai,Xã Khao Mang,21.9078898,103.9748758,75,Moderate,1,19.7,55,0.0,7.2,284,867.5,100,31.8,33.6,420.0,1.3,135.0,4.9
2026-03-11 16:00:00,2026,3,11,16,Lào Cai,Xã Khao Mang,21.9078898,103.9748758,77,Moderate,1,19.6,54,0.0,6.6,307,866.8,100,32.8,34.6,431.0,1.9,132.0,5.5
2026-03-11 17:00:00,2026,3,11,17,Lào Cai,Xã Khao Mang,21.9078898,103.9748758,79,Moderate,1,18.1,61,0.0,5.2,358,866.3,66,34.3,35.9,487.0,3.7,123.0,6.8
2026-03-11 18:00:00,2026,3,11,18,Lào Cai,Xã Khao Mang,21.9078898,103.9748758,84,Moderate,1,15.0,79,0.0,4.2,43,865.7,95,35.9,36.8,566.0,6.1,110.0,8.5
2026-03-11 19:00:00,2026,3,11,19,Lào Cai,Xã Khao Mang,21.9078898,103.9748758,84,Moderate,1,14.4,82,0.0,6.9,85,866.0,100,39.9,40.6,618.0,7.1,102.0,11.5
2026-03-11 20:00:00,2026,3,11,20,Lào Cai,Xã Khao Mang,21.9078898,103.9748758,85,Moderate,1,13.8,85,0.0,7.3,70,866.7,99,38.6,39.1,619.0,7.0,99.0,12.0
2026-03-11 21:00:00,2026,3,11,21,Lào Cai,Xã Khao Mang,21.9078898,103.9748758,87,Moderate,1,13.2,88,0.0,7.3,65,867.3,98,37.4,37.6,594.0,6.8,95.0,12.8
2026-03-11 22:00:00,2026,3,11,22,Lào Cai,Xã Khao Mang,21.9078898,103.9748758,88,Moderate,1,13.4,86,0.0,8.1,72,867.7,100,36.4,36.7,570.0,6.6,91.0,13.2
2026-03-11 23:00:00,2026,3,11,23,Lào Cai,Xã Khao Mang,21.9078898,103.9748758,89,Moderate,1,12.9,88,0.0,7.2,65,868.0,100,36.0,36.1,555.0,6.3,88.0,13.1
2026-03-12 00:00:00,2026,3,12,0,Lào Cai,Xã Khao Mang,21.9078898,103.9748758,90,Moderate,1,13.0,86,0.0,8.0,63,868.0,100,35.5,35.6,540.0,6.1,86.0,12.6
2026-03-12 01:00:00,2026,3,12,1,Lào Cai,Xã Khao Mang,21.9078898,103.9748758,91,Moderate,1,12.8,86,0.0,7.4,64,868.0,100,35.2,35.4,525.0,5.9,82.0,12.0
2026-03-12 02:00:00,2026,3,12,2,Lào Cai,Xã Khao Mang,21.9078898,103.9748758,92,Moderate,1,12.9,85,0.0,6.6,57,867.6,100,34.9,35.0,503.0,6.0,76.0,11.2
2026-03-12 03:00:00,2026,3,12,3,Lào Cai,Xã Khao Mang,21.9078898,103.9748758,93,Moderate,1,12.9,84,0.0,6.2,49,867.5,100,34.6,34.7,481.0,6.2,68.0,10.3
2026-03-12 04:00:00,2026,3,12,4,Lào Cai,Xã Khao Mang,21.9078898,103.9748758,94,Moderate,1,12.7,85,0.0,5.1,45,867.5,100,34.8,35.0,474.0,6.3,64.0,9.5
2026-03-12 05:00:00,2026,3,12,5,Lào Cai,Xã Khao Mang,21.9078898,103.9748758,94,Moderate,1,12.5,84,0.0,3.8,41,867.8,100,34.5,34.7,500.0,6.4,63.0,8.9
2026-03-12 06:00:00,2026,3,12,6,Lào Cai,Xã Khao Mang,21.9078898,103.9748758,95,Moderate,1,12.4,86,0.0,6.7,52,868.2,100,35.0,35.3,541.0,6.4,65.0,8.3
2026-03-12 07:00:00,2026,3,12,7,Lào Cai,Xã Khao Mang,21.9078898,103.9748758,95,Moderate,1,12.5,92,0.4,6.1,62,868.8,100,29.4,29.7,562.0,5.1,81.0,9.0
2026-03-12 08:00:00,2026,3,12,8,Lào Cai,Xã Khao Mang,21.9078898,103.9748758,95,Moderate,1,13.0,85,0.0,5.7,55,869.8,100,26.0,26.4,543.0,4.2,89.0,8.8
2026-03-12 09:00:00,2026,3,12,9,Lào Cai,Xã Khao Mang,21.9078898,103.9748758,95,Moderate,1,13.9,79,0.0,7.9,49,870.6,100,25.5,26.0,504.0,3.1,99.0,8.5
2026-03-12 10:00:00,2026,3,12,10,Lào Cai,Xã Khao Mang,21.9078898,103.9748758,95,Moderate,1,15.8,67,0.0,8.3,57,871.3,100,26.5,27.1,473.0,2.1,108.0,7.8
2026-03-12 11:00:00,2026,3,12,11,Lào Cai,Xã Khao Mang,21.9078898,103.9748758,95,Moderate,1,17.1,61,0.0,8.9,61,870.9,100,28.6,29.3,459.0,1.6,113.0,6.6
2026-03-12 12:00:00,2026,3,12,12,Lào Cai,Xã Khao Mang,21.9078898,103.9748758,95,Moderate,1,17.6,59,0.0,8.0,62,870.0,100,26.7,27.3,451.0,1.3,115.0,5.0
2026-03-12 13:00:00,2026,3,12,13,Lào Cai,Xã Khao Mang,21.9078898,103.9748758,95,Moderate,1,17.2,57,0.0,6.3,75,869.4,100,24.2,24.9,451.0,1.2,117.0,3.7
2026-03-12 14:00:00,2026,3,12,14,Lào Cai,Xã Khao Mang,21.9078898,103.9748758,94,Moderate,1,17.0,59,0.0,7.7,49,868.2,100,24.3,24.9,460.0,1.0,119.0,2.8
2026-03-12 15:00:00,2026,3,12,15,Lào Cai,Xã Khao Mang,21.9078898,103.9748758,94,Moderate,1,17.5,60,0.0,9.6,52,867.5,100,24.3,25.0,475.0,0.9,121.0,2.3
2026-03-12 16:00:00,2026,3,12,16,Lào Cai,Xã Khao Mang,21.9078898,103.9748758,93,Moderate,1,16.7,64,0.0,10.2,45,867.1,100,23.6,24.2,488.0,1.3,120.0,1.9
2026-03-12 17:00:00,2026,3,12,17,Lào Cai,Xã Khao Mang,21.9078898,103.9748758,92,Moderate,1,15.8,69,0.0,8.3,48,866.8,100,22.8,23.4,498.0,2.4,115.0,1.8
2026-03-12 18:00:00,2026,3,12,18,Lào Cai,Xã Khao Mang,21.9078898,103.9748758,91,Moderate,1,14.7,74,0.0,6.8,53,867.0,68,22.6,23.2,505.0,3.9,107.0,2.0
2026-03-12 19:00:00,2026,3,12,19,Lào Cai,Xã Khao Mang,21.9078898,103.9748758,90,Moderate,1,13.9,78,0.0,6.6,55,867.7,93,40.4,41.4,508.0,5.4,98.0,2.6
2026-03-12 20:00:00,2026,3,12,20,Lào Cai,Xã Khao Mang,21.9078898,103.9748758,90,Moderate,1,13.5,79,0.0,7.1,66,868.1,77,40.7,41.7,504.0,6.5,91.0,2.9
2026-03-12 21:00:00,2026,3,12,21,Lào Cai,Xã Khao Mang,21.9078898,103.9748758,90,Moderate,1,12.6,83,0.0,5.5,77,868.3,32,40.9,41.7,495.0,8.0,81.0,3.3
2026-03-12 22:00:00,2026,3,12,22,Lào Cai,Xã Khao Mang,21.9078898,103.9748758,90,Moderate,1,11.8,84,0.0,6.3,90,868.6,27,41.1,42.0,482.0,9.3,74.0,3.5
2026-03-12 23:00:00,2026,3,12,23,Lào Cai,Xã Khao Mang,21.9078898,103.9748758,91,Moderate,1,10.9,85,0.0,6.7,98,868.4,30,41.4,42.4,464.0,10.1,71.0,3.3
2026-03-13 00:00:00,2026,3,13,0,Lào Cai,Xã Khao Mang,21.9078898,103.9748758,91,Moderate,1,10.5,85,0.0,7.2,103,868.4,41,41.4,42.4,442.0,10.6,71.0,2.9
2026-03-13 01:00:00,2026,3,13,1,Lào Cai,Xã Khao Mang,21.9078898,103.9748758,92,Moderate,1,11.0,88,0.0,6.0,100,868.7,27,42.7,43.7,425.0,10.7,71.0,2.5
2026-03-13 02:00:00,2026,3,13,2,Lào Cai,Xã Khao Mang,21.9078898,103.9748758,92,Moderate,1,10.2,87,0.0,8.2,98,867.5,6,43.0,44.0,410.0,9.9,70.0,2.0
2026-03-13 03:00:00,2026,3,13,3,Lào Cai,Xã Khao Mang,21.9078898,103.9748758,93,Moderate,1,9.9,84,0.0,8.8,102,866.9,21,42.7,43.8,400.0,8.7,70.0,1.5
2026-03-13 04:00:00,2026,3,13,4,Lào Cai,Xã Khao Mang,21.9078898,103.9748758,94,Moderate,1,10.1,84,0.0,7.9,101,867.1,62,42.0,42.8,405.0,7.8,69.0,1.1
2026-03-13 05:00:00,2026,3,13,5,Lào Cai,Xã Khao Mang,21.9078898,103.9748758,95,Moderate,1,10.5,82,0.0,7.5,101,867.9,81,41.2,42.0,444.0,8.1,64.0,0.9
2026-03-13 06:00:00,2026,3,13,6,Lào Cai,Xã Khao Mang,21.9078898,103.9748758,95,Moderate,1,11.0,81,0.0,6.2,98,868.6,70,41.1,41.9,499.0,8.8,59.0,0.8
2026-03-13 07:00:00,2026,3,13,7,Lào Cai,Xã Khao Mang,21.9078898,103.9748758,96,Moderate,1,12.0,82,0.0,5.5,81,869.9,100,34.7,35.5,524.0,5.9,82.0,2.6
2026-03-13 08:00:00,2026,3,13,8,Lào Cai,Xã Khao Mang,21.9078898,103.9748758,96,Moderate,1,12.5,78,0.0,5.1,63,870.8,99,34.9,36.9,489.0,4.7,92.0,3.3
2026-03-13 09:00:00,2026,3,13,9,Lào Cai,Xã Khao Mang,21.9078898,103.9748758,97,Moderate,1,14.5,65,0.0,6.0,63,871.8,34,43.1,46.4,425.0,3.1,107.0,4.3
2026-03-13 10:00:00,2026,3,13,10,Lào Cai,Xã Khao Mang,21.9078898,103.9748758,98,Moderate,1,16.6,54,0.0,7.1,63,872.2,94,43.7,46.4,376.0,1.9,118.0,5.2
2026-03-13 11:00:00,2026,3,13,11,Lào Cai,Xã Khao Mang,21.9078898,103.9748758,100,Moderate,1,17.8,51,0.0,2.9,68,871.9,100,42.8,45.5,364.0,1.5,122.0,5.9
2026-03-13 12:00:00,2026,3,13,12,Lào Cai,Xã Khao Mang,21.9078898,103.9748758,101,Unhealthy for Sensitive Groups,2,17.6,52,0.0,1.5,306,870.7,100,41.4,44.2,367.0,1.4,124.0,6.4
2026-03-13 13:00:00,2026,3,13,13,Lào Cai,Xã Khao Mang,21.9078898,103.9748758,103,Unhealthy for Sensitive Groups,2,16.1,59,0.0,2.3,299,870.2,100,39.2,41.9,370.0,1.4,125.0,6.7
2026-03-13 14:00:00,2026,3,13,14,Lào Cai,Xã Khao Mang,21.9078898,103.9748758,105,Unhealthy for Sensitive Groups,2,15.3,67,0.1,3.9,336,868.9,97,36.0,38.5,363.0,1.2,129.0,6.6
2026-03-13 15:00:00,2026,3,13,15,Lào Cai,Xã Khao Mang,21.9078898,103.9748758,106,Unhealthy for Sensitive Groups,2,15.3,69,0.2,3.8,5,868.4,98,33.3,35.7,355.0,1.0,133.0,6.2
2026-03-13 16:00:00,2026,3,13,16,Lào Cai,Xã Khao Mang,21.9078898,103.9748758,107,Unhealthy for Sensitive Groups,2,15.1,68,0.1,3.9,24,868.2,92,31.8,34.1,354.0,1.5,133.0,6.0
2026-03-13 17:00:00,2026,3,13,17,Lào Cai,Xã Khao Mang,21.9078898,103.9748758,108,Unhealthy for Sensitive Groups,2,14.8,65,0.0,4.5,56,867.7,72,32.7,35.0,366.0,3.2,127.0,6.1
2026-03-13 18:00:00,2026,3,13,18,Lào Cai,Xã Khao Mang,21.9078898,103.9748758,109,Unhealthy for Sensitive Groups,2,14.1,66,0.0,4.0,51,867.5,57,34.0,36.0,385.0,5.5,117.0,6.4
2026-03-13 19:00:00,2026,3,13,19,Lào Cai,Xã Khao Mang,21.9078898,103.9748758,110,Unhealthy for Sensitive Groups,2,12.4,95,0.0,4.0,85,868.3,38,40.2,42.1,400.0,6.8,103.0,7.4
2026-03-13 20:00:00,2026,3,13,20,Lào Cai,Xã Khao Mang,21.9078898,103.9748758,110,Unhealthy for Sensitive Groups,2,11.8,93,0.0,5.4,88,868.4,38,41.0,43.0,405.0,8.0,96.0,7.7
2026-03-13 21:00:00,2026,3,13,21,Lào Cai,Xã Khao Mang,21.9078898,103.9748758,110,Unhealthy for Sensitive Groups,2,10.7,93,0.0,5.8,95,868.7,49,40.9,42.7,406.0,9.7,87.0,8.1
2026-03-13 22:00:00,2026,3,13,22,Lào Cai,Xã Khao Mang,21.9078898,103.9748758,110,Unhealthy for Sensitive Groups,2,10.3,91,0.0,6.2,102,868.8,32,41.1,43.0,411.0,11.2,80.0,8.5
2026-03-13 23:00:00,2026,3,13,23,Lào Cai,Xã Khao Mang,21.9078898,103.9748758,110,Unhealthy for Sensitive Groups,2,9.4,94,0.0,6.2,107,868.6,31,42.7,44.6,424.0,12.5,77.0,9.0
2026-03-14 00:00:00,2026,3,14,0,Lào Cai,Xã Khao Mang,21.9078898,103.9748758,110,Unhealthy for Sensitive Groups,2,9.2,93,0.0,6.6,107,868.2,20,44.4,46.3,441.0,13.6,77.0,9.4
2026-03-14 01:00:00,2026,3,14,1,Lào Cai,Xã Khao Mang,21.9078898,103.9748758,110,Unhealthy for Sensitive Groups,2,10.0,91,0.0,7.0,102,868.3,1,44.8,46.7,453.0,14.1,75.0,9.4
2026-03-14 02:00:00,2026,3,14,2,Lào Cai,Xã Khao Mang,21.9078898,103.9748758,110,Unhealthy for Sensitive Groups,2,8.8,93,0.0,6.0,107,866.8,2,44.8,46.3,453.0,13.5,69.0,8.5
2026-03-14 03:00:00,2026,3,14,3,Lào Cai,Xã Khao Mang,21.9078898,103.9748758,111,Unhealthy for Sensitive Groups,2,8.3,95,0.0,5.5,109,866.3,6,43.3,44.6,447.0,12.2,62.0,7.1
2026-03-14 04:00:00,2026,3,14,4,Lào Cai,Xã Khao Mang,21.9078898,103.9748758,111,Unhealthy for Sensitive Groups,2,7.9,96,0.0,4.8,112,866.3,21,42.4,43.5,449.0,11.1,57.0,6.2
2026-03-14 05:00:00,2026,3,14,5,Lào Cai,Xã Khao Mang,21.9078898,103.9748758,111,Unhealthy for Sensitive Groups,2,7.8,96,0.0,3.9,114,866.6,20,41.4,42.6,470.0,10.8,54.0,6.2
2026-03-14 06:00:00,2026,3,14,6,Lào Cai,Xã Khao Mang,21.9078898,103.9748758,111,Unhealthy for Sensitive Groups,2,7.9,95,0.0,3.5,118,867.5,23,40.9,41.9,497.0,10.6,54.0,6.6
2026-03-14 07:00:00,2026,3,14,7,Lào Cai,Xã Khao Mang,21.9078898,103.9748758,111,Unhealthy for Sensitive Groups,2,11.0,84,0.0,2.7,122,869.4,98,36.9,38.0,510.0,10.7,63.0,8.3
2026-03-14 08:00:00,2026,3,14,8,Lào Cai,Xã Khao Mang,21.9078898,103.9748758,111,Unhealthy for Sensitive Groups,2,12.4,78,0.0,1.7,77,870.7,59,34.6,36.0,493.0,8.0,88.0,9.3
2026-03-14 09:00:00,2026,3,14,9,Lào Cai,Xã Khao Mang,21.9078898,103.9748758,111,Unhealthy for Sensitive Groups,2,14.2,68,0.0,2.0,315,871.6,22,31.7,33.3,461.0,4.3,121.0,10.6
2026-03-14 10:00:00,2026,3,14,10,Lào Cai,Xã Khao Mang,21.9078898,103.9748758,110,Unhealthy for Sensitive Groups,2,16.4,62,0.0,5.2,301,872.3,27,29.5,31.0,433.0,1.6,145.0,10.9
2026-03-14 11:00:00,2026,3,14,11,Lào Cai,Xã Khao Mang,21.9078898,103.9748758,108,Unhealthy for Sensitive Groups,2,18.3,56,0.0,7.6,277,872.4,50,27.4,28.8,415.0,0.8,149.0,9.3
2026-03-14 12:00:00,2026,3,14,12,Lào Cai,Xã Khao Mang,21.9078898,103.9748758,107,Unhealthy for Sensitive Groups,2,19.5,52,0.0,10.8,274,871.8,57,26.9,28.2,401.0,1.0,143.0,6.8
2026-03-14 13:00:00,2026,3,14,13,Lào Cai,Xã Khao Mang,21.9078898,103.9748758,105,Unhealthy for Sensitive Groups,2,18.7,56,0.0,11.4,285,871.6,39,27.0,28.3,391.0,1.3,137.0,4.9
2026-03-14 14:00:00,2026,3,14,14,Lào Cai,Xã Khao Mang,21.9078898,103.9748758,104,Unhealthy for Sensitive Groups,2,18.9,57,0.0,10.2,288,870.1,26,27.5,28.8,383.0,1.2,136.0,4.3
2026-03-14 15:00:00,2026,3,14,15,Lào Cai,Xã Khao Mang,21.9078898,103.9748758,103,Unhealthy for Sensitive Groups,2,19.1,58,0.0,8.9,295,869.3,43,29.4,30.7,380.0,1.2,135.0,4.4
2026-03-14 16:00:00,2026,3,14,16,Lào Cai,Xã Khao Mang,21.9078898,103.9748758,103,Unhealthy for Sensitive Groups,2,18.3,60,0.0,6.7,306,868.7,66,30.3,31.7,388.0,1.8,131.0,4.7
2026-03-14 17:00:00,2026,3,14,17,Lào Cai,Xã Khao Mang,21.9078898,103.9748758,102,Unhealthy for Sensitive Groups,2,17.6,63,0.0,5.4,326,868.2,61,31.4,32.7,415.0,3.7,122.0,5.3
2026-03-14 18:00:00,2026,3,14,18,Lào Cai,Xã Khao Mang,21.9078898,103.9748758,102,Unhealthy for Sensitive Groups,2,15.6,76,0.0,3.0,25,868.2,61,32.6,34.0,452.0,6.3,110.0,6.1
2026-03-14 19:00:00,2026,3,14,19,Lào Cai,Xã Khao Mang,21.9078898,103.9748758,102,Unhealthy for Sensitive Groups,2,13.1,96,0.0,5.4,104,868.0,80,47.4,49.2,483.0,7.6,100.0,6.2
2026-03-14 20:00:00,2026,3,14,20,Lào Cai,Xã Khao Mang,21.9078898,103.9748758,103,Unhealthy for Sensitive Groups,2,13.2,97,0.0,5.2,96,868.8,51,46.6,48.3,501.0,8.2,94.0,6.8
2026-03-14 21:00:00,2026,3,14,21,Lào Cai,Xã Khao Mang,21.9078898,103.9748758,104,Unhealthy for Sensitive Groups,2,12.9,96,0.0,4.7,88,869.2,46,45.5,47.1,512.0,9.1,84.0,7.5
2026-03-14 22:00:00,2026,3,14,22,Lào Cai,Xã Khao Mang,21.9078898,103.9748758,104,Unhealthy for Sensitive Groups,2,12.3,96,0.0,3.3,84,869.2,64,43.9,45.2,520.0,9.8,75.0,7.9
2026-03-14 23:00:00,2026,3,14,23,Lào Cai,Xã Khao Mang,21.9078898,103.9748758,104,Unhealthy for Sensitive Groups,2,12.2,95,0.0,2.9,90,869.3,48,40.7,41.7,529.0,10.4,66.0,7.5
2026-03-15 00:00:00,2026,3,15,0,Lào Cai,Xã Khao Mang,21.9078898,103.9748758,104,Unhealthy for Sensitive Groups,2,12.3,95,0.0,2.5,94,869.3,37,37.6,38.4,536.0,10.9,57.0,6.7
2026-03-15 01:00:00,2026,3,15,1,Lào Cai,Xã Khao Mang,21.9078898,103.9748758,103,Unhealthy for Sensitive Groups,2,12.4,94,0.0,2.4,99,868.9,96,33.5,34.2,533.0,11.0,50.0,6.2
2026-03-15 02:00:00,2026,3,15,2,Lào Cai,Xã Khao Mang,21.9078898,103.9748758,102,Unhealthy for Sensitive Groups,2,12.3,95,0.0,1.3,90,868.7,100,28.9,29.5,510.0,10.5,47.0,6.2
2026-03-15 03:00:00,2026,3,15,3,Lào Cai,Xã Khao Mang,21.9078898,103.9748758,101,Unhealthy for Sensitive Groups,2,12.5,96,0.0,1.8,84,868.5,100,25.8,26.4,477.0,9.6,47.0,6.4
2026-03-15 04:00:00,2026,3,15,4,Lào Cai,Xã Khao Mang,21.9078898,103.9748758,99,Moderate,1,12.3,96,0.0,2.4,117,868.1,100,21.6,22.0,455.0,8.8,48.0,6.8
2026-03-15 05:00:00,2026,3,15,5,Lào Cai,Xã Khao Mang,21.9078898,103.9748758,97,Moderate,1,12.1,96,0.0,1.6,84,868.6,100,18.9,19.3,461.0,8.3,48.0,7.6
2026-03-15 06:00:00,2026,3,15,6,Lào Cai,Xã Khao Mang,21.9078898,103.9748758,95,Moderate,1,12.2,96,0.0,2.2,99,869.1,100,16.3,16.6,479.0,7.8,49.0,8.6
2026-03-15 07:00:00,2026,3,15,7,Lào Cai,Xã Khao Mang,21.9078898,103.9748758,93,Moderate,1,11.5,94,0.0,1.4,130,869.3,97,27.8,28.8,482.0,9.0,44.0,10.0
2026-03-15 08:00:00,2026,3,15,8,Lào Cai,Xã Khao Mang,21.9078898,103.9748758,92,Moderate,1,13.4,89,0.0,0.4,297,871.0,100,21.7,22.5,455.0,7.9,54.0,11.0
2026-03-15 09:00:00,2026,3,15,9,Lào Cai,Xã Khao Mang,21.9078898,103.9748758,91,Moderate,1,15.3,77,0.0,2.9,263,872.1,100,19.3,20.0,413.0,6.4,68.0,12.2
2026-03-15 10:00:00,2026,3,15,10,Lào Cai,Xã Khao Mang,21.9078898,103.9748758,90,Moderate,1,16.9,71,0.0,5.6,277,872.4,100,18.7,19.5,377.0,4.9,82.0,12.3
2026-03-15 11:00:00,2026,3,15,11,Lào Cai,Xã Khao Mang,21.9078898,103.9748758,89,Moderate,1,17.0,74,0.0,9.0,292,872.1,99,20.0,21.0,355.0,3.5,96.0,10.4
2026-03-15 12:00:00,2026,3,15,12,Lào Cai,Xã Khao Mang,21.9078898,103.9748758,88,Moderate,1,18.8,67,0.1,9.0,268,871.7,29,21.1,22.1,339.0,2.2,109.0,7.4
2026-03-15 13:00:00,2026,3,15,13,Lào Cai,Xã Khao Mang,21.9078898,103.9748758,88,Moderate,1,19.3,63,0.0,11.1,277,871.3,93,22.3,23.5,329.0,1.3,118.0,4.9
2026-03-15 14:00:00,2026,3,15,14,Lào Cai,Xã Khao Mang,21.9078898,103.9748758,87,Moderate,1,16.7,84,3.4,9.6,275,869.3,55,21.5,22.9,325.0,0.7,121.0,3.6
2026-03-15 15:00:00,2026,3,15,15,Lào Cai,Xã Khao Mang,21.9078898,103.9748758,87,Moderate,1,18.4,71,2.2,4.4,279,868.9,51,25.1,27.5,328.0,0.4,120.0,2.8
2026-03-15 16:00:00,2026,3,15,16,Lào Cai,Xã Khao Mang,21.9078898,103.9748758,86,Moderate,1,18.2,70,0.1,6.6,249,868.1,45,23.3,25.7,338.0,1.2,116.0,2.4
2026-03-15 17:00:00,2026,3,15,17,Lào Cai,Xã Khao Mang,21.9078898,103.9748758,86,Moderate,1,17.4,72,0.0,6.5,214,867.8,63,24.1,26.6,363.0,3.7,108.0,2.5
2026-03-15 18:00:00,2026,3,15,18,Lào Cai,Xã Khao Mang,21.9078898,103.9748758,85,Moderate,1,15.9,81,0.0,1.4,180,867.4,90,25.0,27.0,397.0,7.2,97.0,3.1
2026-03-15 19:00:00,2026,3,15,19,Lào Cai,Xã Khao Mang,21.9078898,103.9748758,84,Moderate,1,14.1,91,0.0,3.0,123,867.1,51,28.7,30.4,419.0,10.7,84.0,5.7
2026-03-15 20:00:00,2026,3,15,20,Lào Cai,Xã Khao Mang,21.9078898,103.9748758,83,Moderate,1,13.9,90,0.0,3.2,117,867.7,17,33.1,34.9,421.0,12.6,79.0,6.5
2026-03-15 21:00:00,2026,3,15,21,Lào Cai,Xã Khao Mang,21.9078898,103.9748758,82,Moderate,1,13.4,91,0.0,4.0,117,867.9,84,34.8,36.7,411.0,15.1,72.0,7.5
2026-03-15 22:00:00,2026,3,15,22,Lào Cai,Xã Khao Mang,21.9078898,103.9748758,81,Moderate,1,12.9,91,0.0,1.7,122,867.9,36,37.6,39.5,400.0,16.8,65.0,8.1
2026-03-15 23:00:00,2026,3,15,23,Lào Cai,Xã Khao Mang,21.9078898,103.9748758,80,Moderate,1,12.6,91,0.0,2.1,105,868.0,95,37.5,39.0,391.0,16.8,58.0,7.8
2026-03-16 00:00:00,2026,3,16,0,Lào Cai,Xã Khao Mang,21.9078898,103.9748758,80,Moderate,1,12.7,89,0.0,1.0,112,868.2,100,38.3,39.7,380.0,15.9,52.0,7.1
2026-03-16 01:00:00,2026,3,16,1,Lào Cai,Xã Khao Mang,21.9078898,103.9748758,80,Moderate,1,12.5,97,0.0,3.6,153,867.8,100,40.0,41.4,367.0,15.2,45.0,6.3
2026-03-16 02:00:00,2026,3,16,2,Lào Cai,Xã Khao Mang,21.9078898,103.9748758,80,Moderate,1,12.3,92,0.1,2.1,121,866.3,84,41.1,42.4,345.0,15.5,37.0,5.3
2026-03-16 03:00:00,2026,3,16,3,Lào Cai,Xã Khao Mang,21.9078898,103.9748758,82,Moderate,1,11.9,91,0.0,0.6,124,865.8,98,40.2,41.3,320.0,16.1,29.0,4.2
2026-03-16 04:00:00,2026,3,16,4,Lào Cai,Xã Khao Mang,21.9078898,103.9748758,83,Moderate,1,11.5,90,0.0,1.5,126,865.3,99,37.1,38.0,311.0,15.8,26.0,3.6
2026-03-16 05:00:00,2026,3,16,5,Lào Cai,Xã Khao Mang,21.9078898,103.9748758,84,Moderate,1,11.9,88,0.0,0.6,146,865.9,84,34.9,35.5,333.0,13.9,31.0,4.1
2026-03-16 06:00:00,2026,3,16,6,Lào Cai,Xã Khao Mang,21.9078898,103.9748758,86,Moderate,1,11.8,89,0.0,2.2,104,866.0,7,31.1,31.8,371.0,11.2,41.0,5.3
2026-03-16 07:00:00,2026,3,16,7,Lào Cai,Xã Khao Mang,21.9078898,103.9748758,87,Moderate,1,11.8,91,0.0,1.5,150,866.6,41,21.9,22.1,393.0,12.1,35.0,5.3
2026-03-16 08:00:00,2026,3,16,8,Lào Cai,Xã Khao Mang,21.9078898,103.9748758,86,Moderate,1,13.7,87,0.0,1.2,117,868.2,43,17.3,17.6,382.0,9.2,55.0,5.7
2026-03-16 09:00:00,2026,3,16,9,Lào Cai,Xã Khao Mang,21.9078898,103.9748758,86,Moderate,1,15.6,78,0.0,2.3,266,869.5,45,15.4,16.1,355.0,5.2,84.0,6.1
2026-03-16 10:00:00,2026,3,16,10,Lào Cai,Xã Khao Mang,21.9078898,103.9748758,86,Moderate,1,17.1,72,0.0,6.3,267,870.1,44,16.0,17.3,334.0,2.1,105.0,5.9
2026-03-16 11:00:00,2026,3,16,11,Lào Cai,Xã Khao Mang,21.9078898,103.9748758,85,Moderate,1,18.1,70,0.0,8.3,274,870.0,53,15.1,16.5,327.0,1.0,113.0,4.5
2026-03-16 12:00:00,2026,3,16,12,Lào Cai,Xã Khao Mang,21.9078898,103.9748758,85,Moderate,1,18.4,69,0.2,10.0,261,869.6,53,16.3,18.6,325.0,0.8,113.0,2.6
2026-03-16 13:00:00,2026,3,16,13,Lào Cai,Xã Khao Mang,21.9078898,103.9748758,85,Moderate,1,18.8,69,0.5,7.2,269,869.1,49,15.8,18.2,326.0,0.9,113.0,1.2
2026-03-16 14:00:00,2026,3,16,14,Lào Cai,Xã Khao Mang,21.9078898,103.9748758,84,Moderate,1,18.6,70,0.1,10.5,264,867.7,54,17.1,20.1,326.0,0.6,114.0,0.9
2026-03-16 15:00:00,2026,3,16,15,Lào Cai,Xã Khao Mang,21.9078898,103.9748758,84,Moderate,1,18.3,72,0.3,5.6,243,866.2,23,17.8,20.9,328.0,0.5,114.0,1.1
2026-03-16 16:00:00,2026,3,16,16,Lào Cai,Xã Khao Mang,21.9078898,103.9748758,83,Moderate,1,18.9,66,0.1,6.8,272,866.0,23,20.0,23.9,343.0,1.5,111.0,1.5
2026-03-16 17:00:00,2026,3,16,17,Lào Cai,Xã Khao Mang,21.9078898,103.9748758,83,Moderate,1,18.1,69,0.0,4.7,268,865.3,27,20.3,24.0,385.0,4.2,102.0,2.0
2026-03-16 18:00:00,2026,3,16,18,Lào Cai,Xã Khao Mang,21.9078898,103.9748758,82,Moderate,1,16.2,81,0.0,0.9,259,864.7,31,21.2,24.3,440.0,7.9,91.0,2.7
2026-03-16 19:00:00,2026,3,16,19,Lào Cai,Xã Khao Mang,21.9078898,103.9748758,82,Moderate,1,15.5,86,0.0,1.0,135,865.2,15,21.8,25.1,473.0,11.3,87.0,3.4
2026-03-16 20:00:00,2026,3,16,20,Lào Cai,Xã Khao Mang,21.9078898,103.9748758,81,Moderate,1,14.6,88,0.0,1.4,113,865.3,9,23.7,27.0,462.0,13.8,81.0,4.2
2026-03-16 21:00:00,2026,3,16,21,Lào Cai,Xã Khao Mang,21.9078898,103.9748758,81,Moderate,1,13.7,89,0.0,1.6,117,865.7,49,26.1,29.3,429.0,17.2,72.0,5.2
2026-03-16 22:00:00,2026,3,16,22,Lào Cai,Xã Khao Mang,21.9078898,103.9748758,80,Moderate,1,13.9,87,0.1,0.8,135,866.1,62,27.8,30.9,402.0,19.6,64.0,5.6
2026-03-16 23:00:00,2026,3,16,23,Lào Cai,Xã Khao Mang,21.9078898,103.9748758,79,Moderate,1,13.7,87,0.2,1.7,122,865.8,2,28.6,31.5,396.0,20.1,57.0,4.8
2026-03-17 00:00:00,2026,3,17,0,Lào Cai,Xã Khao Mang,21.9078898,103.9748758,78,Moderate,1,13.1,87,0.0,0.6,146,865.7,40,34.3,37.0,397.0,19.7,51.0,3.3
2026-03-17 01:00:00,2026,3,17,1,Lào Cai,Xã Khao Mang,21.9078898,103.9748758,78,Moderate,1,12.8,89,0.0,1.0,121,865.2,52,34.3,36.1,391.0,18.8,46.0,2.2
2026-03-17 02:00:00,2026,3,17,2,Lào Cai,Xã Khao Mang,21.9078898,103.9748758,77,Moderate,1,12.6,90,0.0,2.6,129,864.2,29,33.2,34.5,366.0,17.4,41.0,1.8
2026-03-17 03:00:00,2026,3,17,3,Lào Cai,Xã Khao Mang,21.9078898,103.9748758,77,Moderate,1,12.3,91,0.0,1.0,121,863.5,30,32.6,33.9,335.0,15.7,37.0,1.8
2026-03-17 04:00:00,2026,3,17,4,Lào Cai,Xã Khao Mang,21.9078898,103.9748758,76,Moderate,1,12.2,92,0.0,1.2,129,863.7,63,32.5,33.9,320.0,14.6,33.0,1.8
2026-03-17 05:00:00,2026,3,17,5,Lào Cai,Xã Khao Mang,21.9078898,103.9748758,75,Moderate,1,12.9,92,0.0,1.7,131,864.5,38,31.2,32.6,340.0,15.2,26.0,1.7
2026-03-17 06:00:00,2026,3,17,6,Lào Cai,Xã Khao Mang,21.9078898,103.9748758,75,Moderate,1,13.2,91,0.0,1.5,111,864.9,24,30.6,32.0,378.0,16.4,18.0,1.7
2026-03-17 07:00:00,2026,3,17,7,Lào Cai,Xã Khao Mang,21.9078898,103.9748758,75,Moderate,1,13.4,90,0.0,1.5,135,865.5,27,14.4,16.7,400.0,11.1,37.0,1.5
2026-03-17 08:00:00,2026,3,17,8,Lào Cai,Xã Khao Mang,21.9078898,103.9748758,74,Moderate,1,14.2,96,0.1,1.9,139,866.5,45,18.8,22.5,390.0,8.2,60.0,1.7
2026-03-17 09:00:00,2026,3,17,9,Lào Cai,Xã Khao Mang,21.9078898,103.9748758,75,Moderate,1,15.8,88,0.2,2.8,225,867.7,53,19.8,24.3,365.0,4.2,91.0,2.0
2026-03-17 10:00:00,2026,3,17,10,Lào Cai,Xã Khao Mang,21.9078898,103.9748758,75,Moderate,1,17.4,80,0.0,6.0,249,868.4,42,20.3,24.8,346.0,1.3,114.0,2.3
2026-03-17 11:00:00,2026,3,17,11,Lào Cai,Xã Khao Mang,21.9078898,103.9748758,75,Moderate,1,19.4,72,0.2,10.7,256,868.8,73,21.5,26.0,341.0,0.4,122.0,2.6
2026-03-17 12:00:00,2026,3,17,12,Lào Cai,Xã Khao Mang,21.9078898,103.9748758,76,Moderate,1,18.6,75,0.1,6.3,255,868.0,28,23.2,27.8,343.0,0.5,121.0,2.8
2026-03-17 13:00:00,2026,3,17,13,Lào Cai,Xã Khao Mang,21.9078898,103.9748758,76,Moderate,1,19.9,70,0.2,7.9,270,867.7,100,25.3,30.6,344.0,0.7,121.0,2.9
2026-03-17 14:00:00,2026,3,17,14,Lào Cai,Xã Khao Mang,21.9078898,103.9748758,77,Moderate,1,19.9,70,0.1,7.1,276,866.4,34,26.8,32.7,342.0,0.4,124.0,2.6
2026-03-17 15:00:00,2026,3,17,15,Lào Cai,Xã Khao Mang,21.9078898,103.9748758,78,Moderate,1,20.4,67,0.1,8.3,274,865.5,38,28.1,34.9,341.0,0.2,127.0,2.2
2026-03-17 16:00:00,2026,3,17,16,Lào Cai,Xã Khao Mang,21.9078898,103.9748758,79,Moderate,1,20.1,67,0.0,6.7,270,865.1,19,29.0,36.2,343.0,1.1,125.0,2.1
2026-03-17 17:00:00,2026,3,17,17,Lào Cai,Xã Khao Mang,21.9078898,103.9748758,80,Moderate,1,19.3,73,0.0,5.4,274,865.0,47,29.9,36.9,351.0,3.8,115.0,2.5
2026-03-17 18:00:00,2026,3,17,18,Lào Cai,Xã Khao Mang,21.9078898,103.9748758,81,Moderate,1,17.1,86,0.0,0.6,198,864.7,13,30.9,36.3,363.0,7.6,102.0,3.1
2026-03-17 19:00:00,2026,3,17,19,Lào Cai,Xã Khao Mang,21.9078898,103.9748758,82,Moderate,1,15.7,91,1.1,7.0,258,865.2,100,43.2,50.5,375.0,12.3,87.0,4.5
2026-03-17 20:00:00,2026,3,17,20,Lào Cai,Xã Khao Mang,21.9078898,103.9748758,84,Moderate,1,15.1,98,2.1,6.7,124,865.8,37,43.8,51.0,385.0,13.5,83.0,4.9
2026-03-17 21:00:00,2026,3,17,21,Lào Cai,Xã Khao Mang,21.9078898,103.9748758,85,Moderate,1,14.2,97,0.0,5.8,124,865.1,20,45.2,52.2,395.0,15.2,77.0,5.4
2026-03-17 22:00:00,2026,3,17,22,Lào Cai,Xã Khao Mang,21.9078898,103.9748758,87,Moderate,1,14.0,95,0.0,2.4,132,865.4,25,46.1,52.6,403.0,16.1,71.0,5.4
2026-03-17 23:00:00,2026,3,17,23,Lào Cai,Xã Khao Mang,21.9078898,103.9748758,89,Moderate,1,14.3,88,0.0,2.0,135,865.4,2,45.8,51.5,412.0,15.6,66.0,4.5
2026-03-18 00:00:00,2026,3,18,0,Lào Cai,Xã Khao Mang,21.9078898,103.9748758,90,Moderate,1,14.6,84,0.0,0.8,135,865.6,0,47.5,53.1,418.0,14.4,61.0,3.2
2026-03-18 01:00:00,2026,3,18,1,Lào Cai,Xã Khao Mang,21.9078898,103.9748758,91,Moderate,1,13.6,91,0.0,0.9,143,865.1,2,46.4,51.6,416.0,13.5,55.0,2.1
2026-03-18 02:00:00,2026,3,18,2,Lào Cai,Xã Khao Mang,21.9078898,103.9748758,92,Moderate,1,13.1,92,0.0,1.9,119,864.3,1,46.8,51.5,393.0,13.4,47.0,1.7
2026-03-18 03:00:00,2026,3,18,3,Lào Cai,Xã Khao Mang,21.9078898,103.9748758,94,Moderate,1,13.0,92,0.0,1.3,124,864.2,13,47.4,51.9,361.0,13.7,40.0,1.5
2026-03-18 04:00:00,2026,3,18,4,Lào Cai,Xã Khao Mang,21.9078898,103.9748758,95,Moderate,1,12.8,93,0.0,1.8,127,864.2,3,48.4,53.0,345.0,13.7,35.0,1.5
2026-03-18 05:00:00,2026,3,18,5,Lào Cai,Xã Khao Mang,21.9078898,103.9748758,96,Moderate,1,12.3,94,0.0,1.3,124,864.1,3,48.5,53.2,365.0,13.5,34.0,1.5
2026-03-18 06:00:00,2026,3,18,6,Lào Cai,Xã Khao Mang,21.9078898,103.9748758,98,Moderate,1,12.1,94,0.0,1.7,122,864.5,9,46.0,50.8,401.0,13.2,37.0,1.5
2026-03-18 07:00:00,2026,3,18,7,Lào Cai,Xã Khao Mang,21.9078898,103.9748758,99,Moderate,1,12.9,93,0.0,2.1,128,865.6,21,32.9,38.0,421.0,12.6,44.0,0.9
2026-03-18 08:00:00,2026,3,18,8,Lào Cai,Xã Khao Mang,21.9078898,103.9748758,101,Unhealthy for Sensitive Groups,2,15.8,97,0.0,1.3,124,867.7,16,36.2,41.8,408.0,9.4,65.0,2.0
2026-03-18 09:00:00,2026,3,18,9,Lào Cai,Xã Khao Mang,21.9078898,103.9748758,103,Unhealthy for Sensitive Groups,2,18.2,83,0.0,2.9,270,869.3,1,34.8,41.2,378.0,5.1,94.0,3.5
2026-03-18 10:00:00,2026,3,18,10,Lào Cai,Xã Khao Mang,21.9078898,103.9748758,104,Unhealthy for Sensitive Groups,2,20.1,71,0.0,5.4,266,870.2,2,34.0,40.9,355.0,1.8,116.0,4.6
2026-03-18 11:00:00,2026,3,18,11,Lào Cai,Xã Khao Mang,21.9078898,103.9748758,106,Unhealthy for Sensitive Groups,2,21.5,63,0.0,8.6,271,869.8,2,32.2,39.3,347.0,0.7,125.0,4.8
2026-03-18 12:00:00,2026,3,18,12,Lào Cai,Xã Khao Mang,21.9078898,103.9748758,107,Unhealthy for Sensitive Groups,2,22.5,58,0.0,10.3,271,869.1,4,31.7,39.2,345.0,0.7,127.0,4.5
2026-03-18 13:00:00,2026,3,18,13,Lào Cai,Xã Khao Mang,21.9078898,103.9748758,108,Unhealthy for Sensitive Groups,2,22.9,52,0.0,10.4,268,868.7,24,33.8,42.6,343.0,0.8,128.0,4.2
2026-03-18 14:00:00,2026,3,18,14,Lào Cai,Xã Khao Mang,21.9078898,103.9748758,109,Unhealthy for Sensitive Groups,2,22.8,49,0.0,10.0,263,867.5,28,33.1,41.7,331.0,0.5,131.0,3.9
2026-03-18 15:00:00,2026,3,18,15,Lào Cai,Xã Khao Mang,21.9078898,103.9748758,109,Unhealthy for Sensitive Groups,2,22.8,48,0.0,10.8,266,866.5,58,33.4,42.5,319.0,0.3,132.0,3.5
2026-03-18 16:00:00,2026,3,18,16,Lào Cai,Xã Khao Mang,21.9078898,103.9748758,110,Unhealthy for Sensitive Groups,2,21.8,55,0.0,8.3,248,866.1,56,35.6,46.2,328.0,1.3,130.0,3.4
2026-03-18 17:00:00,2026,3,18,17,Lào Cai,Xã Khao Mang,21.9078898,103.9748758,111,Unhealthy for Sensitive Groups,2,20.8,62,0.0,5.7,252,865.9,91,35.7,45.6,380.0,4.5,121.0,3.8
2026-03-18 18:00:00,2026,3,18,18,Lào Cai,Xã Khao Mang,21.9078898,103.9748758,111,Unhealthy for Sensitive Groups,2,18.9,74,0.0,0.6,198,865.4,6,39.5,49.5,452.0,8.8,109.0,4.5
2026-03-18 19:00:00,2026,3,18,19,Lào Cai,Xã Khao Mang,21.9078898,103.9748758,112,Unhealthy for Sensitive Groups,2,16.7,82,0.0,3.1,140,864.8,95,42.1,50.4,500.0,12.0,93.0,5.4
2026-03-18 20:00:00,2026,3,18,20,Lào Cai,Xã Khao Mang,21.9078898,103.9748758,112,Unhealthy for Sensitive Groups,2,16.1,81,0.0,2.3,129,864.9,11,44.7,52.6,501.0,13.4,86.0,5.8
2026-03-18 21:00:00,2026,3,18,21,Lào Cai,Xã Khao Mang,21.9078898,103.9748758,112,Unhealthy for Sensitive Groups,2,15.0,84,0.0,2.8,125,865.3,0,46.2,53.8,477.0,15.3,77.0,6.5
2026-03-18 22:00:00,2026,3,18,22,Lào Cai,Xã Khao Mang,21.9078898,103.9748758,112,Unhealthy for Sensitive Groups,2,14.3,85,0.0,1.7,122,865.9,10,48.8,55.8,450.0,16.4,69.0,6.8
2026-03-18 23:00:00,2026,3,18,23,Lào Cai,Xã Khao Mang,21.9078898,103.9748758,112,Unhealthy for Sensitive Groups,2,14.1,85,0.0,1.9,119,865.8,1,51.1,57.7,423.0,15.7,66.0,6.7
2026-03-19 00:00:00,2026,3,19,0,Lào Cai,Xã Khao Mang,21.9078898,103.9748758,113,Unhealthy for Sensitive Groups,2,13.7,85,0.0,1.9,124,865.2,9,53.0,59.3,393.0,14.2,65.0,6.4
2026-03-19 01:00:00,2026,3,19,1,Lào Cai,Xã Khao Mang,21.9078898,103.9748758,114,Unhealthy for Sensitive Groups,2,14.0,84,0.0,2.1,128,864.9,0,54.2,59.1,368.0,13.0,61.0,5.9
2026-03-19 02:00:00,2026,3,19,2,Lào Cai,Xã Khao Mang,21.9078898,103.9748758,114,Unhealthy for Sensitive Groups,2,13.7,83,0.0,2.2,125,864.4,0,55.2,59.5,349.0,12.7,52.0,5.1
2026-03-19 03:00:00,2026,3,19,3,Lào Cai,Xã Khao Mang,21.9078898,103.9748758,115,Unhealthy for Sensitive Groups,2,13.4,83,0.0,2.3,122,863.6,0,54.6,58.0,336.0,12.9,41.0,4.1
2026-03-19 04:00:00,2026,3,19,4,Lào Cai,Xã Khao Mang,21.9078898,103.9748758,116,Unhealthy for Sensitive Groups,2,13.2,83,0.0,1.9,124,863.7,0,54.2,57.4,336.0,13.2,32.0,3.3
2026-03-19 05:00:00,2026,3,19,5,Lào Cai,Xã Khao Mang,21.9078898,103.9748758,117,Unhealthy for Sensitive Groups,2,13.2,82,0.0,1.7,122,864.0,0,54.5,57.7,362.0,14.2,25.0,2.8
2026-03-19 06:00:00,2026,3,19,6,Lào Cai,Xã Khao Mang,21.9078898,103.9748758,117,Unhealthy for Sensitive Groups,2,13.1,82,0.0,1.7,122,864.4,0,54.2,57.4,401.0,15.3,21.0,2.4
2026-03-19 07:00:00,2026,3,19,7,Lào Cai,Xã Khao Mang,21.9078898,103.9748758,118,Unhealthy for Sensitive Groups,2,14.2,80,0.0,2.3,135,865.5,0,49.1,52.6,423.0,12.7,35.0,2.4
2026-03-19 08:00:00,2026,3,19,8,Lào Cai,Xã Khao Mang,21.9078898,103.9748758,120,Unhealthy for Sensitive Groups,2,17.7,72,0.0,2.1,165,867.8,2,48.1,53.2,410.0,9.4,60.0,2.8
2026-03-19 09:00:00,2026,3,19,9,Lào Cai,Xã Khao Mang,21.9078898,103.9748758,121,Unhealthy for Sensitive Groups,2,19.4,65,0.0,4.3,275,869.0,0,43.4,50.1,379.0,4.8,95.0,3.3
2026-03-19 10:00:00,2026,3,19,10,Lào Cai,Xã Khao Mang,21.9078898,103.9748758,122,Unhealthy for Sensitive Groups,2,20.9,60,0.0,7.2,266,869.3,0,40.3,47.5,353.0,1.4,121.0,3.7
2026-03-19 11:00:00,2026,3,19,11,Lào Cai,Xã Khao Mang,21.9078898,103.9748758,123,Unhealthy for Sensitive Groups,2,22.1,56,0.0,10.1,264,869.4,38,36.2,44.5,340.0,0.4,131.0,3.8
2026-03-19 12:00:00,2026,3,19,12,Lào Cai,Xã Khao Mang,21.9078898,103.9748758,123,Unhealthy for Sensitive Groups,2,23.1,53,0.1,11.5,267,868.6,7,35.2,47.7,333.0,0.5,133.0,3.9
2026-03-19 13:00:00,2026,3,19,13,Lào Cai,Xã Khao Mang,21.9078898,103.9748758,123,Unhealthy for Sensitive Groups,2,23.7,47,0.0,12.0,262,867.7,29,32.1,44.2,328.0,0.8,134.0,3.9
2026-03-19 14:00:00,2026,3,19,14,Lào Cai,Xã Khao Mang,21.9078898,103.9748758,123,Unhealthy for Sensitive Groups,2,22.9,48,0.0,12.3,265,866.5,47,31.1,43.9,324.0,0.5,138.0,4.0
2026-03-19 15:00:00,2026,3,19,15,Lào Cai,Xã Khao Mang,21.9078898,103.9748758,123,Unhealthy for Sensitive Groups,2,22.7,49,0.0,9.0,258,865.5,20,30.0,43.0,323.0,0.4,141.0,4.0
2026-03-19 16:00:00,2026,3,19,16,Lào Cai,Xã Khao Mang,21.9078898,103.9748758,123,Unhealthy for Sensitive Groups,2,22.7,50,0.0,8.4,260,864.8,41,29.3,42.6,328.0,1.1,139.0,4.2
2026-03-19 17:00:00,2026,3,19,17,Lào Cai,Xã Khao Mang,21.9078898,103.9748758,122,Unhealthy for Sensitive Groups,2,21.9,52,0.0,7.4,248,864.4,13,29.6,42.5,348.0,3.3,130.0,4.5
2026-03-19 18:00:00,2026,3,19,18,Lào Cai,Xã Khao Mang,21.9078898,103.9748758,121,Unhealthy for Sensitive Groups,2,19.6,63,0.0,3.6,225,863.4,9,31.2,43.0,375.0,6.3,117.0,4.9
2026-03-19 19:00:00,2026,3,19,19,Lào Cai,Xã Khao Mang,21.9078898,103.9748758,120,Unhealthy for Sensitive Groups,2,17.8,69,0.0,2.8,140,863.2,6,31.4,43.8,389.0,10.2,104.0,5.6
2026-03-19 20:00:00,2026,3,19,20,Lào Cai,Xã Khao Mang,21.9078898,103.9748758,119,Unhealthy for Sensitive Groups,2,17.2,69,0.0,3.6,139,863.4,0,33.3,45.9,379.0,11.6,98.0,6.0
2026-03-19 21:00:00,2026,3,19,21,Lào Cai,Xã Khao Mang,21.9078898,103.9748758,118,Unhealthy for Sensitive Groups,2,17.0,70,0.0,3.3,144,863.8,1,34.5,47.0,355.0,13.6,90.0,6.6
2026-03-19 22:00:00,2026,3,19,22,Lào Cai,Xã Khao Mang,21.9078898,103.9748758,117,Unhealthy for Sensitive Groups,2,16.5,71,0.0,2.7,143,864.1,0,35.5,48.5,334.0,15.4,82.0,7.0
2026-03-19 23:00:00,2026,3,19,23,Lào Cai,Xã Khao Mang,21.9078898,103.9748758,116,Unhealthy for Sensitive Groups,2,16.8,69,0.0,2.4,163,864.5,0,36.3,49.9,320.0,16.7,76.0,7.1
2026-03-20 00:00:00,2026,3,20,0,Lào Cai,Xã Khao Mang,21.9078898,103.9748758,114,Unhealthy for Sensitive Groups,2,16.6,69,0.0,1.8,156,864.2,0,36.8,51.0,308.0,17.7,71.0,7.1
2026-03-20 01:00:00,2026,3,20,1,Lào Cai,Xã Khao Mang,21.9078898,103.9748758,112,Unhealthy for Sensitive Groups,2,16.7,69,0.0,2.3,203,863.7,0,36.9,51.7,299.0,18.5,66.0,7.0
2026-03-20 02:00:00,2026,3,20,2,Lào Cai,Xã Khao Mang,21.9078898,103.9748758,111,Unhealthy for Sensitive Groups,2,16.3,70,0.0,2.1,165,863.2,0,37.1,52.3,291.0,19.1,62.0,7.0
2026-03-20 03:00:00,2026,3,20,3,Lào Cai,Xã Khao Mang,21.9078898,103.9748758,109,Unhealthy for Sensitive Groups,2,16.0,71,0.0,1.8,156,862.9,0,37.5,53.1,286.0,19.5,59.0,7.0
2026-03-20 04:00:00,2026,3,20,4,Lào Cai,Xã Khao Mang,21.9078898,103.9748758,107,Unhealthy for Sensitive Groups,2,16.0,71,0.0,2.1,160,863.0,0,37.8,53.9,294.0,19.8,56.0,6.9
2026-03-20 05:00:00,2026,3,20,5,Lào Cai,Xã Khao Mang,21.9078898,103.9748758,105,Unhealthy for Sensitive Groups,2,15.8,72,0.0,1.0,149,863.2,0,38.1,53.8,331.0,20.5,51.0,6.7
2026-03-20 06:00:00,2026,3,20,6,Lào Cai,Xã Khao Mang,21.9078898,103.9748758,103,Unhealthy for Sensitive Groups,2,15.2,75,0.0,1.8,135,863.7,11,37.5,52.5,381.0,21.0,47.0,6.4
2026-03-20 07:00:00,2026,3,20,7,Lào Cai,Xã Khao Mang,21.9078898,103.9748758,102,Unhealthy for Sensitive Groups,2,15.5,78,0.0,2.1,128,864.8,12,42.7,54.1,410.0,17.8,49.0,4.4
2026-03-20 08:00:00,2026,3,20,8,Lào Cai,Xã Khao Mang,21.9078898,103.9748758,101,Unhealthy for Sensitive Groups,2,19.1,68,0.0,2.9,191,867.2,16,38.9,48.2,398.0,13.3,70.0,5.3
2026-03-20 09:00:00,2026,3,20,9,Lào Cai,Xã Khao Mang,21.9078898,103.9748758,100,Moderate,1,20.9,60,0.0,6.5,262,868.5,30,33.6,45.3,365.0,7.1,100.0,6.5
2026-03-20 10:00:00,2026,3,20,10,Lào Cai,Xã Khao Mang,21.9078898,103.9748758,99,Moderate,1,22.2,55,0.0,9.3,261,869.0,38,31.4,44.0,338.0,2.4,124.0,7.1
2026-03-20 11:00:00,2026,3,20,11,Lào Cai,Xã Khao Mang,21.9078898,103.9748758,98,Moderate,1,23.1,52,0.0,10.9,262,869.1,52,30.6,43.8,325.0,0.9,136.0,6.6
2026-03-20 12:00:00,2026,3,20,12,Lào Cai,Xã Khao Mang,21.9078898,103.9748758,98,Moderate,1,23.7,49,0.0,12.2,262,868.4,16,31.0,46.2,318.0,0.9,143.0,5.5
2026-03-20 13:00:00,2026,3,20,13,Lào Cai,Xã Khao Mang,21.9078898,103.9748758,98,Moderate,1,24.0,45,0.0,11.1,254,867.9,16,29.8,45.1,314.0,1.1,147.0,4.6
2026-03-20 14:00:00,2026,3,20,14,Lào Cai,Xã Khao Mang,21.9078898,103.9748758,97,Moderate,1,23.6,45,0.0,12.0,263,866.9,13,29.8,45.8,309.0,0.6,151.0,4.1
2026-03-20 15:00:00,2026,3,20,15,Lào Cai,Xã Khao Mang,21.9078898,103.9748758,97,Moderate,1,23.6,48,0.0,9.6,262,866.2,49,29.8,46.2,308.0,0.3,152.0,3.8
2026-03-20 16:00:00,2026,3,20,16,Lào Cai,Xã Khao Mang,21.9078898,103.9748758,97,Moderate,1,23.0,51,0.0,8.3,257,865.7,27,30.2,46.4,322.0,1.2,149.0,3.9
2026-03-20 17:00:00,2026,3,20,17,Lào Cai,Xã Khao Mang,21.9078898,103.9748758,101,Unhealthy for Sensitive Groups,2,22.4,55,0.0,5.6,248,865.3,29,30.9,46.6,366.0,4.4,139.0,4.5
2026-03-20 18:00:00,2026,3,20,18,Lào Cai,Xã Khao Mang,21.9078898,103.9748758,109,Unhealthy for Sensitive Groups,2,20.6,64,0.0,0.8,225,864.9,6,32.5,46.7,425.0,8.7,124.0,5.4
2026-03-20 19:00:00,2026,3,20,19,Lào Cai,Xã Khao Mang,21.9078898,103.9748758,109,Unhealthy for Sensitive Groups,2,18.6,68,0.0,2.4,126,864.5,9,42.5,60.3,468.0,12.3,110.0,5.4
2026-03-20 20:00:00,2026,3,20,20,Lào Cai,Xã Khao Mang,21.9078898,103.9748758,104,Unhealthy for Sensitive Groups,2,17.3,72,0.0,2.9,120,864.8,0,45.4,61.9,483.0,13.1,103.0,5.9
2026-03-20 21:00:00,2026,3,20,21,Lào Cai,Xã Khao Mang,21.9078898,103.9748758,100,Moderate,1,16.4,76,0.0,2.7,113,865.4,0,47.3,62.2,483.0,14.2,93.0,6.5
2026-03-20 22:00:00,2026,3,20,22,Lào Cai,Xã Khao Mang,21.9078898,103.9748758,101,Unhealthy for Sensitive Groups,2,15.8,78,0.0,3.3,112,865.9,1,49.0,61.2,471.0,14.7,83.0,6.8
2026-03-20 23:00:00,2026,3,20,23,Lào Cai,Xã Khao Mang,21.9078898,103.9748758,102,Unhealthy for Sensitive Groups,2,15.4,78,0.0,3.1,114,866.1,0,50.3,59.3,445.0,14.0,74.0,6.5
2026-03-21 00:00:00,2026,3,21,0,Lào Cai,Xã Khao Mang,21.9078898,103.9748758,104,Unhealthy for Sensitive Groups,2,15.1,79,0.0,3.4,115,866.2,0,49.0,55.1,407.0,12.8,65.0,6.0
2026-03-21 01:00:00,2026,3,21,1,Lào Cai,Xã Khao Mang,21.9078898,103.9748758,105,Unhealthy for Sensitive Groups,2,15.3,79,0.0,4.3,118,865.5,16,43.7,47.7,373.0,11.8,57.0,5.7
2026-03-21 02:00:00,2026,3,21,2,Lào Cai,Xã Khao Mang,21.9078898,103.9748758,106,Unhealthy for Sensitive Groups,2,14.9,81,0.0,4.4,117,864.5,2,35.6,38.2,341.0,11.4,50.0,5.7
2026-03-21 03:00:00,2026,3,21,3,Lào Cai,Xã Khao Mang,21.9078898,103.9748758,106,Unhealthy for Sensitive Groups,2,14.7,82,0.0,3.3,119,864.3,27,29.0,30.7,313.0,11.3,44.0,6.0
2026-03-21 04:00:00,2026,3,21,4,Lào Cai,Xã Khao Mang,21.9078898,103.9748758,105,Unhealthy for Sensitive Groups,2,13.8,85,0.0,2.3,122,863.8,12,23.6,24.7,304.0,11.2,40.0,6.6
2026-03-21 05:00:00,2026,3,21,5,Lào Cai,Xã Khao Mang,21.9078898,103.9748758,103,Unhealthy for Sensitive Groups,2,13.7,85,0.0,2.3,122,864.1,9,18.5,19.2,333.0,11.1,37.0,7.6
2026-03-21 06:00:00,2026,3,21,6,Lào Cai,Xã Khao Mang,21.9078898,103.9748758,101,Unhealthy for Sensitive Groups,2,14.0,84,0.0,2.3,119,864.8,9,14.3,14.6,381.0,10.9,36.0,9.0
2026-03-21 07:00:00,2026,3,21,7,Lào Cai,Xã Khao Mang,21.9078898,103.9748758,99,Moderate,1,15.1,82,0.0,1.9,119,866.3,18,18.1,20.2,410.0,8.4,47.0,8.9
2026-03-21 08:00:00,2026,3,21,8,Lào Cai,Xã Khao Mang,21.9078898,103.9748758,97,Moderate,1,18.9,70,0.0,2.4,99,868.5,56,14.5,16.1,399.0,7.4,58.0,9.4
2026-03-21 09:00:00,2026,3,21,9,Lào Cai,Xã Khao Mang,21.9078898,103.9748758,95,Moderate,1,21.0,63,0.0,1.8,323,869.5,26,15.0,17.6,370.0,5.9,74.0,10.1
2026-03-21 10:00:00,2026,3,21,10,Lào Cai,Xã Khao Mang,21.9078898,103.9748758,93,Moderate,1,22.1,61,0.0,5.3,303,870.2,5,20.3,24.6,344.0,4.6,90.0,10.1
2026-03-21 11:00:00,2026,3,21,11,Lào Cai,Xã Khao Mang,21.9078898,103.9748758,92,Moderate,1,22.8,62,0.0,6.9,300,870.4,20,25.1,30.7,332.0,3.5,105.0,8.8
2026-03-21 12:00:00,2026,3,21,12,Lào Cai,Xã Khao Mang,21.9078898,103.9748758,91,Moderate,1,22.9,64,0.1,6.7,272,869.5,22,30.9,37.8,323.0,2.5,121.0,6.8
2026-03-21 13:00:00,2026,3,21,13,Lào Cai,Xã Khao Mang,21.9078898,103.9748758,91,Moderate,1,23.6,63,0.1,9.7,242,869.0,27,34.6,42.0,314.0,1.9,131.0,5.3
2026-03-21 14:00:00,2026,3,21,14,Lào Cai,Xã Khao Mang,21.9078898,103.9748758,92,Moderate,1,22.5,66,0.2,10.6,256,867.7,46,36.4,43.9,298.0,1.8,135.0,4.8
2026-03-21 15:00:00,2026,3,21,15,Lào Cai,Xã Khao Mang,21.9078898,103.9748758,92,Moderate,1,22.0,66,0.1,9.9,285,866.6,95,36.4,43.3,281.0,2.2,134.0,4.8
2026-03-21 16:00:00,2026,3,21,16,Lào Cai,Xã Khao Mang,21.9078898,103.9748758,93,Moderate,1,18.3,88,5.0,2.7,70,865.6,77,33.1,38.6,278.0,3.2,129.0,5.1
2026-03-21 17:00:00,2026,3,21,17,Lào Cai,Xã Khao Mang,21.9078898,103.9748758,93,Moderate,1,17.7,89,0.5,5.7,162,865.4,84,29.6,33.8,302.0,5.3,117.0,6.0
2026-03-21 18:00:00,2026,3,21,18,Lào Cai,Xã Khao Mang,21.9078898,103.9748758,93,Moderate,1,16.0,97,5.6,7.9,137,865.0,91,22.4,25.1,340.0,8.0,102.0,7.3
2026-03-21 19:00:00,2026,3,21,19,Lào Cai,Xã Khao Mang,21.9078898,103.9748758,92,Moderate,1,16.8,91,0.0,3.7,119,864.5,32,35.3,39.1,362.0,9.3,93.0,7.4
2026-03-21 20:00:00,2026,3,21,20,Lào Cai,Xã Khao Mang,21.9078898,103.9748758,92,Moderate,1,16.3,89,0.0,2.9,112,865.1,13,33.9,36.8,351.0,8.9,91.0,7.1
2026-03-21 21:00:00,2026,3,21,21,Lào Cai,Xã Khao Mang,21.9078898,103.9748758,91,Moderate,1,15.9,87,0.0,2.4,103,865.8,19,26.7,28.8,324.0,8.3,87.0,6.7
2026-03-21 22:00:00,2026,3,21,22,Lào Cai,Xã Khao Mang,21.9078898,103.9748758,89,Moderate,1,15.4,86,0.0,3.0,104,865.8,14,19.8,21.2,309.0,8.0,82.0,6.3
2026-03-21 23:00:00,2026,3,21,23,Lào Cai,Xã Khao Mang,21.9078898,103.9748758,86,Moderate,1,15.0,86,0.0,2.7,113,865.5,5,17.3,18.6,322.0,8.4,75.0,5.9
2026-03-22 00:00:00,2026,3,22,0,Lào Cai,Xã Khao Mang,21.9078898,103.9748758,83,Moderate,1,14.7,87,0.0,2.0,117,865.4,21,13.2,14.0,346.0,9.1,68.0,5.6
2026-03-22 01:00:00,2026,3,22,1,Lào Cai,Xã Khao Mang,21.9078898,103.9748758,80,Moderate,1,15.5,85,0.0,1.0,121,865.3,23,13.4,14.3,359.0,9.7,61.0,5.2
2026-03-22 02:00:00,2026,3,22,2,Lào Cai,Xã Khao Mang,21.9078898,103.9748758,77,Moderate,1,15.1,86,0.0,2.9,133,864.3,15,14.3,15.2,346.0,10.3,55.0,4.9
2026-03-22 03:00:00,2026,3,22,3,Lào Cai,Xã Khao Mang,21.9078898,103.9748758,76,Moderate,1,14.4,89,0.0,3.5,125,863.4,23,15.3,16.4,323.0,10.9,50.0,4.5
2026-03-22 04:00:00,2026,3,22,4,Lào Cai,Xã Khao Mang,21.9078898,103.9748758,74,Moderate,1,14.6,86,0.0,3.6,123,863.4,13,16.1,17.3,313.0,10.9,47.0,4.2
2026-03-22 05:00:00,2026,3,22,5,Lào Cai,Xã Khao Mang,21.9078898,103.9748758,74,Moderate,1,13.9,89,0.0,3.0,123,863.2,35,17.2,18.5,335.0,10.2,47.0,3.9
2026-03-22 06:00:00,2026,3,22,6,Lào Cai,Xã Khao Mang,21.9078898,103.9748758,74,Moderate,1,14.0,90,0.0,2.3,119,863.5,100,18.8,20.1,372.0,9.0,51.0,3.5
2026-03-22 07:00:00,2026,3,22,7,Lào Cai,Xã Khao Mang,21.9078898,103.9748758,74,Moderate,1,14.5,92,0.0,2.4,126,864.9,100,14.6,15.5,393.0,7.3,60.0,2.9
2026-03-22 08:00:00,2026,3,22,8,Lào Cai,Xã Khao Mang,21.9078898,103.9748758,74,Moderate,1,16.9,89,0.0,2.3,135,867.2,98,16.5,17.5,384.0,5.8,74.0,2.9
2026-03-22 09:00:00,2026,3,22,9,Lào Cai,Xã Khao Mang,21.9078898,103.9748758,74,Moderate,1,19.3,77,0.0,1.5,291,868.5,73,18.1,19.2,360.0,3.7,94.0,2.9
2026-03-22 10:00:00,2026,3,22,10,Lào Cai,Xã Khao Mang,21.9078898,103.9748758,74,Moderate,1,20.6,73,0.1,6.0,273,868.9,17,18.9,20.1,340.0,2.1,109.0,2.8
2026-03-22 11:00:00,2026,3,22,11,Lào Cai,Xã Khao Mang,21.9078898,103.9748758,74,Moderate,1,22.0,68,0.1,10.6,268,869.2,43,20.3,21.5,332.0,1.5,114.0,2.6
2026-03-22 12:00:00,2026,3,22,12,Lào Cai,Xã Khao Mang,21.9078898,103.9748758,74,Moderate,1,19.8,82,6.3,9.4,253,868.1,55,21.3,22.5,328.0,1.4,115.0,2.4
2026-03-22 13:00:00,2026,3,22,13,Lào Cai,Xã Khao Mang,21.9078898,103.9748758,73,Moderate,1,21.8,67,0.1,8.4,254,868.0,74,21.8,22.9,322.0,1.4,115.0,2.2
2026-03-22 14:00:00,2026,3,22,14,Lào Cai,Xã Khao Mang,21.9078898,103.9748758,72,Moderate,1,21.4,69,0.2,9.4,259,866.6,59,22.1,23.1,311.0,1.0,119.0,2.1
2026-03-22 15:00:00,2026,3,22,15,Lào Cai,Xã Khao Mang,21.9078898,103.9748758,70,Moderate,1,21.2,71,0.2,7.2,257,865.7,30,22.4,23.3,299.0,0.7,123.0,2.1
2026-03-22 16:00:00,2026,3,22,16,Lào Cai,Xã Khao Mang,21.9078898,103.9748758,69,Moderate,1,19.4,85,2.6,6.7,246,865.0,96,22.5,23.4,293.0,1.5,121.0,2.2
2026-03-22 17:00:00,2026,3,22,17,Lào Cai,Xã Khao Mang,21.9078898,103.9748758,68,Moderate,1,17.8,92,3.1,5.7,162,865.0,47,22.0,23.2,298.0,4.7,107.0,2.5
2026-03-22 18:00:00,2026,3,22,18,Lào Cai,Xã Khao Mang,21.9078898,103.9748758,67,Moderate,1,17.2,92,0.0,6.2,123,864.2,23,21.8,23.2,309.0,9.1,86.0,2.9
2026-03-22 19:00:00,2026,3,22,19,Lào Cai,Xã Khao Mang,21.9078898,103.9748758,67,Moderate,1,15.0,92,0.0,8.9,122,863.8,9,25.7,26.6,323.0,7.0,92.0,3.7
2026-03-22 20:00:00,2026,3,22,20,Lào Cai,Xã Khao Mang,21.9078898,103.9748758,66,Moderate,1,15.2,92,0.0,6.6,127,864.2,2,26.3,27.3,340.0,7.8,82.0,3.4
2026-03-22 21:00:00,2026,3,22,21,Lào Cai,Xã Khao Mang,21.9078898,103.9748758,66,Moderate,1,14.6,95,0.0,3.6,131,864.6,2,13.4,14.1,359.0,8.9,69.0,3.0
2026-03-22 22:00:00,2026,3,22,22,Lào Cai,Xã Khao Mang,21.9078898,103.9748758,65,Moderate,1,14.6,93,0.0,2.1,121,865.1,2,9.9,10.6,373.0,9.3,61.0,2.6
2026-03-22 23:00:00,2026,3,22,23,Lào Cai,Xã Khao Mang,21.9078898,103.9748758,64,Moderate,1,14.6,90,0.0,2.5,120,864.9,9,16.1,17.3,378.0,8.2,65.0,2.1
2026-03-23 00:00:00,2026,3,23,0,Lào Cai,Xã Khao Mang,21.9078898,103.9748758,64,Moderate,1,14.3,91,0.0,2.3,129,864.7,6,12.9,14.0,378.0,6.4,75.0,1.6
2026-03-23 01:00:00,2026,3,23,1,Lào Cai,Xã Khao Mang,21.9078898,103.9748758,64,Moderate,1,13.3,94,0.0,4.8,132,864.0,24,13.6,15.1,372.0,5.3,80.0,1.2
2026-03-23 02:00:00,2026,3,23,2,Lào Cai,Xã Khao Mang,21.9078898,103.9748758,64,Moderate,1,13.6,92,0.0,2.6,196,864.5,78,11.8,13.0,354.0,5.7,75.0,1.0
2026-03-23 03:00:00,2026,3,23,3,Lào Cai,Xã Khao Mang,21.9078898,103.9748758,63,Moderate,1,14.0,94,0.1,5.0,139,864.0,30,12.3,13.5,330.0,6.8,66.0,0.9
2026-03-23 04:00:00,2026,3,23,4,Lào Cai,Xã Khao Mang,21.9078898,103.9748758,63,Moderate,1,13.3,94,0.0,3.9,124,863.5,19,13.3,14.7,320.0,7.5,61.0,0.9
2026-03-23 05:00:00,2026,3,23,5,Lào Cai,Xã Khao Mang,21.9078898,103.9748758,63,Moderate,1,13.1,95,0.0,2.1,121,863.2,52,14.1,15.7,338.0,7.5,63.0,1.0
2026-03-23 06:00:00,2026,3,23,6,Lào Cai,Xã Khao Mang,21.9078898,103.9748758,63,Moderate,1,13.7,90,0.0,1.3,146,864.6,55,14.5,16.4,370.0,7.1,68.0,1.2
2026-03-23 07:00:00,2026,3,23,7,Lào Cai,Xã Khao Mang,21.9078898,103.9748758,62,Moderate,1,14.9,92,0.0,0.6,146,865.6,18,17.7,19.4,386.0,5.7,65.0,1.3
2026-03-23 08:00:00,2026,3,23,8,Lào Cai,Xã Khao Mang,21.9078898,103.9748758,63,Moderate,1,16.4,93,0.0,1.3,172,866.7,16,23.0,26.5,370.0,4.4,79.0,1.4
2026-03-23 09:00:00,2026,3,23,9,Lào Cai,Xã Khao Mang,21.9078898,103.9748758,63,Moderate,1,18.2,83,0.0,3.8,275,867.7,19,27.9,33.4,338.0,2.5,98.0,1.5
2026-03-23 10:00:00,2026,3,23,10,Lào Cai,Xã Khao Mang,21.9078898,103.9748758,64,Moderate,1,19.7,73,0.0,7.6,266,868.4,15,28.2,33.9,314.0,1.1,113.0,1.6
2026-03-23 11:00:00,2026,3,23,11,Lào Cai,Xã Khao Mang,21.9078898,103.9748758,65,Moderate,1,20.8,67,0.1,8.8,258,868.3,24,27.1,32.5,308.0,0.6,118.0,1.6
2026-03-23 12:00:00,2026,3,23,12,Lào Cai,Xã Khao Mang,21.9078898,103.9748758,65,Moderate,1,21.3,66,0.3,10.0,263,867.4,33,26.1,31.5,309.0,0.6,117.0,1.5
2026-03-23 13:00:00,2026,3,23,13,Lào Cai,Xã Khao Mang,21.9078898,103.9748758,66,Moderate,1,21.9,62,0.4,7.9,258,867.0,24,27.0,32.7,308.0,0.7,117.0,1.5
2026-03-23 14:00:00,2026,3,23,14,Lào Cai,Xã Khao Mang,21.9078898,103.9748758,66,Moderate,1,21.6,65,0.6,10.0,263,866.0,32,26.8,32.5,295.0,0.4,119.0,1.5
2026-03-23 15:00:00,2026,3,23,15,Lào Cai,Xã Khao Mang,21.9078898,103.9748758,67,Moderate,1,22.1,61,0.1,8.3,265,865.3,13,26.7,33.4,280.0,0.1,122.0,1.5
2026-03-23 16:00:00,2026,3,23,16,Lào Cai,Xã Khao Mang,21.9078898,103.9748758,67,Moderate,1,22.2,59,0.0,8.7,252,864.9,19,25.3,32.4,287.0,1.1,120.0,1.7
2026-03-23 17:00:00,2026,3,23,17,Lào Cai,Xã Khao Mang,21.9078898,103.9748758,67,Moderate,1,21.4,61,0.0,6.7,267,864.6,13,25.7,33.1,342.0,4.1,111.0,2.2
2026-03-23 18:00:00,2026,3,23,18,Lào Cai,Xã Khao Mang,21.9078898,103.9748758,68,Moderate,1,19.1,77,0.0,0.6,236,863.9,9,26.5,32.2,419.0,8.3,99.0,3.0
2026-03-23 19:00:00,2026,3,23,19,Lào Cai,Xã Khao Mang,21.9078898,103.9748758,68,Moderate,1,17.1,86,0.0,3.2,124,863.7,10,30.5,39.5,462.0,12.8,91.0,3.9
2026-03-23 20:00:00,2026,3,23,20,Lào Cai,Xã Khao Mang,21.9078898,103.9748758,69,Moderate,1,16.1,89,0.0,4.8,127,863.2,5,32.6,41.6,439.0,15.3,84.0,4.7
2026-03-23 21:00:00,2026,3,23,21,Lào Cai,Xã Khao Mang,21.9078898,103.9748758,69,Moderate,1,15.4,88,0.0,3.6,123,863.2,1,34.2,42.7,383.0,18.7,74.0,5.8
2026-03-23 22:00:00,2026,3,23,22,Lào Cai,Xã Khao Mang,21.9078898,103.9748758,71,Moderate,1,15.4,84,0.0,2.8,125,863.3,0,36.0,43.7,336.0,21.0,65.0,6.5
2026-03-23 23:00:00,2026,3,23,23,Lào Cai,Xã Khao Mang,21.9078898,103.9748758,73,Moderate,1,15.6,79,0.0,2.4,126,863.6,0,37.5,44.1,315.0,21.1,57.0,6.4
2026-03-24 00:00:00,2026,3,24,0,Lào Cai,Xã Khao Mang,21.9078898,103.9748758,75,Moderate,1,15.8,76,0.0,2.2,132,863.6,1,38.2,43.7,304.0,20.1,51.0,5.9
2026-03-24 01:00:00,2026,3,24,1,Lào Cai,Xã Khao Mang,21.9078898,103.9748758,77,Moderate,1,16.2,75,0.0,1.7,139,863.6,0,37.6,41.3,295.0,18.9,45.0,5.2
2026-03-24 02:00:00,2026,3,24,2,Lào Cai,Xã Khao Mang,21.9078898,103.9748758,79,Moderate,1,15.9,75,0.0,1.5,135,863.1,0,36.4,39.1,283.0,17.8,41.0,4.4
2026-03-24 03:00:00,2026,3,24,3,Lào Cai,Xã Khao Mang,21.9078898,103.9748758,82,Moderate,1,15.4,76,0.0,0.8,117,862.7,0,35.2,37.1,272.0,16.6,37.0,3.5
2026-03-24 04:00:00,2026,3,24,4,Lào Cai,Xã Khao Mang,21.9078898,103.9748758,84,Moderate,1,14.8,77,0.0,1.2,117,862.4,0,33.9,35.9,273.0,15.5,36.0,2.8
2026-03-24 05:00:00,2026,3,24,5,Lào Cai,Xã Khao Mang,21.9078898,103.9748758,86,Moderate,1,14.6,78,0.0,1.5,120,862.6,0,31.8,33.8,298.0,15.2,35.0,2.5
2026-03-24 06:00:00,2026,3,24,6,Lào Cai,Xã Khao Mang,21.9078898,103.9748758,87,Moderate,1,14.5,77,0.0,1.6,117,863.1,1,30.3,32.2,334.0,15.0,37.0,2.5
2026-03-24 07:00:00,2026,3,24,7,Lào Cai,Xã Khao Mang,21.9078898,103.9748758,88,Moderate,1,15.9,77,0.0,2.2,132,864.2,1,40.0,43.2,352.0,13.3,40.0,2.3
2026-03-24 08:00:00,2026,3,24,8,Lào Cai,Xã Khao Mang,21.9078898,103.9748758,90,Moderate,1,19.6,70,0.0,1.3,146,866.3,0,33.8,39.5,336.0,10.0,62.0,3.1
2026-03-24 09:00:00,2026,3,24,9,Lào Cai,Xã Khao Mang,21.9078898,103.9748758,91,Moderate,1,21.5,61,0.0,5.4,270,867.6,0,29.6,37.6,303.0,5.4,93.0,4.2
2026-03-24 10:00:00,2026,3,24,10,Lào Cai,Xã Khao Mang,21.9078898,103.9748758,92,Moderate,1,22.9,56,0.0,8.5,266,868.1,0,27.2,35.9,274.0,1.9,117.0,4.9
2026-03-24 11:00:00,2026,3,24,11,Lào Cai,Xã Khao Mang,21.9078898,103.9748758,91,Moderate,1,24.0,50,0.0,10.3,263,868.1,0,25.8,34.9,257.0,0.8,127.0,4.9
2026-03-24 12:00:00,2026,3,24,12,Lào Cai,Xã Khao Mang,21.9078898,103.9748758,91,Moderate,1,24.7,47,0.0,11.7,260,867.4,9,21.7,29.9,245.0,0.8,130.0,4.5
2026-03-24 13:00:00,2026,3,24,13,Lào Cai,Xã Khao Mang,21.9078898,103.9748758,91,Moderate,1,24.8,44,0.0,10.5,262,866.7,13,20.2,27.9,238.0,0.9,131.0,4.2
2026-03-24 14:00:00,2026,3,24,14,Lào Cai,Xã Khao Mang,21.9078898,103.9748758,90,Moderate,1,24.6,44,0.0,10.5,264,865.9,26,18.7,25.6,233.0,0.5,133.0,3.9
2026-03-24 15:00:00,2026,3,24,15,Lào Cai,Xã Khao Mang,21.9078898,103.9748758,90,Moderate,1,24.5,43,0.0,8.4,260,865.1,16,17.6,24.3,234.0,0.2,134.0,3.7
2026-03-24 16:00:00,2026,3,24,16,Lào Cai,Xã Khao Mang,21.9078898,103.9748758,89,Moderate,1,24.6,45,0.0,6.6,249,864.5,19,16.6,22.7,252.0,1.1,131.0,3.8
2026-03-24 17:00:00,2026,3,24,17,Lào Cai,Xã Khao Mang,21.9078898,103.9748758,88,Moderate,1,23.6,56,0.0,2.6,286,863.9,2,16.2,22.0,305.0,4.3,122.0,4.5
2026-03-24 18:00:00,2026,3,24,18,Lào Cai,Xã Khao Mang,21.9078898,103.9748758,87,Moderate,1,21.6,60,0.0,0.2,180,863.3,4,18.5,23.3,376.0,8.7,109.0,5.4
2026-03-24 19:00:00,2026,3,24,19,Lào Cai,Xã Khao Mang,21.9078898,103.9748758,87,Moderate,1,19.4,67,0.0,2.8,117,863.2,5,28.2,34.6,426.0,13.2,95.0,5.9
2026-03-24 20:00:00,2026,3,24,20,Lào Cai,Xã Khao Mang,21.9078898,103.9748758,86,Moderate,1,18.5,68,0.0,3.5,118,863.3,4,30.7,36.7,439.0,13.2,90.0,6.3
2026-03-24 21:00:00,2026,3,24,21,Lào Cai,Xã Khao Mang,21.9078898,103.9748758,86,Moderate,1,17.5,70,0.0,3.1,118,863.5,1,33.2,38.4,431.0,13.3,83.0,6.8
2026-03-24 22:00:00,2026,3,24,22,Lào Cai,Xã Khao Mang,21.9078898,103.9748758,86,Moderate,1,16.7,71,0.0,2.8,117,863.7,0,36.8,41.2,415.0,13.1,76.0,7.0
2026-03-24 23:00:00,2026,3,24,23,Lào Cai,Xã Khao Mang,21.9078898,103.9748758,86,Moderate,1,15.8,73,0.0,3.1,114,863.3,0,40.4,44.0,392.0,12.6,69.0,6.7
2026-03-25 00:00:00,2026,3,25,0,Lào Cai,Xã Khao Mang,21.9078898,103.9748758,86,Moderate,1,15.0,76,0.0,3.1,114,862.9,0,42.0,44.7,360.0,11.9,62.0,6.2
2026-03-25 01:00:00,2026,3,25,1,Lào Cai,Xã Khao Mang,21.9078898,103.9748758,87,Moderate,1,15.5,76,0.0,2.8,117,863.2,0,35.7,37.7,329.0,11.4,57.0,5.7
2026-03-25 02:00:00,2026,3,25,2,Lào Cai,Xã Khao Mang,21.9078898,103.9748758,87,Moderate,1,15.2,76,0.0,2.3,122,862.9,2,28.6,30.0,294.0,11.2,55.0,5.3
2026-03-25 03:00:00,2026,3,25,3,Lào Cai,Xã Khao Mang,21.9078898,103.9748758,86,Moderate,1,15.1,76,0.0,1.9,124,862.5,2,22.8,23.9,259.0,11.2,54.0,5.1
2026-03-25 04:00:00,2026,3,25,4,Lào Cai,Xã Khao Mang,21.9078898,103.9748758,85,Moderate,1,14.9,76,0.0,2.2,125,862.2,2,17.8,18.7,246.0,10.9,54.0,5.3
2026-03-25 05:00:00,2026,3,25,5,Lào Cai,Xã Khao Mang,21.9078898,103.9748758,83,Moderate,1,14.2,80,0.0,3.6,123,861.8,0,12.7,13.3,275.0,10.1,53.0,6.4
2026-03-25 06:00:00,2026,3,25,6,Lào Cai,Xã Khao Mang,21.9078898,103.9748758,82,Moderate,1,13.3,85,0.0,3.7,119,861.6,0,10.4,10.8,325.0,9.1,52.0,8.0
2026-03-25 07:00:00,2026,3,25,7,Lào Cai,Xã Khao Mang,21.9078898,103.9748758,80,Moderate,1,15.7,79,0.0,2.7,127,864.1,0,22.5,23.6,357.0,9.8,45.0,8.9
2026-03-25 08:00:00,2026,3,25,8,Lào Cai,Xã Khao Mang,21.9078898,103.9748758,78,Moderate,1,19.8,75,0.0,0.9,101,866.4,0,18.8,19.7,350.0,8.2,61.0,10.0
2026-03-25 09:00:00,2026,3,25,9,Lào Cai,Xã Khao Mang,21.9078898,103.9748758,77,Moderate,1,21.8,60,0.0,4.5,286,867.7,0,20.3,22.4,324.0,5.8,82.0,11.4
2026-03-25 10:00:00,2026,3,25,10,Lào Cai,Xã Khao Mang,21.9078898,103.9748758,76,Moderate,1,23.2,57,0.0,6.9,277,868.3,2,22.5,25.6,303.0,3.9,101.0,11.5
2026-03-25 11:00:00,2026,3,25,11,Lào Cai,Xã Khao Mang,21.9078898,103.9748758,76,Moderate,1,24.1,56,0.1,10.7,261,868.5,7,25.1,29.5,295.0,2.7,113.0,9.2
2026-03-25 12:00:00,2026,3,25,12,Lào Cai,Xã Khao Mang,21.9078898,103.9748758,76,Moderate,1,24.6,54,0.1,13.0,252,867.8,15,27.4,32.8,290.0,1.8,122.0,5.6
2026-03-25 13:00:00,2026,3,25,13,Lào Cai,Xã Khao Mang,21.9078898,103.9748758,76,Moderate,1,24.0,59,0.3,12.5,252,867.1,23,28.7,35.2,285.0,1.2,128.0,3.0
2026-03-25 14:00:00,2026,3,25,14,Lào Cai,Xã Khao Mang,21.9078898,103.9748758,77,Moderate,1,24.0,56,0.8,10.2,252,866.4,27,28.7,35.4,275.0,0.6,133.0,2.2
2026-03-25 15:00:00,2026,3,25,15,Lào Cai,Xã Khao Mang,21.9078898,103.9748758,78,Moderate,1,24.4,51,0.0,10.2,261,865.7,15,28.9,36.3,264.0,0.4,136.0,2.3
2026-03-25 16:00:00,2026,3,25,16,Lào Cai,Xã Khao Mang,21.9078898,103.9748758,79,Moderate,1,24.7,48,0.0,7.6,273,865.1,20,30.2,39.2,262.0,1.5,133.0,2.7
2026-03-25 17:00:00,2026,3,25,17,Lào Cai,Xã Khao Mang,21.9078898,103.9748758,80,Moderate,1,23.7,57,0.0,3.6,270,864.5,9,29.2,38.1,279.0,4.9,121.0,3.6
2026-03-25 18:00:00,2026,3,25,18,Lào Cai,Xã Khao Mang,21.9078898,103.9748758,81,Moderate,1,21.7,63,0.0,1.9,214,864.1,0,29.4,36.3,305.0,9.7,104.0,4.7
2026-03-25 19:00:00,2026,3,25,19,Lào Cai,Xã Khao Mang,21.9078898,103.9748758,82,Moderate,1,20.2,63,0.0,1.8,135,863.8,6,38.0,45.3,320.0,9.2,100.0,5.3
2026-03-25 20:00:00,2026,3,25,20,Lào Cai,Xã Khao Mang,21.9078898,103.9748758,83,Moderate,1,19.2,65,0.0,2.8,130,864.0,2,38.6,45.5,313.0,11.1,93.0,5.9
2026-03-25 21:00:00,2026,3,25,21,Lào Cai,Xã Khao Mang,21.9078898,103.9748758,84,Moderate,1,18.5,67,0.0,3.2,133,864.2,0,40.2,46.3,294.0,13.7,84.0,6.6
2026-03-25 22:00:00,2026,3,25,22,Lào Cai,Xã Khao Mang,21.9078898,103.9748758,84,Moderate,1,18.5,66,0.0,2.3,141,864.4,0,40.7,46.4,279.0,15.6,74.0,6.7
2026-03-25 23:00:00,2026,3,25,23,Lào Cai,Xã Khao Mang,21.9078898,103.9748758,85,Moderate,1,18.7,64,0.0,1.9,163,864.7,0,47.0,52.5,272.0,16.2,65.0,5.4
2026-03-26 00:00:00,2026,3,26,0,Lào Cai,Xã Khao Mang,21.9078898,103.9748758,85,Moderate,1,18.5,65,0.0,1.5,159,864.4,0,48.3,53.4,267.0,16.2,56.0,3.5
2026-03-26 01:00:00,2026,3,26,1,Lào Cai,Xã Khao Mang,21.9078898,103.9748758,86,Moderate,1,17.2,74,0.0,1.2,153,863.8,0,46.9,51.0,264.0,16.1,48.0,2.0
2026-03-26 02:00:00,2026,3,26,2,Lào Cai,Xã Khao Mang,21.9078898,103.9748758,87,Moderate,1,16.8,75,0.0,1.8,143,863.2,0,44.5,48.2,258.0,16.1,40.0,1.4
2026-03-26 03:00:00,2026,3,26,3,Lào Cai,Xã Khao Mang,21.9078898,103.9748758,88,Moderate,1,16.5,76,0.0,1.0,149,862.7,0,41.8,45.3,254.0,16.1,33.0,1.2
2026-03-26 04:00:00,2026,3,26,4,Lào Cai,Xã Khao Mang,21.9078898,103.9748758,90,Moderate,1,16.4,76,0.0,1.6,153,863.1,0,39.3,43.2,261.0,16.0,29.0,1.1
2026-03-26 05:00:00,2026,3,26,5,Lào Cai,Xã Khao Mang,21.9078898,103.9748758,92,Moderate,1,16.3,77,0.0,1.5,159,863.1,0,37.6,41.9,293.0,16.2,25.0,1.0
2026-03-26 06:00:00,2026,3,26,6,Lào Cai,Xã Khao Mang,21.9078898,103.9748758,94,Moderate,1,16.2,78,0.0,1.7,148,863.5,0,37.0,42.0,337.0,16.3,24.0,1.1
2026-03-26 07:00:00,2026,3,26,7,Lào Cai,Xã Khao Mang,21.9078898,103.9748758,96,Moderate,1,17.0,79,0.0,2.3,151,864.6,0,48.7,54.9,361.0,14.1,30.0,1.0
2026-03-26 08:00:00,2026,3,26,8,Lào Cai,Xã Khao Mang,21.9078898,103.9748758,99,Moderate,1,20.3,66,0.0,3.6,237,866.7,0,42.5,50.9,347.0,10.4,61.0,1.4
2026-03-26 09:00:00,2026,3,26,9,Lào Cai,Xã Khao Mang,21.9078898,103.9748758,101,Unhealthy for Sensitive Groups,2,22.0,59,0.0,6.5,262,867.7,0,36.6,47.8,313.0,5.3,105.0,2.0
2026-03-26 10:00:00,2026,3,26,10,Lào Cai,Xã Khao Mang,21.9078898,103.9748758,103,Unhealthy for Sensitive Groups,2,23.3,52,0.0,8.7,263,868.2,0,35.3,46.1,286.0,1.6,138.0,2.4
2026-03-26 11:00:00,2026,3,26,11,Lào Cai,Xã Khao Mang,21.9078898,103.9748758,104,Unhealthy for Sensitive Groups,2,24.3,48,0.0,10.6,261,868.1,0,35.3,46.7,275.0,0.5,151.0,2.6
2026-03-26 12:00:00,2026,3,26,12,Lào Cai,Xã Khao Mang,21.9078898,103.9748758,105,Unhealthy for Sensitive Groups,2,25.0,45,0.0,11.4,263,867.5,7,31.8,43.9,270.0,0.7,154.0,2.7
2026-03-26 13:00:00,2026,3,26,13,Lào Cai,Xã Khao Mang,21.9078898,103.9748758,106,Unhealthy for Sensitive Groups,2,25.2,42,0.0,11.0,269,866.9,22,28.6,39.9,272.0,1.0,155.0,2.8
2026-03-26 14:00:00,2026,3,26,14,Lào Cai,Xã Khao Mang,21.9078898,103.9748758,106,Unhealthy for Sensitive Groups,2,25.0,42,0.0,9.6,273,866.0,13,27.6,38.0,279.0,0.7,159.0,2.7
2026-03-26 15:00:00,2026,3,26,15,Lào Cai,Xã Khao Mang,21.9078898,103.9748758,105,Unhealthy for Sensitive Groups,2,25.2,42,0.0,8.3,272,865.1,17,27.0,36.6,293.0,0.5,161.0,2.6
2026-03-26 16:00:00,2026,3,26,16,Lào Cai,Xã Khao Mang,21.9078898,103.9748758,105,Unhealthy for Sensitive Groups,2,25.0,42,0.0,8.1,257,864.4,16,26.1,35.3,311.0,1.3,158.0,2.7
2026-03-26 17:00:00,2026,3,26,17,Lào Cai,Xã Khao Mang,21.9078898,103.9748758,118,Unhealthy for Sensitive Groups,2,24.4,46,0.0,6.3,252,863.8,8,26.0,34.5,341.0,3.9,148.0,3.2
2026-03-26 18:00:00,2026,3,26,18,Lào Cai,Xã Khao Mang,21.9078898,103.9748758,127,Unhealthy for Sensitive Groups,2,21.9,56,0.0,3.8,229,862.8,1,27.5,34.9,377.0,7.5,133.0,3.9
2026-03-26 19:00:00,2026,3,26,19,Lào Cai,Xã Khao Mang,21.9078898,103.9748758,126,Unhealthy for Sensitive Groups,2,20.7,57,0.0,2.0,153,862.8,1,51.2,64.3,393.0,14.2,116.0,5.6
2026-03-26 20:00:00,2026,3,26,20,Lào Cai,Xã Khao Mang,21.9078898,103.9748758,118,Unhealthy for Sensitive Groups,2,20.2,54,0.0,3.8,155,863.2,2,53.0,65.7,374.0,15.5,109.0,6.2
2026-03-26 21:00:00,2026,3,26,21,Lào Cai,Xã Khao Mang,21.9078898,103.9748758,109,Unhealthy for Sensitive Groups,2,20.1,52,0.0,3.0,163,863.8,0,53.7,65.9,336.0,17.2,99.0,7.0
2026-03-26 22:00:00,2026,3,26,22,Lào Cai,Xã Khao Mang,21.9078898,103.9748758,109,Unhealthy for Sensitive Groups,2,19.6,53,0.0,3.1,156,864.0,0,54.7,66.8,306.0,18.7,90.0,7.5
2026-03-26 23:00:00,2026,3,26,23,Lào Cai,Xã Khao Mang,21.9078898,103.9748758,110,Unhealthy for Sensitive Groups,2,19.5,53,0.0,2.8,162,863.9,0,55.4,67.8,293.0,19.6,85.0,7.6
2026-03-27 00:00:00,2026,3,27,0,Lào Cai,Xã Khao Mang,21.9078898,103.9748758,111,Unhealthy for Sensitive Groups,2,19.1,53,0.0,2.5,159,863.6,0,55.4,68.2,288.0,20.2,81.0,7.5
2026-03-27 01:00:00,2026,3,27,1,Lào Cai,Xã Khao Mang,21.9078898,103.9748758,112,Unhealthy for Sensitive Groups,2,18.1,54,0.0,2.8,162,863.1,0,55.2,68.5,284.0,20.6,77.0,7.3
2026-03-27 02:00:00,2026,3,27,2,Lào Cai,Xã Khao Mang,21.9078898,103.9748758,112,Unhealthy for Sensitive Groups,2,17.8,54,0.0,2.9,150,862.6,0,55.2,68.9,276.0,21.0,73.0,7.0
2026-03-27 03:00:00,2026,3,27,3,Lào Cai,Xã Khao Mang,21.9078898,103.9748758,114,Unhealthy for Sensitive Groups,2,17.8,53,0.0,2.5,150,862.4,0,56.2,70.3,271.0,21.1,69.0,6.6
2026-03-27 04:00:00,2026,3,27,4,Lào Cai,Xã Khao Mang,21.9078898,103.9748758,115,Unhealthy for Sensitive Groups,2,17.8,53,0.0,2.7,152,862.4,0,56.2,70.3,281.0,20.7,68.0,6.3
2026-03-27 05:00:00,2026,3,27,5,Lào Cai,Xã Khao Mang,21.9078898,103.9748758,117,Unhealthy for Sensitive Groups,2,17.8,53,0.0,1.9,146,862.4,0,54.1,68.0,324.0,19.7,71.0,6.2
2026-03-27 06:00:00,2026,3,27,6,Lào Cai,Xã Khao Mang,21.9078898,103.9748758,119,Unhealthy for Sensitive Groups,2,17.6,54,0.0,1.8,143,862.6,0,51.2,64.7,383.0,18.1,76.0,6.2
2026-03-27 07:00:00,2026,3,27,7,Lào Cai,Xã Khao Mang,21.9078898,103.9748758,120,Unhealthy for Sensitive Groups,2,18.1,59,0.0,2.1,149,863.9,0,69.2,86.1,422.0,13.4,100.0,5.0
2026-03-27 08:00:00,2026,3,27,8,Lào Cai,Xã Khao Mang,21.9078898,103.9748758,122,Unhealthy for Sensitive Groups,2,21.1,50,0.0,3.6,225,865.9,0,67.1,78.2,421.0,10.2,117.0,5.3
2026-03-27 09:00:00,2026,3,27,9,Lào Cai,Xã Khao Mang,21.9078898,103.9748758,125,Unhealthy for Sensitive Groups,2,22.6,46,0.0,6.4,259,867.1,0,62.6,75.7,401.0,5.8,141.0,5.6
2026-03-27 10:00:00,2026,3,27,10,Lào Cai,Xã Khao Mang,21.9078898,103.9748758,127,Unhealthy for Sensitive Groups,2,23.9,44,0.0,8.5,263,867.7,0,61.7,75.2,385.0,2.5,161.0,5.7
2026-03-27 11:00:00,2026,3,27,11,Lào Cai,Xã Khao Mang,21.9078898,103.9748758,130,Unhealthy for Sensitive Groups,2,24.8,42,0.0,9.6,264,867.8,0,60.8,74.7,383.0,1.3,172.0,5.1
2026-03-27 12:00:00,2026,3,27,12,Lào Cai,Xã Khao Mang,21.9078898,103.9748758,133,Unhealthy for Sensitive Groups,2,25.4,42,0.0,11.2,264,867.1,5,56.8,70.1,386.0,1.2,178.0,4.2
2026-03-27 13:00:00,2026,3,27,13,Lào Cai,Xã Khao Mang,21.9078898,103.9748758,135,Unhealthy for Sensitive Groups,2,25.4,41,0.0,11.5,274,866.4,26,54.0,66.4,388.0,1.3,181.0,3.6
2026-03-27 14:00:00,2026,3,27,14,Lào Cai,Xã Khao Mang,21.9078898,103.9748758,138,Unhealthy for Sensitive Groups,2,24.9,43,0.0,10.0,276,865.3,10,53.2,65.2,381.0,0.9,182.0,3.4
2026-03-27 15:00:00,2026,3,27,15,Lào Cai,Xã Khao Mang,21.9078898,103.9748758,141,Unhealthy for Sensitive Groups,2,25.2,41,0.0,10.2,279,864.5,20,51.6,62.4,373.0,0.6,180.0,3.4
2026-03-27 16:00:00,2026,3,27,16,Lào Cai,Xã Khao Mang,21.9078898,103.9748758,146,Unhealthy for Sensitive Groups,2,25.2,39,0.0,10.0,278,863.8,20,49.4,59.0,381.0,1.4,174.0,3.7
2026-03-27 17:00:00,2026,3,27,17,Lào Cai,Xã Khao Mang,21.9078898,103.9748758,156,Unhealthy,3,24.1,44,0.0,6.0,277,863.2,18,48.4,56.6,427.0,4.1,161.0,4.3
2026-03-27 18:00:00,2026,3,27,18,Lào Cai,Xã Khao Mang,21.9078898,103.9748758,159,Unhealthy,3,22.2,53,0.0,2.4,228,862.4,21,48.7,56.0,489.0,7.8,144.0,5.0
2026-03-27 19:00:00,2026,3,27,19,Lào Cai,Xã Khao Mang,21.9078898,103.9748758,156,Unhealthy,3,21.4,53,0.0,1.3,172,862.7,5,88.5,103.6,522.0,13.5,129.0,6.2
2026-03-27 20:00:00,2026,3,27,20,Lào Cai,Xã Khao Mang,21.9078898,103.9748758,151,Unhealthy,3,21.0,52,0.0,1.7,148,863.2,2,89.2,104.1,499.0,14.8,121.0,6.8
2026-03-27 21:00:00,2026,3,27,21,Lào Cai,Xã Khao Mang,21.9078898,103.9748758,152,Unhealthy,3,20.2,52,0.0,2.4,144,863.6,0,88.9,103.1,446.0,16.5,109.0,7.6
2026-03-27 22:00:00,2026,3,27,22,Lào Cai,Xã Khao Mang,21.9078898,103.9748758,152,Unhealthy,3,19.8,53,0.0,2.6,146,863.6,0,88.7,102.2,402.0,18.0,99.0,8.2
2026-03-27 23:00:00,2026,3,27,23,Lào Cai,Xã Khao Mang,21.9078898,103.9748758,153,Unhealthy,3,19.6,54,0.0,2.1,149,863.6,0,88.7,101.7,381.0,19.0,92.0,8.5
2026-03-28 00:00:00,2026,3,28,0,Lào Cai,Xã Khao Mang,21.9078898,103.9748758,154,Unhealthy,3,19.3,55,0.0,1.7,139,863.5,0,89.2,102.0,368.0,19.7,86.0,8.6
2026-03-28 01:00:00,2026,3,28,1,Lào Cai,Xã Khao Mang,21.9078898,103.9748758,155,Unhealthy,3,18.7,56,0.0,1.7,162,863.0,0,89.9,102.2,358.0,20.0,80.0,8.3
2026-03-28 02:00:00,2026,3,28,2,Lào Cai,Xã Khao Mang,21.9078898,103.9748758,155,Unhealthy,3,17.7,60,0.0,2.8,135,862.1,0,90.1,102.0,343.0,19.7,74.0,7.6
2026-03-28 03:00:00,2026,3,28,3,Lào Cai,Xã Khao Mang,21.9078898,103.9748758,156,Unhealthy,3,17.1,62,0.0,1.9,131,861.5,0,90.6,101.5,331.0,19.0,69.0,6.5
2026-03-28 04:00:00,2026,3,28,4,Lào Cai,Xã Khao Mang,21.9078898,103.9748758,157,Unhealthy,3,16.7,64,0.0,2.2,132,861.5,0,88.5,98.3,336.0,18.3,65.0,5.4
2026-03-28 05:00:00,2026,3,28,5,Lào Cai,Xã Khao Mang,21.9078898,103.9748758,158,Unhealthy,3,16.1,67,0.0,2.2,125,861.5,0,83.1,91.7,377.0,18.2,58.0,4.2
2026-03-28 06:00:00,2026,3,28,6,Lào Cai,Xã Khao Mang,21.9078898,103.9748758,158,Unhealthy,3,15.8,69,0.0,2.1,128,862.2,2,78.9,86.6,435.0,18.1,52.0,2.9
2026-03-28 07:00:00,2026,3,28,7,Lào Cai,Xã Khao Mang,21.9078898,103.9748758,159,Unhealthy,3,17.3,68,0.0,2.7,127,863.8,5,97.3,107.6,469.0,15.9,73.0,3.6
2026-03-28 08:00:00,2026,3,28,8,Lào Cai,Xã Khao Mang,21.9078898,103.9748758,160,Unhealthy,3,21.1,66,0.0,1.5,144,866.0,3,80.1,88.7,457.0,12.0,94.0,4.9
2026-03-28 09:00:00,2026,3,28,9,Lào Cai,Xã Khao Mang,21.9078898,103.9748758,160,Unhealthy,3,23.2,50,0.0,5.2,274,867.2,2,71.2,80.3,420.0,6.6,122.0,6.6
2026-03-28 10:00:00,2026,3,28,10,Lào Cai,Xã Khao Mang,21.9078898,103.9748758,160,Unhealthy,3,24.4,49,0.0,7.9,267,867.6,0,63.6,72.4,386.0,2.5,144.0,7.5
2026-03-28 11:00:00,2026,3,28,11,Lào Cai,Xã Khao Mang,21.9078898,103.9748758,160,Unhealthy,3,25.3,46,0.0,10.0,261,867.8,5,61.0,70.3,362.0,1.0,152.0,7.0
2026-03-28 12:00:00,2026,3,28,12,Lào Cai,Xã Khao Mang,21.9078898,103.9748758,160,Unhealthy,3,25.7,44,0.0,12.2,257,867.0,6,55.5,63.6,341.0,0.9,152.0,5.6
2026-03-28 13:00:00,2026,3,28,13,Lào Cai,Xã Khao Mang,21.9078898,103.9748758,160,Unhealthy,3,26.1,41,0.0,12.1,263,866.3,20,47.7,53.9,325.0,1.0,152.0,4.6
2026-03-28 14:00:00,2026,3,28,14,Lào Cai,Xã Khao Mang,21.9078898,103.9748758,160,Unhealthy,3,26.0,41,0.0,13.2,264,865.3,26,42.6,48.1,314.0,0.6,153.0,4.1
2026-03-28 15:00:00,2026,3,28,15,Lào Cai,Xã Khao Mang,21.9078898,103.9748758,160,Unhealthy,3,25.7,42,0.0,9.4,274,864.2,15,38.4,43.3,308.0,0.5,153.0,3.8
2026-03-28 16:00:00,2026,3,28,16,Lào Cai,Xã Khao Mang,21.9078898,103.9748758,159,Unhealthy,3,25.7,42,0.0,8.6,269,863.6,20,33.4,37.3,313.0,1.5,150.0,4.0
2026-03-28 17:00:00,2026,3,28,17,Lào Cai,Xã Khao Mang,21.9078898,103.9748758,159,Unhealthy,3,24.6,56,0.0,3.6,273,863.2,23,30.7,33.6,337.0,4.8,141.0,4.8
2026-03-28 18:00:00,2026,3,28,18,Lào Cai,Xã Khao Mang,21.9078898,103.9748758,159,Unhealthy,3,22.9,54,0.0,3.4,180,862.2,20,32.8,35.3,372.0,9.3,127.0,6.0
2026-03-28 19:00:00,2026,3,28,19,Lào Cai,Xã Khao Mang,21.9078898,103.9748758,158,Unhealthy,3,21.8,47,0.0,3.5,145,861.7,14,58.0,62.4,395.0,14.2,109.0,6.9
2026-03-28 20:00:00,2026,3,28,20,Lào Cai,Xã Khao Mang,21.9078898,103.9748758,158,Unhealthy,3,21.3,45,0.0,2.2,132,862.3,2,61.0,65.0,394.0,14.2,104.0,7.7
2026-03-28 21:00:00,2026,3,28,21,Lào Cai,Xã Khao Mang,21.9078898,103.9748758,157,Unhealthy,3,20.1,47,0.0,2.3,113,862.5,5,62.9,66.4,381.0,14.2,98.0,8.8
2026-03-28 22:00:00,2026,3,28,22,Lào Cai,Xã Khao Mang,21.9078898,103.9748758,156,Unhealthy,3,19.3,46,0.0,2.4,107,862.6,7,64.5,67.5,370.0,13.9,91.0,9.4
2026-03-28 23:00:00,2026,3,28,23,Lào Cai,Xã Khao Mang,21.9078898,103.9748758,156,Unhealthy,3,18.7,48,0.0,2.7,110,862.3,0,64.5,66.8,367.0,13.3,84.0,9.1
2026-03-29 00:00:00,2026,3,29,0,Lào Cai,Xã Khao Mang,21.9078898,103.9748758,155,Unhealthy,3,17.7,55,0.0,2.5,120,861.7,0,56.2,58.0,367.0,12.5,78.0,8.5
2026-03-29 01:00:00,2026,3,29,1,Lào Cai,Xã Khao Mang,21.9078898,103.9748758,155,Unhealthy,3,17.5,58,0.0,3.1,130,861.4,16,47.6,48.9,364.0,11.7,74.0,8.0
2026-03-29 02:00:00,2026,3,29,2,Lào Cai,Xã Khao Mang,21.9078898,103.9748758,154,Unhealthy,3,17.3,58,0.0,3.6,127,861.1,9,39.5,40.4,352.0,10.8,75.0,8.2
2026-03-29 03:00:00,2026,3,29,3,Lào Cai,Xã Khao Mang,21.9078898,103.9748758,153,Unhealthy,3,16.5,64,0.0,3.7,129,860.3,4,36.2,37.0,338.0,9.9,78.0,8.5
2026-03-29 04:00:00,2026,3,29,4,Lào Cai,Xã Khao Mang,21.9078898,103.9748758,151,Unhealthy,3,15.7,73,0.0,4.4,125,860.2,0,35.4,36.1,340.0,9.1,80.0,8.6
2026-03-29 05:00:00,2026,3,29,5,Lào Cai,Xã Khao Mang,21.9078898,103.9748758,150,Unhealthy for Sensitive Groups,2,15.0,83,0.0,3.6,127,860.0,0,33.9,34.5,377.0,8.6,75.0,8.2
2026-03-29 06:00:00,2026,3,29,6,Lào Cai,Xã Khao Mang,21.9078898,103.9748758,146,Unhealthy for Sensitive Groups,2,14.9,87,0.0,4.5,130,860.5,1,32.9,33.5,429.0,8.1,69.0,7.4
2026-03-29 07:00:00,2026,3,29,7,Lào Cai,Xã Khao Mang,21.9078898,103.9748758,141,Unhealthy for Sensitive Groups,2,17.5,71,0.0,4.4,153,863.4,15,36.7,37.5,459.0,5.4,87.0,3.8
2026-03-29 08:00:00,2026,3,29,8,Lào Cai,Xã Khao Mang,21.9078898,103.9748758,135,Unhealthy for Sensitive Groups,2,21.0,66,0.0,6.0,185,865.3,12,44.4,45.5,444.0,4.2,103.0,3.3
2026-03-29 09:00:00,2026,3,29,9,Lào Cai,Xã Khao Mang,21.9078898,103.9748758,131,Unhealthy for Sensitive Groups,2,22.7,56,0.0,9.1,249,866.5,4,51.3,53.2,405.0,2.5,126.0,2.6
2026-03-29 10:00:00,2026,3,29,10,Lào Cai,Xã Khao Mang,21.9078898,103.9748758,129,Unhealthy for Sensitive Groups,2,23.2,57,0.0,9.4,246,867.1,8,43.1,45.1,373.0,1.2,144.0,2.3
2026-03-29 11:00:00,2026,3,29,11,Lào Cai,Xã Khao Mang,21.9078898,103.9748758,127,Unhealthy for Sensitive Groups,2,22.9,62,0.6,15.0,254,866.5,33,38.9,41.1,356.0,0.7,152.0,2.8
2026-03-29 12:00:00,2026,3,29,12,Lào Cai,Xã Khao Mang,21.9078898,103.9748758,125,Unhealthy for Sensitive Groups,2,23.6,52,0.5,12.7,245,866.2,32,38.9,41.2,346.0,0.7,154.0,3.6
2026-03-29 13:00:00,2026,3,29,13,Lào Cai,Xã Khao Mang,21.9078898,103.9748758,123,Unhealthy for Sensitive Groups,2,24.7,49,1.3,13.9,249,865.4,32,39.0,41.2,339.0,0.8,155.0,4.1
2026-03-29 14:00:00,2026,3,29,14,Lào Cai,Xã Khao Mang,21.9078898,103.9748758,122,Unhealthy for Sensitive Groups,2,24.1,41,0.0,16.7,264,864.3,48,37.4,39.3,336.0,0.6,157.0,3.9
2026-03-29 15:00:00,2026,3,29,15,Lào Cai,Xã Khao Mang,21.9078898,103.9748758,121,Unhealthy for Sensitive Groups,2,23.9,43,0.1,15.5,265,863.5,34,34.8,36.7,338.0,0.6,157.0,3.4
2026-03-29 16:00:00,2026,3,29,16,Lào Cai,Xã Khao Mang,21.9078898,103.9748758,121,Unhealthy for Sensitive Groups,2,23.6,43,0.0,15.5,247,862.9,30,34.0,35.9,342.0,1.4,153.0,3.2
2026-03-29 17:00:00,2026,3,29,17,Lào Cai,Xã Khao Mang,21.9078898,103.9748758,121,Unhealthy for Sensitive Groups,2,22.8,46,0.0,10.5,253,862.4,13,34.2,36.3,350.0,4.0,142.0,3.5
2026-03-29 18:00:00,2026,3,29,18,Lào Cai,Xã Khao Mang,21.9078898,103.9748758,125,Unhealthy for Sensitive Groups,2,20.6,55,0.0,7.7,219,861.5,7,35.4,37.4,360.0,7.4,128.0,4.0
2026-03-29 19:00:00,2026,3,29,19,Lào Cai,Xã Khao Mang,21.9078898,103.9748758,122,Unhealthy for Sensitive Groups,2,20.5,49,0.0,7.4,219,861.4,7,56.5,58.6,367.0,9.2,97.0,4.0
2026-03-29 20:00:00,2026,3,29,20,Lào Cai,Xã Khao Mang,21.9078898,103.9748758,122,Unhealthy for Sensitive Groups,2,19.6,53,0.0,7.2,194,861.7,23,54.7,56.7,367.0,9.9,90.0,4.1
2026-03-29 21:00:00,2026,3,29,21,Lào Cai,Xã Khao Mang,21.9078898,103.9748758,121,Unhealthy for Sensitive Groups,2,19.8,56,0.0,8.2,199,862.2,2,53.9,55.9,362.0,10.8,79.0,4.3
2026-03-29 22:00:00,2026,3,29,22,Lào Cai,Xã Khao Mang,21.9078898,103.9748758,120,Unhealthy for Sensitive Groups,2,19.3,58,0.0,7.6,207,862.4,1,53.7,55.5,358.0,11.5,71.0,4.4
2026-03-29 23:00:00,2026,3,29,23,Lào Cai,Xã Khao Mang,21.9078898,103.9748758,119,Unhealthy for Sensitive Groups,2,18.7,61,0.0,6.9,203,862.2,1,53.4,55.4,356.0,11.9,66.0,4.3
2026-03-30 00:00:00,2026,3,30,0,Lào Cai,Xã Khao Mang,21.9078898,103.9748758,118,Unhealthy for Sensitive Groups,2,18.4,62,0.0,6.6,213,862.1,1,53.0,54.9,355.0,12.2,64.0,4.1
2026-03-30 01:00:00,2026,3,30,1,Lào Cai,Xã Khao Mang,21.9078898,103.9748758,117,Unhealthy for Sensitive Groups,2,17.2,68,0.0,3.1,156,861.8,8,52.4,54.4,348.0,12.0,63.0,4.0
2026-03-30 02:00:00,2026,3,30,2,Lào Cai,Xã Khao Mang,21.9078898,103.9748758,118,Unhealthy for Sensitive Groups,2,17.9,67,0.0,3.6,225,861.9,17,51.7,53.8,328.0,11.1,65.0,4.0
2026-03-30 03:00:00,2026,3,30,3,Lào Cai,Xã Khao Mang,21.9078898,103.9748758,119,Unhealthy for Sensitive Groups,2,16.9,72,0.0,5.1,216,861.2,30,51.2,53.3,302.0,9.8,70.0,4.0
2026-03-30 04:00:00,2026,3,30,4,Lào Cai,Xã Khao Mang,21.9078898,103.9748758,121,Unhealthy for Sensitive Groups,2,16.6,75,0.0,5.0,218,861.2,22,50.8,52.7,294.0,8.7,74.0,4.1
2026-03-30 05:00:00,2026,3,30,5,Lào Cai,Xã Khao Mang,21.9078898,103.9748758,122,Unhealthy for Sensitive Groups,2,16.4,75,0.0,4.4,218,861.5,8,50.4,52.4,322.0,8.4,75.0,4.4
2026-03-30 06:00:00,2026,3,30,6,Lào Cai,Xã Khao Mang,21.9078898,103.9748758,124,Unhealthy for Sensitive Groups,2,16.2,76,0.0,2.0,190,862.0,22,50.3,52.3,367.0,8.3,75.0,4.8
2026-03-30 07:00:00,2026,3,30,7,Lào Cai,Xã Khao Mang,21.9078898,103.9748758,126,Unhealthy for Sensitive Groups,2,17.4,75,0.0,4.2,211,863.0,5,70.8,75.9,395.0,7.8,75.0,4.1
2026-03-30 08:00:00,2026,3,30,8,Lào Cai,Xã Khao Mang,21.9078898,103.9748758,129,Unhealthy for Sensitive Groups,2,19.3,65,0.0,5.8,244,864.8,0,69.6,74.3,388.0,5.8,94.0,4.2
2026-03-30 09:00:00,2026,3,30,9,Lào Cai,Xã Khao Mang,21.9078898,103.9748758,132,Unhealthy for Sensitive Groups,2,21.0,58,0.0,8.0,254,865.9,0,64.3,70.5,363.0,3.1,121.0,4.2
2026-03-30 10:00:00,2026,3,30,10,Lào Cai,Xã Khao Mang,21.9078898,103.9748758,133,Unhealthy for Sensitive Groups,2,22.4,50,0.0,9.8,263,866.5,0,42.5,50.3,343.0,1.1,141.0,4.2
2026-03-30 11:00:00,2026,3,30,11,Lào Cai,Xã Khao Mang,21.9078898,103.9748758,133,Unhealthy for Sensitive Groups,2,23.6,45,0.0,11.6,264,866.5,4,34.2,41.2,337.0,0.6,150.0,4.0
2026-03-30 12:00:00,2026,3,30,12,Lào Cai,Xã Khao Mang,21.9078898,103.9748758,133,Unhealthy for Sensitive Groups,2,24.4,43,0.0,12.2,262,865.8,7,31.0,37.7,335.0,0.8,152.0,3.7
2026-03-30 13:00:00,2026,3,30,13,Lào Cai,Xã Khao Mang,21.9078898,103.9748758,132,Unhealthy for Sensitive Groups,2,23.9,47,0.0,13.3,261,864.8,32,29.6,36.7,331.0,1.0,153.0,3.4
2026-03-30 14:00:00,2026,3,30,14,Lào Cai,Xã Khao Mang,21.9078898,103.9748758,131,Unhealthy for Sensitive Groups,2,24.4,46,0.1,12.6,257,864.1,36,28.5,35.6,318.0,0.9,154.0,3.2
2026-03-30 15:00:00,2026,3,30,15,Lào Cai,Xã Khao Mang,21.9078898,103.9748758,130,Unhealthy for Sensitive Groups,2,25.1,42,0.0,15.3,239,863.2,28,27.7,34.9,302.0,0.8,153.0,3.1
2026-03-30 16:00:00,2026,3,30,16,Lào Cai,Xã Khao Mang,21.9078898,103.9748758,129,Unhealthy for Sensitive Groups,2,25.4,39,0.0,16.7,248,862.6,30,28.6,36.3,298.0,1.3,150.0,3.1
2026-03-30 17:00:00,2026,3,30,17,Lào Cai,Xã Khao Mang,21.9078898,103.9748758,129,Unhealthy for Sensitive Groups,2,24.0,45,0.0,9.4,228,862.2,9,30.4,38.5,318.0,2.7,143.0,3.3
2026-03-30 18:00:00,2026,3,30,18,Lào Cai,Xã Khao Mang,21.9078898,103.9748758,128,Unhealthy for Sensitive Groups,2,21.4,55,0.0,6.8,198,861.4,5,31.9,40.3,349.0,4.7,133.0,3.6
2026-03-30 19:00:00,2026,3,30,19,Lào Cai,Xã Khao Mang,21.9078898,103.9748758,128,Unhealthy for Sensitive Groups,2,20.8,60,0.0,7.4,221,861.7,13,50.4,63.1,370.0,7.4,122.0,4.0
2026-03-30 20:00:00,2026,3,30,20,Lào Cai,Xã Khao Mang,21.9078898,103.9748758,127,Unhealthy for Sensitive Groups,2,21.3,54,0.0,8.3,219,862.4,4,52.4,65.9,371.0,7.9,118.0,4.3
2026-03-30 21:00:00,2026,3,30,21,Lào Cai,Xã Khao Mang,21.9078898,103.9748758,127,Unhealthy for Sensitive Groups,2,20.8,55,0.0,8.1,208,862.9,0,53.3,67.1,362.0,8.7,113.0,4.7
2026-03-30 22:00:00,2026,3,30,22,Lào Cai,Xã Khao Mang,21.9078898,103.9748758,127,Unhealthy for Sensitive Groups,2,20.8,54,0.0,8.1,215,863.3,0,53.8,68.0,352.0,9.2,109.0,4.9
2026-03-30 23:00:00,2026,3,30,23,Lào Cai,Xã Khao Mang,21.9078898,103.9748758,127,Unhealthy for Sensitive Groups,2,20.2,55,0.0,6.7,218,863.1,0,54.0,68.9,341.0,9.2,108.0,4.9
2026-03-31 00:00:00,2026,3,31,0,Lào Cai,Xã Khao Mang,21.9078898,103.9748758,127,Unhealthy for Sensitive Groups,2,19.4,58,0.0,5.6,220,862.9,4,54.0,69.2,330.0,9.0,108.0,4.7
2026-03-31 01:00:00,2026,3,31,1,Lào Cai,Xã Khao Mang,21.9078898,103.9748758,127,Unhealthy for Sensitive Groups,2,19.5,59,0.0,5.0,206,862.6,15,53.9,69.4,324.0,8.8,108.0,4.5
2026-03-31 02:00:00,2026,3,31,2,Lào Cai,Xã Khao Mang,21.9078898,103.9748758,127,Unhealthy for Sensitive Groups,2,18.8,61,0.0,5.1,212,862.0,25,53.8,69.6,325.0,8.5,107.0,4.4
2026-03-31 03:00:00,2026,3,31,3,Lào Cai,Xã Khao Mang,21.9078898,103.9748758,128,Unhealthy for Sensitive Groups,2,19.0,60,0.0,5.3,213,861.7,35,53.9,69.8,332.0,8.2,107.0,4.3
2026-03-31 04:00:00,2026,3,31,4,Lào Cai,Xã Khao Mang,21.9078898,103.9748758,128,Unhealthy for Sensitive Groups,2,18.8,61,0.0,4.9,213,861.8,15,54.0,70.3,351.0,8.1,106.0,4.3
2026-03-31 05:00:00,2026,3,31,5,Lào Cai,Xã Khao Mang,21.9078898,103.9748758,128,Unhealthy for Sensitive Groups,2,18.4,62,0.0,4.9,213,862.1,21,54.5,71.0,397.0,8.5,104.0,4.6
2026-03-31 06:00:00,2026,3,31,6,Lào Cai,Xã Khao Mang,21.9078898,103.9748758,129,Unhealthy for Sensitive Groups,2,18.5,62,0.0,3.7,215,862.7,11,55.3,71.9,455.0,9.0,102.0,5.0
2026-03-31 07:00:00,2026,3,31,7,Lào Cai,Xã Khao Mang,21.9078898,103.9748758,129,Unhealthy for Sensitive Groups,2,19.5,65,0.0,5.3,204,863.9,12,55.2,72.4,489.0,8.2,108.0,5.2
2026-03-31 08:00:00,2026,3,31,8,Lào Cai,Xã Khao Mang,21.9078898,103.9748758,128,Unhealthy for Sensitive Groups,2,21.5,58,0.0,7.0,235,865.5,0,56.9,70.8,476.0,6.2,122.0,5.3
2026-03-31 09:00:00,2026,3,31,9,Lào Cai,Xã Khao Mang,21.9078898,103.9748758,126,Unhealthy for Sensitive Groups,2,23.4,51,0.0,10.1,248,866.8,0,63.8,82.7,440.0,3.4,140.0,5.4
2026-03-31 10:00:00,2026,3,31,10,Lào Cai,Xã Khao Mang,21.9078898,103.9748758,126,Unhealthy for Sensitive Groups,2,24.6,45,0.0,11.4,254,867.0,0,56.8,76.6,411.0,1.4,153.0,5.3
2026-03-31 11:00:00,2026,3,31,11,Lào Cai,Xã Khao Mang,21.9078898,103.9748758,128,Unhealthy for Sensitive Groups,2,25.6,42,0.0,12.3,262,867.0,9,46.1,63.6,406.0,0.8,154.0,4.7
2026-03-31 12:00:00,2026,3,31,12,Lào Cai,Xã Khao Mang,21.9078898,103.9748758,129,Unhealthy for Sensitive Groups,2,25.2,43,0.0,13.3,279,866.5,23,39.3,55.3,408.0,0.9,150.0,3.7
2026-03-31 13:00:00,2026,3,31,13,Lào Cai,Xã Khao Mang,21.9078898,103.9748758,130,Unhealthy for Sensitive Groups,2,24.5,48,0.2,11.7,283,865.7,16,35.7,51.1,403.0,1.1,145.0,3.0
2026-03-31 14:00:00,2026,3,31,14,Lào Cai,Xã Khao Mang,21.9078898,103.9748758,130,Unhealthy for Sensitive Groups,2,26.0,40,0.2,11.4,276,864.9,37,32.4,46.6,377.0,0.7,142.0,2.5
2026-03-31 15:00:00,2026,3,31,15,Lào Cai,Xã Khao Mang,21.9078898,103.9748758,131,Unhealthy for Sensitive Groups,2,26.6,36,0.0,13.3,260,864.4,52,29.3,42.5,342.0,0.5,138.0,2.3
2026-03-31 16:00:00,2026,3,31,16,Lào Cai,Xã Khao Mang,21.9078898,103.9748758,131,Unhealthy for Sensitive Groups,2,26.2,38,0.0,11.4,254,864.1,21,27.2,40.0,326.0,1.4,132.0,2.3
2026-03-31 17:00:00,2026,3,31,17,Lào Cai,Xã Khao Mang,21.9078898,103.9748758,131,Unhealthy for Sensitive Groups,2,25.0,45,0.1,7.9,253,863.8,23,27.1,39.3,346.0,4.8,122.0,2.8
2026-03-31 18:00:00,2026,3,31,18,Lào Cai,Xã Khao Mang,21.9078898,103.9748758,131,Unhealthy for Sensitive Groups,2,22.7,55,0.0,3.9,193,863.5,16,29.6,41.1,383.0,9.5,110.0,3.6
2026-03-31 19:00:00,2026,3,31,19,Lào Cai,Xã Khao Mang,21.9078898,103.9748758,130,Unhealthy for Sensitive Groups,2,22.2,54,0.0,5.2,205,863.6,27,27.6,39.5,408.0,10.6,99.0,3.4
2026-03-31 20:00:00,2026,3,31,20,Lào Cai,Xã Khao Mang,21.9078898,103.9748758,128,Unhealthy for Sensitive Groups,2,21.6,54,0.0,4.7,189,863.7,5,29.4,41.6,405.0,10.6,98.0,4.1
2026-03-31 21:00:00,2026,3,31,21,Lào Cai,Xã Khao Mang,21.9078898,103.9748758,126,Unhealthy for Sensitive Groups,2,20.5,55,0.0,4.7,176,864.0,2,33.3,44.5,389.0,10.6,98.0,5.1
2026-03-31 22:00:00,2026,3,31,22,Lào Cai,Xã Khao Mang,21.9078898,103.9748758,123,Unhealthy for Sensitive Groups,2,20.6,55,0.0,3.5,145,864.4,0,38.6,48.9,374.0,10.2,99.0,5.8
2026-03-31 23:00:00,2026,3,31,23,Lào Cai,Xã Khao Mang,21.9078898,103.9748758,122,Unhealthy for Sensitive Groups,2,19.5,57,0.0,2.6,106,864.1,0,42.5,51.2,364.0,9.0,104.0,6.0
2026-04-01 00:00:00,2026,4,1,0,Lào Cai,Xã Khao Mang,21.9078898,103.9748758,121,Unhealthy for Sensitive Groups,2,18.4,62,0.0,5.4,92,864.3,4,44.6,50.9,356.0,7.4,110.0,6.0
2026-04-01 01:00:00,2026,4,1,1,Lào Cai,Xã Khao Mang,21.9078898,103.9748758,120,Unhealthy for Sensitive Groups,2,18.3,66,0.0,6.1,114,863.5,24,46.0,50.8,354.0,6.0,114.0,5.6
2026-04-01 02:00:00,2026,4,1,2,Lào Cai,Xã Khao Mang,21.9078898,103.9748758,119,Unhealthy for Sensitive Groups,2,17.8,72,0.0,6.3,105,863.2,13,44.0,47.6,360.0,4.9,114.0,4.6
2026-04-01 03:00:00,2026,4,1,3,Lào Cai,Xã Khao Mang,21.9078898,103.9748758,118,Unhealthy for Sensitive Groups,2,16.3,83,0.0,6.7,109,862.9,47,40.5,44.2,372.0,4.0,111.0,3.2
2026-04-01 04:00:00,2026,4,1,4,Lào Cai,Xã Khao Mang,21.9078898,103.9748758,116,Unhealthy for Sensitive Groups,2,15.6,88,0.0,9.4,102,862.9,34,39.0,42.4,391.0,3.4,109.0,2.2
2026-04-01 05:00:00,2026,4,1,5,Lào Cai,Xã Khao Mang,21.9078898,103.9748758,115,Unhealthy for Sensitive Groups,2,16.0,85,0.0,9.3,106,863.8,29,38.6,41.6,426.0,3.2,107.0,1.8
2026-04-01 06:00:00,2026,4,1,6,Lào Cai,Xã Khao Mang,21.9078898,103.9748758,113,Unhealthy for Sensitive Groups,2,15.7,86,0.0,8.8,102,863.7,18,37.5,40.4,468.0,3.2,106.0,1.7
2026-04-01 07:00:00,2026,4,1,7,Lào Cai,Xã Khao Mang,21.9078898,103.9748758,111,Unhealthy for Sensitive Groups,2,17.6,86,0.0,5.9,101,865.5,20,24.8,27.2,492.0,3.1,110.0,1.4
2026-04-01 08:00:00,2026,4,1,8,Lào Cai,Xã Khao Mang,21.9078898,103.9748758,108,Unhealthy for Sensitive Groups,2,19.6,76,0.0,0.9,11,867.1,8,22.6,25.0,480.0,2.7,116.0,1.7
2026-04-01 09:00:00,2026,4,1,9,Lào Cai,Xã Khao Mang,21.9078898,103.9748758,105,Unhealthy for Sensitive Groups,2,21.4,70,0.0,3.8,311,868.2,5,24.7,28.3,450.0,2.2,125.0,2.1
2026-04-01 10:00:00,2026,4,1,10,Lào Cai,Xã Khao Mang,21.9078898,103.9748758,101,Unhealthy for Sensitive Groups,2,23.1,66,0.0,5.7,294,868.8,17,24.5,29.9,424.0,1.7,133.0,2.5
2026-04-01 11:00:00,2026,4,1,11,Lào Cai,Xã Khao Mang,21.9078898,103.9748758,98,Moderate,1,24.3,62,0.0,9.0,285,868.8,7,29.1,36.7,412.0,1.4,140.0,3.0
2026-04-01 12:00:00,2026,4,1,12,Lào Cai,Xã Khao Mang,21.9078898,103.9748758,96,Moderate,1,25.3,56,0.0,9.8,264,868.1,8,31.9,40.4,404.0,1.2,146.0,3.6
2026-04-01 13:00:00,2026,4,1,13,Lào Cai,Xã Khao Mang,21.9078898,103.9748758,95,Moderate,1,24.7,58,0.4,9.6,250,867.1,24,36.8,48.2,395.0,1.1,151.0,4.1
2026-04-01 14:00:00,2026,4,1,14,Lào Cai,Xã Khao Mang,21.9078898,103.9748758,96,Moderate,1,24.1,65,0.6,10.2,247,865.6,27,45.1,62.9,375.0,0.9,157.0,4.5
2026-04-01 15:00:00,2026,4,1,15,Lào Cai,Xã Khao Mang,21.9078898,103.9748758,97,Moderate,1,23.3,67,0.6,11.7,245,864.6,34,51.6,73.1,354.0,0.8,163.0,4.8
2026-04-01 16:00:00,2026,4,1,16,Lào Cai,Xã Khao Mang,21.9078898,103.9748758,107,Unhealthy for Sensitive Groups,2,23.1,63,0.0,6.7,226,864.5,41,55.9,78.5,355.0,1.4,161.0,5.1
2026-04-01 17:00:00,2026,4,1,17,Lào Cai,Xã Khao Mang,21.9078898,103.9748758,117,Unhealthy for Sensitive Groups,2,22.0,68,0.2,3.5,294,863.9,38,58.1,77.3,400.0,3.5,146.0,5.5
2026-04-01 18:00:00,2026,4,1,18,Lào Cai,Xã Khao Mang,21.9078898,103.9748758,121,Unhealthy for Sensitive Groups,2,19.6,87,0.0,3.3,99,863.2,10,56.9,71.7,467.0,6.3,124.0,5.8
2026-04-01 19:00:00,2026,4,1,19,Lào Cai,Xã Khao Mang,21.9078898,103.9748758,119,Unhealthy for Sensitive Groups,2,18.4,90,0.0,5.4,105,863.4,21,75.4,90.8,520.0,9.2,108.0,6.0
2026-04-01 20:00:00,2026,4,1,20,Lào Cai,Xã Khao Mang,21.9078898,103.9748758,112,Unhealthy for Sensitive Groups,2,17.7,91,0.0,4.8,112,863.5,8,73.6,86.4,547.0,9.0,103.0,6.6
2026-04-01 21:00:00,2026,4,1,21,Lào Cai,Xã Khao Mang,21.9078898,103.9748758,117,Unhealthy for Sensitive Groups,2,17.2,90,0.0,3.4,115,864.1,21,71.9,81.5,559.0,8.8,96.0,7.3
2026-04-01 22:00:00,2026,4,1,22,Lào Cai,Xã Khao Mang,21.9078898,103.9748758,121,Unhealthy for Sensitive Groups,2,17.1,87,0.0,3.5,111,864.8,15,71.0,79.9,551.0,8.7,88.0,7.8
2026-04-01 23:00:00,2026,4,1,23,Lào Cai,Xã Khao Mang,21.9078898,103.9748758,124,Unhealthy for Sensitive Groups,2,16.8,85,0.0,3.2,117,864.7,38,70.3,77.3,511.0,9.0,80.0,7.7
2026-04-02 00:00:00,2026,4,2,0,Lào Cai,Xã Khao Mang,21.9078898,103.9748758,127,Unhealthy for Sensitive Groups,2,16.8,82,0.0,2.2,114,864.5,4,69.2,75.2,452.0,9.5,72.0,7.3
2026-04-02 01:00:00,2026,4,2,1,Lào Cai,Xã Khao Mang,21.9078898,103.9748758,130,Unhealthy for Sensitive Groups,2,16.6,81,0.0,1.0,121,864.5,20,70.3,75.4,407.0,9.7,66.0,6.9
2026-04-02 02:00:00,2026,4,2,2,Lào Cai,Xã Khao Mang,21.9078898,103.9748758,132,Unhealthy for Sensitive Groups,2,16.4,83,0.0,2.2,114,864.3,6,71.2,76.1,388.0,9.5,63.0,6.6
2026-04-02 03:00:00,2026,4,2,3,Lào Cai,Xã Khao Mang,21.9078898,103.9748758,135,Unhealthy for Sensitive Groups,2,16.0,83,0.0,2.3,122,863.4,5,72.2,76.8,383.0,9.2,61.0,6.3
2026-04-02 04:00:00,2026,4,2,4,Lào Cai,Xã Khao Mang,21.9078898,103.9748758,139,Unhealthy for Sensitive Groups,2,15.7,84,0.0,1.7,122,863.4,53,73.3,78.0,396.0,8.8,61.0,6.1
2026-04-02 05:00:00,2026,4,2,5,Lào Cai,Xã Khao Mang,21.9078898,103.9748758,142,Unhealthy for Sensitive Groups,2,15.6,83,0.0,1.7,131,863.4,43,74.7,79.6,440.0,8.7,61.0,5.9
2026-04-02 06:00:00,2026,4,2,6,Lào Cai,Xã Khao Mang,21.9078898,103.9748758,146,Unhealthy for Sensitive Groups,2,15.5,82,0.0,1.4,130,863.6,22,75.7,81.5,500.0,8.6,62.0,5.7
2026-04-02 07:00:00,2026,4,2,7,Lào Cai,Xã Khao Mang,21.9078898,103.9748758,150,Unhealthy for Sensitive Groups,2,15.9,94,0.0,2.9,137,864.5,29,69.8,79.6,537.0,6.5,78.0,2.9
2026-04-02 08:00:00,2026,4,2,8,Lào Cai,Xã Khao Mang,21.9078898,103.9748758,151,Unhealthy,3,18.3,87,0.0,1.8,127,866.3,41,70.8,84.1,528.0,5.2,98.0,3.4
2026-04-02 09:00:00,2026,4,2,9,Lào Cai,Xã Khao Mang,21.9078898,103.9748758,152,Unhealthy,3,20.8,71,0.0,2.7,270,867.5,38,75.4,92.4,496.0,3.3,125.0,4.2
2026-04-02 10:00:00,2026,4,2,10,Lào Cai,Xã Khao Mang,21.9078898,103.9748758,153,Unhealthy,3,22.0,69,0.5,5.8,248,867.9,16,77.3,96.9,468.0,1.9,147.0,4.7
2026-04-02 11:00:00,2026,4,2,11,Lào Cai,Xã Khao Mang,21.9078898,103.9748758,154,Unhealthy,3,24.1,60,0.0,11.2,258,867.7,11,81.5,105.9,454.0,1.3,157.0,4.9
2026-04-02 12:00:00,2026,4,2,12,Lào Cai,Xã Khao Mang,21.9078898,103.9748758,155,Unhealthy,3,25.0,56,0.0,12.8,259,867.1,5,88.2,122.9,444.0,1.1,162.0,4.9
2026-04-02 13:00:00,2026,4,2,13,Lào Cai,Xã Khao Mang,21.9078898,103.9748758,157,Unhealthy,3,24.4,57,0.0,11.5,245,866.3,11,87.8,125.7,435.0,1.1,166.0,4.9
2026-04-02 14:00:00,2026,4,2,14,Lào Cai,Xã Khao Mang,21.9078898,103.9748758,158,Unhealthy,3,24.0,61,0.3,12.9,240,864.8,35,84.8,119.2,420.0,1.0,172.0,5.0
2026-04-02 15:00:00,2026,4,2,15,Lào Cai,Xã Khao Mang,21.9078898,103.9748758,159,Unhealthy,3,24.8,56,0.0,14.0,239,864.2,13,86.1,118.7,405.0,1.0,178.0,5.2
2026-04-02 16:00:00,2026,4,2,16,Lào Cai,Xã Khao Mang,21.9078898,103.9748758,159,Unhealthy,3,22.9,70,0.5,10.2,252,863.3,50,86.8,119.2,407.0,1.7,178.0,5.4
2026-04-02 17:00:00,2026,4,2,17,Lào Cai,Xã Khao Mang,21.9078898,103.9748758,160,Unhealthy,3,21.0,77,0.0,5.9,301,863.2,54,86.8,115.9,446.0,3.7,169.0,5.8
2026-04-02 18:00:00,2026,4,2,18,Lào Cai,Xã Khao Mang,21.9078898,103.9748758,161,Unhealthy,3,19.6,85,0.0,2.9,169,862.9,22,88.2,114.6,501.0,6.5,154.0,6.3
2026-04-02 19:00:00,2026,4,2,19,Lào Cai,Xã Khao Mang,21.9078898,103.9748758,161,Unhealthy,3,18.1,81,0.0,7.0,136,862.3,28,86.6,111.1,530.0,10.0,128.0,6.5
2026-04-02 20:00:00,2026,4,2,20,Lào Cai,Xã Khao Mang,21.9078898,103.9748758,162,Unhealthy,3,18.0,80,0.0,2.5,135,862.7,12,87.5,112.7,506.0,10.5,124.0,6.9
2026-04-02 21:00:00,2026,4,2,21,Lào Cai,Xã Khao Mang,21.9078898,103.9748758,162,Unhealthy,3,18.6,75,0.0,1.9,139,863.3,9,88.2,113.6,455.0,11.2,118.0,7.4
2026-04-02 22:00:00,2026,4,2,22,Lào Cai,Xã Khao Mang,21.9078898,103.9748758,162,Unhealthy,3,19.4,71,0.0,1.7,162,864.2,2,88.9,114.8,416.0,11.7,113.0,7.7
2026-04-02 23:00:00,2026,4,2,23,Lào Cai,Xã Khao Mang,21.9078898,103.9748758,163,Unhealthy,3,19.4,71,0.0,1.7,229,864.0,27,89.6,116.6,406.0,11.7,111.0,7.7
2026-04-03 00:00:00,2026,4,3,0,Lào Cai,Xã Khao Mang,21.9078898,103.9748758,163,Unhealthy,3,18.7,75,0.0,0.8,225,864.0,9,90.1,117.8,407.0,11.4,111.0,7.5
2026-04-03 01:00:00,2026,4,3,1,Lào Cai,Xã Khao Mang,21.9078898,103.9748758,164,Unhealthy,3,17.4,84,0.0,5.0,161,862.9,11,90.3,118.7,407.0,11.0,110.0,7.4
2026-04-03 02:00:00,2026,4,3,2,Lào Cai,Xã Khao Mang,21.9078898,103.9748758,164,Unhealthy,3,18.2,77,0.0,2.2,175,862.5,2,90.6,119.2,395.0,10.6,109.0,7.3
2026-04-03 03:00:00,2026,4,3,3,Lào Cai,Xã Khao Mang,21.9078898,103.9748758,164,Unhealthy,3,18.4,75,0.0,1.4,203,862.3,12,90.8,119.7,381.0,10.0,107.0,7.3
2026-04-03 04:00:00,2026,4,3,4,Lào Cai,Xã Khao Mang,21.9078898,103.9748758,165,Unhealthy,3,18.1,75,0.0,1.1,189,862.0,9,91.0,119.7,380.0,9.6,106.0,7.3
2026-04-03 05:00:00,2026,4,3,5,Lào Cai,Xã Khao Mang,21.9078898,103.9748758,165,Unhealthy,3,17.8,76,0.0,1.6,174,862.1,0,91.3,119.7,406.0,9.5,103.0,7.5
2026-04-03 06:00:00,2026,4,3,6,Lào Cai,Xã Khao Mang,21.9078898,103.9748758,166,Unhealthy,3,17.8,75,0.0,1.7,198,862.3,7,92.2,119.7,445.0,9.5,99.0,7.7
2026-04-03 07:00:00,2026,4,3,7,Lào Cai,Xã Khao Mang,21.9078898,103.9748758,166,Unhealthy,3,19.4,74,0.0,3.8,211,863.4,0,80.6,104.1,467.0,8.8,110.0,7.9
2026-04-03 08:00:00,2026,4,3,8,Lào Cai,Xã Khao Mang,21.9078898,103.9748758,166,Unhealthy,3,21.3,64,0.0,5.1,247,865.1,0,82.7,102.0,457.0,6.6,123.0,7.5
2026-04-03 09:00:00,2026,4,3,9,Lào Cai,Xã Khao Mang,21.9078898,103.9748758,166,Unhealthy,3,22.8,58,0.0,5.3,260,866.2,0,86.8,110.4,430.0,3.6,141.0,6.9
2026-04-03 10:00:00,2026,4,3,10,Lào Cai,Xã Khao Mang,21.9078898,103.9748758,167,Unhealthy,3,24.6,52,0.0,9.5,272,866.8,0,69.4,88.9,404.0,1.4,153.0,6.1
2026-04-03 11:00:00,2026,4,3,11,Lào Cai,Xã Khao Mang,21.9078898,103.9748758,167,Unhealthy,3,25.6,47,0.0,10.0,279,866.6,2,51.0,65.9,384.0,0.7,155.0,5.0
2026-04-03 12:00:00,2026,4,3,12,Lào Cai,Xã Khao Mang,21.9078898,103.9748758,166,Unhealthy,3,26.5,43,0.0,11.2,276,866.0,16,40.6,53.4,365.0,0.8,151.0,3.8
2026-04-03 13:00:00,2026,4,3,13,Lào Cai,Xã Khao Mang,21.9078898,103.9748758,165,Unhealthy,3,26.7,41,0.0,12.3,275,864.6,9,36.2,47.7,342.0,1.0,147.0,2.8
2026-04-03 14:00:00,2026,4,3,14,Lào Cai,Xã Khao Mang,21.9078898,103.9748758,164,Unhealthy,3,26.5,42,0.0,13.4,282,863.8,6,32.2,42.6,304.0,0.7,144.0,2.3
2026-04-03 15:00:00,2026,4,3,15,Lào Cai,Xã Khao Mang,21.9078898,103.9748758,163,Unhealthy,3,27.2,38,0.0,14.7,298,862.9,10,29.5,39.2,263.0,0.4,140.0,2.0
2026-04-03 16:00:00,2026,4,3,16,Lào Cai,Xã Khao Mang,21.9078898,103.9748758,161,Unhealthy,3,26.9,37,0.0,13.1,297,862.3,9,27.6,37.3,247.0,1.1,134.0,2.0
2026-04-03 17:00:00,2026,4,3,17,Lào Cai,Xã Khao Mang,21.9078898,103.9748758,160,Unhealthy,3,25.6,43,0.0,6.9,307,861.7,12,27.5,36.7,282.0,3.5,125.0,2.4
2026-04-03 18:00:00,2026,4,3,18,Lào Cai,Xã Khao Mang,21.9078898,103.9748758,159,Unhealthy,3,24.3,52,0.0,0.8,243,861.5,12,29.2,38.0,344.0,6.7,115.0,3.1
2026-04-03 19:00:00,2026,4,3,19,Lào Cai,Xã Khao Mang,21.9078898,103.9748758,157,Unhealthy,3,22.3,51,0.0,1.5,111,861.1,4,29.2,38.0,384.0,10.7,103.0,3.6
2026-04-03 20:00:00,2026,4,3,20,Lào Cai,Xã Khao Mang,21.9078898,103.9748758,156,Unhealthy,3,20.9,56,0.0,4.0,129,861.1,3,30.3,39.1,381.0,11.4,98.0,3.9
2026-04-03 21:00:00,2026,4,3,21,Lào Cai,Xã Khao Mang,21.9078898,103.9748758,155,Unhealthy,3,20.3,58,0.0,4.5,133,861.3,1,30.7,39.6,358.0,12.3,91.0,4.4
2026-04-03 22:00:00,2026,4,3,22,Lào Cai,Xã Khao Mang,21.9078898,103.9748758,154,Unhealthy,3,20.7,55,0.0,3.9,146,862.0,3,31.3,40.4,333.0,13.3,85.0,4.7
2026-04-03 23:00:00,2026,4,3,23,Lào Cai,Xã Khao Mang,21.9078898,103.9748758,152,Unhealthy,3,21.5,49,0.0,2.4,153,862.4,4,32.0,41.3,311.0,14.4,80.0,4.8
2026-04-04 00:00:00,2026,4,4,0,Lào Cai,Xã Khao Mang,21.9078898,103.9748758,151,Unhealthy,3,21.1,48,0.0,2.7,160,862.3,2,32.6,42.3,287.0,15.5,77.0,4.8
2026-04-04 01:00:00,2026,4,4,1,Lào Cai,Xã Khao Mang,21.9078898,103.9748758,149,Unhealthy for Sensitive Groups,2,21.5,48,0.0,1.8,174,862.0,2,33.2,43.3,273.0,16.5,73.0,4.9
2026-04-04 02:00:00,2026,4,4,2,Lào Cai,Xã Khao Mang,21.9078898,103.9748758,143,Unhealthy for Sensitive Groups,2,20.4,50,0.0,2.3,162,861.1,9,33.9,44.4,269.0,17.6,68.0,5.0
2026-04-04 03:00:00,2026,4,4,3,Lào Cai,Xã Khao Mang,21.9078898,103.9748758,137,Unhealthy for Sensitive Groups,2,20.3,50,0.0,1.5,144,860.6,1,35.6,46.4,274.0,18.5,63.0,5.2
2026-04-04 04:00:00,2026,4,4,4,Lào Cai,Xã Khao Mang,21.9078898,103.9748758,132,Unhealthy for Sensitive Groups,2,20.0,51,0.0,0.6,162,860.5,1,39.0,49.7,292.0,18.3,63.0,5.5
2026-04-04 05:00:00,2026,4,4,5,Lào Cai,Xã Khao Mang,21.9078898,103.9748758,126,Unhealthy for Sensitive Groups,2,19.2,54,0.0,1.0,121,860.8,1,46.7,57.6,334.0,16.4,69.0,6.1
2026-04-04 06:00:00,2026,4,4,6,Lào Cai,Xã Khao Mang,21.9078898,103.9748758,122,Unhealthy for Sensitive Groups,2,18.6,57,0.0,2.4,99,861.3,3,53.0,63.3,389.0,13.5,80.0,6.8
2026-04-04 07:00:00,2026,4,4,7,Lào Cai,Xã Khao Mang,21.9078898,103.9748758,118,Unhealthy for Sensitive Groups,2,19.8,66,0.0,2.4,126,862.3,0,60.5,71.7,427.0,11.2,84.0,7.3
2026-04-04 08:00:00,2026,4,4,8,Lào Cai,Xã Khao Mang,21.9078898,103.9748758,115,Unhealthy for Sensitive Groups,2,22.3,54,0.0,1.5,346,864.6,5,75.7,87.1,436.0,8.4,114.0,7.5
2026-04-04 09:00:00,2026,4,4,9,Lào Cai,Xã Khao Mang,21.9078898,103.9748758,115,Unhealthy for Sensitive Groups,2,23.3,56,0.0,3.2,344,865.2,13,86.1,99.7,430.0,4.5,154.0,7.6
2026-04-04 10:00:00,2026,4,4,10,Lào Cai,Xã Khao Mang,21.9078898,103.9748758,115,Unhealthy for Sensitive Groups,2,24.4,55,0.0,5.6,310,865.5,20,82.4,96.6,416.0,1.6,182.0,7.5
2026-04-04 11:00:00,2026,4,4,11,Lào Cai,Xã Khao Mang,21.9078898,103.9748758,116,Unhealthy for Sensitive Groups,2,25.8,45,0.0,8.5,275,865.4,9,78.7,93.6,394.0,0.7,186.0,6.8
2026-04-04 12:00:00,2026,4,4,12,Lào Cai,Xã Khao Mang,21.9078898,103.9748758,119,Unhealthy for Sensitive Groups,2,26.1,40,0.0,12.9,257,864.7,20,72.4,89.4,366.0,0.9,176.0,5.9
2026-04-04 13:00:00,2026,4,4,13,Lào Cai,Xã Khao Mang,21.9078898,103.9748758,122,Unhealthy for Sensitive Groups,2,25.9,42,0.0,13.3,254,863.8,48,59.4,76.6,345.0,1.1,166.0,5.0
2026-04-04 14:00:00,2026,4,4,14,Lào Cai,Xã Khao Mang,21.9078898,103.9748758,125,Unhealthy for Sensitive Groups,2,26.0,43,0.0,10.4,271,862.8,36,49.1,66.1,334.0,0.7,158.0,4.3
2026-04-04 15:00:00,2026,4,4,15,Lào Cai,Xã Khao Mang,21.9078898,103.9748758,126,Unhealthy for Sensitive Groups,2,25.7,45,0.0,7.6,271,862.0,34,41.8,57.2,330.0,0.4,149.0,3.7
2026-04-04 16:00:00,2026,4,4,16,Lào Cai,Xã Khao Mang,21.9078898,103.9748758,140,Unhealthy for Sensitive Groups,2,26.0,42,0.0,7.6,248,861.5,18,36.3,49.6,342.0,1.3,139.0,3.4
2026-04-04 17:00:00,2026,4,4,17,Lào Cai,Xã Khao Mang,21.9078898,103.9748758,145,Unhealthy for Sensitive Groups,2,25.3,48,0.0,6.1,268,860.9,9,33.5,45.3,384.0,4.5,127.0,3.6
2026-04-04 18:00:00,2026,4,4,18,Lào Cai,Xã Khao Mang,21.9078898,103.9748758,139,Unhealthy for Sensitive Groups,2,23.5,57,0.0,1.8,217,860.2,9,35.5,45.6,441.0,9.0,114.0,4.2
2026-04-04 19:00:00,2026,4,4,19,Lào Cai,Xã Khao Mang,21.9078898,103.9748758,130,Unhealthy for Sensitive Groups,2,22.7,55,0.0,1.0,149,860.1,33,42.3,54.5,483.0,13.6,95.0,4.7
2026-04-04 20:00:00,2026,4,4,20,Lào Cai,Xã Khao Mang,21.9078898,103.9748758,131,Unhealthy for Sensitive Groups,2,21.8,57,0.0,1.2,129,860.8,22,44.6,56.3,495.0,15.3,89.0,5.2
2026-04-04 21:00:00,2026,4,4,21,Lào Cai,Xã Khao Mang,21.9078898,103.9748758,133,Unhealthy for Sensitive Groups,2,20.6,60,0.0,2.8,130,860.7,73,46.3,57.7,491.0,17.6,81.0,6.0
2026-04-04 22:00:00,2026,4,4,22,Lào Cai,Xã Khao Mang,21.9078898,103.9748758,134,Unhealthy for Sensitive Groups,2,20.7,60,0.0,1.7,139,861.0,87,48.2,59.5,481.0,19.6,74.0,6.5
2026-04-04 23:00:00,2026,4,4,23,Lào Cai,Xã Khao Mang,21.9078898,103.9748758,136,Unhealthy for Sensitive Groups,2,20.6,60,0.0,1.2,141,861.1,84,49.7,60.8,466.0,21.0,68.0,6.6
2026-04-05 00:00:00,2026,4,5,0,Lào Cai,Xã Khao Mang,21.9078898,103.9748758,138,Unhealthy for Sensitive Groups,2,20.1,62,0.0,1.2,141,860.6,100,51.1,62.2,446.0,22.0,63.0,6.5
2026-04-05 01:00:00,2026,4,5,1,Lào Cai,Xã Khao Mang,21.9078898,103.9748758,140,Unhealthy for Sensitive Groups,2,18.6,67,0.0,1.7,139,859.5,95,52.7,63.8,430.0,22.6,59.0,6.4
2026-04-05 02:00:00,2026,4,5,2,Lào Cai,Xã Khao Mang,21.9078898,103.9748758,142,Unhealthy for Sensitive Groups,2,18.5,68,0.0,2.2,145,859.2,95,53.9,65.2,418.0,23.0,54.0,6.2
2026-04-05 03:00:00,2026,4,5,3,Lào Cai,Xã Khao Mang,21.9078898,103.9748758,144,Unhealthy for Sensitive Groups,2,18.4,68,0.0,1.6,153,858.9,93,54.6,66.6,411.0,22.9,51.0,6.0
2026-04-05 04:00:00,2026,4,5,4,Lào Cai,Xã Khao Mang,21.9078898,103.9748758,146,Unhealthy for Sensitive Groups,2,17.8,70,0.0,1.9,146,858.8,99,54.9,67.8,417.0,22.1,50.0,5.9
2026-04-05 05:00:00,2026,4,5,5,Lào Cai,Xã Khao Mang,21.9078898,103.9748758,148,Unhealthy for Sensitive Groups,2,17.4,72,0.0,3.3,158,859.1,97,55.4,69.4,449.0,20.2,53.0,5.9
2026-04-05 06:00:00,2026,4,5,6,Lào Cai,Xã Khao Mang,21.9078898,103.9748758,149,Unhealthy for Sensitive Groups,2,17.9,70,0.0,3.7,169,859.6,100,56.5,71.5,495.0,17.4,58.0,5.9
2026-04-05 07:00:00,2026,4,5,7,Lào Cai,Xã Khao Mang,21.9078898,103.9748758,149,Unhealthy for Sensitive Groups,2,20.0,71,0.0,4.8,211,861.1,96,43.7,57.5,523.0,12.2,65.0,5.4
2026-04-05 08:00:00,2026,4,5,8,Lào Cai,Xã Khao Mang,21.9078898,103.9748758,147,Unhealthy for Sensitive Groups,2,22.3,61,0.0,6.9,242,862.8,99,49.8,63.1,517.0,9.2,89.0,5.9
2026-04-05 09:00:00,2026,4,5,9,Lào Cai,Xã Khao Mang,21.9078898,103.9748758,144,Unhealthy for Sensitive Groups,2,23.7,58,0.0,10.5,251,863.6,98,64.5,83.4,493.0,5.1,122.0,6.5
2026-04-05 10:00:00,2026,4,5,10,Lào Cai,Xã Khao Mang,21.9078898,103.9748758,142,Unhealthy for Sensitive Groups,2,24.9,55,0.0,12.4,251,863.9,100,80.1,103.8,471.0,2.0,147.0,6.7
2026-04-05 11:00:00,2026,4,5,11,Lào Cai,Xã Khao Mang,21.9078898,103.9748758,142,Unhealthy for Sensitive Groups,2,26.1,48,0.0,15.4,253,863.9,99,79.2,102.0,459.0,1.0,155.0,6.1
2026-04-05 12:00:00,2026,4,5,12,Lào Cai,Xã Khao Mang,21.9078898,103.9748758,142,Unhealthy for Sensitive Groups,2,26.2,47,0.0,15.8,251,863.6,99,69.2,87.1,448.0,1.0,154.0,5.0
2026-04-05 13:00:00,2026,4,5,13,Lào Cai,Xã Khao Mang,21.9078898,103.9748758,142,Unhealthy for Sensitive Groups,2,26.3,47,0.0,12.4,254,862.8,100,61.7,76.6,431.0,1.1,152.0,4.2
2026-04-05 14:00:00,2026,4,5,14,Lào Cai,Xã Khao Mang,21.9078898,103.9748758,142,Unhealthy for Sensitive Groups,2,27.8,40,0.0,16.7,253,862.1,100,56.5,68.7,401.0,0.9,152.0,3.9
2026-04-05 15:00:00,2026,4,5,15,Lào Cai,Xã Khao Mang,21.9078898,103.9748758,143,Unhealthy for Sensitive Groups,2,27.9,36,0.0,17.3,243,861.5,95,52.3,62.6,366.0,0.9,152.0,3.8
2026-04-05 16:00:00,2026,4,5,16,Lào Cai,Xã Khao Mang,21.9078898,103.9748758,144,Unhealthy for Sensitive Groups,2,27.4,39,0.0,16.6,257,860.9,98,49.4,58.6,341.0,1.4,149.0,3.8
2026-04-05 17:00:00,2026,4,5,17,Lào Cai,Xã Khao Mang,21.9078898,103.9748758,145,Unhealthy for Sensitive Groups,2,26.7,42,0.0,10.0,232,860.2,38,48.7,57.3,330.0,3.0,142.0,4.0
2026-04-05 18:00:00,2026,4,5,18,Lào Cai,Xã Khao Mang,21.9078898,103.9748758,147,Unhealthy for Sensitive Groups,2,24.9,45,0.0,11.7,216,859.7,37,49.8,58.3,328.0,5.2,132.0,4.3
2026-04-05 19:00:00,2026,4,5,19,Lào Cai,Xã Khao Mang,21.9078898,103.9748758,148,Unhealthy for Sensitive Groups,2,24.0,45,0.0,12.1,217,860.0,27,55.5,64.7,338.0,6.6,126.0,4.4
2026-04-05 20:00:00,2026,4,5,20,Lào Cai,Xã Khao Mang,21.9078898,103.9748758,150,Unhealthy for Sensitive Groups,2,23.7,46,0.0,11.1,219,860.5,81,58.1,68.7,369.0,6.7,123.0,4.6
2026-04-05 21:00:00,2026,4,5,21,Lào Cai,Xã Khao Mang,21.9078898,103.9748758,150,Unhealthy for Sensitive Groups,2,22.8,49,0.0,8.7,207,861.0,60,60.1,71.7,411.0,6.9,118.0,4.8
2026-04-05 22:00:00,2026,4,5,22,Lào Cai,Xã Khao Mang,21.9078898,103.9748758,151,Unhealthy,3,22.6,51,0.0,7.9,213,861.5,72,61.9,74.7,440.0,7.0,115.0,5.0
2026-04-05 23:00:00,2026,4,5,23,Lào Cai,Xã Khao Mang,21.9078898,103.9748758,151,Unhealthy,3,21.8,54,0.0,6.6,221,861.2,91,63.6,78.0,441.0,7.1,113.0,5.0
2026-04-06 00:00:00,2026,4,6,0,Lào Cai,Xã Khao Mang,21.9078898,103.9748758,151,Unhealthy,3,21.3,56,0.0,6.5,214,860.9,94,65.4,81.0,429.0,7.2,112.0,4.8
2026-04-06 01:00:00,2026,4,6,1,Lào Cai,Xã Khao Mang,21.9078898,103.9748758,151,Unhealthy,3,20.7,62,0.0,6.9,210,860.8,92,67.8,84.3,419.0,7.2,112.0,4.8
2026-04-06 02:00:00,2026,4,6,2,Lào Cai,Xã Khao Mang,21.9078898,103.9748758,152,Unhealthy,3,20.9,60,0.0,6.7,216,860.5,83,70.3,87.5,411.0,7.1,112.0,4.9
2026-04-06 03:00:00,2026,4,6,3,Lào Cai,Xã Khao Mang,21.9078898,103.9748758,152,Unhealthy,3,20.0,63,0.0,5.6,211,860.2,84,72.9,90.6,405.0,6.9,113.0,5.1
2026-04-06 04:00:00,2026,4,6,4,Lào Cai,Xã Khao Mang,21.9078898,103.9748758,153,Unhealthy,3,19.8,63,0.0,5.4,200,860.4,91,75.7,93.8,415.0,6.9,113.0,5.4
2026-04-06 05:00:00,2026,4,6,5,Lào Cai,Xã Khao Mang,21.9078898,103.9748758,153,Unhealthy,3,19.6,64,0.0,4.6,206,860.7,98,78.7,97.1,458.0,7.3,111.0,5.9
2026-04-06 06:00:00,2026,4,6,6,Lào Cai,Xã Khao Mang,21.9078898,103.9748758,153,Unhealthy,3,19.4,65,0.0,3.1,204,861.4,88,82.0,100.8,517.0,7.8,109.0,6.5
2026-04-06 07:00:00,2026,4,6,7,Lào Cai,Xã Khao Mang,21.9078898,103.9748758,154,Unhealthy,3,21.2,71,0.0,4.4,201,862.6,83,88.9,107.8,553.0,6.9,109.0,6.7
2026-04-06 08:00:00,2026,4,6,8,Lào Cai,Xã Khao Mang,21.9078898,103.9748758,155,Unhealthy,3,23.4,61,0.0,5.6,245,864.5,2,91.0,104.8,542.0,5.3,125.0,7.1
2026-04-06 09:00:00,2026,4,6,9,Lào Cai,Xã Khao Mang,21.9078898,103.9748758,156,Unhealthy,3,24.7,57,0.0,7.1,251,865.4,48,98.3,117.6,509.0,3.0,146.0,7.5
2026-04-06 10:00:00,2026,4,6,10,Lào Cai,Xã Khao Mang,21.9078898,103.9748758,157,Unhealthy,3,26.2,51,0.0,9.1,261,865.9,0,83.8,103.8,483.0,1.4,162.0,7.6
2026-04-06 11:00:00,2026,4,6,11,Lào Cai,Xã Khao Mang,21.9078898,103.9748758,157,Unhealthy,3,27.3,45,0.0,10.8,266,866.0,2,71.9,88.9,484.0,0.9,167.0,6.9
2026-04-06 12:00:00,2026,4,6,12,Lào Cai,Xã Khao Mang,21.9078898,103.9748758,157,Unhealthy,3,27.2,43,0.0,12.3,274,865.6,35,59.3,72.2,492.0,1.0,166.0,5.8
2026-04-06 13:00:00,2026,4,6,13,Lào Cai,Xã Khao Mang,21.9078898,103.9748758,156,Unhealthy,3,26.4,47,0.2,13.9,271,864.8,17,53.7,64.5,484.0,1.2,164.0,4.8
2026-04-06 14:00:00,2026,4,6,14,Lào Cai,Xã Khao Mang,21.9078898,103.9748758,156,Unhealthy,3,28.4,36,0.0,16.1,257,864.3,15,49.8,59.4,437.0,1.1,164.0,4.2
2026-04-06 15:00:00,2026,4,6,15,Lào Cai,Xã Khao Mang,21.9078898,103.9748758,156,Unhealthy,3,27.9,39,0.0,15.2,239,863.5,6,46.8,55.3,372.0,1.0,163.0,3.8
2026-04-06 16:00:00,2026,4,6,16,Lào Cai,Xã Khao Mang,21.9078898,103.9748758,156,Unhealthy,3,28.7,34,0.0,14.4,237,862.8,12,44.7,52.4,332.0,1.5,159.0,3.6
2026-04-06 17:00:00,2026,4,6,17,Lào Cai,Xã Khao Mang,21.9078898,103.9748758,156,Unhealthy,3,26.5,43,0.0,9.8,238,862.2,74,44.5,51.5,342.0,3.3,149.0,3.8
2026-04-06 18:00:00,2026,4,6,18,Lào Cai,Xã Khao Mang,21.9078898,103.9748758,156,Unhealthy,3,24.4,49,0.0,5.8,202,861.4,84,45.5,52.4,377.0,5.7,136.0,4.3
2026-04-06 19:00:00,2026,4,6,19,Lào Cai,Xã Khao Mang,21.9078898,103.9748758,156,Unhealthy,3,25.4,44,0.0,8.9,212,861.8,25,54.8,64.7,400.0,7.6,123.0,4.2
2026-04-06 20:00:00,2026,4,6,20,Lào Cai,Xã Khao Mang,21.9078898,103.9748758,156,Unhealthy,3,24.7,44,0.0,8.0,214,862.2,27,56.5,67.1,394.0,7.9,120.0,4.5
2026-04-06 21:00:00,2026,4,6,21,Lào Cai,Xã Khao Mang,21.9078898,103.9748758,156,Unhealthy,3,23.8,46,0.0,7.6,218,862.8,12,57.3,68.2,377.0,8.2,115.0,4.8
2026-04-06 22:00:00,2026,4,6,22,Lào Cai,Xã Khao Mang,21.9078898,103.9748758,156,Unhealthy,3,23.1,47,0.0,6.2,206,863.1,12,58.6,69.8,365.0,8.4,112.0,5.1
2026-04-06 23:00:00,2026,4,6,23,Lào Cai,Xã Khao Mang,21.9078898,103.9748758,155,Unhealthy,3,22.4,49,0.0,5.5,197,862.8,6,60.1,71.5,367.0,8.2,112.0,5.2
2026-04-07 00:00:00,2026,4,7,0,Lào Cai,Xã Khao Mang,21.9078898,103.9748758,155,Unhealthy,3,21.7,52,0.0,5.7,193,862.2,0,61.7,73.6,375.0,7.8,113.0,5.2
2026-04-07 01:00:00,2026,4,7,1,Lào Cai,Xã Khao Mang,21.9078898,103.9748758,155,Unhealthy,3,22.1,54,0.0,6.7,207,862.1,57,63.8,75.7,382.0,7.4,115.0,5.3
2026-04-07 02:00:00,2026,4,7,2,Lào Cai,Xã Khao Mang,21.9078898,103.9748758,155,Unhealthy,3,21.7,56,0.0,6.4,212,861.6,51,65.7,78.0,383.0,6.9,117.0,5.5
2026-04-07 03:00:00,2026,4,7,3,Lào Cai,Xã Khao Mang,21.9078898,103.9748758,155,Unhealthy,3,21.1,60,0.0,6.0,205,861.3,59,67.8,80.1,384.0,6.5,120.0,5.8
2026-04-07 04:00:00,2026,4,7,4,Lào Cai,Xã Khao Mang,21.9078898,103.9748758,155,Unhealthy,3,20.8,62,0.0,6.0,207,861.5,20,69.8,82.0,397.0,6.2,122.0,6.1
2026-04-07 05:00:00,2026,4,7,5,Lào Cai,Xã Khao Mang,21.9078898,103.9748758,155,Unhealthy,3,20.4,63,0.0,5.5,207,861.9,0,71.5,83.6,437.0,6.5,122.0,6.6
2026-04-07 06:00:00,2026,4,7,6,Lào Cai,Xã Khao Mang,21.9078898,103.9748758,155,Unhealthy,3,20.0,65,0.0,5.0,206,862.3,0,72.6,84.5,489.0,7.0,122.0,7.1
2026-04-07 07:00:00,2026,4,7,7,Lào Cai,Xã Khao Mang,21.9078898,103.9748758,155,Unhealthy,3,21.9,66,0.0,5.6,197,863.8,0,92.0,106.9,516.0,6.8,121.0,7.2
2026-04-07 08:00:00,2026,4,7,8,Lào Cai,Xã Khao Mang,21.9078898,103.9748758,155,Unhealthy,3,24.1,60,0.0,6.8,233,865.6,0,90.8,101.5,492.0,5.2,130.0,6.8
2026-04-07 09:00:00,2026,4,7,9,Lào Cai,Xã Khao Mang,21.9078898,103.9748758,155,Unhealthy,3,25.4,54,0.0,7.8,257,866.4,1,86.1,98.7,442.0,3.0,142.0,6.1
2026-04-07 10:00:00,2026,4,7,10,Lào Cai,Xã Khao Mang,21.9078898,103.9748758,154,Unhealthy,3,26.7,46,0.0,9.6,262,867.1,2,73.8,86.4,408.0,1.4,152.0,5.4
2026-04-07 11:00:00,2026,4,7,11,Lào Cai,Xã Khao Mang,21.9078898,103.9748758,154,Unhealthy,3,27.5,41,0.0,12.1,260,867.1,10,62.9,73.6,412.0,0.9,157.0,4.6
2026-04-07 12:00:00,2026,4,7,12,Lào Cai,Xã Khao Mang,21.9078898,103.9748758,154,Unhealthy,3,27.8,42,0.2,15.1,268,866.8,30,54.0,63.1,431.0,1.0,159.0,3.7
2026-04-07 13:00:00,2026,4,7,13,Lào Cai,Xã Khao Mang,21.9078898,103.9748758,154,Unhealthy,3,27.2,46,1.0,13.1,268,865.9,27,50.2,58.2,437.0,1.2,160.0,3.1
2026-04-07 14:00:00,2026,4,7,14,Lào Cai,Xã Khao Mang,21.9078898,103.9748758,154,Unhealthy,3,28.1,42,0.3,14.9,261,865.1,21,48.4,55.8,409.0,1.0,162.0,2.8
2026-04-07 15:00:00,2026,4,7,15,Lào Cai,Xã Khao Mang,21.9078898,103.9748758,154,Unhealthy,3,27.6,39,0.0,15.6,255,864.3,81,48.3,55.5,368.0,0.8,162.0,2.8
2026-04-07 16:00:00,2026,4,7,16,Lào Cai,Xã Khao Mang,21.9078898,103.9748758,154,Unhealthy,3,27.1,42,0.0,12.0,248,863.8,57,49.6,56.9,351.0,1.5,159.0,2.9
2026-04-07 17:00:00,2026,4,7,17,Lào Cai,Xã Khao Mang,21.9078898,103.9748758,154,Unhealthy,3,26.6,44,0.0,7.8,244,863.6,18,51.3,58.7,382.0,3.7,149.0,3.3
2026-04-07 18:00:00,2026,4,7,18,Lào Cai,Xã Khao Mang,21.9078898,103.9748758,154,Unhealthy,3,23.8,57,0.0,5.6,197,862.9,19,53.7,60.8,436.0,6.7,134.0,3.8
2026-04-07 19:00:00,2026,4,7,19,Lào Cai,Xã Khao Mang,21.9078898,103.9748758,154,Unhealthy,3,23.9,55,0.0,4.0,175,862.6,23,71.7,82.2,477.0,11.2,117.0,4.4
2026-04-07 20:00:00,2026,4,7,20,Lào Cai,Xã Khao Mang,21.9078898,103.9748758,155,Unhealthy,3,22.5,60,0.0,5.5,163,862.5,2,74.7,85.4,487.0,11.1,114.0,4.7
2026-04-07 21:00:00,2026,4,7,21,Lào Cai,Xã Khao Mang,21.9078898,103.9748758,155,Unhealthy,3,21.9,63,0.0,5.3,168,863.0,7,76.1,87.3,484.0,11.0,110.0,5.1
2026-04-07 22:00:00,2026,4,7,22,Lào Cai,Xã Khao Mang,21.9078898,103.9748758,155,Unhealthy,3,21.2,66,0.0,4.4,173,863.3,10,77.5,89.2,479.0,10.7,108.0,5.3
2026-04-07 23:00:00,2026,4,7,23,Lào Cai,Xã Khao Mang,21.9078898,103.9748758,156,Unhealthy,3,20.9,66,0.0,4.0,159,863.5,12,78.9,91.3,476.0,10.0,111.0,5.2
2026-04-08 00:00:00,2026,4,8,0,Lào Cai,Xã Khao Mang,21.9078898,103.9748758,156,Unhealthy,3,19.0,79,0.9,8.3,271,864.3,70,79.6,92.4,471.0,9.0,117.0,5.0
2026-04-08 01:00:00,2026,4,8,1,Lào Cai,Xã Khao Mang,21.9078898,103.9748758,157,Unhealthy,3,16.8,94,2.8,10.9,141,862.6,19,80.3,93.6,468.0,8.2,122.0,4.8
2026-04-08 02:00:00,2026,4,8,2,Lào Cai,Xã Khao Mang,21.9078898,103.9748758,157,Unhealthy,3,16.7,94,0.0,7.5,132,861.4,6,81.3,94.8,463.0,7.6,123.0,4.8
2026-04-08 03:00:00,2026,4,8,3,Lào Cai,Xã Khao Mang,21.9078898,103.9748758,157,Unhealthy,3,18.1,79,0.0,3.9,143,861.7,13,82.4,95.7,458.0,7.1,123.0,4.9
2026-04-08 04:00:00,2026,4,8,4,Lào Cai,Xã Khao Mang,21.9078898,103.9748758,158,Unhealthy,3,19.2,71,0.0,3.6,171,862.7,15,83.4,96.9,466.0,6.7,123.0,5.1
2026-04-08 05:00:00,2026,4,8,5,Lào Cai,Xã Khao Mang,21.9078898,103.9748758,158,Unhealthy,3,19.5,68,0.0,3.3,202,863.0,5,84.5,98.0,501.0,6.8,121.0,5.6
2026-04-08 06:00:00,2026,4,8,6,Lào Cai,Xã Khao Mang,21.9078898,103.9748758,158,Unhealthy,3,19.1,68,0.0,2.0,185,863.1,10,85.7,99.0,548.0,7.0,120.0,6.1
2026-04-08 07:00:00,2026,4,8,7,Lào Cai,Xã Khao Mang,21.9078898,103.9748758,158,Unhealthy,3,20.7,74,0.0,4.2,198,864.8,100,81.3,92.9,571.0,7.8,107.0,5.9
2026-04-08 08:00:00,2026,4,8,8,Lào Cai,Xã Khao Mang,21.9078898,103.9748758,158,Unhealthy,3,21.5,76,0.0,4.5,209,865.9,88,79.4,87.5,547.0,5.8,118.0,4.8
2026-04-08 09:00:00,2026,4,8,9,Lào Cai,Xã Khao Mang,21.9078898,103.9748758,158,Unhealthy,3,22.3,74,0.0,3.1,267,866.7,8,60.3,68.7,499.0,3.1,133.0,3.3
2026-04-08 10:00:00,2026,4,8,10,Lào Cai,Xã Khao Mang,21.9078898,103.9748758,157,Unhealthy,3,24.7,59,0.0,8.3,268,867.8,8,49.1,56.0,457.0,1.1,144.0,2.1
2026-04-08 11:00:00,2026,4,8,11,Lào Cai,Xã Khao Mang,21.9078898,103.9748758,157,Unhealthy,3,25.8,54,0.0,10.3,268,867.7,6,43.7,49.8,431.0,0.6,147.0,1.6
2026-04-08 12:00:00,2026,4,8,12,Lào Cai,Xã Khao Mang,21.9078898,103.9748758,156,Unhealthy,3,25.5,53,0.0,10.8,265,867.0,20,40.0,45.4,412.0,0.8,146.0,1.5
2026-04-08 13:00:00,2026,4,8,13,Lào Cai,Xã Khao Mang,21.9078898,103.9748758,156,Unhealthy,3,25.7,52,0.0,9.8,257,866.1,5,39.0,44.0,395.0,1.0,146.0,1.6
2026-04-08 14:00:00,2026,4,8,14,Lào Cai,Xã Khao Mang,21.9078898,103.9748758,156,Unhealthy,3,26.0,52,0.0,11.7,241,865.1,5,39.8,44.6,378.0,0.9,149.0,1.8
2026-04-08 15:00:00,2026,4,8,15,Lào Cai,Xã Khao Mang,21.9078898,103.9748758,156,Unhealthy,3,26.7,48,0.1,13.4,250,864.4,15,41.6,46.2,365.0,0.9,153.0,2.1
2026-04-08 16:00:00,2026,4,8,16,Lào Cai,Xã Khao Mang,21.9078898,103.9748758,156,Unhealthy,3,26.2,46,0.0,14.5,253,863.9,27,42.3,46.8,363.0,1.4,154.0,2.5
2026-04-08 17:00:00,2026,4,8,17,Lào Cai,Xã Khao Mang,21.9078898,103.9748758,155,Unhealthy,3,25.1,49,0.0,8.7,263,863.5,16,43.0,47.3,381.0,2.7,150.0,2.9
2026-04-08 18:00:00,2026,4,8,18,Lào Cai,Xã Khao Mang,21.9078898,103.9748758,155,Unhealthy,3,22.5,67,0.0,3.7,256,862.9,12,44.4,48.4,410.0,4.5,142.0,3.3
2026-04-08 19:00:00,2026,4,8,19,Lào Cai,Xã Khao Mang,21.9078898,103.9748758,155,Unhealthy,3,19.9,91,1.3,7.6,146,862.0,7,46.6,52.2,432.0,8.4,130.0,3.6
2026-04-08 20:00:00,2026,4,8,20,Lào Cai,Xã Khao Mang,21.9078898,103.9748758,154,Unhealthy,3,19.4,81,0.0,9.1,139,862.2,6,48.1,53.7,439.0,9.0,127.0,4.0
2026-04-08 21:00:00,2026,4,8,21,Lào Cai,Xã Khao Mang,21.9078898,103.9748758,154,Unhealthy,3,18.9,75,0.0,6.5,138,862.6,3,48.9,54.5,438.0,9.8,123.0,4.5
2026-04-08 22:00:00,2026,4,8,22,Lào Cai,Xã Khao Mang,21.9078898,103.9748758,153,Unhealthy,3,19.3,73,0.0,4.2,144,863.3,14,49.8,55.5,436.0,10.1,122.0,4.9
2026-04-08 23:00:00,2026,4,8,23,Lào Cai,Xã Khao Mang,21.9078898,103.9748758,153,Unhealthy,3,19.6,73,0.0,4.9,147,863.3,2,50.8,56.6,435.0,9.7,125.0,4.9
2026-04-09 00:00:00,2026,4,9,0,Lào Cai,Xã Khao Mang,21.9078898,103.9748758,152,Unhealthy,3,18.5,74,0.1,4.6,249,863.7,56,51.7,57.7,433.0,8.8,131.0,4.7
2026-04-09 01:00:00,2026,4,9,1,Lào Cai,Xã Khao Mang,21.9078898,103.9748758,151,Unhealthy,3,16.1,95,0.3,7.6,135,862.3,52,52.9,58.9,428.0,8.0,136.0,4.6
2026-04-09 02:00:00,2026,4,9,2,Lào Cai,Xã Khao Mang,21.9078898,103.9748758,151,Unhealthy,3,16.6,94,0.0,2.9,133,862.0,19,53.8,59.6,416.0,7.3,140.0,4.6
2026-04-09 03:00:00,2026,4,9,3,Lào Cai,Xã Khao Mang,21.9078898,103.9748758,150,Unhealthy for Sensitive Groups,2,18.4,79,0.0,1.3,172,862.7,44,54.2,60.1,402.0,6.7,144.0,4.7
2026-04-09 04:00:00,2026,4,9,4,Lào Cai,Xã Khao Mang,21.9078898,103.9748758,148,Unhealthy for Sensitive Groups,2,18.2,79,0.0,1.2,231,863.1,23,54.2,59.8,400.0,6.4,145.0,4.9
2026-04-09 05:00:00,2026,4,9,5,Lào Cai,Xã Khao Mang,21.9078898,103.9748758,145,Unhealthy for Sensitive Groups,2,18.0,79,0.0,1.6,186,863.3,25,54.1,59.6,425.0,6.8,143.0,5.4
2026-04-09 06:00:00,2026,4,9,6,Lào Cai,Xã Khao Mang,21.9078898,103.9748758,142,Unhealthy for Sensitive Groups,2,18.3,76,0.0,1.5,216,863.6,10,54.2,59.5,462.0,7.5,139.0,6.0
2026-04-09 07:00:00,2026,4,9,7,Lào Cai,Xã Khao Mang,21.9078898,103.9748758,139,Unhealthy for Sensitive Groups,2,19.6,77,0.0,3.7,223,864.6,14,58.8,63.8,481.0,7.8,125.0,5.6
2026-04-09 08:00:00,2026,4,9,8,Lào Cai,Xã Khao Mang,21.9078898,103.9748758,136,Unhealthy for Sensitive Groups,2,20.0,80,0.0,5.6,249,865.7,5,56.2,59.5,463.0,5.8,127.0,4.5
2026-04-09 09:00:00,2026,4,9,9,Lào Cai,Xã Khao Mang,21.9078898,103.9748758,134,Unhealthy for Sensitive Groups,2,22.3,62,0.0,6.8,259,867.1,3,35.7,40.3,426.0,3.0,130.0,3.0
2026-04-09 10:00:00,2026,4,9,10,Lào Cai,Xã Khao Mang,21.9078898,103.9748758,131,Unhealthy for Sensitive Groups,2,23.7,56,0.0,9.9,272,867.6,19,26.6,30.2,395.0,1.0,133.0,1.9
2026-04-09 11:00:00,2026,4,9,11,Lào Cai,Xã Khao Mang,21.9078898,103.9748758,129,Unhealthy for Sensitive Groups,2,24.5,52,0.0,11.6,274,867.6,55,21.8,24.5,381.0,0.5,136.0,1.5
2026-04-09 12:00:00,2026,4,9,12,Lào Cai,Xã Khao Mang,21.9078898,103.9748758,127,Unhealthy for Sensitive Groups,2,24.2,54,0.3,15.5,265,866.9,25,21.5,23.9,373.0,0.7,140.0,1.4
2026-04-09 13:00:00,2026,4,9,13,Lào Cai,Xã Khao Mang,21.9078898,103.9748758,125,Unhealthy for Sensitive Groups,2,24.5,54,0.2,14.5,264,866.4,9,20.7,23.0,358.0,0.9,142.0,1.4
2026-04-09 14:00:00,2026,4,9,14,Lào Cai,Xã Khao Mang,21.9078898,103.9748758,123,Unhealthy for Sensitive Groups,2,25.1,50,0.0,16.1,266,865.6,38,20.2,22.5,326.0,0.8,142.0,1.3
2026-04-09 15:00:00,2026,4,9,15,Lào Cai,Xã Khao Mang,21.9078898,103.9748758,121,Unhealthy for Sensitive Groups,2,25.3,46,0.0,14.6,260,864.8,15,20.1,22.4,287.0,0.8,141.0,1.4
2026-04-09 16:00:00,2026,4,9,16,Lào Cai,Xã Khao Mang,21.9078898,103.9748758,119,Unhealthy for Sensitive Groups,2,25.2,44,0.0,15.1,255,864.1,16,20.7,22.9,265.0,1.1,139.0,1.5
2026-04-09 17:00:00,2026,4,9,17,Lào Cai,Xã Khao Mang,21.9078898,103.9748758,116,Unhealthy for Sensitive Groups,2,24.5,47,0.0,12.5,252,863.6,11,21.9,24.0,274.0,2.1,135.0,1.8
2026-04-09 18:00:00,2026,4,9,18,Lào Cai,Xã Khao Mang,21.9078898,103.9748758,114,Unhealthy for Sensitive Groups,2,22.4,56,0.0,6.9,233,862.9,4,23.5,25.6,299.0,3.5,131.0,2.3
2026-04-09 19:00:00,2026,4,9,19,Lào Cai,Xã Khao Mang,21.9078898,103.9748758,112,Unhealthy for Sensitive Groups,2,21.5,63,0.0,1.8,174,862.5,9,29.9,33.4,320.0,5.3,121.0,2.5
2026-04-09 20:00:00,2026,4,9,20,Lào Cai,Xã Khao Mang,21.9078898,103.9748758,110,Unhealthy for Sensitive Groups,2,21.5,58,0.0,7.1,201,863.1,16,31.0,34.6,328.0,6.1,117.0,2.8
2026-04-09 21:00:00,2026,4,9,21,Lào Cai,Xã Khao Mang,21.9078898,103.9748758,108,Unhealthy for Sensitive Groups,2,21.9,57,0.0,7.7,216,864.2,5,31.4,35.0,331.0,7.3,112.0,3.3
2026-04-09 22:00:00,2026,4,9,22,Lào Cai,Xã Khao Mang,21.9078898,103.9748758,107,Unhealthy for Sensitive Groups,2,21.9,56,0.0,6.8,220,864.6,4,31.9,35.5,333.0,8.0,109.0,3.6
2026-04-09 23:00:00,2026,4,9,23,Lào Cai,Xã Khao Mang,21.9078898,103.9748758,105,Unhealthy for Sensitive Groups,2,20.9,59,0.0,5.7,229,864.5,2,32.0,35.7,336.0,7.9,108.0,3.6
2026-04-10 00:00:00,2026,4,10,0,Lào Cai,Xã Khao Mang,21.9078898,103.9748758,103,Unhealthy for Sensitive Groups,2,19.8,64,0.0,3.7,215,863.8,0,31.8,35.6,338.0,7.4,109.0,3.4
2026-04-10 01:00:00,2026,4,10,1,Lào Cai,Xã Khao Mang,21.9078898,103.9748758,101,Unhealthy for Sensitive Groups,2,19.1,71,0.0,3.1,216,863.4,14,31.5,35.5,334.0,6.9,110.0,3.3
2026-04-10 02:00:00,2026,4,10,2,Lào Cai,Xã Khao Mang,21.9078898,103.9748758,99,Moderate,1,18.6,74,0.0,1.3,188,862.9,27,31.4,35.4,317.0,6.5,111.0,3.3
2026-04-10 03:00:00,2026,4,10,3,Lào Cai,Xã Khao Mang,21.9078898,103.9748758,97,Moderate,1,18.2,76,0.0,4.0,177,862.3,27,31.5,35.5,294.0,6.2,112.0,3.3
2026-04-10 04:00:00,2026,4,10,4,Lào Cai,Xã Khao Mang,21.9078898,103.9748758,95,Moderate,1,18.9,72,0.0,4.1,214,862.4,41,31.7,35.7,288.0,6.0,112.0,3.5
2026-04-10 05:00:00,2026,4,10,5,Lào Cai,Xã Khao Mang,21.9078898,103.9748758,93,Moderate,1,18.9,70,0.0,1.9,229,862.8,37,32.0,36.2,316.0,6.4,111.0,3.9
2026-04-10 06:00:00,2026,4,10,6,Lào Cai,Xã Khao Mang,21.9078898,103.9748758,91,Moderate,1,18.7,71,0.0,2.8,195,863.2,15,32.5,36.8,360.0,7.0,108.0,4.4
2026-04-10 07:00:00,2026,4,10,7,Lào Cai,Xã Khao Mang,21.9078898,103.9748758,89,Moderate,1,20.4,71,0.0,4.2,185,864.4,16,42.7,47.4,385.0,7.5,96.0,4.4
2026-04-10 08:00:00,2026,4,10,8,Lào Cai,Xã Khao Mang,21.9078898,103.9748758,87,Moderate,1,22.1,65,0.0,7.4,238,865.8,13,43.5,47.3,368.0,5.6,106.0,4.1
2026-04-10 09:00:00,2026,4,10,9,Lào Cai,Xã Khao Mang,21.9078898,103.9748758,86,Moderate,1,23.5,59,0.0,8.8,253,866.7,1,42.3,48.5,333.0,2.9,119.0,3.7
2026-04-10 10:00:00,2026,4,10,10,Lào Cai,Xã Khao Mang,21.9078898,103.9748758,87,Moderate,1,24.6,54,0.0,11.5,259,867.2,9,39.7,45.9,308.0,1.0,129.0,3.4
2026-04-10 11:00:00,2026,4,10,11,Lào Cai,Xã Khao Mang,21.9078898,103.9748758,88,Moderate,1,25.5,51,0.1,15.0,259,867.0,18,38.0,43.9,311.0,0.5,133.0,3.2
2026-04-10 12:00:00,2026,4,10,12,Lào Cai,Xã Khao Mang,21.9078898,103.9748758,89,Moderate,1,25.2,51,0.1,16.7,256,866.5,30,36.7,41.8,326.0,0.7,135.0,3.0
2026-04-10 13:00:00,2026,4,10,13,Lào Cai,Xã Khao Mang,21.9078898,103.9748758,91,Moderate,1,25.1,53,1.8,14.1,255,865.7,18,35.3,40.0,333.0,0.9,136.0,2.8
2026-04-10 14:00:00,2026,4,10,14,Lào Cai,Xã Khao Mang,21.9078898,103.9748758,92,Moderate,1,25.7,47,0.3,16.5,256,864.8,25,34.1,38.6,324.0,0.7,138.0,2.7
2026-04-10 15:00:00,2026,4,10,15,Lào Cai,Xã Khao Mang,21.9078898,103.9748758,93,Moderate,1,24.7,51,0.3,15.7,251,863.7,29,32.4,36.3,308.0,0.6,139.0,2.6
2026-04-10 16:00:00,2026,4,10,16,Lào Cai,Xã Khao Mang,21.9078898,103.9748758,94,Moderate,1,25.2,47,0.2,15.0,249,863.0,20,31.0,34.6,295.0,1.2,137.0,2.6
2026-04-10 17:00:00,2026,4,10,17,Lào Cai,Xã Khao Mang,21.9078898,103.9748758,95,Moderate,1,24.9,46,0.1,11.9,267,862.3,13,30.4,33.6,287.0,3.0,130.0,2.8
2026-04-10 18:00:00,2026,4,10,18,Lào Cai,Xã Khao Mang,21.9078898,103.9748758,96,Moderate,1,22.7,55,0.0,7.7,246,861.7,6,30.9,34.0,282.0,5.5,120.0,3.1
2026-04-10 19:00:00,2026,4,10,19,Lào Cai,Xã Khao Mang,21.9078898,103.9748758,97,Moderate,1,21.5,63,0.0,3.2,214,862.3,18,37.1,40.6,284.0,8.7,109.0,3.1
2026-04-10 20:00:00,2026,4,10,20,Lào Cai,Xã Khao Mang,21.9078898,103.9748758,97,Moderate,1,20.9,64,0.0,4.1,218,862.8,38,38.0,41.9,300.0,9.1,107.0,3.4
2026-04-10 21:00:00,2026,4,10,21,Lào Cai,Xã Khao Mang,21.9078898,103.9748758,98,Moderate,1,20.5,63,0.0,4.8,205,863.4,36,38.2,42.3,322.0,9.6,103.0,3.8
2026-04-10 22:00:00,2026,4,10,22,Lào Cai,Xã Khao Mang,21.9078898,103.9748758,99,Moderate,1,20.9,62,0.0,5.2,205,863.9,91,38.2,42.6,332.0,9.8,101.0,4.0
2026-04-10 23:00:00,2026,4,10,23,Lào Cai,Xã Khao Mang,21.9078898,103.9748758,99,Moderate,1,21.5,59,0.0,6.7,224,863.8,33,38.2,42.8,316.0,9.4,101.0,3.9
2026-04-11 00:00:00,2026,4,11,0,Lào Cai,Xã Khao Mang,21.9078898,103.9748758,100,Moderate,1,20.4,63,0.0,5.7,226,863.0,52,38.2,43.1,286.0,8.6,103.0,3.6
2026-04-11 01:00:00,2026,4,11,1,Lào Cai,Xã Khao Mang,21.9078898,103.9748758,100,Moderate,1,19.7,70,0.0,3.3,209,862.5,36,38.4,43.5,264.0,8.0,104.0,3.4
2026-04-11 02:00:00,2026,4,11,2,Lào Cai,Xã Khao Mang,21.9078898,103.9748758,101,Unhealthy for Sensitive Groups,2,18.8,75,0.1,3.7,191,861.6,52,38.6,44.1,253.0,7.6,104.0,3.3
2026-04-11 03:00:00,2026,4,11,3,Lào Cai,Xã Khao Mang,21.9078898,103.9748758,102,Unhealthy for Sensitive Groups,2,18.4,80,0.1,5.2,182,861.2,35,39.0,44.8,249.0,7.3,104.0,3.2
2026-04-11 04:00:00,2026,4,11,4,Lào Cai,Xã Khao Mang,21.9078898,103.9748758,103,Unhealthy for Sensitive Groups,2,18.5,78,0.0,4.7,187,861.2,10,39.2,45.5,260.0,7.1,104.0,3.3
2026-04-11 05:00:00,2026,4,11,5,Lào Cai,Xã Khao Mang,21.9078898,103.9748758,103,Unhealthy for Sensitive Groups,2,18.4,76,0.0,3.7,209,861.4,18,39.6,46.2,303.0,7.4,104.0,3.7
2026-04-11 06:00:00,2026,4,11,6,Lào Cai,Xã Khao Mang,21.9078898,103.9748758,104,Unhealthy for Sensitive Groups,2,18.0,77,0.0,4.1,218,862.0,28,40.0,47.0,361.0,7.9,103.0,4.2
2026-04-11 07:00:00,2026,4,11,7,Lào Cai,Xã Khao Mang,21.9078898,103.9748758,105,Unhealthy for Sensitive Groups,2,18.5,79,0.0,6.5,178,862.6,73,33.1,38.0,391.0,8.2,98.0,4.4
2026-04-11 08:00:00,2026,4,11,8,Lào Cai,Xã Khao Mang,21.9078898,103.9748758,104,Unhealthy for Sensitive Groups,2,19.1,82,0.1,8.0,220,864.1,30,34.8,39.2,364.0,6.0,104.0,3.8
2026-04-11 09:00:00,2026,4,11,9,Lào Cai,Xã Khao Mang,21.9078898,103.9748758,103,Unhealthy for Sensitive Groups,2,21.8,67,0.0,5.8,219,864.8,1,40.4,53.2,309.0,3.1,112.0,3.0
2026-04-11 10:00:00,2026,4,11,10,Lào Cai,Xã Khao Mang,21.9078898,103.9748758,103,Unhealthy for Sensitive Groups,2,24.3,53,0.1,13.5,254,865.3,18,37.1,52.6,269.0,0.9,119.0,2.3
2026-04-11 11:00:00,2026,4,11,11,Lào Cai,Xã Khao Mang,21.9078898,103.9748758,103,Unhealthy for Sensitive Groups,2,25.1,47,0.0,15.0,254,865.2,23,38.9,62.4,265.0,0.3,122.0,1.9
2026-04-11 12:00:00,2026,4,11,12,Lào Cai,Xã Khao Mang,21.9078898,103.9748758,103,Unhealthy for Sensitive Groups,2,23.8,53,0.1,17.5,248,864.1,52,28.3,38.9,276.0,0.5,124.0,1.6
2026-04-11 13:00:00,2026,4,11,13,Lào Cai,Xã Khao Mang,21.9078898,103.9748758,102,Unhealthy for Sensitive Groups,2,23.5,58,0.8,15.4,256,863.1,24,25.8,34.2,283.0,0.8,127.0,1.5
2026-04-11 14:00:00,2026,4,11,14,Lào Cai,Xã Khao Mang,21.9078898,103.9748758,101,Unhealthy for Sensitive Groups,2,26.1,41,0.1,17.6,264,862.6,95,24.7,32.5,271.0,0.8,132.0,1.5
2026-04-11 15:00:00,2026,4,11,15,Lào Cai,Xã Khao Mang,21.9078898,103.9748758,100,Moderate,1,25.9,39,0.0,19.3,266,861.7,51,24.3,32.2,255.0,0.8,138.0,1.6
2026-04-11 16:00:00,2026,4,11,16,Lào Cai,Xã Khao Mang,21.9078898,103.9748758,99,Moderate,1,24.8,44,0.0,15.5,278,861.2,22,23.6,31.1,256.0,1.2,141.0,1.7
2026-04-11 17:00:00,2026,4,11,17,Lào Cai,Xã Khao Mang,21.9078898,103.9748758,98,Moderate,1,23.8,49,0.0,6.3,290,860.7,52,22.9,29.7,292.0,2.1,138.0,1.9
2026-04-11 18:00:00,2026,4,11,18,Lào Cai,Xã Khao Mang,21.9078898,103.9748758,98,Moderate,1,22.2,64,0.0,0.6,214,860.2,45,22.7,28.3,344.0,3.4,132.0,2.1
2026-04-11 19:00:00,2026,4,11,19,Lào Cai,Xã Khao Mang,21.9078898,103.9748758,97,Moderate,1,20.0,71,0.0,5.4,166,859.6,10,32.7,44.4,382.0,5.1,127.0,2.3
2026-04-11 20:00:00,2026,4,11,20,Lào Cai,Xã Khao Mang,21.9078898,103.9748758,97,Moderate,1,21.2,59,0.0,7.3,210,860.9,6,34.0,46.8,390.0,5.7,124.0,2.6
2026-04-11 21:00:00,2026,4,11,21,Lào Cai,Xã Khao Mang,21.9078898,103.9748758,96,Moderate,1,21.8,54,0.0,6.9,217,861.9,19,35.0,47.8,382.0,6.5,120.0,3.1
2026-04-11 22:00:00,2026,4,11,22,Lào Cai,Xã Khao Mang,21.9078898,103.9748758,96,Moderate,1,21.3,56,0.0,6.0,221,862.0,16,36.7,49.7,371.0,7.1,117.0,3.4
2026-04-11 23:00:00,2026,4,11,23,Lào Cai,Xã Khao Mang,21.9078898,103.9748758,96,Moderate,1,20.5,58,0.0,4.8,241,862.0,17,39.2,52.6,357.0,7.2,115.0,3.4
2026-04-12 00:00:00,2026,4,12,0,Lào Cai,Xã Khao Mang,21.9078898,103.9748758,96,Moderate,1,20.0,60,0.0,4.7,196,861.1,22,41.8,55.8,339.0,7.0,115.0,3.3
2026-04-12 01:00:00,2026,4,12,1,Lào Cai,Xã Khao Mang,21.9078898,103.9748758,96,Moderate,1,19.3,68,0.0,2.7,247,860.8,30,44.2,58.9,324.0,6.8,114.0,3.3
2026-04-12 02:00:00,2026,4,12,2,Lào Cai,Xã Khao Mang,21.9078898,103.9748758,97,Moderate,1,17.7,77,0.1,2.9,158,860.4,11,46.2,61.5,313.0,6.7,114.0,3.3
2026-04-12 03:00:00,2026,4,12,3,Lào Cai,Xã Khao Mang,21.9078898,103.9748758,98,Moderate,1,17.9,74,0.0,5.4,186,859.7,9,47.8,63.8,304.0,6.6,114.0,3.4
2026-04-12 04:00:00,2026,4,12,4,Lào Cai,Xã Khao Mang,21.9078898,103.9748758,98,Moderate,1,18.4,70,0.0,5.5,234,860.2,16,49.1,65.7,302.0,6.6,114.0,3.6
2026-04-12 05:00:00,2026,4,12,5,Lào Cai,Xã Khao Mang,21.9078898,103.9748758,99,Moderate,1,18.0,68,0.0,5.6,228,860.4,18,50.1,66.8,314.0,6.9,112.0,4.0
2026-04-12 06:00:00,2026,4,12,6,Lào Cai,Xã Khao Mang,21.9078898,103.9748758,100,Moderate,1,18.3,63,0.0,6.0,229,860.8,21,49.7,66.4,332.0,7.3,110.0,4.4
2026-04-12 07:00:00,2026,4,12,7,Lào Cai,Xã Khao Mang,21.9078898,103.9748758,101,Unhealthy for Sensitive Groups,2,20.8,52,0.0,7.9,231,862.2,13,53.1,70.8,336.0,6.7,100.0,3.8
2026-04-12 08:00:00,2026,4,12,8,Lào Cai,Xã Khao Mang,21.9078898,103.9748758,103,Unhealthy for Sensitive Groups,2,21.9,49,0.0,10.2,247,863.8,0,42.3,56.7,313.0,5.0,113.0,3.1
2026-04-12 09:00:00,2026,4,12,9,Lào Cai,Xã Khao Mang,21.9078898,103.9748758,104,Unhealthy for Sensitive Groups,2,23.1,38,0.0,10.7,256,864.9,0,25.0,38.5,277.0,2.6,131.0,2.2
2026-04-12 10:00:00,2026,4,12,10,Lào Cai,Xã Khao Mang,21.9078898,103.9748758,102,Unhealthy for Sensitive Groups,2,24.0,35,0.0,11.2,267,865.4,0,18.9,30.2,247.0,0.8,145.0,1.5
2026-04-12 11:00:00,2026,4,12,11,Lào Cai,Xã Khao Mang,21.9078898,103.9748758,101,Unhealthy for Sensitive Groups,2,24.7,37,0.0,11.9,271,865.2,0,15.4,25.1,232.0,0.3,150.0,1.3
2026-04-12 12:00:00,2026,4,12,12,Lào Cai,Xã Khao Mang,21.9078898,103.9748758,98,Moderate,1,25.5,34,0.0,11.9,271,864.9,0,13.7,23.2,224.0,0.5,151.0,1.2
2026-04-12 13:00:00,2026,4,12,13,Lào Cai,Xã Khao Mang,21.9078898,103.9748758,97,Moderate,1,26.6,30,0.0,13.4,262,864.1,0,13.0,22.6,220.0,0.7,151.0,1.3
2026-04-12 14:00:00,2026,4,12,14,Lào Cai,Xã Khao Mang,21.9078898,103.9748758,96,Moderate,1,26.6,30,0.0,13.6,259,863.2,0,13.0,22.6,217.0,0.5,152.0,1.3
2026-04-12 15:00:00,2026,4,12,15,Lào Cai,Xã Khao Mang,21.9078898,103.9748758,99,Moderate,1,26.9,30,0.0,12.2,261,862.8,0,13.3,23.0,217.0,0.4,153.0,1.5
2026-04-12 16:00:00,2026,4,12,16,Lào Cai,Xã Khao Mang,21.9078898,103.9748758,110,Unhealthy for Sensitive Groups,2,26.7,29,0.0,12.8,248,862.1,0,14.0,23.9,229.0,1.0,151.0,1.7
2026-04-12 17:00:00,2026,4,12,17,Lào Cai,Xã Khao Mang,21.9078898,103.9748758,118,Unhealthy for Sensitive Groups,2,25.7,32,0.0,9.3,233,861.6,0,15.4,25.1,262.0,2.8,145.0,2.2
2026-04-12 18:00:00,2026,4,12,18,Lào Cai,Xã Khao Mang,21.9078898,103.9748758,121,Unhealthy for Sensitive Groups,2,23.0,40,0.0,6.5,203,860.8,0,17.3,26.6,306.0,5.3,137.0,2.7
2026-04-12 19:00:00,2026,4,12,19,Lào Cai,Xã Khao Mang,21.9078898,103.9748758,120,Unhealthy for Sensitive Groups,2,22.0,42,0.0,6.5,186,860.7,0,28.6,42.6,340.0,8.6,140.0,3.6
2026-04-12 20:00:00,2026,4,12,20,Lào Cai,Xã Khao Mang,21.9078898,103.9748758,118,Unhealthy for Sensitive Groups,2,21.9,39,0.0,7.5,191,861.2,0,30.6,45.6,356.0,9.0,138.0,4.0
2026-04-12 21:00:00,2026,4,12,21,Lào Cai,Xã Khao Mang,21.9078898,103.9748758,115,Unhealthy for Sensitive Groups,2,21.4,40,0.0,6.9,195,861.8,0,32.0,48.2,362.0,9.5,134.0,4.6
2026-04-12 22:00:00,2026,4,12,22,Lào Cai,Xã Khao Mang,21.9078898,103.9748758,111,Unhealthy for Sensitive Groups,2,20.7,42,0.0,5.5,193,862.1,0,33.2,50.3,362.0,9.8,132.0,4.9
2026-04-12 23:00:00,2026,4,12,23,Lào Cai,Xã Khao Mang,21.9078898,103.9748758,107,Unhealthy for Sensitive Groups,2,20.4,43,0.0,5.6,195,862.2,0,34.2,51.9,355.0,9.7,131.0,4.9
2026-04-13 00:00:00,2026,4,13,0,Lào Cai,Xã Khao Mang,21.9078898,103.9748758,102,Unhealthy for Sensitive Groups,2,20.5,42,0.0,5.7,204,861.7,0,34.9,53.2,343.0,9.5,131.0,4.6
2026-04-13 01:00:00,2026,4,13,1,Lào Cai,Xã Khao Mang,21.9078898,103.9748758,98,Moderate,1,20.1,43,0.0,6.6,206,861.4,0,35.7,54.4,331.0,9.2,131.0,4.4
2026-04-13 02:00:00,2026,4,13,2,Lào Cai,Xã Khao Mang,21.9078898,103.9748758,95,Moderate,1,19.6,44,0.0,5.7,212,861.2,0,36.4,55.3,318.0,8.9,130.0,4.3
2026-04-13 03:00:00,2026,4,13,3,Lào Cai,Xã Khao Mang,21.9078898,103.9748758,93,Moderate,1,19.2,46,0.0,4.8,202,861.1,0,37.1,56.1,307.0,8.7,128.0,4.2
2026-04-13 04:00:00,2026,4,13,4,Lào Cai,Xã Khao Mang,21.9078898,103.9748758,91,Moderate,1,19.2,46,0.0,3.9,193,861.4,0,37.7,56.8,308.0,8.6,127.0,4.3
2026-04-13 05:00:00,2026,4,13,5,Lào Cai,Xã Khao Mang,21.9078898,103.9748758,89,Moderate,1,19.2,46,0.0,3.3,193,862.1,0,38.2,57.4,337.0,9.2,127.0,4.7
2026-04-13 06:00:00,2026,4,13,6,Lào Cai,Xã Khao Mang,21.9078898,103.9748758,87,Moderate,1,19.2,48,0.0,3.1,201,862.8,0,38.8,58.1,380.0,9.9,127.0,5.2
2026-04-13 07:00:00,2026,4,13,7,Lào Cai,Xã Khao Mang,21.9078898,103.9748758,86,Moderate,1,20.7,57,0.0,5.1,198,864.4,0,53.4,79.6,403.0,9.1,134.0,5.6
2026-04-13 08:00:00,2026,4,13,8,Lào Cai,Xã Khao Mang,21.9078898,103.9748758,87,Moderate,1,23.1,48,0.0,6.3,243,866.2,0,52.3,70.1,387.0,6.8,141.0,5.2
2026-04-13 09:00:00,2026,4,13,9,Lào Cai,Xã Khao Mang,21.9078898,103.9748758,89,Moderate,1,24.4,43,0.0,7.5,260,867.1,0,49.6,76.8,351.0,3.5,150.0,4.6
2026-04-13 10:00:00,2026,4,13,10,Lào Cai,Xã Khao Mang,21.9078898,103.9748758,93,Moderate,1,25.6,41,0.0,9.8,263,867.9,0,44.2,70.3,323.0,1.2,158.0,4.1
2026-04-13 11:00:00,2026,4,13,11,Lào Cai,Xã Khao Mang,21.9078898,103.9748758,99,Moderate,1,26.6,38,0.0,12.1,266,867.8,0,40.3,64.0,315.0,0.6,161.0,3.6
2026-04-13 12:00:00,2026,4,13,12,Lào Cai,Xã Khao Mang,21.9078898,103.9748758,106,Unhealthy for Sensitive Groups,2,27.4,34,0.0,12.8,267,867.3,0,39.2,61.2,315.0,0.8,163.0,3.1
2026-04-13 13:00:00,2026,4,13,13,Lào Cai,Xã Khao Mang,21.9078898,103.9748758,113,Unhealthy for Sensitive Groups,2,28.0,32,0.0,13.9,256,866.6,2,40.6,61.9,317.0,1.1,165.0,2.9
2026-04-13 14:00:00,2026,4,13,14,Lào Cai,Xã Khao Mang,21.9078898,103.9748758,122,Unhealthy for Sensitive Groups,2,27.8,35,0.0,12.0,258,865.5,1,41.9,62.2,317.0,1.0,171.0,3.0
2026-04-13 15:00:00,2026,4,13,15,Lào Cai,Xã Khao Mang,21.9078898,103.9748758,131,Unhealthy for Sensitive Groups,2,28.9,28,0.0,13.7,256,864.8,0,43.9,63.6,320.0,1.0,179.0,3.3
2026-04-13 16:00:00,2026,4,13,16,Lào Cai,Xã Khao Mang,21.9078898,103.9748758,140,Unhealthy for Sensitive Groups,2,27.7,32,0.0,15.6,246,864.3,1,47.0,66.6,328.0,1.6,182.0,3.7
2026-04-13 17:00:00,2026,4,13,17,Lào Cai,Xã Khao Mang,21.9078898,103.9748758,149,Unhealthy for Sensitive Groups,2,26.9,37,0.0,7.1,227,863.8,1,50.8,69.8,349.0,3.6,178.0,4.3
2026-04-13 18:00:00,2026,4,13,18,Lào Cai,Xã Khao Mang,21.9078898,103.9748758,154,Unhealthy,3,24.5,42,0.0,7.0,192,863.0,1,53.9,71.7,375.0,6.2,169.0,5.1
2026-04-13 19:00:00,2026,4,13,19,Lào Cai,Xã Khao Mang,21.9078898,103.9748758,156,Unhealthy,3,23.5,46,0.0,6.8,178,863.2,3,70.5,93.6,394.0,10.2,174.0,5.9
2026-04-13 20:00:00,2026,4,13,20,Lào Cai,Xã Khao Mang,21.9078898,103.9748758,158,Unhealthy,3,23.0,46,0.0,4.9,163,863.3,3,74.0,98.3,397.0,10.3,172.0,6.2
2026-04-13 21:00:00,2026,4,13,21,Lào Cai,Xã Khao Mang,21.9078898,103.9748758,159,Unhealthy,3,22.6,47,0.0,4.7,180,863.9,1,76.1,101.7,392.0,10.3,168.0,6.7
2026-04-13 22:00:00,2026,4,13,22,Lào Cai,Xã Khao Mang,21.9078898,103.9748758,160,Unhealthy,3,22.1,47,0.0,3.4,164,864.4,2,78.2,104.5,390.0,10.4,165.0,7.0
2026-04-13 23:00:00,2026,4,13,23,Lào Cai,Xã Khao Mang,21.9078898,103.9748758,159,Unhealthy,3,21.4,49,0.0,3.2,153,864.3,0,79.9,106.9,398.0,10.5,163.0,6.9
2026-04-14 00:00:00,2026,4,14,0,Lào Cai,Xã Khao Mang,21.9078898,103.9748758,156,Unhealthy,3,20.9,51,0.0,3.6,153,863.6,0,80.8,108.3,409.0,10.5,161.0,6.7
2026-04-14 01:00:00,2026,4,14,1,Lào Cai,Xã Khao Mang,21.9078898,103.9748758,153,Unhealthy,3,20.9,51,0.0,3.5,171,863.3,0,81.5,109.0,418.0,10.5,159.0,6.5
2026-04-14 02:00:00,2026,4,14,2,Lào Cai,Xã Khao Mang,21.9078898,103.9748758,150,Unhealthy for Sensitive Groups,2,20.7,50,0.0,2.8,169,862.9,0,82.0,109.4,421.0,10.3,157.0,6.3
2026-04-14 03:00:00,2026,4,14,3,Lào Cai,Xã Khao Mang,21.9078898,103.9748758,150,Unhealthy for Sensitive Groups,2,20.5,51,0.0,2.2,171,862.8,0,82.4,109.7,423.0,10.1,154.0,6.1
2026-04-14 04:00:00,2026,4,14,4,Lào Cai,Xã Khao Mang,21.9078898,103.9748758,151,Unhealthy,3,20.2,52,0.0,2.4,167,862.8,0,82.9,109.9,425.0,10.0,152.0,6.1
2026-04-14 05:00:00,2026,4,14,5,Lào Cai,Xã Khao Mang,21.9078898,103.9748758,152,Unhealthy,3,19.9,53,0.0,2.4,163,863.3,0,83.6,110.1,432.0,10.6,148.0,6.4
2026-04-14 06:00:00,2026,4,14,6,Lào Cai,Xã Khao Mang,21.9078898,103.9748758,153,Unhealthy,3,19.6,56,0.0,2.7,160,863.6,0,84.5,110.8,441.0,11.4,144.0,6.8
2026-04-14 07:00:00,2026,4,14,7,Lào Cai,Xã Khao Mang,21.9078898,103.9748758,154,Unhealthy,3,21.4,61,0.0,3.4,177,864.9,0,85.0,109.2,443.0,11.1,145.0,6.9
2026-04-14 08:00:00,2026,4,14,8,Lào Cai,Xã Khao Mang,21.9078898,103.9748758,155,Unhealthy,3,23.7,50,0.0,4.3,248,866.7,0,84.8,102.4,434.0,8.5,157.0,6.5
2026-04-14 09:00:00,2026,4,14,9,Lào Cai,Xã Khao Mang,21.9078898,103.9748758,155,Unhealthy,3,24.8,48,0.0,6.9,263,867.7,0,82.7,106.6,418.0,4.7,174.0,5.9
2026-04-14 10:00:00,2026,4,14,10,Lào Cai,Xã Khao Mang,21.9078898,103.9748758,156,Unhealthy,3,26.0,44,0.0,9.1,262,868.3,0,73.6,99.0,402.0,1.9,187.0,5.4
2026-04-14 11:00:00,2026,4,14,11,Lào Cai,Xã Khao Mang,21.9078898,103.9748758,157,Unhealthy,3,26.9,41,0.0,11.3,263,868.1,0,65.9,89.6,387.0,1.0,189.0,5.0
2026-04-14 12:00:00,2026,4,14,12,Lào Cai,Xã Khao Mang,21.9078898,103.9748758,157,Unhealthy,3,27.6,39,0.0,11.4,266,867.5,20,61.7,83.6,373.0,1.2,187.0,4.8
2026-04-14 13:00:00,2026,4,14,13,Lào Cai,Xã Khao Mang,21.9078898,103.9748758,158,Unhealthy,3,27.7,39,0.0,11.0,267,866.4,16,59.1,79.2,360.0,1.4,186.0,4.7
2026-04-14 14:00:00,2026,4,14,14,Lào Cai,Xã Khao Mang,21.9078898,103.9748758,158,Unhealthy,3,27.7,41,0.1,11.0,264,865.1,16,58.1,76.1,349.0,1.3,191.0,4.9
2026-04-14 15:00:00,2026,4,14,15,Lào Cai,Xã Khao Mang,21.9078898,103.9748758,163,Unhealthy,3,28.0,39,0.0,12.0,248,864.6,19,58.0,74.5,339.0,1.4,198.0,5.2
2026-04-14 16:00:00,2026,4,14,16,Lào Cai,Xã Khao Mang,21.9078898,103.9748758,172,Unhealthy,3,27.7,38,0.0,11.8,236,863.9,12,58.3,73.3,336.0,2.1,200.0,5.6
