timestamp,year,month,day,hour,province,location,lat,lon,aqi,pollution_level,pollution_class,temp,humidity,rain,wind_speed,wind_dir,pressure,cloud,pm2_5,pm10,co,no2,o3,so2
2026-01-14 22:00:00,2026,1,14,22,Thái Nguyên,Xã Võ Nhai,21.7551719,106.07071,161,Unhealthy,3,17.2,86,0.0,5.2,134,1006.4,23,49.2,49.8,436.0,29.6,59.0,20.3
2026-01-14 23:00:00,2026,1,14,23,Thái Nguyên,Xã Võ Nhai,21.7551719,106.07071,159,Unhealthy,3,16.2,88,0.0,3.2,90,1006.6,5,45.6,46.3,417.0,28.9,57.0,20.6
2026-01-15 00:00:00,2026,1,15,0,Thái Nguyên,Xã Võ Nhai,21.7551719,106.07071,158,Unhealthy,3,16.2,87,0.0,1.9,41,1006.7,100,48.2,49.0,408.0,28.5,58.0,21.6
2026-01-15 01:00:00,2026,1,15,1,Thái Nguyên,Xã Võ Nhai,21.7551719,106.07071,157,Unhealthy,3,17.0,86,0.0,2.5,45,1006.5,100,53.7,54.5,404.0,28.6,57.0,22.2
2026-01-15 02:00:00,2026,1,15,2,Thái Nguyên,Xã Võ Nhai,21.7551719,106.07071,156,Unhealthy,3,17.4,85,0.1,2.5,60,1006.2,100,59.8,60.5,403.0,29.1,52.0,21.9
2026-01-15 03:00:00,2026,1,15,3,Thái Nguyên,Xã Võ Nhai,21.7551719,106.07071,155,Unhealthy,3,16.9,91,0.4,4.2,50,1005.8,100,66.1,67.1,408.0,30.0,45.0,21.3
2026-01-15 04:00:00,2026,1,15,4,Thái Nguyên,Xã Võ Nhai,21.7551719,106.07071,155,Unhealthy,3,16.2,97,0.5,4.5,53,1005.7,100,71.9,72.6,419.0,31.0,38.0,20.6
2026-01-15 05:00:00,2026,1,15,5,Thái Nguyên,Xã Võ Nhai,21.7551719,106.07071,154,Unhealthy,3,16.1,97,1.0,5.1,63,1005.7,100,76.1,77.1,448.0,32.3,29.0,19.3
2026-01-15 06:00:00,2026,1,15,6,Thái Nguyên,Xã Võ Nhai,21.7551719,106.07071,154,Unhealthy,3,16.1,97,0.3,5.0,69,1006.2,100,78.2,79.2,483.0,33.8,21.0,17.9
2026-01-15 07:00:00,2026,1,15,7,Thái Nguyên,Xã Võ Nhai,21.7551719,106.07071,154,Unhealthy,3,16.3,97,0.0,6.0,51,1006.7,21,77.5,78.7,498.0,31.9,27.0,19.4
2026-01-15 08:00:00,2026,1,15,8,Thái Nguyên,Xã Võ Nhai,21.7551719,106.07071,154,Unhealthy,3,17.5,97,0.0,6.5,28,1007.4,100,73.8,75.0,472.0,30.1,38.0,22.5
2026-01-15 09:00:00,2026,1,15,9,Thái Nguyên,Xã Võ Nhai,21.7551719,106.07071,153,Unhealthy,3,18.7,90,0.0,3.1,45,1007.6,100,62.4,63.8,426.0,27.5,54.0,26.8
2026-01-15 10:00:00,2026,1,15,10,Thái Nguyên,Xã Võ Nhai,21.7551719,106.07071,153,Unhealthy,3,19.8,82,0.0,2.1,75,1007.8,100,57.0,58.4,390.0,25.6,67.0,30.5
2026-01-15 11:00:00,2026,1,15,11,Thái Nguyên,Xã Võ Nhai,21.7551719,106.07071,153,Unhealthy,3,20.3,78,0.0,1.8,101,1007.1,100,57.5,59.3,381.0,24.8,75.0,32.8
2026-01-15 12:00:00,2026,1,15,12,Thái Nguyên,Xã Võ Nhai,21.7551719,106.07071,153,Unhealthy,3,20.4,77,0.1,2.2,180,1005.9,100,59.3,61.0,384.0,24.5,80.0,34.5
2026-01-15 13:00:00,2026,1,15,13,Thái Nguyên,Xã Võ Nhai,21.7551719,106.07071,154,Unhealthy,3,19.9,80,0.1,3.8,197,1005.0,100,59.6,61.5,382.0,24.5,84.0,35.9
2026-01-15 14:00:00,2026,1,15,14,Thái Nguyên,Xã Võ Nhai,21.7551719,106.07071,154,Unhealthy,3,20.2,78,0.0,2.4,167,1003.9,72,60.8,62.6,363.0,23.9,87.0,36.9
2026-01-15 15:00:00,2026,1,15,15,Thái Nguyên,Xã Võ Nhai,21.7551719,106.07071,154,Unhealthy,3,21.2,72,0.0,3.8,155,1003.0,100,59.8,61.7,341.0,23.6,89.0,37.6
2026-01-15 16:00:00,2026,1,15,16,Thái Nguyên,Xã Võ Nhai,21.7551719,106.07071,154,Unhealthy,3,21.3,71,0.0,4.2,140,1002.7,100,57.7,59.5,334.0,25.8,86.0,39.2
2026-01-15 17:00:00,2026,1,15,17,Thái Nguyên,Xã Võ Nhai,21.7551719,106.07071,154,Unhealthy,3,20.5,82,0.0,1.3,172,1002.5,100,65.4,67.1,360.0,32.8,76.0,42.4
2026-01-15 18:00:00,2026,1,15,18,Thái Nguyên,Xã Võ Nhai,21.7551719,106.07071,155,Unhealthy,3,19.8,81,0.0,0.4,333,1002.5,100,77.5,79.2,403.0,42.2,62.0,46.4
2026-01-15 19:00:00,2026,1,15,19,Thái Nguyên,Xã Võ Nhai,21.7551719,106.07071,155,Unhealthy,3,19.5,84,0.0,2.6,192,1003.2,100,98.7,100.4,434.0,42.6,62.0,35.2
2026-01-15 20:00:00,2026,1,15,20,Thái Nguyên,Xã Võ Nhai,21.7551719,106.07071,155,Unhealthy,3,19.3,87,0.0,2.5,172,1003.3,100,109.2,110.8,440.0,41.9,59.0,36.6
2026-01-15 21:00:00,2026,1,15,21,Thái Nguyên,Xã Võ Nhai,21.7551719,106.07071,156,Unhealthy,3,19.0,89,0.0,2.5,150,1003.2,100,108.0,109.7,436.0,41.1,55.0,38.5
2026-01-15 22:00:00,2026,1,15,22,Thái Nguyên,Xã Võ Nhai,21.7551719,106.07071,157,Unhealthy,3,18.9,90,0.0,1.9,112,1003.2,100,105.7,107.1,435.0,41.0,50.0,39.7
2026-01-15 23:00:00,2026,1,15,23,Thái Nguyên,Xã Võ Nhai,21.7551719,106.07071,158,Unhealthy,3,18.6,91,0.0,4.0,153,1003.1,100,109.7,111.1,447.0,42.5,43.0,39.7
2026-01-16 00:00:00,2026,1,16,0,Thái Nguyên,Xã Võ Nhai,21.7551719,106.07071,159,Unhealthy,3,18.5,91,0.0,5.5,163,1003.0,100,112.9,114.6,463.0,44.7,36.0,39.0
2026-01-16 01:00:00,2026,1,16,1,Thái Nguyên,Xã Võ Nhai,21.7551719,106.07071,161,Unhealthy,3,18.0,94,0.0,6.0,159,1002.8,100,110.1,111.5,471.0,45.9,30.0,37.7
2026-01-16 02:00:00,2026,1,16,2,Thái Nguyên,Xã Võ Nhai,21.7551719,106.07071,162,Unhealthy,3,18.2,92,0.0,5.8,160,1002.1,100,104.8,106.2,461.0,45.3,27.0,35.9
2026-01-16 03:00:00,2026,1,16,3,Thái Nguyên,Xã Võ Nhai,21.7551719,106.07071,163,Unhealthy,3,18.0,94,0.0,5.2,158,1001.8,100,98.3,99.7,443.0,43.8,25.0,33.6
2026-01-16 04:00:00,2026,1,16,4,Thái Nguyên,Xã Võ Nhai,21.7551719,106.07071,164,Unhealthy,3,17.7,96,0.0,6.0,147,1001.7,100,94.1,95.5,437.0,41.8,24.0,30.9
2026-01-16 05:00:00,2026,1,16,5,Thái Nguyên,Xã Võ Nhai,21.7551719,106.07071,164,Unhealthy,3,17.6,98,0.0,6.3,143,1001.7,100,92.0,93.4,460.0,39.7,20.0,27.2
2026-01-16 06:00:00,2026,1,16,6,Thái Nguyên,Xã Võ Nhai,21.7551719,106.07071,164,Unhealthy,3,17.5,100,0.0,7.7,149,1002.0,100,90.6,91.5,494.0,37.1,17.0,23.2
2026-01-16 07:00:00,2026,1,16,7,Thái Nguyên,Xã Võ Nhai,21.7551719,106.07071,165,Unhealthy,3,17.5,99,0.0,7.6,149,1002.7,100,86.4,87.3,509.0,36.7,17.0,23.3
2026-01-16 08:00:00,2026,1,16,8,Thái Nguyên,Xã Võ Nhai,21.7551719,106.07071,165,Unhealthy,3,17.7,99,0.0,9.4,154,1003.1,100,72.4,73.6,484.0,32.5,28.0,25.3
2026-01-16 09:00:00,2026,1,16,9,Thái Nguyên,Xã Võ Nhai,21.7551719,106.07071,165,Unhealthy,3,18.3,97,0.0,8.0,155,1004.1,100,52.6,53.8,440.0,26.8,43.0,28.1
2026-01-16 10:00:00,2026,1,16,10,Thái Nguyên,Xã Võ Nhai,21.7551719,106.07071,165,Unhealthy,3,19.3,92,0.0,7.7,171,1004.0,100,53.9,54.8,408.0,22.6,57.0,29.9
2026-01-16 11:00:00,2026,1,16,11,Thái Nguyên,Xã Võ Nhai,21.7551719,106.07071,165,Unhealthy,3,20.4,88,0.4,10.3,176,1003.3,100,50.2,51.1,402.0,21.5,67.0,30.0
2026-01-16 12:00:00,2026,1,16,12,Thái Nguyên,Xã Võ Nhai,21.7551719,106.07071,164,Unhealthy,3,21.6,83,0.3,11.0,180,1002.0,100,49.6,50.4,409.0,21.9,76.0,29.1
2026-01-16 13:00:00,2026,1,16,13,Thái Nguyên,Xã Võ Nhai,21.7551719,106.07071,164,Unhealthy,3,21.3,80,0.2,11.0,169,1001.2,100,60.3,61.2,417.0,21.9,85.0,27.7
2026-01-16 14:00:00,2026,1,16,14,Thái Nguyên,Xã Võ Nhai,21.7551719,106.07071,164,Unhealthy,3,21.4,82,0.1,10.4,172,1000.3,100,59.6,60.3,422.0,19.7,97.0,25.2
2026-01-16 15:00:00,2026,1,16,15,Thái Nguyên,Xã Võ Nhai,21.7551719,106.07071,164,Unhealthy,3,22.0,78,0.0,8.9,161,999.8,62,62.6,63.3,428.0,17.1,110.0,22.1
2026-01-16 16:00:00,2026,1,16,16,Thái Nguyên,Xã Võ Nhai,21.7551719,106.07071,164,Unhealthy,3,22.6,75,0.0,8.7,156,999.5,95,59.4,60.1,436.0,17.8,113.0,20.5
2026-01-16 17:00:00,2026,1,16,17,Thái Nguyên,Xã Võ Nhai,21.7551719,106.07071,164,Unhealthy,3,21.9,79,0.0,6.7,110,999.4,6,65.2,65.7,454.0,25.3,100.0,21.8
2026-01-16 18:00:00,2026,1,16,18,Thái Nguyên,Xã Võ Nhai,21.7551719,106.07071,164,Unhealthy,3,19.4,89,0.0,5.2,65,999.6,6,90.8,91.3,474.0,36.2,79.0,24.5
2026-01-16 19:00:00,2026,1,16,19,Thái Nguyên,Xã Võ Nhai,21.7551719,106.07071,165,Unhealthy,3,19.3,91,0.0,3.1,54,1000.2,83,90.1,90.8,475.0,39.3,57.0,27.7
2026-01-16 20:00:00,2026,1,16,20,Thái Nguyên,Xã Võ Nhai,21.7551719,106.07071,164,Unhealthy,3,19.6,93,0.0,7.5,114,1001.1,100,94.8,95.5,438.0,38.6,53.0,28.1
2026-01-16 21:00:00,2026,1,16,21,Thái Nguyên,Xã Võ Nhai,21.7551719,106.07071,164,Unhealthy,3,19.8,95,0.0,9.9,132,1001.5,100,90.1,91.0,382.0,37.6,48.0,28.6
2026-01-16 22:00:00,2026,1,16,22,Thái Nguyên,Xã Võ Nhai,21.7551719,106.07071,164,Unhealthy,3,19.5,96,0.0,8.6,139,1001.9,100,80.3,81.5,339.0,36.2,44.0,28.0
2026-01-16 23:00:00,2026,1,16,23,Thái Nguyên,Xã Võ Nhai,21.7551719,106.07071,163,Unhealthy,3,19.3,96,0.0,7.4,148,1002.1,100,67.1,68.2,325.0,34.2,41.0,25.4
2026-01-17 00:00:00,2026,1,17,0,Thái Nguyên,Xã Võ Nhai,21.7551719,106.07071,162,Unhealthy,3,19.0,98,0.0,6.5,132,1002.0,100,55.8,57.2,325.0,31.7,40.0,21.7
2026-01-17 01:00:00,2026,1,17,1,Thái Nguyên,Xã Võ Nhai,21.7551719,106.07071,161,Unhealthy,3,19.5,100,0.0,9.6,142,1001.7,100,51.0,52.5,324.0,29.2,38.0,18.4
2026-01-17 02:00:00,2026,1,17,2,Thái Nguyên,Xã Võ Nhai,21.7551719,106.07071,160,Unhealthy,3,19.4,100,0.2,10.7,144,1001.3,100,51.0,52.6,315.0,26.6,36.0,15.9
2026-01-17 03:00:00,2026,1,17,3,Thái Nguyên,Xã Võ Nhai,21.7551719,106.07071,158,Unhealthy,3,19.2,99,0.2,11.2,143,1001.0,100,53.3,54.9,304.0,24.1,33.0,13.9
2026-01-17 04:00:00,2026,1,17,4,Thái Nguyên,Xã Võ Nhai,21.7551719,106.07071,157,Unhealthy,3,18.9,99,0.2,10.3,140,1000.8,100,55.1,56.8,300.0,22.2,32.0,12.8
2026-01-17 05:00:00,2026,1,17,5,Thái Nguyên,Xã Võ Nhai,21.7551719,106.07071,157,Unhealthy,3,18.8,99,0.1,9.9,134,1001.0,100,56.9,58.8,310.0,21.6,31.0,13.1
2026-01-17 06:00:00,2026,1,17,6,Thái Nguyên,Xã Võ Nhai,21.7551719,106.07071,156,Unhealthy,3,18.7,99,0.1,8.7,127,1001.4,100,59.3,61.2,326.0,21.7,31.0,14.3
2026-01-17 07:00:00,2026,1,17,7,Thái Nguyên,Xã Võ Nhai,21.7551719,106.07071,155,Unhealthy,3,18.7,100,3.5,7.0,93,1002.0,100,33.8,34.6,328.0,24.3,25.0,10.7
2026-01-17 08:00:00,2026,1,17,8,Thái Nguyên,Xã Võ Nhai,21.7551719,106.07071,154,Unhealthy,3,19.1,98,0.1,8.2,104,1002.9,100,31.0,31.8,301.0,21.4,38.0,11.3
2026-01-17 09:00:00,2026,1,17,9,Thái Nguyên,Xã Võ Nhai,21.7551719,106.07071,153,Unhealthy,3,20.1,93,0.1,8.5,126,1003.7,95,32.2,33.2,259.0,17.4,57.0,12.1
2026-01-17 10:00:00,2026,1,17,10,Thái Nguyên,Xã Võ Nhai,21.7551719,106.07071,153,Unhealthy,3,20.9,89,0.2,7.3,157,1003.7,100,24.8,25.8,232.0,14.4,72.0,12.8
2026-01-17 11:00:00,2026,1,17,11,Thái Nguyên,Xã Võ Nhai,21.7551719,106.07071,152,Unhealthy,3,22.0,82,0.1,6.6,171,1003.4,100,26.4,27.4,233.0,13.4,80.0,13.2
2026-01-17 12:00:00,2026,1,17,12,Thái Nguyên,Xã Võ Nhai,21.7551719,106.07071,152,Unhealthy,3,22.2,79,0.0,5.8,166,1001.9,100,24.8,25.7,247.0,13.4,85.0,13.5
2026-01-17 13:00:00,2026,1,17,13,Thái Nguyên,Xã Võ Nhai,21.7551719,106.07071,151,Unhealthy,3,20.3,93,0.2,7.8,175,1001.1,76,31.9,33.1,261.0,13.3,90.0,13.2
2026-01-17 14:00:00,2026,1,17,14,Thái Nguyên,Xã Võ Nhai,21.7551719,106.07071,150,Unhealthy for Sensitive Groups,2,21.9,83,0.0,8.2,170,1000.2,48,32.9,33.8,268.0,12.0,100.0,11.6
2026-01-17 15:00:00,2026,1,17,15,Thái Nguyên,Xã Võ Nhai,21.7551719,106.07071,149,Unhealthy for Sensitive Groups,2,22.2,78,0.0,8.3,166,999.3,20,37.3,38.1,275.0,10.6,111.0,9.5
2026-01-17 16:00:00,2026,1,17,16,Thái Nguyên,Xã Võ Nhai,21.7551719,106.07071,146,Unhealthy for Sensitive Groups,2,22.3,77,0.0,9.4,162,999.0,40,38.0,38.6,282.0,11.9,113.0,8.7
2026-01-17 17:00:00,2026,1,17,17,Thái Nguyên,Xã Võ Nhai,21.7551719,106.07071,144,Unhealthy for Sensitive Groups,2,21.2,81,0.0,8.0,160,999.4,22,41.0,41.7,292.0,18.0,98.0,10.2
2026-01-17 18:00:00,2026,1,17,18,Thái Nguyên,Xã Võ Nhai,21.7551719,106.07071,141,Unhealthy for Sensitive Groups,2,19.2,93,0.0,7.2,152,1000.2,20,49.6,50.2,303.0,26.8,74.0,13.1
2026-01-17 19:00:00,2026,1,17,19,Thái Nguyên,Xã Võ Nhai,21.7551719,106.07071,137,Unhealthy for Sensitive Groups,2,19.3,97,0.0,5.1,141,1000.4,39,42.4,42.7,313.0,33.0,55.0,17.5
2026-01-17 20:00:00,2026,1,17,20,Thái Nguyên,Xã Võ Nhai,21.7551719,106.07071,132,Unhealthy for Sensitive Groups,2,18.8,98,0.0,5.5,142,1000.6,91,40.4,40.6,324.0,35.3,49.0,19.1
2026-01-17 21:00:00,2026,1,17,21,Thái Nguyên,Xã Võ Nhai,21.7551719,106.07071,127,Unhealthy for Sensitive Groups,2,18.9,100,0.0,6.4,155,1001.0,100,38.8,39.0,335.0,38.4,41.0,21.2
2026-01-17 22:00:00,2026,1,17,22,Thái Nguyên,Xã Võ Nhai,21.7551719,106.07071,121,Unhealthy for Sensitive Groups,2,18.9,99,0.0,6.8,153,1001.2,100,39.3,39.7,341.0,40.3,35.0,22.9
2026-01-17 23:00:00,2026,1,17,23,Thái Nguyên,Xã Võ Nhai,21.7551719,106.07071,117,Unhealthy for Sensitive Groups,2,18.5,100,0.0,4.8,143,1001.1,100,41.3,41.7,341.0,40.1,34.0,23.6
2026-01-18 00:00:00,2026,1,18,0,Thái Nguyên,Xã Võ Nhai,21.7551719,106.07071,114,Unhealthy for Sensitive Groups,2,18.5,99,0.0,4.5,127,1001.1,100,43.0,43.3,336.0,38.6,34.0,23.8
2026-01-18 01:00:00,2026,1,18,1,Thái Nguyên,Xã Võ Nhai,21.7551719,106.07071,113,Unhealthy for Sensitive Groups,2,18.4,100,0.0,3.4,137,1001.3,100,45.2,45.8,330.0,36.8,36.0,23.9
2026-01-18 02:00:00,2026,1,18,2,Thái Nguyên,Xã Võ Nhai,21.7551719,106.07071,112,Unhealthy for Sensitive Groups,2,18.5,99,0.1,4.0,144,1000.7,100,46.9,47.6,321.0,34.4,38.0,23.9
2026-01-18 03:00:00,2026,1,18,3,Thái Nguyên,Xã Võ Nhai,21.7551719,106.07071,112,Unhealthy for Sensitive Groups,2,18.4,100,0.1,3.4,137,1000.5,100,48.4,49.2,310.0,31.6,42.0,23.8
2026-01-18 04:00:00,2026,1,18,4,Thái Nguyên,Xã Võ Nhai,21.7551719,106.07071,111,Unhealthy for Sensitive Groups,2,18.4,99,0.0,3.9,106,1000.2,100,49.1,50.1,304.0,29.5,44.0,23.6
2026-01-18 05:00:00,2026,1,18,5,Thái Nguyên,Xã Võ Nhai,21.7551719,106.07071,111,Unhealthy for Sensitive Groups,2,18.3,99,0.0,4.1,90,1000.1,100,49.8,50.8,306.0,29.1,44.0,23.4
2026-01-18 06:00:00,2026,1,18,6,Thái Nguyên,Xã Võ Nhai,21.7551719,106.07071,110,Unhealthy for Sensitive Groups,2,18.4,98,0.0,4.5,83,1000.6,100,50.9,52.0,313.0,29.5,42.0,23.2
2026-01-18 07:00:00,2026,1,18,7,Thái Nguyên,Xã Võ Nhai,21.7551719,106.07071,109,Unhealthy for Sensitive Groups,2,17.3,100,0.0,2.2,85,1001.3,100,48.0,49.0,316.0,26.1,47.0,19.7
2026-01-18 08:00:00,2026,1,18,8,Thái Nguyên,Xã Võ Nhai,21.7551719,106.07071,111,Unhealthy for Sensitive Groups,2,18.5,98,0.0,3.6,143,1002.0,53,44.0,45.1,311.0,23.8,53.0,20.6
2026-01-18 09:00:00,2026,1,18,9,Thái Nguyên,Xã Võ Nhai,21.7551719,106.07071,112,Unhealthy for Sensitive Groups,2,20.3,86,0.0,6.9,155,1002.5,100,35.7,36.8,303.0,20.5,63.0,21.8
2026-01-18 10:00:00,2026,1,18,10,Thái Nguyên,Xã Võ Nhai,21.7551719,106.07071,112,Unhealthy for Sensitive Groups,2,21.3,80,0.0,6.9,171,1002.9,68,34.6,35.5,296.0,17.4,73.0,22.2
2026-01-18 11:00:00,2026,1,18,11,Thái Nguyên,Xã Võ Nhai,21.7551719,106.07071,113,Unhealthy for Sensitive Groups,2,22.9,75,0.2,10.1,183,1002.0,83,30.4,31.2,290.0,14.8,84.0,21.2
2026-01-18 12:00:00,2026,1,18,12,Thái Nguyên,Xã Võ Nhai,21.7551719,106.07071,114,Unhealthy for Sensitive Groups,2,23.3,74,0.3,10.8,190,1001.1,84,31.8,32.5,285.0,12.4,96.0,19.5
2026-01-18 13:00:00,2026,1,18,13,Thái Nguyên,Xã Võ Nhai,21.7551719,106.07071,114,Unhealthy for Sensitive Groups,2,23.7,71,0.2,10.8,198,1000.1,66,31.8,32.5,287.0,10.6,107.0,18.0
2026-01-18 14:00:00,2026,1,18,14,Thái Nguyên,Xã Võ Nhai,21.7551719,106.07071,114,Unhealthy for Sensitive Groups,2,23.9,69,0.2,11.4,198,999.1,66,31.2,31.8,303.0,9.2,120.0,16.9
2026-01-18 15:00:00,2026,1,18,15,Thái Nguyên,Xã Võ Nhai,21.7551719,106.07071,114,Unhealthy for Sensitive Groups,2,24.1,67,0.0,10.4,195,998.6,100,31.3,31.9,327.0,8.3,133.0,16.0
2026-01-18 16:00:00,2026,1,18,16,Thái Nguyên,Xã Võ Nhai,21.7551719,106.07071,114,Unhealthy for Sensitive Groups,2,24.0,67,0.0,9.5,180,998.4,86,32.1,32.7,345.0,9.2,138.0,15.8
2026-01-18 17:00:00,2026,1,18,17,Thái Nguyên,Xã Võ Nhai,21.7551719,106.07071,113,Unhealthy for Sensitive Groups,2,22.7,75,0.0,5.8,144,998.6,43,35.0,35.5,349.0,13.3,128.0,16.9
2026-01-18 18:00:00,2026,1,18,18,Thái Nguyên,Xã Võ Nhai,21.7551719,106.07071,112,Unhealthy for Sensitive Groups,2,20.5,85,0.0,10.3,137,998.8,29,40.0,40.5,347.0,19.2,109.0,18.7
2026-01-18 19:00:00,2026,1,18,19,Thái Nguyên,Xã Võ Nhai,21.7551719,106.07071,111,Unhealthy for Sensitive Groups,2,20.4,87,0.0,13.2,152,999.3,13,58.9,60.1,346.0,22.4,92.0,20.9
2026-01-18 20:00:00,2026,1,18,20,Thái Nguyên,Xã Võ Nhai,21.7551719,106.07071,113,Unhealthy for Sensitive Groups,2,19.3,86,0.0,9.9,147,1000.0,10,58.1,58.9,348.0,23.1,86.0,22.0
2026-01-18 21:00:00,2026,1,18,21,Thái Nguyên,Xã Võ Nhai,21.7551719,106.07071,115,Unhealthy for Sensitive Groups,2,18.2,89,0.0,7.7,144,1000.6,75,57.6,58.4,351.0,24.0,78.0,23.4
2026-01-18 22:00:00,2026,1,18,22,Thái Nguyên,Xã Võ Nhai,21.7551719,106.07071,117,Unhealthy for Sensitive Groups,2,17.6,91,0.0,6.7,146,1001.1,66,59.8,60.8,352.0,24.6,72.0,24.6
2026-01-18 23:00:00,2026,1,18,23,Thái Nguyên,Xã Võ Nhai,21.7551719,106.07071,119,Unhealthy for Sensitive Groups,2,17.4,91,0.0,7.2,143,1001.1,71,63.8,64.7,352.0,24.8,69.0,25.3
2026-01-19 00:00:00,2026,1,19,0,Thái Nguyên,Xã Võ Nhai,21.7551719,106.07071,121,Unhealthy for Sensitive Groups,2,17.3,90,0.0,7.9,137,1001.0,100,64.7,65.7,351.0,24.8,67.0,25.8
2026-01-19 01:00:00,2026,1,19,1,Thái Nguyên,Xã Võ Nhai,21.7551719,106.07071,124,Unhealthy for Sensitive Groups,2,18.6,90,0.0,10.0,142,1000.7,100,64.7,65.7,347.0,24.2,66.0,25.8
2026-01-19 02:00:00,2026,1,19,2,Thái Nguyên,Xã Võ Nhai,21.7551719,106.07071,126,Unhealthy for Sensitive Groups,2,18.7,93,0.0,9.3,144,1000.2,100,64.0,65.2,337.0,22.6,66.0,25.1
2026-01-19 03:00:00,2026,1,19,3,Thái Nguyên,Xã Võ Nhai,21.7551719,106.07071,127,Unhealthy for Sensitive Groups,2,18.6,94,0.0,8.7,133,1000.1,100,64.0,65.2,324.0,20.5,67.0,24.0
2026-01-19 04:00:00,2026,1,19,4,Thái Nguyên,Xã Võ Nhai,21.7551719,106.07071,129,Unhealthy for Sensitive Groups,2,18.6,95,0.0,8.2,128,999.9,100,64.5,65.7,319.0,19.2,67.0,23.1
2026-01-19 05:00:00,2026,1,19,5,Thái Nguyên,Xã Võ Nhai,21.7551719,106.07071,131,Unhealthy for Sensitive Groups,2,18.7,95,0.0,8.5,128,1000.0,100,63.3,64.5,332.0,19.5,64.0,22.4
2026-01-19 06:00:00,2026,1,19,6,Thái Nguyên,Xã Võ Nhai,21.7551719,106.07071,132,Unhealthy for Sensitive Groups,2,18.8,94,0.0,8.4,125,1000.8,100,62.9,64.0,353.0,20.5,60.0,21.9
2026-01-19 07:00:00,2026,1,19,7,Thái Nguyên,Xã Võ Nhai,21.7551719,106.07071,133,Unhealthy for Sensitive Groups,2,18.9,93,0.0,7.8,130,1001.8,100,78.5,80.3,361.0,21.8,56.0,21.4
2026-01-19 08:00:00,2026,1,19,8,Thái Nguyên,Xã Võ Nhai,21.7551719,106.07071,137,Unhealthy for Sensitive Groups,2,19.4,90,0.0,8.7,133,1002.8,100,67.8,69.8,342.0,21.7,65.0,21.9
2026-01-19 09:00:00,2026,1,19,9,Thái Nguyên,Xã Võ Nhai,21.7551719,106.07071,139,Unhealthy for Sensitive Groups,2,19.7,89,0.1,9.5,129,1003.4,100,56.8,59.1,310.0,21.5,77.0,22.5
2026-01-19 10:00:00,2026,1,19,10,Thái Nguyên,Xã Võ Nhai,21.7551719,106.07071,141,Unhealthy for Sensitive Groups,2,20.1,87,0.1,14.8,142,1003.9,98,52.3,54.4,287.0,21.6,86.0,23.0
2026-01-19 11:00:00,2026,1,19,11,Thái Nguyên,Xã Võ Nhai,21.7551719,106.07071,143,Unhealthy for Sensitive Groups,2,21.0,83,0.3,13.8,163,1003.1,98,48.4,50.5,285.0,22.5,87.0,23.0
2026-01-19 12:00:00,2026,1,19,12,Thái Nguyên,Xã Võ Nhai,21.7551719,106.07071,145,Unhealthy for Sensitive Groups,2,21.7,79,0.1,14.7,155,1002.2,100,47.4,49.0,293.0,23.7,85.0,22.9
2026-01-19 13:00:00,2026,1,19,13,Thái Nguyên,Xã Võ Nhai,21.7551719,106.07071,147,Unhealthy for Sensitive Groups,2,22.7,73,0.2,13.1,164,1001.1,68,48.0,49.7,299.0,23.9,86.0,22.7
2026-01-19 14:00:00,2026,1,19,14,Thái Nguyên,Xã Võ Nhai,21.7551719,106.07071,148,Unhealthy for Sensitive Groups,2,23.5,70,0.1,13.0,170,1000.2,77,47.4,49.0,299.0,22.0,94.0,22.8
2026-01-19 15:00:00,2026,1,19,15,Thái Nguyên,Xã Võ Nhai,21.7551719,106.07071,150,Unhealthy for Sensitive Groups,2,23.1,74,0.1,14.0,173,999.7,80,47.5,49.0,299.0,19.2,104.0,22.9
2026-01-19 16:00:00,2026,1,19,16,Thái Nguyên,Xã Võ Nhai,21.7551719,106.07071,150,Unhealthy for Sensitive Groups,2,23.0,73,0.0,13.6,169,999.5,48,43.8,44.9,300.0,17.6,109.0,22.4
2026-01-19 17:00:00,2026,1,19,17,Thái Nguyên,Xã Võ Nhai,21.7551719,106.07071,151,Unhealthy,3,22.2,78,0.0,11.9,157,999.6,27,45.4,46.4,307.0,18.5,104.0,20.7
2026-01-19 18:00:00,2026,1,19,18,Thái Nguyên,Xã Võ Nhai,21.7551719,106.07071,151,Unhealthy,3,20.7,85,0.0,11.7,143,1000.1,34,42.8,43.7,315.0,20.5,95.0,18.4
2026-01-19 19:00:00,2026,1,19,19,Thái Nguyên,Xã Võ Nhai,21.7551719,106.07071,151,Unhealthy,3,20.2,94,0.0,13.4,137,1000.6,27,43.3,44.2,320.0,22.6,85.0,16.9
2026-01-19 20:00:00,2026,1,19,20,Thái Nguyên,Xã Võ Nhai,21.7551719,106.07071,151,Unhealthy,3,19.8,96,0.0,11.2,138,1001.0,24,40.6,41.7,318.0,23.3,79.0,17.0
2026-01-19 21:00:00,2026,1,19,21,Thái Nguyên,Xã Võ Nhai,21.7551719,106.07071,150,Unhealthy for Sensitive Groups,2,19.3,98,0.0,9.6,140,1001.6,62,41.7,42.7,313.0,24.1,69.0,17.2
2026-01-19 22:00:00,2026,1,19,22,Thái Nguyên,Xã Võ Nhai,21.7551719,106.07071,149,Unhealthy for Sensitive Groups,2,19.2,98,0.0,8.7,138,1002.1,100,44.1,45.4,306.0,24.6,62.0,17.1
2026-01-19 23:00:00,2026,1,19,23,Thái Nguyên,Xã Võ Nhai,21.7551719,106.07071,147,Unhealthy for Sensitive Groups,2,19.2,99,0.0,8.6,139,1002.0,100,45.5,46.8,297.0,24.4,58.0,16.8
2026-01-20 00:00:00,2026,1,20,0,Thái Nguyên,Xã Võ Nhai,21.7551719,106.07071,146,Unhealthy for Sensitive Groups,2,19.4,98,0.0,9.3,137,1002.1,100,47.1,48.5,286.0,23.7,55.0,16.2
2026-01-20 01:00:00,2026,1,20,1,Thái Nguyên,Xã Võ Nhai,21.7551719,106.07071,144,Unhealthy for Sensitive Groups,2,19.7,100,0.0,10.5,141,1001.8,100,49.9,51.3,277.0,23.0,53.0,15.6
2026-01-20 02:00:00,2026,1,20,2,Thái Nguyên,Xã Võ Nhai,21.7551719,106.07071,142,Unhealthy for Sensitive Groups,2,19.8,100,0.1,11.4,142,1001.3,100,51.5,52.9,271.0,22.2,51.0,14.8
2026-01-20 03:00:00,2026,1,20,3,Thái Nguyên,Xã Võ Nhai,21.7551719,106.07071,141,Unhealthy for Sensitive Groups,2,19.7,100,0.0,11.0,132,1001.0,100,50.5,51.7,267.0,21.2,48.0,13.9
2026-01-20 04:00:00,2026,1,20,4,Thái Nguyên,Xã Võ Nhai,21.7551719,106.07071,139,Unhealthy for Sensitive Groups,2,19.6,100,0.2,11.0,131,1001.1,100,48.3,49.4,265.0,20.4,47.0,13.1
2026-01-20 05:00:00,2026,1,20,5,Thái Nguyên,Xã Võ Nhai,21.7551719,106.07071,138,Unhealthy for Sensitive Groups,2,19.7,98,0.8,9.6,137,1001.4,100,46.0,46.9,267.0,20.1,46.0,12.5
2026-01-20 06:00:00,2026,1,20,6,Thái Nguyên,Xã Võ Nhai,21.7551719,106.07071,136,Unhealthy for Sensitive Groups,2,19.7,98,1.0,8.3,138,1002.1,100,44.5,45.3,271.0,19.9,45.0,12.0
2026-01-20 07:00:00,2026,1,20,7,Thái Nguyên,Xã Võ Nhai,21.7551719,106.07071,134,Unhealthy for Sensitive Groups,2,19.1,99,0.9,9.8,130,1003.6,100,21.7,21.8,272.0,17.2,56.0,11.7
2026-01-20 08:00:00,2026,1,20,8,Thái Nguyên,Xã Võ Nhai,21.7551719,106.07071,128,Unhealthy for Sensitive Groups,2,19.4,98,0.2,10.8,128,1004.4,100,19.2,19.3,267.0,17.0,60.0,12.2
2026-01-20 09:00:00,2026,1,20,9,Thái Nguyên,Xã Võ Nhai,21.7551719,106.07071,123,Unhealthy for Sensitive Groups,2,20.3,94,0.2,11.6,134,1005.4,57,17.8,18.0,259.0,16.6,65.0,12.8
2026-01-20 10:00:00,2026,1,20,10,Thái Nguyên,Xã Võ Nhai,21.7551719,106.07071,119,Unhealthy for Sensitive Groups,2,21.6,86,0.1,13.0,143,1005.8,100,17.3,17.8,255.0,16.2,70.0,13.2
2026-01-20 11:00:00,2026,1,20,11,Thái Nguyên,Xã Võ Nhai,21.7551719,106.07071,115,Unhealthy for Sensitive Groups,2,21.8,83,0.3,15.1,152,1005.6,62,19.8,20.3,257.0,15.7,72.0,13.1
2026-01-20 12:00:00,2026,1,20,12,Thái Nguyên,Xã Võ Nhai,21.7551719,106.07071,112,Unhealthy for Sensitive Groups,2,22.5,83,0.4,11.7,171,1004.7,84,18.4,19.0,262.0,15.1,74.0,12.6
2026-01-20 13:00:00,2026,1,20,13,Thái Nguyên,Xã Võ Nhai,21.7551719,106.07071,109,Unhealthy for Sensitive Groups,2,24.0,72,0.0,14.1,164,1004.0,55,17.1,17.5,266.0,14.4,77.0,12.1
2026-01-20 14:00:00,2026,1,20,14,Thái Nguyên,Xã Võ Nhai,21.7551719,106.07071,106,Unhealthy for Sensitive Groups,2,24.1,70,0.1,13.9,160,1003.0,38,16.9,17.3,266.0,13.4,83.0,11.3
2026-01-20 15:00:00,2026,1,20,15,Thái Nguyên,Xã Võ Nhai,21.7551719,106.07071,103,Unhealthy for Sensitive Groups,2,23.9,68,0.1,14.4,158,1002.2,31,14.9,15.3,264.0,12.4,91.0,10.4
2026-01-20 16:00:00,2026,1,20,16,Thái Nguyên,Xã Võ Nhai,21.7551719,106.07071,100,Moderate,1,23.6,69,0.1,13.8,159,1002.4,52,15.8,16.2,263.0,12.3,94.0,9.9
2026-01-20 17:00:00,2026,1,20,17,Thái Nguyên,Xã Võ Nhai,21.7551719,106.07071,97,Moderate,1,22.1,79,0.2,11.5,160,1002.8,28,17.9,18.2,249.0,14.2,92.0,10.2
2026-01-20 18:00:00,2026,1,20,18,Thái Nguyên,Xã Võ Nhai,21.7551719,106.07071,95,Moderate,1,20.8,84,0.1,12.9,150,1003.4,85,19.1,19.5,236.0,17.1,86.0,10.9
2026-01-20 19:00:00,2026,1,20,19,Thái Nguyên,Xã Võ Nhai,21.7551719,106.07071,93,Moderate,1,19.9,96,0.1,10.8,137,1003.9,25,30.5,31.9,265.0,18.7,75.0,13.4
2026-01-20 20:00:00,2026,1,20,20,Thái Nguyên,Xã Võ Nhai,21.7551719,106.07071,91,Moderate,1,19.8,96,0.0,10.3,131,1004.9,41,28.2,29.3,381.0,18.7,73.0,13.8
2026-01-20 21:00:00,2026,1,20,21,Thái Nguyên,Xã Võ Nhai,21.7551719,106.07071,90,Moderate,1,19.3,96,0.0,9.3,103,1005.4,66,30.7,32.1,540.0,18.6,70.0,14.3
2026-01-20 22:00:00,2026,1,20,22,Thái Nguyên,Xã Võ Nhai,21.7551719,106.07071,89,Moderate,1,19.0,95,0.0,9.2,79,1005.7,93,31.0,32.0,651.0,17.4,64.0,14.7
2026-01-20 23:00:00,2026,1,20,23,Thái Nguyên,Xã Võ Nhai,21.7551719,106.07071,88,Moderate,1,18.9,93,0.0,11.7,54,1006.0,100,23.4,23.9,668.0,13.9,51.0,14.9
2026-01-21 00:00:00,2026,1,21,0,Thái Nguyên,Xã Võ Nhai,21.7551719,106.07071,86,Moderate,1,16.7,90,0.0,17.8,35,1006.5,100,15.8,15.8,639.0,9.4,34.0,14.9
2026-01-21 01:00:00,2026,1,21,1,Thái Nguyên,Xã Võ Nhai,21.7551719,106.07071,84,Moderate,1,18.2,95,0.0,12.4,51,1005.9,84,13.9,13.9,612.0,6.3,23.0,14.6
2026-01-21 02:00:00,2026,1,21,2,Thái Nguyên,Xã Võ Nhai,21.7551719,106.07071,80,Moderate,1,16.4,97,0.4,16.2,38,1005.9,100,14.4,14.5,604.0,6.0,22.0,13.7
2026-01-21 03:00:00,2026,1,21,3,Thái Nguyên,Xã Võ Nhai,21.7551719,106.07071,77,Moderate,1,14.8,96,0.4,20.2,35,1006.2,100,14.3,14.4,600.0,7.2,25.0,12.5
2026-01-21 04:00:00,2026,1,21,4,Thái Nguyên,Xã Võ Nhai,21.7551719,106.07071,74,Moderate,1,13.8,94,0.2,21.3,32,1006.5,100,10.9,10.9,601.0,8.1,29.0,11.5
2026-01-21 05:00:00,2026,1,21,5,Thái Nguyên,Xã Võ Nhai,21.7551719,106.07071,71,Moderate,1,12.9,91,0.1,23.7,34,1006.7,100,8.0,8.0,615.0,8.0,31.0,11.1
2026-01-21 06:00:00,2026,1,21,6,Thái Nguyên,Xã Võ Nhai,21.7551719,106.07071,67,Moderate,1,12.2,87,0.0,24.3,34,1007.4,100,5.9,5.9,635.0,7.5,32.0,10.9
2026-01-21 07:00:00,2026,1,21,7,Thái Nguyên,Xã Võ Nhai,21.7551719,106.07071,64,Moderate,1,12.2,88,0.1,21.5,32,1008.5,100,4.9,5.2,644.0,7.8,29.0,10.8
2026-01-21 08:00:00,2026,1,21,8,Thái Nguyên,Xã Võ Nhai,21.7551719,106.07071,62,Moderate,1,11.9,84,0.0,22.9,30,1009.4,100,3.7,3.9,630.0,7.4,31.0,11.3
2026-01-21 09:00:00,2026,1,21,9,Thái Nguyên,Xã Võ Nhai,21.7551719,106.07071,61,Moderate,1,11.9,78,0.0,24.5,31,1010.8,100,3.2,3.4,605.0,6.9,34.0,12.1
2026-01-21 10:00:00,2026,1,21,10,Thái Nguyên,Xã Võ Nhai,21.7551719,106.07071,60,Moderate,1,12.4,74,0.0,24.2,33,1011.2,100,4.1,4.1,586.0,6.6,37.0,12.7
2026-01-21 11:00:00,2026,1,21,11,Thái Nguyên,Xã Võ Nhai,21.7551719,106.07071,58,Moderate,1,12.3,73,0.0,22.0,36,1011.5,100,5.4,5.5,580.0,6.8,39.0,13.0
2026-01-21 12:00:00,2026,1,21,12,Thái Nguyên,Xã Võ Nhai,21.7551719,106.07071,57,Moderate,1,12.2,74,0.0,21.3,37,1010.7,100,6.3,6.4,580.0,7.3,41.0,13.1
2026-01-21 13:00:00,2026,1,21,13,Thái Nguyên,Xã Võ Nhai,21.7551719,106.07071,56,Moderate,1,13.1,70,0.0,20.9,36,1009.9,100,7.9,8.1,582.0,7.8,43.0,13.1
2026-01-21 14:00:00,2026,1,21,14,Thái Nguyên,Xã Võ Nhai,21.7551719,106.07071,55,Moderate,1,12.2,73,0.0,21.2,36,1008.9,100,7.6,7.7,587.0,8.2,44.0,12.9
2026-01-21 15:00:00,2026,1,21,15,Thái Nguyên,Xã Võ Nhai,21.7551719,106.07071,54,Moderate,1,11.8,74,0.0,18.8,32,1008.5,100,7.9,7.9,594.0,8.6,45.0,12.5
2026-01-21 16:00:00,2026,1,21,16,Thái Nguyên,Xã Võ Nhai,21.7551719,106.07071,54,Moderate,1,11.4,75,0.0,19.2,32,1008.8,100,7.6,7.7,602.0,9.0,45.0,12.3
2026-01-21 17:00:00,2026,1,21,17,Thái Nguyên,Xã Võ Nhai,21.7551719,106.07071,53,Moderate,1,11.2,75,0.0,18.5,32,1009.0,100,7.6,7.6,610.0,9.5,45.0,12.4
2026-01-21 18:00:00,2026,1,21,18,Thái Nguyên,Xã Võ Nhai,21.7551719,106.07071,52,Moderate,1,10.9,74,0.0,17.6,32,1009.3,100,7.8,7.9,618.0,10.0,45.0,12.5
2026-01-21 19:00:00,2026,1,21,19,Thái Nguyên,Xã Võ Nhai,21.7551719,106.07071,51,Moderate,1,10.5,82,0.0,18.2,30,1009.8,100,8.4,8.4,625.0,10.6,40.0,11.9
2026-01-21 20:00:00,2026,1,21,20,Thái Nguyên,Xã Võ Nhai,21.7551719,106.07071,48,Good,0,10.3,82,0.0,20.2,30,1010.1,100,8.6,8.6,629.0,10.5,40.0,11.7
2026-01-21 21:00:00,2026,1,21,21,Thái Nguyên,Xã Võ Nhai,21.7551719,106.07071,45,Good,0,10.0,82,0.0,19.7,27,1010.5,100,8.9,8.9,631.0,10.2,39.0,11.4
2026-01-21 22:00:00,2026,1,21,22,Thái Nguyên,Xã Võ Nhai,21.7551719,106.07071,41,Good,0,9.8,81,0.0,20.6,26,1011.0,100,9.1,9.1,635.0,9.9,39.0,11.1
2026-01-21 23:00:00,2026,1,21,23,Thái Nguyên,Xã Võ Nhai,21.7551719,106.07071,37,Good,0,9.4,82,0.0,20.4,28,1011.2,100,8.8,8.8,642.0,9.3,39.0,11.0
2026-01-22 00:00:00,2026,1,22,0,Thái Nguyên,Xã Võ Nhai,21.7551719,106.07071,35,Good,0,8.9,84,0.1,21.6,29,1011.4,100,8.3,8.3,651.0,8.6,40.0,11.0
2026-01-22 01:00:00,2026,1,22,1,Thái Nguyên,Xã Võ Nhai,21.7551719,106.07071,34,Good,0,9.2,86,0.1,20.2,28,1011.5,100,7.6,7.7,658.0,8.0,41.0,10.9
2026-01-22 02:00:00,2026,1,22,2,Thái Nguyên,Xã Võ Nhai,21.7551719,106.07071,33,Good,0,8.7,87,0.1,20.7,29,1011.3,100,7.8,7.9,664.0,7.6,41.0,10.7
2026-01-22 03:00:00,2026,1,22,3,Thái Nguyên,Xã Võ Nhai,21.7551719,106.07071,31,Good,0,8.3,88,0.2,21.7,30,1011.4,100,7.9,7.9,668.0,7.3,41.0,10.6
2026-01-22 04:00:00,2026,1,22,4,Thái Nguyên,Xã Võ Nhai,21.7551719,106.07071,30,Good,0,7.8,89,0.2,23.1,32,1011.6,100,7.6,7.7,663.0,7.1,42.0,10.3
2026-01-22 05:00:00,2026,1,22,5,Thái Nguyên,Xã Võ Nhai,21.7551719,106.07071,30,Good,0,7.6,86,0.1,24.0,32,1012.1,100,7.2,7.2,648.0,6.9,43.0,9.9
2026-01-22 06:00:00,2026,1,22,6,Thái Nguyên,Xã Võ Nhai,21.7551719,106.07071,30,Good,0,7.4,86,0.0,25.1,34,1012.9,100,6.9,7.0,625.0,6.7,45.0,9.5
2026-01-22 07:00:00,2026,1,22,7,Thái Nguyên,Xã Võ Nhai,21.7551719,106.07071,30,Good,0,7.7,84,0.0,24.7,35,1014.0,100,5.2,5.3,591.0,6.2,48.0,9.3
2026-01-22 08:00:00,2026,1,22,8,Thái Nguyên,Xã Võ Nhai,21.7551719,106.07071,30,Good,0,8.0,82,0.0,25.6,34,1014.8,100,5.8,5.9,539.0,6.4,48.0,9.1
2026-01-22 09:00:00,2026,1,22,9,Thái Nguyên,Xã Võ Nhai,21.7551719,106.07071,30,Good,0,8.1,82,0.1,25.1,32,1015.7,100,6.3,6.3,476.0,6.8,48.0,8.9
2026-01-22 10:00:00,2026,1,22,10,Thái Nguyên,Xã Võ Nhai,21.7551719,106.07071,31,Good,0,8.4,79,0.1,24.8,32,1016.2,100,6.2,6.2,424.0,7.0,49.0,8.7
2026-01-22 11:00:00,2026,1,22,11,Thái Nguyên,Xã Võ Nhai,21.7551719,106.07071,31,Good,0,9.0,75,0.0,23.0,33,1015.8,100,5.9,5.9,392.0,7.0,51.0,8.7
2026-01-22 12:00:00,2026,1,22,12,Thái Nguyên,Xã Võ Nhai,21.7551719,106.07071,31,Good,0,9.6,72,0.0,21.2,31,1014.8,100,5.8,5.8,371.0,6.8,54.0,8.8
2026-01-22 13:00:00,2026,1,22,13,Thái Nguyên,Xã Võ Nhai,21.7551719,106.07071,31,Good,0,10.6,68,0.0,19.0,31,1013.6,100,5.5,5.6,357.0,6.8,57.0,9.0
2026-01-22 14:00:00,2026,1,22,14,Thái Nguyên,Xã Võ Nhai,21.7551719,106.07071,31,Good,0,11.6,64,0.0,17.1,32,1012.8,100,6.4,6.4,346.0,6.8,59.0,9.3
2026-01-22 15:00:00,2026,1,22,15,Thái Nguyên,Xã Võ Nhai,21.7551719,106.07071,30,Good,0,11.4,63,0.0,14.9,35,1012.1,100,7.2,7.3,342.0,6.9,61.0,9.7
2026-01-22 16:00:00,2026,1,22,16,Thái Nguyên,Xã Võ Nhai,21.7551719,106.07071,30,Good,0,11.4,63,0.0,14.0,35,1012.0,100,8.0,8.0,351.0,7.4,61.0,10.1
2026-01-22 17:00:00,2026,1,22,17,Thái Nguyên,Xã Võ Nhai,21.7551719,106.07071,30,Good,0,10.7,64,0.0,14.1,34,1012.2,100,8.8,8.8,382.0,8.6,59.0,10.6
2026-01-22 18:00:00,2026,1,22,18,Thái Nguyên,Xã Võ Nhai,21.7551719,106.07071,31,Good,0,10.2,65,0.0,13.9,31,1012.5,100,10.2,10.2,427.0,10.1,56.0,11.0
2026-01-22 19:00:00,2026,1,22,19,Thái Nguyên,Xã Võ Nhai,21.7551719,106.07071,31,Good,0,9.5,70,0.0,13.6,32,1013.1,100,15.2,15.2,467.0,8.5,56.0,10.7
2026-01-22 20:00:00,2026,1,22,20,Thái Nguyên,Xã Võ Nhai,21.7551719,106.07071,32,Good,0,9.5,69,0.0,14.2,33,1013.7,100,16.7,16.7,497.0,8.5,56.0,10.9
2026-01-22 21:00:00,2026,1,22,21,Thái Nguyên,Xã Võ Nhai,21.7551719,106.07071,34,Good,0,9.3,70,0.0,13.3,35,1013.9,100,17.5,17.5,523.0,8.4,56.0,11.3
2026-01-22 22:00:00,2026,1,22,22,Thái Nguyên,Xã Võ Nhai,21.7551719,106.07071,35,Good,0,9.3,69,0.0,12.8,31,1014.3,100,17.6,17.6,541.0,8.4,56.0,11.4
2026-01-22 23:00:00,2026,1,22,23,Thái Nguyên,Xã Võ Nhai,21.7551719,106.07071,37,Good,0,9.1,69,0.0,13.1,29,1014.0,100,17.3,17.3,550.0,8.4,55.0,11.2
2026-01-23 00:00:00,2026,1,23,0,Thái Nguyên,Xã Võ Nhai,21.7551719,106.07071,38,Good,0,9.0,70,0.0,13.4,27,1013.9,100,16.6,16.7,552.0,8.5,53.0,10.8
2026-01-23 01:00:00,2026,1,23,1,Thái Nguyên,Xã Võ Nhai,21.7551719,106.07071,39,Good,0,8.5,75,0.0,12.6,24,1014.0,100,16.1,16.1,545.0,8.5,52.0,10.5
2026-01-23 02:00:00,2026,1,23,2,Thái Nguyên,Xã Võ Nhai,21.7551719,106.07071,41,Good,0,8.5,74,0.0,12.6,26,1013.6,100,15.5,15.5,522.0,8.5,51.0,10.2
2026-01-23 03:00:00,2026,1,23,3,Thái Nguyên,Xã Võ Nhai,21.7551719,106.07071,42,Good,0,8.5,74,0.0,11.8,26,1013.5,100,15.2,15.2,491.0,8.4,49.0,10.0
2026-01-23 04:00:00,2026,1,23,4,Thái Nguyên,Xã Võ Nhai,21.7551719,106.07071,44,Good,0,8.4,75,0.0,11.8,24,1013.4,100,15.1,15.1,470.0,8.6,48.0,10.0
2026-01-23 05:00:00,2026,1,23,5,Thái Nguyên,Xã Võ Nhai,21.7551719,106.07071,45,Good,0,8.4,75,0.0,12.3,27,1013.2,100,15.1,15.1,473.0,9.3,46.0,10.3
2026-01-23 06:00:00,2026,1,23,6,Thái Nguyên,Xã Võ Nhai,21.7551719,106.07071,46,Good,0,8.5,75,0.0,11.4,24,1013.6,100,15.3,15.3,486.0,10.2,44.0,10.7
2026-01-23 07:00:00,2026,1,23,7,Thái Nguyên,Xã Võ Nhai,21.7551719,106.07071,48,Good,0,8.7,75,0.0,9.8,26,1014.3,100,17.4,17.4,490.0,10.5,42.0,11.3
2026-01-23 08:00:00,2026,1,23,8,Thái Nguyên,Xã Võ Nhai,21.7551719,106.07071,50,Good,0,9.2,73,0.0,10.3,25,1014.9,100,17.2,17.2,474.0,10.5,42.0,11.7
2026-01-23 09:00:00,2026,1,23,9,Thái Nguyên,Xã Võ Nhai,21.7551719,106.07071,51,Moderate,1,10.2,70,0.0,10.5,24,1015.5,100,16.6,16.6,448.0,10.6,43.0,12.5
2026-01-23 10:00:00,2026,1,23,10,Thái Nguyên,Xã Võ Nhai,21.7551719,106.07071,52,Moderate,1,11.4,66,0.0,9.4,31,1015.6,100,16.2,16.2,425.0,10.7,44.0,14.1
2026-01-23 11:00:00,2026,1,23,11,Thái Nguyên,Xã Võ Nhai,21.7551719,106.07071,53,Moderate,1,12.3,64,0.0,7.8,38,1014.9,100,15.7,15.7,407.0,10.8,47.0,17.3
2026-01-23 12:00:00,2026,1,23,12,Thái Nguyên,Xã Võ Nhai,21.7551719,106.07071,54,Moderate,1,13.2,63,0.0,5.9,47,1013.7,100,15.1,15.1,392.0,11.0,51.0,21.3
2026-01-23 13:00:00,2026,1,23,13,Thái Nguyên,Xã Võ Nhai,21.7551719,106.07071,54,Moderate,1,13.5,65,0.0,3.0,65,1012.9,100,15.4,15.4,381.0,11.5,55.0,24.4
2026-01-23 14:00:00,2026,1,23,14,Thái Nguyên,Xã Võ Nhai,21.7551719,106.07071,55,Moderate,1,14.1,65,0.0,2.9,60,1011.7,100,15.9,15.9,374.0,11.9,59.0,25.8
2026-01-23 15:00:00,2026,1,23,15,Thái Nguyên,Xã Võ Nhai,21.7551719,106.07071,56,Moderate,1,15.1,64,0.0,2.5,98,1010.7,100,16.6,16.6,371.0,12.6,63.0,26.2
2026-01-23 16:00:00,2026,1,23,16,Thái Nguyên,Xã Võ Nhai,21.7551719,106.07071,57,Moderate,1,15.2,65,0.0,4.5,151,1010.4,100,18.0,18.0,372.0,15.1,63.0,26.5
2026-01-23 17:00:00,2026,1,23,17,Thái Nguyên,Xã Võ Nhai,21.7551719,106.07071,58,Moderate,1,14.7,68,0.0,7.3,169,1010.3,100,20.3,20.4,379.0,21.2,54.0,26.9
2026-01-23 18:00:00,2026,1,23,18,Thái Nguyên,Xã Võ Nhai,21.7551719,106.07071,59,Moderate,1,13.7,73,0.0,7.6,177,1010.6,100,28.5,28.5,390.0,29.1,41.0,27.2
2026-01-23 19:00:00,2026,1,23,19,Thái Nguyên,Xã Võ Nhai,21.7551719,106.07071,60,Moderate,1,12.3,79,0.0,3.1,69,1011.8,100,38.1,38.2,402.0,31.9,32.0,31.4
2026-01-23 20:00:00,2026,1,23,20,Thái Nguyên,Xã Võ Nhai,21.7551719,106.07071,62,Moderate,1,12.5,79,0.0,7.0,32,1012.0,100,44.2,44.4,414.0,30.2,31.0,31.6
2026-01-23 21:00:00,2026,1,23,21,Thái Nguyên,Xã Võ Nhai,21.7551719,106.07071,65,Moderate,1,12.4,74,0.0,12.4,33,1012.3,100,38.8,38.9,426.0,27.7,29.0,31.8
2026-01-23 22:00:00,2026,1,23,22,Thái Nguyên,Xã Võ Nhai,21.7551719,106.07071,67,Moderate,1,11.7,73,0.0,12.3,32,1012.7,100,35.6,35.6,433.0,24.9,28.0,31.5
2026-01-23 23:00:00,2026,1,23,23,Thái Nguyên,Xã Võ Nhai,21.7551719,106.07071,68,Moderate,1,11.4,73,0.0,11.6,30,1012.7,100,33.4,33.5,432.0,21.6,29.0,30.6
2026-01-24 00:00:00,2026,1,24,0,Thái Nguyên,Xã Võ Nhai,21.7551719,106.07071,70,Moderate,1,11.4,73,0.0,10.9,27,1012.6,100,37.3,37.3,427.0,17.9,32.0,29.2
2026-01-24 01:00:00,2026,1,24,1,Thái Nguyên,Xã Võ Nhai,21.7551719,106.07071,72,Moderate,1,10.3,78,0.0,9.7,22,1012.7,100,41.9,42.0,423.0,15.2,33.0,27.3
2026-01-24 02:00:00,2026,1,24,2,Thái Nguyên,Xã Võ Nhai,21.7551719,106.07071,74,Moderate,1,10.2,78,0.0,11.2,24,1011.9,100,39.7,39.7,421.0,14.0,32.0,24.4
2026-01-24 03:00:00,2026,1,24,3,Thái Nguyên,Xã Võ Nhai,21.7551719,106.07071,76,Moderate,1,10.0,78,0.0,12.6,22,1011.7,100,36.7,36.8,420.0,13.8,30.0,20.9
2026-01-24 04:00:00,2026,1,24,4,Thái Nguyên,Xã Võ Nhai,21.7551719,106.07071,78,Moderate,1,9.9,79,0.0,12.7,21,1011.5,100,33.2,33.2,426.0,13.9,28.0,18.1
2026-01-24 05:00:00,2026,1,24,5,Thái Nguyên,Xã Võ Nhai,21.7551719,106.07071,80,Moderate,1,9.9,80,0.0,12.6,20,1011.7,100,31.7,31.7,448.0,14.2,26.0,16.2
2026-01-24 06:00:00,2026,1,24,6,Thái Nguyên,Xã Võ Nhai,21.7551719,106.07071,81,Moderate,1,10.0,80,0.0,12.7,18,1012.0,100,35.5,35.5,477.0,14.9,25.0,15.0
2026-01-24 07:00:00,2026,1,24,7,Thái Nguyên,Xã Võ Nhai,21.7551719,106.07071,83,Moderate,1,10.1,81,0.0,10.4,20,1012.6,100,28.9,28.9,496.0,15.3,24.0,14.8
2026-01-24 08:00:00,2026,1,24,8,Thái Nguyên,Xã Võ Nhai,21.7551719,106.07071,84,Moderate,1,10.6,79,0.0,10.4,23,1012.9,100,31.0,31.0,496.0,14.9,25.0,16.0
2026-01-24 09:00:00,2026,1,24,9,Thái Nguyên,Xã Võ Nhai,21.7551719,106.07071,85,Moderate,1,11.6,76,0.0,9.2,28,1013.4,100,32.1,32.2,487.0,14.3,26.0,17.8
2026-01-24 10:00:00,2026,1,24,10,Thái Nguyên,Xã Võ Nhai,21.7551719,106.07071,87,Moderate,1,13.0,71,0.0,8.3,30,1014.0,100,30.9,30.9,478.0,14.2,28.0,20.4
2026-01-24 11:00:00,2026,1,24,11,Thái Nguyên,Xã Võ Nhai,21.7551719,106.07071,88,Moderate,1,13.9,71,0.0,7.3,33,1013.1,100,31.0,31.1,472.0,14.6,30.0,24.1
2026-01-24 12:00:00,2026,1,24,12,Thái Nguyên,Xã Võ Nhai,21.7551719,106.07071,89,Moderate,1,14.5,70,0.0,5.7,44,1011.9,100,32.2,32.4,467.0,15.5,33.0,28.5
2026-01-24 13:00:00,2026,1,24,13,Thái Nguyên,Xã Võ Nhai,21.7551719,106.07071,91,Moderate,1,14.5,74,0.0,3.6,53,1010.9,100,33.1,33.2,461.0,16.7,35.0,32.6
2026-01-24 14:00:00,2026,1,24,14,Thái Nguyên,Xã Võ Nhai,21.7551719,106.07071,92,Moderate,1,14.9,74,0.0,2.9,112,1009.4,100,34.3,34.5,451.0,17.9,37.0,36.4
2026-01-24 15:00:00,2026,1,24,15,Thái Nguyên,Xã Võ Nhai,21.7551719,106.07071,94,Moderate,1,15.1,75,0.0,3.6,135,1008.7,100,34.5,34.7,442.0,19.5,39.0,39.8
2026-01-24 16:00:00,2026,1,24,16,Thái Nguyên,Xã Võ Nhai,21.7551719,106.07071,95,Moderate,1,15.0,76,0.0,4.6,138,1008.3,100,34.9,35.0,442.0,22.9,37.0,42.0
2026-01-24 17:00:00,2026,1,24,17,Thái Nguyên,Xã Võ Nhai,21.7551719,106.07071,97,Moderate,1,14.7,78,0.0,5.9,166,1008.2,100,36.7,36.8,462.0,29.7,28.0,42.0
2026-01-24 18:00:00,2026,1,24,18,Thái Nguyên,Xã Võ Nhai,21.7551719,106.07071,98,Moderate,1,13.9,82,0.0,6.6,163,1008.3,100,44.9,45.1,492.0,38.3,16.0,40.6
2026-01-24 19:00:00,2026,1,24,19,Thái Nguyên,Xã Võ Nhai,21.7551719,106.07071,100,Moderate,1,13.0,86,0.0,2.6,65,1008.6,100,45.9,46.0,513.0,30.8,8.0,31.5
2026-01-24 20:00:00,2026,1,24,20,Thái Nguyên,Xã Võ Nhai,21.7551719,106.07071,101,Unhealthy for Sensitive Groups,2,13.0,86,0.0,4.7,43,1008.6,100,51.8,51.9,515.0,30.9,7.0,30.1
2026-01-24 21:00:00,2026,1,24,21,Thái Nguyên,Xã Võ Nhai,21.7551719,106.07071,101,Unhealthy for Sensitive Groups,2,13.2,86,0.0,3.3,29,1008.5,100,51.3,51.3,508.0,31.1,4.0,28.1
2026-01-24 22:00:00,2026,1,24,22,Thái Nguyên,Xã Võ Nhai,21.7551719,106.07071,103,Unhealthy for Sensitive Groups,2,13.2,87,0.0,1.9,17,1008.1,100,51.3,51.5,508.0,31.3,3.0,26.9
2026-01-24 23:00:00,2026,1,24,23,Thái Nguyên,Xã Võ Nhai,21.7551719,106.07071,104,Unhealthy for Sensitive Groups,2,13.4,88,0.0,1.9,61,1007.8,100,50.6,50.8,522.0,31.5,3.0,27.1
2026-01-25 00:00:00,2026,1,25,0,Thái Nguyên,Xã Võ Nhai,21.7551719,106.07071,106,Unhealthy for Sensitive Groups,2,13.5,88,0.0,3.0,123,1007.4,100,49.8,49.9,541.0,31.7,3.0,28.0
2026-01-25 01:00:00,2026,1,25,1,Thái Nguyên,Xã Võ Nhai,21.7551719,106.07071,107,Unhealthy for Sensitive Groups,2,12.8,91,0.0,2.7,118,1007.1,100,49.4,49.5,557.0,32.1,3.0,29.1
2026-01-25 02:00:00,2026,1,25,2,Thái Nguyên,Xã Võ Nhai,21.7551719,106.07071,108,Unhealthy for Sensitive Groups,2,12.8,93,0.0,4.4,117,1006.2,100,49.1,49.2,566.0,33.0,3.0,30.5
2026-01-25 03:00:00,2026,1,25,3,Thái Nguyên,Xã Võ Nhai,21.7551719,106.07071,109,Unhealthy for Sensitive Groups,2,12.8,95,0.0,4.4,122,1005.6,100,49.9,50.1,572.0,34.1,2.0,32.1
2026-01-25 04:00:00,2026,1,25,4,Thái Nguyên,Xã Võ Nhai,21.7551719,106.07071,111,Unhealthy for Sensitive Groups,2,12.9,96,0.0,4.3,105,1005.3,100,50.8,50.9,573.0,34.9,2.0,33.2
2026-01-25 05:00:00,2026,1,25,5,Thái Nguyên,Xã Võ Nhai,21.7551719,106.07071,112,Unhealthy for Sensitive Groups,2,13.1,96,0.0,4.3,107,1005.2,100,51.5,51.6,570.0,35.2,2.0,33.3
2026-01-25 06:00:00,2026,1,25,6,Thái Nguyên,Xã Võ Nhai,21.7551719,106.07071,115,Unhealthy for Sensitive Groups,2,13.3,97,0.1,3.2,93,1005.7,100,52.6,52.7,562.0,35.3,2.0,32.9
2026-01-25 07:00:00,2026,1,25,7,Thái Nguyên,Xã Võ Nhai,21.7551719,106.07071,116,Unhealthy for Sensitive Groups,2,13.6,96,0.1,3.9,112,1006.7,100,46.9,47.0,548.0,34.2,4.0,27.8
2026-01-25 08:00:00,2026,1,25,8,Thái Nguyên,Xã Võ Nhai,21.7551719,106.07071,118,Unhealthy for Sensitive Groups,2,14.3,95,0.0,5.1,144,1007.4,100,46.6,46.6,524.0,33.1,9.0,28.6
2026-01-25 09:00:00,2026,1,25,9,Thái Nguyên,Xã Võ Nhai,21.7551719,106.07071,120,Unhealthy for Sensitive Groups,2,15.5,92,0.0,8.0,162,1008.1,100,41.2,41.3,495.0,31.5,17.0,29.7
2026-01-25 10:00:00,2026,1,25,10,Thái Nguyên,Xã Võ Nhai,21.7551719,106.07071,121,Unhealthy for Sensitive Groups,2,17.3,86,0.0,10.2,172,1008.1,100,36.8,37.1,468.0,30.3,27.0,30.9
2026-01-25 11:00:00,2026,1,25,11,Thái Nguyên,Xã Võ Nhai,21.7551719,106.07071,121,Unhealthy for Sensitive Groups,2,18.1,83,0.0,10.7,186,1007.7,100,37.0,37.4,441.0,29.5,40.0,32.1
2026-01-25 12:00:00,2026,1,25,12,Thái Nguyên,Xã Võ Nhai,21.7551719,106.07071,122,Unhealthy for Sensitive Groups,2,18.4,83,0.0,9.2,197,1006.7,100,40.6,41.0,418.0,29.0,55.0,33.4
2026-01-25 13:00:00,2026,1,25,13,Thái Nguyên,Xã Võ Nhai,21.7551719,106.07071,123,Unhealthy for Sensitive Groups,2,18.2,84,0.1,10.0,189,1006.1,100,53.3,53.7,417.0,29.1,67.0,35.0
2026-01-25 14:00:00,2026,1,25,14,Thái Nguyên,Xã Võ Nhai,21.7551719,106.07071,125,Unhealthy for Sensitive Groups,2,18.2,85,0.0,9.2,191,1005.5,100,50.8,51.1,458.0,29.8,76.0,37.5
2026-01-25 15:00:00,2026,1,25,15,Thái Nguyên,Xã Võ Nhai,21.7551719,106.07071,127,Unhealthy for Sensitive Groups,2,18.6,83,0.0,8.9,199,1005.1,100,53.7,53.9,522.0,31.1,82.0,40.3
2026-01-25 16:00:00,2026,1,25,16,Thái Nguyên,Xã Võ Nhai,21.7551719,106.07071,129,Unhealthy for Sensitive Groups,2,18.4,85,0.0,4.3,197,1005.2,98,51.1,51.3,571.0,33.2,82.0,41.8
2026-01-25 17:00:00,2026,1,25,17,Thái Nguyên,Xã Võ Nhai,21.7551719,106.07071,130,Unhealthy for Sensitive Groups,2,18.2,87,0.0,4.5,67,1005.3,88,50.2,50.4,597.0,37.4,73.0,41.2
2026-01-25 18:00:00,2026,1,25,18,Thái Nguyên,Xã Võ Nhai,21.7551719,106.07071,132,Unhealthy for Sensitive Groups,2,16.6,94,0.0,4.3,57,1005.6,96,63.8,64.0,608.0,42.6,59.0,39.2
2026-01-25 19:00:00,2026,1,25,19,Thái Nguyên,Xã Võ Nhai,21.7551719,106.07071,134,Unhealthy for Sensitive Groups,2,16.3,96,0.0,5.6,42,1006.0,87,63.8,64.3,589.0,38.8,48.0,28.7
2026-01-25 20:00:00,2026,1,25,20,Thái Nguyên,Xã Võ Nhai,21.7551719,106.07071,136,Unhealthy for Sensitive Groups,2,15.9,97,0.0,6.0,53,1006.7,53,63.8,64.5,516.0,36.3,48.0,26.0
2026-01-25 21:00:00,2026,1,25,21,Thái Nguyên,Xã Võ Nhai,21.7551719,106.07071,137,Unhealthy for Sensitive Groups,2,16.5,97,0.0,7.9,106,1007.3,100,58.1,58.9,414.0,32.9,48.0,22.2
2026-01-25 22:00:00,2026,1,25,22,Thái Nguyên,Xã Võ Nhai,21.7551719,106.07071,138,Unhealthy for Sensitive Groups,2,17.4,99,0.0,8.1,129,1007.6,78,49.2,50.3,335.0,30.0,47.0,18.9
2026-01-25 23:00:00,2026,1,25,23,Thái Nguyên,Xã Võ Nhai,21.7551719,106.07071,137,Unhealthy for Sensitive Groups,2,16.3,100,0.0,4.2,121,1007.4,100,41.0,43.2,306.0,28.2,45.0,16.5
2026-01-26 00:00:00,2026,1,26,0,Thái Nguyên,Xã Võ Nhai,21.7551719,106.07071,136,Unhealthy for Sensitive Groups,2,16.9,99,0.0,4.1,131,1007.3,100,34.9,38.2,301.0,27.0,43.0,14.5
2026-01-26 01:00:00,2026,1,26,1,Thái Nguyên,Xã Võ Nhai,21.7551719,106.07071,135,Unhealthy for Sensitive Groups,2,16.7,100,0.0,3.6,127,1007.3,100,34.9,38.8,297.0,25.9,40.0,13.1
2026-01-26 02:00:00,2026,1,26,2,Thái Nguyên,Xã Võ Nhai,21.7551719,106.07071,133,Unhealthy for Sensitive Groups,2,16.7,100,0.0,3.3,103,1007.0,100,36.7,41.1,285.0,24.9,37.0,12.3
2026-01-26 03:00:00,2026,1,26,3,Thái Nguyên,Xã Võ Nhai,21.7551719,106.07071,132,Unhealthy for Sensitive Groups,2,16.9,99,0.0,3.5,75,1006.9,100,38.2,42.8,274.0,24.1,34.0,12.0
2026-01-26 04:00:00,2026,1,26,4,Thái Nguyên,Xã Võ Nhai,21.7551719,106.07071,131,Unhealthy for Sensitive Groups,2,17.1,99,0.1,1.0,45,1006.8,100,38.0,42.7,271.0,23.3,33.0,12.1
2026-01-26 05:00:00,2026,1,26,5,Thái Nguyên,Xã Võ Nhai,21.7551719,106.07071,129,Unhealthy for Sensitive Groups,2,17.2,99,0.2,0.9,217,1007.1,100,37.1,42.1,283.0,22.6,34.0,12.6
2026-01-26 06:00:00,2026,1,26,6,Thái Nguyên,Xã Võ Nhai,21.7551719,106.07071,128,Unhealthy for Sensitive Groups,2,17.0,99,0.2,1.7,131,1007.8,100,34.3,38.4,302.0,21.9,38.0,13.5
2026-01-26 07:00:00,2026,1,26,7,Thái Nguyên,Xã Võ Nhai,21.7551719,106.07071,126,Unhealthy for Sensitive Groups,2,17.0,100,0.2,1.9,124,1008.6,100,31.7,32.6,314.0,22.9,38.0,15.9
2026-01-26 08:00:00,2026,1,26,8,Thái Nguyên,Xã Võ Nhai,21.7551719,106.07071,124,Unhealthy for Sensitive Groups,2,17.3,100,0.8,5.8,120,1009.7,100,27.9,28.8,310.0,22.0,44.0,17.3
2026-01-26 09:00:00,2026,1,26,9,Thái Nguyên,Xã Võ Nhai,21.7551719,106.07071,123,Unhealthy for Sensitive Groups,2,17.6,99,0.2,5.2,112,1010.6,100,23.1,24.2,298.0,20.7,53.0,19.1
2026-01-26 10:00:00,2026,1,26,10,Thái Nguyên,Xã Võ Nhai,21.7551719,106.07071,121,Unhealthy for Sensitive Groups,2,17.9,98,0.0,5.4,120,1010.8,100,19.2,20.5,287.0,19.1,61.0,19.6
2026-01-26 11:00:00,2026,1,26,11,Thái Nguyên,Xã Võ Nhai,21.7551719,106.07071,119,Unhealthy for Sensitive Groups,2,18.7,96,0.1,4.4,122,1010.5,100,16.9,18.2,280.0,16.9,68.0,17.5
2026-01-26 12:00:00,2026,1,26,12,Thái Nguyên,Xã Võ Nhai,21.7551719,106.07071,117,Unhealthy for Sensitive Groups,2,19.5,91,0.1,3.4,180,1009.3,100,12.4,13.3,274.0,14.5,75.0,14.2
2026-01-26 13:00:00,2026,1,26,13,Thái Nguyên,Xã Võ Nhai,21.7551719,106.07071,114,Unhealthy for Sensitive Groups,2,20.4,86,0.1,5.6,211,1008.4,76,15.9,16.7,268.0,12.8,81.0,11.7
2026-01-26 14:00:00,2026,1,26,14,Thái Nguyên,Xã Võ Nhai,21.7551719,106.07071,110,Unhealthy for Sensitive Groups,2,22.0,75,0.0,6.9,203,1007.2,38,18.9,19.7,259.0,11.7,89.0,10.9
2026-01-26 15:00:00,2026,1,26,15,Thái Nguyên,Xã Võ Nhai,21.7551719,106.07071,107,Unhealthy for Sensitive Groups,2,21.6,77,0.1,7.1,195,1006.6,59,18.7,19.3,251.0,11.2,97.0,10.9
2026-01-26 16:00:00,2026,1,26,16,Thái Nguyên,Xã Võ Nhai,21.7551719,106.07071,103,Unhealthy for Sensitive Groups,2,21.6,75,0.1,5.4,186,1006.6,41,18.8,19.4,253.0,13.0,99.0,11.8
2026-01-26 17:00:00,2026,1,26,17,Thái Nguyên,Xã Võ Nhai,21.7551719,106.07071,100,Moderate,1,20.6,81,0.0,6.1,161,1006.9,37,22.2,22.8,274.0,19.1,91.0,14.0
2026-01-26 18:00:00,2026,1,26,18,Thái Nguyên,Xã Võ Nhai,21.7551719,106.07071,97,Moderate,1,18.5,92,0.0,4.2,137,1007.3,29,31.2,31.9,305.0,27.4,77.0,17.1
2026-01-26 19:00:00,2026,1,26,19,Thái Nguyên,Xã Võ Nhai,21.7551719,106.07071,94,Moderate,1,18.9,92,0.0,3.6,174,1007.9,32,42.5,43.0,325.0,31.0,64.0,17.1
2026-01-26 20:00:00,2026,1,26,20,Thái Nguyên,Xã Võ Nhai,21.7551719,106.07071,92,Moderate,1,18.2,94,0.0,5.3,128,1008.3,29,53.9,54.4,311.0,34.9,58.0,19.5
2026-01-26 21:00:00,2026,1,26,21,Thái Nguyên,Xã Võ Nhai,21.7551719,106.07071,91,Moderate,1,17.4,97,0.0,5.4,105,1008.6,19,62.9,63.3,286.0,40.1,50.0,22.6
2026-01-26 22:00:00,2026,1,26,22,Thái Nguyên,Xã Võ Nhai,21.7551719,106.07071,92,Moderate,1,17.2,97,0.0,4.4,60,1008.7,19,64.7,65.4,304.0,43.0,44.0,24.5
2026-01-26 23:00:00,2026,1,26,23,Thái Nguyên,Xã Võ Nhai,21.7551719,106.07071,93,Moderate,1,16.9,97,0.0,5.5,41,1008.4,30,64.3,65.0,410.0,41.8,41.0,24.0
2026-01-27 00:00:00,2026,1,27,0,Thái Nguyên,Xã Võ Nhai,21.7551719,106.07071,95,Moderate,1,16.8,96,0.2,6.8,35,1008.3,82,63.8,64.5,559.0,38.2,40.0,22.2
2026-01-27 01:00:00,2026,1,27,1,Thái Nguyên,Xã Võ Nhai,21.7551719,106.07071,98,Moderate,1,17.2,91,0.4,8.0,28,1008.0,80,58.8,59.5,670.0,33.6,39.0,19.9
2026-01-27 02:00:00,2026,1,27,2,Thái Nguyên,Xã Võ Nhai,21.7551719,106.07071,100,Moderate,1,16.8,98,0.2,8.7,18,1007.9,62,48.9,49.6,703.0,27.7,38.0,16.8
2026-01-27 03:00:00,2026,1,27,3,Thái Nguyên,Xã Võ Nhai,21.7551719,106.07071,101,Unhealthy for Sensitive Groups,2,16.4,99,0.1,8.9,18,1008.0,95,40.4,41.0,699.0,20.8,37.0,13.1
2026-01-27 04:00:00,2026,1,27,4,Thái Nguyên,Xã Võ Nhai,21.7551719,106.07071,102,Unhealthy for Sensitive Groups,2,16.3,97,0.1,11.0,24,1007.9,65,32.8,33.3,699.0,15.7,35.0,10.6
2026-01-27 05:00:00,2026,1,27,5,Thái Nguyên,Xã Võ Nhai,21.7551719,106.07071,101,Unhealthy for Sensitive Groups,2,15.8,97,0.0,11.4,27,1008.0,61,26.9,27.1,730.0,14.0,30.0,9.6
2026-01-27 06:00:00,2026,1,27,6,Thái Nguyên,Xã Võ Nhai,21.7551719,106.07071,100,Moderate,1,15.4,99,0.0,10.5,27,1008.6,47,23.9,24.0,765.0,14.2,23.0,9.8
2026-01-27 07:00:00,2026,1,27,7,Thái Nguyên,Xã Võ Nhai,21.7551719,106.07071,99,Moderate,1,14.9,99,0.0,9.4,40,1009.1,41,41.2,41.8,764.0,16.1,25.0,11.0
2026-01-27 08:00:00,2026,1,27,8,Thái Nguyên,Xã Võ Nhai,21.7551719,106.07071,100,Moderate,1,16.1,96,0.0,10.7,35,1010.2,39,35.6,35.9,701.0,14.8,28.0,14.9
2026-01-27 09:00:00,2026,1,27,9,Thái Nguyên,Xã Võ Nhai,21.7551719,106.07071,101,Unhealthy for Sensitive Groups,2,18.2,86,0.0,10.3,40,1011.0,30,29.1,29.4,601.0,13.0,32.0,20.3
2026-01-27 10:00:00,2026,1,27,10,Thái Nguyên,Xã Võ Nhai,21.7551719,106.07071,101,Unhealthy for Sensitive Groups,2,20.4,75,0.0,8.1,72,1011.1,53,28.1,28.5,503.0,11.7,39.0,24.8
2026-01-27 11:00:00,2026,1,27,11,Thái Nguyên,Xã Võ Nhai,21.7551719,106.07071,102,Unhealthy for Sensitive Groups,2,21.6,68,0.1,4.8,119,1010.5,97,28.0,28.6,411.0,11.6,50.0,27.9
2026-01-27 12:00:00,2026,1,27,12,Thái Nguyên,Xã Võ Nhai,21.7551719,106.07071,103,Unhealthy for Sensitive Groups,2,22.8,63,0.1,5.8,166,1009.2,99,29.2,30.3,320.0,11.9,63.0,30.1
2026-01-27 13:00:00,2026,1,27,13,Thái Nguyên,Xã Võ Nhai,21.7551719,106.07071,105,Unhealthy for Sensitive Groups,2,22.7,65,0.0,7.5,169,1008.4,100,31.8,33.2,258.0,12.0,75.0,30.1
2026-01-27 14:00:00,2026,1,27,14,Thái Nguyên,Xã Võ Nhai,21.7551719,106.07071,107,Unhealthy for Sensitive Groups,2,22.7,64,0.0,6.6,171,1007.6,100,32.5,34.1,236.0,10.4,85.0,26.2
2026-01-27 15:00:00,2026,1,27,15,Thái Nguyên,Xã Võ Nhai,21.7551719,106.07071,108,Unhealthy for Sensitive Groups,2,23.0,62,0.0,4.8,151,1007.4,100,32.8,34.3,243.0,8.5,93.0,20.2
2026-01-27 16:00:00,2026,1,27,16,Thái Nguyên,Xã Võ Nhai,21.7551719,106.07071,110,Unhealthy for Sensitive Groups,2,22.6,62,0.0,4.2,102,1007.5,100,32.9,34.5,268.0,9.4,94.0,16.1
2026-01-27 17:00:00,2026,1,27,17,Thái Nguyên,Xã Võ Nhai,21.7551719,106.07071,111,Unhealthy for Sensitive Groups,2,21.7,72,0.0,2.4,42,1007.9,99,35.4,36.9,323.0,15.7,84.0,16.2
2026-01-27 18:00:00,2026,1,27,18,Thái Nguyên,Xã Võ Nhai,21.7551719,106.07071,112,Unhealthy for Sensitive Groups,2,20.3,73,0.0,4.2,353,1008.2,95,54.9,56.3,396.0,24.9,68.0,18.2
2026-01-27 19:00:00,2026,1,27,19,Thái Nguyên,Xã Võ Nhai,21.7551719,106.07071,115,Unhealthy for Sensitive Groups,2,18.7,88,0.0,5.2,360,1008.8,48,64.5,65.9,444.0,34.4,44.0,24.3
2026-01-27 20:00:00,2026,1,27,20,Thái Nguyên,Xã Võ Nhai,21.7551719,106.07071,117,Unhealthy for Sensitive Groups,2,18.6,86,0.0,8.8,23,1009.5,26,71.7,72.9,438.0,36.2,37.0,23.7
2026-01-27 21:00:00,2026,1,27,21,Thái Nguyên,Xã Võ Nhai,21.7551719,106.07071,119,Unhealthy for Sensitive Groups,2,18.1,85,0.0,9.3,34,1010.2,59,75.9,77.1,406.0,38.3,27.0,22.9
2026-01-27 22:00:00,2026,1,27,22,Thái Nguyên,Xã Võ Nhai,21.7551719,106.07071,120,Unhealthy for Sensitive Groups,2,17.7,85,0.0,12.0,44,1010.3,95,76.4,77.5,391.0,37.4,22.0,22.1
2026-01-27 23:00:00,2026,1,27,23,Thái Nguyên,Xã Võ Nhai,21.7551719,106.07071,122,Unhealthy for Sensitive Groups,2,17.3,84,0.0,13.7,38,1010.3,11,67.8,68.9,414.0,31.0,28.0,21.6
2026-01-28 00:00:00,2026,1,28,0,Thái Nguyên,Xã Võ Nhai,21.7551719,106.07071,122,Unhealthy for Sensitive Groups,2,15.8,87,0.0,14.2,36,1010.3,5,51.1,51.9,455.0,21.6,39.0,21.1
2026-01-28 01:00:00,2026,1,28,1,Thái Nguyên,Xã Võ Nhai,21.7551719,106.07071,121,Unhealthy for Sensitive Groups,2,15.8,91,0.0,12.7,32,1009.8,21,39.3,39.9,492.0,13.9,48.0,20.0
2026-01-28 02:00:00,2026,1,28,2,Thái Nguyên,Xã Võ Nhai,21.7551719,106.07071,119,Unhealthy for Sensitive Groups,2,15.5,90,0.0,12.9,28,1009.3,6,30.2,30.6,517.0,9.5,51.0,17.5
2026-01-28 03:00:00,2026,1,28,3,Thái Nguyên,Xã Võ Nhai,21.7551719,106.07071,117,Unhealthy for Sensitive Groups,2,15.3,89,0.0,13.6,30,1009.2,5,25.5,25.7,539.0,6.8,52.0,14.3
2026-01-28 04:00:00,2026,1,28,4,Thái Nguyên,Xã Võ Nhai,21.7551719,106.07071,115,Unhealthy for Sensitive Groups,2,14.8,90,0.0,14.6,29,1009.1,4,23.3,23.5,565.0,5.6,51.0,12.1
2026-01-28 05:00:00,2026,1,28,5,Thái Nguyên,Xã Võ Nhai,21.7551719,106.07071,114,Unhealthy for Sensitive Groups,2,14.4,91,0.0,15.9,29,1009.3,14,21.7,21.8,606.0,6.4,46.0,11.5
2026-01-28 06:00:00,2026,1,28,6,Thái Nguyên,Xã Võ Nhai,21.7551719,106.07071,114,Unhealthy for Sensitive Groups,2,14.1,90,0.0,16.1,29,1009.9,52,21.2,21.2,650.0,8.8,40.0,12.0
2026-01-28 07:00:00,2026,1,28,7,Thái Nguyên,Xã Võ Nhai,21.7551719,106.07071,113,Unhealthy for Sensitive Groups,2,14.3,87,0.0,14.3,29,1010.5,100,22.9,22.9,676.0,9.9,34.0,11.9
2026-01-28 08:00:00,2026,1,28,8,Thái Nguyên,Xã Võ Nhai,21.7551719,106.07071,111,Unhealthy for Sensitive Groups,2,15.5,81,0.0,13.4,31,1011.2,30,20.0,20.1,676.0,10.3,36.0,14.0
2026-01-28 09:00:00,2026,1,28,9,Thái Nguyên,Xã Võ Nhai,21.7551719,106.07071,110,Unhealthy for Sensitive Groups,2,17.6,73,0.0,12.2,36,1011.5,56,19.7,19.7,656.0,10.8,39.0,17.0
2026-01-28 10:00:00,2026,1,28,10,Thái Nguyên,Xã Võ Nhai,21.7551719,106.07071,109,Unhealthy for Sensitive Groups,2,19.3,68,0.0,9.8,47,1011.4,84,21.1,21.2,615.0,10.8,49.0,19.5
2026-01-28 11:00:00,2026,1,28,11,Thái Nguyên,Xã Võ Nhai,21.7551719,106.07071,108,Unhealthy for Sensitive Groups,2,20.9,63,0.0,7.0,69,1010.5,84,23.7,23.8,533.0,9.7,70.0,21.5
2026-01-28 12:00:00,2026,1,28,12,Thái Nguyên,Xã Võ Nhai,21.7551719,106.07071,108,Unhealthy for Sensitive Groups,2,22.8,60,0.0,7.2,168,1008.9,100,28.1,28.3,429.0,8.0,97.0,23.2
2026-01-28 13:00:00,2026,1,28,13,Thái Nguyên,Xã Võ Nhai,21.7551719,106.07071,108,Unhealthy for Sensitive Groups,2,22.5,61,0.0,12.1,183,1008.0,100,31.1,31.3,362.0,6.9,119.0,23.5
2026-01-28 14:00:00,2026,1,28,14,Thái Nguyên,Xã Võ Nhai,21.7551719,106.07071,107,Unhealthy for Sensitive Groups,2,22.0,64,0.0,10.5,177,1007.2,75,29.7,29.8,365.0,6.3,133.0,21.2
2026-01-28 15:00:00,2026,1,28,15,Thái Nguyên,Xã Võ Nhai,21.7551719,106.07071,107,Unhealthy for Sensitive Groups,2,22.6,61,0.0,11.9,179,1006.4,80,31.1,31.2,404.0,6.3,141.0,17.6
2026-01-28 16:00:00,2026,1,28,16,Thái Nguyên,Xã Võ Nhai,21.7551719,106.07071,107,Unhealthy for Sensitive Groups,2,21.8,66,0.0,10.8,175,1006.0,31,34.0,34.2,437.0,7.9,142.0,15.4
2026-01-28 17:00:00,2026,1,28,17,Thái Nguyên,Xã Võ Nhai,21.7551719,106.07071,107,Unhealthy for Sensitive Groups,2,21.3,70,0.0,5.3,156,1005.9,40,38.1,38.2,443.0,12.6,131.0,16.0
2026-01-28 18:00:00,2026,1,28,18,Thái Nguyên,Xã Võ Nhai,21.7551719,106.07071,107,Unhealthy for Sensitive Groups,2,19.4,77,0.0,6.2,147,1005.7,49,48.0,48.1,442.0,19.0,113.0,18.0
2026-01-28 19:00:00,2026,1,28,19,Thái Nguyên,Xã Võ Nhai,21.7551719,106.07071,107,Unhealthy for Sensitive Groups,2,19.3,78,0.0,12.4,158,1006.3,32,59.8,60.1,451.0,22.5,94.0,19.4
2026-01-28 20:00:00,2026,1,28,20,Thái Nguyên,Xã Võ Nhai,21.7551719,106.07071,106,Unhealthy for Sensitive Groups,2,18.3,79,0.0,11.6,143,1006.9,1,57.5,57.6,484.0,23.3,87.0,21.4
2026-01-28 21:00:00,2026,1,28,21,Thái Nguyên,Xã Võ Nhai,21.7551719,106.07071,105,Unhealthy for Sensitive Groups,2,16.9,85,0.0,9.0,134,1007.3,0,55.5,55.6,527.0,24.4,77.0,24.2
2026-01-28 22:00:00,2026,1,28,22,Thái Nguyên,Xã Võ Nhai,21.7551719,106.07071,103,Unhealthy for Sensitive Groups,2,16.0,90,0.0,6.9,137,1007.3,2,57.6,57.7,552.0,25.5,69.0,26.4
2026-01-28 23:00:00,2026,1,28,23,Thái Nguyên,Xã Võ Nhai,21.7551719,106.07071,101,Unhealthy for Sensitive Groups,2,15.7,90,0.0,5.1,129,1007.1,2,61.9,62.2,542.0,26.6,63.0,27.4
2026-01-29 00:00:00,2026,1,29,0,Thái Nguyên,Xã Võ Nhai,21.7551719,106.07071,100,Moderate,1,15.0,91,0.0,4.5,143,1006.8,2,65.2,65.4,513.0,27.6,58.0,27.9
2026-01-29 01:00:00,2026,1,29,1,Thái Nguyên,Xã Võ Nhai,21.7551719,106.07071,101,Unhealthy for Sensitive Groups,2,14.6,94,0.0,4.2,149,1006.5,1,66.6,66.8,492.0,27.7,55.0,28.0
2026-01-29 02:00:00,2026,1,29,2,Thái Nguyên,Xã Võ Nhai,21.7551719,106.07071,104,Unhealthy for Sensitive Groups,2,14.4,96,0.0,4.5,146,1006.1,5,66.6,66.8,483.0,26.4,55.0,27.7
2026-01-29 03:00:00,2026,1,29,3,Thái Nguyên,Xã Võ Nhai,21.7551719,106.07071,108,Unhealthy for Sensitive Groups,2,14.1,97,0.0,5.0,131,1005.6,21,65.4,65.9,481.0,24.3,57.0,27.1
2026-01-29 04:00:00,2026,1,29,4,Thái Nguyên,Xã Võ Nhai,21.7551719,106.07071,112,Unhealthy for Sensitive Groups,2,14.1,97,0.0,5.0,120,1005.4,100,63.8,64.3,494.0,22.4,60.0,26.5
2026-01-29 05:00:00,2026,1,29,5,Thái Nguyên,Xã Võ Nhai,21.7551719,106.07071,116,Unhealthy for Sensitive Groups,2,14.4,97,0.0,6.7,109,1005.4,100,62.4,62.9,537.0,21.2,63.0,25.8
2026-01-29 06:00:00,2026,1,29,6,Thái Nguyên,Xã Võ Nhai,21.7551719,106.07071,121,Unhealthy for Sensitive Groups,2,15.6,94,0.0,7.2,125,1005.8,100,61.2,61.9,596.0,20.3,66.0,25.1
2026-01-29 07:00:00,2026,1,29,7,Thái Nguyên,Xã Võ Nhai,21.7551719,106.07071,125,Unhealthy for Sensitive Groups,2,15.7,95,0.0,8.0,130,1006.7,100,67.1,68.0,636.0,19.9,68.0,23.6
2026-01-29 08:00:00,2026,1,29,8,Thái Nguyên,Xã Võ Nhai,21.7551719,106.07071,130,Unhealthy for Sensitive Groups,2,17.1,91,0.0,10.1,153,1007.6,100,64.3,65.4,639.0,20.7,73.0,24.6
2026-01-29 09:00:00,2026,1,29,9,Thái Nguyên,Xã Võ Nhai,21.7551719,106.07071,134,Unhealthy for Sensitive Groups,2,17.9,90,0.0,11.1,166,1008.2,100,60.1,61.0,623.0,21.7,80.0,26.0
2026-01-29 10:00:00,2026,1,29,10,Thái Nguyên,Xã Võ Nhai,21.7551719,106.07071,138,Unhealthy for Sensitive Groups,2,18.8,87,0.0,11.7,167,1008.1,100,52.0,53.1,604.0,22.0,86.0,26.8
2026-01-29 11:00:00,2026,1,29,11,Thái Nguyên,Xã Võ Nhai,21.7551719,106.07071,142,Unhealthy for Sensitive Groups,2,19.3,87,0.0,11.0,162,1007.5,100,46.9,47.6,588.0,20.9,90.0,26.7
2026-01-29 12:00:00,2026,1,29,12,Thái Nguyên,Xã Võ Nhai,21.7551719,106.07071,144,Unhealthy for Sensitive Groups,2,19.8,86,0.2,12.8,170,1006.4,100,43.4,44.2,569.0,19.2,94.0,26.2
2026-01-29 13:00:00,2026,1,29,13,Thái Nguyên,Xã Võ Nhai,21.7551719,106.07071,146,Unhealthy for Sensitive Groups,2,20.9,79,0.2,14.2,183,1005.1,100,44.6,45.6,543.0,17.5,97.0,25.3
2026-01-29 14:00:00,2026,1,29,14,Thái Nguyên,Xã Võ Nhai,21.7551719,106.07071,147,Unhealthy for Sensitive Groups,2,21.5,76,0.3,15.3,189,1004.1,100,44.5,45.5,506.0,15.8,101.0,24.1
2026-01-29 15:00:00,2026,1,29,15,Thái Nguyên,Xã Võ Nhai,21.7551719,106.07071,148,Unhealthy for Sensitive Groups,2,22.2,72,0.2,15.7,186,1003.6,100,41.3,42.4,463.0,14.3,105.0,22.5
2026-01-29 16:00:00,2026,1,29,16,Thái Nguyên,Xã Võ Nhai,21.7551719,106.07071,150,Unhealthy for Sensitive Groups,2,22.6,69,0.0,11.6,174,1003.4,23,39.7,40.7,426.0,14.2,104.0,21.2
2026-01-29 17:00:00,2026,1,29,17,Thái Nguyên,Xã Võ Nhai,21.7551719,106.07071,150,Unhealthy for Sensitive Groups,2,22.0,74,0.0,6.4,170,1003.5,27,38.1,39.0,398.0,17.2,94.0,20.5
2026-01-29 18:00:00,2026,1,29,18,Thái Nguyên,Xã Võ Nhai,21.7551719,106.07071,150,Unhealthy for Sensitive Groups,2,20.0,82,0.0,6.7,153,1003.2,55,37.3,38.1,375.0,21.7,80.0,19.9
2026-01-29 19:00:00,2026,1,29,19,Thái Nguyên,Xã Võ Nhai,21.7551719,106.07071,149,Unhealthy for Sensitive Groups,2,19.3,89,0.0,8.6,147,1004.0,46,42.3,43.2,358.0,24.9,73.0,19.6
2026-01-29 20:00:00,2026,1,29,20,Thái Nguyên,Xã Võ Nhai,21.7551719,106.07071,147,Unhealthy for Sensitive Groups,2,19.1,96,0.3,13.8,144,1004.7,81,35.0,35.7,346.0,23.6,71.0,18.2
2026-01-29 21:00:00,2026,1,29,21,Thái Nguyên,Xã Võ Nhai,21.7551719,106.07071,145,Unhealthy for Sensitive Groups,2,18.8,98,0.2,13.9,153,1005.5,94,28.3,29.2,340.0,21.9,68.0,16.4
2026-01-29 22:00:00,2026,1,29,22,Thái Nguyên,Xã Võ Nhai,21.7551719,106.07071,142,Unhealthy for Sensitive Groups,2,18.7,99,0.0,13.1,157,1005.9,100,27.0,28.0,336.0,20.4,66.0,15.1
2026-01-29 23:00:00,2026,1,29,23,Thái Nguyên,Xã Võ Nhai,21.7551719,106.07071,139,Unhealthy for Sensitive Groups,2,18.7,100,0.0,10.7,157,1005.9,100,28.2,29.6,336.0,19.5,65.0,15.1
2026-01-30 00:00:00,2026,1,30,0,Thái Nguyên,Xã Võ Nhai,21.7551719,106.07071,135,Unhealthy for Sensitive Groups,2,18.7,100,0.0,9.8,157,1005.7,100,30.3,31.9,338.0,18.8,64.0,15.6
2026-01-30 01:00:00,2026,1,30,1,Thái Nguyên,Xã Võ Nhai,21.7551719,106.07071,132,Unhealthy for Sensitive Groups,2,18.8,100,0.0,9.5,153,1005.3,100,32.0,33.9,341.0,18.4,62.0,16.2
2026-01-30 02:00:00,2026,1,30,2,Thái Nguyên,Xã Võ Nhai,21.7551719,106.07071,128,Unhealthy for Sensitive Groups,2,18.8,100,0.0,9.4,151,1004.8,100,33.5,35.5,343.0,18.1,59.0,16.6
2026-01-30 03:00:00,2026,1,30,3,Thái Nguyên,Xã Võ Nhai,21.7551719,106.07071,125,Unhealthy for Sensitive Groups,2,18.8,100,0.0,8.1,143,1004.6,100,34.1,36.2,346.0,18.0,55.0,16.9
2026-01-30 04:00:00,2026,1,30,4,Thái Nguyên,Xã Võ Nhai,21.7551719,106.07071,121,Unhealthy for Sensitive Groups,2,18.7,100,0.0,7.8,138,1005.0,100,33.8,35.9,350.0,18.3,51.0,17.2
2026-01-30 05:00:00,2026,1,30,5,Thái Nguyên,Xã Võ Nhai,21.7551719,106.07071,118,Unhealthy for Sensitive Groups,2,18.7,100,0.1,8.2,130,1005.3,100,32.7,34.8,358.0,19.2,47.0,17.2
2026-01-30 06:00:00,2026,1,30,6,Thái Nguyên,Xã Võ Nhai,21.7551719,106.07071,115,Unhealthy for Sensitive Groups,2,18.6,100,0.2,8.7,127,1005.9,100,33.4,35.4,368.0,20.5,44.0,17.1
2026-01-30 07:00:00,2026,1,30,7,Thái Nguyên,Xã Võ Nhai,21.7551719,106.07071,112,Unhealthy for Sensitive Groups,2,19.1,99,0.2,12.6,138,1007.0,100,36.9,38.5,369.0,20.0,41.0,16.0
2026-01-30 08:00:00,2026,1,30,8,Thái Nguyên,Xã Võ Nhai,21.7551719,106.07071,109,Unhealthy for Sensitive Groups,2,19.4,99,0.1,13.2,140,1007.9,99,33.8,35.6,354.0,18.6,49.0,16.0
2026-01-30 09:00:00,2026,1,30,9,Thái Nguyên,Xã Võ Nhai,21.7551719,106.07071,106,Unhealthy for Sensitive Groups,2,20.0,98,0.3,13.7,155,1008.7,95,26.9,29.0,330.0,16.6,60.0,16.0
2026-01-30 10:00:00,2026,1,30,10,Thái Nguyên,Xã Võ Nhai,21.7551719,106.07071,102,Unhealthy for Sensitive Groups,2,21.2,91,0.1,15.1,155,1009.1,96,23.4,25.3,310.0,14.7,71.0,16.0
2026-01-30 11:00:00,2026,1,30,11,Thái Nguyên,Xã Võ Nhai,21.7551719,106.07071,100,Moderate,1,22.6,79,0.1,15.3,165,1008.4,53,20.3,22.2,297.0,13.1,83.0,16.2
2026-01-30 12:00:00,2026,1,30,12,Thái Nguyên,Xã Võ Nhai,21.7551719,106.07071,97,Moderate,1,22.8,79,0.5,14.8,171,1007.1,73,21.6,23.8,287.0,11.7,95.0,16.5
2026-01-30 13:00:00,2026,1,30,13,Thái Nguyên,Xã Võ Nhai,21.7551719,106.07071,95,Moderate,1,23.4,72,0.7,13.5,176,1006.1,80,22.8,25.0,279.0,10.7,104.0,16.6
2026-01-30 14:00:00,2026,1,30,14,Thái Nguyên,Xã Võ Nhai,21.7551719,106.07071,93,Moderate,1,23.8,74,0.2,14.5,174,1005.0,27,24.2,26.2,273.0,10.1,110.0,16.5
2026-01-30 15:00:00,2026,1,30,15,Thái Nguyên,Xã Võ Nhai,21.7551719,106.07071,92,Moderate,1,23.5,76,0.2,12.4,172,1004.5,42,25.0,26.8,270.0,9.9,113.0,16.2
2026-01-30 16:00:00,2026,1,30,16,Thái Nguyên,Xã Võ Nhai,21.7551719,106.07071,90,Moderate,1,22.9,79,0.3,12.4,167,1004.5,53,24.9,26.6,271.0,10.9,111.0,15.7
2026-01-30 17:00:00,2026,1,30,17,Thái Nguyên,Xã Võ Nhai,21.7551719,106.07071,89,Moderate,1,21.7,85,0.2,12.1,157,1005.0,95,25.2,27.0,279.0,13.8,100.0,14.9
2026-01-30 18:00:00,2026,1,30,18,Thái Nguyên,Xã Võ Nhai,21.7551719,106.07071,88,Moderate,1,20.7,89,0.0,8.7,146,1005.4,100,28.7,30.4,292.0,17.9,84.0,13.9
2026-01-30 19:00:00,2026,1,30,19,Thái Nguyên,Xã Võ Nhai,21.7551719,106.07071,87,Moderate,1,19.6,95,0.0,7.9,107,1006.1,29,36.9,39.1,302.0,22.4,74.0,15.4
2026-01-30 20:00:00,2026,1,30,20,Thái Nguyên,Xã Võ Nhai,21.7551719,106.07071,86,Moderate,1,19.3,96,0.0,8.7,107,1006.6,9,30.7,32.6,306.0,23.0,67.0,15.5
2026-01-30 21:00:00,2026,1,30,21,Thái Nguyên,Xã Võ Nhai,21.7551719,106.07071,86,Moderate,1,18.8,97,0.0,6.1,113,1007.2,13,25.2,27.9,308.0,23.9,58.0,15.7
2026-01-30 22:00:00,2026,1,30,22,Thái Nguyên,Xã Võ Nhai,21.7551719,106.07071,86,Moderate,1,18.4,97,0.0,5.4,98,1007.8,22,25.6,28.5,308.0,25.4,49.0,16.0
2026-01-30 23:00:00,2026,1,30,23,Thái Nguyên,Xã Võ Nhai,21.7551719,106.07071,86,Moderate,1,18.0,97,0.0,4.7,72,1008.1,24,30.5,33.9,303.0,28.7,41.0,16.8
2026-01-31 00:00:00,2026,1,31,0,Thái Nguyên,Xã Võ Nhai,21.7551719,106.07071,86,Moderate,1,17.6,97,0.0,4.3,42,1008.4,19,36.6,40.2,296.0,32.6,34.0,17.7
2026-01-31 01:00:00,2026,1,31,1,Thái Nguyên,Xã Võ Nhai,21.7551719,106.07071,86,Moderate,1,18.7,96,0.0,5.8,76,1007.5,34,42.4,46.3,299.0,34.2,30.0,18.3
2026-01-31 02:00:00,2026,1,31,2,Thái Nguyên,Xã Võ Nhai,21.7551719,106.07071,87,Moderate,1,18.3,96,0.0,5.9,38,1007.6,44,46.3,50.3,309.0,31.9,29.0,18.1
2026-01-31 03:00:00,2026,1,31,3,Thái Nguyên,Xã Võ Nhai,21.7551719,106.07071,88,Moderate,1,17.9,97,0.0,9.6,41,1007.8,46,47.0,51.2,329.0,27.2,31.0,17.5
2026-01-31 04:00:00,2026,1,31,4,Thái Nguyên,Xã Võ Nhai,21.7551719,106.07071,90,Moderate,1,17.8,98,0.0,17.3,39,1008.5,78,33.5,35.9,378.0,22.3,33.0,16.9
2026-01-31 05:00:00,2026,1,31,5,Thái Nguyên,Xã Võ Nhai,21.7551719,106.07071,90,Moderate,1,16.8,94,0.1,22.0,35,1009.2,100,15.9,16.2,490.0,17.1,33.0,16.5
2026-01-31 06:00:00,2026,1,31,6,Thái Nguyên,Xã Võ Nhai,21.7551719,106.07071,88,Moderate,1,16.2,88,0.0,23.2,36,1010.3,100,9.1,9.1,632.0,11.6,33.0,16.2
2026-01-31 07:00:00,2026,1,31,7,Thái Nguyên,Xã Võ Nhai,21.7551719,106.07071,86,Moderate,1,16.7,89,0.0,23.0,33,1010.7,100,7.1,7.1,723.0,6.8,36.0,15.5
2026-01-31 08:00:00,2026,1,31,8,Thái Nguyên,Xã Võ Nhai,21.7551719,106.07071,83,Moderate,1,16.3,77,0.0,23.4,35,1011.8,100,9.0,9.0,716.0,6.9,38.0,15.8
2026-01-31 09:00:00,2026,1,31,9,Thái Nguyên,Xã Võ Nhai,21.7551719,106.07071,81,Moderate,1,16.0,74,0.0,24.2,36,1012.6,100,9.5,9.5,658.0,7.0,41.0,16.2
2026-01-31 10:00:00,2026,1,31,10,Thái Nguyên,Xã Võ Nhai,21.7551719,106.07071,80,Moderate,1,16.1,72,0.0,25.7,36,1012.8,100,9.1,9.1,608.0,6.8,46.0,16.3
2026-01-31 11:00:00,2026,1,31,11,Thái Nguyên,Xã Võ Nhai,21.7551719,106.07071,78,Moderate,1,16.9,67,0.0,25.2,34,1012.5,73,8.2,8.3,589.0,6.0,56.0,16.0
2026-01-31 12:00:00,2026,1,31,12,Thái Nguyên,Xã Võ Nhai,21.7551719,106.07071,77,Moderate,1,18.5,60,0.0,23.8,33,1011.2,100,8.0,8.0,578.0,4.9,67.0,15.4
2026-01-31 13:00:00,2026,1,31,13,Thái Nguyên,Xã Võ Nhai,21.7551719,106.07071,76,Moderate,1,18.9,59,0.0,21.2,32,1010.3,100,8.7,8.8,571.0,4.2,77.0,15.0
2026-01-31 14:00:00,2026,1,31,14,Thái Nguyên,Xã Võ Nhai,21.7551719,106.07071,75,Moderate,1,18.8,59,0.0,18.6,33,1009.4,100,9.8,10.0,567.0,4.1,84.0,14.8
2026-01-31 15:00:00,2026,1,31,15,Thái Nguyên,Xã Võ Nhai,21.7551719,106.07071,73,Moderate,1,18.7,58,0.0,16.1,35,1008.9,100,10.6,10.8,567.0,4.4,88.0,14.7
2026-01-31 16:00:00,2026,1,31,16,Thái Nguyên,Xã Võ Nhai,21.7551719,106.07071,72,Moderate,1,18.7,57,0.0,13.9,36,1008.8,100,11.2,11.4,571.0,5.5,88.0,14.6
2026-01-31 17:00:00,2026,1,31,17,Thái Nguyên,Xã Võ Nhai,21.7551719,106.07071,71,Moderate,1,18.3,59,0.0,10.7,36,1009.1,100,12.2,12.4,580.0,8.2,81.0,14.5
2026-01-31 18:00:00,2026,1,31,18,Thái Nguyên,Xã Võ Nhai,21.7551719,106.07071,70,Moderate,1,17.7,62,0.0,7.3,36,1009.3,95,15.2,15.4,593.0,11.6,70.0,14.4
2026-01-31 19:00:00,2026,1,31,19,Thái Nguyên,Xã Võ Nhai,21.7551719,106.07071,69,Moderate,1,15.5,75,0.0,8.3,30,1009.7,13,18.6,18.6,602.0,9.4,55.0,16.4
2026-01-31 20:00:00,2026,1,31,20,Thái Nguyên,Xã Võ Nhai,21.7551719,106.07071,67,Moderate,1,15.2,75,0.0,10.3,35,1010.2,2,19.0,19.2,607.0,9.2,55.0,16.4
2026-01-31 21:00:00,2026,1,31,21,Thái Nguyên,Xã Võ Nhai,21.7551719,106.07071,66,Moderate,1,15.1,74,0.0,11.1,32,1010.5,5,19.7,19.9,608.0,9.0,54.0,16.3
2026-01-31 22:00:00,2026,1,31,22,Thái Nguyên,Xã Võ Nhai,21.7551719,106.07071,65,Moderate,1,14.9,76,0.0,12.0,30,1010.9,14,20.5,20.7,604.0,8.8,53.0,16.3
2026-01-31 23:00:00,2026,1,31,23,Thái Nguyên,Xã Võ Nhai,21.7551719,106.07071,65,Moderate,1,14.5,77,0.0,13.1,30,1010.9,29,20.8,21.0,590.0,8.7,52.0,16.3
2026-02-01 00:00:00,2026,2,1,0,Thái Nguyên,Xã Võ Nhai,21.7551719,106.07071,64,Moderate,1,14.2,76,0.0,14.4,30,1010.6,76,19.7,20.0,571.0,8.6,51.0,16.3
2026-02-01 01:00:00,2026,2,1,1,Thái Nguyên,Xã Võ Nhai,21.7551719,106.07071,63,Moderate,1,15.1,74,0.0,13.5,33,1010.5,100,18.2,18.4,557.0,8.6,50.0,16.5
2026-02-01 02:00:00,2026,2,1,2,Thái Nguyên,Xã Võ Nhai,21.7551719,106.07071,61,Moderate,1,15.2,70,0.0,14.5,34,1010.1,100,16.2,16.4,550.0,8.5,50.0,16.9
2026-02-01 03:00:00,2026,2,1,3,Thái Nguyên,Xã Võ Nhai,21.7551719,106.07071,58,Moderate,1,15.2,69,0.0,15.6,36,1010.1,100,14.2,14.3,547.0,8.5,50.0,17.4
2026-02-01 04:00:00,2026,2,1,4,Thái Nguyên,Xã Võ Nhai,21.7551719,106.07071,55,Moderate,1,14.9,69,0.0,17.4,37,1010.3,100,12.3,12.3,551.0,8.6,50.0,17.9
2026-02-01 05:00:00,2026,2,1,5,Thái Nguyên,Xã Võ Nhai,21.7551719,106.07071,53,Moderate,1,14.3,68,0.0,18.1,32,1010.8,100,11.0,11.1,566.0,9.1,49.0,18.3
2026-02-01 06:00:00,2026,2,1,6,Thái Nguyên,Xã Võ Nhai,21.7551719,106.07071,53,Moderate,1,13.8,67,0.0,18.2,32,1011.7,100,10.9,10.9,587.0,9.8,48.0,18.7
2026-02-01 07:00:00,2026,2,1,7,Thái Nguyên,Xã Võ Nhai,21.7551719,106.07071,53,Moderate,1,13.8,68,0.0,17.3,30,1012.3,100,8.8,9.0,601.0,11.5,46.0,20.3
2026-02-01 08:00:00,2026,2,1,8,Thái Nguyên,Xã Võ Nhai,21.7551719,106.07071,53,Moderate,1,13.9,68,0.0,16.1,24,1012.9,100,10.5,10.7,600.0,11.4,46.0,20.3
2026-02-01 09:00:00,2026,2,1,9,Thái Nguyên,Xã Võ Nhai,21.7551719,106.07071,53,Moderate,1,14.3,68,0.0,15.7,27,1014.0,100,13.8,14.1,593.0,11.2,47.0,20.4
2026-02-01 10:00:00,2026,2,1,10,Thái Nguyên,Xã Võ Nhai,21.7551719,106.07071,53,Moderate,1,14.9,68,0.0,14.2,30,1014.3,100,17.1,17.5,588.0,10.8,49.0,20.3
2026-02-01 11:00:00,2026,2,1,11,Thái Nguyên,Xã Võ Nhai,21.7551719,106.07071,54,Moderate,1,15.7,67,0.0,12.8,31,1013.7,100,19.8,20.4,591.0,10.1,54.0,19.9
2026-02-01 12:00:00,2026,2,1,12,Thái Nguyên,Xã Võ Nhai,21.7551719,106.07071,55,Moderate,1,16.3,65,0.0,12.6,31,1012.7,100,22.4,23.0,596.0,9.1,60.0,19.4
2026-02-01 13:00:00,2026,2,1,13,Thái Nguyên,Xã Võ Nhai,21.7551719,106.07071,56,Moderate,1,17.1,63,0.0,10.7,33,1011.4,100,24.6,25.3,598.0,8.6,65.0,19.3
2026-02-01 14:00:00,2026,2,1,14,Thái Nguyên,Xã Võ Nhai,21.7551719,106.07071,58,Moderate,1,17.4,62,0.0,10.2,32,1010.4,84,26.1,27.0,594.0,8.3,71.0,20.1
2026-02-01 15:00:00,2026,2,1,15,Thái Nguyên,Xã Võ Nhai,21.7551719,106.07071,59,Moderate,1,18.4,59,0.0,8.8,33,1009.9,92,27.2,28.1,588.0,8.3,76.0,21.4
2026-02-01 16:00:00,2026,2,1,16,Thái Nguyên,Xã Võ Nhai,21.7551719,106.07071,61,Moderate,1,18.4,59,0.0,9.0,31,1009.8,98,28.2,29.2,584.0,9.7,76.0,22.3
2026-02-01 17:00:00,2026,2,1,17,Thái Nguyên,Xã Võ Nhai,21.7551719,106.07071,62,Moderate,1,17.8,62,0.0,7.1,24,1009.8,90,29.4,30.3,585.0,13.8,67.0,22.6
2026-02-01 18:00:00,2026,2,1,18,Thái Nguyên,Xã Võ Nhai,21.7551719,106.07071,64,Moderate,1,17.0,64,0.0,7.9,21,1010.1,88,34.9,35.7,588.0,19.1,54.0,22.5
2026-02-01 19:00:00,2026,2,1,19,Thái Nguyên,Xã Võ Nhai,21.7551719,106.07071,66,Moderate,1,16.2,69,0.0,7.8,32,1010.4,82,53.8,54.9,592.0,26.5,46.0,32.4
2026-02-01 20:00:00,2026,2,1,20,Thái Nguyên,Xã Võ Nhai,21.7551719,106.07071,69,Moderate,1,15.4,72,0.0,7.8,32,1011.0,5,60.1,61.2,599.0,26.7,39.0,29.2
2026-02-01 21:00:00,2026,2,1,21,Thái Nguyên,Xã Võ Nhai,21.7551719,106.07071,72,Moderate,1,13.9,78,0.0,8.5,25,1011.4,3,61.0,61.9,606.0,26.8,30.0,24.8
2026-02-01 22:00:00,2026,2,1,22,Thái Nguyên,Xã Võ Nhai,21.7551719,106.07071,76,Moderate,1,13.4,80,0.0,10.4,28,1011.4,5,56.3,57.2,604.0,25.6,25.0,21.0
2026-02-01 23:00:00,2026,2,1,23,Thái Nguyên,Xã Võ Nhai,21.7551719,106.07071,79,Moderate,1,13.1,79,0.0,11.3,27,1011.6,11,51.0,51.8,586.0,21.9,27.0,18.3
2026-02-02 00:00:00,2026,2,2,0,Thái Nguyên,Xã Võ Nhai,21.7551719,106.07071,82,Moderate,1,13.0,78,0.0,13.2,24,1011.9,27,45.9,46.6,559.0,16.8,34.0,16.1
2026-02-02 01:00:00,2026,2,2,1,Thái Nguyên,Xã Võ Nhai,21.7551719,106.07071,84,Moderate,1,13.5,77,0.0,13.7,28,1011.8,100,40.3,40.9,536.0,12.6,40.0,15.0
2026-02-02 02:00:00,2026,2,2,2,Thái Nguyên,Xã Võ Nhai,21.7551719,106.07071,86,Moderate,1,14.5,70,0.0,15.7,30,1011.9,100,38.2,38.8,519.0,10.2,46.0,15.5
2026-02-02 03:00:00,2026,2,2,3,Thái Nguyên,Xã Võ Nhai,21.7551719,106.07071,88,Moderate,1,14.6,66,0.0,17.4,34,1012.0,100,37.0,37.5,507.0,8.8,51.0,17.0
2026-02-02 04:00:00,2026,2,2,4,Thái Nguyên,Xã Võ Nhai,21.7551719,106.07071,90,Moderate,1,14.5,65,0.0,17.9,34,1012.1,100,35.9,36.4,500.0,7.9,55.0,17.9
2026-02-02 05:00:00,2026,2,2,5,Thái Nguyên,Xã Võ Nhai,21.7551719,106.07071,92,Moderate,1,14.3,65,0.0,18.6,34,1012.4,100,35.3,35.9,502.0,7.6,56.0,17.5
2026-02-02 06:00:00,2026,2,2,6,Thái Nguyên,Xã Võ Nhai,21.7551719,106.07071,94,Moderate,1,14.3,64,0.0,20.1,34,1013.1,100,35.3,36.0,510.0,8.0,54.0,16.6
2026-02-02 07:00:00,2026,2,2,7,Thái Nguyên,Xã Võ Nhai,21.7551719,106.07071,97,Moderate,1,14.2,64,0.0,19.2,34,1013.9,100,35.0,35.7,522.0,9.1,51.0,17.4
2026-02-02 08:00:00,2026,2,2,8,Thái Nguyên,Xã Võ Nhai,21.7551719,106.07071,99,Moderate,1,14.3,64,0.0,18.8,34,1014.7,100,35.9,36.6,540.0,9.1,51.0,16.6
2026-02-02 09:00:00,2026,2,2,9,Thái Nguyên,Xã Võ Nhai,21.7551719,106.07071,101,Unhealthy for Sensitive Groups,2,14.6,64,0.0,16.4,33,1015.5,100,38.0,38.9,561.0,9.1,51.0,15.5
2026-02-02 10:00:00,2026,2,2,10,Thái Nguyên,Xã Võ Nhai,21.7551719,106.07071,104,Unhealthy for Sensitive Groups,2,15.1,63,0.0,12.6,34,1015.8,100,43.0,44.0,575.0,8.9,52.0,14.5
2026-02-02 11:00:00,2026,2,2,11,Thái Nguyên,Xã Võ Nhai,21.7551719,106.07071,107,Unhealthy for Sensitive Groups,2,15.9,61,0.0,10.2,34,1015.3,100,47.8,49.2,576.0,8.4,56.0,13.7
2026-02-02 12:00:00,2026,2,2,12,Thái Nguyên,Xã Võ Nhai,21.7551719,106.07071,109,Unhealthy for Sensitive Groups,2,16.4,61,0.0,9.0,35,1014.2,100,49.9,51.3,570.0,7.8,61.0,13.1
2026-02-02 13:00:00,2026,2,2,13,Thái Nguyên,Xã Võ Nhai,21.7551719,106.07071,112,Unhealthy for Sensitive Groups,2,16.9,60,0.0,8.5,29,1013.4,100,51.1,52.6,560.0,7.5,65.0,12.8
2026-02-02 14:00:00,2026,2,2,14,Thái Nguyên,Xã Võ Nhai,21.7551719,106.07071,115,Unhealthy for Sensitive Groups,2,17.5,59,0.0,7.9,27,1012.4,100,51.7,53.1,544.0,7.0,70.0,12.9
2026-02-02 15:00:00,2026,2,2,15,Thái Nguyên,Xã Võ Nhai,21.7551719,106.07071,118,Unhealthy for Sensitive Groups,2,17.8,59,0.0,6.8,18,1011.7,100,51.7,53.1,524.0,6.8,74.0,13.3
2026-02-02 16:00:00,2026,2,2,16,Thái Nguyên,Xã Võ Nhai,21.7551719,106.07071,120,Unhealthy for Sensitive Groups,2,17.8,60,0.0,6.9,7,1011.4,80,51.1,52.4,512.0,8.4,73.0,13.7
2026-02-02 17:00:00,2026,2,2,17,Thái Nguyên,Xã Võ Nhai,21.7551719,106.07071,123,Unhealthy for Sensitive Groups,2,17.5,62,0.0,6.3,7,1011.5,46,52.0,53.3,513.0,13.8,63.0,14.2
2026-02-02 18:00:00,2026,2,2,18,Thái Nguyên,Xã Võ Nhai,21.7551719,106.07071,125,Unhealthy for Sensitive Groups,2,15.7,71,0.0,5.6,4,1011.4,16,62.9,64.3,522.0,21.1,49.0,14.7
2026-02-02 19:00:00,2026,2,2,19,Thái Nguyên,Xã Võ Nhai,21.7551719,106.07071,128,Unhealthy for Sensitive Groups,2,15.8,72,0.0,7.6,18,1012.4,39,67.1,68.0,529.0,25.4,35.0,16.9
2026-02-02 20:00:00,2026,2,2,20,Thái Nguyên,Xã Võ Nhai,21.7551719,106.07071,129,Unhealthy for Sensitive Groups,2,14.2,79,0.0,6.4,25,1012.9,23,70.5,71.7,531.0,25.5,32.0,15.8
2026-02-02 21:00:00,2026,2,2,21,Thái Nguyên,Xã Võ Nhai,21.7551719,106.07071,130,Unhealthy for Sensitive Groups,2,13.3,84,0.0,7.1,19,1013.0,14,70.1,71.2,531.0,25.6,29.0,14.3
2026-02-02 22:00:00,2026,2,2,22,Thái Nguyên,Xã Võ Nhai,21.7551719,106.07071,131,Unhealthy for Sensitive Groups,2,12.8,86,0.0,7.3,25,1013.0,12,69.8,71.0,532.0,25.3,26.0,12.7
2026-02-02 23:00:00,2026,2,2,23,Thái Nguyên,Xã Võ Nhai,21.7551719,106.07071,133,Unhealthy for Sensitive Groups,2,12.6,86,0.0,8.0,28,1012.8,3,70.1,71.0,537.0,24.5,24.0,11.1
2026-02-03 00:00:00,2026,2,3,0,Thái Nguyên,Xã Võ Nhai,21.7551719,106.07071,135,Unhealthy for Sensitive Groups,2,12.3,86,0.0,8.9,27,1012.4,4,68.2,69.2,544.0,23.3,24.0,9.4
2026-02-03 01:00:00,2026,2,3,1,Thái Nguyên,Xã Võ Nhai,21.7551719,106.07071,137,Unhealthy for Sensitive Groups,2,12.2,87,0.0,9.2,26,1012.4,14,64.7,65.7,546.0,21.8,23.0,8.0
2026-02-03 02:00:00,2026,2,3,2,Thái Nguyên,Xã Võ Nhai,21.7551719,106.07071,140,Unhealthy for Sensitive Groups,2,12.3,84,0.0,9.1,22,1012.2,19,60.3,61.0,536.0,19.7,23.0,7.0
2026-02-03 03:00:00,2026,2,3,3,Thái Nguyên,Xã Võ Nhai,21.7551719,106.07071,142,Unhealthy for Sensitive Groups,2,12.0,84,0.0,9.9,19,1011.9,19,56.7,57.4,523.0,17.3,23.0,6.3
2026-02-03 04:00:00,2026,2,3,4,Thái Nguyên,Xã Võ Nhai,21.7551719,106.07071,144,Unhealthy for Sensitive Groups,2,11.6,85,0.0,10.3,22,1011.7,16,53.9,54.6,520.0,15.6,23.0,6.1
2026-02-03 05:00:00,2026,2,3,5,Thái Nguyên,Xã Võ Nhai,21.7551719,106.07071,146,Unhealthy for Sensitive Groups,2,11.3,86,0.0,10.2,24,1011.8,34,51.7,52.4,544.0,15.5,20.0,6.0
2026-02-03 06:00:00,2026,2,3,6,Thái Nguyên,Xã Võ Nhai,21.7551719,106.07071,148,Unhealthy for Sensitive Groups,2,11.1,87,0.0,10.5,24,1012.4,83,51.1,51.8,579.0,16.2,17.0,6.5
2026-02-03 07:00:00,2026,2,3,7,Thái Nguyên,Xã Võ Nhai,21.7551719,106.07071,149,Unhealthy for Sensitive Groups,2,12.8,81,0.0,9.3,32,1013.2,100,52.7,53.4,597.0,17.2,17.0,7.0
2026-02-03 08:00:00,2026,2,3,8,Thái Nguyên,Xã Võ Nhai,21.7551719,106.07071,150,Unhealthy for Sensitive Groups,2,14.2,75,0.0,8.1,29,1013.8,100,49.4,50.1,583.0,15.5,30.0,12.6
2026-02-03 09:00:00,2026,2,3,9,Thái Nguyên,Xã Võ Nhai,21.7551719,106.07071,151,Unhealthy,3,15.8,69,0.0,7.1,34,1014.5,100,45.5,46.6,552.0,13.1,48.0,20.3
2026-02-03 10:00:00,2026,2,3,10,Thái Nguyên,Xã Võ Nhai,21.7551719,106.07071,151,Unhealthy,3,17.5,65,0.0,5.0,44,1014.6,70,43.4,44.7,522.0,11.2,66.0,26.6
2026-02-03 11:00:00,2026,2,3,11,Thái Nguyên,Xã Võ Nhai,21.7551719,106.07071,151,Unhealthy,3,19.2,62,0.0,2.8,135,1013.8,100,41.0,42.1,497.0,10.4,81.0,30.5
2026-02-03 12:00:00,2026,2,3,12,Thái Nguyên,Xã Võ Nhai,21.7551719,106.07071,151,Unhealthy,3,20.1,60,0.0,7.0,179,1012.6,81,41.9,43.1,473.0,10.2,95.0,32.9
2026-02-03 13:00:00,2026,2,3,13,Thái Nguyên,Xã Võ Nhai,21.7551719,106.07071,150,Unhealthy for Sensitive Groups,2,20.4,59,0.0,8.0,189,1011.5,98,43.3,44.4,459.0,10.0,107.0,32.8
2026-02-03 14:00:00,2026,2,3,14,Thái Nguyên,Xã Võ Nhai,21.7551719,106.07071,150,Unhealthy for Sensitive Groups,2,20.4,60,0.0,8.6,191,1010.2,96,40.9,41.7,460.0,8.8,120.0,28.1
2026-02-03 15:00:00,2026,2,3,15,Thái Nguyên,Xã Võ Nhai,21.7551719,106.07071,150,Unhealthy for Sensitive Groups,2,20.4,60,0.0,8.9,187,1009.6,100,43.1,43.9,470.0,7.5,132.0,20.9
2026-02-03 16:00:00,2026,2,3,16,Thái Nguyên,Xã Võ Nhai,21.7551719,106.07071,149,Unhealthy for Sensitive Groups,2,20.2,60,0.0,9.0,186,1009.3,100,45.6,46.3,484.0,8.8,135.0,16.1
2026-02-03 17:00:00,2026,2,3,17,Thái Nguyên,Xã Võ Nhai,21.7551719,106.07071,148,Unhealthy for Sensitive Groups,2,19.6,63,0.0,6.7,178,1009.1,100,48.5,49.1,501.0,15.0,124.0,16.4
2026-02-03 18:00:00,2026,2,3,18,Thái Nguyên,Xã Võ Nhai,21.7551719,106.07071,148,Unhealthy for Sensitive Groups,2,18.2,71,0.0,4.8,153,1009.1,100,61.9,62.4,521.0,23.8,104.0,19.1
2026-02-03 19:00:00,2026,2,3,19,Thái Nguyên,Xã Võ Nhai,21.7551719,106.07071,148,Unhealthy for Sensitive Groups,2,18.1,76,0.0,0.4,297,1009.3,100,71.2,71.7,535.0,28.1,72.0,18.8
2026-02-03 20:00:00,2026,2,3,20,Thái Nguyên,Xã Võ Nhai,21.7551719,106.07071,148,Unhealthy for Sensitive Groups,2,17.4,78,0.0,0.7,346,1009.6,91,82.7,83.1,536.0,31.5,66.0,21.3
2026-02-03 21:00:00,2026,2,3,21,Thái Nguyên,Xã Võ Nhai,21.7551719,106.07071,150,Unhealthy for Sensitive Groups,2,16.5,81,0.0,0.6,34,1009.8,25,93.4,94.1,531.0,36.1,57.0,24.8
2026-02-03 22:00:00,2026,2,3,22,Thái Nguyên,Xã Võ Nhai,21.7551719,106.07071,150,Unhealthy for Sensitive Groups,2,15.4,84,0.0,3.9,127,1009.8,26,99.2,99.9,529.0,39.3,50.0,27.2
2026-02-03 23:00:00,2026,2,3,23,Thái Nguyên,Xã Võ Nhai,21.7551719,106.07071,151,Unhealthy,3,15.1,89,0.0,5.6,153,1009.3,30,99.4,99.9,536.0,39.4,45.0,27.3
2026-02-04 00:00:00,2026,2,4,0,Thái Nguyên,Xã Võ Nhai,21.7551719,106.07071,152,Unhealthy,3,14.4,92,0.0,3.9,146,1009.0,25,97.3,97.8,546.0,37.9,41.0,26.3
2026-02-04 01:00:00,2026,2,4,1,Thái Nguyên,Xã Võ Nhai,21.7551719,106.07071,152,Unhealthy,3,14.6,92,0.0,1.0,112,1008.2,38,98.0,98.7,552.0,37.3,37.0,25.9
2026-02-04 02:00:00,2026,2,4,2,Thái Nguyên,Xã Võ Nhai,21.7551719,106.07071,153,Unhealthy,3,14.7,92,0.0,0.4,27,1007.6,77,101.7,102.2,544.0,38.7,33.0,27.2
2026-02-04 03:00:00,2026,2,4,3,Thái Nguyên,Xã Võ Nhai,21.7551719,106.07071,154,Unhealthy,3,14.1,94,0.0,1.3,16,1007.3,56,106.2,106.9,532.0,40.9,30.0,29.1
2026-02-04 04:00:00,2026,2,4,4,Thái Nguyên,Xã Võ Nhai,21.7551719,106.07071,155,Unhealthy,3,13.5,96,0.0,1.9,17,1007.1,77,109.7,110.4,532.0,42.2,28.0,30.4
2026-02-04 05:00:00,2026,2,4,5,Thái Nguyên,Xã Võ Nhai,21.7551719,106.07071,156,Unhealthy,3,13.4,96,0.0,1.8,37,1007.4,34,112.0,112.7,561.0,42.3,25.0,30.5
2026-02-04 06:00:00,2026,2,4,6,Thái Nguyên,Xã Võ Nhai,21.7551719,106.07071,158,Unhealthy,3,13.0,96,0.0,2.6,56,1007.8,33,114.1,114.8,603.0,41.4,22.0,30.0
2026-02-04 07:00:00,2026,2,4,7,Thái Nguyên,Xã Võ Nhai,21.7551719,106.07071,159,Unhealthy,3,14.0,98,0.0,4.3,88,1008.3,100,98.3,99.0,621.0,31.4,20.0,20.7
2026-02-04 08:00:00,2026,2,4,8,Thái Nguyên,Xã Võ Nhai,21.7551719,106.07071,160,Unhealthy,3,16.5,88,0.0,6.0,131,1008.9,100,81.7,82.4,590.0,26.4,40.0,24.0
2026-02-04 09:00:00,2026,2,4,9,Thái Nguyên,Xã Võ Nhai,21.7551719,106.07071,161,Unhealthy,3,17.3,85,0.0,7.9,139,1009.6,100,63.6,64.5,535.0,19.4,69.0,28.4
2026-02-04 10:00:00,2026,2,4,10,Thái Nguyên,Xã Võ Nhai,21.7551719,106.07071,161,Unhealthy,3,18.4,82,0.0,11.2,152,1009.7,100,48.9,49.9,497.0,14.1,93.0,30.8
2026-02-04 11:00:00,2026,2,4,11,Thái Nguyên,Xã Võ Nhai,21.7551719,106.07071,161,Unhealthy,3,18.9,81,0.0,12.6,170,1008.9,100,45.8,46.7,495.0,11.8,108.0,29.0
2026-02-04 12:00:00,2026,2,4,12,Thái Nguyên,Xã Võ Nhai,21.7551719,106.07071,161,Unhealthy,3,20.0,79,0.4,13.6,188,1007.2,100,49.8,50.9,510.0,11.1,118.0,25.2
2026-02-04 13:00:00,2026,2,4,13,Thái Nguyên,Xã Võ Nhai,21.7551719,106.07071,161,Unhealthy,3,20.2,76,0.2,10.9,186,1006.2,100,54.4,55.4,521.0,11.4,124.0,22.6
2026-02-04 14:00:00,2026,2,4,14,Thái Nguyên,Xã Võ Nhai,21.7551719,106.07071,162,Unhealthy,3,20.6,76,0.2,11.0,181,1005.0,100,59.4,60.3,516.0,12.5,128.0,22.7
2026-02-04 15:00:00,2026,2,4,15,Thái Nguyên,Xã Võ Nhai,21.7551719,106.07071,162,Unhealthy,3,20.9,74,0.1,11.8,174,1004.0,100,62.9,63.8,507.0,14.7,128.0,24.0
2026-02-04 16:00:00,2026,2,4,16,Thái Nguyên,Xã Võ Nhai,21.7551719,106.07071,163,Unhealthy,3,20.8,74,0.0,9.7,168,1003.7,100,65.2,65.9,508.0,17.9,123.0,25.2
2026-02-04 17:00:00,2026,2,4,17,Thái Nguyên,Xã Võ Nhai,21.7551719,106.07071,163,Unhealthy,3,20.7,74,0.0,6.5,146,1003.6,100,65.0,65.7,532.0,23.4,109.0,26.0
2026-02-04 18:00:00,2026,2,4,18,Thái Nguyên,Xã Võ Nhai,21.7551719,106.07071,163,Unhealthy,3,19.3,83,0.0,3.5,125,1003.8,100,77.3,78.0,565.0,29.9,90.0,26.8
2026-02-04 19:00:00,2026,2,4,19,Thái Nguyên,Xã Võ Nhai,21.7551719,106.07071,164,Unhealthy,3,18.7,86,0.0,1.1,108,1004.6,100,77.3,77.5,580.0,35.1,72.0,25.7
2026-02-04 20:00:00,2026,2,4,20,Thái Nguyên,Xã Võ Nhai,21.7551719,106.07071,164,Unhealthy,3,19.0,85,0.0,1.8,143,1004.8,100,80.3,80.6,556.0,34.6,67.0,25.5
2026-02-04 21:00:00,2026,2,4,21,Thái Nguyên,Xã Võ Nhai,21.7551719,106.07071,164,Unhealthy,3,18.8,87,0.1,10.2,162,1005.4,100,74.0,74.5,514.0,33.8,59.0,25.1
2026-02-04 22:00:00,2026,2,4,22,Thái Nguyên,Xã Võ Nhai,21.7551719,106.07071,163,Unhealthy,3,18.3,93,0.0,10.0,163,1005.6,89,62.4,62.6,483.0,32.7,54.0,24.3
2026-02-04 23:00:00,2026,2,4,23,Thái Nguyên,Xã Võ Nhai,21.7551719,106.07071,163,Unhealthy,3,17.2,99,0.0,7.3,163,1005.4,73,52.7,53.2,478.0,31.2,52.0,22.6
2026-02-05 00:00:00,2026,2,5,0,Thái Nguyên,Xã Võ Nhai,21.7551719,106.07071,162,Unhealthy,3,16.9,99,0.0,7.2,167,1005.3,100,46.8,47.1,484.0,29.5,52.0,20.4
2026-02-05 01:00:00,2026,2,5,1,Thái Nguyên,Xã Võ Nhai,21.7551719,106.07071,160,Unhealthy,3,17.8,100,0.0,8.1,168,1004.8,100,44.1,44.7,489.0,27.6,52.0,18.5
2026-02-05 02:00:00,2026,2,5,2,Thái Nguyên,Xã Võ Nhai,21.7551719,106.07071,159,Unhealthy,3,17.9,100,0.0,10.0,165,1004.2,100,43.5,44.2,488.0,25.4,51.0,17.0
2026-02-05 03:00:00,2026,2,5,3,Thái Nguyên,Xã Võ Nhai,21.7551719,106.07071,158,Unhealthy,3,18.1,100,0.0,10.6,159,1003.7,100,46.2,46.9,486.0,23.2,51.0,15.8
2026-02-05 04:00:00,2026,2,5,4,Thái Nguyên,Xã Võ Nhai,21.7551719,106.07071,157,Unhealthy,3,18.3,99,0.0,10.0,154,1003.3,100,49.9,50.8,486.0,21.5,50.0,15.0
2026-02-05 05:00:00,2026,2,5,5,Thái Nguyên,Xã Võ Nhai,21.7551719,106.07071,155,Unhealthy,3,18.3,100,0.1,7.8,157,1003.3,100,51.7,52.5,492.0,20.9,49.0,14.7
2026-02-05 06:00:00,2026,2,5,6,Thái Nguyên,Xã Võ Nhai,21.7551719,106.07071,154,Unhealthy,3,18.3,100,0.2,6.8,163,1003.7,100,50.9,51.8,498.0,20.9,48.0,14.8
2026-02-05 07:00:00,2026,2,5,7,Thái Nguyên,Xã Võ Nhai,21.7551719,106.07071,153,Unhealthy,3,18.1,100,0.2,5.1,162,1004.4,100,58.8,60.1,495.0,21.5,43.0,14.4
2026-02-05 08:00:00,2026,2,5,8,Thái Nguyên,Xã Võ Nhai,21.7551719,106.07071,152,Unhealthy,3,18.5,99,0.0,6.3,167,1005.1,100,51.2,52.5,472.0,20.4,49.0,15.4
2026-02-05 09:00:00,2026,2,5,9,Thái Nguyên,Xã Võ Nhai,21.7551719,106.07071,151,Unhealthy,3,19.0,98,0.1,6.9,166,1005.4,100,44.5,45.8,439.0,19.0,56.0,16.9
2026-02-05 10:00:00,2026,2,5,10,Thái Nguyên,Xã Võ Nhai,21.7551719,106.07071,151,Unhealthy,3,19.7,96,0.3,9.1,187,1005.8,100,36.0,37.4,412.0,18.4,63.0,18.6
2026-02-05 11:00:00,2026,2,5,11,Thái Nguyên,Xã Võ Nhai,21.7551719,106.07071,150,Unhealthy for Sensitive Groups,2,20.1,96,0.4,11.3,193,1004.8,100,41.2,42.4,398.0,19.6,67.0,20.9
2026-02-05 12:00:00,2026,2,5,12,Thái Nguyên,Xã Võ Nhai,21.7551719,106.07071,150,Unhealthy for Sensitive Groups,2,21.4,90,0.3,13.4,191,1003.8,100,44.0,45.4,390.0,21.6,69.0,23.5
2026-02-05 13:00:00,2026,2,5,13,Thái Nguyên,Xã Võ Nhai,21.7551719,106.07071,150,Unhealthy for Sensitive Groups,2,22.5,79,0.3,11.0,191,1002.8,98,49.4,50.8,385.0,22.8,74.0,24.9
2026-02-05 14:00:00,2026,2,5,14,Thái Nguyên,Xã Võ Nhai,21.7551719,106.07071,150,Unhealthy for Sensitive Groups,2,23.2,73,0.2,11.4,184,1001.6,98,50.4,51.8,380.0,21.7,86.0,24.3
2026-02-05 15:00:00,2026,2,5,15,Thái Nguyên,Xã Võ Nhai,21.7551719,106.07071,149,Unhealthy for Sensitive Groups,2,23.5,72,0.1,11.7,183,1001.1,100,51.7,52.9,377.0,19.7,100.0,22.6
2026-02-05 16:00:00,2026,2,5,16,Thái Nguyên,Xã Võ Nhai,21.7551719,106.07071,148,Unhealthy for Sensitive Groups,2,23.5,73,0.1,10.7,185,1001.2,84,52.0,53.1,383.0,19.3,106.0,21.2
2026-02-05 17:00:00,2026,2,5,17,Thái Nguyên,Xã Võ Nhai,21.7551719,106.07071,147,Unhealthy for Sensitive Groups,2,22.9,77,0.0,6.0,183,1001.1,11,52.5,53.4,410.0,22.7,97.0,21.1
2026-02-05 18:00:00,2026,2,5,18,Thái Nguyên,Xã Võ Nhai,21.7551719,106.07071,146,Unhealthy for Sensitive Groups,2,20.1,87,0.0,3.9,152,1001.2,48,58.8,59.6,445.0,27.6,80.0,21.3
2026-02-05 19:00:00,2026,2,5,19,Thái Nguyên,Xã Võ Nhai,21.7551719,106.07071,144,Unhealthy for Sensitive Groups,2,19.7,89,0.1,2.1,121,1002.1,100,71.2,72.4,459.0,34.5,66.0,22.8
2026-02-05 20:00:00,2026,2,5,20,Thái Nguyên,Xã Võ Nhai,21.7551719,106.07071,143,Unhealthy for Sensitive Groups,2,20.8,89,0.1,9.0,151,1002.9,100,65.4,66.8,429.0,32.2,61.0,20.8
2026-02-05 21:00:00,2026,2,5,21,Thái Nguyên,Xã Võ Nhai,21.7551719,106.07071,141,Unhealthy for Sensitive Groups,2,20.1,97,0.0,11.2,156,1003.3,100,48.9,50.2,376.0,29.1,55.0,17.9
2026-02-05 22:00:00,2026,2,5,22,Thái Nguyên,Xã Võ Nhai,21.7551719,106.07071,139,Unhealthy for Sensitive Groups,2,19.9,99,0.0,12.0,159,1003.5,100,36.0,37.3,338.0,26.2,50.0,15.6
2026-02-05 23:00:00,2026,2,5,23,Thái Nguyên,Xã Võ Nhai,21.7551719,106.07071,136,Unhealthy for Sensitive Groups,2,19.9,100,0.0,11.4,164,1003.3,100,28.5,31.0,331.0,24.0,49.0,14.4
2026-02-06 00:00:00,2026,2,6,0,Thái Nguyên,Xã Võ Nhai,21.7551719,106.07071,134,Unhealthy for Sensitive Groups,2,19.9,100,0.1,13.8,169,1003.2,100,33.4,34.8,338.0,22.2,49.0,13.8
2026-02-06 01:00:00,2026,2,6,1,Thái Nguyên,Xã Võ Nhai,21.7551719,106.07071,132,Unhealthy for Sensitive Groups,2,19.9,100,0.1,13.2,184,1003.1,100,39.5,41.0,344.0,20.9,48.0,13.2
2026-02-06 02:00:00,2026,2,6,2,Thái Nguyên,Xã Võ Nhai,21.7551719,106.07071,132,Unhealthy for Sensitive Groups,2,20.0,100,0.2,10.3,185,1002.5,100,43.0,44.4,343.0,20.4,42.0,12.2
2026-02-06 03:00:00,2026,2,6,3,Thái Nguyên,Xã Võ Nhai,21.7551719,106.07071,132,Unhealthy for Sensitive Groups,2,20.1,100,0.2,9.4,181,1001.9,100,46.0,47.3,341.0,20.4,34.0,11.2
2026-02-06 04:00:00,2026,2,6,4,Thái Nguyên,Xã Võ Nhai,21.7551719,106.07071,132,Unhealthy for Sensitive Groups,2,20.1,100,0.1,8.1,175,1001.8,100,49.2,50.5,339.0,20.6,28.0,10.7
2026-02-06 05:00:00,2026,2,6,5,Thái Nguyên,Xã Võ Nhai,21.7551719,106.07071,131,Unhealthy for Sensitive Groups,2,20.1,100,0.2,9.2,157,1002.0,100,50.3,51.7,342.0,21.2,24.0,10.9
2026-02-06 06:00:00,2026,2,6,6,Thái Nguyên,Xã Võ Nhai,21.7551719,106.07071,131,Unhealthy for Sensitive Groups,2,20.0,100,0.2,7.0,157,1002.5,100,44.1,45.4,345.0,22.1,22.0,11.7
2026-02-06 07:00:00,2026,2,6,7,Thái Nguyên,Xã Võ Nhai,21.7551719,106.07071,131,Unhealthy for Sensitive Groups,2,20.3,100,0.2,7.1,174,1003.1,100,32.8,34.1,340.0,17.6,36.0,15.1
2026-02-06 08:00:00,2026,2,6,8,Thái Nguyên,Xã Võ Nhai,21.7551719,106.07071,128,Unhealthy for Sensitive Groups,2,20.2,99,0.3,9.0,174,1004.0,100,24.6,25.8,317.0,16.6,41.0,15.3
2026-02-06 09:00:00,2026,2,6,9,Thái Nguyên,Xã Võ Nhai,21.7551719,106.07071,125,Unhealthy for Sensitive Groups,2,20.5,98,0.1,6.9,197,1004.8,100,19.5,20.5,285.0,15.2,49.0,15.6
2026-02-06 10:00:00,2026,2,6,10,Thái Nguyên,Xã Võ Nhai,21.7551719,106.07071,123,Unhealthy for Sensitive Groups,2,21.4,92,0.0,4.3,185,1005.0,100,19.2,20.2,263.0,14.1,56.0,15.6
2026-02-06 11:00:00,2026,2,6,11,Thái Nguyên,Xã Võ Nhai,21.7551719,106.07071,121,Unhealthy for Sensitive Groups,2,22.8,83,0.1,5.4,150,1004.4,91,21.2,22.2,262.0,13.9,62.0,15.4
2026-02-06 12:00:00,2026,2,6,12,Thái Nguyên,Xã Võ Nhai,21.7551719,106.07071,119,Unhealthy for Sensitive Groups,2,24.3,76,0.1,6.6,133,1003.6,55,26.7,27.9,271.0,14.1,68.0,14.9
2026-02-06 13:00:00,2026,2,6,13,Thái Nguyên,Xã Võ Nhai,21.7551719,106.07071,117,Unhealthy for Sensitive Groups,2,25.8,66,0.0,6.6,127,1002.3,74,30.6,31.8,280.0,13.8,76.0,14.0
2026-02-06 14:00:00,2026,2,6,14,Thái Nguyên,Xã Võ Nhai,21.7551719,106.07071,115,Unhealthy for Sensitive Groups,2,26.9,60,0.0,6.4,137,1001.2,57,33.3,34.3,283.0,11.9,89.0,11.8
2026-02-06 15:00:00,2026,2,6,15,Thái Nguyên,Xã Võ Nhai,21.7551719,106.07071,113,Unhealthy for Sensitive Groups,2,26.8,61,0.0,8.5,148,1000.6,59,35.7,36.7,284.0,9.6,104.0,9.2
2026-02-06 16:00:00,2026,2,6,16,Thái Nguyên,Xã Võ Nhai,21.7551719,106.07071,111,Unhealthy for Sensitive Groups,2,25.9,65,0.0,9.7,151,1000.6,50,36.1,37.0,289.0,9.7,110.0,8.1
2026-02-06 17:00:00,2026,2,6,17,Thái Nguyên,Xã Võ Nhai,21.7551719,106.07071,110,Unhealthy for Sensitive Groups,2,24.7,70,0.0,7.9,159,1000.9,20,39.2,40.2,298.0,14.6,101.0,9.9
2026-02-06 18:00:00,2026,2,6,18,Thái Nguyên,Xã Võ Nhai,21.7551719,106.07071,108,Unhealthy for Sensitive Groups,2,22.8,81,0.0,7.2,145,1001.7,7,47.3,48.3,310.0,21.8,83.0,13.2
2026-02-06 19:00:00,2026,2,6,19,Thái Nguyên,Xã Võ Nhai,21.7551719,106.07071,107,Unhealthy for Sensitive Groups,2,21.1,93,0.0,7.9,145,1002.6,26,63.3,64.7,324.0,27.5,68.0,16.9
2026-02-06 20:00:00,2026,2,6,20,Thái Nguyên,Xã Võ Nhai,21.7551719,106.07071,106,Unhealthy for Sensitive Groups,2,20.9,95,0.0,9.8,148,1003.6,37,54.6,55.9,345.0,28.6,58.0,17.4
2026-02-06 21:00:00,2026,2,6,21,Thái Nguyên,Xã Võ Nhai,21.7551719,106.07071,105,Unhealthy for Sensitive Groups,2,20.3,98,0.0,9.4,148,1004.3,100,43.9,45.3,369.0,30.2,45.0,17.9
2026-02-06 22:00:00,2026,2,6,22,Thái Nguyên,Xã Võ Nhai,21.7551719,106.07071,105,Unhealthy for Sensitive Groups,2,20.1,99,0.0,8.0,138,1004.5,100,37.1,38.9,380.0,31.3,33.0,17.6
2026-02-06 23:00:00,2026,2,6,23,Thái Nguyên,Xã Võ Nhai,21.7551719,106.07071,105,Unhealthy for Sensitive Groups,2,20.0,100,0.0,5.6,132,1004.6,100,33.2,36.8,363.0,31.7,25.0,15.6
2026-02-07 00:00:00,2026,2,7,0,Thái Nguyên,Xã Võ Nhai,21.7551719,106.07071,105,Unhealthy for Sensitive Groups,2,19.9,100,0.0,5.1,129,1004.8,100,36.1,39.6,334.0,31.7,19.0,12.8
2026-02-07 01:00:00,2026,2,7,1,Thái Nguyên,Xã Võ Nhai,21.7551719,106.07071,106,Unhealthy for Sensitive Groups,2,20.6,100,0.0,6.2,136,1004.0,100,48.9,50.3,326.0,31.1,16.0,10.5
2026-02-07 02:00:00,2026,2,7,2,Thái Nguyên,Xã Võ Nhai,21.7551719,106.07071,107,Unhealthy for Sensitive Groups,2,20.6,99,0.1,7.6,155,1003.8,100,50.6,52.3,366.0,29.4,15.0,9.3
2026-02-07 03:00:00,2026,2,7,3,Thái Nguyên,Xã Võ Nhai,21.7551719,106.07071,107,Unhealthy for Sensitive Groups,2,20.2,99,0.1,9.2,140,1003.7,100,52.9,54.2,426.0,27.0,17.0,8.7
2026-02-07 04:00:00,2026,2,7,4,Thái Nguyên,Xã Võ Nhai,21.7551719,106.07071,108,Unhealthy for Sensitive Groups,2,19.9,100,0.0,5.5,131,1003.9,100,54.9,56.6,458.0,25.1,20.0,8.7
2026-02-07 05:00:00,2026,2,7,5,Thái Nguyên,Xã Võ Nhai,21.7551719,106.07071,109,Unhealthy for Sensitive Groups,2,19.9,99,0.0,5.7,118,1004.0,100,52.2,53.8,426.0,24.3,23.0,9.6
2026-02-07 06:00:00,2026,2,7,6,Thái Nguyên,Xã Võ Nhai,21.7551719,106.07071,109,Unhealthy for Sensitive Groups,2,19.6,98,0.1,6.3,108,1004.9,100,52.9,54.7,366.0,23.9,27.0,11.2
2026-02-07 07:00:00,2026,2,7,7,Thái Nguyên,Xã Võ Nhai,21.7551719,106.07071,110,Unhealthy for Sensitive Groups,2,19.5,97,0.1,6.5,90,1005.6,100,51.7,53.2,334.0,23.2,26.0,10.2
2026-02-07 08:00:00,2026,2,7,8,Thái Nguyên,Xã Võ Nhai,21.7551719,106.07071,112,Unhealthy for Sensitive Groups,2,19.8,98,0.3,6.8,68,1006.6,100,47.7,49.5,362.0,23.0,33.0,11.7
2026-02-07 09:00:00,2026,2,7,9,Thái Nguyên,Xã Võ Nhai,21.7551719,106.07071,114,Unhealthy for Sensitive Groups,2,20.0,98,0.5,6.3,51,1007.3,100,43.5,45.2,419.0,22.7,44.0,13.8
2026-02-07 10:00:00,2026,2,7,10,Thái Nguyên,Xã Võ Nhai,21.7551719,106.07071,117,Unhealthy for Sensitive Groups,2,20.2,96,0.9,8.2,49,1007.5,100,39.3,40.6,468.0,22.0,55.0,14.7
2026-02-07 11:00:00,2026,2,7,11,Thái Nguyên,Xã Võ Nhai,21.7551719,106.07071,119,Unhealthy for Sensitive Groups,2,20.8,88,0.2,9.6,49,1007.1,100,32.5,33.9,498.0,20.7,65.0,13.4
2026-02-07 12:00:00,2026,2,7,12,Thái Nguyên,Xã Võ Nhai,21.7551719,106.07071,120,Unhealthy for Sensitive Groups,2,20.3,89,0.1,12.4,41,1006.3,100,24.4,25.4,520.0,19.1,75.0,11.1
2026-02-07 13:00:00,2026,2,7,13,Thái Nguyên,Xã Võ Nhai,21.7551719,106.07071,120,Unhealthy for Sensitive Groups,2,21.9,80,0.1,10.4,60,1005.2,91,27.5,28.4,530.0,17.2,86.0,9.2
2026-02-07 14:00:00,2026,2,7,14,Thái Nguyên,Xã Võ Nhai,21.7551719,106.07071,119,Unhealthy for Sensitive Groups,2,22.0,79,0.4,9.8,77,1004.4,100,28.8,29.7,519.0,14.6,101.0,8.3
2026-02-07 15:00:00,2026,2,7,15,Thái Nguyên,Xã Võ Nhai,21.7551719,106.07071,119,Unhealthy for Sensitive Groups,2,20.9,91,0.5,6.8,40,1003.7,100,29.3,30.2,498.0,11.8,116.0,7.8
2026-02-07 16:00:00,2026,2,7,16,Thái Nguyên,Xã Võ Nhai,21.7551719,106.07071,118,Unhealthy for Sensitive Groups,2,21.4,87,0.1,7.2,55,1003.6,99,28.1,28.9,490.0,10.5,122.0,8.2
2026-02-07 17:00:00,2026,2,7,17,Thái Nguyên,Xã Võ Nhai,21.7551719,106.07071,117,Unhealthy for Sensitive Groups,2,20.8,91,0.2,10.1,57,1004.0,100,36.0,36.7,512.0,12.5,111.0,9.9
2026-02-07 18:00:00,2026,2,7,18,Thái Nguyên,Xã Võ Nhai,21.7551719,106.07071,117,Unhealthy for Sensitive Groups,2,20.0,94,0.2,11.9,42,1004.7,100,55.5,56.3,548.0,16.1,90.0,12.4
2026-02-07 19:00:00,2026,2,7,19,Thái Nguyên,Xã Võ Nhai,21.7551719,106.07071,118,Unhealthy for Sensitive Groups,2,19.0,96,0.1,11.2,46,1005.2,65,47.3,48.1,579.0,22.9,77.0,14.6
2026-02-07 20:00:00,2026,2,7,20,Thái Nguyên,Xã Võ Nhai,21.7551719,106.07071,116,Unhealthy for Sensitive Groups,2,18.7,95,0.1,13.6,42,1006.4,98,47.8,48.4,592.0,21.7,73.0,14.9
2026-02-07 21:00:00,2026,2,7,21,Thái Nguyên,Xã Võ Nhai,21.7551719,106.07071,116,Unhealthy for Sensitive Groups,2,18.8,90,0.1,13.3,40,1007.0,100,51.6,52.2,598.0,19.9,67.0,15.3
2026-02-07 22:00:00,2026,2,7,22,Thái Nguyên,Xã Võ Nhai,21.7551719,106.07071,116,Unhealthy for Sensitive Groups,2,18.2,92,0.1,15.4,37,1007.3,100,55.2,55.6,616.0,17.4,65.0,15.5
2026-02-07 23:00:00,2026,2,7,23,Thái Nguyên,Xã Võ Nhai,21.7551719,106.07071,118,Unhealthy for Sensitive Groups,2,17.9,86,0.0,17.0,36,1007.5,100,54.1,54.5,660.0,13.6,70.0,15.3
2026-02-08 00:00:00,2026,2,8,0,Thái Nguyên,Xã Võ Nhai,21.7551719,106.07071,120,Unhealthy for Sensitive Groups,2,17.3,84,0.0,18.3,40,1007.8,100,52.7,53.0,715.0,9.0,77.0,15.0
2026-02-08 01:00:00,2026,2,8,1,Thái Nguyên,Xã Võ Nhai,21.7551719,106.07071,122,Unhealthy for Sensitive Groups,2,17.7,84,0.3,16.7,36,1007.9,100,49.1,49.4,749.0,5.8,81.0,15.0
2026-02-08 02:00:00,2026,2,8,2,Thái Nguyên,Xã Võ Nhai,21.7551719,106.07071,122,Unhealthy for Sensitive Groups,2,17.4,84,0.1,18.7,33,1007.9,100,42.1,42.3,745.0,5.0,76.0,15.8
2026-02-08 03:00:00,2026,2,8,3,Thái Nguyên,Xã Võ Nhai,21.7551719,106.07071,121,Unhealthy for Sensitive Groups,2,16.9,83,0.1,21.9,37,1008.1,100,33.4,33.5,720.0,5.5,67.0,16.9
2026-02-08 04:00:00,2026,2,8,4,Thái Nguyên,Xã Võ Nhai,21.7551719,106.07071,119,Unhealthy for Sensitive Groups,2,16.2,85,0.1,24.4,37,1008.3,100,25.9,26.1,698.0,5.9,59.0,17.6
2026-02-08 05:00:00,2026,2,8,5,Thái Nguyên,Xã Võ Nhai,21.7551719,106.07071,116,Unhealthy for Sensitive Groups,2,15.2,84,0.3,27.5,38,1009.0,100,16.8,16.8,689.0,5.8,54.0,17.7
2026-02-08 06:00:00,2026,2,8,6,Thái Nguyên,Xã Võ Nhai,21.7551719,106.07071,113,Unhealthy for Sensitive Groups,2,13.3,95,1.3,29.2,36,1010.3,100,11.3,11.3,683.0,5.6,50.0,17.4
2026-02-08 07:00:00,2026,2,8,7,Thái Nguyên,Xã Võ Nhai,21.7551719,106.07071,108,Unhealthy for Sensitive Groups,2,13.2,95,1.3,27.0,37,1011.0,100,7.4,7.4,673.0,5.7,48.0,15.3
2026-02-08 08:00:00,2026,2,8,8,Thái Nguyên,Xã Võ Nhai,21.7551719,106.07071,104,Unhealthy for Sensitive Groups,2,12.8,96,0.8,28.3,40,1011.9,100,5.2,5.2,655.0,6.0,46.0,15.4
2026-02-08 09:00:00,2026,2,8,9,Thái Nguyên,Xã Võ Nhai,21.7551719,106.07071,99,Moderate,1,13.3,90,0.4,29.4,39,1012.9,100,4.4,4.4,634.0,6.4,45.0,15.5
2026-02-08 10:00:00,2026,2,8,10,Thái Nguyên,Xã Võ Nhai,21.7551719,106.07071,96,Moderate,1,12.7,95,0.7,27.3,33,1014.1,100,4.1,4.1,615.0,6.8,44.0,15.2
2026-02-08 11:00:00,2026,2,8,11,Thái Nguyên,Xã Võ Nhai,21.7551719,106.07071,93,Moderate,1,12.3,96,1.1,27.3,34,1013.7,100,4.5,4.6,602.0,6.9,46.0,14.2
2026-02-08 12:00:00,2026,2,8,12,Thái Nguyên,Xã Võ Nhai,21.7551719,106.07071,90,Moderate,1,12.2,96,1.0,25.1,31,1013.3,100,5.4,5.6,592.0,7.0,50.0,12.9
2026-02-08 13:00:00,2026,2,8,13,Thái Nguyên,Xã Võ Nhai,21.7551719,106.07071,89,Moderate,1,12.0,96,0.6,25.0,28,1012.7,100,8.0,8.2,583.0,7.3,53.0,11.8
2026-02-08 14:00:00,2026,2,8,14,Thái Nguyên,Xã Võ Nhai,21.7551719,106.07071,87,Moderate,1,11.6,96,0.8,23.9,31,1011.9,100,10.8,11.0,574.0,8.2,53.0,11.3
2026-02-08 15:00:00,2026,2,8,15,Thái Nguyên,Xã Võ Nhai,21.7551719,106.07071,85,Moderate,1,11.6,96,1.0,22.8,34,1011.3,100,12.7,13.0,567.0,9.3,53.0,11.0
2026-02-08 16:00:00,2026,2,8,16,Thái Nguyên,Xã Võ Nhai,21.7551719,106.07071,84,Moderate,1,11.3,96,0.9,21.8,35,1011.5,100,12.6,12.9,563.0,9.9,53.0,10.8
2026-02-08 17:00:00,2026,2,8,17,Thái Nguyên,Xã Võ Nhai,21.7551719,106.07071,82,Moderate,1,10.9,97,1.4,22.0,37,1011.8,100,10.2,10.4,565.0,9.5,54.0,10.6
2026-02-08 18:00:00,2026,2,8,18,Thái Nguyên,Xã Võ Nhai,21.7551719,106.07071,80,Moderate,1,10.9,94,0.4,21.6,37,1012.0,100,7.4,7.4,570.0,8.6,57.0,10.5
2026-02-08 19:00:00,2026,2,8,19,Thái Nguyên,Xã Võ Nhai,21.7551719,106.07071,76,Moderate,1,10.9,97,0.2,20.4,34,1012.6,100,13.9,13.9,573.0,7.4,57.0,10.2
2026-02-08 20:00:00,2026,2,8,20,Thái Nguyên,Xã Võ Nhai,21.7551719,106.07071,73,Moderate,1,10.9,95,0.1,22.0,39,1012.4,100,13.9,13.9,570.0,7.2,57.0,10.3
2026-02-08 21:00:00,2026,2,8,21,Thái Nguyên,Xã Võ Nhai,21.7551719,106.07071,70,Moderate,1,11.0,93,0.0,21.5,33,1012.9,100,13.6,13.6,565.0,7.0,57.0,10.5
2026-02-08 22:00:00,2026,2,8,22,Thái Nguyên,Xã Võ Nhai,21.7551719,106.07071,67,Moderate,1,10.6,96,0.7,19.3,33,1013.3,100,13.5,13.6,562.0,6.8,57.0,10.5
2026-02-08 23:00:00,2026,2,8,23,Thái Nguyên,Xã Võ Nhai,21.7551719,106.07071,63,Moderate,1,10.3,97,0.6,19.4,34,1012.9,100,13.6,13.8,566.0,6.6,57.0,10.3
2026-02-09 00:00:00,2026,2,9,0,Thái Nguyên,Xã Võ Nhai,21.7551719,106.07071,59,Moderate,1,10.4,94,0.2,19.0,33,1012.5,100,13.8,14.0,572.0,6.5,57.0,9.9
2026-02-09 01:00:00,2026,2,9,1,Thái Nguyên,Xã Võ Nhai,21.7551719,106.07071,56,Moderate,1,10.4,97,0.1,18.2,33,1011.9,100,14.1,14.4,573.0,6.5,56.0,9.6
2026-02-09 02:00:00,2026,2,9,2,Thái Nguyên,Xã Võ Nhai,21.7551719,106.07071,53,Moderate,1,10.3,96,0.1,16.9,31,1011.2,100,14.6,15.0,563.0,6.5,55.0,9.4
2026-02-09 03:00:00,2026,2,9,3,Thái Nguyên,Xã Võ Nhai,21.7551719,106.07071,50,Good,0,10.2,98,0.5,15.8,34,1010.8,100,15.1,15.6,549.0,6.6,54.0,9.2
2026-02-09 04:00:00,2026,2,9,4,Thái Nguyên,Xã Võ Nhai,21.7551719,106.07071,47,Good,0,10.2,98,0.3,14.3,31,1010.5,100,15.8,16.4,541.0,7.0,53.0,9.2
2026-02-09 05:00:00,2026,2,9,5,Thái Nguyên,Xã Võ Nhai,21.7551719,106.07071,46,Good,0,10.2,98,0.3,13.0,28,1010.3,100,16.7,17.4,546.0,7.8,51.0,9.2
2026-02-09 06:00:00,2026,2,9,6,Thái Nguyên,Xã Võ Nhai,21.7551719,106.07071,46,Good,0,10.3,98,0.3,11.9,27,1010.9,100,17.9,18.7,557.0,8.9,48.0,9.3
2026-02-09 07:00:00,2026,2,9,7,Thái Nguyên,Xã Võ Nhai,21.7551719,106.07071,47,Good,0,10.4,98,0.6,10.8,28,1011.2,100,14.6,15.2,565.0,8.9,49.0,8.8
2026-02-09 08:00:00,2026,2,9,8,Thái Nguyên,Xã Võ Nhai,21.7551719,106.07071,48,Good,0,10.8,98,0.2,10.2,28,1011.8,100,15.9,16.6,568.0,9.4,49.0,9.4
2026-02-09 09:00:00,2026,2,9,9,Thái Nguyên,Xã Võ Nhai,21.7551719,106.07071,50,Good,0,11.1,98,0.3,8.5,36,1012.3,100,16.9,17.6,567.0,10.1,49.0,10.3
2026-02-09 10:00:00,2026,2,9,10,Thái Nguyên,Xã Võ Nhai,21.7551719,106.07071,51,Moderate,1,12.5,92,0.1,6.0,25,1012.4,100,17.7,18.5,560.0,10.6,50.0,11.8
2026-02-09 11:00:00,2026,2,9,11,Thái Nguyên,Xã Võ Nhai,21.7551719,106.07071,52,Moderate,1,13.9,91,0.1,4.5,29,1011.4,100,18.7,19.6,540.0,10.8,52.0,14.1
2026-02-09 12:00:00,2026,2,9,12,Thái Nguyên,Xã Võ Nhai,21.7551719,106.07071,53,Moderate,1,16.2,76,0.0,2.3,108,1009.8,100,20.2,21.1,513.0,10.8,56.0,17.0
2026-02-09 13:00:00,2026,2,9,13,Thái Nguyên,Xã Võ Nhai,21.7551719,106.07071,55,Moderate,1,14.5,89,0.0,2.2,48,1008.8,100,23.6,24.6,492.0,11.1,59.0,19.6
2026-02-09 14:00:00,2026,2,9,14,Thái Nguyên,Xã Võ Nhai,21.7551719,106.07071,56,Moderate,1,15.2,81,0.0,1.9,49,1007.7,100,26.4,27.4,483.0,11.3,63.0,21.6
2026-02-09 15:00:00,2026,2,9,15,Thái Nguyên,Xã Võ Nhai,21.7551719,106.07071,58,Moderate,1,15.9,77,0.0,2.5,150,1007.0,100,27.9,28.9,480.0,11.7,67.0,23.2
2026-02-09 16:00:00,2026,2,9,16,Thái Nguyên,Xã Võ Nhai,21.7551719,106.07071,59,Moderate,1,16.1,77,0.0,3.7,137,1006.6,100,28.8,29.9,482.0,13.7,67.0,24.6
2026-02-09 17:00:00,2026,2,9,17,Thái Nguyên,Xã Võ Nhai,21.7551719,106.07071,60,Moderate,1,15.8,78,0.0,4.6,126,1006.4,100,30.7,31.9,491.0,18.6,58.0,25.5
2026-02-09 18:00:00,2026,2,9,18,Thái Nguyên,Xã Võ Nhai,21.7551719,106.07071,62,Moderate,1,14.8,86,0.0,2.5,150,1006.6,100,38.3,39.3,504.0,25.1,44.0,26.2
2026-02-09 19:00:00,2026,2,9,19,Thái Nguyên,Xã Võ Nhai,21.7551719,106.07071,65,Moderate,1,13.3,87,0.0,3.7,104,1007.3,100,46.7,47.7,514.0,30.3,30.0,31.9
2026-02-09 20:00:00,2026,2,9,20,Thái Nguyên,Xã Võ Nhai,21.7551719,106.07071,68,Moderate,1,13.1,89,0.0,3.5,78,1008.2,100,52.0,53.0,518.0,34.2,24.0,33.1
2026-02-09 21:00:00,2026,2,9,21,Thái Nguyên,Xã Võ Nhai,21.7551719,106.07071,71,Moderate,1,13.1,90,0.0,4.5,43,1008.3,100,59.5,60.3,518.0,39.4,16.0,34.7
2026-02-09 22:00:00,2026,2,9,22,Thái Nguyên,Xã Võ Nhai,21.7551719,106.07071,75,Moderate,1,13.3,88,0.0,5.2,29,1008.0,100,66.1,67.1,516.0,42.4,10.0,34.7
2026-02-09 23:00:00,2026,2,9,23,Thái Nguyên,Xã Võ Nhai,21.7551719,106.07071,80,Moderate,1,13.3,89,0.0,3.9,22,1007.8,100,70.1,70.8,510.0,41.1,9.0,31.7
2026-02-10 00:00:00,2026,2,10,0,Thái Nguyên,Xã Võ Nhai,21.7551719,106.07071,85,Moderate,1,13.5,89,0.0,3.7,14,1007.6,100,67.1,67.8,500.0,37.4,10.0,27.1
2026-02-10 01:00:00,2026,2,10,1,Thái Nguyên,Xã Võ Nhai,21.7551719,106.07071,90,Moderate,1,13.5,92,0.0,2.6,25,1007.4,100,56.6,57.2,491.0,33.9,11.0,23.4
2026-02-10 02:00:00,2026,2,10,2,Thái Nguyên,Xã Võ Nhai,21.7551719,106.07071,93,Moderate,1,13.7,93,0.1,2.5,30,1006.9,100,49.5,50.1,480.0,31.1,12.0,21.5
2026-02-10 03:00:00,2026,2,10,3,Thái Nguyên,Xã Võ Nhai,21.7551719,106.07071,97,Moderate,1,13.7,94,0.0,2.6,12,1006.6,100,48.5,49.1,469.0,28.5,13.0,20.4
2026-02-10 04:00:00,2026,2,10,4,Thái Nguyên,Xã Võ Nhai,21.7551719,106.07071,99,Moderate,1,13.8,94,0.0,2.9,22,1006.4,100,48.0,48.7,468.0,26.5,13.0,19.6
2026-02-10 05:00:00,2026,2,10,5,Thái Nguyên,Xã Võ Nhai,21.7551719,106.07071,103,Unhealthy for Sensitive Groups,2,13.8,96,0.0,1.5,21,1006.5,100,48.7,49.2,487.0,25.9,11.0,18.3
2026-02-10 06:00:00,2026,2,10,6,Thái Nguyên,Xã Võ Nhai,21.7551719,106.07071,106,Unhealthy for Sensitive Groups,2,14.0,96,0.0,1.5,7,1007.0,100,50.3,51.0,514.0,26.0,8.0,17.3
2026-02-10 07:00:00,2026,2,10,7,Thái Nguyên,Xã Võ Nhai,21.7551719,106.07071,109,Unhealthy for Sensitive Groups,2,14.2,95,0.0,2.4,77,1007.6,100,48.7,49.2,529.0,25.3,10.0,17.4
2026-02-10 08:00:00,2026,2,10,8,Thái Nguyên,Xã Võ Nhai,21.7551719,106.07071,113,Unhealthy for Sensitive Groups,2,15.3,92,0.0,2.1,149,1008.5,100,51.2,51.9,518.0,23.8,18.0,22.2
2026-02-10 09:00:00,2026,2,10,9,Thái Nguyên,Xã Võ Nhai,21.7551719,106.07071,117,Unhealthy for Sensitive Groups,2,15.9,90,0.0,1.4,157,1009.0,100,52.6,53.6,495.0,21.6,29.0,28.5
2026-02-10 10:00:00,2026,2,10,10,Thái Nguyên,Xã Võ Nhai,21.7551719,106.07071,120,Unhealthy for Sensitive Groups,2,17.3,85,0.0,2.9,180,1009.1,100,48.0,49.0,471.0,19.1,42.0,31.9
2026-02-10 11:00:00,2026,2,10,11,Thái Nguyên,Xã Võ Nhai,21.7551719,106.07071,124,Unhealthy for Sensitive Groups,2,17.9,83,0.0,5.0,199,1008.8,100,40.6,41.7,452.0,15.8,58.0,29.1
2026-02-10 12:00:00,2026,2,10,12,Thái Nguyên,Xã Võ Nhai,21.7551719,106.07071,126,Unhealthy for Sensitive Groups,2,18.9,80,0.0,5.0,201,1007.8,100,31.7,32.6,433.0,12.2,75.0,23.4
2026-02-10 13:00:00,2026,2,10,13,Thái Nguyên,Xã Võ Nhai,21.7551719,106.07071,127,Unhealthy for Sensitive Groups,2,19.4,76,0.0,6.8,198,1006.8,100,33.1,34.0,413.0,10.3,88.0,19.4
2026-02-10 14:00:00,2026,2,10,14,Thái Nguyên,Xã Võ Nhai,21.7551719,106.07071,128,Unhealthy for Sensitive Groups,2,20.1,75,0.0,7.8,173,1005.8,100,37.0,38.0,385.0,10.9,95.0,19.4
2026-02-10 15:00:00,2026,2,10,15,Thái Nguyên,Xã Võ Nhai,21.7551719,106.07071,129,Unhealthy for Sensitive Groups,2,20.1,76,0.0,8.0,164,1005.2,100,40.6,41.7,357.0,13.2,97.0,21.2
2026-02-10 16:00:00,2026,2,10,16,Thái Nguyên,Xã Võ Nhai,21.7551719,106.07071,130,Unhealthy for Sensitive Groups,2,20.1,76,0.0,7.4,166,1005.4,100,43.9,44.8,348.0,16.8,94.0,23.1
2026-02-10 17:00:00,2026,2,10,17,Thái Nguyên,Xã Võ Nhai,21.7551719,106.07071,132,Unhealthy for Sensitive Groups,2,19.7,78,0.0,6.0,159,1005.7,100,47.3,48.1,378.0,22.8,83.0,24.9
2026-02-10 18:00:00,2026,2,10,18,Thái Nguyên,Xã Võ Nhai,21.7551719,106.07071,134,Unhealthy for Sensitive Groups,2,18.6,86,0.0,3.2,137,1006.0,100,58.9,59.8,427.0,30.2,66.0,26.8
2026-02-10 19:00:00,2026,2,10,19,Thái Nguyên,Xã Võ Nhai,21.7551719,106.07071,136,Unhealthy for Sensitive Groups,2,18.4,86,0.0,7.1,41,1006.8,100,77.8,79.2,461.0,32.2,51.0,31.2
2026-02-10 20:00:00,2026,2,10,20,Thái Nguyên,Xã Võ Nhai,21.7551719,106.07071,139,Unhealthy for Sensitive Groups,2,17.9,90,0.0,6.8,27,1007.6,100,86.1,87.5,464.0,34.0,43.0,29.9
2026-02-10 21:00:00,2026,2,10,21,Thái Nguyên,Xã Võ Nhai,21.7551719,106.07071,143,Unhealthy for Sensitive Groups,2,18.1,88,0.0,7.3,31,1008.5,100,90.8,92.2,451.0,36.3,33.0,28.0
2026-02-10 22:00:00,2026,2,10,22,Thái Nguyên,Xã Võ Nhai,21.7551719,106.07071,146,Unhealthy for Sensitive Groups,2,17.9,90,0.0,7.6,34,1008.6,100,93.1,94.5,436.0,37.5,24.0,25.4
2026-02-10 23:00:00,2026,2,10,23,Thái Nguyên,Xã Võ Nhai,21.7551719,106.07071,149,Unhealthy for Sensitive Groups,2,18.1,90,0.0,7.7,30,1008.5,100,93.1,94.5,422.0,36.8,18.0,21.4
2026-02-11 00:00:00,2026,2,11,0,Thái Nguyên,Xã Võ Nhai,21.7551719,106.07071,150,Unhealthy for Sensitive Groups,2,18.0,91,0.0,10.3,29,1008.7,100,90.3,91.5,407.0,35.0,14.0,16.8
2026-02-11 01:00:00,2026,2,11,1,Thái Nguyên,Xã Võ Nhai,21.7551719,106.07071,151,Unhealthy,3,17.9,95,0.0,10.7,37,1009.0,100,84.3,85.2,392.0,32.3,12.0,13.3
2026-02-11 02:00:00,2026,2,11,2,Thái Nguyên,Xã Võ Nhai,21.7551719,106.07071,151,Unhealthy,3,17.7,94,0.0,11.5,35,1008.7,100,75.0,75.9,376.0,28.4,14.0,11.9
2026-02-11 03:00:00,2026,2,11,3,Thái Nguyên,Xã Võ Nhai,21.7551719,106.07071,152,Unhealthy,3,17.4,93,0.0,12.4,30,1008.6,100,66.6,67.5,360.0,23.6,18.0,11.7
2026-02-11 04:00:00,2026,2,11,4,Thái Nguyên,Xã Võ Nhai,21.7551719,106.07071,152,Unhealthy,3,16.9,93,0.1,15.5,25,1008.9,100,58.6,59.3,356.0,19.4,22.0,12.1
2026-02-11 05:00:00,2026,2,11,5,Thái Nguyên,Xã Võ Nhai,21.7551719,106.07071,153,Unhealthy,3,16.4,93,0.2,18.1,25,1009.1,100,48.0,48.7,371.0,16.2,23.0,13.2
2026-02-11 06:00:00,2026,2,11,6,Thái Nguyên,Xã Võ Nhai,21.7551719,106.07071,153,Unhealthy,3,15.6,93,0.2,19.1,30,1010.0,100,28.3,28.5,398.0,13.5,23.0,14.8
2026-02-11 07:00:00,2026,2,11,7,Thái Nguyên,Xã Võ Nhai,21.7551719,106.07071,152,Unhealthy,3,15.0,94,0.0,18.9,36,1010.7,100,15.0,15.1,422.0,11.0,27.0,16.0
2026-02-11 08:00:00,2026,2,11,8,Thái Nguyên,Xã Võ Nhai,21.7551719,106.07071,151,Unhealthy,3,15.2,90,0.0,18.5,36,1011.3,100,6.1,6.1,439.0,10.0,31.0,15.1
2026-02-11 09:00:00,2026,2,11,9,Thái Nguyên,Xã Võ Nhai,21.7551719,106.07071,150,Unhealthy for Sensitive Groups,2,15.6,86,0.0,17.7,30,1012.2,100,5.2,5.2,454.0,8.7,37.0,13.8
2026-02-11 10:00:00,2026,2,11,10,Thái Nguyên,Xã Võ Nhai,21.7551719,106.07071,147,Unhealthy for Sensitive Groups,2,16.4,81,0.0,18.6,30,1012.7,100,5.6,5.7,466.0,7.8,42.0,13.1
2026-02-11 11:00:00,2026,2,11,11,Thái Nguyên,Xã Võ Nhai,21.7551719,106.07071,142,Unhealthy for Sensitive Groups,2,16.4,80,0.0,17.6,28,1011.7,100,5.6,5.7,478.0,7.6,47.0,13.0
2026-02-11 12:00:00,2026,2,11,12,Thái Nguyên,Xã Võ Nhai,21.7551719,106.07071,139,Unhealthy for Sensitive Groups,2,17.3,76,0.0,15.4,24,1010.4,100,6.7,6.7,487.0,7.8,52.0,13.4
2026-02-11 13:00:00,2026,2,11,13,Thái Nguyên,Xã Võ Nhai,21.7551719,106.07071,136,Unhealthy for Sensitive Groups,2,16.7,77,0.0,14.3,23,1009.8,100,7.6,7.7,489.0,8.4,56.0,14.8
2026-02-11 14:00:00,2026,2,11,14,Thái Nguyên,Xã Võ Nhai,21.7551719,106.07071,133,Unhealthy for Sensitive Groups,2,17.0,77,0.0,14.0,28,1008.7,100,8.4,8.5,476.0,9.1,60.0,18.0
2026-02-11 15:00:00,2026,2,11,15,Thái Nguyên,Xã Võ Nhai,21.7551719,106.07071,130,Unhealthy for Sensitive Groups,2,17.4,76,0.0,12.6,26,1007.9,100,9.3,9.5,455.0,10.1,64.0,22.2
2026-02-11 16:00:00,2026,2,11,16,Thái Nguyên,Xã Võ Nhai,21.7551719,106.07071,127,Unhealthy for Sensitive Groups,2,17.5,76,0.0,11.3,22,1007.6,100,10.3,10.5,441.0,12.0,64.0,25.2
2026-02-11 17:00:00,2026,2,11,17,Thái Nguyên,Xã Võ Nhai,21.7551719,106.07071,124,Unhealthy for Sensitive Groups,2,17.3,78,0.0,10.6,23,1007.3,100,11.8,12.1,442.0,15.6,58.0,26.4
2026-02-11 18:00:00,2026,2,11,18,Thái Nguyên,Xã Võ Nhai,21.7551719,106.07071,120,Unhealthy for Sensitive Groups,2,16.9,79,0.0,10.3,29,1007.2,100,19.8,20.1,450.0,20.0,49.0,26.5
2026-02-11 19:00:00,2026,2,11,19,Thái Nguyên,Xã Võ Nhai,21.7551719,106.07071,116,Unhealthy for Sensitive Groups,2,16.1,82,0.0,9.5,27,1007.4,100,15.5,15.5,455.0,15.6,37.0,15.9
2026-02-11 20:00:00,2026,2,11,20,Thái Nguyên,Xã Võ Nhai,21.7551719,106.07071,109,Unhealthy for Sensitive Groups,2,16.1,82,0.0,9.5,22,1007.7,100,16.5,16.5,453.0,15.5,36.0,15.7
2026-02-11 21:00:00,2026,2,11,21,Thái Nguyên,Xã Võ Nhai,21.7551719,106.07071,102,Unhealthy for Sensitive Groups,2,16.1,82,0.0,8.7,24,1008.1,100,18.2,18.3,449.0,15.3,35.0,15.4
2026-02-11 22:00:00,2026,2,11,22,Thái Nguyên,Xã Võ Nhai,21.7551719,106.07071,95,Moderate,1,16.0,83,0.0,9.4,20,1008.0,100,19.4,19.5,446.0,15.3,33.0,14.9
2026-02-11 23:00:00,2026,2,11,23,Thái Nguyên,Xã Võ Nhai,21.7551719,106.07071,89,Moderate,1,16.0,83,0.0,9.0,30,1008.1,100,20.1,20.2,446.0,15.5,31.0,14.1
2026-02-12 00:00:00,2026,2,12,0,Thái Nguyên,Xã Võ Nhai,21.7551719,106.07071,82,Moderate,1,16.0,84,0.0,8.0,36,1008.0,100,21.5,21.6,447.0,15.9,28.0,13.2
2026-02-12 01:00:00,2026,2,12,1,Thái Nguyên,Xã Võ Nhai,21.7551719,106.07071,76,Moderate,1,15.6,88,0.0,7.8,37,1007.7,100,23.5,23.6,446.0,16.2,26.0,12.3
2026-02-12 02:00:00,2026,2,12,2,Thái Nguyên,Xã Võ Nhai,21.7551719,106.07071,71,Moderate,1,15.6,89,0.0,7.9,35,1007.1,100,23.9,24.0,441.0,16.3,24.0,11.5
2026-02-12 03:00:00,2026,2,12,3,Thái Nguyên,Xã Võ Nhai,21.7551719,106.07071,66,Moderate,1,15.7,89,0.1,7.5,35,1006.6,100,24.2,24.3,434.0,16.4,21.0,10.8
2026-02-12 04:00:00,2026,2,12,4,Thái Nguyên,Xã Võ Nhai,21.7551719,106.07071,63,Moderate,1,15.6,91,0.1,8.0,31,1006.4,100,25.0,25.1,432.0,16.7,19.0,10.3
2026-02-12 05:00:00,2026,2,12,5,Thái Nguyên,Xã Võ Nhai,21.7551719,106.07071,60,Moderate,1,15.7,92,0.0,7.5,33,1006.4,100,25.4,25.4,444.0,17.4,16.0,9.9
2026-02-12 06:00:00,2026,2,12,6,Thái Nguyên,Xã Võ Nhai,21.7551719,106.07071,58,Moderate,1,16.0,91,0.0,7.1,45,1006.9,100,26.1,26.2,462.0,18.3,13.0,9.8
2026-02-12 07:00:00,2026,2,12,7,Thái Nguyên,Xã Võ Nhai,21.7551719,106.07071,57,Moderate,1,15.7,94,0.0,6.0,27,1007.8,100,26.6,26.7,467.0,20.9,10.0,11.1
2026-02-12 08:00:00,2026,2,12,8,Thái Nguyên,Xã Võ Nhai,21.7551719,106.07071,58,Moderate,1,16.5,94,0.0,4.7,4,1008.3,100,28.5,28.6,448.0,21.0,16.0,14.6
2026-02-12 09:00:00,2026,2,12,9,Thái Nguyên,Xã Võ Nhai,21.7551719,106.07071,60,Moderate,1,17.2,93,0.2,1.5,14,1009.0,100,28.2,28.5,416.0,21.1,24.0,19.4
2026-02-12 10:00:00,2026,2,12,10,Thái Nguyên,Xã Võ Nhai,21.7551719,106.07071,62,Moderate,1,18.1,91,0.1,2.7,70,1009.4,100,29.2,29.7,384.0,20.6,35.0,22.1
2026-02-12 11:00:00,2026,2,12,11,Thái Nguyên,Xã Võ Nhai,21.7551719,106.07071,64,Moderate,1,19.1,87,0.0,6.9,139,1008.4,100,30.3,31.1,351.0,18.9,50.0,20.9
2026-02-12 12:00:00,2026,2,12,12,Thái Nguyên,Xã Võ Nhai,21.7551719,106.07071,67,Moderate,1,19.5,87,0.1,10.2,157,1007.2,100,30.3,31.4,317.0,16.5,66.0,17.6
2026-02-12 13:00:00,2026,2,12,13,Thái Nguyên,Xã Võ Nhai,21.7551719,106.07071,69,Moderate,1,19.0,88,0.1,8.9,166,1006.4,100,30.6,31.8,302.0,15.0,79.0,15.1
2026-02-12 14:00:00,2026,2,12,14,Thái Nguyên,Xã Võ Nhai,21.7551719,106.07071,71,Moderate,1,19.3,87,0.0,8.6,165,1005.6,100,32.4,33.5,320.0,14.5,85.0,14.4
2026-02-12 15:00:00,2026,2,12,15,Thái Nguyên,Xã Võ Nhai,21.7551719,106.07071,73,Moderate,1,20.7,82,0.1,10.3,173,1004.7,100,35.4,36.4,356.0,14.8,87.0,14.3
2026-02-12 16:00:00,2026,2,12,16,Thái Nguyên,Xã Võ Nhai,21.7551719,106.07071,75,Moderate,1,21.1,81,0.1,8.6,168,1004.1,100,37.8,38.9,382.0,16.4,85.0,14.7
2026-02-12 17:00:00,2026,2,12,17,Thái Nguyên,Xã Võ Nhai,21.7551719,106.07071,78,Moderate,1,20.4,87,0.0,6.1,146,1004.0,100,45.1,46.1,386.0,20.5,76.0,15.7
2026-02-12 18:00:00,2026,2,12,18,Thái Nguyên,Xã Võ Nhai,21.7551719,106.07071,81,Moderate,1,19.7,91,0.0,4.7,140,1004.3,100,54.4,55.6,379.0,25.8,62.0,17.0
2026-02-12 19:00:00,2026,2,12,19,Thái Nguyên,Xã Võ Nhai,21.7551719,106.07071,84,Moderate,1,18.9,96,0.1,5.4,127,1004.5,100,60.8,62.4,366.0,33.7,37.0,17.6
2026-02-12 20:00:00,2026,2,12,20,Thái Nguyên,Xã Võ Nhai,21.7551719,106.07071,88,Moderate,1,19.0,97,0.0,8.5,145,1005.0,100,56.8,58.1,345.0,32.4,38.0,17.1
2026-02-12 21:00:00,2026,2,12,21,Thái Nguyên,Xã Võ Nhai,21.7551719,106.07071,91,Moderate,1,19.0,97,0.0,8.5,152,1005.3,100,49.2,50.3,320.0,30.5,40.0,16.4
2026-02-12 22:00:00,2026,2,12,22,Thái Nguyên,Xã Võ Nhai,21.7551719,106.07071,94,Moderate,1,18.8,98,0.0,8.1,149,1005.2,100,43.8,44.7,301.0,28.5,42.0,15.7
2026-02-12 23:00:00,2026,2,12,23,Thái Nguyên,Xã Võ Nhai,21.7551719,106.07071,96,Moderate,1,18.6,98,0.0,8.2,154,1005.2,100,40.0,41.0,298.0,26.4,44.0,15.2
2026-02-13 00:00:00,2026,2,13,0,Thái Nguyên,Xã Võ Nhai,21.7551719,106.07071,98,Moderate,1,18.4,99,0.0,8.0,149,1004.8,100,37.7,38.6,302.0,24.2,46.0,14.8
2026-02-13 01:00:00,2026,2,13,1,Thái Nguyên,Xã Võ Nhai,21.7551719,106.07071,99,Moderate,1,18.5,100,0.0,8.2,139,1004.3,100,39.7,40.6,303.0,22.2,47.0,14.0
2026-02-13 02:00:00,2026,2,13,2,Thái Nguyên,Xã Võ Nhai,21.7551719,106.07071,101,Unhealthy for Sensitive Groups,2,18.6,100,0.0,8.8,133,1003.9,100,43.5,44.5,296.0,20.4,44.0,12.4
2026-02-13 03:00:00,2026,2,13,3,Thái Nguyên,Xã Võ Nhai,21.7551719,106.07071,103,Unhealthy for Sensitive Groups,2,18.7,99,0.1,8.9,133,1003.6,100,45.8,46.7,286.0,18.9,40.0,10.4
2026-02-13 04:00:00,2026,2,13,4,Thái Nguyên,Xã Võ Nhai,21.7551719,106.07071,105,Unhealthy for Sensitive Groups,2,18.7,99,0.5,6.5,150,1003.7,100,46.8,47.5,278.0,17.7,37.0,8.9
2026-02-13 05:00:00,2026,2,13,5,Thái Nguyên,Xã Võ Nhai,21.7551719,106.07071,108,Unhealthy for Sensitive Groups,2,18.7,99,1.2,11.9,131,1003.7,100,46.6,47.3,274.0,17.1,37.0,8.4
2026-02-13 06:00:00,2026,2,13,6,Thái Nguyên,Xã Võ Nhai,21.7551719,106.07071,110,Unhealthy for Sensitive Groups,2,18.8,99,0.4,14.8,127,1004.2,100,45.8,46.3,272.0,16.9,40.0,8.5
2026-02-13 07:00:00,2026,2,13,7,Thái Nguyên,Xã Võ Nhai,21.7551719,106.07071,112,Unhealthy for Sensitive Groups,2,18.8,99,0.0,7.1,156,1005.0,100,50.2,51.9,272.0,15.6,47.0,8.4
2026-02-13 08:00:00,2026,2,13,8,Thái Nguyên,Xã Võ Nhai,21.7551719,106.07071,114,Unhealthy for Sensitive Groups,2,19.0,100,0.8,12.1,159,1005.6,100,47.1,49.2,274.0,15.3,53.0,9.6
2026-02-13 09:00:00,2026,2,13,9,Thái Nguyên,Xã Võ Nhai,21.7551719,106.07071,116,Unhealthy for Sensitive Groups,2,19.4,100,0.2,12.2,156,1006.5,100,32.6,35.4,279.0,15.0,61.0,11.3
2026-02-13 10:00:00,2026,2,13,10,Thái Nguyên,Xã Võ Nhai,21.7551719,106.07071,117,Unhealthy for Sensitive Groups,2,20.0,96,0.2,11.8,167,1007.2,100,30.7,33.3,280.0,14.6,69.0,12.8
2026-02-13 11:00:00,2026,2,13,11,Thái Nguyên,Xã Võ Nhai,21.7551719,106.07071,117,Unhealthy for Sensitive Groups,2,20.7,93,0.2,12.5,162,1006.3,100,27.8,30.4,275.0,14.2,76.0,13.8
2026-02-13 12:00:00,2026,2,13,12,Thái Nguyên,Xã Võ Nhai,21.7551719,106.07071,117,Unhealthy for Sensitive Groups,2,22.0,83,0.0,12.9,159,1004.9,100,26.2,28.5,267.0,13.8,82.0,14.6
2026-02-13 13:00:00,2026,2,13,13,Thái Nguyên,Xã Võ Nhai,21.7551719,106.07071,116,Unhealthy for Sensitive Groups,2,22.7,78,0.1,11.6,164,1004.1,100,27.2,29.4,265.0,13.6,87.0,15.5
2026-02-13 14:00:00,2026,2,13,14,Thái Nguyên,Xã Võ Nhai,21.7551719,106.07071,116,Unhealthy for Sensitive Groups,2,22.7,78,0.2,12.8,171,1003.3,100,29.0,31.1,276.0,13.7,91.0,16.8
2026-02-13 15:00:00,2026,2,13,15,Thái Nguyên,Xã Võ Nhai,21.7551719,106.07071,115,Unhealthy for Sensitive Groups,2,22.5,79,0.0,11.0,165,1002.6,100,29.9,32.0,292.0,14.0,94.0,18.1
2026-02-13 16:00:00,2026,2,13,16,Thái Nguyên,Xã Võ Nhai,21.7551719,106.07071,115,Unhealthy for Sensitive Groups,2,22.4,80,0.0,11.3,158,1002.3,100,29.3,31.4,301.0,14.9,93.0,18.7
2026-02-13 17:00:00,2026,2,13,17,Thái Nguyên,Xã Võ Nhai,21.7551719,106.07071,114,Unhealthy for Sensitive Groups,2,22.1,82,0.0,9.8,150,1002.3,100,28.1,29.9,295.0,16.8,87.0,18.0
2026-02-13 18:00:00,2026,2,13,18,Thái Nguyên,Xã Võ Nhai,21.7551719,106.07071,112,Unhealthy for Sensitive Groups,2,21.5,85,0.0,10.7,140,1002.7,91,26.8,28.4,283.0,19.2,78.0,16.5
2026-02-13 19:00:00,2026,2,13,19,Thái Nguyên,Xã Võ Nhai,21.7551719,106.07071,109,Unhealthy for Sensitive Groups,2,20.1,97,0.0,11.5,134,1002.9,58,29.5,30.9,274.0,21.1,72.0,15.1
2026-02-13 20:00:00,2026,2,13,20,Thái Nguyên,Xã Võ Nhai,21.7551719,106.07071,106,Unhealthy for Sensitive Groups,2,20.0,97,0.0,10.9,134,1004.2,77,24.2,25.4,274.0,20.9,70.0,14.8
2026-02-13 21:00:00,2026,2,13,21,Thái Nguyên,Xã Võ Nhai,21.7551719,106.07071,103,Unhealthy for Sensitive Groups,2,19.6,98,0.0,11.0,139,1005.0,39,20.5,22.7,277.0,20.6,67.0,14.2
2026-02-13 22:00:00,2026,2,13,22,Thái Nguyên,Xã Võ Nhai,21.7551719,106.07071,100,Moderate,1,19.4,99,0.0,10.5,143,1005.4,100,21.4,23.8,281.0,20.3,63.0,13.6
2026-02-13 23:00:00,2026,2,13,23,Thái Nguyên,Xã Võ Nhai,21.7551719,106.07071,98,Moderate,1,19.5,100,0.0,9.6,146,1005.6,100,25.8,28.5,286.0,19.9,59.0,12.9
2026-02-14 00:00:00,2026,2,14,0,Thái Nguyên,Xã Võ Nhai,21.7551719,106.07071,96,Moderate,1,19.5,100,0.0,9.1,142,1005.4,100,34.7,36.4,291.0,19.4,54.0,12.0
2026-02-14 01:00:00,2026,2,14,1,Thái Nguyên,Xã Võ Nhai,21.7551719,106.07071,96,Moderate,1,20.4,100,0.0,14.6,154,1005.3,100,42.8,44.6,293.0,18.8,49.0,10.9
2026-02-14 02:00:00,2026,2,14,2,Thái Nguyên,Xã Võ Nhai,21.7551719,106.07071,96,Moderate,1,20.0,99,0.1,12.3,148,1004.8,99,49.9,51.7,286.0,18.1,44.0,9.3
2026-02-14 03:00:00,2026,2,14,3,Thái Nguyên,Xã Võ Nhai,21.7551719,106.07071,97,Moderate,1,19.6,100,0.0,7.6,133,1004.3,100,55.2,56.7,276.0,17.3,39.0,7.4
2026-02-14 04:00:00,2026,2,14,4,Thái Nguyên,Xã Võ Nhai,21.7551719,106.07071,98,Moderate,1,19.5,100,0.0,6.1,120,1004.1,100,56.3,58.1,272.0,16.9,35.0,6.3
2026-02-14 05:00:00,2026,2,14,5,Thái Nguyên,Xã Võ Nhai,21.7551719,106.07071,99,Moderate,1,19.5,100,0.0,5.5,117,1004.0,100,53.6,55.3,283.0,17.4,31.0,6.3
2026-02-14 06:00:00,2026,2,14,6,Thái Nguyên,Xã Võ Nhai,21.7551719,106.07071,99,Moderate,1,19.5,100,0.0,7.0,134,1004.6,100,45.6,47.0,299.0,18.2,27.0,7.1
2026-02-14 07:00:00,2026,2,14,7,Thái Nguyên,Xã Võ Nhai,21.7551719,106.07071,99,Moderate,1,19.4,99,0.0,7.4,131,1005.5,100,43.4,44.6,305.0,17.5,31.0,7.0
2026-02-14 08:00:00,2026,2,14,8,Thái Nguyên,Xã Võ Nhai,21.7551719,106.07071,99,Moderate,1,19.7,97,0.1,8.8,145,1005.9,100,32.1,33.9,287.0,15.4,43.0,8.5
2026-02-14 09:00:00,2026,2,14,9,Thái Nguyên,Xã Võ Nhai,21.7551719,106.07071,97,Moderate,1,20.6,91,0.1,9.0,158,1006.6,95,25.4,27.2,258.0,12.6,60.0,10.7
2026-02-14 10:00:00,2026,2,14,10,Thái Nguyên,Xã Võ Nhai,21.7551719,106.07071,97,Moderate,1,22.4,77,0.1,9.3,172,1006.3,91,26.0,27.7,238.0,10.6,74.0,12.8
2026-02-14 11:00:00,2026,2,14,11,Thái Nguyên,Xã Võ Nhai,21.7551719,106.07071,96,Moderate,1,23.3,73,0.1,9.0,181,1005.6,100,34.0,35.9,235.0,10.3,83.0,14.7
2026-02-14 12:00:00,2026,2,14,12,Thái Nguyên,Xã Võ Nhai,21.7551719,106.07071,97,Moderate,1,23.4,75,0.2,9.0,185,1004.4,100,33.2,34.8,242.0,10.8,89.0,16.5
2026-02-14 13:00:00,2026,2,14,13,Thái Nguyên,Xã Võ Nhai,21.7551719,106.07071,98,Moderate,1,23.1,74,0.2,10.5,184,1003.7,100,35.7,37.4,251.0,11.5,94.0,18.1
2026-02-14 14:00:00,2026,2,14,14,Thái Nguyên,Xã Võ Nhai,21.7551719,106.07071,98,Moderate,1,23.9,69,0.0,9.2,181,1002.8,100,38.1,39.7,263.0,11.8,99.0,19.4
2026-02-14 15:00:00,2026,2,14,15,Thái Nguyên,Xã Võ Nhai,21.7551719,106.07071,99,Moderate,1,24.5,66,0.0,10.3,180,1001.6,100,40.3,41.9,278.0,12.2,103.0,20.3
2026-02-14 16:00:00,2026,2,14,16,Thái Nguyên,Xã Võ Nhai,21.7551719,106.07071,100,Moderate,1,24.2,68,0.0,10.8,176,1001.3,99,41.0,42.4,290.0,13.5,103.0,20.9
2026-02-14 17:00:00,2026,2,14,17,Thái Nguyên,Xã Võ Nhai,21.7551719,106.07071,101,Unhealthy for Sensitive Groups,2,23.7,72,0.0,8.5,162,1001.5,100,40.9,42.0,298.0,16.8,95.0,21.0
2026-02-14 18:00:00,2026,2,14,18,Thái Nguyên,Xã Võ Nhai,21.7551719,106.07071,103,Unhealthy for Sensitive Groups,2,22.6,78,0.0,6.8,151,1001.9,100,41.4,42.5,303.0,21.0,82.0,20.7
2026-02-14 19:00:00,2026,2,14,19,Thái Nguyên,Xã Võ Nhai,21.7551719,106.07071,104,Unhealthy for Sensitive Groups,2,21.8,88,0.1,13.5,155,1002.7,65,45.6,46.8,308.0,24.5,68.0,20.3
2026-02-14 20:00:00,2026,2,14,20,Thái Nguyên,Xã Võ Nhai,21.7551719,106.07071,106,Unhealthy for Sensitive Groups,2,21.0,90,0.0,12.6,154,1003.3,23,39.1,40.0,313.0,24.1,64.0,18.7
2026-02-14 21:00:00,2026,2,14,21,Thái Nguyên,Xã Võ Nhai,21.7551719,106.07071,107,Unhealthy for Sensitive Groups,2,20.0,93,0.0,10.9,153,1003.8,20,31.5,32.4,318.0,23.6,59.0,16.4
2026-02-14 22:00:00,2026,2,14,22,Thái Nguyên,Xã Võ Nhai,21.7551719,106.07071,108,Unhealthy for Sensitive Groups,2,19.3,96,0.0,10.1,149,1004.0,26,29.1,30.2,324.0,23.0,54.0,14.7
2026-02-14 23:00:00,2026,2,14,23,Thái Nguyên,Xã Võ Nhai,21.7551719,106.07071,109,Unhealthy for Sensitive Groups,2,18.9,99,0.0,10.0,152,1004.1,35,29.9,31.1,333.0,22.3,52.0,14.0
2026-02-15 00:00:00,2026,2,15,0,Thái Nguyên,Xã Võ Nhai,21.7551719,106.07071,110,Unhealthy for Sensitive Groups,2,18.8,99,0.0,9.3,155,1004.0,100,34.1,35.4,343.0,21.5,50.0,13.9
2026-02-15 01:00:00,2026,2,15,1,Thái Nguyên,Xã Võ Nhai,21.7551719,106.07071,110,Unhealthy for Sensitive Groups,2,19.6,100,0.0,10.6,152,1004.0,100,41.2,42.5,348.0,20.6,49.0,13.6
2026-02-15 02:00:00,2026,2,15,2,Thái Nguyên,Xã Võ Nhai,21.7551719,106.07071,109,Unhealthy for Sensitive Groups,2,19.6,100,0.0,11.4,147,1003.3,100,46.4,47.7,343.0,19.3,47.0,12.9
2026-02-15 03:00:00,2026,2,15,3,Thái Nguyên,Xã Võ Nhai,21.7551719,106.07071,109,Unhealthy for Sensitive Groups,2,19.6,100,0.0,12.2,147,1002.8,100,50.3,51.8,333.0,17.9,45.0,12.1
2026-02-15 04:00:00,2026,2,15,4,Thái Nguyên,Xã Võ Nhai,21.7551719,106.07071,109,Unhealthy for Sensitive Groups,2,19.6,100,0.0,10.8,150,1002.5,100,48.1,49.6,328.0,16.7,44.0,11.7
2026-02-15 05:00:00,2026,2,15,5,Thái Nguyên,Xã Võ Nhai,21.7551719,106.07071,108,Unhealthy for Sensitive Groups,2,19.6,100,0.0,9.3,148,1002.6,100,43.1,44.6,336.0,15.8,46.0,11.8
2026-02-15 06:00:00,2026,2,15,6,Thái Nguyên,Xã Võ Nhai,21.7551719,106.07071,107,Unhealthy for Sensitive Groups,2,19.5,100,0.0,9.4,149,1003.0,100,41.2,42.7,350.0,15.1,50.0,12.3
2026-02-15 07:00:00,2026,2,15,7,Thái Nguyên,Xã Võ Nhai,21.7551719,106.07071,106,Unhealthy for Sensitive Groups,2,19.5,100,0.0,8.6,154,1003.7,100,47.7,49.8,353.0,17.2,46.0,10.8
2026-02-15 08:00:00,2026,2,15,8,Thái Nguyên,Xã Võ Nhai,21.7551719,106.07071,107,Unhealthy for Sensitive Groups,2,19.8,98,0.1,10.2,172,1004.5,100,38.8,41.1,337.0,16.6,51.0,12.1
2026-02-15 09:00:00,2026,2,15,9,Thái Nguyên,Xã Võ Nhai,21.7551719,106.07071,107,Unhealthy for Sensitive Groups,2,20.5,93,0.2,11.5,178,1005.2,100,34.7,36.8,311.0,15.7,58.0,13.9
2026-02-15 10:00:00,2026,2,15,10,Thái Nguyên,Xã Võ Nhai,21.7551719,106.07071,108,Unhealthy for Sensitive Groups,2,21.8,86,0.2,11.7,171,1005.4,100,34.6,36.4,289.0,14.3,69.0,15.1
2026-02-15 11:00:00,2026,2,15,11,Thái Nguyên,Xã Võ Nhai,21.7551719,106.07071,109,Unhealthy for Sensitive Groups,2,23.5,76,0.2,13.9,179,1004.8,100,35.4,37.0,275.0,12.1,85.0,15.0
2026-02-15 12:00:00,2026,2,15,12,Thái Nguyên,Xã Võ Nhai,21.7551719,106.07071,109,Unhealthy for Sensitive Groups,2,24.5,69,0.1,15.1,180,1003.5,100,36.4,37.8,265.0,9.4,103.0,14.3
2026-02-15 13:00:00,2026,2,15,13,Thái Nguyên,Xã Võ Nhai,21.7551719,106.07071,110,Unhealthy for Sensitive Groups,2,24.9,65,0.0,14.9,178,1002.6,100,36.3,37.5,260.0,7.4,119.0,13.9
2026-02-15 14:00:00,2026,2,15,14,Thái Nguyên,Xã Võ Nhai,21.7551719,106.07071,110,Unhealthy for Sensitive Groups,2,25.9,62,0.0,14.4,179,1001.3,78,36.6,37.6,261.0,6.0,133.0,14.5
2026-02-15 15:00:00,2026,2,15,15,Thái Nguyên,Xã Võ Nhai,21.7551719,106.07071,110,Unhealthy for Sensitive Groups,2,26.6,58,0.0,13.0,178,1000.4,43,36.0,36.9,266.0,5.3,145.0,15.5
2026-02-15 16:00:00,2026,2,15,16,Thái Nguyên,Xã Võ Nhai,21.7551719,106.07071,109,Unhealthy for Sensitive Groups,2,27.3,54,0.0,13.8,186,999.8,23,33.8,34.8,270.0,5.9,146.0,16.0
2026-02-15 17:00:00,2026,2,15,17,Thái Nguyên,Xã Võ Nhai,21.7551719,106.07071,108,Unhealthy for Sensitive Groups,2,25.5,64,0.0,13.8,168,1000.2,6,29.9,30.7,270.0,8.9,130.0,15.5
2026-02-15 18:00:00,2026,2,15,18,Thái Nguyên,Xã Võ Nhai,21.7551719,106.07071,107,Unhealthy for Sensitive Groups,2,23.1,73,0.0,9.9,161,1000.6,8,26.5,27.3,269.0,13.2,105.0,14.6
2026-02-15 19:00:00,2026,2,15,19,Thái Nguyên,Xã Võ Nhai,21.7551719,106.07071,106,Unhealthy for Sensitive Groups,2,22.3,83,0.0,16.0,151,1001.4,33,26.8,27.7,268.0,17.0,92.0,16.1
2026-02-15 20:00:00,2026,2,15,20,Thái Nguyên,Xã Võ Nhai,21.7551719,106.07071,104,Unhealthy for Sensitive Groups,2,21.2,88,0.0,13.8,151,1002.5,17,20.6,21.7,270.0,18.3,81.0,15.3
2026-02-15 21:00:00,2026,2,15,21,Thái Nguyên,Xã Võ Nhai,21.7551719,106.07071,102,Unhealthy for Sensitive Groups,2,20.2,94,0.0,11.1,150,1003.0,24,21.2,23.3,274.0,20.1,65.0,14.2
2026-02-15 22:00:00,2026,2,15,22,Thái Nguyên,Xã Võ Nhai,21.7551719,106.07071,101,Unhealthy for Sensitive Groups,2,19.7,98,0.0,10.4,150,1003.4,82,25.1,27.5,274.0,21.3,53.0,13.2
2026-02-15 23:00:00,2026,2,15,23,Thái Nguyên,Xã Võ Nhai,21.7551719,106.07071,100,Moderate,1,19.7,99,0.0,9.6,150,1003.2,100,30.9,33.3,268.0,21.7,46.0,12.5
2026-02-16 00:00:00,2026,2,16,0,Thái Nguyên,Xã Võ Nhai,21.7551719,106.07071,100,Moderate,1,20.1,98,0.0,8.6,144,1002.8,100,38.1,39.8,259.0,21.4,42.0,12.0
2026-02-16 01:00:00,2026,2,16,1,Thái Nguyên,Xã Võ Nhai,21.7551719,106.07071,101,Unhealthy for Sensitive Groups,2,20.0,99,0.0,8.8,139,1003.0,100,44.4,46.1,251.0,20.5,41.0,11.4
2026-02-16 02:00:00,2026,2,16,2,Thái Nguyên,Xã Võ Nhai,21.7551719,106.07071,101,Unhealthy for Sensitive Groups,2,20.1,97,0.0,8.9,144,1002.8,100,51.2,53.1,244.0,18.2,44.0,10.4
2026-02-16 03:00:00,2026,2,16,3,Thái Nguyên,Xã Võ Nhai,21.7551719,106.07071,102,Unhealthy for Sensitive Groups,2,19.9,98,0.0,7.9,145,1002.5,100,48.8,50.8,239.0,15.2,49.0,9.4
2026-02-16 04:00:00,2026,2,16,4,Thái Nguyên,Xã Võ Nhai,21.7551719,106.07071,101,Unhealthy for Sensitive Groups,2,19.7,99,0.0,6.7,142,1002.6,100,40.6,42.5,239.0,13.1,53.0,9.0
2026-02-16 05:00:00,2026,2,16,5,Thái Nguyên,Xã Võ Nhai,21.7551719,106.07071,101,Unhealthy for Sensitive Groups,2,19.7,98,0.0,6.9,139,1002.8,100,32.1,33.9,251.0,12.7,54.0,9.6
2026-02-16 06:00:00,2026,2,16,6,Thái Nguyên,Xã Võ Nhai,21.7551719,106.07071,100,Moderate,1,19.7,98,0.1,6.9,133,1003.3,100,32.2,34.0,269.0,13.2,54.0,10.8
2026-02-16 07:00:00,2026,2,16,7,Thái Nguyên,Xã Võ Nhai,21.7551719,106.07071,99,Moderate,1,20.0,99,0.1,9.8,142,1004.4,100,40.6,42.8,276.0,13.8,53.0,11.6
2026-02-16 08:00:00,2026,2,16,8,Thái Nguyên,Xã Võ Nhai,21.7551719,106.07071,98,Moderate,1,20.2,95,0.1,9.3,156,1004.9,100,39.7,41.8,262.0,13.4,56.0,12.9
2026-02-16 09:00:00,2026,2,16,9,Thái Nguyên,Xã Võ Nhai,21.7551719,106.07071,98,Moderate,1,21.4,89,0.2,10.2,173,1005.5,100,37.6,39.7,239.0,12.9,60.0,14.6
2026-02-16 10:00:00,2026,2,16,10,Thái Nguyên,Xã Võ Nhai,21.7551719,106.07071,99,Moderate,1,22.4,83,0.2,10.1,177,1005.6,100,33.1,35.0,222.0,12.1,67.0,15.6
2026-02-16 11:00:00,2026,2,16,11,Thái Nguyên,Xã Võ Nhai,21.7551719,106.07071,98,Moderate,1,23.6,76,0.2,9.4,178,1005.1,100,33.9,35.5,221.0,11.0,77.0,15.3
2026-02-16 12:00:00,2026,2,16,12,Thái Nguyên,Xã Võ Nhai,21.7551719,106.07071,98,Moderate,1,24.1,72,0.1,8.5,174,1004.3,100,36.6,38.2,227.0,9.6,88.0,14.4
2026-02-16 13:00:00,2026,2,16,13,Thái Nguyên,Xã Võ Nhai,21.7551719,106.07071,98,Moderate,1,24.9,68,0.0,8.6,170,1003.2,100,38.4,39.8,233.0,8.5,100.0,13.6
2026-02-16 14:00:00,2026,2,16,14,Thái Nguyên,Xã Võ Nhai,21.7551719,106.07071,98,Moderate,1,25.7,65,0.0,8.0,166,1002.1,100,40.3,41.6,235.0,7.2,113.0,13.0
2026-02-16 15:00:00,2026,2,16,15,Thái Nguyên,Xã Võ Nhai,21.7551719,106.07071,99,Moderate,1,25.8,64,0.0,8.1,156,1001.4,92,41.8,43.2,237.0,6.2,126.0,12.6
2026-02-16 16:00:00,2026,2,16,16,Thái Nguyên,Xã Võ Nhai,21.7551719,106.07071,99,Moderate,1,25.7,63,0.0,8.2,148,1001.3,37,43.3,44.6,243.0,7.0,131.0,12.8
2026-02-16 17:00:00,2026,2,16,17,Thái Nguyên,Xã Võ Nhai,21.7551719,106.07071,100,Moderate,1,24.9,68,0.0,4.2,130,1001.2,12,44.5,45.6,258.0,11.2,124.0,14.0
2026-02-16 18:00:00,2026,2,16,18,Thái Nguyên,Xã Võ Nhai,21.7551719,106.07071,102,Unhealthy for Sensitive Groups,2,22.7,75,0.0,3.1,87,1001.4,23,47.8,48.9,277.0,17.3,109.0,15.9
2026-02-16 19:00:00,2026,2,16,19,Thái Nguyên,Xã Võ Nhai,21.7551719,106.07071,104,Unhealthy for Sensitive Groups,2,22.3,77,0.0,5.2,124,1001.6,31,58.0,59.0,289.0,25.4,85.0,19.4
2026-02-16 20:00:00,2026,2,16,20,Thái Nguyên,Xã Võ Nhai,21.7551719,106.07071,107,Unhealthy for Sensitive Groups,2,22.1,80,0.0,10.9,147,1002.7,55,60.3,61.5,289.0,25.5,79.0,19.6
2026-02-16 21:00:00,2026,2,16,21,Thái Nguyên,Xã Võ Nhai,21.7551719,106.07071,111,Unhealthy for Sensitive Groups,2,20.8,90,0.0,8.7,137,1003.2,12,53.9,54.8,282.0,25.8,70.0,19.9
2026-02-16 22:00:00,2026,2,16,22,Thái Nguyên,Xã Võ Nhai,21.7551719,106.07071,115,Unhealthy for Sensitive Groups,2,20.0,95,0.0,8.2,130,1003.6,7,46.2,47.1,274.0,26.2,61.0,19.9
2026-02-16 23:00:00,2026,2,16,23,Thái Nguyên,Xã Võ Nhai,21.7551719,106.07071,117,Unhealthy for Sensitive Groups,2,19.4,96,0.0,6.0,107,1004.1,4,42.7,43.9,264.0,27.1,53.0,19.4
2026-02-17 00:00:00,2026,2,17,0,Thái Nguyên,Xã Võ Nhai,21.7551719,106.07071,118,Unhealthy for Sensitive Groups,2,19.0,96,0.0,4.5,74,1004.4,9,43.2,44.5,254.0,28.3,46.0,18.7
2026-02-17 01:00:00,2026,2,17,1,Thái Nguyên,Xã Võ Nhai,21.7551719,106.07071,119,Unhealthy for Sensitive Groups,2,19.7,98,0.0,4.7,81,1004.2,19,45.2,47.5,253.0,28.9,40.0,17.7
2026-02-17 02:00:00,2026,2,17,2,Thái Nguyên,Xã Võ Nhai,21.7551719,106.07071,119,Unhealthy for Sensitive Groups,2,19.7,98,0.0,5.0,75,1003.8,61,49.7,52.7,266.0,29.1,34.0,16.4
2026-02-17 03:00:00,2026,2,17,3,Thái Nguyên,Xã Võ Nhai,21.7551719,106.07071,119,Unhealthy for Sensitive Groups,2,19.7,97,0.0,4.7,72,1003.7,32,54.8,57.4,289.0,28.8,29.0,14.9
2026-02-17 04:00:00,2026,2,17,4,Thái Nguyên,Xã Võ Nhai,21.7551719,106.07071,119,Unhealthy for Sensitive Groups,2,19.4,99,0.0,6.9,60,1003.9,18,55.6,57.3,320.0,26.6,28.0,13.7
2026-02-17 05:00:00,2026,2,17,5,Thái Nguyên,Xã Võ Nhai,21.7551719,106.07071,121,Unhealthy for Sensitive Groups,2,19.2,98,0.0,8.8,39,1004.1,66,43.3,44.1,366.0,20.8,33.0,13.0
2026-02-17 06:00:00,2026,2,17,6,Thái Nguyên,Xã Võ Nhai,21.7551719,106.07071,122,Unhealthy for Sensitive Groups,2,19.5,98,0.0,10.2,34,1005.3,95,29.0,29.3,421.0,13.2,42.0,12.6
2026-02-17 07:00:00,2026,2,17,7,Thái Nguyên,Xã Võ Nhai,21.7551719,106.07071,122,Unhealthy for Sensitive Groups,2,19.3,90,0.0,12.5,40,1006.4,91,26.5,26.9,457.0,13.1,42.0,15.8
2026-02-17 08:00:00,2026,2,17,8,Thái Nguyên,Xã Võ Nhai,21.7551719,106.07071,120,Unhealthy for Sensitive Groups,2,20.2,77,0.0,13.6,30,1007.3,76,20.8,20.9,459.0,11.6,44.0,15.1
2026-02-17 09:00:00,2026,2,17,9,Thái Nguyên,Xã Võ Nhai,21.7551719,106.07071,118,Unhealthy for Sensitive Groups,2,21.1,68,0.0,15.6,37,1008.4,80,20.9,21.0,444.0,9.6,47.0,14.2
2026-02-17 10:00:00,2026,2,17,10,Thái Nguyên,Xã Võ Nhai,21.7551719,106.07071,116,Unhealthy for Sensitive Groups,2,20.8,67,0.0,17.3,39,1009.1,100,22.5,22.8,433.0,8.0,50.0,13.5
2026-02-17 11:00:00,2026,2,17,11,Thái Nguyên,Xã Võ Nhai,21.7551719,106.07071,115,Unhealthy for Sensitive Groups,2,20.5,68,0.0,17.2,37,1008.8,100,22.8,23.1,438.0,7.4,55.0,13.4
2026-02-17 12:00:00,2026,2,17,12,Thái Nguyên,Xã Võ Nhai,21.7551719,106.07071,114,Unhealthy for Sensitive Groups,2,20.1,71,0.1,16.9,36,1008.0,100,23.3,23.6,447.0,7.3,61.0,13.7
2026-02-17 13:00:00,2026,2,17,13,Thái Nguyên,Xã Võ Nhai,21.7551719,106.07071,113,Unhealthy for Sensitive Groups,2,20.4,72,0.0,16.6,37,1007.2,95,24.2,24.5,451.0,7.3,65.0,13.8
2026-02-17 14:00:00,2026,2,17,14,Thái Nguyên,Xã Võ Nhai,21.7551719,106.07071,111,Unhealthy for Sensitive Groups,2,20.9,69,0.0,18.0,35,1006.1,66,23.6,23.8,446.0,7.3,67.0,13.7
2026-02-17 15:00:00,2026,2,17,15,Thái Nguyên,Xã Võ Nhai,21.7551719,106.07071,110,Unhealthy for Sensitive Groups,2,21.2,67,0.0,17.0,39,1005.4,78,22.3,22.5,435.0,7.4,67.0,13.6
2026-02-17 16:00:00,2026,2,17,16,Thái Nguyên,Xã Võ Nhai,21.7551719,106.07071,108,Unhealthy for Sensitive Groups,2,21.2,66,0.0,16.2,40,1005.6,61,20.5,20.6,424.0,7.7,67.0,13.4
2026-02-17 17:00:00,2026,2,17,17,Thái Nguyên,Xã Võ Nhai,21.7551719,106.07071,105,Unhealthy for Sensitive Groups,2,20.6,67,0.0,16.4,40,1005.7,94,19.0,19.1,411.0,8.3,65.0,13.3
2026-02-17 18:00:00,2026,2,17,18,Thái Nguyên,Xã Võ Nhai,21.7551719,106.07071,103,Unhealthy for Sensitive Groups,2,19.3,69,0.0,16.5,37,1006.2,14,18.6,18.7,397.0,9.2,62.0,13.3
2026-02-17 19:00:00,2026,2,17,19,Thái Nguyên,Xã Võ Nhai,21.7551719,106.07071,100,Moderate,1,18.6,75,0.0,15.2,36,1006.6,17,43.4,43.5,386.0,12.3,52.0,26.9
2026-02-17 20:00:00,2026,2,17,20,Thái Nguyên,Xã Võ Nhai,21.7551719,106.07071,98,Moderate,1,17.8,77,0.0,15.5,32,1007.3,68,42.6,42.7,382.0,10.9,53.0,23.6
2026-02-17 21:00:00,2026,2,17,21,Thái Nguyên,Xã Võ Nhai,21.7551719,106.07071,97,Moderate,1,17.5,76,0.0,16.7,32,1008.0,95,46.3,46.6,382.0,9.0,55.0,19.0
2026-02-17 22:00:00,2026,2,17,22,Thái Nguyên,Xã Võ Nhai,21.7551719,106.07071,96,Moderate,1,17.1,77,0.0,18.5,33,1008.5,100,44.9,45.2,381.0,7.7,55.0,15.4
2026-02-17 23:00:00,2026,2,17,23,Thái Nguyên,Xã Võ Nhai,21.7551719,106.07071,96,Moderate,1,16.6,75,0.0,18.7,31,1008.7,100,42.5,42.7,379.0,7.6,53.0,13.7
2026-02-18 00:00:00,2026,2,18,0,Thái Nguyên,Xã Võ Nhai,21.7551719,106.07071,96,Moderate,1,16.3,75,0.0,17.4,30,1008.8,100,40.3,40.5,376.0,8.2,49.0,13.1
2026-02-18 01:00:00,2026,2,18,1,Thái Nguyên,Xã Võ Nhai,21.7551719,106.07071,96,Moderate,1,17.2,76,0.0,17.1,32,1008.5,100,45.3,46.2,374.0,8.8,45.0,12.6
2026-02-18 02:00:00,2026,2,18,2,Thái Nguyên,Xã Võ Nhai,21.7551719,106.07071,96,Moderate,1,16.8,77,0.1,16.9,34,1008.4,100,42.3,42.8,372.0,9.1,42.0,12.1
2026-02-18 03:00:00,2026,2,18,3,Thái Nguyên,Xã Võ Nhai,21.7551719,106.07071,95,Moderate,1,16.1,82,0.1,18.6,33,1008.5,100,38.2,38.5,370.0,9.5,39.0,11.9
2026-02-18 04:00:00,2026,2,18,4,Thái Nguyên,Xã Võ Nhai,21.7551719,106.07071,94,Moderate,1,15.8,82,0.0,16.5,29,1008.5,100,35.0,35.3,374.0,9.9,37.0,11.8
2026-02-18 05:00:00,2026,2,18,5,Thái Nguyên,Xã Võ Nhai,21.7551719,106.07071,92,Moderate,1,15.2,87,0.2,16.7,26,1008.7,100,32.6,32.8,388.0,10.6,35.0,11.9
2026-02-18 06:00:00,2026,2,18,6,Thái Nguyên,Xã Võ Nhai,21.7551719,106.07071,91,Moderate,1,14.7,91,0.4,17.6,29,1009.4,100,30.6,30.7,408.0,11.5,33.0,12.1
2026-02-18 07:00:00,2026,2,18,7,Thái Nguyên,Xã Võ Nhai,21.7551719,106.07071,91,Moderate,1,14.3,96,0.0,16.5,34,1010.5,34,28.7,28.8,422.0,12.4,31.0,13.1
2026-02-18 08:00:00,2026,2,18,8,Thái Nguyên,Xã Võ Nhai,21.7551719,106.07071,91,Moderate,1,15.4,89,0.0,16.0,29,1010.9,89,25.3,25.5,425.0,11.7,33.0,13.6
2026-02-18 09:00:00,2026,2,18,9,Thái Nguyên,Xã Võ Nhai,21.7551719,106.07071,91,Moderate,1,17.0,80,0.0,16.0,27,1011.7,100,22.8,22.9,422.0,10.8,36.0,14.5
2026-02-18 10:00:00,2026,2,18,10,Thái Nguyên,Xã Võ Nhai,21.7551719,106.07071,92,Moderate,1,18.8,71,0.0,15.3,30,1011.9,100,21.1,21.2,417.0,9.8,42.0,15.7
2026-02-18 11:00:00,2026,2,18,11,Thái Nguyên,Xã Võ Nhai,21.7551719,106.07071,92,Moderate,1,19.6,69,0.0,13.3,32,1011.4,100,21.2,21.4,412.0,8.6,54.0,17.6
2026-02-18 12:00:00,2026,2,18,12,Thái Nguyên,Xã Võ Nhai,21.7551719,106.07071,91,Moderate,1,20.7,66,0.0,11.4,35,1010.5,100,23.9,24.1,405.0,7.4,70.0,19.9
2026-02-18 13:00:00,2026,2,18,13,Thái Nguyên,Xã Võ Nhai,21.7551719,106.07071,91,Moderate,1,20.7,67,0.0,7.7,59,1010.2,100,26.8,27.1,398.0,6.9,82.0,22.1
2026-02-18 14:00:00,2026,2,18,14,Thái Nguyên,Xã Võ Nhai,21.7551719,106.07071,92,Moderate,1,21.7,64,0.0,7.1,80,1009.0,100,29.8,30.0,389.0,7.2,89.0,24.0
2026-02-18 15:00:00,2026,2,18,15,Thái Nguyên,Xã Võ Nhai,21.7551719,106.07071,92,Moderate,1,22.0,63,0.0,7.0,100,1008.0,100,32.7,33.1,380.0,8.2,93.0,25.8
2026-02-18 16:00:00,2026,2,18,16,Thái Nguyên,Xã Võ Nhai,21.7551719,106.07071,93,Moderate,1,22.1,62,0.0,7.7,115,1007.7,100,35.7,36.1,382.0,10.7,92.0,27.1
2026-02-18 17:00:00,2026,2,18,17,Thái Nguyên,Xã Võ Nhai,21.7551719,106.07071,94,Moderate,1,21.6,67,0.0,4.8,135,1007.6,100,41.4,41.9,406.0,15.9,83.0,27.5
2026-02-18 18:00:00,2026,2,18,18,Thái Nguyên,Xã Võ Nhai,21.7551719,106.07071,96,Moderate,1,20.3,76,0.0,3.1,126,1008.0,100,56.8,57.3,441.0,22.7,68.0,27.5
2026-02-18 19:00:00,2026,2,18,19,Thái Nguyên,Xã Võ Nhai,21.7551719,106.07071,100,Moderate,1,18.1,81,0.0,6.4,38,1009.0,100,57.7,58.2,465.0,23.3,44.0,36.7
2026-02-18 20:00:00,2026,2,18,20,Thái Nguyên,Xã Võ Nhai,21.7551719,106.07071,101,Unhealthy for Sensitive Groups,2,18.1,77,0.0,8.5,48,1009.3,100,55.9,56.2,468.0,21.8,43.0,34.0
2026-02-18 21:00:00,2026,2,18,21,Thái Nguyên,Xã Võ Nhai,21.7551719,106.07071,103,Unhealthy for Sensitive Groups,2,17.8,78,0.0,8.8,47,1009.5,99,53.4,53.9,460.0,19.7,41.0,30.2
2026-02-18 22:00:00,2026,2,18,22,Thái Nguyên,Xã Võ Nhai,21.7551719,106.07071,103,Unhealthy for Sensitive Groups,2,17.5,79,0.0,9.9,38,1009.7,100,49.8,50.2,452.0,17.6,40.0,26.4
2026-02-18 23:00:00,2026,2,18,23,Thái Nguyên,Xã Võ Nhai,21.7551719,106.07071,104,Unhealthy for Sensitive Groups,2,17.3,79,0.0,9.8,38,1009.7,100,45.5,45.9,447.0,15.4,40.0,22.9
2026-02-19 00:00:00,2026,2,19,0,Thái Nguyên,Xã Võ Nhai,21.7551719,106.07071,104,Unhealthy for Sensitive Groups,2,17.1,80,0.0,9.2,33,1009.9,100,41.1,41.3,443.0,13.2,41.0,19.4
2026-02-19 01:00:00,2026,2,19,1,Thái Nguyên,Xã Võ Nhai,21.7551719,106.07071,104,Unhealthy for Sensitive Groups,2,16.8,82,0.0,8.6,31,1010.0,100,37.1,37.4,440.0,11.5,42.0,16.5
2026-02-19 02:00:00,2026,2,19,2,Thái Nguyên,Xã Võ Nhai,21.7551719,106.07071,103,Unhealthy for Sensitive Groups,2,16.6,83,0.0,9.4,35,1010.0,98,34.6,34.8,438.0,10.7,41.0,14.4
2026-02-19 03:00:00,2026,2,19,3,Thái Nguyên,Xã Võ Nhai,21.7551719,106.07071,103,Unhealthy for Sensitive Groups,2,16.3,84,0.0,10.3,33,1009.7,90,32.8,33.1,437.0,10.5,40.0,13.0
2026-02-19 04:00:00,2026,2,19,4,Thái Nguyên,Xã Võ Nhai,21.7551719,106.07071,102,Unhealthy for Sensitive Groups,2,15.8,86,0.0,10.7,30,1009.6,100,31.3,31.5,441.0,10.7,39.0,12.1
2026-02-19 05:00:00,2026,2,19,5,Thái Nguyên,Xã Võ Nhai,21.7551719,106.07071,102,Unhealthy for Sensitive Groups,2,15.9,85,0.0,10.9,29,1009.9,100,30.4,30.5,457.0,11.8,36.0,11.9
2026-02-19 06:00:00,2026,2,19,6,Thái Nguyên,Xã Võ Nhai,21.7551719,106.07071,102,Unhealthy for Sensitive Groups,2,15.9,84,0.0,11.1,27,1010.5,100,29.7,29.8,478.0,13.3,33.0,12.2
2026-02-19 07:00:00,2026,2,19,7,Thái Nguyên,Xã Võ Nhai,21.7551719,106.07071,101,Unhealthy for Sensitive Groups,2,16.1,85,0.0,9.3,24,1011.5,100,32.1,32.2,489.0,14.5,33.0,14.2
2026-02-19 08:00:00,2026,2,19,8,Thái Nguyên,Xã Võ Nhai,21.7551719,106.07071,102,Unhealthy for Sensitive Groups,2,16.5,83,0.0,10.2,17,1012.0,100,30.4,30.5,482.0,13.0,38.0,15.4
2026-02-19 09:00:00,2026,2,19,9,Thái Nguyên,Xã Võ Nhai,21.7551719,106.07071,102,Unhealthy for Sensitive Groups,2,17.1,80,0.0,12.6,26,1012.7,99,28.9,29.1,465.0,11.0,45.0,17.0
2026-02-19 10:00:00,2026,2,19,10,Thái Nguyên,Xã Võ Nhai,21.7551719,106.07071,103,Unhealthy for Sensitive Groups,2,18.3,75,0.0,12.6,26,1012.9,100,28.8,28.9,447.0,9.2,56.0,18.6
2026-02-19 11:00:00,2026,2,19,11,Thái Nguyên,Xã Võ Nhai,21.7551719,106.07071,104,Unhealthy for Sensitive Groups,2,19.8,70,0.0,11.4,19,1012.4,100,30.2,30.4,428.0,7.9,74.0,20.3
2026-02-19 12:00:00,2026,2,19,12,Thái Nguyên,Xã Võ Nhai,21.7551719,106.07071,105,Unhealthy for Sensitive Groups,2,21.0,66,0.0,8.5,29,1011.4,100,32.0,32.2,408.0,6.8,95.0,21.9
2026-02-19 13:00:00,2026,2,19,13,Thái Nguyên,Xã Võ Nhai,21.7551719,106.07071,106,Unhealthy for Sensitive Groups,2,21.5,65,0.0,7.2,53,1010.6,100,32.7,33.1,396.0,6.0,111.0,22.6
2026-02-19 14:00:00,2026,2,19,14,Thái Nguyên,Xã Võ Nhai,21.7551719,106.07071,106,Unhealthy for Sensitive Groups,2,21.1,65,0.0,10.4,28,1010.1,100,34.1,34.5,397.0,5.5,119.0,21.8
2026-02-19 15:00:00,2026,2,19,15,Thái Nguyên,Xã Võ Nhai,21.7551719,106.07071,107,Unhealthy for Sensitive Groups,2,21.1,65,0.0,9.9,29,1009.7,100,34.7,35.0,406.0,5.4,121.0,20.0
2026-02-19 16:00:00,2026,2,19,16,Thái Nguyên,Xã Võ Nhai,21.7551719,106.07071,107,Unhealthy for Sensitive Groups,2,21.0,65,0.0,9.9,27,1009.3,100,34.7,35.0,414.0,6.0,118.0,18.7
2026-02-19 17:00:00,2026,2,19,17,Thái Nguyên,Xã Võ Nhai,21.7551719,106.07071,107,Unhealthy for Sensitive Groups,2,20.4,66,0.0,13.0,22,1009.2,100,39.3,39.6,416.0,8.0,107.0,18.5
2026-02-19 18:00:00,2026,2,19,18,Thái Nguyên,Xã Võ Nhai,21.7551719,106.07071,106,Unhealthy for Sensitive Groups,2,19.4,70,0.0,12.8,28,1009.4,100,46.9,47.3,417.0,10.7,91.0,18.7
2026-02-19 19:00:00,2026,2,19,19,Thái Nguyên,Xã Võ Nhai,21.7551719,106.07071,105,Unhealthy for Sensitive Groups,2,18.0,75,0.0,14.5,30,1010.2,95,71.0,71.5,428.0,33.0,59.0,25.0
2026-02-19 20:00:00,2026,2,19,20,Thái Nguyên,Xã Võ Nhai,21.7551719,106.07071,107,Unhealthy for Sensitive Groups,2,17.4,78,0.0,15.8,30,1010.9,100,68.7,69.2,461.0,24.8,56.0,22.5
2026-02-19 21:00:00,2026,2,19,21,Thái Nguyên,Xã Võ Nhai,21.7551719,106.07071,108,Unhealthy for Sensitive Groups,2,17.1,78,0.0,16.7,35,1011.2,100,52.4,52.5,502.0,13.5,52.0,19.0
2026-02-19 22:00:00,2026,2,19,22,Thái Nguyên,Xã Võ Nhai,21.7551719,106.07071,108,Unhealthy for Sensitive Groups,2,16.8,78,0.0,15.6,29,1011.6,100,35.9,35.9,523.0,5.4,49.0,15.8
2026-02-19 23:00:00,2026,2,19,23,Thái Nguyên,Xã Võ Nhai,21.7551719,106.07071,107,Unhealthy for Sensitive Groups,2,16.5,80,0.0,15.9,27,1011.7,100,25.2,25.3,502.0,3.5,48.0,13.1
2026-02-20 00:00:00,2026,2,20,0,Thái Nguyên,Xã Võ Nhai,21.7551719,106.07071,104,Unhealthy for Sensitive Groups,2,15.7,87,0.4,17.0,31,1012.0,100,21.4,21.5,461.0,4.7,47.0,10.7
2026-02-20 01:00:00,2026,2,20,1,Thái Nguyên,Xã Võ Nhai,21.7551719,106.07071,102,Unhealthy for Sensitive Groups,2,15.4,95,0.3,16.5,33,1012.1,100,11.0,11.1,429.0,6.0,47.0,8.8
2026-02-20 02:00:00,2026,2,20,2,Thái Nguyên,Xã Võ Nhai,21.7551719,106.07071,100,Moderate,1,15.3,94,0.2,15.7,30,1011.7,100,6.2,6.3,417.0,6.5,47.0,7.7
2026-02-20 03:00:00,2026,2,20,3,Thái Nguyên,Xã Võ Nhai,21.7551719,106.07071,97,Moderate,1,15.5,90,0.3,14.9,30,1011.3,100,5.5,5.6,414.0,7.1,48.0,7.2
2026-02-20 04:00:00,2026,2,20,4,Thái Nguyên,Xã Võ Nhai,21.7551719,106.07071,95,Moderate,1,15.1,94,0.1,14.1,32,1010.7,100,6.4,6.5,425.0,7.9,47.0,7.0
2026-02-20 05:00:00,2026,2,20,5,Thái Nguyên,Xã Võ Nhai,21.7551719,106.07071,93,Moderate,1,15.2,92,0.0,12.3,30,1010.6,100,8.0,8.0,460.0,9.2,43.0,7.1
2026-02-20 06:00:00,2026,2,20,6,Thái Nguyên,Xã Võ Nhai,21.7551719,106.07071,91,Moderate,1,15.4,89,0.0,12.3,29,1010.8,100,10.1,10.1,509.0,10.7,39.0,7.6
2026-02-20 07:00:00,2026,2,20,7,Thái Nguyên,Xã Võ Nhai,21.7551719,106.07071,89,Moderate,1,15.5,84,0.0,10.5,29,1011.1,100,5.8,5.8,541.0,9.7,45.0,8.4
2026-02-20 08:00:00,2026,2,20,8,Thái Nguyên,Xã Võ Nhai,21.7551719,106.07071,87,Moderate,1,16.3,81,0.0,9.2,23,1011.5,100,7.3,7.4,543.0,8.8,51.0,9.6
2026-02-20 09:00:00,2026,2,20,9,Thái Nguyên,Xã Võ Nhai,21.7551719,106.07071,85,Moderate,1,17.8,75,0.0,8.3,14,1011.8,100,9.3,9.4,528.0,7.5,59.0,11.4
2026-02-20 10:00:00,2026,2,20,10,Thái Nguyên,Xã Võ Nhai,21.7551719,106.07071,83,Moderate,1,19.5,68,0.0,7.1,15,1011.8,99,12.4,12.6,506.0,6.3,71.0,12.8
2026-02-20 11:00:00,2026,2,20,11,Thái Nguyên,Xã Võ Nhai,21.7551719,106.07071,81,Moderate,1,21.6,63,0.0,1.5,330,1010.7,82,15.7,16.0,473.0,5.2,89.0,13.6
2026-02-20 12:00:00,2026,2,20,12,Thái Nguyên,Xã Võ Nhai,21.7551719,106.07071,80,Moderate,1,23.1,61,0.0,4.3,204,1008.8,0,18.6,18.9,433.0,4.2,112.0,14.0
2026-02-20 13:00:00,2026,2,20,13,Thái Nguyên,Xã Võ Nhai,21.7551719,106.07071,79,Moderate,1,24.0,58,0.0,8.9,220,1007.9,98,20.4,20.7,404.0,3.6,129.0,14.3
2026-02-20 14:00:00,2026,2,20,14,Thái Nguyên,Xã Võ Nhai,21.7551719,106.07071,78,Moderate,1,23.2,61,0.0,8.4,217,1006.5,100,21.2,21.5,393.0,3.0,140.0,14.0
2026-02-20 15:00:00,2026,2,20,15,Thái Nguyên,Xã Võ Nhai,21.7551719,106.07071,77,Moderate,1,23.4,61,0.0,8.9,214,1005.1,43,21.4,21.7,393.0,2.9,146.0,13.5
2026-02-20 16:00:00,2026,2,20,16,Thái Nguyên,Xã Võ Nhai,21.7551719,106.07071,75,Moderate,1,23.2,62,0.0,8.7,202,1004.2,73,22.4,22.6,406.0,4.6,146.0,13.9
2026-02-20 17:00:00,2026,2,20,17,Thái Nguyên,Xã Võ Nhai,21.7551719,106.07071,74,Moderate,1,22.4,67,0.0,6.3,165,1003.6,53,24.6,24.8,440.0,9.9,136.0,15.8
2026-02-20 18:00:00,2026,2,20,18,Thái Nguyên,Xã Võ Nhai,21.7551719,106.07071,73,Moderate,1,20.4,78,0.0,5.1,163,1003.4,100,30.0,30.3,487.0,17.0,119.0,18.6
2026-02-20 19:00:00,2026,2,20,19,Thái Nguyên,Xã Võ Nhai,21.7551719,106.07071,83,Moderate,1,20.5,77,0.0,8.8,178,1003.7,23,42.4,42.6,522.0,22.6,95.0,18.5
2026-02-20 20:00:00,2026,2,20,20,Thái Nguyên,Xã Võ Nhai,21.7551719,106.07071,84,Moderate,1,19.0,84,0.0,5.8,164,1003.9,9,54.9,55.1,538.0,24.0,87.0,20.1
2026-02-20 21:00:00,2026,2,20,21,Thái Nguyên,Xã Võ Nhai,21.7551719,106.07071,79,Moderate,1,18.5,85,0.0,4.9,152,1003.8,100,56.7,56.8,543.0,25.9,77.0,22.2
2026-02-20 22:00:00,2026,2,20,22,Thái Nguyên,Xã Võ Nhai,21.7551719,106.07071,68,Moderate,1,19.4,82,0.0,12.3,155,1004.1,94,52.6,52.9,537.0,27.3,67.0,23.6
2026-02-20 23:00:00,2026,2,20,23,Thái Nguyên,Xã Võ Nhai,21.7551719,106.07071,70,Moderate,1,18.3,86,0.0,9.5,159,1003.9,83,48.7,48.9,513.0,27.8,59.0,23.8
2026-02-21 00:00:00,2026,2,21,0,Thái Nguyên,Xã Võ Nhai,21.7551719,106.07071,72,Moderate,1,17.2,91,0.0,6.3,145,1003.7,56,45.3,45.8,477.0,27.8,51.0,23.2
2026-02-21 01:00:00,2026,2,21,1,Thái Nguyên,Xã Võ Nhai,21.7551719,106.07071,74,Moderate,1,16.9,94,0.0,7.8,154,1003.4,100,44.1,44.6,450.0,27.3,46.0,22.3
2026-02-21 02:00:00,2026,2,21,2,Thái Nguyên,Xã Võ Nhai,21.7551719,106.07071,77,Moderate,1,17.0,96,0.0,7.5,153,1002.8,100,43.2,43.8,438.0,26.0,44.0,20.8
2026-02-21 03:00:00,2026,2,21,3,Thái Nguyên,Xã Võ Nhai,21.7551719,106.07071,80,Moderate,1,16.9,97,0.0,6.7,142,1002.2,100,43.1,43.8,434.0,24.2,45.0,19.0
2026-02-21 04:00:00,2026,2,21,4,Thái Nguyên,Xã Võ Nhai,21.7551719,106.07071,83,Moderate,1,17.0,97,0.0,7.1,131,1001.4,100,43.5,44.4,437.0,22.8,45.0,17.5
2026-02-21 05:00:00,2026,2,21,5,Thái Nguyên,Xã Võ Nhai,21.7551719,106.07071,87,Moderate,1,16.9,99,0.0,7.8,136,1001.0,100,44.4,45.2,450.0,22.4,44.0,16.7
2026-02-21 06:00:00,2026,2,21,6,Thái Nguyên,Xã Võ Nhai,21.7551719,106.07071,90,Moderate,1,17.1,99,0.0,7.7,147,1000.8,100,45.5,46.3,470.0,22.5,42.0,16.3
2026-02-21 07:00:00,2026,2,21,7,Thái Nguyên,Xã Võ Nhai,21.7551719,106.07071,93,Moderate,1,17.2,99,0.0,7.9,153,1001.4,100,53.0,54.1,482.0,21.6,42.0,15.4
2026-02-21 08:00:00,2026,2,21,8,Thái Nguyên,Xã Võ Nhai,21.7551719,106.07071,97,Moderate,1,17.7,97,0.1,7.6,149,1001.9,100,54.9,56.2,478.0,21.0,47.0,16.1
2026-02-21 09:00:00,2026,2,21,9,Thái Nguyên,Xã Võ Nhai,21.7551719,106.07071,102,Unhealthy for Sensitive Groups,2,18.3,95,0.1,8.6,150,1002.1,100,54.5,56.0,465.0,20.0,55.0,17.0
2026-02-21 10:00:00,2026,2,21,10,Thái Nguyên,Xã Võ Nhai,21.7551719,106.07071,106,Unhealthy for Sensitive Groups,2,19.2,93,0.1,10.7,160,1002.0,100,48.1,49.5,456.0,18.8,65.0,17.7
2026-02-21 11:00:00,2026,2,21,11,Thái Nguyên,Xã Võ Nhai,21.7551719,106.07071,110,Unhealthy for Sensitive Groups,2,19.9,91,0.1,13.1,178,1000.9,100,47.6,48.9,456.0,17.2,78.0,17.8
2026-02-21 12:00:00,2026,2,21,12,Thái Nguyên,Xã Võ Nhai,21.7551719,106.07071,113,Unhealthy for Sensitive Groups,2,21.3,86,0.4,13.0,186,999.4,100,49.2,50.3,459.0,15.4,93.0,17.5
2026-02-21 13:00:00,2026,2,21,13,Thái Nguyên,Xã Võ Nhai,21.7551719,106.07071,117,Unhealthy for Sensitive Groups,2,22.2,80,0.2,13.1,180,998.4,100,51.8,52.7,459.0,13.7,108.0,17.3
2026-02-21 14:00:00,2026,2,21,14,Thái Nguyên,Xã Võ Nhai,21.7551719,106.07071,120,Unhealthy for Sensitive Groups,2,22.8,79,0.3,14.2,183,997.2,100,52.7,53.6,453.0,12.0,124.0,17.3
2026-02-21 15:00:00,2026,2,21,15,Thái Nguyên,Xã Võ Nhai,21.7551719,106.07071,123,Unhealthy for Sensitive Groups,2,23.2,76,0.1,13.3,183,996.2,100,53.8,54.5,444.0,10.6,139.0,17.3
2026-02-21 16:00:00,2026,2,21,16,Thái Nguyên,Xã Võ Nhai,21.7551719,106.07071,127,Unhealthy for Sensitive Groups,2,23.7,74,0.0,11.6,175,995.6,100,54.1,54.7,431.0,10.3,145.0,17.2
2026-02-21 17:00:00,2026,2,21,17,Thái Nguyên,Xã Võ Nhai,21.7551719,106.07071,130,Unhealthy for Sensitive Groups,2,23.5,75,0.0,6.6,143,995.3,3,52.6,53.1,413.0,12.2,135.0,17.1
2026-02-21 18:00:00,2026,2,21,18,Thái Nguyên,Xã Võ Nhai,21.7551719,106.07071,133,Unhealthy for Sensitive Groups,2,21.4,85,0.0,7.0,113,995.2,9,49.2,49.7,392.0,15.3,116.0,17.0
2026-02-21 19:00:00,2026,2,21,19,Thái Nguyên,Xã Võ Nhai,21.7551719,106.07071,135,Unhealthy for Sensitive Groups,2,21.0,88,0.0,13.1,148,995.7,9,44.6,44.9,371.0,20.0,90.0,16.4
2026-02-21 20:00:00,2026,2,21,20,Thái Nguyên,Xã Võ Nhai,21.7551719,106.07071,135,Unhealthy for Sensitive Groups,2,20.5,92,0.0,11.1,144,996.8,21,30.6,31.3,351.0,20.2,79.0,15.5
2026-02-21 21:00:00,2026,2,21,21,Thái Nguyên,Xã Võ Nhai,21.7551719,106.07071,132,Unhealthy for Sensitive Groups,2,19.7,95,0.0,11.4,145,997.5,30,21.2,22.3,332.0,20.4,64.0,14.1
2026-02-21 22:00:00,2026,2,21,22,Thái Nguyên,Xã Võ Nhai,21.7551719,106.07071,129,Unhealthy for Sensitive Groups,2,19.3,97,0.0,10.5,142,998.1,45,19.1,21.2,317.0,20.2,53.0,13.0
2026-02-21 23:00:00,2026,2,21,23,Thái Nguyên,Xã Võ Nhai,21.7551719,106.07071,125,Unhealthy for Sensitive Groups,2,19.1,99,0.0,9.8,140,998.2,100,19.4,21.9,308.0,19.3,50.0,12.3
2026-02-22 00:00:00,2026,2,22,0,Thái Nguyên,Xã Võ Nhai,21.7551719,106.07071,122,Unhealthy for Sensitive Groups,2,19.4,98,0.0,7.9,125,998.3,100,19.6,22.5,303.0,18.0,52.0,11.7
2026-02-22 01:00:00,2026,2,22,1,Thái Nguyên,Xã Võ Nhai,21.7551719,106.07071,120,Unhealthy for Sensitive Groups,2,20.5,98,0.0,10.4,127,998.0,100,20.7,23.9,297.0,17.0,53.0,11.2
2026-02-22 02:00:00,2026,2,22,2,Thái Nguyên,Xã Võ Nhai,21.7551719,106.07071,117,Unhealthy for Sensitive Groups,2,20.4,99,0.0,11.3,133,997.6,100,22.4,25.7,285.0,16.3,53.0,10.5
2026-02-22 03:00:00,2026,2,22,3,Thái Nguyên,Xã Võ Nhai,21.7551719,106.07071,115,Unhealthy for Sensitive Groups,2,20.4,99,0.0,10.1,130,997.7,100,25.5,27.8,272.0,15.9,53.0,9.7
2026-02-22 04:00:00,2026,2,22,4,Thái Nguyên,Xã Võ Nhai,21.7551719,106.07071,113,Unhealthy for Sensitive Groups,2,20.3,99,0.0,8.1,122,998.2,100,26.8,29.0,267.0,16.0,52.0,9.3
2026-02-22 05:00:00,2026,2,22,5,Thái Nguyên,Xã Võ Nhai,21.7551719,106.07071,111,Unhealthy for Sensitive Groups,2,20.3,99,0.1,7.6,105,998.3,100,27.2,29.3,279.0,16.9,49.0,9.3
2026-02-22 06:00:00,2026,2,22,6,Thái Nguyên,Xã Võ Nhai,21.7551719,106.07071,110,Unhealthy for Sensitive Groups,2,20.3,99,0.1,8.2,100,998.7,100,27.7,30.0,299.0,18.3,45.0,9.6
2026-02-22 07:00:00,2026,2,22,7,Thái Nguyên,Xã Võ Nhai,21.7551719,106.07071,108,Unhealthy for Sensitive Groups,2,20.2,99,0.1,7.4,104,999.5,100,33.8,36.3,306.0,19.9,37.0,9.7
2026-02-22 08:00:00,2026,2,22,8,Thái Nguyên,Xã Võ Nhai,21.7551719,106.07071,106,Unhealthy for Sensitive Groups,2,20.6,97,0.1,9.7,125,1000.3,100,29.0,32.0,286.0,19.5,42.0,10.3
2026-02-22 09:00:00,2026,2,22,9,Thái Nguyên,Xã Võ Nhai,21.7551719,106.07071,103,Unhealthy for Sensitive Groups,2,20.9,97,0.3,10.5,131,1000.9,100,26.7,29.6,254.0,18.9,48.0,11.0
2026-02-22 10:00:00,2026,2,22,10,Thái Nguyên,Xã Võ Nhai,21.7551719,106.07071,100,Moderate,1,21.2,98,0.2,12.0,140,1001.2,100,23.9,26.6,233.0,18.3,54.0,11.4
2026-02-22 11:00:00,2026,2,22,11,Thái Nguyên,Xã Võ Nhai,21.7551719,106.07071,98,Moderate,1,22.3,93,0.3,12.5,152,1000.7,100,24.4,26.6,234.0,17.9,57.0,10.9
2026-02-22 12:00:00,2026,2,22,12,Thái Nguyên,Xã Võ Nhai,21.7551719,106.07071,96,Moderate,1,24.4,79,0.1,12.0,161,999.7,100,23.7,25.8,245.0,17.5,60.0,10.1
2026-02-22 13:00:00,2026,2,22,13,Thái Nguyên,Xã Võ Nhai,21.7551719,106.07071,94,Moderate,1,24.5,78,0.2,10.3,158,998.8,100,20.9,22.9,256.0,17.1,63.0,9.4
2026-02-22 14:00:00,2026,2,22,14,Thái Nguyên,Xã Võ Nhai,21.7551719,106.07071,91,Moderate,1,23.8,83,0.1,11.8,151,997.9,100,20.3,22.0,261.0,16.4,68.0,9.1
2026-02-22 15:00:00,2026,2,22,15,Thái Nguyên,Xã Võ Nhai,21.7551719,106.07071,88,Moderate,1,23.4,86,0.1,12.3,141,997.7,100,25.3,27.1,266.0,15.6,74.0,8.9
2026-02-22 16:00:00,2026,2,22,16,Thái Nguyên,Xã Võ Nhai,21.7551719,106.07071,86,Moderate,1,22.8,88,0.1,12.3,134,997.5,100,21.9,23.3,272.0,15.9,77.0,9.1
2026-02-22 17:00:00,2026,2,22,17,Thái Nguyên,Xã Võ Nhai,21.7551719,106.07071,83,Moderate,1,22.6,88,0.0,11.8,141,997.8,98,24.1,25.4,282.0,18.1,74.0,9.6
2026-02-22 18:00:00,2026,2,22,18,Thái Nguyên,Xã Võ Nhai,21.7551719,106.07071,80,Moderate,1,21.8,92,0.0,9.2,154,998.2,100,22.9,23.7,293.0,21.4,69.0,10.5
2026-02-22 19:00:00,2026,2,22,19,Thái Nguyên,Xã Võ Nhai,21.7551719,106.07071,78,Moderate,1,21.5,98,0.0,9.9,159,998.6,100,23.9,24.9,301.0,26.1,55.0,14.8
2026-02-22 20:00:00,2026,2,22,20,Thái Nguyên,Xã Võ Nhai,21.7551719,106.07071,76,Moderate,1,21.3,99,0.1,10.2,136,999.1,100,25.7,26.6,305.0,26.1,54.0,15.5
2026-02-22 21:00:00,2026,2,22,21,Thái Nguyên,Xã Võ Nhai,21.7551719,106.07071,76,Moderate,1,21.1,98,0.0,9.4,135,999.8,100,27.5,28.5,307.0,26.0,53.0,16.4
2026-02-22 22:00:00,2026,2,22,22,Thái Nguyên,Xã Võ Nhai,21.7551719,106.07071,76,Moderate,1,21.0,98,0.1,7.5,134,1000.2,100,30.5,31.8,302.0,25.9,52.0,17.2
2026-02-22 23:00:00,2026,2,22,23,Thái Nguyên,Xã Võ Nhai,21.7551719,106.07071,77,Moderate,1,21.0,96,0.1,6.0,143,1000.5,100,34.2,35.6,286.0,25.6,51.0,17.7
2026-02-23 00:00:00,2026,2,23,0,Thái Nguyên,Xã Võ Nhai,21.7551719,106.07071,78,Moderate,1,20.5,98,0.0,8.0,140,1000.3,100,35.0,36.4,264.0,25.2,51.0,17.9
2026-02-23 01:00:00,2026,2,23,1,Thái Nguyên,Xã Võ Nhai,21.7551719,106.07071,80,Moderate,1,20.9,97,0.0,8.9,126,999.7,100,35.5,36.8,249.0,24.8,51.0,18.0
2026-02-23 02:00:00,2026,2,23,2,Thái Nguyên,Xã Võ Nhai,21.7551719,106.07071,81,Moderate,1,20.7,96,0.1,8.9,111,999.1,100,36.0,37.3,245.0,24.3,51.0,17.7
2026-02-23 03:00:00,2026,2,23,3,Thái Nguyên,Xã Võ Nhai,21.7551719,106.07071,82,Moderate,1,20.5,95,0.0,9.7,115,998.5,100,35.7,37.0,248.0,23.8,51.0,17.2
2026-02-23 04:00:00,2026,2,23,4,Thái Nguyên,Xã Võ Nhai,21.7551719,106.07071,83,Moderate,1,20.1,97,0.3,9.7,124,998.2,100,34.2,35.4,254.0,23.6,51.0,16.8
2026-02-23 05:00:00,2026,2,23,5,Thái Nguyên,Xã Võ Nhai,21.7551719,106.07071,84,Moderate,1,20.0,98,0.7,10.1,136,998.3,100,31.9,32.9,268.0,24.3,51.0,16.7
2026-02-23 06:00:00,2026,2,23,6,Thái Nguyên,Xã Võ Nhai,21.7551719,106.07071,84,Moderate,1,19.9,98,1.0,10.2,143,998.8,100,30.3,31.4,286.0,25.3,50.0,16.7
2026-02-23 07:00:00,2026,2,23,7,Thái Nguyên,Xã Võ Nhai,21.7551719,106.07071,85,Moderate,1,20.1,97,0.5,7.9,117,1000.1,100,31.8,34.1,295.0,24.6,48.0,15.3
2026-02-23 08:00:00,2026,2,23,8,Thái Nguyên,Xã Võ Nhai,21.7551719,106.07071,84,Moderate,1,20.2,98,0.8,8.3,117,1000.6,100,30.0,33.3,288.0,24.8,51.0,16.1
2026-02-23 09:00:00,2026,2,23,9,Thái Nguyên,Xã Võ Nhai,21.7551719,106.07071,84,Moderate,1,20.6,99,1.9,6.3,165,1001.5,100,27.8,31.8,272.0,24.9,56.0,17.2
2026-02-23 10:00:00,2026,2,23,10,Thái Nguyên,Xã Võ Nhai,21.7551719,106.07071,85,Moderate,1,20.9,98,1.3,5.1,144,1002.1,100,28.1,32.0,260.0,24.5,61.0,18.0
2026-02-23 11:00:00,2026,2,23,11,Thái Nguyên,Xã Võ Nhai,21.7551719,106.07071,85,Moderate,1,21.4,98,0.5,8.8,149,1001.2,100,27.1,29.4,258.0,23.3,65.0,18.5
2026-02-23 12:00:00,2026,2,23,12,Thái Nguyên,Xã Võ Nhai,21.7551719,106.07071,85,Moderate,1,22.2,98,0.4,11.2,154,999.9,100,30.2,34.0,260.0,21.5,69.0,18.6
2026-02-23 13:00:00,2026,2,23,13,Thái Nguyên,Xã Võ Nhai,21.7551719,106.07071,86,Moderate,1,21.6,98,0.4,9.5,153,999.6,100,31.8,34.6,261.0,19.4,73.0,18.4
2026-02-23 14:00:00,2026,2,23,14,Thái Nguyên,Xã Võ Nhai,21.7551719,106.07071,87,Moderate,1,23.0,93,0.1,10.7,166,998.6,100,28.0,30.3,256.0,16.5,80.0,17.5
2026-02-23 15:00:00,2026,2,23,15,Thái Nguyên,Xã Võ Nhai,21.7551719,106.07071,87,Moderate,1,23.6,87,0.3,13.6,162,997.6,89,26.0,27.9,249.0,13.2,88.0,16.1
2026-02-23 16:00:00,2026,2,23,16,Thái Nguyên,Xã Võ Nhai,21.7551719,106.07071,87,Moderate,1,24.1,83,0.1,15.6,166,997.3,84,26.4,28.2,247.0,11.5,92.0,14.8
2026-02-23 17:00:00,2026,2,23,17,Thái Nguyên,Xã Võ Nhai,21.7551719,106.07071,88,Moderate,1,23.8,84,0.1,12.7,157,997.2,70,35.2,37.4,253.0,12.6,89.0,13.6
2026-02-23 18:00:00,2026,2,23,18,Thái Nguyên,Xã Võ Nhai,21.7551719,106.07071,89,Moderate,1,22.8,87,0.0,12.0,163,997.4,100,33.3,34.8,262.0,15.1,81.0,12.4
2026-02-23 19:00:00,2026,2,23,19,Thái Nguyên,Xã Võ Nhai,21.7551719,106.07071,90,Moderate,1,22.2,93,0.0,10.6,134,997.9,100,27.9,29.4,270.0,21.1,66.0,14.5
2026-02-23 20:00:00,2026,2,23,20,Thái Nguyên,Xã Võ Nhai,21.7551719,106.07071,90,Moderate,1,22.1,94,0.1,12.8,145,998.9,100,25.1,26.5,273.0,20.9,64.0,14.4
2026-02-23 21:00:00,2026,2,23,21,Thái Nguyên,Xã Võ Nhai,21.7551719,106.07071,90,Moderate,1,22.0,93,0.0,13.4,148,999.5,99,22.9,24.7,274.0,20.6,62.0,14.2
2026-02-23 22:00:00,2026,2,23,22,Thái Nguyên,Xã Võ Nhai,21.7551719,106.07071,90,Moderate,1,21.4,97,0.0,13.0,154,1000.0,100,21.7,24.4,275.0,20.2,60.0,14.3
2026-02-23 23:00:00,2026,2,23,23,Thái Nguyên,Xã Võ Nhai,21.7551719,106.07071,89,Moderate,1,21.3,98,0.0,12.5,155,999.8,100,21.3,24.2,276.0,19.8,59.0,14.9
2026-02-24 00:00:00,2026,2,24,0,Thái Nguyên,Xã Võ Nhai,21.7551719,106.07071,88,Moderate,1,21.2,100,0.0,10.1,153,999.6,100,21.8,24.9,277.0,19.3,58.0,15.8
2026-02-24 01:00:00,2026,2,24,1,Thái Nguyên,Xã Võ Nhai,21.7551719,106.07071,87,Moderate,1,21.7,100,0.0,11.9,158,999.3,100,22.5,25.6,276.0,18.9,57.0,16.2
2026-02-24 02:00:00,2026,2,24,2,Thái Nguyên,Xã Võ Nhai,21.7551719,106.07071,85,Moderate,1,21.8,100,0.0,10.7,145,999.1,100,23.6,26.5,270.0,18.4,55.0,15.7
2026-02-24 03:00:00,2026,2,24,3,Thái Nguyên,Xã Võ Nhai,21.7551719,106.07071,84,Moderate,1,21.7,100,0.1,10.8,136,998.7,100,24.5,27.4,261.0,17.9,53.0,14.7
2026-02-24 04:00:00,2026,2,24,4,Thái Nguyên,Xã Võ Nhai,21.7551719,106.07071,83,Moderate,1,21.6,100,0.1,8.4,127,998.7,100,26.1,28.9,258.0,17.6,51.0,13.8
2026-02-24 05:00:00,2026,2,24,5,Thái Nguyên,Xã Võ Nhai,21.7551719,106.07071,83,Moderate,1,21.5,100,0.0,8.9,132,999.4,100,29.0,31.2,267.0,17.9,47.0,12.9
2026-02-24 06:00:00,2026,2,24,6,Thái Nguyên,Xã Võ Nhai,21.7551719,106.07071,82,Moderate,1,21.5,100,0.0,8.4,133,1000.3,100,33.1,35.2,280.0,18.4,43.0,12.1
2026-02-24 07:00:00,2026,2,24,7,Thái Nguyên,Xã Võ Nhai,21.7551719,106.07071,83,Moderate,1,21.2,99,0.0,10.1,139,1001.4,100,30.2,33.1,285.0,19.6,43.0,12.3
2026-02-24 08:00:00,2026,2,24,8,Thái Nguyên,Xã Võ Nhai,21.7551719,106.07071,82,Moderate,1,21.4,98,0.1,11.8,146,1001.9,100,33.3,35.7,271.0,19.3,46.0,12.4
2026-02-24 09:00:00,2026,2,24,9,Thái Nguyên,Xã Võ Nhai,21.7551719,106.07071,83,Moderate,1,21.5,99,0.2,12.7,157,1002.7,100,29.6,31.9,248.0,18.9,50.0,12.5
2026-02-24 10:00:00,2026,2,24,10,Thái Nguyên,Xã Võ Nhai,21.7551719,106.07071,83,Moderate,1,21.8,99,0.3,12.0,159,1003.4,100,29.4,31.2,235.0,18.2,55.0,12.9
2026-02-24 11:00:00,2026,2,24,11,Thái Nguyên,Xã Võ Nhai,21.7551719,106.07071,83,Moderate,1,22.4,95,0.2,10.5,153,1003.0,100,27.8,29.5,241.0,17.0,63.0,13.9
2026-02-24 12:00:00,2026,2,24,12,Thái Nguyên,Xã Võ Nhai,21.7551719,106.07071,83,Moderate,1,22.7,94,0.2,11.1,155,1001.9,100,27.1,28.6,255.0,15.4,72.0,15.1
2026-02-24 13:00:00,2026,2,24,13,Thái Nguyên,Xã Võ Nhai,21.7551719,106.07071,83,Moderate,1,22.5,91,0.0,8.1,156,1001.8,100,29.4,30.9,268.0,14.0,81.0,15.7
2026-02-24 14:00:00,2026,2,24,14,Thái Nguyên,Xã Võ Nhai,21.7551719,106.07071,83,Moderate,1,23.6,84,0.0,7.2,153,1000.6,100,30.9,32.0,274.0,12.3,93.0,15.1
2026-02-24 15:00:00,2026,2,24,15,Thái Nguyên,Xã Võ Nhai,21.7551719,106.07071,83,Moderate,1,23.4,85,0.0,8.7,150,1000.2,100,30.2,31.3,277.0,10.6,105.0,13.9
2026-02-24 16:00:00,2026,2,24,16,Thái Nguyên,Xã Võ Nhai,21.7551719,106.07071,83,Moderate,1,22.4,94,0.2,9.8,150,1000.0,100,31.0,32.1,280.0,10.8,110.0,13.4
2026-02-24 17:00:00,2026,2,24,17,Thái Nguyên,Xã Võ Nhai,21.7551719,106.07071,84,Moderate,1,22.0,98,0.3,8.5,151,1000.1,100,29.4,30.5,283.0,14.3,100.0,14.4
2026-02-24 18:00:00,2026,2,24,18,Thái Nguyên,Xã Võ Nhai,21.7551719,106.07071,83,Moderate,1,21.7,98,0.0,7.5,140,1000.3,100,29.0,30.3,286.0,19.7,83.0,16.0
2026-02-24 19:00:00,2026,2,24,19,Thái Nguyên,Xã Võ Nhai,21.7551719,106.07071,83,Moderate,1,22.1,99,0.0,8.4,143,1000.2,100,26.8,28.3,290.0,24.0,58.0,15.0
2026-02-24 20:00:00,2026,2,24,20,Thái Nguyên,Xã Võ Nhai,21.7551719,106.07071,83,Moderate,1,21.7,98,0.0,7.3,136,1000.9,98,26.0,27.6,296.0,25.0,55.0,15.3
2026-02-24 21:00:00,2026,2,24,21,Thái Nguyên,Xã Võ Nhai,21.7551719,106.07071,83,Moderate,1,21.2,98,0.0,6.6,139,1001.8,100,26.1,28.1,303.0,26.4,50.0,15.8
2026-02-24 22:00:00,2026,2,24,22,Thái Nguyên,Xã Võ Nhai,21.7551719,106.07071,83,Moderate,1,21.2,98,0.0,7.4,148,1002.5,100,27.0,29.9,306.0,27.4,46.0,16.3
2026-02-24 23:00:00,2026,2,24,23,Thái Nguyên,Xã Võ Nhai,21.7551719,106.07071,83,Moderate,1,21.1,98,0.0,7.5,145,1002.6,100,27.0,30.4,304.0,27.6,44.0,16.9
2026-02-25 00:00:00,2026,2,25,0,Thái Nguyên,Xã Võ Nhai,21.7551719,106.07071,84,Moderate,1,21.0,98,0.0,7.1,133,1002.4,100,27.1,30.7,298.0,27.4,44.0,17.5
2026-02-25 01:00:00,2026,2,25,1,Thái Nguyên,Xã Võ Nhai,21.7551719,106.07071,84,Moderate,1,21.5,99,0.0,8.1,141,1001.7,100,27.9,31.8,290.0,27.1,43.0,17.9
2026-02-25 02:00:00,2026,2,25,2,Thái Nguyên,Xã Võ Nhai,21.7551719,106.07071,85,Moderate,1,21.5,98,0.0,6.3,129,1001.3,100,29.9,33.4,276.0,26.5,42.0,17.8
2026-02-25 03:00:00,2026,2,25,3,Thái Nguyên,Xã Võ Nhai,21.7551719,106.07071,85,Moderate,1,21.2,100,0.0,6.9,131,1001.2,100,32.1,35.9,259.0,25.7,41.0,17.5
2026-02-25 04:00:00,2026,2,25,4,Thái Nguyên,Xã Võ Nhai,21.7551719,106.07071,86,Moderate,1,21.1,100,0.0,8.3,139,1001.2,100,37.5,39.6,251.0,25.3,39.0,17.1
2026-02-25 05:00:00,2026,2,25,5,Thái Nguyên,Xã Võ Nhai,21.7551719,106.07071,87,Moderate,1,21.0,100,0.1,7.2,155,1001.5,100,39.2,41.1,262.0,25.6,36.0,16.6
2026-02-25 06:00:00,2026,2,25,6,Thái Nguyên,Xã Võ Nhai,21.7551719,106.07071,88,Moderate,1,20.9,100,0.7,6.7,156,1002.0,100,41.2,43.0,283.0,26.1,33.0,16.2
2026-02-25 07:00:00,2026,2,25,7,Thái Nguyên,Xã Võ Nhai,21.7551719,106.07071,89,Moderate,1,20.8,100,1.6,6.9,160,1002.6,100,39.7,41.1,294.0,25.5,34.0,15.3
2026-02-25 08:00:00,2026,2,25,8,Thái Nguyên,Xã Võ Nhai,21.7551719,106.07071,90,Moderate,1,20.9,100,0.3,9.7,146,1002.8,100,34.6,35.9,286.0,25.1,40.0,17.3
2026-02-25 09:00:00,2026,2,25,9,Thái Nguyên,Xã Võ Nhai,21.7551719,106.07071,90,Moderate,1,21.1,98,0.7,11.8,157,1003.1,100,27.6,28.9,269.0,24.5,48.0,20.0
2026-02-25 10:00:00,2026,2,25,10,Thái Nguyên,Xã Võ Nhai,21.7551719,106.07071,90,Moderate,1,21.6,96,0.1,11.6,161,1003.6,100,26.3,27.5,257.0,23.4,56.0,21.8
2026-02-25 11:00:00,2026,2,25,11,Thái Nguyên,Xã Võ Nhai,21.7551719,106.07071,89,Moderate,1,22.7,91,0.1,10.3,155,1003.0,100,27.4,28.5,258.0,21.5,64.0,22.1
2026-02-25 12:00:00,2026,2,25,12,Thái Nguyên,Xã Võ Nhai,21.7551719,106.07071,89,Moderate,1,23.1,87,0.1,9.7,153,1001.9,100,28.2,29.2,264.0,19.1,72.0,21.5
2026-02-25 13:00:00,2026,2,25,13,Thái Nguyên,Xã Võ Nhai,21.7551719,106.07071,89,Moderate,1,22.7,89,0.2,7.5,191,1001.9,100,28.7,29.7,269.0,16.8,79.0,20.3
2026-02-25 14:00:00,2026,2,25,14,Thái Nguyên,Xã Võ Nhai,21.7551719,106.07071,89,Moderate,1,22.6,88,0.3,7.9,168,1000.5,100,28.2,29.2,270.0,14.4,88.0,18.4
2026-02-25 15:00:00,2026,2,25,15,Thái Nguyên,Xã Võ Nhai,21.7551719,106.07071,89,Moderate,1,22.8,87,0.0,10.6,152,999.9,48,27.8,28.6,271.0,12.1,96.0,15.9
2026-02-25 16:00:00,2026,2,25,16,Thái Nguyên,Xã Võ Nhai,21.7551719,106.07071,89,Moderate,1,23.8,80,0.0,10.3,149,999.4,91,28.9,29.7,272.0,11.7,98.0,14.0
2026-02-25 17:00:00,2026,2,25,17,Thái Nguyên,Xã Võ Nhai,21.7551719,106.07071,89,Moderate,1,23.5,82,0.0,10.2,149,999.6,81,29.5,30.3,276.0,14.4,90.0,13.2
2026-02-25 18:00:00,2026,2,25,18,Thái Nguyên,Xã Võ Nhai,21.7551719,106.07071,89,Moderate,1,21.9,91,0.0,5.1,132,999.9,45,29.3,29.9,281.0,18.8,77.0,13.0
2026-02-25 19:00:00,2026,2,25,19,Thái Nguyên,Xã Võ Nhai,21.7551719,106.07071,89,Moderate,1,21.5,96,0.0,5.8,120,1000.4,75,28.5,28.8,285.0,24.5,60.0,15.0
2026-02-25 20:00:00,2026,2,25,20,Thái Nguyên,Xã Võ Nhai,21.7551719,106.07071,89,Moderate,1,21.6,96,0.1,4.6,138,1001.2,100,31.8,32.1,290.0,27.2,54.0,16.3
2026-02-25 21:00:00,2026,2,25,21,Thái Nguyên,Xã Võ Nhai,21.7551719,106.07071,89,Moderate,1,21.4,97,0.1,5.4,159,1001.7,100,34.5,34.7,294.0,30.8,46.0,18.2
2026-02-25 22:00:00,2026,2,25,22,Thái Nguyên,Xã Võ Nhai,21.7551719,106.07071,90,Moderate,1,20.9,98,0.3,8.4,155,1002.2,100,37.1,37.4,295.0,33.5,40.0,19.7
2026-02-25 23:00:00,2026,2,25,23,Thái Nguyên,Xã Võ Nhai,21.7551719,106.07071,91,Moderate,1,20.4,99,0.1,8.0,149,1001.5,100,39.7,39.9,289.0,34.4,37.0,20.7
2026-02-26 00:00:00,2026,2,26,0,Thái Nguyên,Xã Võ Nhai,21.7551719,106.07071,92,Moderate,1,20.2,98,0.0,7.8,146,1001.1,100,42.6,43.0,280.0,34.4,36.0,21.3
2026-02-26 01:00:00,2026,2,26,1,Thái Nguyên,Xã Võ Nhai,21.7551719,106.07071,93,Moderate,1,20.7,100,0.0,9.6,150,1000.9,100,46.0,46.4,273.0,33.8,36.0,21.5
2026-02-26 02:00:00,2026,2,26,2,Thái Nguyên,Xã Võ Nhai,21.7551719,106.07071,95,Moderate,1,20.7,99,0.1,7.7,147,1000.4,100,49.1,49.6,269.0,32.4,36.0,21.1
2026-02-26 03:00:00,2026,2,26,3,Thái Nguyên,Xã Võ Nhai,21.7551719,106.07071,97,Moderate,1,20.6,99,0.0,5.1,135,999.9,100,51.6,52.3,267.0,30.3,36.0,20.2
2026-02-26 04:00:00,2026,2,26,4,Thái Nguyên,Xã Võ Nhai,21.7551719,106.07071,98,Moderate,1,20.5,99,0.0,5.2,121,999.6,100,54.0,54.7,271.0,28.6,36.0,19.3
2026-02-26 05:00:00,2026,2,26,5,Thái Nguyên,Xã Võ Nhai,21.7551719,106.07071,100,Moderate,1,20.4,99,0.0,5.6,138,999.9,100,56.0,56.7,288.0,27.8,34.0,18.2
2026-02-26 06:00:00,2026,2,26,6,Thái Nguyên,Xã Võ Nhai,21.7551719,106.07071,102,Unhealthy for Sensitive Groups,2,20.4,98,0.0,5.7,156,1000.5,100,58.6,59.1,311.0,27.4,32.0,17.1
2026-02-26 07:00:00,2026,2,26,7,Thái Nguyên,Xã Võ Nhai,21.7551719,106.07071,104,Unhealthy for Sensitive Groups,2,20.3,99,0.1,4.7,122,1000.9,100,63.6,64.5,324.0,26.5,36.0,16.8
2026-02-26 08:00:00,2026,2,26,8,Thái Nguyên,Xã Võ Nhai,21.7551719,106.07071,106,Unhealthy for Sensitive Groups,2,20.4,99,0.5,8.3,160,1001.4,100,57.4,58.3,315.0,25.8,39.0,17.0
2026-02-26 09:00:00,2026,2,26,9,Thái Nguyên,Xã Võ Nhai,21.7551719,106.07071,108,Unhealthy for Sensitive Groups,2,20.4,99,2.0,10.6,154,1001.5,100,39.6,40.2,295.0,24.9,43.0,17.3
2026-02-26 10:00:00,2026,2,26,10,Thái Nguyên,Xã Võ Nhai,21.7551719,106.07071,110,Unhealthy for Sensitive Groups,2,20.6,99,2.1,8.6,165,1001.6,100,29.4,29.8,284.0,24.2,47.0,17.8
2026-02-26 11:00:00,2026,2,26,11,Thái Nguyên,Xã Võ Nhai,21.7551719,106.07071,110,Unhealthy for Sensitive Groups,2,20.6,98,1.2,9.6,167,1001.0,100,28.9,29.2,291.0,24.0,49.0,19.0
2026-02-26 12:00:00,2026,2,26,12,Thái Nguyên,Xã Võ Nhai,21.7551719,106.07071,110,Unhealthy for Sensitive Groups,2,21.1,97,0.3,10.3,174,999.7,100,31.7,32.1,307.0,24.1,51.0,20.4
2026-02-26 13:00:00,2026,2,26,13,Thái Nguyên,Xã Võ Nhai,21.7551719,106.07071,110,Unhealthy for Sensitive Groups,2,21.4,94,0.2,10.5,183,998.9,100,34.2,34.8,316.0,23.4,55.0,21.1
2026-02-26 14:00:00,2026,2,26,14,Thái Nguyên,Xã Võ Nhai,21.7551719,106.07071,111,Unhealthy for Sensitive Groups,2,21.2,94,0.2,12.0,173,997.5,100,34.7,35.4,310.0,20.7,65.0,20.2
2026-02-26 15:00:00,2026,2,26,15,Thái Nguyên,Xã Võ Nhai,21.7551719,106.07071,112,Unhealthy for Sensitive Groups,2,21.2,95,0.1,12.1,165,996.5,59,30.0,30.7,297.0,17.4,78.0,18.6
2026-02-26 16:00:00,2026,2,26,16,Thái Nguyên,Xã Võ Nhai,21.7551719,106.07071,112,Unhealthy for Sensitive Groups,2,22.5,87,0.1,12.4,166,995.9,84,29.5,30.2,291.0,16.5,84.0,18.0
2026-02-26 17:00:00,2026,2,26,17,Thái Nguyên,Xã Võ Nhai,21.7551719,106.07071,112,Unhealthy for Sensitive Groups,2,22.1,88,0.0,11.6,159,995.5,87,32.1,32.8,299.0,20.4,78.0,19.8
2026-02-26 18:00:00,2026,2,26,18,Thái Nguyên,Xã Võ Nhai,21.7551719,106.07071,112,Unhealthy for Sensitive Groups,2,21.3,92,0.0,8.6,149,995.6,98,36.7,37.4,314.0,26.8,66.0,22.8
2026-02-26 19:00:00,2026,2,26,19,Thái Nguyên,Xã Võ Nhai,21.7551719,106.07071,113,Unhealthy for Sensitive Groups,2,21.0,98,0.0,9.7,149,995.6,80,36.2,36.6,321.0,30.7,56.0,24.4
2026-02-26 20:00:00,2026,2,26,20,Thái Nguyên,Xã Võ Nhai,21.7551719,106.07071,114,Unhealthy for Sensitive Groups,2,20.8,98,0.0,9.3,139,996.3,80,39.2,39.6,313.0,31.7,51.0,25.0
2026-02-26 21:00:00,2026,2,26,21,Thái Nguyên,Xã Võ Nhai,21.7551719,106.07071,115,Unhealthy for Sensitive Groups,2,20.6,99,0.0,7.6,137,996.8,97,39.8,40.3,298.0,33.1,44.0,25.7
2026-02-26 22:00:00,2026,2,26,22,Thái Nguyên,Xã Võ Nhai,21.7551719,106.07071,115,Unhealthy for Sensitive Groups,2,20.5,100,0.0,8.3,139,997.4,98,39.3,39.9,282.0,33.6,39.0,25.5
2026-02-26 23:00:00,2026,2,26,23,Thái Nguyên,Xã Võ Nhai,21.7551719,106.07071,115,Unhealthy for Sensitive Groups,2,20.4,100,0.0,10.3,144,997.7,94,38.4,39.2,268.0,32.6,37.0,23.7
2026-02-27 00:00:00,2026,2,27,0,Thái Nguyên,Xã Võ Nhai,21.7551719,106.07071,115,Unhealthy for Sensitive Groups,2,20.2,100,0.0,9.4,144,997.6,94,37.5,38.6,253.0,30.8,36.0,20.9
2026-02-27 01:00:00,2026,2,27,1,Thái Nguyên,Xã Võ Nhai,21.7551719,106.07071,115,Unhealthy for Sensitive Groups,2,20.5,100,0.0,7.1,128,997.0,97,36.2,38.2,242.0,29.0,35.0,18.7
2026-02-27 02:00:00,2026,2,27,2,Thái Nguyên,Xã Võ Nhai,21.7551719,106.07071,114,Unhealthy for Sensitive Groups,2,20.4,100,0.0,6.2,134,996.5,100,33.6,37.6,233.0,27.4,35.0,17.5
2026-02-27 03:00:00,2026,2,27,3,Thái Nguyên,Xã Võ Nhai,21.7551719,106.07071,112,Unhealthy for Sensitive Groups,2,20.5,100,0.0,6.6,139,996.3,100,33.9,37.6,228.0,25.8,35.0,16.8
2026-02-27 04:00:00,2026,2,27,4,Thái Nguyên,Xã Võ Nhai,21.7551719,106.07071,110,Unhealthy for Sensitive Groups,2,20.4,100,0.0,5.1,129,996.3,100,32.7,36.3,228.0,24.8,35.0,16.4
2026-02-27 05:00:00,2026,2,27,5,Thái Nguyên,Xã Võ Nhai,21.7551719,106.07071,108,Unhealthy for Sensitive Groups,2,20.2,100,0.0,4.0,122,996.8,100,32.9,36.7,241.0,25.1,32.0,16.2
2026-02-27 06:00:00,2026,2,27,6,Thái Nguyên,Xã Võ Nhai,21.7551719,106.07071,106,Unhealthy for Sensitive Groups,2,20.1,100,0.0,3.6,110,997.3,100,36.3,40.4,259.0,25.9,29.0,16.3
2026-02-27 07:00:00,2026,2,27,7,Thái Nguyên,Xã Võ Nhai,21.7551719,106.07071,103,Unhealthy for Sensitive Groups,2,19.1,100,0.0,3.6,81,997.8,92,44.8,47.3,269.0,24.3,31.0,14.2
2026-02-27 08:00:00,2026,2,27,8,Thái Nguyên,Xã Võ Nhai,21.7551719,106.07071,101,Unhealthy for Sensitive Groups,2,20.7,97,0.0,6.2,136,998.4,98,45.8,48.4,259.0,21.5,42.0,14.8
2026-02-27 09:00:00,2026,2,27,9,Thái Nguyên,Xã Võ Nhai,21.7551719,106.07071,100,Moderate,1,22.4,88,0.1,7.8,167,998.7,100,40.9,43.2,240.0,17.7,58.0,15.7
2026-02-27 10:00:00,2026,2,27,10,Thái Nguyên,Xã Võ Nhai,21.7551719,106.07071,100,Moderate,1,23.3,85,0.1,6.7,175,999.2,100,39.2,41.1,229.0,14.5,74.0,16.2
2026-02-27 11:00:00,2026,2,27,11,Thái Nguyên,Xã Võ Nhai,21.7551719,106.07071,101,Unhealthy for Sensitive Groups,2,25.0,76,0.1,6.5,180,998.2,99,42.1,43.8,234.0,12.7,89.0,16.0
2026-02-27 12:00:00,2026,2,27,12,Thái Nguyên,Xã Võ Nhai,21.7551719,106.07071,103,Unhealthy for Sensitive Groups,2,26.1,72,0.0,9.0,190,997.2,100,42.1,43.4,248.0,11.6,104.0,15.4
2026-02-27 13:00:00,2026,2,27,13,Thái Nguyên,Xã Võ Nhai,21.7551719,106.07071,104,Unhealthy for Sensitive Groups,2,26.0,74,0.0,10.9,200,996.3,45,44.9,46.0,266.0,10.8,116.0,15.1
2026-02-27 14:00:00,2026,2,27,14,Thái Nguyên,Xã Võ Nhai,21.7551719,106.07071,105,Unhealthy for Sensitive Groups,2,27.1,68,0.2,11.0,194,994.9,33,47.4,48.3,296.0,9.8,128.0,15.1
2026-02-27 15:00:00,2026,2,27,15,Thái Nguyên,Xã Võ Nhai,21.7551719,106.07071,106,Unhealthy for Sensitive Groups,2,27.5,64,0.0,11.2,183,993.5,46,45.8,46.4,332.0,9.1,137.0,15.2
2026-02-27 16:00:00,2026,2,27,16,Thái Nguyên,Xã Võ Nhai,21.7551719,106.07071,108,Unhealthy for Sensitive Groups,2,27.6,62,0.0,13.6,175,993.2,17,46.7,47.3,346.0,10.0,138.0,15.8
2026-02-27 17:00:00,2026,2,27,17,Thái Nguyên,Xã Võ Nhai,21.7551719,106.07071,110,Unhealthy for Sensitive Groups,2,25.6,74,0.0,14.8,149,993.4,36,48.5,49.1,321.0,14.0,126.0,17.5
2026-02-27 18:00:00,2026,2,27,18,Thái Nguyên,Xã Võ Nhai,21.7551719,106.07071,111,Unhealthy for Sensitive Groups,2,23.9,85,0.0,13.3,148,994.0,41,51.6,52.0,275.0,19.6,106.0,19.6
2026-02-27 19:00:00,2026,2,27,19,Thái Nguyên,Xã Võ Nhai,21.7551719,106.07071,113,Unhealthy for Sensitive Groups,2,22.2,93,0.1,12.5,135,994.4,41,56.2,56.6,238.0,24.9,86.0,21.8
2026-02-27 20:00:00,2026,2,27,20,Thái Nguyên,Xã Võ Nhai,21.7551719,106.07071,115,Unhealthy for Sensitive Groups,2,22.0,98,0.2,12.7,136,995.3,100,49.5,49.8,223.0,26.2,71.0,21.0
2026-02-27 21:00:00,2026,2,27,21,Thái Nguyên,Xã Võ Nhai,21.7551719,106.07071,116,Unhealthy for Sensitive Groups,2,22.4,99,0.0,13.9,144,995.7,100,38.4,38.6,218.0,27.9,51.0,19.9
2026-02-27 22:00:00,2026,2,27,22,Thái Nguyên,Xã Võ Nhai,21.7551719,106.07071,116,Unhealthy for Sensitive Groups,2,22.4,100,0.0,13.8,148,995.7,100,28.7,28.9,213.0,28.2,36.0,18.2
2026-02-27 23:00:00,2026,2,27,23,Thái Nguyên,Xã Võ Nhai,21.7551719,106.07071,115,Unhealthy for Sensitive Groups,2,22.6,100,0.1,14.9,146,996.0,100,26.7,26.9,206.0,26.0,32.0,15.7
2026-02-28 00:00:00,2026,2,28,0,Thái Nguyên,Xã Võ Nhai,21.7551719,106.07071,114,Unhealthy for Sensitive Groups,2,22.6,100,0.3,16.1,149,995.9,100,28.5,28.8,200.0,22.4,35.0,12.7
2026-02-28 01:00:00,2026,2,28,1,Thái Nguyên,Xã Võ Nhai,21.7551719,106.07071,113,Unhealthy for Sensitive Groups,2,22.2,99,0.4,15.3,148,995.7,100,30.9,31.2,196.0,19.0,38.0,10.1
2026-02-28 02:00:00,2026,2,28,2,Thái Nguyên,Xã Võ Nhai,21.7551719,106.07071,112,Unhealthy for Sensitive Groups,2,22.1,100,0.4,13.2,135,995.1,100,33.3,33.8,195.0,16.1,42.0,8.0
2026-02-28 03:00:00,2026,2,28,3,Thái Nguyên,Xã Võ Nhai,21.7551719,106.07071,112,Unhealthy for Sensitive Groups,2,22.3,100,0.2,15.7,135,994.3,100,35.2,35.6,197.0,13.5,48.0,6.2
2026-02-28 04:00:00,2026,2,28,4,Thái Nguyên,Xã Võ Nhai,21.7551719,106.07071,112,Unhealthy for Sensitive Groups,2,22.4,100,0.0,13.3,142,994.0,100,34.2,34.8,204.0,12.0,51.0,5.1
2026-02-28 05:00:00,2026,2,28,5,Thái Nguyên,Xã Võ Nhai,21.7551719,106.07071,112,Unhealthy for Sensitive Groups,2,22.4,100,0.1,11.8,151,994.5,100,33.2,33.8,222.0,12.2,49.0,4.8
2026-02-28 06:00:00,2026,2,28,6,Thái Nguyên,Xã Võ Nhai,21.7551719,106.07071,112,Unhealthy for Sensitive Groups,2,22.3,100,0.1,12.6,155,995.2,100,32.1,32.8,246.0,13.5,45.0,5.2
2026-02-28 07:00:00,2026,2,28,7,Thái Nguyên,Xã Võ Nhai,21.7551719,106.07071,112,Unhealthy for Sensitive Groups,2,22.7,100,0.1,16.7,152,995.6,100,19.7,20.3,261.0,17.0,41.0,9.4
2026-02-28 08:00:00,2026,2,28,8,Thái Nguyên,Xã Võ Nhai,21.7551719,106.07071,109,Unhealthy for Sensitive Groups,2,22.8,100,0.2,16.4,150,996.2,100,20.9,21.4,258.0,18.0,46.0,11.3
2026-02-28 09:00:00,2026,2,28,9,Thái Nguyên,Xã Võ Nhai,21.7551719,106.07071,107,Unhealthy for Sensitive Groups,2,23.0,98,0.3,17.6,157,996.9,100,24.1,24.7,247.0,19.3,54.0,13.8
2026-02-28 10:00:00,2026,2,28,10,Thái Nguyên,Xã Võ Nhai,21.7551719,106.07071,105,Unhealthy for Sensitive Groups,2,23.7,96,0.3,15.5,162,997.2,100,30.4,31.0,240.0,19.5,66.0,15.4
2026-02-28 11:00:00,2026,2,28,11,Thái Nguyên,Xã Võ Nhai,21.7551719,106.07071,104,Unhealthy for Sensitive Groups,2,25.0,89,0.2,15.8,172,996.7,74,36.1,36.8,245.0,17.5,84.0,15.3
2026-02-28 12:00:00,2026,2,28,12,Thái Nguyên,Xã Võ Nhai,21.7551719,106.07071,103,Unhealthy for Sensitive Groups,2,27.7,74,0.1,17.5,178,995.4,100,40.5,41.2,255.0,14.4,106.0,14.2
2026-02-28 13:00:00,2026,2,28,13,Thái Nguyên,Xã Võ Nhai,21.7551719,106.07071,103,Unhealthy for Sensitive Groups,2,27.8,72,0.0,14.2,178,994.4,100,42.3,42.8,263.0,11.8,124.0,13.3
2026-02-28 14:00:00,2026,2,28,14,Thái Nguyên,Xã Võ Nhai,21.7551719,106.07071,103,Unhealthy for Sensitive Groups,2,26.3,77,0.2,14.8,167,993.6,57,40.7,41.2,267.0,9.7,139.0,12.8
2026-02-28 15:00:00,2026,2,28,15,Thái Nguyên,Xã Võ Nhai,21.7551719,106.07071,102,Unhealthy for Sensitive Groups,2,25.7,80,0.7,16.1,164,993.0,76,42.4,42.7,269.0,8.0,151.0,12.4
2026-02-28 16:00:00,2026,2,28,16,Thái Nguyên,Xã Võ Nhai,21.7551719,106.07071,102,Unhealthy for Sensitive Groups,2,23.5,96,1.5,6.5,146,992.9,70,43.4,43.8,269.0,8.1,153.0,12.5
2026-02-28 17:00:00,2026,2,28,17,Thái Nguyên,Xã Võ Nhai,21.7551719,106.07071,102,Unhealthy for Sensitive Groups,2,24.1,95,0.2,11.9,150,992.7,38,42.0,42.3,269.0,11.5,139.0,13.4
2026-02-28 18:00:00,2026,2,28,18,Thái Nguyên,Xã Võ Nhai,21.7551719,106.07071,101,Unhealthy for Sensitive Groups,2,22.7,96,0.0,6.8,115,992.9,41,37.3,37.5,267.0,16.6,114.0,14.7
2026-02-28 19:00:00,2026,2,28,19,Thái Nguyên,Xã Võ Nhai,21.7551719,106.07071,100,Moderate,1,22.6,96,0.0,11.5,122,993.4,30,32.9,33.3,259.0,20.1,99.0,16.8
2026-02-28 20:00:00,2026,2,28,20,Thái Nguyên,Xã Võ Nhai,21.7551719,106.07071,97,Moderate,1,23.0,97,0.0,13.5,139,994.3,66,26.1,26.5,241.0,20.5,85.0,16.1
2026-02-28 21:00:00,2026,2,28,21,Thái Nguyên,Xã Võ Nhai,21.7551719,106.07071,95,Moderate,1,23.0,99,0.0,13.9,137,994.6,100,22.2,22.6,218.0,21.0,66.0,15.1
2026-02-28 22:00:00,2026,2,28,22,Thái Nguyên,Xã Võ Nhai,21.7551719,106.07071,94,Moderate,1,23.0,99,0.0,13.2,140,994.9,100,19.3,20.8,200.0,21.2,52.0,14.2
2026-02-28 23:00:00,2026,2,28,23,Thái Nguyên,Xã Võ Nhai,21.7551719,106.07071,93,Moderate,1,22.9,100,0.0,12.0,137,995.2,100,20.1,21.7,194.0,21.1,47.0,13.7
2026-03-01 00:00:00,2026,3,1,0,Thái Nguyên,Xã Võ Nhai,21.7551719,106.07071,93,Moderate,1,22.8,100,0.0,12.0,135,994.9,100,23.1,24.3,193.0,20.7,47.0,13.3
2026-03-01 01:00:00,2026,3,1,1,Thái Nguyên,Xã Võ Nhai,21.7551719,106.07071,92,Moderate,1,23.4,100,0.0,11.0,124,994.5,100,27.1,27.9,192.0,20.0,47.0,12.6
2026-03-01 02:00:00,2026,3,1,2,Thái Nguyên,Xã Võ Nhai,21.7551719,106.07071,92,Moderate,1,23.3,100,0.0,13.4,133,994.0,100,29.2,30.0,186.0,18.7,46.0,11.4
2026-03-01 03:00:00,2026,3,1,3,Thái Nguyên,Xã Võ Nhai,21.7551719,106.07071,91,Moderate,1,23.2,100,0.0,9.1,124,993.8,100,30.7,31.7,180.0,17.1,46.0,9.9
2026-03-01 04:00:00,2026,3,1,4,Thái Nguyên,Xã Võ Nhai,21.7551719,106.07071,91,Moderate,1,23.2,100,0.0,9.9,127,993.9,100,31.0,32.1,181.0,16.1,45.0,8.8
2026-03-01 05:00:00,2026,3,1,5,Thái Nguyên,Xã Võ Nhai,21.7551719,106.07071,91,Moderate,1,23.0,100,0.0,11.1,138,994.2,100,31.9,33.1,195.0,16.2,43.0,8.2
2026-03-01 06:00:00,2026,3,1,6,Thái Nguyên,Xã Võ Nhai,21.7551719,106.07071,91,Moderate,1,22.9,100,0.1,12.0,141,994.9,100,33.1,34.2,216.0,16.9,40.0,8.0
2026-03-01 07:00:00,2026,3,1,7,Thái Nguyên,Xã Võ Nhai,21.7551719,106.07071,91,Moderate,1,22.8,98,0.0,10.8,134,995.8,100,33.1,34.3,234.0,20.9,35.0,11.3
2026-03-01 08:00:00,2026,3,1,8,Thái Nguyên,Xã Võ Nhai,21.7551719,106.07071,92,Moderate,1,23.3,95,0.1,13.2,148,996.6,100,30.5,32.1,245.0,19.4,41.0,11.5
2026-03-01 09:00:00,2026,3,1,9,Thái Nguyên,Xã Võ Nhai,21.7551719,106.07071,93,Moderate,1,24.1,92,0.1,12.7,153,997.2,100,27.7,29.0,253.0,17.2,50.0,11.8
2026-03-01 10:00:00,2026,3,1,10,Thái Nguyên,Xã Võ Nhai,21.7551719,106.07071,93,Moderate,1,25.8,83,0.2,12.9,157,997.3,100,28.6,29.7,261.0,14.8,66.0,12.0
2026-03-01 11:00:00,2026,3,1,11,Thái Nguyên,Xã Võ Nhai,21.7551719,106.07071,93,Moderate,1,27.1,77,0.1,13.2,168,996.9,100,32.0,33.2,271.0,11.9,93.0,11.9
2026-03-01 12:00:00,2026,3,1,12,Thái Nguyên,Xã Võ Nhai,21.7551719,106.07071,92,Moderate,1,27.5,76,0.3,12.5,174,995.9,58,37.7,38.6,282.0,8.8,125.0,11.7
2026-03-01 13:00:00,2026,3,1,13,Thái Nguyên,Xã Võ Nhai,21.7551719,106.07071,92,Moderate,1,28.5,69,0.1,11.8,187,995.0,47,41.4,42.3,290.0,6.4,154.0,12.0
2026-03-01 14:00:00,2026,3,1,14,Thái Nguyên,Xã Võ Nhai,21.7551719,106.07071,92,Moderate,1,29.3,62,0.0,10.6,182,993.6,16,42.4,43.1,294.0,5.0,177.0,13.1
2026-03-01 15:00:00,2026,3,1,15,Thái Nguyên,Xã Võ Nhai,21.7551719,106.07071,92,Moderate,1,29.6,61,0.0,11.2,181,992.9,55,43.8,44.4,296.0,4.3,196.0,14.7
2026-03-01 16:00:00,2026,3,1,16,Thái Nguyên,Xã Võ Nhai,21.7551719,106.07071,92,Moderate,1,29.3,64,0.0,11.2,169,992.5,45,44.0,44.5,294.0,5.2,203.0,16.3
2026-03-01 17:00:00,2026,3,1,17,Thái Nguyên,Xã Võ Nhai,21.7551719,106.07071,93,Moderate,1,28.6,68,0.0,11.4,164,992.7,30,44.5,44.9,288.0,8.5,193.0,18.3
2026-03-01 18:00:00,2026,3,1,18,Thái Nguyên,Xã Võ Nhai,21.7551719,106.07071,123,Unhealthy for Sensitive Groups,2,26.2,82,0.0,14.6,141,993.4,27,42.6,43.0,278.0,13.3,171.0,20.3
2026-03-01 19:00:00,2026,3,1,19,Thái Nguyên,Xã Võ Nhai,21.7551719,106.07071,146,Unhealthy for Sensitive Groups,2,24.7,91,0.0,9.4,125,993.7,63,46.9,47.3,269.0,19.2,148.0,23.8
2026-03-01 20:00:00,2026,3,1,20,Thái Nguyên,Xã Võ Nhai,21.7551719,106.07071,155,Unhealthy,3,24.9,91,0.0,11.4,129,994.4,75,41.1,41.6,261.0,20.1,130.0,22.7
2026-03-01 21:00:00,2026,3,1,21,Thái Nguyên,Xã Võ Nhai,21.7551719,106.07071,156,Unhealthy,3,24.4,94,0.0,2.7,203,995.8,93,36.6,37.1,254.0,21.4,106.0,21.2
2026-03-01 22:00:00,2026,3,1,22,Thái Nguyên,Xã Võ Nhai,21.7551719,106.07071,148,Unhealthy for Sensitive Groups,2,23.8,98,0.1,4.9,172,996.7,100,34.2,35.0,246.0,22.4,85.0,19.6
2026-03-01 23:00:00,2026,3,1,23,Thái Nguyên,Xã Võ Nhai,21.7551719,106.07071,129,Unhealthy for Sensitive Groups,2,23.6,99,0.1,8.5,115,996.5,7,33.5,34.9,235.0,22.8,72.0,18.0
2026-03-02 00:00:00,2026,3,2,0,Thái Nguyên,Xã Võ Nhai,21.7551719,106.07071,102,Unhealthy for Sensitive Groups,2,23.1,99,0.0,7.5,105,996.3,9,30.9,33.3,224.0,22.9,62.0,16.2
2026-03-02 01:00:00,2026,3,2,1,Thái Nguyên,Xã Võ Nhai,21.7551719,106.07071,100,Moderate,1,22.9,98,0.0,6.6,99,996.0,32,27.4,30.9,215.0,22.5,55.0,14.8
2026-03-02 02:00:00,2026,3,2,2,Thái Nguyên,Xã Võ Nhai,21.7551719,106.07071,100,Moderate,1,23.3,99,0.0,7.2,104,995.6,100,25.3,28.6,208.0,21.2,52.0,13.7
2026-03-02 03:00:00,2026,3,2,3,Thái Nguyên,Xã Võ Nhai,21.7551719,106.07071,100,Moderate,1,23.7,99,0.0,7.7,111,995.6,100,24.4,27.8,203.0,19.4,53.0,12.9
2026-03-02 04:00:00,2026,3,2,4,Thái Nguyên,Xã Võ Nhai,21.7551719,106.07071,99,Moderate,1,23.5,99,0.0,7.8,119,995.5,100,23.5,27.0,205.0,18.4,53.0,12.5
2026-03-02 05:00:00,2026,3,2,5,Thái Nguyên,Xã Võ Nhai,21.7551719,106.07071,99,Moderate,1,23.4,99,0.0,9.2,133,996.0,100,23.2,26.7,219.0,19.2,49.0,12.7
2026-03-02 06:00:00,2026,3,2,6,Thái Nguyên,Xã Võ Nhai,21.7551719,106.07071,98,Moderate,1,23.2,99,0.0,8.4,135,996.7,100,23.9,27.7,240.0,20.8,45.0,13.3
2026-03-02 07:00:00,2026,3,2,7,Thái Nguyên,Xã Võ Nhai,21.7551719,106.07071,97,Moderate,1,23.8,99,0.1,6.5,134,997.7,100,28.1,32.7,254.0,23.7,40.0,13.9
2026-03-02 08:00:00,2026,3,2,8,Thái Nguyên,Xã Võ Nhai,21.7551719,106.07071,97,Moderate,1,24.3,96,0.1,9.0,136,998.5,100,31.7,33.9,252.0,21.4,48.0,13.1
2026-03-02 09:00:00,2026,3,2,9,Thái Nguyên,Xã Võ Nhai,21.7551719,106.07071,97,Moderate,1,24.7,94,0.1,9.0,147,999.0,100,31.8,33.8,243.0,18.1,60.0,11.9
2026-03-02 10:00:00,2026,3,2,10,Thái Nguyên,Xã Võ Nhai,21.7551719,106.07071,97,Moderate,1,25.8,87,0.2,7.1,161,999.5,55,30.2,31.9,237.0,14.7,75.0,10.5
2026-03-02 11:00:00,2026,3,2,11,Thái Nguyên,Xã Võ Nhai,21.7551719,106.07071,97,Moderate,1,28.0,74,0.0,6.6,164,999.0,37,34.3,35.7,238.0,11.0,95.0,8.8
2026-03-02 12:00:00,2026,3,2,12,Thái Nguyên,Xã Võ Nhai,21.7551719,106.07071,97,Moderate,1,29.3,66,0.0,6.5,172,998.0,35,35.2,36.4,242.0,7.1,119.0,7.0
2026-03-02 13:00:00,2026,3,2,13,Thái Nguyên,Xã Võ Nhai,21.7551719,106.07071,97,Moderate,1,30.5,59,0.0,9.5,189,996.9,32,34.8,36.0,248.0,4.4,138.0,5.8
2026-03-02 14:00:00,2026,3,2,14,Thái Nguyên,Xã Võ Nhai,21.7551719,106.07071,97,Moderate,1,30.4,60,0.0,9.8,167,995.9,23,35.3,36.3,255.0,3.2,153.0,5.4
2026-03-02 15:00:00,2026,3,2,15,Thái Nguyên,Xã Võ Nhai,21.7551719,106.07071,96,Moderate,1,30.2,60,0.0,9.4,154,995.2,36,35.3,36.3,264.0,3.2,163.0,5.7
2026-03-02 16:00:00,2026,3,2,16,Thái Nguyên,Xã Võ Nhai,21.7551719,106.07071,95,Moderate,1,29.3,65,0.7,9.5,144,995.0,14,35.9,36.8,277.0,4.6,166.0,7.0
2026-03-02 17:00:00,2026,3,2,17,Thái Nguyên,Xã Võ Nhai,21.7551719,106.07071,95,Moderate,1,28.3,69,0.0,7.3,126,995.2,20,37.4,38.2,300.0,8.6,155.0,10.0
2026-03-02 18:00:00,2026,3,2,18,Thái Nguyên,Xã Võ Nhai,21.7551719,106.07071,94,Moderate,1,26.3,78,0.0,8.0,104,995.7,4,41.0,41.8,328.0,14.0,137.0,13.9
2026-03-02 19:00:00,2026,3,2,19,Thái Nguyên,Xã Võ Nhai,21.7551719,106.07071,106,Unhealthy for Sensitive Groups,2,23.9,85,0.3,18.7,40,996.3,65,56.1,57.2,348.0,19.1,124.0,18.2
2026-03-02 20:00:00,2026,3,2,20,Thái Nguyên,Xã Võ Nhai,21.7551719,106.07071,112,Unhealthy for Sensitive Groups,2,23.4,85,0.1,12.6,34,997.2,51,50.6,51.6,347.0,19.9,108.0,18.3
2026-03-02 21:00:00,2026,3,2,21,Thái Nguyên,Xã Võ Nhai,21.7551719,106.07071,110,Unhealthy for Sensitive Groups,2,22.4,93,0.1,18.2,5,998.8,98,44.9,45.8,338.0,20.7,86.0,18.3
2026-03-02 22:00:00,2026,3,2,22,Thái Nguyên,Xã Võ Nhai,21.7551719,106.07071,99,Moderate,1,22.7,90,0.1,18.3,50,999.0,13,35.0,35.7,342.0,19.9,72.0,17.7
2026-03-02 23:00:00,2026,3,2,23,Thái Nguyên,Xã Võ Nhai,21.7551719,106.07071,96,Moderate,1,21.5,92,0.1,17.1,33,999.4,91,25.0,25.6,372.0,15.6,76.0,15.8
2026-03-03 00:00:00,2026,3,3,0,Thái Nguyên,Xã Võ Nhai,21.7551719,106.07071,95,Moderate,1,20.3,93,1.7,23.7,43,999.5,100,22.6,22.8,415.0,9.7,88.0,13.3
2026-03-03 01:00:00,2026,3,3,1,Thái Nguyên,Xã Võ Nhai,21.7551719,106.07071,95,Moderate,1,20.6,95,6.3,18.6,37,999.5,100,29.4,29.5,452.0,5.4,95.0,11.6
2026-03-03 02:00:00,2026,3,3,2,Thái Nguyên,Xã Võ Nhai,21.7551719,106.07071,95,Moderate,1,19.6,96,1.7,16.1,18,999.8,100,43.1,43.2,478.0,4.6,89.0,11.5
2026-03-03 03:00:00,2026,3,3,3,Thái Nguyên,Xã Võ Nhai,21.7551719,106.07071,97,Moderate,1,18.7,94,0.6,25.1,34,999.3,58,47.8,48.1,498.0,5.5,78.0,12.1
2026-03-03 04:00:00,2026,3,3,4,Thái Nguyên,Xã Võ Nhai,21.7551719,106.07071,99,Moderate,1,17.7,90,0.3,22.6,32,1000.2,100,46.0,46.1,512.0,6.4,68.0,12.4
2026-03-03 05:00:00,2026,3,3,5,Thái Nguyên,Xã Võ Nhai,21.7551719,106.07071,101,Unhealthy for Sensitive Groups,2,17.5,86,0.2,24.4,31,1000.8,71,41.9,42.1,519.0,6.6,61.0,11.7
2026-03-03 06:00:00,2026,3,3,6,Thái Nguyên,Xã Võ Nhai,21.7551719,106.07071,103,Unhealthy for Sensitive Groups,2,17.3,83,0.2,25.2,29,1001.5,95,37.3,37.4,519.0,6.8,55.0,10.7
2026-03-03 07:00:00,2026,3,3,7,Thái Nguyên,Xã Võ Nhai,21.7551719,106.07071,104,Unhealthy for Sensitive Groups,2,18.1,82,0.1,26.0,30,1001.7,67,29.2,29.3,515.0,7.4,51.0,10.8
2026-03-03 08:00:00,2026,3,3,8,Thái Nguyên,Xã Võ Nhai,21.7551719,106.07071,104,Unhealthy for Sensitive Groups,2,18.8,75,0.0,24.9,29,1002.5,85,34.0,34.2,504.0,7.0,53.0,10.3
2026-03-03 09:00:00,2026,3,3,9,Thái Nguyên,Xã Võ Nhai,21.7551719,106.07071,104,Unhealthy for Sensitive Groups,2,20.2,68,0.0,25.2,32,1003.6,84,29.2,29.3,488.0,6.5,56.0,9.6
2026-03-03 10:00:00,2026,3,3,10,Thái Nguyên,Xã Võ Nhai,21.7551719,106.07071,104,Unhealthy for Sensitive Groups,2,21.5,62,0.0,25.0,36,1003.9,16,26.8,27.0,478.0,5.9,61.0,9.0
2026-03-03 11:00:00,2026,3,3,11,Thái Nguyên,Xã Võ Nhai,21.7551719,106.07071,104,Unhealthy for Sensitive Groups,2,23.1,57,0.0,22.7,40,1003.8,46,25.9,26.1,481.0,5.3,71.0,8.7
2026-03-03 12:00:00,2026,3,3,12,Thái Nguyên,Xã Võ Nhai,21.7551719,106.07071,103,Unhealthy for Sensitive Groups,2,24.1,54,0.0,19.3,42,1003.1,100,27.0,27.2,489.0,4.7,83.0,8.6
2026-03-03 13:00:00,2026,3,3,13,Thái Nguyên,Xã Võ Nhai,21.7551719,106.07071,102,Unhealthy for Sensitive Groups,2,23.1,58,0.0,18.3,39,1002.4,100,28.8,29.0,493.0,4.3,93.0,8.6
2026-03-03 14:00:00,2026,3,3,14,Thái Nguyên,Xã Võ Nhai,21.7551719,106.07071,101,Unhealthy for Sensitive Groups,2,22.9,58,0.0,18.2,41,1001.6,100,29.7,29.9,488.0,4.1,98.0,8.7
2026-03-03 15:00:00,2026,3,3,15,Thái Nguyên,Xã Võ Nhai,21.7551719,106.07071,101,Unhealthy for Sensitive Groups,2,23.0,57,0.0,16.7,45,1001.1,100,29.0,29.3,479.0,4.2,101.0,8.9
2026-03-03 16:00:00,2026,3,3,16,Thái Nguyên,Xã Võ Nhai,21.7551719,106.07071,100,Moderate,1,22.8,58,0.0,15.7,46,1001.2,100,27.6,27.8,471.0,4.8,101.0,9.4
2026-03-03 17:00:00,2026,3,3,17,Thái Nguyên,Xã Võ Nhai,21.7551719,106.07071,99,Moderate,1,22.2,58,0.0,15.4,49,1001.8,100,26.8,27.0,469.0,6.6,97.0,10.6
2026-03-03 18:00:00,2026,3,3,18,Thái Nguyên,Xã Võ Nhai,21.7551719,106.07071,98,Moderate,1,21.7,58,0.0,15.4,44,1002.7,100,27.2,27.4,468.0,9.0,90.0,12.1
2026-03-03 19:00:00,2026,3,3,19,Thái Nguyên,Xã Võ Nhai,21.7551719,106.07071,97,Moderate,1,20.9,63,0.0,16.7,46,1003.2,100,36.9,37.0,462.0,6.7,76.0,9.2
2026-03-03 20:00:00,2026,3,3,20,Thái Nguyên,Xã Võ Nhai,21.7551719,106.07071,96,Moderate,1,20.1,65,0.0,18.3,44,1004.4,100,31.3,31.4,446.0,6.6,74.0,8.5
2026-03-03 21:00:00,2026,3,3,21,Thái Nguyên,Xã Võ Nhai,21.7551719,106.07071,94,Moderate,1,19.6,66,0.0,19.4,43,1005.6,100,28.7,28.9,425.0,6.5,71.0,7.6
2026-03-03 22:00:00,2026,3,3,22,Thái Nguyên,Xã Võ Nhai,21.7551719,106.07071,92,Moderate,1,19.0,68,0.0,21.8,38,1006.1,97,22.6,22.8,411.0,6.3,70.0,6.7
2026-03-03 23:00:00,2026,3,3,23,Thái Nguyên,Xã Võ Nhai,21.7551719,106.07071,91,Moderate,1,18.4,68,0.0,22.8,35,1006.2,100,17.8,17.8,412.0,5.9,71.0,6.0
2026-03-04 00:00:00,2026,3,4,0,Thái Nguyên,Xã Võ Nhai,21.7551719,106.07071,91,Moderate,1,17.8,68,0.0,24.1,36,1006.2,100,13.9,14.0,420.0,5.5,73.0,5.3
2026-03-04 01:00:00,2026,3,4,1,Thái Nguyên,Xã Võ Nhai,21.7551719,106.07071,90,Moderate,1,17.7,70,0.0,24.6,36,1006.2,100,12.5,12.6,424.0,5.2,74.0,4.9
2026-03-04 02:00:00,2026,3,4,2,Thái Nguyên,Xã Võ Nhai,21.7551719,106.07071,88,Moderate,1,17.3,71,0.0,22.7,33,1005.7,100,12.7,12.9,411.0,5.1,74.0,4.7
2026-03-04 03:00:00,2026,3,4,3,Thái Nguyên,Xã Võ Nhai,21.7551719,106.07071,86,Moderate,1,16.9,71,0.0,22.3,34,1005.3,100,14.1,14.4,394.0,5.2,72.0,4.8
2026-03-04 04:00:00,2026,3,4,4,Thái Nguyên,Xã Võ Nhai,21.7551719,106.07071,83,Moderate,1,16.6,71,0.0,20.5,31,1005.8,100,12.7,13.0,396.0,5.4,71.0,4.9
2026-03-04 05:00:00,2026,3,4,5,Thái Nguyên,Xã Võ Nhai,21.7551719,106.07071,80,Moderate,1,16.5,70,0.0,19.5,31,1006.2,100,11.6,11.8,444.0,5.9,69.0,5.2
2026-03-04 06:00:00,2026,3,4,6,Thái Nguyên,Xã Võ Nhai,21.7551719,106.07071,77,Moderate,1,16.3,69,0.0,19.9,31,1006.4,96,11.1,11.4,512.0,6.5,67.0,5.5
2026-03-04 07:00:00,2026,3,4,7,Thái Nguyên,Xã Võ Nhai,21.7551719,106.07071,75,Moderate,1,16.3,68,0.0,11.9,35,1007.2,66,12.8,13.1,542.0,6.7,67.0,6.3
2026-03-04 08:00:00,2026,3,4,8,Thái Nguyên,Xã Võ Nhai,21.7551719,106.07071,73,Moderate,1,17.1,64,0.0,13.5,30,1007.7,63,10.1,10.3,498.0,6.4,69.0,6.3
2026-03-04 09:00:00,2026,3,4,9,Thái Nguyên,Xã Võ Nhai,21.7551719,106.07071,71,Moderate,1,18.6,58,0.0,14.3,35,1007.7,9,8.4,8.5,417.0,5.9,72.0,6.3
2026-03-04 10:00:00,2026,3,4,10,Thái Nguyên,Xã Võ Nhai,21.7551719,106.07071,69,Moderate,1,20.7,51,0.0,13.0,29,1007.9,9,7.4,7.5,354.0,5.3,77.0,6.3
2026-03-04 11:00:00,2026,3,4,11,Thái Nguyên,Xã Võ Nhai,21.7551719,106.07071,68,Moderate,1,22.2,49,0.0,12.3,32,1007.4,9,7.3,7.4,333.0,4.4,87.0,6.3
2026-03-04 12:00:00,2026,3,4,12,Thái Nguyên,Xã Võ Nhai,21.7551719,106.07071,66,Moderate,1,23.6,45,0.0,10.0,36,1005.9,4,7.8,8.0,330.0,3.4,100.0,6.2
2026-03-04 13:00:00,2026,3,4,13,Thái Nguyên,Xã Võ Nhai,21.7551719,106.07071,64,Moderate,1,24.0,45,0.0,6.8,55,1004.7,8,8.6,8.9,331.0,2.9,111.0,6.5
2026-03-04 14:00:00,2026,3,4,14,Thái Nguyên,Xã Võ Nhai,21.7551719,106.07071,62,Moderate,1,24.2,45,0.0,5.5,58,1003.4,13,9.5,9.8,326.0,2.5,119.0,7.0
2026-03-04 15:00:00,2026,3,4,15,Thái Nguyên,Xã Võ Nhai,21.7551719,106.07071,61,Moderate,1,24.8,45,0.0,4.6,51,1002.2,68,10.5,10.8,325.0,2.6,124.0,7.9
2026-03-04 16:00:00,2026,3,4,16,Thái Nguyên,Xã Võ Nhai,21.7551719,106.07071,59,Moderate,1,24.3,46,0.0,5.0,71,1001.6,8,11.6,11.8,340.0,4.8,123.0,9.2
2026-03-04 17:00:00,2026,3,4,17,Thái Nguyên,Xã Võ Nhai,21.7551719,106.07071,58,Moderate,1,23.8,52,0.0,4.1,90,1001.8,13,12.9,13.2,383.0,10.3,112.0,11.0
2026-03-04 18:00:00,2026,3,4,18,Thái Nguyên,Xã Võ Nhai,21.7551719,106.07071,56,Moderate,1,20.9,65,0.0,4.4,171,1002.1,17,19.5,19.8,441.0,18.0,95.0,13.3
2026-03-04 19:00:00,2026,3,4,19,Thái Nguyên,Xã Võ Nhai,21.7551719,106.07071,56,Moderate,1,19.2,74,0.0,3.5,141,1002.6,5,34.3,34.7,489.0,22.7,67.0,20.8
2026-03-04 20:00:00,2026,3,4,20,Thái Nguyên,Xã Võ Nhai,21.7551719,106.07071,55,Moderate,1,18.8,73,0.0,2.2,81,1003.3,3,47.0,47.3,516.0,28.7,58.0,24.4
2026-03-04 21:00:00,2026,3,4,21,Thái Nguyên,Xã Võ Nhai,21.7551719,106.07071,57,Moderate,1,18.0,76,0.0,7.0,145,1004.0,1,59.4,59.6,533.0,37.1,46.0,29.5
2026-03-04 22:00:00,2026,3,4,22,Thái Nguyên,Xã Võ Nhai,21.7551719,106.07071,60,Moderate,1,17.4,83,0.0,8.4,146,1005.0,2,70.5,70.8,544.0,44.4,35.0,34.0
2026-03-04 23:00:00,2026,3,4,23,Thái Nguyên,Xã Võ Nhai,21.7551719,106.07071,64,Moderate,1,16.5,91,0.0,5.0,125,1004.9,0,80.6,80.8,550.0,49.3,28.0,37.5
2026-03-05 00:00:00,2026,3,5,0,Thái Nguyên,Xã Võ Nhai,21.7551719,106.07071,69,Moderate,1,16.1,94,0.0,3.5,102,1005.0,7,88.9,89.4,551.0,53.1,23.0,40.5
2026-03-05 01:00:00,2026,3,5,1,Thái Nguyên,Xã Võ Nhai,21.7551719,106.07071,76,Moderate,1,15.8,95,0.0,2.8,63,1004.7,8,95.0,95.2,547.0,55.6,19.0,42.4
2026-03-05 02:00:00,2026,3,5,2,Thái Nguyên,Xã Võ Nhai,21.7551719,106.07071,83,Moderate,1,15.8,95,0.0,1.7,32,1004.2,5,97.8,98.3,535.0,56.6,15.0,42.5
2026-03-05 03:00:00,2026,3,5,3,Thái Nguyên,Xã Võ Nhai,21.7551719,106.07071,91,Moderate,1,15.2,97,0.0,2.4,9,1003.9,8,98.5,98.7,519.0,56.4,12.0,41.5
2026-03-05 04:00:00,2026,3,5,4,Thái Nguyên,Xã Võ Nhai,21.7551719,106.07071,98,Moderate,1,14.8,98,0.0,3.0,17,1003.9,18,99.4,99.7,512.0,55.5,10.0,40.8
2026-03-05 05:00:00,2026,3,5,5,Thái Nguyên,Xã Võ Nhai,21.7551719,106.07071,107,Unhealthy for Sensitive Groups,2,14.4,98,0.0,4.3,24,1004.2,23,100.4,100.8,528.0,54.9,8.0,41.5
2026-03-05 06:00:00,2026,3,5,6,Thái Nguyên,Xã Võ Nhai,21.7551719,106.07071,116,Unhealthy for Sensitive Groups,2,14.1,96,0.0,7.8,26,1004.8,39,99.4,99.9,554.0,53.7,8.0,42.6
2026-03-05 07:00:00,2026,3,5,7,Thái Nguyên,Xã Võ Nhai,21.7551719,106.07071,126,Unhealthy for Sensitive Groups,2,16.2,87,0.0,6.9,33,1005.2,91,90.1,90.6,558.0,40.1,13.0,30.5
2026-03-05 08:00:00,2026,3,5,8,Thái Nguyên,Xã Võ Nhai,21.7551719,106.07071,134,Unhealthy for Sensitive Groups,2,18.0,74,0.0,6.4,36,1005.9,97,76.6,77.3,519.0,33.2,28.0,31.5
2026-03-05 09:00:00,2026,3,5,9,Thái Nguyên,Xã Võ Nhai,21.7551719,106.07071,141,Unhealthy for Sensitive Groups,2,19.7,69,0.0,5.7,37,1006.5,100,62.4,63.1,460.0,23.6,49.0,32.9
2026-03-05 10:00:00,2026,3,5,10,Thái Nguyên,Xã Võ Nhai,21.7551719,106.07071,146,Unhealthy for Sensitive Groups,2,21.4,65,0.0,3.6,72,1006.4,100,51.0,51.7,413.0,16.1,67.0,35.1
2026-03-05 11:00:00,2026,3,5,11,Thái Nguyên,Xã Võ Nhai,21.7551719,106.07071,150,Unhealthy for Sensitive Groups,2,22.2,62,0.0,2.6,106,1006.1,100,46.4,47.3,395.0,12.9,80.0,38.8
2026-03-05 12:00:00,2026,3,5,12,Thái Nguyên,Xã Võ Nhai,21.7551719,106.07071,151,Unhealthy,3,23.3,60,0.0,4.3,163,1004.8,100,46.9,47.8,391.0,11.8,90.0,43.2
2026-03-05 13:00:00,2026,3,5,13,Thái Nguyên,Xã Võ Nhai,21.7551719,106.07071,152,Unhealthy,3,22.8,62,0.0,7.1,187,1004.7,100,48.5,49.6,388.0,11.2,100.0,46.1
2026-03-05 14:00:00,2026,3,5,14,Thái Nguyên,Xã Võ Nhai,21.7551719,106.07071,153,Unhealthy,3,22.8,62,0.0,3.7,203,1003.9,63,50.8,51.9,381.0,9.9,113.0,46.1
2026-03-05 15:00:00,2026,3,5,15,Thái Nguyên,Xã Võ Nhai,21.7551719,106.07071,154,Unhealthy,3,23.5,60,0.0,3.5,145,1003.0,98,52.4,53.6,376.0,9.0,125.0,44.5
2026-03-05 16:00:00,2026,3,5,16,Thái Nguyên,Xã Võ Nhai,21.7551719,106.07071,155,Unhealthy,3,23.3,61,0.0,6.5,146,1002.5,63,53.9,55.2,380.0,10.3,129.0,42.9
2026-03-05 17:00:00,2026,3,5,17,Thái Nguyên,Xã Võ Nhai,21.7551719,106.07071,155,Unhealthy,3,22.5,64,0.0,7.7,169,1002.9,95,56.2,57.5,402.0,15.3,118.0,41.5
2026-03-05 18:00:00,2026,3,5,18,Thái Nguyên,Xã Võ Nhai,21.7551719,106.07071,156,Unhealthy,3,21.0,74,0.0,5.7,198,1003.6,100,63.1,64.3,433.0,22.4,99.0,40.1
2026-03-05 19:00:00,2026,3,5,19,Thái Nguyên,Xã Võ Nhai,21.7551719,106.07071,157,Unhealthy,3,20.4,81,0.0,0.5,45,1004.2,100,76.1,77.3,453.0,32.9,64.0,42.8
2026-03-05 20:00:00,2026,3,5,20,Thái Nguyên,Xã Võ Nhai,21.7551719,106.07071,158,Unhealthy,3,20.1,79,0.0,4.7,18,1005.2,100,87.3,88.2,449.0,35.9,54.0,41.8
2026-03-05 21:00:00,2026,3,5,21,Thái Nguyên,Xã Võ Nhai,21.7551719,106.07071,159,Unhealthy,3,20.0,81,0.0,2.9,11,1006.1,100,93.6,94.8,434.0,39.7,40.0,40.2
2026-03-05 22:00:00,2026,3,5,22,Thái Nguyên,Xã Võ Nhai,21.7551719,106.07071,160,Unhealthy,3,19.8,81,0.0,4.8,349,1006.5,100,93.8,95.0,422.0,40.2,32.0,37.4
2026-03-05 23:00:00,2026,3,5,23,Thái Nguyên,Xã Võ Nhai,21.7551719,106.07071,160,Unhealthy,3,19.9,81,0.0,6.4,27,1006.6,100,91.7,93.1,422.0,34.0,37.0,32.5
2026-03-06 00:00:00,2026,3,6,0,Thái Nguyên,Xã Võ Nhai,21.7551719,106.07071,161,Unhealthy,3,20.0,78,0.0,5.2,22,1006.6,100,87.8,89.6,426.0,24.5,47.0,26.4
2026-03-06 01:00:00,2026,3,6,1,Thái Nguyên,Xã Võ Nhai,21.7551719,106.07071,161,Unhealthy,3,19.8,83,0.0,3.8,360,1007.0,100,82.2,84.3,424.0,17.2,54.0,21.1
2026-03-06 02:00:00,2026,3,6,2,Thái Nguyên,Xã Võ Nhai,21.7551719,106.07071,160,Unhealthy,3,19.7,79,0.0,5.4,42,1006.2,100,78.5,80.3,409.0,14.8,53.0,17.4
2026-03-06 03:00:00,2026,3,6,3,Thái Nguyên,Xã Võ Nhai,21.7551719,106.07071,160,Unhealthy,3,19.7,77,0.0,5.0,41,1005.7,100,79.2,81.5,388.0,14.8,48.0,14.5
2026-03-06 04:00:00,2026,3,6,4,Thái Nguyên,Xã Võ Nhai,21.7551719,106.07071,160,Unhealthy,3,19.6,77,0.0,3.3,347,1005.5,100,81.3,83.6,379.0,14.9,44.0,12.4
2026-03-06 05:00:00,2026,3,6,5,Thái Nguyên,Xã Võ Nhai,21.7551719,106.07071,159,Unhealthy,3,19.2,80,0.0,5.8,360,1005.7,100,77.5,79.9,395.0,14.9,41.0,10.9
2026-03-06 06:00:00,2026,3,6,6,Thái Nguyên,Xã Võ Nhai,21.7551719,106.07071,159,Unhealthy,3,19.2,78,0.0,8.0,9,1006.3,100,72.6,74.5,423.0,15.2,38.0,10.0
2026-03-06 07:00:00,2026,3,6,7,Thái Nguyên,Xã Võ Nhai,21.7551719,106.07071,158,Unhealthy,3,19.3,75,0.0,11.0,26,1007.4,100,75.4,77.8,441.0,9.6,59.0,10.8
2026-03-06 08:00:00,2026,3,6,8,Thái Nguyên,Xã Võ Nhai,21.7551719,106.07071,158,Unhealthy,3,19.7,72,0.0,11.1,36,1008.0,100,69.6,71.9,441.0,8.6,73.0,13.7
2026-03-06 09:00:00,2026,3,6,9,Thái Nguyên,Xã Võ Nhai,21.7551719,106.07071,158,Unhealthy,3,21.6,62,0.0,10.3,41,1008.2,11,54.9,56.9,431.0,7.3,92.0,17.7
2026-03-06 10:00:00,2026,3,6,10,Thái Nguyên,Xã Võ Nhai,21.7551719,106.07071,157,Unhealthy,3,23.5,55,0.0,8.5,61,1008.3,5,47.7,49.4,419.0,6.4,108.0,20.7
2026-03-06 11:00:00,2026,3,6,11,Thái Nguyên,Xã Võ Nhai,21.7551719,106.07071,157,Unhealthy,3,25.3,50,0.0,5.4,127,1007.3,94,45.2,46.6,404.0,6.3,118.0,21.9
2026-03-06 12:00:00,2026,3,6,12,Thái Nguyên,Xã Võ Nhai,21.7551719,106.07071,157,Unhealthy,3,25.7,52,0.0,5.9,169,1006.2,92,45.2,46.4,387.0,6.5,124.0,22.0
2026-03-06 13:00:00,2026,3,6,13,Thái Nguyên,Xã Võ Nhai,21.7551719,106.07071,157,Unhealthy,3,25.6,52,0.0,7.7,189,1004.9,100,49.8,51.1,375.0,6.7,129.0,21.0
2026-03-06 14:00:00,2026,3,6,14,Thái Nguyên,Xã Võ Nhai,21.7551719,106.07071,157,Unhealthy,3,25.0,55,0.0,7.7,192,1003.8,100,51.8,53.1,366.0,6.0,135.0,18.2
2026-03-06 15:00:00,2026,3,6,15,Thái Nguyên,Xã Võ Nhai,21.7551719,106.07071,157,Unhealthy,3,24.6,57,0.0,7.3,191,1003.2,54,51.9,53.0,362.0,5.3,139.0,14.3
2026-03-06 16:00:00,2026,3,6,16,Thái Nguyên,Xã Võ Nhai,21.7551719,106.07071,157,Unhealthy,3,24.3,58,0.0,8.9,193,1003.2,32,53.4,54.6,372.0,6.6,137.0,11.8
2026-03-06 17:00:00,2026,3,6,17,Thái Nguyên,Xã Võ Nhai,21.7551719,106.07071,157,Unhealthy,3,23.4,64,0.0,9.5,182,1003.1,36,57.9,58.9,406.0,11.8,123.0,11.8
2026-03-06 18:00:00,2026,3,6,18,Thái Nguyên,Xã Võ Nhai,21.7551719,106.07071,157,Unhealthy,3,21.3,76,0.0,6.5,182,1003.4,34,63.1,64.0,454.0,19.0,103.0,13.2
2026-03-06 19:00:00,2026,3,6,19,Thái Nguyên,Xã Võ Nhai,21.7551719,106.07071,157,Unhealthy,3,21.3,76,0.0,6.9,185,1004.1,23,68.0,68.5,491.0,26.1,83.0,18.3
2026-03-06 20:00:00,2026,3,6,20,Thái Nguyên,Xã Võ Nhai,21.7551719,106.07071,157,Unhealthy,3,20.1,82,0.0,4.9,163,1004.3,1,66.4,66.8,507.0,27.0,77.0,19.2
2026-03-06 21:00:00,2026,3,6,21,Thái Nguyên,Xã Võ Nhai,21.7551719,106.07071,157,Unhealthy,3,19.3,86,0.0,5.3,156,1005.2,2,62.4,62.9,512.0,28.2,68.0,20.6
2026-03-06 22:00:00,2026,3,6,22,Thái Nguyên,Xã Võ Nhai,21.7551719,106.07071,156,Unhealthy,3,19.1,88,0.0,6.1,140,1006.1,2,62.4,62.9,512.0,29.3,61.0,21.8
2026-03-06 23:00:00,2026,3,6,23,Thái Nguyên,Xã Võ Nhai,21.7551719,106.07071,155,Unhealthy,3,18.0,94,0.0,5.4,120,1005.9,0,67.1,67.5,505.0,30.0,58.0,23.0
2026-03-07 00:00:00,2026,3,7,0,Thái Nguyên,Xã Võ Nhai,21.7551719,106.07071,155,Unhealthy,3,17.6,94,0.0,3.6,87,1006.3,4,70.8,71.2,493.0,30.5,56.0,24.0
2026-03-07 01:00:00,2026,3,7,1,Thái Nguyên,Xã Võ Nhai,21.7551719,106.07071,154,Unhealthy,3,17.6,94,0.0,2.2,76,1006.2,4,73.3,74.0,481.0,30.7,54.0,24.6
2026-03-07 02:00:00,2026,3,7,2,Thái Nguyên,Xã Võ Nhai,21.7551719,106.07071,154,Unhealthy,3,17.6,94,0.0,2.6,51,1006.0,31,75.7,76.1,469.0,30.4,50.0,24.2
2026-03-07 03:00:00,2026,3,7,3,Thái Nguyên,Xã Võ Nhai,21.7551719,106.07071,154,Unhealthy,3,17.8,95,0.0,2.6,56,1005.8,100,77.3,78.0,456.0,29.7,44.0,23.3
2026-03-07 04:00:00,2026,3,7,4,Thái Nguyên,Xã Võ Nhai,21.7551719,106.07071,154,Unhealthy,3,18.5,92,0.0,3.9,66,1005.6,100,81.3,81.7,454.0,29.5,40.0,22.8
2026-03-07 05:00:00,2026,3,7,5,Thái Nguyên,Xã Võ Nhai,21.7551719,106.07071,154,Unhealthy,3,18.5,91,0.0,3.6,60,1005.7,96,82.7,83.4,471.0,30.6,35.0,23.1
2026-03-07 06:00:00,2026,3,7,6,Thái Nguyên,Xã Võ Nhai,21.7551719,106.07071,154,Unhealthy,3,18.1,93,0.0,2.3,39,1006.4,100,84.3,85.0,498.0,32.2,31.0,23.9
2026-03-07 07:00:00,2026,3,7,7,Thái Nguyên,Xã Võ Nhai,21.7551719,106.07071,155,Unhealthy,3,19.5,87,0.0,5.1,126,1007.3,100,65.4,66.4,513.0,23.9,56.0,22.6
2026-03-07 08:00:00,2026,3,7,8,Thái Nguyên,Xã Võ Nhai,21.7551719,106.07071,154,Unhealthy,3,20.3,79,0.0,5.9,130,1007.9,99,59.1,59.8,504.0,22.0,68.0,22.7
2026-03-07 09:00:00,2026,3,7,9,Thái Nguyên,Xã Võ Nhai,21.7551719,106.07071,154,Unhealthy,3,21.4,71,0.0,10.7,138,1008.3,20,45.8,46.6,482.0,19.3,85.0,22.7
2026-03-07 10:00:00,2026,3,7,10,Thái Nguyên,Xã Võ Nhai,21.7551719,106.07071,154,Unhealthy,3,22.9,66,0.0,12.4,146,1008.2,55,41.4,42.4,462.0,16.5,101.0,21.7
2026-03-07 11:00:00,2026,3,7,11,Thái Nguyên,Xã Võ Nhai,21.7551719,106.07071,154,Unhealthy,3,23.9,61,0.0,15.5,154,1007.4,100,41.0,42.0,447.0,13.4,114.0,18.7
2026-03-07 12:00:00,2026,3,7,12,Thái Nguyên,Xã Võ Nhai,21.7551719,106.07071,154,Unhealthy,3,23.4,65,0.0,12.8,156,1006.4,100,39.1,40.3,432.0,10.2,126.0,14.6
2026-03-07 13:00:00,2026,3,7,13,Thái Nguyên,Xã Võ Nhai,21.7551719,106.07071,153,Unhealthy,3,22.9,68,0.0,12.8,158,1005.7,100,39.0,40.2,419.0,7.9,134.0,11.4
2026-03-07 14:00:00,2026,3,7,14,Thái Nguyên,Xã Võ Nhai,21.7551719,106.07071,153,Unhealthy,3,23.9,64,0.0,13.3,170,1004.6,100,37.8,39.0,404.0,6.9,138.0,9.8
2026-03-07 15:00:00,2026,3,7,15,Thái Nguyên,Xã Võ Nhai,21.7551719,106.07071,153,Unhealthy,3,23.7,65,0.0,14.4,167,1003.7,100,36.2,37.5,390.0,6.9,139.0,9.1
2026-03-07 16:00:00,2026,3,7,16,Thái Nguyên,Xã Võ Nhai,21.7551719,106.07071,153,Unhealthy,3,23.3,67,0.0,14.6,164,1003.5,100,35.9,37.1,386.0,7.8,137.0,9.1
2026-03-07 17:00:00,2026,3,7,17,Thái Nguyên,Xã Võ Nhai,21.7551719,106.07071,152,Unhealthy,3,23.0,68,0.0,13.9,159,1003.6,82,35.7,36.9,402.0,10.2,130.0,9.8
2026-03-07 18:00:00,2026,3,7,18,Thái Nguyên,Xã Võ Nhai,21.7551719,106.07071,152,Unhealthy,3,21.9,73,0.0,9.1,150,1004.1,87,35.5,36.6,428.0,13.6,120.0,11.1
2026-03-07 19:00:00,2026,3,7,19,Thái Nguyên,Xã Võ Nhai,21.7551719,106.07071,151,Unhealthy,3,21.6,75,0.0,9.1,142,1004.8,74,47.1,48.8,438.0,17.3,103.0,13.5
2026-03-07 20:00:00,2026,3,7,20,Thái Nguyên,Xã Võ Nhai,21.7551719,106.07071,151,Unhealthy,3,20.5,81,0.0,8.3,117,1005.7,29,46.3,47.8,415.0,18.3,96.0,14.5
2026-03-07 21:00:00,2026,3,7,21,Thái Nguyên,Xã Võ Nhai,21.7551719,106.07071,150,Unhealthy for Sensitive Groups,2,19.7,86,0.0,8.7,114,1006.4,5,45.1,46.8,375.0,19.7,85.0,15.8
2026-03-07 22:00:00,2026,3,7,22,Thái Nguyên,Xã Võ Nhai,21.7551719,106.07071,149,Unhealthy for Sensitive Groups,2,19.0,87,0.0,8.0,118,1006.9,13,45.8,47.7,345.0,20.6,77.0,16.7
2026-03-07 23:00:00,2026,3,7,23,Thái Nguyên,Xã Võ Nhai,21.7551719,106.07071,148,Unhealthy for Sensitive Groups,2,18.5,86,0.0,7.1,111,1007.1,22,46.8,49.1,336.0,20.4,73.0,16.6
2026-03-08 00:00:00,2026,3,8,0,Thái Nguyên,Xã Võ Nhai,21.7551719,106.07071,145,Unhealthy for Sensitive Groups,2,18.1,87,0.0,5.8,104,1007.5,100,45.9,48.5,336.0,19.6,71.0,16.1
2026-03-08 01:00:00,2026,3,8,1,Thái Nguyên,Xã Võ Nhai,21.7551719,106.07071,143,Unhealthy for Sensitive Groups,2,19.0,87,0.0,6.7,121,1007.2,99,43.1,45.9,338.0,18.9,69.0,15.5
2026-03-08 02:00:00,2026,3,8,2,Thái Nguyên,Xã Võ Nhai,21.7551719,106.07071,140,Unhealthy for Sensitive Groups,2,19.4,85,0.0,5.4,111,1006.5,95,40.7,43.7,337.0,18.4,67.0,14.8
2026-03-08 03:00:00,2026,3,8,3,Thái Nguyên,Xã Võ Nhai,21.7551719,106.07071,136,Unhealthy for Sensitive Groups,2,19.3,87,0.0,6.4,119,1006.1,55,40.6,43.9,338.0,18.0,65.0,14.1
2026-03-08 04:00:00,2026,3,8,4,Thái Nguyên,Xã Võ Nhai,21.7551719,106.07071,132,Unhealthy for Sensitive Groups,2,18.8,91,0.0,7.1,111,1005.8,100,47.8,51.8,340.0,17.9,63.0,13.7
2026-03-08 05:00:00,2026,3,8,5,Thái Nguyên,Xã Võ Nhai,21.7551719,106.07071,129,Unhealthy for Sensitive Groups,2,19.2,90,0.0,8.1,90,1006.1,100,44.0,47.4,348.0,18.4,61.0,13.8
2026-03-08 06:00:00,2026,3,8,6,Thái Nguyên,Xã Võ Nhai,21.7551719,106.07071,125,Unhealthy for Sensitive Groups,2,19.0,96,1.7,8.0,99,1006.4,100,39.7,42.7,358.0,19.1,60.0,14.1
2026-03-08 07:00:00,2026,3,8,7,Thái Nguyên,Xã Võ Nhai,21.7551719,106.07071,120,Unhealthy for Sensitive Groups,2,19.1,98,0.5,8.5,97,1007.0,96,34.1,36.2,359.0,17.0,66.0,13.0
2026-03-08 08:00:00,2026,3,8,8,Thái Nguyên,Xã Võ Nhai,21.7551719,106.07071,117,Unhealthy for Sensitive Groups,2,19.5,97,3.5,7.7,108,1007.6,100,33.1,34.9,342.0,17.1,68.0,13.3
2026-03-08 09:00:00,2026,3,8,9,Thái Nguyên,Xã Võ Nhai,21.7551719,106.07071,114,Unhealthy for Sensitive Groups,2,20.0,95,0.0,13.2,110,1007.8,96,31.3,33.2,316.0,17.2,71.0,13.6
2026-03-08 10:00:00,2026,3,8,10,Thái Nguyên,Xã Võ Nhai,21.7551719,106.07071,113,Unhealthy for Sensitive Groups,2,21.5,84,0.0,14.4,133,1007.7,100,34.3,36.2,298.0,16.9,76.0,13.9
2026-03-08 11:00:00,2026,3,8,11,Thái Nguyên,Xã Võ Nhai,21.7551719,106.07071,112,Unhealthy for Sensitive Groups,2,23.0,76,0.1,14.4,147,1007.1,100,35.2,37.1,299.0,15.7,85.0,13.9
2026-03-08 12:00:00,2026,3,8,12,Thái Nguyên,Xã Võ Nhai,21.7551719,106.07071,111,Unhealthy for Sensitive Groups,2,23.7,76,0.2,15.1,160,1005.6,100,36.4,38.5,308.0,14.2,96.0,13.7
2026-03-08 13:00:00,2026,3,8,13,Thái Nguyên,Xã Võ Nhai,21.7551719,106.07071,111,Unhealthy for Sensitive Groups,2,23.2,77,0.2,15.8,161,1005.1,100,37.8,39.9,314.0,13.2,104.0,13.8
2026-03-08 14:00:00,2026,3,8,14,Thái Nguyên,Xã Võ Nhai,21.7551719,106.07071,111,Unhealthy for Sensitive Groups,2,23.1,74,0.1,15.3,162,1004.2,100,40.0,42.4,310.0,13.3,105.0,14.4
2026-03-08 15:00:00,2026,3,8,15,Thái Nguyên,Xã Võ Nhai,21.7551719,106.07071,111,Unhealthy for Sensitive Groups,2,23.3,73,0.0,12.6,160,1003.5,100,37.5,39.6,302.0,14.0,103.0,15.3
2026-03-08 16:00:00,2026,3,8,16,Thái Nguyên,Xã Võ Nhai,21.7551719,106.07071,111,Unhealthy for Sensitive Groups,2,23.8,69,0.0,14.0,158,1003.2,100,34.9,36.6,297.0,15.1,99.0,15.8
2026-03-08 17:00:00,2026,3,8,17,Thái Nguyên,Xã Võ Nhai,21.7551719,106.07071,111,Unhealthy for Sensitive Groups,2,23.1,73,0.0,10.5,153,1003.5,100,30.4,31.7,299.0,16.8,93.0,15.4
2026-03-08 18:00:00,2026,3,8,18,Thái Nguyên,Xã Võ Nhai,21.7551719,106.07071,111,Unhealthy for Sensitive Groups,2,22.6,75,0.0,9.1,153,1003.8,100,29.8,31.0,304.0,18.9,85.0,14.5
2026-03-08 19:00:00,2026,3,8,19,Thái Nguyên,Xã Võ Nhai,21.7551719,106.07071,110,Unhealthy for Sensitive Groups,2,21.6,82,0.0,8.1,152,1005.0,100,33.6,35.3,305.0,21.6,74.0,15.0
2026-03-08 20:00:00,2026,3,8,20,Thái Nguyên,Xã Võ Nhai,21.7551719,106.07071,109,Unhealthy for Sensitive Groups,2,21.4,83,0.0,8.0,140,1005.7,100,33.3,35.0,298.0,21.6,72.0,15.9
2026-03-08 21:00:00,2026,3,8,21,Thái Nguyên,Xã Võ Nhai,21.7551719,106.07071,107,Unhealthy for Sensitive Groups,2,21.2,83,0.0,9.9,134,1006.6,100,33.1,34.9,287.0,21.6,70.0,17.0
2026-03-08 22:00:00,2026,3,8,22,Thái Nguyên,Xã Võ Nhai,21.7551719,106.07071,106,Unhealthy for Sensitive Groups,2,20.8,84,0.0,10.6,125,1007.3,100,33.1,35.0,278.0,21.7,66.0,17.7
2026-03-08 23:00:00,2026,3,8,23,Thái Nguyên,Xã Võ Nhai,21.7551719,106.07071,105,Unhealthy for Sensitive Groups,2,20.5,83,0.0,8.3,114,1007.8,100,34.3,36.6,274.0,22.1,61.0,17.4
2026-03-09 00:00:00,2026,3,9,0,Thái Nguyên,Xã Võ Nhai,21.7551719,106.07071,103,Unhealthy for Sensitive Groups,2,20.5,81,0.0,8.3,114,1008.0,100,36.0,38.5,272.0,22.6,54.0,16.7
2026-03-09 01:00:00,2026,3,9,1,Thái Nguyên,Xã Võ Nhai,21.7551719,106.07071,102,Unhealthy for Sensitive Groups,2,20.3,86,0.0,7.4,122,1007.7,100,37.1,39.8,272.0,23.0,49.0,16.3
2026-03-09 02:00:00,2026,3,9,2,Thái Nguyên,Xã Võ Nhai,21.7551719,106.07071,102,Unhealthy for Sensitive Groups,2,20.1,89,0.1,7.5,100,1007.4,100,37.5,40.3,272.0,23.0,47.0,16.6
2026-03-09 03:00:00,2026,3,9,3,Thái Nguyên,Xã Võ Nhai,21.7551719,106.07071,101,Unhealthy for Sensitive Groups,2,20.1,89,0.0,8.3,96,1007.1,100,39.1,42.1,273.0,22.9,45.0,17.2
2026-03-09 04:00:00,2026,3,9,4,Thái Nguyên,Xã Võ Nhai,21.7551719,106.07071,101,Unhealthy for Sensitive Groups,2,20.1,89,0.0,8.8,99,1007.0,100,42.6,45.8,277.0,23.2,43.0,17.6
2026-03-09 05:00:00,2026,3,9,5,Thái Nguyên,Xã Võ Nhai,21.7551719,106.07071,101,Unhealthy for Sensitive Groups,2,20.0,90,0.0,6.8,87,1007.6,98,46.8,49.9,281.0,24.8,36.0,17.4
2026-03-09 06:00:00,2026,3,9,6,Thái Nguyên,Xã Võ Nhai,21.7551719,106.07071,101,Unhealthy for Sensitive Groups,2,19.9,90,0.0,6.2,78,1008.0,95,51.0,54.1,288.0,26.7,28.0,17.0
2026-03-09 07:00:00,2026,3,9,7,Thái Nguyên,Xã Võ Nhai,21.7551719,106.07071,102,Unhealthy for Sensitive Groups,2,20.0,97,0.0,7.6,68,1008.7,100,28.4,32.6,306.0,20.1,48.0,14.0
2026-03-09 08:00:00,2026,3,9,8,Thái Nguyên,Xã Võ Nhai,21.7551719,106.07071,102,Unhealthy for Sensitive Groups,2,20.6,95,0.0,10.2,39,1009.8,100,27.3,32.2,347.0,18.1,54.0,16.4
2026-03-09 09:00:00,2026,3,9,9,Thái Nguyên,Xã Võ Nhai,21.7551719,106.07071,101,Unhealthy for Sensitive Groups,2,20.3,95,0.3,14.7,37,1010.9,100,27.8,31.5,400.0,15.3,62.0,19.5
2026-03-09 10:00:00,2026,3,9,10,Thái Nguyên,Xã Võ Nhai,21.7551719,106.07071,101,Unhealthy for Sensitive Groups,2,19.4,97,0.8,21.3,35,1011.8,100,25.0,27.3,442.0,12.4,69.0,20.4
2026-03-09 11:00:00,2026,3,9,11,Thái Nguyên,Xã Võ Nhai,21.7551719,106.07071,100,Moderate,1,17.7,95,0.7,23.9,32,1011.6,100,22.4,23.0,465.0,9.3,75.0,16.7
2026-03-09 12:00:00,2026,3,9,12,Thái Nguyên,Xã Võ Nhai,21.7551719,106.07071,99,Moderate,1,19.0,78,0.1,24.7,33,1011.1,100,11.2,11.2,478.0,6.2,80.0,10.7
2026-03-09 13:00:00,2026,3,9,13,Thái Nguyên,Xã Võ Nhai,21.7551719,106.07071,96,Moderate,1,16.6,95,0.0,25.7,34,1010.8,100,4.7,4.8,485.0,4.1,84.0,6.3
2026-03-09 14:00:00,2026,3,9,14,Thái Nguyên,Xã Võ Nhai,21.7551719,106.07071,93,Moderate,1,16.8,88,0.2,28.0,29,1010.4,100,4.2,4.3,484.0,3.8,86.0,5.1
2026-03-09 15:00:00,2026,3,9,15,Thái Nguyên,Xã Võ Nhai,21.7551719,106.07071,90,Moderate,1,16.9,79,0.2,27.9,29,1010.2,100,4.9,5.0,477.0,4.5,86.0,5.5
2026-03-09 16:00:00,2026,3,9,16,Thái Nguyên,Xã Võ Nhai,21.7551719,106.07071,87,Moderate,1,17.4,72,0.0,24.0,37,1010.3,100,5.2,5.3,472.0,5.3,86.0,5.9
2026-03-09 17:00:00,2026,3,9,17,Thái Nguyên,Xã Võ Nhai,21.7551719,106.07071,85,Moderate,1,17.2,72,0.0,22.6,40,1010.5,100,6.2,6.2,474.0,5.9,85.0,5.9
2026-03-09 18:00:00,2026,3,9,18,Thái Nguyên,Xã Võ Nhai,21.7551719,106.07071,83,Moderate,1,17.3,68,0.0,26.5,36,1010.8,100,6.9,7.0,479.0,6.5,84.0,6.1
2026-03-09 19:00:00,2026,3,9,19,Thái Nguyên,Xã Võ Nhai,21.7551719,106.07071,80,Moderate,1,17.7,68,0.0,22.3,35,1011.5,100,9.1,9.1,480.0,5.5,88.0,5.3
2026-03-09 20:00:00,2026,3,9,20,Thái Nguyên,Xã Võ Nhai,21.7551719,106.07071,78,Moderate,1,17.7,67,0.0,23.2,38,1012.1,100,10.4,10.6,475.0,5.4,88.0,5.0
2026-03-09 21:00:00,2026,3,9,21,Thái Nguyên,Xã Võ Nhai,21.7551719,106.07071,76,Moderate,1,17.7,64,0.0,25.0,36,1012.6,91,11.2,11.4,466.0,5.2,87.0,4.7
2026-03-09 22:00:00,2026,3,9,22,Thái Nguyên,Xã Võ Nhai,21.7551719,106.07071,74,Moderate,1,17.3,63,0.0,25.5,33,1013.5,100,12.1,12.3,461.0,5.1,87.0,4.4
2026-03-09 23:00:00,2026,3,9,23,Thái Nguyên,Xã Võ Nhai,21.7551719,106.07071,72,Moderate,1,16.7,63,0.0,25.6,32,1013.6,100,10.8,10.9,464.0,5.1,87.0,4.3
2026-03-10 00:00:00,2026,3,10,0,Thái Nguyên,Xã Võ Nhai,21.7551719,106.07071,70,Moderate,1,16.4,63,0.0,24.3,30,1013.6,96,9.3,9.4,470.0,5.0,87.0,4.2
2026-03-10 01:00:00,2026,3,10,1,Thái Nguyên,Xã Võ Nhai,21.7551719,106.07071,68,Moderate,1,16.6,64,0.0,20.7,29,1013.3,98,8.2,8.3,473.0,5.1,86.0,4.2
2026-03-10 02:00:00,2026,3,10,2,Thái Nguyên,Xã Võ Nhai,21.7551719,106.07071,65,Moderate,1,16.4,64,0.0,20.9,28,1013.0,34,7.5,7.6,468.0,5.2,84.0,4.2
2026-03-10 03:00:00,2026,3,10,3,Thái Nguyên,Xã Võ Nhai,21.7551719,106.07071,63,Moderate,1,15.8,65,0.0,21.7,29,1012.3,1,7.2,7.3,459.0,5.4,82.0,4.3
2026-03-10 04:00:00,2026,3,10,4,Thái Nguyên,Xã Võ Nhai,21.7551719,106.07071,60,Moderate,1,15.1,66,0.0,20.9,27,1012.0,3,7.1,7.2,456.0,5.6,80.0,4.4
2026-03-10 05:00:00,2026,3,10,5,Thái Nguyên,Xã Võ Nhai,21.7551719,106.07071,57,Moderate,1,14.5,68,0.0,16.2,21,1012.9,12,7.0,7.1,465.0,6.1,77.0,4.7
2026-03-10 06:00:00,2026,3,10,6,Thái Nguyên,Xã Võ Nhai,21.7551719,106.07071,53,Moderate,1,14.0,69,0.0,14.8,18,1013.3,8,7.2,7.2,479.0,6.7,73.0,5.0
2026-03-10 07:00:00,2026,3,10,7,Thái Nguyên,Xã Võ Nhai,21.7551719,106.07071,49,Good,0,14.1,70,0.0,13.0,22,1014.1,0,0.8,0.8,483.0,5.7,78.0,5.3
2026-03-10 08:00:00,2026,3,10,8,Thái Nguyên,Xã Võ Nhai,21.7551719,106.07071,44,Good,0,15.7,64,0.0,14.4,26,1014.4,0,1.7,1.8,468.0,4.9,83.0,5.6
2026-03-10 09:00:00,2026,3,10,9,Thái Nguyên,Xã Võ Nhai,21.7551719,106.07071,40,Good,0,17.6,57,0.0,16.3,26,1014.3,0,2.1,2.1,445.0,3.8,91.0,6.1
2026-03-10 10:00:00,2026,3,10,10,Thái Nguyên,Xã Võ Nhai,21.7551719,106.07071,38,Good,0,19.3,51,0.0,15.8,24,1014.1,0,2.8,2.9,426.0,2.9,99.0,6.5
2026-03-10 11:00:00,2026,3,10,11,Thái Nguyên,Xã Võ Nhai,21.7551719,106.07071,38,Good,0,20.8,48,0.0,13.7,25,1012.8,3,3.7,3.7,419.0,2.4,108.0,6.6
2026-03-10 12:00:00,2026,3,10,12,Thái Nguyên,Xã Võ Nhai,21.7551719,106.07071,40,Good,0,21.7,46,0.0,10.7,25,1011.3,9,4.5,4.6,417.0,2.2,118.0,6.6
2026-03-10 13:00:00,2026,3,10,13,Thái Nguyên,Xã Võ Nhai,21.7551719,106.07071,42,Good,0,22.4,45,0.0,8.4,20,1010.5,32,5.3,5.4,416.0,2.1,126.0,6.9
2026-03-10 14:00:00,2026,3,10,14,Thái Nguyên,Xã Võ Nhai,21.7551719,106.07071,45,Good,0,22.6,46,0.0,6.1,24,1009.4,4,6.1,6.3,412.0,1.6,133.0,7.5
2026-03-10 15:00:00,2026,3,10,15,Thái Nguyên,Xã Võ Nhai,21.7551719,106.07071,48,Good,0,23.4,43,0.0,7.8,58,1008.4,93,7.0,7.2,409.0,1.2,139.0,8.4
2026-03-10 16:00:00,2026,3,10,16,Thái Nguyên,Xã Võ Nhai,21.7551719,106.07071,57,Moderate,1,22.3,46,0.0,15.6,79,1007.5,9,8.1,8.2,414.0,3.2,139.0,10.0
2026-03-10 17:00:00,2026,3,10,17,Thái Nguyên,Xã Võ Nhai,21.7551719,106.07071,69,Moderate,1,21.5,53,0.0,5.0,71,1007.4,11,9.2,9.3,433.0,9.2,129.0,12.6
2026-03-10 18:00:00,2026,3,10,18,Thái Nguyên,Xã Võ Nhai,21.7551719,106.07071,77,Moderate,1,19.7,61,0.0,1.7,139,1007.4,18,17.3,17.4,459.0,17.6,113.0,15.9
2026-03-10 19:00:00,2026,3,10,19,Thái Nguyên,Xã Võ Nhai,21.7551719,106.07071,80,Moderate,1,17.7,69,0.0,4.6,79,1008.8,23,18.1,18.3,479.0,18.5,70.0,12.4
2026-03-10 20:00:00,2026,3,10,20,Thái Nguyên,Xã Võ Nhai,21.7551719,106.07071,72,Moderate,1,16.9,69,0.0,5.6,65,1009.2,9,23.3,23.5,488.0,20.3,64.0,14.3
2026-03-10 21:00:00,2026,3,10,21,Thái Nguyên,Xã Võ Nhai,21.7551719,106.07071,61,Moderate,1,16.2,71,0.0,7.5,48,1009.5,2,24.4,24.6,492.0,23.0,56.0,17.1
2026-03-10 22:00:00,2026,3,10,22,Thái Nguyên,Xã Võ Nhai,21.7551719,106.07071,49,Good,0,15.2,75,0.0,5.7,77,1009.9,13,26.0,26.0,493.0,25.7,49.0,19.5
2026-03-10 23:00:00,2026,3,10,23,Thái Nguyên,Xã Võ Nhai,21.7551719,106.07071,44,Good,0,14.7,77,0.0,5.5,81,1010.0,8,28.9,28.9,491.0,28.5,43.0,21.4
2026-03-11 00:00:00,2026,3,11,0,Thái Nguyên,Xã Võ Nhai,21.7551719,106.07071,42,Good,0,14.2,80,0.0,3.8,49,1009.9,10,31.8,31.9,486.0,31.4,38.0,22.9
2026-03-11 01:00:00,2026,3,11,1,Thái Nguyên,Xã Võ Nhai,21.7551719,106.07071,46,Good,0,14.0,84,0.0,3.9,22,1009.9,43,36.1,36.2,480.0,33.9,33.0,23.7
2026-03-11 02:00:00,2026,3,11,2,Thái Nguyên,Xã Võ Nhai,21.7551719,106.07071,50,Good,0,14.0,85,0.0,4.5,23,1009.2,46,40.2,40.3,471.0,36.3,28.0,23.7
2026-03-11 03:00:00,2026,3,11,3,Thái Nguyên,Xã Võ Nhai,21.7551719,106.07071,53,Moderate,1,13.8,87,0.0,4.1,23,1008.9,57,44.8,44.9,462.0,38.3,23.0,23.0
2026-03-11 04:00:00,2026,3,11,4,Thái Nguyên,Xã Võ Nhai,21.7551719,106.07071,57,Moderate,1,13.8,89,0.0,4.9,24,1008.6,72,49.2,49.5,462.0,38.6,20.0,21.5
2026-03-11 05:00:00,2026,3,11,5,Thái Nguyên,Xã Võ Nhai,21.7551719,106.07071,60,Moderate,1,13.7,87,0.0,6.3,31,1008.7,80,52.7,52.9,485.0,36.2,15.0,17.8
2026-03-11 06:00:00,2026,3,11,6,Thái Nguyên,Xã Võ Nhai,21.7551719,106.07071,64,Moderate,1,13.3,88,0.0,6.4,25,1008.8,41,54.9,55.1,518.0,32.1,12.0,13.3
2026-03-11 07:00:00,2026,3,11,7,Thái Nguyên,Xã Võ Nhai,21.7551719,106.07071,69,Moderate,1,13.6,88,0.0,5.9,20,1009.4,35,48.1,48.2,534.0,27.3,22.0,14.4
2026-03-11 08:00:00,2026,3,11,8,Thái Nguyên,Xã Võ Nhai,21.7551719,106.07071,73,Moderate,1,16.7,75,0.0,4.2,31,1010.1,87,34.0,34.3,517.0,22.7,41.0,19.6
2026-03-11 09:00:00,2026,3,11,9,Thái Nguyên,Xã Võ Nhai,21.7551719,106.07071,76,Moderate,1,18.8,69,0.0,1.7,41,1010.3,81,29.0,29.4,484.0,16.2,68.0,26.6
2026-03-11 10:00:00,2026,3,11,10,Thái Nguyên,Xã Võ Nhai,21.7551719,106.07071,78,Moderate,1,20.7,62,0.0,1.8,186,1009.8,100,26.7,27.1,458.0,10.9,91.0,30.5
2026-03-11 11:00:00,2026,3,11,11,Thái Nguyên,Xã Võ Nhai,21.7551719,106.07071,80,Moderate,1,21.5,60,0.0,2.9,184,1008.9,100,27.0,27.4,450.0,7.9,107.0,28.5
2026-03-11 12:00:00,2026,3,11,12,Thái Nguyên,Xã Võ Nhai,21.7551719,106.07071,82,Moderate,1,21.7,59,0.0,3.4,174,1007.8,100,29.6,30.2,449.0,6.1,119.0,23.4
2026-03-11 13:00:00,2026,3,11,13,Thái Nguyên,Xã Võ Nhai,21.7551719,106.07071,85,Moderate,1,21.7,59,0.0,4.6,191,1007.1,100,32.4,33.1,449.0,5.0,128.0,19.0
2026-03-11 14:00:00,2026,3,11,14,Thái Nguyên,Xã Võ Nhai,21.7551719,106.07071,87,Moderate,1,21.6,60,0.0,2.9,210,1005.7,100,35.4,36.3,443.0,4.0,135.0,16.4
2026-03-11 15:00:00,2026,3,11,15,Thái Nguyên,Xã Võ Nhai,21.7551719,106.07071,90,Moderate,1,22.2,59,0.0,1.5,187,1005.0,100,38.4,39.3,438.0,3.6,140.0,14.3
2026-03-11 16:00:00,2026,3,11,16,Thái Nguyên,Xã Võ Nhai,21.7551719,106.07071,92,Moderate,1,22.0,60,0.0,1.5,159,1004.6,100,39.9,41.0,441.0,5.3,137.0,13.3
2026-03-11 17:00:00,2026,3,11,17,Thái Nguyên,Xã Võ Nhai,21.7551719,106.07071,95,Moderate,1,21.6,61,0.0,2.3,293,1004.6,99,43.0,44.0,460.0,10.1,123.0,13.3
2026-03-11 18:00:00,2026,3,11,18,Thái Nguyên,Xã Võ Nhai,21.7551719,106.07071,98,Moderate,1,20.3,69,0.0,5.3,282,1004.6,100,53.8,54.8,488.0,16.9,102.0,14.2
2026-03-11 19:00:00,2026,3,11,19,Thái Nguyên,Xã Võ Nhai,21.7551719,106.07071,102,Unhealthy for Sensitive Groups,2,19.9,75,0.0,3.9,233,1005.4,100,75.4,75.9,514.0,30.3,82.0,20.6
2026-03-11 20:00:00,2026,3,11,20,Thái Nguyên,Xã Võ Nhai,21.7551719,106.07071,108,Unhealthy for Sensitive Groups,2,19.6,78,0.0,3.7,209,1006.4,100,87.5,88.0,536.0,34.4,72.0,22.7
2026-03-11 21:00:00,2026,3,11,21,Thái Nguyên,Xã Võ Nhai,21.7551719,106.07071,114,Unhealthy for Sensitive Groups,2,19.3,80,0.0,2.9,266,1007.1,100,96.9,97.3,557.0,40.1,59.0,25.5
2026-03-11 22:00:00,2026,3,11,22,Thái Nguyên,Xã Võ Nhai,21.7551719,106.07071,122,Unhealthy for Sensitive Groups,2,19.2,80,0.0,1.7,347,1007.6,100,104.5,105.0,568.0,44.6,47.0,27.1
2026-03-11 23:00:00,2026,3,11,23,Thái Nguyên,Xã Võ Nhai,21.7551719,106.07071,130,Unhealthy for Sensitive Groups,2,18.7,83,0.0,0.6,18,1007.5,100,112.0,112.7,565.0,46.9,38.0,26.7
2026-03-12 00:00:00,2026,3,12,0,Thái Nguyên,Xã Võ Nhai,21.7551719,106.07071,139,Unhealthy for Sensitive Groups,2,18.6,83,0.0,2.9,112,1007.4,100,115.7,116.2,554.0,48.0,31.0,25.0
2026-03-12 01:00:00,2026,3,12,1,Thái Nguyên,Xã Võ Nhai,21.7551719,106.07071,147,Unhealthy for Sensitive Groups,2,18.6,84,0.0,3.7,137,1007.5,100,113.9,114.3,539.0,47.7,25.0,22.7
2026-03-12 02:00:00,2026,3,12,2,Thái Nguyên,Xã Võ Nhai,21.7551719,106.07071,151,Unhealthy,3,18.4,85,0.0,2.8,108,1006.9,100,109.2,109.7,516.0,45.7,21.0,19.5
2026-03-12 03:00:00,2026,3,12,3,Thái Nguyên,Xã Võ Nhai,21.7551719,106.07071,153,Unhealthy,3,18.3,86,0.0,0.7,360,1006.9,100,107.1,107.6,491.0,42.3,18.0,15.7
2026-03-12 04:00:00,2026,3,12,4,Thái Nguyên,Xã Võ Nhai,21.7551719,106.07071,154,Unhealthy,3,18.1,87,0.0,4.2,353,1006.9,100,103.8,104.3,483.0,38.8,17.0,12.3
2026-03-12 05:00:00,2026,3,12,5,Thái Nguyên,Xã Võ Nhai,21.7551719,106.07071,155,Unhealthy,3,17.8,88,0.0,3.8,3,1007.4,100,97.1,97.6,515.0,35.8,13.0,9.5
2026-03-12 06:00:00,2026,3,12,6,Thái Nguyên,Xã Võ Nhai,21.7551719,106.07071,156,Unhealthy,3,17.9,88,0.0,4.8,15,1007.9,100,90.8,91.0,566.0,32.6,10.0,7.2
2026-03-12 07:00:00,2026,3,12,7,Thái Nguyên,Xã Võ Nhai,21.7551719,106.07071,157,Unhealthy,3,16.9,90,0.0,7.2,28,1008.7,93,86.8,87.3,590.0,28.2,19.0,9.6
2026-03-12 08:00:00,2026,3,12,8,Thái Nguyên,Xã Võ Nhai,21.7551719,106.07071,158,Unhealthy,3,19.3,76,0.0,6.4,29,1009.6,63,78.2,78.5,563.0,23.1,42.0,10.8
2026-03-12 09:00:00,2026,3,12,9,Thái Nguyên,Xã Võ Nhai,21.7551719,106.07071,159,Unhealthy,3,21.4,62,0.0,10.1,47,1010.1,58,57.0,57.5,511.0,16.1,74.0,12.4
2026-03-12 10:00:00,2026,3,12,10,Thái Nguyên,Xã Võ Nhai,21.7551719,106.07071,159,Unhealthy,3,22.8,54,0.0,10.2,56,1010.0,63,37.3,37.6,464.0,10.4,100.0,13.2
2026-03-12 11:00:00,2026,3,12,11,Thái Nguyên,Xã Võ Nhai,21.7551719,106.07071,160,Unhealthy,3,24.3,48,0.0,10.9,63,1009.2,99,27.6,28.0,433.0,7.2,116.0,12.2
2026-03-12 12:00:00,2026,3,12,12,Thái Nguyên,Xã Võ Nhai,21.7551719,106.07071,160,Unhealthy,3,25.2,45,0.0,9.7,56,1007.7,80,19.7,20.3,407.0,5.4,126.0,10.4
2026-03-12 13:00:00,2026,3,12,13,Thái Nguyên,Xã Võ Nhai,21.7551719,106.07071,159,Unhealthy,3,24.5,44,0.0,9.3,46,1006.8,98,19.4,20.1,388.0,4.5,132.0,9.2
2026-03-12 14:00:00,2026,3,12,14,Thái Nguyên,Xã Võ Nhai,21.7551719,106.07071,159,Unhealthy,3,24.7,44,0.0,9.9,42,1005.8,67,21.7,22.6,378.0,3.9,136.0,9.1
2026-03-12 15:00:00,2026,3,12,15,Thái Nguyên,Xã Võ Nhai,21.7551719,106.07071,159,Unhealthy,3,24.9,42,0.0,8.7,43,1005.2,93,23.3,24.5,375.0,4.3,137.0,9.6
2026-03-12 16:00:00,2026,3,12,16,Thái Nguyên,Xã Võ Nhai,21.7551719,106.07071,159,Unhealthy,3,24.7,43,0.0,8.1,53,1004.8,100,25.7,27.0,376.0,7.5,130.0,11.1
2026-03-12 17:00:00,2026,3,12,17,Thái Nguyên,Xã Võ Nhai,21.7551719,106.07071,158,Unhealthy,3,23.8,49,0.0,5.8,34,1004.4,12,34.5,35.7,377.0,16.0,112.0,14.0
2026-03-12 18:00:00,2026,3,12,18,Thái Nguyên,Xã Võ Nhai,21.7551719,106.07071,158,Unhealthy,3,21.7,56,0.0,5.9,31,1004.7,26,49.6,50.8,383.0,27.3,86.0,17.9
2026-03-12 19:00:00,2026,3,12,19,Thái Nguyên,Xã Võ Nhai,21.7551719,106.07071,158,Unhealthy,3,21.0,65,0.0,4.4,148,1006.1,66,74.7,76.8,405.0,38.8,70.0,20.8
2026-03-12 20:00:00,2026,3,12,20,Thái Nguyên,Xã Võ Nhai,21.7551719,106.07071,158,Unhealthy,3,19.5,77,0.0,8.4,125,1007.0,98,90.3,92.4,461.0,43.3,59.0,23.9
2026-03-12 21:00:00,2026,3,12,21,Thái Nguyên,Xã Võ Nhai,21.7551719,106.07071,158,Unhealthy,3,19.0,82,0.0,8.0,140,1007.5,22,99.9,101.7,534.0,49.5,44.0,28.3
2026-03-12 22:00:00,2026,3,12,22,Thái Nguyên,Xã Võ Nhai,21.7551719,106.07071,158,Unhealthy,3,17.7,88,0.0,4.6,126,1008.3,12,97.6,99.2,584.0,54.2,33.0,31.9
2026-03-12 23:00:00,2026,3,12,23,Thái Nguyên,Xã Võ Nhai,21.7551719,106.07071,158,Unhealthy,3,17.1,89,0.0,2.6,51,1008.6,55,91.5,92.4,590.0,55.9,29.0,34.1
2026-03-13 00:00:00,2026,3,13,0,Thái Nguyên,Xã Võ Nhai,21.7551719,106.07071,157,Unhealthy,3,16.8,89,0.0,1.9,17,1008.9,69,87.8,88.7,573.0,56.0,28.0,35.6
2026-03-13 01:00:00,2026,3,13,1,Thái Nguyên,Xã Võ Nhai,21.7551719,106.07071,157,Unhealthy,3,17.1,90,0.0,2.4,27,1008.8,30,89.9,90.8,553.0,55.7,27.0,35.7
2026-03-13 02:00:00,2026,3,13,2,Thái Nguyên,Xã Võ Nhai,21.7551719,106.07071,156,Unhealthy,3,16.5,93,0.0,3.2,3,1008.4,91,94.3,95.5,534.0,55.6,23.0,34.1
2026-03-13 03:00:00,2026,3,13,3,Thái Nguyên,Xã Võ Nhai,21.7551719,106.07071,156,Unhealthy,3,16.5,93,0.1,4.0,10,1008.0,92,98.7,99.7,512.0,55.0,17.0,31.1
2026-03-13 04:00:00,2026,3,13,4,Thái Nguyên,Xã Võ Nhai,21.7551719,106.07071,156,Unhealthy,3,16.1,97,0.1,3.5,35,1007.9,59,99.4,100.6,501.0,52.7,14.0,27.8
2026-03-13 05:00:00,2026,3,13,5,Thái Nguyên,Xã Võ Nhai,21.7551719,106.07071,156,Unhealthy,3,15.6,97,0.0,4.1,29,1008.4,48,95.7,96.9,516.0,48.0,10.0,23.1
2026-03-13 06:00:00,2026,3,13,6,Thái Nguyên,Xã Võ Nhai,21.7551719,106.07071,156,Unhealthy,3,15.5,98,0.0,5.6,17,1009.3,66,95.0,96.2,542.0,41.6,8.0,18.0
2026-03-13 07:00:00,2026,3,13,7,Thái Nguyên,Xã Võ Nhai,21.7551719,106.07071,156,Unhealthy,3,16.8,92,0.0,4.5,23,1009.9,12,98.0,99.4,545.0,34.8,17.0,17.8
2026-03-13 08:00:00,2026,3,13,8,Thái Nguyên,Xã Võ Nhai,21.7551719,106.07071,156,Unhealthy,3,19.1,85,0.0,5.2,2,1010.6,15,85.0,86.4,503.0,28.8,43.0,24.4
2026-03-13 09:00:00,2026,3,13,9,Thái Nguyên,Xã Võ Nhai,21.7551719,106.07071,156,Unhealthy,3,21.9,67,0.0,3.1,3,1011.3,13,54.4,56.3,438.0,20.4,80.0,33.2
2026-03-13 10:00:00,2026,3,13,10,Thái Nguyên,Xã Võ Nhai,21.7551719,106.07071,156,Unhealthy,3,23.4,53,0.0,3.8,131,1011.1,26,34.0,36.1,385.0,13.5,112.0,38.3
2026-03-13 11:00:00,2026,3,13,11,Thái Nguyên,Xã Võ Nhai,21.7551719,106.07071,156,Unhealthy,3,24.3,47,0.0,7.5,140,1010.4,2,29.2,30.7,358.0,9.7,134.0,36.0
2026-03-13 12:00:00,2026,3,13,12,Thái Nguyên,Xã Võ Nhai,21.7551719,106.07071,156,Unhealthy,3,25.3,42,0.0,11.8,147,1008.9,12,26.1,27.4,343.0,7.4,151.0,29.9
2026-03-13 13:00:00,2026,3,13,13,Thái Nguyên,Xã Võ Nhai,21.7551719,106.07071,156,Unhealthy,3,25.8,36,0.0,13.1,146,1008.1,100,27.2,28.3,334.0,6.1,162.0,24.7
2026-03-13 14:00:00,2026,3,13,14,Thái Nguyên,Xã Võ Nhai,21.7551719,106.07071,156,Unhealthy,3,24.1,43,0.0,15.9,153,1007.1,100,29.9,31.0,332.0,5.4,168.0,22.0
2026-03-13 15:00:00,2026,3,13,15,Thái Nguyên,Xã Võ Nhai,21.7551719,106.07071,157,Unhealthy,3,24.0,43,0.0,12.2,154,1006.4,30,31.1,31.9,336.0,5.6,169.0,20.3
2026-03-13 16:00:00,2026,3,13,16,Thái Nguyên,Xã Võ Nhai,21.7551719,106.07071,157,Unhealthy,3,23.7,44,0.0,9.9,161,1006.3,33,30.3,31.1,340.0,6.9,164.0,19.2
2026-03-13 17:00:00,2026,3,13,17,Thái Nguyên,Xã Võ Nhai,21.7551719,106.07071,157,Unhealthy,3,22.8,51,0.0,8.2,165,1006.1,27,29.7,30.4,342.0,10.1,152.0,18.9
2026-03-13 18:00:00,2026,3,13,18,Thái Nguyên,Xã Võ Nhai,21.7551719,106.07071,157,Unhealthy,3,20.5,60,0.0,9.2,147,1006.4,16,29.6,30.3,343.0,14.4,136.0,19.2
2026-03-13 19:00:00,2026,3,13,19,Thái Nguyên,Xã Võ Nhai,21.7551719,106.07071,156,Unhealthy,3,20.6,64,0.0,9.8,166,1007.9,44,48.2,49.6,343.0,21.9,108.0,21.2
2026-03-13 20:00:00,2026,3,13,20,Thái Nguyên,Xã Võ Nhai,21.7551719,106.07071,156,Unhealthy,3,19.3,71,0.0,6.2,150,1008.6,46,49.0,50.2,342.0,22.9,99.0,21.5
2026-03-13 21:00:00,2026,3,13,21,Thái Nguyên,Xã Võ Nhai,21.7551719,106.07071,155,Unhealthy,3,18.6,72,0.0,7.4,122,1009.4,27,50.1,51.2,340.0,24.3,88.0,21.9
2026-03-13 22:00:00,2026,3,13,22,Thái Nguyên,Xã Võ Nhai,21.7551719,106.07071,154,Unhealthy,3,17.8,72,0.0,7.2,103,1009.5,14,52.7,54.0,336.0,25.7,78.0,22.5
2026-03-13 23:00:00,2026,3,13,23,Thái Nguyên,Xã Võ Nhai,21.7551719,106.07071,153,Unhealthy,3,17.3,77,0.0,5.4,92,1009.3,41,56.8,58.2,331.0,27.0,73.0,23.3
2026-03-14 00:00:00,2026,3,14,0,Thái Nguyên,Xã Võ Nhai,21.7551719,106.07071,152,Unhealthy,3,16.9,80,0.0,4.0,85,1009.3,100,61.5,63.1,325.0,28.2,70.0,24.3
2026-03-14 01:00:00,2026,3,14,1,Thái Nguyên,Xã Võ Nhai,21.7551719,106.07071,151,Unhealthy,3,18.3,80,0.0,3.7,104,1009.2,100,66.6,68.5,318.0,28.9,68.0,25.1
2026-03-14 02:00:00,2026,3,14,2,Thái Nguyên,Xã Võ Nhai,21.7551719,106.07071,151,Unhealthy,3,18.6,79,0.0,4.3,105,1008.4,100,69.8,72.9,308.0,28.9,67.0,25.7
2026-03-14 03:00:00,2026,3,14,3,Thái Nguyên,Xã Võ Nhai,21.7551719,106.07071,150,Unhealthy for Sensitive Groups,2,18.4,81,0.0,5.4,116,1008.2,99,72.4,77.1,297.0,28.4,67.0,26.2
2026-03-14 04:00:00,2026,3,14,4,Thái Nguyên,Xã Võ Nhai,21.7551719,106.07071,149,Unhealthy for Sensitive Groups,2,18.2,84,0.0,5.6,115,1008.1,91,75.4,81.7,294.0,28.1,64.0,25.9
2026-03-14 05:00:00,2026,3,14,5,Thái Nguyên,Xã Võ Nhai,21.7551719,106.07071,146,Unhealthy for Sensitive Groups,2,17.8,87,0.0,4.3,112,1008.2,82,78.5,85.9,307.0,28.9,53.0,24.1
2026-03-14 06:00:00,2026,3,14,6,Thái Nguyên,Xã Võ Nhai,21.7551719,106.07071,145,Unhealthy for Sensitive Groups,2,17.4,90,0.0,3.3,131,1009.2,84,82.4,90.3,328.0,29.9,41.0,21.5
2026-03-14 07:00:00,2026,3,14,7,Thái Nguyên,Xã Võ Nhai,21.7551719,106.07071,143,Unhealthy for Sensitive Groups,2,18.2,88,0.0,4.0,122,1010.0,100,61.9,70.5,336.0,30.0,71.0,28.2
2026-03-14 08:00:00,2026,3,14,8,Thái Nguyên,Xã Võ Nhai,21.7551719,106.07071,140,Unhealthy for Sensitive Groups,2,19.5,82,0.0,6.5,124,1010.8,100,34.2,40.6,317.0,25.7,82.0,26.1
2026-03-14 09:00:00,2026,3,14,9,Thái Nguyên,Xã Võ Nhai,21.7551719,106.07071,134,Unhealthy for Sensitive Groups,2,20.1,74,0.0,7.9,129,1011.2,100,24.7,29.9,285.0,19.8,97.0,23.2
2026-03-14 10:00:00,2026,3,14,10,Thái Nguyên,Xã Võ Nhai,21.7551719,106.07071,131,Unhealthy for Sensitive Groups,2,20.9,68,0.0,8.3,138,1011.2,100,21.8,26.6,262.0,15.1,109.0,20.5
2026-03-14 11:00:00,2026,3,14,11,Thái Nguyên,Xã Võ Nhai,21.7551719,106.07071,130,Unhealthy for Sensitive Groups,2,21.9,64,0.0,11.8,152,1010.5,100,20.2,24.0,259.0,12.9,114.0,18.3
2026-03-14 12:00:00,2026,3,14,12,Thái Nguyên,Xã Võ Nhai,21.7551719,106.07071,129,Unhealthy for Sensitive Groups,2,22.3,65,0.0,11.4,159,1009.3,100,19.7,22.5,265.0,11.9,115.0,16.2
2026-03-14 13:00:00,2026,3,14,13,Thái Nguyên,Xã Võ Nhai,21.7551719,106.07071,128,Unhealthy for Sensitive Groups,2,23.1,61,0.0,9.6,168,1009.1,95,20.7,22.6,274.0,11.4,116.0,14.5
2026-03-14 14:00:00,2026,3,14,14,Thái Nguyên,Xã Võ Nhai,21.7551719,106.07071,128,Unhealthy for Sensitive Groups,2,23.2,61,0.0,9.9,177,1008.1,100,21.9,23.7,280.0,10.9,118.0,13.1
2026-03-14 15:00:00,2026,3,14,15,Thái Nguyên,Xã Võ Nhai,21.7551719,106.07071,127,Unhealthy for Sensitive Groups,2,23.2,61,0.0,11.9,166,1007.2,100,22.7,24.5,288.0,10.7,119.0,12.0
2026-03-14 16:00:00,2026,3,14,16,Thái Nguyên,Xã Võ Nhai,21.7551719,106.07071,126,Unhealthy for Sensitive Groups,2,22.3,65,0.0,13.4,151,1006.7,73,22.6,24.5,309.0,11.6,118.0,11.8
2026-03-14 17:00:00,2026,3,14,17,Thái Nguyên,Xã Võ Nhai,21.7551719,106.07071,125,Unhealthy for Sensitive Groups,2,21.9,68,0.0,12.0,145,1006.4,99,22.5,24.5,354.0,14.1,112.0,13.0
2026-03-14 18:00:00,2026,3,14,18,Thái Nguyên,Xã Võ Nhai,21.7551719,106.07071,124,Unhealthy for Sensitive Groups,2,21.0,73,0.0,8.7,135,1007.0,94,24.3,26.5,411.0,17.6,104.0,15.1
2026-03-14 19:00:00,2026,3,14,19,Thái Nguyên,Xã Võ Nhai,21.7551719,106.07071,124,Unhealthy for Sensitive Groups,2,19.3,88,0.0,4.4,97,1008.2,38,38.3,41.3,456.0,24.4,78.0,19.3
2026-03-14 20:00:00,2026,3,14,20,Thái Nguyên,Xã Võ Nhai,21.7551719,106.07071,123,Unhealthy for Sensitive Groups,2,19.4,86,0.0,6.2,97,1008.5,11,39.5,43.4,486.0,25.5,73.0,20.0
2026-03-14 21:00:00,2026,3,14,21,Thái Nguyên,Xã Võ Nhai,21.7551719,106.07071,122,Unhealthy for Sensitive Groups,2,18.7,86,0.0,5.5,113,1009.2,25,42.0,47.0,505.0,27.2,66.0,21.0
2026-03-14 22:00:00,2026,3,14,22,Thái Nguyên,Xã Võ Nhai,21.7551719,106.07071,121,Unhealthy for Sensitive Groups,2,18.4,87,0.0,4.6,126,1009.5,12,46.1,51.7,497.0,29.2,59.0,22.0
2026-03-14 23:00:00,2026,3,14,23,Thái Nguyên,Xã Võ Nhai,21.7551719,106.07071,120,Unhealthy for Sensitive Groups,2,17.7,88,0.0,6.2,128,1009.2,2,50.5,56.7,442.0,31.8,53.0,22.8
2026-03-15 00:00:00,2026,3,15,0,Thái Nguyên,Xã Võ Nhai,21.7551719,106.07071,120,Unhealthy for Sensitive Groups,2,17.2,87,0.0,4.6,108,1008.9,58,54.7,61.5,361.0,34.7,48.0,23.6
2026-03-15 01:00:00,2026,3,15,1,Thái Nguyên,Xã Võ Nhai,21.7551719,106.07071,119,Unhealthy for Sensitive Groups,2,18.3,85,0.0,0.6,34,1008.8,100,59.6,67.1,300.0,36.8,44.0,24.4
2026-03-15 02:00:00,2026,3,15,2,Thái Nguyên,Xã Võ Nhai,21.7551719,106.07071,118,Unhealthy for Sensitive Groups,2,18.7,85,0.0,2.8,50,1008.2,100,63.8,72.2,279.0,37.8,42.0,25.4
2026-03-15 03:00:00,2026,3,15,3,Thái Nguyên,Xã Võ Nhai,21.7551719,106.07071,118,Unhealthy for Sensitive Groups,2,18.6,86,0.0,4.4,52,1007.9,100,66.4,75.4,278.0,37.9,41.0,26.4
2026-03-15 04:00:00,2026,3,15,4,Thái Nguyên,Xã Võ Nhai,21.7551719,106.07071,117,Unhealthy for Sensitive Groups,2,18.6,86,0.0,4.9,66,1007.8,100,68.2,77.5,280.0,36.9,41.0,26.4
2026-03-15 05:00:00,2026,3,15,5,Thái Nguyên,Xã Võ Nhai,21.7551719,106.07071,116,Unhealthy for Sensitive Groups,2,18.5,87,0.0,5.3,98,1008.3,95,68.0,77.3,284.0,34.3,42.0,24.6
2026-03-15 06:00:00,2026,3,15,6,Thái Nguyên,Xã Võ Nhai,21.7551719,106.07071,115,Unhealthy for Sensitive Groups,2,18.4,90,0.0,6.8,125,1008.8,100,61.0,70.5,292.0,30.6,44.0,22.0
2026-03-15 07:00:00,2026,3,15,7,Thái Nguyên,Xã Võ Nhai,21.7551719,106.07071,113,Unhealthy for Sensitive Groups,2,19.0,90,0.0,5.8,120,1009.1,97,57.4,66.6,293.0,25.5,50.0,19.0
2026-03-15 08:00:00,2026,3,15,8,Thái Nguyên,Xã Võ Nhai,21.7551719,106.07071,112,Unhealthy for Sensitive Groups,2,20.2,87,0.1,9.2,140,1009.8,45,33.9,41.2,279.0,21.9,61.0,17.5
2026-03-15 09:00:00,2026,3,15,9,Thái Nguyên,Xã Võ Nhai,21.7551719,106.07071,112,Unhealthy for Sensitive Groups,2,21.4,80,0.3,11.6,154,1010.6,68,26.4,32.0,259.0,16.8,76.0,15.4
2026-03-15 10:00:00,2026,3,15,10,Thái Nguyên,Xã Võ Nhai,21.7551719,106.07071,113,Unhealthy for Sensitive Groups,2,22.0,80,0.4,12.1,155,1010.4,45,24.4,29.4,246.0,12.7,91.0,13.6
2026-03-15 11:00:00,2026,3,15,11,Thái Nguyên,Xã Võ Nhai,21.7551719,106.07071,113,Unhealthy for Sensitive Groups,2,23.7,70,0.3,13.5,153,1009.5,91,22.8,26.4,248.0,10.5,103.0,12.4
2026-03-15 12:00:00,2026,3,15,12,Thái Nguyên,Xã Võ Nhai,21.7551719,106.07071,113,Unhealthy for Sensitive Groups,2,24.2,67,0.1,13.1,157,1007.9,94,21.9,24.0,256.0,9.1,114.0,11.5
2026-03-15 13:00:00,2026,3,15,13,Thái Nguyên,Xã Võ Nhai,21.7551719,106.07071,113,Unhealthy for Sensitive Groups,2,23.6,71,0.3,11.6,167,1008.1,100,24.6,26.7,262.0,8.2,123.0,10.7
2026-03-15 14:00:00,2026,3,15,14,Thái Nguyên,Xã Võ Nhai,21.7551719,106.07071,114,Unhealthy for Sensitive Groups,2,22.3,80,0.6,11.3,158,1006.8,83,25.9,28.0,259.0,7.0,133.0,9.8
2026-03-15 15:00:00,2026,3,15,15,Thái Nguyên,Xã Võ Nhai,21.7551719,106.07071,114,Unhealthy for Sensitive Groups,2,23.2,73,0.3,13.8,159,1005.8,86,24.3,25.9,254.0,6.1,143.0,9.1
2026-03-15 16:00:00,2026,3,15,16,Thái Nguyên,Xã Võ Nhai,21.7551719,106.07071,114,Unhealthy for Sensitive Groups,2,22.8,74,0.2,13.0,155,1005.2,40,23.7,25.1,251.0,7.0,143.0,9.2
2026-03-15 17:00:00,2026,3,15,17,Thái Nguyên,Xã Võ Nhai,21.7551719,106.07071,114,Unhealthy for Sensitive Groups,2,22.7,73,0.0,10.7,147,1004.9,39,24.2,25.7,253.0,11.0,128.0,10.7
2026-03-15 18:00:00,2026,3,15,18,Thái Nguyên,Xã Võ Nhai,21.7551719,106.07071,115,Unhealthy for Sensitive Groups,2,21.4,78,0.0,7.8,140,1005.4,45,25.7,27.2,258.0,16.8,104.0,12.9
2026-03-15 19:00:00,2026,3,15,19,Thái Nguyên,Xã Võ Nhai,21.7551719,106.07071,115,Unhealthy for Sensitive Groups,2,20.2,91,0.0,5.1,170,1006.0,47,23.3,25.3,266.0,25.4,64.0,16.1
2026-03-15 20:00:00,2026,3,15,20,Thái Nguyên,Xã Võ Nhai,21.7551719,106.07071,113,Unhealthy for Sensitive Groups,2,20.2,88,0.0,7.4,148,1006.5,10,23.9,27.2,279.0,26.9,58.0,16.7
2026-03-15 21:00:00,2026,3,15,21,Thái Nguyên,Xã Võ Nhai,21.7551719,106.07071,112,Unhealthy for Sensitive Groups,2,19.1,92,0.0,5.1,153,1007.3,15,26.7,30.5,295.0,28.9,51.0,17.6
2026-03-15 22:00:00,2026,3,15,22,Thái Nguyên,Xã Võ Nhai,21.7551719,106.07071,110,Unhealthy for Sensitive Groups,2,18.6,93,0.0,4.7,140,1007.4,64,30.2,34.5,311.0,30.3,45.0,18.3
2026-03-15 23:00:00,2026,3,15,23,Thái Nguyên,Xã Võ Nhai,21.7551719,106.07071,108,Unhealthy for Sensitive Groups,2,18.3,94,0.0,5.2,131,1007.3,40,33.3,38.2,333.0,30.5,43.0,18.5
2026-03-16 00:00:00,2026,3,16,0,Thái Nguyên,Xã Võ Nhai,21.7551719,106.07071,106,Unhealthy for Sensitive Groups,2,18.1,95,0.0,6.1,120,1007.0,98,33.4,38.4,355.0,30.2,44.0,18.6
2026-03-16 01:00:00,2026,3,16,1,Thái Nguyên,Xã Võ Nhai,21.7551719,106.07071,104,Unhealthy for Sensitive Groups,2,18.9,95,0.0,7.8,130,1006.4,100,33.2,38.6,360.0,29.7,44.0,18.5
2026-03-16 02:00:00,2026,3,16,2,Thái Nguyên,Xã Võ Nhai,21.7551719,106.07071,102,Unhealthy for Sensitive Groups,2,19.6,91,0.1,10.3,144,1005.6,100,34.7,40.6,331.0,29.4,44.0,18.4
2026-03-16 03:00:00,2026,3,16,3,Thái Nguyên,Xã Võ Nhai,21.7551719,106.07071,99,Moderate,1,19.2,95,0.0,10.9,144,1004.9,100,36.1,42.6,286.0,28.9,44.0,18.1
2026-03-16 04:00:00,2026,3,16,4,Thái Nguyên,Xã Võ Nhai,21.7551719,106.07071,96,Moderate,1,19.0,95,0.0,10.2,135,1004.5,82,36.4,42.8,256.0,28.2,45.0,17.9
2026-03-16 05:00:00,2026,3,16,5,Thái Nguyên,Xã Võ Nhai,21.7551719,106.07071,93,Moderate,1,18.8,97,0.0,8.7,132,1004.5,91,35.4,41.7,262.0,27.4,45.0,17.7
2026-03-16 06:00:00,2026,3,16,6,Thái Nguyên,Xã Võ Nhai,21.7551719,106.07071,90,Moderate,1,18.6,98,0.0,8.6,129,1005.1,100,36.0,42.5,284.0,26.2,46.0,17.5
2026-03-16 07:00:00,2026,3,16,7,Thái Nguyên,Xã Võ Nhai,21.7551719,106.07071,88,Moderate,1,18.9,96,0.0,8.9,126,1005.9,54,30.2,34.3,294.0,25.0,49.0,15.4
2026-03-16 08:00:00,2026,3,16,8,Thái Nguyên,Xã Võ Nhai,21.7551719,106.07071,86,Moderate,1,20.3,91,0.2,12.0,150,1006.9,85,25.3,29.9,276.0,21.8,62.0,16.7
2026-03-16 09:00:00,2026,3,16,9,Thái Nguyên,Xã Võ Nhai,21.7551719,106.07071,85,Moderate,1,20.9,91,0.7,13.7,161,1007.4,41,22.9,27.4,246.0,17.4,80.0,18.5
2026-03-16 10:00:00,2026,3,16,10,Thái Nguyên,Xã Võ Nhai,21.7551719,106.07071,85,Moderate,1,23.3,74,0.1,15.8,173,1007.1,65,21.8,24.8,225.0,13.6,96.0,19.5
2026-03-16 11:00:00,2026,3,16,11,Thái Nguyên,Xã Võ Nhai,21.7551719,106.07071,84,Moderate,1,23.6,72,0.1,16.2,172,1006.4,71,22.7,25.3,225.0,11.1,109.0,19.0
2026-03-16 12:00:00,2026,3,16,12,Thái Nguyên,Xã Võ Nhai,21.7551719,106.07071,84,Moderate,1,24.1,72,0.2,16.8,175,1005.0,61,25.1,27.1,234.0,9.2,121.0,17.8
2026-03-16 13:00:00,2026,3,16,13,Thái Nguyên,Xã Võ Nhai,21.7551719,106.07071,85,Moderate,1,24.0,70,0.3,16.0,183,1004.7,54,24.9,26.5,241.0,8.0,129.0,16.8
2026-03-16 14:00:00,2026,3,16,14,Thái Nguyên,Xã Võ Nhai,21.7551719,106.07071,85,Moderate,1,24.2,69,0.3,15.3,177,1003.6,54,25.6,27.7,242.0,7.2,134.0,16.7
2026-03-16 15:00:00,2026,3,16,15,Thái Nguyên,Xã Võ Nhai,21.7551719,106.07071,85,Moderate,1,24.4,69,0.2,15.3,177,1002.1,57,25.3,26.8,240.0,7.1,136.0,16.9
2026-03-16 16:00:00,2026,3,16,16,Thái Nguyên,Xã Võ Nhai,21.7551719,106.07071,85,Moderate,1,23.0,77,0.1,16.5,166,1001.6,55,22.7,24.0,239.0,7.9,132.0,16.7
2026-03-16 17:00:00,2026,3,16,17,Thái Nguyên,Xã Võ Nhai,21.7551719,106.07071,85,Moderate,1,22.7,79,0.0,14.0,162,1001.4,100,19.5,20.9,238.0,10.4,119.0,15.4
2026-03-16 18:00:00,2026,3,16,18,Thái Nguyên,Xã Võ Nhai,21.7551719,106.07071,84,Moderate,1,21.5,89,0.2,13.8,156,1001.6,100,17.5,18.6,238.0,14.0,101.0,13.7
2026-03-16 19:00:00,2026,3,16,19,Thái Nguyên,Xã Võ Nhai,21.7551719,106.07071,84,Moderate,1,20.6,94,0.0,13.4,134,1001.9,30,20.4,22.5,238.0,18.8,89.0,14.4
2026-03-16 20:00:00,2026,3,16,20,Thái Nguyên,Xã Võ Nhai,21.7551719,106.07071,83,Moderate,1,20.5,94,0.0,12.5,137,1003.0,32,19.4,22.1,240.0,19.8,83.0,14.7
2026-03-16 21:00:00,2026,3,16,21,Thái Nguyên,Xã Võ Nhai,21.7551719,106.07071,83,Moderate,1,20.3,94,0.0,13.0,138,1003.8,36,19.0,21.8,242.0,21.1,76.0,15.1
2026-03-16 22:00:00,2026,3,16,22,Thái Nguyên,Xã Võ Nhai,21.7551719,106.07071,82,Moderate,1,19.9,95,0.0,10.6,140,1004.4,43,20.2,23.5,243.0,22.2,69.0,15.6
2026-03-16 23:00:00,2026,3,16,23,Thái Nguyên,Xã Võ Nhai,21.7551719,106.07071,81,Moderate,1,19.6,97,0.0,10.9,146,1004.3,44,22.3,25.9,242.0,22.9,65.0,16.3
2026-03-17 00:00:00,2026,3,17,0,Thái Nguyên,Xã Võ Nhai,21.7551719,106.07071,80,Moderate,1,19.4,98,0.1,10.8,148,1004.0,35,24.0,28.1,241.0,23.3,62.0,17.0
2026-03-17 01:00:00,2026,3,17,1,Thái Nguyên,Xã Võ Nhai,21.7551719,106.07071,79,Moderate,1,19.5,98,0.0,10.8,143,1003.2,38,26.1,30.5,238.0,23.6,59.0,17.3
2026-03-17 02:00:00,2026,3,17,2,Thái Nguyên,Xã Võ Nhai,21.7551719,106.07071,79,Moderate,1,19.4,98,0.0,10.6,146,1002.6,75,28.8,33.6,232.0,23.5,54.0,16.6
2026-03-17 03:00:00,2026,3,17,3,Thái Nguyên,Xã Võ Nhai,21.7551719,106.07071,78,Moderate,1,19.2,99,0.0,10.6,145,1001.9,100,36.4,39.2,226.0,23.1,48.0,15.3
2026-03-17 04:00:00,2026,3,17,4,Thái Nguyên,Xã Võ Nhai,21.7551719,106.07071,78,Moderate,1,19.3,99,0.0,11.5,145,1001.8,100,42.4,44.7,225.0,23.1,44.0,14.7
2026-03-17 05:00:00,2026,3,17,5,Thái Nguyên,Xã Võ Nhai,21.7551719,106.07071,79,Moderate,1,19.2,99,0.0,12.3,145,1002.2,100,43.2,45.2,235.0,23.9,43.0,15.0
2026-03-17 06:00:00,2026,3,17,6,Thái Nguyên,Xã Võ Nhai,21.7551719,106.07071,80,Moderate,1,19.2,99,0.0,10.6,146,1002.8,100,42.1,43.7,251.0,25.0,44.0,15.9
2026-03-17 07:00:00,2026,3,17,7,Thái Nguyên,Xã Võ Nhai,21.7551719,106.07071,80,Moderate,1,19.7,98,0.0,13.3,144,1003.2,100,41.2,43.7,260.0,25.0,50.0,17.1
2026-03-17 08:00:00,2026,3,17,8,Thái Nguyên,Xã Võ Nhai,21.7551719,106.07071,81,Moderate,1,20.5,93,0.0,14.7,152,1003.9,100,35.9,38.6,255.0,24.1,56.0,18.9
2026-03-17 09:00:00,2026,3,17,9,Thái Nguyên,Xã Võ Nhai,21.7551719,106.07071,82,Moderate,1,20.9,92,0.3,17.3,163,1004.7,97,27.1,29.9,243.0,22.8,65.0,21.3
2026-03-17 10:00:00,2026,3,17,10,Thái Nguyên,Xã Võ Nhai,21.7551719,106.07071,82,Moderate,1,22.4,85,0.3,17.7,171,1004.6,97,24.0,27.1,232.0,21.1,74.0,22.8
2026-03-17 11:00:00,2026,3,17,11,Thái Nguyên,Xã Võ Nhai,21.7551719,106.07071,83,Moderate,1,23.7,78,0.1,18.4,168,1003.9,100,24.1,27.7,224.0,18.7,82.0,22.7
2026-03-17 12:00:00,2026,3,17,12,Thái Nguyên,Xã Võ Nhai,21.7551719,106.07071,83,Moderate,1,24.3,75,0.2,19.7,172,1002.9,100,24.2,27.0,217.0,15.8,89.0,21.7
2026-03-17 13:00:00,2026,3,17,13,Thái Nguyên,Xã Võ Nhai,21.7551719,106.07071,83,Moderate,1,25.3,68,0.2,19.0,176,1002.2,51,24.2,26.7,212.0,13.6,95.0,20.7
2026-03-17 14:00:00,2026,3,17,14,Thái Nguyên,Xã Võ Nhai,21.7551719,106.07071,83,Moderate,1,25.3,69,0.2,17.3,177,1001.2,84,24.6,26.9,210.0,12.2,100.0,19.9
2026-03-17 15:00:00,2026,3,17,15,Thái Nguyên,Xã Võ Nhai,21.7551719,106.07071,82,Moderate,1,25.1,71,0.2,17.8,173,1000.1,100,25.3,27.5,209.0,11.4,103.0,19.1
2026-03-17 16:00:00,2026,3,17,16,Thái Nguyên,Xã Võ Nhai,21.7551719,106.07071,83,Moderate,1,24.9,70,0.1,17.1,163,999.6,34,24.0,26.1,208.0,11.4,102.0,17.9
2026-03-17 17:00:00,2026,3,17,17,Thái Nguyên,Xã Võ Nhai,21.7551719,106.07071,83,Moderate,1,24.2,73,0.0,15.5,151,999.6,29,20.4,22.2,204.0,12.6,96.0,15.9
2026-03-17 18:00:00,2026,3,17,18,Thái Nguyên,Xã Võ Nhai,21.7551719,106.07071,83,Moderate,1,22.8,79,0.0,13.9,151,1000.2,100,16.9,18.4,200.0,14.6,86.0,13.5
2026-03-17 19:00:00,2026,3,17,19,Thái Nguyên,Xã Võ Nhai,21.7551719,106.07071,83,Moderate,1,22.3,84,0.0,14.2,145,1000.8,28,18.5,21.7,197.0,17.1,75.0,12.2
2026-03-17 20:00:00,2026,3,17,20,Thái Nguyên,Xã Võ Nhai,21.7551719,106.07071,82,Moderate,1,21.9,87,0.0,13.9,149,1001.7,30,17.0,19.8,196.0,17.5,72.0,12.6
2026-03-17 21:00:00,2026,3,17,21,Thái Nguyên,Xã Võ Nhai,21.7551719,106.07071,82,Moderate,1,21.3,91,0.1,11.2,150,1002.9,59,17.2,20.1,197.0,18.2,67.0,13.1
2026-03-17 22:00:00,2026,3,17,22,Thái Nguyên,Xã Võ Nhai,21.7551719,106.07071,82,Moderate,1,20.9,94,0.0,10.8,156,1003.4,41,17.8,20.8,199.0,19.1,62.0,13.6
2026-03-17 23:00:00,2026,3,17,23,Thái Nguyên,Xã Võ Nhai,21.7551719,106.07071,82,Moderate,1,20.6,97,0.1,11.7,159,1003.2,45,18.9,22.1,203.0,20.4,57.0,13.9
2026-03-18 00:00:00,2026,3,18,0,Thái Nguyên,Xã Võ Nhai,21.7551719,106.07071,82,Moderate,1,20.5,98,0.1,10.3,155,1002.9,58,20.8,24.3,207.0,21.8,52.0,14.2
2026-03-18 01:00:00,2026,3,18,1,Thái Nguyên,Xã Võ Nhai,21.7551719,106.07071,81,Moderate,1,20.7,99,0.0,10.5,153,1002.1,93,23.5,27.4,210.0,23.0,48.0,14.4
2026-03-18 02:00:00,2026,3,18,2,Thái Nguyên,Xã Võ Nhai,21.7551719,106.07071,81,Moderate,1,20.8,99,0.0,10.6,148,1001.4,100,25.4,29.7,208.0,23.5,45.0,14.6
2026-03-18 03:00:00,2026,3,18,3,Thái Nguyên,Xã Võ Nhai,21.7551719,106.07071,81,Moderate,1,20.7,98,0.0,10.0,147,1001.2,100,26.5,31.2,204.0,23.8,43.0,14.7
2026-03-18 04:00:00,2026,3,18,4,Thái Nguyên,Xã Võ Nhai,21.7551719,106.07071,80,Moderate,1,20.7,99,0.0,8.9,153,1001.5,100,27.6,32.7,203.0,24.0,41.0,15.0
2026-03-18 05:00:00,2026,3,18,5,Thái Nguyên,Xã Võ Nhai,21.7551719,106.07071,79,Moderate,1,20.6,100,0.0,7.6,155,1001.8,100,28.9,34.2,209.0,24.7,39.0,15.6
2026-03-18 06:00:00,2026,3,18,6,Thái Nguyên,Xã Võ Nhai,21.7551719,106.07071,77,Moderate,1,20.6,100,0.0,6.7,153,1002.4,100,30.9,36.6,217.0,25.5,38.0,16.4
2026-03-18 07:00:00,2026,3,18,7,Thái Nguyên,Xã Võ Nhai,21.7551719,106.07071,76,Moderate,1,20.9,99,0.0,6.6,137,1003.5,100,34.8,40.7,219.0,27.2,33.0,15.8
2026-03-18 08:00:00,2026,3,18,8,Thái Nguyên,Xã Võ Nhai,21.7551719,106.07071,76,Moderate,1,21.6,94,0.1,10.6,161,1004.6,100,30.4,37.0,207.0,25.8,40.0,17.8
2026-03-18 09:00:00,2026,3,18,9,Thái Nguyên,Xã Võ Nhai,21.7551719,106.07071,75,Moderate,1,22.5,88,0.1,11.9,170,1005.2,100,28.9,34.7,189.0,23.9,50.0,20.5
2026-03-18 10:00:00,2026,3,18,10,Thái Nguyên,Xã Võ Nhai,21.7551719,106.07071,75,Moderate,1,23.8,81,0.2,12.8,171,1005.2,100,29.0,34.1,178.0,22.6,59.0,23.1
2026-03-18 11:00:00,2026,3,18,11,Thái Nguyên,Xã Võ Nhai,21.7551719,106.07071,76,Moderate,1,24.6,78,0.2,13.8,173,1004.4,100,30.3,34.1,182.0,22.8,65.0,25.4
2026-03-18 12:00:00,2026,3,18,12,Thái Nguyên,Xã Võ Nhai,21.7551719,106.07071,76,Moderate,1,25.1,76,0.1,13.2,174,1003.2,100,38.0,42.0,194.0,23.6,70.0,27.5
2026-03-18 13:00:00,2026,3,18,13,Thái Nguyên,Xã Võ Nhai,21.7551719,106.07071,78,Moderate,1,25.1,74,0.2,13.7,171,1002.6,100,41.6,45.2,203.0,23.8,75.0,28.5
2026-03-18 14:00:00,2026,3,18,14,Thái Nguyên,Xã Võ Nhai,21.7551719,106.07071,79,Moderate,1,25.1,76,0.1,13.1,171,1001.6,100,43.0,46.3,207.0,22.3,83.0,27.9
2026-03-18 15:00:00,2026,3,18,15,Thái Nguyên,Xã Võ Nhai,21.7551719,106.07071,81,Moderate,1,25.2,76,0.1,14.6,162,1000.5,98,43.0,46.2,208.0,20.1,92.0,26.1
2026-03-18 16:00:00,2026,3,18,16,Thái Nguyên,Xã Võ Nhai,21.7551719,106.07071,82,Moderate,1,24.6,79,0.0,15.3,158,1000.5,87,39.8,42.7,208.0,18.8,95.0,23.9
2026-03-18 17:00:00,2026,3,18,17,Thái Nguyên,Xã Võ Nhai,21.7551719,106.07071,84,Moderate,1,23.8,85,0.0,14.7,155,1000.9,99,33.5,36.1,207.0,19.3,88.0,20.9
2026-03-18 18:00:00,2026,3,18,18,Thái Nguyên,Xã Võ Nhai,21.7551719,106.07071,85,Moderate,1,23.1,89,0.0,12.3,143,1001.1,100,37.8,40.5,204.0,20.8,75.0,17.5
2026-03-18 19:00:00,2026,3,18,19,Thái Nguyên,Xã Võ Nhai,21.7551719,106.07071,87,Moderate,1,21.3,96,0.0,6.9,110,1001.4,60,27.4,30.9,203.0,22.6,65.0,15.5
2026-03-18 20:00:00,2026,3,18,20,Thái Nguyên,Xã Võ Nhai,21.7551719,106.07071,88,Moderate,1,22.0,97,0.0,11.6,143,1002.2,95,22.9,26.3,206.0,22.7,63.0,15.3
2026-03-18 21:00:00,2026,3,18,21,Thái Nguyên,Xã Võ Nhai,21.7551719,106.07071,88,Moderate,1,22.1,97,0.0,12.2,152,1003.1,100,22.8,26.5,210.0,22.8,60.0,15.0
2026-03-18 22:00:00,2026,3,18,22,Thái Nguyên,Xã Võ Nhai,21.7551719,106.07071,89,Moderate,1,21.9,98,0.0,12.6,156,1003.6,100,22.5,26.4,212.0,22.9,57.0,15.1
2026-03-18 23:00:00,2026,3,18,23,Thái Nguyên,Xã Võ Nhai,21.7551719,106.07071,89,Moderate,1,21.7,98,0.0,12.0,158,1003.5,100,23.7,27.9,210.0,23.1,56.0,15.8
2026-03-19 00:00:00,2026,3,19,0,Thái Nguyên,Xã Võ Nhai,21.7551719,106.07071,89,Moderate,1,21.5,98,0.0,12.2,155,1003.0,100,24.8,29.3,205.0,23.3,56.0,16.8
2026-03-19 01:00:00,2026,3,19,1,Thái Nguyên,Xã Võ Nhai,21.7551719,106.07071,90,Moderate,1,21.6,100,0.0,14.0,149,1002.1,100,26.1,31.0,199.0,23.6,54.0,17.5
2026-03-19 02:00:00,2026,3,19,2,Thái Nguyên,Xã Võ Nhai,21.7551719,106.07071,90,Moderate,1,21.6,99,0.2,12.8,148,1001.5,100,27.8,32.8,191.0,24.1,50.0,17.3
2026-03-19 03:00:00,2026,3,19,3,Thái Nguyên,Xã Võ Nhai,21.7551719,106.07071,90,Moderate,1,21.5,99,0.2,11.8,147,1001.1,100,29.8,35.3,181.0,24.6,45.0,16.8
2026-03-19 04:00:00,2026,3,19,4,Thái Nguyên,Xã Võ Nhai,21.7551719,106.07071,91,Moderate,1,21.3,99,0.0,9.7,138,1001.2,100,31.8,37.3,179.0,25.0,41.0,16.5
2026-03-19 05:00:00,2026,3,19,5,Thái Nguyên,Xã Võ Nhai,21.7551719,106.07071,91,Moderate,1,21.1,99,0.0,9.3,136,1001.6,100,34.1,39.5,190.0,25.1,38.0,16.7
2026-03-19 06:00:00,2026,3,19,6,Thái Nguyên,Xã Võ Nhai,21.7551719,106.07071,91,Moderate,1,21.1,99,0.0,9.3,140,1002.1,100,35.3,40.0,209.0,25.0,37.0,17.1
2026-03-19 07:00:00,2026,3,19,7,Thái Nguyên,Xã Võ Nhai,21.7551719,106.07071,92,Moderate,1,21.2,98,0.0,9.3,133,1003.0,100,52.0,55.3,221.0,26.2,34.0,15.3
2026-03-19 08:00:00,2026,3,19,8,Thái Nguyên,Xã Võ Nhai,21.7551719,106.07071,93,Moderate,1,21.7,95,0.0,12.9,148,1003.6,100,43.4,47.3,220.0,25.2,40.0,17.1
2026-03-19 09:00:00,2026,3,19,9,Thái Nguyên,Xã Võ Nhai,21.7551719,106.07071,94,Moderate,1,22.2,92,0.0,16.7,155,1004.1,100,36.3,39.6,213.0,23.9,50.0,19.6
2026-03-19 10:00:00,2026,3,19,10,Thái Nguyên,Xã Võ Nhai,21.7551719,106.07071,95,Moderate,1,23.4,85,0.2,15.0,164,1003.8,100,32.8,35.9,208.0,22.3,59.0,21.4
2026-03-19 11:00:00,2026,3,19,11,Thái Nguyên,Xã Võ Nhai,21.7551719,106.07071,95,Moderate,1,24.7,81,0.5,15.6,169,1003.5,100,33.9,36.8,211.0,20.6,68.0,22.1
2026-03-19 12:00:00,2026,3,19,12,Thái Nguyên,Xã Võ Nhai,21.7551719,106.07071,96,Moderate,1,24.7,81,0.2,16.0,172,1002.2,72,37.3,39.9,216.0,18.7,77.0,22.3
2026-03-19 13:00:00,2026,3,19,13,Thái Nguyên,Xã Võ Nhai,21.7551719,106.07071,96,Moderate,1,25.9,73,0.2,17.4,175,1000.8,95,37.3,39.8,220.0,16.9,85.0,21.8
2026-03-19 14:00:00,2026,3,19,14,Thái Nguyên,Xã Võ Nhai,21.7551719,106.07071,95,Moderate,1,26.0,74,0.1,18.1,171,999.7,68,37.4,39.8,222.0,14.8,92.0,20.6
2026-03-19 15:00:00,2026,3,19,15,Thái Nguyên,Xã Võ Nhai,21.7551719,106.07071,95,Moderate,1,26.4,72,0.0,19.3,164,998.5,56,35.6,37.8,222.0,12.7,97.0,18.9
2026-03-19 16:00:00,2026,3,19,16,Thái Nguyên,Xã Võ Nhai,21.7551719,106.07071,94,Moderate,1,25.9,74,0.0,18.3,156,998.0,54,31.2,33.3,221.0,11.8,98.0,17.0
2026-03-19 17:00:00,2026,3,19,17,Thái Nguyên,Xã Võ Nhai,21.7551719,106.07071,93,Moderate,1,24.8,80,0.0,18.1,148,997.9,42,25.1,27.0,217.0,12.8,91.0,14.7
2026-03-19 18:00:00,2026,3,19,18,Thái Nguyên,Xã Võ Nhai,21.7551719,106.07071,93,Moderate,1,23.3,86,0.0,15.4,139,998.1,100,19.0,20.4,211.0,14.9,81.0,12.4
2026-03-19 19:00:00,2026,3,19,19,Thái Nguyên,Xã Võ Nhai,21.7551719,106.07071,91,Moderate,1,22.4,91,0.0,14.4,140,998.9,91,21.4,23.0,205.0,17.9,73.0,12.4
2026-03-19 20:00:00,2026,3,19,20,Thái Nguyên,Xã Võ Nhai,21.7551719,106.07071,90,Moderate,1,22.1,91,0.0,14.7,143,999.6,38,18.4,20.5,201.0,18.3,69.0,12.8
2026-03-19 21:00:00,2026,3,19,21,Thái Nguyên,Xã Võ Nhai,21.7551719,106.07071,90,Moderate,1,21.2,95,0.0,13.8,147,1000.4,45,18.0,20.4,197.0,18.9,64.0,13.3
2026-03-19 22:00:00,2026,3,19,22,Thái Nguyên,Xã Võ Nhai,21.7551719,106.07071,90,Moderate,1,20.9,98,0.0,13.3,150,1001.0,44,18.6,21.2,195.0,19.3,60.0,13.5
2026-03-19 23:00:00,2026,3,19,23,Thái Nguyên,Xã Võ Nhai,21.7551719,106.07071,89,Moderate,1,20.9,99,0.0,12.8,151,1000.9,100,20.8,23.6,195.0,19.2,57.0,13.3
2026-03-20 00:00:00,2026,3,20,0,Thái Nguyên,Xã Võ Nhai,21.7551719,106.07071,89,Moderate,1,21.0,100,0.0,11.9,149,1000.8,100,23.0,26.0,196.0,18.9,56.0,12.9
2026-03-20 01:00:00,2026,3,20,1,Thái Nguyên,Xã Võ Nhai,21.7551719,106.07071,89,Moderate,1,21.5,99,0.0,15.6,147,1000.1,100,25.4,28.6,195.0,18.5,54.0,12.4
2026-03-20 02:00:00,2026,3,20,2,Thái Nguyên,Xã Võ Nhai,21.7551719,106.07071,89,Moderate,1,21.6,99,0.1,16.8,147,999.6,100,30.4,32.5,188.0,18.0,52.0,11.8
2026-03-20 03:00:00,2026,3,20,3,Thái Nguyên,Xã Võ Nhai,21.7551719,106.07071,89,Moderate,1,21.6,99,0.1,13.4,147,999.3,100,32.9,35.0,180.0,17.4,51.0,11.1
2026-03-20 04:00:00,2026,3,20,4,Thái Nguyên,Xã Võ Nhai,21.7551719,106.07071,89,Moderate,1,21.5,99,0.1,13.2,148,999.9,100,33.8,35.9,177.0,17.2,49.0,10.6
2026-03-20 05:00:00,2026,3,20,5,Thái Nguyên,Xã Võ Nhai,21.7551719,106.07071,89,Moderate,1,21.4,100,0.1,13.5,144,1000.3,100,33.9,36.1,188.0,17.7,47.0,10.5
2026-03-20 06:00:00,2026,3,20,6,Thái Nguyên,Xã Võ Nhai,21.7551719,106.07071,89,Moderate,1,21.4,99,0.1,14.0,142,1001.0,100,33.9,36.3,204.0,18.6,45.0,10.7
2026-03-20 07:00:00,2026,3,20,7,Thái Nguyên,Xã Võ Nhai,21.7551719,106.07071,89,Moderate,1,21.5,99,0.2,12.0,129,1002.2,100,42.0,45.6,214.0,20.0,41.0,12.0
2026-03-20 08:00:00,2026,3,20,8,Thái Nguyên,Xã Võ Nhai,21.7551719,106.07071,88,Moderate,1,21.6,98,0.2,13.2,140,1003.0,100,35.6,39.8,208.0,19.6,43.0,12.3
2026-03-20 09:00:00,2026,3,20,9,Thái Nguyên,Xã Võ Nhai,21.7551719,106.07071,88,Moderate,1,22.6,90,0.1,14.5,155,1003.6,100,31.1,34.1,195.0,18.9,45.0,12.7
2026-03-20 10:00:00,2026,3,20,10,Thái Nguyên,Xã Võ Nhai,21.7551719,106.07071,87,Moderate,1,23.6,85,0.2,13.8,165,1003.5,100,28.8,31.7,188.0,18.2,50.0,13.2
2026-03-20 11:00:00,2026,3,20,11,Thái Nguyên,Xã Võ Nhai,21.7551719,106.07071,87,Moderate,1,25.3,76,0.2,13.7,169,1003.1,100,30.9,35.0,194.0,17.5,59.0,14.0
2026-03-20 12:00:00,2026,3,20,12,Thái Nguyên,Xã Võ Nhai,21.7551719,106.07071,87,Moderate,1,24.8,83,0.4,13.6,169,1001.9,100,36.0,40.2,205.0,16.7,69.0,15.0
2026-03-20 13:00:00,2026,3,20,13,Thái Nguyên,Xã Võ Nhai,21.7551719,106.07071,87,Moderate,1,24.8,80,0.1,11.4,167,1001.6,100,35.7,39.3,213.0,15.9,78.0,15.6
2026-03-20 14:00:00,2026,3,20,14,Thái Nguyên,Xã Võ Nhai,21.7551719,106.07071,86,Moderate,1,25.4,79,0.3,13.0,166,1000.6,100,36.9,40.9,212.0,14.7,84.0,15.5
2026-03-20 15:00:00,2026,3,20,15,Thái Nguyên,Xã Võ Nhai,21.7551719,106.07071,86,Moderate,1,24.6,83,0.1,15.3,158,999.8,100,37.5,41.3,206.0,13.5,88.0,15.0
2026-03-20 16:00:00,2026,3,20,16,Thái Nguyên,Xã Võ Nhai,21.7551719,106.07071,87,Moderate,1,24.4,84,0.1,14.0,149,999.7,100,35.3,38.8,202.0,13.5,88.0,14.5
2026-03-20 17:00:00,2026,3,20,17,Thái Nguyên,Xã Võ Nhai,21.7551719,106.07071,87,Moderate,1,23.8,86,0.1,12.3,141,1000.0,100,28.9,31.8,202.0,15.8,80.0,14.1
2026-03-20 18:00:00,2026,3,20,18,Thái Nguyên,Xã Võ Nhai,21.7551719,106.07071,87,Moderate,1,23.0,88,0.0,11.2,134,1000.6,100,26.8,29.5,204.0,19.2,67.0,13.6
2026-03-20 19:00:00,2026,3,20,19,Thái Nguyên,Xã Võ Nhai,21.7551719,106.07071,88,Moderate,1,23.3,89,0.1,10.6,138,1001.2,100,24.3,27.6,203.0,20.2,67.0,12.5
2026-03-20 20:00:00,2026,3,20,20,Thái Nguyên,Xã Võ Nhai,21.7551719,106.07071,88,Moderate,1,23.3,88,0.0,10.2,135,1002.1,100,21.0,24.3,197.0,20.5,67.0,13.6
2026-03-20 21:00:00,2026,3,20,21,Thái Nguyên,Xã Võ Nhai,21.7551719,106.07071,88,Moderate,1,23.0,89,0.0,10.9,135,1003.4,100,20.7,24.0,190.0,20.9,67.0,15.0
2026-03-20 22:00:00,2026,3,20,22,Thái Nguyên,Xã Võ Nhai,21.7551719,106.07071,89,Moderate,1,22.9,89,0.0,10.5,127,1004.1,100,20.5,23.9,186.0,21.2,66.0,16.2
2026-03-20 23:00:00,2026,3,20,23,Thái Nguyên,Xã Võ Nhai,21.7551719,106.07071,89,Moderate,1,22.8,88,0.0,9.7,125,1004.3,100,21.2,24.6,185.0,21.5,65.0,16.7
2026-03-21 00:00:00,2026,3,21,0,Thái Nguyên,Xã Võ Nhai,21.7551719,106.07071,89,Moderate,1,22.4,90,0.0,8.5,125,1004.1,100,21.5,24.6,187.0,21.7,64.0,16.8
2026-03-21 01:00:00,2026,3,21,1,Thái Nguyên,Xã Võ Nhai,21.7551719,106.07071,89,Moderate,1,21.8,98,0.3,4.9,107,1003.5,100,22.7,25.3,203.0,21.8,62.0,17.0
2026-03-21 02:00:00,2026,3,21,2,Thái Nguyên,Xã Võ Nhai,21.7551719,106.07071,89,Moderate,1,22.0,98,0.2,7.9,89,1002.7,100,23.9,26.3,241.0,21.9,59.0,17.6
2026-03-21 03:00:00,2026,3,21,3,Thái Nguyên,Xã Võ Nhai,21.7551719,106.07071,88,Moderate,1,21.8,98,0.2,7.4,45,1002.5,100,25.0,27.2,293.0,21.7,55.0,18.3
2026-03-21 04:00:00,2026,3,21,4,Thái Nguyên,Xã Võ Nhai,21.7551719,106.07071,87,Moderate,1,20.4,98,1.8,14.2,27,1002.7,100,23.6,25.5,342.0,20.6,51.0,18.1
2026-03-21 05:00:00,2026,3,21,5,Thái Nguyên,Xã Võ Nhai,21.7551719,106.07071,86,Moderate,1,19.1,98,1.1,16.6,39,1003.3,100,18.9,20.1,388.0,17.4,48.0,16.1
2026-03-21 06:00:00,2026,3,21,6,Thái Nguyên,Xã Võ Nhai,21.7551719,106.07071,85,Moderate,1,18.6,97,0.6,15.7,36,1003.7,100,12.6,13.1,430.0,13.2,45.0,13.4
2026-03-21 07:00:00,2026,3,21,7,Thái Nguyên,Xã Võ Nhai,21.7551719,106.07071,83,Moderate,1,18.5,96,0.6,15.6,31,1004.7,100,15.8,17.1,452.0,13.8,42.0,15.1
2026-03-21 08:00:00,2026,3,21,8,Thái Nguyên,Xã Võ Nhai,21.7551719,106.07071,81,Moderate,1,18.8,92,0.1,15.5,31,1005.4,100,11.8,12.3,441.0,12.5,45.0,15.1
2026-03-21 09:00:00,2026,3,21,9,Thái Nguyên,Xã Võ Nhai,21.7551719,106.07071,79,Moderate,1,19.2,91,0.4,14.9,30,1006.0,100,14.2,15.5,409.0,10.7,49.0,15.2
2026-03-21 10:00:00,2026,3,21,10,Thái Nguyên,Xã Võ Nhai,21.7551719,106.07071,77,Moderate,1,19.5,92,0.2,14.3,31,1006.2,100,19.3,21.5,381.0,9.7,54.0,16.7
2026-03-21 11:00:00,2026,3,21,11,Thái Nguyên,Xã Võ Nhai,21.7551719,106.07071,76,Moderate,1,20.8,86,0.0,13.3,28,1005.8,100,18.2,19.7,368.0,10.3,61.0,21.3
2026-03-21 12:00:00,2026,3,21,12,Thái Nguyên,Xã Võ Nhai,21.7551719,106.07071,75,Moderate,1,22.3,79,0.0,11.1,42,1004.9,100,21.1,22.7,359.0,11.8,68.0,27.1
2026-03-21 13:00:00,2026,3,21,13,Thái Nguyên,Xã Võ Nhai,21.7551719,106.07071,74,Moderate,1,24.2,71,0.1,9.4,79,1004.0,100,26.2,28.3,343.0,13.1,76.0,29.9
2026-03-21 14:00:00,2026,3,21,14,Thái Nguyên,Xã Võ Nhai,21.7551719,106.07071,73,Moderate,1,23.3,87,0.4,11.4,145,1002.9,100,31.8,34.3,311.0,13.5,84.0,26.8
2026-03-21 15:00:00,2026,3,21,15,Thái Nguyên,Xã Võ Nhai,21.7551719,106.07071,73,Moderate,1,22.6,94,0.4,7.6,133,1002.0,100,33.1,35.7,272.0,13.8,92.0,20.6
2026-03-21 16:00:00,2026,3,21,16,Thái Nguyên,Xã Võ Nhai,21.7551719,106.07071,72,Moderate,1,23.2,89,0.1,7.1,109,1001.4,100,32.0,34.3,245.0,14.6,96.0,15.7
2026-03-21 17:00:00,2026,3,21,17,Thái Nguyên,Xã Võ Nhai,21.7551719,106.07071,72,Moderate,1,22.9,91,0.0,8.0,126,1001.1,100,30.2,32.0,240.0,16.6,94.0,13.7
2026-03-21 18:00:00,2026,3,21,18,Thái Nguyên,Xã Võ Nhai,21.7551719,106.07071,72,Moderate,1,22.6,92,0.0,5.2,134,1001.2,100,28.6,30.2,247.0,19.3,87.0,13.0
2026-03-21 19:00:00,2026,3,21,19,Thái Nguyên,Xã Võ Nhai,21.7551719,106.07071,72,Moderate,1,22.7,88,0.0,10.9,156,1001.4,100,31.7,34.2,254.0,20.1,82.0,12.7
2026-03-21 20:00:00,2026,3,21,20,Thái Nguyên,Xã Võ Nhai,21.7551719,106.07071,73,Moderate,1,22.4,88,0.0,11.9,155,1002.2,100,29.9,31.9,255.0,21.8,77.0,14.2
2026-03-21 21:00:00,2026,3,21,21,Thái Nguyên,Xã Võ Nhai,21.7551719,106.07071,74,Moderate,1,22.0,91,0.0,10.4,154,1003.4,100,32.0,34.0,256.0,24.0,70.0,16.2
2026-03-21 22:00:00,2026,3,21,22,Thái Nguyên,Xã Võ Nhai,21.7551719,106.07071,75,Moderate,1,21.7,93,0.0,10.3,153,1003.7,100,35.0,37.1,258.0,25.6,64.0,17.8
2026-03-21 23:00:00,2026,3,21,23,Thái Nguyên,Xã Võ Nhai,21.7551719,106.07071,76,Moderate,1,21.4,95,0.0,8.6,160,1003.3,100,38.1,40.4,264.0,25.9,62.0,18.7
2026-03-22 00:00:00,2026,3,22,0,Thái Nguyên,Xã Võ Nhai,21.7551719,106.07071,77,Moderate,1,21.1,97,0.0,8.0,155,1003.0,100,40.0,42.4,270.0,25.4,61.0,19.1
2026-03-22 01:00:00,2026,3,22,1,Thái Nguyên,Xã Võ Nhai,21.7551719,106.07071,79,Moderate,1,21.2,98,0.0,7.0,140,1002.5,100,43.3,45.6,271.0,25.0,60.0,19.1
2026-03-22 02:00:00,2026,3,22,2,Thái Nguyên,Xã Võ Nhai,21.7551719,106.07071,81,Moderate,1,21.0,99,0.0,7.7,129,1001.6,98,46.7,49.2,259.0,24.8,56.0,18.5
2026-03-22 03:00:00,2026,3,22,3,Thái Nguyên,Xã Võ Nhai,21.7551719,106.07071,83,Moderate,1,20.8,98,0.0,7.5,125,1001.0,100,49.6,52.2,242.0,24.6,51.0,17.6
2026-03-22 04:00:00,2026,3,22,4,Thái Nguyên,Xã Võ Nhai,21.7551719,106.07071,85,Moderate,1,20.8,98,0.0,7.8,122,1000.8,100,50.8,53.1,231.0,24.4,48.0,16.7
2026-03-22 05:00:00,2026,3,22,5,Thái Nguyên,Xã Võ Nhai,21.7551719,106.07071,87,Moderate,1,20.9,98,0.0,7.7,123,1001.0,100,50.5,52.9,236.0,24.5,46.0,16.2
2026-03-22 06:00:00,2026,3,22,6,Thái Nguyên,Xã Võ Nhai,21.7551719,106.07071,90,Moderate,1,20.9,97,0.0,8.4,132,1001.7,100,51.0,53.6,247.0,24.5,46.0,15.8
2026-03-22 07:00:00,2026,3,22,7,Thái Nguyên,Xã Võ Nhai,21.7551719,106.07071,94,Moderate,1,21.3,97,0.0,12.7,135,1002.5,100,44.8,48.3,251.0,22.9,52.0,15.7
2026-03-22 08:00:00,2026,3,22,8,Thái Nguyên,Xã Võ Nhai,21.7551719,106.07071,96,Moderate,1,21.5,98,0.2,13.2,140,1003.3,100,38.0,41.6,238.0,20.2,55.0,14.0
2026-03-22 09:00:00,2026,3,22,9,Thái Nguyên,Xã Võ Nhai,21.7551719,106.07071,99,Moderate,1,21.4,99,0.4,13.3,144,1004.2,100,28.8,31.2,218.0,16.3,60.0,11.8
2026-03-22 10:00:00,2026,3,22,10,Thái Nguyên,Xã Võ Nhai,21.7551719,106.07071,100,Moderate,1,22.4,98,0.4,12.7,155,1004.0,100,25.4,28.2,204.0,13.0,66.0,10.2
2026-03-22 11:00:00,2026,3,22,11,Thái Nguyên,Xã Võ Nhai,21.7551719,106.07071,100,Moderate,1,24.3,86,0.0,14.7,162,1003.3,59,24.4,27.1,204.0,10.7,75.0,10.0
2026-03-22 12:00:00,2026,3,22,12,Thái Nguyên,Xã Võ Nhai,21.7551719,106.07071,101,Unhealthy for Sensitive Groups,2,26.9,72,0.2,17.0,170,1002.5,100,23.6,26.1,211.0,8.9,84.0,10.5
2026-03-22 13:00:00,2026,3,22,13,Thái Nguyên,Xã Võ Nhai,21.7551719,106.07071,101,Unhealthy for Sensitive Groups,2,26.3,74,0.1,16.6,175,1002.0,91,21.3,23.6,215.0,7.9,91.0,10.8
2026-03-22 14:00:00,2026,3,22,14,Thái Nguyên,Xã Võ Nhai,21.7551719,106.07071,101,Unhealthy for Sensitive Groups,2,27.4,68,0.1,16.7,173,1001.1,53,19.0,21.0,214.0,7.6,93.0,10.5
2026-03-22 15:00:00,2026,3,22,15,Thái Nguyên,Xã Võ Nhai,21.7551719,106.07071,100,Moderate,1,26.9,71,0.0,18.6,167,1000.1,94,18.2,20.1,210.0,7.9,92.0,10.0
2026-03-22 16:00:00,2026,3,22,16,Thái Nguyên,Xã Võ Nhai,21.7551719,106.07071,98,Moderate,1,26.4,72,0.0,18.6,164,999.8,83,17.3,19.2,206.0,9.2,89.0,9.8
2026-03-22 17:00:00,2026,3,22,17,Thái Nguyên,Xã Võ Nhai,21.7551719,106.07071,97,Moderate,1,25.2,78,0.0,16.3,153,999.6,43,14.6,16.7,202.0,11.9,82.0,9.9
2026-03-22 18:00:00,2026,3,22,18,Thái Nguyên,Xã Võ Nhai,21.7551719,106.07071,96,Moderate,1,24.1,82,0.0,13.8,147,1000.0,100,14.6,17.2,197.0,15.4,72.0,10.3
2026-03-22 19:00:00,2026,3,22,19,Thái Nguyên,Xã Võ Nhai,21.7551719,106.07071,94,Moderate,1,23.4,85,0.0,13.1,148,1002.3,93,16.9,19.0,194.0,20.9,56.0,11.3
2026-03-22 20:00:00,2026,3,22,20,Thái Nguyên,Xã Võ Nhai,21.7551719,106.07071,93,Moderate,1,22.1,93,0.4,13.1,157,1002.1,90,18.0,20.0,192.0,22.1,53.0,12.6
2026-03-22 21:00:00,2026,3,22,21,Thái Nguyên,Xã Võ Nhai,21.7551719,106.07071,92,Moderate,1,21.8,95,0.0,12.1,153,1003.0,63,20.3,22.3,191.0,23.8,49.0,14.4
2026-03-22 22:00:00,2026,3,22,22,Thái Nguyên,Xã Võ Nhai,21.7551719,106.07071,91,Moderate,1,21.4,98,0.0,9.3,134,1002.6,84,22.9,25.0,192.0,25.1,46.0,15.8
2026-03-22 23:00:00,2026,3,22,23,Thái Nguyên,Xã Võ Nhai,21.7551719,106.07071,90,Moderate,1,21.4,99,0.0,10.7,145,1002.7,100,25.4,27.8,195.0,25.5,44.0,16.4
2026-03-23 00:00:00,2026,3,23,0,Thái Nguyên,Xã Võ Nhai,21.7551719,106.07071,89,Moderate,1,21.5,100,0.0,10.3,142,1002.4,100,27.3,29.9,200.0,25.5,43.0,16.6
2026-03-23 01:00:00,2026,3,23,1,Thái Nguyên,Xã Võ Nhai,21.7551719,106.07071,88,Moderate,1,22.0,100,0.0,9.0,149,1001.9,100,28.5,31.3,202.0,25.4,42.0,16.6
2026-03-23 02:00:00,2026,3,23,2,Thái Nguyên,Xã Võ Nhai,21.7551719,106.07071,86,Moderate,1,22.1,100,0.4,13.4,158,1001.3,100,29.9,32.8,198.0,25.2,41.0,16.5
2026-03-23 03:00:00,2026,3,23,3,Thái Nguyên,Xã Võ Nhai,21.7551719,106.07071,85,Moderate,1,21.7,99,0.1,13.9,150,1000.7,100,33.2,35.0,192.0,25.0,39.0,16.2
2026-03-23 04:00:00,2026,3,23,4,Thái Nguyên,Xã Võ Nhai,21.7551719,106.07071,83,Moderate,1,21.5,100,0.0,11.8,146,1000.2,100,35.0,36.8,189.0,24.7,38.0,15.9
2026-03-23 05:00:00,2026,3,23,5,Thái Nguyên,Xã Võ Nhai,21.7551719,106.07071,82,Moderate,1,21.5,100,0.0,12.0,133,1000.4,100,37.0,38.6,195.0,24.5,37.0,15.3
2026-03-23 06:00:00,2026,3,23,6,Thái Nguyên,Xã Võ Nhai,21.7551719,106.07071,81,Moderate,1,21.5,99,0.1,12.9,141,1001.2,100,38.6,40.4,206.0,24.4,35.0,14.6
2026-03-23 07:00:00,2026,3,23,7,Thái Nguyên,Xã Võ Nhai,21.7551719,106.07071,80,Moderate,1,21.5,100,0.0,11.6,150,1002.2,100,32.7,33.6,212.0,26.0,36.0,15.8
2026-03-23 08:00:00,2026,3,23,8,Thái Nguyên,Xã Võ Nhai,21.7551719,106.07071,79,Moderate,1,21.8,99,0.4,17.1,155,1002.7,100,30.7,32.1,208.0,24.6,38.0,15.2
2026-03-23 09:00:00,2026,3,23,9,Thái Nguyên,Xã Võ Nhai,21.7551719,106.07071,78,Moderate,1,22.1,99,0.6,15.5,158,1002.7,100,25.4,27.0,201.0,22.5,42.0,14.5
2026-03-23 10:00:00,2026,3,23,10,Thái Nguyên,Xã Võ Nhai,21.7551719,106.07071,78,Moderate,1,22.5,98,0.3,15.4,156,1002.8,100,21.7,23.5,197.0,20.2,47.0,14.0
2026-03-23 11:00:00,2026,3,23,11,Thái Nguyên,Xã Võ Nhai,21.7551719,106.07071,77,Moderate,1,23.0,97,0.4,16.3,155,1002.1,100,21.1,23.7,203.0,17.6,56.0,14.2
2026-03-23 12:00:00,2026,3,23,12,Thái Nguyên,Xã Võ Nhai,21.7551719,106.07071,77,Moderate,1,24.2,91,0.5,14.9,167,1001.2,100,20.3,23.1,212.0,14.7,66.0,14.7
2026-03-23 13:00:00,2026,3,23,13,Thái Nguyên,Xã Võ Nhai,21.7551719,106.07071,77,Moderate,1,25.0,83,0.4,14.4,165,1000.7,91,20.7,22.9,220.0,12.3,76.0,14.5
2026-03-23 14:00:00,2026,3,23,14,Thái Nguyên,Xã Võ Nhai,21.7551719,106.07071,77,Moderate,1,25.3,81,0.1,16.0,156,999.7,98,31.4,34.3,223.0,10.1,85.0,13.0
2026-03-23 15:00:00,2026,3,23,15,Thái Nguyên,Xã Võ Nhai,21.7551719,106.07071,78,Moderate,1,26.1,77,0.3,16.7,158,998.6,85,22.1,23.8,224.0,8.3,94.0,10.8
2026-03-23 16:00:00,2026,3,23,16,Thái Nguyên,Xã Võ Nhai,21.7551719,106.07071,78,Moderate,1,26.0,77,0.0,17.0,152,998.0,93,20.5,21.8,222.0,8.1,96.0,9.3
2026-03-23 17:00:00,2026,3,23,17,Thái Nguyên,Xã Võ Nhai,21.7551719,106.07071,78,Moderate,1,25.8,77,0.0,14.2,153,997.9,100,20.1,21.4,216.0,10.7,87.0,9.1
2026-03-23 18:00:00,2026,3,23,18,Thái Nguyên,Xã Võ Nhai,21.7551719,106.07071,79,Moderate,1,24.5,84,0.0,15.3,148,998.2,91,19.4,20.7,207.0,14.8,73.0,9.5
2026-03-23 19:00:00,2026,3,23,19,Thái Nguyên,Xã Võ Nhai,21.7551719,106.07071,79,Moderate,1,23.2,93,0.0,12.0,145,999.8,100,22.6,24.7,199.0,19.9,62.0,11.7
2026-03-23 20:00:00,2026,3,23,20,Thái Nguyên,Xã Võ Nhai,21.7551719,106.07071,80,Moderate,1,23.1,92,0.0,14.1,145,1000.3,100,22.5,25.6,191.0,20.5,59.0,12.1
2026-03-23 21:00:00,2026,3,23,21,Thái Nguyên,Xã Võ Nhai,21.7551719,106.07071,80,Moderate,1,22.8,92,0.0,12.6,144,1000.8,100,19.4,22.3,184.0,21.4,54.0,12.8
2026-03-23 22:00:00,2026,3,23,22,Thái Nguyên,Xã Võ Nhai,21.7551719,106.07071,80,Moderate,1,22.6,94,0.0,11.8,147,1000.9,100,18.5,21.5,178.0,22.3,50.0,13.4
2026-03-23 23:00:00,2026,3,23,23,Thái Nguyên,Xã Võ Nhai,21.7551719,106.07071,80,Moderate,1,22.3,96,0.2,12.0,147,1000.7,100,18.9,22.2,175.0,23.1,47.0,14.0
2026-03-24 00:00:00,2026,3,24,0,Thái Nguyên,Xã Võ Nhai,21.7551719,106.07071,79,Moderate,1,22.1,97,0.1,11.2,145,1000.5,100,20.3,23.9,174.0,23.8,45.0,14.6
2026-03-24 01:00:00,2026,3,24,1,Thái Nguyên,Xã Võ Nhai,21.7551719,106.07071,79,Moderate,1,21.9,98,0.2,9.0,134,1000.4,100,22.4,26.4,173.0,24.5,43.0,15.0
2026-03-24 02:00:00,2026,3,24,2,Thái Nguyên,Xã Võ Nhai,21.7551719,106.07071,78,Moderate,1,21.8,99,0.3,8.7,130,999.6,100,24.6,29.0,169.0,25.1,40.0,15.2
2026-03-24 03:00:00,2026,3,24,3,Thái Nguyên,Xã Võ Nhai,21.7551719,106.07071,78,Moderate,1,21.8,99,0.2,7.9,125,999.2,100,26.2,31.1,165.0,25.6,36.0,15.1
2026-03-24 04:00:00,2026,3,24,4,Thái Nguyên,Xã Võ Nhai,21.7551719,106.07071,77,Moderate,1,21.7,100,0.3,7.6,126,999.3,100,27.9,33.3,166.0,25.7,34.0,15.0
2026-03-24 05:00:00,2026,3,24,5,Thái Nguyên,Xã Võ Nhai,21.7551719,106.07071,76,Moderate,1,21.8,100,0.3,8.5,128,999.6,100,30.5,36.0,177.0,25.3,33.0,14.8
2026-03-24 06:00:00,2026,3,24,6,Thái Nguyên,Xã Võ Nhai,21.7551719,106.07071,76,Moderate,1,21.9,99,0.1,10.1,137,1000.3,100,35.5,39.6,193.0,24.6,33.0,14.4
2026-03-24 07:00:00,2026,3,24,7,Thái Nguyên,Xã Võ Nhai,21.7551719,106.07071,75,Moderate,1,22.3,99,0.0,13.1,134,1000.5,100,41.1,45.9,203.0,24.9,30.0,15.0
2026-03-24 08:00:00,2026,3,24,8,Thái Nguyên,Xã Võ Nhai,21.7551719,106.07071,76,Moderate,1,22.6,98,0.1,15.0,146,1001.1,100,34.7,39.2,201.0,23.4,35.0,15.0
2026-03-24 09:00:00,2026,3,24,9,Thái Nguyên,Xã Võ Nhai,21.7551719,106.07071,77,Moderate,1,23.1,95,0.2,13.7,153,1001.8,100,28.9,32.7,194.0,21.3,42.0,14.9
2026-03-24 10:00:00,2026,3,24,10,Thái Nguyên,Xã Võ Nhai,21.7551719,106.07071,77,Moderate,1,23.4,96,0.3,13.9,155,1002.0,100,23.7,29.2,192.0,19.3,50.0,14.4
2026-03-24 11:00:00,2026,3,24,11,Thái Nguyên,Xã Võ Nhai,21.7551719,106.07071,77,Moderate,1,24.2,93,0.3,12.4,159,1001.5,98,28.3,32.5,204.0,17.4,61.0,13.1
2026-03-24 12:00:00,2026,3,24,12,Thái Nguyên,Xã Võ Nhai,21.7551719,106.07071,78,Moderate,1,26.6,78,0.2,13.2,170,1000.3,99,35.9,39.7,221.0,15.6,73.0,11.3
2026-03-24 13:00:00,2026,3,24,13,Thái Nguyên,Xã Võ Nhai,21.7551719,106.07071,79,Moderate,1,27.7,71,0.0,14.0,172,999.2,87,50.2,55.3,234.0,14.1,84.0,10.1
2026-03-24 14:00:00,2026,3,24,14,Thái Nguyên,Xã Võ Nhai,21.7551719,106.07071,82,Moderate,1,28.3,68,0.2,13.4,172,998.2,54,45.3,49.2,236.0,12.5,95.0,9.9
2026-03-24 15:00:00,2026,3,24,15,Thái Nguyên,Xã Võ Nhai,21.7551719,106.07071,83,Moderate,1,28.5,66,0.0,12.7,169,997.4,39,41.0,44.2,233.0,11.2,105.0,10.2
2026-03-24 16:00:00,2026,3,24,16,Thái Nguyên,Xã Võ Nhai,21.7551719,106.07071,85,Moderate,1,28.0,68,0.0,14.6,164,997.1,74,37.4,40.2,231.0,11.4,107.0,10.8
2026-03-24 17:00:00,2026,3,24,17,Thái Nguyên,Xã Võ Nhai,21.7551719,106.07071,86,Moderate,1,27.2,73,0.0,13.0,160,997.1,30,36.1,38.3,232.0,14.3,96.0,11.5
2026-03-24 18:00:00,2026,3,24,18,Thái Nguyên,Xã Võ Nhai,21.7551719,106.07071,88,Moderate,1,25.8,80,0.0,11.6,156,997.3,35,37.0,39.2,233.0,18.6,78.0,12.5
2026-03-24 19:00:00,2026,3,24,19,Thái Nguyên,Xã Võ Nhai,21.7551719,106.07071,89,Moderate,1,24.3,92,0.0,10.7,145,998.3,32,34.6,36.2,231.0,24.2,58.0,14.1
2026-03-24 20:00:00,2026,3,24,20,Thái Nguyên,Xã Võ Nhai,21.7551719,106.07071,90,Moderate,1,23.9,94,0.0,12.5,147,999.2,15,28.7,30.2,225.0,24.9,54.0,14.8
2026-03-24 21:00:00,2026,3,24,21,Thái Nguyên,Xã Võ Nhai,21.7551719,106.07071,91,Moderate,1,23.0,96,0.0,11.5,146,1000.1,100,23.7,25.6,217.0,25.8,50.0,15.8
2026-03-24 22:00:00,2026,3,24,22,Thái Nguyên,Xã Võ Nhai,21.7551719,106.07071,91,Moderate,1,23.0,96,0.0,11.9,150,1000.8,100,21.5,23.5,209.0,26.3,46.0,16.4
2026-03-24 23:00:00,2026,3,24,23,Thái Nguyên,Xã Võ Nhai,21.7551719,106.07071,91,Moderate,1,22.6,99,0.0,11.8,149,1000.7,100,20.3,22.4,201.0,25.9,45.0,16.4
2026-03-25 00:00:00,2026,3,25,0,Thái Nguyên,Xã Võ Nhai,21.7551719,106.07071,91,Moderate,1,22.5,99,0.0,13.1,150,1000.6,100,19.7,22.1,192.0,25.1,45.0,16.1
2026-03-25 01:00:00,2026,3,25,1,Thái Nguyên,Xã Võ Nhai,21.7551719,106.07071,91,Moderate,1,22.8,99,0.0,11.3,147,1000.3,100,20.3,23.0,184.0,24.6,45.0,15.8
2026-03-25 02:00:00,2026,3,25,2,Thái Nguyên,Xã Võ Nhai,21.7551719,106.07071,91,Moderate,1,22.8,99,0.0,9.2,140,999.9,100,21.5,24.4,175.0,24.5,43.0,15.3
2026-03-25 03:00:00,2026,3,25,3,Thái Nguyên,Xã Võ Nhai,21.7551719,106.07071,91,Moderate,1,22.7,98,0.1,10.6,132,999.4,100,23.3,26.5,168.0,24.7,40.0,14.8
2026-03-25 04:00:00,2026,3,25,4,Thái Nguyên,Xã Võ Nhai,21.7551719,106.07071,91,Moderate,1,22.5,99,0.2,11.8,136,999.3,100,25.1,28.8,167.0,25.1,37.0,14.7
2026-03-25 05:00:00,2026,3,25,5,Thái Nguyên,Xã Võ Nhai,21.7551719,106.07071,90,Moderate,1,22.3,99,0.3,13.7,140,999.7,100,27.5,30.5,180.0,26.0,34.0,15.5
2026-03-25 06:00:00,2026,3,25,6,Thái Nguyên,Xã Võ Nhai,21.7551719,106.07071,90,Moderate,1,22.1,99,0.1,12.1,140,1000.3,100,31.2,33.1,199.0,27.2,32.0,16.7
2026-03-25 07:00:00,2026,3,25,7,Thái Nguyên,Xã Võ Nhai,21.7551719,106.07071,90,Moderate,1,22.2,99,0.1,14.9,143,1001.4,100,33.5,37.6,211.0,28.1,32.0,18.3
2026-03-25 08:00:00,2026,3,25,8,Thái Nguyên,Xã Võ Nhai,21.7551719,106.07071,89,Moderate,1,22.4,98,0.1,16.9,144,1001.7,95,28.1,32.5,207.0,26.7,40.0,18.5
2026-03-25 09:00:00,2026,3,25,9,Thái Nguyên,Xã Võ Nhai,21.7551719,106.07071,89,Moderate,1,23.4,89,0.1,16.4,151,1002.2,100,23.9,28.2,195.0,24.6,51.0,18.6
2026-03-25 10:00:00,2026,3,25,10,Thái Nguyên,Xã Võ Nhai,21.7551719,106.07071,88,Moderate,1,24.8,80,0.0,14.9,162,1002.3,95,22.1,26.1,189.0,22.3,61.0,17.9
2026-03-25 11:00:00,2026,3,25,11,Thái Nguyên,Xã Võ Nhai,21.7551719,106.07071,88,Moderate,1,26.7,70,0.0,15.4,173,1001.9,100,22.2,24.9,196.0,19.4,70.0,15.4
2026-03-25 12:00:00,2026,3,25,12,Thái Nguyên,Xã Võ Nhai,21.7551719,106.07071,87,Moderate,1,27.1,68,0.0,15.9,175,1001.1,100,25.8,28.2,210.0,16.3,78.0,12.1
2026-03-25 13:00:00,2026,3,25,13,Thái Nguyên,Xã Võ Nhai,21.7551719,106.07071,87,Moderate,1,26.5,69,0.0,13.5,172,1000.8,100,28.1,30.3,221.0,14.1,83.0,10.1
2026-03-25 14:00:00,2026,3,25,14,Thái Nguyên,Xã Võ Nhai,21.7551719,106.07071,85,Moderate,1,26.9,68,0.0,13.9,176,999.7,100,27.6,29.6,226.0,13.5,85.0,10.8
2026-03-25 15:00:00,2026,3,25,15,Thái Nguyên,Xã Võ Nhai,21.7551719,106.07071,83,Moderate,1,26.7,70,0.0,14.2,171,998.8,100,27.0,28.8,229.0,13.8,85.0,12.7
2026-03-25 16:00:00,2026,3,25,16,Thái Nguyên,Xã Võ Nhai,21.7551719,106.07071,82,Moderate,1,26.5,71,0.0,14.6,171,998.5,100,25.7,27.5,231.0,14.7,83.0,14.2
2026-03-25 17:00:00,2026,3,25,17,Thái Nguyên,Xã Võ Nhai,21.7551719,106.07071,81,Moderate,1,25.9,75,0.0,12.1,165,998.3,93,22.4,23.9,233.0,16.1,80.0,14.3
2026-03-25 18:00:00,2026,3,25,18,Thái Nguyên,Xã Võ Nhai,21.7551719,106.07071,80,Moderate,1,25.3,77,0.0,12.7,162,998.6,64,19.4,20.8,233.0,17.9,75.0,13.8
2026-03-25 19:00:00,2026,3,25,19,Thái Nguyên,Xã Võ Nhai,21.7551719,106.07071,78,Moderate,1,24.9,83,0.0,13.8,156,999.0,54,27.5,30.0,231.0,22.4,66.0,14.7
2026-03-25 20:00:00,2026,3,25,20,Thái Nguyên,Xã Võ Nhai,21.7551719,106.07071,77,Moderate,1,23.9,86,0.0,12.7,148,999.5,9,26.6,28.7,225.0,23.2,61.0,15.8
2026-03-25 21:00:00,2026,3,25,21,Thái Nguyên,Xã Võ Nhai,21.7551719,106.07071,77,Moderate,1,23.0,89,0.0,10.4,146,1000.3,16,26.5,28.9,216.0,24.4,55.0,17.2
2026-03-25 22:00:00,2026,3,25,22,Thái Nguyên,Xã Võ Nhai,21.7551719,106.07071,77,Moderate,1,22.4,91,0.0,9.1,141,1000.3,32,27.9,30.6,210.0,25.4,49.0,18.3
2026-03-25 23:00:00,2026,3,25,23,Thái Nguyên,Xã Võ Nhai,21.7551719,106.07071,78,Moderate,1,22.2,94,0.0,8.8,141,1000.3,77,30.2,33.3,208.0,26.2,44.0,18.8
2026-03-26 00:00:00,2026,3,26,0,Thái Nguyên,Xã Võ Nhai,21.7551719,106.07071,79,Moderate,1,22.2,97,0.0,9.4,138,999.7,100,32.6,36.1,208.0,26.9,40.0,19.0
2026-03-26 01:00:00,2026,3,26,1,Thái Nguyên,Xã Võ Nhai,21.7551719,106.07071,80,Moderate,1,22.8,98,0.0,7.3,120,999.4,100,35.3,39.0,207.0,27.2,37.0,18.5
2026-03-26 02:00:00,2026,3,26,2,Thái Nguyên,Xã Võ Nhai,21.7551719,106.07071,81,Moderate,1,22.9,98,0.1,8.0,134,999.1,100,39.2,42.5,201.0,26.9,34.0,16.9
2026-03-26 03:00:00,2026,3,26,3,Thái Nguyên,Xã Võ Nhai,21.7551719,106.07071,83,Moderate,1,22.9,100,0.6,10.6,141,998.3,100,46.7,49.7,194.0,26.1,31.0,14.8
2026-03-26 04:00:00,2026,3,26,4,Thái Nguyên,Xã Võ Nhai,21.7551719,106.07071,85,Moderate,1,23.1,100,0.6,11.8,146,998.4,100,53.1,56.0,192.0,25.0,30.0,13.1
2026-03-26 05:00:00,2026,3,26,5,Thái Nguyên,Xã Võ Nhai,21.7551719,106.07071,87,Moderate,1,23.2,100,0.6,9.9,151,998.4,100,49.5,53.7,202.0,23.2,32.0,12.4
2026-03-26 06:00:00,2026,3,26,6,Thái Nguyên,Xã Võ Nhai,21.7551719,106.07071,89,Moderate,1,23.3,100,0.4,9.7,153,999.1,100,48.0,52.0,218.0,21.0,37.0,12.1
2026-03-26 07:00:00,2026,3,26,7,Thái Nguyên,Xã Võ Nhai,21.7551719,106.07071,91,Moderate,1,22.9,100,0.2,9.7,151,1000.5,100,51.3,58.2,229.0,18.7,43.0,14.1
2026-03-26 08:00:00,2026,3,26,8,Thái Nguyên,Xã Võ Nhai,21.7551719,106.07071,92,Moderate,1,23.4,98,0.6,16.0,157,1001.0,100,45.9,52.6,226.0,18.0,47.0,14.6
2026-03-26 09:00:00,2026,3,26,9,Thái Nguyên,Xã Võ Nhai,21.7551719,106.07071,94,Moderate,1,24.2,93,0.2,14.4,158,1001.2,100,45.6,51.7,218.0,17.1,52.0,15.3
2026-03-26 10:00:00,2026,3,26,10,Thái Nguyên,Xã Võ Nhai,21.7551719,106.07071,96,Moderate,1,25.0,89,0.2,14.2,158,1001.1,100,44.9,50.5,216.0,16.1,61.0,15.8
2026-03-26 11:00:00,2026,3,26,11,Thái Nguyên,Xã Võ Nhai,21.7551719,106.07071,98,Moderate,1,27.1,77,0.1,13.4,169,1000.5,100,45.4,49.9,228.0,15.0,74.0,16.0
2026-03-26 12:00:00,2026,3,26,12,Thái Nguyên,Xã Võ Nhai,21.7551719,106.07071,100,Moderate,1,27.3,76,0.1,13.0,175,999.3,66,49.9,53.9,247.0,13.9,89.0,15.9
2026-03-26 13:00:00,2026,3,26,13,Thái Nguyên,Xã Võ Nhai,21.7551719,106.07071,103,Unhealthy for Sensitive Groups,2,28.4,72,0.1,13.1,182,998.3,98,55.4,59.3,263.0,13.1,104.0,16.0
2026-03-26 14:00:00,2026,3,26,14,Thái Nguyên,Xã Võ Nhai,21.7551719,106.07071,105,Unhealthy for Sensitive Groups,2,28.6,72,0.1,14.6,179,997.3,92,59.5,63.1,273.0,12.4,119.0,16.1
2026-03-26 15:00:00,2026,3,26,15,Thái Nguyên,Xã Võ Nhai,21.7551719,106.07071,109,Unhealthy for Sensitive Groups,2,29.0,70,0.0,13.3,171,996.3,27,63.6,66.8,280.0,12.1,134.0,16.3
2026-03-26 16:00:00,2026,3,26,16,Thái Nguyên,Xã Võ Nhai,21.7551719,106.07071,113,Unhealthy for Sensitive Groups,2,28.8,70,0.0,13.0,169,995.6,15,66.8,69.6,282.0,13.2,139.0,16.9
2026-03-26 17:00:00,2026,3,26,17,Thái Nguyên,Xã Võ Nhai,21.7551719,106.07071,117,Unhealthy for Sensitive Groups,2,28.0,73,0.0,11.6,162,995.4,13,67.3,69.6,276.0,17.1,128.0,18.6
2026-03-26 18:00:00,2026,3,26,18,Thái Nguyên,Xã Võ Nhai,21.7551719,106.07071,121,Unhealthy for Sensitive Groups,2,26.5,80,0.0,12.6,154,995.5,11,64.5,66.1,266.0,22.4,107.0,20.8
2026-03-26 19:00:00,2026,3,26,19,Thái Nguyên,Xã Võ Nhai,21.7551719,106.07071,126,Unhealthy for Sensitive Groups,2,25.1,91,0.0,12.1,165,996.6,100,53.6,54.9,258.0,26.2,79.0,19.3
2026-03-26 20:00:00,2026,3,26,20,Thái Nguyên,Xã Võ Nhai,21.7551719,106.07071,129,Unhealthy for Sensitive Groups,2,24.6,93,0.0,12.3,155,997.4,51,43.2,44.9,255.0,26.7,71.0,18.5
2026-03-26 21:00:00,2026,3,26,21,Thái Nguyên,Xã Võ Nhai,21.7551719,106.07071,131,Unhealthy for Sensitive Groups,2,23.5,96,0.0,10.5,153,998.2,41,36.4,38.6,254.0,27.4,59.0,17.3
2026-03-26 22:00:00,2026,3,26,22,Thái Nguyên,Xã Võ Nhai,21.7551719,106.07071,132,Unhealthy for Sensitive Groups,2,22.9,98,0.0,10.8,154,998.6,100,33.6,36.3,253.0,28.0,50.0,16.8
2026-03-26 23:00:00,2026,3,26,23,Thái Nguyên,Xã Võ Nhai,21.7551719,106.07071,132,Unhealthy for Sensitive Groups,2,22.5,98,0.0,11.4,155,998.7,100,28.6,33.4,252.0,28.6,46.0,17.6
2026-03-27 00:00:00,2026,3,27,0,Thái Nguyên,Xã Võ Nhai,21.7551719,106.07071,132,Unhealthy for Sensitive Groups,2,22.5,98,0.0,10.8,154,998.5,100,26.4,31.8,252.0,29.0,44.0,19.0
2026-03-27 01:00:00,2026,3,27,1,Thái Nguyên,Xã Võ Nhai,21.7551719,106.07071,131,Unhealthy for Sensitive Groups,2,23.2,99,0.0,12.9,147,998.3,100,26.5,32.5,249.0,28.7,43.0,19.6
2026-03-27 02:00:00,2026,3,27,2,Thái Nguyên,Xã Võ Nhai,21.7551719,106.07071,131,Unhealthy for Sensitive Groups,2,23.2,99,0.0,12.2,142,997.6,100,26.1,32.4,239.0,27.1,42.0,18.5
2026-03-27 03:00:00,2026,3,27,3,Thái Nguyên,Xã Võ Nhai,21.7551719,106.07071,129,Unhealthy for Sensitive Groups,2,23.0,100,0.1,11.1,141,997.3,100,27.7,34.1,226.0,24.8,41.0,16.5
2026-03-27 04:00:00,2026,3,27,4,Thái Nguyên,Xã Võ Nhai,21.7551719,106.07071,127,Unhealthy for Sensitive Groups,2,22.9,99,0.1,10.3,139,997.3,100,32.1,37.7,221.0,22.8,41.0,14.7
2026-03-27 05:00:00,2026,3,27,5,Thái Nguyên,Xã Võ Nhai,21.7551719,106.07071,125,Unhealthy for Sensitive Groups,2,22.8,100,0.2,9.7,137,997.5,100,39.6,44.9,231.0,21.5,40.0,13.2
2026-03-27 06:00:00,2026,3,27,6,Thái Nguyên,Xã Võ Nhai,21.7551719,106.07071,124,Unhealthy for Sensitive Groups,2,22.8,100,0.4,9.2,135,998.1,100,42.4,47.3,249.0,20.4,38.0,11.9
2026-03-27 07:00:00,2026,3,27,7,Thái Nguyên,Xã Võ Nhai,21.7551719,106.07071,123,Unhealthy for Sensitive Groups,2,22.5,98,0.6,10.7,131,999.2,100,53.8,60.8,261.0,22.7,37.0,13.2
2026-03-27 08:00:00,2026,3,27,8,Thái Nguyên,Xã Võ Nhai,21.7551719,106.07071,124,Unhealthy for Sensitive Groups,2,22.9,96,0.1,10.4,135,999.9,100,42.5,48.2,259.0,22.1,39.0,13.2
2026-03-27 09:00:00,2026,3,27,9,Thái Nguyên,Xã Võ Nhai,21.7551719,106.07071,123,Unhealthy for Sensitive Groups,2,23.4,93,0.2,11.4,143,1000.6,100,34.9,39.9,250.0,21.1,41.0,13.0
2026-03-27 10:00:00,2026,3,27,10,Thái Nguyên,Xã Võ Nhai,21.7551719,106.07071,122,Unhealthy for Sensitive Groups,2,24.3,89,0.2,11.5,149,1000.6,100,34.1,38.2,246.0,19.4,49.0,12.5
2026-03-27 11:00:00,2026,3,27,11,Thái Nguyên,Xã Võ Nhai,21.7551719,106.07071,121,Unhealthy for Sensitive Groups,2,25.2,86,0.2,11.0,152,1000.1,100,30.3,34.0,252.0,16.5,65.0,11.1
2026-03-27 12:00:00,2026,3,27,12,Thái Nguyên,Xã Võ Nhai,21.7551719,106.07071,119,Unhealthy for Sensitive Groups,2,26.1,82,0.1,11.1,158,999.1,100,34.2,38.1,262.0,13.0,85.0,9.4
2026-03-27 13:00:00,2026,3,27,13,Thái Nguyên,Xã Võ Nhai,21.7551719,106.07071,118,Unhealthy for Sensitive Groups,2,27.9,70,0.1,10.4,169,997.8,48,36.8,40.5,271.0,10.2,104.0,8.0
2026-03-27 14:00:00,2026,3,27,14,Thái Nguyên,Xã Võ Nhai,21.7551719,106.07071,116,Unhealthy for Sensitive Groups,2,28.4,69,0.0,9.7,169,996.7,90,39.6,43.4,277.0,8.1,124.0,7.2
2026-03-27 15:00:00,2026,3,27,15,Thái Nguyên,Xã Võ Nhai,21.7551719,106.07071,114,Unhealthy for Sensitive Groups,2,28.1,70,0.0,10.6,166,995.6,50,42.6,46.6,281.0,6.7,143.0,6.7
2026-03-27 16:00:00,2026,3,27,16,Thái Nguyên,Xã Võ Nhai,21.7551719,106.07071,112,Unhealthy for Sensitive Groups,2,27.9,72,0.0,13.1,168,995.1,68,45.1,49.1,285.0,7.3,149.0,7.1
2026-03-27 17:00:00,2026,3,27,17,Thái Nguyên,Xã Võ Nhai,21.7551719,106.07071,109,Unhealthy for Sensitive Groups,2,27.1,75,0.0,12.1,159,995.0,35,43.5,46.7,289.0,11.5,131.0,8.8
2026-03-27 18:00:00,2026,3,27,18,Thái Nguyên,Xã Võ Nhai,21.7551719,106.07071,107,Unhealthy for Sensitive Groups,2,25.7,84,0.0,10.2,144,995.2,14,39.3,41.8,292.0,17.7,100.0,11.4
2026-03-27 19:00:00,2026,3,27,19,Thái Nguyên,Xã Võ Nhai,21.7551719,106.07071,104,Unhealthy for Sensitive Groups,2,24.2,95,0.0,9.8,167,996.3,100,43.0,45.5,290.0,25.3,74.0,15.0
2026-03-27 20:00:00,2026,3,27,20,Thái Nguyên,Xã Võ Nhai,21.7551719,106.07071,103,Unhealthy for Sensitive Groups,2,24.7,92,0.0,10.5,155,997.4,100,34.6,36.7,281.0,26.7,65.0,15.4
2026-03-27 21:00:00,2026,3,27,21,Thái Nguyên,Xã Võ Nhai,21.7551719,106.07071,102,Unhealthy for Sensitive Groups,2,24.4,92,0.0,12.1,152,998.2,100,28.4,31.1,267.0,28.7,53.0,15.9
2026-03-27 22:00:00,2026,3,27,22,Thái Nguyên,Xã Võ Nhai,21.7551719,106.07071,101,Unhealthy for Sensitive Groups,2,24.0,94,0.0,11.1,151,998.5,93,26.2,29.2,256.0,29.7,45.0,16.3
2026-03-27 23:00:00,2026,3,27,23,Thái Nguyên,Xã Võ Nhai,21.7551719,106.07071,101,Unhealthy for Sensitive Groups,2,23.4,96,0.0,10.7,153,998.4,100,24.6,28.2,249.0,28.9,45.0,16.5
2026-03-28 00:00:00,2026,3,28,0,Thái Nguyên,Xã Võ Nhai,21.7551719,106.07071,100,Moderate,1,23.2,97,0.0,9.7,155,998.2,97,24.3,28.1,244.0,27.2,49.0,16.5
2026-03-28 01:00:00,2026,3,28,1,Thái Nguyên,Xã Võ Nhai,21.7551719,106.07071,100,Moderate,1,23.6,98,0.0,9.9,153,997.9,100,25.0,28.8,240.0,25.9,52.0,16.4
2026-03-28 02:00:00,2026,3,28,2,Thái Nguyên,Xã Võ Nhai,21.7551719,106.07071,100,Moderate,1,23.5,98,0.1,8.8,147,997.4,100,26.1,29.9,235.0,25.5,50.0,15.9
2026-03-28 03:00:00,2026,3,28,3,Thái Nguyên,Xã Võ Nhai,21.7551719,106.07071,100,Moderate,1,23.4,98,0.1,8.4,138,997.2,100,27.5,31.4,232.0,25.4,47.0,15.3
2026-03-28 04:00:00,2026,3,28,4,Thái Nguyên,Xã Võ Nhai,21.7551719,106.07071,100,Moderate,1,23.2,97,0.0,8.8,136,997.2,100,29.0,33.2,232.0,25.3,44.0,14.9
2026-03-28 05:00:00,2026,3,28,5,Thái Nguyên,Xã Võ Nhai,21.7551719,106.07071,100,Moderate,1,23.2,96,0.0,8.8,131,997.7,100,30.3,34.7,241.0,25.4,42.0,15.2
2026-03-28 06:00:00,2026,3,28,6,Thái Nguyên,Xã Võ Nhai,21.7551719,106.07071,99,Moderate,1,23.1,96,0.0,8.3,124,998.5,100,31.5,36.0,253.0,25.5,40.0,15.7
2026-03-28 07:00:00,2026,3,28,7,Thái Nguyên,Xã Võ Nhai,21.7551719,106.07071,98,Moderate,1,23.4,94,0.0,8.9,119,999.8,100,56.2,61.2,258.0,26.4,35.0,15.3
2026-03-28 08:00:00,2026,3,28,8,Thái Nguyên,Xã Võ Nhai,21.7551719,106.07071,98,Moderate,1,23.8,91,0.0,11.7,134,1000.4,99,42.3,48.8,248.0,25.2,38.0,15.7
2026-03-28 09:00:00,2026,3,28,9,Thái Nguyên,Xã Võ Nhai,21.7551719,106.07071,98,Moderate,1,24.7,85,0.0,12.1,143,1000.7,100,33.3,39.2,230.0,23.4,43.0,16.2
2026-03-28 10:00:00,2026,3,28,10,Thái Nguyên,Xã Võ Nhai,21.7551719,106.07071,98,Moderate,1,25.9,79,0.0,11.6,150,1000.5,100,29.2,34.6,220.0,21.5,50.0,15.9
2026-03-28 11:00:00,2026,3,28,11,Thái Nguyên,Xã Võ Nhai,21.7551719,106.07071,97,Moderate,1,26.9,75,0.1,11.3,153,1000.0,100,29.4,34.1,225.0,19.5,61.0,14.1
2026-03-28 12:00:00,2026,3,28,12,Thái Nguyên,Xã Võ Nhai,21.7551719,106.07071,97,Moderate,1,27.3,76,0.1,10.8,165,999.0,100,31.0,34.0,238.0,17.3,75.0,11.5
2026-03-28 13:00:00,2026,3,28,13,Thái Nguyên,Xã Võ Nhai,21.7551719,106.07071,97,Moderate,1,27.5,76,0.1,11.8,167,998.1,100,38.8,41.4,247.0,15.5,87.0,9.6
2026-03-28 14:00:00,2026,3,28,14,Thái Nguyên,Xã Võ Nhai,21.7551719,106.07071,97,Moderate,1,28.0,73,0.1,11.6,164,997.0,96,46.1,48.9,249.0,13.7,100.0,9.1
2026-03-28 15:00:00,2026,3,28,15,Thái Nguyên,Xã Võ Nhai,21.7551719,106.07071,98,Moderate,1,27.9,75,0.1,12.9,155,996.2,46,44.9,47.4,247.0,12.3,111.0,9.4
2026-03-28 16:00:00,2026,3,28,16,Thái Nguyên,Xã Võ Nhai,21.7551719,106.07071,98,Moderate,1,27.9,75,0.0,13.1,157,995.8,67,46.0,48.4,245.0,12.3,114.0,10.0
2026-03-28 17:00:00,2026,3,28,17,Thái Nguyên,Xã Võ Nhai,21.7551719,106.07071,98,Moderate,1,27.0,79,0.0,11.5,148,995.9,23,41.8,43.9,245.0,15.0,102.0,10.9
2026-03-28 18:00:00,2026,3,28,18,Thái Nguyên,Xã Võ Nhai,21.7551719,106.07071,98,Moderate,1,25.6,86,0.0,9.1,146,996.2,16,37.0,38.6,244.0,19.1,81.0,12.1
2026-03-28 19:00:00,2026,3,28,19,Thái Nguyên,Xã Võ Nhai,21.7551719,106.07071,98,Moderate,1,25.4,86,0.0,10.8,147,996.7,100,41.1,43.0,240.0,21.9,84.0,14.1
2026-03-28 20:00:00,2026,3,28,20,Thái Nguyên,Xã Võ Nhai,21.7551719,106.07071,98,Moderate,1,25.3,85,0.0,12.2,144,997.7,100,34.2,36.1,229.0,23.0,74.0,14.8
2026-03-28 21:00:00,2026,3,28,21,Thái Nguyên,Xã Võ Nhai,21.7551719,106.07071,98,Moderate,1,24.7,89,0.0,12.5,139,998.3,100,28.2,31.1,214.0,24.4,60.0,15.7
2026-03-28 22:00:00,2026,3,28,22,Thái Nguyên,Xã Võ Nhai,21.7551719,106.07071,98,Moderate,1,24.2,94,0.0,11.6,136,998.7,100,26.7,29.7,202.0,25.3,49.0,16.3
2026-03-28 23:00:00,2026,3,28,23,Thái Nguyên,Xã Võ Nhai,21.7551719,106.07071,98,Moderate,1,23.7,99,0.1,11.8,142,998.3,100,26.1,29.0,197.0,25.3,46.0,16.5
2026-03-29 00:00:00,2026,3,29,0,Thái Nguyên,Xã Võ Nhai,21.7551719,106.07071,98,Moderate,1,23.7,99,0.1,12.8,148,997.7,100,27.6,30.0,196.0,24.7,46.0,16.4
2026-03-29 01:00:00,2026,3,29,1,Thái Nguyên,Xã Võ Nhai,21.7551719,106.07071,98,Moderate,1,23.9,99,0.1,13.2,148,997.1,100,29.0,31.5,195.0,24.1,46.0,16.1
2026-03-29 02:00:00,2026,3,29,2,Thái Nguyên,Xã Võ Nhai,21.7551719,106.07071,98,Moderate,1,23.7,99,0.2,13.9,144,996.8,100,30.3,32.9,192.0,23.5,45.0,15.5
2026-03-29 03:00:00,2026,3,29,3,Thái Nguyên,Xã Võ Nhai,21.7551719,106.07071,99,Moderate,1,23.4,99,0.1,12.5,144,996.3,100,31.5,34.1,190.0,22.8,43.0,14.6
2026-03-29 04:00:00,2026,3,29,4,Thái Nguyên,Xã Võ Nhai,21.7551719,106.07071,99,Moderate,1,23.4,99,0.2,11.5,140,996.5,100,32.0,34.6,194.0,22.4,42.0,13.9
2026-03-29 05:00:00,2026,3,29,5,Thái Nguyên,Xã Võ Nhai,21.7551719,106.07071,99,Moderate,1,23.3,99,0.6,11.5,140,996.8,100,32.7,35.3,213.0,22.6,40.0,13.3
2026-03-29 06:00:00,2026,3,29,6,Thái Nguyên,Xã Võ Nhai,21.7551719,106.07071,100,Moderate,1,23.3,99,0.5,12.2,135,997.3,100,33.8,36.2,238.0,22.9,38.0,12.8
2026-03-29 07:00:00,2026,3,29,7,Thái Nguyên,Xã Võ Nhai,21.7551719,106.07071,100,Moderate,1,23.5,99,0.7,12.2,137,998.9,100,39.3,42.3,253.0,24.6,32.0,13.0
2026-03-29 08:00:00,2026,3,29,8,Thái Nguyên,Xã Võ Nhai,21.7551719,106.07071,98,Moderate,1,23.8,99,0.5,14.8,142,999.7,99,38.2,41.4,246.0,23.7,33.0,12.7
2026-03-29 09:00:00,2026,3,29,9,Thái Nguyên,Xã Võ Nhai,21.7551719,106.07071,98,Moderate,1,24.3,95,0.1,15.6,142,999.3,100,37.4,40.2,229.0,22.4,35.0,12.2
2026-03-29 10:00:00,2026,3,29,10,Thái Nguyên,Xã Võ Nhai,21.7551719,106.07071,98,Moderate,1,24.0,95,3.2,14.7,173,1000.6,97,33.2,35.2,221.0,20.6,42.0,12.2
2026-03-29 11:00:00,2026,3,29,11,Thái Nguyên,Xã Võ Nhai,21.7551719,106.07071,99,Moderate,1,25.6,92,1.7,13.3,167,999.8,81,27.3,29.2,234.0,18.2,56.0,13.3
2026-03-29 12:00:00,2026,3,29,12,Thái Nguyên,Xã Võ Nhai,21.7551719,106.07071,98,Moderate,1,27.5,78,0.1,19.0,167,998.1,48,27.1,28.7,257.0,15.3,74.0,14.7
2026-03-29 13:00:00,2026,3,29,13,Thái Nguyên,Xã Võ Nhai,21.7551719,106.07071,98,Moderate,1,28.2,70,0.0,17.9,176,997.1,100,27.8,29.3,271.0,12.7,91.0,15.2
2026-03-29 14:00:00,2026,3,29,14,Thái Nguyên,Xã Võ Nhai,21.7551719,106.07071,97,Moderate,1,28.4,70,0.0,16.9,166,995.9,50,27.5,28.9,268.0,10.1,107.0,13.4
2026-03-29 15:00:00,2026,3,29,15,Thái Nguyên,Xã Võ Nhai,21.7551719,106.07071,95,Moderate,1,28.5,70,0.1,19.9,168,995.0,44,25.9,27.2,256.0,7.8,120.0,10.5
2026-03-29 16:00:00,2026,3,29,16,Thái Nguyên,Xã Võ Nhai,21.7551719,106.07071,94,Moderate,1,28.5,70,0.0,19.2,161,994.3,63,23.7,24.9,246.0,7.5,124.0,8.9
2026-03-29 17:00:00,2026,3,29,17,Thái Nguyên,Xã Võ Nhai,21.7551719,106.07071,92,Moderate,1,28.1,72,0.0,15.4,157,994.1,31,21.1,22.1,243.0,10.8,109.0,9.7
2026-03-29 18:00:00,2026,3,29,18,Thái Nguyên,Xã Võ Nhai,21.7551719,106.07071,90,Moderate,1,25.7,85,0.0,14.4,146,994.4,20,20.1,21.1,241.0,16.1,84.0,11.6
2026-03-29 19:00:00,2026,3,29,19,Thái Nguyên,Xã Võ Nhai,21.7551719,106.07071,88,Moderate,1,25.5,91,0.0,18.2,157,995.2,46,20.0,21.0,238.0,22.3,57.0,15.7
2026-03-29 20:00:00,2026,3,29,20,Thái Nguyên,Xã Võ Nhai,21.7551719,106.07071,87,Moderate,1,24.9,93,0.0,16.1,139,995.6,59,17.7,18.9,229.0,22.1,54.0,15.2
2026-03-29 21:00:00,2026,3,29,21,Thái Nguyên,Xã Võ Nhai,21.7551719,106.07071,85,Moderate,1,24.4,96,0.0,13.5,132,996.5,100,20.7,21.8,219.0,21.9,50.0,14.5
2026-03-29 22:00:00,2026,3,29,22,Thái Nguyên,Xã Võ Nhai,21.7551719,106.07071,84,Moderate,1,24.3,97,0.1,14.6,136,996.5,100,26.3,27.5,213.0,21.6,47.0,13.7
2026-03-29 23:00:00,2026,3,29,23,Thái Nguyên,Xã Võ Nhai,21.7551719,106.07071,84,Moderate,1,24.2,98,0.0,11.5,125,995.9,100,31.2,32.5,216.0,21.3,47.0,12.8
2026-03-30 00:00:00,2026,3,30,0,Thái Nguyên,Xã Võ Nhai,21.7551719,106.07071,85,Moderate,1,24.1,99,0.0,11.1,130,996.1,100,34.8,36.1,223.0,20.9,47.0,11.9
2026-03-30 01:00:00,2026,3,30,1,Thái Nguyên,Xã Võ Nhai,21.7551719,106.07071,86,Moderate,1,22.9,98,0.0,4.7,344,996.5,100,37.3,38.5,228.0,20.7,47.0,11.0
2026-03-30 02:00:00,2026,3,30,2,Thái Nguyên,Xã Võ Nhai,21.7551719,106.07071,86,Moderate,1,20.7,99,11.7,10.0,15,996.9,100,41.1,42.4,227.0,20.8,44.0,10.1
2026-03-30 03:00:00,2026,3,30,3,Thái Nguyên,Xã Võ Nhai,21.7551719,106.07071,87,Moderate,1,20.9,98,0.0,9.0,77,994.9,22,45.3,46.6,223.0,21.0,41.0,9.3
2026-03-30 04:00:00,2026,3,30,4,Thái Nguyên,Xã Võ Nhai,21.7551719,106.07071,88,Moderate,1,20.4,99,0.0,9.9,100,995.4,100,48.2,49.5,226.0,21.3,40.0,9.3
2026-03-30 05:00:00,2026,3,30,5,Thái Nguyên,Xã Võ Nhai,21.7551719,106.07071,90,Moderate,1,21.1,99,0.0,6.3,129,995.6,100,49.4,50.6,241.0,22.1,41.0,10.7
2026-03-30 06:00:00,2026,3,30,6,Thái Nguyên,Xã Võ Nhai,21.7551719,106.07071,91,Moderate,1,21.7,98,0.0,6.3,141,996.3,100,49.1,50.3,263.0,22.9,43.0,12.9
2026-03-30 07:00:00,2026,3,30,7,Thái Nguyên,Xã Võ Nhai,21.7551719,106.07071,93,Moderate,1,22.8,100,0.0,10.4,144,996.7,100,61.7,63.8,278.0,27.0,33.0,14.9
2026-03-30 08:00:00,2026,3,30,8,Thái Nguyên,Xã Võ Nhai,21.7551719,106.07071,95,Moderate,1,23.1,99,0.5,14.0,143,997.9,100,58.6,60.1,279.0,23.9,56.0,15.5
2026-03-30 09:00:00,2026,3,30,9,Thái Nguyên,Xã Võ Nhai,21.7551719,106.07071,96,Moderate,1,23.2,99,0.3,16.3,153,998.3,100,65.7,67.3,273.0,19.5,88.0,16.4
2026-03-30 10:00:00,2026,3,30,10,Thái Nguyên,Xã Võ Nhai,21.7551719,106.07071,99,Moderate,1,24.5,94,0.1,13.6,160,998.2,100,60.8,62.2,272.0,15.4,123.0,17.5
2026-03-30 11:00:00,2026,3,30,11,Thái Nguyên,Xã Võ Nhai,21.7551719,106.07071,102,Unhealthy for Sensitive Groups,2,25.6,90,0.1,14.2,172,997.8,100,61.2,62.9,283.0,11.8,162.0,19.1
2026-03-30 12:00:00,2026,3,30,12,Thái Nguyên,Xã Võ Nhai,21.7551719,106.07071,105,Unhealthy for Sensitive Groups,2,28.2,76,0.1,15.1,183,996.3,48,64.3,65.7,298.0,8.5,203.0,21.0
2026-03-30 13:00:00,2026,3,30,13,Thái Nguyên,Xã Võ Nhai,21.7551719,106.07071,109,Unhealthy for Sensitive Groups,2,28.7,73,0.0,13.1,178,995.6,45,67.3,68.7,313.0,6.2,233.0,22.5
2026-03-30 14:00:00,2026,3,30,14,Thái Nguyên,Xã Võ Nhai,21.7551719,106.07071,113,Unhealthy for Sensitive Groups,2,30.2,65,0.0,11.7,170,994.2,6,68.2,70.1,326.0,5.2,245.0,23.0
2026-03-30 15:00:00,2026,3,30,15,Thái Nguyên,Xã Võ Nhai,21.7551719,106.07071,117,Unhealthy for Sensitive Groups,2,30.6,65,0.0,12.9,173,993.3,28,67.5,69.8,339.0,5.3,245.0,23.2
2026-03-30 16:00:00,2026,3,30,16,Thái Nguyên,Xã Võ Nhai,21.7551719,106.07071,154,Unhealthy,3,30.5,66,0.0,14.0,171,992.7,16,66.1,68.9,344.0,6.7,237.0,23.6
2026-03-30 17:00:00,2026,3,30,17,Thái Nguyên,Xã Võ Nhai,21.7551719,106.07071,182,Unhealthy,3,29.5,73,0.0,12.4,156,992.6,2,67.3,68.7,338.0,10.3,221.0,25.0
2026-03-30 18:00:00,2026,3,30,18,Thái Nguyên,Xã Võ Nhai,21.7551719,106.07071,202,Very Unhealthy,4,27.6,81,0.0,12.1,147,993.0,2,66.1,66.8,324.0,15.1,197.0,26.8
2026-03-30 19:00:00,2026,3,30,19,Thái Nguyên,Xã Võ Nhai,21.7551719,106.07071,206,Very Unhealthy,4,26.7,87,0.0,9.5,151,993.6,5,75.7,76.1,312.0,19.3,170.0,26.5
2026-03-30 20:00:00,2026,3,30,20,Thái Nguyên,Xã Võ Nhai,21.7551719,106.07071,207,Very Unhealthy,4,26.1,91,0.0,9.5,134,994.4,2,65.4,65.9,304.0,20.6,146.0,25.0
2026-03-30 21:00:00,2026,3,30,21,Thái Nguyên,Xã Võ Nhai,21.7551719,106.07071,203,Very Unhealthy,4,25.3,91,0.0,9.4,132,995.5,0,54.8,55.6,298.0,22.3,113.0,22.8
2026-03-30 22:00:00,2026,3,30,22,Thái Nguyên,Xã Võ Nhai,21.7551719,106.07071,188,Unhealthy,3,24.9,91,0.0,9.6,133,996.1,1,46.1,47.1,290.0,23.6,87.0,20.6
2026-03-30 23:00:00,2026,3,30,23,Thái Nguyên,Xã Võ Nhai,21.7551719,106.07071,163,Unhealthy,3,24.4,92,0.0,9.5,123,996.0,4,37.3,38.2,278.0,24.1,74.0,18.6
2026-03-31 00:00:00,2026,3,31,0,Thái Nguyên,Xã Võ Nhai,21.7551719,106.07071,151,Unhealthy,3,24.3,91,0.0,10.1,130,995.8,0,27.4,30.2,265.0,24.3,69.0,16.6
2026-03-31 01:00:00,2026,3,31,1,Thái Nguyên,Xã Võ Nhai,21.7551719,106.07071,150,Unhealthy for Sensitive Groups,2,24.2,94,0.0,5.5,128,995.4,4,23.6,26.0,253.0,24.2,64.0,15.0
2026-03-31 02:00:00,2026,3,31,2,Thái Nguyên,Xã Võ Nhai,21.7551719,106.07071,150,Unhealthy for Sensitive Groups,2,24.0,94,0.0,7.5,125,995.0,2,22.1,24.4,241.0,23.8,59.0,13.8
2026-03-31 03:00:00,2026,3,31,3,Thái Nguyên,Xã Võ Nhai,21.7551719,106.07071,149,Unhealthy for Sensitive Groups,2,23.8,95,0.0,9.3,124,994.5,6,22.2,24.6,231.0,23.3,56.0,12.9
2026-03-31 04:00:00,2026,3,31,4,Thái Nguyên,Xã Võ Nhai,21.7551719,106.07071,146,Unhealthy for Sensitive Groups,2,23.5,96,0.0,8.6,126,994.5,6,23.7,26.5,229.0,23.1,53.0,12.5
2026-03-31 05:00:00,2026,3,31,5,Thái Nguyên,Xã Võ Nhai,21.7551719,106.07071,144,Unhealthy for Sensitive Groups,2,23.2,96,0.0,8.5,126,994.9,0,26.6,29.6,239.0,23.9,46.0,12.4
2026-03-31 06:00:00,2026,3,31,6,Thái Nguyên,Xã Võ Nhai,21.7551719,106.07071,141,Unhealthy for Sensitive Groups,2,23.1,96,0.0,8.0,132,995.5,0,30.5,33.8,257.0,25.1,40.0,12.7
2026-03-31 07:00:00,2026,3,31,7,Thái Nguyên,Xã Võ Nhai,21.7551719,106.07071,139,Unhealthy for Sensitive Groups,2,24.4,92,0.0,8.6,129,996.7,16,35.9,40.6,275.0,25.5,40.0,14.4
2026-03-31 08:00:00,2026,3,31,8,Thái Nguyên,Xã Võ Nhai,21.7551719,106.07071,137,Unhealthy for Sensitive Groups,2,26.2,85,0.0,10.1,151,997.4,34,33.3,39.0,291.0,23.1,53.0,15.0
2026-03-31 09:00:00,2026,3,31,9,Thái Nguyên,Xã Võ Nhai,21.7551719,106.07071,134,Unhealthy for Sensitive Groups,2,27.7,77,0.0,10.9,171,997.9,98,40.3,44.1,306.0,19.6,73.0,15.7
2026-03-31 10:00:00,2026,3,31,10,Thái Nguyên,Xã Võ Nhai,21.7551719,106.07071,131,Unhealthy for Sensitive Groups,2,28.9,75,0.0,8.3,158,997.6,7,44.4,48.3,321.0,15.9,97.0,15.9
2026-03-31 11:00:00,2026,3,31,11,Thái Nguyên,Xã Võ Nhai,21.7551719,106.07071,130,Unhealthy for Sensitive Groups,2,30.7,70,0.0,8.2,170,996.9,1,52.7,56.9,337.0,11.7,133.0,15.0
2026-03-31 12:00:00,2026,3,31,12,Thái Nguyên,Xã Võ Nhai,21.7551719,106.07071,129,Unhealthy for Sensitive Groups,2,31.8,64,0.0,8.6,172,995.7,0,57.7,62.6,352.0,7.4,173.0,13.6
2026-03-31 13:00:00,2026,3,31,13,Thái Nguyên,Xã Võ Nhai,21.7551719,106.07071,128,Unhealthy for Sensitive Groups,2,33.3,55,0.0,7.1,174,994.7,31,61.2,66.8,362.0,4.5,198.0,12.7
2026-03-31 14:00:00,2026,3,31,14,Thái Nguyên,Xã Võ Nhai,21.7551719,106.07071,128,Unhealthy for Sensitive Groups,2,33.8,54,0.0,5.4,188,993.9,14,62.6,69.2,364.0,3.8,196.0,12.6
2026-03-31 15:00:00,2026,3,31,15,Thái Nguyên,Xã Võ Nhai,21.7551719,106.07071,127,Unhealthy for Sensitive Groups,2,34.1,50,0.0,3.8,183,993.5,27,61.5,68.5,361.0,4.6,178.0,12.9
2026-03-31 16:00:00,2026,3,31,16,Thái Nguyên,Xã Võ Nhai,21.7551719,106.07071,126,Unhealthy for Sensitive Groups,2,33.0,61,0.8,3.1,177,993.8,23,55.3,60.8,362.0,6.4,158.0,13.7
2026-03-31 17:00:00,2026,3,31,17,Thái Nguyên,Xã Võ Nhai,21.7551719,106.07071,125,Unhealthy for Sensitive Groups,2,28.7,71,0.0,17.2,35,994.9,20,51.0,54.5,376.0,10.0,136.0,15.6
2026-03-31 18:00:00,2026,3,31,18,Thái Nguyên,Xã Võ Nhai,21.7551719,106.07071,136,Unhealthy for Sensitive Groups,2,27.9,68,0.0,20.2,46,995.4,5,51.6,55.4,394.0,14.6,111.0,18.0
2026-03-31 19:00:00,2026,3,31,19,Thái Nguyên,Xã Võ Nhai,21.7551719,106.07071,139,Unhealthy for Sensitive Groups,2,28.5,75,0.0,14.0,58,995.7,16,55.3,59.5,401.0,8.5,110.0,10.4
2026-03-31 20:00:00,2026,3,31,20,Thái Nguyên,Xã Võ Nhai,21.7551719,106.07071,135,Unhealthy for Sensitive Groups,2,26.9,76,0.0,21.0,76,996.7,77,55.5,58.8,384.0,8.5,108.0,11.0
2026-03-31 21:00:00,2026,3,31,21,Thái Nguyên,Xã Võ Nhai,21.7551719,106.07071,121,Unhealthy for Sensitive Groups,2,24.3,83,0.8,23.7,41,998.6,100,51.8,54.2,356.0,8.4,105.0,11.8
2026-03-31 22:00:00,2026,3,31,22,Thái Nguyên,Xã Võ Nhai,21.7551719,106.07071,118,Unhealthy for Sensitive Groups,2,24.2,70,0.1,27.2,46,999.2,90,43.4,44.9,335.0,8.4,102.0,12.1
2026-03-31 23:00:00,2026,3,31,23,Thái Nguyên,Xã Võ Nhai,21.7551719,106.07071,118,Unhealthy for Sensitive Groups,2,24.2,64,0.0,21.9,44,999.9,96,38.9,41.6,330.0,8.4,98.0,11.6
2026-04-01 00:00:00,2026,4,1,0,Thái Nguyên,Xã Võ Nhai,21.7551719,106.07071,118,Unhealthy for Sensitive Groups,2,23.5,62,0.1,25.5,40,999.5,27,39.6,42.5,332.0,8.5,94.0,10.8
2026-04-01 01:00:00,2026,4,1,1,Thái Nguyên,Xã Võ Nhai,21.7551719,106.07071,120,Unhealthy for Sensitive Groups,2,23.9,61,0.0,22.7,48,998.9,22,42.1,45.8,335.0,8.4,91.0,10.0
2026-04-01 02:00:00,2026,4,1,2,Thái Nguyên,Xã Võ Nhai,21.7551719,106.07071,122,Unhealthy for Sensitive Groups,2,24.2,54,0.0,23.4,41,998.7,53,38.9,41.3,335.0,8.0,89.0,9.5
2026-04-01 03:00:00,2026,4,1,3,Thái Nguyên,Xã Võ Nhai,21.7551719,106.07071,123,Unhealthy for Sensitive Groups,2,23.2,58,0.0,20.8,40,999.4,79,35.0,36.7,336.0,7.4,87.0,9.2
2026-04-01 04:00:00,2026,4,1,4,Thái Nguyên,Xã Võ Nhai,21.7551719,106.07071,125,Unhealthy for Sensitive Groups,2,22.8,58,0.0,19.7,41,999.6,11,31.0,31.9,346.0,7.2,85.0,8.9
2026-04-01 05:00:00,2026,4,1,5,Thái Nguyên,Xã Võ Nhai,21.7551719,106.07071,125,Unhealthy for Sensitive Groups,2,22.0,57,0.0,19.5,36,1000.6,88,27.6,28.0,375.0,7.9,81.0,8.7
2026-04-01 06:00:00,2026,4,1,6,Thái Nguyên,Xã Võ Nhai,21.7551719,106.07071,126,Unhealthy for Sensitive Groups,2,21.8,57,0.0,18.5,37,1001.4,100,25.3,25.4,413.0,9.0,76.0,8.6
2026-04-01 07:00:00,2026,4,1,7,Thái Nguyên,Xã Võ Nhai,21.7551719,106.07071,125,Unhealthy for Sensitive Groups,2,20.5,69,0.0,18.1,32,1001.9,94,18.4,18.6,440.0,7.7,82.0,8.7
2026-04-01 08:00:00,2026,4,1,8,Thái Nguyên,Xã Võ Nhai,21.7551719,106.07071,123,Unhealthy for Sensitive Groups,2,21.4,66,0.0,18.3,34,1003.1,77,18.9,19.3,447.0,7.6,84.0,8.7
2026-04-01 09:00:00,2026,4,1,9,Thái Nguyên,Xã Võ Nhai,21.7551719,106.07071,122,Unhealthy for Sensitive Groups,2,22.5,63,0.0,16.3,41,1003.5,45,19.6,20.2,443.0,7.3,87.0,8.9
2026-04-01 10:00:00,2026,4,1,10,Thái Nguyên,Xã Võ Nhai,21.7551719,106.07071,120,Unhealthy for Sensitive Groups,2,24.4,56,0.0,14.4,43,1003.7,97,20.5,21.2,433.0,7.0,93.0,9.7
2026-04-01 11:00:00,2026,4,1,11,Thái Nguyên,Xã Võ Nhai,21.7551719,106.07071,117,Unhealthy for Sensitive Groups,2,25.2,55,0.0,10.8,48,1003.1,91,21.5,22.5,414.0,6.4,103.0,11.6
2026-04-01 12:00:00,2026,4,1,12,Thái Nguyên,Xã Võ Nhai,21.7551719,106.07071,114,Unhealthy for Sensitive Groups,2,26.7,55,0.0,6.8,61,1001.9,99,23.3,24.9,389.0,5.7,115.0,14.1
2026-04-01 13:00:00,2026,4,1,13,Thái Nguyên,Xã Võ Nhai,21.7551719,106.07071,110,Unhealthy for Sensitive Groups,2,26.1,56,0.0,4.3,112,1001.3,100,27.2,29.7,369.0,5.3,127.0,16.6
2026-04-01 14:00:00,2026,4,1,14,Thái Nguyên,Xã Võ Nhai,21.7551719,106.07071,107,Unhealthy for Sensitive Groups,2,27.0,55,0.0,4.8,149,1000.0,40,33.1,36.4,357.0,4.7,142.0,18.8
2026-04-01 15:00:00,2026,4,1,15,Thái Nguyên,Xã Võ Nhai,21.7551719,106.07071,104,Unhealthy for Sensitive Groups,2,27.7,54,0.0,6.1,177,998.8,25,37.4,41.3,350.0,4.3,157.0,20.9
2026-04-01 16:00:00,2026,4,1,16,Thái Nguyên,Xã Võ Nhai,21.7551719,106.07071,101,Unhealthy for Sensitive Groups,2,27.7,56,0.0,9.8,166,998.0,100,39.7,43.7,354.0,6.0,163.0,22.8
2026-04-01 17:00:00,2026,4,1,17,Thái Nguyên,Xã Võ Nhai,21.7551719,106.07071,100,Moderate,1,26.7,63,0.0,7.7,152,997.5,95,41.7,45.2,376.0,11.5,151.0,24.4
2026-04-01 18:00:00,2026,4,1,18,Thái Nguyên,Xã Võ Nhai,21.7551719,106.07071,99,Moderate,1,25.2,72,0.0,5.2,178,997.8,66,51.1,53.8,408.0,19.0,130.0,25.7
2026-04-01 19:00:00,2026,4,1,19,Thái Nguyên,Xã Võ Nhai,21.7551719,106.07071,99,Moderate,1,23.9,78,0.0,5.6,165,999.0,20,83.6,88.0,432.0,29.3,83.0,32.3
2026-04-01 20:00:00,2026,4,1,20,Thái Nguyên,Xã Võ Nhai,21.7551719,106.07071,101,Unhealthy for Sensitive Groups,2,23.2,82,0.0,5.4,174,1000.0,23,92.7,96.9,438.0,31.5,76.0,33.2
2026-04-01 21:00:00,2026,4,1,21,Thái Nguyên,Xã Võ Nhai,21.7551719,106.07071,105,Unhealthy for Sensitive Groups,2,22.7,85,0.0,6.9,174,1000.7,3,96.9,100.8,436.0,34.5,66.0,34.4
2026-04-01 22:00:00,2026,4,1,22,Thái Nguyên,Xã Võ Nhai,21.7551719,106.07071,110,Unhealthy for Sensitive Groups,2,21.8,89,0.0,7.3,157,1001.3,8,98.3,101.7,435.0,36.6,57.0,34.5
2026-04-01 23:00:00,2026,4,1,23,Thái Nguyên,Xã Võ Nhai,21.7551719,106.07071,116,Unhealthy for Sensitive Groups,2,21.3,91,0.0,5.5,148,1001.4,20,96.6,100.1,440.0,37.2,52.0,32.4
2026-04-02 00:00:00,2026,4,2,0,Thái Nguyên,Xã Võ Nhai,21.7551719,106.07071,122,Unhealthy for Sensitive Groups,2,20.8,93,0.0,5.0,145,1001.0,27,95.0,98.5,445.0,36.9,48.0,29.3
2026-04-02 01:00:00,2026,4,2,1,Thái Nguyên,Xã Võ Nhai,21.7551719,106.07071,127,Unhealthy for Sensitive Groups,2,21.7,90,0.0,4.1,165,1000.6,100,94.5,98.3,445.0,36.4,45.0,26.6
2026-04-02 02:00:00,2026,4,2,2,Thái Nguyên,Xã Võ Nhai,21.7551719,106.07071,133,Unhealthy for Sensitive Groups,2,21.9,89,0.0,3.7,191,1000.5,100,94.8,98.7,433.0,35.9,44.0,25.0
2026-04-02 03:00:00,2026,4,2,3,Thái Nguyên,Xã Võ Nhai,21.7551719,106.07071,139,Unhealthy for Sensitive Groups,2,21.8,90,0.0,3.8,172,1000.0,100,94.8,99.0,415.0,35.1,44.0,24.0
2026-04-02 04:00:00,2026,4,2,4,Thái Nguyên,Xã Võ Nhai,21.7551719,106.07071,145,Unhealthy for Sensitive Groups,2,21.8,91,0.0,5.3,152,999.8,100,94.3,98.7,405.0,34.2,45.0,23.5
2026-04-02 05:00:00,2026,4,2,5,Thái Nguyên,Xã Võ Nhai,21.7551719,106.07071,150,Unhealthy for Sensitive Groups,2,21.8,91,0.0,6.7,156,999.9,100,93.6,98.0,414.0,33.2,49.0,23.8
2026-04-02 06:00:00,2026,4,2,6,Thái Nguyên,Xã Võ Nhai,21.7551719,106.07071,152,Unhealthy,3,21.6,93,0.0,7.6,158,1000.2,100,93.6,98.3,432.0,32.0,54.0,24.7
2026-04-02 07:00:00,2026,4,2,7,Thái Nguyên,Xã Võ Nhai,21.7551719,106.07071,153,Unhealthy,3,21.6,92,0.0,8.0,146,1000.9,100,89.9,94.8,440.0,34.6,53.0,27.9
2026-04-02 08:00:00,2026,4,2,8,Thái Nguyên,Xã Võ Nhai,21.7551719,106.07071,155,Unhealthy,3,21.8,93,0.0,8.2,147,1001.6,100,80.8,85.4,427.0,32.2,60.0,26.8
2026-04-02 09:00:00,2026,4,2,9,Thái Nguyên,Xã Võ Nhai,21.7551719,106.07071,156,Unhealthy,3,22.8,89,0.0,7.6,153,1001.4,100,75.9,80.3,404.0,28.9,71.0,25.3
2026-04-02 10:00:00,2026,4,2,10,Thái Nguyên,Xã Võ Nhai,21.7551719,106.07071,157,Unhealthy,3,23.7,87,0.1,10.0,174,1001.5,100,73.3,77.5,388.0,26.2,82.0,24.5
2026-04-02 11:00:00,2026,4,2,11,Thái Nguyên,Xã Võ Nhai,21.7551719,106.07071,159,Unhealthy,3,24.8,84,0.1,11.1,167,1000.4,100,74.3,78.5,384.0,24.8,93.0,25.0
2026-04-02 12:00:00,2026,4,2,12,Thái Nguyên,Xã Võ Nhai,21.7551719,106.07071,160,Unhealthy,3,25.8,81,0.3,13.6,173,999.2,100,79.6,83.6,386.0,23.9,104.0,26.1
2026-04-02 13:00:00,2026,4,2,13,Thái Nguyên,Xã Võ Nhai,21.7551719,106.07071,161,Unhealthy,3,26.2,75,0.2,13.4,186,998.4,100,88.7,92.2,393.0,23.1,116.0,27.4
2026-04-02 14:00:00,2026,4,2,14,Thái Nguyên,Xã Võ Nhai,21.7551719,106.07071,162,Unhealthy,3,26.5,73,0.1,14.9,182,997.1,100,92.0,95.5,411.0,22.1,130.0,29.1
2026-04-02 15:00:00,2026,4,2,15,Thái Nguyên,Xã Võ Nhai,21.7551719,106.07071,164,Unhealthy,3,27.2,73,0.1,13.7,182,996.0,100,91.7,94.8,433.0,21.1,143.0,30.9
2026-04-02 16:00:00,2026,4,2,16,Thái Nguyên,Xã Võ Nhai,21.7551719,106.07071,165,Unhealthy,3,27.6,72,0.0,13.2,173,995.0,62,87.5,90.3,436.0,20.5,150.0,31.3
2026-04-02 17:00:00,2026,4,2,17,Thái Nguyên,Xã Võ Nhai,21.7551719,106.07071,166,Unhealthy,3,27.5,75,0.0,11.1,155,994.8,34,83.6,85.7,402.0,20.6,146.0,29.4
2026-04-02 18:00:00,2026,4,2,18,Thái Nguyên,Xã Võ Nhai,21.7551719,106.07071,167,Unhealthy,3,26.6,80,0.0,12.6,156,994.8,17,79.6,81.5,348.0,21.1,134.0,26.0
2026-04-02 19:00:00,2026,4,2,19,Thái Nguyên,Xã Võ Nhai,21.7551719,106.07071,167,Unhealthy,3,25.0,88,0.0,13.9,144,996.1,29,102.0,105.2,308.0,26.7,114.0,25.2
2026-04-02 20:00:00,2026,4,2,20,Thái Nguyên,Xã Võ Nhai,21.7551719,106.07071,168,Unhealthy,3,24.2,92,0.0,11.4,153,997.2,100,85.2,87.8,295.0,25.0,104.0,22.3
2026-04-02 21:00:00,2026,4,2,21,Thái Nguyên,Xã Võ Nhai,21.7551719,106.07071,168,Unhealthy,3,23.8,93,0.0,11.4,152,997.9,100,68.5,71.0,295.0,22.7,91.0,18.2
2026-04-02 22:00:00,2026,4,2,22,Thái Nguyên,Xã Võ Nhai,21.7551719,106.07071,167,Unhealthy,3,23.7,94,0.0,13.8,154,998.1,100,55.3,58.1,295.0,21.0,80.0,15.1
2026-04-02 23:00:00,2026,4,2,23,Thái Nguyên,Xã Võ Nhai,21.7551719,106.07071,166,Unhealthy,3,23.4,96,0.1,13.0,152,997.7,100,49.1,51.8,291.0,20.6,75.0,13.9
2026-04-03 00:00:00,2026,4,3,0,Thái Nguyên,Xã Võ Nhai,21.7551719,106.07071,165,Unhealthy,3,23.2,98,0.0,13.0,149,997.1,100,50.8,53.2,287.0,20.7,72.0,13.5
2026-04-03 01:00:00,2026,4,3,1,Thái Nguyên,Xã Võ Nhai,21.7551719,106.07071,164,Unhealthy,3,23.6,99,0.0,12.7,150,996.5,98,53.4,55.6,283.0,20.5,71.0,13.2
2026-04-03 02:00:00,2026,4,3,2,Thái Nguyên,Xã Võ Nhai,21.7551719,106.07071,163,Unhealthy,3,23.7,99,0.1,13.6,152,995.9,100,59.0,61.0,278.0,19.4,71.0,12.3
2026-04-03 03:00:00,2026,4,3,3,Thái Nguyên,Xã Võ Nhai,21.7551719,106.07071,162,Unhealthy,3,23.6,99,0.0,11.7,153,995.4,100,62.6,64.5,273.0,18.0,72.0,11.5
2026-04-03 04:00:00,2026,4,3,4,Thái Nguyên,Xã Võ Nhai,21.7551719,106.07071,162,Unhealthy,3,23.5,100,0.0,10.3,149,995.3,100,63.8,65.9,274.0,17.1,72.0,11.1
2026-04-03 05:00:00,2026,4,3,5,Thái Nguyên,Xã Võ Nhai,21.7551719,106.07071,161,Unhealthy,3,23.5,100,0.0,13.2,149,995.4,100,61.5,63.3,286.0,17.5,70.0,11.8
2026-04-03 06:00:00,2026,4,3,6,Thái Nguyên,Xã Võ Nhai,21.7551719,106.07071,160,Unhealthy,3,23.5,100,0.0,12.6,155,995.6,100,59.8,61.7,304.0,18.5,67.0,13.0
2026-04-03 07:00:00,2026,4,3,7,Thái Nguyên,Xã Võ Nhai,21.7551719,106.07071,160,Unhealthy,3,23.9,99,0.1,6.9,150,996.0,100,41.2,42.6,317.0,21.8,59.0,20.1
2026-04-03 08:00:00,2026,4,3,8,Thái Nguyên,Xã Võ Nhai,21.7551719,106.07071,158,Unhealthy,3,24.4,96,0.1,5.0,134,996.8,100,50.4,52.7,316.0,19.7,71.0,18.5
2026-04-03 09:00:00,2026,4,3,9,Thái Nguyên,Xã Võ Nhai,21.7551719,106.07071,158,Unhealthy,3,25.2,94,0.1,6.8,143,997.1,100,61.5,64.7,310.0,16.8,89.0,16.1
2026-04-03 10:00:00,2026,4,3,10,Thái Nguyên,Xã Võ Nhai,21.7551719,106.07071,158,Unhealthy,3,26.6,88,0.1,7.5,159,997.1,100,65.0,69.6,311.0,13.7,112.0,14.0
2026-04-03 11:00:00,2026,4,3,11,Thái Nguyên,Xã Võ Nhai,21.7551719,106.07071,157,Unhealthy,3,28.6,78,0.1,6.3,175,996.3,96,72.6,78.7,327.0,10.4,146.0,12.2
2026-04-03 12:00:00,2026,4,3,12,Thái Nguyên,Xã Võ Nhai,21.7551719,106.07071,157,Unhealthy,3,30.4,68,0.0,6.7,175,995.0,45,82.4,91.0,351.0,7.0,186.0,10.6
2026-04-03 13:00:00,2026,4,3,13,Thái Nguyên,Xã Võ Nhai,21.7551719,106.07071,157,Unhealthy,3,29.9,75,0.0,5.9,169,993.9,92,88.2,98.3,372.0,4.8,217.0,9.6
2026-04-03 14:00:00,2026,4,3,14,Thái Nguyên,Xã Võ Nhai,21.7551719,106.07071,157,Unhealthy,3,31.6,66,0.0,5.6,178,992.6,18,92.0,103.6,385.0,4.0,237.0,9.3
2026-04-03 15:00:00,2026,4,3,15,Thái Nguyên,Xã Võ Nhai,21.7551719,106.07071,157,Unhealthy,3,32.1,64,0.0,3.7,166,991.6,13,94.8,107.8,396.0,4.3,248.0,9.7
2026-04-03 16:00:00,2026,4,3,16,Thái Nguyên,Xã Võ Nhai,21.7551719,106.07071,157,Unhealthy,3,31.9,65,0.0,3.6,150,991.2,9,96.6,109.7,412.0,6.2,248.0,10.7
2026-04-03 17:00:00,2026,4,3,17,Thái Nguyên,Xã Võ Nhai,21.7551719,106.07071,174,Unhealthy,3,30.8,71,0.0,4.7,137,991.1,5,98.3,109.9,446.0,10.8,231.0,12.6
2026-04-03 18:00:00,2026,4,3,18,Thái Nguyên,Xã Võ Nhai,21.7551719,106.07071,197,Unhealthy,3,28.5,82,0.0,4.2,121,991.8,4,103.6,112.0,485.0,16.9,202.0,15.2
2026-04-03 19:00:00,2026,4,3,19,Thái Nguyên,Xã Võ Nhai,21.7551719,106.07071,205,Very Unhealthy,4,27.4,81,0.0,5.4,120,992.6,2,157.9,176.5,498.0,27.5,156.0,18.5
2026-04-03 20:00:00,2026,4,3,20,Thái Nguyên,Xã Võ Nhai,21.7551719,106.07071,205,Very Unhealthy,4,26.7,83,0.0,10.3,133,993.7,2,160.7,174.2,461.0,25.7,151.0,21.3
2026-04-03 21:00:00,2026,4,3,21,Thái Nguyên,Xã Võ Nhai,21.7551719,106.07071,203,Very Unhealthy,4,25.9,91,0.0,9.0,125,994.8,1,153.2,162.1,399.0,23.1,143.0,25.1
2026-04-03 22:00:00,2026,4,3,22,Thái Nguyên,Xã Võ Nhai,21.7551719,106.07071,195,Unhealthy,3,25.4,91,0.0,9.8,83,995.2,2,138.3,144.4,355.0,21.3,133.0,27.4
2026-04-03 23:00:00,2026,4,3,23,Thái Nguyên,Xã Võ Nhai,21.7551719,106.07071,179,Unhealthy,3,25.2,87,0.0,9.7,59,995.0,5,121.1,125.7,350.0,21.3,117.0,26.8
2026-04-04 00:00:00,2026,4,4,0,Thái Nguyên,Xã Võ Nhai,21.7551719,106.07071,167,Unhealthy,3,24.5,90,0.0,5.5,52,994.4,20,111.1,115.9,362.0,22.0,98.0,24.6
2026-04-04 01:00:00,2026,4,4,1,Thái Nguyên,Xã Võ Nhai,21.7551719,106.07071,168,Unhealthy,3,24.0,94,3.2,17.1,14,995.4,98,111.1,116.2,371.0,21.2,88.0,22.3
2026-04-04 02:00:00,2026,4,4,2,Thái Nguyên,Xã Võ Nhai,21.7551719,106.07071,169,Unhealthy,3,21.9,95,0.9,20.1,24,995.3,66,108.7,114.1,367.0,16.9,96.0,20.4
2026-04-04 03:00:00,2026,4,4,3,Thái Nguyên,Xã Võ Nhai,21.7551719,106.07071,170,Unhealthy,3,21.8,91,0.0,21.5,21,994.8,38,94.1,99.9,359.0,11.1,112.0,18.3
2026-04-04 04:00:00,2026,4,4,4,Thái Nguyên,Xã Võ Nhai,21.7551719,106.07071,171,Unhealthy,3,21.8,91,0.0,20.7,27,994.4,31,69.8,75.2,356.0,7.1,122.0,16.0
2026-04-04 05:00:00,2026,4,4,5,Thái Nguyên,Xã Võ Nhai,21.7551719,106.07071,171,Unhealthy,3,22.1,90,0.0,21.2,35,995.1,67,53.7,57.3,362.0,6.7,117.0,13.0
2026-04-04 06:00:00,2026,4,4,6,Thái Nguyên,Xã Võ Nhai,21.7551719,106.07071,171,Unhealthy,3,22.7,86,0.0,20.9,38,995.6,100,43.2,45.8,373.0,8.2,105.0,9.8
2026-04-04 07:00:00,2026,4,4,7,Thái Nguyên,Xã Võ Nhai,21.7551719,106.07071,171,Unhealthy,3,23.2,89,1.3,21.5,38,996.6,100,43.7,46.9,386.0,6.7,96.0,4.3
2026-04-04 08:00:00,2026,4,4,8,Thái Nguyên,Xã Võ Nhai,21.7551719,106.07071,171,Unhealthy,3,24.4,80,0.0,18.2,39,997.8,100,42.6,45.3,403.0,6.0,101.0,5.3
2026-04-04 09:00:00,2026,4,4,9,Thái Nguyên,Xã Võ Nhai,21.7551719,106.07071,170,Unhealthy,3,25.5,69,0.0,16.2,42,998.4,100,42.1,45.2,423.0,5.0,108.0,6.7
2026-04-04 10:00:00,2026,4,4,10,Thái Nguyên,Xã Võ Nhai,21.7551719,106.07071,170,Unhealthy,3,26.8,63,0.0,12.9,49,998.2,99,40.4,43.8,432.0,4.2,117.0,8.2
2026-04-04 11:00:00,2026,4,4,11,Thái Nguyên,Xã Võ Nhai,21.7551719,106.07071,169,Unhealthy,3,28.3,57,0.0,7.8,53,997.6,87,39.1,42.6,424.0,3.5,129.0,9.8
2026-04-04 12:00:00,2026,4,4,12,Thái Nguyên,Xã Võ Nhai,21.7551719,106.07071,169,Unhealthy,3,29.5,54,0.0,3.6,84,996.2,74,39.2,42.8,405.0,3.0,144.0,11.4
2026-04-04 13:00:00,2026,4,4,13,Thái Nguyên,Xã Võ Nhai,21.7551719,106.07071,168,Unhealthy,3,31.2,51,0.0,4.3,208,994.6,100,41.2,45.1,390.0,2.8,157.0,12.9
2026-04-04 14:00:00,2026,4,4,14,Thái Nguyên,Xã Võ Nhai,21.7551719,106.07071,167,Unhealthy,3,30.8,53,0.0,8.8,180,993.4,95,44.7,48.9,382.0,2.5,169.0,13.9
2026-04-04 15:00:00,2026,4,4,15,Thái Nguyên,Xã Võ Nhai,21.7551719,106.07071,166,Unhealthy,3,30.2,56,0.0,10.8,181,992.9,84,49.1,53.7,376.0,2.5,180.0,14.7
2026-04-04 16:00:00,2026,4,4,16,Thái Nguyên,Xã Võ Nhai,21.7551719,106.07071,165,Unhealthy,3,30.2,57,0.0,7.2,202,992.4,14,54.8,59.8,374.0,4.4,183.0,15.8
2026-04-04 17:00:00,2026,4,4,17,Thái Nguyên,Xã Võ Nhai,21.7551719,106.07071,164,Unhealthy,3,29.5,63,0.0,8.0,189,992.3,9,61.9,66.4,376.0,9.6,174.0,17.4
2026-04-04 18:00:00,2026,4,4,18,Thái Nguyên,Xã Võ Nhai,21.7551719,106.07071,163,Unhealthy,3,26.9,76,0.0,4.2,160,992.3,4,71.0,75.4,381.0,16.7,158.0,19.2
2026-04-04 19:00:00,2026,4,4,19,Thái Nguyên,Xã Võ Nhai,21.7551719,106.07071,162,Unhealthy,3,25.2,81,0.0,6.8,183,993.4,4,86.1,91.0,388.0,24.2,132.0,20.3
2026-04-04 20:00:00,2026,4,4,20,Thái Nguyên,Xã Võ Nhai,21.7551719,106.07071,161,Unhealthy,3,24.8,91,0.0,10.1,161,994.1,8,96.9,101.3,400.0,25.9,117.0,21.7
2026-04-04 21:00:00,2026,4,4,21,Thái Nguyên,Xã Võ Nhai,21.7551719,106.07071,159,Unhealthy,3,23.9,94,0.0,7.8,148,994.7,5,97.3,100.8,414.0,28.2,97.0,23.7
2026-04-04 22:00:00,2026,4,4,22,Thái Nguyên,Xã Võ Nhai,21.7551719,106.07071,158,Unhealthy,3,23.2,94,0.0,6.7,142,994.9,10,88.7,91.5,422.0,30.1,79.0,24.7
2026-04-04 23:00:00,2026,4,4,23,Thái Nguyên,Xã Võ Nhai,21.7551719,106.07071,157,Unhealthy,3,22.8,93,0.0,5.9,128,994.9,30,79.6,82.0,420.0,31.1,68.0,24.0
2026-04-05 00:00:00,2026,4,5,0,Thái Nguyên,Xã Võ Nhai,21.7551719,106.07071,156,Unhealthy,3,22.3,93,0.0,5.0,109,994.4,86,73.3,75.9,413.0,31.6,60.0,22.3
2026-04-05 01:00:00,2026,4,5,1,Thái Nguyên,Xã Võ Nhai,21.7551719,106.07071,155,Unhealthy,3,22.0,94,0.0,4.2,137,993.9,100,69.6,72.4,403.0,31.7,54.0,20.8
2026-04-05 02:00:00,2026,4,5,2,Thái Nguyên,Xã Võ Nhai,21.7551719,106.07071,154,Unhealthy,3,22.5,92,0.0,4.9,123,993.5,97,67.8,71.0,389.0,31.2,52.0,19.8
2026-04-05 03:00:00,2026,4,5,3,Thái Nguyên,Xã Võ Nhai,21.7551719,106.07071,153,Unhealthy,3,23.0,89,0.0,5.5,109,993.0,100,68.7,72.2,372.0,30.2,52.0,18.9
2026-04-05 04:00:00,2026,4,5,4,Thái Nguyên,Xã Võ Nhai,21.7551719,106.07071,153,Unhealthy,3,23.2,88,0.0,6.3,129,992.9,100,70.3,74.5,364.0,29.1,53.0,18.2
2026-04-05 05:00:00,2026,4,5,5,Thái Nguyên,Xã Võ Nhai,21.7551719,106.07071,153,Unhealthy,3,23.1,89,0.0,6.4,140,993.4,100,71.9,76.6,370.0,28.2,52.0,17.9
2026-04-05 06:00:00,2026,4,5,6,Thái Nguyên,Xã Võ Nhai,21.7551719,106.07071,153,Unhealthy,3,23.3,89,0.0,6.6,143,993.9,100,74.0,78.9,384.0,27.3,51.0,17.8
2026-04-05 07:00:00,2026,4,5,7,Thái Nguyên,Xã Võ Nhai,21.7551719,106.07071,154,Unhealthy,3,23.9,86,0.0,8.5,142,994.5,100,61.2,64.3,396.0,27.2,51.0,19.2
2026-04-05 08:00:00,2026,4,5,8,Thái Nguyên,Xã Võ Nhai,21.7551719,106.07071,154,Unhealthy,3,24.8,84,0.0,11.9,162,995.1,100,55.4,60.5,402.0,24.7,66.0,18.0
2026-04-05 09:00:00,2026,4,5,9,Thái Nguyên,Xã Võ Nhai,21.7551719,106.07071,155,Unhealthy,3,25.7,81,0.1,12.5,174,995.2,100,65.9,71.7,406.0,21.2,89.0,16.5
2026-04-05 10:00:00,2026,4,5,10,Thái Nguyên,Xã Võ Nhai,21.7551719,106.07071,155,Unhealthy,3,26.9,77,0.1,12.6,179,995.0,100,76.8,82.9,417.0,17.7,116.0,15.4
2026-04-05 11:00:00,2026,4,5,11,Thái Nguyên,Xã Võ Nhai,21.7551719,106.07071,156,Unhealthy,3,27.9,73,0.0,14.1,184,994.2,100,85.4,91.7,440.0,14.2,150.0,15.0
2026-04-05 12:00:00,2026,4,5,12,Thái Nguyên,Xã Võ Nhai,21.7551719,106.07071,157,Unhealthy,3,29.4,67,0.0,14.0,187,993.0,64,95.2,102.2,470.0,10.6,187.0,15.1
2026-04-05 13:00:00,2026,4,5,13,Thái Nguyên,Xã Võ Nhai,21.7551719,106.07071,158,Unhealthy,3,30.4,62,0.0,9.4,184,992.0,18,103.4,110.8,491.0,8.2,219.0,16.1
2026-04-05 14:00:00,2026,4,5,14,Thái Nguyên,Xã Võ Nhai,21.7551719,106.07071,160,Unhealthy,3,31.0,63,0.0,10.1,186,990.9,23,108.3,115.9,499.0,7.2,245.0,18.4
2026-04-05 15:00:00,2026,4,5,15,Thái Nguyên,Xã Võ Nhai,21.7551719,106.07071,161,Unhealthy,3,31.0,65,0.0,12.1,181,990.1,31,111.8,119.2,500.0,7.3,265.0,21.5
2026-04-05 16:00:00,2026,4,5,16,Thái Nguyên,Xã Võ Nhai,21.7551719,106.07071,162,Unhealthy,3,30.8,67,0.0,11.0,175,989.3,44,112.7,119.0,494.0,8.9,268.0,24.4
2026-04-05 17:00:00,2026,4,5,17,Thái Nguyên,Xã Võ Nhai,21.7551719,106.07071,183,Unhealthy,3,30.1,72,0.0,9.5,166,989.2,13,108.7,112.9,479.0,12.8,245.0,27.0
2026-04-05 18:00:00,2026,4,5,18,Thái Nguyên,Xã Võ Nhai,21.7551719,106.07071,203,Very Unhealthy,4,28.5,82,0.0,9.2,138,989.4,9,105.7,108.3,457.0,18.1,205.0,29.2
2026-04-05 19:00:00,2026,4,5,19,Thái Nguyên,Xã Võ Nhai,21.7551719,106.07071,209,Very Unhealthy,4,27.0,92,0.0,6.2,126,990.3,10,162.1,169.0,441.0,30.6,176.0,28.0
2026-04-05 20:00:00,2026,4,5,20,Thái Nguyên,Xã Võ Nhai,21.7551719,106.07071,211,Very Unhealthy,4,26.2,95,0.0,8.2,123,991.0,2,156.5,163.0,436.0,28.1,159.0,28.6
2026-04-05 21:00:00,2026,4,5,21,Thái Nguyên,Xã Võ Nhai,21.7551719,106.07071,209,Very Unhealthy,4,25.9,93,0.0,10.2,131,991.9,5,137.4,142.0,437.0,24.5,135.0,29.3
2026-04-05 22:00:00,2026,4,5,22,Thái Nguyên,Xã Võ Nhai,21.7551719,106.07071,203,Very Unhealthy,4,25.4,92,0.0,9.7,130,992.5,2,118.7,122.5,437.0,22.0,114.0,28.9
2026-04-05 23:00:00,2026,4,5,23,Thái Nguyên,Xã Võ Nhai,21.7551719,106.07071,187,Unhealthy,3,25.0,93,0.0,9.4,125,992.4,26,102.4,105.7,433.0,21.2,101.0,26.2
2026-04-06 00:00:00,2026,4,6,0,Thái Nguyên,Xã Võ Nhai,21.7551719,106.07071,170,Unhealthy,3,24.6,94,0.0,8.0,117,992.0,38,91.7,95.0,428.0,21.4,91.0,22.3
2026-04-06 01:00:00,2026,4,6,1,Thái Nguyên,Xã Võ Nhai,21.7551719,106.07071,171,Unhealthy,3,24.3,94,0.0,5.1,96,992.1,69,87.3,90.8,429.0,22.0,83.0,19.3
2026-04-06 02:00:00,2026,4,6,2,Thái Nguyên,Xã Võ Nhai,21.7551719,106.07071,171,Unhealthy,3,24.3,95,0.0,5.1,96,991.8,46,87.1,91.0,438.0,23.0,76.0,17.9
2026-04-06 03:00:00,2026,4,6,3,Thái Nguyên,Xã Võ Nhai,21.7551719,106.07071,172,Unhealthy,3,24.1,95,0.0,4.4,102,991.7,5,91.5,95.7,454.0,24.5,71.0,17.3
2026-04-06 04:00:00,2026,4,6,4,Thái Nguyên,Xã Võ Nhai,21.7551719,106.07071,172,Unhealthy,3,23.9,96,0.0,4.8,105,992.0,26,98.0,102.7,476.0,26.0,66.0,17.0
2026-04-06 05:00:00,2026,4,6,5,Thái Nguyên,Xã Võ Nhai,21.7551719,106.07071,173,Unhealthy,3,23.6,97,0.0,4.5,106,992.5,68,105.2,110.1,512.0,28.0,56.0,16.5
2026-04-06 06:00:00,2026,4,6,6,Thái Nguyên,Xã Võ Nhai,21.7551719,106.07071,173,Unhealthy,3,23.5,97,0.0,5.2,117,993.0,100,113.2,118.7,554.0,30.1,47.0,16.3
2026-04-06 07:00:00,2026,4,6,7,Thái Nguyên,Xã Võ Nhai,21.7551719,106.07071,174,Unhealthy,3,25.6,91,0.0,5.9,125,993.0,95,168.1,174.2,584.0,27.2,44.0,9.3
2026-04-06 08:00:00,2026,4,6,8,Thái Nguyên,Xã Võ Nhai,21.7551719,106.07071,177,Unhealthy,3,27.4,85,0.0,2.6,164,994.2,96,122.9,129.9,590.0,24.7,72.0,14.8
2026-04-06 09:00:00,2026,4,6,9,Thái Nguyên,Xã Võ Nhai,21.7551719,106.07071,178,Unhealthy,3,28.9,80,0.0,4.5,182,994.6,80,121.5,129.9,584.0,21.1,113.0,22.3
2026-04-06 10:00:00,2026,4,6,10,Thái Nguyên,Xã Võ Nhai,21.7551719,106.07071,179,Unhealthy,3,30.7,75,0.0,4.9,190,994.4,59,128.1,137.8,582.0,17.5,158.0,27.7
2026-04-06 11:00:00,2026,4,6,11,Thái Nguyên,Xã Võ Nhai,21.7551719,106.07071,181,Unhealthy,3,32.5,69,0.0,7.2,194,993.8,1,134.6,145.8,591.0,13.6,209.0,29.0
2026-04-06 12:00:00,2026,4,6,12,Thái Nguyên,Xã Võ Nhai,21.7551719,106.07071,182,Unhealthy,3,34.0,62,0.0,9.1,198,992.8,34,136.9,149.9,605.0,9.7,265.0,28.3
2026-04-06 13:00:00,2026,4,6,13,Thái Nguyên,Xã Võ Nhai,21.7551719,106.07071,182,Unhealthy,3,35.2,58,0.0,9.3,209,991.9,1,143.9,158.3,621.0,7.2,307.0,27.6
2026-04-06 14:00:00,2026,4,6,14,Thái Nguyên,Xã Võ Nhai,21.7551719,106.07071,183,Unhealthy,3,35.9,55,0.0,10.0,214,991.0,2,147.6,163.4,645.0,6.8,332.0,27.6
2026-04-06 15:00:00,2026,4,6,15,Thái Nguyên,Xã Võ Nhai,21.7551719,106.07071,184,Unhealthy,3,35.8,55,0.0,10.7,200,990.2,2,149.5,165.8,672.0,7.9,343.0,27.6
2026-04-06 16:00:00,2026,4,6,16,Thái Nguyên,Xã Võ Nhai,21.7551719,106.07071,210,Very Unhealthy,4,35.3,57,0.0,10.8,180,989.6,2,152.7,167.2,679.0,10.2,339.0,28.1
2026-04-06 17:00:00,2026,4,6,17,Thái Nguyên,Xã Võ Nhai,21.7551719,106.07071,228,Very Unhealthy,4,33.9,68,0.0,8.1,163,989.5,2,154.6,164.8,651.0,14.3,314.0,29.4
2026-04-06 18:00:00,2026,4,6,18,Thái Nguyên,Xã Võ Nhai,21.7551719,106.07071,242,Very Unhealthy,4,31.4,79,0.0,6.8,143,989.8,2,160.7,170.0,604.0,19.7,274.0,31.2
2026-04-06 19:00:00,2026,4,6,19,Thái Nguyên,Xã Võ Nhai,21.7551719,106.07071,249,Very Unhealthy,4,30.1,82,0.0,7.3,128,990.2,13,161.1,171.4,563.0,25.1,227.0,36.9
2026-04-06 20:00:00,2026,4,6,20,Thái Nguyên,Xã Võ Nhai,21.7551719,106.07071,251,Very Unhealthy,4,29.4,83,0.0,7.7,121,991.0,5,156.0,165.3,537.0,27.6,186.0,38.0
2026-04-06 21:00:00,2026,4,6,21,Thái Nguyên,Xã Võ Nhai,21.7551719,106.07071,245,Very Unhealthy,4,28.9,88,0.0,9.4,126,992.1,27,143.4,152.7,517.0,31.1,129.0,39.4
2026-04-06 22:00:00,2026,4,6,22,Thái Nguyên,Xã Võ Nhai,21.7551719,106.07071,233,Very Unhealthy,4,28.0,90,0.0,8.3,123,992.3,11,132.2,141.1,502.0,34.6,82.0,39.6
2026-04-06 23:00:00,2026,4,6,23,Thái Nguyên,Xã Võ Nhai,21.7551719,106.07071,217,Very Unhealthy,4,27.1,89,0.0,7.6,117,992.3,2,123.4,132.2,494.0,38.0,57.0,37.7
2026-04-07 00:00:00,2026,4,7,0,Thái Nguyên,Xã Võ Nhai,21.7551719,106.07071,194,Unhealthy,3,26.4,86,0.0,6.2,102,992.1,2,118.0,127.6,492.0,41.2,42.0,34.6
2026-04-07 01:00:00,2026,4,7,1,Thái Nguyên,Xã Võ Nhai,21.7551719,106.07071,190,Unhealthy,3,26.3,88,0.0,6.2,97,991.7,1,115.7,125.7,490.0,43.2,32.0,31.6
2026-04-07 02:00:00,2026,4,7,2,Thái Nguyên,Xã Võ Nhai,21.7551719,106.07071,190,Unhealthy,3,25.9,86,0.0,6.1,93,991.2,0,114.1,124.3,483.0,43.3,27.0,28.9
2026-04-07 03:00:00,2026,4,7,3,Thái Nguyên,Xã Võ Nhai,21.7551719,106.07071,191,Unhealthy,3,25.6,84,0.0,5.6,86,991.2,20,112.5,122.9,477.0,42.1,27.0,26.3
2026-04-07 04:00:00,2026,4,7,4,Thái Nguyên,Xã Võ Nhai,21.7551719,106.07071,191,Unhealthy,3,25.2,84,0.0,5.4,69,991.7,0,110.6,121.5,480.0,40.3,29.0,24.2
2026-04-07 05:00:00,2026,4,7,5,Thái Nguyên,Xã Võ Nhai,21.7551719,106.07071,192,Unhealthy,3,24.9,85,0.0,5.5,58,992.4,0,109.4,120.6,502.0,38.1,28.0,22.8
2026-04-07 06:00:00,2026,4,7,6,Thái Nguyên,Xã Võ Nhai,21.7551719,106.07071,192,Unhealthy,3,24.5,87,0.0,5.9,45,993.1,2,109.2,120.6,534.0,35.4,29.0,21.9
2026-04-07 07:00:00,2026,4,7,7,Thái Nguyên,Xã Võ Nhai,21.7551719,106.07071,192,Unhealthy,3,25.9,85,0.0,7.3,40,994.3,2,128.1,141.1,554.0,34.0,43.0,22.4
2026-04-07 08:00:00,2026,4,7,8,Thái Nguyên,Xã Võ Nhai,21.7551719,106.07071,191,Unhealthy,3,28.8,75,0.0,5.3,62,995.0,2,122.5,133.2,551.0,30.4,76.0,24.6
2026-04-07 09:00:00,2026,4,7,9,Thái Nguyên,Xã Võ Nhai,21.7551719,106.07071,191,Unhealthy,3,30.9,65,0.0,5.3,102,995.3,0,121.5,135.0,537.0,25.4,124.0,27.5
2026-04-07 10:00:00,2026,4,7,10,Thái Nguyên,Xã Võ Nhai,21.7551719,106.07071,191,Unhealthy,3,32.6,62,0.0,4.8,127,995.5,0,124.3,140.2,523.0,20.4,173.0,29.3
2026-04-07 11:00:00,2026,4,7,11,Thái Nguyên,Xã Võ Nhai,21.7551719,106.07071,191,Unhealthy,3,34.2,56,0.0,5.3,156,995.0,0,129.5,146.7,511.0,15.5,226.0,28.9
2026-04-07 12:00:00,2026,4,7,12,Thái Nguyên,Xã Võ Nhai,21.7551719,106.07071,190,Unhealthy,3,35.2,52,0.0,7.0,168,994.4,0,134.6,153.2,498.0,10.8,282.0,27.5
2026-04-07 13:00:00,2026,4,7,13,Thái Nguyên,Xã Võ Nhai,21.7551719,106.07071,190,Unhealthy,3,35.9,50,0.0,7.3,173,993.3,9,135.0,154.1,493.0,7.8,320.0,26.2
2026-04-07 14:00:00,2026,4,7,14,Thái Nguyên,Xã Võ Nhai,21.7551719,106.07071,190,Unhealthy,3,36.0,50,0.0,7.1,189,992.4,14,133.6,152.3,496.0,7.3,333.0,25.4
2026-04-07 15:00:00,2026,4,7,15,Thái Nguyên,Xã Võ Nhai,21.7551719,106.07071,190,Unhealthy,3,35.8,50,0.0,8.1,167,991.8,7,131.8,149.9,506.0,8.6,328.0,24.8
2026-04-07 16:00:00,2026,4,7,16,Thái Nguyên,Xã Võ Nhai,21.7551719,106.07071,214,Very Unhealthy,4,35.2,54,0.0,7.8,151,991.5,20,134.6,150.4,526.0,11.0,314.0,25.0
2026-04-07 17:00:00,2026,4,7,17,Thái Nguyên,Xã Võ Nhai,21.7551719,106.07071,230,Very Unhealthy,4,33.6,64,0.0,6.4,144,991.6,71,139.2,152.7,572.0,15.1,289.0,26.3
2026-04-07 18:00:00,2026,4,7,18,Thái Nguyên,Xã Võ Nhai,21.7551719,106.07071,242,Very Unhealthy,4,31.3,72,0.0,6.9,141,992.0,34,142.5,155.1,629.0,20.3,255.0,28.4
2026-04-07 19:00:00,2026,4,7,19,Thái Nguyên,Xã Võ Nhai,21.7551719,106.07071,247,Very Unhealthy,4,30.8,74,0.0,5.8,158,992.4,18,137.8,149.0,655.0,24.3,220.0,28.8
2026-04-07 20:00:00,2026,4,7,20,Thái Nguyên,Xã Võ Nhai,21.7551719,106.07071,247,Very Unhealthy,4,30.4,76,0.0,12.0,171,993.0,16,136.0,144.4,627.0,23.4,200.0,30.6
2026-04-07 21:00:00,2026,4,7,21,Thái Nguyên,Xã Võ Nhai,21.7551719,106.07071,241,Very Unhealthy,4,29.4,78,0.0,8.5,152,993.8,8,128.5,134.1,568.0,22.1,173.0,32.9
2026-04-07 22:00:00,2026,4,7,22,Thái Nguyên,Xã Võ Nhai,21.7551719,106.07071,231,Very Unhealthy,4,28.5,87,0.0,9.0,134,994.3,10,117.1,121.1,511.0,21.5,147.0,33.6
2026-04-07 23:00:00,2026,4,7,23,Thái Nguyên,Xã Võ Nhai,21.7551719,106.07071,219,Very Unhealthy,4,27.6,87,0.0,6.4,133,994.4,1,104.1,106.9,463.0,22.1,126.0,31.5
2026-04-08 00:00:00,2026,4,8,0,Thái Nguyên,Xã Võ Nhai,21.7551719,106.07071,205,Very Unhealthy,4,27.0,87,0.0,5.9,128,994.5,5,92.4,94.8,418.0,23.2,106.0,27.8
2026-04-08 01:00:00,2026,4,8,1,Thái Nguyên,Xã Võ Nhai,21.7551719,106.07071,186,Unhealthy,3,27.0,88,0.0,5.9,113,993.5,6,84.3,86.4,383.0,24.3,90.0,24.4
2026-04-08 02:00:00,2026,4,8,2,Thái Nguyên,Xã Võ Nhai,21.7551719,106.07071,185,Unhealthy,3,27.3,81,0.0,7.5,123,993.3,9,78.9,81.3,363.0,25.1,78.0,21.7
2026-04-08 03:00:00,2026,4,8,3,Thái Nguyên,Xã Võ Nhai,21.7551719,106.07071,184,Unhealthy,3,26.8,81,0.0,6.1,113,993.2,2,76.6,79.4,355.0,25.8,69.0,19.4
2026-04-08 04:00:00,2026,4,8,4,Thái Nguyên,Xã Võ Nhai,21.7551719,106.07071,184,Unhealthy,3,26.1,82,0.0,7.2,118,993.6,13,76.4,79.9,356.0,26.2,63.0,17.7
2026-04-08 05:00:00,2026,4,8,5,Thái Nguyên,Xã Võ Nhai,21.7551719,106.07071,183,Unhealthy,3,26.2,81,0.0,5.7,114,994.1,16,78.0,81.7,373.0,26.5,55.0,17.0
2026-04-08 06:00:00,2026,4,8,6,Thái Nguyên,Xã Võ Nhai,21.7551719,106.07071,182,Unhealthy,3,26.0,82,0.0,5.7,127,994.8,11,77.5,82.0,400.0,26.6,50.0,17.0
2026-04-08 07:00:00,2026,4,8,7,Thái Nguyên,Xã Võ Nhai,21.7551719,106.07071,181,Unhealthy,3,26.7,82,0.0,7.6,118,995.9,4,61.7,65.2,419.0,24.1,59.0,15.6
2026-04-08 08:00:00,2026,4,8,8,Thái Nguyên,Xã Võ Nhai,21.7551719,106.07071,180,Unhealthy,3,28.2,76,0.0,9.7,133,996.8,1,57.5,61.2,417.0,21.4,83.0,16.8
2026-04-08 09:00:00,2026,4,8,9,Thái Nguyên,Xã Võ Nhai,21.7551719,106.07071,179,Unhealthy,3,29.5,73,0.0,10.9,149,997.3,0,55.2,59.3,406.0,17.5,118.0,18.5
2026-04-08 10:00:00,2026,4,8,10,Thái Nguyên,Xã Võ Nhai,21.7551719,106.07071,177,Unhealthy,3,31.1,69,0.0,11.0,159,997.3,0,56.3,60.3,404.0,14.0,156.0,20.0
2026-04-08 11:00:00,2026,4,8,11,Thái Nguyên,Xã Võ Nhai,21.7551719,106.07071,176,Unhealthy,3,32.8,63,0.0,12.0,164,996.7,2,61.7,65.9,419.0,11.0,202.0,20.8
2026-04-08 12:00:00,2026,4,8,12,Thái Nguyên,Xã Võ Nhai,21.7551719,106.07071,174,Unhealthy,3,33.7,60,0.0,13.5,161,995.5,0,70.1,75.2,442.0,8.3,251.0,21.4
2026-04-08 13:00:00,2026,4,8,13,Thái Nguyên,Xã Võ Nhai,21.7551719,106.07071,173,Unhealthy,3,34.0,59,0.0,14.4,170,994.6,1,77.5,83.1,462.0,6.7,286.0,22.0
2026-04-08 14:00:00,2026,4,8,14,Thái Nguyên,Xã Võ Nhai,21.7551719,106.07071,171,Unhealthy,3,34.3,57,0.0,14.6,180,993.6,29,80.6,86.1,476.0,6.5,300.0,22.7
2026-04-08 15:00:00,2026,4,8,15,Thái Nguyên,Xã Võ Nhai,21.7551719,106.07071,170,Unhealthy,3,34.0,61,0.0,14.4,177,992.9,13,80.6,85.4,487.0,7.5,298.0,23.5
2026-04-08 16:00:00,2026,4,8,16,Thái Nguyên,Xã Võ Nhai,21.7551719,106.07071,203,Very Unhealthy,4,33.2,66,0.0,13.8,163,992.4,10,75.9,78.9,489.0,9.5,283.0,23.9
2026-04-08 17:00:00,2026,4,8,17,Thái Nguyên,Xã Võ Nhai,21.7551719,106.07071,217,Very Unhealthy,4,32.2,71,0.0,12.2,152,992.3,2,66.8,68.2,482.0,13.1,247.0,24.0
2026-04-08 18:00:00,2026,4,8,18,Thái Nguyên,Xã Võ Nhai,21.7551719,106.07071,225,Very Unhealthy,4,30.2,75,0.0,13.0,143,992.8,1,58.3,59.4,466.0,17.8,196.0,23.7
2026-04-08 19:00:00,2026,4,8,19,Thái Nguyên,Xã Võ Nhai,21.7551719,106.07071,228,Very Unhealthy,4,29.2,81,0.0,11.0,146,993.4,0,69.8,71.7,442.0,21.6,172.0,24.9
2026-04-08 20:00:00,2026,4,8,20,Thái Nguyên,Xã Võ Nhai,21.7551719,106.07071,226,Very Unhealthy,4,28.3,79,0.0,8.1,133,994.1,6,54.1,55.6,402.0,21.9,149.0,22.8
2026-04-08 21:00:00,2026,4,8,21,Thái Nguyên,Xã Võ Nhai,21.7551719,106.07071,219,Very Unhealthy,4,27.3,80,0.0,7.5,143,995.1,5,43.3,44.9,352.0,22.2,117.0,19.7
2026-04-08 22:00:00,2026,4,8,22,Thái Nguyên,Xã Võ Nhai,21.7551719,106.07071,208,Very Unhealthy,4,26.8,80,0.0,9.3,140,995.6,23,38.2,40.0,313.0,22.2,94.0,17.1
2026-04-08 23:00:00,2026,4,8,23,Thái Nguyên,Xã Võ Nhai,21.7551719,106.07071,186,Unhealthy,3,26.4,83,0.0,9.5,136,995.6,7,35.9,38.1,295.0,21.4,88.0,15.2
2026-04-09 00:00:00,2026,4,9,0,Thái Nguyên,Xã Võ Nhai,21.7551719,106.07071,156,Unhealthy,3,26.0,85,0.0,10.9,129,995.3,3,34.6,37.0,287.0,20.3,90.0,13.7
2026-04-09 01:00:00,2026,4,9,1,Thái Nguyên,Xã Võ Nhai,21.7551719,106.07071,155,Unhealthy,3,26.3,86,0.0,12.9,131,994.6,35,34.8,37.3,280.0,19.4,91.0,12.6
2026-04-09 02:00:00,2026,4,9,2,Thái Nguyên,Xã Võ Nhai,21.7551719,106.07071,154,Unhealthy,3,26.2,87,0.0,12.8,138,994.7,8,35.6,38.3,268.0,19.2,89.0,12.0
2026-04-09 03:00:00,2026,4,9,3,Thái Nguyên,Xã Võ Nhai,21.7551719,106.07071,153,Unhealthy,3,25.6,90,0.0,12.3,140,994.5,5,35.5,38.1,256.0,19.2,86.0,11.8
2026-04-09 04:00:00,2026,4,9,4,Thái Nguyên,Xã Võ Nhai,21.7551719,106.07071,152,Unhealthy,3,25.0,94,0.0,7.5,134,994.9,21,34.2,37.0,253.0,19.3,82.0,11.8
2026-04-09 05:00:00,2026,4,9,5,Thái Nguyên,Xã Võ Nhai,21.7551719,106.07071,151,Unhealthy,3,24.7,95,0.0,6.2,120,995.6,17,32.5,35.4,264.0,19.6,75.0,11.7
2026-04-09 06:00:00,2026,4,9,6,Thái Nguyên,Xã Võ Nhai,21.7551719,106.07071,150,Unhealthy for Sensitive Groups,2,24.6,96,0.0,7.9,125,996.0,22,31.2,34.1,284.0,19.8,67.0,11.7
2026-04-09 07:00:00,2026,4,9,7,Thái Nguyên,Xã Võ Nhai,21.7551719,106.07071,145,Unhealthy for Sensitive Groups,2,25.9,90,0.0,4.6,69,997.0,24,49.5,54.5,302.0,24.0,59.0,14.4
2026-04-09 08:00:00,2026,4,9,8,Thái Nguyên,Xã Võ Nhai,21.7551719,106.07071,144,Unhealthy for Sensitive Groups,2,27.8,83,0.0,9.5,158,997.7,83,38.8,43.9,312.0,21.1,73.0,15.1
2026-04-09 09:00:00,2026,4,9,9,Thái Nguyên,Xã Võ Nhai,21.7551719,106.07071,142,Unhealthy for Sensitive Groups,2,29.1,78,0.1,10.8,175,997.9,99,39.1,44.5,321.0,17.0,94.0,16.1
2026-04-09 10:00:00,2026,4,9,10,Thái Nguyên,Xã Võ Nhai,21.7551719,106.07071,140,Unhealthy for Sensitive Groups,2,30.1,73,0.0,11.3,181,997.7,100,41.3,45.3,332.0,13.2,121.0,17.1
2026-04-09 11:00:00,2026,4,9,11,Thái Nguyên,Xã Võ Nhai,21.7551719,106.07071,138,Unhealthy for Sensitive Groups,2,31.3,69,0.0,10.6,180,997.0,7,46.3,49.5,348.0,10.0,159.0,17.9
2026-04-09 12:00:00,2026,4,9,12,Thái Nguyên,Xã Võ Nhai,21.7551719,106.07071,137,Unhealthy for Sensitive Groups,2,32.6,65,0.0,10.5,176,996.1,2,54.2,57.7,367.0,7.2,202.0,18.7
2026-04-09 13:00:00,2026,4,9,13,Thái Nguyên,Xã Võ Nhai,21.7551719,106.07071,135,Unhealthy for Sensitive Groups,2,33.1,61,0.0,10.3,183,995.2,20,61.5,65.0,388.0,5.6,237.0,19.7
2026-04-09 14:00:00,2026,4,9,14,Thái Nguyên,Xã Võ Nhai,21.7551719,106.07071,133,Unhealthy for Sensitive Groups,2,33.5,60,0.0,11.0,195,994.1,27,67.3,70.8,417.0,5.4,260.0,20.9
2026-04-09 15:00:00,2026,4,9,15,Thái Nguyên,Xã Võ Nhai,21.7551719,106.07071,132,Unhealthy for Sensitive Groups,2,33.0,62,0.0,11.8,200,993.5,17,71.5,75.0,447.0,6.4,274.0,22.3
2026-04-09 16:00:00,2026,4,9,16,Thái Nguyên,Xã Võ Nhai,21.7551719,106.07071,164,Unhealthy,3,32.6,65,0.0,10.5,185,992.8,22,75.2,78.2,460.0,8.5,274.0,23.7
2026-04-09 17:00:00,2026,4,9,17,Thái Nguyên,Xã Võ Nhai,21.7551719,106.07071,196,Unhealthy,3,32.0,69,0.0,9.7,169,992.5,8,76.8,78.9,440.0,12.2,255.0,25.4
2026-04-09 18:00:00,2026,4,9,18,Thái Nguyên,Xã Võ Nhai,21.7551719,106.07071,209,Very Unhealthy,4,30.3,77,0.0,11.6,159,992.7,3,74.3,75.9,401.0,17.0,223.0,27.1
2026-04-09 19:00:00,2026,4,9,19,Thái Nguyên,Xã Võ Nhai,21.7551719,106.07071,216,Very Unhealthy,4,29.5,89,0.0,11.8,163,993.4,16,92.0,95.2,370.0,23.3,173.0,23.6
2026-04-09 20:00:00,2026,4,9,20,Thái Nguyên,Xã Võ Nhai,21.7551719,106.07071,217,Very Unhealthy,4,28.2,94,0.0,8.0,132,994.1,2,79.4,81.5,358.0,24.7,148.0,23.4
2026-04-09 21:00:00,2026,4,9,21,Thái Nguyên,Xã Võ Nhai,21.7551719,106.07071,213,Very Unhealthy,4,27.2,94,0.0,8.7,146,995.2,1,68.9,70.8,354.0,26.5,113.0,22.9
2026-04-09 22:00:00,2026,4,9,22,Thái Nguyên,Xã Võ Nhai,21.7551719,106.07071,205,Very Unhealthy,4,26.6,90,0.0,8.8,134,995.7,2,63.8,65.7,346.0,27.7,86.0,21.9
2026-04-09 23:00:00,2026,4,9,23,Thái Nguyên,Xã Võ Nhai,21.7551719,106.07071,184,Unhealthy,3,25.8,90,0.0,8.0,140,995.7,2,57.5,59.8,327.0,27.6,74.0,19.7
2026-04-10 00:00:00,2026,4,10,0,Thái Nguyên,Xã Võ Nhai,21.7551719,106.07071,152,Unhealthy,3,25.3,90,0.0,8.8,136,995.3,0,47.6,51.7,305.0,26.9,70.0,17.0
2026-04-10 01:00:00,2026,4,10,1,Thái Nguyên,Xã Võ Nhai,21.7551719,106.07071,148,Unhealthy for Sensitive Groups,2,25.6,91,0.0,5.5,126,994.6,7,44.4,48.0,288.0,26.3,67.0,14.8
2026-04-10 02:00:00,2026,4,10,2,Thái Nguyên,Xã Võ Nhai,21.7551719,106.07071,149,Unhealthy for Sensitive Groups,2,25.3,93,0.0,7.4,129,994.1,0,44.5,48.4,278.0,26.1,64.0,13.7
2026-04-10 03:00:00,2026,4,10,3,Thái Nguyên,Xã Võ Nhai,21.7551719,106.07071,150,Unhealthy for Sensitive Groups,2,24.9,95,0.0,7.1,131,993.8,1,47.4,51.9,273.0,26.0,62.0,13.2
2026-04-10 04:00:00,2026,4,10,4,Thái Nguyên,Xã Võ Nhai,21.7551719,106.07071,150,Unhealthy for Sensitive Groups,2,24.6,95,0.0,6.8,127,993.9,0,51.5,56.5,281.0,25.9,61.0,13.1
2026-04-10 05:00:00,2026,4,10,5,Thái Nguyên,Xã Võ Nhai,21.7551719,106.07071,151,Unhealthy,3,24.3,96,0.0,5.5,126,994.4,0,54.7,60.3,310.0,25.8,56.0,13.3
2026-04-10 06:00:00,2026,4,10,6,Thái Nguyên,Xã Võ Nhai,21.7551719,106.07071,151,Unhealthy,3,24.2,96,0.0,5.4,120,995.3,0,58.6,64.5,350.0,25.7,52.0,13.9
2026-04-10 07:00:00,2026,4,10,7,Thái Nguyên,Xã Võ Nhai,21.7551719,106.07071,152,Unhealthy,3,25.3,96,0.0,6.4,115,995.6,0,67.5,73.8,383.0,25.3,58.0,16.1
2026-04-10 08:00:00,2026,4,10,8,Thái Nguyên,Xã Võ Nhai,21.7551719,106.07071,152,Unhealthy,3,26.8,90,0.0,6.6,135,996.3,5,61.5,68.2,398.0,23.3,82.0,19.7
2026-04-10 09:00:00,2026,4,10,9,Thái Nguyên,Xã Võ Nhai,21.7551719,106.07071,153,Unhealthy,3,28.7,83,0.0,6.2,168,996.8,0,65.0,69.8,406.0,20.4,116.0,24.5
2026-04-10 10:00:00,2026,4,10,10,Thái Nguyên,Xã Võ Nhai,21.7551719,106.07071,153,Unhealthy,3,30.8,75,0.0,7.9,177,996.8,1,72.6,76.1,411.0,17.2,152.0,27.2
2026-04-10 11:00:00,2026,4,10,11,Thái Nguyên,Xã Võ Nhai,21.7551719,106.07071,154,Unhealthy,3,32.5,67,0.0,9.0,175,996.1,2,75.0,78.5,415.0,13.1,191.0,25.8
2026-04-10 12:00:00,2026,4,10,12,Thái Nguyên,Xã Võ Nhai,21.7551719,106.07071,154,Unhealthy,3,34.1,60,0.0,10.1,176,995.0,2,80.8,84.8,416.0,8.7,232.0,22.4
2026-04-10 13:00:00,2026,4,10,13,Thái Nguyên,Xã Võ Nhai,21.7551719,106.07071,155,Unhealthy,3,34.7,56,0.0,10.0,187,994.0,6,79.4,83.4,421.0,5.8,262.0,19.9
2026-04-10 14:00:00,2026,4,10,14,Thái Nguyên,Xã Võ Nhai,21.7551719,106.07071,155,Unhealthy,3,35.0,51,0.0,12.0,206,992.8,7,74.3,78.0,434.0,5.4,274.0,19.4
2026-04-10 15:00:00,2026,4,10,15,Thái Nguyên,Xã Võ Nhai,21.7551719,106.07071,156,Unhealthy,3,34.7,53,0.0,11.0,205,992.0,8,74.0,77.3,451.0,6.7,276.0,19.9
2026-04-10 16:00:00,2026,4,10,16,Thái Nguyên,Xã Võ Nhai,21.7551719,106.07071,190,Unhealthy,3,34.1,58,0.0,11.0,184,991.3,1,80.6,83.4,456.0,8.7,272.0,21.2
2026-04-10 17:00:00,2026,4,10,17,Thái Nguyên,Xã Võ Nhai,21.7551719,106.07071,209,Very Unhealthy,4,32.8,67,0.0,8.8,152,990.8,3,91.5,93.6,443.0,11.8,267.0,24.1
2026-04-10 18:00:00,2026,4,10,18,Thái Nguyên,Xã Võ Nhai,21.7551719,106.07071,219,Very Unhealthy,4,30.7,76,0.0,12.1,148,991.4,2,93.6,95.0,419.0,15.8,256.0,27.8
2026-04-10 19:00:00,2026,4,10,19,Thái Nguyên,Xã Võ Nhai,21.7551719,106.07071,226,Very Unhealthy,4,29.5,83,0.0,6.9,137,992.6,2,114.6,120.1,394.0,29.2,157.0,21.0
2026-04-10 20:00:00,2026,4,10,20,Thái Nguyên,Xã Võ Nhai,21.7551719,106.07071,223,Very Unhealthy,4,28.7,87,0.0,6.1,118,993.0,2,107.8,110.6,370.0,26.2,154.0,22.3
2026-04-10 21:00:00,2026,4,10,21,Thái Nguyên,Xã Võ Nhai,21.7551719,106.07071,218,Very Unhealthy,4,27.8,87,0.0,6.8,112,993.5,0,99.9,102.0,345.0,22.2,149.0,24.0
2026-04-10 22:00:00,2026,4,10,22,Thái Nguyên,Xã Võ Nhai,21.7551719,106.07071,211,Very Unhealthy,4,27.1,81,0.0,7.6,102,993.8,0,92.2,94.1,328.0,19.7,141.0,24.6
2026-04-10 23:00:00,2026,4,10,23,Thái Nguyên,Xã Võ Nhai,21.7551719,106.07071,202,Very Unhealthy,4,26.7,75,0.0,9.5,112,993.6,1,85.9,87.8,324.0,20.2,129.0,23.2
2026-04-11 00:00:00,2026,4,11,0,Thái Nguyên,Xã Võ Nhai,21.7551719,106.07071,181,Unhealthy,3,26.2,76,0.0,6.4,112,993.5,0,82.7,84.8,329.0,22.2,114.0,20.8
2026-04-11 01:00:00,2026,4,11,1,Thái Nguyên,Xã Võ Nhai,21.7551719,106.07071,160,Unhealthy,3,26.7,78,0.0,2.3,58,993.5,0,85.4,88.0,334.0,24.3,100.0,18.8
2026-04-11 02:00:00,2026,4,11,2,Thái Nguyên,Xã Võ Nhai,21.7551719,106.07071,161,Unhealthy,3,26.1,81,0.0,5.1,108,992.7,9,89.6,92.9,336.0,26.1,89.0,17.8
2026-04-11 03:00:00,2026,4,11,3,Thái Nguyên,Xã Võ Nhai,21.7551719,106.07071,162,Unhealthy,3,25.4,86,0.0,4.3,90,992.3,13,90.3,95.2,339.0,27.9,80.0,17.3
2026-04-11 04:00:00,2026,4,11,4,Thái Nguyên,Xã Võ Nhai,21.7551719,106.07071,163,Unhealthy,3,24.9,89,0.0,4.5,83,992.7,7,88.0,94.5,350.0,29.1,72.0,16.9
2026-04-11 05:00:00,2026,4,11,5,Thái Nguyên,Xã Võ Nhai,21.7551719,106.07071,164,Unhealthy,3,24.5,92,0.0,4.1,90,993.2,9,85.2,92.9,376.0,29.7,62.0,16.2
2026-04-11 06:00:00,2026,4,11,6,Thái Nguyên,Xã Võ Nhai,21.7551719,106.07071,165,Unhealthy,3,24.4,93,0.0,4.1,90,993.8,4,85.4,92.9,411.0,29.7,53.0,15.6
2026-04-11 07:00:00,2026,4,11,7,Thái Nguyên,Xã Võ Nhai,21.7551719,106.07071,165,Unhealthy,3,26.2,86,0.0,5.4,96,994.1,16,90.8,95.5,443.0,27.4,58.0,17.2
2026-04-11 08:00:00,2026,4,11,8,Thái Nguyên,Xã Võ Nhai,21.7551719,106.07071,166,Unhealthy,3,28.4,79,0.0,7.6,149,995.0,18,63.6,69.2,474.0,23.9,89.0,20.5
2026-04-11 09:00:00,2026,4,11,9,Thái Nguyên,Xã Võ Nhai,21.7551719,106.07071,166,Unhealthy,3,29.8,74,0.0,5.8,175,995.4,13,61.7,65.7,502.0,19.0,133.0,25.0
2026-04-11 10:00:00,2026,4,11,10,Thái Nguyên,Xã Võ Nhai,21.7551719,106.07071,166,Unhealthy,3,31.5,68,0.0,5.4,176,995.1,5,68.5,70.8,515.0,14.6,178.0,28.2
2026-04-11 11:00:00,2026,4,11,11,Thái Nguyên,Xã Võ Nhai,21.7551719,106.07071,166,Unhealthy,3,32.9,64,0.0,7.9,181,994.3,8,72.6,75.2,497.0,11.4,225.0,29.0
2026-04-11 12:00:00,2026,4,11,12,Thái Nguyên,Xã Võ Nhai,21.7551719,106.07071,165,Unhealthy,3,34.4,54,0.0,10.2,193,993.1,13,80.1,82.9,464.0,8.7,271.0,28.6
2026-04-11 13:00:00,2026,4,11,13,Thái Nguyên,Xã Võ Nhai,21.7551719,106.07071,165,Unhealthy,3,34.9,46,0.0,12.5,223,991.6,17,83.6,87.3,450.0,7.0,299.0,27.3
2026-04-11 14:00:00,2026,4,11,14,Thái Nguyên,Xã Võ Nhai,21.7551719,106.07071,166,Unhealthy,3,34.6,50,0.0,12.9,213,990.5,19,72.6,78.5,477.0,5.7,297.0,24.6
2026-04-11 15:00:00,2026,4,11,15,Thái Nguyên,Xã Võ Nhai,21.7551719,106.07071,185,Unhealthy,3,35.5,41,0.0,12.8,209,989.5,6,69.6,76.4,523.0,5.2,276.0,21.1
2026-04-11 16:00:00,2026,4,11,16,Thái Nguyên,Xã Võ Nhai,21.7551719,106.07071,208,Very Unhealthy,4,34.7,46,0.0,11.3,189,988.9,20,70.3,77.1,554.0,7.7,251.0,19.2
2026-04-11 17:00:00,2026,4,11,17,Thái Nguyên,Xã Võ Nhai,21.7551719,106.07071,219,Very Unhealthy,4,33.0,59,0.0,8.7,150,988.7,2,76.8,84.1,557.0,16.0,225.0,20.5
2026-04-11 18:00:00,2026,4,11,18,Thái Nguyên,Xã Võ Nhai,21.7551719,106.07071,225,Very Unhealthy,4,30.9,67,0.0,11.1,136,989.1,2,94.1,101.0,546.0,27.1,195.0,23.4
2026-04-11 19:00:00,2026,4,11,19,Thái Nguyên,Xã Võ Nhai,21.7551719,106.07071,226,Very Unhealthy,4,30.3,73,0.0,9.3,130,989.8,38,133.6,146.2,522.0,34.3,138.0,21.5
2026-04-11 20:00:00,2026,4,11,20,Thái Nguyên,Xã Võ Nhai,21.7551719,106.07071,221,Very Unhealthy,4,30.2,76,0.0,1.6,63,991.0,5,136.4,147.6,479.0,30.7,138.0,23.0
2026-04-11 21:00:00,2026,4,11,21,Thái Nguyên,Xã Võ Nhai,21.7551719,106.07071,212,Very Unhealthy,4,28.0,84,0.0,5.6,63,992.0,1,132.2,140.2,424.0,25.8,136.0,25.1
2026-04-11 22:00:00,2026,4,11,22,Thái Nguyên,Xã Võ Nhai,21.7551719,106.07071,201,Very Unhealthy,4,27.6,83,0.0,7.5,73,992.6,1,124.8,129.5,382.0,22.6,130.0,26.0
2026-04-11 23:00:00,2026,4,11,23,Thái Nguyên,Xã Võ Nhai,21.7551719,106.07071,175,Unhealthy,3,26.5,83,0.0,4.4,63,992.8,1,117.6,120.1,363.0,22.7,115.0,24.7
2026-04-12 00:00:00,2026,4,12,0,Thái Nguyên,Xã Võ Nhai,21.7551719,106.07071,168,Unhealthy,3,26.0,81,0.0,6.1,66,992.4,2,113.2,114.8,357.0,24.4,94.0,22.3
2026-04-12 01:00:00,2026,4,12,1,Thái Nguyên,Xã Võ Nhai,21.7551719,106.07071,169,Unhealthy,3,25.9,80,0.0,8.0,84,991.4,20,110.1,111.8,355.0,26.2,77.0,20.2
2026-04-12 02:00:00,2026,4,12,2,Thái Nguyên,Xã Võ Nhai,21.7551719,106.07071,169,Unhealthy,3,25.7,79,0.0,8.1,108,990.9,19,107.1,108.7,353.0,27.8,65.0,18.7
2026-04-12 03:00:00,2026,4,12,3,Thái Nguyên,Xã Võ Nhai,21.7551719,106.07071,170,Unhealthy,3,24.9,83,0.0,8.1,355,991.6,38,105.0,107.3,356.0,29.5,56.0,17.5
2026-04-12 04:00:00,2026,4,12,4,Thái Nguyên,Xã Võ Nhai,21.7551719,106.07071,170,Unhealthy,3,24.9,82,0.0,5.5,79,991.5,17,104.3,107.8,368.0,30.2,50.0,16.7
2026-04-12 05:00:00,2026,4,12,5,Thái Nguyên,Xã Võ Nhai,21.7551719,106.07071,170,Unhealthy,3,24.2,86,0.0,5.5,23,992.2,5,101.5,106.2,396.0,29.7,43.0,16.1
2026-04-12 06:00:00,2026,4,12,6,Thái Nguyên,Xã Võ Nhai,21.7551719,106.07071,171,Unhealthy,3,23.9,88,0.0,6.1,60,992.6,0,96.9,102.2,433.0,28.4,39.0,15.8
2026-04-12 07:00:00,2026,4,12,7,Thái Nguyên,Xã Võ Nhai,21.7551719,106.07071,171,Unhealthy,3,25.3,87,0.0,8.4,59,993.0,2,106.4,111.5,467.0,28.1,48.0,16.9
2026-04-12 08:00:00,2026,4,12,8,Thái Nguyên,Xã Võ Nhai,21.7551719,106.07071,171,Unhealthy,3,28.7,77,0.0,5.7,81,993.3,5,98.0,102.9,501.0,25.2,89.0,20.2
2026-04-12 09:00:00,2026,4,12,9,Thái Nguyên,Xã Võ Nhai,21.7551719,106.07071,172,Unhealthy,3,30.3,68,0.0,8.4,155,994.2,1,96.6,101.5,532.0,21.1,148.0,24.8
2026-04-12 10:00:00,2026,4,12,10,Thái Nguyên,Xã Võ Nhai,21.7551719,106.07071,173,Unhealthy,3,31.8,62,0.0,8.8,154,994.2,0,98.5,102.2,540.0,17.1,204.0,27.9
2026-04-12 11:00:00,2026,4,12,11,Thái Nguyên,Xã Võ Nhai,21.7551719,106.07071,173,Unhealthy,3,33.3,55,0.0,9.5,169,993.6,0,104.3,108.3,509.0,13.1,259.0,28.7
2026-04-12 12:00:00,2026,4,12,12,Thái Nguyên,Xã Võ Nhai,21.7551719,106.07071,174,Unhealthy,3,34.8,53,0.0,10.5,192,992.8,20,111.8,117.3,455.0,9.2,310.0,28.0
2026-04-12 13:00:00,2026,4,12,13,Thái Nguyên,Xã Võ Nhai,21.7551719,106.07071,175,Unhealthy,3,35.3,45,0.0,11.4,211,991.5,9,107.6,117.6,400.0,6.5,332.0,25.9
2026-04-12 14:00:00,2026,4,12,14,Thái Nguyên,Xã Võ Nhai,21.7551719,106.07071,175,Unhealthy,3,35.3,44,0.0,13.8,229,990.7,16,78.5,92.4,333.0,4.5,304.0,21.1
2026-04-12 15:00:00,2026,4,12,15,Thái Nguyên,Xã Võ Nhai,21.7551719,106.07071,203,Very Unhealthy,4,35.9,37,0.0,10.7,210,990.1,2,59.8,73.6,266.0,3.7,246.0,14.9
2026-04-12 16:00:00,2026,4,12,16,Thái Nguyên,Xã Võ Nhai,21.7551719,106.07071,216,Very Unhealthy,4,35.3,38,0.0,11.4,221,989.6,0,51.5,63.8,255.0,6.5,196.0,11.4
2026-04-12 17:00:00,2026,4,12,17,Thái Nguyên,Xã Võ Nhai,21.7551719,106.07071,224,Very Unhealthy,4,33.0,50,0.0,6.5,193,989.6,0,51.8,64.7,363.0,16.5,167.0,13.1
2026-04-12 18:00:00,2026,4,12,18,Thái Nguyên,Xã Võ Nhai,21.7551719,106.07071,225,Very Unhealthy,4,30.0,67,0.0,8.6,147,990.2,0,67.5,80.8,528.0,30.0,146.0,17.5
2026-04-12 19:00:00,2026,4,12,19,Thái Nguyên,Xã Võ Nhai,21.7551719,106.07071,221,Very Unhealthy,4,29.1,69,0.0,11.7,149,990.9,0,147.1,167.6,622.0,39.7,159.0,25.8
2026-04-12 20:00:00,2026,4,12,20,Thái Nguyên,Xã Võ Nhai,21.7551719,106.07071,214,Very Unhealthy,4,28.7,83,0.0,12.5,143,992.0,0,150.4,164.4,570.0,34.1,157.0,26.9
2026-04-12 21:00:00,2026,4,12,21,Thái Nguyên,Xã Võ Nhai,21.7551719,106.07071,204,Very Unhealthy,4,27.8,85,0.0,11.2,131,993.0,0,139.7,146.2,448.0,26.5,153.0,28.1
2026-04-12 22:00:00,2026,4,12,22,Thái Nguyên,Xã Võ Nhai,21.7551719,106.07071,181,Unhealthy,3,27.0,83,0.0,10.8,134,993.7,0,119.2,122.5,352.0,20.9,144.0,27.6
2026-04-12 23:00:00,2026,4,12,23,Thái Nguyên,Xã Võ Nhai,21.7551719,106.07071,174,Unhealthy,3,26.4,81,0.0,10.4,132,993.6,0,94.3,96.6,323.0,19.4,127.0,23.6
2026-04-13 00:00:00,2026,4,13,0,Thái Nguyên,Xã Võ Nhai,21.7551719,106.07071,174,Unhealthy,3,25.9,82,0.0,10.5,131,993.2,0,70.5,72.9,321.0,20.0,105.0,17.7
2026-04-13 01:00:00,2026,4,13,1,Thái Nguyên,Xã Võ Nhai,21.7551719,106.07071,173,Unhealthy,3,25.4,87,0.0,8.4,125,993.0,0,54.2,57.2,319.0,20.8,89.0,13.3
2026-04-13 02:00:00,2026,4,13,2,Thái Nguyên,Xã Võ Nhai,21.7551719,106.07071,172,Unhealthy,3,24.8,90,0.0,6.4,112,993.1,0,46.9,51.3,306.0,21.3,82.0,11.6
2026-04-13 03:00:00,2026,4,13,3,Thái Nguyên,Xã Võ Nhai,21.7551719,106.07071,170,Unhealthy,3,24.4,92,0.0,6.0,107,993.1,0,46.8,51.8,294.0,22.0,81.0,11.4
2026-04-13 04:00:00,2026,4,13,4,Thái Nguyên,Xã Võ Nhai,21.7551719,106.07071,169,Unhealthy,3,24.3,93,0.0,6.8,112,993.4,0,49.9,55.2,291.0,22.8,79.0,11.5
2026-04-13 05:00:00,2026,4,13,5,Thái Nguyên,Xã Võ Nhai,21.7551719,106.07071,168,Unhealthy,3,24.1,94,0.0,6.8,115,994.3,0,54.4,59.8,304.0,24.2,71.0,11.8
2026-04-13 06:00:00,2026,4,13,6,Thái Nguyên,Xã Võ Nhai,21.7551719,106.07071,167,Unhealthy,3,24.0,95,0.0,6.3,108,995.1,0,59.6,65.4,327.0,25.7,62.0,12.5
2026-04-13 07:00:00,2026,4,13,7,Thái Nguyên,Xã Võ Nhai,21.7551719,106.07071,166,Unhealthy,3,26.1,90,0.0,4.4,60,996.4,2,83.4,89.9,349.0,28.5,59.0,14.8
2026-04-13 08:00:00,2026,4,13,8,Thái Nguyên,Xã Võ Nhai,21.7551719,106.07071,166,Unhealthy,3,28.0,84,0.0,5.5,139,997.1,10,59.4,66.1,361.0,23.9,83.0,16.5
2026-04-13 09:00:00,2026,4,13,9,Thái Nguyên,Xã Võ Nhai,21.7551719,106.07071,165,Unhealthy,3,29.9,75,0.0,11.2,164,997.3,55,54.9,61.9,371.0,17.5,118.0,18.7
2026-04-13 10:00:00,2026,4,13,10,Thái Nguyên,Xã Võ Nhai,21.7551719,106.07071,164,Unhealthy,3,30.9,73,0.0,8.9,166,997.4,27,55.5,61.2,397.0,12.1,155.0,20.2
2026-04-13 11:00:00,2026,4,13,11,Thái Nguyên,Xã Võ Nhai,21.7551719,106.07071,163,Unhealthy,3,32.3,69,0.0,9.5,171,996.8,11,62.4,67.5,453.0,8.7,194.0,20.0
2026-04-13 12:00:00,2026,4,13,12,Thái Nguyên,Xã Võ Nhai,21.7551719,106.07071,162,Unhealthy,3,33.5,64,0.0,10.5,174,996.0,0,71.9,79.9,525.0,6.4,234.0,19.1
2026-04-13 13:00:00,2026,4,13,13,Thái Nguyên,Xã Võ Nhai,21.7551719,106.07071,161,Unhealthy,3,34.2,58,0.0,11.3,172,994.7,6,78.7,89.4,581.0,5.1,264.0,18.3
2026-04-13 14:00:00,2026,4,13,14,Thái Nguyên,Xã Võ Nhai,21.7551719,106.07071,160,Unhealthy,3,34.1,57,0.0,12.3,172,993.8,9,82.4,94.5,619.0,4.9,282.0,17.9
2026-04-13 15:00:00,2026,4,13,15,Thái Nguyên,Xã Võ Nhai,21.7551719,106.07071,161,Unhealthy,3,33.9,59,0.0,13.4,175,993.2,5,84.1,96.2,642.0,5.7,291.0,17.7
2026-04-13 16:00:00,2026,4,13,16,Thái Nguyên,Xã Võ Nhai,21.7551719,106.07071,196,Unhealthy,3,33.1,65,0.0,13.5,168,992.8,2,83.4,93.4,630.0,7.7,285.0,18.0
2026-04-13 17:00:00,2026,4,13,17,Thái Nguyên,Xã Võ Nhai,21.7551719,106.07071,212,Very Unhealthy,4,32.0,74,0.0,12.3,159,992.8,1,80.3,85.7,556.0,11.6,257.0,19.5
2026-04-13 18:00:00,2026,4,13,18,Thái Nguyên,Xã Võ Nhai,21.7551719,106.07071,221,Very Unhealthy,4,30.3,79,0.0,12.4,154,993.3,1,72.6,75.2,448.0,16.6,214.0,21.6
2026-04-13 19:00:00,2026,4,13,19,Thái Nguyên,Xã Võ Nhai,21.7551719,106.07071,225,Very Unhealthy,4,29.2,89,0.0,9.9,136,994.2,2,89.4,91.3,367.0,21.0,180.0,23.3
2026-04-13 20:00:00,2026,4,13,20,Thái Nguyên,Xã Võ Nhai,21.7551719,106.07071,224,Very Unhealthy,4,28.1,92,0.0,6.8,132,994.9,1,74.5,76.4,345.0,22.4,153.0,22.2
2026-04-13 21:00:00,2026,4,13,21,Thái Nguyên,Xã Võ Nhai,21.7551719,106.07071,219,Very Unhealthy,4,27.1,91,0.0,7.1,137,996.0,0,65.9,68.5,350.0,24.2,115.0,20.7
2026-04-13 22:00:00,2026,4,13,22,Thái Nguyên,Xã Võ Nhai,21.7551719,106.07071,209,Very Unhealthy,4,26.5,89,0.0,7.5,123,996.6,0,56.6,61.5,352.0,25.3,87.0,19.1
2026-04-13 23:00:00,2026,4,13,23,Thái Nguyên,Xã Võ Nhai,21.7551719,106.07071,190,Unhealthy,3,25.9,90,0.0,8.4,121,996.6,0,52.3,58.1,337.0,25.0,77.0,17.4
2026-04-14 00:00:00,2026,4,14,0,Thái Nguyên,Xã Võ Nhai,21.7551719,106.07071,156,Unhealthy,3,25.7,90,0.0,10.0,126,996.1,0,48.7,54.5,318.0,24.0,75.0,15.7
2026-04-14 01:00:00,2026,4,14,1,Thái Nguyên,Xã Võ Nhai,21.7551719,106.07071,155,Unhealthy,3,25.6,92,0.0,10.1,125,995.6,0,45.9,51.6,302.0,23.0,75.0,14.2
2026-04-14 02:00:00,2026,4,14,2,Thái Nguyên,Xã Võ Nhai,21.7551719,106.07071,155,Unhealthy,3,25.7,91,0.0,10.8,126,995.1,0,43.2,48.5,288.0,22.2,73.0,13.1
2026-04-14 03:00:00,2026,4,14,3,Thái Nguyên,Xã Võ Nhai,21.7551719,106.07071,155,Unhealthy,3,25.4,93,0.0,10.1,129,995.1,3,41.3,46.4,277.0,21.4,73.0,12.3
2026-04-14 04:00:00,2026,4,14,4,Thái Nguyên,Xã Võ Nhai,21.7551719,106.07071,155,Unhealthy,3,25.1,96,0.0,10.3,130,995.2,12,40.6,45.5,275.0,21.0,71.0,11.9
2026-04-14 05:00:00,2026,4,14,5,Thái Nguyên,Xã Võ Nhai,21.7551719,106.07071,155,Unhealthy,3,24.9,97,0.0,8.8,125,995.9,16,41.7,46.8,289.0,21.6,64.0,11.9
2026-04-14 06:00:00,2026,4,14,6,Thái Nguyên,Xã Võ Nhai,21.7551719,106.07071,154,Unhealthy,3,24.8,98,0.0,6.9,121,996.5,23,44.7,50.2,312.0,22.6,56.0,12.2
2026-04-14 07:00:00,2026,4,14,7,Thái Nguyên,Xã Võ Nhai,21.7551719,106.07071,154,Unhealthy,3,26.6,91,0.0,8.5,125,997.2,77,100.4,110.8,330.0,31.6,40.0,14.8
2026-04-14 08:00:00,2026,4,14,8,Thái Nguyên,Xã Võ Nhai,21.7551719,106.07071,154,Unhealthy,3,27.9,86,0.0,10.1,149,997.8,100,70.8,81.3,334.0,26.4,62.0,15.6
2026-04-14 09:00:00,2026,4,14,9,Thái Nguyên,Xã Võ Nhai,21.7551719,106.07071,155,Unhealthy,3,29.2,80,0.1,8.7,167,998.3,100,63.6,73.1,334.0,19.1,93.0,16.7
2026-04-14 10:00:00,2026,4,14,10,Thái Nguyên,Xã Võ Nhai,21.7551719,106.07071,155,Unhealthy,3,30.3,74,0.0,8.6,172,998.3,100,68.0,76.1,346.0,13.0,126.0,17.3
2026-04-14 11:00:00,2026,4,14,11,Thái Nguyên,Xã Võ Nhai,21.7551719,106.07071,155,Unhealthy,3,31.6,68,0.0,10.3,181,997.7,53,78.7,85.7,386.0,9.1,162.0,16.8
2026-04-14 12:00:00,2026,4,14,12,Thái Nguyên,Xã Võ Nhai,21.7551719,106.07071,155,Unhealthy,3,33.0,62,0.0,11.0,180,996.7,18,85.0,92.4,439.0,6.4,201.0,15.8
2026-04-14 13:00:00,2026,4,14,13,Thái Nguyên,Xã Võ Nhai,21.7551719,106.07071,156,Unhealthy,3,33.2,61,0.0,10.4,178,995.6,13,89.9,97.6,476.0,4.8,230.0,15.1
2026-04-14 14:00:00,2026,4,14,14,Thái Nguyên,Xã Võ Nhai,21.7551719,106.07071,156,Unhealthy,3,33.5,60,0.0,11.9,176,994.2,7,92.7,100.1,486.0,4.5,248.0,15.2
2026-04-14 15:00:00,2026,4,14,15,Thái Nguyên,Xã Võ Nhai,21.7551719,106.07071,156,Unhealthy,3,33.4,61,0.0,13.5,178,993.5,5,92.0,99.2,481.0,5.3,256.0,15.7
2026-04-14 16:00:00,2026,4,14,16,Thái Nguyên,Xã Võ Nhai,21.7551719,106.07071,157,Unhealthy,3,32.7,66,0.0,13.6,169,992.8,2,88.0,94.3,464.0,7.3,251.0,16.3
2026-04-14 17:00:00,2026,4,14,17,Thái Nguyên,Xã Võ Nhai,21.7551719,106.07071,187,Unhealthy,3,31.5,73,0.0,12.8,156,992.5,2,80.6,85.2,433.0,11.1,224.0,17.3
2026-04-14 18:00:00,2026,4,14,18,Thái Nguyên,Xã Võ Nhai,21.7551719,106.07071,203,Very Unhealthy,4,29.8,79,0.0,12.5,148,993.2,2,73.8,77.1,391.0,16.1,183.0,18.5
2026-04-14 19:00:00,2026,4,14,19,Thái Nguyên,Xã Võ Nhai,21.7551719,106.07071,207,Very Unhealthy,4,28.3,83,0.0,13.8,147,993.8,1,64.3,67.1,354.0,20.3,145.0,19.0
2026-04-14 20:00:00,2026,4,14,20,Thái Nguyên,Xã Võ Nhai,21.7551719,106.07071,206,Very Unhealthy,4,27.4,83,0.0,12.4,149,994.8,2,52.7,55.4,329.0,23.0,114.0,18.4
2026-04-14 21:00:00,2026,4,14,21,Thái Nguyên,Xã Võ Nhai,21.7551719,106.07071,200,Unhealthy,3,26.5,87,0.0,10.4,143,995.5,0,43.2,47.3,310.0,24.9,87.0,17.2
2026-04-14 22:00:00,2026,4,14,22,Thái Nguyên,Xã Võ Nhai,21.7551719,106.07071,178,Unhealthy,3,25.8,90,0.0,8.4,132,996.0,0,41.2,45.4,293.0,26.0,67.0,16.1
