timestamp,year,month,day,hour,province,location,lat,lon,aqi,pollution_level,pollution_class,temp,humidity,rain,wind_speed,wind_dir,pressure,cloud,pm2_5,pm10,co,no2,o3,so2
2025-10-14 16:00:00,2025,10,14,16,Sơn La,Xã Gia Phù,21.1792752,104.5565002,40,Good,0,22.5,92,0.1,9.2,87,936.4,100,5.6,5.6,259.0,3.5,64.0,5.6
2025-10-14 17:00:00,2025,10,14,17,Sơn La,Xã Gia Phù,21.1792752,104.5565002,39,Good,0,22.1,93,0.0,8.2,82,936.8,100,4.7,4.7,258.0,4.9,59.0,5.5
2025-10-14 18:00:00,2025,10,14,18,Sơn La,Xã Gia Phù,21.1792752,104.5565002,37,Good,0,21.5,94,0.0,6.0,74,937.2,100,5.5,5.6,254.0,6.6,52.0,5.2
2025-10-14 19:00:00,2025,10,14,19,Sơn La,Xã Gia Phù,21.1792752,104.5565002,35,Good,0,20.9,95,0.0,5.0,60,937.7,99,14.3,14.7,249.0,6.7,52.0,7.3
2025-10-14 20:00:00,2025,10,14,20,Sơn La,Xã Gia Phù,21.1792752,104.5565002,36,Good,0,21.0,96,0.4,5.9,59,938.4,100,13.6,13.9,245.0,6.6,52.0,7.6
2025-10-14 21:00:00,2025,10,14,21,Sơn La,Xã Gia Phù,21.1792752,104.5565002,36,Good,0,20.6,97,0.3,4.6,54,938.9,100,6.7,6.8,241.0,6.4,52.0,8.1
2025-10-14 22:00:00,2025,10,14,22,Sơn La,Xã Gia Phù,21.1792752,104.5565002,34,Good,0,20.4,96,0.1,4.3,62,938.7,100,4.1,4.2,236.0,6.2,52.0,8.3
2025-10-14 23:00:00,2025,10,14,23,Sơn La,Xã Gia Phù,21.1792752,104.5565002,31,Good,0,20.3,96,0.0,4.5,56,938.7,91,3.3,3.4,229.0,5.8,53.0,8.0
2025-10-15 00:00:00,2025,10,15,0,Sơn La,Xã Gia Phù,21.1792752,104.5565002,29,Good,0,20.3,94,0.0,3.9,53,938.6,70,2.9,3.0,222.0,5.3,54.0,7.5
2025-10-15 01:00:00,2025,10,15,1,Sơn La,Xã Gia Phù,21.1792752,104.5565002,27,Good,0,20.3,97,0.0,4.1,56,937.9,100,1.5,1.5,212.0,5.2,54.0,7.3
2025-10-15 02:00:00,2025,10,15,2,Sơn La,Xã Gia Phù,21.1792752,104.5565002,25,Good,0,20.3,97,0.1,4.5,34,937.6,100,1.0,1.0,195.0,5.5,52.0,7.7
2025-10-15 03:00:00,2025,10,15,3,Sơn La,Xã Gia Phù,21.1792752,104.5565002,25,Good,0,19.8,97,0.0,3.9,24,937.3,98,0.9,0.9,177.0,6.2,49.0,8.4
2025-10-15 04:00:00,2025,10,15,4,Sơn La,Xã Gia Phù,21.1792752,104.5565002,24,Good,0,19.8,95,0.0,3.6,30,937.0,100,0.7,0.7,171.0,7.0,45.0,9.2
2025-10-15 05:00:00,2025,10,15,5,Sơn La,Xã Gia Phù,21.1792752,104.5565002,24,Good,0,19.8,95,0.0,4.5,47,937.4,100,0.6,0.6,191.0,8.3,40.0,10.3
2025-10-15 06:00:00,2025,10,15,6,Sơn La,Xã Gia Phù,21.1792752,104.5565002,23,Good,0,20.3,93,0.0,4.7,43,937.7,100,0.7,0.7,224.0,9.8,35.0,11.5
2025-10-15 07:00:00,2025,10,15,7,Sơn La,Xã Gia Phù,21.1792752,104.5565002,22,Good,0,20.7,97,0.0,4.6,54,938.7,80,2.2,2.2,241.0,10.5,30.0,14.0
2025-10-15 08:00:00,2025,10,15,8,Sơn La,Xã Gia Phù,21.1792752,104.5565002,21,Good,0,21.7,95,0.0,6.9,85,939.7,58,2.0,2.0,223.0,8.9,36.0,13.0
2025-10-15 09:00:00,2025,10,15,9,Sơn La,Xã Gia Phù,21.1792752,104.5565002,20,Good,0,22.8,89,0.1,6.9,75,940.4,31,2.6,2.6,190.0,6.7,45.0,11.5
2025-10-15 10:00:00,2025,10,15,10,Sơn La,Xã Gia Phù,21.1792752,104.5565002,19,Good,0,24.0,82,0.0,8.3,85,940.5,85,3.5,3.5,167.0,4.8,53.0,9.7
2025-10-15 11:00:00,2025,10,15,11,Sơn La,Xã Gia Phù,21.1792752,104.5565002,19,Good,0,23.5,85,1.3,8.9,96,939.9,82,4.7,4.7,169.0,3.5,60.0,7.4
2025-10-15 12:00:00,2025,10,15,12,Sơn La,Xã Gia Phù,21.1792752,104.5565002,20,Good,0,23.9,81,0.4,9.6,67,939.0,80,5.5,5.5,182.0,2.5,66.0,4.8
2025-10-15 13:00:00,2025,10,15,13,Sơn La,Xã Gia Phù,21.1792752,104.5565002,21,Good,0,24.3,78,1.4,10.1,63,938.7,91,6.1,6.1,191.0,1.9,71.0,3.1
2025-10-15 14:00:00,2025,10,15,14,Sơn La,Xã Gia Phù,21.1792752,104.5565002,23,Good,0,25.2,75,0.0,10.5,73,937.8,100,6.7,6.8,190.0,1.7,75.0,2.9
2025-10-15 15:00:00,2025,10,15,15,Sơn La,Xã Gia Phù,21.1792752,104.5565002,25,Good,0,24.3,78,0.8,9.0,77,937.0,98,7.9,8.0,185.0,1.8,77.0,3.5
2025-10-15 16:00:00,2025,10,15,16,Sơn La,Xã Gia Phù,21.1792752,104.5565002,28,Good,0,24.2,80,0.0,9.6,67,936.9,97,7.9,8.0,185.0,2.3,77.0,4.3
2025-10-15 17:00:00,2025,10,15,17,Sơn La,Xã Gia Phù,21.1792752,104.5565002,30,Good,0,22.9,86,0.2,8.2,75,937.2,100,8.8,8.9,195.0,3.5,74.0,5.0
2025-10-15 18:00:00,2025,10,15,18,Sơn La,Xã Gia Phù,21.1792752,104.5565002,32,Good,0,21.7,90,0.0,7.3,52,937.7,98,9.6,9.7,210.0,5.1,69.0,5.7
2025-10-15 19:00:00,2025,10,15,19,Sơn La,Xã Gia Phù,21.1792752,104.5565002,33,Good,0,21.6,90,0.1,5.1,36,937.8,69,12.7,12.9,220.0,5.7,63.0,6.3
2025-10-15 20:00:00,2025,10,15,20,Sơn La,Xã Gia Phù,21.1792752,104.5565002,33,Good,0,21.8,89,0.0,5.9,47,939.0,67,12.9,13.0,221.0,5.6,63.0,6.5
2025-10-15 21:00:00,2025,10,15,21,Sơn La,Xã Gia Phù,21.1792752,104.5565002,33,Good,0,20.9,93,0.1,6.6,41,939.7,78,9.7,9.7,218.0,5.5,63.0,6.7
2025-10-15 22:00:00,2025,10,15,22,Sơn La,Xã Gia Phù,21.1792752,104.5565002,33,Good,0,20.2,96,0.1,5.8,51,940.1,90,4.9,4.9,217.0,5.4,61.0,7.0
2025-10-15 23:00:00,2025,10,15,23,Sơn La,Xã Gia Phù,21.1792752,104.5565002,32,Good,0,20.3,93,0.2,5.3,12,940.0,91,6.8,6.9,222.0,5.4,57.0,7.3
2025-10-16 00:00:00,2025,10,16,0,Sơn La,Xã Gia Phù,21.1792752,104.5565002,31,Good,0,20.3,93,0.0,3.3,29,939.8,98,4.8,4.8,228.0,5.5,53.0,7.7
2025-10-16 01:00:00,2025,10,16,1,Sơn La,Xã Gia Phù,21.1792752,104.5565002,29,Good,0,21.0,92,0.0,3.9,53,939.4,99,4.7,4.7,227.0,5.6,48.0,7.9
2025-10-16 02:00:00,2025,10,16,2,Sơn La,Xã Gia Phù,21.1792752,104.5565002,28,Good,0,20.8,93,0.0,4.0,36,939.2,98,5.7,5.7,208.0,5.7,44.0,7.7
2025-10-16 03:00:00,2025,10,16,3,Sơn La,Xã Gia Phù,21.1792752,104.5565002,26,Good,0,20.3,94,0.0,4.7,72,939.2,92,6.5,6.6,182.0,5.8,40.0,7.4
2025-10-16 04:00:00,2025,10,16,4,Sơn La,Xã Gia Phù,21.1792752,104.5565002,25,Good,0,19.9,96,0.1,4.8,27,939.3,90,7.5,7.5,169.0,5.6,38.0,7.5
2025-10-16 05:00:00,2025,10,16,5,Sơn La,Xã Gia Phù,21.1792752,104.5565002,25,Good,0,19.8,92,0.0,3.1,28,939.5,88,8.3,8.4,184.0,5.0,40.0,8.4
2025-10-16 06:00:00,2025,10,16,6,Sơn La,Xã Gia Phù,21.1792752,104.5565002,27,Good,0,19.9,91,0.0,3.8,65,940.1,95,9.0,9.0,211.0,4.2,44.0,9.7
2025-10-16 07:00:00,2025,10,16,7,Sơn La,Xã Gia Phù,21.1792752,104.5565002,28,Good,0,21.1,94,0.0,3.9,53,940.5,91,3.5,3.5,226.0,3.0,44.0,8.4
2025-10-16 08:00:00,2025,10,16,8,Sơn La,Xã Gia Phù,21.1792752,104.5565002,28,Good,0,21.9,93,0.0,5.5,77,941.1,93,5.2,5.3,213.0,3.0,47.0,8.5
2025-10-16 09:00:00,2025,10,16,9,Sơn La,Xã Gia Phù,21.1792752,104.5565002,29,Good,0,22.8,88,0.0,8.6,90,942.1,70,6.1,6.1,186.0,2.9,51.0,8.5
2025-10-16 10:00:00,2025,10,16,10,Sơn La,Xã Gia Phù,21.1792752,104.5565002,29,Good,0,23.8,83,0.1,8.5,83,942.4,80,6.6,6.7,166.0,2.9,56.0,8.2
2025-10-16 11:00:00,2025,10,16,11,Sơn La,Xã Gia Phù,21.1792752,104.5565002,30,Good,0,24.7,78,0.0,10.5,78,941.9,98,6.3,6.3,160.0,3.0,61.0,7.2
2025-10-16 12:00:00,2025,10,16,12,Sơn La,Xã Gia Phù,21.1792752,104.5565002,30,Good,0,24.0,78,0.2,10.6,79,940.6,84,7.0,7.0,159.0,3.1,67.0,5.9
2025-10-16 13:00:00,2025,10,16,13,Sơn La,Xã Gia Phù,21.1792752,104.5565002,30,Good,0,23.8,83,1.2,7.8,64,940.7,98,8.3,8.4,160.0,3.2,72.0,5.0
2025-10-16 14:00:00,2025,10,16,14,Sơn La,Xã Gia Phù,21.1792752,104.5565002,31,Good,0,24.5,73,0.0,8.3,51,939.5,98,9.2,9.3,156.0,3.1,79.0,4.9
2025-10-16 15:00:00,2025,10,16,15,Sơn La,Xã Gia Phù,21.1792752,104.5565002,31,Good,0,25.2,69,0.0,8.5,65,938.8,18,8.1,8.1,153.0,3.0,86.0,5.3
2025-10-16 16:00:00,2025,10,16,16,Sơn La,Xã Gia Phù,21.1792752,104.5565002,31,Good,0,25.1,71,0.0,9.3,75,938.5,77,8.1,8.3,165.0,3.6,88.0,5.6
2025-10-16 17:00:00,2025,10,16,17,Sơn La,Xã Gia Phù,21.1792752,104.5565002,32,Good,0,23.2,81,0.2,8.8,62,938.8,81,9.8,10.0,208.0,5.6,80.0,5.6
2025-10-16 18:00:00,2025,10,16,18,Sơn La,Xã Gia Phù,21.1792752,104.5565002,34,Good,0,21.6,85,0.0,6.4,25,938.8,94,11.5,11.6,267.0,8.3,67.0,5.6
2025-10-16 19:00:00,2025,10,16,19,Sơn La,Xã Gia Phù,21.1792752,104.5565002,35,Good,0,21.8,87,0.0,7.0,32,939.7,16,12.0,12.1,309.0,7.2,62.0,5.5
2025-10-16 20:00:00,2025,10,16,20,Sơn La,Xã Gia Phù,21.1792752,104.5565002,35,Good,0,21.7,87,0.0,7.9,33,940.8,19,14.2,14.4,318.0,6.9,66.0,6.0
2025-10-16 21:00:00,2025,10,16,21,Sơn La,Xã Gia Phù,21.1792752,104.5565002,35,Good,0,21.0,89,0.0,7.7,33,941.5,21,15.5,15.8,310.0,6.5,71.0,6.7
2025-10-16 22:00:00,2025,10,16,22,Sơn La,Xã Gia Phù,21.1792752,104.5565002,35,Good,0,20.9,87,0.0,5.0,44,941.8,27,16.8,17.1,300.0,6.5,72.0,6.9
2025-10-16 23:00:00,2025,10,16,23,Sơn La,Xã Gia Phù,21.1792752,104.5565002,35,Good,0,20.6,87,0.0,4.2,40,941.7,19,17.3,17.5,295.0,7.5,66.0,6.1
2025-10-17 00:00:00,2025,10,17,0,Sơn La,Xã Gia Phù,21.1792752,104.5565002,37,Good,0,20.2,87,0.0,4.1,49,941.7,13,20.4,20.5,287.0,9.0,57.0,4.9
2025-10-17 01:00:00,2025,10,17,1,Sơn La,Xã Gia Phù,21.1792752,104.5565002,40,Good,0,20.3,89,0.0,2.8,45,940.9,12,23.6,23.8,277.0,9.8,49.0,3.9
2025-10-17 02:00:00,2025,10,17,2,Sơn La,Xã Gia Phù,21.1792752,104.5565002,43,Good,0,20.2,89,0.0,2.7,37,940.4,13,25.7,25.9,255.0,9.3,44.0,3.4
2025-10-17 03:00:00,2025,10,17,3,Sơn La,Xã Gia Phù,21.1792752,104.5565002,46,Good,0,19.9,89,0.0,2.6,39,939.7,73,24.3,24.5,229.0,8.1,41.0,3.3
2025-10-17 04:00:00,2025,10,17,4,Sơn La,Xã Gia Phù,21.1792752,104.5565002,49,Good,0,19.7,90,0.0,2.6,51,939.5,74,23.1,23.3,223.0,6.9,44.0,3.4
2025-10-17 05:00:00,2025,10,17,5,Sơn La,Xã Gia Phù,21.1792752,104.5565002,51,Moderate,1,19.0,91,0.0,2.7,42,939.7,13,21.1,21.3,260.0,5.7,56.0,4.2
2025-10-17 06:00:00,2025,10,17,6,Sơn La,Xã Gia Phù,21.1792752,104.5565002,52,Moderate,1,19.2,91,0.0,3.6,41,940.8,41,20.8,21.0,316.0,4.4,73.0,5.4
2025-10-17 07:00:00,2025,10,17,7,Sơn La,Xã Gia Phù,21.1792752,104.5565002,53,Moderate,1,20.8,88,0.0,5.0,41,941.6,14,11.4,11.4,344.0,3.7,83.0,5.9
2025-10-17 08:00:00,2025,10,17,8,Sơn La,Xã Gia Phù,21.1792752,104.5565002,54,Moderate,1,22.5,82,0.0,6.2,73,942.5,5,10.7,10.8,314.0,3.0,86.0,5.0
2025-10-17 09:00:00,2025,10,17,9,Sơn La,Xã Gia Phù,21.1792752,104.5565002,54,Moderate,1,23.8,76,0.0,7.5,79,943.3,20,6.9,7.1,255.0,2.0,90.0,3.8
2025-10-17 10:00:00,2025,10,17,10,Sơn La,Xã Gia Phù,21.1792752,104.5565002,54,Moderate,1,25.0,67,0.0,8.8,85,943.2,5,6.7,6.9,210.0,1.3,94.0,2.8
2025-10-17 11:00:00,2025,10,17,11,Sơn La,Xã Gia Phù,21.1792752,104.5565002,55,Moderate,1,26.1,59,0.0,9.0,85,942.8,8,6.9,7.0,195.0,0.9,98.0,2.4
2025-10-17 12:00:00,2025,10,17,12,Sơn La,Xã Gia Phù,21.1792752,104.5565002,55,Moderate,1,26.9,57,0.0,9.2,88,942.1,29,7.7,7.9,194.0,0.8,103.0,2.3
2025-10-17 13:00:00,2025,10,17,13,Sơn La,Xã Gia Phù,21.1792752,104.5565002,55,Moderate,1,27.5,54,0.0,7.6,90,941.2,19,7.9,8.1,196.0,0.8,106.0,2.3
2025-10-17 14:00:00,2025,10,17,14,Sơn La,Xã Gia Phù,21.1792752,104.5565002,55,Moderate,1,27.3,56,0.0,9.6,86,940.1,6,8.4,8.5,193.0,0.7,107.0,2.5
2025-10-17 15:00:00,2025,10,17,15,Sơn La,Xã Gia Phù,21.1792752,104.5565002,55,Moderate,1,26.7,60,0.0,11.7,87,939.3,5,9.1,9.3,193.0,0.8,107.0,2.9
2025-10-17 16:00:00,2025,10,17,16,Sơn La,Xã Gia Phù,21.1792752,104.5565002,55,Moderate,1,25.9,63,0.0,10.9,73,938.8,4,10.2,10.4,210.0,1.6,103.0,3.4
2025-10-17 17:00:00,2025,10,17,17,Sơn La,Xã Gia Phù,21.1792752,104.5565002,55,Moderate,1,24.6,71,0.0,8.0,62,938.4,5,11.4,11.6,259.0,3.6,93.0,3.9
2025-10-17 18:00:00,2025,10,17,18,Sơn La,Xã Gia Phù,21.1792752,104.5565002,55,Moderate,1,22.7,78,0.0,6.4,40,938.4,5,13.5,13.7,325.0,6.2,79.0,4.5
2025-10-17 19:00:00,2025,10,17,19,Sơn La,Xã Gia Phù,21.1792752,104.5565002,55,Moderate,1,21.8,85,0.0,5.0,35,939.4,9,14.7,14.8,373.0,10.2,61.0,5.6
2025-10-17 20:00:00,2025,10,17,20,Sơn La,Xã Gia Phù,21.1792752,104.5565002,55,Moderate,1,21.8,85,0.0,4.5,40,940.6,9,16.5,16.6,391.0,10.1,60.0,6.4
2025-10-17 21:00:00,2025,10,17,21,Sơn La,Xã Gia Phù,21.1792752,104.5565002,56,Moderate,1,21.2,87,0.0,3.5,24,940.6,9,18.4,18.6,392.0,10.0,59.0,7.5
2025-10-17 22:00:00,2025,10,17,22,Sơn La,Xã Gia Phù,21.1792752,104.5565002,56,Moderate,1,20.6,88,0.0,3.1,10,940.6,15,20.9,21.1,378.0,10.1,58.0,8.0
2025-10-17 23:00:00,2025,10,17,23,Sơn La,Xã Gia Phù,21.1792752,104.5565002,56,Moderate,1,19.9,89,0.0,3.2,357,940.7,26,24.9,25.1,342.0,10.9,59.0,7.5
2025-10-18 00:00:00,2025,10,18,0,Sơn La,Xã Gia Phù,21.1792752,104.5565002,57,Moderate,1,19.5,86,0.0,3.3,354,940.4,33,31.8,32.0,291.0,12.0,59.0,6.5
2025-10-18 01:00:00,2025,10,18,1,Sơn La,Xã Gia Phù,21.1792752,104.5565002,58,Moderate,1,19.4,85,0.0,2.9,4,939.9,27,36.9,37.1,250.0,12.5,58.0,5.5
2025-10-18 02:00:00,2025,10,18,2,Sơn La,Xã Gia Phù,21.1792752,104.5565002,59,Moderate,1,19.3,83,0.0,2.7,352,939.5,25,40.5,40.7,224.0,11.9,50.0,4.5
2025-10-18 03:00:00,2025,10,18,3,Sơn La,Xã Gia Phù,21.1792752,104.5565002,60,Moderate,1,19.2,81,0.0,3.1,360,939.4,18,38.4,38.5,208.0,10.6,40.0,3.6
2025-10-18 04:00:00,2025,10,18,4,Sơn La,Xã Gia Phù,21.1792752,104.5565002,62,Moderate,1,19.4,79,0.0,2.2,9,939.2,2,36.1,36.3,216.0,9.2,38.0,3.6
2025-10-18 05:00:00,2025,10,18,5,Sơn La,Xã Gia Phù,21.1792752,104.5565002,63,Moderate,1,19.6,78,0.0,0.9,37,939.4,2,34.8,35.0,273.0,7.6,53.0,5.5
2025-10-18 06:00:00,2025,10,18,6,Sơn La,Xã Gia Phù,21.1792752,104.5565002,64,Moderate,1,19.4,79,0.0,0.5,45,939.7,2,33.8,34.0,354.0,5.9,77.0,8.3
2025-10-18 07:00:00,2025,10,18,7,Sơn La,Xã Gia Phù,21.1792752,104.5565002,65,Moderate,1,21.4,79,0.0,3.9,56,940.8,2,31.9,32.1,399.0,7.1,84.0,9.6
2025-10-18 08:00:00,2025,10,18,8,Sơn La,Xã Gia Phù,21.1792752,104.5565002,67,Moderate,1,22.5,78,0.0,5.2,92,941.9,2,29.6,29.8,372.0,5.4,93.0,8.5
2025-10-18 09:00:00,2025,10,18,9,Sơn La,Xã Gia Phù,21.1792752,104.5565002,69,Moderate,1,24.1,75,0.0,7.9,89,942.5,16,19.2,19.3,308.0,3.0,106.0,7.0
2025-10-18 10:00:00,2025,10,18,10,Sơn La,Xã Gia Phù,21.1792752,104.5565002,70,Moderate,1,25.1,69,0.0,10.3,87,942.6,13,12.0,12.1,254.0,1.2,114.0,5.7
2025-10-18 11:00:00,2025,10,18,11,Sơn La,Xã Gia Phù,21.1792752,104.5565002,70,Moderate,1,26.1,64,0.0,11.9,85,941.8,10,8.9,9.1,224.0,0.6,111.0,4.7
2025-10-18 12:00:00,2025,10,18,12,Sơn La,Xã Gia Phù,21.1792752,104.5565002,70,Moderate,1,26.7,62,0.0,13.0,91,941.1,7,7.4,7.5,204.0,0.6,104.0,3.9
2025-10-18 13:00:00,2025,10,18,13,Sơn La,Xã Gia Phù,21.1792752,104.5565002,70,Moderate,1,27.3,58,0.0,13.0,80,940.1,5,7.6,7.7,198.0,0.7,98.0,3.4
2025-10-18 14:00:00,2025,10,18,14,Sơn La,Xã Gia Phù,21.1792752,104.5565002,70,Moderate,1,27.1,59,0.0,12.6,77,939.1,8,8.4,8.5,211.0,0.6,99.0,3.4
2025-10-18 15:00:00,2025,10,18,15,Sơn La,Xã Gia Phù,21.1792752,104.5565002,70,Moderate,1,26.8,60,0.0,13.3,82,938.5,14,9.3,9.4,238.0,0.6,102.0,3.8
2025-10-18 16:00:00,2025,10,18,16,Sơn La,Xã Gia Phù,21.1792752,104.5565002,70,Moderate,1,26.1,64,0.0,11.3,70,938.1,9,10.7,10.8,272.0,1.2,101.0,4.3
2025-10-18 17:00:00,2025,10,18,17,Sơn La,Xã Gia Phù,21.1792752,104.5565002,70,Moderate,1,24.6,72,0.0,7.9,70,938.1,2,13.0,13.2,320.0,3.1,93.0,5.0
2025-10-18 18:00:00,2025,10,18,18,Sơn La,Xã Gia Phù,21.1792752,104.5565002,70,Moderate,1,22.8,78,0.0,7.5,42,938.3,3,15.5,15.6,375.0,5.7,82.0,5.8
2025-10-18 19:00:00,2025,10,18,19,Sơn La,Xã Gia Phù,21.1792752,104.5565002,71,Moderate,1,22.0,84,0.0,5.6,25,938.3,9,17.1,17.2,410.0,8.6,72.0,8.7
2025-10-18 20:00:00,2025,10,18,20,Sơn La,Xã Gia Phù,21.1792752,104.5565002,71,Moderate,1,22.2,82,0.0,6.1,24,939.6,9,19.7,19.9,412.0,9.1,71.0,9.7
2025-10-18 21:00:00,2025,10,18,21,Sơn La,Xã Gia Phù,21.1792752,104.5565002,71,Moderate,1,21.7,82,0.0,5.4,21,940.2,5,22.8,22.9,394.0,9.7,71.0,11.2
2025-10-18 22:00:00,2025,10,18,22,Sơn La,Xã Gia Phù,21.1792752,104.5565002,72,Moderate,1,21.3,81,0.0,5.1,23,940.3,6,26.8,27.0,374.0,10.1,70.0,12.5
2025-10-18 23:00:00,2025,10,18,23,Sơn La,Xã Gia Phù,21.1792752,104.5565002,72,Moderate,1,20.9,81,0.0,4.3,15,940.3,8,30.0,30.2,358.0,10.2,70.0,13.6
2025-10-19 00:00:00,2025,10,19,0,Sơn La,Xã Gia Phù,21.1792752,104.5565002,73,Moderate,1,20.7,80,0.0,4.0,30,939.9,3,32.5,32.6,340.0,10.2,71.0,14.6
2025-10-19 01:00:00,2025,10,19,1,Sơn La,Xã Gia Phù,21.1792752,104.5565002,73,Moderate,1,20.3,86,0.0,2.3,23,939.3,5,34.7,34.8,316.0,9.8,71.0,14.9
2025-10-19 02:00:00,2025,10,19,2,Sơn La,Xã Gia Phù,21.1792752,104.5565002,72,Moderate,1,19.9,85,0.0,3.5,24,938.6,9,38.0,38.1,274.0,8.9,71.0,14.0
2025-10-19 03:00:00,2025,10,19,3,Sơn La,Xã Gia Phù,21.1792752,104.5565002,72,Moderate,1,19.5,85,0.0,4.1,38,938.1,11,39.1,39.2,226.0,7.8,71.0,12.4
2025-10-19 04:00:00,2025,10,19,4,Sơn La,Xã Gia Phù,21.1792752,104.5565002,72,Moderate,1,19.5,84,0.0,3.9,43,938.1,6,36.4,36.6,204.0,6.8,71.0,11.2
2025-10-19 05:00:00,2025,10,19,5,Sơn La,Xã Gia Phù,21.1792752,104.5565002,72,Moderate,1,19.3,85,0.0,3.6,57,938.7,5,33.4,33.5,236.0,6.4,71.0,10.5
2025-10-19 06:00:00,2025,10,19,6,Sơn La,Xã Gia Phù,21.1792752,104.5565002,72,Moderate,1,18.9,88,0.0,4.7,72,939.3,25,32.9,33.1,295.0,6.3,71.0,10.2
2025-10-19 07:00:00,2025,10,19,7,Sơn La,Xã Gia Phù,21.1792752,104.5565002,72,Moderate,1,21.4,84,0.1,4.4,52,940.3,15,25.9,26.0,329.0,7.6,84.0,13.2
2025-10-19 08:00:00,2025,10,19,8,Sơn La,Xã Gia Phù,21.1792752,104.5565002,72,Moderate,1,22.8,81,0.0,6.0,93,941.2,12,19.8,20.0,311.0,6.0,86.0,13.4
2025-10-19 09:00:00,2025,10,19,9,Sơn La,Xã Gia Phù,21.1792752,104.5565002,71,Moderate,1,24.2,74,0.4,9.6,93,942.0,43,13.9,14.1,269.0,3.8,90.0,13.5
2025-10-19 10:00:00,2025,10,19,10,Sơn La,Xã Gia Phù,21.1792752,104.5565002,70,Moderate,1,24.8,72,0.2,11.3,76,942.1,29,12.6,12.7,233.0,2.1,93.0,13.3
2025-10-19 11:00:00,2025,10,19,11,Sơn La,Xã Gia Phù,21.1792752,104.5565002,70,Moderate,1,25.2,69,0.2,13.5,82,941.5,96,13.4,13.4,213.0,1.3,96.0,12.3
2025-10-19 12:00:00,2025,10,19,12,Sơn La,Xã Gia Phù,21.1792752,104.5565002,71,Moderate,1,25.0,73,0.1,13.5,80,940.4,87,14.4,14.5,200.0,1.1,99.0,10.9
2025-10-19 13:00:00,2025,10,19,13,Sơn La,Xã Gia Phù,21.1792752,104.5565002,71,Moderate,1,26.6,63,0.1,11.3,88,939.4,20,14.8,15.0,198.0,1.0,101.0,9.6
2025-10-19 14:00:00,2025,10,19,14,Sơn La,Xã Gia Phù,21.1792752,104.5565002,72,Moderate,1,26.6,63,0.0,12.3,84,938.6,76,15.8,16.0,207.0,1.0,101.0,8.4
2025-10-19 15:00:00,2025,10,19,15,Sơn La,Xã Gia Phù,21.1792752,104.5565002,73,Moderate,1,26.1,65,0.0,15.7,85,938.3,73,16.1,16.3,228.0,1.2,99.0,7.2
2025-10-19 16:00:00,2025,10,19,16,Sơn La,Xã Gia Phù,21.1792752,104.5565002,73,Moderate,1,24.3,76,0.1,11.6,98,938.2,87,16.2,16.4,260.0,1.8,94.0,6.3
2025-10-19 17:00:00,2025,10,19,17,Sơn La,Xã Gia Phù,21.1792752,104.5565002,74,Moderate,1,23.3,82,0.0,8.6,90,938.6,77,16.6,16.8,315.0,3.3,85.0,5.7
2025-10-19 18:00:00,2025,10,19,18,Sơn La,Xã Gia Phù,21.1792752,104.5565002,74,Moderate,1,21.6,89,0.1,7.2,68,938.6,38,17.1,17.2,382.0,5.2,74.0,5.3
2025-10-19 19:00:00,2025,10,19,19,Sơn La,Xã Gia Phù,21.1792752,104.5565002,74,Moderate,1,21.1,85,0.1,4.8,48,938.8,33,17.2,17.3,433.0,6.8,68.0,5.4
2025-10-19 20:00:00,2025,10,19,20,Sơn La,Xã Gia Phù,21.1792752,104.5565002,74,Moderate,1,20.8,85,0.1,9.2,64,939.7,69,17.8,17.9,461.0,7.3,63.0,5.3
2025-10-19 21:00:00,2025,10,19,21,Sơn La,Xã Gia Phù,21.1792752,104.5565002,74,Moderate,1,20.1,92,0.4,5.0,60,940.3,26,18.8,18.9,474.0,7.9,56.0,5.2
2025-10-19 22:00:00,2025,10,19,22,Sơn La,Xã Gia Phù,21.1792752,104.5565002,74,Moderate,1,19.7,95,0.2,8.0,81,940.6,73,18.3,18.4,466.0,8.0,53.0,4.9
2025-10-19 23:00:00,2025,10,19,23,Sơn La,Xã Gia Phù,21.1792752,104.5565002,73,Moderate,1,19.3,98,1.1,6.2,60,941.0,98,15.9,16.1,421.0,7.1,56.0,4.4
2025-10-20 00:00:00,2025,10,20,0,Sơn La,Xã Gia Phù,21.1792752,104.5565002,72,Moderate,1,19.4,98,0.6,5.9,104,940.9,100,11.8,11.8,356.0,5.6,63.0,3.9
2025-10-20 01:00:00,2025,10,20,1,Sơn La,Xã Gia Phù,21.1792752,104.5565002,70,Moderate,1,19.4,98,0.5,3.1,93,939.7,24,7.6,7.6,311.0,4.3,69.0,3.3
2025-10-20 02:00:00,2025,10,20,2,Sơn La,Xã Gia Phù,21.1792752,104.5565002,67,Moderate,1,19.4,98,0.1,4.3,75,939.3,40,6.9,6.9,307.0,3.5,72.0,2.7
2025-10-20 03:00:00,2025,10,20,3,Sơn La,Xã Gia Phù,21.1792752,104.5565002,65,Moderate,1,19.2,98,0.1,5.6,69,939.2,66,6.5,6.5,323.0,2.8,74.0,2.1
2025-10-20 04:00:00,2025,10,20,4,Sơn La,Xã Gia Phù,21.1792752,104.5565002,62,Moderate,1,19.2,98,0.1,6.7,74,939.1,40,7.8,7.8,343.0,2.5,75.0,1.7
2025-10-20 05:00:00,2025,10,20,5,Sơn La,Xã Gia Phù,21.1792752,104.5565002,59,Moderate,1,19.3,96,0.0,8.3,79,939.6,30,7.3,7.3,368.0,2.6,74.0,1.6
2025-10-20 06:00:00,2025,10,20,6,Sơn La,Xã Gia Phù,21.1792752,104.5565002,57,Moderate,1,19.2,94,0.0,9.6,77,940.3,26,6.9,6.9,396.0,3.1,73.0,1.7
2025-10-20 07:00:00,2025,10,20,7,Sơn La,Xã Gia Phù,21.1792752,104.5565002,55,Moderate,1,20.2,90,0.0,8.8,70,941.0,14,6.9,6.9,410.0,3.2,73.0,2.7
2025-10-20 08:00:00,2025,10,20,8,Sơn La,Xã Gia Phù,21.1792752,104.5565002,53,Moderate,1,21.5,85,0.0,12.4,74,941.7,12,11.0,11.0,395.0,2.7,74.0,2.4
2025-10-20 09:00:00,2025,10,20,9,Sơn La,Xã Gia Phù,21.1792752,104.5565002,52,Moderate,1,22.5,76,0.0,15.1,70,942.2,16,12.4,12.4,366.0,2.0,76.0,2.0
2025-10-20 10:00:00,2025,10,20,10,Sơn La,Xã Gia Phù,21.1792752,104.5565002,52,Moderate,1,23.2,71,0.0,18.2,70,942.5,16,13.2,13.3,342.0,1.5,79.0,1.7
2025-10-20 11:00:00,2025,10,20,11,Sơn La,Xã Gia Phù,21.1792752,104.5565002,52,Moderate,1,24.0,67,0.0,18.0,71,941.9,26,13.8,13.9,333.0,1.2,84.0,1.7
2025-10-20 12:00:00,2025,10,20,12,Sơn La,Xã Gia Phù,21.1792752,104.5565002,52,Moderate,1,24.3,66,0.0,17.8,76,941.0,45,13.9,14.0,330.0,1.0,90.0,1.8
2025-10-20 13:00:00,2025,10,20,13,Sơn La,Xã Gia Phù,21.1792752,104.5565002,52,Moderate,1,24.6,65,0.0,14.6,74,940.3,34,14.1,14.1,330.0,1.0,95.0,1.9
2025-10-20 14:00:00,2025,10,20,14,Sơn La,Xã Gia Phù,21.1792752,104.5565002,52,Moderate,1,24.8,64,0.0,15.0,79,939.3,30,14.4,14.4,329.0,0.9,100.0,2.0
2025-10-20 15:00:00,2025,10,20,15,Sơn La,Xã Gia Phù,21.1792752,104.5565002,52,Moderate,1,24.1,67,0.0,15.1,78,938.6,34,14.4,14.4,331.0,1.0,103.0,2.1
2025-10-20 16:00:00,2025,10,20,16,Sơn La,Xã Gia Phù,21.1792752,104.5565002,52,Moderate,1,23.4,70,0.0,14.3,75,938.4,20,14.7,14.7,339.0,1.5,103.0,2.3
2025-10-20 17:00:00,2025,10,20,17,Sơn La,Xã Gia Phù,21.1792752,104.5565002,52,Moderate,1,22.6,75,0.0,9.6,74,938.4,7,15.3,15.3,360.0,2.9,96.0,2.6
2025-10-20 18:00:00,2025,10,20,18,Sơn La,Xã Gia Phù,21.1792752,104.5565002,51,Moderate,1,21.3,78,0.0,7.2,62,938.4,5,15.9,15.9,388.0,4.8,86.0,3.0
2025-10-20 19:00:00,2025,10,20,19,Sơn La,Xã Gia Phù,21.1792752,104.5565002,51,Moderate,1,20.8,81,0.0,6.5,62,939.7,12,18.0,18.1,411.0,6.7,69.0,3.5
2025-10-20 20:00:00,2025,10,20,20,Sơn La,Xã Gia Phù,21.1792752,104.5565002,51,Moderate,1,20.8,80,0.0,7.4,67,940.3,3,18.9,19.0,430.0,6.8,68.0,3.9
2025-10-20 21:00:00,2025,10,20,21,Sơn La,Xã Gia Phù,21.1792752,104.5565002,51,Moderate,1,20.8,79,0.0,8.4,71,941.1,27,18.8,18.9,444.0,6.8,67.0,4.5
2025-10-20 22:00:00,2025,10,20,22,Sơn La,Xã Gia Phù,21.1792752,104.5565002,51,Moderate,1,20.9,78,0.0,9.3,75,941.8,12,19.6,19.7,437.0,6.8,66.0,5.0
2025-10-20 23:00:00,2025,10,20,23,Sơn La,Xã Gia Phù,21.1792752,104.5565002,52,Moderate,1,20.3,80,0.0,11.5,76,941.9,17,21.1,21.1,388.0,6.7,64.0,5.3
2025-10-21 00:00:00,2025,10,21,0,Sơn La,Xã Gia Phù,21.1792752,104.5565002,52,Moderate,1,20.6,71,0.0,13.5,67,941.9,57,23.3,23.3,319.0,6.5,62.0,5.5
2025-10-21 01:00:00,2025,10,21,1,Sơn La,Xã Gia Phù,21.1792752,104.5565002,53,Moderate,1,20.1,72,0.0,11.4,69,941.3,54,24.5,24.6,272.0,6.2,60.0,5.5
2025-10-21 02:00:00,2025,10,21,2,Sơn La,Xã Gia Phù,21.1792752,104.5565002,55,Moderate,1,20.1,69,0.0,14.2,70,941.0,42,24.4,24.4,270.0,5.6,59.0,5.1
2025-10-21 03:00:00,2025,10,21,3,Sơn La,Xã Gia Phù,21.1792752,104.5565002,56,Moderate,1,19.8,69,0.0,14.2,72,940.9,17,22.1,22.1,292.0,4.8,59.0,4.4
2025-10-21 04:00:00,2025,10,21,4,Sơn La,Xã Gia Phù,21.1792752,104.5565002,58,Moderate,1,19.4,71,0.0,12.0,78,940.6,27,21.2,21.2,316.0,4.2,59.0,3.9
2025-10-21 05:00:00,2025,10,21,5,Sơn La,Xã Gia Phù,21.1792752,104.5565002,59,Moderate,1,18.3,77,0.0,9.7,79,940.6,13,20.9,21.0,342.0,4.1,57.0,3.6
2025-10-21 06:00:00,2025,10,21,6,Sơn La,Xã Gia Phù,21.1792752,104.5565002,60,Moderate,1,17.8,80,0.0,8.6,82,941.3,9,20.8,20.8,369.0,4.2,56.0,3.5
2025-10-21 07:00:00,2025,10,21,7,Sơn La,Xã Gia Phù,21.1792752,104.5565002,61,Moderate,1,19.0,80,0.0,7.5,80,941.4,7,18.5,18.5,379.0,5.5,44.0,3.5
2025-10-21 08:00:00,2025,10,21,8,Sơn La,Xã Gia Phù,21.1792752,104.5565002,62,Moderate,1,20.9,74,0.0,9.6,102,942.4,9,17.7,17.8,355.0,4.2,53.0,3.2
2025-10-21 09:00:00,2025,10,21,9,Sơn La,Xã Gia Phù,21.1792752,104.5565002,63,Moderate,1,22.5,66,0.0,13.9,94,943.2,2,14.4,14.4,312.0,2.5,66.0,2.7
2025-10-21 10:00:00,2025,10,21,10,Sơn La,Xã Gia Phù,21.1792752,104.5565002,63,Moderate,1,24.0,56,0.0,19.5,68,943.6,41,14.9,15.0,281.0,1.2,77.0,2.4
2025-10-21 11:00:00,2025,10,21,11,Sơn La,Xã Gia Phù,21.1792752,104.5565002,63,Moderate,1,24.5,55,0.0,20.8,65,943.1,45,15.9,15.9,273.0,0.8,84.0,2.4
2025-10-21 12:00:00,2025,10,21,12,Sơn La,Xã Gia Phù,21.1792752,104.5565002,63,Moderate,1,23.9,59,0.0,20.3,73,942.5,64,15.4,15.5,277.0,0.9,89.0,2.4
2025-10-21 13:00:00,2025,10,21,13,Sơn La,Xã Gia Phù,21.1792752,104.5565002,63,Moderate,1,23.6,61,0.0,19.1,78,941.7,79,15.5,15.5,281.0,1.0,92.0,2.5
2025-10-21 14:00:00,2025,10,21,14,Sơn La,Xã Gia Phù,21.1792752,104.5565002,64,Moderate,1,23.3,63,0.0,20.5,75,940.6,63,15.5,15.5,281.0,1.0,95.0,2.4
2025-10-21 15:00:00,2025,10,21,15,Sơn La,Xã Gia Phù,21.1792752,104.5565002,64,Moderate,1,22.7,65,0.0,18.4,82,940.2,82,16.1,16.2,282.0,1.0,97.0,2.3
2025-10-21 16:00:00,2025,10,21,16,Sơn La,Xã Gia Phù,21.1792752,104.5565002,64,Moderate,1,21.8,69,0.0,16.2,86,940.4,33,15.3,15.3,288.0,1.5,95.0,2.3
2025-10-21 17:00:00,2025,10,21,17,Sơn La,Xã Gia Phù,21.1792752,104.5565002,64,Moderate,1,21.1,72,0.0,14.2,86,940.2,56,15.4,15.4,305.0,2.8,87.0,2.4
2025-10-21 18:00:00,2025,10,21,18,Sơn La,Xã Gia Phù,21.1792752,104.5565002,64,Moderate,1,20.6,72,0.0,12.5,85,940.9,17,16.0,16.0,327.0,4.6,76.0,2.6
2025-10-21 19:00:00,2025,10,21,19,Sơn La,Xã Gia Phù,21.1792752,104.5565002,64,Moderate,1,20.5,74,0.0,10.9,78,941.6,16,12.0,12.0,341.0,4.9,69.0,3.3
2025-10-21 20:00:00,2025,10,21,20,Sơn La,Xã Gia Phù,21.1792752,104.5565002,63,Moderate,1,20.7,69,0.0,13.8,72,942.4,26,12.7,12.7,341.0,6.0,63.0,3.8
2025-10-21 21:00:00,2025,10,21,21,Sơn La,Xã Gia Phù,21.1792752,104.5565002,63,Moderate,1,20.7,66,0.0,15.0,70,942.9,13,13.7,13.7,332.0,7.4,54.0,4.5
2025-10-21 22:00:00,2025,10,21,22,Sơn La,Xã Gia Phù,21.1792752,104.5565002,62,Moderate,1,20.2,66,0.0,15.0,80,942.7,73,15.2,15.2,322.0,8.5,46.0,5.0
2025-10-21 23:00:00,2025,10,21,23,Sơn La,Xã Gia Phù,21.1792752,104.5565002,62,Moderate,1,19.8,66,0.0,14.0,81,942.5,85,16.3,16.3,311.0,8.8,42.0,5.0
2025-10-22 00:00:00,2025,10,22,0,Sơn La,Xã Gia Phù,21.1792752,104.5565002,61,Moderate,1,19.1,68,0.0,13.2,79,942.5,90,16.8,16.8,298.0,8.8,38.0,4.7
2025-10-22 01:00:00,2025,10,22,1,Sơn La,Xã Gia Phù,21.1792752,104.5565002,61,Moderate,1,18.7,69,0.0,11.6,75,941.6,88,17.2,17.2,288.0,8.6,36.0,4.3
2025-10-22 02:00:00,2025,10,22,2,Sơn La,Xã Gia Phù,21.1792752,104.5565002,60,Moderate,1,18.7,66,0.0,11.2,74,941.1,84,17.4,17.4,281.0,8.3,34.0,3.9
2025-10-22 03:00:00,2025,10,22,3,Sơn La,Xã Gia Phù,21.1792752,104.5565002,60,Moderate,1,18.0,67,0.0,11.4,75,940.8,80,17.3,17.3,276.0,7.8,32.0,3.5
2025-10-22 04:00:00,2025,10,22,4,Sơn La,Xã Gia Phù,21.1792752,104.5565002,59,Moderate,1,18.1,66,0.0,12.3,76,941.4,80,16.9,17.0,277.0,7.3,31.0,3.2
2025-10-22 05:00:00,2025,10,22,5,Sơn La,Xã Gia Phù,21.1792752,104.5565002,59,Moderate,1,18.3,65,0.0,12.6,80,941.6,77,16.5,16.5,289.0,7.1,29.0,3.2
2025-10-22 06:00:00,2025,10,22,6,Sơn La,Xã Gia Phù,21.1792752,104.5565002,58,Moderate,1,17.9,67,0.0,12.7,83,942.5,82,16.2,16.2,308.0,6.9,26.0,3.4
2025-10-22 07:00:00,2025,10,22,7,Sơn La,Xã Gia Phù,21.1792752,104.5565002,58,Moderate,1,18.6,68,0.0,14.9,79,943.1,23,14.7,14.7,317.0,7.2,29.0,4.1
2025-10-22 08:00:00,2025,10,22,8,Sơn La,Xã Gia Phù,21.1792752,104.5565002,58,Moderate,1,19.3,66,0.0,16.8,86,943.8,29,11.7,11.7,310.0,5.5,44.0,4.3
2025-10-22 09:00:00,2025,10,22,9,Sơn La,Xã Gia Phù,21.1792752,104.5565002,57,Moderate,1,20.5,61,0.0,17.2,83,944.6,11,9.7,9.7,294.0,3.2,64.0,4.6
2025-10-22 10:00:00,2025,10,22,10,Sơn La,Xã Gia Phù,21.1792752,104.5565002,57,Moderate,1,21.4,57,0.0,18.1,77,944.9,90,9.1,9.1,279.0,1.4,80.0,4.6
2025-10-22 11:00:00,2025,10,22,11,Sơn La,Xã Gia Phù,21.1792752,104.5565002,56,Moderate,1,22.6,54,0.0,19.1,78,944.3,85,8.2,8.2,266.0,0.7,87.0,3.9
2025-10-22 12:00:00,2025,10,22,12,Sơn La,Xã Gia Phù,21.1792752,104.5565002,56,Moderate,1,23.2,52,0.0,20.4,70,943.5,59,7.4,7.5,254.0,0.6,89.0,2.9
2025-10-22 13:00:00,2025,10,22,13,Sơn La,Xã Gia Phù,21.1792752,104.5565002,55,Moderate,1,23.6,49,0.0,19.8,67,942.8,63,6.9,6.9,247.0,0.7,90.0,2.1
2025-10-22 14:00:00,2025,10,22,14,Sơn La,Xã Gia Phù,21.1792752,104.5565002,54,Moderate,1,24.0,48,0.0,20.0,63,941.7,36,6.9,6.9,245.0,0.6,93.0,1.9
2025-10-22 15:00:00,2025,10,22,15,Sơn La,Xã Gia Phù,21.1792752,104.5565002,53,Moderate,1,22.7,55,0.0,18.2,73,941.7,33,7.8,7.9,250.0,0.6,96.0,1.9
2025-10-22 16:00:00,2025,10,22,16,Sơn La,Xã Gia Phù,21.1792752,104.5565002,53,Moderate,1,21.6,60,0.0,15.6,79,941.7,8,8.8,8.8,268.0,1.3,95.0,2.0
2025-10-22 17:00:00,2025,10,22,17,Sơn La,Xã Gia Phù,21.1792752,104.5565002,52,Moderate,1,20.4,66,0.0,10.6,90,941.6,5,9.3,9.4,317.0,3.1,86.0,2.2
2025-10-22 18:00:00,2025,10,22,18,Sơn La,Xã Gia Phù,21.1792752,104.5565002,51,Moderate,1,18.5,71,0.0,6.9,84,941.2,8,9.9,9.9,379.0,5.5,73.0,2.5
2025-10-22 19:00:00,2025,10,22,19,Sơn La,Xã Gia Phù,21.1792752,104.5565002,51,Moderate,1,17.9,78,0.0,5.0,77,941.6,20,10.1,10.1,416.0,6.4,64.0,2.4
2025-10-22 20:00:00,2025,10,22,20,Sơn La,Xã Gia Phù,21.1792752,104.5565002,51,Moderate,1,17.9,78,0.0,5.9,79,942.4,71,10.2,10.2,404.0,6.8,61.0,2.7
2025-10-22 21:00:00,2025,10,22,21,Sơn La,Xã Gia Phù,21.1792752,104.5565002,51,Moderate,1,18.0,76,0.0,8.1,72,942.7,27,10.2,10.2,366.0,7.5,56.0,3.2
2025-10-22 22:00:00,2025,10,22,22,Sơn La,Xã Gia Phù,21.1792752,104.5565002,50,Good,0,18.1,72,0.0,9.3,75,943.1,33,10.5,10.5,332.0,8.1,52.0,3.8
2025-10-22 23:00:00,2025,10,22,23,Sơn La,Xã Gia Phù,21.1792752,104.5565002,50,Good,0,18.2,69,0.0,11.7,77,943.4,75,10.7,10.8,312.0,8.7,49.0,4.7
2025-10-23 00:00:00,2025,10,23,0,Sơn La,Xã Gia Phù,21.1792752,104.5565002,49,Good,0,17.8,70,0.0,11.3,76,943.3,93,11.1,11.1,295.0,9.3,47.0,5.9
2025-10-23 01:00:00,2025,10,23,1,Sơn La,Xã Gia Phù,21.1792752,104.5565002,48,Good,0,17.4,73,0.0,9.0,85,942.6,100,11.8,11.8,281.0,9.8,45.0,6.9
2025-10-23 02:00:00,2025,10,23,2,Sơn La,Xã Gia Phù,21.1792752,104.5565002,47,Good,0,17.6,71,0.0,10.3,89,942.4,100,12.7,12.7,265.0,10.2,42.0,7.8
2025-10-23 03:00:00,2025,10,23,3,Sơn La,Xã Gia Phù,21.1792752,104.5565002,46,Good,0,17.3,70,0.0,10.1,87,942.3,100,13.8,13.8,250.0,10.5,39.0,8.5
2025-10-23 04:00:00,2025,10,23,4,Sơn La,Xã Gia Phù,21.1792752,104.5565002,45,Good,0,17.4,68,0.0,11.2,87,942.4,46,14.8,14.8,250.0,10.5,37.0,9.0
2025-10-23 05:00:00,2025,10,23,5,Sơn La,Xã Gia Phù,21.1792752,104.5565002,45,Good,0,16.9,69,0.0,11.2,87,942.6,20,15.6,15.7,279.0,10.4,35.0,9.3
2025-10-23 06:00:00,2025,10,23,6,Sơn La,Xã Gia Phù,21.1792752,104.5565002,45,Good,0,16.3,71,0.0,10.6,92,942.9,19,16.5,16.5,321.0,10.1,33.0,9.3
2025-10-23 07:00:00,2025,10,23,7,Sơn La,Xã Gia Phù,21.1792752,104.5565002,45,Good,0,16.6,77,0.0,12.1,90,943.8,33,20.1,20.1,342.0,10.1,37.0,11.1
2025-10-23 08:00:00,2025,10,23,8,Sơn La,Xã Gia Phù,21.1792752,104.5565002,46,Good,0,17.8,72,0.0,15.3,94,944.6,43,17.1,17.2,318.0,7.8,48.0,9.2
2025-10-23 09:00:00,2025,10,23,9,Sơn La,Xã Gia Phù,21.1792752,104.5565002,47,Good,0,18.5,68,0.0,17.2,84,945.4,100,16.2,16.4,273.0,4.7,64.0,6.6
2025-10-23 10:00:00,2025,10,23,10,Sơn La,Xã Gia Phù,21.1792752,104.5565002,48,Good,0,18.9,67,0.0,17.7,84,945.3,95,15.5,15.7,238.0,2.3,77.0,4.4
2025-10-23 11:00:00,2025,10,23,11,Sơn La,Xã Gia Phù,21.1792752,104.5565002,49,Good,0,19.4,65,0.0,17.3,88,944.8,100,15.0,15.1,227.0,1.3,84.0,3.2
2025-10-23 12:00:00,2025,10,23,12,Sơn La,Xã Gia Phù,21.1792752,104.5565002,50,Good,0,20.3,61,0.0,17.5,92,944.1,100,13.6,13.6,226.0,0.9,87.0,2.6
2025-10-23 13:00:00,2025,10,23,13,Sơn La,Xã Gia Phù,21.1792752,104.5565002,51,Moderate,1,20.3,63,0.0,16.7,91,943.5,100,11.4,11.5,228.0,0.8,89.0,2.1
2025-10-23 14:00:00,2025,10,23,14,Sơn La,Xã Gia Phù,21.1792752,104.5565002,51,Moderate,1,20.4,63,0.0,16.9,88,942.8,100,9.8,9.8,230.0,0.7,89.0,1.7
2025-10-23 15:00:00,2025,10,23,15,Sơn La,Xã Gia Phù,21.1792752,104.5565002,51,Moderate,1,20.0,65,0.0,16.8,86,942.3,100,8.7,8.8,235.0,0.8,87.0,1.5
2025-10-23 16:00:00,2025,10,23,16,Sơn La,Xã Gia Phù,21.1792752,104.5565002,51,Moderate,1,19.4,68,0.0,15.8,90,942.3,100,8.8,8.9,248.0,1.2,85.0,1.5
2025-10-23 17:00:00,2025,10,23,17,Sơn La,Xã Gia Phù,21.1792752,104.5565002,51,Moderate,1,18.5,73,0.0,11.9,94,942.3,100,9.4,9.5,278.0,1.9,82.0,1.7
2025-10-23 18:00:00,2025,10,23,18,Sơn La,Xã Gia Phù,21.1792752,104.5565002,51,Moderate,1,18.1,75,0.0,10.1,94,942.5,100,10.3,10.3,317.0,2.9,78.0,2.1
2025-10-23 19:00:00,2025,10,23,19,Sơn La,Xã Gia Phù,21.1792752,104.5565002,51,Moderate,1,18.4,74,0.0,9.7,90,942.9,100,17.1,17.2,344.0,4.4,70.0,3.1
2025-10-23 20:00:00,2025,10,23,20,Sơn La,Xã Gia Phù,21.1792752,104.5565002,52,Moderate,1,18.4,74,0.0,10.5,94,943.5,100,16.5,16.6,351.0,4.3,69.0,2.9
2025-10-23 21:00:00,2025,10,23,21,Sơn La,Xã Gia Phù,21.1792752,104.5565002,53,Moderate,1,18.1,76,0.0,11.1,97,944.3,100,15.5,15.6,347.0,4.1,67.0,2.6
2025-10-23 22:00:00,2025,10,23,22,Sơn La,Xã Gia Phù,21.1792752,104.5565002,53,Moderate,1,17.7,79,0.0,10.8,95,944.6,100,14.6,14.7,340.0,3.9,66.0,2.3
2025-10-23 23:00:00,2025,10,23,23,Sơn La,Xã Gia Phù,21.1792752,104.5565002,53,Moderate,1,17.2,83,0.1,10.7,96,944.7,100,13.5,13.6,334.0,3.6,65.0,2.0
2025-10-24 00:00:00,2025,10,24,0,Sơn La,Xã Gia Phù,21.1792752,104.5565002,54,Moderate,1,16.9,85,0.0,10.1,95,944.4,100,12.4,12.5,325.0,3.3,64.0,1.7
2025-10-24 01:00:00,2025,10,24,1,Sơn La,Xã Gia Phù,21.1792752,104.5565002,54,Moderate,1,16.8,89,0.0,10.3,90,944.0,100,11.3,11.4,314.0,3.1,63.0,1.5
2025-10-24 02:00:00,2025,10,24,2,Sơn La,Xã Gia Phù,21.1792752,104.5565002,54,Moderate,1,16.7,88,0.0,10.3,93,943.4,100,10.5,10.6,296.0,2.9,62.0,1.3
2025-10-24 03:00:00,2025,10,24,3,Sơn La,Xã Gia Phù,21.1792752,104.5565002,54,Moderate,1,16.6,88,0.0,10.1,94,943.1,99,10.0,10.0,275.0,2.8,61.0,1.2
2025-10-24 04:00:00,2025,10,24,4,Sơn La,Xã Gia Phù,21.1792752,104.5565002,53,Moderate,1,16.2,90,0.0,9.4,93,943.0,99,10.3,10.4,263.0,2.7,60.0,1.2
2025-10-24 05:00:00,2025,10,24,5,Sơn La,Xã Gia Phù,21.1792752,104.5565002,53,Moderate,1,16.0,91,0.6,9.4,89,943.0,100,9.7,9.8,271.0,2.9,58.0,1.3
2025-10-24 06:00:00,2025,10,24,6,Sơn La,Xã Gia Phù,21.1792752,104.5565002,52,Moderate,1,15.8,96,1.2,8.6,92,943.6,100,9.3,9.4,288.0,3.2,56.0,1.5
2025-10-24 07:00:00,2025,10,24,7,Sơn La,Xã Gia Phù,21.1792752,104.5565002,52,Moderate,1,16.3,94,0.1,9.2,84,944.2,86,4.9,4.9,296.0,2.3,61.0,1.1
2025-10-24 08:00:00,2025,10,24,8,Sơn La,Xã Gia Phù,21.1792752,104.5565002,50,Good,0,16.9,90,0.0,10.4,90,944.6,82,4.9,5.0,284.0,2.0,64.0,1.0
2025-10-24 09:00:00,2025,10,24,9,Sơn La,Xã Gia Phù,21.1792752,104.5565002,48,Good,0,18.1,82,0.0,12.1,87,945.4,68,5.7,5.8,262.0,1.7,68.0,0.9
2025-10-24 10:00:00,2025,10,24,10,Sơn La,Xã Gia Phù,21.1792752,104.5565002,47,Good,0,18.9,76,0.0,14.3,86,945.6,75,6.7,6.9,246.0,1.5,71.0,0.9
2025-10-24 11:00:00,2025,10,24,11,Sơn La,Xã Gia Phù,21.1792752,104.5565002,45,Good,0,19.5,71,0.0,16.3,85,944.8,97,7.6,7.7,242.0,1.5,71.0,1.1
2025-10-24 12:00:00,2025,10,24,12,Sơn La,Xã Gia Phù,21.1792752,104.5565002,44,Good,0,19.5,71,0.0,15.8,90,944.0,100,8.3,8.5,245.0,1.7,70.0,1.3
2025-10-24 13:00:00,2025,10,24,13,Sơn La,Xã Gia Phù,21.1792752,104.5565002,43,Good,0,18.1,75,0.0,12.7,97,943.3,100,8.8,9.0,249.0,1.9,69.0,1.6
2025-10-24 14:00:00,2025,10,24,14,Sơn La,Xã Gia Phù,21.1792752,104.5565002,42,Good,0,17.8,78,0.0,10.7,97,942.5,100,9.0,9.2,251.0,2.1,70.0,1.8
2025-10-24 15:00:00,2025,10,24,15,Sơn La,Xã Gia Phù,21.1792752,104.5565002,42,Good,0,17.8,78,0.0,9.6,94,942.0,100,9.2,9.4,256.0,2.3,71.0,2.0
2025-10-24 16:00:00,2025,10,24,16,Sơn La,Xã Gia Phù,21.1792752,104.5565002,42,Good,0,17.9,79,0.0,8.7,98,941.7,100,9.6,9.8,272.0,2.7,71.0,2.2
2025-10-24 17:00:00,2025,10,24,17,Sơn La,Xã Gia Phù,21.1792752,104.5565002,43,Good,0,17.4,81,0.0,8.9,108,942.0,100,10.2,10.4,311.0,3.6,67.0,2.4
2025-10-24 18:00:00,2025,10,24,18,Sơn La,Xã Gia Phù,21.1792752,104.5565002,43,Good,0,16.9,85,0.0,7.0,100,942.0,100,10.9,11.1,363.0,4.8,62.0,2.7
2025-10-24 19:00:00,2025,10,24,19,Sơn La,Xã Gia Phù,21.1792752,104.5565002,43,Good,0,16.7,97,0.0,6.2,100,942.6,99,11.8,11.9,404.0,4.9,63.0,1.9
2025-10-24 20:00:00,2025,10,24,20,Sơn La,Xã Gia Phù,21.1792752,104.5565002,42,Good,0,16.6,98,0.2,5.9,92,942.7,100,11.6,11.8,430.0,4.9,62.0,2.0
2025-10-24 21:00:00,2025,10,24,21,Sơn La,Xã Gia Phù,21.1792752,104.5565002,41,Good,0,16.6,98,0.2,5.4,105,942.9,100,11.7,11.9,446.0,4.9,61.0,2.2
2025-10-24 22:00:00,2025,10,24,22,Sơn La,Xã Gia Phù,21.1792752,104.5565002,40,Good,0,16.5,98,0.0,4.4,102,943.0,100,12.1,12.3,447.0,4.9,60.0,2.3
2025-10-24 23:00:00,2025,10,24,23,Sơn La,Xã Gia Phù,21.1792752,104.5565002,40,Good,0,16.4,97,0.0,5.1,94,942.8,98,12.1,12.3,427.0,4.9,58.0,2.3
2025-10-25 00:00:00,2025,10,25,0,Sơn La,Xã Gia Phù,21.1792752,104.5565002,40,Good,0,16.2,96,0.0,4.9,92,942.5,95,12.9,13.1,392.0,4.9,56.0,2.2
2025-10-25 01:00:00,2025,10,25,1,Sơn La,Xã Gia Phù,21.1792752,104.5565002,40,Good,0,15.8,95,0.0,4.2,85,942.0,95,13.2,13.4,360.0,4.8,55.0,2.1
2025-10-25 02:00:00,2025,10,25,2,Sơn La,Xã Gia Phù,21.1792752,104.5565002,40,Good,0,15.5,94,0.0,4.2,83,941.7,34,13.4,13.6,330.0,4.4,56.0,2.0
2025-10-25 03:00:00,2025,10,25,3,Sơn La,Xã Gia Phù,21.1792752,104.5565002,41,Good,0,15.0,92,0.0,4.3,75,941.4,46,13.3,13.5,302.0,3.8,58.0,1.9
2025-10-25 04:00:00,2025,10,25,4,Sơn La,Xã Gia Phù,21.1792752,104.5565002,41,Good,0,15.2,93,0.0,4.0,80,941.2,45,12.9,13.1,291.0,3.5,59.0,1.8
2025-10-25 05:00:00,2025,10,25,5,Sơn La,Xã Gia Phù,21.1792752,104.5565002,42,Good,0,15.2,93,0.0,4.2,83,941.0,28,13.2,13.4,317.0,3.7,58.0,1.9
2025-10-25 06:00:00,2025,10,25,6,Sơn La,Xã Gia Phù,21.1792752,104.5565002,42,Good,0,15.1,92,0.0,4.2,85,941.5,27,13.5,13.7,360.0,4.0,56.0,2.1
2025-10-25 07:00:00,2025,10,25,7,Sơn La,Xã Gia Phù,21.1792752,104.5565002,43,Good,0,16.6,94,0.0,5.7,79,942.4,9,4.4,4.4,379.0,3.2,65.0,2.1
2025-10-25 08:00:00,2025,10,25,8,Sơn La,Xã Gia Phù,21.1792752,104.5565002,43,Good,0,18.0,89,0.0,8.6,100,943.2,18,6.0,6.2,347.0,2.7,69.0,2.4
2025-10-25 09:00:00,2025,10,25,9,Sơn La,Xã Gia Phù,21.1792752,104.5565002,43,Good,0,19.1,80,0.0,13.3,88,944.2,63,8.3,8.4,290.0,2.0,74.0,2.8
2025-10-25 10:00:00,2025,10,25,10,Sơn La,Xã Gia Phù,21.1792752,104.5565002,44,Good,0,20.0,69,0.0,15.3,82,944.5,90,9.7,9.9,248.0,1.5,79.0,3.2
2025-10-25 11:00:00,2025,10,25,11,Sơn La,Xã Gia Phù,21.1792752,104.5565002,44,Good,0,20.5,66,0.0,15.1,82,944.1,67,10.9,11.1,237.0,1.2,82.0,3.4
2025-10-25 12:00:00,2025,10,25,12,Sơn La,Xã Gia Phù,21.1792752,104.5565002,45,Good,0,20.9,66,0.0,14.5,83,943.2,63,12.2,12.3,240.0,1.1,85.0,3.6
2025-10-25 13:00:00,2025,10,25,13,Sơn La,Xã Gia Phù,21.1792752,104.5565002,45,Good,0,21.4,65,0.0,12.8,88,942.7,84,12.3,12.5,244.0,1.1,87.0,3.6
2025-10-25 14:00:00,2025,10,25,14,Sơn La,Xã Gia Phù,21.1792752,104.5565002,46,Good,0,21.3,66,0.0,12.4,88,941.8,70,13.0,13.2,238.0,1.1,88.0,3.3
2025-10-25 15:00:00,2025,10,25,15,Sơn La,Xã Gia Phù,21.1792752,104.5565002,47,Good,0,21.0,67,0.0,12.2,91,941.2,15,13.7,13.9,232.0,1.2,89.0,2.9
2025-10-25 16:00:00,2025,10,25,16,Sơn La,Xã Gia Phù,21.1792752,104.5565002,47,Good,0,20.4,71,0.0,11.5,88,941.0,25,14.5,14.6,244.0,1.8,87.0,2.7
2025-10-25 17:00:00,2025,10,25,17,Sơn La,Xã Gia Phù,21.1792752,104.5565002,48,Good,0,19.5,76,0.0,7.8,81,940.9,30,15.5,15.7,292.0,3.1,81.0,2.9
2025-10-25 18:00:00,2025,10,25,18,Sơn La,Xã Gia Phù,21.1792752,104.5565002,49,Good,0,18.4,81,0.0,5.2,61,940.9,16,17.0,17.1,359.0,4.8,73.0,3.2
2025-10-25 19:00:00,2025,10,25,19,Sơn La,Xã Gia Phù,21.1792752,104.5565002,50,Good,0,18.2,84,0.0,3.8,41,941.9,17,30.9,31.1,410.0,6.3,62.0,4.5
2025-10-25 20:00:00,2025,10,25,20,Sơn La,Xã Gia Phù,21.1792752,104.5565002,52,Moderate,1,17.7,85,0.0,4.1,49,942.4,16,33.2,33.4,436.0,7.0,58.0,4.9
2025-10-25 21:00:00,2025,10,25,21,Sơn La,Xã Gia Phù,21.1792752,104.5565002,54,Moderate,1,17.0,87,0.0,4.5,47,942.5,5,33.2,33.4,446.0,8.1,52.0,5.3
2025-10-25 22:00:00,2025,10,25,22,Sơn La,Xã Gia Phù,21.1792752,104.5565002,56,Moderate,1,16.6,88,0.0,4.7,47,942.3,2,33.2,33.4,440.0,8.9,46.0,5.6
2025-10-25 23:00:00,2025,10,25,23,Sơn La,Xã Gia Phù,21.1792752,104.5565002,57,Moderate,1,16.2,87,0.0,4.6,48,942.2,14,34.2,34.5,408.0,9.5,40.0,5.4
2025-10-26 00:00:00,2025,10,26,0,Sơn La,Xã Gia Phù,21.1792752,104.5565002,59,Moderate,1,16.1,87,0.0,4.2,50,941.9,55,34.1,34.3,360.0,10.0,35.0,5.0
2025-10-26 01:00:00,2025,10,26,1,Sơn La,Xã Gia Phù,21.1792752,104.5565002,61,Moderate,1,16.7,87,0.0,3.6,60,942.2,75,33.5,33.8,322.0,9.9,33.0,4.6
2025-10-26 02:00:00,2025,10,26,2,Sơn La,Xã Gia Phù,21.1792752,104.5565002,63,Moderate,1,17.1,87,0.0,3.6,72,941.8,71,32.0,32.1,304.0,8.7,38.0,4.3
2025-10-26 03:00:00,2025,10,26,3,Sơn La,Xã Gia Phù,21.1792752,104.5565002,65,Moderate,1,17.1,88,0.0,3.3,77,941.5,56,29.7,29.8,297.0,7.0,46.0,4.1
2025-10-26 04:00:00,2025,10,26,4,Sơn La,Xã Gia Phù,21.1792752,104.5565002,66,Moderate,1,17.0,89,0.0,3.3,81,941.0,48,25.6,25.7,300.0,5.6,52.0,3.9
2025-10-26 05:00:00,2025,10,26,5,Sơn La,Xã Gia Phù,21.1792752,104.5565002,67,Moderate,1,17.2,89,0.0,3.4,87,941.3,51,23.2,23.3,324.0,5.1,54.0,3.6
2025-10-26 06:00:00,2025,10,26,6,Sơn La,Xã Gia Phù,21.1792752,104.5565002,68,Moderate,1,17.2,89,0.0,3.6,96,941.8,70,22.1,22.2,358.0,5.0,54.0,3.3
2025-10-26 07:00:00,2025,10,26,7,Sơn La,Xã Gia Phù,21.1792752,104.5565002,69,Moderate,1,18.2,86,0.0,5.8,94,943.1,78,12.7,12.7,374.0,4.7,61.0,3.3
2025-10-26 08:00:00,2025,10,26,8,Sơn La,Xã Gia Phù,21.1792752,104.5565002,70,Moderate,1,19.2,80,0.0,7.4,94,943.9,63,12.6,12.7,352.0,3.8,67.0,4.0
2025-10-26 09:00:00,2025,10,26,9,Sơn La,Xã Gia Phù,21.1792752,104.5565002,70,Moderate,1,20.3,72,0.0,11.9,93,944.6,56,14.9,15.0,311.0,2.5,75.0,5.0
2025-10-26 10:00:00,2025,10,26,10,Sơn La,Xã Gia Phù,21.1792752,104.5565002,71,Moderate,1,21.2,67,0.0,14.1,87,945.0,55,16.0,16.1,280.0,1.5,82.0,5.5
2025-10-26 11:00:00,2025,10,26,11,Sơn La,Xã Gia Phù,21.1792752,104.5565002,71,Moderate,1,21.4,67,0.0,14.5,84,944.1,48,16.2,16.4,270.0,1.1,84.0,5.1
2025-10-26 12:00:00,2025,10,26,12,Sơn La,Xã Gia Phù,21.1792752,104.5565002,72,Moderate,1,22.0,65,0.0,15.0,84,943.1,44,15.6,15.7,268.0,1.1,85.0,4.2
2025-10-26 13:00:00,2025,10,26,13,Sơn La,Xã Gia Phù,21.1792752,104.5565002,72,Moderate,1,22.7,62,0.0,14.4,86,942.3,34,15.7,15.8,268.0,1.1,86.0,3.5
2025-10-26 14:00:00,2025,10,26,14,Sơn La,Xã Gia Phù,21.1792752,104.5565002,73,Moderate,1,22.4,63,0.0,14.0,82,941.4,53,16.1,16.2,262.0,0.9,89.0,3.3
2025-10-26 15:00:00,2025,10,26,15,Sơn La,Xã Gia Phù,21.1792752,104.5565002,73,Moderate,1,22.2,64,0.0,13.0,79,940.9,46,16.5,16.6,256.0,0.9,93.0,3.4
2025-10-26 16:00:00,2025,10,26,16,Sơn La,Xã Gia Phù,21.1792752,104.5565002,73,Moderate,1,21.9,65,0.0,12.0,78,940.7,30,16.8,16.9,265.0,1.5,93.0,3.6
2025-10-26 17:00:00,2025,10,26,17,Sơn La,Xã Gia Phù,21.1792752,104.5565002,73,Moderate,1,20.9,69,0.0,8.8,67,940.7,9,16.4,16.5,304.0,3.5,86.0,3.8
2025-10-26 18:00:00,2025,10,26,18,Sơn La,Xã Gia Phù,21.1792752,104.5565002,73,Moderate,1,19.5,74,0.0,6.6,41,940.8,7,17.2,17.3,356.0,6.3,75.0,4.2
2025-10-26 19:00:00,2025,10,26,19,Sơn La,Xã Gia Phù,21.1792752,104.5565002,73,Moderate,1,18.8,79,0.0,5.8,36,942.2,5,24.2,24.4,391.0,7.5,71.0,7.0
2025-10-26 20:00:00,2025,10,26,20,Sơn La,Xã Gia Phù,21.1792752,104.5565002,73,Moderate,1,18.1,80,0.0,5.1,36,942.7,6,25.8,26.0,391.0,7.9,70.0,7.6
2025-10-26 21:00:00,2025,10,26,21,Sơn La,Xã Gia Phù,21.1792752,104.5565002,72,Moderate,1,17.7,80,0.0,5.4,34,943.1,13,27.5,27.6,373.0,8.3,69.0,8.5
2025-10-26 22:00:00,2025,10,26,22,Sơn La,Xã Gia Phù,21.1792752,104.5565002,72,Moderate,1,17.5,79,0.0,5.2,31,943.0,6,29.1,29.3,353.0,8.6,67.0,9.0
2025-10-26 23:00:00,2025,10,26,23,Sơn La,Xã Gia Phù,21.1792752,104.5565002,71,Moderate,1,17.2,79,0.0,5.0,38,943.0,8,30.0,30.3,335.0,8.5,64.0,8.8
2025-10-27 00:00:00,2025,10,27,0,Sơn La,Xã Gia Phù,21.1792752,104.5565002,71,Moderate,1,17.0,80,0.0,4.9,39,942.8,6,29.9,30.0,315.0,8.1,60.0,8.2
2025-10-27 01:00:00,2025,10,27,1,Sơn La,Xã Gia Phù,21.1792752,104.5565002,71,Moderate,1,16.7,82,0.0,4.7,47,942.5,14,29.1,29.2,298.0,7.7,57.0,7.7
2025-10-27 02:00:00,2025,10,27,2,Sơn La,Xã Gia Phù,21.1792752,104.5565002,70,Moderate,1,16.5,83,0.0,4.5,47,942.0,32,28.4,28.5,283.0,7.3,54.0,7.3
2025-10-27 03:00:00,2025,10,27,3,Sơn La,Xã Gia Phù,21.1792752,104.5565002,70,Moderate,1,16.4,84,0.0,5.1,58,941.8,61,27.8,27.9,271.0,7.0,51.0,7.0
2025-10-27 04:00:00,2025,10,27,4,Sơn La,Xã Gia Phù,21.1792752,104.5565002,70,Moderate,1,16.6,84,0.0,4.8,65,941.7,75,27.4,27.5,274.0,6.7,49.0,6.7
2025-10-27 05:00:00,2025,10,27,5,Sơn La,Xã Gia Phù,21.1792752,104.5565002,70,Moderate,1,17.0,85,0.0,4.8,75,942.0,85,27.2,27.3,309.0,6.8,46.0,6.7
2025-10-27 06:00:00,2025,10,27,6,Sơn La,Xã Gia Phù,21.1792752,104.5565002,70,Moderate,1,17.2,85,0.0,5.2,74,942.6,54,27.2,27.2,359.0,7.0,44.0,6.7
2025-10-27 07:00:00,2025,10,27,7,Sơn La,Xã Gia Phù,21.1792752,104.5565002,71,Moderate,1,17.8,81,0.0,7.3,79,943.6,20,26.0,26.1,386.0,7.7,46.0,8.0
2025-10-27 08:00:00,2025,10,27,8,Sơn La,Xã Gia Phù,21.1792752,104.5565002,72,Moderate,1,19.4,69,0.0,11.2,84,944.4,20,16.9,16.9,367.0,5.8,57.0,6.9
2025-10-27 09:00:00,2025,10,27,9,Sơn La,Xã Gia Phù,21.1792752,104.5565002,72,Moderate,1,20.1,66,0.0,14.8,86,944.8,59,10.8,10.9,325.0,3.3,72.0,5.4
2025-10-27 10:00:00,2025,10,27,10,Sơn La,Xã Gia Phù,21.1792752,104.5565002,72,Moderate,1,20.4,67,0.0,15.3,88,945.1,63,9.6,9.7,291.0,1.4,83.0,4.2
2025-10-27 11:00:00,2025,10,27,11,Sơn La,Xã Gia Phù,21.1792752,104.5565002,71,Moderate,1,20.9,67,0.0,15.0,84,944.6,66,9.1,9.1,278.0,0.9,87.0,3.5
2025-10-27 12:00:00,2025,10,27,12,Sơn La,Xã Gia Phù,21.1792752,104.5565002,71,Moderate,1,21.6,63,0.0,15.0,87,943.7,35,9.5,9.5,274.0,1.0,88.0,3.2
2025-10-27 13:00:00,2025,10,27,13,Sơn La,Xã Gia Phù,21.1792752,104.5565002,70,Moderate,1,22.7,61,0.0,13.2,95,942.9,44,10.3,10.3,269.0,1.2,88.0,2.8
2025-10-27 14:00:00,2025,10,27,14,Sơn La,Xã Gia Phù,21.1792752,104.5565002,70,Moderate,1,22.9,59,0.0,12.8,92,942.0,42,10.8,10.8,255.0,1.0,91.0,2.3
2025-10-27 15:00:00,2025,10,27,15,Sơn La,Xã Gia Phù,21.1792752,104.5565002,69,Moderate,1,22.6,61,0.0,12.5,84,941.5,38,10.8,10.9,240.0,0.9,93.0,1.8
2025-10-27 16:00:00,2025,10,27,16,Sơn La,Xã Gia Phù,21.1792752,104.5565002,69,Moderate,1,21.9,64,0.0,9.9,75,941.1,31,10.5,10.5,246.0,1.4,92.0,1.6
2025-10-27 17:00:00,2025,10,27,17,Sơn La,Xã Gia Phù,21.1792752,104.5565002,68,Moderate,1,21.2,68,0.0,8.0,65,941.2,44,10.2,10.2,290.0,3.2,84.0,1.7
2025-10-27 18:00:00,2025,10,27,18,Sơn La,Xã Gia Phù,21.1792752,104.5565002,67,Moderate,1,19.9,72,0.0,6.7,54,941.5,34,10.6,10.7,354.0,5.7,73.0,2.1
2025-10-27 19:00:00,2025,10,27,19,Sơn La,Xã Gia Phù,21.1792752,104.5565002,67,Moderate,1,19.9,75,0.0,4.0,60,941.8,13,17.1,17.2,406.0,7.3,63.0,2.5
2025-10-27 20:00:00,2025,10,27,20,Sơn La,Xã Gia Phù,21.1792752,104.5565002,66,Moderate,1,19.1,78,0.0,4.0,69,942.3,5,18.1,18.1,441.0,7.7,62.0,2.8
2025-10-27 21:00:00,2025,10,27,21,Sơn La,Xã Gia Phù,21.1792752,104.5565002,66,Moderate,1,18.3,82,0.0,4.0,58,942.5,11,18.3,18.3,464.0,8.3,60.0,3.1
2025-10-27 22:00:00,2025,10,27,22,Sơn La,Xã Gia Phù,21.1792752,104.5565002,65,Moderate,1,17.5,85,0.0,4.1,41,942.5,5,19.1,19.1,462.0,8.7,58.0,3.4
2025-10-27 23:00:00,2025,10,27,23,Sơn La,Xã Gia Phù,21.1792752,104.5565002,64,Moderate,1,16.9,86,0.0,4.3,33,942.7,17,19.7,19.7,417.0,8.7,57.0,3.4
2025-10-28 00:00:00,2025,10,28,0,Sơn La,Xã Gia Phù,21.1792752,104.5565002,63,Moderate,1,16.7,85,0.0,4.5,34,942.6,33,19.9,20.0,348.0,8.4,57.0,3.4
2025-10-28 01:00:00,2025,10,28,1,Sơn La,Xã Gia Phù,21.1792752,104.5565002,62,Moderate,1,16.8,87,0.0,5.4,37,942.4,63,19.8,19.8,297.0,8.0,56.0,3.3
2025-10-28 02:00:00,2025,10,28,2,Sơn La,Xã Gia Phù,21.1792752,104.5565002,61,Moderate,1,17.4,83,0.0,5.8,34,942.2,100,19.2,19.2,279.0,7.6,54.0,3.1
2025-10-28 03:00:00,2025,10,28,3,Sơn La,Xã Gia Phù,21.1792752,104.5565002,60,Moderate,1,17.9,82,0.0,5.5,58,942.3,95,18.3,18.3,278.0,7.0,53.0,2.9
2025-10-28 04:00:00,2025,10,28,4,Sơn La,Xã Gia Phù,21.1792752,104.5565002,60,Moderate,1,17.5,85,0.0,5.2,63,942.3,98,17.3,17.3,292.0,6.5,52.0,3.1
2025-10-28 05:00:00,2025,10,28,5,Sơn La,Xã Gia Phù,21.1792752,104.5565002,59,Moderate,1,17.5,85,0.0,5.0,64,942.1,92,16.2,16.2,331.0,6.2,52.0,3.9
2025-10-28 06:00:00,2025,10,28,6,Sơn La,Xã Gia Phù,21.1792752,104.5565002,58,Moderate,1,16.8,88,0.0,5.2,63,942.6,100,15.5,15.5,384.0,5.8,53.0,5.0
2025-10-28 07:00:00,2025,10,28,7,Sơn La,Xã Gia Phù,21.1792752,104.5565002,57,Moderate,1,18.2,85,0.0,6.2,60,943.6,99,10.4,10.4,412.0,6.2,55.0,4.8
2025-10-28 08:00:00,2025,10,28,8,Sơn La,Xã Gia Phù,21.1792752,104.5565002,55,Moderate,1,20.0,78,0.0,8.8,90,944.3,93,7.9,7.9,391.0,4.9,64.0,6.0
2025-10-28 09:00:00,2025,10,28,9,Sơn La,Xã Gia Phù,21.1792752,104.5565002,55,Moderate,1,21.2,61,0.0,14.7,79,944.9,80,5.2,5.2,346.0,3.2,76.0,7.6
2025-10-28 10:00:00,2025,10,28,10,Sơn La,Xã Gia Phù,21.1792752,104.5565002,54,Moderate,1,21.8,59,0.0,15.8,76,945.2,84,5.4,5.4,309.0,1.9,86.0,8.5
2025-10-28 11:00:00,2025,10,28,11,Sơn La,Xã Gia Phù,21.1792752,104.5565002,54,Moderate,1,22.4,58,0.0,15.6,79,944.2,83,6.5,6.5,294.0,1.5,90.0,8.0
2025-10-28 12:00:00,2025,10,28,12,Sơn La,Xã Gia Phù,21.1792752,104.5565002,53,Moderate,1,22.8,57,0.0,14.8,86,943.2,95,7.9,7.9,289.0,1.6,91.0,6.9
2025-10-28 13:00:00,2025,10,28,13,Sơn La,Xã Gia Phù,21.1792752,104.5565002,53,Moderate,1,22.9,56,0.0,12.2,91,942.5,99,10.2,10.2,287.0,1.7,92.0,5.8
2025-10-28 14:00:00,2025,10,28,14,Sơn La,Xã Gia Phù,21.1792752,104.5565002,53,Moderate,1,22.5,58,0.0,13.3,90,941.5,100,11.1,11.1,282.0,1.6,95.0,5.1
2025-10-28 15:00:00,2025,10,28,15,Sơn La,Xã Gia Phù,21.1792752,104.5565002,53,Moderate,1,22.0,60,0.0,11.5,76,941.1,98,12.0,12.0,281.0,1.5,99.0,4.5
2025-10-28 16:00:00,2025,10,28,16,Sơn La,Xã Gia Phù,21.1792752,104.5565002,53,Moderate,1,21.9,62,0.0,10.2,73,941.0,99,12.9,12.9,299.0,2.1,99.0,4.1
2025-10-28 17:00:00,2025,10,28,17,Sơn La,Xã Gia Phù,21.1792752,104.5565002,54,Moderate,1,20.7,67,0.0,7.3,67,941.1,95,13.9,13.9,355.0,3.9,92.0,4.0
2025-10-28 18:00:00,2025,10,28,18,Sơn La,Xã Gia Phù,21.1792752,104.5565002,54,Moderate,1,19.0,72,0.0,6.3,37,940.9,88,14.8,14.8,430.0,6.2,82.0,4.2
2025-10-28 19:00:00,2025,10,28,19,Sơn La,Xã Gia Phù,21.1792752,104.5565002,54,Moderate,1,19.3,75,0.0,3.9,22,941.6,95,19.2,19.3,482.0,7.2,75.0,5.7
2025-10-28 20:00:00,2025,10,28,20,Sơn La,Xã Gia Phù,21.1792752,104.5565002,55,Moderate,1,18.8,77,0.0,2.9,22,941.9,66,20.6,20.7,490.0,7.9,75.0,6.2
2025-10-28 21:00:00,2025,10,28,21,Sơn La,Xã Gia Phù,21.1792752,104.5565002,55,Moderate,1,17.9,80,0.0,3.1,13,941.7,46,22.2,22.3,474.0,8.9,74.0,6.9
2025-10-28 22:00:00,2025,10,28,22,Sơn La,Xã Gia Phù,21.1792752,104.5565002,55,Moderate,1,17.3,81,0.0,2.9,7,941.5,73,23.6,23.6,452.0,9.7,73.0,7.3
2025-10-28 23:00:00,2025,10,28,23,Sơn La,Xã Gia Phù,21.1792752,104.5565002,55,Moderate,1,17.4,80,0.0,3.1,10,941.5,74,24.7,24.7,425.0,10.0,71.0,7.3
2025-10-29 00:00:00,2025,10,29,0,Sơn La,Xã Gia Phù,21.1792752,104.5565002,56,Moderate,1,17.0,80,0.0,3.4,6,941.1,88,25.3,25.4,390.0,10.0,68.0,7.1
2025-10-29 01:00:00,2025,10,29,1,Sơn La,Xã Gia Phù,21.1792752,104.5565002,56,Moderate,1,16.5,84,0.0,3.6,20,940.8,100,25.4,25.5,361.0,9.9,64.0,6.7
2025-10-29 02:00:00,2025,10,29,2,Sơn La,Xã Gia Phù,21.1792752,104.5565002,57,Moderate,1,16.5,82,0.0,3.3,13,940.5,100,25.7,25.8,334.0,9.7,59.0,6.1
2025-10-29 03:00:00,2025,10,29,3,Sơn La,Xã Gia Phù,21.1792752,104.5565002,57,Moderate,1,16.1,83,0.0,3.3,13,940.2,100,26.1,26.2,311.0,9.4,54.0,5.4
2025-10-29 04:00:00,2025,10,29,4,Sơn La,Xã Gia Phù,21.1792752,104.5565002,58,Moderate,1,15.9,83,0.0,3.8,19,940.4,98,27.2,27.2,315.0,9.1,49.0,4.7
2025-10-29 05:00:00,2025,10,29,5,Sơn La,Xã Gia Phù,21.1792752,104.5565002,59,Moderate,1,15.8,83,0.0,3.6,27,940.5,99,29.6,29.6,371.0,9.2,43.0,4.0
2025-10-29 06:00:00,2025,10,29,6,Sơn La,Xã Gia Phù,21.1792752,104.5565002,60,Moderate,1,15.6,83,0.0,4.2,47,941.0,99,31.8,31.9,453.0,9.3,37.0,3.4
2025-10-29 07:00:00,2025,10,29,7,Sơn La,Xã Gia Phù,21.1792752,104.5565002,62,Moderate,1,17.6,81,0.0,4.1,45,942.3,99,33.9,33.9,504.0,8.6,46.0,3.5
2025-10-29 08:00:00,2025,10,29,8,Sơn La,Xã Gia Phù,21.1792752,104.5565002,64,Moderate,1,19.6,75,0.0,6.4,82,943.1,98,25.7,25.8,491.0,6.5,64.0,6.0
2025-10-29 09:00:00,2025,10,29,9,Sơn La,Xã Gia Phù,21.1792752,104.5565002,65,Moderate,1,20.9,68,0.0,9.4,95,943.6,97,20.2,20.4,447.0,3.5,88.0,9.3
2025-10-29 10:00:00,2025,10,29,10,Sơn La,Xã Gia Phù,21.1792752,104.5565002,67,Moderate,1,22.0,64,0.0,11.4,87,943.8,98,18.3,18.5,412.0,1.3,106.0,11.1
2025-10-29 11:00:00,2025,10,29,11,Sơn La,Xã Gia Phù,21.1792752,104.5565002,68,Moderate,1,22.9,60,0.0,11.0,91,942.9,98,16.6,16.8,402.0,0.6,110.0,10.1
2025-10-29 12:00:00,2025,10,29,12,Sơn La,Xã Gia Phù,21.1792752,104.5565002,69,Moderate,1,23.5,58,0.0,10.7,99,942.0,86,16.7,16.9,401.0,0.7,108.0,7.6
2025-10-29 13:00:00,2025,10,29,13,Sơn La,Xã Gia Phù,21.1792752,104.5565002,69,Moderate,1,23.7,59,0.0,8.9,99,941.6,84,17.8,17.9,398.0,0.9,106.0,5.6
2025-10-29 14:00:00,2025,10,29,14,Sơn La,Xã Gia Phù,21.1792752,104.5565002,70,Moderate,1,23.9,59,0.0,9.5,101,940.7,85,18.6,18.7,380.0,0.7,108.0,4.8
2025-10-29 15:00:00,2025,10,29,15,Sơn La,Xã Gia Phù,21.1792752,104.5565002,71,Moderate,1,23.4,61,0.0,9.5,100,940.3,30,19.2,19.3,359.0,0.5,110.0,4.5
2025-10-29 16:00:00,2025,10,29,16,Sơn La,Xã Gia Phù,21.1792752,104.5565002,71,Moderate,1,22.9,63,0.0,6.1,87,940.0,3,19.7,19.8,365.0,1.2,108.0,4.5
2025-10-29 17:00:00,2025,10,29,17,Sơn La,Xã Gia Phù,21.1792752,104.5565002,72,Moderate,1,21.6,75,0.0,3.4,74,939.9,1,20.8,20.9,424.0,3.6,99.0,4.9
2025-10-29 18:00:00,2025,10,29,18,Sơn La,Xã Gia Phù,21.1792752,104.5565002,73,Moderate,1,19.7,77,0.0,4.1,34,940.1,27,23.3,23.5,510.0,6.8,86.0,5.6
2025-10-29 19:00:00,2025,10,29,19,Sơn La,Xã Gia Phù,21.1792752,104.5565002,73,Moderate,1,19.9,76,0.0,3.1,24,940.3,24,17.9,17.9,566.0,7.3,81.0,6.8
2025-10-29 20:00:00,2025,10,29,20,Sơn La,Xã Gia Phù,21.1792752,104.5565002,73,Moderate,1,19.9,76,0.0,5.0,35,941.1,100,19.6,19.6,566.0,7.9,78.0,7.5
2025-10-29 21:00:00,2025,10,29,21,Sơn La,Xã Gia Phù,21.1792752,104.5565002,73,Moderate,1,19.8,76,0.0,4.9,33,941.2,87,20.6,20.7,536.0,8.6,74.0,8.5
2025-10-29 22:00:00,2025,10,29,22,Sơn La,Xã Gia Phù,21.1792752,104.5565002,73,Moderate,1,19.8,77,0.0,4.2,43,941.6,100,22.4,22.5,506.0,9.1,71.0,9.4
2025-10-29 23:00:00,2025,10,29,23,Sơn La,Xã Gia Phù,21.1792752,104.5565002,73,Moderate,1,19.3,78,0.0,4.1,41,941.4,100,24.8,24.9,483.0,9.1,69.0,10.2
2025-10-30 00:00:00,2025,10,30,0,Sơn La,Xã Gia Phù,21.1792752,104.5565002,73,Moderate,1,19.3,78,0.0,4.3,42,941.2,99,26.8,26.8,460.0,8.8,68.0,10.8
2025-10-30 01:00:00,2025,10,30,1,Sơn La,Xã Gia Phù,21.1792752,104.5565002,73,Moderate,1,18.8,81,0.0,3.8,45,941.2,100,27.4,27.5,440.0,8.5,65.0,11.0
2025-10-30 02:00:00,2025,10,30,2,Sơn La,Xã Gia Phù,21.1792752,104.5565002,73,Moderate,1,19.2,80,0.0,4.2,43,940.9,100,27.9,27.9,419.0,8.3,59.0,10.3
2025-10-30 03:00:00,2025,10,30,3,Sơn La,Xã Gia Phù,21.1792752,104.5565002,73,Moderate,1,19.0,81,0.0,4.2,47,940.5,100,28.3,28.3,402.0,8.2,52.0,9.1
2025-10-30 04:00:00,2025,10,30,4,Sơn La,Xã Gia Phù,21.1792752,104.5565002,74,Moderate,1,18.8,82,0.0,4.2,54,940.5,100,27.4,27.5,403.0,8.0,48.0,8.5
2025-10-30 05:00:00,2025,10,30,5,Sơn La,Xã Gia Phù,21.1792752,104.5565002,74,Moderate,1,18.6,84,0.0,3.9,47,940.6,100,27.0,27.1,443.0,8.0,50.0,9.0
2025-10-30 06:00:00,2025,10,30,6,Sơn La,Xã Gia Phù,21.1792752,104.5565002,73,Moderate,1,18.1,85,0.0,4.0,39,940.9,100,27.0,27.1,501.0,7.9,56.0,10.1
2025-10-30 07:00:00,2025,10,30,7,Sơn La,Xã Gia Phù,21.1792752,104.5565002,73,Moderate,1,19.4,84,0.0,3.7,47,941.9,100,21.9,22.0,535.0,6.9,63.0,11.6
2025-10-30 08:00:00,2025,10,30,8,Sơn La,Xã Gia Phù,21.1792752,104.5565002,72,Moderate,1,20.8,78,0.0,6.1,87,942.5,100,12.8,12.8,521.0,5.6,71.0,11.9
2025-10-30 09:00:00,2025,10,30,9,Sơn La,Xã Gia Phù,21.1792752,104.5565002,71,Moderate,1,21.0,79,0.0,7.6,97,943.2,100,11.0,11.0,483.0,3.9,81.0,12.2
2025-10-30 10:00:00,2025,10,30,10,Sơn La,Xã Gia Phù,21.1792752,104.5565002,70,Moderate,1,21.2,80,0.1,7.9,90,943.6,100,11.3,11.3,445.0,2.5,89.0,12.5
2025-10-30 11:00:00,2025,10,30,11,Sơn La,Xã Gia Phù,21.1792752,104.5565002,69,Moderate,1,21.3,81,0.1,8.7,86,943.0,100,12.6,12.7,413.0,1.9,92.0,12.6
2025-10-30 12:00:00,2025,10,30,12,Sơn La,Xã Gia Phù,21.1792752,104.5565002,69,Moderate,1,22.0,78,0.0,9.0,90,942.0,100,14.3,14.4,382.0,1.8,92.0,12.5
2025-10-30 13:00:00,2025,10,30,13,Sơn La,Xã Gia Phù,21.1792752,104.5565002,69,Moderate,1,23.6,71,0.0,12.5,97,941.5,100,16.1,16.2,357.0,1.8,92.0,12.3
2025-10-30 14:00:00,2025,10,30,14,Sơn La,Xã Gia Phù,21.1792752,104.5565002,69,Moderate,1,23.9,69,0.0,13.1,90,940.7,99,17.8,17.9,337.0,1.8,93.0,11.8
2025-10-30 15:00:00,2025,10,30,15,Sơn La,Xã Gia Phù,21.1792752,104.5565002,69,Moderate,1,23.3,72,0.0,14.3,85,940.4,99,19.1,19.1,323.0,2.0,93.0,11.1
2025-10-30 16:00:00,2025,10,30,16,Sơn La,Xã Gia Phù,21.1792752,104.5565002,69,Moderate,1,22.3,76,0.0,13.1,77,940.4,98,20.1,20.1,331.0,2.4,91.0,10.8
2025-10-30 17:00:00,2025,10,30,17,Sơn La,Xã Gia Phù,21.1792752,104.5565002,69,Moderate,1,21.5,80,0.0,10.4,73,940.8,95,21.0,21.1,377.0,3.4,86.0,11.2
2025-10-30 18:00:00,2025,10,30,18,Sơn La,Xã Gia Phù,21.1792752,104.5565002,69,Moderate,1,21.0,83,0.0,8.0,65,941.1,73,21.9,21.9,445.0,4.7,80.0,11.9
2025-10-30 19:00:00,2025,10,30,19,Sơn La,Xã Gia Phù,21.1792752,104.5565002,69,Moderate,1,21.1,85,0.0,7.0,67,941.5,99,39.3,39.5,496.0,6.0,85.0,14.0
2025-10-30 20:00:00,2025,10,30,20,Sơn La,Xã Gia Phù,21.1792752,104.5565002,70,Moderate,1,21.2,86,0.0,7.2,72,942.5,75,39.3,39.5,515.0,6.0,85.0,14.6
2025-10-30 21:00:00,2025,10,30,21,Sơn La,Xã Gia Phù,21.1792752,104.5565002,72,Moderate,1,20.5,89,0.0,6.6,68,942.7,100,39.0,39.1,517.0,6.0,86.0,15.4
2025-10-30 22:00:00,2025,10,30,22,Sơn La,Xã Gia Phù,21.1792752,104.5565002,74,Moderate,1,20.4,89,0.0,6.4,63,942.6,100,38.2,38.3,512.0,5.9,85.0,15.6
2025-10-30 23:00:00,2025,10,30,23,Sơn La,Xã Gia Phù,21.1792752,104.5565002,75,Moderate,1,20.5,89,0.0,6.1,71,942.5,100,36.9,37.0,500.0,5.7,83.0,14.8
2025-10-31 00:00:00,2025,10,31,0,Sơn La,Xã Gia Phù,21.1792752,104.5565002,76,Moderate,1,20.3,90,0.1,5.9,76,942.1,100,33.1,33.2,482.0,5.4,79.0,13.4
2025-10-31 01:00:00,2025,10,31,1,Sơn La,Xã Gia Phù,21.1792752,104.5565002,77,Moderate,1,19.7,95,0.1,6.2,57,941.5,72,28.6,28.7,468.0,5.1,75.0,11.9
2025-10-31 02:00:00,2025,10,31,2,Sơn La,Xã Gia Phù,21.1792752,104.5565002,77,Moderate,1,19.5,95,0.0,6.4,63,941.0,73,23.8,23.9,460.0,4.7,70.0,10.2
2025-10-31 03:00:00,2025,10,31,3,Sơn La,Xã Gia Phù,21.1792752,104.5565002,77,Moderate,1,19.5,95,0.0,6.4,63,941.2,98,19.0,19.0,455.0,4.3,65.0,8.4
2025-10-31 04:00:00,2025,10,31,4,Sơn La,Xã Gia Phù,21.1792752,104.5565002,76,Moderate,1,19.5,94,0.0,5.8,56,941.3,100,15.8,15.8,461.0,4.1,61.0,6.8
2025-10-31 05:00:00,2025,10,31,5,Sơn La,Xã Gia Phù,21.1792752,104.5565002,75,Moderate,1,19.4,94,0.0,5.4,69,941.5,100,13.4,13.4,486.0,4.2,58.0,5.8
2025-10-31 06:00:00,2025,10,31,6,Sơn La,Xã Gia Phù,21.1792752,104.5565002,74,Moderate,1,19.4,94,0.0,5.6,73,942.1,100,11.4,11.4,521.0,4.6,55.0,5.0
2025-10-31 07:00:00,2025,10,31,7,Sơn La,Xã Gia Phù,21.1792752,104.5565002,72,Moderate,1,20.0,96,0.1,6.1,66,942.8,100,6.2,6.2,542.0,4.2,58.0,5.5
2025-10-31 08:00:00,2025,10,31,8,Sơn La,Xã Gia Phù,21.1792752,104.5565002,71,Moderate,1,20.4,93,0.1,8.5,83,943.2,100,8.8,8.8,542.0,3.7,62.0,5.1
2025-10-31 09:00:00,2025,10,31,9,Sơn La,Xã Gia Phù,21.1792752,104.5565002,70,Moderate,1,20.9,86,0.1,9.4,86,944.0,100,12.3,12.4,528.0,3.0,68.0,4.5
2025-10-31 10:00:00,2025,10,31,10,Sơn La,Xã Gia Phù,21.1792752,104.5565002,71,Moderate,1,21.5,80,0.0,10.2,82,944.5,100,16.0,16.1,494.0,2.3,73.0,4.0
2025-10-31 11:00:00,2025,10,31,11,Sơn La,Xã Gia Phù,21.1792752,104.5565002,71,Moderate,1,21.7,78,0.0,11.1,78,943.5,90,18.2,18.3,422.0,1.8,77.0,3.7
2025-10-31 12:00:00,2025,10,31,12,Sơn La,Xã Gia Phù,21.1792752,104.5565002,71,Moderate,1,22.7,73,0.0,11.8,84,942.5,35,18.4,18.5,330.0,1.3,81.0,3.4
2025-10-31 13:00:00,2025,10,31,13,Sơn La,Xã Gia Phù,21.1792752,104.5565002,72,Moderate,1,23.0,71,0.0,12.1,94,942.2,64,16.5,16.5,265.0,1.1,84.0,3.2
2025-10-31 14:00:00,2025,10,31,14,Sơn La,Xã Gia Phù,21.1792752,104.5565002,72,Moderate,1,22.6,72,0.0,13.2,95,941.3,49,14.9,14.9,247.0,1.1,85.0,2.9
2025-10-31 15:00:00,2025,10,31,15,Sơn La,Xã Gia Phù,21.1792752,104.5565002,72,Moderate,1,21.9,74,0.0,12.4,88,940.6,54,15.0,15.1,256.0,1.2,85.0,2.6
2025-10-31 16:00:00,2025,10,31,16,Sơn La,Xã Gia Phù,21.1792752,104.5565002,71,Moderate,1,21.2,76,0.0,11.3,83,940.6,34,14.8,14.8,279.0,1.6,84.0,2.5
2025-10-31 17:00:00,2025,10,31,17,Sơn La,Xã Gia Phù,21.1792752,104.5565002,71,Moderate,1,20.7,78,0.0,9.5,69,940.9,24,15.3,15.4,322.0,2.4,81.0,2.9
2025-10-31 18:00:00,2025,10,31,18,Sơn La,Xã Gia Phù,21.1792752,104.5565002,70,Moderate,1,20.0,79,0.0,7.2,55,941.4,34,16.9,16.9,378.0,3.4,77.0,3.5
2025-10-31 19:00:00,2025,10,31,19,Sơn La,Xã Gia Phù,21.1792752,104.5565002,70,Moderate,1,19.8,84,0.0,6.2,57,941.8,96,20.5,20.5,417.0,4.7,71.0,5.1
2025-10-31 20:00:00,2025,10,31,20,Sơn La,Xã Gia Phù,21.1792752,104.5565002,68,Moderate,1,20.0,83,0.0,6.3,63,942.5,100,20.3,20.3,421.0,4.7,69.0,5.1
2025-10-31 21:00:00,2025,10,31,21,Sơn La,Xã Gia Phù,21.1792752,104.5565002,66,Moderate,1,20.0,83,0.0,6.9,65,942.9,100,18.9,18.9,408.0,4.6,67.0,5.0
2025-10-31 22:00:00,2025,10,31,22,Sơn La,Xã Gia Phù,21.1792752,104.5565002,65,Moderate,1,19.5,90,0.6,7.8,75,943.0,99,17.5,17.5,397.0,4.5,65.0,4.8
2025-10-31 23:00:00,2025,10,31,23,Sơn La,Xã Gia Phù,21.1792752,104.5565002,63,Moderate,1,18.9,96,4.0,5.5,73,942.5,100,15.7,15.7,399.0,4.3,63.0,4.3
2025-11-01 00:00:00,2025,11,1,0,Sơn La,Xã Gia Phù,21.1792752,104.5565002,61,Moderate,1,18.9,97,0.5,7.6,85,942.4,100,13.8,13.9,403.0,4.0,61.0,3.6
2025-11-01 01:00:00,2025,11,1,1,Sơn La,Xã Gia Phù,21.1792752,104.5565002,59,Moderate,1,19.0,97,0.3,9.9,75,942.3,99,11.4,11.4,393.0,3.7,60.0,3.0
2025-11-01 02:00:00,2025,11,1,2,Sơn La,Xã Gia Phù,21.1792752,104.5565002,58,Moderate,1,18.3,97,0.8,8.8,85,941.8,99,9.5,9.5,349.0,3.3,60.0,2.4
2025-11-01 03:00:00,2025,11,1,3,Sơn La,Xã Gia Phù,21.1792752,104.5565002,56,Moderate,1,17.9,97,0.2,8.0,85,941.3,100,7.7,7.7,290.0,2.9,60.0,1.9
2025-11-01 04:00:00,2025,11,1,4,Sơn La,Xã Gia Phù,21.1792752,104.5565002,55,Moderate,1,17.6,97,0.0,8.7,86,941.5,100,6.5,6.6,258.0,2.7,60.0,1.5
2025-11-01 05:00:00,2025,11,1,5,Sơn La,Xã Gia Phù,21.1792752,104.5565002,55,Moderate,1,17.5,95,0.0,9.2,83,941.6,100,6.1,6.1,278.0,2.8,59.0,1.3
2025-11-01 06:00:00,2025,11,1,6,Sơn La,Xã Gia Phù,21.1792752,104.5565002,54,Moderate,1,17.1,94,0.0,8.5,77,942.3,98,6.0,6.0,325.0,3.1,58.0,1.3
2025-11-01 07:00:00,2025,11,1,7,Sơn La,Xã Gia Phù,21.1792752,104.5565002,53,Moderate,1,17.9,86,0.0,8.8,71,943.3,100,9.4,9.4,362.0,4.7,53.0,2.3
2025-11-01 08:00:00,2025,11,1,8,Sơn La,Xã Gia Phù,21.1792752,104.5565002,54,Moderate,1,18.3,87,0.0,10.1,87,944.1,100,8.6,8.6,376.0,4.0,57.0,2.0
2025-11-01 09:00:00,2025,11,1,9,Sơn La,Xã Gia Phù,21.1792752,104.5565002,54,Moderate,1,18.9,82,0.0,10.5,85,944.4,100,8.8,8.9,380.0,3.1,64.0,1.6
2025-11-01 10:00:00,2025,11,1,10,Sơn La,Xã Gia Phù,21.1792752,104.5565002,53,Moderate,1,19.5,78,0.0,11.6,84,944.5,100,8.4,8.4,379.0,2.4,69.0,1.3
2025-11-01 11:00:00,2025,11,1,11,Sơn La,Xã Gia Phù,21.1792752,104.5565002,53,Moderate,1,20.0,74,0.0,12.8,84,944.1,99,6.0,6.0,374.0,2.0,72.0,1.3
2025-11-01 12:00:00,2025,11,1,12,Sơn La,Xã Gia Phù,21.1792752,104.5565002,52,Moderate,1,20.5,70,0.0,14.3,80,943.1,99,7.4,7.4,364.0,1.7,75.0,1.4
2025-11-01 13:00:00,2025,11,1,13,Sơn La,Xã Gia Phù,21.1792752,104.5565002,51,Moderate,1,19.1,73,0.0,13.5,82,942.3,100,8.8,8.8,356.0,1.6,76.0,1.5
2025-11-01 14:00:00,2025,11,1,14,Sơn La,Xã Gia Phù,21.1792752,104.5565002,50,Good,0,18.7,75,0.0,12.5,83,941.4,100,9.1,9.2,351.0,1.7,76.0,1.6
2025-11-01 15:00:00,2025,11,1,15,Sơn La,Xã Gia Phù,21.1792752,104.5565002,49,Good,0,19.4,72,0.0,13.7,85,941.0,100,9.6,9.6,348.0,1.9,76.0,1.6
2025-11-01 16:00:00,2025,11,1,16,Sơn La,Xã Gia Phù,21.1792752,104.5565002,48,Good,0,18.7,74,0.0,12.8,84,940.6,96,10.0,10.0,353.0,2.3,75.0,1.7
2025-11-01 17:00:00,2025,11,1,17,Sơn La,Xã Gia Phù,21.1792752,104.5565002,47,Good,0,17.9,78,0.0,11.4,85,940.6,100,10.8,10.8,371.0,2.9,73.0,1.8
2025-11-01 18:00:00,2025,11,1,18,Sơn La,Xã Gia Phù,21.1792752,104.5565002,46,Good,0,17.1,81,0.0,9.0,70,941.3,99,11.3,11.3,396.0,3.5,71.0,2.0
2025-11-01 19:00:00,2025,11,1,19,Sơn La,Xã Gia Phù,21.1792752,104.5565002,46,Good,0,17.5,82,0.0,8.1,65,941.9,99,8.9,8.9,421.0,6.0,58.0,3.3
2025-11-01 20:00:00,2025,11,1,20,Sơn La,Xã Gia Phù,21.1792752,104.5565002,43,Good,0,17.6,82,0.0,7.3,73,942.5,99,9.2,9.3,445.0,6.0,58.0,3.8
2025-11-01 21:00:00,2025,11,1,21,Sơn La,Xã Gia Phù,21.1792752,104.5565002,42,Good,0,17.9,82,0.0,6.4,82,943.0,100,9.3,9.3,469.0,6.1,57.0,4.4
2025-11-01 22:00:00,2025,11,1,22,Sơn La,Xã Gia Phù,21.1792752,104.5565002,40,Good,0,17.9,83,0.0,6.4,82,943.2,100,9.4,9.4,480.0,6.0,56.0,4.8
2025-11-01 23:00:00,2025,11,1,23,Sơn La,Xã Gia Phù,21.1792752,104.5565002,38,Good,0,17.8,84,0.0,6.1,85,943.0,100,9.6,9.7,471.0,5.8,55.0,4.8
2025-11-02 00:00:00,2025,11,2,0,Sơn La,Xã Gia Phù,21.1792752,104.5565002,37,Good,0,17.7,85,0.0,6.7,76,942.7,100,9.7,9.8,449.0,5.5,54.0,4.6
2025-11-02 01:00:00,2025,11,2,1,Sơn La,Xã Gia Phù,21.1792752,104.5565002,37,Good,0,17.7,93,0.0,7.3,74,942.2,100,9.7,9.7,427.0,5.2,53.0,4.3
2025-11-02 02:00:00,2025,11,2,2,Sơn La,Xã Gia Phù,21.1792752,104.5565002,36,Good,0,17.4,94,0.1,8.5,77,941.2,100,9.4,9.4,405.0,4.8,53.0,3.9
2025-11-02 03:00:00,2025,11,2,3,Sơn La,Xã Gia Phù,21.1792752,104.5565002,36,Good,0,17.3,93,0.0,8.5,88,941.3,100,8.8,8.8,383.0,4.2,54.0,3.4
2025-11-02 04:00:00,2025,11,2,4,Sơn La,Xã Gia Phù,21.1792752,104.5565002,37,Good,0,16.7,97,0.5,9.0,80,941.2,100,8.3,8.4,370.0,3.9,54.0,3.0
2025-11-02 05:00:00,2025,11,2,5,Sơn La,Xã Gia Phù,21.1792752,104.5565002,37,Good,0,16.4,97,0.2,7.0,86,941.3,100,7.9,7.9,374.0,3.9,54.0,2.7
2025-11-02 06:00:00,2025,11,2,6,Sơn La,Xã Gia Phù,21.1792752,104.5565002,37,Good,0,16.1,97,0.0,8.1,84,941.8,100,6.9,6.9,387.0,4.1,53.0,2.5
2025-11-02 07:00:00,2025,11,2,7,Sơn La,Xã Gia Phù,21.1792752,104.5565002,37,Good,0,16.4,95,0.0,7.1,83,942.7,100,4.1,4.1,400.0,4.2,57.0,2.5
2025-11-02 08:00:00,2025,11,2,8,Sơn La,Xã Gia Phù,21.1792752,104.5565002,36,Good,0,16.3,95,0.2,10.1,86,943.6,100,4.1,4.1,415.0,3.6,61.0,2.6
2025-11-02 09:00:00,2025,11,2,9,Sơn La,Xã Gia Phù,21.1792752,104.5565002,36,Good,0,16.2,95,0.1,9.9,88,944.2,100,5.1,5.2,430.0,2.8,68.0,2.6
2025-11-02 10:00:00,2025,11,2,10,Sơn La,Xã Gia Phù,21.1792752,104.5565002,35,Good,0,16.9,88,0.0,10.5,84,944.4,100,6.0,6.0,431.0,2.1,73.0,2.7
2025-11-02 11:00:00,2025,11,2,11,Sơn La,Xã Gia Phù,21.1792752,104.5565002,35,Good,0,17.6,82,0.0,13.2,86,943.8,100,6.3,6.4,402.0,1.8,77.0,2.7
2025-11-02 12:00:00,2025,11,2,12,Sơn La,Xã Gia Phù,21.1792752,104.5565002,35,Good,0,18.6,74,0.0,15.8,79,943.0,100,6.3,6.3,358.0,1.6,79.0,2.8
2025-11-02 13:00:00,2025,11,2,13,Sơn La,Xã Gia Phù,21.1792752,104.5565002,34,Good,0,17.4,78,0.0,13.4,78,942.5,100,6.8,6.9,330.0,1.6,81.0,2.8
2025-11-02 14:00:00,2025,11,2,14,Sơn La,Xã Gia Phù,21.1792752,104.5565002,34,Good,0,17.2,79,0.1,11.9,79,941.7,100,7.4,7.4,333.0,1.8,81.0,2.8
2025-11-02 15:00:00,2025,11,2,15,Sơn La,Xã Gia Phù,21.1792752,104.5565002,34,Good,0,17.4,79,0.0,11.9,80,941.5,100,7.9,7.9,351.0,2.1,80.0,2.9
2025-11-02 16:00:00,2025,11,2,16,Sơn La,Xã Gia Phù,21.1792752,104.5565002,35,Good,0,17.2,80,0.0,12.0,78,941.2,100,8.2,8.3,366.0,2.6,79.0,3.1
2025-11-02 17:00:00,2025,11,2,17,Sơn La,Xã Gia Phù,21.1792752,104.5565002,36,Good,0,16.9,82,0.0,12.3,84,941.3,100,8.5,8.6,373.0,3.3,77.0,3.5
2025-11-02 18:00:00,2025,11,2,18,Sơn La,Xã Gia Phù,21.1792752,104.5565002,36,Good,0,16.8,80,0.0,11.8,81,941.7,100,9.1,9.2,377.0,4.1,74.0,4.1
2025-11-02 19:00:00,2025,11,2,19,Sơn La,Xã Gia Phù,21.1792752,104.5565002,36,Good,0,17.0,83,0.0,10.6,79,942.6,100,13.0,13.0,377.0,5.8,66.0,5.7
2025-11-02 20:00:00,2025,11,2,20,Sơn La,Xã Gia Phù,21.1792752,104.5565002,36,Good,0,17.4,81,0.0,12.1,79,943.7,100,13.3,13.3,371.0,5.5,65.0,5.6
2025-11-02 21:00:00,2025,11,2,21,Sơn La,Xã Gia Phù,21.1792752,104.5565002,35,Good,0,17.2,83,0.0,11.9,75,944.0,100,14.1,14.2,361.0,5.1,65.0,5.6
2025-11-02 22:00:00,2025,11,2,22,Sơn La,Xã Gia Phù,21.1792752,104.5565002,35,Good,0,17.0,84,0.0,12.0,78,943.9,100,14.5,14.6,352.0,4.7,64.0,5.4
2025-11-02 23:00:00,2025,11,2,23,Sơn La,Xã Gia Phù,21.1792752,104.5565002,36,Good,0,16.8,83,0.0,11.8,79,943.8,100,14.7,14.8,346.0,4.3,63.0,5.1
2025-11-03 00:00:00,2025,11,3,0,Sơn La,Xã Gia Phù,21.1792752,104.5565002,36,Good,0,16.5,81,0.0,12.3,75,943.2,100,14.8,15.0,342.0,3.8,63.0,4.7
2025-11-03 01:00:00,2025,11,3,1,Sơn La,Xã Gia Phù,21.1792752,104.5565002,37,Good,0,16.5,80,0.0,9.6,78,942.5,100,15.0,15.2,338.0,3.4,62.0,4.4
2025-11-03 02:00:00,2025,11,3,2,Sơn La,Xã Gia Phù,21.1792752,104.5565002,38,Good,0,16.5,79,0.0,10.0,83,941.6,100,15.3,15.5,333.0,3.1,62.0,4.1
2025-11-03 03:00:00,2025,11,3,3,Sơn La,Xã Gia Phù,21.1792752,104.5565002,39,Good,0,16.4,80,0.0,10.3,88,941.4,100,15.4,15.7,328.0,2.8,61.0,3.9
2025-11-03 04:00:00,2025,11,3,4,Sơn La,Xã Gia Phù,21.1792752,104.5565002,40,Good,0,16.0,82,0.0,10.5,83,941.4,100,15.5,15.8,329.0,2.7,61.0,3.7
2025-11-03 05:00:00,2025,11,3,5,Sơn La,Xã Gia Phù,21.1792752,104.5565002,42,Good,0,16.0,83,0.0,9.6,81,941.6,100,15.7,15.9,343.0,2.9,60.0,3.7
2025-11-03 06:00:00,2025,11,3,6,Sơn La,Xã Gia Phù,21.1792752,104.5565002,43,Good,0,15.9,83,0.0,9.6,82,942.3,100,15.7,15.9,362.0,3.3,60.0,3.9
2025-11-03 07:00:00,2025,11,3,7,Sơn La,Xã Gia Phù,21.1792752,104.5565002,45,Good,0,16.2,85,0.0,9.0,90,942.9,100,18.0,18.3,375.0,4.8,57.0,5.4
2025-11-03 08:00:00,2025,11,3,8,Sơn La,Xã Gia Phù,21.1792752,104.5565002,47,Good,0,16.6,83,0.0,10.3,95,943.8,100,17.2,17.5,376.0,4.3,61.0,4.9
2025-11-03 09:00:00,2025,11,3,9,Sơn La,Xã Gia Phù,21.1792752,104.5565002,49,Good,0,17.1,81,0.0,11.5,92,944.6,100,15.3,15.5,370.0,3.6,66.0,4.2
2025-11-03 10:00:00,2025,11,3,10,Sơn La,Xã Gia Phù,21.1792752,104.5565002,51,Moderate,1,17.5,78,0.0,14.0,83,944.8,100,13.2,13.5,356.0,3.1,70.0,3.6
2025-11-03 11:00:00,2025,11,3,11,Sơn La,Xã Gia Phù,21.1792752,104.5565002,51,Moderate,1,17.4,77,0.0,15.2,83,944.3,100,11.7,12.0,329.0,2.8,72.0,3.2
2025-11-03 12:00:00,2025,11,3,12,Sơn La,Xã Gia Phù,21.1792752,104.5565002,52,Moderate,1,17.7,74,0.0,16.0,78,943.5,99,10.2,10.5,295.0,2.6,73.0,2.9
2025-11-03 13:00:00,2025,11,3,13,Sơn La,Xã Gia Phù,21.1792752,104.5565002,52,Moderate,1,18.2,69,0.0,16.5,77,943.0,100,9.0,9.3,271.0,2.5,74.0,2.6
2025-11-03 14:00:00,2025,11,3,14,Sơn La,Xã Gia Phù,21.1792752,104.5565002,52,Moderate,1,17.8,70,0.0,16.2,78,942.3,100,7.7,8.0,262.0,2.2,77.0,2.4
2025-11-03 15:00:00,2025,11,3,15,Sơn La,Xã Gia Phù,21.1792752,104.5565002,52,Moderate,1,17.5,72,0.0,13.7,85,941.6,100,7.0,7.2,263.0,1.9,79.0,2.2
2025-11-03 16:00:00,2025,11,3,16,Sơn La,Xã Gia Phù,21.1792752,104.5565002,52,Moderate,1,17.2,76,0.0,11.2,92,940.9,87,6.9,7.1,271.0,2.2,79.0,2.2
2025-11-03 17:00:00,2025,11,3,17,Sơn La,Xã Gia Phù,21.1792752,104.5565002,52,Moderate,1,16.8,78,0.0,9.7,101,940.8,60,7.0,7.2,291.0,3.6,73.0,2.4
2025-11-03 18:00:00,2025,11,3,18,Sơn La,Xã Gia Phù,21.1792752,104.5565002,52,Moderate,1,16.0,83,0.0,7.4,97,941.0,96,7.6,7.9,318.0,5.7,63.0,2.6
2025-11-03 19:00:00,2025,11,3,19,Sơn La,Xã Gia Phù,21.1792752,104.5565002,52,Moderate,1,16.2,85,0.0,6.4,100,941.7,100,7.7,7.8,334.0,4.9,64.0,2.4
2025-11-03 20:00:00,2025,11,3,20,Sơn La,Xã Gia Phù,21.1792752,104.5565002,51,Moderate,1,16.5,83,0.0,8.0,100,942.1,100,7.9,8.1,330.0,4.9,63.0,2.5
2025-11-03 21:00:00,2025,11,3,21,Sơn La,Xã Gia Phù,21.1792752,104.5565002,51,Moderate,1,16.4,82,0.0,9.0,100,942.7,100,8.4,8.7,314.0,4.9,61.0,2.6
2025-11-03 22:00:00,2025,11,3,22,Sơn La,Xã Gia Phù,21.1792752,104.5565002,50,Good,0,16.0,84,0.0,8.5,92,942.6,100,8.8,9.0,298.0,4.9,59.0,2.7
2025-11-03 23:00:00,2025,11,3,23,Sơn La,Xã Gia Phù,21.1792752,104.5565002,50,Good,0,15.7,87,0.0,7.7,90,942.8,100,8.9,9.2,283.0,4.9,57.0,2.7
2025-11-04 00:00:00,2025,11,4,0,Sơn La,Xã Gia Phù,21.1792752,104.5565002,49,Good,0,15.6,87,0.0,7.2,94,942.2,100,9.0,9.3,267.0,4.8,55.0,2.5
2025-11-04 01:00:00,2025,11,4,1,Sơn La,Xã Gia Phù,21.1792752,104.5565002,48,Good,0,16.1,87,0.0,7.5,98,942.1,100,9.0,9.2,255.0,4.6,55.0,2.4
2025-11-04 02:00:00,2025,11,4,2,Sơn La,Xã Gia Phù,21.1792752,104.5565002,47,Good,0,16.0,87,0.0,7.3,99,941.5,100,8.8,9.0,249.0,4.1,57.0,2.2
2025-11-04 03:00:00,2025,11,4,3,Sơn La,Xã Gia Phù,21.1792752,104.5565002,45,Good,0,15.9,87,0.0,7.0,102,941.3,100,8.6,8.8,246.0,3.4,60.0,2.0
2025-11-04 04:00:00,2025,11,4,4,Sơn La,Xã Gia Phù,21.1792752,104.5565002,44,Good,0,15.8,86,0.0,7.3,100,941.1,100,8.1,8.4,247.0,3.0,62.0,1.9
2025-11-04 05:00:00,2025,11,4,5,Sơn La,Xã Gia Phù,21.1792752,104.5565002,43,Good,0,15.7,87,0.0,6.9,99,941.3,100,7.9,8.1,254.0,3.0,61.0,1.9
2025-11-04 06:00:00,2025,11,4,6,Sơn La,Xã Gia Phù,21.1792752,104.5565002,42,Good,0,15.6,88,0.0,7.1,100,941.7,100,7.8,7.9,264.0,3.3,59.0,2.0
2025-11-04 07:00:00,2025,11,4,7,Sơn La,Xã Gia Phù,21.1792752,104.5565002,40,Good,0,16.0,89,0.0,8.5,96,942.7,100,6.4,6.5,269.0,3.9,60.0,1.9
2025-11-04 08:00:00,2025,11,4,8,Sơn La,Xã Gia Phù,21.1792752,104.5565002,38,Good,0,16.5,86,0.0,10.1,91,943.2,100,6.2,6.3,264.0,3.2,64.0,1.8
2025-11-04 09:00:00,2025,11,4,9,Sơn La,Xã Gia Phù,21.1792752,104.5565002,36,Good,0,17.1,83,0.0,11.0,94,944.0,100,5.7,5.7,255.0,2.2,71.0,1.6
2025-11-04 10:00:00,2025,11,4,10,Sơn La,Xã Gia Phù,21.1792752,104.5565002,35,Good,0,17.7,78,0.0,12.3,95,944.1,100,4.7,4.8,249.0,1.4,76.0,1.5
2025-11-04 11:00:00,2025,11,4,11,Sơn La,Xã Gia Phù,21.1792752,104.5565002,33,Good,0,18.0,75,0.0,14.0,97,943.7,98,4.1,4.1,250.0,1.0,79.0,1.4
2025-11-04 12:00:00,2025,11,4,12,Sơn La,Xã Gia Phù,21.1792752,104.5565002,32,Good,0,18.4,75,0.2,14.1,100,942.8,100,3.7,3.7,254.0,0.8,82.0,1.3
2025-11-04 13:00:00,2025,11,4,13,Sơn La,Xã Gia Phù,21.1792752,104.5565002,32,Good,0,17.6,82,0.5,9.9,111,941.8,100,3.3,3.3,257.0,0.8,83.0,1.3
2025-11-04 14:00:00,2025,11,4,14,Sơn La,Xã Gia Phù,21.1792752,104.5565002,33,Good,0,17.2,85,0.1,8.1,121,941.2,98,3.2,3.2,254.0,1.0,83.0,1.3
2025-11-04 15:00:00,2025,11,4,15,Sơn La,Xã Gia Phù,21.1792752,104.5565002,35,Good,0,18.3,79,0.0,9.1,105,940.8,99,3.4,3.4,251.0,1.3,82.0,1.3
2025-11-04 16:00:00,2025,11,4,16,Sơn La,Xã Gia Phù,21.1792752,104.5565002,36,Good,0,17.7,79,0.0,9.9,117,940.4,99,3.9,4.0,260.0,1.8,80.0,1.4
2025-11-04 17:00:00,2025,11,4,17,Sơn La,Xã Gia Phù,21.1792752,104.5565002,37,Good,0,16.9,81,0.0,7.4,108,940.3,100,4.7,4.8,295.0,2.4,77.0,1.6
2025-11-04 18:00:00,2025,11,4,18,Sơn La,Xã Gia Phù,21.1792752,104.5565002,37,Good,0,16.4,84,0.0,5.6,86,940.3,97,5.6,5.7,342.0,3.2,74.0,1.8
2025-11-04 19:00:00,2025,11,4,19,Sơn La,Xã Gia Phù,21.1792752,104.5565002,37,Good,0,17.0,87,0.0,5.4,82,941.0,100,10.4,10.4,378.0,5.2,67.0,3.3
2025-11-04 20:00:00,2025,11,4,20,Sơn La,Xã Gia Phù,21.1792752,104.5565002,36,Good,0,16.8,90,0.2,6.1,88,940.9,100,11.8,11.8,395.0,5.3,66.0,3.5
2025-11-04 21:00:00,2025,11,4,21,Sơn La,Xã Gia Phù,21.1792752,104.5565002,35,Good,0,16.6,90,0.1,6.3,97,941.2,100,12.6,12.7,401.0,5.3,64.0,3.8
2025-11-04 22:00:00,2025,11,4,22,Sơn La,Xã Gia Phù,21.1792752,104.5565002,34,Good,0,16.1,93,0.0,5.7,81,941.2,87,13.2,13.2,394.0,5.3,63.0,4.0
2025-11-04 23:00:00,2025,11,4,23,Sơn La,Xã Gia Phù,21.1792752,104.5565002,33,Good,0,16.1,92,0.0,5.7,72,941.2,100,13.3,13.4,367.0,4.9,63.0,3.9
2025-11-05 00:00:00,2025,11,5,0,Sơn La,Xã Gia Phù,21.1792752,104.5565002,32,Good,0,16.2,91,0.0,5.4,76,940.8,100,13.4,13.4,327.0,4.5,63.0,3.6
2025-11-05 01:00:00,2025,11,5,1,Sơn La,Xã Gia Phù,21.1792752,104.5565002,31,Good,0,16.4,91,0.0,4.1,61,940.5,100,13.3,13.3,293.0,4.3,61.0,3.3
2025-11-05 02:00:00,2025,11,5,2,Sơn La,Xã Gia Phù,21.1792752,104.5565002,32,Good,0,16.6,89,0.0,5.8,74,939.9,100,13.6,13.6,267.0,4.7,56.0,3.1
2025-11-05 03:00:00,2025,11,5,3,Sơn La,Xã Gia Phù,21.1792752,104.5565002,33,Good,0,16.4,89,0.0,6.1,78,939.5,100,14.6,14.6,247.0,5.5,50.0,2.8
2025-11-05 04:00:00,2025,11,5,4,Sơn La,Xã Gia Phù,21.1792752,104.5565002,34,Good,0,16.4,87,0.0,5.9,70,939.3,100,15.4,15.4,241.0,6.0,45.0,2.6
2025-11-05 05:00:00,2025,11,5,5,Sơn La,Xã Gia Phù,21.1792752,104.5565002,35,Good,0,16.3,88,0.0,6.3,63,939.5,100,16.0,16.1,264.0,6.2,43.0,2.4
2025-11-05 06:00:00,2025,11,5,6,Sơn La,Xã Gia Phù,21.1792752,104.5565002,37,Good,0,16.5,85,0.0,5.6,69,940.0,100,17.3,17.4,302.0,6.2,43.0,2.2
2025-11-05 07:00:00,2025,11,5,7,Sơn La,Xã Gia Phù,21.1792752,104.5565002,38,Good,0,16.8,84,0.0,5.5,71,940.5,100,16.0,16.0,320.0,3.6,56.0,2.5
2025-11-05 08:00:00,2025,11,5,8,Sơn La,Xã Gia Phù,21.1792752,104.5565002,40,Good,0,17.6,76,0.0,6.7,85,941.0,100,11.0,11.1,298.0,2.9,64.0,2.9
2025-11-05 09:00:00,2025,11,5,9,Sơn La,Xã Gia Phù,21.1792752,104.5565002,41,Good,0,17.9,75,0.0,6.9,96,941.6,100,8.8,8.8,257.0,1.8,75.0,3.4
2025-11-05 10:00:00,2025,11,5,10,Sơn La,Xã Gia Phù,21.1792752,104.5565002,41,Good,0,18.7,74,0.0,7.0,94,941.6,100,7.4,7.4,226.0,1.1,83.0,3.6
2025-11-05 11:00:00,2025,11,5,11,Sơn La,Xã Gia Phù,21.1792752,104.5565002,42,Good,0,20.0,70,0.0,7.7,101,940.9,95,7.1,7.2,216.0,0.9,87.0,3.3
2025-11-05 12:00:00,2025,11,5,12,Sơn La,Xã Gia Phù,21.1792752,104.5565002,42,Good,0,20.7,68,0.0,7.7,106,939.7,62,8.0,8.0,216.0,0.9,88.0,2.7
2025-11-05 13:00:00,2025,11,5,13,Sơn La,Xã Gia Phù,21.1792752,104.5565002,43,Good,0,21.2,67,0.0,6.2,107,939.0,37,9.1,9.1,219.0,1.0,88.0,2.2
2025-11-05 14:00:00,2025,11,5,14,Sơn La,Xã Gia Phù,21.1792752,104.5565002,44,Good,0,21.8,66,0.0,7.1,117,938.1,19,9.8,9.8,218.0,0.9,89.0,1.8
2025-11-05 15:00:00,2025,11,5,15,Sơn La,Xã Gia Phù,21.1792752,104.5565002,45,Good,0,21.6,68,0.0,6.4,126,937.6,18,10.3,10.3,219.0,0.9,89.0,1.4
2025-11-05 16:00:00,2025,11,5,16,Sơn La,Xã Gia Phù,21.1792752,104.5565002,46,Good,0,21.2,70,0.0,6.4,117,937.3,30,10.7,10.7,236.0,1.5,87.0,1.2
2025-11-05 17:00:00,2025,11,5,17,Sơn La,Xã Gia Phù,21.1792752,104.5565002,47,Good,0,19.9,78,0.0,4.1,90,936.9,29,11.4,11.4,280.0,3.1,79.0,1.3
2025-11-05 18:00:00,2025,11,5,18,Sơn La,Xã Gia Phù,21.1792752,104.5565002,49,Good,0,18.2,82,0.0,5.4,56,936.9,59,12.4,12.5,339.0,5.2,69.0,1.7
2025-11-05 19:00:00,2025,11,5,19,Sơn La,Xã Gia Phù,21.1792752,104.5565002,50,Good,0,18.6,84,0.0,4.1,38,937.6,13,22.7,22.8,392.0,7.5,61.0,3.3
2025-11-05 20:00:00,2025,11,5,20,Sơn La,Xã Gia Phù,21.1792752,104.5565002,51,Moderate,1,17.7,87,0.0,3.8,49,937.8,8,24.6,24.7,435.0,8.1,59.0,4.1
2025-11-05 21:00:00,2025,11,5,21,Sơn La,Xã Gia Phù,21.1792752,104.5565002,52,Moderate,1,16.9,90,0.0,3.6,33,938.2,13,26.5,26.7,472.0,9.1,55.0,5.3
2025-11-05 22:00:00,2025,11,5,22,Sơn La,Xã Gia Phù,21.1792752,104.5565002,53,Moderate,1,16.6,90,0.0,3.5,28,938.7,13,28.8,28.8,491.0,10.1,52.0,6.1
2025-11-05 23:00:00,2025,11,5,23,Sơn La,Xã Gia Phù,21.1792752,104.5565002,55,Moderate,1,16.5,90,0.0,3.0,25,938.8,5,30.9,30.9,483.0,11.4,50.0,6.3
2025-11-06 00:00:00,2025,11,6,0,Sơn La,Xã Gia Phù,21.1792752,104.5565002,56,Moderate,1,16.3,90,0.0,1.1,18,938.4,10,33.4,33.4,458.0,12.9,48.0,6.2
2025-11-06 01:00:00,2025,11,6,1,Sơn La,Xã Gia Phù,21.1792752,104.5565002,58,Moderate,1,16.2,92,0.0,0.9,360,937.8,13,38.8,38.9,431.0,13.8,46.0,5.7
2025-11-06 02:00:00,2025,11,6,2,Sơn La,Xã Gia Phù,21.1792752,104.5565002,60,Moderate,1,16.0,92,0.0,1.3,352,937.5,6,43.5,43.7,403.0,13.8,42.0,4.6
2025-11-06 03:00:00,2025,11,6,3,Sơn La,Xã Gia Phù,21.1792752,104.5565002,63,Moderate,1,15.7,93,0.0,0.9,360,937.0,30,47.6,47.6,374.0,13.2,37.0,3.1
2025-11-06 04:00:00,2025,11,6,4,Sơn La,Xã Gia Phù,21.1792752,104.5565002,66,Moderate,1,15.3,95,0.0,1.1,360,937.1,54,47.7,47.7,362.0,12.2,35.0,2.4
2025-11-06 05:00:00,2025,11,6,5,Sơn La,Xã Gia Phù,21.1792752,104.5565002,69,Moderate,1,15.2,94,0.0,1.5,353,937.4,69,44.7,44.8,388.0,10.6,37.0,3.4
2025-11-06 06:00:00,2025,11,6,6,Sơn La,Xã Gia Phù,21.1792752,104.5565002,71,Moderate,1,15.2,93,0.0,1.5,353,937.8,0,40.4,40.4,432.0,8.5,41.0,5.2
2025-11-06 07:00:00,2025,11,6,7,Sơn La,Xã Gia Phù,21.1792752,104.5565002,73,Moderate,1,16.5,91,0.0,0.4,360,938.6,4,27.9,27.9,445.0,5.3,50.0,6.1
2025-11-06 08:00:00,2025,11,6,8,Sơn La,Xã Gia Phù,21.1792752,104.5565002,74,Moderate,1,17.7,88,0.0,0.6,108,939.5,20,24.0,24.1,397.0,4.1,62.0,5.6
2025-11-06 09:00:00,2025,11,6,9,Sơn La,Xã Gia Phù,21.1792752,104.5565002,76,Moderate,1,19.5,81,0.0,2.3,162,940.2,5,15.4,15.5,320.0,2.4,79.0,4.9
2025-11-06 10:00:00,2025,11,6,10,Sơn La,Xã Gia Phù,21.1792752,104.5565002,76,Moderate,1,21.3,75,0.0,4.9,144,940.8,85,12.5,12.6,260.0,1.1,91.0,4.3
2025-11-06 11:00:00,2025,11,6,11,Sơn La,Xã Gia Phù,21.1792752,104.5565002,77,Moderate,1,22.1,71,0.0,5.2,160,940.1,96,10.3,10.3,238.0,0.7,94.0,3.7
2025-11-06 12:00:00,2025,11,6,12,Sơn La,Xã Gia Phù,21.1792752,104.5565002,77,Moderate,1,23.2,69,0.0,4.7,148,939.1,8,9.7,9.7,234.0,0.8,93.0,3.2
2025-11-06 13:00:00,2025,11,6,13,Sơn La,Xã Gia Phù,21.1792752,104.5565002,77,Moderate,1,24.1,65,0.0,3.9,143,938.4,6,10.2,10.2,235.0,1.0,92.0,3.2
2025-11-06 14:00:00,2025,11,6,14,Sơn La,Xã Gia Phù,21.1792752,104.5565002,77,Moderate,1,24.6,65,0.0,4.1,142,937.3,18,12.0,12.0,232.0,1.0,95.0,3.8
2025-11-06 15:00:00,2025,11,6,15,Sơn La,Xã Gia Phù,21.1792752,104.5565002,77,Moderate,1,24.6,64,0.0,5.5,117,936.9,77,13.5,13.5,234.0,1.2,99.0,4.9
2025-11-06 16:00:00,2025,11,6,16,Sơn La,Xã Gia Phù,21.1792752,104.5565002,78,Moderate,1,23.6,69,0.0,9.9,93,936.6,97,15.5,15.5,252.0,1.9,100.0,6.4
2025-11-06 17:00:00,2025,11,6,17,Sơn La,Xã Gia Phù,21.1792752,104.5565002,78,Moderate,1,21.5,79,0.0,8.7,83,936.4,96,19.3,19.3,299.0,3.6,98.0,8.6
2025-11-06 18:00:00,2025,11,6,18,Sơn La,Xã Gia Phù,21.1792752,104.5565002,79,Moderate,1,19.9,86,0.0,6.2,69,936.7,100,23.9,23.9,361.0,5.9,93.0,11.2
2025-11-06 19:00:00,2025,11,6,19,Sơn La,Xã Gia Phù,21.1792752,104.5565002,80,Moderate,1,19.8,89,0.0,4.3,45,937.7,96,33.4,33.5,409.0,9.6,86.0,13.4
2025-11-06 20:00:00,2025,11,6,20,Sơn La,Xã Gia Phù,21.1792752,104.5565002,81,Moderate,1,20.2,86,0.0,4.7,40,938.3,63,38.4,38.5,430.0,10.5,82.0,15.1
2025-11-06 21:00:00,2025,11,6,21,Sơn La,Xã Gia Phù,21.1792752,104.5565002,82,Moderate,1,19.2,90,0.0,3.9,47,938.5,59,43.1,43.1,437.0,11.6,76.0,17.4
2025-11-06 22:00:00,2025,11,6,22,Sơn La,Xã Gia Phù,21.1792752,104.5565002,83,Moderate,1,18.5,93,0.0,3.5,39,938.6,95,46.4,46.6,437.0,12.1,71.0,19.2
2025-11-06 23:00:00,2025,11,6,23,Sơn La,Xã Gia Phù,21.1792752,104.5565002,85,Moderate,1,17.9,93,0.0,3.1,45,938.6,100,49.0,49.1,431.0,11.4,67.0,20.0
2025-11-07 00:00:00,2025,11,7,0,Sơn La,Xã Gia Phù,21.1792752,104.5565002,87,Moderate,1,17.6,94,0.0,3.1,40,938.4,99,48.9,49.0,418.0,10.0,64.0,20.3
2025-11-07 01:00:00,2025,11,7,1,Sơn La,Xã Gia Phù,21.1792752,104.5565002,88,Moderate,1,17.7,96,0.0,3.1,24,937.7,100,51.1,51.2,399.0,8.7,61.0,20.4
2025-11-07 02:00:00,2025,11,7,2,Sơn La,Xã Gia Phù,21.1792752,104.5565002,89,Moderate,1,17.5,98,0.0,3.5,15,937.1,100,52.6,52.7,366.0,7.8,58.0,20.4
2025-11-07 03:00:00,2025,11,7,3,Sơn La,Xã Gia Phù,21.1792752,104.5565002,90,Moderate,1,17.0,98,0.0,3.4,360,936.7,100,52.5,52.6,327.0,7.1,55.0,20.2
2025-11-07 04:00:00,2025,11,7,4,Sơn La,Xã Gia Phù,21.1792752,104.5565002,90,Moderate,1,16.8,97,0.0,3.1,10,936.8,100,51.6,51.7,312.0,6.3,55.0,20.1
2025-11-07 05:00:00,2025,11,7,5,Sơn La,Xã Gia Phù,21.1792752,104.5565002,91,Moderate,1,16.4,97,0.0,4.1,23,937.0,100,52.3,52.5,346.0,5.4,62.0,20.3
2025-11-07 06:00:00,2025,11,7,6,Sơn La,Xã Gia Phù,21.1792752,104.5565002,91,Moderate,1,16.6,96,0.0,4.6,26,937.8,100,50.4,50.5,404.0,4.5,72.0,20.5
2025-11-07 07:00:00,2025,11,7,7,Sơn La,Xã Gia Phù,21.1792752,104.5565002,92,Moderate,1,18.2,88,0.0,4.0,72,938.4,100,39.6,39.7,440.0,3.0,83.0,17.4
2025-11-07 08:00:00,2025,11,7,8,Sơn La,Xã Gia Phù,21.1792752,104.5565002,93,Moderate,1,18.9,88,0.1,4.2,97,939.0,100,37.1,37.3,431.0,3.0,82.0,16.8
2025-11-07 09:00:00,2025,11,7,9,Sơn La,Xã Gia Phù,21.1792752,104.5565002,94,Moderate,1,19.6,90,0.2,6.6,112,940.0,100,39.2,39.3,399.0,2.9,81.0,15.9
2025-11-07 10:00:00,2025,11,7,10,Sơn La,Xã Gia Phù,21.1792752,104.5565002,96,Moderate,1,19.8,90,0.2,5.9,90,940.3,100,33.9,34.0,368.0,2.8,81.0,14.8
2025-11-07 11:00:00,2025,11,7,11,Sơn La,Xã Gia Phù,21.1792752,104.5565002,98,Moderate,1,21.2,84,0.0,4.8,103,939.7,100,32.0,32.1,343.0,2.6,82.0,13.5
2025-11-07 12:00:00,2025,11,7,12,Sơn La,Xã Gia Phù,21.1792752,104.5565002,100,Moderate,1,22.9,78,0.0,8.5,111,938.7,100,28.4,28.6,319.0,2.3,83.0,12.1
2025-11-07 13:00:00,2025,11,7,13,Sơn La,Xã Gia Phù,21.1792752,104.5565002,102,Unhealthy for Sensitive Groups,2,22.3,81,0.0,8.3,114,937.8,100,26.0,26.4,303.0,2.3,83.0,11.0
2025-11-07 14:00:00,2025,11,7,14,Sơn La,Xã Gia Phù,21.1792752,104.5565002,104,Unhealthy for Sensitive Groups,2,22.8,79,0.0,9.0,105,936.9,100,24.0,24.3,297.0,2.5,82.0,10.4
2025-11-07 15:00:00,2025,11,7,15,Sơn La,Xã Gia Phù,21.1792752,104.5565002,105,Unhealthy for Sensitive Groups,2,22.6,80,0.0,8.8,105,936.4,74,23.0,23.2,299.0,2.9,80.0,10.1
2025-11-07 16:00:00,2025,11,7,16,Sơn La,Xã Gia Phù,21.1792752,104.5565002,106,Unhealthy for Sensitive Groups,2,22.7,79,0.0,9.5,104,936.2,97,23.6,23.8,308.0,3.6,77.0,9.8
2025-11-07 17:00:00,2025,11,7,17,Sơn La,Xã Gia Phù,21.1792752,104.5565002,107,Unhealthy for Sensitive Groups,2,21.8,84,0.0,8.1,96,936.2,95,25.1,25.2,330.0,4.9,72.0,9.6
2025-11-07 18:00:00,2025,11,7,18,Sơn La,Xã Gia Phù,21.1792752,104.5565002,108,Unhealthy for Sensitive Groups,2,20.5,91,0.1,8.6,98,936.8,100,25.8,26.0,360.0,6.6,65.0,9.5
2025-11-07 19:00:00,2025,11,7,19,Sơn La,Xã Gia Phù,21.1792752,104.5565002,108,Unhealthy for Sensitive Groups,2,20.2,95,0.7,8.9,84,937.7,100,30.7,31.0,377.0,7.1,70.0,8.5
2025-11-07 20:00:00,2025,11,7,20,Sơn La,Xã Gia Phù,21.1792752,104.5565002,108,Unhealthy for Sensitive Groups,2,20.0,97,0.6,6.9,85,938.5,100,31.0,31.2,373.0,7.2,68.0,8.2
2025-11-07 21:00:00,2025,11,7,21,Sơn La,Xã Gia Phù,21.1792752,104.5565002,107,Unhealthy for Sensitive Groups,2,20.0,97,0.1,7.0,77,939.2,100,27.7,27.9,358.0,7.4,66.0,7.8
2025-11-07 22:00:00,2025,11,7,22,Sơn La,Xã Gia Phù,21.1792752,104.5565002,105,Unhealthy for Sensitive Groups,2,20.0,97,0.1,6.7,70,939.1,100,25.9,26.0,338.0,7.3,63.0,7.2
2025-11-07 23:00:00,2025,11,7,23,Sơn La,Xã Gia Phù,21.1792752,104.5565002,103,Unhealthy for Sensitive Groups,2,20.3,93,0.0,7.4,68,939.2,100,23.1,23.3,314.0,6.8,60.0,6.3
2025-11-08 00:00:00,2025,11,8,0,Sơn La,Xã Gia Phù,21.1792752,104.5565002,100,Moderate,1,19.9,96,0.0,7.3,67,938.8,100,19.0,19.1,286.0,6.0,57.0,5.2
2025-11-08 01:00:00,2025,11,8,1,Sơn La,Xã Gia Phù,21.1792752,104.5565002,98,Moderate,1,20.1,95,0.0,7.8,58,938.2,98,13.6,13.7,264.0,5.4,54.0,4.3
2025-11-08 02:00:00,2025,11,8,2,Sơn La,Xã Gia Phù,21.1792752,104.5565002,94,Moderate,1,20.4,92,0.0,7.3,70,937.6,94,8.7,8.7,249.0,5.1,49.0,3.8
2025-11-08 03:00:00,2025,11,8,3,Sơn La,Xã Gia Phù,21.1792752,104.5565002,90,Moderate,1,19.8,97,0.6,7.6,78,937.5,99,5.0,5.0,239.0,5.0,44.0,3.4
2025-11-08 04:00:00,2025,11,8,4,Sơn La,Xã Gia Phù,21.1792752,104.5565002,86,Moderate,1,19.7,97,0.3,6.3,77,937.7,100,3.3,3.4,241.0,5.1,40.0,3.4
2025-11-08 05:00:00,2025,11,8,5,Sơn La,Xã Gia Phù,21.1792752,104.5565002,82,Moderate,1,19.6,97,0.0,7.7,59,937.7,100,2.5,2.5,266.0,5.5,39.0,3.8
2025-11-08 06:00:00,2025,11,8,6,Sơn La,Xã Gia Phù,21.1792752,104.5565002,78,Moderate,1,19.7,96,0.0,7.8,67,938.3,98,1.3,1.3,302.0,6.1,40.0,4.4
2025-11-08 07:00:00,2025,11,8,7,Sơn La,Xã Gia Phù,21.1792752,104.5565002,73,Moderate,1,20.3,96,0.0,8.1,58,939.2,100,1.9,1.9,320.0,5.6,47.0,5.4
2025-11-08 08:00:00,2025,11,8,8,Sơn La,Xã Gia Phù,21.1792752,104.5565002,70,Moderate,1,20.8,95,0.1,9.8,66,939.9,100,1.4,1.4,301.0,5.3,49.0,6.3
2025-11-08 09:00:00,2025,11,8,9,Sơn La,Xã Gia Phù,21.1792752,104.5565002,67,Moderate,1,20.7,96,0.4,9.1,68,940.7,100,0.6,0.6,264.0,4.9,51.0,7.6
2025-11-08 10:00:00,2025,11,8,10,Sơn La,Xã Gia Phù,21.1792752,104.5565002,63,Moderate,1,21.1,94,0.2,11.6,68,941.0,95,0.8,0.8,235.0,4.8,53.0,8.6
2025-11-08 11:00:00,2025,11,8,11,Sơn La,Xã Gia Phù,21.1792752,104.5565002,60,Moderate,1,22.9,84,0.0,11.5,55,940.8,100,0.9,0.9,223.0,5.2,53.0,9.2
2025-11-08 12:00:00,2025,11,8,12,Sơn La,Xã Gia Phù,21.1792752,104.5565002,58,Moderate,1,23.5,80,0.1,11.6,66,939.9,100,1.0,1.0,219.0,5.9,53.0,9.5
2025-11-08 13:00:00,2025,11,8,13,Sơn La,Xã Gia Phù,21.1792752,104.5565002,55,Moderate,1,23.5,79,0.1,10.2,64,939.3,82,0.9,0.9,219.0,6.5,54.0,9.7
2025-11-08 14:00:00,2025,11,8,14,Sơn La,Xã Gia Phù,21.1792752,104.5565002,53,Moderate,1,24.4,74,0.1,10.9,73,938.5,48,1.0,1.0,221.0,6.7,58.0,9.6
2025-11-08 15:00:00,2025,11,8,15,Sơn La,Xã Gia Phù,21.1792752,104.5565002,51,Moderate,1,23.9,77,0.2,13.0,65,937.7,29,1.1,1.1,227.0,6.9,63.0,9.3
2025-11-08 16:00:00,2025,11,8,16,Sơn La,Xã Gia Phù,21.1792752,104.5565002,48,Good,0,23.4,80,0.2,12.0,60,937.4,53,1.3,1.3,239.0,7.4,65.0,9.0
2025-11-08 17:00:00,2025,11,8,17,Sơn La,Xã Gia Phù,21.1792752,104.5565002,44,Good,0,22.0,89,0.3,8.8,67,937.7,73,2.4,2.4,262.0,8.9,62.0,8.9
2025-11-08 18:00:00,2025,11,8,18,Sơn La,Xã Gia Phù,21.1792752,104.5565002,40,Good,0,21.2,92,0.1,8.0,50,938.3,53,3.9,3.9,291.0,10.7,55.0,8.9
2025-11-08 19:00:00,2025,11,8,19,Sơn La,Xã Gia Phù,21.1792752,104.5565002,36,Good,0,20.9,93,0.0,4.9,33,938.7,100,7.2,7.3,312.0,12.3,52.0,9.3
2025-11-08 20:00:00,2025,11,8,20,Sơn La,Xã Gia Phù,21.1792752,104.5565002,32,Good,0,20.9,93,0.0,7.6,43,939.3,65,8.6,8.6,318.0,11.9,52.0,9.9
2025-11-08 21:00:00,2025,11,8,21,Sơn La,Xã Gia Phù,21.1792752,104.5565002,28,Good,0,20.6,94,0.0,6.2,44,939.7,45,8.4,8.5,315.0,11.3,51.0,10.7
2025-11-08 22:00:00,2025,11,8,22,Sơn La,Xã Gia Phù,21.1792752,104.5565002,27,Good,0,20.3,94,0.0,6.1,45,940.0,34,9.2,9.3,307.0,10.4,51.0,11.1
2025-11-08 23:00:00,2025,11,8,23,Sơn La,Xã Gia Phù,21.1792752,104.5565002,26,Good,0,19.9,95,0.0,5.8,39,939.8,31,8.9,8.9,293.0,9.1,50.0,10.6
2025-11-09 00:00:00,2025,11,9,0,Sơn La,Xã Gia Phù,21.1792752,104.5565002,25,Good,0,20.1,93,0.0,5.7,9,940.0,59,6.6,6.7,273.0,7.5,50.0,9.7
2025-11-09 01:00:00,2025,11,9,1,Sơn La,Xã Gia Phù,21.1792752,104.5565002,25,Good,0,20.1,93,0.0,4.3,22,939.0,23,5.8,5.8,252.0,6.3,49.0,8.9
2025-11-09 02:00:00,2025,11,9,2,Sơn La,Xã Gia Phù,21.1792752,104.5565002,24,Good,0,19.7,94,0.0,4.9,51,938.9,56,4.8,4.9,225.0,5.6,49.0,8.4
2025-11-09 03:00:00,2025,11,9,3,Sơn La,Xã Gia Phù,21.1792752,104.5565002,23,Good,0,19.5,94,0.0,4.7,43,938.2,38,2.6,2.7,198.0,5.2,49.0,8.0
2025-11-09 04:00:00,2025,11,9,4,Sơn La,Xã Gia Phù,21.1792752,104.5565002,23,Good,0,19.5,92,0.0,4.3,45,938.2,52,2.4,2.5,191.0,5.2,48.0,7.6
2025-11-09 05:00:00,2025,11,9,5,Sơn La,Xã Gia Phù,21.1792752,104.5565002,23,Good,0,19.9,89,0.0,3.3,45,938.1,39,2.1,2.1,225.0,5.7,44.0,7.1
2025-11-09 06:00:00,2025,11,9,6,Sơn La,Xã Gia Phù,21.1792752,104.5565002,23,Good,0,19.5,92,0.0,4.0,60,938.7,38,2.5,2.5,278.0,6.5,39.0,6.6
2025-11-09 07:00:00,2025,11,9,7,Sơn La,Xã Gia Phù,21.1792752,104.5565002,22,Good,0,20.6,93,0.0,5.5,41,939.1,100,0.6,0.6,309.0,7.6,36.0,8.3
2025-11-09 08:00:00,2025,11,9,8,Sơn La,Xã Gia Phù,21.1792752,104.5565002,21,Good,0,21.1,96,0.0,5.7,58,939.7,97,0.7,0.7,294.0,7.1,41.0,8.8
2025-11-09 09:00:00,2025,11,9,9,Sơn La,Xã Gia Phù,21.1792752,104.5565002,21,Good,0,21.9,93,0.0,4.6,69,940.9,100,0.7,0.7,256.0,6.4,48.0,9.3
2025-11-09 10:00:00,2025,11,9,10,Sơn La,Xã Gia Phù,21.1792752,104.5565002,21,Good,0,22.7,86,0.0,4.6,77,941.0,52,1.3,1.3,224.0,5.5,55.0,9.1
2025-11-09 11:00:00,2025,11,9,11,Sơn La,Xã Gia Phù,21.1792752,104.5565002,21,Good,0,24.2,79,0.0,4.7,83,940.0,60,2.2,2.2,208.0,4.4,60.0,7.3
2025-11-09 12:00:00,2025,11,9,12,Sơn La,Xã Gia Phù,21.1792752,104.5565002,22,Good,0,24.6,78,0.1,5.3,100,939.1,59,3.2,3.3,199.0,3.1,65.0,4.7
2025-11-09 13:00:00,2025,11,9,13,Sơn La,Xã Gia Phù,21.1792752,104.5565002,22,Good,0,24.5,79,3.8,1.5,150,938.4,43,3.6,3.6,195.0,2.2,68.0,2.7
2025-11-09 14:00:00,2025,11,9,14,Sơn La,Xã Gia Phù,21.1792752,104.5565002,24,Good,0,25.1,75,0.1,6.9,99,937.4,39,3.6,3.6,198.0,1.8,69.0,2.0
2025-11-09 15:00:00,2025,11,9,15,Sơn La,Xã Gia Phù,21.1792752,104.5565002,26,Good,0,24.0,76,0.2,8.4,79,936.8,39,4.1,4.1,206.0,1.8,68.0,2.0
2025-11-09 16:00:00,2025,11,9,16,Sơn La,Xã Gia Phù,21.1792752,104.5565002,27,Good,0,23.8,77,0.1,8.1,66,936.5,24,4.1,4.1,217.0,2.5,65.0,2.3
2025-11-09 17:00:00,2025,11,9,17,Sơn La,Xã Gia Phù,21.1792752,104.5565002,29,Good,0,22.6,86,0.0,5.9,76,936.8,93,4.4,4.4,234.0,4.6,59.0,2.9
2025-11-09 18:00:00,2025,11,9,18,Sơn La,Xã Gia Phù,21.1792752,104.5565002,30,Good,0,21.2,93,0.0,6.5,46,937.2,91,5.3,5.3,253.0,7.4,51.0,3.8
2025-11-09 19:00:00,2025,11,9,19,Sơn La,Xã Gia Phù,21.1792752,104.5565002,29,Good,0,21.1,94,0.2,4.6,36,937.5,69,9.6,9.9,261.0,8.4,47.0,4.7
2025-11-09 20:00:00,2025,11,9,20,Sơn La,Xã Gia Phù,21.1792752,104.5565002,29,Good,0,21.2,93,0.0,5.6,45,938.1,77,11.1,11.3,246.0,8.7,48.0,6.2
2025-11-09 21:00:00,2025,11,9,21,Sơn La,Xã Gia Phù,21.1792752,104.5565002,28,Good,0,20.6,94,0.2,5.3,45,938.8,80,11.9,12.1,218.0,9.1,49.0,8.3
2025-11-09 22:00:00,2025,11,9,22,Sơn La,Xã Gia Phù,21.1792752,104.5565002,26,Good,0,20.4,96,0.3,4.6,42,938.8,68,13.2,13.4,198.0,9.3,49.0,9.9
2025-11-09 23:00:00,2025,11,9,23,Sơn La,Xã Gia Phù,21.1792752,104.5565002,25,Good,0,20.2,96,0.2,4.0,36,938.5,52,13.1,13.3,194.0,9.2,47.0,10.6
2025-11-10 00:00:00,2025,11,10,0,Sơn La,Xã Gia Phù,21.1792752,104.5565002,24,Good,0,20.2,95,0.0,3.6,37,938.1,100,5.6,5.7,197.0,8.9,44.0,10.9
2025-11-10 01:00:00,2025,11,10,1,Sơn La,Xã Gia Phù,21.1792752,104.5565002,23,Good,0,20.6,90,0.1,2.0,45,937.7,30,6.1,6.2,199.0,8.5,42.0,11.3
2025-11-10 02:00:00,2025,11,10,2,Sơn La,Xã Gia Phù,21.1792752,104.5565002,22,Good,0,20.4,93,0.0,3.2,56,937.1,43,8.5,8.6,193.0,8.0,40.0,12.0
2025-11-10 03:00:00,2025,11,10,3,Sơn La,Xã Gia Phù,21.1792752,104.5565002,21,Good,0,20.5,92,0.0,2.3,58,936.8,48,10.0,10.1,187.0,7.5,39.0,12.8
2025-11-10 04:00:00,2025,11,10,4,Sơn La,Xã Gia Phù,21.1792752,104.5565002,23,Good,0,20.2,93,0.0,2.0,27,936.8,26,10.3,10.5,194.0,7.1,38.0,13.2
2025-11-10 05:00:00,2025,11,10,5,Sơn La,Xã Gia Phù,21.1792752,104.5565002,24,Good,0,19.6,96,0.0,2.2,14,936.7,48,8.7,8.9,233.0,7.3,36.0,13.1
2025-11-10 06:00:00,2025,11,10,6,Sơn La,Xã Gia Phù,21.1792752,104.5565002,25,Good,0,19.6,97,0.0,3.2,3,937.2,47,6.5,6.7,287.0,7.6,35.0,12.7
2025-11-10 07:00:00,2025,11,10,7,Sơn La,Xã Gia Phù,21.1792752,104.5565002,26,Good,0,20.3,96,0.2,1.8,37,937.9,66,3.2,3.3,314.0,10.8,34.0,18.4
2025-11-10 08:00:00,2025,11,10,8,Sơn La,Xã Gia Phù,21.1792752,104.5565002,26,Good,0,21.0,96,0.2,0.3,225,938.8,100,2.4,2.5,290.0,9.2,42.0,16.8
2025-11-10 09:00:00,2025,11,10,9,Sơn La,Xã Gia Phù,21.1792752,104.5565002,27,Good,0,22.0,92,0.1,1.9,107,939.6,69,4.2,4.3,239.0,7.0,53.0,14.5
2025-11-10 10:00:00,2025,11,10,10,Sơn La,Xã Gia Phù,21.1792752,104.5565002,27,Good,0,23.1,87,0.0,3.5,145,939.6,18,5.1,5.2,200.0,5.1,62.0,12.0
2025-11-10 11:00:00,2025,11,10,11,Sơn La,Xã Gia Phù,21.1792752,104.5565002,28,Good,0,24.0,81,0.0,3.6,162,938.6,27,6.5,6.7,181.0,3.7,67.0,8.9
2025-11-10 12:00:00,2025,11,10,12,Sơn La,Xã Gia Phù,21.1792752,104.5565002,29,Good,0,25.0,73,0.1,4.4,168,937.5,34,7.5,7.7,173.0,2.7,69.0,5.6
2025-11-10 13:00:00,2025,11,10,13,Sơn La,Xã Gia Phù,21.1792752,104.5565002,29,Good,0,25.4,75,0.1,5.8,189,936.3,18,7.8,8.0,188.0,2.3,71.0,4.0
2025-11-10 14:00:00,2025,11,10,14,Sơn La,Xã Gia Phù,21.1792752,104.5565002,30,Good,0,25.4,75,0.0,5.0,131,935.4,26,7.9,8.0,236.0,2.9,74.0,5.3
2025-11-10 15:00:00,2025,11,10,15,Sơn La,Xã Gia Phù,21.1792752,104.5565002,31,Good,0,24.7,74,0.3,6.2,105,934.9,35,8.7,8.8,306.0,4.2,77.0,8.4
2025-11-10 16:00:00,2025,11,10,16,Sơn La,Xã Gia Phù,21.1792752,104.5565002,32,Good,0,22.7,86,0.4,5.1,51,934.9,100,10.6,10.7,379.0,5.9,77.0,11.8
2025-11-10 17:00:00,2025,11,10,17,Sơn La,Xã Gia Phù,21.1792752,104.5565002,33,Good,0,21.3,97,0.9,6.0,61,935.3,88,12.1,12.2,458.0,8.6,73.0,15.3
2025-11-10 18:00:00,2025,11,10,18,Sơn La,Xã Gia Phù,21.1792752,104.5565002,34,Good,0,20.7,97,0.3,5.1,45,935.6,97,15.3,15.4,539.0,11.7,66.0,19.0
2025-11-10 19:00:00,2025,11,10,19,Sơn La,Xã Gia Phù,21.1792752,104.5565002,36,Good,0,20.6,97,0.1,3.8,49,936.2,100,22.7,22.9,594.0,13.0,51.0,15.6
2025-11-10 20:00:00,2025,11,10,20,Sơn La,Xã Gia Phù,21.1792752,104.5565002,38,Good,0,20.6,97,0.1,4.5,53,937.0,100,26.0,26.3,603.0,13.2,52.0,18.8
2025-11-10 21:00:00,2025,11,10,21,Sơn La,Xã Gia Phù,21.1792752,104.5565002,41,Good,0,20.5,97,0.1,3.9,62,937.3,100,28.5,28.7,586.0,13.4,54.0,23.2
2025-11-10 22:00:00,2025,11,10,22,Sơn La,Xã Gia Phù,21.1792752,104.5565002,43,Good,0,20.3,97,0.2,4.6,69,937.5,100,30.3,30.5,571.0,13.3,55.0,26.7
2025-11-10 23:00:00,2025,11,10,23,Sơn La,Xã Gia Phù,21.1792752,104.5565002,46,Good,0,20.0,98,0.4,4.0,69,937.4,100,27.6,27.8,571.0,12.5,54.0,28.3
2025-11-11 00:00:00,2025,11,11,0,Sơn La,Xã Gia Phù,21.1792752,104.5565002,49,Good,0,19.7,98,0.6,4.9,66,936.6,100,23.7,23.9,572.0,11.3,52.0,29.0
2025-11-11 01:00:00,2025,11,11,1,Sơn La,Xã Gia Phù,21.1792752,104.5565002,51,Moderate,1,19.9,98,0.3,4.9,57,936.2,100,18.9,19.0,568.0,10.2,51.0,29.8
2025-11-11 02:00:00,2025,11,11,2,Sơn La,Xã Gia Phù,21.1792752,104.5565002,52,Moderate,1,19.3,98,0.7,6.0,63,935.5,100,13.2,13.2,548.0,9.4,50.0,31.0
2025-11-11 03:00:00,2025,11,11,3,Sơn La,Xã Gia Phù,21.1792752,104.5565002,53,Moderate,1,18.9,98,0.7,6.1,76,935.7,100,9.5,9.5,522.0,8.7,50.0,32.2
2025-11-11 04:00:00,2025,11,11,4,Sơn La,Xã Gia Phù,21.1792752,104.5565002,53,Moderate,1,18.6,98,0.5,6.1,71,935.9,100,11.9,11.9,511.0,8.5,49.0,33.1
2025-11-11 05:00:00,2025,11,11,5,Sơn La,Xã Gia Phù,21.1792752,104.5565002,53,Moderate,1,18.3,98,0.5,6.7,71,936.2,100,14.3,14.4,534.0,9.3,46.0,33.8
2025-11-11 06:00:00,2025,11,11,6,Sơn La,Xã Gia Phù,21.1792752,104.5565002,53,Moderate,1,18.2,97,0.2,6.9,70,937.0,100,19.2,19.2,573.0,10.6,42.0,34.2
2025-11-11 07:00:00,2025,11,11,7,Sơn La,Xã Gia Phù,21.1792752,104.5565002,54,Moderate,1,18.9,96,0.1,5.2,63,937.6,100,9.7,9.8,592.0,10.8,44.0,35.1
2025-11-11 08:00:00,2025,11,11,8,Sơn La,Xã Gia Phù,21.1792752,104.5565002,55,Moderate,1,19.0,96,0.6,8.2,68,938.4,100,10.4,10.5,572.0,10.6,44.0,33.8
2025-11-11 09:00:00,2025,11,11,9,Sơn La,Xã Gia Phù,21.1792752,104.5565002,56,Moderate,1,19.3,95,0.7,9.3,68,939.4,100,12.5,12.6,533.0,10.2,45.0,32.0
2025-11-11 10:00:00,2025,11,11,10,Sơn La,Xã Gia Phù,21.1792752,104.5565002,56,Moderate,1,19.5,91,0.7,9.8,73,939.6,100,13.8,13.9,499.0,9.8,47.0,30.1
2025-11-11 11:00:00,2025,11,11,11,Sơn La,Xã Gia Phù,21.1792752,104.5565002,57,Moderate,1,19.6,93,0.5,9.7,79,939.1,100,13.8,13.9,479.0,9.3,53.0,28.5
2025-11-11 12:00:00,2025,11,11,12,Sơn La,Xã Gia Phù,21.1792752,104.5565002,58,Moderate,1,19.9,90,0.2,9.2,78,938.3,100,12.0,12.0,464.0,8.7,62.0,26.7
2025-11-11 13:00:00,2025,11,11,13,Sơn La,Xã Gia Phù,21.1792752,104.5565002,58,Moderate,1,20.6,84,0.0,9.4,90,937.9,100,11.9,12.0,446.0,8.1,68.0,24.5
2025-11-11 14:00:00,2025,11,11,14,Sơn La,Xã Gia Phù,21.1792752,104.5565002,59,Moderate,1,21.1,78,0.0,11.0,88,937.3,100,11.5,11.5,412.0,7.4,70.0,21.2
2025-11-11 15:00:00,2025,11,11,15,Sơn La,Xã Gia Phù,21.1792752,104.5565002,59,Moderate,1,20.8,79,0.0,10.7,85,936.9,100,11.1,11.1,376.0,6.7,70.0,17.3
2025-11-11 16:00:00,2025,11,11,16,Sơn La,Xã Gia Phù,21.1792752,104.5565002,59,Moderate,1,20.4,79,0.0,10.9,81,936.9,100,11.2,11.2,365.0,6.3,69.0,14.2
2025-11-11 17:00:00,2025,11,11,17,Sơn La,Xã Gia Phù,21.1792752,104.5565002,59,Moderate,1,19.7,83,0.0,9.8,72,937.2,95,11.4,11.4,401.0,6.3,66.0,12.3
2025-11-11 18:00:00,2025,11,11,18,Sơn La,Xã Gia Phù,21.1792752,104.5565002,59,Moderate,1,18.9,88,0.0,8.9,62,937.8,100,12.2,12.2,464.0,6.5,62.0,11.2
2025-11-11 19:00:00,2025,11,11,19,Sơn La,Xã Gia Phù,21.1792752,104.5565002,59,Moderate,1,19.1,91,0.1,7.8,64,938.6,100,24.7,24.7,518.0,8.9,57.0,12.6
2025-11-11 20:00:00,2025,11,11,20,Sơn La,Xã Gia Phù,21.1792752,104.5565002,59,Moderate,1,19.0,91,0.1,6.9,60,939.0,100,25.7,25.7,555.0,9.0,55.0,12.7
2025-11-11 21:00:00,2025,11,11,21,Sơn La,Xã Gia Phù,21.1792752,104.5565002,59,Moderate,1,18.9,90,0.0,6.4,68,939.4,100,26.3,26.3,584.0,9.1,52.0,12.8
2025-11-11 22:00:00,2025,11,11,22,Sơn La,Xã Gia Phù,21.1792752,104.5565002,59,Moderate,1,18.8,89,0.0,6.0,74,939.5,100,25.8,25.9,600.0,9.0,50.0,12.8
2025-11-11 23:00:00,2025,11,11,23,Sơn La,Xã Gia Phù,21.1792752,104.5565002,58,Moderate,1,18.6,90,0.0,5.9,70,939.3,100,23.5,23.6,600.0,8.8,48.0,12.6
2025-11-12 00:00:00,2025,11,12,0,Sơn La,Xã Gia Phù,21.1792752,104.5565002,58,Moderate,1,18.6,90,0.1,5.5,79,939.0,100,23.7,23.7,586.0,8.4,46.0,12.3
2025-11-12 01:00:00,2025,11,12,1,Sơn La,Xã Gia Phù,21.1792752,104.5565002,58,Moderate,1,18.8,91,0.1,5.4,70,939.0,100,24.2,24.2,564.0,7.9,45.0,11.7
2025-11-12 02:00:00,2025,11,12,2,Sơn La,Xã Gia Phù,21.1792752,104.5565002,58,Moderate,1,18.5,93,0.2,7.9,78,938.9,100,23.6,23.6,528.0,7.2,45.0,10.6
2025-11-12 03:00:00,2025,11,12,3,Sơn La,Xã Gia Phù,21.1792752,104.5565002,59,Moderate,1,18.2,94,0.2,8.1,77,938.9,100,22.1,22.2,483.0,6.4,45.0,9.3
2025-11-12 04:00:00,2025,11,12,4,Sơn La,Xã Gia Phù,21.1792752,104.5565002,61,Moderate,1,18.0,94,0.1,7.9,78,939.1,98,20.9,21.0,451.0,5.7,45.0,8.2
2025-11-12 05:00:00,2025,11,12,5,Sơn La,Xã Gia Phù,21.1792752,104.5565002,61,Moderate,1,17.5,96,0.0,9.1,76,939.4,100,19.3,19.3,442.0,5.4,45.0,7.5
2025-11-12 06:00:00,2025,11,12,6,Sơn La,Xã Gia Phù,21.1792752,104.5565002,62,Moderate,1,17.2,93,0.0,9.3,74,940.3,100,18.8,18.9,447.0,5.3,45.0,7.0
2025-11-12 07:00:00,2025,11,12,7,Sơn La,Xã Gia Phù,21.1792752,104.5565002,62,Moderate,1,17.0,97,0.0,7.4,72,941.0,100,16.7,16.8,454.0,5.5,44.0,7.9
2025-11-12 08:00:00,2025,11,12,8,Sơn La,Xã Gia Phù,21.1792752,104.5565002,62,Moderate,1,17.0,97,0.2,9.4,79,941.6,100,15.9,15.9,467.0,5.5,47.0,10.6
2025-11-12 09:00:00,2025,11,12,9,Sơn La,Xã Gia Phù,21.1792752,104.5565002,63,Moderate,1,17.6,90,0.0,10.3,83,942.5,100,13.5,13.5,484.0,5.6,51.0,14.3
2025-11-12 10:00:00,2025,11,12,10,Sơn La,Xã Gia Phù,21.1792752,104.5565002,63,Moderate,1,17.5,90,0.2,10.9,83,942.5,100,12.3,12.3,486.0,5.3,56.0,16.2
2025-11-12 11:00:00,2025,11,12,11,Sơn La,Xã Gia Phù,21.1792752,104.5565002,63,Moderate,1,18.2,81,0.1,10.7,81,942.1,100,10.6,10.6,459.0,4.5,63.0,14.8
2025-11-12 12:00:00,2025,11,12,12,Sơn La,Xã Gia Phù,21.1792752,104.5565002,62,Moderate,1,19.2,72,0.0,11.0,90,941.3,99,11.2,11.3,416.0,3.5,70.0,11.8
2025-11-12 13:00:00,2025,11,12,13,Sơn La,Xã Gia Phù,21.1792752,104.5565002,62,Moderate,1,20.4,65,0.0,10.0,107,940.6,80,11.3,11.4,384.0,2.7,77.0,9.1
2025-11-12 14:00:00,2025,11,12,14,Sơn La,Xã Gia Phù,21.1792752,104.5565002,62,Moderate,1,20.1,66,0.0,9.1,100,939.8,34,11.8,11.8,364.0,2.1,83.0,7.6
2025-11-12 15:00:00,2025,11,12,15,Sơn La,Xã Gia Phù,21.1792752,104.5565002,62,Moderate,1,20.3,65,0.0,9.1,99,939.6,30,12.3,12.4,354.0,1.7,88.0,6.4
2025-11-12 16:00:00,2025,11,12,16,Sơn La,Xã Gia Phù,21.1792752,104.5565002,62,Moderate,1,20.1,66,0.0,8.0,95,939.5,16,12.7,12.8,374.0,2.1,89.0,5.7
2025-11-12 17:00:00,2025,11,12,17,Sơn La,Xã Gia Phù,21.1792752,104.5565002,63,Moderate,1,19.4,71,0.0,5.6,73,939.8,27,13.2,13.3,448.0,3.7,83.0,5.5
2025-11-12 18:00:00,2025,11,12,18,Sơn La,Xã Gia Phù,21.1792752,104.5565002,63,Moderate,1,18.2,76,0.0,4.2,54,940.0,18,14.6,14.7,552.0,6.1,73.0,5.6
2025-11-12 19:00:00,2025,11,12,19,Sơn La,Xã Gia Phù,21.1792752,104.5565002,63,Moderate,1,17.6,82,0.0,4.3,33,940.3,18,21.1,21.1,633.0,8.0,56.0,6.5
2025-11-12 20:00:00,2025,11,12,20,Sơn La,Xã Gia Phù,21.1792752,104.5565002,63,Moderate,1,16.9,85,0.0,4.1,56,940.7,25,22.5,22.6,675.0,8.5,54.0,6.9
2025-11-12 21:00:00,2025,11,12,21,Sơn La,Xã Gia Phù,21.1792752,104.5565002,62,Moderate,1,16.5,85,0.0,3.7,43,941.2,30,22.7,22.8,693.0,9.2,52.0,7.4
2025-11-12 22:00:00,2025,11,12,22,Sơn La,Xã Gia Phù,21.1792752,104.5565002,62,Moderate,1,16.4,86,0.0,3.2,47,941.7,83,23.5,23.6,685.0,9.5,50.0,7.6
2025-11-12 23:00:00,2025,11,12,23,Sơn La,Xã Gia Phù,21.1792752,104.5565002,62,Moderate,1,16.0,87,0.0,4.0,54,941.7,91,23.0,23.1,637.0,9.4,47.0,7.4
2025-11-13 00:00:00,2025,11,13,0,Sơn La,Xã Gia Phù,21.1792752,104.5565002,62,Moderate,1,15.8,87,0.0,4.5,50,941.7,91,22.1,22.2,562.0,8.9,43.0,6.9
2025-11-13 01:00:00,2025,11,13,1,Sơn La,Xã Gia Phù,21.1792752,104.5565002,62,Moderate,1,16.0,88,0.0,4.6,42,941.6,90,21.4,21.4,494.0,8.2,43.0,6.5
2025-11-13 02:00:00,2025,11,13,2,Sơn La,Xã Gia Phù,21.1792752,104.5565002,61,Moderate,1,16.3,87,0.0,5.1,54,941.4,98,21.0,21.1,441.0,7.0,48.0,6.3
2025-11-13 03:00:00,2025,11,13,3,Sơn La,Xã Gia Phù,21.1792752,104.5565002,61,Moderate,1,16.6,86,0.0,5.9,59,941.7,99,20.5,20.6,396.0,5.5,56.0,6.1
2025-11-13 04:00:00,2025,11,13,4,Sơn La,Xã Gia Phù,21.1792752,104.5565002,61,Moderate,1,17.1,85,0.0,7.2,68,942.5,100,20.1,20.1,370.0,4.4,62.0,6.0
2025-11-13 05:00:00,2025,11,13,5,Sơn La,Xã Gia Phù,21.1792752,104.5565002,61,Moderate,1,17.0,87,0.1,7.5,66,942.9,100,19.4,19.5,381.0,4.1,65.0,5.7
2025-11-13 06:00:00,2025,11,13,6,Sơn La,Xã Gia Phù,21.1792752,104.5565002,61,Moderate,1,16.8,88,0.1,7.4,64,944.0,100,18.5,18.6,411.0,4.3,66.0,5.5
2025-11-13 07:00:00,2025,11,13,7,Sơn La,Xã Gia Phù,21.1792752,104.5565002,61,Moderate,1,17.4,86,0.0,8.3,60,944.7,96,7.3,7.4,426.0,3.8,74.0,9.6
2025-11-13 08:00:00,2025,11,13,8,Sơn La,Xã Gia Phù,21.1792752,104.5565002,60,Moderate,1,18.7,76,0.0,10.6,72,945.5,54,5.4,5.8,406.0,3.3,79.0,10.3
2025-11-13 09:00:00,2025,11,13,9,Sơn La,Xã Gia Phù,21.1792752,104.5565002,59,Moderate,1,19.8,65,0.0,15.0,76,946.3,36,5.6,6.1,370.0,2.6,86.0,11.3
2025-11-13 10:00:00,2025,11,13,10,Sơn La,Xã Gia Phù,21.1792752,104.5565002,59,Moderate,1,20.6,62,0.0,15.6,79,946.3,70,6.7,7.2,340.0,2.0,92.0,11.4
2025-11-13 11:00:00,2025,11,13,11,Sơn La,Xã Gia Phù,21.1792752,104.5565002,58,Moderate,1,21.3,60,0.0,14.8,77,945.4,91,7.5,8.1,323.0,1.6,96.0,9.9
2025-11-13 12:00:00,2025,11,13,12,Sơn La,Xã Gia Phù,21.1792752,104.5565002,58,Moderate,1,21.5,59,0.0,13.3,80,944.3,51,8.0,8.5,312.0,1.2,98.0,7.6
2025-11-13 13:00:00,2025,11,13,13,Sơn La,Xã Gia Phù,21.1792752,104.5565002,57,Moderate,1,21.7,59,0.0,10.3,85,943.2,40,8.4,8.9,303.0,1.0,100.0,5.8
2025-11-13 14:00:00,2025,11,13,14,Sơn La,Xã Gia Phù,21.1792752,104.5565002,57,Moderate,1,21.9,58,0.0,9.9,95,942.4,32,8.8,9.3,288.0,0.7,102.0,4.9
2025-11-13 15:00:00,2025,11,13,15,Sơn La,Xã Gia Phù,21.1792752,104.5565002,57,Moderate,1,21.2,59,0.0,8.9,81,941.6,19,9.4,9.9,275.0,0.6,103.0,4.4
2025-11-13 16:00:00,2025,11,13,16,Sơn La,Xã Gia Phù,21.1792752,104.5565002,57,Moderate,1,20.9,60,0.0,7.7,53,941.5,23,9.8,10.2,288.0,1.3,101.0,4.3
2025-11-13 17:00:00,2025,11,13,17,Sơn La,Xã Gia Phù,21.1792752,104.5565002,56,Moderate,1,19.6,70,0.0,3.9,34,941.0,23,10.7,11.1,352.0,3.6,93.0,4.5
2025-11-13 18:00:00,2025,11,13,18,Sơn La,Xã Gia Phù,21.1792752,104.5565002,56,Moderate,1,17.8,71,0.0,4.8,25,940.7,28,12.1,12.5,443.0,6.7,82.0,5.1
2025-11-13 19:00:00,2025,11,13,19,Sơn La,Xã Gia Phù,21.1792752,104.5565002,56,Moderate,1,16.8,78,0.0,3.1,10,940.9,3,14.7,15.1,506.0,8.9,65.0,7.3
2025-11-13 20:00:00,2025,11,13,20,Sơn La,Xã Gia Phù,21.1792752,104.5565002,55,Moderate,1,16.8,77,0.0,3.7,23,941.3,1,16.4,16.8,518.0,9.5,67.0,8.2
2025-11-13 21:00:00,2025,11,13,21,Sơn La,Xã Gia Phù,21.1792752,104.5565002,55,Moderate,1,16.5,78,0.0,4.1,23,941.5,2,18.2,18.6,502.0,10.4,70.0,9.5
2025-11-13 22:00:00,2025,11,13,22,Sơn La,Xã Gia Phù,21.1792752,104.5565002,54,Moderate,1,16.1,79,0.0,3.1,21,941.7,2,20.1,20.6,481.0,11.1,71.0,10.5
2025-11-13 23:00:00,2025,11,13,23,Sơn La,Xã Gia Phù,21.1792752,104.5565002,54,Moderate,1,16.2,78,0.0,1.8,24,941.7,16,21.8,22.2,461.0,11.8,70.0,11.0
2025-11-14 00:00:00,2025,11,14,0,Sơn La,Xã Gia Phù,21.1792752,104.5565002,54,Moderate,1,16.0,78,0.0,2.6,39,941.5,24,22.8,23.3,435.0,12.4,68.0,11.1
2025-11-14 01:00:00,2025,11,14,1,Sơn La,Xã Gia Phù,21.1792752,104.5565002,54,Moderate,1,15.7,81,0.0,2.5,45,941.7,21,23.6,24.0,406.0,12.4,67.0,10.8
2025-11-14 02:00:00,2025,11,14,2,Sơn La,Xã Gia Phù,21.1792752,104.5565002,54,Moderate,1,15.2,82,0.0,3.4,47,941.3,9,24.2,24.6,365.0,11.2,67.0,9.8
2025-11-14 03:00:00,2025,11,14,3,Sơn La,Xã Gia Phù,21.1792752,104.5565002,55,Moderate,1,14.6,84,0.0,4.5,43,941.0,8,24.9,25.3,322.0,9.4,69.0,8.4
2025-11-14 04:00:00,2025,11,14,4,Sơn La,Xã Gia Phù,21.1792752,104.5565002,55,Moderate,1,14.4,84,0.0,4.9,33,941.2,15,28.5,28.9,306.0,8.0,68.0,7.0
2025-11-14 05:00:00,2025,11,14,5,Sơn La,Xã Gia Phù,21.1792752,104.5565002,56,Moderate,1,14.2,84,0.0,5.3,38,941.5,23,27.7,28.0,348.0,7.5,62.0,5.3
2025-11-14 06:00:00,2025,11,14,6,Sơn La,Xã Gia Phù,21.1792752,104.5565002,56,Moderate,1,14.0,86,0.0,5.4,34,942.2,27,26.5,26.7,418.0,7.3,55.0,3.8
2025-11-14 07:00:00,2025,11,14,7,Sơn La,Xã Gia Phù,21.1792752,104.5565002,57,Moderate,1,15.3,83,0.0,5.2,31,943.7,30,16.2,16.2,453.0,7.0,62.0,5.4
2025-11-14 08:00:00,2025,11,14,8,Sơn La,Xã Gia Phù,21.1792752,104.5565002,58,Moderate,1,17.7,71,0.0,7.6,62,944.7,16,11.3,11.4,416.0,6.2,75.0,11.1
2025-11-14 09:00:00,2025,11,14,9,Sơn La,Xã Gia Phù,21.1792752,104.5565002,59,Moderate,1,19.1,60,0.0,9.6,73,945.7,5,4.6,4.6,345.0,5.0,92.0,18.8
2025-11-14 10:00:00,2025,11,14,10,Sơn La,Xã Gia Phù,21.1792752,104.5565002,58,Moderate,1,20.1,54,0.0,12.7,77,945.8,3,4.8,4.8,285.0,3.9,107.0,23.4
2025-11-14 11:00:00,2025,11,14,11,Sơn La,Xã Gia Phù,21.1792752,104.5565002,58,Moderate,1,20.7,52,0.0,13.6,84,944.9,4,6.1,6.2,254.0,3.0,116.0,21.9
2025-11-14 12:00:00,2025,11,14,12,Sơn La,Xã Gia Phù,21.1792752,104.5565002,58,Moderate,1,21.0,51,0.0,13.3,92,943.7,13,7.8,7.9,235.0,2.1,121.0,17.3
2025-11-14 13:00:00,2025,11,14,13,Sơn La,Xã Gia Phù,21.1792752,104.5565002,58,Moderate,1,21.3,50,0.0,10.5,94,943.0,9,9.6,9.7,227.0,1.5,125.0,13.6
2025-11-14 14:00:00,2025,11,14,14,Sơn La,Xã Gia Phù,21.1792752,104.5565002,58,Moderate,1,21.1,52,0.0,10.1,92,942.0,8,10.5,10.6,224.0,1.1,128.0,12.2
2025-11-14 15:00:00,2025,11,14,15,Sơn La,Xã Gia Phù,21.1792752,104.5565002,58,Moderate,1,20.9,53,0.0,9.2,83,941.6,14,11.0,11.1,232.0,0.9,130.0,11.8
2025-11-14 16:00:00,2025,11,14,16,Sơn La,Xã Gia Phù,21.1792752,104.5565002,59,Moderate,1,20.5,56,0.0,7.9,63,941.5,10,11.7,11.8,262.0,1.6,128.0,11.6
2025-11-14 17:00:00,2025,11,14,17,Sơn La,Xã Gia Phù,21.1792752,104.5565002,68,Moderate,1,18.8,67,0.0,5.6,50,940.8,2,13.0,13.1,337.0,3.7,120.0,11.6
2025-11-14 18:00:00,2025,11,14,18,Sơn La,Xã Gia Phù,21.1792752,104.5565002,74,Moderate,1,16.7,73,0.0,4.3,28,940.8,0,14.2,14.3,434.0,6.6,108.0,12.0
2025-11-14 19:00:00,2025,11,14,19,Sơn La,Xã Gia Phù,21.1792752,104.5565002,74,Moderate,1,16.6,75,0.0,3.8,11,941.3,2,7.9,7.9,502.0,8.8,91.0,13.0
2025-11-14 20:00:00,2025,11,14,20,Sơn La,Xã Gia Phù,21.1792752,104.5565002,69,Moderate,1,15.8,78,0.0,3.5,9,941.9,0,9.5,9.5,515.0,8.9,94.0,13.9
2025-11-14 21:00:00,2025,11,14,21,Sơn La,Xã Gia Phù,21.1792752,104.5565002,63,Moderate,1,15.3,78,0.0,3.3,6,942.5,0,11.5,11.5,497.0,9.2,99.0,15.2
2025-11-14 22:00:00,2025,11,14,22,Sơn La,Xã Gia Phù,21.1792752,104.5565002,58,Moderate,1,15.2,77,0.0,3.3,6,942.6,0,13.6,13.6,472.0,9.4,102.0,16.2
2025-11-14 23:00:00,2025,11,14,23,Sơn La,Xã Gia Phù,21.1792752,104.5565002,57,Moderate,1,15.2,75,0.0,2.7,20,942.8,0,15.6,15.6,443.0,9.8,102.0,16.5
2025-11-15 00:00:00,2025,11,15,0,Sơn La,Xã Gia Phù,21.1792752,104.5565002,56,Moderate,1,14.9,73,0.0,3.7,29,942.6,0,17.0,17.0,407.0,10.2,99.0,16.5
2025-11-15 01:00:00,2025,11,15,1,Sơn La,Xã Gia Phù,21.1792752,104.5565002,56,Moderate,1,14.8,72,0.0,2.8,45,942.6,0,17.9,17.9,371.0,10.3,97.0,16.3
2025-11-15 02:00:00,2025,11,15,2,Sơn La,Xã Gia Phù,21.1792752,104.5565002,55,Moderate,1,14.3,72,0.0,3.7,39,942.1,0,18.3,18.3,331.0,10.0,95.0,16.1
2025-11-15 03:00:00,2025,11,15,3,Sơn La,Xã Gia Phù,21.1792752,104.5565002,55,Moderate,1,13.7,72,0.0,4.5,37,942.0,0,18.3,18.3,292.0,9.4,93.0,15.6
2025-11-15 04:00:00,2025,11,15,4,Sơn La,Xã Gia Phù,21.1792752,104.5565002,54,Moderate,1,13.4,73,0.0,4.4,35,941.9,0,18.2,18.2,280.0,9.0,90.0,15.0
2025-11-15 05:00:00,2025,11,15,5,Sơn La,Xã Gia Phù,21.1792752,104.5565002,53,Moderate,1,13.1,75,0.0,4.2,36,942.2,0,18.0,18.0,322.0,9.1,82.0,13.7
2025-11-15 06:00:00,2025,11,15,6,Sơn La,Xã Gia Phù,21.1792752,104.5565002,52,Moderate,1,12.6,77,0.0,4.2,40,943.0,0,17.8,17.8,392.0,9.4,73.0,12.2
2025-11-15 07:00:00,2025,11,15,7,Sơn La,Xã Gia Phù,21.1792752,104.5565002,51,Moderate,1,14.2,80,0.0,4.2,43,944.6,0,18.7,18.8,435.0,12.6,75.0,12.3
2025-11-15 08:00:00,2025,11,15,8,Sơn La,Xã Gia Phù,21.1792752,104.5565002,52,Moderate,1,17.0,71,0.0,6.3,90,945.8,0,11.0,11.1,425.0,9.5,90.0,14.0
2025-11-15 09:00:00,2025,11,15,9,Sơn La,Xã Gia Phù,21.1792752,104.5565002,52,Moderate,1,18.8,67,0.0,9.5,104,946.6,0,8.6,8.6,388.0,5.2,109.0,16.4
2025-11-15 10:00:00,2025,11,15,10,Sơn La,Xã Gia Phù,21.1792752,104.5565002,52,Moderate,1,20.3,61,0.0,12.4,98,947.0,0,8.9,9.0,349.0,1.9,124.0,17.3
2025-11-15 11:00:00,2025,11,15,11,Sơn La,Xã Gia Phù,21.1792752,104.5565002,52,Moderate,1,21.3,53,0.0,14.8,91,946.3,0,9.5,9.5,308.0,0.8,128.0,15.7
2025-11-15 12:00:00,2025,11,15,12,Sơn La,Xã Gia Phù,21.1792752,104.5565002,53,Moderate,1,21.9,51,0.0,15.9,87,945.4,0,9.7,9.7,264.0,0.7,126.0,12.7
2025-11-15 13:00:00,2025,11,15,13,Sơn La,Xã Gia Phù,21.1792752,104.5565002,53,Moderate,1,22.3,50,0.0,13.7,90,944.6,0,9.7,9.8,238.0,0.8,124.0,10.1
2025-11-15 14:00:00,2025,11,15,14,Sơn La,Xã Gia Phù,21.1792752,104.5565002,53,Moderate,1,22.3,50,0.0,13.9,90,943.7,0,9.7,9.8,236.0,0.5,124.0,8.4
2025-11-15 15:00:00,2025,11,15,15,Sơn La,Xã Gia Phù,21.1792752,104.5565002,58,Moderate,1,21.8,51,0.0,13.3,93,943.3,0,9.7,9.7,253.0,0.5,123.0,7.0
2025-11-15 16:00:00,2025,11,15,16,Sơn La,Xã Gia Phù,21.1792752,104.5565002,68,Moderate,1,20.8,57,0.0,10.7,96,943.3,0,9.8,9.9,290.0,1.2,118.0,6.1
2025-11-15 17:00:00,2025,11,15,17,Sơn La,Xã Gia Phù,21.1792752,104.5565002,74,Moderate,1,18.4,70,0.0,5.6,86,943.0,0,10.4,10.5,370.0,3.5,106.0,5.7
2025-11-15 18:00:00,2025,11,15,18,Sơn La,Xã Gia Phù,21.1792752,104.5565002,74,Moderate,1,16.4,76,0.0,4.7,47,942.8,0,11.6,11.6,470.0,6.6,91.0,5.7
2025-11-15 19:00:00,2025,11,15,19,Sơn La,Xã Gia Phù,21.1792752,104.5565002,66,Moderate,1,15.8,79,0.0,3.1,31,943.4,0,11.0,11.0,531.0,9.8,75.0,6.6
2025-11-15 20:00:00,2025,11,15,20,Sơn La,Xã Gia Phù,21.1792752,104.5565002,55,Moderate,1,15.2,80,0.0,3.7,29,944.3,0,12.8,12.9,520.0,9.7,77.0,6.9
2025-11-15 21:00:00,2025,11,15,21,Sơn La,Xã Gia Phù,21.1792752,104.5565002,53,Moderate,1,14.7,78,0.0,3.6,27,944.8,0,13.9,13.9,469.0,9.6,79.0,7.2
2025-11-15 22:00:00,2025,11,15,22,Sơn La,Xã Gia Phù,21.1792752,104.5565002,53,Moderate,1,14.4,74,0.0,3.5,12,945.2,0,15.3,15.3,414.0,9.5,81.0,7.5
2025-11-15 23:00:00,2025,11,15,23,Sơn La,Xã Gia Phù,21.1792752,104.5565002,53,Moderate,1,14.3,70,0.0,3.1,3,944.9,0,16.5,16.5,359.0,9.4,83.0,7.7
2025-11-16 00:00:00,2025,11,16,0,Sơn La,Xã Gia Phù,21.1792752,104.5565002,53,Moderate,1,14.2,72,0.0,2.2,360,944.4,0,17.3,17.4,300.0,9.4,86.0,7.8
2025-11-16 01:00:00,2025,11,16,1,Sơn La,Xã Gia Phù,21.1792752,104.5565002,53,Moderate,1,14.4,74,0.0,1.6,6,944.0,0,17.9,18.0,259.0,9.3,86.0,7.8
2025-11-16 02:00:00,2025,11,16,2,Sơn La,Xã Gia Phù,21.1792752,104.5565002,53,Moderate,1,14.5,72,0.0,1.1,360,943.8,0,18.3,18.3,241.0,9.0,84.0,7.5
2025-11-16 03:00:00,2025,11,16,3,Sơn La,Xã Gia Phù,21.1792752,104.5565002,53,Moderate,1,14.5,72,0.0,1.5,14,943.5,1,18.3,18.4,240.0,8.7,81.0,7.0
2025-11-16 04:00:00,2025,11,16,4,Sơn La,Xã Gia Phù,21.1792752,104.5565002,53,Moderate,1,14.3,72,0.0,1.5,21,943.7,2,18.0,18.2,261.0,8.5,75.0,6.4
2025-11-16 05:00:00,2025,11,16,5,Sơn La,Xã Gia Phù,21.1792752,104.5565002,53,Moderate,1,14.3,73,0.0,1.4,23,943.9,61,17.4,17.5,324.0,9.0,63.0,5.2
2025-11-16 06:00:00,2025,11,16,6,Sơn La,Xã Gia Phù,21.1792752,104.5565002,53,Moderate,1,14.9,72,0.0,1.1,9,944.7,78,16.8,16.9,408.0,9.7,49.0,3.9
2025-11-16 07:00:00,2025,11,16,7,Sơn La,Xã Gia Phù,21.1792752,104.5565002,53,Moderate,1,15.6,76,0.0,1.6,27,945.5,2,9.5,9.5,456.0,9.1,43.0,3.5
2025-11-16 08:00:00,2025,11,16,8,Sơn La,Xã Gia Phù,21.1792752,104.5565002,52,Moderate,1,18.0,70,0.0,3.2,90,946.9,59,5.8,5.8,431.0,6.9,59.0,7.3
2025-11-16 09:00:00,2025,11,16,9,Sơn La,Xã Gia Phù,21.1792752,104.5565002,52,Moderate,1,19.8,68,0.0,6.4,117,947.7,97,3.0,3.0,369.0,3.9,81.0,12.4
2025-11-16 10:00:00,2025,11,16,10,Sơn La,Xã Gia Phù,21.1792752,104.5565002,51,Moderate,1,20.2,68,0.0,8.4,110,948.0,100,6.9,7.0,320.0,1.6,98.0,15.6
2025-11-16 11:00:00,2025,11,16,11,Sơn La,Xã Gia Phù,21.1792752,104.5565002,51,Moderate,1,20.2,66,0.0,8.2,104,946.9,100,9.5,9.6,303.0,0.9,104.0,15.2
2025-11-16 12:00:00,2025,11,16,12,Sơn La,Xã Gia Phù,21.1792752,104.5565002,51,Moderate,1,21.4,60,0.0,9.6,102,946.2,78,9.7,9.7,299.0,0.9,104.0,12.9
2025-11-16 13:00:00,2025,11,16,13,Sơn La,Xã Gia Phù,21.1792752,104.5565002,51,Moderate,1,21.8,55,0.0,12.1,94,945.5,93,9.2,9.2,297.0,1.0,104.0,10.7
2025-11-16 14:00:00,2025,11,16,14,Sơn La,Xã Gia Phù,21.1792752,104.5565002,51,Moderate,1,21.3,58,0.0,11.9,95,944.7,96,9.1,9.1,284.0,0.9,106.0,9.2
2025-11-16 15:00:00,2025,11,16,15,Sơn La,Xã Gia Phù,21.1792752,104.5565002,51,Moderate,1,20.6,62,0.0,9.4,89,944.3,78,8.6,8.6,273.0,0.8,106.0,7.7
2025-11-16 16:00:00,2025,11,16,16,Sơn La,Xã Gia Phù,21.1792752,104.5565002,51,Moderate,1,20.2,66,0.0,7.1,81,944.0,95,8.1,8.2,291.0,1.4,104.0,6.6
2025-11-16 17:00:00,2025,11,16,17,Sơn La,Xã Gia Phù,21.1792752,104.5565002,51,Moderate,1,19.2,73,0.0,4.5,88,943.8,91,8.4,8.4,367.0,3.1,95.0,6.1
2025-11-16 18:00:00,2025,11,16,18,Sơn La,Xã Gia Phù,21.1792752,104.5565002,50,Good,0,18.4,76,0.0,3.9,56,944.4,100,8.8,8.9,471.0,5.4,83.0,5.9
2025-11-16 19:00:00,2025,11,16,19,Sơn La,Xã Gia Phù,21.1792752,104.5565002,50,Good,0,19.2,76,0.0,4.6,42,945.1,100,17.8,18.0,543.0,8.4,63.0,6.8
2025-11-16 20:00:00,2025,11,16,20,Sơn La,Xã Gia Phù,21.1792752,104.5565002,51,Moderate,1,19.5,75,0.0,3.8,45,945.4,100,18.3,18.5,551.0,8.4,62.0,6.7
2025-11-16 21:00:00,2025,11,16,21,Sơn La,Xã Gia Phù,21.1792752,104.5565002,51,Moderate,1,19.0,77,0.0,3.1,50,945.3,10,18.0,18.2,527.0,8.4,61.0,6.7
2025-11-16 22:00:00,2025,11,16,22,Sơn La,Xã Gia Phù,21.1792752,104.5565002,52,Moderate,1,18.4,77,0.0,2.7,42,945.3,7,17.9,18.2,503.0,8.7,59.0,6.6
2025-11-16 23:00:00,2025,11,16,23,Sơn La,Xã Gia Phù,21.1792752,104.5565002,52,Moderate,1,17.8,77,0.0,2.2,42,944.9,19,19.2,19.4,491.0,9.5,57.0,6.7
2025-11-17 00:00:00,2025,11,17,0,Sơn La,Xã Gia Phù,21.1792752,104.5565002,52,Moderate,1,17.6,76,0.0,1.8,37,944.6,44,20.5,20.8,479.0,10.6,55.0,6.8
2025-11-17 01:00:00,2025,11,17,1,Sơn La,Xã Gia Phù,21.1792752,104.5565002,52,Moderate,1,17.7,77,0.0,1.5,36,944.2,47,21.4,21.5,459.0,11.2,52.0,6.7
2025-11-17 02:00:00,2025,11,17,2,Sơn La,Xã Gia Phù,21.1792752,104.5565002,53,Moderate,1,17.6,78,0.0,2.0,63,943.6,49,21.6,21.8,416.0,10.8,49.0,6.2
2025-11-17 03:00:00,2025,11,17,3,Sơn La,Xã Gia Phù,21.1792752,104.5565002,53,Moderate,1,17.2,78,0.0,2.8,50,943.3,60,21.0,21.1,365.0,10.0,45.0,5.4
2025-11-17 04:00:00,2025,11,17,4,Sơn La,Xã Gia Phù,21.1792752,104.5565002,53,Moderate,1,16.8,78,0.0,3.1,54,943.3,92,19.8,20.0,339.0,9.2,44.0,4.9
2025-11-17 05:00:00,2025,11,17,5,Sơn La,Xã Gia Phù,21.1792752,104.5565002,53,Moderate,1,16.6,79,0.0,3.8,49,943.4,69,18.2,18.4,367.0,8.9,45.0,4.8
2025-11-17 06:00:00,2025,11,17,6,Sơn La,Xã Gia Phù,21.1792752,104.5565002,53,Moderate,1,16.5,79,0.0,4.0,51,944.0,84,16.3,16.5,419.0,8.7,47.0,5.1
2025-11-17 07:00:00,2025,11,17,7,Sơn La,Xã Gia Phù,21.1792752,104.5565002,53,Moderate,1,17.8,77,0.0,2.7,37,944.9,42,13.6,13.7,443.0,7.2,51.0,5.1
2025-11-17 08:00:00,2025,11,17,8,Sơn La,Xã Gia Phù,21.1792752,104.5565002,54,Moderate,1,19.4,69,0.0,5.1,82,946.0,17,12.8,13.0,406.0,5.9,63.0,6.0
2025-11-17 09:00:00,2025,11,17,9,Sơn La,Xã Gia Phù,21.1792752,104.5565002,54,Moderate,1,21.0,66,0.0,6.9,97,947.1,13,11.6,12.1,341.0,4.1,78.0,7.2
2025-11-17 10:00:00,2025,11,17,10,Sơn La,Xã Gia Phù,21.1792752,104.5565002,55,Moderate,1,22.1,62,0.0,9.2,93,947.5,19,11.5,12.5,290.0,2.6,90.0,7.9
2025-11-17 11:00:00,2025,11,17,11,Sơn La,Xã Gia Phù,21.1792752,104.5565002,56,Moderate,1,22.8,60,0.0,11.8,83,946.7,59,11.8,12.9,272.0,1.8,93.0,7.6
2025-11-17 12:00:00,2025,11,17,12,Sơn La,Xã Gia Phù,21.1792752,104.5565002,56,Moderate,1,23.0,60,0.0,12.7,79,945.7,87,11.8,12.9,270.0,1.5,92.0,6.7
2025-11-17 13:00:00,2025,11,17,13,Sơn La,Xã Gia Phù,21.1792752,104.5565002,56,Moderate,1,21.6,64,0.0,13.6,82,944.9,99,12.0,13.0,272.0,1.3,91.0,6.2
2025-11-17 14:00:00,2025,11,17,14,Sơn La,Xã Gia Phù,21.1792752,104.5565002,56,Moderate,1,20.9,69,0.1,11.6,82,944.1,100,13.0,13.9,274.0,1.2,93.0,6.4
2025-11-17 15:00:00,2025,11,17,15,Sơn La,Xã Gia Phù,21.1792752,104.5565002,57,Moderate,1,20.0,79,0.3,9.2,88,943.9,100,14.8,15.7,280.0,1.4,94.0,7.0
2025-11-17 16:00:00,2025,11,17,16,Sơn La,Xã Gia Phù,21.1792752,104.5565002,57,Moderate,1,19.1,90,0.6,7.7,87,943.7,100,15.5,16.2,296.0,2.1,92.0,7.3
2025-11-17 17:00:00,2025,11,17,17,Sơn La,Xã Gia Phù,21.1792752,104.5565002,58,Moderate,1,18.6,92,0.0,6.4,82,943.9,100,15.5,16.2,333.0,3.8,83.0,7.1
2025-11-17 18:00:00,2025,11,17,18,Sơn La,Xã Gia Phù,21.1792752,104.5565002,58,Moderate,1,18.3,93,0.0,4.8,79,944.5,100,15.7,16.4,379.0,6.1,70.0,6.6
2025-11-17 19:00:00,2025,11,17,19,Sơn La,Xã Gia Phù,21.1792752,104.5565002,59,Moderate,1,17.9,96,0.1,5.1,73,945.1,100,14.7,15.3,408.0,7.6,55.0,5.8
2025-11-17 20:00:00,2025,11,17,20,Sơn La,Xã Gia Phù,21.1792752,104.5565002,59,Moderate,1,17.8,96,0.2,5.0,75,945.5,100,15.0,15.5,405.0,7.4,55.0,5.7
2025-11-17 21:00:00,2025,11,17,21,Sơn La,Xã Gia Phù,21.1792752,104.5565002,58,Moderate,1,17.6,97,0.0,5.4,76,946.0,100,15.1,15.7,384.0,7.2,55.0,5.6
2025-11-17 22:00:00,2025,11,17,22,Sơn La,Xã Gia Phù,21.1792752,104.5565002,58,Moderate,1,17.5,97,0.1,4.8,75,946.3,100,15.7,16.2,359.0,6.7,56.0,5.4
2025-11-17 23:00:00,2025,11,17,23,Sơn La,Xã Gia Phù,21.1792752,104.5565002,58,Moderate,1,17.5,96,0.1,5.3,72,946.4,100,15.9,16.4,331.0,5.9,59.0,4.9
2025-11-18 00:00:00,2025,11,18,0,Sơn La,Xã Gia Phù,21.1792752,104.5565002,58,Moderate,1,17.4,95,0.3,5.8,68,946.0,100,7.8,7.9,299.0,5.0,63.0,4.2
2025-11-18 01:00:00,2025,11,18,1,Sơn La,Xã Gia Phù,21.1792752,104.5565002,57,Moderate,1,17.6,95,0.4,6.1,67,945.6,100,9.9,10.0,279.0,4.1,67.0,3.7
2025-11-18 02:00:00,2025,11,18,2,Sơn La,Xã Gia Phù,21.1792752,104.5565002,56,Moderate,1,17.3,96,0.4,5.7,72,945.0,100,10.0,10.1,278.0,3.2,72.0,3.3
2025-11-18 03:00:00,2025,11,18,3,Sơn La,Xã Gia Phù,21.1792752,104.5565002,55,Moderate,1,17.2,97,0.8,6.8,68,944.9,100,5.7,5.7,290.0,2.4,77.0,3.1
2025-11-18 04:00:00,2025,11,18,4,Sơn La,Xã Gia Phù,21.1792752,104.5565002,53,Moderate,1,17.2,97,0.5,6.7,70,945.0,100,3.7,3.8,310.0,2.0,81.0,3.0
2025-11-18 05:00:00,2025,11,18,5,Sơn La,Xã Gia Phù,21.1792752,104.5565002,52,Moderate,1,17.0,97,0.3,7.2,76,944.9,100,4.0,4.0,344.0,2.1,82.0,2.8
2025-11-18 06:00:00,2025,11,18,6,Sơn La,Xã Gia Phù,21.1792752,104.5565002,50,Good,0,16.9,97,0.2,9.4,72,945.5,100,5.1,5.2,386.0,2.5,80.0,2.8
2025-11-18 07:00:00,2025,11,18,7,Sơn La,Xã Gia Phù,21.1792752,104.5565002,49,Good,0,17.0,95,0.1,8.0,72,945.9,100,9.7,9.8,416.0,3.6,76.0,4.6
2025-11-18 08:00:00,2025,11,18,8,Sơn La,Xã Gia Phù,21.1792752,104.5565002,48,Good,0,17.9,89,0.1,11.8,67,946.9,100,12.5,12.7,426.0,4.2,74.0,7.0
2025-11-18 09:00:00,2025,11,18,9,Sơn La,Xã Gia Phù,21.1792752,104.5565002,48,Good,0,17.3,95,0.5,10.3,67,947.4,100,9.8,9.9,423.0,5.0,72.0,10.3
2025-11-18 10:00:00,2025,11,18,10,Sơn La,Xã Gia Phù,21.1792752,104.5565002,48,Good,0,17.1,95,0.7,12.7,67,947.5,100,8.0,8.0,411.0,5.6,69.0,12.7
2025-11-18 11:00:00,2025,11,18,11,Sơn La,Xã Gia Phù,21.1792752,104.5565002,47,Good,0,16.4,94,0.5,17.3,57,947.1,100,6.0,6.0,384.0,5.8,66.0,13.4
2025-11-18 12:00:00,2025,11,18,12,Sơn La,Xã Gia Phù,21.1792752,104.5565002,46,Good,0,15.3,90,0.3,20.8,48,946.5,100,6.0,6.0,347.0,5.9,62.0,13.2
2025-11-18 13:00:00,2025,11,18,13,Sơn La,Xã Gia Phù,21.1792752,104.5565002,45,Good,0,15.9,87,0.2,17.6,52,946.1,100,8.8,8.8,321.0,5.9,59.0,12.5
2025-11-18 14:00:00,2025,11,18,14,Sơn La,Xã Gia Phù,21.1792752,104.5565002,45,Good,0,14.6,86,0.3,20.1,56,945.4,100,10.4,10.5,316.0,6.0,56.0,11.2
2025-11-18 15:00:00,2025,11,18,15,Sơn La,Xã Gia Phù,21.1792752,104.5565002,44,Good,0,14.1,85,0.5,20.4,67,945.6,100,10.3,10.3,323.0,6.1,53.0,9.3
2025-11-18 16:00:00,2025,11,18,16,Sơn La,Xã Gia Phù,21.1792752,104.5565002,44,Good,0,13.3,92,0.3,19.0,71,945.9,100,9.1,9.1,331.0,6.1,52.0,7.9
2025-11-18 17:00:00,2025,11,18,17,Sơn La,Xã Gia Phù,21.1792752,104.5565002,42,Good,0,12.8,94,0.2,17.3,76,946.4,100,7.9,7.9,340.0,6.0,52.0,7.3
2025-11-18 18:00:00,2025,11,18,18,Sơn La,Xã Gia Phù,21.1792752,104.5565002,41,Good,0,12.7,93,0.3,16.7,82,947.3,100,6.9,6.9,351.0,5.9,54.0,7.0
2025-11-18 19:00:00,2025,11,18,19,Sơn La,Xã Gia Phù,21.1792752,104.5565002,40,Good,0,12.8,96,0.3,15.4,85,948.3,100,5.9,6.0,353.0,6.3,53.0,7.3
2025-11-18 20:00:00,2025,11,18,20,Sơn La,Xã Gia Phù,21.1792752,104.5565002,38,Good,0,12.4,96,0.3,15.2,86,949.3,100,5.3,5.3,341.0,5.7,54.0,7.1
2025-11-18 21:00:00,2025,11,18,21,Sơn La,Xã Gia Phù,21.1792752,104.5565002,36,Good,0,11.9,96,0.2,15.3,86,949.5,100,4.2,4.3,321.0,4.9,56.0,6.9
2025-11-18 22:00:00,2025,11,18,22,Sơn La,Xã Gia Phù,21.1792752,104.5565002,34,Good,0,11.9,96,0.2,14.3,94,949.4,100,2.4,2.4,301.0,4.3,57.0,6.5
2025-11-18 23:00:00,2025,11,18,23,Sơn La,Xã Gia Phù,21.1792752,104.5565002,32,Good,0,11.7,97,0.3,13.9,95,949.4,100,1.6,1.6,281.0,4.1,56.0,6.0
2025-11-19 00:00:00,2025,11,19,0,Sơn La,Xã Gia Phù,21.1792752,104.5565002,30,Good,0,11.5,96,0.2,14.1,87,949.4,100,1.9,1.9,261.0,4.2,55.0,5.3
2025-11-19 01:00:00,2025,11,19,1,Sơn La,Xã Gia Phù,21.1792752,104.5565002,29,Good,0,11.3,93,0.3,15.5,75,949.2,94,2.4,2.4,247.0,4.2,53.0,4.8
2025-11-19 02:00:00,2025,11,19,2,Sơn La,Xã Gia Phù,21.1792752,104.5565002,27,Good,0,10.6,90,0.4,16.5,76,948.7,100,2.5,2.5,243.0,4.0,52.0,4.4
2025-11-19 03:00:00,2025,11,19,3,Sơn La,Xã Gia Phù,21.1792752,104.5565002,26,Good,0,10.5,85,0.0,16.7,79,948.5,100,2.4,2.4,245.0,3.8,51.0,4.2
2025-11-19 04:00:00,2025,11,19,4,Sơn La,Xã Gia Phù,21.1792752,104.5565002,25,Good,0,10.6,79,0.0,17.2,79,948.6,100,2.7,2.7,250.0,3.8,50.0,4.1
2025-11-19 05:00:00,2025,11,19,5,Sơn La,Xã Gia Phù,21.1792752,104.5565002,25,Good,0,10.7,75,0.0,16.3,82,948.7,100,3.2,3.2,259.0,4.2,47.0,4.3
2025-11-19 06:00:00,2025,11,19,6,Sơn La,Xã Gia Phù,21.1792752,104.5565002,25,Good,0,10.8,73,0.0,16.6,85,949.3,100,3.9,3.9,271.0,4.7,44.0,4.6
2025-11-19 07:00:00,2025,11,19,7,Sơn La,Xã Gia Phù,21.1792752,104.5565002,25,Good,0,10.8,75,0.0,16.4,87,950.2,100,4.8,4.8,281.0,5.2,42.0,5.8
2025-11-19 08:00:00,2025,11,19,8,Sơn La,Xã Gia Phù,21.1792752,104.5565002,24,Good,0,11.2,77,0.0,15.8,97,951.0,100,5.2,5.2,288.0,4.7,43.0,6.2
2025-11-19 09:00:00,2025,11,19,9,Sơn La,Xã Gia Phù,21.1792752,104.5565002,23,Good,0,11.0,80,0.1,15.1,93,951.2,100,4.8,4.8,293.0,3.9,46.0,6.8
2025-11-19 10:00:00,2025,11,19,10,Sơn La,Xã Gia Phù,21.1792752,104.5565002,22,Good,0,11.3,80,0.2,14.6,94,951.4,100,3.1,3.1,294.0,3.3,49.0,7.2
2025-11-19 11:00:00,2025,11,19,11,Sơn La,Xã Gia Phù,21.1792752,104.5565002,22,Good,0,12.7,69,0.0,16.4,89,950.4,100,3.1,3.1,287.0,2.8,55.0,7.2
2025-11-19 12:00:00,2025,11,19,12,Sơn La,Xã Gia Phù,21.1792752,104.5565002,22,Good,0,13.1,67,0.0,15.1,91,949.3,97,3.1,3.1,276.0,2.5,62.0,7.0
2025-11-19 13:00:00,2025,11,19,13,Sơn La,Xã Gia Phù,21.1792752,104.5565002,22,Good,0,15.3,56,0.0,15.9,80,948.8,96,3.2,3.2,269.0,2.3,67.0,6.8
2025-11-19 14:00:00,2025,11,19,14,Sơn La,Xã Gia Phù,21.1792752,104.5565002,24,Good,0,15.2,56,0.0,15.6,84,947.7,94,3.7,3.8,269.0,2.3,70.0,6.5
2025-11-19 15:00:00,2025,11,19,15,Sơn La,Xã Gia Phù,21.1792752,104.5565002,25,Good,0,14.6,59,0.0,15.8,90,947.1,96,4.5,4.5,273.0,2.5,71.0,6.1
2025-11-19 16:00:00,2025,11,19,16,Sơn La,Xã Gia Phù,21.1792752,104.5565002,27,Good,0,13.5,62,0.0,15.3,93,946.5,100,5.4,5.4,284.0,2.9,70.0,5.8
2025-11-19 17:00:00,2025,11,19,17,Sơn La,Xã Gia Phù,21.1792752,104.5565002,28,Good,0,12.6,65,0.0,12.9,98,946.2,77,6.1,6.1,304.0,3.8,66.0,5.8
2025-11-19 18:00:00,2025,11,19,18,Sơn La,Xã Gia Phù,21.1792752,104.5565002,30,Good,0,11.5,70,0.0,8.7,96,946.5,31,6.6,6.7,331.0,5.0,59.0,5.8
2025-11-19 19:00:00,2025,11,19,19,Sơn La,Xã Gia Phù,21.1792752,104.5565002,30,Good,0,11.1,78,0.0,5.2,86,947.3,48,8.2,8.2,358.0,5.0,60.0,6.7
2025-11-19 20:00:00,2025,11,19,20,Sơn La,Xã Gia Phù,21.1792752,104.5565002,30,Good,0,10.9,80,0.0,4.7,81,948.0,38,8.7,8.7,389.0,5.9,54.0,6.5
2025-11-19 21:00:00,2025,11,19,21,Sơn La,Xã Gia Phù,21.1792752,104.5565002,30,Good,0,10.5,83,0.0,4.2,72,948.2,34,10.0,10.1,419.0,7.1,46.0,6.3
2025-11-19 22:00:00,2025,11,19,22,Sơn La,Xã Gia Phù,21.1792752,104.5565002,29,Good,0,10.1,85,0.0,3.9,62,948.2,48,11.0,11.1,432.0,8.0,40.0,6.1
2025-11-19 23:00:00,2025,11,19,23,Sơn La,Xã Gia Phù,21.1792752,104.5565002,27,Good,0,9.8,86,0.0,4.3,62,947.9,26,11.9,11.9,413.0,8.3,37.0,5.9
2025-11-20 00:00:00,2025,11,20,0,Sơn La,Xã Gia Phù,21.1792752,104.5565002,25,Good,0,9.6,86,0.0,4.4,60,947.7,16,12.6,12.6,376.0,8.2,36.0,5.7
2025-11-20 01:00:00,2025,11,20,1,Sơn La,Xã Gia Phù,21.1792752,104.5565002,23,Good,0,9.8,89,0.0,4.6,59,947.5,13,13.3,13.3,343.0,8.0,36.0,5.5
2025-11-20 02:00:00,2025,11,20,2,Sơn La,Xã Gia Phù,21.1792752,104.5565002,25,Good,0,9.9,89,0.0,4.8,70,946.8,13,14.0,14.0,319.0,7.5,36.0,5.2
2025-11-20 03:00:00,2025,11,20,3,Sơn La,Xã Gia Phù,21.1792752,104.5565002,27,Good,0,9.6,89,0.0,5.1,72,946.7,9,14.4,14.4,299.0,6.8,37.0,4.9
2025-11-20 04:00:00,2025,11,20,4,Sơn La,Xã Gia Phù,21.1792752,104.5565002,29,Good,0,9.3,89,0.0,5.5,67,946.8,14,14.4,14.5,296.0,6.3,38.0,4.8
2025-11-20 05:00:00,2025,11,20,5,Sơn La,Xã Gia Phù,21.1792752,104.5565002,31,Good,0,9.3,89,0.0,5.8,68,947.0,15,14.4,14.5,326.0,6.2,38.0,5.0
2025-11-20 06:00:00,2025,11,20,6,Sơn La,Xã Gia Phù,21.1792752,104.5565002,33,Good,0,9.1,89,0.0,5.4,69,947.4,20,14.4,14.5,372.0,6.2,39.0,5.3
2025-11-20 07:00:00,2025,11,20,7,Sơn La,Xã Gia Phù,21.1792752,104.5565002,35,Good,0,10.2,84,0.0,6.7,74,948.7,16,8.3,8.3,396.0,6.3,43.0,5.6
2025-11-20 08:00:00,2025,11,20,8,Sơn La,Xã Gia Phù,21.1792752,104.5565002,35,Good,0,12.2,77,0.0,10.0,97,949.8,18,4.3,4.4,373.0,4.7,53.0,6.0
2025-11-20 09:00:00,2025,11,20,9,Sơn La,Xã Gia Phù,21.1792752,104.5565002,35,Good,0,14.0,68,0.0,13.6,95,950.4,17,2.9,2.9,327.0,2.6,68.0,6.5
2025-11-20 10:00:00,2025,11,20,10,Sơn La,Xã Gia Phù,21.1792752,104.5565002,35,Good,0,15.4,56,0.0,15.7,87,950.4,16,3.2,3.3,291.0,1.0,80.0,6.9
2025-11-20 11:00:00,2025,11,20,11,Sơn La,Xã Gia Phù,21.1792752,104.5565002,35,Good,0,16.6,52,0.0,16.7,89,949.5,19,3.7,3.8,277.0,0.5,87.0,6.9
2025-11-20 12:00:00,2025,11,20,12,Sơn La,Xã Gia Phù,21.1792752,104.5565002,35,Good,0,17.4,49,0.0,17.1,88,948.2,20,4.4,4.5,273.0,0.6,93.0,6.8
2025-11-20 13:00:00,2025,11,20,13,Sơn La,Xã Gia Phù,21.1792752,104.5565002,35,Good,0,17.7,50,0.0,16.3,84,947.2,77,5.3,5.3,272.0,0.8,97.0,6.6
2025-11-20 14:00:00,2025,11,20,14,Sơn La,Xã Gia Phù,21.1792752,104.5565002,36,Good,0,18.0,50,0.0,16.1,86,946.2,77,6.0,6.0,266.0,0.7,102.0,6.5
2025-11-20 15:00:00,2025,11,20,15,Sơn La,Xã Gia Phù,21.1792752,104.5565002,36,Good,0,16.8,55,0.0,15.7,86,945.7,67,6.7,6.8,264.0,0.7,106.0,6.4
2025-11-20 16:00:00,2025,11,20,16,Sơn La,Xã Gia Phù,21.1792752,104.5565002,40,Good,0,15.8,59,0.0,14.8,96,945.6,34,7.4,7.5,282.0,1.3,106.0,6.3
2025-11-20 17:00:00,2025,11,20,17,Sơn La,Xã Gia Phù,21.1792752,104.5565002,43,Good,0,14.4,65,0.0,9.3,100,945.6,7,8.1,8.1,341.0,3.2,97.0,6.2
2025-11-20 18:00:00,2025,11,20,18,Sơn La,Xã Gia Phù,21.1792752,104.5565002,45,Good,0,12.8,73,0.0,5.3,72,945.7,5,9.2,9.2,420.0,5.7,83.0,6.0
2025-11-20 19:00:00,2025,11,20,19,Sơn La,Xã Gia Phù,21.1792752,104.5565002,45,Good,0,12.2,79,0.0,3.8,41,946.2,0,13.5,13.6,475.0,8.1,65.0,6.3
2025-11-20 20:00:00,2025,11,20,20,Sơn La,Xã Gia Phù,21.1792752,104.5565002,43,Good,0,12.0,80,0.0,4.0,54,946.7,0,14.6,14.7,487.0,8.2,64.0,6.5
2025-11-20 21:00:00,2025,11,20,21,Sơn La,Xã Gia Phù,21.1792752,104.5565002,42,Good,0,11.6,81,0.0,4.0,54,947.1,0,15.3,15.3,475.0,8.3,64.0,6.8
2025-11-20 22:00:00,2025,11,20,22,Sơn La,Xã Gia Phù,21.1792752,104.5565002,41,Good,0,11.3,80,0.0,3.6,53,947.5,6,15.9,16.0,452.0,8.3,63.0,6.9
2025-11-20 23:00:00,2025,11,20,23,Sơn La,Xã Gia Phù,21.1792752,104.5565002,41,Good,0,11.0,80,0.0,3.6,45,947.6,3,16.4,16.4,414.0,8.0,62.0,6.8
2025-11-21 00:00:00,2025,11,21,0,Sơn La,Xã Gia Phù,21.1792752,104.5565002,42,Good,0,10.8,79,0.0,4.2,47,947.1,2,16.5,16.5,365.0,7.5,62.0,6.5
2025-11-21 01:00:00,2025,11,21,1,Sơn La,Xã Gia Phù,21.1792752,104.5565002,43,Good,0,11.0,79,0.0,3.7,51,947.0,9,16.1,16.2,326.0,7.0,61.0,6.2
2025-11-21 02:00:00,2025,11,21,2,Sơn La,Xã Gia Phù,21.1792752,104.5565002,43,Good,0,10.9,80,0.0,4.8,68,946.7,9,15.5,15.6,301.0,6.3,61.0,5.9
2025-11-21 03:00:00,2025,11,21,3,Sơn La,Xã Gia Phù,21.1792752,104.5565002,44,Good,0,10.5,81,0.0,4.8,63,946.4,5,14.7,14.8,285.0,5.5,60.0,5.6
2025-11-21 04:00:00,2025,11,21,4,Sơn La,Xã Gia Phù,21.1792752,104.5565002,44,Good,0,10.1,83,0.0,4.8,61,946.2,5,13.9,14.1,289.0,5.0,60.0,5.4
2025-11-21 05:00:00,2025,11,21,5,Sơn La,Xã Gia Phù,21.1792752,104.5565002,44,Good,0,9.8,83,0.0,4.2,59,946.0,7,13.3,13.5,332.0,5.2,58.0,5.4
2025-11-21 06:00:00,2025,11,21,6,Sơn La,Xã Gia Phù,21.1792752,104.5565002,43,Good,0,9.4,84,0.0,4.1,56,946.6,9,13.1,13.3,394.0,5.8,56.0,5.4
2025-11-21 07:00:00,2025,11,21,7,Sơn La,Xã Gia Phù,21.1792752,104.5565002,43,Good,0,11.3,84,0.0,4.6,59,947.8,10,4.2,4.3,424.0,6.6,54.0,5.8
2025-11-21 08:00:00,2025,11,21,8,Sơn La,Xã Gia Phù,21.1792752,104.5565002,42,Good,0,14.1,76,0.0,6.9,97,949.0,11,2.0,2.1,389.0,4.9,64.0,6.0
2025-11-21 09:00:00,2025,11,21,9,Sơn La,Xã Gia Phù,21.1792752,104.5565002,42,Good,0,16.3,69,0.0,11.8,106,950.0,9,1.2,1.3,322.0,2.7,79.0,6.3
2025-11-21 10:00:00,2025,11,21,10,Sơn La,Xã Gia Phù,21.1792752,104.5565002,42,Good,0,17.9,51,0.0,16.2,88,950.3,9,2.7,2.7,270.0,1.0,91.0,6.6
2025-11-21 11:00:00,2025,11,21,11,Sơn La,Xã Gia Phù,21.1792752,104.5565002,42,Good,0,18.8,46,0.0,17.3,82,949.6,9,4.0,4.1,250.0,0.5,97.0,6.9
2025-11-21 12:00:00,2025,11,21,12,Sơn La,Xã Gia Phù,21.1792752,104.5565002,42,Good,0,19.3,46,0.0,17.2,83,948.6,8,5.1,5.2,245.0,0.6,101.0,7.1
2025-11-21 13:00:00,2025,11,21,13,Sơn La,Xã Gia Phù,21.1792752,104.5565002,42,Good,0,19.5,46,0.0,15.7,89,947.4,9,6.1,6.2,245.0,0.8,104.0,7.2
2025-11-21 14:00:00,2025,11,21,14,Sơn La,Xã Gia Phù,21.1792752,104.5565002,42,Good,0,19.4,46,0.0,16.2,87,946.4,9,6.8,6.9,244.0,0.6,107.0,7.1
2025-11-21 15:00:00,2025,11,21,15,Sơn La,Xã Gia Phù,21.1792752,104.5565002,42,Good,0,18.9,48,0.0,16.2,87,946.0,9,7.2,7.3,250.0,0.5,109.0,6.8
2025-11-21 16:00:00,2025,11,21,16,Sơn La,Xã Gia Phù,21.1792752,104.5565002,44,Good,0,17.9,52,0.0,13.9,89,945.5,6,7.6,7.7,274.0,1.2,107.0,6.6
2025-11-21 17:00:00,2025,11,21,17,Sơn La,Xã Gia Phù,21.1792752,104.5565002,46,Good,0,15.9,60,0.0,8.1,93,945.1,6,8.2,8.4,336.0,3.5,96.0,6.4
2025-11-21 18:00:00,2025,11,21,18,Sơn La,Xã Gia Phù,21.1792752,104.5565002,47,Good,0,13.7,67,0.0,5.3,55,944.9,6,9.4,9.5,417.0,6.5,81.0,6.2
2025-11-21 19:00:00,2025,11,21,19,Sơn La,Xã Gia Phù,21.1792752,104.5565002,46,Good,0,13.3,72,0.0,3.6,27,945.3,5,12.0,12.1,471.0,8.8,66.0,6.4
2025-11-21 20:00:00,2025,11,21,20,Sơn La,Xã Gia Phù,21.1792752,104.5565002,45,Good,0,12.9,73,0.0,4.1,34,945.6,9,13.8,14.0,475.0,9.1,66.0,6.8
2025-11-21 21:00:00,2025,11,21,21,Sơn La,Xã Gia Phù,21.1792752,104.5565002,43,Good,0,12.5,73,0.0,4.2,36,945.9,11,14.9,15.1,451.0,9.4,65.0,7.3
2025-11-21 22:00:00,2025,11,21,22,Sơn La,Xã Gia Phù,21.1792752,104.5565002,42,Good,0,12.3,72,0.0,4.1,34,946.2,9,16.3,16.5,421.0,9.5,65.0,7.7
2025-11-21 23:00:00,2025,11,21,23,Sơn La,Xã Gia Phù,21.1792752,104.5565002,42,Good,0,12.1,70,0.0,4.1,34,946.1,8,17.3,17.5,388.0,9.3,66.0,7.9
2025-11-22 00:00:00,2025,11,22,0,Sơn La,Xã Gia Phù,21.1792752,104.5565002,42,Good,0,11.9,69,0.0,3.9,34,945.7,8,17.9,18.2,348.0,8.8,68.0,8.0
2025-11-22 01:00:00,2025,11,22,1,Sơn La,Xã Gia Phù,21.1792752,104.5565002,42,Good,0,11.7,70,0.0,3.0,38,945.4,7,18.2,18.5,314.0,8.3,69.0,8.0
2025-11-22 02:00:00,2025,11,22,2,Sơn La,Xã Gia Phù,21.1792752,104.5565002,43,Good,0,11.6,71,0.0,3.7,43,944.9,6,18.4,18.6,284.0,7.7,71.0,7.9
2025-11-22 03:00:00,2025,11,22,3,Sơn La,Xã Gia Phù,21.1792752,104.5565002,43,Good,0,11.3,72,0.0,3.8,41,944.6,8,18.5,18.8,259.0,7.0,72.0,7.8
2025-11-22 04:00:00,2025,11,22,4,Sơn La,Xã Gia Phù,21.1792752,104.5565002,44,Good,0,11.1,73,0.0,3.4,47,944.5,8,18.6,19.0,259.0,6.7,72.0,7.6
2025-11-22 05:00:00,2025,11,22,5,Sơn La,Xã Gia Phù,21.1792752,104.5565002,45,Good,0,10.7,75,0.0,3.3,41,944.4,14,18.8,19.2,311.0,7.4,67.0,7.4
2025-11-22 06:00:00,2025,11,22,6,Sơn La,Xã Gia Phù,21.1792752,104.5565002,46,Good,0,10.3,77,0.0,3.3,41,944.7,9,19.0,19.3,387.0,8.4,60.0,7.1
2025-11-22 07:00:00,2025,11,22,7,Sơn La,Xã Gia Phù,21.1792752,104.5565002,47,Good,0,11.7,77,0.0,3.1,45,946.0,0,21.0,21.2,424.0,8.9,41.0,5.0
2025-11-22 08:00:00,2025,11,22,8,Sơn La,Xã Gia Phù,21.1792752,104.5565002,49,Good,0,14.6,69,0.0,4.5,83,947.2,0,15.0,15.2,382.0,6.5,56.0,5.4
2025-11-22 09:00:00,2025,11,22,9,Sơn La,Xã Gia Phù,21.1792752,104.5565002,51,Moderate,1,16.6,62,0.0,8.0,100,948.1,0,12.4,12.6,300.0,3.2,76.0,6.0
2025-11-22 10:00:00,2025,11,22,10,Sơn La,Xã Gia Phù,21.1792752,104.5565002,52,Moderate,1,18.2,46,0.0,11.7,86,947.8,0,11.4,11.6,239.0,0.8,92.0,6.3
2025-11-22 11:00:00,2025,11,22,11,Sơn La,Xã Gia Phù,21.1792752,104.5565002,53,Moderate,1,19.2,41,0.0,12.9,81,947.1,0,10.2,10.4,224.0,0.1,97.0,5.9
2025-11-22 12:00:00,2025,11,22,12,Sơn La,Xã Gia Phù,21.1792752,104.5565002,53,Moderate,1,19.6,41,0.0,13.4,83,945.9,0,9.4,9.6,228.0,0.3,98.0,5.2
2025-11-22 13:00:00,2025,11,22,13,Sơn La,Xã Gia Phù,21.1792752,104.5565002,54,Moderate,1,19.9,41,0.0,11.0,92,944.9,0,9.1,9.3,236.0,0.6,98.0,4.7
2025-11-22 14:00:00,2025,11,22,14,Sơn La,Xã Gia Phù,21.1792752,104.5565002,54,Moderate,1,19.6,44,0.0,11.7,94,943.7,0,9.1,9.2,236.0,0.4,101.0,4.7
2025-11-22 15:00:00,2025,11,22,15,Sơn La,Xã Gia Phù,21.1792752,104.5565002,54,Moderate,1,19.1,47,0.0,10.8,93,943.3,0,9.4,9.5,239.0,0.4,105.0,4.9
2025-11-22 16:00:00,2025,11,22,16,Sơn La,Xã Gia Phù,21.1792752,104.5565002,54,Moderate,1,18.2,52,0.0,8.7,84,943.0,0,10.2,10.4,260.0,1.1,105.0,5.4
2025-11-22 17:00:00,2025,11,22,17,Sơn La,Xã Gia Phù,21.1792752,104.5565002,54,Moderate,1,15.8,64,0.0,5.5,63,942.5,0,11.6,11.7,320.0,3.4,99.0,6.1
2025-11-22 18:00:00,2025,11,22,18,Sơn La,Xã Gia Phù,21.1792752,104.5565002,55,Moderate,1,14.2,67,0.0,5.7,28,942.3,0,13.6,13.7,399.0,6.4,89.0,7.0
2025-11-22 19:00:00,2025,11,22,19,Sơn La,Xã Gia Phù,21.1792752,104.5565002,55,Moderate,1,13.1,73,0.0,4.2,10,943.0,0,13.5,13.6,448.0,9.1,75.0,7.1
2025-11-22 20:00:00,2025,11,22,20,Sơn La,Xã Gia Phù,21.1792752,104.5565002,55,Moderate,1,12.8,72,0.0,4.0,10,943.6,0,16.7,16.8,443.0,9.5,77.0,8.2
2025-11-22 21:00:00,2025,11,22,21,Sơn La,Xã Gia Phù,21.1792752,104.5565002,56,Moderate,1,12.1,73,0.0,3.7,11,943.7,0,19.4,19.6,408.0,10.1,80.0,9.7
2025-11-22 22:00:00,2025,11,22,22,Sơn La,Xã Gia Phù,21.1792752,104.5565002,56,Moderate,1,11.9,70,0.0,4.1,13,944.0,0,22.0,22.1,376.0,10.6,82.0,10.9
2025-11-22 23:00:00,2025,11,22,23,Sơn La,Xã Gia Phù,21.1792752,104.5565002,56,Moderate,1,11.8,69,0.0,3.8,11,943.8,2,24.0,24.2,356.0,11.0,82.0,11.7
2025-11-23 00:00:00,2025,11,23,0,Sơn La,Xã Gia Phù,21.1792752,104.5565002,57,Moderate,1,12.1,65,0.0,2.7,20,943.8,9,25.4,25.5,338.0,11.3,81.0,12.2
2025-11-23 01:00:00,2025,11,23,1,Sơn La,Xã Gia Phù,21.1792752,104.5565002,58,Moderate,1,12.1,64,0.0,2.1,31,943.6,27,26.5,26.6,321.0,11.4,80.0,12.5
2025-11-23 02:00:00,2025,11,23,2,Sơn La,Xã Gia Phù,21.1792752,104.5565002,58,Moderate,1,12.0,61,0.0,1.7,18,943.0,12,27.4,27.5,294.0,11.1,80.0,12.8
2025-11-23 03:00:00,2025,11,23,3,Sơn La,Xã Gia Phù,21.1792752,104.5565002,59,Moderate,1,11.9,58,0.0,1.6,27,942.7,9,28.0,28.2,267.0,10.6,80.0,12.9
2025-11-23 04:00:00,2025,11,23,4,Sơn La,Xã Gia Phù,21.1792752,104.5565002,60,Moderate,1,11.5,58,0.0,2.4,27,942.7,9,28.5,28.6,269.0,10.3,77.0,12.4
2025-11-23 05:00:00,2025,11,23,5,Sơn La,Xã Gia Phù,21.1792752,104.5565002,61,Moderate,1,11.1,60,0.0,2.7,23,942.7,9,29.0,29.1,331.0,10.7,64.0,10.0
2025-11-23 06:00:00,2025,11,23,6,Sơn La,Xã Gia Phù,21.1792752,104.5565002,62,Moderate,1,11.0,62,0.0,2.5,21,943.3,12,34.1,34.2,421.0,11.2,47.0,6.8
2025-11-23 07:00:00,2025,11,23,7,Sơn La,Xã Gia Phù,21.1792752,104.5565002,63,Moderate,1,12.2,67,0.0,2.4,27,944.8,11,29.4,29.5,474.0,11.6,34.0,4.5
2025-11-23 08:00:00,2025,11,23,8,Sơn La,Xã Gia Phù,21.1792752,104.5565002,64,Moderate,1,14.9,60,0.0,3.6,60,945.8,6,16.1,16.1,451.0,8.6,58.0,9.2
2025-11-23 09:00:00,2025,11,23,9,Sơn La,Xã Gia Phù,21.1792752,104.5565002,64,Moderate,1,16.7,55,0.0,4.4,102,946.8,2,9.1,9.2,392.0,4.5,90.0,15.5
2025-11-23 10:00:00,2025,11,23,10,Sơn La,Xã Gia Phù,21.1792752,104.5565002,64,Moderate,1,18.1,53,0.0,5.8,106,947.1,2,12.1,12.2,347.0,1.4,114.0,19.9
2025-11-23 11:00:00,2025,11,23,11,Sơn La,Xã Gia Phù,21.1792752,104.5565002,64,Moderate,1,19.2,51,0.0,7.3,106,946.1,0,13.3,13.4,337.0,0.5,121.0,20.3
2025-11-23 12:00:00,2025,11,23,12,Sơn La,Xã Gia Phù,21.1792752,104.5565002,64,Moderate,1,20.0,51,0.0,7.9,106,945.0,0,13.8,13.9,342.0,0.6,119.0,18.6
2025-11-23 13:00:00,2025,11,23,13,Sơn La,Xã Gia Phù,21.1792752,104.5565002,64,Moderate,1,20.8,50,0.0,8.0,104,944.2,0,14.4,14.4,349.0,0.9,117.0,17.1
2025-11-23 14:00:00,2025,11,23,14,Sơn La,Xã Gia Phù,21.1792752,104.5565002,65,Moderate,1,20.7,53,0.0,8.1,96,943.3,0,14.8,14.8,348.0,0.7,118.0,16.4
2025-11-23 15:00:00,2025,11,23,15,Sơn La,Xã Gia Phù,21.1792752,104.5565002,65,Moderate,1,20.5,55,0.0,8.7,82,942.7,0,15.5,15.6,349.0,0.5,119.0,15.9
2025-11-23 16:00:00,2025,11,23,16,Sơn La,Xã Gia Phù,21.1792752,104.5565002,66,Moderate,1,19.7,59,0.0,7.7,74,942.5,0,16.9,16.9,369.0,1.3,117.0,15.6
2025-11-23 17:00:00,2025,11,23,17,Sơn La,Xã Gia Phù,21.1792752,104.5565002,67,Moderate,1,17.1,71,0.0,5.0,52,941.8,0,19.2,19.3,431.0,3.7,110.0,15.7
2025-11-23 18:00:00,2025,11,23,18,Sơn La,Xã Gia Phù,21.1792752,104.5565002,67,Moderate,1,15.1,76,0.0,4.6,21,941.7,0,22.1,22.1,512.0,7.1,99.0,16.1
2025-11-23 19:00:00,2025,11,23,19,Sơn La,Xã Gia Phù,21.1792752,104.5565002,68,Moderate,1,14.3,80,0.0,3.7,11,942.2,0,17.8,17.8,564.0,10.4,83.0,16.7
2025-11-23 20:00:00,2025,11,23,20,Sơn La,Xã Gia Phù,21.1792752,104.5565002,68,Moderate,1,14.1,80,0.0,4.1,13,942.5,0,21.5,21.5,562.0,11.0,83.0,17.8
2025-11-23 21:00:00,2025,11,23,21,Sơn La,Xã Gia Phù,21.1792752,104.5565002,69,Moderate,1,13.5,80,0.0,3.6,9,942.6,0,24.9,24.9,531.0,12.0,83.0,19.3
2025-11-23 22:00:00,2025,11,23,22,Sơn La,Xã Gia Phù,21.1792752,104.5565002,69,Moderate,1,13.3,78,0.0,2.5,8,942.8,0,27.9,27.9,501.0,12.7,82.0,20.4
2025-11-23 23:00:00,2025,11,23,23,Sơn La,Xã Gia Phù,21.1792752,104.5565002,70,Moderate,1,13.4,77,0.0,2.2,24,943.0,0,30.3,30.3,483.0,13.3,79.0,20.7
2025-11-24 00:00:00,2025,11,24,0,Sơn La,Xã Gia Phù,21.1792752,104.5565002,70,Moderate,1,13.0,78,0.0,2.4,13,942.7,0,31.5,31.5,465.0,13.7,76.0,20.5
2025-11-24 01:00:00,2025,11,24,1,Sơn La,Xã Gia Phù,21.1792752,104.5565002,71,Moderate,1,12.7,80,0.0,1.7,32,942.7,0,32.4,32.4,445.0,13.6,74.0,20.4
2025-11-24 02:00:00,2025,11,24,2,Sơn La,Xã Gia Phù,21.1792752,104.5565002,71,Moderate,1,12.3,79,0.0,2.1,15,942.1,0,32.8,32.8,410.0,12.6,76.0,20.9
2025-11-24 03:00:00,2025,11,24,3,Sơn La,Xã Gia Phù,21.1792752,104.5565002,72,Moderate,1,12.0,78,0.0,3.0,25,942.0,0,33.4,33.4,371.0,11.1,80.0,21.4
2025-11-24 04:00:00,2025,11,24,4,Sơn La,Xã Gia Phù,21.1792752,104.5565002,72,Moderate,1,11.7,76,0.0,3.0,33,942.3,0,33.6,33.6,361.0,10.0,81.0,20.9
2025-11-24 05:00:00,2025,11,24,5,Sơn La,Xã Gia Phù,21.1792752,104.5565002,73,Moderate,1,11.4,76,0.0,3.3,36,942.7,0,33.5,33.5,414.0,10.0,72.0,17.8
2025-11-24 06:00:00,2025,11,24,6,Sơn La,Xã Gia Phù,21.1792752,104.5565002,73,Moderate,1,11.2,76,0.0,3.8,41,943.5,0,37.6,37.6,495.0,10.4,59.0,13.8
2025-11-24 07:00:00,2025,11,24,7,Sơn La,Xã Gia Phù,21.1792752,104.5565002,74,Moderate,1,12.4,79,0.0,3.7,39,944.7,0,32.9,32.9,534.0,10.4,42.0,9.2
2025-11-24 08:00:00,2025,11,24,8,Sơn La,Xã Gia Phù,21.1792752,104.5565002,74,Moderate,1,15.3,73,0.0,5.3,78,946.2,0,22.4,22.4,488.0,7.8,68.0,13.0
2025-11-24 09:00:00,2025,11,24,9,Sơn La,Xã Gia Phù,21.1792752,104.5565002,74,Moderate,1,17.4,71,0.0,8.3,106,947.2,0,13.4,13.4,399.0,4.1,102.0,18.0
2025-11-24 10:00:00,2025,11,24,10,Sơn La,Xã Gia Phù,21.1792752,104.5565002,75,Moderate,1,19.1,62,0.0,12.2,99,947.2,0,12.8,12.8,330.0,1.4,126.0,20.6
2025-11-24 11:00:00,2025,11,24,11,Sơn La,Xã Gia Phù,21.1792752,104.5565002,75,Moderate,1,20.1,53,0.0,14.2,91,946.5,0,13.2,13.2,305.0,0.6,127.0,18.4
2025-11-24 12:00:00,2025,11,24,12,Sơn La,Xã Gia Phù,21.1792752,104.5565002,75,Moderate,1,20.6,51,0.0,15.7,92,945.5,0,12.0,12.1,298.0,0.7,117.0,13.7
2025-11-24 13:00:00,2025,11,24,13,Sơn La,Xã Gia Phù,21.1792752,104.5565002,75,Moderate,1,21.0,50,0.0,14.5,97,944.5,0,11.5,11.7,298.0,0.9,109.0,9.8
2025-11-24 14:00:00,2025,11,24,14,Sơn La,Xã Gia Phù,21.1792752,104.5565002,74,Moderate,1,20.7,51,0.0,14.7,96,943.8,1,12.3,12.5,293.0,0.7,110.0,7.8
2025-11-24 15:00:00,2025,11,24,15,Sơn La,Xã Gia Phù,21.1792752,104.5565002,74,Moderate,1,20.5,52,0.0,15.2,94,943.7,2,12.7,12.9,294.0,0.6,113.0,6.5
2025-11-24 16:00:00,2025,11,24,16,Sơn La,Xã Gia Phù,21.1792752,104.5565002,74,Moderate,1,19.6,56,0.0,12.8,92,943.4,1,13.8,14.0,320.0,1.3,112.0,5.8
2025-11-24 17:00:00,2025,11,24,17,Sơn La,Xã Gia Phù,21.1792752,104.5565002,74,Moderate,1,17.5,66,0.0,7.6,91,943.5,1,15.2,15.4,398.0,3.4,104.0,5.8
2025-11-24 18:00:00,2025,11,24,18,Sơn La,Xã Gia Phù,21.1792752,104.5565002,73,Moderate,1,15.0,75,0.0,4.5,67,943.4,1,16.9,17.0,502.0,6.3,92.0,6.3
2025-11-24 19:00:00,2025,11,24,19,Sơn La,Xã Gia Phù,21.1792752,104.5565002,73,Moderate,1,14.5,81,0.0,3.6,30,944.0,0,19.6,19.7,567.0,8.6,79.0,7.4
2025-11-24 20:00:00,2025,11,24,20,Sơn La,Xã Gia Phù,21.1792752,104.5565002,73,Moderate,1,14.1,82,0.0,4.4,35,944.5,0,22.3,22.4,560.0,8.7,79.0,7.8
2025-11-24 21:00:00,2025,11,24,21,Sơn La,Xã Gia Phù,21.1792752,104.5565002,73,Moderate,1,13.8,80,0.0,5.0,46,945.0,1,23.5,23.6,516.0,8.8,79.0,8.3
2025-11-24 22:00:00,2025,11,24,22,Sơn La,Xã Gia Phù,21.1792752,104.5565002,73,Moderate,1,13.7,79,0.0,5.3,62,945.2,2,24.3,24.4,469.0,8.6,79.0,8.5
2025-11-24 23:00:00,2025,11,24,23,Sơn La,Xã Gia Phù,21.1792752,104.5565002,73,Moderate,1,13.6,79,0.0,5.9,63,945.3,5,24.2,24.3,430.0,8.0,79.0,8.1
2025-11-25 00:00:00,2025,11,25,0,Sơn La,Xã Gia Phù,21.1792752,104.5565002,72,Moderate,1,13.6,78,0.0,6.4,63,945.5,5,23.2,23.4,390.0,7.0,78.0,7.3
2025-11-25 01:00:00,2025,11,25,1,Sơn La,Xã Gia Phù,21.1792752,104.5565002,71,Moderate,1,13.9,81,0.0,7.1,71,945.7,11,21.7,21.9,356.0,6.1,77.0,6.6
2025-11-25 02:00:00,2025,11,25,2,Sơn La,Xã Gia Phù,21.1792752,104.5565002,70,Moderate,1,13.6,82,0.0,8.0,74,945.1,20,20.5,20.7,327.0,5.1,76.0,6.1
2025-11-25 03:00:00,2025,11,25,3,Sơn La,Xã Gia Phù,21.1792752,104.5565002,69,Moderate,1,13.6,80,0.0,9.1,76,945.0,26,20.3,20.6,306.0,4.1,75.0,5.6
2025-11-25 04:00:00,2025,11,25,4,Sơn La,Xã Gia Phù,21.1792752,104.5565002,68,Moderate,1,12.6,83,0.0,7.8,77,944.8,98,20.2,20.5,302.0,3.6,73.0,5.3
2025-11-25 05:00:00,2025,11,25,5,Sơn La,Xã Gia Phù,21.1792752,104.5565002,67,Moderate,1,11.8,84,0.0,6.7,76,945.0,96,19.7,20.1,337.0,4.1,67.0,5.3
2025-11-25 06:00:00,2025,11,25,6,Sơn La,Xã Gia Phù,21.1792752,104.5565002,66,Moderate,1,11.3,82,0.0,6.6,74,945.4,98,19.4,19.7,391.0,5.0,60.0,5.5
2025-11-25 07:00:00,2025,11,25,7,Sơn La,Xã Gia Phù,21.1792752,104.5565002,64,Moderate,1,12.6,67,0.0,5.9,70,946.2,23,11.2,11.3,414.0,6.5,59.0,5.8
2025-11-25 08:00:00,2025,11,25,8,Sơn La,Xã Gia Phù,21.1792752,104.5565002,62,Moderate,1,15.7,62,0.0,8.8,89,947.1,8,9.9,10.1,374.0,4.9,72.0,6.3
2025-11-25 09:00:00,2025,11,25,9,Sơn La,Xã Gia Phù,21.1792752,104.5565002,61,Moderate,1,17.7,54,0.0,13.4,85,948.2,15,7.5,7.8,302.0,2.7,91.0,7.1
2025-11-25 10:00:00,2025,11,25,10,Sơn La,Xã Gia Phù,21.1792752,104.5565002,61,Moderate,1,18.8,37,0.0,18.5,65,948.2,61,6.2,6.7,248.0,1.0,105.0,7.4
2025-11-25 11:00:00,2025,11,25,11,Sơn La,Xã Gia Phù,21.1792752,104.5565002,60,Moderate,1,19.0,35,0.0,18.9,66,947.4,60,6.7,7.3,231.0,0.5,111.0,7.0
2025-11-25 12:00:00,2025,11,25,12,Sơn La,Xã Gia Phù,21.1792752,104.5565002,59,Moderate,1,19.3,34,0.0,18.1,73,946.3,10,7.4,8.1,231.0,0.5,113.0,6.3
2025-11-25 13:00:00,2025,11,25,13,Sơn La,Xã Gia Phù,21.1792752,104.5565002,59,Moderate,1,19.7,33,0.0,15.7,77,945.2,0,8.0,8.8,233.0,0.7,114.0,5.7
2025-11-25 14:00:00,2025,11,25,14,Sơn La,Xã Gia Phù,21.1792752,104.5565002,59,Moderate,1,19.6,33,0.0,15.3,82,944.2,0,8.5,9.3,224.0,0.5,117.0,5.3
2025-11-25 15:00:00,2025,11,25,15,Sơn La,Xã Gia Phù,21.1792752,104.5565002,58,Moderate,1,19.1,34,0.0,14.8,87,943.4,7,8.8,9.7,217.0,0.4,118.0,5.0
2025-11-25 16:00:00,2025,11,25,16,Sơn La,Xã Gia Phù,21.1792752,104.5565002,58,Moderate,1,18.0,40,0.0,11.9,95,942.9,5,9.3,10.2,237.0,1.2,116.0,5.0
2025-11-25 17:00:00,2025,11,25,17,Sơn La,Xã Gia Phù,21.1792752,104.5565002,58,Moderate,1,15.4,50,0.0,6.5,95,942.3,5,10.3,11.1,311.0,3.8,106.0,5.3
2025-11-25 18:00:00,2025,11,25,18,Sơn La,Xã Gia Phù,21.1792752,104.5565002,58,Moderate,1,13.4,56,0.0,4.9,51,942.3,3,12.0,12.8,411.0,7.4,92.0,5.8
2025-11-25 19:00:00,2025,11,25,19,Sơn La,Xã Gia Phù,21.1792752,104.5565002,57,Moderate,1,13.3,58,0.0,2.6,16,943.0,0,12.1,12.8,478.0,9.5,78.0,6.6
2025-11-25 20:00:00,2025,11,25,20,Sơn La,Xã Gia Phù,21.1792752,104.5565002,56,Moderate,1,12.6,60,0.0,2.7,23,943.1,0,13.7,14.4,484.0,9.7,79.0,7.1
2025-11-25 21:00:00,2025,11,25,21,Sơn La,Xã Gia Phù,21.1792752,104.5565002,55,Moderate,1,11.9,60,0.0,3.4,25,943.3,0,14.8,15.5,457.0,9.9,79.0,7.7
2025-11-25 22:00:00,2025,11,25,22,Sơn La,Xã Gia Phù,21.1792752,104.5565002,55,Moderate,1,11.5,57,0.0,3.5,15,943.5,0,15.9,16.6,426.0,10.0,80.0,8.2
2025-11-25 23:00:00,2025,11,25,23,Sơn La,Xã Gia Phù,21.1792752,104.5565002,54,Moderate,1,11.2,54,0.0,3.8,19,943.4,0,16.9,17.6,397.0,10.0,80.0,8.4
2025-11-26 00:00:00,2025,11,26,0,Sơn La,Xã Gia Phù,21.1792752,104.5565002,53,Moderate,1,11.2,54,0.0,3.2,19,943.1,0,17.4,18.2,363.0,10.0,80.0,8.4
2025-11-26 01:00:00,2025,11,26,1,Sơn La,Xã Gia Phù,21.1792752,104.5565002,53,Moderate,1,11.3,53,0.0,2.1,38,943.0,0,17.7,18.5,332.0,9.8,80.0,8.3
2025-11-26 02:00:00,2025,11,26,2,Sơn La,Xã Gia Phù,21.1792752,104.5565002,52,Moderate,1,10.8,54,0.0,1.9,29,942.1,0,17.8,18.5,298.0,9.4,81.0,8.2
2025-11-26 03:00:00,2025,11,26,3,Sơn La,Xã Gia Phù,21.1792752,104.5565002,52,Moderate,1,10.5,56,0.0,1.9,22,941.9,0,18.0,18.7,268.0,8.9,81.0,8.0
2025-11-26 04:00:00,2025,11,26,4,Sơn La,Xã Gia Phù,21.1792752,104.5565002,52,Moderate,1,10.2,58,0.0,1.9,29,942.3,42,18.2,18.9,266.0,8.7,79.0,7.7
2025-11-26 05:00:00,2025,11,26,5,Sơn La,Xã Gia Phù,21.1792752,104.5565002,52,Moderate,1,9.8,61,0.0,1.7,18,942.1,11,18.2,18.9,322.0,9.5,70.0,7.0
2025-11-26 06:00:00,2025,11,26,6,Sơn La,Xã Gia Phù,21.1792752,104.5565002,52,Moderate,1,9.5,63,0.0,1.9,22,942.5,0,18.2,18.8,406.0,10.7,59.0,6.3
2025-11-26 07:00:00,2025,11,26,7,Sơn La,Xã Gia Phù,21.1792752,104.5565002,51,Moderate,1,10.4,68,0.0,2.3,32,943.8,1,9.5,9.6,455.0,11.0,39.0,4.9
2025-11-26 08:00:00,2025,11,26,8,Sơn La,Xã Gia Phù,21.1792752,104.5565002,51,Moderate,1,13.4,62,0.0,3.2,93,944.7,1,5.6,5.8,434.0,8.2,60.0,7.6
2025-11-26 09:00:00,2025,11,26,9,Sơn La,Xã Gia Phù,21.1792752,104.5565002,51,Moderate,1,15.2,60,0.0,6.8,122,945.7,0,3.8,3.9,379.0,4.4,88.0,11.3
2025-11-26 10:00:00,2025,11,26,10,Sơn La,Xã Gia Phù,21.1792752,104.5565002,51,Moderate,1,16.7,57,0.0,9.4,113,945.9,12,6.0,6.0,332.0,1.6,109.0,13.5
2025-11-26 11:00:00,2025,11,26,11,Sơn La,Xã Gia Phù,21.1792752,104.5565002,51,Moderate,1,17.9,49,0.0,11.8,103,945.4,55,6.7,6.7,310.0,0.7,116.0,12.6
2025-11-26 12:00:00,2025,11,26,12,Sơn La,Xã Gia Phù,21.1792752,104.5565002,51,Moderate,1,18.5,47,0.0,13.0,100,944.5,40,6.7,6.8,297.0,0.7,116.0,10.2
2025-11-26 13:00:00,2025,11,26,13,Sơn La,Xã Gia Phù,21.1792752,104.5565002,51,Moderate,1,19.3,45,0.0,11.7,101,943.5,42,6.8,6.9,288.0,0.8,115.0,8.2
2025-11-26 14:00:00,2025,11,26,14,Sơn La,Xã Gia Phù,21.1792752,104.5565002,50,Good,0,19.1,47,0.0,12.1,95,943.0,42,6.7,6.9,274.0,0.6,118.0,7.3
2025-11-26 15:00:00,2025,11,26,15,Sơn La,Xã Gia Phù,21.1792752,104.5565002,50,Good,0,18.7,50,0.0,12.1,94,942.7,80,6.9,7.1,263.0,0.4,120.0,6.8
2025-11-26 16:00:00,2025,11,26,16,Sơn La,Xã Gia Phù,21.1792752,104.5565002,50,Good,0,17.7,53,0.0,10.8,91,942.6,5,7.4,7.5,277.0,1.2,117.0,6.4
2025-11-26 17:00:00,2025,11,26,17,Sơn La,Xã Gia Phù,21.1792752,104.5565002,58,Moderate,1,15.2,65,0.0,5.6,83,942.6,55,8.4,8.5,340.0,3.7,105.0,6.2
2025-11-26 18:00:00,2025,11,26,18,Sơn La,Xã Gia Phù,21.1792752,104.5565002,61,Moderate,1,13.2,71,0.0,5.2,49,943.0,2,10.2,10.2,427.0,7.0,89.0,6.1
2025-11-26 19:00:00,2025,11,26,19,Sơn La,Xã Gia Phù,21.1792752,104.5565002,57,Moderate,1,12.6,76,0.0,4.1,34,943.8,4,18.5,18.8,485.0,10.7,79.0,7.3
2025-11-26 20:00:00,2025,11,26,20,Sơn La,Xã Gia Phù,21.1792752,104.5565002,50,Good,0,11.8,79,0.0,5.0,49,944.6,0,21.4,21.7,491.0,10.4,80.0,7.6
2025-11-26 21:00:00,2025,11,26,21,Sơn La,Xã Gia Phù,21.1792752,104.5565002,51,Moderate,1,10.8,81,0.0,5.0,52,945.0,38,22.8,23.2,468.0,10.0,82.0,8.1
2025-11-26 22:00:00,2025,11,26,22,Sơn La,Xã Gia Phù,21.1792752,104.5565002,52,Moderate,1,10.3,80,0.0,5.1,51,945.4,54,24.3,24.6,436.0,9.4,83.0,8.3
2025-11-26 23:00:00,2025,11,26,23,Sơn La,Xã Gia Phù,21.1792752,104.5565002,52,Moderate,1,10.3,78,0.0,5.7,55,945.8,60,25.0,25.4,396.0,8.5,85.0,8.2
2025-11-27 00:00:00,2025,11,27,0,Sơn La,Xã Gia Phù,21.1792752,104.5565002,53,Moderate,1,10.3,76,0.0,6.0,65,946.0,59,24.6,24.9,346.0,7.4,86.0,7.8
2025-11-27 01:00:00,2025,11,27,1,Sơn La,Xã Gia Phù,21.1792752,104.5565002,54,Moderate,1,10.4,76,0.0,6.5,66,946.1,29,23.3,23.6,308.0,6.5,87.0,7.4
2025-11-27 02:00:00,2025,11,27,2,Sơn La,Xã Gia Phù,21.1792752,104.5565002,54,Moderate,1,10.1,77,0.0,5.9,70,945.5,10,21.7,22.1,287.0,5.7,86.0,6.9
2025-11-27 03:00:00,2025,11,27,3,Sơn La,Xã Gia Phù,21.1792752,104.5565002,55,Moderate,1,9.6,79,0.0,4.9,73,945.1,0,20.1,20.5,276.0,5.1,84.0,6.4
2025-11-27 04:00:00,2025,11,27,4,Sơn La,Xã Gia Phù,21.1792752,104.5565002,55,Moderate,1,9.5,78,0.0,2.9,60,945.3,8,18.4,18.9,279.0,4.8,82.0,6.0
2025-11-27 05:00:00,2025,11,27,5,Sơn La,Xã Gia Phù,21.1792752,104.5565002,55,Moderate,1,9.6,76,0.0,2.2,66,945.6,3,17.1,17.6,309.0,5.2,78.0,5.9
2025-11-27 06:00:00,2025,11,27,6,Sơn La,Xã Gia Phù,21.1792752,104.5565002,55,Moderate,1,9.6,76,0.0,1.9,68,946.1,0,16.1,16.8,351.0,6.0,73.0,5.9
2025-11-27 07:00:00,2025,11,27,7,Sơn La,Xã Gia Phù,21.1792752,104.5565002,54,Moderate,1,10.7,73,0.0,3.2,63,947.2,63,19.4,20.0,368.0,6.7,71.0,6.2
2025-11-27 08:00:00,2025,11,27,8,Sơn La,Xã Gia Phù,21.1792752,104.5565002,55,Moderate,1,14.2,67,0.0,6.8,107,948.6,55,15.5,15.9,332.0,5.0,83.0,6.8
2025-11-27 09:00:00,2025,11,27,9,Sơn La,Xã Gia Phù,21.1792752,104.5565002,56,Moderate,1,17.2,58,0.0,11.3,97,949.6,63,13.4,14.1,270.0,2.7,98.0,7.5
2025-11-27 10:00:00,2025,11,27,10,Sơn La,Xã Gia Phù,21.1792752,104.5565002,57,Moderate,1,18.9,33,0.0,19.2,60,949.7,72,14.6,15.4,221.0,1.0,110.0,7.8
2025-11-27 11:00:00,2025,11,27,11,Sơn La,Xã Gia Phù,21.1792752,104.5565002,58,Moderate,1,19.3,33,0.0,21.9,59,949.0,65,14.2,15.0,201.0,0.5,113.0,7.1
2025-11-27 12:00:00,2025,11,27,12,Sơn La,Xã Gia Phù,21.1792752,104.5565002,58,Moderate,1,19.7,26,0.0,22.7,62,947.9,64,13.0,13.6,195.0,0.5,111.0,5.9
2025-11-27 13:00:00,2025,11,27,13,Sơn La,Xã Gia Phù,21.1792752,104.5565002,59,Moderate,1,20.0,27,0.0,20.0,63,947.1,13,11.6,12.0,195.0,0.7,110.0,5.1
2025-11-27 14:00:00,2025,11,27,14,Sơn La,Xã Gia Phù,21.1792752,104.5565002,59,Moderate,1,19.9,27,0.0,19.2,67,946.1,0,10.4,10.7,196.0,0.6,112.0,4.9
2025-11-27 15:00:00,2025,11,27,15,Sơn La,Xã Gia Phù,21.1792752,104.5565002,60,Moderate,1,19.2,30,0.0,18.4,74,945.8,0,11.0,11.3,204.0,0.5,115.0,5.1
2025-11-27 16:00:00,2025,11,27,16,Sơn La,Xã Gia Phù,21.1792752,104.5565002,60,Moderate,1,18.0,38,0.0,14.4,81,945.5,0,12.9,13.2,224.0,1.2,113.0,5.3
2025-11-27 17:00:00,2025,11,27,17,Sơn La,Xã Gia Phù,21.1792752,104.5565002,61,Moderate,1,15.9,44,0.0,10.2,77,945.0,0,14.7,15.0,270.0,3.3,103.0,5.6
2025-11-27 18:00:00,2025,11,27,18,Sơn La,Xã Gia Phù,21.1792752,104.5565002,61,Moderate,1,13.2,53,0.0,6.1,62,944.7,0,16.5,16.8,328.0,6.2,89.0,6.1
2025-11-27 19:00:00,2025,11,27,19,Sơn La,Xã Gia Phù,21.1792752,104.5565002,62,Moderate,1,12.3,57,0.0,4.4,35,945.2,5,16.2,16.5,365.0,9.2,75.0,6.2
2025-11-27 20:00:00,2025,11,27,20,Sơn La,Xã Gia Phù,21.1792752,104.5565002,62,Moderate,1,11.7,58,0.0,5.1,39,945.2,48,18.0,18.3,363.0,9.2,75.0,6.6
2025-11-27 21:00:00,2025,11,27,21,Sơn La,Xã Gia Phù,21.1792752,104.5565002,61,Moderate,1,11.2,58,0.0,5.0,30,945.5,46,18.6,18.9,339.0,9.1,75.0,7.2
2025-11-27 22:00:00,2025,11,27,22,Sơn La,Xã Gia Phù,21.1792752,104.5565002,61,Moderate,1,10.8,56,0.0,5.2,31,945.4,43,19.1,19.4,314.0,8.8,76.0,7.6
2025-11-27 23:00:00,2025,11,27,23,Sơn La,Xã Gia Phù,21.1792752,104.5565002,60,Moderate,1,10.3,54,0.0,4.9,33,944.9,52,19.2,19.6,292.0,8.2,77.0,7.5
2025-11-28 00:00:00,2025,11,28,0,Sơn La,Xã Gia Phù,21.1792752,104.5565002,60,Moderate,1,9.9,54,0.0,4.8,29,944.2,63,18.9,19.2,269.0,7.5,78.0,7.2
2025-11-28 01:00:00,2025,11,28,1,Sơn La,Xã Gia Phù,21.1792752,104.5565002,59,Moderate,1,9.7,56,0.0,3.9,34,944.0,73,18.3,18.6,250.0,6.8,79.0,6.9
2025-11-28 02:00:00,2025,11,28,2,Sơn La,Xã Gia Phù,21.1792752,104.5565002,59,Moderate,1,9.4,53,0.0,2.9,22,943.4,85,17.7,18.0,233.0,6.2,79.0,6.6
2025-11-28 03:00:00,2025,11,28,3,Sơn La,Xã Gia Phù,21.1792752,104.5565002,59,Moderate,1,9.4,50,0.0,2.0,10,943.3,99,17.2,17.5,220.0,5.7,79.0,6.2
2025-11-28 04:00:00,2025,11,28,4,Sơn La,Xã Gia Phù,21.1792752,104.5565002,58,Moderate,1,9.1,50,0.0,0.9,349,943.2,100,16.7,17.0,227.0,5.6,79.0,6.1
2025-11-28 05:00:00,2025,11,28,5,Sơn La,Xã Gia Phù,21.1792752,104.5565002,58,Moderate,1,8.8,51,0.0,0.8,333,943.0,98,16.5,16.7,275.0,6.5,80.0,6.5
2025-11-28 06:00:00,2025,11,28,6,Sơn La,Xã Gia Phù,21.1792752,104.5565002,58,Moderate,1,8.8,50,0.0,0.6,326,943.5,100,16.5,16.8,344.0,7.9,81.0,7.2
2025-11-28 07:00:00,2025,11,28,7,Sơn La,Xã Gia Phù,21.1792752,104.5565002,58,Moderate,1,9.9,54,0.0,0.4,333,944.2,81,9.8,9.8,385.0,11.4,73.0,7.6
2025-11-28 08:00:00,2025,11,28,8,Sơn La,Xã Gia Phù,21.1792752,104.5565002,57,Moderate,1,12.6,46,0.0,0.7,270,945.2,72,7.8,7.8,375.0,8.4,84.0,7.1
2025-11-28 09:00:00,2025,11,28,9,Sơn La,Xã Gia Phù,21.1792752,104.5565002,57,Moderate,1,14.3,52,0.0,3.2,161,945.9,98,3.1,3.1,337.0,4.2,100.0,6.5
2025-11-28 10:00:00,2025,11,28,10,Sơn La,Xã Gia Phù,21.1792752,104.5565002,56,Moderate,1,16.0,55,0.0,5.2,158,946.0,77,2.2,2.2,297.0,1.1,111.0,5.8
2025-11-28 11:00:00,2025,11,28,11,Sơn La,Xã Gia Phù,21.1792752,104.5565002,55,Moderate,1,17.6,50,0.0,6.5,146,945.1,60,2.2,2.2,257.0,0.2,112.0,5.1
2025-11-28 12:00:00,2025,11,28,12,Sơn La,Xã Gia Phù,21.1792752,104.5565002,54,Moderate,1,18.8,41,0.0,8.2,130,944.0,0,2.4,2.4,215.0,0.3,109.0,4.5
2025-11-28 13:00:00,2025,11,28,13,Sơn La,Xã Gia Phù,21.1792752,104.5565002,53,Moderate,1,20.1,28,0.0,10.5,109,942.9,0,2.5,2.6,188.0,0.6,106.0,4.0
2025-11-28 14:00:00,2025,11,28,14,Sơn La,Xã Gia Phù,21.1792752,104.5565002,52,Moderate,1,19.8,30,0.0,10.2,108,941.6,0,2.7,2.8,177.0,0.3,106.0,3.7
2025-11-28 15:00:00,2025,11,28,15,Sơn La,Xã Gia Phù,21.1792752,104.5565002,51,Moderate,1,19.2,33,0.0,9.7,102,941.0,0,2.9,3.0,181.0,0.0,105.0,3.5
2025-11-28 16:00:00,2025,11,28,16,Sơn La,Xã Gia Phù,21.1792752,104.5565002,50,Good,0,18.0,42,0.0,5.5,101,940.4,0,3.2,3.4,218.0,1.1,102.0,3.6
2025-11-28 17:00:00,2025,11,28,17,Sơn La,Xã Gia Phù,21.1792752,104.5565002,49,Good,0,15.7,52,0.0,2.1,70,939.9,0,4.8,5.0,318.0,4.8,92.0,4.2
2025-11-28 18:00:00,2025,11,28,18,Sơn La,Xã Gia Phù,21.1792752,104.5565002,49,Good,0,13.7,54,0.0,2.8,15,939.6,0,6.8,7.0,452.0,9.8,79.0,5.2
2025-11-28 19:00:00,2025,11,28,19,Sơn La,Xã Gia Phù,21.1792752,104.5565002,47,Good,0,13.0,60,0.0,2.2,9,939.9,0,8.3,8.4,548.0,14.6,68.0,6.2
2025-11-28 20:00:00,2025,11,28,20,Sơn La,Xã Gia Phù,21.1792752,104.5565002,44,Good,0,12.5,62,0.0,1.6,6,940.5,4,10.4,10.5,571.0,14.4,68.0,6.5
2025-11-28 21:00:00,2025,11,28,21,Sơn La,Xã Gia Phù,21.1792752,104.5565002,43,Good,0,12.2,61,0.0,1.5,14,940.8,0,11.4,11.6,557.0,14.2,68.0,6.9
2025-11-28 22:00:00,2025,11,28,22,Sơn La,Xã Gia Phù,21.1792752,104.5565002,42,Good,0,11.5,61,0.0,2.0,10,940.8,16,12.4,12.5,536.0,13.8,69.0,7.1
2025-11-28 23:00:00,2025,11,28,23,Sơn La,Xã Gia Phù,21.1792752,104.5565002,41,Good,0,11.0,60,0.0,2.0,10,940.7,11,13.0,13.1,519.0,13.3,70.0,7.1
2025-11-29 00:00:00,2025,11,29,0,Sơn La,Xã Gia Phù,21.1792752,104.5565002,40,Good,0,10.7,58,0.0,1.5,7,940.4,25,13.4,13.5,495.0,12.7,72.0,6.9
2025-11-29 01:00:00,2025,11,29,1,Sơn La,Xã Gia Phù,21.1792752,104.5565002,39,Good,0,10.1,59,0.0,0.9,11,940.2,14,13.9,14.0,467.0,12.2,72.0,6.7
2025-11-29 02:00:00,2025,11,29,2,Sơn La,Xã Gia Phù,21.1792752,104.5565002,38,Good,0,9.5,55,0.0,1.0,338,939.3,0,14.3,14.4,428.0,11.8,71.0,6.6
2025-11-29 03:00:00,2025,11,29,3,Sơn La,Xã Gia Phù,21.1792752,104.5565002,37,Good,0,9.5,48,0.0,0.8,333,939.1,0,14.6,14.7,385.0,11.5,68.0,6.4
2025-11-29 04:00:00,2025,11,29,4,Sơn La,Xã Gia Phù,21.1792752,104.5565002,37,Good,0,9.2,43,0.0,1.0,338,939.0,0,14.7,14.8,362.0,11.6,66.0,6.4
2025-11-29 05:00:00,2025,11,29,5,Sơn La,Xã Gia Phù,21.1792752,104.5565002,36,Good,0,9.0,38,0.0,1.3,326,938.9,0,14.8,14.9,382.0,12.7,61.0,6.7
2025-11-29 06:00:00,2025,11,29,6,Sơn La,Xã Gia Phù,21.1792752,104.5565002,36,Good,0,8.8,36,0.0,1.3,315,939.2,0,15.3,15.4,422.0,14.2,57.0,7.1
2025-11-29 07:00:00,2025,11,29,7,Sơn La,Xã Gia Phù,21.1792752,104.5565002,36,Good,0,9.1,42,0.0,1.8,276,940.1,0,6.7,6.7,433.0,13.0,40.0,5.1
2025-11-29 08:00:00,2025,11,29,8,Sơn La,Xã Gia Phù,21.1792752,104.5565002,35,Good,0,11.9,36,0.0,3.8,265,941.1,0,8.1,8.4,384.0,9.6,61.0,4.8
2025-11-29 09:00:00,2025,11,29,9,Sơn La,Xã Gia Phù,21.1792752,104.5565002,35,Good,0,13.6,44,0.0,2.9,223,942.1,0,1.9,2.0,305.0,5.0,90.0,4.3
2025-11-29 10:00:00,2025,11,29,10,Sơn La,Xã Gia Phù,21.1792752,104.5565002,35,Good,0,15.4,46,0.0,3.1,204,942.1,0,1.3,1.3,242.0,1.5,112.0,3.9
2025-11-29 11:00:00,2025,11,29,11,Sơn La,Xã Gia Phù,21.1792752,104.5565002,35,Good,0,17.0,41,0.0,4.0,188,941.3,0,1.4,1.4,211.0,0.4,118.0,3.7
2025-11-29 12:00:00,2025,11,29,12,Sơn La,Xã Gia Phù,21.1792752,104.5565002,35,Good,0,18.1,38,0.0,4.7,182,940.3,0,1.5,1.5,195.0,0.5,117.0,3.5
2025-11-29 13:00:00,2025,11,29,13,Sơn La,Xã Gia Phù,21.1792752,104.5565002,38,Good,0,19.4,35,0.0,4.6,193,939.4,0,1.8,1.8,189.0,0.8,115.0,3.5
2025-11-29 14:00:00,2025,11,29,14,Sơn La,Xã Gia Phù,21.1792752,104.5565002,41,Good,0,19.7,34,0.0,4.0,180,938.6,0,2.0,2.0,183.0,0.4,116.0,3.5
2025-11-29 15:00:00,2025,11,29,15,Sơn La,Xã Gia Phù,21.1792752,104.5565002,45,Good,0,19.4,36,0.0,3.3,171,937.9,0,2.2,2.2,188.0,0.1,116.0,3.5
2025-11-29 16:00:00,2025,11,29,16,Sơn La,Xã Gia Phù,21.1792752,104.5565002,49,Good,0,18.6,45,0.0,1.4,180,937.5,0,2.4,2.5,228.0,1.3,112.0,3.9
2025-11-29 17:00:00,2025,11,29,17,Sơn La,Xã Gia Phù,21.1792752,104.5565002,57,Moderate,1,16.2,57,0.0,0.8,333,937.1,0,4.4,4.5,339.0,5.3,102.0,4.7
2025-11-29 18:00:00,2025,11,29,18,Sơn La,Xã Gia Phù,21.1792752,104.5565002,60,Moderate,1,14.0,60,0.0,2.4,347,936.9,0,6.7,6.7,487.0,10.8,88.0,5.9
2025-11-29 19:00:00,2025,11,29,19,Sơn La,Xã Gia Phù,21.1792752,104.5565002,55,Moderate,1,13.8,59,0.0,1.5,339,937.4,0,6.1,6.1,590.0,15.5,78.0,7.3
2025-11-29 20:00:00,2025,11,29,20,Sơn La,Xã Gia Phù,21.1792752,104.5565002,49,Good,0,13.6,55,0.0,0.9,349,937.9,0,8.1,8.2,613.0,15.3,78.0,8.1
2025-11-29 21:00:00,2025,11,29,21,Sơn La,Xã Gia Phù,21.1792752,104.5565002,47,Good,0,13.2,51,0.0,0.9,349,938.2,0,9.9,10.0,593.0,15.0,78.0,9.1
2025-11-29 22:00:00,2025,11,29,22,Sơn La,Xã Gia Phù,21.1792752,104.5565002,45,Good,0,12.8,47,0.0,0.8,333,938.3,0,11.6,11.6,558.0,14.8,78.0,10.0
2025-11-29 23:00:00,2025,11,29,23,Sơn La,Xã Gia Phù,21.1792752,104.5565002,42,Good,0,12.6,47,0.0,1.2,321,938.0,0,12.7,12.7,512.0,14.8,78.0,10.6
2025-11-30 00:00:00,2025,11,30,0,Sơn La,Xã Gia Phù,21.1792752,104.5565002,40,Good,0,12.3,47,0.0,1.3,304,937.6,0,13.5,13.5,452.0,14.8,78.0,11.0
2025-11-30 01:00:00,2025,11,30,1,Sơn La,Xã Gia Phù,21.1792752,104.5565002,38,Good,0,11.9,49,0.0,0.9,281,937.6,0,14.1,14.1,401.0,14.8,77.0,11.2
2025-11-30 02:00:00,2025,11,30,2,Sơn La,Xã Gia Phù,21.1792752,104.5565002,37,Good,0,11.1,51,0.0,0.3,315,937.0,0,14.5,14.5,362.0,14.6,74.0,11.1
2025-11-30 03:00:00,2025,11,30,3,Sơn La,Xã Gia Phù,21.1792752,104.5565002,36,Good,0,10.5,53,0.0,0.4,333,936.8,0,14.6,14.6,333.0,14.4,70.0,10.8
2025-11-30 04:00:00,2025,11,30,4,Sơn La,Xã Gia Phù,21.1792752,104.5565002,35,Good,0,9.8,55,0.0,0.9,323,936.9,0,14.8,14.8,325.0,14.4,67.0,10.6
2025-11-30 05:00:00,2025,11,30,5,Sơn La,Xã Gia Phù,21.1792752,104.5565002,35,Good,0,9.4,58,0.0,1.9,304,937.1,0,15.0,15.0,362.0,15.5,63.0,10.8
2025-11-30 06:00:00,2025,11,30,6,Sơn La,Xã Gia Phù,21.1792752,104.5565002,34,Good,0,9.0,59,0.0,2.7,298,937.5,0,15.5,15.5,421.0,17.0,59.0,11.2
2025-11-30 07:00:00,2025,11,30,7,Sơn La,Xã Gia Phù,21.1792752,104.5565002,33,Good,0,9.9,61,0.0,4.3,270,938.2,0,6.7,7.0,445.0,14.1,53.0,8.8
2025-11-30 08:00:00,2025,11,30,8,Sơn La,Xã Gia Phù,21.1792752,104.5565002,33,Good,0,12.5,56,0.0,6.1,258,939.6,0,6.1,6.3,397.0,10.7,71.0,8.6
2025-11-30 09:00:00,2025,11,30,9,Sơn La,Xã Gia Phù,21.1792752,104.5565002,33,Good,0,14.5,57,0.0,5.6,228,940.4,0,2.2,2.2,314.0,6.0,96.0,8.4
2025-11-30 10:00:00,2025,11,30,10,Sơn La,Xã Gia Phù,21.1792752,104.5565002,33,Good,0,16.7,53,0.0,6.5,219,940.5,0,2.3,2.3,247.0,2.4,114.0,8.2
2025-11-30 11:00:00,2025,11,30,11,Sơn La,Xã Gia Phù,21.1792752,104.5565002,34,Good,0,18.9,51,0.0,7.7,217,939.8,0,2.5,2.5,215.0,1.0,118.0,8.2
2025-11-30 12:00:00,2025,11,30,12,Sơn La,Xã Gia Phù,21.1792752,104.5565002,37,Good,0,20.7,46,0.0,8.7,218,939.0,0,2.3,2.3,199.0,0.8,115.0,8.3
2025-11-30 13:00:00,2025,11,30,13,Sơn La,Xã Gia Phù,21.1792752,104.5565002,40,Good,0,22.4,38,0.0,11.4,232,937.8,0,2.3,2.3,192.0,0.8,111.0,8.5
2025-11-30 14:00:00,2025,11,30,14,Sơn La,Xã Gia Phù,21.1792752,104.5565002,43,Good,0,22.6,35,0.0,12.2,233,937.1,0,2.5,2.5,180.0,0.2,110.0,8.8
2025-11-30 15:00:00,2025,11,30,15,Sơn La,Xã Gia Phù,21.1792752,104.5565002,46,Good,0,22.2,36,0.0,9.9,228,936.9,0,2.8,2.8,177.0,0.0,109.0,9.2
2025-11-30 16:00:00,2025,11,30,16,Sơn La,Xã Gia Phù,21.1792752,104.5565002,49,Good,0,21.0,54,0.0,3.6,213,936.7,0,3.0,3.0,217.0,1.4,105.0,9.8
2025-11-30 17:00:00,2025,11,30,17,Sơn La,Xã Gia Phù,21.1792752,104.5565002,53,Moderate,1,18.3,54,0.0,0.4,63,936.5,2,4.9,4.9,344.0,6.4,95.0,10.5
2025-11-30 18:00:00,2025,11,30,18,Sơn La,Xã Gia Phù,21.1792752,104.5565002,53,Moderate,1,15.2,65,0.0,3.1,13,936.6,0,6.9,6.9,515.0,13.2,82.0,11.5
2025-11-30 19:00:00,2025,11,30,19,Sơn La,Xã Gia Phù,21.1792752,104.5565002,49,Good,0,14.5,63,0.0,3.2,357,937.1,0,6.2,6.2,629.0,18.0,69.0,11.8
2025-11-30 20:00:00,2025,11,30,20,Sơn La,Xã Gia Phù,21.1792752,104.5565002,46,Good,0,14.0,66,0.0,3.3,22,937.9,0,9.5,10.0,633.0,20.4,63.0,12.9
2025-11-30 21:00:00,2025,11,30,21,Sơn La,Xã Gia Phù,21.1792752,104.5565002,43,Good,0,13.2,67,0.0,2.4,13,938.4,0,11.9,12.4,581.0,23.7,55.0,14.5
2025-11-30 22:00:00,2025,11,30,22,Sơn La,Xã Gia Phù,21.1792752,104.5565002,40,Good,0,12.7,63,0.0,2.4,9,939.0,0,13.8,14.3,536.0,25.4,50.0,16.1
2025-11-30 23:00:00,2025,11,30,23,Sơn La,Xã Gia Phù,21.1792752,104.5565002,36,Good,0,12.6,60,0.0,2.2,9,939.0,0,16.3,16.6,520.0,24.2,50.0,17.5
2025-12-01 00:00:00,2025,12,1,0,Sơn La,Xã Gia Phù,21.1792752,104.5565002,35,Good,0,12.3,62,0.0,2.6,12,939.1,0,19.4,19.4,511.0,21.5,52.0,18.9
2025-12-01 01:00:00,2025,12,1,1,Sơn La,Xã Gia Phù,21.1792752,104.5565002,36,Good,0,11.6,70,0.0,2.1,31,939.3,0,22.9,22.9,508.0,18.8,56.0,21.1
2025-12-01 02:00:00,2025,12,1,2,Sơn La,Xã Gia Phù,21.1792752,104.5565002,38,Good,0,10.8,80,0.0,4.5,34,938.7,8,27.4,27.5,506.0,16.3,63.0,25.2
2025-12-01 03:00:00,2025,12,1,3,Sơn La,Xã Gia Phù,21.1792752,104.5565002,40,Good,0,10.7,86,0.0,4.1,34,938.6,5,32.1,32.2,510.0,13.9,70.0,30.0
2025-12-01 04:00:00,2025,12,1,4,Sơn La,Xã Gia Phù,21.1792752,104.5565002,43,Good,0,10.7,89,0.0,2.6,34,938.9,0,36.6,36.7,536.0,12.0,73.0,32.4
2025-12-01 05:00:00,2025,12,1,5,Sơn La,Xã Gia Phù,21.1792752,104.5565002,47,Good,0,10.8,90,0.0,1.8,37,939.5,0,44.9,44.9,607.0,11.4,63.0,29.1
2025-12-01 06:00:00,2025,12,1,6,Sơn La,Xã Gia Phù,21.1792752,104.5565002,51,Moderate,1,11.1,90,0.0,1.2,39,940.1,8,44.9,44.9,700.0,11.4,48.0,23.5
2025-12-01 07:00:00,2025,12,1,7,Sơn La,Xã Gia Phù,21.1792752,104.5565002,54,Moderate,1,11.6,90,0.0,0.5,45,941.0,9,32.7,32.8,755.0,13.0,27.0,13.2
2025-12-01 08:00:00,2025,12,1,8,Sơn La,Xã Gia Phù,21.1792752,104.5565002,56,Moderate,1,13.4,87,0.0,1.8,349,941.8,15,33.3,33.3,747.0,9.9,54.0,25.5
2025-12-01 09:00:00,2025,12,1,9,Sơn La,Xã Gia Phù,21.1792752,104.5565002,58,Moderate,1,15.3,84,0.0,1.7,148,942.6,25,30.3,30.4,703.0,5.7,90.0,42.0
2025-12-01 10:00:00,2025,12,1,10,Sơn La,Xã Gia Phù,21.1792752,104.5565002,61,Moderate,1,17.0,80,0.0,2.7,157,942.6,38,28.8,28.9,640.0,2.5,118.0,51.3
2025-12-01 11:00:00,2025,12,1,11,Sơn La,Xã Gia Phù,21.1792752,104.5565002,63,Moderate,1,18.0,76,0.0,5.2,176,941.7,27,27.8,27.9,549.0,1.3,128.0,46.4
2025-12-01 12:00:00,2025,12,1,12,Sơn La,Xã Gia Phù,21.1792752,104.5565002,66,Moderate,1,19.0,71,0.0,5.2,174,940.4,6,24.1,24.2,440.0,1.1,128.0,34.2
2025-12-01 13:00:00,2025,12,1,13,Sơn La,Xã Gia Phù,21.1792752,104.5565002,67,Moderate,1,20.2,65,0.0,2.4,153,939.0,3,21.5,21.5,364.0,1.1,127.0,24.3
2025-12-01 14:00:00,2025,12,1,14,Sơn La,Xã Gia Phù,21.1792752,104.5565002,69,Moderate,1,20.9,62,0.0,4.4,187,938.0,5,18.9,19.0,336.0,0.5,128.0,20.2
2025-12-01 15:00:00,2025,12,1,15,Sơn La,Xã Gia Phù,21.1792752,104.5565002,71,Moderate,1,21.0,64,0.0,4.5,166,937.0,1,16.6,16.6,339.0,0.1,127.0,18.4
2025-12-01 16:00:00,2025,12,1,16,Sơn La,Xã Gia Phù,21.1792752,104.5565002,72,Moderate,1,20.2,70,0.0,4.3,152,936.4,0,15.0,15.0,378.0,1.5,123.0,17.6
2025-12-01 17:00:00,2025,12,1,17,Sơn La,Xã Gia Phù,21.1792752,104.5565002,73,Moderate,1,18.1,81,0.0,0.6,108,935.9,0,17.5,17.5,481.0,6.4,113.0,17.6
2025-12-01 18:00:00,2025,12,1,18,Sơn La,Xã Gia Phù,21.1792752,104.5565002,78,Moderate,1,15.9,85,0.0,2.0,355,935.8,0,20.3,20.3,618.0,13.3,98.0,18.6
2025-12-01 19:00:00,2025,12,1,19,Sơn La,Xã Gia Phù,21.1792752,104.5565002,75,Moderate,1,16.0,79,0.0,1.1,351,936.3,0,19.2,19.2,707.0,16.6,84.0,18.9
2025-12-01 20:00:00,2025,12,1,20,Sơn La,Xã Gia Phù,21.1792752,104.5565002,76,Moderate,1,15.7,75,0.0,0.9,349,936.8,2,22.8,22.8,708.0,18.7,78.0,19.6
2025-12-01 21:00:00,2025,12,1,21,Sơn La,Xã Gia Phù,21.1792752,104.5565002,78,Moderate,1,15.2,70,0.0,1.5,339,937.1,2,25.2,25.2,659.0,21.5,69.0,20.6
2025-12-01 22:00:00,2025,12,1,22,Sơn La,Xã Gia Phù,21.1792752,104.5565002,79,Moderate,1,14.8,63,0.0,1.5,324,937.2,1,26.8,26.8,597.0,23.5,61.0,21.1
2025-12-01 23:00:00,2025,12,1,23,Sơn La,Xã Gia Phù,21.1792752,104.5565002,80,Moderate,1,14.5,60,0.0,2.2,305,937.1,0,27.3,27.3,521.0,24.1,57.0,21.1
2025-12-02 00:00:00,2025,12,2,0,Sơn La,Xã Gia Phù,21.1792752,104.5565002,81,Moderate,1,14.1,57,0.0,2.5,300,936.8,0,26.7,26.7,432.0,23.9,54.0,20.5
2025-12-02 01:00:00,2025,12,2,1,Sơn La,Xã Gia Phù,21.1792752,104.5565002,82,Moderate,1,13.9,57,0.0,1.5,300,936.5,0,25.6,25.6,358.0,23.0,50.0,19.0
2025-12-02 02:00:00,2025,12,2,2,Sơn La,Xã Gia Phù,21.1792752,104.5565002,82,Moderate,1,12.9,59,0.0,1.4,337,935.9,0,25.9,25.9,306.0,21.1,45.0,15.6
2025-12-02 03:00:00,2025,12,2,3,Sơn La,Xã Gia Phù,21.1792752,104.5565002,82,Moderate,1,12.7,59,0.0,1.5,353,935.9,0,27.9,27.9,271.0,18.5,39.0,11.1
2025-12-02 04:00:00,2025,12,2,4,Sơn La,Xã Gia Phù,21.1792752,104.5565002,81,Moderate,1,12.5,59,0.0,1.1,360,936.3,2,28.5,28.5,265.0,16.4,34.0,7.7
2025-12-02 05:00:00,2025,12,2,5,Sơn La,Xã Gia Phù,21.1792752,104.5565002,81,Moderate,1,12.3,60,0.0,0.7,360,936.8,6,26.1,26.1,311.0,15.7,28.0,6.0
2025-12-02 06:00:00,2025,12,2,6,Sơn La,Xã Gia Phù,21.1792752,104.5565002,79,Moderate,1,12.1,61,0.0,0.9,349,937.6,14,24.2,24.3,386.0,15.6,22.0,5.3
2025-12-02 07:00:00,2025,12,2,7,Sơn La,Xã Gia Phù,21.1792752,104.5565002,77,Moderate,1,12.5,63,0.0,1.0,315,938.6,28,16.8,16.8,436.0,12.8,35.0,7.0
2025-12-02 08:00:00,2025,12,2,8,Sơn La,Xã Gia Phù,21.1792752,104.5565002,76,Moderate,1,14.8,60,0.0,0.9,233,939.9,30,12.6,12.6,435.0,9.8,62.0,9.3
2025-12-02 09:00:00,2025,12,2,9,Sơn La,Xã Gia Phù,21.1792752,104.5565002,74,Moderate,1,16.4,67,0.0,3.2,164,941.0,32,7.4,7.4,409.0,5.6,98.0,12.5
2025-12-02 10:00:00,2025,12,2,10,Sơn La,Xã Gia Phù,21.1792752,104.5565002,72,Moderate,1,17.9,66,0.0,3.5,156,941.4,13,8.0,8.0,381.0,2.4,125.0,14.7
2025-12-02 11:00:00,2025,12,2,11,Sơn La,Xã Gia Phù,21.1792752,104.5565002,70,Moderate,1,19.3,65,0.0,4.5,146,940.8,1,8.4,8.4,357.0,1.2,133.0,15.0
2025-12-02 12:00:00,2025,12,2,12,Sơn La,Xã Gia Phù,21.1792752,104.5565002,68,Moderate,1,20.4,62,0.0,4.4,148,939.8,2,7.9,7.9,331.0,1.0,130.0,14.3
2025-12-02 13:00:00,2025,12,2,13,Sơn La,Xã Gia Phù,21.1792752,104.5565002,67,Moderate,1,21.7,60,0.0,5.2,155,938.5,1,7.4,7.4,311.0,1.0,127.0,13.5
2025-12-02 14:00:00,2025,12,2,14,Sơn La,Xã Gia Phù,21.1792752,104.5565002,66,Moderate,1,22.0,60,0.0,6.0,129,937.6,0,7.0,7.1,289.0,0.4,126.0,12.7
2025-12-02 15:00:00,2025,12,2,15,Sơn La,Xã Gia Phù,21.1792752,104.5565002,64,Moderate,1,21.7,61,0.0,6.5,113,937.5,0,6.7,6.7,272.0,0.0,124.0,11.8
2025-12-02 16:00:00,2025,12,2,16,Sơn La,Xã Gia Phù,21.1792752,104.5565002,64,Moderate,1,20.5,65,0.0,5.8,97,937.2,0,6.3,6.4,290.0,1.3,118.0,11.4
2025-12-02 17:00:00,2025,12,2,17,Sơn La,Xã Gia Phù,21.1792752,104.5565002,75,Moderate,1,17.7,81,0.0,4.6,45,937.3,0,8.4,8.4,374.0,6.0,106.0,11.7
2025-12-02 18:00:00,2025,12,2,18,Sơn La,Xã Gia Phù,21.1792752,104.5565002,77,Moderate,1,16.1,86,0.0,5.6,25,937.7,0,12.3,12.3,493.0,12.5,91.0,12.5
2025-12-02 19:00:00,2025,12,2,19,Sơn La,Xã Gia Phù,21.1792752,104.5565002,70,Moderate,1,15.4,90,0.0,4.5,23,938.3,0,13.5,13.6,577.0,18.3,70.0,13.4
2025-12-02 20:00:00,2025,12,2,20,Sơn La,Xã Gia Phù,21.1792752,104.5565002,61,Moderate,1,15.2,90,0.0,4.6,21,939.0,0,18.5,18.5,595.0,18.6,65.0,13.9
2025-12-02 21:00:00,2025,12,2,21,Sơn La,Xã Gia Phù,21.1792752,104.5565002,60,Moderate,1,14.9,89,0.0,4.6,26,939.5,2,23.6,23.7,578.0,18.9,58.0,14.7
2025-12-02 22:00:00,2025,12,2,22,Sơn La,Xã Gia Phù,21.1792752,104.5565002,60,Moderate,1,14.9,88,0.0,4.8,29,940.2,100,28.9,28.9,555.0,18.4,53.0,15.5
2025-12-02 23:00:00,2025,12,2,23,Sơn La,Xã Gia Phù,21.1792752,104.5565002,60,Moderate,1,14.9,89,0.0,4.4,32,940.3,100,34.2,34.3,533.0,16.4,52.0,16.2
2025-12-03 00:00:00,2025,12,3,0,Sơn La,Xã Gia Phù,21.1792752,104.5565002,61,Moderate,1,15.6,88,0.0,3.7,35,940.5,100,39.5,39.5,504.0,13.6,53.0,16.9
2025-12-03 01:00:00,2025,12,3,1,Sơn La,Xã Gia Phù,21.1792752,104.5565002,62,Moderate,1,16.5,89,0.0,3.0,57,940.8,100,41.8,41.8,474.0,11.1,55.0,17.6
2025-12-03 02:00:00,2025,12,3,2,Sơn La,Xã Gia Phù,21.1792752,104.5565002,64,Moderate,1,16.1,90,0.0,4.0,60,940.5,99,42.8,42.8,438.0,9.1,57.0,18.4
2025-12-03 03:00:00,2025,12,3,3,Sơn La,Xã Gia Phù,21.1792752,104.5565002,65,Moderate,1,16.3,89,0.0,4.1,56,940.7,100,44.7,44.7,402.0,7.3,59.0,19.1
2025-12-03 04:00:00,2025,12,3,4,Sơn La,Xã Gia Phù,21.1792752,104.5565002,67,Moderate,1,15.7,90,0.0,4.2,59,940.8,88,45.9,46.0,388.0,6.1,62.0,19.8
2025-12-03 05:00:00,2025,12,3,5,Sơn La,Xã Gia Phù,21.1792752,104.5565002,68,Moderate,1,15.3,90,0.0,3.7,55,941.3,57,44.9,45.1,421.0,5.8,64.0,20.7
2025-12-03 06:00:00,2025,12,3,6,Sơn La,Xã Gia Phù,21.1792752,104.5565002,70,Moderate,1,15.3,90,0.0,3.6,60,942.1,62,44.1,44.2,476.0,5.9,66.0,21.5
2025-12-03 07:00:00,2025,12,3,7,Sơn La,Xã Gia Phù,21.1792752,104.5565002,72,Moderate,1,15.9,91,0.0,3.0,65,943.2,39,49.6,49.7,504.0,5.6,71.0,21.8
2025-12-03 08:00:00,2025,12,3,8,Sơn La,Xã Gia Phù,21.1792752,104.5565002,75,Moderate,1,17.2,93,0.0,6.0,83,944.3,28,50.1,50.2,475.0,4.3,86.0,19.7
2025-12-03 09:00:00,2025,12,3,9,Sơn La,Xã Gia Phù,21.1792752,104.5565002,78,Moderate,1,19.1,84,0.0,8.8,91,945.9,22,36.0,36.1,418.0,2.5,107.0,16.8
2025-12-03 10:00:00,2025,12,3,10,Sơn La,Xã Gia Phù,21.1792752,104.5565002,80,Moderate,1,20.5,73,0.0,13.8,76,946.3,12,29.0,29.0,381.0,1.3,120.0,14.6
2025-12-03 11:00:00,2025,12,3,11,Sơn La,Xã Gia Phù,21.1792752,104.5565002,82,Moderate,1,20.5,71,0.0,19.2,68,946.0,54,29.1,29.2,384.0,1.2,118.0,13.5
2025-12-03 12:00:00,2025,12,3,12,Sơn La,Xã Gia Phù,21.1792752,104.5565002,84,Moderate,1,19.8,74,0.0,18.2,69,945.1,65,26.0,26.0,406.0,1.8,108.0,13.0
2025-12-03 13:00:00,2025,12,3,13,Sơn La,Xã Gia Phù,21.1792752,104.5565002,86,Moderate,1,19.8,73,0.0,12.9,75,944.1,56,26.1,26.3,425.0,2.4,100.0,13.1
2025-12-03 14:00:00,2025,12,3,14,Sơn La,Xã Gia Phù,21.1792752,104.5565002,87,Moderate,1,20.2,69,0.0,14.4,75,943.4,59,27.9,28.0,429.0,2.8,97.0,14.1
2025-12-03 15:00:00,2025,12,3,15,Sơn La,Xã Gia Phù,21.1792752,104.5565002,89,Moderate,1,20.0,70,0.0,13.0,73,943.0,60,31.1,31.2,431.0,3.3,95.0,15.6
2025-12-03 16:00:00,2025,12,3,16,Sơn La,Xã Gia Phù,21.1792752,104.5565002,91,Moderate,1,19.3,75,0.0,10.7,78,942.8,100,32.4,32.6,447.0,4.0,92.0,16.9
2025-12-03 17:00:00,2025,12,3,17,Sơn La,Xã Gia Phù,21.1792752,104.5565002,94,Moderate,1,17.8,84,0.0,6.9,75,942.8,100,36.2,36.4,489.0,5.0,88.0,17.5
2025-12-03 18:00:00,2025,12,3,18,Sơn La,Xã Gia Phù,21.1792752,104.5565002,96,Moderate,1,16.7,90,0.0,5.9,59,943.1,100,38.9,39.1,546.0,6.2,82.0,17.8
2025-12-03 19:00:00,2025,12,3,19,Sơn La,Xã Gia Phù,21.1792752,104.5565002,98,Moderate,1,16.2,93,0.0,5.9,55,943.3,45,43.9,44.0,598.0,6.6,72.0,17.3
2025-12-03 20:00:00,2025,12,3,20,Sơn La,Xã Gia Phù,21.1792752,104.5565002,101,Unhealthy for Sensitive Groups,2,16.4,94,0.0,6.2,68,944.0,100,46.0,46.2,642.0,6.7,72.0,17.9
2025-12-03 21:00:00,2025,12,3,21,Sơn La,Xã Gia Phù,21.1792752,104.5565002,104,Unhealthy for Sensitive Groups,2,15.9,96,0.0,6.0,69,944.4,100,46.8,47.1,682.0,6.7,71.0,18.8
2025-12-03 22:00:00,2025,12,3,22,Sơn La,Xã Gia Phù,21.1792752,104.5565002,107,Unhealthy for Sensitive Groups,2,15.4,97,0.0,5.0,64,944.5,100,48.8,49.0,710.0,6.7,71.0,20.2
2025-12-03 23:00:00,2025,12,3,23,Sơn La,Xã Gia Phù,21.1792752,104.5565002,109,Unhealthy for Sensitive Groups,2,15.2,97,0.0,4.6,64,944.4,94,51.3,51.7,721.0,6.5,71.0,22.4
2025-12-04 00:00:00,2025,12,4,0,Sơn La,Xã Gia Phù,21.1792752,104.5565002,111,Unhealthy for Sensitive Groups,2,15.1,96,0.0,4.3,68,944.3,79,56.0,56.3,720.0,6.3,71.0,25.0
2025-12-04 01:00:00,2025,12,4,1,Sơn La,Xã Gia Phù,21.1792752,104.5565002,112,Unhealthy for Sensitive Groups,2,14.8,99,0.0,3.5,55,943.4,52,61.2,61.7,709.0,6.1,70.0,27.1
2025-12-04 02:00:00,2025,12,4,2,Sơn La,Xã Gia Phù,21.1792752,104.5565002,114,Unhealthy for Sensitive Groups,2,15.3,97,0.0,3.7,47,942.8,100,65.2,65.7,682.0,6.0,66.0,28.1
2025-12-04 03:00:00,2025,12,4,3,Sơn La,Xã Gia Phù,21.1792752,104.5565002,117,Unhealthy for Sensitive Groups,2,15.0,96,0.0,3.1,50,942.6,100,66.4,66.8,646.0,6.0,61.0,28.7
2025-12-04 04:00:00,2025,12,4,4,Sơn La,Xã Gia Phù,21.1792752,104.5565002,119,Unhealthy for Sensitive Groups,2,14.9,95,0.0,2.8,55,942.5,100,67.1,67.8,627.0,6.1,56.0,29.1
2025-12-04 05:00:00,2025,12,4,5,Sơn La,Xã Gia Phù,21.1792752,104.5565002,121,Unhealthy for Sensitive Groups,2,15.1,92,0.0,2.9,60,942.5,100,68.2,68.7,648.0,6.7,51.0,29.7
2025-12-04 06:00:00,2025,12,4,6,Sơn La,Xã Gia Phù,21.1792752,104.5565002,123,Unhealthy for Sensitive Groups,2,15.1,93,0.0,3.1,54,943.0,100,69.2,69.8,687.0,7.5,46.0,30.3
2025-12-04 07:00:00,2025,12,4,7,Sơn La,Xã Gia Phù,21.1792752,104.5565002,126,Unhealthy for Sensitive Groups,2,15.5,91,0.0,2.3,72,943.9,83,58.9,59.4,703.0,9.2,38.0,25.1
2025-12-04 08:00:00,2025,12,4,8,Sơn La,Xã Gia Phù,21.1792752,104.5565002,127,Unhealthy for Sensitive Groups,2,16.0,84,0.0,5.1,73,944.8,37,61.9,62.6,675.0,7.5,53.0,27.4
2025-12-04 09:00:00,2025,12,4,9,Sơn La,Xã Gia Phù,21.1792752,104.5565002,128,Unhealthy for Sensitive Groups,2,16.7,80,0.0,5.2,86,945.7,94,56.0,56.5,625.0,5.1,73.0,30.5
2025-12-04 10:00:00,2025,12,4,10,Sơn La,Xã Gia Phù,21.1792752,104.5565002,130,Unhealthy for Sensitive Groups,2,17.3,78,0.0,4.9,100,945.9,90,43.3,43.7,579.0,3.3,89.0,31.7
2025-12-04 11:00:00,2025,12,4,11,Sơn La,Xã Gia Phù,21.1792752,104.5565002,132,Unhealthy for Sensitive Groups,2,18.2,75,0.0,5.0,116,945.2,100,36.6,36.8,545.0,2.5,97.0,29.3
2025-12-04 12:00:00,2025,12,4,12,Sơn La,Xã Gia Phù,21.1792752,104.5565002,133,Unhealthy for Sensitive Groups,2,18.9,72,0.0,5.4,143,944.4,100,34.7,34.9,514.0,2.2,100.0,25.0
2025-12-04 13:00:00,2025,12,4,13,Sơn La,Xã Gia Phù,21.1792752,104.5565002,134,Unhealthy for Sensitive Groups,2,20.2,68,0.0,5.6,180,943.3,76,33.4,33.5,488.0,2.0,102.0,21.2
2025-12-04 14:00:00,2025,12,4,14,Sơn La,Xã Gia Phù,21.1792752,104.5565002,134,Unhealthy for Sensitive Groups,2,20.3,68,0.0,6.4,172,942.4,41,34.0,34.2,457.0,1.5,104.0,18.4
2025-12-04 15:00:00,2025,12,4,15,Sơn La,Xã Gia Phù,21.1792752,104.5565002,135,Unhealthy for Sensitive Groups,2,20.5,67,0.0,6.0,155,942.0,16,34.0,34.2,432.0,1.2,105.0,16.0
2025-12-04 16:00:00,2025,12,4,16,Sơn La,Xã Gia Phù,21.1792752,104.5565002,135,Unhealthy for Sensitive Groups,2,20.2,67,0.0,6.3,125,941.8,26,33.1,33.3,439.0,1.9,102.0,14.9
2025-12-04 17:00:00,2025,12,4,17,Sơn La,Xã Gia Phù,21.1792752,104.5565002,135,Unhealthy for Sensitive Groups,2,18.3,76,0.0,6.0,87,941.5,20,36.6,36.7,511.0,4.4,93.0,15.7
2025-12-04 18:00:00,2025,12,4,18,Sơn La,Xã Gia Phù,21.1792752,104.5565002,135,Unhealthy for Sensitive Groups,2,16.4,85,0.0,6.2,52,941.9,42,43.1,43.3,615.0,8.0,81.0,17.9
2025-12-04 19:00:00,2025,12,4,19,Sơn La,Xã Gia Phù,21.1792752,104.5565002,136,Unhealthy for Sensitive Groups,2,15.6,86,0.0,4.8,29,942.6,48,38.4,38.6,689.0,10.6,64.0,20.4
2025-12-04 20:00:00,2025,12,4,20,Sơn La,Xã Gia Phù,21.1792752,104.5565002,135,Unhealthy for Sensitive Groups,2,15.7,87,0.0,4.7,32,943.5,73,44.1,44.2,701.0,11.9,61.0,23.1
2025-12-04 21:00:00,2025,12,4,21,Sơn La,Xã Gia Phù,21.1792752,104.5565002,135,Unhealthy for Sensitive Groups,2,15.4,88,0.0,4.8,25,944.1,86,48.7,48.9,681.0,13.7,58.0,26.8
2025-12-04 22:00:00,2025,12,4,22,Sơn La,Xã Gia Phù,21.1792752,104.5565002,135,Unhealthy for Sensitive Groups,2,15.0,89,0.0,4.8,20,944.3,100,52.9,53.0,660.0,14.6,56.0,30.2
2025-12-04 23:00:00,2025,12,4,23,Sơn La,Xã Gia Phù,21.1792752,104.5565002,136,Unhealthy for Sensitive Groups,2,14.5,91,0.0,3.9,13,944.3,98,56.8,57.0,641.0,13.8,56.0,32.7
2025-12-05 00:00:00,2025,12,5,0,Sơn La,Xã Gia Phù,21.1792752,104.5565002,136,Unhealthy for Sensitive Groups,2,14.2,93,0.0,3.2,16,944.3,100,60.1,60.3,620.0,12.1,57.0,34.9
2025-12-05 01:00:00,2025,12,5,1,Sơn La,Xã Gia Phù,21.1792752,104.5565002,137,Unhealthy for Sensitive Groups,2,14.3,95,0.0,3.5,21,944.2,100,61.5,61.7,613.0,10.2,60.0,37.0
2025-12-05 02:00:00,2025,12,5,2,Sơn La,Xã Gia Phù,21.1792752,104.5565002,137,Unhealthy for Sensitive Groups,2,15.1,91,0.0,4.8,37,944.0,100,62.6,62.9,627.0,8.2,66.0,38.9
2025-12-05 03:00:00,2025,12,5,3,Sơn La,Xã Gia Phù,21.1792752,104.5565002,136,Unhealthy for Sensitive Groups,2,15.3,90,0.0,4.2,59,944.1,100,62.6,62.9,655.0,6.0,74.0,40.6
2025-12-05 04:00:00,2025,12,5,4,Sơn La,Xã Gia Phù,21.1792752,104.5565002,136,Unhealthy for Sensitive Groups,2,15.2,91,0.1,4.0,60,944.1,100,61.9,62.2,692.0,4.4,80.0,42.7
2025-12-05 05:00:00,2025,12,5,5,Sơn La,Xã Gia Phù,21.1792752,104.5565002,135,Unhealthy for Sensitive Groups,2,15.2,93,0.3,4.5,56,944.2,100,60.5,60.8,751.0,3.8,84.0,46.1
2025-12-05 06:00:00,2025,12,5,6,Sơn La,Xã Gia Phù,21.1792752,104.5565002,135,Unhealthy for Sensitive Groups,2,15.0,95,0.3,4.4,58,944.9,100,57.0,57.3,819.0,3.8,87.0,50.0
2025-12-05 07:00:00,2025,12,5,7,Sơn La,Xã Gia Phù,21.1792752,104.5565002,133,Unhealthy for Sensitive Groups,2,15.3,95,0.3,3.6,53,945.6,100,58.1,58.3,847.0,4.1,84.0,46.0
2025-12-05 08:00:00,2025,12,5,8,Sơn La,Xã Gia Phù,21.1792752,104.5565002,133,Unhealthy for Sensitive Groups,2,15.8,95,0.5,4.9,57,946.3,100,56.2,56.5,798.0,3.9,86.0,44.7
2025-12-05 09:00:00,2025,12,5,9,Sơn La,Xã Gia Phù,21.1792752,104.5565002,133,Unhealthy for Sensitive Groups,2,16.3,95,0.4,6.1,67,947.0,100,45.4,45.6,708.0,3.6,88.0,42.7
2025-12-05 10:00:00,2025,12,5,10,Sơn La,Xã Gia Phù,21.1792752,104.5565002,132,Unhealthy for Sensitive Groups,2,16.9,89,0.3,6.3,77,947.1,100,36.0,36.1,639.0,3.5,90.0,40.3
2025-12-05 11:00:00,2025,12,5,11,Sơn La,Xã Gia Phù,21.1792752,104.5565002,131,Unhealthy for Sensitive Groups,2,17.1,90,0.2,7.3,80,946.5,100,29.1,29.2,617.0,3.5,92.0,37.0
2025-12-05 12:00:00,2025,12,5,12,Sơn La,Xã Gia Phù,21.1792752,104.5565002,130,Unhealthy for Sensitive Groups,2,17.7,86,0.1,8.1,86,945.8,100,26.7,26.8,616.0,3.7,93.0,33.3
2025-12-05 13:00:00,2025,12,5,13,Sơn La,Xã Gia Phù,21.1792752,104.5565002,129,Unhealthy for Sensitive Groups,2,18.4,79,0.0,8.1,95,944.4,100,28.8,28.9,615.0,4.0,95.0,30.6
2025-12-05 14:00:00,2025,12,5,14,Sơn La,Xã Gia Phù,21.1792752,104.5565002,129,Unhealthy for Sensitive Groups,2,18.7,78,0.0,9.5,99,943.7,100,29.5,29.6,604.0,4.3,99.0,29.5
2025-12-05 15:00:00,2025,12,5,15,Sơn La,Xã Gia Phù,21.1792752,104.5565002,128,Unhealthy for Sensitive Groups,2,18.2,79,0.0,10.1,89,943.2,100,29.5,29.6,593.0,4.6,104.0,29.5
2025-12-05 16:00:00,2025,12,5,16,Sơn La,Xã Gia Phù,21.1792752,104.5565002,128,Unhealthy for Sensitive Groups,2,17.6,81,0.1,9.3,75,943.1,100,30.7,30.9,597.0,5.5,104.0,30.0
2025-12-05 17:00:00,2025,12,5,17,Sơn La,Xã Gia Phù,21.1792752,104.5565002,128,Unhealthy for Sensitive Groups,2,16.3,93,0.6,8.9,66,942.9,100,29.5,29.6,628.0,7.5,96.0,31.2
2025-12-05 18:00:00,2025,12,5,18,Sơn La,Xã Gia Phù,21.1792752,104.5565002,127,Unhealthy for Sensitive Groups,2,15.5,96,0.6,6.5,56,943.3,99,30.9,31.1,674.0,9.9,83.0,32.9
2025-12-05 19:00:00,2025,12,5,19,Sơn La,Xã Gia Phù,21.1792752,104.5565002,126,Unhealthy for Sensitive Groups,2,15.6,94,0.2,6.6,49,943.8,100,33.5,33.6,715.0,13.6,69.0,33.6
2025-12-05 20:00:00,2025,12,5,20,Sơn La,Xã Gia Phù,21.1792752,104.5565002,125,Unhealthy for Sensitive Groups,2,15.7,94,0.0,7.3,50,944.2,100,32.8,33.1,749.0,13.1,66.0,35.7
2025-12-05 21:00:00,2025,12,5,21,Sơn La,Xã Gia Phù,21.1792752,104.5565002,124,Unhealthy for Sensitive Groups,2,15.4,96,0.1,6.4,61,944.4,100,32.2,32.4,779.0,12.5,62.0,38.5
2025-12-05 22:00:00,2025,12,5,22,Sơn La,Xã Gia Phù,21.1792752,104.5565002,122,Unhealthy for Sensitive Groups,2,15.2,97,0.4,6.5,66,944.4,100,32.4,32.5,793.0,11.7,59.0,40.3
2025-12-05 23:00:00,2025,12,5,23,Sơn La,Xã Gia Phù,21.1792752,104.5565002,120,Unhealthy for Sensitive Groups,2,15.0,98,0.3,5.2,56,944.2,100,32.6,32.8,782.0,10.8,57.0,40.3
2025-12-06 00:00:00,2025,12,6,0,Sơn La,Xã Gia Phù,21.1792752,104.5565002,118,Unhealthy for Sensitive Groups,2,14.8,98,0.2,4.4,55,944.0,100,32.4,32.6,756.0,9.7,56.0,39.3
2025-12-06 01:00:00,2025,12,6,1,Sơn La,Xã Gia Phù,21.1792752,104.5565002,115,Unhealthy for Sensitive Groups,2,14.9,96,0.2,3.6,63,944.1,100,31.1,31.3,730.0,8.7,56.0,38.3
2025-12-06 02:00:00,2025,12,6,2,Sơn La,Xã Gia Phù,21.1792752,104.5565002,111,Unhealthy for Sensitive Groups,2,15.0,97,0.6,3.6,70,943.5,100,29.0,29.3,705.0,7.8,57.0,37.5
2025-12-06 03:00:00,2025,12,6,3,Sơn La,Xã Gia Phù,21.1792752,104.5565002,108,Unhealthy for Sensitive Groups,2,14.7,97,0.8,3.1,62,943.4,100,27.4,27.6,681.0,6.9,58.0,36.6
2025-12-06 04:00:00,2025,12,6,4,Sơn La,Xã Gia Phù,21.1792752,104.5565002,104,Unhealthy for Sensitive Groups,2,14.6,97,0.7,3.2,74,943.3,100,26.8,27.0,666.0,6.4,59.0,35.8
2025-12-06 05:00:00,2025,12,6,5,Sơn La,Xã Gia Phù,21.1792752,104.5565002,101,Unhealthy for Sensitive Groups,2,14.7,96,0.6,2.8,75,943.3,100,27.1,27.3,672.0,6.4,57.0,35.5
2025-12-06 06:00:00,2025,12,6,6,Sơn La,Xã Gia Phù,21.1792752,104.5565002,98,Moderate,1,14.7,95,0.5,2.8,75,943.7,100,27.5,27.6,688.0,6.7,54.0,35.3
2025-12-06 07:00:00,2025,12,6,7,Sơn La,Xã Gia Phù,21.1792752,104.5565002,95,Moderate,1,15.1,95,0.4,2.1,70,944.5,100,29.1,29.3,692.0,8.0,44.0,36.5
2025-12-06 08:00:00,2025,12,6,8,Sơn La,Xã Gia Phù,21.1792752,104.5565002,92,Moderate,1,15.5,95,0.5,3.6,87,944.8,100,28.3,28.5,675.0,7.8,46.0,35.8
2025-12-06 09:00:00,2025,12,6,9,Sơn La,Xã Gia Phù,21.1792752,104.5565002,90,Moderate,1,15.9,93,0.3,4.6,116,945.3,100,25.8,26.0,645.0,7.4,50.0,34.7
2025-12-06 10:00:00,2025,12,6,10,Sơn La,Xã Gia Phù,21.1792752,104.5565002,88,Moderate,1,16.6,89,0.2,5.6,135,945.3,100,23.6,23.7,608.0,6.9,54.0,32.8
2025-12-06 11:00:00,2025,12,6,11,Sơn La,Xã Gia Phù,21.1792752,104.5565002,87,Moderate,1,16.9,87,0.1,5.1,141,944.3,99,21.2,21.4,557.0,6.1,60.0,29.6
2025-12-06 12:00:00,2025,12,6,12,Sơn La,Xã Gia Phù,21.1792752,104.5565002,86,Moderate,1,17.4,84,0.0,4.2,140,943.2,100,21.3,21.4,497.0,5.0,67.0,25.6
2025-12-06 13:00:00,2025,12,6,13,Sơn La,Xã Gia Phù,21.1792752,104.5565002,86,Moderate,1,18.8,77,0.0,5.2,184,942.5,95,20.9,21.0,454.0,4.1,74.0,21.7
2025-12-06 14:00:00,2025,12,6,14,Sơn La,Xã Gia Phù,21.1792752,104.5565002,85,Moderate,1,19.2,74,0.0,4.3,180,941.5,55,23.7,23.7,431.0,2.9,82.0,17.8
2025-12-06 15:00:00,2025,12,6,15,Sơn La,Xã Gia Phù,21.1792752,104.5565002,85,Moderate,1,19.5,75,0.1,3.2,146,940.9,28,24.6,24.7,424.0,1.9,90.0,14.0
2025-12-06 16:00:00,2025,12,6,16,Sơn La,Xã Gia Phù,21.1792752,104.5565002,84,Moderate,1,19.4,75,0.1,3.4,108,940.5,23,23.3,23.3,442.0,2.0,92.0,11.6
2025-12-06 17:00:00,2025,12,6,17,Sơn La,Xã Gia Phù,21.1792752,104.5565002,84,Moderate,1,17.7,85,0.0,3.1,69,939.9,29,24.6,24.6,502.0,4.4,84.0,11.3
2025-12-06 18:00:00,2025,12,6,18,Sơn La,Xã Gia Phù,21.1792752,104.5565002,83,Moderate,1,16.0,90,0.0,4.2,40,940.0,82,28.6,28.6,587.0,8.1,70.0,12.3
2025-12-06 19:00:00,2025,12,6,19,Sơn La,Xã Gia Phù,21.1792752,104.5565002,83,Moderate,1,16.1,90,0.0,3.9,22,940.5,82,27.1,27.1,652.0,11.4,50.0,12.5
2025-12-06 20:00:00,2025,12,6,20,Sơn La,Xã Gia Phù,21.1792752,104.5565002,82,Moderate,1,15.8,92,0.0,4.0,27,940.9,98,30.6,30.7,681.0,11.3,48.0,13.9
2025-12-06 21:00:00,2025,12,6,21,Sơn La,Xã Gia Phù,21.1792752,104.5565002,82,Moderate,1,15.6,92,0.0,4.0,10,941.2,100,33.8,33.8,691.0,11.2,45.0,16.0
2025-12-06 22:00:00,2025,12,6,22,Sơn La,Xã Gia Phù,21.1792752,104.5565002,82,Moderate,1,15.3,93,0.0,4.5,2,941.2,100,37.0,37.1,683.0,10.9,43.0,17.8
2025-12-06 23:00:00,2025,12,6,23,Sơn La,Xã Gia Phù,21.1792752,104.5565002,83,Moderate,1,14.9,96,0.0,3.6,351,940.9,100,39.6,39.7,653.0,10.2,44.0,19.2
2025-12-07 00:00:00,2025,12,7,0,Sơn La,Xã Gia Phù,21.1792752,104.5565002,83,Moderate,1,15.0,96,0.1,3.4,344,940.7,100,42.1,42.3,605.0,9.4,46.0,20.4
2025-12-07 01:00:00,2025,12,7,1,Sơn La,Xã Gia Phù,21.1792752,104.5565002,84,Moderate,1,15.8,96,0.2,1.5,36,940.7,100,44.6,44.7,559.0,8.7,47.0,21.5
2025-12-07 02:00:00,2025,12,7,2,Sơn La,Xã Gia Phù,21.1792752,104.5565002,85,Moderate,1,15.9,97,0.4,1.9,56,940.5,100,45.8,45.9,509.0,8.2,47.0,22.5
2025-12-07 03:00:00,2025,12,7,3,Sơn La,Xã Gia Phù,21.1792752,104.5565002,87,Moderate,1,15.9,95,0.4,1.3,56,940.5,100,46.7,46.9,462.0,7.9,46.0,23.3
2025-12-07 04:00:00,2025,12,7,4,Sơn La,Xã Gia Phù,21.1792752,104.5565002,89,Moderate,1,15.7,95,0.3,1.5,30,940.6,100,46.6,46.8,452.0,7.9,45.0,24.5
2025-12-07 05:00:00,2025,12,7,5,Sơn La,Xã Gia Phù,21.1792752,104.5565002,90,Moderate,1,15.3,96,0.1,2.5,360,941.1,100,44.9,45.1,513.0,8.3,43.0,26.3
2025-12-07 06:00:00,2025,12,7,6,Sơn La,Xã Gia Phù,21.1792752,104.5565002,92,Moderate,1,15.7,94,0.1,2.2,35,941.9,100,43.1,43.2,611.0,9.0,40.0,28.3
2025-12-07 07:00:00,2025,12,7,7,Sơn La,Xã Gia Phù,21.1792752,104.5565002,93,Moderate,1,15.1,97,0.0,3.0,76,942.7,100,53.7,53.9,685.0,7.4,46.0,22.2
2025-12-07 08:00:00,2025,12,7,8,Sơn La,Xã Gia Phù,21.1792752,104.5565002,96,Moderate,1,16.2,97,0.0,5.7,77,943.7,100,46.2,46.4,713.0,7.1,51.0,23.0
2025-12-07 09:00:00,2025,12,7,9,Sơn La,Xã Gia Phù,21.1792752,104.5565002,97,Moderate,1,16.9,93,0.1,7.1,84,944.7,100,33.6,33.8,716.0,6.6,59.0,24.2
2025-12-07 10:00:00,2025,12,7,10,Sơn La,Xã Gia Phù,21.1792752,104.5565002,98,Moderate,1,17.9,86,0.0,9.9,85,945.2,100,27.0,27.1,697.0,6.5,66.0,25.2
2025-12-07 11:00:00,2025,12,7,11,Sơn La,Xã Gia Phù,21.1792752,104.5565002,98,Moderate,1,18.5,83,0.0,10.1,86,944.6,66,25.2,25.3,640.0,7.0,71.0,25.9
2025-12-07 12:00:00,2025,12,7,12,Sơn La,Xã Gia Phù,21.1792752,104.5565002,98,Moderate,1,19.3,77,0.0,11.8,84,944.0,55,22.5,22.5,560.0,7.8,76.0,26.4
2025-12-07 13:00:00,2025,12,7,13,Sơn La,Xã Gia Phù,21.1792752,104.5565002,99,Moderate,1,19.7,74,0.0,11.4,83,943.6,43,21.3,21.4,503.0,8.7,80.0,26.7
2025-12-07 14:00:00,2025,12,7,14,Sơn La,Xã Gia Phù,21.1792752,104.5565002,99,Moderate,1,20.2,70,0.0,13.1,82,943.2,56,18.6,18.7,485.0,9.2,85.0,26.8
2025-12-07 15:00:00,2025,12,7,15,Sơn La,Xã Gia Phù,21.1792752,104.5565002,98,Moderate,1,19.8,72,0.0,10.9,83,942.7,30,17.3,17.4,490.0,9.8,90.0,26.7
2025-12-07 16:00:00,2025,12,7,16,Sơn La,Xã Gia Phù,21.1792752,104.5565002,98,Moderate,1,19.3,74,0.0,10.5,86,942.6,27,14.5,14.6,518.0,11.0,89.0,26.2
2025-12-07 17:00:00,2025,12,7,17,Sơn La,Xã Gia Phù,21.1792752,104.5565002,97,Moderate,1,18.1,80,0.0,6.8,87,942.5,10,13.6,13.6,584.0,13.7,79.0,25.1
2025-12-07 18:00:00,2025,12,7,18,Sơn La,Xã Gia Phù,21.1792752,104.5565002,96,Moderate,1,16.1,89,0.0,5.7,55,942.3,6,15.9,16.0,673.0,17.0,64.0,23.7
2025-12-07 19:00:00,2025,12,7,19,Sơn La,Xã Gia Phù,21.1792752,104.5565002,95,Moderate,1,16.5,92,0.0,4.8,42,943.3,52,26.8,27.0,735.0,11.3,68.0,18.8
2025-12-07 20:00:00,2025,12,7,20,Sơn La,Xã Gia Phù,21.1792752,104.5565002,95,Moderate,1,16.0,94,0.0,5.5,49,944.0,34,31.4,31.7,749.0,11.4,65.0,18.9
2025-12-07 21:00:00,2025,12,7,21,Sơn La,Xã Gia Phù,21.1792752,104.5565002,95,Moderate,1,15.2,95,0.0,4.3,42,944.0,11,35.3,35.5,736.0,11.5,60.0,19.1
2025-12-07 22:00:00,2025,12,7,22,Sơn La,Xã Gia Phù,21.1792752,104.5565002,95,Moderate,1,14.0,95,0.0,3.8,25,943.6,12,37.6,37.8,710.0,11.2,57.0,18.9
2025-12-07 23:00:00,2025,12,7,23,Sơn La,Xã Gia Phù,21.1792752,104.5565002,95,Moderate,1,13.2,94,0.0,3.7,29,943.3,16,38.4,38.6,672.0,10.2,54.0,18.2
2025-12-08 00:00:00,2025,12,8,0,Sơn La,Xã Gia Phù,21.1792752,104.5565002,95,Moderate,1,12.9,92,0.0,3.9,37,943.4,30,37.6,37.8,621.0,8.8,53.0,17.1
2025-12-08 01:00:00,2025,12,8,1,Sơn La,Xã Gia Phù,21.1792752,104.5565002,94,Moderate,1,13.2,95,0.0,4.5,43,943.5,44,36.7,36.9,573.0,7.4,54.0,15.8
2025-12-08 02:00:00,2025,12,8,2,Sơn La,Xã Gia Phù,21.1792752,104.5565002,94,Moderate,1,13.3,94,0.0,3.6,49,943.2,30,33.6,33.9,527.0,5.8,60.0,14.3
2025-12-08 03:00:00,2025,12,8,3,Sơn La,Xã Gia Phù,21.1792752,104.5565002,93,Moderate,1,13.3,94,0.0,4.9,57,943.2,73,25.4,25.6,485.0,4.2,69.0,12.6
2025-12-08 04:00:00,2025,12,8,4,Sơn La,Xã Gia Phù,21.1792752,104.5565002,91,Moderate,1,13.5,93,0.0,4.4,58,943.4,79,17.5,17.6,465.0,3.0,77.0,11.3
2025-12-08 05:00:00,2025,12,8,5,Sơn La,Xã Gia Phù,21.1792752,104.5565002,88,Moderate,1,13.7,95,0.0,4.7,58,943.7,100,12.1,12.2,487.0,2.5,82.0,10.5
2025-12-08 06:00:00,2025,12,8,6,Sơn La,Xã Gia Phù,21.1792752,104.5565002,85,Moderate,1,14.3,96,0.1,5.6,59,944.4,100,6.7,6.7,532.0,2.4,85.0,10.2
2025-12-08 07:00:00,2025,12,8,7,Sơn La,Xã Gia Phù,21.1792752,104.5565002,82,Moderate,1,14.9,97,0.3,5.7,58,945.4,100,1.2,1.2,561.0,3.3,85.0,11.1
2025-12-08 08:00:00,2025,12,8,8,Sơn La,Xã Gia Phù,21.1792752,104.5565002,77,Moderate,1,15.7,96,0.1,8.1,73,946.3,100,2.3,2.3,556.0,3.4,82.0,11.8
2025-12-08 09:00:00,2025,12,8,9,Sơn La,Xã Gia Phù,21.1792752,104.5565002,73,Moderate,1,16.2,93,0.1,8.0,82,947.0,98,5.4,5.4,535.0,3.4,78.0,12.7
2025-12-08 10:00:00,2025,12,8,10,Sơn La,Xã Gia Phù,21.1792752,104.5565002,71,Moderate,1,17.0,89,0.1,8.5,85,947.2,90,9.5,9.5,509.0,3.3,76.0,12.8
2025-12-08 11:00:00,2025,12,8,11,Sơn La,Xã Gia Phù,21.1792752,104.5565002,69,Moderate,1,17.8,77,0.2,11.5,79,946.9,64,14.7,14.8,476.0,2.8,78.0,11.5
2025-12-08 12:00:00,2025,12,8,12,Sơn La,Xã Gia Phù,21.1792752,104.5565002,68,Moderate,1,18.5,66,0.0,12.3,78,946.1,100,17.5,17.6,439.0,2.2,83.0,9.5
2025-12-08 13:00:00,2025,12,8,13,Sơn La,Xã Gia Phù,21.1792752,104.5565002,68,Moderate,1,18.9,63,0.0,10.3,90,945.0,98,19.9,20.0,415.0,1.8,87.0,7.7
2025-12-08 14:00:00,2025,12,8,14,Sơn La,Xã Gia Phù,21.1792752,104.5565002,68,Moderate,1,19.2,62,0.0,11.4,86,944.2,81,21.4,21.4,409.0,1.4,92.0,6.6
2025-12-08 15:00:00,2025,12,8,15,Sơn La,Xã Gia Phù,21.1792752,104.5565002,68,Moderate,1,19.4,61,0.0,11.7,87,943.4,83,23.3,23.5,416.0,1.3,97.0,5.7
2025-12-08 16:00:00,2025,12,8,16,Sơn La,Xã Gia Phù,21.1792752,104.5565002,69,Moderate,1,18.8,64,0.0,11.3,80,943.2,67,24.3,24.4,440.0,2.0,98.0,5.3
2025-12-08 17:00:00,2025,12,8,17,Sơn La,Xã Gia Phù,21.1792752,104.5565002,70,Moderate,1,17.1,73,0.0,6.0,61,942.7,41,25.6,25.6,496.0,4.3,91.0,5.4
2025-12-08 18:00:00,2025,12,8,18,Sơn La,Xã Gia Phù,21.1792752,104.5565002,71,Moderate,1,15.6,78,0.0,5.6,22,942.8,38,28.1,28.2,570.0,7.6,79.0,6.0
2025-12-08 19:00:00,2025,12,8,19,Sơn La,Xã Gia Phù,21.1792752,104.5565002,72,Moderate,1,14.3,85,0.0,4.8,13,943.2,16,38.1,38.2,622.0,10.0,68.0,7.4
2025-12-08 20:00:00,2025,12,8,20,Sơn La,Xã Gia Phù,21.1792752,104.5565002,73,Moderate,1,13.8,85,0.0,4.2,7,943.5,8,40.2,40.4,634.0,10.8,69.0,8.5
2025-12-08 21:00:00,2025,12,8,21,Sơn La,Xã Gia Phù,21.1792752,104.5565002,73,Moderate,1,13.1,84,0.0,3.1,3,943.5,14,41.6,41.8,624.0,11.9,70.0,10.0
2025-12-08 22:00:00,2025,12,8,22,Sơn La,Xã Gia Phù,21.1792752,104.5565002,74,Moderate,1,12.5,83,0.0,3.2,3,943.6,17,43.2,43.3,609.0,12.7,70.0,10.9
2025-12-08 23:00:00,2025,12,8,23,Sơn La,Xã Gia Phù,21.1792752,104.5565002,74,Moderate,1,12.3,82,0.0,3.1,357,943.7,16,44.5,44.6,593.0,12.9,70.0,10.6
2025-12-09 00:00:00,2025,12,9,0,Sơn La,Xã Gia Phù,21.1792752,104.5565002,75,Moderate,1,12.3,81,0.0,3.1,353,943.3,13,44.9,45.2,572.0,12.7,69.0,9.5
2025-12-09 01:00:00,2025,12,9,1,Sơn La,Xã Gia Phù,21.1792752,104.5565002,76,Moderate,1,12.6,80,0.0,2.3,18,943.2,2,48.5,48.7,554.0,12.2,67.0,8.4
2025-12-09 02:00:00,2025,12,9,2,Sơn La,Xã Gia Phù,21.1792752,104.5565002,77,Moderate,1,12.8,79,0.0,0.9,360,942.7,2,49.8,50.1,534.0,11.2,60.0,7.1
2025-12-09 03:00:00,2025,12,9,3,Sơn La,Xã Gia Phù,21.1792752,104.5565002,78,Moderate,1,12.5,79,0.0,0.6,18,942.3,10,49.7,49.9,516.0,9.8,52.0,5.7
2025-12-09 04:00:00,2025,12,9,4,Sơn La,Xã Gia Phù,21.1792752,104.5565002,80,Moderate,1,12.1,81,0.0,0.8,27,942.1,10,45.5,45.8,523.0,8.5,48.0,4.7
2025-12-09 05:00:00,2025,12,9,5,Sơn La,Xã Gia Phù,21.1792752,104.5565002,83,Moderate,1,11.7,83,0.0,0.8,27,942.2,22,41.4,41.6,583.0,7.3,52.0,4.2
2025-12-09 06:00:00,2025,12,9,6,Sơn La,Xã Gia Phù,21.1792752,104.5565002,85,Moderate,1,11.5,84,0.0,1.0,22,942.5,21,38.2,38.4,667.0,6.1,61.0,4.1
2025-12-09 07:00:00,2025,12,9,7,Sơn La,Xã Gia Phù,21.1792752,104.5565002,88,Moderate,1,12.2,84,0.0,0.6,56,943.8,23,42.7,43.0,709.0,5.3,65.0,4.5
2025-12-09 08:00:00,2025,12,9,8,Sơn La,Xã Gia Phù,21.1792752,104.5565002,92,Moderate,1,14.1,82,0.0,1.6,63,944.8,26,40.7,41.0,668.0,4.2,82.0,6.3
2025-12-09 09:00:00,2025,12,9,9,Sơn La,Xã Gia Phù,21.1792752,104.5565002,95,Moderate,1,15.5,82,0.0,2.4,117,945.9,51,33.4,33.8,583.0,2.7,106.0,8.7
2025-12-09 10:00:00,2025,12,9,10,Sơn La,Xã Gia Phù,21.1792752,104.5565002,98,Moderate,1,17.1,75,0.0,1.9,107,946.1,33,29.5,29.7,511.0,1.5,123.0,9.9
2025-12-09 11:00:00,2025,12,9,11,Sơn La,Xã Gia Phù,21.1792752,104.5565002,100,Moderate,1,18.3,67,0.0,5.1,107,945.3,84,26.7,26.9,471.0,1.0,127.0,8.8
2025-12-09 12:00:00,2025,12,9,12,Sơn La,Xã Gia Phù,21.1792752,104.5565002,101,Unhealthy for Sensitive Groups,2,19.1,61,0.0,5.5,101,944.3,83,23.8,24.1,442.0,0.8,125.0,6.6
2025-12-09 13:00:00,2025,12,9,13,Sơn La,Xã Gia Phù,21.1792752,104.5565002,101,Unhealthy for Sensitive Groups,2,19.8,55,0.0,4.1,105,943.5,59,22.8,23.2,418.0,0.8,122.0,4.9
2025-12-09 14:00:00,2025,12,9,14,Sơn La,Xã Gia Phù,21.1792752,104.5565002,102,Unhealthy for Sensitive Groups,2,20.1,54,0.0,4.5,137,942.6,73,23.3,23.7,385.0,0.7,122.0,4.2
2025-12-09 15:00:00,2025,12,9,15,Sơn La,Xã Gia Phù,21.1792752,104.5565002,102,Unhealthy for Sensitive Groups,2,20.0,50,0.0,3.6,131,941.9,38,24.4,24.9,356.0,0.6,121.0,4.0
2025-12-09 16:00:00,2025,12,9,16,Sơn La,Xã Gia Phù,21.1792752,104.5565002,102,Unhealthy for Sensitive Groups,2,19.8,51,0.0,3.1,111,941.8,60,26.3,26.8,361.0,1.4,118.0,4.6
2025-12-09 17:00:00,2025,12,9,17,Sơn La,Xã Gia Phù,21.1792752,104.5565002,102,Unhealthy for Sensitive Groups,2,18.0,63,0.0,1.7,49,941.3,13,29.9,30.3,429.0,3.6,109.0,6.4
2025-12-09 18:00:00,2025,12,9,18,Sơn La,Xã Gia Phù,21.1792752,104.5565002,103,Unhealthy for Sensitive Groups,2,16.0,65,0.0,4.2,31,941.2,2,34.7,34.9,531.0,6.5,98.0,9.0
2025-12-09 19:00:00,2025,12,9,19,Sơn La,Xã Gia Phù,21.1792752,104.5565002,103,Unhealthy for Sensitive Groups,2,16.3,72,0.0,1.9,22,942.0,43,37.8,38.2,612.0,9.3,85.0,11.6
2025-12-09 20:00:00,2025,12,9,20,Sơn La,Xã Gia Phù,21.1792752,104.5565002,103,Unhealthy for Sensitive Groups,2,16.4,74,0.0,2.3,29,942.6,35,42.7,43.0,649.0,9.9,87.0,13.9
2025-12-09 21:00:00,2025,12,9,21,Sơn La,Xã Gia Phù,21.1792752,104.5565002,104,Unhealthy for Sensitive Groups,2,15.7,78,0.0,2.3,23,942.8,18,46.7,46.9,665.0,10.6,89.0,17.1
2025-12-09 22:00:00,2025,12,9,22,Sơn La,Xã Gia Phù,21.1792752,104.5565002,104,Unhealthy for Sensitive Groups,2,15.1,80,0.0,1.5,14,942.9,9,50.4,50.6,667.0,11.3,90.0,19.8
2025-12-09 23:00:00,2025,12,9,23,Sơn La,Xã Gia Phù,21.1792752,104.5565002,105,Unhealthy for Sensitive Groups,2,14.4,81,0.0,1.5,353,942.5,24,53.6,53.8,657.0,11.9,89.0,21.3
2025-12-10 00:00:00,2025,12,10,0,Sơn La,Xã Gia Phù,21.1792752,104.5565002,106,Unhealthy for Sensitive Groups,2,13.9,82,0.0,1.3,344,942.0,21,55.5,55.8,633.0,12.3,87.0,22.3
2025-12-10 01:00:00,2025,12,10,1,Sơn La,Xã Gia Phù,21.1792752,104.5565002,107,Unhealthy for Sensitive Groups,2,13.1,89,0.0,2.7,337,941.6,74,57.2,57.3,601.0,12.3,87.0,22.8
2025-12-10 02:00:00,2025,12,10,2,Sơn La,Xã Gia Phù,21.1792752,104.5565002,108,Unhealthy for Sensitive Groups,2,12.7,90,0.0,3.6,330,940.9,63,62.2,62.2,552.0,11.4,90.0,22.7
2025-12-10 03:00:00,2025,12,10,3,Sơn La,Xã Gia Phù,21.1792752,104.5565002,109,Unhealthy for Sensitive Groups,2,11.5,90,0.0,3.2,326,940.3,80,63.8,63.8,494.0,10.0,94.0,22.1
2025-12-10 04:00:00,2025,12,10,4,Sơn La,Xã Gia Phù,21.1792752,104.5565002,111,Unhealthy for Sensitive Groups,2,11.2,87,0.0,3.5,321,940.5,13,64.7,65.0,462.0,8.7,97.0,21.7
2025-12-10 05:00:00,2025,12,10,5,Sơn La,Xã Gia Phù,21.1792752,104.5565002,113,Unhealthy for Sensitive Groups,2,11.1,83,0.0,3.4,317,940.8,9,64.3,64.5,481.0,7.6,97.0,21.7
2025-12-10 06:00:00,2025,12,10,6,Sơn La,Xã Gia Phù,21.1792752,104.5565002,115,Unhealthy for Sensitive Groups,2,11.3,80,0.0,1.9,304,941.3,5,64.3,64.3,526.0,6.6,96.0,21.8
2025-12-10 07:00:00,2025,12,10,7,Sơn La,Xã Gia Phù,21.1792752,104.5565002,118,Unhealthy for Sensitive Groups,2,11.9,84,0.0,1.8,294,942.3,5,36.3,36.3,550.0,6.4,94.0,19.3
2025-12-10 08:00:00,2025,12,10,8,Sơn La,Xã Gia Phù,21.1792752,104.5565002,117,Unhealthy for Sensitive Groups,2,14.3,79,0.0,2.4,243,943.6,0,36.8,36.8,533.0,5.1,107.0,18.9
2025-12-10 09:00:00,2025,12,10,9,Sơn La,Xã Gia Phù,21.1792752,104.5565002,117,Unhealthy for Sensitive Groups,2,15.9,78,0.0,3.3,186,944.6,5,32.5,32.5,495.0,3.2,126.0,18.1
2025-12-10 10:00:00,2025,12,10,10,Sơn La,Xã Gia Phù,21.1792752,104.5565002,116,Unhealthy for Sensitive Groups,2,17.7,73,0.0,4.2,190,944.9,8,20.6,20.7,457.0,1.8,138.0,16.7
2025-12-10 11:00:00,2025,12,10,11,Sơn La,Xã Gia Phù,21.1792752,104.5565002,116,Unhealthy for Sensitive Groups,2,19.0,70,0.0,5.6,176,944.2,6,16.4,16.5,421.0,1.1,139.0,13.9
2025-12-10 12:00:00,2025,12,10,12,Sơn La,Xã Gia Phù,21.1792752,104.5565002,114,Unhealthy for Sensitive Groups,2,19.9,65,0.0,5.5,161,943.3,2,14.3,14.4,385.0,0.9,134.0,10.4
2025-12-10 13:00:00,2025,12,10,13,Sơn La,Xã Gia Phù,21.1792752,104.5565002,113,Unhealthy for Sensitive Groups,2,20.8,58,0.0,6.0,159,942.3,3,13.4,13.5,359.0,0.8,129.0,7.7
2025-12-10 14:00:00,2025,12,10,14,Sơn La,Xã Gia Phù,21.1792752,104.5565002,113,Unhealthy for Sensitive Groups,2,20.9,56,0.0,5.2,151,941.5,5,12.8,12.9,341.0,0.4,128.0,6.4
2025-12-10 15:00:00,2025,12,10,15,Sơn La,Xã Gia Phù,21.1792752,104.5565002,111,Unhealthy for Sensitive Groups,2,21.0,53,0.0,2.6,146,941.2,9,12.5,12.6,333.0,0.1,128.0,6.0
2025-12-10 16:00:00,2025,12,10,16,Sơn La,Xã Gia Phù,21.1792752,104.5565002,110,Unhealthy for Sensitive Groups,2,20.5,54,0.0,2.1,75,941.0,5,12.4,12.5,354.0,1.2,124.0,6.2
2025-12-10 17:00:00,2025,12,10,17,Sơn La,Xã Gia Phù,21.1792752,104.5565002,109,Unhealthy for Sensitive Groups,2,17.6,69,0.0,4.8,59,940.7,13,14.6,14.7,429.0,5.2,113.0,7.0
2025-12-10 18:00:00,2025,12,10,18,Sơn La,Xã Gia Phù,21.1792752,104.5565002,107,Unhealthy for Sensitive Groups,2,15.7,81,0.0,6.2,21,941.2,12,18.5,18.5,533.0,10.5,98.0,8.5
2025-12-10 19:00:00,2025,12,10,19,Sơn La,Xã Gia Phù,21.1792752,104.5565002,105,Unhealthy for Sensitive Groups,2,15.3,85,0.0,4.6,9,941.7,18,21.5,21.6,604.0,16.0,81.0,9.7
2025-12-10 20:00:00,2025,12,10,20,Sơn La,Xã Gia Phù,21.1792752,104.5565002,104,Unhealthy for Sensitive Groups,2,14.9,86,0.0,4.6,11,942.2,14,25.1,25.2,613.0,16.4,76.0,10.6
2025-12-10 21:00:00,2025,12,10,21,Sơn La,Xã Gia Phù,21.1792752,104.5565002,102,Unhealthy for Sensitive Groups,2,14.2,86,0.0,4.0,10,942.3,3,28.2,28.3,590.0,16.8,70.0,12.0
2025-12-10 22:00:00,2025,12,10,22,Sơn La,Xã Gia Phù,21.1792752,104.5565002,100,Moderate,1,14.0,84,0.0,3.9,13,942.3,2,31.2,31.3,566.0,16.8,66.0,13.5
2025-12-10 23:00:00,2025,12,10,23,Sơn La,Xã Gia Phù,21.1792752,104.5565002,98,Moderate,1,13.9,83,0.0,2.6,16,941.9,5,34.3,34.5,548.0,16.1,66.0,15.3
2025-12-11 00:00:00,2025,12,11,0,Sơn La,Xã Gia Phù,21.1792752,104.5565002,97,Moderate,1,13.7,83,0.0,1.8,11,941.8,0,37.3,37.4,529.0,15.0,69.0,17.2
2025-12-11 01:00:00,2025,12,11,1,Sơn La,Xã Gia Phù,21.1792752,104.5565002,95,Moderate,1,13.1,85,0.0,1.4,23,941.5,3,40.4,40.6,513.0,13.7,72.0,19.0
2025-12-11 02:00:00,2025,12,11,2,Sơn La,Xã Gia Phù,21.1792752,104.5565002,93,Moderate,1,12.7,87,0.0,2.3,18,941.1,92,42.6,42.7,496.0,12.2,75.0,20.5
2025-12-11 03:00:00,2025,12,11,3,Sơn La,Xã Gia Phù,21.1792752,104.5565002,92,Moderate,1,13.0,87,0.0,3.2,27,941.2,13,44.1,44.2,483.0,10.6,79.0,21.9
2025-12-11 04:00:00,2025,12,11,4,Sơn La,Xã Gia Phù,21.1792752,104.5565002,90,Moderate,1,12.8,88,0.0,3.7,29,941.3,20,48.1,48.3,496.0,9.2,81.0,23.2
2025-12-11 05:00:00,2025,12,11,5,Sơn La,Xã Gia Phù,21.1792752,104.5565002,89,Moderate,1,12.8,89,0.0,3.8,31,941.7,55,44.5,44.7,565.0,8.5,78.0,24.0
2025-12-11 06:00:00,2025,12,11,6,Sơn La,Xã Gia Phù,21.1792752,104.5565002,87,Moderate,1,13.4,89,0.0,3.4,32,942.1,99,44.4,44.6,661.0,8.0,72.0,24.6
2025-12-11 07:00:00,2025,12,11,7,Sơn La,Xã Gia Phù,21.1792752,104.5565002,85,Moderate,1,14.2,89,0.0,2.3,51,942.8,100,36.1,36.2,717.0,6.1,69.0,21.3
2025-12-11 08:00:00,2025,12,11,8,Sơn La,Xã Gia Phù,21.1792752,104.5565002,85,Moderate,1,15.3,86,0.0,4.0,72,943.9,99,35.7,35.9,696.0,5.2,81.0,26.6
2025-12-11 09:00:00,2025,12,11,9,Sơn La,Xã Gia Phù,21.1792752,104.5565002,85,Moderate,1,16.2,87,0.0,4.7,97,944.6,100,32.4,32.7,635.0,3.9,98.0,33.6
2025-12-11 10:00:00,2025,12,11,10,Sơn La,Xã Gia Phù,21.1792752,104.5565002,85,Moderate,1,16.9,85,0.0,4.9,98,945.0,99,28.3,28.6,576.0,2.9,110.0,37.2
2025-12-11 11:00:00,2025,12,11,11,Sơn La,Xã Gia Phù,21.1792752,104.5565002,86,Moderate,1,17.6,82,0.0,5.4,94,944.3,99,26.0,26.3,527.0,2.6,112.0,34.2
2025-12-11 12:00:00,2025,12,11,12,Sơn La,Xã Gia Phù,21.1792752,104.5565002,86,Moderate,1,18.7,75,0.0,5.8,110,943.5,100,26.3,26.5,479.0,2.6,110.0,27.8
2025-12-11 13:00:00,2025,12,11,13,Sơn La,Xã Gia Phù,21.1792752,104.5565002,87,Moderate,1,18.5,75,0.0,3.6,135,942.6,100,20.9,21.1,449.0,2.8,106.0,22.5
2025-12-11 14:00:00,2025,12,11,14,Sơn La,Xã Gia Phù,21.1792752,104.5565002,88,Moderate,1,17.7,84,0.3,1.7,122,941.8,100,16.2,16.3,438.0,3.0,103.0,20.0
2025-12-11 15:00:00,2025,12,11,15,Sơn La,Xã Gia Phù,21.1792752,104.5565002,88,Moderate,1,17.9,83,0.3,2.3,90,941.1,100,16.2,16.4,446.0,3.4,99.0,18.5
2025-12-11 16:00:00,2025,12,11,16,Sơn La,Xã Gia Phù,21.1792752,104.5565002,89,Moderate,1,17.1,89,0.1,2.9,94,940.8,100,16.3,16.4,487.0,4.2,94.0,17.3
2025-12-11 17:00:00,2025,12,11,17,Sơn La,Xã Gia Phù,21.1792752,104.5565002,89,Moderate,1,16.9,91,0.1,1.5,97,940.8,79,17.1,17.1,591.0,5.8,85.0,16.3
2025-12-11 18:00:00,2025,12,11,18,Sơn La,Xã Gia Phù,21.1792752,104.5565002,89,Moderate,1,16.2,91,0.0,0.4,27,941.0,50,19.0,19.1,729.0,7.7,75.0,15.5
2025-12-11 19:00:00,2025,12,11,19,Sơn La,Xã Gia Phù,21.1792752,104.5565002,89,Moderate,1,17.1,88,0.0,0.7,284,941.9,100,21.1,21.2,822.0,9.1,68.0,13.8
2025-12-11 20:00:00,2025,12,11,20,Sơn La,Xã Gia Phù,21.1792752,104.5565002,89,Moderate,1,17.0,87,0.0,1.0,202,942.3,100,21.5,21.6,838.0,8.3,70.0,14.3
2025-12-11 21:00:00,2025,12,11,21,Sơn La,Xã Gia Phù,21.1792752,104.5565002,89,Moderate,1,16.8,85,0.1,0.2,270,942.4,100,22.2,22.3,811.0,7.2,73.0,14.8
2025-12-11 22:00:00,2025,12,11,22,Sơn La,Xã Gia Phù,21.1792752,104.5565002,88,Moderate,1,16.5,87,0.4,0.8,315,942.1,100,17.2,17.3,762.0,6.4,74.0,15.1
2025-12-11 23:00:00,2025,12,11,23,Sơn La,Xã Gia Phù,21.1792752,104.5565002,87,Moderate,1,16.3,86,0.0,1.9,299,941.6,60,10.9,11.0,687.0,6.0,72.0,14.7
2025-12-12 00:00:00,2025,12,12,0,Sơn La,Xã Gia Phù,21.1792752,104.5565002,85,Moderate,1,15.4,85,0.0,2.0,275,940.9,9,12.2,12.3,591.0,5.9,68.0,14.0
2025-12-12 01:00:00,2025,12,12,1,Sơn La,Xã Gia Phù,21.1792752,104.5565002,83,Moderate,1,15.2,86,0.0,1.8,264,940.9,20,11.2,11.3,508.0,5.9,64.0,13.3
2025-12-12 02:00:00,2025,12,12,2,Sơn La,Xã Gia Phù,21.1792752,104.5565002,80,Moderate,1,14.6,88,0.0,2.3,266,940.0,9,11.6,11.7,445.0,5.9,60.0,12.6
2025-12-12 03:00:00,2025,12,12,3,Sơn La,Xã Gia Phù,21.1792752,104.5565002,78,Moderate,1,14.6,88,0.0,2.3,266,939.5,55,10.4,10.5,396.0,6.0,56.0,11.9
2025-12-12 04:00:00,2025,12,12,4,Sơn La,Xã Gia Phù,21.1792752,104.5565002,75,Moderate,1,14.3,89,0.0,1.1,279,939.3,35,10.9,11.0,369.0,6.2,53.0,11.7
2025-12-12 05:00:00,2025,12,12,5,Sơn La,Xã Gia Phù,21.1792752,104.5565002,71,Moderate,1,14.3,90,0.9,0.5,315,939.2,92,12.6,12.6,383.0,6.8,53.0,12.6
2025-12-12 06:00:00,2025,12,12,6,Sơn La,Xã Gia Phù,21.1792752,104.5565002,69,Moderate,1,14.0,93,3.6,2.9,266,939.7,97,13.9,14.0,421.0,7.5,54.0,13.9
2025-12-12 07:00:00,2025,12,12,7,Sơn La,Xã Gia Phù,21.1792752,104.5565002,66,Moderate,1,14.6,93,4.6,3.1,263,940.3,89,2.6,2.6,440.0,5.6,52.0,8.0
2025-12-12 08:00:00,2025,12,12,8,Sơn La,Xã Gia Phù,21.1792752,104.5565002,63,Moderate,1,15.5,95,0.2,3.4,276,941.1,100,3.1,3.1,419.0,4.7,61.0,7.0
2025-12-12 09:00:00,2025,12,12,9,Sơn La,Xã Gia Phù,21.1792752,104.5565002,60,Moderate,1,15.8,97,0.4,4.2,258,941.8,100,4.7,4.8,379.0,3.5,73.0,5.7
2025-12-12 10:00:00,2025,12,12,10,Sơn La,Xã Gia Phù,21.1792752,104.5565002,57,Moderate,1,16.2,97,0.2,5.4,249,942.2,100,5.8,5.8,342.0,2.5,82.0,4.5
2025-12-12 11:00:00,2025,12,12,11,Sơn La,Xã Gia Phù,21.1792752,104.5565002,55,Moderate,1,17.4,89,0.0,7.3,247,941.7,63,6.1,6.1,314.0,1.9,87.0,3.7
2025-12-12 12:00:00,2025,12,12,12,Sơn La,Xã Gia Phù,21.1792752,104.5565002,54,Moderate,1,20.6,72,0.0,11.1,241,940.7,99,6.3,6.4,289.0,1.5,89.0,3.2
2025-12-12 13:00:00,2025,12,12,13,Sơn La,Xã Gia Phù,21.1792752,104.5565002,52,Moderate,1,19.1,80,0.2,9.3,233,939.8,70,6.3,6.3,269.0,1.3,89.0,2.8
2025-12-12 14:00:00,2025,12,12,14,Sơn La,Xã Gia Phù,21.1792752,104.5565002,51,Moderate,1,19.4,79,0.1,10.2,233,939.1,74,6.1,6.1,248.0,1.0,88.0,2.5
2025-12-12 15:00:00,2025,12,12,15,Sơn La,Xã Gia Phù,21.1792752,104.5565002,50,Good,0,19.4,81,0.1,9.0,223,938.7,9,6.0,6.0,233.0,0.9,85.0,2.3
2025-12-12 16:00:00,2025,12,12,16,Sơn La,Xã Gia Phù,21.1792752,104.5565002,48,Good,0,19.3,80,0.0,6.7,218,938.8,5,5.7,5.7,245.0,2.2,80.0,2.5
2025-12-12 17:00:00,2025,12,12,17,Sơn La,Xã Gia Phù,21.1792752,104.5565002,46,Good,0,17.9,88,0.0,2.3,209,938.8,10,5.7,5.7,307.0,6.0,71.0,3.4
2025-12-12 18:00:00,2025,12,12,18,Sơn La,Xã Gia Phù,21.1792752,104.5565002,44,Good,0,16.6,89,0.0,2.0,270,938.9,22,7.5,7.5,397.0,11.1,60.0,4.7
2025-12-12 19:00:00,2025,12,12,19,Sơn La,Xã Gia Phù,21.1792752,104.5565002,42,Good,0,17.4,86,0.0,3.1,267,939.7,63,8.3,8.3,469.0,15.7,48.0,5.8
2025-12-12 20:00:00,2025,12,12,20,Sơn La,Xã Gia Phù,21.1792752,104.5565002,40,Good,0,16.8,86,0.0,3.6,276,940.3,42,10.7,10.7,508.0,17.5,45.0,7.0
2025-12-12 21:00:00,2025,12,12,21,Sơn La,Xã Gia Phù,21.1792752,104.5565002,38,Good,0,16.6,84,0.0,4.1,299,940.4,18,12.4,12.4,531.0,19.9,40.0,8.6
2025-12-12 22:00:00,2025,12,12,22,Sơn La,Xã Gia Phù,21.1792752,104.5565002,36,Good,0,16.3,81,0.0,3.1,291,940.4,7,14.3,14.3,539.0,21.4,35.0,9.1
2025-12-12 23:00:00,2025,12,12,23,Sơn La,Xã Gia Phù,21.1792752,104.5565002,36,Good,0,16.1,81,0.0,1.0,301,940.6,17,18.1,18.1,530.0,21.3,30.0,7.6
2025-12-13 00:00:00,2025,12,13,0,Sơn La,Xã Gia Phù,21.1792752,104.5565002,37,Good,0,15.5,82,0.0,1.7,342,940.5,20,20.2,20.2,508.0,20.1,25.0,4.9
2025-12-13 01:00:00,2025,12,13,1,Sơn La,Xã Gia Phù,21.1792752,104.5565002,38,Good,0,15.9,82,0.0,1.4,310,940.6,25,17.3,17.3,482.0,18.2,22.0,2.8
2025-12-13 02:00:00,2025,12,13,2,Sơn La,Xã Gia Phù,21.1792752,104.5565002,39,Good,0,15.8,82,0.0,1.1,351,940.2,23,15.0,15.0,450.0,14.9,24.0,1.6
2025-12-13 03:00:00,2025,12,13,3,Sơn La,Xã Gia Phù,21.1792752,104.5565002,40,Good,0,15.6,83,0.0,1.0,31,940.2,23,11.5,11.5,415.0,10.8,28.0,0.9
2025-12-13 04:00:00,2025,12,13,4,Sơn La,Xã Gia Phù,21.1792752,104.5565002,40,Good,0,15.4,83,0.0,0.8,45,940.4,26,8.7,8.7,398.0,7.7,31.0,0.7
2025-12-13 05:00:00,2025,12,13,5,Sơn La,Xã Gia Phù,21.1792752,104.5565002,40,Good,0,15.2,85,0.0,0.6,342,940.6,49,7.9,7.9,415.0,6.7,29.0,0.6
2025-12-13 06:00:00,2025,12,13,6,Sơn La,Xã Gia Phù,21.1792752,104.5565002,39,Good,0,15.4,85,0.0,0.3,315,941.2,65,6.8,6.8,450.0,6.8,26.0,1.1
2025-12-13 07:00:00,2025,12,13,7,Sơn La,Xã Gia Phù,21.1792752,104.5565002,38,Good,0,15.0,88,0.0,1.3,45,942.1,60,9.3,9.3,470.0,6.1,33.0,1.4
2025-12-13 08:00:00,2025,12,13,8,Sơn La,Xã Gia Phù,21.1792752,104.5565002,39,Good,0,17.0,88,0.0,3.5,105,943.5,100,8.5,8.6,461.0,5.2,44.0,6.0
2025-12-13 09:00:00,2025,12,13,9,Sơn La,Xã Gia Phù,21.1792752,104.5565002,40,Good,0,18.9,84,0.1,6.5,109,944.6,100,9.0,9.0,437.0,3.9,59.0,12.3
2025-12-13 10:00:00,2025,12,13,10,Sơn La,Xã Gia Phù,21.1792752,104.5565002,41,Good,0,20.0,78,0.2,10.8,111,944.9,59,10.3,10.3,411.0,2.8,73.0,16.4
2025-12-13 11:00:00,2025,12,13,11,Sơn La,Xã Gia Phù,21.1792752,104.5565002,41,Good,0,21.6,69,0.0,12.8,94,944.8,65,11.1,11.1,375.0,2.0,84.0,16.3
2025-12-13 12:00:00,2025,12,13,12,Sơn La,Xã Gia Phù,21.1792752,104.5565002,42,Good,0,22.2,63,0.0,14.7,79,943.7,96,13.4,13.5,336.0,1.5,93.0,14.0
2025-12-13 13:00:00,2025,12,13,13,Sơn La,Xã Gia Phù,21.1792752,104.5565002,43,Good,0,22.5,59,0.0,17.0,73,943.1,75,15.1,15.2,331.0,1.2,100.0,12.2
2025-12-13 14:00:00,2025,12,13,14,Sơn La,Xã Gia Phù,21.1792752,104.5565002,45,Good,0,21.6,59,0.0,18.3,68,942.5,94,15.3,15.4,387.0,1.3,104.0,11.6
2025-12-13 15:00:00,2025,12,13,15,Sơn La,Xã Gia Phù,21.1792752,104.5565002,47,Good,0,20.4,62,0.0,20.6,68,942.5,96,14.4,14.5,477.0,1.8,105.0,11.5
2025-12-13 16:00:00,2025,12,13,16,Sơn La,Xã Gia Phù,21.1792752,104.5565002,48,Good,0,19.3,68,0.0,17.9,75,942.6,74,12.7,12.8,555.0,2.5,104.0,12.2
2025-12-13 17:00:00,2025,12,13,17,Sơn La,Xã Gia Phù,21.1792752,104.5565002,49,Good,0,18.4,72,0.0,14.7,84,943.2,100,12.2,12.2,606.0,3.6,101.0,14.4
2025-12-13 18:00:00,2025,12,13,18,Sơn La,Xã Gia Phù,21.1792752,104.5565002,50,Good,0,17.7,76,0.0,13.0,84,944.0,100,12.3,12.3,646.0,5.0,95.0,17.5
2025-12-13 19:00:00,2025,12,13,19,Sơn La,Xã Gia Phù,21.1792752,104.5565002,51,Moderate,1,16.8,86,0.0,12.7,77,945.1,86,20.3,20.3,678.0,6.3,71.0,19.8
2025-12-13 20:00:00,2025,12,13,20,Sơn La,Xã Gia Phù,21.1792752,104.5565002,52,Moderate,1,16.6,84,0.0,11.5,67,946.1,93,22.6,22.8,701.0,6.3,68.0,20.6
2025-12-13 21:00:00,2025,12,13,21,Sơn La,Xã Gia Phù,21.1792752,104.5565002,53,Moderate,1,16.4,83,0.0,11.4,67,946.7,100,24.1,24.2,716.0,6.3,65.0,21.7
2025-12-13 22:00:00,2025,12,13,22,Sơn La,Xã Gia Phù,21.1792752,104.5565002,54,Moderate,1,16.2,83,0.0,12.3,69,946.9,100,25.0,25.1,727.0,6.3,61.0,22.3
2025-12-13 23:00:00,2025,12,13,23,Sơn La,Xã Gia Phù,21.1792752,104.5565002,55,Moderate,1,15.8,84,0.0,11.8,70,946.6,87,25.6,25.7,735.0,6.5,57.0,21.8
2025-12-14 00:00:00,2025,12,14,0,Sơn La,Xã Gia Phù,21.1792752,104.5565002,55,Moderate,1,15.0,86,0.0,10.4,75,946.2,52,25.8,25.9,739.0,6.6,52.0,20.8
2025-12-14 01:00:00,2025,12,14,1,Sơn La,Xã Gia Phù,21.1792752,104.5565002,56,Moderate,1,15.1,86,0.0,10.7,73,945.7,38,25.8,26.0,736.0,6.7,49.0,20.0
2025-12-14 02:00:00,2025,12,14,2,Sơn La,Xã Gia Phù,21.1792752,104.5565002,57,Moderate,1,14.8,84,0.0,10.7,70,944.9,48,25.6,25.7,720.0,6.4,48.0,19.5
2025-12-14 03:00:00,2025,12,14,3,Sơn La,Xã Gia Phù,21.1792752,104.5565002,58,Moderate,1,14.1,85,0.0,9.9,71,944.8,90,25.1,25.3,697.0,6.0,47.0,19.2
2025-12-14 04:00:00,2025,12,14,4,Sơn La,Xã Gia Phù,21.1792752,104.5565002,59,Moderate,1,13.9,78,0.0,10.3,71,944.5,71,24.9,25.0,682.0,5.8,47.0,19.1
2025-12-14 05:00:00,2025,12,14,5,Sơn La,Xã Gia Phù,21.1792752,104.5565002,60,Moderate,1,13.4,70,0.0,11.8,67,944.8,45,24.5,24.6,690.0,6.0,45.0,19.3
2025-12-14 06:00:00,2025,12,14,6,Sơn La,Xã Gia Phù,21.1792752,104.5565002,62,Moderate,1,12.5,67,0.0,10.0,64,945.3,39,24.3,24.3,707.0,6.4,44.0,19.8
2025-12-14 07:00:00,2025,12,14,7,Sơn La,Xã Gia Phù,21.1792752,104.5565002,63,Moderate,1,13.0,74,0.0,7.0,69,945.9,100,12.5,12.5,704.0,7.8,47.0,21.1
2025-12-14 08:00:00,2025,12,14,8,Sơn La,Xã Gia Phù,21.1792752,104.5565002,64,Moderate,1,14.3,66,0.0,9.8,82,946.9,100,9.4,9.5,667.0,6.5,56.0,20.9
2025-12-14 09:00:00,2025,12,14,9,Sơn La,Xã Gia Phù,21.1792752,104.5565002,64,Moderate,1,15.2,62,0.0,12.8,84,948.0,100,8.7,8.7,610.0,4.7,69.0,20.6
2025-12-14 10:00:00,2025,12,14,10,Sơn La,Xã Gia Phù,21.1792752,104.5565002,64,Moderate,1,15.4,60,0.0,13.7,87,948.1,100,9.6,9.7,552.0,3.2,81.0,20.0
2025-12-14 11:00:00,2025,12,14,11,Sơn La,Xã Gia Phù,21.1792752,104.5565002,64,Moderate,1,15.7,58,0.0,14.0,89,947.7,100,10.9,11.1,493.0,2.4,91.0,18.9
2025-12-14 12:00:00,2025,12,14,12,Sơn La,Xã Gia Phù,21.1792752,104.5565002,63,Moderate,1,15.9,56,0.0,13.5,89,946.5,100,12.1,12.4,432.0,1.9,100.0,17.5
2025-12-14 13:00:00,2025,12,14,13,Sơn La,Xã Gia Phù,21.1792752,104.5565002,63,Moderate,1,17.0,52,0.0,13.3,92,945.4,88,13.4,13.7,386.0,1.6,106.0,16.2
2025-12-14 14:00:00,2025,12,14,14,Sơn La,Xã Gia Phù,21.1792752,104.5565002,63,Moderate,1,16.9,51,0.0,13.3,88,944.3,88,13.8,14.2,354.0,1.3,109.0,15.2
2025-12-14 15:00:00,2025,12,14,15,Sơn La,Xã Gia Phù,21.1792752,104.5565002,63,Moderate,1,16.7,52,0.0,12.1,85,943.8,64,13.8,14.4,335.0,1.2,110.0,14.3
2025-12-14 16:00:00,2025,12,14,16,Sơn La,Xã Gia Phù,21.1792752,104.5565002,63,Moderate,1,16.1,54,0.0,11.1,81,943.4,41,13.9,14.6,348.0,1.7,107.0,13.5
2025-12-14 17:00:00,2025,12,14,17,Sơn La,Xã Gia Phù,21.1792752,104.5565002,63,Moderate,1,14.7,60,0.0,7.1,66,943.2,32,14.3,15.0,415.0,3.5,98.0,12.7
2025-12-14 18:00:00,2025,12,14,18,Sơn La,Xã Gia Phù,21.1792752,104.5565002,63,Moderate,1,13.1,66,0.0,6.0,29,942.9,23,16.2,16.9,514.0,6.0,86.0,12.1
2025-12-14 19:00:00,2025,12,14,19,Sơn La,Xã Gia Phù,21.1792752,104.5565002,64,Moderate,1,12.6,71,0.0,4.1,13,942.9,20,22.6,23.6,587.0,6.5,74.0,13.2
2025-12-14 20:00:00,2025,12,14,20,Sơn La,Xã Gia Phù,21.1792752,104.5565002,64,Moderate,1,12.7,70,0.0,3.6,20,943.5,18,23.7,24.7,615.0,7.0,71.0,13.2
2025-12-14 21:00:00,2025,12,14,21,Sơn La,Xã Gia Phù,21.1792752,104.5565002,64,Moderate,1,12.4,71,0.0,3.6,33,944.0,38,24.4,25.5,618.0,7.8,67.0,13.4
2025-12-14 22:00:00,2025,12,14,22,Sơn La,Xã Gia Phù,21.1792752,104.5565002,64,Moderate,1,12.2,69,0.0,4.2,31,943.9,38,25.1,26.3,604.0,8.4,64.0,13.7
2025-12-14 23:00:00,2025,12,14,23,Sơn La,Xã Gia Phù,21.1792752,104.5565002,64,Moderate,1,11.9,70,0.0,4.0,36,943.6,18,27.0,28.2,566.0,8.7,64.0,14.5
2025-12-15 00:00:00,2025,12,15,0,Sơn La,Xã Gia Phù,21.1792752,104.5565002,64,Moderate,1,11.6,71,0.0,3.9,37,943.5,12,28.6,29.9,511.0,8.9,66.0,15.6
2025-12-15 01:00:00,2025,12,15,1,Sơn La,Xã Gia Phù,21.1792752,104.5565002,64,Moderate,1,11.5,73,0.0,2.3,32,943.2,13,30.4,31.8,467.0,9.2,67.0,16.4
2025-12-15 02:00:00,2025,12,15,2,Sơn La,Xã Gia Phù,21.1792752,104.5565002,65,Moderate,1,11.7,73,0.0,1.6,27,942.9,16,31.9,33.3,439.0,9.8,65.0,16.7
2025-12-15 03:00:00,2025,12,15,3,Sơn La,Xã Gia Phù,21.1792752,104.5565002,65,Moderate,1,11.3,75,0.0,1.9,22,942.5,11,32.9,34.5,421.0,10.5,62.0,16.8
2025-12-15 04:00:00,2025,12,15,4,Sơn La,Xã Gia Phù,21.1792752,104.5565002,66,Moderate,1,11.0,76,0.0,1.9,17,942.3,9,33.8,35.3,430.0,11.0,59.0,16.6
2025-12-15 05:00:00,2025,12,15,5,Sơn La,Xã Gia Phù,21.1792752,104.5565002,67,Moderate,1,10.7,77,0.0,1.5,14,942.3,11,34.8,36.3,492.0,11.6,55.0,16.0
2025-12-15 06:00:00,2025,12,15,6,Sơn La,Xã Gia Phù,21.1792752,104.5565002,68,Moderate,1,10.4,79,0.0,1.9,17,942.6,15,36.2,37.7,580.0,12.1,50.0,15.1
2025-12-15 07:00:00,2025,12,15,7,Sơn La,Xã Gia Phù,21.1792752,104.5565002,69,Moderate,1,10.7,81,0.0,1.4,23,943.1,8,26.5,27.0,629.0,11.9,34.0,9.3
2025-12-15 08:00:00,2025,12,15,8,Sơn La,Xã Gia Phù,21.1792752,104.5565002,70,Moderate,1,13.2,74,0.0,3.1,77,944.6,5,16.8,17.3,601.0,8.8,56.0,11.9
2025-12-15 09:00:00,2025,12,15,9,Sơn La,Xã Gia Phù,21.1792752,104.5565002,71,Moderate,1,14.5,70,0.0,3.8,115,945.3,5,11.1,11.6,534.0,4.6,87.0,15.3
2025-12-15 10:00:00,2025,12,15,10,Sơn La,Xã Gia Phù,21.1792752,104.5565002,71,Moderate,1,15.7,67,0.0,4.9,126,945.5,5,11.1,11.5,477.0,1.5,110.0,17.4
2025-12-15 11:00:00,2025,12,15,11,Sơn La,Xã Gia Phù,21.1792752,104.5565002,71,Moderate,1,16.7,64,0.0,5.5,139,944.6,1,10.7,11.1,448.0,0.6,118.0,16.8
2025-12-15 12:00:00,2025,12,15,12,Sơn La,Xã Gia Phù,21.1792752,104.5565002,71,Moderate,1,17.4,63,0.0,4.9,152,943.4,2,10.4,10.7,428.0,0.7,117.0,14.8
2025-12-15 13:00:00,2025,12,15,13,Sơn La,Xã Gia Phù,21.1792752,104.5565002,71,Moderate,1,18.3,61,0.0,3.1,152,942.2,2,10.4,10.7,416.0,1.0,115.0,12.8
2025-12-15 14:00:00,2025,12,15,14,Sơn La,Xã Gia Phù,21.1792752,104.5565002,71,Moderate,1,18.9,62,0.0,5.2,155,941.1,3,9.3,9.5,400.0,0.7,113.0,10.9
2025-12-15 15:00:00,2025,12,15,15,Sơn La,Xã Gia Phù,21.1792752,104.5565002,70,Moderate,1,19.2,62,0.0,3.6,162,940.6,1,8.8,9.1,391.0,0.4,109.0,8.9
2025-12-15 16:00:00,2025,12,15,16,Sơn La,Xã Gia Phù,21.1792752,104.5565002,70,Moderate,1,19.1,63,0.0,3.2,153,940.3,7,8.6,8.8,419.0,1.2,104.0,7.7
2025-12-15 17:00:00,2025,12,15,17,Sơn La,Xã Gia Phù,21.1792752,104.5565002,69,Moderate,1,17.4,75,0.0,1.0,68,940.0,6,10.5,10.7,521.0,3.9,95.0,7.8
2025-12-15 18:00:00,2025,12,15,18,Sơn La,Xã Gia Phù,21.1792752,104.5565002,69,Moderate,1,15.2,81,0.0,3.8,5,940.1,8,13.6,13.8,661.0,7.6,85.0,8.7
2025-12-15 19:00:00,2025,12,15,19,Sơn La,Xã Gia Phù,21.1792752,104.5565002,69,Moderate,1,14.8,82,0.0,2.2,5,940.5,1,22.6,23.2,760.0,15.6,69.0,10.6
2025-12-15 20:00:00,2025,12,15,20,Sơn La,Xã Gia Phù,21.1792752,104.5565002,69,Moderate,1,14.4,84,0.0,2.7,37,941.0,0,25.1,25.6,785.0,15.1,68.0,11.8
2025-12-15 21:00:00,2025,12,15,21,Sơn La,Xã Gia Phù,21.1792752,104.5565002,69,Moderate,1,13.6,86,0.0,2.7,28,941.4,0,27.5,28.0,769.0,14.4,68.0,13.5
2025-12-15 22:00:00,2025,12,15,22,Sơn La,Xã Gia Phù,21.1792752,104.5565002,69,Moderate,1,13.0,86,0.0,2.1,20,941.4,0,30.9,31.3,740.0,13.7,67.0,15.2
2025-12-15 23:00:00,2025,12,15,23,Sơn La,Xã Gia Phù,21.1792752,104.5565002,70,Moderate,1,12.6,86,0.0,2.0,27,941.4,0,33.8,34.2,698.0,13.0,67.0,16.6
2025-12-16 00:00:00,2025,12,16,0,Sơn La,Xã Gia Phù,21.1792752,104.5565002,70,Moderate,1,12.0,87,0.0,3.0,33,941.2,3,36.3,36.8,641.0,12.3,67.0,18.0
2025-12-16 01:00:00,2025,12,16,1,Sơn La,Xã Gia Phù,21.1792752,104.5565002,71,Moderate,1,11.5,88,0.0,2.2,35,941.0,27,39.6,39.9,595.0,11.4,67.0,19.4
2025-12-16 02:00:00,2025,12,16,2,Sơn La,Xã Gia Phù,21.1792752,104.5565002,72,Moderate,1,11.3,91,0.0,3.8,45,940.9,41,43.0,43.4,563.0,9.9,69.0,20.9
2025-12-16 03:00:00,2025,12,16,3,Sơn La,Xã Gia Phù,21.1792752,104.5565002,73,Moderate,1,11.1,92,0.0,3.3,41,940.7,100,46.8,47.3,540.0,8.2,71.0,22.5
2025-12-16 04:00:00,2025,12,16,4,Sơn La,Xã Gia Phù,21.1792752,104.5565002,74,Moderate,1,11.3,92,0.0,2.0,45,940.7,100,44.4,44.8,538.0,6.9,71.0,23.4
2025-12-16 05:00:00,2025,12,16,5,Sơn La,Xã Gia Phù,21.1792752,104.5565002,75,Moderate,1,11.1,93,0.0,1.9,29,940.8,98,42.7,43.1,577.0,6.2,66.0,23.0
2025-12-16 06:00:00,2025,12,16,6,Sơn La,Xã Gia Phù,21.1792752,104.5565002,76,Moderate,1,11.0,93,0.0,1.3,16,941.1,59,42.0,42.3,635.0,5.9,59.0,22.0
2025-12-16 07:00:00,2025,12,16,7,Sơn La,Xã Gia Phù,21.1792752,104.5565002,76,Moderate,1,11.4,93,0.0,1.5,60,941.8,100,27.4,27.6,665.0,4.6,64.0,21.5
2025-12-16 08:00:00,2025,12,16,8,Sơn La,Xã Gia Phù,21.1792752,104.5565002,76,Moderate,1,13.3,90,0.0,4.5,92,942.9,100,25.0,25.3,637.0,4.7,68.0,21.8
2025-12-16 09:00:00,2025,12,16,9,Sơn La,Xã Gia Phù,21.1792752,104.5565002,77,Moderate,1,14.2,87,0.0,4.7,106,943.8,100,23.3,23.6,579.0,4.7,75.0,22.2
2025-12-16 10:00:00,2025,12,16,10,Sơn La,Xã Gia Phù,21.1792752,104.5565002,78,Moderate,1,15.0,84,0.0,5.2,115,943.8,100,23.7,24.0,527.0,4.6,81.0,21.5
2025-12-16 11:00:00,2025,12,16,11,Sơn La,Xã Gia Phù,21.1792752,104.5565002,79,Moderate,1,16.0,80,0.0,5.3,128,943.3,100,24.2,24.5,491.0,4.1,88.0,19.0
2025-12-16 12:00:00,2025,12,16,12,Sơn La,Xã Gia Phù,21.1792752,104.5565002,80,Moderate,1,17.1,76,0.0,6.5,136,942.4,100,24.2,24.4,460.0,3.3,94.0,15.6
2025-12-16 13:00:00,2025,12,16,13,Sơn La,Xã Gia Phù,21.1792752,104.5565002,82,Moderate,1,17.5,74,0.0,6.5,150,941.5,59,23.5,23.7,438.0,2.8,98.0,12.7
2025-12-16 14:00:00,2025,12,16,14,Sơn La,Xã Gia Phù,21.1792752,104.5565002,83,Moderate,1,17.6,74,0.0,6.0,155,941.1,57,23.7,23.9,424.0,2.5,99.0,10.8
2025-12-16 15:00:00,2025,12,16,15,Sơn La,Xã Gia Phù,21.1792752,104.5565002,84,Moderate,1,17.7,74,0.0,4.6,121,940.6,28,24.0,24.2,419.0,2.5,97.0,9.6
2025-12-16 16:00:00,2025,12,16,16,Sơn La,Xã Gia Phù,21.1792752,104.5565002,85,Moderate,1,17.9,73,0.0,5.6,96,940.4,32,24.5,24.7,430.0,3.2,92.0,9.2
2025-12-16 17:00:00,2025,12,16,17,Sơn La,Xã Gia Phù,21.1792752,104.5565002,87,Moderate,1,16.3,83,0.0,4.6,72,940.5,33,25.8,26.0,472.0,5.3,84.0,10.1
2025-12-16 18:00:00,2025,12,16,18,Sơn La,Xã Gia Phù,21.1792752,104.5565002,88,Moderate,1,14.6,89,0.0,7.5,37,940.8,49,28.9,29.0,530.0,8.3,73.0,11.8
2025-12-16 19:00:00,2025,12,16,19,Sơn La,Xã Gia Phù,21.1792752,104.5565002,89,Moderate,1,14.4,91,0.0,5.5,36,941.9,100,37.1,37.5,572.0,11.2,61.0,12.4
2025-12-16 20:00:00,2025,12,16,20,Sơn La,Xã Gia Phù,21.1792752,104.5565002,91,Moderate,1,14.9,88,0.0,7.5,40,942.8,100,41.9,42.4,583.0,12.6,55.0,14.0
2025-12-16 21:00:00,2025,12,16,21,Sơn La,Xã Gia Phù,21.1792752,104.5565002,92,Moderate,1,14.6,90,0.0,6.3,35,943.4,100,45.1,45.4,577.0,14.5,47.0,16.4
2025-12-16 22:00:00,2025,12,16,22,Sơn La,Xã Gia Phù,21.1792752,104.5565002,94,Moderate,1,14.6,90,0.0,4.8,34,944.0,100,47.5,47.8,571.0,15.5,42.0,19.4
2025-12-16 23:00:00,2025,12,16,23,Sơn La,Xã Gia Phù,21.1792752,104.5565002,95,Moderate,1,15.0,89,0.0,4.5,50,943.9,100,48.5,49.0,569.0,15.0,41.0,23.6
2025-12-17 00:00:00,2025,12,17,0,Sơn La,Xã Gia Phù,21.1792752,104.5565002,97,Moderate,1,15.1,89,0.0,4.1,61,944.0,100,48.0,48.4,565.0,13.7,43.0,28.4
2025-12-17 01:00:00,2025,12,17,1,Sơn La,Xã Gia Phù,21.1792752,104.5565002,98,Moderate,1,14.6,91,0.0,3.3,77,944.1,100,45.8,46.2,560.0,12.1,46.0,31.4
2025-12-17 02:00:00,2025,12,17,2,Sơn La,Xã Gia Phù,21.1792752,104.5565002,98,Moderate,1,14.6,92,0.0,3.6,72,943.9,100,41.2,41.7,548.0,10.2,50.0,31.4
2025-12-17 03:00:00,2025,12,17,3,Sơn La,Xã Gia Phù,21.1792752,104.5565002,98,Moderate,1,14.9,90,0.0,3.9,74,943.7,100,38.4,38.9,534.0,7.9,54.0,29.6
2025-12-17 04:00:00,2025,12,17,4,Sơn La,Xã Gia Phù,21.1792752,104.5565002,97,Moderate,1,14.9,91,0.0,4.2,83,943.6,94,35.5,35.9,535.0,6.1,58.0,27.2
2025-12-17 05:00:00,2025,12,17,5,Sơn La,Xã Gia Phù,21.1792752,104.5565002,96,Moderate,1,14.5,93,0.0,3.4,87,943.7,100,32.8,33.3,573.0,5.0,61.0,24.5
2025-12-17 06:00:00,2025,12,17,6,Sơn La,Xã Gia Phù,21.1792752,104.5565002,96,Moderate,1,14.1,95,0.0,3.5,75,944.1,100,31.9,32.2,625.0,4.4,63.0,21.3
2025-12-17 07:00:00,2025,12,17,7,Sơn La,Xã Gia Phù,21.1792752,104.5565002,95,Moderate,1,14.7,95,0.0,3.5,66,944.9,75,31.4,31.8,642.0,5.6,54.0,25.6
2025-12-17 08:00:00,2025,12,17,8,Sơn La,Xã Gia Phù,21.1792752,104.5565002,95,Moderate,1,16.0,87,0.0,5.8,74,945.7,50,29.3,29.7,590.0,4.8,59.0,21.9
2025-12-17 09:00:00,2025,12,17,9,Sơn La,Xã Gia Phù,21.1792752,104.5565002,95,Moderate,1,17.2,80,0.0,9.5,80,946.6,73,28.7,29.1,503.0,3.7,66.0,16.6
2025-12-17 10:00:00,2025,12,17,10,Sơn La,Xã Gia Phù,21.1792752,104.5565002,96,Moderate,1,18.1,75,0.0,11.6,83,947.0,98,28.5,28.9,431.0,2.8,72.0,12.0
2025-12-17 11:00:00,2025,12,17,11,Sơn La,Xã Gia Phù,21.1792752,104.5565002,96,Moderate,1,18.5,72,0.0,12.5,83,946.1,96,27.6,28.0,392.0,2.1,77.0,8.7
2025-12-17 12:00:00,2025,12,17,12,Sơn La,Xã Gia Phù,21.1792752,104.5565002,97,Moderate,1,19.1,70,0.0,14.1,86,945.2,77,26.4,26.7,368.0,1.6,82.0,6.1
2025-12-17 13:00:00,2025,12,17,13,Sơn La,Xã Gia Phù,21.1792752,104.5565002,97,Moderate,1,19.9,64,0.0,11.0,96,944.4,17,23.3,23.5,354.0,1.3,85.0,4.3
2025-12-17 14:00:00,2025,12,17,14,Sơn La,Xã Gia Phù,21.1792752,104.5565002,97,Moderate,1,19.9,64,0.0,12.4,92,943.4,22,20.5,20.7,345.0,1.2,88.0,3.4
2025-12-17 15:00:00,2025,12,17,15,Sơn La,Xã Gia Phù,21.1792752,104.5565002,97,Moderate,1,19.6,66,0.0,13.0,91,943.2,24,17.9,18.1,346.0,1.3,90.0,3.4
2025-12-17 16:00:00,2025,12,17,16,Sơn La,Xã Gia Phù,21.1792752,104.5565002,96,Moderate,1,18.9,69,0.0,12.7,84,943.1,24,16.6,16.6,366.0,2.1,88.0,3.7
2025-12-17 17:00:00,2025,12,17,17,Sơn La,Xã Gia Phù,21.1792752,104.5565002,95,Moderate,1,17.7,75,0.0,9.5,71,943.3,23,15.9,16.0,426.0,4.3,79.0,4.3
2025-12-17 18:00:00,2025,12,17,18,Sơn La,Xã Gia Phù,21.1792752,104.5565002,94,Moderate,1,15.9,83,0.0,7.1,49,943.6,25,17.5,17.5,505.0,7.1,67.0,5.4
2025-12-17 19:00:00,2025,12,17,19,Sơn La,Xã Gia Phù,21.1792752,104.5565002,93,Moderate,1,15.3,87,0.0,3.1,36,944.4,42,22.6,22.7,548.0,8.4,60.0,9.6
2025-12-17 20:00:00,2025,12,17,20,Sơn La,Xã Gia Phù,21.1792752,104.5565002,92,Moderate,1,15.2,88,0.0,5.0,46,944.8,56,19.8,19.9,519.0,8.0,62.0,11.2
2025-12-17 21:00:00,2025,12,17,21,Sơn La,Xã Gia Phù,21.1792752,104.5565002,90,Moderate,1,14.8,89,0.1,6.4,43,945.1,34,14.8,14.8,453.0,7.4,64.0,13.3
2025-12-17 22:00:00,2025,12,17,22,Sơn La,Xã Gia Phù,21.1792752,104.5565002,87,Moderate,1,14.1,91,0.0,6.1,45,945.0,59,13.6,13.6,402.0,6.7,67.0,14.7
2025-12-17 23:00:00,2025,12,17,23,Sơn La,Xã Gia Phù,21.1792752,104.5565002,84,Moderate,1,14.1,92,0.0,4.7,47,945.3,94,9.3,9.3,386.0,5.6,71.0,14.7
2025-12-18 00:00:00,2025,12,18,0,Sơn La,Xã Gia Phù,21.1792752,104.5565002,81,Moderate,1,14.6,90,0.1,6.0,53,945.3,100,7.9,7.9,383.0,4.4,75.0,13.9
2025-12-18 01:00:00,2025,12,18,1,Sơn La,Xã Gia Phù,21.1792752,104.5565002,77,Moderate,1,13.9,96,0.0,5.6,45,944.6,45,8.3,8.4,383.0,3.5,77.0,13.2
2025-12-18 02:00:00,2025,12,18,2,Sơn La,Xã Gia Phù,21.1792752,104.5565002,74,Moderate,1,14.0,96,0.0,5.0,52,944.3,89,8.1,8.1,378.0,3.2,75.0,12.6
2025-12-18 03:00:00,2025,12,18,3,Sơn La,Xã Gia Phù,21.1792752,104.5565002,71,Moderate,1,13.9,96,0.0,5.4,48,944.0,100,5.2,5.2,375.0,3.1,71.0,12.0
2025-12-18 04:00:00,2025,12,18,4,Sơn La,Xã Gia Phù,21.1792752,104.5565002,68,Moderate,1,14.5,90,0.0,6.0,53,943.8,100,7.2,7.2,382.0,3.2,68.0,11.7
2025-12-18 05:00:00,2025,12,18,5,Sơn La,Xã Gia Phù,21.1792752,104.5565002,66,Moderate,1,14.3,92,0.0,4.8,68,943.9,100,8.0,8.0,409.0,3.4,67.0,12.2
2025-12-18 06:00:00,2025,12,18,6,Sơn La,Xã Gia Phù,21.1792752,104.5565002,64,Moderate,1,14.4,92,0.0,4.5,76,944.3,100,8.2,8.2,445.0,3.8,67.0,13.2
2025-12-18 07:00:00,2025,12,18,7,Sơn La,Xã Gia Phù,21.1792752,104.5565002,61,Moderate,1,14.5,92,0.0,3.2,43,944.6,39,14.5,14.5,466.0,4.2,78.0,19.2
2025-12-18 08:00:00,2025,12,18,8,Sơn La,Xã Gia Phù,21.1792752,104.5565002,60,Moderate,1,15.8,88,0.0,5.1,58,945.3,30,16.1,16.2,459.0,3.6,81.0,17.8
2025-12-18 09:00:00,2025,12,18,9,Sơn La,Xã Gia Phù,21.1792752,104.5565002,59,Moderate,1,16.9,80,0.0,6.1,78,945.7,27,17.9,18.0,436.0,2.8,85.0,15.8
2025-12-18 10:00:00,2025,12,18,10,Sơn La,Xã Gia Phù,21.1792752,104.5565002,58,Moderate,1,18.2,71,0.0,5.7,99,946.0,30,17.3,17.3,409.0,2.1,89.0,13.6
2025-12-18 11:00:00,2025,12,18,11,Sơn La,Xã Gia Phù,21.1792752,104.5565002,57,Moderate,1,19.0,67,0.0,6.6,127,945.3,43,16.2,16.3,379.0,1.6,92.0,11.0
2025-12-18 12:00:00,2025,12,18,12,Sơn La,Xã Gia Phù,21.1792752,104.5565002,56,Moderate,1,19.6,66,0.0,5.8,112,943.9,26,16.0,16.1,346.0,1.3,95.0,8.1
2025-12-18 13:00:00,2025,12,18,13,Sơn La,Xã Gia Phù,21.1792752,104.5565002,55,Moderate,1,20.5,63,0.0,3.9,127,943.0,30,15.5,15.6,321.0,1.1,97.0,5.9
2025-12-18 14:00:00,2025,12,18,14,Sơn La,Xã Gia Phù,21.1792752,104.5565002,54,Moderate,1,20.5,62,0.0,6.6,125,941.8,34,15.0,15.0,299.0,0.7,99.0,4.6
2025-12-18 15:00:00,2025,12,18,15,Sơn La,Xã Gia Phù,21.1792752,104.5565002,54,Moderate,1,20.4,60,0.0,6.5,120,941.2,49,14.8,14.9,284.0,0.4,100.0,3.8
2025-12-18 16:00:00,2025,12,18,16,Sơn La,Xã Gia Phù,21.1792752,104.5565002,53,Moderate,1,19.8,62,0.0,6.6,111,940.7,30,14.8,14.8,305.0,1.3,98.0,3.7
2025-12-18 17:00:00,2025,12,18,17,Sơn La,Xã Gia Phù,21.1792752,104.5565002,53,Moderate,1,18.3,73,0.0,3.4,93,940.5,36,15.8,15.9,388.0,4.6,90.0,4.4
2025-12-18 18:00:00,2025,12,18,18,Sơn La,Xã Gia Phù,21.1792752,104.5565002,53,Moderate,1,17.0,75,0.1,1.9,34,940.3,29,20.0,20.1,507.0,9.2,78.0,5.7
2025-12-18 19:00:00,2025,12,18,19,Sơn La,Xã Gia Phù,21.1792752,104.5565002,53,Moderate,1,16.8,77,0.0,0.5,360,940.9,24,27.7,28.1,608.0,10.8,69.0,7.3
2025-12-18 20:00:00,2025,12,18,20,Sơn La,Xã Gia Phù,21.1792752,104.5565002,54,Moderate,1,16.1,80,0.0,0.7,14,941.1,15,30.7,31.1,677.0,11.5,68.0,8.2
2025-12-18 21:00:00,2025,12,18,21,Sơn La,Xã Gia Phù,21.1792752,104.5565002,55,Moderate,1,15.3,82,0.0,0.9,360,941.2,27,32.8,33.2,728.0,12.6,66.0,9.3
2025-12-18 22:00:00,2025,12,18,22,Sơn La,Xã Gia Phù,21.1792752,104.5565002,56,Moderate,1,14.5,85,0.0,1.8,336,941.1,36,36.3,36.8,746.0,13.6,64.0,10.3
2025-12-18 23:00:00,2025,12,18,23,Sơn La,Xã Gia Phù,21.1792752,104.5565002,58,Moderate,1,13.7,85,0.0,2.7,328,941.0,46,39.3,39.8,716.0,14.7,62.0,11.0
2025-12-19 00:00:00,2025,12,19,0,Sơn La,Xã Gia Phù,21.1792752,104.5565002,61,Moderate,1,13.2,86,0.0,3.1,324,940.4,48,40.9,41.3,654.0,15.8,60.0,11.5
2025-12-19 01:00:00,2025,12,19,1,Sơn La,Xã Gia Phù,21.1792752,104.5565002,64,Moderate,1,13.3,85,0.0,2.1,322,940.2,45,41.8,42.0,594.0,16.3,57.0,11.2
2025-12-19 02:00:00,2025,12,19,2,Sơn La,Xã Gia Phù,21.1792752,104.5565002,67,Moderate,1,13.2,86,0.0,2.1,290,939.8,4,44.9,45.3,539.0,15.8,54.0,9.5
2025-12-19 03:00:00,2025,12,19,3,Sơn La,Xã Gia Phù,21.1792752,104.5565002,70,Moderate,1,12.6,88,0.0,2.2,284,939.4,1,50.5,50.9,485.0,14.6,51.0,7.0
2025-12-19 04:00:00,2025,12,19,4,Sơn La,Xã Gia Phù,21.1792752,104.5565002,74,Moderate,1,12.2,88,0.0,2.2,294,939.0,0,51.1,51.3,458.0,13.6,46.0,5.0
2025-12-19 05:00:00,2025,12,19,5,Sơn La,Xã Gia Phù,21.1792752,104.5565002,78,Moderate,1,12.3,87,0.0,1.4,293,939.1,1,49.4,49.6,487.0,13.3,34.0,3.7
2025-12-19 06:00:00,2025,12,19,6,Sơn La,Xã Gia Phù,21.1792752,104.5565002,82,Moderate,1,12.0,88,0.0,1.2,297,939.2,2,48.3,48.5,543.0,13.0,21.0,2.8
2025-12-19 07:00:00,2025,12,19,7,Sơn La,Xã Gia Phù,21.1792752,104.5565002,85,Moderate,1,12.4,86,0.0,2.2,294,940.0,1,37.7,37.8,561.0,12.1,18.0,2.7
2025-12-19 08:00:00,2025,12,19,8,Sơn La,Xã Gia Phù,21.1792752,104.5565002,87,Moderate,1,14.8,80,0.0,4.0,252,941.2,0,28.2,28.3,499.0,9.3,41.0,4.3
2025-12-19 09:00:00,2025,12,19,9,Sơn La,Xã Gia Phù,21.1792752,104.5565002,89,Moderate,1,16.4,78,0.0,5.2,226,941.7,1,25.1,25.2,398.0,5.4,73.0,6.4
2025-12-19 10:00:00,2025,12,19,10,Sơn La,Xã Gia Phù,21.1792752,104.5565002,89,Moderate,1,18.3,71,0.0,6.8,215,941.8,0,19.1,19.2,318.0,2.4,97.0,7.5
2025-12-19 11:00:00,2025,12,19,11,Sơn La,Xã Gia Phù,21.1792752,104.5565002,89,Moderate,1,20.1,65,0.0,9.2,215,941.3,0,12.6,12.6,283.0,1.2,104.0,6.7
2025-12-19 12:00:00,2025,12,19,12,Sơn La,Xã Gia Phù,21.1792752,104.5565002,89,Moderate,1,21.6,58,0.0,10.4,222,940.0,1,9.0,9.1,268.0,0.9,102.0,4.8
2025-12-19 13:00:00,2025,12,19,13,Sơn La,Xã Gia Phù,21.1792752,104.5565002,88,Moderate,1,22.7,51,0.0,12.4,239,938.7,2,7.0,7.1,258.0,0.8,99.0,3.2
2025-12-19 14:00:00,2025,12,19,14,Sơn La,Xã Gia Phù,21.1792752,104.5565002,88,Moderate,1,22.9,49,0.0,14.1,245,937.8,1,6.1,6.3,232.0,0.0,99.0,2.1
2025-12-19 15:00:00,2025,12,19,15,Sơn La,Xã Gia Phù,21.1792752,104.5565002,87,Moderate,1,22.5,51,0.0,13.5,240,937.1,0,5.4,5.6,211.0,0.0,98.0,1.3
2025-12-19 16:00:00,2025,12,19,16,Sơn La,Xã Gia Phù,21.1792752,104.5565002,86,Moderate,1,21.5,55,0.0,8.1,233,936.7,1,4.4,4.6,236.0,0.8,94.0,1.3
2025-12-19 17:00:00,2025,12,19,17,Sơn La,Xã Gia Phù,21.1792752,104.5565002,85,Moderate,1,19.6,67,0.0,0.2,180,936.5,1,5.2,5.4,351.0,5.6,85.0,2.4
2025-12-19 18:00:00,2025,12,19,18,Sơn La,Xã Gia Phù,21.1792752,104.5565002,84,Moderate,1,16.6,78,0.0,4.0,30,936.4,1,7.8,7.9,512.0,12.4,72.0,4.3
2025-12-19 19:00:00,2025,12,19,19,Sơn La,Xã Gia Phù,21.1792752,104.5565002,83,Moderate,1,15.8,82,0.0,4.6,13,936.8,37,17.2,17.6,633.0,19.2,60.0,7.3
2025-12-19 20:00:00,2025,12,19,20,Sơn La,Xã Gia Phù,21.1792752,104.5565002,82,Moderate,1,15.5,88,0.0,4.1,15,937.7,59,21.2,21.6,675.0,21.5,55.0,9.5
2025-12-19 21:00:00,2025,12,19,21,Sơn La,Xã Gia Phù,21.1792752,104.5565002,81,Moderate,1,14.7,88,0.0,2.7,356,938.1,64,26.4,26.7,677.0,24.6,47.0,12.6
2025-12-19 22:00:00,2025,12,19,22,Sơn La,Xã Gia Phù,21.1792752,104.5565002,81,Moderate,1,13.9,86,0.0,3.4,344,938.1,45,30.6,31.0,662.0,26.7,42.0,15.1
2025-12-19 23:00:00,2025,12,19,23,Sơn La,Xã Gia Phù,21.1792752,104.5565002,80,Moderate,1,13.4,85,0.0,2.8,342,938.2,20,33.6,34.0,634.0,26.9,40.0,16.5
2025-12-20 00:00:00,2025,12,20,0,Sơn La,Xã Gia Phù,21.1792752,104.5565002,80,Moderate,1,13.2,85,0.0,2.7,332,938.0,2,35.4,35.6,590.0,26.1,40.0,17.3
2025-12-20 01:00:00,2025,12,20,1,Sơn La,Xã Gia Phù,21.1792752,104.5565002,79,Moderate,1,13.7,80,0.0,1.9,304,938.2,2,36.7,37.0,544.0,24.9,40.0,17.3
2025-12-20 02:00:00,2025,12,20,2,Sơn La,Xã Gia Phù,21.1792752,104.5565002,79,Moderate,1,13.6,79,0.0,2.1,290,937.9,0,38.0,38.3,493.0,23.4,40.0,15.9
2025-12-20 03:00:00,2025,12,20,3,Sơn La,Xã Gia Phù,21.1792752,104.5565002,78,Moderate,1,13.6,77,0.0,0.8,315,937.8,0,39.2,39.6,442.0,21.5,40.0,13.6
2025-12-20 04:00:00,2025,12,20,4,Sơn La,Xã Gia Phù,21.1792752,104.5565002,77,Moderate,1,13.3,76,0.0,0.4,360,937.6,1,50.4,50.8,415.0,19.0,42.0,12.4
2025-12-20 05:00:00,2025,12,20,5,Sơn La,Xã Gia Phù,21.1792752,104.5565002,77,Moderate,1,12.9,77,0.0,0.4,27,937.9,2,50.9,51.1,435.0,15.2,46.0,12.6
2025-12-20 06:00:00,2025,12,20,6,Sơn La,Xã Gia Phù,21.1792752,104.5565002,77,Moderate,1,12.6,78,0.0,0.6,34,938.3,6,47.1,47.4,480.0,10.7,51.0,13.8
2025-12-20 07:00:00,2025,12,20,7,Sơn La,Xã Gia Phù,21.1792752,104.5565002,77,Moderate,1,12.4,80,0.0,2.0,45,939.1,14,47.1,47.5,513.0,14.5,18.0,2.9
2025-12-20 08:00:00,2025,12,20,8,Sơn La,Xã Gia Phù,21.1792752,104.5565002,78,Moderate,1,14.8,80,0.0,4.3,68,940.7,47,37.8,38.3,524.0,11.3,39.0,6.1
2025-12-20 09:00:00,2025,12,20,9,Sơn La,Xã Gia Phù,21.1792752,104.5565002,79,Moderate,1,16.5,82,0.0,5.3,108,941.9,41,36.2,36.7,523.0,6.9,69.0,10.3
2025-12-20 10:00:00,2025,12,20,10,Sơn La,Xã Gia Phù,21.1792752,104.5565002,80,Moderate,1,18.1,76,0.0,5.2,119,942.3,15,37.5,38.2,505.0,3.5,92.0,12.9
2025-12-20 11:00:00,2025,12,20,11,Sơn La,Xã Gia Phù,21.1792752,104.5565002,81,Moderate,1,19.3,72,0.0,5.7,134,941.7,11,37.8,38.5,456.0,2.0,102.0,12.1
2025-12-20 12:00:00,2025,12,20,12,Sơn La,Xã Gia Phù,21.1792752,104.5565002,84,Moderate,1,20.1,69,0.0,6.5,136,940.9,6,31.9,32.8,389.0,1.4,105.0,9.5
2025-12-20 13:00:00,2025,12,20,13,Sơn La,Xã Gia Phù,21.1792752,104.5565002,86,Moderate,1,20.5,65,0.0,5.0,125,940.0,9,24.9,26.0,339.0,1.2,106.0,7.4
2025-12-20 14:00:00,2025,12,20,14,Sơn La,Xã Gia Phù,21.1792752,104.5565002,87,Moderate,1,20.7,61,0.0,5.0,103,939.1,2,23.1,24.2,317.0,0.9,108.0,6.4
2025-12-20 15:00:00,2025,12,20,15,Sơn La,Xã Gia Phù,21.1792752,104.5565002,89,Moderate,1,21.0,61,0.0,6.8,79,939.0,6,22.1,23.3,313.0,0.8,108.0,5.9
2025-12-20 16:00:00,2025,12,20,16,Sơn La,Xã Gia Phù,21.1792752,104.5565002,90,Moderate,1,20.4,66,0.0,10.0,67,939.2,10,23.7,25.0,330.0,1.6,105.0,6.2
2025-12-20 17:00:00,2025,12,20,17,Sơn La,Xã Gia Phù,21.1792752,104.5565002,92,Moderate,1,18.9,72,0.0,8.0,63,939.6,34,29.3,30.5,383.0,3.9,96.0,7.8
2025-12-20 18:00:00,2025,12,20,18,Sơn La,Xã Gia Phù,21.1792752,104.5565002,94,Moderate,1,16.6,81,0.0,6.8,40,940.0,37,35.3,36.2,456.0,7.1,85.0,10.2
2025-12-20 19:00:00,2025,12,20,19,Sơn La,Xã Gia Phù,21.1792752,104.5565002,97,Moderate,1,15.8,91,0.0,5.2,34,940.6,22,26.3,26.6,509.0,10.7,64.0,11.5
2025-12-20 20:00:00,2025,12,20,20,Sơn La,Xã Gia Phù,21.1792752,104.5565002,97,Moderate,1,16.4,88,0.0,5.4,37,941.3,18,31.4,31.8,524.0,11.0,62.0,12.8
2025-12-20 21:00:00,2025,12,20,21,Sơn La,Xã Gia Phù,21.1792752,104.5565002,98,Moderate,1,16.2,89,0.0,5.0,44,942.0,40,35.7,36.1,519.0,11.2,59.0,14.7
2025-12-20 22:00:00,2025,12,20,22,Sơn La,Xã Gia Phù,21.1792752,104.5565002,99,Moderate,1,15.8,91,0.0,4.1,45,942.2,50,38.8,39.1,503.0,10.9,59.0,16.4
2025-12-20 23:00:00,2025,12,20,23,Sơn La,Xã Gia Phù,21.1792752,104.5565002,100,Moderate,1,14.9,93,0.0,4.0,36,942.1,25,39.7,40.2,474.0,9.4,63.0,17.9
2025-12-21 00:00:00,2025,12,21,0,Sơn La,Xã Gia Phù,21.1792752,104.5565002,100,Moderate,1,13.9,94,0.0,3.8,31,942.0,31,40.4,40.9,435.0,7.4,70.0,19.2
2025-12-21 01:00:00,2025,12,21,1,Sơn La,Xã Gia Phù,21.1792752,104.5565002,101,Unhealthy for Sensitive Groups,2,13.5,94,0.0,2.7,20,941.8,36,39.8,40.3,400.0,5.7,74.0,19.9
2025-12-21 02:00:00,2025,12,21,2,Sơn La,Xã Gia Phù,21.1792752,104.5565002,101,Unhealthy for Sensitive Groups,2,12.7,96,0.0,2.7,8,941.5,45,38.6,39.0,371.0,4.8,73.0,19.6
2025-12-21 03:00:00,2025,12,21,3,Sơn La,Xã Gia Phù,21.1792752,104.5565002,101,Unhealthy for Sensitive Groups,2,12.5,93,0.0,1.8,354,941.3,98,37.3,37.6,347.0,4.3,69.0,18.6
2025-12-21 04:00:00,2025,12,21,4,Sơn La,Xã Gia Phù,21.1792752,104.5565002,101,Unhealthy for Sensitive Groups,2,13.9,89,0.1,2.6,39,941.9,97,36.3,36.7,341.0,3.9,67.0,18.2
2025-12-21 05:00:00,2025,12,21,5,Sơn La,Xã Gia Phù,21.1792752,104.5565002,100,Moderate,1,14.1,91,0.1,3.8,45,942.4,100,34.7,35.2,369.0,3.7,69.0,19.1
2025-12-21 06:00:00,2025,12,21,6,Sơn La,Xã Gia Phù,21.1792752,104.5565002,98,Moderate,1,14.4,93,0.5,2.0,95,943.0,98,33.3,33.8,414.0,3.6,72.0,20.5
2025-12-21 07:00:00,2025,12,21,7,Sơn La,Xã Gia Phù,21.1792752,104.5565002,97,Moderate,1,14.1,93,0.6,1.6,84,943.4,91,29.7,30.3,438.0,4.3,73.0,20.5
2025-12-21 08:00:00,2025,12,21,8,Sơn La,Xã Gia Phù,21.1792752,104.5565002,96,Moderate,1,15.0,96,0.2,4.2,72,944.2,81,29.8,30.4,418.0,3.6,81.0,18.4
2025-12-21 09:00:00,2025,12,21,9,Sơn La,Xã Gia Phù,21.1792752,104.5565002,95,Moderate,1,16.3,92,0.1,5.2,74,944.8,55,25.1,25.8,376.0,2.6,91.0,15.4
2025-12-21 10:00:00,2025,12,21,10,Sơn La,Xã Gia Phù,21.1792752,104.5565002,94,Moderate,1,18.3,79,0.0,5.2,94,945.2,20,22.6,23.3,341.0,1.8,99.0,12.6
2025-12-21 11:00:00,2025,12,21,11,Sơn La,Xã Gia Phù,21.1792752,104.5565002,93,Moderate,1,19.7,69,0.0,6.5,98,944.5,14,18.0,18.6,322.0,1.4,102.0,10.4
2025-12-21 12:00:00,2025,12,21,12,Sơn La,Xã Gia Phù,21.1792752,104.5565002,91,Moderate,1,20.5,65,0.0,8.9,104,943.6,18,16.1,16.6,310.0,1.3,103.0,8.4
2025-12-21 13:00:00,2025,12,21,13,Sơn La,Xã Gia Phù,21.1792752,104.5565002,89,Moderate,1,21.4,60,0.0,8.5,103,942.7,23,17.7,18.3,300.0,1.2,104.0,7.0
2025-12-21 14:00:00,2025,12,21,14,Sơn La,Xã Gia Phù,21.1792752,104.5565002,89,Moderate,1,21.3,61,0.0,10.5,95,941.9,13,16.1,16.6,284.0,1.0,107.0,6.3
2025-12-21 15:00:00,2025,12,21,15,Sơn La,Xã Gia Phù,21.1792752,104.5565002,88,Moderate,1,21.0,64,0.0,9.7,91,941.4,13,16.3,16.9,270.0,0.9,110.0,6.1
2025-12-21 16:00:00,2025,12,21,16,Sơn La,Xã Gia Phù,21.1792752,104.5565002,88,Moderate,1,20.3,67,0.0,7.8,83,941.3,16,16.2,16.7,285.0,1.6,108.0,6.2
2025-12-21 17:00:00,2025,12,21,17,Sơn La,Xã Gia Phù,21.1792752,104.5565002,87,Moderate,1,18.5,79,0.0,4.0,63,940.9,19,17.5,18.0,357.0,3.9,98.0,6.7
2025-12-21 18:00:00,2025,12,21,18,Sơn La,Xã Gia Phù,21.1792752,104.5565002,86,Moderate,1,16.7,83,0.0,4.8,25,940.8,6,20.1,20.5,458.0,6.9,85.0,7.5
2025-12-21 19:00:00,2025,12,21,19,Sơn La,Xã Gia Phù,21.1792752,104.5565002,85,Moderate,1,16.3,82,0.0,3.1,7,940.5,12,21.4,22.1,527.0,10.5,69.0,8.0
2025-12-21 20:00:00,2025,12,21,20,Sơn La,Xã Gia Phù,21.1792752,104.5565002,84,Moderate,1,16.0,82,0.0,3.9,22,941.0,3,24.5,25.2,535.0,10.4,68.0,9.1
2025-12-21 21:00:00,2025,12,21,21,Sơn La,Xã Gia Phù,21.1792752,104.5565002,83,Moderate,1,15.3,81,0.0,3.2,27,941.4,2,26.6,27.2,513.0,10.4,66.0,10.6
2025-12-21 22:00:00,2025,12,21,22,Sơn La,Xã Gia Phù,21.1792752,104.5565002,83,Moderate,1,15.0,82,0.0,2.7,23,941.7,9,29.3,29.9,488.0,10.2,65.0,12.1
2025-12-21 23:00:00,2025,12,21,23,Sơn La,Xã Gia Phù,21.1792752,104.5565002,82,Moderate,1,14.8,83,0.0,1.8,360,941.6,13,32.5,33.1,469.0,10.0,67.0,13.5
2025-12-22 00:00:00,2025,12,22,0,Sơn La,Xã Gia Phù,21.1792752,104.5565002,81,Moderate,1,14.6,83,0.0,1.3,352,941.5,22,35.0,35.6,449.0,9.8,71.0,14.7
2025-12-22 01:00:00,2025,12,22,1,Sơn La,Xã Gia Phù,21.1792752,104.5565002,81,Moderate,1,14.5,86,0.0,1.3,352,941.3,36,36.2,36.8,431.0,9.3,72.0,15.3
2025-12-22 02:00:00,2025,12,22,2,Sơn La,Xã Gia Phù,21.1792752,104.5565002,80,Moderate,1,14.4,85,0.0,1.9,343,941.0,23,38.1,38.6,414.0,8.4,67.0,14.5
2025-12-22 03:00:00,2025,12,22,3,Sơn La,Xã Gia Phù,21.1792752,104.5565002,80,Moderate,1,14.1,86,0.0,0.2,360,940.8,23,38.2,38.6,399.0,7.3,60.0,12.9
2025-12-22 04:00:00,2025,12,22,4,Sơn La,Xã Gia Phù,21.1792752,104.5565002,80,Moderate,1,13.5,89,0.0,0.6,342,940.7,23,35.6,36.2,398.0,6.3,56.0,12.1
2025-12-22 05:00:00,2025,12,22,5,Sơn La,Xã Gia Phù,21.1792752,104.5565002,80,Moderate,1,13.1,89,0.0,1.1,351,940.7,20,31.5,32.0,430.0,5.5,60.0,13.0
2025-12-22 06:00:00,2025,12,22,6,Sơn La,Xã Gia Phù,21.1792752,104.5565002,80,Moderate,1,13.1,89,0.0,0.4,360,941.0,27,29.9,30.5,477.0,4.7,68.0,14.6
2025-12-22 07:00:00,2025,12,22,7,Sơn La,Xã Gia Phù,21.1792752,104.5565002,80,Moderate,1,14.0,89,0.0,0.5,315,941.8,53,28.9,29.3,490.0,6.1,60.0,12.1
2025-12-22 08:00:00,2025,12,22,8,Sơn La,Xã Gia Phù,21.1792752,104.5565002,80,Moderate,1,15.3,89,0.0,1.3,270,942.7,41,25.3,25.8,437.0,4.8,72.0,11.9
2025-12-22 09:00:00,2025,12,22,9,Sơn La,Xã Gia Phù,21.1792752,104.5565002,79,Moderate,1,16.5,87,0.0,1.0,225,943.4,40,18.7,19.3,351.0,2.9,88.0,11.6
2025-12-22 10:00:00,2025,12,22,10,Sơn La,Xã Gia Phù,21.1792752,104.5565002,79,Moderate,1,18.3,79,0.0,2.4,197,943.3,30,14.6,15.4,283.0,1.5,99.0,10.6
2025-12-22 11:00:00,2025,12,22,11,Sơn La,Xã Gia Phù,21.1792752,104.5565002,78,Moderate,1,19.8,72,0.0,6.2,226,942.5,32,13.1,13.9,255.0,0.9,100.0,8.4
2025-12-22 12:00:00,2025,12,22,12,Sơn La,Xã Gia Phù,21.1792752,104.5565002,78,Moderate,1,21.1,65,0.0,7.8,230,941.0,60,12.2,13.0,246.0,0.7,97.0,5.6
2025-12-22 13:00:00,2025,12,22,13,Sơn La,Xã Gia Phù,21.1792752,104.5565002,77,Moderate,1,22.4,57,0.0,9.4,246,939.9,27,10.9,11.8,237.0,0.7,93.0,3.4
2025-12-22 14:00:00,2025,12,22,14,Sơn La,Xã Gia Phù,21.1792752,104.5565002,77,Moderate,1,23.1,51,0.0,11.0,246,938.7,27,9.8,10.5,219.0,0.3,92.0,2.4
2025-12-22 15:00:00,2025,12,22,15,Sơn La,Xã Gia Phù,21.1792752,104.5565002,76,Moderate,1,23.5,48,0.0,12.2,250,937.5,27,9.8,10.5,201.0,0.0,91.0,2.0
2025-12-22 16:00:00,2025,12,22,16,Sơn La,Xã Gia Phù,21.1792752,104.5565002,76,Moderate,1,23.2,49,0.0,9.8,246,937.2,8,10.1,10.8,199.0,1.1,87.0,2.2
2025-12-22 17:00:00,2025,12,22,17,Sơn La,Xã Gia Phù,21.1792752,104.5565002,75,Moderate,1,20.8,59,0.0,6.1,240,936.7,2,11.1,11.7,224.0,4.9,78.0,3.1
2025-12-22 18:00:00,2025,12,22,18,Sơn La,Xã Gia Phù,21.1792752,104.5565002,74,Moderate,1,19.0,62,0.0,6.5,268,936.4,1,14.1,14.7,265.0,10.2,66.0,4.5
2025-12-22 19:00:00,2025,12,22,19,Sơn La,Xã Gia Phù,21.1792752,104.5565002,74,Moderate,1,18.3,66,0.0,5.4,290,936.5,2,18.9,19.8,300.0,15.4,53.0,6.1
2025-12-22 20:00:00,2025,12,22,20,Sơn La,Xã Gia Phù,21.1792752,104.5565002,74,Moderate,1,17.7,66,0.0,5.4,256,936.6,1,21.0,21.9,324.0,16.9,49.0,7.0
2025-12-22 21:00:00,2025,12,22,21,Sơn La,Xã Gia Phù,21.1792752,104.5565002,73,Moderate,1,16.7,70,0.0,5.0,257,936.8,6,22.3,23.2,343.0,18.9,44.0,8.3
2025-12-22 22:00:00,2025,12,22,22,Sơn La,Xã Gia Phù,21.1792752,104.5565002,73,Moderate,1,15.8,73,0.0,4.5,272,936.9,9,23.7,24.6,355.0,20.5,39.0,9.2
2025-12-22 23:00:00,2025,12,22,23,Sơn La,Xã Gia Phù,21.1792752,104.5565002,72,Moderate,1,15.2,75,0.0,4.2,282,937.0,8,24.9,25.7,357.0,21.4,35.0,9.6
2025-12-23 00:00:00,2025,12,23,0,Sơn La,Xã Gia Phù,21.1792752,104.5565002,72,Moderate,1,14.9,77,0.0,3.3,279,937.0,19,25.1,26.0,351.0,21.9,33.0,9.6
2025-12-23 01:00:00,2025,12,23,1,Sơn La,Xã Gia Phù,21.1792752,104.5565002,71,Moderate,1,14.6,79,0.0,2.3,274,937.1,14,25.3,26.1,345.0,21.6,31.0,9.3
2025-12-23 02:00:00,2025,12,23,2,Sơn La,Xã Gia Phù,21.1792752,104.5565002,70,Moderate,1,14.5,80,0.0,2.4,297,937.3,12,25.4,26.3,336.0,20.1,32.0,8.6
2025-12-23 03:00:00,2025,12,23,3,Sơn La,Xã Gia Phù,21.1792752,104.5565002,69,Moderate,1,14.3,79,0.0,2.1,308,936.8,11,25.6,26.4,326.0,17.8,34.0,7.6
2025-12-23 04:00:00,2025,12,23,4,Sơn La,Xã Gia Phù,21.1792752,104.5565002,68,Moderate,1,14.1,80,0.0,2.4,318,936.8,16,24.0,24.8,326.0,15.7,35.0,6.7
2025-12-23 05:00:00,2025,12,23,5,Sơn La,Xã Gia Phù,21.1792752,104.5565002,67,Moderate,1,13.9,80,0.0,2.7,307,937.1,26,23.2,23.7,348.0,14.2,32.0,6.0
2025-12-23 06:00:00,2025,12,23,6,Sơn La,Xã Gia Phù,21.1792752,104.5565002,66,Moderate,1,13.8,80,0.0,2.5,315,937.8,10,24.1,24.7,380.0,12.8,28.0,5.4
2025-12-23 07:00:00,2025,12,23,7,Sơn La,Xã Gia Phù,21.1792752,104.5565002,65,Moderate,1,14.0,81,0.0,1.3,360,938.9,21,13.2,13.6,394.0,10.0,35.0,3.7
2025-12-23 08:00:00,2025,12,23,8,Sơn La,Xã Gia Phù,21.1792752,104.5565002,64,Moderate,1,16.2,78,0.0,0.8,63,940.4,12,13.1,13.5,372.0,7.6,48.0,3.9
2025-12-23 09:00:00,2025,12,23,9,Sơn La,Xã Gia Phù,21.1792752,104.5565002,63,Moderate,1,17.9,76,0.0,2.2,194,941.3,19,11.3,11.7,332.0,4.4,67.0,4.1
2025-12-23 10:00:00,2025,12,23,10,Sơn La,Xã Gia Phù,21.1792752,104.5565002,62,Moderate,1,19.3,73,0.0,3.4,196,941.3,30,8.5,8.9,299.0,1.9,81.0,4.0
2025-12-23 11:00:00,2025,12,23,11,Sơn La,Xã Gia Phù,21.1792752,104.5565002,62,Moderate,1,20.5,71,0.0,5.3,198,940.9,20,6.6,7.0,282.0,0.9,87.0,3.3
2025-12-23 12:00:00,2025,12,23,12,Sơn La,Xã Gia Phù,21.1792752,104.5565002,61,Moderate,1,21.8,67,0.0,8.1,211,939.6,36,6.5,6.9,271.0,0.7,90.0,2.2
2025-12-23 13:00:00,2025,12,23,13,Sơn La,Xã Gia Phù,21.1792752,104.5565002,61,Moderate,1,22.5,61,0.0,7.8,218,938.5,27,6.4,6.7,261.0,0.6,91.0,1.4
2025-12-23 14:00:00,2025,12,23,14,Sơn La,Xã Gia Phù,21.1792752,104.5565002,60,Moderate,1,22.8,57,0.0,8.1,227,937.9,41,6.4,6.7,237.0,0.0,94.0,1.0
2025-12-23 15:00:00,2025,12,23,15,Sơn La,Xã Gia Phù,21.1792752,104.5565002,60,Moderate,1,22.8,57,0.0,6.8,212,937.2,10,6.4,6.7,214.0,0.0,96.0,1.0
2025-12-23 16:00:00,2025,12,23,16,Sơn La,Xã Gia Phù,21.1792752,104.5565002,60,Moderate,1,22.7,59,0.0,4.5,173,937.3,16,6.3,6.6,225.0,0.9,94.0,1.4
2025-12-23 17:00:00,2025,12,23,17,Sơn La,Xã Gia Phù,21.1792752,104.5565002,59,Moderate,1,20.6,73,0.0,3.5,102,937.1,27,7.5,7.8,304.0,5.5,86.0,2.7
2025-12-23 18:00:00,2025,12,23,18,Sơn La,Xã Gia Phù,21.1792752,104.5565002,59,Moderate,1,18.5,79,0.0,5.0,38,937.2,23,10.4,10.7,418.0,11.9,75.0,4.4
2025-12-23 19:00:00,2025,12,23,19,Sơn La,Xã Gia Phù,21.1792752,104.5565002,59,Moderate,1,18.1,82,0.0,4.0,21,937.6,30,21.2,21.9,500.0,18.0,59.0,6.3
2025-12-23 20:00:00,2025,12,23,20,Sơn La,Xã Gia Phù,21.1792752,104.5565002,59,Moderate,1,17.7,88,0.0,5.2,25,938.3,66,24.1,24.8,519.0,18.3,55.0,6.9
2025-12-23 21:00:00,2025,12,23,21,Sơn La,Xã Gia Phù,21.1792752,104.5565002,59,Moderate,1,17.1,87,0.0,4.2,7,938.6,84,25.4,26.2,507.0,18.7,49.0,7.8
2025-12-23 22:00:00,2025,12,23,22,Sơn La,Xã Gia Phù,21.1792752,104.5565002,59,Moderate,1,15.8,88,0.0,3.3,351,938.4,90,27.6,28.4,493.0,18.6,45.0,8.4
2025-12-23 23:00:00,2025,12,23,23,Sơn La,Xã Gia Phù,21.1792752,104.5565002,60,Moderate,1,15.5,87,0.0,2.4,347,938.5,80,29.2,29.9,486.0,17.6,46.0,8.6
2025-12-24 00:00:00,2025,12,24,0,Sơn La,Xã Gia Phù,21.1792752,104.5565002,60,Moderate,1,15.2,89,0.0,2.8,349,938.2,61,29.6,30.5,476.0,16.0,48.0,8.6
2025-12-24 01:00:00,2025,12,24,1,Sơn La,Xã Gia Phù,21.1792752,104.5565002,61,Moderate,1,15.7,91,0.0,2.1,329,938.3,46,30.7,31.7,465.0,14.6,48.0,7.9
2025-12-24 02:00:00,2025,12,24,2,Sơn La,Xã Gia Phù,21.1792752,104.5565002,61,Moderate,1,15.3,93,0.1,2.3,302,937.8,100,34.0,34.9,446.0,13.6,40.0,6.2
2025-12-24 03:00:00,2025,12,24,3,Sơn La,Xã Gia Phù,21.1792752,104.5565002,62,Moderate,1,15.3,93,0.1,2.5,291,937.1,98,36.8,37.7,425.0,12.8,29.0,3.8
2025-12-24 04:00:00,2025,12,24,4,Sơn La,Xã Gia Phù,21.1792752,104.5565002,63,Moderate,1,15.2,95,0.1,3.1,298,937.1,36,36.1,36.9,420.0,11.6,23.0,2.1
2025-12-24 05:00:00,2025,12,24,5,Sơn La,Xã Gia Phù,21.1792752,104.5565002,64,Moderate,1,15.0,93,0.0,3.3,276,936.9,41,33.9,34.7,454.0,9.7,28.0,1.5
2025-12-24 06:00:00,2025,12,24,6,Sơn La,Xã Gia Phù,21.1792752,104.5565002,65,Moderate,1,14.6,92,0.0,3.4,286,937.0,23,31.1,31.8,504.0,7.3,38.0,1.5
2025-12-24 07:00:00,2025,12,24,7,Sơn La,Xã Gia Phù,21.1792752,104.5565002,65,Moderate,1,15.2,91,0.0,1.9,253,938.0,42,22.3,22.8,522.0,13.3,11.0,2.9
2025-12-24 08:00:00,2025,12,24,8,Sơn La,Xã Gia Phù,21.1792752,104.5565002,66,Moderate,1,16.4,92,0.0,3.8,273,939.1,40,16.2,16.9,476.0,9.8,31.0,2.3
2025-12-24 09:00:00,2025,12,24,9,Sơn La,Xã Gia Phù,21.1792752,104.5565002,67,Moderate,1,18.1,88,0.0,4.7,230,940.0,24,10.4,11.1,397.0,5.0,58.0,1.5
2025-12-24 10:00:00,2025,12,24,10,Sơn La,Xã Gia Phù,21.1792752,104.5565002,66,Moderate,1,20.1,80,0.0,7.1,216,940.2,15,8.9,9.4,328.0,1.4,80.0,0.9
2025-12-24 11:00:00,2025,12,24,11,Sơn La,Xã Gia Phù,21.1792752,104.5565002,66,Moderate,1,21.5,72,0.0,8.1,211,939.6,29,7.9,8.3,285.0,0.3,90.0,0.8
2025-12-24 12:00:00,2025,12,24,12,Sơn La,Xã Gia Phù,21.1792752,104.5565002,67,Moderate,1,22.3,67,0.1,8.9,214,938.5,36,6.7,7.1,253.0,0.4,93.0,0.9
2025-12-24 13:00:00,2025,12,24,13,Sơn La,Xã Gia Phù,21.1792752,104.5565002,67,Moderate,1,23.2,62,0.0,9.6,221,937.3,21,5.4,5.7,230.0,0.7,95.0,1.0
2025-12-24 14:00:00,2025,12,24,14,Sơn La,Xã Gia Phù,21.1792752,104.5565002,67,Moderate,1,24.0,58,0.0,9.9,228,936.6,24,5.1,5.4,214.0,0.3,97.0,0.8
2025-12-24 15:00:00,2025,12,24,15,Sơn La,Xã Gia Phù,21.1792752,104.5565002,66,Moderate,1,24.4,55,0.0,8.8,219,936.1,48,4.8,5.1,206.0,0.1,98.0,0.6
2025-12-24 16:00:00,2025,12,24,16,Sơn La,Xã Gia Phù,21.1792752,104.5565002,66,Moderate,1,24.2,56,0.0,5.9,198,936.4,91,4.5,4.8,214.0,1.0,96.0,0.9
2025-12-24 17:00:00,2025,12,24,17,Sơn La,Xã Gia Phù,21.1792752,104.5565002,66,Moderate,1,21.9,71,0.0,3.5,102,936.6,99,4.6,4.9,242.0,4.0,89.0,2.0
2025-12-24 18:00:00,2025,12,24,18,Sơn La,Xã Gia Phù,21.1792752,104.5565002,66,Moderate,1,19.2,83,0.0,8.7,42,937.2,100,7.5,7.9,285.0,8.2,79.0,3.7
2025-12-24 19:00:00,2025,12,24,19,Sơn La,Xã Gia Phù,21.1792752,104.5565002,66,Moderate,1,18.4,88,0.0,8.8,33,937.7,100,19.8,20.6,332.0,14.6,60.0,5.5
2025-12-24 20:00:00,2025,12,24,20,Sơn La,Xã Gia Phù,21.1792752,104.5565002,65,Moderate,1,17.5,95,0.0,9.3,41,938.8,100,22.8,23.5,386.0,14.0,55.0,6.3
2025-12-24 21:00:00,2025,12,24,21,Sơn La,Xã Gia Phù,21.1792752,104.5565002,65,Moderate,1,18.1,90,0.0,6.2,57,939.2,100,23.3,24.0,445.0,13.2,48.0,7.5
2025-12-24 22:00:00,2025,12,24,22,Sơn La,Xã Gia Phù,21.1792752,104.5565002,65,Moderate,1,17.4,94,0.0,5.1,63,939.3,89,19.4,19.8,492.0,12.4,43.0,9.2
2025-12-24 23:00:00,2025,12,24,23,Sơn La,Xã Gia Phù,21.1792752,104.5565002,64,Moderate,1,16.8,96,0.0,6.0,51,939.5,100,14.3,14.6,522.0,11.9,40.0,11.6
2025-12-25 00:00:00,2025,12,25,0,Sơn La,Xã Gia Phù,21.1792752,104.5565002,63,Moderate,1,16.6,98,0.5,7.8,52,940.1,100,10.2,10.4,540.0,11.6,38.0,14.5
2025-12-25 01:00:00,2025,12,25,1,Sơn La,Xã Gia Phù,21.1792752,104.5565002,61,Moderate,1,16.7,97,0.6,6.7,56,940.2,100,6.2,6.3,546.0,11.0,37.0,16.9
2025-12-25 02:00:00,2025,12,25,2,Sơn La,Xã Gia Phù,21.1792752,104.5565002,59,Moderate,1,16.1,97,0.6,10.4,70,940.3,100,4.4,4.4,532.0,10.1,37.0,18.7
2025-12-25 03:00:00,2025,12,25,3,Sơn La,Xã Gia Phù,21.1792752,104.5565002,57,Moderate,1,14.8,96,0.5,12.0,72,940.2,100,4.9,4.9,506.0,9.1,38.0,20.0
2025-12-25 04:00:00,2025,12,25,4,Sơn La,Xã Gia Phù,21.1792752,104.5565002,54,Moderate,1,13.4,95,0.5,13.8,73,940.9,100,6.1,6.2,492.0,8.0,39.0,20.0
2025-12-25 05:00:00,2025,12,25,5,Sơn La,Xã Gia Phù,21.1792752,104.5565002,51,Moderate,1,12.6,96,0.4,13.9,84,941.6,100,7.6,7.7,507.0,6.7,40.0,17.6
2025-12-25 06:00:00,2025,12,25,6,Sơn La,Xã Gia Phù,21.1792752,104.5565002,48,Good,0,12.1,97,0.2,12.4,87,942.5,100,7.1,7.1,534.0,5.3,42.0,13.9
2025-12-25 07:00:00,2025,12,25,7,Sơn La,Xã Gia Phù,21.1792752,104.5565002,43,Good,0,12.7,89,0.2,11.2,79,943.3,100,7.1,7.2,548.0,4.1,44.0,11.2
2025-12-25 08:00:00,2025,12,25,8,Sơn La,Xã Gia Phù,21.1792752,104.5565002,41,Good,0,12.8,86,0.0,14.1,85,944.5,100,7.5,7.5,536.0,3.9,45.0,11.1
2025-12-25 09:00:00,2025,12,25,9,Sơn La,Xã Gia Phù,21.1792752,104.5565002,39,Good,0,13.2,79,0.0,14.8,85,945.5,100,7.2,7.2,512.0,3.7,46.0,11.0
2025-12-25 10:00:00,2025,12,25,10,Sơn La,Xã Gia Phù,21.1792752,104.5565002,39,Good,0,13.7,76,0.0,14.8,87,945.8,100,6.8,6.9,488.0,3.5,49.0,11.0
2025-12-25 11:00:00,2025,12,25,11,Sơn La,Xã Gia Phù,21.1792752,104.5565002,38,Good,0,15.1,66,0.0,18.3,72,945.6,72,7.2,7.3,467.0,3.3,53.0,11.1
2025-12-25 12:00:00,2025,12,25,12,Sơn La,Xã Gia Phù,21.1792752,104.5565002,38,Good,0,15.8,55,0.0,17.8,78,944.8,100,7.6,7.7,447.0,3.1,59.0,11.3
2025-12-25 13:00:00,2025,12,25,13,Sơn La,Xã Gia Phù,21.1792752,104.5565002,38,Good,0,16.6,51,0.0,15.0,80,943.9,98,7.9,8.0,433.0,3.0,64.0,11.4
2025-12-25 14:00:00,2025,12,25,14,Sơn La,Xã Gia Phù,21.1792752,104.5565002,39,Good,0,16.6,50,0.0,15.9,80,943.2,100,8.2,8.3,425.0,2.8,69.0,11.3
2025-12-25 15:00:00,2025,12,25,15,Sơn La,Xã Gia Phù,21.1792752,104.5565002,39,Good,0,16.1,51,0.0,16.3,85,942.8,100,8.6,8.6,423.0,2.5,74.0,11.1
2025-12-25 16:00:00,2025,12,25,16,Sơn La,Xã Gia Phù,21.1792752,104.5565002,40,Good,0,15.6,54,0.0,15.4,84,942.8,100,8.9,9.0,436.0,2.7,77.0,10.9
2025-12-25 17:00:00,2025,12,25,17,Sơn La,Xã Gia Phù,21.1792752,104.5565002,41,Good,0,14.2,60,0.0,11.4,93,942.8,91,9.2,9.3,473.0,3.5,75.0,10.7
2025-12-25 18:00:00,2025,12,25,18,Sơn La,Xã Gia Phù,21.1792752,104.5565002,42,Good,0,12.3,67,0.0,7.9,86,942.7,33,9.7,9.7,525.0,4.8,71.0,10.4
2025-12-25 19:00:00,2025,12,25,19,Sơn La,Xã Gia Phù,21.1792752,104.5565002,42,Good,0,11.9,72,0.0,5.8,81,943.5,53,24.7,25.0,567.0,4.8,58.0,10.0
2025-12-25 20:00:00,2025,12,25,20,Sơn La,Xã Gia Phù,21.1792752,104.5565002,43,Good,0,11.6,75,0.0,7.3,74,943.8,52,24.4,24.7,595.0,5.6,54.0,9.8
2025-12-25 21:00:00,2025,12,25,21,Sơn La,Xã Gia Phù,21.1792752,104.5565002,43,Good,0,11.4,76,0.0,7.2,71,944.2,65,23.9,24.2,614.0,6.6,48.0,9.5
2025-12-25 22:00:00,2025,12,25,22,Sơn La,Xã Gia Phù,21.1792752,104.5565002,43,Good,0,11.3,77,0.0,6.6,64,944.5,98,23.8,24.0,613.0,7.4,44.0,9.2
2025-12-25 23:00:00,2025,12,25,23,Sơn La,Xã Gia Phù,21.1792752,104.5565002,44,Good,0,11.8,73,0.0,7.1,69,944.7,98,23.7,24.0,578.0,7.6,42.0,8.9
2025-12-26 00:00:00,2025,12,26,0,Sơn La,Xã Gia Phù,21.1792752,104.5565002,46,Good,0,12.1,70,0.0,7.2,68,944.8,98,23.3,23.6,523.0,7.5,41.0,8.6
2025-12-26 01:00:00,2025,12,26,1,Sơn La,Xã Gia Phù,21.1792752,104.5565002,48,Good,0,12.3,70,0.0,5.6,59,944.5,100,22.8,23.0,477.0,7.2,41.0,8.2
2025-12-26 02:00:00,2025,12,26,2,Sơn La,Xã Gia Phù,21.1792752,104.5565002,50,Good,0,12.5,70,0.0,7.7,74,944.3,100,22.1,22.3,445.0,6.6,41.0,7.6
2025-12-26 03:00:00,2025,12,26,3,Sơn La,Xã Gia Phù,21.1792752,104.5565002,52,Moderate,1,12.2,72,0.0,8.2,75,944.1,100,21.6,21.8,422.0,5.9,41.0,6.9
2025-12-26 04:00:00,2025,12,26,4,Sơn La,Xã Gia Phù,21.1792752,104.5565002,53,Moderate,1,11.8,69,0.0,7.8,81,944.0,98,21.4,21.7,421.0,5.6,41.0,6.5
2025-12-26 05:00:00,2025,12,26,5,Sơn La,Xã Gia Phù,21.1792752,104.5565002,55,Moderate,1,11.3,67,0.0,7.5,75,943.9,59,21.8,22.2,470.0,6.3,39.0,6.4
2025-12-26 06:00:00,2025,12,26,6,Sơn La,Xã Gia Phù,21.1792752,104.5565002,56,Moderate,1,10.7,69,0.0,5.5,71,944.0,55,22.6,23.0,542.0,7.5,36.0,6.7
2025-12-26 07:00:00,2025,12,26,7,Sơn La,Xã Gia Phù,21.1792752,104.5565002,57,Moderate,1,10.4,77,0.0,3.9,74,944.4,72,12.0,12.1,570.0,9.0,38.0,11.0
2025-12-26 08:00:00,2025,12,26,8,Sơn La,Xã Gia Phù,21.1792752,104.5565002,58,Moderate,1,12.1,61,0.0,6.8,87,945.5,64,13.2,13.3,510.0,8.0,49.0,13.3
2025-12-26 09:00:00,2025,12,26,9,Sơn La,Xã Gia Phù,21.1792752,104.5565002,58,Moderate,1,13.1,55,0.0,8.1,93,946.0,13,9.6,9.9,407.0,6.5,63.0,16.3
2025-12-26 10:00:00,2025,12,26,10,Sơn La,Xã Gia Phù,21.1792752,104.5565002,59,Moderate,1,14.3,52,0.0,8.8,95,945.9,20,8.4,8.7,329.0,5.2,77.0,18.1
2025-12-26 11:00:00,2025,12,26,11,Sơn La,Xã Gia Phù,21.1792752,104.5565002,59,Moderate,1,15.2,49,0.0,8.8,102,944.8,15,8.6,8.9,305.0,4.1,88.0,17.4
2025-12-26 12:00:00,2025,12,26,12,Sơn La,Xã Gia Phù,21.1792752,104.5565002,59,Moderate,1,16.0,49,0.0,8.4,106,943.6,16,9.2,9.5,306.0,3.0,97.0,15.5
2025-12-26 13:00:00,2025,12,26,13,Sơn La,Xã Gia Phù,21.1792752,104.5565002,59,Moderate,1,16.9,49,0.0,7.3,130,942.2,11,10.0,10.2,309.0,2.3,105.0,14.0
2025-12-26 14:00:00,2025,12,26,14,Sơn La,Xã Gia Phù,21.1792752,104.5565002,59,Moderate,1,17.1,50,0.0,9.1,129,941.0,11,10.7,10.9,298.0,1.8,111.0,13.4
2025-12-26 15:00:00,2025,12,26,15,Sơn La,Xã Gia Phù,21.1792752,104.5565002,59,Moderate,1,17.1,50,0.0,9.1,117,940.3,38,11.2,11.4,290.0,1.5,116.0,13.2
2025-12-26 16:00:00,2025,12,26,16,Sơn La,Xã Gia Phù,21.1792752,104.5565002,60,Moderate,1,16.6,52,0.0,8.8,110,939.7,77,11.6,11.8,311.0,1.9,116.0,13.1
2025-12-26 17:00:00,2025,12,26,17,Sơn La,Xã Gia Phù,21.1792752,104.5565002,60,Moderate,1,15.3,59,0.0,5.3,98,939.8,65,12.0,12.1,393.0,3.5,109.0,12.9
2025-12-26 18:00:00,2025,12,26,18,Sơn La,Xã Gia Phù,21.1792752,104.5565002,60,Moderate,1,13.3,66,0.0,5.1,58,939.8,48,13.1,13.2,505.0,5.8,97.0,12.8
2025-12-26 19:00:00,2025,12,26,19,Sơn La,Xã Gia Phù,21.1792752,104.5565002,60,Moderate,1,13.2,67,0.0,2.4,42,940.4,100,18.7,19.1,577.0,5.9,77.0,10.4
2025-12-26 20:00:00,2025,12,26,20,Sơn La,Xã Gia Phù,21.1792752,104.5565002,60,Moderate,1,12.7,69,0.0,5.0,52,941.2,100,19.4,19.7,572.0,6.6,76.0,12.3
2025-12-26 21:00:00,2025,12,26,21,Sơn La,Xã Gia Phù,21.1792752,104.5565002,59,Moderate,1,11.9,72,0.0,5.5,41,941.4,100,21.5,21.8,528.0,7.5,75.0,15.0
2025-12-26 22:00:00,2025,12,26,22,Sơn La,Xã Gia Phù,21.1792752,104.5565002,59,Moderate,1,11.2,74,0.0,5.4,42,941.5,100,24.6,24.9,491.0,8.4,72.0,16.9
2025-12-26 23:00:00,2025,12,26,23,Sơn La,Xã Gia Phù,21.1792752,104.5565002,59,Moderate,1,10.7,73,0.0,5.2,41,941.7,100,27.1,27.2,479.0,9.2,66.0,17.2
2025-12-27 00:00:00,2025,12,27,0,Sơn La,Xã Gia Phù,21.1792752,104.5565002,60,Moderate,1,10.5,70,0.0,5.5,38,941.5,100,28.6,28.8,475.0,9.8,59.0,16.8
2025-12-27 01:00:00,2025,12,27,1,Sơn La,Xã Gia Phù,21.1792752,104.5565002,60,Moderate,1,10.6,68,0.0,4.7,43,941.9,100,30.0,30.2,470.0,10.2,53.0,16.5
2025-12-27 02:00:00,2025,12,27,2,Sơn La,Xã Gia Phù,21.1792752,104.5565002,61,Moderate,1,11.8,61,0.0,5.9,55,942.0,98,31.8,31.9,457.0,10.0,50.0,16.4
2025-12-27 03:00:00,2025,12,27,3,Sơn La,Xã Gia Phù,21.1792752,104.5565002,62,Moderate,1,11.8,61,0.0,6.5,66,941.8,89,33.2,33.3,444.0,9.5,48.0,16.4
2025-12-27 04:00:00,2025,12,27,4,Sơn La,Xã Gia Phù,21.1792752,104.5565002,63,Moderate,1,11.6,62,0.0,6.7,70,942.0,98,34.5,34.5,448.0,9.0,48.0,17.9
2025-12-27 05:00:00,2025,12,27,5,Sơn La,Xã Gia Phù,21.1792752,104.5565002,64,Moderate,1,10.8,66,0.0,6.7,63,942.0,100,37.0,37.0,490.0,8.5,51.0,21.7
2025-12-27 06:00:00,2025,12,27,6,Sơn La,Xã Gia Phù,21.1792752,104.5565002,65,Moderate,1,10.6,69,0.0,6.0,57,942.6,100,39.1,39.2,550.0,8.1,57.0,27.0
2025-12-27 07:00:00,2025,12,27,7,Sơn La,Xã Gia Phù,21.1792752,104.5565002,67,Moderate,1,10.2,92,0.6,5.2,61,943.3,100,41.1,41.2,578.0,10.8,45.0,21.6
2025-12-27 08:00:00,2025,12,27,8,Sơn La,Xã Gia Phù,21.1792752,104.5565002,69,Moderate,1,10.8,90,0.2,6.6,68,944.1,100,43.8,44.0,544.0,9.8,57.0,29.1
2025-12-27 09:00:00,2025,12,27,9,Sơn La,Xã Gia Phù,21.1792752,104.5565002,72,Moderate,1,12.1,78,0.1,7.1,83,944.8,100,36.3,36.6,479.0,8.5,73.0,39.1
2025-12-27 10:00:00,2025,12,27,10,Sơn La,Xã Gia Phù,21.1792752,104.5565002,74,Moderate,1,13.2,73,0.0,8.8,90,945.0,100,34.2,34.6,428.0,7.1,88.0,44.8
2025-12-27 11:00:00,2025,12,27,11,Sơn La,Xã Gia Phù,21.1792752,104.5565002,77,Moderate,1,13.4,73,0.0,9.4,95,944.2,100,25.7,26.0,409.0,5.8,99.0,42.1
2025-12-27 12:00:00,2025,12,27,12,Sơn La,Xã Gia Phù,21.1792752,104.5565002,78,Moderate,1,14.2,69,0.0,9.7,100,943.1,100,26.6,26.9,403.0,4.4,107.0,35.0
2025-12-27 13:00:00,2025,12,27,13,Sơn La,Xã Gia Phù,21.1792752,104.5565002,80,Moderate,1,15.0,66,0.0,8.1,115,942.7,100,27.1,27.4,398.0,3.4,113.0,28.7
2025-12-27 14:00:00,2025,12,27,14,Sơn La,Xã Gia Phù,21.1792752,104.5565002,81,Moderate,1,14.4,69,0.0,9.6,106,941.8,100,27.2,27.5,382.0,2.7,115.0,24.8
2025-12-27 15:00:00,2025,12,27,15,Sơn La,Xã Gia Phù,21.1792752,104.5565002,83,Moderate,1,14.6,69,0.0,8.9,97,941.3,100,27.5,27.8,366.0,2.4,115.0,21.6
2025-12-27 16:00:00,2025,12,27,16,Sơn La,Xã Gia Phù,21.1792752,104.5565002,84,Moderate,1,14.5,69,0.0,8.1,90,941.0,98,27.6,27.9,374.0,2.8,111.0,19.2
2025-12-27 17:00:00,2025,12,27,17,Sơn La,Xã Gia Phù,21.1792752,104.5565002,85,Moderate,1,13.8,72,0.0,8.5,84,941.1,95,27.8,28.1,426.0,4.4,103.0,17.6
2025-12-27 18:00:00,2025,12,27,18,Sơn La,Xã Gia Phù,21.1792752,104.5565002,87,Moderate,1,12.2,80,0.0,5.9,52,941.1,98,29.2,29.5,501.0,6.6,91.0,16.8
2025-12-27 19:00:00,2025,12,27,19,Sơn La,Xã Gia Phù,21.1792752,104.5565002,88,Moderate,1,11.4,86,0.0,4.3,24,941.4,100,38.6,39.0,563.0,10.9,73.0,21.8
2025-12-27 20:00:00,2025,12,27,20,Sơn La,Xã Gia Phù,21.1792752,104.5565002,90,Moderate,1,12.0,83,0.0,4.2,20,942.1,96,41.3,41.7,603.0,11.7,68.0,21.8
2025-12-27 21:00:00,2025,12,27,21,Sơn La,Xã Gia Phù,21.1792752,104.5565002,92,Moderate,1,10.9,88,0.0,3.7,11,941.9,97,44.6,44.8,630.0,12.7,61.0,21.7
2025-12-27 22:00:00,2025,12,27,22,Sơn La,Xã Gia Phù,21.1792752,104.5565002,94,Moderate,1,10.6,88,0.0,4.2,5,942.0,93,46.8,47.0,632.0,13.4,56.0,21.8
2025-12-27 23:00:00,2025,12,27,23,Sơn La,Xã Gia Phù,21.1792752,104.5565002,96,Moderate,1,9.9,91,0.0,4.3,360,941.8,93,49.4,49.6,593.0,13.5,53.0,22.2
2025-12-28 00:00:00,2025,12,28,0,Sơn La,Xã Gia Phù,21.1792752,104.5565002,98,Moderate,1,9.5,93,0.0,3.8,357,941.7,91,51.9,52.3,529.0,13.2,52.0,22.8
2025-12-28 01:00:00,2025,12,28,1,Sơn La,Xã Gia Phù,21.1792752,104.5565002,100,Moderate,1,9.8,93,0.0,2.4,27,941.9,88,54.1,54.4,480.0,12.8,50.0,22.9
2025-12-28 02:00:00,2025,12,28,2,Sơn La,Xã Gia Phù,21.1792752,104.5565002,103,Unhealthy for Sensitive Groups,2,10.7,89,0.0,4.0,30,942.0,100,55.9,56.1,457.0,12.4,46.0,21.6
2025-12-28 03:00:00,2025,12,28,3,Sơn La,Xã Gia Phù,21.1792752,104.5565002,105,Unhealthy for Sensitive Groups,2,11.2,85,0.0,3.7,47,941.8,100,56.9,57.2,448.0,11.9,40.0,20.0
2025-12-28 04:00:00,2025,12,28,4,Sơn La,Xã Gia Phù,21.1792752,104.5565002,108,Unhealthy for Sensitive Groups,2,11.2,84,0.0,3.6,63,941.7,100,56.7,56.9,461.0,11.2,39.0,20.0
2025-12-28 05:00:00,2025,12,28,5,Sơn La,Xã Gia Phù,21.1792752,104.5565002,110,Unhealthy for Sensitive Groups,2,11.2,82,0.0,3.5,62,942.0,100,55.3,55.4,513.0,10.1,43.0,23.6
2025-12-28 06:00:00,2025,12,28,6,Sơn La,Xã Gia Phù,21.1792752,104.5565002,112,Unhealthy for Sensitive Groups,2,11.3,80,0.0,3.8,65,942.6,100,51.2,51.5,586.0,8.8,51.0,29.0
2025-12-28 07:00:00,2025,12,28,7,Sơn La,Xã Gia Phù,21.1792752,104.5565002,113,Unhealthy for Sensitive Groups,2,11.2,82,0.0,3.0,52,943.1,100,48.3,48.5,630.0,6.6,57.0,27.4
2025-12-28 08:00:00,2025,12,28,8,Sơn La,Xã Gia Phù,21.1792752,104.5565002,114,Unhealthy for Sensitive Groups,2,12.3,75,0.0,4.3,75,944.1,100,44.0,44.4,619.0,5.4,67.0,26.6
2025-12-28 09:00:00,2025,12,28,9,Sơn La,Xã Gia Phù,21.1792752,104.5565002,114,Unhealthy for Sensitive Groups,2,13.0,72,0.0,5.1,100,944.7,100,39.8,40.2,579.0,3.7,81.0,25.5
2025-12-28 10:00:00,2025,12,28,10,Sơn La,Xã Gia Phù,21.1792752,104.5565002,114,Unhealthy for Sensitive Groups,2,14.0,70,0.0,6.1,114,944.8,99,37.5,37.8,537.0,2.4,92.0,23.4
2025-12-28 11:00:00,2025,12,28,11,Sơn La,Xã Gia Phù,21.1792752,104.5565002,114,Unhealthy for Sensitive Groups,2,14.5,70,0.0,6.0,117,943.9,84,36.3,36.7,501.0,1.7,98.0,19.9
2025-12-28 12:00:00,2025,12,28,12,Sơn La,Xã Gia Phù,21.1792752,104.5565002,116,Unhealthy for Sensitive Groups,2,15.5,67,0.0,5.7,122,942.6,95,35.9,36.2,464.0,1.4,101.0,15.5
2025-12-28 13:00:00,2025,12,28,13,Sơn La,Xã Gia Phù,21.1792752,104.5565002,117,Unhealthy for Sensitive Groups,2,15.6,67,0.0,4.0,162,941.6,99,34.7,34.9,432.0,1.2,102.0,11.7
2025-12-28 14:00:00,2025,12,28,14,Sơn La,Xã Gia Phù,21.1792752,104.5565002,117,Unhealthy for Sensitive Groups,2,16.1,66,0.0,5.5,139,940.6,47,33.4,33.6,396.0,0.9,103.0,8.8
2025-12-28 15:00:00,2025,12,28,15,Sơn La,Xã Gia Phù,21.1792752,104.5565002,118,Unhealthy for Sensitive Groups,2,16.4,66,0.0,5.3,125,940.1,48,33.1,33.4,364.0,0.7,102.0,6.6
2025-12-28 16:00:00,2025,12,28,16,Sơn La,Xã Gia Phù,21.1792752,104.5565002,119,Unhealthy for Sensitive Groups,2,16.2,67,0.0,5.0,88,940.0,13,32.5,32.8,371.0,1.6,99.0,5.3
2025-12-28 17:00:00,2025,12,28,17,Sơn La,Xã Gia Phù,21.1792752,104.5565002,119,Unhealthy for Sensitive Groups,2,15.3,76,0.0,3.2,71,939.5,23,32.7,32.9,451.0,4.4,91.0,5.3
2025-12-28 18:00:00,2025,12,28,18,Sơn La,Xã Gia Phù,21.1792752,104.5565002,120,Unhealthy for Sensitive Groups,2,13.4,80,0.0,4.0,39,939.6,37,37.0,37.4,569.0,8.2,81.0,6.3
2025-12-28 19:00:00,2025,12,28,19,Sơn La,Xã Gia Phù,21.1792752,104.5565002,120,Unhealthy for Sensitive Groups,2,12.8,84,0.0,3.7,14,940.3,48,34.1,34.2,657.0,11.6,64.0,7.3
2025-12-28 20:00:00,2025,12,28,20,Sơn La,Xã Gia Phù,21.1792752,104.5565002,120,Unhealthy for Sensitive Groups,2,12.4,86,0.0,4.0,10,940.7,57,37.4,37.6,688.0,12.2,63.0,9.3
2025-12-28 21:00:00,2025,12,28,21,Sơn La,Xã Gia Phù,21.1792752,104.5565002,120,Unhealthy for Sensitive Groups,2,11.8,89,0.0,3.2,360,940.6,72,40.3,40.5,689.0,13.0,60.0,12.2
2025-12-28 22:00:00,2025,12,28,22,Sơn La,Xã Gia Phù,21.1792752,104.5565002,119,Unhealthy for Sensitive Groups,2,10.9,92,0.0,2.9,349,940.1,82,46.1,46.3,671.0,13.5,59.0,14.7
2025-12-28 23:00:00,2025,12,28,23,Sơn La,Xã Gia Phù,21.1792752,104.5565002,119,Unhealthy for Sensitive Groups,2,10.3,94,0.0,2.8,345,939.9,82,51.3,51.5,628.0,13.5,58.0,16.3
2025-12-29 00:00:00,2025,12,29,0,Sơn La,Xã Gia Phù,21.1792752,104.5565002,119,Unhealthy for Sensitive Groups,2,10.2,94,0.0,2.8,342,939.5,77,53.4,53.7,566.0,13.1,58.0,17.5
2025-12-29 01:00:00,2025,12,29,1,Sơn La,Xã Gia Phù,21.1792752,104.5565002,119,Unhealthy for Sensitive Groups,2,10.3,93,0.0,1.3,344,939.3,86,54.5,54.6,513.0,12.2,59.0,18.7
2025-12-29 02:00:00,2025,12,29,2,Sơn La,Xã Gia Phù,21.1792752,104.5565002,119,Unhealthy for Sensitive Groups,2,10.4,93,0.0,1.3,352,938.9,100,49.7,49.9,471.0,10.5,61.0,20.2
2025-12-29 03:00:00,2025,12,29,3,Sơn La,Xã Gia Phù,21.1792752,104.5565002,119,Unhealthy for Sensitive Groups,2,11.1,92,0.0,1.1,351,938.7,97,48.7,48.9,438.0,8.3,64.0,21.8
2025-12-29 04:00:00,2025,12,29,4,Sơn La,Xã Gia Phù,21.1792752,104.5565002,118,Unhealthy for Sensitive Groups,2,11.5,91,0.0,0.6,342,938.9,99,48.9,49.1,435.0,6.7,65.0,23.0
2025-12-29 05:00:00,2025,12,29,5,Sơn La,Xã Gia Phù,21.1792752,104.5565002,117,Unhealthy for Sensitive Groups,2,11.8,91,0.0,0.4,270,939.1,100,48.8,49.0,492.0,6.3,62.0,23.6
2025-12-29 06:00:00,2025,12,29,6,Sơn La,Xã Gia Phù,21.1792752,104.5565002,116,Unhealthy for Sensitive Groups,2,11.7,92,0.0,1.7,283,939.4,100,48.5,48.8,580.0,6.5,58.0,23.7
2025-12-29 07:00:00,2025,12,29,7,Sơn La,Xã Gia Phù,21.1792752,104.5565002,116,Unhealthy for Sensitive Groups,2,11.0,96,0.0,2.3,266,939.9,92,42.6,42.8,627.0,6.6,61.0,20.5
2025-12-29 08:00:00,2025,12,29,8,Sơn La,Xã Gia Phù,21.1792752,104.5565002,116,Unhealthy for Sensitive Groups,2,12.2,91,0.0,4.9,253,940.8,96,42.3,42.5,594.0,5.3,70.0,18.3
2025-12-29 09:00:00,2025,12,29,9,Sơn La,Xã Gia Phù,21.1792752,104.5565002,115,Unhealthy for Sensitive Groups,2,14.0,83,0.0,5.9,230,941.4,78,39.1,39.3,521.0,3.4,82.0,15.2
2025-12-29 10:00:00,2025,12,29,10,Sơn La,Xã Gia Phù,21.1792752,104.5565002,115,Unhealthy for Sensitive Groups,2,15.9,76,0.0,7.5,228,941.7,94,31.1,31.2,456.0,2.0,93.0,12.1
2025-12-29 11:00:00,2025,12,29,11,Sơn La,Xã Gia Phù,21.1792752,104.5565002,115,Unhealthy for Sensitive Groups,2,18.4,66,0.0,9.2,227,940.9,37,24.6,24.7,411.0,1.3,100.0,8.9
2025-12-29 12:00:00,2025,12,29,12,Sơn La,Xã Gia Phù,21.1792752,104.5565002,113,Unhealthy for Sensitive Groups,2,20.8,58,0.0,9.0,218,939.4,8,17.2,17.3,374.0,1.0,106.0,5.7
2025-12-29 13:00:00,2025,12,29,13,Sơn La,Xã Gia Phù,21.1792752,104.5565002,111,Unhealthy for Sensitive Groups,2,22.2,52,0.0,9.2,227,938.3,29,10.9,10.9,357.0,0.9,110.0,3.4
2025-12-29 14:00:00,2025,12,29,14,Sơn La,Xã Gia Phù,21.1792752,104.5565002,109,Unhealthy for Sensitive Groups,2,22.6,50,0.0,8.9,222,937.8,27,7.5,7.5,369.0,0.4,112.0,2.0
2025-12-29 15:00:00,2025,12,29,15,Sơn La,Xã Gia Phù,21.1792752,104.5565002,106,Unhealthy for Sensitive Groups,2,22.3,50,0.0,4.5,185,937.4,15,6.6,6.6,400.0,0.0,112.0,1.5
2025-12-29 16:00:00,2025,12,29,16,Sơn La,Xã Gia Phù,21.1792752,104.5565002,104,Unhealthy for Sensitive Groups,2,19.6,62,0.0,7.4,90,937.3,6,5.0,5.0,438.0,1.0,109.0,2.3
2025-12-29 17:00:00,2025,12,29,17,Sơn La,Xã Gia Phù,21.1792752,104.5565002,101,Unhealthy for Sensitive Groups,2,16.3,79,0.0,10.4,73,937.6,5,8.4,8.5,484.0,4.8,99.0,5.2
2025-12-29 18:00:00,2025,12,29,18,Sơn La,Xã Gia Phù,21.1792752,104.5565002,98,Moderate,1,13.9,91,0.0,6.1,28,937.5,13,18.0,18.1,536.0,9.9,86.0,9.4
2025-12-29 19:00:00,2025,12,29,19,Sơn La,Xã Gia Phù,21.1792752,104.5565002,97,Moderate,1,14.0,91,0.0,4.6,21,938.4,58,19.5,19.6,575.0,16.2,74.0,9.8
2025-12-29 20:00:00,2025,12,29,20,Sơn La,Xã Gia Phù,21.1792752,104.5565002,95,Moderate,1,14.6,88,0.0,5.6,27,939.2,100,28.1,28.2,592.0,15.9,67.0,11.3
2025-12-29 21:00:00,2025,12,29,21,Sơn La,Xã Gia Phù,21.1792752,104.5565002,95,Moderate,1,14.6,87,0.0,5.6,22,939.5,100,34.8,34.9,596.0,15.4,59.0,13.6
2025-12-29 22:00:00,2025,12,29,22,Sơn La,Xã Gia Phù,21.1792752,104.5565002,94,Moderate,1,14.3,89,0.0,4.8,15,939.7,100,41.2,41.4,594.0,14.4,54.0,17.6
2025-12-29 23:00:00,2025,12,29,23,Sơn La,Xã Gia Phù,21.1792752,104.5565002,94,Moderate,1,14.4,89,0.0,4.8,20,939.6,100,45.5,45.6,585.0,12.6,59.0,24.9
2025-12-30 00:00:00,2025,12,30,0,Sơn La,Xã Gia Phù,21.1792752,104.5565002,93,Moderate,1,14.7,88,0.1,3.2,43,939.6,100,48.9,49.1,571.0,10.4,68.0,33.8
2025-12-30 01:00:00,2025,12,30,1,Sơn La,Xã Gia Phù,21.1792752,104.5565002,93,Moderate,1,14.4,93,0.2,2.3,39,939.4,100,52.9,53.2,561.0,8.7,73.0,39.8
2025-12-30 02:00:00,2025,12,30,2,Sơn La,Xã Gia Phù,21.1792752,104.5565002,93,Moderate,1,14.6,94,0.2,2.7,58,939.0,100,47.6,48.0,557.0,7.8,71.0,40.5
2025-12-30 03:00:00,2025,12,30,3,Sơn La,Xã Gia Phù,21.1792752,104.5565002,92,Moderate,1,14.3,96,0.1,2.4,42,938.5,100,41.1,41.3,558.0,7.4,65.0,38.2
2025-12-30 04:00:00,2025,12,30,4,Sơn La,Xã Gia Phù,21.1792752,104.5565002,92,Moderate,1,14.1,96,0.1,2.8,27,938.5,100,32.9,33.2,574.0,7.2,60.0,36.0
2025-12-30 05:00:00,2025,12,30,5,Sơn La,Xã Gia Phù,21.1792752,104.5565002,90,Moderate,1,14.1,96,0.0,2.7,23,938.5,100,26.4,26.6,628.0,7.3,56.0,35.1
2025-12-30 06:00:00,2025,12,30,6,Sơn La,Xã Gia Phù,21.1792752,104.5565002,88,Moderate,1,13.6,97,0.0,2.3,4,938.8,100,21.6,21.8,697.0,7.7,53.0,34.2
2025-12-30 07:00:00,2025,12,30,7,Sơn La,Xã Gia Phù,21.1792752,104.5565002,86,Moderate,1,14.0,95,0.0,0.8,63,939.7,100,31.3,31.5,722.0,4.0,73.0,24.7
2025-12-30 08:00:00,2025,12,30,8,Sơn La,Xã Gia Phù,21.1792752,104.5565002,85,Moderate,1,14.6,96,0.1,2.8,63,940.6,100,28.1,28.4,662.0,3.7,77.0,21.5
2025-12-30 09:00:00,2025,12,30,9,Sơn La,Xã Gia Phù,21.1792752,104.5565002,84,Moderate,1,15.3,93,0.1,2.2,90,941.4,100,25.6,25.8,558.0,3.2,82.0,16.9
2025-12-30 10:00:00,2025,12,30,10,Sơn La,Xã Gia Phù,21.1792752,104.5565002,83,Moderate,1,16.4,86,0.0,1.8,135,941.6,100,24.7,24.9,472.0,2.7,87.0,12.7
2025-12-30 11:00:00,2025,12,30,11,Sơn La,Xã Gia Phù,21.1792752,104.5565002,82,Moderate,1,18.0,75,0.0,2.9,169,941.0,90,25.4,25.7,426.0,2.3,91.0,9.4
2025-12-30 12:00:00,2025,12,30,12,Sơn La,Xã Gia Phù,21.1792752,104.5565002,82,Moderate,1,19.5,67,0.0,5.4,184,939.8,27,25.9,26.3,397.0,1.8,95.0,6.5
2025-12-30 13:00:00,2025,12,30,13,Sơn La,Xã Gia Phù,21.1792752,104.5565002,83,Moderate,1,21.1,60,0.0,9.3,221,938.7,64,24.7,25.0,379.0,1.5,98.0,4.2
2025-12-30 14:00:00,2025,12,30,14,Sơn La,Xã Gia Phù,21.1792752,104.5565002,84,Moderate,1,21.4,58,0.0,7.8,217,937.7,50,23.5,23.8,365.0,1.0,100.0,2.5
2025-12-30 15:00:00,2025,12,30,15,Sơn La,Xã Gia Phù,21.1792752,104.5565002,85,Moderate,1,21.4,57,0.0,4.8,211,937.0,50,22.2,22.6,362.0,0.5,102.0,1.5
2025-12-30 16:00:00,2025,12,30,16,Sơn La,Xã Gia Phù,21.1792752,104.5565002,87,Moderate,1,21.2,57,0.0,2.0,190,936.6,37,20.6,21.0,378.0,1.1,100.0,1.0
2025-12-30 17:00:00,2025,12,30,17,Sơn La,Xã Gia Phù,21.1792752,104.5565002,88,Moderate,1,19.9,69,0.0,2.8,108,936.4,31,20.3,20.6,427.0,3.5,93.0,1.2
2025-12-30 18:00:00,2025,12,30,18,Sơn La,Xã Gia Phù,21.1792752,104.5565002,89,Moderate,1,17.2,74,0.0,4.9,33,935.9,45,23.1,23.5,495.0,6.9,82.0,2.0
2025-12-30 19:00:00,2025,12,30,19,Sơn La,Xã Gia Phù,21.1792752,104.5565002,90,Moderate,1,16.1,84,0.0,5.0,26,936.4,88,24.2,24.6,551.0,12.6,69.0,4.3
2025-12-30 20:00:00,2025,12,30,20,Sơn La,Xã Gia Phù,21.1792752,104.5565002,90,Moderate,1,15.6,89,0.0,4.8,29,937.0,60,24.3,24.6,588.0,12.6,67.0,4.7
2025-12-30 21:00:00,2025,12,30,21,Sơn La,Xã Gia Phù,21.1792752,104.5565002,90,Moderate,1,14.7,91,0.0,3.8,17,937.1,84,24.3,24.7,614.0,12.5,65.0,5.1
2025-12-30 22:00:00,2025,12,30,22,Sơn La,Xã Gia Phù,21.1792752,104.5565002,89,Moderate,1,14.1,91,0.0,3.2,357,937.2,68,25.5,25.8,616.0,12.7,63.0,5.6
2025-12-30 23:00:00,2025,12,30,23,Sơn La,Xã Gia Phù,21.1792752,104.5565002,87,Moderate,1,13.4,89,0.0,1.8,349,937.0,66,26.6,27.0,582.0,13.3,61.0,6.0
2025-12-31 00:00:00,2025,12,31,0,Sơn La,Xã Gia Phù,21.1792752,104.5565002,86,Moderate,1,13.2,89,0.0,1.9,338,936.6,67,27.2,27.5,525.0,14.2,60.0,6.3
2025-12-31 01:00:00,2025,12,31,1,Sơn La,Xã Gia Phù,21.1792752,104.5565002,84,Moderate,1,12.8,94,0.0,2.3,315,936.2,82,27.6,28.0,472.0,14.8,58.0,6.5
2025-12-31 02:00:00,2025,12,31,2,Sơn La,Xã Gia Phù,21.1792752,104.5565002,82,Moderate,1,12.7,91,0.0,3.2,297,935.5,55,28.0,28.3,428.0,15.1,57.0,6.8
2025-12-31 03:00:00,2025,12,31,3,Sơn La,Xã Gia Phù,21.1792752,104.5565002,80,Moderate,1,12.4,90,0.0,3.7,284,935.3,57,28.3,28.7,388.0,15.2,55.0,6.9
2025-12-31 04:00:00,2025,12,31,4,Sơn La,Xã Gia Phù,21.1792752,104.5565002,79,Moderate,1,12.0,91,0.0,3.9,286,935.2,78,28.8,29.2,365.0,15.1,52.0,6.5
2025-12-31 05:00:00,2025,12,31,5,Sơn La,Xã Gia Phù,21.1792752,104.5565002,78,Moderate,1,11.9,91,0.0,4.2,288,935.1,73,37.5,37.8,371.0,15.3,44.0,4.9
2025-12-31 06:00:00,2025,12,31,6,Sơn La,Xã Gia Phù,21.1792752,104.5565002,79,Moderate,1,11.6,91,0.0,4.4,282,935.4,15,41.9,42.4,393.0,15.3,35.0,2.7
2025-12-31 07:00:00,2025,12,31,7,Sơn La,Xã Gia Phù,21.1792752,104.5565002,81,Moderate,1,11.8,89,0.0,3.1,273,936.3,34,43.5,43.9,407.0,14.1,43.0,1.9
2025-12-31 08:00:00,2025,12,31,8,Sơn La,Xã Gia Phù,21.1792752,104.5565002,82,Moderate,1,13.6,85,0.0,4.2,265,937.5,8,36.6,36.9,406.0,10.8,57.0,2.4
2025-12-31 09:00:00,2025,12,31,9,Sơn La,Xã Gia Phù,21.1792752,104.5565002,83,Moderate,1,15.7,79,0.0,4.7,208,938.2,2,26.0,26.3,397.0,6.2,76.0,3.0
2025-12-31 10:00:00,2025,12,31,10,Sơn La,Xã Gia Phù,21.1792752,104.5565002,83,Moderate,1,17.8,74,0.0,5.8,182,938.5,3,21.0,21.5,380.0,2.7,92.0,3.6
2025-12-31 11:00:00,2025,12,31,11,Sơn La,Xã Gia Phù,21.1792752,104.5565002,83,Moderate,1,19.7,69,0.0,6.8,182,937.7,1,16.1,16.5,352.0,1.3,102.0,4.1
2025-12-31 12:00:00,2025,12,31,12,Sơn La,Xã Gia Phù,21.1792752,104.5565002,82,Moderate,1,21.8,60,0.0,8.8,211,936.5,5,12.8,13.2,315.0,0.9,109.0,4.5
2025-12-31 13:00:00,2025,12,31,13,Sơn La,Xã Gia Phù,21.1792752,104.5565002,81,Moderate,1,23.7,48,0.0,11.1,233,935.6,3,10.1,10.6,284.0,0.7,113.0,4.7
2025-12-31 14:00:00,2025,12,31,14,Sơn La,Xã Gia Phù,21.1792752,104.5565002,79,Moderate,1,24.3,44,0.0,12.6,246,934.4,9,7.8,8.3,253.0,0.0,113.0,4.2
2025-12-31 15:00:00,2025,12,31,15,Sơn La,Xã Gia Phù,21.1792752,104.5565002,78,Moderate,1,24.5,43,0.0,12.6,242,934.2,12,6.7,7.1,226.0,0.0,111.0,3.5
2025-12-31 16:00:00,2025,12,31,16,Sơn La,Xã Gia Phù,21.1792752,104.5565002,77,Moderate,1,23.8,46,0.0,7.9,237,933.8,9,6.5,7.0,231.0,0.9,105.0,3.5
2025-12-31 17:00:00,2025,12,31,17,Sơn La,Xã Gia Phù,21.1792752,104.5565002,75,Moderate,1,21.6,60,0.0,1.1,90,933.8,9,7.4,7.9,297.0,5.8,96.0,4.7
2025-12-31 18:00:00,2025,12,31,18,Sơn La,Xã Gia Phù,21.1792752,104.5565002,74,Moderate,1,17.9,74,0.0,6.4,38,933.8,5,11.5,11.9,394.0,12.5,84.0,6.6
2025-12-31 19:00:00,2025,12,31,19,Sơn La,Xã Gia Phù,21.1792752,104.5565002,73,Moderate,1,16.5,85,0.0,5.9,23,934.1,49,17.0,17.4,464.0,17.8,76.0,8.5
2025-12-31 20:00:00,2025,12,31,20,Sơn La,Xã Gia Phù,21.1792752,104.5565002,73,Moderate,1,16.0,90,0.0,6.3,24,935.3,84,20.4,20.8,474.0,19.2,68.0,9.4
2025-12-31 21:00:00,2025,12,31,21,Sơn La,Xã Gia Phù,21.1792752,104.5565002,72,Moderate,1,15.3,92,0.1,5.2,12,936.0,91,23.7,24.1,456.0,21.0,58.0,10.8
2025-12-31 22:00:00,2025,12,31,22,Sơn La,Xã Gia Phù,21.1792752,104.5565002,72,Moderate,1,14.6,92,0.0,4.6,9,936.1,96,26.2,26.6,445.0,21.7,49.0,11.7
2025-12-31 23:00:00,2025,12,31,23,Sơn La,Xã Gia Phù,21.1792752,104.5565002,72,Moderate,1,14.0,92,0.0,3.2,360,936.0,87,28.0,28.4,458.0,20.4,45.0,11.9
2026-01-01 00:00:00,2026,1,1,0,Sơn La,Xã Gia Phù,21.1792752,104.5565002,72,Moderate,1,13.6,91,0.0,2.6,12,935.9,81,30.0,30.4,477.0,18.1,43.0,11.7
2026-01-01 01:00:00,2026,1,1,1,Sơn La,Xã Gia Phù,21.1792752,104.5565002,73,Moderate,1,13.3,96,0.0,3.4,25,936.1,91,34.1,34.6,488.0,16.0,41.0,11.7
2026-01-01 02:00:00,2026,1,1,2,Sơn La,Xã Gia Phù,21.1792752,104.5565002,73,Moderate,1,13.4,97,0.0,3.6,20,936.0,100,36.6,36.9,478.0,14.5,38.0,11.9
2026-01-01 03:00:00,2026,1,1,3,Sơn La,Xã Gia Phù,21.1792752,104.5565002,74,Moderate,1,14.7,98,0.0,3.3,22,936.3,100,31.7,31.9,459.0,13.2,35.0,12.2
2026-01-01 04:00:00,2026,1,1,4,Sơn La,Xã Gia Phù,21.1792752,104.5565002,74,Moderate,1,14.7,99,0.0,2.6,12,936.3,100,24.1,24.3,453.0,12.3,33.0,12.9
2026-01-01 05:00:00,2026,1,1,5,Sơn La,Xã Gia Phù,21.1792752,104.5565002,74,Moderate,1,14.8,98,0.0,1.1,360,936.8,100,15.3,15.4,483.0,12.4,30.0,14.9
2026-01-01 06:00:00,2026,1,1,6,Sơn La,Xã Gia Phù,21.1792752,104.5565002,72,Moderate,1,14.4,99,0.0,0.5,360,937.4,100,11.3,11.3,526.0,13.0,27.0,17.3
2026-01-01 07:00:00,2026,1,1,7,Sơn La,Xã Gia Phù,21.1792752,104.5565002,69,Moderate,1,14.8,96,0.0,0.8,27,938.5,92,10.5,10.6,539.0,11.3,36.0,18.9
2026-01-01 08:00:00,2026,1,1,8,Sơn La,Xã Gia Phù,21.1792752,104.5565002,66,Moderate,1,15.6,94,0.0,2.5,60,940.1,76,7.4,7.4,492.0,9.5,47.0,16.8
2026-01-01 09:00:00,2026,1,1,9,Sơn La,Xã Gia Phù,21.1792752,104.5565002,64,Moderate,1,17.1,87,0.0,2.7,122,941.3,100,8.4,8.5,415.0,7.0,62.0,13.8
2026-01-01 10:00:00,2026,1,1,10,Sơn La,Xã Gia Phù,21.1792752,104.5565002,62,Moderate,1,17.8,83,0.0,4.1,128,941.5,100,10.8,10.9,359.0,4.9,77.0,11.0
2026-01-01 11:00:00,2026,1,1,11,Sơn La,Xã Gia Phù,21.1792752,104.5565002,61,Moderate,1,18.6,80,0.1,7.7,87,941.4,100,10.5,10.7,347.0,3.4,90.0,8.8
2026-01-01 12:00:00,2026,1,1,12,Sơn La,Xã Gia Phù,21.1792752,104.5565002,61,Moderate,1,19.4,73,0.0,10.1,84,940.7,50,10.7,10.9,356.0,2.3,101.0,6.9
2026-01-01 13:00:00,2026,1,1,13,Sơn La,Xã Gia Phù,21.1792752,104.5565002,61,Moderate,1,20.1,69,0.0,9.1,82,940.1,32,10.1,10.2,360.0,1.6,109.0,5.4
2026-01-01 14:00:00,2026,1,1,14,Sơn La,Xã Gia Phù,21.1792752,104.5565002,61,Moderate,1,19.8,68,0.0,12.3,72,939.5,71,9.7,9.9,348.0,1.1,112.0,4.2
2026-01-01 15:00:00,2026,1,1,15,Sơn La,Xã Gia Phù,21.1792752,104.5565002,61,Moderate,1,19.8,69,0.0,13.1,71,939.7,73,10.1,10.3,331.0,1.1,112.0,3.3
2026-01-01 16:00:00,2026,1,1,16,Sơn La,Xã Gia Phù,21.1792752,104.5565002,61,Moderate,1,19.0,71,0.0,13.0,66,939.9,68,10.8,11.0,323.0,1.8,108.0,3.3
2026-01-01 17:00:00,2026,1,1,17,Sơn La,Xã Gia Phù,21.1792752,104.5565002,61,Moderate,1,17.7,78,0.0,11.1,63,940.3,66,12.5,12.7,329.0,4.1,99.0,4.6
2026-01-01 18:00:00,2026,1,1,18,Sơn La,Xã Gia Phù,21.1792752,104.5565002,62,Moderate,1,16.3,86,0.0,8.7,52,940.9,76,15.0,15.1,344.0,7.3,88.0,6.8
2026-01-01 19:00:00,2026,1,1,19,Sơn La,Xã Gia Phù,21.1792752,104.5565002,62,Moderate,1,15.8,97,0.0,7.3,50,940.8,90,22.4,22.7,362.0,9.0,71.0,7.1
2026-01-01 20:00:00,2026,1,1,20,Sơn La,Xã Gia Phù,21.1792752,104.5565002,63,Moderate,1,16.2,94,0.1,9.9,55,941.5,100,16.3,16.5,383.0,9.2,69.0,9.1
2026-01-01 21:00:00,2026,1,1,21,Sơn La,Xã Gia Phù,21.1792752,104.5565002,62,Moderate,1,15.9,92,0.1,10.0,51,942.4,94,10.1,10.2,407.0,9.4,67.0,11.8
2026-01-01 22:00:00,2026,1,1,22,Sơn La,Xã Gia Phù,21.1792752,104.5565002,61,Moderate,1,15.6,92,0.1,9.9,44,942.8,100,6.7,6.8,428.0,9.3,65.0,13.9
2026-01-01 23:00:00,2026,1,1,23,Sơn La,Xã Gia Phù,21.1792752,104.5565002,59,Moderate,1,15.0,92,0.1,11.2,41,943.0,100,5.2,5.2,441.0,8.8,64.0,14.8
2026-01-02 00:00:00,2026,1,2,0,Sơn La,Xã Gia Phù,21.1792752,104.5565002,57,Moderate,1,14.3,93,0.4,11.7,45,943.2,100,4.7,4.7,452.0,7.9,63.0,15.1
2026-01-02 01:00:00,2026,1,2,1,Sơn La,Xã Gia Phù,21.1792752,104.5565002,55,Moderate,1,14.0,94,0.2,10.3,47,942.9,100,5.3,5.3,469.0,7.1,63.0,14.9
2026-01-02 02:00:00,2026,1,2,2,Sơn La,Xã Gia Phù,21.1792752,104.5565002,52,Moderate,1,13.8,94,0.0,10.6,42,942.5,100,6.2,6.3,499.0,6.3,63.0,14.2
2026-01-02 03:00:00,2026,1,2,3,Sơn La,Xã Gia Phù,21.1792752,104.5565002,50,Good,0,13.6,92,0.1,10.3,46,942.6,100,6.9,7.0,537.0,5.4,63.0,13.1
2026-01-02 04:00:00,2026,1,2,4,Sơn La,Xã Gia Phù,21.1792752,104.5565002,45,Good,0,13.2,96,0.5,8.6,53,942.6,100,7.5,7.5,573.0,4.8,63.0,12.1
2026-01-02 05:00:00,2026,1,2,5,Sơn La,Xã Gia Phù,21.1792752,104.5565002,42,Good,0,12.9,96,0.5,8.4,56,942.7,100,8.0,8.0,607.0,4.5,63.0,11.3
2026-01-02 06:00:00,2026,1,2,6,Sơn La,Xã Gia Phù,21.1792752,104.5565002,41,Good,0,12.9,94,0.1,8.7,63,943.5,100,8.5,8.6,640.0,4.4,64.0,10.5
2026-01-02 07:00:00,2026,1,2,7,Sơn La,Xã Gia Phù,21.1792752,104.5565002,41,Good,0,12.7,96,0.0,8.4,48,944.0,100,15.0,15.2,664.0,4.6,70.0,11.8
2026-01-02 08:00:00,2026,1,2,8,Sơn La,Xã Gia Phù,21.1792752,104.5565002,41,Good,0,12.9,94,0.1,10.3,52,945.2,100,13.7,13.9,676.0,4.5,73.0,11.8
2026-01-02 09:00:00,2026,1,2,9,Sơn La,Xã Gia Phù,21.1792752,104.5565002,43,Good,0,13.4,87,0.0,10.3,54,946.4,100,12.2,12.3,680.0,4.2,78.0,11.9
2026-01-02 10:00:00,2026,1,2,10,Sơn La,Xã Gia Phù,21.1792752,104.5565002,43,Good,0,13.7,82,0.0,11.1,54,946.8,100,11.0,11.1,676.0,4.1,81.0,12.2
2026-01-02 11:00:00,2026,1,2,11,Sơn La,Xã Gia Phù,21.1792752,104.5565002,43,Good,0,14.2,78,0.0,11.0,66,946.5,100,10.0,10.1,661.0,4.0,83.0,12.8
2026-01-02 12:00:00,2026,1,2,12,Sơn La,Xã Gia Phù,21.1792752,104.5565002,43,Good,0,14.2,78,0.0,11.0,75,945.6,100,9.7,9.9,637.0,4.0,83.0,13.5
2026-01-02 13:00:00,2026,1,2,13,Sơn La,Xã Gia Phù,21.1792752,104.5565002,43,Good,0,14.1,76,0.0,9.6,73,944.6,100,9.4,9.5,617.0,4.1,83.0,14.2
2026-01-02 14:00:00,2026,1,2,14,Sơn La,Xã Gia Phù,21.1792752,104.5565002,43,Good,0,14.3,74,0.0,11.4,64,943.9,100,10.5,10.6,601.0,4.4,83.0,14.7
2026-01-02 15:00:00,2026,1,2,15,Sơn La,Xã Gia Phù,21.1792752,104.5565002,43,Good,0,14.5,72,0.0,12.0,72,943.7,100,9.4,9.5,587.0,4.9,82.0,15.2
2026-01-02 16:00:00,2026,1,2,16,Sơn La,Xã Gia Phù,21.1792752,104.5565002,43,Good,0,14.0,74,0.0,11.5,70,943.5,100,10.0,10.0,586.0,5.5,80.0,15.8
2026-01-02 17:00:00,2026,1,2,17,Sơn La,Xã Gia Phù,21.1792752,104.5565002,43,Good,0,13.2,78,0.0,10.5,65,943.7,100,10.7,10.8,607.0,6.3,76.0,16.6
2026-01-02 18:00:00,2026,1,2,18,Sơn La,Xã Gia Phù,21.1792752,104.5565002,42,Good,0,12.6,81,0.0,10.0,62,944.1,100,12.1,12.2,640.0,7.1,72.0,17.5
2026-01-02 19:00:00,2026,1,2,19,Sơn La,Xã Gia Phù,21.1792752,104.5565002,42,Good,0,12.4,84,0.0,8.1,65,944.1,100,16.7,16.8,663.0,5.5,64.0,19.4
2026-01-02 20:00:00,2026,1,2,20,Sơn La,Xã Gia Phù,21.1792752,104.5565002,41,Good,0,12.4,83,0.0,8.9,56,945.1,100,16.5,16.5,667.0,5.9,62.0,20.6
2026-01-02 21:00:00,2026,1,2,21,Sơn La,Xã Gia Phù,21.1792752,104.5565002,41,Good,0,12.3,83,0.0,9.5,63,946.0,100,16.1,16.2,661.0,6.4,60.0,22.3
2026-01-02 22:00:00,2026,1,2,22,Sơn La,Xã Gia Phù,21.1792752,104.5565002,42,Good,0,12.2,83,0.0,8.8,59,946.3,100,15.0,15.1,650.0,6.9,57.0,24.0
2026-01-02 23:00:00,2026,1,2,23,Sơn La,Xã Gia Phù,21.1792752,104.5565002,43,Good,0,12.0,84,0.0,8.5,69,946.2,100,14.0,14.1,631.0,7.3,55.0,25.6
2026-01-03 00:00:00,2026,1,3,0,Sơn La,Xã Gia Phù,21.1792752,104.5565002,45,Good,0,11.6,86,0.0,7.7,66,946.1,100,13.8,13.9,606.0,7.7,52.0,27.2
2026-01-03 01:00:00,2026,1,3,1,Sơn La,Xã Gia Phù,21.1792752,104.5565002,47,Good,0,11.7,87,0.0,6.8,58,945.7,100,13.9,14.0,587.0,8.1,50.0,28.5
2026-01-03 02:00:00,2026,1,3,2,Sơn La,Xã Gia Phù,21.1792752,104.5565002,48,Good,0,11.6,86,0.0,7.9,63,945.5,100,14.5,14.6,576.0,8.5,48.0,29.5
2026-01-03 03:00:00,2026,1,3,3,Sơn La,Xã Gia Phù,21.1792752,104.5565002,49,Good,0,11.4,85,0.0,7.0,58,945.1,100,14.7,14.8,571.0,8.9,45.0,30.3
2026-01-03 04:00:00,2026,1,3,4,Sơn La,Xã Gia Phù,21.1792752,104.5565002,50,Good,0,11.4,85,0.0,5.9,63,944.9,100,14.8,14.9,575.0,9.4,43.0,30.8
2026-01-03 05:00:00,2026,1,3,5,Sơn La,Xã Gia Phù,21.1792752,104.5565002,51,Moderate,1,11.2,86,0.0,5.1,73,944.8,100,15.3,15.4,598.0,10.2,40.0,31.4
2026-01-03 06:00:00,2026,1,3,6,Sơn La,Xã Gia Phù,21.1792752,104.5565002,52,Moderate,1,11.2,86,0.0,4.5,74,945.3,100,15.8,15.9,630.0,11.2,36.0,31.8
2026-01-03 07:00:00,2026,1,3,7,Sơn La,Xã Gia Phù,21.1792752,104.5565002,52,Moderate,1,11.6,88,0.0,2.8,72,945.6,100,14.4,14.5,646.0,12.6,34.0,30.5
2026-01-03 08:00:00,2026,1,3,8,Sơn La,Xã Gia Phù,21.1792752,104.5565002,52,Moderate,1,12.2,84,0.0,4.9,80,946.4,100,14.1,14.1,630.0,11.8,37.0,29.7
2026-01-03 09:00:00,2026,1,3,9,Sơn La,Xã Gia Phù,21.1792752,104.5565002,52,Moderate,1,12.8,80,0.0,5.8,85,946.7,100,13.4,13.5,598.0,10.7,43.0,28.4
2026-01-03 10:00:00,2026,1,3,10,Sơn La,Xã Gia Phù,21.1792752,104.5565002,52,Moderate,1,13.9,75,0.0,5.0,105,947.0,100,14.6,14.7,572.0,9.4,50.0,26.2
2026-01-03 11:00:00,2026,1,3,11,Sơn La,Xã Gia Phù,21.1792752,104.5565002,53,Moderate,1,14.6,72,0.0,5.4,116,946.4,100,16.4,16.5,560.0,7.8,62.0,22.5
2026-01-03 12:00:00,2026,1,3,12,Sơn La,Xã Gia Phù,21.1792752,104.5565002,53,Moderate,1,15.4,70,0.0,6.5,132,945.2,100,17.2,17.3,555.0,6.1,76.0,17.9
2026-01-03 13:00:00,2026,1,3,13,Sơn La,Xã Gia Phù,21.1792752,104.5565002,54,Moderate,1,15.9,67,0.0,5.0,154,944.3,100,18.4,18.6,552.0,4.9,86.0,14.3
2026-01-03 14:00:00,2026,1,3,14,Sơn La,Xã Gia Phù,21.1792752,104.5565002,55,Moderate,1,15.8,68,0.0,7.4,135,942.9,98,18.3,18.4,547.0,4.4,89.0,12.1
2026-01-03 15:00:00,2026,1,3,15,Sơn La,Xã Gia Phù,21.1792752,104.5565002,56,Moderate,1,15.4,70,0.0,9.1,108,942.4,92,18.9,18.9,545.0,4.4,88.0,10.9
2026-01-03 16:00:00,2026,1,3,16,Sơn La,Xã Gia Phù,21.1792752,104.5565002,56,Moderate,1,14.5,73,0.0,9.7,86,941.8,53,19.4,19.6,558.0,5.2,84.0,10.9
2026-01-03 17:00:00,2026,1,3,17,Sơn La,Xã Gia Phù,21.1792752,104.5565002,57,Moderate,1,13.6,77,0.0,8.2,81,941.8,97,20.1,20.2,600.0,7.4,76.0,12.5
2026-01-03 18:00:00,2026,1,3,18,Sơn La,Xã Gia Phù,21.1792752,104.5565002,58,Moderate,1,12.9,80,0.0,6.7,66,941.9,99,21.4,21.5,658.0,10.4,64.0,15.4
2026-01-03 19:00:00,2026,1,3,19,Sơn La,Xã Gia Phù,21.1792752,104.5565002,59,Moderate,1,12.4,86,0.0,4.1,49,942.5,100,31.7,31.9,695.0,12.5,49.0,23.7
2026-01-03 20:00:00,2026,1,3,20,Sơn La,Xã Gia Phù,21.1792752,104.5565002,60,Moderate,1,12.7,84,0.0,6.2,68,943.3,100,32.5,32.7,693.0,13.5,46.0,24.8
2026-01-03 21:00:00,2026,1,3,21,Sơn La,Xã Gia Phù,21.1792752,104.5565002,62,Moderate,1,12.8,83,0.0,6.3,55,943.7,100,33.5,33.6,672.0,14.8,41.0,26.4
2026-01-03 22:00:00,2026,1,3,22,Sơn La,Xã Gia Phù,21.1792752,104.5565002,63,Moderate,1,12.8,83,0.0,5.1,58,944.0,100,34.1,34.3,656.0,15.8,37.0,27.8
2026-01-03 23:00:00,2026,1,3,23,Sơn La,Xã Gia Phù,21.1792752,104.5565002,65,Moderate,1,12.7,84,0.0,4.6,59,944.1,100,33.1,33.3,657.0,16.3,34.0,29.0
2026-01-04 00:00:00,2026,1,4,0,Sơn La,Xã Gia Phù,21.1792752,104.5565002,67,Moderate,1,12.5,85,0.0,3.3,29,943.9,100,31.2,31.3,663.0,16.4,32.0,30.0
2026-01-04 01:00:00,2026,1,4,1,Sơn La,Xã Gia Phù,21.1792752,104.5565002,68,Moderate,1,12.4,84,0.0,2.2,355,943.8,100,30.7,31.0,665.0,15.6,34.0,30.0
2026-01-04 02:00:00,2026,1,4,2,Sơn La,Xã Gia Phù,21.1792752,104.5565002,70,Moderate,1,12.2,85,0.0,1.7,58,943.4,100,30.4,30.5,654.0,13.1,42.0,28.2
2026-01-04 03:00:00,2026,1,4,3,Sơn La,Xã Gia Phù,21.1792752,104.5565002,71,Moderate,1,12.0,86,0.0,1.4,337,942.6,100,27.9,28.1,639.0,9.7,54.0,25.5
2026-01-04 04:00:00,2026,1,4,4,Sơn La,Xã Gia Phù,21.1792752,104.5565002,72,Moderate,1,11.7,88,0.0,0.4,297,942.3,100,22.9,23.1,641.0,7.2,62.0,22.9
2026-01-04 05:00:00,2026,1,4,5,Sơn La,Xã Gia Phù,21.1792752,104.5565002,73,Moderate,1,11.6,88,0.0,0.2,180,942.4,100,22.4,22.6,687.0,6.5,62.0,21.1
2026-01-04 06:00:00,2026,1,4,6,Sơn La,Xã Gia Phù,21.1792752,104.5565002,73,Moderate,1,11.2,89,0.0,0.2,360,942.7,100,21.9,22.1,751.0,6.8,58.0,19.6
2026-01-04 07:00:00,2026,1,4,7,Sơn La,Xã Gia Phù,21.1792752,104.5565002,74,Moderate,1,11.4,90,0.0,0.4,297,943.0,100,16.2,16.3,771.0,6.9,52.0,21.3
2026-01-04 08:00:00,2026,1,4,8,Sơn La,Xã Gia Phù,21.1792752,104.5565002,74,Moderate,1,13.0,83,0.0,0.9,259,944.5,70,14.3,14.4,706.0,5.5,62.0,18.3
2026-01-04 09:00:00,2026,1,4,9,Sơn La,Xã Gia Phù,21.1792752,104.5565002,74,Moderate,1,14.4,78,0.0,1.2,153,945.2,95,12.0,12.1,598.0,3.7,77.0,14.1
2026-01-04 10:00:00,2026,1,4,10,Sơn La,Xã Gia Phù,21.1792752,104.5565002,74,Moderate,1,16.1,72,0.0,4.8,165,945.6,88,10.6,10.7,510.0,2.2,88.0,10.5
2026-01-04 11:00:00,2026,1,4,11,Sơn La,Xã Gia Phù,21.1792752,104.5565002,74,Moderate,1,16.8,69,0.0,5.4,160,944.9,82,10.9,11.0,468.0,1.5,94.0,8.0
2026-01-04 12:00:00,2026,1,4,12,Sơn La,Xã Gia Phù,21.1792752,104.5565002,73,Moderate,1,17.9,64,0.0,5.5,161,943.5,85,11.4,11.5,446.0,1.3,96.0,6.0
2026-01-04 13:00:00,2026,1,4,13,Sơn La,Xã Gia Phù,21.1792752,104.5565002,73,Moderate,1,19.7,57,0.0,9.8,206,942.5,84,12.2,12.2,436.0,1.2,98.0,4.5
2026-01-04 14:00:00,2026,1,4,14,Sơn La,Xã Gia Phù,21.1792752,104.5565002,72,Moderate,1,20.0,57,0.0,9.5,180,941.5,62,13.0,13.1,434.0,0.8,100.0,3.3
2026-01-04 15:00:00,2026,1,4,15,Sơn La,Xã Gia Phù,21.1792752,104.5565002,72,Moderate,1,19.5,58,0.0,8.9,122,940.8,87,13.9,14.0,444.0,0.6,101.0,2.7
2026-01-04 16:00:00,2026,1,4,16,Sơn La,Xã Gia Phù,21.1792752,104.5565002,71,Moderate,1,17.9,68,0.0,10.3,83,940.7,89,13.7,13.8,465.0,1.4,98.0,3.1
2026-01-04 17:00:00,2026,1,4,17,Sơn La,Xã Gia Phù,21.1792752,104.5565002,71,Moderate,1,16.2,77,0.0,10.8,60,940.5,93,14.0,14.1,507.0,3.9,90.0,5.0
2026-01-04 18:00:00,2026,1,4,18,Sơn La,Xã Gia Phù,21.1792752,104.5565002,70,Moderate,1,14.6,85,0.0,8.9,52,940.8,83,16.4,16.4,561.0,7.3,78.0,8.0
2026-01-04 19:00:00,2026,1,4,19,Sơn La,Xã Gia Phù,21.1792752,104.5565002,70,Moderate,1,14.2,90,0.0,7.0,29,941.5,99,19.7,19.8,596.0,13.4,66.0,12.8
2026-01-04 20:00:00,2026,1,4,20,Sơn La,Xã Gia Phù,21.1792752,104.5565002,69,Moderate,1,14.8,86,0.0,7.0,40,942.4,98,23.9,24.0,595.0,15.5,61.0,17.7
2026-01-04 21:00:00,2026,1,4,21,Sơn La,Xã Gia Phù,21.1792752,104.5565002,68,Moderate,1,14.7,87,0.0,5.8,39,943.1,100,28.7,28.9,575.0,18.3,54.0,24.5
2026-01-04 22:00:00,2026,1,4,22,Sơn La,Xã Gia Phù,21.1792752,104.5565002,68,Moderate,1,14.8,86,0.0,5.6,42,943.3,100,33.4,33.6,557.0,20.3,48.0,29.9
2026-01-04 23:00:00,2026,1,4,23,Sơn La,Xã Gia Phù,21.1792752,104.5565002,67,Moderate,1,15.0,86,0.0,4.8,53,943.7,100,35.6,35.7,546.0,20.7,44.0,32.5
2026-01-05 00:00:00,2026,1,5,0,Sơn La,Xã Gia Phù,21.1792752,104.5565002,68,Moderate,1,14.6,88,0.0,3.1,66,943.7,100,33.1,33.3,537.0,20.3,40.0,33.8
2026-01-05 01:00:00,2026,1,5,1,Sơn La,Xã Gia Phù,21.1792752,104.5565002,68,Moderate,1,14.4,90,0.0,3.0,52,943.4,100,27.6,27.8,531.0,19.7,37.0,34.5
2026-01-05 02:00:00,2026,1,5,2,Sơn La,Xã Gia Phù,21.1792752,104.5565002,68,Moderate,1,14.2,90,0.0,2.9,43,942.8,100,22.2,22.3,528.0,19.2,34.0,34.7
2026-01-05 03:00:00,2026,1,5,3,Sơn La,Xã Gia Phù,21.1792752,104.5565002,67,Moderate,1,14.0,92,0.0,2.5,21,942.5,100,18.3,18.3,528.0,18.6,31.0,34.3
2026-01-05 04:00:00,2026,1,5,4,Sơn La,Xã Gia Phù,21.1792752,104.5565002,66,Moderate,1,13.7,92,0.0,2.2,48,942.2,100,14.8,14.8,536.0,17.8,30.0,34.1
2026-01-05 05:00:00,2026,1,5,5,Sơn La,Xã Gia Phù,21.1792752,104.5565002,65,Moderate,1,13.6,93,0.1,2.5,69,942.5,100,11.9,12.0,562.0,16.7,32.0,34.5
2026-01-05 06:00:00,2026,1,5,6,Sơn La,Xã Gia Phù,21.1792752,104.5565002,64,Moderate,1,13.7,95,0.1,3.4,72,943.1,100,8.8,8.9,597.0,15.5,35.0,35.0
2026-01-05 07:00:00,2026,1,5,7,Sơn La,Xã Gia Phù,21.1792752,104.5565002,63,Moderate,1,14.0,96,0.1,5.5,63,943.9,100,9.8,9.8,612.0,14.5,37.0,32.6
2026-01-05 08:00:00,2026,1,5,8,Sơn La,Xã Gia Phù,21.1792752,104.5565002,63,Moderate,1,14.6,91,0.1,8.0,56,944.8,100,7.5,7.5,589.0,14.0,43.0,31.7
2026-01-05 09:00:00,2026,1,5,9,Sơn La,Xã Gia Phù,21.1792752,104.5565002,62,Moderate,1,15.2,86,0.1,9.5,61,945.8,100,6.5,6.5,547.0,13.2,52.0,30.3
2026-01-05 10:00:00,2026,1,5,10,Sơn La,Xã Gia Phù,21.1792752,104.5565002,62,Moderate,1,15.7,79,0.1,12.4,68,946.1,100,6.4,6.4,518.0,12.7,58.0,29.1
2026-01-05 11:00:00,2026,1,5,11,Sơn La,Xã Gia Phù,21.1792752,104.5565002,61,Moderate,1,15.4,80,0.1,14.3,69,945.9,100,6.0,6.0,520.0,12.7,60.0,28.3
2026-01-05 12:00:00,2026,1,5,12,Sơn La,Xã Gia Phù,21.1792752,104.5565002,61,Moderate,1,15.6,77,0.3,15.5,77,945.1,100,5.3,5.3,535.0,12.8,60.0,27.7
2026-01-05 13:00:00,2026,1,5,13,Sơn La,Xã Gia Phù,21.1792752,104.5565002,60,Moderate,1,14.9,77,0.1,12.9,84,944.4,100,4.9,4.9,543.0,12.7,60.0,26.6
2026-01-05 14:00:00,2026,1,5,14,Sơn La,Xã Gia Phù,21.1792752,104.5565002,60,Moderate,1,14.6,76,0.0,14.2,86,943.5,100,4.5,4.5,530.0,12.0,60.0,24.8
2026-01-05 15:00:00,2026,1,5,15,Sơn La,Xã Gia Phù,21.1792752,104.5565002,59,Moderate,1,13.9,79,0.0,13.0,84,943.4,100,4.5,4.5,509.0,11.0,60.0,22.6
2026-01-05 16:00:00,2026,1,5,16,Sơn La,Xã Gia Phù,21.1792752,104.5565002,58,Moderate,1,13.5,79,0.0,12.0,78,943.3,100,5.2,5.2,499.0,10.1,60.0,20.5
2026-01-05 17:00:00,2026,1,5,17,Sơn La,Xã Gia Phù,21.1792752,104.5565002,57,Moderate,1,12.7,83,0.0,10.9,77,943.4,100,5.7,5.8,511.0,9.3,60.0,18.7
2026-01-05 18:00:00,2026,1,5,18,Sơn La,Xã Gia Phù,21.1792752,104.5565002,56,Moderate,1,12.1,85,0.0,9.8,76,943.7,100,6.2,6.2,535.0,8.5,59.0,17.1
2026-01-05 19:00:00,2026,1,5,19,Sơn La,Xã Gia Phù,21.1792752,104.5565002,56,Moderate,1,12.2,88,0.0,9.1,65,944.2,100,5.4,5.4,550.0,8.7,50.0,19.0
2026-01-05 20:00:00,2026,1,5,20,Sơn La,Xã Gia Phù,21.1792752,104.5565002,54,Moderate,1,12.4,86,0.0,9.7,65,945.2,100,6.4,6.4,549.0,8.4,50.0,19.0
2026-01-05 21:00:00,2026,1,5,21,Sơn La,Xã Gia Phù,21.1792752,104.5565002,53,Moderate,1,12.1,86,0.0,9.9,71,945.8,100,7.6,7.6,540.0,8.0,49.0,19.0
2026-01-05 22:00:00,2026,1,5,22,Sơn La,Xã Gia Phù,21.1792752,104.5565002,51,Moderate,1,11.9,88,0.0,9.6,69,946.1,100,8.3,8.3,533.0,7.6,49.0,19.1
2026-01-05 23:00:00,2026,1,5,23,Sơn La,Xã Gia Phù,21.1792752,104.5565002,47,Good,0,11.6,89,0.0,8.8,70,946.0,100,8.6,8.6,531.0,7.4,49.0,19.3
2026-01-06 00:00:00,2026,1,6,0,Sơn La,Xã Gia Phù,21.1792752,104.5565002,43,Good,0,11.4,92,0.2,8.2,71,945.9,100,8.3,8.3,531.0,7.3,49.0,19.5
2026-01-06 01:00:00,2026,1,6,1,Sơn La,Xã Gia Phù,21.1792752,104.5565002,38,Good,0,11.4,95,0.0,7.3,74,945.9,100,7.7,7.7,529.0,7.0,49.0,19.4
2026-01-06 02:00:00,2026,1,6,2,Sơn La,Xã Gia Phù,21.1792752,104.5565002,35,Good,0,11.2,92,0.0,7.9,66,945.4,100,7.3,7.3,519.0,6.5,50.0,18.7
2026-01-06 03:00:00,2026,1,6,3,Sơn La,Xã Gia Phù,21.1792752,104.5565002,32,Good,0,10.9,92,0.0,7.8,67,945.5,100,7.3,7.3,507.0,5.8,51.0,17.7
2026-01-06 04:00:00,2026,1,6,4,Sơn La,Xã Gia Phù,21.1792752,104.5565002,30,Good,0,10.8,90,0.0,8.4,71,945.7,100,7.3,7.3,504.0,5.2,53.0,16.6
2026-01-06 05:00:00,2026,1,6,5,Sơn La,Xã Gia Phù,21.1792752,104.5565002,29,Good,0,10.6,91,0.0,8.7,73,946.3,100,7.5,7.5,518.0,4.6,55.0,15.6
2026-01-06 06:00:00,2026,1,6,6,Sơn La,Xã Gia Phù,21.1792752,104.5565002,28,Good,0,10.5,91,0.1,9.2,79,946.6,100,7.6,7.7,540.0,4.1,57.0,14.5
2026-01-06 07:00:00,2026,1,6,7,Sơn La,Xã Gia Phù,21.1792752,104.5565002,28,Good,0,10.6,91,0.0,8.1,84,947.4,100,12.1,12.1,557.0,5.8,49.0,17.0
2026-01-06 08:00:00,2026,1,6,8,Sơn La,Xã Gia Phù,21.1792752,104.5565002,28,Good,0,10.2,87,0.0,12.2,82,948.4,100,9.3,9.3,565.0,5.3,52.0,15.7
2026-01-06 09:00:00,2026,1,6,9,Sơn La,Xã Gia Phù,21.1792752,104.5565002,29,Good,0,9.8,83,0.1,14.3,80,949.7,100,7.3,7.3,567.0,4.6,56.0,13.9
2026-01-06 10:00:00,2026,1,6,10,Sơn La,Xã Gia Phù,21.1792752,104.5565002,29,Good,0,10.2,78,0.2,16.3,74,950.1,100,5.1,5.1,560.0,4.0,60.0,12.2
2026-01-06 11:00:00,2026,1,6,11,Sơn La,Xã Gia Phù,21.1792752,104.5565002,29,Good,0,10.5,74,0.2,17.4,73,950.2,100,3.8,3.8,535.0,3.6,62.0,10.6
2026-01-06 12:00:00,2026,1,6,12,Sơn La,Xã Gia Phù,21.1792752,104.5565002,28,Good,0,10.6,73,0.1,16.5,77,949.3,100,3.5,3.5,500.0,3.3,63.0,9.0
2026-01-06 13:00:00,2026,1,6,13,Sơn La,Xã Gia Phù,21.1792752,104.5565002,28,Good,0,10.9,74,0.1,16.9,71,948.4,100,3.8,3.8,476.0,3.1,64.0,7.9
2026-01-06 14:00:00,2026,1,6,14,Sơn La,Xã Gia Phù,21.1792752,104.5565002,28,Good,0,10.7,73,0.2,16.2,77,947.5,100,4.6,4.6,470.0,3.1,65.0,7.5
2026-01-06 15:00:00,2026,1,6,15,Sơn La,Xã Gia Phù,21.1792752,104.5565002,28,Good,0,10.7,73,0.1,15.2,79,947.3,100,5.1,5.1,474.0,3.3,66.0,7.5
2026-01-06 16:00:00,2026,1,6,16,Sơn La,Xã Gia Phù,21.1792752,104.5565002,28,Good,0,10.3,75,0.1,12.8,84,947.4,100,5.9,5.9,488.0,3.7,66.0,7.6
2026-01-06 17:00:00,2026,1,6,17,Sơn La,Xã Gia Phù,21.1792752,104.5565002,29,Good,0,10.0,78,0.1,11.4,85,947.4,100,6.7,6.7,515.0,4.3,64.0,7.8
2026-01-06 18:00:00,2026,1,6,18,Sơn La,Xã Gia Phù,21.1792752,104.5565002,30,Good,0,9.6,81,0.0,8.8,86,947.5,100,8.3,8.3,551.0,5.0,62.0,8.2
2026-01-06 19:00:00,2026,1,6,19,Sơn La,Xã Gia Phù,21.1792752,104.5565002,30,Good,0,9.7,91,0.0,7.1,80,948.3,100,10.3,10.3,583.0,5.1,58.0,8.9
2026-01-06 20:00:00,2026,1,6,20,Sơn La,Xã Gia Phù,21.1792752,104.5565002,29,Good,0,9.3,92,0.0,8.5,78,948.2,87,11.8,11.8,612.0,5.0,57.0,8.9
2026-01-06 21:00:00,2026,1,6,21,Sơn La,Xã Gia Phù,21.1792752,104.5565002,30,Good,0,8.9,93,0.0,6.0,80,948.7,88,12.9,13.0,637.0,5.0,57.0,8.9
2026-01-06 22:00:00,2026,1,6,22,Sơn La,Xã Gia Phù,21.1792752,104.5565002,31,Good,0,8.4,94,0.0,5.1,84,948.8,74,14.0,14.0,646.0,5.0,55.0,8.7
2026-01-06 23:00:00,2026,1,6,23,Sơn La,Xã Gia Phù,21.1792752,104.5565002,32,Good,0,8.0,95,0.0,4.5,76,948.5,45,15.0,15.0,631.0,5.3,52.0,8.3
2026-01-07 00:00:00,2026,1,7,0,Sơn La,Xã Gia Phù,21.1792752,104.5565002,33,Good,0,7.7,95,0.0,4.1,61,948.3,31,15.3,15.3,601.0,5.7,48.0,7.8
2026-01-07 01:00:00,2026,1,7,1,Sơn La,Xã Gia Phù,21.1792752,104.5565002,35,Good,0,7.4,94,0.0,3.0,65,948.5,48,15.6,15.6,568.0,5.8,46.0,7.4
2026-01-07 02:00:00,2026,1,7,2,Sơn La,Xã Gia Phù,21.1792752,104.5565002,36,Good,0,6.7,95,0.0,4.0,69,947.9,34,15.5,15.5,530.0,5.4,46.0,7.2
2026-01-07 03:00:00,2026,1,7,3,Sơn La,Xã Gia Phù,21.1792752,104.5565002,37,Good,0,6.4,94,0.0,4.5,67,947.9,39,14.3,14.3,489.0,4.9,48.0,7.0
2026-01-07 04:00:00,2026,1,7,4,Sơn La,Xã Gia Phù,21.1792752,104.5565002,39,Good,0,6.1,93,0.0,4.8,63,947.6,36,13.5,13.6,467.0,4.4,49.0,6.9
2026-01-07 05:00:00,2026,1,7,5,Sơn La,Xã Gia Phù,21.1792752,104.5565002,40,Good,0,6.1,92,0.0,4.8,59,947.6,28,12.5,12.5,485.0,4.4,49.0,6.8
2026-01-07 06:00:00,2026,1,7,6,Sơn La,Xã Gia Phù,21.1792752,104.5565002,41,Good,0,5.8,91,0.0,5.2,49,947.6,20,12.3,12.3,523.0,4.5,48.0,6.7
2026-01-07 07:00:00,2026,1,7,7,Sơn La,Xã Gia Phù,21.1792752,104.5565002,41,Good,0,7.0,81,0.0,4.6,48,948.4,30,7.9,7.9,538.0,5.1,53.0,6.5
2026-01-07 08:00:00,2026,1,7,8,Sơn La,Xã Gia Phù,21.1792752,104.5565002,41,Good,0,9.7,70,0.0,7.5,80,949.9,34,6.4,6.4,505.0,4.0,61.0,7.1
2026-01-07 09:00:00,2026,1,7,9,Sơn La,Xã Gia Phù,21.1792752,104.5565002,40,Good,0,11.2,56,0.0,12.6,80,950.7,41,7.0,7.0,450.0,2.4,73.0,7.9
2026-01-07 10:00:00,2026,1,7,10,Sơn La,Xã Gia Phù,21.1792752,104.5565002,40,Good,0,12.4,52,0.0,14.4,80,950.8,41,9.1,9.2,408.0,1.2,83.0,8.5
2026-01-07 11:00:00,2026,1,7,11,Sơn La,Xã Gia Phù,21.1792752,104.5565002,41,Good,0,13.7,49,0.0,14.9,82,950.0,40,9.9,10.1,395.0,0.8,88.0,8.6
2026-01-07 12:00:00,2026,1,7,12,Sơn La,Xã Gia Phù,21.1792752,104.5565002,42,Good,0,14.4,47,0.0,13.1,77,948.8,46,10.5,10.7,395.0,0.9,91.0,8.5
2026-01-07 13:00:00,2026,1,7,13,Sơn La,Xã Gia Phù,21.1792752,104.5565002,43,Good,0,15.4,45,0.0,10.4,82,947.9,39,11.1,11.3,396.0,1.0,95.0,8.4
2026-01-07 14:00:00,2026,1,7,14,Sơn La,Xã Gia Phù,21.1792752,104.5565002,44,Good,0,16.0,45,0.0,10.7,77,946.4,20,12.0,12.2,389.0,0.8,101.0,8.5
2026-01-07 15:00:00,2026,1,7,15,Sơn La,Xã Gia Phù,21.1792752,104.5565002,46,Good,0,15.8,45,0.0,11.6,77,945.8,20,12.4,12.6,384.0,0.7,108.0,8.8
2026-01-07 16:00:00,2026,1,7,16,Sơn La,Xã Gia Phù,21.1792752,104.5565002,47,Good,0,15.1,48,0.0,12.1,70,945.8,22,13.2,13.4,397.0,1.3,110.0,9.0
2026-01-07 17:00:00,2026,1,7,17,Sơn La,Xã Gia Phù,21.1792752,104.5565002,48,Good,0,13.7,53,0.0,10.7,63,945.9,17,14.8,15.0,445.0,3.1,104.0,9.2
2026-01-07 18:00:00,2026,1,7,18,Sơn La,Xã Gia Phù,21.1792752,104.5565002,50,Good,0,11.3,62,0.0,7.8,40,945.9,11,16.4,16.6,512.0,5.6,93.0,9.4
2026-01-07 19:00:00,2026,1,7,19,Sơn La,Xã Gia Phù,21.1792752,104.5565002,51,Moderate,1,9.4,72,0.0,4.6,9,946.1,13,24.0,24.3,563.0,7.8,78.0,10.7
2026-01-07 20:00:00,2026,1,7,20,Sơn La,Xã Gia Phù,21.1792752,104.5565002,52,Moderate,1,9.5,72,0.0,4.2,18,947.0,2,26.9,27.2,586.0,8.4,77.0,11.3
2026-01-07 21:00:00,2026,1,7,21,Sơn La,Xã Gia Phù,21.1792752,104.5565002,53,Moderate,1,9.0,74,0.0,4.2,20,947.5,2,28.6,29.0,592.0,9.3,75.0,12.2
2026-01-07 22:00:00,2026,1,7,22,Sơn La,Xã Gia Phù,21.1792752,104.5565002,54,Moderate,1,8.5,76,0.0,4.1,23,947.5,1,30.5,30.9,584.0,9.9,73.0,12.9
2026-01-07 23:00:00,2026,1,7,23,Sơn La,Xã Gia Phù,21.1792752,104.5565002,56,Moderate,1,8.1,77,0.0,4.1,29,947.6,0,32.0,32.5,553.0,10.2,72.0,13.2
2026-01-08 00:00:00,2026,1,8,0,Sơn La,Xã Gia Phù,21.1792752,104.5565002,57,Moderate,1,7.9,76,0.0,4.4,30,947.4,0,32.9,33.4,507.0,10.2,71.0,13.3
2026-01-08 01:00:00,2026,1,8,1,Sơn La,Xã Gia Phù,21.1792752,104.5565002,59,Moderate,1,7.5,77,0.0,3.9,37,947.6,0,33.3,33.8,470.0,9.8,70.0,13.1
2026-01-08 02:00:00,2026,1,8,2,Sơn La,Xã Gia Phù,21.1792752,104.5565002,61,Moderate,1,7.4,76,0.0,4.5,50,947.4,1,33.3,33.8,446.0,8.8,70.0,12.5
2026-01-08 03:00:00,2026,1,8,3,Sơn La,Xã Gia Phù,21.1792752,104.5565002,62,Moderate,1,7.1,77,0.0,4.8,59,947.5,1,32.8,33.3,430.0,7.4,70.0,11.6
2026-01-08 04:00:00,2026,1,8,4,Sơn La,Xã Gia Phù,21.1792752,104.5565002,64,Moderate,1,6.6,80,0.0,4.9,57,947.7,2,32.1,32.6,434.0,6.4,70.0,10.8
2026-01-08 05:00:00,2026,1,8,5,Sơn La,Xã Gia Phù,21.1792752,104.5565002,65,Moderate,1,6.5,80,0.0,4.7,50,947.9,1,31.2,31.7,481.0,6.2,68.0,10.0
2026-01-08 06:00:00,2026,1,8,6,Sơn La,Xã Gia Phù,21.1792752,104.5565002,67,Moderate,1,6.2,81,0.0,5.0,52,948.1,1,30.2,30.5,548.0,6.4,66.0,9.2
2026-01-08 07:00:00,2026,1,8,7,Sơn La,Xã Gia Phù,21.1792752,104.5565002,69,Moderate,1,6.5,83,0.0,4.0,51,949.2,2,21.8,22.0,579.0,7.2,69.0,9.9
2026-01-08 08:00:00,2026,1,8,8,Sơn La,Xã Gia Phù,21.1792752,104.5565002,70,Moderate,1,9.4,74,0.0,6.1,76,950.6,1,21.7,21.8,538.0,5.7,79.0,11.5
2026-01-08 09:00:00,2026,1,8,9,Sơn La,Xã Gia Phù,21.1792752,104.5565002,71,Moderate,1,12.0,64,0.0,8.9,99,951.7,0,15.7,16.0,462.0,3.6,92.0,13.7
2026-01-08 10:00:00,2026,1,8,10,Sơn La,Xã Gia Phù,21.1792752,104.5565002,72,Moderate,1,13.9,47,0.0,14.0,89,951.5,0,14.3,14.7,404.0,1.9,103.0,14.7
2026-01-08 11:00:00,2026,1,8,11,Sơn La,Xã Gia Phù,21.1792752,104.5565002,72,Moderate,1,14.8,44,0.0,15.8,83,950.5,0,15.6,15.9,387.0,1.2,107.0,13.5
2026-01-08 12:00:00,2026,1,8,12,Sơn La,Xã Gia Phù,21.1792752,104.5565002,73,Moderate,1,15.3,44,0.0,15.8,83,949.2,1,16.4,16.8,388.0,0.9,109.0,11.1
2026-01-08 13:00:00,2026,1,8,13,Sơn La,Xã Gia Phù,21.1792752,104.5565002,74,Moderate,1,16.4,42,0.0,14.2,83,948.3,26,17.3,17.8,391.0,0.8,110.0,9.3
2026-01-08 14:00:00,2026,1,8,14,Sơn La,Xã Gia Phù,21.1792752,104.5565002,74,Moderate,1,15.9,44,0.0,12.7,83,947.2,27,18.6,19.0,384.0,0.7,114.0,8.8
2026-01-08 15:00:00,2026,1,8,15,Sơn La,Xã Gia Phù,21.1792752,104.5565002,75,Moderate,1,16.0,44,0.0,11.8,81,946.5,20,19.6,20.0,378.0,0.8,118.0,8.8
2026-01-08 16:00:00,2026,1,8,16,Sơn La,Xã Gia Phù,21.1792752,104.5565002,75,Moderate,1,15.4,46,0.0,12.0,71,946.1,16,20.7,21.1,393.0,1.4,119.0,9.1
2026-01-08 17:00:00,2026,1,8,17,Sơn La,Xã Gia Phù,21.1792752,104.5565002,76,Moderate,1,14.1,51,0.0,9.8,52,946.0,16,22.1,22.5,446.0,3.0,114.0,9.5
2026-01-08 18:00:00,2026,1,8,18,Sơn La,Xã Gia Phù,21.1792752,104.5565002,77,Moderate,1,11.6,60,0.0,6.7,34,945.6,38,23.7,24.1,519.0,5.0,105.0,10.2
2026-01-08 19:00:00,2026,1,8,19,Sơn La,Xã Gia Phù,21.1792752,104.5565002,77,Moderate,1,9.7,70,0.0,4.4,7,945.6,89,30.6,31.1,577.0,7.5,86.0,11.0
2026-01-08 20:00:00,2026,1,8,20,Sơn La,Xã Gia Phù,21.1792752,104.5565002,78,Moderate,1,9.3,71,0.0,3.6,6,945.9,77,34.0,34.5,606.0,8.5,86.0,12.2
2026-01-08 21:00:00,2026,1,8,21,Sơn La,Xã Gia Phù,21.1792752,104.5565002,78,Moderate,1,8.8,73,0.0,3.2,3,946.0,89,36.2,36.7,620.0,9.8,86.0,13.9
2026-01-08 22:00:00,2026,1,8,22,Sơn La,Xã Gia Phù,21.1792752,104.5565002,79,Moderate,1,8.3,74,0.0,2.9,353,946.0,94,38.2,38.6,621.0,10.7,86.0,15.2
2026-01-08 23:00:00,2026,1,8,23,Sơn La,Xã Gia Phù,21.1792752,104.5565002,80,Moderate,1,8.3,73,0.0,2.2,351,945.6,99,39.8,40.3,604.0,10.7,87.0,16.0
2026-01-09 00:00:00,2026,1,9,0,Sơn La,Xã Gia Phù,21.1792752,104.5565002,81,Moderate,1,8.6,70,0.0,1.6,360,945.5,98,41.0,41.4,573.0,10.3,88.0,16.4
2026-01-09 01:00:00,2026,1,9,1,Sơn La,Xã Gia Phù,21.1792752,104.5565002,81,Moderate,1,8.6,70,0.0,1.0,22,945.6,91,42.3,42.7,547.0,10.0,88.0,16.6
2026-01-09 02:00:00,2026,1,9,2,Sơn La,Xã Gia Phù,21.1792752,104.5565002,82,Moderate,1,8.4,70,0.0,0.7,346,945.2,95,43.4,43.9,525.0,10.0,86.0,16.7
2026-01-09 03:00:00,2026,1,9,3,Sơn La,Xã Gia Phù,21.1792752,104.5565002,83,Moderate,1,8.1,69,0.0,0.9,349,944.9,90,44.2,44.7,506.0,10.2,82.0,16.5
2026-01-09 04:00:00,2026,1,9,4,Sơn La,Xã Gia Phù,21.1792752,104.5565002,84,Moderate,1,8.0,67,0.0,1.1,360,944.6,80,44.7,45.3,508.0,10.4,77.0,15.8
2026-01-09 05:00:00,2026,1,9,5,Sơn La,Xã Gia Phù,21.1792752,104.5565002,85,Moderate,1,7.9,67,0.0,1.1,9,944.5,73,44.9,45.5,555.0,11.0,66.0,13.9
2026-01-09 06:00:00,2026,1,9,6,Sơn La,Xã Gia Phù,21.1792752,104.5565002,86,Moderate,1,7.6,68,0.0,1.1,9,944.6,18,46.2,46.7,622.0,11.6,53.0,11.6
2026-01-09 07:00:00,2026,1,9,7,Sơn La,Xã Gia Phù,21.1792752,104.5565002,88,Moderate,1,7.7,71,0.0,1.1,360,946.1,73,47.4,47.7,653.0,13.4,56.0,8.3
2026-01-09 08:00:00,2026,1,9,8,Sơn La,Xã Gia Phù,21.1792752,104.5565002,90,Moderate,1,10.3,63,0.0,2.3,29,947.4,57,45.2,45.4,611.0,9.8,74.0,9.8
2026-01-09 09:00:00,2026,1,9,9,Sơn La,Xã Gia Phù,21.1792752,104.5565002,92,Moderate,1,12.2,59,0.0,3.6,110,948.2,37,23.7,24.2,531.0,4.9,99.0,11.9
2026-01-09 10:00:00,2026,1,9,10,Sơn La,Xã Gia Phù,21.1792752,104.5565002,93,Moderate,1,14.0,53,0.0,5.2,112,948.1,44,20.3,20.6,467.0,1.2,117.0,13.3
2026-01-09 11:00:00,2026,1,9,11,Sơn La,Xã Gia Phù,21.1792752,104.5565002,93,Moderate,1,15.3,49,0.0,6.5,122,947.4,76,18.7,19.1,439.0,0.1,123.0,13.4
2026-01-09 12:00:00,2026,1,9,12,Sơn La,Xã Gia Phù,21.1792752,104.5565002,94,Moderate,1,16.2,48,0.0,6.8,125,946.3,85,18.4,18.7,425.0,0.4,122.0,12.8
2026-01-09 13:00:00,2026,1,9,13,Sơn La,Xã Gia Phù,21.1792752,104.5565002,94,Moderate,1,17.8,43,0.0,7.5,143,945.1,96,18.8,19.0,414.0,0.7,121.0,12.0
2026-01-09 14:00:00,2026,1,9,14,Sơn La,Xã Gia Phù,21.1792752,104.5565002,94,Moderate,1,17.9,42,0.0,8.7,153,944.0,98,18.6,18.8,393.0,0.4,121.0,11.0
2026-01-09 15:00:00,2026,1,9,15,Sơn La,Xã Gia Phù,21.1792752,104.5565002,94,Moderate,1,18.3,41,0.0,7.3,134,943.3,92,18.2,18.4,373.0,0.3,121.0,9.9
2026-01-09 16:00:00,2026,1,9,16,Sơn La,Xã Gia Phù,21.1792752,104.5565002,94,Moderate,1,18.0,42,0.0,8.6,98,942.9,27,18.7,18.9,383.0,0.9,118.0,9.4
2026-01-09 17:00:00,2026,1,9,17,Sơn La,Xã Gia Phù,21.1792752,104.5565002,94,Moderate,1,15.9,54,0.0,7.4,67,942.6,65,20.3,20.4,449.0,3.1,110.0,9.8
2026-01-09 18:00:00,2026,1,9,18,Sơn La,Xã Gia Phù,21.1792752,104.5565002,93,Moderate,1,12.3,69,0.0,6.5,30,942.4,72,24.3,24.6,543.0,6.1,100.0,10.8
2026-01-09 19:00:00,2026,1,9,19,Sơn La,Xã Gia Phù,21.1792752,104.5565002,93,Moderate,1,11.0,76,0.0,5.6,7,942.9,73,21.6,21.8,609.0,9.1,84.0,11.6
2026-01-09 20:00:00,2026,1,9,20,Sơn La,Xã Gia Phù,21.1792752,104.5565002,93,Moderate,1,10.3,78,0.0,5.3,12,942.8,69,28.5,28.7,618.0,9.3,87.0,14.6
2026-01-09 21:00:00,2026,1,9,21,Sơn La,Xã Gia Phù,21.1792752,104.5565002,92,Moderate,1,9.7,79,0.0,4.4,9,943.2,58,35.0,35.3,599.0,9.6,92.0,18.9
2026-01-09 22:00:00,2026,1,9,22,Sơn La,Xã Gia Phù,21.1792752,104.5565002,92,Moderate,1,9.5,78,0.0,4.0,5,943.2,80,42.3,42.6,583.0,9.8,96.0,22.8
2026-01-09 23:00:00,2026,1,9,23,Sơn La,Xã Gia Phù,21.1792752,104.5565002,92,Moderate,1,9.3,77,0.0,3.1,7,942.9,59,49.2,49.6,584.0,9.9,99.0,25.9
2026-01-10 00:00:00,2026,1,10,0,Sơn La,Xã Gia Phù,21.1792752,104.5565002,93,Moderate,1,9.6,74,0.0,1.4,360,942.7,47,54.9,55.3,587.0,10.0,100.0,28.5
2026-01-10 01:00:00,2026,1,10,1,Sơn La,Xã Gia Phù,21.1792752,104.5565002,94,Moderate,1,9.4,74,0.0,0.9,11,942.3,83,59.3,59.6,585.0,10.1,100.0,30.2
2026-01-10 02:00:00,2026,1,10,2,Sơn La,Xã Gia Phù,21.1792752,104.5565002,96,Moderate,1,9.2,73,0.0,0.9,360,941.8,84,61.7,62.2,566.0,10.2,98.0,30.9
2026-01-10 03:00:00,2026,1,10,3,Sơn La,Xã Gia Phù,21.1792752,104.5565002,98,Moderate,1,9.0,73,0.0,0.5,360,941.2,48,63.1,63.6,540.0,10.2,94.0,30.7
2026-01-10 04:00:00,2026,1,10,4,Sơn La,Xã Gia Phù,21.1792752,104.5565002,99,Moderate,1,8.9,73,0.0,0.7,360,941.2,37,64.3,64.7,531.0,10.4,87.0,29.2
2026-01-10 05:00:00,2026,1,10,5,Sơn La,Xã Gia Phù,21.1792752,104.5565002,101,Unhealthy for Sensitive Groups,2,8.7,73,0.0,0.7,360,941.1,49,71.5,71.9,562.0,11.2,73.0,24.6
2026-01-10 06:00:00,2026,1,10,6,Sơn La,Xã Gia Phù,21.1792752,104.5565002,104,Unhealthy for Sensitive Groups,2,8.3,74,0.0,0.6,342,941.4,85,75.0,75.2,609.0,12.1,57.0,18.6
2026-01-10 07:00:00,2026,1,10,7,Sơn La,Xã Gia Phù,21.1792752,104.5565002,107,Unhealthy for Sensitive Groups,2,8.2,76,0.0,0.7,346,942.3,7,73.6,73.8,629.0,11.9,67.0,20.0
2026-01-10 08:00:00,2026,1,10,8,Sơn La,Xã Gia Phù,21.1792752,104.5565002,110,Unhealthy for Sensitive Groups,2,10.5,70,0.0,1.9,34,943.6,45,70.3,70.5,594.0,8.9,86.0,23.1
2026-01-10 09:00:00,2026,1,10,9,Sơn La,Xã Gia Phù,21.1792752,104.5565002,112,Unhealthy for Sensitive Groups,2,12.6,67,0.0,2.3,148,944.6,41,38.9,39.1,532.0,4.7,113.0,27.2
2026-01-10 10:00:00,2026,1,10,10,Sơn La,Xã Gia Phù,21.1792752,104.5565002,114,Unhealthy for Sensitive Groups,2,14.4,61,0.0,4.1,142,944.8,0,28.0,28.1,474.0,1.6,131.0,28.9
2026-01-10 11:00:00,2026,1,10,11,Sơn La,Xã Gia Phù,21.1792752,104.5565002,115,Unhealthy for Sensitive Groups,2,15.9,56,0.0,6.2,128,944.4,1,22.3,22.4,428.0,0.5,134.0,25.7
2026-01-10 12:00:00,2026,1,10,12,Sơn La,Xã Gia Phù,21.1792752,104.5565002,115,Unhealthy for Sensitive Groups,2,17.0,54,0.0,7.2,122,943.5,2,20.5,20.6,387.0,0.6,128.0,20.2
2026-01-10 13:00:00,2026,1,10,13,Sơn La,Xã Gia Phù,21.1792752,104.5565002,115,Unhealthy for Sensitive Groups,2,18.6,48,0.0,5.9,125,942.8,3,16.9,17.0,366.0,0.8,124.0,16.3
2026-01-10 14:00:00,2026,1,10,14,Sơn La,Xã Gia Phù,21.1792752,104.5565002,115,Unhealthy for Sensitive Groups,2,19.1,47,0.0,8.1,84,942.1,3,16.8,16.8,379.0,0.9,125.0,15.8
2026-01-10 15:00:00,2026,1,10,15,Sơn La,Xã Gia Phù,21.1792752,104.5565002,115,Unhealthy for Sensitive Groups,2,17.8,56,0.0,14.7,65,942.0,23,19.7,19.8,412.0,1.2,128.0,17.0
2026-01-10 16:00:00,2026,1,10,16,Sơn La,Xã Gia Phù,21.1792752,104.5565002,115,Unhealthy for Sensitive Groups,2,16.6,59,0.0,14.5,60,942.3,44,25.8,26.0,442.0,2.2,128.0,18.8
2026-01-10 17:00:00,2026,1,10,17,Sơn La,Xã Gia Phù,21.1792752,104.5565002,116,Unhealthy for Sensitive Groups,2,15.3,64,0.0,13.6,62,942.7,96,33.3,33.5,457.0,4.5,125.0,21.5
2026-01-10 18:00:00,2026,1,10,18,Sơn La,Xã Gia Phù,21.1792752,104.5565002,117,Unhealthy for Sensitive Groups,2,13.7,69,0.0,9.8,58,943.0,100,39.6,39.7,469.0,7.6,119.0,24.8
2026-01-10 19:00:00,2026,1,10,19,Sơn La,Xã Gia Phù,21.1792752,104.5565002,119,Unhealthy for Sensitive Groups,2,13.6,73,0.0,7.6,36,944.1,36,36.3,36.6,492.0,8.8,87.0,18.2
2026-01-10 20:00:00,2026,1,10,20,Sơn La,Xã Gia Phù,21.1792752,104.5565002,120,Unhealthy for Sensitive Groups,2,12.9,76,0.0,6.4,40,944.4,47,44.6,44.8,546.0,9.5,84.0,19.8
2026-01-10 21:00:00,2026,1,10,21,Sơn La,Xã Gia Phù,21.1792752,104.5565002,122,Unhealthy for Sensitive Groups,2,12.3,79,0.0,6.2,49,945.0,63,50.9,51.1,611.0,10.5,80.0,22.1
2026-01-10 22:00:00,2026,1,10,22,Sơn La,Xã Gia Phù,21.1792752,104.5565002,124,Unhealthy for Sensitive Groups,2,11.3,83,0.0,5.0,44,945.4,89,57.0,57.4,647.0,11.0,78.0,24.2
2026-01-10 23:00:00,2026,1,10,23,Sơn La,Xã Gia Phù,21.1792752,104.5565002,125,Unhealthy for Sensitive Groups,2,10.9,84,0.0,5.2,41,945.6,71,61.5,61.9,629.0,10.5,80.0,26.0
2026-01-11 00:00:00,2026,1,11,0,Sơn La,Xã Gia Phù,21.1792752,104.5565002,126,Unhealthy for Sensitive Groups,2,10.2,85,0.0,5.5,41,945.7,70,64.0,64.5,581.0,9.4,83.0,27.6
2026-01-11 01:00:00,2026,1,11,1,Sơn La,Xã Gia Phù,21.1792752,104.5565002,127,Unhealthy for Sensitive Groups,2,10.1,85,0.0,4.6,42,946.0,73,65.4,65.9,537.0,8.4,86.0,28.5
2026-01-11 02:00:00,2026,1,11,2,Sơn La,Xã Gia Phù,21.1792752,104.5565002,128,Unhealthy for Sensitive Groups,2,9.6,85,0.0,4.4,32,945.4,46,65.7,66.1,503.0,7.5,87.0,28.4
2026-01-11 03:00:00,2026,1,11,3,Sơn La,Xã Gia Phù,21.1792752,104.5565002,128,Unhealthy for Sensitive Groups,2,8.8,86,0.0,4.8,29,945.3,27,65.9,66.4,472.0,6.5,87.0,27.7
2026-01-11 04:00:00,2026,1,11,4,Sơn La,Xã Gia Phù,21.1792752,104.5565002,129,Unhealthy for Sensitive Groups,2,8.4,84,0.0,4.5,34,945.2,13,65.4,65.9,462.0,5.9,88.0,26.9
2026-01-11 05:00:00,2026,1,11,5,Sơn La,Xã Gia Phù,21.1792752,104.5565002,129,Unhealthy for Sensitive Groups,2,8.2,83,0.0,3.6,41,945.4,77,63.1,63.6,494.0,6.0,88.0,26.3
2026-01-11 06:00:00,2026,1,11,6,Sơn La,Xã Gia Phù,21.1792752,104.5565002,128,Unhealthy for Sensitive Groups,2,8.1,84,0.0,4.1,45,945.8,88,60.3,60.8,547.0,6.4,89.0,25.7
2026-01-11 07:00:00,2026,1,11,7,Sơn La,Xã Gia Phù,21.1792752,104.5565002,126,Unhealthy for Sensitive Groups,2,9.5,84,0.0,3.5,55,946.8,65,66.8,67.3,569.0,6.7,92.0,26.8
2026-01-11 08:00:00,2026,1,11,8,Sơn La,Xã Gia Phù,21.1792752,104.5565002,126,Unhealthy for Sensitive Groups,2,12.2,75,0.0,4.3,88,947.9,25,59.3,59.6,530.0,5.2,103.0,26.8
2026-01-11 09:00:00,2026,1,11,9,Sơn La,Xã Gia Phù,21.1792752,104.5565002,125,Unhealthy for Sensitive Groups,2,14.7,67,0.0,7.4,103,949.0,9,43.4,43.8,460.0,3.1,119.0,26.6
2026-01-11 10:00:00,2026,1,11,10,Sơn La,Xã Gia Phù,21.1792752,104.5565002,125,Unhealthy for Sensitive Groups,2,16.4,50,0.0,11.3,88,949.2,20,39.5,39.8,404.0,1.5,130.0,25.4
2026-01-11 11:00:00,2026,1,11,11,Sơn La,Xã Gia Phù,21.1792752,104.5565002,126,Unhealthy for Sensitive Groups,2,17.5,45,0.0,12.7,83,948.8,50,37.1,37.4,379.0,1.0,133.0,22.2
2026-01-11 12:00:00,2026,1,11,12,Sơn La,Xã Gia Phù,21.1792752,104.5565002,128,Unhealthy for Sensitive Groups,2,18.3,44,0.0,10.9,84,947.3,59,35.5,35.9,368.0,0.9,133.0,17.9
2026-01-11 13:00:00,2026,1,11,13,Sơn La,Xã Gia Phù,21.1792752,104.5565002,129,Unhealthy for Sensitive Groups,2,19.0,41,0.0,9.2,91,946.3,46,34.6,34.8,358.0,1.0,132.0,14.5
2026-01-11 14:00:00,2026,1,11,14,Sơn La,Xã Gia Phù,21.1792752,104.5565002,131,Unhealthy for Sensitive Groups,2,19.2,40,0.0,8.9,103,945.2,39,35.2,35.4,334.0,0.7,133.0,12.8
2026-01-11 15:00:00,2026,1,11,15,Sơn La,Xã Gia Phù,21.1792752,104.5565002,133,Unhealthy for Sensitive Groups,2,18.9,39,0.0,8.1,108,944.6,25,36.3,36.6,312.0,0.5,134.0,11.9
2026-01-11 16:00:00,2026,1,11,16,Sơn La,Xã Gia Phù,21.1792752,104.5565002,135,Unhealthy for Sensitive Groups,2,18.7,40,0.0,7.2,108,944.1,25,37.3,37.5,329.0,1.3,132.0,11.5
2026-01-11 17:00:00,2026,1,11,17,Sơn La,Xã Gia Phù,21.1792752,104.5565002,136,Unhealthy for Sensitive Groups,2,16.8,52,0.0,4.0,100,943.6,64,38.1,38.4,422.0,3.9,123.0,11.5
2026-01-11 18:00:00,2026,1,11,18,Sơn La,Xã Gia Phù,21.1792752,104.5565002,137,Unhealthy for Sensitive Groups,2,14.3,58,0.0,4.2,20,943.0,88,41.7,41.9,554.0,7.5,111.0,12.1
2026-01-11 19:00:00,2026,1,11,19,Sơn La,Xã Gia Phù,21.1792752,104.5565002,137,Unhealthy for Sensitive Groups,2,14.4,61,0.0,3.2,3,943.5,92,45.4,45.6,655.0,10.7,101.0,12.9
2026-01-11 20:00:00,2026,1,11,20,Sơn La,Xã Gia Phù,21.1792752,104.5565002,138,Unhealthy for Sensitive Groups,2,13.4,64,0.0,3.3,6,943.6,80,50.5,50.9,698.0,13.0,96.0,14.1
2026-01-11 21:00:00,2026,1,11,21,Sơn La,Xã Gia Phù,21.1792752,104.5565002,138,Unhealthy for Sensitive Groups,2,13.0,65,0.0,2.4,13,943.6,83,54.8,55.1,710.0,14.8,95.0,15.7
2026-01-11 22:00:00,2026,1,11,22,Sơn La,Xã Gia Phù,21.1792752,104.5565002,139,Unhealthy for Sensitive Groups,2,12.4,65,0.0,1.1,9,943.6,23,58.0,58.3,701.0,15.9,93.0,16.8
2026-01-11 23:00:00,2026,1,11,23,Sơn La,Xã Gia Phù,21.1792752,104.5565002,139,Unhealthy for Sensitive Groups,2,12.0,66,0.0,0.7,346,943.2,0,60.3,60.8,665.0,16.1,91.0,17.2
2026-01-12 00:00:00,2026,1,12,0,Sơn La,Xã Gia Phù,21.1792752,104.5565002,139,Unhealthy for Sensitive Groups,2,11.7,66,0.0,1.4,320,942.8,0,61.7,61.9,607.0,15.6,90.0,17.3
2026-01-12 01:00:00,2026,1,12,1,Sơn La,Xã Gia Phù,21.1792752,104.5565002,138,Unhealthy for Sensitive Groups,2,11.2,69,0.0,0.8,297,942.8,3,62.6,62.9,554.0,15.0,89.0,17.2
2026-01-12 02:00:00,2026,1,12,2,Sơn La,Xã Gia Phù,21.1792752,104.5565002,138,Unhealthy for Sensitive Groups,2,10.5,71,0.0,1.2,297,942.3,0,63.3,63.6,509.0,14.4,88.0,17.1
2026-01-12 03:00:00,2026,1,12,3,Sơn La,Xã Gia Phù,21.1792752,104.5565002,138,Unhealthy for Sensitive Groups,2,10.1,72,0.0,1.4,293,941.7,1,64.0,64.3,469.0,13.6,87.0,16.9
2026-01-12 04:00:00,2026,1,12,4,Sơn La,Xã Gia Phù,21.1792752,104.5565002,138,Unhealthy for Sensitive Groups,2,9.8,73,0.0,1.3,286,941.6,9,64.5,64.7,451.0,13.3,86.0,16.8
2026-01-12 05:00:00,2026,1,12,5,Sơn La,Xã Gia Phù,21.1792752,104.5565002,138,Unhealthy for Sensitive Groups,2,9.6,73,0.0,1.9,287,941.4,2,64.7,65.0,473.0,14.2,81.0,16.8
2026-01-12 06:00:00,2026,1,12,6,Sơn La,Xã Gia Phù,21.1792752,104.5565002,138,Unhealthy for Sensitive Groups,2,9.5,73,0.0,1.7,288,941.9,47,65.0,65.2,516.0,15.4,76.0,16.9
2026-01-12 07:00:00,2026,1,12,7,Sơn La,Xã Gia Phù,21.1792752,104.5565002,138,Unhealthy for Sensitive Groups,2,9.7,72,0.0,0.6,288,943.2,65,47.6,47.7,540.0,16.3,74.0,16.5
2026-01-12 08:00:00,2026,1,12,8,Sơn La,Xã Gia Phù,21.1792752,104.5565002,136,Unhealthy for Sensitive Groups,2,11.7,65,0.0,1.5,54,944.4,34,47.7,47.8,521.0,12.2,95.0,17.5
2026-01-12 09:00:00,2026,1,12,9,Sơn La,Xã Gia Phù,21.1792752,104.5565002,135,Unhealthy for Sensitive Groups,2,13.7,62,0.0,2.7,138,945.7,35,30.5,30.6,483.0,6.6,123.0,18.9
2026-01-12 10:00:00,2026,1,12,10,Sơn La,Xã Gia Phù,21.1792752,104.5565002,134,Unhealthy for Sensitive Groups,2,15.3,59,0.0,3.6,139,945.8,59,28.1,28.2,452.0,2.3,143.0,19.2
2026-01-12 11:00:00,2026,1,12,11,Sơn La,Xã Gia Phù,21.1792752,104.5565002,133,Unhealthy for Sensitive Groups,2,16.9,55,0.0,4.7,137,945.0,26,26.4,26.5,436.0,0.8,148.0,17.8
2026-01-12 12:00:00,2026,1,12,12,Sơn La,Xã Gia Phù,21.1792752,104.5565002,131,Unhealthy for Sensitive Groups,2,18.1,52,0.0,6.0,123,944.1,5,24.2,24.3,426.0,0.8,145.0,15.3
2026-01-12 13:00:00,2026,1,12,13,Sơn La,Xã Gia Phù,21.1792752,104.5565002,130,Unhealthy for Sensitive Groups,2,19.6,49,0.0,4.9,123,943.2,2,22.1,22.2,426.0,0.9,141.0,13.1
2026-01-12 14:00:00,2026,1,12,14,Sơn La,Xã Gia Phù,21.1792752,104.5565002,129,Unhealthy for Sensitive Groups,2,19.9,50,0.0,7.6,109,942.2,1,19.9,20.0,433.0,0.4,138.0,11.0
2026-01-12 15:00:00,2026,1,12,15,Sơn La,Xã Gia Phù,21.1792752,104.5565002,127,Unhealthy for Sensitive Groups,2,19.7,52,0.0,11.2,95,941.4,0,18.0,18.1,450.0,0.2,134.0,9.0
2026-01-12 16:00:00,2026,1,12,16,Sơn La,Xã Gia Phù,21.1792752,104.5565002,125,Unhealthy for Sensitive Groups,2,18.1,58,0.0,15.7,62,941.6,13,15.5,15.7,481.0,1.0,128.0,8.5
2026-01-12 17:00:00,2026,1,12,17,Sơn La,Xã Gia Phù,21.1792752,104.5565002,123,Unhealthy for Sensitive Groups,2,15.6,67,0.0,14.9,67,942.0,57,18.8,18.9,540.0,4.1,118.0,10.4
2026-01-12 18:00:00,2026,1,12,18,Sơn La,Xã Gia Phù,21.1792752,104.5565002,121,Unhealthy for Sensitive Groups,2,13.6,77,0.0,8.1,66,942.5,76,30.2,30.3,613.0,8.3,107.0,13.9
2026-01-12 19:00:00,2026,1,12,19,Sơn La,Xã Gia Phù,21.1792752,104.5565002,120,Unhealthy for Sensitive Groups,2,12.5,86,0.0,5.1,42,943.0,66,30.9,31.0,669.0,10.6,79.0,13.0
2026-01-12 20:00:00,2026,1,12,20,Sơn La,Xã Gia Phù,21.1792752,104.5565002,118,Unhealthy for Sensitive Groups,2,13.0,84,0.0,5.2,44,943.9,66,39.5,39.6,697.0,11.0,77.0,14.9
2026-01-12 21:00:00,2026,1,12,21,Sơn La,Xã Gia Phù,21.1792752,104.5565002,117,Unhealthy for Sensitive Groups,2,12.5,87,0.0,5.0,49,944.3,81,46.7,46.9,707.0,11.5,75.0,17.6
2026-01-12 22:00:00,2026,1,12,22,Sơn La,Xã Gia Phù,21.1792752,104.5565002,116,Unhealthy for Sensitive Groups,2,11.7,90,0.0,4.3,42,944.3,84,53.7,53.9,700.0,11.6,74.0,20.2
2026-01-12 23:00:00,2026,1,12,23,Sơn La,Xã Gia Phù,21.1792752,104.5565002,116,Unhealthy for Sensitive Groups,2,11.1,92,0.0,3.3,29,944.1,54,58.1,58.3,670.0,10.8,77.0,22.5
2026-01-13 00:00:00,2026,1,13,0,Sơn La,Xã Gia Phù,21.1792752,104.5565002,116,Unhealthy for Sensitive Groups,2,10.3,93,0.0,2.6,12,943.8,63,60.8,61.0,623.0,9.6,81.0,24.6
2026-01-13 01:00:00,2026,1,13,1,Sơn La,Xã Gia Phù,21.1792752,104.5565002,116,Unhealthy for Sensitive Groups,2,10.2,92,0.0,2.5,8,943.5,20,63.8,64.3,573.0,8.6,85.0,26.3
2026-01-13 02:00:00,2026,1,13,2,Sơn La,Xã Gia Phù,21.1792752,104.5565002,116,Unhealthy for Sensitive Groups,2,9.8,91,0.0,2.3,4,942.9,41,69.2,69.6,512.0,8.0,88.0,27.6
2026-01-13 03:00:00,2026,1,13,3,Sơn La,Xã Gia Phù,21.1792752,104.5565002,116,Unhealthy for Sensitive Groups,2,9.3,90,0.0,2.5,8,942.6,39,73.3,73.6,449.0,7.7,91.0,28.4
2026-01-13 04:00:00,2026,1,13,4,Sơn La,Xã Gia Phù,21.1792752,104.5565002,117,Unhealthy for Sensitive Groups,2,9.1,88,0.0,3.3,22,942.5,3,74.3,74.5,420.0,7.5,92.0,28.7
2026-01-13 05:00:00,2026,1,13,5,Sơn La,Xã Gia Phù,21.1792752,104.5565002,118,Unhealthy for Sensitive Groups,2,8.8,86,0.0,2.5,21,942.7,2,73.6,74.0,458.0,7.9,89.0,28.3
2026-01-13 06:00:00,2026,1,13,6,Sơn La,Xã Gia Phù,21.1792752,104.5565002,119,Unhealthy for Sensitive Groups,2,9.0,84,0.0,1.4,23,943.3,0,74.0,74.5,529.0,8.4,85.0,27.3
2026-01-13 07:00:00,2026,1,13,7,Sơn La,Xã Gia Phù,21.1792752,104.5565002,120,Unhealthy for Sensitive Groups,2,9.4,84,0.0,1.4,23,943.8,0,73.6,73.8,577.0,11.4,60.0,16.6
2026-01-13 08:00:00,2026,1,13,8,Sơn La,Xã Gia Phù,21.1792752,104.5565002,123,Unhealthy for Sensitive Groups,2,12.3,77,0.0,2.6,65,945.1,0,67.5,67.5,573.0,8.6,85.0,17.6
2026-01-13 09:00:00,2026,1,13,9,Sơn La,Xã Gia Phù,21.1792752,104.5565002,125,Unhealthy for Sensitive Groups,2,14.6,72,0.0,4.5,119,946.3,0,60.3,60.8,545.0,4.7,120.0,18.9
2026-01-13 10:00:00,2026,1,13,10,Sơn La,Xã Gia Phù,21.1792752,104.5565002,128,Unhealthy for Sensitive Groups,2,16.4,64,0.0,6.0,117,946.4,0,49.6,49.8,514.0,1.8,145.0,19.3
2026-01-13 11:00:00,2026,1,13,11,Sơn La,Xã Gia Phù,21.1792752,104.5565002,130,Unhealthy for Sensitive Groups,2,17.9,57,0.0,7.2,109,946.0,9,44.1,44.4,485.0,0.8,151.0,17.9
2026-01-13 12:00:00,2026,1,13,12,Sơn La,Xã Gia Phù,21.1792752,104.5565002,132,Unhealthy for Sensitive Groups,2,19.0,53,0.0,6.9,120,944.6,21,42.7,43.0,453.0,0.8,148.0,15.5
2026-01-13 13:00:00,2026,1,13,13,Sơn La,Xã Gia Phù,21.1792752,104.5565002,134,Unhealthy for Sensitive Groups,2,19.9,50,0.0,5.0,125,943.3,2,40.2,40.5,426.0,0.9,144.0,13.3
2026-01-13 14:00:00,2026,1,13,14,Sơn La,Xã Gia Phù,21.1792752,104.5565002,136,Unhealthy for Sensitive Groups,2,20.3,47,0.0,4.7,130,942.0,0,38.0,38.3,396.0,0.4,143.0,11.7
2026-01-13 15:00:00,2026,1,13,15,Sơn La,Xã Gia Phù,21.1792752,104.5565002,138,Unhealthy for Sensitive Groups,2,20.7,45,0.0,6.0,127,941.0,7,36.3,36.7,371.0,0.1,141.0,10.3
2026-01-13 16:00:00,2026,1,13,16,Sơn La,Xã Gia Phù,21.1792752,104.5565002,140,Unhealthy for Sensitive Groups,2,20.4,45,0.0,5.6,107,940.4,2,35.4,35.7,383.0,1.2,136.0,9.6
2026-01-13 17:00:00,2026,1,13,17,Sơn La,Xã Gia Phù,21.1792752,104.5565002,142,Unhealthy for Sensitive Groups,2,19.0,61,0.0,2.9,47,940.2,0,35.5,36.0,464.0,4.9,124.0,9.7
2026-01-13 18:00:00,2026,1,13,18,Sơn La,Xã Gia Phù,21.1792752,104.5565002,144,Unhealthy for Sensitive Groups,2,15.8,64,0.0,4.8,15,939.6,0,41.2,41.7,581.0,10.1,109.0,10.4
2026-01-13 19:00:00,2026,1,13,19,Sơn La,Xã Gia Phù,21.1792752,104.5565002,145,Unhealthy for Sensitive Groups,2,15.1,70,0.0,4.0,18,939.7,5,42.1,42.5,667.0,14.8,98.0,12.2
2026-01-13 20:00:00,2026,1,13,20,Sơn La,Xã Gia Phù,21.1792752,104.5565002,146,Unhealthy for Sensitive Groups,2,14.2,75,0.0,3.5,9,940.2,0,47.5,47.8,691.0,16.2,92.0,13.0
2026-01-13 21:00:00,2026,1,13,21,Sơn La,Xã Gia Phù,21.1792752,104.5565002,147,Unhealthy for Sensitive Groups,2,13.9,75,0.0,1.8,360,940.1,0,51.5,51.8,685.0,18.0,84.0,14.1
2026-01-13 22:00:00,2026,1,13,22,Sơn La,Xã Gia Phù,21.1792752,104.5565002,147,Unhealthy for Sensitive Groups,2,13.3,74,0.0,1.8,354,940.0,0,55.1,55.3,672.0,18.9,78.0,15.1
2026-01-13 23:00:00,2026,1,13,23,Sơn La,Xã Gia Phù,21.1792752,104.5565002,147,Unhealthy for Sensitive Groups,2,13.1,73,0.0,0.9,360,939.9,0,57.9,58.2,661.0,18.0,78.0,15.8
2026-01-14 00:00:00,2026,1,14,0,Sơn La,Xã Gia Phù,21.1792752,104.5565002,147,Unhealthy for Sensitive Groups,2,12.7,73,0.0,0.7,346,939.6,0,59.8,60.3,645.0,16.1,81.0,16.3
2026-01-14 01:00:00,2026,1,14,1,Sơn La,Xã Gia Phù,21.1792752,104.5565002,147,Unhealthy for Sensitive Groups,2,12.6,75,0.0,0.5,360,939.3,0,61.5,61.7,625.0,14.4,83.0,16.7
2026-01-14 02:00:00,2026,1,14,2,Sơn La,Xã Gia Phù,21.1792752,104.5565002,147,Unhealthy for Sensitive Groups,2,12.2,76,0.0,0.9,349,938.7,0,63.1,63.3,594.0,13.0,84.0,16.9
2026-01-14 03:00:00,2026,1,14,3,Sơn La,Xã Gia Phù,21.1792752,104.5565002,146,Unhealthy for Sensitive Groups,2,11.9,77,0.0,0.4,360,938.2,0,64.3,64.7,559.0,11.6,84.0,17.0
2026-01-14 04:00:00,2026,1,14,4,Sơn La,Xã Gia Phù,21.1792752,104.5565002,146,Unhealthy for Sensitive Groups,2,11.5,78,0.0,0.5,360,938.1,0,65.2,65.4,544.0,10.9,83.0,17.0
2026-01-14 05:00:00,2026,1,14,5,Sơn La,Xã Gia Phù,21.1792752,104.5565002,145,Unhealthy for Sensitive Groups,2,11.0,79,0.0,0.5,360,938.0,1,65.4,65.9,575.0,11.6,78.0,16.7
2026-01-14 06:00:00,2026,1,14,6,Sơn La,Xã Gia Phù,21.1792752,104.5565002,144,Unhealthy for Sensitive Groups,2,10.7,79,0.0,0.7,360,938.4,2,65.9,66.1,627.0,12.9,73.0,16.4
2026-01-14 07:00:00,2026,1,14,7,Sơn La,Xã Gia Phù,21.1792752,104.5565002,143,Unhealthy for Sensitive Groups,2,10.7,80,0.0,0.6,342,939.4,8,77.5,78.0,648.0,13.1,75.0,14.2
2026-01-14 08:00:00,2026,1,14,8,Sơn La,Xã Gia Phù,21.1792752,104.5565002,143,Unhealthy for Sensitive Groups,2,13.1,73,0.0,1.1,351,940.5,2,76.1,76.4,610.0,9.9,94.0,17.3
2026-01-14 09:00:00,2026,1,14,9,Sơn La,Xã Gia Phù,21.1792752,104.5565002,144,Unhealthy for Sensitive Groups,2,15.1,69,0.0,2.9,173,941.4,2,58.1,58.4,542.0,5.4,119.0,21.4
2026-01-14 10:00:00,2026,1,14,10,Sơn La,Xã Gia Phù,21.1792752,104.5565002,144,Unhealthy for Sensitive Groups,2,17.2,65,0.0,4.4,161,941.9,7,53.4,53.8,480.0,2.0,137.0,23.1
2026-01-14 11:00:00,2026,1,14,11,Sơn La,Xã Gia Phù,21.1792752,104.5565002,144,Unhealthy for Sensitive Groups,2,18.9,60,0.0,5.6,158,941.5,5,47.4,47.7,433.0,0.8,139.0,20.0
2026-01-14 12:00:00,2026,1,14,12,Sơn La,Xã Gia Phù,21.1792752,104.5565002,145,Unhealthy for Sensitive Groups,2,20.3,56,0.0,6.2,163,940.4,5,39.6,39.9,391.0,0.8,134.0,14.5
2026-01-14 13:00:00,2026,1,14,13,Sơn La,Xã Gia Phù,21.1792752,104.5565002,144,Unhealthy for Sensitive Groups,2,22.7,49,0.0,9.4,198,939.3,19,29.5,29.8,369.0,0.9,128.0,9.8
2026-01-14 14:00:00,2026,1,14,14,Sơn La,Xã Gia Phù,21.1792752,104.5565002,143,Unhealthy for Sensitive Groups,2,24.0,44,0.0,8.2,203,938.1,38,23.7,24.0,370.0,0.4,124.0,6.7
2026-01-14 15:00:00,2026,1,14,15,Sơn La,Xã Gia Phù,21.1792752,104.5565002,142,Unhealthy for Sensitive Groups,2,24.5,41,0.0,9.4,234,937.7,41,20.1,20.4,390.0,0.1,119.0,4.4
2026-01-14 16:00:00,2026,1,14,16,Sơn La,Xã Gia Phù,21.1792752,104.5565002,140,Unhealthy for Sensitive Groups,2,23.2,45,0.0,2.8,191,937.6,25,17.5,17.9,427.0,1.1,113.0,3.7
2026-01-14 17:00:00,2026,1,14,17,Sơn La,Xã Gia Phù,21.1792752,104.5565002,138,Unhealthy for Sensitive Groups,2,19.7,62,0.0,9.2,74,937.8,4,18.7,19.1,495.0,4.6,102.0,5.3
2026-01-14 18:00:00,2026,1,14,18,Sơn La,Xã Gia Phù,21.1792752,104.5565002,136,Unhealthy for Sensitive Groups,2,15.9,82,0.0,7.8,44,938.2,28,29.3,29.7,579.0,9.4,90.0,8.5
2026-01-14 19:00:00,2026,1,14,19,Sơn La,Xã Gia Phù,21.1792752,104.5565002,135,Unhealthy for Sensitive Groups,2,14.5,90,0.0,5.4,21,939.2,27,29.5,29.8,636.0,12.6,76.0,10.9
2026-01-14 20:00:00,2026,1,14,20,Sơn La,Xã Gia Phù,21.1792752,104.5565002,134,Unhealthy for Sensitive Groups,2,14.9,86,0.0,6.0,21,939.8,45,38.3,38.6,644.0,12.4,76.0,13.3
2026-01-14 21:00:00,2026,1,14,21,Sơn La,Xã Gia Phù,21.1792752,104.5565002,133,Unhealthy for Sensitive Groups,2,14.9,86,0.0,5.6,33,940.2,40,46.0,46.3,625.0,12.2,76.0,16.6
2026-01-14 22:00:00,2026,1,14,22,Sơn La,Xã Gia Phù,21.1792752,104.5565002,132,Unhealthy for Sensitive Groups,2,14.9,86,0.0,6.3,39,941.0,56,53.3,53.7,600.0,11.5,79.0,20.1
2026-01-14 23:00:00,2026,1,14,23,Sơn La,Xã Gia Phù,21.1792752,104.5565002,132,Unhealthy for Sensitive Groups,2,14.6,87,0.0,5.4,37,941.1,99,58.2,58.6,572.0,10.2,86.0,23.8
2026-01-15 00:00:00,2026,1,15,0,Sơn La,Xã Gia Phù,21.1792752,104.5565002,132,Unhealthy for Sensitive Groups,2,14.3,88,0.0,4.1,29,941.1,91,61.7,61.9,540.0,8.5,96.0,27.5
2026-01-15 01:00:00,2026,1,15,1,Sơn La,Xã Gia Phù,21.1792752,104.5565002,132,Unhealthy for Sensitive Groups,2,14.4,89,0.0,3.5,28,941.0,97,64.0,64.5,517.0,7.0,102.0,30.0
2026-01-15 02:00:00,2026,1,15,2,Sơn La,Xã Gia Phù,21.1792752,104.5565002,133,Unhealthy for Sensitive Groups,2,14.4,88,0.0,3.4,43,940.5,100,65.9,66.6,507.0,6.0,101.0,30.0
2026-01-15 03:00:00,2026,1,15,3,Sơn La,Xã Gia Phù,21.1792752,104.5565002,133,Unhealthy for Sensitive Groups,2,14.5,88,0.0,3.7,55,940.2,100,68.0,68.5,506.0,5.3,95.0,28.8
2026-01-15 04:00:00,2026,1,15,4,Sơn La,Xã Gia Phù,21.1792752,104.5565002,133,Unhealthy for Sensitive Groups,2,14.2,90,0.0,3.5,55,940.1,100,69.4,69.8,526.0,4.7,92.0,28.3
2026-01-15 05:00:00,2026,1,15,5,Sơn La,Xã Gia Phù,21.1792752,104.5565002,134,Unhealthy for Sensitive Groups,2,14.3,90,0.0,3.3,54,940.1,100,66.8,67.1,587.0,4.2,92.0,30.2
2026-01-15 06:00:00,2026,1,15,6,Sơn La,Xã Gia Phù,21.1792752,104.5565002,134,Unhealthy for Sensitive Groups,2,14.4,91,0.1,3.6,60,940.7,100,65.0,65.4,668.0,3.9,95.0,32.9
2026-01-15 07:00:00,2026,1,15,7,Sơn La,Xã Gia Phù,21.1792752,104.5565002,134,Unhealthy for Sensitive Groups,2,14.0,94,0.2,3.1,45,941.1,100,61.0,61.5,713.0,4.7,93.0,30.4
2026-01-15 08:00:00,2026,1,15,8,Sơn La,Xã Gia Phù,21.1792752,104.5565002,132,Unhealthy for Sensitive Groups,2,14.6,96,0.5,4.4,63,941.8,100,51.2,51.8,693.0,4.7,94.0,29.5
2026-01-15 09:00:00,2026,1,15,9,Sơn La,Xã Gia Phù,21.1792752,104.5565002,130,Unhealthy for Sensitive Groups,2,15.1,95,0.3,4.8,70,942.4,100,38.0,38.4,637.0,4.8,95.0,28.0
2026-01-15 10:00:00,2026,1,15,10,Sơn La,Xã Gia Phù,21.1792752,104.5565002,127,Unhealthy for Sensitive Groups,2,15.6,93,0.6,4.0,95,942.6,100,31.1,31.5,573.0,4.6,97.0,25.3
2026-01-15 11:00:00,2026,1,15,11,Sơn La,Xã Gia Phù,21.1792752,104.5565002,125,Unhealthy for Sensitive Groups,2,16.6,84,0.2,4.0,111,942.1,100,28.9,29.4,501.0,4.0,101.0,20.6
2026-01-15 12:00:00,2026,1,15,12,Sơn La,Xã Gia Phù,21.1792752,104.5565002,123,Unhealthy for Sensitive Groups,2,18.5,74,0.0,5.1,144,941.2,100,28.3,28.8,420.0,3.2,105.0,14.6
2026-01-15 13:00:00,2026,1,15,13,Sơn La,Xã Gia Phù,21.1792752,104.5565002,122,Unhealthy for Sensitive Groups,2,19.8,67,0.0,5.4,174,940.3,60,37.4,38.0,358.0,2.6,109.0,9.7
2026-01-15 14:00:00,2026,1,15,14,Sơn La,Xã Gia Phù,21.1792752,104.5565002,123,Unhealthy for Sensitive Groups,2,20.3,65,0.0,6.9,165,939.1,45,30.5,31.0,318.0,1.9,113.0,6.3
2026-01-15 15:00:00,2026,1,15,15,Sơn La,Xã Gia Phù,21.1792752,104.5565002,124,Unhealthy for Sensitive Groups,2,20.6,63,0.0,6.2,136,938.2,33,30.7,31.2,296.0,1.3,117.0,3.9
2026-01-15 16:00:00,2026,1,15,16,Sơn La,Xã Gia Phù,21.1792752,104.5565002,125,Unhealthy for Sensitive Groups,2,20.5,63,0.0,6.6,112,938.0,25,38.0,38.5,312.0,1.9,115.0,2.9
2026-01-15 17:00:00,2026,1,15,17,Sơn La,Xã Gia Phù,21.1792752,104.5565002,127,Unhealthy for Sensitive Groups,2,19.2,70,0.0,7.8,86,937.7,33,34.1,34.7,392.0,4.5,104.0,3.9
2026-01-15 18:00:00,2026,1,15,18,Sơn La,Xã Gia Phù,21.1792752,104.5565002,128,Unhealthy for Sensitive Groups,2,16.4,86,0.0,7.2,55,937.4,88,35.2,35.6,510.0,8.3,88.0,6.3
2026-01-15 19:00:00,2026,1,15,19,Sơn La,Xã Gia Phù,21.1792752,104.5565002,129,Unhealthy for Sensitive Groups,2,15.7,90,0.0,5.5,44,937.8,77,39.7,40.3,600.0,11.4,73.0,8.0
2026-01-15 20:00:00,2026,1,15,20,Sơn La,Xã Gia Phù,21.1792752,104.5565002,130,Unhealthy for Sensitive Groups,2,15.4,93,0.0,4.8,25,938.3,92,42.8,43.5,636.0,12.7,68.0,10.5
2026-01-15 21:00:00,2026,1,15,21,Sơn La,Xã Gia Phù,21.1792752,104.5565002,131,Unhealthy for Sensitive Groups,2,15.1,95,0.0,3.7,23,938.3,95,46.3,46.9,644.0,14.5,60.0,13.9
2026-01-15 22:00:00,2026,1,15,22,Sơn La,Xã Gia Phù,21.1792752,104.5565002,131,Unhealthy for Sensitive Groups,2,15.0,94,0.0,2.9,22,938.4,97,48.9,49.6,640.0,15.3,55.0,16.5
2026-01-15 23:00:00,2026,1,15,23,Sơn La,Xã Gia Phù,21.1792752,104.5565002,130,Unhealthy for Sensitive Groups,2,14.8,94,0.0,1.7,18,938.2,99,50.6,51.2,628.0,14.3,54.0,17.7
2026-01-16 00:00:00,2026,1,16,0,Sơn La,Xã Gia Phù,21.1792752,104.5565002,129,Unhealthy for Sensitive Groups,2,14.9,93,0.0,1.0,329,938.0,100,50.5,51.1,603.0,12.3,54.0,18.1
2026-01-16 01:00:00,2026,1,16,1,Sơn La,Xã Gia Phù,21.1792752,104.5565002,128,Unhealthy for Sensitive Groups,2,14.1,96,0.0,2.1,329,937.8,85,47.5,48.2,568.0,10.4,54.0,17.6
2026-01-16 02:00:00,2026,1,16,2,Sơn La,Xã Gia Phù,21.1792752,104.5565002,126,Unhealthy for Sensitive Groups,2,13.5,97,0.0,2.9,317,936.9,53,44.8,45.5,514.0,9.0,52.0,16.1
2026-01-16 03:00:00,2026,1,16,3,Sơn La,Xã Gia Phù,21.1792752,104.5565002,124,Unhealthy for Sensitive Groups,2,12.6,99,0.0,4.0,321,936.3,41,41.1,41.8,449.0,7.8,49.0,13.8
2026-01-16 04:00:00,2026,1,16,4,Sơn La,Xã Gia Phù,21.1792752,104.5565002,121,Unhealthy for Sensitive Groups,2,12.3,97,0.1,3.7,317,936.2,30,39.8,40.5,408.0,6.6,50.0,11.2
2026-01-16 05:00:00,2026,1,16,5,Sơn La,Xã Gia Phù,21.1792752,104.5565002,118,Unhealthy for Sensitive Groups,2,12.2,95,0.0,3.9,298,936.3,31,36.4,37.3,413.0,5.5,56.0,8.3
2026-01-16 06:00:00,2026,1,16,6,Sơn La,Xã Gia Phù,21.1792752,104.5565002,115,Unhealthy for Sensitive Groups,2,12.2,94,0.0,4.2,282,936.5,31,34.5,35.3,440.0,4.4,66.0,5.2
2026-01-16 07:00:00,2026,1,16,7,Sơn La,Xã Gia Phù,21.1792752,104.5565002,112,Unhealthy for Sensitive Groups,2,12.6,93,0.0,3.6,267,937.3,27,29.9,30.5,453.0,4.3,67.0,3.0
2026-01-16 08:00:00,2026,1,16,8,Sơn La,Xã Gia Phù,21.1792752,104.5565002,109,Unhealthy for Sensitive Groups,2,15.0,88,0.0,5.8,256,938.4,4,29.9,30.5,433.0,3.5,77.0,2.5
2026-01-16 09:00:00,2026,1,16,9,Sơn La,Xã Gia Phù,21.1792752,104.5565002,107,Unhealthy for Sensitive Groups,2,17.3,80,0.0,7.1,229,939.5,3,24.4,24.9,398.0,2.5,92.0,1.7
2026-01-16 10:00:00,2026,1,16,10,Sơn La,Xã Gia Phù,21.1792752,104.5565002,105,Unhealthy for Sensitive Groups,2,19.7,70,0.0,8.2,221,939.6,1,20.7,21.2,366.0,1.6,104.0,1.4
2026-01-16 11:00:00,2026,1,16,11,Sơn La,Xã Gia Phù,21.1792752,104.5565002,104,Unhealthy for Sensitive Groups,2,21.6,62,0.0,9.2,215,939.1,4,18.8,19.2,341.0,1.2,112.0,1.9
2026-01-16 12:00:00,2026,1,16,12,Sơn La,Xã Gia Phù,21.1792752,104.5565002,103,Unhealthy for Sensitive Groups,2,23.6,54,0.0,12.6,237,937.8,6,15.4,15.7,318.0,1.0,118.0,2.8
2026-01-16 13:00:00,2026,1,16,13,Sơn La,Xã Gia Phù,21.1792752,104.5565002,102,Unhealthy for Sensitive Groups,2,24.9,47,0.0,17.0,249,936.8,13,14.3,14.5,301.0,0.9,122.0,3.4
2026-01-16 14:00:00,2026,1,16,14,Sơn La,Xã Gia Phù,21.1792752,104.5565002,99,Moderate,1,24.6,47,0.0,18.4,249,935.9,19,13.6,13.7,284.0,0.4,124.0,3.4
2026-01-16 15:00:00,2026,1,16,15,Sơn La,Xã Gia Phù,21.1792752,104.5565002,98,Moderate,1,24.9,45,0.0,16.8,240,935.4,23,12.3,12.5,273.0,0.0,123.0,3.1
2026-01-16 16:00:00,2026,1,16,16,Sơn La,Xã Gia Phù,21.1792752,104.5565002,96,Moderate,1,24.1,48,0.0,11.5,225,935.3,22,10.9,11.0,294.0,1.1,119.0,3.1
2026-01-16 17:00:00,2026,1,16,17,Sơn La,Xã Gia Phù,21.1792752,104.5565002,94,Moderate,1,22.0,65,0.0,1.6,153,935.4,23,10.4,10.4,377.0,4.8,110.0,3.7
2026-01-16 18:00:00,2026,1,16,18,Sơn La,Xã Gia Phù,21.1792752,104.5565002,92,Moderate,1,18.3,75,0.0,5.0,46,935.4,12,14.3,14.4,492.0,10.1,98.0,4.7
2026-01-16 19:00:00,2026,1,16,19,Sơn La,Xã Gia Phù,21.1792752,104.5565002,90,Moderate,1,17.9,79,0.0,4.6,11,935.7,42,24.9,25.1,579.0,13.5,86.0,5.9
2026-01-16 20:00:00,2026,1,16,20,Sơn La,Xã Gia Phù,21.1792752,104.5565002,89,Moderate,1,17.0,87,0.0,3.9,13,936.3,46,28.7,28.9,611.0,16.6,78.0,7.5
2026-01-16 21:00:00,2026,1,16,21,Sơn La,Xã Gia Phù,21.1792752,104.5565002,87,Moderate,1,16.1,89,0.0,3.1,3,936.7,56,34.7,34.9,615.0,20.7,68.0,9.7
2026-01-16 22:00:00,2026,1,16,22,Sơn La,Xã Gia Phù,21.1792752,104.5565002,86,Moderate,1,15.3,88,0.0,2.3,356,936.8,50,40.0,40.3,606.0,23.8,59.0,11.5
2026-01-16 23:00:00,2026,1,16,23,Sơn La,Xã Gia Phù,21.1792752,104.5565002,85,Moderate,1,14.7,87,0.0,3.1,357,936.7,38,44.5,44.7,586.0,24.9,54.0,12.6
2026-01-17 00:00:00,2026,1,17,0,Sơn La,Xã Gia Phù,21.1792752,104.5565002,85,Moderate,1,14.8,86,0.1,2.3,342,936.5,41,47.5,47.8,553.0,24.9,50.0,13.3
2026-01-17 01:00:00,2026,1,17,1,Sơn La,Xã Gia Phù,21.1792752,104.5565002,85,Moderate,1,15.2,86,0.0,1.9,343,936.5,79,50.2,50.5,519.0,23.8,48.0,13.7
2026-01-17 02:00:00,2026,1,17,2,Sơn La,Xã Gia Phù,21.1792752,104.5565002,85,Moderate,1,15.5,85,0.0,0.6,342,936.3,60,52.5,52.9,480.0,21.3,49.0,13.6
2026-01-17 03:00:00,2026,1,17,3,Sơn La,Xã Gia Phù,21.1792752,104.5565002,86,Moderate,1,15.4,86,0.0,0.6,252,936.2,55,54.5,54.8,439.0,17.8,51.0,13.2
2026-01-17 04:00:00,2026,1,17,4,Sơn La,Xã Gia Phù,21.1792752,104.5565002,87,Moderate,1,15.1,87,0.0,1.2,309,935.8,41,56.5,56.8,425.0,14.5,53.0,12.9
2026-01-17 05:00:00,2026,1,17,5,Sơn La,Xã Gia Phù,21.1792752,104.5565002,88,Moderate,1,15.1,86,0.0,0.0,270,936.1,43,53.9,54.2,462.0,11.9,52.0,12.6
2026-01-17 06:00:00,2026,1,17,6,Sơn La,Xã Gia Phù,21.1792752,104.5565002,90,Moderate,1,14.5,87,0.0,0.8,333,936.4,23,52.9,53.2,524.0,9.5,51.0,12.4
2026-01-17 07:00:00,2026,1,17,7,Sơn La,Xã Gia Phù,21.1792752,104.5565002,91,Moderate,1,14.3,85,0.0,0.4,27,936.9,41,36.6,36.8,562.0,12.6,36.0,4.7
2026-01-17 08:00:00,2026,1,17,8,Sơn La,Xã Gia Phù,21.1792752,104.5565002,92,Moderate,1,15.5,91,0.0,1.8,114,938.2,60,32.2,32.6,555.0,10.1,53.0,7.6
2026-01-17 09:00:00,2026,1,17,9,Sơn La,Xã Gia Phù,21.1792752,104.5565002,92,Moderate,1,17.0,89,0.0,3.5,141,939.4,100,32.2,32.7,523.0,6.6,76.0,11.5
2026-01-17 10:00:00,2026,1,17,10,Sơn La,Xã Gia Phù,21.1792752,104.5565002,93,Moderate,1,18.8,78,0.0,4.1,157,939.7,99,31.3,31.7,483.0,3.7,95.0,13.4
2026-01-17 11:00:00,2026,1,17,11,Sơn La,Xã Gia Phù,21.1792752,104.5565002,94,Moderate,1,20.2,70,0.0,4.7,171,939.3,82,23.5,23.8,428.0,2.2,107.0,11.5
2026-01-17 12:00:00,2026,1,17,12,Sơn La,Xã Gia Phù,21.1792752,104.5565002,94,Moderate,1,21.9,62,0.0,4.9,174,938.0,15,17.5,17.8,365.0,1.3,115.0,7.7
2026-01-17 13:00:00,2026,1,17,13,Sơn La,Xã Gia Phù,21.1792752,104.5565002,94,Moderate,1,23.1,54,0.0,5.8,189,937.2,6,13.9,14.3,324.0,0.8,120.0,4.6
2026-01-17 14:00:00,2026,1,17,14,Sơn La,Xã Gia Phù,21.1792752,104.5565002,94,Moderate,1,23.9,48,0.0,7.1,173,936.2,9,12.3,12.9,319.0,0.2,121.0,3.2
2026-01-17 15:00:00,2026,1,17,15,Sơn La,Xã Gia Phù,21.1792752,104.5565002,94,Moderate,1,24.0,46,0.0,7.7,156,935.1,8,11.1,11.9,337.0,0.0,120.0,2.7
2026-01-17 16:00:00,2026,1,17,16,Sơn La,Xã Gia Phù,21.1792752,104.5565002,94,Moderate,1,23.3,49,0.0,7.5,132,934.9,6,10.1,10.9,370.0,0.9,115.0,2.8
2026-01-17 17:00:00,2026,1,17,17,Sơn La,Xã Gia Phù,21.1792752,104.5565002,94,Moderate,1,21.6,59,0.0,6.3,90,935.0,5,10.2,11.1,426.0,4.3,106.0,3.9
2026-01-17 18:00:00,2026,1,17,18,Sơn La,Xã Gia Phù,21.1792752,104.5565002,94,Moderate,1,18.2,80,0.0,7.1,41,935.2,8,15.3,16.1,497.0,9.1,95.0,5.6
2026-01-17 19:00:00,2026,1,17,19,Sơn La,Xã Gia Phù,21.1792752,104.5565002,94,Moderate,1,16.8,93,0.0,5.5,41,935.6,42,22.4,23.1,547.0,11.5,85.0,6.3
2026-01-17 20:00:00,2026,1,17,20,Sơn La,Xã Gia Phù,21.1792752,104.5565002,94,Moderate,1,17.0,94,0.0,3.4,18,936.1,100,27.6,28.2,561.0,11.8,81.0,7.5
2026-01-17 21:00:00,2026,1,17,21,Sơn La,Xã Gia Phù,21.1792752,104.5565002,94,Moderate,1,17.1,93,0.0,2.8,35,936.4,100,33.2,33.8,554.0,12.1,76.0,9.1
2026-01-17 22:00:00,2026,1,17,22,Sơn La,Xã Gia Phù,21.1792752,104.5565002,94,Moderate,1,16.3,96,0.0,2.2,5,936.3,96,38.8,39.2,542.0,12.4,71.0,10.5
2026-01-17 23:00:00,2026,1,17,23,Sơn La,Xã Gia Phù,21.1792752,104.5565002,94,Moderate,1,16.2,94,0.0,1.3,8,936.1,100,43.3,43.8,529.0,12.7,69.0,11.6
2026-01-18 00:00:00,2026,1,18,0,Sơn La,Xã Gia Phù,21.1792752,104.5565002,94,Moderate,1,16.3,93,0.0,0.7,360,936.2,100,45.9,46.3,510.0,12.9,68.0,12.4
2026-01-18 01:00:00,2026,1,18,1,Sơn La,Xã Gia Phù,21.1792752,104.5565002,93,Moderate,1,15.5,96,0.0,2.8,345,936.2,100,47.6,48.2,482.0,12.8,66.0,12.6
2026-01-18 02:00:00,2026,1,18,2,Sơn La,Xã Gia Phù,21.1792752,104.5565002,93,Moderate,1,14.2,96,0.0,2.7,340,935.4,100,48.4,48.9,438.0,12.2,64.0,11.7
2026-01-18 03:00:00,2026,1,18,3,Sơn La,Xã Gia Phù,21.1792752,104.5565002,93,Moderate,1,13.3,95,0.0,2.8,342,935.0,89,48.3,48.8,385.0,11.2,61.0,10.1
2026-01-18 04:00:00,2026,1,18,4,Sơn La,Xã Gia Phù,21.1792752,104.5565002,92,Moderate,1,12.9,91,0.0,3.5,339,934.7,80,50.1,50.5,347.0,10.3,58.0,8.6
2026-01-18 05:00:00,2026,1,18,5,Sơn La,Xã Gia Phù,21.1792752,104.5565002,92,Moderate,1,12.4,88,0.0,3.5,332,934.6,87,48.9,49.4,337.0,9.8,53.0,7.6
2026-01-18 06:00:00,2026,1,18,6,Sơn La,Xã Gia Phù,21.1792752,104.5565002,91,Moderate,1,12.4,83,0.0,3.2,326,935.2,81,41.9,42.4,341.0,9.5,47.0,6.6
2026-01-18 07:00:00,2026,1,18,7,Sơn La,Xã Gia Phù,21.1792752,104.5565002,90,Moderate,1,12.9,82,0.0,2.8,297,936.3,93,41.6,41.8,345.0,9.4,46.0,5.3
2026-01-18 08:00:00,2026,1,18,8,Sơn La,Xã Gia Phù,21.1792752,104.5565002,91,Moderate,1,15.2,79,0.0,5.6,264,937.4,100,28.5,28.8,344.0,7.1,64.0,4.2
2026-01-18 09:00:00,2026,1,18,9,Sơn La,Xã Gia Phù,21.1792752,104.5565002,90,Moderate,1,17.1,82,0.0,6.9,231,938.3,100,22.9,23.2,343.0,4.0,88.0,2.7
2026-01-18 10:00:00,2026,1,18,10,Sơn La,Xã Gia Phù,21.1792752,104.5565002,90,Moderate,1,19.4,71,0.0,9.4,227,938.8,33,15.4,15.9,333.0,1.6,106.0,1.7
2026-01-18 11:00:00,2026,1,18,11,Sơn La,Xã Gia Phù,21.1792752,104.5565002,88,Moderate,1,21.7,59,0.0,11.6,227,938.5,2,11.8,12.5,309.0,0.7,112.0,1.6
2026-01-18 12:00:00,2026,1,18,12,Sơn La,Xã Gia Phù,21.1792752,104.5565002,87,Moderate,1,23.4,50,0.0,12.9,238,937.4,1,9.3,10.0,276.0,0.7,111.0,2.0
2026-01-18 13:00:00,2026,1,18,13,Sơn La,Xã Gia Phù,21.1792752,104.5565002,86,Moderate,1,24.8,42,0.0,16.0,247,936.5,14,8.7,9.5,251.0,0.7,110.0,2.2
2026-01-18 14:00:00,2026,1,18,14,Sơn La,Xã Gia Phù,21.1792752,104.5565002,86,Moderate,1,25.1,39,0.0,16.3,253,935.3,0,8.4,9.1,230.0,0.3,111.0,2.0
2026-01-18 15:00:00,2026,1,18,15,Sơn La,Xã Gia Phù,21.1792752,104.5565002,86,Moderate,1,25.0,37,0.0,15.2,251,934.8,59,7.9,8.5,215.0,0.0,111.0,1.7
2026-01-18 16:00:00,2026,1,18,16,Sơn La,Xã Gia Phù,21.1792752,104.5565002,85,Moderate,1,24.6,38,0.0,12.7,247,934.6,44,7.3,8.0,232.0,0.9,108.0,1.7
2026-01-18 17:00:00,2026,1,18,17,Sơn La,Xã Gia Phù,21.1792752,104.5565002,85,Moderate,1,22.7,51,0.0,4.4,215,934.4,78,7.0,7.7,307.0,3.9,99.0,2.1
2026-01-18 18:00:00,2026,1,18,18,Sơn La,Xã Gia Phù,21.1792752,104.5565002,85,Moderate,1,20.4,51,0.0,0.4,360,934.3,5,8.4,9.1,413.0,8.1,86.0,2.8
2026-01-18 19:00:00,2026,1,18,19,Sơn La,Xã Gia Phù,21.1792752,104.5565002,84,Moderate,1,18.9,56,0.0,3.5,325,934.5,0,10.3,10.7,492.0,13.8,73.0,4.9
2026-01-18 20:00:00,2026,1,18,20,Sơn La,Xã Gia Phù,21.1792752,104.5565002,83,Moderate,1,17.8,60,0.0,2.7,352,935.0,2,12.2,12.5,518.0,15.9,69.0,5.9
2026-01-18 21:00:00,2026,1,18,21,Sơn La,Xã Gia Phù,21.1792752,104.5565002,82,Moderate,1,16.6,65,0.0,2.6,344,935.2,6,13.6,13.9,516.0,18.8,63.0,7.2
2026-01-18 22:00:00,2026,1,18,22,Sơn La,Xã Gia Phù,21.1792752,104.5565002,80,Moderate,1,15.8,66,0.0,1.4,337,935.4,5,15.0,15.3,505.0,21.0,57.0,8.2
2026-01-18 23:00:00,2026,1,18,23,Sơn La,Xã Gia Phù,21.1792752,104.5565002,78,Moderate,1,15.6,65,0.0,0.4,333,935.3,2,16.1,16.4,487.0,21.9,52.0,8.4
2026-01-19 00:00:00,2026,1,19,0,Sơn La,Xã Gia Phù,21.1792752,104.5565002,75,Moderate,1,15.1,65,0.0,0.6,342,935.3,2,16.8,17.1,458.0,22.1,47.0,8.2
2026-01-19 01:00:00,2026,1,19,1,Sơn La,Xã Gia Phù,21.1792752,104.5565002,73,Moderate,1,14.8,68,0.0,0.6,342,934.9,0,17.1,17.6,429.0,22.3,43.0,8.0
2026-01-19 02:00:00,2026,1,19,2,Sơn La,Xã Gia Phù,21.1792752,104.5565002,70,Moderate,1,14.4,68,0.0,0.7,14,934.5,13,17.3,18.1,391.0,22.8,40.0,7.9
2026-01-19 03:00:00,2026,1,19,3,Sơn La,Xã Gia Phù,21.1792752,104.5565002,67,Moderate,1,14.0,68,0.0,0.5,360,934.4,34,17.7,18.5,352.0,23.2,37.0,7.9
2026-01-19 04:00:00,2026,1,19,4,Sơn La,Xã Gia Phù,21.1792752,104.5565002,65,Moderate,1,13.8,68,0.0,0.7,14,934.2,48,18.4,19.2,345.0,23.0,35.0,7.7
2026-01-19 05:00:00,2026,1,19,5,Sơn La,Xã Gia Phù,21.1792752,104.5565002,62,Moderate,1,13.6,69,0.0,0.7,14,934.5,52,20.1,20.9,405.0,22.1,33.0,7.2
2026-01-19 06:00:00,2026,1,19,6,Sơn La,Xã Gia Phù,21.1792752,104.5565002,59,Moderate,1,13.4,69,0.0,0.5,360,935.2,52,24.9,25.3,496.0,20.5,32.0,6.7
2026-01-19 07:00:00,2026,1,19,7,Sơn La,Xã Gia Phù,21.1792752,104.5565002,58,Moderate,1,13.2,69,0.0,0.4,297,936.5,48,22.6,23.5,546.0,24.6,38.0,8.6
2026-01-19 08:00:00,2026,1,19,8,Sơn La,Xã Gia Phù,21.1792752,104.5565002,56,Moderate,1,15.2,64,0.0,0.6,236,937.7,44,19.3,19.6,514.0,18.1,57.0,7.1
2026-01-19 09:00:00,2026,1,19,9,Sơn La,Xã Gia Phù,21.1792752,104.5565002,55,Moderate,1,16.4,74,0.0,3.3,158,938.6,45,10.2,10.4,440.0,9.0,84.0,5.1
2026-01-19 10:00:00,2026,1,19,10,Sơn La,Xã Gia Phù,21.1792752,104.5565002,54,Moderate,1,18.6,69,0.0,4.7,152,939.2,0,9.4,9.7,371.0,2.3,105.0,3.5
2026-01-19 11:00:00,2026,1,19,11,Sơn La,Xã Gia Phù,21.1792752,104.5565002,54,Moderate,1,20.3,64,0.0,5.4,150,938.8,1,7.6,7.9,320.0,0.1,115.0,2.8
2026-01-19 12:00:00,2026,1,19,12,Sơn La,Xã Gia Phù,21.1792752,104.5565002,53,Moderate,1,21.9,56,0.0,5.8,166,937.9,1,4.7,5.0,274.0,0.3,119.0,2.6
2026-01-19 13:00:00,2026,1,19,13,Sơn La,Xã Gia Phù,21.1792752,104.5565002,53,Moderate,1,24.2,49,0.0,8.7,198,937.0,2,3.4,3.8,242.0,0.6,121.0,2.5
2026-01-19 14:00:00,2026,1,19,14,Sơn La,Xã Gia Phù,21.1792752,104.5565002,52,Moderate,1,25.4,43,0.0,8.4,208,935.9,2,3.2,3.6,223.0,0.0,122.0,2.3
2026-01-19 15:00:00,2026,1,19,15,Sơn La,Xã Gia Phù,21.1792752,104.5565002,52,Moderate,1,26.1,38,0.0,10.7,226,935.4,0,3.1,3.5,219.0,0.0,121.0,2.2
2026-01-19 16:00:00,2026,1,19,16,Sơn La,Xã Gia Phù,21.1792752,104.5565002,52,Moderate,1,25.8,37,0.0,9.9,228,935.0,0,3.0,3.5,240.0,0.8,116.0,2.5
2026-01-19 17:00:00,2026,1,19,17,Sơn La,Xã Gia Phù,21.1792752,104.5565002,59,Moderate,1,23.8,53,0.0,0.6,162,935.1,0,3.3,3.8,305.0,4.9,107.0,3.4
2026-01-19 18:00:00,2026,1,19,18,Sơn La,Xã Gia Phù,21.1792752,104.5565002,64,Moderate,1,19.0,66,0.0,6.3,37,935.1,0,5.8,6.3,395.0,10.5,95.0,4.7
2026-01-19 19:00:00,2026,1,19,19,Sơn La,Xã Gia Phù,21.1792752,104.5565002,61,Moderate,1,17.1,84,0.0,5.8,26,935.2,22,13.0,13.5,467.0,16.1,84.0,6.4
2026-01-19 20:00:00,2026,1,19,20,Sơn La,Xã Gia Phù,21.1792752,104.5565002,55,Moderate,1,16.2,90,0.0,4.0,18,935.7,46,17.4,17.9,506.0,18.3,76.0,7.6
2026-01-19 21:00:00,2026,1,19,21,Sơn La,Xã Gia Phù,21.1792752,104.5565002,51,Moderate,1,15.6,86,0.0,2.9,356,936.1,94,21.5,22.1,528.0,21.4,64.0,9.2
2026-01-19 22:00:00,2026,1,19,22,Sơn La,Xã Gia Phù,21.1792752,104.5565002,52,Moderate,1,15.0,79,0.0,2.6,348,936.5,87,25.6,26.2,531.0,23.6,55.0,10.5
2026-01-19 23:00:00,2026,1,19,23,Sơn La,Xã Gia Phù,21.1792752,104.5565002,53,Moderate,1,14.5,77,0.0,2.5,339,936.4,72,28.6,29.3,510.0,24.5,50.0,11.2
2026-01-20 00:00:00,2026,1,20,0,Sơn La,Xã Gia Phù,21.1792752,104.5565002,54,Moderate,1,14.0,78,0.0,1.5,346,936.1,64,31.0,31.5,472.0,24.6,48.0,11.6
2026-01-20 01:00:00,2026,1,20,1,Sơn La,Xã Gia Phù,21.1792752,104.5565002,55,Moderate,1,14.4,77,0.0,0.9,37,936.2,15,33.2,33.8,433.0,23.7,46.0,11.4
2026-01-20 02:00:00,2026,1,20,2,Sơn La,Xã Gia Phù,21.1792752,104.5565002,57,Moderate,1,13.6,82,0.0,2.3,23,935.6,24,36.4,37.1,391.0,21.3,44.0,10.3
2026-01-20 03:00:00,2026,1,20,3,Sơn La,Xã Gia Phù,21.1792752,104.5565002,58,Moderate,1,13.7,80,0.0,1.3,16,935.6,99,41.4,42.1,349.0,17.9,43.0,8.6
2026-01-20 04:00:00,2026,1,20,4,Sơn La,Xã Gia Phù,21.1792752,104.5565002,61,Moderate,1,13.7,83,0.0,0.8,27,935.8,100,45.6,46.3,335.0,14.5,44.0,7.5
2026-01-20 05:00:00,2026,1,20,5,Sơn La,Xã Gia Phù,21.1792752,104.5565002,63,Moderate,1,13.8,85,0.0,0.6,18,936.1,100,43.2,43.9,375.0,11.1,49.0,7.6
2026-01-20 06:00:00,2026,1,20,6,Sơn La,Xã Gia Phù,21.1792752,104.5565002,65,Moderate,1,13.8,87,0.0,0.8,27,936.9,100,36.4,37.3,442.0,7.6,56.0,8.2
2026-01-20 07:00:00,2026,1,20,7,Sơn La,Xã Gia Phù,21.1792752,104.5565002,66,Moderate,1,13.7,87,0.1,1.0,59,938.1,100,26.8,27.0,485.0,9.3,38.0,5.1
2026-01-20 08:00:00,2026,1,20,8,Sơn La,Xã Gia Phù,21.1792752,104.5565002,66,Moderate,1,15.0,90,0.0,2.2,95,939.4,100,17.6,17.8,478.0,7.2,55.0,4.9
2026-01-20 09:00:00,2026,1,20,9,Sơn La,Xã Gia Phù,21.1792752,104.5565002,66,Moderate,1,15.9,93,0.1,3.6,108,940.5,100,14.7,14.9,447.0,4.2,78.0,4.6
2026-01-20 10:00:00,2026,1,20,10,Sơn La,Xã Gia Phù,21.1792752,104.5565002,67,Moderate,1,17.5,86,0.1,5.3,123,941.3,100,10.8,11.0,412.0,2.0,96.0,4.3
2026-01-20 11:00:00,2026,1,20,11,Sơn La,Xã Gia Phù,21.1792752,104.5565002,67,Moderate,1,19.4,75,0.1,6.1,130,941.2,100,10.2,10.3,377.0,1.2,105.0,3.8
2026-01-20 12:00:00,2026,1,20,12,Sơn La,Xã Gia Phù,21.1792752,104.5565002,67,Moderate,1,21.1,65,0.0,7.8,136,940.6,100,9.8,9.9,338.0,1.0,110.0,3.3
2026-01-20 13:00:00,2026,1,20,13,Sơn La,Xã Gia Phù,21.1792752,104.5565002,67,Moderate,1,21.8,60,0.0,5.2,139,940.0,25,9.4,9.5,305.0,1.0,113.0,2.8
2026-01-20 14:00:00,2026,1,20,14,Sơn La,Xã Gia Phù,21.1792752,104.5565002,68,Moderate,1,22.4,55,0.0,3.1,83,938.9,5,8.0,8.1,278.0,0.7,115.0,2.3
2026-01-20 15:00:00,2026,1,20,15,Sơn La,Xã Gia Phù,21.1792752,104.5565002,68,Moderate,1,23.5,50,0.0,2.6,78,938.1,13,7.5,7.6,257.0,0.5,116.0,1.9
2026-01-20 16:00:00,2026,1,20,16,Sơn La,Xã Gia Phù,21.1792752,104.5565002,69,Moderate,1,23.3,51,0.0,3.8,79,938.0,28,7.4,7.5,257.0,1.0,113.0,1.8
2026-01-20 17:00:00,2026,1,20,17,Sơn La,Xã Gia Phù,21.1792752,104.5565002,69,Moderate,1,22.3,58,0.0,4.6,77,937.9,41,8.3,8.4,293.0,2.6,105.0,1.9
2026-01-20 18:00:00,2026,1,20,18,Sơn La,Xã Gia Phù,21.1792752,104.5565002,70,Moderate,1,19.7,67,0.0,7.6,47,937.9,32,11.0,11.1,348.0,4.9,93.0,2.3
2026-01-20 19:00:00,2026,1,20,19,Sơn La,Xã Gia Phù,21.1792752,104.5565002,70,Moderate,1,18.2,83,0.0,6.3,24,938.2,26,20.7,21.0,389.0,6.8,79.0,3.1
2026-01-20 20:00:00,2026,1,20,20,Sơn La,Xã Gia Phù,21.1792752,104.5565002,71,Moderate,1,17.6,87,0.0,7.1,15,938.9,52,24.2,24.6,401.0,7.2,76.0,4.2
2026-01-20 21:00:00,2026,1,20,21,Sơn La,Xã Gia Phù,21.1792752,104.5565002,71,Moderate,1,16.3,91,0.0,6.0,10,939.1,78,25.8,26.4,399.0,7.8,72.0,5.8
2026-01-20 22:00:00,2026,1,20,22,Sơn La,Xã Gia Phù,21.1792752,104.5565002,72,Moderate,1,15.9,91,0.0,5.7,9,939.7,87,26.4,27.1,389.0,8.1,69.0,7.2
2026-01-20 23:00:00,2026,1,20,23,Sơn La,Xã Gia Phù,21.1792752,104.5565002,72,Moderate,1,15.0,94,0.0,4.5,7,939.6,85,27.6,28.4,371.0,7.8,67.0,8.2
2026-01-21 00:00:00,2026,1,21,0,Sơn La,Xã Gia Phù,21.1792752,104.5565002,72,Moderate,1,14.9,93,0.0,4.0,10,940.0,80,27.2,28.1,346.0,7.2,67.0,9.0
2026-01-21 01:00:00,2026,1,21,1,Sơn La,Xã Gia Phù,21.1792752,104.5565002,71,Moderate,1,14.7,99,0.0,2.7,360,939.8,97,26.5,27.5,322.0,6.5,66.0,9.1
2026-01-21 02:00:00,2026,1,21,2,Sơn La,Xã Gia Phù,21.1792752,104.5565002,71,Moderate,1,14.7,98,0.0,4.4,348,939.4,91,22.1,23.1,289.0,5.6,65.0,7.8
2026-01-21 03:00:00,2026,1,21,3,Sơn La,Xã Gia Phù,21.1792752,104.5565002,70,Moderate,1,14.3,97,0.1,3.6,351,939.3,94,18.9,19.7,258.0,4.7,64.0,5.8
2026-01-21 04:00:00,2026,1,21,4,Sơn La,Xã Gia Phù,21.1792752,104.5565002,68,Moderate,1,14.0,99,0.0,3.5,351,939.3,98,18.4,19.2,267.0,4.3,63.0,4.6
2026-01-21 05:00:00,2026,1,21,5,Sơn La,Xã Gia Phù,21.1792752,104.5565002,65,Moderate,1,14.2,98,0.0,2.3,356,939.4,98,17.6,18.5,354.0,4.6,63.0,4.7
2026-01-21 06:00:00,2026,1,21,6,Sơn La,Xã Gia Phù,21.1792752,104.5565002,63,Moderate,1,15.0,97,0.1,2.3,18,940.4,99,14.5,15.3,481.0,5.4,63.0,5.7
2026-01-21 07:00:00,2026,1,21,7,Sơn La,Xã Gia Phù,21.1792752,104.5565002,61,Moderate,1,15.1,96,0.1,3.6,18,940.9,91,18.6,19.3,571.0,6.6,54.0,6.1
2026-01-21 08:00:00,2026,1,21,8,Sơn La,Xã Gia Phù,21.1792752,104.5565002,60,Moderate,1,15.7,97,0.2,6.3,53,942.0,96,11.4,11.9,585.0,7.2,55.0,7.4
2026-01-21 09:00:00,2026,1,21,9,Sơn La,Xã Gia Phù,21.1792752,104.5565002,60,Moderate,1,16.1,96,0.2,7.1,69,943.3,84,9.0,9.3,563.0,8.1,57.0,9.2
2026-01-21 10:00:00,2026,1,21,10,Sơn La,Xã Gia Phù,21.1792752,104.5565002,59,Moderate,1,17.8,83,0.1,7.9,86,944.0,100,8.2,8.4,545.0,9.0,57.0,11.2
2026-01-21 11:00:00,2026,1,21,11,Sơn La,Xã Gia Phù,21.1792752,104.5565002,59,Moderate,1,17.9,78,0.1,10.9,83,944.1,100,7.8,7.9,545.0,9.9,54.0,13.5
2026-01-21 12:00:00,2026,1,21,12,Sơn La,Xã Gia Phù,21.1792752,104.5565002,59,Moderate,1,18.0,74,0.0,12.5,79,943.4,98,7.7,7.8,549.0,10.8,50.0,16.0
2026-01-21 13:00:00,2026,1,21,13,Sơn La,Xã Gia Phù,21.1792752,104.5565002,59,Moderate,1,18.0,73,0.0,10.7,81,942.4,100,7.6,7.7,554.0,11.4,47.0,17.8
2026-01-21 14:00:00,2026,1,21,14,Sơn La,Xã Gia Phù,21.1792752,104.5565002,58,Moderate,1,17.0,72,0.0,13.7,72,941.5,80,8.3,8.4,558.0,11.4,48.0,18.4
2026-01-21 15:00:00,2026,1,21,15,Sơn La,Xã Gia Phù,21.1792752,104.5565002,58,Moderate,1,16.2,73,0.0,13.6,67,940.9,100,9.4,9.5,563.0,11.2,50.0,18.2
2026-01-21 16:00:00,2026,1,21,16,Sơn La,Xã Gia Phù,21.1792752,104.5565002,59,Moderate,1,15.3,76,0.0,12.8,70,941.2,100,11.1,11.3,569.0,11.3,51.0,18.3
2026-01-21 17:00:00,2026,1,21,17,Sơn La,Xã Gia Phù,21.1792752,104.5565002,59,Moderate,1,14.1,79,0.0,12.8,61,941.3,100,11.4,11.5,579.0,12.3,48.0,19.0
2026-01-21 18:00:00,2026,1,21,18,Sơn La,Xã Gia Phù,21.1792752,104.5565002,59,Moderate,1,13.4,82,0.0,12.0,58,941.6,100,12.1,12.3,590.0,13.5,44.0,19.8
2026-01-21 19:00:00,2026,1,21,19,Sơn La,Xã Gia Phù,21.1792752,104.5565002,59,Moderate,1,13.0,88,0.0,11.3,51,942.0,100,18.7,19.0,597.0,16.1,34.0,23.3
2026-01-21 20:00:00,2026,1,21,20,Sơn La,Xã Gia Phù,21.1792752,104.5565002,59,Moderate,1,12.9,84,0.0,9.8,60,942.6,100,19.4,19.7,596.0,15.8,33.0,23.3
2026-01-21 21:00:00,2026,1,21,21,Sơn La,Xã Gia Phù,21.1792752,104.5565002,59,Moderate,1,12.7,84,0.1,8.7,66,943.0,100,19.6,19.8,590.0,15.3,31.0,23.3
2026-01-21 22:00:00,2026,1,21,22,Sơn La,Xã Gia Phù,21.1792752,104.5565002,58,Moderate,1,12.5,84,0.0,7.3,67,943.2,100,19.4,19.6,584.0,14.9,30.0,23.2
2026-01-21 23:00:00,2026,1,21,23,Sơn La,Xã Gia Phù,21.1792752,104.5565002,57,Moderate,1,12.2,86,0.0,6.6,74,943.3,100,18.8,19.0,581.0,14.7,29.0,22.9
2026-01-22 00:00:00,2026,1,22,0,Sơn La,Xã Gia Phù,21.1792752,104.5565002,57,Moderate,1,12.1,86,0.1,7.1,69,943.4,100,17.2,17.2,577.0,14.5,27.0,22.6
2026-01-22 01:00:00,2026,1,22,1,Sơn La,Xã Gia Phù,21.1792752,104.5565002,56,Moderate,1,12.0,94,0.1,7.1,66,943.3,100,15.5,15.5,570.0,14.4,26.0,22.4
2026-01-22 02:00:00,2026,1,22,2,Sơn La,Xã Gia Phù,21.1792752,104.5565002,55,Moderate,1,11.3,96,0.3,8.5,62,942.9,100,13.7,13.7,555.0,14.4,25.0,22.5
2026-01-22 03:00:00,2026,1,22,3,Sơn La,Xã Gia Phù,21.1792752,104.5565002,54,Moderate,1,10.8,96,0.3,9.1,63,942.9,100,11.6,11.6,536.0,14.4,24.0,22.9
2026-01-22 04:00:00,2026,1,22,4,Sơn La,Xã Gia Phù,21.1792752,104.5565002,53,Moderate,1,10.4,97,0.4,9.3,61,943.0,100,9.8,9.8,525.0,14.2,24.0,23.2
2026-01-22 05:00:00,2026,1,22,5,Sơn La,Xã Gia Phù,21.1792752,104.5565002,53,Moderate,1,10.0,97,0.7,10.0,60,943.5,100,8.6,8.6,531.0,13.8,25.0,23.6
2026-01-22 06:00:00,2026,1,22,6,Sơn La,Xã Gia Phù,21.1792752,104.5565002,52,Moderate,1,9.9,97,1.6,10.1,59,944.2,100,7.5,7.5,545.0,13.3,27.0,24.0
2026-01-22 07:00:00,2026,1,22,7,Sơn La,Xã Gia Phù,21.1792752,104.5565002,51,Moderate,1,9.8,98,1.6,10.0,56,945.1,100,8.3,8.3,555.0,16.1,23.0,25.2
2026-01-22 08:00:00,2026,1,22,8,Sơn La,Xã Gia Phù,21.1792752,104.5565002,50,Good,0,9.9,97,0.7,11.0,55,946.2,100,7.3,7.3,554.0,14.8,27.0,24.9
2026-01-22 09:00:00,2026,1,22,9,Sơn La,Xã Gia Phù,21.1792752,104.5565002,50,Good,0,10.0,95,0.4,11.7,59,947.2,100,5.7,5.7,548.0,12.9,34.0,24.4
2026-01-22 10:00:00,2026,1,22,10,Sơn La,Xã Gia Phù,21.1792752,104.5565002,49,Good,0,10.2,94,0.8,11.7,69,947.9,100,4.8,4.8,545.0,11.2,40.0,23.7
2026-01-22 11:00:00,2026,1,22,11,Sơn La,Xã Gia Phù,21.1792752,104.5565002,49,Good,0,10.5,92,1.9,11.5,82,947.8,100,4.1,4.2,548.0,9.8,46.0,22.5
2026-01-22 12:00:00,2026,1,22,12,Sơn La,Xã Gia Phù,21.1792752,104.5565002,48,Good,0,11.1,90,1.4,12.3,93,946.9,100,3.9,3.9,555.0,8.5,52.0,21.1
2026-01-22 13:00:00,2026,1,22,13,Sơn La,Xã Gia Phù,21.1792752,104.5565002,48,Good,0,10.7,85,0.7,9.7,90,945.8,100,4.2,4.2,564.0,7.6,56.0,19.7
2026-01-22 14:00:00,2026,1,22,14,Sơn La,Xã Gia Phù,21.1792752,104.5565002,47,Good,0,11.4,80,0.1,11.0,87,945.0,100,4.5,4.5,575.0,7.2,59.0,18.4
2026-01-22 15:00:00,2026,1,22,15,Sơn La,Xã Gia Phù,21.1792752,104.5565002,46,Good,0,11.1,78,0.0,11.5,81,944.2,100,4.8,4.8,588.0,7.1,60.0,17.2
2026-01-22 16:00:00,2026,1,22,16,Sơn La,Xã Gia Phù,21.1792752,104.5565002,45,Good,0,11.1,77,0.0,12.0,73,944.2,100,5.6,5.6,602.0,7.3,60.0,16.3
2026-01-22 17:00:00,2026,1,22,17,Sơn La,Xã Gia Phù,21.1792752,104.5565002,45,Good,0,10.1,81,0.0,11.4,72,944.5,100,6.5,6.5,618.0,7.8,58.0,15.8
2026-01-22 18:00:00,2026,1,22,18,Sơn La,Xã Gia Phù,21.1792752,104.5565002,44,Good,0,9.3,84,0.0,10.5,71,944.7,100,7.6,7.6,634.0,8.5,56.0,15.7
2026-01-22 19:00:00,2026,1,22,19,Sơn La,Xã Gia Phù,21.1792752,104.5565002,43,Good,0,9.4,86,0.0,8.8,64,945.0,100,15.5,15.5,644.0,10.9,45.0,18.1
2026-01-22 20:00:00,2026,1,22,20,Sơn La,Xã Gia Phù,21.1792752,104.5565002,42,Good,0,9.5,85,0.0,9.9,61,945.7,100,16.8,16.9,642.0,10.9,44.0,18.4
2026-01-22 21:00:00,2026,1,22,21,Sơn La,Xã Gia Phù,21.1792752,104.5565002,42,Good,0,9.2,86,0.0,10.1,63,946.1,100,18.0,18.1,634.0,11.0,43.0,18.8
2026-01-22 22:00:00,2026,1,22,22,Sơn La,Xã Gia Phù,21.1792752,104.5565002,42,Good,0,9.2,85,0.0,9.9,69,946.3,100,19.3,19.3,628.0,10.9,42.0,19.1
2026-01-22 23:00:00,2026,1,22,23,Sơn La,Xã Gia Phù,21.1792752,104.5565002,42,Good,0,9.0,86,0.0,9.5,71,946.1,100,19.5,19.5,627.0,10.7,41.0,19.2
2026-01-23 00:00:00,2026,1,23,0,Sơn La,Xã Gia Phù,21.1792752,104.5565002,42,Good,0,8.7,88,0.1,9.1,68,946.0,100,20.0,20.0,628.0,10.5,40.0,19.3
2026-01-23 01:00:00,2026,1,23,1,Sơn La,Xã Gia Phù,21.1792752,104.5565002,42,Good,0,8.3,88,0.1,7.7,72,946.0,100,19.7,19.7,628.0,10.1,40.0,19.3
2026-01-23 02:00:00,2026,1,23,2,Sơn La,Xã Gia Phù,21.1792752,104.5565002,43,Good,0,8.2,91,0.1,8.0,67,945.6,100,19.5,19.5,624.0,9.5,40.0,19.4
2026-01-23 03:00:00,2026,1,23,3,Sơn La,Xã Gia Phù,21.1792752,104.5565002,44,Good,0,8.2,94,0.2,7.8,71,945.4,100,19.0,19.0,619.0,8.8,41.0,19.5
2026-01-23 04:00:00,2026,1,23,4,Sơn La,Xã Gia Phù,21.1792752,104.5565002,45,Good,0,8.0,97,0.2,7.5,73,945.3,100,18.5,18.5,620.0,8.1,42.0,19.4
2026-01-23 05:00:00,2026,1,23,5,Sơn La,Xã Gia Phù,21.1792752,104.5565002,47,Good,0,8.0,98,0.6,7.8,71,945.3,100,18.0,18.0,636.0,7.6,43.0,19.1
2026-01-23 06:00:00,2026,1,23,6,Sơn La,Xã Gia Phù,21.1792752,104.5565002,48,Good,0,7.9,98,0.4,7.7,65,945.7,100,17.5,17.5,659.0,7.1,45.0,18.5
2026-01-23 07:00:00,2026,1,23,7,Sơn La,Xã Gia Phù,21.1792752,104.5565002,50,Good,0,8.2,92,0.5,5.4,69,946.3,100,13.6,13.7,668.0,8.4,40.0,19.1
2026-01-23 08:00:00,2026,1,23,8,Sơn La,Xã Gia Phù,21.1792752,104.5565002,51,Moderate,1,8.3,96,0.7,6.5,66,946.9,100,13.1,13.1,655.0,7.9,42.0,18.8
2026-01-23 09:00:00,2026,1,23,9,Sơn La,Xã Gia Phù,21.1792752,104.5565002,51,Moderate,1,8.8,94,0.8,6.2,82,947.6,100,11.4,11.4,629.0,7.3,46.0,18.3
2026-01-23 10:00:00,2026,1,23,10,Sơn La,Xã Gia Phù,21.1792752,104.5565002,52,Moderate,1,9.1,93,0.7,5.4,92,947.9,100,9.5,9.5,599.0,6.5,50.0,17.3
2026-01-23 11:00:00,2026,1,23,11,Sơn La,Xã Gia Phù,21.1792752,104.5565002,52,Moderate,1,9.5,92,0.5,5.0,105,947.3,100,7.9,7.9,565.0,5.5,56.0,15.4
2026-01-23 12:00:00,2026,1,23,12,Sơn La,Xã Gia Phù,21.1792752,104.5565002,52,Moderate,1,10.2,90,0.4,4.6,111,946.6,100,8.4,8.4,528.0,4.5,63.0,12.9
2026-01-23 13:00:00,2026,1,23,13,Sơn La,Xã Gia Phù,21.1792752,104.5565002,53,Moderate,1,10.3,91,0.4,4.0,150,945.8,100,10.0,10.0,499.0,3.6,70.0,10.5
2026-01-23 14:00:00,2026,1,23,14,Sơn La,Xã Gia Phù,21.1792752,104.5565002,53,Moderate,1,11.0,85,0.1,3.1,156,944.9,100,12.2,12.3,477.0,2.8,78.0,8.0
2026-01-23 15:00:00,2026,1,23,15,Sơn La,Xã Gia Phù,21.1792752,104.5565002,54,Moderate,1,11.1,86,0.2,2.7,98,943.8,100,14.4,14.4,462.0,2.3,85.0,5.6
2026-01-23 16:00:00,2026,1,23,16,Sơn La,Xã Gia Phù,21.1792752,104.5565002,55,Moderate,1,12.7,77,0.0,2.8,130,943.6,30,15.7,15.7,471.0,2.4,88.0,4.0
2026-01-23 17:00:00,2026,1,23,17,Sơn La,Xã Gia Phù,21.1792752,104.5565002,56,Moderate,1,12.6,76,0.0,3.6,117,943.2,24,16.5,16.5,525.0,3.6,84.0,3.6
2026-01-23 18:00:00,2026,1,23,18,Sơn La,Xã Gia Phù,21.1792752,104.5565002,57,Moderate,1,10.3,86,0.0,2.3,45,942.7,55,19.0,19.1,602.0,5.6,75.0,4.0
2026-01-23 19:00:00,2026,1,23,19,Sơn La,Xã Gia Phù,21.1792752,104.5565002,58,Moderate,1,9.9,89,0.0,3.1,24,943.5,88,17.0,17.0,651.0,7.7,54.0,5.5
2026-01-23 20:00:00,2026,1,23,20,Sơn La,Xã Gia Phù,21.1792752,104.5565002,58,Moderate,1,9.7,90,0.0,4.1,56,944.1,79,18.2,18.2,644.0,8.6,52.0,8.7
2026-01-23 21:00:00,2026,1,23,21,Sơn La,Xã Gia Phù,21.1792752,104.5565002,58,Moderate,1,9.4,89,0.0,5.1,63,944.5,85,20.0,20.0,608.0,9.9,48.0,13.4
2026-01-23 22:00:00,2026,1,23,22,Sơn La,Xã Gia Phù,21.1792752,104.5565002,58,Moderate,1,8.8,91,0.0,5.7,53,944.9,100,22.8,22.8,578.0,11.3,45.0,18.0
2026-01-23 23:00:00,2026,1,23,23,Sơn La,Xã Gia Phù,21.1792752,104.5565002,58,Moderate,1,9.2,87,0.0,6.0,61,945.1,100,26.4,26.4,563.0,12.7,42.0,22.5
2026-01-24 00:00:00,2026,1,24,0,Sơn La,Xã Gia Phù,21.1792752,104.5565002,59,Moderate,1,9.3,86,0.0,6.6,69,945.2,100,29.4,29.4,554.0,14.0,40.0,27.1
2026-01-24 01:00:00,2026,1,24,1,Sơn La,Xã Gia Phù,21.1792752,104.5565002,60,Moderate,1,8.8,84,0.0,6.5,76,945.3,100,31.5,31.5,555.0,15.2,37.0,30.6
2026-01-24 02:00:00,2026,1,24,2,Sơn La,Xã Gia Phù,21.1792752,104.5565002,61,Moderate,1,8.6,88,0.1,7.2,62,944.6,100,32.9,32.9,573.0,16.0,34.0,32.5
2026-01-24 03:00:00,2026,1,24,3,Sơn La,Xã Gia Phù,21.1792752,104.5565002,62,Moderate,1,8.6,91,0.1,6.4,68,944.2,100,33.2,33.3,602.0,16.6,31.0,33.4
2026-01-24 04:00:00,2026,1,24,4,Sơn La,Xã Gia Phù,21.1792752,104.5565002,63,Moderate,1,8.6,92,0.1,6.1,66,944.1,100,31.7,31.8,630.0,17.1,28.0,34.2
2026-01-24 05:00:00,2026,1,24,5,Sơn La,Xã Gia Phù,21.1792752,104.5565002,64,Moderate,1,8.6,94,0.1,5.6,59,944.3,100,30.5,30.5,659.0,17.7,26.0,35.5
2026-01-24 06:00:00,2026,1,24,6,Sơn La,Xã Gia Phù,21.1792752,104.5565002,65,Moderate,1,8.7,97,0.2,5.6,61,944.6,100,29.1,29.2,687.0,18.3,26.0,36.7
2026-01-24 07:00:00,2026,1,24,7,Sơn La,Xã Gia Phù,21.1792752,104.5565002,67,Moderate,1,8.6,99,0.3,4.4,55,945.2,100,33.8,33.8,699.0,18.8,25.0,36.1
2026-01-24 08:00:00,2026,1,24,8,Sơn La,Xã Gia Phù,21.1792752,104.5565002,68,Moderate,1,9.1,96,0.2,4.1,56,945.7,100,30.5,30.5,685.0,17.9,27.0,35.6
2026-01-24 09:00:00,2026,1,24,9,Sơn La,Xã Gia Phù,21.1792752,104.5565002,70,Moderate,1,9.7,95,0.5,4.0,85,946.4,100,27.6,27.7,655.0,16.6,31.0,34.7
2026-01-24 10:00:00,2026,1,24,10,Sơn La,Xã Gia Phù,21.1792752,104.5565002,71,Moderate,1,10.4,92,0.5,4.1,92,946.8,100,25.8,25.8,629.0,15.0,37.0,32.4
2026-01-24 11:00:00,2026,1,24,11,Sơn La,Xã Gia Phù,21.1792752,104.5565002,73,Moderate,1,11.1,92,0.6,4.4,109,946.2,100,23.3,23.3,613.0,12.8,49.0,27.6
2026-01-24 12:00:00,2026,1,24,12,Sơn La,Xã Gia Phù,21.1792752,104.5565002,74,Moderate,1,11.3,91,0.4,3.8,101,945.1,100,25.8,25.9,600.0,10.3,63.0,21.3
2026-01-24 13:00:00,2026,1,24,13,Sơn La,Xã Gia Phù,21.1792752,104.5565002,76,Moderate,1,11.6,88,0.1,1.4,130,944.0,100,28.9,29.0,587.0,8.1,76.0,15.7
2026-01-24 14:00:00,2026,1,24,14,Sơn La,Xã Gia Phù,21.1792752,104.5565002,77,Moderate,1,12.0,85,0.0,1.5,135,942.8,95,31.2,31.3,563.0,6.3,86.0,11.4
2026-01-24 15:00:00,2026,1,24,15,Sơn La,Xã Gia Phù,21.1792752,104.5565002,79,Moderate,1,13.7,76,0.0,2.1,128,942.1,56,32.8,32.9,540.0,5.0,93.0,7.9
2026-01-24 16:00:00,2026,1,24,16,Sơn La,Xã Gia Phù,21.1792752,104.5565002,81,Moderate,1,14.6,72,0.0,4.0,144,941.5,66,33.5,33.6,549.0,4.7,95.0,5.6
2026-01-24 17:00:00,2026,1,24,17,Sơn La,Xã Gia Phù,21.1792752,104.5565002,82,Moderate,1,14.0,75,0.0,4.1,105,941.4,52,33.6,33.8,616.0,6.1,89.0,5.1
2026-01-24 18:00:00,2026,1,24,18,Sơn La,Xã Gia Phù,21.1792752,104.5565002,84,Moderate,1,11.3,87,0.0,3.2,56,940.9,69,34.8,34.9,715.0,8.6,77.0,5.8
2026-01-24 19:00:00,2026,1,24,19,Sơn La,Xã Gia Phù,21.1792752,104.5565002,85,Moderate,1,11.0,89,0.0,4.3,28,941.3,73,34.0,34.1,797.0,11.5,62.0,8.7
2026-01-24 20:00:00,2026,1,24,20,Sơn La,Xã Gia Phù,21.1792752,104.5565002,87,Moderate,1,10.4,91,0.0,3.9,37,941.7,59,34.8,34.9,849.0,13.7,55.0,11.3
2026-01-24 21:00:00,2026,1,24,21,Sơn La,Xã Gia Phù,21.1792752,104.5565002,88,Moderate,1,10.0,93,0.0,2.7,8,941.6,59,35.3,35.4,884.0,16.7,46.0,15.0
2026-01-24 22:00:00,2026,1,24,22,Sơn La,Xã Gia Phù,21.1792752,104.5565002,89,Moderate,1,9.9,93,0.0,1.9,338,941.3,89,37.6,37.7,887.0,18.8,38.0,17.5
2026-01-24 23:00:00,2026,1,24,23,Sơn La,Xã Gia Phù,21.1792752,104.5565002,91,Moderate,1,9.7,94,0.0,1.8,315,941.0,57,38.9,39.0,843.0,19.2,34.0,18.1
2026-01-25 00:00:00,2026,1,25,0,Sơn La,Xã Gia Phù,21.1792752,104.5565002,92,Moderate,1,9.6,94,0.0,1.4,310,940.6,57,40.0,40.0,767.0,18.6,32.0,17.6
2026-01-25 01:00:00,2026,1,25,1,Sơn La,Xã Gia Phù,21.1792752,104.5565002,93,Moderate,1,9.5,96,0.0,2.1,255,940.1,36,40.7,40.9,694.0,17.5,31.0,16.7
2026-01-25 02:00:00,2026,1,25,2,Sơn La,Xã Gia Phù,21.1792752,104.5565002,94,Moderate,1,8.9,98,0.0,3.1,283,939.2,34,40.7,40.9,629.0,15.7,31.0,15.5
2026-01-25 03:00:00,2026,1,25,3,Sơn La,Xã Gia Phù,21.1792752,104.5565002,94,Moderate,1,8.8,98,0.0,3.6,290,938.4,30,39.8,39.9,567.0,13.4,31.0,13.8
2026-01-25 04:00:00,2026,1,25,4,Sơn La,Xã Gia Phù,21.1792752,104.5565002,95,Moderate,1,8.6,98,0.0,3.2,297,938.2,36,36.8,36.9,524.0,11.4,32.0,12.2
2026-01-25 05:00:00,2026,1,25,5,Sơn La,Xã Gia Phù,21.1792752,104.5565002,95,Moderate,1,8.5,98,0.0,3.1,294,938.2,98,35.4,35.5,515.0,10.0,32.0,10.8
2026-01-25 06:00:00,2026,1,25,6,Sơn La,Xã Gia Phù,21.1792752,104.5565002,96,Moderate,1,8.4,98,0.0,2.8,297,938.8,99,35.2,35.3,527.0,8.8,32.0,9.4
2026-01-25 07:00:00,2026,1,25,7,Sơn La,Xã Gia Phù,21.1792752,104.5565002,96,Moderate,1,8.6,98,0.0,1.2,297,939.9,100,28.4,28.5,533.0,9.8,32.0,10.0
2026-01-25 08:00:00,2026,1,25,8,Sơn La,Xã Gia Phù,21.1792752,104.5565002,96,Moderate,1,10.3,96,0.0,2.3,288,941.1,100,21.3,21.4,525.0,7.5,46.0,7.5
2026-01-25 09:00:00,2026,1,25,9,Sơn La,Xã Gia Phù,21.1792752,104.5565002,95,Moderate,1,12.2,90,0.0,3.7,223,942.1,100,19.4,19.6,513.0,4.3,65.0,4.1
2026-01-25 10:00:00,2026,1,25,10,Sơn La,Xã Gia Phù,21.1792752,104.5565002,94,Moderate,1,15.0,78,0.0,5.6,209,942.3,90,15.0,15.1,496.0,1.8,83.0,1.8
2026-01-25 11:00:00,2026,1,25,11,Sơn La,Xã Gia Phù,21.1792752,104.5565002,93,Moderate,1,17.6,67,0.0,7.1,216,942.2,35,14.5,14.6,468.0,0.9,97.0,1.8
2026-01-25 12:00:00,2026,1,25,12,Sơn La,Xã Gia Phù,21.1792752,104.5565002,93,Moderate,1,19.9,61,0.0,7.2,202,941.1,54,13.6,13.7,436.0,0.7,108.0,2.9
2026-01-25 13:00:00,2026,1,25,13,Sơn La,Xã Gia Phù,21.1792752,104.5565002,92,Moderate,1,22.2,53,0.0,8.9,220,940.4,32,10.8,10.9,423.0,0.7,116.0,3.7
2026-01-25 14:00:00,2026,1,25,14,Sơn La,Xã Gia Phù,21.1792752,104.5565002,90,Moderate,1,23.6,46,0.0,10.9,236,939.6,20,9.1,9.2,440.0,0.1,120.0,3.3
2026-01-25 15:00:00,2026,1,25,15,Sơn La,Xã Gia Phù,21.1792752,104.5565002,88,Moderate,1,23.7,44,0.0,7.4,229,939.3,29,7.8,7.9,475.0,0.0,120.0,2.7
2026-01-25 16:00:00,2026,1,25,16,Sơn La,Xã Gia Phù,21.1792752,104.5565002,86,Moderate,1,21.8,49,0.0,4.4,83,939.3,24,7.4,7.5,522.0,0.8,116.0,3.0
2026-01-25 17:00:00,2026,1,25,17,Sơn La,Xã Gia Phù,21.1792752,104.5565002,83,Moderate,1,17.5,72,0.0,12.0,82,939.6,7,7.8,7.9,590.0,4.9,107.0,4.9
2026-01-25 18:00:00,2026,1,25,18,Sơn La,Xã Gia Phù,21.1792752,104.5565002,81,Moderate,1,14.2,89,0.0,6.5,51,939.8,5,13.4,13.5,669.0,10.6,93.0,7.8
2026-01-25 19:00:00,2026,1,25,19,Sơn La,Xã Gia Phù,21.1792752,104.5565002,79,Moderate,1,13.0,95,0.0,4.8,34,939.9,14,17.6,17.6,722.0,14.1,75.0,10.1
2026-01-25 20:00:00,2026,1,25,20,Sơn La,Xã Gia Phù,21.1792752,104.5565002,78,Moderate,1,13.1,93,0.0,5.0,19,940.9,52,25.8,25.8,731.0,16.7,68.0,13.9
2026-01-25 21:00:00,2026,1,25,21,Sơn La,Xã Gia Phù,21.1792752,104.5565002,77,Moderate,1,12.7,93,0.0,4.6,21,941.2,98,33.9,33.9,714.0,20.2,59.0,19.2
2026-01-25 22:00:00,2026,1,25,22,Sơn La,Xã Gia Phù,21.1792752,104.5565002,77,Moderate,1,11.9,95,0.0,4.4,12,941.3,98,40.7,40.9,691.0,22.3,52.0,23.2
2026-01-25 23:00:00,2026,1,25,23,Sơn La,Xã Gia Phù,21.1792752,104.5565002,77,Moderate,1,12.3,95,0.0,3.6,20,941.5,100,46.0,46.0,663.0,21.9,48.0,24.6
2026-01-26 00:00:00,2026,1,26,0,Sơn La,Xã Gia Phù,21.1792752,104.5565002,78,Moderate,1,12.5,95,0.0,3.3,36,941.5,100,47.4,47.4,629.0,20.1,46.0,24.6
2026-01-26 01:00:00,2026,1,26,1,Sơn La,Xã Gia Phù,21.1792752,104.5565002,78,Moderate,1,12.1,97,0.0,2.3,23,941.4,100,46.4,46.6,600.0,18.1,45.0,24.4
2026-01-26 02:00:00,2026,1,26,2,Sơn La,Xã Gia Phù,21.1792752,104.5565002,79,Moderate,1,12.2,98,0.0,2.8,45,941.2,100,43.8,43.8,575.0,16.2,44.0,23.9
2026-01-26 03:00:00,2026,1,26,3,Sơn La,Xã Gia Phù,21.1792752,104.5565002,79,Moderate,1,12.2,99,0.0,3.2,38,941.0,100,39.8,39.9,556.0,14.1,42.0,23.1
2026-01-26 04:00:00,2026,1,26,4,Sơn La,Xã Gia Phù,21.1792752,104.5565002,79,Moderate,1,12.1,100,0.0,4.0,18,941.0,100,38.3,38.4,558.0,12.5,42.0,23.1
2026-01-26 05:00:00,2026,1,26,5,Sơn La,Xã Gia Phù,21.1792752,104.5565002,79,Moderate,1,12.2,100,0.0,4.3,28,941.3,100,36.0,36.1,603.0,11.8,41.0,24.9
2026-01-26 06:00:00,2026,1,26,6,Sơn La,Xã Gia Phù,21.1792752,104.5565002,79,Moderate,1,12.5,99,0.0,5.1,45,942.0,100,32.6,32.7,669.0,11.6,41.0,27.5
2026-01-26 07:00:00,2026,1,26,7,Sơn La,Xã Gia Phù,21.1792752,104.5565002,79,Moderate,1,12.5,99,0.0,3.8,49,942.9,100,37.6,37.6,702.0,10.7,45.0,25.5
2026-01-26 08:00:00,2026,1,26,8,Sơn La,Xã Gia Phù,21.1792752,104.5565002,80,Moderate,1,12.8,97,0.0,5.5,58,944.1,100,25.7,25.8,674.0,9.0,56.0,23.9
2026-01-26 09:00:00,2026,1,26,9,Sơn La,Xã Gia Phù,21.1792752,104.5565002,80,Moderate,1,14.1,91,0.0,6.6,69,945.1,100,21.4,21.4,613.0,6.7,71.0,21.6
2026-01-26 10:00:00,2026,1,26,10,Sơn La,Xã Gia Phù,21.1792752,104.5565002,81,Moderate,1,15.3,84,0.0,6.2,82,945.7,100,21.2,21.2,552.0,4.8,84.0,18.6
2026-01-26 11:00:00,2026,1,26,11,Sơn La,Xã Gia Phù,21.1792752,104.5565002,81,Moderate,1,16.4,79,0.0,5.5,103,945.5,100,21.0,21.1,498.0,3.6,93.0,14.5
2026-01-26 12:00:00,2026,1,26,12,Sơn La,Xã Gia Phù,21.1792752,104.5565002,82,Moderate,1,17.6,73,0.0,6.6,112,944.5,77,21.3,21.4,443.0,2.8,100.0,9.9
2026-01-26 13:00:00,2026,1,26,13,Sơn La,Xã Gia Phù,21.1792752,104.5565002,82,Moderate,1,18.5,69,0.0,6.7,114,943.7,70,21.7,21.8,406.0,2.2,104.0,6.2
2026-01-26 14:00:00,2026,1,26,14,Sơn La,Xã Gia Phù,21.1792752,104.5565002,83,Moderate,1,19.4,66,0.0,6.9,120,942.8,92,21.1,21.4,391.0,1.6,106.0,4.3
2026-01-26 15:00:00,2026,1,26,15,Sơn La,Xã Gia Phù,21.1792752,104.5565002,84,Moderate,1,19.7,65,0.0,6.2,111,942.0,38,20.6,20.9,394.0,1.3,105.0,3.4
2026-01-26 16:00:00,2026,1,26,16,Sơn La,Xã Gia Phù,21.1792752,104.5565002,86,Moderate,1,19.5,65,0.0,8.4,97,941.8,24,20.2,20.5,409.0,1.7,102.0,3.0
2026-01-26 17:00:00,2026,1,26,17,Sơn La,Xã Gia Phù,21.1792752,104.5565002,87,Moderate,1,18.5,70,0.0,9.3,72,941.8,33,19.6,20.0,448.0,3.3,94.0,3.1
2026-01-26 18:00:00,2026,1,26,18,Sơn La,Xã Gia Phù,21.1792752,104.5565002,88,Moderate,1,15.8,84,0.0,8.3,44,941.7,34,22.0,22.4,500.0,5.6,83.0,3.6
2026-01-26 19:00:00,2026,1,26,19,Sơn La,Xã Gia Phù,21.1792752,104.5565002,88,Moderate,1,15.0,90,0.0,5.9,23,941.9,38,30.4,30.7,533.0,7.8,73.0,6.3
2026-01-26 20:00:00,2026,1,26,20,Sơn La,Xã Gia Phù,21.1792752,104.5565002,90,Moderate,1,15.3,89,0.0,6.8,18,942.8,98,34.7,35.2,527.0,9.3,67.0,7.3
2026-01-26 21:00:00,2026,1,26,21,Sơn La,Xã Gia Phù,21.1792752,104.5565002,90,Moderate,1,15.2,89,0.0,6.0,16,943.1,100,39.2,39.7,502.0,11.4,59.0,8.7
2026-01-26 22:00:00,2026,1,26,22,Sơn La,Xã Gia Phù,21.1792752,104.5565002,91,Moderate,1,15.9,86,0.0,4.4,21,943.4,100,43.0,43.5,481.0,12.5,53.0,9.9
2026-01-26 23:00:00,2026,1,26,23,Sơn La,Xã Gia Phù,21.1792752,104.5565002,91,Moderate,1,15.6,89,0.0,3.1,28,943.2,99,44.5,44.9,475.0,12.0,52.0,10.6
2026-01-27 00:00:00,2026,1,27,0,Sơn La,Xã Gia Phù,21.1792752,104.5565002,91,Moderate,1,15.5,90,0.0,1.9,34,942.9,100,43.9,44.5,474.0,10.6,53.0,11.1
2026-01-27 01:00:00,2026,1,27,1,Sơn La,Xã Gia Phù,21.1792752,104.5565002,91,Moderate,1,14.4,96,0.0,3.5,348,942.3,99,42.3,43.0,470.0,9.2,54.0,11.8
2026-01-27 02:00:00,2026,1,27,2,Sơn La,Xã Gia Phù,21.1792752,104.5565002,90,Moderate,1,13.6,96,0.0,3.1,350,941.8,99,37.3,37.8,453.0,7.9,55.0,12.8
2026-01-27 03:00:00,2026,1,27,3,Sơn La,Xã Gia Phù,21.1792752,104.5565002,90,Moderate,1,14.0,92,0.0,1.7,342,942.0,94,35.5,36.1,432.0,6.5,57.0,13.9
2026-01-27 04:00:00,2026,1,27,4,Sơn La,Xã Gia Phù,21.1792752,104.5565002,89,Moderate,1,14.4,90,0.0,1.7,13,942.2,100,34.2,34.8,430.0,5.5,59.0,15.1
2026-01-27 05:00:00,2026,1,27,5,Sơn La,Xã Gia Phù,21.1792752,104.5565002,89,Moderate,1,14.7,91,0.0,1.7,72,942.3,100,32.9,33.6,472.0,5.1,59.0,17.0
2026-01-27 06:00:00,2026,1,27,6,Sơn La,Xã Gia Phù,21.1792752,104.5565002,89,Moderate,1,14.5,93,0.2,1.7,72,942.8,100,31.5,32.1,532.0,5.1,59.0,19.0
2026-01-27 07:00:00,2026,1,27,7,Sơn La,Xã Gia Phù,21.1792752,104.5565002,89,Moderate,1,14.6,95,0.2,0.0,270,943.5,100,38.4,39.2,552.0,5.1,57.0,15.2
2026-01-27 08:00:00,2026,1,27,8,Sơn La,Xã Gia Phù,21.1792752,104.5565002,89,Moderate,1,15.6,89,0.0,1.8,281,944.4,100,27.0,27.9,493.0,4.0,66.0,12.6
2026-01-27 09:00:00,2026,1,27,9,Sơn La,Xã Gia Phù,21.1792752,104.5565002,89,Moderate,1,16.9,81,0.0,3.5,189,945.3,98,24.6,25.4,395.0,2.5,79.0,9.1
2026-01-27 10:00:00,2026,1,27,10,Sơn La,Xã Gia Phù,21.1792752,104.5565002,89,Moderate,1,18.3,76,0.1,4.7,171,945.7,100,23.5,24.2,319.0,1.4,90.0,6.6
2026-01-27 11:00:00,2026,1,27,11,Sơn La,Xã Gia Phù,21.1792752,104.5565002,89,Moderate,1,18.9,72,0.1,6.4,155,945.3,100,23.4,24.0,291.0,1.2,95.0,6.1
2026-01-27 12:00:00,2026,1,27,12,Sơn La,Xã Gia Phù,21.1792752,104.5565002,89,Moderate,1,20.5,64,0.0,6.7,160,944.3,100,24.4,25.0,284.0,1.6,97.0,6.7
2026-01-27 13:00:00,2026,1,27,13,Sơn La,Xã Gia Phù,21.1792752,104.5565002,90,Moderate,1,21.6,59,0.0,6.0,141,943.3,49,26.4,27.0,283.0,2.0,100.0,7.6
2026-01-27 14:00:00,2026,1,27,14,Sơn La,Xã Gia Phù,21.1792752,104.5565002,90,Moderate,1,21.6,58,0.0,6.8,92,942.5,54,26.7,27.4,281.0,2.2,105.0,8.5
2026-01-27 15:00:00,2026,1,27,15,Sơn La,Xã Gia Phù,21.1792752,104.5565002,91,Moderate,1,20.4,66,0.0,12.4,64,942.2,5,29.1,29.8,283.0,2.6,111.0,9.6
2026-01-27 16:00:00,2026,1,27,16,Sơn La,Xã Gia Phù,21.1792752,104.5565002,91,Moderate,1,19.5,69,0.0,13.8,49,942.2,23,31.3,32.1,291.0,3.8,111.0,11.2
2026-01-27 17:00:00,2026,1,27,17,Sơn La,Xã Gia Phù,21.1792752,104.5565002,92,Moderate,1,18.6,74,0.0,13.8,64,942.7,46,33.6,34.3,308.0,6.7,102.0,13.2
2026-01-27 18:00:00,2026,1,27,18,Sơn La,Xã Gia Phù,21.1792752,104.5565002,94,Moderate,1,16.9,83,0.0,8.6,59,943.0,45,37.1,37.7,330.0,10.4,88.0,15.7
2026-01-27 19:00:00,2026,1,27,19,Sơn La,Xã Gia Phù,21.1792752,104.5565002,95,Moderate,1,15.8,92,0.0,7.7,41,943.3,100,37.1,37.7,350.0,13.4,68.0,21.2
2026-01-27 20:00:00,2026,1,27,20,Sơn La,Xã Gia Phù,21.1792752,104.5565002,96,Moderate,1,16.2,89,0.0,7.7,37,944.1,100,39.7,40.3,363.0,13.7,64.0,24.2
2026-01-27 21:00:00,2026,1,27,21,Sơn La,Xã Gia Phù,21.1792752,104.5565002,96,Moderate,1,16.0,89,0.0,7.0,35,944.7,98,40.9,41.6,375.0,14.1,59.0,28.4
2026-01-27 22:00:00,2026,1,27,22,Sơn La,Xã Gia Phù,21.1792752,104.5565002,96,Moderate,1,15.9,89,0.0,5.8,34,944.8,100,39.7,40.3,388.0,13.9,56.0,31.6
2026-01-27 23:00:00,2026,1,27,23,Sơn La,Xã Gia Phù,21.1792752,104.5565002,96,Moderate,1,15.8,90,0.0,4.2,36,944.6,100,34.8,35.4,409.0,12.7,57.0,32.8
2026-01-28 00:00:00,2026,1,28,0,Sơn La,Xã Gia Phù,21.1792752,104.5565002,95,Moderate,1,15.7,90,0.0,3.3,49,944.5,100,29.5,29.9,432.0,10.9,60.0,32.9
2026-01-28 01:00:00,2026,1,28,1,Sơn La,Xã Gia Phù,21.1792752,104.5565002,94,Moderate,1,14.3,96,0.0,3.5,28,943.8,90,24.3,24.9,446.0,9.3,63.0,32.8
2026-01-28 02:00:00,2026,1,28,2,Sơn La,Xã Gia Phù,21.1792752,104.5565002,92,Moderate,1,14.2,96,0.0,3.3,9,943.2,100,24.8,25.3,442.0,8.3,63.0,32.5
2026-01-28 03:00:00,2026,1,28,3,Sơn La,Xã Gia Phù,21.1792752,104.5565002,91,Moderate,1,13.9,95,0.0,3.6,3,943.1,100,26.1,26.6,430.0,7.6,63.0,31.9
2026-01-28 04:00:00,2026,1,28,4,Sơn La,Xã Gia Phù,21.1792752,104.5565002,90,Moderate,1,14.6,92,0.0,3.4,16,943.3,100,26.4,27.0,428.0,6.9,63.0,31.3
2026-01-28 05:00:00,2026,1,28,5,Sơn La,Xã Gia Phù,21.1792752,104.5565002,89,Moderate,1,14.6,92,0.0,2.6,39,943.2,100,28.0,28.6,452.0,6.2,63.0,31.2
2026-01-28 06:00:00,2026,1,28,6,Sơn La,Xã Gia Phù,21.1792752,104.5565002,89,Moderate,1,14.6,93,0.0,2.4,54,943.7,100,29.3,29.9,485.0,5.6,62.0,31.1
2026-01-28 07:00:00,2026,1,28,7,Sơn La,Xã Gia Phù,21.1792752,104.5565002,89,Moderate,1,14.6,98,0.1,2.7,67,944.1,100,26.7,27.1,497.0,5.1,62.0,29.0
2026-01-28 08:00:00,2026,1,28,8,Sơn La,Xã Gia Phù,21.1792752,104.5565002,88,Moderate,1,15.1,98,0.9,5.1,80,944.9,100,22.3,22.6,469.0,4.6,71.0,25.5
2026-01-28 09:00:00,2026,1,28,9,Sơn La,Xã Gia Phù,21.1792752,104.5565002,87,Moderate,1,15.1,97,0.6,5.5,81,945.4,100,20.3,20.5,420.0,3.9,84.0,20.7
2026-01-28 10:00:00,2026,1,28,10,Sơn La,Xã Gia Phù,21.1792752,104.5565002,87,Moderate,1,15.7,89,0.2,4.9,84,945.6,98,19.2,19.4,376.0,3.2,95.0,16.5
2026-01-28 11:00:00,2026,1,28,11,Sơn La,Xã Gia Phù,21.1792752,104.5565002,87,Moderate,1,17.3,79,0.1,3.2,90,945.1,96,20.0,20.3,347.0,2.6,104.0,13.8
2026-01-28 12:00:00,2026,1,28,12,Sơn La,Xã Gia Phù,21.1792752,104.5565002,86,Moderate,1,19.3,67,0.0,3.2,117,944.1,100,20.7,20.9,323.0,2.1,111.0,11.7
2026-01-28 13:00:00,2026,1,28,13,Sơn La,Xã Gia Phù,21.1792752,104.5565002,86,Moderate,1,21.1,58,0.0,3.9,167,943.4,80,20.2,20.4,304.0,1.6,116.0,9.7
2026-01-28 14:00:00,2026,1,28,14,Sơn La,Xã Gia Phù,21.1792752,104.5565002,85,Moderate,1,21.6,55,0.0,4.7,196,942.3,49,18.8,19.1,282.0,1.0,117.0,7.1
2026-01-28 15:00:00,2026,1,28,15,Sơn La,Xã Gia Phù,21.1792752,104.5565002,85,Moderate,1,21.8,54,0.0,4.4,210,941.5,73,17.1,17.4,264.0,0.5,114.0,4.6
2026-01-28 16:00:00,2026,1,28,16,Sơn La,Xã Gia Phù,21.1792752,104.5565002,84,Moderate,1,21.5,54,0.0,3.9,156,940.9,22,15.7,16.2,269.0,0.8,110.0,3.2
2026-01-28 17:00:00,2026,1,28,17,Sơn La,Xã Gia Phù,21.1792752,104.5565002,82,Moderate,1,20.1,59,0.0,4.5,104,940.6,2,15.3,15.8,311.0,2.8,103.0,3.7
2026-01-28 18:00:00,2026,1,28,18,Sơn La,Xã Gia Phù,21.1792752,104.5565002,81,Moderate,1,17.5,69,0.0,2.9,68,940.1,9,19.3,19.8,377.0,5.6,93.0,5.4
2026-01-28 19:00:00,2026,1,28,19,Sơn La,Xã Gia Phù,21.1792752,104.5565002,79,Moderate,1,17.3,70,0.0,3.9,47,940.5,4,31.3,31.9,443.0,9.9,75.0,7.2
2026-01-28 20:00:00,2026,1,28,20,Sơn La,Xã Gia Phù,21.1792752,104.5565002,79,Moderate,1,16.5,74,0.0,4.8,63,941.2,13,36.1,36.6,512.0,10.2,77.0,8.8
2026-01-28 21:00:00,2026,1,28,21,Sơn La,Xã Gia Phù,21.1792752,104.5565002,78,Moderate,1,15.5,80,0.0,3.2,43,941.5,13,39.2,39.8,582.0,10.5,79.0,10.9
2026-01-28 22:00:00,2026,1,28,22,Sơn La,Xã Gia Phù,21.1792752,104.5565002,78,Moderate,1,15.1,80,0.0,1.4,40,941.5,5,43.0,43.4,627.0,10.9,80.0,12.6
2026-01-28 23:00:00,2026,1,28,23,Sơn La,Xã Gia Phù,21.1792752,104.5565002,78,Moderate,1,14.6,82,0.0,0.6,34,941.2,3,46.9,47.4,630.0,11.4,79.0,13.4
2026-01-29 00:00:00,2026,1,29,0,Sơn La,Xã Gia Phù,21.1792752,104.5565002,79,Moderate,1,14.0,85,0.0,0.5,360,940.7,4,50.5,51.1,608.0,11.8,78.0,13.7
2026-01-29 01:00:00,2026,1,29,1,Sơn La,Xã Gia Phù,21.1792752,104.5565002,81,Moderate,1,13.2,90,0.0,0.2,360,940.2,13,53.0,53.4,581.0,12.0,76.0,13.4
2026-01-29 02:00:00,2026,1,29,2,Sơn La,Xã Gia Phù,21.1792752,104.5565002,84,Moderate,1,12.3,93,0.0,1.5,353,939.4,26,58.2,58.7,551.0,11.8,73.0,12.1
2026-01-29 03:00:00,2026,1,29,3,Sơn La,Xã Gia Phù,21.1792752,104.5565002,87,Moderate,1,12.1,91,0.0,1.5,339,938.9,35,63.1,63.6,517.0,11.4,70.0,10.2
2026-01-29 04:00:00,2026,1,29,4,Sơn La,Xã Gia Phù,21.1792752,104.5565002,90,Moderate,1,12.1,88,0.0,0.8,333,938.7,0,66.4,66.8,495.0,10.6,68.0,8.5
2026-01-29 05:00:00,2026,1,29,5,Sơn La,Xã Gia Phù,21.1792752,104.5565002,94,Moderate,1,12.0,88,0.0,0.2,360,938.8,2,67.1,67.5,497.0,9.4,65.0,7.2
2026-01-29 06:00:00,2026,1,29,6,Sơn La,Xã Gia Phù,21.1792752,104.5565002,97,Moderate,1,11.5,90,0.0,0.2,360,939.3,16,63.6,64.0,511.0,7.8,62.0,6.1
2026-01-29 07:00:00,2026,1,29,7,Sơn La,Xã Gia Phù,21.1792752,104.5565002,100,Moderate,1,11.7,90,0.0,0.0,270,940.2,18,52.4,52.9,515.0,6.4,65.0,6.1
2026-01-29 08:00:00,2026,1,29,8,Sơn La,Xã Gia Phù,21.1792752,104.5565002,103,Unhealthy for Sensitive Groups,2,13.5,86,0.0,0.0,270,941.5,18,50.4,51.0,499.0,5.0,78.0,5.6
2026-01-29 09:00:00,2026,1,29,9,Sơn La,Xã Gia Phù,21.1792752,104.5565002,106,Unhealthy for Sensitive Groups,2,15.3,81,0.0,3.6,177,942.5,6,39.6,40.4,474.0,3.2,96.0,4.9
2026-01-29 10:00:00,2026,1,29,10,Sơn La,Xã Gia Phù,21.1792752,104.5565002,108,Unhealthy for Sensitive Groups,2,17.3,75,0.0,4.9,184,942.8,6,37.5,38.3,447.0,1.7,110.0,4.3
2026-01-29 11:00:00,2026,1,29,11,Sơn La,Xã Gia Phù,21.1792752,104.5565002,110,Unhealthy for Sensitive Groups,2,19.2,68,0.0,6.5,182,942.5,5,34.2,35.0,423.0,1.1,116.0,4.0
2026-01-29 12:00:00,2026,1,29,12,Sơn La,Xã Gia Phù,21.1792752,104.5565002,111,Unhealthy for Sensitive Groups,2,20.8,62,0.0,6.6,193,941.4,26,27.7,28.8,398.0,0.8,118.0,3.9
2026-01-29 13:00:00,2026,1,29,13,Sơn La,Xã Gia Phù,21.1792752,104.5565002,112,Unhealthy for Sensitive Groups,2,22.3,56,0.0,8.1,201,940.2,58,19.6,21.1,369.0,0.8,119.0,3.8
2026-01-29 14:00:00,2026,1,29,14,Sơn La,Xã Gia Phù,21.1792752,104.5565002,112,Unhealthy for Sensitive Groups,2,23.8,48,0.0,9.5,216,939.1,90,16.2,17.8,318.0,0.4,121.0,3.4
2026-01-29 15:00:00,2026,1,29,15,Sơn La,Xã Gia Phù,21.1792752,104.5565002,112,Unhealthy for Sensitive Groups,2,24.8,42,0.0,10.3,230,938.8,55,14.8,16.3,264.0,0.2,123.0,3.1
2026-01-29 16:00:00,2026,1,29,16,Sơn La,Xã Gia Phù,21.1792752,104.5565002,111,Unhealthy for Sensitive Groups,2,25.3,39,0.0,7.2,238,938.6,54,13.2,14.8,260.0,1.4,121.0,3.1
2026-01-29 17:00:00,2026,1,29,17,Sơn La,Xã Gia Phù,21.1792752,104.5565002,111,Unhealthy for Sensitive Groups,2,22.3,52,0.0,3.0,76,938.7,15,12.2,13.7,352.0,5.4,112.0,3.9
2026-01-29 18:00:00,2026,1,29,18,Sơn La,Xã Gia Phù,21.1792752,104.5565002,111,Unhealthy for Sensitive Groups,2,17.3,78,0.0,8.3,57,938.3,9,15.1,16.6,495.0,10.9,100.0,5.0
2026-01-29 19:00:00,2026,1,29,19,Sơn La,Xã Gia Phù,21.1792752,104.5565002,110,Unhealthy for Sensitive Groups,2,15.8,88,0.0,6.3,37,938.5,39,15.0,16.4,605.0,16.1,84.0,6.0
2026-01-29 20:00:00,2026,1,29,20,Sơn La,Xã Gia Phù,21.1792752,104.5565002,109,Unhealthy for Sensitive Groups,2,14.8,95,0.0,3.8,31,939.1,80,18.0,19.4,649.0,17.3,78.0,6.7
2026-01-29 21:00:00,2026,1,29,21,Sơn La,Xã Gia Phù,21.1792752,104.5565002,107,Unhealthy for Sensitive Groups,2,14.3,93,0.0,3.1,360,939.8,73,21.8,23.2,660.0,18.8,69.0,7.6
2026-01-29 22:00:00,2026,1,29,22,Sơn La,Xã Gia Phù,21.1792752,104.5565002,105,Unhealthy for Sensitive Groups,2,14.0,89,0.0,2.9,360,940.2,63,25.1,26.4,659.0,19.4,63.0,8.4
2026-01-29 23:00:00,2026,1,29,23,Sơn La,Xã Gia Phù,21.1792752,104.5565002,103,Unhealthy for Sensitive Groups,2,13.7,87,0.0,2.5,356,940.1,51,27.5,28.6,651.0,18.1,63.0,8.8
2026-01-30 00:00:00,2026,1,30,0,Sơn La,Xã Gia Phù,21.1792752,104.5565002,101,Unhealthy for Sensitive Groups,2,13.8,85,0.0,1.1,351,940.0,54,29.6,30.6,630.0,15.8,67.0,9.0
2026-01-30 01:00:00,2026,1,30,1,Sơn La,Xã Gia Phù,21.1792752,104.5565002,99,Moderate,1,13.6,86,0.0,1.1,342,939.7,28,31.8,32.7,601.0,13.8,69.0,9.1
2026-01-30 02:00:00,2026,1,30,2,Sơn La,Xã Gia Phù,21.1792752,104.5565002,97,Moderate,1,13.4,85,0.0,1.0,329,939.2,13,33.6,34.6,554.0,12.6,68.0,9.2
2026-01-30 03:00:00,2026,1,30,3,Sơn La,Xã Gia Phù,21.1792752,104.5565002,95,Moderate,1,13.4,84,0.0,0.4,360,939.0,2,35.4,36.3,500.0,11.8,66.0,9.2
2026-01-30 04:00:00,2026,1,30,4,Sơn La,Xã Gia Phù,21.1792752,104.5565002,93,Moderate,1,13.1,85,0.0,0.8,27,939.3,3,36.7,37.6,471.0,10.8,64.0,8.9
2026-01-30 05:00:00,2026,1,30,5,Sơn La,Xã Gia Phù,21.1792752,104.5565002,90,Moderate,1,12.8,86,0.0,1.5,36,939.5,43,37.7,38.6,495.0,9.5,62.0,8.0
2026-01-30 06:00:00,2026,1,30,6,Sơn La,Xã Gia Phù,21.1792752,104.5565002,87,Moderate,1,12.7,86,0.0,1.7,41,940.1,97,38.8,39.6,546.0,8.1,61.0,6.7
2026-01-30 07:00:00,2026,1,30,7,Sơn La,Xã Gia Phù,21.1792752,104.5565002,85,Moderate,1,13.0,86,0.0,1.3,45,941.3,97,31.2,31.7,577.0,8.5,46.0,5.0
2026-01-30 08:00:00,2026,1,30,8,Sơn La,Xã Gia Phù,21.1792752,104.5565002,83,Moderate,1,14.7,86,0.0,3.4,65,942.8,98,23.0,23.6,571.0,6.7,61.0,5.2
2026-01-30 09:00:00,2026,1,30,9,Sơn La,Xã Gia Phù,21.1792752,104.5565002,81,Moderate,1,16.0,88,0.0,4.8,115,943.9,100,21.5,22.1,546.0,4.2,81.0,5.4
2026-01-30 10:00:00,2026,1,30,10,Sơn La,Xã Gia Phù,21.1792752,104.5565002,79,Moderate,1,17.6,81,0.0,4.9,126,944.5,100,21.6,22.2,513.0,2.3,98.0,5.4
2026-01-30 11:00:00,2026,1,30,11,Sơn La,Xã Gia Phù,21.1792752,104.5565002,78,Moderate,1,19.9,70,0.0,5.9,137,944.1,97,20.5,21.1,468.0,1.5,109.0,5.2
2026-01-30 12:00:00,2026,1,30,12,Sơn La,Xã Gia Phù,21.1792752,104.5565002,77,Moderate,1,21.2,64,0.0,6.2,136,942.9,95,20.1,20.7,415.0,1.3,116.0,4.8
2026-01-30 13:00:00,2026,1,30,13,Sơn La,Xã Gia Phù,21.1792752,104.5565002,76,Moderate,1,21.9,61,0.0,3.5,141,941.8,83,17.5,18.3,373.0,1.2,121.0,4.3
2026-01-30 14:00:00,2026,1,30,14,Sơn La,Xã Gia Phù,21.1792752,104.5565002,76,Moderate,1,23.0,57,0.0,3.8,172,940.8,64,14.2,15.6,344.0,0.8,125.0,3.6
2026-01-30 15:00:00,2026,1,30,15,Sơn La,Xã Gia Phù,21.1792752,104.5565002,76,Moderate,1,23.7,54,0.0,4.2,168,940.2,84,11.9,14.2,326.0,0.5,127.0,2.9
2026-01-30 16:00:00,2026,1,30,16,Sơn La,Xã Gia Phù,21.1792752,104.5565002,75,Moderate,1,23.9,52,0.0,4.2,115,939.9,22,11.0,13.5,330.0,1.0,124.0,2.6
2026-01-30 17:00:00,2026,1,30,17,Sơn La,Xã Gia Phù,21.1792752,104.5565002,75,Moderate,1,22.2,62,0.0,9.0,68,940.0,49,11.4,14.0,373.0,3.0,113.0,2.9
2026-01-30 18:00:00,2026,1,30,18,Sơn La,Xã Gia Phù,21.1792752,104.5565002,75,Moderate,1,18.8,80,0.0,9.8,43,940.3,51,14.8,16.8,438.0,5.8,98.0,3.7
2026-01-30 19:00:00,2026,1,30,19,Sơn La,Xã Gia Phù,21.1792752,104.5565002,75,Moderate,1,17.3,87,0.0,7.3,28,940.9,46,21.8,24.7,484.0,9.7,76.0,3.9
2026-01-30 20:00:00,2026,1,30,20,Sơn La,Xã Gia Phù,21.1792752,104.5565002,76,Moderate,1,17.2,86,0.0,5.7,13,941.6,91,25.5,28.1,494.0,10.1,71.0,4.5
2026-01-30 21:00:00,2026,1,30,21,Sơn La,Xã Gia Phù,21.1792752,104.5565002,76,Moderate,1,17.3,84,0.0,5.4,26,942.1,95,28.2,30.4,486.0,10.7,65.0,5.3
2026-01-30 22:00:00,2026,1,30,22,Sơn La,Xã Gia Phù,21.1792752,104.5565002,77,Moderate,1,16.6,87,0.0,4.3,22,942.4,84,31.5,33.5,474.0,11.0,61.0,6.5
2026-01-30 23:00:00,2026,1,30,23,Sơn La,Xã Gia Phù,21.1792752,104.5565002,77,Moderate,1,16.9,86,0.0,3.4,32,942.6,89,36.4,38.4,459.0,11.0,61.0,8.3
2026-01-31 00:00:00,2026,1,31,0,Sơn La,Xã Gia Phù,21.1792752,104.5565002,78,Moderate,1,15.9,89,0.0,3.8,45,942.5,88,41.2,43.3,439.0,10.9,64.0,10.4
2026-01-31 01:00:00,2026,1,31,1,Sơn La,Xã Gia Phù,21.1792752,104.5565002,79,Moderate,1,14.9,96,0.0,3.1,10,941.7,60,45.9,48.1,424.0,10.5,64.0,11.9
2026-01-31 02:00:00,2026,1,31,2,Sơn La,Xã Gia Phù,21.1792752,104.5565002,80,Moderate,1,14.5,96,0.0,5.3,10,941.5,83,49.8,51.9,412.0,9.8,61.0,11.9
2026-01-31 03:00:00,2026,1,31,3,Sơn La,Xã Gia Phù,21.1792752,104.5565002,82,Moderate,1,14.3,95,0.0,4.7,4,941.7,100,52.2,54.2,405.0,9.0,55.0,11.1
2026-01-31 04:00:00,2026,1,31,4,Sơn La,Xã Gia Phù,21.1792752,104.5565002,83,Moderate,1,14.2,99,0.4,6.0,10,942.0,100,52.3,54.1,416.0,8.4,51.0,11.2
2026-01-31 05:00:00,2026,1,31,5,Sơn La,Xã Gia Phù,21.1792752,104.5565002,85,Moderate,1,14.9,98,0.6,4.8,25,942.5,100,50.5,52.2,469.0,8.4,48.0,12.9
2026-01-31 06:00:00,2026,1,31,6,Sơn La,Xã Gia Phù,21.1792752,104.5565002,86,Moderate,1,15.2,97,1.0,4.1,52,943.4,100,49.9,51.5,539.0,8.8,46.0,15.5
2026-01-31 07:00:00,2026,1,31,7,Sơn La,Xã Gia Phù,21.1792752,104.5565002,87,Moderate,1,15.4,99,0.6,5.5,73,944.3,100,50.8,52.4,570.0,8.9,47.0,16.0
2026-01-31 08:00:00,2026,1,31,8,Sơn La,Xã Gia Phù,21.1792752,104.5565002,89,Moderate,1,15.8,99,0.2,6.5,58,945.1,100,36.4,38.6,514.0,8.7,56.0,16.5
2026-01-31 09:00:00,2026,1,31,9,Sơn La,Xã Gia Phù,21.1792752,104.5565002,90,Moderate,1,16.9,97,0.1,7.4,83,946.0,100,25.1,27.2,418.0,8.5,68.0,17.1
2026-01-31 10:00:00,2026,1,31,10,Sơn La,Xã Gia Phù,21.1792752,104.5565002,90,Moderate,1,17.6,91,0.2,9.2,92,946.7,100,18.4,20.0,362.0,8.6,75.0,17.8
2026-01-31 11:00:00,2026,1,31,11,Sơn La,Xã Gia Phù,21.1792752,104.5565002,90,Moderate,1,18.9,77,0.2,11.5,79,946.4,95,14.4,15.5,390.0,9.3,74.0,18.6
2026-01-31 12:00:00,2026,1,31,12,Sơn La,Xã Gia Phù,21.1792752,104.5565002,89,Moderate,1,18.1,77,0.3,14.1,71,945.8,99,11.7,12.4,458.0,10.2,68.0,19.3
2026-01-31 13:00:00,2026,1,31,13,Sơn La,Xã Gia Phù,21.1792752,104.5565002,89,Moderate,1,18.0,75,0.0,13.7,74,944.8,81,9.9,10.2,509.0,10.6,64.0,19.6
2026-01-31 14:00:00,2026,1,31,14,Sơn La,Xã Gia Phù,21.1792752,104.5565002,88,Moderate,1,17.4,73,0.0,16.1,72,944.0,100,7.4,7.6,518.0,9.8,65.0,19.1
2026-01-31 15:00:00,2026,1,31,15,Sơn La,Xã Gia Phù,21.1792752,104.5565002,87,Moderate,1,17.1,72,0.0,14.6,72,943.6,100,7.3,7.5,511.0,8.4,69.0,18.1
2026-01-31 16:00:00,2026,1,31,16,Sơn La,Xã Gia Phù,21.1792752,104.5565002,87,Moderate,1,16.8,73,0.0,13.3,69,943.5,100,8.9,9.1,511.0,7.5,71.0,17.2
2026-01-31 17:00:00,2026,1,31,17,Sơn La,Xã Gia Phù,21.1792752,104.5565002,87,Moderate,1,16.0,76,0.0,12.5,62,943.8,100,10.3,10.6,529.0,7.6,70.0,16.6
2026-01-31 18:00:00,2026,1,31,18,Sơn La,Xã Gia Phù,21.1792752,104.5565002,87,Moderate,1,15.2,81,0.0,9.9,53,943.7,100,11.4,11.8,553.0,8.1,68.0,16.1
2026-01-31 19:00:00,2026,1,31,19,Sơn La,Xã Gia Phù,21.1792752,104.5565002,86,Moderate,1,15.0,83,0.0,8.3,49,943.7,100,17.5,18.0,572.0,6.1,66.0,17.7
2026-01-31 20:00:00,2026,1,31,20,Sơn La,Xã Gia Phù,21.1792752,104.5565002,86,Moderate,1,15.2,81,0.0,8.2,52,944.5,100,17.7,18.2,580.0,6.2,65.0,18.0
2026-01-31 21:00:00,2026,1,31,21,Sơn La,Xã Gia Phù,21.1792752,104.5565002,85,Moderate,1,15.1,82,0.0,7.6,52,944.8,100,18.6,19.0,583.0,6.4,63.0,18.4
2026-01-31 22:00:00,2026,1,31,22,Sơn La,Xã Gia Phù,21.1792752,104.5565002,84,Moderate,1,15.1,83,0.0,5.9,50,945.1,100,19.3,19.8,589.0,6.6,61.0,18.7
2026-01-31 23:00:00,2026,1,31,23,Sơn La,Xã Gia Phù,21.1792752,104.5565002,83,Moderate,1,15.0,83,0.0,4.9,62,945.0,100,20.0,20.4,603.0,6.7,59.0,18.5
2026-02-01 00:00:00,2026,2,1,0,Sơn La,Xã Gia Phù,21.1792752,104.5565002,82,Moderate,1,14.8,84,0.0,3.8,71,944.6,100,21.2,21.7,620.0,6.8,57.0,18.3
2026-02-01 01:00:00,2026,2,1,1,Sơn La,Xã Gia Phù,21.1792752,104.5565002,80,Moderate,1,14.7,92,0.0,3.1,87,944.3,100,23.4,23.9,630.0,6.9,56.0,18.7
2026-02-01 02:00:00,2026,2,1,2,Sơn La,Xã Gia Phù,21.1792752,104.5565002,78,Moderate,1,14.4,96,0.3,5.7,77,943.6,100,25.1,25.6,625.0,6.9,56.0,20.4
2026-02-01 03:00:00,2026,2,1,3,Sơn La,Xã Gia Phù,21.1792752,104.5565002,76,Moderate,1,14.1,98,0.5,6.3,66,943.5,100,26.0,26.4,614.0,6.8,56.0,22.8
2026-02-01 04:00:00,2026,2,1,4,Sơn La,Xã Gia Phù,21.1792752,104.5565002,74,Moderate,1,13.9,98,0.6,7.1,63,943.5,100,25.8,26.2,616.0,7.0,56.0,25.0
2026-02-01 05:00:00,2026,2,1,5,Sơn La,Xã Gia Phù,21.1792752,104.5565002,71,Moderate,1,13.6,98,0.4,7.2,58,943.7,100,24.1,24.4,645.0,7.6,54.0,27.0
2026-02-01 06:00:00,2026,2,1,6,Sơn La,Xã Gia Phù,21.1792752,104.5565002,69,Moderate,1,13.3,97,0.3,6.9,57,944.5,100,23.3,23.6,686.0,8.5,51.0,28.8
2026-02-01 07:00:00,2026,2,1,7,Sơn La,Xã Gia Phù,21.1792752,104.5565002,66,Moderate,1,13.4,98,0.5,4.5,53,945.2,100,28.8,29.1,715.0,12.1,43.0,33.7
2026-02-01 08:00:00,2026,2,1,8,Sơn La,Xã Gia Phù,21.1792752,104.5565002,65,Moderate,1,13.5,96,0.6,7.0,58,946.0,100,27.5,27.8,718.0,12.5,43.0,34.7
2026-02-01 09:00:00,2026,2,1,9,Sơn La,Xã Gia Phù,21.1792752,104.5565002,64,Moderate,1,13.9,94,0.4,9.1,63,947.0,100,26.8,27.2,709.0,12.9,44.0,36.1
2026-02-01 10:00:00,2026,2,1,10,Sơn La,Xã Gia Phù,21.1792752,104.5565002,64,Moderate,1,14.1,90,0.3,9.6,69,947.4,100,25.6,26.0,697.0,12.9,47.0,36.3
2026-02-01 11:00:00,2026,2,1,11,Sơn La,Xã Gia Phù,21.1792752,104.5565002,65,Moderate,1,14.6,84,0.3,10.1,70,947.2,100,23.9,24.3,686.0,12.1,53.0,34.7
2026-02-01 12:00:00,2026,2,1,12,Sơn La,Xã Gia Phù,21.1792752,104.5565002,65,Moderate,1,15.2,77,0.1,9.8,76,946.3,100,22.4,22.9,673.0,10.8,62.0,32.1
2026-02-01 13:00:00,2026,2,1,13,Sơn La,Xã Gia Phù,21.1792752,104.5565002,66,Moderate,1,16.5,71,0.0,6.9,97,945.3,100,24.7,25.2,661.0,9.8,70.0,29.2
2026-02-01 14:00:00,2026,2,1,14,Sơn La,Xã Gia Phù,21.1792752,104.5565002,68,Moderate,1,16.8,70,0.0,8.9,108,944.3,100,27.2,27.8,648.0,9.2,77.0,26.0
2026-02-01 15:00:00,2026,2,1,15,Sơn La,Xã Gia Phù,21.1792752,104.5565002,69,Moderate,1,17.1,69,0.0,9.7,106,944.1,100,30.2,30.9,637.0,8.8,84.0,22.5
2026-02-01 16:00:00,2026,2,1,16,Sơn La,Xã Gia Phù,21.1792752,104.5565002,71,Moderate,1,16.2,72,0.0,9.4,95,943.9,100,32.2,32.9,639.0,9.0,87.0,20.0
2026-02-01 17:00:00,2026,2,1,17,Sơn La,Xã Gia Phù,21.1792752,104.5565002,73,Moderate,1,15.6,73,0.0,9.2,88,944.0,100,33.5,34.3,668.0,10.2,83.0,19.0
2026-02-01 18:00:00,2026,2,1,18,Sơn La,Xã Gia Phù,21.1792752,104.5565002,76,Moderate,1,14.2,80,0.0,6.6,64,944.0,100,34.1,34.9,710.0,11.9,76.0,18.9
2026-02-01 19:00:00,2026,2,1,19,Sơn La,Xã Gia Phù,21.1792752,104.5565002,78,Moderate,1,14.2,85,0.0,4.2,43,944.1,100,44.2,45.4,734.0,9.9,74.0,17.0
2026-02-01 20:00:00,2026,2,1,20,Sơn La,Xã Gia Phù,21.1792752,104.5565002,80,Moderate,1,14.6,82,0.0,5.1,45,944.9,100,45.2,46.3,724.0,11.1,68.0,17.6
2026-02-01 21:00:00,2026,2,1,21,Sơn La,Xã Gia Phù,21.1792752,104.5565002,82,Moderate,1,14.5,82,0.0,6.1,43,945.3,100,47.3,48.4,698.0,12.7,60.0,18.3
2026-02-01 22:00:00,2026,2,1,22,Sơn La,Xã Gia Phù,21.1792752,104.5565002,85,Moderate,1,14.1,84,0.0,4.8,37,945.1,100,49.9,51.0,673.0,13.6,54.0,19.1
2026-02-01 23:00:00,2026,2,1,23,Sơn La,Xã Gia Phù,21.1792752,104.5565002,88,Moderate,1,13.5,87,0.0,4.5,37,945.2,100,50.3,51.2,657.0,13.4,50.0,19.5
2026-02-02 00:00:00,2026,2,2,0,Sơn La,Xã Gia Phù,21.1792752,104.5565002,90,Moderate,1,13.6,86,0.0,5.1,51,945.0,100,50.3,51.2,642.0,12.6,48.0,19.8
2026-02-02 01:00:00,2026,2,2,1,Sơn La,Xã Gia Phù,21.1792752,104.5565002,93,Moderate,1,13.8,88,0.0,6.8,55,944.8,100,50.5,51.3,632.0,11.5,47.0,20.9
2026-02-02 02:00:00,2026,2,2,2,Sơn La,Xã Gia Phù,21.1792752,104.5565002,95,Moderate,1,13.5,89,0.1,9.0,55,944.8,100,49.9,50.6,625.0,9.9,50.0,23.0
2026-02-02 03:00:00,2026,2,2,3,Sơn La,Xã Gia Phù,21.1792752,104.5565002,97,Moderate,1,13.0,93,0.2,9.5,57,944.7,100,49.9,50.8,622.0,8.1,55.0,25.9
2026-02-02 04:00:00,2026,2,2,4,Sơn La,Xã Gia Phù,21.1792752,104.5565002,100,Moderate,1,12.8,96,0.2,9.1,58,944.8,100,50.2,51.0,627.0,7.1,58.0,29.4
2026-02-02 05:00:00,2026,2,2,5,Sơn La,Xã Gia Phù,21.1792752,104.5565002,102,Unhealthy for Sensitive Groups,2,12.7,96,0.2,8.1,62,945.2,100,49.9,50.8,650.0,7.8,57.0,34.3
2026-02-02 06:00:00,2026,2,2,6,Sơn La,Xã Gia Phù,21.1792752,104.5565002,105,Unhealthy for Sensitive Groups,2,12.7,96,0.2,8.4,65,946.1,100,48.5,49.2,680.0,9.3,55.0,39.7
2026-02-02 07:00:00,2026,2,2,7,Sơn La,Xã Gia Phù,21.1792752,104.5565002,107,Unhealthy for Sensitive Groups,2,12.3,96,0.2,7.6,56,947.0,100,43.2,43.9,693.0,13.2,48.0,44.9
2026-02-02 08:00:00,2026,2,2,8,Sơn La,Xã Gia Phù,21.1792752,104.5565002,109,Unhealthy for Sensitive Groups,2,12.5,96,0.3,8.8,57,947.9,100,34.7,35.2,673.0,13.3,48.0,43.5
2026-02-02 09:00:00,2026,2,2,9,Sơn La,Xã Gia Phù,21.1792752,104.5565002,110,Unhealthy for Sensitive Groups,2,12.8,92,0.2,10.2,60,948.8,100,28.0,28.4,636.0,13.4,48.0,41.5
2026-02-02 10:00:00,2026,2,2,10,Sơn La,Xã Gia Phù,21.1792752,104.5565002,110,Unhealthy for Sensitive Groups,2,13.1,86,0.2,10.1,63,949.0,100,24.0,24.4,599.0,13.1,50.0,38.8
2026-02-02 11:00:00,2026,2,2,11,Sơn La,Xã Gia Phù,21.1792752,104.5565002,110,Unhealthy for Sensitive Groups,2,14.0,78,0.2,12.6,73,948.9,100,22.6,23.1,565.0,12.1,55.0,35.2
2026-02-02 12:00:00,2026,2,2,12,Sơn La,Xã Gia Phù,21.1792752,104.5565002,109,Unhealthy for Sensitive Groups,2,14.1,77,0.2,12.3,75,947.9,100,22.9,23.3,532.0,10.8,61.0,30.9
2026-02-02 13:00:00,2026,2,2,13,Sơn La,Xã Gia Phù,21.1792752,104.5565002,110,Unhealthy for Sensitive Groups,2,15.2,70,0.2,10.3,85,947.1,100,24.1,24.5,507.0,9.7,67.0,27.1
2026-02-02 14:00:00,2026,2,2,14,Sơn La,Xã Gia Phù,21.1792752,104.5565002,109,Unhealthy for Sensitive Groups,2,15.2,69,0.1,11.9,85,946.2,100,27.1,27.6,492.0,9.2,71.0,23.8
2026-02-02 15:00:00,2026,2,2,15,Sơn La,Xã Gia Phù,21.1792752,104.5565002,109,Unhealthy for Sensitive Groups,2,14.6,70,0.0,11.5,81,945.6,100,30.9,31.5,486.0,8.9,74.0,20.9
2026-02-02 16:00:00,2026,2,2,16,Sơn La,Xã Gia Phù,21.1792752,104.5565002,110,Unhealthy for Sensitive Groups,2,14.4,71,0.0,10.1,78,945.5,100,31.0,31.5,497.0,8.9,76.0,18.9
2026-02-02 17:00:00,2026,2,2,17,Sơn La,Xã Gia Phù,21.1792752,104.5565002,109,Unhealthy for Sensitive Groups,2,14.0,73,0.0,8.8,73,945.6,99,33.5,34.2,538.0,9.1,75.0,18.2
2026-02-02 18:00:00,2026,2,2,18,Sơn La,Xã Gia Phù,21.1792752,104.5565002,109,Unhealthy for Sensitive Groups,2,13.2,76,0.0,5.9,59,945.6,48,36.8,37.5,597.0,9.6,73.0,18.3
2026-02-02 19:00:00,2026,2,2,19,Sơn La,Xã Gia Phù,21.1792752,104.5565002,110,Unhealthy for Sensitive Groups,2,12.8,84,0.0,3.2,27,946.1,100,43.4,44.2,644.0,8.2,71.0,19.9
2026-02-02 20:00:00,2026,2,2,20,Sơn La,Xã Gia Phù,21.1792752,104.5565002,110,Unhealthy for Sensitive Groups,2,12.6,84,0.0,3.6,45,946.6,74,44.8,45.6,670.0,9.6,63.0,19.1
2026-02-02 21:00:00,2026,2,2,21,Sơn La,Xã Gia Phù,21.1792752,104.5565002,110,Unhealthy for Sensitive Groups,2,11.3,90,0.0,4.0,30,946.4,30,47.0,47.8,685.0,11.6,52.0,18.1
2026-02-02 22:00:00,2026,2,2,22,Sơn La,Xã Gia Phù,21.1792752,104.5565002,110,Unhealthy for Sensitive Groups,2,10.8,89,0.0,4.0,36,946.1,20,49.2,50.2,688.0,13.1,43.0,17.6
2026-02-02 23:00:00,2026,2,2,23,Sơn La,Xã Gia Phù,21.1792752,104.5565002,109,Unhealthy for Sensitive Groups,2,10.2,90,0.0,3.6,37,946.1,25,54.4,55.3,675.0,13.9,40.0,18.0
2026-02-03 00:00:00,2026,2,3,0,Sơn La,Xã Gia Phù,21.1792752,104.5565002,110,Unhealthy for Sensitive Groups,2,10.1,90,0.0,3.1,31,945.9,37,56.9,58.0,649.0,14.1,39.0,18.8
2026-02-03 01:00:00,2026,2,3,1,Sơn La,Xã Gia Phù,21.1792752,104.5565002,111,Unhealthy for Sensitive Groups,2,10.0,94,0.0,3.0,33,945.9,63,58.9,60.1,622.0,13.8,39.0,19.5
2026-02-03 02:00:00,2026,2,3,2,Sơn La,Xã Gia Phù,21.1792752,104.5565002,111,Unhealthy for Sensitive Groups,2,10.1,95,0.0,3.7,14,945.7,100,57.0,58.2,589.0,12.5,40.0,19.8
2026-02-03 03:00:00,2026,2,3,3,Sơn La,Xã Gia Phù,21.1792752,104.5565002,112,Unhealthy for Sensitive Groups,2,10.4,94,0.0,3.5,12,945.5,100,57.2,58.4,554.0,10.5,41.0,20.0
2026-02-03 04:00:00,2026,2,3,4,Sơn La,Xã Gia Phù,21.1792752,104.5565002,113,Unhealthy for Sensitive Groups,2,10.5,94,0.0,2.5,21,945.3,100,54.9,56.1,544.0,8.8,43.0,19.8
2026-02-03 05:00:00,2026,2,3,5,Sơn La,Xã Gia Phù,21.1792752,104.5565002,113,Unhealthy for Sensitive Groups,2,10.5,94,0.0,2.6,16,945.4,100,53.7,54.7,588.0,7.9,42.0,19.2
2026-02-03 06:00:00,2026,2,3,6,Sơn La,Xã Gia Phù,21.1792752,104.5565002,114,Unhealthy for Sensitive Groups,2,11.1,91,0.0,3.4,16,946.1,100,53.0,53.9,656.0,7.4,42.0,18.3
2026-02-03 07:00:00,2026,2,3,7,Sơn La,Xã Gia Phù,21.1792752,104.5565002,114,Unhealthy for Sensitive Groups,2,10.2,95,0.0,1.3,8,946.5,100,52.5,53.4,689.0,6.7,43.0,16.6
2026-02-03 08:00:00,2026,2,3,8,Sơn La,Xã Gia Phù,21.1792752,104.5565002,115,Unhealthy for Sensitive Groups,2,11.8,88,0.0,2.7,94,947.4,100,50.9,51.8,648.0,5.2,57.0,14.4
2026-02-03 09:00:00,2026,2,3,9,Sơn La,Xã Gia Phù,21.1792752,104.5565002,117,Unhealthy for Sensitive Groups,2,13.0,83,0.0,3.9,103,948.3,100,39.9,40.6,571.0,3.1,77.0,11.2
2026-02-03 10:00:00,2026,2,3,10,Sơn La,Xã Gia Phù,21.1792752,104.5565002,118,Unhealthy for Sensitive Groups,2,14.2,78,0.0,4.2,126,948.5,99,33.6,34.3,509.0,1.5,93.0,8.5
2026-02-03 11:00:00,2026,2,3,11,Sơn La,Xã Gia Phù,21.1792752,104.5565002,119,Unhealthy for Sensitive Groups,2,15.4,72,0.0,5.3,145,947.9,64,32.0,32.7,482.0,0.9,101.0,6.6
2026-02-03 12:00:00,2026,2,3,12,Sơn La,Xã Gia Phù,21.1792752,104.5565002,120,Unhealthy for Sensitive Groups,2,16.5,67,0.0,6.3,143,947.0,52,31.8,32.6,470.0,0.8,105.0,5.0
2026-02-03 13:00:00,2026,2,3,13,Sơn La,Xã Gia Phù,21.1792752,104.5565002,121,Unhealthy for Sensitive Groups,2,17.4,63,0.0,5.5,153,946.0,99,31.5,32.5,462.0,0.8,107.0,3.8
2026-02-03 14:00:00,2026,2,3,14,Sơn La,Xã Gia Phù,21.1792752,104.5565002,122,Unhealthy for Sensitive Groups,2,17.4,64,0.0,6.9,137,944.9,29,31.5,32.4,451.0,0.6,109.0,2.9
2026-02-03 15:00:00,2026,2,3,15,Sơn La,Xã Gia Phù,21.1792752,104.5565002,122,Unhealthy for Sensitive Groups,2,18.2,61,0.0,6.6,116,944.1,38,31.4,32.4,444.0,0.5,110.0,2.2
2026-02-03 16:00:00,2026,2,3,16,Sơn La,Xã Gia Phù,21.1792752,104.5565002,122,Unhealthy for Sensitive Groups,2,18.4,61,0.0,7.3,132,943.7,27,31.4,32.4,457.0,1.1,108.0,2.0
2026-02-03 17:00:00,2026,2,3,17,Sơn La,Xã Gia Phù,21.1792752,104.5565002,122,Unhealthy for Sensitive Groups,2,17.7,64,0.0,8.2,109,943.5,57,31.7,32.6,505.0,3.1,100.0,2.2
2026-02-03 18:00:00,2026,2,3,18,Sơn La,Xã Gia Phù,21.1792752,104.5565002,122,Unhealthy for Sensitive Groups,2,15.1,76,0.0,5.1,72,943.2,27,34.3,35.2,572.0,5.9,88.0,2.7
2026-02-03 19:00:00,2026,2,3,19,Sơn La,Xã Gia Phù,21.1792752,104.5565002,122,Unhealthy for Sensitive Groups,2,14.4,81,0.0,4.8,37,943.2,42,35.0,35.6,627.0,7.9,73.0,5.3
2026-02-03 20:00:00,2026,2,3,20,Sơn La,Xã Gia Phù,21.1792752,104.5565002,121,Unhealthy for Sensitive Groups,2,13.8,84,0.0,4.7,32,943.7,38,39.2,39.8,662.0,9.2,71.0,6.8
2026-02-03 21:00:00,2026,2,3,21,Sơn La,Xã Gia Phù,21.1792752,104.5565002,121,Unhealthy for Sensitive Groups,2,12.9,87,0.0,4.0,18,943.9,49,42.6,43.1,685.0,10.9,68.0,9.0
2026-02-03 22:00:00,2026,2,3,22,Sơn La,Xã Gia Phù,21.1792752,104.5565002,120,Unhealthy for Sensitive Groups,2,11.8,91,0.0,3.3,6,943.6,65,45.8,46.3,691.0,12.3,65.0,10.6
2026-02-03 23:00:00,2026,2,3,23,Sơn La,Xã Gia Phù,21.1792752,104.5565002,120,Unhealthy for Sensitive Groups,2,11.1,92,0.0,2.9,360,943.0,77,49.8,50.4,672.0,13.0,63.0,11.4
2026-02-04 00:00:00,2026,2,4,0,Sơn La,Xã Gia Phù,21.1792752,104.5565002,119,Unhealthy for Sensitive Groups,2,10.5,94,0.0,2.4,343,942.4,80,53.9,54.5,637.0,13.4,61.0,11.7
2026-02-04 01:00:00,2026,2,4,1,Sơn La,Xã Gia Phù,21.1792752,104.5565002,119,Unhealthy for Sensitive Groups,2,10.3,95,0.0,1.9,343,941.5,82,59.8,60.3,599.0,13.6,58.0,11.6
2026-02-04 02:00:00,2026,2,4,2,Sơn La,Xã Gia Phù,21.1792752,104.5565002,119,Unhealthy for Sensitive Groups,2,10.5,93,0.0,2.1,345,941.1,64,63.8,64.5,557.0,13.6,55.0,10.9
2026-02-04 03:00:00,2026,2,4,3,Sơn La,Xã Gia Phù,21.1792752,104.5565002,120,Unhealthy for Sensitive Groups,2,10.2,91,0.0,1.5,339,940.9,46,67.5,68.0,514.0,13.5,53.0,9.8
2026-02-04 04:00:00,2026,2,4,4,Sơn La,Xã Gia Phù,21.1792752,104.5565002,121,Unhealthy for Sensitive Groups,2,10.5,90,0.0,0.8,333,940.9,9,70.3,70.8,492.0,13.3,48.0,8.5
2026-02-04 05:00:00,2026,2,4,5,Sơn La,Xã Gia Phù,21.1792752,104.5565002,122,Unhealthy for Sensitive Groups,2,10.3,91,0.0,0.4,360,941.0,9,71.0,71.5,512.0,13.5,37.0,6.9
2026-02-04 06:00:00,2026,2,4,6,Sơn La,Xã Gia Phù,21.1792752,104.5565002,124,Unhealthy for Sensitive Groups,2,10.1,92,0.0,0.4,360,941.2,13,69.6,70.1,553.0,13.7,24.0,5.1
2026-02-04 07:00:00,2026,2,4,7,Sơn La,Xã Gia Phù,21.1792752,104.5565002,126,Unhealthy for Sensitive Groups,2,10.1,94,0.0,0.4,27,941.9,44,40.7,41.2,577.0,6.2,60.0,6.6
2026-02-04 08:00:00,2026,2,4,8,Sơn La,Xã Gia Phù,21.1792752,104.5565002,125,Unhealthy for Sensitive Groups,2,11.8,92,0.0,1.0,68,942.8,55,40.3,40.6,567.0,5.0,72.0,6.4
2026-02-04 09:00:00,2026,2,4,9,Sơn La,Xã Gia Phù,21.1792752,104.5565002,124,Unhealthy for Sensitive Groups,2,14.2,84,0.0,2.7,157,943.8,65,37.8,38.3,540.0,3.3,89.0,6.0
2026-02-04 10:00:00,2026,2,4,10,Sơn La,Xã Gia Phù,21.1792752,104.5565002,123,Unhealthy for Sensitive Groups,2,16.8,73,0.0,4.0,177,944.1,39,33.2,33.6,514.0,1.9,103.0,5.4
2026-02-04 11:00:00,2026,2,4,11,Sơn La,Xã Gia Phù,21.1792752,104.5565002,123,Unhealthy for Sensitive Groups,2,18.6,67,0.0,5.7,169,943.5,0,29.6,30.0,494.0,1.3,110.0,4.4
2026-02-04 12:00:00,2026,2,4,12,Sơn La,Xã Gia Phù,21.1792752,104.5565002,123,Unhealthy for Sensitive Groups,2,20.1,62,0.0,6.4,172,942.1,1,24.6,25.0,475.0,1.0,113.0,3.1
2026-02-04 13:00:00,2026,2,4,13,Sơn La,Xã Gia Phù,21.1792752,104.5565002,122,Unhealthy for Sensitive Groups,2,22.6,55,0.0,5.2,176,940.9,5,19.6,20.1,460.0,0.8,115.0,2.1
2026-02-04 14:00:00,2026,2,4,14,Sơn La,Xã Gia Phù,21.1792752,104.5565002,121,Unhealthy for Sensitive Groups,2,24.1,50,0.0,5.1,190,939.7,8,15.3,15.7,444.0,0.3,116.0,1.5
2026-02-04 15:00:00,2026,2,4,15,Sơn La,Xã Gia Phù,21.1792752,104.5565002,119,Unhealthy for Sensitive Groups,2,24.9,46,0.0,4.6,191,939.0,9,12.0,12.4,432.0,0.0,116.0,1.3
2026-02-04 16:00:00,2026,2,4,16,Sơn La,Xã Gia Phù,21.1792752,104.5565002,117,Unhealthy for Sensitive Groups,2,23.7,49,0.0,3.6,110,938.6,2,10.2,10.7,448.0,0.9,113.0,1.6
2026-02-04 17:00:00,2026,2,4,17,Sơn La,Xã Gia Phù,21.1792752,104.5565002,115,Unhealthy for Sensitive Groups,2,20.3,65,0.0,10.3,87,938.5,2,10.3,10.7,515.0,4.6,105.0,2.8
2026-02-04 18:00:00,2026,2,4,18,Sơn La,Xã Gia Phù,21.1792752,104.5565002,113,Unhealthy for Sensitive Groups,2,16.3,84,0.0,6.4,54,938.6,1,14.1,14.5,609.0,9.8,95.0,4.5
2026-02-04 19:00:00,2026,2,4,19,Sơn La,Xã Gia Phù,21.1792752,104.5565002,111,Unhealthy for Sensitive Groups,2,14.6,94,0.0,4.7,43,939.3,18,12.5,12.7,681.0,14.4,88.0,6.0
2026-02-04 20:00:00,2026,2,4,20,Sơn La,Xã Gia Phù,21.1792752,104.5565002,108,Unhealthy for Sensitive Groups,2,14.4,93,0.0,4.6,9,939.7,34,17.0,17.2,709.0,15.6,82.0,7.5
2026-02-04 21:00:00,2026,2,4,21,Sơn La,Xã Gia Phù,21.1792752,104.5565002,106,Unhealthy for Sensitive Groups,2,14.1,90,0.0,3.7,11,940.0,53,22.6,22.8,715.0,17.3,73.0,9.6
2026-02-04 22:00:00,2026,2,4,22,Sơn La,Xã Gia Phù,21.1792752,104.5565002,104,Unhealthy for Sensitive Groups,2,13.6,90,0.0,2.5,8,939.9,55,27.7,27.9,713.0,18.1,67.0,11.3
2026-02-04 23:00:00,2026,2,4,23,Sơn La,Xã Gia Phù,21.1792752,104.5565002,102,Unhealthy for Sensitive Groups,2,13.2,90,0.0,1.1,351,939.6,45,32.1,32.4,711.0,17.4,66.0,12.2
2026-02-05 00:00:00,2026,2,5,0,Sơn La,Xã Gia Phù,21.1792752,104.5565002,100,Moderate,1,13.3,88,0.0,0.6,326,939.6,29,35.5,35.7,702.0,15.8,67.0,12.7
2026-02-05 01:00:00,2026,2,5,1,Sơn La,Xã Gia Phù,21.1792752,104.5565002,99,Moderate,1,13.4,90,0.0,0.4,333,939.1,27,38.0,38.1,678.0,14.4,68.0,12.5
2026-02-05 02:00:00,2026,2,5,2,Sơn La,Xã Gia Phù,21.1792752,104.5565002,97,Moderate,1,12.8,93,0.0,0.4,333,938.5,27,39.8,40.0,623.0,13.5,67.0,11.1
2026-02-05 03:00:00,2026,2,5,3,Sơn La,Xã Gia Phù,21.1792752,104.5565002,95,Moderate,1,12.3,93,0.0,0.4,360,938.0,47,47.6,47.7,553.0,12.8,65.0,9.0
2026-02-05 04:00:00,2026,2,5,4,Sơn La,Xã Gia Phù,21.1792752,104.5565002,93,Moderate,1,12.4,92,0.0,0.4,360,937.9,74,49.8,49.9,506.0,11.9,64.0,7.3
2026-02-05 05:00:00,2026,2,5,5,Sơn La,Xã Gia Phù,21.1792752,104.5565002,91,Moderate,1,12.3,91,0.0,0.3,315,937.9,63,50.4,50.5,505.0,10.8,61.0,6.4
2026-02-05 06:00:00,2026,2,5,6,Sơn La,Xã Gia Phù,21.1792752,104.5565002,89,Moderate,1,12.1,92,0.0,0.3,315,938.3,88,41.0,41.1,527.0,9.5,59.0,5.8
2026-02-05 07:00:00,2026,2,5,7,Sơn La,Xã Gia Phù,21.1792752,104.5565002,87,Moderate,1,11.8,92,0.0,1.2,243,938.9,88,52.2,52.4,536.0,13.4,30.0,4.6
2026-02-05 08:00:00,2026,2,5,8,Sơn La,Xã Gia Phù,21.1792752,104.5565002,88,Moderate,1,13.1,92,0.0,1.1,180,939.7,34,44.9,45.1,516.0,10.1,53.0,4.7
2026-02-05 09:00:00,2026,2,5,9,Sơn La,Xã Gia Phù,21.1792752,104.5565002,88,Moderate,1,14.9,87,0.0,3.3,167,940.5,46,25.7,26.0,482.0,5.6,85.0,4.7
2026-02-05 10:00:00,2026,2,5,10,Sơn La,Xã Gia Phù,21.1792752,104.5565002,87,Moderate,1,17.6,77,0.0,4.1,165,941.2,40,20.1,20.4,449.0,2.2,110.0,4.7
2026-02-05 11:00:00,2026,2,5,11,Sơn La,Xã Gia Phù,21.1792752,104.5565002,86,Moderate,1,20.2,68,0.0,5.6,159,940.5,55,16.9,17.2,419.0,1.0,122.0,4.6
2026-02-05 12:00:00,2026,2,5,12,Sơn La,Xã Gia Phù,21.1792752,104.5565002,85,Moderate,1,23.1,59,0.0,6.1,175,939.6,12,13.3,13.6,390.0,0.8,126.0,4.3
2026-02-05 13:00:00,2026,2,5,13,Sơn La,Xã Gia Phù,21.1792752,104.5565002,84,Moderate,1,26.7,42,0.0,15.7,237,938.4,9,12.0,12.4,364.0,0.8,128.0,4.1
2026-02-05 14:00:00,2026,2,5,14,Sơn La,Xã Gia Phù,21.1792752,104.5565002,83,Moderate,1,26.8,40,0.0,18.7,244,937.4,2,11.4,11.8,328.0,0.4,128.0,3.8
2026-02-05 15:00:00,2026,2,5,15,Sơn La,Xã Gia Phù,21.1792752,104.5565002,83,Moderate,1,27.3,39,0.0,16.7,237,937.0,5,11.2,11.6,295.0,0.1,126.0,3.4
2026-02-05 16:00:00,2026,2,5,16,Sơn La,Xã Gia Phù,21.1792752,104.5565002,83,Moderate,1,27.1,39,0.0,9.7,227,936.9,9,11.2,11.6,309.0,0.9,121.0,3.3
2026-02-05 17:00:00,2026,2,5,17,Sơn La,Xã Gia Phù,21.1792752,104.5565002,83,Moderate,1,24.4,52,0.0,1.4,90,936.8,0,11.4,11.7,412.0,3.2,112.0,3.5
2026-02-05 18:00:00,2026,2,5,18,Sơn La,Xã Gia Phù,21.1792752,104.5565002,83,Moderate,1,18.6,77,0.0,5.2,49,936.5,3,12.4,12.8,562.0,6.5,100.0,3.9
2026-02-05 19:00:00,2026,2,5,19,Sơn La,Xã Gia Phù,21.1792752,104.5565002,83,Moderate,1,17.0,87,0.0,3.8,31,937.0,9,12.1,12.4,676.0,12.7,94.0,5.5
2026-02-05 20:00:00,2026,2,5,20,Sơn La,Xã Gia Phù,21.1792752,104.5565002,83,Moderate,1,16.0,93,0.0,3.8,73,938.2,16,17.0,17.3,721.0,15.8,87.0,7.2
2026-02-05 21:00:00,2026,2,5,21,Sơn La,Xã Gia Phù,21.1792752,104.5565002,83,Moderate,1,14.9,95,0.0,2.4,351,938.3,23,21.8,22.1,729.0,20.0,77.0,9.5
2026-02-05 22:00:00,2026,2,5,22,Sơn La,Xã Gia Phù,21.1792752,104.5565002,83,Moderate,1,14.7,89,0.0,1.3,352,938.3,70,27.8,28.1,716.0,23.2,69.0,11.4
2026-02-05 23:00:00,2026,2,5,23,Sơn La,Xã Gia Phù,21.1792752,104.5565002,83,Moderate,1,15.1,84,0.0,0.7,346,938.2,54,31.7,31.9,678.0,24.4,65.0,12.4
2026-02-06 00:00:00,2026,2,6,0,Sơn La,Xã Gia Phù,21.1792752,104.5565002,83,Moderate,1,14.8,83,0.0,0.6,326,938.0,25,33.5,33.9,619.0,24.6,63.0,12.9
2026-02-06 01:00:00,2026,2,6,1,Sơn La,Xã Gia Phù,21.1792752,104.5565002,82,Moderate,1,14.2,84,0.0,0.8,333,937.7,0,34.3,34.7,564.0,24.4,61.0,13.1
2026-02-06 02:00:00,2026,2,6,2,Sơn La,Xã Gia Phù,21.1792752,104.5565002,82,Moderate,1,14.1,83,0.0,0.7,360,937.4,17,34.3,34.6,515.0,23.8,60.0,13.1
2026-02-06 03:00:00,2026,2,6,3,Sơn La,Xã Gia Phù,21.1792752,104.5565002,82,Moderate,1,14.1,81,0.0,0.7,360,937.0,20,34.3,34.6,470.0,22.7,58.0,12.7
2026-02-06 04:00:00,2026,2,6,4,Sơn La,Xã Gia Phù,21.1792752,104.5565002,80,Moderate,1,14.1,80,0.0,0.4,333,937.0,11,34.7,35.0,446.0,21.6,57.0,12.3
2026-02-06 05:00:00,2026,2,6,5,Sơn La,Xã Gia Phù,21.1792752,104.5565002,79,Moderate,1,13.9,81,0.0,0.4,360,937.0,14,35.7,36.0,458.0,21.1,52.0,11.9
2026-02-06 06:00:00,2026,2,6,6,Sơn La,Xã Gia Phù,21.1792752,104.5565002,78,Moderate,1,13.7,79,0.0,0.7,360,937.4,18,37.4,37.7,490.0,20.7,46.0,11.4
2026-02-06 07:00:00,2026,2,6,7,Sơn La,Xã Gia Phù,21.1792752,104.5565002,77,Moderate,1,13.3,83,0.0,0.2,360,938.2,10,36.0,36.2,513.0,20.8,50.0,10.3
2026-02-06 08:00:00,2026,2,6,8,Sơn La,Xã Gia Phù,21.1792752,104.5565002,76,Moderate,1,15.0,80,0.0,2.0,85,939.4,23,32.1,32.4,518.0,15.3,74.0,9.0
2026-02-06 09:00:00,2026,2,6,9,Sơn La,Xã Gia Phù,21.1792752,104.5565002,75,Moderate,1,16.2,87,0.0,3.5,125,940.4,58,17.6,17.9,514.0,7.7,106.0,7.1
2026-02-06 10:00:00,2026,2,6,10,Sơn La,Xã Gia Phù,21.1792752,104.5565002,74,Moderate,1,18.5,78,0.0,3.9,127,941.1,5,14.5,14.8,501.0,2.0,130.0,5.5
2026-02-06 11:00:00,2026,2,6,11,Sơn La,Xã Gia Phù,21.1792752,104.5565002,74,Moderate,1,20.8,68,0.0,5.0,128,940.6,5,12.7,13.0,473.0,0.2,137.0,4.4
2026-02-06 12:00:00,2026,2,6,12,Sơn La,Xã Gia Phù,21.1792752,104.5565002,73,Moderate,1,22.5,63,0.0,6.1,124,939.9,9,10.7,11.0,435.0,0.4,135.0,3.6
2026-02-06 13:00:00,2026,2,6,13,Sơn La,Xã Gia Phù,21.1792752,104.5565002,73,Moderate,1,24.1,58,0.0,7.4,129,938.7,10,8.7,9.1,408.0,0.7,132.0,3.0
2026-02-06 14:00:00,2026,2,6,14,Sơn La,Xã Gia Phù,21.1792752,104.5565002,73,Moderate,1,24.1,58,0.0,10.3,106,937.7,3,7.9,8.4,397.0,0.3,130.0,2.5
2026-02-06 15:00:00,2026,2,6,15,Sơn La,Xã Gia Phù,21.1792752,104.5565002,72,Moderate,1,23.6,61,0.0,10.9,99,937.1,11,7.6,8.0,396.0,0.0,126.0,2.2
2026-02-06 16:00:00,2026,2,6,16,Sơn La,Xã Gia Phù,21.1792752,104.5565002,73,Moderate,1,22.5,67,0.0,10.2,66,936.9,13,7.4,7.9,406.0,0.8,119.0,2.5
2026-02-06 17:00:00,2026,2,6,17,Sơn La,Xã Gia Phù,21.1792752,104.5565002,82,Moderate,1,21.3,71,0.0,12.0,54,937.0,0,8.6,9.0,436.0,3.6,107.0,3.6
2026-02-06 18:00:00,2026,2,6,18,Sơn La,Xã Gia Phù,21.1792752,104.5565002,83,Moderate,1,19.0,79,0.0,9.7,43,937.5,3,18.6,19.0,476.0,7.4,93.0,5.3
2026-02-06 19:00:00,2026,2,6,19,Sơn La,Xã Gia Phù,21.1792752,104.5565002,75,Moderate,1,18.3,84,0.0,8.1,29,938.1,12,34.2,34.7,504.0,10.2,80.0,7.3
2026-02-06 20:00:00,2026,2,6,20,Sơn La,Xã Gia Phù,21.1792752,104.5565002,74,Moderate,1,18.0,86,0.0,7.1,19,938.8,52,45.2,45.5,504.0,10.0,81.0,9.4
2026-02-06 21:00:00,2026,2,6,21,Sơn La,Xã Gia Phù,21.1792752,104.5565002,77,Moderate,1,17.7,86,0.0,7.0,18,939.5,100,54.5,54.9,492.0,9.6,82.0,12.3
2026-02-06 22:00:00,2026,2,6,22,Sơn La,Xã Gia Phù,21.1792752,104.5565002,79,Moderate,1,17.6,86,0.0,6.1,19,939.5,84,66.6,67.1,484.0,9.1,83.0,15.0
2026-02-06 23:00:00,2026,2,6,23,Sơn La,Xã Gia Phù,21.1792752,104.5565002,83,Moderate,1,17.4,88,0.0,5.1,23,939.6,100,61.5,62.2,493.0,8.3,83.0,17.3
2026-02-07 00:00:00,2026,2,7,0,Sơn La,Xã Gia Phù,21.1792752,104.5565002,86,Moderate,1,17.9,86,0.0,4.0,18,939.7,100,57.7,58.3,506.0,7.3,83.0,19.3
2026-02-07 01:00:00,2026,2,7,1,Sơn La,Xã Gia Phù,21.1792752,104.5565002,88,Moderate,1,16.2,97,0.0,3.3,13,938.5,74,51.8,52.4,509.0,6.5,81.0,20.7
2026-02-07 02:00:00,2026,2,7,2,Sơn La,Xã Gia Phù,21.1792752,104.5565002,89,Moderate,1,15.2,99,0.0,5.4,8,938.1,94,50.4,51.1,486.0,6.0,76.0,21.0
2026-02-07 03:00:00,2026,2,7,3,Sơn La,Xã Gia Phù,21.1792752,104.5565002,91,Moderate,1,15.0,97,0.0,4.7,4,938.1,59,50.4,51.1,452.0,5.6,69.0,20.7
2026-02-07 04:00:00,2026,2,7,4,Sơn La,Xã Gia Phù,21.1792752,104.5565002,92,Moderate,1,14.9,95,0.2,4.2,7,938.3,99,48.5,49.2,435.0,5.2,66.0,20.1
2026-02-07 05:00:00,2026,2,7,5,Sơn La,Xã Gia Phù,21.1792752,104.5565002,93,Moderate,1,14.9,97,0.1,4.4,9,938.4,76,40.0,40.7,459.0,4.7,71.0,19.7
2026-02-07 06:00:00,2026,2,7,6,Sơn La,Xã Gia Phù,21.1792752,104.5565002,94,Moderate,1,15.4,96,0.0,3.3,9,939.2,42,39.0,39.8,500.0,4.1,79.0,19.1
2026-02-07 07:00:00,2026,2,7,7,Sơn La,Xã Gia Phù,21.1792752,104.5565002,94,Moderate,1,16.2,96,0.0,2.0,45,940.0,55,35.7,36.6,513.0,3.6,84.0,17.9
2026-02-07 08:00:00,2026,2,7,8,Sơn La,Xã Gia Phù,21.1792752,104.5565002,94,Moderate,1,17.4,92,0.0,3.6,37,941.2,36,33.2,34.0,468.0,3.4,88.0,15.5
2026-02-07 09:00:00,2026,2,7,9,Sơn La,Xã Gia Phù,21.1792752,104.5565002,94,Moderate,1,19.2,83,0.0,4.9,100,942.3,53,31.9,32.6,396.0,3.2,94.0,12.2
2026-02-07 10:00:00,2026,2,7,10,Sơn La,Xã Gia Phù,21.1792752,104.5565002,95,Moderate,1,20.6,75,0.0,4.7,108,942.7,23,33.3,34.0,339.0,2.9,100.0,9.2
2026-02-07 11:00:00,2026,2,7,11,Sơn La,Xã Gia Phù,21.1792752,104.5565002,97,Moderate,1,21.9,67,0.0,5.6,107,942.3,45,32.7,33.3,318.0,2.4,106.0,6.8
2026-02-07 12:00:00,2026,2,7,12,Sơn La,Xã Gia Phù,21.1792752,104.5565002,99,Moderate,1,22.7,65,0.1,6.2,116,941.4,50,32.7,33.4,312.0,1.8,112.0,4.7
2026-02-07 13:00:00,2026,2,7,13,Sơn La,Xã Gia Phù,21.1792752,104.5565002,101,Unhealthy for Sensitive Groups,2,23.7,59,0.0,5.2,134,940.2,32,31.2,31.7,310.0,1.4,117.0,3.2
2026-02-07 14:00:00,2026,2,7,14,Sơn La,Xã Gia Phù,21.1792752,104.5565002,103,Unhealthy for Sensitive Groups,2,23.7,60,0.0,7.4,91,939.4,41,29.0,29.5,306.0,1.1,121.0,2.4
2026-02-07 15:00:00,2026,2,7,15,Sơn La,Xã Gia Phù,21.1792752,104.5565002,105,Unhealthy for Sensitive Groups,2,23.5,62,0.1,9.9,81,938.6,12,27.8,28.3,305.0,0.9,123.0,2.1
2026-02-07 16:00:00,2026,2,7,16,Sơn La,Xã Gia Phù,21.1792752,104.5565002,107,Unhealthy for Sensitive Groups,2,22.9,65,0.2,12.2,71,938.2,42,27.3,27.8,310.0,1.3,122.0,2.3
2026-02-07 17:00:00,2026,2,7,17,Sơn La,Xã Gia Phù,21.1792752,104.5565002,109,Unhealthy for Sensitive Groups,2,19.9,84,0.3,12.9,49,938.7,59,25.8,26.3,326.0,2.6,115.0,2.9
2026-02-07 18:00:00,2026,2,7,18,Sơn La,Xã Gia Phù,21.1792752,104.5565002,111,Unhealthy for Sensitive Groups,2,18.7,83,0.1,9.8,44,939.2,55,24.9,25.3,348.0,4.4,104.0,4.0
2026-02-07 19:00:00,2026,2,7,19,Sơn La,Xã Gia Phù,21.1792752,104.5565002,112,Unhealthy for Sensitive Groups,2,18.4,84,0.0,7.0,40,939.9,91,33.6,34.3,361.0,5.1,98.0,2.8
2026-02-07 20:00:00,2026,2,7,20,Sơn La,Xã Gia Phù,21.1792752,104.5565002,112,Unhealthy for Sensitive Groups,2,18.4,82,0.0,6.9,37,940.7,99,31.5,32.1,351.0,5.9,93.0,4.8
2026-02-07 21:00:00,2026,2,7,21,Sơn La,Xã Gia Phù,21.1792752,104.5565002,110,Unhealthy for Sensitive Groups,2,18.4,85,0.4,7.3,48,941.3,100,28.4,28.9,333.0,7.0,86.0,7.6
2026-02-07 22:00:00,2026,2,7,22,Sơn La,Xã Gia Phù,21.1792752,104.5565002,108,Unhealthy for Sensitive Groups,2,17.6,95,0.4,5.3,52,941.3,100,27.2,27.8,332.0,7.9,79.0,10.2
2026-02-07 23:00:00,2026,2,7,23,Sơn La,Xã Gia Phù,21.1792752,104.5565002,103,Unhealthy for Sensitive Groups,2,17.6,95,0.5,5.2,56,941.3,100,24.9,25.5,369.0,8.3,74.0,12.4
2026-02-08 00:00:00,2026,2,8,0,Sơn La,Xã Gia Phù,21.1792752,104.5565002,100,Moderate,1,17.5,96,0.7,6.0,61,941.7,100,23.5,23.9,424.0,8.6,70.0,14.5
2026-02-08 01:00:00,2026,2,8,1,Sơn La,Xã Gia Phù,21.1792752,104.5565002,97,Moderate,1,16.8,97,0.8,5.6,57,941.7,100,23.2,23.6,465.0,8.7,66.0,16.1
2026-02-08 02:00:00,2026,2,8,2,Sơn La,Xã Gia Phù,21.1792752,104.5565002,94,Moderate,1,16.8,97,1.3,6.9,62,941.4,100,13.9,14.1,469.0,8.8,63.0,17.0
2026-02-08 03:00:00,2026,2,8,3,Sơn La,Xã Gia Phù,21.1792752,104.5565002,91,Moderate,1,16.6,97,1.4,8.0,62,941.4,100,7.0,7.1,458.0,8.7,61.0,17.4
2026-02-08 04:00:00,2026,2,8,4,Sơn La,Xã Gia Phù,21.1792752,104.5565002,87,Moderate,1,16.4,97,0.4,7.8,58,941.5,100,3.8,3.8,469.0,8.8,60.0,17.5
2026-02-08 05:00:00,2026,2,8,5,Sơn La,Xã Gia Phù,21.1792752,104.5565002,83,Moderate,1,16.1,97,1.0,9.1,54,942.1,100,2.8,2.8,528.0,9.3,59.0,17.5
2026-02-08 06:00:00,2026,2,8,6,Sơn La,Xã Gia Phù,21.1792752,104.5565002,80,Moderate,1,15.6,97,1.5,13.1,61,943.4,100,2.4,2.4,610.0,9.9,58.0,17.3
2026-02-08 07:00:00,2026,2,8,7,Sơn La,Xã Gia Phù,21.1792752,104.5565002,77,Moderate,1,14.5,96,1.6,12.7,63,944.0,100,5.1,5.1,670.0,9.0,62.0,13.4
2026-02-08 08:00:00,2026,2,8,8,Sơn La,Xã Gia Phù,21.1792752,104.5565002,74,Moderate,1,14.3,96,0.8,11.4,74,945.1,100,4.6,4.6,691.0,7.8,62.0,13.4
2026-02-08 09:00:00,2026,2,8,9,Sơn La,Xã Gia Phù,21.1792752,104.5565002,71,Moderate,1,13.8,96,0.4,14.6,74,946.3,100,5.2,5.2,691.0,6.1,63.0,13.4
2026-02-08 10:00:00,2026,2,8,10,Sơn La,Xã Gia Phù,21.1792752,104.5565002,69,Moderate,1,13.9,85,0.3,16.8,66,947.3,100,5.8,5.8,681.0,4.6,65.0,12.9
2026-02-08 11:00:00,2026,2,8,11,Sơn La,Xã Gia Phù,21.1792752,104.5565002,67,Moderate,1,12.9,92,0.6,16.5,65,947.0,100,4.6,4.6,660.0,3.4,70.0,11.4
2026-02-08 12:00:00,2026,2,8,12,Sơn La,Xã Gia Phù,21.1792752,104.5565002,64,Moderate,1,12.8,83,0.4,18.0,65,946.4,100,3.6,3.6,630.0,2.4,76.0,9.5
2026-02-08 13:00:00,2026,2,8,13,Sơn La,Xã Gia Phù,21.1792752,104.5565002,61,Moderate,1,12.1,94,0.4,13.3,74,945.5,100,4.5,4.5,604.0,1.8,80.0,8.0
2026-02-08 14:00:00,2026,2,8,14,Sơn La,Xã Gia Phù,21.1792752,104.5565002,59,Moderate,1,11.8,95,0.8,14.1,73,944.6,100,3.6,3.6,586.0,1.7,81.0,7.4
2026-02-08 15:00:00,2026,2,8,15,Sơn La,Xã Gia Phù,21.1792752,104.5565002,57,Moderate,1,11.2,95,0.4,13.8,75,944.1,100,4.2,4.2,573.0,1.9,80.0,7.3
2026-02-08 16:00:00,2026,2,8,16,Sơn La,Xã Gia Phù,21.1792752,104.5565002,55,Moderate,1,11.5,88,0.0,13.4,75,944.2,100,4.3,4.3,568.0,2.3,78.0,7.3
2026-02-08 17:00:00,2026,2,8,17,Sơn La,Xã Gia Phù,21.1792752,104.5565002,53,Moderate,1,11.5,82,0.0,12.5,74,944.6,100,4.4,4.4,574.0,2.8,76.0,7.4
2026-02-08 18:00:00,2026,2,8,18,Sơn La,Xã Gia Phù,21.1792752,104.5565002,51,Moderate,1,11.2,82,0.0,11.6,75,944.8,100,4.4,4.4,588.0,3.3,72.0,7.8
2026-02-08 19:00:00,2026,2,8,19,Sơn La,Xã Gia Phù,21.1792752,104.5565002,48,Good,0,11.6,78,0.0,10.7,68,944.7,100,15.6,15.6,601.0,4.0,65.0,8.5
2026-02-08 20:00:00,2026,2,8,20,Sơn La,Xã Gia Phù,21.1792752,104.5565002,45,Good,0,11.7,76,0.0,9.7,72,945.4,100,16.9,17.0,609.0,3.9,65.0,9.0
2026-02-08 21:00:00,2026,2,8,21,Sơn La,Xã Gia Phù,21.1792752,104.5565002,42,Good,0,11.5,77,0.0,11.0,75,945.9,100,12.7,12.7,615.0,3.8,65.0,9.8
2026-02-08 22:00:00,2026,2,8,22,Sơn La,Xã Gia Phù,21.1792752,104.5565002,40,Good,0,11.1,81,0.1,10.0,77,945.9,100,10.8,10.8,620.0,3.6,66.0,10.4
2026-02-08 23:00:00,2026,2,8,23,Sơn La,Xã Gia Phù,21.1792752,104.5565002,37,Good,0,10.7,88,0.1,9.2,74,945.6,100,9.1,9.1,623.0,3.4,67.0,10.8
2026-02-09 00:00:00,2026,2,9,0,Sơn La,Xã Gia Phù,21.1792752,104.5565002,34,Good,0,10.6,90,0.1,8.1,77,945.2,100,7.7,7.7,624.0,3.2,68.0,11.1
2026-02-09 01:00:00,2026,2,9,1,Sơn La,Xã Gia Phù,21.1792752,104.5565002,32,Good,0,10.8,97,0.1,6.9,70,944.6,100,6.5,6.5,622.0,3.0,69.0,11.2
2026-02-09 02:00:00,2026,2,9,2,Sơn La,Xã Gia Phù,21.1792752,104.5565002,31,Good,0,10.6,98,0.6,8.0,70,943.9,100,6.3,6.3,613.0,2.9,69.0,11.2
2026-02-09 03:00:00,2026,2,9,3,Sơn La,Xã Gia Phù,21.1792752,104.5565002,31,Good,0,10.4,98,0.4,7.4,68,943.5,100,5.7,5.7,601.0,2.7,68.0,11.0
2026-02-09 04:00:00,2026,2,9,4,Sơn La,Xã Gia Phù,21.1792752,104.5565002,31,Good,0,10.4,98,0.1,6.8,73,943.4,100,5.4,5.4,598.0,2.7,68.0,10.9
2026-02-09 05:00:00,2026,2,9,5,Sơn La,Xã Gia Phù,21.1792752,104.5565002,31,Good,0,10.3,97,0.1,7.1,66,943.3,100,4.6,4.6,614.0,2.8,68.0,10.9
2026-02-09 06:00:00,2026,2,9,6,Sơn La,Xã Gia Phù,21.1792752,104.5565002,31,Good,0,10.3,98,0.3,5.7,66,943.8,100,4.5,4.6,639.0,2.9,67.0,11.0
2026-02-09 07:00:00,2026,2,9,7,Sơn La,Xã Gia Phù,21.1792752,104.5565002,32,Good,0,10.7,98,0.4,5.5,71,944.1,100,4.6,4.6,658.0,4.9,57.0,11.6
2026-02-09 08:00:00,2026,2,9,8,Sơn La,Xã Gia Phù,21.1792752,104.5565002,31,Good,0,10.9,97,2.3,5.7,66,944.8,100,4.6,4.7,668.0,4.8,58.0,11.8
2026-02-09 09:00:00,2026,2,9,9,Sơn La,Xã Gia Phù,21.1792752,104.5565002,30,Good,0,11.0,95,1.8,5.4,84,945.6,100,2.9,3.0,672.0,4.5,60.0,12.1
2026-02-09 10:00:00,2026,2,9,10,Sơn La,Xã Gia Phù,21.1792752,104.5565002,30,Good,0,11.5,88,0.4,3.6,90,945.8,100,2.0,2.0,662.0,4.2,63.0,11.9
2026-02-09 11:00:00,2026,2,9,11,Sơn La,Xã Gia Phù,21.1792752,104.5565002,30,Good,0,11.9,90,0.3,1.5,104,945.1,100,1.7,1.7,630.0,3.7,68.0,11.1
2026-02-09 12:00:00,2026,2,9,12,Sơn La,Xã Gia Phù,21.1792752,104.5565002,30,Good,0,12.8,86,0.3,1.8,127,943.7,100,1.9,1.9,585.0,3.0,74.0,9.9
2026-02-09 13:00:00,2026,2,9,13,Sơn La,Xã Gia Phù,21.1792752,104.5565002,30,Good,0,12.9,90,0.1,2.6,146,942.4,100,2.2,2.2,547.0,2.5,80.0,8.6
2026-02-09 14:00:00,2026,2,9,14,Sơn La,Xã Gia Phù,21.1792752,104.5565002,31,Good,0,12.4,91,0.2,2.7,118,941.4,100,3.2,3.2,517.0,1.9,86.0,7.1
2026-02-09 15:00:00,2026,2,9,15,Sơn La,Xã Gia Phù,21.1792752,104.5565002,32,Good,0,14.4,78,0.0,2.7,132,940.8,100,4.6,4.6,494.0,1.4,92.0,5.4
2026-02-09 16:00:00,2026,2,9,16,Sơn La,Xã Gia Phù,21.1792752,104.5565002,34,Good,0,15.5,72,0.0,3.7,145,940.4,56,5.8,5.8,502.0,1.8,93.0,4.3
2026-02-09 17:00:00,2026,2,9,17,Sơn La,Xã Gia Phù,21.1792752,104.5565002,36,Good,0,15.1,73,0.0,3.4,148,940.3,41,6.9,6.9,564.0,3.8,87.0,3.9
2026-02-09 18:00:00,2026,2,9,18,Sơn La,Xã Gia Phù,21.1792752,104.5565002,37,Good,0,13.0,83,0.0,0.9,101,940.0,32,9.3,9.3,657.0,6.6,77.0,4.0
2026-02-09 19:00:00,2026,2,9,19,Sơn La,Xã Gia Phù,21.1792752,104.5565002,38,Good,0,11.6,90,0.0,0.4,333,939.8,66,20.5,20.6,729.0,6.4,72.0,4.2
2026-02-09 20:00:00,2026,2,9,20,Sơn La,Xã Gia Phù,21.1792752,104.5565002,38,Good,0,11.4,90,0.0,0.7,14,940.6,31,21.5,21.7,762.0,8.5,67.0,5.4
2026-02-09 21:00:00,2026,2,9,21,Sơn La,Xã Gia Phù,21.1792752,104.5565002,38,Good,0,11.2,90,0.0,1.3,8,941.0,23,24.1,24.3,775.0,11.4,61.0,7.2
2026-02-09 22:00:00,2026,2,9,22,Sơn La,Xã Gia Phù,21.1792752,104.5565002,37,Good,0,11.2,90,0.0,0.7,14,941.1,16,26.5,26.7,777.0,13.3,56.0,8.5
2026-02-09 23:00:00,2026,2,9,23,Sơn La,Xã Gia Phù,21.1792752,104.5565002,35,Good,0,11.0,91,0.0,0.3,45,940.9,39,28.6,28.8,768.0,13.5,53.0,9.1
2026-02-10 00:00:00,2026,2,10,0,Sơn La,Xã Gia Phù,21.1792752,104.5565002,37,Good,0,10.5,93,0.0,0.8,45,940.7,53,31.4,31.7,747.0,12.7,52.0,9.3
2026-02-10 01:00:00,2026,2,10,1,Sơn La,Xã Gia Phù,21.1792752,104.5565002,41,Good,0,10.7,95,0.0,0.6,56,940.4,49,33.5,33.8,722.0,11.7,50.0,9.3
2026-02-10 02:00:00,2026,2,10,2,Sơn La,Xã Gia Phù,21.1792752,104.5565002,46,Good,0,10.1,98,0.0,1.7,72,940.2,100,34.8,35.0,685.0,10.6,48.0,9.2
2026-02-10 03:00:00,2026,2,10,3,Sơn La,Xã Gia Phù,21.1792752,104.5565002,50,Good,0,10.2,99,0.0,2.3,51,940.1,100,35.4,35.5,644.0,9.2,45.0,9.0
2026-02-10 04:00:00,2026,2,10,4,Sơn La,Xã Gia Phù,21.1792752,104.5565002,53,Moderate,1,10.6,99,0.0,1.9,41,940.3,100,35.0,35.2,628.0,8.1,44.0,8.8
2026-02-10 05:00:00,2026,2,10,5,Sơn La,Xã Gia Phù,21.1792752,104.5565002,56,Moderate,1,10.7,99,0.0,1.2,51,940.6,100,32.9,33.2,668.0,7.4,42.0,8.9
2026-02-10 06:00:00,2026,2,10,6,Sơn La,Xã Gia Phù,21.1792752,104.5565002,58,Moderate,1,10.6,100,0.0,0.0,270,941.1,100,33.9,34.1,733.0,6.9,42.0,9.1
2026-02-10 07:00:00,2026,2,10,7,Sơn La,Xã Gia Phù,21.1792752,104.5565002,61,Moderate,1,10.2,99,0.0,1.3,352,941.9,100,28.2,28.4,759.0,5.1,47.0,4.1
2026-02-10 08:00:00,2026,2,10,8,Sơn La,Xã Gia Phù,21.1792752,104.5565002,63,Moderate,1,11.0,98,0.0,2.7,266,942.7,100,25.4,25.6,706.0,4.2,56.0,3.2
2026-02-10 09:00:00,2026,2,10,9,Sơn La,Xã Gia Phù,21.1792752,104.5565002,65,Moderate,1,12.4,91,0.0,4.8,211,943.3,100,22.6,22.8,614.0,2.9,69.0,2.0
2026-02-10 10:00:00,2026,2,10,10,Sơn La,Xã Gia Phù,21.1792752,104.5565002,66,Moderate,1,14.0,85,0.0,4.8,191,943.4,100,20.7,20.8,542.0,1.9,80.0,1.1
2026-02-10 11:00:00,2026,2,10,11,Sơn La,Xã Gia Phù,21.1792752,104.5565002,68,Moderate,1,16.3,77,0.0,6.3,178,943.2,98,19.7,19.8,509.0,1.3,89.0,0.8
2026-02-10 12:00:00,2026,2,10,12,Sơn La,Xã Gia Phù,21.1792752,104.5565002,70,Moderate,1,18.6,69,0.0,6.3,165,942.4,7,18.5,18.6,496.0,1.0,96.0,0.9
2026-02-10 13:00:00,2026,2,10,13,Sơn La,Xã Gia Phù,21.1792752,104.5565002,71,Moderate,1,20.6,62,0.0,6.3,153,941.1,55,16.8,16.9,497.0,0.8,102.0,1.0
2026-02-10 14:00:00,2026,2,10,14,Sơn La,Xã Gia Phù,21.1792752,104.5565002,72,Moderate,1,21.6,60,0.0,7.8,127,940.2,20,15.1,15.3,518.0,0.7,105.0,1.0
2026-02-10 15:00:00,2026,2,10,15,Sơn La,Xã Gia Phù,21.1792752,104.5565002,73,Moderate,1,20.9,63,0.0,9.0,84,939.6,10,15.9,16.1,554.0,0.8,106.0,1.0
2026-02-10 16:00:00,2026,2,10,16,Sơn La,Xã Gia Phù,21.1792752,104.5565002,74,Moderate,1,19.7,67,0.0,9.8,64,939.8,9,18.3,18.5,586.0,1.3,105.0,1.4
2026-02-10 17:00:00,2026,2,10,17,Sơn La,Xã Gia Phù,21.1792752,104.5565002,75,Moderate,1,18.2,72,0.0,10.6,58,939.9,9,20.6,20.8,608.0,2.6,99.0,2.2
2026-02-10 18:00:00,2026,2,10,18,Sơn La,Xã Gia Phù,21.1792752,104.5565002,77,Moderate,1,15.8,82,0.0,7.8,48,940.1,27,24.4,24.6,625.0,4.5,91.0,3.2
2026-02-10 19:00:00,2026,2,10,19,Sơn La,Xã Gia Phù,21.1792752,104.5565002,78,Moderate,1,14.6,90,0.0,5.7,24,940.8,55,36.1,36.3,637.0,6.0,75.0,5.2
2026-02-10 20:00:00,2026,2,10,20,Sơn La,Xã Gia Phù,21.1792752,104.5565002,79,Moderate,1,14.3,91,0.0,7.8,32,942.0,92,42.1,42.4,642.0,6.5,73.0,7.1
2026-02-10 21:00:00,2026,2,10,21,Sơn La,Xã Gia Phù,21.1792752,104.5565002,81,Moderate,1,14.0,92,0.0,7.0,29,942.8,94,46.6,46.8,641.0,7.3,69.0,9.8
2026-02-10 22:00:00,2026,2,10,22,Sơn La,Xã Gia Phù,21.1792752,104.5565002,83,Moderate,1,13.8,93,0.0,6.0,25,943.1,100,50.2,50.4,636.0,7.7,67.0,12.2
2026-02-10 23:00:00,2026,2,10,23,Sơn La,Xã Gia Phù,21.1792752,104.5565002,85,Moderate,1,14.0,93,0.0,4.8,20,943.1,100,53.1,53.4,624.0,7.6,66.0,13.9
2026-02-11 00:00:00,2026,2,11,0,Sơn La,Xã Gia Phù,21.1792752,104.5565002,88,Moderate,1,13.6,96,0.0,3.8,17,943.2,100,54.7,55.1,609.0,7.3,67.0,15.3
2026-02-11 01:00:00,2026,2,11,1,Sơn La,Xã Gia Phù,21.1792752,104.5565002,90,Moderate,1,13.7,95,0.0,3.5,39,943.2,100,55.5,55.9,599.0,6.7,68.0,16.8
2026-02-11 02:00:00,2026,2,11,2,Sơn La,Xã Gia Phù,21.1792752,104.5565002,92,Moderate,1,13.7,95,0.0,4.5,34,942.9,100,55.6,56.2,597.0,5.9,70.0,18.5
2026-02-11 03:00:00,2026,2,11,3,Sơn La,Xã Gia Phù,21.1792752,104.5565002,93,Moderate,1,13.8,95,0.0,5.7,32,942.7,100,55.9,56.5,600.0,4.9,72.0,20.2
2026-02-11 04:00:00,2026,2,11,4,Sơn La,Xã Gia Phù,21.1792752,104.5565002,95,Moderate,1,14.3,92,0.0,5.9,47,943.1,100,55.9,56.3,612.0,4.1,74.0,21.9
2026-02-11 05:00:00,2026,2,11,5,Sơn La,Xã Gia Phù,21.1792752,104.5565002,97,Moderate,1,14.2,93,0.0,5.5,52,943.3,100,53.7,54.1,643.0,3.7,74.0,23.1
2026-02-11 06:00:00,2026,2,11,6,Sơn La,Xã Gia Phù,21.1792752,104.5565002,99,Moderate,1,14.4,92,0.0,5.2,46,944.1,100,46.2,46.7,683.0,3.5,74.0,24.3
2026-02-11 07:00:00,2026,2,11,7,Sơn La,Xã Gia Phù,21.1792752,104.5565002,100,Moderate,1,14.2,95,0.1,4.0,51,944.7,100,47.6,48.1,701.0,3.9,73.0,21.0
2026-02-11 08:00:00,2026,2,11,8,Sơn La,Xã Gia Phù,21.1792752,104.5565002,102,Unhealthy for Sensitive Groups,2,14.7,95,0.2,4.3,42,945.3,100,37.1,37.5,679.0,4.2,72.0,24.8
2026-02-11 09:00:00,2026,2,11,9,Sơn La,Xã Gia Phù,21.1792752,104.5565002,103,Unhealthy for Sensitive Groups,2,15.2,96,0.9,3.6,60,946.3,100,29.7,30.0,635.0,4.7,72.0,30.0
2026-02-11 10:00:00,2026,2,11,10,Sơn La,Xã Gia Phù,21.1792752,104.5565002,104,Unhealthy for Sensitive Groups,2,16.1,93,0.4,3.2,71,946.7,100,22.5,22.7,593.0,5.1,73.0,32.8
2026-02-11 11:00:00,2026,2,11,11,Sơn La,Xã Gia Phù,21.1792752,104.5565002,104,Unhealthy for Sensitive Groups,2,17.3,82,0.0,4.1,92,946.1,100,18.0,18.2,554.0,5.4,78.0,31.1
2026-02-11 12:00:00,2026,2,11,12,Sơn La,Xã Gia Phù,21.1792752,104.5565002,104,Unhealthy for Sensitive Groups,2,18.8,74,0.0,5.8,112,944.9,100,18.7,18.9,517.0,5.7,85.0,27.1
2026-02-11 13:00:00,2026,2,11,13,Sơn La,Xã Gia Phù,21.1792752,104.5565002,104,Unhealthy for Sensitive Groups,2,19.3,72,0.0,4.6,103,943.9,100,19.8,20.1,498.0,5.9,90.0,23.5
2026-02-11 14:00:00,2026,2,11,14,Sơn La,Xã Gia Phù,21.1792752,104.5565002,104,Unhealthy for Sensitive Groups,2,20.0,70,0.0,5.9,113,943.1,100,21.9,22.1,511.0,5.8,94.0,20.9
2026-02-11 15:00:00,2026,2,11,15,Sơn La,Xã Gia Phù,21.1792752,104.5565002,105,Unhealthy for Sensitive Groups,2,19.1,74,0.0,7.3,99,942.3,99,23.2,23.5,541.0,5.7,96.0,18.6
2026-02-11 16:00:00,2026,2,11,16,Sơn La,Xã Gia Phù,21.1792752,104.5565002,106,Unhealthy for Sensitive Groups,2,18.4,77,0.0,9.2,87,941.8,59,24.7,24.9,562.0,6.4,95.0,17.7
2026-02-11 17:00:00,2026,2,11,17,Sơn La,Xã Gia Phù,21.1792752,104.5565002,106,Unhealthy for Sensitive Groups,2,17.6,79,0.0,9.2,74,941.7,55,25.1,25.3,563.0,8.6,87.0,18.8
2026-02-11 18:00:00,2026,2,11,18,Sơn La,Xã Gia Phù,21.1792752,104.5565002,107,Unhealthy for Sensitive Groups,2,16.2,86,0.0,7.3,70,941.5,99,25.0,25.2,555.0,11.5,76.0,21.3
2026-02-11 19:00:00,2026,2,11,19,Sơn La,Xã Gia Phù,21.1792752,104.5565002,107,Unhealthy for Sensitive Groups,2,15.9,90,0.0,5.9,47,941.6,100,30.5,30.6,545.0,11.5,65.0,23.2
2026-02-11 20:00:00,2026,2,11,20,Sơn La,Xã Gia Phù,21.1792752,104.5565002,106,Unhealthy for Sensitive Groups,2,16.0,88,0.0,6.6,45,942.1,100,29.5,29.6,532.0,12.1,60.0,25.2
2026-02-11 21:00:00,2026,2,11,21,Sơn La,Xã Gia Phù,21.1792752,104.5565002,105,Unhealthy for Sensitive Groups,2,16.0,87,0.0,4.7,62,942.6,100,27.9,28.0,515.0,12.9,52.0,27.9
2026-02-11 22:00:00,2026,2,11,22,Sơn La,Xã Gia Phù,21.1792752,104.5565002,103,Unhealthy for Sensitive Groups,2,15.7,88,0.0,4.5,76,942.6,100,28.1,28.2,505.0,13.6,45.0,29.7
2026-02-11 23:00:00,2026,2,11,23,Sơn La,Xã Gia Phù,21.1792752,104.5565002,101,Unhealthy for Sensitive Groups,2,15.5,90,0.0,3.1,69,942.5,100,28.3,28.5,506.0,13.9,39.0,29.6
2026-02-12 00:00:00,2026,2,12,0,Sơn La,Xã Gia Phù,21.1792752,104.5565002,99,Moderate,1,15.4,91,0.0,2.2,76,942.3,100,27.9,28.0,513.0,14.1,34.0,28.5
2026-02-12 01:00:00,2026,2,12,1,Sơn La,Xã Gia Phù,21.1792752,104.5565002,96,Moderate,1,15.0,94,0.0,1.3,98,942.0,100,27.0,27.1,515.0,14.2,30.0,27.5
2026-02-12 02:00:00,2026,2,12,2,Sơn La,Xã Gia Phù,21.1792752,104.5565002,94,Moderate,1,14.9,95,0.0,2.4,81,941.5,100,25.4,25.4,502.0,14.2,27.0,27.0
2026-02-12 03:00:00,2026,2,12,3,Sơn La,Xã Gia Phù,21.1792752,104.5565002,91,Moderate,1,14.9,95,0.0,2.4,77,940.9,100,24.0,24.1,485.0,14.0,25.0,26.8
2026-02-12 04:00:00,2026,2,12,4,Sơn La,Xã Gia Phù,21.1792752,104.5565002,88,Moderate,1,14.8,97,0.6,1.6,90,940.8,100,22.5,22.5,480.0,14.1,24.0,26.7
2026-02-12 05:00:00,2026,2,12,5,Sơn La,Xã Gia Phù,21.1792752,104.5565002,85,Moderate,1,14.7,98,0.1,2.0,85,940.8,100,20.0,20.1,503.0,14.8,21.0,27.3
2026-02-12 06:00:00,2026,2,12,6,Sơn La,Xã Gia Phù,21.1792752,104.5565002,82,Moderate,1,14.7,98,0.0,1.3,82,941.3,100,18.0,18.1,540.0,15.6,19.0,28.2
2026-02-12 07:00:00,2026,2,12,7,Sơn La,Xã Gia Phù,21.1792752,104.5565002,80,Moderate,1,14.8,97,0.0,1.2,39,942.2,100,15.4,15.5,559.0,15.5,21.0,26.1
2026-02-12 08:00:00,2026,2,12,8,Sơn La,Xã Gia Phù,21.1792752,104.5565002,77,Moderate,1,15.0,97,0.2,1.3,74,942.8,100,14.0,14.1,546.0,14.6,26.0,26.7
2026-02-12 09:00:00,2026,2,12,9,Sơn La,Xã Gia Phù,21.1792752,104.5565002,75,Moderate,1,16.1,92,0.0,3.0,115,943.4,100,13.4,13.5,517.0,13.2,33.0,27.3
2026-02-12 10:00:00,2026,2,12,10,Sơn La,Xã Gia Phù,21.1792752,104.5565002,73,Moderate,1,16.6,92,0.5,3.5,111,943.8,100,11.7,11.9,488.0,11.4,45.0,25.8
2026-02-12 11:00:00,2026,2,12,11,Sơn La,Xã Gia Phù,21.1792752,104.5565002,72,Moderate,1,17.5,91,0.8,3.5,141,943.2,100,19.1,19.3,463.0,8.7,64.0,20.1
2026-02-12 12:00:00,2026,2,12,12,Sơn La,Xã Gia Phù,21.1792752,104.5565002,72,Moderate,1,17.7,91,1.2,2.8,140,942.1,100,26.4,26.9,438.0,5.5,88.0,12.2
2026-02-12 13:00:00,2026,2,12,13,Sơn La,Xã Gia Phù,21.1792752,104.5565002,73,Moderate,1,19.9,75,0.3,6.0,209,941.3,91,22.9,23.2,423.0,3.3,106.0,6.5
2026-02-12 14:00:00,2026,2,12,14,Sơn La,Xã Gia Phù,21.1792752,104.5565002,73,Moderate,1,21.5,68,0.0,6.9,200,940.5,25,24.0,24.3,417.0,2.4,116.0,4.8
2026-02-12 15:00:00,2026,2,12,15,Sơn La,Xã Gia Phù,21.1792752,104.5565002,74,Moderate,1,22.3,65,0.0,4.6,171,939.7,23,23.6,23.9,422.0,2.4,120.0,5.2
2026-02-12 16:00:00,2026,2,12,16,Sơn La,Xã Gia Phù,21.1792752,104.5565002,74,Moderate,1,21.9,67,0.0,7.0,90,939.2,27,23.5,23.7,449.0,3.4,118.0,6.0
2026-02-12 17:00:00,2026,2,12,17,Sơn La,Xã Gia Phù,21.1792752,104.5565002,74,Moderate,1,19.5,76,0.0,10.3,75,939.1,63,22.9,23.2,521.0,5.8,108.0,6.9
2026-02-12 18:00:00,2026,2,12,18,Sơn La,Xã Gia Phù,21.1792752,104.5565002,73,Moderate,1,17.4,84,0.0,6.9,60,939.3,77,22.8,22.9,617.0,9.3,93.0,8.4
2026-02-12 19:00:00,2026,2,12,19,Sơn La,Xã Gia Phù,21.1792752,104.5565002,73,Moderate,1,17.2,87,0.0,5.7,37,939.6,99,27.6,27.8,683.0,14.2,76.0,11.7
2026-02-12 20:00:00,2026,2,12,20,Sơn La,Xã Gia Phù,21.1792752,104.5565002,73,Moderate,1,17.1,86,0.0,5.9,47,940.3,100,27.6,27.8,696.0,15.9,68.0,14.5
2026-02-12 21:00:00,2026,2,12,21,Sơn La,Xã Gia Phù,21.1792752,104.5565002,73,Moderate,1,16.9,89,0.0,3.9,43,940.6,98,30.9,31.0,680.0,18.3,58.0,18.4
2026-02-12 22:00:00,2026,2,12,22,Sơn La,Xã Gia Phù,21.1792752,104.5565002,73,Moderate,1,16.7,91,0.0,2.5,21,940.4,95,33.1,33.3,657.0,19.6,49.0,20.9
2026-02-12 23:00:00,2026,2,12,23,Sơn La,Xã Gia Phù,21.1792752,104.5565002,73,Moderate,1,16.6,92,0.0,2.6,344,940.2,95,34.0,34.3,638.0,18.9,44.0,20.8
2026-02-13 00:00:00,2026,2,13,0,Sơn La,Xã Gia Phù,21.1792752,104.5565002,74,Moderate,1,16.6,92,0.0,1.1,342,939.6,48,34.1,34.6,612.0,17.1,42.0,19.4
2026-02-13 01:00:00,2026,2,13,1,Sơn La,Xã Gia Phù,21.1792752,104.5565002,74,Moderate,1,15.5,97,0.0,1.4,360,938.8,100,34.6,34.9,571.0,15.6,39.0,18.0
2026-02-13 02:00:00,2026,2,13,2,Sơn La,Xã Gia Phù,21.1792752,104.5565002,75,Moderate,1,15.6,97,0.0,2.5,360,938.6,100,35.6,36.1,491.0,14.8,35.0,16.8
2026-02-13 03:00:00,2026,2,13,3,Sơn La,Xã Gia Phù,21.1792752,104.5565002,76,Moderate,1,16.0,97,0.0,2.5,4,938.3,100,37.1,37.6,395.0,14.3,32.0,15.5
2026-02-13 04:00:00,2026,2,13,4,Sơn La,Xã Gia Phù,21.1792752,104.5565002,77,Moderate,1,16.0,97,0.0,2.5,30,938.6,100,37.7,38.3,343.0,13.9,30.0,14.8
2026-02-13 05:00:00,2026,2,13,5,Sơn La,Xã Gia Phù,21.1792752,104.5565002,79,Moderate,1,16.1,97,0.0,2.1,52,938.7,100,36.9,37.5,382.0,14.0,29.0,15.3
2026-02-13 06:00:00,2026,2,13,6,Sơn La,Xã Gia Phù,21.1792752,104.5565002,80,Moderate,1,16.1,97,0.0,2.6,39,939.4,100,36.2,36.8,464.0,14.4,29.0,16.4
2026-02-13 07:00:00,2026,2,13,7,Sơn La,Xã Gia Phù,21.1792752,104.5565002,82,Moderate,1,15.4,99,0.0,1.2,63,940.0,100,38.3,39.0,508.0,10.6,37.0,11.1
2026-02-13 08:00:00,2026,2,13,8,Sơn La,Xã Gia Phù,21.1792752,104.5565002,84,Moderate,1,16.0,97,0.0,3.4,360,940.8,100,31.4,32.0,467.0,9.6,45.0,11.0
2026-02-13 09:00:00,2026,2,13,9,Sơn La,Xã Gia Phù,21.1792752,104.5565002,85,Moderate,1,17.6,89,0.0,0.4,180,941.9,100,25.3,25.8,387.0,8.2,56.0,10.8
2026-02-13 10:00:00,2026,2,13,10,Sơn La,Xã Gia Phù,21.1792752,104.5565002,86,Moderate,1,18.4,86,0.0,3.3,174,942.6,100,25.3,25.7,324.0,6.7,69.0,10.0
2026-02-13 11:00:00,2026,2,13,11,Sơn La,Xã Gia Phù,21.1792752,104.5565002,87,Moderate,1,20.1,77,0.0,5.4,188,941.9,100,26.1,26.5,302.0,5.0,84.0,8.0
2026-02-13 12:00:00,2026,2,13,12,Sơn La,Xã Gia Phù,21.1792752,104.5565002,88,Moderate,1,21.3,72,0.0,4.7,198,940.6,99,26.5,27.0,298.0,3.3,100.0,5.3
2026-02-13 13:00:00,2026,2,13,13,Sơn La,Xã Gia Phù,21.1792752,104.5565002,88,Moderate,1,23.1,63,0.0,8.0,208,939.9,48,26.1,26.6,297.0,1.9,111.0,3.1
2026-02-13 14:00:00,2026,2,13,14,Sơn La,Xã Gia Phù,21.1792752,104.5565002,88,Moderate,1,24.1,61,0.2,8.4,189,938.9,34,26.1,26.6,292.0,1.0,116.0,1.8
2026-02-13 15:00:00,2026,2,13,15,Sơn La,Xã Gia Phù,21.1792752,104.5565002,89,Moderate,1,24.3,60,0.2,7.5,156,938.1,15,24.1,24.6,290.0,0.6,117.0,0.9
2026-02-13 16:00:00,2026,2,13,16,Sơn La,Xã Gia Phù,21.1792752,104.5565002,89,Moderate,1,23.6,62,0.0,10.0,107,937.8,11,22.8,23.2,306.0,0.9,114.0,0.6
2026-02-13 17:00:00,2026,2,13,17,Sơn La,Xã Gia Phù,21.1792752,104.5565002,89,Moderate,1,21.5,73,0.0,10.2,80,937.8,18,22.0,22.5,358.0,2.4,105.0,1.0
2026-02-13 18:00:00,2026,2,13,18,Sơn La,Xã Gia Phù,21.1792752,104.5565002,88,Moderate,1,19.3,84,0.0,5.3,66,937.9,22,22.6,23.1,427.0,4.5,92.0,1.9
2026-02-13 19:00:00,2026,2,13,19,Sơn La,Xã Gia Phù,21.1792752,104.5565002,88,Moderate,1,18.6,90,0.0,5.1,39,938.2,36,20.8,21.1,469.0,7.4,80.0,3.5
2026-02-13 20:00:00,2026,2,13,20,Sơn La,Xã Gia Phù,21.1792752,104.5565002,88,Moderate,1,18.3,91,0.0,4.7,32,939.1,61,21.5,22.0,455.0,8.1,76.0,4.4
2026-02-13 21:00:00,2026,2,13,21,Sơn La,Xã Gia Phù,21.1792752,104.5565002,87,Moderate,1,17.6,92,0.0,5.0,21,939.4,80,21.9,22.5,413.0,9.0,70.0,5.8
2026-02-13 22:00:00,2026,2,13,22,Sơn La,Xã Gia Phù,21.1792752,104.5565002,87,Moderate,1,17.6,92,0.0,5.0,19,940.0,100,25.1,25.7,382.0,9.8,65.0,7.1
2026-02-13 23:00:00,2026,2,13,23,Sơn La,Xã Gia Phù,21.1792752,104.5565002,86,Moderate,1,17.4,94,0.0,4.5,14,940.1,100,28.2,28.9,382.0,10.5,60.0,8.3
2026-02-14 00:00:00,2026,2,14,0,Sơn La,Xã Gia Phù,21.1792752,104.5565002,85,Moderate,1,17.3,94,0.0,2.9,11,940.1,100,31.4,32.1,393.0,11.0,56.0,9.5
2026-02-14 01:00:00,2026,2,14,1,Sơn La,Xã Gia Phù,21.1792752,104.5565002,85,Moderate,1,17.1,98,0.0,3.8,3,939.8,98,33.9,34.7,394.0,11.0,54.0,10.4
2026-02-14 02:00:00,2026,2,14,2,Sơn La,Xã Gia Phù,21.1792752,104.5565002,85,Moderate,1,16.6,98,0.0,3.6,354,939.2,99,36.4,37.3,367.0,9.9,55.0,10.9
2026-02-14 03:00:00,2026,2,14,3,Sơn La,Xã Gia Phù,21.1792752,104.5565002,85,Moderate,1,16.0,96,0.0,3.1,350,938.8,95,39.5,40.3,329.0,8.1,57.0,11.2
2026-02-14 04:00:00,2026,2,14,4,Sơn La,Xã Gia Phù,21.1792752,104.5565002,85,Moderate,1,16.2,94,0.0,2.4,351,938.7,87,36.8,37.8,314.0,6.9,58.0,11.4
2026-02-14 05:00:00,2026,2,14,5,Sơn La,Xã Gia Phù,21.1792752,104.5565002,85,Moderate,1,15.8,94,0.0,2.2,355,938.5,51,37.8,38.9,345.0,6.8,55.0,11.9
2026-02-14 06:00:00,2026,2,14,6,Sơn La,Xã Gia Phù,21.1792752,104.5565002,85,Moderate,1,15.7,92,0.0,2.2,5,939.0,100,38.1,39.1,397.0,7.1,50.0,12.4
2026-02-14 07:00:00,2026,2,14,7,Sơn La,Xã Gia Phù,21.1792752,104.5565002,85,Moderate,1,16.6,94,0.0,3.1,36,940.3,100,34.9,35.9,431.0,6.8,52.0,11.2
2026-02-14 08:00:00,2026,2,14,8,Sơn La,Xã Gia Phù,21.1792752,104.5565002,85,Moderate,1,17.6,92,0.0,3.6,53,941.0,100,32.6,33.4,429.0,5.7,60.0,9.5
2026-02-14 09:00:00,2026,2,14,9,Sơn La,Xã Gia Phù,21.1792752,104.5565002,85,Moderate,1,18.8,86,0.0,3.6,96,941.8,100,25.1,25.8,407.0,4.3,72.0,7.2
2026-02-14 10:00:00,2026,2,14,10,Sơn La,Xã Gia Phù,21.1792752,104.5565002,85,Moderate,1,19.6,83,0.0,3.9,103,941.9,100,22.7,23.3,379.0,3.0,83.0,5.2
2026-02-14 11:00:00,2026,2,14,11,Sơn La,Xã Gia Phù,21.1792752,104.5565002,85,Moderate,1,21.3,74,0.1,4.6,141,941.6,100,22.1,22.6,342.0,2.1,93.0,3.8
2026-02-14 12:00:00,2026,2,14,12,Sơn La,Xã Gia Phù,21.1792752,104.5565002,85,Moderate,1,22.5,68,0.0,5.5,148,940.6,88,20.4,20.9,297.0,1.5,103.0,2.8
2026-02-14 13:00:00,2026,2,14,13,Sơn La,Xã Gia Phù,21.1792752,104.5565002,84,Moderate,1,24.0,59,0.0,6.2,170,939.6,24,18.6,19.0,264.0,1.0,110.0,2.0
2026-02-14 14:00:00,2026,2,14,14,Sơn La,Xã Gia Phù,21.1792752,104.5565002,83,Moderate,1,24.7,56,0.0,6.8,145,938.6,25,16.5,16.9,247.0,0.6,114.0,1.6
2026-02-14 15:00:00,2026,2,14,15,Sơn La,Xã Gia Phù,21.1792752,104.5565002,83,Moderate,1,24.9,55,0.0,6.2,142,937.7,43,15.3,15.6,242.0,0.5,115.0,1.6
2026-02-14 16:00:00,2026,2,14,16,Sơn La,Xã Gia Phù,21.1792752,104.5565002,82,Moderate,1,24.8,54,0.0,7.3,120,937.4,88,14.8,15.2,252.0,0.9,113.0,1.6
2026-02-14 17:00:00,2026,2,14,17,Sơn La,Xã Gia Phù,21.1792752,104.5565002,81,Moderate,1,23.7,59,0.0,8.7,107,937.5,9,12.8,13.1,288.0,2.3,105.0,1.5
2026-02-14 18:00:00,2026,2,14,18,Sơn La,Xã Gia Phù,21.1792752,104.5565002,80,Moderate,1,21.0,71,0.0,6.7,81,937.5,22,13.8,14.1,340.0,4.4,93.0,1.6
2026-02-14 19:00:00,2026,2,14,19,Sơn La,Xã Gia Phù,21.1792752,104.5565002,80,Moderate,1,19.6,85,0.0,5.9,27,938.0,38,21.6,22.1,383.0,6.6,85.0,2.4
2026-02-14 20:00:00,2026,2,14,20,Sơn La,Xã Gia Phù,21.1792752,104.5565002,80,Moderate,1,19.2,88,0.0,6.5,23,938.5,66,23.2,23.7,407.0,6.9,82.0,2.9
2026-02-14 21:00:00,2026,2,14,21,Sơn La,Xã Gia Phù,21.1792752,104.5565002,80,Moderate,1,18.7,89,0.0,5.3,18,938.8,74,24.0,24.7,422.0,7.4,79.0,3.6
2026-02-14 22:00:00,2026,2,14,22,Sơn La,Xã Gia Phù,21.1792752,104.5565002,80,Moderate,1,17.4,93,0.0,4.0,5,938.6,77,25.9,26.7,430.0,8.1,75.0,4.3
2026-02-14 23:00:00,2026,2,14,23,Sơn La,Xã Gia Phù,21.1792752,104.5565002,80,Moderate,1,16.6,94,0.0,2.3,356,938.5,74,29.5,30.3,430.0,9.2,72.0,5.3
2026-02-15 00:00:00,2026,2,15,0,Sơn La,Xã Gia Phù,21.1792752,104.5565002,80,Moderate,1,16.4,93,0.0,1.5,353,938.3,68,32.2,33.1,422.0,10.6,70.0,6.3
2026-02-15 01:00:00,2026,2,15,1,Sơn La,Xã Gia Phù,21.1792752,104.5565002,80,Moderate,1,17.5,89,0.0,0.4,360,938.5,30,34.2,35.2,412.0,11.5,67.0,6.6
2026-02-15 02:00:00,2026,2,15,2,Sơn La,Xã Gia Phù,21.1792752,104.5565002,80,Moderate,1,17.3,91,0.0,1.1,9,938.1,51,42.6,43.5,396.0,11.8,64.0,5.4
2026-02-15 03:00:00,2026,2,15,3,Sơn La,Xã Gia Phù,21.1792752,104.5565002,81,Moderate,1,17.0,90,0.0,0.7,14,937.7,100,47.5,48.4,377.0,11.7,60.0,3.4
2026-02-15 04:00:00,2026,2,15,4,Sơn La,Xã Gia Phù,21.1792752,104.5565002,81,Moderate,1,16.6,91,0.0,0.0,270,937.4,100,51.0,52.0,369.0,11.1,58.0,2.0
2026-02-15 05:00:00,2026,2,15,5,Sơn La,Xã Gia Phù,21.1792752,104.5565002,83,Moderate,1,16.2,93,0.0,0.4,27,937.6,100,48.3,49.4,385.0,9.9,56.0,1.8
2026-02-15 06:00:00,2026,2,15,6,Sơn La,Xã Gia Phù,21.1792752,104.5565002,84,Moderate,1,16.3,93,0.0,0.4,360,938.2,99,47.5,48.7,412.0,8.3,55.0,2.2
2026-02-15 07:00:00,2026,2,15,7,Sơn La,Xã Gia Phù,21.1792752,104.5565002,84,Moderate,1,15.4,97,0.0,1.5,240,938.9,70,34.7,35.5,421.0,6.1,70.0,4.3
2026-02-15 08:00:00,2026,2,15,8,Sơn La,Xã Gia Phù,21.1792752,104.5565002,84,Moderate,1,16.6,96,0.0,1.8,180,939.9,100,30.9,31.8,392.0,4.8,79.0,3.5
2026-02-15 09:00:00,2026,2,15,9,Sơn La,Xã Gia Phù,21.1792752,104.5565002,84,Moderate,1,18.7,85,0.0,2.7,208,940.8,44,26.0,26.8,345.0,3.1,93.0,2.4
2026-02-15 10:00:00,2026,2,15,10,Sơn La,Xã Gia Phù,21.1792752,104.5565002,84,Moderate,1,21.1,75,0.0,4.0,183,941.2,4,21.1,21.8,307.0,1.7,104.0,1.5
2026-02-15 11:00:00,2026,2,15,11,Sơn La,Xã Gia Phù,21.1792752,104.5565002,84,Moderate,1,23.2,67,0.0,5.7,171,940.9,2,19.1,19.8,290.0,1.1,112.0,1.2
2026-02-15 12:00:00,2026,2,15,12,Sơn La,Xã Gia Phù,21.1792752,104.5565002,84,Moderate,1,25.0,60,0.0,6.7,177,939.7,22,15.9,16.4,283.0,0.8,119.0,1.2
2026-02-15 13:00:00,2026,2,15,13,Sơn La,Xã Gia Phù,21.1792752,104.5565002,84,Moderate,1,26.6,51,0.0,10.2,210,938.7,67,12.3,12.7,278.0,0.7,123.0,1.2
2026-02-15 14:00:00,2026,2,15,14,Sơn La,Xã Gia Phù,21.1792752,104.5565002,83,Moderate,1,27.9,43,0.0,10.7,211,937.5,65,11.2,11.5,268.0,0.4,125.0,1.1
2026-02-15 15:00:00,2026,2,15,15,Sơn La,Xã Gia Phù,21.1792752,104.5565002,83,Moderate,1,28.5,40,0.0,10.8,217,936.7,66,10.3,10.6,260.0,0.2,124.0,1.1
2026-02-15 16:00:00,2026,2,15,16,Sơn La,Xã Gia Phù,21.1792752,104.5565002,82,Moderate,1,28.3,38,0.0,7.5,190,936.4,95,9.7,9.9,270.0,0.9,121.0,1.3
2026-02-15 17:00:00,2026,2,15,17,Sơn La,Xã Gia Phù,21.1792752,104.5565002,82,Moderate,1,25.5,51,0.0,10.6,125,936.4,61,9.5,9.7,315.0,3.3,113.0,1.8
2026-02-15 18:00:00,2026,2,15,18,Sơn La,Xã Gia Phù,21.1792752,104.5565002,81,Moderate,1,21.2,78,0.0,7.3,50,936.5,81,12.6,12.8,378.0,6.5,103.0,2.6
2026-02-15 19:00:00,2026,2,15,19,Sơn La,Xã Gia Phù,21.1792752,104.5565002,81,Moderate,1,20.2,83,0.0,9.0,6,937.2,91,15.9,16.2,425.0,11.5,90.0,3.7
2026-02-15 20:00:00,2026,2,15,20,Sơn La,Xã Gia Phù,21.1792752,104.5565002,81,Moderate,1,19.7,85,0.0,6.7,16,937.7,93,18.6,18.9,439.0,10.8,86.0,4.7
2026-02-15 21:00:00,2026,2,15,21,Sơn La,Xã Gia Phù,21.1792752,104.5565002,80,Moderate,1,19.1,89,0.0,5.4,15,938.0,84,20.6,21.0,437.0,9.8,81.0,6.2
2026-02-15 22:00:00,2026,2,15,22,Sơn La,Xã Gia Phù,21.1792752,104.5565002,80,Moderate,1,18.2,93,0.0,3.3,13,938.0,55,22.2,22.8,433.0,9.3,77.0,7.7
2026-02-15 23:00:00,2026,2,15,23,Sơn La,Xã Gia Phù,21.1792752,104.5565002,80,Moderate,1,17.6,92,0.0,3.4,3,937.9,17,25.4,26.0,432.0,9.9,75.0,9.2
2026-02-16 00:00:00,2026,2,16,0,Sơn La,Xã Gia Phù,21.1792752,104.5565002,79,Moderate,1,17.7,88,0.0,2.2,360,937.7,3,29.0,29.6,430.0,11.0,74.0,10.7
2026-02-16 01:00:00,2026,2,16,1,Sơn La,Xã Gia Phù,21.1792752,104.5565002,79,Moderate,1,17.7,89,0.0,0.5,360,937.7,0,32.4,33.1,427.0,11.3,72.0,11.4
2026-02-16 02:00:00,2026,2,16,2,Sơn La,Xã Gia Phù,21.1792752,104.5565002,79,Moderate,1,17.3,90,0.0,1.3,45,937.4,14,40.6,41.3,420.0,10.2,68.0,10.4
2026-02-16 03:00:00,2026,2,16,3,Sơn La,Xã Gia Phù,21.1792752,104.5565002,79,Moderate,1,16.6,93,0.0,2.4,54,937.2,75,41.7,42.4,411.0,8.4,63.0,8.5
2026-02-16 04:00:00,2026,2,16,4,Sơn La,Xã Gia Phù,21.1792752,104.5565002,78,Moderate,1,16.0,95,0.0,2.8,55,937.4,100,41.9,42.5,413.0,6.9,59.0,7.5
2026-02-16 05:00:00,2026,2,16,5,Sơn La,Xã Gia Phù,21.1792752,104.5565002,77,Moderate,1,16.0,95,0.0,3.0,57,937.7,100,41.4,42.1,439.0,6.3,58.0,8.5
2026-02-16 06:00:00,2026,2,16,6,Sơn La,Xã Gia Phù,21.1792752,104.5565002,77,Moderate,1,16.0,96,0.0,3.1,59,938.3,100,40.7,41.4,476.0,6.1,58.0,10.5
2026-02-16 07:00:00,2026,2,16,7,Sơn La,Xã Gia Phù,21.1792752,104.5565002,76,Moderate,1,16.3,92,0.0,1.9,61,939.4,100,36.7,37.3,491.0,5.3,65.0,11.3
2026-02-16 08:00:00,2026,2,16,8,Sơn La,Xã Gia Phù,21.1792752,104.5565002,76,Moderate,1,17.2,95,0.0,4.0,72,940.4,100,30.3,30.9,465.0,4.8,72.0,11.1
2026-02-16 09:00:00,2026,2,16,9,Sơn La,Xã Gia Phù,21.1792752,104.5565002,76,Moderate,1,18.5,90,0.0,4.5,106,941.2,100,28.9,29.6,416.0,4.0,82.0,10.8
2026-02-16 10:00:00,2026,2,16,10,Sơn La,Xã Gia Phù,21.1792752,104.5565002,77,Moderate,1,20.0,82,0.0,5.6,121,941.5,100,28.0,28.6,374.0,3.2,92.0,10.1
2026-02-16 11:00:00,2026,2,16,11,Sơn La,Xã Gia Phù,21.1792752,104.5565002,77,Moderate,1,22.1,72,0.0,6.5,124,941.3,36,26.9,27.5,345.0,2.5,103.0,8.6
2026-02-16 12:00:00,2026,2,16,12,Sơn La,Xã Gia Phù,21.1792752,104.5565002,78,Moderate,1,23.5,64,0.0,7.5,117,940.4,97,25.1,25.7,321.0,1.7,113.0,6.7
2026-02-16 13:00:00,2026,2,16,13,Sơn La,Xã Gia Phù,21.1792752,104.5565002,79,Moderate,1,24.8,60,0.0,5.9,113,939.4,50,21.5,21.9,309.0,1.2,121.0,5.0
2026-02-16 14:00:00,2026,2,16,14,Sơn La,Xã Gia Phù,21.1792752,104.5565002,80,Moderate,1,25.7,56,0.0,6.7,121,938.3,90,16.3,16.6,311.0,0.8,124.0,3.8
2026-02-16 15:00:00,2026,2,16,15,Sơn La,Xã Gia Phù,21.1792752,104.5565002,80,Moderate,1,26.1,54,0.0,8.5,111,937.6,56,13.4,13.6,324.0,0.6,124.0,3.0
2026-02-16 16:00:00,2026,2,16,16,Sơn La,Xã Gia Phù,21.1792752,104.5565002,80,Moderate,1,25.5,58,0.0,11.4,93,937.5,73,12.7,13.0,347.0,1.0,121.0,2.5
2026-02-16 17:00:00,2026,2,16,17,Sơn La,Xã Gia Phù,21.1792752,104.5565002,81,Moderate,1,23.5,67,0.0,12.5,83,937.6,66,13.2,13.4,389.0,2.6,113.0,2.5
2026-02-16 18:00:00,2026,2,16,18,Sơn La,Xã Gia Phù,21.1792752,104.5565002,81,Moderate,1,21.0,78,0.0,8.2,49,937.6,14,15.7,15.9,441.0,4.8,102.0,3.0
2026-02-16 19:00:00,2026,2,16,19,Sơn La,Xã Gia Phù,21.1792752,104.5565002,81,Moderate,1,19.9,84,0.0,7.6,18,937.7,66,19.6,19.8,470.0,8.0,95.0,3.9
2026-02-16 20:00:00,2026,2,16,20,Sơn La,Xã Gia Phù,21.1792752,104.5565002,81,Moderate,1,19.2,85,0.0,7.5,15,938.4,39,24.3,24.7,456.0,8.2,91.0,5.1
2026-02-16 21:00:00,2026,2,16,21,Sơn La,Xã Gia Phù,21.1792752,104.5565002,82,Moderate,1,18.6,86,0.0,6.2,12,938.7,50,27.9,28.4,420.0,8.6,84.0,6.8
2026-02-16 22:00:00,2026,2,16,22,Sơn La,Xã Gia Phù,21.1792752,104.5565002,83,Moderate,1,17.8,89,0.0,4.6,13,938.6,45,30.6,31.1,390.0,9.1,79.0,8.5
2026-02-16 23:00:00,2026,2,16,23,Sơn La,Xã Gia Phù,21.1792752,104.5565002,83,Moderate,1,17.2,90,0.0,3.5,9,938.7,38,33.6,34.3,377.0,9.9,76.0,10.1
2026-02-17 00:00:00,2026,2,17,0,Sơn La,Xã Gia Phù,21.1792752,104.5565002,84,Moderate,1,16.9,90,0.0,3.7,14,938.9,30,38.8,39.3,371.0,10.8,74.0,11.6
2026-02-17 01:00:00,2026,2,17,1,Sơn La,Xã Gia Phù,21.1792752,104.5565002,85,Moderate,1,17.1,91,0.0,3.4,16,938.8,20,43.2,43.9,366.0,11.2,71.0,12.4
2026-02-17 02:00:00,2026,2,17,2,Sơn La,Xã Gia Phù,21.1792752,104.5565002,86,Moderate,1,16.9,91,0.0,3.6,18,938.3,50,46.8,47.5,356.0,10.5,65.0,11.4
2026-02-17 03:00:00,2026,2,17,3,Sơn La,Xã Gia Phù,21.1792752,104.5565002,86,Moderate,1,16.3,91,0.0,4.0,39,938.1,66,49.1,49.8,347.0,9.2,57.0,9.7
2026-02-17 04:00:00,2026,2,17,4,Sơn La,Xã Gia Phù,21.1792752,104.5565002,87,Moderate,1,16.2,93,0.0,4.8,59,938.4,72,48.9,49.5,356.0,8.3,52.0,9.5
2026-02-17 05:00:00,2026,2,17,5,Sơn La,Xã Gia Phù,21.1792752,104.5565002,88,Moderate,1,16.1,96,0.0,5.2,61,938.8,80,48.1,48.5,410.0,8.1,50.0,12.2
2026-02-17 06:00:00,2026,2,17,6,Sơn La,Xã Gia Phù,21.1792752,104.5565002,88,Moderate,1,16.7,97,0.0,6.4,65,939.9,100,48.3,48.8,481.0,8.2,51.0,16.4
2026-02-17 07:00:00,2026,2,17,7,Sơn La,Xã Gia Phù,21.1792752,104.5565002,89,Moderate,1,16.9,97,0.0,8.2,61,941.3,100,43.0,43.5,504.0,6.8,59.0,17.4
2026-02-17 08:00:00,2026,2,17,8,Sơn La,Xã Gia Phù,21.1792752,104.5565002,90,Moderate,1,17.6,91,0.0,9.0,64,942.3,84,31.5,32.2,429.0,7.9,59.0,20.7
2026-02-17 09:00:00,2026,2,17,9,Sơn La,Xã Gia Phù,21.1792752,104.5565002,90,Moderate,1,19.5,78,0.0,8.9,76,943.5,61,25.0,25.7,305.0,9.4,58.0,25.0
2026-02-17 10:00:00,2026,2,17,10,Sơn La,Xã Gia Phù,21.1792752,104.5565002,89,Moderate,1,21.4,68,0.0,9.5,90,944.3,69,22.4,23.1,214.0,9.8,60.0,26.5
2026-02-17 11:00:00,2026,2,17,11,Sơn La,Xã Gia Phù,21.1792752,104.5565002,89,Moderate,1,22.9,61,0.0,10.1,101,944.0,50,28.7,29.8,192.0,8.0,66.0,22.2
2026-02-17 12:00:00,2026,2,17,12,Sơn La,Xã Gia Phù,21.1792752,104.5565002,89,Moderate,1,23.3,59,0.0,10.6,120,943.1,66,19.6,20.4,203.0,5.2,74.0,15.0
2026-02-17 13:00:00,2026,2,17,13,Sơn La,Xã Gia Phù,21.1792752,104.5565002,88,Moderate,1,24.2,54,0.1,10.1,107,942.2,22,16.3,16.9,219.0,3.4,81.0,10.0
2026-02-17 14:00:00,2026,2,17,14,Sơn La,Xã Gia Phù,21.1792752,104.5565002,88,Moderate,1,23.5,59,0.1,13.0,96,941.0,55,13.2,13.6,227.0,3.5,85.0,9.6
2026-02-17 15:00:00,2026,2,17,15,Sơn La,Xã Gia Phù,21.1792752,104.5565002,88,Moderate,1,23.3,63,0.2,13.4,85,940.4,31,11.6,11.9,239.0,4.6,87.0,11.4
2026-02-17 16:00:00,2026,2,17,16,Sơn La,Xã Gia Phù,21.1792752,104.5565002,88,Moderate,1,23.0,64,0.0,13.3,81,940.4,46,11.3,11.5,267.0,6.2,86.0,13.6
2026-02-17 17:00:00,2026,2,17,17,Sơn La,Xã Gia Phù,21.1792752,104.5565002,87,Moderate,1,21.7,70,0.0,12.8,68,940.5,49,12.9,13.0,324.0,8.7,80.0,16.0
2026-02-17 18:00:00,2026,2,17,18,Sơn La,Xã Gia Phù,21.1792752,104.5565002,87,Moderate,1,19.8,80,0.0,10.0,54,941.0,79,15.0,15.1,397.0,11.6,72.0,18.9
2026-02-17 19:00:00,2026,2,17,19,Sơn La,Xã Gia Phù,21.1792752,104.5565002,87,Moderate,1,18.9,89,0.1,6.0,53,941.1,51,30.7,31.1,457.0,10.3,83.0,15.3
2026-02-17 20:00:00,2026,2,17,20,Sơn La,Xã Gia Phù,21.1792752,104.5565002,88,Moderate,1,19.1,88,0.0,8.6,61,941.9,82,35.9,36.2,495.0,10.4,81.0,17.0
2026-02-17 21:00:00,2026,2,17,21,Sơn La,Xã Gia Phù,21.1792752,104.5565002,89,Moderate,1,18.7,89,0.0,8.9,58,942.5,100,38.4,38.8,519.0,10.5,78.0,19.4
2026-02-17 22:00:00,2026,2,17,22,Sơn La,Xã Gia Phù,21.1792752,104.5565002,90,Moderate,1,18.4,90,0.0,8.0,62,942.9,100,40.5,40.9,531.0,10.7,74.0,21.5
2026-02-17 23:00:00,2026,2,17,23,Sơn La,Xã Gia Phù,21.1792752,104.5565002,91,Moderate,1,18.1,92,0.1,7.7,62,943.0,100,37.7,38.0,527.0,11.0,68.0,23.0
2026-02-18 00:00:00,2026,2,18,0,Sơn La,Xã Gia Phù,21.1792752,104.5565002,92,Moderate,1,17.8,94,0.1,8.0,65,942.9,100,32.9,33.1,510.0,11.5,62.0,24.1
2026-02-18 01:00:00,2026,2,18,1,Sơn La,Xã Gia Phù,21.1792752,104.5565002,91,Moderate,1,17.1,96,0.0,7.1,43,942.5,76,30.2,30.3,490.0,12.0,55.0,25.0
2026-02-18 02:00:00,2026,2,18,2,Sơn La,Xã Gia Phù,21.1792752,104.5565002,90,Moderate,1,17.3,97,0.2,8.3,57,942.4,99,32.4,32.6,465.0,12.6,48.0,25.5
2026-02-18 03:00:00,2026,2,18,3,Sơn La,Xã Gia Phù,21.1792752,104.5565002,89,Moderate,1,17.0,98,0.3,7.3,59,942.4,100,32.9,33.2,438.0,13.2,42.0,25.6
2026-02-18 04:00:00,2026,2,18,4,Sơn La,Xã Gia Phù,21.1792752,104.5565002,87,Moderate,1,16.9,98,0.7,7.1,66,942.5,100,35.0,35.3,427.0,13.8,36.0,25.7
2026-02-18 05:00:00,2026,2,18,5,Sơn La,Xã Gia Phù,21.1792752,104.5565002,86,Moderate,1,16.7,98,0.4,5.7,62,942.6,100,36.7,36.9,449.0,14.6,30.0,26.2
2026-02-18 06:00:00,2026,2,18,6,Sơn La,Xã Gia Phù,21.1792752,104.5565002,85,Moderate,1,16.7,95,0.1,6.8,61,943.3,100,36.7,37.0,486.0,15.4,26.0,26.6
2026-02-18 07:00:00,2026,2,18,7,Sơn La,Xã Gia Phù,21.1792752,104.5565002,84,Moderate,1,16.4,94,0.0,8.1,55,944.3,100,29.5,29.8,507.0,16.4,27.0,25.6
2026-02-18 08:00:00,2026,2,18,8,Sơn La,Xã Gia Phù,21.1792752,104.5565002,83,Moderate,1,16.3,89,0.0,9.0,53,945.0,100,29.6,29.9,493.0,15.4,31.0,25.2
2026-02-18 09:00:00,2026,2,18,9,Sơn La,Xã Gia Phù,21.1792752,104.5565002,83,Moderate,1,16.9,83,0.0,8.9,50,946.0,99,23.3,23.5,463.0,14.1,37.0,24.5
2026-02-18 10:00:00,2026,2,18,10,Sơn La,Xã Gia Phù,21.1792752,104.5565002,82,Moderate,1,17.9,78,0.0,9.7,71,946.5,100,19.6,19.7,437.0,12.5,44.0,22.9
2026-02-18 11:00:00,2026,2,18,11,Sơn La,Xã Gia Phù,21.1792752,104.5565002,82,Moderate,1,18.6,74,0.0,9.4,77,946.2,100,17.4,17.6,423.0,10.6,54.0,19.7
2026-02-18 12:00:00,2026,2,18,12,Sơn La,Xã Gia Phù,21.1792752,104.5565002,81,Moderate,1,19.0,73,0.0,10.0,75,945.3,100,17.2,17.3,413.0,8.6,65.0,15.6
2026-02-18 13:00:00,2026,2,18,13,Sơn La,Xã Gia Phù,21.1792752,104.5565002,81,Moderate,1,19.7,69,0.0,9.2,87,944.7,79,17.3,17.5,408.0,7.0,74.0,12.1
2026-02-18 14:00:00,2026,2,18,14,Sơn La,Xã Gia Phù,21.1792752,104.5565002,81,Moderate,1,20.5,66,0.0,12.4,89,943.8,66,15.8,16.1,408.0,5.9,79.0,9.3
2026-02-18 15:00:00,2026,2,18,15,Sơn La,Xã Gia Phù,21.1792752,104.5565002,81,Moderate,1,20.3,66,0.0,13.0,87,942.8,49,15.7,15.9,412.0,5.3,82.0,7.2
2026-02-18 16:00:00,2026,2,18,16,Sơn La,Xã Gia Phù,21.1792752,104.5565002,82,Moderate,1,19.8,69,0.0,13.9,84,942.6,77,15.9,16.1,421.0,5.6,82.0,6.4
2026-02-18 17:00:00,2026,2,18,17,Sơn La,Xã Gia Phù,21.1792752,104.5565002,82,Moderate,1,18.2,74,0.0,12.9,75,942.5,100,16.6,16.9,435.0,7.4,77.0,7.9
2026-02-18 18:00:00,2026,2,18,18,Sơn La,Xã Gia Phù,21.1792752,104.5565002,82,Moderate,1,16.8,80,0.0,11.0,66,942.8,100,19.6,19.7,453.0,10.0,69.0,10.8
2026-02-18 19:00:00,2026,2,18,19,Sơn La,Xã Gia Phù,21.1792752,104.5565002,83,Moderate,1,16.1,81,0.0,8.8,59,943.1,100,25.1,25.3,471.0,15.4,59.0,18.8
2026-02-18 20:00:00,2026,2,18,20,Sơn La,Xã Gia Phù,21.1792752,104.5565002,82,Moderate,1,15.9,82,0.0,8.5,61,943.6,100,24.0,24.1,489.0,16.2,54.0,20.5
2026-02-18 21:00:00,2026,2,18,21,Sơn La,Xã Gia Phù,21.1792752,104.5565002,81,Moderate,1,15.7,83,0.0,7.1,56,944.0,100,26.1,26.1,506.0,17.2,47.0,22.9
2026-02-18 22:00:00,2026,2,18,22,Sơn La,Xã Gia Phù,21.1792752,104.5565002,80,Moderate,1,16.0,82,0.0,5.6,75,944.2,100,26.8,26.9,514.0,17.6,42.0,24.5
2026-02-18 23:00:00,2026,2,18,23,Sơn La,Xã Gia Phù,21.1792752,104.5565002,79,Moderate,1,15.8,83,0.0,6.0,80,944.4,100,21.2,21.2,505.0,16.8,40.0,24.7
2026-02-19 00:00:00,2026,2,19,0,Sơn La,Xã Gia Phù,21.1792752,104.5565002,77,Moderate,1,15.5,86,0.0,6.1,71,944.3,100,17.2,17.2,487.0,15.4,40.0,24.2
2026-02-19 01:00:00,2026,2,19,1,Sơn La,Xã Gia Phù,21.1792752,104.5565002,76,Moderate,1,15.7,88,0.0,5.4,75,944.2,100,13.5,13.6,472.0,13.9,41.0,23.1
2026-02-19 02:00:00,2026,2,19,2,Sơn La,Xã Gia Phù,21.1792752,104.5565002,75,Moderate,1,15.6,89,0.0,6.4,65,944.1,100,10.7,10.7,464.0,12.2,42.0,21.4
2026-02-19 03:00:00,2026,2,19,3,Sơn La,Xã Gia Phù,21.1792752,104.5565002,73,Moderate,1,15.5,89,0.0,6.5,67,943.8,100,9.5,9.5,459.0,10.4,45.0,19.1
2026-02-19 04:00:00,2026,2,19,4,Sơn La,Xã Gia Phù,21.1792752,104.5565002,71,Moderate,1,15.3,90,0.0,5.9,72,943.7,100,8.8,8.8,465.0,9.1,47.0,17.3
2026-02-19 05:00:00,2026,2,19,5,Sơn La,Xã Gia Phù,21.1792752,104.5565002,68,Moderate,1,15.2,90,0.0,6.1,66,943.9,100,8.1,8.2,493.0,8.7,49.0,16.3
2026-02-19 06:00:00,2026,2,19,6,Sơn La,Xã Gia Phù,21.1792752,104.5565002,66,Moderate,1,15.1,90,0.0,6.4,63,944.5,100,8.9,9.0,532.0,8.7,50.0,15.7
2026-02-19 07:00:00,2026,2,19,7,Sơn La,Xã Gia Phù,21.1792752,104.5565002,63,Moderate,1,15.4,93,0.0,5.8,70,945.4,100,12.7,12.8,551.0,14.0,42.0,20.9
2026-02-19 08:00:00,2026,2,19,8,Sơn La,Xã Gia Phù,21.1792752,104.5565002,62,Moderate,1,15.7,90,0.0,7.3,70,946.0,100,11.1,11.2,533.0,13.0,49.0,19.7
2026-02-19 09:00:00,2026,2,19,9,Sơn La,Xã Gia Phù,21.1792752,104.5565002,60,Moderate,1,16.2,85,0.0,8.3,72,946.8,100,10.7,10.7,495.0,11.6,58.0,17.9
2026-02-19 10:00:00,2026,2,19,10,Sơn La,Xã Gia Phù,21.1792752,104.5565002,59,Moderate,1,17.0,79,0.0,9.5,75,947.3,100,10.2,10.2,462.0,10.1,68.0,15.7
2026-02-19 11:00:00,2026,2,19,11,Sơn La,Xã Gia Phù,21.1792752,104.5565002,58,Moderate,1,18.2,74,0.0,9.9,80,947.0,100,10.8,10.8,442.0,8.3,78.0,12.8
2026-02-19 12:00:00,2026,2,19,12,Sơn La,Xã Gia Phù,21.1792752,104.5565002,58,Moderate,1,19.5,69,0.0,10.5,96,946.2,100,12.3,12.4,427.0,6.3,89.0,9.5
2026-02-19 13:00:00,2026,2,19,13,Sơn La,Xã Gia Phù,21.1792752,104.5565002,57,Moderate,1,19.4,68,0.0,8.6,100,945.5,100,14.0,14.1,420.0,4.9,97.0,7.0
2026-02-19 14:00:00,2026,2,19,14,Sơn La,Xã Gia Phù,21.1792752,104.5565002,57,Moderate,1,19.9,66,0.0,10.8,101,944.8,100,16.1,16.2,423.0,4.3,101.0,5.7
2026-02-19 15:00:00,2026,2,19,15,Sơn La,Xã Gia Phù,21.1792752,104.5565002,57,Moderate,1,19.5,68,0.0,12.6,95,944.4,100,17.2,17.3,433.0,4.3,101.0,5.1
2026-02-19 16:00:00,2026,2,19,16,Sơn La,Xã Gia Phù,21.1792752,104.5565002,57,Moderate,1,18.5,72,0.0,12.8,79,943.9,100,18.7,18.8,447.0,4.8,100.0,5.1
2026-02-19 17:00:00,2026,2,19,17,Sơn La,Xã Gia Phù,21.1792752,104.5565002,57,Moderate,1,17.6,76,0.0,12.0,71,943.8,100,20.8,21.0,465.0,5.9,96.0,5.8
2026-02-19 18:00:00,2026,2,19,18,Sơn La,Xã Gia Phù,21.1792752,104.5565002,58,Moderate,1,16.5,81,0.0,10.4,58,944.1,100,23.9,24.0,487.0,7.5,90.0,7.2
2026-02-19 19:00:00,2026,2,19,19,Sơn La,Xã Gia Phù,21.1792752,104.5565002,58,Moderate,1,15.8,85,0.0,10.3,47,944.1,100,32.0,32.2,504.0,9.0,81.0,9.9
2026-02-19 20:00:00,2026,2,19,20,Sơn La,Xã Gia Phù,21.1792752,104.5565002,59,Moderate,1,15.9,84,0.0,9.5,51,945.0,100,33.1,33.2,514.0,9.4,78.0,11.9
2026-02-19 21:00:00,2026,2,19,21,Sơn La,Xã Gia Phù,21.1792752,104.5565002,59,Moderate,1,15.9,85,0.0,9.8,55,945.5,100,31.8,32.0,520.0,9.8,74.0,14.7
2026-02-19 22:00:00,2026,2,19,22,Sơn La,Xã Gia Phù,21.1792752,104.5565002,60,Moderate,1,15.7,86,0.0,7.6,62,945.9,100,30.7,31.0,518.0,9.9,70.0,16.9
2026-02-19 23:00:00,2026,2,19,23,Sơn La,Xã Gia Phù,21.1792752,104.5565002,60,Moderate,1,15.7,86,0.0,7.8,53,945.9,100,28.9,29.1,504.0,9.3,68.0,17.8
2026-02-20 00:00:00,2026,2,20,0,Sơn La,Xã Gia Phù,21.1792752,104.5565002,61,Moderate,1,15.7,87,0.0,6.8,61,946.0,100,26.2,26.4,483.0,8.3,67.0,18.2
2026-02-20 01:00:00,2026,2,20,1,Sơn La,Xã Gia Phù,21.1792752,104.5565002,62,Moderate,1,15.2,90,0.0,6.5,76,946.3,100,24.6,24.7,469.0,7.5,66.0,18.4
2026-02-20 02:00:00,2026,2,20,2,Sơn La,Xã Gia Phù,21.1792752,104.5565002,63,Moderate,1,15.1,89,0.0,7.4,72,945.9,100,23.7,23.9,468.0,6.9,65.0,18.7
2026-02-20 03:00:00,2026,2,20,3,Sơn La,Xã Gia Phù,21.1792752,104.5565002,64,Moderate,1,14.8,90,0.0,7.3,65,945.4,100,21.2,21.4,473.0,6.3,63.0,18.8
2026-02-20 04:00:00,2026,2,20,4,Sơn La,Xã Gia Phù,21.1792752,104.5565002,65,Moderate,1,14.8,89,0.0,6.6,61,945.0,100,19.5,19.7,485.0,6.1,61.0,19.2
2026-02-20 05:00:00,2026,2,20,5,Sơn La,Xã Gia Phù,21.1792752,104.5565002,66,Moderate,1,14.8,88,0.0,6.5,67,945.0,100,17.6,17.8,508.0,6.4,58.0,20.0
2026-02-20 06:00:00,2026,2,20,6,Sơn La,Xã Gia Phù,21.1792752,104.5565002,67,Moderate,1,14.6,92,0.2,6.3,70,945.1,100,17.9,18.0,537.0,7.1,54.0,21.0
2026-02-20 07:00:00,2026,2,20,7,Sơn La,Xã Gia Phù,21.1792752,104.5565002,68,Moderate,1,14.8,92,0.3,5.3,72,945.5,100,18.6,18.7,555.0,10.4,48.0,23.3
2026-02-20 08:00:00,2026,2,20,8,Sơn La,Xã Gia Phù,21.1792752,104.5565002,68,Moderate,1,15.1,90,0.2,4.6,77,945.9,100,15.4,15.5,552.0,10.2,48.0,24.2
2026-02-20 09:00:00,2026,2,20,9,Sơn La,Xã Gia Phù,21.1792752,104.5565002,68,Moderate,1,15.4,90,0.2,4.2,100,946.4,100,12.5,12.5,538.0,10.0,49.0,25.3
2026-02-20 10:00:00,2026,2,20,10,Sơn La,Xã Gia Phù,21.1792752,104.5565002,69,Moderate,1,17.0,77,0.1,4.4,122,946.8,95,12.2,12.3,523.0,9.2,54.0,24.5
2026-02-20 11:00:00,2026,2,20,11,Sơn La,Xã Gia Phù,21.1792752,104.5565002,69,Moderate,1,18.6,70,0.0,5.0,145,946.1,95,13.2,13.2,509.0,7.6,67.0,20.2
2026-02-20 12:00:00,2026,2,20,12,Sơn La,Xã Gia Phù,21.1792752,104.5565002,69,Moderate,1,19.7,65,0.0,5.2,166,944.8,97,14.4,14.5,494.0,5.5,85.0,13.9
2026-02-20 13:00:00,2026,2,20,13,Sơn La,Xã Gia Phù,21.1792752,104.5565002,69,Moderate,1,20.7,61,0.0,6.0,189,943.8,100,18.0,18.1,479.0,3.8,99.0,8.8
2026-02-20 14:00:00,2026,2,20,14,Sơn La,Xã Gia Phù,21.1792752,104.5565002,70,Moderate,1,21.6,58,0.0,5.7,208,942.5,58,20.5,20.7,456.0,2.6,106.0,5.9
2026-02-20 15:00:00,2026,2,20,15,Sơn La,Xã Gia Phù,21.1792752,104.5565002,70,Moderate,1,22.2,57,0.0,5.3,198,940.9,42,21.6,21.7,432.0,1.9,110.0,4.0
2026-02-20 16:00:00,2026,2,20,16,Sơn La,Xã Gia Phù,21.1792752,104.5565002,70,Moderate,1,21.9,58,0.0,3.6,174,939.9,43,22.4,22.5,431.0,2.4,109.0,2.9
2026-02-20 17:00:00,2026,2,20,17,Sơn La,Xã Gia Phù,21.1792752,104.5565002,71,Moderate,1,21.4,60,0.0,2.9,133,939.4,30,21.3,21.4,470.0,4.7,103.0,2.7
2026-02-20 18:00:00,2026,2,20,18,Sơn La,Xã Gia Phù,21.1792752,104.5565002,71,Moderate,1,18.9,72,0.0,2.1,52,938.6,20,23.1,23.2,531.0,8.3,93.0,3.2
2026-02-20 19:00:00,2026,2,20,19,Sơn La,Xã Gia Phù,21.1792752,104.5565002,71,Moderate,1,19.0,73,0.0,1.3,360,938.7,26,29.0,29.2,588.0,9.9,73.0,3.9
2026-02-20 20:00:00,2026,2,20,20,Sơn La,Xã Gia Phù,21.1792752,104.5565002,70,Moderate,1,17.9,78,0.0,2.9,22,938.9,32,30.6,30.7,637.0,11.3,69.0,4.5
2026-02-20 21:00:00,2026,2,20,21,Sơn La,Xã Gia Phù,21.1792752,104.5565002,70,Moderate,1,17.0,83,0.0,2.9,30,938.9,20,32.0,32.1,680.0,13.2,63.0,5.4
2026-02-20 22:00:00,2026,2,20,22,Sơn La,Xã Gia Phù,21.1792752,104.5565002,70,Moderate,1,16.2,84,0.0,1.5,21,938.8,8,32.9,33.1,700.0,14.8,58.0,6.1
2026-02-20 23:00:00,2026,2,20,23,Sơn La,Xã Gia Phù,21.1792752,104.5565002,70,Moderate,1,15.7,85,0.0,0.6,18,938.4,7,35.0,35.2,682.0,15.9,55.0,6.7
2026-02-21 00:00:00,2026,2,21,0,Sơn La,Xã Gia Phù,21.1792752,104.5565002,71,Moderate,1,15.2,86,0.0,0.6,342,938.2,2,36.1,36.2,641.0,16.6,53.0,7.2
2026-02-21 01:00:00,2026,2,21,1,Sơn La,Xã Gia Phù,21.1792752,104.5565002,72,Moderate,1,15.1,89,0.0,0.6,252,937.9,6,36.9,37.0,598.0,17.1,51.0,7.1
2026-02-21 02:00:00,2026,2,21,2,Sơn La,Xã Gia Phù,21.1792752,104.5565002,73,Moderate,1,14.6,92,0.0,0.4,270,937.2,2,37.4,37.5,552.0,17.2,48.0,5.9
2026-02-21 03:00:00,2026,2,21,3,Sơn La,Xã Gia Phù,21.1792752,104.5565002,74,Moderate,1,14.2,94,0.0,1.0,301,936.5,0,41.0,41.0,505.0,16.9,44.0,4.2
2026-02-21 04:00:00,2026,2,21,4,Sơn La,Xã Gia Phù,21.1792752,104.5565002,76,Moderate,1,13.9,94,0.0,0.8,297,935.8,0,46.3,46.4,479.0,16.5,41.0,2.8
2026-02-21 05:00:00,2026,2,21,5,Sơn La,Xã Gia Phù,21.1792752,104.5565002,78,Moderate,1,13.6,95,0.0,0.9,281,935.5,1,48.0,48.1,496.0,16.3,36.0,2.0
2026-02-21 06:00:00,2026,2,21,6,Sơn La,Xã Gia Phù,21.1792752,104.5565002,81,Moderate,1,13.6,95,0.0,0.4,297,935.3,0,48.1,48.2,535.0,15.8,30.0,1.6
2026-02-21 07:00:00,2026,2,21,7,Sơn La,Xã Gia Phù,21.1792752,104.5565002,84,Moderate,1,13.6,97,0.0,0.4,153,936.1,100,42.0,42.1,553.0,11.6,32.0,1.8
2026-02-21 08:00:00,2026,2,21,8,Sơn La,Xã Gia Phù,21.1792752,104.5565002,86,Moderate,1,14.7,96,0.0,2.1,165,936.9,100,34.7,34.8,531.0,8.8,54.0,3.1
2026-02-21 09:00:00,2026,2,21,9,Sơn La,Xã Gia Phù,21.1792752,104.5565002,87,Moderate,1,17.3,84,0.0,5.3,192,937.3,36,30.0,30.2,488.0,5.0,84.0,4.7
2026-02-21 10:00:00,2026,2,21,10,Sơn La,Xã Gia Phù,21.1792752,104.5565002,89,Moderate,1,21.0,71,0.0,7.3,191,937.6,2,27.4,27.5,445.0,2.1,107.0,5.7
2026-02-21 11:00:00,2026,2,21,11,Sơn La,Xã Gia Phù,21.1792752,104.5565002,90,Moderate,1,24.8,57,0.0,11.2,221,936.7,2,22.4,22.6,403.0,1.0,117.0,5.2
2026-02-21 12:00:00,2026,2,21,12,Sơn La,Xã Gia Phù,21.1792752,104.5565002,91,Moderate,1,27.2,47,0.0,19.2,244,935.5,5,19.2,19.5,359.0,0.7,119.0,4.0
2026-02-21 13:00:00,2026,2,21,13,Sơn La,Xã Gia Phù,21.1792752,104.5565002,91,Moderate,1,27.6,46,0.0,20.0,247,934.7,19,16.1,16.6,327.0,0.7,120.0,3.0
2026-02-21 14:00:00,2026,2,21,14,Sơn La,Xã Gia Phù,21.1792752,104.5565002,91,Moderate,1,28.1,43,0.0,18.6,245,933.6,14,14.6,15.1,304.0,0.4,120.0,2.4
2026-02-21 15:00:00,2026,2,21,15,Sơn La,Xã Gia Phù,21.1792752,104.5565002,91,Moderate,1,28.3,41,0.0,17.5,251,932.9,12,14.2,14.8,293.0,0.3,118.0,2.1
2026-02-21 16:00:00,2026,2,21,16,Sơn La,Xã Gia Phù,21.1792752,104.5565002,90,Moderate,1,27.9,42,0.0,13.8,254,932.4,11,14.2,14.7,312.0,0.9,114.0,1.9
2026-02-21 17:00:00,2026,2,21,17,Sơn La,Xã Gia Phù,21.1792752,104.5565002,89,Moderate,1,26.7,47,0.0,6.2,249,932.3,15,14.2,14.6,390.0,2.5,106.0,2.0
2026-02-21 18:00:00,2026,2,21,18,Sơn La,Xã Gia Phù,21.1792752,104.5565002,89,Moderate,1,23.8,54,0.0,1.5,249,931.8,2,14.5,15.0,498.0,4.9,96.0,2.3
2026-02-21 19:00:00,2026,2,21,19,Sơn La,Xã Gia Phù,21.1792752,104.5565002,88,Moderate,1,22.2,58,0.0,5.9,305,931.8,1,13.8,14.2,573.0,8.0,87.0,2.8
2026-02-21 20:00:00,2026,2,21,20,Sơn La,Xã Gia Phù,21.1792752,104.5565002,87,Moderate,1,21.5,59,0.0,5.2,299,932.2,0,15.1,15.5,582.0,9.5,80.0,3.3
2026-02-21 21:00:00,2026,2,21,21,Sơn La,Xã Gia Phù,21.1792752,104.5565002,85,Moderate,1,20.8,60,0.0,4.9,309,932.7,0,16.4,16.7,556.0,11.6,71.0,3.9
2026-02-21 22:00:00,2026,2,21,22,Sơn La,Xã Gia Phù,21.1792752,104.5565002,84,Moderate,1,20.6,60,0.0,3.5,298,933.2,0,17.4,17.8,528.0,13.4,62.0,4.4
2026-02-21 23:00:00,2026,2,21,23,Sơn La,Xã Gia Phù,21.1792752,104.5565002,83,Moderate,1,20.2,61,0.0,2.6,282,933.4,0,18.2,18.6,500.0,14.5,56.0,4.6
2026-02-22 00:00:00,2026,2,22,0,Sơn La,Xã Gia Phù,21.1792752,104.5565002,81,Moderate,1,19.6,62,0.0,1.2,297,933.3,0,18.6,19.0,470.0,15.3,51.0,4.6
2026-02-22 01:00:00,2026,2,22,1,Sơn La,Xã Gia Phù,21.1792752,104.5565002,79,Moderate,1,18.7,65,0.0,1.1,342,933.0,11,18.9,19.3,456.0,16.0,46.0,4.6
2026-02-22 02:00:00,2026,2,22,2,Sơn La,Xã Gia Phù,21.1792752,104.5565002,78,Moderate,1,18.0,69,0.0,0.8,63,932.7,18,19.2,19.6,474.0,16.9,42.0,4.7
2026-02-22 03:00:00,2026,2,22,3,Sơn La,Xã Gia Phù,21.1792752,104.5565002,76,Moderate,1,16.8,78,0.0,2.0,63,932.9,99,19.8,20.3,508.0,17.8,38.0,4.9
2026-02-22 04:00:00,2026,2,22,4,Sơn La,Xã Gia Phù,21.1792752,104.5565002,74,Moderate,1,16.4,84,0.0,3.0,65,933.1,87,22.3,22.7,538.0,18.4,35.0,5.0
2026-02-22 05:00:00,2026,2,22,5,Sơn La,Xã Gia Phù,21.1792752,104.5565002,72,Moderate,1,15.4,89,0.0,3.8,59,933.0,84,25.7,26.2,560.0,18.8,31.0,4.7
2026-02-22 06:00:00,2026,2,22,6,Sơn La,Xã Gia Phù,21.1792752,104.5565002,70,Moderate,1,15.4,89,0.0,4.5,50,933.6,87,30.6,31.1,576.0,18.8,27.0,4.5
2026-02-22 07:00:00,2026,2,22,7,Sơn La,Xã Gia Phù,21.1792752,104.5565002,69,Moderate,1,15.9,93,0.0,4.1,29,935.3,100,34.2,34.6,575.0,14.5,28.0,4.9
2026-02-22 08:00:00,2026,2,22,8,Sơn La,Xã Gia Phù,21.1792752,104.5565002,68,Moderate,1,17.6,90,0.0,6.0,69,936.1,100,33.3,33.5,543.0,12.5,41.0,8.4
2026-02-22 09:00:00,2026,2,22,9,Sơn La,Xã Gia Phù,21.1792752,104.5565002,68,Moderate,1,18.7,86,0.0,7.4,86,936.9,100,30.9,31.1,492.0,9.7,60.0,13.2
2026-02-22 10:00:00,2026,2,22,10,Sơn La,Xã Gia Phù,21.1792752,104.5565002,68,Moderate,1,20.3,80,0.1,7.2,103,937.6,100,28.6,28.9,454.0,7.2,78.0,16.2
2026-02-22 11:00:00,2026,2,22,11,Sơn La,Xã Gia Phù,21.1792752,104.5565002,68,Moderate,1,22.0,72,0.0,6.7,114,937.2,87,28.0,28.3,440.0,5.5,95.0,15.9
2026-02-22 12:00:00,2026,2,22,12,Sơn La,Xã Gia Phù,21.1792752,104.5565002,69,Moderate,1,23.0,67,0.0,8.6,112,936.2,67,27.8,28.2,438.0,4.1,111.0,13.8
2026-02-22 13:00:00,2026,2,22,13,Sơn La,Xã Gia Phù,21.1792752,104.5565002,69,Moderate,1,24.3,61,0.0,7.7,108,935.3,29,27.4,27.8,437.0,3.1,123.0,11.8
2026-02-22 14:00:00,2026,2,22,14,Sơn La,Xã Gia Phù,21.1792752,104.5565002,70,Moderate,1,24.3,63,0.0,10.1,86,934.2,34,27.5,27.9,429.0,2.3,132.0,10.5
2026-02-22 15:00:00,2026,2,22,15,Sơn La,Xã Gia Phù,21.1792752,104.5565002,72,Moderate,1,23.9,65,0.0,11.1,73,933.7,16,27.8,28.3,422.0,1.9,137.0,9.3
2026-02-22 16:00:00,2026,2,22,16,Sơn La,Xã Gia Phù,21.1792752,104.5565002,73,Moderate,1,24.0,65,0.0,12.8,79,933.7,45,32.2,32.9,426.0,2.2,136.0,8.4
2026-02-22 17:00:00,2026,2,22,17,Sơn La,Xã Gia Phù,21.1792752,104.5565002,74,Moderate,1,20.5,86,3.3,5.2,22,933.9,86,31.5,32.1,454.0,3.6,125.0,8.0
2026-02-22 18:00:00,2026,2,22,18,Sơn La,Xã Gia Phù,21.1792752,104.5565002,76,Moderate,1,20.0,90,0.1,0.3,135,934.0,59,31.4,31.8,493.0,5.8,108.0,8.0
2026-02-22 19:00:00,2026,2,22,19,Sơn La,Xã Gia Phù,21.1792752,104.5565002,77,Moderate,1,18.4,94,0.1,4.7,353,933.4,43,26.1,26.5,522.0,10.8,73.0,13.1
2026-02-22 20:00:00,2026,2,22,20,Sơn La,Xã Gia Phù,21.1792752,104.5565002,78,Moderate,1,18.5,90,0.1,2.8,11,934.3,11,26.7,27.2,531.0,12.7,63.0,13.1
2026-02-22 21:00:00,2026,2,22,21,Sơn La,Xã Gia Phù,21.1792752,104.5565002,79,Moderate,1,18.5,88,0.0,4.5,23,935.0,19,29.9,30.4,529.0,15.2,50.0,13.1
2026-02-22 22:00:00,2026,2,22,22,Sơn La,Xã Gia Phù,21.1792752,104.5565002,81,Moderate,1,18.5,85,0.0,3.5,12,935.7,13,29.8,30.3,518.0,17.0,39.0,13.1
2026-02-22 23:00:00,2026,2,22,23,Sơn La,Xã Gia Phù,21.1792752,104.5565002,82,Moderate,1,18.6,85,0.0,3.7,39,935.6,21,28.7,29.2,498.0,17.4,34.0,13.3
2026-02-23 00:00:00,2026,2,23,0,Sơn La,Xã Gia Phù,21.1792752,104.5565002,83,Moderate,1,18.3,88,0.0,3.5,39,935.5,37,22.5,22.9,470.0,17.1,32.0,13.5
2026-02-23 01:00:00,2026,2,23,1,Sơn La,Xã Gia Phù,21.1792752,104.5565002,83,Moderate,1,18.5,90,0.0,1.9,22,935.3,71,18.5,18.9,440.0,16.2,32.0,13.6
2026-02-23 02:00:00,2026,2,23,2,Sơn La,Xã Gia Phù,21.1792752,104.5565002,83,Moderate,1,18.5,91,0.0,1.0,22,934.8,29,15.8,16.1,405.0,14.7,33.0,13.4
2026-02-23 03:00:00,2026,2,23,3,Sơn La,Xã Gia Phù,21.1792752,104.5565002,83,Moderate,1,18.0,92,0.0,2.5,339,934.1,79,12.8,13.1,367.0,12.6,35.0,13.0
2026-02-23 04:00:00,2026,2,23,4,Sơn La,Xã Gia Phù,21.1792752,104.5565002,82,Moderate,1,17.7,92,0.0,2.7,340,933.7,91,11.5,11.7,345.0,10.9,37.0,12.4
2026-02-23 05:00:00,2026,2,23,5,Sơn La,Xã Gia Phù,21.1792752,104.5565002,81,Moderate,1,17.5,92,0.0,2.1,345,934.0,100,10.4,10.6,352.0,10.0,36.0,11.8
2026-02-23 06:00:00,2026,2,23,6,Sơn La,Xã Gia Phù,21.1792752,104.5565002,80,Moderate,1,17.4,91,0.1,2.3,266,934.2,63,9.9,10.0,373.0,9.4,34.0,11.1
2026-02-23 07:00:00,2026,2,23,7,Sơn La,Xã Gia Phù,21.1792752,104.5565002,78,Moderate,1,17.7,94,0.0,1.3,8,935.6,90,9.0,9.1,386.0,11.4,31.0,12.6
2026-02-23 08:00:00,2026,2,23,8,Sơn La,Xã Gia Phù,21.1792752,104.5565002,76,Moderate,1,18.9,96,0.0,0.9,360,936.6,80,5.8,5.8,377.0,9.4,42.0,11.2
2026-02-23 09:00:00,2026,2,23,9,Sơn La,Xã Gia Phù,21.1792752,104.5565002,73,Moderate,1,20.4,86,0.0,1.5,166,937.7,86,6.7,6.7,358.0,6.6,58.0,9.2
2026-02-23 10:00:00,2026,2,23,10,Sơn La,Xã Gia Phù,21.1792752,104.5565002,71,Moderate,1,22.6,74,0.0,3.6,207,938.3,76,7.8,7.8,344.0,4.2,73.0,7.2
2026-02-23 11:00:00,2026,2,23,11,Sơn La,Xã Gia Phù,21.1792752,104.5565002,69,Moderate,1,23.6,69,0.0,7.3,190,937.5,48,9.8,9.9,341.0,2.6,87.0,5.3
2026-02-23 12:00:00,2026,2,23,12,Sơn La,Xã Gia Phù,21.1792752,104.5565002,68,Moderate,1,24.7,65,0.0,8.2,209,936.8,52,11.7,11.8,342.0,1.4,100.0,3.3
2026-02-23 13:00:00,2026,2,23,13,Sơn La,Xã Gia Phù,21.1792752,104.5565002,66,Moderate,1,24.8,62,0.1,11.7,209,936.1,85,11.6,11.7,343.0,0.7,108.0,1.9
2026-02-23 14:00:00,2026,2,23,14,Sơn La,Xã Gia Phù,21.1792752,104.5565002,65,Moderate,1,23.0,72,0.3,7.8,232,934.8,58,10.6,10.8,333.0,0.2,109.0,1.2
2026-02-23 15:00:00,2026,2,23,15,Sơn La,Xã Gia Phù,21.1792752,104.5565002,63,Moderate,1,24.6,62,0.1,8.3,219,934.2,80,10.5,10.7,323.0,0.2,105.0,0.9
2026-02-23 16:00:00,2026,2,23,16,Sơn La,Xã Gia Phù,21.1792752,104.5565002,62,Moderate,1,24.4,63,0.0,9.1,198,934.0,50,11.8,12.0,335.0,1.0,99.0,0.9
2026-02-23 17:00:00,2026,2,23,17,Sơn La,Xã Gia Phù,21.1792752,104.5565002,60,Moderate,1,23.5,67,0.0,9.8,172,934.0,53,12.0,12.3,396.0,3.2,89.0,1.2
2026-02-23 18:00:00,2026,2,23,18,Sơn La,Xã Gia Phù,21.1792752,104.5565002,58,Moderate,1,21.1,81,0.1,1.1,279,934.1,40,13.4,13.7,478.0,6.3,77.0,1.7
2026-02-23 19:00:00,2026,2,23,19,Sơn La,Xã Gia Phù,21.1792752,104.5565002,57,Moderate,1,20.7,90,0.0,2.4,243,934.6,93,18.5,18.7,527.0,7.4,70.0,2.3
2026-02-23 20:00:00,2026,2,23,20,Sơn La,Xã Gia Phù,21.1792752,104.5565002,56,Moderate,1,20.7,88,0.1,1.1,198,935.2,42,19.4,19.7,508.0,9.0,66.0,2.8
2026-02-23 21:00:00,2026,2,23,21,Sơn La,Xã Gia Phù,21.1792752,104.5565002,55,Moderate,1,19.9,88,0.0,2.4,261,935.4,100,20.4,20.7,454.0,11.2,60.0,3.5
2026-02-23 22:00:00,2026,2,23,22,Sơn La,Xã Gia Phù,21.1792752,104.5565002,55,Moderate,1,19.9,87,0.0,3.3,264,935.7,100,21.8,21.9,411.0,13.2,54.0,4.1
2026-02-23 23:00:00,2026,2,23,23,Sơn La,Xã Gia Phù,21.1792752,104.5565002,54,Moderate,1,20.1,82,0.0,1.8,259,935.5,60,22.8,22.9,395.0,15.1,49.0,4.5
2026-02-24 00:00:00,2026,2,24,0,Sơn La,Xã Gia Phù,21.1792752,104.5565002,53,Moderate,1,19.1,81,0.0,1.8,276,935.2,6,24.3,24.5,389.0,16.9,43.0,4.7
2026-02-24 01:00:00,2026,2,24,1,Sơn La,Xã Gia Phù,21.1792752,104.5565002,53,Moderate,1,19.4,78,0.0,2.2,279,934.6,13,25.8,26.0,384.0,17.5,39.0,4.7
2026-02-24 02:00:00,2026,2,24,2,Sơn La,Xã Gia Phù,21.1792752,104.5565002,54,Moderate,1,19.1,79,0.0,0.4,360,934.5,38,24.7,24.9,373.0,15.9,37.0,4.2
2026-02-24 03:00:00,2026,2,24,3,Sơn La,Xã Gia Phù,21.1792752,104.5565002,55,Moderate,1,18.5,79,0.0,1.5,30,934.2,7,23.5,23.7,363.0,13.0,37.0,3.3
2026-02-24 04:00:00,2026,2,24,4,Sơn La,Xã Gia Phù,21.1792752,104.5565002,56,Moderate,1,17.7,80,0.0,1.0,31,934.4,30,22.6,22.8,369.0,10.9,35.0,2.6
2026-02-24 05:00:00,2026,2,24,5,Sơn La,Xã Gia Phù,21.1792752,104.5565002,57,Moderate,1,17.6,81,0.0,1.6,360,935.3,100,23.2,23.4,410.0,10.7,29.0,1.9
2026-02-24 06:00:00,2026,2,24,6,Sơn La,Xã Gia Phù,21.1792752,104.5565002,58,Moderate,1,18.3,78,0.0,1.1,9,936.2,100,24.4,24.6,466.0,11.3,22.0,1.3
2026-02-24 07:00:00,2026,2,24,7,Sơn La,Xã Gia Phù,21.1792752,104.5565002,59,Moderate,1,18.3,81,0.0,1.5,30,937.1,100,18.5,18.5,498.0,9.9,24.0,1.3
2026-02-24 08:00:00,2026,2,24,8,Sơn La,Xã Gia Phù,21.1792752,104.5565002,60,Moderate,1,19.3,84,0.0,3.6,87,937.9,98,19.7,19.8,481.0,8.3,39.0,1.9
2026-02-24 09:00:00,2026,2,24,9,Sơn La,Xã Gia Phù,21.1792752,104.5565002,61,Moderate,1,20.2,87,0.0,4.8,105,938.9,98,19.9,20.0,439.0,6.1,60.0,2.7
2026-02-24 10:00:00,2026,2,24,10,Sơn La,Xã Gia Phù,21.1792752,104.5565002,62,Moderate,1,20.6,86,0.0,5.0,116,939.5,96,26.2,26.4,403.0,4.2,79.0,3.4
2026-02-24 11:00:00,2026,2,24,11,Sơn La,Xã Gia Phù,21.1792752,104.5565002,64,Moderate,1,22.7,74,0.0,5.9,128,939.3,100,21.5,21.8,382.0,2.9,93.0,3.7
2026-02-24 12:00:00,2026,2,24,12,Sơn La,Xã Gia Phù,21.1792752,104.5565002,65,Moderate,1,23.2,71,0.0,6.1,114,938.3,95,20.1,20.5,366.0,1.8,105.0,3.8
2026-02-24 13:00:00,2026,2,24,13,Sơn La,Xã Gia Phù,21.1792752,104.5565002,66,Moderate,1,23.2,70,0.0,5.3,98,938.1,95,19.3,19.8,355.0,1.2,113.0,3.8
2026-02-24 14:00:00,2026,2,24,14,Sơn La,Xã Gia Phù,21.1792752,104.5565002,67,Moderate,1,23.5,68,0.0,6.2,105,937.0,99,19.0,19.6,347.0,1.0,115.0,3.5
2026-02-24 15:00:00,2026,2,24,15,Sơn La,Xã Gia Phù,21.1792752,104.5565002,67,Moderate,1,22.9,71,0.0,6.3,97,936.6,99,19.1,19.6,345.0,1.1,112.0,3.1
2026-02-24 16:00:00,2026,2,24,16,Sơn La,Xã Gia Phù,21.1792752,104.5565002,68,Moderate,1,22.2,75,0.0,7.0,89,936.2,96,19.7,20.3,357.0,1.9,106.0,3.0
2026-02-24 17:00:00,2026,2,24,17,Sơn La,Xã Gia Phù,21.1792752,104.5565002,69,Moderate,1,21.8,78,0.0,7.2,89,936.1,71,21.1,21.6,393.0,3.6,97.0,3.3
2026-02-24 18:00:00,2026,2,24,18,Sơn La,Xã Gia Phù,21.1792752,104.5565002,70,Moderate,1,20.1,86,0.0,5.0,77,936.2,99,22.9,23.3,443.0,5.9,84.0,4.0
2026-02-24 19:00:00,2026,2,24,19,Sơn La,Xã Gia Phù,21.1792752,104.5565002,70,Moderate,1,21.0,89,0.0,3.8,49,936.2,82,34.5,35.3,488.0,8.5,67.0,4.5
2026-02-24 20:00:00,2026,2,24,20,Sơn La,Xã Gia Phù,21.1792752,104.5565002,72,Moderate,1,20.1,91,0.0,3.7,51,937.0,73,34.5,35.2,524.0,9.0,63.0,5.2
2026-02-24 21:00:00,2026,2,24,21,Sơn La,Xã Gia Phù,21.1792752,104.5565002,73,Moderate,1,20.1,90,0.0,2.2,48,937.8,98,34.0,34.7,555.0,9.6,57.0,6.1
2026-02-24 22:00:00,2026,2,24,22,Sơn La,Xã Gia Phù,21.1792752,104.5565002,74,Moderate,1,20.3,90,0.0,1.4,67,938.4,92,33.9,34.5,576.0,10.3,52.0,6.9
2026-02-24 23:00:00,2026,2,24,23,Sơn La,Xã Gia Phù,21.1792752,104.5565002,75,Moderate,1,20.0,91,0.0,0.4,117,938.2,100,35.7,36.4,583.0,11.2,46.0,7.3
2026-02-25 00:00:00,2026,2,25,0,Sơn La,Xã Gia Phù,21.1792752,104.5565002,77,Moderate,1,19.9,92,0.0,0.6,72,938.0,100,38.1,38.8,580.0,12.1,41.0,7.5
2026-02-25 01:00:00,2026,2,25,1,Sơn La,Xã Gia Phù,21.1792752,104.5565002,78,Moderate,1,20.4,87,0.0,0.4,333,937.5,100,40.5,41.2,569.0,12.2,38.0,7.6
2026-02-25 02:00:00,2026,2,25,2,Sơn La,Xã Gia Phù,21.1792752,104.5565002,79,Moderate,1,20.3,90,0.0,0.6,198,937.1,100,39.7,40.4,546.0,10.9,41.0,7.6
2026-02-25 03:00:00,2026,2,25,3,Sơn La,Xã Gia Phù,21.1792752,104.5565002,80,Moderate,1,19.3,98,0.7,2.7,228,937.4,100,29.9,30.5,516.0,8.8,46.0,7.5
2026-02-25 04:00:00,2026,2,25,4,Sơn La,Xã Gia Phù,21.1792752,104.5565002,81,Moderate,1,19.5,95,1.3,1.3,214,937.3,100,20.1,20.5,492.0,7.2,50.0,7.1
2026-02-25 05:00:00,2026,2,25,5,Sơn La,Xã Gia Phù,21.1792752,104.5565002,81,Moderate,1,18.8,97,0.8,3.5,249,937.6,100,19.2,19.6,484.0,6.8,50.0,6.1
2026-02-25 06:00:00,2026,2,25,6,Sơn La,Xã Gia Phù,21.1792752,104.5565002,80,Moderate,1,18.7,96,0.8,3.3,261,937.8,100,20.0,20.4,483.0,7.0,48.0,4.8
2026-02-25 07:00:00,2026,2,25,7,Sơn La,Xã Gia Phù,21.1792752,104.5565002,80,Moderate,1,18.4,94,0.0,2.2,275,938.4,100,7.5,7.6,475.0,6.1,46.0,1.7
2026-02-25 08:00:00,2026,2,25,8,Sơn La,Xã Gia Phù,21.1792752,104.5565002,79,Moderate,1,18.2,97,1.1,3.1,208,938.8,100,8.9,9.0,452.0,5.5,50.0,1.6
2026-02-25 09:00:00,2026,2,25,9,Sơn La,Xã Gia Phù,21.1792752,104.5565002,78,Moderate,1,18.7,97,0.6,5.1,264,939.3,100,11.6,11.7,421.0,4.7,56.0,1.5
2026-02-25 10:00:00,2026,2,25,10,Sơn La,Xã Gia Phù,21.1792752,104.5565002,77,Moderate,1,20.1,89,0.1,5.6,225,940.0,100,12.5,12.7,391.0,3.8,64.0,1.4
2026-02-25 11:00:00,2026,2,25,11,Sơn La,Xã Gia Phù,21.1792752,104.5565002,76,Moderate,1,21.0,82,0.0,6.0,224,939.5,91,15.7,15.9,363.0,2.9,75.0,1.3
2026-02-25 12:00:00,2026,2,25,12,Sơn La,Xã Gia Phù,21.1792752,104.5565002,76,Moderate,1,23.4,67,0.0,7.7,211,938.6,100,19.4,19.8,336.0,2.0,87.0,1.2
2026-02-25 13:00:00,2026,2,25,13,Sơn La,Xã Gia Phù,21.1792752,104.5565002,76,Moderate,1,22.5,61,0.0,9.8,221,938.2,59,21.8,22.2,314.0,1.3,96.0,1.2
2026-02-25 14:00:00,2026,2,25,14,Sơn La,Xã Gia Phù,21.1792752,104.5565002,76,Moderate,1,24.0,53,0.0,11.0,220,937.0,26,22.5,22.9,289.0,0.7,102.0,1.2
2026-02-25 15:00:00,2026,2,25,15,Sơn La,Xã Gia Phù,21.1792752,104.5565002,76,Moderate,1,24.3,52,0.0,11.0,220,936.2,9,23.5,23.9,269.0,0.4,105.0,1.2
2026-02-25 16:00:00,2026,2,25,16,Sơn La,Xã Gia Phù,21.1792752,104.5565002,77,Moderate,1,24.3,52,0.0,9.8,226,935.8,5,25.4,25.9,280.0,1.2,104.0,1.5
2026-02-25 17:00:00,2026,2,25,17,Sơn La,Xã Gia Phù,21.1792752,104.5565002,77,Moderate,1,23.4,55,0.0,8.0,216,935.8,17,25.6,26.1,348.0,3.8,98.0,2.1
2026-02-25 18:00:00,2026,2,25,18,Sơn La,Xã Gia Phù,21.1792752,104.5565002,77,Moderate,1,21.3,64,0.0,1.2,231,935.8,26,26.3,26.7,447.0,7.4,89.0,2.9
2026-02-25 19:00:00,2026,2,25,19,Sơn La,Xã Gia Phù,21.1792752,104.5565002,78,Moderate,1,21.3,67,0.0,0.8,333,936.5,87,25.0,25.4,530.0,10.0,82.0,3.8
2026-02-25 20:00:00,2026,2,25,20,Sơn La,Xã Gia Phù,21.1792752,104.5565002,77,Moderate,1,20.9,70,0.0,0.5,360,937.4,39,26.8,27.3,584.0,12.0,75.0,4.4
2026-02-25 21:00:00,2026,2,25,21,Sơn La,Xã Gia Phù,21.1792752,104.5565002,76,Moderate,1,19.9,74,0.0,0.4,180,937.6,14,28.0,28.4,621.0,14.7,66.0,5.3
2026-02-25 22:00:00,2026,2,25,22,Sơn La,Xã Gia Phù,21.1792752,104.5565002,76,Moderate,1,19.1,76,0.0,0.3,315,937.7,16,29.1,29.5,631.0,17.0,58.0,6.0
2026-02-25 23:00:00,2026,2,25,23,Sơn La,Xã Gia Phù,21.1792752,104.5565002,75,Moderate,1,18.6,77,0.0,0.9,323,937.1,21,30.0,30.4,600.0,18.7,52.0,6.4
2026-02-26 00:00:00,2026,2,26,0,Sơn La,Xã Gia Phù,21.1792752,104.5565002,75,Moderate,1,18.1,78,0.0,1.3,286,936.8,4,30.9,31.3,543.0,19.9,47.0,6.5
2026-02-26 01:00:00,2026,2,26,1,Sơn La,Xã Gia Phù,21.1792752,104.5565002,74,Moderate,1,17.6,79,0.0,2.0,297,936.6,11,32.2,32.6,492.0,19.8,44.0,6.3
2026-02-26 02:00:00,2026,2,26,2,Sơn La,Xã Gia Phù,21.1792752,104.5565002,73,Moderate,1,17.4,79,0.0,1.8,270,936.1,23,31.8,32.0,461.0,17.4,43.0,5.4
2026-02-26 03:00:00,2026,2,26,3,Sơn La,Xã Gia Phù,21.1792752,104.5565002,73,Moderate,1,17.1,80,0.0,1.3,270,935.5,100,28.4,28.6,437.0,13.6,43.0,4.2
2026-02-26 04:00:00,2026,2,26,4,Sơn La,Xã Gia Phù,21.1792752,104.5565002,73,Moderate,1,17.2,82,0.0,2.6,254,935.6,45,25.7,26.0,416.0,10.8,42.0,3.2
2026-02-26 05:00:00,2026,2,26,5,Sơn La,Xã Gia Phù,21.1792752,104.5565002,73,Moderate,1,16.7,87,0.5,3.1,270,935.9,100,24.9,25.1,399.0,10.1,37.0,2.8
2026-02-26 06:00:00,2026,2,26,6,Sơn La,Xã Gia Phù,21.1792752,104.5565002,74,Moderate,1,16.8,88,0.0,2.6,236,936.2,95,24.2,24.4,384.0,10.4,32.0,2.7
2026-02-26 07:00:00,2026,2,26,7,Sơn La,Xã Gia Phù,21.1792752,104.5565002,74,Moderate,1,16.6,91,0.0,0.7,256,937.2,100,28.4,28.8,366.0,6.2,58.0,1.4
2026-02-26 08:00:00,2026,2,26,8,Sơn La,Xã Gia Phù,21.1792752,104.5565002,76,Moderate,1,16.1,95,1.1,4.1,241,937.6,100,27.9,28.3,340.0,5.0,69.0,1.2
2026-02-26 09:00:00,2026,2,26,9,Sơn La,Xã Gia Phù,21.1792752,104.5565002,77,Moderate,1,16.1,97,2.4,5.1,231,937.7,100,24.7,25.3,311.0,3.4,84.0,1.0
2026-02-26 10:00:00,2026,2,26,10,Sơn La,Xã Gia Phù,21.1792752,104.5565002,79,Moderate,1,16.2,98,1.1,7.4,231,938.0,100,22.6,23.3,286.0,2.1,96.0,0.9
2026-02-26 11:00:00,2026,2,26,11,Sơn La,Xã Gia Phù,21.1792752,104.5565002,80,Moderate,1,16.5,95,0.3,8.0,236,937.5,100,23.7,24.5,267.0,1.4,100.0,0.9
2026-02-26 12:00:00,2026,2,26,12,Sơn La,Xã Gia Phù,21.1792752,104.5565002,80,Moderate,1,18.4,83,0.0,9.2,230,936.6,100,24.9,25.8,250.0,1.0,101.0,0.9
2026-02-26 13:00:00,2026,2,26,13,Sơn La,Xã Gia Phù,21.1792752,104.5565002,81,Moderate,1,19.6,74,0.0,8.5,226,935.6,9,26.1,27.1,237.0,0.8,100.0,1.0
2026-02-26 14:00:00,2026,2,26,14,Sơn La,Xã Gia Phù,21.1792752,104.5565002,81,Moderate,1,22.3,57,0.0,12.6,226,934.4,16,25.4,26.3,219.0,0.4,100.0,1.0
2026-02-26 15:00:00,2026,2,26,15,Sơn La,Xã Gia Phù,21.1792752,104.5565002,81,Moderate,1,23.4,49,0.0,11.8,250,933.3,14,20.9,21.5,204.0,0.1,98.0,1.0
2026-02-26 16:00:00,2026,2,26,16,Sơn La,Xã Gia Phù,21.1792752,104.5565002,81,Moderate,1,23.7,50,0.0,12.4,236,932.6,11,16.6,17.1,211.0,0.8,94.0,1.1
2026-02-26 17:00:00,2026,2,26,17,Sơn La,Xã Gia Phù,21.1792752,104.5565002,80,Moderate,1,22.9,54,0.0,7.9,240,932.2,12,15.0,15.4,261.0,3.1,85.0,1.5
2026-02-26 18:00:00,2026,2,26,18,Sơn La,Xã Gia Phù,21.1792752,104.5565002,79,Moderate,1,20.5,64,0.0,1.5,263,931.7,16,16.2,16.5,333.0,6.3,73.0,2.0
2026-02-26 19:00:00,2026,2,26,19,Sơn La,Xã Gia Phù,21.1792752,104.5565002,78,Moderate,1,19.5,68,0.0,3.4,276,931.9,46,9.5,9.7,384.0,9.0,66.0,2.9
2026-02-26 20:00:00,2026,2,26,20,Sơn La,Xã Gia Phù,21.1792752,104.5565002,77,Moderate,1,19.0,70,0.0,3.4,286,932.3,48,11.3,11.4,394.0,10.9,61.0,3.6
2026-02-26 21:00:00,2026,2,26,21,Sơn La,Xã Gia Phù,21.1792752,104.5565002,76,Moderate,1,18.4,71,0.0,3.2,286,932.8,24,12.7,12.9,382.0,13.5,54.0,4.6
2026-02-26 22:00:00,2026,2,26,22,Sơn La,Xã Gia Phù,21.1792752,104.5565002,74,Moderate,1,18.1,71,0.0,3.5,298,933.2,16,13.9,14.1,364.0,15.5,48.0,5.3
2026-02-26 23:00:00,2026,2,26,23,Sơn La,Xã Gia Phù,21.1792752,104.5565002,73,Moderate,1,17.7,70,0.0,3.5,294,933.4,9,14.8,15.0,339.0,16.5,44.0,5.7
2026-02-27 00:00:00,2026,2,27,0,Sơn La,Xã Gia Phù,21.1792752,104.5565002,72,Moderate,1,17.4,71,0.0,4.0,291,933.2,1,15.3,15.5,308.0,16.9,42.0,5.9
2026-02-27 01:00:00,2026,2,27,1,Sơn La,Xã Gia Phù,21.1792752,104.5565002,70,Moderate,1,17.2,74,0.0,4.1,293,933.1,16,15.7,15.9,286.0,16.8,40.0,5.8
2026-02-27 02:00:00,2026,2,27,2,Sơn La,Xã Gia Phù,21.1792752,104.5565002,69,Moderate,1,16.9,75,0.0,4.7,293,932.5,9,16.1,16.4,278.0,15.9,38.0,5.4
2026-02-27 03:00:00,2026,2,27,3,Sơn La,Xã Gia Phù,21.1792752,104.5565002,67,Moderate,1,16.3,76,0.0,4.4,291,932.1,0,16.6,16.8,279.0,14.4,37.0,4.7
2026-02-27 04:00:00,2026,2,27,4,Sơn La,Xã Gia Phù,21.1792752,104.5565002,66,Moderate,1,15.8,77,0.0,4.2,288,932.1,0,15.8,16.0,292.0,12.9,37.0,4.2
2026-02-27 05:00:00,2026,2,27,5,Sơn La,Xã Gia Phù,21.1792752,104.5565002,66,Moderate,1,15.4,78,0.0,4.3,285,932.4,2,15.1,15.3,332.0,11.8,36.0,4.1
2026-02-27 06:00:00,2026,2,27,6,Sơn La,Xã Gia Phù,21.1792752,104.5565002,65,Moderate,1,15.2,78,0.0,3.3,299,932.9,1,14.7,14.9,385.0,10.8,37.0,4.1
2026-02-27 07:00:00,2026,2,27,7,Sơn La,Xã Gia Phù,21.1792752,104.5565002,64,Moderate,1,16.6,75,0.0,3.0,284,933.5,1,3.8,3.8,409.0,9.5,37.0,3.0
2026-02-27 08:00:00,2026,2,27,8,Sơn La,Xã Gia Phù,21.1792752,104.5565002,62,Moderate,1,18.8,70,0.0,4.7,247,934.8,0,3.7,3.7,379.0,7.1,54.0,3.3
2026-02-27 09:00:00,2026,2,27,9,Sơn La,Xã Gia Phù,21.1792752,104.5565002,59,Moderate,1,20.8,66,0.0,5.9,211,935.3,5,3.6,3.7,322.0,3.9,78.0,3.8
2026-02-27 10:00:00,2026,2,27,10,Sơn La,Xã Gia Phù,21.1792752,104.5565002,58,Moderate,1,22.6,62,0.0,6.0,213,936.0,3,2.7,2.7,274.0,1.4,96.0,3.9
2026-02-27 11:00:00,2026,2,27,11,Sơn La,Xã Gia Phù,21.1792752,104.5565002,56,Moderate,1,24.7,54,0.0,9.4,211,935.4,9,2.9,2.9,251.0,0.5,102.0,3.3
2026-02-27 12:00:00,2026,2,27,12,Sơn La,Xã Gia Phù,21.1792752,104.5565002,54,Moderate,1,26.2,49,0.0,12.1,223,934.5,11,4.1,4.2,238.0,0.5,102.0,2.5
2026-02-27 13:00:00,2026,2,27,13,Sơn La,Xã Gia Phù,21.1792752,104.5565002,52,Moderate,1,26.9,44,0.0,15.6,232,933.5,16,4.8,4.9,231.0,0.5,101.0,1.8
2026-02-27 14:00:00,2026,2,27,14,Sơn La,Xã Gia Phù,21.1792752,104.5565002,50,Good,0,26.8,43,0.0,15.7,231,931.9,23,4.8,5.0,222.0,0.2,101.0,1.6
2026-02-27 15:00:00,2026,2,27,15,Sơn La,Xã Gia Phù,21.1792752,104.5565002,47,Good,0,26.8,42,0.0,14.1,242,931.0,23,4.8,5.0,218.0,0.0,101.0,1.5
2026-02-27 16:00:00,2026,2,27,16,Sơn La,Xã Gia Phù,21.1792752,104.5565002,44,Good,0,26.2,44,0.0,12.2,232,930.6,17,5.4,5.6,236.0,0.7,98.0,1.7
2026-02-27 17:00:00,2026,2,27,17,Sơn La,Xã Gia Phù,21.1792752,104.5565002,45,Good,0,24.8,51,0.0,7.7,217,930.4,10,5.8,6.1,292.0,3.1,92.0,2.1
2026-02-27 18:00:00,2026,2,27,18,Sơn La,Xã Gia Phù,21.1792752,104.5565002,46,Good,0,22.3,60,0.0,3.3,221,930.2,8,6.8,7.0,370.0,6.4,83.0,2.6
2026-02-27 19:00:00,2026,2,27,19,Sơn La,Xã Gia Phù,21.1792752,104.5565002,45,Good,0,21.4,63,0.0,1.0,338,930.3,6,18.6,19.0,433.0,12.1,74.0,4.0
2026-02-27 20:00:00,2026,2,27,20,Sơn La,Xã Gia Phù,21.1792752,104.5565002,44,Good,0,20.2,69,0.0,2.4,9,931.1,8,20.4,20.8,474.0,14.6,69.0,4.8
2026-02-27 21:00:00,2026,2,27,21,Sơn La,Xã Gia Phù,21.1792752,104.5565002,42,Good,0,19.6,71,0.0,2.8,349,931.5,9,21.8,22.1,500.0,18.0,62.0,6.0
2026-02-27 22:00:00,2026,2,27,22,Sơn La,Xã Gia Phù,21.1792752,104.5565002,44,Good,0,19.3,70,0.0,2.9,338,931.8,5,22.9,23.3,499.0,20.5,56.0,6.8
2026-02-27 23:00:00,2026,2,27,23,Sơn La,Xã Gia Phù,21.1792752,104.5565002,45,Good,0,19.2,67,0.0,1.9,343,931.9,14,23.9,24.2,451.0,21.3,52.0,7.1
2026-02-28 00:00:00,2026,2,28,0,Sơn La,Xã Gia Phù,21.1792752,104.5565002,47,Good,0,19.0,65,0.0,4.0,306,931.7,58,24.2,24.6,375.0,21.3,48.0,7.1
2026-02-28 01:00:00,2026,2,28,1,Sơn La,Xã Gia Phù,21.1792752,104.5565002,48,Good,0,19.3,64,0.1,3.2,286,931.9,55,24.1,24.5,316.0,20.9,44.0,6.9
2026-02-28 02:00:00,2026,2,28,2,Sơn La,Xã Gia Phù,21.1792752,104.5565002,50,Good,0,18.9,66,0.0,2.5,278,931.2,7,24.4,24.7,289.0,20.6,39.0,6.5
2026-02-28 03:00:00,2026,2,28,3,Sơn La,Xã Gia Phù,21.1792752,104.5565002,51,Moderate,1,17.8,69,0.0,2.7,270,930.4,2,25.8,26.1,277.0,20.1,34.0,5.8
2026-02-28 04:00:00,2026,2,28,4,Sơn La,Xã Gia Phù,21.1792752,104.5565002,51,Moderate,1,17.0,73,0.0,3.5,291,930.3,21,25.5,25.8,281.0,18.7,32.0,5.1
2026-02-28 05:00:00,2026,2,28,5,Sơn La,Xã Gia Phù,21.1792752,104.5565002,52,Moderate,1,17.6,74,0.1,2.1,308,930.8,9,20.1,20.4,312.0,15.9,32.0,4.2
2026-02-28 06:00:00,2026,2,28,6,Sơn La,Xã Gia Phù,21.1792752,104.5565002,53,Moderate,1,17.1,76,0.0,2.1,290,931.4,84,19.3,19.6,357.0,12.2,34.0,3.3
2026-02-28 07:00:00,2026,2,28,7,Sơn La,Xã Gia Phù,21.1792752,104.5565002,53,Moderate,1,17.8,81,0.1,5.6,292,932.5,100,22.4,22.8,377.0,6.5,65.0,1.1
2026-02-28 08:00:00,2026,2,28,8,Sơn La,Xã Gia Phù,21.1792752,104.5565002,55,Moderate,1,19.4,83,0.1,5.5,247,933.1,24,18.9,19.2,345.0,4.9,73.0,1.6
2026-02-28 09:00:00,2026,2,28,9,Sơn La,Xã Gia Phù,21.1792752,104.5565002,56,Moderate,1,21.5,71,0.0,7.1,225,934.1,3,18.5,18.9,288.0,2.7,85.0,2.4
2026-02-28 10:00:00,2026,2,28,10,Sơn La,Xã Gia Phù,21.1792752,104.5565002,58,Moderate,1,23.9,60,0.0,7.9,229,934.8,2,16.1,16.5,244.0,1.1,94.0,3.0
2026-02-28 11:00:00,2026,2,28,11,Sơn La,Xã Gia Phù,21.1792752,104.5565002,59,Moderate,1,25.6,55,0.0,10.0,234,934.3,27,13.3,13.8,230.0,0.5,99.0,3.4
2026-02-28 12:00:00,2026,2,28,12,Sơn La,Xã Gia Phù,21.1792752,104.5565002,60,Moderate,1,27.2,49,0.0,13.9,247,933.2,11,12.7,13.1,229.0,0.5,103.0,3.7
2026-02-28 13:00:00,2026,2,28,13,Sơn La,Xã Gia Phù,21.1792752,104.5565002,60,Moderate,1,27.6,46,0.1,15.1,255,932.3,16,12.6,13.0,230.0,0.6,105.0,3.8
2026-02-28 14:00:00,2026,2,28,14,Sơn La,Xã Gia Phù,21.1792752,104.5565002,61,Moderate,1,27.6,46,0.0,15.9,255,931.2,26,11.1,11.4,226.0,0.4,106.0,3.5
2026-02-28 15:00:00,2026,2,28,15,Sơn La,Xã Gia Phù,21.1792752,104.5565002,62,Moderate,1,27.4,46,0.0,15.0,247,930.4,50,10.0,10.3,225.0,0.3,106.0,3.1
2026-02-28 16:00:00,2026,2,28,16,Sơn La,Xã Gia Phù,21.1792752,104.5565002,62,Moderate,1,26.9,48,0.0,13.6,258,929.8,73,9.0,9.3,235.0,0.8,104.0,2.8
2026-02-28 17:00:00,2026,2,28,17,Sơn La,Xã Gia Phù,21.1792752,104.5565002,62,Moderate,1,25.8,51,0.0,9.5,281,929.7,69,8.8,9.0,268.0,2.4,98.0,2.9
2026-02-28 18:00:00,2026,2,28,18,Sơn La,Xã Gia Phù,21.1792752,104.5565002,63,Moderate,1,23.2,57,0.0,6.7,265,929.7,95,8.8,9.0,314.0,4.6,89.0,3.2
2026-02-28 19:00:00,2026,2,28,19,Sơn La,Xã Gia Phù,21.1792752,104.5565002,63,Moderate,1,22.5,59,0.0,5.2,274,929.9,88,15.7,16.1,347.0,6.8,87.0,3.4
2026-02-28 20:00:00,2026,2,28,20,Sơn La,Xã Gia Phù,21.1792752,104.5565002,63,Moderate,1,22.0,60,0.0,5.8,270,930.5,59,16.5,16.9,357.0,7.4,83.0,3.6
2026-02-28 21:00:00,2026,2,28,21,Sơn La,Xã Gia Phù,21.1792752,104.5565002,62,Moderate,1,21.1,63,0.0,5.5,281,930.8,66,16.6,17.1,355.0,8.2,77.0,3.8
2026-02-28 22:00:00,2026,2,28,22,Sơn La,Xã Gia Phù,21.1792752,104.5565002,62,Moderate,1,20.4,66,0.0,4.8,283,931.0,77,16.5,16.9,349.0,8.8,72.0,3.9
2026-02-28 23:00:00,2026,2,28,23,Sơn La,Xã Gia Phù,21.1792752,104.5565002,61,Moderate,1,20.2,66,0.0,3.5,291,931.2,73,16.4,16.8,340.0,8.9,69.0,3.8
2026-03-01 00:00:00,2026,3,1,0,Sơn La,Xã Gia Phù,21.1792752,104.5565002,61,Moderate,1,19.8,66,0.0,2.4,279,931.1,52,16.3,16.6,326.0,8.7,66.0,3.5
2026-03-01 01:00:00,2026,3,1,1,Sơn La,Xã Gia Phù,21.1792752,104.5565002,60,Moderate,1,19.7,69,0.0,2.4,283,931.1,82,16.3,16.6,313.0,8.6,64.0,3.3
2026-03-01 02:00:00,2026,3,1,2,Sơn La,Xã Gia Phù,21.1792752,104.5565002,59,Moderate,1,19.2,71,0.0,3.2,273,930.5,59,16.4,16.8,299.0,8.7,61.0,3.2
2026-03-01 03:00:00,2026,3,1,3,Sơn La,Xã Gia Phù,21.1792752,104.5565002,58,Moderate,1,18.8,72,0.0,3.7,305,930.3,74,16.6,16.9,286.0,8.8,58.0,3.2
2026-03-01 04:00:00,2026,3,1,4,Sơn La,Xã Gia Phù,21.1792752,104.5565002,58,Moderate,1,18.5,74,0.0,2.6,282,930.2,79,17.0,17.3,285.0,9.2,56.0,3.3
2026-03-01 05:00:00,2026,3,1,5,Sơn La,Xã Gia Phù,21.1792752,104.5565002,57,Moderate,1,17.8,76,0.0,3.5,291,930.5,12,17.4,17.6,312.0,10.3,53.0,3.7
2026-03-01 06:00:00,2026,3,1,6,Sơn La,Xã Gia Phù,21.1792752,104.5565002,57,Moderate,1,17.6,76,0.0,3.6,290,931.0,31,17.9,18.1,351.0,11.6,51.0,4.2
2026-03-01 07:00:00,2026,3,1,7,Sơn La,Xã Gia Phù,21.1792752,104.5565002,57,Moderate,1,18.4,74,0.0,3.1,273,932.3,27,15.4,15.6,371.0,12.9,55.0,4.3
2026-03-01 08:00:00,2026,3,1,8,Sơn La,Xã Gia Phù,21.1792752,104.5565002,56,Moderate,1,20.6,67,0.0,4.6,259,933.6,29,15.6,15.7,352.0,9.3,72.0,3.8
2026-03-01 09:00:00,2026,3,1,9,Sơn La,Xã Gia Phù,21.1792752,104.5565002,56,Moderate,1,22.9,63,0.0,5.2,224,934.6,9,12.0,12.3,315.0,4.4,94.0,3.0
2026-03-01 10:00:00,2026,3,1,10,Sơn La,Xã Gia Phù,21.1792752,104.5565002,55,Moderate,1,25.1,58,0.0,7.3,210,935.0,2,11.3,11.6,282.0,0.8,111.0,2.5
2026-03-01 11:00:00,2026,3,1,11,Sơn La,Xã Gia Phù,21.1792752,104.5565002,55,Moderate,1,27.2,51,0.0,12.3,233,934.7,16,13.2,13.6,264.0,0.0,115.0,2.3
2026-03-01 12:00:00,2026,3,1,12,Sơn La,Xã Gia Phù,21.1792752,104.5565002,55,Moderate,1,29.0,42,0.0,16.4,251,933.7,23,13.1,13.6,252.0,0.1,113.0,2.4
2026-03-01 13:00:00,2026,3,1,13,Sơn La,Xã Gia Phù,21.1792752,104.5565002,55,Moderate,1,29.3,39,0.0,16.5,256,933.0,17,12.3,12.8,242.0,0.5,111.0,2.4
2026-03-01 14:00:00,2026,3,1,14,Sơn La,Xã Gia Phù,21.1792752,104.5565002,55,Moderate,1,30.1,35,0.0,19.0,247,931.7,73,11.8,12.3,228.0,0.4,112.0,2.3
2026-03-01 15:00:00,2026,3,1,15,Sơn La,Xã Gia Phù,21.1792752,104.5565002,55,Moderate,1,30.3,33,0.0,16.5,263,931.0,84,11.7,12.1,216.0,0.4,114.0,2.2
2026-03-01 16:00:00,2026,3,1,16,Sơn La,Xã Gia Phù,21.1792752,104.5565002,55,Moderate,1,29.9,32,0.0,18.7,262,930.5,57,11.6,12.0,220.0,0.8,113.0,2.2
2026-03-01 17:00:00,2026,3,1,17,Sơn La,Xã Gia Phù,21.1792752,104.5565002,55,Moderate,1,28.5,35,0.0,12.4,253,930.7,2,11.5,11.9,251.0,1.9,107.0,2.2
2026-03-01 18:00:00,2026,3,1,18,Sơn La,Xã Gia Phù,21.1792752,104.5565002,57,Moderate,1,25.7,42,0.0,9.4,259,930.7,60,11.9,12.3,298.0,3.5,98.0,2.3
2026-03-01 19:00:00,2026,3,1,19,Sơn La,Xã Gia Phù,21.1792752,104.5565002,56,Moderate,1,24.6,49,0.0,7.9,297,930.8,20,16.4,16.9,339.0,6.3,91.0,3.0
2026-03-01 20:00:00,2026,3,1,20,Sơn La,Xã Gia Phù,21.1792752,104.5565002,56,Moderate,1,23.5,51,0.0,5.3,315,931.2,82,17.4,17.9,372.0,7.2,86.0,3.2
2026-03-01 21:00:00,2026,3,1,21,Sơn La,Xã Gia Phù,21.1792752,104.5565002,56,Moderate,1,21.8,55,0.0,4.5,323,931.7,75,18.0,18.5,400.0,8.5,80.0,3.5
2026-03-01 22:00:00,2026,3,1,22,Sơn La,Xã Gia Phù,21.1792752,104.5565002,56,Moderate,1,20.6,59,0.0,3.2,326,932.3,69,18.2,18.8,410.0,9.4,74.0,3.7
2026-03-01 23:00:00,2026,3,1,23,Sơn La,Xã Gia Phù,21.1792752,104.5565002,56,Moderate,1,19.8,63,0.0,2.2,336,932.5,24,18.5,19.1,388.0,9.6,71.0,3.7
2026-03-02 00:00:00,2026,3,2,0,Sơn La,Xã Gia Phù,21.1792752,104.5565002,56,Moderate,1,19.1,65,0.0,1.5,330,932.4,0,17.9,18.5,348.0,9.5,69.0,3.6
2026-03-02 01:00:00,2026,3,2,1,Sơn La,Xã Gia Phù,21.1792752,104.5565002,56,Moderate,1,19.0,65,0.0,1.9,331,932.3,2,17.3,17.9,317.0,9.6,66.0,3.5
2026-03-02 02:00:00,2026,3,2,2,Sơn La,Xã Gia Phù,21.1792752,104.5565002,56,Moderate,1,18.8,62,0.0,1.4,337,932.1,2,17.2,17.9,301.0,10.2,62.0,3.4
2026-03-02 03:00:00,2026,3,2,3,Sơn La,Xã Gia Phù,21.1792752,104.5565002,56,Moderate,1,18.3,61,0.0,2.1,340,931.9,0,17.6,18.3,294.0,11.0,56.0,3.4
2026-03-02 04:00:00,2026,3,2,4,Sơn La,Xã Gia Phù,21.1792752,104.5565002,57,Moderate,1,18.2,59,0.0,1.0,329,931.9,1,18.0,18.7,303.0,12.1,53.0,3.5
2026-03-02 05:00:00,2026,3,2,5,Sơn La,Xã Gia Phù,21.1792752,104.5565002,57,Moderate,1,17.9,58,0.0,1.5,330,932.6,1,18.5,19.2,343.0,14.2,50.0,4.0
2026-03-02 06:00:00,2026,3,2,6,Sơn La,Xã Gia Phù,21.1792752,104.5565002,57,Moderate,1,17.8,58,0.0,1.4,337,933.1,0,19.0,19.7,399.0,16.4,48.0,4.7
2026-03-02 07:00:00,2026,3,2,7,Sơn La,Xã Gia Phù,21.1792752,104.5565002,57,Moderate,1,19.0,57,0.0,0.7,346,934.3,3,9.0,9.3,430.0,13.2,65.0,4.3
2026-03-02 08:00:00,2026,3,2,8,Sơn La,Xã Gia Phù,21.1792752,104.5565002,56,Moderate,1,21.4,48,0.0,0.2,180,935.7,5,10.7,11.2,413.0,9.6,83.0,3.8
2026-03-02 09:00:00,2026,3,2,9,Sơn La,Xã Gia Phù,21.1792752,104.5565002,56,Moderate,1,23.0,49,0.0,1.8,174,936.6,7,4.1,4.2,371.0,4.6,108.0,3.1
2026-03-02 10:00:00,2026,3,2,10,Sơn La,Xã Gia Phù,21.1792752,104.5565002,55,Moderate,1,25.0,51,0.0,4.9,186,937.0,3,3.8,3.9,329.0,0.9,126.0,2.6
2026-03-02 11:00:00,2026,3,2,11,Sơn La,Xã Gia Phù,21.1792752,104.5565002,54,Moderate,1,27.2,47,0.0,7.9,200,936.6,16,6.8,7.0,292.0,0.0,132.0,2.6
2026-03-02 12:00:00,2026,3,2,12,Sơn La,Xã Gia Phù,21.1792752,104.5565002,54,Moderate,1,29.1,37,0.0,12.5,227,936.0,26,7.7,8.0,256.0,0.2,131.0,2.8
2026-03-02 13:00:00,2026,3,2,13,Sơn La,Xã Gia Phù,21.1792752,104.5565002,53,Moderate,1,29.8,31,0.0,12.0,246,935.0,14,8.1,8.4,230.0,0.6,130.0,2.9
2026-03-02 14:00:00,2026,3,2,14,Sơn La,Xã Gia Phù,21.1792752,104.5565002,53,Moderate,1,30.5,26,0.0,14.9,245,933.8,26,8.7,9.0,209.0,0.3,130.0,2.7
2026-03-02 15:00:00,2026,3,2,15,Sơn La,Xã Gia Phù,21.1792752,104.5565002,59,Moderate,1,30.3,29,0.0,16.9,248,933.0,41,9.2,9.5,199.0,0.0,130.0,2.5
2026-03-02 16:00:00,2026,3,2,16,Sơn La,Xã Gia Phù,21.1792752,104.5565002,73,Moderate,1,29.4,31,0.0,9.3,262,932.7,38,9.4,9.7,222.0,0.9,126.0,2.5
2026-03-02 17:00:00,2026,3,2,17,Sơn La,Xã Gia Phù,21.1792752,104.5565002,82,Moderate,1,28.3,49,0.0,3.8,265,932.5,8,9.7,10.0,311.0,3.7,117.0,2.9
2026-03-02 18:00:00,2026,3,2,18,Sơn La,Xã Gia Phù,21.1792752,104.5565002,84,Moderate,1,26.3,39,0.0,1.5,330,932.6,3,10.9,11.2,435.0,7.6,105.0,3.6
2026-03-02 19:00:00,2026,3,2,19,Sơn La,Xã Gia Phù,21.1792752,104.5565002,79,Moderate,1,24.5,40,0.0,3.9,323,932.5,6,20.2,20.7,521.0,8.6,100.0,3.8
2026-03-02 20:00:00,2026,3,2,20,Sơn La,Xã Gia Phù,21.1792752,104.5565002,73,Moderate,1,22.4,49,0.0,3.9,24,933.2,2,22.7,23.2,534.0,11.5,90.0,5.0
2026-03-02 21:00:00,2026,3,2,21,Sơn La,Xã Gia Phù,21.1792752,104.5565002,64,Moderate,1,20.6,68,0.0,5.1,32,934.2,2,27.2,27.7,510.0,15.5,76.0,6.7
2026-03-02 22:00:00,2026,3,2,22,Sơn La,Xã Gia Phù,21.1792752,104.5565002,54,Moderate,1,19.6,81,0.0,4.0,8,934.8,6,31.4,31.9,488.0,18.5,65.0,8.1
2026-03-02 23:00:00,2026,3,2,23,Sơn La,Xã Gia Phù,21.1792752,104.5565002,55,Moderate,1,19.3,82,0.0,2.7,352,934.9,54,34.3,34.8,485.0,20.0,58.0,8.9
2026-03-03 00:00:00,2026,3,3,0,Sơn La,Xã Gia Phù,21.1792752,104.5565002,56,Moderate,1,19.5,81,0.0,2.9,22,935.3,65,36.7,37.1,485.0,20.5,54.0,9.4
2026-03-03 01:00:00,2026,3,3,1,Sơn La,Xã Gia Phù,21.1792752,104.5565002,58,Moderate,1,20.2,71,0.0,1.8,354,934.9,48,38.9,39.5,472.0,19.8,54.0,9.8
2026-03-03 02:00:00,2026,3,3,2,Sơn La,Xã Gia Phù,21.1792752,104.5565002,60,Moderate,1,19.4,75,0.0,5.0,55,934.6,72,41.9,42.5,430.0,17.0,59.0,9.9
2026-03-03 03:00:00,2026,3,3,3,Sơn La,Xã Gia Phù,21.1792752,104.5565002,62,Moderate,1,18.8,81,0.0,6.4,50,935.0,79,43.5,44.1,376.0,13.0,68.0,9.9
2026-03-03 04:00:00,2026,3,3,4,Sơn La,Xã Gia Phù,21.1792752,104.5565002,64,Moderate,1,18.0,89,0.0,8.8,62,935.3,93,45.2,45.6,350.0,9.5,78.0,10.3
2026-03-03 05:00:00,2026,3,3,5,Sơn La,Xã Gia Phù,21.1792752,104.5565002,67,Moderate,1,17.5,92,0.0,8.0,63,936.0,100,49.1,49.7,382.0,7.2,88.0,11.6
2026-03-03 06:00:00,2026,3,3,6,Sơn La,Xã Gia Phù,21.1792752,104.5565002,70,Moderate,1,17.6,92,0.2,9.3,58,936.9,98,47.6,48.1,441.0,5.5,99.0,13.3
2026-03-03 07:00:00,2026,3,3,7,Sơn La,Xã Gia Phù,21.1792752,104.5565002,72,Moderate,1,18.1,99,0.1,8.7,86,937.1,100,31.2,31.4,482.0,5.1,103.0,13.4
2026-03-03 08:00:00,2026,3,3,8,Sơn La,Xã Gia Phù,21.1792752,104.5565002,74,Moderate,1,18.3,95,0.1,8.8,70,938.0,100,19.9,20.0,480.0,4.4,103.0,13.0
2026-03-03 09:00:00,2026,3,3,9,Sơn La,Xã Gia Phù,21.1792752,104.5565002,75,Moderate,1,19.6,79,0.0,10.7,70,939.1,100,12.2,12.3,459.0,3.4,102.0,12.3
2026-03-03 10:00:00,2026,3,3,10,Sơn La,Xã Gia Phù,21.1792752,104.5565002,76,Moderate,1,20.8,71,0.0,13.4,78,939.8,100,12.5,12.6,443.0,2.6,103.0,11.4
2026-03-03 11:00:00,2026,3,3,11,Sơn La,Xã Gia Phù,21.1792752,104.5565002,76,Moderate,1,21.7,66,0.0,14.2,83,939.9,99,12.5,12.6,440.0,2.1,105.0,10.0
2026-03-03 12:00:00,2026,3,3,12,Sơn La,Xã Gia Phù,21.1792752,104.5565002,77,Moderate,1,22.0,65,0.0,14.9,89,939.2,100,13.1,13.2,441.0,1.8,109.0,8.3
2026-03-03 13:00:00,2026,3,3,13,Sơn La,Xã Gia Phù,21.1792752,104.5565002,77,Moderate,1,21.2,70,0.0,13.3,91,938.3,100,14.4,14.6,445.0,1.7,111.0,7.0
2026-03-03 14:00:00,2026,3,3,14,Sơn La,Xã Gia Phù,21.1792752,104.5565002,78,Moderate,1,21.3,69,0.0,13.9,80,937.5,100,17.6,18.1,448.0,1.7,111.0,6.3
2026-03-03 15:00:00,2026,3,3,15,Sơn La,Xã Gia Phù,21.1792752,104.5565002,79,Moderate,1,21.3,69,0.0,15.7,77,936.9,100,18.6,19.0,452.0,2.0,111.0,5.9
2026-03-03 16:00:00,2026,3,3,16,Sơn La,Xã Gia Phù,21.1792752,104.5565002,79,Moderate,1,20.9,70,0.0,14.4,74,937.0,100,19.5,19.8,466.0,2.4,108.0,5.6
2026-03-03 17:00:00,2026,3,3,17,Sơn La,Xã Gia Phù,21.1792752,104.5565002,80,Moderate,1,19.9,75,0.0,15.5,70,937.3,100,21.1,21.2,499.0,3.3,101.0,5.5
2026-03-03 18:00:00,2026,3,3,18,Sơn La,Xã Gia Phù,21.1792752,104.5565002,81,Moderate,1,18.1,86,0.2,11.3,70,938.3,100,23.2,23.3,540.0,4.3,93.0,5.5
2026-03-03 19:00:00,2026,3,3,19,Sơn La,Xã Gia Phù,21.1792752,104.5565002,82,Moderate,1,18.7,84,0.1,8.6,54,938.5,100,41.1,41.3,567.0,5.7,91.0,10.4
2026-03-03 20:00:00,2026,3,3,20,Sơn La,Xã Gia Phù,21.1792752,104.5565002,84,Moderate,1,18.4,83,0.0,11.3,51,939.6,98,38.8,39.0,564.0,5.7,89.0,11.1
2026-03-03 21:00:00,2026,3,3,21,Sơn La,Xã Gia Phù,21.1792752,104.5565002,86,Moderate,1,18.2,81,0.0,10.9,61,940.8,100,36.6,36.8,546.0,5.8,87.0,12.1
2026-03-03 22:00:00,2026,3,3,22,Sơn La,Xã Gia Phù,21.1792752,104.5565002,87,Moderate,1,17.8,80,0.0,11.0,56,941.4,100,34.6,34.8,538.0,5.6,85.0,12.4
2026-03-03 23:00:00,2026,3,3,23,Sơn La,Xã Gia Phù,21.1792752,104.5565002,87,Moderate,1,17.5,80,0.0,10.5,68,941.4,100,34.1,34.2,555.0,5.1,83.0,11.5
2026-03-04 00:00:00,2026,3,4,0,Sơn La,Xã Gia Phù,21.1792752,104.5565002,87,Moderate,1,17.0,83,0.0,9.4,77,941.5,100,30.4,30.5,580.0,4.5,82.0,9.9
2026-03-04 01:00:00,2026,3,4,1,Sơn La,Xã Gia Phù,21.1792752,104.5565002,86,Moderate,1,16.8,88,0.0,7.2,86,941.5,100,26.9,27.0,592.0,3.9,81.0,8.3
2026-03-04 02:00:00,2026,3,4,2,Sơn La,Xã Gia Phù,21.1792752,104.5565002,85,Moderate,1,16.7,85,0.1,9.8,84,941.0,100,25.1,25.2,573.0,3.3,80.0,6.7
2026-03-04 03:00:00,2026,3,4,3,Sơn La,Xã Gia Phù,21.1792752,104.5565002,84,Moderate,1,16.1,89,0.1,10.2,82,940.6,100,24.2,24.3,541.0,2.8,80.0,5.1
2026-03-04 04:00:00,2026,3,4,4,Sơn La,Xã Gia Phù,21.1792752,104.5565002,82,Moderate,1,15.6,89,0.0,10.3,77,940.6,100,25.7,26.0,520.0,2.4,79.0,3.8
2026-03-04 05:00:00,2026,3,4,5,Sơn La,Xã Gia Phù,21.1792752,104.5565002,80,Moderate,1,15.3,88,0.0,9.3,77,940.9,100,24.0,24.3,528.0,2.2,78.0,3.0
2026-03-04 06:00:00,2026,3,4,6,Sơn La,Xã Gia Phù,21.1792752,104.5565002,78,Moderate,1,15.2,83,0.0,9.9,74,941.2,100,25.3,25.7,547.0,2.1,77.0,2.5
2026-03-04 07:00:00,2026,3,4,7,Sơn La,Xã Gia Phù,21.1792752,104.5565002,76,Moderate,1,14.9,79,0.0,8.4,75,941.6,100,47.3,48.0,555.0,4.3,65.0,7.6
2026-03-04 08:00:00,2026,3,4,8,Sơn La,Xã Gia Phù,21.1792752,104.5565002,78,Moderate,1,15.8,71,0.0,10.0,77,942.2,100,40.3,41.0,540.0,3.6,73.0,6.3
2026-03-04 09:00:00,2026,3,4,9,Sơn La,Xã Gia Phù,21.1792752,104.5565002,79,Moderate,1,17.0,65,0.0,11.9,84,942.8,94,29.9,30.7,513.0,2.5,85.0,4.4
2026-03-04 10:00:00,2026,3,4,10,Sơn La,Xã Gia Phù,21.1792752,104.5565002,81,Moderate,1,18.2,61,0.0,13.3,89,943.1,62,25.5,26.3,486.0,1.7,95.0,2.9
2026-03-04 11:00:00,2026,3,4,11,Sơn La,Xã Gia Phù,21.1792752,104.5565002,82,Moderate,1,19.4,59,0.0,14.6,94,942.8,34,21.0,21.8,459.0,1.2,102.0,2.0
2026-03-04 12:00:00,2026,3,4,12,Sơn La,Xã Gia Phù,21.1792752,104.5565002,83,Moderate,1,20.3,57,0.0,13.7,95,942.0,29,18.7,19.5,432.0,1.0,107.0,1.5
2026-03-04 13:00:00,2026,3,4,13,Sơn La,Xã Gia Phù,21.1792752,104.5565002,83,Moderate,1,20.6,57,0.0,10.5,102,940.7,100,18.3,19.3,414.0,0.8,111.0,1.1
2026-03-04 14:00:00,2026,3,4,14,Sơn La,Xã Gia Phù,21.1792752,104.5565002,84,Moderate,1,20.3,59,0.0,11.0,108,939.5,91,19.1,20.2,408.0,0.7,114.0,0.8
2026-03-04 15:00:00,2026,3,4,15,Sơn La,Xã Gia Phù,21.1792752,104.5565002,84,Moderate,1,20.4,59,0.0,10.9,109,938.5,88,20.0,21.4,412.0,0.6,115.0,0.7
2026-03-04 16:00:00,2026,3,4,16,Sơn La,Xã Gia Phù,21.1792752,104.5565002,84,Moderate,1,19.9,61,0.0,10.1,102,937.9,56,21.1,22.6,429.0,1.0,114.0,0.7
2026-03-04 17:00:00,2026,3,4,17,Sơn La,Xã Gia Phù,21.1792752,104.5565002,84,Moderate,1,19.3,64,0.0,9.6,84,937.8,23,22.2,23.9,465.0,2.0,109.0,0.9
2026-03-04 18:00:00,2026,3,4,18,Sơn La,Xã Gia Phù,21.1792752,104.5565002,84,Moderate,1,18.0,70,0.0,7.9,74,937.7,100,22.4,23.9,514.0,3.3,102.0,1.3
2026-03-04 19:00:00,2026,3,4,19,Sơn La,Xã Gia Phù,21.1792752,104.5565002,84,Moderate,1,16.6,78,0.0,5.0,38,937.4,45,31.4,32.6,557.0,4.0,95.0,3.0
2026-03-04 20:00:00,2026,3,4,20,Sơn La,Xã Gia Phù,21.1792752,104.5565002,83,Moderate,1,16.6,78,0.0,5.2,44,938.4,42,32.2,33.3,591.0,4.7,92.0,4.3
2026-03-04 21:00:00,2026,3,4,21,Sơn La,Xã Gia Phù,21.1792752,104.5565002,83,Moderate,1,15.8,82,0.0,5.4,37,939.0,45,33.3,34.2,619.0,5.6,87.0,6.1
2026-03-04 22:00:00,2026,3,4,22,Sơn La,Xã Gia Phù,21.1792752,104.5565002,82,Moderate,1,15.1,85,0.0,4.4,38,939.5,38,34.2,35.0,627.0,6.7,82.0,7.5
2026-03-04 23:00:00,2026,3,4,23,Sơn La,Xã Gia Phù,21.1792752,104.5565002,82,Moderate,1,14.6,86,0.0,4.2,25,939.4,20,36.2,37.1,604.0,8.1,76.0,8.2
2026-03-05 00:00:00,2026,3,5,0,Sơn La,Xã Gia Phù,21.1792752,104.5565002,83,Moderate,1,13.9,88,0.0,3.4,18,939.0,18,38.6,39.6,560.0,9.6,70.0,8.6
2026-03-05 01:00:00,2026,3,5,1,Sơn La,Xã Gia Phù,21.1792752,104.5565002,83,Moderate,1,13.7,87,0.0,3.0,33,938.8,21,40.6,41.4,519.0,10.5,64.0,8.6
2026-03-05 02:00:00,2026,3,5,2,Sơn La,Xã Gia Phù,21.1792752,104.5565002,84,Moderate,1,13.4,87,0.0,3.9,24,938.3,24,42.1,43.0,482.0,10.4,59.0,8.0
2026-03-05 03:00:00,2026,3,5,3,Sơn La,Xã Gia Phù,21.1792752,104.5565002,86,Moderate,1,12.9,88,0.0,3.8,25,937.9,29,43.5,44.4,446.0,9.8,55.0,7.0
2026-03-05 04:00:00,2026,3,5,4,Sơn La,Xã Gia Phù,21.1792752,104.5565002,88,Moderate,1,12.3,89,0.0,4.0,21,937.7,36,42.5,43.2,429.0,8.9,54.0,6.6
2026-03-05 05:00:00,2026,3,5,5,Sơn La,Xã Gia Phù,21.1792752,104.5565002,89,Moderate,1,12.1,89,0.0,4.1,15,937.9,43,40.6,41.2,446.0,7.8,59.0,7.3
2026-03-05 06:00:00,2026,3,5,6,Sơn La,Xã Gia Phù,21.1792752,104.5565002,91,Moderate,1,11.9,88,0.0,4.0,27,938.4,0,38.4,39.0,482.0,6.4,68.0,8.5
2026-03-05 07:00:00,2026,3,5,7,Sơn La,Xã Gia Phù,21.1792752,104.5565002,92,Moderate,1,13.3,85,0.0,4.3,45,939.1,0,49.1,49.8,505.0,5.9,78.0,9.6
2026-03-05 08:00:00,2026,3,5,8,Sơn La,Xã Gia Phù,21.1792752,104.5565002,92,Moderate,1,15.9,74,0.0,7.3,79,940.3,2,46.0,46.8,502.0,5.1,87.0,12.2
2026-03-05 09:00:00,2026,3,5,9,Sơn La,Xã Gia Phù,21.1792752,104.5565002,92,Moderate,1,17.6,66,0.0,8.7,97,941.2,14,42.8,44.0,487.0,4.1,99.0,15.7
2026-03-05 10:00:00,2026,3,5,10,Sơn La,Xã Gia Phù,21.1792752,104.5565002,94,Moderate,1,18.8,63,0.0,10.7,96,941.6,82,44.5,45.6,471.0,3.4,109.0,17.9
2026-03-05 11:00:00,2026,3,5,11,Sơn La,Xã Gia Phù,21.1792752,104.5565002,95,Moderate,1,20.3,60,0.0,11.7,94,941.5,75,46.3,47.4,455.0,3.3,114.0,17.6
2026-03-05 12:00:00,2026,3,5,12,Sơn La,Xã Gia Phù,21.1792752,104.5565002,98,Moderate,1,21.1,59,0.0,10.2,107,940.9,98,48.1,49.1,437.0,3.5,115.0,16.0
2026-03-05 13:00:00,2026,3,5,13,Sơn La,Xã Gia Phù,21.1792752,104.5565002,100,Moderate,1,20.7,59,0.0,7.3,121,940.4,69,49.6,50.6,423.0,3.9,116.0,14.6
2026-03-05 14:00:00,2026,3,5,14,Sơn La,Xã Gia Phù,21.1792752,104.5565002,103,Unhealthy for Sensitive Groups,2,20.9,59,0.0,11.4,108,939.1,73,51.1,52.0,415.0,4.3,116.0,13.8
2026-03-05 15:00:00,2026,3,5,15,Sơn La,Xã Gia Phù,21.1792752,104.5565002,107,Unhealthy for Sensitive Groups,2,21.1,59,0.0,12.8,96,938.4,97,52.6,53.6,411.0,4.7,115.0,13.3
2026-03-05 16:00:00,2026,3,5,16,Sơn La,Xã Gia Phù,21.1792752,104.5565002,110,Unhealthy for Sensitive Groups,2,19.9,65,0.0,15.4,80,938.2,100,52.5,53.2,412.0,5.4,112.0,13.0
2026-03-05 17:00:00,2026,3,5,17,Sơn La,Xã Gia Phù,21.1792752,104.5565002,113,Unhealthy for Sensitive Groups,2,18.5,71,0.0,11.9,70,938.5,100,51.1,51.7,419.0,6.5,106.0,13.2
2026-03-05 18:00:00,2026,3,5,18,Sơn La,Xã Gia Phù,21.1792752,104.5565002,116,Unhealthy for Sensitive Groups,2,17.6,75,0.0,10.0,70,938.9,100,51.8,52.4,431.0,7.8,99.0,13.7
2026-03-05 19:00:00,2026,3,5,19,Sơn La,Xã Gia Phù,21.1792752,104.5565002,119,Unhealthy for Sensitive Groups,2,16.6,81,0.0,9.3,61,939.3,100,56.5,57.0,443.0,9.3,89.0,15.3
2026-03-05 20:00:00,2026,3,5,20,Sơn La,Xã Gia Phù,21.1792752,104.5565002,122,Unhealthy for Sensitive Groups,2,16.7,80,0.0,8.9,66,940.4,100,50.5,51.1,453.0,9.4,87.0,16.8
2026-03-05 21:00:00,2026,3,5,21,Sơn La,Xã Gia Phù,21.1792752,104.5565002,124,Unhealthy for Sensitive Groups,2,16.6,80,0.0,9.4,61,941.3,100,50.5,51.1,463.0,9.5,85.0,18.9
2026-03-05 22:00:00,2026,3,5,22,Sơn La,Xã Gia Phù,21.1792752,104.5565002,126,Unhealthy for Sensitive Groups,2,16.3,82,0.0,10.3,61,941.4,100,52.2,52.9,476.0,9.3,83.0,20.5
2026-03-05 23:00:00,2026,3,5,23,Sơn La,Xã Gia Phù,21.1792752,104.5565002,128,Unhealthy for Sensitive Groups,2,16.3,82,0.0,9.8,66,941.9,100,52.5,53.2,496.0,8.5,83.0,21.3
2026-03-06 00:00:00,2026,3,6,0,Sơn La,Xã Gia Phù,21.1792752,104.5565002,129,Unhealthy for Sensitive Groups,2,16.3,82,0.0,7.6,76,942.1,100,51.8,52.5,518.0,7.3,84.0,21.6
2026-03-06 01:00:00,2026,3,6,1,Sơn La,Xã Gia Phù,21.1792752,104.5565002,131,Unhealthy for Sensitive Groups,2,16.2,84,0.0,7.9,77,942.0,98,47.6,48.3,533.0,6.3,84.0,21.6
2026-03-06 02:00:00,2026,3,6,2,Sơn La,Xã Gia Phù,21.1792752,104.5565002,131,Unhealthy for Sensitive Groups,2,16.2,84,0.0,7.9,78,941.5,100,44.7,45.4,531.0,5.6,84.0,21.2
2026-03-06 03:00:00,2026,3,6,3,Sơn La,Xã Gia Phù,21.1792752,104.5565002,132,Unhealthy for Sensitive Groups,2,16.1,86,0.0,7.2,76,941.3,100,42.8,43.4,521.0,5.0,83.0,20.4
2026-03-06 04:00:00,2026,3,6,4,Sơn La,Xã Gia Phù,21.1792752,104.5565002,132,Unhealthy for Sensitive Groups,2,16.0,87,0.2,6.6,68,941.0,100,41.0,41.6,521.0,4.5,83.0,19.8
2026-03-06 05:00:00,2026,3,6,5,Sơn La,Xã Gia Phù,21.1792752,104.5565002,132,Unhealthy for Sensitive Groups,2,15.7,92,0.1,6.2,60,941.0,100,39.2,39.9,547.0,4.2,83.0,19.5
2026-03-06 06:00:00,2026,3,6,6,Sơn La,Xã Gia Phù,21.1792752,104.5565002,131,Unhealthy for Sensitive Groups,2,15.7,91,0.0,5.5,67,941.5,100,37.8,38.4,583.0,4.1,83.0,19.3
2026-03-06 07:00:00,2026,3,6,7,Sơn La,Xã Gia Phù,21.1792752,104.5565002,131,Unhealthy for Sensitive Groups,2,15.8,93,0.0,5.5,71,942.4,100,46.7,47.4,600.0,4.0,77.0,19.7
2026-03-06 08:00:00,2026,3,6,8,Sơn La,Xã Gia Phù,21.1792752,104.5565002,131,Unhealthy for Sensitive Groups,2,16.3,89,0.0,6.6,74,943.4,100,38.9,39.6,579.0,3.7,80.0,21.0
2026-03-06 09:00:00,2026,3,6,9,Sơn La,Xã Gia Phù,21.1792752,104.5565002,130,Unhealthy for Sensitive Groups,2,17.1,83,0.0,7.4,77,943.9,100,31.1,31.8,540.0,3.3,85.0,22.7
2026-03-06 10:00:00,2026,3,6,10,Sơn La,Xã Gia Phù,21.1792752,104.5565002,129,Unhealthy for Sensitive Groups,2,18.3,75,0.0,7.6,89,943.9,57,31.2,32.0,508.0,2.9,90.0,22.6
2026-03-06 11:00:00,2026,3,6,11,Sơn La,Xã Gia Phù,21.1792752,104.5565002,128,Unhealthy for Sensitive Groups,2,20.3,66,0.0,7.2,109,943.5,100,28.7,29.4,498.0,2.5,95.0,19.3
2026-03-06 12:00:00,2026,3,6,12,Sơn La,Xã Gia Phù,21.1792752,104.5565002,126,Unhealthy for Sensitive Groups,2,20.8,64,0.0,8.9,114,942.7,100,34.1,34.9,497.0,2.1,99.0,14.4
2026-03-06 13:00:00,2026,3,6,13,Sơn La,Xã Gia Phù,21.1792752,104.5565002,124,Unhealthy for Sensitive Groups,2,21.7,59,0.0,7.7,131,941.4,80,35.7,36.6,488.0,1.8,103.0,10.2
2026-03-06 14:00:00,2026,3,6,14,Sơn La,Xã Gia Phù,21.1792752,104.5565002,123,Unhealthy for Sensitive Groups,2,22.1,59,0.0,7.3,147,940.1,100,34.2,34.9,458.0,1.4,107.0,7.7
2026-03-06 15:00:00,2026,3,6,15,Sơn La,Xã Gia Phù,21.1792752,104.5565002,121,Unhealthy for Sensitive Groups,2,22.2,58,0.0,7.0,136,939.4,79,30.5,31.1,421.0,1.2,110.0,6.0
2026-03-06 16:00:00,2026,3,6,16,Sơn La,Xã Gia Phù,21.1792752,104.5565002,119,Unhealthy for Sensitive Groups,2,22.0,58,0.0,9.0,125,939.2,48,29.7,30.3,407.0,1.5,110.0,5.0
2026-03-06 17:00:00,2026,3,6,17,Sơn La,Xã Gia Phù,21.1792752,104.5565002,117,Unhealthy for Sensitive Groups,2,21.0,62,0.0,9.6,94,938.8,96,29.7,30.3,438.0,3.0,104.0,4.7
2026-03-06 18:00:00,2026,3,6,18,Sơn La,Xã Gia Phù,21.1792752,104.5565002,114,Unhealthy for Sensitive Groups,2,19.2,72,0.0,7.6,62,938.6,48,32.5,32.9,493.0,5.1,95.0,5.2
2026-03-06 19:00:00,2026,3,6,19,Sơn La,Xã Gia Phù,21.1792752,104.5565002,112,Unhealthy for Sensitive Groups,2,17.9,79,0.0,5.6,45,938.8,27,42.3,42.8,535.0,6.3,95.0,6.7
2026-03-06 20:00:00,2026,3,6,20,Sơn La,Xã Gia Phù,21.1792752,104.5565002,111,Unhealthy for Sensitive Groups,2,17.3,83,0.0,6.0,37,939.6,99,47.8,48.5,551.0,7.3,92.0,8.4
2026-03-06 21:00:00,2026,3,6,21,Sơn La,Xã Gia Phù,21.1792752,104.5565002,111,Unhealthy for Sensitive Groups,2,16.9,86,0.0,4.9,28,940.6,65,53.2,53.9,554.0,8.6,87.0,10.8
2026-03-06 22:00:00,2026,3,6,22,Sơn La,Xã Gia Phù,21.1792752,104.5565002,111,Unhealthy for Sensitive Groups,2,16.3,88,0.0,4.8,25,940.5,66,61.5,62.2,549.0,9.6,83.0,13.3
2026-03-06 23:00:00,2026,3,6,23,Sơn La,Xã Gia Phù,21.1792752,104.5565002,112,Unhealthy for Sensitive Groups,2,15.7,89,0.0,4.9,17,940.6,81,65.7,66.4,534.0,9.9,81.0,15.9
2026-03-07 00:00:00,2026,3,7,0,Sơn La,Xã Gia Phù,21.1792752,104.5565002,113,Unhealthy for Sensitive Groups,2,15.4,90,0.0,3.8,17,941.0,48,66.4,67.1,511.0,9.8,79.0,18.5
2026-03-07 01:00:00,2026,3,7,1,Sơn La,Xã Gia Phù,21.1792752,104.5565002,115,Unhealthy for Sensitive Groups,2,15.5,92,0.0,4.1,23,940.9,100,64.0,64.7,486.0,9.3,77.0,20.2
2026-03-07 02:00:00,2026,3,7,2,Sơn La,Xã Gia Phù,21.1792752,104.5565002,116,Unhealthy for Sensitive Groups,2,15.8,92,0.0,4.5,14,940.9,100,58.8,59.4,455.0,8.4,74.0,20.7
2026-03-07 03:00:00,2026,3,7,3,Sơn La,Xã Gia Phù,21.1792752,104.5565002,118,Unhealthy for Sensitive Groups,2,15.5,93,0.1,5.1,10,940.4,99,48.4,48.9,423.0,7.2,71.0,20.4
2026-03-07 04:00:00,2026,3,7,4,Sơn La,Xã Gia Phù,21.1792752,104.5565002,118,Unhealthy for Sensitive Groups,2,16.3,89,0.0,4.6,11,940.4,100,39.1,39.5,413.0,6.0,71.0,19.2
2026-03-07 05:00:00,2026,3,7,5,Sơn La,Xã Gia Phù,21.1792752,104.5565002,118,Unhealthy for Sensitive Groups,2,16.2,91,0.0,2.8,18,940.8,100,29.8,30.2,450.0,4.7,76.0,16.9
2026-03-07 06:00:00,2026,3,7,6,Sơn La,Xã Gia Phù,21.1792752,104.5565002,117,Unhealthy for Sensitive Groups,2,16.4,91,0.0,1.8,45,941.6,100,27.0,27.3,509.0,3.4,85.0,13.7
2026-03-07 07:00:00,2026,3,7,7,Sơn La,Xã Gia Phù,21.1792752,104.5565002,116,Unhealthy for Sensitive Groups,2,16.4,92,0.0,2.5,45,942.0,100,24.5,25.0,540.0,2.3,95.0,8.2
2026-03-07 08:00:00,2026,3,7,8,Sơn La,Xã Gia Phù,21.1792752,104.5565002,114,Unhealthy for Sensitive Groups,2,17.5,86,0.1,3.0,52,942.6,100,23.5,23.9,513.0,2.1,97.0,6.5
2026-03-07 09:00:00,2026,3,7,9,Sơn La,Xã Gia Phù,21.1792752,104.5565002,112,Unhealthy for Sensitive Groups,2,18.3,82,0.1,2.4,81,943.2,99,23.2,23.6,457.0,1.9,100.0,4.1
2026-03-07 10:00:00,2026,3,7,10,Sơn La,Xã Gia Phù,21.1792752,104.5565002,111,Unhealthy for Sensitive Groups,2,19.7,73,0.0,3.0,115,943.4,72,26.1,26.7,409.0,1.7,103.0,2.3
2026-03-07 11:00:00,2026,3,7,11,Sơn La,Xã Gia Phù,21.1792752,104.5565002,111,Unhealthy for Sensitive Groups,2,21.5,65,0.0,3.1,121,943.0,98,24.2,24.9,383.0,1.5,104.0,1.4
2026-03-07 12:00:00,2026,3,7,12,Sơn La,Xã Gia Phù,21.1792752,104.5565002,110,Unhealthy for Sensitive Groups,2,22.9,60,0.0,6.5,152,941.9,96,24.4,25.2,366.0,1.3,104.0,1.0
2026-03-07 13:00:00,2026,3,7,13,Sơn La,Xã Gia Phù,21.1792752,104.5565002,109,Unhealthy for Sensitive Groups,2,23.3,58,0.0,7.6,183,941.1,82,26.3,27.0,355.0,1.2,105.0,1.1
2026-03-07 14:00:00,2026,3,7,14,Sơn La,Xã Gia Phù,21.1792752,104.5565002,108,Unhealthy for Sensitive Groups,2,22.6,60,0.0,9.2,145,939.9,73,38.9,40.4,348.0,1.2,107.0,1.7
2026-03-07 15:00:00,2026,3,7,15,Sơn La,Xã Gia Phù,21.1792752,104.5565002,109,Unhealthy for Sensitive Groups,2,22.5,60,0.0,9.0,112,939.1,89,29.5,30.4,348.0,1.4,111.0,2.7
2026-03-07 16:00:00,2026,3,7,16,Sơn La,Xã Gia Phù,21.1792752,104.5565002,109,Unhealthy for Sensitive Groups,2,22.7,60,0.0,10.1,100,939.0,91,31.8,32.7,362.0,1.8,112.0,3.8
2026-03-07 17:00:00,2026,3,7,17,Sơn La,Xã Gia Phù,21.1792752,104.5565002,109,Unhealthy for Sensitive Groups,2,21.9,63,0.0,9.6,81,938.9,31,35.6,36.8,403.0,2.7,111.0,4.7
2026-03-07 18:00:00,2026,3,7,18,Sơn La,Xã Gia Phù,21.1792752,104.5565002,110,Unhealthy for Sensitive Groups,2,20.0,73,0.0,8.1,55,938.8,55,38.9,40.0,459.0,4.0,108.0,5.7
2026-03-07 19:00:00,2026,3,7,19,Sơn La,Xã Gia Phù,21.1792752,104.5565002,110,Unhealthy for Sensitive Groups,2,18.9,79,0.0,6.8,50,939.5,97,61.7,63.6,501.0,5.7,98.0,5.7
2026-03-07 20:00:00,2026,3,7,20,Sơn La,Xã Gia Phù,21.1792752,104.5565002,112,Unhealthy for Sensitive Groups,2,18.6,81,0.0,7.0,50,940.4,98,59.0,60.5,518.0,5.9,101.0,8.2
2026-03-07 21:00:00,2026,3,7,21,Sơn La,Xã Gia Phù,21.1792752,104.5565002,113,Unhealthy for Sensitive Groups,2,18.7,81,0.0,7.1,60,941.3,100,58.0,59.4,523.0,6.0,104.0,11.5
2026-03-07 22:00:00,2026,3,7,22,Sơn La,Xã Gia Phù,21.1792752,104.5565002,114,Unhealthy for Sensitive Groups,2,18.2,84,0.0,5.9,63,941.7,100,54.6,56.2,521.0,6.1,106.0,13.9
2026-03-07 23:00:00,2026,3,7,23,Sơn La,Xã Gia Phù,21.1792752,104.5565002,113,Unhealthy for Sensitive Groups,2,18.0,85,0.0,7.1,71,942.0,100,53.0,54.6,515.0,5.9,104.0,14.4
2026-03-08 00:00:00,2026,3,8,0,Sơn La,Xã Gia Phù,21.1792752,104.5565002,112,Unhealthy for Sensitive Groups,2,17.6,87,0.0,6.6,74,942.2,100,51.5,53.0,503.0,5.6,100.0,13.9
2026-03-08 01:00:00,2026,3,8,1,Sơn La,Xã Gia Phù,21.1792752,104.5565002,110,Unhealthy for Sensitive Groups,2,17.6,88,0.0,5.2,65,941.8,100,49.2,50.9,490.0,5.2,96.0,13.1
2026-03-08 02:00:00,2026,3,8,2,Sơn La,Xã Gia Phù,21.1792752,104.5565002,109,Unhealthy for Sensitive Groups,2,17.6,89,0.1,5.6,65,941.4,100,46.1,47.7,473.0,4.7,94.0,12.2
2026-03-08 03:00:00,2026,3,8,3,Sơn La,Xã Gia Phù,21.1792752,104.5565002,108,Unhealthy for Sensitive Groups,2,17.3,93,0.2,5.1,72,940.9,100,43.4,44.9,455.0,4.2,93.0,11.1
2026-03-08 04:00:00,2026,3,8,4,Sơn La,Xã Gia Phù,21.1792752,104.5565002,107,Unhealthy for Sensitive Groups,2,17.2,93,0.1,5.0,75,940.6,100,42.4,43.9,447.0,3.8,92.0,10.0
2026-03-08 05:00:00,2026,3,8,5,Sơn La,Xã Gia Phù,21.1792752,104.5565002,107,Unhealthy for Sensitive Groups,2,16.6,97,0.5,4.2,65,941.0,100,37.4,38.8,464.0,3.5,92.0,9.0
2026-03-08 06:00:00,2026,3,8,6,Sơn La,Xã Gia Phù,21.1792752,104.5565002,108,Unhealthy for Sensitive Groups,2,16.8,97,0.8,3.2,63,941.5,100,32.0,33.2,493.0,3.2,92.0,8.1
2026-03-08 07:00:00,2026,3,8,7,Sơn La,Xã Gia Phù,21.1792752,104.5565002,109,Unhealthy for Sensitive Groups,2,17.1,93,1.8,3.7,51,942.0,100,28.2,29.3,501.0,3.8,88.0,6.3
2026-03-08 08:00:00,2026,3,8,8,Sơn La,Xã Gia Phù,21.1792752,104.5565002,109,Unhealthy for Sensitive Groups,2,17.3,95,0.6,3.0,73,942.5,73,15.4,16.1,469.0,3.4,92.0,5.7
2026-03-08 09:00:00,2026,3,8,9,Sơn La,Xã Gia Phù,21.1792752,104.5565002,108,Unhealthy for Sensitive Groups,2,19.0,84,0.5,3.9,103,943.1,67,12.2,12.6,417.0,2.8,96.0,4.8
2026-03-08 10:00:00,2026,3,8,10,Sơn La,Xã Gia Phù,21.1792752,104.5565002,107,Unhealthy for Sensitive Groups,2,20.3,75,0.1,4.2,149,943.3,48,13.0,13.4,377.0,2.3,101.0,3.9
2026-03-08 11:00:00,2026,3,8,11,Sơn La,Xã Gia Phù,21.1792752,104.5565002,106,Unhealthy for Sensitive Groups,2,21.8,68,0.0,5.0,161,942.8,55,13.9,14.6,362.0,1.8,105.0,2.9
2026-03-08 12:00:00,2026,3,8,12,Sơn La,Xã Gia Phù,21.1792752,104.5565002,105,Unhealthy for Sensitive Groups,2,22.7,64,0.1,6.8,180,941.8,79,21.0,22.1,359.0,1.4,108.0,1.9
2026-03-08 13:00:00,2026,3,8,13,Sơn La,Xã Gia Phù,21.1792752,104.5565002,104,Unhealthy for Sensitive Groups,2,22.7,64,0.1,5.5,193,940.9,52,18.3,19.1,360.0,1.1,110.0,1.1
2026-03-08 14:00:00,2026,3,8,14,Sơn La,Xã Gia Phù,21.1792752,104.5565002,103,Unhealthy for Sensitive Groups,2,24.0,60,0.0,8.0,172,939.7,29,19.2,20.1,362.0,0.9,112.0,0.7
2026-03-08 15:00:00,2026,3,8,15,Sơn La,Xã Gia Phù,21.1792752,104.5565002,101,Unhealthy for Sensitive Groups,2,24.4,59,0.0,8.5,152,938.9,35,19.3,20.2,369.0,0.8,113.0,0.6
2026-03-08 16:00:00,2026,3,8,16,Sơn La,Xã Gia Phù,21.1792752,104.5565002,100,Moderate,1,23.7,61,0.0,11.2,108,938.6,49,20.4,21.4,381.0,1.1,112.0,0.7
2026-03-08 17:00:00,2026,3,8,17,Sơn La,Xã Gia Phù,21.1792752,104.5565002,99,Moderate,1,22.1,69,0.0,12.5,78,938.7,85,22.0,23.2,404.0,2.0,107.0,1.2
2026-03-08 18:00:00,2026,3,8,18,Sơn La,Xã Gia Phù,21.1792752,104.5565002,98,Moderate,1,20.5,80,0.0,10.6,48,939.0,100,29.1,30.9,432.0,3.4,99.0,1.9
2026-03-08 19:00:00,2026,3,8,19,Sơn La,Xã Gia Phù,21.1792752,104.5565002,97,Moderate,1,19.3,90,0.3,8.0,42,939.9,100,45.6,48.1,451.0,4.3,98.0,3.2
2026-03-08 20:00:00,2026,3,8,20,Sơn La,Xã Gia Phù,21.1792752,104.5565002,96,Moderate,1,18.8,95,0.4,8.4,43,940.4,100,42.8,44.8,453.0,5.4,93.0,5.4
2026-03-08 21:00:00,2026,3,8,21,Sơn La,Xã Gia Phù,21.1792752,104.5565002,94,Moderate,1,18.5,96,0.3,6.4,50,941.2,100,39.9,41.8,446.0,6.9,85.0,8.3
2026-03-08 22:00:00,2026,3,8,22,Sơn La,Xã Gia Phù,21.1792752,104.5565002,93,Moderate,1,18.5,96,0.2,5.7,53,941.9,100,39.2,41.2,435.0,7.9,79.0,10.6
2026-03-08 23:00:00,2026,3,8,23,Sơn La,Xã Gia Phù,21.1792752,104.5565002,91,Moderate,1,18.4,96,0.3,4.8,48,942.4,100,37.3,39.0,425.0,8.1,75.0,11.4
2026-03-09 00:00:00,2026,3,9,0,Sơn La,Xã Gia Phù,21.1792752,104.5565002,90,Moderate,1,18.3,96,0.2,5.4,50,942.7,100,34.9,36.6,412.0,7.8,73.0,11.6
2026-03-09 01:00:00,2026,3,9,1,Sơn La,Xã Gia Phù,21.1792752,104.5565002,88,Moderate,1,18.3,95,0.1,4.2,54,942.1,100,33.1,34.7,392.0,7.4,72.0,11.5
2026-03-09 02:00:00,2026,3,9,2,Sơn La,Xã Gia Phù,21.1792752,104.5565002,87,Moderate,1,18.2,96,0.2,4.8,79,941.7,100,29.9,31.3,355.0,6.8,72.0,11.4
2026-03-09 03:00:00,2026,3,9,3,Sơn La,Xã Gia Phù,21.1792752,104.5565002,86,Moderate,1,17.9,97,0.3,5.2,76,941.6,100,27.0,28.3,311.0,6.1,73.0,11.0
2026-03-09 04:00:00,2026,3,9,4,Sơn La,Xã Gia Phù,21.1792752,104.5565002,84,Moderate,1,17.7,98,0.2,4.5,88,941.5,100,22.1,23.2,288.0,5.5,74.0,10.7
2026-03-09 05:00:00,2026,3,9,5,Sơn La,Xã Gia Phù,21.1792752,104.5565002,82,Moderate,1,17.6,98,0.1,5.2,86,942.2,99,14.6,15.3,309.0,5.1,74.0,10.5
2026-03-09 06:00:00,2026,3,9,6,Sơn La,Xã Gia Phù,21.1792752,104.5565002,80,Moderate,1,17.4,98,0.1,6.1,67,942.7,97,11.1,11.7,351.0,4.9,73.0,10.2
2026-03-09 07:00:00,2026,3,9,7,Sơn La,Xã Gia Phù,21.1792752,104.5565002,79,Moderate,1,17.9,95,0.1,4.5,40,943.2,99,7.9,8.4,378.0,2.9,83.0,2.6
2026-03-09 08:00:00,2026,3,9,8,Sơn La,Xã Gia Phù,21.1792752,104.5565002,77,Moderate,1,18.4,94,1.4,7.8,75,944.2,78,7.9,8.3,369.0,3.0,87.0,2.9
2026-03-09 09:00:00,2026,3,9,9,Sơn La,Xã Gia Phù,21.1792752,104.5565002,76,Moderate,1,18.8,95,0.4,8.5,77,945.1,100,7.6,8.1,343.0,3.1,92.0,3.4
2026-03-09 10:00:00,2026,3,9,10,Sơn La,Xã Gia Phù,21.1792752,104.5565002,76,Moderate,1,18.6,97,1.2,9.6,77,945.8,100,9.6,10.2,325.0,3.2,96.0,3.7
2026-03-09 11:00:00,2026,3,9,11,Sơn La,Xã Gia Phù,21.1792752,104.5565002,75,Moderate,1,18.6,99,0.9,9.2,78,945.8,100,11.3,12.0,317.0,3.3,99.0,3.7
2026-03-09 12:00:00,2026,3,9,12,Sơn La,Xã Gia Phù,21.1792752,104.5565002,75,Moderate,1,18.1,99,0.7,9.2,67,945.1,100,10.9,11.5,315.0,3.5,102.0,3.6
2026-03-09 13:00:00,2026,3,9,13,Sơn La,Xã Gia Phù,21.1792752,104.5565002,74,Moderate,1,19.8,77,1.2,15.4,79,945.0,100,10.4,11.1,334.0,4.0,102.0,4.0
2026-03-09 14:00:00,2026,3,9,14,Sơn La,Xã Gia Phù,21.1792752,104.5565002,74,Moderate,1,17.0,95,0.6,20.8,65,944.4,100,12.2,12.9,391.0,5.1,97.0,5.4
2026-03-09 15:00:00,2026,3,9,15,Sơn La,Xã Gia Phù,21.1792752,104.5565002,73,Moderate,1,15.9,88,0.3,16.1,72,944.4,100,13.8,14.4,469.0,6.4,90.0,7.3
2026-03-09 16:00:00,2026,3,9,16,Sơn La,Xã Gia Phù,21.1792752,104.5565002,72,Moderate,1,16.0,84,0.2,15.2,84,944.7,100,12.9,13.2,524.0,7.1,84.0,8.2
2026-03-09 17:00:00,2026,3,9,17,Sơn La,Xã Gia Phù,21.1792752,104.5565002,72,Moderate,1,15.5,78,0.0,13.5,87,945.0,100,8.8,9.0,535.0,6.5,83.0,7.2
2026-03-09 18:00:00,2026,3,9,18,Sơn La,Xã Gia Phù,21.1792752,104.5565002,71,Moderate,1,15.4,69,0.0,13.7,80,945.4,100,6.5,6.6,523.0,5.4,83.0,5.1
2026-03-09 19:00:00,2026,3,9,19,Sơn La,Xã Gia Phù,21.1792752,104.5565002,69,Moderate,1,15.2,70,0.0,12.1,78,945.5,70,14.8,15.1,514.0,3.7,86.0,3.4
2026-03-09 20:00:00,2026,3,9,20,Sơn La,Xã Gia Phù,21.1792752,104.5565002,66,Moderate,1,15.0,66,0.0,11.9,79,946.4,91,14.8,15.1,516.0,3.5,87.0,3.5
2026-03-09 21:00:00,2026,3,9,21,Sơn La,Xã Gia Phù,21.1792752,104.5565002,63,Moderate,1,15.2,64,0.0,11.8,82,947.0,89,14.1,14.4,521.0,3.3,87.0,3.7
2026-03-09 22:00:00,2026,3,9,22,Sơn La,Xã Gia Phù,21.1792752,104.5565002,61,Moderate,1,15.0,64,0.0,10.9,81,947.6,100,13.5,13.8,523.0,3.2,87.0,3.9
2026-03-09 23:00:00,2026,3,9,23,Sơn La,Xã Gia Phù,21.1792752,104.5565002,59,Moderate,1,14.9,66,0.0,10.8,85,947.8,100,13.0,13.3,521.0,3.4,85.0,4.3
2026-03-10 00:00:00,2026,3,10,0,Sơn La,Xã Gia Phù,21.1792752,104.5565002,57,Moderate,1,15.0,68,0.0,10.8,92,947.9,100,14.0,14.2,517.0,3.9,81.0,4.7
2026-03-10 01:00:00,2026,3,10,1,Sơn La,Xã Gia Phù,21.1792752,104.5565002,55,Moderate,1,15.2,68,0.0,11.2,86,947.2,100,15.0,15.3,513.0,4.3,77.0,5.0
2026-03-10 02:00:00,2026,3,10,2,Sơn La,Xã Gia Phù,21.1792752,104.5565002,53,Moderate,1,14.9,70,0.0,11.7,93,946.9,100,15.8,16.1,507.0,4.6,72.0,5.1
2026-03-10 03:00:00,2026,3,10,3,Sơn La,Xã Gia Phù,21.1792752,104.5565002,52,Moderate,1,14.2,72,0.0,10.7,84,946.6,99,16.9,17.2,502.0,5.0,67.0,5.1
2026-03-10 04:00:00,2026,3,10,4,Sơn La,Xã Gia Phù,21.1792752,104.5565002,51,Moderate,1,13.4,73,0.0,9.2,79,946.2,100,17.8,18.0,506.0,5.4,62.0,5.1
2026-03-10 05:00:00,2026,3,10,5,Sơn La,Xã Gia Phù,21.1792752,104.5565002,51,Moderate,1,13.1,74,0.0,8.5,77,946.4,100,18.8,19.0,531.0,6.3,55.0,5.3
2026-03-10 06:00:00,2026,3,10,6,Sơn La,Xã Gia Phù,21.1792752,104.5565002,51,Moderate,1,12.8,75,0.0,8.1,73,946.6,85,19.7,20.0,565.0,7.3,49.0,5.6
2026-03-10 07:00:00,2026,3,10,7,Sơn La,Xã Gia Phù,21.1792752,104.5565002,52,Moderate,1,13.4,78,0.0,7.8,75,947.3,89,2.1,2.1,583.0,7.8,62.0,8.7
2026-03-10 08:00:00,2026,3,10,8,Sơn La,Xã Gia Phù,21.1792752,104.5565002,51,Moderate,1,14.6,70,0.0,11.4,86,948.1,45,0.4,0.4,569.0,6.1,74.0,7.7
2026-03-10 09:00:00,2026,3,10,9,Sơn La,Xã Gia Phù,21.1792752,104.5565002,51,Moderate,1,16.0,62,0.0,13.2,86,948.9,57,0.8,0.8,539.0,3.8,92.0,6.4
2026-03-10 10:00:00,2026,3,10,10,Sơn La,Xã Gia Phù,21.1792752,104.5565002,50,Good,0,17.3,56,0.0,14.1,94,948.7,23,1.4,1.5,515.0,2.0,107.0,5.4
2026-03-10 11:00:00,2026,3,10,11,Sơn La,Xã Gia Phù,21.1792752,104.5565002,49,Good,0,18.7,51,0.0,13.2,96,948.0,23,2.3,2.4,509.0,1.3,117.0,5.0
2026-03-10 12:00:00,2026,3,10,12,Sơn La,Xã Gia Phù,21.1792752,104.5565002,47,Good,0,19.1,51,0.0,12.7,83,946.7,20,3.1,3.3,509.0,1.1,124.0,4.8
2026-03-10 13:00:00,2026,3,10,13,Sơn La,Xã Gia Phù,21.1792752,104.5565002,46,Good,0,20.0,49,0.0,9.0,110,946.0,26,3.8,3.9,505.0,1.0,130.0,4.7
2026-03-10 14:00:00,2026,3,10,14,Sơn La,Xã Gia Phù,21.1792752,104.5565002,44,Good,0,20.0,50,0.0,8.2,113,944.9,18,4.3,4.5,485.0,0.8,135.0,4.5
2026-03-10 15:00:00,2026,3,10,15,Sơn La,Xã Gia Phù,21.1792752,104.5565002,49,Good,0,20.0,50,0.0,7.1,100,943.7,99,4.7,4.8,461.0,0.8,138.0,4.4
2026-03-10 16:00:00,2026,3,10,16,Sơn La,Xã Gia Phù,21.1792752,104.5565002,62,Moderate,1,19.9,50,0.0,4.5,88,943.2,100,4.9,5.1,463.0,1.2,137.0,4.4
2026-03-10 17:00:00,2026,3,10,17,Sơn La,Xã Gia Phù,21.1792752,104.5565002,75,Moderate,1,19.5,52,0.0,6.1,88,942.3,100,5.2,5.3,515.0,2.5,129.0,4.4
2026-03-10 18:00:00,2026,3,10,18,Sơn La,Xã Gia Phù,21.1792752,104.5565002,83,Moderate,1,18.2,57,0.0,7.2,76,942.3,90,5.7,5.8,593.0,4.2,118.0,4.5
2026-03-10 19:00:00,2026,3,10,19,Sơn La,Xã Gia Phù,21.1792752,104.5565002,85,Moderate,1,17.5,62,0.0,4.7,62,943.0,98,20.0,21.4,649.0,5.3,100.0,2.9
2026-03-10 20:00:00,2026,3,10,20,Sơn La,Xã Gia Phù,21.1792752,104.5565002,82,Moderate,1,16.5,65,0.0,7.5,53,943.4,100,18.2,19.2,663.0,5.6,96.0,3.5
2026-03-10 21:00:00,2026,3,10,21,Sơn La,Xã Gia Phù,21.1792752,104.5565002,76,Moderate,1,15.5,70,0.0,6.5,46,943.7,36,17.5,18.2,656.0,6.1,91.0,4.4
2026-03-10 22:00:00,2026,3,10,22,Sơn La,Xã Gia Phù,21.1792752,104.5565002,67,Moderate,1,14.0,77,0.0,6.1,43,943.9,99,17.1,17.6,645.0,6.6,88.0,5.3
2026-03-10 23:00:00,2026,3,10,23,Sơn La,Xã Gia Phù,21.1792752,104.5565002,57,Moderate,1,13.8,77,0.0,5.3,33,943.9,100,18.2,18.6,634.0,7.3,87.0,6.2
2026-03-11 00:00:00,2026,3,11,0,Sơn La,Xã Gia Phù,21.1792752,104.5565002,49,Good,0,14.0,75,0.0,4.0,27,943.7,71,19.4,19.8,618.0,8.0,88.0,7.0
2026-03-11 01:00:00,2026,3,11,1,Sơn La,Xã Gia Phù,21.1792752,104.5565002,46,Good,0,13.3,79,0.0,3.3,36,943.4,36,20.8,21.1,600.0,8.5,89.0,7.7
2026-03-11 02:00:00,2026,3,11,2,Sơn La,Xã Gia Phù,21.1792752,104.5565002,45,Good,0,13.1,79,0.0,3.8,41,942.7,27,21.7,22.0,573.0,8.5,89.0,8.1
2026-03-11 03:00:00,2026,3,11,3,Sơn La,Xã Gia Phù,21.1792752,104.5565002,46,Good,0,12.6,81,0.0,3.3,45,942.4,30,22.3,22.6,543.0,8.3,90.0,8.2
2026-03-11 04:00:00,2026,3,11,4,Sơn La,Xã Gia Phù,21.1792752,104.5565002,47,Good,0,12.4,81,0.0,2.8,45,942.1,34,22.9,23.2,532.0,8.3,90.0,8.4
2026-03-11 05:00:00,2026,3,11,5,Sơn La,Xã Gia Phù,21.1792752,104.5565002,48,Good,0,12.0,81,0.0,3.1,31,942.0,34,23.5,23.8,562.0,9.0,88.0,8.5
2026-03-11 06:00:00,2026,3,11,6,Sơn La,Xã Gia Phù,21.1792752,104.5565002,49,Good,0,11.6,83,0.0,3.7,39,942.1,30,24.4,24.7,610.0,9.8,86.0,8.5
2026-03-11 07:00:00,2026,3,11,7,Sơn La,Xã Gia Phù,21.1792752,104.5565002,49,Good,0,12.7,82,0.0,2.5,45,943.1,100,31.7,32.0,636.0,11.2,80.0,8.9
2026-03-11 08:00:00,2026,3,11,8,Sơn La,Xã Gia Phù,21.1792752,104.5565002,52,Moderate,1,14.5,73,0.0,6.0,80,944.1,59,30.9,31.2,614.0,8.5,95.0,11.0
2026-03-11 09:00:00,2026,3,11,9,Sơn La,Xã Gia Phù,21.1792752,104.5565002,55,Moderate,1,16.2,67,0.0,7.8,103,944.6,98,28.3,28.9,568.0,4.7,116.0,13.8
2026-03-11 10:00:00,2026,3,11,10,Sơn La,Xã Gia Phù,21.1792752,104.5565002,57,Moderate,1,17.6,63,0.0,7.9,110,944.6,100,26.1,26.9,531.0,1.9,132.0,15.2
2026-03-11 11:00:00,2026,3,11,11,Sơn La,Xã Gia Phù,21.1792752,104.5565002,60,Moderate,1,18.6,60,0.0,7.1,124,944.1,88,23.3,24.3,516.0,0.9,138.0,13.9
2026-03-11 12:00:00,2026,3,11,12,Sơn La,Xã Gia Phù,21.1792752,104.5565002,62,Moderate,1,19.9,57,0.0,7.3,126,942.8,42,24.7,26.0,509.0,0.8,139.0,11.3
2026-03-11 13:00:00,2026,3,11,13,Sơn La,Xã Gia Phù,21.1792752,104.5565002,63,Moderate,1,20.5,55,0.0,4.8,115,942.2,34,26.5,28.1,506.0,0.9,139.0,9.2
2026-03-11 14:00:00,2026,3,11,14,Sơn La,Xã Gia Phù,21.1792752,104.5565002,65,Moderate,1,20.6,55,0.0,12.1,94,940.7,41,28.4,30.2,505.0,0.9,139.0,8.2
2026-03-11 15:00:00,2026,3,11,15,Sơn La,Xã Gia Phù,21.1792752,104.5565002,75,Moderate,1,19.5,60,0.0,15.6,79,939.9,73,29.8,31.5,508.0,1.1,138.0,7.8
2026-03-11 16:00:00,2026,3,11,16,Sơn La,Xã Gia Phù,21.1792752,104.5565002,87,Moderate,1,19.0,62,0.0,15.1,75,939.6,44,31.5,33.3,513.0,1.7,135.0,8.3
2026-03-11 17:00:00,2026,3,11,17,Sơn La,Xã Gia Phù,21.1792752,104.5565002,95,Moderate,1,17.7,67,0.0,15.5,72,939.7,71,33.8,35.2,517.0,3.3,130.0,10.3
2026-03-11 18:00:00,2026,3,11,18,Sơn La,Xã Gia Phù,21.1792752,104.5565002,98,Moderate,1,16.3,73,0.0,13.9,59,939.9,81,35.5,36.3,523.0,5.3,123.0,13.3
2026-03-11 19:00:00,2026,3,11,19,Sơn La,Xã Gia Phù,21.1792752,104.5565002,96,Moderate,1,15.9,77,0.0,10.5,52,940.7,90,39.0,39.5,535.0,8.3,114.0,19.7
2026-03-11 20:00:00,2026,3,11,20,Sơn La,Xã Gia Phù,21.1792752,104.5565002,91,Moderate,1,16.0,77,0.0,9.0,46,941.7,100,38.6,39.0,559.0,8.0,111.0,20.5
2026-03-11 21:00:00,2026,3,11,21,Sơn La,Xã Gia Phù,21.1792752,104.5565002,85,Moderate,1,15.8,78,0.0,7.8,44,942.0,100,37.6,37.8,589.0,7.6,107.0,21.6
2026-03-11 22:00:00,2026,3,11,22,Sơn La,Xã Gia Phù,21.1792752,104.5565002,83,Moderate,1,15.2,82,0.0,5.9,52,942.4,99,37.3,37.6,613.0,7.1,103.0,22.2
2026-03-11 23:00:00,2026,3,11,23,Sơn La,Xã Gia Phù,21.1792752,104.5565002,84,Moderate,1,14.8,83,0.0,6.2,46,942.3,99,37.3,37.6,627.0,6.5,101.0,21.9
2026-03-12 00:00:00,2026,3,12,0,Sơn La,Xã Gia Phù,21.1792752,104.5565002,86,Moderate,1,14.5,84,0.0,4.8,42,942.4,100,36.9,37.3,634.0,5.9,99.0,21.0
2026-03-12 01:00:00,2026,3,12,1,Sơn La,Xã Gia Phù,21.1792752,104.5565002,88,Moderate,1,15.6,80,0.0,4.8,59,942.3,98,36.6,37.0,631.0,5.6,95.0,19.8
2026-03-12 02:00:00,2026,3,12,2,Sơn La,Xã Gia Phù,21.1792752,104.5565002,89,Moderate,1,15.5,80,0.0,5.1,73,941.7,100,36.8,37.1,609.0,6.0,87.0,18.2
2026-03-12 03:00:00,2026,3,12,3,Sơn La,Xã Gia Phù,21.1792752,104.5565002,90,Moderate,1,15.7,79,0.0,6.3,63,941.6,100,37.3,37.6,577.0,6.8,76.0,16.4
2026-03-12 04:00:00,2026,3,12,4,Sơn La,Xã Gia Phù,21.1792752,104.5565002,92,Moderate,1,15.9,78,0.0,6.6,64,941.7,100,40.6,41.0,564.0,7.4,68.0,15.0
2026-03-12 05:00:00,2026,3,12,5,Sơn La,Xã Gia Phù,21.1792752,104.5565002,93,Moderate,1,15.8,78,0.0,6.9,65,942.2,100,42.1,42.5,594.0,7.9,62.0,14.2
2026-03-12 06:00:00,2026,3,12,6,Sơn La,Xã Gia Phù,21.1792752,104.5565002,95,Moderate,1,15.8,78,0.0,6.9,67,942.7,100,43.7,44.1,644.0,8.3,59.0,13.9
2026-03-12 07:00:00,2026,3,12,7,Sơn La,Xã Gia Phù,21.1792752,104.5565002,97,Moderate,1,15.7,82,0.0,8.0,65,943.4,100,33.2,33.5,668.0,4.9,86.0,15.6
2026-03-12 08:00:00,2026,3,12,8,Sơn La,Xã Gia Phù,21.1792752,104.5565002,97,Moderate,1,16.2,79,0.0,8.6,79,944.4,100,33.2,33.6,639.0,4.1,93.0,17.0
2026-03-12 09:00:00,2026,3,12,9,Sơn La,Xã Gia Phù,21.1792752,104.5565002,97,Moderate,1,16.7,77,0.0,11.1,74,944.8,100,32.6,33.1,584.0,3.0,102.0,19.0
2026-03-12 10:00:00,2026,3,12,10,Sơn La,Xã Gia Phù,21.1792752,104.5565002,97,Moderate,1,18.3,68,0.0,14.6,74,945.3,100,34.1,34.7,543.0,2.2,110.0,20.3
2026-03-12 11:00:00,2026,3,12,11,Sơn La,Xã Gia Phù,21.1792752,104.5565002,98,Moderate,1,18.8,64,0.0,15.3,78,944.7,100,41.4,42.3,528.0,1.8,113.0,20.6
2026-03-12 12:00:00,2026,3,12,12,Sơn La,Xã Gia Phù,21.1792752,104.5565002,100,Moderate,1,19.7,60,0.0,15.0,83,943.7,100,38.3,38.9,525.0,1.7,115.0,20.3
2026-03-12 13:00:00,2026,3,12,13,Sơn La,Xã Gia Phù,21.1792752,104.5565002,101,Unhealthy for Sensitive Groups,2,18.8,64,0.0,13.0,84,942.9,100,46.2,47.0,535.0,1.6,116.0,19.0
2026-03-12 14:00:00,2026,3,12,14,Sơn La,Xã Gia Phù,21.1792752,104.5565002,103,Unhealthy for Sensitive Groups,2,19.3,62,0.0,14.0,81,941.9,100,38.5,39.1,563.0,1.5,118.0,15.9
2026-03-12 15:00:00,2026,3,12,15,Sơn La,Xã Gia Phù,21.1792752,104.5565002,104,Unhealthy for Sensitive Groups,2,19.2,63,0.0,15.0,80,941.0,82,39.0,39.6,603.0,1.5,121.0,11.8
2026-03-12 16:00:00,2026,3,12,16,Sơn La,Xã Gia Phù,21.1792752,104.5565002,105,Unhealthy for Sensitive Groups,2,18.7,66,0.0,14.7,82,940.8,67,37.7,38.3,638.0,1.7,122.0,8.6
2026-03-12 17:00:00,2026,3,12,17,Sơn La,Xã Gia Phù,21.1792752,104.5565002,106,Unhealthy for Sensitive Groups,2,17.9,69,0.0,14.2,70,940.5,97,38.1,38.6,665.0,2.2,123.0,7.0
2026-03-12 18:00:00,2026,3,12,18,Sơn La,Xã Gia Phù,21.1792752,104.5565002,106,Unhealthy for Sensitive Groups,2,17.3,72,0.0,9.6,62,941.0,100,41.4,42.0,687.0,3.0,123.0,6.4
2026-03-12 19:00:00,2026,3,12,19,Sơn La,Xã Gia Phù,21.1792752,104.5565002,107,Unhealthy for Sensitive Groups,2,16.9,70,0.0,7.0,50,941.9,94,54.0,54.8,701.0,4.2,122.0,8.4
2026-03-12 20:00:00,2026,3,12,20,Sơn La,Xã Gia Phù,21.1792752,104.5565002,108,Unhealthy for Sensitive Groups,2,16.5,73,0.0,6.6,41,942.1,86,53.6,54.4,708.0,5.0,115.0,8.5
2026-03-12 21:00:00,2026,3,12,21,Sơn La,Xã Gia Phù,21.1792752,104.5565002,110,Unhealthy for Sensitive Groups,2,16.2,74,0.0,4.4,32,942.4,48,53.6,54.2,706.0,6.2,105.0,8.7
2026-03-12 22:00:00,2026,3,12,22,Sơn La,Xã Gia Phù,21.1792752,104.5565002,112,Unhealthy for Sensitive Groups,2,15.5,76,0.0,3.0,33,942.9,25,53.7,54.4,694.0,7.1,96.0,8.7
2026-03-12 23:00:00,2026,3,12,23,Sơn La,Xã Gia Phù,21.1792752,104.5565002,113,Unhealthy for Sensitive Groups,2,14.8,77,0.0,3.7,55,943.0,38,54.7,55.6,662.0,7.7,90.0,8.5
2026-03-13 00:00:00,2026,3,13,0,Sơn La,Xã Gia Phù,21.1792752,104.5565002,115,Unhealthy for Sensitive Groups,2,14.5,78,0.0,4.3,57,943.1,48,54.7,55.6,619.0,8.0,86.0,8.1
2026-03-13 01:00:00,2026,3,13,1,Sơn La,Xã Gia Phù,21.1792752,104.5565002,117,Unhealthy for Sensitive Groups,2,14.2,81,0.0,5.4,37,942.9,53,54.4,55.4,585.0,8.0,83.0,7.5
2026-03-13 02:00:00,2026,3,13,2,Sơn La,Xã Gia Phù,21.1792752,104.5565002,119,Unhealthy for Sensitive Groups,2,14.3,76,0.0,5.6,33,942.4,44,53.2,54.2,566.0,7.3,82.0,6.5
2026-03-13 03:00:00,2026,3,13,3,Sơn La,Xã Gia Phù,21.1792752,104.5565002,121,Unhealthy for Sensitive Groups,2,13.8,77,0.0,5.6,42,941.9,57,50.9,51.9,556.0,6.2,83.0,5.4
2026-03-13 04:00:00,2026,3,13,4,Sơn La,Xã Gia Phù,21.1792752,104.5565002,122,Unhealthy for Sensitive Groups,2,13.9,80,0.0,5.4,48,942.2,80,47.8,48.8,553.0,5.3,85.0,4.6
2026-03-13 05:00:00,2026,3,13,5,Sơn La,Xã Gia Phù,21.1792752,104.5565002,123,Unhealthy for Sensitive Groups,2,14.3,81,0.0,6.1,50,943.1,80,45.5,46.4,565.0,5.0,86.0,4.2
2026-03-13 06:00:00,2026,3,13,6,Sơn La,Xã Gia Phù,21.1792752,104.5565002,123,Unhealthy for Sensitive Groups,2,14.4,82,0.0,6.1,47,943.7,88,43.9,44.8,584.0,4.9,87.0,4.2
2026-03-13 07:00:00,2026,3,13,7,Sơn La,Xã Gia Phù,21.1792752,104.5565002,123,Unhealthy for Sensitive Groups,2,15.2,79,0.0,5.0,55,944.6,100,57.7,59.8,580.0,4.5,101.0,10.3
2026-03-13 08:00:00,2026,3,13,8,Sơn La,Xã Gia Phù,21.1792752,104.5565002,126,Unhealthy for Sensitive Groups,2,16.5,72,0.0,8.3,68,945.6,66,61.0,63.8,531.0,3.5,107.0,9.8
2026-03-13 09:00:00,2026,3,13,9,Sơn La,Xã Gia Phù,21.1792752,104.5565002,129,Unhealthy for Sensitive Groups,2,17.4,66,0.0,11.1,68,946.4,22,56.1,59.3,459.0,2.2,115.0,9.1
2026-03-13 10:00:00,2026,3,13,10,Sơn La,Xã Gia Phù,21.1792752,104.5565002,131,Unhealthy for Sensitive Groups,2,19.0,51,0.0,14.5,68,946.6,20,35.4,38.4,399.0,1.2,122.0,8.1
2026-03-13 11:00:00,2026,3,13,11,Sơn La,Xã Gia Phù,21.1792752,104.5565002,131,Unhealthy for Sensitive Groups,2,20.2,46,0.0,13.8,78,946.1,47,26.5,29.3,364.0,0.8,127.0,6.7
2026-03-13 12:00:00,2026,3,13,12,Sơn La,Xã Gia Phù,21.1792752,104.5565002,130,Unhealthy for Sensitive Groups,2,21.2,42,0.0,13.4,85,944.7,77,22.4,24.8,341.0,0.6,131.0,5.0
2026-03-13 13:00:00,2026,3,13,13,Sơn La,Xã Gia Phù,21.1792752,104.5565002,128,Unhealthy for Sensitive Groups,2,20.8,43,0.0,11.8,98,944.1,97,21.4,23.6,332.0,0.7,135.0,3.9
2026-03-13 14:00:00,2026,3,13,14,Sơn La,Xã Gia Phù,21.1792752,104.5565002,125,Unhealthy for Sensitive Groups,2,20.9,43,0.0,12.5,98,942.8,99,22.8,24.7,335.0,0.8,140.0,3.5
2026-03-13 15:00:00,2026,3,13,15,Sơn La,Xã Gia Phù,21.1792752,104.5565002,124,Unhealthy for Sensitive Groups,2,20.7,44,0.0,11.5,98,942.2,92,25.6,27.2,352.0,1.2,146.0,3.6
2026-03-13 16:00:00,2026,3,13,16,Sơn La,Xã Gia Phù,21.1792752,104.5565002,122,Unhealthy for Sensitive Groups,2,20.4,45,0.0,12.1,90,942.0,98,28.2,29.7,385.0,1.8,149.0,4.3
2026-03-13 17:00:00,2026,3,13,17,Sơn La,Xã Gia Phù,21.1792752,104.5565002,121,Unhealthy for Sensitive Groups,2,19.6,48,0.0,12.1,70,941.5,77,30.5,31.8,451.0,2.9,150.0,5.8
2026-03-13 18:00:00,2026,3,13,18,Sơn La,Xã Gia Phù,21.1792752,104.5565002,121,Unhealthy for Sensitive Groups,2,17.9,55,0.0,10.9,66,941.7,66,32.1,33.3,533.0,4.2,150.0,7.7
2026-03-13 19:00:00,2026,3,13,19,Sơn La,Xã Gia Phù,21.1792752,104.5565002,120,Unhealthy for Sensitive Groups,2,16.7,59,0.0,8.2,38,942.4,54,35.6,36.9,588.0,4.8,142.0,8.8
2026-03-13 20:00:00,2026,3,13,20,Sơn La,Xã Gia Phù,21.1792752,104.5565002,118,Unhealthy for Sensitive Groups,2,16.0,62,0.0,7.7,25,943.3,63,37.5,38.8,593.0,5.8,134.0,10.1
2026-03-13 21:00:00,2026,3,13,21,Sơn La,Xã Gia Phù,21.1792752,104.5565002,116,Unhealthy for Sensitive Groups,2,15.5,65,0.0,7.3,23,944.0,48,38.9,40.2,570.0,7.2,122.0,11.9
2026-03-13 22:00:00,2026,3,13,22,Sơn La,Xã Gia Phù,21.1792752,104.5565002,114,Unhealthy for Sensitive Groups,2,14.8,68,0.0,6.0,16,943.9,20,39.7,41.1,546.0,8.4,113.0,13.5
2026-03-13 23:00:00,2026,3,13,23,Sơn La,Xã Gia Phù,21.1792752,104.5565002,113,Unhealthy for Sensitive Groups,2,14.1,72,0.0,4.6,9,944.0,13,43.5,44.9,530.0,9.2,108.0,14.8
2026-03-14 00:00:00,2026,3,14,0,Sơn La,Xã Gia Phù,21.1792752,104.5565002,112,Unhealthy for Sensitive Groups,2,13.6,75,0.0,3.8,17,943.7,15,47.5,49.1,513.0,9.9,105.0,15.9
2026-03-14 01:00:00,2026,3,14,1,Sơn La,Xã Gia Phù,21.1792752,104.5565002,111,Unhealthy for Sensitive Groups,2,13.3,79,0.0,4.0,27,943.3,11,51.1,52.7,490.0,10.4,102.0,16.9
2026-03-14 02:00:00,2026,3,14,2,Sơn La,Xã Gia Phù,21.1792752,104.5565002,111,Unhealthy for Sensitive Groups,2,13.0,80,0.0,4.2,18,942.4,10,54.0,55.8,450.0,10.6,100.0,17.8
2026-03-14 03:00:00,2026,3,14,3,Sơn La,Xã Gia Phù,21.1792752,104.5565002,111,Unhealthy for Sensitive Groups,2,12.7,81,0.0,3.7,14,942.1,13,56.5,58.3,404.0,10.6,100.0,18.5
2026-03-14 04:00:00,2026,3,14,4,Sơn La,Xã Gia Phù,21.1792752,104.5565002,111,Unhealthy for Sensitive Groups,2,12.6,81,0.0,3.2,16,942.2,16,58.6,60.3,382.0,10.7,97.0,18.7
2026-03-14 05:00:00,2026,3,14,5,Sơn La,Xã Gia Phù,21.1792752,104.5565002,112,Unhealthy for Sensitive Groups,2,12.6,81,0.0,3.1,21,942.4,19,60.1,61.9,412.0,11.4,89.0,18.4
2026-03-14 06:00:00,2026,3,14,6,Sơn La,Xã Gia Phù,21.1792752,104.5565002,114,Unhealthy for Sensitive Groups,2,12.6,80,0.0,2.6,25,943.5,28,61.2,63.1,465.0,12.3,79.0,17.6
2026-03-14 07:00:00,2026,3,14,7,Sơn La,Xã Gia Phù,21.1792752,104.5565002,116,Unhealthy for Sensitive Groups,2,14.2,79,0.0,1.7,41,944.3,21,51.2,52.9,490.0,9.6,81.0,15.3
2026-03-14 08:00:00,2026,3,14,8,Sơn La,Xã Gia Phù,21.1792752,104.5565002,115,Unhealthy for Sensitive Groups,2,16.1,72,0.0,2.9,90,945.5,20,29.9,32.2,453.0,7.1,94.0,11.4
2026-03-14 09:00:00,2026,3,14,9,Sơn La,Xã Gia Phù,21.1792752,104.5565002,112,Unhealthy for Sensitive Groups,2,17.4,70,0.0,4.9,100,946.2,16,28.0,30.5,387.0,3.6,113.0,6.2
2026-03-14 10:00:00,2026,3,14,10,Sơn La,Xã Gia Phù,21.1792752,104.5565002,109,Unhealthy for Sensitive Groups,2,19.0,65,0.0,7.0,119,946.1,84,27.9,30.4,336.0,1.1,126.0,2.3
2026-03-14 11:00:00,2026,3,14,11,Sơn La,Xã Gia Phù,21.1792752,104.5565002,108,Unhealthy for Sensitive Groups,2,19.6,64,0.0,7.8,142,945.7,98,20.4,22.0,321.0,0.6,128.0,1.3
2026-03-14 12:00:00,2026,3,14,12,Sơn La,Xã Gia Phù,21.1792752,104.5565002,108,Unhealthy for Sensitive Groups,2,20.3,62,0.0,6.7,144,944.7,67,21.0,22.5,322.0,1.0,125.0,1.7
2026-03-14 13:00:00,2026,3,14,13,Sơn La,Xã Gia Phù,21.1792752,104.5565002,107,Unhealthy for Sensitive Groups,2,21.3,56,0.0,6.4,153,944.5,62,19.4,20.5,323.0,1.4,123.0,2.3
2026-03-14 14:00:00,2026,3,14,14,Sơn La,Xã Gia Phù,21.1792752,104.5565002,107,Unhealthy for Sensitive Groups,2,21.8,54,0.0,8.5,134,943.1,80,18.4,19.4,314.0,1.2,125.0,2.4
2026-03-14 15:00:00,2026,3,14,15,Sơn La,Xã Gia Phù,21.1792752,104.5565002,107,Unhealthy for Sensitive Groups,2,22.1,53,0.0,10.7,131,942.2,83,19.4,20.3,304.0,1.0,129.0,2.6
2026-03-14 16:00:00,2026,3,14,16,Sơn La,Xã Gia Phù,21.1792752,104.5565002,106,Unhealthy for Sensitive Groups,2,21.3,57,0.0,13.0,119,941.6,100,20.7,21.6,305.0,1.6,129.0,3.3
2026-03-14 17:00:00,2026,3,14,17,Sơn La,Xã Gia Phù,21.1792752,104.5565002,105,Unhealthy for Sensitive Groups,2,19.7,66,0.0,11.7,94,941.4,99,17.6,18.3,328.0,3.7,123.0,4.8
2026-03-14 18:00:00,2026,3,14,18,Sơn La,Xã Gia Phù,21.1792752,104.5565002,104,Unhealthy for Sensitive Groups,2,18.1,77,0.0,8.4,79,941.9,100,18.3,19.0,362.0,6.6,115.0,6.9
2026-03-14 19:00:00,2026,3,14,19,Sơn La,Xã Gia Phù,21.1792752,104.5565002,103,Unhealthy for Sensitive Groups,2,17.0,85,0.0,6.5,58,942.6,95,28.9,30.2,383.0,9.0,104.0,9.4
2026-03-14 20:00:00,2026,3,14,20,Sơn La,Xã Gia Phù,21.1792752,104.5565002,102,Unhealthy for Sensitive Groups,2,16.9,89,0.1,7.5,50,943.6,100,28.6,29.7,377.0,9.0,102.0,10.5
2026-03-14 21:00:00,2026,3,14,21,Sơn La,Xã Gia Phù,21.1792752,104.5565002,101,Unhealthy for Sensitive Groups,2,16.8,90,0.2,6.3,53,944.5,91,27.4,28.5,359.0,9.1,99.0,12.1
2026-03-14 22:00:00,2026,3,14,22,Sơn La,Xã Gia Phù,21.1792752,104.5565002,100,Moderate,1,16.5,92,0.0,4.7,72,944.4,55,25.0,26.0,348.0,8.9,95.0,13.1
2026-03-14 23:00:00,2026,3,14,23,Sơn La,Xã Gia Phù,21.1792752,104.5565002,98,Moderate,1,16.0,93,0.0,3.6,53,944.0,95,25.0,26.0,356.0,8.4,91.0,13.0
2026-03-15 00:00:00,2026,3,15,0,Sơn La,Xã Gia Phù,21.1792752,104.5565002,97,Moderate,1,15.9,93,0.0,2.8,63,943.9,100,20.5,21.5,371.0,7.8,87.0,12.2
2026-03-15 01:00:00,2026,3,15,1,Sơn La,Xã Gia Phù,21.1792752,104.5565002,94,Moderate,1,15.9,91,0.0,3.2,34,943.4,100,21.6,22.5,380.0,7.1,83.0,11.7
2026-03-15 02:00:00,2026,3,15,2,Sơn La,Xã Gia Phù,21.1792752,104.5565002,92,Moderate,1,15.5,91,0.0,2.8,27,942.8,99,21.5,22.5,374.0,6.5,80.0,11.6
2026-03-15 03:00:00,2026,3,15,3,Sơn La,Xã Gia Phù,21.1792752,104.5565002,89,Moderate,1,15.6,90,0.0,1.9,22,942.7,100,20.4,21.4,362.0,5.8,78.0,11.7
2026-03-15 04:00:00,2026,3,15,4,Sơn La,Xã Gia Phù,21.1792752,104.5565002,86,Moderate,1,15.1,91,0.0,2.3,61,942.3,100,20.2,21.1,360.0,5.2,77.0,11.9
2026-03-15 05:00:00,2026,3,15,5,Sơn La,Xã Gia Phù,21.1792752,104.5565002,82,Moderate,1,14.8,93,0.0,1.7,58,942.7,100,18.6,19.4,383.0,4.6,78.0,12.4
2026-03-15 06:00:00,2026,3,15,6,Sơn La,Xã Gia Phù,21.1792752,104.5565002,79,Moderate,1,14.8,94,0.0,2.0,45,943.3,100,18.2,19.0,416.0,4.1,81.0,13.0
2026-03-15 07:00:00,2026,3,15,7,Sơn La,Xã Gia Phù,21.1792752,104.5565002,75,Moderate,1,16.0,92,0.0,1.8,45,944.0,100,23.3,24.9,425.0,3.3,86.0,13.7
2026-03-15 08:00:00,2026,3,15,8,Sơn La,Xã Gia Phù,21.1792752,104.5565002,72,Moderate,1,16.8,86,0.0,1.3,74,945.0,100,18.3,19.6,386.0,3.0,90.0,12.1
2026-03-15 09:00:00,2026,3,15,9,Sơn La,Xã Gia Phù,21.1792752,104.5565002,71,Moderate,1,17.8,80,0.0,2.3,141,945.7,93,15.6,16.6,323.0,2.5,96.0,9.7
2026-03-15 10:00:00,2026,3,15,10,Sơn La,Xã Gia Phù,21.1792752,104.5565002,70,Moderate,1,20.0,68,0.0,4.9,156,945.8,100,17.2,18.2,278.0,2.1,101.0,7.7
2026-03-15 11:00:00,2026,3,15,11,Sơn La,Xã Gia Phù,21.1792752,104.5565002,69,Moderate,1,20.2,67,0.0,4.8,146,945.1,100,19.7,20.7,271.0,1.7,105.0,6.3
2026-03-15 12:00:00,2026,3,15,12,Sơn La,Xã Gia Phù,21.1792752,104.5565002,69,Moderate,1,21.1,63,0.0,3.9,143,944.1,99,17.8,18.7,282.0,1.3,109.0,5.2
2026-03-15 13:00:00,2026,3,15,13,Sơn La,Xã Gia Phù,21.1792752,104.5565002,69,Moderate,1,21.9,58,0.0,5.6,155,943.7,72,17.6,18.5,293.0,1.0,112.0,4.2
2026-03-15 14:00:00,2026,3,15,14,Sơn La,Xã Gia Phù,21.1792752,104.5565002,69,Moderate,1,22.5,56,0.0,5.8,158,942.3,65,16.8,17.6,293.0,0.6,114.0,3.1
2026-03-15 15:00:00,2026,3,15,15,Sơn La,Xã Gia Phù,21.1792752,104.5565002,69,Moderate,1,22.9,54,0.0,6.6,139,941.2,70,16.3,17.2,293.0,0.3,115.0,2.1
2026-03-15 16:00:00,2026,3,15,16,Sơn La,Xã Gia Phù,21.1792752,104.5565002,68,Moderate,1,22.8,54,0.0,5.4,111,940.7,90,16.5,17.8,303.0,0.9,112.0,1.5
2026-03-15 17:00:00,2026,3,15,17,Sơn La,Xã Gia Phù,21.1792752,104.5565002,68,Moderate,1,22.2,56,0.0,6.2,111,940.8,100,17.8,19.3,330.0,3.1,103.0,1.5
2026-03-15 18:00:00,2026,3,15,18,Sơn La,Xã Gia Phù,21.1792752,104.5565002,68,Moderate,1,19.9,67,0.0,4.4,83,940.6,98,19.2,20.7,367.0,6.2,90.0,1.9
2026-03-15 19:00:00,2026,3,15,19,Sơn La,Xã Gia Phù,21.1792752,104.5565002,68,Moderate,1,18.8,80,0.0,5.7,49,940.9,88,24.6,25.8,403.0,5.4,86.0,3.6
2026-03-15 20:00:00,2026,3,15,20,Sơn La,Xã Gia Phù,21.1792752,104.5565002,68,Moderate,1,17.6,88,0.0,5.4,40,941.7,76,27.0,28.5,438.0,6.3,82.0,4.9
2026-03-15 21:00:00,2026,3,15,21,Sơn La,Xã Gia Phù,21.1792752,104.5565002,68,Moderate,1,16.8,93,0.0,4.7,23,942.4,98,27.8,29.6,473.0,7.5,76.0,6.6
2026-03-15 22:00:00,2026,3,15,22,Sơn La,Xã Gia Phù,21.1792752,104.5565002,68,Moderate,1,16.6,93,0.0,4.3,15,942.2,75,29.2,30.9,495.0,8.4,71.0,8.0
2026-03-15 23:00:00,2026,3,15,23,Sơn La,Xã Gia Phù,21.1792752,104.5565002,68,Moderate,1,16.0,94,0.0,2.9,360,942.0,70,30.5,32.0,499.0,8.8,67.0,8.8
2026-03-16 00:00:00,2026,3,16,0,Sơn La,Xã Gia Phù,21.1792752,104.5565002,68,Moderate,1,15.4,94,0.0,2.3,356,941.7,66,31.2,32.4,491.0,8.8,63.0,9.2
2026-03-16 01:00:00,2026,3,16,1,Sơn La,Xã Gia Phù,21.1792752,104.5565002,69,Moderate,1,16.1,92,0.0,2.2,360,940.9,56,32.6,33.8,479.0,8.3,62.0,9.4
2026-03-16 02:00:00,2026,3,16,2,Sơn La,Xã Gia Phù,21.1792752,104.5565002,70,Moderate,1,16.1,92,0.0,2.3,342,940.4,98,31.0,31.9,460.0,6.8,66.0,9.4
2026-03-16 03:00:00,2026,3,16,3,Sơn La,Xã Gia Phù,21.1792752,104.5565002,71,Moderate,1,16.3,90,0.0,1.3,315,939.5,53,22.9,23.7,437.0,4.8,72.0,9.0
2026-03-16 04:00:00,2026,3,16,4,Sơn La,Xã Gia Phù,21.1792752,104.5565002,71,Moderate,1,15.5,90,0.0,2.4,297,938.9,100,20.2,20.8,427.0,3.3,77.0,8.3
2026-03-16 05:00:00,2026,3,16,5,Sơn La,Xã Gia Phù,21.1792752,104.5565002,71,Moderate,1,16.1,86,0.0,0.7,284,939.3,100,19.4,20.0,449.0,2.7,80.0,6.9
2026-03-16 06:00:00,2026,3,16,6,Sơn La,Xã Gia Phù,21.1792752,104.5565002,72,Moderate,1,15.9,89,0.0,1.2,231,939.8,100,15.0,15.5,484.0,2.6,82.0,5.1
2026-03-16 07:00:00,2026,3,16,7,Sơn La,Xã Gia Phù,21.1792752,104.5565002,71,Moderate,1,15.5,92,0.0,4.0,300,940.9,99,11.8,12.1,486.0,2.5,83.0,4.4
2026-03-16 08:00:00,2026,3,16,8,Sơn La,Xã Gia Phù,21.1792752,104.5565002,70,Moderate,1,17.4,84,0.0,3.9,236,941.9,92,10.9,11.3,421.0,2.2,87.0,3.4
2026-03-16 09:00:00,2026,3,16,9,Sơn La,Xã Gia Phù,21.1792752,104.5565002,70,Moderate,1,19.3,76,0.0,4.8,222,942.5,52,10.2,10.5,324.0,1.7,93.0,2.0
2026-03-16 10:00:00,2026,3,16,10,Sơn La,Xã Gia Phù,21.1792752,104.5565002,69,Moderate,1,21.0,67,0.0,6.3,215,942.8,94,8.1,8.6,254.0,1.3,98.0,0.9
2026-03-16 11:00:00,2026,3,16,11,Sơn La,Xã Gia Phù,21.1792752,104.5565002,68,Moderate,1,22.3,62,0.0,6.9,200,942.4,86,8.9,9.6,241.0,1.0,102.0,0.5
2026-03-16 12:00:00,2026,3,16,12,Sơn La,Xã Gia Phù,21.1792752,104.5565002,67,Moderate,1,23.5,56,0.0,5.9,223,941.4,59,9.3,10.1,255.0,0.8,106.0,0.4
2026-03-16 13:00:00,2026,3,16,13,Sơn La,Xã Gia Phù,21.1792752,104.5565002,67,Moderate,1,24.2,53,0.1,8.7,218,940.8,28,10.2,11.4,272.0,0.7,109.0,0.4
2026-03-16 14:00:00,2026,3,16,14,Sơn La,Xã Gia Phù,21.1792752,104.5565002,66,Moderate,1,24.3,52,0.0,8.8,219,939.4,20,11.5,12.8,281.0,0.3,111.0,0.3
2026-03-16 15:00:00,2026,3,16,15,Sơn La,Xã Gia Phù,21.1792752,104.5565002,65,Moderate,1,24.7,50,0.0,6.3,207,938.1,50,13.0,15.4,293.0,0.0,112.0,0.3
2026-03-16 16:00:00,2026,3,16,16,Sơn La,Xã Gia Phù,21.1792752,104.5565002,65,Moderate,1,24.5,50,0.0,7.2,205,937.5,35,15.8,19.2,312.0,1.0,109.0,0.5
2026-03-16 17:00:00,2026,3,16,17,Sơn La,Xã Gia Phù,21.1792752,104.5565002,65,Moderate,1,23.8,55,0.0,2.3,198,937.0,30,15.3,18.3,346.0,4.4,98.0,1.1
2026-03-16 18:00:00,2026,3,16,18,Sơn La,Xã Gia Phù,21.1792752,104.5565002,65,Moderate,1,21.9,62,0.0,1.4,157,936.6,30,16.8,19.4,386.0,9.1,84.0,1.9
2026-03-16 19:00:00,2026,3,16,19,Sơn La,Xã Gia Phù,21.1792752,104.5565002,65,Moderate,1,20.9,67,0.0,0.7,346,936.9,22,18.3,21.1,412.0,10.2,86.0,2.2
2026-03-16 20:00:00,2026,3,16,20,Sơn La,Xã Gia Phù,21.1792752,104.5565002,64,Moderate,1,20.7,68,0.0,0.8,27,937.7,17,20.0,22.7,411.0,10.5,84.0,2.7
2026-03-16 21:00:00,2026,3,16,21,Sơn La,Xã Gia Phù,21.1792752,104.5565002,63,Moderate,1,20.1,71,0.0,1.1,81,938.5,13,21.0,23.7,395.0,11.0,81.0,3.5
2026-03-16 22:00:00,2026,3,16,22,Sơn La,Xã Gia Phù,21.1792752,104.5565002,63,Moderate,1,19.0,77,0.0,2.4,63,938.9,16,22.4,25.1,379.0,11.6,78.0,4.2
2026-03-16 23:00:00,2026,3,16,23,Sơn La,Xã Gia Phù,21.1792752,104.5565002,62,Moderate,1,18.3,80,0.0,1.5,60,939.0,13,24.4,27.0,367.0,12.4,74.0,4.9
2026-03-17 00:00:00,2026,3,17,0,Sơn La,Xã Gia Phù,21.1792752,104.5565002,62,Moderate,1,17.8,82,0.0,0.4,27,938.7,32,26.0,28.5,355.0,13.2,71.0,5.5
2026-03-17 01:00:00,2026,3,17,1,Sơn La,Xã Gia Phù,21.1792752,104.5565002,61,Moderate,1,18.2,82,0.0,0.5,270,938.2,23,27.0,29.5,343.0,13.5,67.0,5.9
2026-03-17 02:00:00,2026,3,17,2,Sơn La,Xã Gia Phù,21.1792752,104.5565002,61,Moderate,1,17.6,84,0.0,0.4,207,937.6,23,27.9,30.3,328.0,12.9,62.0,5.9
2026-03-17 03:00:00,2026,3,17,3,Sơn La,Xã Gia Phù,21.1792752,104.5565002,60,Moderate,1,17.0,88,0.0,0.2,180,936.8,13,27.4,29.7,314.0,11.7,58.0,5.5
2026-03-17 04:00:00,2026,3,17,4,Sơn La,Xã Gia Phù,21.1792752,104.5565002,61,Moderate,1,16.7,89,0.0,0.6,304,936.9,9,27.0,29.4,310.0,10.1,58.0,4.9
2026-03-17 05:00:00,2026,3,17,5,Sơn La,Xã Gia Phù,21.1792752,104.5565002,61,Moderate,1,16.2,89,0.0,2.4,257,937.1,67,26.4,28.6,329.0,7.9,65.0,3.8
2026-03-17 06:00:00,2026,3,17,6,Sơn La,Xã Gia Phù,21.1792752,104.5565002,62,Moderate,1,16.2,90,0.0,1.8,246,937.5,13,23.9,26.3,358.0,5.3,76.0,2.5
2026-03-17 07:00:00,2026,3,17,7,Sơn La,Xã Gia Phù,21.1792752,104.5565002,63,Moderate,1,16.3,92,0.0,0.4,207,938.4,6,23.3,25.1,373.0,4.4,76.0,1.4
2026-03-17 08:00:00,2026,3,17,8,Sơn La,Xã Gia Phù,21.1792752,104.5565002,64,Moderate,1,17.5,89,0.0,2.0,185,939.2,4,19.0,21.2,357.0,3.5,84.0,1.2
2026-03-17 09:00:00,2026,3,17,9,Sơn La,Xã Gia Phù,21.1792752,104.5565002,65,Moderate,1,19.9,77,0.0,4.0,198,940.1,2,18.5,20.8,326.0,2.2,96.0,0.9
2026-03-17 10:00:00,2026,3,17,10,Sơn La,Xã Gia Phù,21.1792752,104.5565002,65,Moderate,1,21.8,71,0.0,6.1,185,940.4,2,18.2,20.7,303.0,1.2,106.0,0.8
2026-03-17 11:00:00,2026,3,17,11,Sơn La,Xã Gia Phù,21.1792752,104.5565002,66,Moderate,1,23.8,64,0.0,6.8,209,940.1,16,19.6,22.4,297.0,0.8,112.0,1.1
2026-03-17 12:00:00,2026,3,17,12,Sơn La,Xã Gia Phù,21.1792752,104.5565002,67,Moderate,1,25.9,55,0.0,9.5,219,939.1,9,21.7,24.9,298.0,0.7,115.0,1.6
2026-03-17 13:00:00,2026,3,17,13,Sơn La,Xã Gia Phù,21.1792752,104.5565002,68,Moderate,1,27.0,51,0.0,14.3,241,938.5,45,25.0,29.3,302.0,0.7,118.0,1.9
2026-03-17 14:00:00,2026,3,17,14,Sơn La,Xã Gia Phù,21.1792752,104.5565002,70,Moderate,1,26.0,51,0.4,11.6,249,937.2,6,24.8,29.1,307.0,0.4,121.0,1.8
2026-03-17 15:00:00,2026,3,17,15,Sơn La,Xã Gia Phù,21.1792752,104.5565002,71,Moderate,1,27.1,47,0.0,11.2,232,936.3,20,26.5,31.9,315.0,0.3,122.0,1.4
2026-03-17 16:00:00,2026,3,17,16,Sơn La,Xã Gia Phù,21.1792752,104.5565002,72,Moderate,1,26.4,50,0.1,9.7,209,935.6,34,27.3,33.1,324.0,1.1,119.0,1.3
2026-03-17 17:00:00,2026,3,17,17,Sơn La,Xã Gia Phù,21.1792752,104.5565002,73,Moderate,1,24.6,57,0.0,6.1,194,936.0,37,40.9,49.5,336.0,3.8,108.0,1.6
2026-03-17 18:00:00,2026,3,17,18,Sơn La,Xã Gia Phù,21.1792752,104.5565002,75,Moderate,1,20.7,85,0.6,1.9,68,936.2,14,38.6,45.5,351.0,7.5,92.0,2.0
2026-03-17 19:00:00,2026,3,17,19,Sơn La,Xã Gia Phù,21.1792752,104.5565002,77,Moderate,1,21.1,74,0.0,3.2,63,936.3,9,38.6,45.1,363.0,8.2,87.0,2.4
2026-03-17 20:00:00,2026,3,17,20,Sơn La,Xã Gia Phù,21.1792752,104.5565002,79,Moderate,1,20.4,79,0.0,3.2,52,937.3,28,38.2,44.2,373.0,8.5,84.0,2.7
2026-03-17 21:00:00,2026,3,17,21,Sơn La,Xã Gia Phù,21.1792752,104.5565002,81,Moderate,1,20.0,79,0.0,1.9,22,938.1,78,37.3,42.6,381.0,8.9,80.0,3.2
2026-03-17 22:00:00,2026,3,17,22,Sơn La,Xã Gia Phù,21.1792752,104.5565002,82,Moderate,1,18.7,92,1.1,4.1,257,939.3,74,37.3,42.3,385.0,9.6,76.0,3.2
2026-03-17 23:00:00,2026,3,17,23,Sơn La,Xã Gia Phù,21.1792752,104.5565002,83,Moderate,1,18.5,88,0.0,3.3,279,938.7,1,38.4,43.0,381.0,11.1,71.0,2.5
2026-03-18 00:00:00,2026,3,18,0,Sơn La,Xã Gia Phù,21.1792752,104.5565002,85,Moderate,1,18.2,86,0.0,2.9,281,938.0,0,39.3,43.7,372.0,12.8,66.0,1.4
2026-03-18 01:00:00,2026,3,18,1,Sơn La,Xã Gia Phù,21.1792752,104.5565002,86,Moderate,1,17.9,89,0.0,2.0,297,937.5,0,46.9,51.0,364.0,13.4,62.0,0.5
2026-03-18 02:00:00,2026,3,18,2,Sơn La,Xã Gia Phù,21.1792752,104.5565002,88,Moderate,1,18.0,88,0.0,1.8,246,936.8,0,48.9,52.7,355.0,11.7,60.0,0.2
2026-03-18 03:00:00,2026,3,18,3,Sơn La,Xã Gia Phù,21.1792752,104.5565002,89,Moderate,1,17.7,89,0.0,0.9,270,936.8,2,45.2,48.7,347.0,8.9,60.0,0.1
2026-03-18 04:00:00,2026,3,18,4,Sơn La,Xã Gia Phù,21.1792752,104.5565002,91,Moderate,1,17.4,89,0.0,0.5,270,936.9,0,41.4,44.9,354.0,6.5,61.0,0.1
2026-03-18 05:00:00,2026,3,18,5,Sơn La,Xã Gia Phù,21.1792752,104.5565002,92,Moderate,1,17.1,90,0.0,0.0,270,937.3,0,40.5,43.9,394.0,5.3,63.0,0.1
2026-03-18 06:00:00,2026,3,18,6,Sơn La,Xã Gia Phù,21.1792752,104.5565002,94,Moderate,1,16.6,91,0.0,0.5,45,937.7,5,40.0,43.5,449.0,4.6,66.0,0.1
2026-03-18 07:00:00,2026,3,18,7,Sơn La,Xã Gia Phù,21.1792752,104.5565002,95,Moderate,1,17.4,89,0.0,2.4,73,939.0,6,28.9,32.9,475.0,3.3,83.0,0.2
2026-03-18 08:00:00,2026,3,18,8,Sơn La,Xã Gia Phù,21.1792752,104.5565002,95,Moderate,1,18.7,88,0.0,4.5,85,940.4,32,28.2,32.7,444.0,2.9,88.0,0.5
2026-03-18 09:00:00,2026,3,18,9,Sơn La,Xã Gia Phù,21.1792752,104.5565002,96,Moderate,1,20.6,78,0.0,4.5,119,941.3,28,28.7,33.5,384.0,2.4,96.0,0.9
2026-03-18 10:00:00,2026,3,18,10,Sơn La,Xã Gia Phù,21.1792752,104.5565002,97,Moderate,1,22.8,67,0.0,4.3,135,941.7,42,30.9,36.1,340.0,1.9,103.0,1.2
2026-03-18 11:00:00,2026,3,18,11,Sơn La,Xã Gia Phù,21.1792752,104.5565002,98,Moderate,1,24.5,61,0.0,5.5,148,941.0,9,29.5,34.3,331.0,1.4,110.0,1.3
2026-03-18 12:00:00,2026,3,18,12,Sơn La,Xã Gia Phù,21.1792752,104.5565002,99,Moderate,1,25.2,60,0.0,4.8,149,939.8,7,28.2,33.2,338.0,1.0,116.0,1.4
2026-03-18 13:00:00,2026,3,18,13,Sơn La,Xã Gia Phù,21.1792752,104.5565002,100,Moderate,1,26.9,52,0.0,5.9,192,939.0,40,27.0,31.9,343.0,0.7,121.0,1.5
2026-03-18 14:00:00,2026,3,18,14,Sơn La,Xã Gia Phù,21.1792752,104.5565002,100,Moderate,1,25.6,59,1.7,6.8,215,938.0,51,27.0,32.4,331.0,0.5,124.0,1.7
2026-03-18 15:00:00,2026,3,18,15,Sơn La,Xã Gia Phù,21.1792752,104.5565002,100,Moderate,1,24.5,61,4.6,11.2,127,937.4,60,28.1,34.2,317.0,0.5,126.0,1.8
2026-03-18 16:00:00,2026,3,18,16,Sơn La,Xã Gia Phù,21.1792752,104.5565002,100,Moderate,1,23.1,64,0.0,6.0,129,937.3,46,29.8,36.6,332.0,1.1,124.0,2.0
2026-03-18 17:00:00,2026,3,18,17,Sơn La,Xã Gia Phù,21.1792752,104.5565002,101,Unhealthy for Sensitive Groups,2,23.2,62,0.0,2.7,67,937.1,13,31.1,38.2,402.0,2.5,115.0,2.1
2026-03-18 18:00:00,2026,3,18,18,Sơn La,Xã Gia Phù,21.1792752,104.5565002,100,Moderate,1,21.8,71,0.0,0.6,56,937.0,25,31.8,37.1,501.0,4.5,101.0,2.1
2026-03-18 19:00:00,2026,3,18,19,Sơn La,Xã Gia Phù,21.1792752,104.5565002,99,Moderate,1,19.7,87,0.0,6.2,352,937.5,97,36.1,40.9,577.0,6.2,92.0,2.0
2026-03-18 20:00:00,2026,3,18,20,Sơn La,Xã Gia Phù,21.1792752,104.5565002,99,Moderate,1,19.6,85,1.3,1.0,329,938.9,66,36.9,41.7,611.0,7.5,89.0,2.3
2026-03-18 21:00:00,2026,3,18,21,Sơn La,Xã Gia Phù,21.1792752,104.5565002,99,Moderate,1,19.4,88,0.0,4.0,330,938.9,41,38.4,43.0,623.0,9.3,84.0,2.6
2026-03-18 22:00:00,2026,3,18,22,Sơn La,Xã Gia Phù,21.1792752,104.5565002,99,Moderate,1,19.2,84,0.0,1.3,225,939.2,8,39.7,44.1,621.0,11.3,78.0,2.8
2026-03-18 23:00:00,2026,3,18,23,Sơn La,Xã Gia Phù,21.1792752,104.5565002,99,Moderate,1,18.4,86,0.0,1.5,277,938.8,0,42.1,46.6,606.0,13.8,71.0,2.8
2026-03-19 00:00:00,2026,3,19,0,Sơn La,Xã Gia Phù,21.1792752,104.5565002,99,Moderate,1,18.0,86,0.0,1.6,276,938.1,17,44.8,49.2,578.0,16.3,64.0,2.7
2026-03-19 01:00:00,2026,3,19,1,Sơn La,Xã Gia Phù,21.1792752,104.5565002,100,Moderate,1,18.4,86,0.0,0.6,342,937.5,1,48.4,52.9,546.0,17.3,59.0,2.4
2026-03-19 02:00:00,2026,3,19,2,Sơn La,Xã Gia Phù,21.1792752,104.5565002,100,Moderate,1,18.0,89,0.0,0.5,90,937.0,0,53.3,57.5,507.0,15.4,59.0,1.7
2026-03-19 03:00:00,2026,3,19,3,Sơn La,Xã Gia Phù,21.1792752,104.5565002,100,Moderate,1,17.4,90,0.0,1.3,352,936.4,0,53.6,57.5,464.0,11.8,62.0,0.8
2026-03-19 04:00:00,2026,3,19,4,Sơn La,Xã Gia Phù,21.1792752,104.5565002,101,Unhealthy for Sensitive Groups,2,17.4,86,0.0,0.7,346,936.4,0,49.4,53.4,441.0,8.7,65.0,0.2
2026-03-19 05:00:00,2026,3,19,5,Sơn La,Xã Gia Phù,21.1792752,104.5565002,102,Unhealthy for Sensitive Groups,2,17.3,85,0.0,0.3,315,937.0,0,47.5,51.5,461.0,6.9,68.0,0.1
2026-03-19 06:00:00,2026,3,19,6,Sơn La,Xã Gia Phù,21.1792752,104.5565002,103,Unhealthy for Sensitive Groups,2,17.0,84,0.0,0.4,333,937.6,0,47.8,51.7,501.0,5.6,71.0,0.3
2026-03-19 07:00:00,2026,3,19,7,Sơn La,Xã Gia Phù,21.1792752,104.5565002,104,Unhealthy for Sensitive Groups,2,17.4,85,0.0,0.2,360,938.7,10,51.7,55.6,514.0,5.6,75.0,1.7
2026-03-19 08:00:00,2026,3,19,8,Sơn La,Xã Gia Phù,21.1792752,104.5565002,106,Unhealthy for Sensitive Groups,2,18.4,90,0.0,2.0,153,939.5,29,46.2,50.1,469.0,4.3,87.0,1.6
2026-03-19 09:00:00,2026,3,19,9,Sơn La,Xã Gia Phù,21.1792752,104.5565002,108,Unhealthy for Sensitive Groups,2,20.3,84,0.0,4.6,169,940.4,40,34.6,39.0,397.0,2.6,104.0,1.4
2026-03-19 10:00:00,2026,3,19,10,Sơn La,Xã Gia Phù,21.1792752,104.5565002,109,Unhealthy for Sensitive Groups,2,22.6,73,0.0,6.0,185,940.4,2,33.3,37.7,345.0,1.3,118.0,1.5
2026-03-19 11:00:00,2026,3,19,11,Sơn La,Xã Gia Phù,21.1792752,104.5565002,109,Unhealthy for Sensitive Groups,2,24.7,63,0.0,6.4,191,940.1,9,32.1,36.6,338.0,0.8,125.0,1.9
2026-03-19 12:00:00,2026,3,19,12,Sơn La,Xã Gia Phù,21.1792752,104.5565002,109,Unhealthy for Sensitive Groups,2,26.6,55,0.0,7.7,204,938.8,2,29.6,36.2,351.0,0.8,128.0,2.6
2026-03-19 13:00:00,2026,3,19,13,Sơn La,Xã Gia Phù,21.1792752,104.5565002,109,Unhealthy for Sensitive Groups,2,28.4,46,0.0,13.2,240,937.6,34,27.6,36.9,357.0,0.8,130.0,3.0
2026-03-19 14:00:00,2026,3,19,14,Sơn La,Xã Gia Phù,21.1792752,104.5565002,109,Unhealthy for Sensitive Groups,2,29.3,39,0.0,15.5,242,936.3,32,27.0,38.4,339.0,0.5,132.0,3.0
2026-03-19 15:00:00,2026,3,19,15,Sơn La,Xã Gia Phù,21.1792752,104.5565002,109,Unhealthy for Sensitive Groups,2,29.4,36,0.0,13.8,248,935.2,11,26.4,38.8,315.0,0.2,133.0,2.9
2026-03-19 16:00:00,2026,3,19,16,Sơn La,Xã Gia Phù,21.1792752,104.5565002,109,Unhealthy for Sensitive Groups,2,29.3,35,0.0,12.1,249,934.5,9,25.8,39.2,311.0,1.0,130.0,2.9
2026-03-19 17:00:00,2026,3,19,17,Sơn La,Xã Gia Phù,21.1792752,104.5565002,109,Unhealthy for Sensitive Groups,2,27.8,41,0.0,6.4,243,934.2,23,25.8,39.5,347.0,3.3,122.0,3.1
2026-03-19 18:00:00,2026,3,19,18,Sơn La,Xã Gia Phù,21.1792752,104.5565002,108,Unhealthy for Sensitive Groups,2,24.7,50,0.0,4.9,270,933.6,5,26.5,41.0,403.0,6.6,111.0,3.5
2026-03-19 19:00:00,2026,3,19,19,Sơn La,Xã Gia Phù,21.1792752,104.5565002,108,Unhealthy for Sensitive Groups,2,23.2,54,0.0,2.1,322,934.2,7,30.0,44.2,449.0,11.9,104.0,4.8
2026-03-19 20:00:00,2026,3,19,20,Sơn La,Xã Gia Phù,21.1792752,104.5565002,107,Unhealthy for Sensitive Groups,2,22.2,58,0.0,1.0,329,934.9,0,32.6,46.9,475.0,14.3,97.0,5.6
2026-03-19 21:00:00,2026,3,19,21,Sơn La,Xã Gia Phù,21.1792752,104.5565002,106,Unhealthy for Sensitive Groups,2,21.3,61,0.0,1.8,6,935.5,0,34.6,49.0,492.0,17.8,87.0,6.8
2026-03-19 22:00:00,2026,3,19,22,Sơn La,Xã Gia Phù,21.1792752,104.5565002,106,Unhealthy for Sensitive Groups,2,20.6,65,0.0,1.9,41,936.1,0,36.6,51.0,499.0,20.8,78.0,7.7
2026-03-19 23:00:00,2026,3,19,23,Sơn La,Xã Gia Phù,21.1792752,104.5565002,106,Unhealthy for Sensitive Groups,2,19.9,71,0.0,1.0,31,936.4,0,38.4,53.0,493.0,23.0,70.0,8.2
2026-03-20 00:00:00,2026,3,20,0,Sơn La,Xã Gia Phù,21.1792752,104.5565002,105,Unhealthy for Sensitive Groups,2,19.4,72,0.0,0.9,349,936.2,0,39.8,54.5,476.0,24.7,63.0,8.5
2026-03-20 01:00:00,2026,3,20,1,Sơn La,Xã Gia Phù,21.1792752,104.5565002,105,Unhealthy for Sensitive Groups,2,19.5,74,0.0,0.9,360,935.4,12,41.3,56.2,460.0,26.0,57.0,8.7
2026-03-20 02:00:00,2026,3,20,2,Sơn La,Xã Gia Phù,21.1792752,104.5565002,104,Unhealthy for Sensitive Groups,2,19.2,77,0.0,0.6,56,935.0,0,42.4,57.3,444.0,27.2,52.0,8.9
2026-03-20 03:00:00,2026,3,20,3,Sơn La,Xã Gia Phù,21.1792752,104.5565002,103,Unhealthy for Sensitive Groups,2,18.7,78,0.0,0.6,34,934.6,0,43.1,58.0,427.0,28.0,48.0,9.1
2026-03-20 04:00:00,2026,3,20,4,Sơn La,Xã Gia Phù,21.1792752,104.5565002,102,Unhealthy for Sensitive Groups,2,18.0,83,0.0,1.2,63,935.0,0,44.6,59.3,420.0,27.0,47.0,8.6
2026-03-20 05:00:00,2026,3,20,5,Sơn La,Xã Gia Phù,21.1792752,104.5565002,101,Unhealthy for Sensitive Groups,2,17.5,87,0.0,2.1,59,935.2,16,47.1,61.5,435.0,22.9,48.0,6.9
2026-03-20 06:00:00,2026,3,20,6,Sơn La,Xã Gia Phù,21.1792752,104.5565002,101,Unhealthy for Sensitive Groups,2,17.2,87,0.0,2.0,45,936.1,90,49.7,63.1,460.0,16.9,50.0,4.7
2026-03-20 07:00:00,2026,3,20,7,Sơn La,Xã Gia Phù,21.1792752,104.5565002,102,Unhealthy for Sensitive Groups,2,17.8,86,0.0,2.9,47,937.7,62,53.4,66.1,465.0,12.3,57.0,2.6
2026-03-20 08:00:00,2026,3,20,8,Sơn La,Xã Gia Phù,21.1792752,104.5565002,102,Unhealthy for Sensitive Groups,2,19.2,87,0.0,4.7,90,938.9,47,48.0,59.3,429.0,9.7,73.0,2.8
2026-03-20 09:00:00,2026,3,20,9,Sơn La,Xã Gia Phù,21.1792752,104.5565002,102,Unhealthy for Sensitive Groups,2,21.0,80,0.0,4.5,127,939.9,67,45.3,55.5,374.0,6.0,96.0,3.1
2026-03-20 10:00:00,2026,3,20,10,Sơn La,Xã Gia Phù,21.1792752,104.5565002,103,Unhealthy for Sensitive Groups,2,23.0,73,0.0,4.6,154,940.1,4,42.7,52.5,330.0,3.1,115.0,3.3
2026-03-20 11:00:00,2026,3,20,11,Sơn La,Xã Gia Phù,21.1792752,104.5565002,104,Unhealthy for Sensitive Groups,2,25.0,64,0.0,5.3,145,939.7,4,39.9,49.9,311.0,1.8,127.0,3.4
2026-03-20 12:00:00,2026,3,20,12,Sơn La,Xã Gia Phù,21.1792752,104.5565002,105,Unhealthy for Sensitive Groups,2,26.5,58,0.0,5.4,160,938.7,14,37.1,47.8,304.0,1.2,136.0,3.3
2026-03-20 13:00:00,2026,3,20,13,Sơn La,Xã Gia Phù,21.1792752,104.5565002,106,Unhealthy for Sensitive Groups,2,27.4,54,0.0,4.1,182,938.2,12,32.8,43.3,302.0,0.9,142.0,3.3
2026-03-20 14:00:00,2026,3,20,14,Sơn La,Xã Gia Phù,21.1792752,104.5565002,106,Unhealthy for Sensitive Groups,2,27.8,54,0.0,4.0,188,937.0,34,31.2,42.1,296.0,0.6,144.0,3.2
2026-03-20 15:00:00,2026,3,20,15,Sơn La,Xã Gia Phù,21.1792752,104.5565002,107,Unhealthy for Sensitive Groups,2,25.6,67,0.8,8.8,149,936.1,44,31.2,43.0,294.0,0.5,143.0,3.1
2026-03-20 16:00:00,2026,3,20,16,Sơn La,Xã Gia Phù,21.1792752,104.5565002,107,Unhealthy for Sensitive Groups,2,24.8,64,0.0,7.7,79,935.9,46,31.5,44.0,315.0,1.0,139.0,3.2
2026-03-20 17:00:00,2026,3,20,17,Sơn La,Xã Gia Phù,21.1792752,104.5565002,108,Unhealthy for Sensitive Groups,2,24.8,63,0.0,4.9,57,936.0,86,33.1,46.8,386.0,2.6,130.0,3.8
2026-03-20 18:00:00,2026,3,20,18,Sơn La,Xã Gia Phù,21.1792752,104.5565002,108,Unhealthy for Sensitive Groups,2,23.1,72,0.0,5.2,49,936.3,27,35.0,45.6,481.0,4.9,118.0,4.7
2026-03-20 19:00:00,2026,3,20,19,Sơn La,Xã Gia Phù,21.1792752,104.5565002,109,Unhealthy for Sensitive Groups,2,21.5,78,0.0,5.0,30,936.4,26,47.6,62.2,538.0,8.7,120.0,4.7
2026-03-20 20:00:00,2026,3,20,20,Sơn La,Xã Gia Phù,21.1792752,104.5565002,111,Unhealthy for Sensitive Groups,2,20.9,82,0.0,5.4,30,937.7,16,48.0,59.8,522.0,8.9,112.0,5.1
2026-03-20 21:00:00,2026,3,20,21,Sơn La,Xã Gia Phù,21.1792752,104.5565002,113,Unhealthy for Sensitive Groups,2,20.0,86,0.0,4.6,18,938.5,40,47.5,56.3,467.0,9.3,102.0,5.7
2026-03-20 22:00:00,2026,3,20,22,Sơn La,Xã Gia Phù,21.1792752,104.5565002,114,Unhealthy for Sensitive Groups,2,19.3,87,0.0,4.0,18,939.1,78,47.4,53.9,418.0,9.4,93.0,6.4
2026-03-20 23:00:00,2026,3,20,23,Sơn La,Xã Gia Phù,21.1792752,104.5565002,115,Unhealthy for Sensitive Groups,2,19.1,88,0.0,4.2,25,939.2,91,49.6,54.4,390.0,9.1,88.0,7.2
2026-03-21 00:00:00,2026,3,21,0,Sơn La,Xã Gia Phù,21.1792752,104.5565002,116,Unhealthy for Sensitive Groups,2,18.8,87,0.0,3.6,30,939.1,58,52.9,56.3,367.0,8.7,85.0,8.2
2026-03-21 01:00:00,2026,3,21,1,Sơn La,Xã Gia Phù,21.1792752,104.5565002,118,Unhealthy for Sensitive Groups,2,19.0,91,0.0,4.2,40,938.5,74,50.3,53.1,344.0,8.4,81.0,9.3
2026-03-21 02:00:00,2026,3,21,2,Sơn La,Xã Gia Phù,21.1792752,104.5565002,119,Unhealthy for Sensitive Groups,2,18.8,93,0.0,3.3,29,937.6,100,36.6,38.4,315.0,8.5,74.0,10.7
2026-03-21 03:00:00,2026,3,21,3,Sơn La,Xã Gia Phù,21.1792752,104.5565002,118,Unhealthy for Sensitive Groups,2,18.5,95,0.0,2.7,4,937.4,100,24.6,25.8,286.0,8.7,66.0,12.2
2026-03-21 04:00:00,2026,3,21,4,Sơn La,Xã Gia Phù,21.1792752,104.5565002,116,Unhealthy for Sensitive Groups,2,19.0,94,0.0,1.5,353,937.6,99,17.0,17.8,275.0,8.8,60.0,13.2
2026-03-21 05:00:00,2026,3,21,5,Sơn La,Xã Gia Phù,21.1792752,104.5565002,113,Unhealthy for Sensitive Groups,2,19.2,94,0.0,2.2,351,938.2,58,11.7,12.5,300.0,8.9,56.0,13.4
2026-03-21 06:00:00,2026,3,21,6,Sơn La,Xã Gia Phù,21.1792752,104.5565002,110,Unhealthy for Sensitive Groups,2,19.3,96,0.1,4.3,358,938.6,80,7.9,8.6,342.0,9.0,53.0,13.2
2026-03-21 07:00:00,2026,3,21,7,Sơn La,Xã Gia Phù,21.1792752,104.5565002,105,Unhealthy for Sensitive Groups,2,19.6,93,0.0,5.2,4,939.6,59,13.0,14.4,364.0,6.9,62.0,9.4
2026-03-21 08:00:00,2026,3,21,8,Sơn La,Xã Gia Phù,21.1792752,104.5565002,101,Unhealthy for Sensitive Groups,2,21.1,84,0.0,3.1,77,940.5,60,15.3,17.6,344.0,6.1,71.0,8.8
2026-03-21 09:00:00,2026,3,21,9,Sơn La,Xã Gia Phù,21.1792752,104.5565002,98,Moderate,1,22.4,79,0.0,5.1,107,941.3,46,18.2,21.2,304.0,5.0,83.0,7.9
2026-03-21 10:00:00,2026,3,21,10,Sơn La,Xã Gia Phù,21.1792752,104.5565002,96,Moderate,1,23.4,75,0.1,6.5,93,941.5,65,22.1,25.8,274.0,3.9,96.0,6.8
2026-03-21 11:00:00,2026,3,21,11,Sơn La,Xã Gia Phù,21.1792752,104.5565002,94,Moderate,1,23.4,75,0.0,7.3,70,941.3,62,27.8,32.7,265.0,2.9,109.0,5.4
2026-03-21 12:00:00,2026,3,21,12,Sơn La,Xã Gia Phù,21.1792752,104.5565002,93,Moderate,1,22.9,79,0.4,6.1,66,940.5,71,29.7,34.9,266.0,1.9,122.0,3.8
2026-03-21 13:00:00,2026,3,21,13,Sơn La,Xã Gia Phù,21.1792752,104.5565002,92,Moderate,1,22.9,80,0.1,5.6,149,940.0,90,30.5,35.7,267.0,1.4,130.0,2.8
2026-03-21 14:00:00,2026,3,21,14,Sơn La,Xã Gia Phù,21.1792752,104.5565002,92,Moderate,1,24.1,70,0.5,6.9,104,938.8,38,30.2,35.2,263.0,1.5,129.0,2.6
2026-03-21 15:00:00,2026,3,21,15,Sơn La,Xã Gia Phù,21.1792752,104.5565002,92,Moderate,1,24.4,68,0.0,6.6,57,937.8,70,29.2,33.6,260.0,2.1,124.0,3.0
2026-03-21 16:00:00,2026,3,21,16,Sơn La,Xã Gia Phù,21.1792752,104.5565002,92,Moderate,1,23.3,73,0.2,10.3,78,937.2,54,25.0,27.7,266.0,3.0,116.0,3.4
2026-03-21 17:00:00,2026,3,21,17,Sơn La,Xã Gia Phù,21.1792752,104.5565002,91,Moderate,1,22.6,76,0.0,11.5,56,937.2,60,21.8,23.7,288.0,4.1,107.0,3.7
2026-03-21 18:00:00,2026,3,21,18,Sơn La,Xã Gia Phù,21.1792752,104.5565002,90,Moderate,1,20.5,93,5.8,8.2,23,937.4,80,19.4,20.7,319.0,5.5,96.0,4.1
2026-03-21 19:00:00,2026,3,21,19,Sơn La,Xã Gia Phù,21.1792752,104.5565002,89,Moderate,1,20.0,93,7.9,5.9,18,937.2,84,23.9,25.3,350.0,8.7,80.0,5.2
2026-03-21 20:00:00,2026,3,21,20,Sơn La,Xã Gia Phù,21.1792752,104.5565002,86,Moderate,1,20.0,93,0.0,4.2,20,938.1,25,25.4,26.6,384.0,10.1,72.0,6.0
2026-03-21 21:00:00,2026,3,21,21,Sơn La,Xã Gia Phù,21.1792752,104.5565002,84,Moderate,1,19.8,92,0.0,3.9,37,938.9,96,27.6,28.9,419.0,12.1,62.0,7.2
2026-03-21 22:00:00,2026,3,21,22,Sơn La,Xã Gia Phù,21.1792752,104.5565002,83,Moderate,1,20.0,89,0.0,2.2,24,939.1,67,29.9,31.2,432.0,13.0,55.0,8.1
2026-03-21 23:00:00,2026,3,21,23,Sơn La,Xã Gia Phù,21.1792752,104.5565002,81,Moderate,1,19.9,89,0.0,1.3,360,938.8,100,35.7,36.9,407.0,12.1,55.0,8.7
2026-03-22 00:00:00,2026,3,22,0,Sơn La,Xã Gia Phù,21.1792752,104.5565002,80,Moderate,1,19.8,89,0.0,0.7,360,938.3,48,39.2,40.5,361.0,10.2,58.0,9.1
2026-03-22 01:00:00,2026,3,22,1,Sơn La,Xã Gia Phù,21.1792752,104.5565002,79,Moderate,1,19.8,92,0.0,2.2,9,937.8,98,38.1,39.2,326.0,8.3,62.0,8.7
2026-03-22 02:00:00,2026,3,22,2,Sơn La,Xã Gia Phù,21.1792752,104.5565002,78,Moderate,1,19.6,93,0.0,2.6,16,936.9,44,28.6,29.7,310.0,6.6,65.0,6.9
2026-03-22 03:00:00,2026,3,22,3,Sơn La,Xã Gia Phù,21.1792752,104.5565002,77,Moderate,1,18.9,95,0.0,2.1,15,936.3,100,26.7,27.8,303.0,5.0,69.0,4.3
2026-03-22 04:00:00,2026,3,22,4,Sơn La,Xã Gia Phù,21.1792752,104.5565002,77,Moderate,1,19.2,94,0.1,1.3,8,936.4,99,26.6,27.6,312.0,3.8,71.0,2.2
2026-03-22 05:00:00,2026,3,22,5,Sơn La,Xã Gia Phù,21.1792752,104.5565002,78,Moderate,1,19.9,93,0.1,0.8,63,936.8,99,25.8,26.8,351.0,3.6,69.0,1.3
2026-03-22 06:00:00,2026,3,22,6,Sơn La,Xã Gia Phù,21.1792752,104.5565002,79,Moderate,1,19.5,96,0.0,2.1,105,937.1,100,26.4,27.3,406.0,3.8,65.0,0.9
2026-03-22 07:00:00,2026,3,22,7,Sơn La,Xã Gia Phù,21.1792752,104.5565002,81,Moderate,1,19.1,95,0.0,0.6,124,938.2,100,29.8,30.5,432.0,8.0,43.0,8.1
2026-03-22 08:00:00,2026,3,22,8,Sơn La,Xã Gia Phù,21.1792752,104.5565002,82,Moderate,1,20.1,93,0.1,1.5,173,939.4,100,22.8,23.3,402.0,6.4,57.0,7.0
2026-03-22 09:00:00,2026,3,22,9,Sơn La,Xã Gia Phù,21.1792752,104.5565002,83,Moderate,1,20.9,89,0.1,2.0,135,940.0,100,15.3,15.7,344.0,4.2,76.0,5.5
2026-03-22 10:00:00,2026,3,22,10,Sơn La,Xã Gia Phù,21.1792752,104.5565002,83,Moderate,1,22.4,81,0.0,3.8,180,940.3,100,15.1,15.7,301.0,2.4,93.0,4.1
2026-03-22 11:00:00,2026,3,22,11,Sơn La,Xã Gia Phù,21.1792752,104.5565002,82,Moderate,1,24.2,70,0.0,4.5,209,939.9,39,18.0,18.7,293.0,1.5,106.0,2.8
2026-03-22 12:00:00,2026,3,22,12,Sơn La,Xã Gia Phù,21.1792752,104.5565002,81,Moderate,1,26.1,63,0.1,4.7,203,939.3,18,21.0,21.7,300.0,0.9,116.0,1.5
2026-03-22 13:00:00,2026,3,22,13,Sơn La,Xã Gia Phù,21.1792752,104.5565002,80,Moderate,1,26.7,56,0.0,5.9,243,938.8,21,21.5,22.3,307.0,0.8,121.0,0.6
2026-03-22 14:00:00,2026,3,22,14,Sơn La,Xã Gia Phù,21.1792752,104.5565002,80,Moderate,1,27.0,55,0.0,7.0,209,937.6,30,20.5,21.3,304.0,1.0,119.0,0.4
2026-03-22 15:00:00,2026,3,22,15,Sơn La,Xã Gia Phù,21.1792752,104.5565002,79,Moderate,1,25.9,62,0.4,4.0,185,936.6,72,24.1,25.2,300.0,1.6,113.0,0.7
2026-03-22 16:00:00,2026,3,22,16,Sơn La,Xã Gia Phù,21.1792752,104.5565002,78,Moderate,1,25.8,61,0.0,6.3,145,936.3,58,23.6,24.4,310.0,2.4,106.0,1.0
2026-03-22 17:00:00,2026,3,22,17,Sơn La,Xã Gia Phù,21.1792752,104.5565002,78,Moderate,1,23.6,81,2.6,5.5,23,936.2,31,23.3,24.2,344.0,3.2,100.0,1.3
2026-03-22 18:00:00,2026,3,22,18,Sơn La,Xã Gia Phù,21.1792752,104.5565002,78,Moderate,1,22.4,78,0.0,5.9,348,936.0,29,22.8,23.5,392.0,4.1,93.0,1.7
2026-03-22 19:00:00,2026,3,22,19,Sơn La,Xã Gia Phù,21.1792752,104.5565002,79,Moderate,1,19.6,94,0.0,2.2,336,938.0,72,20.9,21.5,435.0,5.4,85.0,3.4
2026-03-22 20:00:00,2026,3,22,20,Sơn La,Xã Gia Phù,21.1792752,104.5565002,78,Moderate,1,20.2,92,0.0,2.6,65,938.1,25,20.8,21.4,474.0,7.4,79.0,3.7
2026-03-22 21:00:00,2026,3,22,21,Sơn La,Xã Gia Phù,21.1792752,104.5565002,78,Moderate,1,19.9,88,0.0,1.1,360,938.4,10,21.5,22.1,509.0,10.2,71.0,4.1
2026-03-22 22:00:00,2026,3,22,22,Sơn La,Xã Gia Phù,21.1792752,104.5565002,77,Moderate,1,19.8,86,0.0,0.5,90,938.6,7,22.8,23.4,519.0,11.6,65.0,4.2
2026-03-22 23:00:00,2026,3,22,23,Sơn La,Xã Gia Phù,21.1792752,104.5565002,77,Moderate,1,19.3,88,0.0,0.6,18,938.4,3,25.1,25.7,487.0,10.4,64.0,3.6
2026-03-23 00:00:00,2026,3,23,0,Sơn La,Xã Gia Phù,21.1792752,104.5565002,76,Moderate,1,19.1,88,0.0,0.7,360,938.0,20,24.3,24.9,431.0,8.0,66.0,2.5
2026-03-23 01:00:00,2026,3,23,1,Sơn La,Xã Gia Phù,21.1792752,104.5565002,75,Moderate,1,18.9,89,0.0,0.8,297,937.4,16,21.1,21.7,382.0,6.0,68.0,1.7
2026-03-23 02:00:00,2026,3,23,2,Sơn La,Xã Gia Phù,21.1792752,104.5565002,73,Moderate,1,18.7,88,0.0,0.4,27,936.9,6,20.1,20.7,345.0,5.4,68.0,1.3
2026-03-23 03:00:00,2026,3,23,3,Sơn La,Xã Gia Phù,21.1792752,104.5565002,72,Moderate,1,18.4,90,0.0,0.6,18,936.3,9,20.0,20.6,316.0,5.2,67.0,1.0
2026-03-23 04:00:00,2026,3,23,4,Sơn La,Xã Gia Phù,21.1792752,104.5565002,72,Moderate,1,18.2,88,0.0,2.0,333,936.0,42,20.3,20.9,308.0,5.0,68.0,0.8
2026-03-23 05:00:00,2026,3,23,5,Sơn La,Xã Gia Phù,21.1792752,104.5565002,71,Moderate,1,17.9,87,0.0,3.3,283,936.2,62,20.5,21.1,343.0,4.5,70.0,0.6
2026-03-23 06:00:00,2026,3,23,6,Sơn La,Xã Gia Phù,21.1792752,104.5565002,71,Moderate,1,18.0,88,0.0,3.1,260,936.9,20,20.0,20.5,399.0,3.8,72.0,0.6
2026-03-23 07:00:00,2026,3,23,7,Sơn La,Xã Gia Phù,21.1792752,104.5565002,70,Moderate,1,18.5,91,0.0,1.5,234,937.9,9,21.3,22.2,430.0,3.2,77.0,0.5
2026-03-23 08:00:00,2026,3,23,8,Sơn La,Xã Gia Phù,21.1792752,104.5565002,69,Moderate,1,19.4,91,0.0,1.9,229,938.6,15,20.1,21.1,408.0,2.6,86.0,0.5
2026-03-23 09:00:00,2026,3,23,9,Sơn La,Xã Gia Phù,21.1792752,104.5565002,69,Moderate,1,21.6,79,0.0,5.5,216,939.0,10,19.6,21.1,361.0,1.7,99.0,0.6
2026-03-23 10:00:00,2026,3,23,10,Sơn La,Xã Gia Phù,21.1792752,104.5565002,70,Moderate,1,23.7,68,0.0,7.4,203,939.3,2,23.6,26.1,325.0,1.0,109.0,0.7
2026-03-23 11:00:00,2026,3,23,11,Sơn La,Xã Gia Phù,21.1792752,104.5565002,70,Moderate,1,25.5,61,0.0,7.9,201,938.9,16,26.0,29.3,316.0,0.7,114.0,0.8
2026-03-23 12:00:00,2026,3,23,12,Sơn La,Xã Gia Phù,21.1792752,104.5565002,71,Moderate,1,27.3,55,0.0,10.7,216,937.8,20,27.3,31.9,319.0,0.6,116.0,1.0
2026-03-23 13:00:00,2026,3,23,13,Sơn La,Xã Gia Phù,21.1792752,104.5565002,72,Moderate,1,28.2,48,0.0,15.6,232,937.3,22,25.8,31.2,320.0,0.6,117.0,1.2
2026-03-23 14:00:00,2026,3,23,14,Sơn La,Xã Gia Phù,21.1792752,104.5565002,72,Moderate,1,28.2,48,0.0,15.2,236,936.2,22,24.4,30.4,308.0,0.4,119.0,1.3
2026-03-23 15:00:00,2026,3,23,15,Sơn La,Xã Gia Phù,21.1792752,104.5565002,72,Moderate,1,28.0,48,0.0,10.6,240,935.1,9,24.1,30.6,295.0,0.3,119.0,1.5
2026-03-23 16:00:00,2026,3,23,16,Sơn La,Xã Gia Phù,21.1792752,104.5565002,72,Moderate,1,27.8,47,0.0,8.2,238,934.7,12,24.2,30.7,306.0,1.1,116.0,1.7
2026-03-23 17:00:00,2026,3,23,17,Sơn La,Xã Gia Phù,21.1792752,104.5565002,72,Moderate,1,27.0,52,0.0,3.1,208,934.3,5,25.2,31.5,368.0,3.8,105.0,2.1
2026-03-23 18:00:00,2026,3,23,18,Sơn La,Xã Gia Phù,21.1792752,104.5565002,72,Moderate,1,24.7,59,0.0,2.3,219,933.9,3,26.2,32.7,453.0,7.5,89.0,2.5
2026-03-23 19:00:00,2026,3,23,19,Sơn La,Xã Gia Phù,21.1792752,104.5565002,73,Moderate,1,22.4,70,0.0,6.1,32,935.1,15,24.5,30.6,506.0,10.4,81.0,3.2
2026-03-23 20:00:00,2026,3,23,20,Sơn La,Xã Gia Phù,21.1792752,104.5565002,73,Moderate,1,21.3,88,0.0,9.1,36,936.0,82,25.2,31.0,494.0,10.6,78.0,3.8
2026-03-23 21:00:00,2026,3,23,21,Sơn La,Xã Gia Phù,21.1792752,104.5565002,74,Moderate,1,20.7,92,0.0,6.8,35,936.6,99,25.6,30.5,449.0,10.9,75.0,4.6
2026-03-23 22:00:00,2026,3,23,22,Sơn La,Xã Gia Phù,21.1792752,104.5565002,74,Moderate,1,20.2,93,0.0,6.4,22,936.8,100,26.8,31.0,416.0,11.2,70.0,5.0
2026-03-23 23:00:00,2026,3,23,23,Sơn La,Xã Gia Phù,21.1792752,104.5565002,74,Moderate,1,20.4,90,0.0,4.2,10,936.7,100,30.3,33.9,416.0,11.4,64.0,4.5
2026-03-24 00:00:00,2026,3,24,0,Sơn La,Xã Gia Phù,21.1792752,104.5565002,75,Moderate,1,19.7,92,0.0,2.3,360,936.3,100,35.4,38.5,428.0,11.6,57.0,3.6
2026-03-24 01:00:00,2026,3,24,1,Sơn La,Xã Gia Phù,21.1792752,104.5565002,76,Moderate,1,19.9,95,0.0,1.9,34,936.2,100,40.6,43.3,431.0,11.4,52.0,2.9
2026-03-24 02:00:00,2026,3,24,2,Sơn La,Xã Gia Phù,21.1792752,104.5565002,77,Moderate,1,19.9,96,0.0,3.1,7,935.7,100,42.8,45.2,412.0,10.9,48.0,2.8
2026-03-24 03:00:00,2026,3,24,3,Sơn La,Xã Gia Phù,21.1792752,104.5565002,79,Moderate,1,19.4,96,0.0,2.7,352,935.2,100,41.9,43.8,386.0,10.1,46.0,2.9
2026-03-24 04:00:00,2026,3,24,4,Sơn La,Xã Gia Phù,21.1792752,104.5565002,81,Moderate,1,19.1,96,0.1,1.8,354,935.1,100,39.0,40.7,373.0,8.9,47.0,2.9
2026-03-24 05:00:00,2026,3,24,5,Sơn La,Xã Gia Phù,21.1792752,104.5565002,83,Moderate,1,19.5,93,0.1,1.8,354,935.6,100,34.3,36.6,394.0,7.1,55.0,2.4
2026-03-24 06:00:00,2026,3,24,6,Sơn La,Xã Gia Phù,21.1792752,104.5565002,84,Moderate,1,19.4,92,0.1,2.3,4,936.2,100,26.7,30.2,429.0,5.0,66.0,1.8
2026-03-24 07:00:00,2026,3,24,7,Sơn La,Xã Gia Phù,21.1792752,104.5565002,85,Moderate,1,20.1,95,0.0,0.6,18,936.9,100,33.9,38.8,443.0,4.3,74.0,1.7
2026-03-24 08:00:00,2026,3,24,8,Sơn La,Xã Gia Phù,21.1792752,104.5565002,86,Moderate,1,21.0,90,0.0,0.6,198,937.6,100,25.2,30.7,413.0,3.5,83.0,1.8
2026-03-24 09:00:00,2026,3,24,9,Sơn La,Xã Gia Phù,21.1792752,104.5565002,86,Moderate,1,22.7,82,0.0,3.1,156,938.6,100,25.0,31.5,362.0,2.3,97.0,2.0
2026-03-24 10:00:00,2026,3,24,10,Sơn La,Xã Gia Phù,21.1792752,104.5565002,87,Moderate,1,24.6,74,0.1,4.1,157,938.7,100,24.1,31.1,322.0,1.4,108.0,2.1
2026-03-24 11:00:00,2026,3,24,11,Sơn La,Xã Gia Phù,21.1792752,104.5565002,87,Moderate,1,26.0,68,0.0,5.2,151,938.3,36,23.9,30.9,308.0,1.0,115.0,2.1
2026-03-24 12:00:00,2026,3,24,12,Sơn La,Xã Gia Phù,21.1792752,104.5565002,87,Moderate,1,27.4,60,0.0,6.0,173,937.3,19,24.7,32.8,305.0,0.8,121.0,2.0
2026-03-24 13:00:00,2026,3,24,13,Sơn La,Xã Gia Phù,21.1792752,104.5565002,87,Moderate,1,28.6,50,0.0,7.3,216,936.4,17,22.9,30.3,302.0,0.7,124.0,1.9
2026-03-24 14:00:00,2026,3,24,14,Sơn La,Xã Gia Phù,21.1792752,104.5565002,86,Moderate,1,29.0,48,0.0,9.2,213,935.5,12,21.1,28.5,292.0,0.6,126.0,1.9
2026-03-24 15:00:00,2026,3,24,15,Sơn La,Xã Gia Phù,21.1792752,104.5565002,86,Moderate,1,29.3,44,0.0,6.8,209,934.6,27,19.7,26.7,283.0,0.5,125.0,1.8
2026-03-24 16:00:00,2026,3,24,16,Sơn La,Xã Gia Phù,21.1792752,104.5565002,86,Moderate,1,29.1,44,0.0,7.9,159,934.1,15,19.5,26.2,287.0,1.0,122.0,1.9
2026-03-24 17:00:00,2026,3,24,17,Sơn La,Xã Gia Phù,21.1792752,104.5565002,85,Moderate,1,27.9,49,0.0,8.2,123,933.8,7,20.3,25.6,314.0,2.3,115.0,2.0
2026-03-24 18:00:00,2026,3,24,18,Sơn La,Xã Gia Phù,21.1792752,104.5565002,85,Moderate,1,25.1,63,0.0,7.2,63,933.8,2,21.8,25.6,355.0,4.0,105.0,2.1
2026-03-24 19:00:00,2026,3,24,19,Sơn La,Xã Gia Phù,21.1792752,104.5565002,84,Moderate,1,22.4,84,0.0,7.4,22,934.7,20,26.5,29.7,387.0,6.1,93.0,4.3
2026-03-24 20:00:00,2026,3,24,20,Sơn La,Xã Gia Phù,21.1792752,104.5565002,85,Moderate,1,22.2,82,0.0,6.6,13,935.5,34,28.3,31.0,405.0,7.0,88.0,5.3
2026-03-24 21:00:00,2026,3,24,21,Sơn La,Xã Gia Phù,21.1792752,104.5565002,85,Moderate,1,21.3,86,0.0,4.6,13,936.1,34,30.7,32.9,415.0,8.2,80.0,6.7
2026-03-24 22:00:00,2026,3,24,22,Sơn La,Xã Gia Phù,21.1792752,104.5565002,85,Moderate,1,20.9,88,0.0,4.2,20,936.5,29,34.6,36.3,417.0,9.2,73.0,7.9
2026-03-24 23:00:00,2026,3,24,23,Sơn La,Xã Gia Phù,21.1792752,104.5565002,86,Moderate,1,20.3,90,0.0,3.8,17,936.3,2,36.9,38.4,407.0,10.1,65.0,8.5
2026-03-25 00:00:00,2026,3,25,0,Sơn La,Xã Gia Phù,21.1792752,104.5565002,87,Moderate,1,20.1,89,0.0,3.5,28,936.1,6,41.2,42.5,389.0,10.8,58.0,8.8
2026-03-25 01:00:00,2026,3,25,1,Sơn La,Xã Gia Phù,21.1792752,104.5565002,87,Moderate,1,20.1,91,0.0,3.3,36,935.8,15,43.5,44.7,373.0,10.8,54.0,9.1
2026-03-25 02:00:00,2026,3,25,2,Sơn La,Xã Gia Phù,21.1792752,104.5565002,87,Moderate,1,19.6,94,0.0,4.3,17,935.5,63,37.3,38.2,361.0,9.6,56.0,9.7
2026-03-25 03:00:00,2026,3,25,3,Sơn La,Xã Gia Phù,21.1792752,104.5565002,87,Moderate,1,19.0,95,0.0,3.4,360,934.9,100,25.7,26.7,351.0,7.7,62.0,10.4
2026-03-25 04:00:00,2026,3,25,4,Sơn La,Xã Gia Phù,21.1792752,104.5565002,85,Moderate,1,19.0,92,0.0,2.5,360,935.0,100,21.9,22.9,352.0,6.3,66.0,10.8
2026-03-25 05:00:00,2026,3,25,5,Sơn La,Xã Gia Phù,21.1792752,104.5565002,84,Moderate,1,19.8,90,0.1,1.5,353,935.5,100,19.0,20.0,376.0,6.0,66.0,10.9
2026-03-25 06:00:00,2026,3,25,6,Sơn La,Xã Gia Phù,21.1792752,104.5565002,82,Moderate,1,20.5,88,0.0,0.2,360,936.2,100,16.1,16.8,411.0,6.2,64.0,10.7
2026-03-25 07:00:00,2026,3,25,7,Sơn La,Xã Gia Phù,21.1792752,104.5565002,82,Moderate,1,20.5,95,0.0,0.9,323,937.4,74,21.1,22.4,424.0,6.5,64.0,11.1
2026-03-25 08:00:00,2026,3,25,8,Sơn La,Xã Gia Phù,21.1792752,104.5565002,80,Moderate,1,21.1,90,0.0,2.8,345,937.9,16,16.7,18.0,395.0,5.3,75.0,9.4
2026-03-25 09:00:00,2026,3,25,9,Sơn La,Xã Gia Phù,21.1792752,104.5565002,80,Moderate,1,23.2,78,0.0,3.1,159,938.6,23,16.6,18.6,345.0,3.7,90.0,6.9
2026-03-25 10:00:00,2026,3,25,10,Sơn La,Xã Gia Phù,21.1792752,104.5565002,79,Moderate,1,24.9,69,0.0,3.4,174,938.7,29,19.0,21.9,306.0,2.4,103.0,4.7
2026-03-25 11:00:00,2026,3,25,11,Sơn La,Xã Gia Phù,21.1792752,104.5565002,78,Moderate,1,26.9,60,0.0,2.6,155,938.5,4,22.1,26.7,293.0,1.6,113.0,3.0
2026-03-25 12:00:00,2026,3,25,12,Sơn La,Xã Gia Phù,21.1792752,104.5565002,78,Moderate,1,28.1,56,0.0,4.5,178,937.8,10,23.9,29.7,292.0,1.1,122.0,1.5
2026-03-25 13:00:00,2026,3,25,13,Sơn La,Xã Gia Phù,21.1792752,104.5565002,78,Moderate,1,29.2,51,0.0,7.3,228,937.1,31,25.2,32.1,291.0,0.8,127.0,0.5
2026-03-25 14:00:00,2026,3,25,14,Sơn La,Xã Gia Phù,21.1792752,104.5565002,78,Moderate,1,28.3,56,1.0,11.7,160,936.2,59,25.6,33.3,277.0,0.6,128.0,0.3
2026-03-25 15:00:00,2026,3,25,15,Sơn La,Xã Gia Phù,21.1792752,104.5565002,79,Moderate,1,24.9,69,0.3,5.7,55,935.8,45,25.1,32.9,265.0,0.7,126.0,0.5
2026-03-25 16:00:00,2026,3,25,16,Sơn La,Xã Gia Phù,21.1792752,104.5565002,79,Moderate,1,25.8,64,0.1,4.1,52,935.4,48,25.8,34.0,284.0,1.4,120.0,0.9
2026-03-25 17:00:00,2026,3,25,17,Sơn La,Xã Gia Phù,21.1792752,104.5565002,80,Moderate,1,25.5,65,0.0,3.2,128,935.1,28,24.5,30.2,368.0,2.9,109.0,1.3
2026-03-25 18:00:00,2026,3,25,18,Sơn La,Xã Gia Phù,21.1792752,104.5565002,80,Moderate,1,23.9,75,0.0,2.3,122,935.1,8,22.3,26.1,485.0,5.0,94.0,1.8
2026-03-25 19:00:00,2026,3,25,19,Sơn La,Xã Gia Phù,21.1792752,104.5565002,80,Moderate,1,23.5,74,0.0,1.5,30,935.3,6,22.2,27.0,564.0,4.1,99.0,1.0
2026-03-25 20:00:00,2026,3,25,20,Sơn La,Xã Gia Phù,21.1792752,104.5565002,80,Moderate,1,22.4,81,0.0,2.4,42,935.8,4,23.9,28.6,572.0,6.8,92.0,1.2
2026-03-25 21:00:00,2026,3,25,21,Sơn La,Xã Gia Phù,21.1792752,104.5565002,80,Moderate,1,21.6,84,0.0,2.6,25,936.1,1,25.2,29.8,544.0,10.6,81.0,1.4
2026-03-25 22:00:00,2026,3,25,22,Sơn La,Xã Gia Phù,21.1792752,104.5565002,79,Moderate,1,21.4,83,0.0,1.1,9,936.3,1,30.2,34.7,511.0,13.4,72.0,1.4
2026-03-25 23:00:00,2026,3,25,23,Sơn La,Xã Gia Phù,21.1792752,104.5565002,79,Moderate,1,21.0,85,0.0,1.3,8,936.2,0,34.2,38.5,482.0,14.7,66.0,1.1
2026-03-26 00:00:00,2026,3,26,0,Sơn La,Xã Gia Phù,21.1792752,104.5565002,78,Moderate,1,20.9,84,0.0,0.6,342,935.9,0,36.0,40.2,450.0,15.1,61.0,0.6
2026-03-26 01:00:00,2026,3,26,1,Sơn La,Xã Gia Phù,21.1792752,104.5565002,78,Moderate,1,20.8,87,0.0,0.6,326,935.6,6,36.3,40.2,422.0,14.6,58.0,0.2
2026-03-26 02:00:00,2026,3,26,2,Sơn La,Xã Gia Phù,21.1792752,104.5565002,77,Moderate,1,20.3,89,0.0,0.4,270,935.3,4,34.6,37.8,397.0,12.7,56.0,0.1
2026-03-26 03:00:00,2026,3,26,3,Sơn La,Xã Gia Phù,21.1792752,104.5565002,77,Moderate,1,20.0,90,0.0,0.2,360,934.6,6,29.4,32.2,378.0,9.8,56.0,0.2
2026-03-26 04:00:00,2026,3,26,4,Sơn La,Xã Gia Phù,21.1792752,104.5565002,77,Moderate,1,19.7,91,0.0,0.4,117,934.8,20,26.8,29.2,376.0,7.4,57.0,0.3
2026-03-26 05:00:00,2026,3,26,5,Sơn La,Xã Gia Phù,21.1792752,104.5565002,78,Moderate,1,19.2,94,0.0,0.9,37,934.7,42,25.7,27.8,412.0,6.1,60.0,0.3
2026-03-26 06:00:00,2026,3,26,6,Sơn La,Xã Gia Phù,21.1792752,104.5565002,78,Moderate,1,19.0,91,0.0,1.0,31,935.4,44,23.2,25.1,466.0,5.3,65.0,0.3
2026-03-26 07:00:00,2026,3,26,7,Sơn La,Xã Gia Phù,21.1792752,104.5565002,79,Moderate,1,19.6,87,0.0,2.3,61,936.8,24,29.2,33.4,493.0,3.9,78.0,0.4
2026-03-26 08:00:00,2026,3,26,8,Sơn La,Xã Gia Phù,21.1792752,104.5565002,80,Moderate,1,21.2,83,0.0,4.9,92,937.7,48,27.8,32.6,466.0,3.3,88.0,0.6
2026-03-26 09:00:00,2026,3,26,9,Sơn La,Xã Gia Phù,21.1792752,104.5565002,81,Moderate,1,22.7,78,0.0,4.7,122,938.4,91,27.0,31.9,412.0,2.4,102.0,0.9
2026-03-26 10:00:00,2026,3,26,10,Sơn La,Xã Gia Phù,21.1792752,104.5565002,82,Moderate,1,24.8,70,0.0,5.4,154,938.4,21,28.6,33.6,366.0,1.7,115.0,1.2
2026-03-26 11:00:00,2026,3,26,11,Sơn La,Xã Gia Phù,21.1792752,104.5565002,83,Moderate,1,26.2,65,0.0,6.6,164,937.9,13,30.7,36.1,342.0,1.3,125.0,1.5
2026-03-26 12:00:00,2026,3,26,12,Sơn La,Xã Gia Phù,21.1792752,104.5565002,83,Moderate,1,27.9,57,0.0,8.0,203,936.9,26,32.6,38.1,326.0,1.0,133.0,1.9
2026-03-26 13:00:00,2026,3,26,13,Sơn La,Xã Gia Phù,21.1792752,104.5565002,84,Moderate,1,29.4,48,0.0,10.5,232,936.0,20,31.7,36.9,315.0,0.9,140.0,2.2
2026-03-26 14:00:00,2026,3,26,14,Sơn La,Xã Gia Phù,21.1792752,104.5565002,85,Moderate,1,31.4,34,0.0,11.3,253,934.8,28,31.3,36.8,305.0,0.5,147.0,2.5
2026-03-26 15:00:00,2026,3,26,15,Sơn La,Xã Gia Phù,21.1792752,104.5565002,85,Moderate,1,32.0,30,0.0,13.4,266,933.8,13,31.3,37.1,300.0,0.3,152.0,2.8
2026-03-26 16:00:00,2026,3,26,16,Sơn La,Xã Gia Phù,21.1792752,104.5565002,86,Moderate,1,32.2,28,0.0,13.0,267,933.1,1,29.6,34.8,310.0,1.4,152.0,3.2
2026-03-26 17:00:00,2026,3,26,17,Sơn La,Xã Gia Phù,21.1792752,104.5565002,93,Moderate,1,31.3,30,0.0,10.4,247,932.8,0,29.2,34.5,343.0,4.6,145.0,3.8
2026-03-26 18:00:00,2026,3,26,18,Sơn La,Xã Gia Phù,21.1792752,104.5565002,102,Unhealthy for Sensitive Groups,2,28.2,39,0.0,0.6,342,932.8,0,30.6,36.2,391.0,9.2,134.0,4.5
2026-03-26 19:00:00,2026,3,26,19,Sơn La,Xã Gia Phù,21.1792752,104.5565002,106,Unhealthy for Sensitive Groups,2,23.2,78,0.0,8.1,39,933.2,28,44.2,52.4,436.0,14.7,116.0,5.7
2026-03-26 20:00:00,2026,3,26,20,Sơn La,Xã Gia Phù,21.1792752,104.5565002,105,Unhealthy for Sensitive Groups,2,21.9,91,0.0,6.0,27,934.1,59,48.0,54.9,475.0,16.0,106.0,6.8
2026-03-26 21:00:00,2026,3,26,21,Sơn La,Xã Gia Phù,21.1792752,104.5565002,99,Moderate,1,21.5,86,0.0,4.0,360,934.6,72,50.5,56.5,510.0,17.8,92.0,8.2
2026-03-26 22:00:00,2026,3,26,22,Sơn La,Xã Gia Phù,21.1792752,104.5565002,94,Moderate,1,21.2,78,0.0,2.5,360,934.8,66,51.8,56.8,531.0,18.9,81.0,9.4
2026-03-26 23:00:00,2026,3,26,23,Sơn La,Xã Gia Phù,21.1792752,104.5565002,95,Moderate,1,20.9,71,0.0,2.4,343,934.8,48,53.4,57.4,529.0,18.5,77.0,10.1
2026-03-27 00:00:00,2026,3,27,0,Sơn La,Xã Gia Phù,21.1792752,104.5565002,97,Moderate,1,20.6,70,0.0,1.7,342,934.4,24,55.9,59.0,512.0,17.4,77.0,10.5
2026-03-27 01:00:00,2026,3,27,1,Sơn La,Xã Gia Phù,21.1792752,104.5565002,99,Moderate,1,21.1,74,0.0,0.4,360,934.5,12,57.4,59.8,491.0,16.4,76.0,10.6
2026-03-27 02:00:00,2026,3,27,2,Sơn La,Xã Gia Phù,21.1792752,104.5565002,101,Unhealthy for Sensitive Groups,2,20.4,76,0.0,0.4,333,933.9,11,57.7,59.8,459.0,15.9,72.0,10.3
2026-03-27 03:00:00,2026,3,27,3,Sơn La,Xã Gia Phù,21.1792752,104.5565002,103,Unhealthy for Sensitive Groups,2,20.0,76,0.0,0.3,45,933.6,8,58.1,59.8,423.0,15.5,68.0,9.5
2026-03-27 04:00:00,2026,3,27,4,Sơn La,Xã Gia Phù,21.1792752,104.5565002,106,Unhealthy for Sensitive Groups,2,19.6,76,0.0,0.2,360,933.5,8,59.6,61.2,411.0,14.7,65.0,8.5
2026-03-27 05:00:00,2026,3,27,5,Sơn La,Xã Gia Phù,21.1792752,104.5565002,110,Unhealthy for Sensitive Groups,2,19.4,72,0.0,0.4,297,933.6,11,61.5,63.3,449.0,13.2,63.0,6.9
2026-03-27 06:00:00,2026,3,27,6,Sơn La,Xã Gia Phù,21.1792752,104.5565002,113,Unhealthy for Sensitive Groups,2,19.3,66,0.0,0.4,297,934.0,9,63.3,65.2,511.0,11.3,64.0,4.9
2026-03-27 07:00:00,2026,3,27,7,Sơn La,Xã Gia Phù,21.1792752,104.5565002,118,Unhealthy for Sensitive Groups,2,20.5,59,0.0,0.2,360,935.5,14,85.2,90.1,546.0,10.1,66.0,2.7
2026-03-27 08:00:00,2026,3,27,8,Sơn La,Xã Gia Phù,21.1792752,104.5565002,123,Unhealthy for Sensitive Groups,2,21.5,57,0.0,2.4,81,936.4,17,79.4,84.5,530.0,7.7,88.0,3.1
2026-03-27 09:00:00,2026,3,27,9,Sơn La,Xã Gia Phù,21.1792752,104.5565002,129,Unhealthy for Sensitive Groups,2,23.2,62,0.0,3.4,137,937.4,13,56.9,64.3,489.0,4.4,119.0,3.7
2026-03-27 10:00:00,2026,3,27,10,Sơn La,Xã Gia Phù,21.1792752,104.5565002,132,Unhealthy for Sensitive Groups,2,25.0,63,0.0,4.9,152,937.6,2,52.9,61.7,445.0,1.9,144.0,4.0
2026-03-27 11:00:00,2026,3,27,11,Sơn La,Xã Gia Phù,21.1792752,104.5565002,134,Unhealthy for Sensitive Groups,2,27.1,58,0.0,4.6,167,937.3,1,52.3,63.8,402.0,1.0,157.0,3.9
2026-03-27 12:00:00,2026,3,27,12,Sơn La,Xã Gia Phù,21.1792752,104.5565002,137,Unhealthy for Sensitive Groups,2,29.1,47,0.0,6.2,190,936.3,17,49.7,61.2,357.0,0.9,163.0,3.6
2026-03-27 13:00:00,2026,3,27,13,Sơn La,Xã Gia Phù,21.1792752,104.5565002,138,Unhealthy for Sensitive Groups,2,30.7,37,0.0,11.0,235,935.2,12,44.7,54.4,329.0,0.9,165.0,3.4
2026-03-27 14:00:00,2026,3,27,14,Sơn La,Xã Gia Phù,21.1792752,104.5565002,140,Unhealthy for Sensitive Groups,2,32.4,29,0.0,12.8,251,934.1,4,41.7,50.1,326.0,0.5,162.0,3.3
2026-03-27 15:00:00,2026,3,27,15,Sơn La,Xã Gia Phù,21.1792752,104.5565002,141,Unhealthy for Sensitive Groups,2,32.5,28,0.0,14.7,256,932.9,8,39.0,46.1,340.0,0.2,154.0,3.3
2026-03-27 16:00:00,2026,3,27,16,Sơn La,Xã Gia Phù,21.1792752,104.5565002,142,Unhealthy for Sensitive Groups,2,32.4,28,0.0,9.6,276,932.4,4,36.1,41.8,362.0,1.2,145.0,3.6
2026-03-27 17:00:00,2026,3,27,17,Sơn La,Xã Gia Phù,21.1792752,104.5565002,142,Unhealthy for Sensitive Groups,2,31.2,32,0.0,2.0,63,932.2,5,34.3,39.0,395.0,4.5,134.0,4.2
2026-03-27 18:00:00,2026,3,27,18,Sơn La,Xã Gia Phù,21.1792752,104.5565002,143,Unhealthy for Sensitive Groups,2,25.7,62,0.0,7.3,74,932.2,6,35.3,39.8,435.0,9.1,122.0,5.0
2026-03-27 19:00:00,2026,3,27,19,Sơn La,Xã Gia Phù,21.1792752,104.5565002,143,Unhealthy for Sensitive Groups,2,23.0,85,0.0,6.4,11,933.2,38,73.1,83.1,467.0,16.5,115.0,7.3
2026-03-27 20:00:00,2026,3,27,20,Sơn La,Xã Gia Phù,21.1792752,104.5565002,146,Unhealthy for Sensitive Groups,2,22.8,84,0.0,5.3,10,933.9,58,77.1,86.4,483.0,17.8,104.0,8.2
2026-03-27 21:00:00,2026,3,27,21,Sơn La,Xã Gia Phù,21.1792752,104.5565002,149,Unhealthy for Sensitive Groups,2,21.6,88,0.0,5.3,18,934.4,66,79.2,87.8,491.0,19.6,89.0,9.4
2026-03-27 22:00:00,2026,3,27,22,Sơn La,Xã Gia Phù,21.1792752,104.5565002,151,Unhealthy,3,21.0,89,0.0,4.0,10,934.6,70,79.9,87.3,494.0,20.2,78.0,10.4
2026-03-27 23:00:00,2026,3,27,23,Sơn La,Xã Gia Phù,21.1792752,104.5565002,151,Unhealthy,3,20.5,91,0.0,2.9,11,934.6,66,80.8,87.3,494.0,18.8,75.0,10.8
2026-03-28 00:00:00,2026,3,28,0,Sơn La,Xã Gia Phù,21.1792752,104.5565002,152,Unhealthy,3,20.3,90,0.0,3.1,357,934.5,58,86.8,92.4,489.0,16.2,75.0,10.8
2026-03-28 01:00:00,2026,3,28,1,Sơn La,Xã Gia Phù,21.1792752,104.5565002,152,Unhealthy,3,21.5,90,0.0,1.1,9,934.4,100,91.5,96.4,481.0,14.0,75.0,11.0
2026-03-28 02:00:00,2026,3,28,2,Sơn La,Xã Gia Phù,21.1792752,104.5565002,153,Unhealthy,3,21.0,92,0.0,2.2,355,933.8,100,89.4,93.6,463.0,12.6,72.0,11.4
2026-03-28 03:00:00,2026,3,28,3,Sơn La,Xã Gia Phù,21.1792752,104.5565002,154,Unhealthy,3,20.5,95,0.0,2.2,351,933.4,100,86.4,89.9,441.0,11.6,69.0,11.8
2026-03-28 04:00:00,2026,3,28,4,Sơn La,Xã Gia Phù,21.1792752,104.5565002,154,Unhealthy,3,20.2,94,0.0,0.6,342,933.4,100,82.0,85.0,432.0,10.5,67.0,12.3
2026-03-28 05:00:00,2026,3,28,5,Sơn La,Xã Gia Phù,21.1792752,104.5565002,155,Unhealthy,3,20.6,89,0.0,0.2,360,933.9,100,75.9,78.2,454.0,9.3,67.0,12.9
2026-03-28 06:00:00,2026,3,28,6,Sơn La,Xã Gia Phù,21.1792752,104.5565002,155,Unhealthy,3,20.9,87,0.0,0.4,360,934.8,100,68.9,71.0,490.0,8.2,69.0,13.6
2026-03-28 07:00:00,2026,3,28,7,Sơn La,Xã Gia Phù,21.1792752,104.5565002,155,Unhealthy,3,21.4,90,0.0,1.3,45,936.3,91,72.2,76.4,506.0,5.9,83.0,12.1
2026-03-28 08:00:00,2026,3,28,8,Sơn La,Xã Gia Phù,21.1792752,104.5565002,155,Unhealthy,3,22.2,87,0.0,1.6,96,937.1,58,66.6,71.5,483.0,5.3,94.0,12.0
2026-03-28 09:00:00,2026,3,28,9,Sơn La,Xã Gia Phù,21.1792752,104.5565002,155,Unhealthy,3,24.1,78,0.0,4.3,105,937.5,50,61.0,65.4,440.0,4.4,110.0,11.8
2026-03-28 10:00:00,2026,3,28,10,Sơn La,Xã Gia Phù,21.1792752,104.5565002,155,Unhealthy,3,26.1,70,0.0,5.1,126,937.6,4,60.3,64.7,405.0,3.5,125.0,11.0
2026-03-28 11:00:00,2026,3,28,11,Sơn La,Xã Gia Phù,21.1792752,104.5565002,155,Unhealthy,3,27.8,63,0.0,5.9,137,937.3,2,63.3,68.0,389.0,2.6,138.0,8.9
2026-03-28 12:00:00,2026,3,28,12,Sơn La,Xã Gia Phù,21.1792752,104.5565002,155,Unhealthy,3,29.0,56,0.0,6.4,155,936.2,12,66.6,71.9,380.0,1.7,151.0,6.1
2026-03-28 13:00:00,2026,3,28,13,Sơn La,Xã Gia Phù,21.1792752,104.5565002,156,Unhealthy,3,30.4,45,0.0,8.9,214,935.3,22,63.1,68.2,371.0,1.1,159.0,4.0
2026-03-28 14:00:00,2026,3,28,14,Sơn La,Xã Gia Phù,21.1792752,104.5565002,156,Unhealthy,3,31.4,40,0.0,9.6,201,934.2,19,54.7,59.3,355.0,0.8,160.0,3.1
2026-03-28 15:00:00,2026,3,28,15,Sơn La,Xã Gia Phù,21.1792752,104.5565002,156,Unhealthy,3,32.7,32,0.0,9.7,161,933.0,18,48.1,51.9,339.0,0.8,157.0,2.8
2026-03-28 16:00:00,2026,3,28,16,Sơn La,Xã Gia Phù,21.1792752,104.5565002,157,Unhealthy,3,29.0,57,0.0,15.4,100,932.5,8,41.6,44.8,334.0,1.3,151.0,3.1
2026-03-28 17:00:00,2026,3,28,17,Sơn La,Xã Gia Phù,21.1792752,104.5565002,157,Unhealthy,3,25.2,77,0.0,11.2,62,932.8,5,41.1,43.8,351.0,2.6,142.0,4.1
2026-03-28 18:00:00,2026,3,28,18,Sơn La,Xã Gia Phù,21.1792752,104.5565002,157,Unhealthy,3,24.6,78,0.0,7.2,28,933.1,9,44.4,46.3,380.0,4.3,131.0,5.6
2026-03-28 19:00:00,2026,3,28,19,Sơn La,Xã Gia Phù,21.1792752,104.5565002,157,Unhealthy,3,22.9,83,0.0,7.6,31,933.3,45,56.0,58.1,401.0,7.1,131.0,4.6
2026-03-28 20:00:00,2026,3,28,20,Sơn La,Xã Gia Phù,21.1792752,104.5565002,157,Unhealthy,3,23.3,83,0.0,7.2,28,934.1,25,58.3,60.3,406.0,7.5,127.0,5.4
2026-03-28 21:00:00,2026,3,28,21,Sơn La,Xã Gia Phù,21.1792752,104.5565002,156,Unhealthy,3,22.8,87,0.0,6.2,36,934.7,42,59.4,61.0,405.0,8.1,121.0,6.6
2026-03-28 22:00:00,2026,3,28,22,Sơn La,Xã Gia Phù,21.1792752,104.5565002,156,Unhealthy,3,22.1,90,0.0,6.1,23,934.8,54,60.8,62.4,404.0,8.8,112.0,7.5
2026-03-28 23:00:00,2026,3,28,23,Sơn La,Xã Gia Phù,21.1792752,104.5565002,155,Unhealthy,3,21.7,92,0.0,3.6,27,934.6,49,66.6,68.0,410.0,9.9,97.0,7.9
2026-03-29 00:00:00,2026,3,29,0,Sơn La,Xã Gia Phù,21.1792752,104.5565002,155,Unhealthy,3,21.0,93,0.0,3.7,11,934.1,95,72.6,74.0,416.0,11.0,80.0,8.0
2026-03-29 01:00:00,2026,3,29,1,Sơn La,Xã Gia Phù,21.1792752,104.5565002,155,Unhealthy,3,20.7,97,0.0,2.5,360,933.3,88,75.0,76.4,415.0,11.3,70.0,8.0
2026-03-29 02:00:00,2026,3,29,2,Sơn La,Xã Gia Phù,21.1792752,104.5565002,154,Unhealthy,3,20.1,97,0.0,2.9,353,932.9,100,64.0,65.2,395.0,9.9,72.0,8.1
2026-03-29 03:00:00,2026,3,29,3,Sơn La,Xã Gia Phù,21.1792752,104.5565002,154,Unhealthy,3,20.3,94,0.0,0.9,349,932.6,100,53.0,54.0,368.0,7.7,80.0,8.1
2026-03-29 04:00:00,2026,3,29,4,Sơn La,Xã Gia Phù,21.1792752,104.5565002,153,Unhealthy,3,20.6,92,0.0,1.3,315,933.0,100,45.8,46.8,359.0,5.9,88.0,7.7
2026-03-29 05:00:00,2026,3,29,5,Sơn La,Xã Gia Phù,21.1792752,104.5565002,152,Unhealthy,3,21.6,91,0.0,2.2,355,933.1,74,43.1,44.1,388.0,5.2,90.0,6.5
2026-03-29 06:00:00,2026,3,29,6,Sơn La,Xã Gia Phù,21.1792752,104.5565002,152,Unhealthy,3,20.4,96,0.0,2.0,185,933.6,99,42.6,43.5,436.0,4.9,92.0,5.0
2026-03-29 07:00:00,2026,3,29,7,Sơn La,Xã Gia Phù,21.1792752,104.5565002,151,Unhealthy,3,21.6,92,0.0,2.5,150,935.5,27,51.0,52.0,463.0,5.0,91.0,2.8
2026-03-29 08:00:00,2026,3,29,8,Sơn La,Xã Gia Phù,21.1792752,104.5565002,151,Unhealthy,3,22.6,86,0.0,2.0,190,936.1,77,52.5,53.7,452.0,3.9,107.0,2.2
2026-03-29 09:00:00,2026,3,29,9,Sơn La,Xã Gia Phù,21.1792752,104.5565002,150,Unhealthy for Sensitive Groups,2,24.3,76,0.0,6.7,204,937.0,53,51.2,52.7,421.0,2.4,129.0,1.5
2026-03-29 10:00:00,2026,3,29,10,Sơn La,Xã Gia Phù,21.1792752,104.5565002,150,Unhealthy for Sensitive Groups,2,26.9,58,0.0,7.7,239,937.3,17,42.7,44.4,388.0,1.2,146.0,1.1
2026-03-29 11:00:00,2026,3,29,11,Sơn La,Xã Gia Phù,21.1792752,104.5565002,148,Unhealthy for Sensitive Groups,2,28.1,53,0.0,12.0,231,936.9,2,33.6,35.5,356.0,0.8,151.0,1.4
2026-03-29 12:00:00,2026,3,29,12,Sơn La,Xã Gia Phù,21.1792752,104.5565002,145,Unhealthy for Sensitive Groups,2,30.5,41,0.0,12.5,243,935.7,27,31.3,33.4,321.0,0.8,151.0,2.1
2026-03-29 13:00:00,2026,3,29,13,Sơn La,Xã Gia Phù,21.1792752,104.5565002,142,Unhealthy for Sensitive Groups,2,31.5,30,0.2,22.8,250,934.4,22,30.9,32.7,293.0,0.8,149.0,2.6
2026-03-29 14:00:00,2026,3,29,14,Sơn La,Xã Gia Phù,21.1792752,104.5565002,138,Unhealthy for Sensitive Groups,2,31.5,27,0.0,23.0,264,933.2,8,30.4,32.2,272.0,0.8,147.0,2.6
2026-03-29 15:00:00,2026,3,29,15,Sơn La,Xã Gia Phù,21.1792752,104.5565002,136,Unhealthy for Sensitive Groups,2,31.8,24,0.0,24.3,263,932.8,39,29.0,30.6,258.0,0.8,145.0,2.3
2026-03-29 16:00:00,2026,3,29,16,Sơn La,Xã Gia Phù,21.1792752,104.5565002,134,Unhealthy for Sensitive Groups,2,30.3,29,0.0,21.4,263,932.3,3,27.1,28.7,258.0,1.1,141.0,2.1
2026-03-29 17:00:00,2026,3,29,17,Sơn La,Xã Gia Phù,21.1792752,104.5565002,132,Unhealthy for Sensitive Groups,2,29.2,32,0.0,16.2,266,932.1,18,27.7,29.1,278.0,1.7,136.0,2.0
2026-03-29 18:00:00,2026,3,29,18,Sơn La,Xã Gia Phù,21.1792752,104.5565002,131,Unhealthy for Sensitive Groups,2,27.5,36,0.0,11.5,256,931.9,6,29.9,31.4,311.0,2.5,131.0,2.0
2026-03-29 19:00:00,2026,3,29,19,Sơn La,Xã Gia Phù,21.1792752,104.5565002,129,Unhealthy for Sensitive Groups,2,24.1,53,0.0,6.2,244,931.8,1,37.7,39.5,344.0,7.0,99.0,3.0
2026-03-29 20:00:00,2026,3,29,20,Sơn La,Xã Gia Phù,21.1792752,104.5565002,128,Unhealthy for Sensitive Groups,2,23.3,56,0.0,5.9,258,932.1,13,39.7,41.4,375.0,8.3,95.0,3.5
2026-03-29 21:00:00,2026,3,29,21,Sơn La,Xã Gia Phù,21.1792752,104.5565002,126,Unhealthy for Sensitive Groups,2,22.8,57,0.0,4.9,280,932.7,6,40.9,42.7,407.0,10.0,90.0,4.3
2026-03-29 22:00:00,2026,3,29,22,Sơn La,Xã Gia Phù,21.1792752,104.5565002,124,Unhealthy for Sensitive Groups,2,22.7,57,0.0,2.8,285,932.9,1,42.0,43.9,433.0,11.6,85.0,4.9
2026-03-29 23:00:00,2026,3,29,23,Sơn La,Xã Gia Phù,21.1792752,104.5565002,122,Unhealthy for Sensitive Groups,2,21.4,61,0.0,3.2,243,932.7,1,43.0,44.8,452.0,12.9,81.0,5.2
2026-03-30 00:00:00,2026,3,30,0,Sơn La,Xã Gia Phù,21.1792752,104.5565002,119,Unhealthy for Sensitive Groups,2,20.5,65,0.0,4.4,277,932.6,1,43.5,45.3,466.0,14.0,76.0,5.4
2026-03-30 01:00:00,2026,3,30,1,Sơn La,Xã Gia Phù,21.1792752,104.5565002,116,Unhealthy for Sensitive Groups,2,20.8,71,0.0,3.0,287,932.9,14,44.0,45.8,472.0,14.5,72.0,5.4
2026-03-30 02:00:00,2026,3,30,2,Sơn La,Xã Gia Phù,21.1792752,104.5565002,113,Unhealthy for Sensitive Groups,2,19.6,76,0.0,4.2,258,932.6,9,44.0,45.8,465.0,14.2,67.0,5.2
2026-03-30 03:00:00,2026,3,30,3,Sơn La,Xã Gia Phù,21.1792752,104.5565002,111,Unhealthy for Sensitive Groups,2,20.1,70,0.0,3.1,280,932.2,2,43.8,45.5,451.0,13.3,63.0,4.9
2026-03-30 04:00:00,2026,3,30,4,Sơn La,Xã Gia Phù,21.1792752,104.5565002,110,Unhealthy for Sensitive Groups,2,18.9,80,0.0,5.1,243,932.4,23,43.3,45.2,440.0,12.4,60.0,4.7
2026-03-30 05:00:00,2026,3,30,5,Sơn La,Xã Gia Phù,21.1792752,104.5565002,110,Unhealthy for Sensitive Groups,2,19.0,79,0.0,4.1,308,932.9,1,43.0,44.7,442.0,11.9,56.0,4.7
2026-03-30 06:00:00,2026,3,30,6,Sơn La,Xã Gia Phù,21.1792752,104.5565002,110,Unhealthy for Sensitive Groups,2,18.6,74,0.0,3.6,264,933.0,2,42.7,44.5,447.0,11.4,54.0,4.7
2026-03-30 07:00:00,2026,3,30,7,Sơn La,Xã Gia Phù,21.1792752,104.5565002,110,Unhealthy for Sensitive Groups,2,20.1,69,0.0,3.2,286,934.0,5,64.3,69.2,443.0,8.6,66.0,3.5
2026-03-30 08:00:00,2026,3,30,8,Sơn La,Xã Gia Phù,21.1792752,104.5565002,111,Unhealthy for Sensitive Groups,2,22.5,59,0.0,5.6,249,935.3,0,61.0,64.7,419.0,6.5,88.0,3.8
2026-03-30 09:00:00,2026,3,30,9,Sơn La,Xã Gia Phù,21.1792752,104.5565002,112,Unhealthy for Sensitive Groups,2,25.0,54,0.0,7.6,227,936.0,0,56.1,60.1,386.0,3.5,119.0,4.1
2026-03-30 10:00:00,2026,3,30,10,Sơn La,Xã Gia Phù,21.1792752,104.5565002,112,Unhealthy for Sensitive Groups,2,27.4,47,0.0,10.4,224,936.2,0,48.0,53.4,359.0,1.3,142.0,4.2
2026-03-30 11:00:00,2026,3,30,11,Sơn La,Xã Gia Phù,21.1792752,104.5565002,113,Unhealthy for Sensitive Groups,2,29.7,39,0.0,15.5,238,935.9,7,39.5,47.3,345.0,0.6,148.0,3.9
2026-03-30 12:00:00,2026,3,30,12,Sơn La,Xã Gia Phù,21.1792752,104.5565002,114,Unhealthy for Sensitive Groups,2,30.8,35,0.0,19.4,252,934.8,34,36.4,44.5,337.0,0.7,146.0,3.3
2026-03-30 13:00:00,2026,3,30,13,Sơn La,Xã Gia Phù,21.1792752,104.5565002,114,Unhealthy for Sensitive Groups,2,31.1,33,0.0,16.9,254,934.1,9,34.9,43.2,330.0,0.9,144.0,2.9
2026-03-30 14:00:00,2026,3,30,14,Sơn La,Xã Gia Phù,21.1792752,104.5565002,115,Unhealthy for Sensitive Groups,2,32.0,28,0.0,21.0,255,932.9,14,34.3,42.7,317.0,0.8,146.0,2.7
2026-03-30 15:00:00,2026,3,30,15,Sơn La,Xã Gia Phù,21.1792752,104.5565002,115,Unhealthy for Sensitive Groups,2,31.3,30,0.0,21.6,269,932.1,5,34.9,43.9,304.0,0.8,149.0,2.6
2026-03-30 16:00:00,2026,3,30,16,Sơn La,Xã Gia Phù,21.1792752,104.5565002,116,Unhealthy for Sensitive Groups,2,31.3,30,0.0,19.2,247,931.7,10,35.9,44.6,303.0,1.3,149.0,2.7
2026-03-30 17:00:00,2026,3,30,17,Sơn La,Xã Gia Phù,21.1792752,104.5565002,117,Unhealthy for Sensitive Groups,2,30.1,33,0.0,15.4,225,931.6,1,36.6,44.5,324.0,2.6,144.0,3.0
2026-03-30 18:00:00,2026,3,30,18,Sơn La,Xã Gia Phù,21.1792752,104.5565002,117,Unhealthy for Sensitive Groups,2,27.7,39,0.0,7.5,250,931.6,5,37.6,45.4,358.0,4.3,135.0,3.4
2026-03-30 19:00:00,2026,3,30,19,Sơn La,Xã Gia Phù,21.1792752,104.5565002,118,Unhealthy for Sensitive Groups,2,26.5,47,0.0,4.5,284,931.8,13,64.0,79.6,387.0,6.6,128.0,3.9
2026-03-30 20:00:00,2026,3,30,20,Sơn La,Xã Gia Phù,21.1792752,104.5565002,121,Unhealthy for Sensitive Groups,2,25.8,50,0.0,4.3,285,932.2,1,66.1,82.4,408.0,7.7,123.0,4.4
2026-03-30 21:00:00,2026,3,30,21,Sơn La,Xã Gia Phù,21.1792752,104.5565002,124,Unhealthy for Sensitive Groups,2,24.7,52,0.0,4.9,294,932.9,4,67.1,84.1,424.0,9.2,116.0,5.1
2026-03-30 22:00:00,2026,3,30,22,Sơn La,Xã Gia Phù,21.1792752,104.5565002,126,Unhealthy for Sensitive Groups,2,23.7,55,0.0,5.3,288,933.2,2,68.0,85.2,432.0,10.4,110.0,5.7
2026-03-30 23:00:00,2026,3,30,23,Sơn La,Xã Gia Phù,21.1792752,104.5565002,129,Unhealthy for Sensitive Groups,2,22.9,55,0.0,5.5,289,932.9,0,68.2,85.9,427.0,10.8,106.0,6.0
2026-03-31 00:00:00,2026,3,31,0,Sơn La,Xã Gia Phù,21.1792752,104.5565002,132,Unhealthy for Sensitive Groups,2,22.3,55,0.0,5.9,288,932.8,0,68.2,86.1,413.0,10.9,103.0,6.1
2026-03-31 01:00:00,2026,3,31,1,Sơn La,Xã Gia Phù,21.1792752,104.5565002,134,Unhealthy for Sensitive Groups,2,21.9,59,0.0,4.9,294,932.4,0,68.2,86.4,402.0,11.0,100.0,6.2
2026-03-31 02:00:00,2026,3,31,2,Sơn La,Xã Gia Phù,21.1792752,104.5565002,137,Unhealthy for Sensitive Groups,2,21.4,60,0.0,4.3,285,931.9,1,68.5,86.6,395.0,11.3,96.0,6.3
2026-03-31 03:00:00,2026,3,31,3,Sơn La,Xã Gia Phù,21.1792752,104.5565002,139,Unhealthy for Sensitive Groups,2,21.2,60,0.0,4.2,306,931.6,8,68.5,86.6,391.0,11.5,92.0,6.4
2026-03-31 04:00:00,2026,3,31,4,Sơn La,Xã Gia Phù,21.1792752,104.5565002,142,Unhealthy for Sensitive Groups,2,21.4,57,0.0,3.9,298,931.8,26,68.2,86.4,399.0,11.7,89.0,6.5
2026-03-31 05:00:00,2026,3,31,5,Sơn La,Xã Gia Phù,21.1792752,104.5565002,145,Unhealthy for Sensitive Groups,2,21.2,58,0.0,4.1,293,932.4,35,68.2,85.9,435.0,12.1,85.0,6.8
2026-03-31 06:00:00,2026,3,31,6,Sơn La,Xã Gia Phù,21.1792752,104.5565002,147,Unhealthy for Sensitive Groups,2,21.2,60,0.0,3.8,287,933.2,43,68.2,85.7,483.0,12.4,81.0,7.1
2026-03-31 07:00:00,2026,3,31,7,Sơn La,Xã Gia Phù,21.1792752,104.5565002,150,Unhealthy for Sensitive Groups,2,22.4,64,0.0,3.7,284,934.3,20,72.9,90.6,507.0,12.2,79.0,6.9
2026-03-31 08:00:00,2026,3,31,8,Sơn La,Xã Gia Phù,21.1792752,104.5565002,150,Unhealthy for Sensitive Groups,2,25.2,52,0.0,6.7,265,935.6,4,70.8,82.9,487.0,9.0,103.0,6.8
2026-03-31 09:00:00,2026,3,31,9,Sơn La,Xã Gia Phù,21.1792752,104.5565002,150,Unhealthy for Sensitive Groups,2,27.5,49,0.0,7.9,227,936.4,0,70.8,83.4,444.0,4.6,136.0,6.7
2026-03-31 10:00:00,2026,3,31,10,Sơn La,Xã Gia Phù,21.1792752,104.5565002,151,Unhealthy,3,30.1,40,0.0,13.2,235,936.4,7,64.0,74.5,403.0,1.3,158.0,6.4
2026-03-31 11:00:00,2026,3,31,11,Sơn La,Xã Gia Phù,21.1792752,104.5565002,151,Unhealthy,3,32.0,32,0.0,19.1,248,935.8,10,57.3,68.5,371.0,0.4,159.0,5.7
2026-03-31 12:00:00,2026,3,31,12,Sơn La,Xã Gia Phù,21.1792752,104.5565002,151,Unhealthy,3,32.7,30,0.0,20.0,256,935.2,6,47.5,59.6,341.0,0.7,150.0,4.7
2026-03-31 13:00:00,2026,3,31,13,Sơn La,Xã Gia Phù,21.1792752,104.5565002,152,Unhealthy,3,33.0,26,0.0,20.5,263,934.3,11,41.8,54.5,320.0,1.0,142.0,3.9
2026-03-31 14:00:00,2026,3,31,14,Sơn La,Xã Gia Phù,21.1792752,104.5565002,152,Unhealthy,3,32.3,29,0.0,21.6,271,933.4,15,38.0,50.8,303.0,0.7,142.0,3.4
2026-03-31 15:00:00,2026,3,31,15,Sơn La,Xã Gia Phù,21.1792752,104.5565002,152,Unhealthy,3,32.3,29,0.0,17.9,255,933.0,3,35.7,48.1,294.0,0.4,144.0,3.0
2026-03-31 16:00:00,2026,3,31,16,Sơn La,Xã Gia Phù,21.1792752,104.5565002,152,Unhealthy,3,32.7,27,0.0,14.2,263,932.6,12,34.6,46.8,313.0,1.3,142.0,2.9
2026-03-31 17:00:00,2026,3,31,17,Sơn La,Xã Gia Phù,21.1792752,104.5565002,152,Unhealthy,3,30.9,32,0.0,11.6,283,932.8,18,34.0,46.0,387.0,4.5,133.0,3.0
2026-03-31 18:00:00,2026,3,31,18,Sơn La,Xã Gia Phù,21.1792752,104.5565002,152,Unhealthy,3,27.8,43,0.0,5.0,268,932.9,12,34.7,47.4,488.0,8.8,120.0,3.5
2026-03-31 19:00:00,2026,3,31,19,Sơn La,Xã Gia Phù,21.1792752,104.5565002,152,Unhealthy,3,26.4,46,0.0,2.2,312,933.0,17,41.8,58.1,555.0,10.0,107.0,3.6
2026-03-31 20:00:00,2026,3,31,20,Sơn La,Xã Gia Phù,21.1792752,104.5565002,151,Unhealthy,3,25.7,49,0.0,2.9,313,933.2,8,44.8,61.5,554.0,12.1,97.0,5.0
2026-03-31 21:00:00,2026,3,31,21,Sơn La,Xã Gia Phù,21.1792752,104.5565002,151,Unhealthy,3,24.9,49,0.0,3.3,315,933.8,0,49.9,65.4,519.0,14.7,83.0,7.0
2026-03-31 22:00:00,2026,3,31,22,Sơn La,Xã Gia Phù,21.1792752,104.5565002,150,Unhealthy for Sensitive Groups,2,23.5,51,0.0,4.0,357,934.6,2,53.4,64.7,486.0,15.5,82.0,8.5
2026-03-31 23:00:00,2026,3,31,23,Sơn La,Xã Gia Phù,21.1792752,104.5565002,150,Unhealthy for Sensitive Groups,2,21.7,81,0.0,17.9,58,936.8,95,56.1,63.1,467.0,12.6,105.0,9.3
2026-04-01 00:00:00,2026,4,1,0,Sơn La,Xã Gia Phù,21.1792752,104.5565002,149,Unhealthy for Sensitive Groups,2,20.9,89,0.0,8.7,66,937.0,82,61.0,66.4,451.0,7.7,141.0,9.6
2026-04-01 01:00:00,2026,4,1,1,Sơn La,Xã Gia Phù,21.1792752,104.5565002,149,Unhealthy for Sensitive Groups,2,20.3,95,0.0,5.5,38,935.7,72,55.5,59.6,435.0,4.0,165.0,9.5
2026-04-01 02:00:00,2026,4,1,2,Sơn La,Xã Gia Phù,21.1792752,104.5565002,147,Unhealthy for Sensitive Groups,2,20.4,93,0.0,6.2,54,935.7,68,49.8,53.0,415.0,2.6,168.0,8.6
2026-04-01 03:00:00,2026,4,1,3,Sơn La,Xã Gia Phù,21.1792752,104.5565002,145,Unhealthy for Sensitive Groups,2,19.9,95,0.2,8.0,50,935.9,100,45.4,48.4,395.0,2.4,161.0,7.3
2026-04-01 04:00:00,2026,4,1,4,Sơn La,Xã Gia Phù,21.1792752,104.5565002,143,Unhealthy for Sensitive Groups,2,20.3,88,0.1,8.0,42,936.4,100,41.1,43.9,391.0,2.3,151.0,6.1
2026-04-01 05:00:00,2026,4,1,5,Sơn La,Xã Gia Phù,21.1792752,104.5565002,140,Unhealthy for Sensitive Groups,2,19.8,90,0.1,6.1,47,937.0,98,36.2,38.9,421.0,2.2,139.0,5.3
2026-04-01 06:00:00,2026,4,1,6,Sơn La,Xã Gia Phù,21.1792752,104.5565002,137,Unhealthy for Sensitive Groups,2,20.0,85,0.0,6.8,55,937.7,100,33.1,36.1,466.0,2.3,124.0,4.7
2026-04-01 07:00:00,2026,4,1,7,Sơn La,Xã Gia Phù,21.1792752,104.5565002,133,Unhealthy for Sensitive Groups,2,20.4,94,0.0,4.7,74,938.3,57,13.6,15.4,490.0,2.2,133.0,5.7
2026-04-01 08:00:00,2026,4,1,8,Sơn La,Xã Gia Phù,21.1792752,104.5565002,127,Unhealthy for Sensitive Groups,2,21.5,85,0.1,5.4,90,939.3,40,20.9,23.7,468.0,2.3,129.0,6.4
2026-04-01 09:00:00,2026,4,1,9,Sơn La,Xã Gia Phù,21.1792752,104.5565002,122,Unhealthy for Sensitive Groups,2,23.1,73,0.1,7.0,113,939.9,96,27.6,31.3,424.0,2.4,124.0,7.3
2026-04-01 10:00:00,2026,4,1,10,Sơn La,Xã Gia Phù,21.1792752,104.5565002,117,Unhealthy for Sensitive Groups,2,24.2,66,0.0,8.7,135,940.1,77,32.0,36.4,390.0,2.4,121.0,7.6
2026-04-01 11:00:00,2026,4,1,11,Sơn La,Xã Gia Phù,21.1792752,104.5565002,114,Unhealthy for Sensitive Groups,2,25.2,62,0.0,8.2,142,939.6,64,38.2,43.4,378.0,2.3,122.0,6.8
2026-04-01 12:00:00,2026,4,1,12,Sơn La,Xã Gia Phù,21.1792752,104.5565002,112,Unhealthy for Sensitive Groups,2,26.2,59,0.0,8.2,144,938.6,92,41.2,46.8,377.0,2.1,126.0,5.4
2026-04-01 13:00:00,2026,4,1,13,Sơn La,Xã Gia Phù,21.1792752,104.5565002,111,Unhealthy for Sensitive Groups,2,25.3,60,0.0,6.6,139,937.9,48,43.5,49.5,377.0,2.0,130.0,4.2
2026-04-01 14:00:00,2026,4,1,14,Sơn La,Xã Gia Phù,21.1792752,104.5565002,111,Unhealthy for Sensitive Groups,2,25.7,59,0.0,11.3,124,936.8,30,45.4,51.8,373.0,1.8,134.0,3.5
2026-04-01 15:00:00,2026,4,1,15,Sơn La,Xã Gia Phù,21.1792752,104.5565002,112,Unhealthy for Sensitive Groups,2,25.3,60,0.0,10.7,112,935.7,27,47.5,54.6,372.0,1.6,138.0,3.1
2026-04-01 16:00:00,2026,4,1,16,Sơn La,Xã Gia Phù,21.1792752,104.5565002,113,Unhealthy for Sensitive Groups,2,25.4,60,0.0,9.9,105,935.2,48,49.2,56.7,384.0,1.9,138.0,3.0
2026-04-01 17:00:00,2026,4,1,17,Sơn La,Xã Gia Phù,21.1792752,104.5565002,115,Unhealthy for Sensitive Groups,2,24.9,61,0.0,9.3,98,934.5,23,50.2,57.6,422.0,3.1,131.0,3.3
2026-04-01 18:00:00,2026,4,1,18,Sơn La,Xã Gia Phù,21.1792752,104.5565002,117,Unhealthy for Sensitive Groups,2,23.8,66,0.0,8.5,95,934.6,14,51.8,58.3,473.0,4.8,121.0,3.9
2026-04-01 19:00:00,2026,4,1,19,Sơn La,Xã Gia Phù,21.1792752,104.5565002,118,Unhealthy for Sensitive Groups,2,22.2,72,0.0,7.4,49,935.6,37,69.4,76.6,517.0,7.1,115.0,6.6
2026-04-01 20:00:00,2026,4,1,20,Sơn La,Xã Gia Phù,21.1792752,104.5565002,121,Unhealthy for Sensitive Groups,2,21.6,75,0.0,5.7,35,936.2,20,68.7,75.2,545.0,7.7,110.0,8.3
2026-04-01 21:00:00,2026,4,1,21,Sơn La,Xã Gia Phù,21.1792752,104.5565002,124,Unhealthy for Sensitive Groups,2,20.6,79,0.0,4.3,22,936.8,9,70.5,76.6,566.0,8.6,103.0,10.6
2026-04-01 22:00:00,2026,4,1,22,Sơn La,Xã Gia Phù,21.1792752,104.5565002,126,Unhealthy for Sensitive Groups,2,20.1,81,0.0,3.8,17,937.2,13,74.3,80.1,580.0,9.3,97.0,12.8
2026-04-01 23:00:00,2026,4,1,23,Sơn La,Xã Gia Phù,21.1792752,104.5565002,128,Unhealthy for Sensitive Groups,2,19.8,82,0.0,3.2,19,937.1,8,78.0,83.8,588.0,9.6,93.0,14.7
2026-04-02 00:00:00,2026,4,2,0,Sơn La,Xã Gia Phù,21.1792752,104.5565002,130,Unhealthy for Sensitive Groups,2,19.7,82,0.0,2.1,15,936.8,13,80.8,86.6,590.0,9.7,90.0,16.5
2026-04-02 01:00:00,2026,4,2,1,Sơn La,Xã Gia Phù,21.1792752,104.5565002,132,Unhealthy for Sensitive Groups,2,20.0,83,0.0,0.4,360,936.6,7,83.4,88.9,584.0,10.0,87.0,17.8
2026-04-02 02:00:00,2026,4,2,2,Sơn La,Xã Gia Phù,21.1792752,104.5565002,135,Unhealthy for Sensitive Groups,2,19.8,86,0.0,0.4,27,936.5,7,84.5,89.9,561.0,10.9,81.0,18.4
2026-04-02 03:00:00,2026,4,2,3,Sơn La,Xã Gia Phù,21.1792752,104.5565002,139,Unhealthy for Sensitive Groups,2,19.3,88,0.0,1.9,29,935.8,25,86.4,91.7,531.0,12.1,75.0,18.5
2026-04-02 04:00:00,2026,4,2,4,Sơn La,Xã Gia Phù,21.1792752,104.5565002,143,Unhealthy for Sensitive Groups,2,19.2,87,0.0,1.0,31,935.8,31,88.0,93.4,517.0,12.4,72.0,18.6
2026-04-02 05:00:00,2026,4,2,5,Sơn La,Xã Gia Phù,21.1792752,104.5565002,148,Unhealthy for Sensitive Groups,2,18.9,89,0.0,0.6,34,935.9,35,90.3,95.7,541.0,11.4,71.0,19.5
2026-04-02 06:00:00,2026,4,2,6,Sơn La,Xã Gia Phù,21.1792752,104.5565002,151,Unhealthy,3,18.8,90,0.0,0.4,333,936.1,95,92.4,97.8,582.0,9.7,74.0,20.4
2026-04-02 07:00:00,2026,4,2,7,Sơn La,Xã Gia Phù,21.1792752,104.5565002,152,Unhealthy,3,19.4,86,0.0,2.3,247,937.0,79,86.4,90.6,599.0,6.7,78.0,18.9
2026-04-02 08:00:00,2026,4,2,8,Sơn La,Xã Gia Phù,21.1792752,104.5565002,154,Unhealthy,3,20.5,85,0.0,4.7,203,937.9,47,84.1,89.2,566.0,5.4,95.0,15.4
2026-04-02 09:00:00,2026,4,2,9,Sơn La,Xã Gia Phù,21.1792752,104.5565002,155,Unhealthy,3,22.5,75,0.0,4.6,198,938.2,27,75.4,82.9,508.0,3.7,120.0,10.5
2026-04-02 10:00:00,2026,4,2,10,Sơn La,Xã Gia Phù,21.1792752,104.5565002,156,Unhealthy,3,24.8,66,0.0,5.8,194,938.3,10,75.4,85.2,463.0,2.3,140.0,6.7
2026-04-02 11:00:00,2026,4,2,11,Sơn La,Xã Gia Phù,21.1792752,104.5565002,157,Unhealthy,3,27.3,57,0.0,6.2,195,937.4,2,75.2,88.7,448.0,1.6,153.0,5.1
2026-04-02 12:00:00,2026,4,2,12,Sơn La,Xã Gia Phù,21.1792752,104.5565002,158,Unhealthy,3,29.2,50,0.0,8.6,216,936.6,7,79.4,100.6,445.0,1.3,161.0,4.5
2026-04-02 13:00:00,2026,4,2,13,Sơn La,Xã Gia Phù,21.1792752,104.5565002,159,Unhealthy,3,30.3,46,0.0,12.2,234,935.7,20,75.2,97.3,441.0,1.2,166.0,4.0
2026-04-02 14:00:00,2026,4,2,14,Sơn La,Xã Gia Phù,21.1792752,104.5565002,159,Unhealthy,3,30.7,44,0.0,12.6,243,934.2,38,69.8,90.1,422.0,1.0,167.0,3.3
2026-04-02 15:00:00,2026,4,2,15,Sơn La,Xã Gia Phù,21.1792752,104.5565002,160,Unhealthy,3,30.5,41,0.0,17.5,251,933.4,21,67.3,86.6,401.0,1.0,163.0,2.8
2026-04-02 16:00:00,2026,4,2,16,Sơn La,Xã Gia Phù,21.1792752,104.5565002,160,Unhealthy,3,30.6,41,0.0,11.4,233,932.5,21,63.3,81.0,407.0,1.5,157.0,2.5
2026-04-02 17:00:00,2026,4,2,17,Sơn La,Xã Gia Phù,21.1792752,104.5565002,161,Unhealthy,3,30.5,38,0.0,8.3,226,932.2,12,63.1,80.6,462.0,3.0,146.0,2.6
2026-04-02 18:00:00,2026,4,2,18,Sơn La,Xã Gia Phù,21.1792752,104.5565002,161,Unhealthy,3,28.0,47,0.0,4.8,239,932.2,3,65.2,83.6,544.0,5.0,132.0,2.9
2026-04-02 19:00:00,2026,4,2,19,Sơn La,Xã Gia Phù,21.1792752,104.5565002,161,Unhealthy,3,25.1,59,0.0,3.6,33,933.0,12,66.1,82.0,613.0,8.3,115.0,3.3
2026-04-02 20:00:00,2026,4,2,20,Sơn La,Xã Gia Phù,21.1792752,104.5565002,161,Unhealthy,3,23.0,75,0.0,4.4,60,933.7,2,68.7,86.4,659.0,9.5,114.0,3.7
2026-04-02 21:00:00,2026,4,2,21,Sơn La,Xã Gia Phù,21.1792752,104.5565002,161,Unhealthy,3,21.6,82,0.0,2.3,23,934.1,0,71.9,91.5,693.0,11.1,112.0,4.4
2026-04-02 22:00:00,2026,4,2,22,Sơn La,Xã Gia Phù,21.1792752,104.5565002,161,Unhealthy,3,21.0,80,0.0,1.8,349,934.3,0,75.4,96.4,700.0,12.2,110.0,4.8
2026-04-02 23:00:00,2026,4,2,23,Sơn La,Xã Gia Phù,21.1792752,104.5565002,161,Unhealthy,3,20.9,75,0.0,2.2,336,934.0,0,78.5,100.8,667.0,12.5,108.0,5.0
2026-04-03 00:00:00,2026,4,3,0,Sơn La,Xã Gia Phù,21.1792752,104.5565002,161,Unhealthy,3,21.1,71,0.0,2.6,309,933.7,0,80.1,103.6,607.0,12.4,106.0,5.0
2026-04-03 01:00:00,2026,4,3,1,Sơn La,Xã Gia Phù,21.1792752,104.5565002,161,Unhealthy,3,21.4,72,0.0,2.6,282,933.3,5,81.7,105.7,556.0,11.8,103.0,4.8
2026-04-03 02:00:00,2026,4,3,2,Sơn La,Xã Gia Phù,21.1792752,104.5565002,161,Unhealthy,3,21.3,66,0.0,4.2,280,932.7,7,84.3,108.0,522.0,10.6,97.0,4.1
2026-04-03 03:00:00,2026,4,3,3,Sơn La,Xã Gia Phù,21.1792752,104.5565002,161,Unhealthy,3,21.3,63,0.0,3.2,286,932.3,3,83.4,106.9,495.0,9.0,90.0,3.0
2026-04-03 04:00:00,2026,4,3,4,Sơn La,Xã Gia Phù,21.1792752,104.5565002,161,Unhealthy,3,21.0,63,0.0,4.0,288,932.0,1,83.1,105.2,482.0,7.9,82.0,2.2
2026-04-03 05:00:00,2026,4,3,5,Sơn La,Xã Gia Phù,21.1792752,104.5565002,161,Unhealthy,3,20.6,64,0.0,4.6,283,932.2,1,83.6,104.3,494.0,8.1,71.0,1.6
2026-04-03 06:00:00,2026,4,3,6,Sơn La,Xã Gia Phù,21.1792752,104.5565002,161,Unhealthy,3,20.0,67,0.0,4.4,282,932.4,0,84.3,103.4,519.0,8.7,59.0,1.3
2026-04-03 07:00:00,2026,4,3,7,Sơn La,Xã Gia Phù,21.1792752,104.5565002,161,Unhealthy,3,22.2,66,0.0,4.2,275,933.4,0,82.9,101.3,530.0,8.4,64.0,1.2
2026-04-03 08:00:00,2026,4,3,8,Sơn La,Xã Gia Phù,21.1792752,104.5565002,161,Unhealthy,3,24.3,58,0.0,4.2,230,934.5,0,81.3,95.0,512.0,6.6,90.0,2.5
2026-04-03 09:00:00,2026,4,3,9,Sơn La,Xã Gia Phù,21.1792752,104.5565002,161,Unhealthy,3,26.7,52,0.0,7.7,216,935.1,0,81.5,97.3,479.0,4.2,126.0,4.3
2026-04-03 10:00:00,2026,4,3,10,Sơn La,Xã Gia Phù,21.1792752,104.5565002,161,Unhealthy,3,29.5,44,0.0,11.6,227,935.3,0,88.7,109.0,444.0,2.3,153.0,5.5
2026-04-03 11:00:00,2026,4,3,11,Sơn La,Xã Gia Phù,21.1792752,104.5565002,161,Unhealthy,3,31.8,34,0.0,18.2,249,934.7,0,86.8,110.6,407.0,1.4,161.0,5.4
2026-04-03 12:00:00,2026,4,3,12,Sơn La,Xã Gia Phù,21.1792752,104.5565002,161,Unhealthy,3,32.6,33,0.0,20.0,259,933.8,1,69.6,87.5,367.0,1.1,160.0,4.6
2026-04-03 13:00:00,2026,4,3,13,Sơn La,Xã Gia Phù,21.1792752,104.5565002,161,Unhealthy,3,33.0,31,0.0,19.8,266,932.6,5,58.9,73.6,336.0,1.0,158.0,4.0
2026-04-03 14:00:00,2026,4,3,14,Sơn La,Xã Gia Phù,21.1792752,104.5565002,161,Unhealthy,3,32.8,31,0.0,19.0,275,931.6,8,52.0,65.4,309.0,0.7,158.0,3.7
2026-04-03 15:00:00,2026,4,3,15,Sơn La,Xã Gia Phù,21.1792752,104.5565002,160,Unhealthy,3,33.2,29,0.0,17.1,273,930.9,12,48.0,60.3,291.0,0.7,157.0,3.6
2026-04-03 16:00:00,2026,4,3,16,Sơn La,Xã Gia Phù,21.1792752,104.5565002,160,Unhealthy,3,33.1,28,0.0,14.8,271,930.4,11,45.8,57.3,302.0,1.4,153.0,3.6
2026-04-03 17:00:00,2026,4,3,17,Sơn La,Xã Gia Phù,21.1792752,104.5565002,159,Unhealthy,3,31.6,33,0.0,9.4,263,930.1,9,45.3,56.1,369.0,3.3,143.0,3.7
2026-04-03 18:00:00,2026,4,3,18,Sơn La,Xã Gia Phù,21.1792752,104.5565002,159,Unhealthy,3,28.7,41,0.0,5.6,255,930.0,5,45.9,57.0,466.0,5.9,130.0,3.9
2026-04-03 19:00:00,2026,4,3,19,Sơn La,Xã Gia Phù,21.1792752,104.5565002,159,Unhealthy,3,26.5,48,0.0,5.4,356,930.1,2,46.8,60.1,535.0,11.1,121.0,4.5
2026-04-03 20:00:00,2026,4,3,20,Sơn La,Xã Gia Phù,21.1792752,104.5565002,158,Unhealthy,3,24.6,57,0.0,4.2,7,930.7,0,49.0,62.4,547.0,14.2,112.0,5.8
2026-04-03 21:00:00,2026,4,3,21,Sơn La,Xã Gia Phù,21.1792752,104.5565002,158,Unhealthy,3,23.4,64,0.0,3.7,14,931.4,0,53.0,66.4,532.0,18.5,100.0,7.5
2026-04-03 22:00:00,2026,4,3,22,Sơn La,Xã Gia Phù,21.1792752,104.5565002,157,Unhealthy,3,23.1,65,0.0,2.8,11,932.2,0,57.6,71.0,523.0,22.2,89.0,9.1
2026-04-03 23:00:00,2026,4,3,23,Sơn La,Xã Gia Phù,21.1792752,104.5565002,157,Unhealthy,3,22.7,61,0.0,2.2,360,932.1,0,61.9,75.2,537.0,24.5,80.0,10.2
2026-04-04 00:00:00,2026,4,4,0,Sơn La,Xã Gia Phù,21.1792752,104.5565002,157,Unhealthy,3,22.6,57,0.0,1.3,352,932.0,0,65.2,78.5,557.0,26.0,73.0,11.1
2026-04-04 01:00:00,2026,4,4,1,Sơn La,Xã Gia Phù,21.1792752,104.5565002,156,Unhealthy,3,22.2,62,0.0,2.1,15,931.7,5,68.2,81.5,560.0,27.1,66.0,11.7
2026-04-04 02:00:00,2026,4,4,2,Sơn La,Xã Gia Phù,21.1792752,104.5565002,156,Unhealthy,3,21.3,73,0.0,2.3,51,931.1,40,70.1,83.1,528.0,28.3,59.0,11.8
2026-04-04 03:00:00,2026,4,4,3,Sơn La,Xã Gia Phù,21.1792752,104.5565002,156,Unhealthy,3,21.2,86,0.0,5.2,49,931.1,66,70.8,83.8,479.0,28.9,54.0,11.7
2026-04-04 04:00:00,2026,4,4,4,Sơn La,Xã Gia Phù,21.1792752,104.5565002,155,Unhealthy,3,21.4,99,0.0,9.1,63,931.8,99,71.5,84.5,445.0,27.7,54.0,11.6
2026-04-04 05:00:00,2026,4,4,5,Sơn La,Xã Gia Phù,21.1792752,104.5565002,155,Unhealthy,3,21.5,93,0.0,9.3,65,932.5,84,76.4,88.7,444.0,23.1,61.0,11.6
2026-04-04 06:00:00,2026,4,4,6,Sơn La,Xã Gia Phù,21.1792752,104.5565002,155,Unhealthy,3,20.8,93,0.0,11.1,65,933.2,86,79.6,88.7,458.0,16.6,73.0,11.7
2026-04-04 07:00:00,2026,4,4,7,Sơn La,Xã Gia Phù,21.1792752,104.5565002,155,Unhealthy,3,20.9,88,0.0,7.9,63,934.0,97,76.4,85.4,462.0,11.0,81.0,8.2
2026-04-04 08:00:00,2026,4,4,8,Sơn La,Xã Gia Phù,21.1792752,104.5565002,155,Unhealthy,3,22.1,83,0.0,10.2,73,935.4,99,85.0,92.4,441.0,8.3,112.0,9.6
2026-04-04 09:00:00,2026,4,4,9,Sơn La,Xã Gia Phù,21.1792752,104.5565002,155,Unhealthy,3,23.5,74,0.0,11.9,76,936.0,100,79.4,85.9,409.0,4.6,155.0,11.6
2026-04-04 10:00:00,2026,4,4,10,Sơn La,Xã Gia Phù,21.1792752,104.5565002,155,Unhealthy,3,25.0,66,0.0,12.3,79,936.0,100,73.3,80.3,387.0,1.8,186.0,12.5
2026-04-04 11:00:00,2026,4,4,11,Sơn La,Xã Gia Phù,21.1792752,104.5565002,154,Unhealthy,3,25.9,63,0.0,11.2,93,935.4,70,67.8,74.0,385.0,0.9,194.0,11.6
2026-04-04 12:00:00,2026,4,4,12,Sơn La,Xã Gia Phù,21.1792752,104.5565002,154,Unhealthy,3,27.9,56,0.0,9.9,99,934.5,51,64.3,70.5,392.0,1.0,190.0,9.7
2026-04-04 13:00:00,2026,4,4,13,Sơn La,Xã Gia Phù,21.1792752,104.5565002,154,Unhealthy,3,28.3,54,0.0,6.8,140,933.1,67,67.8,76.8,398.0,1.2,185.0,8.1
2026-04-04 14:00:00,2026,4,4,14,Sơn La,Xã Gia Phù,21.1792752,104.5565002,154,Unhealthy,3,28.0,56,0.0,10.1,134,931.8,58,75.0,88.7,395.0,0.9,185.0,7.1
2026-04-04 15:00:00,2026,4,4,15,Sơn La,Xã Gia Phù,21.1792752,104.5565002,155,Unhealthy,3,28.2,57,0.0,9.0,127,931.0,63,78.5,94.8,391.0,0.7,184.0,6.5
2026-04-04 16:00:00,2026,4,4,16,Sơn La,Xã Gia Phù,21.1792752,104.5565002,159,Unhealthy,3,28.2,57,0.0,9.3,115,930.7,4,78.5,96.4,398.0,1.5,178.0,6.0
2026-04-04 17:00:00,2026,4,4,17,Sơn La,Xã Gia Phù,21.1792752,104.5565002,170,Unhealthy,3,27.7,58,0.0,7.5,114,930.5,0,75.9,93.8,421.0,4.2,161.0,5.9
2026-04-04 18:00:00,2026,4,4,18,Sơn La,Xã Gia Phù,21.1792752,104.5565002,171,Unhealthy,3,26.0,67,0.0,3.6,87,930.3,2,77.3,93.8,455.0,7.9,138.0,6.0
2026-04-04 19:00:00,2026,4,4,19,Sơn La,Xã Gia Phù,21.1792752,104.5565002,163,Unhealthy,3,24.3,72,0.0,5.0,35,930.7,25,84.3,99.4,499.0,8.4,132.0,6.3
2026-04-04 20:00:00,2026,4,4,20,Sơn La,Xã Gia Phù,21.1792752,104.5565002,158,Unhealthy,3,23.7,75,0.0,4.6,31,931.2,20,88.7,102.2,564.0,8.1,130.0,6.6
2026-04-04 21:00:00,2026,4,4,21,Sơn La,Xã Gia Phù,21.1792752,104.5565002,159,Unhealthy,3,22.9,79,0.0,4.0,21,931.6,87,91.0,102.0,638.0,7.8,126.0,7.0
2026-04-04 22:00:00,2026,4,4,22,Sơn La,Xã Gia Phù,21.1792752,104.5565002,160,Unhealthy,3,22.2,82,0.0,2.6,12,931.7,81,93.4,103.4,686.0,7.9,122.0,7.3
2026-04-04 23:00:00,2026,4,4,23,Sơn La,Xã Gia Phù,21.1792752,104.5565002,161,Unhealthy,3,21.6,84,0.0,1.6,360,931.4,99,97.8,107.1,687.0,9.0,117.0,7.6
2026-04-05 00:00:00,2026,4,5,0,Sơn La,Xã Gia Phù,21.1792752,104.5565002,161,Unhealthy,3,21.6,83,0.0,1.3,360,931.1,99,102.2,111.3,661.0,10.4,112.0,7.7
2026-04-05 01:00:00,2026,4,5,1,Sơn La,Xã Gia Phù,21.1792752,104.5565002,162,Unhealthy,3,21.6,82,0.0,0.5,360,930.6,99,105.0,113.6,631.0,11.0,107.0,7.5
2026-04-05 02:00:00,2026,4,5,2,Sơn La,Xã Gia Phù,21.1792752,104.5565002,163,Unhealthy,3,21.8,82,0.0,0.6,252,930.4,100,109.4,117.8,597.0,9.8,104.0,6.4
2026-04-05 03:00:00,2026,4,5,3,Sơn La,Xã Gia Phù,21.1792752,104.5565002,164,Unhealthy,3,21.2,84,0.0,0.6,252,929.8,95,111.8,119.2,560.0,7.8,102.0,4.9
2026-04-05 04:00:00,2026,4,5,4,Sơn La,Xã Gia Phù,21.1792752,104.5565002,165,Unhealthy,3,20.7,85,0.0,0.9,281,929.7,95,112.2,121.5,541.0,6.3,100.0,3.9
2026-04-05 05:00:00,2026,4,5,5,Sơn La,Xã Gia Phù,21.1792752,104.5565002,166,Unhealthy,3,20.6,83,0.0,0.7,284,930.2,99,112.7,122.0,560.0,6.1,96.0,3.9
2026-04-05 06:00:00,2026,4,5,6,Sơn La,Xã Gia Phù,21.1792752,104.5565002,167,Unhealthy,3,20.4,83,0.0,0.2,360,930.8,98,112.5,122.9,598.0,6.3,92.0,4.3
2026-04-05 07:00:00,2026,4,5,7,Sơn La,Xã Gia Phù,21.1792752,104.5565002,167,Unhealthy,3,21.2,76,0.0,1.3,90,931.8,100,98.7,107.1,618.0,8.8,61.0,1.7
2026-04-05 08:00:00,2026,4,5,8,Sơn La,Xã Gia Phù,21.1792752,104.5565002,168,Unhealthy,3,22.1,78,0.0,2.3,129,932.8,100,93.8,104.5,605.0,6.9,92.0,3.4
2026-04-05 09:00:00,2026,4,5,9,Sơn La,Xã Gia Phù,21.1792752,104.5565002,168,Unhealthy,3,23.9,71,0.0,2.7,172,933.2,100,95.0,110.6,575.0,4.4,134.0,5.8
2026-04-05 10:00:00,2026,4,5,10,Sơn La,Xã Gia Phù,21.1792752,104.5565002,168,Unhealthy,3,25.9,64,0.0,4.1,182,933.0,99,102.2,123.4,539.0,2.4,164.0,7.5
2026-04-05 11:00:00,2026,4,5,11,Sơn La,Xã Gia Phù,21.1792752,104.5565002,169,Unhealthy,3,28.3,56,0.0,6.1,183,932.7,100,113.6,141.1,495.0,1.6,170.0,7.9
2026-04-05 12:00:00,2026,4,5,12,Sơn La,Xã Gia Phù,21.1792752,104.5565002,170,Unhealthy,3,32.6,38,0.0,11.1,241,931.7,96,107.8,132.7,444.0,1.3,163.0,7.5
2026-04-05 13:00:00,2026,4,5,13,Sơn La,Xã Gia Phù,21.1792752,104.5565002,171,Unhealthy,3,34.0,28,0.0,20.4,261,930.6,99,88.9,108.0,401.0,1.2,158.0,7.0
2026-04-05 14:00:00,2026,4,5,14,Sơn La,Xã Gia Phù,21.1792752,104.5565002,171,Unhealthy,3,33.9,29,0.0,19.9,264,929.8,98,76.6,92.0,367.0,1.2,158.0,6.4
2026-04-05 15:00:00,2026,4,5,15,Sơn La,Xã Gia Phù,21.1792752,104.5565002,171,Unhealthy,3,34.4,26,0.0,18.6,257,929.2,89,70.3,83.6,342.0,1.3,160.0,5.6
2026-04-05 16:00:00,2026,4,5,16,Sơn La,Xã Gia Phù,21.1792752,104.5565002,171,Unhealthy,3,34.3,24,0.0,16.8,258,928.6,94,67.8,79.4,338.0,1.7,160.0,5.1
2026-04-05 17:00:00,2026,4,5,17,Sơn La,Xã Gia Phù,21.1792752,104.5565002,171,Unhealthy,3,32.3,31,0.0,16.2,266,928.5,65,68.9,79.6,373.0,2.5,158.0,5.0
2026-04-05 18:00:00,2026,4,5,18,Sơn La,Xã Gia Phù,21.1792752,104.5565002,171,Unhealthy,3,29.4,40,0.0,6.6,244,928.1,45,71.7,82.7,430.0,3.5,155.0,5.3
2026-04-05 19:00:00,2026,4,5,19,Sơn La,Xã Gia Phù,21.1792752,104.5565002,171,Unhealthy,3,28.0,48,0.0,2.8,259,928.5,90,81.7,96.4,470.0,5.5,136.0,5.0
2026-04-05 20:00:00,2026,4,5,20,Sơn La,Xã Gia Phù,21.1792752,104.5565002,171,Unhealthy,3,27.0,52,0.0,3.4,270,928.9,79,84.1,99.9,471.0,6.1,130.0,5.1
2026-04-05 21:00:00,2026,4,5,21,Sơn La,Xã Gia Phù,21.1792752,104.5565002,171,Unhealthy,3,25.8,54,0.0,4.7,277,929.6,24,85.2,101.5,455.0,7.0,122.0,5.2
2026-04-05 22:00:00,2026,4,5,22,Sơn La,Xã Gia Phù,21.1792752,104.5565002,170,Unhealthy,3,25.1,53,0.0,5.8,284,930.3,4,86.6,103.6,444.0,7.7,114.0,5.2
2026-04-05 23:00:00,2026,4,5,23,Sơn La,Xã Gia Phù,21.1792752,104.5565002,170,Unhealthy,3,24.4,52,0.0,7.2,288,930.2,14,88.2,105.2,449.0,8.1,107.0,5.1
2026-04-06 00:00:00,2026,4,6,0,Sơn La,Xã Gia Phù,21.1792752,104.5565002,170,Unhealthy,3,23.7,52,0.0,7.5,285,929.8,12,90.1,107.1,458.0,8.3,100.0,5.0
2026-04-06 01:00:00,2026,4,6,1,Sơn La,Xã Gia Phù,21.1792752,104.5565002,170,Unhealthy,3,23.1,59,0.0,5.4,296,929.8,57,92.2,109.2,464.0,8.5,94.0,5.0
2026-04-06 02:00:00,2026,4,6,2,Sơn La,Xã Gia Phù,21.1792752,104.5565002,170,Unhealthy,3,22.7,60,0.0,4.9,276,929.5,98,94.3,111.5,455.0,8.7,88.0,5.1
2026-04-06 03:00:00,2026,4,6,3,Sơn La,Xã Gia Phù,21.1792752,104.5565002,169,Unhealthy,3,22.1,62,0.0,4.8,281,929.4,99,96.4,113.9,442.0,8.9,82.0,5.2
2026-04-06 04:00:00,2026,4,6,4,Sơn La,Xã Gia Phù,21.1792752,104.5565002,169,Unhealthy,3,21.9,63,0.0,5.0,285,929.7,48,98.5,116.2,447.0,9.2,78.0,5.4
2026-04-06 05:00:00,2026,4,6,5,Sơn La,Xã Gia Phù,21.1792752,104.5565002,169,Unhealthy,3,21.6,64,0.0,4.9,278,930.2,58,100.1,118.3,490.0,9.9,72.0,5.6
2026-04-06 06:00:00,2026,4,6,6,Sơn La,Xã Gia Phù,21.1792752,104.5565002,168,Unhealthy,3,21.4,65,0.0,5.2,282,930.7,78,101.7,120.1,552.0,10.6,66.0,5.8
2026-04-06 07:00:00,2026,4,6,7,Sơn La,Xã Gia Phù,21.1792752,104.5565002,168,Unhealthy,3,24.0,64,0.0,4.5,286,931.9,94,112.7,130.9,591.0,10.3,70.0,5.9
2026-04-06 08:00:00,2026,4,6,8,Sơn La,Xã Gia Phù,21.1792752,104.5565002,168,Unhealthy,3,26.6,56,0.0,5.9,250,933.2,9,113.4,128.1,591.0,7.7,101.0,6.4
2026-04-06 09:00:00,2026,4,6,9,Sơn La,Xã Gia Phù,21.1792752,104.5565002,169,Unhealthy,3,29.0,53,0.0,8.6,221,933.9,1,114.6,132.2,568.0,4.2,143.0,7.1
2026-04-06 10:00:00,2026,4,6,10,Sơn La,Xã Gia Phù,21.1792752,104.5565002,169,Unhealthy,3,31.5,44,0.0,13.9,234,934.0,1,102.0,123.4,535.0,1.6,173.0,7.4
2026-04-06 11:00:00,2026,4,6,11,Sơn La,Xã Gia Phù,21.1792752,104.5565002,169,Unhealthy,3,33.2,38,0.0,19.4,250,933.8,12,84.5,101.7,487.0,0.8,177.0,6.9
2026-04-06 12:00:00,2026,4,6,12,Sơn La,Xã Gia Phù,21.1792752,104.5565002,169,Unhealthy,3,34.4,32,0.0,21.1,259,933.3,17,67.3,79.6,428.0,1.0,168.0,6.0
2026-04-06 13:00:00,2026,4,6,13,Sơn La,Xã Gia Phù,21.1792752,104.5565002,168,Unhealthy,3,34.6,29,0.0,20.9,270,932.4,10,56.3,65.9,382.0,1.2,160.0,5.2
2026-04-06 14:00:00,2026,4,6,14,Sơn La,Xã Gia Phù,21.1792752,104.5565002,167,Unhealthy,3,34.8,26,0.0,22.8,265,931.8,4,50.8,58.8,356.0,1.2,160.0,4.7
2026-04-06 15:00:00,2026,4,6,15,Sơn La,Xã Gia Phù,21.1792752,104.5565002,166,Unhealthy,3,34.6,27,0.0,19.3,268,931.1,9,48.2,55.5,344.0,1.3,162.0,4.4
2026-04-06 16:00:00,2026,4,6,16,Sơn La,Xã Gia Phù,21.1792752,104.5565002,166,Unhealthy,3,34.2,28,0.0,17.5,266,930.5,2,47.6,54.5,344.0,1.7,161.0,4.2
2026-04-06 17:00:00,2026,4,6,17,Sơn La,Xã Gia Phù,21.1792752,104.5565002,165,Unhealthy,3,32.6,31,0.0,16.9,261,930.5,2,48.8,54.9,363.0,2.6,157.0,4.3
2026-04-06 18:00:00,2026,4,6,18,Sơn La,Xã Gia Phù,21.1792752,104.5565002,165,Unhealthy,3,30.6,37,0.0,14.5,259,930.5,0,50.9,57.0,395.0,3.9,150.0,4.5
2026-04-06 19:00:00,2026,4,6,19,Sơn La,Xã Gia Phù,21.1792752,104.5565002,165,Unhealthy,3,29.9,40,0.0,9.0,269,929.9,42,69.8,80.6,426.0,5.8,135.0,4.7
2026-04-06 20:00:00,2026,4,6,20,Sơn La,Xã Gia Phù,21.1792752,104.5565002,164,Unhealthy,3,28.9,43,0.0,8.3,266,930.4,48,75.7,88.5,452.0,6.2,134.0,5.0
2026-04-06 21:00:00,2026,4,6,21,Sơn La,Xã Gia Phù,21.1792752,104.5565002,164,Unhealthy,3,27.5,46,0.0,8.3,275,931.1,55,80.6,93.8,477.0,6.9,132.0,5.5
2026-04-06 22:00:00,2026,4,6,22,Sơn La,Xã Gia Phù,21.1792752,104.5565002,164,Unhealthy,3,26.3,47,0.0,8.7,283,931.4,47,84.5,98.0,496.0,7.5,128.0,5.9
2026-04-06 23:00:00,2026,4,6,23,Sơn La,Xã Gia Phù,21.1792752,104.5565002,164,Unhealthy,3,25.5,48,0.0,8.5,291,931.2,16,87.8,101.5,506.0,8.1,121.0,6.1
2026-04-07 00:00:00,2026,4,7,0,Sơn La,Xã Gia Phù,21.1792752,104.5565002,164,Unhealthy,3,24.9,49,0.0,8.2,284,931.1,47,90.3,104.3,509.0,8.8,112.0,6.1
2026-04-07 01:00:00,2026,4,7,1,Sơn La,Xã Gia Phù,21.1792752,104.5565002,164,Unhealthy,3,24.1,58,0.0,6.1,293,930.6,64,92.4,106.4,507.0,9.3,104.0,6.1
2026-04-07 02:00:00,2026,4,7,2,Sơn La,Xã Gia Phù,21.1792752,104.5565002,164,Unhealthy,3,23.9,57,0.0,7.2,284,930.3,91,93.8,108.0,492.0,9.6,98.0,6.1
2026-04-07 03:00:00,2026,4,7,3,Sơn La,Xã Gia Phù,21.1792752,104.5565002,164,Unhealthy,3,23.6,59,0.0,7.9,286,930.0,42,94.8,109.2,471.0,9.7,93.0,6.0
2026-04-07 04:00:00,2026,4,7,4,Sơn La,Xã Gia Phù,21.1792752,104.5565002,164,Unhealthy,3,23.4,60,0.0,7.6,285,930.4,1,95.2,109.9,465.0,9.8,90.0,6.0
2026-04-07 05:00:00,2026,4,7,5,Sơn La,Xã Gia Phù,21.1792752,104.5565002,164,Unhealthy,3,22.9,62,0.0,6.7,284,930.8,0,95.7,110.4,494.0,10.2,86.0,6.2
2026-04-07 06:00:00,2026,4,7,6,Sơn La,Xã Gia Phù,21.1792752,104.5565002,164,Unhealthy,3,22.6,63,0.0,6.8,287,931.4,0,96.2,110.8,539.0,10.5,83.0,6.4
2026-04-07 07:00:00,2026,4,7,7,Sơn La,Xã Gia Phù,21.1792752,104.5565002,164,Unhealthy,3,24.3,64,0.0,6.1,289,932.8,2,119.2,136.4,564.0,9.9,82.0,5.9
2026-04-07 08:00:00,2026,4,7,8,Sơn La,Xã Gia Phù,21.1792752,104.5565002,164,Unhealthy,3,27.1,58,0.0,6.9,256,934.1,0,115.9,129.0,550.0,7.5,106.0,5.8
2026-04-07 09:00:00,2026,4,7,9,Sơn La,Xã Gia Phù,21.1792752,104.5565002,164,Unhealthy,3,29.8,50,0.0,10.2,240,934.7,0,107.8,123.9,515.0,4.1,139.0,5.7
2026-04-07 10:00:00,2026,4,7,10,Sơn La,Xã Gia Phù,21.1792752,104.5565002,164,Unhealthy,3,32.1,41,0.0,18.8,250,935.3,2,90.8,109.0,478.0,1.6,163.0,5.4
2026-04-07 11:00:00,2026,4,7,11,Sơn La,Xã Gia Phù,21.1792752,104.5565002,163,Unhealthy,3,32.8,38,0.0,21.7,258,935.2,2,79.6,95.0,438.0,0.8,167.0,4.9
2026-04-07 12:00:00,2026,4,7,12,Sơn La,Xã Gia Phù,21.1792752,104.5565002,163,Unhealthy,3,33.8,34,0.0,20.1,258,934.6,13,74.3,88.0,396.0,1.0,161.0,4.3
2026-04-07 13:00:00,2026,4,7,13,Sơn La,Xã Gia Phù,21.1792752,104.5565002,163,Unhealthy,3,33.7,33,0.0,20.4,256,933.8,22,71.7,84.5,367.0,1.2,157.0,3.9
2026-04-07 14:00:00,2026,4,7,14,Sơn La,Xã Gia Phù,21.1792752,104.5565002,164,Unhealthy,3,34.0,32,0.0,19.6,270,932.8,6,70.3,82.4,359.0,1.2,159.0,3.7
2026-04-07 15:00:00,2026,4,7,15,Sơn La,Xã Gia Phù,21.1792752,104.5565002,164,Unhealthy,3,33.6,34,0.0,19.1,275,932.2,33,69.4,81.0,364.0,1.2,162.0,3.8
2026-04-07 16:00:00,2026,4,7,16,Sơn La,Xã Gia Phù,21.1792752,104.5565002,165,Unhealthy,3,32.9,35,0.0,16.7,256,931.8,42,68.9,80.1,377.0,1.8,162.0,3.9
2026-04-07 17:00:00,2026,4,7,17,Sơn La,Xã Gia Phù,21.1792752,104.5565002,165,Unhealthy,3,31.7,39,0.0,12.7,238,931.7,77,69.4,79.9,400.0,3.3,155.0,4.2
2026-04-07 18:00:00,2026,4,7,18,Sơn La,Xã Gia Phù,21.1792752,104.5565002,166,Unhealthy,3,29.7,43,0.0,7.4,248,931.7,77,71.0,81.7,431.0,5.3,145.0,4.6
2026-04-07 19:00:00,2026,4,7,19,Sơn La,Xã Gia Phù,21.1792752,104.5565002,166,Unhealthy,3,27.8,54,0.0,3.9,292,931.8,36,90.8,105.2,455.0,7.9,124.0,4.2
2026-04-07 20:00:00,2026,4,7,20,Sơn La,Xã Gia Phù,21.1792752,104.5565002,167,Unhealthy,3,27.0,55,0.0,5.6,295,932.0,37,93.8,109.0,466.0,8.8,118.0,4.7
2026-04-07 21:00:00,2026,4,7,21,Sơn La,Xã Gia Phù,21.1792752,104.5565002,167,Unhealthy,3,26.0,58,0.0,5.4,284,932.7,77,95.7,111.1,471.0,10.1,110.0,5.4
2026-04-07 22:00:00,2026,4,7,22,Sơn La,Xã Gia Phù,21.1792752,104.5565002,167,Unhealthy,3,25.1,60,0.0,5.7,283,933.0,45,97.6,113.4,475.0,11.2,102.0,5.9
2026-04-07 23:00:00,2026,4,7,23,Sơn La,Xã Gia Phù,21.1792752,104.5565002,168,Unhealthy,3,24.8,57,0.0,6.7,289,933.1,45,99.4,115.5,482.0,11.8,95.0,6.2
2026-04-08 00:00:00,2026,4,8,0,Sơn La,Xã Gia Phù,21.1792752,104.5565002,168,Unhealthy,3,24.3,60,0.0,7.3,287,933.1,4,101.3,117.6,489.0,12.1,89.0,6.3
2026-04-08 01:00:00,2026,4,8,1,Sơn La,Xã Gia Phù,21.1792752,104.5565002,168,Unhealthy,3,23.8,63,0.0,6.6,286,932.0,0,102.9,119.7,491.0,12.3,84.0,6.4
2026-04-08 02:00:00,2026,4,8,2,Sơn La,Xã Gia Phù,21.1792752,104.5565002,168,Unhealthy,3,23.9,62,0.0,7.8,278,931.8,7,104.8,121.5,482.0,12.2,81.0,6.5
2026-04-08 03:00:00,2026,4,8,3,Sơn La,Xã Gia Phù,21.1792752,104.5565002,169,Unhealthy,3,23.6,63,0.0,8.3,275,931.7,15,106.6,123.9,469.0,12.0,79.0,6.7
2026-04-08 04:00:00,2026,4,8,4,Sơn La,Xã Gia Phù,21.1792752,104.5565002,169,Unhealthy,3,22.6,67,0.0,6.3,277,931.9,0,108.3,125.7,470.0,11.7,79.0,6.8
2026-04-08 05:00:00,2026,4,8,5,Sơn La,Xã Gia Phù,21.1792752,104.5565002,169,Unhealthy,3,22.0,69,0.0,6.2,285,932.4,0,109.7,127.1,503.0,11.8,77.0,7.0
2026-04-08 06:00:00,2026,4,8,6,Sơn La,Xã Gia Phù,21.1792752,104.5565002,169,Unhealthy,3,21.7,71,0.0,6.2,285,932.8,0,110.8,128.5,551.0,11.8,76.0,7.2
2026-04-08 07:00:00,2026,4,8,7,Sơn La,Xã Gia Phù,21.1792752,104.5565002,170,Unhealthy,3,23.8,68,0.0,8.3,283,934.2,2,110.4,125.7,575.0,11.3,73.0,6.6
2026-04-08 08:00:00,2026,4,8,8,Sơn La,Xã Gia Phù,21.1792752,104.5565002,170,Unhealthy,3,26.5,62,0.0,8.3,252,935.5,5,106.4,116.6,554.0,8.4,100.0,6.2
2026-04-08 09:00:00,2026,4,8,9,Sơn La,Xã Gia Phù,21.1792752,104.5565002,169,Unhealthy,3,29.2,52,0.0,12.3,239,936.3,2,83.6,94.1,511.0,4.3,137.0,5.7
2026-04-08 10:00:00,2026,4,8,10,Sơn La,Xã Gia Phù,21.1792752,104.5565002,169,Unhealthy,3,31.1,41,0.0,16.9,247,936.5,0,70.3,79.6,471.0,1.4,164.0,5.3
2026-04-08 11:00:00,2026,4,8,11,Sơn La,Xã Gia Phù,21.1792752,104.5565002,168,Unhealthy,3,32.4,38,0.0,18.0,248,936.1,1,62.9,72.2,444.0,0.6,171.0,5.1
2026-04-08 12:00:00,2026,4,8,12,Sơn La,Xã Gia Phù,21.1792752,104.5565002,168,Unhealthy,3,33.0,35,0.0,18.6,257,935.5,24,58.6,67.3,422.0,0.9,167.0,4.9
2026-04-08 13:00:00,2026,4,8,13,Sơn La,Xã Gia Phù,21.1792752,104.5565002,168,Unhealthy,3,32.8,34,0.0,20.0,252,934.7,33,58.4,66.8,406.0,1.3,163.0,4.7
2026-04-08 14:00:00,2026,4,8,14,Sơn La,Xã Gia Phù,21.1792752,104.5565002,167,Unhealthy,3,32.1,35,0.0,18.7,262,933.7,24,57.6,65.7,399.0,1.2,163.0,4.4
2026-04-08 15:00:00,2026,4,8,15,Sơn La,Xã Gia Phù,21.1792752,104.5565002,167,Unhealthy,3,32.7,32,0.0,17.5,270,932.7,23,54.6,61.9,398.0,1.2,163.0,4.1
2026-04-08 16:00:00,2026,4,8,16,Sơn La,Xã Gia Phù,21.1792752,104.5565002,167,Unhealthy,3,32.9,29,0.0,16.4,255,932.0,2,51.8,59.0,398.0,1.8,159.0,3.9
2026-04-08 17:00:00,2026,4,8,17,Sơn La,Xã Gia Phù,21.1792752,104.5565002,166,Unhealthy,3,31.9,32,0.0,12.3,260,931.8,4,49.7,56.5,395.0,3.4,149.0,4.0
2026-04-08 18:00:00,2026,4,8,18,Sơn La,Xã Gia Phù,21.1792752,104.5565002,166,Unhealthy,3,30.2,34,0.0,14.0,271,931.8,2,49.6,56.2,393.0,5.6,137.0,4.3
2026-04-08 19:00:00,2026,4,8,19,Sơn La,Xã Gia Phù,21.1792752,104.5565002,165,Unhealthy,3,28.6,45,0.0,7.2,252,931.9,13,64.7,74.3,401.0,8.6,136.0,4.8
2026-04-08 20:00:00,2026,4,8,20,Sơn La,Xã Gia Phù,21.1792752,104.5565002,165,Unhealthy,3,27.7,49,0.0,3.8,262,932.5,43,66.4,76.1,432.0,9.4,131.0,5.3
2026-04-08 21:00:00,2026,4,8,21,Sơn La,Xã Gia Phù,21.1792752,104.5565002,164,Unhealthy,3,26.7,52,0.0,3.0,308,932.9,1,67.1,76.6,473.0,10.4,125.0,6.0
2026-04-08 22:00:00,2026,4,8,22,Sơn La,Xã Gia Phù,21.1792752,104.5565002,164,Unhealthy,3,25.3,55,0.0,4.6,283,933.2,2,67.5,76.6,497.0,11.1,120.0,6.6
2026-04-08 23:00:00,2026,4,8,23,Sơn La,Xã Gia Phù,21.1792752,104.5565002,163,Unhealthy,3,24.7,56,0.0,5.3,288,933.3,9,67.8,76.6,488.0,11.0,118.0,6.8
2026-04-09 00:00:00,2026,4,9,0,Sơn La,Xã Gia Phù,21.1792752,104.5565002,162,Unhealthy,3,24.3,56,0.0,5.6,285,933.1,1,68.0,76.4,462.0,10.6,118.0,6.8
2026-04-09 01:00:00,2026,4,9,1,Sơn La,Xã Gia Phù,21.1792752,104.5565002,162,Unhealthy,3,23.3,65,0.0,5.9,290,932.6,15,68.7,76.8,440.0,10.5,115.0,6.9
2026-04-09 02:00:00,2026,4,9,2,Sơn La,Xã Gia Phù,21.1792752,104.5565002,161,Unhealthy,3,22.9,63,0.0,5.4,274,932.2,4,69.8,77.8,424.0,11.2,108.0,7.0
2026-04-09 03:00:00,2026,4,9,3,Sơn La,Xã Gia Phù,21.1792752,104.5565002,160,Unhealthy,3,22.1,67,0.0,4.9,280,932.0,0,71.0,78.9,411.0,12.2,98.0,7.1
2026-04-09 04:00:00,2026,4,9,4,Sơn La,Xã Gia Phù,21.1792752,104.5565002,159,Unhealthy,3,21.8,68,0.0,4.7,279,932.0,2,71.9,79.6,417.0,12.9,92.0,7.3
2026-04-09 05:00:00,2026,4,9,5,Sơn La,Xã Gia Phù,21.1792752,104.5565002,158,Unhealthy,3,21.4,70,0.0,4.5,286,932.7,1,72.6,80.3,461.0,13.4,89.0,7.6
2026-04-09 06:00:00,2026,4,9,6,Sơn La,Xã Gia Phù,21.1792752,104.5565002,158,Unhealthy,3,20.9,73,0.0,4.7,263,933.2,0,73.6,81.0,524.0,13.5,88.0,7.9
2026-04-09 07:00:00,2026,4,9,7,Sơn La,Xã Gia Phù,21.1792752,104.5565002,157,Unhealthy,3,23.0,66,0.0,5.6,270,934.7,1,80.8,88.0,562.0,11.5,93.0,7.4
2026-04-09 08:00:00,2026,4,9,8,Sơn La,Xã Gia Phù,21.1792752,104.5565002,156,Unhealthy,3,24.6,63,0.0,6.0,243,936.1,1,76.8,81.5,554.0,8.5,110.0,6.3
2026-04-09 09:00:00,2026,4,9,9,Sơn La,Xã Gia Phù,21.1792752,104.5565002,156,Unhealthy,3,26.7,57,0.0,7.8,220,936.6,0,58.3,63.6,522.0,4.3,133.0,4.8
2026-04-09 10:00:00,2026,4,9,10,Sơn La,Xã Gia Phù,21.1792752,104.5565002,155,Unhealthy,3,29.0,49,0.0,10.8,228,936.8,6,47.4,52.6,486.0,1.2,149.0,3.6
2026-04-09 11:00:00,2026,4,9,11,Sơn La,Xã Gia Phù,21.1792752,104.5565002,154,Unhealthy,3,30.8,41,0.0,17.8,238,936.4,20,42.8,47.4,447.0,0.4,152.0,3.0
2026-04-09 12:00:00,2026,4,9,12,Sơn La,Xã Gia Phù,21.1792752,104.5565002,154,Unhealthy,3,31.0,41,0.0,19.3,255,935.9,20,39.5,43.4,405.0,0.7,148.0,2.7
2026-04-09 13:00:00,2026,4,9,13,Sơn La,Xã Gia Phù,21.1792752,104.5565002,154,Unhealthy,3,31.2,39,0.0,18.5,259,935.0,24,36.6,40.0,374.0,1.1,146.0,2.5
2026-04-09 14:00:00,2026,4,9,14,Sơn La,Xã Gia Phù,21.1792752,104.5565002,153,Unhealthy,3,31.1,38,0.0,20.8,266,934.1,18,35.5,38.8,361.0,1.1,150.0,2.4
2026-04-09 15:00:00,2026,4,9,15,Sơn La,Xã Gia Phù,21.1792752,104.5565002,153,Unhealthy,3,30.9,39,0.0,20.8,276,933.4,26,36.2,39.2,360.0,1.2,156.0,2.3
2026-04-09 16:00:00,2026,4,9,16,Sơn La,Xã Gia Phù,21.1792752,104.5565002,152,Unhealthy,3,30.3,40,0.0,19.2,278,932.9,30,37.4,40.3,370.0,1.7,159.0,2.4
2026-04-09 17:00:00,2026,4,9,17,Sơn La,Xã Gia Phù,21.1792752,104.5565002,152,Unhealthy,3,29.3,43,0.1,13.9,273,932.7,9,38.6,41.2,396.0,3.0,155.0,2.6
2026-04-09 18:00:00,2026,4,9,18,Sơn La,Xã Gia Phù,21.1792752,104.5565002,152,Unhealthy,3,28.0,45,0.0,8.8,272,932.3,5,39.8,42.3,434.0,4.6,147.0,3.0
2026-04-09 19:00:00,2026,4,9,19,Sơn La,Xã Gia Phù,21.1792752,104.5565002,151,Unhealthy,3,28.4,43,0.0,7.2,282,932.4,12,44.0,48.3,468.0,5.9,122.0,2.7
2026-04-09 20:00:00,2026,4,9,20,Sơn La,Xã Gia Phù,21.1792752,104.5565002,151,Unhealthy,3,26.4,49,0.0,6.1,268,932.6,10,44.5,49.1,498.0,6.6,119.0,3.1
2026-04-09 21:00:00,2026,4,9,21,Sơn La,Xã Gia Phù,21.1792752,104.5565002,151,Unhealthy,3,25.6,52,0.0,5.9,284,933.3,2,44.5,49.1,524.0,7.6,116.0,3.7
2026-04-09 22:00:00,2026,4,9,22,Sơn La,Xã Gia Phù,21.1792752,104.5565002,150,Unhealthy for Sensitive Groups,2,24.7,54,0.0,5.6,291,933.7,2,44.5,49.2,537.0,8.4,112.0,4.2
2026-04-09 23:00:00,2026,4,9,23,Sơn La,Xã Gia Phù,21.1792752,104.5565002,148,Unhealthy for Sensitive Groups,2,24.0,55,0.0,6.0,287,933.6,2,44.5,49.2,531.0,8.7,109.0,4.4
2026-04-10 00:00:00,2026,4,10,0,Sơn La,Xã Gia Phù,21.1792752,104.5565002,145,Unhealthy for Sensitive Groups,2,23.3,56,0.0,5.8,279,933.0,0,44.5,49.1,511.0,8.8,107.0,4.5
2026-04-10 01:00:00,2026,4,10,1,Sơn La,Xã Gia Phù,21.1792752,104.5565002,143,Unhealthy for Sensitive Groups,2,22.7,61,0.0,5.4,291,932.4,0,44.6,49.2,486.0,9.0,104.0,4.6
2026-04-10 02:00:00,2026,4,10,2,Sơn La,Xã Gia Phù,21.1792752,104.5565002,140,Unhealthy for Sensitive Groups,2,22.1,61,0.0,5.9,282,931.7,0,45.3,49.7,450.0,9.3,100.0,4.8
2026-04-10 03:00:00,2026,4,10,3,Sơn La,Xã Gia Phù,21.1792752,104.5565002,138,Unhealthy for Sensitive Groups,2,22.0,60,0.0,6.3,285,931.7,0,46.3,50.9,408.0,9.7,95.0,5.0
2026-04-10 04:00:00,2026,4,10,4,Sơn La,Xã Gia Phù,21.1792752,104.5565002,135,Unhealthy for Sensitive Groups,2,21.6,62,0.0,6.4,281,931.5,0,48.0,52.4,388.0,10.0,91.0,5.2
2026-04-10 05:00:00,2026,4,10,5,Sơn La,Xã Gia Phù,21.1792752,104.5565002,133,Unhealthy for Sensitive Groups,2,21.3,63,0.0,6.4,278,932.0,1,49.8,54.2,411.0,10.6,87.0,5.5
2026-04-10 06:00:00,2026,4,10,6,Sơn La,Xã Gia Phù,21.1792752,104.5565002,130,Unhealthy for Sensitive Groups,2,21.0,65,0.0,6.4,278,932.7,1,51.9,56.2,454.0,11.2,85.0,5.9
2026-04-10 07:00:00,2026,4,10,7,Sơn La,Xã Gia Phù,21.1792752,104.5565002,128,Unhealthy for Sensitive Groups,2,22.9,63,0.0,7.1,279,933.5,0,71.2,76.6,479.0,11.7,81.0,5.8
2026-04-10 08:00:00,2026,4,10,8,Sơn La,Xã Gia Phù,21.1792752,104.5565002,127,Unhealthy for Sensitive Groups,2,25.9,56,0.0,7.4,256,935.0,0,68.0,71.7,466.0,8.6,101.0,5.6
2026-04-10 09:00:00,2026,4,10,9,Sơn La,Xã Gia Phù,21.1792752,104.5565002,126,Unhealthy for Sensitive Groups,2,28.7,48,0.0,10.8,233,935.8,2,53.7,59.4,434.0,4.2,129.0,5.2
2026-04-10 10:00:00,2026,4,10,10,Sơn La,Xã Gia Phù,21.1792752,104.5565002,126,Unhealthy for Sensitive Groups,2,30.8,39,0.0,17.5,246,936.2,0,44.0,48.4,403.0,1.1,149.0,4.9
2026-04-10 11:00:00,2026,4,10,11,Sơn La,Xã Gia Phù,21.1792752,104.5565002,125,Unhealthy for Sensitive Groups,2,31.9,36,0.0,21.1,254,935.8,23,38.1,41.7,379.0,0.4,152.0,4.5
2026-04-10 12:00:00,2026,4,10,12,Sơn La,Xã Gia Phù,21.1792752,104.5565002,125,Unhealthy for Sensitive Groups,2,32.9,31,0.0,21.8,263,935.1,14,35.4,38.9,356.0,0.8,147.0,4.2
2026-04-10 13:00:00,2026,4,10,13,Sơn La,Xã Gia Phù,21.1792752,104.5565002,124,Unhealthy for Sensitive Groups,2,32.6,30,0.0,23.1,262,934.0,10,32.2,35.6,337.0,1.3,144.0,3.8
2026-04-10 14:00:00,2026,4,10,14,Sơn La,Xã Gia Phù,21.1792752,104.5565002,124,Unhealthy for Sensitive Groups,2,33.5,28,0.0,21.3,286,932.7,8,29.4,32.2,319.0,1.3,149.0,3.4
2026-04-10 15:00:00,2026,4,10,15,Sơn La,Xã Gia Phù,21.1792752,104.5565002,123,Unhealthy for Sensitive Groups,2,34.1,24,0.0,22.9,260,931.9,16,27.9,30.6,304.0,1.4,155.0,3.1
2026-04-10 16:00:00,2026,4,10,16,Sơn La,Xã Gia Phù,21.1792752,104.5565002,123,Unhealthy for Sensitive Groups,2,32.8,29,0.0,19.0,265,931.3,4,27.6,30.4,301.0,1.9,158.0,2.9
2026-04-10 17:00:00,2026,4,10,17,Sơn La,Xã Gia Phù,21.1792752,104.5565002,121,Unhealthy for Sensitive Groups,2,31.9,31,0.0,16.2,271,930.8,1,27.8,30.5,316.0,3.2,152.0,3.0
2026-04-10 18:00:00,2026,4,10,18,Sơn La,Xã Gia Phù,21.1792752,104.5565002,123,Unhealthy for Sensitive Groups,2,30.0,34,0.0,13.9,273,930.7,2,28.8,31.4,342.0,5.0,143.0,3.2
2026-04-10 19:00:00,2026,4,10,19,Sơn La,Xã Gia Phù,21.1792752,104.5565002,122,Unhealthy for Sensitive Groups,2,28.7,41,0.0,5.2,268,931.0,2,51.9,58.8,367.0,8.1,130.0,3.8
2026-04-10 20:00:00,2026,4,10,20,Sơn La,Xã Gia Phù,21.1792752,104.5565002,120,Unhealthy for Sensitive Groups,2,27.5,42,0.0,5.9,270,931.6,2,53.9,61.0,391.0,8.3,125.0,4.1
2026-04-10 21:00:00,2026,4,10,21,Sơn La,Xã Gia Phù,21.1792752,104.5565002,121,Unhealthy for Sensitive Groups,2,26.7,42,0.0,6.2,280,932.2,1,54.2,61.2,414.0,8.5,118.0,4.6
2026-04-10 22:00:00,2026,4,10,22,Sơn La,Xã Gia Phù,21.1792752,104.5565002,122,Unhealthy for Sensitive Groups,2,25.5,45,0.0,6.1,289,932.3,0,53.8,60.5,426.0,8.8,112.0,5.0
2026-04-10 23:00:00,2026,4,10,23,Sơn La,Xã Gia Phù,21.1792752,104.5565002,123,Unhealthy for Sensitive Groups,2,24.2,50,0.0,5.3,282,932.0,1,53.2,59.8,420.0,8.9,110.0,5.2
2026-04-11 00:00:00,2026,4,11,0,Sơn La,Xã Gia Phù,21.1792752,104.5565002,124,Unhealthy for Sensitive Groups,2,23.3,53,0.0,5.8,277,931.8,1,52.9,59.5,403.0,9.0,109.0,5.2
2026-04-11 01:00:00,2026,4,11,1,Sơn La,Xã Gia Phù,21.1792752,104.5565002,125,Unhealthy for Sensitive Groups,2,22.9,58,0.0,5.2,295,931.6,3,53.2,59.6,385.0,9.4,107.0,5.3
2026-04-11 02:00:00,2026,4,11,2,Sơn La,Xã Gia Phù,21.1792752,104.5565002,126,Unhealthy for Sensitive Groups,2,22.4,58,0.0,6.4,295,930.8,4,54.1,60.5,363.0,10.5,101.0,5.4
2026-04-11 03:00:00,2026,4,11,3,Sơn La,Xã Gia Phù,21.1792752,104.5565002,127,Unhealthy for Sensitive Groups,2,22.0,61,0.0,6.0,291,930.4,4,55.4,61.9,341.0,11.8,93.0,5.5
2026-04-11 04:00:00,2026,4,11,4,Sơn La,Xã Gia Phù,21.1792752,104.5565002,128,Unhealthy for Sensitive Groups,2,21.5,63,0.0,5.1,297,930.7,2,57.0,63.6,338.0,13.0,87.0,5.7
2026-04-11 05:00:00,2026,4,11,5,Sơn La,Xã Gia Phù,21.1792752,104.5565002,128,Unhealthy for Sensitive Groups,2,21.2,64,0.0,5.1,293,931.1,2,58.7,65.2,378.0,14.2,82.0,6.0
2026-04-11 06:00:00,2026,4,11,6,Sơn La,Xã Gia Phù,21.1792752,104.5565002,129,Unhealthy for Sensitive Groups,2,21.0,66,0.0,5.2,286,931.6,2,61.0,67.5,437.0,15.2,80.0,6.4
2026-04-11 07:00:00,2026,4,11,7,Sơn La,Xã Gia Phù,21.1792752,104.5565002,130,Unhealthy for Sensitive Groups,2,23.5,62,0.0,6.1,265,932.6,15,55.4,61.0,465.0,14.4,80.0,6.2
2026-04-11 08:00:00,2026,4,11,8,Sơn La,Xã Gia Phù,21.1792752,104.5565002,129,Unhealthy for Sensitive Groups,2,26.4,55,0.0,6.5,228,934.0,3,51.9,56.8,429.0,10.5,99.0,6.0
2026-04-11 09:00:00,2026,4,11,9,Sơn La,Xã Gia Phù,21.1792752,104.5565002,127,Unhealthy for Sensitive Groups,2,28.6,47,0.0,12.1,227,934.6,8,42.5,51.2,362.0,5.2,126.0,5.7
2026-04-11 10:00:00,2026,4,11,10,Sơn La,Xã Gia Phù,21.1792752,104.5565002,126,Unhealthy for Sensitive Groups,2,30.0,41,0.0,17.0,243,934.6,9,35.3,42.8,307.0,1.3,146.0,5.3
2026-04-11 11:00:00,2026,4,11,11,Sơn La,Xã Gia Phù,21.1792752,104.5565002,125,Unhealthy for Sensitive Groups,2,30.7,40,0.0,20.3,255,934.1,32,36.3,43.1,283.0,0.3,152.0,4.9
2026-04-11 12:00:00,2026,4,11,12,Sơn La,Xã Gia Phù,21.1792752,104.5565002,125,Unhealthy for Sensitive Groups,2,32.4,32,0.0,21.2,258,933.0,30,37.8,45.1,271.0,0.9,150.0,4.4
2026-04-11 13:00:00,2026,4,11,13,Sơn La,Xã Gia Phù,21.1792752,104.5565002,125,Unhealthy for Sensitive Groups,2,33.6,28,0.0,23.4,262,931.5,12,37.4,44.8,261.0,1.4,149.0,3.9
2026-04-11 14:00:00,2026,4,11,14,Sơn La,Xã Gia Phù,21.1792752,104.5565002,126,Unhealthy for Sensitive Groups,2,34.3,25,0.0,25.1,250,930.5,48,36.8,44.9,246.0,1.4,152.0,3.4
2026-04-11 15:00:00,2026,4,11,15,Sơn La,Xã Gia Phù,21.1792752,104.5565002,126,Unhealthy for Sensitive Groups,2,33.7,25,0.0,22.4,250,929.8,41,34.6,42.3,234.0,1.5,156.0,2.9
2026-04-11 16:00:00,2026,4,11,16,Sơn La,Xã Gia Phù,21.1792752,104.5565002,127,Unhealthy for Sensitive Groups,2,33.2,25,0.0,20.7,245,929.1,81,31.8,38.4,232.0,1.8,156.0,2.6
2026-04-11 17:00:00,2026,4,11,17,Sơn La,Xã Gia Phù,21.1792752,104.5565002,127,Unhealthy for Sensitive Groups,2,31.9,28,0.0,15.0,246,928.8,9,30.6,37.1,248.0,2.6,151.0,2.6
2026-04-11 18:00:00,2026,4,11,18,Sơn La,Xã Gia Phù,21.1792752,104.5565002,128,Unhealthy for Sensitive Groups,2,29.3,35,0.0,7.7,273,928.6,2,31.0,36.3,275.0,3.7,143.0,2.7
2026-04-11 19:00:00,2026,4,11,19,Sơn La,Xã Gia Phù,21.1792752,104.5565002,128,Unhealthy for Sensitive Groups,2,27.2,44,0.0,6.7,314,929.2,3,46.9,57.9,302.0,5.9,136.0,2.9
2026-04-11 20:00:00,2026,4,11,20,Sơn La,Xã Gia Phù,21.1792752,104.5565002,127,Unhealthy for Sensitive Groups,2,26.8,42,0.0,6.6,283,930.0,7,48.9,61.5,328.0,5.6,137.0,3.1
2026-04-11 21:00:00,2026,4,11,21,Sơn La,Xã Gia Phù,21.1792752,104.5565002,127,Unhealthy for Sensitive Groups,2,25.9,44,0.0,5.9,281,930.8,0,49.9,62.9,353.0,5.2,138.0,3.4
2026-04-11 22:00:00,2026,4,11,22,Sơn La,Xã Gia Phù,21.1792752,104.5565002,127,Unhealthy for Sensitive Groups,2,24.9,47,0.0,5.9,282,931.1,2,51.1,64.5,368.0,5.1,137.0,3.7
2026-04-11 23:00:00,2026,4,11,23,Sơn La,Xã Gia Phù,21.1792752,104.5565002,126,Unhealthy for Sensitive Groups,2,23.9,50,0.0,5.6,287,931.1,2,52.6,66.4,365.0,5.5,134.0,3.9
2026-04-12 00:00:00,2026,4,12,0,Sơn La,Xã Gia Phù,21.1792752,104.5565002,126,Unhealthy for Sensitive Groups,2,23.2,52,0.0,5.4,285,930.4,0,54.5,68.7,351.0,6.1,129.0,4.0
2026-04-12 01:00:00,2026,4,12,1,Sơn La,Xã Gia Phù,21.1792752,104.5565002,126,Unhealthy for Sensitive Groups,2,23.3,55,0.0,4.4,277,929.9,0,56.5,71.2,338.0,7.0,123.0,4.1
2026-04-12 02:00:00,2026,4,12,2,Sơn La,Xã Gia Phù,21.1792752,104.5565002,127,Unhealthy for Sensitive Groups,2,22.4,56,0.0,5.8,290,929.5,23,58.3,73.6,326.0,8.2,116.0,4.3
2026-04-12 03:00:00,2026,4,12,3,Sơn La,Xã Gia Phù,21.1792752,104.5565002,127,Unhealthy for Sensitive Groups,2,22.1,57,0.0,5.6,303,929.5,15,60.1,75.7,315.0,9.6,109.0,4.5
2026-04-12 04:00:00,2026,4,12,4,Sơn La,Xã Gia Phù,21.1792752,104.5565002,128,Unhealthy for Sensitive Groups,2,21.6,60,0.0,4.5,304,929.5,9,61.5,77.5,318.0,10.7,103.0,4.8
2026-04-12 05:00:00,2026,4,12,5,Sơn La,Xã Gia Phù,21.1792752,104.5565002,128,Unhealthy for Sensitive Groups,2,21.3,61,0.0,4.3,303,930.1,5,62.6,79.2,356.0,11.8,99.0,5.2
2026-04-12 06:00:00,2026,4,12,6,Sơn La,Xã Gia Phù,21.1792752,104.5565002,128,Unhealthy for Sensitive Groups,2,21.4,63,0.0,3.9,292,930.6,4,63.8,80.8,408.0,12.6,97.0,5.7
2026-04-12 07:00:00,2026,4,12,7,Sơn La,Xã Gia Phù,21.1792752,104.5565002,129,Unhealthy for Sensitive Groups,2,24.0,60,0.0,2.7,298,931.7,0,78.2,98.7,430.0,10.8,88.0,4.5
2026-04-12 08:00:00,2026,4,12,8,Sơn La,Xã Gia Phù,21.1792752,104.5565002,131,Unhealthy for Sensitive Groups,2,26.3,51,0.0,5.4,250,933.0,1,72.6,87.8,390.0,7.9,105.0,3.8
2026-04-12 09:00:00,2026,4,12,9,Sơn La,Xã Gia Phù,21.1792752,104.5565002,133,Unhealthy for Sensitive Groups,2,28.9,45,0.0,11.1,231,933.9,0,41.3,57.6,319.0,3.9,128.0,2.9
2026-04-12 10:00:00,2026,4,12,10,Sơn La,Xã Gia Phù,21.1792752,104.5565002,133,Unhealthy for Sensitive Groups,2,30.7,31,0.0,19.7,254,934.3,0,27.6,41.4,265.0,1.0,146.0,2.2
2026-04-12 11:00:00,2026,4,12,11,Sơn La,Xã Gia Phù,21.1792752,104.5565002,132,Unhealthy for Sensitive Groups,2,31.3,30,0.0,21.5,258,933.9,0,22.1,35.3,251.0,0.2,152.0,1.9
2026-04-12 12:00:00,2026,4,12,12,Sơn La,Xã Gia Phù,21.1792752,104.5565002,131,Unhealthy for Sensitive Groups,2,32.1,26,0.0,22.8,258,933.2,0,19.5,32.6,254.0,0.5,152.0,1.9
2026-04-12 13:00:00,2026,4,12,13,Sơn La,Xã Gia Phù,21.1792752,104.5565002,129,Unhealthy for Sensitive Groups,2,33.0,23,0.0,21.8,257,932.1,0,17.9,30.6,256.0,0.9,153.0,1.9
2026-04-12 14:00:00,2026,4,12,14,Sơn La,Xã Gia Phù,21.1792752,104.5565002,127,Unhealthy for Sensitive Groups,2,33.3,19,0.0,24.3,256,931.2,0,17.3,29.7,247.0,0.8,157.0,1.9
2026-04-12 15:00:00,2026,4,12,15,Sơn La,Xã Gia Phù,21.1792752,104.5565002,125,Unhealthy for Sensitive Groups,2,33.0,21,0.0,23.2,260,930.7,0,17.8,29.9,237.0,0.8,161.0,1.9
2026-04-12 16:00:00,2026,4,12,16,Sơn La,Xã Gia Phù,21.1792752,104.5565002,123,Unhealthy for Sensitive Groups,2,32.3,22,0.0,19.1,270,930.1,0,19.3,31.3,238.0,1.4,162.0,2.1
2026-04-12 17:00:00,2026,4,12,17,Sơn La,Xã Gia Phù,21.1792752,104.5565002,124,Unhealthy for Sensitive Groups,2,30.8,26,0.0,14.4,285,929.9,0,21.8,33.2,259.0,3.0,156.0,2.4
2026-04-12 18:00:00,2026,4,12,18,Sơn La,Xã Gia Phù,21.1792752,104.5565002,130,Unhealthy for Sensitive Groups,2,28.1,30,0.0,9.9,292,929.9,0,24.2,34.9,292.0,5.2,147.0,2.8
2026-04-12 19:00:00,2026,4,12,19,Sơn La,Xã Gia Phù,21.1792752,104.5565002,130,Unhealthy for Sensitive Groups,2,27.0,31,0.0,9.6,293,930.0,0,46.3,67.8,322.0,8.4,147.0,3.6
2026-04-12 20:00:00,2026,4,12,20,Sơn La,Xã Gia Phù,21.1792752,104.5565002,129,Unhealthy for Sensitive Groups,2,26.9,31,0.0,7.9,290,930.6,0,49.5,71.9,347.0,9.6,141.0,4.3
2026-04-12 21:00:00,2026,4,12,21,Sơn La,Xã Gia Phù,21.1792752,104.5565002,127,Unhealthy for Sensitive Groups,2,25.9,32,0.0,6.9,293,931.3,0,52.2,75.2,369.0,11.3,132.0,5.2
2026-04-12 22:00:00,2026,4,12,22,Sơn La,Xã Gia Phù,21.1792752,104.5565002,122,Unhealthy for Sensitive Groups,2,25.1,35,0.0,6.7,290,931.6,0,54.5,78.0,382.0,12.7,125.0,5.9
2026-04-12 23:00:00,2026,4,12,23,Sơn La,Xã Gia Phù,21.1792752,104.5565002,121,Unhealthy for Sensitive Groups,2,24.4,37,0.0,6.9,287,931.5,0,56.3,80.1,382.0,13.6,120.0,6.3
2026-04-13 00:00:00,2026,4,13,0,Sơn La,Xã Gia Phù,21.1792752,104.5565002,121,Unhealthy for Sensitive Groups,2,23.4,41,0.0,6.5,283,930.9,0,57.5,81.7,373.0,14.2,116.0,6.5
2026-04-13 01:00:00,2026,4,13,1,Sơn La,Xã Gia Phù,21.1792752,104.5565002,122,Unhealthy for Sensitive Groups,2,22.5,46,0.0,6.2,292,930.7,0,58.8,83.1,365.0,14.6,112.0,6.7
2026-04-13 02:00:00,2026,4,13,2,Sơn La,Xã Gia Phù,21.1792752,104.5565002,122,Unhealthy for Sensitive Groups,2,21.9,45,0.0,6.3,290,930.6,0,60.1,84.3,357.0,14.8,108.0,6.8
2026-04-13 03:00:00,2026,4,13,3,Sơn La,Xã Gia Phù,21.1792752,104.5565002,122,Unhealthy for Sensitive Groups,2,21.6,45,0.0,6.0,295,930.5,0,61.9,86.1,350.0,14.7,104.0,6.9
2026-04-13 04:00:00,2026,4,13,4,Sơn La,Xã Gia Phù,21.1792752,104.5565002,122,Unhealthy for Sensitive Groups,2,21.4,45,0.0,5.9,297,930.8,0,64.0,88.0,355.0,14.6,102.0,7.1
2026-04-13 05:00:00,2026,4,13,5,Sơn La,Xã Gia Phù,21.1792752,104.5565002,122,Unhealthy for Sensitive Groups,2,21.2,46,0.0,6.0,299,931.6,0,67.1,90.8,385.0,14.9,100.0,7.5
2026-04-13 06:00:00,2026,4,13,6,Sơn La,Xã Gia Phù,21.1792752,104.5565002,123,Unhealthy for Sensitive Groups,2,20.8,47,0.0,6.1,298,932.3,0,70.5,94.1,428.0,15.2,100.0,8.0
2026-04-13 07:00:00,2026,4,13,7,Sơn La,Xã Gia Phù,21.1792752,104.5565002,124,Unhealthy for Sensitive Groups,2,23.0,56,0.0,3.8,295,933.9,0,90.3,120.1,455.0,13.9,104.0,7.8
2026-04-13 08:00:00,2026,4,13,8,Sơn La,Xã Gia Phù,21.1792752,104.5565002,125,Unhealthy for Sensitive Groups,2,25.8,44,0.0,3.4,238,935.2,0,83.4,102.0,452.0,10.4,124.0,6.8
2026-04-13 09:00:00,2026,4,13,9,Sơn La,Xã Gia Phù,21.1792752,104.5565002,126,Unhealthy for Sensitive Groups,2,27.8,44,0.0,6.2,213,936.1,0,72.6,97.6,433.0,5.5,153.0,5.5
2026-04-13 10:00:00,2026,4,13,10,Sơn La,Xã Gia Phù,21.1792752,104.5565002,129,Unhealthy for Sensitive Groups,2,30.2,37,0.0,10.3,223,936.4,0,57.2,86.4,414.0,1.9,175.0,4.6
2026-04-13 11:00:00,2026,4,13,11,Sơn La,Xã Gia Phù,21.1792752,104.5565002,132,Unhealthy for Sensitive Groups,2,32.3,29,0.0,15.9,245,936.0,0,57.5,85.2,399.0,0.9,185.0,4.6
2026-04-13 12:00:00,2026,4,13,12,Sơn La,Xã Gia Phù,21.1792752,104.5565002,136,Unhealthy for Sensitive Groups,2,33.3,28,0.0,18.6,252,935.3,1,61.0,87.5,384.0,1.3,188.0,5.0
2026-04-13 13:00:00,2026,4,13,13,Sơn La,Xã Gia Phù,21.1792752,104.5565002,140,Unhealthy for Sensitive Groups,2,33.5,28,0.0,14.3,253,934.6,0,63.3,88.2,377.0,1.7,191.0,5.4
2026-04-13 14:00:00,2026,4,13,14,Sơn La,Xã Gia Phù,21.1792752,104.5565002,145,Unhealthy for Sensitive Groups,2,33.9,27,0.0,13.8,276,933.5,1,64.5,87.5,379.0,1.7,196.0,5.7
2026-04-13 15:00:00,2026,4,13,15,Sơn La,Xã Gia Phù,21.1792752,104.5565002,150,Unhealthy for Sensitive Groups,2,34.3,26,0.0,14.2,286,932.7,2,65.7,87.3,388.0,1.8,200.0,5.9
2026-04-13 16:00:00,2026,4,13,16,Sơn La,Xã Gia Phù,21.1792752,104.5565002,163,Unhealthy,3,33.7,27,0.0,11.7,280,932.1,2,67.1,86.8,406.0,2.5,200.0,6.2
2026-04-13 17:00:00,2026,4,13,17,Sơn La,Xã Gia Phù,21.1792752,104.5565002,175,Unhealthy,3,32.1,34,0.0,7.0,293,931.6,2,68.9,86.8,439.0,4.3,193.0,6.5
2026-04-13 18:00:00,2026,4,13,18,Sơn La,Xã Gia Phù,21.1792752,104.5565002,181,Unhealthy,3,28.9,39,0.0,5.9,293,931.7,2,72.2,90.8,481.0,6.7,181.0,6.7
2026-04-13 19:00:00,2026,4,13,19,Sơn La,Xã Gia Phù,21.1792752,104.5565002,182,Unhealthy,3,27.7,41,0.0,4.6,301,932.3,4,95.2,121.5,520.0,9.6,180.0,7.1
2026-04-13 20:00:00,2026,4,13,20,Sơn La,Xã Gia Phù,21.1792752,104.5565002,181,Unhealthy,3,27.1,42,0.0,3.6,307,932.7,0,99.7,127.1,556.0,10.0,175.0,7.4
2026-04-13 21:00:00,2026,4,13,21,Sơn La,Xã Gia Phù,21.1792752,104.5565002,179,Unhealthy,3,26.3,43,0.0,2.9,317,933.3,1,102.7,130.9,588.0,10.7,168.0,7.8
2026-04-13 22:00:00,2026,4,13,22,Sơn La,Xã Gia Phù,21.1792752,104.5565002,176,Unhealthy,3,25.6,44,0.0,2.8,320,933.9,0,105.9,134.6,603.0,11.3,161.0,8.2
2026-04-13 23:00:00,2026,4,13,23,Sơn La,Xã Gia Phù,21.1792752,104.5565002,170,Unhealthy,3,25.3,44,0.0,2.2,294,933.9,0,109.2,137.8,589.0,11.9,154.0,8.5
2026-04-14 00:00:00,2026,4,14,0,Sơn La,Xã Gia Phù,21.1792752,104.5565002,163,Unhealthy,3,24.4,46,0.0,3.9,283,933.4,0,111.5,140.6,558.0,12.5,147.0,8.7
2026-04-14 01:00:00,2026,4,14,1,Sơn La,Xã Gia Phù,21.1792752,104.5565002,161,Unhealthy,3,23.9,50,0.0,3.6,303,932.8,0,113.9,142.5,533.0,13.0,140.0,8.9
2026-04-14 02:00:00,2026,4,14,2,Sơn La,Xã Gia Phù,21.1792752,104.5565002,162,Unhealthy,3,23.2,51,0.0,3.1,298,932.3,0,116.2,144.8,523.0,13.4,134.0,9.2
2026-04-14 03:00:00,2026,4,14,3,Sơn La,Xã Gia Phù,21.1792752,104.5565002,163,Unhealthy,3,22.9,52,0.0,2.8,305,932.2,0,118.3,146.7,519.0,13.8,128.0,9.4
2026-04-14 04:00:00,2026,4,14,4,Sơn La,Xã Gia Phù,21.1792752,104.5565002,165,Unhealthy,3,22.8,52,0.0,1.7,302,932.4,0,120.6,148.5,521.0,14.2,123.0,9.7
2026-04-14 05:00:00,2026,4,14,5,Sơn La,Xã Gia Phù,21.1792752,104.5565002,166,Unhealthy,3,22.4,54,0.0,1.5,324,933.1,0,124.8,152.3,532.0,15.4,116.0,10.2
2026-04-14 06:00:00,2026,4,14,6,Sơn La,Xã Gia Phù,21.1792752,104.5565002,167,Unhealthy,3,22.4,55,0.0,1.3,326,933.8,0,128.5,155.5,550.0,16.7,110.0,10.7
2026-04-14 07:00:00,2026,4,14,7,Sơn La,Xã Gia Phù,21.1792752,104.5565002,168,Unhealthy,3,24.5,59,0.0,1.4,310,935.0,0,130.4,156.9,565.0,16.2,114.0,10.7
2026-04-14 08:00:00,2026,4,14,8,Sơn La,Xã Gia Phù,21.1792752,104.5565002,169,Unhealthy,3,25.8,48,0.0,0.4,153,936.1,0,122.5,142.0,578.0,12.4,139.0,9.8
2026-04-14 09:00:00,2026,4,14,9,Sơn La,Xã Gia Phù,21.1792752,104.5565002,170,Unhealthy,3,27.5,47,0.0,3.1,193,936.8,0,115.3,136.9,589.0,6.8,176.0,8.4
2026-04-14 10:00:00,2026,4,14,10,Sơn La,Xã Gia Phù,21.1792752,104.5565002,171,Unhealthy,3,29.4,45,0.0,6.4,198,937.1,0,93.8,116.9,583.0,2.7,201.0,7.2
2026-04-14 11:00:00,2026,4,14,11,Sơn La,Xã Gia Phù,21.1792752,104.5565002,172,Unhealthy,3,31.6,40,0.0,10.6,220,936.7,15,75.0,95.0,548.0,1.4,204.0,6.6
2026-04-14 12:00:00,2026,4,14,12,Sơn La,Xã Gia Phù,21.1792752,104.5565002,172,Unhealthy,3,32.8,34,0.0,16.8,242,935.9,14,67.8,85.7,496.0,1.4,197.0,6.3
2026-04-14 13:00:00,2026,4,14,13,Sơn La,Xã Gia Phù,21.1792752,104.5565002,172,Unhealthy,3,33.3,33,0.0,14.8,257,934.6,5,65.0,81.3,455.0,1.7,192.0,6.1
2026-04-14 14:00:00,2026,4,14,14,Sơn La,Xã Gia Phù,21.1792752,104.5565002,172,Unhealthy,3,33.9,32,0.0,14.6,257,933.3,5,62.4,77.1,431.0,1.7,197.0,5.9
2026-04-14 15:00:00,2026,4,14,15,Sơn La,Xã Gia Phù,21.1792752,104.5565002,172,Unhealthy,3,33.9,32,0.0,12.8,265,932.5,5,60.8,73.8,418.0,2.0,204.0,5.8
2026-04-14 16:00:00,2026,4,14,16,Sơn La,Xã Gia Phù,21.1792752,104.5565002,178,Unhealthy,3,33.8,33,0.0,8.1,274,931.7,12,60.8,72.9,420.0,2.9,207.0,5.8
